BAD cls=102 a=2 runclass=3 cand=1,1,1,1,1,-1,1,1 lemmafail=- {"sets": [[0, 1, 2, 5], [2, 3, 4, 5], [3, 4, 5]], "vals": [[1, 4, 8, 6], [8, 2, 3, 4], [2, 3, 4]]}
BAD cls=102 a=2 runclass=3 cand=1,1,1,1,1,-1,1,1 lemmafail=- {"sets": [[0, 1, 2, 5], [2, 3, 4, 5], [3, 4, 5]], "vals": [[1, 4, 8, 6], [8, 2, 4, 5], [2, 3, 4]]}
BAD cls=102 a=2 runclass=3 cand=1,1,1,1,1,-1,1,1 lemmafail=- {"sets": [[0, 1, 2, 5], [2, 3, 4, 5], [3, 4, 5]], "vals": [[2, 4, 10, 7], [8, 2, 3, 4], [2, 3, 4]]}
BAD cls=102 a=2 runclass=3 cand=1,1,1,1,1,-1,1,1 lemmafail=- {"sets": [[0, 1, 2, 5], [2, 3, 4, 5], [3, 4, 5]], "vals": [[2, 4, 10, 7], [8, 2, 4, 5], [2, 3, 4]]}
BAD cls=102 a=2 runclass=3 cand=1,1,1,1,1,-1,1,1 lemmafail=- {"sets": [[0, 1, 2, 5], [2, 3, 4, 5], [3, 4, 5]], "vals": [[3, 4, 10, 8], [8, 2, 3, 4], [2, 3, 4]]}
BAD cls=102 a=2 runclass=3 cand=1,1,1,1,1,-1,1,1 lemmafail=- {"sets": [[0, 1, 2, 5], [2, 3, 4, 5], [3, 4, 5]], "vals": [[3, 4, 10, 8], [8, 2, 4, 5], [2, 3, 4]]}
BAD cls=102 a=2 runclass=3 cand=1,1,1,1,1,-1,1,1 lemmafail=- {"sets": [[0, 1, 2, 5], [2, 3, 4, 5], [3, 4, 5]], "vals": [[4, 1, 8, 6], [8, 2, 3, 4], [2, 3, 4]]}
BAD cls=102 a=2 runclass=3 cand=1,1,1,1,1,-1,1,1 lemmafail=- {"sets": [[0, 1, 2, 5], [2, 3, 4, 5], [3, 4, 5]], "vals": [[4, 1, 8, 6], [8, 2, 4, 5], [2, 3, 4]]}
BAD cls=102 a=2 runclass=3 cand=1,1,1,1,1,-1,1,1 lemmafail=- {"sets": [[0, 1, 2, 5], [2, 3, 4, 5], [3, 4, 5]], "vals": [[4, 2, 10, 7], [8, 2, 3, 4], [2, 3, 4]]}
BAD cls=102 a=2 runclass=3 cand=1,1,1,1,1,-1,1,1 lemmafail=- {"sets": [[0, 1, 2, 5], [2, 3, 4, 5], [3, 4, 5]], "vals": [[4, 2, 10, 7], [8, 2, 4, 5], [2, 3, 4]]}
BAD cls=102 a=2 runclass=3 cand=1,1,1,1,1,-1,1,1 lemmafail=- {"sets": [[0, 1, 2, 5], [2, 3, 4, 5], [3, 4, 5]], "vals": [[4, 2, 8, 7], [8, 2, 3, 4], [2, 3, 4]]}
BAD cls=102 a=2 runclass=3 cand=1,1,1,1,1,-1,1,1 lemmafail=- {"sets": [[0, 1, 2, 5], [2, 3, 4, 5], [3, 4, 5]], "vals": [[4, 2, 8, 7], [8, 2, 4, 5], [2, 3, 4]]}
BAD cls=102 a=2 runclass=3 cand=1,1,1,1,1,-1,1,1 lemmafail=- {"sets": [[0, 1, 2, 5], [2, 3, 4, 5], [3, 4, 5]], "vals": [[4, 3, 10, 8], [8, 2, 3, 4], [2, 3, 4]]}
BAD cls=102 a=2 runclass=3 cand=1,1,1,1,1,-1,1,1 lemmafail=- {"sets": [[0, 1, 2, 5], [2, 3, 4, 5], [3, 4, 5]], "vals": [[4, 3, 10, 8], [8, 2, 4, 5], [2, 3, 4]]}
BAD cls=102 a=2 runclass=3 cand=1,1,1,1,1,-1,1,1 lemmafail=- {"sets": [[0, 1, 2, 5], [2, 3, 4, 5], [3, 4, 5]], "vals": [[1, 4, 8, 6], [8, 3, 2, 4], [2, 3, 4]]}
BAD cls=102 a=2 runclass=3 cand=1,1,1,1,1,-1,1,1 lemmafail=- {"sets": [[0, 1, 2, 5], [2, 3, 4, 5], [3, 4, 5]], "vals": [[1, 4, 8, 6], [8, 4, 2, 5], [2, 3, 4]]}
BAD cls=102 a=2 runclass=3 cand=1,1,1,1,1,-1,1,1 lemmafail=- {"sets": [[0, 1, 2, 5], [2, 3, 4, 5], [3, 4, 5]], "vals": [[2, 4, 10, 7], [8, 3, 2, 4], [2, 3, 4]]}
BAD cls=102 a=2 runclass=3 cand=1,1,1,1,1,-1,1,1 lemmafail=- {"sets": [[0, 1, 2, 5], [2, 3, 4, 5], [3, 4, 5]], "vals": [[2, 4, 10, 7], [8, 4, 2, 5], [2, 3, 4]]}
BAD cls=102 a=2 runclass=3 cand=1,1,1,1,1,-1,1,1 lemmafail=- {"sets": [[0, 1, 2, 5], [2, 3, 4, 5], [3, 4, 5]], "vals": [[3, 4, 10, 8], [8, 3, 2, 4], [2, 3, 4]]}
BAD cls=102 a=2 runclass=3 cand=1,1,1,1,1,-1,1,1 lemmafail=- {"sets": [[0, 1, 2, 5], [2, 3, 4, 5], [3, 4, 5]], "vals": [[3, 4, 10, 8], [8, 4, 2, 5], [2, 3, 4]]}
BAD cls=102 a=2 runclass=3 cand=1,1,1,1,1,-1,1,1 lemmafail=- {"sets": [[0, 1, 2, 5], [2, 3, 4, 5], [3, 4, 5]], "vals": [[4, 1, 8, 6], [8, 3, 2, 4], [2, 3, 4]]}
BAD cls=102 a=2 runclass=3 cand=1,1,1,1,1,-1,1,1 lemmafail=- {"sets": [[0, 1, 2, 5], [2, 3, 4, 5], [3, 4, 5]], "vals": [[4, 1, 8, 6], [8, 4, 2, 5], [2, 3, 4]]}
BAD cls=102 a=2 runclass=3 cand=1,1,1,1,1,-1,1,1 lemmafail=- {"sets": [[0, 1, 2, 5], [2, 3, 4, 5], [3, 4, 5]], "vals": [[4, 2, 10, 7], [8, 3, 2, 4], [2, 3, 4]]}
BAD cls=102 a=2 runclass=3 cand=1,1,1,1,1,-1,1,1 lemmafail=- {"sets": [[0, 1, 2, 5], [2, 3, 4, 5], [3, 4, 5]], "vals": [[4, 2, 10, 7], [8, 4, 2, 5], [2, 3, 4]]}
BAD cls=102 a=2 runclass=3 cand=1,1,1,1,1,-1,1,1 lemmafail=- {"sets": [[0, 1, 2, 5], [2, 3, 4, 5], [3, 4, 5]], "vals": [[4, 2, 8, 7], [8, 3, 2, 4], [2, 3, 4]]}
BAD cls=102 a=2 runclass=3 cand=1,1,1,1,1,-1,1,1 lemmafail=- {"sets": [[0, 1, 2, 5], [2, 3, 4, 5], [3, 4, 5]], "vals": [[4, 2, 8, 7], [8, 4, 2, 5], [2, 3, 4]]}
BAD cls=102 a=2 runclass=3 cand=1,1,1,1,1,-1,1,1 lemmafail=- {"sets": [[0, 1, 2, 5], [2, 3, 4, 5], [3, 4, 5]], "vals": [[4, 3, 10, 8], [8, 3, 2, 4], [2, 3, 4]]}
BAD cls=102 a=2 runclass=3 cand=1,1,1,1,1,-1,1,1 lemmafail=- {"sets": [[0, 1, 2, 5], [2, 3, 4, 5], [3, 4, 5]], "vals": [[4, 3, 10, 8], [8, 4, 2, 5], [2, 3, 4]]}
BAD cls=102 a=2 runclass=3 cand=1,1,1,1,1,-1,1,1 lemmafail=- {"sets": [[0, 1, 2, 5], [2, 3, 4, 5], [3, 4, 5]], "vals": [[1, 4, 8, 6], [8, 2, 3, 4], [3, 2, 4]]}
BAD cls=102 a=2 runclass=3 cand=1,1,1,1,1,-1,1,1 lemmafail=- {"sets": [[0, 1, 2, 5], [2, 3, 4, 5], [3, 4, 5]], "vals": [[1, 4, 8, 6], [8, 2, 4, 5], [3, 2, 4]]}
BAD cls=102 a=2 runclass=3 cand=1,1,1,1,1,-1,1,1 lemmafail=- {"sets": [[0, 1, 2, 5], [2, 3, 4, 5], [3, 4, 5]], "vals": [[2, 4, 10, 7], [8, 2, 3, 4], [3, 2, 4]]}
BAD cls=102 a=2 runclass=3 cand=1,1,1,1,1,-1,1,1 lemmafail=- {"sets": [[0, 1, 2, 5], [2, 3, 4, 5], [3, 4, 5]], "vals": [[2, 4, 10, 7], [8, 2, 4, 5], [3, 2, 4]]}
BAD cls=102 a=2 runclass=3 cand=1,1,1,1,1,-1,1,1 lemmafail=- {"sets": [[0, 1, 2, 5], [2, 3, 4, 5], [3, 4, 5]], "vals": [[3, 4, 10, 8], [8, 2, 3, 4], [3, 2, 4]]}
BAD cls=102 a=2 runclass=3 cand=1,1,1,1,1,-1,1,1 lemmafail=- {"sets": [[0, 1, 2, 5], [2, 3, 4, 5], [3, 4, 5]], "vals": [[3, 4, 10, 8], [8, 2, 4, 5], [3, 2, 4]]}
BAD cls=102 a=2 runclass=3 cand=1,1,1,1,1,-1,1,1 lemmafail=- {"sets": [[0, 1, 2, 5], [2, 3, 4, 5], [3, 4, 5]], "vals": [[4, 1, 8, 6], [8, 2, 3, 4], [3, 2, 4]]}
BAD cls=102 a=2 runclass=3 cand=1,1,1,1,1,-1,1,1 lemmafail=- {"sets": [[0, 1, 2, 5], [2, 3, 4, 5], [3, 4, 5]], "vals": [[4, 1, 8, 6], [8, 2, 4, 5], [3, 2, 4]]}
BAD cls=102 a=2 runclass=3 cand=1,1,1,1,1,-1,1,1 lemmafail=- {"sets": [[0, 1, 2, 5], [2, 3, 4, 5], [3, 4, 5]], "vals": [[4, 2, 10, 7], [8, 2, 3, 4], [3, 2, 4]]}
BAD cls=102 a=2 runclass=3 cand=1,1,1,1,1,-1,1,1 lemmafail=- {"sets": [[0, 1, 2, 5], [2, 3, 4, 5], [3, 4, 5]], "vals": [[4, 2, 10, 7], [8, 2, 4, 5], [3, 2, 4]]}
BAD cls=102 a=2 runclass=3 cand=1,1,1,1,1,-1,1,1 lemmafail=- {"sets": [[0, 1, 2, 5], [2, 3, 4, 5], [3, 4, 5]], "vals": [[4, 2, 8, 7], [8, 2, 3, 4], [3, 2, 4]]}
BAD cls=102 a=2 runclass=3 cand=1,1,1,1,1,-1,1,1 lemmafail=- {"sets": [[0, 1, 2, 5], [2, 3, 4, 5], [3, 4, 5]], "vals": [[4, 2, 8, 7], [8, 2, 4, 5], [3, 2, 4]]}
BAD cls=102 a=2 runclass=3 cand=1,1,1,1,1,-1,1,1 lemmafail=- {"sets": [[0, 1, 2, 5], [2, 3, 4, 5], [3, 4, 5]], "vals": [[4, 3, 10, 8], [8, 2, 3, 4], [3, 2, 4]]}
BAD cls=102 a=2 runclass=3 cand=1,1,1,1,1,-1,1,1 lemmafail=- {"sets": [[0, 1, 2, 5], [2, 3, 4, 5], [3, 4, 5]], "vals": [[4, 3, 10, 8], [8, 2, 4, 5], [3, 2, 4]]}
BAD cls=102 a=2 runclass=3 cand=1,1,1,1,1,-1,1,1 lemmafail=- {"sets": [[0, 1, 2, 5], [2, 3, 4, 5], [3, 4, 5]], "vals": [[1, 4, 8, 6], [8, 3, 2, 4], [3, 2, 4]]}
BAD cls=102 a=2 runclass=3 cand=1,1,1,1,1,-1,1,1 lemmafail=- {"sets": [[0, 1, 2, 5], [2, 3, 4, 5], [3, 4, 5]], "vals": [[1, 4, 8, 6], [8, 4, 2, 5], [3, 2, 4]]}
BAD cls=102 a=2 runclass=3 cand=1,1,1,1,1,-1,1,1 lemmafail=- {"sets": [[0, 1, 2, 5], [2, 3, 4, 5], [3, 4, 5]], "vals": [[2, 4, 10, 7], [8, 3, 2, 4], [3, 2, 4]]}
BAD cls=102 a=2 runclass=3 cand=1,1,1,1,1,-1,1,1 lemmafail=- {"sets": [[0, 1, 2, 5], [2, 3, 4, 5], [3, 4, 5]], "vals": [[2, 4, 10, 7], [8, 4, 2, 5], [3, 2, 4]]}
BAD cls=102 a=2 runclass=3 cand=1,1,1,1,1,-1,1,1 lemmafail=- {"sets": [[0, 1, 2, 5], [2, 3, 4, 5], [3, 4, 5]], "vals": [[3, 4, 10, 8], [8, 3, 2, 4], [3, 2, 4]]}
BAD cls=102 a=2 runclass=3 cand=1,1,1,1,1,-1,1,1 lemmafail=- {"sets": [[0, 1, 2, 5], [2, 3, 4, 5], [3, 4, 5]], "vals": [[3, 4, 10, 8], [8, 4, 2, 5], [3, 2, 4]]}
BAD cls=102 a=2 runclass=3 cand=1,1,1,1,1,-1,1,1 lemmafail=- {"sets": [[0, 1, 2, 5], [2, 3, 4, 5], [3, 4, 5]], "vals": [[4, 1, 8, 6], [8, 3, 2, 4], [3, 2, 4]]}
BAD cls=102 a=2 runclass=3 cand=1,1,1,1,1,-1,1,1 lemmafail=- {"sets": [[0, 1, 2, 5], [2, 3, 4, 5], [3, 4, 5]], "vals": [[4, 1, 8, 6], [8, 4, 2, 5], [3, 2, 4]]}
BAD cls=102 a=2 runclass=3 cand=1,1,1,1,1,-1,1,1 lemmafail=- {"sets": [[0, 1, 2, 5], [2, 3, 4, 5], [3, 4, 5]], "vals": [[4, 2, 10, 7], [8, 3, 2, 4], [3, 2, 4]]}
BAD cls=102 a=2 runclass=3 cand=1,1,1,1,1,-1,1,1 lemmafail=- {"sets": [[0, 1, 2, 5], [2, 3, 4, 5], [3, 4, 5]], "vals": [[4, 2, 10, 7], [8, 4, 2, 5], [3, 2, 4]]}
BAD cls=102 a=2 runclass=3 cand=1,1,1,1,1,-1,1,1 lemmafail=- {"sets": [[0, 1, 2, 5], [2, 3, 4, 5], [3, 4, 5]], "vals": [[4, 2, 8, 7], [8, 3, 2, 4], [3, 2, 4]]}
BAD cls=102 a=2 runclass=3 cand=1,1,1,1,1,-1,1,1 lemmafail=- {"sets": [[0, 1, 2, 5], [2, 3, 4, 5], [3, 4, 5]], "vals": [[4, 2, 8, 7], [8, 4, 2, 5], [3, 2, 4]]}
BAD cls=102 a=2 runclass=3 cand=1,1,1,1,1,-1,1,1 lemmafail=- {"sets": [[0, 1, 2, 5], [2, 3, 4, 5], [3, 4, 5]], "vals": [[4, 3, 10, 8], [8, 3, 2, 4], [3, 2, 4]]}
BAD cls=102 a=2 runclass=3 cand=1,1,1,1,1,-1,1,1 lemmafail=- {"sets": [[0, 1, 2, 5], [2, 3, 4, 5], [3, 4, 5]], "vals": [[4, 3, 10, 8], [8, 4, 2, 5], [3, 2, 4]]}
BAD cls=221 a=0 runclass=4 cand=2,2,2,2,2,1,2,2 lemmafail=- {"sets": [[0, 1, 4, 5], [2, 3, 4, 5], [2, 3, 4, 5]], "vals": [[1, 4, 6, 8], [3, 5, 7, 6], [2, 3, 4, 8]]}
BAD cls=221 a=1 runclass=4 cand=2,2,2,2,2,1,2,2 lemmafail=- {"sets": [[0, 1, 4, 5], [2, 3, 4, 5], [2, 3, 4, 5]], "vals": [[1, 4, 6, 8], [3, 5, 7, 6], [2, 3, 4, 8]]}
BAD cls=221 a=0 runclass=4 cand=2,2,2,2,2,1,2,2 lemmafail=- {"sets": [[0, 1, 4, 5], [2, 3, 4, 5], [2, 3, 4, 5]], "vals": [[1, 4, 6, 8], [3, 5, 7, 6], [2, 4, 5, 8]]}
BAD cls=221 a=1 runclass=4 cand=2,2,2,2,2,1,2,2 lemmafail=- {"sets": [[0, 1, 4, 5], [2, 3, 4, 5], [2, 3, 4, 5]], "vals": [[1, 4, 6, 8], [3, 5, 7, 6], [2, 4, 5, 8]]}
BAD cls=212 a=0 runclass=4 cand=1,1,1,1,1,2,1,1 lemmafail=- {"sets": [[0, 1, 4, 5], [2, 3, 4, 5], [2, 3, 4, 5]], "vals": [[1, 4, 8, 6], [2, 3, 8, 4], [3, 5, 6, 7]]}
BAD cls=212 a=2 runclass=4 cand=1,1,1,1,1,2,1,1 lemmafail=- {"sets": [[0, 1, 4, 5], [2, 3, 4, 5], [2, 3, 4, 5]], "vals": [[1, 4, 8, 6], [2, 3, 8, 4], [3, 5, 6, 7]]}
BAD cls=212 a=0 runclass=4 cand=1,1,1,1,1,2,1,1 lemmafail=- {"sets": [[0, 1, 4, 5], [2, 3, 4, 5], [2, 3, 4, 5]], "vals": [[1, 4, 8, 6], [2, 4, 8, 5], [3, 5, 6, 7]]}
BAD cls=212 a=2 runclass=4 cand=1,1,1,1,1,2,1,1 lemmafail=- {"sets": [[0, 1, 4, 5], [2, 3, 4, 5], [2, 3, 4, 5]], "vals": [[1, 4, 8, 6], [2, 4, 8, 5], [3, 5, 6, 7]]}
BAD cls=221 a=0 runclass=4 cand=2,2,2,2,2,1,2,2 lemmafail=- {"sets": [[0, 1, 4, 5], [2, 3, 4, 5], [2, 3, 4, 5]], "vals": [[4, 1, 6, 8], [3, 5, 7, 6], [2, 3, 4, 8]]}
BAD cls=221 a=1 runclass=4 cand=2,2,2,2,2,1,2,2 lemmafail=- {"sets": [[0, 1, 4, 5], [2, 3, 4, 5], [2, 3, 4, 5]], "vals": [[4, 1, 6, 8], [3, 5, 7, 6], [2, 3, 4, 8]]}
BAD cls=221 a=0 runclass=4 cand=2,2,2,2,2,1,2,2 lemmafail=- {"sets": [[0, 1, 4, 5], [2, 3, 4, 5], [2, 3, 4, 5]], "vals": [[4, 1, 6, 8], [3, 5, 7, 6], [2, 4, 5, 8]]}
BAD cls=221 a=1 runclass=4 cand=2,2,2,2,2,1,2,2 lemmafail=- {"sets": [[0, 1, 4, 5], [2, 3, 4, 5], [2, 3, 4, 5]], "vals": [[4, 1, 6, 8], [3, 5, 7, 6], [2, 4, 5, 8]]}
BAD cls=212 a=0 runclass=4 cand=1,1,1,1,1,2,1,1 lemmafail=- {"sets": [[0, 1, 4, 5], [2, 3, 4, 5], [2, 3, 4, 5]], "vals": [[4, 1, 8, 6], [2, 3, 8, 4], [3, 5, 6, 7]]}
BAD cls=212 a=2 runclass=4 cand=1,1,1,1,1,2,1,1 lemmafail=- {"sets": [[0, 1, 4, 5], [2, 3, 4, 5], [2, 3, 4, 5]], "vals": [[4, 1, 8, 6], [2, 3, 8, 4], [3, 5, 6, 7]]}
BAD cls=212 a=0 runclass=4 cand=1,1,1,1,1,2,1,1 lemmafail=- {"sets": [[0, 1, 4, 5], [2, 3, 4, 5], [2, 3, 4, 5]], "vals": [[4, 1, 8, 6], [2, 4, 8, 5], [3, 5, 6, 7]]}
BAD cls=212 a=2 runclass=4 cand=1,1,1,1,1,2,1,1 lemmafail=- {"sets": [[0, 1, 4, 5], [2, 3, 4, 5], [2, 3, 4, 5]], "vals": [[4, 1, 8, 6], [2, 4, 8, 5], [3, 5, 6, 7]]}
BAD cls=221 a=0 runclass=4 cand=2,2,2,2,2,1,2,2 lemmafail=- {"sets": [[0, 1, 4, 5], [2, 3, 4, 5], [2, 3, 4, 5]], "vals": [[1, 4, 6, 8], [2, 7, 8, 4], [2, 3, 4, 8]]}
BAD cls=221 a=1 runclass=4 cand=2,2,2,2,2,1,2,2 lemmafail=- {"sets": [[0, 1, 4, 5], [2, 3, 4, 5], [2, 3, 4, 5]], "vals": [[1, 4, 6, 8], [2, 7, 8, 4], [2, 3, 4, 8]]}
BAD cls=221 a=0 runclass=4 cand=2,2,2,2,2,1,2,2 lemmafail=- {"sets": [[0, 1, 4, 5], [2, 3, 4, 5], [2, 3, 4, 5]], "vals": [[1, 4, 6, 8], [2, 7, 8, 4], [2, 4, 5, 8]]}
BAD cls=221 a=1 runclass=4 cand=2,2,2,2,2,1,2,2 lemmafail=- {"sets": [[0, 1, 4, 5], [2, 3, 4, 5], [2, 3, 4, 5]], "vals": [[1, 4, 6, 8], [2, 7, 8, 4], [2, 4, 5, 8]]}
BAD cls=221 a=0 runclass=4 cand=2,2,2,2,2,1,2,2 lemmafail=- {"sets": [[0, 1, 4, 5], [2, 3, 4, 5], [2, 3, 4, 5]], "vals": [[4, 1, 6, 8], [2, 7, 8, 4], [2, 3, 4, 8]]}
BAD cls=221 a=1 runclass=4 cand=2,2,2,2,2,1,2,2 lemmafail=- {"sets": [[0, 1, 4, 5], [2, 3, 4, 5], [2, 3, 4, 5]], "vals": [[4, 1, 6, 8], [2, 7, 8, 4], [2, 3, 4, 8]]}
BAD cls=221 a=0 runclass=4 cand=2,2,2,2,2,1,2,2 lemmafail=- {"sets": [[0, 1, 4, 5], [2, 3, 4, 5], [2, 3, 4, 5]], "vals": [[4, 1, 6, 8], [2, 7, 8, 4], [2, 4, 5, 8]]}
BAD cls=221 a=1 runclass=4 cand=2,2,2,2,2,1,2,2 lemmafail=- {"sets": [[0, 1, 4, 5], [2, 3, 4, 5], [2, 3, 4, 5]], "vals": [[4, 1, 6, 8], [2, 7, 8, 4], [2, 4, 5, 8]]}
BAD cls=221 a=0 runclass=4 cand=2,2,2,2,2,1,2,2 lemmafail=- {"sets": [[0, 1, 4, 5], [2, 3, 4, 5], [2, 3, 4, 5]], "vals": [[1, 4, 6, 8], [5, 3, 7, 6], [2, 3, 4, 8]]}
BAD cls=221 a=1 runclass=4 cand=2,2,2,2,2,1,2,2 lemmafail=- {"sets": [[0, 1, 4, 5], [2, 3, 4, 5], [2, 3, 4, 5]], "vals": [[1, 4, 6, 8], [5, 3, 7, 6], [2, 3, 4, 8]]}
BAD cls=221 a=0 runclass=4 cand=2,2,2,2,2,1,2,2 lemmafail=- {"sets": [[0, 1, 4, 5], [2, 3, 4, 5], [2, 3, 4, 5]], "vals": [[1, 4, 6, 8], [5, 3, 7, 6], [2, 4, 5, 8]]}
BAD cls=221 a=1 runclass=4 cand=2,2,2,2,2,1,2,2 lemmafail=- {"sets": [[0, 1, 4, 5], [2, 3, 4, 5], [2, 3, 4, 5]], "vals": [[1, 4, 6, 8], [5, 3, 7, 6], [2, 4, 5, 8]]}
BAD cls=212 a=0 runclass=4 cand=1,1,1,1,1,2,1,1 lemmafail=- {"sets": [[0, 1, 4, 5], [2, 3, 4, 5], [2, 3, 4, 5]], "vals": [[1, 4, 8, 6], [3, 2, 8, 4], [3, 5, 6, 7]]}
BAD cls=212 a=2 runclass=4 cand=1,1,1,1,1,2,1,1 lemmafail=- {"sets": [[0, 1, 4, 5], [2, 3, 4, 5], [2, 3, 4, 5]], "vals": [[1, 4, 8, 6], [3, 2, 8, 4], [3, 5, 6, 7]]}
BAD cls=212 a=0 runclass=4 cand=1,1,1,1,1,2,1,1 lemmafail=- {"sets": [[0, 1, 4, 5], [2, 3, 4, 5], [2, 3, 4, 5]], "vals": [[1, 4, 8, 6], [4, 2, 8, 5], [3, 5, 6, 7]]}
BAD cls=212 a=2 runclass=4 cand=1,1,1,1,1,2,1,1 lemmafail=- {"sets": [[0, 1, 4, 5], [2, 3, 4, 5], [2, 3, 4, 5]], "vals": [[1, 4, 8, 6], [4, 2, 8, 5], [3, 5, 6, 7]]}
BAD cls=221 a=0 runclass=4 cand=2,2,2,2,2,1,2,2 lemmafail=- {"sets": [[0, 1, 4, 5], [2, 3, 4, 5], [2, 3, 4, 5]], "vals": [[4, 1, 6, 8], [5, 3, 7, 6], [2, 3, 4, 8]]}
BAD cls=221 a=1 runclass=4 cand=2,2,2,2,2,1,2,2 lemmafail=- {"sets": [[0, 1, 4, 5], [2, 3, 4, 5], [2, 3, 4, 5]], "vals": [[4, 1, 6, 8], [5, 3, 7, 6], [2, 3, 4, 8]]}
BAD cls=221 a=0 runclass=4 cand=2,2,2,2,2,1,2,2 lemmafail=- {"sets": [[0, 1, 4, 5], [2, 3, 4, 5], [2, 3, 4, 5]], "vals": [[4, 1, 6, 8], [5, 3, 7, 6], [2, 4, 5, 8]]}
BAD cls=221 a=1 runclass=4 cand=2,2,2,2,2,1,2,2 lemmafail=- {"sets": [[0, 1, 4, 5], [2, 3, 4, 5], [2, 3, 4, 5]], "vals": [[4, 1, 6, 8], [5, 3, 7, 6], [2, 4, 5, 8]]}
BAD cls=212 a=0 runclass=4 cand=1,1,1,1,1,2,1,1 lemmafail=- {"sets": [[0, 1, 4, 5], [2, 3, 4, 5], [2, 3, 4, 5]], "vals": [[4, 1, 8, 6], [3, 2, 8, 4], [3, 5, 6, 7]]}
BAD cls=212 a=2 runclass=4 cand=1,1,1,1,1,2,1,1 lemmafail=- {"sets": [[0, 1, 4, 5], [2, 3, 4, 5], [2, 3, 4, 5]], "vals": [[4, 1, 8, 6], [3, 2, 8, 4], [3, 5, 6, 7]]}
BAD cls=212 a=0 runclass=4 cand=1,1,1,1,1,2,1,1 lemmafail=- {"sets": [[0, 1, 4, 5], [2, 3, 4, 5], [2, 3, 4, 5]], "vals": [[4, 1, 8, 6], [4, 2, 8, 5], [3, 5, 6, 7]]}
BAD cls=212 a=2 runclass=4 cand=1,1,1,1,1,2,1,1 lemmafail=- {"sets": [[0, 1, 4, 5], [2, 3, 4, 5], [2, 3, 4, 5]], "vals": [[4, 1, 8, 6], [4, 2, 8, 5], [3, 5, 6, 7]]}
BAD cls=221 a=0 runclass=4 cand=2,2,2,2,2,1,2,2 lemmafail=- {"sets": [[0, 1, 4, 5], [2, 3, 4, 5], [2, 3, 4, 5]], "vals": [[1, 4, 6, 8], [4, 5, 8, 2], [2, 3, 4, 8]]}
BAD cls=221 a=1 runclass=4 cand=2,2,2,2,2,1,2,2 lemmafail=- {"sets": [[0, 1, 4, 5], [2, 3, 4, 5], [2, 3, 4, 5]], "vals": [[1, 4, 6, 8], [4, 5, 8, 2], [2, 3, 4, 8]]}
BAD cls=221 a=0 runclass=4 cand=2,2,2,2,2,1,2,2 lemmafail=- {"sets": [[0, 1, 4, 5], [2, 3, 4, 5], [2, 3, 4, 5]], "vals": [[1, 4, 6, 8], [4, 5, 8, 2], [2, 4, 5, 8]]}
BAD cls=221 a=1 runclass=4 cand=2,2,2,2,2,1,2,2 lemmafail=- {"sets": [[0, 1, 4, 5], [2, 3, 4, 5], [2, 3, 4, 5]], "vals": [[1, 4, 6, 8], [4, 5, 8, 2], [2, 4, 5, 8]]}
BAD cls=221 a=0 runclass=4 cand=2,2,2,2,2,1,2,2 lemmafail=- {"sets": [[0, 1, 4, 5], [2, 3, 4, 5], [2, 3, 4, 5]], "vals": [[4, 1, 6, 8], [4, 5, 8, 2], [2, 3, 4, 8]]}
BAD cls=221 a=1 runclass=4 cand=2,2,2,2,2,1,2,2 lemmafail=- {"sets": [[0, 1, 4, 5], [2, 3, 4, 5], [2, 3, 4, 5]], "vals": [[4, 1, 6, 8], [4, 5, 8, 2], [2, 3, 4, 8]]}
BAD cls=221 a=0 runclass=4 cand=2,2,2,2,2,1,2,2 lemmafail=- {"sets": [[0, 1, 4, 5], [2, 3, 4, 5], [2, 3, 4, 5]], "vals": [[4, 1, 6, 8], [4, 5, 8, 2], [2, 4, 5, 8]]}
BAD cls=221 a=1 runclass=4 cand=2,2,2,2,2,1,2,2 lemmafail=- {"sets": [[0, 1, 4, 5], [2, 3, 4, 5], [2, 3, 4, 5]], "vals": [[4, 1, 6, 8], [4, 5, 8, 2], [2, 4, 5, 8]]}
BAD cls=221 a=0 runclass=4 cand=2,2,2,2,2,1,2,2 lemmafail=- {"sets": [[0, 1, 4, 5], [2, 3, 4, 5], [2, 3, 4, 5]], "vals": [[1, 4, 6, 8], [6, 3, 7, 5], [2, 3, 4, 8]]}
BAD cls=221 a=1 runclass=4 cand=2,2,2,2,2,1,2,2 lemmafail=- {"sets": [[0, 1, 4, 5], [2, 3, 4, 5], [2, 3, 4, 5]], "vals": [[1, 4, 6, 8], [6, 3, 7, 5], [2, 3, 4, 8]]}
BAD cls=221 a=0 runclass=4 cand=2,2,2,2,2,1,2,2 lemmafail=- {"sets": [[0, 1, 4, 5], [2, 3, 4, 5], [2, 3, 4, 5]], "vals": [[1, 4, 6, 8], [6, 3, 7, 5], [2, 4, 5, 8]]}
BAD cls=221 a=1 runclass=4 cand=2,2,2,2,2,1,2,2 lemmafail=- {"sets": [[0, 1, 4, 5], [2, 3, 4, 5], [2, 3, 4, 5]], "vals": [[1, 4, 6, 8], [6, 3, 7, 5], [2, 4, 5, 8]]}
BAD cls=221 a=0 runclass=4 cand=2,2,2,2,2,1,2,2 lemmafail=- {"sets": [[0, 1, 4, 5], [2, 3, 4, 5], [2, 3, 4, 5]], "vals": [[4, 1, 6, 8], [6, 3, 7, 5], [2, 3, 4, 8]]}
BAD cls=221 a=1 runclass=4 cand=2,2,2,2,2,1,2,2 lemmafail=- {"sets": [[0, 1, 4, 5], [2, 3, 4, 5], [2, 3, 4, 5]], "vals": [[4, 1, 6, 8], [6, 3, 7, 5], [2, 3, 4, 8]]}
BAD cls=221 a=0 runclass=4 cand=2,2,2,2,2,1,2,2 lemmafail=- {"sets": [[0, 1, 4, 5], [2, 3, 4, 5], [2, 3, 4, 5]], "vals": [[4, 1, 6, 8], [6, 3, 7, 5], [2, 4, 5, 8]]}
BAD cls=221 a=1 runclass=4 cand=2,2,2,2,2,1,2,2 lemmafail=- {"sets": [[0, 1, 4, 5], [2, 3, 4, 5], [2, 3, 4, 5]], "vals": [[4, 1, 6, 8], [6, 3, 7, 5], [2, 4, 5, 8]]}
BAD cls=221 a=0 runclass=4 cand=2,2,2,2,2,1,2,2 lemmafail=- {"sets": [[0, 1, 4, 5], [2, 3, 4, 5], [2, 3, 4, 5]], "vals": [[1, 4, 6, 8], [5, 4, 8, 2], [2, 3, 4, 8]]}
BAD cls=221 a=1 runclass=4 cand=2,2,2,2,2,1,2,2 lemmafail=- {"sets": [[0, 1, 4, 5], [2, 3, 4, 5], [2, 3, 4, 5]], "vals": [[1, 4, 6, 8], [5, 4, 8, 2], [2, 3, 4, 8]]}
BAD cls=221 a=0 runclass=4 cand=2,2,2,2,2,1,2,2 lemmafail=- {"sets": [[0, 1, 4, 5], [2, 3, 4, 5], [2, 3, 4, 5]], "vals": [[1, 4, 6, 8], [5, 4, 8, 2], [2, 4, 5, 8]]}
BAD cls=221 a=1 runclass=4 cand=2,2,2,2,2,1,2,2 lemmafail=- {"sets": [[0, 1, 4, 5], [2, 3, 4, 5], [2, 3, 4, 5]], "vals": [[1, 4, 6, 8], [5, 4, 8, 2], [2, 4, 5, 8]]}
BAD cls=221 a=0 runclass=4 cand=2,2,2,2,2,1,2,2 lemmafail=- {"sets": [[0, 1, 4, 5], [2, 3, 4, 5], [2, 3, 4, 5]], "vals": [[4, 1, 6, 8], [5, 4, 8, 2], [2, 3, 4, 8]]}
BAD cls=221 a=1 runclass=4 cand=2,2,2,2,2,1,2,2 lemmafail=- {"sets": [[0, 1, 4, 5], [2, 3, 4, 5], [2, 3, 4, 5]], "vals": [[4, 1, 6, 8], [5, 4, 8, 2], [2, 3, 4, 8]]}
BAD cls=221 a=0 runclass=4 cand=2,2,2,2,2,1,2,2 lemmafail=- {"sets": [[0, 1, 4, 5], [2, 3, 4, 5], [2, 3, 4, 5]], "vals": [[4, 1, 6, 8], [5, 4, 8, 2], [2, 4, 5, 8]]}
BAD cls=221 a=1 runclass=4 cand=2,2,2,2,2,1,2,2 lemmafail=- {"sets": [[0, 1, 4, 5], [2, 3, 4, 5], [2, 3, 4, 5]], "vals": [[4, 1, 6, 8], [5, 4, 8, 2], [2, 4, 5, 8]]}
BAD cls=212 a=0 runclass=4 cand=1,1,1,1,1,2,1,1 lemmafail=- {"sets": [[0, 1, 4, 5], [2, 3, 4, 5], [2, 3, 4, 5]], "vals": [[1, 4, 6, 8], [2, 3, 4, 8], [3, 5, 7, 6]]}
BAD cls=212 a=2 runclass=4 cand=1,1,1,1,1,2,1,1 lemmafail=- {"sets": [[0, 1, 4, 5], [2, 3, 4, 5], [2, 3, 4, 5]], "vals": [[1, 4, 6, 8], [2, 3, 4, 8], [3, 5, 7, 6]]}
BAD cls=212 a=0 runclass=4 cand=1,1,1,1,1,2,1,1 lemmafail=- {"sets": [[0, 1, 4, 5], [2, 3, 4, 5], [2, 3, 4, 5]], "vals": [[1, 4, 6, 8], [2, 4, 5, 8], [3, 5, 7, 6]]}
BAD cls=212 a=2 runclass=4 cand=1,1,1,1,1,2,1,1 lemmafail=- {"sets": [[0, 1, 4, 5], [2, 3, 4, 5], [2, 3, 4, 5]], "vals": [[1, 4, 6, 8], [2, 4, 5, 8], [3, 5, 7, 6]]}
BAD cls=221 a=0 runclass=4 cand=2,2,2,2,2,1,2,2 lemmafail=- {"sets": [[0, 1, 4, 5], [2, 3, 4, 5], [2, 3, 4, 5]], "vals": [[1, 4, 8, 6], [3, 5, 6, 7], [2, 3, 8, 4]]}
BAD cls=221 a=1 runclass=4 cand=2,2,2,2,2,1,2,2 lemmafail=- {"sets": [[0, 1, 4, 5], [2, 3, 4, 5], [2, 3, 4, 5]], "vals": [[1, 4, 8, 6], [3, 5, 6, 7], [2, 3, 8, 4]]}
BAD cls=221 a=0 runclass=4 cand=2,2,2,2,2,1,2,2 lemmafail=- {"sets": [[0, 1, 4, 5], [2, 3, 4, 5], [2, 3, 4, 5]], "vals": [[1, 4, 8, 6], [3, 5, 6, 7], [2, 4, 8, 5]]}
BAD cls=221 a=1 runclass=4 cand=2,2,2,2,2,1,2,2 lemmafail=- {"sets": [[0, 1, 4, 5], [2, 3, 4, 5], [2, 3, 4, 5]], "vals": [[1, 4, 8, 6], [3, 5, 6, 7], [2, 4, 8, 5]]}
BAD cls=212 a=0 runclass=4 cand=1,1,1,1,1,2,1,1 lemmafail=- {"sets": [[0, 1, 4, 5], [2, 3, 4, 5], [2, 3, 4, 5]], "vals": [[4, 1, 6, 8], [2, 3, 4, 8], [3, 5, 7, 6]]}
BAD cls=212 a=2 runclass=4 cand=1,1,1,1,1,2,1,1 lemmafail=- {"sets": [[0, 1, 4, 5], [2, 3, 4, 5], [2, 3, 4, 5]], "vals": [[4, 1, 6, 8], [2, 3, 4, 8], [3, 5, 7, 6]]}
BAD cls=212 a=0 runclass=4 cand=1,1,1,1,1,2,1,1 lemmafail=- {"sets": [[0, 1, 4, 5], [2, 3, 4, 5], [2, 3, 4, 5]], "vals": [[4, 1, 6, 8], [2, 4, 5, 8], [3, 5, 7, 6]]}
BAD cls=212 a=2 runclass=4 cand=1,1,1,1,1,2,1,1 lemmafail=- {"sets": [[0, 1, 4, 5], [2, 3, 4, 5], [2, 3, 4, 5]], "vals": [[4, 1, 6, 8], [2, 4, 5, 8], [3, 5, 7, 6]]}
BAD cls=221 a=0 runclass=4 cand=2,2,2,2,2,1,2,2 lemmafail=- {"sets": [[0, 1, 4, 5], [2, 3, 4, 5], [2, 3, 4, 5]], "vals": [[4, 1, 8, 6], [3, 5, 6, 7], [2, 3, 8, 4]]}
BAD cls=221 a=1 runclass=4 cand=2,2,2,2,2,1,2,2 lemmafail=- {"sets": [[0, 1, 4, 5], [2, 3, 4, 5], [2, 3, 4, 5]], "vals": [[4, 1, 8, 6], [3, 5, 6, 7], [2, 3, 8, 4]]}
BAD cls=221 a=0 runclass=4 cand=2,2,2,2,2,1,2,2 lemmafail=- {"sets": [[0, 1, 4, 5], [2, 3, 4, 5], [2, 3, 4, 5]], "vals": [[4, 1, 8, 6], [3, 5, 6, 7], [2, 4, 8, 5]]}
BAD cls=221 a=1 runclass=4 cand=2,2,2,2,2,1,2,2 lemmafail=- {"sets": [[0, 1, 4, 5], [2, 3, 4, 5], [2, 3, 4, 5]], "vals": [[4, 1, 8, 6], [3, 5, 6, 7], [2, 4, 8, 5]]}
BAD cls=221 a=0 runclass=4 cand=2,2,2,2,2,1,2,2 lemmafail=- {"sets": [[0, 1, 4, 5], [2, 3, 4, 5], [2, 3, 4, 5]], "vals": [[1, 4, 8, 6], [2, 7, 4, 8], [2, 3, 8, 4]]}
BAD cls=221 a=1 runclass=4 cand=2,2,2,2,2,1,2,2 lemmafail=- {"sets": [[0, 1, 4, 5], [2, 3, 4, 5], [2, 3, 4, 5]], "vals": [[1, 4, 8, 6], [2, 7, 4, 8], [2, 3, 8, 4]]}
BAD cls=221 a=0 runclass=4 cand=2,2,2,2,2,1,2,2 lemmafail=- {"sets": [[0, 1, 4, 5], [2, 3, 4, 5], [2, 3, 4, 5]], "vals": [[1, 4, 8, 6], [2, 7, 4, 8], [2, 4, 8, 5]]}
BAD cls=221 a=1 runclass=4 cand=2,2,2,2,2,1,2,2 lemmafail=- {"sets": [[0, 1, 4, 5], [2, 3, 4, 5], [2, 3, 4, 5]], "vals": [[1, 4, 8, 6], [2, 7, 4, 8], [2, 4, 8, 5]]}
BAD cls=221 a=0 runclass=4 cand=2,2,2,2,2,1,2,2 lemmafail=- {"sets": [[0, 1, 4, 5], [2, 3, 4, 5], [2, 3, 4, 5]], "vals": [[4, 1, 8, 6], [2, 7, 4, 8], [2, 3, 8, 4]]}
BAD cls=221 a=1 runclass=4 cand=2,2,2,2,2,1,2,2 lemmafail=- {"sets": [[0, 1, 4, 5], [2, 3, 4, 5], [2, 3, 4, 5]], "vals": [[4, 1, 8, 6], [2, 7, 4, 8], [2, 3, 8, 4]]}
BAD cls=221 a=0 runclass=4 cand=2,2,2,2,2,1,2,2 lemmafail=- {"sets": [[0, 1, 4, 5], [2, 3, 4, 5], [2, 3, 4, 5]], "vals": [[4, 1, 8, 6], [2, 7, 4, 8], [2, 4, 8, 5]]}
BAD cls=221 a=1 runclass=4 cand=2,2,2,2,2,1,2,2 lemmafail=- {"sets": [[0, 1, 4, 5], [2, 3, 4, 5], [2, 3, 4, 5]], "vals": [[4, 1, 8, 6], [2, 7, 4, 8], [2, 4, 8, 5]]}
BAD cls=212 a=0 runclass=4 cand=1,1,1,1,1,2,1,1 lemmafail=- {"sets": [[0, 1, 4, 5], [2, 3, 4, 5], [2, 3, 4, 5]], "vals": [[1, 4, 6, 8], [3, 2, 4, 8], [3, 5, 7, 6]]}
BAD cls=212 a=2 runclass=4 cand=1,1,1,1,1,2,1,1 lemmafail=- {"sets": [[0, 1, 4, 5], [2, 3, 4, 5], [2, 3, 4, 5]], "vals": [[1, 4, 6, 8], [3, 2, 4, 8], [3, 5, 7, 6]]}
BAD cls=212 a=0 runclass=4 cand=1,1,1,1,1,2,1,1 lemmafail=- {"sets": [[0, 1, 4, 5], [2, 3, 4, 5], [2, 3, 4, 5]], "vals": [[1, 4, 6, 8], [4, 2, 5, 8], [3, 5, 7, 6]]}
BAD cls=212 a=2 runclass=4 cand=1,1,1,1,1,2,1,1 lemmafail=- {"sets": [[0, 1, 4, 5], [2, 3, 4, 5], [2, 3, 4, 5]], "vals": [[1, 4, 6, 8], [4, 2, 5, 8], [3, 5, 7, 6]]}
BAD cls=221 a=0 runclass=4 cand=2,2,2,2,2,1,2,2 lemmafail=- {"sets": [[0, 1, 4, 5], [2, 3, 4, 5], [2, 3, 4, 5]], "vals": [[1, 4, 8, 6], [5, 3, 6, 7], [2, 3, 8, 4]]}
BAD cls=221 a=1 runclass=4 cand=2,2,2,2,2,1,2,2 lemmafail=- {"sets": [[0, 1, 4, 5], [2, 3, 4, 5], [2, 3, 4, 5]], "vals": [[1, 4, 8, 6], [5, 3, 6, 7], [2, 3, 8, 4]]}
BAD cls=221 a=0 runclass=4 cand=2,2,2,2,2,1,2,2 lemmafail=- {"sets": [[0, 1, 4, 5], [2, 3, 4, 5], [2, 3, 4, 5]], "vals": [[1, 4, 8, 6], [5, 3, 6, 7], [2, 4, 8, 5]]}
BAD cls=221 a=1 runclass=4 cand=2,2,2,2,2,1,2,2 lemmafail=- {"sets": [[0, 1, 4, 5], [2, 3, 4, 5], [2, 3, 4, 5]], "vals": [[1, 4, 8, 6], [5, 3, 6, 7], [2, 4, 8, 5]]}
BAD cls=212 a=0 runclass=4 cand=1,1,1,1,1,2,1,1 lemmafail=- {"sets": [[0, 1, 4, 5], [2, 3, 4, 5], [2, 3, 4, 5]], "vals": [[4, 1, 6, 8], [3, 2, 4, 8], [3, 5, 7, 6]]}
BAD cls=212 a=2 runclass=4 cand=1,1,1,1,1,2,1,1 lemmafail=- {"sets": [[0, 1, 4, 5], [2, 3, 4, 5], [2, 3, 4, 5]], "vals": [[4, 1, 6, 8], [3, 2, 4, 8], [3, 5, 7, 6]]}
BAD cls=212 a=0 runclass=4 cand=1,1,1,1,1,2,1,1 lemmafail=- {"sets": [[0, 1, 4, 5], [2, 3, 4, 5], [2, 3, 4, 5]], "vals": [[4, 1, 6, 8], [4, 2, 5, 8], [3, 5, 7, 6]]}
BAD cls=212 a=2 runclass=4 cand=1,1,1,1,1,2,1,1 lemmafail=- {"sets": [[0, 1, 4, 5], [2, 3, 4, 5], [2, 3, 4, 5]], "vals": [[4, 1, 6, 8], [4, 2, 5, 8], [3, 5, 7, 6]]}
BAD cls=221 a=0 runclass=4 cand=2,2,2,2,2,1,2,2 lemmafail=- {"sets": [[0, 1, 4, 5], [2, 3, 4, 5], [2, 3, 4, 5]], "vals": [[4, 1, 8, 6], [5, 3, 6, 7], [2, 3, 8, 4]]}
BAD cls=221 a=1 runclass=4 cand=2,2,2,2,2,1,2,2 lemmafail=- {"sets": [[0, 1, 4, 5], [2, 3, 4, 5], [2, 3, 4, 5]], "vals": [[4, 1, 8, 6], [5, 3, 6, 7], [2, 3, 8, 4]]}
BAD cls=221 a=0 runclass=4 cand=2,2,2,2,2,1,2,2 lemmafail=- {"sets": [[0, 1, 4, 5], [2, 3, 4, 5], [2, 3, 4, 5]], "vals": [[4, 1, 8, 6], [5, 3, 6, 7], [2, 4, 8, 5]]}
BAD cls=221 a=1 runclass=4 cand=2,2,2,2,2,1,2,2 lemmafail=- {"sets": [[0, 1, 4, 5], [2, 3, 4, 5], [2, 3, 4, 5]], "vals": [[4, 1, 8, 6], [5, 3, 6, 7], [2, 4, 8, 5]]}
BAD cls=221 a=0 runclass=4 cand=2,2,2,2,2,1,2,2 lemmafail=- {"sets": [[0, 1, 4, 5], [2, 3, 4, 5], [2, 3, 4, 5]], "vals": [[1, 4, 8, 6], [4, 5, 2, 8], [2, 3, 8, 4]]}
BAD cls=221 a=1 runclass=4 cand=2,2,2,2,2,1,2,2 lemmafail=- {"sets": [[0, 1, 4, 5], [2, 3, 4, 5], [2, 3, 4, 5]], "vals": [[1, 4, 8, 6], [4, 5, 2, 8], [2, 3, 8, 4]]}
BAD cls=221 a=0 runclass=4 cand=2,2,2,2,2,1,2,2 lemmafail=- {"sets": [[0, 1, 4, 5], [2, 3, 4, 5], [2, 3, 4, 5]], "vals": [[1, 4, 8, 6], [4, 5, 2, 8], [2, 4, 8, 5]]}
BAD cls=221 a=1 runclass=4 cand=2,2,2,2,2,1,2,2 lemmafail=- {"sets": [[0, 1, 4, 5], [2, 3, 4, 5], [2, 3, 4, 5]], "vals": [[1, 4, 8, 6], [4, 5, 2, 8], [2, 4, 8, 5]]}
BAD cls=221 a=0 runclass=4 cand=2,2,2,2,2,1,2,2 lemmafail=- {"sets": [[0, 1, 4, 5], [2, 3, 4, 5], [2, 3, 4, 5]], "vals": [[4, 1, 8, 6], [4, 5, 2, 8], [2, 3, 8, 4]]}
BAD cls=221 a=1 runclass=4 cand=2,2,2,2,2,1,2,2 lemmafail=- {"sets": [[0, 1, 4, 5], [2, 3, 4, 5], [2, 3, 4, 5]], "vals": [[4, 1, 8, 6], [4, 5, 2, 8], [2, 3, 8, 4]]}
BAD cls=221 a=0 runclass=4 cand=2,2,2,2,2,1,2,2 lemmafail=- {"sets": [[0, 1, 4, 5], [2, 3, 4, 5], [2, 3, 4, 5]], "vals": [[4, 1, 8, 6], [4, 5, 2, 8], [2, 4, 8, 5]]}
BAD cls=221 a=1 runclass=4 cand=2,2,2,2,2,1,2,2 lemmafail=- {"sets": [[0, 1, 4, 5], [2, 3, 4, 5], [2, 3, 4, 5]], "vals": [[4, 1, 8, 6], [4, 5, 2, 8], [2, 4, 8, 5]]}
BAD cls=221 a=0 runclass=4 cand=2,2,2,2,2,1,2,2 lemmafail=- {"sets": [[0, 1, 4, 5], [2, 3, 4, 5], [2, 3, 4, 5]], "vals": [[1, 4, 8, 6], [6, 3, 4, 8], [2, 3, 8, 4]]}
BAD cls=221 a=1 runclass=4 cand=2,2,2,2,2,1,2,2 lemmafail=- {"sets": [[0, 1, 4, 5], [2, 3, 4, 5], [2, 3, 4, 5]], "vals": [[1, 4, 8, 6], [6, 3, 4, 8], [2, 3, 8, 4]]}
BAD cls=221 a=0 runclass=4 cand=2,2,2,2,2,1,2,2 lemmafail=- {"sets": [[0, 1, 4, 5], [2, 3, 4, 5], [2, 3, 4, 5]], "vals": [[1, 4, 8, 6], [6, 3, 4, 8], [2, 4, 8, 5]]}
BAD cls=221 a=1 runclass=4 cand=2,2,2,2,2,1,2,2 lemmafail=- {"sets": [[0, 1, 4, 5], [2, 3, 4, 5], [2, 3, 4, 5]], "vals": [[1, 4, 8, 6], [6, 3, 4, 8], [2, 4, 8, 5]]}
BAD cls=221 a=0 runclass=4 cand=2,2,2,2,2,1,2,2 lemmafail=- {"sets": [[0, 1, 4, 5], [2, 3, 4, 5], [2, 3, 4, 5]], "vals": [[4, 1, 8, 6], [6, 3, 4, 8], [2, 3, 8, 4]]}
BAD cls=221 a=1 runclass=4 cand=2,2,2,2,2,1,2,2 lemmafail=- {"sets": [[0, 1, 4, 5], [2, 3, 4, 5], [2, 3, 4, 5]], "vals": [[4, 1, 8, 6], [6, 3, 4, 8], [2, 3, 8, 4]]}
BAD cls=221 a=0 runclass=4 cand=2,2,2,2,2,1,2,2 lemmafail=- {"sets": [[0, 1, 4, 5], [2, 3, 4, 5], [2, 3, 4, 5]], "vals": [[4, 1, 8, 6], [6, 3, 4, 8], [2, 4, 8, 5]]}
BAD cls=221 a=1 runclass=4 cand=2,2,2,2,2,1,2,2 lemmafail=- {"sets": [[0, 1, 4, 5], [2, 3, 4, 5], [2, 3, 4, 5]], "vals": [[4, 1, 8, 6], [6, 3, 4, 8], [2, 4, 8, 5]]}
BAD cls=221 a=0 runclass=4 cand=2,2,2,2,2,1,2,2 lemmafail=- {"sets": [[0, 1, 4, 5], [2, 3, 4, 5], [2, 3, 4, 5]], "vals": [[1, 4, 8, 6], [5, 4, 2, 8], [2, 3, 8, 4]]}
BAD cls=221 a=1 runclass=4 cand=2,2,2,2,2,1,2,2 lemmafail=- {"sets": [[0, 1, 4, 5], [2, 3, 4, 5], [2, 3, 4, 5]], "vals": [[1, 4, 8, 6], [5, 4, 2, 8], [2, 3, 8, 4]]}
BAD cls=221 a=0 runclass=4 cand=2,2,2,2,2,1,2,2 lemmafail=- {"sets": [[0, 1, 4, 5], [2, 3, 4, 5], [2, 3, 4, 5]], "vals": [[1, 4, 8, 6], [5, 4, 2, 8], [2, 4, 8, 5]]}
BAD cls=221 a=1 runclass=4 cand=2,2,2,2,2,1,2,2 lemmafail=- {"sets": [[0, 1, 4, 5], [2, 3, 4, 5], [2, 3, 4, 5]], "vals": [[1, 4, 8, 6], [5, 4, 2, 8], [2, 4, 8, 5]]}
BAD cls=221 a=0 runclass=4 cand=2,2,2,2,2,1,2,2 lemmafail=- {"sets": [[0, 1, 4, 5], [2, 3, 4, 5], [2, 3, 4, 5]], "vals": [[4, 1, 8, 6], [5, 4, 2, 8], [2, 3, 8, 4]]}
BAD cls=221 a=1 runclass=4 cand=2,2,2,2,2,1,2,2 lemmafail=- {"sets": [[0, 1, 4, 5], [2, 3, 4, 5], [2, 3, 4, 5]], "vals": [[4, 1, 8, 6], [5, 4, 2, 8], [2, 3, 8, 4]]}
BAD cls=221 a=0 runclass=4 cand=2,2,2,2,2,1,2,2 lemmafail=- {"sets": [[0, 1, 4, 5], [2, 3, 4, 5], [2, 3, 4, 5]], "vals": [[4, 1, 8, 6], [5, 4, 2, 8], [2, 4, 8, 5]]}
BAD cls=221 a=1 runclass=4 cand=2,2,2,2,2,1,2,2 lemmafail=- {"sets": [[0, 1, 4, 5], [2, 3, 4, 5], [2, 3, 4, 5]], "vals": [[4, 1, 8, 6], [5, 4, 2, 8], [2, 4, 8, 5]]}
BAD cls=212 a=0 runclass=4 cand=1,1,1,1,1,2,1,1 lemmafail=- {"sets": [[0, 1, 4, 5], [2, 3, 4, 5], [2, 3, 4, 5]], "vals": [[1, 4, 8, 6], [2, 3, 8, 4], [2, 7, 4, 8]]}
BAD cls=212 a=2 runclass=4 cand=1,1,1,1,1,2,1,1 lemmafail=- {"sets": [[0, 1, 4, 5], [2, 3, 4, 5], [2, 3, 4, 5]], "vals": [[1, 4, 8, 6], [2, 3, 8, 4], [2, 7, 4, 8]]}
BAD cls=212 a=0 runclass=4 cand=1,1,1,1,1,2,1,1 lemmafail=- {"sets": [[0, 1, 4, 5], [2, 3, 4, 5], [2, 3, 4, 5]], "vals": [[1, 4, 8, 6], [2, 4, 8, 5], [2, 7, 4, 8]]}
BAD cls=212 a=2 runclass=4 cand=1,1,1,1,1,2,1,1 lemmafail=- {"sets": [[0, 1, 4, 5], [2, 3, 4, 5], [2, 3, 4, 5]], "vals": [[1, 4, 8, 6], [2, 4, 8, 5], [2, 7, 4, 8]]}
BAD cls=212 a=0 runclass=4 cand=1,1,1,1,1,2,1,1 lemmafail=- {"sets": [[0, 1, 4, 5], [2, 3, 4, 5], [2, 3, 4, 5]], "vals": [[4, 1, 8, 6], [2, 3, 8, 4], [2, 7, 4, 8]]}
BAD cls=212 a=2 runclass=4 cand=1,1,1,1,1,2,1,1 lemmafail=- {"sets": [[0, 1, 4, 5], [2, 3, 4, 5], [2, 3, 4, 5]], "vals": [[4, 1, 8, 6], [2, 3, 8, 4], [2, 7, 4, 8]]}
BAD cls=212 a=0 runclass=4 cand=1,1,1,1,1,2,1,1 lemmafail=- {"sets": [[0, 1, 4, 5], [2, 3, 4, 5], [2, 3, 4, 5]], "vals": [[4, 1, 8, 6], [2, 4, 8, 5], [2, 7, 4, 8]]}
BAD cls=212 a=2 runclass=4 cand=1,1,1,1,1,2,1,1 lemmafail=- {"sets": [[0, 1, 4, 5], [2, 3, 4, 5], [2, 3, 4, 5]], "vals": [[4, 1, 8, 6], [2, 4, 8, 5], [2, 7, 4, 8]]}
BAD cls=212 a=0 runclass=4 cand=1,1,1,1,1,2,1,1 lemmafail=- {"sets": [[0, 1, 4, 5], [2, 3, 4, 5], [2, 3, 4, 5]], "vals": [[1, 4, 8, 6], [3, 2, 8, 4], [2, 7, 4, 8]]}
BAD cls=212 a=2 runclass=4 cand=1,1,1,1,1,2,1,1 lemmafail=- {"sets": [[0, 1, 4, 5], [2, 3, 4, 5], [2, 3, 4, 5]], "vals": [[1, 4, 8, 6], [3, 2, 8, 4], [2, 7, 4, 8]]}
BAD cls=212 a=0 runclass=4 cand=1,1,1,1,1,2,1,1 lemmafail=- {"sets": [[0, 1, 4, 5], [2, 3, 4, 5], [2, 3, 4, 5]], "vals": [[1, 4, 8, 6], [4, 2, 8, 5], [2, 7, 4, 8]]}
BAD cls=212 a=2 runclass=4 cand=1,1,1,1,1,2,1,1 lemmafail=- {"sets": [[0, 1, 4, 5], [2, 3, 4, 5], [2, 3, 4, 5]], "vals": [[1, 4, 8, 6], [4, 2, 8, 5], [2, 7, 4, 8]]}
BAD cls=212 a=0 runclass=4 cand=1,1,1,1,1,2,1,1 lemmafail=- {"sets": [[0, 1, 4, 5], [2, 3, 4, 5], [2, 3, 4, 5]], "vals": [[4, 1, 8, 6], [3, 2, 8, 4], [2, 7, 4, 8]]}
BAD cls=212 a=2 runclass=4 cand=1,1,1,1,1,2,1,1 lemmafail=- {"sets": [[0, 1, 4, 5], [2, 3, 4, 5], [2, 3, 4, 5]], "vals": [[4, 1, 8, 6], [3, 2, 8, 4], [2, 7, 4, 8]]}
BAD cls=212 a=0 runclass=4 cand=1,1,1,1,1,2,1,1 lemmafail=- {"sets": [[0, 1, 4, 5], [2, 3, 4, 5], [2, 3, 4, 5]], "vals": [[4, 1, 8, 6], [4, 2, 8, 5], [2, 7, 4, 8]]}
BAD cls=212 a=2 runclass=4 cand=1,1,1,1,1,2,1,1 lemmafail=- {"sets": [[0, 1, 4, 5], [2, 3, 4, 5], [2, 3, 4, 5]], "vals": [[4, 1, 8, 6], [4, 2, 8, 5], [2, 7, 4, 8]]}
BAD cls=212 a=0 runclass=4 cand=1,1,1,1,1,2,1,1 lemmafail=- {"sets": [[0, 1, 4, 5], [2, 3, 4, 5], [2, 3, 4, 5]], "vals": [[1, 4, 6, 8], [2, 3, 4, 8], [2, 7, 8, 4]]}
BAD cls=212 a=2 runclass=4 cand=1,1,1,1,1,2,1,1 lemmafail=- {"sets": [[0, 1, 4, 5], [2, 3, 4, 5], [2, 3, 4, 5]], "vals": [[1, 4, 6, 8], [2, 3, 4, 8], [2, 7, 8, 4]]}
BAD cls=212 a=0 runclass=4 cand=1,1,1,1,1,2,1,1 lemmafail=- {"sets": [[0, 1, 4, 5], [2, 3, 4, 5], [2, 3, 4, 5]], "vals": [[1, 4, 6, 8], [2, 4, 5, 8], [2, 7, 8, 4]]}
BAD cls=212 a=2 runclass=4 cand=1,1,1,1,1,2,1,1 lemmafail=- {"sets": [[0, 1, 4, 5], [2, 3, 4, 5], [2, 3, 4, 5]], "vals": [[1, 4, 6, 8], [2, 4, 5, 8], [2, 7, 8, 4]]}
BAD cls=212 a=0 runclass=4 cand=1,1,1,1,1,2,1,1 lemmafail=- {"sets": [[0, 1, 4, 5], [2, 3, 4, 5], [2, 3, 4, 5]], "vals": [[4, 1, 6, 8], [2, 3, 4, 8], [2, 7, 8, 4]]}
BAD cls=212 a=2 runclass=4 cand=1,1,1,1,1,2,1,1 lemmafail=- {"sets": [[0, 1, 4, 5], [2, 3, 4, 5], [2, 3, 4, 5]], "vals": [[4, 1, 6, 8], [2, 3, 4, 8], [2, 7, 8, 4]]}
BAD cls=212 a=0 runclass=4 cand=1,1,1,1,1,2,1,1 lemmafail=- {"sets": [[0, 1, 4, 5], [2, 3, 4, 5], [2, 3, 4, 5]], "vals": [[4, 1, 6, 8], [2, 4, 5, 8], [2, 7, 8, 4]]}
BAD cls=212 a=2 runclass=4 cand=1,1,1,1,1,2,1,1 lemmafail=- {"sets": [[0, 1, 4, 5], [2, 3, 4, 5], [2, 3, 4, 5]], "vals": [[4, 1, 6, 8], [2, 4, 5, 8], [2, 7, 8, 4]]}
BAD cls=212 a=0 runclass=4 cand=1,1,1,1,1,2,1,1 lemmafail=- {"sets": [[0, 1, 4, 5], [2, 3, 4, 5], [2, 3, 4, 5]], "vals": [[1, 4, 6, 8], [3, 2, 4, 8], [2, 7, 8, 4]]}
BAD cls=212 a=2 runclass=4 cand=1,1,1,1,1,2,1,1 lemmafail=- {"sets": [[0, 1, 4, 5], [2, 3, 4, 5], [2, 3, 4, 5]], "vals": [[1, 4, 6, 8], [3, 2, 4, 8], [2, 7, 8, 4]]}
BAD cls=212 a=0 runclass=4 cand=1,1,1,1,1,2,1,1 lemmafail=- {"sets": [[0, 1, 4, 5], [2, 3, 4, 5], [2, 3, 4, 5]], "vals": [[1, 4, 6, 8], [4, 2, 5, 8], [2, 7, 8, 4]]}
BAD cls=212 a=2 runclass=4 cand=1,1,1,1,1,2,1,1 lemmafail=- {"sets": [[0, 1, 4, 5], [2, 3, 4, 5], [2, 3, 4, 5]], "vals": [[1, 4, 6, 8], [4, 2, 5, 8], [2, 7, 8, 4]]}
BAD cls=212 a=0 runclass=4 cand=1,1,1,1,1,2,1,1 lemmafail=- {"sets": [[0, 1, 4, 5], [2, 3, 4, 5], [2, 3, 4, 5]], "vals": [[4, 1, 6, 8], [3, 2, 4, 8], [2, 7, 8, 4]]}
BAD cls=212 a=2 runclass=4 cand=1,1,1,1,1,2,1,1 lemmafail=- {"sets": [[0, 1, 4, 5], [2, 3, 4, 5], [2, 3, 4, 5]], "vals": [[4, 1, 6, 8], [3, 2, 4, 8], [2, 7, 8, 4]]}
BAD cls=212 a=0 runclass=4 cand=1,1,1,1,1,2,1,1 lemmafail=- {"sets": [[0, 1, 4, 5], [2, 3, 4, 5], [2, 3, 4, 5]], "vals": [[4, 1, 6, 8], [4, 2, 5, 8], [2, 7, 8, 4]]}
BAD cls=212 a=2 runclass=4 cand=1,1,1,1,1,2,1,1 lemmafail=- {"sets": [[0, 1, 4, 5], [2, 3, 4, 5], [2, 3, 4, 5]], "vals": [[4, 1, 6, 8], [4, 2, 5, 8], [2, 7, 8, 4]]}
BAD cls=221 a=0 runclass=4 cand=2,2,2,2,2,1,2,2 lemmafail=- {"sets": [[0, 1, 4, 5], [2, 3, 4, 5], [2, 3, 4, 5]], "vals": [[1, 4, 6, 8], [3, 5, 7, 6], [3, 2, 4, 8]]}
BAD cls=221 a=1 runclass=4 cand=2,2,2,2,2,1,2,2 lemmafail=- {"sets": [[0, 1, 4, 5], [2, 3, 4, 5], [2, 3, 4, 5]], "vals": [[1, 4, 6, 8], [3, 5, 7, 6], [3, 2, 4, 8]]}
BAD cls=221 a=0 runclass=4 cand=2,2,2,2,2,1,2,2 lemmafail=- {"sets": [[0, 1, 4, 5], [2, 3, 4, 5], [2, 3, 4, 5]], "vals": [[1, 4, 6, 8], [3, 5, 7, 6], [4, 2, 5, 8]]}
BAD cls=221 a=1 runclass=4 cand=2,2,2,2,2,1,2,2 lemmafail=- {"sets": [[0, 1, 4, 5], [2, 3, 4, 5], [2, 3, 4, 5]], "vals": [[1, 4, 6, 8], [3, 5, 7, 6], [4, 2, 5, 8]]}
BAD cls=212 a=0 runclass=4 cand=1,1,1,1,1,2,1,1 lemmafail=- {"sets": [[0, 1, 4, 5], [2, 3, 4, 5], [2, 3, 4, 5]], "vals": [[1, 4, 8, 6], [2, 3, 8, 4], [5, 3, 6, 7]]}
BAD cls=212 a=2 runclass=4 cand=1,1,1,1,1,2,1,1 lemmafail=- {"sets": [[0, 1, 4, 5], [2, 3, 4, 5], [2, 3, 4, 5]], "vals": [[1, 4, 8, 6], [2, 3, 8, 4], [5, 3, 6, 7]]}
BAD cls=212 a=0 runclass=4 cand=1,1,1,1,1,2,1,1 lemmafail=- {"sets": [[0, 1, 4, 5], [2, 3, 4, 5], [2, 3, 4, 5]], "vals": [[1, 4, 8, 6], [2, 4, 8, 5], [5, 3, 6, 7]]}
BAD cls=212 a=2 runclass=4 cand=1,1,1,1,1,2,1,1 lemmafail=- {"sets": [[0, 1, 4, 5], [2, 3, 4, 5], [2, 3, 4, 5]], "vals": [[1, 4, 8, 6], [2, 4, 8, 5], [5, 3, 6, 7]]}
BAD cls=221 a=0 runclass=4 cand=2,2,2,2,2,1,2,2 lemmafail=- {"sets": [[0, 1, 4, 5], [2, 3, 4, 5], [2, 3, 4, 5]], "vals": [[4, 1, 6, 8], [3, 5, 7, 6], [3, 2, 4, 8]]}
BAD cls=221 a=1 runclass=4 cand=2,2,2,2,2,1,2,2 lemmafail=- {"sets": [[0, 1, 4, 5], [2, 3, 4, 5], [2, 3, 4, 5]], "vals": [[4, 1, 6, 8], [3, 5, 7, 6], [3, 2, 4, 8]]}
BAD cls=221 a=0 runclass=4 cand=2,2,2,2,2,1,2,2 lemmafail=- {"sets": [[0, 1, 4, 5], [2, 3, 4, 5], [2, 3, 4, 5]], "vals": [[4, 1, 6, 8], [3, 5, 7, 6], [4, 2, 5, 8]]}
BAD cls=221 a=1 runclass=4 cand=2,2,2,2,2,1,2,2 lemmafail=- {"sets": [[0, 1, 4, 5], [2, 3, 4, 5], [2, 3, 4, 5]], "vals": [[4, 1, 6, 8], [3, 5, 7, 6], [4, 2, 5, 8]]}
BAD cls=212 a=0 runclass=4 cand=1,1,1,1,1,2,1,1 lemmafail=- {"sets": [[0, 1, 4, 5], [2, 3, 4, 5], [2, 3, 4, 5]], "vals": [[4, 1, 8, 6], [2, 3, 8, 4], [5, 3, 6, 7]]}
BAD cls=212 a=2 runclass=4 cand=1,1,1,1,1,2,1,1 lemmafail=- {"sets": [[0, 1, 4, 5], [2, 3, 4, 5], [2, 3, 4, 5]], "vals": [[4, 1, 8, 6], [2, 3, 8, 4], [5, 3, 6, 7]]}
BAD cls=212 a=0 runclass=4 cand=1,1,1,1,1,2,1,1 lemmafail=- {"sets": [[0, 1, 4, 5], [2, 3, 4, 5], [2, 3, 4, 5]], "vals": [[4, 1, 8, 6], [2, 4, 8, 5], [5, 3, 6, 7]]}
BAD cls=212 a=2 runclass=4 cand=1,1,1,1,1,2,1,1 lemmafail=- {"sets": [[0, 1, 4, 5], [2, 3, 4, 5], [2, 3, 4, 5]], "vals": [[4, 1, 8, 6], [2, 4, 8, 5], [5, 3, 6, 7]]}
BAD cls=221 a=0 runclass=4 cand=2,2,2,2,2,1,2,2 lemmafail=- {"sets": [[0, 1, 4, 5], [2, 3, 4, 5], [2, 3, 4, 5]], "vals": [[1, 4, 6, 8], [2, 7, 8, 4], [3, 2, 4, 8]]}
BAD cls=221 a=1 runclass=4 cand=2,2,2,2,2,1,2,2 lemmafail=- {"sets": [[0, 1, 4, 5], [2, 3, 4, 5], [2, 3, 4, 5]], "vals": [[1, 4, 6, 8], [2, 7, 8, 4], [3, 2, 4, 8]]}
BAD cls=221 a=0 runclass=4 cand=2,2,2,2,2,1,2,2 lemmafail=- {"sets": [[0, 1, 4, 5], [2, 3, 4, 5], [2, 3, 4, 5]], "vals": [[1, 4, 6, 8], [2, 7, 8, 4], [4, 2, 5, 8]]}
BAD cls=221 a=1 runclass=4 cand=2,2,2,2,2,1,2,2 lemmafail=- {"sets": [[0, 1, 4, 5], [2, 3, 4, 5], [2, 3, 4, 5]], "vals": [[1, 4, 6, 8], [2, 7, 8, 4], [4, 2, 5, 8]]}
BAD cls=221 a=0 runclass=4 cand=2,2,2,2,2,1,2,2 lemmafail=- {"sets": [[0, 1, 4, 5], [2, 3, 4, 5], [2, 3, 4, 5]], "vals": [[4, 1, 6, 8], [2, 7, 8, 4], [3, 2, 4, 8]]}
BAD cls=221 a=1 runclass=4 cand=2,2,2,2,2,1,2,2 lemmafail=- {"sets": [[0, 1, 4, 5], [2, 3, 4, 5], [2, 3, 4, 5]], "vals": [[4, 1, 6, 8], [2, 7, 8, 4], [3, 2, 4, 8]]}
BAD cls=221 a=0 runclass=4 cand=2,2,2,2,2,1,2,2 lemmafail=- {"sets": [[0, 1, 4, 5], [2, 3, 4, 5], [2, 3, 4, 5]], "vals": [[4, 1, 6, 8], [2, 7, 8, 4], [4, 2, 5, 8]]}
BAD cls=221 a=1 runclass=4 cand=2,2,2,2,2,1,2,2 lemmafail=- {"sets": [[0, 1, 4, 5], [2, 3, 4, 5], [2, 3, 4, 5]], "vals": [[4, 1, 6, 8], [2, 7, 8, 4], [4, 2, 5, 8]]}
BAD cls=221 a=0 runclass=4 cand=2,2,2,2,2,1,2,2 lemmafail=- {"sets": [[0, 1, 4, 5], [2, 3, 4, 5], [2, 3, 4, 5]], "vals": [[1, 4, 6, 8], [5, 3, 7, 6], [3, 2, 4, 8]]}
BAD cls=221 a=1 runclass=4 cand=2,2,2,2,2,1,2,2 lemmafail=- {"sets": [[0, 1, 4, 5], [2, 3, 4, 5], [2, 3, 4, 5]], "vals": [[1, 4, 6, 8], [5, 3, 7, 6], [3, 2, 4, 8]]}
BAD cls=221 a=0 runclass=4 cand=2,2,2,2,2,1,2,2 lemmafail=- {"sets": [[0, 1, 4, 5], [2, 3, 4, 5], [2, 3, 4, 5]], "vals": [[1, 4, 6, 8], [5, 3, 7, 6], [4, 2, 5, 8]]}
BAD cls=221 a=1 runclass=4 cand=2,2,2,2,2,1,2,2 lemmafail=- {"sets": [[0, 1, 4, 5], [2, 3, 4, 5], [2, 3, 4, 5]], "vals": [[1, 4, 6, 8], [5, 3, 7, 6], [4, 2, 5, 8]]}
BAD cls=212 a=0 runclass=4 cand=1,1,1,1,1,2,1,1 lemmafail=- {"sets": [[0, 1, 4, 5], [2, 3, 4, 5], [2, 3, 4, 5]], "vals": [[1, 4, 8, 6], [3, 2, 8, 4], [5, 3, 6, 7]]}
BAD cls=212 a=2 runclass=4 cand=1,1,1,1,1,2,1,1 lemmafail=- {"sets": [[0, 1, 4, 5], [2, 3, 4, 5], [2, 3, 4, 5]], "vals": [[1, 4, 8, 6], [3, 2, 8, 4], [5, 3, 6, 7]]}
BAD cls=212 a=0 runclass=4 cand=1,1,1,1,1,2,1,1 lemmafail=- {"sets": [[0, 1, 4, 5], [2, 3, 4, 5], [2, 3, 4, 5]], "vals": [[1, 4, 8, 6], [4, 2, 8, 5], [5, 3, 6, 7]]}
BAD cls=212 a=2 runclass=4 cand=1,1,1,1,1,2,1,1 lemmafail=- {"sets": [[0, 1, 4, 5], [2, 3, 4, 5], [2, 3, 4, 5]], "vals": [[1, 4, 8, 6], [4, 2, 8, 5], [5, 3, 6, 7]]}
BAD cls=221 a=0 runclass=4 cand=2,2,2,2,2,1,2,2 lemmafail=- {"sets": [[0, 1, 4, 5], [2, 3, 4, 5], [2, 3, 4, 5]], "vals": [[4, 1, 6, 8], [5, 3, 7, 6], [3, 2, 4, 8]]}
BAD cls=221 a=1 runclass=4 cand=2,2,2,2,2,1,2,2 lemmafail=- {"sets": [[0, 1, 4, 5], [2, 3, 4, 5], [2, 3, 4, 5]], "vals": [[4, 1, 6, 8], [5, 3, 7, 6], [3, 2, 4, 8]]}
BAD cls=221 a=0 runclass=4 cand=2,2,2,2,2,1,2,2 lemmafail=- {"sets": [[0, 1, 4, 5], [2, 3, 4, 5], [2, 3, 4, 5]], "vals": [[4, 1, 6, 8], [5, 3, 7, 6], [4, 2, 5, 8]]}
BAD cls=221 a=1 runclass=4 cand=2,2,2,2,2,1,2,2 lemmafail=- {"sets": [[0, 1, 4, 5], [2, 3, 4, 5], [2, 3, 4, 5]], "vals": [[4, 1, 6, 8], [5, 3, 7, 6], [4, 2, 5, 8]]}
BAD cls=212 a=0 runclass=4 cand=1,1,1,1,1,2,1,1 lemmafail=- {"sets": [[0, 1, 4, 5], [2, 3, 4, 5], [2, 3, 4, 5]], "vals": [[4, 1, 8, 6], [3, 2, 8, 4], [5, 3, 6, 7]]}
BAD cls=212 a=2 runclass=4 cand=1,1,1,1,1,2,1,1 lemmafail=- {"sets": [[0, 1, 4, 5], [2, 3, 4, 5], [2, 3, 4, 5]], "vals": [[4, 1, 8, 6], [3, 2, 8, 4], [5, 3, 6, 7]]}
BAD cls=212 a=0 runclass=4 cand=1,1,1,1,1,2,1,1 lemmafail=- {"sets": [[0, 1, 4, 5], [2, 3, 4, 5], [2, 3, 4, 5]], "vals": [[4, 1, 8, 6], [4, 2, 8, 5], [5, 3, 6, 7]]}
BAD cls=212 a=2 runclass=4 cand=1,1,1,1,1,2,1,1 lemmafail=- {"sets": [[0, 1, 4, 5], [2, 3, 4, 5], [2, 3, 4, 5]], "vals": [[4, 1, 8, 6], [4, 2, 8, 5], [5, 3, 6, 7]]}
BAD cls=221 a=0 runclass=4 cand=2,2,2,2,2,1,2,2 lemmafail=- {"sets": [[0, 1, 4, 5], [2, 3, 4, 5], [2, 3, 4, 5]], "vals": [[1, 4, 6, 8], [4, 5, 8, 2], [3, 2, 4, 8]]}
BAD cls=221 a=1 runclass=4 cand=2,2,2,2,2,1,2,2 lemmafail=- {"sets": [[0, 1, 4, 5], [2, 3, 4, 5], [2, 3, 4, 5]], "vals": [[1, 4, 6, 8], [4, 5, 8, 2], [3, 2, 4, 8]]}
BAD cls=221 a=0 runclass=4 cand=2,2,2,2,2,1,2,2 lemmafail=- {"sets": [[0, 1, 4, 5], [2, 3, 4, 5], [2, 3, 4, 5]], "vals": [[1, 4, 6, 8], [4, 5, 8, 2], [4, 2, 5, 8]]}
BAD cls=221 a=1 runclass=4 cand=2,2,2,2,2,1,2,2 lemmafail=- {"sets": [[0, 1, 4, 5], [2, 3, 4, 5], [2, 3, 4, 5]], "vals": [[1, 4, 6, 8], [4, 5, 8, 2], [4, 2, 5, 8]]}
BAD cls=221 a=0 runclass=4 cand=2,2,2,2,2,1,2,2 lemmafail=- {"sets": [[0, 1, 4, 5], [2, 3, 4, 5], [2, 3, 4, 5]], "vals": [[4, 1, 6, 8], [4, 5, 8, 2], [3, 2, 4, 8]]}
BAD cls=221 a=1 runclass=4 cand=2,2,2,2,2,1,2,2 lemmafail=- {"sets": [[0, 1, 4, 5], [2, 3, 4, 5], [2, 3, 4, 5]], "vals": [[4, 1, 6, 8], [4, 5, 8, 2], [3, 2, 4, 8]]}
BAD cls=221 a=0 runclass=4 cand=2,2,2,2,2,1,2,2 lemmafail=- {"sets": [[0, 1, 4, 5], [2, 3, 4, 5], [2, 3, 4, 5]], "vals": [[4, 1, 6, 8], [4, 5, 8, 2], [4, 2, 5, 8]]}
BAD cls=221 a=1 runclass=4 cand=2,2,2,2,2,1,2,2 lemmafail=- {"sets": [[0, 1, 4, 5], [2, 3, 4, 5], [2, 3, 4, 5]], "vals": [[4, 1, 6, 8], [4, 5, 8, 2], [4, 2, 5, 8]]}
BAD cls=221 a=0 runclass=4 cand=2,2,2,2,2,1,2,2 lemmafail=- {"sets": [[0, 1, 4, 5], [2, 3, 4, 5], [2, 3, 4, 5]], "vals": [[1, 4, 6, 8], [6, 3, 7, 5], [3, 2, 4, 8]]}
BAD cls=221 a=1 runclass=4 cand=2,2,2,2,2,1,2,2 lemmafail=- {"sets": [[0, 1, 4, 5], [2, 3, 4, 5], [2, 3, 4, 5]], "vals": [[1, 4, 6, 8], [6, 3, 7, 5], [3, 2, 4, 8]]}
BAD cls=221 a=0 runclass=4 cand=2,2,2,2,2,1,2,2 lemmafail=- {"sets": [[0, 1, 4, 5], [2, 3, 4, 5], [2, 3, 4, 5]], "vals": [[1, 4, 6, 8], [6, 3, 7, 5], [4, 2, 5, 8]]}
BAD cls=221 a=1 runclass=4 cand=2,2,2,2,2,1,2,2 lemmafail=- {"sets": [[0, 1, 4, 5], [2, 3, 4, 5], [2, 3, 4, 5]], "vals": [[1, 4, 6, 8], [6, 3, 7, 5], [4, 2, 5, 8]]}
BAD cls=221 a=0 runclass=4 cand=2,2,2,2,2,1,2,2 lemmafail=- {"sets": [[0, 1, 4, 5], [2, 3, 4, 5], [2, 3, 4, 5]], "vals": [[4, 1, 6, 8], [6, 3, 7, 5], [3, 2, 4, 8]]}
BAD cls=221 a=1 runclass=4 cand=2,2,2,2,2,1,2,2 lemmafail=- {"sets": [[0, 1, 4, 5], [2, 3, 4, 5], [2, 3, 4, 5]], "vals": [[4, 1, 6, 8], [6, 3, 7, 5], [3, 2, 4, 8]]}
BAD cls=221 a=0 runclass=4 cand=2,2,2,2,2,1,2,2 lemmafail=- {"sets": [[0, 1, 4, 5], [2, 3, 4, 5], [2, 3, 4, 5]], "vals": [[4, 1, 6, 8], [6, 3, 7, 5], [4, 2, 5, 8]]}
BAD cls=221 a=1 runclass=4 cand=2,2,2,2,2,1,2,2 lemmafail=- {"sets": [[0, 1, 4, 5], [2, 3, 4, 5], [2, 3, 4, 5]], "vals": [[4, 1, 6, 8], [6, 3, 7, 5], [4, 2, 5, 8]]}
BAD cls=221 a=0 runclass=4 cand=2,2,2,2,2,1,2,2 lemmafail=- {"sets": [[0, 1, 4, 5], [2, 3, 4, 5], [2, 3, 4, 5]], "vals": [[1, 4, 6, 8], [5, 4, 8, 2], [3, 2, 4, 8]]}
BAD cls=221 a=1 runclass=4 cand=2,2,2,2,2,1,2,2 lemmafail=- {"sets": [[0, 1, 4, 5], [2, 3, 4, 5], [2, 3, 4, 5]], "vals": [[1, 4, 6, 8], [5, 4, 8, 2], [3, 2, 4, 8]]}
BAD cls=221 a=0 runclass=4 cand=2,2,2,2,2,1,2,2 lemmafail=- {"sets": [[0, 1, 4, 5], [2, 3, 4, 5], [2, 3, 4, 5]], "vals": [[1, 4, 6, 8], [5, 4, 8, 2], [4, 2, 5, 8]]}
BAD cls=221 a=1 runclass=4 cand=2,2,2,2,2,1,2,2 lemmafail=- {"sets": [[0, 1, 4, 5], [2, 3, 4, 5], [2, 3, 4, 5]], "vals": [[1, 4, 6, 8], [5, 4, 8, 2], [4, 2, 5, 8]]}
BAD cls=221 a=0 runclass=4 cand=2,2,2,2,2,1,2,2 lemmafail=- {"sets": [[0, 1, 4, 5], [2, 3, 4, 5], [2, 3, 4, 5]], "vals": [[4, 1, 6, 8], [5, 4, 8, 2], [3, 2, 4, 8]]}
BAD cls=221 a=1 runclass=4 cand=2,2,2,2,2,1,2,2 lemmafail=- {"sets": [[0, 1, 4, 5], [2, 3, 4, 5], [2, 3, 4, 5]], "vals": [[4, 1, 6, 8], [5, 4, 8, 2], [3, 2, 4, 8]]}
BAD cls=221 a=0 runclass=4 cand=2,2,2,2,2,1,2,2 lemmafail=- {"sets": [[0, 1, 4, 5], [2, 3, 4, 5], [2, 3, 4, 5]], "vals": [[4, 1, 6, 8], [5, 4, 8, 2], [4, 2, 5, 8]]}
BAD cls=221 a=1 runclass=4 cand=2,2,2,2,2,1,2,2 lemmafail=- {"sets": [[0, 1, 4, 5], [2, 3, 4, 5], [2, 3, 4, 5]], "vals": [[4, 1, 6, 8], [5, 4, 8, 2], [4, 2, 5, 8]]}
BAD cls=212 a=0 runclass=4 cand=1,1,1,1,1,2,1,1 lemmafail=- {"sets": [[0, 1, 4, 5], [2, 3, 4, 5], [2, 3, 4, 5]], "vals": [[1, 4, 6, 8], [2, 3, 4, 8], [5, 3, 7, 6]]}
BAD cls=212 a=2 runclass=4 cand=1,1,1,1,1,2,1,1 lemmafail=- {"sets": [[0, 1, 4, 5], [2, 3, 4, 5], [2, 3, 4, 5]], "vals": [[1, 4, 6, 8], [2, 3, 4, 8], [5, 3, 7, 6]]}
BAD cls=212 a=0 runclass=4 cand=1,1,1,1,1,2,1,1 lemmafail=- {"sets": [[0, 1, 4, 5], [2, 3, 4, 5], [2, 3, 4, 5]], "vals": [[1, 4, 6, 8], [2, 4, 5, 8], [5, 3, 7, 6]]}
BAD cls=212 a=2 runclass=4 cand=1,1,1,1,1,2,1,1 lemmafail=- {"sets": [[0, 1, 4, 5], [2, 3, 4, 5], [2, 3, 4, 5]], "vals": [[1, 4, 6, 8], [2, 4, 5, 8], [5, 3, 7, 6]]}
BAD cls=221 a=0 runclass=4 cand=2,2,2,2,2,1,2,2 lemmafail=- {"sets": [[0, 1, 4, 5], [2, 3, 4, 5], [2, 3, 4, 5]], "vals": [[1, 4, 8, 6], [3, 5, 6, 7], [3, 2, 8, 4]]}
BAD cls=221 a=1 runclass=4 cand=2,2,2,2,2,1,2,2 lemmafail=- {"sets": [[0, 1, 4, 5], [2, 3, 4, 5], [2, 3, 4, 5]], "vals": [[1, 4, 8, 6], [3, 5, 6, 7], [3, 2, 8, 4]]}
BAD cls=221 a=0 runclass=4 cand=2,2,2,2,2,1,2,2 lemmafail=- {"sets": [[0, 1, 4, 5], [2, 3, 4, 5], [2, 3, 4, 5]], "vals": [[1, 4, 8, 6], [3, 5, 6, 7], [4, 2, 8, 5]]}
BAD cls=221 a=1 runclass=4 cand=2,2,2,2,2,1,2,2 lemmafail=- {"sets": [[0, 1, 4, 5], [2, 3, 4, 5], [2, 3, 4, 5]], "vals": [[1, 4, 8, 6], [3, 5, 6, 7], [4, 2, 8, 5]]}
BAD cls=212 a=0 runclass=4 cand=1,1,1,1,1,2,1,1 lemmafail=- {"sets": [[0, 1, 4, 5], [2, 3, 4, 5], [2, 3, 4, 5]], "vals": [[4, 1, 6, 8], [2, 3, 4, 8], [5, 3, 7, 6]]}
BAD cls=212 a=2 runclass=4 cand=1,1,1,1,1,2,1,1 lemmafail=- {"sets": [[0, 1, 4, 5], [2, 3, 4, 5], [2, 3, 4, 5]], "vals": [[4, 1, 6, 8], [2, 3, 4, 8], [5, 3, 7, 6]]}
BAD cls=212 a=0 runclass=4 cand=1,1,1,1,1,2,1,1 lemmafail=- {"sets": [[0, 1, 4, 5], [2, 3, 4, 5], [2, 3, 4, 5]], "vals": [[4, 1, 6, 8], [2, 4, 5, 8], [5, 3, 7, 6]]}
BAD cls=212 a=2 runclass=4 cand=1,1,1,1,1,2,1,1 lemmafail=- {"sets": [[0, 1, 4, 5], [2, 3, 4, 5], [2, 3, 4, 5]], "vals": [[4, 1, 6, 8], [2, 4, 5, 8], [5, 3, 7, 6]]}
BAD cls=221 a=0 runclass=4 cand=2,2,2,2,2,1,2,2 lemmafail=- {"sets": [[0, 1, 4, 5], [2, 3, 4, 5], [2, 3, 4, 5]], "vals": [[4, 1, 8, 6], [3, 5, 6, 7], [3, 2, 8, 4]]}
BAD cls=221 a=1 runclass=4 cand=2,2,2,2,2,1,2,2 lemmafail=- {"sets": [[0, 1, 4, 5], [2, 3, 4, 5], [2, 3, 4, 5]], "vals": [[4, 1, 8, 6], [3, 5, 6, 7], [3, 2, 8, 4]]}
BAD cls=221 a=0 runclass=4 cand=2,2,2,2,2,1,2,2 lemmafail=- {"sets": [[0, 1, 4, 5], [2, 3, 4, 5], [2, 3, 4, 5]], "vals": [[4, 1, 8, 6], [3, 5, 6, 7], [4, 2, 8, 5]]}
BAD cls=221 a=1 runclass=4 cand=2,2,2,2,2,1,2,2 lemmafail=- {"sets": [[0, 1, 4, 5], [2, 3, 4, 5], [2, 3, 4, 5]], "vals": [[4, 1, 8, 6], [3, 5, 6, 7], [4, 2, 8, 5]]}
BAD cls=221 a=0 runclass=4 cand=2,2,2,2,2,1,2,2 lemmafail=- {"sets": [[0, 1, 4, 5], [2, 3, 4, 5], [2, 3, 4, 5]], "vals": [[1, 4, 8, 6], [2, 7, 4, 8], [3, 2, 8, 4]]}
BAD cls=221 a=1 runclass=4 cand=2,2,2,2,2,1,2,2 lemmafail=- {"sets": [[0, 1, 4, 5], [2, 3, 4, 5], [2, 3, 4, 5]], "vals": [[1, 4, 8, 6], [2, 7, 4, 8], [3, 2, 8, 4]]}
BAD cls=221 a=0 runclass=4 cand=2,2,2,2,2,1,2,2 lemmafail=- {"sets": [[0, 1, 4, 5], [2, 3, 4, 5], [2, 3, 4, 5]], "vals": [[1, 4, 8, 6], [2, 7, 4, 8], [4, 2, 8, 5]]}
BAD cls=221 a=1 runclass=4 cand=2,2,2,2,2,1,2,2 lemmafail=- {"sets": [[0, 1, 4, 5], [2, 3, 4, 5], [2, 3, 4, 5]], "vals": [[1, 4, 8, 6], [2, 7, 4, 8], [4, 2, 8, 5]]}
BAD cls=221 a=0 runclass=4 cand=2,2,2,2,2,1,2,2 lemmafail=- {"sets": [[0, 1, 4, 5], [2, 3, 4, 5], [2, 3, 4, 5]], "vals": [[4, 1, 8, 6], [2, 7, 4, 8], [3, 2, 8, 4]]}
BAD cls=221 a=1 runclass=4 cand=2,2,2,2,2,1,2,2 lemmafail=- {"sets": [[0, 1, 4, 5], [2, 3, 4, 5], [2, 3, 4, 5]], "vals": [[4, 1, 8, 6], [2, 7, 4, 8], [3, 2, 8, 4]]}
BAD cls=221 a=0 runclass=4 cand=2,2,2,2,2,1,2,2 lemmafail=- {"sets": [[0, 1, 4, 5], [2, 3, 4, 5], [2, 3, 4, 5]], "vals": [[4, 1, 8, 6], [2, 7, 4, 8], [4, 2, 8, 5]]}
BAD cls=221 a=1 runclass=4 cand=2,2,2,2,2,1,2,2 lemmafail=- {"sets": [[0, 1, 4, 5], [2, 3, 4, 5], [2, 3, 4, 5]], "vals": [[4, 1, 8, 6], [2, 7, 4, 8], [4, 2, 8, 5]]}
BAD cls=212 a=0 runclass=4 cand=1,1,1,1,1,2,1,1 lemmafail=- {"sets": [[0, 1, 4, 5], [2, 3, 4, 5], [2, 3, 4, 5]], "vals": [[1, 4, 6, 8], [3, 2, 4, 8], [5, 3, 7, 6]]}
BAD cls=212 a=2 runclass=4 cand=1,1,1,1,1,2,1,1 lemmafail=- {"sets": [[0, 1, 4, 5], [2, 3, 4, 5], [2, 3, 4, 5]], "vals": [[1, 4, 6, 8], [3, 2, 4, 8], [5, 3, 7, 6]]}
BAD cls=212 a=0 runclass=4 cand=1,1,1,1,1,2,1,1 lemmafail=- {"sets": [[0, 1, 4, 5], [2, 3, 4, 5], [2, 3, 4, 5]], "vals": [[1, 4, 6, 8], [4, 2, 5, 8], [5, 3, 7, 6]]}
BAD cls=212 a=2 runclass=4 cand=1,1,1,1,1,2,1,1 lemmafail=- {"sets": [[0, 1, 4, 5], [2, 3, 4, 5], [2, 3, 4, 5]], "vals": [[1, 4, 6, 8], [4, 2, 5, 8], [5, 3, 7, 6]]}
BAD cls=221 a=0 runclass=4 cand=2,2,2,2,2,1,2,2 lemmafail=- {"sets": [[0, 1, 4, 5], [2, 3, 4, 5], [2, 3, 4, 5]], "vals": [[1, 4, 8, 6], [5, 3, 6, 7], [3, 2, 8, 4]]}
BAD cls=221 a=1 runclass=4 cand=2,2,2,2,2,1,2,2 lemmafail=- {"sets": [[0, 1, 4, 5], [2, 3, 4, 5], [2, 3, 4, 5]], "vals": [[1, 4, 8, 6], [5, 3, 6, 7], [3, 2, 8, 4]]}
BAD cls=221 a=0 runclass=4 cand=2,2,2,2,2,1,2,2 lemmafail=- {"sets": [[0, 1, 4, 5], [2, 3, 4, 5], [2, 3, 4, 5]], "vals": [[1, 4, 8, 6], [5, 3, 6, 7], [4, 2, 8, 5]]}
BAD cls=221 a=1 runclass=4 cand=2,2,2,2,2,1,2,2 lemmafail=- {"sets": [[0, 1, 4, 5], [2, 3, 4, 5], [2, 3, 4, 5]], "vals": [[1, 4, 8, 6], [5, 3, 6, 7], [4, 2, 8, 5]]}
BAD cls=212 a=0 runclass=4 cand=1,1,1,1,1,2,1,1 lemmafail=- {"sets": [[0, 1, 4, 5], [2, 3, 4, 5], [2, 3, 4, 5]], "vals": [[4, 1, 6, 8], [3, 2, 4, 8], [5, 3, 7, 6]]}
BAD cls=212 a=2 runclass=4 cand=1,1,1,1,1,2,1,1 lemmafail=- {"sets": [[0, 1, 4, 5], [2, 3, 4, 5], [2, 3, 4, 5]], "vals": [[4, 1, 6, 8], [3, 2, 4, 8], [5, 3, 7, 6]]}
BAD cls=212 a=0 runclass=4 cand=1,1,1,1,1,2,1,1 lemmafail=- {"sets": [[0, 1, 4, 5], [2, 3, 4, 5], [2, 3, 4, 5]], "vals": [[4, 1, 6, 8], [4, 2, 5, 8], [5, 3, 7, 6]]}
BAD cls=212 a=2 runclass=4 cand=1,1,1,1,1,2,1,1 lemmafail=- {"sets": [[0, 1, 4, 5], [2, 3, 4, 5], [2, 3, 4, 5]], "vals": [[4, 1, 6, 8], [4, 2, 5, 8], [5, 3, 7, 6]]}
BAD cls=221 a=0 runclass=4 cand=2,2,2,2,2,1,2,2 lemmafail=- {"sets": [[0, 1, 4, 5], [2, 3, 4, 5], [2, 3, 4, 5]], "vals": [[4, 1, 8, 6], [5, 3, 6, 7], [3, 2, 8, 4]]}
BAD cls=221 a=1 runclass=4 cand=2,2,2,2,2,1,2,2 lemmafail=- {"sets": [[0, 1, 4, 5], [2, 3, 4, 5], [2, 3, 4, 5]], "vals": [[4, 1, 8, 6], [5, 3, 6, 7], [3, 2, 8, 4]]}
BAD cls=221 a=0 runclass=4 cand=2,2,2,2,2,1,2,2 lemmafail=- {"sets": [[0, 1, 4, 5], [2, 3, 4, 5], [2, 3, 4, 5]], "vals": [[4, 1, 8, 6], [5, 3, 6, 7], [4, 2, 8, 5]]}
BAD cls=221 a=1 runclass=4 cand=2,2,2,2,2,1,2,2 lemmafail=- {"sets": [[0, 1, 4, 5], [2, 3, 4, 5], [2, 3, 4, 5]], "vals": [[4, 1, 8, 6], [5, 3, 6, 7], [4, 2, 8, 5]]}
BAD cls=221 a=0 runclass=4 cand=2,2,2,2,2,1,2,2 lemmafail=- {"sets": [[0, 1, 4, 5], [2, 3, 4, 5], [2, 3, 4, 5]], "vals": [[1, 4, 8, 6], [4, 5, 2, 8], [3, 2, 8, 4]]}
BAD cls=221 a=1 runclass=4 cand=2,2,2,2,2,1,2,2 lemmafail=- {"sets": [[0, 1, 4, 5], [2, 3, 4, 5], [2, 3, 4, 5]], "vals": [[1, 4, 8, 6], [4, 5, 2, 8], [3, 2, 8, 4]]}
BAD cls=221 a=0 runclass=4 cand=2,2,2,2,2,1,2,2 lemmafail=- {"sets": [[0, 1, 4, 5], [2, 3, 4, 5], [2, 3, 4, 5]], "vals": [[1, 4, 8, 6], [4, 5, 2, 8], [4, 2, 8, 5]]}
BAD cls=221 a=1 runclass=4 cand=2,2,2,2,2,1,2,2 lemmafail=- {"sets": [[0, 1, 4, 5], [2, 3, 4, 5], [2, 3, 4, 5]], "vals": [[1, 4, 8, 6], [4, 5, 2, 8], [4, 2, 8, 5]]}
BAD cls=221 a=0 runclass=4 cand=2,2,2,2,2,1,2,2 lemmafail=- {"sets": [[0, 1, 4, 5], [2, 3, 4, 5], [2, 3, 4, 5]], "vals": [[4, 1, 8, 6], [4, 5, 2, 8], [3, 2, 8, 4]]}
BAD cls=221 a=1 runclass=4 cand=2,2,2,2,2,1,2,2 lemmafail=- {"sets": [[0, 1, 4, 5], [2, 3, 4, 5], [2, 3, 4, 5]], "vals": [[4, 1, 8, 6], [4, 5, 2, 8], [3, 2, 8, 4]]}
BAD cls=221 a=0 runclass=4 cand=2,2,2,2,2,1,2,2 lemmafail=- {"sets": [[0, 1, 4, 5], [2, 3, 4, 5], [2, 3, 4, 5]], "vals": [[4, 1, 8, 6], [4, 5, 2, 8], [4, 2, 8, 5]]}
BAD cls=221 a=1 runclass=4 cand=2,2,2,2,2,1,2,2 lemmafail=- {"sets": [[0, 1, 4, 5], [2, 3, 4, 5], [2, 3, 4, 5]], "vals": [[4, 1, 8, 6], [4, 5, 2, 8], [4, 2, 8, 5]]}
BAD cls=221 a=0 runclass=4 cand=2,2,2,2,2,1,2,2 lemmafail=- {"sets": [[0, 1, 4, 5], [2, 3, 4, 5], [2, 3, 4, 5]], "vals": [[1, 4, 8, 6], [6, 3, 4, 8], [3, 2, 8, 4]]}
BAD cls=221 a=1 runclass=4 cand=2,2,2,2,2,1,2,2 lemmafail=- {"sets": [[0, 1, 4, 5], [2, 3, 4, 5], [2, 3, 4, 5]], "vals": [[1, 4, 8, 6], [6, 3, 4, 8], [3, 2, 8, 4]]}
BAD cls=221 a=0 runclass=4 cand=2,2,2,2,2,1,2,2 lemmafail=- {"sets": [[0, 1, 4, 5], [2, 3, 4, 5], [2, 3, 4, 5]], "vals": [[1, 4, 8, 6], [6, 3, 4, 8], [4, 2, 8, 5]]}
BAD cls=221 a=1 runclass=4 cand=2,2,2,2,2,1,2,2 lemmafail=- {"sets": [[0, 1, 4, 5], [2, 3, 4, 5], [2, 3, 4, 5]], "vals": [[1, 4, 8, 6], [6, 3, 4, 8], [4, 2, 8, 5]]}
BAD cls=221 a=0 runclass=4 cand=2,2,2,2,2,1,2,2 lemmafail=- {"sets": [[0, 1, 4, 5], [2, 3, 4, 5], [2, 3, 4, 5]], "vals": [[4, 1, 8, 6], [6, 3, 4, 8], [3, 2, 8, 4]]}
BAD cls=221 a=1 runclass=4 cand=2,2,2,2,2,1,2,2 lemmafail=- {"sets": [[0, 1, 4, 5], [2, 3, 4, 5], [2, 3, 4, 5]], "vals": [[4, 1, 8, 6], [6, 3, 4, 8], [3, 2, 8, 4]]}
BAD cls=221 a=0 runclass=4 cand=2,2,2,2,2,1,2,2 lemmafail=- {"sets": [[0, 1, 4, 5], [2, 3, 4, 5], [2, 3, 4, 5]], "vals": [[4, 1, 8, 6], [6, 3, 4, 8], [4, 2, 8, 5]]}
BAD cls=221 a=1 runclass=4 cand=2,2,2,2,2,1,2,2 lemmafail=- {"sets": [[0, 1, 4, 5], [2, 3, 4, 5], [2, 3, 4, 5]], "vals": [[4, 1, 8, 6], [6, 3, 4, 8], [4, 2, 8, 5]]}
BAD cls=221 a=0 runclass=4 cand=2,2,2,2,2,1,2,2 lemmafail=- {"sets": [[0, 1, 4, 5], [2, 3, 4, 5], [2, 3, 4, 5]], "vals": [[1, 4, 8, 6], [5, 4, 2, 8], [3, 2, 8, 4]]}
BAD cls=221 a=1 runclass=4 cand=2,2,2,2,2,1,2,2 lemmafail=- {"sets": [[0, 1, 4, 5], [2, 3, 4, 5], [2, 3, 4, 5]], "vals": [[1, 4, 8, 6], [5, 4, 2, 8], [3, 2, 8, 4]]}
BAD cls=221 a=0 runclass=4 cand=2,2,2,2,2,1,2,2 lemmafail=- {"sets": [[0, 1, 4, 5], [2, 3, 4, 5], [2, 3, 4, 5]], "vals": [[1, 4, 8, 6], [5, 4, 2, 8], [4, 2, 8, 5]]}
BAD cls=221 a=1 runclass=4 cand=2,2,2,2,2,1,2,2 lemmafail=- {"sets": [[0, 1, 4, 5], [2, 3, 4, 5], [2, 3, 4, 5]], "vals": [[1, 4, 8, 6], [5, 4, 2, 8], [4, 2, 8, 5]]}
BAD cls=221 a=0 runclass=4 cand=2,2,2,2,2,1,2,2 lemmafail=- {"sets": [[0, 1, 4, 5], [2, 3, 4, 5], [2, 3, 4, 5]], "vals": [[4, 1, 8, 6], [5, 4, 2, 8], [3, 2, 8, 4]]}
BAD cls=221 a=1 runclass=4 cand=2,2,2,2,2,1,2,2 lemmafail=- {"sets": [[0, 1, 4, 5], [2, 3, 4, 5], [2, 3, 4, 5]], "vals": [[4, 1, 8, 6], [5, 4, 2, 8], [3, 2, 8, 4]]}
BAD cls=221 a=0 runclass=4 cand=2,2,2,2,2,1,2,2 lemmafail=- {"sets": [[0, 1, 4, 5], [2, 3, 4, 5], [2, 3, 4, 5]], "vals": [[4, 1, 8, 6], [5, 4, 2, 8], [4, 2, 8, 5]]}
BAD cls=221 a=1 runclass=4 cand=2,2,2,2,2,1,2,2 lemmafail=- {"sets": [[0, 1, 4, 5], [2, 3, 4, 5], [2, 3, 4, 5]], "vals": [[4, 1, 8, 6], [5, 4, 2, 8], [4, 2, 8, 5]]}
BAD cls=212 a=0 runclass=4 cand=1,1,1,1,1,2,1,1 lemmafail=- {"sets": [[0, 1, 4, 5], [2, 3, 4, 5], [2, 3, 4, 5]], "vals": [[1, 4, 8, 6], [2, 3, 8, 4], [4, 5, 2, 8]]}
BAD cls=212 a=2 runclass=4 cand=1,1,1,1,1,2,1,1 lemmafail=- {"sets": [[0, 1, 4, 5], [2, 3, 4, 5], [2, 3, 4, 5]], "vals": [[1, 4, 8, 6], [2, 3, 8, 4], [4, 5, 2, 8]]}
BAD cls=212 a=0 runclass=4 cand=1,1,1,1,1,2,1,1 lemmafail=- {"sets": [[0, 1, 4, 5], [2, 3, 4, 5], [2, 3, 4, 5]], "vals": [[1, 4, 8, 6], [2, 4, 8, 5], [4, 5, 2, 8]]}
BAD cls=212 a=2 runclass=4 cand=1,1,1,1,1,2,1,1 lemmafail=- {"sets": [[0, 1, 4, 5], [2, 3, 4, 5], [2, 3, 4, 5]], "vals": [[1, 4, 8, 6], [2, 4, 8, 5], [4, 5, 2, 8]]}
BAD cls=212 a=0 runclass=4 cand=1,1,1,1,1,2,1,1 lemmafail=- {"sets": [[0, 1, 4, 5], [2, 3, 4, 5], [2, 3, 4, 5]], "vals": [[4, 1, 8, 6], [2, 3, 8, 4], [4, 5, 2, 8]]}
BAD cls=212 a=2 runclass=4 cand=1,1,1,1,1,2,1,1 lemmafail=- {"sets": [[0, 1, 4, 5], [2, 3, 4, 5], [2, 3, 4, 5]], "vals": [[4, 1, 8, 6], [2, 3, 8, 4], [4, 5, 2, 8]]}
BAD cls=212 a=0 runclass=4 cand=1,1,1,1,1,2,1,1 lemmafail=- {"sets": [[0, 1, 4, 5], [2, 3, 4, 5], [2, 3, 4, 5]], "vals": [[4, 1, 8, 6], [2, 4, 8, 5], [4, 5, 2, 8]]}
BAD cls=212 a=2 runclass=4 cand=1,1,1,1,1,2,1,1 lemmafail=- {"sets": [[0, 1, 4, 5], [2, 3, 4, 5], [2, 3, 4, 5]], "vals": [[4, 1, 8, 6], [2, 4, 8, 5], [4, 5, 2, 8]]}
BAD cls=212 a=0 runclass=4 cand=1,1,1,1,1,2,1,1 lemmafail=- {"sets": [[0, 1, 4, 5], [2, 3, 4, 5], [2, 3, 4, 5]], "vals": [[1, 4, 8, 6], [3, 2, 8, 4], [4, 5, 2, 8]]}
BAD cls=212 a=2 runclass=4 cand=1,1,1,1,1,2,1,1 lemmafail=- {"sets": [[0, 1, 4, 5], [2, 3, 4, 5], [2, 3, 4, 5]], "vals": [[1, 4, 8, 6], [3, 2, 8, 4], [4, 5, 2, 8]]}
BAD cls=212 a=0 runclass=4 cand=1,1,1,1,1,2,1,1 lemmafail=- {"sets": [[0, 1, 4, 5], [2, 3, 4, 5], [2, 3, 4, 5]], "vals": [[1, 4, 8, 6], [4, 2, 8, 5], [4, 5, 2, 8]]}
BAD cls=212 a=2 runclass=4 cand=1,1,1,1,1,2,1,1 lemmafail=- {"sets": [[0, 1, 4, 5], [2, 3, 4, 5], [2, 3, 4, 5]], "vals": [[1, 4, 8, 6], [4, 2, 8, 5], [4, 5, 2, 8]]}
BAD cls=212 a=0 runclass=4 cand=1,1,1,1,1,2,1,1 lemmafail=- {"sets": [[0, 1, 4, 5], [2, 3, 4, 5], [2, 3, 4, 5]], "vals": [[4, 1, 8, 6], [3, 2, 8, 4], [4, 5, 2, 8]]}
BAD cls=212 a=2 runclass=4 cand=1,1,1,1,1,2,1,1 lemmafail=- {"sets": [[0, 1, 4, 5], [2, 3, 4, 5], [2, 3, 4, 5]], "vals": [[4, 1, 8, 6], [3, 2, 8, 4], [4, 5, 2, 8]]}
BAD cls=212 a=0 runclass=4 cand=1,1,1,1,1,2,1,1 lemmafail=- {"sets": [[0, 1, 4, 5], [2, 3, 4, 5], [2, 3, 4, 5]], "vals": [[4, 1, 8, 6], [4, 2, 8, 5], [4, 5, 2, 8]]}
BAD cls=212 a=2 runclass=4 cand=1,1,1,1,1,2,1,1 lemmafail=- {"sets": [[0, 1, 4, 5], [2, 3, 4, 5], [2, 3, 4, 5]], "vals": [[4, 1, 8, 6], [4, 2, 8, 5], [4, 5, 2, 8]]}
BAD cls=212 a=0 runclass=4 cand=1,1,1,1,1,2,1,1 lemmafail=- {"sets": [[0, 1, 4, 5], [2, 3, 4, 5], [2, 3, 4, 5]], "vals": [[1, 4, 6, 8], [2, 3, 4, 8], [4, 5, 8, 2]]}
BAD cls=212 a=2 runclass=4 cand=1,1,1,1,1,2,1,1 lemmafail=- {"sets": [[0, 1, 4, 5], [2, 3, 4, 5], [2, 3, 4, 5]], "vals": [[1, 4, 6, 8], [2, 3, 4, 8], [4, 5, 8, 2]]}
BAD cls=212 a=0 runclass=4 cand=1,1,1,1,1,2,1,1 lemmafail=- {"sets": [[0, 1, 4, 5], [2, 3, 4, 5], [2, 3, 4, 5]], "vals": [[1, 4, 6, 8], [2, 4, 5, 8], [4, 5, 8, 2]]}
BAD cls=212 a=2 runclass=4 cand=1,1,1,1,1,2,1,1 lemmafail=- {"sets": [[0, 1, 4, 5], [2, 3, 4, 5], [2, 3, 4, 5]], "vals": [[1, 4, 6, 8], [2, 4, 5, 8], [4, 5, 8, 2]]}
BAD cls=212 a=0 runclass=4 cand=1,1,1,1,1,2,1,1 lemmafail=- {"sets": [[0, 1, 4, 5], [2, 3, 4, 5], [2, 3, 4, 5]], "vals": [[4, 1, 6, 8], [2, 3, 4, 8], [4, 5, 8, 2]]}
BAD cls=212 a=2 runclass=4 cand=1,1,1,1,1,2,1,1 lemmafail=- {"sets": [[0, 1, 4, 5], [2, 3, 4, 5], [2, 3, 4, 5]], "vals": [[4, 1, 6, 8], [2, 3, 4, 8], [4, 5, 8, 2]]}
BAD cls=212 a=0 runclass=4 cand=1,1,1,1,1,2,1,1 lemmafail=- {"sets": [[0, 1, 4, 5], [2, 3, 4, 5], [2, 3, 4, 5]], "vals": [[4, 1, 6, 8], [2, 4, 5, 8], [4, 5, 8, 2]]}
BAD cls=212 a=2 runclass=4 cand=1,1,1,1,1,2,1,1 lemmafail=- {"sets": [[0, 1, 4, 5], [2, 3, 4, 5], [2, 3, 4, 5]], "vals": [[4, 1, 6, 8], [2, 4, 5, 8], [4, 5, 8, 2]]}
BAD cls=212 a=0 runclass=4 cand=1,1,1,1,1,2,1,1 lemmafail=- {"sets": [[0, 1, 4, 5], [2, 3, 4, 5], [2, 3, 4, 5]], "vals": [[1, 4, 6, 8], [3, 2, 4, 8], [4, 5, 8, 2]]}
BAD cls=212 a=2 runclass=4 cand=1,1,1,1,1,2,1,1 lemmafail=- {"sets": [[0, 1, 4, 5], [2, 3, 4, 5], [2, 3, 4, 5]], "vals": [[1, 4, 6, 8], [3, 2, 4, 8], [4, 5, 8, 2]]}
BAD cls=212 a=0 runclass=4 cand=1,1,1,1,1,2,1,1 lemmafail=- {"sets": [[0, 1, 4, 5], [2, 3, 4, 5], [2, 3, 4, 5]], "vals": [[1, 4, 6, 8], [4, 2, 5, 8], [4, 5, 8, 2]]}
BAD cls=212 a=2 runclass=4 cand=1,1,1,1,1,2,1,1 lemmafail=- {"sets": [[0, 1, 4, 5], [2, 3, 4, 5], [2, 3, 4, 5]], "vals": [[1, 4, 6, 8], [4, 2, 5, 8], [4, 5, 8, 2]]}
BAD cls=212 a=0 runclass=4 cand=1,1,1,1,1,2,1,1 lemmafail=- {"sets": [[0, 1, 4, 5], [2, 3, 4, 5], [2, 3, 4, 5]], "vals": [[4, 1, 6, 8], [3, 2, 4, 8], [4, 5, 8, 2]]}
BAD cls=212 a=2 runclass=4 cand=1,1,1,1,1,2,1,1 lemmafail=- {"sets": [[0, 1, 4, 5], [2, 3, 4, 5], [2, 3, 4, 5]], "vals": [[4, 1, 6, 8], [3, 2, 4, 8], [4, 5, 8, 2]]}
BAD cls=212 a=0 runclass=4 cand=1,1,1,1,1,2,1,1 lemmafail=- {"sets": [[0, 1, 4, 5], [2, 3, 4, 5], [2, 3, 4, 5]], "vals": [[4, 1, 6, 8], [4, 2, 5, 8], [4, 5, 8, 2]]}
BAD cls=212 a=2 runclass=4 cand=1,1,1,1,1,2,1,1 lemmafail=- {"sets": [[0, 1, 4, 5], [2, 3, 4, 5], [2, 3, 4, 5]], "vals": [[4, 1, 6, 8], [4, 2, 5, 8], [4, 5, 8, 2]]}
BAD cls=212 a=0 runclass=4 cand=1,1,1,1,1,2,1,1 lemmafail=- {"sets": [[0, 1, 4, 5], [2, 3, 4, 5], [2, 3, 4, 5]], "vals": [[1, 4, 8, 6], [2, 3, 8, 4], [6, 3, 4, 8]]}
BAD cls=212 a=2 runclass=4 cand=1,1,1,1,1,2,1,1 lemmafail=- {"sets": [[0, 1, 4, 5], [2, 3, 4, 5], [2, 3, 4, 5]], "vals": [[1, 4, 8, 6], [2, 3, 8, 4], [6, 3, 4, 8]]}
BAD cls=212 a=0 runclass=4 cand=1,1,1,1,1,2,1,1 lemmafail=- {"sets": [[0, 1, 4, 5], [2, 3, 4, 5], [2, 3, 4, 5]], "vals": [[1, 4, 8, 6], [2, 4, 8, 5], [6, 3, 4, 8]]}
BAD cls=212 a=2 runclass=4 cand=1,1,1,1,1,2,1,1 lemmafail=- {"sets": [[0, 1, 4, 5], [2, 3, 4, 5], [2, 3, 4, 5]], "vals": [[1, 4, 8, 6], [2, 4, 8, 5], [6, 3, 4, 8]]}
BAD cls=212 a=0 runclass=4 cand=1,1,1,1,1,2,1,1 lemmafail=- {"sets": [[0, 1, 4, 5], [2, 3, 4, 5], [2, 3, 4, 5]], "vals": [[4, 1, 8, 6], [2, 3, 8, 4], [6, 3, 4, 8]]}
BAD cls=212 a=2 runclass=4 cand=1,1,1,1,1,2,1,1 lemmafail=- {"sets": [[0, 1, 4, 5], [2, 3, 4, 5], [2, 3, 4, 5]], "vals": [[4, 1, 8, 6], [2, 3, 8, 4], [6, 3, 4, 8]]}
BAD cls=212 a=0 runclass=4 cand=1,1,1,1,1,2,1,1 lemmafail=- {"sets": [[0, 1, 4, 5], [2, 3, 4, 5], [2, 3, 4, 5]], "vals": [[4, 1, 8, 6], [2, 4, 8, 5], [6, 3, 4, 8]]}
BAD cls=212 a=2 runclass=4 cand=1,1,1,1,1,2,1,1 lemmafail=- {"sets": [[0, 1, 4, 5], [2, 3, 4, 5], [2, 3, 4, 5]], "vals": [[4, 1, 8, 6], [2, 4, 8, 5], [6, 3, 4, 8]]}
BAD cls=212 a=0 runclass=4 cand=1,1,1,1,1,2,1,1 lemmafail=- {"sets": [[0, 1, 4, 5], [2, 3, 4, 5], [2, 3, 4, 5]], "vals": [[1, 4, 8, 6], [3, 2, 8, 4], [6, 3, 4, 8]]}
BAD cls=212 a=2 runclass=4 cand=1,1,1,1,1,2,1,1 lemmafail=- {"sets": [[0, 1, 4, 5], [2, 3, 4, 5], [2, 3, 4, 5]], "vals": [[1, 4, 8, 6], [3, 2, 8, 4], [6, 3, 4, 8]]}
BAD cls=212 a=0 runclass=4 cand=1,1,1,1,1,2,1,1 lemmafail=- {"sets": [[0, 1, 4, 5], [2, 3, 4, 5], [2, 3, 4, 5]], "vals": [[1, 4, 8, 6], [4, 2, 8, 5], [6, 3, 4, 8]]}
BAD cls=212 a=2 runclass=4 cand=1,1,1,1,1,2,1,1 lemmafail=- {"sets": [[0, 1, 4, 5], [2, 3, 4, 5], [2, 3, 4, 5]], "vals": [[1, 4, 8, 6], [4, 2, 8, 5], [6, 3, 4, 8]]}
BAD cls=212 a=0 runclass=4 cand=1,1,1,1,1,2,1,1 lemmafail=- {"sets": [[0, 1, 4, 5], [2, 3, 4, 5], [2, 3, 4, 5]], "vals": [[4, 1, 8, 6], [3, 2, 8, 4], [6, 3, 4, 8]]}
BAD cls=212 a=2 runclass=4 cand=1,1,1,1,1,2,1,1 lemmafail=- {"sets": [[0, 1, 4, 5], [2, 3, 4, 5], [2, 3, 4, 5]], "vals": [[4, 1, 8, 6], [3, 2, 8, 4], [6, 3, 4, 8]]}
BAD cls=212 a=0 runclass=4 cand=1,1,1,1,1,2,1,1 lemmafail=- {"sets": [[0, 1, 4, 5], [2, 3, 4, 5], [2, 3, 4, 5]], "vals": [[4, 1, 8, 6], [4, 2, 8, 5], [6, 3, 4, 8]]}
BAD cls=212 a=2 runclass=4 cand=1,1,1,1,1,2,1,1 lemmafail=- {"sets": [[0, 1, 4, 5], [2, 3, 4, 5], [2, 3, 4, 5]], "vals": [[4, 1, 8, 6], [4, 2, 8, 5], [6, 3, 4, 8]]}
BAD cls=212 a=0 runclass=4 cand=1,1,1,1,1,2,1,1 lemmafail=- {"sets": [[0, 1, 4, 5], [2, 3, 4, 5], [2, 3, 4, 5]], "vals": [[1, 4, 6, 8], [2, 3, 4, 8], [6, 3, 7, 5]]}
BAD cls=212 a=2 runclass=4 cand=1,1,1,1,1,2,1,1 lemmafail=- {"sets": [[0, 1, 4, 5], [2, 3, 4, 5], [2, 3, 4, 5]], "vals": [[1, 4, 6, 8], [2, 3, 4, 8], [6, 3, 7, 5]]}
BAD cls=212 a=0 runclass=4 cand=1,1,1,1,1,2,1,1 lemmafail=- {"sets": [[0, 1, 4, 5], [2, 3, 4, 5], [2, 3, 4, 5]], "vals": [[1, 4, 6, 8], [2, 4, 5, 8], [6, 3, 7, 5]]}
BAD cls=212 a=2 runclass=4 cand=1,1,1,1,1,2,1,1 lemmafail=- {"sets": [[0, 1, 4, 5], [2, 3, 4, 5], [2, 3, 4, 5]], "vals": [[1, 4, 6, 8], [2, 4, 5, 8], [6, 3, 7, 5]]}
BAD cls=212 a=0 runclass=4 cand=1,1,1,1,1,2,1,1 lemmafail=- {"sets": [[0, 1, 4, 5], [2, 3, 4, 5], [2, 3, 4, 5]], "vals": [[4, 1, 6, 8], [2, 3, 4, 8], [6, 3, 7, 5]]}
BAD cls=212 a=2 runclass=4 cand=1,1,1,1,1,2,1,1 lemmafail=- {"sets": [[0, 1, 4, 5], [2, 3, 4, 5], [2, 3, 4, 5]], "vals": [[4, 1, 6, 8], [2, 3, 4, 8], [6, 3, 7, 5]]}
BAD cls=212 a=0 runclass=4 cand=1,1,1,1,1,2,1,1 lemmafail=- {"sets": [[0, 1, 4, 5], [2, 3, 4, 5], [2, 3, 4, 5]], "vals": [[4, 1, 6, 8], [2, 4, 5, 8], [6, 3, 7, 5]]}
BAD cls=212 a=2 runclass=4 cand=1,1,1,1,1,2,1,1 lemmafail=- {"sets": [[0, 1, 4, 5], [2, 3, 4, 5], [2, 3, 4, 5]], "vals": [[4, 1, 6, 8], [2, 4, 5, 8], [6, 3, 7, 5]]}
BAD cls=212 a=0 runclass=4 cand=1,1,1,1,1,2,1,1 lemmafail=- {"sets": [[0, 1, 4, 5], [2, 3, 4, 5], [2, 3, 4, 5]], "vals": [[1, 4, 6, 8], [3, 2, 4, 8], [6, 3, 7, 5]]}
BAD cls=212 a=2 runclass=4 cand=1,1,1,1,1,2,1,1 lemmafail=- {"sets": [[0, 1, 4, 5], [2, 3, 4, 5], [2, 3, 4, 5]], "vals": [[1, 4, 6, 8], [3, 2, 4, 8], [6, 3, 7, 5]]}
BAD cls=212 a=0 runclass=4 cand=1,1,1,1,1,2,1,1 lemmafail=- {"sets": [[0, 1, 4, 5], [2, 3, 4, 5], [2, 3, 4, 5]], "vals": [[1, 4, 6, 8], [4, 2, 5, 8], [6, 3, 7, 5]]}
BAD cls=212 a=2 runclass=4 cand=1,1,1,1,1,2,1,1 lemmafail=- {"sets": [[0, 1, 4, 5], [2, 3, 4, 5], [2, 3, 4, 5]], "vals": [[1, 4, 6, 8], [4, 2, 5, 8], [6, 3, 7, 5]]}
BAD cls=212 a=0 runclass=4 cand=1,1,1,1,1,2,1,1 lemmafail=- {"sets": [[0, 1, 4, 5], [2, 3, 4, 5], [2, 3, 4, 5]], "vals": [[4, 1, 6, 8], [3, 2, 4, 8], [6, 3, 7, 5]]}
BAD cls=212 a=2 runclass=4 cand=1,1,1,1,1,2,1,1 lemmafail=- {"sets": [[0, 1, 4, 5], [2, 3, 4, 5], [2, 3, 4, 5]], "vals": [[4, 1, 6, 8], [3, 2, 4, 8], [6, 3, 7, 5]]}
BAD cls=212 a=0 runclass=4 cand=1,1,1,1,1,2,1,1 lemmafail=- {"sets": [[0, 1, 4, 5], [2, 3, 4, 5], [2, 3, 4, 5]], "vals": [[4, 1, 6, 8], [4, 2, 5, 8], [6, 3, 7, 5]]}
BAD cls=212 a=2 runclass=4 cand=1,1,1,1,1,2,1,1 lemmafail=- {"sets": [[0, 1, 4, 5], [2, 3, 4, 5], [2, 3, 4, 5]], "vals": [[4, 1, 6, 8], [4, 2, 5, 8], [6, 3, 7, 5]]}
BAD cls=212 a=0 runclass=4 cand=1,1,1,1,1,2,1,1 lemmafail=- {"sets": [[0, 1, 4, 5], [2, 3, 4, 5], [2, 3, 4, 5]], "vals": [[1, 4, 8, 6], [2, 3, 8, 4], [5, 4, 2, 8]]}
BAD cls=212 a=2 runclass=4 cand=1,1,1,1,1,2,1,1 lemmafail=- {"sets": [[0, 1, 4, 5], [2, 3, 4, 5], [2, 3, 4, 5]], "vals": [[1, 4, 8, 6], [2, 3, 8, 4], [5, 4, 2, 8]]}
BAD cls=212 a=0 runclass=4 cand=1,1,1,1,1,2,1,1 lemmafail=- {"sets": [[0, 1, 4, 5], [2, 3, 4, 5], [2, 3, 4, 5]], "vals": [[1, 4, 8, 6], [2, 4, 8, 5], [5, 4, 2, 8]]}
BAD cls=212 a=2 runclass=4 cand=1,1,1,1,1,2,1,1 lemmafail=- {"sets": [[0, 1, 4, 5], [2, 3, 4, 5], [2, 3, 4, 5]], "vals": [[1, 4, 8, 6], [2, 4, 8, 5], [5, 4, 2, 8]]}
BAD cls=212 a=0 runclass=4 cand=1,1,1,1,1,2,1,1 lemmafail=- {"sets": [[0, 1, 4, 5], [2, 3, 4, 5], [2, 3, 4, 5]], "vals": [[4, 1, 8, 6], [2, 3, 8, 4], [5, 4, 2, 8]]}
BAD cls=212 a=2 runclass=4 cand=1,1,1,1,1,2,1,1 lemmafail=- {"sets": [[0, 1, 4, 5], [2, 3, 4, 5], [2, 3, 4, 5]], "vals": [[4, 1, 8, 6], [2, 3, 8, 4], [5, 4, 2, 8]]}
BAD cls=212 a=0 runclass=4 cand=1,1,1,1,1,2,1,1 lemmafail=- {"sets": [[0, 1, 4, 5], [2, 3, 4, 5], [2, 3, 4, 5]], "vals": [[4, 1, 8, 6], [2, 4, 8, 5], [5, 4, 2, 8]]}
BAD cls=212 a=2 runclass=4 cand=1,1,1,1,1,2,1,1 lemmafail=- {"sets": [[0, 1, 4, 5], [2, 3, 4, 5], [2, 3, 4, 5]], "vals": [[4, 1, 8, 6], [2, 4, 8, 5], [5, 4, 2, 8]]}
BAD cls=212 a=0 runclass=4 cand=1,1,1,1,1,2,1,1 lemmafail=- {"sets": [[0, 1, 4, 5], [2, 3, 4, 5], [2, 3, 4, 5]], "vals": [[1, 4, 8, 6], [3, 2, 8, 4], [5, 4, 2, 8]]}
BAD cls=212 a=2 runclass=4 cand=1,1,1,1,1,2,1,1 lemmafail=- {"sets": [[0, 1, 4, 5], [2, 3, 4, 5], [2, 3, 4, 5]], "vals": [[1, 4, 8, 6], [3, 2, 8, 4], [5, 4, 2, 8]]}
BAD cls=212 a=0 runclass=4 cand=1,1,1,1,1,2,1,1 lemmafail=- {"sets": [[0, 1, 4, 5], [2, 3, 4, 5], [2, 3, 4, 5]], "vals": [[1, 4, 8, 6], [4, 2, 8, 5], [5, 4, 2, 8]]}
BAD cls=212 a=2 runclass=4 cand=1,1,1,1,1,2,1,1 lemmafail=- {"sets": [[0, 1, 4, 5], [2, 3, 4, 5], [2, 3, 4, 5]], "vals": [[1, 4, 8, 6], [4, 2, 8, 5], [5, 4, 2, 8]]}
BAD cls=212 a=0 runclass=4 cand=1,1,1,1,1,2,1,1 lemmafail=- {"sets": [[0, 1, 4, 5], [2, 3, 4, 5], [2, 3, 4, 5]], "vals": [[4, 1, 8, 6], [3, 2, 8, 4], [5, 4, 2, 8]]}
BAD cls=212 a=2 runclass=4 cand=1,1,1,1,1,2,1,1 lemmafail=- {"sets": [[0, 1, 4, 5], [2, 3, 4, 5], [2, 3, 4, 5]], "vals": [[4, 1, 8, 6], [3, 2, 8, 4], [5, 4, 2, 8]]}
BAD cls=212 a=0 runclass=4 cand=1,1,1,1,1,2,1,1 lemmafail=- {"sets": [[0, 1, 4, 5], [2, 3, 4, 5], [2, 3, 4, 5]], "vals": [[4, 1, 8, 6], [4, 2, 8, 5], [5, 4, 2, 8]]}
BAD cls=212 a=2 runclass=4 cand=1,1,1,1,1,2,1,1 lemmafail=- {"sets": [[0, 1, 4, 5], [2, 3, 4, 5], [2, 3, 4, 5]], "vals": [[4, 1, 8, 6], [4, 2, 8, 5], [5, 4, 2, 8]]}
BAD cls=212 a=0 runclass=4 cand=1,1,1,1,1,2,1,1 lemmafail=- {"sets": [[0, 1, 4, 5], [2, 3, 4, 5], [2, 3, 4, 5]], "vals": [[1, 4, 6, 8], [2, 3, 4, 8], [5, 4, 8, 2]]}
BAD cls=212 a=2 runclass=4 cand=1,1,1,1,1,2,1,1 lemmafail=- {"sets": [[0, 1, 4, 5], [2, 3, 4, 5], [2, 3, 4, 5]], "vals": [[1, 4, 6, 8], [2, 3, 4, 8], [5, 4, 8, 2]]}
BAD cls=212 a=0 runclass=4 cand=1,1,1,1,1,2,1,1 lemmafail=- {"sets": [[0, 1, 4, 5], [2, 3, 4, 5], [2, 3, 4, 5]], "vals": [[1, 4, 6, 8], [2, 4, 5, 8], [5, 4, 8, 2]]}
BAD cls=212 a=2 runclass=4 cand=1,1,1,1,1,2,1,1 lemmafail=- {"sets": [[0, 1, 4, 5], [2, 3, 4, 5], [2, 3, 4, 5]], "vals": [[1, 4, 6, 8], [2, 4, 5, 8], [5, 4, 8, 2]]}
BAD cls=212 a=0 runclass=4 cand=1,1,1,1,1,2,1,1 lemmafail=- {"sets": [[0, 1, 4, 5], [2, 3, 4, 5], [2, 3, 4, 5]], "vals": [[4, 1, 6, 8], [2, 3, 4, 8], [5, 4, 8, 2]]}
BAD cls=212 a=2 runclass=4 cand=1,1,1,1,1,2,1,1 lemmafail=- {"sets": [[0, 1, 4, 5], [2, 3, 4, 5], [2, 3, 4, 5]], "vals": [[4, 1, 6, 8], [2, 3, 4, 8], [5, 4, 8, 2]]}
BAD cls=212 a=0 runclass=4 cand=1,1,1,1,1,2,1,1 lemmafail=- {"sets": [[0, 1, 4, 5], [2, 3, 4, 5], [2, 3, 4, 5]], "vals": [[4, 1, 6, 8], [2, 4, 5, 8], [5, 4, 8, 2]]}
BAD cls=212 a=2 runclass=4 cand=1,1,1,1,1,2,1,1 lemmafail=- {"sets": [[0, 1, 4, 5], [2, 3, 4, 5], [2, 3, 4, 5]], "vals": [[4, 1, 6, 8], [2, 4, 5, 8], [5, 4, 8, 2]]}
BAD cls=212 a=0 runclass=4 cand=1,1,1,1,1,2,1,1 lemmafail=- {"sets": [[0, 1, 4, 5], [2, 3, 4, 5], [2, 3, 4, 5]], "vals": [[1, 4, 6, 8], [3, 2, 4, 8], [5, 4, 8, 2]]}
BAD cls=212 a=2 runclass=4 cand=1,1,1,1,1,2,1,1 lemmafail=- {"sets": [[0, 1, 4, 5], [2, 3, 4, 5], [2, 3, 4, 5]], "vals": [[1, 4, 6, 8], [3, 2, 4, 8], [5, 4, 8, 2]]}
BAD cls=212 a=0 runclass=4 cand=1,1,1,1,1,2,1,1 lemmafail=- {"sets": [[0, 1, 4, 5], [2, 3, 4, 5], [2, 3, 4, 5]], "vals": [[1, 4, 6, 8], [4, 2, 5, 8], [5, 4, 8, 2]]}
BAD cls=212 a=2 runclass=4 cand=1,1,1,1,1,2,1,1 lemmafail=- {"sets": [[0, 1, 4, 5], [2, 3, 4, 5], [2, 3, 4, 5]], "vals": [[1, 4, 6, 8], [4, 2, 5, 8], [5, 4, 8, 2]]}
BAD cls=212 a=0 runclass=4 cand=1,1,1,1,1,2,1,1 lemmafail=- {"sets": [[0, 1, 4, 5], [2, 3, 4, 5], [2, 3, 4, 5]], "vals": [[4, 1, 6, 8], [3, 2, 4, 8], [5, 4, 8, 2]]}
BAD cls=212 a=2 runclass=4 cand=1,1,1,1,1,2,1,1 lemmafail=- {"sets": [[0, 1, 4, 5], [2, 3, 4, 5], [2, 3, 4, 5]], "vals": [[4, 1, 6, 8], [3, 2, 4, 8], [5, 4, 8, 2]]}
BAD cls=212 a=0 runclass=4 cand=1,1,1,1,1,2,1,1 lemmafail=- {"sets": [[0, 1, 4, 5], [2, 3, 4, 5], [2, 3, 4, 5]], "vals": [[4, 1, 6, 8], [4, 2, 5, 8], [5, 4, 8, 2]]}
BAD cls=212 a=2 runclass=4 cand=1,1,1,1,1,2,1,1 lemmafail=- {"sets": [[0, 1, 4, 5], [2, 3, 4, 5], [2, 3, 4, 5]], "vals": [[4, 1, 6, 8], [4, 2, 5, 8], [5, 4, 8, 2]]}
BAD cls=210 a=0 runclass=4 cand=2,2,2,2,2,0,2,2 lemmafail=- {"sets": [[0, 2, 4, 5], [1, 3, 5], [2, 3, 4, 5]], "vals": [[1, 4, 6, 8], [2, 4, 3], [2, 8, 3, 4]]}
BAD cls=210 a=0 runclass=4 cand=2,2,2,2,2,0,2,2 lemmafail=- {"sets": [[0, 2, 4, 5], [1, 3, 5], [2, 3, 4, 5]], "vals": [[1, 4, 6, 8], [2, 4, 3], [2, 8, 4, 5]]}
BAD cls=210 a=0 runclass=4 cand=2,2,2,2,2,0,2,2 lemmafail=- {"sets": [[0, 2, 4, 5], [1, 3, 5], [2, 3, 4, 5]], "vals": [[2, 6, 7, 10], [2, 4, 3], [2, 8, 3, 4]]}
BAD cls=210 a=0 runclass=4 cand=2,2,2,2,2,0,2,2 lemmafail=- {"sets": [[0, 2, 4, 5], [1, 3, 5], [2, 3, 4, 5]], "vals": [[2, 6, 7, 10], [2, 4, 3], [2, 8, 4, 5]]}
BAD cls=210 a=0 runclass=4 cand=2,2,2,2,2,0,2,2 lemmafail=- {"sets": [[0, 2, 4, 5], [1, 3, 5], [2, 3, 4, 5]], "vals": [[1, 6, 4, 8], [2, 4, 3], [2, 8, 3, 4]]}
BAD cls=210 a=0 runclass=4 cand=2,2,2,2,2,0,2,2 lemmafail=- {"sets": [[0, 2, 4, 5], [1, 3, 5], [2, 3, 4, 5]], "vals": [[1, 6, 4, 8], [2, 4, 3], [2, 8, 4, 5]]}
BAD cls=210 a=0 runclass=4 cand=2,2,2,2,2,0,2,2 lemmafail=- {"sets": [[0, 2, 4, 5], [1, 3, 5], [2, 3, 4, 5]], "vals": [[2, 7, 6, 10], [2, 4, 3], [2, 8, 3, 4]]}
BAD cls=210 a=0 runclass=4 cand=2,2,2,2,2,0,2,2 lemmafail=- {"sets": [[0, 2, 4, 5], [1, 3, 5], [2, 3, 4, 5]], "vals": [[2, 7, 6, 10], [2, 4, 3], [2, 8, 4, 5]]}
BAD cls=210 a=0 runclass=4 cand=2,2,2,2,2,0,2,2 lemmafail=- {"sets": [[0, 2, 4, 5], [1, 3, 5], [2, 3, 4, 5]], "vals": [[1, 4, 6, 8], [2, 4, 3], [3, 8, 2, 4]]}
BAD cls=210 a=0 runclass=4 cand=2,2,2,2,2,0,2,2 lemmafail=- {"sets": [[0, 2, 4, 5], [1, 3, 5], [2, 3, 4, 5]], "vals": [[1, 4, 6, 8], [2, 4, 3], [4, 8, 2, 5]]}
BAD cls=210 a=0 runclass=4 cand=2,2,2,2,2,0,2,2 lemmafail=- {"sets": [[0, 2, 4, 5], [1, 3, 5], [2, 3, 4, 5]], "vals": [[2, 6, 7, 10], [2, 4, 3], [3, 8, 2, 4]]}
BAD cls=210 a=0 runclass=4 cand=2,2,2,2,2,0,2,2 lemmafail=- {"sets": [[0, 2, 4, 5], [1, 3, 5], [2, 3, 4, 5]], "vals": [[2, 6, 7, 10], [2, 4, 3], [4, 8, 2, 5]]}
BAD cls=210 a=0 runclass=4 cand=2,2,2,2,2,0,2,2 lemmafail=- {"sets": [[0, 2, 4, 5], [1, 3, 5], [2, 3, 4, 5]], "vals": [[1, 6, 4, 8], [2, 4, 3], [3, 8, 2, 4]]}
BAD cls=210 a=0 runclass=4 cand=2,2,2,2,2,0,2,2 lemmafail=- {"sets": [[0, 2, 4, 5], [1, 3, 5], [2, 3, 4, 5]], "vals": [[1, 6, 4, 8], [2, 4, 3], [4, 8, 2, 5]]}
BAD cls=210 a=0 runclass=4 cand=2,2,2,2,2,0,2,2 lemmafail=- {"sets": [[0, 2, 4, 5], [1, 3, 5], [2, 3, 4, 5]], "vals": [[2, 7, 6, 10], [2, 4, 3], [3, 8, 2, 4]]}
BAD cls=210 a=0 runclass=4 cand=2,2,2,2,2,0,2,2 lemmafail=- {"sets": [[0, 2, 4, 5], [1, 3, 5], [2, 3, 4, 5]], "vals": [[2, 7, 6, 10], [2, 4, 3], [4, 8, 2, 5]]}
BAD cls=210 a=0 runclass=4 cand=2,2,2,2,2,0,2,2 lemmafail=- {"sets": [[0, 2, 4, 5], [1, 3, 4, 5], [2, 3, 4, 5]], "vals": [[1, 4, 6, 8], [2, 8, 4, 7], [2, 8, 3, 4]]}
BAD cls=210 a=0 runclass=4 cand=2,2,2,2,2,0,2,2 lemmafail=- {"sets": [[0, 2, 4, 5], [1, 3, 4, 5], [2, 3, 4, 5]], "vals": [[1, 4, 6, 8], [2, 8, 4, 7], [2, 8, 4, 5]]}
BAD cls=210 a=0 runclass=4 cand=2,2,2,2,2,0,2,2 lemmafail=- {"sets": [[0, 2, 4, 5], [1, 3, 4, 5], [2, 3, 4, 5]], "vals": [[2, 6, 7, 10], [2, 8, 4, 7], [2, 8, 3, 4]]}
BAD cls=210 a=0 runclass=4 cand=2,2,2,2,2,0,2,2 lemmafail=- {"sets": [[0, 2, 4, 5], [1, 3, 4, 5], [2, 3, 4, 5]], "vals": [[2, 6, 7, 10], [2, 8, 4, 7], [2, 8, 4, 5]]}
BAD cls=210 a=0 runclass=4 cand=2,2,2,2,2,0,2,2 lemmafail=- {"sets": [[0, 2, 4, 5], [1, 3, 4, 5], [2, 3, 4, 5]], "vals": [[1, 6, 4, 8], [2, 8, 4, 7], [2, 8, 3, 4]]}
BAD cls=210 a=0 runclass=4 cand=2,2,2,2,2,0,2,2 lemmafail=- {"sets": [[0, 2, 4, 5], [1, 3, 4, 5], [2, 3, 4, 5]], "vals": [[1, 6, 4, 8], [2, 8, 4, 7], [2, 8, 4, 5]]}
BAD cls=210 a=0 runclass=4 cand=2,2,2,2,2,0,2,2 lemmafail=- {"sets": [[0, 2, 4, 5], [1, 3, 4, 5], [2, 3, 4, 5]], "vals": [[2, 7, 6, 10], [2, 8, 4, 7], [2, 8, 3, 4]]}
BAD cls=210 a=0 runclass=4 cand=2,2,2,2,2,0,2,2 lemmafail=- {"sets": [[0, 2, 4, 5], [1, 3, 4, 5], [2, 3, 4, 5]], "vals": [[2, 7, 6, 10], [2, 8, 4, 7], [2, 8, 4, 5]]}
BAD cls=210 a=0 runclass=4 cand=2,2,2,2,2,0,2,2 lemmafail=- {"sets": [[0, 2, 4, 5], [1, 3, 4, 5], [2, 3, 4, 5]], "vals": [[1, 4, 6, 8], [4, 8, 1, 6], [2, 8, 3, 4]]}
BAD cls=210 a=0 runclass=4 cand=2,2,2,2,2,0,2,2 lemmafail=- {"sets": [[0, 2, 4, 5], [1, 3, 4, 5], [2, 3, 4, 5]], "vals": [[1, 4, 6, 8], [4, 8, 1, 6], [2, 8, 4, 5]]}
BAD cls=210 a=0 runclass=4 cand=2,2,2,2,2,0,2,2 lemmafail=- {"sets": [[0, 2, 4, 5], [1, 3, 4, 5], [2, 3, 4, 5]], "vals": [[1, 4, 6, 8], [4, 10, 2, 7], [2, 8, 3, 4]]}
BAD cls=210 a=0 runclass=4 cand=2,2,2,2,2,0,2,2 lemmafail=- {"sets": [[0, 2, 4, 5], [1, 3, 4, 5], [2, 3, 4, 5]], "vals": [[1, 4, 6, 8], [4, 10, 2, 7], [2, 8, 4, 5]]}
BAD cls=210 a=0 runclass=4 cand=2,2,2,2,2,0,2,2 lemmafail=- {"sets": [[0, 2, 4, 5], [1, 3, 4, 5], [2, 3, 4, 5]], "vals": [[2, 6, 7, 10], [4, 8, 1, 6], [2, 8, 3, 4]]}
BAD cls=210 a=0 runclass=4 cand=2,2,2,2,2,0,2,2 lemmafail=- {"sets": [[0, 2, 4, 5], [1, 3, 4, 5], [2, 3, 4, 5]], "vals": [[2, 6, 7, 10], [4, 8, 1, 6], [2, 8, 4, 5]]}
BAD cls=210 a=0 runclass=4 cand=2,2,2,2,2,0,2,2 lemmafail=- {"sets": [[0, 2, 4, 5], [1, 3, 4, 5], [2, 3, 4, 5]], "vals": [[2, 6, 7, 10], [4, 10, 2, 7], [2, 8, 3, 4]]}
BAD cls=210 a=0 runclass=4 cand=2,2,2,2,2,0,2,2 lemmafail=- {"sets": [[0, 2, 4, 5], [1, 3, 4, 5], [2, 3, 4, 5]], "vals": [[2, 6, 7, 10], [4, 10, 2, 7], [2, 8, 4, 5]]}
BAD cls=210 a=0 runclass=4 cand=2,2,2,2,2,0,2,2 lemmafail=- {"sets": [[0, 2, 4, 5], [1, 3, 4, 5], [2, 3, 4, 5]], "vals": [[1, 6, 4, 8], [4, 8, 1, 6], [2, 8, 3, 4]]}
BAD cls=210 a=0 runclass=4 cand=2,2,2,2,2,0,2,2 lemmafail=- {"sets": [[0, 2, 4, 5], [1, 3, 4, 5], [2, 3, 4, 5]], "vals": [[1, 6, 4, 8], [4, 8, 1, 6], [2, 8, 4, 5]]}
BAD cls=210 a=0 runclass=4 cand=2,2,2,2,2,0,2,2 lemmafail=- {"sets": [[0, 2, 4, 5], [1, 3, 4, 5], [2, 3, 4, 5]], "vals": [[1, 6, 4, 8], [4, 10, 2, 7], [2, 8, 3, 4]]}
BAD cls=210 a=0 runclass=4 cand=2,2,2,2,2,0,2,2 lemmafail=- {"sets": [[0, 2, 4, 5], [1, 3, 4, 5], [2, 3, 4, 5]], "vals": [[1, 6, 4, 8], [4, 10, 2, 7], [2, 8, 4, 5]]}
BAD cls=210 a=0 runclass=4 cand=2,2,2,2,2,0,2,2 lemmafail=- {"sets": [[0, 2, 4, 5], [1, 3, 4, 5], [2, 3, 4, 5]], "vals": [[2, 7, 6, 10], [4, 8, 1, 6], [2, 8, 3, 4]]}
BAD cls=210 a=0 runclass=4 cand=2,2,2,2,2,0,2,2 lemmafail=- {"sets": [[0, 2, 4, 5], [1, 3, 4, 5], [2, 3, 4, 5]], "vals": [[2, 7, 6, 10], [4, 8, 1, 6], [2, 8, 4, 5]]}
BAD cls=210 a=0 runclass=4 cand=2,2,2,2,2,0,2,2 lemmafail=- {"sets": [[0, 2, 4, 5], [1, 3, 4, 5], [2, 3, 4, 5]], "vals": [[2, 7, 6, 10], [4, 10, 2, 7], [2, 8, 3, 4]]}
BAD cls=210 a=0 runclass=4 cand=2,2,2,2,2,0,2,2 lemmafail=- {"sets": [[0, 2, 4, 5], [1, 3, 4, 5], [2, 3, 4, 5]], "vals": [[2, 7, 6, 10], [4, 10, 2, 7], [2, 8, 4, 5]]}
BAD cls=210 a=0 runclass=4 cand=2,2,2,2,2,0,2,2 lemmafail=- {"sets": [[0, 2, 4, 5], [1, 3, 4, 5], [2, 3, 4, 5]], "vals": [[1, 4, 8, 6], [2, 8, 7, 4], [2, 8, 4, 3]]}
BAD cls=210 a=0 runclass=4 cand=2,2,2,2,2,0,2,2 lemmafail=- {"sets": [[0, 2, 4, 5], [1, 3, 4, 5], [2, 3, 4, 5]], "vals": [[1, 4, 8, 6], [2, 8, 7, 4], [2, 8, 5, 4]]}
BAD cls=210 a=0 runclass=4 cand=2,2,2,2,2,0,2,2 lemmafail=- {"sets": [[0, 2, 4, 5], [1, 3, 4, 5], [2, 3, 4, 5]], "vals": [[2, 6, 10, 7], [2, 8, 7, 4], [2, 8, 4, 3]]}
BAD cls=210 a=0 runclass=4 cand=2,2,2,2,2,0,2,2 lemmafail=- {"sets": [[0, 2, 4, 5], [1, 3, 4, 5], [2, 3, 4, 5]], "vals": [[2, 6, 10, 7], [2, 8, 7, 4], [2, 8, 5, 4]]}
BAD cls=210 a=0 runclass=4 cand=2,2,2,2,2,0,2,2 lemmafail=- {"sets": [[0, 2, 4, 5], [1, 3, 4, 5], [2, 3, 4, 5]], "vals": [[1, 6, 8, 4], [2, 8, 7, 4], [2, 8, 4, 3]]}
BAD cls=210 a=0 runclass=4 cand=2,2,2,2,2,0,2,2 lemmafail=- {"sets": [[0, 2, 4, 5], [1, 3, 4, 5], [2, 3, 4, 5]], "vals": [[1, 6, 8, 4], [2, 8, 7, 4], [2, 8, 5, 4]]}
BAD cls=210 a=0 runclass=4 cand=2,2,2,2,2,0,2,2 lemmafail=- {"sets": [[0, 2, 4, 5], [1, 3, 4, 5], [2, 3, 4, 5]], "vals": [[2, 7, 10, 6], [2, 8, 7, 4], [2, 8, 4, 3]]}
BAD cls=210 a=0 runclass=4 cand=2,2,2,2,2,0,2,2 lemmafail=- {"sets": [[0, 2, 4, 5], [1, 3, 4, 5], [2, 3, 4, 5]], "vals": [[2, 7, 10, 6], [2, 8, 7, 4], [2, 8, 5, 4]]}
BAD cls=210 a=0 runclass=4 cand=2,2,2,2,2,0,2,2 lemmafail=- {"sets": [[0, 2, 4, 5], [1, 3, 4, 5], [2, 3, 4, 5]], "vals": [[1, 4, 8, 6], [4, 8, 6, 1], [2, 8, 4, 3]]}
BAD cls=210 a=0 runclass=4 cand=2,2,2,2,2,0,2,2 lemmafail=- {"sets": [[0, 2, 4, 5], [1, 3, 4, 5], [2, 3, 4, 5]], "vals": [[1, 4, 8, 6], [4, 8, 6, 1], [2, 8, 5, 4]]}
BAD cls=210 a=0 runclass=4 cand=2,2,2,2,2,0,2,2 lemmafail=- {"sets": [[0, 2, 4, 5], [1, 3, 4, 5], [2, 3, 4, 5]], "vals": [[1, 4, 8, 6], [4, 10, 7, 2], [2, 8, 4, 3]]}
BAD cls=210 a=0 runclass=4 cand=2,2,2,2,2,0,2,2 lemmafail=- {"sets": [[0, 2, 4, 5], [1, 3, 4, 5], [2, 3, 4, 5]], "vals": [[1, 4, 8, 6], [4, 10, 7, 2], [2, 8, 5, 4]]}
BAD cls=210 a=0 runclass=4 cand=2,2,2,2,2,0,2,2 lemmafail=- {"sets": [[0, 2, 4, 5], [1, 3, 4, 5], [2, 3, 4, 5]], "vals": [[2, 6, 10, 7], [4, 8, 6, 1], [2, 8, 4, 3]]}
BAD cls=210 a=0 runclass=4 cand=2,2,2,2,2,0,2,2 lemmafail=- {"sets": [[0, 2, 4, 5], [1, 3, 4, 5], [2, 3, 4, 5]], "vals": [[2, 6, 10, 7], [4, 8, 6, 1], [2, 8, 5, 4]]}
BAD cls=210 a=0 runclass=4 cand=2,2,2,2,2,0,2,2 lemmafail=- {"sets": [[0, 2, 4, 5], [1, 3, 4, 5], [2, 3, 4, 5]], "vals": [[2, 6, 10, 7], [4, 10, 7, 2], [2, 8, 4, 3]]}
BAD cls=210 a=0 runclass=4 cand=2,2,2,2,2,0,2,2 lemmafail=- {"sets": [[0, 2, 4, 5], [1, 3, 4, 5], [2, 3, 4, 5]], "vals": [[2, 6, 10, 7], [4, 10, 7, 2], [2, 8, 5, 4]]}
BAD cls=210 a=0 runclass=4 cand=2,2,2,2,2,0,2,2 lemmafail=- {"sets": [[0, 2, 4, 5], [1, 3, 4, 5], [2, 3, 4, 5]], "vals": [[1, 6, 8, 4], [4, 8, 6, 1], [2, 8, 4, 3]]}
BAD cls=210 a=0 runclass=4 cand=2,2,2,2,2,0,2,2 lemmafail=- {"sets": [[0, 2, 4, 5], [1, 3, 4, 5], [2, 3, 4, 5]], "vals": [[1, 6, 8, 4], [4, 8, 6, 1], [2, 8, 5, 4]]}
BAD cls=210 a=0 runclass=4 cand=2,2,2,2,2,0,2,2 lemmafail=- {"sets": [[0, 2, 4, 5], [1, 3, 4, 5], [2, 3, 4, 5]], "vals": [[1, 6, 8, 4], [4, 10, 7, 2], [2, 8, 4, 3]]}
BAD cls=210 a=0 runclass=4 cand=2,2,2,2,2,0,2,2 lemmafail=- {"sets": [[0, 2, 4, 5], [1, 3, 4, 5], [2, 3, 4, 5]], "vals": [[1, 6, 8, 4], [4, 10, 7, 2], [2, 8, 5, 4]]}
BAD cls=210 a=0 runclass=4 cand=2,2,2,2,2,0,2,2 lemmafail=- {"sets": [[0, 2, 4, 5], [1, 3, 4, 5], [2, 3, 4, 5]], "vals": [[2, 7, 10, 6], [4, 8, 6, 1], [2, 8, 4, 3]]}
BAD cls=210 a=0 runclass=4 cand=2,2,2,2,2,0,2,2 lemmafail=- {"sets": [[0, 2, 4, 5], [1, 3, 4, 5], [2, 3, 4, 5]], "vals": [[2, 7, 10, 6], [4, 8, 6, 1], [2, 8, 5, 4]]}
BAD cls=210 a=0 runclass=4 cand=2,2,2,2,2,0,2,2 lemmafail=- {"sets": [[0, 2, 4, 5], [1, 3, 4, 5], [2, 3, 4, 5]], "vals": [[2, 7, 10, 6], [4, 10, 7, 2], [2, 8, 4, 3]]}
BAD cls=210 a=0 runclass=4 cand=2,2,2,2,2,0,2,2 lemmafail=- {"sets": [[0, 2, 4, 5], [1, 3, 4, 5], [2, 3, 4, 5]], "vals": [[2, 7, 10, 6], [4, 10, 7, 2], [2, 8, 5, 4]]}
BAD cls=210 a=0 runclass=4 cand=2,2,2,2,2,0,2,2 lemmafail=- {"sets": [[0, 2, 4, 5], [1, 3, 4, 5], [2, 3, 4, 5]], "vals": [[1, 4, 6, 8], [2, 8, 4, 7], [3, 8, 2, 4]]}
BAD cls=210 a=0 runclass=4 cand=2,2,2,2,2,0,2,2 lemmafail=- {"sets": [[0, 2, 4, 5], [1, 3, 4, 5], [2, 3, 4, 5]], "vals": [[1, 4, 6, 8], [2, 8, 4, 7], [4, 8, 2, 5]]}
BAD cls=210 a=0 runclass=4 cand=2,2,2,2,2,0,2,2 lemmafail=- {"sets": [[0, 2, 4, 5], [1, 3, 4, 5], [2, 3, 4, 5]], "vals": [[2, 6, 7, 10], [2, 8, 4, 7], [3, 8, 2, 4]]}
BAD cls=210 a=0 runclass=4 cand=2,2,2,2,2,0,2,2 lemmafail=- {"sets": [[0, 2, 4, 5], [1, 3, 4, 5], [2, 3, 4, 5]], "vals": [[2, 6, 7, 10], [2, 8, 4, 7], [4, 8, 2, 5]]}
BAD cls=210 a=0 runclass=4 cand=2,2,2,2,2,0,2,2 lemmafail=- {"sets": [[0, 2, 4, 5], [1, 3, 4, 5], [2, 3, 4, 5]], "vals": [[1, 6, 4, 8], [2, 8, 4, 7], [3, 8, 2, 4]]}
BAD cls=210 a=0 runclass=4 cand=2,2,2,2,2,0,2,2 lemmafail=- {"sets": [[0, 2, 4, 5], [1, 3, 4, 5], [2, 3, 4, 5]], "vals": [[1, 6, 4, 8], [2, 8, 4, 7], [4, 8, 2, 5]]}
BAD cls=210 a=0 runclass=4 cand=2,2,2,2,2,0,2,2 lemmafail=- {"sets": [[0, 2, 4, 5], [1, 3, 4, 5], [2, 3, 4, 5]], "vals": [[2, 7, 6, 10], [2, 8, 4, 7], [3, 8, 2, 4]]}
BAD cls=210 a=0 runclass=4 cand=2,2,2,2,2,0,2,2 lemmafail=- {"sets": [[0, 2, 4, 5], [1, 3, 4, 5], [2, 3, 4, 5]], "vals": [[2, 7, 6, 10], [2, 8, 4, 7], [4, 8, 2, 5]]}
BAD cls=210 a=0 runclass=4 cand=2,2,2,2,2,0,2,2 lemmafail=- {"sets": [[0, 2, 4, 5], [1, 3, 4, 5], [2, 3, 4, 5]], "vals": [[1, 4, 6, 8], [4, 8, 1, 6], [3, 8, 2, 4]]}
BAD cls=210 a=0 runclass=4 cand=2,2,2,2,2,0,2,2 lemmafail=- {"sets": [[0, 2, 4, 5], [1, 3, 4, 5], [2, 3, 4, 5]], "vals": [[1, 4, 6, 8], [4, 8, 1, 6], [4, 8, 2, 5]]}
BAD cls=210 a=0 runclass=4 cand=2,2,2,2,2,0,2,2 lemmafail=- {"sets": [[0, 2, 4, 5], [1, 3, 4, 5], [2, 3, 4, 5]], "vals": [[1, 4, 6, 8], [4, 10, 2, 7], [3, 8, 2, 4]]}
BAD cls=210 a=0 runclass=4 cand=2,2,2,2,2,0,2,2 lemmafail=- {"sets": [[0, 2, 4, 5], [1, 3, 4, 5], [2, 3, 4, 5]], "vals": [[1, 4, 6, 8], [4, 10, 2, 7], [4, 8, 2, 5]]}
BAD cls=210 a=0 runclass=4 cand=2,2,2,2,2,0,2,2 lemmafail=- {"sets": [[0, 2, 4, 5], [1, 3, 4, 5], [2, 3, 4, 5]], "vals": [[2, 6, 7, 10], [4, 8, 1, 6], [3, 8, 2, 4]]}
BAD cls=210 a=0 runclass=4 cand=2,2,2,2,2,0,2,2 lemmafail=- {"sets": [[0, 2, 4, 5], [1, 3, 4, 5], [2, 3, 4, 5]], "vals": [[2, 6, 7, 10], [4, 8, 1, 6], [4, 8, 2, 5]]}
BAD cls=210 a=0 runclass=4 cand=2,2,2,2,2,0,2,2 lemmafail=- {"sets": [[0, 2, 4, 5], [1, 3, 4, 5], [2, 3, 4, 5]], "vals": [[2, 6, 7, 10], [4, 10, 2, 7], [3, 8, 2, 4]]}
BAD cls=210 a=0 runclass=4 cand=2,2,2,2,2,0,2,2 lemmafail=- {"sets": [[0, 2, 4, 5], [1, 3, 4, 5], [2, 3, 4, 5]], "vals": [[2, 6, 7, 10], [4, 10, 2, 7], [4, 8, 2, 5]]}
BAD cls=210 a=0 runclass=4 cand=2,2,2,2,2,0,2,2 lemmafail=- {"sets": [[0, 2, 4, 5], [1, 3, 4, 5], [2, 3, 4, 5]], "vals": [[1, 6, 4, 8], [4, 8, 1, 6], [3, 8, 2, 4]]}
BAD cls=210 a=0 runclass=4 cand=2,2,2,2,2,0,2,2 lemmafail=- {"sets": [[0, 2, 4, 5], [1, 3, 4, 5], [2, 3, 4, 5]], "vals": [[1, 6, 4, 8], [4, 8, 1, 6], [4, 8, 2, 5]]}
BAD cls=210 a=0 runclass=4 cand=2,2,2,2,2,0,2,2 lemmafail=- {"sets": [[0, 2, 4, 5], [1, 3, 4, 5], [2, 3, 4, 5]], "vals": [[1, 6, 4, 8], [4, 10, 2, 7], [3, 8, 2, 4]]}
BAD cls=210 a=0 runclass=4 cand=2,2,2,2,2,0,2,2 lemmafail=- {"sets": [[0, 2, 4, 5], [1, 3, 4, 5], [2, 3, 4, 5]], "vals": [[1, 6, 4, 8], [4, 10, 2, 7], [4, 8, 2, 5]]}
BAD cls=210 a=0 runclass=4 cand=2,2,2,2,2,0,2,2 lemmafail=- {"sets": [[0, 2, 4, 5], [1, 3, 4, 5], [2, 3, 4, 5]], "vals": [[2, 7, 6, 10], [4, 8, 1, 6], [3, 8, 2, 4]]}
BAD cls=210 a=0 runclass=4 cand=2,2,2,2,2,0,2,2 lemmafail=- {"sets": [[0, 2, 4, 5], [1, 3, 4, 5], [2, 3, 4, 5]], "vals": [[2, 7, 6, 10], [4, 8, 1, 6], [4, 8, 2, 5]]}
BAD cls=210 a=0 runclass=4 cand=2,2,2,2,2,0,2,2 lemmafail=- {"sets": [[0, 2, 4, 5], [1, 3, 4, 5], [2, 3, 4, 5]], "vals": [[2, 7, 6, 10], [4, 10, 2, 7], [3, 8, 2, 4]]}
BAD cls=210 a=0 runclass=4 cand=2,2,2,2,2,0,2,2 lemmafail=- {"sets": [[0, 2, 4, 5], [1, 3, 4, 5], [2, 3, 4, 5]], "vals": [[2, 7, 6, 10], [4, 10, 2, 7], [4, 8, 2, 5]]}
BAD cls=210 a=0 runclass=4 cand=2,2,2,2,2,0,2,2 lemmafail=- {"sets": [[0, 2, 4, 5], [1, 3, 4, 5], [2, 3, 4, 5]], "vals": [[1, 4, 8, 6], [2, 8, 7, 4], [3, 8, 4, 2]]}
BAD cls=210 a=0 runclass=4 cand=2,2,2,2,2,0,2,2 lemmafail=- {"sets": [[0, 2, 4, 5], [1, 3, 4, 5], [2, 3, 4, 5]], "vals": [[1, 4, 8, 6], [2, 8, 7, 4], [4, 8, 5, 2]]}
BAD cls=210 a=0 runclass=4 cand=2,2,2,2,2,0,2,2 lemmafail=- {"sets": [[0, 2, 4, 5], [1, 3, 4, 5], [2, 3, 4, 5]], "vals": [[2, 6, 10, 7], [2, 8, 7, 4], [3, 8, 4, 2]]}
BAD cls=210 a=0 runclass=4 cand=2,2,2,2,2,0,2,2 lemmafail=- {"sets": [[0, 2, 4, 5], [1, 3, 4, 5], [2, 3, 4, 5]], "vals": [[2, 6, 10, 7], [2, 8, 7, 4], [4, 8, 5, 2]]}
BAD cls=210 a=0 runclass=4 cand=2,2,2,2,2,0,2,2 lemmafail=- {"sets": [[0, 2, 4, 5], [1, 3, 4, 5], [2, 3, 4, 5]], "vals": [[1, 6, 8, 4], [2, 8, 7, 4], [3, 8, 4, 2]]}
BAD cls=210 a=0 runclass=4 cand=2,2,2,2,2,0,2,2 lemmafail=- {"sets": [[0, 2, 4, 5], [1, 3, 4, 5], [2, 3, 4, 5]], "vals": [[1, 6, 8, 4], [2, 8, 7, 4], [4, 8, 5, 2]]}
BAD cls=210 a=0 runclass=4 cand=2,2,2,2,2,0,2,2 lemmafail=- {"sets": [[0, 2, 4, 5], [1, 3, 4, 5], [2, 3, 4, 5]], "vals": [[2, 7, 10, 6], [2, 8, 7, 4], [3, 8, 4, 2]]}
BAD cls=210 a=0 runclass=4 cand=2,2,2,2,2,0,2,2 lemmafail=- {"sets": [[0, 2, 4, 5], [1, 3, 4, 5], [2, 3, 4, 5]], "vals": [[2, 7, 10, 6], [2, 8, 7, 4], [4, 8, 5, 2]]}
BAD cls=210 a=0 runclass=4 cand=2,2,2,2,2,0,2,2 lemmafail=- {"sets": [[0, 2, 4, 5], [1, 3, 4, 5], [2, 3, 4, 5]], "vals": [[1, 4, 8, 6], [4, 8, 6, 1], [3, 8, 4, 2]]}
BAD cls=210 a=0 runclass=4 cand=2,2,2,2,2,0,2,2 lemmafail=- {"sets": [[0, 2, 4, 5], [1, 3, 4, 5], [2, 3, 4, 5]], "vals": [[1, 4, 8, 6], [4, 8, 6, 1], [4, 8, 5, 2]]}
BAD cls=210 a=0 runclass=4 cand=2,2,2,2,2,0,2,2 lemmafail=- {"sets": [[0, 2, 4, 5], [1, 3, 4, 5], [2, 3, 4, 5]], "vals": [[1, 4, 8, 6], [4, 10, 7, 2], [3, 8, 4, 2]]}
BAD cls=210 a=0 runclass=4 cand=2,2,2,2,2,0,2,2 lemmafail=- {"sets": [[0, 2, 4, 5], [1, 3, 4, 5], [2, 3, 4, 5]], "vals": [[1, 4, 8, 6], [4, 10, 7, 2], [4, 8, 5, 2]]}
BAD cls=210 a=0 runclass=4 cand=2,2,2,2,2,0,2,2 lemmafail=- {"sets": [[0, 2, 4, 5], [1, 3, 4, 5], [2, 3, 4, 5]], "vals": [[2, 6, 10, 7], [4, 8, 6, 1], [3, 8, 4, 2]]}
BAD cls=210 a=0 runclass=4 cand=2,2,2,2,2,0,2,2 lemmafail=- {"sets": [[0, 2, 4, 5], [1, 3, 4, 5], [2, 3, 4, 5]], "vals": [[2, 6, 10, 7], [4, 8, 6, 1], [4, 8, 5, 2]]}
BAD cls=210 a=0 runclass=4 cand=2,2,2,2,2,0,2,2 lemmafail=- {"sets": [[0, 2, 4, 5], [1, 3, 4, 5], [2, 3, 4, 5]], "vals": [[2, 6, 10, 7], [4, 10, 7, 2], [3, 8, 4, 2]]}
BAD cls=210 a=0 runclass=4 cand=2,2,2,2,2,0,2,2 lemmafail=- {"sets": [[0, 2, 4, 5], [1, 3, 4, 5], [2, 3, 4, 5]], "vals": [[2, 6, 10, 7], [4, 10, 7, 2], [4, 8, 5, 2]]}
BAD cls=210 a=0 runclass=4 cand=2,2,2,2,2,0,2,2 lemmafail=- {"sets": [[0, 2, 4, 5], [1, 3, 4, 5], [2, 3, 4, 5]], "vals": [[1, 6, 8, 4], [4, 8, 6, 1], [3, 8, 4, 2]]}
BAD cls=210 a=0 runclass=4 cand=2,2,2,2,2,0,2,2 lemmafail=- {"sets": [[0, 2, 4, 5], [1, 3, 4, 5], [2, 3, 4, 5]], "vals": [[1, 6, 8, 4], [4, 8, 6, 1], [4, 8, 5, 2]]}
BAD cls=210 a=0 runclass=4 cand=2,2,2,2,2,0,2,2 lemmafail=- {"sets": [[0, 2, 4, 5], [1, 3, 4, 5], [2, 3, 4, 5]], "vals": [[1, 6, 8, 4], [4, 10, 7, 2], [3, 8, 4, 2]]}
BAD cls=210 a=0 runclass=4 cand=2,2,2,2,2,0,2,2 lemmafail=- {"sets": [[0, 2, 4, 5], [1, 3, 4, 5], [2, 3, 4, 5]], "vals": [[1, 6, 8, 4], [4, 10, 7, 2], [4, 8, 5, 2]]}
BAD cls=210 a=0 runclass=4 cand=2,2,2,2,2,0,2,2 lemmafail=- {"sets": [[0, 2, 4, 5], [1, 3, 4, 5], [2, 3, 4, 5]], "vals": [[2, 7, 10, 6], [4, 8, 6, 1], [3, 8, 4, 2]]}
BAD cls=210 a=0 runclass=4 cand=2,2,2,2,2,0,2,2 lemmafail=- {"sets": [[0, 2, 4, 5], [1, 3, 4, 5], [2, 3, 4, 5]], "vals": [[2, 7, 10, 6], [4, 8, 6, 1], [4, 8, 5, 2]]}
BAD cls=210 a=0 runclass=4 cand=2,2,2,2,2,0,2,2 lemmafail=- {"sets": [[0, 2, 4, 5], [1, 3, 4, 5], [2, 3, 4, 5]], "vals": [[2, 7, 10, 6], [4, 10, 7, 2], [3, 8, 4, 2]]}
BAD cls=210 a=0 runclass=4 cand=2,2,2,2,2,0,2,2 lemmafail=- {"sets": [[0, 2, 4, 5], [1, 3, 4, 5], [2, 3, 4, 5]], "vals": [[2, 7, 10, 6], [4, 10, 7, 2], [4, 8, 5, 2]]}
BAD cls=120 a=1 runclass=4 cand=2,2,2,2,2,1,2,2 lemmafail=- {"sets": [[0, 2, 4, 5], [1, 3, 4, 5], [2, 3, 4, 5]], "vals": [[2, 8, 4, 7], [1, 4, 6, 8], [8, 2, 3, 4]]}
BAD cls=120 a=1 runclass=4 cand=2,2,2,2,2,1,2,2 lemmafail=- {"sets": [[0, 2, 4, 5], [1, 3, 4, 5], [2, 3, 4, 5]], "vals": [[2, 8, 4, 7], [1, 4, 6, 8], [8, 2, 4, 5]]}
BAD cls=120 a=1 runclass=4 cand=2,2,2,2,2,1,2,2 lemmafail=- {"sets": [[0, 2, 4, 5], [1, 3, 4, 5], [2, 3, 4, 5]], "vals": [[2, 8, 4, 7], [2, 6, 7, 10], [8, 2, 3, 4]]}
BAD cls=120 a=1 runclass=4 cand=2,2,2,2,2,1,2,2 lemmafail=- {"sets": [[0, 2, 4, 5], [1, 3, 4, 5], [2, 3, 4, 5]], "vals": [[2, 8, 4, 7], [2, 6, 7, 10], [8, 2, 4, 5]]}
BAD cls=120 a=1 runclass=4 cand=2,2,2,2,2,1,2,2 lemmafail=- {"sets": [[0, 2, 4, 5], [1, 3, 4, 5], [2, 3, 4, 5]], "vals": [[4, 8, 1, 6], [1, 4, 6, 8], [8, 2, 3, 4]]}
BAD cls=120 a=1 runclass=4 cand=2,2,2,2,2,1,2,2 lemmafail=- {"sets": [[0, 2, 4, 5], [1, 3, 4, 5], [2, 3, 4, 5]], "vals": [[4, 8, 1, 6], [1, 4, 6, 8], [8, 2, 4, 5]]}
BAD cls=120 a=1 runclass=4 cand=2,2,2,2,2,1,2,2 lemmafail=- {"sets": [[0, 2, 4, 5], [1, 3, 4, 5], [2, 3, 4, 5]], "vals": [[4, 10, 2, 7], [1, 4, 6, 8], [8, 2, 3, 4]]}
BAD cls=120 a=1 runclass=4 cand=2,2,2,2,2,1,2,2 lemmafail=- {"sets": [[0, 2, 4, 5], [1, 3, 4, 5], [2, 3, 4, 5]], "vals": [[4, 10, 2, 7], [1, 4, 6, 8], [8, 2, 4, 5]]}
BAD cls=120 a=1 runclass=4 cand=2,2,2,2,2,1,2,2 lemmafail=- {"sets": [[0, 2, 4, 5], [1, 3, 4, 5], [2, 3, 4, 5]], "vals": [[4, 8, 1, 6], [2, 6, 7, 10], [8, 2, 3, 4]]}
BAD cls=120 a=1 runclass=4 cand=2,2,2,2,2,1,2,2 lemmafail=- {"sets": [[0, 2, 4, 5], [1, 3, 4, 5], [2, 3, 4, 5]], "vals": [[4, 8, 1, 6], [2, 6, 7, 10], [8, 2, 4, 5]]}
BAD cls=120 a=1 runclass=4 cand=2,2,2,2,2,1,2,2 lemmafail=- {"sets": [[0, 2, 4, 5], [1, 3, 4, 5], [2, 3, 4, 5]], "vals": [[4, 10, 2, 7], [2, 6, 7, 10], [8, 2, 3, 4]]}
BAD cls=120 a=1 runclass=4 cand=2,2,2,2,2,1,2,2 lemmafail=- {"sets": [[0, 2, 4, 5], [1, 3, 4, 5], [2, 3, 4, 5]], "vals": [[4, 10, 2, 7], [2, 6, 7, 10], [8, 2, 4, 5]]}
BAD cls=120 a=1 runclass=4 cand=2,2,2,2,2,1,2,2 lemmafail=- {"sets": [[0, 2, 4, 5], [1, 3, 4, 5], [2, 3, 4, 5]], "vals": [[2, 8, 4, 7], [1, 6, 4, 8], [8, 2, 3, 4]]}
BAD cls=120 a=1 runclass=4 cand=2,2,2,2,2,1,2,2 lemmafail=- {"sets": [[0, 2, 4, 5], [1, 3, 4, 5], [2, 3, 4, 5]], "vals": [[2, 8, 4, 7], [1, 6, 4, 8], [8, 2, 4, 5]]}
BAD cls=120 a=1 runclass=4 cand=2,2,2,2,2,1,2,2 lemmafail=- {"sets": [[0, 2, 4, 5], [1, 3, 4, 5], [2, 3, 4, 5]], "vals": [[2, 8, 4, 7], [2, 7, 6, 10], [8, 2, 3, 4]]}
BAD cls=120 a=1 runclass=4 cand=2,2,2,2,2,1,2,2 lemmafail=- {"sets": [[0, 2, 4, 5], [1, 3, 4, 5], [2, 3, 4, 5]], "vals": [[2, 8, 4, 7], [2, 7, 6, 10], [8, 2, 4, 5]]}
BAD cls=120 a=1 runclass=4 cand=2,2,2,2,2,1,2,2 lemmafail=- {"sets": [[0, 2, 4, 5], [1, 3, 4, 5], [2, 3, 4, 5]], "vals": [[4, 8, 1, 6], [1, 6, 4, 8], [8, 2, 3, 4]]}
BAD cls=120 a=1 runclass=4 cand=2,2,2,2,2,1,2,2 lemmafail=- {"sets": [[0, 2, 4, 5], [1, 3, 4, 5], [2, 3, 4, 5]], "vals": [[4, 8, 1, 6], [1, 6, 4, 8], [8, 2, 4, 5]]}
BAD cls=120 a=1 runclass=4 cand=2,2,2,2,2,1,2,2 lemmafail=- {"sets": [[0, 2, 4, 5], [1, 3, 4, 5], [2, 3, 4, 5]], "vals": [[4, 10, 2, 7], [1, 6, 4, 8], [8, 2, 3, 4]]}
BAD cls=120 a=1 runclass=4 cand=2,2,2,2,2,1,2,2 lemmafail=- {"sets": [[0, 2, 4, 5], [1, 3, 4, 5], [2, 3, 4, 5]], "vals": [[4, 10, 2, 7], [1, 6, 4, 8], [8, 2, 4, 5]]}
BAD cls=120 a=1 runclass=4 cand=2,2,2,2,2,1,2,2 lemmafail=- {"sets": [[0, 2, 4, 5], [1, 3, 4, 5], [2, 3, 4, 5]], "vals": [[4, 8, 1, 6], [2, 7, 6, 10], [8, 2, 3, 4]]}
BAD cls=120 a=1 runclass=4 cand=2,2,2,2,2,1,2,2 lemmafail=- {"sets": [[0, 2, 4, 5], [1, 3, 4, 5], [2, 3, 4, 5]], "vals": [[4, 8, 1, 6], [2, 7, 6, 10], [8, 2, 4, 5]]}
BAD cls=120 a=1 runclass=4 cand=2,2,2,2,2,1,2,2 lemmafail=- {"sets": [[0, 2, 4, 5], [1, 3, 4, 5], [2, 3, 4, 5]], "vals": [[4, 10, 2, 7], [2, 7, 6, 10], [8, 2, 3, 4]]}
BAD cls=120 a=1 runclass=4 cand=2,2,2,2,2,1,2,2 lemmafail=- {"sets": [[0, 2, 4, 5], [1, 3, 4, 5], [2, 3, 4, 5]], "vals": [[4, 10, 2, 7], [2, 7, 6, 10], [8, 2, 4, 5]]}
BAD cls=120 a=1 runclass=4 cand=2,2,2,2,2,1,2,2 lemmafail=- {"sets": [[0, 2, 4, 5], [1, 3, 4, 5], [2, 3, 4, 5]], "vals": [[2, 8, 7, 4], [1, 4, 8, 6], [8, 2, 4, 3]]}
BAD cls=120 a=1 runclass=4 cand=2,2,2,2,2,1,2,2 lemmafail=- {"sets": [[0, 2, 4, 5], [1, 3, 4, 5], [2, 3, 4, 5]], "vals": [[2, 8, 7, 4], [1, 4, 8, 6], [8, 2, 5, 4]]}
BAD cls=120 a=1 runclass=4 cand=2,2,2,2,2,1,2,2 lemmafail=- {"sets": [[0, 2, 4, 5], [1, 3, 4, 5], [2, 3, 4, 5]], "vals": [[2, 8, 7, 4], [2, 6, 10, 7], [8, 2, 4, 3]]}
BAD cls=120 a=1 runclass=4 cand=2,2,2,2,2,1,2,2 lemmafail=- {"sets": [[0, 2, 4, 5], [1, 3, 4, 5], [2, 3, 4, 5]], "vals": [[2, 8, 7, 4], [2, 6, 10, 7], [8, 2, 5, 4]]}
BAD cls=120 a=1 runclass=4 cand=2,2,2,2,2,1,2,2 lemmafail=- {"sets": [[0, 2, 4, 5], [1, 3, 4, 5], [2, 3, 4, 5]], "vals": [[4, 8, 6, 1], [1, 4, 8, 6], [8, 2, 4, 3]]}
BAD cls=120 a=1 runclass=4 cand=2,2,2,2,2,1,2,2 lemmafail=- {"sets": [[0, 2, 4, 5], [1, 3, 4, 5], [2, 3, 4, 5]], "vals": [[4, 8, 6, 1], [1, 4, 8, 6], [8, 2, 5, 4]]}
BAD cls=120 a=1 runclass=4 cand=2,2,2,2,2,1,2,2 lemmafail=- {"sets": [[0, 2, 4, 5], [1, 3, 4, 5], [2, 3, 4, 5]], "vals": [[4, 10, 7, 2], [1, 4, 8, 6], [8, 2, 4, 3]]}
BAD cls=120 a=1 runclass=4 cand=2,2,2,2,2,1,2,2 lemmafail=- {"sets": [[0, 2, 4, 5], [1, 3, 4, 5], [2, 3, 4, 5]], "vals": [[4, 10, 7, 2], [1, 4, 8, 6], [8, 2, 5, 4]]}
BAD cls=120 a=1 runclass=4 cand=2,2,2,2,2,1,2,2 lemmafail=- {"sets": [[0, 2, 4, 5], [1, 3, 4, 5], [2, 3, 4, 5]], "vals": [[4, 8, 6, 1], [2, 6, 10, 7], [8, 2, 4, 3]]}
BAD cls=120 a=1 runclass=4 cand=2,2,2,2,2,1,2,2 lemmafail=- {"sets": [[0, 2, 4, 5], [1, 3, 4, 5], [2, 3, 4, 5]], "vals": [[4, 8, 6, 1], [2, 6, 10, 7], [8, 2, 5, 4]]}
BAD cls=120 a=1 runclass=4 cand=2,2,2,2,2,1,2,2 lemmafail=- {"sets": [[0, 2, 4, 5], [1, 3, 4, 5], [2, 3, 4, 5]], "vals": [[4, 10, 7, 2], [2, 6, 10, 7], [8, 2, 4, 3]]}
BAD cls=120 a=1 runclass=4 cand=2,2,2,2,2,1,2,2 lemmafail=- {"sets": [[0, 2, 4, 5], [1, 3, 4, 5], [2, 3, 4, 5]], "vals": [[4, 10, 7, 2], [2, 6, 10, 7], [8, 2, 5, 4]]}
BAD cls=120 a=1 runclass=4 cand=2,2,2,2,2,1,2,2 lemmafail=- {"sets": [[0, 2, 4, 5], [1, 3, 4, 5], [2, 3, 4, 5]], "vals": [[2, 8, 7, 4], [1, 6, 8, 4], [8, 2, 4, 3]]}
BAD cls=120 a=1 runclass=4 cand=2,2,2,2,2,1,2,2 lemmafail=- {"sets": [[0, 2, 4, 5], [1, 3, 4, 5], [2, 3, 4, 5]], "vals": [[2, 8, 7, 4], [1, 6, 8, 4], [8, 2, 5, 4]]}
BAD cls=120 a=1 runclass=4 cand=2,2,2,2,2,1,2,2 lemmafail=- {"sets": [[0, 2, 4, 5], [1, 3, 4, 5], [2, 3, 4, 5]], "vals": [[2, 8, 7, 4], [2, 7, 10, 6], [8, 2, 4, 3]]}
BAD cls=120 a=1 runclass=4 cand=2,2,2,2,2,1,2,2 lemmafail=- {"sets": [[0, 2, 4, 5], [1, 3, 4, 5], [2, 3, 4, 5]], "vals": [[2, 8, 7, 4], [2, 7, 10, 6], [8, 2, 5, 4]]}
BAD cls=120 a=1 runclass=4 cand=2,2,2,2,2,1,2,2 lemmafail=- {"sets": [[0, 2, 4, 5], [1, 3, 4, 5], [2, 3, 4, 5]], "vals": [[4, 8, 6, 1], [1, 6, 8, 4], [8, 2, 4, 3]]}
BAD cls=120 a=1 runclass=4 cand=2,2,2,2,2,1,2,2 lemmafail=- {"sets": [[0, 2, 4, 5], [1, 3, 4, 5], [2, 3, 4, 5]], "vals": [[4, 8, 6, 1], [1, 6, 8, 4], [8, 2, 5, 4]]}
BAD cls=120 a=1 runclass=4 cand=2,2,2,2,2,1,2,2 lemmafail=- {"sets": [[0, 2, 4, 5], [1, 3, 4, 5], [2, 3, 4, 5]], "vals": [[4, 10, 7, 2], [1, 6, 8, 4], [8, 2, 4, 3]]}
BAD cls=120 a=1 runclass=4 cand=2,2,2,2,2,1,2,2 lemmafail=- {"sets": [[0, 2, 4, 5], [1, 3, 4, 5], [2, 3, 4, 5]], "vals": [[4, 10, 7, 2], [1, 6, 8, 4], [8, 2, 5, 4]]}
BAD cls=120 a=1 runclass=4 cand=2,2,2,2,2,1,2,2 lemmafail=- {"sets": [[0, 2, 4, 5], [1, 3, 4, 5], [2, 3, 4, 5]], "vals": [[4, 8, 6, 1], [2, 7, 10, 6], [8, 2, 4, 3]]}
BAD cls=120 a=1 runclass=4 cand=2,2,2,2,2,1,2,2 lemmafail=- {"sets": [[0, 2, 4, 5], [1, 3, 4, 5], [2, 3, 4, 5]], "vals": [[4, 8, 6, 1], [2, 7, 10, 6], [8, 2, 5, 4]]}
BAD cls=120 a=1 runclass=4 cand=2,2,2,2,2,1,2,2 lemmafail=- {"sets": [[0, 2, 4, 5], [1, 3, 4, 5], [2, 3, 4, 5]], "vals": [[4, 10, 7, 2], [2, 7, 10, 6], [8, 2, 4, 3]]}
BAD cls=120 a=1 runclass=4 cand=2,2,2,2,2,1,2,2 lemmafail=- {"sets": [[0, 2, 4, 5], [1, 3, 4, 5], [2, 3, 4, 5]], "vals": [[4, 10, 7, 2], [2, 7, 10, 6], [8, 2, 5, 4]]}
BAD cls=120 a=1 runclass=4 cand=2,2,2,2,2,1,2,2 lemmafail=- {"sets": [[0, 2, 4, 5], [1, 3, 4, 5], [2, 3, 4, 5]], "vals": [[2, 8, 4, 7], [1, 4, 6, 8], [8, 3, 2, 4]]}
BAD cls=120 a=1 runclass=4 cand=2,2,2,2,2,1,2,2 lemmafail=- {"sets": [[0, 2, 4, 5], [1, 3, 4, 5], [2, 3, 4, 5]], "vals": [[2, 8, 4, 7], [1, 4, 6, 8], [8, 4, 2, 5]]}
BAD cls=120 a=1 runclass=4 cand=2,2,2,2,2,1,2,2 lemmafail=- {"sets": [[0, 2, 4, 5], [1, 3, 4, 5], [2, 3, 4, 5]], "vals": [[2, 8, 4, 7], [2, 6, 7, 10], [8, 3, 2, 4]]}
BAD cls=120 a=1 runclass=4 cand=2,2,2,2,2,1,2,2 lemmafail=- {"sets": [[0, 2, 4, 5], [1, 3, 4, 5], [2, 3, 4, 5]], "vals": [[2, 8, 4, 7], [2, 6, 7, 10], [8, 4, 2, 5]]}
BAD cls=120 a=1 runclass=4 cand=2,2,2,2,2,1,2,2 lemmafail=- {"sets": [[0, 2, 4, 5], [1, 3, 4, 5], [2, 3, 4, 5]], "vals": [[4, 8, 1, 6], [1, 4, 6, 8], [8, 3, 2, 4]]}
BAD cls=120 a=1 runclass=4 cand=2,2,2,2,2,1,2,2 lemmafail=- {"sets": [[0, 2, 4, 5], [1, 3, 4, 5], [2, 3, 4, 5]], "vals": [[4, 8, 1, 6], [1, 4, 6, 8], [8, 4, 2, 5]]}
BAD cls=120 a=1 runclass=4 cand=2,2,2,2,2,1,2,2 lemmafail=- {"sets": [[0, 2, 4, 5], [1, 3, 4, 5], [2, 3, 4, 5]], "vals": [[4, 10, 2, 7], [1, 4, 6, 8], [8, 3, 2, 4]]}
BAD cls=120 a=1 runclass=4 cand=2,2,2,2,2,1,2,2 lemmafail=- {"sets": [[0, 2, 4, 5], [1, 3, 4, 5], [2, 3, 4, 5]], "vals": [[4, 10, 2, 7], [1, 4, 6, 8], [8, 4, 2, 5]]}
BAD cls=120 a=1 runclass=4 cand=2,2,2,2,2,1,2,2 lemmafail=- {"sets": [[0, 2, 4, 5], [1, 3, 4, 5], [2, 3, 4, 5]], "vals": [[4, 8, 1, 6], [2, 6, 7, 10], [8, 3, 2, 4]]}
BAD cls=120 a=1 runclass=4 cand=2,2,2,2,2,1,2,2 lemmafail=- {"sets": [[0, 2, 4, 5], [1, 3, 4, 5], [2, 3, 4, 5]], "vals": [[4, 8, 1, 6], [2, 6, 7, 10], [8, 4, 2, 5]]}
BAD cls=120 a=1 runclass=4 cand=2,2,2,2,2,1,2,2 lemmafail=- {"sets": [[0, 2, 4, 5], [1, 3, 4, 5], [2, 3, 4, 5]], "vals": [[4, 10, 2, 7], [2, 6, 7, 10], [8, 3, 2, 4]]}
BAD cls=120 a=1 runclass=4 cand=2,2,2,2,2,1,2,2 lemmafail=- {"sets": [[0, 2, 4, 5], [1, 3, 4, 5], [2, 3, 4, 5]], "vals": [[4, 10, 2, 7], [2, 6, 7, 10], [8, 4, 2, 5]]}
BAD cls=120 a=1 runclass=4 cand=2,2,2,2,2,1,2,2 lemmafail=- {"sets": [[0, 2, 4, 5], [1, 3, 4, 5], [2, 3, 4, 5]], "vals": [[2, 8, 4, 7], [1, 6, 4, 8], [8, 3, 2, 4]]}
BAD cls=120 a=1 runclass=4 cand=2,2,2,2,2,1,2,2 lemmafail=- {"sets": [[0, 2, 4, 5], [1, 3, 4, 5], [2, 3, 4, 5]], "vals": [[2, 8, 4, 7], [1, 6, 4, 8], [8, 4, 2, 5]]}
BAD cls=120 a=1 runclass=4 cand=2,2,2,2,2,1,2,2 lemmafail=- {"sets": [[0, 2, 4, 5], [1, 3, 4, 5], [2, 3, 4, 5]], "vals": [[2, 8, 4, 7], [2, 7, 6, 10], [8, 3, 2, 4]]}
BAD cls=120 a=1 runclass=4 cand=2,2,2,2,2,1,2,2 lemmafail=- {"sets": [[0, 2, 4, 5], [1, 3, 4, 5], [2, 3, 4, 5]], "vals": [[2, 8, 4, 7], [2, 7, 6, 10], [8, 4, 2, 5]]}
BAD cls=120 a=1 runclass=4 cand=2,2,2,2,2,1,2,2 lemmafail=- {"sets": [[0, 2, 4, 5], [1, 3, 4, 5], [2, 3, 4, 5]], "vals": [[4, 8, 1, 6], [1, 6, 4, 8], [8, 3, 2, 4]]}
BAD cls=120 a=1 runclass=4 cand=2,2,2,2,2,1,2,2 lemmafail=- {"sets": [[0, 2, 4, 5], [1, 3, 4, 5], [2, 3, 4, 5]], "vals": [[4, 8, 1, 6], [1, 6, 4, 8], [8, 4, 2, 5]]}
BAD cls=120 a=1 runclass=4 cand=2,2,2,2,2,1,2,2 lemmafail=- {"sets": [[0, 2, 4, 5], [1, 3, 4, 5], [2, 3, 4, 5]], "vals": [[4, 10, 2, 7], [1, 6, 4, 8], [8, 3, 2, 4]]}
BAD cls=120 a=1 runclass=4 cand=2,2,2,2,2,1,2,2 lemmafail=- {"sets": [[0, 2, 4, 5], [1, 3, 4, 5], [2, 3, 4, 5]], "vals": [[4, 10, 2, 7], [1, 6, 4, 8], [8, 4, 2, 5]]}
BAD cls=120 a=1 runclass=4 cand=2,2,2,2,2,1,2,2 lemmafail=- {"sets": [[0, 2, 4, 5], [1, 3, 4, 5], [2, 3, 4, 5]], "vals": [[4, 8, 1, 6], [2, 7, 6, 10], [8, 3, 2, 4]]}
BAD cls=120 a=1 runclass=4 cand=2,2,2,2,2,1,2,2 lemmafail=- {"sets": [[0, 2, 4, 5], [1, 3, 4, 5], [2, 3, 4, 5]], "vals": [[4, 8, 1, 6], [2, 7, 6, 10], [8, 4, 2, 5]]}
BAD cls=120 a=1 runclass=4 cand=2,2,2,2,2,1,2,2 lemmafail=- {"sets": [[0, 2, 4, 5], [1, 3, 4, 5], [2, 3, 4, 5]], "vals": [[4, 10, 2, 7], [2, 7, 6, 10], [8, 3, 2, 4]]}
BAD cls=120 a=1 runclass=4 cand=2,2,2,2,2,1,2,2 lemmafail=- {"sets": [[0, 2, 4, 5], [1, 3, 4, 5], [2, 3, 4, 5]], "vals": [[4, 10, 2, 7], [2, 7, 6, 10], [8, 4, 2, 5]]}
BAD cls=120 a=1 runclass=4 cand=2,2,2,2,2,1,2,2 lemmafail=- {"sets": [[0, 2, 4, 5], [1, 3, 4, 5], [2, 3, 4, 5]], "vals": [[2, 8, 7, 4], [1, 4, 8, 6], [8, 3, 4, 2]]}
BAD cls=120 a=1 runclass=4 cand=2,2,2,2,2,1,2,2 lemmafail=- {"sets": [[0, 2, 4, 5], [1, 3, 4, 5], [2, 3, 4, 5]], "vals": [[2, 8, 7, 4], [1, 4, 8, 6], [8, 4, 5, 2]]}
BAD cls=120 a=1 runclass=4 cand=2,2,2,2,2,1,2,2 lemmafail=- {"sets": [[0, 2, 4, 5], [1, 3, 4, 5], [2, 3, 4, 5]], "vals": [[2, 8, 7, 4], [2, 6, 10, 7], [8, 3, 4, 2]]}
BAD cls=120 a=1 runclass=4 cand=2,2,2,2,2,1,2,2 lemmafail=- {"sets": [[0, 2, 4, 5], [1, 3, 4, 5], [2, 3, 4, 5]], "vals": [[2, 8, 7, 4], [2, 6, 10, 7], [8, 4, 5, 2]]}
BAD cls=120 a=1 runclass=4 cand=2,2,2,2,2,1,2,2 lemmafail=- {"sets": [[0, 2, 4, 5], [1, 3, 4, 5], [2, 3, 4, 5]], "vals": [[4, 8, 6, 1], [1, 4, 8, 6], [8, 3, 4, 2]]}
BAD cls=120 a=1 runclass=4 cand=2,2,2,2,2,1,2,2 lemmafail=- {"sets": [[0, 2, 4, 5], [1, 3, 4, 5], [2, 3, 4, 5]], "vals": [[4, 8, 6, 1], [1, 4, 8, 6], [8, 4, 5, 2]]}
BAD cls=120 a=1 runclass=4 cand=2,2,2,2,2,1,2,2 lemmafail=- {"sets": [[0, 2, 4, 5], [1, 3, 4, 5], [2, 3, 4, 5]], "vals": [[4, 10, 7, 2], [1, 4, 8, 6], [8, 3, 4, 2]]}
BAD cls=120 a=1 runclass=4 cand=2,2,2,2,2,1,2,2 lemmafail=- {"sets": [[0, 2, 4, 5], [1, 3, 4, 5], [2, 3, 4, 5]], "vals": [[4, 10, 7, 2], [1, 4, 8, 6], [8, 4, 5, 2]]}
BAD cls=120 a=1 runclass=4 cand=2,2,2,2,2,1,2,2 lemmafail=- {"sets": [[0, 2, 4, 5], [1, 3, 4, 5], [2, 3, 4, 5]], "vals": [[4, 8, 6, 1], [2, 6, 10, 7], [8, 3, 4, 2]]}
BAD cls=120 a=1 runclass=4 cand=2,2,2,2,2,1,2,2 lemmafail=- {"sets": [[0, 2, 4, 5], [1, 3, 4, 5], [2, 3, 4, 5]], "vals": [[4, 8, 6, 1], [2, 6, 10, 7], [8, 4, 5, 2]]}
BAD cls=120 a=1 runclass=4 cand=2,2,2,2,2,1,2,2 lemmafail=- {"sets": [[0, 2, 4, 5], [1, 3, 4, 5], [2, 3, 4, 5]], "vals": [[4, 10, 7, 2], [2, 6, 10, 7], [8, 3, 4, 2]]}
BAD cls=120 a=1 runclass=4 cand=2,2,2,2,2,1,2,2 lemmafail=- {"sets": [[0, 2, 4, 5], [1, 3, 4, 5], [2, 3, 4, 5]], "vals": [[4, 10, 7, 2], [2, 6, 10, 7], [8, 4, 5, 2]]}
BAD cls=120 a=1 runclass=4 cand=2,2,2,2,2,1,2,2 lemmafail=- {"sets": [[0, 2, 4, 5], [1, 3, 4, 5], [2, 3, 4, 5]], "vals": [[2, 8, 7, 4], [1, 6, 8, 4], [8, 3, 4, 2]]}
BAD cls=120 a=1 runclass=4 cand=2,2,2,2,2,1,2,2 lemmafail=- {"sets": [[0, 2, 4, 5], [1, 3, 4, 5], [2, 3, 4, 5]], "vals": [[2, 8, 7, 4], [1, 6, 8, 4], [8, 4, 5, 2]]}
BAD cls=120 a=1 runclass=4 cand=2,2,2,2,2,1,2,2 lemmafail=- {"sets": [[0, 2, 4, 5], [1, 3, 4, 5], [2, 3, 4, 5]], "vals": [[2, 8, 7, 4], [2, 7, 10, 6], [8, 3, 4, 2]]}
BAD cls=120 a=1 runclass=4 cand=2,2,2,2,2,1,2,2 lemmafail=- {"sets": [[0, 2, 4, 5], [1, 3, 4, 5], [2, 3, 4, 5]], "vals": [[2, 8, 7, 4], [2, 7, 10, 6], [8, 4, 5, 2]]}
BAD cls=120 a=1 runclass=4 cand=2,2,2,2,2,1,2,2 lemmafail=- {"sets": [[0, 2, 4, 5], [1, 3, 4, 5], [2, 3, 4, 5]], "vals": [[4, 8, 6, 1], [1, 6, 8, 4], [8, 3, 4, 2]]}
BAD cls=120 a=1 runclass=4 cand=2,2,2,2,2,1,2,2 lemmafail=- {"sets": [[0, 2, 4, 5], [1, 3, 4, 5], [2, 3, 4, 5]], "vals": [[4, 8, 6, 1], [1, 6, 8, 4], [8, 4, 5, 2]]}
BAD cls=120 a=1 runclass=4 cand=2,2,2,2,2,1,2,2 lemmafail=- {"sets": [[0, 2, 4, 5], [1, 3, 4, 5], [2, 3, 4, 5]], "vals": [[4, 10, 7, 2], [1, 6, 8, 4], [8, 3, 4, 2]]}
BAD cls=120 a=1 runclass=4 cand=2,2,2,2,2,1,2,2 lemmafail=- {"sets": [[0, 2, 4, 5], [1, 3, 4, 5], [2, 3, 4, 5]], "vals": [[4, 10, 7, 2], [1, 6, 8, 4], [8, 4, 5, 2]]}
BAD cls=120 a=1 runclass=4 cand=2,2,2,2,2,1,2,2 lemmafail=- {"sets": [[0, 2, 4, 5], [1, 3, 4, 5], [2, 3, 4, 5]], "vals": [[4, 8, 6, 1], [2, 7, 10, 6], [8, 3, 4, 2]]}
BAD cls=120 a=1 runclass=4 cand=2,2,2,2,2,1,2,2 lemmafail=- {"sets": [[0, 2, 4, 5], [1, 3, 4, 5], [2, 3, 4, 5]], "vals": [[4, 8, 6, 1], [2, 7, 10, 6], [8, 4, 5, 2]]}
BAD cls=120 a=1 runclass=4 cand=2,2,2,2,2,1,2,2 lemmafail=- {"sets": [[0, 2, 4, 5], [1, 3, 4, 5], [2, 3, 4, 5]], "vals": [[4, 10, 7, 2], [2, 7, 10, 6], [8, 3, 4, 2]]}
BAD cls=120 a=1 runclass=4 cand=2,2,2,2,2,1,2,2 lemmafail=- {"sets": [[0, 2, 4, 5], [1, 3, 4, 5], [2, 3, 4, 5]], "vals": [[4, 10, 7, 2], [2, 7, 10, 6], [8, 4, 5, 2]]}
BAD cls=102 a=2 runclass=4 cand=1,1,1,1,1,2,1,1 lemmafail=- {"sets": [[0, 1, 2, 5], [1, 3, 4, 5], [2, 3, 4, 5]], "vals": [[1, 8, 4, 6], [8, 2, 3, 4], [1, 4, 6, 8]]}
BAD cls=102 a=2 runclass=4 cand=1,1,1,1,1,2,1,1 lemmafail=- {"sets": [[0, 1, 2, 5], [1, 3, 4, 5], [2, 3, 4, 5]], "vals": [[1, 8, 4, 6], [8, 2, 4, 5], [1, 4, 6, 8]]}
BAD cls=102 a=2 runclass=4 cand=1,1,1,1,1,2,1,1 lemmafail=- {"sets": [[0, 1, 2, 5], [1, 3, 4, 5], [2, 3, 4, 5]], "vals": [[2, 10, 4, 7], [8, 2, 3, 4], [1, 4, 6, 8]]}
BAD cls=102 a=2 runclass=4 cand=1,1,1,1,1,2,1,1 lemmafail=- {"sets": [[0, 1, 2, 5], [1, 3, 4, 5], [2, 3, 4, 5]], "vals": [[2, 10, 4, 7], [8, 2, 4, 5], [1, 4, 6, 8]]}
BAD cls=102 a=2 runclass=4 cand=1,1,1,1,1,2,1,1 lemmafail=- {"sets": [[0, 1, 2, 5], [1, 3, 4, 5], [2, 3, 4, 5]], "vals": [[3, 10, 4, 8], [8, 2, 3, 4], [1, 4, 6, 8]]}
BAD cls=102 a=2 runclass=4 cand=1,1,1,1,1,2,1,1 lemmafail=- {"sets": [[0, 1, 2, 5], [1, 3, 4, 5], [2, 3, 4, 5]], "vals": [[3, 10, 4, 8], [8, 2, 4, 5], [1, 4, 6, 8]]}
BAD cls=102 a=2 runclass=4 cand=1,1,1,1,1,2,1,1 lemmafail=- {"sets": [[0, 1, 2, 5], [1, 3, 4, 5], [2, 3, 4, 5]], "vals": [[1, 8, 4, 6], [8, 2, 3, 4], [2, 6, 7, 10]]}
BAD cls=102 a=2 runclass=4 cand=1,1,1,1,1,2,1,1 lemmafail=- {"sets": [[0, 1, 2, 5], [1, 3, 4, 5], [2, 3, 4, 5]], "vals": [[1, 8, 4, 6], [8, 2, 4, 5], [2, 6, 7, 10]]}
BAD cls=102 a=2 runclass=4 cand=1,1,1,1,1,2,1,1 lemmafail=- {"sets": [[0, 1, 2, 5], [1, 3, 4, 5], [2, 3, 4, 5]], "vals": [[2, 10, 4, 7], [8, 2, 3, 4], [2, 6, 7, 10]]}
BAD cls=102 a=2 runclass=4 cand=1,1,1,1,1,2,1,1 lemmafail=- {"sets": [[0, 1, 2, 5], [1, 3, 4, 5], [2, 3, 4, 5]], "vals": [[2, 10, 4, 7], [8, 2, 4, 5], [2, 6, 7, 10]]}
BAD cls=102 a=2 runclass=4 cand=1,1,1,1,1,2,1,1 lemmafail=- {"sets": [[0, 1, 2, 5], [1, 3, 4, 5], [2, 3, 4, 5]], "vals": [[3, 10, 4, 8], [8, 2, 3, 4], [2, 6, 7, 10]]}
BAD cls=102 a=2 runclass=4 cand=1,1,1,1,1,2,1,1 lemmafail=- {"sets": [[0, 1, 2, 5], [1, 3, 4, 5], [2, 3, 4, 5]], "vals": [[3, 10, 4, 8], [8, 2, 4, 5], [2, 6, 7, 10]]}
BAD cls=102 a=2 runclass=4 cand=1,1,1,1,1,2,1,1 lemmafail=- {"sets": [[0, 1, 2, 5], [1, 3, 4, 5], [2, 3, 4, 5]], "vals": [[4, 8, 1, 6], [8, 2, 3, 4], [1, 4, 6, 8]]}
BAD cls=102 a=2 runclass=4 cand=1,1,1,1,1,2,1,1 lemmafail=- {"sets": [[0, 1, 2, 5], [1, 3, 4, 5], [2, 3, 4, 5]], "vals": [[4, 8, 1, 6], [8, 2, 4, 5], [1, 4, 6, 8]]}
BAD cls=102 a=2 runclass=4 cand=1,1,1,1,1,2,1,1 lemmafail=- {"sets": [[0, 1, 2, 5], [1, 3, 4, 5], [2, 3, 4, 5]], "vals": [[4, 10, 2, 7], [8, 2, 3, 4], [1, 4, 6, 8]]}
BAD cls=102 a=2 runclass=4 cand=1,1,1,1,1,2,1,1 lemmafail=- {"sets": [[0, 1, 2, 5], [1, 3, 4, 5], [2, 3, 4, 5]], "vals": [[4, 10, 2, 7], [8, 2, 4, 5], [1, 4, 6, 8]]}
BAD cls=102 a=2 runclass=4 cand=1,1,1,1,1,2,1,1 lemmafail=- {"sets": [[0, 1, 2, 5], [1, 3, 4, 5], [2, 3, 4, 5]], "vals": [[4, 8, 1, 6], [8, 2, 3, 4], [2, 6, 7, 10]]}
BAD cls=102 a=2 runclass=4 cand=1,1,1,1,1,2,1,1 lemmafail=- {"sets": [[0, 1, 2, 5], [1, 3, 4, 5], [2, 3, 4, 5]], "vals": [[4, 8, 1, 6], [8, 2, 4, 5], [2, 6, 7, 10]]}
BAD cls=102 a=2 runclass=4 cand=1,1,1,1,1,2,1,1 lemmafail=- {"sets": [[0, 1, 2, 5], [1, 3, 4, 5], [2, 3, 4, 5]], "vals": [[4, 10, 2, 7], [8, 2, 3, 4], [2, 6, 7, 10]]}
BAD cls=102 a=2 runclass=4 cand=1,1,1,1,1,2,1,1 lemmafail=- {"sets": [[0, 1, 2, 5], [1, 3, 4, 5], [2, 3, 4, 5]], "vals": [[4, 10, 2, 7], [8, 2, 4, 5], [2, 6, 7, 10]]}
BAD cls=102 a=2 runclass=4 cand=1,1,1,1,1,2,1,1 lemmafail=- {"sets": [[0, 1, 2, 5], [1, 3, 4, 5], [2, 3, 4, 5]], "vals": [[4, 8, 2, 7], [8, 2, 3, 4], [1, 4, 6, 8]]}
BAD cls=102 a=2 runclass=4 cand=1,1,1,1,1,2,1,1 lemmafail=- {"sets": [[0, 1, 2, 5], [1, 3, 4, 5], [2, 3, 4, 5]], "vals": [[4, 8, 2, 7], [8, 2, 4, 5], [1, 4, 6, 8]]}
BAD cls=102 a=2 runclass=4 cand=1,1,1,1,1,2,1,1 lemmafail=- {"sets": [[0, 1, 2, 5], [1, 3, 4, 5], [2, 3, 4, 5]], "vals": [[4, 10, 3, 8], [8, 2, 3, 4], [1, 4, 6, 8]]}
BAD cls=102 a=2 runclass=4 cand=1,1,1,1,1,2,1,1 lemmafail=- {"sets": [[0, 1, 2, 5], [1, 3, 4, 5], [2, 3, 4, 5]], "vals": [[4, 10, 3, 8], [8, 2, 4, 5], [1, 4, 6, 8]]}
BAD cls=102 a=2 runclass=4 cand=1,1,1,1,1,2,1,1 lemmafail=- {"sets": [[0, 1, 2, 5], [1, 3, 4, 5], [2, 3, 4, 5]], "vals": [[4, 8, 2, 7], [8, 2, 3, 4], [2, 6, 7, 10]]}
BAD cls=102 a=2 runclass=4 cand=1,1,1,1,1,2,1,1 lemmafail=- {"sets": [[0, 1, 2, 5], [1, 3, 4, 5], [2, 3, 4, 5]], "vals": [[4, 8, 2, 7], [8, 2, 4, 5], [2, 6, 7, 10]]}
BAD cls=102 a=2 runclass=4 cand=1,1,1,1,1,2,1,1 lemmafail=- {"sets": [[0, 1, 2, 5], [1, 3, 4, 5], [2, 3, 4, 5]], "vals": [[4, 10, 3, 8], [8, 2, 3, 4], [2, 6, 7, 10]]}
BAD cls=102 a=2 runclass=4 cand=1,1,1,1,1,2,1,1 lemmafail=- {"sets": [[0, 1, 2, 5], [1, 3, 4, 5], [2, 3, 4, 5]], "vals": [[4, 10, 3, 8], [8, 2, 4, 5], [2, 6, 7, 10]]}
BAD cls=102 a=2 runclass=4 cand=1,1,1,1,1,2,1,1 lemmafail=- {"sets": [[0, 1, 2, 5], [1, 3, 4, 5], [2, 3, 4, 5]], "vals": [[1, 8, 4, 6], [8, 3, 2, 4], [1, 4, 6, 8]]}
BAD cls=102 a=2 runclass=4 cand=1,1,1,1,1,2,1,1 lemmafail=- {"sets": [[0, 1, 2, 5], [1, 3, 4, 5], [2, 3, 4, 5]], "vals": [[1, 8, 4, 6], [8, 4, 2, 5], [1, 4, 6, 8]]}
BAD cls=102 a=2 runclass=4 cand=1,1,1,1,1,2,1,1 lemmafail=- {"sets": [[0, 1, 2, 5], [1, 3, 4, 5], [2, 3, 4, 5]], "vals": [[2, 10, 4, 7], [8, 3, 2, 4], [1, 4, 6, 8]]}
BAD cls=102 a=2 runclass=4 cand=1,1,1,1,1,2,1,1 lemmafail=- {"sets": [[0, 1, 2, 5], [1, 3, 4, 5], [2, 3, 4, 5]], "vals": [[2, 10, 4, 7], [8, 4, 2, 5], [1, 4, 6, 8]]}
BAD cls=102 a=2 runclass=4 cand=1,1,1,1,1,2,1,1 lemmafail=- {"sets": [[0, 1, 2, 5], [1, 3, 4, 5], [2, 3, 4, 5]], "vals": [[3, 10, 4, 8], [8, 3, 2, 4], [1, 4, 6, 8]]}
BAD cls=102 a=2 runclass=4 cand=1,1,1,1,1,2,1,1 lemmafail=- {"sets": [[0, 1, 2, 5], [1, 3, 4, 5], [2, 3, 4, 5]], "vals": [[3, 10, 4, 8], [8, 4, 2, 5], [1, 4, 6, 8]]}
BAD cls=102 a=2 runclass=4 cand=1,1,1,1,1,2,1,1 lemmafail=- {"sets": [[0, 1, 2, 5], [1, 3, 4, 5], [2, 3, 4, 5]], "vals": [[1, 8, 4, 6], [8, 3, 2, 4], [2, 6, 7, 10]]}
BAD cls=102 a=2 runclass=4 cand=1,1,1,1,1,2,1,1 lemmafail=- {"sets": [[0, 1, 2, 5], [1, 3, 4, 5], [2, 3, 4, 5]], "vals": [[1, 8, 4, 6], [8, 4, 2, 5], [2, 6, 7, 10]]}
BAD cls=102 a=2 runclass=4 cand=1,1,1,1,1,2,1,1 lemmafail=- {"sets": [[0, 1, 2, 5], [1, 3, 4, 5], [2, 3, 4, 5]], "vals": [[2, 10, 4, 7], [8, 3, 2, 4], [2, 6, 7, 10]]}
BAD cls=102 a=2 runclass=4 cand=1,1,1,1,1,2,1,1 lemmafail=- {"sets": [[0, 1, 2, 5], [1, 3, 4, 5], [2, 3, 4, 5]], "vals": [[2, 10, 4, 7], [8, 4, 2, 5], [2, 6, 7, 10]]}
BAD cls=102 a=2 runclass=4 cand=1,1,1,1,1,2,1,1 lemmafail=- {"sets": [[0, 1, 2, 5], [1, 3, 4, 5], [2, 3, 4, 5]], "vals": [[3, 10, 4, 8], [8, 3, 2, 4], [2, 6, 7, 10]]}
BAD cls=102 a=2 runclass=4 cand=1,1,1,1,1,2,1,1 lemmafail=- {"sets": [[0, 1, 2, 5], [1, 3, 4, 5], [2, 3, 4, 5]], "vals": [[3, 10, 4, 8], [8, 4, 2, 5], [2, 6, 7, 10]]}
BAD cls=102 a=2 runclass=4 cand=1,1,1,1,1,2,1,1 lemmafail=- {"sets": [[0, 1, 2, 5], [1, 3, 4, 5], [2, 3, 4, 5]], "vals": [[4, 8, 1, 6], [8, 3, 2, 4], [1, 4, 6, 8]]}
BAD cls=102 a=2 runclass=4 cand=1,1,1,1,1,2,1,1 lemmafail=- {"sets": [[0, 1, 2, 5], [1, 3, 4, 5], [2, 3, 4, 5]], "vals": [[4, 8, 1, 6], [8, 4, 2, 5], [1, 4, 6, 8]]}
BAD cls=102 a=2 runclass=4 cand=1,1,1,1,1,2,1,1 lemmafail=- {"sets": [[0, 1, 2, 5], [1, 3, 4, 5], [2, 3, 4, 5]], "vals": [[4, 10, 2, 7], [8, 3, 2, 4], [1, 4, 6, 8]]}
BAD cls=102 a=2 runclass=4 cand=1,1,1,1,1,2,1,1 lemmafail=- {"sets": [[0, 1, 2, 5], [1, 3, 4, 5], [2, 3, 4, 5]], "vals": [[4, 10, 2, 7], [8, 4, 2, 5], [1, 4, 6, 8]]}
BAD cls=102 a=2 runclass=4 cand=1,1,1,1,1,2,1,1 lemmafail=- {"sets": [[0, 1, 2, 5], [1, 3, 4, 5], [2, 3, 4, 5]], "vals": [[4, 8, 1, 6], [8, 3, 2, 4], [2, 6, 7, 10]]}
BAD cls=102 a=2 runclass=4 cand=1,1,1,1,1,2,1,1 lemmafail=- {"sets": [[0, 1, 2, 5], [1, 3, 4, 5], [2, 3, 4, 5]], "vals": [[4, 8, 1, 6], [8, 4, 2, 5], [2, 6, 7, 10]]}
BAD cls=102 a=2 runclass=4 cand=1,1,1,1,1,2,1,1 lemmafail=- {"sets": [[0, 1, 2, 5], [1, 3, 4, 5], [2, 3, 4, 5]], "vals": [[4, 10, 2, 7], [8, 3, 2, 4], [2, 6, 7, 10]]}
BAD cls=102 a=2 runclass=4 cand=1,1,1,1,1,2,1,1 lemmafail=- {"sets": [[0, 1, 2, 5], [1, 3, 4, 5], [2, 3, 4, 5]], "vals": [[4, 10, 2, 7], [8, 4, 2, 5], [2, 6, 7, 10]]}
BAD cls=102 a=2 runclass=4 cand=1,1,1,1,1,2,1,1 lemmafail=- {"sets": [[0, 1, 2, 5], [1, 3, 4, 5], [2, 3, 4, 5]], "vals": [[4, 8, 2, 7], [8, 3, 2, 4], [1, 4, 6, 8]]}
BAD cls=102 a=2 runclass=4 cand=1,1,1,1,1,2,1,1 lemmafail=- {"sets": [[0, 1, 2, 5], [1, 3, 4, 5], [2, 3, 4, 5]], "vals": [[4, 8, 2, 7], [8, 4, 2, 5], [1, 4, 6, 8]]}
BAD cls=102 a=2 runclass=4 cand=1,1,1,1,1,2,1,1 lemmafail=- {"sets": [[0, 1, 2, 5], [1, 3, 4, 5], [2, 3, 4, 5]], "vals": [[4, 10, 3, 8], [8, 3, 2, 4], [1, 4, 6, 8]]}
BAD cls=102 a=2 runclass=4 cand=1,1,1,1,1,2,1,1 lemmafail=- {"sets": [[0, 1, 2, 5], [1, 3, 4, 5], [2, 3, 4, 5]], "vals": [[4, 10, 3, 8], [8, 4, 2, 5], [1, 4, 6, 8]]}
BAD cls=102 a=2 runclass=4 cand=1,1,1,1,1,2,1,1 lemmafail=- {"sets": [[0, 1, 2, 5], [1, 3, 4, 5], [2, 3, 4, 5]], "vals": [[4, 8, 2, 7], [8, 3, 2, 4], [2, 6, 7, 10]]}
BAD cls=102 a=2 runclass=4 cand=1,1,1,1,1,2,1,1 lemmafail=- {"sets": [[0, 1, 2, 5], [1, 3, 4, 5], [2, 3, 4, 5]], "vals": [[4, 8, 2, 7], [8, 4, 2, 5], [2, 6, 7, 10]]}
BAD cls=102 a=2 runclass=4 cand=1,1,1,1,1,2,1,1 lemmafail=- {"sets": [[0, 1, 2, 5], [1, 3, 4, 5], [2, 3, 4, 5]], "vals": [[4, 10, 3, 8], [8, 3, 2, 4], [2, 6, 7, 10]]}
BAD cls=102 a=2 runclass=4 cand=1,1,1,1,1,2,1,1 lemmafail=- {"sets": [[0, 1, 2, 5], [1, 3, 4, 5], [2, 3, 4, 5]], "vals": [[4, 10, 3, 8], [8, 4, 2, 5], [2, 6, 7, 10]]}
BAD cls=102 a=2 runclass=4 cand=1,1,1,1,1,2,1,1 lemmafail=- {"sets": [[0, 1, 2, 5], [1, 3, 4, 5], [2, 3, 4, 5]], "vals": [[1, 8, 4, 6], [8, 2, 3, 4], [1, 6, 4, 8]]}
BAD cls=102 a=2 runclass=4 cand=1,1,1,1,1,2,1,1 lemmafail=- {"sets": [[0, 1, 2, 5], [1, 3, 4, 5], [2, 3, 4, 5]], "vals": [[1, 8, 4, 6], [8, 2, 4, 5], [1, 6, 4, 8]]}
BAD cls=102 a=2 runclass=4 cand=1,1,1,1,1,2,1,1 lemmafail=- {"sets": [[0, 1, 2, 5], [1, 3, 4, 5], [2, 3, 4, 5]], "vals": [[2, 10, 4, 7], [8, 2, 3, 4], [1, 6, 4, 8]]}
BAD cls=102 a=2 runclass=4 cand=1,1,1,1,1,2,1,1 lemmafail=- {"sets": [[0, 1, 2, 5], [1, 3, 4, 5], [2, 3, 4, 5]], "vals": [[2, 10, 4, 7], [8, 2, 4, 5], [1, 6, 4, 8]]}
BAD cls=102 a=2 runclass=4 cand=1,1,1,1,1,2,1,1 lemmafail=- {"sets": [[0, 1, 2, 5], [1, 3, 4, 5], [2, 3, 4, 5]], "vals": [[3, 10, 4, 8], [8, 2, 3, 4], [1, 6, 4, 8]]}
BAD cls=102 a=2 runclass=4 cand=1,1,1,1,1,2,1,1 lemmafail=- {"sets": [[0, 1, 2, 5], [1, 3, 4, 5], [2, 3, 4, 5]], "vals": [[3, 10, 4, 8], [8, 2, 4, 5], [1, 6, 4, 8]]}
BAD cls=102 a=2 runclass=4 cand=1,1,1,1,1,2,1,1 lemmafail=- {"sets": [[0, 1, 2, 5], [1, 3, 4, 5], [2, 3, 4, 5]], "vals": [[1, 8, 4, 6], [8, 2, 3, 4], [2, 7, 6, 10]]}
BAD cls=102 a=2 runclass=4 cand=1,1,1,1,1,2,1,1 lemmafail=- {"sets": [[0, 1, 2, 5], [1, 3, 4, 5], [2, 3, 4, 5]], "vals": [[1, 8, 4, 6], [8, 2, 4, 5], [2, 7, 6, 10]]}
BAD cls=102 a=2 runclass=4 cand=1,1,1,1,1,2,1,1 lemmafail=- {"sets": [[0, 1, 2, 5], [1, 3, 4, 5], [2, 3, 4, 5]], "vals": [[2, 10, 4, 7], [8, 2, 3, 4], [2, 7, 6, 10]]}
BAD cls=102 a=2 runclass=4 cand=1,1,1,1,1,2,1,1 lemmafail=- {"sets": [[0, 1, 2, 5], [1, 3, 4, 5], [2, 3, 4, 5]], "vals": [[2, 10, 4, 7], [8, 2, 4, 5], [2, 7, 6, 10]]}
BAD cls=102 a=2 runclass=4 cand=1,1,1,1,1,2,1,1 lemmafail=- {"sets": [[0, 1, 2, 5], [1, 3, 4, 5], [2, 3, 4, 5]], "vals": [[3, 10, 4, 8], [8, 2, 3, 4], [2, 7, 6, 10]]}
BAD cls=102 a=2 runclass=4 cand=1,1,1,1,1,2,1,1 lemmafail=- {"sets": [[0, 1, 2, 5], [1, 3, 4, 5], [2, 3, 4, 5]], "vals": [[3, 10, 4, 8], [8, 2, 4, 5], [2, 7, 6, 10]]}
BAD cls=102 a=2 runclass=4 cand=1,1,1,1,1,2,1,1 lemmafail=- {"sets": [[0, 1, 2, 5], [1, 3, 4, 5], [2, 3, 4, 5]], "vals": [[4, 8, 1, 6], [8, 2, 3, 4], [1, 6, 4, 8]]}
BAD cls=102 a=2 runclass=4 cand=1,1,1,1,1,2,1,1 lemmafail=- {"sets": [[0, 1, 2, 5], [1, 3, 4, 5], [2, 3, 4, 5]], "vals": [[4, 8, 1, 6], [8, 2, 4, 5], [1, 6, 4, 8]]}
BAD cls=102 a=2 runclass=4 cand=1,1,1,1,1,2,1,1 lemmafail=- {"sets": [[0, 1, 2, 5], [1, 3, 4, 5], [2, 3, 4, 5]], "vals": [[4, 10, 2, 7], [8, 2, 3, 4], [1, 6, 4, 8]]}
BAD cls=102 a=2 runclass=4 cand=1,1,1,1,1,2,1,1 lemmafail=- {"sets": [[0, 1, 2, 5], [1, 3, 4, 5], [2, 3, 4, 5]], "vals": [[4, 10, 2, 7], [8, 2, 4, 5], [1, 6, 4, 8]]}
BAD cls=102 a=2 runclass=4 cand=1,1,1,1,1,2,1,1 lemmafail=- {"sets": [[0, 1, 2, 5], [1, 3, 4, 5], [2, 3, 4, 5]], "vals": [[4, 8, 1, 6], [8, 2, 3, 4], [2, 7, 6, 10]]}
BAD cls=102 a=2 runclass=4 cand=1,1,1,1,1,2,1,1 lemmafail=- {"sets": [[0, 1, 2, 5], [1, 3, 4, 5], [2, 3, 4, 5]], "vals": [[4, 8, 1, 6], [8, 2, 4, 5], [2, 7, 6, 10]]}
BAD cls=102 a=2 runclass=4 cand=1,1,1,1,1,2,1,1 lemmafail=- {"sets": [[0, 1, 2, 5], [1, 3, 4, 5], [2, 3, 4, 5]], "vals": [[4, 10, 2, 7], [8, 2, 3, 4], [2, 7, 6, 10]]}
BAD cls=102 a=2 runclass=4 cand=1,1,1,1,1,2,1,1 lemmafail=- {"sets": [[0, 1, 2, 5], [1, 3, 4, 5], [2, 3, 4, 5]], "vals": [[4, 10, 2, 7], [8, 2, 4, 5], [2, 7, 6, 10]]}
BAD cls=102 a=2 runclass=4 cand=1,1,1,1,1,2,1,1 lemmafail=- {"sets": [[0, 1, 2, 5], [1, 3, 4, 5], [2, 3, 4, 5]], "vals": [[4, 8, 2, 7], [8, 2, 3, 4], [1, 6, 4, 8]]}
BAD cls=102 a=2 runclass=4 cand=1,1,1,1,1,2,1,1 lemmafail=- {"sets": [[0, 1, 2, 5], [1, 3, 4, 5], [2, 3, 4, 5]], "vals": [[4, 8, 2, 7], [8, 2, 4, 5], [1, 6, 4, 8]]}
BAD cls=102 a=2 runclass=4 cand=1,1,1,1,1,2,1,1 lemmafail=- {"sets": [[0, 1, 2, 5], [1, 3, 4, 5], [2, 3, 4, 5]], "vals": [[4, 10, 3, 8], [8, 2, 3, 4], [1, 6, 4, 8]]}
BAD cls=102 a=2 runclass=4 cand=1,1,1,1,1,2,1,1 lemmafail=- {"sets": [[0, 1, 2, 5], [1, 3, 4, 5], [2, 3, 4, 5]], "vals": [[4, 10, 3, 8], [8, 2, 4, 5], [1, 6, 4, 8]]}
BAD cls=102 a=2 runclass=4 cand=1,1,1,1,1,2,1,1 lemmafail=- {"sets": [[0, 1, 2, 5], [1, 3, 4, 5], [2, 3, 4, 5]], "vals": [[4, 8, 2, 7], [8, 2, 3, 4], [2, 7, 6, 10]]}
BAD cls=102 a=2 runclass=4 cand=1,1,1,1,1,2,1,1 lemmafail=- {"sets": [[0, 1, 2, 5], [1, 3, 4, 5], [2, 3, 4, 5]], "vals": [[4, 8, 2, 7], [8, 2, 4, 5], [2, 7, 6, 10]]}
BAD cls=102 a=2 runclass=4 cand=1,1,1,1,1,2,1,1 lemmafail=- {"sets": [[0, 1, 2, 5], [1, 3, 4, 5], [2, 3, 4, 5]], "vals": [[4, 10, 3, 8], [8, 2, 3, 4], [2, 7, 6, 10]]}
BAD cls=102 a=2 runclass=4 cand=1,1,1,1,1,2,1,1 lemmafail=- {"sets": [[0, 1, 2, 5], [1, 3, 4, 5], [2, 3, 4, 5]], "vals": [[4, 10, 3, 8], [8, 2, 4, 5], [2, 7, 6, 10]]}
BAD cls=102 a=2 runclass=4 cand=1,1,1,1,1,2,1,1 lemmafail=- {"sets": [[0, 1, 2, 5], [1, 3, 4, 5], [2, 3, 4, 5]], "vals": [[1, 8, 4, 6], [8, 3, 2, 4], [1, 6, 4, 8]]}
BAD cls=102 a=2 runclass=4 cand=1,1,1,1,1,2,1,1 lemmafail=- {"sets": [[0, 1, 2, 5], [1, 3, 4, 5], [2, 3, 4, 5]], "vals": [[1, 8, 4, 6], [8, 4, 2, 5], [1, 6, 4, 8]]}
BAD cls=102 a=2 runclass=4 cand=1,1,1,1,1,2,1,1 lemmafail=- {"sets": [[0, 1, 2, 5], [1, 3, 4, 5], [2, 3, 4, 5]], "vals": [[2, 10, 4, 7], [8, 3, 2, 4], [1, 6, 4, 8]]}
BAD cls=102 a=2 runclass=4 cand=1,1,1,1,1,2,1,1 lemmafail=- {"sets": [[0, 1, 2, 5], [1, 3, 4, 5], [2, 3, 4, 5]], "vals": [[2, 10, 4, 7], [8, 4, 2, 5], [1, 6, 4, 8]]}
BAD cls=102 a=2 runclass=4 cand=1,1,1,1,1,2,1,1 lemmafail=- {"sets": [[0, 1, 2, 5], [1, 3, 4, 5], [2, 3, 4, 5]], "vals": [[3, 10, 4, 8], [8, 3, 2, 4], [1, 6, 4, 8]]}
BAD cls=102 a=2 runclass=4 cand=1,1,1,1,1,2,1,1 lemmafail=- {"sets": [[0, 1, 2, 5], [1, 3, 4, 5], [2, 3, 4, 5]], "vals": [[3, 10, 4, 8], [8, 4, 2, 5], [1, 6, 4, 8]]}
BAD cls=102 a=2 runclass=4 cand=1,1,1,1,1,2,1,1 lemmafail=- {"sets": [[0, 1, 2, 5], [1, 3, 4, 5], [2, 3, 4, 5]], "vals": [[1, 8, 4, 6], [8, 3, 2, 4], [2, 7, 6, 10]]}
BAD cls=102 a=2 runclass=4 cand=1,1,1,1,1,2,1,1 lemmafail=- {"sets": [[0, 1, 2, 5], [1, 3, 4, 5], [2, 3, 4, 5]], "vals": [[1, 8, 4, 6], [8, 4, 2, 5], [2, 7, 6, 10]]}
BAD cls=102 a=2 runclass=4 cand=1,1,1,1,1,2,1,1 lemmafail=- {"sets": [[0, 1, 2, 5], [1, 3, 4, 5], [2, 3, 4, 5]], "vals": [[2, 10, 4, 7], [8, 3, 2, 4], [2, 7, 6, 10]]}
BAD cls=102 a=2 runclass=4 cand=1,1,1,1,1,2,1,1 lemmafail=- {"sets": [[0, 1, 2, 5], [1, 3, 4, 5], [2, 3, 4, 5]], "vals": [[2, 10, 4, 7], [8, 4, 2, 5], [2, 7, 6, 10]]}
BAD cls=102 a=2 runclass=4 cand=1,1,1,1,1,2,1,1 lemmafail=- {"sets": [[0, 1, 2, 5], [1, 3, 4, 5], [2, 3, 4, 5]], "vals": [[3, 10, 4, 8], [8, 3, 2, 4], [2, 7, 6, 10]]}
BAD cls=102 a=2 runclass=4 cand=1,1,1,1,1,2,1,1 lemmafail=- {"sets": [[0, 1, 2, 5], [1, 3, 4, 5], [2, 3, 4, 5]], "vals": [[3, 10, 4, 8], [8, 4, 2, 5], [2, 7, 6, 10]]}
BAD cls=102 a=2 runclass=4 cand=1,1,1,1,1,2,1,1 lemmafail=- {"sets": [[0, 1, 2, 5], [1, 3, 4, 5], [2, 3, 4, 5]], "vals": [[4, 8, 1, 6], [8, 3, 2, 4], [1, 6, 4, 8]]}
BAD cls=102 a=2 runclass=4 cand=1,1,1,1,1,2,1,1 lemmafail=- {"sets": [[0, 1, 2, 5], [1, 3, 4, 5], [2, 3, 4, 5]], "vals": [[4, 8, 1, 6], [8, 4, 2, 5], [1, 6, 4, 8]]}
BAD cls=102 a=2 runclass=4 cand=1,1,1,1,1,2,1,1 lemmafail=- {"sets": [[0, 1, 2, 5], [1, 3, 4, 5], [2, 3, 4, 5]], "vals": [[4, 10, 2, 7], [8, 3, 2, 4], [1, 6, 4, 8]]}
BAD cls=102 a=2 runclass=4 cand=1,1,1,1,1,2,1,1 lemmafail=- {"sets": [[0, 1, 2, 5], [1, 3, 4, 5], [2, 3, 4, 5]], "vals": [[4, 10, 2, 7], [8, 4, 2, 5], [1, 6, 4, 8]]}
BAD cls=102 a=2 runclass=4 cand=1,1,1,1,1,2,1,1 lemmafail=- {"sets": [[0, 1, 2, 5], [1, 3, 4, 5], [2, 3, 4, 5]], "vals": [[4, 8, 1, 6], [8, 3, 2, 4], [2, 7, 6, 10]]}
BAD cls=102 a=2 runclass=4 cand=1,1,1,1,1,2,1,1 lemmafail=- {"sets": [[0, 1, 2, 5], [1, 3, 4, 5], [2, 3, 4, 5]], "vals": [[4, 8, 1, 6], [8, 4, 2, 5], [2, 7, 6, 10]]}
BAD cls=102 a=2 runclass=4 cand=1,1,1,1,1,2,1,1 lemmafail=- {"sets": [[0, 1, 2, 5], [1, 3, 4, 5], [2, 3, 4, 5]], "vals": [[4, 10, 2, 7], [8, 3, 2, 4], [2, 7, 6, 10]]}
BAD cls=102 a=2 runclass=4 cand=1,1,1,1,1,2,1,1 lemmafail=- {"sets": [[0, 1, 2, 5], [1, 3, 4, 5], [2, 3, 4, 5]], "vals": [[4, 10, 2, 7], [8, 4, 2, 5], [2, 7, 6, 10]]}
BAD cls=102 a=2 runclass=4 cand=1,1,1,1,1,2,1,1 lemmafail=- {"sets": [[0, 1, 2, 5], [1, 3, 4, 5], [2, 3, 4, 5]], "vals": [[4, 8, 2, 7], [8, 3, 2, 4], [1, 6, 4, 8]]}
BAD cls=102 a=2 runclass=4 cand=1,1,1,1,1,2,1,1 lemmafail=- {"sets": [[0, 1, 2, 5], [1, 3, 4, 5], [2, 3, 4, 5]], "vals": [[4, 8, 2, 7], [8, 4, 2, 5], [1, 6, 4, 8]]}
BAD cls=102 a=2 runclass=4 cand=1,1,1,1,1,2,1,1 lemmafail=- {"sets": [[0, 1, 2, 5], [1, 3, 4, 5], [2, 3, 4, 5]], "vals": [[4, 10, 3, 8], [8, 3, 2, 4], [1, 6, 4, 8]]}
BAD cls=102 a=2 runclass=4 cand=1,1,1,1,1,2,1,1 lemmafail=- {"sets": [[0, 1, 2, 5], [1, 3, 4, 5], [2, 3, 4, 5]], "vals": [[4, 10, 3, 8], [8, 4, 2, 5], [1, 6, 4, 8]]}
BAD cls=102 a=2 runclass=4 cand=1,1,1,1,1,2,1,1 lemmafail=- {"sets": [[0, 1, 2, 5], [1, 3, 4, 5], [2, 3, 4, 5]], "vals": [[4, 8, 2, 7], [8, 3, 2, 4], [2, 7, 6, 10]]}
BAD cls=102 a=2 runclass=4 cand=1,1,1,1,1,2,1,1 lemmafail=- {"sets": [[0, 1, 2, 5], [1, 3, 4, 5], [2, 3, 4, 5]], "vals": [[4, 8, 2, 7], [8, 4, 2, 5], [2, 7, 6, 10]]}
BAD cls=102 a=2 runclass=4 cand=1,1,1,1,1,2,1,1 lemmafail=- {"sets": [[0, 1, 2, 5], [1, 3, 4, 5], [2, 3, 4, 5]], "vals": [[4, 10, 3, 8], [8, 3, 2, 4], [2, 7, 6, 10]]}
BAD cls=102 a=2 runclass=4 cand=1,1,1,1,1,2,1,1 lemmafail=- {"sets": [[0, 1, 2, 5], [1, 3, 4, 5], [2, 3, 4, 5]], "vals": [[4, 10, 3, 8], [8, 4, 2, 5], [2, 7, 6, 10]]}
BAD cls=120 a=1 runclass=4 cand=2,2,2,2,2,1,2,2 lemmafail=- {"sets": [[0, 1, 2, 5], [1, 3, 4, 5], [2, 3, 4, 5]], "vals": [[1, 4, 8, 6], [1, 4, 6, 8], [8, 2, 3, 4]]}
BAD cls=120 a=1 runclass=4 cand=2,2,2,2,2,1,2,2 lemmafail=- {"sets": [[0, 1, 2, 5], [1, 3, 4, 5], [2, 3, 4, 5]], "vals": [[1, 4, 8, 6], [1, 4, 6, 8], [8, 2, 4, 5]]}
BAD cls=120 a=1 runclass=4 cand=2,2,2,2,2,1,2,2 lemmafail=- {"sets": [[0, 1, 2, 5], [1, 3, 4, 5], [2, 3, 4, 5]], "vals": [[2, 4, 10, 7], [1, 4, 6, 8], [8, 2, 3, 4]]}
BAD cls=120 a=1 runclass=4 cand=2,2,2,2,2,1,2,2 lemmafail=- {"sets": [[0, 1, 2, 5], [1, 3, 4, 5], [2, 3, 4, 5]], "vals": [[2, 4, 10, 7], [1, 4, 6, 8], [8, 2, 4, 5]]}
BAD cls=120 a=1 runclass=4 cand=2,2,2,2,2,1,2,2 lemmafail=- {"sets": [[0, 1, 2, 5], [1, 3, 4, 5], [2, 3, 4, 5]], "vals": [[3, 4, 10, 8], [1, 4, 6, 8], [8, 2, 3, 4]]}
BAD cls=120 a=1 runclass=4 cand=2,2,2,2,2,1,2,2 lemmafail=- {"sets": [[0, 1, 2, 5], [1, 3, 4, 5], [2, 3, 4, 5]], "vals": [[3, 4, 10, 8], [1, 4, 6, 8], [8, 2, 4, 5]]}
BAD cls=120 a=1 runclass=4 cand=2,2,2,2,2,1,2,2 lemmafail=- {"sets": [[0, 1, 2, 5], [1, 3, 4, 5], [2, 3, 4, 5]], "vals": [[1, 4, 8, 6], [2, 6, 7, 10], [8, 2, 3, 4]]}
BAD cls=120 a=1 runclass=4 cand=2,2,2,2,2,1,2,2 lemmafail=- {"sets": [[0, 1, 2, 5], [1, 3, 4, 5], [2, 3, 4, 5]], "vals": [[1, 4, 8, 6], [2, 6, 7, 10], [8, 2, 4, 5]]}
BAD cls=120 a=1 runclass=4 cand=2,2,2,2,2,1,2,2 lemmafail=- {"sets": [[0, 1, 2, 5], [1, 3, 4, 5], [2, 3, 4, 5]], "vals": [[2, 4, 10, 7], [2, 6, 7, 10], [8, 2, 3, 4]]}
BAD cls=120 a=1 runclass=4 cand=2,2,2,2,2,1,2,2 lemmafail=- {"sets": [[0, 1, 2, 5], [1, 3, 4, 5], [2, 3, 4, 5]], "vals": [[2, 4, 10, 7], [2, 6, 7, 10], [8, 2, 4, 5]]}
BAD cls=120 a=1 runclass=4 cand=2,2,2,2,2,1,2,2 lemmafail=- {"sets": [[0, 1, 2, 5], [1, 3, 4, 5], [2, 3, 4, 5]], "vals": [[3, 4, 10, 8], [2, 6, 7, 10], [8, 2, 3, 4]]}
BAD cls=120 a=1 runclass=4 cand=2,2,2,2,2,1,2,2 lemmafail=- {"sets": [[0, 1, 2, 5], [1, 3, 4, 5], [2, 3, 4, 5]], "vals": [[3, 4, 10, 8], [2, 6, 7, 10], [8, 2, 4, 5]]}
BAD cls=120 a=1 runclass=4 cand=2,2,2,2,2,1,2,2 lemmafail=- {"sets": [[0, 1, 2, 5], [1, 3, 4, 5], [2, 3, 4, 5]], "vals": [[4, 1, 8, 6], [1, 4, 6, 8], [8, 2, 3, 4]]}
BAD cls=120 a=1 runclass=4 cand=2,2,2,2,2,1,2,2 lemmafail=- {"sets": [[0, 1, 2, 5], [1, 3, 4, 5], [2, 3, 4, 5]], "vals": [[4, 1, 8, 6], [1, 4, 6, 8], [8, 2, 4, 5]]}
BAD cls=120 a=1 runclass=4 cand=2,2,2,2,2,1,2,2 lemmafail=- {"sets": [[0, 1, 2, 5], [1, 3, 4, 5], [2, 3, 4, 5]], "vals": [[4, 2, 10, 7], [1, 4, 6, 8], [8, 2, 3, 4]]}
BAD cls=120 a=1 runclass=4 cand=2,2,2,2,2,1,2,2 lemmafail=- {"sets": [[0, 1, 2, 5], [1, 3, 4, 5], [2, 3, 4, 5]], "vals": [[4, 2, 10, 7], [1, 4, 6, 8], [8, 2, 4, 5]]}
BAD cls=120 a=1 runclass=4 cand=2,2,2,2,2,1,2,2 lemmafail=- {"sets": [[0, 1, 2, 5], [1, 3, 4, 5], [2, 3, 4, 5]], "vals": [[4, 1, 8, 6], [2, 6, 7, 10], [8, 2, 3, 4]]}
BAD cls=120 a=1 runclass=4 cand=2,2,2,2,2,1,2,2 lemmafail=- {"sets": [[0, 1, 2, 5], [1, 3, 4, 5], [2, 3, 4, 5]], "vals": [[4, 1, 8, 6], [2, 6, 7, 10], [8, 2, 4, 5]]}
BAD cls=120 a=1 runclass=4 cand=2,2,2,2,2,1,2,2 lemmafail=- {"sets": [[0, 1, 2, 5], [1, 3, 4, 5], [2, 3, 4, 5]], "vals": [[4, 2, 10, 7], [2, 6, 7, 10], [8, 2, 3, 4]]}
BAD cls=120 a=1 runclass=4 cand=2,2,2,2,2,1,2,2 lemmafail=- {"sets": [[0, 1, 2, 5], [1, 3, 4, 5], [2, 3, 4, 5]], "vals": [[4, 2, 10, 7], [2, 6, 7, 10], [8, 2, 4, 5]]}
BAD cls=120 a=1 runclass=4 cand=2,2,2,2,2,1,2,2 lemmafail=- {"sets": [[0, 1, 2, 5], [1, 3, 4, 5], [2, 3, 4, 5]], "vals": [[4, 2, 8, 7], [1, 4, 6, 8], [8, 2, 3, 4]]}
BAD cls=120 a=1 runclass=4 cand=2,2,2,2,2,1,2,2 lemmafail=- {"sets": [[0, 1, 2, 5], [1, 3, 4, 5], [2, 3, 4, 5]], "vals": [[4, 2, 8, 7], [1, 4, 6, 8], [8, 2, 4, 5]]}
BAD cls=120 a=1 runclass=4 cand=2,2,2,2,2,1,2,2 lemmafail=- {"sets": [[0, 1, 2, 5], [1, 3, 4, 5], [2, 3, 4, 5]], "vals": [[4, 3, 10, 8], [1, 4, 6, 8], [8, 2, 3, 4]]}
BAD cls=120 a=1 runclass=4 cand=2,2,2,2,2,1,2,2 lemmafail=- {"sets": [[0, 1, 2, 5], [1, 3, 4, 5], [2, 3, 4, 5]], "vals": [[4, 3, 10, 8], [1, 4, 6, 8], [8, 2, 4, 5]]}
BAD cls=120 a=1 runclass=4 cand=2,2,2,2,2,1,2,2 lemmafail=- {"sets": [[0, 1, 2, 5], [1, 3, 4, 5], [2, 3, 4, 5]], "vals": [[4, 2, 8, 7], [2, 6, 7, 10], [8, 2, 3, 4]]}
BAD cls=120 a=1 runclass=4 cand=2,2,2,2,2,1,2,2 lemmafail=- {"sets": [[0, 1, 2, 5], [1, 3, 4, 5], [2, 3, 4, 5]], "vals": [[4, 2, 8, 7], [2, 6, 7, 10], [8, 2, 4, 5]]}
BAD cls=120 a=1 runclass=4 cand=2,2,2,2,2,1,2,2 lemmafail=- {"sets": [[0, 1, 2, 5], [1, 3, 4, 5], [2, 3, 4, 5]], "vals": [[4, 3, 10, 8], [2, 6, 7, 10], [8, 2, 3, 4]]}
BAD cls=120 a=1 runclass=4 cand=2,2,2,2,2,1,2,2 lemmafail=- {"sets": [[0, 1, 2, 5], [1, 3, 4, 5], [2, 3, 4, 5]], "vals": [[4, 3, 10, 8], [2, 6, 7, 10], [8, 2, 4, 5]]}
BAD cls=120 a=1 runclass=4 cand=2,2,2,2,2,1,2,2 lemmafail=- {"sets": [[0, 1, 2, 5], [1, 3, 4, 5], [2, 3, 4, 5]], "vals": [[1, 4, 8, 6], [1, 6, 4, 8], [8, 2, 3, 4]]}
BAD cls=120 a=1 runclass=4 cand=2,2,2,2,2,1,2,2 lemmafail=- {"sets": [[0, 1, 2, 5], [1, 3, 4, 5], [2, 3, 4, 5]], "vals": [[1, 4, 8, 6], [1, 6, 4, 8], [8, 2, 4, 5]]}
BAD cls=120 a=1 runclass=4 cand=2,2,2,2,2,1,2,2 lemmafail=- {"sets": [[0, 1, 2, 5], [1, 3, 4, 5], [2, 3, 4, 5]], "vals": [[2, 4, 10, 7], [1, 6, 4, 8], [8, 2, 3, 4]]}
BAD cls=120 a=1 runclass=4 cand=2,2,2,2,2,1,2,2 lemmafail=- {"sets": [[0, 1, 2, 5], [1, 3, 4, 5], [2, 3, 4, 5]], "vals": [[2, 4, 10, 7], [1, 6, 4, 8], [8, 2, 4, 5]]}
BAD cls=120 a=1 runclass=4 cand=2,2,2,2,2,1,2,2 lemmafail=- {"sets": [[0, 1, 2, 5], [1, 3, 4, 5], [2, 3, 4, 5]], "vals": [[3, 4, 10, 8], [1, 6, 4, 8], [8, 2, 3, 4]]}
BAD cls=120 a=1 runclass=4 cand=2,2,2,2,2,1,2,2 lemmafail=- {"sets": [[0, 1, 2, 5], [1, 3, 4, 5], [2, 3, 4, 5]], "vals": [[3, 4, 10, 8], [1, 6, 4, 8], [8, 2, 4, 5]]}
BAD cls=120 a=1 runclass=4 cand=2,2,2,2,2,1,2,2 lemmafail=- {"sets": [[0, 1, 2, 5], [1, 3, 4, 5], [2, 3, 4, 5]], "vals": [[1, 4, 8, 6], [2, 7, 6, 10], [8, 2, 3, 4]]}
BAD cls=120 a=1 runclass=4 cand=2,2,2,2,2,1,2,2 lemmafail=- {"sets": [[0, 1, 2, 5], [1, 3, 4, 5], [2, 3, 4, 5]], "vals": [[1, 4, 8, 6], [2, 7, 6, 10], [8, 2, 4, 5]]}
BAD cls=120 a=1 runclass=4 cand=2,2,2,2,2,1,2,2 lemmafail=- {"sets": [[0, 1, 2, 5], [1, 3, 4, 5], [2, 3, 4, 5]], "vals": [[2, 4, 10, 7], [2, 7, 6, 10], [8, 2, 3, 4]]}
BAD cls=120 a=1 runclass=4 cand=2,2,2,2,2,1,2,2 lemmafail=- {"sets": [[0, 1, 2, 5], [1, 3, 4, 5], [2, 3, 4, 5]], "vals": [[2, 4, 10, 7], [2, 7, 6, 10], [8, 2, 4, 5]]}
BAD cls=120 a=1 runclass=4 cand=2,2,2,2,2,1,2,2 lemmafail=- {"sets": [[0, 1, 2, 5], [1, 3, 4, 5], [2, 3, 4, 5]], "vals": [[3, 4, 10, 8], [2, 7, 6, 10], [8, 2, 3, 4]]}
BAD cls=120 a=1 runclass=4 cand=2,2,2,2,2,1,2,2 lemmafail=- {"sets": [[0, 1, 2, 5], [1, 3, 4, 5], [2, 3, 4, 5]], "vals": [[3, 4, 10, 8], [2, 7, 6, 10], [8, 2, 4, 5]]}
BAD cls=120 a=1 runclass=4 cand=2,2,2,2,2,1,2,2 lemmafail=- {"sets": [[0, 1, 2, 5], [1, 3, 4, 5], [2, 3, 4, 5]], "vals": [[4, 1, 8, 6], [1, 6, 4, 8], [8, 2, 3, 4]]}
BAD cls=120 a=1 runclass=4 cand=2,2,2,2,2,1,2,2 lemmafail=- {"sets": [[0, 1, 2, 5], [1, 3, 4, 5], [2, 3, 4, 5]], "vals": [[4, 1, 8, 6], [1, 6, 4, 8], [8, 2, 4, 5]]}
BAD cls=120 a=1 runclass=4 cand=2,2,2,2,2,1,2,2 lemmafail=- {"sets": [[0, 1, 2, 5], [1, 3, 4, 5], [2, 3, 4, 5]], "vals": [[4, 2, 10, 7], [1, 6, 4, 8], [8, 2, 3, 4]]}
BAD cls=120 a=1 runclass=4 cand=2,2,2,2,2,1,2,2 lemmafail=- {"sets": [[0, 1, 2, 5], [1, 3, 4, 5], [2, 3, 4, 5]], "vals": [[4, 2, 10, 7], [1, 6, 4, 8], [8, 2, 4, 5]]}
BAD cls=120 a=1 runclass=4 cand=2,2,2,2,2,1,2,2 lemmafail=- {"sets": [[0, 1, 2, 5], [1, 3, 4, 5], [2, 3, 4, 5]], "vals": [[4, 1, 8, 6], [2, 7, 6, 10], [8, 2, 3, 4]]}
BAD cls=120 a=1 runclass=4 cand=2,2,2,2,2,1,2,2 lemmafail=- {"sets": [[0, 1, 2, 5], [1, 3, 4, 5], [2, 3, 4, 5]], "vals": [[4, 1, 8, 6], [2, 7, 6, 10], [8, 2, 4, 5]]}
BAD cls=120 a=1 runclass=4 cand=2,2,2,2,2,1,2,2 lemmafail=- {"sets": [[0, 1, 2, 5], [1, 3, 4, 5], [2, 3, 4, 5]], "vals": [[4, 2, 10, 7], [2, 7, 6, 10], [8, 2, 3, 4]]}
BAD cls=120 a=1 runclass=4 cand=2,2,2,2,2,1,2,2 lemmafail=- {"sets": [[0, 1, 2, 5], [1, 3, 4, 5], [2, 3, 4, 5]], "vals": [[4, 2, 10, 7], [2, 7, 6, 10], [8, 2, 4, 5]]}
BAD cls=120 a=1 runclass=4 cand=2,2,2,2,2,1,2,2 lemmafail=- {"sets": [[0, 1, 2, 5], [1, 3, 4, 5], [2, 3, 4, 5]], "vals": [[4, 2, 8, 7], [1, 6, 4, 8], [8, 2, 3, 4]]}
BAD cls=120 a=1 runclass=4 cand=2,2,2,2,2,1,2,2 lemmafail=- {"sets": [[0, 1, 2, 5], [1, 3, 4, 5], [2, 3, 4, 5]], "vals": [[4, 2, 8, 7], [1, 6, 4, 8], [8, 2, 4, 5]]}
BAD cls=120 a=1 runclass=4 cand=2,2,2,2,2,1,2,2 lemmafail=- {"sets": [[0, 1, 2, 5], [1, 3, 4, 5], [2, 3, 4, 5]], "vals": [[4, 3, 10, 8], [1, 6, 4, 8], [8, 2, 3, 4]]}
BAD cls=120 a=1 runclass=4 cand=2,2,2,2,2,1,2,2 lemmafail=- {"sets": [[0, 1, 2, 5], [1, 3, 4, 5], [2, 3, 4, 5]], "vals": [[4, 3, 10, 8], [1, 6, 4, 8], [8, 2, 4, 5]]}
BAD cls=120 a=1 runclass=4 cand=2,2,2,2,2,1,2,2 lemmafail=- {"sets": [[0, 1, 2, 5], [1, 3, 4, 5], [2, 3, 4, 5]], "vals": [[4, 2, 8, 7], [2, 7, 6, 10], [8, 2, 3, 4]]}
BAD cls=120 a=1 runclass=4 cand=2,2,2,2,2,1,2,2 lemmafail=- {"sets": [[0, 1, 2, 5], [1, 3, 4, 5], [2, 3, 4, 5]], "vals": [[4, 2, 8, 7], [2, 7, 6, 10], [8, 2, 4, 5]]}
BAD cls=120 a=1 runclass=4 cand=2,2,2,2,2,1,2,2 lemmafail=- {"sets": [[0, 1, 2, 5], [1, 3, 4, 5], [2, 3, 4, 5]], "vals": [[4, 3, 10, 8], [2, 7, 6, 10], [8, 2, 3, 4]]}
BAD cls=120 a=1 runclass=4 cand=2,2,2,2,2,1,2,2 lemmafail=- {"sets": [[0, 1, 2, 5], [1, 3, 4, 5], [2, 3, 4, 5]], "vals": [[4, 3, 10, 8], [2, 7, 6, 10], [8, 2, 4, 5]]}
BAD cls=120 a=1 runclass=4 cand=2,2,2,2,2,1,2,2 lemmafail=- {"sets": [[0, 1, 2, 5], [1, 3, 4, 5], [2, 3, 4, 5]], "vals": [[1, 4, 8, 6], [1, 4, 6, 8], [8, 3, 2, 4]]}
BAD cls=120 a=1 runclass=4 cand=2,2,2,2,2,1,2,2 lemmafail=- {"sets": [[0, 1, 2, 5], [1, 3, 4, 5], [2, 3, 4, 5]], "vals": [[1, 4, 8, 6], [1, 4, 6, 8], [8, 4, 2, 5]]}
BAD cls=120 a=1 runclass=4 cand=2,2,2,2,2,1,2,2 lemmafail=- {"sets": [[0, 1, 2, 5], [1, 3, 4, 5], [2, 3, 4, 5]], "vals": [[2, 4, 10, 7], [1, 4, 6, 8], [8, 3, 2, 4]]}
BAD cls=120 a=1 runclass=4 cand=2,2,2,2,2,1,2,2 lemmafail=- {"sets": [[0, 1, 2, 5], [1, 3, 4, 5], [2, 3, 4, 5]], "vals": [[2, 4, 10, 7], [1, 4, 6, 8], [8, 4, 2, 5]]}
BAD cls=120 a=1 runclass=4 cand=2,2,2,2,2,1,2,2 lemmafail=- {"sets": [[0, 1, 2, 5], [1, 3, 4, 5], [2, 3, 4, 5]], "vals": [[3, 4, 10, 8], [1, 4, 6, 8], [8, 3, 2, 4]]}
BAD cls=120 a=1 runclass=4 cand=2,2,2,2,2,1,2,2 lemmafail=- {"sets": [[0, 1, 2, 5], [1, 3, 4, 5], [2, 3, 4, 5]], "vals": [[3, 4, 10, 8], [1, 4, 6, 8], [8, 4, 2, 5]]}
BAD cls=120 a=1 runclass=4 cand=2,2,2,2,2,1,2,2 lemmafail=- {"sets": [[0, 1, 2, 5], [1, 3, 4, 5], [2, 3, 4, 5]], "vals": [[1, 4, 8, 6], [2, 6, 7, 10], [8, 3, 2, 4]]}
BAD cls=120 a=1 runclass=4 cand=2,2,2,2,2,1,2,2 lemmafail=- {"sets": [[0, 1, 2, 5], [1, 3, 4, 5], [2, 3, 4, 5]], "vals": [[1, 4, 8, 6], [2, 6, 7, 10], [8, 4, 2, 5]]}
BAD cls=120 a=1 runclass=4 cand=2,2,2,2,2,1,2,2 lemmafail=- {"sets": [[0, 1, 2, 5], [1, 3, 4, 5], [2, 3, 4, 5]], "vals": [[2, 4, 10, 7], [2, 6, 7, 10], [8, 3, 2, 4]]}
BAD cls=120 a=1 runclass=4 cand=2,2,2,2,2,1,2,2 lemmafail=- {"sets": [[0, 1, 2, 5], [1, 3, 4, 5], [2, 3, 4, 5]], "vals": [[2, 4, 10, 7], [2, 6, 7, 10], [8, 4, 2, 5]]}
BAD cls=120 a=1 runclass=4 cand=2,2,2,2,2,1,2,2 lemmafail=- {"sets": [[0, 1, 2, 5], [1, 3, 4, 5], [2, 3, 4, 5]], "vals": [[3, 4, 10, 8], [2, 6, 7, 10], [8, 3, 2, 4]]}
BAD cls=120 a=1 runclass=4 cand=2,2,2,2,2,1,2,2 lemmafail=- {"sets": [[0, 1, 2, 5], [1, 3, 4, 5], [2, 3, 4, 5]], "vals": [[3, 4, 10, 8], [2, 6, 7, 10], [8, 4, 2, 5]]}
BAD cls=120 a=1 runclass=4 cand=2,2,2,2,2,1,2,2 lemmafail=- {"sets": [[0, 1, 2, 5], [1, 3, 4, 5], [2, 3, 4, 5]], "vals": [[4, 1, 8, 6], [1, 4, 6, 8], [8, 3, 2, 4]]}
BAD cls=120 a=1 runclass=4 cand=2,2,2,2,2,1,2,2 lemmafail=- {"sets": [[0, 1, 2, 5], [1, 3, 4, 5], [2, 3, 4, 5]], "vals": [[4, 1, 8, 6], [1, 4, 6, 8], [8, 4, 2, 5]]}
BAD cls=120 a=1 runclass=4 cand=2,2,2,2,2,1,2,2 lemmafail=- {"sets": [[0, 1, 2, 5], [1, 3, 4, 5], [2, 3, 4, 5]], "vals": [[4, 2, 10, 7], [1, 4, 6, 8], [8, 3, 2, 4]]}
BAD cls=120 a=1 runclass=4 cand=2,2,2,2,2,1,2,2 lemmafail=- {"sets": [[0, 1, 2, 5], [1, 3, 4, 5], [2, 3, 4, 5]], "vals": [[4, 2, 10, 7], [1, 4, 6, 8], [8, 4, 2, 5]]}
BAD cls=120 a=1 runclass=4 cand=2,2,2,2,2,1,2,2 lemmafail=- {"sets": [[0, 1, 2, 5], [1, 3, 4, 5], [2, 3, 4, 5]], "vals": [[4, 1, 8, 6], [2, 6, 7, 10], [8, 3, 2, 4]]}
BAD cls=120 a=1 runclass=4 cand=2,2,2,2,2,1,2,2 lemmafail=- {"sets": [[0, 1, 2, 5], [1, 3, 4, 5], [2, 3, 4, 5]], "vals": [[4, 1, 8, 6], [2, 6, 7, 10], [8, 4, 2, 5]]}
BAD cls=120 a=1 runclass=4 cand=2,2,2,2,2,1,2,2 lemmafail=- {"sets": [[0, 1, 2, 5], [1, 3, 4, 5], [2, 3, 4, 5]], "vals": [[4, 2, 10, 7], [2, 6, 7, 10], [8, 3, 2, 4]]}
BAD cls=120 a=1 runclass=4 cand=2,2,2,2,2,1,2,2 lemmafail=- {"sets": [[0, 1, 2, 5], [1, 3, 4, 5], [2, 3, 4, 5]], "vals": [[4, 2, 10, 7], [2, 6, 7, 10], [8, 4, 2, 5]]}
BAD cls=120 a=1 runclass=4 cand=2,2,2,2,2,1,2,2 lemmafail=- {"sets": [[0, 1, 2, 5], [1, 3, 4, 5], [2, 3, 4, 5]], "vals": [[4, 2, 8, 7], [1, 4, 6, 8], [8, 3, 2, 4]]}
BAD cls=120 a=1 runclass=4 cand=2,2,2,2,2,1,2,2 lemmafail=- {"sets": [[0, 1, 2, 5], [1, 3, 4, 5], [2, 3, 4, 5]], "vals": [[4, 2, 8, 7], [1, 4, 6, 8], [8, 4, 2, 5]]}
BAD cls=120 a=1 runclass=4 cand=2,2,2,2,2,1,2,2 lemmafail=- {"sets": [[0, 1, 2, 5], [1, 3, 4, 5], [2, 3, 4, 5]], "vals": [[4, 3, 10, 8], [1, 4, 6, 8], [8, 3, 2, 4]]}
BAD cls=120 a=1 runclass=4 cand=2,2,2,2,2,1,2,2 lemmafail=- {"sets": [[0, 1, 2, 5], [1, 3, 4, 5], [2, 3, 4, 5]], "vals": [[4, 3, 10, 8], [1, 4, 6, 8], [8, 4, 2, 5]]}
BAD cls=120 a=1 runclass=4 cand=2,2,2,2,2,1,2,2 lemmafail=- {"sets": [[0, 1, 2, 5], [1, 3, 4, 5], [2, 3, 4, 5]], "vals": [[4, 2, 8, 7], [2, 6, 7, 10], [8, 3, 2, 4]]}
BAD cls=120 a=1 runclass=4 cand=2,2,2,2,2,1,2,2 lemmafail=- {"sets": [[0, 1, 2, 5], [1, 3, 4, 5], [2, 3, 4, 5]], "vals": [[4, 2, 8, 7], [2, 6, 7, 10], [8, 4, 2, 5]]}
BAD cls=120 a=1 runclass=4 cand=2,2,2,2,2,1,2,2 lemmafail=- {"sets": [[0, 1, 2, 5], [1, 3, 4, 5], [2, 3, 4, 5]], "vals": [[4, 3, 10, 8], [2, 6, 7, 10], [8, 3, 2, 4]]}
BAD cls=120 a=1 runclass=4 cand=2,2,2,2,2,1,2,2 lemmafail=- {"sets": [[0, 1, 2, 5], [1, 3, 4, 5], [2, 3, 4, 5]], "vals": [[4, 3, 10, 8], [2, 6, 7, 10], [8, 4, 2, 5]]}
BAD cls=120 a=1 runclass=4 cand=2,2,2,2,2,1,2,2 lemmafail=- {"sets": [[0, 1, 2, 5], [1, 3, 4, 5], [2, 3, 4, 5]], "vals": [[1, 4, 8, 6], [1, 6, 4, 8], [8, 3, 2, 4]]}
BAD cls=120 a=1 runclass=4 cand=2,2,2,2,2,1,2,2 lemmafail=- {"sets": [[0, 1, 2, 5], [1, 3, 4, 5], [2, 3, 4, 5]], "vals": [[1, 4, 8, 6], [1, 6, 4, 8], [8, 4, 2, 5]]}
BAD cls=120 a=1 runclass=4 cand=2,2,2,2,2,1,2,2 lemmafail=- {"sets": [[0, 1, 2, 5], [1, 3, 4, 5], [2, 3, 4, 5]], "vals": [[2, 4, 10, 7], [1, 6, 4, 8], [8, 3, 2, 4]]}
BAD cls=120 a=1 runclass=4 cand=2,2,2,2,2,1,2,2 lemmafail=- {"sets": [[0, 1, 2, 5], [1, 3, 4, 5], [2, 3, 4, 5]], "vals": [[2, 4, 10, 7], [1, 6, 4, 8], [8, 4, 2, 5]]}
BAD cls=120 a=1 runclass=4 cand=2,2,2,2,2,1,2,2 lemmafail=- {"sets": [[0, 1, 2, 5], [1, 3, 4, 5], [2, 3, 4, 5]], "vals": [[3, 4, 10, 8], [1, 6, 4, 8], [8, 3, 2, 4]]}
BAD cls=120 a=1 runclass=4 cand=2,2,2,2,2,1,2,2 lemmafail=- {"sets": [[0, 1, 2, 5], [1, 3, 4, 5], [2, 3, 4, 5]], "vals": [[3, 4, 10, 8], [1, 6, 4, 8], [8, 4, 2, 5]]}
BAD cls=120 a=1 runclass=4 cand=2,2,2,2,2,1,2,2 lemmafail=- {"sets": [[0, 1, 2, 5], [1, 3, 4, 5], [2, 3, 4, 5]], "vals": [[1, 4, 8, 6], [2, 7, 6, 10], [8, 3, 2, 4]]}
BAD cls=120 a=1 runclass=4 cand=2,2,2,2,2,1,2,2 lemmafail=- {"sets": [[0, 1, 2, 5], [1, 3, 4, 5], [2, 3, 4, 5]], "vals": [[1, 4, 8, 6], [2, 7, 6, 10], [8, 4, 2, 5]]}
BAD cls=120 a=1 runclass=4 cand=2,2,2,2,2,1,2,2 lemmafail=- {"sets": [[0, 1, 2, 5], [1, 3, 4, 5], [2, 3, 4, 5]], "vals": [[2, 4, 10, 7], [2, 7, 6, 10], [8, 3, 2, 4]]}
BAD cls=120 a=1 runclass=4 cand=2,2,2,2,2,1,2,2 lemmafail=- {"sets": [[0, 1, 2, 5], [1, 3, 4, 5], [2, 3, 4, 5]], "vals": [[2, 4, 10, 7], [2, 7, 6, 10], [8, 4, 2, 5]]}
BAD cls=120 a=1 runclass=4 cand=2,2,2,2,2,1,2,2 lemmafail=- {"sets": [[0, 1, 2, 5], [1, 3, 4, 5], [2, 3, 4, 5]], "vals": [[3, 4, 10, 8], [2, 7, 6, 10], [8, 3, 2, 4]]}
BAD cls=120 a=1 runclass=4 cand=2,2,2,2,2,1,2,2 lemmafail=- {"sets": [[0, 1, 2, 5], [1, 3, 4, 5], [2, 3, 4, 5]], "vals": [[3, 4, 10, 8], [2, 7, 6, 10], [8, 4, 2, 5]]}
BAD cls=120 a=1 runclass=4 cand=2,2,2,2,2,1,2,2 lemmafail=- {"sets": [[0, 1, 2, 5], [1, 3, 4, 5], [2, 3, 4, 5]], "vals": [[4, 1, 8, 6], [1, 6, 4, 8], [8, 3, 2, 4]]}
BAD cls=120 a=1 runclass=4 cand=2,2,2,2,2,1,2,2 lemmafail=- {"sets": [[0, 1, 2, 5], [1, 3, 4, 5], [2, 3, 4, 5]], "vals": [[4, 1, 8, 6], [1, 6, 4, 8], [8, 4, 2, 5]]}
BAD cls=120 a=1 runclass=4 cand=2,2,2,2,2,1,2,2 lemmafail=- {"sets": [[0, 1, 2, 5], [1, 3, 4, 5], [2, 3, 4, 5]], "vals": [[4, 2, 10, 7], [1, 6, 4, 8], [8, 3, 2, 4]]}
BAD cls=120 a=1 runclass=4 cand=2,2,2,2,2,1,2,2 lemmafail=- {"sets": [[0, 1, 2, 5], [1, 3, 4, 5], [2, 3, 4, 5]], "vals": [[4, 2, 10, 7], [1, 6, 4, 8], [8, 4, 2, 5]]}
BAD cls=120 a=1 runclass=4 cand=2,2,2,2,2,1,2,2 lemmafail=- {"sets": [[0, 1, 2, 5], [1, 3, 4, 5], [2, 3, 4, 5]], "vals": [[4, 1, 8, 6], [2, 7, 6, 10], [8, 3, 2, 4]]}
BAD cls=120 a=1 runclass=4 cand=2,2,2,2,2,1,2,2 lemmafail=- {"sets": [[0, 1, 2, 5], [1, 3, 4, 5], [2, 3, 4, 5]], "vals": [[4, 1, 8, 6], [2, 7, 6, 10], [8, 4, 2, 5]]}
BAD cls=120 a=1 runclass=4 cand=2,2,2,2,2,1,2,2 lemmafail=- {"sets": [[0, 1, 2, 5], [1, 3, 4, 5], [2, 3, 4, 5]], "vals": [[4, 2, 10, 7], [2, 7, 6, 10], [8, 3, 2, 4]]}
BAD cls=120 a=1 runclass=4 cand=2,2,2,2,2,1,2,2 lemmafail=- {"sets": [[0, 1, 2, 5], [1, 3, 4, 5], [2, 3, 4, 5]], "vals": [[4, 2, 10, 7], [2, 7, 6, 10], [8, 4, 2, 5]]}
BAD cls=120 a=1 runclass=4 cand=2,2,2,2,2,1,2,2 lemmafail=- {"sets": [[0, 1, 2, 5], [1, 3, 4, 5], [2, 3, 4, 5]], "vals": [[4, 2, 8, 7], [1, 6, 4, 8], [8, 3, 2, 4]]}
BAD cls=120 a=1 runclass=4 cand=2,2,2,2,2,1,2,2 lemmafail=- {"sets": [[0, 1, 2, 5], [1, 3, 4, 5], [2, 3, 4, 5]], "vals": [[4, 2, 8, 7], [1, 6, 4, 8], [8, 4, 2, 5]]}
BAD cls=120 a=1 runclass=4 cand=2,2,2,2,2,1,2,2 lemmafail=- {"sets": [[0, 1, 2, 5], [1, 3, 4, 5], [2, 3, 4, 5]], "vals": [[4, 3, 10, 8], [1, 6, 4, 8], [8, 3, 2, 4]]}
BAD cls=120 a=1 runclass=4 cand=2,2,2,2,2,1,2,2 lemmafail=- {"sets": [[0, 1, 2, 5], [1, 3, 4, 5], [2, 3, 4, 5]], "vals": [[4, 3, 10, 8], [1, 6, 4, 8], [8, 4, 2, 5]]}
BAD cls=120 a=1 runclass=4 cand=2,2,2,2,2,1,2,2 lemmafail=- {"sets": [[0, 1, 2, 5], [1, 3, 4, 5], [2, 3, 4, 5]], "vals": [[4, 2, 8, 7], [2, 7, 6, 10], [8, 3, 2, 4]]}
BAD cls=120 a=1 runclass=4 cand=2,2,2,2,2,1,2,2 lemmafail=- {"sets": [[0, 1, 2, 5], [1, 3, 4, 5], [2, 3, 4, 5]], "vals": [[4, 2, 8, 7], [2, 7, 6, 10], [8, 4, 2, 5]]}
BAD cls=120 a=1 runclass=4 cand=2,2,2,2,2,1,2,2 lemmafail=- {"sets": [[0, 1, 2, 5], [1, 3, 4, 5], [2, 3, 4, 5]], "vals": [[4, 3, 10, 8], [2, 7, 6, 10], [8, 3, 2, 4]]}
BAD cls=120 a=1 runclass=4 cand=2,2,2,2,2,1,2,2 lemmafail=- {"sets": [[0, 1, 2, 5], [1, 3, 4, 5], [2, 3, 4, 5]], "vals": [[4, 3, 10, 8], [2, 7, 6, 10], [8, 4, 2, 5]]}
BAD cls=120 a=1 runclass=4 cand=2,2,2,2,2,1,2,2 lemmafail=- {"sets": [[0, 2, 5, 6], [1, 3, 4, 6], [3, 4, 5, 6]], "vals": [[3, 4, 10, 8], [1, 4, 6, 8], [2, 3, 8, 4]]}
BAD cls=120 a=1 runclass=4 cand=2,2,2,2,2,1,2,2 lemmafail=- {"sets": [[0, 2, 5, 6], [1, 3, 4, 6], [3, 4, 5, 6]], "vals": [[3, 4, 10, 8], [1, 4, 6, 8], [2, 4, 8, 5]]}
BAD cls=120 a=1 runclass=4 cand=2,2,2,2,2,1,2,2 lemmafail=- {"sets": [[0, 2, 5, 6], [1, 3, 4, 6], [3, 4, 5, 6]], "vals": [[2, 4, 8, 7], [1, 4, 6, 8], [2, 3, 8, 4]]}
BAD cls=120 a=1 runclass=4 cand=2,2,2,2,2,1,2,2 lemmafail=- {"sets": [[0, 2, 5, 6], [1, 3, 4, 6], [3, 4, 5, 6]], "vals": [[2, 4, 8, 7], [1, 4, 6, 8], [2, 4, 8, 5]]}
BAD cls=120 a=1 runclass=4 cand=2,2,2,2,2,1,2,2 lemmafail=- {"sets": [[0, 2, 5, 6], [1, 3, 4, 6], [3, 4, 5, 6]], "vals": [[3, 4, 10, 8], [2, 6, 7, 10], [2, 3, 8, 4]]}
BAD cls=120 a=1 runclass=4 cand=2,2,2,2,2,1,2,2 lemmafail=- {"sets": [[0, 2, 5, 6], [1, 3, 4, 6], [3, 4, 5, 6]], "vals": [[3, 4, 10, 8], [2, 6, 7, 10], [2, 4, 8, 5]]}
BAD cls=120 a=1 runclass=4 cand=2,2,2,2,2,1,2,2 lemmafail=- {"sets": [[0, 2, 5, 6], [1, 3, 4, 6], [3, 4, 5, 6]], "vals": [[2, 4, 8, 7], [2, 6, 7, 10], [2, 3, 8, 4]]}
BAD cls=120 a=1 runclass=4 cand=2,2,2,2,2,1,2,2 lemmafail=- {"sets": [[0, 2, 5, 6], [1, 3, 4, 6], [3, 4, 5, 6]], "vals": [[2, 4, 8, 7], [2, 6, 7, 10], [2, 4, 8, 5]]}
BAD cls=120 a=1 runclass=4 cand=2,2,2,2,2,1,2,2 lemmafail=- {"sets": [[0, 2, 5, 6], [1, 3, 4, 6], [3, 4, 5, 6]], "vals": [[2, 4, 10, 7], [1, 4, 6, 8], [2, 3, 8, 4]]}
BAD cls=120 a=1 runclass=4 cand=2,2,2,2,2,1,2,2 lemmafail=- {"sets": [[0, 2, 5, 6], [1, 3, 4, 6], [3, 4, 5, 6]], "vals": [[2, 4, 10, 7], [1, 4, 6, 8], [2, 4, 8, 5]]}
BAD cls=120 a=1 runclass=4 cand=2,2,2,2,2,1,2,2 lemmafail=- {"sets": [[0, 2, 5, 6], [1, 3, 4, 6], [3, 4, 5, 6]], "vals": [[1, 4, 8, 6], [1, 4, 6, 8], [2, 3, 8, 4]]}
BAD cls=120 a=1 runclass=4 cand=2,2,2,2,2,1,2,2 lemmafail=- {"sets": [[0, 2, 5, 6], [1, 3, 4, 6], [3, 4, 5, 6]], "vals": [[1, 4, 8, 6], [1, 4, 6, 8], [2, 4, 8, 5]]}
BAD cls=120 a=1 runclass=4 cand=2,2,2,2,2,1,2,2 lemmafail=- {"sets": [[0, 2, 5, 6], [1, 3, 4, 6], [3, 4, 5, 6]], "vals": [[2, 4, 10, 7], [2, 6, 7, 10], [2, 3, 8, 4]]}
BAD cls=120 a=1 runclass=4 cand=2,2,2,2,2,1,2,2 lemmafail=- {"sets": [[0, 2, 5, 6], [1, 3, 4, 6], [3, 4, 5, 6]], "vals": [[2, 4, 10, 7], [2, 6, 7, 10], [2, 4, 8, 5]]}
BAD cls=120 a=1 runclass=4 cand=2,2,2,2,2,1,2,2 lemmafail=- {"sets": [[0, 2, 5, 6], [1, 3, 4, 6], [3, 4, 5, 6]], "vals": [[1, 4, 8, 6], [2, 6, 7, 10], [2, 3, 8, 4]]}
BAD cls=120 a=1 runclass=4 cand=2,2,2,2,2,1,2,2 lemmafail=- {"sets": [[0, 2, 5, 6], [1, 3, 4, 6], [3, 4, 5, 6]], "vals": [[1, 4, 8, 6], [2, 6, 7, 10], [2, 4, 8, 5]]}
BAD cls=120 a=1 runclass=4 cand=2,2,2,2,2,1,2,2 lemmafail=- {"sets": [[0, 2, 5, 6], [1, 3, 4, 6], [3, 4, 5, 6]], "vals": [[2, 3, 10, 6], [1, 4, 6, 8], [2, 3, 8, 4]]}
BAD cls=120 a=1 runclass=4 cand=2,2,2,2,2,1,2,2 lemmafail=- {"sets": [[0, 2, 5, 6], [1, 3, 4, 6], [3, 4, 5, 6]], "vals": [[2, 3, 10, 6], [1, 4, 6, 8], [2, 4, 8, 5]]}
BAD cls=120 a=1 runclass=4 cand=2,2,2,2,2,1,2,2 lemmafail=- {"sets": [[0, 2, 5, 6], [1, 3, 4, 6], [3, 4, 5, 6]], "vals": [[2, 3, 10, 6], [2, 6, 7, 10], [2, 3, 8, 4]]}
BAD cls=120 a=1 runclass=4 cand=2,2,2,2,2,1,2,2 lemmafail=- {"sets": [[0, 2, 5, 6], [1, 3, 4, 6], [3, 4, 5, 6]], "vals": [[2, 3, 10, 6], [2, 6, 7, 10], [2, 4, 8, 5]]}
BAD cls=120 a=1 runclass=4 cand=2,2,2,2,2,1,2,2 lemmafail=- {"sets": [[0, 2, 5, 6], [1, 3, 4, 6], [3, 4, 5, 6]], "vals": [[4, 3, 10, 8], [1, 4, 6, 8], [2, 3, 8, 4]]}
BAD cls=120 a=1 runclass=4 cand=2,2,2,2,2,1,2,2 lemmafail=- {"sets": [[0, 2, 5, 6], [1, 3, 4, 6], [3, 4, 5, 6]], "vals": [[4, 3, 10, 8], [1, 4, 6, 8], [2, 4, 8, 5]]}
BAD cls=120 a=1 runclass=4 cand=2,2,2,2,2,1,2,2 lemmafail=- {"sets": [[0, 2, 5, 6], [1, 3, 4, 6], [3, 4, 5, 6]], "vals": [[4, 2, 8, 7], [1, 4, 6, 8], [2, 3, 8, 4]]}
BAD cls=120 a=1 runclass=4 cand=2,2,2,2,2,1,2,2 lemmafail=- {"sets": [[0, 2, 5, 6], [1, 3, 4, 6], [3, 4, 5, 6]], "vals": [[4, 2, 8, 7], [1, 4, 6, 8], [2, 4, 8, 5]]}
BAD cls=120 a=1 runclass=4 cand=2,2,2,2,2,1,2,2 lemmafail=- {"sets": [[0, 2, 5, 6], [1, 3, 4, 6], [3, 4, 5, 6]], "vals": [[4, 3, 10, 8], [2, 6, 7, 10], [2, 3, 8, 4]]}
BAD cls=120 a=1 runclass=4 cand=2,2,2,2,2,1,2,2 lemmafail=- {"sets": [[0, 2, 5, 6], [1, 3, 4, 6], [3, 4, 5, 6]], "vals": [[4, 3, 10, 8], [2, 6, 7, 10], [2, 4, 8, 5]]}
BAD cls=120 a=1 runclass=4 cand=2,2,2,2,2,1,2,2 lemmafail=- {"sets": [[0, 2, 5, 6], [1, 3, 4, 6], [3, 4, 5, 6]], "vals": [[4, 2, 8, 7], [2, 6, 7, 10], [2, 3, 8, 4]]}
BAD cls=120 a=1 runclass=4 cand=2,2,2,2,2,1,2,2 lemmafail=- {"sets": [[0, 2, 5, 6], [1, 3, 4, 6], [3, 4, 5, 6]], "vals": [[4, 2, 8, 7], [2, 6, 7, 10], [2, 4, 8, 5]]}
BAD cls=120 a=1 runclass=4 cand=2,2,2,2,2,1,2,2 lemmafail=- {"sets": [[0, 2, 5, 6], [1, 3, 4, 6], [3, 4, 5, 6]], "vals": [[4, 2, 10, 7], [1, 4, 6, 8], [2, 3, 8, 4]]}
BAD cls=120 a=1 runclass=4 cand=2,2,2,2,2,1,2,2 lemmafail=- {"sets": [[0, 2, 5, 6], [1, 3, 4, 6], [3, 4, 5, 6]], "vals": [[4, 2, 10, 7], [1, 4, 6, 8], [2, 4, 8, 5]]}
BAD cls=120 a=1 runclass=4 cand=2,2,2,2,2,1,2,2 lemmafail=- {"sets": [[0, 2, 5, 6], [1, 3, 4, 6], [3, 4, 5, 6]], "vals": [[4, 1, 8, 6], [1, 4, 6, 8], [2, 3, 8, 4]]}
BAD cls=120 a=1 runclass=4 cand=2,2,2,2,2,1,2,2 lemmafail=- {"sets": [[0, 2, 5, 6], [1, 3, 4, 6], [3, 4, 5, 6]], "vals": [[4, 1, 8, 6], [1, 4, 6, 8], [2, 4, 8, 5]]}
BAD cls=120 a=1 runclass=4 cand=2,2,2,2,2,1,2,2 lemmafail=- {"sets": [[0, 2, 5, 6], [1, 3, 4, 6], [3, 4, 5, 6]], "vals": [[4, 2, 10, 7], [2, 6, 7, 10], [2, 3, 8, 4]]}
BAD cls=120 a=1 runclass=4 cand=2,2,2,2,2,1,2,2 lemmafail=- {"sets": [[0, 2, 5, 6], [1, 3, 4, 6], [3, 4, 5, 6]], "vals": [[4, 2, 10, 7], [2, 6, 7, 10], [2, 4, 8, 5]]}
BAD cls=120 a=1 runclass=4 cand=2,2,2,2,2,1,2,2 lemmafail=- {"sets": [[0, 2, 5, 6], [1, 3, 4, 6], [3, 4, 5, 6]], "vals": [[4, 1, 8, 6], [2, 6, 7, 10], [2, 3, 8, 4]]}
BAD cls=120 a=1 runclass=4 cand=2,2,2,2,2,1,2,2 lemmafail=- {"sets": [[0, 2, 5, 6], [1, 3, 4, 6], [3, 4, 5, 6]], "vals": [[4, 1, 8, 6], [2, 6, 7, 10], [2, 4, 8, 5]]}
BAD cls=120 a=1 runclass=4 cand=2,2,2,2,2,1,2,2 lemmafail=- {"sets": [[0, 2, 5, 6], [1, 3, 4, 6], [3, 4, 5, 6]], "vals": [[3, 2, 10, 6], [1, 4, 6, 8], [2, 3, 8, 4]]}
BAD cls=120 a=1 runclass=4 cand=2,2,2,2,2,1,2,2 lemmafail=- {"sets": [[0, 2, 5, 6], [1, 3, 4, 6], [3, 4, 5, 6]], "vals": [[3, 2, 10, 6], [1, 4, 6, 8], [2, 4, 8, 5]]}
BAD cls=120 a=1 runclass=4 cand=2,2,2,2,2,1,2,2 lemmafail=- {"sets": [[0, 2, 5, 6], [1, 3, 4, 6], [3, 4, 5, 6]], "vals": [[3, 2, 10, 6], [2, 6, 7, 10], [2, 3, 8, 4]]}
BAD cls=120 a=1 runclass=4 cand=2,2,2,2,2,1,2,2 lemmafail=- {"sets": [[0, 2, 5, 6], [1, 3, 4, 6], [3, 4, 5, 6]], "vals": [[3, 2, 10, 6], [2, 6, 7, 10], [2, 4, 8, 5]]}
BAD cls=120 a=1 runclass=4 cand=2,2,2,2,2,1,2,2 lemmafail=- {"sets": [[0, 2, 5, 6], [1, 3, 4, 6], [3, 4, 5, 6]], "vals": [[3, 4, 10, 8], [1, 6, 4, 8], [2, 3, 8, 4]]}
BAD cls=120 a=1 runclass=4 cand=2,2,2,2,2,1,2,2 lemmafail=- {"sets": [[0, 2, 5, 6], [1, 3, 4, 6], [3, 4, 5, 6]], "vals": [[3, 4, 10, 8], [1, 6, 4, 8], [2, 4, 8, 5]]}
BAD cls=120 a=1 runclass=4 cand=2,2,2,2,2,1,2,2 lemmafail=- {"sets": [[0, 2, 5, 6], [1, 3, 4, 6], [3, 4, 5, 6]], "vals": [[2, 4, 8, 7], [1, 6, 4, 8], [2, 3, 8, 4]]}
BAD cls=120 a=1 runclass=4 cand=2,2,2,2,2,1,2,2 lemmafail=- {"sets": [[0, 2, 5, 6], [1, 3, 4, 6], [3, 4, 5, 6]], "vals": [[2, 4, 8, 7], [1, 6, 4, 8], [2, 4, 8, 5]]}
BAD cls=120 a=1 runclass=4 cand=2,2,2,2,2,1,2,2 lemmafail=- {"sets": [[0, 2, 5, 6], [1, 3, 4, 6], [3, 4, 5, 6]], "vals": [[3, 4, 10, 8], [2, 7, 6, 10], [2, 3, 8, 4]]}
BAD cls=120 a=1 runclass=4 cand=2,2,2,2,2,1,2,2 lemmafail=- {"sets": [[0, 2, 5, 6], [1, 3, 4, 6], [3, 4, 5, 6]], "vals": [[3, 4, 10, 8], [2, 7, 6, 10], [2, 4, 8, 5]]}
BAD cls=120 a=1 runclass=4 cand=2,2,2,2,2,1,2,2 lemmafail=- {"sets": [[0, 2, 5, 6], [1, 3, 4, 6], [3, 4, 5, 6]], "vals": [[2, 4, 8, 7], [2, 7, 6, 10], [2, 3, 8, 4]]}
BAD cls=120 a=1 runclass=4 cand=2,2,2,2,2,1,2,2 lemmafail=- {"sets": [[0, 2, 5, 6], [1, 3, 4, 6], [3, 4, 5, 6]], "vals": [[2, 4, 8, 7], [2, 7, 6, 10], [2, 4, 8, 5]]}
BAD cls=120 a=1 runclass=4 cand=2,2,2,2,2,1,2,2 lemmafail=- {"sets": [[0, 2, 5, 6], [1, 3, 4, 6], [3, 4, 5, 6]], "vals": [[2, 4, 10, 7], [1, 6, 4, 8], [2, 3, 8, 4]]}
BAD cls=120 a=1 runclass=4 cand=2,2,2,2,2,1,2,2 lemmafail=- {"sets": [[0, 2, 5, 6], [1, 3, 4, 6], [3, 4, 5, 6]], "vals": [[2, 4, 10, 7], [1, 6, 4, 8], [2, 4, 8, 5]]}
BAD cls=120 a=1 runclass=4 cand=2,2,2,2,2,1,2,2 lemmafail=- {"sets": [[0, 2, 5, 6], [1, 3, 4, 6], [3, 4, 5, 6]], "vals": [[1, 4, 8, 6], [1, 6, 4, 8], [2, 3, 8, 4]]}
BAD cls=120 a=1 runclass=4 cand=2,2,2,2,2,1,2,2 lemmafail=- {"sets": [[0, 2, 5, 6], [1, 3, 4, 6], [3, 4, 5, 6]], "vals": [[1, 4, 8, 6], [1, 6, 4, 8], [2, 4, 8, 5]]}
BAD cls=120 a=1 runclass=4 cand=2,2,2,2,2,1,2,2 lemmafail=- {"sets": [[0, 2, 5, 6], [1, 3, 4, 6], [3, 4, 5, 6]], "vals": [[2, 4, 10, 7], [2, 7, 6, 10], [2, 3, 8, 4]]}
BAD cls=120 a=1 runclass=4 cand=2,2,2,2,2,1,2,2 lemmafail=- {"sets": [[0, 2, 5, 6], [1, 3, 4, 6], [3, 4, 5, 6]], "vals": [[2, 4, 10, 7], [2, 7, 6, 10], [2, 4, 8, 5]]}
BAD cls=120 a=1 runclass=4 cand=2,2,2,2,2,1,2,2 lemmafail=- {"sets": [[0, 2, 5, 6], [1, 3, 4, 6], [3, 4, 5, 6]], "vals": [[1, 4, 8, 6], [2, 7, 6, 10], [2, 3, 8, 4]]}
BAD cls=120 a=1 runclass=4 cand=2,2,2,2,2,1,2,2 lemmafail=- {"sets": [[0, 2, 5, 6], [1, 3, 4, 6], [3, 4, 5, 6]], "vals": [[1, 4, 8, 6], [2, 7, 6, 10], [2, 4, 8, 5]]}
BAD cls=120 a=1 runclass=4 cand=2,2,2,2,2,1,2,2 lemmafail=- {"sets": [[0, 2, 5, 6], [1, 3, 4, 6], [3, 4, 5, 6]], "vals": [[2, 3, 10, 6], [1, 6, 4, 8], [2, 3, 8, 4]]}
BAD cls=120 a=1 runclass=4 cand=2,2,2,2,2,1,2,2 lemmafail=- {"sets": [[0, 2, 5, 6], [1, 3, 4, 6], [3, 4, 5, 6]], "vals": [[2, 3, 10, 6], [1, 6, 4, 8], [2, 4, 8, 5]]}
BAD cls=120 a=1 runclass=4 cand=2,2,2,2,2,1,2,2 lemmafail=- {"sets": [[0, 2, 5, 6], [1, 3, 4, 6], [3, 4, 5, 6]], "vals": [[2, 3, 10, 6], [2, 7, 6, 10], [2, 3, 8, 4]]}
BAD cls=120 a=1 runclass=4 cand=2,2,2,2,2,1,2,2 lemmafail=- {"sets": [[0, 2, 5, 6], [1, 3, 4, 6], [3, 4, 5, 6]], "vals": [[2, 3, 10, 6], [2, 7, 6, 10], [2, 4, 8, 5]]}
BAD cls=120 a=1 runclass=4 cand=2,2,2,2,2,1,2,2 lemmafail=- {"sets": [[0, 2, 5, 6], [1, 3, 4, 6], [3, 4, 5, 6]], "vals": [[4, 3, 10, 8], [1, 6, 4, 8], [2, 3, 8, 4]]}
BAD cls=120 a=1 runclass=4 cand=2,2,2,2,2,1,2,2 lemmafail=- {"sets": [[0, 2, 5, 6], [1, 3, 4, 6], [3, 4, 5, 6]], "vals": [[4, 3, 10, 8], [1, 6, 4, 8], [2, 4, 8, 5]]}
BAD cls=120 a=1 runclass=4 cand=2,2,2,2,2,1,2,2 lemmafail=- {"sets": [[0, 2, 5, 6], [1, 3, 4, 6], [3, 4, 5, 6]], "vals": [[4, 2, 8, 7], [1, 6, 4, 8], [2, 3, 8, 4]]}
BAD cls=120 a=1 runclass=4 cand=2,2,2,2,2,1,2,2 lemmafail=- {"sets": [[0, 2, 5, 6], [1, 3, 4, 6], [3, 4, 5, 6]], "vals": [[4, 2, 8, 7], [1, 6, 4, 8], [2, 4, 8, 5]]}
BAD cls=120 a=1 runclass=4 cand=2,2,2,2,2,1,2,2 lemmafail=- {"sets": [[0, 2, 5, 6], [1, 3, 4, 6], [3, 4, 5, 6]], "vals": [[4, 3, 10, 8], [2, 7, 6, 10], [2, 3, 8, 4]]}
BAD cls=120 a=1 runclass=4 cand=2,2,2,2,2,1,2,2 lemmafail=- {"sets": [[0, 2, 5, 6], [1, 3, 4, 6], [3, 4, 5, 6]], "vals": [[4, 3, 10, 8], [2, 7, 6, 10], [2, 4, 8, 5]]}
BAD cls=120 a=1 runclass=4 cand=2,2,2,2,2,1,2,2 lemmafail=- {"sets": [[0, 2, 5, 6], [1, 3, 4, 6], [3, 4, 5, 6]], "vals": [[4, 2, 8, 7], [2, 7, 6, 10], [2, 3, 8, 4]]}
BAD cls=120 a=1 runclass=4 cand=2,2,2,2,2,1,2,2 lemmafail=- {"sets": [[0, 2, 5, 6], [1, 3, 4, 6], [3, 4, 5, 6]], "vals": [[4, 2, 8, 7], [2, 7, 6, 10], [2, 4, 8, 5]]}
BAD cls=120 a=1 runclass=4 cand=2,2,2,2,2,1,2,2 lemmafail=- {"sets": [[0, 2, 5, 6], [1, 3, 4, 6], [3, 4, 5, 6]], "vals": [[4, 2, 10, 7], [1, 6, 4, 8], [2, 3, 8, 4]]}
BAD cls=120 a=1 runclass=4 cand=2,2,2,2,2,1,2,2 lemmafail=- {"sets": [[0, 2, 5, 6], [1, 3, 4, 6], [3, 4, 5, 6]], "vals": [[4, 2, 10, 7], [1, 6, 4, 8], [2, 4, 8, 5]]}
BAD cls=120 a=1 runclass=4 cand=2,2,2,2,2,1,2,2 lemmafail=- {"sets": [[0, 2, 5, 6], [1, 3, 4, 6], [3, 4, 5, 6]], "vals": [[4, 1, 8, 6], [1, 6, 4, 8], [2, 3, 8, 4]]}
BAD cls=120 a=1 runclass=4 cand=2,2,2,2,2,1,2,2 lemmafail=- {"sets": [[0, 2, 5, 6], [1, 3, 4, 6], [3, 4, 5, 6]], "vals": [[4, 1, 8, 6], [1, 6, 4, 8], [2, 4, 8, 5]]}
BAD cls=120 a=1 runclass=4 cand=2,2,2,2,2,1,2,2 lemmafail=- {"sets": [[0, 2, 5, 6], [1, 3, 4, 6], [3, 4, 5, 6]], "vals": [[4, 2, 10, 7], [2, 7, 6, 10], [2, 3, 8, 4]]}
BAD cls=120 a=1 runclass=4 cand=2,2,2,2,2,1,2,2 lemmafail=- {"sets": [[0, 2, 5, 6], [1, 3, 4, 6], [3, 4, 5, 6]], "vals": [[4, 2, 10, 7], [2, 7, 6, 10], [2, 4, 8, 5]]}
BAD cls=120 a=1 runclass=4 cand=2,2,2,2,2,1,2,2 lemmafail=- {"sets": [[0, 2, 5, 6], [1, 3, 4, 6], [3, 4, 5, 6]], "vals": [[4, 1, 8, 6], [2, 7, 6, 10], [2, 3, 8, 4]]}
BAD cls=120 a=1 runclass=4 cand=2,2,2,2,2,1,2,2 lemmafail=- {"sets": [[0, 2, 5, 6], [1, 3, 4, 6], [3, 4, 5, 6]], "vals": [[4, 1, 8, 6], [2, 7, 6, 10], [2, 4, 8, 5]]}
BAD cls=120 a=1 runclass=4 cand=2,2,2,2,2,1,2,2 lemmafail=- {"sets": [[0, 2, 5, 6], [1, 3, 4, 6], [3, 4, 5, 6]], "vals": [[3, 2, 10, 6], [1, 6, 4, 8], [2, 3, 8, 4]]}
BAD cls=120 a=1 runclass=4 cand=2,2,2,2,2,1,2,2 lemmafail=- {"sets": [[0, 2, 5, 6], [1, 3, 4, 6], [3, 4, 5, 6]], "vals": [[3, 2, 10, 6], [1, 6, 4, 8], [2, 4, 8, 5]]}
BAD cls=120 a=1 runclass=4 cand=2,2,2,2,2,1,2,2 lemmafail=- {"sets": [[0, 2, 5, 6], [1, 3, 4, 6], [3, 4, 5, 6]], "vals": [[3, 2, 10, 6], [2, 7, 6, 10], [2, 3, 8, 4]]}
BAD cls=120 a=1 runclass=4 cand=2,2,2,2,2,1,2,2 lemmafail=- {"sets": [[0, 2, 5, 6], [1, 3, 4, 6], [3, 4, 5, 6]], "vals": [[3, 2, 10, 6], [2, 7, 6, 10], [2, 4, 8, 5]]}
BAD cls=120 a=1 runclass=4 cand=2,2,2,2,2,1,2,2 lemmafail=- {"sets": [[0, 2, 5, 6], [1, 3, 4, 6], [3, 4, 5, 6]], "vals": [[3, 4, 10, 8], [1, 4, 6, 8], [3, 2, 8, 4]]}
BAD cls=120 a=1 runclass=4 cand=2,2,2,2,2,1,2,2 lemmafail=- {"sets": [[0, 2, 5, 6], [1, 3, 4, 6], [3, 4, 5, 6]], "vals": [[3, 4, 10, 8], [1, 4, 6, 8], [4, 2, 8, 5]]}
BAD cls=120 a=1 runclass=4 cand=2,2,2,2,2,1,2,2 lemmafail=- {"sets": [[0, 2, 5, 6], [1, 3, 4, 6], [3, 4, 5, 6]], "vals": [[2, 4, 8, 7], [1, 4, 6, 8], [3, 2, 8, 4]]}
BAD cls=120 a=1 runclass=4 cand=2,2,2,2,2,1,2,2 lemmafail=- {"sets": [[0, 2, 5, 6], [1, 3, 4, 6], [3, 4, 5, 6]], "vals": [[2, 4, 8, 7], [1, 4, 6, 8], [4, 2, 8, 5]]}
BAD cls=120 a=1 runclass=4 cand=2,2,2,2,2,1,2,2 lemmafail=- {"sets": [[0, 2, 5, 6], [1, 3, 4, 6], [3, 4, 5, 6]], "vals": [[3, 4, 10, 8], [2, 6, 7, 10], [3, 2, 8, 4]]}
BAD cls=120 a=1 runclass=4 cand=2,2,2,2,2,1,2,2 lemmafail=- {"sets": [[0, 2, 5, 6], [1, 3, 4, 6], [3, 4, 5, 6]], "vals": [[3, 4, 10, 8], [2, 6, 7, 10], [4, 2, 8, 5]]}
BAD cls=120 a=1 runclass=4 cand=2,2,2,2,2,1,2,2 lemmafail=- {"sets": [[0, 2, 5, 6], [1, 3, 4, 6], [3, 4, 5, 6]], "vals": [[2, 4, 8, 7], [2, 6, 7, 10], [3, 2, 8, 4]]}
BAD cls=120 a=1 runclass=4 cand=2,2,2,2,2,1,2,2 lemmafail=- {"sets": [[0, 2, 5, 6], [1, 3, 4, 6], [3, 4, 5, 6]], "vals": [[2, 4, 8, 7], [2, 6, 7, 10], [4, 2, 8, 5]]}
BAD cls=120 a=1 runclass=4 cand=2,2,2,2,2,1,2,2 lemmafail=- {"sets": [[0, 2, 5, 6], [1, 3, 4, 6], [3, 4, 5, 6]], "vals": [[2, 4, 10, 7], [1, 4, 6, 8], [3, 2, 8, 4]]}
BAD cls=120 a=1 runclass=4 cand=2,2,2,2,2,1,2,2 lemmafail=- {"sets": [[0, 2, 5, 6], [1, 3, 4, 6], [3, 4, 5, 6]], "vals": [[2, 4, 10, 7], [1, 4, 6, 8], [4, 2, 8, 5]]}
BAD cls=120 a=1 runclass=4 cand=2,2,2,2,2,1,2,2 lemmafail=- {"sets": [[0, 2, 5, 6], [1, 3, 4, 6], [3, 4, 5, 6]], "vals": [[1, 4, 8, 6], [1, 4, 6, 8], [3, 2, 8, 4]]}
BAD cls=120 a=1 runclass=4 cand=2,2,2,2,2,1,2,2 lemmafail=- {"sets": [[0, 2, 5, 6], [1, 3, 4, 6], [3, 4, 5, 6]], "vals": [[1, 4, 8, 6], [1, 4, 6, 8], [4, 2, 8, 5]]}
BAD cls=120 a=1 runclass=4 cand=2,2,2,2,2,1,2,2 lemmafail=- {"sets": [[0, 2, 5, 6], [1, 3, 4, 6], [3, 4, 5, 6]], "vals": [[2, 4, 10, 7], [2, 6, 7, 10], [3, 2, 8, 4]]}
BAD cls=120 a=1 runclass=4 cand=2,2,2,2,2,1,2,2 lemmafail=- {"sets": [[0, 2, 5, 6], [1, 3, 4, 6], [3, 4, 5, 6]], "vals": [[2, 4, 10, 7], [2, 6, 7, 10], [4, 2, 8, 5]]}
BAD cls=120 a=1 runclass=4 cand=2,2,2,2,2,1,2,2 lemmafail=- {"sets": [[0, 2, 5, 6], [1, 3, 4, 6], [3, 4, 5, 6]], "vals": [[1, 4, 8, 6], [2, 6, 7, 10], [3, 2, 8, 4]]}
BAD cls=120 a=1 runclass=4 cand=2,2,2,2,2,1,2,2 lemmafail=- {"sets": [[0, 2, 5, 6], [1, 3, 4, 6], [3, 4, 5, 6]], "vals": [[1, 4, 8, 6], [2, 6, 7, 10], [4, 2, 8, 5]]}
BAD cls=120 a=1 runclass=4 cand=2,2,2,2,2,1,2,2 lemmafail=- {"sets": [[0, 2, 5, 6], [1, 3, 4, 6], [3, 4, 5, 6]], "vals": [[2, 3, 10, 6], [1, 4, 6, 8], [3, 2, 8, 4]]}
BAD cls=120 a=1 runclass=4 cand=2,2,2,2,2,1,2,2 lemmafail=- {"sets": [[0, 2, 5, 6], [1, 3, 4, 6], [3, 4, 5, 6]], "vals": [[2, 3, 10, 6], [1, 4, 6, 8], [4, 2, 8, 5]]}
BAD cls=120 a=1 runclass=4 cand=2,2,2,2,2,1,2,2 lemmafail=- {"sets": [[0, 2, 5, 6], [1, 3, 4, 6], [3, 4, 5, 6]], "vals": [[2, 3, 10, 6], [2, 6, 7, 10], [3, 2, 8, 4]]}
BAD cls=120 a=1 runclass=4 cand=2,2,2,2,2,1,2,2 lemmafail=- {"sets": [[0, 2, 5, 6], [1, 3, 4, 6], [3, 4, 5, 6]], "vals": [[2, 3, 10, 6], [2, 6, 7, 10], [4, 2, 8, 5]]}
BAD cls=120 a=1 runclass=4 cand=2,2,2,2,2,1,2,2 lemmafail=- {"sets": [[0, 2, 5, 6], [1, 3, 4, 6], [3, 4, 5, 6]], "vals": [[4, 3, 10, 8], [1, 4, 6, 8], [3, 2, 8, 4]]}
BAD cls=120 a=1 runclass=4 cand=2,2,2,2,2,1,2,2 lemmafail=- {"sets": [[0, 2, 5, 6], [1, 3, 4, 6], [3, 4, 5, 6]], "vals": [[4, 3, 10, 8], [1, 4, 6, 8], [4, 2, 8, 5]]}
BAD cls=120 a=1 runclass=4 cand=2,2,2,2,2,1,2,2 lemmafail=- {"sets": [[0, 2, 5, 6], [1, 3, 4, 6], [3, 4, 5, 6]], "vals": [[4, 2, 8, 7], [1, 4, 6, 8], [3, 2, 8, 4]]}
BAD cls=120 a=1 runclass=4 cand=2,2,2,2,2,1,2,2 lemmafail=- {"sets": [[0, 2, 5, 6], [1, 3, 4, 6], [3, 4, 5, 6]], "vals": [[4, 2, 8, 7], [1, 4, 6, 8], [4, 2, 8, 5]]}
BAD cls=120 a=1 runclass=4 cand=2,2,2,2,2,1,2,2 lemmafail=- {"sets": [[0, 2, 5, 6], [1, 3, 4, 6], [3, 4, 5, 6]], "vals": [[4, 3, 10, 8], [2, 6, 7, 10], [3, 2, 8, 4]]}
BAD cls=120 a=1 runclass=4 cand=2,2,2,2,2,1,2,2 lemmafail=- {"sets": [[0, 2, 5, 6], [1, 3, 4, 6], [3, 4, 5, 6]], "vals": [[4, 3, 10, 8], [2, 6, 7, 10], [4, 2, 8, 5]]}
BAD cls=120 a=1 runclass=4 cand=2,2,2,2,2,1,2,2 lemmafail=- {"sets": [[0, 2, 5, 6], [1, 3, 4, 6], [3, 4, 5, 6]], "vals": [[4, 2, 8, 7], [2, 6, 7, 10], [3, 2, 8, 4]]}
BAD cls=120 a=1 runclass=4 cand=2,2,2,2,2,1,2,2 lemmafail=- {"sets": [[0, 2, 5, 6], [1, 3, 4, 6], [3, 4, 5, 6]], "vals": [[4, 2, 8, 7], [2, 6, 7, 10], [4, 2, 8, 5]]}
BAD cls=120 a=1 runclass=4 cand=2,2,2,2,2,1,2,2 lemmafail=- {"sets": [[0, 2, 5, 6], [1, 3, 4, 6], [3, 4, 5, 6]], "vals": [[4, 2, 10, 7], [1, 4, 6, 8], [3, 2, 8, 4]]}
BAD cls=120 a=1 runclass=4 cand=2,2,2,2,2,1,2,2 lemmafail=- {"sets": [[0, 2, 5, 6], [1, 3, 4, 6], [3, 4, 5, 6]], "vals": [[4, 2, 10, 7], [1, 4, 6, 8], [4, 2, 8, 5]]}
BAD cls=120 a=1 runclass=4 cand=2,2,2,2,2,1,2,2 lemmafail=- {"sets": [[0, 2, 5, 6], [1, 3, 4, 6], [3, 4, 5, 6]], "vals": [[4, 1, 8, 6], [1, 4, 6, 8], [3, 2, 8, 4]]}
BAD cls=120 a=1 runclass=4 cand=2,2,2,2,2,1,2,2 lemmafail=- {"sets": [[0, 2, 5, 6], [1, 3, 4, 6], [3, 4, 5, 6]], "vals": [[4, 1, 8, 6], [1, 4, 6, 8], [4, 2, 8, 5]]}
BAD cls=120 a=1 runclass=4 cand=2,2,2,2,2,1,2,2 lemmafail=- {"sets": [[0, 2, 5, 6], [1, 3, 4, 6], [3, 4, 5, 6]], "vals": [[4, 2, 10, 7], [2, 6, 7, 10], [3, 2, 8, 4]]}
BAD cls=120 a=1 runclass=4 cand=2,2,2,2,2,1,2,2 lemmafail=- {"sets": [[0, 2, 5, 6], [1, 3, 4, 6], [3, 4, 5, 6]], "vals": [[4, 2, 10, 7], [2, 6, 7, 10], [4, 2, 8, 5]]}
BAD cls=120 a=1 runclass=4 cand=2,2,2,2,2,1,2,2 lemmafail=- {"sets": [[0, 2, 5, 6], [1, 3, 4, 6], [3, 4, 5, 6]], "vals": [[4, 1, 8, 6], [2, 6, 7, 10], [3, 2, 8, 4]]}
BAD cls=120 a=1 runclass=4 cand=2,2,2,2,2,1,2,2 lemmafail=- {"sets": [[0, 2, 5, 6], [1, 3, 4, 6], [3, 4, 5, 6]], "vals": [[4, 1, 8, 6], [2, 6, 7, 10], [4, 2, 8, 5]]}
BAD cls=120 a=1 runclass=4 cand=2,2,2,2,2,1,2,2 lemmafail=- {"sets": [[0, 2, 5, 6], [1, 3, 4, 6], [3, 4, 5, 6]], "vals": [[3, 2, 10, 6], [1, 4, 6, 8], [3, 2, 8, 4]]}
BAD cls=120 a=1 runclass=4 cand=2,2,2,2,2,1,2,2 lemmafail=- {"sets": [[0, 2, 5, 6], [1, 3, 4, 6], [3, 4, 5, 6]], "vals": [[3, 2, 10, 6], [1, 4, 6, 8], [4, 2, 8, 5]]}
BAD cls=120 a=1 runclass=4 cand=2,2,2,2,2,1,2,2 lemmafail=- {"sets": [[0, 2, 5, 6], [1, 3, 4, 6], [3, 4, 5, 6]], "vals": [[3, 2, 10, 6], [2, 6, 7, 10], [3, 2, 8, 4]]}
BAD cls=120 a=1 runclass=4 cand=2,2,2,2,2,1,2,2 lemmafail=- {"sets": [[0, 2, 5, 6], [1, 3, 4, 6], [3, 4, 5, 6]], "vals": [[3, 2, 10, 6], [2, 6, 7, 10], [4, 2, 8, 5]]}
BAD cls=120 a=1 runclass=4 cand=2,2,2,2,2,1,2,2 lemmafail=- {"sets": [[0, 2, 5, 6], [1, 3, 4, 6], [3, 4, 5, 6]], "vals": [[3, 4, 10, 8], [1, 6, 4, 8], [3, 2, 8, 4]]}
BAD cls=120 a=1 runclass=4 cand=2,2,2,2,2,1,2,2 lemmafail=- {"sets": [[0, 2, 5, 6], [1, 3, 4, 6], [3, 4, 5, 6]], "vals": [[3, 4, 10, 8], [1, 6, 4, 8], [4, 2, 8, 5]]}
BAD cls=120 a=1 runclass=4 cand=2,2,2,2,2,1,2,2 lemmafail=- {"sets": [[0, 2, 5, 6], [1, 3, 4, 6], [3, 4, 5, 6]], "vals": [[2, 4, 8, 7], [1, 6, 4, 8], [3, 2, 8, 4]]}
BAD cls=120 a=1 runclass=4 cand=2,2,2,2,2,1,2,2 lemmafail=- {"sets": [[0, 2, 5, 6], [1, 3, 4, 6], [3, 4, 5, 6]], "vals": [[2, 4, 8, 7], [1, 6, 4, 8], [4, 2, 8, 5]]}
BAD cls=120 a=1 runclass=4 cand=2,2,2,2,2,1,2,2 lemmafail=- {"sets": [[0, 2, 5, 6], [1, 3, 4, 6], [3, 4, 5, 6]], "vals": [[3, 4, 10, 8], [2, 7, 6, 10], [3, 2, 8, 4]]}
BAD cls=120 a=1 runclass=4 cand=2,2,2,2,2,1,2,2 lemmafail=- {"sets": [[0, 2, 5, 6], [1, 3, 4, 6], [3, 4, 5, 6]], "vals": [[3, 4, 10, 8], [2, 7, 6, 10], [4, 2, 8, 5]]}
BAD cls=120 a=1 runclass=4 cand=2,2,2,2,2,1,2,2 lemmafail=- {"sets": [[0, 2, 5, 6], [1, 3, 4, 6], [3, 4, 5, 6]], "vals": [[2, 4, 8, 7], [2, 7, 6, 10], [3, 2, 8, 4]]}
BAD cls=120 a=1 runclass=4 cand=2,2,2,2,2,1,2,2 lemmafail=- {"sets": [[0, 2, 5, 6], [1, 3, 4, 6], [3, 4, 5, 6]], "vals": [[2, 4, 8, 7], [2, 7, 6, 10], [4, 2, 8, 5]]}
BAD cls=120 a=1 runclass=4 cand=2,2,2,2,2,1,2,2 lemmafail=- {"sets": [[0, 2, 5, 6], [1, 3, 4, 6], [3, 4, 5, 6]], "vals": [[2, 4, 10, 7], [1, 6, 4, 8], [3, 2, 8, 4]]}
BAD cls=120 a=1 runclass=4 cand=2,2,2,2,2,1,2,2 lemmafail=- {"sets": [[0, 2, 5, 6], [1, 3, 4, 6], [3, 4, 5, 6]], "vals": [[2, 4, 10, 7], [1, 6, 4, 8], [4, 2, 8, 5]]}
BAD cls=120 a=1 runclass=4 cand=2,2,2,2,2,1,2,2 lemmafail=- {"sets": [[0, 2, 5, 6], [1, 3, 4, 6], [3, 4, 5, 6]], "vals": [[1, 4, 8, 6], [1, 6, 4, 8], [3, 2, 8, 4]]}
BAD cls=120 a=1 runclass=4 cand=2,2,2,2,2,1,2,2 lemmafail=- {"sets": [[0, 2, 5, 6], [1, 3, 4, 6], [3, 4, 5, 6]], "vals": [[1, 4, 8, 6], [1, 6, 4, 8], [4, 2, 8, 5]]}
BAD cls=120 a=1 runclass=4 cand=2,2,2,2,2,1,2,2 lemmafail=- {"sets": [[0, 2, 5, 6], [1, 3, 4, 6], [3, 4, 5, 6]], "vals": [[2, 4, 10, 7], [2, 7, 6, 10], [3, 2, 8, 4]]}
BAD cls=120 a=1 runclass=4 cand=2,2,2,2,2,1,2,2 lemmafail=- {"sets": [[0, 2, 5, 6], [1, 3, 4, 6], [3, 4, 5, 6]], "vals": [[2, 4, 10, 7], [2, 7, 6, 10], [4, 2, 8, 5]]}
BAD cls=120 a=1 runclass=4 cand=2,2,2,2,2,1,2,2 lemmafail=- {"sets": [[0, 2, 5, 6], [1, 3, 4, 6], [3, 4, 5, 6]], "vals": [[1, 4, 8, 6], [2, 7, 6, 10], [3, 2, 8, 4]]}
BAD cls=120 a=1 runclass=4 cand=2,2,2,2,2,1,2,2 lemmafail=- {"sets": [[0, 2, 5, 6], [1, 3, 4, 6], [3, 4, 5, 6]], "vals": [[1, 4, 8, 6], [2, 7, 6, 10], [4, 2, 8, 5]]}
BAD cls=120 a=1 runclass=4 cand=2,2,2,2,2,1,2,2 lemmafail=- {"sets": [[0, 2, 5, 6], [1, 3, 4, 6], [3, 4, 5, 6]], "vals": [[2, 3, 10, 6], [1, 6, 4, 8], [3, 2, 8, 4]]}
BAD cls=120 a=1 runclass=4 cand=2,2,2,2,2,1,2,2 lemmafail=- {"sets": [[0, 2, 5, 6], [1, 3, 4, 6], [3, 4, 5, 6]], "vals": [[2, 3, 10, 6], [1, 6, 4, 8], [4, 2, 8, 5]]}
BAD cls=120 a=1 runclass=4 cand=2,2,2,2,2,1,2,2 lemmafail=- {"sets": [[0, 2, 5, 6], [1, 3, 4, 6], [3, 4, 5, 6]], "vals": [[2, 3, 10, 6], [2, 7, 6, 10], [3, 2, 8, 4]]}
BAD cls=120 a=1 runclass=4 cand=2,2,2,2,2,1,2,2 lemmafail=- {"sets": [[0, 2, 5, 6], [1, 3, 4, 6], [3, 4, 5, 6]], "vals": [[2, 3, 10, 6], [2, 7, 6, 10], [4, 2, 8, 5]]}
BAD cls=120 a=1 runclass=4 cand=2,2,2,2,2,1,2,2 lemmafail=- {"sets": [[0, 2, 5, 6], [1, 3, 4, 6], [3, 4, 5, 6]], "vals": [[4, 3, 10, 8], [1, 6, 4, 8], [3, 2, 8, 4]]}
BAD cls=120 a=1 runclass=4 cand=2,2,2,2,2,1,2,2 lemmafail=- {"sets": [[0, 2, 5, 6], [1, 3, 4, 6], [3, 4, 5, 6]], "vals": [[4, 3, 10, 8], [1, 6, 4, 8], [4, 2, 8, 5]]}
BAD cls=120 a=1 runclass=4 cand=2,2,2,2,2,1,2,2 lemmafail=- {"sets": [[0, 2, 5, 6], [1, 3, 4, 6], [3, 4, 5, 6]], "vals": [[4, 2, 8, 7], [1, 6, 4, 8], [3, 2, 8, 4]]}
BAD cls=120 a=1 runclass=4 cand=2,2,2,2,2,1,2,2 lemmafail=- {"sets": [[0, 2, 5, 6], [1, 3, 4, 6], [3, 4, 5, 6]], "vals": [[4, 2, 8, 7], [1, 6, 4, 8], [4, 2, 8, 5]]}
BAD cls=120 a=1 runclass=4 cand=2,2,2,2,2,1,2,2 lemmafail=- {"sets": [[0, 2, 5, 6], [1, 3, 4, 6], [3, 4, 5, 6]], "vals": [[4, 3, 10, 8], [2, 7, 6, 10], [3, 2, 8, 4]]}
BAD cls=120 a=1 runclass=4 cand=2,2,2,2,2,1,2,2 lemmafail=- {"sets": [[0, 2, 5, 6], [1, 3, 4, 6], [3, 4, 5, 6]], "vals": [[4, 3, 10, 8], [2, 7, 6, 10], [4, 2, 8, 5]]}
BAD cls=120 a=1 runclass=4 cand=2,2,2,2,2,1,2,2 lemmafail=- {"sets": [[0, 2, 5, 6], [1, 3, 4, 6], [3, 4, 5, 6]], "vals": [[4, 2, 8, 7], [2, 7, 6, 10], [3, 2, 8, 4]]}
BAD cls=120 a=1 runclass=4 cand=2,2,2,2,2,1,2,2 lemmafail=- {"sets": [[0, 2, 5, 6], [1, 3, 4, 6], [3, 4, 5, 6]], "vals": [[4, 2, 8, 7], [2, 7, 6, 10], [4, 2, 8, 5]]}
BAD cls=120 a=1 runclass=4 cand=2,2,2,2,2,1,2,2 lemmafail=- {"sets": [[0, 2, 5, 6], [1, 3, 4, 6], [3, 4, 5, 6]], "vals": [[4, 2, 10, 7], [1, 6, 4, 8], [3, 2, 8, 4]]}
BAD cls=120 a=1 runclass=4 cand=2,2,2,2,2,1,2,2 lemmafail=- {"sets": [[0, 2, 5, 6], [1, 3, 4, 6], [3, 4, 5, 6]], "vals": [[4, 2, 10, 7], [1, 6, 4, 8], [4, 2, 8, 5]]}
BAD cls=120 a=1 runclass=4 cand=2,2,2,2,2,1,2,2 lemmafail=- {"sets": [[0, 2, 5, 6], [1, 3, 4, 6], [3, 4, 5, 6]], "vals": [[4, 1, 8, 6], [1, 6, 4, 8], [3, 2, 8, 4]]}
BAD cls=120 a=1 runclass=4 cand=2,2,2,2,2,1,2,2 lemmafail=- {"sets": [[0, 2, 5, 6], [1, 3, 4, 6], [3, 4, 5, 6]], "vals": [[4, 1, 8, 6], [1, 6, 4, 8], [4, 2, 8, 5]]}
BAD cls=120 a=1 runclass=4 cand=2,2,2,2,2,1,2,2 lemmafail=- {"sets": [[0, 2, 5, 6], [1, 3, 4, 6], [3, 4, 5, 6]], "vals": [[4, 2, 10, 7], [2, 7, 6, 10], [3, 2, 8, 4]]}
BAD cls=120 a=1 runclass=4 cand=2,2,2,2,2,1,2,2 lemmafail=- {"sets": [[0, 2, 5, 6], [1, 3, 4, 6], [3, 4, 5, 6]], "vals": [[4, 2, 10, 7], [2, 7, 6, 10], [4, 2, 8, 5]]}
BAD cls=120 a=1 runclass=4 cand=2,2,2,2,2,1,2,2 lemmafail=- {"sets": [[0, 2, 5, 6], [1, 3, 4, 6], [3, 4, 5, 6]], "vals": [[4, 1, 8, 6], [2, 7, 6, 10], [3, 2, 8, 4]]}
BAD cls=120 a=1 runclass=4 cand=2,2,2,2,2,1,2,2 lemmafail=- {"sets": [[0, 2, 5, 6], [1, 3, 4, 6], [3, 4, 5, 6]], "vals": [[4, 1, 8, 6], [2, 7, 6, 10], [4, 2, 8, 5]]}
BAD cls=120 a=1 runclass=4 cand=2,2,2,2,2,1,2,2 lemmafail=- {"sets": [[0, 2, 5, 6], [1, 3, 4, 6], [3, 4, 5, 6]], "vals": [[3, 2, 10, 6], [1, 6, 4, 8], [3, 2, 8, 4]]}
BAD cls=120 a=1 runclass=4 cand=2,2,2,2,2,1,2,2 lemmafail=- {"sets": [[0, 2, 5, 6], [1, 3, 4, 6], [3, 4, 5, 6]], "vals": [[3, 2, 10, 6], [1, 6, 4, 8], [4, 2, 8, 5]]}
BAD cls=120 a=1 runclass=4 cand=2,2,2,2,2,1,2,2 lemmafail=- {"sets": [[0, 2, 5, 6], [1, 3, 4, 6], [3, 4, 5, 6]], "vals": [[3, 2, 10, 6], [2, 7, 6, 10], [3, 2, 8, 4]]}
BAD cls=120 a=1 runclass=4 cand=2,2,2,2,2,1,2,2 lemmafail=- {"sets": [[0, 2, 5, 6], [1, 3, 4, 6], [3, 4, 5, 6]], "vals": [[3, 2, 10, 6], [2, 7, 6, 10], [4, 2, 8, 5]]}
BAD cls=2000 a=0 runclass=4 cand=1,2,2,2,2,0,2,2 lemmafail=- {"sets": [[0, 2, 3, 4], [1, 3, 5, 6], [2, 5, 6], [4, 5, 6]], "vals": [[2, 8, 7, 4], [2, 4, 3, 8], [4, 3, 2], [2, 3, 4]]}
BAD cls=2000 a=0 runclass=4 cand=1,2,2,2,2,0,2,2 lemmafail=- {"sets": [[0, 2, 3, 4], [1, 3, 5, 6], [2, 5, 6], [4, 5, 6]], "vals": [[2, 8, 7, 4], [2, 5, 4, 8], [4, 3, 2], [2, 3, 4]]}
BAD cls=2000 a=0 runclass=4 cand=1,2,2,2,2,0,2,2 lemmafail=- {"sets": [[0, 2, 3, 4], [1, 3, 5, 6], [2, 5, 6], [4, 5, 6]], "vals": [[3, 10, 8, 4], [2, 4, 3, 8], [4, 3, 2], [2, 3, 4]]}
BAD cls=2000 a=0 runclass=4 cand=1,2,2,2,2,0,2,2 lemmafail=- {"sets": [[0, 2, 3, 4], [1, 3, 5, 6], [2, 5, 6], [4, 5, 6]], "vals": [[3, 10, 8, 4], [2, 5, 4, 8], [4, 3, 2], [2, 3, 4]]}
BAD cls=2000 a=0 runclass=4 cand=1,2,2,2,2,0,2,2 lemmafail=- {"sets": [[0, 2, 3, 4], [1, 3, 5, 6], [2, 5, 6], [4, 5, 6]], "vals": [[4, 8, 7, 2], [2, 4, 3, 8], [4, 3, 2], [2, 3, 4]]}
BAD cls=2000 a=0 runclass=4 cand=1,2,2,2,2,0,2,2 lemmafail=- {"sets": [[0, 2, 3, 4], [1, 3, 5, 6], [2, 5, 6], [4, 5, 6]], "vals": [[4, 8, 7, 2], [2, 5, 4, 8], [4, 3, 2], [2, 3, 4]]}
BAD cls=2000 a=0 runclass=4 cand=1,2,2,2,2,0,2,2 lemmafail=- {"sets": [[0, 2, 3, 4], [1, 3, 5, 6], [2, 5, 6], [4, 5, 6]], "vals": [[4, 10, 8, 3], [2, 4, 3, 8], [4, 3, 2], [2, 3, 4]]}
BAD cls=2000 a=0 runclass=4 cand=1,2,2,2,2,0,2,2 lemmafail=- {"sets": [[0, 2, 3, 4], [1, 3, 5, 6], [2, 5, 6], [4, 5, 6]], "vals": [[4, 10, 8, 3], [2, 5, 4, 8], [4, 3, 2], [2, 3, 4]]}
BAD cls=2000 a=0 runclass=4 cand=1,2,2,2,2,0,2,2 lemmafail=- {"sets": [[0, 2, 3, 4], [1, 3, 5, 6], [2, 5, 6], [4, 5, 6]], "vals": [[2, 8, 7, 4], [3, 4, 2, 8], [4, 3, 2], [2, 3, 4]]}
BAD cls=2000 a=0 runclass=4 cand=1,2,2,2,2,0,2,2 lemmafail=- {"sets": [[0, 2, 3, 4], [1, 3, 5, 6], [2, 5, 6], [4, 5, 6]], "vals": [[3, 10, 8, 4], [3, 4, 2, 8], [4, 3, 2], [2, 3, 4]]}
BAD cls=2000 a=0 runclass=4 cand=1,2,2,2,2,0,2,2 lemmafail=- {"sets": [[0, 2, 3, 4], [1, 3, 5, 6], [2, 5, 6], [4, 5, 6]], "vals": [[4, 8, 7, 2], [3, 4, 2, 8], [4, 3, 2], [2, 3, 4]]}
BAD cls=2000 a=0 runclass=4 cand=1,2,2,2,2,0,2,2 lemmafail=- {"sets": [[0, 2, 3, 4], [1, 3, 5, 6], [2, 5, 6], [4, 5, 6]], "vals": [[4, 10, 8, 3], [3, 4, 2, 8], [4, 3, 2], [2, 3, 4]]}
BAD cls=2000 a=0 runclass=4 cand=1,2,2,2,2,0,2,2 lemmafail=- {"sets": [[0, 2, 3, 4], [1, 3, 5, 6], [2, 5, 6], [4, 5, 6]], "vals": [[2, 8, 7, 4], [2, 4, 8, 3], [4, 2, 3], [2, 4, 3]]}
BAD cls=2000 a=0 runclass=4 cand=1,2,2,2,2,0,2,2 lemmafail=- {"sets": [[0, 2, 3, 4], [1, 3, 5, 6], [2, 5, 6], [4, 5, 6]], "vals": [[2, 8, 7, 4], [2, 5, 8, 4], [4, 2, 3], [2, 4, 3]]}
BAD cls=2000 a=0 runclass=4 cand=1,2,2,2,2,0,2,2 lemmafail=- {"sets": [[0, 2, 3, 4], [1, 3, 5, 6], [2, 5, 6], [4, 5, 6]], "vals": [[3, 10, 8, 4], [2, 4, 8, 3], [4, 2, 3], [2, 4, 3]]}
BAD cls=2000 a=0 runclass=4 cand=1,2,2,2,2,0,2,2 lemmafail=- {"sets": [[0, 2, 3, 4], [1, 3, 5, 6], [2, 5, 6], [4, 5, 6]], "vals": [[3, 10, 8, 4], [2, 5, 8, 4], [4, 2, 3], [2, 4, 3]]}
BAD cls=2000 a=0 runclass=4 cand=1,2,2,2,2,0,2,2 lemmafail=- {"sets": [[0, 2, 3, 4], [1, 3, 5, 6], [2, 5, 6], [4, 5, 6]], "vals": [[4, 8, 7, 2], [2, 4, 8, 3], [4, 2, 3], [2, 4, 3]]}
BAD cls=2000 a=0 runclass=4 cand=1,2,2,2,2,0,2,2 lemmafail=- {"sets": [[0, 2, 3, 4], [1, 3, 5, 6], [2, 5, 6], [4, 5, 6]], "vals": [[4, 8, 7, 2], [2, 5, 8, 4], [4, 2, 3], [2, 4, 3]]}
BAD cls=2000 a=0 runclass=4 cand=1,2,2,2,2,0,2,2 lemmafail=- {"sets": [[0, 2, 3, 4], [1, 3, 5, 6], [2, 5, 6], [4, 5, 6]], "vals": [[4, 10, 8, 3], [2, 4, 8, 3], [4, 2, 3], [2, 4, 3]]}
BAD cls=2000 a=0 runclass=4 cand=1,2,2,2,2,0,2,2 lemmafail=- {"sets": [[0, 2, 3, 4], [1, 3, 5, 6], [2, 5, 6], [4, 5, 6]], "vals": [[4, 10, 8, 3], [2, 5, 8, 4], [4, 2, 3], [2, 4, 3]]}
BAD cls=2000 a=0 runclass=4 cand=1,2,2,2,2,0,2,2 lemmafail=- {"sets": [[0, 2, 3, 4], [1, 3, 5, 6], [2, 5, 6], [4, 5, 6]], "vals": [[2, 8, 7, 4], [3, 4, 8, 2], [4, 2, 3], [2, 4, 3]]}
BAD cls=2000 a=0 runclass=4 cand=1,2,2,2,2,0,2,2 lemmafail=- {"sets": [[0, 2, 3, 4], [1, 3, 5, 6], [2, 5, 6], [4, 5, 6]], "vals": [[3, 10, 8, 4], [3, 4, 8, 2], [4, 2, 3], [2, 4, 3]]}
BAD cls=2000 a=0 runclass=4 cand=1,2,2,2,2,0,2,2 lemmafail=- {"sets": [[0, 2, 3, 4], [1, 3, 5, 6], [2, 5, 6], [4, 5, 6]], "vals": [[4, 8, 7, 2], [3, 4, 8, 2], [4, 2, 3], [2, 4, 3]]}
BAD cls=2000 a=0 runclass=4 cand=1,2,2,2,2,0,2,2 lemmafail=- {"sets": [[0, 2, 3, 4], [1, 3, 5, 6], [2, 5, 6], [4, 5, 6]], "vals": [[4, 10, 8, 3], [3, 4, 8, 2], [4, 2, 3], [2, 4, 3]]}
BAD cls=2000 a=0 runclass=4 cand=1,3,3,3,3,0,3,3 lemmafail=- {"sets": [[0, 2, 3, 4], [1, 3, 5, 6], [2, 5, 6], [4, 5, 6]], "vals": [[2, 4, 7, 8], [2, 4, 8, 3], [2, 4, 3], [4, 2, 3]]}
BAD cls=2000 a=0 runclass=4 cand=1,3,3,3,3,0,3,3 lemmafail=- {"sets": [[0, 2, 3, 4], [1, 3, 5, 6], [2, 5, 6], [4, 5, 6]], "vals": [[2, 4, 7, 8], [2, 5, 8, 4], [2, 4, 3], [4, 2, 3]]}
BAD cls=2000 a=0 runclass=4 cand=1,3,3,3,3,0,3,3 lemmafail=- {"sets": [[0, 2, 3, 4], [1, 3, 5, 6], [2, 5, 6], [4, 5, 6]], "vals": [[3, 4, 8, 10], [2, 4, 8, 3], [2, 4, 3], [4, 2, 3]]}
BAD cls=2000 a=0 runclass=4 cand=1,3,3,3,3,0,3,3 lemmafail=- {"sets": [[0, 2, 3, 4], [1, 3, 5, 6], [2, 5, 6], [4, 5, 6]], "vals": [[3, 4, 8, 10], [2, 5, 8, 4], [2, 4, 3], [4, 2, 3]]}
BAD cls=2000 a=0 runclass=4 cand=1,3,3,3,3,0,3,3 lemmafail=- {"sets": [[0, 2, 3, 4], [1, 3, 5, 6], [2, 5, 6], [4, 5, 6]], "vals": [[4, 2, 7, 8], [2, 4, 8, 3], [2, 4, 3], [4, 2, 3]]}
BAD cls=2000 a=0 runclass=4 cand=1,3,3,3,3,0,3,3 lemmafail=- {"sets": [[0, 2, 3, 4], [1, 3, 5, 6], [2, 5, 6], [4, 5, 6]], "vals": [[4, 2, 7, 8], [2, 5, 8, 4], [2, 4, 3], [4, 2, 3]]}
BAD cls=2000 a=0 runclass=4 cand=1,3,3,3,3,0,3,3 lemmafail=- {"sets": [[0, 2, 3, 4], [1, 3, 5, 6], [2, 5, 6], [4, 5, 6]], "vals": [[4, 3, 8, 10], [2, 4, 8, 3], [2, 4, 3], [4, 2, 3]]}
BAD cls=2000 a=0 runclass=4 cand=1,3,3,3,3,0,3,3 lemmafail=- {"sets": [[0, 2, 3, 4], [1, 3, 5, 6], [2, 5, 6], [4, 5, 6]], "vals": [[4, 3, 8, 10], [2, 5, 8, 4], [2, 4, 3], [4, 2, 3]]}
BAD cls=2000 a=0 runclass=4 cand=1,3,3,3,3,0,3,3 lemmafail=- {"sets": [[0, 2, 3, 4], [1, 3, 5, 6], [2, 5, 6], [4, 5, 6]], "vals": [[2, 4, 7, 8], [3, 4, 8, 2], [2, 4, 3], [4, 2, 3]]}
BAD cls=2000 a=0 runclass=4 cand=1,3,3,3,3,0,3,3 lemmafail=- {"sets": [[0, 2, 3, 4], [1, 3, 5, 6], [2, 5, 6], [4, 5, 6]], "vals": [[3, 4, 8, 10], [3, 4, 8, 2], [2, 4, 3], [4, 2, 3]]}
BAD cls=2000 a=0 runclass=4 cand=1,3,3,3,3,0,3,3 lemmafail=- {"sets": [[0, 2, 3, 4], [1, 3, 5, 6], [2, 5, 6], [4, 5, 6]], "vals": [[4, 2, 7, 8], [3, 4, 8, 2], [2, 4, 3], [4, 2, 3]]}
BAD cls=2000 a=0 runclass=4 cand=1,3,3,3,3,0,3,3 lemmafail=- {"sets": [[0, 2, 3, 4], [1, 3, 5, 6], [2, 5, 6], [4, 5, 6]], "vals": [[4, 3, 8, 10], [3, 4, 8, 2], [2, 4, 3], [4, 2, 3]]}
BAD cls=2000 a=0 runclass=4 cand=1,3,3,3,3,0,3,3 lemmafail=- {"sets": [[0, 2, 3, 4], [1, 3, 5, 6], [2, 5, 6], [4, 5, 6]], "vals": [[2, 4, 7, 8], [2, 4, 3, 8], [2, 3, 4], [4, 3, 2]]}
BAD cls=2000 a=0 runclass=4 cand=1,3,3,3,3,0,3,3 lemmafail=- {"sets": [[0, 2, 3, 4], [1, 3, 5, 6], [2, 5, 6], [4, 5, 6]], "vals": [[2, 4, 7, 8], [2, 5, 4, 8], [2, 3, 4], [4, 3, 2]]}
BAD cls=2000 a=0 runclass=4 cand=1,3,3,3,3,0,3,3 lemmafail=- {"sets": [[0, 2, 3, 4], [1, 3, 5, 6], [2, 5, 6], [4, 5, 6]], "vals": [[3, 4, 8, 10], [2, 4, 3, 8], [2, 3, 4], [4, 3, 2]]}
BAD cls=2000 a=0 runclass=4 cand=1,3,3,3,3,0,3,3 lemmafail=- {"sets": [[0, 2, 3, 4], [1, 3, 5, 6], [2, 5, 6], [4, 5, 6]], "vals": [[3, 4, 8, 10], [2, 5, 4, 8], [2, 3, 4], [4, 3, 2]]}
BAD cls=2000 a=0 runclass=4 cand=1,3,3,3,3,0,3,3 lemmafail=- {"sets": [[0, 2, 3, 4], [1, 3, 5, 6], [2, 5, 6], [4, 5, 6]], "vals": [[4, 2, 7, 8], [2, 4, 3, 8], [2, 3, 4], [4, 3, 2]]}
BAD cls=2000 a=0 runclass=4 cand=1,3,3,3,3,0,3,3 lemmafail=- {"sets": [[0, 2, 3, 4], [1, 3, 5, 6], [2, 5, 6], [4, 5, 6]], "vals": [[4, 2, 7, 8], [2, 5, 4, 8], [2, 3, 4], [4, 3, 2]]}
BAD cls=2000 a=0 runclass=4 cand=1,3,3,3,3,0,3,3 lemmafail=- {"sets": [[0, 2, 3, 4], [1, 3, 5, 6], [2, 5, 6], [4, 5, 6]], "vals": [[4, 3, 8, 10], [2, 4, 3, 8], [2, 3, 4], [4, 3, 2]]}
BAD cls=2000 a=0 runclass=4 cand=1,3,3,3,3,0,3,3 lemmafail=- {"sets": [[0, 2, 3, 4], [1, 3, 5, 6], [2, 5, 6], [4, 5, 6]], "vals": [[4, 3, 8, 10], [2, 5, 4, 8], [2, 3, 4], [4, 3, 2]]}
BAD cls=2000 a=0 runclass=4 cand=1,3,3,3,3,0,3,3 lemmafail=- {"sets": [[0, 2, 3, 4], [1, 3, 5, 6], [2, 5, 6], [4, 5, 6]], "vals": [[2, 4, 7, 8], [3, 4, 2, 8], [2, 3, 4], [4, 3, 2]]}
BAD cls=2000 a=0 runclass=4 cand=1,3,3,3,3,0,3,3 lemmafail=- {"sets": [[0, 2, 3, 4], [1, 3, 5, 6], [2, 5, 6], [4, 5, 6]], "vals": [[3, 4, 8, 10], [3, 4, 2, 8], [2, 3, 4], [4, 3, 2]]}
BAD cls=2000 a=0 runclass=4 cand=1,3,3,3,3,0,3,3 lemmafail=- {"sets": [[0, 2, 3, 4], [1, 3, 5, 6], [2, 5, 6], [4, 5, 6]], "vals": [[4, 2, 7, 8], [3, 4, 2, 8], [2, 3, 4], [4, 3, 2]]}
BAD cls=2000 a=0 runclass=4 cand=1,3,3,3,3,0,3,3 lemmafail=- {"sets": [[0, 2, 3, 4], [1, 3, 5, 6], [2, 5, 6], [4, 5, 6]], "vals": [[4, 3, 8, 10], [3, 4, 2, 8], [2, 3, 4], [4, 3, 2]]}
BAD cls=2000 a=0 runclass=4 cand=2,3,3,3,3,0,3,3 lemmafail=- {"sets": [[0, 2, 3, 4], [1, 5, 6], [2, 3, 5, 6], [4, 5, 6]], "vals": [[2, 4, 7, 8], [2, 4, 3], [2, 4, 8, 3], [4, 2, 3]]}
BAD cls=2000 a=0 runclass=4 cand=2,3,3,3,3,0,3,3 lemmafail=- {"sets": [[0, 2, 3, 4], [1, 5, 6], [2, 3, 5, 6], [4, 5, 6]], "vals": [[2, 4, 7, 8], [2, 4, 3], [2, 5, 8, 4], [4, 2, 3]]}
BAD cls=2000 a=0 runclass=4 cand=2,3,3,3,3,0,3,3 lemmafail=- {"sets": [[0, 2, 3, 4], [1, 5, 6], [2, 3, 5, 6], [4, 5, 6]], "vals": [[3, 4, 8, 10], [2, 4, 3], [2, 4, 8, 3], [4, 2, 3]]}
BAD cls=2000 a=0 runclass=4 cand=2,3,3,3,3,0,3,3 lemmafail=- {"sets": [[0, 2, 3, 4], [1, 5, 6], [2, 3, 5, 6], [4, 5, 6]], "vals": [[3, 4, 8, 10], [2, 4, 3], [2, 5, 8, 4], [4, 2, 3]]}
BAD cls=2000 a=0 runclass=4 cand=2,3,3,3,3,0,3,3 lemmafail=- {"sets": [[0, 2, 3, 4], [1, 5, 6], [2, 3, 5, 6], [4, 5, 6]], "vals": [[4, 2, 7, 8], [2, 4, 3], [2, 4, 8, 3], [4, 2, 3]]}
BAD cls=2000 a=0 runclass=4 cand=2,3,3,3,3,0,3,3 lemmafail=- {"sets": [[0, 2, 3, 4], [1, 5, 6], [2, 3, 5, 6], [4, 5, 6]], "vals": [[4, 2, 7, 8], [2, 4, 3], [2, 5, 8, 4], [4, 2, 3]]}
BAD cls=2000 a=0 runclass=4 cand=2,3,3,3,3,0,3,3 lemmafail=- {"sets": [[0, 2, 3, 4], [1, 5, 6], [2, 3, 5, 6], [4, 5, 6]], "vals": [[4, 3, 8, 10], [2, 4, 3], [2, 4, 8, 3], [4, 2, 3]]}
BAD cls=2000 a=0 runclass=4 cand=2,3,3,3,3,0,3,3 lemmafail=- {"sets": [[0, 2, 3, 4], [1, 5, 6], [2, 3, 5, 6], [4, 5, 6]], "vals": [[4, 3, 8, 10], [2, 4, 3], [2, 5, 8, 4], [4, 2, 3]]}
BAD cls=2000 a=0 runclass=4 cand=2,3,3,3,3,0,3,3 lemmafail=- {"sets": [[0, 2, 3, 4], [1, 5, 6], [2, 3, 5, 6], [4, 5, 6]], "vals": [[2, 4, 7, 8], [2, 4, 3], [3, 4, 8, 2], [4, 2, 3]]}
BAD cls=2000 a=0 runclass=4 cand=2,3,3,3,3,0,3,3 lemmafail=- {"sets": [[0, 2, 3, 4], [1, 5, 6], [2, 3, 5, 6], [4, 5, 6]], "vals": [[3, 4, 8, 10], [2, 4, 3], [3, 4, 8, 2], [4, 2, 3]]}
BAD cls=2000 a=0 runclass=4 cand=2,3,3,3,3,0,3,3 lemmafail=- {"sets": [[0, 2, 3, 4], [1, 5, 6], [2, 3, 5, 6], [4, 5, 6]], "vals": [[4, 2, 7, 8], [2, 4, 3], [3, 4, 8, 2], [4, 2, 3]]}
BAD cls=2000 a=0 runclass=4 cand=2,3,3,3,3,0,3,3 lemmafail=- {"sets": [[0, 2, 3, 4], [1, 5, 6], [2, 3, 5, 6], [4, 5, 6]], "vals": [[4, 3, 8, 10], [2, 4, 3], [3, 4, 8, 2], [4, 2, 3]]}
BAD cls=2000 a=0 runclass=4 cand=2,3,3,3,3,0,3,3 lemmafail=- {"sets": [[0, 2, 3, 4], [1, 5, 6], [2, 3, 5, 6], [4, 5, 6]], "vals": [[2, 7, 4, 8], [2, 4, 3], [4, 2, 8, 3], [4, 2, 3]]}
BAD cls=2000 a=0 runclass=4 cand=2,3,3,3,3,0,3,3 lemmafail=- {"sets": [[0, 2, 3, 4], [1, 5, 6], [2, 3, 5, 6], [4, 5, 6]], "vals": [[2, 7, 4, 8], [2, 4, 3], [5, 2, 8, 4], [4, 2, 3]]}
BAD cls=2000 a=0 runclass=4 cand=2,3,3,3,3,0,3,3 lemmafail=- {"sets": [[0, 2, 3, 4], [1, 5, 6], [2, 3, 5, 6], [4, 5, 6]], "vals": [[3, 8, 4, 10], [2, 4, 3], [4, 2, 8, 3], [4, 2, 3]]}
BAD cls=2000 a=0 runclass=4 cand=2,3,3,3,3,0,3,3 lemmafail=- {"sets": [[0, 2, 3, 4], [1, 5, 6], [2, 3, 5, 6], [4, 5, 6]], "vals": [[3, 8, 4, 10], [2, 4, 3], [5, 2, 8, 4], [4, 2, 3]]}
BAD cls=2000 a=0 runclass=4 cand=2,3,3,3,3,0,3,3 lemmafail=- {"sets": [[0, 2, 3, 4], [1, 5, 6], [2, 3, 5, 6], [4, 5, 6]], "vals": [[4, 7, 2, 8], [2, 4, 3], [4, 2, 8, 3], [4, 2, 3]]}
BAD cls=2000 a=0 runclass=4 cand=2,3,3,3,3,0,3,3 lemmafail=- {"sets": [[0, 2, 3, 4], [1, 5, 6], [2, 3, 5, 6], [4, 5, 6]], "vals": [[4, 7, 2, 8], [2, 4, 3], [5, 2, 8, 4], [4, 2, 3]]}
BAD cls=2000 a=0 runclass=4 cand=2,3,3,3,3,0,3,3 lemmafail=- {"sets": [[0, 2, 3, 4], [1, 5, 6], [2, 3, 5, 6], [4, 5, 6]], "vals": [[4, 8, 3, 10], [2, 4, 3], [4, 2, 8, 3], [4, 2, 3]]}
BAD cls=2000 a=0 runclass=4 cand=2,3,3,3,3,0,3,3 lemmafail=- {"sets": [[0, 2, 3, 4], [1, 5, 6], [2, 3, 5, 6], [4, 5, 6]], "vals": [[4, 8, 3, 10], [2, 4, 3], [5, 2, 8, 4], [4, 2, 3]]}
BAD cls=2000 a=0 runclass=4 cand=2,3,3,3,3,0,3,3 lemmafail=- {"sets": [[0, 2, 3, 4], [1, 5, 6], [2, 3, 5, 6], [4, 5, 6]], "vals": [[2, 7, 4, 8], [2, 4, 3], [4, 3, 8, 2], [4, 2, 3]]}
BAD cls=2000 a=0 runclass=4 cand=2,3,3,3,3,0,3,3 lemmafail=- {"sets": [[0, 2, 3, 4], [1, 5, 6], [2, 3, 5, 6], [4, 5, 6]], "vals": [[3, 8, 4, 10], [2, 4, 3], [4, 3, 8, 2], [4, 2, 3]]}
BAD cls=2000 a=0 runclass=4 cand=2,3,3,3,3,0,3,3 lemmafail=- {"sets": [[0, 2, 3, 4], [1, 5, 6], [2, 3, 5, 6], [4, 5, 6]], "vals": [[4, 7, 2, 8], [2, 4, 3], [4, 3, 8, 2], [4, 2, 3]]}
BAD cls=2000 a=0 runclass=4 cand=2,3,3,3,3,0,3,3 lemmafail=- {"sets": [[0, 2, 3, 4], [1, 5, 6], [2, 3, 5, 6], [4, 5, 6]], "vals": [[4, 8, 3, 10], [2, 4, 3], [4, 3, 8, 2], [4, 2, 3]]}
BAD cls=2000 a=0 runclass=4 cand=2,3,3,3,3,0,3,3 lemmafail=- {"sets": [[0, 2, 3, 4], [1, 5, 6], [2, 3, 5, 6], [4, 5, 6]], "vals": [[2, 4, 7, 8], [2, 3, 4], [2, 4, 3, 8], [4, 3, 2]]}
BAD cls=2000 a=0 runclass=4 cand=2,3,3,3,3,0,3,3 lemmafail=- {"sets": [[0, 2, 3, 4], [1, 5, 6], [2, 3, 5, 6], [4, 5, 6]], "vals": [[2, 4, 7, 8], [2, 3, 4], [2, 5, 4, 8], [4, 3, 2]]}
BAD cls=2000 a=0 runclass=4 cand=2,3,3,3,3,0,3,3 lemmafail=- {"sets": [[0, 2, 3, 4], [1, 5, 6], [2, 3, 5, 6], [4, 5, 6]], "vals": [[3, 4, 8, 10], [2, 3, 4], [2, 4, 3, 8], [4, 3, 2]]}
BAD cls=2000 a=0 runclass=4 cand=2,3,3,3,3,0,3,3 lemmafail=- {"sets": [[0, 2, 3, 4], [1, 5, 6], [2, 3, 5, 6], [4, 5, 6]], "vals": [[3, 4, 8, 10], [2, 3, 4], [2, 5, 4, 8], [4, 3, 2]]}
BAD cls=2000 a=0 runclass=4 cand=2,3,3,3,3,0,3,3 lemmafail=- {"sets": [[0, 2, 3, 4], [1, 5, 6], [2, 3, 5, 6], [4, 5, 6]], "vals": [[4, 2, 7, 8], [2, 3, 4], [2, 4, 3, 8], [4, 3, 2]]}
BAD cls=2000 a=0 runclass=4 cand=2,3,3,3,3,0,3,3 lemmafail=- {"sets": [[0, 2, 3, 4], [1, 5, 6], [2, 3, 5, 6], [4, 5, 6]], "vals": [[4, 2, 7, 8], [2, 3, 4], [2, 5, 4, 8], [4, 3, 2]]}
BAD cls=2000 a=0 runclass=4 cand=2,3,3,3,3,0,3,3 lemmafail=- {"sets": [[0, 2, 3, 4], [1, 5, 6], [2, 3, 5, 6], [4, 5, 6]], "vals": [[4, 3, 8, 10], [2, 3, 4], [2, 4, 3, 8], [4, 3, 2]]}
BAD cls=2000 a=0 runclass=4 cand=2,3,3,3,3,0,3,3 lemmafail=- {"sets": [[0, 2, 3, 4], [1, 5, 6], [2, 3, 5, 6], [4, 5, 6]], "vals": [[4, 3, 8, 10], [2, 3, 4], [2, 5, 4, 8], [4, 3, 2]]}
BAD cls=2000 a=0 runclass=4 cand=2,3,3,3,3,0,3,3 lemmafail=- {"sets": [[0, 2, 3, 4], [1, 5, 6], [2, 3, 5, 6], [4, 5, 6]], "vals": [[2, 4, 7, 8], [2, 3, 4], [3, 4, 2, 8], [4, 3, 2]]}
BAD cls=2000 a=0 runclass=4 cand=2,3,3,3,3,0,3,3 lemmafail=- {"sets": [[0, 2, 3, 4], [1, 5, 6], [2, 3, 5, 6], [4, 5, 6]], "vals": [[3, 4, 8, 10], [2, 3, 4], [3, 4, 2, 8], [4, 3, 2]]}
BAD cls=2000 a=0 runclass=4 cand=2,3,3,3,3,0,3,3 lemmafail=- {"sets": [[0, 2, 3, 4], [1, 5, 6], [2, 3, 5, 6], [4, 5, 6]], "vals": [[4, 2, 7, 8], [2, 3, 4], [3, 4, 2, 8], [4, 3, 2]]}
BAD cls=2000 a=0 runclass=4 cand=2,3,3,3,3,0,3,3 lemmafail=- {"sets": [[0, 2, 3, 4], [1, 5, 6], [2, 3, 5, 6], [4, 5, 6]], "vals": [[4, 3, 8, 10], [2, 3, 4], [3, 4, 2, 8], [4, 3, 2]]}
BAD cls=2000 a=0 runclass=4 cand=2,3,3,3,3,0,3,3 lemmafail=- {"sets": [[0, 2, 3, 4], [1, 5, 6], [2, 3, 5, 6], [4, 5, 6]], "vals": [[2, 7, 4, 8], [2, 3, 4], [4, 2, 3, 8], [4, 3, 2]]}
BAD cls=2000 a=0 runclass=4 cand=2,3,3,3,3,0,3,3 lemmafail=- {"sets": [[0, 2, 3, 4], [1, 5, 6], [2, 3, 5, 6], [4, 5, 6]], "vals": [[2, 7, 4, 8], [2, 3, 4], [5, 2, 4, 8], [4, 3, 2]]}
BAD cls=2000 a=0 runclass=4 cand=2,3,3,3,3,0,3,3 lemmafail=- {"sets": [[0, 2, 3, 4], [1, 5, 6], [2, 3, 5, 6], [4, 5, 6]], "vals": [[3, 8, 4, 10], [2, 3, 4], [4, 2, 3, 8], [4, 3, 2]]}
BAD cls=2000 a=0 runclass=4 cand=2,3,3,3,3,0,3,3 lemmafail=- {"sets": [[0, 2, 3, 4], [1, 5, 6], [2, 3, 5, 6], [4, 5, 6]], "vals": [[3, 8, 4, 10], [2, 3, 4], [5, 2, 4, 8], [4, 3, 2]]}
BAD cls=2000 a=0 runclass=4 cand=2,3,3,3,3,0,3,3 lemmafail=- {"sets": [[0, 2, 3, 4], [1, 5, 6], [2, 3, 5, 6], [4, 5, 6]], "vals": [[4, 7, 2, 8], [2, 3, 4], [4, 2, 3, 8], [4, 3, 2]]}
BAD cls=2000 a=0 runclass=4 cand=2,3,3,3,3,0,3,3 lemmafail=- {"sets": [[0, 2, 3, 4], [1, 5, 6], [2, 3, 5, 6], [4, 5, 6]], "vals": [[4, 7, 2, 8], [2, 3, 4], [5, 2, 4, 8], [4, 3, 2]]}
BAD cls=2000 a=0 runclass=4 cand=2,3,3,3,3,0,3,3 lemmafail=- {"sets": [[0, 2, 3, 4], [1, 5, 6], [2, 3, 5, 6], [4, 5, 6]], "vals": [[4, 8, 3, 10], [2, 3, 4], [4, 2, 3, 8], [4, 3, 2]]}
BAD cls=2000 a=0 runclass=4 cand=2,3,3,3,3,0,3,3 lemmafail=- {"sets": [[0, 2, 3, 4], [1, 5, 6], [2, 3, 5, 6], [4, 5, 6]], "vals": [[4, 8, 3, 10], [2, 3, 4], [5, 2, 4, 8], [4, 3, 2]]}
BAD cls=2000 a=0 runclass=4 cand=2,3,3,3,3,0,3,3 lemmafail=- {"sets": [[0, 2, 3, 4], [1, 5, 6], [2, 3, 5, 6], [4, 5, 6]], "vals": [[2, 7, 4, 8], [2, 3, 4], [4, 3, 2, 8], [4, 3, 2]]}
BAD cls=2000 a=0 runclass=4 cand=2,3,3,3,3,0,3,3 lemmafail=- {"sets": [[0, 2, 3, 4], [1, 5, 6], [2, 3, 5, 6], [4, 5, 6]], "vals": [[3, 8, 4, 10], [2, 3, 4], [4, 3, 2, 8], [4, 3, 2]]}
BAD cls=2000 a=0 runclass=4 cand=2,3,3,3,3,0,3,3 lemmafail=- {"sets": [[0, 2, 3, 4], [1, 5, 6], [2, 3, 5, 6], [4, 5, 6]], "vals": [[4, 7, 2, 8], [2, 3, 4], [4, 3, 2, 8], [4, 3, 2]]}
BAD cls=2000 a=0 runclass=4 cand=2,3,3,3,3,0,3,3 lemmafail=- {"sets": [[0, 2, 3, 4], [1, 5, 6], [2, 3, 5, 6], [4, 5, 6]], "vals": [[4, 8, 3, 10], [2, 3, 4], [4, 3, 2, 8], [4, 3, 2]]}
BAD cls=2010 a=0 runclass=4 cand=1,3,3,3,3,0,3,3 lemmafail=- {"sets": [[0, 2, 4, 5], [1, 3, 5, 6], [2, 3, 6], [4, 5, 6]], "vals": [[2, 4, 8, 7], [2, 8, 4, 3], [2, 4, 3], [4, 2, 3]]}
BAD cls=2010 a=0 runclass=4 cand=1,3,3,3,3,0,3,3 lemmafail=- {"sets": [[0, 2, 4, 5], [1, 3, 5, 6], [2, 3, 6], [4, 5, 6]], "vals": [[2, 4, 8, 7], [2, 8, 5, 4], [2, 4, 3], [4, 2, 3]]}
BAD cls=2010 a=0 runclass=4 cand=1,3,3,3,3,0,3,3 lemmafail=- {"sets": [[0, 2, 4, 5], [1, 3, 5, 6], [2, 3, 6], [4, 5, 6]], "vals": [[3, 4, 10, 8], [2, 8, 4, 3], [2, 4, 3], [4, 2, 3]]}
BAD cls=2010 a=0 runclass=4 cand=1,3,3,3,3,0,3,3 lemmafail=- {"sets": [[0, 2, 4, 5], [1, 3, 5, 6], [2, 3, 6], [4, 5, 6]], "vals": [[3, 4, 10, 8], [2, 8, 5, 4], [2, 4, 3], [4, 2, 3]]}
BAD cls=2010 a=0 runclass=4 cand=1,3,3,3,3,0,3,3 lemmafail=- {"sets": [[0, 2, 4, 5], [1, 3, 5, 6], [2, 3, 6], [4, 5, 6]], "vals": [[4, 2, 8, 7], [2, 8, 4, 3], [2, 4, 3], [4, 2, 3]]}
BAD cls=2010 a=0 runclass=4 cand=1,3,3,3,3,0,3,3 lemmafail=- {"sets": [[0, 2, 4, 5], [1, 3, 5, 6], [2, 3, 6], [4, 5, 6]], "vals": [[4, 2, 8, 7], [2, 8, 5, 4], [2, 4, 3], [4, 2, 3]]}
BAD cls=2010 a=0 runclass=4 cand=1,3,3,3,3,0,3,3 lemmafail=- {"sets": [[0, 2, 4, 5], [1, 3, 5, 6], [2, 3, 6], [4, 5, 6]], "vals": [[4, 3, 10, 8], [2, 8, 4, 3], [2, 4, 3], [4, 2, 3]]}
BAD cls=2010 a=0 runclass=4 cand=1,3,3,3,3,0,3,3 lemmafail=- {"sets": [[0, 2, 4, 5], [1, 3, 5, 6], [2, 3, 6], [4, 5, 6]], "vals": [[4, 3, 10, 8], [2, 8, 5, 4], [2, 4, 3], [4, 2, 3]]}
BAD cls=2010 a=0 runclass=4 cand=1,3,3,3,3,0,3,3 lemmafail=- {"sets": [[0, 2, 4, 5], [1, 3, 5, 6], [2, 3, 6], [4, 5, 6]], "vals": [[2, 4, 8, 7], [3, 8, 4, 2], [2, 4, 3], [4, 2, 3]]}
BAD cls=2010 a=0 runclass=4 cand=1,3,3,3,3,0,3,3 lemmafail=- {"sets": [[0, 2, 4, 5], [1, 3, 5, 6], [2, 3, 6], [4, 5, 6]], "vals": [[3, 4, 10, 8], [3, 8, 4, 2], [2, 4, 3], [4, 2, 3]]}
BAD cls=2010 a=0 runclass=4 cand=1,3,3,3,3,0,3,3 lemmafail=- {"sets": [[0, 2, 4, 5], [1, 3, 5, 6], [2, 3, 6], [4, 5, 6]], "vals": [[4, 2, 8, 7], [3, 8, 4, 2], [2, 4, 3], [4, 2, 3]]}
BAD cls=2010 a=0 runclass=4 cand=1,3,3,3,3,0,3,3 lemmafail=- {"sets": [[0, 2, 4, 5], [1, 3, 5, 6], [2, 3, 6], [4, 5, 6]], "vals": [[4, 3, 10, 8], [3, 8, 4, 2], [2, 4, 3], [4, 2, 3]]}
BAD cls=2100 a=0 runclass=4 cand=2,3,3,3,3,0,3,3 lemmafail=- {"sets": [[0, 2, 4, 5], [1, 3, 6], [2, 3, 5, 6], [4, 5, 6]], "vals": [[2, 4, 8, 7], [2, 4, 3], [2, 8, 4, 3], [4, 2, 3]]}
BAD cls=2100 a=0 runclass=4 cand=2,3,3,3,3,0,3,3 lemmafail=- {"sets": [[0, 2, 4, 5], [1, 3, 6], [2, 3, 5, 6], [4, 5, 6]], "vals": [[2, 4, 8, 7], [2, 4, 3], [2, 8, 5, 4], [4, 2, 3]]}
BAD cls=2100 a=0 runclass=4 cand=2,3,3,3,3,0,3,3 lemmafail=- {"sets": [[0, 2, 4, 5], [1, 3, 6], [2, 3, 5, 6], [4, 5, 6]], "vals": [[3, 4, 10, 8], [2, 4, 3], [2, 8, 4, 3], [4, 2, 3]]}
BAD cls=2100 a=0 runclass=4 cand=2,3,3,3,3,0,3,3 lemmafail=- {"sets": [[0, 2, 4, 5], [1, 3, 6], [2, 3, 5, 6], [4, 5, 6]], "vals": [[3, 4, 10, 8], [2, 4, 3], [2, 8, 5, 4], [4, 2, 3]]}
BAD cls=2100 a=0 runclass=4 cand=2,3,3,3,3,0,3,3 lemmafail=- {"sets": [[0, 2, 4, 5], [1, 3, 6], [2, 3, 5, 6], [4, 5, 6]], "vals": [[4, 2, 8, 7], [2, 4, 3], [2, 8, 4, 3], [4, 2, 3]]}
BAD cls=2100 a=0 runclass=4 cand=2,3,3,3,3,0,3,3 lemmafail=- {"sets": [[0, 2, 4, 5], [1, 3, 6], [2, 3, 5, 6], [4, 5, 6]], "vals": [[4, 2, 8, 7], [2, 4, 3], [2, 8, 5, 4], [4, 2, 3]]}
BAD cls=2100 a=0 runclass=4 cand=2,3,3,3,3,0,3,3 lemmafail=- {"sets": [[0, 2, 4, 5], [1, 3, 6], [2, 3, 5, 6], [4, 5, 6]], "vals": [[4, 3, 10, 8], [2, 4, 3], [2, 8, 4, 3], [4, 2, 3]]}
BAD cls=2100 a=0 runclass=4 cand=2,3,3,3,3,0,3,3 lemmafail=- {"sets": [[0, 2, 4, 5], [1, 3, 6], [2, 3, 5, 6], [4, 5, 6]], "vals": [[4, 3, 10, 8], [2, 4, 3], [2, 8, 5, 4], [4, 2, 3]]}
BAD cls=2100 a=0 runclass=4 cand=2,3,3,3,3,0,3,3 lemmafail=- {"sets": [[0, 2, 4, 5], [1, 3, 6], [2, 3, 5, 6], [4, 5, 6]], "vals": [[2, 4, 8, 7], [2, 4, 3], [3, 8, 4, 2], [4, 2, 3]]}
BAD cls=2100 a=0 runclass=4 cand=2,3,3,3,3,0,3,3 lemmafail=- {"sets": [[0, 2, 4, 5], [1, 3, 6], [2, 3, 5, 6], [4, 5, 6]], "vals": [[3, 4, 10, 8], [2, 4, 3], [3, 8, 4, 2], [4, 2, 3]]}
BAD cls=2100 a=0 runclass=4 cand=2,3,3,3,3,0,3,3 lemmafail=- {"sets": [[0, 2, 4, 5], [1, 3, 6], [2, 3, 5, 6], [4, 5, 6]], "vals": [[4, 2, 8, 7], [2, 4, 3], [3, 8, 4, 2], [4, 2, 3]]}
BAD cls=2100 a=0 runclass=4 cand=2,3,3,3,3,0,3,3 lemmafail=- {"sets": [[0, 2, 4, 5], [1, 3, 6], [2, 3, 5, 6], [4, 5, 6]], "vals": [[4, 3, 10, 8], [2, 4, 3], [3, 8, 4, 2], [4, 2, 3]]}
BAD cls=0022 a=2 runclass=5 cand=1,0,0,0,0,-1,0,0 lemmafail=- {"sets": [[0, 2, 5, 6], [1, 4, 5, 6], [2, 3, 5], [3, 4, 6]], "vals": [[2, 8, 3, 4], [2, 8, 4, 3], [4, 2, 3], [2, 4, 3]]}
BAD cls=0022 a=3 runclass=5 cand=0,1,1,1,1,-1,1,1 lemmafail=- {"sets": [[0, 2, 5, 6], [1, 4, 5, 6], [2, 3, 5], [3, 4, 6]], "vals": [[2, 8, 3, 4], [2, 8, 4, 3], [4, 2, 3], [2, 4, 3]]}
BAD cls=0022 a=2 runclass=5 cand=1,0,0,0,0,-1,0,0 lemmafail=- {"sets": [[0, 2, 5, 6], [1, 4, 5, 6], [2, 3, 5], [3, 4, 6]], "vals": [[2, 8, 3, 4], [2, 8, 5, 4], [4, 2, 3], [2, 4, 3]]}
BAD cls=0022 a=3 runclass=5 cand=0,1,1,1,1,-1,1,1 lemmafail=- {"sets": [[0, 2, 5, 6], [1, 4, 5, 6], [2, 3, 5], [3, 4, 6]], "vals": [[2, 8, 3, 4], [2, 8, 5, 4], [4, 2, 3], [2, 4, 3]]}
BAD cls=0022 a=2 runclass=5 cand=1,0,0,0,0,-1,0,0 lemmafail=- {"sets": [[0, 2, 5, 6], [1, 4, 5, 6], [2, 3, 5], [3, 4, 6]], "vals": [[2, 8, 4, 5], [2, 8, 4, 3], [4, 2, 3], [2, 4, 3]]}
BAD cls=0022 a=3 runclass=5 cand=0,1,1,1,1,-1,1,1 lemmafail=- {"sets": [[0, 2, 5, 6], [1, 4, 5, 6], [2, 3, 5], [3, 4, 6]], "vals": [[2, 8, 4, 5], [2, 8, 4, 3], [4, 2, 3], [2, 4, 3]]}
BAD cls=0022 a=2 runclass=5 cand=1,0,0,0,0,-1,0,0 lemmafail=- {"sets": [[0, 2, 5, 6], [1, 4, 5, 6], [2, 3, 5], [3, 4, 6]], "vals": [[2, 8, 4, 5], [2, 8, 5, 4], [4, 2, 3], [2, 4, 3]]}
BAD cls=0022 a=3 runclass=5 cand=0,1,1,1,1,-1,1,1 lemmafail=- {"sets": [[0, 2, 5, 6], [1, 4, 5, 6], [2, 3, 5], [3, 4, 6]], "vals": [[2, 8, 4, 5], [2, 8, 5, 4], [4, 2, 3], [2, 4, 3]]}
BAD cls=0022 a=2 runclass=5 cand=1,0,0,0,0,-1,0,0 lemmafail=- {"sets": [[0, 2, 5, 6], [1, 4, 5, 6], [2, 3, 5], [3, 4, 6]], "vals": [[3, 8, 2, 4], [2, 8, 4, 3], [4, 2, 3], [2, 4, 3]]}
BAD cls=0022 a=3 runclass=5 cand=0,1,1,1,1,-1,1,1 lemmafail=- {"sets": [[0, 2, 5, 6], [1, 4, 5, 6], [2, 3, 5], [3, 4, 6]], "vals": [[3, 8, 2, 4], [2, 8, 4, 3], [4, 2, 3], [2, 4, 3]]}
BAD cls=0022 a=2 runclass=5 cand=1,0,0,0,0,-1,0,0 lemmafail=- {"sets": [[0, 2, 5, 6], [1, 4, 5, 6], [2, 3, 5], [3, 4, 6]], "vals": [[3, 8, 2, 4], [2, 8, 5, 4], [4, 2, 3], [2, 4, 3]]}
BAD cls=0022 a=3 runclass=5 cand=0,1,1,1,1,-1,1,1 lemmafail=- {"sets": [[0, 2, 5, 6], [1, 4, 5, 6], [2, 3, 5], [3, 4, 6]], "vals": [[3, 8, 2, 4], [2, 8, 5, 4], [4, 2, 3], [2, 4, 3]]}
BAD cls=0022 a=2 runclass=5 cand=1,0,0,0,0,-1,0,0 lemmafail=- {"sets": [[0, 2, 5, 6], [1, 4, 5, 6], [2, 3, 5], [3, 4, 6]], "vals": [[2, 8, 3, 4], [3, 8, 4, 2], [4, 2, 3], [2, 4, 3]]}
BAD cls=0022 a=3 runclass=5 cand=0,1,1,1,1,-1,1,1 lemmafail=- {"sets": [[0, 2, 5, 6], [1, 4, 5, 6], [2, 3, 5], [3, 4, 6]], "vals": [[2, 8, 3, 4], [3, 8, 4, 2], [4, 2, 3], [2, 4, 3]]}
BAD cls=0022 a=2 runclass=5 cand=1,0,0,0,0,-1,0,0 lemmafail=- {"sets": [[0, 2, 5, 6], [1, 4, 5, 6], [2, 3, 5], [3, 4, 6]], "vals": [[2, 8, 4, 5], [3, 8, 4, 2], [4, 2, 3], [2, 4, 3]]}
BAD cls=0022 a=3 runclass=5 cand=0,1,1,1,1,-1,1,1 lemmafail=- {"sets": [[0, 2, 5, 6], [1, 4, 5, 6], [2, 3, 5], [3, 4, 6]], "vals": [[2, 8, 4, 5], [3, 8, 4, 2], [4, 2, 3], [2, 4, 3]]}
BAD cls=0022 a=2 runclass=5 cand=1,0,0,0,0,-1,0,0 lemmafail=- {"sets": [[0, 2, 5, 6], [1, 4, 5, 6], [2, 3, 5], [3, 4, 6]], "vals": [[3, 8, 2, 4], [3, 8, 4, 2], [4, 2, 3], [2, 4, 3]]}
BAD cls=0022 a=3 runclass=5 cand=0,1,1,1,1,-1,1,1 lemmafail=- {"sets": [[0, 2, 5, 6], [1, 4, 5, 6], [2, 3, 5], [3, 4, 6]], "vals": [[3, 8, 2, 4], [3, 8, 4, 2], [4, 2, 3], [2, 4, 3]]}
BAD cls=2002 a=0 runclass=5 cand=1,2,2,2,2,-1,2,2 lemmafail=- {"sets": [[0, 2, 5], [1, 4, 5, 6], [2, 3, 5, 6], [3, 4, 6]], "vals": [[2, 4, 3], [2, 8, 4, 3], [8, 2, 3, 4], [2, 4, 3]]}
BAD cls=2002 a=3 runclass=5 cand=2,1,1,1,1,-1,1,1 lemmafail=- {"sets": [[0, 2, 5], [1, 4, 5, 6], [2, 3, 5, 6], [3, 4, 6]], "vals": [[2, 4, 3], [2, 8, 4, 3], [8, 2, 3, 4], [2, 4, 3]]}
BAD cls=2002 a=0 runclass=5 cand=1,2,2,2,2,-1,2,2 lemmafail=- {"sets": [[0, 2, 5], [1, 4, 5, 6], [2, 3, 5, 6], [3, 4, 6]], "vals": [[2, 4, 3], [2, 8, 4, 3], [8, 2, 4, 5], [2, 4, 3]]}
BAD cls=2002 a=3 runclass=5 cand=2,1,1,1,1,-1,1,1 lemmafail=- {"sets": [[0, 2, 5], [1, 4, 5, 6], [2, 3, 5, 6], [3, 4, 6]], "vals": [[2, 4, 3], [2, 8, 4, 3], [8, 2, 4, 5], [2, 4, 3]]}
BAD cls=2002 a=0 runclass=5 cand=1,2,2,2,2,-1,2,2 lemmafail=- {"sets": [[0, 2, 5], [1, 4, 5, 6], [2, 3, 5, 6], [3, 4, 6]], "vals": [[2, 4, 3], [2, 8, 5, 4], [8, 2, 3, 4], [2, 4, 3]]}
BAD cls=2002 a=3 runclass=5 cand=2,1,1,1,1,-1,1,1 lemmafail=- {"sets": [[0, 2, 5], [1, 4, 5, 6], [2, 3, 5, 6], [3, 4, 6]], "vals": [[2, 4, 3], [2, 8, 5, 4], [8, 2, 3, 4], [2, 4, 3]]}
BAD cls=2002 a=0 runclass=5 cand=1,2,2,2,2,-1,2,2 lemmafail=- {"sets": [[0, 2, 5], [1, 4, 5, 6], [2, 3, 5, 6], [3, 4, 6]], "vals": [[2, 4, 3], [2, 8, 5, 4], [8, 2, 4, 5], [2, 4, 3]]}
BAD cls=2002 a=3 runclass=5 cand=2,1,1,1,1,-1,1,1 lemmafail=- {"sets": [[0, 2, 5], [1, 4, 5, 6], [2, 3, 5, 6], [3, 4, 6]], "vals": [[2, 4, 3], [2, 8, 5, 4], [8, 2, 4, 5], [2, 4, 3]]}
BAD cls=2002 a=0 runclass=5 cand=1,2,2,2,2,-1,2,2 lemmafail=- {"sets": [[0, 2, 5], [1, 4, 5, 6], [2, 3, 5, 6], [3, 4, 6]], "vals": [[2, 4, 3], [3, 8, 4, 2], [8, 2, 3, 4], [2, 4, 3]]}
BAD cls=2002 a=3 runclass=5 cand=2,1,1,1,1,-1,1,1 lemmafail=- {"sets": [[0, 2, 5], [1, 4, 5, 6], [2, 3, 5, 6], [3, 4, 6]], "vals": [[2, 4, 3], [3, 8, 4, 2], [8, 2, 3, 4], [2, 4, 3]]}
BAD cls=2002 a=0 runclass=5 cand=1,2,2,2,2,-1,2,2 lemmafail=- {"sets": [[0, 2, 5], [1, 4, 5, 6], [2, 3, 5, 6], [3, 4, 6]], "vals": [[2, 4, 3], [3, 8, 4, 2], [8, 2, 4, 5], [2, 4, 3]]}
BAD cls=2002 a=3 runclass=5 cand=2,1,1,1,1,-1,1,1 lemmafail=- {"sets": [[0, 2, 5], [1, 4, 5, 6], [2, 3, 5, 6], [3, 4, 6]], "vals": [[2, 4, 3], [3, 8, 4, 2], [8, 2, 4, 5], [2, 4, 3]]}
BAD cls=2002 a=0 runclass=5 cand=1,2,2,2,2,-1,2,2 lemmafail=- {"sets": [[0, 2, 5], [1, 4, 5, 6], [2, 3, 5, 6], [3, 4, 6]], "vals": [[2, 4, 3], [2, 8, 4, 3], [8, 3, 2, 4], [2, 4, 3]]}
BAD cls=2002 a=3 runclass=5 cand=2,1,1,1,1,-1,1,1 lemmafail=- {"sets": [[0, 2, 5], [1, 4, 5, 6], [2, 3, 5, 6], [3, 4, 6]], "vals": [[2, 4, 3], [2, 8, 4, 3], [8, 3, 2, 4], [2, 4, 3]]}
BAD cls=2002 a=0 runclass=5 cand=1,2,2,2,2,-1,2,2 lemmafail=- {"sets": [[0, 2, 5], [1, 4, 5, 6], [2, 3, 5, 6], [3, 4, 6]], "vals": [[2, 4, 3], [2, 8, 5, 4], [8, 3, 2, 4], [2, 4, 3]]}
BAD cls=2002 a=3 runclass=5 cand=2,1,1,1,1,-1,1,1 lemmafail=- {"sets": [[0, 2, 5], [1, 4, 5, 6], [2, 3, 5, 6], [3, 4, 6]], "vals": [[2, 4, 3], [2, 8, 5, 4], [8, 3, 2, 4], [2, 4, 3]]}
BAD cls=2002 a=0 runclass=5 cand=1,2,2,2,2,-1,2,2 lemmafail=- {"sets": [[0, 2, 5], [1, 4, 5, 6], [2, 3, 5, 6], [3, 4, 6]], "vals": [[2, 4, 3], [3, 8, 4, 2], [8, 3, 2, 4], [2, 4, 3]]}
BAD cls=2002 a=3 runclass=5 cand=2,1,1,1,1,-1,1,1 lemmafail=- {"sets": [[0, 2, 5], [1, 4, 5, 6], [2, 3, 5, 6], [3, 4, 6]], "vals": [[2, 4, 3], [3, 8, 4, 2], [8, 3, 2, 4], [2, 4, 3]]}
BAD cls=2200 a=0 runclass=5 cand=3,2,2,2,2,-1,2,2 lemmafail=- {"sets": [[0, 2, 5], [1, 4, 6], [2, 3, 5, 6], [3, 4, 5, 6]], "vals": [[2, 4, 3], [2, 4, 3], [8, 2, 3, 4], [2, 8, 4, 3]]}
BAD cls=2200 a=1 runclass=5 cand=2,3,3,3,3,-1,3,3 lemmafail=- {"sets": [[0, 2, 5], [1, 4, 6], [2, 3, 5, 6], [3, 4, 5, 6]], "vals": [[2, 4, 3], [2, 4, 3], [8, 2, 3, 4], [2, 8, 4, 3]]}
BAD cls=2200 a=0 runclass=5 cand=3,2,2,2,2,-1,2,2 lemmafail=- {"sets": [[0, 2, 5], [1, 4, 6], [2, 3, 5, 6], [3, 4, 5, 6]], "vals": [[2, 4, 3], [2, 4, 3], [8, 2, 3, 4], [2, 8, 5, 4]]}
BAD cls=2200 a=1 runclass=5 cand=2,3,3,3,3,-1,3,3 lemmafail=- {"sets": [[0, 2, 5], [1, 4, 6], [2, 3, 5, 6], [3, 4, 5, 6]], "vals": [[2, 4, 3], [2, 4, 3], [8, 2, 3, 4], [2, 8, 5, 4]]}
BAD cls=2200 a=0 runclass=5 cand=3,2,2,2,2,-1,2,2 lemmafail=- {"sets": [[0, 2, 5], [1, 4, 6], [2, 3, 5, 6], [3, 4, 5, 6]], "vals": [[2, 4, 3], [2, 4, 3], [8, 2, 4, 5], [2, 8, 4, 3]]}
BAD cls=2200 a=1 runclass=5 cand=2,3,3,3,3,-1,3,3 lemmafail=- {"sets": [[0, 2, 5], [1, 4, 6], [2, 3, 5, 6], [3, 4, 5, 6]], "vals": [[2, 4, 3], [2, 4, 3], [8, 2, 4, 5], [2, 8, 4, 3]]}
BAD cls=2200 a=0 runclass=5 cand=3,2,2,2,2,-1,2,2 lemmafail=- {"sets": [[0, 2, 5], [1, 4, 6], [2, 3, 5, 6], [3, 4, 5, 6]], "vals": [[2, 4, 3], [2, 4, 3], [8, 2, 4, 5], [2, 8, 5, 4]]}
BAD cls=2200 a=1 runclass=5 cand=2,3,3,3,3,-1,3,3 lemmafail=- {"sets": [[0, 2, 5], [1, 4, 6], [2, 3, 5, 6], [3, 4, 5, 6]], "vals": [[2, 4, 3], [2, 4, 3], [8, 2, 4, 5], [2, 8, 5, 4]]}
BAD cls=2200 a=0 runclass=5 cand=3,2,2,2,2,-1,2,2 lemmafail=- {"sets": [[0, 2, 5], [1, 4, 6], [2, 3, 5, 6], [3, 4, 5, 6]], "vals": [[2, 4, 3], [2, 4, 3], [8, 3, 2, 4], [2, 8, 4, 3]]}
BAD cls=2200 a=1 runclass=5 cand=2,3,3,3,3,-1,3,3 lemmafail=- {"sets": [[0, 2, 5], [1, 4, 6], [2, 3, 5, 6], [3, 4, 5, 6]], "vals": [[2, 4, 3], [2, 4, 3], [8, 3, 2, 4], [2, 8, 4, 3]]}
BAD cls=2200 a=0 runclass=5 cand=3,2,2,2,2,-1,2,2 lemmafail=- {"sets": [[0, 2, 5], [1, 4, 6], [2, 3, 5, 6], [3, 4, 5, 6]], "vals": [[2, 4, 3], [2, 4, 3], [8, 3, 2, 4], [2, 8, 5, 4]]}
BAD cls=2200 a=1 runclass=5 cand=2,3,3,3,3,-1,3,3 lemmafail=- {"sets": [[0, 2, 5], [1, 4, 6], [2, 3, 5, 6], [3, 4, 5, 6]], "vals": [[2, 4, 3], [2, 4, 3], [8, 3, 2, 4], [2, 8, 5, 4]]}
BAD cls=2200 a=0 runclass=5 cand=3,2,2,2,2,-1,2,2 lemmafail=- {"sets": [[0, 2, 5], [1, 4, 6], [2, 3, 5, 6], [3, 4, 5, 6]], "vals": [[2, 4, 3], [2, 4, 3], [8, 2, 3, 4], [3, 8, 4, 2]]}
BAD cls=2200 a=1 runclass=5 cand=2,3,3,3,3,-1,3,3 lemmafail=- {"sets": [[0, 2, 5], [1, 4, 6], [2, 3, 5, 6], [3, 4, 5, 6]], "vals": [[2, 4, 3], [2, 4, 3], [8, 2, 3, 4], [3, 8, 4, 2]]}
BAD cls=2200 a=0 runclass=5 cand=3,2,2,2,2,-1,2,2 lemmafail=- {"sets": [[0, 2, 5], [1, 4, 6], [2, 3, 5, 6], [3, 4, 5, 6]], "vals": [[2, 4, 3], [2, 4, 3], [8, 2, 4, 5], [3, 8, 4, 2]]}
BAD cls=2200 a=1 runclass=5 cand=2,3,3,3,3,-1,3,3 lemmafail=- {"sets": [[0, 2, 5], [1, 4, 6], [2, 3, 5, 6], [3, 4, 5, 6]], "vals": [[2, 4, 3], [2, 4, 3], [8, 2, 4, 5], [3, 8, 4, 2]]}
BAD cls=2200 a=0 runclass=5 cand=3,2,2,2,2,-1,2,2 lemmafail=- {"sets": [[0, 2, 5], [1, 4, 6], [2, 3, 5, 6], [3, 4, 5, 6]], "vals": [[2, 4, 3], [2, 4, 3], [8, 3, 2, 4], [3, 8, 4, 2]]}
BAD cls=2200 a=1 runclass=5 cand=2,3,3,3,3,-1,3,3 lemmafail=- {"sets": [[0, 2, 5], [1, 4, 6], [2, 3, 5, 6], [3, 4, 5, 6]], "vals": [[2, 4, 3], [2, 4, 3], [8, 3, 2, 4], [3, 8, 4, 2]]}
BAD cls=0201 a=1 runclass=4 cand=0,2,2,2,2,1,2,2 lemmafail=- {"sets": [[0, 2, 3, 6], [1, 2, 3, 4], [1, 5, 6], [4, 5, 6]], "vals": [[2, 3, 4, 8], [8, 2, 7, 4], [4, 3, 2], [2, 3, 4]]}
BAD cls=0201 a=1 runclass=4 cand=0,2,2,2,2,1,2,2 lemmafail=- {"sets": [[0, 2, 3, 6], [1, 2, 3, 4], [1, 5, 6], [4, 5, 6]], "vals": [[2, 3, 4, 8], [10, 3, 8, 4], [4, 3, 2], [2, 3, 4]]}
BAD cls=0201 a=1 runclass=4 cand=0,2,2,2,2,1,2,2 lemmafail=- {"sets": [[0, 2, 3, 6], [1, 2, 3, 4], [1, 5, 6], [4, 5, 6]], "vals": [[3, 2, 4, 8], [8, 2, 7, 4], [4, 3, 2], [2, 3, 4]]}
BAD cls=0201 a=1 runclass=4 cand=0,2,2,2,2,1,2,2 lemmafail=- {"sets": [[0, 2, 3, 6], [1, 2, 3, 4], [1, 5, 6], [4, 5, 6]], "vals": [[3, 2, 4, 8], [10, 3, 8, 4], [4, 3, 2], [2, 3, 4]]}
BAD cls=0201 a=1 runclass=4 cand=0,2,2,2,2,1,2,2 lemmafail=- {"sets": [[0, 2, 3, 6], [1, 2, 3, 4], [1, 5, 6], [4, 5, 6]], "vals": [[2, 3, 4, 8], [8, 4, 7, 2], [4, 3, 2], [2, 3, 4]]}
BAD cls=0201 a=1 runclass=4 cand=0,2,2,2,2,1,2,2 lemmafail=- {"sets": [[0, 2, 3, 6], [1, 2, 3, 4], [1, 5, 6], [4, 5, 6]], "vals": [[2, 3, 4, 8], [10, 4, 8, 3], [4, 3, 2], [2, 3, 4]]}
BAD cls=0201 a=1 runclass=4 cand=0,2,2,2,2,1,2,2 lemmafail=- {"sets": [[0, 2, 3, 6], [1, 2, 3, 4], [1, 5, 6], [4, 5, 6]], "vals": [[3, 2, 4, 8], [8, 4, 7, 2], [4, 3, 2], [2, 3, 4]]}
BAD cls=0201 a=1 runclass=4 cand=0,2,2,2,2,1,2,2 lemmafail=- {"sets": [[0, 2, 3, 6], [1, 2, 3, 4], [1, 5, 6], [4, 5, 6]], "vals": [[3, 2, 4, 8], [10, 4, 8, 3], [4, 3, 2], [2, 3, 4]]}
BAD cls=0201 a=1 runclass=4 cand=0,2,2,2,2,1,2,2 lemmafail=- {"sets": [[0, 2, 3, 6], [1, 2, 3, 4], [1, 5, 6], [4, 5, 6]], "vals": [[2, 4, 3, 8], [8, 7, 2, 4], [4, 3, 2], [2, 3, 4]]}
BAD cls=0201 a=1 runclass=4 cand=0,2,2,2,2,1,2,2 lemmafail=- {"sets": [[0, 2, 3, 6], [1, 2, 3, 4], [1, 5, 6], [4, 5, 6]], "vals": [[2, 4, 3, 8], [10, 8, 3, 4], [4, 3, 2], [2, 3, 4]]}
BAD cls=0201 a=1 runclass=4 cand=0,2,2,2,2,1,2,2 lemmafail=- {"sets": [[0, 2, 3, 6], [1, 2, 3, 4], [1, 5, 6], [4, 5, 6]], "vals": [[3, 4, 2, 8], [8, 7, 2, 4], [4, 3, 2], [2, 3, 4]]}
BAD cls=0201 a=1 runclass=4 cand=0,2,2,2,2,1,2,2 lemmafail=- {"sets": [[0, 2, 3, 6], [1, 2, 3, 4], [1, 5, 6], [4, 5, 6]], "vals": [[3, 4, 2, 8], [10, 8, 3, 4], [4, 3, 2], [2, 3, 4]]}
BAD cls=0201 a=1 runclass=4 cand=0,2,2,2,2,1,2,2 lemmafail=- {"sets": [[0, 2, 3, 6], [1, 2, 3, 4], [1, 5, 6], [4, 5, 6]], "vals": [[2, 4, 3, 8], [8, 7, 4, 2], [4, 3, 2], [2, 3, 4]]}
BAD cls=0201 a=1 runclass=4 cand=0,2,2,2,2,1,2,2 lemmafail=- {"sets": [[0, 2, 3, 6], [1, 2, 3, 4], [1, 5, 6], [4, 5, 6]], "vals": [[2, 4, 3, 8], [10, 8, 4, 3], [4, 3, 2], [2, 3, 4]]}
BAD cls=0201 a=1 runclass=4 cand=0,2,2,2,2,1,2,2 lemmafail=- {"sets": [[0, 2, 3, 6], [1, 2, 3, 4], [1, 5, 6], [4, 5, 6]], "vals": [[3, 4, 2, 8], [8, 7, 4, 2], [4, 3, 2], [2, 3, 4]]}
BAD cls=0201 a=1 runclass=4 cand=0,2,2,2,2,1,2,2 lemmafail=- {"sets": [[0, 2, 3, 6], [1, 2, 3, 4], [1, 5, 6], [4, 5, 6]], "vals": [[3, 4, 2, 8], [10, 8, 4, 3], [4, 3, 2], [2, 3, 4]]}
BAD cls=0210 a=1 runclass=4 cand=0,3,3,3,3,1,3,3 lemmafail=- {"sets": [[0, 2, 3, 6], [1, 2, 3, 4], [1, 5, 6], [4, 5, 6]], "vals": [[2, 3, 4, 8], [2, 4, 7, 8], [2, 3, 4], [4, 3, 2]]}
BAD cls=0210 a=1 runclass=4 cand=0,3,3,3,3,1,3,3 lemmafail=- {"sets": [[0, 2, 3, 6], [1, 2, 3, 4], [1, 5, 6], [4, 5, 6]], "vals": [[2, 3, 4, 8], [3, 4, 8, 10], [2, 3, 4], [4, 3, 2]]}
BAD cls=0210 a=1 runclass=4 cand=0,3,3,3,3,1,3,3 lemmafail=- {"sets": [[0, 2, 3, 6], [1, 2, 3, 4], [1, 5, 6], [4, 5, 6]], "vals": [[3, 2, 4, 8], [2, 4, 7, 8], [2, 3, 4], [4, 3, 2]]}
BAD cls=0210 a=1 runclass=4 cand=0,3,3,3,3,1,3,3 lemmafail=- {"sets": [[0, 2, 3, 6], [1, 2, 3, 4], [1, 5, 6], [4, 5, 6]], "vals": [[3, 2, 4, 8], [3, 4, 8, 10], [2, 3, 4], [4, 3, 2]]}
BAD cls=0210 a=1 runclass=4 cand=0,3,3,3,3,1,3,3 lemmafail=- {"sets": [[0, 2, 3, 6], [1, 2, 3, 4], [1, 5, 6], [4, 5, 6]], "vals": [[2, 4, 3, 8], [2, 7, 4, 8], [2, 3, 4], [4, 3, 2]]}
BAD cls=0210 a=1 runclass=4 cand=0,3,3,3,3,1,3,3 lemmafail=- {"sets": [[0, 2, 3, 6], [1, 2, 3, 4], [1, 5, 6], [4, 5, 6]], "vals": [[2, 4, 3, 8], [3, 8, 4, 10], [2, 3, 4], [4, 3, 2]]}
BAD cls=0210 a=1 runclass=4 cand=0,3,3,3,3,1,3,3 lemmafail=- {"sets": [[0, 2, 3, 6], [1, 2, 3, 4], [1, 5, 6], [4, 5, 6]], "vals": [[3, 4, 2, 8], [2, 7, 4, 8], [2, 3, 4], [4, 3, 2]]}
BAD cls=0210 a=1 runclass=4 cand=0,3,3,3,3,1,3,3 lemmafail=- {"sets": [[0, 2, 3, 6], [1, 2, 3, 4], [1, 5, 6], [4, 5, 6]], "vals": [[3, 4, 2, 8], [3, 8, 4, 10], [2, 3, 4], [4, 3, 2]]}
BAD cls=0210 a=1 runclass=4 cand=0,3,3,3,3,1,3,3 lemmafail=- {"sets": [[0, 2, 3, 6], [1, 2, 3, 4], [1, 5, 6], [4, 5, 6]], "vals": [[2, 3, 4, 8], [4, 2, 7, 8], [2, 3, 4], [4, 3, 2]]}
BAD cls=0210 a=1 runclass=4 cand=0,3,3,3,3,1,3,3 lemmafail=- {"sets": [[0, 2, 3, 6], [1, 2, 3, 4], [1, 5, 6], [4, 5, 6]], "vals": [[2, 3, 4, 8], [4, 3, 8, 10], [2, 3, 4], [4, 3, 2]]}
BAD cls=0210 a=1 runclass=4 cand=0,3,3,3,3,1,3,3 lemmafail=- {"sets": [[0, 2, 3, 6], [1, 2, 3, 4], [1, 5, 6], [4, 5, 6]], "vals": [[3, 2, 4, 8], [4, 2, 7, 8], [2, 3, 4], [4, 3, 2]]}
BAD cls=0210 a=1 runclass=4 cand=0,3,3,3,3,1,3,3 lemmafail=- {"sets": [[0, 2, 3, 6], [1, 2, 3, 4], [1, 5, 6], [4, 5, 6]], "vals": [[3, 2, 4, 8], [4, 3, 8, 10], [2, 3, 4], [4, 3, 2]]}
BAD cls=0210 a=1 runclass=4 cand=0,3,3,3,3,1,3,3 lemmafail=- {"sets": [[0, 2, 3, 6], [1, 2, 3, 4], [1, 5, 6], [4, 5, 6]], "vals": [[2, 4, 3, 8], [4, 7, 2, 8], [2, 3, 4], [4, 3, 2]]}
BAD cls=0210 a=1 runclass=4 cand=0,3,3,3,3,1,3,3 lemmafail=- {"sets": [[0, 2, 3, 6], [1, 2, 3, 4], [1, 5, 6], [4, 5, 6]], "vals": [[2, 4, 3, 8], [4, 8, 3, 10], [2, 3, 4], [4, 3, 2]]}
BAD cls=0210 a=1 runclass=4 cand=0,3,3,3,3,1,3,3 lemmafail=- {"sets": [[0, 2, 3, 6], [1, 2, 3, 4], [1, 5, 6], [4, 5, 6]], "vals": [[3, 4, 2, 8], [4, 7, 2, 8], [2, 3, 4], [4, 3, 2]]}
BAD cls=0210 a=1 runclass=4 cand=0,3,3,3,3,1,3,3 lemmafail=- {"sets": [[0, 2, 3, 6], [1, 2, 3, 4], [1, 5, 6], [4, 5, 6]], "vals": [[3, 4, 2, 8], [4, 8, 3, 10], [2, 3, 4], [4, 3, 2]]}
BAD cls=0202 a=1 runclass=5 cand=2,0,0,0,0,-1,0,0 lemmafail=- {"sets": [[0, 2, 3, 6], [1, 2, 5], [1, 4, 5, 6], [3, 4, 6]], "vals": [[2, 8, 3, 4], [2, 4, 3], [2, 8, 4, 3], [2, 4, 3]]}
BAD cls=0202 a=3 runclass=5 cand=0,2,2,2,2,-1,2,2 lemmafail=- {"sets": [[0, 2, 3, 6], [1, 2, 5], [1, 4, 5, 6], [3, 4, 6]], "vals": [[2, 8, 3, 4], [2, 4, 3], [2, 8, 4, 3], [2, 4, 3]]}
BAD cls=0202 a=1 runclass=5 cand=2,0,0,0,0,-1,0,0 lemmafail=- {"sets": [[0, 2, 3, 6], [1, 2, 5], [1, 4, 5, 6], [3, 4, 6]], "vals": [[2, 8, 3, 4], [2, 4, 3], [2, 8, 5, 4], [2, 4, 3]]}
BAD cls=0202 a=3 runclass=5 cand=0,2,2,2,2,-1,2,2 lemmafail=- {"sets": [[0, 2, 3, 6], [1, 2, 5], [1, 4, 5, 6], [3, 4, 6]], "vals": [[2, 8, 3, 4], [2, 4, 3], [2, 8, 5, 4], [2, 4, 3]]}
BAD cls=0202 a=1 runclass=5 cand=2,0,0,0,0,-1,0,0 lemmafail=- {"sets": [[0, 2, 3, 6], [1, 2, 5], [1, 4, 5, 6], [3, 4, 6]], "vals": [[3, 8, 2, 4], [2, 4, 3], [2, 8, 4, 3], [2, 4, 3]]}
BAD cls=0202 a=3 runclass=5 cand=0,2,2,2,2,-1,2,2 lemmafail=- {"sets": [[0, 2, 3, 6], [1, 2, 5], [1, 4, 5, 6], [3, 4, 6]], "vals": [[3, 8, 2, 4], [2, 4, 3], [2, 8, 4, 3], [2, 4, 3]]}
BAD cls=0202 a=1 runclass=5 cand=2,0,0,0,0,-1,0,0 lemmafail=- {"sets": [[0, 2, 3, 6], [1, 2, 5], [1, 4, 5, 6], [3, 4, 6]], "vals": [[3, 8, 2, 4], [2, 4, 3], [2, 8, 5, 4], [2, 4, 3]]}
BAD cls=0202 a=3 runclass=5 cand=0,2,2,2,2,-1,2,2 lemmafail=- {"sets": [[0, 2, 3, 6], [1, 2, 5], [1, 4, 5, 6], [3, 4, 6]], "vals": [[3, 8, 2, 4], [2, 4, 3], [2, 8, 5, 4], [2, 4, 3]]}
BAD cls=0202 a=1 runclass=5 cand=2,0,0,0,0,-1,0,0 lemmafail=- {"sets": [[0, 2, 3, 6], [1, 2, 5], [1, 4, 5, 6], [3, 4, 6]], "vals": [[2, 8, 3, 4], [2, 4, 3], [3, 8, 4, 2], [2, 4, 3]]}
BAD cls=0202 a=3 runclass=5 cand=0,2,2,2,2,-1,2,2 lemmafail=- {"sets": [[0, 2, 3, 6], [1, 2, 5], [1, 4, 5, 6], [3, 4, 6]], "vals": [[2, 8, 3, 4], [2, 4, 3], [3, 8, 4, 2], [2, 4, 3]]}
BAD cls=0202 a=1 runclass=5 cand=2,0,0,0,0,-1,0,0 lemmafail=- {"sets": [[0, 2, 3, 6], [1, 2, 5], [1, 4, 5, 6], [3, 4, 6]], "vals": [[3, 8, 2, 4], [2, 4, 3], [3, 8, 4, 2], [2, 4, 3]]}
BAD cls=0202 a=3 runclass=5 cand=0,2,2,2,2,-1,2,2 lemmafail=- {"sets": [[0, 2, 3, 6], [1, 2, 5], [1, 4, 5, 6], [3, 4, 6]], "vals": [[3, 8, 2, 4], [2, 4, 3], [3, 8, 4, 2], [2, 4, 3]]}
BAD cls=0202 a=1 runclass=5 cand=2,0,0,0,0,-1,0,0 lemmafail=- {"sets": [[0, 2, 3, 6], [1, 2, 5], [1, 4, 5, 6], [3, 4, 6]], "vals": [[2, 8, 3, 4], [3, 4, 2], [4, 8, 2, 3], [2, 4, 3]]}
BAD cls=0202 a=3 runclass=5 cand=0,2,2,2,2,-1,2,2 lemmafail=- {"sets": [[0, 2, 3, 6], [1, 2, 5], [1, 4, 5, 6], [3, 4, 6]], "vals": [[2, 8, 3, 4], [3, 4, 2], [4, 8, 2, 3], [2, 4, 3]]}
BAD cls=0202 a=1 runclass=5 cand=2,0,0,0,0,-1,0,0 lemmafail=- {"sets": [[0, 2, 3, 6], [1, 2, 5], [1, 4, 5, 6], [3, 4, 6]], "vals": [[2, 8, 3, 4], [3, 4, 2], [5, 8, 2, 4], [2, 4, 3]]}
BAD cls=0202 a=3 runclass=5 cand=0,2,2,2,2,-1,2,2 lemmafail=- {"sets": [[0, 2, 3, 6], [1, 2, 5], [1, 4, 5, 6], [3, 4, 6]], "vals": [[2, 8, 3, 4], [3, 4, 2], [5, 8, 2, 4], [2, 4, 3]]}
BAD cls=0202 a=1 runclass=5 cand=2,0,0,0,0,-1,0,0 lemmafail=- {"sets": [[0, 2, 3, 6], [1, 2, 5], [1, 4, 5, 6], [3, 4, 6]], "vals": [[3, 8, 2, 4], [3, 4, 2], [4, 8, 2, 3], [2, 4, 3]]}
BAD cls=0202 a=3 runclass=5 cand=0,2,2,2,2,-1,2,2 lemmafail=- {"sets": [[0, 2, 3, 6], [1, 2, 5], [1, 4, 5, 6], [3, 4, 6]], "vals": [[3, 8, 2, 4], [3, 4, 2], [4, 8, 2, 3], [2, 4, 3]]}
BAD cls=0202 a=1 runclass=5 cand=2,0,0,0,0,-1,0,0 lemmafail=- {"sets": [[0, 2, 3, 6], [1, 2, 5], [1, 4, 5, 6], [3, 4, 6]], "vals": [[3, 8, 2, 4], [3, 4, 2], [5, 8, 2, 4], [2, 4, 3]]}
BAD cls=0202 a=3 runclass=5 cand=0,2,2,2,2,-1,2,2 lemmafail=- {"sets": [[0, 2, 3, 6], [1, 2, 5], [1, 4, 5, 6], [3, 4, 6]], "vals": [[3, 8, 2, 4], [3, 4, 2], [5, 8, 2, 4], [2, 4, 3]]}
BAD cls=0202 a=1 runclass=5 cand=2,0,0,0,0,-1,0,0 lemmafail=- {"sets": [[0, 2, 3, 6], [1, 2, 5], [1, 4, 5, 6], [3, 4, 6]], "vals": [[2, 8, 3, 4], [3, 4, 2], [4, 8, 3, 2], [2, 4, 3]]}
BAD cls=0202 a=3 runclass=5 cand=0,2,2,2,2,-1,2,2 lemmafail=- {"sets": [[0, 2, 3, 6], [1, 2, 5], [1, 4, 5, 6], [3, 4, 6]], "vals": [[2, 8, 3, 4], [3, 4, 2], [4, 8, 3, 2], [2, 4, 3]]}
BAD cls=0202 a=1 runclass=5 cand=2,0,0,0,0,-1,0,0 lemmafail=- {"sets": [[0, 2, 3, 6], [1, 2, 5], [1, 4, 5, 6], [3, 4, 6]], "vals": [[3, 8, 2, 4], [3, 4, 2], [4, 8, 3, 2], [2, 4, 3]]}
BAD cls=0202 a=3 runclass=5 cand=0,2,2,2,2,-1,2,2 lemmafail=- {"sets": [[0, 2, 3, 6], [1, 2, 5], [1, 4, 5, 6], [3, 4, 6]], "vals": [[3, 8, 2, 4], [3, 4, 2], [4, 8, 3, 2], [2, 4, 3]]}
MISMATCH lemmam_x.c 0202 here 0101 {"sets": [[0, 2, 3, 6], [1, 2, 5], [1, 4, 5, 6], [3, 4, 6]], "vals": [[2, 8, 3, 4], [2, 4, 3], [2, 8, 5, 4], [3, 4, 2]]}
MISMATCH lemmam_x.c 0202 here 0101 {"sets": [[0, 2, 3, 6], [1, 2, 5], [1, 4, 5, 6], [3, 4, 6]], "vals": [[2, 8, 3, 4], [2, 4, 3], [2, 8, 4, 3], [3, 4, 2]]}
MISMATCH lemmam_x.c 0202 here 0101 {"sets": [[0, 2, 3, 6], [1, 2, 5], [1, 4, 5, 6], [3, 4, 6]], "vals": [[3, 8, 2, 4], [2, 4, 3], [2, 8, 5, 4], [3, 4, 2]]}
MISMATCH lemmam_x.c 0202 here 0101 {"sets": [[0, 2, 3, 6], [1, 2, 5], [1, 4, 5, 6], [3, 4, 6]], "vals": [[3, 8, 2, 4], [2, 4, 3], [2, 8, 4, 3], [3, 4, 2]]}
MISMATCH lemmam_x.c 0202 here 0101 {"sets": [[0, 2, 3, 6], [1, 2, 5], [1, 4, 5, 6], [3, 4, 6]], "vals": [[2, 8, 3, 4], [2, 4, 3], [3, 8, 4, 2], [3, 4, 2]]}
MISMATCH lemmam_x.c 0202 here 0101 {"sets": [[0, 2, 3, 6], [1, 2, 5], [1, 4, 5, 6], [3, 4, 6]], "vals": [[3, 8, 2, 4], [2, 4, 3], [3, 8, 4, 2], [3, 4, 2]]}
MISMATCH lemmam_x.c 0202 here 0101 {"sets": [[0, 2, 3, 6], [1, 2, 5], [1, 4, 5, 6], [3, 4, 6]], "vals": [[2, 8, 3, 4], [3, 4, 2], [5, 8, 2, 4], [3, 4, 2]]}
MISMATCH lemmam_x.c 0202 here 0101 {"sets": [[0, 2, 3, 6], [1, 2, 5], [1, 4, 5, 6], [3, 4, 6]], "vals": [[2, 8, 3, 4], [3, 4, 2], [4, 8, 2, 3], [3, 4, 2]]}
MISMATCH lemmam_x.c 0202 here 0101 {"sets": [[0, 2, 3, 6], [1, 2, 5], [1, 4, 5, 6], [3, 4, 6]], "vals": [[3, 8, 2, 4], [3, 4, 2], [5, 8, 2, 4], [3, 4, 2]]}
MISMATCH lemmam_x.c 0202 here 0101 {"sets": [[0, 2, 3, 6], [1, 2, 5], [1, 4, 5, 6], [3, 4, 6]], "vals": [[3, 8, 2, 4], [3, 4, 2], [4, 8, 2, 3], [3, 4, 2]]}
MISMATCH lemmam_x.c 0202 here 0101 {"sets": [[0, 2, 3, 6], [1, 2, 5], [1, 4, 5, 6], [3, 4, 6]], "vals": [[2, 8, 3, 4], [3, 4, 2], [4, 8, 3, 2], [3, 4, 2]]}
MISMATCH lemmam_x.c 0202 here 0101 {"sets": [[0, 2, 3, 6], [1, 2, 5], [1, 4, 5, 6], [3, 4, 6]], "vals": [[3, 8, 2, 4], [3, 4, 2], [4, 8, 3, 2], [3, 4, 2]]}
BAD cls=1020 a=2 runclass=4 cand=1,3,3,3,3,2,3,3 lemmafail=- {"sets": [[0, 2, 3], [1, 2, 5, 6], [1, 4, 5, 6], [3, 4, 6]], "vals": [[2, 4, 3], [2, 8, 3, 4], [2, 8, 4, 7], [3, 4, 2]]}
BAD cls=1020 a=2 runclass=4 cand=1,3,3,3,3,2,3,3 lemmafail=- {"sets": [[0, 2, 3], [1, 2, 5, 6], [1, 4, 5, 6], [3, 4, 6]], "vals": [[2, 4, 3], [2, 8, 3, 4], [3, 10, 4, 8], [3, 4, 2]]}
BAD cls=1020 a=2 runclass=4 cand=1,3,3,3,3,2,3,3 lemmafail=- {"sets": [[0, 2, 3], [1, 2, 5, 6], [1, 4, 5, 6], [3, 4, 6]], "vals": [[2, 4, 3], [2, 8, 3, 4], [3, 10, 6, 8], [3, 4, 2]]}
BAD cls=1020 a=2 runclass=4 cand=1,3,3,3,3,2,3,3 lemmafail=- {"sets": [[0, 2, 3], [1, 2, 5, 6], [1, 4, 5, 6], [3, 4, 6]], "vals": [[2, 4, 3], [2, 8, 3, 4], [3, 8, 4, 6], [3, 4, 2]]}
BAD cls=1020 a=2 runclass=4 cand=1,3,3,3,3,2,3,3 lemmafail=- {"sets": [[0, 2, 3], [1, 2, 5, 6], [1, 4, 5, 6], [3, 4, 6]], "vals": [[2, 4, 3], [3, 8, 2, 4], [2, 8, 4, 7], [3, 4, 2]]}
BAD cls=1020 a=2 runclass=4 cand=1,3,3,3,3,2,3,3 lemmafail=- {"sets": [[0, 2, 3], [1, 2, 5, 6], [1, 4, 5, 6], [3, 4, 6]], "vals": [[2, 4, 3], [3, 8, 2, 4], [3, 10, 4, 8], [3, 4, 2]]}
BAD cls=1020 a=2 runclass=4 cand=1,3,3,3,3,2,3,3 lemmafail=- {"sets": [[0, 2, 3], [1, 2, 5, 6], [1, 4, 5, 6], [3, 4, 6]], "vals": [[2, 4, 3], [3, 8, 2, 4], [3, 10, 6, 8], [3, 4, 2]]}
BAD cls=1020 a=2 runclass=4 cand=1,3,3,3,3,2,3,3 lemmafail=- {"sets": [[0, 2, 3], [1, 2, 5, 6], [1, 4, 5, 6], [3, 4, 6]], "vals": [[2, 4, 3], [3, 8, 2, 4], [3, 8, 4, 6], [3, 4, 2]]}
BAD cls=1020 a=2 runclass=4 cand=1,3,3,3,3,2,3,3 lemmafail=- {"sets": [[0, 2, 3], [1, 2, 5, 6], [1, 4, 5, 6], [3, 4, 6]], "vals": [[2, 4, 3], [2, 8, 3, 4], [4, 8, 2, 7], [3, 4, 2]]}
BAD cls=1020 a=2 runclass=4 cand=1,3,3,3,3,2,3,3 lemmafail=- {"sets": [[0, 2, 3], [1, 2, 5, 6], [1, 4, 5, 6], [3, 4, 6]], "vals": [[2, 4, 3], [2, 8, 3, 4], [4, 10, 3, 8], [3, 4, 2]]}
BAD cls=1020 a=2 runclass=4 cand=1,3,3,3,3,2,3,3 lemmafail=- {"sets": [[0, 2, 3], [1, 2, 5, 6], [1, 4, 5, 6], [3, 4, 6]], "vals": [[2, 4, 3], [2, 8, 3, 4], [6, 10, 3, 8], [3, 4, 2]]}
BAD cls=1020 a=2 runclass=4 cand=1,3,3,3,3,2,3,3 lemmafail=- {"sets": [[0, 2, 3], [1, 2, 5, 6], [1, 4, 5, 6], [3, 4, 6]], "vals": [[2, 4, 3], [2, 8, 3, 4], [4, 8, 3, 6], [3, 4, 2]]}
BAD cls=1020 a=2 runclass=4 cand=1,3,3,3,3,2,3,3 lemmafail=- {"sets": [[0, 2, 3], [1, 2, 5, 6], [1, 4, 5, 6], [3, 4, 6]], "vals": [[2, 4, 3], [3, 8, 2, 4], [4, 8, 2, 7], [3, 4, 2]]}
BAD cls=1020 a=2 runclass=4 cand=1,3,3,3,3,2,3,3 lemmafail=- {"sets": [[0, 2, 3], [1, 2, 5, 6], [1, 4, 5, 6], [3, 4, 6]], "vals": [[2, 4, 3], [3, 8, 2, 4], [4, 10, 3, 8], [3, 4, 2]]}
BAD cls=1020 a=2 runclass=4 cand=1,3,3,3,3,2,3,3 lemmafail=- {"sets": [[0, 2, 3], [1, 2, 5, 6], [1, 4, 5, 6], [3, 4, 6]], "vals": [[2, 4, 3], [3, 8, 2, 4], [6, 10, 3, 8], [3, 4, 2]]}
BAD cls=1020 a=2 runclass=4 cand=1,3,3,3,3,2,3,3 lemmafail=- {"sets": [[0, 2, 3], [1, 2, 5, 6], [1, 4, 5, 6], [3, 4, 6]], "vals": [[2, 4, 3], [3, 8, 2, 4], [4, 8, 3, 6], [3, 4, 2]]}
BAD cls=0022 a=2 runclass=5 cand=0,1,1,1,1,-1,1,1 lemmafail=- {"sets": [[0, 2, 3, 6], [1, 2, 5, 6], [1, 4, 6], [3, 4, 5]], "vals": [[2, 3, 8, 4], [8, 2, 4, 3], [4, 2, 3], [4, 2, 3]]}
BAD cls=0022 a=3 runclass=5 cand=1,0,0,0,0,-1,0,0 lemmafail=- {"sets": [[0, 2, 3, 6], [1, 2, 5, 6], [1, 4, 6], [3, 4, 5]], "vals": [[2, 3, 8, 4], [8, 2, 4, 3], [4, 2, 3], [4, 2, 3]]}
BAD cls=0022 a=2 runclass=5 cand=0,1,1,1,1,-1,1,1 lemmafail=- {"sets": [[0, 2, 3, 6], [1, 2, 5, 6], [1, 4, 6], [3, 4, 5]], "vals": [[2, 3, 8, 4], [8, 2, 5, 4], [4, 2, 3], [4, 2, 3]]}
BAD cls=0022 a=3 runclass=5 cand=1,0,0,0,0,-1,0,0 lemmafail=- {"sets": [[0, 2, 3, 6], [1, 2, 5, 6], [1, 4, 6], [3, 4, 5]], "vals": [[2, 3, 8, 4], [8, 2, 5, 4], [4, 2, 3], [4, 2, 3]]}
BAD cls=0022 a=2 runclass=5 cand=0,1,1,1,1,-1,1,1 lemmafail=- {"sets": [[0, 2, 3, 6], [1, 2, 5, 6], [1, 4, 6], [3, 4, 5]], "vals": [[3, 2, 8, 4], [8, 2, 4, 3], [4, 2, 3], [4, 2, 3]]}
BAD cls=0022 a=3 runclass=5 cand=1,0,0,0,0,-1,0,0 lemmafail=- {"sets": [[0, 2, 3, 6], [1, 2, 5, 6], [1, 4, 6], [3, 4, 5]], "vals": [[3, 2, 8, 4], [8, 2, 4, 3], [4, 2, 3], [4, 2, 3]]}
BAD cls=0022 a=2 runclass=5 cand=0,1,1,1,1,-1,1,1 lemmafail=- {"sets": [[0, 2, 3, 6], [1, 2, 5, 6], [1, 4, 6], [3, 4, 5]], "vals": [[3, 2, 8, 4], [8, 2, 5, 4], [4, 2, 3], [4, 2, 3]]}
BAD cls=0022 a=3 runclass=5 cand=1,0,0,0,0,-1,0,0 lemmafail=- {"sets": [[0, 2, 3, 6], [1, 2, 5, 6], [1, 4, 6], [3, 4, 5]], "vals": [[3, 2, 8, 4], [8, 2, 5, 4], [4, 2, 3], [4, 2, 3]]}
BAD cls=0022 a=2 runclass=5 cand=0,1,1,1,1,-1,1,1 lemmafail=- {"sets": [[0, 2, 3, 6], [1, 2, 5, 6], [1, 4, 6], [3, 4, 5]], "vals": [[2, 3, 8, 4], [8, 3, 4, 2], [4, 2, 3], [4, 2, 3]]}
BAD cls=0022 a=3 runclass=5 cand=1,0,0,0,0,-1,0,0 lemmafail=- {"sets": [[0, 2, 3, 6], [1, 2, 5, 6], [1, 4, 6], [3, 4, 5]], "vals": [[2, 3, 8, 4], [8, 3, 4, 2], [4, 2, 3], [4, 2, 3]]}
BAD cls=0022 a=2 runclass=5 cand=0,1,1,1,1,-1,1,1 lemmafail=- {"sets": [[0, 2, 3, 6], [1, 2, 5, 6], [1, 4, 6], [3, 4, 5]], "vals": [[3, 2, 8, 4], [8, 3, 4, 2], [4, 2, 3], [4, 2, 3]]}
BAD cls=0022 a=3 runclass=5 cand=1,0,0,0,0,-1,0,0 lemmafail=- {"sets": [[0, 2, 3, 6], [1, 2, 5, 6], [1, 4, 6], [3, 4, 5]], "vals": [[3, 2, 8, 4], [8, 3, 4, 2], [4, 2, 3], [4, 2, 3]]}
BAD cls=0201 a=1 runclass=4 cand=0,2,2,2,2,1,2,2 lemmafail=- {"sets": [[0, 2, 3, 6], [1, 2, 5, 6], [1, 4, 6], [3, 4, 5]], "vals": [[2, 3, 8, 4], [8, 2, 4, 7], [4, 3, 2], [4, 3, 2]]}
BAD cls=0201 a=1 runclass=4 cand=0,2,2,2,2,1,2,2 lemmafail=- {"sets": [[0, 2, 3, 6], [1, 2, 5, 6], [1, 4, 6], [3, 4, 5]], "vals": [[2, 3, 8, 4], [10, 3, 4, 8], [4, 3, 2], [4, 3, 2]]}
BAD cls=0201 a=1 runclass=4 cand=0,2,2,2,2,1,2,2 lemmafail=- {"sets": [[0, 2, 3, 6], [1, 2, 5, 6], [1, 4, 6], [3, 4, 5]], "vals": [[2, 3, 8, 4], [10, 3, 6, 8], [4, 3, 2], [4, 3, 2]]}
BAD cls=0201 a=1 runclass=4 cand=0,2,2,2,2,1,2,2 lemmafail=- {"sets": [[0, 2, 3, 6], [1, 2, 5, 6], [1, 4, 6], [3, 4, 5]], "vals": [[2, 3, 8, 4], [8, 3, 4, 6], [4, 3, 2], [4, 3, 2]]}
BAD cls=0201 a=1 runclass=4 cand=0,2,2,2,2,1,2,2 lemmafail=- {"sets": [[0, 2, 3, 6], [1, 2, 5, 6], [1, 4, 6], [3, 4, 5]], "vals": [[3, 2, 8, 4], [8, 2, 4, 7], [4, 3, 2], [4, 3, 2]]}
BAD cls=0201 a=1 runclass=4 cand=0,2,2,2,2,1,2,2 lemmafail=- {"sets": [[0, 2, 3, 6], [1, 2, 5, 6], [1, 4, 6], [3, 4, 5]], "vals": [[3, 2, 8, 4], [10, 3, 4, 8], [4, 3, 2], [4, 3, 2]]}
BAD cls=0201 a=1 runclass=4 cand=0,2,2,2,2,1,2,2 lemmafail=- {"sets": [[0, 2, 3, 6], [1, 2, 5, 6], [1, 4, 6], [3, 4, 5]], "vals": [[3, 2, 8, 4], [10, 3, 6, 8], [4, 3, 2], [4, 3, 2]]}
BAD cls=0201 a=1 runclass=4 cand=0,2,2,2,2,1,2,2 lemmafail=- {"sets": [[0, 2, 3, 6], [1, 2, 5, 6], [1, 4, 6], [3, 4, 5]], "vals": [[3, 2, 8, 4], [8, 3, 4, 6], [4, 3, 2], [4, 3, 2]]}
BAD cls=0201 a=1 runclass=4 cand=0,2,2,2,2,1,2,2 lemmafail=- {"sets": [[0, 2, 3, 6], [1, 2, 5, 6], [1, 4, 6], [3, 4, 5]], "vals": [[2, 3, 8, 4], [8, 4, 2, 7], [4, 3, 2], [4, 3, 2]]}
BAD cls=0201 a=1 runclass=4 cand=0,2,2,2,2,1,2,2 lemmafail=- {"sets": [[0, 2, 3, 6], [1, 2, 5, 6], [1, 4, 6], [3, 4, 5]], "vals": [[2, 3, 8, 4], [10, 4, 3, 8], [4, 3, 2], [4, 3, 2]]}
BAD cls=0201 a=1 runclass=4 cand=0,2,2,2,2,1,2,2 lemmafail=- {"sets": [[0, 2, 3, 6], [1, 2, 5, 6], [1, 4, 6], [3, 4, 5]], "vals": [[2, 3, 8, 4], [10, 6, 3, 8], [4, 3, 2], [4, 3, 2]]}
BAD cls=0201 a=1 runclass=4 cand=0,2,2,2,2,1,2,2 lemmafail=- {"sets": [[0, 2, 3, 6], [1, 2, 5, 6], [1, 4, 6], [3, 4, 5]], "vals": [[2, 3, 8, 4], [8, 4, 3, 6], [4, 3, 2], [4, 3, 2]]}
BAD cls=0201 a=1 runclass=4 cand=0,2,2,2,2,1,2,2 lemmafail=- {"sets": [[0, 2, 3, 6], [1, 2, 5, 6], [1, 4, 6], [3, 4, 5]], "vals": [[3, 2, 8, 4], [8, 4, 2, 7], [4, 3, 2], [4, 3, 2]]}
BAD cls=0201 a=1 runclass=4 cand=0,2,2,2,2,1,2,2 lemmafail=- {"sets": [[0, 2, 3, 6], [1, 2, 5, 6], [1, 4, 6], [3, 4, 5]], "vals": [[3, 2, 8, 4], [10, 4, 3, 8], [4, 3, 2], [4, 3, 2]]}
BAD cls=0201 a=1 runclass=4 cand=0,2,2,2,2,1,2,2 lemmafail=- {"sets": [[0, 2, 3, 6], [1, 2, 5, 6], [1, 4, 6], [3, 4, 5]], "vals": [[3, 2, 8, 4], [10, 6, 3, 8], [4, 3, 2], [4, 3, 2]]}
BAD cls=0201 a=1 runclass=4 cand=0,2,2,2,2,1,2,2 lemmafail=- {"sets": [[0, 2, 3, 6], [1, 2, 5, 6], [1, 4, 6], [3, 4, 5]], "vals": [[3, 2, 8, 4], [8, 4, 3, 6], [4, 3, 2], [4, 3, 2]]}
BAD cls=2020 a=0 runclass=5 cand=3,1,1,1,1,-1,1,1 lemmafail=- {"sets": [[0, 2, 3], [1, 2, 5, 6], [1, 4, 6], [3, 4, 5, 6]], "vals": [[2, 4, 3], [2, 8, 3, 4], [2, 4, 3], [4, 8, 2, 3]]}
BAD cls=2020 a=2 runclass=5 cand=1,3,3,3,3,-1,3,3 lemmafail=- {"sets": [[0, 2, 3], [1, 2, 5, 6], [1, 4, 6], [3, 4, 5, 6]], "vals": [[2, 4, 3], [2, 8, 3, 4], [2, 4, 3], [4, 8, 2, 3]]}
BAD cls=2020 a=0 runclass=5 cand=3,1,1,1,1,-1,1,1 lemmafail=- {"sets": [[0, 2, 3], [1, 2, 5, 6], [1, 4, 6], [3, 4, 5, 6]], "vals": [[2, 4, 3], [2, 8, 3, 4], [2, 4, 3], [5, 8, 2, 4]]}
BAD cls=2020 a=2 runclass=5 cand=1,3,3,3,3,-1,3,3 lemmafail=- {"sets": [[0, 2, 3], [1, 2, 5, 6], [1, 4, 6], [3, 4, 5, 6]], "vals": [[2, 4, 3], [2, 8, 3, 4], [2, 4, 3], [5, 8, 2, 4]]}
BAD cls=2020 a=0 runclass=5 cand=3,1,1,1,1,-1,1,1 lemmafail=- {"sets": [[0, 2, 3], [1, 2, 5, 6], [1, 4, 6], [3, 4, 5, 6]], "vals": [[2, 4, 3], [3, 8, 2, 4], [2, 4, 3], [4, 8, 2, 3]]}
BAD cls=2020 a=2 runclass=5 cand=1,3,3,3,3,-1,3,3 lemmafail=- {"sets": [[0, 2, 3], [1, 2, 5, 6], [1, 4, 6], [3, 4, 5, 6]], "vals": [[2, 4, 3], [3, 8, 2, 4], [2, 4, 3], [4, 8, 2, 3]]}
BAD cls=2020 a=0 runclass=5 cand=3,1,1,1,1,-1,1,1 lemmafail=- {"sets": [[0, 2, 3], [1, 2, 5, 6], [1, 4, 6], [3, 4, 5, 6]], "vals": [[2, 4, 3], [3, 8, 2, 4], [2, 4, 3], [5, 8, 2, 4]]}
BAD cls=2020 a=2 runclass=5 cand=1,3,3,3,3,-1,3,3 lemmafail=- {"sets": [[0, 2, 3], [1, 2, 5, 6], [1, 4, 6], [3, 4, 5, 6]], "vals": [[2, 4, 3], [3, 8, 2, 4], [2, 4, 3], [5, 8, 2, 4]]}
MISMATCH lemmam_x.c 2020 here 1010 {"sets": [[0, 2, 3], [1, 2, 5, 6], [1, 4, 6], [3, 4, 5, 6]], "vals": [[2, 4, 3], [2, 8, 3, 4], [3, 4, 2], [5, 8, 2, 4]]}
MISMATCH lemmam_x.c 2020 here 1010 {"sets": [[0, 2, 3], [1, 2, 5, 6], [1, 4, 6], [3, 4, 5, 6]], "vals": [[2, 4, 3], [2, 8, 3, 4], [3, 4, 2], [4, 8, 2, 3]]}
MISMATCH lemmam_x.c 2020 here 1010 {"sets": [[0, 2, 3], [1, 2, 5, 6], [1, 4, 6], [3, 4, 5, 6]], "vals": [[2, 4, 3], [3, 8, 2, 4], [3, 4, 2], [5, 8, 2, 4]]}
MISMATCH lemmam_x.c 2020 here 1010 {"sets": [[0, 2, 3], [1, 2, 5, 6], [1, 4, 6], [3, 4, 5, 6]], "vals": [[2, 4, 3], [3, 8, 2, 4], [3, 4, 2], [4, 8, 2, 3]]}
BAD cls=2020 a=0 runclass=5 cand=3,1,1,1,1,-1,1,1 lemmafail=- {"sets": [[0, 2, 3], [1, 2, 5, 6], [1, 4, 6], [3, 4, 5, 6]], "vals": [[2, 4, 3], [2, 8, 3, 4], [2, 4, 3], [4, 8, 3, 2]]}
BAD cls=2020 a=2 runclass=5 cand=1,3,3,3,3,-1,3,3 lemmafail=- {"sets": [[0, 2, 3], [1, 2, 5, 6], [1, 4, 6], [3, 4, 5, 6]], "vals": [[2, 4, 3], [2, 8, 3, 4], [2, 4, 3], [4, 8, 3, 2]]}
BAD cls=2020 a=0 runclass=5 cand=3,1,1,1,1,-1,1,1 lemmafail=- {"sets": [[0, 2, 3], [1, 2, 5, 6], [1, 4, 6], [3, 4, 5, 6]], "vals": [[2, 4, 3], [3, 8, 2, 4], [2, 4, 3], [4, 8, 3, 2]]}
BAD cls=2020 a=2 runclass=5 cand=1,3,3,3,3,-1,3,3 lemmafail=- {"sets": [[0, 2, 3], [1, 2, 5, 6], [1, 4, 6], [3, 4, 5, 6]], "vals": [[2, 4, 3], [3, 8, 2, 4], [2, 4, 3], [4, 8, 3, 2]]}
MISMATCH lemmam_x.c 2020 here 1010 {"sets": [[0, 2, 3], [1, 2, 5, 6], [1, 4, 6], [3, 4, 5, 6]], "vals": [[2, 4, 3], [2, 8, 3, 4], [3, 4, 2], [4, 8, 3, 2]]}
MISMATCH lemmam_x.c 2020 here 1010 {"sets": [[0, 2, 3], [1, 2, 5, 6], [1, 4, 6], [3, 4, 5, 6]], "vals": [[2, 4, 3], [3, 8, 2, 4], [3, 4, 2], [4, 8, 3, 2]]}
BAD cls=2020 a=0 runclass=5 cand=1,3,3,3,3,-1,3,3 lemmafail=- {"sets": [[0, 2, 3], [1, 2, 5, 6], [1, 4, 6], [3, 4, 5, 6]], "vals": [[2, 3, 4], [8, 4, 2, 3], [4, 2, 3], [8, 2, 3, 4]]}
BAD cls=2020 a=2 runclass=5 cand=3,1,1,1,1,-1,1,1 lemmafail=- {"sets": [[0, 2, 3], [1, 2, 5, 6], [1, 4, 6], [3, 4, 5, 6]], "vals": [[2, 3, 4], [8, 4, 2, 3], [4, 2, 3], [8, 2, 3, 4]]}
BAD cls=2020 a=0 runclass=5 cand=1,3,3,3,3,-1,3,3 lemmafail=- {"sets": [[0, 2, 3], [1, 2, 5, 6], [1, 4, 6], [3, 4, 5, 6]], "vals": [[2, 3, 4], [8, 5, 2, 4], [4, 2, 3], [8, 2, 3, 4]]}
BAD cls=2020 a=2 runclass=5 cand=3,1,1,1,1,-1,1,1 lemmafail=- {"sets": [[0, 2, 3], [1, 2, 5, 6], [1, 4, 6], [3, 4, 5, 6]], "vals": [[2, 3, 4], [8, 5, 2, 4], [4, 2, 3], [8, 2, 3, 4]]}
BAD cls=2020 a=0 runclass=5 cand=1,3,3,3,3,-1,3,3 lemmafail=- {"sets": [[0, 2, 3], [1, 2, 5, 6], [1, 4, 6], [3, 4, 5, 6]], "vals": [[2, 3, 4], [8, 4, 3, 2], [4, 2, 3], [8, 2, 3, 4]]}
BAD cls=2020 a=2 runclass=5 cand=3,1,1,1,1,-1,1,1 lemmafail=- {"sets": [[0, 2, 3], [1, 2, 5, 6], [1, 4, 6], [3, 4, 5, 6]], "vals": [[2, 3, 4], [8, 4, 3, 2], [4, 2, 3], [8, 2, 3, 4]]}
MISMATCH lemmam_x.c 2020 here 1010 {"sets": [[0, 2, 3], [1, 2, 5, 6], [1, 4, 6], [3, 4, 5, 6]], "vals": [[2, 3, 4], [8, 5, 2, 4], [4, 3, 2], [8, 2, 3, 4]]}
MISMATCH lemmam_x.c 2020 here 1010 {"sets": [[0, 2, 3], [1, 2, 5, 6], [1, 4, 6], [3, 4, 5, 6]], "vals": [[2, 3, 4], [8, 4, 2, 3], [4, 3, 2], [8, 2, 3, 4]]}
MISMATCH lemmam_x.c 2020 here 1010 {"sets": [[0, 2, 3], [1, 2, 5, 6], [1, 4, 6], [3, 4, 5, 6]], "vals": [[2, 3, 4], [8, 4, 3, 2], [4, 3, 2], [8, 2, 3, 4]]}
BAD cls=2020 a=0 runclass=5 cand=1,3,3,3,3,-1,3,3 lemmafail=- {"sets": [[0, 2, 3], [1, 2, 5, 6], [1, 4, 6], [3, 4, 5, 6]], "vals": [[2, 3, 4], [8, 4, 2, 3], [4, 2, 3], [8, 3, 2, 4]]}
BAD cls=2020 a=2 runclass=5 cand=3,1,1,1,1,-1,1,1 lemmafail=- {"sets": [[0, 2, 3], [1, 2, 5, 6], [1, 4, 6], [3, 4, 5, 6]], "vals": [[2, 3, 4], [8, 4, 2, 3], [4, 2, 3], [8, 3, 2, 4]]}
BAD cls=2020 a=0 runclass=5 cand=1,3,3,3,3,-1,3,3 lemmafail=- {"sets": [[0, 2, 3], [1, 2, 5, 6], [1, 4, 6], [3, 4, 5, 6]], "vals": [[2, 3, 4], [8, 5, 2, 4], [4, 2, 3], [8, 3, 2, 4]]}
BAD cls=2020 a=2 runclass=5 cand=3,1,1,1,1,-1,1,1 lemmafail=- {"sets": [[0, 2, 3], [1, 2, 5, 6], [1, 4, 6], [3, 4, 5, 6]], "vals": [[2, 3, 4], [8, 5, 2, 4], [4, 2, 3], [8, 3, 2, 4]]}
BAD cls=2020 a=0 runclass=5 cand=1,3,3,3,3,-1,3,3 lemmafail=- {"sets": [[0, 2, 3], [1, 2, 5, 6], [1, 4, 6], [3, 4, 5, 6]], "vals": [[2, 3, 4], [8, 4, 3, 2], [4, 2, 3], [8, 3, 2, 4]]}
BAD cls=2020 a=2 runclass=5 cand=3,1,1,1,1,-1,1,1 lemmafail=- {"sets": [[0, 2, 3], [1, 2, 5, 6], [1, 4, 6], [3, 4, 5, 6]], "vals": [[2, 3, 4], [8, 4, 3, 2], [4, 2, 3], [8, 3, 2, 4]]}
MISMATCH lemmam_x.c 2020 here 1010 {"sets": [[0, 2, 3], [1, 2, 5, 6], [1, 4, 6], [3, 4, 5, 6]], "vals": [[2, 3, 4], [8, 5, 2, 4], [4, 3, 2], [8, 3, 2, 4]]}
MISMATCH lemmam_x.c 2020 here 1010 {"sets": [[0, 2, 3], [1, 2, 5, 6], [1, 4, 6], [3, 4, 5, 6]], "vals": [[2, 3, 4], [8, 4, 2, 3], [4, 3, 2], [8, 3, 2, 4]]}
MISMATCH lemmam_x.c 2020 here 1010 {"sets": [[0, 2, 3], [1, 2, 5, 6], [1, 4, 6], [3, 4, 5, 6]], "vals": [[2, 3, 4], [8, 4, 3, 2], [4, 3, 2], [8, 3, 2, 4]]}
BAD cls=1200 a=1 runclass=4 cand=2,3,3,3,3,1,3,3 lemmafail=- {"sets": [[0, 4, 6], [1, 2, 3, 5], [1, 3, 5, 6], [2, 4, 6]], "vals": [[2, 3, 4], [3, 10, 6, 8], [2, 3, 4, 8], [4, 3, 2]]}
BAD cls=1200 a=1 runclass=4 cand=2,3,3,3,3,1,3,3 lemmafail=- {"sets": [[0, 4, 6], [1, 2, 3, 5], [1, 3, 5, 6], [2, 4, 6]], "vals": [[2, 3, 4], [3, 8, 4, 6], [2, 3, 4, 8], [4, 3, 2]]}
BAD cls=0200 a=1 runclass=4 cand=2,3,3,3,3,1,3,3 lemmafail=- {"sets": [[0, 4, 6], [1, 2, 3, 5], [1, 3, 5, 6], [2, 4, 6]], "vals": [[2, 3, 4], [2, 8, 4, 7], [2, 3, 4, 8], [4, 3, 2]]}
BAD cls=0200 a=1 runclass=4 cand=2,3,3,3,3,1,3,3 lemmafail=- {"sets": [[0, 4, 6], [1, 2, 3, 5], [1, 3, 5, 6], [2, 4, 6]], "vals": [[2, 3, 4], [3, 10, 4, 8], [2, 3, 4, 8], [4, 3, 2]]}
BAD cls=1200 a=1 runclass=4 cand=2,3,3,3,3,1,3,3 lemmafail=- {"sets": [[0, 4, 6], [1, 2, 3, 5], [1, 3, 5, 6], [2, 4, 6]], "vals": [[2, 3, 4], [6, 10, 3, 8], [2, 3, 4, 8], [4, 3, 2]]}
BAD cls=1200 a=1 runclass=4 cand=2,3,3,3,3,1,3,3 lemmafail=- {"sets": [[0, 4, 6], [1, 2, 3, 5], [1, 3, 5, 6], [2, 4, 6]], "vals": [[2, 3, 4], [4, 8, 3, 6], [2, 3, 4, 8], [4, 3, 2]]}
BAD cls=0200 a=1 runclass=4 cand=2,3,3,3,3,1,3,3 lemmafail=- {"sets": [[0, 4, 6], [1, 2, 3, 5], [1, 3, 5, 6], [2, 4, 6]], "vals": [[2, 3, 4], [4, 8, 2, 7], [2, 3, 4, 8], [4, 3, 2]]}
BAD cls=0200 a=1 runclass=4 cand=2,3,3,3,3,1,3,3 lemmafail=- {"sets": [[0, 4, 6], [1, 2, 3, 5], [1, 3, 5, 6], [2, 4, 6]], "vals": [[2, 3, 4], [4, 10, 3, 8], [2, 3, 4, 8], [4, 3, 2]]}
BAD cls=1200 a=1 runclass=4 cand=2,3,3,3,3,1,3,3 lemmafail=- {"sets": [[0, 4, 6], [1, 2, 3, 5], [1, 3, 5, 6], [2, 4, 6]], "vals": [[2, 3, 4], [3, 10, 8, 6], [2, 4, 3, 8], [4, 3, 2]]}
BAD cls=1200 a=1 runclass=4 cand=2,3,3,3,3,1,3,3 lemmafail=- {"sets": [[0, 4, 6], [1, 2, 3, 5], [1, 3, 5, 6], [2, 4, 6]], "vals": [[2, 3, 4], [3, 8, 6, 4], [2, 4, 3, 8], [4, 3, 2]]}
BAD cls=0200 a=1 runclass=4 cand=2,3,3,3,3,1,3,3 lemmafail=- {"sets": [[0, 4, 6], [1, 2, 3, 5], [1, 3, 5, 6], [2, 4, 6]], "vals": [[2, 3, 4], [2, 8, 7, 4], [2, 4, 3, 8], [4, 3, 2]]}
BAD cls=0200 a=1 runclass=4 cand=2,3,3,3,3,1,3,3 lemmafail=- {"sets": [[0, 4, 6], [1, 2, 3, 5], [1, 3, 5, 6], [2, 4, 6]], "vals": [[2, 3, 4], [3, 10, 8, 4], [2, 4, 3, 8], [4, 3, 2]]}
BAD cls=1200 a=1 runclass=4 cand=2,3,3,3,3,1,3,3 lemmafail=- {"sets": [[0, 4, 6], [1, 2, 3, 5], [1, 3, 5, 6], [2, 4, 6]], "vals": [[2, 3, 4], [6, 10, 8, 3], [2, 4, 3, 8], [4, 3, 2]]}
BAD cls=1200 a=1 runclass=4 cand=2,3,3,3,3,1,3,3 lemmafail=- {"sets": [[0, 4, 6], [1, 2, 3, 5], [1, 3, 5, 6], [2, 4, 6]], "vals": [[2, 3, 4], [4, 8, 6, 3], [2, 4, 3, 8], [4, 3, 2]]}
BAD cls=0200 a=1 runclass=4 cand=2,3,3,3,3,1,3,3 lemmafail=- {"sets": [[0, 4, 6], [1, 2, 3, 5], [1, 3, 5, 6], [2, 4, 6]], "vals": [[2, 3, 4], [4, 8, 7, 2], [2, 4, 3, 8], [4, 3, 2]]}
BAD cls=0200 a=1 runclass=4 cand=2,3,3,3,3,1,3,3 lemmafail=- {"sets": [[0, 4, 6], [1, 2, 3, 5], [1, 3, 5, 6], [2, 4, 6]], "vals": [[2, 3, 4], [4, 10, 8, 3], [2, 4, 3, 8], [4, 3, 2]]}
BAD cls=1200 a=1 runclass=4 cand=2,3,3,3,3,1,3,3 lemmafail=- {"sets": [[0, 4, 6], [1, 2, 3, 5], [1, 3, 5, 6], [2, 4, 6]], "vals": [[2, 3, 4], [3, 10, 6, 8], [3, 2, 4, 8], [4, 3, 2]]}
BAD cls=1200 a=1 runclass=4 cand=2,3,3,3,3,1,3,3 lemmafail=- {"sets": [[0, 4, 6], [1, 2, 3, 5], [1, 3, 5, 6], [2, 4, 6]], "vals": [[2, 3, 4], [3, 8, 4, 6], [3, 2, 4, 8], [4, 3, 2]]}
BAD cls=0200 a=1 runclass=4 cand=2,3,3,3,3,1,3,3 lemmafail=- {"sets": [[0, 4, 6], [1, 2, 3, 5], [1, 3, 5, 6], [2, 4, 6]], "vals": [[2, 3, 4], [2, 8, 4, 7], [3, 2, 4, 8], [4, 3, 2]]}
BAD cls=0200 a=1 runclass=4 cand=2,3,3,3,3,1,3,3 lemmafail=- {"sets": [[0, 4, 6], [1, 2, 3, 5], [1, 3, 5, 6], [2, 4, 6]], "vals": [[2, 3, 4], [3, 10, 4, 8], [3, 2, 4, 8], [4, 3, 2]]}
BAD cls=1200 a=1 runclass=4 cand=2,3,3,3,3,1,3,3 lemmafail=- {"sets": [[0, 4, 6], [1, 2, 3, 5], [1, 3, 5, 6], [2, 4, 6]], "vals": [[2, 3, 4], [6, 10, 3, 8], [3, 2, 4, 8], [4, 3, 2]]}
BAD cls=1200 a=1 runclass=4 cand=2,3,3,3,3,1,3,3 lemmafail=- {"sets": [[0, 4, 6], [1, 2, 3, 5], [1, 3, 5, 6], [2, 4, 6]], "vals": [[2, 3, 4], [4, 8, 3, 6], [3, 2, 4, 8], [4, 3, 2]]}
BAD cls=0200 a=1 runclass=4 cand=2,3,3,3,3,1,3,3 lemmafail=- {"sets": [[0, 4, 6], [1, 2, 3, 5], [1, 3, 5, 6], [2, 4, 6]], "vals": [[2, 3, 4], [4, 8, 2, 7], [3, 2, 4, 8], [4, 3, 2]]}
BAD cls=0200 a=1 runclass=4 cand=2,3,3,3,3,1,3,3 lemmafail=- {"sets": [[0, 4, 6], [1, 2, 3, 5], [1, 3, 5, 6], [2, 4, 6]], "vals": [[2, 3, 4], [4, 10, 3, 8], [3, 2, 4, 8], [4, 3, 2]]}
BAD cls=1200 a=1 runclass=4 cand=2,3,3,3,3,1,3,3 lemmafail=- {"sets": [[0, 4, 6], [1, 2, 3, 5], [1, 3, 5, 6], [2, 4, 6]], "vals": [[2, 3, 4], [3, 10, 8, 6], [3, 4, 2, 8], [4, 3, 2]]}
BAD cls=1200 a=1 runclass=4 cand=2,3,3,3,3,1,3,3 lemmafail=- {"sets": [[0, 4, 6], [1, 2, 3, 5], [1, 3, 5, 6], [2, 4, 6]], "vals": [[2, 3, 4], [3, 8, 6, 4], [3, 4, 2, 8], [4, 3, 2]]}
BAD cls=0200 a=1 runclass=4 cand=2,3,3,3,3,1,3,3 lemmafail=- {"sets": [[0, 4, 6], [1, 2, 3, 5], [1, 3, 5, 6], [2, 4, 6]], "vals": [[2, 3, 4], [2, 8, 7, 4], [3, 4, 2, 8], [4, 3, 2]]}
BAD cls=0200 a=1 runclass=4 cand=2,3,3,3,3,1,3,3 lemmafail=- {"sets": [[0, 4, 6], [1, 2, 3, 5], [1, 3, 5, 6], [2, 4, 6]], "vals": [[2, 3, 4], [3, 10, 8, 4], [3, 4, 2, 8], [4, 3, 2]]}
BAD cls=1200 a=1 runclass=4 cand=2,3,3,3,3,1,3,3 lemmafail=- {"sets": [[0, 4, 6], [1, 2, 3, 5], [1, 3, 5, 6], [2, 4, 6]], "vals": [[2, 3, 4], [6, 10, 8, 3], [3, 4, 2, 8], [4, 3, 2]]}
BAD cls=1200 a=1 runclass=4 cand=2,3,3,3,3,1,3,3 lemmafail=- {"sets": [[0, 4, 6], [1, 2, 3, 5], [1, 3, 5, 6], [2, 4, 6]], "vals": [[2, 3, 4], [4, 8, 6, 3], [3, 4, 2, 8], [4, 3, 2]]}
BAD cls=0200 a=1 runclass=4 cand=2,3,3,3,3,1,3,3 lemmafail=- {"sets": [[0, 4, 6], [1, 2, 3, 5], [1, 3, 5, 6], [2, 4, 6]], "vals": [[2, 3, 4], [4, 8, 7, 2], [3, 4, 2, 8], [4, 3, 2]]}
BAD cls=0200 a=1 runclass=4 cand=2,3,3,3,3,1,3,3 lemmafail=- {"sets": [[0, 4, 6], [1, 2, 3, 5], [1, 3, 5, 6], [2, 4, 6]], "vals": [[2, 3, 4], [4, 10, 8, 3], [3, 4, 2, 8], [4, 3, 2]]}
BAD cls=1200 a=1 runclass=4 cand=2,3,3,3,3,1,3,3 lemmafail=- {"sets": [[0, 4, 6], [1, 2, 3, 5], [1, 3, 5, 6], [2, 4, 6]], "vals": [[2, 3, 4], [8, 10, 3, 6], [4, 2, 3, 8], [4, 3, 2]]}
BAD cls=1200 a=1 runclass=4 cand=2,3,3,3,3,1,3,3 lemmafail=- {"sets": [[0, 4, 6], [1, 2, 3, 5], [1, 3, 5, 6], [2, 4, 6]], "vals": [[2, 3, 4], [6, 8, 3, 4], [4, 2, 3, 8], [4, 3, 2]]}
BAD cls=0200 a=1 runclass=4 cand=2,3,3,3,3,1,3,3 lemmafail=- {"sets": [[0, 4, 6], [1, 2, 3, 5], [1, 3, 5, 6], [2, 4, 6]], "vals": [[2, 3, 4], [7, 8, 2, 4], [4, 2, 3, 8], [4, 3, 2]]}
BAD cls=0200 a=1 runclass=4 cand=2,3,3,3,3,1,3,3 lemmafail=- {"sets": [[0, 4, 6], [1, 2, 3, 5], [1, 3, 5, 6], [2, 4, 6]], "vals": [[2, 3, 4], [8, 10, 3, 4], [4, 2, 3, 8], [4, 3, 2]]}
BAD cls=1200 a=1 runclass=4 cand=2,3,3,3,3,1,3,3 lemmafail=- {"sets": [[0, 4, 6], [1, 2, 3, 5], [1, 3, 5, 6], [2, 4, 6]], "vals": [[2, 3, 4], [8, 10, 6, 3], [4, 2, 3, 8], [4, 3, 2]]}
BAD cls=1200 a=1 runclass=4 cand=2,3,3,3,3,1,3,3 lemmafail=- {"sets": [[0, 4, 6], [1, 2, 3, 5], [1, 3, 5, 6], [2, 4, 6]], "vals": [[2, 3, 4], [6, 8, 4, 3], [4, 2, 3, 8], [4, 3, 2]]}
BAD cls=0200 a=1 runclass=4 cand=2,3,3,3,3,1,3,3 lemmafail=- {"sets": [[0, 4, 6], [1, 2, 3, 5], [1, 3, 5, 6], [2, 4, 6]], "vals": [[2, 3, 4], [7, 8, 4, 2], [4, 2, 3, 8], [4, 3, 2]]}
BAD cls=0200 a=1 runclass=4 cand=2,3,3,3,3,1,3,3 lemmafail=- {"sets": [[0, 4, 6], [1, 2, 3, 5], [1, 3, 5, 6], [2, 4, 6]], "vals": [[2, 3, 4], [8, 10, 4, 3], [4, 2, 3, 8], [4, 3, 2]]}
BAD cls=1200 a=1 runclass=4 cand=2,3,3,3,3,1,3,3 lemmafail=- {"sets": [[0, 4, 6], [1, 2, 3, 5], [1, 3, 5, 6], [2, 4, 6]], "vals": [[2, 3, 4], [8, 10, 3, 6], [4, 3, 2, 8], [4, 3, 2]]}
BAD cls=1200 a=1 runclass=4 cand=2,3,3,3,3,1,3,3 lemmafail=- {"sets": [[0, 4, 6], [1, 2, 3, 5], [1, 3, 5, 6], [2, 4, 6]], "vals": [[2, 3, 4], [6, 8, 3, 4], [4, 3, 2, 8], [4, 3, 2]]}
BAD cls=0200 a=1 runclass=4 cand=2,3,3,3,3,1,3,3 lemmafail=- {"sets": [[0, 4, 6], [1, 2, 3, 5], [1, 3, 5, 6], [2, 4, 6]], "vals": [[2, 3, 4], [7, 8, 2, 4], [4, 3, 2, 8], [4, 3, 2]]}
BAD cls=0200 a=1 runclass=4 cand=2,3,3,3,3,1,3,3 lemmafail=- {"sets": [[0, 4, 6], [1, 2, 3, 5], [1, 3, 5, 6], [2, 4, 6]], "vals": [[2, 3, 4], [8, 10, 3, 4], [4, 3, 2, 8], [4, 3, 2]]}
BAD cls=1200 a=1 runclass=4 cand=2,3,3,3,3,1,3,3 lemmafail=- {"sets": [[0, 4, 6], [1, 2, 3, 5], [1, 3, 5, 6], [2, 4, 6]], "vals": [[2, 3, 4], [8, 10, 6, 3], [4, 3, 2, 8], [4, 3, 2]]}
BAD cls=1200 a=1 runclass=4 cand=2,3,3,3,3,1,3,3 lemmafail=- {"sets": [[0, 4, 6], [1, 2, 3, 5], [1, 3, 5, 6], [2, 4, 6]], "vals": [[2, 3, 4], [6, 8, 4, 3], [4, 3, 2, 8], [4, 3, 2]]}
BAD cls=0200 a=1 runclass=4 cand=2,3,3,3,3,1,3,3 lemmafail=- {"sets": [[0, 4, 6], [1, 2, 3, 5], [1, 3, 5, 6], [2, 4, 6]], "vals": [[2, 3, 4], [7, 8, 4, 2], [4, 3, 2, 8], [4, 3, 2]]}
BAD cls=0200 a=1 runclass=4 cand=2,3,3,3,3,1,3,3 lemmafail=- {"sets": [[0, 4, 6], [1, 2, 3, 5], [1, 3, 5, 6], [2, 4, 6]], "vals": [[2, 3, 4], [8, 10, 4, 3], [4, 3, 2, 8], [4, 3, 2]]}
BAD cls=0202 a=1 runclass=5 cand=0,2,2,2,2,-1,2,2 lemmafail=- {"sets": [[0, 1, 2, 3], [0, 2, 5], [1, 4, 5, 6], [3, 4, 6]], "vals": [[2, 3, 4, 8], [2, 3, 4], [2, 3, 8, 4], [4, 2, 3]]}
BAD cls=0202 a=3 runclass=5 cand=2,0,0,0,0,-1,0,0 lemmafail=- {"sets": [[0, 1, 2, 3], [0, 2, 5], [1, 4, 5, 6], [3, 4, 6]], "vals": [[2, 3, 4, 8], [2, 3, 4], [2, 3, 8, 4], [4, 2, 3]]}
BAD cls=0202 a=1 runclass=5 cand=0,2,2,2,2,-1,2,2 lemmafail=- {"sets": [[0, 1, 2, 3], [0, 2, 5], [1, 4, 5, 6], [3, 4, 6]], "vals": [[3, 2, 4, 8], [2, 3, 4], [2, 3, 8, 4], [4, 2, 3]]}
BAD cls=0202 a=3 runclass=5 cand=2,0,0,0,0,-1,0,0 lemmafail=- {"sets": [[0, 1, 2, 3], [0, 2, 5], [1, 4, 5, 6], [3, 4, 6]], "vals": [[3, 2, 4, 8], [2, 3, 4], [2, 3, 8, 4], [4, 2, 3]]}
MISMATCH lemmam_x.c 0202 here 0101 {"sets": [[0, 1, 2, 3], [0, 2, 5], [1, 4, 5, 6], [3, 4, 6]], "vals": [[4, 2, 3, 8], [2, 3, 4], [2, 3, 8, 4], [4, 2, 3]]}
MISMATCH lemmam_x.c 0202 here 0101 {"sets": [[0, 1, 2, 3], [0, 2, 5], [1, 4, 5, 6], [3, 4, 6]], "vals": [[4, 3, 2, 8], [2, 3, 4], [2, 3, 8, 4], [4, 2, 3]]}
MISMATCH lemmam_x.c 0202 here 0101 {"sets": [[0, 1, 2, 3], [0, 2, 5], [1, 4, 5, 6], [3, 4, 6]], "vals": [[2, 3, 4, 8], [3, 2, 4], [2, 3, 8, 4], [4, 2, 3]]}
MISMATCH lemmam_x.c 0202 here 0101 {"sets": [[0, 1, 2, 3], [0, 2, 5], [1, 4, 5, 6], [3, 4, 6]], "vals": [[3, 2, 4, 8], [3, 2, 4], [2, 3, 8, 4], [4, 2, 3]]}
BAD cls=0202 a=1 runclass=5 cand=0,2,2,2,2,-1,2,2 lemmafail=- {"sets": [[0, 1, 2, 3], [0, 2, 5], [1, 4, 5, 6], [3, 4, 6]], "vals": [[4, 2, 3, 8], [3, 2, 4], [2, 3, 8, 4], [4, 2, 3]]}
BAD cls=0202 a=3 runclass=5 cand=2,0,0,0,0,-1,0,0 lemmafail=- {"sets": [[0, 1, 2, 3], [0, 2, 5], [1, 4, 5, 6], [3, 4, 6]], "vals": [[4, 2, 3, 8], [3, 2, 4], [2, 3, 8, 4], [4, 2, 3]]}
BAD cls=0202 a=1 runclass=5 cand=0,2,2,2,2,-1,2,2 lemmafail=- {"sets": [[0, 1, 2, 3], [0, 2, 5], [1, 4, 5, 6], [3, 4, 6]], "vals": [[4, 3, 2, 8], [3, 2, 4], [2, 3, 8, 4], [4, 2, 3]]}
BAD cls=0202 a=3 runclass=5 cand=2,0,0,0,0,-1,0,0 lemmafail=- {"sets": [[0, 1, 2, 3], [0, 2, 5], [1, 4, 5, 6], [3, 4, 6]], "vals": [[4, 3, 2, 8], [3, 2, 4], [2, 3, 8, 4], [4, 2, 3]]}
MISMATCH lemmam_x.c 0202 here 0101 {"sets": [[0, 1, 2, 3], [0, 2, 5], [1, 4, 5, 6], [3, 4, 6]], "vals": [[2, 3, 4, 8], [2, 3, 4], [2, 4, 8, 3], [4, 2, 3]]}
MISMATCH lemmam_x.c 0202 here 0101 {"sets": [[0, 1, 2, 3], [0, 2, 5], [1, 4, 5, 6], [3, 4, 6]], "vals": [[3, 2, 4, 8], [2, 3, 4], [2, 4, 8, 3], [4, 2, 3]]}
MISMATCH lemmam_x.c 0202 here 0101 {"sets": [[0, 1, 2, 3], [0, 2, 5], [1, 4, 5, 6], [3, 4, 6]], "vals": [[4, 2, 3, 8], [2, 3, 4], [2, 4, 8, 3], [4, 2, 3]]}
MISMATCH lemmam_x.c 0202 here 0101 {"sets": [[0, 1, 2, 3], [0, 2, 5], [1, 4, 5, 6], [3, 4, 6]], "vals": [[4, 3, 2, 8], [2, 3, 4], [2, 4, 8, 3], [4, 2, 3]]}
MISMATCH lemmam_x.c 0202 here 0101 {"sets": [[0, 1, 2, 3], [0, 2, 5], [1, 4, 5, 6], [3, 4, 6]], "vals": [[2, 3, 4, 8], [3, 2, 4], [2, 4, 8, 3], [4, 2, 3]]}
MISMATCH lemmam_x.c 0202 here 0101 {"sets": [[0, 1, 2, 3], [0, 2, 5], [1, 4, 5, 6], [3, 4, 6]], "vals": [[3, 2, 4, 8], [3, 2, 4], [2, 4, 8, 3], [4, 2, 3]]}
MISMATCH lemmam_x.c 0202 here 0101 {"sets": [[0, 1, 2, 3], [0, 2, 5], [1, 4, 5, 6], [3, 4, 6]], "vals": [[4, 2, 3, 8], [3, 2, 4], [2, 4, 8, 3], [4, 2, 3]]}
MISMATCH lemmam_x.c 0202 here 0101 {"sets": [[0, 1, 2, 3], [0, 2, 5], [1, 4, 5, 6], [3, 4, 6]], "vals": [[4, 3, 2, 8], [3, 2, 4], [2, 4, 8, 3], [4, 2, 3]]}
BAD cls=0202 a=1 runclass=5 cand=0,2,2,2,2,-1,2,2 lemmafail=- {"sets": [[0, 1, 2, 3], [0, 2, 5], [1, 4, 5, 6], [3, 4, 6]], "vals": [[2, 3, 4, 8], [2, 3, 4], [3, 2, 8, 4], [4, 2, 3]]}
BAD cls=0202 a=3 runclass=5 cand=2,0,0,0,0,-1,0,0 lemmafail=- {"sets": [[0, 1, 2, 3], [0, 2, 5], [1, 4, 5, 6], [3, 4, 6]], "vals": [[2, 3, 4, 8], [2, 3, 4], [3, 2, 8, 4], [4, 2, 3]]}
BAD cls=0202 a=1 runclass=5 cand=0,2,2,2,2,-1,2,2 lemmafail=- {"sets": [[0, 1, 2, 3], [0, 2, 5], [1, 4, 5, 6], [3, 4, 6]], "vals": [[3, 2, 4, 8], [2, 3, 4], [3, 2, 8, 4], [4, 2, 3]]}
BAD cls=0202 a=3 runclass=5 cand=2,0,0,0,0,-1,0,0 lemmafail=- {"sets": [[0, 1, 2, 3], [0, 2, 5], [1, 4, 5, 6], [3, 4, 6]], "vals": [[3, 2, 4, 8], [2, 3, 4], [3, 2, 8, 4], [4, 2, 3]]}
MISMATCH lemmam_x.c 0202 here 0101 {"sets": [[0, 1, 2, 3], [0, 2, 5], [1, 4, 5, 6], [3, 4, 6]], "vals": [[4, 2, 3, 8], [2, 3, 4], [3, 2, 8, 4], [4, 2, 3]]}
MISMATCH lemmam_x.c 0202 here 0101 {"sets": [[0, 1, 2, 3], [0, 2, 5], [1, 4, 5, 6], [3, 4, 6]], "vals": [[4, 3, 2, 8], [2, 3, 4], [3, 2, 8, 4], [4, 2, 3]]}
MISMATCH lemmam_x.c 0202 here 0101 {"sets": [[0, 1, 2, 3], [0, 2, 5], [1, 4, 5, 6], [3, 4, 6]], "vals": [[2, 3, 4, 8], [3, 2, 4], [3, 2, 8, 4], [4, 2, 3]]}
MISMATCH lemmam_x.c 0202 here 0101 {"sets": [[0, 1, 2, 3], [0, 2, 5], [1, 4, 5, 6], [3, 4, 6]], "vals": [[3, 2, 4, 8], [3, 2, 4], [3, 2, 8, 4], [4, 2, 3]]}
BAD cls=0202 a=1 runclass=5 cand=0,2,2,2,2,-1,2,2 lemmafail=- {"sets": [[0, 1, 2, 3], [0, 2, 5], [1, 4, 5, 6], [3, 4, 6]], "vals": [[4, 2, 3, 8], [3, 2, 4], [3, 2, 8, 4], [4, 2, 3]]}
BAD cls=0202 a=3 runclass=5 cand=2,0,0,0,0,-1,0,0 lemmafail=- {"sets": [[0, 1, 2, 3], [0, 2, 5], [1, 4, 5, 6], [3, 4, 6]], "vals": [[4, 2, 3, 8], [3, 2, 4], [3, 2, 8, 4], [4, 2, 3]]}
BAD cls=0202 a=1 runclass=5 cand=0,2,2,2,2,-1,2,2 lemmafail=- {"sets": [[0, 1, 2, 3], [0, 2, 5], [1, 4, 5, 6], [3, 4, 6]], "vals": [[4, 3, 2, 8], [3, 2, 4], [3, 2, 8, 4], [4, 2, 3]]}
BAD cls=0202 a=3 runclass=5 cand=2,0,0,0,0,-1,0,0 lemmafail=- {"sets": [[0, 1, 2, 3], [0, 2, 5], [1, 4, 5, 6], [3, 4, 6]], "vals": [[4, 3, 2, 8], [3, 2, 4], [3, 2, 8, 4], [4, 2, 3]]}
MISMATCH lemmam_x.c 0202 here 0101 {"sets": [[0, 1, 2, 3], [0, 2, 5], [1, 4, 5, 6], [3, 4, 6]], "vals": [[2, 3, 4, 8], [2, 3, 4], [3, 4, 8, 2], [4, 2, 3]]}
MISMATCH lemmam_x.c 0202 here 0101 {"sets": [[0, 1, 2, 3], [0, 2, 5], [1, 4, 5, 6], [3, 4, 6]], "vals": [[3, 2, 4, 8], [2, 3, 4], [3, 4, 8, 2], [4, 2, 3]]}
MISMATCH lemmam_x.c 0202 here 0101 {"sets": [[0, 1, 2, 3], [0, 2, 5], [1, 4, 5, 6], [3, 4, 6]], "vals": [[4, 2, 3, 8], [2, 3, 4], [3, 4, 8, 2], [4, 2, 3]]}
MISMATCH lemmam_x.c 0202 here 0101 {"sets": [[0, 1, 2, 3], [0, 2, 5], [1, 4, 5, 6], [3, 4, 6]], "vals": [[4, 3, 2, 8], [2, 3, 4], [3, 4, 8, 2], [4, 2, 3]]}
MISMATCH lemmam_x.c 0202 here 0101 {"sets": [[0, 1, 2, 3], [0, 2, 5], [1, 4, 5, 6], [3, 4, 6]], "vals": [[2, 3, 4, 8], [3, 2, 4], [3, 4, 8, 2], [4, 2, 3]]}
MISMATCH lemmam_x.c 0202 here 0101 {"sets": [[0, 1, 2, 3], [0, 2, 5], [1, 4, 5, 6], [3, 4, 6]], "vals": [[3, 2, 4, 8], [3, 2, 4], [3, 4, 8, 2], [4, 2, 3]]}
MISMATCH lemmam_x.c 0202 here 0101 {"sets": [[0, 1, 2, 3], [0, 2, 5], [1, 4, 5, 6], [3, 4, 6]], "vals": [[4, 2, 3, 8], [3, 2, 4], [3, 4, 8, 2], [4, 2, 3]]}
MISMATCH lemmam_x.c 0202 here 0101 {"sets": [[0, 1, 2, 3], [0, 2, 5], [1, 4, 5, 6], [3, 4, 6]], "vals": [[4, 3, 2, 8], [3, 2, 4], [3, 4, 8, 2], [4, 2, 3]]}
MISMATCH lemmam_x.c 0202 here 0101 {"sets": [[0, 1, 2, 3], [0, 2, 5], [1, 4, 5, 6], [3, 4, 6]], "vals": [[2, 3, 4, 8], [2, 3, 4], [2, 3, 8, 4], [4, 3, 2]]}
MISMATCH lemmam_x.c 0202 here 0101 {"sets": [[0, 1, 2, 3], [0, 2, 5], [1, 4, 5, 6], [3, 4, 6]], "vals": [[3, 2, 4, 8], [2, 3, 4], [2, 3, 8, 4], [4, 3, 2]]}
MISMATCH lemmam_x.c 0202 here 0101 {"sets": [[0, 1, 2, 3], [0, 2, 5], [1, 4, 5, 6], [3, 4, 6]], "vals": [[4, 2, 3, 8], [2, 3, 4], [2, 3, 8, 4], [4, 3, 2]]}
MISMATCH lemmam_x.c 0202 here 0101 {"sets": [[0, 1, 2, 3], [0, 2, 5], [1, 4, 5, 6], [3, 4, 6]], "vals": [[4, 3, 2, 8], [2, 3, 4], [2, 3, 8, 4], [4, 3, 2]]}
MISMATCH lemmam_x.c 0202 here 0101 {"sets": [[0, 1, 2, 3], [0, 2, 5], [1, 4, 5, 6], [3, 4, 6]], "vals": [[2, 3, 4, 8], [3, 2, 4], [2, 3, 8, 4], [4, 3, 2]]}
MISMATCH lemmam_x.c 0202 here 0101 {"sets": [[0, 1, 2, 3], [0, 2, 5], [1, 4, 5, 6], [3, 4, 6]], "vals": [[3, 2, 4, 8], [3, 2, 4], [2, 3, 8, 4], [4, 3, 2]]}
MISMATCH lemmam_x.c 0202 here 0101 {"sets": [[0, 1, 2, 3], [0, 2, 5], [1, 4, 5, 6], [3, 4, 6]], "vals": [[4, 2, 3, 8], [3, 2, 4], [2, 3, 8, 4], [4, 3, 2]]}
MISMATCH lemmam_x.c 0202 here 0101 {"sets": [[0, 1, 2, 3], [0, 2, 5], [1, 4, 5, 6], [3, 4, 6]], "vals": [[4, 3, 2, 8], [3, 2, 4], [2, 3, 8, 4], [4, 3, 2]]}
BAD cls=0202 a=1 runclass=5 cand=0,2,2,2,2,-1,2,2 lemmafail=- {"sets": [[0, 1, 2, 3], [0, 2, 5], [1, 4, 5, 6], [3, 4, 6]], "vals": [[2, 3, 4, 8], [2, 3, 4], [2, 4, 8, 3], [4, 3, 2]]}
BAD cls=0202 a=3 runclass=5 cand=2,0,0,0,0,-1,0,0 lemmafail=- {"sets": [[0, 1, 2, 3], [0, 2, 5], [1, 4, 5, 6], [3, 4, 6]], "vals": [[2, 3, 4, 8], [2, 3, 4], [2, 4, 8, 3], [4, 3, 2]]}
BAD cls=0202 a=1 runclass=5 cand=0,2,2,2,2,-1,2,2 lemmafail=- {"sets": [[0, 1, 2, 3], [0, 2, 5], [1, 4, 5, 6], [3, 4, 6]], "vals": [[3, 2, 4, 8], [2, 3, 4], [2, 4, 8, 3], [4, 3, 2]]}
BAD cls=0202 a=3 runclass=5 cand=2,0,0,0,0,-1,0,0 lemmafail=- {"sets": [[0, 1, 2, 3], [0, 2, 5], [1, 4, 5, 6], [3, 4, 6]], "vals": [[3, 2, 4, 8], [2, 3, 4], [2, 4, 8, 3], [4, 3, 2]]}
MISMATCH lemmam_x.c 0202 here 0101 {"sets": [[0, 1, 2, 3], [0, 2, 5], [1, 4, 5, 6], [3, 4, 6]], "vals": [[4, 2, 3, 8], [2, 3, 4], [2, 4, 8, 3], [4, 3, 2]]}
MISMATCH lemmam_x.c 0202 here 0101 {"sets": [[0, 1, 2, 3], [0, 2, 5], [1, 4, 5, 6], [3, 4, 6]], "vals": [[4, 3, 2, 8], [2, 3, 4], [2, 4, 8, 3], [4, 3, 2]]}
MISMATCH lemmam_x.c 0202 here 0101 {"sets": [[0, 1, 2, 3], [0, 2, 5], [1, 4, 5, 6], [3, 4, 6]], "vals": [[2, 3, 4, 8], [3, 2, 4], [2, 4, 8, 3], [4, 3, 2]]}
MISMATCH lemmam_x.c 0202 here 0101 {"sets": [[0, 1, 2, 3], [0, 2, 5], [1, 4, 5, 6], [3, 4, 6]], "vals": [[3, 2, 4, 8], [3, 2, 4], [2, 4, 8, 3], [4, 3, 2]]}
BAD cls=0202 a=1 runclass=5 cand=0,2,2,2,2,-1,2,2 lemmafail=- {"sets": [[0, 1, 2, 3], [0, 2, 5], [1, 4, 5, 6], [3, 4, 6]], "vals": [[4, 2, 3, 8], [3, 2, 4], [2, 4, 8, 3], [4, 3, 2]]}
BAD cls=0202 a=3 runclass=5 cand=2,0,0,0,0,-1,0,0 lemmafail=- {"sets": [[0, 1, 2, 3], [0, 2, 5], [1, 4, 5, 6], [3, 4, 6]], "vals": [[4, 2, 3, 8], [3, 2, 4], [2, 4, 8, 3], [4, 3, 2]]}
BAD cls=0202 a=1 runclass=5 cand=0,2,2,2,2,-1,2,2 lemmafail=- {"sets": [[0, 1, 2, 3], [0, 2, 5], [1, 4, 5, 6], [3, 4, 6]], "vals": [[4, 3, 2, 8], [3, 2, 4], [2, 4, 8, 3], [4, 3, 2]]}
BAD cls=0202 a=3 runclass=5 cand=2,0,0,0,0,-1,0,0 lemmafail=- {"sets": [[0, 1, 2, 3], [0, 2, 5], [1, 4, 5, 6], [3, 4, 6]], "vals": [[4, 3, 2, 8], [3, 2, 4], [2, 4, 8, 3], [4, 3, 2]]}
MISMATCH lemmam_x.c 0202 here 0101 {"sets": [[0, 1, 2, 3], [0, 2, 5], [1, 4, 5, 6], [3, 4, 6]], "vals": [[2, 3, 4, 8], [2, 3, 4], [3, 2, 8, 4], [4, 3, 2]]}
MISMATCH lemmam_x.c 0202 here 0101 {"sets": [[0, 1, 2, 3], [0, 2, 5], [1, 4, 5, 6], [3, 4, 6]], "vals": [[3, 2, 4, 8], [2, 3, 4], [3, 2, 8, 4], [4, 3, 2]]}
MISMATCH lemmam_x.c 0202 here 0101 {"sets": [[0, 1, 2, 3], [0, 2, 5], [1, 4, 5, 6], [3, 4, 6]], "vals": [[4, 2, 3, 8], [2, 3, 4], [3, 2, 8, 4], [4, 3, 2]]}
MISMATCH lemmam_x.c 0202 here 0101 {"sets": [[0, 1, 2, 3], [0, 2, 5], [1, 4, 5, 6], [3, 4, 6]], "vals": [[4, 3, 2, 8], [2, 3, 4], [3, 2, 8, 4], [4, 3, 2]]}
MISMATCH lemmam_x.c 0202 here 0101 {"sets": [[0, 1, 2, 3], [0, 2, 5], [1, 4, 5, 6], [3, 4, 6]], "vals": [[2, 3, 4, 8], [3, 2, 4], [3, 2, 8, 4], [4, 3, 2]]}
MISMATCH lemmam_x.c 0202 here 0101 {"sets": [[0, 1, 2, 3], [0, 2, 5], [1, 4, 5, 6], [3, 4, 6]], "vals": [[3, 2, 4, 8], [3, 2, 4], [3, 2, 8, 4], [4, 3, 2]]}
MISMATCH lemmam_x.c 0202 here 0101 {"sets": [[0, 1, 2, 3], [0, 2, 5], [1, 4, 5, 6], [3, 4, 6]], "vals": [[4, 2, 3, 8], [3, 2, 4], [3, 2, 8, 4], [4, 3, 2]]}
MISMATCH lemmam_x.c 0202 here 0101 {"sets": [[0, 1, 2, 3], [0, 2, 5], [1, 4, 5, 6], [3, 4, 6]], "vals": [[4, 3, 2, 8], [3, 2, 4], [3, 2, 8, 4], [4, 3, 2]]}
BAD cls=0202 a=1 runclass=5 cand=0,2,2,2,2,-1,2,2 lemmafail=- {"sets": [[0, 1, 2, 3], [0, 2, 5], [1, 4, 5, 6], [3, 4, 6]], "vals": [[2, 3, 4, 8], [2, 3, 4], [3, 4, 8, 2], [4, 3, 2]]}
BAD cls=0202 a=3 runclass=5 cand=2,0,0,0,0,-1,0,0 lemmafail=- {"sets": [[0, 1, 2, 3], [0, 2, 5], [1, 4, 5, 6], [3, 4, 6]], "vals": [[2, 3, 4, 8], [2, 3, 4], [3, 4, 8, 2], [4, 3, 2]]}
BAD cls=0202 a=1 runclass=5 cand=0,2,2,2,2,-1,2,2 lemmafail=- {"sets": [[0, 1, 2, 3], [0, 2, 5], [1, 4, 5, 6], [3, 4, 6]], "vals": [[3, 2, 4, 8], [2, 3, 4], [3, 4, 8, 2], [4, 3, 2]]}
BAD cls=0202 a=3 runclass=5 cand=2,0,0,0,0,-1,0,0 lemmafail=- {"sets": [[0, 1, 2, 3], [0, 2, 5], [1, 4, 5, 6], [3, 4, 6]], "vals": [[3, 2, 4, 8], [2, 3, 4], [3, 4, 8, 2], [4, 3, 2]]}
MISMATCH lemmam_x.c 0202 here 0101 {"sets": [[0, 1, 2, 3], [0, 2, 5], [1, 4, 5, 6], [3, 4, 6]], "vals": [[4, 2, 3, 8], [2, 3, 4], [3, 4, 8, 2], [4, 3, 2]]}
MISMATCH lemmam_x.c 0202 here 0101 {"sets": [[0, 1, 2, 3], [0, 2, 5], [1, 4, 5, 6], [3, 4, 6]], "vals": [[4, 3, 2, 8], [2, 3, 4], [3, 4, 8, 2], [4, 3, 2]]}
MISMATCH lemmam_x.c 0202 here 0101 {"sets": [[0, 1, 2, 3], [0, 2, 5], [1, 4, 5, 6], [3, 4, 6]], "vals": [[2, 3, 4, 8], [3, 2, 4], [3, 4, 8, 2], [4, 3, 2]]}
MISMATCH lemmam_x.c 0202 here 0101 {"sets": [[0, 1, 2, 3], [0, 2, 5], [1, 4, 5, 6], [3, 4, 6]], "vals": [[3, 2, 4, 8], [3, 2, 4], [3, 4, 8, 2], [4, 3, 2]]}
BAD cls=0202 a=1 runclass=5 cand=0,2,2,2,2,-1,2,2 lemmafail=- {"sets": [[0, 1, 2, 3], [0, 2, 5], [1, 4, 5, 6], [3, 4, 6]], "vals": [[4, 2, 3, 8], [3, 2, 4], [3, 4, 8, 2], [4, 3, 2]]}
BAD cls=0202 a=3 runclass=5 cand=2,0,0,0,0,-1,0,0 lemmafail=- {"sets": [[0, 1, 2, 3], [0, 2, 5], [1, 4, 5, 6], [3, 4, 6]], "vals": [[4, 2, 3, 8], [3, 2, 4], [3, 4, 8, 2], [4, 3, 2]]}
BAD cls=0202 a=1 runclass=5 cand=0,2,2,2,2,-1,2,2 lemmafail=- {"sets": [[0, 1, 2, 3], [0, 2, 5], [1, 4, 5, 6], [3, 4, 6]], "vals": [[4, 3, 2, 8], [3, 2, 4], [3, 4, 8, 2], [4, 3, 2]]}
BAD cls=0202 a=3 runclass=5 cand=2,0,0,0,0,-1,0,0 lemmafail=- {"sets": [[0, 1, 2, 3], [0, 2, 5], [1, 4, 5, 6], [3, 4, 6]], "vals": [[4, 3, 2, 8], [3, 2, 4], [3, 4, 8, 2], [4, 3, 2]]}
BAD cls=0022 a=2 runclass=5 cand=0,1,1,1,1,-1,1,1 lemmafail=- {"sets": [[0, 2, 5, 6], [0, 3, 4, 6], [1, 2, 4], [1, 3, 5]], "vals": [[2, 4, 8, 3], [2, 4, 8, 3], [2, 3, 4], [2, 3, 4]]}
BAD cls=0022 a=3 runclass=5 cand=1,0,0,0,0,-1,0,0 lemmafail=- {"sets": [[0, 2, 5, 6], [0, 3, 4, 6], [1, 2, 4], [1, 3, 5]], "vals": [[2, 4, 8, 3], [2, 4, 8, 3], [2, 3, 4], [2, 3, 4]]}
BAD cls=0022 a=2 runclass=5 cand=0,1,1,1,1,-1,1,1 lemmafail=- {"sets": [[0, 2, 5, 6], [0, 3, 4, 6], [1, 2, 4], [1, 3, 5]], "vals": [[3, 4, 8, 2], [2, 4, 8, 3], [2, 3, 4], [2, 3, 4]]}
BAD cls=0022 a=3 runclass=5 cand=1,0,0,0,0,-1,0,0 lemmafail=- {"sets": [[0, 2, 5, 6], [0, 3, 4, 6], [1, 2, 4], [1, 3, 5]], "vals": [[3, 4, 8, 2], [2, 4, 8, 3], [2, 3, 4], [2, 3, 4]]}
BAD cls=0022 a=2 runclass=5 cand=0,1,1,1,1,-1,1,1 lemmafail=- {"sets": [[0, 2, 5, 6], [0, 3, 4, 6], [1, 2, 4], [1, 3, 5]], "vals": [[2, 4, 8, 3], [3, 4, 8, 2], [2, 3, 4], [2, 3, 4]]}
BAD cls=0022 a=3 runclass=5 cand=1,0,0,0,0,-1,0,0 lemmafail=- {"sets": [[0, 2, 5, 6], [0, 3, 4, 6], [1, 2, 4], [1, 3, 5]], "vals": [[2, 4, 8, 3], [3, 4, 8, 2], [2, 3, 4], [2, 3, 4]]}
BAD cls=0022 a=2 runclass=5 cand=0,1,1,1,1,-1,1,1 lemmafail=- {"sets": [[0, 2, 5, 6], [0, 3, 4, 6], [1, 2, 4], [1, 3, 5]], "vals": [[3, 4, 8, 2], [3, 4, 8, 2], [2, 3, 4], [2, 3, 4]]}
BAD cls=0022 a=3 runclass=5 cand=1,0,0,0,0,-1,0,0 lemmafail=- {"sets": [[0, 2, 5, 6], [0, 3, 4, 6], [1, 2, 4], [1, 3, 5]], "vals": [[3, 4, 8, 2], [3, 4, 8, 2], [2, 3, 4], [2, 3, 4]]}
BAD cls=0022 a=2 runclass=5 cand=1,0,0,0,0,-1,0,0 lemmafail=- {"sets": [[0, 2, 5, 6], [0, 3, 4, 6], [1, 2, 4], [1, 3, 5]], "vals": [[2, 8, 4, 3], [2, 8, 4, 3], [2, 4, 3], [2, 4, 3]]}
BAD cls=0022 a=3 runclass=5 cand=0,1,1,1,1,-1,1,1 lemmafail=- {"sets": [[0, 2, 5, 6], [0, 3, 4, 6], [1, 2, 4], [1, 3, 5]], "vals": [[2, 8, 4, 3], [2, 8, 4, 3], [2, 4, 3], [2, 4, 3]]}
BAD cls=0022 a=2 runclass=5 cand=1,0,0,0,0,-1,0,0 lemmafail=- {"sets": [[0, 2, 5, 6], [0, 3, 4, 6], [1, 2, 4], [1, 3, 5]], "vals": [[3, 8, 4, 2], [2, 8, 4, 3], [2, 4, 3], [2, 4, 3]]}
BAD cls=0022 a=3 runclass=5 cand=0,1,1,1,1,-1,1,1 lemmafail=- {"sets": [[0, 2, 5, 6], [0, 3, 4, 6], [1, 2, 4], [1, 3, 5]], "vals": [[3, 8, 4, 2], [2, 8, 4, 3], [2, 4, 3], [2, 4, 3]]}
BAD cls=0022 a=2 runclass=5 cand=1,0,0,0,0,-1,0,0 lemmafail=- {"sets": [[0, 2, 5, 6], [0, 3, 4, 6], [1, 2, 4], [1, 3, 5]], "vals": [[2, 8, 4, 3], [3, 8, 4, 2], [2, 4, 3], [2, 4, 3]]}
BAD cls=0022 a=3 runclass=5 cand=0,1,1,1,1,-1,1,1 lemmafail=- {"sets": [[0, 2, 5, 6], [0, 3, 4, 6], [1, 2, 4], [1, 3, 5]], "vals": [[2, 8, 4, 3], [3, 8, 4, 2], [2, 4, 3], [2, 4, 3]]}
BAD cls=0022 a=2 runclass=5 cand=1,0,0,0,0,-1,0,0 lemmafail=- {"sets": [[0, 2, 5, 6], [0, 3, 4, 6], [1, 2, 4], [1, 3, 5]], "vals": [[3, 8, 4, 2], [3, 8, 4, 2], [2, 4, 3], [2, 4, 3]]}
BAD cls=0022 a=3 runclass=5 cand=0,1,1,1,1,-1,1,1 lemmafail=- {"sets": [[0, 2, 5, 6], [0, 3, 4, 6], [1, 2, 4], [1, 3, 5]], "vals": [[3, 8, 4, 2], [3, 8, 4, 2], [2, 4, 3], [2, 4, 3]]}
BAD cls=2000 a=0 runclass=4 cand=1,3,3,3,3,0,3,3 lemmafail=- {"sets": [[0, 2, 4, 5], [1, 4, 6, 7], [3, 6, 7], [5, 6, 7]], "vals": [[3, 4, 8, 10], [2, 4, 8, 3], [2, 4, 3], [4, 2, 3]]}
BAD cls=2000 a=0 runclass=4 cand=1,3,3,3,3,0,3,3 lemmafail=- {"sets": [[0, 2, 4, 5], [1, 4, 6, 7], [3, 6, 7], [5, 6, 7]], "vals": [[3, 4, 8, 10], [2, 5, 8, 4], [2, 4, 3], [4, 2, 3]]}
BAD cls=2000 a=0 runclass=4 cand=1,3,3,3,3,0,3,3 lemmafail=- {"sets": [[0, 2, 4, 5], [1, 4, 6, 7], [3, 6, 7], [5, 6, 7]], "vals": [[2, 4, 7, 8], [2, 4, 8, 3], [2, 4, 3], [4, 2, 3]]}
BAD cls=2000 a=0 runclass=4 cand=1,3,3,3,3,0,3,3 lemmafail=- {"sets": [[0, 2, 4, 5], [1, 4, 6, 7], [3, 6, 7], [5, 6, 7]], "vals": [[2, 4, 7, 8], [2, 5, 8, 4], [2, 4, 3], [4, 2, 3]]}
BAD cls=2000 a=0 runclass=4 cand=1,3,3,3,3,0,3,3 lemmafail=- {"sets": [[0, 2, 4, 5], [1, 4, 6, 7], [3, 6, 7], [5, 6, 7]], "vals": [[4, 3, 8, 10], [2, 4, 8, 3], [2, 4, 3], [4, 2, 3]]}
BAD cls=2000 a=0 runclass=4 cand=1,3,3,3,3,0,3,3 lemmafail=- {"sets": [[0, 2, 4, 5], [1, 4, 6, 7], [3, 6, 7], [5, 6, 7]], "vals": [[4, 3, 8, 10], [2, 5, 8, 4], [2, 4, 3], [4, 2, 3]]}
BAD cls=2000 a=0 runclass=4 cand=1,3,3,3,3,0,3,3 lemmafail=- {"sets": [[0, 2, 4, 5], [1, 4, 6, 7], [3, 6, 7], [5, 6, 7]], "vals": [[4, 2, 7, 8], [2, 4, 8, 3], [2, 4, 3], [4, 2, 3]]}
BAD cls=2000 a=0 runclass=4 cand=1,3,3,3,3,0,3,3 lemmafail=- {"sets": [[0, 2, 4, 5], [1, 4, 6, 7], [3, 6, 7], [5, 6, 7]], "vals": [[4, 2, 7, 8], [2, 5, 8, 4], [2, 4, 3], [4, 2, 3]]}
BAD cls=2000 a=0 runclass=4 cand=1,3,3,3,3,0,3,3 lemmafail=- {"sets": [[0, 2, 4, 5], [1, 4, 6, 7], [3, 6, 7], [5, 6, 7]], "vals": [[3, 4, 8, 10], [3, 4, 8, 2], [2, 4, 3], [4, 2, 3]]}
BAD cls=2000 a=0 runclass=4 cand=1,3,3,3,3,0,3,3 lemmafail=- {"sets": [[0, 2, 4, 5], [1, 4, 6, 7], [3, 6, 7], [5, 6, 7]], "vals": [[2, 4, 7, 8], [3, 4, 8, 2], [2, 4, 3], [4, 2, 3]]}
BAD cls=2000 a=0 runclass=4 cand=1,3,3,3,3,0,3,3 lemmafail=- {"sets": [[0, 2, 4, 5], [1, 4, 6, 7], [3, 6, 7], [5, 6, 7]], "vals": [[4, 3, 8, 10], [3, 4, 8, 2], [2, 4, 3], [4, 2, 3]]}
BAD cls=2000 a=0 runclass=4 cand=1,3,3,3,3,0,3,3 lemmafail=- {"sets": [[0, 2, 4, 5], [1, 4, 6, 7], [3, 6, 7], [5, 6, 7]], "vals": [[4, 2, 7, 8], [3, 4, 8, 2], [2, 4, 3], [4, 2, 3]]}
BAD cls=2000 a=0 runclass=4 cand=1,3,3,3,3,0,3,3 lemmafail=- {"sets": [[0, 2, 4, 5], [1, 4, 6, 7], [3, 6, 7], [5, 6, 7]], "vals": [[3, 4, 8, 10], [2, 4, 3, 8], [2, 3, 4], [4, 3, 2]]}
BAD cls=2000 a=0 runclass=4 cand=1,3,3,3,3,0,3,3 lemmafail=- {"sets": [[0, 2, 4, 5], [1, 4, 6, 7], [3, 6, 7], [5, 6, 7]], "vals": [[3, 4, 8, 10], [2, 5, 4, 8], [2, 3, 4], [4, 3, 2]]}
BAD cls=2000 a=0 runclass=4 cand=1,3,3,3,3,0,3,3 lemmafail=- {"sets": [[0, 2, 4, 5], [1, 4, 6, 7], [3, 6, 7], [5, 6, 7]], "vals": [[2, 4, 7, 8], [2, 4, 3, 8], [2, 3, 4], [4, 3, 2]]}
BAD cls=2000 a=0 runclass=4 cand=1,3,3,3,3,0,3,3 lemmafail=- {"sets": [[0, 2, 4, 5], [1, 4, 6, 7], [3, 6, 7], [5, 6, 7]], "vals": [[2, 4, 7, 8], [2, 5, 4, 8], [2, 3, 4], [4, 3, 2]]}
BAD cls=2000 a=0 runclass=4 cand=1,3,3,3,3,0,3,3 lemmafail=- {"sets": [[0, 2, 4, 5], [1, 4, 6, 7], [3, 6, 7], [5, 6, 7]], "vals": [[4, 3, 8, 10], [2, 4, 3, 8], [2, 3, 4], [4, 3, 2]]}
BAD cls=2000 a=0 runclass=4 cand=1,3,3,3,3,0,3,3 lemmafail=- {"sets": [[0, 2, 4, 5], [1, 4, 6, 7], [3, 6, 7], [5, 6, 7]], "vals": [[4, 3, 8, 10], [2, 5, 4, 8], [2, 3, 4], [4, 3, 2]]}
BAD cls=2000 a=0 runclass=4 cand=1,3,3,3,3,0,3,3 lemmafail=- {"sets": [[0, 2, 4, 5], [1, 4, 6, 7], [3, 6, 7], [5, 6, 7]], "vals": [[4, 2, 7, 8], [2, 4, 3, 8], [2, 3, 4], [4, 3, 2]]}
BAD cls=2000 a=0 runclass=4 cand=1,3,3,3,3,0,3,3 lemmafail=- {"sets": [[0, 2, 4, 5], [1, 4, 6, 7], [3, 6, 7], [5, 6, 7]], "vals": [[4, 2, 7, 8], [2, 5, 4, 8], [2, 3, 4], [4, 3, 2]]}
BAD cls=2000 a=0 runclass=4 cand=1,3,3,3,3,0,3,3 lemmafail=- {"sets": [[0, 2, 4, 5], [1, 4, 6, 7], [3, 6, 7], [5, 6, 7]], "vals": [[3, 4, 8, 10], [3, 4, 2, 8], [2, 3, 4], [4, 3, 2]]}
BAD cls=2000 a=0 runclass=4 cand=1,3,3,3,3,0,3,3 lemmafail=- {"sets": [[0, 2, 4, 5], [1, 4, 6, 7], [3, 6, 7], [5, 6, 7]], "vals": [[2, 4, 7, 8], [3, 4, 2, 8], [2, 3, 4], [4, 3, 2]]}
BAD cls=2000 a=0 runclass=4 cand=1,3,3,3,3,0,3,3 lemmafail=- {"sets": [[0, 2, 4, 5], [1, 4, 6, 7], [3, 6, 7], [5, 6, 7]], "vals": [[4, 3, 8, 10], [3, 4, 2, 8], [2, 3, 4], [4, 3, 2]]}
BAD cls=2000 a=0 runclass=4 cand=1,3,3,3,3,0,3,3 lemmafail=- {"sets": [[0, 2, 4, 5], [1, 4, 6, 7], [3, 6, 7], [5, 6, 7]], "vals": [[4, 2, 7, 8], [3, 4, 2, 8], [2, 3, 4], [4, 3, 2]]}
BAD cls=2010 a=0 runclass=4 cand=1,3,3,3,3,0,3,3 lemmafail=- {"sets": [[0, 2, 4, 6], [1, 5, 6, 7], [3, 5, 7], [4, 6, 7]], "vals": [[2, 4, 8, 7], [2, 8, 4, 3], [2, 4, 3], [4, 2, 3]]}
BAD cls=2010 a=0 runclass=4 cand=1,3,3,3,3,0,3,3 lemmafail=- {"sets": [[0, 2, 4, 6], [1, 5, 6, 7], [3, 5, 7], [4, 6, 7]], "vals": [[2, 4, 8, 7], [2, 8, 5, 4], [2, 4, 3], [4, 2, 3]]}
BAD cls=2010 a=0 runclass=4 cand=1,3,3,3,3,0,3,3 lemmafail=- {"sets": [[0, 2, 4, 6], [1, 5, 6, 7], [3, 5, 7], [4, 6, 7]], "vals": [[3, 4, 10, 8], [2, 8, 4, 3], [2, 4, 3], [4, 2, 3]]}
BAD cls=2010 a=0 runclass=4 cand=1,3,3,3,3,0,3,3 lemmafail=- {"sets": [[0, 2, 4, 6], [1, 5, 6, 7], [3, 5, 7], [4, 6, 7]], "vals": [[3, 4, 10, 8], [2, 8, 5, 4], [2, 4, 3], [4, 2, 3]]}
BAD cls=2010 a=0 runclass=4 cand=1,3,3,3,3,0,3,3 lemmafail=- {"sets": [[0, 2, 4, 6], [1, 5, 6, 7], [3, 5, 7], [4, 6, 7]], "vals": [[4, 2, 8, 7], [2, 8, 4, 3], [2, 4, 3], [4, 2, 3]]}
BAD cls=2010 a=0 runclass=4 cand=1,3,3,3,3,0,3,3 lemmafail=- {"sets": [[0, 2, 4, 6], [1, 5, 6, 7], [3, 5, 7], [4, 6, 7]], "vals": [[4, 2, 8, 7], [2, 8, 5, 4], [2, 4, 3], [4, 2, 3]]}
BAD cls=2010 a=0 runclass=4 cand=1,3,3,3,3,0,3,3 lemmafail=- {"sets": [[0, 2, 4, 6], [1, 5, 6, 7], [3, 5, 7], [4, 6, 7]], "vals": [[4, 3, 10, 8], [2, 8, 4, 3], [2, 4, 3], [4, 2, 3]]}
BAD cls=2010 a=0 runclass=4 cand=1,3,3,3,3,0,3,3 lemmafail=- {"sets": [[0, 2, 4, 6], [1, 5, 6, 7], [3, 5, 7], [4, 6, 7]], "vals": [[4, 3, 10, 8], [2, 8, 5, 4], [2, 4, 3], [4, 2, 3]]}
BAD cls=2010 a=0 runclass=4 cand=1,3,3,3,3,0,3,3 lemmafail=- {"sets": [[0, 2, 4, 6], [1, 5, 6, 7], [3, 5, 7], [4, 6, 7]], "vals": [[2, 4, 8, 7], [3, 8, 4, 2], [2, 4, 3], [4, 2, 3]]}
BAD cls=2010 a=0 runclass=4 cand=1,3,3,3,3,0,3,3 lemmafail=- {"sets": [[0, 2, 4, 6], [1, 5, 6, 7], [3, 5, 7], [4, 6, 7]], "vals": [[3, 4, 10, 8], [3, 8, 4, 2], [2, 4, 3], [4, 2, 3]]}
BAD cls=2010 a=0 runclass=4 cand=1,3,3,3,3,0,3,3 lemmafail=- {"sets": [[0, 2, 4, 6], [1, 5, 6, 7], [3, 5, 7], [4, 6, 7]], "vals": [[4, 2, 8, 7], [3, 8, 4, 2], [2, 4, 3], [4, 2, 3]]}
BAD cls=2010 a=0 runclass=4 cand=1,3,3,3,3,0,3,3 lemmafail=- {"sets": [[0, 2, 4, 6], [1, 5, 6, 7], [3, 5, 7], [4, 6, 7]], "vals": [[4, 3, 10, 8], [3, 8, 4, 2], [2, 4, 3], [4, 2, 3]]}
BAD cls=0202 a=1 runclass=5 cand=2,0,0,0,0,-1,0,0 lemmafail=- {"sets": [[0, 4, 6, 7], [1, 4, 6], [2, 5, 6, 7], [3, 5, 7]], "vals": [[2, 8, 3, 4], [2, 4, 3], [2, 8, 4, 3], [2, 4, 3]]}
BAD cls=0202 a=3 runclass=5 cand=0,2,2,2,2,-1,2,2 lemmafail=- {"sets": [[0, 4, 6, 7], [1, 4, 6], [2, 5, 6, 7], [3, 5, 7]], "vals": [[2, 8, 3, 4], [2, 4, 3], [2, 8, 4, 3], [2, 4, 3]]}
BAD cls=0202 a=1 runclass=5 cand=2,0,0,0,0,-1,0,0 lemmafail=- {"sets": [[0, 4, 6, 7], [1, 4, 6], [2, 5, 6, 7], [3, 5, 7]], "vals": [[2, 8, 3, 4], [2, 4, 3], [2, 8, 5, 4], [2, 4, 3]]}
BAD cls=0202 a=3 runclass=5 cand=0,2,2,2,2,-1,2,2 lemmafail=- {"sets": [[0, 4, 6, 7], [1, 4, 6], [2, 5, 6, 7], [3, 5, 7]], "vals": [[2, 8, 3, 4], [2, 4, 3], [2, 8, 5, 4], [2, 4, 3]]}
BAD cls=0202 a=1 runclass=5 cand=2,0,0,0,0,-1,0,0 lemmafail=- {"sets": [[0, 4, 6, 7], [1, 4, 6], [2, 5, 6, 7], [3, 5, 7]], "vals": [[2, 8, 4, 5], [2, 4, 3], [2, 8, 4, 3], [2, 4, 3]]}
BAD cls=0202 a=3 runclass=5 cand=0,2,2,2,2,-1,2,2 lemmafail=- {"sets": [[0, 4, 6, 7], [1, 4, 6], [2, 5, 6, 7], [3, 5, 7]], "vals": [[2, 8, 4, 5], [2, 4, 3], [2, 8, 4, 3], [2, 4, 3]]}
BAD cls=0202 a=1 runclass=5 cand=2,0,0,0,0,-1,0,0 lemmafail=- {"sets": [[0, 4, 6, 7], [1, 4, 6], [2, 5, 6, 7], [3, 5, 7]], "vals": [[2, 8, 4, 5], [2, 4, 3], [2, 8, 5, 4], [2, 4, 3]]}
BAD cls=0202 a=3 runclass=5 cand=0,2,2,2,2,-1,2,2 lemmafail=- {"sets": [[0, 4, 6, 7], [1, 4, 6], [2, 5, 6, 7], [3, 5, 7]], "vals": [[2, 8, 4, 5], [2, 4, 3], [2, 8, 5, 4], [2, 4, 3]]}
BAD cls=0202 a=1 runclass=5 cand=2,0,0,0,0,-1,0,0 lemmafail=- {"sets": [[0, 4, 6, 7], [1, 4, 6], [2, 5, 6, 7], [3, 5, 7]], "vals": [[3, 8, 2, 4], [2, 4, 3], [2, 8, 4, 3], [2, 4, 3]]}
BAD cls=0202 a=3 runclass=5 cand=0,2,2,2,2,-1,2,2 lemmafail=- {"sets": [[0, 4, 6, 7], [1, 4, 6], [2, 5, 6, 7], [3, 5, 7]], "vals": [[3, 8, 2, 4], [2, 4, 3], [2, 8, 4, 3], [2, 4, 3]]}
BAD cls=0202 a=1 runclass=5 cand=2,0,0,0,0,-1,0,0 lemmafail=- {"sets": [[0, 4, 6, 7], [1, 4, 6], [2, 5, 6, 7], [3, 5, 7]], "vals": [[3, 8, 2, 4], [2, 4, 3], [2, 8, 5, 4], [2, 4, 3]]}
BAD cls=0202 a=3 runclass=5 cand=0,2,2,2,2,-1,2,2 lemmafail=- {"sets": [[0, 4, 6, 7], [1, 4, 6], [2, 5, 6, 7], [3, 5, 7]], "vals": [[3, 8, 2, 4], [2, 4, 3], [2, 8, 5, 4], [2, 4, 3]]}
BAD cls=0202 a=1 runclass=5 cand=2,0,0,0,0,-1,0,0 lemmafail=- {"sets": [[0, 4, 6, 7], [1, 4, 6], [2, 5, 6, 7], [3, 5, 7]], "vals": [[2, 8, 3, 4], [2, 4, 3], [3, 8, 4, 2], [2, 4, 3]]}
BAD cls=0202 a=3 runclass=5 cand=0,2,2,2,2,-1,2,2 lemmafail=- {"sets": [[0, 4, 6, 7], [1, 4, 6], [2, 5, 6, 7], [3, 5, 7]], "vals": [[2, 8, 3, 4], [2, 4, 3], [3, 8, 4, 2], [2, 4, 3]]}
BAD cls=0202 a=1 runclass=5 cand=2,0,0,0,0,-1,0,0 lemmafail=- {"sets": [[0, 4, 6, 7], [1, 4, 6], [2, 5, 6, 7], [3, 5, 7]], "vals": [[2, 8, 4, 5], [2, 4, 3], [3, 8, 4, 2], [2, 4, 3]]}
BAD cls=0202 a=3 runclass=5 cand=0,2,2,2,2,-1,2,2 lemmafail=- {"sets": [[0, 4, 6, 7], [1, 4, 6], [2, 5, 6, 7], [3, 5, 7]], "vals": [[2, 8, 4, 5], [2, 4, 3], [3, 8, 4, 2], [2, 4, 3]]}
BAD cls=0202 a=1 runclass=5 cand=2,0,0,0,0,-1,0,0 lemmafail=- {"sets": [[0, 4, 6, 7], [1, 4, 6], [2, 5, 6, 7], [3, 5, 7]], "vals": [[3, 8, 2, 4], [2, 4, 3], [3, 8, 4, 2], [2, 4, 3]]}
BAD cls=0202 a=3 runclass=5 cand=0,2,2,2,2,-1,2,2 lemmafail=- {"sets": [[0, 4, 6, 7], [1, 4, 6], [2, 5, 6, 7], [3, 5, 7]], "vals": [[3, 8, 2, 4], [2, 4, 3], [3, 8, 4, 2], [2, 4, 3]]}
BAD cls=2010 a=0 runclass=4 cand=1,3,3,3,3,0,3,3 lemmafail=- {"sets": [[0, 3, 4, 7], [1, 3, 6, 7], [2, 5, 6], [4, 5, 7]], "vals": [[2, 4, 8, 7], [2, 3, 8, 4], [2, 3, 4], [4, 3, 2]]}
BAD cls=2010 a=0 runclass=4 cand=1,3,3,3,3,0,3,3 lemmafail=- {"sets": [[0, 3, 4, 7], [1, 3, 6, 7], [2, 5, 6], [4, 5, 7]], "vals": [[3, 4, 10, 8], [2, 3, 8, 4], [2, 3, 4], [4, 3, 2]]}
BAD cls=2010 a=0 runclass=4 cand=1,3,3,3,3,0,3,3 lemmafail=- {"sets": [[0, 3, 4, 7], [1, 3, 6, 7], [2, 5, 6], [4, 5, 7]], "vals": [[3, 6, 10, 8], [2, 3, 8, 4], [2, 3, 4], [4, 3, 2]]}
BAD cls=2010 a=0 runclass=4 cand=1,3,3,3,3,0,3,3 lemmafail=- {"sets": [[0, 3, 4, 7], [1, 3, 6, 7], [2, 5, 6], [4, 5, 7]], "vals": [[3, 4, 8, 6], [2, 3, 8, 4], [2, 3, 4], [4, 3, 2]]}
BAD cls=2010 a=0 runclass=4 cand=1,3,3,3,3,0,3,3 lemmafail=- {"sets": [[0, 3, 4, 7], [1, 3, 6, 7], [2, 5, 6], [4, 5, 7]], "vals": [[4, 2, 8, 7], [2, 3, 8, 4], [2, 3, 4], [4, 3, 2]]}
BAD cls=2010 a=0 runclass=4 cand=1,3,3,3,3,0,3,3 lemmafail=- {"sets": [[0, 3, 4, 7], [1, 3, 6, 7], [2, 5, 6], [4, 5, 7]], "vals": [[4, 3, 10, 8], [2, 3, 8, 4], [2, 3, 4], [4, 3, 2]]}
BAD cls=2010 a=0 runclass=4 cand=1,3,3,3,3,0,3,3 lemmafail=- {"sets": [[0, 3, 4, 7], [1, 3, 6, 7], [2, 5, 6], [4, 5, 7]], "vals": [[6, 3, 10, 8], [2, 3, 8, 4], [2, 3, 4], [4, 3, 2]]}
BAD cls=2010 a=0 runclass=4 cand=1,3,3,3,3,0,3,3 lemmafail=- {"sets": [[0, 3, 4, 7], [1, 3, 6, 7], [2, 5, 6], [4, 5, 7]], "vals": [[4, 3, 8, 6], [2, 3, 8, 4], [2, 3, 4], [4, 3, 2]]}
BAD cls=2010 a=0 runclass=4 cand=1,3,3,3,3,0,3,3 lemmafail=- {"sets": [[0, 3, 4, 7], [1, 3, 6, 7], [2, 5, 6], [4, 5, 7]], "vals": [[2, 4, 8, 7], [3, 2, 8, 4], [2, 3, 4], [4, 3, 2]]}
BAD cls=2010 a=0 runclass=4 cand=1,3,3,3,3,0,3,3 lemmafail=- {"sets": [[0, 3, 4, 7], [1, 3, 6, 7], [2, 5, 6], [4, 5, 7]], "vals": [[3, 4, 10, 8], [3, 2, 8, 4], [2, 3, 4], [4, 3, 2]]}
BAD cls=2010 a=0 runclass=4 cand=1,3,3,3,3,0,3,3 lemmafail=- {"sets": [[0, 3, 4, 7], [1, 3, 6, 7], [2, 5, 6], [4, 5, 7]], "vals": [[3, 6, 10, 8], [3, 2, 8, 4], [2, 3, 4], [4, 3, 2]]}
BAD cls=2010 a=0 runclass=4 cand=1,3,3,3,3,0,3,3 lemmafail=- {"sets": [[0, 3, 4, 7], [1, 3, 6, 7], [2, 5, 6], [4, 5, 7]], "vals": [[3, 4, 8, 6], [3, 2, 8, 4], [2, 3, 4], [4, 3, 2]]}
BAD cls=2010 a=0 runclass=4 cand=1,3,3,3,3,0,3,3 lemmafail=- {"sets": [[0, 3, 4, 7], [1, 3, 6, 7], [2, 5, 6], [4, 5, 7]], "vals": [[4, 2, 8, 7], [3, 2, 8, 4], [2, 3, 4], [4, 3, 2]]}
BAD cls=2010 a=0 runclass=4 cand=1,3,3,3,3,0,3,3 lemmafail=- {"sets": [[0, 3, 4, 7], [1, 3, 6, 7], [2, 5, 6], [4, 5, 7]], "vals": [[4, 3, 10, 8], [3, 2, 8, 4], [2, 3, 4], [4, 3, 2]]}
BAD cls=2010 a=0 runclass=4 cand=1,3,3,3,3,0,3,3 lemmafail=- {"sets": [[0, 3, 4, 7], [1, 3, 6, 7], [2, 5, 6], [4, 5, 7]], "vals": [[6, 3, 10, 8], [3, 2, 8, 4], [2, 3, 4], [4, 3, 2]]}
BAD cls=2010 a=0 runclass=4 cand=1,3,3,3,3,0,3,3 lemmafail=- {"sets": [[0, 3, 4, 7], [1, 3, 6, 7], [2, 5, 6], [4, 5, 7]], "vals": [[4, 3, 8, 6], [3, 2, 8, 4], [2, 3, 4], [4, 3, 2]]}
BAD cls=0202 a=1 runclass=5 cand=2,0,0,0,0,-1,0,0 lemmafail=- {"sets": [[0, 3, 4, 7], [1, 3, 6], [2, 5, 6, 7], [4, 5, 7]], "vals": [[2, 8, 3, 4], [2, 4, 3], [2, 8, 4, 3], [2, 4, 3]]}
BAD cls=0202 a=3 runclass=5 cand=0,2,2,2,2,-1,2,2 lemmafail=- {"sets": [[0, 3, 4, 7], [1, 3, 6], [2, 5, 6, 7], [4, 5, 7]], "vals": [[2, 8, 3, 4], [2, 4, 3], [2, 8, 4, 3], [2, 4, 3]]}
BAD cls=0202 a=1 runclass=5 cand=2,0,0,0,0,-1,0,0 lemmafail=- {"sets": [[0, 3, 4, 7], [1, 3, 6], [2, 5, 6, 7], [4, 5, 7]], "vals": [[2, 8, 3, 4], [2, 4, 3], [2, 8, 5, 4], [2, 4, 3]]}
BAD cls=0202 a=3 runclass=5 cand=0,2,2,2,2,-1,2,2 lemmafail=- {"sets": [[0, 3, 4, 7], [1, 3, 6], [2, 5, 6, 7], [4, 5, 7]], "vals": [[2, 8, 3, 4], [2, 4, 3], [2, 8, 5, 4], [2, 4, 3]]}
BAD cls=0202 a=1 runclass=5 cand=2,0,0,0,0,-1,0,0 lemmafail=- {"sets": [[0, 3, 4, 7], [1, 3, 6], [2, 5, 6, 7], [4, 5, 7]], "vals": [[3, 8, 2, 4], [2, 4, 3], [2, 8, 4, 3], [2, 4, 3]]}
BAD cls=0202 a=3 runclass=5 cand=0,2,2,2,2,-1,2,2 lemmafail=- {"sets": [[0, 3, 4, 7], [1, 3, 6], [2, 5, 6, 7], [4, 5, 7]], "vals": [[3, 8, 2, 4], [2, 4, 3], [2, 8, 4, 3], [2, 4, 3]]}
BAD cls=0202 a=1 runclass=5 cand=2,0,0,0,0,-1,0,0 lemmafail=- {"sets": [[0, 3, 4, 7], [1, 3, 6], [2, 5, 6, 7], [4, 5, 7]], "vals": [[3, 8, 2, 4], [2, 4, 3], [2, 8, 5, 4], [2, 4, 3]]}
BAD cls=0202 a=3 runclass=5 cand=0,2,2,2,2,-1,2,2 lemmafail=- {"sets": [[0, 3, 4, 7], [1, 3, 6], [2, 5, 6, 7], [4, 5, 7]], "vals": [[3, 8, 2, 4], [2, 4, 3], [2, 8, 5, 4], [2, 4, 3]]}
BAD cls=0202 a=1 runclass=5 cand=2,0,0,0,0,-1,0,0 lemmafail=- {"sets": [[0, 3, 4, 7], [1, 3, 6], [2, 5, 6, 7], [4, 5, 7]], "vals": [[2, 8, 3, 4], [2, 4, 3], [3, 8, 4, 2], [2, 4, 3]]}
BAD cls=0202 a=3 runclass=5 cand=0,2,2,2,2,-1,2,2 lemmafail=- {"sets": [[0, 3, 4, 7], [1, 3, 6], [2, 5, 6, 7], [4, 5, 7]], "vals": [[2, 8, 3, 4], [2, 4, 3], [3, 8, 4, 2], [2, 4, 3]]}
BAD cls=0202 a=1 runclass=5 cand=2,0,0,0,0,-1,0,0 lemmafail=- {"sets": [[0, 3, 4, 7], [1, 3, 6], [2, 5, 6, 7], [4, 5, 7]], "vals": [[3, 8, 2, 4], [2, 4, 3], [3, 8, 4, 2], [2, 4, 3]]}
BAD cls=0202 a=3 runclass=5 cand=0,2,2,2,2,-1,2,2 lemmafail=- {"sets": [[0, 3, 4, 7], [1, 3, 6], [2, 5, 6, 7], [4, 5, 7]], "vals": [[3, 8, 2, 4], [2, 4, 3], [3, 8, 4, 2], [2, 4, 3]]}
MISMATCH lemmam_x.c 0202 here 0101 {"sets": [[0, 3, 4, 7], [1, 3, 6], [2, 5, 6, 7], [4, 5, 7]], "vals": [[2, 8, 3, 4], [2, 4, 3], [2, 8, 5, 4], [3, 4, 2]]}
MISMATCH lemmam_x.c 0202 here 0101 {"sets": [[0, 3, 4, 7], [1, 3, 6], [2, 5, 6, 7], [4, 5, 7]], "vals": [[2, 8, 3, 4], [2, 4, 3], [2, 8, 4, 3], [3, 4, 2]]}
MISMATCH lemmam_x.c 0202 here 0101 {"sets": [[0, 3, 4, 7], [1, 3, 6], [2, 5, 6, 7], [4, 5, 7]], "vals": [[3, 8, 2, 4], [2, 4, 3], [2, 8, 5, 4], [3, 4, 2]]}
MISMATCH lemmam_x.c 0202 here 0101 {"sets": [[0, 3, 4, 7], [1, 3, 6], [2, 5, 6, 7], [4, 5, 7]], "vals": [[3, 8, 2, 4], [2, 4, 3], [2, 8, 4, 3], [3, 4, 2]]}
MISMATCH lemmam_x.c 0202 here 0101 {"sets": [[0, 3, 4, 7], [1, 3, 6], [2, 5, 6, 7], [4, 5, 7]], "vals": [[2, 8, 3, 4], [2, 4, 3], [3, 8, 4, 2], [3, 4, 2]]}
MISMATCH lemmam_x.c 0202 here 0101 {"sets": [[0, 3, 4, 7], [1, 3, 6], [2, 5, 6, 7], [4, 5, 7]], "vals": [[3, 8, 2, 4], [2, 4, 3], [3, 8, 4, 2], [3, 4, 2]]}
BAD cls=0202 a=1 runclass=5 cand=0,2,2,2,2,-1,2,2 lemmafail=- {"sets": [[0, 3, 4, 7], [1, 3, 6], [2, 5, 6, 7], [4, 5, 7]], "vals": [[2, 4, 8, 3], [2, 3, 4], [2, 3, 8, 4], [4, 2, 3]]}
BAD cls=0202 a=3 runclass=5 cand=2,0,0,0,0,-1,0,0 lemmafail=- {"sets": [[0, 3, 4, 7], [1, 3, 6], [2, 5, 6, 7], [4, 5, 7]], "vals": [[2, 4, 8, 3], [2, 3, 4], [2, 3, 8, 4], [4, 2, 3]]}
BAD cls=0202 a=1 runclass=5 cand=0,2,2,2,2,-1,2,2 lemmafail=- {"sets": [[0, 3, 4, 7], [1, 3, 6], [2, 5, 6, 7], [4, 5, 7]], "vals": [[2, 5, 8, 4], [2, 3, 4], [2, 3, 8, 4], [4, 2, 3]]}
BAD cls=0202 a=3 runclass=5 cand=2,0,0,0,0,-1,0,0 lemmafail=- {"sets": [[0, 3, 4, 7], [1, 3, 6], [2, 5, 6, 7], [4, 5, 7]], "vals": [[2, 5, 8, 4], [2, 3, 4], [2, 3, 8, 4], [4, 2, 3]]}
BAD cls=0202 a=1 runclass=5 cand=0,2,2,2,2,-1,2,2 lemmafail=- {"sets": [[0, 3, 4, 7], [1, 3, 6], [2, 5, 6, 7], [4, 5, 7]], "vals": [[3, 4, 8, 2], [2, 3, 4], [2, 3, 8, 4], [4, 2, 3]]}
BAD cls=0202 a=3 runclass=5 cand=2,0,0,0,0,-1,0,0 lemmafail=- {"sets": [[0, 3, 4, 7], [1, 3, 6], [2, 5, 6, 7], [4, 5, 7]], "vals": [[3, 4, 8, 2], [2, 3, 4], [2, 3, 8, 4], [4, 2, 3]]}
BAD cls=0202 a=1 runclass=5 cand=0,2,2,2,2,-1,2,2 lemmafail=- {"sets": [[0, 3, 4, 7], [1, 3, 6], [2, 5, 6, 7], [4, 5, 7]], "vals": [[2, 4, 8, 3], [2, 3, 4], [3, 2, 8, 4], [4, 2, 3]]}
BAD cls=0202 a=3 runclass=5 cand=2,0,0,0,0,-1,0,0 lemmafail=- {"sets": [[0, 3, 4, 7], [1, 3, 6], [2, 5, 6, 7], [4, 5, 7]], "vals": [[2, 4, 8, 3], [2, 3, 4], [3, 2, 8, 4], [4, 2, 3]]}
BAD cls=0202 a=1 runclass=5 cand=0,2,2,2,2,-1,2,2 lemmafail=- {"sets": [[0, 3, 4, 7], [1, 3, 6], [2, 5, 6, 7], [4, 5, 7]], "vals": [[2, 5, 8, 4], [2, 3, 4], [3, 2, 8, 4], [4, 2, 3]]}
BAD cls=0202 a=3 runclass=5 cand=2,0,0,0,0,-1,0,0 lemmafail=- {"sets": [[0, 3, 4, 7], [1, 3, 6], [2, 5, 6, 7], [4, 5, 7]], "vals": [[2, 5, 8, 4], [2, 3, 4], [3, 2, 8, 4], [4, 2, 3]]}
BAD cls=0202 a=1 runclass=5 cand=0,2,2,2,2,-1,2,2 lemmafail=- {"sets": [[0, 3, 4, 7], [1, 3, 6], [2, 5, 6, 7], [4, 5, 7]], "vals": [[3, 4, 8, 2], [2, 3, 4], [3, 2, 8, 4], [4, 2, 3]]}
BAD cls=0202 a=3 runclass=5 cand=2,0,0,0,0,-1,0,0 lemmafail=- {"sets": [[0, 3, 4, 7], [1, 3, 6], [2, 5, 6, 7], [4, 5, 7]], "vals": [[3, 4, 8, 2], [2, 3, 4], [3, 2, 8, 4], [4, 2, 3]]}
MISMATCH lemmam_x.c 0202 here 0101 {"sets": [[0, 3, 4, 7], [1, 3, 6], [2, 5, 6, 7], [4, 5, 7]], "vals": [[2, 5, 8, 4], [2, 3, 4], [2, 3, 8, 4], [4, 3, 2]]}
MISMATCH lemmam_x.c 0202 here 0101 {"sets": [[0, 3, 4, 7], [1, 3, 6], [2, 5, 6, 7], [4, 5, 7]], "vals": [[2, 4, 8, 3], [2, 3, 4], [2, 3, 8, 4], [4, 3, 2]]}
MISMATCH lemmam_x.c 0202 here 0101 {"sets": [[0, 3, 4, 7], [1, 3, 6], [2, 5, 6, 7], [4, 5, 7]], "vals": [[3, 4, 8, 2], [2, 3, 4], [2, 3, 8, 4], [4, 3, 2]]}
MISMATCH lemmam_x.c 0202 here 0101 {"sets": [[0, 3, 4, 7], [1, 3, 6], [2, 5, 6, 7], [4, 5, 7]], "vals": [[2, 5, 8, 4], [2, 3, 4], [3, 2, 8, 4], [4, 3, 2]]}
MISMATCH lemmam_x.c 0202 here 0101 {"sets": [[0, 3, 4, 7], [1, 3, 6], [2, 5, 6, 7], [4, 5, 7]], "vals": [[2, 4, 8, 3], [2, 3, 4], [3, 2, 8, 4], [4, 3, 2]]}
MISMATCH lemmam_x.c 0202 here 0101 {"sets": [[0, 3, 4, 7], [1, 3, 6], [2, 5, 6, 7], [4, 5, 7]], "vals": [[3, 4, 8, 2], [2, 3, 4], [3, 2, 8, 4], [4, 3, 2]]}
BAD cls=0200 a=1 runclass=4 cand=2,3,3,3,3,1,3,3 lemmafail=- {"sets": [[0, 3, 7], [1, 4, 5, 6], [2, 4, 5, 7], [3, 6, 7]], "vals": [[2, 3, 4], [2, 4, 7, 8], [2, 3, 4, 8], [3, 4, 2]]}
BAD cls=0200 a=1 runclass=4 cand=2,3,3,3,3,1,3,3 lemmafail=- {"sets": [[0, 3, 7], [1, 4, 5, 6], [2, 4, 5, 7], [3, 6, 7]], "vals": [[2, 3, 4], [3, 4, 8, 10], [2, 3, 4, 8], [3, 4, 2]]}
BAD cls=0200 a=1 runclass=4 cand=2,3,3,3,3,1,3,3 lemmafail=- {"sets": [[0, 3, 7], [1, 4, 5, 6], [2, 4, 5, 7], [3, 6, 7]], "vals": [[2, 3, 4], [3, 6, 8, 10], [2, 3, 4, 8], [3, 4, 2]]}
BAD cls=0200 a=1 runclass=4 cand=2,3,3,3,3,1,3,3 lemmafail=- {"sets": [[0, 3, 7], [1, 4, 5, 6], [2, 4, 5, 7], [3, 6, 7]], "vals": [[2, 3, 4], [3, 4, 6, 8], [2, 3, 4, 8], [3, 4, 2]]}
BAD cls=0200 a=1 runclass=4 cand=2,3,3,3,3,1,3,3 lemmafail=- {"sets": [[0, 3, 7], [1, 4, 5, 6], [2, 4, 5, 7], [3, 6, 7]], "vals": [[2, 3, 4], [4, 2, 7, 8], [2, 3, 4, 8], [3, 4, 2]]}
BAD cls=0200 a=1 runclass=4 cand=2,3,3,3,3,1,3,3 lemmafail=- {"sets": [[0, 3, 7], [1, 4, 5, 6], [2, 4, 5, 7], [3, 6, 7]], "vals": [[2, 3, 4], [4, 3, 8, 10], [2, 3, 4, 8], [3, 4, 2]]}
BAD cls=0200 a=1 runclass=4 cand=2,3,3,3,3,1,3,3 lemmafail=- {"sets": [[0, 3, 7], [1, 4, 5, 6], [2, 4, 5, 7], [3, 6, 7]], "vals": [[2, 3, 4], [6, 3, 8, 10], [2, 3, 4, 8], [3, 4, 2]]}
BAD cls=0200 a=1 runclass=4 cand=2,3,3,3,3,1,3,3 lemmafail=- {"sets": [[0, 3, 7], [1, 4, 5, 6], [2, 4, 5, 7], [3, 6, 7]], "vals": [[2, 3, 4], [4, 3, 6, 8], [2, 3, 4, 8], [3, 4, 2]]}
BAD cls=0200 a=1 runclass=4 cand=2,3,3,3,3,1,3,3 lemmafail=- {"sets": [[0, 3, 7], [1, 4, 5, 6], [2, 4, 5, 7], [3, 6, 7]], "vals": [[2, 3, 4], [2, 7, 4, 8], [2, 4, 3, 8], [3, 4, 2]]}
BAD cls=0200 a=1 runclass=4 cand=2,3,3,3,3,1,3,3 lemmafail=- {"sets": [[0, 3, 7], [1, 4, 5, 6], [2, 4, 5, 7], [3, 6, 7]], "vals": [[2, 3, 4], [3, 8, 4, 10], [2, 4, 3, 8], [3, 4, 2]]}
BAD cls=0200 a=1 runclass=4 cand=2,3,3,3,3,1,3,3 lemmafail=- {"sets": [[0, 3, 7], [1, 4, 5, 6], [2, 4, 5, 7], [3, 6, 7]], "vals": [[2, 3, 4], [3, 8, 6, 10], [2, 4, 3, 8], [3, 4, 2]]}
BAD cls=0200 a=1 runclass=4 cand=2,3,3,3,3,1,3,3 lemmafail=- {"sets": [[0, 3, 7], [1, 4, 5, 6], [2, 4, 5, 7], [3, 6, 7]], "vals": [[2, 3, 4], [3, 6, 4, 8], [2, 4, 3, 8], [3, 4, 2]]}
BAD cls=0200 a=1 runclass=4 cand=2,3,3,3,3,1,3,3 lemmafail=- {"sets": [[0, 3, 7], [1, 4, 5, 6], [2, 4, 5, 7], [3, 6, 7]], "vals": [[2, 3, 4], [4, 7, 2, 8], [2, 4, 3, 8], [3, 4, 2]]}
BAD cls=0200 a=1 runclass=4 cand=2,3,3,3,3,1,3,3 lemmafail=- {"sets": [[0, 3, 7], [1, 4, 5, 6], [2, 4, 5, 7], [3, 6, 7]], "vals": [[2, 3, 4], [4, 8, 3, 10], [2, 4, 3, 8], [3, 4, 2]]}
BAD cls=0200 a=1 runclass=4 cand=2,3,3,3,3,1,3,3 lemmafail=- {"sets": [[0, 3, 7], [1, 4, 5, 6], [2, 4, 5, 7], [3, 6, 7]], "vals": [[2, 3, 4], [6, 8, 3, 10], [2, 4, 3, 8], [3, 4, 2]]}
BAD cls=0200 a=1 runclass=4 cand=2,3,3,3,3,1,3,3 lemmafail=- {"sets": [[0, 3, 7], [1, 4, 5, 6], [2, 4, 5, 7], [3, 6, 7]], "vals": [[2, 3, 4], [4, 6, 3, 8], [2, 4, 3, 8], [3, 4, 2]]}
BAD cls=0200 a=1 runclass=4 cand=2,3,3,3,3,1,3,3 lemmafail=- {"sets": [[0, 3, 7], [1, 4, 5, 6], [2, 4, 5, 7], [3, 6, 7]], "vals": [[2, 3, 4], [2, 4, 7, 8], [3, 2, 4, 8], [3, 4, 2]]}
BAD cls=0200 a=1 runclass=4 cand=2,3,3,3,3,1,3,3 lemmafail=- {"sets": [[0, 3, 7], [1, 4, 5, 6], [2, 4, 5, 7], [3, 6, 7]], "vals": [[2, 3, 4], [3, 4, 8, 10], [3, 2, 4, 8], [3, 4, 2]]}
BAD cls=0200 a=1 runclass=4 cand=2,3,3,3,3,1,3,3 lemmafail=- {"sets": [[0, 3, 7], [1, 4, 5, 6], [2, 4, 5, 7], [3, 6, 7]], "vals": [[2, 3, 4], [3, 6, 8, 10], [3, 2, 4, 8], [3, 4, 2]]}
BAD cls=0200 a=1 runclass=4 cand=2,3,3,3,3,1,3,3 lemmafail=- {"sets": [[0, 3, 7], [1, 4, 5, 6], [2, 4, 5, 7], [3, 6, 7]], "vals": [[2, 3, 4], [3, 4, 6, 8], [3, 2, 4, 8], [3, 4, 2]]}
BAD cls=0200 a=1 runclass=4 cand=2,3,3,3,3,1,3,3 lemmafail=- {"sets": [[0, 3, 7], [1, 4, 5, 6], [2, 4, 5, 7], [3, 6, 7]], "vals": [[2, 3, 4], [4, 2, 7, 8], [3, 2, 4, 8], [3, 4, 2]]}
BAD cls=0200 a=1 runclass=4 cand=2,3,3,3,3,1,3,3 lemmafail=- {"sets": [[0, 3, 7], [1, 4, 5, 6], [2, 4, 5, 7], [3, 6, 7]], "vals": [[2, 3, 4], [4, 3, 8, 10], [3, 2, 4, 8], [3, 4, 2]]}
BAD cls=0200 a=1 runclass=4 cand=2,3,3,3,3,1,3,3 lemmafail=- {"sets": [[0, 3, 7], [1, 4, 5, 6], [2, 4, 5, 7], [3, 6, 7]], "vals": [[2, 3, 4], [6, 3, 8, 10], [3, 2, 4, 8], [3, 4, 2]]}
BAD cls=0200 a=1 runclass=4 cand=2,3,3,3,3,1,3,3 lemmafail=- {"sets": [[0, 3, 7], [1, 4, 5, 6], [2, 4, 5, 7], [3, 6, 7]], "vals": [[2, 3, 4], [4, 3, 6, 8], [3, 2, 4, 8], [3, 4, 2]]}
BAD cls=0200 a=1 runclass=4 cand=2,3,3,3,3,1,3,3 lemmafail=- {"sets": [[0, 3, 7], [1, 4, 5, 6], [2, 4, 5, 7], [3, 6, 7]], "vals": [[2, 3, 4], [2, 7, 4, 8], [3, 4, 2, 8], [3, 4, 2]]}
BAD cls=0200 a=1 runclass=4 cand=2,3,3,3,3,1,3,3 lemmafail=- {"sets": [[0, 3, 7], [1, 4, 5, 6], [2, 4, 5, 7], [3, 6, 7]], "vals": [[2, 3, 4], [3, 8, 4, 10], [3, 4, 2, 8], [3, 4, 2]]}
BAD cls=0200 a=1 runclass=4 cand=2,3,3,3,3,1,3,3 lemmafail=- {"sets": [[0, 3, 7], [1, 4, 5, 6], [2, 4, 5, 7], [3, 6, 7]], "vals": [[2, 3, 4], [3, 8, 6, 10], [3, 4, 2, 8], [3, 4, 2]]}
BAD cls=0200 a=1 runclass=4 cand=2,3,3,3,3,1,3,3 lemmafail=- {"sets": [[0, 3, 7], [1, 4, 5, 6], [2, 4, 5, 7], [3, 6, 7]], "vals": [[2, 3, 4], [3, 6, 4, 8], [3, 4, 2, 8], [3, 4, 2]]}
BAD cls=0200 a=1 runclass=4 cand=2,3,3,3,3,1,3,3 lemmafail=- {"sets": [[0, 3, 7], [1, 4, 5, 6], [2, 4, 5, 7], [3, 6, 7]], "vals": [[2, 3, 4], [4, 7, 2, 8], [3, 4, 2, 8], [3, 4, 2]]}
BAD cls=0200 a=1 runclass=4 cand=2,3,3,3,3,1,3,3 lemmafail=- {"sets": [[0, 3, 7], [1, 4, 5, 6], [2, 4, 5, 7], [3, 6, 7]], "vals": [[2, 3, 4], [4, 8, 3, 10], [3, 4, 2, 8], [3, 4, 2]]}
BAD cls=0200 a=1 runclass=4 cand=2,3,3,3,3,1,3,3 lemmafail=- {"sets": [[0, 3, 7], [1, 4, 5, 6], [2, 4, 5, 7], [3, 6, 7]], "vals": [[2, 3, 4], [6, 8, 3, 10], [3, 4, 2, 8], [3, 4, 2]]}
BAD cls=0200 a=1 runclass=4 cand=2,3,3,3,3,1,3,3 lemmafail=- {"sets": [[0, 3, 7], [1, 4, 5, 6], [2, 4, 5, 7], [3, 6, 7]], "vals": [[2, 3, 4], [4, 6, 3, 8], [3, 4, 2, 8], [3, 4, 2]]}
BAD cls=0220 a=1 runclass=5 cand=3,0,0,0,0,-1,0,0 lemmafail=- {"sets": [[0, 3, 6, 7], [1, 4, 6], [2, 5, 7], [3, 4, 5, 7]], "vals": [[2, 3, 8, 4], [2, 3, 4], [2, 4, 3], [2, 4, 8, 3]]}
BAD cls=0220 a=2 runclass=5 cand=0,3,3,3,3,-1,3,3 lemmafail=- {"sets": [[0, 3, 6, 7], [1, 4, 6], [2, 5, 7], [3, 4, 5, 7]], "vals": [[2, 3, 8, 4], [2, 3, 4], [2, 4, 3], [2, 4, 8, 3]]}
BAD cls=0220 a=1 runclass=5 cand=3,0,0,0,0,-1,0,0 lemmafail=- {"sets": [[0, 3, 6, 7], [1, 4, 6], [2, 5, 7], [3, 4, 5, 7]], "vals": [[2, 3, 8, 4], [2, 3, 4], [2, 4, 3], [2, 5, 8, 4]]}
BAD cls=0220 a=2 runclass=5 cand=0,3,3,3,3,-1,3,3 lemmafail=- {"sets": [[0, 3, 6, 7], [1, 4, 6], [2, 5, 7], [3, 4, 5, 7]], "vals": [[2, 3, 8, 4], [2, 3, 4], [2, 4, 3], [2, 5, 8, 4]]}
BAD cls=0220 a=1 runclass=5 cand=3,0,0,0,0,-1,0,0 lemmafail=- {"sets": [[0, 3, 6, 7], [1, 4, 6], [2, 5, 7], [3, 4, 5, 7]], "vals": [[3, 2, 8, 4], [2, 3, 4], [2, 4, 3], [2, 4, 8, 3]]}
BAD cls=0220 a=2 runclass=5 cand=0,3,3,3,3,-1,3,3 lemmafail=- {"sets": [[0, 3, 6, 7], [1, 4, 6], [2, 5, 7], [3, 4, 5, 7]], "vals": [[3, 2, 8, 4], [2, 3, 4], [2, 4, 3], [2, 4, 8, 3]]}
BAD cls=0220 a=1 runclass=5 cand=3,0,0,0,0,-1,0,0 lemmafail=- {"sets": [[0, 3, 6, 7], [1, 4, 6], [2, 5, 7], [3, 4, 5, 7]], "vals": [[3, 2, 8, 4], [2, 3, 4], [2, 4, 3], [2, 5, 8, 4]]}
BAD cls=0220 a=2 runclass=5 cand=0,3,3,3,3,-1,3,3 lemmafail=- {"sets": [[0, 3, 6, 7], [1, 4, 6], [2, 5, 7], [3, 4, 5, 7]], "vals": [[3, 2, 8, 4], [2, 3, 4], [2, 4, 3], [2, 5, 8, 4]]}
BAD cls=0220 a=1 runclass=5 cand=3,0,0,0,0,-1,0,0 lemmafail=- {"sets": [[0, 3, 6, 7], [1, 4, 6], [2, 5, 7], [3, 4, 5, 7]], "vals": [[2, 3, 8, 4], [2, 3, 4], [2, 4, 3], [3, 4, 8, 2]]}
BAD cls=0220 a=2 runclass=5 cand=0,3,3,3,3,-1,3,3 lemmafail=- {"sets": [[0, 3, 6, 7], [1, 4, 6], [2, 5, 7], [3, 4, 5, 7]], "vals": [[2, 3, 8, 4], [2, 3, 4], [2, 4, 3], [3, 4, 8, 2]]}
BAD cls=0220 a=1 runclass=5 cand=3,0,0,0,0,-1,0,0 lemmafail=- {"sets": [[0, 3, 6, 7], [1, 4, 6], [2, 5, 7], [3, 4, 5, 7]], "vals": [[3, 2, 8, 4], [2, 3, 4], [2, 4, 3], [3, 4, 8, 2]]}
BAD cls=0220 a=2 runclass=5 cand=0,3,3,3,3,-1,3,3 lemmafail=- {"sets": [[0, 3, 6, 7], [1, 4, 6], [2, 5, 7], [3, 4, 5, 7]], "vals": [[3, 2, 8, 4], [2, 3, 4], [2, 4, 3], [3, 4, 8, 2]]}
BAD cls=0022 a=2 runclass=5 cand=0,1,1,1,1,-1,1,1 lemmafail=- {"sets": [[0, 2, 4, 7], [1, 3, 5, 6], [2, 3, 4], [5, 6, 7]], "vals": [[2, 3, 4, 8], [2, 8, 3, 4], [2, 4, 3], [2, 3, 4]]}
BAD cls=0022 a=3 runclass=5 cand=1,0,0,0,0,-1,0,0 lemmafail=- {"sets": [[0, 2, 4, 7], [1, 3, 5, 6], [2, 3, 4], [5, 6, 7]], "vals": [[2, 3, 4, 8], [2, 8, 3, 4], [2, 4, 3], [2, 3, 4]]}
MISMATCH lemmam_x.c 0022 here 0011 {"sets": [[0, 2, 4, 7], [1, 3, 5, 6], [2, 3, 4], [5, 6, 7]], "vals": [[2, 4, 3, 8], [2, 8, 3, 4], [2, 4, 3], [2, 3, 4]]}
BAD cls=0022 a=2 runclass=5 cand=0,1,1,1,1,-1,1,1 lemmafail=- {"sets": [[0, 2, 4, 7], [1, 3, 5, 6], [2, 3, 4], [5, 6, 7]], "vals": [[3, 2, 4, 8], [2, 8, 3, 4], [2, 4, 3], [2, 3, 4]]}
BAD cls=0022 a=3 runclass=5 cand=1,0,0,0,0,-1,0,0 lemmafail=- {"sets": [[0, 2, 4, 7], [1, 3, 5, 6], [2, 3, 4], [5, 6, 7]], "vals": [[3, 2, 4, 8], [2, 8, 3, 4], [2, 4, 3], [2, 3, 4]]}
MISMATCH lemmam_x.c 0022 here 0011 {"sets": [[0, 2, 4, 7], [1, 3, 5, 6], [2, 3, 4], [5, 6, 7]], "vals": [[3, 4, 2, 8], [2, 8, 3, 4], [2, 4, 3], [2, 3, 4]]}
MISMATCH lemmam_x.c 0022 here 0011 {"sets": [[0, 2, 4, 7], [1, 3, 5, 6], [2, 3, 4], [5, 6, 7]], "vals": [[2, 3, 4, 8], [2, 8, 4, 3], [2, 4, 3], [2, 3, 4]]}
MISMATCH lemmam_x.c 0022 here 0011 {"sets": [[0, 2, 4, 7], [1, 3, 5, 6], [2, 3, 4], [5, 6, 7]], "vals": [[2, 4, 3, 8], [2, 8, 4, 3], [2, 4, 3], [2, 3, 4]]}
MISMATCH lemmam_x.c 0022 here 0011 {"sets": [[0, 2, 4, 7], [1, 3, 5, 6], [2, 3, 4], [5, 6, 7]], "vals": [[3, 2, 4, 8], [2, 8, 4, 3], [2, 4, 3], [2, 3, 4]]}
MISMATCH lemmam_x.c 0022 here 0011 {"sets": [[0, 2, 4, 7], [1, 3, 5, 6], [2, 3, 4], [5, 6, 7]], "vals": [[3, 4, 2, 8], [2, 8, 4, 3], [2, 4, 3], [2, 3, 4]]}
BAD cls=0022 a=2 runclass=5 cand=0,1,1,1,1,-1,1,1 lemmafail=- {"sets": [[0, 2, 4, 7], [1, 3, 5, 6], [2, 3, 4], [5, 6, 7]], "vals": [[2, 3, 4, 8], [3, 8, 2, 4], [2, 4, 3], [2, 3, 4]]}
BAD cls=0022 a=3 runclass=5 cand=1,0,0,0,0,-1,0,0 lemmafail=- {"sets": [[0, 2, 4, 7], [1, 3, 5, 6], [2, 3, 4], [5, 6, 7]], "vals": [[2, 3, 4, 8], [3, 8, 2, 4], [2, 4, 3], [2, 3, 4]]}
MISMATCH lemmam_x.c 0022 here 0011 {"sets": [[0, 2, 4, 7], [1, 3, 5, 6], [2, 3, 4], [5, 6, 7]], "vals": [[2, 4, 3, 8], [3, 8, 2, 4], [2, 4, 3], [2, 3, 4]]}
BAD cls=0022 a=2 runclass=5 cand=0,1,1,1,1,-1,1,1 lemmafail=- {"sets": [[0, 2, 4, 7], [1, 3, 5, 6], [2, 3, 4], [5, 6, 7]], "vals": [[3, 2, 4, 8], [3, 8, 2, 4], [2, 4, 3], [2, 3, 4]]}
BAD cls=0022 a=3 runclass=5 cand=1,0,0,0,0,-1,0,0 lemmafail=- {"sets": [[0, 2, 4, 7], [1, 3, 5, 6], [2, 3, 4], [5, 6, 7]], "vals": [[3, 2, 4, 8], [3, 8, 2, 4], [2, 4, 3], [2, 3, 4]]}
MISMATCH lemmam_x.c 0022 here 0011 {"sets": [[0, 2, 4, 7], [1, 3, 5, 6], [2, 3, 4], [5, 6, 7]], "vals": [[3, 4, 2, 8], [3, 8, 2, 4], [2, 4, 3], [2, 3, 4]]}
MISMATCH lemmam_x.c 0022 here 0011 {"sets": [[0, 2, 4, 7], [1, 3, 5, 6], [2, 3, 4], [5, 6, 7]], "vals": [[2, 3, 4, 8], [3, 8, 4, 2], [2, 4, 3], [2, 3, 4]]}
MISMATCH lemmam_x.c 0022 here 0011 {"sets": [[0, 2, 4, 7], [1, 3, 5, 6], [2, 3, 4], [5, 6, 7]], "vals": [[2, 4, 3, 8], [3, 8, 4, 2], [2, 4, 3], [2, 3, 4]]}
MISMATCH lemmam_x.c 0022 here 0011 {"sets": [[0, 2, 4, 7], [1, 3, 5, 6], [2, 3, 4], [5, 6, 7]], "vals": [[3, 2, 4, 8], [3, 8, 4, 2], [2, 4, 3], [2, 3, 4]]}
MISMATCH lemmam_x.c 0022 here 0011 {"sets": [[0, 2, 4, 7], [1, 3, 5, 6], [2, 3, 4], [5, 6, 7]], "vals": [[3, 4, 2, 8], [3, 8, 4, 2], [2, 4, 3], [2, 3, 4]]}
MISMATCH lemmam_x.c 0022 here 0011 {"sets": [[0, 2, 4, 7], [1, 3, 5, 6], [2, 3, 4], [5, 6, 7]], "vals": [[2, 3, 4, 8], [2, 8, 3, 4], [3, 4, 2], [2, 3, 4]]}
BAD cls=0022 a=2 runclass=5 cand=0,1,1,1,1,-1,1,1 lemmafail=- {"sets": [[0, 2, 4, 7], [1, 3, 5, 6], [2, 3, 4], [5, 6, 7]], "vals": [[2, 4, 3, 8], [2, 8, 3, 4], [3, 4, 2], [2, 3, 4]]}
BAD cls=0022 a=3 runclass=5 cand=1,0,0,0,0,-1,0,0 lemmafail=- {"sets": [[0, 2, 4, 7], [1, 3, 5, 6], [2, 3, 4], [5, 6, 7]], "vals": [[2, 4, 3, 8], [2, 8, 3, 4], [3, 4, 2], [2, 3, 4]]}
MISMATCH lemmam_x.c 0022 here 0011 {"sets": [[0, 2, 4, 7], [1, 3, 5, 6], [2, 3, 4], [5, 6, 7]], "vals": [[3, 2, 4, 8], [2, 8, 3, 4], [3, 4, 2], [2, 3, 4]]}
BAD cls=0022 a=2 runclass=5 cand=0,1,1,1,1,-1,1,1 lemmafail=- {"sets": [[0, 2, 4, 7], [1, 3, 5, 6], [2, 3, 4], [5, 6, 7]], "vals": [[3, 4, 2, 8], [2, 8, 3, 4], [3, 4, 2], [2, 3, 4]]}
BAD cls=0022 a=3 runclass=5 cand=1,0,0,0,0,-1,0,0 lemmafail=- {"sets": [[0, 2, 4, 7], [1, 3, 5, 6], [2, 3, 4], [5, 6, 7]], "vals": [[3, 4, 2, 8], [2, 8, 3, 4], [3, 4, 2], [2, 3, 4]]}
MISMATCH lemmam_x.c 0022 here 0011 {"sets": [[0, 2, 4, 7], [1, 3, 5, 6], [2, 3, 4], [5, 6, 7]], "vals": [[2, 3, 4, 8], [2, 8, 4, 3], [3, 4, 2], [2, 3, 4]]}
MISMATCH lemmam_x.c 0022 here 0011 {"sets": [[0, 2, 4, 7], [1, 3, 5, 6], [2, 3, 4], [5, 6, 7]], "vals": [[2, 4, 3, 8], [2, 8, 4, 3], [3, 4, 2], [2, 3, 4]]}
MISMATCH lemmam_x.c 0022 here 0011 {"sets": [[0, 2, 4, 7], [1, 3, 5, 6], [2, 3, 4], [5, 6, 7]], "vals": [[3, 2, 4, 8], [2, 8, 4, 3], [3, 4, 2], [2, 3, 4]]}
MISMATCH lemmam_x.c 0022 here 0011 {"sets": [[0, 2, 4, 7], [1, 3, 5, 6], [2, 3, 4], [5, 6, 7]], "vals": [[3, 4, 2, 8], [2, 8, 4, 3], [3, 4, 2], [2, 3, 4]]}
MISMATCH lemmam_x.c 0022 here 0011 {"sets": [[0, 2, 4, 7], [1, 3, 5, 6], [2, 3, 4], [5, 6, 7]], "vals": [[2, 3, 4, 8], [3, 8, 2, 4], [3, 4, 2], [2, 3, 4]]}
BAD cls=0022 a=2 runclass=5 cand=0,1,1,1,1,-1,1,1 lemmafail=- {"sets": [[0, 2, 4, 7], [1, 3, 5, 6], [2, 3, 4], [5, 6, 7]], "vals": [[2, 4, 3, 8], [3, 8, 2, 4], [3, 4, 2], [2, 3, 4]]}
BAD cls=0022 a=3 runclass=5 cand=1,0,0,0,0,-1,0,0 lemmafail=- {"sets": [[0, 2, 4, 7], [1, 3, 5, 6], [2, 3, 4], [5, 6, 7]], "vals": [[2, 4, 3, 8], [3, 8, 2, 4], [3, 4, 2], [2, 3, 4]]}
MISMATCH lemmam_x.c 0022 here 0011 {"sets": [[0, 2, 4, 7], [1, 3, 5, 6], [2, 3, 4], [5, 6, 7]], "vals": [[3, 2, 4, 8], [3, 8, 2, 4], [3, 4, 2], [2, 3, 4]]}
BAD cls=0022 a=2 runclass=5 cand=0,1,1,1,1,-1,1,1 lemmafail=- {"sets": [[0, 2, 4, 7], [1, 3, 5, 6], [2, 3, 4], [5, 6, 7]], "vals": [[3, 4, 2, 8], [3, 8, 2, 4], [3, 4, 2], [2, 3, 4]]}
BAD cls=0022 a=3 runclass=5 cand=1,0,0,0,0,-1,0,0 lemmafail=- {"sets": [[0, 2, 4, 7], [1, 3, 5, 6], [2, 3, 4], [5, 6, 7]], "vals": [[3, 4, 2, 8], [3, 8, 2, 4], [3, 4, 2], [2, 3, 4]]}
MISMATCH lemmam_x.c 0022 here 0011 {"sets": [[0, 2, 4, 7], [1, 3, 5, 6], [2, 3, 4], [5, 6, 7]], "vals": [[2, 3, 4, 8], [3, 8, 4, 2], [3, 4, 2], [2, 3, 4]]}
MISMATCH lemmam_x.c 0022 here 0011 {"sets": [[0, 2, 4, 7], [1, 3, 5, 6], [2, 3, 4], [5, 6, 7]], "vals": [[2, 4, 3, 8], [3, 8, 4, 2], [3, 4, 2], [2, 3, 4]]}
MISMATCH lemmam_x.c 0022 here 0011 {"sets": [[0, 2, 4, 7], [1, 3, 5, 6], [2, 3, 4], [5, 6, 7]], "vals": [[3, 2, 4, 8], [3, 8, 4, 2], [3, 4, 2], [2, 3, 4]]}
MISMATCH lemmam_x.c 0022 here 0011 {"sets": [[0, 2, 4, 7], [1, 3, 5, 6], [2, 3, 4], [5, 6, 7]], "vals": [[3, 4, 2, 8], [3, 8, 4, 2], [3, 4, 2], [2, 3, 4]]}
MISMATCH lemmam_x.c 0022 here 0011 {"sets": [[0, 2, 4, 7], [1, 3, 5, 6], [2, 3, 4], [5, 6, 7]], "vals": [[2, 3, 4, 8], [2, 8, 3, 4], [2, 4, 3], [3, 2, 4]]}
MISMATCH lemmam_x.c 0022 here 0011 {"sets": [[0, 2, 4, 7], [1, 3, 5, 6], [2, 3, 4], [5, 6, 7]], "vals": [[2, 4, 3, 8], [2, 8, 3, 4], [2, 4, 3], [3, 2, 4]]}
MISMATCH lemmam_x.c 0022 here 0011 {"sets": [[0, 2, 4, 7], [1, 3, 5, 6], [2, 3, 4], [5, 6, 7]], "vals": [[3, 2, 4, 8], [2, 8, 3, 4], [2, 4, 3], [3, 2, 4]]}
MISMATCH lemmam_x.c 0022 here 0011 {"sets": [[0, 2, 4, 7], [1, 3, 5, 6], [2, 3, 4], [5, 6, 7]], "vals": [[3, 4, 2, 8], [2, 8, 3, 4], [2, 4, 3], [3, 2, 4]]}
BAD cls=0022 a=2 runclass=5 cand=0,1,1,1,1,-1,1,1 lemmafail=- {"sets": [[0, 2, 4, 7], [1, 3, 5, 6], [2, 3, 4], [5, 6, 7]], "vals": [[2, 3, 4, 8], [2, 8, 4, 3], [2, 4, 3], [3, 2, 4]]}
BAD cls=0022 a=3 runclass=5 cand=1,0,0,0,0,-1,0,0 lemmafail=- {"sets": [[0, 2, 4, 7], [1, 3, 5, 6], [2, 3, 4], [5, 6, 7]], "vals": [[2, 3, 4, 8], [2, 8, 4, 3], [2, 4, 3], [3, 2, 4]]}
MISMATCH lemmam_x.c 0022 here 0011 {"sets": [[0, 2, 4, 7], [1, 3, 5, 6], [2, 3, 4], [5, 6, 7]], "vals": [[2, 4, 3, 8], [2, 8, 4, 3], [2, 4, 3], [3, 2, 4]]}
BAD cls=0022 a=2 runclass=5 cand=0,1,1,1,1,-1,1,1 lemmafail=- {"sets": [[0, 2, 4, 7], [1, 3, 5, 6], [2, 3, 4], [5, 6, 7]], "vals": [[3, 2, 4, 8], [2, 8, 4, 3], [2, 4, 3], [3, 2, 4]]}
BAD cls=0022 a=3 runclass=5 cand=1,0,0,0,0,-1,0,0 lemmafail=- {"sets": [[0, 2, 4, 7], [1, 3, 5, 6], [2, 3, 4], [5, 6, 7]], "vals": [[3, 2, 4, 8], [2, 8, 4, 3], [2, 4, 3], [3, 2, 4]]}
MISMATCH lemmam_x.c 0022 here 0011 {"sets": [[0, 2, 4, 7], [1, 3, 5, 6], [2, 3, 4], [5, 6, 7]], "vals": [[3, 4, 2, 8], [2, 8, 4, 3], [2, 4, 3], [3, 2, 4]]}
MISMATCH lemmam_x.c 0022 here 0011 {"sets": [[0, 2, 4, 7], [1, 3, 5, 6], [2, 3, 4], [5, 6, 7]], "vals": [[2, 3, 4, 8], [3, 8, 2, 4], [2, 4, 3], [3, 2, 4]]}
MISMATCH lemmam_x.c 0022 here 0011 {"sets": [[0, 2, 4, 7], [1, 3, 5, 6], [2, 3, 4], [5, 6, 7]], "vals": [[2, 4, 3, 8], [3, 8, 2, 4], [2, 4, 3], [3, 2, 4]]}
MISMATCH lemmam_x.c 0022 here 0011 {"sets": [[0, 2, 4, 7], [1, 3, 5, 6], [2, 3, 4], [5, 6, 7]], "vals": [[3, 2, 4, 8], [3, 8, 2, 4], [2, 4, 3], [3, 2, 4]]}
MISMATCH lemmam_x.c 0022 here 0011 {"sets": [[0, 2, 4, 7], [1, 3, 5, 6], [2, 3, 4], [5, 6, 7]], "vals": [[3, 4, 2, 8], [3, 8, 2, 4], [2, 4, 3], [3, 2, 4]]}
BAD cls=0022 a=2 runclass=5 cand=0,1,1,1,1,-1,1,1 lemmafail=- {"sets": [[0, 2, 4, 7], [1, 3, 5, 6], [2, 3, 4], [5, 6, 7]], "vals": [[2, 3, 4, 8], [3, 8, 4, 2], [2, 4, 3], [3, 2, 4]]}
BAD cls=0022 a=3 runclass=5 cand=1,0,0,0,0,-1,0,0 lemmafail=- {"sets": [[0, 2, 4, 7], [1, 3, 5, 6], [2, 3, 4], [5, 6, 7]], "vals": [[2, 3, 4, 8], [3, 8, 4, 2], [2, 4, 3], [3, 2, 4]]}
MISMATCH lemmam_x.c 0022 here 0011 {"sets": [[0, 2, 4, 7], [1, 3, 5, 6], [2, 3, 4], [5, 6, 7]], "vals": [[2, 4, 3, 8], [3, 8, 4, 2], [2, 4, 3], [3, 2, 4]]}
BAD cls=0022 a=2 runclass=5 cand=0,1,1,1,1,-1,1,1 lemmafail=- {"sets": [[0, 2, 4, 7], [1, 3, 5, 6], [2, 3, 4], [5, 6, 7]], "vals": [[3, 2, 4, 8], [3, 8, 4, 2], [2, 4, 3], [3, 2, 4]]}
BAD cls=0022 a=3 runclass=5 cand=1,0,0,0,0,-1,0,0 lemmafail=- {"sets": [[0, 2, 4, 7], [1, 3, 5, 6], [2, 3, 4], [5, 6, 7]], "vals": [[3, 2, 4, 8], [3, 8, 4, 2], [2, 4, 3], [3, 2, 4]]}
MISMATCH lemmam_x.c 0022 here 0011 {"sets": [[0, 2, 4, 7], [1, 3, 5, 6], [2, 3, 4], [5, 6, 7]], "vals": [[3, 4, 2, 8], [3, 8, 4, 2], [2, 4, 3], [3, 2, 4]]}
MISMATCH lemmam_x.c 0022 here 0011 {"sets": [[0, 2, 4, 7], [1, 3, 5, 6], [2, 3, 4], [5, 6, 7]], "vals": [[2, 3, 4, 8], [2, 8, 3, 4], [3, 4, 2], [3, 2, 4]]}
MISMATCH lemmam_x.c 0022 here 0011 {"sets": [[0, 2, 4, 7], [1, 3, 5, 6], [2, 3, 4], [5, 6, 7]], "vals": [[2, 4, 3, 8], [2, 8, 3, 4], [3, 4, 2], [3, 2, 4]]}
MISMATCH lemmam_x.c 0022 here 0011 {"sets": [[0, 2, 4, 7], [1, 3, 5, 6], [2, 3, 4], [5, 6, 7]], "vals": [[3, 2, 4, 8], [2, 8, 3, 4], [3, 4, 2], [3, 2, 4]]}
MISMATCH lemmam_x.c 0022 here 0011 {"sets": [[0, 2, 4, 7], [1, 3, 5, 6], [2, 3, 4], [5, 6, 7]], "vals": [[3, 4, 2, 8], [2, 8, 3, 4], [3, 4, 2], [3, 2, 4]]}
MISMATCH lemmam_x.c 0022 here 0011 {"sets": [[0, 2, 4, 7], [1, 3, 5, 6], [2, 3, 4], [5, 6, 7]], "vals": [[2, 3, 4, 8], [2, 8, 4, 3], [3, 4, 2], [3, 2, 4]]}
BAD cls=0022 a=2 runclass=5 cand=0,1,1,1,1,-1,1,1 lemmafail=- {"sets": [[0, 2, 4, 7], [1, 3, 5, 6], [2, 3, 4], [5, 6, 7]], "vals": [[2, 4, 3, 8], [2, 8, 4, 3], [3, 4, 2], [3, 2, 4]]}
BAD cls=0022 a=3 runclass=5 cand=1,0,0,0,0,-1,0,0 lemmafail=- {"sets": [[0, 2, 4, 7], [1, 3, 5, 6], [2, 3, 4], [5, 6, 7]], "vals": [[2, 4, 3, 8], [2, 8, 4, 3], [3, 4, 2], [3, 2, 4]]}
MISMATCH lemmam_x.c 0022 here 0011 {"sets": [[0, 2, 4, 7], [1, 3, 5, 6], [2, 3, 4], [5, 6, 7]], "vals": [[3, 2, 4, 8], [2, 8, 4, 3], [3, 4, 2], [3, 2, 4]]}
BAD cls=0022 a=2 runclass=5 cand=0,1,1,1,1,-1,1,1 lemmafail=- {"sets": [[0, 2, 4, 7], [1, 3, 5, 6], [2, 3, 4], [5, 6, 7]], "vals": [[3, 4, 2, 8], [2, 8, 4, 3], [3, 4, 2], [3, 2, 4]]}
BAD cls=0022 a=3 runclass=5 cand=1,0,0,0,0,-1,0,0 lemmafail=- {"sets": [[0, 2, 4, 7], [1, 3, 5, 6], [2, 3, 4], [5, 6, 7]], "vals": [[3, 4, 2, 8], [2, 8, 4, 3], [3, 4, 2], [3, 2, 4]]}
MISMATCH lemmam_x.c 0022 here 0011 {"sets": [[0, 2, 4, 7], [1, 3, 5, 6], [2, 3, 4], [5, 6, 7]], "vals": [[2, 3, 4, 8], [3, 8, 2, 4], [3, 4, 2], [3, 2, 4]]}
MISMATCH lemmam_x.c 0022 here 0011 {"sets": [[0, 2, 4, 7], [1, 3, 5, 6], [2, 3, 4], [5, 6, 7]], "vals": [[2, 4, 3, 8], [3, 8, 2, 4], [3, 4, 2], [3, 2, 4]]}
MISMATCH lemmam_x.c 0022 here 0011 {"sets": [[0, 2, 4, 7], [1, 3, 5, 6], [2, 3, 4], [5, 6, 7]], "vals": [[3, 2, 4, 8], [3, 8, 2, 4], [3, 4, 2], [3, 2, 4]]}
MISMATCH lemmam_x.c 0022 here 0011 {"sets": [[0, 2, 4, 7], [1, 3, 5, 6], [2, 3, 4], [5, 6, 7]], "vals": [[3, 4, 2, 8], [3, 8, 2, 4], [3, 4, 2], [3, 2, 4]]}
MISMATCH lemmam_x.c 0022 here 0011 {"sets": [[0, 2, 4, 7], [1, 3, 5, 6], [2, 3, 4], [5, 6, 7]], "vals": [[2, 3, 4, 8], [3, 8, 4, 2], [3, 4, 2], [3, 2, 4]]}
BAD cls=0022 a=2 runclass=5 cand=0,1,1,1,1,-1,1,1 lemmafail=- {"sets": [[0, 2, 4, 7], [1, 3, 5, 6], [2, 3, 4], [5, 6, 7]], "vals": [[2, 4, 3, 8], [3, 8, 4, 2], [3, 4, 2], [3, 2, 4]]}
BAD cls=0022 a=3 runclass=5 cand=1,0,0,0,0,-1,0,0 lemmafail=- {"sets": [[0, 2, 4, 7], [1, 3, 5, 6], [2, 3, 4], [5, 6, 7]], "vals": [[2, 4, 3, 8], [3, 8, 4, 2], [3, 4, 2], [3, 2, 4]]}
MISMATCH lemmam_x.c 0022 here 0011 {"sets": [[0, 2, 4, 7], [1, 3, 5, 6], [2, 3, 4], [5, 6, 7]], "vals": [[3, 2, 4, 8], [3, 8, 4, 2], [3, 4, 2], [3, 2, 4]]}
BAD cls=0022 a=2 runclass=5 cand=0,1,1,1,1,-1,1,1 lemmafail=- {"sets": [[0, 2, 4, 7], [1, 3, 5, 6], [2, 3, 4], [5, 6, 7]], "vals": [[3, 4, 2, 8], [3, 8, 4, 2], [3, 4, 2], [3, 2, 4]]}
BAD cls=0022 a=3 runclass=5 cand=1,0,0,0,0,-1,0,0 lemmafail=- {"sets": [[0, 2, 4, 7], [1, 3, 5, 6], [2, 3, 4], [5, 6, 7]], "vals": [[3, 4, 2, 8], [3, 8, 4, 2], [3, 4, 2], [3, 2, 4]]}
BAD cls=2200 a=0 runclass=5 cand=3,2,2,2,2,-1,2,2 lemmafail=- {"sets": [[0, 2, 6], [1, 5, 7], [2, 3, 4, 5], [3, 4, 6, 7]], "vals": [[2, 4, 3], [2, 3, 4], [8, 2, 3, 4], [2, 3, 4, 8]]}
BAD cls=2200 a=1 runclass=5 cand=2,3,3,3,3,-1,3,3 lemmafail=- {"sets": [[0, 2, 6], [1, 5, 7], [2, 3, 4, 5], [3, 4, 6, 7]], "vals": [[2, 4, 3], [2, 3, 4], [8, 2, 3, 4], [2, 3, 4, 8]]}
BAD cls=2200 a=0 runclass=5 cand=3,2,2,2,2,-1,2,2 lemmafail=- {"sets": [[0, 2, 6], [1, 5, 7], [2, 3, 4, 5], [3, 4, 6, 7]], "vals": [[2, 4, 3], [2, 3, 4], [8, 3, 2, 4], [2, 3, 4, 8]]}
BAD cls=2200 a=1 runclass=5 cand=2,3,3,3,3,-1,3,3 lemmafail=- {"sets": [[0, 2, 6], [1, 5, 7], [2, 3, 4, 5], [3, 4, 6, 7]], "vals": [[2, 4, 3], [2, 3, 4], [8, 3, 2, 4], [2, 3, 4, 8]]}
BAD cls=2200 a=0 runclass=5 cand=2,3,3,3,3,-1,3,3 lemmafail=- {"sets": [[0, 2, 6], [1, 5, 7], [2, 3, 4, 5], [3, 4, 6, 7]], "vals": [[2, 3, 4], [2, 4, 3], [4, 2, 3, 8], [2, 3, 8, 4]]}
BAD cls=2200 a=1 runclass=5 cand=3,2,2,2,2,-1,2,2 lemmafail=- {"sets": [[0, 2, 6], [1, 5, 7], [2, 3, 4, 5], [3, 4, 6, 7]], "vals": [[2, 3, 4], [2, 4, 3], [4, 2, 3, 8], [2, 3, 8, 4]]}
BAD cls=2200 a=0 runclass=5 cand=2,3,3,3,3,-1,3,3 lemmafail=- {"sets": [[0, 2, 6], [1, 5, 7], [2, 3, 4, 5], [3, 4, 6, 7]], "vals": [[2, 3, 4], [2, 4, 3], [4, 3, 2, 8], [2, 3, 8, 4]]}
BAD cls=2200 a=1 runclass=5 cand=3,2,2,2,2,-1,2,2 lemmafail=- {"sets": [[0, 2, 6], [1, 5, 7], [2, 3, 4, 5], [3, 4, 6, 7]], "vals": [[2, 3, 4], [2, 4, 3], [4, 3, 2, 8], [2, 3, 8, 4]]}
BAD cls=2200 a=0 runclass=5 cand=3,2,2,2,2,-1,2,2 lemmafail=- {"sets": [[0, 2, 6], [1, 5, 7], [2, 3, 4, 5], [3, 4, 6, 7]], "vals": [[2, 4, 3], [2, 3, 4], [8, 2, 3, 4], [3, 2, 4, 8]]}
BAD cls=2200 a=1 runclass=5 cand=2,3,3,3,3,-1,3,3 lemmafail=- {"sets": [[0, 2, 6], [1, 5, 7], [2, 3, 4, 5], [3, 4, 6, 7]], "vals": [[2, 4, 3], [2, 3, 4], [8, 2, 3, 4], [3, 2, 4, 8]]}
BAD cls=2200 a=0 runclass=5 cand=3,2,2,2,2,-1,2,2 lemmafail=- {"sets": [[0, 2, 6], [1, 5, 7], [2, 3, 4, 5], [3, 4, 6, 7]], "vals": [[2, 4, 3], [2, 3, 4], [8, 3, 2, 4], [3, 2, 4, 8]]}
BAD cls=2200 a=1 runclass=5 cand=2,3,3,3,3,-1,3,3 lemmafail=- {"sets": [[0, 2, 6], [1, 5, 7], [2, 3, 4, 5], [3, 4, 6, 7]], "vals": [[2, 4, 3], [2, 3, 4], [8, 3, 2, 4], [3, 2, 4, 8]]}
BAD cls=2200 a=0 runclass=5 cand=2,3,3,3,3,-1,3,3 lemmafail=- {"sets": [[0, 2, 6], [1, 5, 7], [2, 3, 4, 5], [3, 4, 6, 7]], "vals": [[2, 3, 4], [2, 4, 3], [4, 2, 3, 8], [3, 2, 8, 4]]}
BAD cls=2200 a=1 runclass=5 cand=3,2,2,2,2,-1,2,2 lemmafail=- {"sets": [[0, 2, 6], [1, 5, 7], [2, 3, 4, 5], [3, 4, 6, 7]], "vals": [[2, 3, 4], [2, 4, 3], [4, 2, 3, 8], [3, 2, 8, 4]]}
BAD cls=2200 a=0 runclass=5 cand=2,3,3,3,3,-1,3,3 lemmafail=- {"sets": [[0, 2, 6], [1, 5, 7], [2, 3, 4, 5], [3, 4, 6, 7]], "vals": [[2, 3, 4], [2, 4, 3], [4, 3, 2, 8], [3, 2, 8, 4]]}
BAD cls=2200 a=1 runclass=5 cand=3,2,2,2,2,-1,2,2 lemmafail=- {"sets": [[0, 2, 6], [1, 5, 7], [2, 3, 4, 5], [3, 4, 6, 7]], "vals": [[2, 3, 4], [2, 4, 3], [4, 3, 2, 8], [3, 2, 8, 4]]}
profiles 1420 with no good first agent 0 bad pairs 1612 good/bad disagreements with lemmam_x.c 132 of 1420
  bad pairs by run class (0 omega<=0, 1 A4, 2 B4, 3 G2, 4 one exposed 4-good frozen, 5 free, 6 two or more): {3: 56, 4: 1292, 5: 264}
  conclusions of Lemmas 1-3 that fail (must be none): none
  bad pairs by (blocks of the run, |R_r|, rank of r's pick: 0 top, 1 b, 2 c, 3 d, -1 none): {(1, 4, 1): 580, (1, 4, 2): 1032}
  candidate r                    good 1612 undefined 0 of 1612
  candidate endEF_early          good 1612 undefined 0 of 1612
  candidate endEF_idx            good 1612 undefined 0 of 1612
  candidate endEF_maxload        good 1612 undefined 0 of 1612
  candidate end_of_minidx_EF     good 1612 undefined 0 of 1612
  candidate EF4_minidx           good 0 undefined 320 of 1612
  candidate end_of_earliest_EF   good 1612 undefined 0 of 1612
  candidate freenottop_early     good 1612 undefined 0 of 1612
  weighted by the leaf weights w= (strict profiles per leaf): bad pairs 25960; candidates good: r 25960, endEF_early 25960, endEF_idx 25960, endEF_maxload 25960, end_of_minidx_EF 25960, EF4_minidx 0, end_of_earliest_EF 25960, freenottop_early 25960
