# command: python3 k4/dlrc_run.py certs results/k4_certs_5_pure.json.gz --sample=5000 --seed=2 --bt=all --jobs=4 --progress --ckpt=results/k4_rc/ckpt_c_purebt.jsonl --dump=results/k4_rc/dump_c_purebt.jsonl.gz --tables=results/k4_rc/tables_c_purebt.json
# dlrc.c sha256 f1cf4cc169a347625e5a84bd9c7a8c218f791de6e2a7ce466f59ce357000b1f7
# k4_certs_5_pure.json.gz: cores 0..4673, 4674 units to run, 0 from the checkpoint; 5000 random profiles per unit, seed 2; big-top restriction all
#   unit {'pos': 0, 'blk': None}: om1 0 pos 0 st1 0 fail1 0 t4 0 t4only 0 t2only 0 rtfail 0 rcfail 0 chain 0 t3c 0 keyfail 0 [0.7 s]
#   unit {'pos': 1, 'blk': None}: om1 0 pos 0 st1 0 fail1 0 t4 0 t4only 0 t2only 0 rtfail 0 rcfail 0 chain 0 t3c 0 keyfail 0 [0.8 s]
#   unit {'pos': 2, 'blk': None}: om1 0 pos 0 st1 0 fail1 0 t4 0 t4only 0 t2only 0 rtfail 0 rcfail 0 chain 0 t3c 0 keyfail 0 [0.8 s]
#   unit {'pos': 4, 'blk': None}: om1 0 pos 0 st1 0 fail1 0 t4 0 t4only 0 t2only 0 rtfail 0 rcfail 0 chain 0 t3c 0 keyfail 0 [0.0 s]
#   unit {'pos': 5, 'blk': None}: om1 0 pos 0 st1 0 fail1 0 t4 0 t4only 0 t2only 0 rtfail 0 rcfail 0 chain 0 t3c 0 keyfail 0 [0.0 s]
#   unit {'pos': 3, 'blk': None}: om1 0 pos 0 st1 0 fail1 0 t4 0 t4only 0 t2only 0 rtfail 0 rcfail 0 chain 0 t3c 0 keyfail 0 [0.8 s]
#   unit {'pos': 6, 'blk': None}: om1 0 pos 0 st1 0 fail1 0 t4 0 t4only 0 t2only 0 rtfail 0 rcfail 0 chain 0 t3c 0 keyfail 0 [0.0 s]
#   unit {'pos': 7, 'blk': None}: om1 0 pos 0 st1 0 fail1 0 t4 0 t4only 0 t2only 0 rtfail 0 rcfail 0 chain 0 t3c 0 keyfail 0 [0.0 s]
#   unit {'pos': 8, 'blk': None}: om1 0 pos 0 st1 0 fail1 0 t4 0 t4only 0 t2only 0 rtfail 0 rcfail 0 chain 0 t3c 0 keyfail 0 [0.0 s]
#   unit {'pos': 9, 'blk': None}: om1 0 pos 0 st1 0 fail1 0 t4 0 t4only 0 t2only 0 rtfail 0 rcfail 0 chain 0 t3c 0 keyfail 0 [0.0 s]
#   unit {'pos': 11, 'blk': None}: om1 0 pos 0 st1 0 fail1 0 t4 0 t4only 0 t2only 0 rtfail 0 rcfail 0 chain 0 t3c 0 keyfail 0 [0.0 s]
#   unit {'pos': 10, 'blk': None}: om1 0 pos 0 st1 0 fail1 0 t4 0 t4only 0 t2only 0 rtfail 0 rcfail 0 chain 0 t3c 0 keyfail 0 [0.0 s]
#   unit {'pos': 13, 'blk': None}: om1 0 pos 0 st1 0 fail1 0 t4 0 t4only 0 t2only 0 rtfail 0 rcfail 0 chain 0 t3c 0 keyfail 0 [0.0 s]
#   unit {'pos': 12, 'blk': None}: om1 0 pos 0 st1 0 fail1 0 t4 0 t4only 0 t2only 0 rtfail 0 rcfail 0 chain 0 t3c 0 keyfail 0 [0.0 s]
#   unit {'pos': 14, 'blk': None}: om1 0 pos 0 st1 0 fail1 0 t4 0 t4only 0 t2only 0 rtfail 0 rcfail 0 chain 0 t3c 0 keyfail 0 [0.0 s]
#   unit {'pos': 15, 'blk': None}: om1 0 pos 0 st1 0 fail1 0 t4 0 t4only 0 t2only 0 rtfail 0 rcfail 0 chain 0 t3c 0 keyfail 0 [0.0 s]
#   unit {'pos': 16, 'blk': None}: om1 0 pos 0 st1 0 fail1 0 t4 0 t4only 0 t2only 0 rtfail 0 rcfail 0 chain 0 t3c 0 keyfail 0 [0.0 s]
#   unit {'pos': 17, 'blk': None}: om1 0 pos 0 st1 0 fail1 0 t4 0 t4only 0 t2only 0 rtfail 0 rcfail 0 chain 0 t3c 0 keyfail 0 [0.0 s]
#   unit {'pos': 18, 'blk': None}: om1 0 pos 0 st1 0 fail1 0 t4 0 t4only 0 t2only 0 rtfail 0 rcfail 0 chain 0 t3c 0 keyfail 0 [0.0 s]
#   unit {'pos': 19, 'blk': None}: om1 0 pos 0 st1 0 fail1 0 t4 0 t4only 0 t2only 0 rtfail 0 rcfail 0 chain 0 t3c 0 keyfail 0 [0.0 s]
#   unit {'pos': 21, 'blk': None}: om1 0 pos 0 st1 0 fail1 0 t4 0 t4only 0 t2only 0 rtfail 0 rcfail 0 chain 0 t3c 0 keyfail 0 [0.0 s]
#   unit {'pos': 20, 'blk': None}: om1 0 pos 0 st1 0 fail1 0 t4 0 t4only 0 t2only 0 rtfail 0 rcfail 0 chain 0 t3c 0 keyfail 0 [0.0 s]
#   unit {'pos': 23, 'blk': None}: om1 0 pos 0 st1 0 fail1 0 t4 0 t4only 0 t2only 0 rtfail 0 rcfail 0 chain 0 t3c 0 keyfail 0 [0.0 s]
#   unit {'pos': 22, 'blk': None}: om1 0 pos 0 st1 0 fail1 0 t4 0 t4only 0 t2only 0 rtfail 0 rcfail 0 chain 0 t3c 0 keyfail 0 [0.0 s]
#   unit {'pos': 25, 'blk': None}: om1 0 pos 0 st1 0 fail1 0 t4 0 t4only 0 t2only 0 rtfail 0 rcfail 0 chain 0 t3c 0 keyfail 0 [0.0 s]
#   unit {'pos': 24, 'blk': None}: om1 0 pos 0 st1 0 fail1 0 t4 0 t4only 0 t2only 0 rtfail 0 rcfail 0 chain 0 t3c 0 keyfail 0 [0.0 s]
#   unit {'pos': 26, 'blk': None}: om1 0 pos 0 st1 0 fail1 0 t4 0 t4only 0 t2only 0 rtfail 0 rcfail 0 chain 0 t3c 0 keyfail 0 [0.0 s]
#   unit {'pos': 27, 'blk': None}: om1 0 pos 0 st1 0 fail1 0 t4 0 t4only 0 t2only 0 rtfail 0 rcfail 0 chain 0 t3c 0 keyfail 0 [0.0 s]
#   unit {'pos': 28, 'blk': None}: om1 0 pos 0 st1 0 fail1 0 t4 0 t4only 0 t2only 0 rtfail 0 rcfail 0 chain 0 t3c 0 keyfail 0 [0.0 s]
#   unit {'pos': 29, 'blk': None}: om1 0 pos 0 st1 0 fail1 0 t4 0 t4only 0 t2only 0 rtfail 0 rcfail 0 chain 0 t3c 0 keyfail 0 [0.0 s]
#   unit {'pos': 30, 'blk': None}: om1 0 pos 0 st1 0 fail1 0 t4 0 t4only 0 t2only 0 rtfail 0 rcfail 0 chain 0 t3c 0 keyfail 0 [0.0 s]
#   unit {'pos': 31, 'blk': None}: om1 0 pos 0 st1 0 fail1 0 t4 0 t4only 0 t2only 0 rtfail 0 rcfail 0 chain 0 t3c 0 keyfail 0 [0.0 s]
#   unit {'pos': 33, 'blk': None}: om1 0 pos 0 st1 0 fail1 0 t4 0 t4only 0 t2only 0 rtfail 0 rcfail 0 chain 0 t3c 0 keyfail 0 [0.0 s]
#   unit {'pos': 34, 'blk': None}: om1 0 pos 0 st1 0 fail1 0 t4 0 t4only 0 t2only 0 rtfail 0 rcfail 0 chain 0 t3c 0 keyfail 0 [0.0 s]
#   unit {'pos': 35, 'blk': None}: om1 0 pos 0 st1 0 fail1 0 t4 0 t4only 0 t2only 0 rtfail 0 rcfail 0 chain 0 t3c 0 keyfail 0 [0.0 s]
#   unit {'pos': 32, 'blk': None}: om1 0 pos 0 st1 0 fail1 0 t4 0 t4only 0 t2only 0 rtfail 0 rcfail 0 chain 0 t3c 0 keyfail 0 [0.0 s]
#   unit {'pos': 36, 'blk': None}: om1 0 pos 0 st1 0 fail1 0 t4 0 t4only 0 t2only 0 rtfail 0 rcfail 0 chain 0 t3c 0 keyfail 0 [0.0 s]
#   unit {'pos': 38, 'blk': None}: om1 0 pos 0 st1 0 fail1 0 t4 0 t4only 0 t2only 0 rtfail 0 rcfail 0 chain 0 t3c 0 keyfail 0 [0.0 s]
#   unit {'pos': 37, 'blk': None}: om1 0 pos 0 st1 0 fail1 0 t4 0 t4only 0 t2only 0 rtfail 0 rcfail 0 chain 0 t3c 0 keyfail 0 [0.0 s]
#   unit {'pos': 39, 'blk': None}: om1 0 pos 0 st1 0 fail1 0 t4 0 t4only 0 t2only 0 rtfail 0 rcfail 0 chain 0 t3c 0 keyfail 0 [0.0 s]
#   unit {'pos': 40, 'blk': None}: om1 0 pos 0 st1 0 fail1 0 t4 0 t4only 0 t2only 0 rtfail 0 rcfail 0 chain 0 t3c 0 keyfail 0 [0.0 s]
#   unit {'pos': 41, 'blk': None}: om1 0 pos 0 st1 0 fail1 0 t4 0 t4only 0 t2only 0 rtfail 0 rcfail 0 chain 0 t3c 0 keyfail 0 [0.0 s]
#   unit {'pos': 42, 'blk': None}: om1 0 pos 0 st1 0 fail1 0 t4 0 t4only 0 t2only 0 rtfail 0 rcfail 0 chain 0 t3c 0 keyfail 0 [0.0 s]
#   unit {'pos': 43, 'blk': None}: om1 0 pos 0 st1 0 fail1 0 t4 0 t4only 0 t2only 0 rtfail 0 rcfail 0 chain 0 t3c 0 keyfail 0 [0.0 s]
#   unit {'pos': 45, 'blk': None}: om1 0 pos 0 st1 0 fail1 0 t4 0 t4only 0 t2only 0 rtfail 0 rcfail 0 chain 0 t3c 0 keyfail 0 [0.0 s]
#   unit {'pos': 44, 'blk': None}: om1 0 pos 0 st1 0 fail1 0 t4 0 t4only 0 t2only 0 rtfail 0 rcfail 0 chain 0 t3c 0 keyfail 0 [0.0 s]
#   unit {'pos': 46, 'blk': None}: om1 0 pos 0 st1 0 fail1 0 t4 0 t4only 0 t2only 0 rtfail 0 rcfail 0 chain 0 t3c 0 keyfail 0 [0.0 s]
#   unit {'pos': 48, 'blk': None}: om1 0 pos 0 st1 0 fail1 0 t4 0 t4only 0 t2only 0 rtfail 0 rcfail 0 chain 0 t3c 0 keyfail 0 [0.0 s]
#   unit {'pos': 49, 'blk': None}: om1 0 pos 0 st1 0 fail1 0 t4 0 t4only 0 t2only 0 rtfail 0 rcfail 0 chain 0 t3c 0 keyfail 0 [0.0 s]
#   unit {'pos': 47, 'blk': None}: om1 0 pos 0 st1 0 fail1 0 t4 0 t4only 0 t2only 0 rtfail 0 rcfail 0 chain 0 t3c 0 keyfail 0 [0.0 s]
#   unit {'pos': 50, 'blk': None}: om1 0 pos 0 st1 0 fail1 0 t4 0 t4only 0 t2only 0 rtfail 0 rcfail 0 chain 0 t3c 0 keyfail 0 [0.0 s]
#   unit {'pos': 51, 'blk': None}: om1 0 pos 0 st1 0 fail1 0 t4 0 t4only 0 t2only 0 rtfail 0 rcfail 0 chain 0 t3c 0 keyfail 0 [0.0 s]
#   unit {'pos': 54, 'blk': None}: om1 4 pos 0 st1 0 fail1 0 t4 0 t4only 0 t2only 0 rtfail 0 rcfail 0 chain 0 t3c 0 keyfail 0 [0.0 s]
#   unit {'pos': 52, 'blk': None}: om1 1 pos 0 st1 0 fail1 0 t4 0 t4only 0 t2only 0 rtfail 0 rcfail 0 chain 0 t3c 0 keyfail 0 [0.0 s]
#   unit {'pos': 55, 'blk': None}: om1 2 pos 0 st1 0 fail1 0 t4 0 t4only 0 t2only 0 rtfail 0 rcfail 0 chain 0 t3c 0 keyfail 0 [0.0 s]
#   unit {'pos': 53, 'blk': None}: om1 0 pos 0 st1 0 fail1 0 t4 0 t4only 0 t2only 0 rtfail 0 rcfail 0 chain 0 t3c 0 keyfail 0 [0.0 s]
#   unit {'pos': 56, 'blk': None}: om1 2 pos 0 st1 0 fail1 0 t4 0 t4only 0 t2only 0 rtfail 0 rcfail 0 chain 0 t3c 0 keyfail 0 [0.0 s]
#   unit {'pos': 58, 'blk': None}: om1 0 pos 0 st1 0 fail1 0 t4 0 t4only 0 t2only 0 rtfail 0 rcfail 0 chain 0 t3c 0 keyfail 0 [0.0 s]
#   unit {'pos': 57, 'blk': None}: om1 1 pos 0 st1 0 fail1 0 t4 0 t4only 0 t2only 0 rtfail 0 rcfail 0 chain 0 t3c 0 keyfail 0 [0.0 s]
#   unit {'pos': 59, 'blk': None}: om1 0 pos 0 st1 0 fail1 0 t4 0 t4only 0 t2only 0 rtfail 0 rcfail 0 chain 0 t3c 0 keyfail 0 [0.0 s]
#   unit {'pos': 60, 'blk': None}: om1 2 pos 0 st1 0 fail1 0 t4 0 t4only 0 t2only 0 rtfail 0 rcfail 0 chain 0 t3c 0 keyfail 0 [0.0 s]
#   unit {'pos': 62, 'blk': None}: om1 0 pos 0 st1 0 fail1 0 t4 0 t4only 0 t2only 0 rtfail 0 rcfail 0 chain 0 t3c 0 keyfail 0 [0.0 s]
#   unit {'pos': 64, 'blk': None}: om1 10 pos 30 st1 30 fail1 0 t4 30 t4only 0 t2only 0 rtfail 0 rcfail 0 chain 0 t3c 30 keyfail 0 [0.0 s]
#   unit {'pos': 61, 'blk': None}: om1 0 pos 0 st1 0 fail1 0 t4 0 t4only 0 t2only 0 rtfail 0 rcfail 0 chain 0 t3c 0 keyfail 0 [0.0 s]
#   unit {'pos': 63, 'blk': None}: om1 0 pos 0 st1 0 fail1 0 t4 0 t4only 0 t2only 0 rtfail 0 rcfail 0 chain 0 t3c 0 keyfail 0 [0.0 s]
#   unit {'pos': 66, 'blk': None}: om1 6 pos 0 st1 0 fail1 0 t4 0 t4only 0 t2only 0 rtfail 0 rcfail 0 chain 0 t3c 0 keyfail 0 [0.0 s]
#   unit {'pos': 65, 'blk': None}: om1 7 pos 24 st1 24 fail1 0 t4 24 t4only 6 t2only 0 rtfail 6 rcfail 0 chain 0 t3c 24 keyfail 0 [0.0 s]
#   unit {'pos': 68, 'blk': None}: om1 3 pos 0 st1 0 fail1 0 t4 0 t4only 0 t2only 0 rtfail 0 rcfail 0 chain 0 t3c 0 keyfail 0 [0.0 s]
#   unit {'pos': 67, 'blk': None}: om1 9 pos 0 st1 0 fail1 0 t4 0 t4only 0 t2only 0 rtfail 0 rcfail 0 chain 0 t3c 0 keyfail 0 [0.0 s]
#   unit {'pos': 70, 'blk': None}: om1 0 pos 0 st1 0 fail1 0 t4 0 t4only 0 t2only 0 rtfail 0 rcfail 0 chain 0 t3c 0 keyfail 0 [0.0 s]
#   unit {'pos': 71, 'blk': None}: om1 0 pos 0 st1 0 fail1 0 t4 0 t4only 0 t2only 0 rtfail 0 rcfail 0 chain 0 t3c 0 keyfail 0 [0.0 s]
#   unit {'pos': 69, 'blk': None}: om1 3 pos 0 st1 0 fail1 0 t4 0 t4only 0 t2only 0 rtfail 0 rcfail 0 chain 0 t3c 0 keyfail 0 [0.0 s]
#   unit {'pos': 72, 'blk': None}: om1 3 pos 0 st1 0 fail1 0 t4 0 t4only 0 t2only 0 rtfail 0 rcfail 0 chain 0 t3c 0 keyfail 0 [0.0 s]
#   unit {'pos': 73, 'blk': None}: om1 1 pos 0 st1 0 fail1 0 t4 0 t4only 0 t2only 0 rtfail 0 rcfail 0 chain 0 t3c 0 keyfail 0 [0.0 s]
#   unit {'pos': 74, 'blk': None}: om1 1 pos 0 st1 0 fail1 0 t4 0 t4only 0 t2only 0 rtfail 0 rcfail 0 chain 0 t3c 0 keyfail 0 [0.0 s]
#   unit {'pos': 75, 'blk': None}: om1 0 pos 0 st1 0 fail1 0 t4 0 t4only 0 t2only 0 rtfail 0 rcfail 0 chain 0 t3c 0 keyfail 0 [0.0 s]
#   unit {'pos': 76, 'blk': None}: om1 0 pos 0 st1 0 fail1 0 t4 0 t4only 0 t2only 0 rtfail 0 rcfail 0 chain 0 t3c 0 keyfail 0 [0.0 s]
#   unit {'pos': 77, 'blk': None}: om1 0 pos 0 st1 0 fail1 0 t4 0 t4only 0 t2only 0 rtfail 0 rcfail 0 chain 0 t3c 0 keyfail 0 [0.0 s]
#   unit {'pos': 78, 'blk': None}: om1 1 pos 0 st1 0 fail1 0 t4 0 t4only 0 t2only 0 rtfail 0 rcfail 0 chain 0 t3c 0 keyfail 0 [0.0 s]
#   unit {'pos': 79, 'blk': None}: om1 2 pos 0 st1 0 fail1 0 t4 0 t4only 0 t2only 0 rtfail 0 rcfail 0 chain 0 t3c 0 keyfail 0 [0.0 s]
#   unit {'pos': 81, 'blk': None}: om1 0 pos 0 st1 0 fail1 0 t4 0 t4only 0 t2only 0 rtfail 0 rcfail 0 chain 0 t3c 0 keyfail 0 [0.0 s]
#   unit {'pos': 80, 'blk': None}: om1 2 pos 0 st1 0 fail1 0 t4 0 t4only 0 t2only 0 rtfail 0 rcfail 0 chain 0 t3c 0 keyfail 0 [0.0 s]
#   unit {'pos': 82, 'blk': None}: om1 0 pos 0 st1 0 fail1 0 t4 0 t4only 0 t2only 0 rtfail 0 rcfail 0 chain 0 t3c 0 keyfail 0 [0.0 s]
#   unit {'pos': 83, 'blk': None}: om1 2 pos 0 st1 0 fail1 0 t4 0 t4only 0 t2only 0 rtfail 0 rcfail 0 chain 0 t3c 0 keyfail 0 [0.0 s]
#   unit {'pos': 84, 'blk': None}: om1 0 pos 0 st1 0 fail1 0 t4 0 t4only 0 t2only 0 rtfail 0 rcfail 0 chain 0 t3c 0 keyfail 0 [0.0 s]
#   unit {'pos': 86, 'blk': None}: om1 0 pos 0 st1 0 fail1 0 t4 0 t4only 0 t2only 0 rtfail 0 rcfail 0 chain 0 t3c 0 keyfail 0 [0.0 s]
#   unit {'pos': 85, 'blk': None}: om1 0 pos 0 st1 0 fail1 0 t4 0 t4only 0 t2only 0 rtfail 0 rcfail 0 chain 0 t3c 0 keyfail 0 [0.0 s]
#   unit {'pos': 87, 'blk': None}: om1 0 pos 0 st1 0 fail1 0 t4 0 t4only 0 t2only 0 rtfail 0 rcfail 0 chain 0 t3c 0 keyfail 0 [0.0 s]
#   unit {'pos': 89, 'blk': None}: om1 0 pos 0 st1 0 fail1 0 t4 0 t4only 0 t2only 0 rtfail 0 rcfail 0 chain 0 t3c 0 keyfail 0 [0.0 s]
#   unit {'pos': 88, 'blk': None}: om1 1 pos 0 st1 0 fail1 0 t4 0 t4only 0 t2only 0 rtfail 0 rcfail 0 chain 0 t3c 0 keyfail 0 [0.0 s]
#   unit {'pos': 90, 'blk': None}: om1 0 pos 0 st1 0 fail1 0 t4 0 t4only 0 t2only 0 rtfail 0 rcfail 0 chain 0 t3c 0 keyfail 0 [0.0 s]
#   unit {'pos': 91, 'blk': None}: om1 0 pos 0 st1 0 fail1 0 t4 0 t4only 0 t2only 0 rtfail 0 rcfail 0 chain 0 t3c 0 keyfail 0 [0.0 s]
#   unit {'pos': 92, 'blk': None}: om1 0 pos 0 st1 0 fail1 0 t4 0 t4only 0 t2only 0 rtfail 0 rcfail 0 chain 0 t3c 0 keyfail 0 [0.0 s]
#   unit {'pos': 93, 'blk': None}: om1 0 pos 0 st1 0 fail1 0 t4 0 t4only 0 t2only 0 rtfail 0 rcfail 0 chain 0 t3c 0 keyfail 0 [0.0 s]
#   unit {'pos': 94, 'blk': None}: om1 0 pos 0 st1 0 fail1 0 t4 0 t4only 0 t2only 0 rtfail 0 rcfail 0 chain 0 t3c 0 keyfail 0 [0.0 s]
#   unit {'pos': 95, 'blk': None}: om1 0 pos 0 st1 0 fail1 0 t4 0 t4only 0 t2only 0 rtfail 0 rcfail 0 chain 0 t3c 0 keyfail 0 [0.0 s]
#   unit {'pos': 96, 'blk': None}: om1 0 pos 0 st1 0 fail1 0 t4 0 t4only 0 t2only 0 rtfail 0 rcfail 0 chain 0 t3c 0 keyfail 0 [0.0 s]
#   unit {'pos': 97, 'blk': None}: om1 1 pos 0 st1 0 fail1 0 t4 0 t4only 0 t2only 0 rtfail 0 rcfail 0 chain 0 t3c 0 keyfail 0 [0.0 s]
#   unit {'pos': 98, 'blk': None}: om1 0 pos 0 st1 0 fail1 0 t4 0 t4only 0 t2only 0 rtfail 0 rcfail 0 chain 0 t3c 0 keyfail 0 [0.0 s]
#   unit {'pos': 99, 'blk': None}: om1 0 pos 0 st1 0 fail1 0 t4 0 t4only 0 t2only 0 rtfail 0 rcfail 0 chain 0 t3c 0 keyfail 0 [0.0 s]
#   unit {'pos': 100, 'blk': None}: om1 0 pos 0 st1 0 fail1 0 t4 0 t4only 0 t2only 0 rtfail 0 rcfail 0 chain 0 t3c 0 keyfail 0 [0.0 s]
#   unit {'pos': 101, 'blk': None}: om1 0 pos 0 st1 0 fail1 0 t4 0 t4only 0 t2only 0 rtfail 0 rcfail 0 chain 0 t3c 0 keyfail 0 [0.0 s]
#   unit {'pos': 102, 'blk': None}: om1 0 pos 0 st1 0 fail1 0 t4 0 t4only 0 t2only 0 rtfail 0 rcfail 0 chain 0 t3c 0 keyfail 0 [0.0 s]
#   unit {'pos': 103, 'blk': None}: om1 0 pos 0 st1 0 fail1 0 t4 0 t4only 0 t2only 0 rtfail 0 rcfail 0 chain 0 t3c 0 keyfail 0 [0.0 s]
#   unit {'pos': 104, 'blk': None}: om1 0 pos 0 st1 0 fail1 0 t4 0 t4only 0 t2only 0 rtfail 0 rcfail 0 chain 0 t3c 0 keyfail 0 [0.0 s]
#   unit {'pos': 105, 'blk': None}: om1 0 pos 0 st1 0 fail1 0 t4 0 t4only 0 t2only 0 rtfail 0 rcfail 0 chain 0 t3c 0 keyfail 0 [0.0 s]
#   unit {'pos': 106, 'blk': None}: om1 0 pos 0 st1 0 fail1 0 t4 0 t4only 0 t2only 0 rtfail 0 rcfail 0 chain 0 t3c 0 keyfail 0 [0.0 s]
#   unit {'pos': 109, 'blk': None}: om1 0 pos 0 st1 0 fail1 0 t4 0 t4only 0 t2only 0 rtfail 0 rcfail 0 chain 0 t3c 0 keyfail 0 [0.0 s]
#   unit {'pos': 107, 'blk': None}: om1 0 pos 0 st1 0 fail1 0 t4 0 t4only 0 t2only 0 rtfail 0 rcfail 0 chain 0 t3c 0 keyfail 0 [0.0 s]
#   unit {'pos': 108, 'blk': None}: om1 0 pos 0 st1 0 fail1 0 t4 0 t4only 0 t2only 0 rtfail 0 rcfail 0 chain 0 t3c 0 keyfail 0 [0.0 s]
#   unit {'pos': 110, 'blk': None}: om1 0 pos 0 st1 0 fail1 0 t4 0 t4only 0 t2only 0 rtfail 0 rcfail 0 chain 0 t3c 0 keyfail 0 [0.0 s]
#   unit {'pos': 111, 'blk': None}: om1 0 pos 0 st1 0 fail1 0 t4 0 t4only 0 t2only 0 rtfail 0 rcfail 0 chain 0 t3c 0 keyfail 0 [0.0 s]
#   unit {'pos': 112, 'blk': None}: om1 0 pos 0 st1 0 fail1 0 t4 0 t4only 0 t2only 0 rtfail 0 rcfail 0 chain 0 t3c 0 keyfail 0 [0.0 s]
#   unit {'pos': 114, 'blk': None}: om1 0 pos 0 st1 0 fail1 0 t4 0 t4only 0 t2only 0 rtfail 0 rcfail 0 chain 0 t3c 0 keyfail 0 [0.0 s]
#   unit {'pos': 113, 'blk': None}: om1 0 pos 0 st1 0 fail1 0 t4 0 t4only 0 t2only 0 rtfail 0 rcfail 0 chain 0 t3c 0 keyfail 0 [0.0 s]
#   unit {'pos': 116, 'blk': None}: om1 0 pos 0 st1 0 fail1 0 t4 0 t4only 0 t2only 0 rtfail 0 rcfail 0 chain 0 t3c 0 keyfail 0 [0.0 s]
#   unit {'pos': 115, 'blk': None}: om1 0 pos 0 st1 0 fail1 0 t4 0 t4only 0 t2only 0 rtfail 0 rcfail 0 chain 0 t3c 0 keyfail 0 [0.0 s]
#   unit {'pos': 118, 'blk': None}: om1 0 pos 0 st1 0 fail1 0 t4 0 t4only 0 t2only 0 rtfail 0 rcfail 0 chain 0 t3c 0 keyfail 0 [0.0 s]
#   unit {'pos': 117, 'blk': None}: om1 0 pos 0 st1 0 fail1 0 t4 0 t4only 0 t2only 0 rtfail 0 rcfail 0 chain 0 t3c 0 keyfail 0 [0.0 s]
#   unit {'pos': 120, 'blk': None}: om1 0 pos 0 st1 0 fail1 0 t4 0 t4only 0 t2only 0 rtfail 0 rcfail 0 chain 0 t3c 0 keyfail 0 [0.0 s]
#   unit {'pos': 119, 'blk': None}: om1 0 pos 0 st1 0 fail1 0 t4 0 t4only 0 t2only 0 rtfail 0 rcfail 0 chain 0 t3c 0 keyfail 0 [0.0 s]
#   unit {'pos': 123, 'blk': None}: om1 0 pos 0 st1 0 fail1 0 t4 0 t4only 0 t2only 0 rtfail 0 rcfail 0 chain 0 t3c 0 keyfail 0 [0.0 s]
#   unit {'pos': 122, 'blk': None}: om1 0 pos 0 st1 0 fail1 0 t4 0 t4only 0 t2only 0 rtfail 0 rcfail 0 chain 0 t3c 0 keyfail 0 [0.0 s]
#   unit {'pos': 121, 'blk': None}: om1 0 pos 0 st1 0 fail1 0 t4 0 t4only 0 t2only 0 rtfail 0 rcfail 0 chain 0 t3c 0 keyfail 0 [0.0 s]
#   unit {'pos': 124, 'blk': None}: om1 0 pos 0 st1 0 fail1 0 t4 0 t4only 0 t2only 0 rtfail 0 rcfail 0 chain 0 t3c 0 keyfail 0 [0.0 s]
#   unit {'pos': 125, 'blk': None}: om1 0 pos 0 st1 0 fail1 0 t4 0 t4only 0 t2only 0 rtfail 0 rcfail 0 chain 0 t3c 0 keyfail 0 [0.0 s]
#   unit {'pos': 126, 'blk': None}: om1 0 pos 0 st1 0 fail1 0 t4 0 t4only 0 t2only 0 rtfail 0 rcfail 0 chain 0 t3c 0 keyfail 0 [0.0 s]
#   unit {'pos': 127, 'blk': None}: om1 0 pos 0 st1 0 fail1 0 t4 0 t4only 0 t2only 0 rtfail 0 rcfail 0 chain 0 t3c 0 keyfail 0 [0.0 s]
#   unit {'pos': 128, 'blk': None}: om1 1 pos 0 st1 0 fail1 0 t4 0 t4only 0 t2only 0 rtfail 0 rcfail 0 chain 0 t3c 0 keyfail 0 [0.0 s]
#   unit {'pos': 129, 'blk': None}: om1 1 pos 0 st1 0 fail1 0 t4 0 t4only 0 t2only 0 rtfail 0 rcfail 0 chain 0 t3c 0 keyfail 0 [0.0 s]
#   unit {'pos': 130, 'blk': None}: om1 0 pos 0 st1 0 fail1 0 t4 0 t4only 0 t2only 0 rtfail 0 rcfail 0 chain 0 t3c 0 keyfail 0 [0.0 s]
#   unit {'pos': 131, 'blk': None}: om1 0 pos 0 st1 0 fail1 0 t4 0 t4only 0 t2only 0 rtfail 0 rcfail 0 chain 0 t3c 0 keyfail 0 [0.0 s]
#   unit {'pos': 132, 'blk': None}: om1 0 pos 0 st1 0 fail1 0 t4 0 t4only 0 t2only 0 rtfail 0 rcfail 0 chain 0 t3c 0 keyfail 0 [0.0 s]
#   unit {'pos': 133, 'blk': None}: om1 0 pos 0 st1 0 fail1 0 t4 0 t4only 0 t2only 0 rtfail 0 rcfail 0 chain 0 t3c 0 keyfail 0 [0.0 s]
#   unit {'pos': 134, 'blk': None}: om1 2 pos 0 st1 0 fail1 0 t4 0 t4only 0 t2only 0 rtfail 0 rcfail 0 chain 0 t3c 0 keyfail 0 [0.0 s]
#   unit {'pos': 136, 'blk': None}: om1 0 pos 0 st1 0 fail1 0 t4 0 t4only 0 t2only 0 rtfail 0 rcfail 0 chain 0 t3c 0 keyfail 0 [0.0 s]
#   unit {'pos': 135, 'blk': None}: om1 0 pos 0 st1 0 fail1 0 t4 0 t4only 0 t2only 0 rtfail 0 rcfail 0 chain 0 t3c 0 keyfail 0 [0.0 s]
#   unit {'pos': 137, 'blk': None}: om1 0 pos 0 st1 0 fail1 0 t4 0 t4only 0 t2only 0 rtfail 0 rcfail 0 chain 0 t3c 0 keyfail 0 [0.0 s]
#   unit {'pos': 138, 'blk': None}: om1 0 pos 0 st1 0 fail1 0 t4 0 t4only 0 t2only 0 rtfail 0 rcfail 0 chain 0 t3c 0 keyfail 0 [0.0 s]
#   unit {'pos': 139, 'blk': None}: om1 0 pos 0 st1 0 fail1 0 t4 0 t4only 0 t2only 0 rtfail 0 rcfail 0 chain 0 t3c 0 keyfail 0 [0.0 s]
#   unit {'pos': 140, 'blk': None}: om1 0 pos 0 st1 0 fail1 0 t4 0 t4only 0 t2only 0 rtfail 0 rcfail 0 chain 0 t3c 0 keyfail 0 [0.0 s]
#   unit {'pos': 141, 'blk': None}: om1 0 pos 0 st1 0 fail1 0 t4 0 t4only 0 t2only 0 rtfail 0 rcfail 0 chain 0 t3c 0 keyfail 0 [0.0 s]
#   unit {'pos': 142, 'blk': None}: om1 0 pos 0 st1 0 fail1 0 t4 0 t4only 0 t2only 0 rtfail 0 rcfail 0 chain 0 t3c 0 keyfail 0 [0.0 s]
#   unit {'pos': 143, 'blk': None}: om1 1 pos 0 st1 0 fail1 0 t4 0 t4only 0 t2only 0 rtfail 0 rcfail 0 chain 0 t3c 0 keyfail 0 [0.0 s]
#   unit {'pos': 144, 'blk': None}: om1 0 pos 0 st1 0 fail1 0 t4 0 t4only 0 t2only 0 rtfail 0 rcfail 0 chain 0 t3c 0 keyfail 0 [0.0 s]
#   unit {'pos': 145, 'blk': None}: om1 1 pos 0 st1 0 fail1 0 t4 0 t4only 0 t2only 0 rtfail 0 rcfail 0 chain 0 t3c 0 keyfail 0 [0.0 s]
#   unit {'pos': 147, 'blk': None}: om1 0 pos 0 st1 0 fail1 0 t4 0 t4only 0 t2only 0 rtfail 0 rcfail 0 chain 0 t3c 0 keyfail 0 [0.0 s]
#   unit {'pos': 148, 'blk': None}: om1 0 pos 0 st1 0 fail1 0 t4 0 t4only 0 t2only 0 rtfail 0 rcfail 0 chain 0 t3c 0 keyfail 0 [0.0 s]
#   unit {'pos': 146, 'blk': None}: om1 0 pos 0 st1 0 fail1 0 t4 0 t4only 0 t2only 0 rtfail 0 rcfail 0 chain 0 t3c 0 keyfail 0 [0.0 s]
#   unit {'pos': 149, 'blk': None}: om1 0 pos 0 st1 0 fail1 0 t4 0 t4only 0 t2only 0 rtfail 0 rcfail 0 chain 0 t3c 0 keyfail 0 [0.0 s]
#   unit {'pos': 152, 'blk': None}: om1 0 pos 0 st1 0 fail1 0 t4 0 t4only 0 t2only 0 rtfail 0 rcfail 0 chain 0 t3c 0 keyfail 0 [0.0 s]
#   unit {'pos': 151, 'blk': None}: om1 0 pos 0 st1 0 fail1 0 t4 0 t4only 0 t2only 0 rtfail 0 rcfail 0 chain 0 t3c 0 keyfail 0 [0.0 s]
#   unit {'pos': 153, 'blk': None}: om1 0 pos 0 st1 0 fail1 0 t4 0 t4only 0 t2only 0 rtfail 0 rcfail 0 chain 0 t3c 0 keyfail 0 [0.0 s]
#   unit {'pos': 150, 'blk': None}: om1 0 pos 0 st1 0 fail1 0 t4 0 t4only 0 t2only 0 rtfail 0 rcfail 0 chain 0 t3c 0 keyfail 0 [0.0 s]
#   unit {'pos': 154, 'blk': None}: om1 0 pos 0 st1 0 fail1 0 t4 0 t4only 0 t2only 0 rtfail 0 rcfail 0 chain 0 t3c 0 keyfail 0 [0.0 s]
#   unit {'pos': 157, 'blk': None}: om1 0 pos 0 st1 0 fail1 0 t4 0 t4only 0 t2only 0 rtfail 0 rcfail 0 chain 0 t3c 0 keyfail 0 [0.0 s]
#   unit {'pos': 156, 'blk': None}: om1 0 pos 0 st1 0 fail1 0 t4 0 t4only 0 t2only 0 rtfail 0 rcfail 0 chain 0 t3c 0 keyfail 0 [0.0 s]
#   unit {'pos': 155, 'blk': None}: om1 0 pos 0 st1 0 fail1 0 t4 0 t4only 0 t2only 0 rtfail 0 rcfail 0 chain 0 t3c 0 keyfail 0 [0.0 s]
#   unit {'pos': 158, 'blk': None}: om1 0 pos 0 st1 0 fail1 0 t4 0 t4only 0 t2only 0 rtfail 0 rcfail 0 chain 0 t3c 0 keyfail 0 [0.0 s]
#   unit {'pos': 160, 'blk': None}: om1 0 pos 0 st1 0 fail1 0 t4 0 t4only 0 t2only 0 rtfail 0 rcfail 0 chain 0 t3c 0 keyfail 0 [0.0 s]
#   unit {'pos': 159, 'blk': None}: om1 0 pos 0 st1 0 fail1 0 t4 0 t4only 0 t2only 0 rtfail 0 rcfail 0 chain 0 t3c 0 keyfail 0 [0.0 s]
#   unit {'pos': 161, 'blk': None}: om1 0 pos 0 st1 0 fail1 0 t4 0 t4only 0 t2only 0 rtfail 0 rcfail 0 chain 0 t3c 0 keyfail 0 [0.0 s]
#   unit {'pos': 164, 'blk': None}: om1 0 pos 0 st1 0 fail1 0 t4 0 t4only 0 t2only 0 rtfail 0 rcfail 0 chain 0 t3c 0 keyfail 0 [0.0 s]
#   unit {'pos': 162, 'blk': None}: om1 0 pos 0 st1 0 fail1 0 t4 0 t4only 0 t2only 0 rtfail 0 rcfail 0 chain 0 t3c 0 keyfail 0 [0.0 s]
#   unit {'pos': 163, 'blk': None}: om1 0 pos 0 st1 0 fail1 0 t4 0 t4only 0 t2only 0 rtfail 0 rcfail 0 chain 0 t3c 0 keyfail 0 [0.0 s]
#   unit {'pos': 165, 'blk': None}: om1 0 pos 0 st1 0 fail1 0 t4 0 t4only 0 t2only 0 rtfail 0 rcfail 0 chain 0 t3c 0 keyfail 0 [0.0 s]
#   unit {'pos': 168, 'blk': None}: om1 0 pos 0 st1 0 fail1 0 t4 0 t4only 0 t2only 0 rtfail 0 rcfail 0 chain 0 t3c 0 keyfail 0 [0.0 s]
#   unit {'pos': 166, 'blk': None}: om1 0 pos 0 st1 0 fail1 0 t4 0 t4only 0 t2only 0 rtfail 0 rcfail 0 chain 0 t3c 0 keyfail 0 [0.0 s]
#   unit {'pos': 167, 'blk': None}: om1 0 pos 0 st1 0 fail1 0 t4 0 t4only 0 t2only 0 rtfail 0 rcfail 0 chain 0 t3c 0 keyfail 0 [0.0 s]
#   unit {'pos': 169, 'blk': None}: om1 0 pos 0 st1 0 fail1 0 t4 0 t4only 0 t2only 0 rtfail 0 rcfail 0 chain 0 t3c 0 keyfail 0 [0.0 s]
#   unit {'pos': 170, 'blk': None}: om1 0 pos 0 st1 0 fail1 0 t4 0 t4only 0 t2only 0 rtfail 0 rcfail 0 chain 0 t3c 0 keyfail 0 [0.0 s]
#   unit {'pos': 171, 'blk': None}: om1 0 pos 0 st1 0 fail1 0 t4 0 t4only 0 t2only 0 rtfail 0 rcfail 0 chain 0 t3c 0 keyfail 0 [0.0 s]
#   unit {'pos': 172, 'blk': None}: om1 2 pos 0 st1 0 fail1 0 t4 0 t4only 0 t2only 0 rtfail 0 rcfail 0 chain 0 t3c 0 keyfail 0 [0.0 s]
#   unit {'pos': 173, 'blk': None}: om1 0 pos 0 st1 0 fail1 0 t4 0 t4only 0 t2only 0 rtfail 0 rcfail 0 chain 0 t3c 0 keyfail 0 [0.0 s]
#   unit {'pos': 174, 'blk': None}: om1 0 pos 0 st1 0 fail1 0 t4 0 t4only 0 t2only 0 rtfail 0 rcfail 0 chain 0 t3c 0 keyfail 0 [0.0 s]
#   unit {'pos': 175, 'blk': None}: om1 0 pos 0 st1 0 fail1 0 t4 0 t4only 0 t2only 0 rtfail 0 rcfail 0 chain 0 t3c 0 keyfail 0 [0.0 s]
#   unit {'pos': 177, 'blk': None}: om1 0 pos 0 st1 0 fail1 0 t4 0 t4only 0 t2only 0 rtfail 0 rcfail 0 chain 0 t3c 0 keyfail 0 [0.0 s]
#   unit {'pos': 176, 'blk': None}: om1 0 pos 0 st1 0 fail1 0 t4 0 t4only 0 t2only 0 rtfail 0 rcfail 0 chain 0 t3c 0 keyfail 0 [0.0 s]
#   unit {'pos': 178, 'blk': None}: om1 0 pos 0 st1 0 fail1 0 t4 0 t4only 0 t2only 0 rtfail 0 rcfail 0 chain 0 t3c 0 keyfail 0 [0.0 s]
#   unit {'pos': 179, 'blk': None}: om1 0 pos 0 st1 0 fail1 0 t4 0 t4only 0 t2only 0 rtfail 0 rcfail 0 chain 0 t3c 0 keyfail 0 [0.0 s]
#   unit {'pos': 180, 'blk': None}: om1 0 pos 0 st1 0 fail1 0 t4 0 t4only 0 t2only 0 rtfail 0 rcfail 0 chain 0 t3c 0 keyfail 0 [0.0 s]
#   unit {'pos': 182, 'blk': None}: om1 0 pos 0 st1 0 fail1 0 t4 0 t4only 0 t2only 0 rtfail 0 rcfail 0 chain 0 t3c 0 keyfail 0 [0.0 s]
#   unit {'pos': 181, 'blk': None}: om1 0 pos 0 st1 0 fail1 0 t4 0 t4only 0 t2only 0 rtfail 0 rcfail 0 chain 0 t3c 0 keyfail 0 [0.0 s]
#   unit {'pos': 183, 'blk': None}: om1 0 pos 0 st1 0 fail1 0 t4 0 t4only 0 t2only 0 rtfail 0 rcfail 0 chain 0 t3c 0 keyfail 0 [0.0 s]
#   unit {'pos': 184, 'blk': None}: om1 0 pos 0 st1 0 fail1 0 t4 0 t4only 0 t2only 0 rtfail 0 rcfail 0 chain 0 t3c 0 keyfail 0 [0.0 s]
#   unit {'pos': 185, 'blk': None}: om1 0 pos 0 st1 0 fail1 0 t4 0 t4only 0 t2only 0 rtfail 0 rcfail 0 chain 0 t3c 0 keyfail 0 [0.0 s]
#   unit {'pos': 186, 'blk': None}: om1 0 pos 0 st1 0 fail1 0 t4 0 t4only 0 t2only 0 rtfail 0 rcfail 0 chain 0 t3c 0 keyfail 0 [0.0 s]
#   unit {'pos': 187, 'blk': None}: om1 0 pos 0 st1 0 fail1 0 t4 0 t4only 0 t2only 0 rtfail 0 rcfail 0 chain 0 t3c 0 keyfail 0 [0.0 s]
#   unit {'pos': 189, 'blk': None}: om1 0 pos 0 st1 0 fail1 0 t4 0 t4only 0 t2only 0 rtfail 0 rcfail 0 chain 0 t3c 0 keyfail 0 [0.0 s]
#   unit {'pos': 188, 'blk': None}: om1 0 pos 0 st1 0 fail1 0 t4 0 t4only 0 t2only 0 rtfail 0 rcfail 0 chain 0 t3c 0 keyfail 0 [0.0 s]
#   unit {'pos': 190, 'blk': None}: om1 0 pos 0 st1 0 fail1 0 t4 0 t4only 0 t2only 0 rtfail 0 rcfail 0 chain 0 t3c 0 keyfail 0 [0.0 s]
#   unit {'pos': 192, 'blk': None}: om1 0 pos 0 st1 0 fail1 0 t4 0 t4only 0 t2only 0 rtfail 0 rcfail 0 chain 0 t3c 0 keyfail 0 [0.0 s]
#   unit {'pos': 193, 'blk': None}: om1 0 pos 0 st1 0 fail1 0 t4 0 t4only 0 t2only 0 rtfail 0 rcfail 0 chain 0 t3c 0 keyfail 0 [0.0 s]
#   unit {'pos': 191, 'blk': None}: om1 0 pos 0 st1 0 fail1 0 t4 0 t4only 0 t2only 0 rtfail 0 rcfail 0 chain 0 t3c 0 keyfail 0 [0.0 s]
#   unit {'pos': 195, 'blk': None}: om1 0 pos 0 st1 0 fail1 0 t4 0 t4only 0 t2only 0 rtfail 0 rcfail 0 chain 0 t3c 0 keyfail 0 [0.0 s]
#   unit {'pos': 194, 'blk': None}: om1 0 pos 0 st1 0 fail1 0 t4 0 t4only 0 t2only 0 rtfail 0 rcfail 0 chain 0 t3c 0 keyfail 0 [0.0 s]
#   unit {'pos': 197, 'blk': None}: om1 0 pos 0 st1 0 fail1 0 t4 0 t4only 0 t2only 0 rtfail 0 rcfail 0 chain 0 t3c 0 keyfail 0 [0.0 s]
#   unit {'pos': 196, 'blk': None}: om1 0 pos 0 st1 0 fail1 0 t4 0 t4only 0 t2only 0 rtfail 0 rcfail 0 chain 0 t3c 0 keyfail 0 [0.0 s]
#   unit {'pos': 198, 'blk': None}: om1 0 pos 0 st1 0 fail1 0 t4 0 t4only 0 t2only 0 rtfail 0 rcfail 0 chain 0 t3c 0 keyfail 0 [0.0 s]
#   unit {'pos': 199, 'blk': None}: om1 0 pos 0 st1 0 fail1 0 t4 0 t4only 0 t2only 0 rtfail 0 rcfail 0 chain 0 t3c 0 keyfail 0 [0.0 s]
#   unit {'pos': 201, 'blk': None}: om1 0 pos 0 st1 0 fail1 0 t4 0 t4only 0 t2only 0 rtfail 0 rcfail 0 chain 0 t3c 0 keyfail 0 [0.0 s]
#   unit {'pos': 202, 'blk': None}: om1 0 pos 0 st1 0 fail1 0 t4 0 t4only 0 t2only 0 rtfail 0 rcfail 0 chain 0 t3c 0 keyfail 0 [0.0 s]
#   unit {'pos': 200, 'blk': None}: om1 0 pos 0 st1 0 fail1 0 t4 0 t4only 0 t2only 0 rtfail 0 rcfail 0 chain 0 t3c 0 keyfail 0 [0.0 s]
#   unit {'pos': 203, 'blk': None}: om1 0 pos 0 st1 0 fail1 0 t4 0 t4only 0 t2only 0 rtfail 0 rcfail 0 chain 0 t3c 0 keyfail 0 [0.0 s]
#   unit {'pos': 204, 'blk': None}: om1 0 pos 0 st1 0 fail1 0 t4 0 t4only 0 t2only 0 rtfail 0 rcfail 0 chain 0 t3c 0 keyfail 0 [0.0 s]
#   unit {'pos': 205, 'blk': None}: om1 0 pos 0 st1 0 fail1 0 t4 0 t4only 0 t2only 0 rtfail 0 rcfail 0 chain 0 t3c 0 keyfail 0 [0.0 s]
#   unit {'pos': 206, 'blk': None}: om1 0 pos 0 st1 0 fail1 0 t4 0 t4only 0 t2only 0 rtfail 0 rcfail 0 chain 0 t3c 0 keyfail 0 [0.0 s]
#   unit {'pos': 207, 'blk': None}: om1 0 pos 0 st1 0 fail1 0 t4 0 t4only 0 t2only 0 rtfail 0 rcfail 0 chain 0 t3c 0 keyfail 0 [0.0 s]
#   unit {'pos': 209, 'blk': None}: om1 0 pos 0 st1 0 fail1 0 t4 0 t4only 0 t2only 0 rtfail 0 rcfail 0 chain 0 t3c 0 keyfail 0 [0.0 s]
#   unit {'pos': 208, 'blk': None}: om1 0 pos 0 st1 0 fail1 0 t4 0 t4only 0 t2only 0 rtfail 0 rcfail 0 chain 0 t3c 0 keyfail 0 [0.0 s]
#   unit {'pos': 210, 'blk': None}: om1 0 pos 0 st1 0 fail1 0 t4 0 t4only 0 t2only 0 rtfail 0 rcfail 0 chain 0 t3c 0 keyfail 0 [0.0 s]
#   unit {'pos': 211, 'blk': None}: om1 0 pos 0 st1 0 fail1 0 t4 0 t4only 0 t2only 0 rtfail 0 rcfail 0 chain 0 t3c 0 keyfail 0 [0.0 s]
#   unit {'pos': 213, 'blk': None}: om1 0 pos 0 st1 0 fail1 0 t4 0 t4only 0 t2only 0 rtfail 0 rcfail 0 chain 0 t3c 0 keyfail 0 [0.0 s]
#   unit {'pos': 212, 'blk': None}: om1 0 pos 0 st1 0 fail1 0 t4 0 t4only 0 t2only 0 rtfail 0 rcfail 0 chain 0 t3c 0 keyfail 0 [0.0 s]
#   unit {'pos': 214, 'blk': None}: om1 0 pos 0 st1 0 fail1 0 t4 0 t4only 0 t2only 0 rtfail 0 rcfail 0 chain 0 t3c 0 keyfail 0 [0.0 s]
#   unit {'pos': 215, 'blk': None}: om1 0 pos 0 st1 0 fail1 0 t4 0 t4only 0 t2only 0 rtfail 0 rcfail 0 chain 0 t3c 0 keyfail 0 [0.0 s]
#   unit {'pos': 216, 'blk': None}: om1 0 pos 0 st1 0 fail1 0 t4 0 t4only 0 t2only 0 rtfail 0 rcfail 0 chain 0 t3c 0 keyfail 0 [0.0 s]
#   unit {'pos': 217, 'blk': None}: om1 0 pos 0 st1 0 fail1 0 t4 0 t4only 0 t2only 0 rtfail 0 rcfail 0 chain 0 t3c 0 keyfail 0 [0.0 s]
#   unit {'pos': 218, 'blk': None}: om1 0 pos 0 st1 0 fail1 0 t4 0 t4only 0 t2only 0 rtfail 0 rcfail 0 chain 0 t3c 0 keyfail 0 [0.0 s]
#   unit {'pos': 221, 'blk': None}: om1 0 pos 0 st1 0 fail1 0 t4 0 t4only 0 t2only 0 rtfail 0 rcfail 0 chain 0 t3c 0 keyfail 0 [0.0 s]
#   unit {'pos': 219, 'blk': None}: om1 0 pos 0 st1 0 fail1 0 t4 0 t4only 0 t2only 0 rtfail 0 rcfail 0 chain 0 t3c 0 keyfail 0 [0.0 s]
#   unit {'pos': 220, 'blk': None}: om1 0 pos 0 st1 0 fail1 0 t4 0 t4only 0 t2only 0 rtfail 0 rcfail 0 chain 0 t3c 0 keyfail 0 [0.0 s]
#   unit {'pos': 222, 'blk': None}: om1 0 pos 0 st1 0 fail1 0 t4 0 t4only 0 t2only 0 rtfail 0 rcfail 0 chain 0 t3c 0 keyfail 0 [0.0 s]
#   unit {'pos': 223, 'blk': None}: om1 0 pos 0 st1 0 fail1 0 t4 0 t4only 0 t2only 0 rtfail 0 rcfail 0 chain 0 t3c 0 keyfail 0 [0.0 s]
#   unit {'pos': 225, 'blk': None}: om1 0 pos 0 st1 0 fail1 0 t4 0 t4only 0 t2only 0 rtfail 0 rcfail 0 chain 0 t3c 0 keyfail 0 [0.0 s]
#   unit {'pos': 224, 'blk': None}: om1 0 pos 0 st1 0 fail1 0 t4 0 t4only 0 t2only 0 rtfail 0 rcfail 0 chain 0 t3c 0 keyfail 0 [0.0 s]
#   unit {'pos': 226, 'blk': None}: om1 0 pos 0 st1 0 fail1 0 t4 0 t4only 0 t2only 0 rtfail 0 rcfail 0 chain 0 t3c 0 keyfail 0 [0.0 s]
#   unit {'pos': 227, 'blk': None}: om1 0 pos 0 st1 0 fail1 0 t4 0 t4only 0 t2only 0 rtfail 0 rcfail 0 chain 0 t3c 0 keyfail 0 [0.0 s]
#   unit {'pos': 229, 'blk': None}: om1 0 pos 0 st1 0 fail1 0 t4 0 t4only 0 t2only 0 rtfail 0 rcfail 0 chain 0 t3c 0 keyfail 0 [0.0 s]
#   unit {'pos': 228, 'blk': None}: om1 0 pos 0 st1 0 fail1 0 t4 0 t4only 0 t2only 0 rtfail 0 rcfail 0 chain 0 t3c 0 keyfail 0 [0.0 s]
#   unit {'pos': 230, 'blk': None}: om1 0 pos 0 st1 0 fail1 0 t4 0 t4only 0 t2only 0 rtfail 0 rcfail 0 chain 0 t3c 0 keyfail 0 [0.0 s]
#   unit {'pos': 231, 'blk': None}: om1 0 pos 0 st1 0 fail1 0 t4 0 t4only 0 t2only 0 rtfail 0 rcfail 0 chain 0 t3c 0 keyfail 0 [0.0 s]
#   unit {'pos': 232, 'blk': None}: om1 0 pos 0 st1 0 fail1 0 t4 0 t4only 0 t2only 0 rtfail 0 rcfail 0 chain 0 t3c 0 keyfail 0 [0.0 s]
#   unit {'pos': 233, 'blk': None}: om1 0 pos 0 st1 0 fail1 0 t4 0 t4only 0 t2only 0 rtfail 0 rcfail 0 chain 0 t3c 0 keyfail 0 [0.0 s]
#   unit {'pos': 234, 'blk': None}: om1 0 pos 0 st1 0 fail1 0 t4 0 t4only 0 t2only 0 rtfail 0 rcfail 0 chain 0 t3c 0 keyfail 0 [0.0 s]
#   unit {'pos': 235, 'blk': None}: om1 0 pos 0 st1 0 fail1 0 t4 0 t4only 0 t2only 0 rtfail 0 rcfail 0 chain 0 t3c 0 keyfail 0 [0.0 s]
#   unit {'pos': 236, 'blk': None}: om1 0 pos 0 st1 0 fail1 0 t4 0 t4only 0 t2only 0 rtfail 0 rcfail 0 chain 0 t3c 0 keyfail 0 [0.0 s]
#   unit {'pos': 237, 'blk': None}: om1 0 pos 0 st1 0 fail1 0 t4 0 t4only 0 t2only 0 rtfail 0 rcfail 0 chain 0 t3c 0 keyfail 0 [0.0 s]
#   unit {'pos': 238, 'blk': None}: om1 0 pos 0 st1 0 fail1 0 t4 0 t4only 0 t2only 0 rtfail 0 rcfail 0 chain 0 t3c 0 keyfail 0 [0.0 s]
#   unit {'pos': 239, 'blk': None}: om1 0 pos 0 st1 0 fail1 0 t4 0 t4only 0 t2only 0 rtfail 0 rcfail 0 chain 0 t3c 0 keyfail 0 [0.0 s]
#   unit {'pos': 240, 'blk': None}: om1 0 pos 0 st1 0 fail1 0 t4 0 t4only 0 t2only 0 rtfail 0 rcfail 0 chain 0 t3c 0 keyfail 0 [0.0 s]
#   unit {'pos': 241, 'blk': None}: om1 0 pos 0 st1 0 fail1 0 t4 0 t4only 0 t2only 0 rtfail 0 rcfail 0 chain 0 t3c 0 keyfail 0 [0.0 s]
#   unit {'pos': 242, 'blk': None}: om1 0 pos 0 st1 0 fail1 0 t4 0 t4only 0 t2only 0 rtfail 0 rcfail 0 chain 0 t3c 0 keyfail 0 [0.0 s]
#   unit {'pos': 244, 'blk': None}: om1 0 pos 0 st1 0 fail1 0 t4 0 t4only 0 t2only 0 rtfail 0 rcfail 0 chain 0 t3c 0 keyfail 0 [0.0 s]
#   unit {'pos': 243, 'blk': None}: om1 0 pos 0 st1 0 fail1 0 t4 0 t4only 0 t2only 0 rtfail 0 rcfail 0 chain 0 t3c 0 keyfail 0 [0.0 s]
#   unit {'pos': 246, 'blk': None}: om1 0 pos 0 st1 0 fail1 0 t4 0 t4only 0 t2only 0 rtfail 0 rcfail 0 chain 0 t3c 0 keyfail 0 [0.0 s]
#   unit {'pos': 245, 'blk': None}: om1 0 pos 0 st1 0 fail1 0 t4 0 t4only 0 t2only 0 rtfail 0 rcfail 0 chain 0 t3c 0 keyfail 0 [0.0 s]
#   unit {'pos': 247, 'blk': None}: om1 0 pos 0 st1 0 fail1 0 t4 0 t4only 0 t2only 0 rtfail 0 rcfail 0 chain 0 t3c 0 keyfail 0 [0.0 s]
#   unit {'pos': 248, 'blk': None}: om1 0 pos 0 st1 0 fail1 0 t4 0 t4only 0 t2only 0 rtfail 0 rcfail 0 chain 0 t3c 0 keyfail 0 [0.0 s]
#   unit {'pos': 250, 'blk': None}: om1 0 pos 0 st1 0 fail1 0 t4 0 t4only 0 t2only 0 rtfail 0 rcfail 0 chain 0 t3c 0 keyfail 0 [0.0 s]
#   unit {'pos': 249, 'blk': None}: om1 0 pos 0 st1 0 fail1 0 t4 0 t4only 0 t2only 0 rtfail 0 rcfail 0 chain 0 t3c 0 keyfail 0 [0.0 s]
#   unit {'pos': 252, 'blk': None}: om1 0 pos 0 st1 0 fail1 0 t4 0 t4only 0 t2only 0 rtfail 0 rcfail 0 chain 0 t3c 0 keyfail 0 [0.0 s]
#   unit {'pos': 251, 'blk': None}: om1 0 pos 0 st1 0 fail1 0 t4 0 t4only 0 t2only 0 rtfail 0 rcfail 0 chain 0 t3c 0 keyfail 0 [0.0 s]
#   unit {'pos': 253, 'blk': None}: om1 0 pos 0 st1 0 fail1 0 t4 0 t4only 0 t2only 0 rtfail 0 rcfail 0 chain 0 t3c 0 keyfail 0 [0.0 s]
#   unit {'pos': 254, 'blk': None}: om1 0 pos 0 st1 0 fail1 0 t4 0 t4only 0 t2only 0 rtfail 0 rcfail 0 chain 0 t3c 0 keyfail 0 [0.0 s]
#   unit {'pos': 255, 'blk': None}: om1 0 pos 0 st1 0 fail1 0 t4 0 t4only 0 t2only 0 rtfail 0 rcfail 0 chain 0 t3c 0 keyfail 0 [0.0 s]
#   unit {'pos': 256, 'blk': None}: om1 0 pos 0 st1 0 fail1 0 t4 0 t4only 0 t2only 0 rtfail 0 rcfail 0 chain 0 t3c 0 keyfail 0 [0.0 s]
#   unit {'pos': 257, 'blk': None}: om1 0 pos 0 st1 0 fail1 0 t4 0 t4only 0 t2only 0 rtfail 0 rcfail 0 chain 0 t3c 0 keyfail 0 [0.0 s]
#   unit {'pos': 258, 'blk': None}: om1 0 pos 0 st1 0 fail1 0 t4 0 t4only 0 t2only 0 rtfail 0 rcfail 0 chain 0 t3c 0 keyfail 0 [0.0 s]
#   unit {'pos': 259, 'blk': None}: om1 0 pos 0 st1 0 fail1 0 t4 0 t4only 0 t2only 0 rtfail 0 rcfail 0 chain 0 t3c 0 keyfail 0 [0.0 s]
#   unit {'pos': 260, 'blk': None}: om1 0 pos 0 st1 0 fail1 0 t4 0 t4only 0 t2only 0 rtfail 0 rcfail 0 chain 0 t3c 0 keyfail 0 [0.0 s]
#   unit {'pos': 261, 'blk': None}: om1 0 pos 0 st1 0 fail1 0 t4 0 t4only 0 t2only 0 rtfail 0 rcfail 0 chain 0 t3c 0 keyfail 0 [0.0 s]
#   unit {'pos': 262, 'blk': None}: om1 0 pos 0 st1 0 fail1 0 t4 0 t4only 0 t2only 0 rtfail 0 rcfail 0 chain 0 t3c 0 keyfail 0 [0.0 s]
#   unit {'pos': 263, 'blk': None}: om1 0 pos 0 st1 0 fail1 0 t4 0 t4only 0 t2only 0 rtfail 0 rcfail 0 chain 0 t3c 0 keyfail 0 [0.0 s]
#   unit {'pos': 264, 'blk': None}: om1 0 pos 0 st1 0 fail1 0 t4 0 t4only 0 t2only 0 rtfail 0 rcfail 0 chain 0 t3c 0 keyfail 0 [0.0 s]
#   unit {'pos': 265, 'blk': None}: om1 0 pos 0 st1 0 fail1 0 t4 0 t4only 0 t2only 0 rtfail 0 rcfail 0 chain 0 t3c 0 keyfail 0 [0.0 s]
#   unit {'pos': 267, 'blk': None}: om1 0 pos 0 st1 0 fail1 0 t4 0 t4only 0 t2only 0 rtfail 0 rcfail 0 chain 0 t3c 0 keyfail 0 [0.0 s]
#   unit {'pos': 268, 'blk': None}: om1 0 pos 0 st1 0 fail1 0 t4 0 t4only 0 t2only 0 rtfail 0 rcfail 0 chain 0 t3c 0 keyfail 0 [0.0 s]
#   unit {'pos': 266, 'blk': None}: om1 0 pos 0 st1 0 fail1 0 t4 0 t4only 0 t2only 0 rtfail 0 rcfail 0 chain 0 t3c 0 keyfail 0 [0.0 s]
#   unit {'pos': 269, 'blk': None}: om1 0 pos 0 st1 0 fail1 0 t4 0 t4only 0 t2only 0 rtfail 0 rcfail 0 chain 0 t3c 0 keyfail 0 [0.0 s]
#   unit {'pos': 270, 'blk': None}: om1 0 pos 0 st1 0 fail1 0 t4 0 t4only 0 t2only 0 rtfail 0 rcfail 0 chain 0 t3c 0 keyfail 0 [0.0 s]
#   unit {'pos': 271, 'blk': None}: om1 101 pos 0 st1 0 fail1 0 t4 0 t4only 0 t2only 0 rtfail 0 rcfail 0 chain 0 t3c 0 keyfail 0 [0.0 s]
#   unit {'pos': 272, 'blk': None}: om1 147 pos 0 st1 0 fail1 0 t4 0 t4only 0 t2only 0 rtfail 0 rcfail 0 chain 0 t3c 0 keyfail 0 [0.0 s]
#   unit {'pos': 273, 'blk': None}: om1 74 pos 0 st1 0 fail1 0 t4 0 t4only 0 t2only 0 rtfail 0 rcfail 0 chain 0 t3c 0 keyfail 0 [0.0 s]
#   unit {'pos': 276, 'blk': None}: om1 52 pos 0 st1 0 fail1 0 t4 0 t4only 0 t2only 0 rtfail 0 rcfail 0 chain 0 t3c 0 keyfail 0 [0.0 s]
#   unit {'pos': 274, 'blk': None}: om1 97 pos 0 st1 0 fail1 0 t4 0 t4only 0 t2only 0 rtfail 0 rcfail 0 chain 0 t3c 0 keyfail 0 [0.0 s]
#   unit {'pos': 277, 'blk': None}: om1 65 pos 0 st1 0 fail1 0 t4 0 t4only 0 t2only 0 rtfail 0 rcfail 0 chain 0 t3c 0 keyfail 0 [0.0 s]
#   unit {'pos': 275, 'blk': None}: om1 86 pos 0 st1 0 fail1 0 t4 0 t4only 0 t2only 0 rtfail 0 rcfail 0 chain 0 t3c 0 keyfail 0 [0.0 s]
#   unit {'pos': 278, 'blk': None}: om1 85 pos 0 st1 0 fail1 0 t4 0 t4only 0 t2only 0 rtfail 0 rcfail 0 chain 0 t3c 0 keyfail 0 [0.0 s]
#   unit {'pos': 280, 'blk': None}: om1 47 pos 0 st1 0 fail1 0 t4 0 t4only 0 t2only 0 rtfail 0 rcfail 0 chain 0 t3c 0 keyfail 0 [0.0 s]
#   unit {'pos': 281, 'blk': None}: om1 45 pos 0 st1 0 fail1 0 t4 0 t4only 0 t2only 0 rtfail 0 rcfail 0 chain 0 t3c 0 keyfail 0 [0.0 s]
#   unit {'pos': 279, 'blk': None}: om1 67 pos 0 st1 0 fail1 0 t4 0 t4only 0 t2only 0 rtfail 0 rcfail 0 chain 0 t3c 0 keyfail 0 [0.1 s]
#   unit {'pos': 283, 'blk': None}: om1 90 pos 0 st1 0 fail1 0 t4 0 t4only 0 t2only 0 rtfail 0 rcfail 0 chain 0 t3c 0 keyfail 0 [0.0 s]
#   unit {'pos': 282, 'blk': None}: om1 62 pos 0 st1 0 fail1 0 t4 0 t4only 0 t2only 0 rtfail 0 rcfail 0 chain 0 t3c 0 keyfail 0 [0.0 s]
#   unit {'pos': 285, 'blk': None}: om1 82 pos 0 st1 0 fail1 0 t4 0 t4only 0 t2only 0 rtfail 0 rcfail 0 chain 0 t3c 0 keyfail 0 [0.0 s]
#   unit {'pos': 284, 'blk': None}: om1 104 pos 0 st1 0 fail1 0 t4 0 t4only 0 t2only 0 rtfail 0 rcfail 0 chain 0 t3c 0 keyfail 0 [0.0 s]
#   unit {'pos': 286, 'blk': None}: om1 74 pos 0 st1 0 fail1 0 t4 0 t4only 0 t2only 0 rtfail 0 rcfail 0 chain 0 t3c 0 keyfail 0 [0.0 s]
#   unit {'pos': 287, 'blk': None}: om1 54 pos 0 st1 0 fail1 0 t4 0 t4only 0 t2only 0 rtfail 0 rcfail 0 chain 0 t3c 0 keyfail 0 [0.0 s]
#   unit {'pos': 288, 'blk': None}: om1 85 pos 0 st1 0 fail1 0 t4 0 t4only 0 t2only 0 rtfail 0 rcfail 0 chain 0 t3c 0 keyfail 0 [0.0 s]
#   unit {'pos': 290, 'blk': None}: om1 66 pos 0 st1 0 fail1 0 t4 0 t4only 0 t2only 0 rtfail 0 rcfail 0 chain 0 t3c 0 keyfail 0 [0.0 s]
#   unit {'pos': 289, 'blk': None}: om1 94 pos 0 st1 0 fail1 0 t4 0 t4only 0 t2only 0 rtfail 0 rcfail 0 chain 0 t3c 0 keyfail 0 [0.0 s]
#   unit {'pos': 291, 'blk': None}: om1 91 pos 0 st1 0 fail1 0 t4 0 t4only 0 t2only 0 rtfail 0 rcfail 0 chain 0 t3c 0 keyfail 0 [0.0 s]
#   unit {'pos': 292, 'blk': None}: om1 69 pos 1 st1 1 fail1 0 t4 1 t4only 0 t2only 0 rtfail 0 rcfail 0 chain 0 t3c 1 keyfail 0 [0.0 s]
#   unit {'pos': 293, 'blk': None}: om1 62 pos 0 st1 0 fail1 0 t4 0 t4only 0 t2only 0 rtfail 0 rcfail 0 chain 0 t3c 0 keyfail 0 [0.0 s]
#   unit {'pos': 294, 'blk': None}: om1 95 pos 0 st1 0 fail1 0 t4 0 t4only 0 t2only 0 rtfail 0 rcfail 0 chain 0 t3c 0 keyfail 0 [0.0 s]
#   unit {'pos': 295, 'blk': None}: om1 93 pos 0 st1 0 fail1 0 t4 0 t4only 0 t2only 0 rtfail 0 rcfail 0 chain 0 t3c 0 keyfail 0 [0.0 s]
#   unit {'pos': 296, 'blk': None}: om1 77 pos 0 st1 0 fail1 0 t4 0 t4only 0 t2only 0 rtfail 0 rcfail 0 chain 0 t3c 0 keyfail 0 [0.0 s]
#   unit {'pos': 298, 'blk': None}: om1 74 pos 0 st1 0 fail1 0 t4 0 t4only 0 t2only 0 rtfail 0 rcfail 0 chain 0 t3c 0 keyfail 0 [0.0 s]
#   unit {'pos': 297, 'blk': None}: om1 109 pos 0 st1 0 fail1 0 t4 0 t4only 0 t2only 0 rtfail 0 rcfail 0 chain 0 t3c 0 keyfail 0 [0.0 s]
#   unit {'pos': 299, 'blk': None}: om1 60 pos 1 st1 1 fail1 0 t4 1 t4only 0 t2only 0 rtfail 0 rcfail 0 chain 0 t3c 1 keyfail 0 [0.0 s]
#   unit {'pos': 300, 'blk': None}: om1 59 pos 0 st1 0 fail1 0 t4 0 t4only 0 t2only 0 rtfail 0 rcfail 0 chain 0 t3c 0 keyfail 0 [0.0 s]
#   unit {'pos': 301, 'blk': None}: om1 50 pos 0 st1 0 fail1 0 t4 0 t4only 0 t2only 0 rtfail 0 rcfail 0 chain 0 t3c 0 keyfail 0 [0.0 s]
#   unit {'pos': 302, 'blk': None}: om1 59 pos 1 st1 1 fail1 0 t4 0 t4only 0 t2only 0 rtfail 0 rcfail 0 chain 0 t3c 1 keyfail 0 [0.0 s]
#   unit {'pos': 303, 'blk': None}: om1 51 pos 0 st1 0 fail1 0 t4 0 t4only 0 t2only 0 rtfail 0 rcfail 0 chain 0 t3c 0 keyfail 0 [0.0 s]
#   unit {'pos': 304, 'blk': None}: om1 66 pos 0 st1 0 fail1 0 t4 0 t4only 0 t2only 0 rtfail 0 rcfail 0 chain 0 t3c 0 keyfail 0 [0.0 s]
#   unit {'pos': 306, 'blk': None}: om1 61 pos 0 st1 0 fail1 0 t4 0 t4only 0 t2only 0 rtfail 0 rcfail 0 chain 0 t3c 0 keyfail 0 [0.0 s]
#   unit {'pos': 305, 'blk': None}: om1 59 pos 1 st1 1 fail1 0 t4 1 t4only 0 t2only 0 rtfail 0 rcfail 0 chain 0 t3c 1 keyfail 0 [0.0 s]
#   unit {'pos': 307, 'blk': None}: om1 87 pos 8 st1 8 fail1 0 t4 8 t4only 0 t2only 0 rtfail 0 rcfail 0 chain 0 t3c 8 keyfail 0 [0.0 s]
#   unit {'pos': 308, 'blk': None}: om1 93 pos 0 st1 0 fail1 0 t4 0 t4only 0 t2only 0 rtfail 0 rcfail 0 chain 0 t3c 0 keyfail 0 [0.0 s]
#   unit {'pos': 310, 'blk': None}: om1 95 pos 2 st1 2 fail1 0 t4 2 t4only 0 t2only 0 rtfail 0 rcfail 0 chain 0 t3c 2 keyfail 0 [0.0 s]
#   unit {'pos': 309, 'blk': None}: om1 102 pos 3 st1 3 fail1 0 t4 3 t4only 0 t2only 0 rtfail 0 rcfail 0 chain 0 t3c 3 keyfail 0 [0.0 s]
#   unit {'pos': 311, 'blk': None}: om1 86 pos 0 st1 0 fail1 0 t4 0 t4only 0 t2only 0 rtfail 0 rcfail 0 chain 0 t3c 0 keyfail 0 [0.0 s]
#   unit {'pos': 312, 'blk': None}: om1 94 pos 0 st1 0 fail1 0 t4 0 t4only 0 t2only 0 rtfail 0 rcfail 0 chain 0 t3c 0 keyfail 0 [0.0 s]
#   unit {'pos': 314, 'blk': None}: om1 95 pos 0 st1 0 fail1 0 t4 0 t4only 0 t2only 0 rtfail 0 rcfail 0 chain 0 t3c 0 keyfail 0 [0.0 s]
#   unit {'pos': 313, 'blk': None}: om1 78 pos 0 st1 0 fail1 0 t4 0 t4only 0 t2only 0 rtfail 0 rcfail 0 chain 0 t3c 0 keyfail 0 [0.0 s]
#   unit {'pos': 316, 'blk': None}: om1 81 pos 6 st1 6 fail1 0 t4 6 t4only 0 t2only 0 rtfail 0 rcfail 0 chain 0 t3c 6 keyfail 0 [0.0 s]
#   unit {'pos': 315, 'blk': None}: om1 97 pos 6 st1 6 fail1 0 t4 0 t4only 0 t2only 0 rtfail 0 rcfail 0 chain 0 t3c 6 keyfail 0 [0.0 s]
#   unit {'pos': 317, 'blk': None}: om1 82 pos 0 st1 0 fail1 0 t4 0 t4only 0 t2only 0 rtfail 0 rcfail 0 chain 0 t3c 0 keyfail 0 [0.0 s]
#   unit {'pos': 318, 'blk': None}: om1 82 pos 0 st1 0 fail1 0 t4 0 t4only 0 t2only 0 rtfail 0 rcfail 0 chain 0 t3c 0 keyfail 0 [0.0 s]
#   unit {'pos': 319, 'blk': None}: om1 52 pos 1 st1 1 fail1 0 t4 1 t4only 0 t2only 0 rtfail 0 rcfail 0 chain 0 t3c 1 keyfail 0 [0.0 s]
#   unit {'pos': 320, 'blk': None}: om1 79 pos 0 st1 0 fail1 0 t4 0 t4only 0 t2only 0 rtfail 0 rcfail 0 chain 0 t3c 0 keyfail 0 [0.0 s]
#   unit {'pos': 321, 'blk': None}: om1 68 pos 0 st1 0 fail1 0 t4 0 t4only 0 t2only 0 rtfail 0 rcfail 0 chain 0 t3c 0 keyfail 0 [0.0 s]
#   unit {'pos': 322, 'blk': None}: om1 59 pos 2 st1 2 fail1 0 t4 2 t4only 0 t2only 0 rtfail 0 rcfail 0 chain 0 t3c 2 keyfail 0 [0.0 s]
#   unit {'pos': 323, 'blk': None}: om1 69 pos 0 st1 0 fail1 0 t4 0 t4only 0 t2only 0 rtfail 0 rcfail 0 chain 0 t3c 0 keyfail 0 [0.0 s]
#   unit {'pos': 324, 'blk': None}: om1 52 pos 1 st1 1 fail1 0 t4 1 t4only 0 t2only 0 rtfail 0 rcfail 0 chain 0 t3c 1 keyfail 0 [0.0 s]
#   unit {'pos': 325, 'blk': None}: om1 50 pos 0 st1 0 fail1 0 t4 0 t4only 0 t2only 0 rtfail 0 rcfail 0 chain 0 t3c 0 keyfail 0 [0.0 s]
#   unit {'pos': 326, 'blk': None}: om1 60 pos 0 st1 0 fail1 0 t4 0 t4only 0 t2only 0 rtfail 0 rcfail 0 chain 0 t3c 0 keyfail 0 [0.0 s]
#   unit {'pos': 327, 'blk': None}: om1 55 pos 0 st1 0 fail1 0 t4 0 t4only 0 t2only 0 rtfail 0 rcfail 0 chain 0 t3c 0 keyfail 0 [0.0 s]
#   unit {'pos': 328, 'blk': None}: om1 56 pos 1 st1 1 fail1 0 t4 1 t4only 0 t2only 0 rtfail 0 rcfail 0 chain 0 t3c 1 keyfail 0 [0.0 s]
#   unit {'pos': 329, 'blk': None}: om1 56 pos 2 st1 2 fail1 0 t4 2 t4only 0 t2only 0 rtfail 0 rcfail 0 chain 0 t3c 2 keyfail 0 [0.0 s]
#   unit {'pos': 331, 'blk': None}: om1 50 pos 0 st1 0 fail1 0 t4 0 t4only 0 t2only 0 rtfail 0 rcfail 0 chain 0 t3c 0 keyfail 0 [0.0 s]
#   unit {'pos': 330, 'blk': None}: om1 40 pos 0 st1 0 fail1 0 t4 0 t4only 0 t2only 0 rtfail 0 rcfail 0 chain 0 t3c 0 keyfail 0 [0.0 s]
#   unit {'pos': 332, 'blk': None}: om1 44 pos 0 st1 0 fail1 0 t4 0 t4only 0 t2only 0 rtfail 0 rcfail 0 chain 0 t3c 0 keyfail 0 [0.0 s]
#   unit {'pos': 333, 'blk': None}: om1 57 pos 0 st1 0 fail1 0 t4 0 t4only 0 t2only 0 rtfail 0 rcfail 0 chain 0 t3c 0 keyfail 0 [0.0 s]
#   unit {'pos': 334, 'blk': None}: om1 57 pos 7 st1 7 fail1 0 t4 7 t4only 0 t2only 0 rtfail 0 rcfail 0 chain 0 t3c 7 keyfail 0 [0.0 s]
#   unit {'pos': 335, 'blk': None}: om1 37 pos 0 st1 0 fail1 0 t4 0 t4only 0 t2only 0 rtfail 0 rcfail 0 chain 0 t3c 0 keyfail 0 [0.0 s]
#   unit {'pos': 336, 'blk': None}: om1 32 pos 0 st1 0 fail1 0 t4 0 t4only 0 t2only 0 rtfail 0 rcfail 0 chain 0 t3c 0 keyfail 0 [0.0 s]
#   unit {'pos': 337, 'blk': None}: om1 346 pos 0 st1 0 fail1 0 t4 0 t4only 0 t2only 0 rtfail 0 rcfail 0 chain 0 t3c 0 keyfail 0 [0.0 s]
#   unit {'pos': 338, 'blk': None}: om1 390 pos 0 st1 0 fail1 0 t4 0 t4only 0 t2only 0 rtfail 0 rcfail 0 chain 0 t3c 0 keyfail 0 [0.0 s]
#   unit {'pos': 342, 'blk': None}: om1 231 pos 0 st1 0 fail1 0 t4 0 t4only 0 t2only 0 rtfail 0 rcfail 0 chain 0 t3c 0 keyfail 0 [0.0 s]
#   unit {'pos': 341, 'blk': None}: om1 354 pos 0 st1 0 fail1 0 t4 0 t4only 0 t2only 0 rtfail 0 rcfail 0 chain 0 t3c 0 keyfail 0 [0.0 s]
#   unit {'pos': 340, 'blk': None}: om1 318 pos 12 st1 12 fail1 0 t4 12 t4only 4 t2only 0 rtfail 4 rcfail 0 chain 0 t3c 12 keyfail 0 [0.1 s]
#   unit {'pos': 339, 'blk': None}: om1 478 pos 0 st1 0 fail1 0 t4 0 t4only 0 t2only 0 rtfail 0 rcfail 0 chain 0 t3c 0 keyfail 0 [0.1 s]
#   unit {'pos': 344, 'blk': None}: om1 319 pos 0 st1 0 fail1 0 t4 0 t4only 0 t2only 0 rtfail 0 rcfail 0 chain 0 t3c 0 keyfail 0 [0.0 s]
#   unit {'pos': 343, 'blk': None}: om1 295 pos 0 st1 0 fail1 0 t4 0 t4only 0 t2only 0 rtfail 0 rcfail 0 chain 0 t3c 0 keyfail 0 [0.0 s]
#   unit {'pos': 345, 'blk': None}: om1 170 pos 0 st1 0 fail1 0 t4 0 t4only 0 t2only 0 rtfail 0 rcfail 0 chain 0 t3c 0 keyfail 0 [0.1 s]
#   unit {'pos': 346, 'blk': None}: om1 147 pos 0 st1 0 fail1 0 t4 0 t4only 0 t2only 0 rtfail 0 rcfail 0 chain 0 t3c 0 keyfail 0 [0.1 s]
#   unit {'pos': 347, 'blk': None}: om1 235 pos 0 st1 0 fail1 0 t4 0 t4only 0 t2only 0 rtfail 0 rcfail 0 chain 0 t3c 0 keyfail 0 [0.0 s]
#   unit {'pos': 348, 'blk': None}: om1 212 pos 0 st1 0 fail1 0 t4 0 t4only 0 t2only 0 rtfail 0 rcfail 0 chain 0 t3c 0 keyfail 0 [0.0 s]
#   unit {'pos': 352, 'blk': None}: om1 152 pos 0 st1 0 fail1 0 t4 0 t4only 0 t2only 0 rtfail 0 rcfail 0 chain 0 t3c 0 keyfail 0 [0.0 s]
#   unit {'pos': 349, 'blk': None}: om1 133 pos 0 st1 0 fail1 0 t4 0 t4only 0 t2only 0 rtfail 0 rcfail 0 chain 0 t3c 0 keyfail 0 [0.1 s]
#   unit {'pos': 351, 'blk': None}: om1 192 pos 0 st1 0 fail1 0 t4 0 t4only 0 t2only 0 rtfail 0 rcfail 0 chain 0 t3c 0 keyfail 0 [0.0 s]
#   unit {'pos': 350, 'blk': None}: om1 176 pos 0 st1 0 fail1 0 t4 0 t4only 0 t2only 0 rtfail 0 rcfail 0 chain 0 t3c 0 keyfail 0 [0.1 s]
#   unit {'pos': 354, 'blk': None}: om1 134 pos 0 st1 0 fail1 0 t4 0 t4only 0 t2only 0 rtfail 0 rcfail 0 chain 0 t3c 0 keyfail 0 [0.0 s]
#   unit {'pos': 353, 'blk': None}: om1 188 pos 0 st1 0 fail1 0 t4 0 t4only 0 t2only 0 rtfail 0 rcfail 0 chain 0 t3c 0 keyfail 0 [0.0 s]
#   unit {'pos': 355, 'blk': None}: om1 153 pos 1 st1 1 fail1 0 t4 1 t4only 0 t2only 0 rtfail 0 rcfail 0 chain 0 t3c 1 keyfail 0 [0.0 s]
#   unit {'pos': 356, 'blk': None}: om1 133 pos 0 st1 0 fail1 0 t4 0 t4only 0 t2only 0 rtfail 0 rcfail 0 chain 0 t3c 0 keyfail 0 [0.0 s]
#   unit {'pos': 357, 'blk': None}: om1 145 pos 0 st1 0 fail1 0 t4 0 t4only 0 t2only 0 rtfail 0 rcfail 0 chain 0 t3c 0 keyfail 0 [0.0 s]
#   unit {'pos': 358, 'blk': None}: om1 130 pos 1 st1 1 fail1 0 t4 1 t4only 0 t2only 0 rtfail 0 rcfail 0 chain 0 t3c 1 keyfail 0 [0.0 s]
#   unit {'pos': 359, 'blk': None}: om1 129 pos 0 st1 0 fail1 0 t4 0 t4only 0 t2only 0 rtfail 0 rcfail 0 chain 0 t3c 0 keyfail 0 [0.0 s]
#   unit {'pos': 360, 'blk': None}: om1 169 pos 0 st1 0 fail1 0 t4 0 t4only 0 t2only 0 rtfail 0 rcfail 0 chain 0 t3c 0 keyfail 0 [0.0 s]
#   unit {'pos': 361, 'blk': None}: om1 186 pos 0 st1 0 fail1 0 t4 0 t4only 0 t2only 0 rtfail 0 rcfail 0 chain 0 t3c 0 keyfail 0 [0.0 s]
#   unit {'pos': 362, 'blk': None}: om1 178 pos 2 st1 2 fail1 0 t4 2 t4only 0 t2only 0 rtfail 0 rcfail 0 chain 0 t3c 2 keyfail 0 [0.0 s]
#   unit {'pos': 363, 'blk': None}: om1 162 pos 0 st1 0 fail1 0 t4 0 t4only 0 t2only 0 rtfail 0 rcfail 0 chain 0 t3c 0 keyfail 0 [0.0 s]
#   unit {'pos': 365, 'blk': None}: om1 163 pos 0 st1 0 fail1 0 t4 0 t4only 0 t2only 0 rtfail 0 rcfail 0 chain 0 t3c 0 keyfail 0 [0.0 s]
#   unit {'pos': 364, 'blk': None}: om1 163 pos 0 st1 0 fail1 0 t4 0 t4only 0 t2only 0 rtfail 0 rcfail 0 chain 0 t3c 0 keyfail 0 [0.0 s]
#   unit {'pos': 366, 'blk': None}: om1 142 pos 0 st1 0 fail1 0 t4 0 t4only 0 t2only 0 rtfail 0 rcfail 0 chain 0 t3c 0 keyfail 0 [0.0 s]
#   unit {'pos': 367, 'blk': None}: om1 135 pos 0 st1 0 fail1 0 t4 0 t4only 0 t2only 0 rtfail 0 rcfail 0 chain 0 t3c 0 keyfail 0 [0.0 s]
#   unit {'pos': 369, 'blk': None}: om1 152 pos 1 st1 1 fail1 0 t4 1 t4only 0 t2only 0 rtfail 0 rcfail 0 chain 0 t3c 1 keyfail 0 [0.0 s]
#   unit {'pos': 370, 'blk': None}: om1 135 pos 0 st1 0 fail1 0 t4 0 t4only 0 t2only 0 rtfail 0 rcfail 0 chain 0 t3c 0 keyfail 0 [0.0 s]
#   unit {'pos': 368, 'blk': None}: om1 170 pos 0 st1 0 fail1 0 t4 0 t4only 0 t2only 0 rtfail 0 rcfail 0 chain 0 t3c 0 keyfail 0 [0.0 s]
#   unit {'pos': 371, 'blk': None}: om1 135 pos 1 st1 1 fail1 0 t4 1 t4only 0 t2only 0 rtfail 0 rcfail 0 chain 0 t3c 1 keyfail 0 [0.0 s]
#   unit {'pos': 372, 'blk': None}: om1 136 pos 2 st1 2 fail1 0 t4 2 t4only 0 t2only 0 rtfail 0 rcfail 0 chain 0 t3c 2 keyfail 0 [0.0 s]
#   unit {'pos': 373, 'blk': None}: om1 134 pos 3 st1 3 fail1 0 t4 1 t4only 0 t2only 0 rtfail 0 rcfail 0 chain 0 t3c 3 keyfail 0 [0.0 s]
#   unit {'pos': 374, 'blk': None}: om1 154 pos 0 st1 0 fail1 0 t4 0 t4only 0 t2only 0 rtfail 0 rcfail 0 chain 0 t3c 0 keyfail 0 [0.0 s]
#   unit {'pos': 375, 'blk': None}: om1 122 pos 0 st1 0 fail1 0 t4 0 t4only 0 t2only 0 rtfail 0 rcfail 0 chain 0 t3c 0 keyfail 0 [0.0 s]
#   unit {'pos': 376, 'blk': None}: om1 131 pos 0 st1 0 fail1 0 t4 0 t4only 0 t2only 0 rtfail 0 rcfail 0 chain 0 t3c 0 keyfail 0 [0.0 s]
#   unit {'pos': 378, 'blk': None}: om1 117 pos 2 st1 2 fail1 0 t4 2 t4only 0 t2only 0 rtfail 0 rcfail 0 chain 0 t3c 2 keyfail 0 [0.0 s]
#   unit {'pos': 377, 'blk': None}: om1 134 pos 0 st1 0 fail1 0 t4 0 t4only 0 t2only 0 rtfail 0 rcfail 0 chain 0 t3c 0 keyfail 0 [0.0 s]
#   unit {'pos': 379, 'blk': None}: om1 116 pos 0 st1 0 fail1 0 t4 0 t4only 0 t2only 0 rtfail 0 rcfail 0 chain 0 t3c 0 keyfail 0 [0.0 s]
#   unit {'pos': 380, 'blk': None}: om1 124 pos 2 st1 2 fail1 0 t4 2 t4only 0 t2only 0 rtfail 0 rcfail 0 chain 0 t3c 2 keyfail 0 [0.0 s]
#   unit {'pos': 382, 'blk': None}: om1 224 pos 0 st1 0 fail1 0 t4 0 t4only 0 t2only 0 rtfail 0 rcfail 0 chain 0 t3c 0 keyfail 0 [0.0 s]
#   unit {'pos': 381, 'blk': None}: om1 364 pos 0 st1 0 fail1 0 t4 0 t4only 0 t2only 0 rtfail 0 rcfail 0 chain 0 t3c 0 keyfail 0 [0.0 s]
#   unit {'pos': 383, 'blk': None}: om1 221 pos 0 st1 0 fail1 0 t4 0 t4only 0 t2only 0 rtfail 0 rcfail 0 chain 0 t3c 0 keyfail 0 [0.0 s]
#   unit {'pos': 384, 'blk': None}: om1 216 pos 0 st1 0 fail1 0 t4 0 t4only 0 t2only 0 rtfail 0 rcfail 0 chain 0 t3c 0 keyfail 0 [0.0 s]
#   unit {'pos': 385, 'blk': None}: om1 217 pos 0 st1 0 fail1 0 t4 0 t4only 0 t2only 0 rtfail 0 rcfail 0 chain 0 t3c 0 keyfail 0 [0.0 s]
#   unit {'pos': 386, 'blk': None}: om1 82 pos 0 st1 0 fail1 0 t4 0 t4only 0 t2only 0 rtfail 0 rcfail 0 chain 0 t3c 0 keyfail 0 [0.0 s]
#   unit {'pos': 387, 'blk': None}: om1 81 pos 0 st1 0 fail1 0 t4 0 t4only 0 t2only 0 rtfail 0 rcfail 0 chain 0 t3c 0 keyfail 0 [0.0 s]
#   unit {'pos': 388, 'blk': None}: om1 57 pos 0 st1 0 fail1 0 t4 0 t4only 0 t2only 0 rtfail 0 rcfail 0 chain 0 t3c 0 keyfail 0 [0.0 s]
#   unit {'pos': 389, 'blk': None}: om1 71 pos 0 st1 0 fail1 0 t4 0 t4only 0 t2only 0 rtfail 0 rcfail 0 chain 0 t3c 0 keyfail 0 [0.0 s]
#   unit {'pos': 392, 'blk': None}: om1 99 pos 0 st1 0 fail1 0 t4 0 t4only 0 t2only 0 rtfail 0 rcfail 0 chain 0 t3c 0 keyfail 0 [0.0 s]
#   unit {'pos': 391, 'blk': None}: om1 85 pos 0 st1 0 fail1 0 t4 0 t4only 0 t2only 0 rtfail 0 rcfail 0 chain 0 t3c 0 keyfail 0 [0.0 s]
#   unit {'pos': 390, 'blk': None}: om1 167 pos 0 st1 0 fail1 0 t4 0 t4only 0 t2only 0 rtfail 0 rcfail 0 chain 0 t3c 0 keyfail 0 [0.0 s]
#   unit {'pos': 393, 'blk': None}: om1 119 pos 0 st1 0 fail1 0 t4 0 t4only 0 t2only 0 rtfail 0 rcfail 0 chain 0 t3c 0 keyfail 0 [0.0 s]
#   unit {'pos': 394, 'blk': None}: om1 129 pos 0 st1 0 fail1 0 t4 0 t4only 0 t2only 0 rtfail 0 rcfail 0 chain 0 t3c 0 keyfail 0 [0.0 s]
#   unit {'pos': 397, 'blk': None}: om1 74 pos 0 st1 0 fail1 0 t4 0 t4only 0 t2only 0 rtfail 0 rcfail 0 chain 0 t3c 0 keyfail 0 [0.0 s]
#   unit {'pos': 396, 'blk': None}: om1 90 pos 0 st1 0 fail1 0 t4 0 t4only 0 t2only 0 rtfail 0 rcfail 0 chain 0 t3c 0 keyfail 0 [0.0 s]
#   unit {'pos': 395, 'blk': None}: om1 86 pos 0 st1 0 fail1 0 t4 0 t4only 0 t2only 0 rtfail 0 rcfail 0 chain 0 t3c 0 keyfail 0 [0.0 s]
#   unit {'pos': 399, 'blk': None}: om1 105 pos 0 st1 0 fail1 0 t4 0 t4only 0 t2only 0 rtfail 0 rcfail 0 chain 0 t3c 0 keyfail 0 [0.0 s]
#   unit {'pos': 400, 'blk': None}: om1 115 pos 0 st1 0 fail1 0 t4 0 t4only 0 t2only 0 rtfail 0 rcfail 0 chain 0 t3c 0 keyfail 0 [0.0 s]
#   unit {'pos': 401, 'blk': None}: om1 70 pos 0 st1 0 fail1 0 t4 0 t4only 0 t2only 0 rtfail 0 rcfail 0 chain 0 t3c 0 keyfail 0 [0.0 s]
#   unit {'pos': 398, 'blk': None}: om1 79 pos 0 st1 0 fail1 0 t4 0 t4only 0 t2only 0 rtfail 0 rcfail 0 chain 0 t3c 0 keyfail 0 [0.0 s]
#   unit {'pos': 403, 'blk': None}: om1 106 pos 0 st1 0 fail1 0 t4 0 t4only 0 t2only 0 rtfail 0 rcfail 0 chain 0 t3c 0 keyfail 0 [0.0 s]
#   unit {'pos': 404, 'blk': None}: om1 92 pos 0 st1 0 fail1 0 t4 0 t4only 0 t2only 0 rtfail 0 rcfail 0 chain 0 t3c 0 keyfail 0 [0.0 s]
#   unit {'pos': 402, 'blk': None}: om1 100 pos 0 st1 0 fail1 0 t4 0 t4only 0 t2only 0 rtfail 0 rcfail 0 chain 0 t3c 0 keyfail 0 [0.0 s]
#   unit {'pos': 405, 'blk': None}: om1 143 pos 0 st1 0 fail1 0 t4 0 t4only 0 t2only 0 rtfail 0 rcfail 0 chain 0 t3c 0 keyfail 0 [0.0 s]
#   unit {'pos': 406, 'blk': None}: om1 139 pos 0 st1 0 fail1 0 t4 0 t4only 0 t2only 0 rtfail 0 rcfail 0 chain 0 t3c 0 keyfail 0 [0.0 s]
#   unit {'pos': 407, 'blk': None}: om1 94 pos 0 st1 0 fail1 0 t4 0 t4only 0 t2only 0 rtfail 0 rcfail 0 chain 0 t3c 0 keyfail 0 [0.0 s]
#   unit {'pos': 408, 'blk': None}: om1 96 pos 0 st1 0 fail1 0 t4 0 t4only 0 t2only 0 rtfail 0 rcfail 0 chain 0 t3c 0 keyfail 0 [0.0 s]
#   unit {'pos': 409, 'blk': None}: om1 102 pos 0 st1 0 fail1 0 t4 0 t4only 0 t2only 0 rtfail 0 rcfail 0 chain 0 t3c 0 keyfail 0 [0.0 s]
#   unit {'pos': 411, 'blk': None}: om1 109 pos 0 st1 0 fail1 0 t4 0 t4only 0 t2only 0 rtfail 0 rcfail 0 chain 0 t3c 0 keyfail 0 [0.0 s]
#   unit {'pos': 412, 'blk': None}: om1 128 pos 0 st1 0 fail1 0 t4 0 t4only 0 t2only 0 rtfail 0 rcfail 0 chain 0 t3c 0 keyfail 0 [0.0 s]
#   unit {'pos': 410, 'blk': None}: om1 110 pos 0 st1 0 fail1 0 t4 0 t4only 0 t2only 0 rtfail 0 rcfail 0 chain 0 t3c 0 keyfail 0 [0.0 s]
#   unit {'pos': 413, 'blk': None}: om1 69 pos 0 st1 0 fail1 0 t4 0 t4only 0 t2only 0 rtfail 0 rcfail 0 chain 0 t3c 0 keyfail 0 [0.0 s]
#   unit {'pos': 415, 'blk': None}: om1 58 pos 0 st1 0 fail1 0 t4 0 t4only 0 t2only 0 rtfail 0 rcfail 0 chain 0 t3c 0 keyfail 0 [0.0 s]
#   unit {'pos': 414, 'blk': None}: om1 64 pos 0 st1 0 fail1 0 t4 0 t4only 0 t2only 0 rtfail 0 rcfail 0 chain 0 t3c 0 keyfail 0 [0.0 s]
#   unit {'pos': 416, 'blk': None}: om1 73 pos 0 st1 0 fail1 0 t4 0 t4only 0 t2only 0 rtfail 0 rcfail 0 chain 0 t3c 0 keyfail 0 [0.0 s]
#   unit {'pos': 417, 'blk': None}: om1 64 pos 0 st1 0 fail1 0 t4 0 t4only 0 t2only 0 rtfail 0 rcfail 0 chain 0 t3c 0 keyfail 0 [0.0 s]
#   unit {'pos': 418, 'blk': None}: om1 59 pos 0 st1 0 fail1 0 t4 0 t4only 0 t2only 0 rtfail 0 rcfail 0 chain 0 t3c 0 keyfail 0 [0.0 s]
#   unit {'pos': 419, 'blk': None}: om1 93 pos 0 st1 0 fail1 0 t4 0 t4only 0 t2only 0 rtfail 0 rcfail 0 chain 0 t3c 0 keyfail 0 [0.0 s]
#   unit {'pos': 420, 'blk': None}: om1 82 pos 0 st1 0 fail1 0 t4 0 t4only 0 t2only 0 rtfail 0 rcfail 0 chain 0 t3c 0 keyfail 0 [0.0 s]
#   unit {'pos': 423, 'blk': None}: om1 45 pos 0 st1 0 fail1 0 t4 0 t4only 0 t2only 0 rtfail 0 rcfail 0 chain 0 t3c 0 keyfail 0 [0.0 s]
#   unit {'pos': 421, 'blk': None}: om1 73 pos 0 st1 0 fail1 0 t4 0 t4only 0 t2only 0 rtfail 0 rcfail 0 chain 0 t3c 0 keyfail 0 [0.0 s]
#   unit {'pos': 422, 'blk': None}: om1 71 pos 0 st1 0 fail1 0 t4 0 t4only 0 t2only 0 rtfail 0 rcfail 0 chain 0 t3c 0 keyfail 0 [0.0 s]
#   unit {'pos': 424, 'blk': None}: om1 49 pos 0 st1 0 fail1 0 t4 0 t4only 0 t2only 0 rtfail 0 rcfail 0 chain 0 t3c 0 keyfail 0 [0.0 s]
#   unit {'pos': 425, 'blk': None}: om1 44 pos 0 st1 0 fail1 0 t4 0 t4only 0 t2only 0 rtfail 0 rcfail 0 chain 0 t3c 0 keyfail 0 [0.0 s]
#   unit {'pos': 427, 'blk': None}: om1 35 pos 0 st1 0 fail1 0 t4 0 t4only 0 t2only 0 rtfail 0 rcfail 0 chain 0 t3c 0 keyfail 0 [0.0 s]
#   unit {'pos': 426, 'blk': None}: om1 52 pos 2 st1 2 fail1 0 t4 0 t4only 0 t2only 0 rtfail 0 rcfail 0 chain 0 t3c 2 keyfail 0 [0.0 s]
#   unit {'pos': 428, 'blk': None}: om1 24 pos 0 st1 0 fail1 0 t4 0 t4only 0 t2only 0 rtfail 0 rcfail 0 chain 0 t3c 0 keyfail 0 [0.0 s]
#   unit {'pos': 429, 'blk': None}: om1 24 pos 0 st1 0 fail1 0 t4 0 t4only 0 t2only 0 rtfail 0 rcfail 0 chain 0 t3c 0 keyfail 0 [0.0 s]
#   unit {'pos': 430, 'blk': None}: om1 32 pos 0 st1 0 fail1 0 t4 0 t4only 0 t2only 0 rtfail 0 rcfail 0 chain 0 t3c 0 keyfail 0 [0.0 s]
#   unit {'pos': 431, 'blk': None}: om1 30 pos 0 st1 0 fail1 0 t4 0 t4only 0 t2only 0 rtfail 0 rcfail 0 chain 0 t3c 0 keyfail 0 [0.0 s]
#   unit {'pos': 432, 'blk': None}: om1 26 pos 0 st1 0 fail1 0 t4 0 t4only 0 t2only 0 rtfail 0 rcfail 0 chain 0 t3c 0 keyfail 0 [0.0 s]
#   unit {'pos': 433, 'blk': None}: om1 36 pos 0 st1 0 fail1 0 t4 0 t4only 0 t2only 0 rtfail 0 rcfail 0 chain 0 t3c 0 keyfail 0 [0.0 s]
#   unit {'pos': 434, 'blk': None}: om1 24 pos 0 st1 0 fail1 0 t4 0 t4only 0 t2only 0 rtfail 0 rcfail 0 chain 0 t3c 0 keyfail 0 [0.0 s]
#   unit {'pos': 435, 'blk': None}: om1 28 pos 0 st1 0 fail1 0 t4 0 t4only 0 t2only 0 rtfail 0 rcfail 0 chain 0 t3c 0 keyfail 0 [0.0 s]
#   unit {'pos': 436, 'blk': None}: om1 24 pos 0 st1 0 fail1 0 t4 0 t4only 0 t2only 0 rtfail 0 rcfail 0 chain 0 t3c 0 keyfail 0 [0.0 s]
#   unit {'pos': 437, 'blk': None}: om1 44 pos 0 st1 0 fail1 0 t4 0 t4only 0 t2only 0 rtfail 0 rcfail 0 chain 0 t3c 0 keyfail 0 [0.0 s]
#   unit {'pos': 438, 'blk': None}: om1 54 pos 0 st1 0 fail1 0 t4 0 t4only 0 t2only 0 rtfail 0 rcfail 0 chain 0 t3c 0 keyfail 0 [0.0 s]
#   unit {'pos': 439, 'blk': None}: om1 40 pos 0 st1 0 fail1 0 t4 0 t4only 0 t2only 0 rtfail 0 rcfail 0 chain 0 t3c 0 keyfail 0 [0.0 s]
#   unit {'pos': 440, 'blk': None}: om1 32 pos 0 st1 0 fail1 0 t4 0 t4only 0 t2only 0 rtfail 0 rcfail 0 chain 0 t3c 0 keyfail 0 [0.0 s]
#   unit {'pos': 441, 'blk': None}: om1 37 pos 0 st1 0 fail1 0 t4 0 t4only 0 t2only 0 rtfail 0 rcfail 0 chain 0 t3c 0 keyfail 0 [0.0 s]
#   unit {'pos': 442, 'blk': None}: om1 37 pos 0 st1 0 fail1 0 t4 0 t4only 0 t2only 0 rtfail 0 rcfail 0 chain 0 t3c 0 keyfail 0 [0.0 s]
#   unit {'pos': 444, 'blk': None}: om1 80 pos 0 st1 0 fail1 0 t4 0 t4only 0 t2only 0 rtfail 0 rcfail 0 chain 0 t3c 0 keyfail 0 [0.0 s]
#   unit {'pos': 443, 'blk': None}: om1 62 pos 0 st1 0 fail1 0 t4 0 t4only 0 t2only 0 rtfail 0 rcfail 0 chain 0 t3c 0 keyfail 0 [0.0 s]
#   unit {'pos': 445, 'blk': None}: om1 62 pos 0 st1 0 fail1 0 t4 0 t4only 0 t2only 0 rtfail 0 rcfail 0 chain 0 t3c 0 keyfail 0 [0.0 s]
#   unit {'pos': 446, 'blk': None}: om1 50 pos 1 st1 1 fail1 0 t4 1 t4only 0 t2only 0 rtfail 0 rcfail 0 chain 0 t3c 1 keyfail 0 [0.0 s]
#   unit {'pos': 447, 'blk': None}: om1 36 pos 3 st1 3 fail1 0 t4 3 t4only 0 t2only 0 rtfail 0 rcfail 0 chain 0 t3c 3 keyfail 0 [0.0 s]
#   unit {'pos': 448, 'blk': None}: om1 32 pos 0 st1 0 fail1 0 t4 0 t4only 0 t2only 0 rtfail 0 rcfail 0 chain 0 t3c 0 keyfail 0 [0.0 s]
#   unit {'pos': 449, 'blk': None}: om1 40 pos 0 st1 0 fail1 0 t4 0 t4only 0 t2only 0 rtfail 0 rcfail 0 chain 0 t3c 0 keyfail 0 [0.0 s]
#   unit {'pos': 450, 'blk': None}: om1 56 pos 0 st1 0 fail1 0 t4 0 t4only 0 t2only 0 rtfail 0 rcfail 0 chain 0 t3c 0 keyfail 0 [0.0 s]
#   unit {'pos': 451, 'blk': None}: om1 50 pos 0 st1 0 fail1 0 t4 0 t4only 0 t2only 0 rtfail 0 rcfail 0 chain 0 t3c 0 keyfail 0 [0.0 s]
#   unit {'pos': 453, 'blk': None}: om1 34 pos 0 st1 0 fail1 0 t4 0 t4only 0 t2only 0 rtfail 0 rcfail 0 chain 0 t3c 0 keyfail 0 [0.0 s]
#   unit {'pos': 454, 'blk': None}: om1 33 pos 0 st1 0 fail1 0 t4 0 t4only 0 t2only 0 rtfail 0 rcfail 0 chain 0 t3c 0 keyfail 0 [0.0 s]
#   unit {'pos': 452, 'blk': None}: om1 39 pos 0 st1 0 fail1 0 t4 0 t4only 0 t2only 0 rtfail 0 rcfail 0 chain 0 t3c 0 keyfail 0 [0.0 s]
#   unit {'pos': 455, 'blk': None}: om1 46 pos 0 st1 0 fail1 0 t4 0 t4only 0 t2only 0 rtfail 0 rcfail 0 chain 0 t3c 0 keyfail 0 [0.0 s]
#   unit {'pos': 457, 'blk': None}: om1 112 pos 0 st1 0 fail1 0 t4 0 t4only 0 t2only 0 rtfail 0 rcfail 0 chain 0 t3c 0 keyfail 0 [0.0 s]
#   unit {'pos': 456, 'blk': None}: om1 33 pos 0 st1 0 fail1 0 t4 0 t4only 0 t2only 0 rtfail 0 rcfail 0 chain 0 t3c 0 keyfail 0 [0.0 s]
#   unit {'pos': 458, 'blk': None}: om1 39 pos 0 st1 0 fail1 0 t4 0 t4only 0 t2only 0 rtfail 0 rcfail 0 chain 0 t3c 0 keyfail 0 [0.0 s]
#   unit {'pos': 459, 'blk': None}: om1 55 pos 0 st1 0 fail1 0 t4 0 t4only 0 t2only 0 rtfail 0 rcfail 0 chain 0 t3c 0 keyfail 0 [0.0 s]
#   unit {'pos': 460, 'blk': None}: om1 37 pos 0 st1 0 fail1 0 t4 0 t4only 0 t2only 0 rtfail 0 rcfail 0 chain 0 t3c 0 keyfail 0 [0.0 s]
#   unit {'pos': 461, 'blk': None}: om1 45 pos 0 st1 0 fail1 0 t4 0 t4only 0 t2only 0 rtfail 0 rcfail 0 chain 0 t3c 0 keyfail 0 [0.0 s]
#   unit {'pos': 462, 'blk': None}: om1 33 pos 0 st1 0 fail1 0 t4 0 t4only 0 t2only 0 rtfail 0 rcfail 0 chain 0 t3c 0 keyfail 0 [0.0 s]
#   unit {'pos': 463, 'blk': None}: om1 57 pos 0 st1 0 fail1 0 t4 0 t4only 0 t2only 0 rtfail 0 rcfail 0 chain 0 t3c 0 keyfail 0 [0.0 s]
#   unit {'pos': 464, 'blk': None}: om1 50 pos 0 st1 0 fail1 0 t4 0 t4only 0 t2only 0 rtfail 0 rcfail 0 chain 0 t3c 0 keyfail 0 [0.0 s]
#   unit {'pos': 465, 'blk': None}: om1 39 pos 0 st1 0 fail1 0 t4 0 t4only 0 t2only 0 rtfail 0 rcfail 0 chain 0 t3c 0 keyfail 0 [0.0 s]
#   unit {'pos': 466, 'blk': None}: om1 32 pos 0 st1 0 fail1 0 t4 0 t4only 0 t2only 0 rtfail 0 rcfail 0 chain 0 t3c 0 keyfail 0 [0.0 s]
#   unit {'pos': 467, 'blk': None}: om1 30 pos 1 st1 1 fail1 0 t4 1 t4only 0 t2only 0 rtfail 0 rcfail 0 chain 0 t3c 1 keyfail 0 [0.0 s]
#   unit {'pos': 470, 'blk': None}: om1 43 pos 0 st1 0 fail1 0 t4 0 t4only 0 t2only 0 rtfail 0 rcfail 0 chain 0 t3c 0 keyfail 0 [0.0 s]
#   unit {'pos': 471, 'blk': None}: om1 40 pos 0 st1 0 fail1 0 t4 0 t4only 0 t2only 0 rtfail 0 rcfail 0 chain 0 t3c 0 keyfail 0 [0.0 s]
#   unit {'pos': 468, 'blk': None}: om1 42 pos 1 st1 1 fail1 0 t4 1 t4only 0 t2only 0 rtfail 0 rcfail 0 chain 0 t3c 1 keyfail 0 [0.0 s]
#   unit {'pos': 469, 'blk': None}: om1 27 pos 0 st1 0 fail1 0 t4 0 t4only 0 t2only 0 rtfail 0 rcfail 0 chain 0 t3c 0 keyfail 0 [0.0 s]
#   unit {'pos': 472, 'blk': None}: om1 28 pos 1 st1 1 fail1 0 t4 0 t4only 0 t2only 0 rtfail 0 rcfail 0 chain 0 t3c 1 keyfail 0 [0.0 s]
#   unit {'pos': 475, 'blk': None}: om1 36 pos 0 st1 0 fail1 0 t4 0 t4only 0 t2only 0 rtfail 0 rcfail 0 chain 0 t3c 0 keyfail 0 [0.0 s]
#   unit {'pos': 474, 'blk': None}: om1 40 pos 1 st1 1 fail1 0 t4 1 t4only 0 t2only 0 rtfail 0 rcfail 0 chain 0 t3c 1 keyfail 0 [0.0 s]
#   unit {'pos': 473, 'blk': None}: om1 31 pos 0 st1 0 fail1 0 t4 0 t4only 0 t2only 0 rtfail 0 rcfail 0 chain 0 t3c 0 keyfail 0 [0.0 s]
#   unit {'pos': 477, 'blk': None}: om1 39 pos 0 st1 0 fail1 0 t4 0 t4only 0 t2only 0 rtfail 0 rcfail 0 chain 0 t3c 0 keyfail 0 [0.0 s]
#   unit {'pos': 476, 'blk': None}: om1 47 pos 0 st1 0 fail1 0 t4 0 t4only 0 t2only 0 rtfail 0 rcfail 0 chain 0 t3c 0 keyfail 0 [0.0 s]
#   unit {'pos': 478, 'blk': None}: om1 35 pos 1 st1 1 fail1 0 t4 1 t4only 0 t2only 0 rtfail 0 rcfail 0 chain 0 t3c 1 keyfail 0 [0.0 s]
#   unit {'pos': 479, 'blk': None}: om1 60 pos 0 st1 0 fail1 0 t4 0 t4only 0 t2only 0 rtfail 0 rcfail 0 chain 0 t3c 0 keyfail 0 [0.0 s]
#   unit {'pos': 480, 'blk': None}: om1 61 pos 2 st1 2 fail1 0 t4 2 t4only 0 t2only 0 rtfail 0 rcfail 0 chain 0 t3c 2 keyfail 0 [0.0 s]
#   unit {'pos': 481, 'blk': None}: om1 48 pos 4 st1 4 fail1 0 t4 4 t4only 0 t2only 0 rtfail 0 rcfail 0 chain 0 t3c 4 keyfail 0 [0.0 s]
#   unit {'pos': 482, 'blk': None}: om1 51 pos 2 st1 2 fail1 0 t4 2 t4only 0 t2only 0 rtfail 0 rcfail 0 chain 0 t3c 2 keyfail 0 [0.0 s]
#   unit {'pos': 483, 'blk': None}: om1 50 pos 0 st1 0 fail1 0 t4 0 t4only 0 t2only 0 rtfail 0 rcfail 0 chain 0 t3c 0 keyfail 0 [0.0 s]
#   unit {'pos': 484, 'blk': None}: om1 42 pos 0 st1 0 fail1 0 t4 0 t4only 0 t2only 0 rtfail 0 rcfail 0 chain 0 t3c 0 keyfail 0 [0.0 s]
#   unit {'pos': 485, 'blk': None}: om1 40 pos 0 st1 0 fail1 0 t4 0 t4only 0 t2only 0 rtfail 0 rcfail 0 chain 0 t3c 0 keyfail 0 [0.0 s]
#   unit {'pos': 486, 'blk': None}: om1 45 pos 0 st1 0 fail1 0 t4 0 t4only 0 t2only 0 rtfail 0 rcfail 0 chain 0 t3c 0 keyfail 0 [0.0 s]
#   unit {'pos': 487, 'blk': None}: om1 55 pos 4 st1 4 fail1 0 t4 0 t4only 0 t2only 0 rtfail 0 rcfail 0 chain 0 t3c 4 keyfail 0 [0.0 s]
#   unit {'pos': 489, 'blk': None}: om1 39 pos 0 st1 0 fail1 0 t4 0 t4only 0 t2only 0 rtfail 0 rcfail 0 chain 0 t3c 0 keyfail 0 [0.0 s]
#   unit {'pos': 490, 'blk': None}: om1 37 pos 0 st1 0 fail1 0 t4 0 t4only 0 t2only 0 rtfail 0 rcfail 0 chain 0 t3c 0 keyfail 0 [0.0 s]
#   unit {'pos': 488, 'blk': None}: om1 31 pos 1 st1 1 fail1 0 t4 1 t4only 0 t2only 0 rtfail 0 rcfail 0 chain 0 t3c 1 keyfail 0 [0.0 s]
#   unit {'pos': 491, 'blk': None}: om1 51 pos 0 st1 0 fail1 0 t4 0 t4only 0 t2only 0 rtfail 0 rcfail 0 chain 0 t3c 0 keyfail 0 [0.0 s]
#   unit {'pos': 493, 'blk': None}: om1 45 pos 0 st1 0 fail1 0 t4 0 t4only 0 t2only 0 rtfail 0 rcfail 0 chain 0 t3c 0 keyfail 0 [0.0 s]
#   unit {'pos': 494, 'blk': None}: om1 36 pos 0 st1 0 fail1 0 t4 0 t4only 0 t2only 0 rtfail 0 rcfail 0 chain 0 t3c 0 keyfail 0 [0.0 s]
#   unit {'pos': 492, 'blk': None}: om1 39 pos 0 st1 0 fail1 0 t4 0 t4only 0 t2only 0 rtfail 0 rcfail 0 chain 0 t3c 0 keyfail 0 [0.0 s]
#   unit {'pos': 495, 'blk': None}: om1 29 pos 0 st1 0 fail1 0 t4 0 t4only 0 t2only 0 rtfail 0 rcfail 0 chain 0 t3c 0 keyfail 0 [0.0 s]
#   unit {'pos': 496, 'blk': None}: om1 25 pos 0 st1 0 fail1 0 t4 0 t4only 0 t2only 0 rtfail 0 rcfail 0 chain 0 t3c 0 keyfail 0 [0.0 s]
#   unit {'pos': 497, 'blk': None}: om1 29 pos 0 st1 0 fail1 0 t4 0 t4only 0 t2only 0 rtfail 0 rcfail 0 chain 0 t3c 0 keyfail 0 [0.0 s]
#   unit {'pos': 498, 'blk': None}: om1 36 pos 0 st1 0 fail1 0 t4 0 t4only 0 t2only 0 rtfail 0 rcfail 0 chain 0 t3c 0 keyfail 0 [0.0 s]
#   unit {'pos': 500, 'blk': None}: om1 45 pos 0 st1 0 fail1 0 t4 0 t4only 0 t2only 0 rtfail 0 rcfail 0 chain 0 t3c 0 keyfail 0 [0.0 s]
#   unit {'pos': 501, 'blk': None}: om1 25 pos 0 st1 0 fail1 0 t4 0 t4only 0 t2only 0 rtfail 0 rcfail 0 chain 0 t3c 0 keyfail 0 [0.0 s]
#   unit {'pos': 502, 'blk': None}: om1 22 pos 0 st1 0 fail1 0 t4 0 t4only 0 t2only 0 rtfail 0 rcfail 0 chain 0 t3c 0 keyfail 0 [0.0 s]
#   unit {'pos': 499, 'blk': None}: om1 46 pos 0 st1 0 fail1 0 t4 0 t4only 0 t2only 0 rtfail 0 rcfail 0 chain 0 t3c 0 keyfail 0 [0.0 s]
#   unit {'pos': 503, 'blk': None}: om1 42 pos 1 st1 1 fail1 0 t4 1 t4only 0 t2only 0 rtfail 0 rcfail 0 chain 0 t3c 1 keyfail 0 [0.0 s]
#   unit {'pos': 504, 'blk': None}: om1 30 pos 0 st1 0 fail1 0 t4 0 t4only 0 t2only 0 rtfail 0 rcfail 0 chain 0 t3c 0 keyfail 0 [0.0 s]
#   unit {'pos': 505, 'blk': None}: om1 20 pos 0 st1 0 fail1 0 t4 0 t4only 0 t2only 0 rtfail 0 rcfail 0 chain 0 t3c 0 keyfail 0 [0.0 s]
#   unit {'pos': 506, 'blk': None}: om1 26 pos 0 st1 0 fail1 0 t4 0 t4only 0 t2only 0 rtfail 0 rcfail 0 chain 0 t3c 0 keyfail 0 [0.0 s]
#   unit {'pos': 507, 'blk': None}: om1 18 pos 0 st1 0 fail1 0 t4 0 t4only 0 t2only 0 rtfail 0 rcfail 0 chain 0 t3c 0 keyfail 0 [0.0 s]
#   unit {'pos': 508, 'blk': None}: om1 25 pos 0 st1 0 fail1 0 t4 0 t4only 0 t2only 0 rtfail 0 rcfail 0 chain 0 t3c 0 keyfail 0 [0.0 s]
#   unit {'pos': 509, 'blk': None}: om1 39 pos 2 st1 2 fail1 0 t4 2 t4only 0 t2only 0 rtfail 0 rcfail 0 chain 0 t3c 2 keyfail 0 [0.0 s]
#   unit {'pos': 510, 'blk': None}: om1 36 pos 1 st1 1 fail1 0 t4 1 t4only 0 t2only 0 rtfail 0 rcfail 0 chain 0 t3c 1 keyfail 0 [0.0 s]
#   unit {'pos': 511, 'blk': None}: om1 23 pos 0 st1 0 fail1 0 t4 0 t4only 0 t2only 0 rtfail 0 rcfail 0 chain 0 t3c 0 keyfail 0 [0.0 s]
#   unit {'pos': 513, 'blk': None}: om1 46 pos 0 st1 0 fail1 0 t4 0 t4only 0 t2only 0 rtfail 0 rcfail 0 chain 0 t3c 0 keyfail 0 [0.0 s]
#   unit {'pos': 512, 'blk': None}: om1 22 pos 0 st1 0 fail1 0 t4 0 t4only 0 t2only 0 rtfail 0 rcfail 0 chain 0 t3c 0 keyfail 0 [0.0 s]
#   unit {'pos': 514, 'blk': None}: om1 17 pos 0 st1 0 fail1 0 t4 0 t4only 0 t2only 0 rtfail 0 rcfail 0 chain 0 t3c 0 keyfail 0 [0.0 s]
#   unit {'pos': 515, 'blk': None}: om1 23 pos 0 st1 0 fail1 0 t4 0 t4only 0 t2only 0 rtfail 0 rcfail 0 chain 0 t3c 0 keyfail 0 [0.0 s]
#   unit {'pos': 516, 'blk': None}: om1 21 pos 0 st1 0 fail1 0 t4 0 t4only 0 t2only 0 rtfail 0 rcfail 0 chain 0 t3c 0 keyfail 0 [0.0 s]
#   unit {'pos': 517, 'blk': None}: om1 31 pos 4 st1 4 fail1 0 t4 4 t4only 0 t2only 0 rtfail 0 rcfail 0 chain 0 t3c 4 keyfail 0 [0.0 s]
#   unit {'pos': 519, 'blk': None}: om1 47 pos 0 st1 0 fail1 0 t4 0 t4only 0 t2only 0 rtfail 0 rcfail 0 chain 0 t3c 0 keyfail 0 [0.0 s]
#   unit {'pos': 518, 'blk': None}: om1 27 pos 0 st1 0 fail1 0 t4 0 t4only 0 t2only 0 rtfail 0 rcfail 0 chain 0 t3c 0 keyfail 0 [0.0 s]
#   unit {'pos': 520, 'blk': None}: om1 61 pos 0 st1 0 fail1 0 t4 0 t4only 0 t2only 0 rtfail 0 rcfail 0 chain 0 t3c 0 keyfail 0 [0.0 s]
#   unit {'pos': 521, 'blk': None}: om1 46 pos 0 st1 0 fail1 0 t4 0 t4only 0 t2only 0 rtfail 0 rcfail 0 chain 0 t3c 0 keyfail 0 [0.0 s]
#   unit {'pos': 522, 'blk': None}: om1 40 pos 0 st1 0 fail1 0 t4 0 t4only 0 t2only 0 rtfail 0 rcfail 0 chain 0 t3c 0 keyfail 0 [0.0 s]
#   unit {'pos': 523, 'blk': None}: om1 31 pos 0 st1 0 fail1 0 t4 0 t4only 0 t2only 0 rtfail 0 rcfail 0 chain 0 t3c 0 keyfail 0 [0.0 s]
#   unit {'pos': 524, 'blk': None}: om1 36 pos 0 st1 0 fail1 0 t4 0 t4only 0 t2only 0 rtfail 0 rcfail 0 chain 0 t3c 0 keyfail 0 [0.0 s]
#   unit {'pos': 525, 'blk': None}: om1 43 pos 0 st1 0 fail1 0 t4 0 t4only 0 t2only 0 rtfail 0 rcfail 0 chain 0 t3c 0 keyfail 0 [0.0 s]
#   unit {'pos': 526, 'blk': None}: om1 55 pos 1 st1 1 fail1 0 t4 1 t4only 0 t2only 0 rtfail 0 rcfail 0 chain 0 t3c 1 keyfail 0 [0.0 s]
#   unit {'pos': 529, 'blk': None}: om1 34 pos 0 st1 0 fail1 0 t4 0 t4only 0 t2only 0 rtfail 0 rcfail 0 chain 0 t3c 0 keyfail 0 [0.0 s]
#   unit {'pos': 527, 'blk': None}: om1 32 pos 0 st1 0 fail1 0 t4 0 t4only 0 t2only 0 rtfail 0 rcfail 0 chain 0 t3c 0 keyfail 0 [0.1 s]
#   unit {'pos': 530, 'blk': None}: om1 43 pos 0 st1 0 fail1 0 t4 0 t4only 0 t2only 0 rtfail 0 rcfail 0 chain 0 t3c 0 keyfail 0 [0.0 s]
#   unit {'pos': 528, 'blk': None}: om1 37 pos 0 st1 0 fail1 0 t4 0 t4only 0 t2only 0 rtfail 0 rcfail 0 chain 0 t3c 0 keyfail 0 [0.0 s]
#   unit {'pos': 531, 'blk': None}: om1 35 pos 0 st1 0 fail1 0 t4 0 t4only 0 t2only 0 rtfail 0 rcfail 0 chain 0 t3c 0 keyfail 0 [0.0 s]
#   unit {'pos': 532, 'blk': None}: om1 28 pos 0 st1 0 fail1 0 t4 0 t4only 0 t2only 0 rtfail 0 rcfail 0 chain 0 t3c 0 keyfail 0 [0.0 s]
#   unit {'pos': 533, 'blk': None}: om1 30 pos 1 st1 1 fail1 0 t4 1 t4only 0 t2only 0 rtfail 0 rcfail 0 chain 0 t3c 1 keyfail 0 [0.0 s]
#   unit {'pos': 534, 'blk': None}: om1 38 pos 0 st1 0 fail1 0 t4 0 t4only 0 t2only 0 rtfail 0 rcfail 0 chain 0 t3c 0 keyfail 0 [0.0 s]
#   unit {'pos': 535, 'blk': None}: om1 41 pos 0 st1 0 fail1 0 t4 0 t4only 0 t2only 0 rtfail 0 rcfail 0 chain 0 t3c 0 keyfail 0 [0.0 s]
#   unit {'pos': 536, 'blk': None}: om1 42 pos 0 st1 0 fail1 0 t4 0 t4only 0 t2only 0 rtfail 0 rcfail 0 chain 0 t3c 0 keyfail 0 [0.0 s]
#   unit {'pos': 537, 'blk': None}: om1 35 pos 1 st1 1 fail1 0 t4 1 t4only 0 t2only 0 rtfail 0 rcfail 0 chain 0 t3c 1 keyfail 0 [0.0 s]
#   unit {'pos': 538, 'blk': None}: om1 22 pos 1 st1 1 fail1 0 t4 0 t4only 0 t2only 0 rtfail 0 rcfail 0 chain 0 t3c 1 keyfail 0 [0.0 s]
#   unit {'pos': 540, 'blk': None}: om1 66 pos 0 st1 0 fail1 0 t4 0 t4only 0 t2only 0 rtfail 0 rcfail 0 chain 0 t3c 0 keyfail 0 [0.0 s]
#   unit {'pos': 541, 'blk': None}: om1 67 pos 0 st1 0 fail1 0 t4 0 t4only 0 t2only 0 rtfail 0 rcfail 0 chain 0 t3c 0 keyfail 0 [0.0 s]
#   unit {'pos': 539, 'blk': None}: om1 35 pos 1 st1 1 fail1 0 t4 1 t4only 0 t2only 0 rtfail 0 rcfail 0 chain 0 t3c 1 keyfail 0 [0.0 s]
#   unit {'pos': 542, 'blk': None}: om1 44 pos 0 st1 0 fail1 0 t4 0 t4only 0 t2only 0 rtfail 0 rcfail 0 chain 0 t3c 0 keyfail 0 [0.0 s]
#   unit {'pos': 543, 'blk': None}: om1 36 pos 8 st1 8 fail1 0 t4 8 t4only 0 t2only 0 rtfail 0 rcfail 0 chain 0 t3c 8 keyfail 0 [0.0 s]
#   unit {'pos': 545, 'blk': None}: om1 34 pos 0 st1 0 fail1 0 t4 0 t4only 0 t2only 0 rtfail 0 rcfail 0 chain 0 t3c 0 keyfail 0 [0.0 s]
#   unit {'pos': 544, 'blk': None}: om1 38 pos 3 st1 3 fail1 0 t4 3 t4only 0 t2only 0 rtfail 0 rcfail 0 chain 0 t3c 3 keyfail 0 [0.0 s]
#   unit {'pos': 546, 'blk': None}: om1 27 pos 0 st1 0 fail1 0 t4 0 t4only 0 t2only 0 rtfail 0 rcfail 0 chain 0 t3c 0 keyfail 0 [0.0 s]
#   unit {'pos': 547, 'blk': None}: om1 18 pos 0 st1 0 fail1 0 t4 0 t4only 0 t2only 0 rtfail 0 rcfail 0 chain 0 t3c 0 keyfail 0 [0.0 s]
#   unit {'pos': 548, 'blk': None}: om1 34 pos 0 st1 0 fail1 0 t4 0 t4only 0 t2only 0 rtfail 0 rcfail 0 chain 0 t3c 0 keyfail 0 [0.0 s]
#   unit {'pos': 549, 'blk': None}: om1 39 pos 0 st1 0 fail1 0 t4 0 t4only 0 t2only 0 rtfail 0 rcfail 0 chain 0 t3c 0 keyfail 0 [0.0 s]
#   unit {'pos': 551, 'blk': None}: om1 34 pos 0 st1 0 fail1 0 t4 0 t4only 0 t2only 0 rtfail 0 rcfail 0 chain 0 t3c 0 keyfail 0 [0.0 s]
#   unit {'pos': 550, 'blk': None}: om1 46 pos 0 st1 0 fail1 0 t4 0 t4only 0 t2only 0 rtfail 0 rcfail 0 chain 0 t3c 0 keyfail 0 [0.0 s]
#   unit {'pos': 552, 'blk': None}: om1 57 pos 0 st1 0 fail1 0 t4 0 t4only 0 t2only 0 rtfail 0 rcfail 0 chain 0 t3c 0 keyfail 0 [0.0 s]
#   unit {'pos': 555, 'blk': None}: om1 32 pos 0 st1 0 fail1 0 t4 0 t4only 0 t2only 0 rtfail 0 rcfail 0 chain 0 t3c 0 keyfail 0 [0.0 s]
#   unit {'pos': 554, 'blk': None}: om1 65 pos 0 st1 0 fail1 0 t4 0 t4only 0 t2only 0 rtfail 0 rcfail 0 chain 0 t3c 0 keyfail 0 [0.0 s]
#   unit {'pos': 553, 'blk': None}: om1 44 pos 0 st1 0 fail1 0 t4 0 t4only 0 t2only 0 rtfail 0 rcfail 0 chain 0 t3c 0 keyfail 0 [0.0 s]
#   unit {'pos': 556, 'blk': None}: om1 45 pos 0 st1 0 fail1 0 t4 0 t4only 0 t2only 0 rtfail 0 rcfail 0 chain 0 t3c 0 keyfail 0 [0.0 s]
#   unit {'pos': 558, 'blk': None}: om1 25 pos 0 st1 0 fail1 0 t4 0 t4only 0 t2only 0 rtfail 0 rcfail 0 chain 0 t3c 0 keyfail 0 [0.0 s]
#   unit {'pos': 557, 'blk': None}: om1 27 pos 0 st1 0 fail1 0 t4 0 t4only 0 t2only 0 rtfail 0 rcfail 0 chain 0 t3c 0 keyfail 0 [0.0 s]
#   unit {'pos': 559, 'blk': None}: om1 37 pos 0 st1 0 fail1 0 t4 0 t4only 0 t2only 0 rtfail 0 rcfail 0 chain 0 t3c 0 keyfail 0 [0.0 s]
#   unit {'pos': 560, 'blk': None}: om1 54 pos 0 st1 0 fail1 0 t4 0 t4only 0 t2only 0 rtfail 0 rcfail 0 chain 0 t3c 0 keyfail 0 [0.0 s]
#   unit {'pos': 561, 'blk': None}: om1 38 pos 0 st1 0 fail1 0 t4 0 t4only 0 t2only 0 rtfail 0 rcfail 0 chain 0 t3c 0 keyfail 0 [0.0 s]
#   unit {'pos': 562, 'blk': None}: om1 46 pos 1 st1 1 fail1 0 t4 0 t4only 0 t2only 0 rtfail 0 rcfail 0 chain 0 t3c 1 keyfail 0 [0.0 s]
#   unit {'pos': 563, 'blk': None}: om1 32 pos 0 st1 0 fail1 0 t4 0 t4only 0 t2only 0 rtfail 0 rcfail 0 chain 0 t3c 0 keyfail 0 [0.0 s]
#   unit {'pos': 564, 'blk': None}: om1 50 pos 1 st1 1 fail1 0 t4 1 t4only 0 t2only 0 rtfail 0 rcfail 0 chain 0 t3c 1 keyfail 0 [0.0 s]
#   unit {'pos': 565, 'blk': None}: om1 34 pos 0 st1 0 fail1 0 t4 0 t4only 0 t2only 0 rtfail 0 rcfail 0 chain 0 t3c 0 keyfail 0 [0.0 s]
#   unit {'pos': 567, 'blk': None}: om1 28 pos 0 st1 0 fail1 0 t4 0 t4only 0 t2only 0 rtfail 0 rcfail 0 chain 0 t3c 0 keyfail 0 [0.0 s]
#   unit {'pos': 566, 'blk': None}: om1 57 pos 0 st1 0 fail1 0 t4 0 t4only 0 t2only 0 rtfail 0 rcfail 0 chain 0 t3c 0 keyfail 0 [0.0 s]
#   unit {'pos': 569, 'blk': None}: om1 27 pos 0 st1 0 fail1 0 t4 0 t4only 0 t2only 0 rtfail 0 rcfail 0 chain 0 t3c 0 keyfail 0 [0.0 s]
#   unit {'pos': 568, 'blk': None}: om1 35 pos 1 st1 1 fail1 0 t4 1 t4only 0 t2only 0 rtfail 0 rcfail 0 chain 0 t3c 1 keyfail 0 [0.0 s]
#   unit {'pos': 570, 'blk': None}: om1 40 pos 0 st1 0 fail1 0 t4 0 t4only 0 t2only 0 rtfail 0 rcfail 0 chain 0 t3c 0 keyfail 0 [0.0 s]
#   unit {'pos': 571, 'blk': None}: om1 22 pos 0 st1 0 fail1 0 t4 0 t4only 0 t2only 0 rtfail 0 rcfail 0 chain 0 t3c 0 keyfail 0 [0.0 s]
#   unit {'pos': 572, 'blk': None}: om1 28 pos 0 st1 0 fail1 0 t4 0 t4only 0 t2only 0 rtfail 0 rcfail 0 chain 0 t3c 0 keyfail 0 [0.0 s]
#   unit {'pos': 573, 'blk': None}: om1 23 pos 0 st1 0 fail1 0 t4 0 t4only 0 t2only 0 rtfail 0 rcfail 0 chain 0 t3c 0 keyfail 0 [0.0 s]
#   unit {'pos': 574, 'blk': None}: om1 29 pos 0 st1 0 fail1 0 t4 0 t4only 0 t2only 0 rtfail 0 rcfail 0 chain 0 t3c 0 keyfail 0 [0.0 s]
#   unit {'pos': 575, 'blk': None}: om1 23 pos 0 st1 0 fail1 0 t4 0 t4only 0 t2only 0 rtfail 0 rcfail 0 chain 0 t3c 0 keyfail 0 [0.0 s]
#   unit {'pos': 576, 'blk': None}: om1 24 pos 1 st1 1 fail1 0 t4 0 t4only 0 t2only 0 rtfail 0 rcfail 0 chain 0 t3c 1 keyfail 0 [0.0 s]
#   unit {'pos': 577, 'blk': None}: om1 36 pos 2 st1 2 fail1 0 t4 2 t4only 0 t2only 0 rtfail 0 rcfail 0 chain 0 t3c 2 keyfail 0 [0.0 s]
#   unit {'pos': 580, 'blk': None}: om1 32 pos 2 st1 2 fail1 0 t4 2 t4only 0 t2only 0 rtfail 0 rcfail 0 chain 0 t3c 2 keyfail 0 [0.0 s]
#   unit {'pos': 578, 'blk': None}: om1 28 pos 0 st1 0 fail1 0 t4 0 t4only 0 t2only 0 rtfail 0 rcfail 0 chain 0 t3c 0 keyfail 0 [0.0 s]
#   unit {'pos': 581, 'blk': None}: om1 33 pos 0 st1 0 fail1 0 t4 0 t4only 0 t2only 0 rtfail 0 rcfail 0 chain 0 t3c 0 keyfail 0 [0.0 s]
#   unit {'pos': 579, 'blk': None}: om1 19 pos 0 st1 0 fail1 0 t4 0 t4only 0 t2only 0 rtfail 0 rcfail 0 chain 0 t3c 0 keyfail 0 [0.0 s]
#   unit {'pos': 583, 'blk': None}: om1 22 pos 0 st1 0 fail1 0 t4 0 t4only 0 t2only 0 rtfail 0 rcfail 0 chain 0 t3c 0 keyfail 0 [0.0 s]
#   unit {'pos': 582, 'blk': None}: om1 40 pos 0 st1 0 fail1 0 t4 0 t4only 0 t2only 0 rtfail 0 rcfail 0 chain 0 t3c 0 keyfail 0 [0.0 s]
#   unit {'pos': 584, 'blk': None}: om1 16 pos 0 st1 0 fail1 0 t4 0 t4only 0 t2only 0 rtfail 0 rcfail 0 chain 0 t3c 0 keyfail 0 [0.0 s]
#   unit {'pos': 585, 'blk': None}: om1 25 pos 0 st1 0 fail1 0 t4 0 t4only 0 t2only 0 rtfail 0 rcfail 0 chain 0 t3c 0 keyfail 0 [0.0 s]
#   unit {'pos': 587, 'blk': None}: om1 20 pos 0 st1 0 fail1 0 t4 0 t4only 0 t2only 0 rtfail 0 rcfail 0 chain 0 t3c 0 keyfail 0 [0.0 s]
#   unit {'pos': 588, 'blk': None}: om1 18 pos 0 st1 0 fail1 0 t4 0 t4only 0 t2only 0 rtfail 0 rcfail 0 chain 0 t3c 0 keyfail 0 [0.0 s]
#   unit {'pos': 586, 'blk': None}: om1 16 pos 0 st1 0 fail1 0 t4 0 t4only 0 t2only 0 rtfail 0 rcfail 0 chain 0 t3c 0 keyfail 0 [0.0 s]
#   unit {'pos': 589, 'blk': None}: om1 21 pos 0 st1 0 fail1 0 t4 0 t4only 0 t2only 0 rtfail 0 rcfail 0 chain 0 t3c 0 keyfail 0 [0.0 s]
#   unit {'pos': 592, 'blk': None}: om1 24 pos 0 st1 0 fail1 0 t4 0 t4only 0 t2only 0 rtfail 0 rcfail 0 chain 0 t3c 0 keyfail 0 [0.0 s]
#   unit {'pos': 591, 'blk': None}: om1 23 pos 1 st1 1 fail1 0 t4 0 t4only 0 t2only 0 rtfail 0 rcfail 0 chain 0 t3c 1 keyfail 0 [0.0 s]
#   unit {'pos': 590, 'blk': None}: om1 33 pos 0 st1 0 fail1 0 t4 0 t4only 0 t2only 0 rtfail 0 rcfail 0 chain 0 t3c 0 keyfail 0 [0.0 s]
#   unit {'pos': 593, 'blk': None}: om1 21 pos 5 st1 5 fail1 0 t4 4 t4only 0 t2only 0 rtfail 0 rcfail 0 chain 0 t3c 5 keyfail 0 [0.0 s]
#   unit {'pos': 595, 'blk': None}: om1 19 pos 0 st1 0 fail1 0 t4 0 t4only 0 t2only 0 rtfail 0 rcfail 0 chain 0 t3c 0 keyfail 0 [0.0 s]
#   unit {'pos': 594, 'blk': None}: om1 23 pos 0 st1 0 fail1 0 t4 0 t4only 0 t2only 0 rtfail 0 rcfail 0 chain 0 t3c 0 keyfail 0 [0.0 s]
#   unit {'pos': 597, 'blk': None}: om1 15 pos 0 st1 0 fail1 0 t4 0 t4only 0 t2only 0 rtfail 0 rcfail 0 chain 0 t3c 0 keyfail 0 [0.0 s]
#   unit {'pos': 596, 'blk': None}: om1 20 pos 0 st1 0 fail1 0 t4 0 t4only 0 t2only 0 rtfail 0 rcfail 0 chain 0 t3c 0 keyfail 0 [0.0 s]
#   unit {'pos': 598, 'blk': None}: om1 20 pos 2 st1 2 fail1 0 t4 2 t4only 0 t2only 0 rtfail 0 rcfail 0 chain 0 t3c 2 keyfail 0 [0.0 s]
#   unit {'pos': 599, 'blk': None}: om1 20 pos 1 st1 1 fail1 0 t4 1 t4only 0 t2only 0 rtfail 0 rcfail 0 chain 0 t3c 1 keyfail 0 [0.0 s]
#   unit {'pos': 600, 'blk': None}: om1 21 pos 0 st1 0 fail1 0 t4 0 t4only 0 t2only 0 rtfail 0 rcfail 0 chain 0 t3c 0 keyfail 0 [0.0 s]
#   unit {'pos': 601, 'blk': None}: om1 18 pos 0 st1 0 fail1 0 t4 0 t4only 0 t2only 0 rtfail 0 rcfail 0 chain 0 t3c 0 keyfail 0 [0.0 s]
#   unit {'pos': 602, 'blk': None}: om1 29 pos 0 st1 0 fail1 0 t4 0 t4only 0 t2only 0 rtfail 0 rcfail 0 chain 0 t3c 0 keyfail 0 [0.0 s]
#   unit {'pos': 603, 'blk': None}: om1 24 pos 0 st1 0 fail1 0 t4 0 t4only 0 t2only 0 rtfail 0 rcfail 0 chain 0 t3c 0 keyfail 0 [0.0 s]
#   unit {'pos': 604, 'blk': None}: om1 24 pos 0 st1 0 fail1 0 t4 0 t4only 0 t2only 0 rtfail 0 rcfail 0 chain 0 t3c 0 keyfail 0 [0.0 s]
#   unit {'pos': 605, 'blk': None}: om1 14 pos 0 st1 0 fail1 0 t4 0 t4only 0 t2only 0 rtfail 0 rcfail 0 chain 0 t3c 0 keyfail 0 [0.0 s]
#   unit {'pos': 606, 'blk': None}: om1 12 pos 0 st1 0 fail1 0 t4 0 t4only 0 t2only 0 rtfail 0 rcfail 0 chain 0 t3c 0 keyfail 0 [0.0 s]
#   unit {'pos': 607, 'blk': None}: om1 33 pos 0 st1 0 fail1 0 t4 0 t4only 0 t2only 0 rtfail 0 rcfail 0 chain 0 t3c 0 keyfail 0 [0.0 s]
#   unit {'pos': 608, 'blk': None}: om1 22 pos 0 st1 0 fail1 0 t4 0 t4only 0 t2only 0 rtfail 0 rcfail 0 chain 0 t3c 0 keyfail 0 [0.0 s]
#   unit {'pos': 609, 'blk': None}: om1 21 pos 0 st1 0 fail1 0 t4 0 t4only 0 t2only 0 rtfail 0 rcfail 0 chain 0 t3c 0 keyfail 0 [0.0 s]
#   unit {'pos': 610, 'blk': None}: om1 21 pos 0 st1 0 fail1 0 t4 0 t4only 0 t2only 0 rtfail 0 rcfail 0 chain 0 t3c 0 keyfail 0 [0.0 s]
#   unit {'pos': 611, 'blk': None}: om1 24 pos 5 st1 5 fail1 0 t4 5 t4only 0 t2only 0 rtfail 0 rcfail 0 chain 0 t3c 5 keyfail 0 [0.0 s]
#   unit {'pos': 612, 'blk': None}: om1 18 pos 0 st1 0 fail1 0 t4 0 t4only 0 t2only 0 rtfail 0 rcfail 0 chain 0 t3c 0 keyfail 0 [0.0 s]
#   unit {'pos': 613, 'blk': None}: om1 12 pos 0 st1 0 fail1 0 t4 0 t4only 0 t2only 0 rtfail 0 rcfail 0 chain 0 t3c 0 keyfail 0 [0.0 s]
#   unit {'pos': 614, 'blk': None}: om1 17 pos 0 st1 0 fail1 0 t4 0 t4only 0 t2only 0 rtfail 0 rcfail 0 chain 0 t3c 0 keyfail 0 [0.0 s]
#   unit {'pos': 615, 'blk': None}: om1 13 pos 0 st1 0 fail1 0 t4 0 t4only 0 t2only 0 rtfail 0 rcfail 0 chain 0 t3c 0 keyfail 0 [0.0 s]
#   unit {'pos': 616, 'blk': None}: om1 23 pos 0 st1 0 fail1 0 t4 0 t4only 0 t2only 0 rtfail 0 rcfail 0 chain 0 t3c 0 keyfail 0 [0.0 s]
#   unit {'pos': 619, 'blk': None}: om1 23 pos 0 st1 0 fail1 0 t4 0 t4only 0 t2only 0 rtfail 0 rcfail 0 chain 0 t3c 0 keyfail 0 [0.0 s]
#   unit {'pos': 617, 'blk': None}: om1 20 pos 0 st1 0 fail1 0 t4 0 t4only 0 t2only 0 rtfail 0 rcfail 0 chain 0 t3c 0 keyfail 0 [0.0 s]
#   unit {'pos': 618, 'blk': None}: om1 7 pos 0 st1 0 fail1 0 t4 0 t4only 0 t2only 0 rtfail 0 rcfail 0 chain 0 t3c 0 keyfail 0 [0.0 s]
#   unit {'pos': 620, 'blk': None}: om1 17 pos 0 st1 0 fail1 0 t4 0 t4only 0 t2only 0 rtfail 0 rcfail 0 chain 0 t3c 0 keyfail 0 [0.0 s]
#   unit {'pos': 621, 'blk': None}: om1 17 pos 0 st1 0 fail1 0 t4 0 t4only 0 t2only 0 rtfail 0 rcfail 0 chain 0 t3c 0 keyfail 0 [0.0 s]
#   unit {'pos': 622, 'blk': None}: om1 23 pos 0 st1 0 fail1 0 t4 0 t4only 0 t2only 0 rtfail 0 rcfail 0 chain 0 t3c 0 keyfail 0 [0.0 s]
#   unit {'pos': 623, 'blk': None}: om1 17 pos 0 st1 0 fail1 0 t4 0 t4only 0 t2only 0 rtfail 0 rcfail 0 chain 0 t3c 0 keyfail 0 [0.0 s]
#   unit {'pos': 624, 'blk': None}: om1 20 pos 0 st1 0 fail1 0 t4 0 t4only 0 t2only 0 rtfail 0 rcfail 0 chain 0 t3c 0 keyfail 0 [0.0 s]
#   unit {'pos': 625, 'blk': None}: om1 27 pos 0 st1 0 fail1 0 t4 0 t4only 0 t2only 0 rtfail 0 rcfail 0 chain 0 t3c 0 keyfail 0 [0.0 s]
#   unit {'pos': 627, 'blk': None}: om1 19 pos 0 st1 0 fail1 0 t4 0 t4only 0 t2only 0 rtfail 0 rcfail 0 chain 0 t3c 0 keyfail 0 [0.0 s]
#   unit {'pos': 628, 'blk': None}: om1 25 pos 0 st1 0 fail1 0 t4 0 t4only 0 t2only 0 rtfail 0 rcfail 0 chain 0 t3c 0 keyfail 0 [0.0 s]
#   unit {'pos': 626, 'blk': None}: om1 17 pos 0 st1 0 fail1 0 t4 0 t4only 0 t2only 0 rtfail 0 rcfail 0 chain 0 t3c 0 keyfail 0 [0.0 s]
#   unit {'pos': 629, 'blk': None}: om1 18 pos 0 st1 0 fail1 0 t4 0 t4only 0 t2only 0 rtfail 0 rcfail 0 chain 0 t3c 0 keyfail 0 [0.0 s]
#   unit {'pos': 630, 'blk': None}: om1 10 pos 0 st1 0 fail1 0 t4 0 t4only 0 t2only 0 rtfail 0 rcfail 0 chain 0 t3c 0 keyfail 0 [0.0 s]
#   unit {'pos': 632, 'blk': None}: om1 17 pos 0 st1 0 fail1 0 t4 0 t4only 0 t2only 0 rtfail 0 rcfail 0 chain 0 t3c 0 keyfail 0 [0.0 s]
#   unit {'pos': 631, 'blk': None}: om1 12 pos 0 st1 0 fail1 0 t4 0 t4only 0 t2only 0 rtfail 0 rcfail 0 chain 0 t3c 0 keyfail 0 [0.0 s]
#   unit {'pos': 634, 'blk': None}: om1 10 pos 0 st1 0 fail1 0 t4 0 t4only 0 t2only 0 rtfail 0 rcfail 0 chain 0 t3c 0 keyfail 0 [0.0 s]
#   unit {'pos': 636, 'blk': None}: om1 20 pos 1 st1 1 fail1 0 t4 0 t4only 0 t2only 0 rtfail 0 rcfail 0 chain 0 t3c 1 keyfail 0 [0.0 s]
#   unit {'pos': 633, 'blk': None}: om1 14 pos 0 st1 0 fail1 0 t4 0 t4only 0 t2only 0 rtfail 0 rcfail 0 chain 0 t3c 0 keyfail 0 [0.0 s]
#   unit {'pos': 635, 'blk': None}: om1 11 pos 0 st1 0 fail1 0 t4 0 t4only 0 t2only 0 rtfail 0 rcfail 0 chain 0 t3c 0 keyfail 0 [0.0 s]
#   unit {'pos': 637, 'blk': None}: om1 9 pos 0 st1 0 fail1 0 t4 0 t4only 0 t2only 0 rtfail 0 rcfail 0 chain 0 t3c 0 keyfail 0 [0.0 s]
#   unit {'pos': 638, 'blk': None}: om1 26 pos 0 st1 0 fail1 0 t4 0 t4only 0 t2only 0 rtfail 0 rcfail 0 chain 0 t3c 0 keyfail 0 [0.0 s]
#   unit {'pos': 639, 'blk': None}: om1 24 pos 2 st1 2 fail1 0 t4 2 t4only 0 t2only 0 rtfail 0 rcfail 0 chain 0 t3c 2 keyfail 0 [0.0 s]
#   unit {'pos': 640, 'blk': None}: om1 16 pos 0 st1 0 fail1 0 t4 0 t4only 0 t2only 0 rtfail 0 rcfail 0 chain 0 t3c 0 keyfail 0 [0.0 s]
#   unit {'pos': 641, 'blk': None}: om1 21 pos 0 st1 0 fail1 0 t4 0 t4only 0 t2only 0 rtfail 0 rcfail 0 chain 0 t3c 0 keyfail 0 [0.0 s]
#   unit {'pos': 644, 'blk': None}: om1 13 pos 3 st1 3 fail1 0 t4 3 t4only 0 t2only 0 rtfail 0 rcfail 0 chain 0 t3c 3 keyfail 0 [0.0 s]
#   unit {'pos': 643, 'blk': None}: om1 17 pos 0 st1 0 fail1 0 t4 0 t4only 0 t2only 0 rtfail 0 rcfail 0 chain 0 t3c 0 keyfail 0 [0.0 s]
#   unit {'pos': 642, 'blk': None}: om1 22 pos 0 st1 0 fail1 0 t4 0 t4only 0 t2only 0 rtfail 0 rcfail 0 chain 0 t3c 0 keyfail 0 [0.0 s]
#   unit {'pos': 645, 'blk': None}: om1 7 pos 0 st1 0 fail1 0 t4 0 t4only 0 t2only 0 rtfail 0 rcfail 0 chain 0 t3c 0 keyfail 0 [0.0 s]
#   unit {'pos': 647, 'blk': None}: om1 7 pos 0 st1 0 fail1 0 t4 0 t4only 0 t2only 0 rtfail 0 rcfail 0 chain 0 t3c 0 keyfail 0 [0.0 s]
#   unit {'pos': 646, 'blk': None}: om1 13 pos 0 st1 0 fail1 0 t4 0 t4only 0 t2only 0 rtfail 0 rcfail 0 chain 0 t3c 0 keyfail 0 [0.0 s]
#   unit {'pos': 648, 'blk': None}: om1 15 pos 0 st1 0 fail1 0 t4 0 t4only 0 t2only 0 rtfail 0 rcfail 0 chain 0 t3c 0 keyfail 0 [0.0 s]
#   unit {'pos': 649, 'blk': None}: om1 14 pos 0 st1 0 fail1 0 t4 0 t4only 0 t2only 0 rtfail 0 rcfail 0 chain 0 t3c 0 keyfail 0 [0.0 s]
#   unit {'pos': 650, 'blk': None}: om1 10 pos 0 st1 0 fail1 0 t4 0 t4only 0 t2only 0 rtfail 0 rcfail 0 chain 0 t3c 0 keyfail 0 [0.0 s]
#   unit {'pos': 651, 'blk': None}: om1 14 pos 0 st1 0 fail1 0 t4 0 t4only 0 t2only 0 rtfail 0 rcfail 0 chain 0 t3c 0 keyfail 0 [0.0 s]
#   unit {'pos': 652, 'blk': None}: om1 12 pos 0 st1 0 fail1 0 t4 0 t4only 0 t2only 0 rtfail 0 rcfail 0 chain 0 t3c 0 keyfail 0 [0.0 s]
#   unit {'pos': 653, 'blk': None}: om1 12 pos 0 st1 0 fail1 0 t4 0 t4only 0 t2only 0 rtfail 0 rcfail 0 chain 0 t3c 0 keyfail 0 [0.0 s]
#   unit {'pos': 654, 'blk': None}: om1 8 pos 0 st1 0 fail1 0 t4 0 t4only 0 t2only 0 rtfail 0 rcfail 0 chain 0 t3c 0 keyfail 0 [0.0 s]
#   unit {'pos': 656, 'blk': None}: om1 12 pos 0 st1 0 fail1 0 t4 0 t4only 0 t2only 0 rtfail 0 rcfail 0 chain 0 t3c 0 keyfail 0 [0.0 s]
#   unit {'pos': 655, 'blk': None}: om1 14 pos 0 st1 0 fail1 0 t4 0 t4only 0 t2only 0 rtfail 0 rcfail 0 chain 0 t3c 0 keyfail 0 [0.0 s]
#   unit {'pos': 657, 'blk': None}: om1 34 pos 0 st1 0 fail1 0 t4 0 t4only 0 t2only 0 rtfail 0 rcfail 0 chain 0 t3c 0 keyfail 0 [0.0 s]
#   unit {'pos': 658, 'blk': None}: om1 26 pos 0 st1 0 fail1 0 t4 0 t4only 0 t2only 0 rtfail 0 rcfail 0 chain 0 t3c 0 keyfail 0 [0.0 s]
#   unit {'pos': 660, 'blk': None}: om1 17 pos 2 st1 2 fail1 0 t4 0 t4only 0 t2only 0 rtfail 0 rcfail 0 chain 0 t3c 2 keyfail 0 [0.0 s]
#   unit {'pos': 659, 'blk': None}: om1 20 pos 1 st1 1 fail1 0 t4 1 t4only 0 t2only 0 rtfail 0 rcfail 0 chain 0 t3c 1 keyfail 0 [0.0 s]
#   unit {'pos': 662, 'blk': None}: om1 15 pos 0 st1 0 fail1 0 t4 0 t4only 0 t2only 0 rtfail 0 rcfail 0 chain 0 t3c 0 keyfail 0 [0.0 s]
#   unit {'pos': 663, 'blk': None}: om1 20 pos 0 st1 0 fail1 0 t4 0 t4only 0 t2only 0 rtfail 0 rcfail 0 chain 0 t3c 0 keyfail 0 [0.0 s]
#   unit {'pos': 661, 'blk': None}: om1 15 pos 0 st1 0 fail1 0 t4 0 t4only 0 t2only 0 rtfail 0 rcfail 0 chain 0 t3c 0 keyfail 0 [0.0 s]
#   unit {'pos': 664, 'blk': None}: om1 18 pos 0 st1 0 fail1 0 t4 0 t4only 0 t2only 0 rtfail 0 rcfail 0 chain 0 t3c 0 keyfail 0 [0.0 s]
#   unit {'pos': 666, 'blk': None}: om1 14 pos 0 st1 0 fail1 0 t4 0 t4only 0 t2only 0 rtfail 0 rcfail 0 chain 0 t3c 0 keyfail 0 [0.0 s]
#   unit {'pos': 665, 'blk': None}: om1 28 pos 0 st1 0 fail1 0 t4 0 t4only 0 t2only 0 rtfail 0 rcfail 0 chain 0 t3c 0 keyfail 0 [0.0 s]
#   unit {'pos': 667, 'blk': None}: om1 22 pos 0 st1 0 fail1 0 t4 0 t4only 0 t2only 0 rtfail 0 rcfail 0 chain 0 t3c 0 keyfail 0 [0.0 s]
#   unit {'pos': 668, 'blk': None}: om1 20 pos 0 st1 0 fail1 0 t4 0 t4only 0 t2only 0 rtfail 0 rcfail 0 chain 0 t3c 0 keyfail 0 [0.0 s]
#   unit {'pos': 670, 'blk': None}: om1 9 pos 0 st1 0 fail1 0 t4 0 t4only 0 t2only 0 rtfail 0 rcfail 0 chain 0 t3c 0 keyfail 0 [0.0 s]
#   unit {'pos': 669, 'blk': None}: om1 17 pos 0 st1 0 fail1 0 t4 0 t4only 0 t2only 0 rtfail 0 rcfail 0 chain 0 t3c 0 keyfail 0 [0.0 s]
#   unit {'pos': 672, 'blk': None}: om1 23 pos 0 st1 0 fail1 0 t4 0 t4only 0 t2only 0 rtfail 0 rcfail 0 chain 0 t3c 0 keyfail 0 [0.0 s]
#   unit {'pos': 671, 'blk': None}: om1 18 pos 0 st1 0 fail1 0 t4 0 t4only 0 t2only 0 rtfail 0 rcfail 0 chain 0 t3c 0 keyfail 0 [0.0 s]
#   unit {'pos': 673, 'blk': None}: om1 17 pos 0 st1 0 fail1 0 t4 0 t4only 0 t2only 0 rtfail 0 rcfail 0 chain 0 t3c 0 keyfail 0 [0.0 s]
#   unit {'pos': 674, 'blk': None}: om1 26 pos 0 st1 0 fail1 0 t4 0 t4only 0 t2only 0 rtfail 0 rcfail 0 chain 0 t3c 0 keyfail 0 [0.0 s]
#   unit {'pos': 676, 'blk': None}: om1 12 pos 0 st1 0 fail1 0 t4 0 t4only 0 t2only 0 rtfail 0 rcfail 0 chain 0 t3c 0 keyfail 0 [0.0 s]
#   unit {'pos': 675, 'blk': None}: om1 14 pos 0 st1 0 fail1 0 t4 0 t4only 0 t2only 0 rtfail 0 rcfail 0 chain 0 t3c 0 keyfail 0 [0.0 s]
#   unit {'pos': 677, 'blk': None}: om1 23 pos 0 st1 0 fail1 0 t4 0 t4only 0 t2only 0 rtfail 0 rcfail 0 chain 0 t3c 0 keyfail 0 [0.0 s]
#   unit {'pos': 678, 'blk': None}: om1 21 pos 1 st1 1 fail1 0 t4 0 t4only 0 t2only 0 rtfail 0 rcfail 0 chain 0 t3c 1 keyfail 0 [0.0 s]
#   unit {'pos': 679, 'blk': None}: om1 23 pos 0 st1 0 fail1 0 t4 0 t4only 0 t2only 0 rtfail 0 rcfail 0 chain 0 t3c 0 keyfail 0 [0.0 s]
#   unit {'pos': 680, 'blk': None}: om1 19 pos 0 st1 0 fail1 0 t4 0 t4only 0 t2only 0 rtfail 0 rcfail 0 chain 0 t3c 0 keyfail 0 [0.0 s]
#   unit {'pos': 682, 'blk': None}: om1 14 pos 0 st1 0 fail1 0 t4 0 t4only 0 t2only 0 rtfail 0 rcfail 0 chain 0 t3c 0 keyfail 0 [0.0 s]
#   unit {'pos': 681, 'blk': None}: om1 13 pos 0 st1 0 fail1 0 t4 0 t4only 0 t2only 0 rtfail 0 rcfail 0 chain 0 t3c 0 keyfail 0 [0.0 s]
#   unit {'pos': 684, 'blk': None}: om1 19 pos 2 st1 2 fail1 0 t4 2 t4only 0 t2only 0 rtfail 0 rcfail 0 chain 0 t3c 2 keyfail 0 [0.0 s]
#   unit {'pos': 683, 'blk': None}: om1 11 pos 0 st1 0 fail1 0 t4 0 t4only 0 t2only 0 rtfail 0 rcfail 0 chain 0 t3c 0 keyfail 0 [0.0 s]
#   unit {'pos': 685, 'blk': None}: om1 24 pos 0 st1 0 fail1 0 t4 0 t4only 0 t2only 0 rtfail 0 rcfail 0 chain 0 t3c 0 keyfail 0 [0.0 s]
#   unit {'pos': 686, 'blk': None}: om1 18 pos 0 st1 0 fail1 0 t4 0 t4only 0 t2only 0 rtfail 0 rcfail 0 chain 0 t3c 0 keyfail 0 [0.0 s]
#   unit {'pos': 687, 'blk': None}: om1 15 pos 8 st1 8 fail1 0 t4 8 t4only 0 t2only 0 rtfail 0 rcfail 0 chain 0 t3c 8 keyfail 0 [0.0 s]
#   unit {'pos': 688, 'blk': None}: om1 17 pos 1 st1 1 fail1 0 t4 1 t4only 0 t2only 0 rtfail 0 rcfail 0 chain 0 t3c 1 keyfail 0 [0.0 s]
#   unit {'pos': 691, 'blk': None}: om1 21 pos 2 st1 2 fail1 0 t4 2 t4only 0 t2only 0 rtfail 0 rcfail 0 chain 0 t3c 2 keyfail 0 [0.0 s]
#   unit {'pos': 689, 'blk': None}: om1 18 pos 4 st1 4 fail1 0 t4 4 t4only 0 t2only 0 rtfail 0 rcfail 0 chain 0 t3c 4 keyfail 0 [0.0 s]
#   unit {'pos': 690, 'blk': None}: om1 17 pos 3 st1 3 fail1 0 t4 3 t4only 0 t2only 0 rtfail 0 rcfail 0 chain 0 t3c 3 keyfail 0 [0.0 s]
#   unit {'pos': 692, 'blk': None}: om1 25 pos 0 st1 0 fail1 0 t4 0 t4only 0 t2only 0 rtfail 0 rcfail 0 chain 0 t3c 0 keyfail 0 [0.0 s]
#   unit {'pos': 694, 'blk': None}: om1 19 pos 2 st1 2 fail1 0 t4 2 t4only 0 t2only 0 rtfail 0 rcfail 0 chain 0 t3c 2 keyfail 0 [0.0 s]
#   unit {'pos': 695, 'blk': None}: om1 24 pos 0 st1 0 fail1 0 t4 0 t4only 0 t2only 0 rtfail 0 rcfail 0 chain 0 t3c 0 keyfail 0 [0.0 s]
#   unit {'pos': 693, 'blk': None}: om1 12 pos 0 st1 0 fail1 0 t4 0 t4only 0 t2only 0 rtfail 0 rcfail 0 chain 0 t3c 0 keyfail 0 [0.0 s]
#   unit {'pos': 696, 'blk': None}: om1 14 pos 1 st1 1 fail1 0 t4 0 t4only 0 t2only 0 rtfail 0 rcfail 0 chain 0 t3c 1 keyfail 0 [0.0 s]
#   unit {'pos': 698, 'blk': None}: om1 17 pos 0 st1 0 fail1 0 t4 0 t4only 0 t2only 0 rtfail 0 rcfail 0 chain 0 t3c 0 keyfail 0 [0.0 s]
#   unit {'pos': 699, 'blk': None}: om1 14 pos 0 st1 0 fail1 0 t4 0 t4only 0 t2only 0 rtfail 0 rcfail 0 chain 0 t3c 0 keyfail 0 [0.0 s]
#   unit {'pos': 701, 'blk': None}: om1 11 pos 0 st1 0 fail1 0 t4 0 t4only 0 t2only 0 rtfail 0 rcfail 0 chain 0 t3c 0 keyfail 0 [0.0 s]
#   unit {'pos': 702, 'blk': None}: om1 9 pos 0 st1 0 fail1 0 t4 0 t4only 0 t2only 0 rtfail 0 rcfail 0 chain 0 t3c 0 keyfail 0 [0.0 s]
#   unit {'pos': 697, 'blk': None}: om1 17 pos 0 st1 0 fail1 0 t4 0 t4only 0 t2only 0 rtfail 0 rcfail 0 chain 0 t3c 0 keyfail 0 [0.1 s]
#   unit {'pos': 700, 'blk': None}: om1 11 pos 1 st1 1 fail1 0 t4 1 t4only 0 t2only 0 rtfail 0 rcfail 0 chain 0 t3c 1 keyfail 0 [0.0 s]
#   unit {'pos': 703, 'blk': None}: om1 14 pos 0 st1 0 fail1 0 t4 0 t4only 0 t2only 0 rtfail 0 rcfail 0 chain 0 t3c 0 keyfail 0 [0.0 s]
#   unit {'pos': 704, 'blk': None}: om1 18 pos 0 st1 0 fail1 0 t4 0 t4only 0 t2only 0 rtfail 0 rcfail 0 chain 0 t3c 0 keyfail 0 [0.0 s]
#   unit {'pos': 705, 'blk': None}: om1 16 pos 0 st1 0 fail1 0 t4 0 t4only 0 t2only 0 rtfail 0 rcfail 0 chain 0 t3c 0 keyfail 0 [0.0 s]
#   unit {'pos': 706, 'blk': None}: om1 13 pos 0 st1 0 fail1 0 t4 0 t4only 0 t2only 0 rtfail 0 rcfail 0 chain 0 t3c 0 keyfail 0 [0.0 s]
#   unit {'pos': 707, 'blk': None}: om1 11 pos 0 st1 0 fail1 0 t4 0 t4only 0 t2only 0 rtfail 0 rcfail 0 chain 0 t3c 0 keyfail 0 [0.0 s]
#   unit {'pos': 709, 'blk': None}: om1 19 pos 0 st1 0 fail1 0 t4 0 t4only 0 t2only 0 rtfail 0 rcfail 0 chain 0 t3c 0 keyfail 0 [0.0 s]
#   unit {'pos': 708, 'blk': None}: om1 9 pos 0 st1 0 fail1 0 t4 0 t4only 0 t2only 0 rtfail 0 rcfail 0 chain 0 t3c 0 keyfail 0 [0.0 s]
#   unit {'pos': 710, 'blk': None}: om1 27 pos 0 st1 0 fail1 0 t4 0 t4only 0 t2only 0 rtfail 0 rcfail 0 chain 0 t3c 0 keyfail 0 [0.0 s]
#   unit {'pos': 711, 'blk': None}: om1 30 pos 0 st1 0 fail1 0 t4 0 t4only 0 t2only 0 rtfail 0 rcfail 0 chain 0 t3c 0 keyfail 0 [0.0 s]
#   unit {'pos': 712, 'blk': None}: om1 20 pos 0 st1 0 fail1 0 t4 0 t4only 0 t2only 0 rtfail 0 rcfail 0 chain 0 t3c 0 keyfail 0 [0.0 s]
#   unit {'pos': 714, 'blk': None}: om1 26 pos 0 st1 0 fail1 0 t4 0 t4only 0 t2only 0 rtfail 0 rcfail 0 chain 0 t3c 0 keyfail 0 [0.0 s]
#   unit {'pos': 713, 'blk': None}: om1 35 pos 2 st1 2 fail1 0 t4 2 t4only 0 t2only 0 rtfail 0 rcfail 0 chain 0 t3c 2 keyfail 0 [0.0 s]
#   unit {'pos': 715, 'blk': None}: om1 16 pos 0 st1 0 fail1 0 t4 0 t4only 0 t2only 0 rtfail 0 rcfail 0 chain 0 t3c 0 keyfail 0 [0.0 s]
#   unit {'pos': 716, 'blk': None}: om1 22 pos 0 st1 0 fail1 0 t4 0 t4only 0 t2only 0 rtfail 0 rcfail 0 chain 0 t3c 0 keyfail 0 [0.0 s]
#   unit {'pos': 717, 'blk': None}: om1 24 pos 0 st1 0 fail1 0 t4 0 t4only 0 t2only 0 rtfail 0 rcfail 0 chain 0 t3c 0 keyfail 0 [0.0 s]
#   unit {'pos': 718, 'blk': None}: om1 14 pos 0 st1 0 fail1 0 t4 0 t4only 0 t2only 0 rtfail 0 rcfail 0 chain 0 t3c 0 keyfail 0 [0.0 s]
#   unit {'pos': 719, 'blk': None}: om1 24 pos 0 st1 0 fail1 0 t4 0 t4only 0 t2only 0 rtfail 0 rcfail 0 chain 0 t3c 0 keyfail 0 [0.0 s]
#   unit {'pos': 720, 'blk': None}: om1 27 pos 0 st1 0 fail1 0 t4 0 t4only 0 t2only 0 rtfail 0 rcfail 0 chain 0 t3c 0 keyfail 0 [0.0 s]
#   unit {'pos': 721, 'blk': None}: om1 21 pos 0 st1 0 fail1 0 t4 0 t4only 0 t2only 0 rtfail 0 rcfail 0 chain 0 t3c 0 keyfail 0 [0.0 s]
#   unit {'pos': 722, 'blk': None}: om1 27 pos 0 st1 0 fail1 0 t4 0 t4only 0 t2only 0 rtfail 0 rcfail 0 chain 0 t3c 0 keyfail 0 [0.0 s]
#   unit {'pos': 724, 'blk': None}: om1 22 pos 0 st1 0 fail1 0 t4 0 t4only 0 t2only 0 rtfail 0 rcfail 0 chain 0 t3c 0 keyfail 0 [0.0 s]
#   unit {'pos': 725, 'blk': None}: om1 30 pos 2 st1 2 fail1 0 t4 2 t4only 0 t2only 0 rtfail 0 rcfail 0 chain 0 t3c 2 keyfail 0 [0.0 s]
#   unit {'pos': 723, 'blk': None}: om1 24 pos 0 st1 0 fail1 0 t4 0 t4only 0 t2only 0 rtfail 0 rcfail 0 chain 0 t3c 0 keyfail 0 [0.0 s]
#   unit {'pos': 726, 'blk': None}: om1 30 pos 0 st1 0 fail1 0 t4 0 t4only 0 t2only 0 rtfail 0 rcfail 0 chain 0 t3c 0 keyfail 0 [0.0 s]
#   unit {'pos': 727, 'blk': None}: om1 21 pos 0 st1 0 fail1 0 t4 0 t4only 0 t2only 0 rtfail 0 rcfail 0 chain 0 t3c 0 keyfail 0 [0.0 s]
#   unit {'pos': 729, 'blk': None}: om1 14 pos 8 st1 8 fail1 0 t4 8 t4only 0 t2only 0 rtfail 0 rcfail 0 chain 0 t3c 8 keyfail 0 [0.0 s]
#   unit {'pos': 728, 'blk': None}: om1 20 pos 0 st1 0 fail1 0 t4 0 t4only 0 t2only 0 rtfail 0 rcfail 0 chain 0 t3c 0 keyfail 0 [0.0 s]
#   unit {'pos': 730, 'blk': None}: om1 27 pos 2 st1 2 fail1 0 t4 2 t4only 0 t2only 0 rtfail 0 rcfail 0 chain 0 t3c 2 keyfail 0 [0.0 s]
#   unit {'pos': 731, 'blk': None}: om1 21 pos 0 st1 0 fail1 0 t4 0 t4only 0 t2only 0 rtfail 0 rcfail 0 chain 0 t3c 0 keyfail 0 [0.0 s]
#   unit {'pos': 732, 'blk': None}: om1 9 pos 0 st1 0 fail1 0 t4 0 t4only 0 t2only 0 rtfail 0 rcfail 0 chain 0 t3c 0 keyfail 0 [0.0 s]
#   unit {'pos': 733, 'blk': None}: om1 13 pos 0 st1 0 fail1 0 t4 0 t4only 0 t2only 0 rtfail 0 rcfail 0 chain 0 t3c 0 keyfail 0 [0.0 s]
#   unit {'pos': 734, 'blk': None}: om1 15 pos 0 st1 0 fail1 0 t4 0 t4only 0 t2only 0 rtfail 0 rcfail 0 chain 0 t3c 0 keyfail 0 [0.0 s]
#   unit {'pos': 736, 'blk': None}: om1 18 pos 2 st1 2 fail1 0 t4 0 t4only 0 t2only 0 rtfail 0 rcfail 0 chain 0 t3c 2 keyfail 0 [0.0 s]
#   unit {'pos': 737, 'blk': None}: om1 10 pos 1 st1 1 fail1 0 t4 0 t4only 0 t2only 0 rtfail 0 rcfail 0 chain 0 t3c 1 keyfail 0 [0.0 s]
#   unit {'pos': 735, 'blk': None}: om1 21 pos 0 st1 0 fail1 0 t4 0 t4only 0 t2only 0 rtfail 0 rcfail 0 chain 0 t3c 0 keyfail 0 [0.0 s]
#   unit {'pos': 738, 'blk': None}: om1 10 pos 0 st1 0 fail1 0 t4 0 t4only 0 t2only 0 rtfail 0 rcfail 0 chain 0 t3c 0 keyfail 0 [0.0 s]
#   unit {'pos': 740, 'blk': None}: om1 11 pos 0 st1 0 fail1 0 t4 0 t4only 0 t2only 0 rtfail 0 rcfail 0 chain 0 t3c 0 keyfail 0 [0.0 s]
#   unit {'pos': 741, 'blk': None}: om1 11 pos 5 st1 5 fail1 0 t4 5 t4only 0 t2only 0 rtfail 0 rcfail 0 chain 0 t3c 5 keyfail 0 [0.0 s]
#   unit {'pos': 739, 'blk': None}: om1 16 pos 0 st1 0 fail1 0 t4 0 t4only 0 t2only 0 rtfail 0 rcfail 0 chain 0 t3c 0 keyfail 0 [0.0 s]
#   unit {'pos': 742, 'blk': None}: om1 27 pos 0 st1 0 fail1 0 t4 0 t4only 0 t2only 0 rtfail 0 rcfail 0 chain 0 t3c 0 keyfail 0 [0.0 s]
#   unit {'pos': 743, 'blk': None}: om1 19 pos 0 st1 0 fail1 0 t4 0 t4only 0 t2only 0 rtfail 0 rcfail 0 chain 0 t3c 0 keyfail 0 [0.0 s]
#   unit {'pos': 744, 'blk': None}: om1 21 pos 0 st1 0 fail1 0 t4 0 t4only 0 t2only 0 rtfail 0 rcfail 0 chain 0 t3c 0 keyfail 0 [0.0 s]
#   unit {'pos': 745, 'blk': None}: om1 21 pos 0 st1 0 fail1 0 t4 0 t4only 0 t2only 0 rtfail 0 rcfail 0 chain 0 t3c 0 keyfail 0 [0.0 s]
#   unit {'pos': 746, 'blk': None}: om1 18 pos 0 st1 0 fail1 0 t4 0 t4only 0 t2only 0 rtfail 0 rcfail 0 chain 0 t3c 0 keyfail 0 [0.0 s]
#   unit {'pos': 747, 'blk': None}: om1 16 pos 0 st1 0 fail1 0 t4 0 t4only 0 t2only 0 rtfail 0 rcfail 0 chain 0 t3c 0 keyfail 0 [0.0 s]
#   unit {'pos': 748, 'blk': None}: om1 43 pos 0 st1 0 fail1 0 t4 0 t4only 0 t2only 0 rtfail 0 rcfail 0 chain 0 t3c 0 keyfail 0 [0.0 s]
#   unit {'pos': 749, 'blk': None}: om1 36 pos 0 st1 0 fail1 0 t4 0 t4only 0 t2only 0 rtfail 0 rcfail 0 chain 0 t3c 0 keyfail 0 [0.0 s]
#   unit {'pos': 750, 'blk': None}: om1 32 pos 0 st1 0 fail1 0 t4 0 t4only 0 t2only 0 rtfail 0 rcfail 0 chain 0 t3c 0 keyfail 0 [0.0 s]
#   unit {'pos': 752, 'blk': None}: om1 23 pos 3 st1 3 fail1 0 t4 3 t4only 0 t2only 0 rtfail 0 rcfail 0 chain 0 t3c 3 keyfail 0 [0.0 s]
#   unit {'pos': 751, 'blk': None}: om1 27 pos 0 st1 0 fail1 0 t4 0 t4only 0 t2only 0 rtfail 0 rcfail 0 chain 0 t3c 0 keyfail 0 [0.0 s]
#   unit {'pos': 753, 'blk': None}: om1 18 pos 1 st1 1 fail1 0 t4 1 t4only 0 t2only 0 rtfail 0 rcfail 0 chain 0 t3c 1 keyfail 0 [0.0 s]
#   unit {'pos': 754, 'blk': None}: om1 12 pos 0 st1 0 fail1 0 t4 0 t4only 0 t2only 0 rtfail 0 rcfail 0 chain 0 t3c 0 keyfail 0 [0.0 s]
#   unit {'pos': 755, 'blk': None}: om1 15 pos 0 st1 0 fail1 0 t4 0 t4only 0 t2only 0 rtfail 0 rcfail 0 chain 0 t3c 0 keyfail 0 [0.0 s]
#   unit {'pos': 756, 'blk': None}: om1 20 pos 0 st1 0 fail1 0 t4 0 t4only 0 t2only 0 rtfail 0 rcfail 0 chain 0 t3c 0 keyfail 0 [0.0 s]
#   unit {'pos': 757, 'blk': None}: om1 20 pos 0 st1 0 fail1 0 t4 0 t4only 0 t2only 0 rtfail 0 rcfail 0 chain 0 t3c 0 keyfail 0 [0.0 s]
#   unit {'pos': 758, 'blk': None}: om1 8 pos 0 st1 0 fail1 0 t4 0 t4only 0 t2only 0 rtfail 0 rcfail 0 chain 0 t3c 0 keyfail 0 [0.0 s]
#   unit {'pos': 760, 'blk': None}: om1 14 pos 0 st1 0 fail1 0 t4 0 t4only 0 t2only 0 rtfail 0 rcfail 0 chain 0 t3c 0 keyfail 0 [0.0 s]
#   unit {'pos': 759, 'blk': None}: om1 16 pos 0 st1 0 fail1 0 t4 0 t4only 0 t2only 0 rtfail 0 rcfail 0 chain 0 t3c 0 keyfail 0 [0.0 s]
#   unit {'pos': 761, 'blk': None}: om1 18 pos 0 st1 0 fail1 0 t4 0 t4only 0 t2only 0 rtfail 0 rcfail 0 chain 0 t3c 0 keyfail 0 [0.0 s]
#   unit {'pos': 762, 'blk': None}: om1 21 pos 0 st1 0 fail1 0 t4 0 t4only 0 t2only 0 rtfail 0 rcfail 0 chain 0 t3c 0 keyfail 0 [0.0 s]
#   unit {'pos': 763, 'blk': None}: om1 19 pos 0 st1 0 fail1 0 t4 0 t4only 0 t2only 0 rtfail 0 rcfail 0 chain 0 t3c 0 keyfail 0 [0.0 s]
#   unit {'pos': 764, 'blk': None}: om1 27 pos 2 st1 2 fail1 0 t4 2 t4only 0 t2only 0 rtfail 0 rcfail 0 chain 0 t3c 2 keyfail 0 [0.0 s]
#   unit {'pos': 765, 'blk': None}: om1 20 pos 0 st1 0 fail1 0 t4 0 t4only 0 t2only 0 rtfail 0 rcfail 0 chain 0 t3c 0 keyfail 0 [0.0 s]
#   unit {'pos': 766, 'blk': None}: om1 15 pos 0 st1 0 fail1 0 t4 0 t4only 0 t2only 0 rtfail 0 rcfail 0 chain 0 t3c 0 keyfail 0 [0.0 s]
#   unit {'pos': 768, 'blk': None}: om1 20 pos 0 st1 0 fail1 0 t4 0 t4only 0 t2only 0 rtfail 0 rcfail 0 chain 0 t3c 0 keyfail 0 [0.0 s]
#   unit {'pos': 769, 'blk': None}: om1 26 pos 0 st1 0 fail1 0 t4 0 t4only 0 t2only 0 rtfail 0 rcfail 0 chain 0 t3c 0 keyfail 0 [0.0 s]
#   unit {'pos': 767, 'blk': None}: om1 23 pos 1 st1 1 fail1 0 t4 1 t4only 0 t2only 0 rtfail 0 rcfail 0 chain 0 t3c 1 keyfail 0 [0.0 s]
#   unit {'pos': 770, 'blk': None}: om1 16 pos 0 st1 0 fail1 0 t4 0 t4only 0 t2only 0 rtfail 0 rcfail 0 chain 0 t3c 0 keyfail 0 [0.0 s]
#   unit {'pos': 772, 'blk': None}: om1 12 pos 0 st1 0 fail1 0 t4 0 t4only 0 t2only 0 rtfail 0 rcfail 0 chain 0 t3c 0 keyfail 0 [0.0 s]
#   unit {'pos': 771, 'blk': None}: om1 31 pos 0 st1 0 fail1 0 t4 0 t4only 0 t2only 0 rtfail 0 rcfail 0 chain 0 t3c 0 keyfail 0 [0.0 s]
#   unit {'pos': 773, 'blk': None}: om1 14 pos 2 st1 2 fail1 0 t4 2 t4only 0 t2only 0 rtfail 0 rcfail 0 chain 0 t3c 2 keyfail 0 [0.0 s]
#   unit {'pos': 774, 'blk': None}: om1 22 pos 0 st1 0 fail1 0 t4 0 t4only 0 t2only 0 rtfail 0 rcfail 0 chain 0 t3c 0 keyfail 0 [0.0 s]
#   unit {'pos': 776, 'blk': None}: om1 12 pos 0 st1 0 fail1 0 t4 0 t4only 0 t2only 0 rtfail 0 rcfail 0 chain 0 t3c 0 keyfail 0 [0.0 s]
#   unit {'pos': 777, 'blk': None}: om1 16 pos 2 st1 2 fail1 0 t4 0 t4only 0 t2only 0 rtfail 0 rcfail 0 chain 0 t3c 2 keyfail 0 [0.0 s]
#   unit {'pos': 775, 'blk': None}: om1 17 pos 0 st1 0 fail1 0 t4 0 t4only 0 t2only 0 rtfail 0 rcfail 0 chain 0 t3c 0 keyfail 0 [0.0 s]
#   unit {'pos': 779, 'blk': None}: om1 17 pos 0 st1 0 fail1 0 t4 0 t4only 0 t2only 0 rtfail 0 rcfail 0 chain 0 t3c 0 keyfail 0 [0.0 s]
#   unit {'pos': 778, 'blk': None}: om1 15 pos 0 st1 0 fail1 0 t4 0 t4only 0 t2only 0 rtfail 0 rcfail 0 chain 0 t3c 0 keyfail 0 [0.0 s]
#   unit {'pos': 781, 'blk': None}: om1 12 pos 0 st1 0 fail1 0 t4 0 t4only 0 t2only 0 rtfail 0 rcfail 0 chain 0 t3c 0 keyfail 0 [0.0 s]
#   unit {'pos': 780, 'blk': None}: om1 16 pos 0 st1 0 fail1 0 t4 0 t4only 0 t2only 0 rtfail 0 rcfail 0 chain 0 t3c 0 keyfail 0 [0.0 s]
#   unit {'pos': 783, 'blk': None}: om1 14 pos 0 st1 0 fail1 0 t4 0 t4only 0 t2only 0 rtfail 0 rcfail 0 chain 0 t3c 0 keyfail 0 [0.0 s]
#   unit {'pos': 784, 'blk': None}: om1 13 pos 0 st1 0 fail1 0 t4 0 t4only 0 t2only 0 rtfail 0 rcfail 0 chain 0 t3c 0 keyfail 0 [0.0 s]
#   unit {'pos': 782, 'blk': None}: om1 11 pos 0 st1 0 fail1 0 t4 0 t4only 0 t2only 0 rtfail 0 rcfail 0 chain 0 t3c 0 keyfail 0 [0.0 s]
#   unit {'pos': 785, 'blk': None}: om1 22 pos 0 st1 0 fail1 0 t4 0 t4only 0 t2only 0 rtfail 0 rcfail 0 chain 0 t3c 0 keyfail 0 [0.0 s]
#   unit {'pos': 788, 'blk': None}: om1 17 pos 0 st1 0 fail1 0 t4 0 t4only 0 t2only 0 rtfail 0 rcfail 0 chain 0 t3c 0 keyfail 0 [0.0 s]
#   unit {'pos': 786, 'blk': None}: om1 19 pos 0 st1 0 fail1 0 t4 0 t4only 0 t2only 0 rtfail 0 rcfail 0 chain 0 t3c 0 keyfail 0 [0.0 s]
#   unit {'pos': 789, 'blk': None}: om1 23 pos 0 st1 0 fail1 0 t4 0 t4only 0 t2only 0 rtfail 0 rcfail 0 chain 0 t3c 0 keyfail 0 [0.0 s]
#   unit {'pos': 787, 'blk': None}: om1 28 pos 0 st1 0 fail1 0 t4 0 t4only 0 t2only 0 rtfail 0 rcfail 0 chain 0 t3c 0 keyfail 0 [0.0 s]
#   unit {'pos': 792, 'blk': None}: om1 17 pos 0 st1 0 fail1 0 t4 0 t4only 0 t2only 0 rtfail 0 rcfail 0 chain 0 t3c 0 keyfail 0 [0.0 s]
#   unit {'pos': 790, 'blk': None}: om1 17 pos 0 st1 0 fail1 0 t4 0 t4only 0 t2only 0 rtfail 0 rcfail 0 chain 0 t3c 0 keyfail 0 [0.0 s]
#   unit {'pos': 791, 'blk': None}: om1 16 pos 2 st1 2 fail1 0 t4 2 t4only 0 t2only 0 rtfail 0 rcfail 0 chain 0 t3c 2 keyfail 0 [0.0 s]
#   unit {'pos': 793, 'blk': None}: om1 25 pos 2 st1 2 fail1 0 t4 2 t4only 0 t2only 0 rtfail 0 rcfail 0 chain 0 t3c 2 keyfail 0 [0.0 s]
#   unit {'pos': 794, 'blk': None}: om1 21 pos 0 st1 0 fail1 0 t4 0 t4only 0 t2only 0 rtfail 0 rcfail 0 chain 0 t3c 0 keyfail 0 [0.0 s]
#   unit {'pos': 795, 'blk': None}: om1 18 pos 0 st1 0 fail1 0 t4 0 t4only 0 t2only 0 rtfail 0 rcfail 0 chain 0 t3c 0 keyfail 0 [0.0 s]
#   unit {'pos': 796, 'blk': None}: om1 17 pos 0 st1 0 fail1 0 t4 0 t4only 0 t2only 0 rtfail 0 rcfail 0 chain 0 t3c 0 keyfail 0 [0.0 s]
#   unit {'pos': 797, 'blk': None}: om1 7 pos 0 st1 0 fail1 0 t4 0 t4only 0 t2only 0 rtfail 0 rcfail 0 chain 0 t3c 0 keyfail 0 [0.0 s]
#   unit {'pos': 799, 'blk': None}: om1 15 pos 0 st1 0 fail1 0 t4 0 t4only 0 t2only 0 rtfail 0 rcfail 0 chain 0 t3c 0 keyfail 0 [0.0 s]
#   unit {'pos': 800, 'blk': None}: om1 17 pos 0 st1 0 fail1 0 t4 0 t4only 0 t2only 0 rtfail 0 rcfail 0 chain 0 t3c 0 keyfail 0 [0.0 s]
#   unit {'pos': 798, 'blk': None}: om1 21 pos 0 st1 0 fail1 0 t4 0 t4only 0 t2only 0 rtfail 0 rcfail 0 chain 0 t3c 0 keyfail 0 [0.0 s]
#   unit {'pos': 801, 'blk': None}: om1 21 pos 0 st1 0 fail1 0 t4 0 t4only 0 t2only 0 rtfail 0 rcfail 0 chain 0 t3c 0 keyfail 0 [0.0 s]
#   unit {'pos': 802, 'blk': None}: om1 12 pos 0 st1 0 fail1 0 t4 0 t4only 0 t2only 0 rtfail 0 rcfail 0 chain 0 t3c 0 keyfail 0 [0.0 s]
#   unit {'pos': 803, 'blk': None}: om1 8 pos 0 st1 0 fail1 0 t4 0 t4only 0 t2only 0 rtfail 0 rcfail 0 chain 0 t3c 0 keyfail 0 [0.0 s]
#   unit {'pos': 804, 'blk': None}: om1 23 pos 1 st1 1 fail1 0 t4 1 t4only 0 t2only 0 rtfail 0 rcfail 0 chain 0 t3c 1 keyfail 0 [0.0 s]
#   unit {'pos': 805, 'blk': None}: om1 14 pos 0 st1 0 fail1 0 t4 0 t4only 0 t2only 0 rtfail 0 rcfail 0 chain 0 t3c 0 keyfail 0 [0.0 s]
#   unit {'pos': 808, 'blk': None}: om1 18 pos 0 st1 0 fail1 0 t4 0 t4only 0 t2only 0 rtfail 0 rcfail 0 chain 0 t3c 0 keyfail 0 [0.0 s]
#   unit {'pos': 806, 'blk': None}: om1 11 pos 0 st1 0 fail1 0 t4 0 t4only 0 t2only 0 rtfail 0 rcfail 0 chain 0 t3c 0 keyfail 0 [0.0 s]
#   unit {'pos': 807, 'blk': None}: om1 14 pos 0 st1 0 fail1 0 t4 0 t4only 0 t2only 0 rtfail 0 rcfail 0 chain 0 t3c 0 keyfail 0 [0.0 s]
#   unit {'pos': 809, 'blk': None}: om1 9 pos 0 st1 0 fail1 0 t4 0 t4only 0 t2only 0 rtfail 0 rcfail 0 chain 0 t3c 0 keyfail 0 [0.0 s]
#   unit {'pos': 810, 'blk': None}: om1 8 pos 0 st1 0 fail1 0 t4 0 t4only 0 t2only 0 rtfail 0 rcfail 0 chain 0 t3c 0 keyfail 0 [0.0 s]
#   unit {'pos': 813, 'blk': None}: om1 9 pos 0 st1 0 fail1 0 t4 0 t4only 0 t2only 0 rtfail 0 rcfail 0 chain 0 t3c 0 keyfail 0 [0.0 s]
#   unit {'pos': 812, 'blk': None}: om1 11 pos 0 st1 0 fail1 0 t4 0 t4only 0 t2only 0 rtfail 0 rcfail 0 chain 0 t3c 0 keyfail 0 [0.0 s]
#   unit {'pos': 811, 'blk': None}: om1 19 pos 0 st1 0 fail1 0 t4 0 t4only 0 t2only 0 rtfail 0 rcfail 0 chain 0 t3c 0 keyfail 0 [0.0 s]
#   unit {'pos': 815, 'blk': None}: om1 10 pos 0 st1 0 fail1 0 t4 0 t4only 0 t2only 0 rtfail 0 rcfail 0 chain 0 t3c 0 keyfail 0 [0.0 s]
#   unit {'pos': 814, 'blk': None}: om1 14 pos 0 st1 0 fail1 0 t4 0 t4only 0 t2only 0 rtfail 0 rcfail 0 chain 0 t3c 0 keyfail 0 [0.0 s]
#   unit {'pos': 817, 'blk': None}: om1 17 pos 0 st1 0 fail1 0 t4 0 t4only 0 t2only 0 rtfail 0 rcfail 0 chain 0 t3c 0 keyfail 0 [0.0 s]
#   unit {'pos': 816, 'blk': None}: om1 8 pos 0 st1 0 fail1 0 t4 0 t4only 0 t2only 0 rtfail 0 rcfail 0 chain 0 t3c 0 keyfail 0 [0.0 s]
#   unit {'pos': 818, 'blk': None}: om1 21 pos 0 st1 0 fail1 0 t4 0 t4only 0 t2only 0 rtfail 0 rcfail 0 chain 0 t3c 0 keyfail 0 [0.0 s]
#   unit {'pos': 819, 'blk': None}: om1 7 pos 0 st1 0 fail1 0 t4 0 t4only 0 t2only 0 rtfail 0 rcfail 0 chain 0 t3c 0 keyfail 0 [0.0 s]
#   unit {'pos': 820, 'blk': None}: om1 11 pos 0 st1 0 fail1 0 t4 0 t4only 0 t2only 0 rtfail 0 rcfail 0 chain 0 t3c 0 keyfail 0 [0.0 s]
#   unit {'pos': 821, 'blk': None}: om1 10 pos 0 st1 0 fail1 0 t4 0 t4only 0 t2only 0 rtfail 0 rcfail 0 chain 0 t3c 0 keyfail 0 [0.0 s]
#   unit {'pos': 822, 'blk': None}: om1 12 pos 0 st1 0 fail1 0 t4 0 t4only 0 t2only 0 rtfail 0 rcfail 0 chain 0 t3c 0 keyfail 0 [0.0 s]
#   unit {'pos': 823, 'blk': None}: om1 19 pos 0 st1 0 fail1 0 t4 0 t4only 0 t2only 0 rtfail 0 rcfail 0 chain 0 t3c 0 keyfail 0 [0.0 s]
#   unit {'pos': 824, 'blk': None}: om1 10 pos 0 st1 0 fail1 0 t4 0 t4only 0 t2only 0 rtfail 0 rcfail 0 chain 0 t3c 0 keyfail 0 [0.0 s]
#   unit {'pos': 825, 'blk': None}: om1 7 pos 0 st1 0 fail1 0 t4 0 t4only 0 t2only 0 rtfail 0 rcfail 0 chain 0 t3c 0 keyfail 0 [0.0 s]
#   unit {'pos': 827, 'blk': None}: om1 13 pos 0 st1 0 fail1 0 t4 0 t4only 0 t2only 0 rtfail 0 rcfail 0 chain 0 t3c 0 keyfail 0 [0.0 s]
#   unit {'pos': 826, 'blk': None}: om1 8 pos 0 st1 0 fail1 0 t4 0 t4only 0 t2only 0 rtfail 0 rcfail 0 chain 0 t3c 0 keyfail 0 [0.0 s]
#   unit {'pos': 828, 'blk': None}: om1 15 pos 1 st1 1 fail1 0 t4 1 t4only 0 t2only 0 rtfail 0 rcfail 0 chain 0 t3c 1 keyfail 0 [0.0 s]
#   unit {'pos': 829, 'blk': None}: om1 7 pos 0 st1 0 fail1 0 t4 0 t4only 0 t2only 0 rtfail 0 rcfail 0 chain 0 t3c 0 keyfail 0 [0.0 s]
#   unit {'pos': 831, 'blk': None}: om1 1 pos 0 st1 0 fail1 0 t4 0 t4only 0 t2only 0 rtfail 0 rcfail 0 chain 0 t3c 0 keyfail 0 [0.0 s]
#   unit {'pos': 830, 'blk': None}: om1 7 pos 0 st1 0 fail1 0 t4 0 t4only 0 t2only 0 rtfail 0 rcfail 0 chain 0 t3c 0 keyfail 0 [0.0 s]
#   unit {'pos': 832, 'blk': None}: om1 18 pos 0 st1 0 fail1 0 t4 0 t4only 0 t2only 0 rtfail 0 rcfail 0 chain 0 t3c 0 keyfail 0 [0.0 s]
#   unit {'pos': 834, 'blk': None}: om1 5 pos 0 st1 0 fail1 0 t4 0 t4only 0 t2only 0 rtfail 0 rcfail 0 chain 0 t3c 0 keyfail 0 [0.0 s]
#   unit {'pos': 833, 'blk': None}: om1 12 pos 0 st1 0 fail1 0 t4 0 t4only 0 t2only 0 rtfail 0 rcfail 0 chain 0 t3c 0 keyfail 0 [0.0 s]
#   unit {'pos': 835, 'blk': None}: om1 7 pos 0 st1 0 fail1 0 t4 0 t4only 0 t2only 0 rtfail 0 rcfail 0 chain 0 t3c 0 keyfail 0 [0.0 s]
#   unit {'pos': 836, 'blk': None}: om1 8 pos 0 st1 0 fail1 0 t4 0 t4only 0 t2only 0 rtfail 0 rcfail 0 chain 0 t3c 0 keyfail 0 [0.0 s]
#   unit {'pos': 837, 'blk': None}: om1 7 pos 0 st1 0 fail1 0 t4 0 t4only 0 t2only 0 rtfail 0 rcfail 0 chain 0 t3c 0 keyfail 0 [0.0 s]
#   unit {'pos': 838, 'blk': None}: om1 18 pos 0 st1 0 fail1 0 t4 0 t4only 0 t2only 0 rtfail 0 rcfail 0 chain 0 t3c 0 keyfail 0 [0.0 s]
#   unit {'pos': 839, 'blk': None}: om1 17 pos 0 st1 0 fail1 0 t4 0 t4only 0 t2only 0 rtfail 0 rcfail 0 chain 0 t3c 0 keyfail 0 [0.0 s]
#   unit {'pos': 840, 'blk': None}: om1 8 pos 0 st1 0 fail1 0 t4 0 t4only 0 t2only 0 rtfail 0 rcfail 0 chain 0 t3c 0 keyfail 0 [0.0 s]
#   unit {'pos': 841, 'blk': None}: om1 3 pos 0 st1 0 fail1 0 t4 0 t4only 0 t2only 0 rtfail 0 rcfail 0 chain 0 t3c 0 keyfail 0 [0.0 s]
#   unit {'pos': 845, 'blk': None}: om1 8 pos 0 st1 0 fail1 0 t4 0 t4only 0 t2only 0 rtfail 0 rcfail 0 chain 0 t3c 0 keyfail 0 [0.0 s]
#   unit {'pos': 844, 'blk': None}: om1 7 pos 0 st1 0 fail1 0 t4 0 t4only 0 t2only 0 rtfail 0 rcfail 0 chain 0 t3c 0 keyfail 0 [0.0 s]
#   unit {'pos': 842, 'blk': None}: om1 11 pos 14 st1 14 fail1 0 t4 14 t4only 0 t2only 0 rtfail 0 rcfail 0 chain 0 t3c 14 keyfail 0 [0.0 s]
#   unit {'pos': 843, 'blk': None}: om1 9 pos 0 st1 0 fail1 0 t4 0 t4only 0 t2only 0 rtfail 0 rcfail 0 chain 0 t3c 0 keyfail 0 [0.0 s]
#   unit {'pos': 846, 'blk': None}: om1 16 pos 0 st1 0 fail1 0 t4 0 t4only 0 t2only 0 rtfail 0 rcfail 0 chain 0 t3c 0 keyfail 0 [0.0 s]
#   unit {'pos': 848, 'blk': None}: om1 6 pos 0 st1 0 fail1 0 t4 0 t4only 0 t2only 0 rtfail 0 rcfail 0 chain 0 t3c 0 keyfail 0 [0.0 s]
#   unit {'pos': 847, 'blk': None}: om1 15 pos 0 st1 0 fail1 0 t4 0 t4only 0 t2only 0 rtfail 0 rcfail 0 chain 0 t3c 0 keyfail 0 [0.0 s]
#   unit {'pos': 849, 'blk': None}: om1 4 pos 0 st1 0 fail1 0 t4 0 t4only 0 t2only 0 rtfail 0 rcfail 0 chain 0 t3c 0 keyfail 0 [0.0 s]
#   unit {'pos': 850, 'blk': None}: om1 11 pos 0 st1 0 fail1 0 t4 0 t4only 0 t2only 0 rtfail 0 rcfail 0 chain 0 t3c 0 keyfail 0 [0.0 s]
#   unit {'pos': 851, 'blk': None}: om1 11 pos 0 st1 0 fail1 0 t4 0 t4only 0 t2only 0 rtfail 0 rcfail 0 chain 0 t3c 0 keyfail 0 [0.0 s]
#   unit {'pos': 853, 'blk': None}: om1 5 pos 0 st1 0 fail1 0 t4 0 t4only 0 t2only 0 rtfail 0 rcfail 0 chain 0 t3c 0 keyfail 0 [0.0 s]
#   unit {'pos': 852, 'blk': None}: om1 16 pos 0 st1 0 fail1 0 t4 0 t4only 0 t2only 0 rtfail 0 rcfail 0 chain 0 t3c 0 keyfail 0 [0.0 s]
#   unit {'pos': 854, 'blk': None}: om1 6 pos 0 st1 0 fail1 0 t4 0 t4only 0 t2only 0 rtfail 0 rcfail 0 chain 0 t3c 0 keyfail 0 [0.0 s]
#   unit {'pos': 856, 'blk': None}: om1 6 pos 0 st1 0 fail1 0 t4 0 t4only 0 t2only 0 rtfail 0 rcfail 0 chain 0 t3c 0 keyfail 0 [0.0 s]
#   unit {'pos': 855, 'blk': None}: om1 11 pos 0 st1 0 fail1 0 t4 0 t4only 0 t2only 0 rtfail 0 rcfail 0 chain 0 t3c 0 keyfail 0 [0.0 s]
#   unit {'pos': 857, 'blk': None}: om1 9 pos 0 st1 0 fail1 0 t4 0 t4only 0 t2only 0 rtfail 0 rcfail 0 chain 0 t3c 0 keyfail 0 [0.0 s]
#   unit {'pos': 858, 'blk': None}: om1 5 pos 0 st1 0 fail1 0 t4 0 t4only 0 t2only 0 rtfail 0 rcfail 0 chain 0 t3c 0 keyfail 0 [0.0 s]
#   unit {'pos': 860, 'blk': None}: om1 7 pos 0 st1 0 fail1 0 t4 0 t4only 0 t2only 0 rtfail 0 rcfail 0 chain 0 t3c 0 keyfail 0 [0.0 s]
#   unit {'pos': 859, 'blk': None}: om1 6 pos 0 st1 0 fail1 0 t4 0 t4only 0 t2only 0 rtfail 0 rcfail 0 chain 0 t3c 0 keyfail 0 [0.0 s]
#   unit {'pos': 861, 'blk': None}: om1 7 pos 0 st1 0 fail1 0 t4 0 t4only 0 t2only 0 rtfail 0 rcfail 0 chain 0 t3c 0 keyfail 0 [0.0 s]
#   unit {'pos': 862, 'blk': None}: om1 7 pos 0 st1 0 fail1 0 t4 0 t4only 0 t2only 0 rtfail 0 rcfail 0 chain 0 t3c 0 keyfail 0 [0.0 s]
#   unit {'pos': 863, 'blk': None}: om1 10 pos 0 st1 0 fail1 0 t4 0 t4only 0 t2only 0 rtfail 0 rcfail 0 chain 0 t3c 0 keyfail 0 [0.0 s]
#   unit {'pos': 864, 'blk': None}: om1 10 pos 0 st1 0 fail1 0 t4 0 t4only 0 t2only 0 rtfail 0 rcfail 0 chain 0 t3c 0 keyfail 0 [0.0 s]
#   unit {'pos': 866, 'blk': None}: om1 11 pos 0 st1 0 fail1 0 t4 0 t4only 0 t2only 0 rtfail 0 rcfail 0 chain 0 t3c 0 keyfail 0 [0.0 s]
#   unit {'pos': 865, 'blk': None}: om1 5 pos 0 st1 0 fail1 0 t4 0 t4only 0 t2only 0 rtfail 0 rcfail 0 chain 0 t3c 0 keyfail 0 [0.0 s]
#   unit {'pos': 867, 'blk': None}: om1 8 pos 0 st1 0 fail1 0 t4 0 t4only 0 t2only 0 rtfail 0 rcfail 0 chain 0 t3c 0 keyfail 0 [0.0 s]
#   unit {'pos': 868, 'blk': None}: om1 5 pos 0 st1 0 fail1 0 t4 0 t4only 0 t2only 0 rtfail 0 rcfail 0 chain 0 t3c 0 keyfail 0 [0.0 s]
#   unit {'pos': 870, 'blk': None}: om1 8 pos 0 st1 0 fail1 0 t4 0 t4only 0 t2only 0 rtfail 0 rcfail 0 chain 0 t3c 0 keyfail 0 [0.0 s]
#   unit {'pos': 869, 'blk': None}: om1 4 pos 0 st1 0 fail1 0 t4 0 t4only 0 t2only 0 rtfail 0 rcfail 0 chain 0 t3c 0 keyfail 0 [0.0 s]
#   unit {'pos': 871, 'blk': None}: om1 12 pos 0 st1 0 fail1 0 t4 0 t4only 0 t2only 0 rtfail 0 rcfail 0 chain 0 t3c 0 keyfail 0 [0.0 s]
#   unit {'pos': 873, 'blk': None}: om1 7 pos 0 st1 0 fail1 0 t4 0 t4only 0 t2only 0 rtfail 0 rcfail 0 chain 0 t3c 0 keyfail 0 [0.0 s]
#   unit {'pos': 872, 'blk': None}: om1 17 pos 2 st1 2 fail1 0 t4 2 t4only 0 t2only 0 rtfail 0 rcfail 0 chain 0 t3c 2 keyfail 0 [0.0 s]
#   unit {'pos': 875, 'blk': None}: om1 11 pos 0 st1 0 fail1 0 t4 0 t4only 0 t2only 0 rtfail 0 rcfail 0 chain 0 t3c 0 keyfail 0 [0.0 s]
#   unit {'pos': 874, 'blk': None}: om1 7 pos 0 st1 0 fail1 0 t4 0 t4only 0 t2only 0 rtfail 0 rcfail 0 chain 0 t3c 0 keyfail 0 [0.0 s]
#   unit {'pos': 876, 'blk': None}: om1 12 pos 4 st1 4 fail1 0 t4 2 t4only 0 t2only 0 rtfail 0 rcfail 0 chain 0 t3c 4 keyfail 0 [0.0 s]
#   unit {'pos': 877, 'blk': None}: om1 14 pos 0 st1 0 fail1 0 t4 0 t4only 0 t2only 0 rtfail 0 rcfail 0 chain 0 t3c 0 keyfail 0 [0.0 s]
#   unit {'pos': 878, 'blk': None}: om1 6 pos 0 st1 0 fail1 0 t4 0 t4only 0 t2only 0 rtfail 0 rcfail 0 chain 0 t3c 0 keyfail 0 [0.0 s]
#   unit {'pos': 879, 'blk': None}: om1 15 pos 0 st1 0 fail1 0 t4 0 t4only 0 t2only 0 rtfail 0 rcfail 0 chain 0 t3c 0 keyfail 0 [0.0 s]
#   unit {'pos': 880, 'blk': None}: om1 13 pos 0 st1 0 fail1 0 t4 0 t4only 0 t2only 0 rtfail 0 rcfail 0 chain 0 t3c 0 keyfail 0 [0.0 s]
#   unit {'pos': 881, 'blk': None}: om1 11 pos 0 st1 0 fail1 0 t4 0 t4only 0 t2only 0 rtfail 0 rcfail 0 chain 0 t3c 0 keyfail 0 [0.0 s]
#   unit {'pos': 883, 'blk': None}: om1 9 pos 0 st1 0 fail1 0 t4 0 t4only 0 t2only 0 rtfail 0 rcfail 0 chain 0 t3c 0 keyfail 0 [0.0 s]
#   unit {'pos': 882, 'blk': None}: om1 5 pos 0 st1 0 fail1 0 t4 0 t4only 0 t2only 0 rtfail 0 rcfail 0 chain 0 t3c 0 keyfail 0 [0.0 s]
#   unit {'pos': 884, 'blk': None}: om1 6 pos 0 st1 0 fail1 0 t4 0 t4only 0 t2only 0 rtfail 0 rcfail 0 chain 0 t3c 0 keyfail 0 [0.0 s]
#   unit {'pos': 885, 'blk': None}: om1 12 pos 0 st1 0 fail1 0 t4 0 t4only 0 t2only 0 rtfail 0 rcfail 0 chain 0 t3c 0 keyfail 0 [0.0 s]
#   unit {'pos': 886, 'blk': None}: om1 8 pos 0 st1 0 fail1 0 t4 0 t4only 0 t2only 0 rtfail 0 rcfail 0 chain 0 t3c 0 keyfail 0 [0.0 s]
#   unit {'pos': 888, 'blk': None}: om1 5 pos 0 st1 0 fail1 0 t4 0 t4only 0 t2only 0 rtfail 0 rcfail 0 chain 0 t3c 0 keyfail 0 [0.0 s]
#   unit {'pos': 887, 'blk': None}: om1 10 pos 0 st1 0 fail1 0 t4 0 t4only 0 t2only 0 rtfail 0 rcfail 0 chain 0 t3c 0 keyfail 0 [0.0 s]
#   unit {'pos': 889, 'blk': None}: om1 15 pos 1 st1 1 fail1 0 t4 1 t4only 0 t2only 0 rtfail 0 rcfail 0 chain 0 t3c 1 keyfail 0 [0.0 s]
#   unit {'pos': 890, 'blk': None}: om1 4 pos 0 st1 0 fail1 0 t4 0 t4only 0 t2only 0 rtfail 0 rcfail 0 chain 0 t3c 0 keyfail 0 [0.0 s]
#   unit {'pos': 891, 'blk': None}: om1 16 pos 0 st1 0 fail1 0 t4 0 t4only 0 t2only 0 rtfail 0 rcfail 0 chain 0 t3c 0 keyfail 0 [0.0 s]
#   unit {'pos': 892, 'blk': None}: om1 8 pos 0 st1 0 fail1 0 t4 0 t4only 0 t2only 0 rtfail 0 rcfail 0 chain 0 t3c 0 keyfail 0 [0.0 s]
#   unit {'pos': 893, 'blk': None}: om1 15 pos 0 st1 0 fail1 0 t4 0 t4only 0 t2only 0 rtfail 0 rcfail 0 chain 0 t3c 0 keyfail 0 [0.0 s]
#   unit {'pos': 894, 'blk': None}: om1 7 pos 0 st1 0 fail1 0 t4 0 t4only 0 t2only 0 rtfail 0 rcfail 0 chain 0 t3c 0 keyfail 0 [0.0 s]
#   unit {'pos': 895, 'blk': None}: om1 12 pos 0 st1 0 fail1 0 t4 0 t4only 0 t2only 0 rtfail 0 rcfail 0 chain 0 t3c 0 keyfail 0 [0.0 s]
#   unit {'pos': 896, 'blk': None}: om1 5 pos 0 st1 0 fail1 0 t4 0 t4only 0 t2only 0 rtfail 0 rcfail 0 chain 0 t3c 0 keyfail 0 [0.0 s]
#   unit {'pos': 897, 'blk': None}: om1 9 pos 0 st1 0 fail1 0 t4 0 t4only 0 t2only 0 rtfail 0 rcfail 0 chain 0 t3c 0 keyfail 0 [0.0 s]
#   unit {'pos': 898, 'blk': None}: om1 8 pos 0 st1 0 fail1 0 t4 0 t4only 0 t2only 0 rtfail 0 rcfail 0 chain 0 t3c 0 keyfail 0 [0.0 s]
#   unit {'pos': 899, 'blk': None}: om1 10 pos 0 st1 0 fail1 0 t4 0 t4only 0 t2only 0 rtfail 0 rcfail 0 chain 0 t3c 0 keyfail 0 [0.0 s]
#   unit {'pos': 900, 'blk': None}: om1 5 pos 0 st1 0 fail1 0 t4 0 t4only 0 t2only 0 rtfail 0 rcfail 0 chain 0 t3c 0 keyfail 0 [0.0 s]
#   unit {'pos': 901, 'blk': None}: om1 6 pos 0 st1 0 fail1 0 t4 0 t4only 0 t2only 0 rtfail 0 rcfail 0 chain 0 t3c 0 keyfail 0 [0.0 s]
#   unit {'pos': 902, 'blk': None}: om1 6 pos 0 st1 0 fail1 0 t4 0 t4only 0 t2only 0 rtfail 0 rcfail 0 chain 0 t3c 0 keyfail 0 [0.0 s]
#   unit {'pos': 903, 'blk': None}: om1 5 pos 0 st1 0 fail1 0 t4 0 t4only 0 t2only 0 rtfail 0 rcfail 0 chain 0 t3c 0 keyfail 0 [0.0 s]
#   unit {'pos': 904, 'blk': None}: om1 9 pos 0 st1 0 fail1 0 t4 0 t4only 0 t2only 0 rtfail 0 rcfail 0 chain 0 t3c 0 keyfail 0 [0.0 s]
#   unit {'pos': 906, 'blk': None}: om1 8 pos 0 st1 0 fail1 0 t4 0 t4only 0 t2only 0 rtfail 0 rcfail 0 chain 0 t3c 0 keyfail 0 [0.0 s]
#   unit {'pos': 905, 'blk': None}: om1 15 pos 2 st1 2 fail1 0 t4 2 t4only 0 t2only 0 rtfail 0 rcfail 0 chain 0 t3c 2 keyfail 0 [0.0 s]
#   unit {'pos': 907, 'blk': None}: om1 6 pos 0 st1 0 fail1 0 t4 0 t4only 0 t2only 0 rtfail 0 rcfail 0 chain 0 t3c 0 keyfail 0 [0.0 s]
#   unit {'pos': 908, 'blk': None}: om1 12 pos 0 st1 0 fail1 0 t4 0 t4only 0 t2only 0 rtfail 0 rcfail 0 chain 0 t3c 0 keyfail 0 [0.0 s]
#   unit {'pos': 912, 'blk': None}: om1 14 pos 6 st1 6 fail1 0 t4 6 t4only 0 t2only 0 rtfail 0 rcfail 0 chain 0 t3c 6 keyfail 0 [0.0 s]
#   unit {'pos': 911, 'blk': None}: om1 7 pos 0 st1 0 fail1 0 t4 0 t4only 0 t2only 0 rtfail 0 rcfail 0 chain 0 t3c 0 keyfail 0 [0.0 s]
#   unit {'pos': 910, 'blk': None}: om1 13 pos 0 st1 0 fail1 0 t4 0 t4only 0 t2only 0 rtfail 0 rcfail 0 chain 0 t3c 0 keyfail 0 [0.0 s]
#   unit {'pos': 909, 'blk': None}: om1 12 pos 0 st1 0 fail1 0 t4 0 t4only 0 t2only 0 rtfail 0 rcfail 0 chain 0 t3c 0 keyfail 0 [0.0 s]
#   unit {'pos': 913, 'blk': None}: om1 16 pos 0 st1 0 fail1 0 t4 0 t4only 0 t2only 0 rtfail 0 rcfail 0 chain 0 t3c 0 keyfail 0 [0.0 s]
#   unit {'pos': 914, 'blk': None}: om1 8 pos 0 st1 0 fail1 0 t4 0 t4only 0 t2only 0 rtfail 0 rcfail 0 chain 0 t3c 0 keyfail 0 [0.0 s]
#   unit {'pos': 916, 'blk': None}: om1 10 pos 0 st1 0 fail1 0 t4 0 t4only 0 t2only 0 rtfail 0 rcfail 0 chain 0 t3c 0 keyfail 0 [0.0 s]
#   unit {'pos': 915, 'blk': None}: om1 7 pos 0 st1 0 fail1 0 t4 0 t4only 0 t2only 0 rtfail 0 rcfail 0 chain 0 t3c 0 keyfail 0 [0.0 s]
#   unit {'pos': 918, 'blk': None}: om1 7 pos 0 st1 0 fail1 0 t4 0 t4only 0 t2only 0 rtfail 0 rcfail 0 chain 0 t3c 0 keyfail 0 [0.0 s]
#   unit {'pos': 919, 'blk': None}: om1 14 pos 0 st1 0 fail1 0 t4 0 t4only 0 t2only 0 rtfail 0 rcfail 0 chain 0 t3c 0 keyfail 0 [0.0 s]
#   unit {'pos': 917, 'blk': None}: om1 12 pos 0 st1 0 fail1 0 t4 0 t4only 0 t2only 0 rtfail 0 rcfail 0 chain 0 t3c 0 keyfail 0 [0.0 s]
#   unit {'pos': 920, 'blk': None}: om1 14 pos 0 st1 0 fail1 0 t4 0 t4only 0 t2only 0 rtfail 0 rcfail 0 chain 0 t3c 0 keyfail 0 [0.0 s]
#   unit {'pos': 921, 'blk': None}: om1 17 pos 1 st1 1 fail1 0 t4 0 t4only 0 t2only 0 rtfail 0 rcfail 0 chain 0 t3c 1 keyfail 0 [0.0 s]
#   unit {'pos': 922, 'blk': None}: om1 12 pos 1 st1 1 fail1 0 t4 1 t4only 0 t2only 0 rtfail 0 rcfail 0 chain 0 t3c 1 keyfail 0 [0.0 s]
#   unit {'pos': 923, 'blk': None}: om1 7 pos 0 st1 0 fail1 0 t4 0 t4only 0 t2only 0 rtfail 0 rcfail 0 chain 0 t3c 0 keyfail 0 [0.0 s]
#   unit {'pos': 924, 'blk': None}: om1 1 pos 0 st1 0 fail1 0 t4 0 t4only 0 t2only 0 rtfail 0 rcfail 0 chain 0 t3c 0 keyfail 0 [0.0 s]
#   unit {'pos': 926, 'blk': None}: om1 8 pos 0 st1 0 fail1 0 t4 0 t4only 0 t2only 0 rtfail 0 rcfail 0 chain 0 t3c 0 keyfail 0 [0.0 s]
#   unit {'pos': 925, 'blk': None}: om1 3 pos 0 st1 0 fail1 0 t4 0 t4only 0 t2only 0 rtfail 0 rcfail 0 chain 0 t3c 0 keyfail 0 [0.0 s]
#   unit {'pos': 927, 'blk': None}: om1 1189 pos 0 st1 0 fail1 0 t4 0 t4only 0 t2only 0 rtfail 0 rcfail 0 chain 0 t3c 0 keyfail 0 [0.1 s]
#   unit {'pos': 928, 'blk': None}: om1 1106 pos 0 st1 0 fail1 0 t4 0 t4only 0 t2only 0 rtfail 0 rcfail 0 chain 0 t3c 0 keyfail 0 [0.1 s]
#   unit {'pos': 929, 'blk': None}: om1 1088 pos 6 st1 6 fail1 0 t4 3 t4only 0 t2only 0 rtfail 0 rcfail 0 chain 0 t3c 6 keyfail 0 [0.1 s]
#   unit {'pos': 930, 'blk': None}: om1 1147 pos 4 st1 4 fail1 0 t4 3 t4only 0 t2only 0 rtfail 0 rcfail 0 chain 0 t3c 4 keyfail 0 [0.2 s]
#   unit {'pos': 931, 'blk': None}: om1 1168 pos 3 st1 3 fail1 0 t4 3 t4only 0 t2only 0 rtfail 0 rcfail 0 chain 0 t3c 3 keyfail 0 [0.1 s]
#   unit {'pos': 933, 'blk': None}: om1 1062 pos 3 st1 3 fail1 0 t4 1 t4only 0 t2only 0 rtfail 0 rcfail 0 chain 0 t3c 3 keyfail 0 [0.1 s]
#   unit {'pos': 932, 'blk': None}: om1 1111 pos 2 st1 2 fail1 0 t4 2 t4only 0 t2only 0 rtfail 0 rcfail 0 chain 0 t3c 2 keyfail 0 [0.1 s]
#   unit {'pos': 934, 'blk': None}: om1 1109 pos 0 st1 0 fail1 0 t4 0 t4only 0 t2only 0 rtfail 0 rcfail 0 chain 0 t3c 0 keyfail 0 [0.1 s]
#   unit {'pos': 935, 'blk': None}: om1 1017 pos 0 st1 0 fail1 0 t4 0 t4only 0 t2only 0 rtfail 0 rcfail 0 chain 0 t3c 0 keyfail 0 [0.1 s]
#   unit {'pos': 936, 'blk': None}: om1 1181 pos 1 st1 1 fail1 0 t4 1 t4only 0 t2only 0 rtfail 0 rcfail 0 chain 0 t3c 1 keyfail 0 [0.1 s]
#   unit {'pos': 937, 'blk': None}: om1 1251 pos 2 st1 2 fail1 0 t4 1 t4only 0 t2only 0 rtfail 0 rcfail 0 chain 0 t3c 2 keyfail 0 [0.1 s]
#   unit {'pos': 938, 'blk': None}: om1 1189 pos 0 st1 0 fail1 0 t4 0 t4only 0 t2only 0 rtfail 0 rcfail 0 chain 0 t3c 0 keyfail 0 [0.1 s]
#   unit {'pos': 940, 'blk': None}: om1 1179 pos 2 st1 2 fail1 0 t4 1 t4only 0 t2only 0 rtfail 0 rcfail 0 chain 0 t3c 2 keyfail 0 [0.1 s]
#   unit {'pos': 939, 'blk': None}: om1 1216 pos 1 st1 1 fail1 0 t4 1 t4only 0 t2only 0 rtfail 0 rcfail 0 chain 0 t3c 1 keyfail 0 [0.1 s]
#   unit {'pos': 941, 'blk': None}: om1 1124 pos 6 st1 6 fail1 0 t4 6 t4only 0 t2only 0 rtfail 0 rcfail 0 chain 0 t3c 6 keyfail 0 [0.1 s]
#   unit {'pos': 942, 'blk': None}: om1 1215 pos 0 st1 0 fail1 0 t4 0 t4only 0 t2only 0 rtfail 0 rcfail 0 chain 0 t3c 0 keyfail 0 [0.1 s]
#   unit {'pos': 943, 'blk': None}: om1 1180 pos 1 st1 1 fail1 0 t4 0 t4only 0 t2only 0 rtfail 0 rcfail 0 chain 0 t3c 1 keyfail 0 [0.1 s]
#   unit {'pos': 944, 'blk': None}: om1 1129 pos 3 st1 3 fail1 0 t4 2 t4only 0 t2only 0 rtfail 0 rcfail 0 chain 0 t3c 3 keyfail 0 [0.2 s]
#   unit {'pos': 945, 'blk': None}: om1 1192 pos 0 st1 0 fail1 0 t4 0 t4only 0 t2only 0 rtfail 0 rcfail 0 chain 0 t3c 0 keyfail 0 [0.2 s]
#   unit {'pos': 946, 'blk': None}: om1 1129 pos 4 st1 4 fail1 0 t4 0 t4only 0 t2only 0 rtfail 0 rcfail 0 chain 0 t3c 4 keyfail 0 [0.1 s]
#   unit {'pos': 947, 'blk': None}: om1 1135 pos 0 st1 0 fail1 0 t4 0 t4only 0 t2only 0 rtfail 0 rcfail 0 chain 0 t3c 0 keyfail 0 [0.1 s]
#   unit {'pos': 948, 'blk': None}: om1 1130 pos 0 st1 0 fail1 0 t4 0 t4only 0 t2only 0 rtfail 0 rcfail 0 chain 0 t3c 0 keyfail 0 [0.1 s]
#   unit {'pos': 949, 'blk': None}: om1 1112 pos 0 st1 0 fail1 0 t4 0 t4only 0 t2only 0 rtfail 0 rcfail 0 chain 0 t3c 0 keyfail 0 [0.1 s]
#   unit {'pos': 950, 'blk': None}: om1 1140 pos 8 st1 8 fail1 0 t4 3 t4only 0 t2only 0 rtfail 0 rcfail 0 chain 0 t3c 8 keyfail 0 [0.1 s]
#   unit {'pos': 951, 'blk': None}: om1 1103 pos 10 st1 10 fail1 0 t4 9 t4only 0 t2only 0 rtfail 0 rcfail 0 chain 0 t3c 10 keyfail 0 [0.1 s]
#   unit {'pos': 952, 'blk': None}: om1 1072 pos 4 st1 4 fail1 0 t4 4 t4only 0 t2only 0 rtfail 0 rcfail 0 chain 0 t3c 4 keyfail 0 [0.1 s]
#   unit {'pos': 953, 'blk': None}: om1 1115 pos 0 st1 0 fail1 0 t4 0 t4only 0 t2only 0 rtfail 0 rcfail 0 chain 0 t3c 0 keyfail 0 [0.1 s]
#   unit {'pos': 954, 'blk': None}: om1 1178 pos 4 st1 4 fail1 0 t4 2 t4only 0 t2only 0 rtfail 0 rcfail 0 chain 0 t3c 4 keyfail 0 [0.1 s]
#   unit {'pos': 955, 'blk': None}: om1 1103 pos 4 st1 4 fail1 0 t4 0 t4only 0 t2only 0 rtfail 0 rcfail 0 chain 0 t3c 4 keyfail 0 [0.1 s]
#   unit {'pos': 956, 'blk': None}: om1 1110 pos 5 st1 5 fail1 0 t4 0 t4only 0 t2only 0 rtfail 0 rcfail 0 chain 0 t3c 5 keyfail 0 [0.1 s]
#   unit {'pos': 957, 'blk': None}: om1 1211 pos 0 st1 0 fail1 0 t4 0 t4only 0 t2only 0 rtfail 0 rcfail 0 chain 0 t3c 0 keyfail 0 [0.1 s]
#   unit {'pos': 958, 'blk': None}: om1 1131 pos 0 st1 0 fail1 0 t4 0 t4only 0 t2only 0 rtfail 0 rcfail 0 chain 0 t3c 0 keyfail 0 [0.1 s]
#   unit {'pos': 959, 'blk': None}: om1 1171 pos 5 st1 5 fail1 0 t4 5 t4only 0 t2only 0 rtfail 0 rcfail 0 chain 0 t3c 5 keyfail 0 [0.1 s]
#   unit {'pos': 960, 'blk': None}: om1 1192 pos 0 st1 0 fail1 0 t4 0 t4only 0 t2only 0 rtfail 0 rcfail 0 chain 0 t3c 0 keyfail 0 [0.2 s]
#   unit {'pos': 961, 'blk': None}: om1 1163 pos 3 st1 3 fail1 0 t4 0 t4only 0 t2only 0 rtfail 0 rcfail 0 chain 0 t3c 3 keyfail 0 [0.2 s]
#   unit {'pos': 962, 'blk': None}: om1 1176 pos 0 st1 0 fail1 0 t4 0 t4only 0 t2only 0 rtfail 0 rcfail 0 chain 0 t3c 0 keyfail 0 [0.1 s]
#   unit {'pos': 963, 'blk': None}: om1 1144 pos 4 st1 4 fail1 0 t4 2 t4only 0 t2only 0 rtfail 0 rcfail 0 chain 0 t3c 4 keyfail 0 [0.1 s]
#   unit {'pos': 964, 'blk': None}: om1 1132 pos 0 st1 0 fail1 0 t4 0 t4only 0 t2only 0 rtfail 0 rcfail 0 chain 0 t3c 0 keyfail 0 [0.1 s]
#   unit {'pos': 965, 'blk': None}: om1 1131 pos 4 st1 4 fail1 0 t4 2 t4only 0 t2only 0 rtfail 0 rcfail 0 chain 0 t3c 4 keyfail 0 [0.1 s]
#   unit {'pos': 966, 'blk': None}: om1 1139 pos 5 st1 5 fail1 0 t4 4 t4only 0 t2only 0 rtfail 0 rcfail 0 chain 0 t3c 5 keyfail 0 [0.1 s]
#   unit {'pos': 967, 'blk': None}: om1 1183 pos 7 st1 7 fail1 0 t4 1 t4only 0 t2only 0 rtfail 0 rcfail 0 chain 0 t3c 7 keyfail 0 [0.1 s]
#   unit {'pos': 968, 'blk': None}: om1 1168 pos 1 st1 1 fail1 0 t4 0 t4only 0 t2only 0 rtfail 0 rcfail 0 chain 0 t3c 1 keyfail 0 [0.1 s]
#   unit {'pos': 969, 'blk': None}: om1 1167 pos 8 st1 8 fail1 0 t4 0 t4only 0 t2only 0 rtfail 0 rcfail 0 chain 0 t3c 8 keyfail 0 [0.1 s]
#   unit {'pos': 970, 'blk': None}: om1 1125 pos 6 st1 6 fail1 0 t4 4 t4only 0 t2only 0 rtfail 0 rcfail 0 chain 0 t3c 6 keyfail 0 [0.1 s]
#   unit {'pos': 971, 'blk': None}: om1 1184 pos 2 st1 2 fail1 0 t4 0 t4only 0 t2only 0 rtfail 0 rcfail 0 chain 0 t3c 2 keyfail 0 [0.1 s]
#   unit {'pos': 972, 'blk': None}: om1 1120 pos 2 st1 2 fail1 0 t4 1 t4only 0 t2only 0 rtfail 0 rcfail 0 chain 0 t3c 2 keyfail 0 [0.1 s]
#   unit {'pos': 973, 'blk': None}: om1 1145 pos 0 st1 0 fail1 0 t4 0 t4only 0 t2only 0 rtfail 0 rcfail 0 chain 0 t3c 0 keyfail 0 [0.1 s]
#   unit {'pos': 974, 'blk': None}: om1 1142 pos 6 st1 6 fail1 0 t4 0 t4only 0 t2only 0 rtfail 0 rcfail 0 chain 0 t3c 6 keyfail 0 [0.1 s]
#   unit {'pos': 975, 'blk': None}: om1 1247 pos 4 st1 4 fail1 0 t4 1 t4only 0 t2only 0 rtfail 0 rcfail 0 chain 0 t3c 4 keyfail 0 [0.1 s]
#   unit {'pos': 978, 'blk': None}: om1 1150 pos 8 st1 8 fail1 0 t4 0 t4only 0 t2only 0 rtfail 0 rcfail 0 chain 0 t3c 8 keyfail 0 [0.1 s]
#   unit {'pos': 977, 'blk': None}: om1 1201 pos 4 st1 4 fail1 0 t4 2 t4only 0 t2only 0 rtfail 0 rcfail 0 chain 0 t3c 4 keyfail 0 [0.1 s]
#   unit {'pos': 976, 'blk': None}: om1 1261 pos 16 st1 16 fail1 0 t4 11 t4only 0 t2only 0 rtfail 0 rcfail 0 chain 0 t3c 16 keyfail 0 [0.1 s]
#   unit {'pos': 979, 'blk': None}: om1 1144 pos 1 st1 1 fail1 0 t4 0 t4only 0 t2only 0 rtfail 0 rcfail 0 chain 0 t3c 1 keyfail 0 [0.1 s]
#   unit {'pos': 981, 'blk': None}: om1 1160 pos 3 st1 3 fail1 0 t4 1 t4only 0 t2only 0 rtfail 0 rcfail 0 chain 0 t3c 3 keyfail 0 [0.1 s]
#   unit {'pos': 982, 'blk': None}: om1 1196 pos 1 st1 1 fail1 0 t4 0 t4only 0 t2only 0 rtfail 0 rcfail 0 chain 0 t3c 1 keyfail 0 [0.1 s]
#   unit {'pos': 980, 'blk': None}: om1 1252 pos 2 st1 2 fail1 0 t4 2 t4only 0 t2only 0 rtfail 0 rcfail 0 chain 0 t3c 2 keyfail 0 [0.2 s]
#   unit {'pos': 983, 'blk': None}: om1 1222 pos 1 st1 1 fail1 0 t4 0 t4only 0 t2only 0 rtfail 0 rcfail 0 chain 0 t3c 1 keyfail 0 [0.2 s]
#   unit {'pos': 985, 'blk': None}: om1 1192 pos 9 st1 9 fail1 0 t4 4 t4only 0 t2only 0 rtfail 0 rcfail 0 chain 0 t3c 9 keyfail 0 [0.1 s]
#   unit {'pos': 984, 'blk': None}: om1 1182 pos 5 st1 5 fail1 0 t4 0 t4only 0 t2only 0 rtfail 0 rcfail 0 chain 0 t3c 5 keyfail 0 [0.2 s]
#   unit {'pos': 986, 'blk': None}: om1 1334 pos 11 st1 11 fail1 0 t4 11 t4only 0 t2only 0 rtfail 0 rcfail 0 chain 0 t3c 11 keyfail 0 [0.1 s]
#   unit {'pos': 987, 'blk': None}: om1 1220 pos 0 st1 0 fail1 0 t4 0 t4only 0 t2only 0 rtfail 0 rcfail 0 chain 0 t3c 0 keyfail 0 [0.2 s]
#   unit {'pos': 988, 'blk': None}: om1 1196 pos 5 st1 5 fail1 0 t4 3 t4only 0 t2only 0 rtfail 0 rcfail 0 chain 0 t3c 5 keyfail 0 [0.1 s]
#   unit {'pos': 989, 'blk': None}: om1 1204 pos 11 st1 11 fail1 0 t4 2 t4only 0 t2only 0 rtfail 0 rcfail 0 chain 0 t3c 11 keyfail 0 [0.1 s]
#   unit {'pos': 990, 'blk': None}: om1 1250 pos 1 st1 1 fail1 0 t4 0 t4only 0 t2only 0 rtfail 0 rcfail 0 chain 0 t3c 1 keyfail 0 [0.2 s]
#   unit {'pos': 991, 'blk': None}: om1 1250 pos 4 st1 4 fail1 0 t4 1 t4only 0 t2only 0 rtfail 0 rcfail 0 chain 0 t3c 4 keyfail 0 [0.1 s]
#   unit {'pos': 993, 'blk': None}: om1 1231 pos 0 st1 0 fail1 0 t4 0 t4only 0 t2only 0 rtfail 0 rcfail 0 chain 0 t3c 0 keyfail 0 [0.1 s]
#   unit {'pos': 992, 'blk': None}: om1 1219 pos 4 st1 4 fail1 0 t4 0 t4only 0 t2only 0 rtfail 0 rcfail 0 chain 0 t3c 4 keyfail 0 [0.1 s]
#   unit {'pos': 994, 'blk': None}: om1 1235 pos 7 st1 7 fail1 0 t4 7 t4only 0 t2only 0 rtfail 0 rcfail 0 chain 0 t3c 7 keyfail 0 [0.2 s]
#   unit {'pos': 995, 'blk': None}: om1 1169 pos 7 st1 7 fail1 0 t4 0 t4only 0 t2only 0 rtfail 0 rcfail 0 chain 0 t3c 7 keyfail 0 [0.2 s]
#   unit {'pos': 997, 'blk': None}: om1 1189 pos 1 st1 1 fail1 0 t4 1 t4only 0 t2only 0 rtfail 0 rcfail 0 chain 0 t3c 1 keyfail 0 [0.2 s]
#   unit {'pos': 996, 'blk': None}: om1 1265 pos 2 st1 2 fail1 0 t4 0 t4only 0 t2only 0 rtfail 0 rcfail 0 chain 0 t3c 2 keyfail 0 [0.2 s]
#   unit {'pos': 998, 'blk': None}: om1 1202 pos 1 st1 1 fail1 0 t4 1 t4only 0 t2only 0 rtfail 0 rcfail 0 chain 0 t3c 1 keyfail 0 [0.2 s]
#   unit {'pos': 999, 'blk': None}: om1 1199 pos 0 st1 0 fail1 0 t4 0 t4only 0 t2only 0 rtfail 0 rcfail 0 chain 0 t3c 0 keyfail 0 [0.2 s]
#   unit {'pos': 1000, 'blk': None}: om1 1146 pos 5 st1 5 fail1 0 t4 1 t4only 0 t2only 0 rtfail 0 rcfail 0 chain 0 t3c 5 keyfail 0 [0.2 s]
#   unit {'pos': 1001, 'blk': None}: om1 1110 pos 1 st1 1 fail1 0 t4 0 t4only 0 t2only 0 rtfail 0 rcfail 0 chain 0 t3c 1 keyfail 0 [0.2 s]
#   unit {'pos': 1003, 'blk': None}: om1 1111 pos 0 st1 0 fail1 0 t4 0 t4only 0 t2only 0 rtfail 0 rcfail 0 chain 0 t3c 0 keyfail 0 [0.2 s]
#   unit {'pos': 1002, 'blk': None}: om1 1210 pos 8 st1 8 fail1 0 t4 2 t4only 0 t2only 0 rtfail 0 rcfail 0 chain 0 t3c 8 keyfail 0 [0.2 s]
#   unit {'pos': 1004, 'blk': None}: om1 1087 pos 4 st1 4 fail1 0 t4 0 t4only 0 t2only 0 rtfail 0 rcfail 0 chain 0 t3c 4 keyfail 0 [0.2 s]
#   unit {'pos': 1005, 'blk': None}: om1 1236 pos 0 st1 0 fail1 0 t4 0 t4only 0 t2only 0 rtfail 0 rcfail 0 chain 0 t3c 0 keyfail 0 [0.1 s]
#   unit {'pos': 1006, 'blk': None}: om1 1206 pos 1 st1 1 fail1 0 t4 1 t4only 0 t2only 0 rtfail 0 rcfail 0 chain 0 t3c 1 keyfail 0 [0.1 s]
#   unit {'pos': 1007, 'blk': None}: om1 1238 pos 0 st1 0 fail1 0 t4 0 t4only 0 t2only 0 rtfail 0 rcfail 0 chain 0 t3c 0 keyfail 0 [0.2 s]
#   unit {'pos': 1008, 'blk': None}: om1 1195 pos 0 st1 0 fail1 0 t4 0 t4only 0 t2only 0 rtfail 0 rcfail 0 chain 0 t3c 0 keyfail 0 [0.2 s]
#   unit {'pos': 1009, 'blk': None}: om1 1209 pos 0 st1 0 fail1 0 t4 0 t4only 0 t2only 0 rtfail 0 rcfail 0 chain 0 t3c 0 keyfail 0 [0.1 s]
#   unit {'pos': 1011, 'blk': None}: om1 1176 pos 0 st1 0 fail1 0 t4 0 t4only 0 t2only 0 rtfail 0 rcfail 0 chain 0 t3c 0 keyfail 0 [0.1 s]
#   unit {'pos': 1010, 'blk': None}: om1 1227 pos 0 st1 0 fail1 0 t4 0 t4only 0 t2only 0 rtfail 0 rcfail 0 chain 0 t3c 0 keyfail 0 [0.2 s]
#   unit {'pos': 1012, 'blk': None}: om1 1259 pos 24 st1 24 fail1 0 t4 6 t4only 0 t2only 0 rtfail 0 rcfail 0 chain 0 t3c 24 keyfail 0 [0.2 s]
#   unit {'pos': 1013, 'blk': None}: om1 1147 pos 18 st1 18 fail1 0 t4 9 t4only 0 t2only 0 rtfail 0 rcfail 0 chain 0 t3c 18 keyfail 0 [0.1 s]
#   unit {'pos': 1014, 'blk': None}: om1 1203 pos 7 st1 7 fail1 0 t4 5 t4only 0 t2only 0 rtfail 0 rcfail 0 chain 0 t3c 7 keyfail 0 [0.1 s]
#   unit {'pos': 1015, 'blk': None}: om1 1221 pos 2 st1 2 fail1 0 t4 1 t4only 0 t2only 0 rtfail 0 rcfail 0 chain 0 t3c 2 keyfail 0 [0.1 s]
#   unit {'pos': 1016, 'blk': None}: om1 1251 pos 2 st1 2 fail1 0 t4 0 t4only 0 t2only 0 rtfail 0 rcfail 0 chain 0 t3c 2 keyfail 0 [0.1 s]
#   unit {'pos': 1017, 'blk': None}: om1 1212 pos 8 st1 8 fail1 0 t4 4 t4only 0 t2only 0 rtfail 0 rcfail 0 chain 0 t3c 8 keyfail 0 [0.1 s]
#   unit {'pos': 1019, 'blk': None}: om1 1229 pos 6 st1 6 fail1 0 t4 0 t4only 0 t2only 0 rtfail 0 rcfail 0 chain 0 t3c 6 keyfail 0 [0.1 s]
#   unit {'pos': 1018, 'blk': None}: om1 1198 pos 8 st1 8 fail1 0 t4 6 t4only 0 t2only 0 rtfail 0 rcfail 0 chain 0 t3c 8 keyfail 0 [0.2 s]
#   unit {'pos': 1020, 'blk': None}: om1 1170 pos 1 st1 1 fail1 0 t4 1 t4only 0 t2only 0 rtfail 0 rcfail 0 chain 0 t3c 1 keyfail 0 [0.1 s]
#   unit {'pos': 1021, 'blk': None}: om1 1191 pos 3 st1 3 fail1 0 t4 0 t4only 0 t2only 0 rtfail 0 rcfail 0 chain 0 t3c 3 keyfail 0 [0.1 s]
#   unit {'pos': 1022, 'blk': None}: om1 1151 pos 11 st1 11 fail1 0 t4 0 t4only 0 t2only 0 rtfail 0 rcfail 0 chain 0 t3c 11 keyfail 0 [0.2 s]
#   unit {'pos': 1023, 'blk': None}: om1 1251 pos 2 st1 2 fail1 0 t4 0 t4only 0 t2only 0 rtfail 0 rcfail 0 chain 0 t3c 2 keyfail 0 [0.1 s]
#   unit {'pos': 1024, 'blk': None}: om1 1187 pos 3 st1 3 fail1 0 t4 0 t4only 0 t2only 0 rtfail 0 rcfail 0 chain 0 t3c 3 keyfail 0 [0.2 s]
#   unit {'pos': 1025, 'blk': None}: om1 1167 pos 13 st1 13 fail1 0 t4 0 t4only 0 t2only 0 rtfail 0 rcfail 0 chain 0 t3c 13 keyfail 0 [0.2 s]
#   unit {'pos': 1026, 'blk': None}: om1 1253 pos 18 st1 18 fail1 0 t4 17 t4only 0 t2only 0 rtfail 0 rcfail 0 chain 0 t3c 18 keyfail 0 [0.2 s]
#   unit {'pos': 1027, 'blk': None}: om1 1294 pos 3 st1 3 fail1 0 t4 3 t4only 0 t2only 0 rtfail 0 rcfail 0 chain 0 t3c 3 keyfail 0 [0.1 s]
#   unit {'pos': 1028, 'blk': None}: om1 1242 pos 3 st1 3 fail1 0 t4 3 t4only 0 t2only 0 rtfail 0 rcfail 0 chain 0 t3c 3 keyfail 0 [0.1 s]
#   unit {'pos': 1029, 'blk': None}: om1 1300 pos 0 st1 0 fail1 0 t4 0 t4only 0 t2only 0 rtfail 0 rcfail 0 chain 0 t3c 0 keyfail 0 [0.1 s]
#   unit {'pos': 1030, 'blk': None}: om1 1145 pos 2 st1 2 fail1 0 t4 0 t4only 0 t2only 0 rtfail 0 rcfail 0 chain 0 t3c 2 keyfail 0 [0.1 s]
#   unit {'pos': 1031, 'blk': None}: om1 1259 pos 2 st1 2 fail1 0 t4 1 t4only 0 t2only 0 rtfail 0 rcfail 0 chain 0 t3c 2 keyfail 0 [0.1 s]
#   unit {'pos': 1032, 'blk': None}: om1 1188 pos 2 st1 2 fail1 0 t4 2 t4only 0 t2only 0 rtfail 0 rcfail 0 chain 0 t3c 2 keyfail 0 [0.1 s]
#   unit {'pos': 1033, 'blk': None}: om1 1219 pos 6 st1 6 fail1 0 t4 4 t4only 0 t2only 0 rtfail 0 rcfail 0 chain 0 t3c 6 keyfail 0 [0.1 s]
#   unit {'pos': 1034, 'blk': None}: om1 1215 pos 0 st1 0 fail1 0 t4 0 t4only 0 t2only 0 rtfail 0 rcfail 0 chain 0 t3c 0 keyfail 0 [0.1 s]
#   unit {'pos': 1035, 'blk': None}: om1 1156 pos 2 st1 2 fail1 0 t4 0 t4only 0 t2only 0 rtfail 0 rcfail 0 chain 0 t3c 2 keyfail 0 [0.1 s]
#   unit {'pos': 1036, 'blk': None}: om1 1170 pos 0 st1 0 fail1 0 t4 0 t4only 0 t2only 0 rtfail 0 rcfail 0 chain 0 t3c 0 keyfail 0 [0.1 s]
#   unit {'pos': 1037, 'blk': None}: om1 1163 pos 1 st1 1 fail1 0 t4 0 t4only 0 t2only 0 rtfail 0 rcfail 0 chain 0 t3c 1 keyfail 0 [0.1 s]
#   unit {'pos': 1039, 'blk': None}: om1 1152 pos 0 st1 0 fail1 0 t4 0 t4only 0 t2only 0 rtfail 0 rcfail 0 chain 0 t3c 0 keyfail 0 [0.1 s]
#   unit {'pos': 1038, 'blk': None}: om1 1142 pos 0 st1 0 fail1 0 t4 0 t4only 0 t2only 0 rtfail 0 rcfail 0 chain 0 t3c 0 keyfail 0 [0.2 s]
#   unit {'pos': 1040, 'blk': None}: om1 1223 pos 2 st1 2 fail1 0 t4 1 t4only 0 t2only 0 rtfail 0 rcfail 0 chain 0 t3c 2 keyfail 0 [0.2 s]
#   unit {'pos': 1041, 'blk': None}: om1 1138 pos 9 st1 9 fail1 0 t4 2 t4only 0 t2only 0 rtfail 0 rcfail 0 chain 0 t3c 7 keyfail 0 [0.1 s]
#   unit {'pos': 1042, 'blk': None}: om1 1170 pos 0 st1 0 fail1 0 t4 0 t4only 0 t2only 0 rtfail 0 rcfail 0 chain 0 t3c 0 keyfail 0 [0.1 s]
#   unit {'pos': 1043, 'blk': None}: om1 2278 pos 0 st1 0 fail1 0 t4 0 t4only 0 t2only 0 rtfail 0 rcfail 0 chain 0 t3c 0 keyfail 0 [0.2 s]
#   unit {'pos': 1044, 'blk': None}: om1 2491 pos 0 st1 0 fail1 0 t4 0 t4only 0 t2only 0 rtfail 0 rcfail 0 chain 0 t3c 0 keyfail 0 [0.2 s]
#   unit {'pos': 1045, 'blk': None}: om1 2346 pos 9 st1 9 fail1 0 t4 5 t4only 0 t2only 0 rtfail 0 rcfail 0 chain 0 t3c 9 keyfail 0 [0.2 s]
#   unit {'pos': 1046, 'blk': None}: om1 2454 pos 4 st1 4 fail1 0 t4 4 t4only 0 t2only 0 rtfail 0 rcfail 0 chain 0 t3c 4 keyfail 0 [0.2 s]
#   unit {'pos': 1047, 'blk': None}: om1 2441 pos 4 st1 4 fail1 0 t4 4 t4only 0 t2only 0 rtfail 0 rcfail 0 chain 0 t3c 4 keyfail 0 [0.3 s]
#   unit {'pos': 1048, 'blk': None}: om1 2228 pos 17 st1 17 fail1 0 t4 12 t4only 0 t2only 0 rtfail 0 rcfail 0 chain 0 t3c 17 keyfail 0 [0.3 s]
#   unit {'pos': 1050, 'blk': None}: om1 2402 pos 18 st1 18 fail1 0 t4 13 t4only 0 t2only 0 rtfail 0 rcfail 0 chain 0 t3c 18 keyfail 0 [0.3 s]
#   unit {'pos': 1049, 'blk': None}: om1 2454 pos 10 st1 10 fail1 0 t4 10 t4only 0 t2only 0 rtfail 0 rcfail 0 chain 0 t3c 10 keyfail 0 [0.4 s]
#   unit {'pos': 1051, 'blk': None}: om1 2358 pos 51 st1 51 fail1 0 t4 42 t4only 0 t2only 0 rtfail 0 rcfail 0 chain 0 t3c 51 keyfail 0 [0.3 s]
#   unit {'pos': 1052, 'blk': None}: om1 2329 pos 40 st1 40 fail1 0 t4 34 t4only 0 t2only 0 rtfail 0 rcfail 0 chain 0 t3c 40 keyfail 0 [0.3 s]
#   unit {'pos': 1053, 'blk': None}: om1 2402 pos 33 st1 33 fail1 0 t4 24 t4only 0 t2only 0 rtfail 0 rcfail 0 chain 0 t3c 33 keyfail 0 [0.3 s]
#   unit {'pos': 1054, 'blk': None}: om1 2476 pos 27 st1 27 fail1 0 t4 23 t4only 0 t2only 0 rtfail 0 rcfail 0 chain 0 t3c 27 keyfail 0 [0.3 s]
#   unit {'pos': 1055, 'blk': None}: om1 2449 pos 2 st1 2 fail1 0 t4 2 t4only 0 t2only 0 rtfail 0 rcfail 0 chain 0 t3c 2 keyfail 0 [0.3 s]
#   unit {'pos': 1057, 'blk': None}: om1 2348 pos 17 st1 17 fail1 0 t4 14 t4only 0 t2only 0 rtfail 0 rcfail 0 chain 0 t3c 17 keyfail 0 [0.2 s]
#   unit {'pos': 1056, 'blk': None}: om1 2499 pos 5 st1 5 fail1 0 t4 5 t4only 0 t2only 0 rtfail 0 rcfail 0 chain 0 t3c 5 keyfail 0 [0.4 s]
#   unit {'pos': 1059, 'blk': None}: om1 2531 pos 20 st1 20 fail1 0 t4 17 t4only 0 t2only 0 rtfail 0 rcfail 0 chain 0 t3c 20 keyfail 0 [0.2 s]
#   unit {'pos': 1062, 'blk': None}: om1 2420 pos 11 st1 11 fail1 0 t4 6 t4only 0 t2only 0 rtfail 0 rcfail 0 chain 0 t3c 11 keyfail 0 [0.2 s]
#   unit {'pos': 1060, 'blk': None}: om1 2385 pos 37 st1 37 fail1 0 t4 22 t4only 0 t2only 0 rtfail 0 rcfail 0 chain 0 t3c 37 keyfail 0 [0.4 s]
#   unit {'pos': 1061, 'blk': None}: om1 2382 pos 45 st1 45 fail1 0 t4 26 t4only 0 t2only 0 rtfail 0 rcfail 0 chain 0 t3c 45 keyfail 0 [0.4 s]
#   unit {'pos': 1058, 'blk': None}: om1 2373 pos 20 st1 20 fail1 0 t4 14 t4only 0 t2only 0 rtfail 0 rcfail 0 chain 0 t3c 20 keyfail 0 [0.7 s]
#   unit {'pos': 1065, 'blk': None}: om1 2399 pos 30 st1 30 fail1 0 t4 9 t4only 0 t2only 0 rtfail 0 rcfail 0 chain 0 t3c 30 keyfail 0 [0.2 s]
#   unit {'pos': 1067, 'blk': None}: om1 2680 pos 8 st1 8 fail1 0 t4 8 t4only 0 t2only 0 rtfail 0 rcfail 0 chain 0 t3c 8 keyfail 0 [0.2 s]
#   unit {'pos': 1063, 'blk': None}: om1 2359 pos 6 st1 6 fail1 0 t4 6 t4only 0 t2only 0 rtfail 0 rcfail 0 chain 0 t3c 6 keyfail 0 [0.4 s]
#   unit {'pos': 1064, 'blk': None}: om1 2338 pos 14 st1 14 fail1 0 t4 6 t4only 0 t2only 0 rtfail 0 rcfail 0 chain 0 t3c 14 keyfail 0 [0.4 s]
#   unit {'pos': 1066, 'blk': None}: om1 2541 pos 7 st1 7 fail1 0 t4 5 t4only 0 t2only 0 rtfail 0 rcfail 0 chain 0 t3c 7 keyfail 0 [0.5 s]
#   unit {'pos': 1068, 'blk': None}: om1 2770 pos 22 st1 22 fail1 0 t4 22 t4only 0 t2only 0 rtfail 0 rcfail 0 chain 0 t3c 22 keyfail 0 [0.4 s]
#   unit {'pos': 1070, 'blk': None}: om1 2578 pos 44 st1 44 fail1 0 t4 42 t4only 0 t2only 0 rtfail 0 rcfail 0 chain 0 t3c 44 keyfail 0 [0.4 s]
#   unit {'pos': 1069, 'blk': None}: om1 2649 pos 28 st1 28 fail1 0 t4 22 t4only 0 t2only 0 rtfail 0 rcfail 0 chain 0 t3c 28 keyfail 0 [0.4 s]
#   unit {'pos': 1071, 'blk': None}: om1 2824 pos 21 st1 21 fail1 0 t4 20 t4only 0 t2only 0 rtfail 0 rcfail 0 chain 0 t3c 21 keyfail 0 [0.3 s]
#   unit {'pos': 1075, 'blk': None}: om1 1929 pos 0 st1 0 fail1 0 t4 0 t4only 0 t2only 0 rtfail 0 rcfail 0 chain 0 t3c 0 keyfail 0 [0.1 s]
#   unit {'pos': 1072, 'blk': None}: om1 2064 pos 0 st1 0 fail1 0 t4 0 t4only 0 t2only 0 rtfail 0 rcfail 0 chain 0 t3c 0 keyfail 0 [0.2 s]
#   unit {'pos': 1073, 'blk': None}: om1 1929 pos 0 st1 0 fail1 0 t4 0 t4only 0 t2only 0 rtfail 0 rcfail 0 chain 0 t3c 0 keyfail 0 [0.3 s]
#   unit {'pos': 1078, 'blk': None}: om1 1787 pos 3 st1 3 fail1 0 t4 3 t4only 0 t2only 0 rtfail 0 rcfail 0 chain 0 t3c 3 keyfail 0 [0.1 s]
#   unit {'pos': 1076, 'blk': None}: om1 1817 pos 0 st1 0 fail1 0 t4 0 t4only 0 t2only 0 rtfail 0 rcfail 0 chain 0 t3c 0 keyfail 0 [0.2 s]
#   unit {'pos': 1074, 'blk': None}: om1 1828 pos 1 st1 1 fail1 0 t4 1 t4only 0 t2only 0 rtfail 0 rcfail 0 chain 0 t3c 1 keyfail 0 [0.5 s]
#   unit {'pos': 1077, 'blk': None}: om1 1907 pos 2 st1 2 fail1 0 t4 2 t4only 0 t2only 0 rtfail 0 rcfail 0 chain 0 t3c 2 keyfail 0 [0.3 s]
#   unit {'pos': 1080, 'blk': None}: om1 1620 pos 2 st1 2 fail1 0 t4 2 t4only 0 t2only 0 rtfail 0 rcfail 0 chain 0 t3c 2 keyfail 0 [0.2 s]
#   unit {'pos': 1079, 'blk': None}: om1 1929 pos 4 st1 4 fail1 0 t4 4 t4only 0 t2only 0 rtfail 0 rcfail 0 chain 0 t3c 4 keyfail 0 [0.3 s]
#   unit {'pos': 1081, 'blk': None}: om1 1700 pos 1 st1 1 fail1 0 t4 1 t4only 0 t2only 0 rtfail 0 rcfail 0 chain 0 t3c 1 keyfail 0 [0.3 s]
#   unit {'pos': 1083, 'blk': None}: om1 1627 pos 4 st1 4 fail1 0 t4 2 t4only 0 t2only 0 rtfail 0 rcfail 0 chain 0 t3c 4 keyfail 0 [0.2 s]
#   unit {'pos': 1082, 'blk': None}: om1 1499 pos 11 st1 11 fail1 0 t4 9 t4only 0 t2only 0 rtfail 0 rcfail 0 chain 0 t3c 11 keyfail 0 [0.3 s]
#   unit {'pos': 1085, 'blk': None}: om1 1552 pos 2 st1 2 fail1 0 t4 2 t4only 0 t2only 0 rtfail 0 rcfail 0 chain 0 t3c 2 keyfail 0 [0.2 s]
#   unit {'pos': 1088, 'blk': None}: om1 1704 pos 3 st1 3 fail1 0 t4 3 t4only 0 t2only 0 rtfail 0 rcfail 0 chain 0 t3c 3 keyfail 0 [0.2 s]
#   unit {'pos': 1087, 'blk': None}: om1 1581 pos 2 st1 2 fail1 0 t4 2 t4only 0 t2only 0 rtfail 0 rcfail 0 chain 0 t3c 2 keyfail 0 [0.3 s]
#   unit {'pos': 1086, 'blk': None}: om1 1623 pos 0 st1 0 fail1 0 t4 0 t4only 0 t2only 0 rtfail 0 rcfail 0 chain 0 t3c 0 keyfail 0 [0.3 s]
#   unit {'pos': 1084, 'blk': None}: om1 1662 pos 4 st1 4 fail1 0 t4 4 t4only 0 t2only 0 rtfail 0 rcfail 0 chain 0 t3c 4 keyfail 0 [0.5 s]
#   unit {'pos': 1090, 'blk': None}: om1 1642 pos 5 st1 5 fail1 0 t4 5 t4only 0 t2only 0 rtfail 0 rcfail 0 chain 0 t3c 5 keyfail 0 [0.3 s]
#   unit {'pos': 1089, 'blk': None}: om1 1658 pos 9 st1 9 fail1 0 t4 9 t4only 0 t2only 0 rtfail 0 rcfail 0 chain 0 t3c 9 keyfail 0 [0.3 s]
#   unit {'pos': 1091, 'blk': None}: om1 1671 pos 0 st1 0 fail1 0 t4 0 t4only 0 t2only 0 rtfail 0 rcfail 0 chain 0 t3c 0 keyfail 0 [0.3 s]
#   unit {'pos': 1092, 'blk': None}: om1 1532 pos 0 st1 0 fail1 0 t4 0 t4only 0 t2only 0 rtfail 0 rcfail 0 chain 0 t3c 0 keyfail 0 [0.3 s]
#   unit {'pos': 1093, 'blk': None}: om1 1619 pos 0 st1 0 fail1 0 t4 0 t4only 0 t2only 0 rtfail 0 rcfail 0 chain 0 t3c 0 keyfail 0 [0.3 s]
#   unit {'pos': 1094, 'blk': None}: om1 1600 pos 0 st1 0 fail1 0 t4 0 t4only 0 t2only 0 rtfail 0 rcfail 0 chain 0 t3c 0 keyfail 0 [0.3 s]
#   unit {'pos': 1095, 'blk': None}: om1 1522 pos 0 st1 0 fail1 0 t4 0 t4only 0 t2only 0 rtfail 0 rcfail 0 chain 0 t3c 0 keyfail 0 [0.3 s]
#   unit {'pos': 1096, 'blk': None}: om1 1541 pos 0 st1 0 fail1 0 t4 0 t4only 0 t2only 0 rtfail 0 rcfail 0 chain 0 t3c 0 keyfail 0 [0.3 s]
#   unit {'pos': 1097, 'blk': None}: om1 1571 pos 0 st1 0 fail1 0 t4 0 t4only 0 t2only 0 rtfail 0 rcfail 0 chain 0 t3c 0 keyfail 0 [0.2 s]
#   unit {'pos': 1099, 'blk': None}: om1 1537 pos 0 st1 0 fail1 0 t4 0 t4only 0 t2only 0 rtfail 0 rcfail 0 chain 0 t3c 0 keyfail 0 [0.3 s]
#   unit {'pos': 1098, 'blk': None}: om1 1583 pos 0 st1 0 fail1 0 t4 0 t4only 0 t2only 0 rtfail 0 rcfail 0 chain 0 t3c 0 keyfail 0 [0.3 s]
#   unit {'pos': 1100, 'blk': None}: om1 1642 pos 0 st1 0 fail1 0 t4 0 t4only 0 t2only 0 rtfail 0 rcfail 0 chain 0 t3c 0 keyfail 0 [0.3 s]
#   unit {'pos': 1103, 'blk': None}: om1 1570 pos 7 st1 7 fail1 0 t4 7 t4only 0 t2only 0 rtfail 0 rcfail 0 chain 0 t3c 7 keyfail 0 [0.2 s]
#   unit {'pos': 1102, 'blk': None}: om1 1763 pos 2 st1 2 fail1 0 t4 2 t4only 0 t2only 0 rtfail 0 rcfail 0 chain 0 t3c 2 keyfail 0 [0.2 s]
#   unit {'pos': 1101, 'blk': None}: om1 1694 pos 4 st1 4 fail1 0 t4 3 t4only 0 t2only 0 rtfail 0 rcfail 0 chain 0 t3c 4 keyfail 0 [0.3 s]
#   unit {'pos': 1106, 'blk': None}: om1 1560 pos 8 st1 8 fail1 0 t4 6 t4only 0 t2only 0 rtfail 0 rcfail 0 chain 0 t3c 8 keyfail 0 [0.1 s]
#   unit {'pos': 1105, 'blk': None}: om1 1661 pos 8 st1 8 fail1 0 t4 8 t4only 0 t2only 0 rtfail 0 rcfail 0 chain 0 t3c 8 keyfail 0 [0.2 s]
#   unit {'pos': 1104, 'blk': None}: om1 1593 pos 15 st1 15 fail1 0 t4 12 t4only 0 t2only 0 rtfail 0 rcfail 0 chain 0 t3c 15 keyfail 0 [0.3 s]
#   unit {'pos': 1109, 'blk': None}: om1 1555 pos 7 st1 7 fail1 0 t4 6 t4only 0 t2only 0 rtfail 0 rcfail 0 chain 0 t3c 7 keyfail 0 [0.1 s]
#   unit {'pos': 1108, 'blk': None}: om1 1631 pos 1 st1 1 fail1 0 t4 1 t4only 0 t2only 0 rtfail 0 rcfail 0 chain 0 t3c 1 keyfail 0 [0.2 s]
#   unit {'pos': 1107, 'blk': None}: om1 1605 pos 4 st1 4 fail1 0 t4 4 t4only 0 t2only 0 rtfail 0 rcfail 0 chain 0 t3c 4 keyfail 0 [0.3 s]
#   unit {'pos': 1110, 'blk': None}: om1 1674 pos 3 st1 3 fail1 0 t4 3 t4only 0 t2only 0 rtfail 0 rcfail 0 chain 0 t3c 3 keyfail 0 [0.2 s]
#   unit {'pos': 1111, 'blk': None}: om1 1535 pos 14 st1 14 fail1 0 t4 12 t4only 0 t2only 0 rtfail 0 rcfail 0 chain 0 t3c 14 keyfail 0 [0.2 s]
#   unit {'pos': 1114, 'blk': None}: om1 1555 pos 5 st1 5 fail1 0 t4 4 t4only 0 t2only 0 rtfail 0 rcfail 0 chain 0 t3c 5 keyfail 0 [0.1 s]
#   unit {'pos': 1112, 'blk': None}: om1 1630 pos 4 st1 4 fail1 0 t4 3 t4only 0 t2only 0 rtfail 0 rcfail 0 chain 0 t3c 4 keyfail 0 [0.3 s]
#   unit {'pos': 1115, 'blk': None}: om1 1588 pos 4 st1 4 fail1 0 t4 4 t4only 0 t2only 0 rtfail 0 rcfail 0 chain 0 t3c 4 keyfail 0 [0.2 s]
#   unit {'pos': 1113, 'blk': None}: om1 1690 pos 2 st1 2 fail1 0 t4 2 t4only 0 t2only 0 rtfail 0 rcfail 0 chain 0 t3c 2 keyfail 0 [0.3 s]
#   unit {'pos': 1116, 'blk': None}: om1 1592 pos 7 st1 7 fail1 0 t4 6 t4only 0 t2only 0 rtfail 0 rcfail 0 chain 0 t3c 7 keyfail 0 [0.2 s]
#   unit {'pos': 1117, 'blk': None}: om1 1514 pos 3 st1 3 fail1 0 t4 3 t4only 0 t2only 0 rtfail 0 rcfail 0 chain 0 t3c 3 keyfail 0 [0.2 s]
#   unit {'pos': 1119, 'blk': None}: om1 1607 pos 8 st1 8 fail1 0 t4 7 t4only 0 t2only 0 rtfail 0 rcfail 0 chain 0 t3c 8 keyfail 0 [0.2 s]
#   unit {'pos': 1120, 'blk': None}: om1 1632 pos 2 st1 2 fail1 0 t4 2 t4only 0 t2only 0 rtfail 0 rcfail 0 chain 0 t3c 2 keyfail 0 [0.2 s]
#   unit {'pos': 1118, 'blk': None}: om1 1555 pos 6 st1 6 fail1 0 t4 4 t4only 0 t2only 0 rtfail 0 rcfail 0 chain 0 t3c 6 keyfail 0 [0.3 s]
#   unit {'pos': 1121, 'blk': None}: om1 1614 pos 9 st1 9 fail1 0 t4 4 t4only 0 t2only 0 rtfail 0 rcfail 0 chain 0 t3c 9 keyfail 0 [0.2 s]
#   unit {'pos': 1122, 'blk': None}: om1 1635 pos 4 st1 4 fail1 0 t4 1 t4only 0 t2only 0 rtfail 0 rcfail 0 chain 0 t3c 4 keyfail 0 [0.2 s]
#   unit {'pos': 1123, 'blk': None}: om1 1647 pos 5 st1 5 fail1 0 t4 3 t4only 0 t2only 0 rtfail 0 rcfail 0 chain 0 t3c 5 keyfail 0 [0.2 s]
#   unit {'pos': 1125, 'blk': None}: om1 1597 pos 0 st1 0 fail1 0 t4 0 t4only 0 t2only 0 rtfail 0 rcfail 0 chain 0 t3c 0 keyfail 0 [0.1 s]
#   unit {'pos': 1126, 'blk': None}: om1 1674 pos 5 st1 5 fail1 0 t4 5 t4only 0 t2only 0 rtfail 0 rcfail 0 chain 0 t3c 5 keyfail 0 [0.1 s]
#   unit {'pos': 1128, 'blk': None}: om1 1665 pos 0 st1 0 fail1 0 t4 0 t4only 0 t2only 0 rtfail 0 rcfail 0 chain 0 t3c 0 keyfail 0 [0.1 s]
#   unit {'pos': 1127, 'blk': None}: om1 1615 pos 6 st1 6 fail1 0 t4 6 t4only 0 t2only 0 rtfail 0 rcfail 0 chain 0 t3c 6 keyfail 0 [0.1 s]
#   unit {'pos': 1124, 'blk': None}: om1 1660 pos 2 st1 2 fail1 0 t4 2 t4only 0 t2only 0 rtfail 0 rcfail 0 chain 0 t3c 2 keyfail 0 [0.3 s]
#   unit {'pos': 1129, 'blk': None}: om1 1639 pos 2 st1 2 fail1 0 t4 2 t4only 0 t2only 0 rtfail 0 rcfail 0 chain 0 t3c 2 keyfail 0 [0.1 s]
#   unit {'pos': 1130, 'blk': None}: om1 1664 pos 2 st1 2 fail1 0 t4 2 t4only 0 t2only 0 rtfail 0 rcfail 0 chain 0 t3c 2 keyfail 0 [0.2 s]
#   unit {'pos': 1133, 'blk': None}: om1 1561 pos 0 st1 0 fail1 0 t4 0 t4only 0 t2only 0 rtfail 0 rcfail 0 chain 0 t3c 0 keyfail 0 [0.2 s]
#   unit {'pos': 1131, 'blk': None}: om1 1586 pos 2 st1 2 fail1 0 t4 0 t4only 0 t2only 0 rtfail 0 rcfail 0 chain 0 t3c 2 keyfail 0 [0.3 s]
#   unit {'pos': 1132, 'blk': None}: om1 1571 pos 0 st1 0 fail1 0 t4 0 t4only 0 t2only 0 rtfail 0 rcfail 0 chain 0 t3c 0 keyfail 0 [0.3 s]
#   unit {'pos': 1134, 'blk': None}: om1 1565 pos 0 st1 0 fail1 0 t4 0 t4only 0 t2only 0 rtfail 0 rcfail 0 chain 0 t3c 0 keyfail 0 [0.2 s]
#   unit {'pos': 1137, 'blk': None}: om1 1637 pos 14 st1 14 fail1 0 t4 10 t4only 0 t2only 0 rtfail 0 rcfail 0 chain 0 t3c 14 keyfail 0 [0.2 s]
#   unit {'pos': 1138, 'blk': None}: om1 1656 pos 0 st1 0 fail1 0 t4 0 t4only 0 t2only 0 rtfail 0 rcfail 0 chain 0 t3c 0 keyfail 0 [0.1 s]
#   unit {'pos': 1135, 'blk': None}: om1 1618 pos 0 st1 0 fail1 0 t4 0 t4only 0 t2only 0 rtfail 0 rcfail 0 chain 0 t3c 0 keyfail 0 [0.3 s]
#   unit {'pos': 1136, 'blk': None}: om1 1610 pos 2 st1 2 fail1 0 t4 2 t4only 0 t2only 0 rtfail 0 rcfail 0 chain 0 t3c 2 keyfail 0 [0.3 s]
#   unit {'pos': 1142, 'blk': None}: om1 1640 pos 6 st1 6 fail1 0 t4 5 t4only 0 t2only 0 rtfail 0 rcfail 0 chain 0 t3c 6 keyfail 0 [0.1 s]
#   unit {'pos': 1140, 'blk': None}: om1 1623 pos 0 st1 0 fail1 0 t4 0 t4only 0 t2only 0 rtfail 0 rcfail 0 chain 0 t3c 0 keyfail 0 [0.3 s]
#   unit {'pos': 1141, 'blk': None}: om1 1535 pos 2 st1 2 fail1 0 t4 2 t4only 0 t2only 0 rtfail 0 rcfail 0 chain 0 t3c 2 keyfail 0 [0.3 s]
#   unit {'pos': 1143, 'blk': None}: om1 1583 pos 2 st1 2 fail1 0 t4 2 t4only 0 t2only 0 rtfail 0 rcfail 0 chain 0 t3c 2 keyfail 0 [0.2 s]
#   unit {'pos': 1139, 'blk': None}: om1 1519 pos 0 st1 0 fail1 0 t4 0 t4only 0 t2only 0 rtfail 0 rcfail 0 chain 0 t3c 0 keyfail 0 [0.5 s]
#   unit {'pos': 1145, 'blk': None}: om1 1557 pos 3 st1 3 fail1 0 t4 1 t4only 0 t2only 0 rtfail 0 rcfail 0 chain 0 t3c 3 keyfail 0 [0.2 s]
#   unit {'pos': 1148, 'blk': None}: om1 1569 pos 9 st1 9 fail1 0 t4 7 t4only 0 t2only 0 rtfail 0 rcfail 0 chain 0 t3c 9 keyfail 0 [0.2 s]
#   unit {'pos': 1147, 'blk': None}: om1 1508 pos 0 st1 0 fail1 0 t4 0 t4only 0 t2only 0 rtfail 0 rcfail 0 chain 0 t3c 0 keyfail 0 [0.3 s]
#   unit {'pos': 1146, 'blk': None}: om1 1533 pos 1 st1 1 fail1 0 t4 0 t4only 0 t2only 0 rtfail 0 rcfail 0 chain 0 t3c 1 keyfail 0 [0.3 s]
#   unit {'pos': 1144, 'blk': None}: om1 1606 pos 8 st1 8 fail1 0 t4 8 t4only 0 t2only 0 rtfail 0 rcfail 0 chain 0 t3c 8 keyfail 0 [0.5 s]
#   unit {'pos': 1149, 'blk': None}: om1 1524 pos 1 st1 1 fail1 0 t4 1 t4only 0 t2only 0 rtfail 0 rcfail 0 chain 0 t3c 1 keyfail 0 [0.2 s]
#   unit {'pos': 1153, 'blk': None}: om1 1548 pos 6 st1 6 fail1 0 t4 0 t4only 0 t2only 0 rtfail 0 rcfail 0 chain 0 t3c 6 keyfail 0 [0.2 s]
#   unit {'pos': 1150, 'blk': None}: om1 1557 pos 1 st1 1 fail1 0 t4 1 t4only 0 t2only 0 rtfail 0 rcfail 0 chain 0 t3c 1 keyfail 0 [0.4 s]
#   unit {'pos': 1152, 'blk': None}: om1 1558 pos 3 st1 3 fail1 0 t4 3 t4only 0 t2only 0 rtfail 0 rcfail 0 chain 0 t3c 3 keyfail 0 [0.3 s]
#   unit {'pos': 1151, 'blk': None}: om1 1615 pos 2 st1 2 fail1 0 t4 0 t4only 0 t2only 0 rtfail 0 rcfail 0 chain 0 t3c 2 keyfail 0 [0.5 s]
#   unit {'pos': 1154, 'blk': None}: om1 1288 pos 16 st1 16 fail1 0 t4 6 t4only 0 t2only 0 rtfail 0 rcfail 0 chain 0 t3c 12 keyfail 0 [0.2 s]
#   unit {'pos': 1155, 'blk': None}: om1 1293 pos 10 st1 10 fail1 0 t4 4 t4only 0 t2only 0 rtfail 0 rcfail 0 chain 0 t3c 8 keyfail 0 [0.2 s]
#   unit {'pos': 1156, 'blk': None}: om1 1396 pos 3 st1 3 fail1 0 t4 3 t4only 0 t2only 0 rtfail 0 rcfail 0 chain 0 t3c 3 keyfail 0 [0.2 s]
#   unit {'pos': 1158, 'blk': None}: om1 1303 pos 0 st1 0 fail1 0 t4 0 t4only 0 t2only 0 rtfail 0 rcfail 0 chain 0 t3c 0 keyfail 0 [0.2 s]
#   unit {'pos': 1159, 'blk': None}: om1 1230 pos 23 st1 23 fail1 0 t4 9 t4only 0 t2only 0 rtfail 0 rcfail 0 chain 0 t3c 23 keyfail 0 [0.1 s]
#   unit {'pos': 1160, 'blk': None}: om1 1271 pos 0 st1 0 fail1 0 t4 0 t4only 0 t2only 0 rtfail 0 rcfail 0 chain 0 t3c 0 keyfail 0 [0.2 s]
#   unit {'pos': 1161, 'blk': None}: om1 1391 pos 5 st1 5 fail1 0 t4 3 t4only 0 t2only 0 rtfail 0 rcfail 0 chain 0 t3c 5 keyfail 0 [0.1 s]
#   unit {'pos': 1157, 'blk': None}: om1 1348 pos 5 st1 5 fail1 0 t4 2 t4only 0 t2only 0 rtfail 0 rcfail 0 chain 0 t3c 5 keyfail 0 [0.4 s]
#   unit {'pos': 1162, 'blk': None}: om1 1350 pos 10 st1 10 fail1 0 t4 1 t4only 0 t2only 0 rtfail 0 rcfail 0 chain 0 t3c 10 keyfail 0 [0.1 s]
#   unit {'pos': 1164, 'blk': None}: om1 1327 pos 2 st1 2 fail1 0 t4 2 t4only 0 t2only 0 rtfail 0 rcfail 0 chain 0 t3c 2 keyfail 0 [0.2 s]
#   unit {'pos': 1166, 'blk': None}: om1 1398 pos 2 st1 2 fail1 0 t4 2 t4only 0 t2only 0 rtfail 0 rcfail 0 chain 0 t3c 2 keyfail 0 [0.1 s]
#   unit {'pos': 1167, 'blk': None}: om1 1297 pos 1 st1 1 fail1 0 t4 1 t4only 0 t2only 0 rtfail 0 rcfail 0 chain 0 t3c 1 keyfail 0 [0.1 s]
#   unit {'pos': 1165, 'blk': None}: om1 1290 pos 0 st1 0 fail1 0 t4 0 t4only 0 t2only 0 rtfail 0 rcfail 0 chain 0 t3c 0 keyfail 0 [0.3 s]
#   unit {'pos': 1168, 'blk': None}: om1 1335 pos 1 st1 1 fail1 0 t4 0 t4only 0 t2only 0 rtfail 0 rcfail 0 chain 0 t3c 1 keyfail 0 [0.1 s]
#   unit {'pos': 1163, 'blk': None}: om1 1405 pos 5 st1 5 fail1 0 t4 4 t4only 0 t2only 0 rtfail 0 rcfail 0 chain 0 t3c 5 keyfail 0 [0.4 s]
#   unit {'pos': 1172, 'blk': None}: om1 1446 pos 5 st1 5 fail1 0 t4 0 t4only 0 t2only 0 rtfail 0 rcfail 0 chain 0 t3c 5 keyfail 0 [0.1 s]
#   unit {'pos': 1171, 'blk': None}: om1 1312 pos 0 st1 0 fail1 0 t4 0 t4only 0 t2only 0 rtfail 0 rcfail 0 chain 0 t3c 0 keyfail 0 [0.2 s]
#   unit {'pos': 1169, 'blk': None}: om1 1325 pos 0 st1 0 fail1 0 t4 0 t4only 0 t2only 0 rtfail 0 rcfail 0 chain 0 t3c 0 keyfail 0 [0.3 s]
#   unit {'pos': 1170, 'blk': None}: om1 1422 pos 12 st1 12 fail1 0 t4 11 t4only 0 t2only 0 rtfail 0 rcfail 0 chain 0 t3c 12 keyfail 0 [0.3 s]
#   unit {'pos': 1176, 'blk': None}: om1 1339 pos 0 st1 0 fail1 0 t4 0 t4only 0 t2only 0 rtfail 0 rcfail 0 chain 0 t3c 0 keyfail 0 [0.2 s]
#   unit {'pos': 1174, 'blk': None}: om1 1307 pos 0 st1 0 fail1 0 t4 0 t4only 0 t2only 0 rtfail 0 rcfail 0 chain 0 t3c 0 keyfail 0 [0.2 s]
#   unit {'pos': 1175, 'blk': None}: om1 1281 pos 0 st1 0 fail1 0 t4 0 t4only 0 t2only 0 rtfail 0 rcfail 0 chain 0 t3c 0 keyfail 0 [0.2 s]
#   unit {'pos': 1179, 'blk': None}: om1 1278 pos 4 st1 4 fail1 0 t4 3 t4only 0 t2only 0 rtfail 0 rcfail 0 chain 0 t3c 4 keyfail 0 [0.1 s]
#   unit {'pos': 1177, 'blk': None}: om1 1266 pos 3 st1 3 fail1 0 t4 0 t4only 0 t2only 0 rtfail 0 rcfail 0 chain 0 t3c 3 keyfail 0 [0.3 s]
#   unit {'pos': 1178, 'blk': None}: om1 1353 pos 6 st1 6 fail1 0 t4 2 t4only 0 t2only 0 rtfail 0 rcfail 0 chain 0 t3c 6 keyfail 0 [0.3 s]
#   unit {'pos': 1180, 'blk': None}: om1 1319 pos 7 st1 7 fail1 0 t4 2 t4only 0 t2only 0 rtfail 0 rcfail 0 chain 0 t3c 6 keyfail 0 [0.2 s]
#   unit {'pos': 1173, 'blk': None}: om1 1365 pos 7 st1 7 fail1 0 t4 0 t4only 0 t2only 0 rtfail 0 rcfail 0 chain 0 t3c 6 keyfail 0 [0.7 s]
#   unit {'pos': 1181, 'blk': None}: om1 1256 pos 4 st1 4 fail1 0 t4 0 t4only 0 t2only 0 rtfail 0 rcfail 0 chain 0 t3c 4 keyfail 0 [0.2 s]
#   unit {'pos': 1183, 'blk': None}: om1 1177 pos 2 st1 2 fail1 0 t4 0 t4only 0 t2only 0 rtfail 0 rcfail 0 chain 0 t3c 2 keyfail 0 [0.2 s]
#   unit {'pos': 1186, 'blk': None}: om1 1353 pos 2 st1 2 fail1 0 t4 0 t4only 0 t2only 0 rtfail 0 rcfail 0 chain 0 t3c 2 keyfail 0 [0.2 s]
#   unit {'pos': 1184, 'blk': None}: om1 1341 pos 8 st1 8 fail1 0 t4 3 t4only 0 t2only 0 rtfail 0 rcfail 0 chain 0 t3c 8 keyfail 0 [0.3 s]
#   unit {'pos': 1185, 'blk': None}: om1 1442 pos 1 st1 1 fail1 0 t4 1 t4only 0 t2only 0 rtfail 0 rcfail 0 chain 0 t3c 1 keyfail 0 [0.3 s]
#   unit {'pos': 1187, 'blk': None}: om1 1349 pos 0 st1 0 fail1 0 t4 0 t4only 0 t2only 0 rtfail 0 rcfail 0 chain 0 t3c 0 keyfail 0 [0.3 s]
#   unit {'pos': 1188, 'blk': None}: om1 1330 pos 9 st1 9 fail1 0 t4 4 t4only 0 t2only 0 rtfail 0 rcfail 0 chain 0 t3c 9 keyfail 0 [0.3 s]
#   unit {'pos': 1182, 'blk': None}: om1 1277 pos 2 st1 2 fail1 0 t4 0 t4only 0 t2only 0 rtfail 0 rcfail 0 chain 0 t3c 2 keyfail 0 [0.7 s]
#   unit {'pos': 1189, 'blk': None}: om1 1397 pos 6 st1 6 fail1 0 t4 3 t4only 0 t2only 0 rtfail 0 rcfail 0 chain 0 t3c 6 keyfail 0 [0.3 s]
#   unit {'pos': 1192, 'blk': None}: om1 1244 pos 7 st1 7 fail1 0 t4 5 t4only 0 t2only 0 rtfail 0 rcfail 0 chain 0 t3c 7 keyfail 0 [0.1 s]
#   unit {'pos': 1191, 'blk': None}: om1 1378 pos 1 st1 1 fail1 0 t4 1 t4only 0 t2only 0 rtfail 0 rcfail 0 chain 0 t3c 1 keyfail 0 [0.2 s]
#   unit {'pos': 1190, 'blk': None}: om1 1404 pos 1 st1 1 fail1 0 t4 0 t4only 0 t2only 0 rtfail 0 rcfail 0 chain 0 t3c 1 keyfail 0 [0.3 s]
#   unit {'pos': 1194, 'blk': None}: om1 1404 pos 0 st1 0 fail1 0 t4 0 t4only 0 t2only 0 rtfail 0 rcfail 0 chain 0 t3c 0 keyfail 0 [0.2 s]
#   unit {'pos': 1195, 'blk': None}: om1 1344 pos 0 st1 0 fail1 0 t4 0 t4only 0 t2only 0 rtfail 0 rcfail 0 chain 0 t3c 0 keyfail 0 [0.2 s]
#   unit {'pos': 1193, 'blk': None}: om1 1358 pos 3 st1 3 fail1 0 t4 2 t4only 0 t2only 0 rtfail 0 rcfail 0 chain 0 t3c 3 keyfail 0 [0.3 s]
#   unit {'pos': 1197, 'blk': None}: om1 1435 pos 3 st1 3 fail1 0 t4 0 t4only 0 t2only 0 rtfail 0 rcfail 0 chain 0 t3c 3 keyfail 0 [0.1 s]
#   unit {'pos': 1196, 'blk': None}: om1 1313 pos 0 st1 0 fail1 0 t4 0 t4only 0 t2only 0 rtfail 0 rcfail 0 chain 0 t3c 0 keyfail 0 [0.2 s]
#   unit {'pos': 1198, 'blk': None}: om1 1482 pos 4 st1 4 fail1 0 t4 4 t4only 0 t2only 0 rtfail 0 rcfail 0 chain 0 t3c 4 keyfail 0 [0.3 s]
#   unit {'pos': 1200, 'blk': None}: om1 1372 pos 5 st1 5 fail1 0 t4 1 t4only 0 t2only 0 rtfail 0 rcfail 0 chain 0 t3c 5 keyfail 0 [0.1 s]
#   unit {'pos': 1201, 'blk': None}: om1 1451 pos 15 st1 15 fail1 0 t4 7 t4only 0 t2only 0 rtfail 0 rcfail 0 chain 0 t3c 15 keyfail 0 [0.2 s]
#   unit {'pos': 1199, 'blk': None}: om1 1450 pos 6 st1 6 fail1 0 t4 6 t4only 0 t2only 0 rtfail 0 rcfail 0 chain 0 t3c 6 keyfail 0 [0.3 s]
#   unit {'pos': 1204, 'blk': None}: om1 1360 pos 4 st1 4 fail1 0 t4 3 t4only 0 t2only 0 rtfail 0 rcfail 0 chain 0 t3c 4 keyfail 0 [0.2 s]
#   unit {'pos': 1202, 'blk': None}: om1 1411 pos 15 st1 15 fail1 0 t4 13 t4only 0 t2only 0 rtfail 0 rcfail 0 chain 0 t3c 15 keyfail 0 [0.2 s]
#   unit {'pos': 1203, 'blk': None}: om1 1414 pos 2 st1 2 fail1 0 t4 0 t4only 0 t2only 0 rtfail 0 rcfail 0 chain 0 t3c 2 keyfail 0 [0.3 s]
#   unit {'pos': 1206, 'blk': None}: om1 1258 pos 3 st1 3 fail1 0 t4 1 t4only 0 t2only 0 rtfail 0 rcfail 0 chain 0 t3c 3 keyfail 0 [0.2 s]
#   unit {'pos': 1207, 'blk': None}: om1 1372 pos 1 st1 1 fail1 0 t4 1 t4only 0 t2only 0 rtfail 0 rcfail 0 chain 0 t3c 1 keyfail 0 [0.2 s]
#   unit {'pos': 1205, 'blk': None}: om1 1314 pos 0 st1 0 fail1 0 t4 0 t4only 0 t2only 0 rtfail 0 rcfail 0 chain 0 t3c 0 keyfail 0 [0.3 s]
#   unit {'pos': 1209, 'blk': None}: om1 1287 pos 0 st1 0 fail1 0 t4 0 t4only 0 t2only 0 rtfail 0 rcfail 0 chain 0 t3c 0 keyfail 0 [0.2 s]
#   unit {'pos': 1210, 'blk': None}: om1 1336 pos 4 st1 4 fail1 0 t4 1 t4only 0 t2only 0 rtfail 0 rcfail 0 chain 0 t3c 4 keyfail 0 [0.2 s]
#   unit {'pos': 1208, 'blk': None}: om1 1359 pos 3 st1 3 fail1 0 t4 0 t4only 0 t2only 0 rtfail 0 rcfail 0 chain 0 t3c 3 keyfail 0 [0.4 s]
#   unit {'pos': 1213, 'blk': None}: om1 1405 pos 0 st1 0 fail1 0 t4 0 t4only 0 t2only 0 rtfail 0 rcfail 0 chain 0 t3c 0 keyfail 0 [0.2 s]
#   unit {'pos': 1212, 'blk': None}: om1 1281 pos 4 st1 4 fail1 0 t4 3 t4only 0 t2only 0 rtfail 0 rcfail 0 chain 0 t3c 4 keyfail 0 [0.2 s]
#   unit {'pos': 1211, 'blk': None}: om1 1297 pos 1 st1 1 fail1 0 t4 0 t4only 0 t2only 0 rtfail 0 rcfail 0 chain 0 t3c 1 keyfail 0 [0.4 s]
#   unit {'pos': 1215, 'blk': None}: om1 1446 pos 3 st1 3 fail1 0 t4 2 t4only 0 t2only 0 rtfail 0 rcfail 0 chain 0 t3c 3 keyfail 0 [0.2 s]
#   unit {'pos': 1214, 'blk': None}: om1 1523 pos 3 st1 3 fail1 0 t4 3 t4only 0 t2only 0 rtfail 0 rcfail 0 chain 0 t3c 3 keyfail 0 [0.4 s]
#   unit {'pos': 1217, 'blk': None}: om1 1384 pos 1 st1 1 fail1 0 t4 1 t4only 0 t2only 0 rtfail 0 rcfail 0 chain 0 t3c 1 keyfail 0 [0.3 s]
#   unit {'pos': 1216, 'blk': None}: om1 1464 pos 1 st1 1 fail1 0 t4 1 t4only 0 t2only 0 rtfail 0 rcfail 0 chain 0 t3c 1 keyfail 0 [0.4 s]
#   unit {'pos': 1218, 'blk': None}: om1 1420 pos 5 st1 5 fail1 0 t4 3 t4only 0 t2only 0 rtfail 0 rcfail 0 chain 0 t3c 5 keyfail 0 [0.2 s]
#   unit {'pos': 1219, 'blk': None}: om1 1355 pos 7 st1 7 fail1 0 t4 3 t4only 0 t2only 0 rtfail 0 rcfail 0 chain 0 t3c 7 keyfail 0 [0.3 s]
#   unit {'pos': 1221, 'blk': None}: om1 1404 pos 4 st1 4 fail1 0 t4 4 t4only 0 t2only 0 rtfail 0 rcfail 0 chain 0 t3c 4 keyfail 0 [0.2 s]
#   unit {'pos': 1222, 'blk': None}: om1 1384 pos 4 st1 4 fail1 0 t4 4 t4only 0 t2only 0 rtfail 0 rcfail 0 chain 0 t3c 4 keyfail 0 [0.2 s]
#   unit {'pos': 1224, 'blk': None}: om1 1413 pos 9 st1 9 fail1 0 t4 8 t4only 0 t2only 0 rtfail 0 rcfail 0 chain 0 t3c 9 keyfail 0 [0.2 s]
#   unit {'pos': 1223, 'blk': None}: om1 1429 pos 3 st1 3 fail1 0 t4 0 t4only 0 t2only 0 rtfail 0 rcfail 0 chain 0 t3c 3 keyfail 0 [0.3 s]
#   unit {'pos': 1220, 'blk': None}: om1 1405 pos 2 st1 2 fail1 0 t4 1 t4only 0 t2only 0 rtfail 0 rcfail 0 chain 0 t3c 2 keyfail 0 [0.5 s]
#   unit {'pos': 1225, 'blk': None}: om1 1368 pos 0 st1 0 fail1 0 t4 0 t4only 0 t2only 0 rtfail 0 rcfail 0 chain 0 t3c 0 keyfail 0 [0.3 s]
#   unit {'pos': 1227, 'blk': None}: om1 1424 pos 0 st1 0 fail1 0 t4 0 t4only 0 t2only 0 rtfail 0 rcfail 0 chain 0 t3c 0 keyfail 0 [0.2 s]
#   unit {'pos': 1226, 'blk': None}: om1 1453 pos 0 st1 0 fail1 0 t4 0 t4only 0 t2only 0 rtfail 0 rcfail 0 chain 0 t3c 0 keyfail 0 [0.2 s]
#   unit {'pos': 1228, 'blk': None}: om1 1305 pos 8 st1 8 fail1 0 t4 3 t4only 0 t2only 0 rtfail 0 rcfail 0 chain 0 t3c 8 keyfail 0 [0.2 s]
#   unit {'pos': 1229, 'blk': None}: om1 1431 pos 3 st1 3 fail1 0 t4 1 t4only 0 t2only 0 rtfail 0 rcfail 0 chain 0 t3c 3 keyfail 0 [0.2 s]
#   unit {'pos': 1230, 'blk': None}: om1 1395 pos 9 st1 9 fail1 0 t4 3 t4only 0 t2only 0 rtfail 0 rcfail 0 chain 0 t3c 9 keyfail 0 [0.1 s]
#   unit {'pos': 1231, 'blk': None}: om1 1400 pos 4 st1 4 fail1 0 t4 3 t4only 0 t2only 0 rtfail 0 rcfail 0 chain 0 t3c 4 keyfail 0 [0.1 s]
#   unit {'pos': 1233, 'blk': None}: om1 1363 pos 4 st1 4 fail1 0 t4 3 t4only 0 t2only 0 rtfail 0 rcfail 0 chain 0 t3c 4 keyfail 0 [0.1 s]
#   unit {'pos': 1232, 'blk': None}: om1 1407 pos 4 st1 4 fail1 0 t4 0 t4only 0 t2only 0 rtfail 0 rcfail 0 chain 0 t3c 4 keyfail 0 [0.2 s]
#   unit {'pos': 1236, 'blk': None}: om1 1402 pos 6 st1 6 fail1 0 t4 2 t4only 0 t2only 0 rtfail 0 rcfail 0 chain 0 t3c 6 keyfail 0 [0.1 s]
#   unit {'pos': 1237, 'blk': None}: om1 1403 pos 9 st1 9 fail1 0 t4 1 t4only 0 t2only 0 rtfail 0 rcfail 0 chain 0 t3c 9 keyfail 0 [0.2 s]
#   unit {'pos': 1238, 'blk': None}: om1 1311 pos 2 st1 2 fail1 0 t4 1 t4only 0 t2only 0 rtfail 0 rcfail 0 chain 0 t3c 2 keyfail 0 [0.1 s]
#   unit {'pos': 1239, 'blk': None}: om1 1368 pos 1 st1 1 fail1 0 t4 0 t4only 0 t2only 0 rtfail 0 rcfail 0 chain 0 t3c 1 keyfail 0 [0.2 s]
#   unit {'pos': 1234, 'blk': None}: om1 1394 pos 5 st1 5 fail1 0 t4 2 t4only 0 t2only 0 rtfail 0 rcfail 0 chain 0 t3c 5 keyfail 0 [0.5 s]
#   unit {'pos': 1240, 'blk': None}: om1 1397 pos 5 st1 5 fail1 0 t4 1 t4only 0 t2only 0 rtfail 0 rcfail 0 chain 0 t3c 5 keyfail 0 [0.2 s]
#   unit {'pos': 1235, 'blk': None}: om1 1435 pos 6 st1 6 fail1 0 t4 5 t4only 0 t2only 0 rtfail 0 rcfail 0 chain 0 t3c 6 keyfail 0 [0.8 s]
#   unit {'pos': 1241, 'blk': None}: om1 1373 pos 4 st1 4 fail1 0 t4 0 t4only 0 t2only 0 rtfail 0 rcfail 0 chain 0 t3c 4 keyfail 0 [0.3 s]
#   unit {'pos': 1243, 'blk': None}: om1 1365 pos 2 st1 2 fail1 0 t4 1 t4only 0 t2only 0 rtfail 0 rcfail 0 chain 0 t3c 2 keyfail 0 [0.2 s]
#   unit {'pos': 1242, 'blk': None}: om1 1397 pos 7 st1 7 fail1 0 t4 6 t4only 0 t2only 0 rtfail 0 rcfail 0 chain 0 t3c 7 keyfail 0 [0.3 s]
#   unit {'pos': 1247, 'blk': None}: om1 1376 pos 10 st1 10 fail1 0 t4 3 t4only 0 t2only 0 rtfail 0 rcfail 0 chain 0 t3c 10 keyfail 0 [0.2 s]
#   unit {'pos': 1245, 'blk': None}: om1 1322 pos 2 st1 2 fail1 0 t4 0 t4only 0 t2only 0 rtfail 0 rcfail 0 chain 0 t3c 2 keyfail 0 [0.3 s]
#   unit {'pos': 1246, 'blk': None}: om1 1365 pos 3 st1 3 fail1 0 t4 3 t4only 0 t2only 0 rtfail 0 rcfail 0 chain 0 t3c 3 keyfail 0 [0.3 s]
#   unit {'pos': 1244, 'blk': None}: om1 1392 pos 0 st1 0 fail1 0 t4 0 t4only 0 t2only 0 rtfail 0 rcfail 0 chain 0 t3c 0 keyfail 0 [0.4 s]
#   unit {'pos': 1251, 'blk': None}: om1 1256 pos 4 st1 4 fail1 0 t4 4 t4only 0 t2only 0 rtfail 0 rcfail 0 chain 0 t3c 4 keyfail 0 [0.2 s]
#   unit {'pos': 1250, 'blk': None}: om1 1351 pos 6 st1 6 fail1 0 t4 2 t4only 0 t2only 0 rtfail 0 rcfail 0 chain 0 t3c 6 keyfail 0 [0.3 s]
#   unit {'pos': 1249, 'blk': None}: om1 1349 pos 1 st1 1 fail1 0 t4 0 t4only 0 t2only 0 rtfail 0 rcfail 0 chain 0 t3c 1 keyfail 0 [0.4 s]
#   unit {'pos': 1252, 'blk': None}: om1 1313 pos 5 st1 5 fail1 0 t4 5 t4only 0 t2only 0 rtfail 0 rcfail 0 chain 0 t3c 5 keyfail 0 [0.2 s]
#   unit {'pos': 1248, 'blk': None}: om1 1336 pos 8 st1 8 fail1 0 t4 6 t4only 0 t2only 0 rtfail 0 rcfail 0 chain 0 t3c 8 keyfail 0 [0.5 s]
#   unit {'pos': 1253, 'blk': None}: om1 1311 pos 3 st1 3 fail1 0 t4 3 t4only 0 t2only 0 rtfail 0 rcfail 0 chain 0 t3c 3 keyfail 0 [0.2 s]
#   unit {'pos': 1255, 'blk': None}: om1 1367 pos 1 st1 1 fail1 0 t4 0 t4only 0 t2only 0 rtfail 0 rcfail 0 chain 0 t3c 1 keyfail 0 [0.2 s]
#   unit {'pos': 1254, 'blk': None}: om1 1356 pos 5 st1 5 fail1 0 t4 2 t4only 0 t2only 0 rtfail 0 rcfail 0 chain 0 t3c 5 keyfail 0 [0.3 s]
#   unit {'pos': 1256, 'blk': None}: om1 1307 pos 3 st1 3 fail1 0 t4 1 t4only 0 t2only 0 rtfail 0 rcfail 0 chain 0 t3c 3 keyfail 0 [0.2 s]
#   unit {'pos': 1259, 'blk': None}: om1 1307 pos 1 st1 1 fail1 0 t4 1 t4only 0 t2only 0 rtfail 0 rcfail 0 chain 0 t3c 1 keyfail 0 [0.2 s]
#   unit {'pos': 1260, 'blk': None}: om1 1402 pos 1 st1 1 fail1 0 t4 0 t4only 0 t2only 0 rtfail 0 rcfail 0 chain 0 t3c 1 keyfail 0 [0.2 s]
#   unit {'pos': 1257, 'blk': None}: om1 1350 pos 4 st1 4 fail1 0 t4 4 t4only 0 t2only 0 rtfail 0 rcfail 0 chain 0 t3c 4 keyfail 0 [0.3 s]
#   unit {'pos': 1258, 'blk': None}: om1 1395 pos 2 st1 2 fail1 0 t4 1 t4only 0 t2only 0 rtfail 0 rcfail 0 chain 0 t3c 2 keyfail 0 [0.3 s]
#   unit {'pos': 1261, 'blk': None}: om1 1346 pos 2 st1 2 fail1 0 t4 1 t4only 0 t2only 0 rtfail 0 rcfail 0 chain 0 t3c 2 keyfail 0 [0.2 s]
#   unit {'pos': 1262, 'blk': None}: om1 1326 pos 4 st1 4 fail1 0 t4 2 t4only 0 t2only 0 rtfail 0 rcfail 0 chain 0 t3c 4 keyfail 0 [0.2 s]
#   unit {'pos': 1265, 'blk': None}: om1 1297 pos 2 st1 2 fail1 0 t4 2 t4only 0 t2only 0 rtfail 0 rcfail 0 chain 0 t3c 2 keyfail 0 [0.1 s]
#   unit {'pos': 1266, 'blk': None}: om1 1376 pos 6 st1 6 fail1 0 t4 1 t4only 0 t2only 0 rtfail 0 rcfail 0 chain 0 t3c 6 keyfail 0 [0.2 s]
#   unit {'pos': 1264, 'blk': None}: om1 1387 pos 10 st1 10 fail1 0 t4 7 t4only 0 t2only 0 rtfail 0 rcfail 0 chain 0 t3c 9 keyfail 0 [0.3 s]
#   unit {'pos': 1263, 'blk': None}: om1 1317 pos 0 st1 0 fail1 0 t4 0 t4only 0 t2only 0 rtfail 0 rcfail 0 chain 0 t3c 0 keyfail 0 [0.3 s]
#   unit {'pos': 1267, 'blk': None}: om1 1317 pos 0 st1 0 fail1 0 t4 0 t4only 0 t2only 0 rtfail 0 rcfail 0 chain 0 t3c 0 keyfail 0 [0.1 s]
#   unit {'pos': 1269, 'blk': None}: om1 1352 pos 1 st1 1 fail1 0 t4 1 t4only 0 t2only 0 rtfail 0 rcfail 0 chain 0 t3c 1 keyfail 0 [0.1 s]
#   unit {'pos': 1271, 'blk': None}: om1 1398 pos 2 st1 2 fail1 0 t4 1 t4only 0 t2only 0 rtfail 0 rcfail 0 chain 0 t3c 2 keyfail 0 [0.1 s]
#   unit {'pos': 1272, 'blk': None}: om1 1413 pos 8 st1 8 fail1 0 t4 7 t4only 0 t2only 0 rtfail 0 rcfail 0 chain 0 t3c 8 keyfail 0 [0.1 s]
#   unit {'pos': 1270, 'blk': None}: om1 1267 pos 1 st1 1 fail1 0 t4 0 t4only 0 t2only 0 rtfail 0 rcfail 0 chain 0 t3c 1 keyfail 0 [0.3 s]
#   unit {'pos': 1268, 'blk': None}: om1 1372 pos 1 st1 1 fail1 0 t4 0 t4only 0 t2only 0 rtfail 0 rcfail 0 chain 0 t3c 0 keyfail 0 [0.3 s]
#   unit {'pos': 1273, 'blk': None}: om1 1498 pos 1 st1 1 fail1 0 t4 1 t4only 0 t2only 0 rtfail 0 rcfail 0 chain 0 t3c 1 keyfail 0 [0.2 s]
#   unit {'pos': 1276, 'blk': None}: om1 1405 pos 8 st1 8 fail1 0 t4 6 t4only 0 t2only 0 rtfail 0 rcfail 0 chain 0 t3c 8 keyfail 0 [0.2 s]
#   unit {'pos': 1277, 'blk': None}: om1 1410 pos 5 st1 5 fail1 0 t4 4 t4only 0 t2only 0 rtfail 0 rcfail 0 chain 0 t3c 5 keyfail 0 [0.1 s]
#   unit {'pos': 1275, 'blk': None}: om1 1401 pos 2 st1 2 fail1 0 t4 1 t4only 0 t2only 0 rtfail 0 rcfail 0 chain 0 t3c 2 keyfail 0 [0.3 s]
#   unit {'pos': 1278, 'blk': None}: om1 1438 pos 3 st1 3 fail1 0 t4 1 t4only 0 t2only 0 rtfail 0 rcfail 0 chain 0 t3c 3 keyfail 0 [0.2 s]
#   unit {'pos': 1274, 'blk': None}: om1 1420 pos 4 st1 4 fail1 0 t4 4 t4only 0 t2only 0 rtfail 0 rcfail 0 chain 0 t3c 4 keyfail 0 [0.3 s]
#   unit {'pos': 1279, 'blk': None}: om1 1391 pos 10 st1 10 fail1 0 t4 10 t4only 0 t2only 0 rtfail 0 rcfail 0 chain 0 t3c 10 keyfail 0 [0.1 s]
#   unit {'pos': 1280, 'blk': None}: om1 1397 pos 4 st1 4 fail1 0 t4 4 t4only 0 t2only 0 rtfail 0 rcfail 0 chain 0 t3c 4 keyfail 0 [0.2 s]
#   unit {'pos': 1283, 'blk': None}: om1 1360 pos 1 st1 1 fail1 0 t4 1 t4only 0 t2only 0 rtfail 0 rcfail 0 chain 0 t3c 1 keyfail 0 [0.2 s]
#   unit {'pos': 1284, 'blk': None}: om1 1298 pos 3 st1 3 fail1 0 t4 1 t4only 0 t2only 0 rtfail 0 rcfail 0 chain 0 t3c 3 keyfail 0 [0.1 s]
#   unit {'pos': 1281, 'blk': None}: om1 1411 pos 2 st1 2 fail1 0 t4 2 t4only 0 t2only 0 rtfail 0 rcfail 0 chain 0 t3c 2 keyfail 0 [0.3 s]
#   unit {'pos': 1282, 'blk': None}: om1 1369 pos 7 st1 7 fail1 0 t4 7 t4only 0 t2only 0 rtfail 0 rcfail 0 chain 0 t3c 7 keyfail 0 [0.3 s]
#   unit {'pos': 1285, 'blk': None}: om1 1370 pos 6 st1 6 fail1 0 t4 6 t4only 0 t2only 0 rtfail 0 rcfail 0 chain 0 t3c 6 keyfail 0 [0.2 s]
#   unit {'pos': 1289, 'blk': None}: om1 1341 pos 5 st1 5 fail1 0 t4 5 t4only 0 t2only 0 rtfail 0 rcfail 0 chain 0 t3c 5 keyfail 0 [0.2 s]
#   unit {'pos': 1286, 'blk': None}: om1 1397 pos 5 st1 5 fail1 0 t4 4 t4only 0 t2only 0 rtfail 0 rcfail 0 chain 0 t3c 5 keyfail 0 [0.3 s]
#   unit {'pos': 1287, 'blk': None}: om1 1409 pos 2 st1 2 fail1 0 t4 1 t4only 0 t2only 0 rtfail 0 rcfail 0 chain 0 t3c 2 keyfail 0 [0.3 s]
#   unit {'pos': 1288, 'blk': None}: om1 1380 pos 3 st1 3 fail1 0 t4 1 t4only 0 t2only 0 rtfail 0 rcfail 0 chain 0 t3c 3 keyfail 0 [0.3 s]
#   unit {'pos': 1290, 'blk': None}: om1 1347 pos 0 st1 0 fail1 0 t4 0 t4only 0 t2only 0 rtfail 0 rcfail 0 chain 0 t3c 0 keyfail 0 [0.2 s]
#   unit {'pos': 1291, 'blk': None}: om1 1409 pos 10 st1 10 fail1 0 t4 7 t4only 0 t2only 0 rtfail 0 rcfail 0 chain 0 t3c 10 keyfail 0 [0.2 s]
#   unit {'pos': 1293, 'blk': None}: om1 1474 pos 7 st1 7 fail1 0 t4 6 t4only 0 t2only 0 rtfail 0 rcfail 0 chain 0 t3c 7 keyfail 0 [0.2 s]
#   unit {'pos': 1295, 'blk': None}: om1 1402 pos 2 st1 2 fail1 0 t4 1 t4only 0 t2only 0 rtfail 0 rcfail 0 chain 0 t3c 2 keyfail 0 [0.1 s]
#   unit {'pos': 1292, 'blk': None}: om1 1418 pos 14 st1 14 fail1 0 t4 14 t4only 0 t2only 0 rtfail 0 rcfail 0 chain 0 t3c 14 keyfail 0 [0.3 s]
#   unit {'pos': 1296, 'blk': None}: om1 1483 pos 4 st1 4 fail1 0 t4 3 t4only 0 t2only 0 rtfail 0 rcfail 0 chain 0 t3c 4 keyfail 0 [0.2 s]
#   unit {'pos': 1294, 'blk': None}: om1 1475 pos 1 st1 1 fail1 0 t4 0 t4only 0 t2only 0 rtfail 0 rcfail 0 chain 0 t3c 1 keyfail 0 [0.3 s]
#   unit {'pos': 1297, 'blk': None}: om1 1345 pos 17 st1 17 fail1 0 t4 16 t4only 0 t2only 0 rtfail 0 rcfail 0 chain 0 t3c 17 keyfail 0 [0.1 s]
#   unit {'pos': 1298, 'blk': None}: om1 1370 pos 5 st1 5 fail1 0 t4 3 t4only 0 t2only 0 rtfail 0 rcfail 0 chain 0 t3c 5 keyfail 0 [0.2 s]
#   unit {'pos': 1301, 'blk': None}: om1 1322 pos 1 st1 1 fail1 0 t4 1 t4only 0 t2only 0 rtfail 0 rcfail 0 chain 0 t3c 1 keyfail 0 [0.2 s]
#   unit {'pos': 1302, 'blk': None}: om1 1352 pos 8 st1 8 fail1 0 t4 4 t4only 0 t2only 0 rtfail 0 rcfail 0 chain 0 t3c 8 keyfail 0 [0.2 s]
#   unit {'pos': 1299, 'blk': None}: om1 1347 pos 4 st1 4 fail1 0 t4 1 t4only 0 t2only 0 rtfail 0 rcfail 0 chain 0 t3c 4 keyfail 0 [0.4 s]
#   unit {'pos': 1300, 'blk': None}: om1 1348 pos 2 st1 2 fail1 0 t4 1 t4only 0 t2only 0 rtfail 0 rcfail 0 chain 0 t3c 2 keyfail 0 [0.4 s]
#   unit {'pos': 1303, 'blk': None}: om1 1379 pos 2 st1 2 fail1 0 t4 2 t4only 0 t2only 0 rtfail 0 rcfail 0 chain 0 t3c 2 keyfail 0 [0.1 s]
#   unit {'pos': 1305, 'blk': None}: om1 1372 pos 7 st1 7 fail1 0 t4 7 t4only 0 t2only 0 rtfail 0 rcfail 0 chain 0 t3c 7 keyfail 0 [0.1 s]
#   unit {'pos': 1306, 'blk': None}: om1 1247 pos 4 st1 4 fail1 0 t4 4 t4only 0 t2only 0 rtfail 0 rcfail 0 chain 0 t3c 4 keyfail 0 [0.3 s]
#   unit {'pos': 1307, 'blk': None}: om1 1415 pos 4 st1 4 fail1 0 t4 4 t4only 0 t2only 0 rtfail 0 rcfail 0 chain 0 t3c 4 keyfail 0 [0.2 s]
#   unit {'pos': 1304, 'blk': None}: om1 1368 pos 4 st1 4 fail1 0 t4 2 t4only 0 t2only 0 rtfail 0 rcfail 0 chain 0 t3c 4 keyfail 0 [0.3 s]
#   unit {'pos': 1308, 'blk': None}: om1 1337 pos 6 st1 6 fail1 0 t4 4 t4only 0 t2only 0 rtfail 0 rcfail 0 chain 0 t3c 6 keyfail 0 [0.2 s]
#   unit {'pos': 1312, 'blk': None}: om1 1328 pos 3 st1 3 fail1 0 t4 1 t4only 0 t2only 0 rtfail 0 rcfail 0 chain 0 t3c 3 keyfail 0 [0.2 s]
#   unit {'pos': 1309, 'blk': None}: om1 1415 pos 10 st1 10 fail1 0 t4 4 t4only 0 t2only 0 rtfail 0 rcfail 0 chain 0 t3c 10 keyfail 0 [0.3 s]
#   unit {'pos': 1310, 'blk': None}: om1 1388 pos 3 st1 3 fail1 0 t4 3 t4only 0 t2only 0 rtfail 0 rcfail 0 chain 0 t3c 3 keyfail 0 [0.3 s]
#   unit {'pos': 1311, 'blk': None}: om1 1355 pos 0 st1 0 fail1 0 t4 0 t4only 0 t2only 0 rtfail 0 rcfail 0 chain 0 t3c 0 keyfail 0 [0.3 s]
#   unit {'pos': 1313, 'blk': None}: om1 1357 pos 2 st1 2 fail1 0 t4 0 t4only 0 t2only 0 rtfail 0 rcfail 0 chain 0 t3c 2 keyfail 0 [0.2 s]
#   unit {'pos': 1314, 'blk': None}: om1 1440 pos 3 st1 3 fail1 0 t4 3 t4only 0 t2only 0 rtfail 0 rcfail 0 chain 0 t3c 3 keyfail 0 [0.2 s]
#   unit {'pos': 1315, 'blk': None}: om1 1378 pos 2 st1 2 fail1 0 t4 1 t4only 0 t2only 0 rtfail 0 rcfail 0 chain 0 t3c 2 keyfail 0 [0.3 s]
#   unit {'pos': 1318, 'blk': None}: om1 1370 pos 5 st1 5 fail1 0 t4 5 t4only 0 t2only 0 rtfail 0 rcfail 0 chain 0 t3c 5 keyfail 0 [0.2 s]
#   unit {'pos': 1319, 'blk': None}: om1 1391 pos 3 st1 3 fail1 0 t4 2 t4only 0 t2only 0 rtfail 0 rcfail 0 chain 0 t3c 2 keyfail 0 [0.2 s]
#   unit {'pos': 1320, 'blk': None}: om1 1392 pos 4 st1 4 fail1 0 t4 1 t4only 0 t2only 0 rtfail 0 rcfail 0 chain 0 t3c 4 keyfail 0 [0.2 s]
#   unit {'pos': 1321, 'blk': None}: om1 1397 pos 5 st1 5 fail1 0 t4 3 t4only 0 t2only 0 rtfail 0 rcfail 0 chain 0 t3c 5 keyfail 0 [0.2 s]
#   unit {'pos': 1322, 'blk': None}: om1 1366 pos 3 st1 3 fail1 0 t4 0 t4only 0 t2only 0 rtfail 0 rcfail 0 chain 0 t3c 3 keyfail 0 [0.1 s]
#   unit {'pos': 1316, 'blk': None}: om1 1375 pos 0 st1 0 fail1 0 t4 0 t4only 0 t2only 0 rtfail 0 rcfail 0 chain 0 t3c 0 keyfail 0 [0.7 s]
#   unit {'pos': 1323, 'blk': None}: om1 1314 pos 9 st1 9 fail1 0 t4 4 t4only 0 t2only 0 rtfail 0 rcfail 0 chain 0 t3c 9 keyfail 0 [0.2 s]
#   unit {'pos': 1324, 'blk': None}: om1 1357 pos 7 st1 7 fail1 0 t4 7 t4only 0 t2only 0 rtfail 0 rcfail 0 chain 0 t3c 7 keyfail 0 [0.2 s]
#   unit {'pos': 1327, 'blk': None}: om1 1309 pos 1 st1 1 fail1 0 t4 0 t4only 0 t2only 0 rtfail 0 rcfail 0 chain 0 t3c 1 keyfail 0 [0.2 s]
#   unit {'pos': 1317, 'blk': None}: om1 1416 pos 0 st1 0 fail1 0 t4 0 t4only 0 t2only 0 rtfail 0 rcfail 0 chain 0 t3c 0 keyfail 0 [0.9 s]
#   unit {'pos': 1325, 'blk': None}: om1 1326 pos 0 st1 0 fail1 0 t4 0 t4only 0 t2only 0 rtfail 0 rcfail 0 chain 0 t3c 0 keyfail 0 [0.3 s]
#   unit {'pos': 1326, 'blk': None}: om1 1307 pos 1 st1 1 fail1 0 t4 1 t4only 0 t2only 0 rtfail 0 rcfail 0 chain 0 t3c 1 keyfail 0 [0.3 s]
#   unit {'pos': 1328, 'blk': None}: om1 1311 pos 0 st1 0 fail1 0 t4 0 t4only 0 t2only 0 rtfail 0 rcfail 0 chain 0 t3c 0 keyfail 0 [0.2 s]
#   unit {'pos': 1329, 'blk': None}: om1 1304 pos 12 st1 12 fail1 0 t4 8 t4only 0 t2only 0 rtfail 0 rcfail 0 chain 0 t3c 12 keyfail 0 [0.3 s]
#   unit {'pos': 1331, 'blk': None}: om1 1285 pos 3 st1 3 fail1 0 t4 1 t4only 0 t2only 0 rtfail 0 rcfail 0 chain 0 t3c 3 keyfail 0 [0.2 s]
#   unit {'pos': 1334, 'blk': None}: om1 1286 pos 0 st1 0 fail1 0 t4 0 t4only 0 t2only 0 rtfail 0 rcfail 0 chain 0 t3c 0 keyfail 0 [0.1 s]
#   unit {'pos': 1333, 'blk': None}: om1 1290 pos 0 st1 0 fail1 0 t4 0 t4only 0 t2only 0 rtfail 0 rcfail 0 chain 0 t3c 0 keyfail 0 [0.2 s]
#   unit {'pos': 1332, 'blk': None}: om1 1352 pos 12 st1 12 fail1 0 t4 2 t4only 0 t2only 0 rtfail 0 rcfail 0 chain 0 t3c 12 keyfail 0 [0.3 s]
#   unit {'pos': 1330, 'blk': None}: om1 1311 pos 2 st1 2 fail1 0 t4 2 t4only 0 t2only 0 rtfail 0 rcfail 0 chain 0 t3c 2 keyfail 0 [0.5 s]
#   unit {'pos': 1335, 'blk': None}: om1 1206 pos 0 st1 0 fail1 0 t4 0 t4only 0 t2only 0 rtfail 0 rcfail 0 chain 0 t3c 0 keyfail 0 [0.1 s]
#   unit {'pos': 1336, 'blk': None}: om1 1225 pos 0 st1 0 fail1 0 t4 0 t4only 0 t2only 0 rtfail 0 rcfail 0 chain 0 t3c 0 keyfail 0 [0.1 s]
#   unit {'pos': 1337, 'blk': None}: om1 1111 pos 0 st1 0 fail1 0 t4 0 t4only 0 t2only 0 rtfail 0 rcfail 0 chain 0 t3c 0 keyfail 0 [0.1 s]
#   unit {'pos': 1340, 'blk': None}: om1 1037 pos 0 st1 0 fail1 0 t4 0 t4only 0 t2only 0 rtfail 0 rcfail 0 chain 0 t3c 0 keyfail 0 [0.1 s]
#   unit {'pos': 1338, 'blk': None}: om1 1027 pos 0 st1 0 fail1 0 t4 0 t4only 0 t2only 0 rtfail 0 rcfail 0 chain 0 t3c 0 keyfail 0 [0.2 s]
#   unit {'pos': 1341, 'blk': None}: om1 969 pos 0 st1 0 fail1 0 t4 0 t4only 0 t2only 0 rtfail 0 rcfail 0 chain 0 t3c 0 keyfail 0 [0.1 s]
#   unit {'pos': 1342, 'blk': None}: om1 1038 pos 0 st1 0 fail1 0 t4 0 t4only 0 t2only 0 rtfail 0 rcfail 0 chain 0 t3c 0 keyfail 0 [0.1 s]
#   unit {'pos': 1339, 'blk': None}: om1 1037 pos 0 st1 0 fail1 0 t4 0 t4only 0 t2only 0 rtfail 0 rcfail 0 chain 0 t3c 0 keyfail 0 [0.2 s]
#   unit {'pos': 1343, 'blk': None}: om1 1043 pos 0 st1 0 fail1 0 t4 0 t4only 0 t2only 0 rtfail 0 rcfail 0 chain 0 t3c 0 keyfail 0 [0.1 s]
#   unit {'pos': 1344, 'blk': None}: om1 1059 pos 0 st1 0 fail1 0 t4 0 t4only 0 t2only 0 rtfail 0 rcfail 0 chain 0 t3c 0 keyfail 0 [0.1 s]
#   unit {'pos': 1346, 'blk': None}: om1 1058 pos 0 st1 0 fail1 0 t4 0 t4only 0 t2only 0 rtfail 0 rcfail 0 chain 0 t3c 0 keyfail 0 [0.1 s]
#   unit {'pos': 1347, 'blk': None}: om1 997 pos 1 st1 1 fail1 0 t4 1 t4only 0 t2only 0 rtfail 0 rcfail 0 chain 0 t3c 1 keyfail 0 [0.1 s]
#   unit {'pos': 1348, 'blk': None}: om1 1060 pos 1 st1 1 fail1 0 t4 1 t4only 0 t2only 0 rtfail 0 rcfail 0 chain 0 t3c 1 keyfail 0 [0.2 s]
#   unit {'pos': 1349, 'blk': None}: om1 1099 pos 0 st1 0 fail1 0 t4 0 t4only 0 t2only 0 rtfail 0 rcfail 0 chain 0 t3c 0 keyfail 0 [0.1 s]
#   unit {'pos': 1350, 'blk': None}: om1 1101 pos 0 st1 0 fail1 0 t4 0 t4only 0 t2only 0 rtfail 0 rcfail 0 chain 0 t3c 0 keyfail 0 [0.1 s]
#   unit {'pos': 1345, 'blk': None}: om1 1014 pos 0 st1 0 fail1 0 t4 0 t4only 0 t2only 0 rtfail 0 rcfail 0 chain 0 t3c 0 keyfail 0 [0.3 s]
#   unit {'pos': 1351, 'blk': None}: om1 1092 pos 1 st1 1 fail1 0 t4 1 t4only 0 t2only 0 rtfail 0 rcfail 0 chain 0 t3c 1 keyfail 0 [0.1 s]
#   unit {'pos': 1353, 'blk': None}: om1 1018 pos 0 st1 0 fail1 0 t4 0 t4only 0 t2only 0 rtfail 0 rcfail 0 chain 0 t3c 0 keyfail 0 [0.1 s]
#   unit {'pos': 1355, 'blk': None}: om1 1017 pos 0 st1 0 fail1 0 t4 0 t4only 0 t2only 0 rtfail 0 rcfail 0 chain 0 t3c 0 keyfail 0 [0.1 s]
#   unit {'pos': 1352, 'blk': None}: om1 1034 pos 0 st1 0 fail1 0 t4 0 t4only 0 t2only 0 rtfail 0 rcfail 0 chain 0 t3c 0 keyfail 0 [0.2 s]
#   unit {'pos': 1356, 'blk': None}: om1 984 pos 0 st1 0 fail1 0 t4 0 t4only 0 t2only 0 rtfail 0 rcfail 0 chain 0 t3c 0 keyfail 0 [0.1 s]
#   unit {'pos': 1354, 'blk': None}: om1 1041 pos 0 st1 0 fail1 0 t4 0 t4only 0 t2only 0 rtfail 0 rcfail 0 chain 0 t3c 0 keyfail 0 [0.2 s]
#   unit {'pos': 1357, 'blk': None}: om1 966 pos 0 st1 0 fail1 0 t4 0 t4only 0 t2only 0 rtfail 0 rcfail 0 chain 0 t3c 0 keyfail 0 [0.1 s]
#   unit {'pos': 1359, 'blk': None}: om1 1044 pos 2 st1 2 fail1 0 t4 2 t4only 0 t2only 0 rtfail 0 rcfail 0 chain 0 t3c 2 keyfail 0 [0.1 s]
#   unit {'pos': 1358, 'blk': None}: om1 1063 pos 0 st1 0 fail1 0 t4 0 t4only 0 t2only 0 rtfail 0 rcfail 0 chain 0 t3c 0 keyfail 0 [0.2 s]
#   unit {'pos': 1360, 'blk': None}: om1 1039 pos 0 st1 0 fail1 0 t4 0 t4only 0 t2only 0 rtfail 0 rcfail 0 chain 0 t3c 0 keyfail 0 [0.2 s]
#   unit {'pos': 1362, 'blk': None}: om1 982 pos 0 st1 0 fail1 0 t4 0 t4only 0 t2only 0 rtfail 0 rcfail 0 chain 0 t3c 0 keyfail 0 [0.2 s]
#   unit {'pos': 1361, 'blk': None}: om1 1039 pos 0 st1 0 fail1 0 t4 0 t4only 0 t2only 0 rtfail 0 rcfail 0 chain 0 t3c 0 keyfail 0 [0.2 s]
#   unit {'pos': 1363, 'blk': None}: om1 1011 pos 0 st1 0 fail1 0 t4 0 t4only 0 t2only 0 rtfail 0 rcfail 0 chain 0 t3c 0 keyfail 0 [0.2 s]
#   unit {'pos': 1364, 'blk': None}: om1 996 pos 2 st1 2 fail1 0 t4 2 t4only 0 t2only 0 rtfail 0 rcfail 0 chain 0 t3c 2 keyfail 0 [0.2 s]
#   unit {'pos': 1366, 'blk': None}: om1 953 pos 0 st1 0 fail1 0 t4 0 t4only 0 t2only 0 rtfail 0 rcfail 0 chain 0 t3c 0 keyfail 0 [0.2 s]
#   unit {'pos': 1365, 'blk': None}: om1 1025 pos 0 st1 0 fail1 0 t4 0 t4only 0 t2only 0 rtfail 0 rcfail 0 chain 0 t3c 0 keyfail 0 [0.2 s]
#   unit {'pos': 1367, 'blk': None}: om1 953 pos 0 st1 0 fail1 0 t4 0 t4only 0 t2only 0 rtfail 0 rcfail 0 chain 0 t3c 0 keyfail 0 [0.2 s]
#   unit {'pos': 1369, 'blk': None}: om1 876 pos 0 st1 0 fail1 0 t4 0 t4only 0 t2only 0 rtfail 0 rcfail 0 chain 0 t3c 0 keyfail 0 [0.2 s]
#   unit {'pos': 1368, 'blk': None}: om1 878 pos 2 st1 2 fail1 0 t4 2 t4only 0 t2only 0 rtfail 0 rcfail 0 chain 0 t3c 2 keyfail 0 [0.2 s]
#   unit {'pos': 1370, 'blk': None}: om1 900 pos 0 st1 0 fail1 0 t4 0 t4only 0 t2only 0 rtfail 0 rcfail 0 chain 0 t3c 0 keyfail 0 [0.2 s]
#   unit {'pos': 1371, 'blk': None}: om1 865 pos 4 st1 4 fail1 0 t4 2 t4only 0 t2only 0 rtfail 0 rcfail 0 chain 0 t3c 4 keyfail 0 [0.2 s]
#   unit {'pos': 1372, 'blk': None}: om1 834 pos 1 st1 1 fail1 0 t4 0 t4only 0 t2only 0 rtfail 0 rcfail 0 chain 0 t3c 1 keyfail 0 [0.2 s]
#   unit {'pos': 1373, 'blk': None}: om1 870 pos 0 st1 0 fail1 0 t4 0 t4only 0 t2only 0 rtfail 0 rcfail 0 chain 0 t3c 0 keyfail 0 [0.2 s]
#   unit {'pos': 1374, 'blk': None}: om1 815 pos 0 st1 0 fail1 0 t4 0 t4only 0 t2only 0 rtfail 0 rcfail 0 chain 0 t3c 0 keyfail 0 [0.2 s]
#   unit {'pos': 1375, 'blk': None}: om1 857 pos 6 st1 6 fail1 0 t4 4 t4only 0 t2only 0 rtfail 0 rcfail 0 chain 0 t3c 6 keyfail 0 [0.2 s]
#   unit {'pos': 1378, 'blk': None}: om1 878 pos 1 st1 1 fail1 0 t4 1 t4only 0 t2only 0 rtfail 0 rcfail 0 chain 0 t3c 1 keyfail 0 [0.1 s]
#   unit {'pos': 1377, 'blk': None}: om1 946 pos 0 st1 0 fail1 0 t4 0 t4only 0 t2only 0 rtfail 0 rcfail 0 chain 0 t3c 0 keyfail 0 [0.2 s]
#   unit {'pos': 1379, 'blk': None}: om1 942 pos 0 st1 0 fail1 0 t4 0 t4only 0 t2only 0 rtfail 0 rcfail 0 chain 0 t3c 0 keyfail 0 [0.1 s]
#   unit {'pos': 1380, 'blk': None}: om1 860 pos 0 st1 0 fail1 0 t4 0 t4only 0 t2only 0 rtfail 0 rcfail 0 chain 0 t3c 0 keyfail 0 [0.2 s]
#   unit {'pos': 1376, 'blk': None}: om1 826 pos 2 st1 2 fail1 0 t4 2 t4only 0 t2only 0 rtfail 0 rcfail 0 chain 0 t3c 2 keyfail 0 [0.4 s]
#   unit {'pos': 1381, 'blk': None}: om1 864 pos 1 st1 1 fail1 0 t4 1 t4only 0 t2only 0 rtfail 0 rcfail 0 chain 0 t3c 1 keyfail 0 [0.2 s]
#   unit {'pos': 1385, 'blk': None}: om1 855 pos 0 st1 0 fail1 0 t4 0 t4only 0 t2only 0 rtfail 0 rcfail 0 chain 0 t3c 0 keyfail 0 [0.1 s]
#   unit {'pos': 1382, 'blk': None}: om1 924 pos 2 st1 2 fail1 0 t4 0 t4only 0 t2only 0 rtfail 0 rcfail 0 chain 0 t3c 2 keyfail 0 [0.2 s]
#   unit {'pos': 1383, 'blk': None}: om1 863 pos 1 st1 1 fail1 0 t4 1 t4only 0 t2only 0 rtfail 0 rcfail 0 chain 0 t3c 1 keyfail 0 [0.2 s]
#   unit {'pos': 1388, 'blk': None}: om1 880 pos 1 st1 1 fail1 0 t4 1 t4only 0 t2only 0 rtfail 0 rcfail 0 chain 0 t3c 1 keyfail 0 [0.1 s]
#   unit {'pos': 1386, 'blk': None}: om1 900 pos 5 st1 5 fail1 0 t4 4 t4only 0 t2only 0 rtfail 0 rcfail 0 chain 0 t3c 5 keyfail 0 [0.2 s]
#   unit {'pos': 1387, 'blk': None}: om1 890 pos 0 st1 0 fail1 0 t4 0 t4only 0 t2only 0 rtfail 0 rcfail 0 chain 0 t3c 0 keyfail 0 [0.2 s]
#   unit {'pos': 1384, 'blk': None}: om1 915 pos 0 st1 0 fail1 0 t4 0 t4only 0 t2only 0 rtfail 0 rcfail 0 chain 0 t3c 0 keyfail 0 [0.4 s]
#   unit {'pos': 1389, 'blk': None}: om1 882 pos 1 st1 1 fail1 0 t4 1 t4only 0 t2only 0 rtfail 0 rcfail 0 chain 0 t3c 1 keyfail 0 [0.1 s]
#   unit {'pos': 1393, 'blk': None}: om1 865 pos 1 st1 1 fail1 0 t4 1 t4only 0 t2only 0 rtfail 0 rcfail 0 chain 0 t3c 1 keyfail 0 [0.1 s]
#   unit {'pos': 1390, 'blk': None}: om1 843 pos 6 st1 6 fail1 0 t4 6 t4only 0 t2only 0 rtfail 0 rcfail 0 chain 0 t3c 6 keyfail 0 [0.3 s]
#   unit {'pos': 1394, 'blk': None}: om1 957 pos 2 st1 2 fail1 0 t4 2 t4only 0 t2only 0 rtfail 0 rcfail 0 chain 0 t3c 2 keyfail 0 [0.1 s]
#   unit {'pos': 1392, 'blk': None}: om1 880 pos 0 st1 0 fail1 0 t4 0 t4only 0 t2only 0 rtfail 0 rcfail 0 chain 0 t3c 0 keyfail 0 [0.3 s]
#   unit {'pos': 1391, 'blk': None}: om1 838 pos 2 st1 2 fail1 0 t4 1 t4only 0 t2only 0 rtfail 0 rcfail 0 chain 0 t3c 2 keyfail 0 [0.3 s]
#   unit {'pos': 1396, 'blk': None}: om1 963 pos 4 st1 4 fail1 0 t4 4 t4only 0 t2only 0 rtfail 0 rcfail 0 chain 0 t3c 4 keyfail 0 [0.2 s]
#   unit {'pos': 1395, 'blk': None}: om1 877 pos 0 st1 0 fail1 0 t4 0 t4only 0 t2only 0 rtfail 0 rcfail 0 chain 0 t3c 0 keyfail 0 [0.2 s]
#   unit {'pos': 1397, 'blk': None}: om1 902 pos 3 st1 3 fail1 0 t4 0 t4only 0 t2only 0 rtfail 0 rcfail 0 chain 0 t3c 3 keyfail 0 [0.2 s]
#   unit {'pos': 1398, 'blk': None}: om1 922 pos 2 st1 2 fail1 0 t4 1 t4only 0 t2only 0 rtfail 0 rcfail 0 chain 0 t3c 2 keyfail 0 [0.3 s]
#   unit {'pos': 1400, 'blk': None}: om1 888 pos 3 st1 3 fail1 0 t4 3 t4only 0 t2only 0 rtfail 0 rcfail 0 chain 0 t3c 3 keyfail 0 [0.2 s]
#   unit {'pos': 1401, 'blk': None}: om1 951 pos 0 st1 0 fail1 0 t4 0 t4only 0 t2only 0 rtfail 0 rcfail 0 chain 0 t3c 0 keyfail 0 [0.2 s]
#   unit {'pos': 1399, 'blk': None}: om1 866 pos 2 st1 2 fail1 0 t4 1 t4only 0 t2only 0 rtfail 0 rcfail 0 chain 0 t3c 2 keyfail 0 [0.3 s]
#   unit {'pos': 1402, 'blk': None}: om1 868 pos 1 st1 1 fail1 0 t4 0 t4only 0 t2only 0 rtfail 0 rcfail 0 chain 0 t3c 0 keyfail 0 [0.2 s]
#   unit {'pos': 1404, 'blk': None}: om1 870 pos 0 st1 0 fail1 0 t4 0 t4only 0 t2only 0 rtfail 0 rcfail 0 chain 0 t3c 0 keyfail 0 [0.2 s]
#   unit {'pos': 1406, 'blk': None}: om1 931 pos 3 st1 3 fail1 0 t4 3 t4only 0 t2only 0 rtfail 0 rcfail 0 chain 0 t3c 3 keyfail 0 [0.1 s]
#   unit {'pos': 1405, 'blk': None}: om1 886 pos 0 st1 0 fail1 0 t4 0 t4only 0 t2only 0 rtfail 0 rcfail 0 chain 0 t3c 0 keyfail 0 [0.2 s]
#   unit {'pos': 1407, 'blk': None}: om1 903 pos 0 st1 0 fail1 0 t4 0 t4only 0 t2only 0 rtfail 0 rcfail 0 chain 0 t3c 0 keyfail 0 [0.1 s]
#   unit {'pos': 1403, 'blk': None}: om1 910 pos 5 st1 5 fail1 0 t4 4 t4only 0 t2only 0 rtfail 0 rcfail 0 chain 0 t3c 5 keyfail 0 [0.4 s]
#   unit {'pos': 1408, 'blk': None}: om1 904 pos 3 st1 3 fail1 0 t4 2 t4only 0 t2only 0 rtfail 0 rcfail 0 chain 0 t3c 3 keyfail 0 [0.2 s]
#   unit {'pos': 1409, 'blk': None}: om1 873 pos 0 st1 0 fail1 0 t4 0 t4only 0 t2only 0 rtfail 0 rcfail 0 chain 0 t3c 0 keyfail 0 [0.2 s]
#   unit {'pos': 1410, 'blk': None}: om1 912 pos 2 st1 2 fail1 0 t4 2 t4only 0 t2only 0 rtfail 0 rcfail 0 chain 0 t3c 2 keyfail 0 [0.2 s]
#   unit {'pos': 1411, 'blk': None}: om1 851 pos 3 st1 3 fail1 0 t4 3 t4only 0 t2only 0 rtfail 0 rcfail 0 chain 0 t3c 3 keyfail 0 [0.2 s]
#   unit {'pos': 1412, 'blk': None}: om1 871 pos 0 st1 0 fail1 0 t4 0 t4only 0 t2only 0 rtfail 0 rcfail 0 chain 0 t3c 0 keyfail 0 [0.2 s]
#   unit {'pos': 1413, 'blk': None}: om1 889 pos 2 st1 2 fail1 0 t4 0 t4only 0 t2only 0 rtfail 0 rcfail 0 chain 0 t3c 2 keyfail 0 [0.2 s]
#   unit {'pos': 1414, 'blk': None}: om1 870 pos 3 st1 3 fail1 0 t4 2 t4only 0 t2only 0 rtfail 0 rcfail 0 chain 0 t3c 3 keyfail 0 [0.2 s]
#   unit {'pos': 1415, 'blk': None}: om1 876 pos 3 st1 3 fail1 0 t4 2 t4only 0 t2only 0 rtfail 0 rcfail 0 chain 0 t3c 3 keyfail 0 [0.2 s]
#   unit {'pos': 1416, 'blk': None}: om1 906 pos 3 st1 3 fail1 0 t4 2 t4only 0 t2only 0 rtfail 0 rcfail 0 chain 0 t3c 3 keyfail 0 [0.2 s]
#   unit {'pos': 1417, 'blk': None}: om1 820 pos 1 st1 1 fail1 0 t4 0 t4only 0 t2only 0 rtfail 0 rcfail 0 chain 0 t3c 1 keyfail 0 [0.2 s]
#   unit {'pos': 1418, 'blk': None}: om1 922 pos 2 st1 2 fail1 0 t4 2 t4only 0 t2only 0 rtfail 0 rcfail 0 chain 0 t3c 2 keyfail 0 [0.2 s]
#   unit {'pos': 1419, 'blk': None}: om1 863 pos 2 st1 2 fail1 0 t4 1 t4only 0 t2only 0 rtfail 0 rcfail 0 chain 0 t3c 2 keyfail 0 [0.2 s]
#   unit {'pos': 1421, 'blk': None}: om1 864 pos 2 st1 2 fail1 0 t4 1 t4only 0 t2only 0 rtfail 0 rcfail 0 chain 0 t3c 2 keyfail 0 [0.1 s]
#   unit {'pos': 1424, 'blk': None}: om1 864 pos 1 st1 1 fail1 0 t4 1 t4only 0 t2only 0 rtfail 0 rcfail 0 chain 0 t3c 1 keyfail 0 [0.2 s]
#   unit {'pos': 1422, 'blk': None}: om1 904 pos 2 st1 2 fail1 0 t4 1 t4only 0 t2only 0 rtfail 0 rcfail 0 chain 0 t3c 1 keyfail 0 [0.2 s]
#   unit {'pos': 1420, 'blk': None}: om1 845 pos 1 st1 1 fail1 0 t4 1 t4only 0 t2only 0 rtfail 0 rcfail 0 chain 0 t3c 1 keyfail 0 [0.3 s]
#   unit {'pos': 1423, 'blk': None}: om1 908 pos 5 st1 5 fail1 0 t4 5 t4only 0 t2only 0 rtfail 0 rcfail 0 chain 0 t3c 5 keyfail 0 [0.2 s]
#   unit {'pos': 1427, 'blk': None}: om1 913 pos 0 st1 0 fail1 0 t4 0 t4only 0 t2only 0 rtfail 0 rcfail 0 chain 0 t3c 0 keyfail 0 [0.2 s]
#   unit {'pos': 1426, 'blk': None}: om1 895 pos 0 st1 0 fail1 0 t4 0 t4only 0 t2only 0 rtfail 0 rcfail 0 chain 0 t3c 0 keyfail 0 [0.2 s]
#   unit {'pos': 1428, 'blk': None}: om1 885 pos 0 st1 0 fail1 0 t4 0 t4only 0 t2only 0 rtfail 0 rcfail 0 chain 0 t3c 0 keyfail 0 [0.2 s]
#   unit {'pos': 1425, 'blk': None}: om1 933 pos 0 st1 0 fail1 0 t4 0 t4only 0 t2only 0 rtfail 0 rcfail 0 chain 0 t3c 0 keyfail 0 [0.2 s]
#   unit {'pos': 1429, 'blk': None}: om1 845 pos 0 st1 0 fail1 0 t4 0 t4only 0 t2only 0 rtfail 0 rcfail 0 chain 0 t3c 0 keyfail 0 [0.1 s]
#   unit {'pos': 1433, 'blk': None}: om1 894 pos 1 st1 1 fail1 0 t4 0 t4only 0 t2only 0 rtfail 0 rcfail 0 chain 0 t3c 1 keyfail 0 [0.1 s]
#   unit {'pos': 1430, 'blk': None}: om1 895 pos 0 st1 0 fail1 0 t4 0 t4only 0 t2only 0 rtfail 0 rcfail 0 chain 0 t3c 0 keyfail 0 [0.2 s]
#   unit {'pos': 1432, 'blk': None}: om1 884 pos 4 st1 4 fail1 0 t4 4 t4only 0 t2only 0 rtfail 0 rcfail 0 chain 0 t3c 4 keyfail 0 [0.2 s]
#   unit {'pos': 1431, 'blk': None}: om1 877 pos 0 st1 0 fail1 0 t4 0 t4only 0 t2only 0 rtfail 0 rcfail 0 chain 0 t3c 0 keyfail 0 [0.3 s]
#   unit {'pos': 1436, 'blk': None}: om1 924 pos 0 st1 0 fail1 0 t4 0 t4only 0 t2only 0 rtfail 0 rcfail 0 chain 0 t3c 0 keyfail 0 [0.1 s]
#   unit {'pos': 1437, 'blk': None}: om1 874 pos 5 st1 5 fail1 0 t4 4 t4only 0 t2only 0 rtfail 0 rcfail 0 chain 0 t3c 5 keyfail 0 [0.1 s]
#   unit {'pos': 1434, 'blk': None}: om1 852 pos 2 st1 2 fail1 0 t4 0 t4only 0 t2only 0 rtfail 0 rcfail 0 chain 0 t3c 2 keyfail 0 [0.2 s]
#   unit {'pos': 1435, 'blk': None}: om1 922 pos 0 st1 0 fail1 0 t4 0 t4only 0 t2only 0 rtfail 0 rcfail 0 chain 0 t3c 0 keyfail 0 [0.2 s]
#   unit {'pos': 1438, 'blk': None}: om1 867 pos 1 st1 1 fail1 0 t4 1 t4only 0 t2only 0 rtfail 0 rcfail 0 chain 0 t3c 1 keyfail 0 [0.1 s]
#   unit {'pos': 1441, 'blk': None}: om1 839 pos 0 st1 0 fail1 0 t4 0 t4only 0 t2only 0 rtfail 0 rcfail 0 chain 0 t3c 0 keyfail 0 [0.1 s]
#   unit {'pos': 1442, 'blk': None}: om1 870 pos 4 st1 4 fail1 0 t4 3 t4only 0 t2only 0 rtfail 0 rcfail 0 chain 0 t3c 4 keyfail 0 [0.1 s]
#   unit {'pos': 1439, 'blk': None}: om1 828 pos 2 st1 2 fail1 0 t4 1 t4only 0 t2only 0 rtfail 0 rcfail 0 chain 0 t3c 2 keyfail 0 [0.2 s]
#   unit {'pos': 1440, 'blk': None}: om1 877 pos 2 st1 2 fail1 0 t4 1 t4only 0 t2only 0 rtfail 0 rcfail 0 chain 0 t3c 2 keyfail 0 [0.2 s]
#   unit {'pos': 1443, 'blk': None}: om1 835 pos 0 st1 0 fail1 0 t4 0 t4only 0 t2only 0 rtfail 0 rcfail 0 chain 0 t3c 0 keyfail 0 [0.1 s]
#   unit {'pos': 1446, 'blk': None}: om1 887 pos 0 st1 0 fail1 0 t4 0 t4only 0 t2only 0 rtfail 0 rcfail 0 chain 0 t3c 0 keyfail 0 [0.1 s]
#   unit {'pos': 1447, 'blk': None}: om1 878 pos 0 st1 0 fail1 0 t4 0 t4only 0 t2only 0 rtfail 0 rcfail 0 chain 0 t3c 0 keyfail 0 [0.1 s]
#   unit {'pos': 1444, 'blk': None}: om1 883 pos 0 st1 0 fail1 0 t4 0 t4only 0 t2only 0 rtfail 0 rcfail 0 chain 0 t3c 0 keyfail 0 [0.2 s]
#   unit {'pos': 1445, 'blk': None}: om1 871 pos 0 st1 0 fail1 0 t4 0 t4only 0 t2only 0 rtfail 0 rcfail 0 chain 0 t3c 0 keyfail 0 [0.2 s]
#   unit {'pos': 1448, 'blk': None}: om1 878 pos 1 st1 1 fail1 0 t4 1 t4only 0 t2only 0 rtfail 0 rcfail 0 chain 0 t3c 1 keyfail 0 [0.1 s]
#   unit {'pos': 1451, 'blk': None}: om1 935 pos 0 st1 0 fail1 0 t4 0 t4only 0 t2only 0 rtfail 0 rcfail 0 chain 0 t3c 0 keyfail 0 [0.1 s]
#   unit {'pos': 1452, 'blk': None}: om1 877 pos 0 st1 0 fail1 0 t4 0 t4only 0 t2only 0 rtfail 0 rcfail 0 chain 0 t3c 0 keyfail 0 [0.1 s]
#   unit {'pos': 1449, 'blk': None}: om1 884 pos 2 st1 2 fail1 0 t4 0 t4only 0 t2only 0 rtfail 0 rcfail 0 chain 0 t3c 2 keyfail 0 [0.2 s]
#   unit {'pos': 1450, 'blk': None}: om1 918 pos 0 st1 0 fail1 0 t4 0 t4only 0 t2only 0 rtfail 0 rcfail 0 chain 0 t3c 0 keyfail 0 [0.2 s]
#   unit {'pos': 1453, 'blk': None}: om1 895 pos 2 st1 2 fail1 0 t4 1 t4only 0 t2only 0 rtfail 0 rcfail 0 chain 0 t3c 2 keyfail 0 [0.1 s]
#   unit {'pos': 1456, 'blk': None}: om1 880 pos 0 st1 0 fail1 0 t4 0 t4only 0 t2only 0 rtfail 0 rcfail 0 chain 0 t3c 0 keyfail 0 [0.1 s]
#   unit {'pos': 1457, 'blk': None}: om1 930 pos 0 st1 0 fail1 0 t4 0 t4only 0 t2only 0 rtfail 0 rcfail 0 chain 0 t3c 0 keyfail 0 [0.1 s]
#   unit {'pos': 1454, 'blk': None}: om1 899 pos 0 st1 0 fail1 0 t4 0 t4only 0 t2only 0 rtfail 0 rcfail 0 chain 0 t3c 0 keyfail 0 [0.2 s]
#   unit {'pos': 1458, 'blk': None}: om1 866 pos 0 st1 0 fail1 0 t4 0 t4only 0 t2only 0 rtfail 0 rcfail 0 chain 0 t3c 0 keyfail 0 [0.1 s]
#   unit {'pos': 1455, 'blk': None}: om1 913 pos 0 st1 0 fail1 0 t4 0 t4only 0 t2only 0 rtfail 0 rcfail 0 chain 0 t3c 0 keyfail 0 [0.2 s]
#   unit {'pos': 1459, 'blk': None}: om1 868 pos 0 st1 0 fail1 0 t4 0 t4only 0 t2only 0 rtfail 0 rcfail 0 chain 0 t3c 0 keyfail 0 [0.1 s]
#   unit {'pos': 1461, 'blk': None}: om1 908 pos 0 st1 0 fail1 0 t4 0 t4only 0 t2only 0 rtfail 0 rcfail 0 chain 0 t3c 0 keyfail 0 [0.1 s]
#   unit {'pos': 1463, 'blk': None}: om1 935 pos 0 st1 0 fail1 0 t4 0 t4only 0 t2only 0 rtfail 0 rcfail 0 chain 0 t3c 0 keyfail 0 [0.1 s]
#   unit {'pos': 1460, 'blk': None}: om1 882 pos 1 st1 1 fail1 0 t4 1 t4only 0 t2only 0 rtfail 0 rcfail 0 chain 0 t3c 1 keyfail 0 [0.2 s]
#   unit {'pos': 1462, 'blk': None}: om1 925 pos 0 st1 0 fail1 0 t4 0 t4only 0 t2only 0 rtfail 0 rcfail 0 chain 0 t3c 0 keyfail 0 [0.2 s]
#   unit {'pos': 1465, 'blk': None}: om1 843 pos 0 st1 0 fail1 0 t4 0 t4only 0 t2only 0 rtfail 0 rcfail 0 chain 0 t3c 0 keyfail 0 [0.1 s]
#   unit {'pos': 1467, 'blk': None}: om1 836 pos 0 st1 0 fail1 0 t4 0 t4only 0 t2only 0 rtfail 0 rcfail 0 chain 0 t3c 0 keyfail 0 [0.1 s]
#   unit {'pos': 1464, 'blk': None}: om1 868 pos 0 st1 0 fail1 0 t4 0 t4only 0 t2only 0 rtfail 0 rcfail 0 chain 0 t3c 0 keyfail 0 [0.2 s]
#   unit {'pos': 1466, 'blk': None}: om1 900 pos 3 st1 3 fail1 0 t4 1 t4only 0 t2only 0 rtfail 0 rcfail 0 chain 0 t3c 3 keyfail 0 [0.2 s]
#   unit {'pos': 1468, 'blk': None}: om1 900 pos 0 st1 0 fail1 0 t4 0 t4only 0 t2only 0 rtfail 0 rcfail 0 chain 0 t3c 0 keyfail 0 [0.1 s]
#   unit {'pos': 1471, 'blk': None}: om1 871 pos 0 st1 0 fail1 0 t4 0 t4only 0 t2only 0 rtfail 0 rcfail 0 chain 0 t3c 0 keyfail 0 [0.1 s]
#   unit {'pos': 1472, 'blk': None}: om1 940 pos 0 st1 0 fail1 0 t4 0 t4only 0 t2only 0 rtfail 0 rcfail 0 chain 0 t3c 0 keyfail 0 [0.1 s]
#   unit {'pos': 1469, 'blk': None}: om1 871 pos 0 st1 0 fail1 0 t4 0 t4only 0 t2only 0 rtfail 0 rcfail 0 chain 0 t3c 0 keyfail 0 [0.2 s]
#   unit {'pos': 1470, 'blk': None}: om1 930 pos 1 st1 1 fail1 0 t4 1 t4only 0 t2only 0 rtfail 0 rcfail 0 chain 0 t3c 1 keyfail 0 [0.2 s]
#   unit {'pos': 1473, 'blk': None}: om1 888 pos 0 st1 0 fail1 0 t4 0 t4only 0 t2only 0 rtfail 0 rcfail 0 chain 0 t3c 0 keyfail 0 [0.1 s]
#   unit {'pos': 1474, 'blk': None}: om1 899 pos 1 st1 1 fail1 0 t4 1 t4only 0 t2only 0 rtfail 0 rcfail 0 chain 0 t3c 1 keyfail 0 [0.1 s]
#   unit {'pos': 1476, 'blk': None}: om1 898 pos 0 st1 0 fail1 0 t4 0 t4only 0 t2only 0 rtfail 0 rcfail 0 chain 0 t3c 0 keyfail 0 [0.1 s]
#   unit {'pos': 1477, 'blk': None}: om1 865 pos 0 st1 0 fail1 0 t4 0 t4only 0 t2only 0 rtfail 0 rcfail 0 chain 0 t3c 0 keyfail 0 [0.1 s]
#   unit {'pos': 1475, 'blk': None}: om1 909 pos 0 st1 0 fail1 0 t4 0 t4only 0 t2only 0 rtfail 0 rcfail 0 chain 0 t3c 0 keyfail 0 [0.2 s]
#   unit {'pos': 1478, 'blk': None}: om1 875 pos 0 st1 0 fail1 0 t4 0 t4only 0 t2only 0 rtfail 0 rcfail 0 chain 0 t3c 0 keyfail 0 [0.1 s]
#   unit {'pos': 1480, 'blk': None}: om1 828 pos 2 st1 2 fail1 0 t4 2 t4only 0 t2only 0 rtfail 0 rcfail 0 chain 0 t3c 2 keyfail 0 [0.1 s]
#   unit {'pos': 1479, 'blk': None}: om1 864 pos 0 st1 0 fail1 0 t4 0 t4only 0 t2only 0 rtfail 0 rcfail 0 chain 0 t3c 0 keyfail 0 [0.2 s]
#   unit {'pos': 1482, 'blk': None}: om1 878 pos 0 st1 0 fail1 0 t4 0 t4only 0 t2only 0 rtfail 0 rcfail 0 chain 0 t3c 0 keyfail 0 [0.1 s]
#   unit {'pos': 1481, 'blk': None}: om1 846 pos 2 st1 2 fail1 0 t4 2 t4only 0 t2only 0 rtfail 0 rcfail 0 chain 0 t3c 2 keyfail 0 [0.2 s]
#   unit {'pos': 1483, 'blk': None}: om1 890 pos 1 st1 1 fail1 0 t4 1 t4only 0 t2only 0 rtfail 0 rcfail 0 chain 0 t3c 1 keyfail 0 [0.1 s]
#   unit {'pos': 1484, 'blk': None}: om1 911 pos 14 st1 14 fail1 0 t4 0 t4only 0 t2only 0 rtfail 0 rcfail 0 chain 0 t3c 14 keyfail 0 [0.2 s]
#   unit {'pos': 1485, 'blk': None}: om1 878 pos 2 st1 2 fail1 0 t4 0 t4only 0 t2only 0 rtfail 0 rcfail 0 chain 0 t3c 2 keyfail 0 [0.2 s]
#   unit {'pos': 1487, 'blk': None}: om1 897 pos 0 st1 0 fail1 0 t4 0 t4only 0 t2only 0 rtfail 0 rcfail 0 chain 0 t3c 0 keyfail 0 [0.1 s]
#   unit {'pos': 1488, 'blk': None}: om1 863 pos 0 st1 0 fail1 0 t4 0 t4only 0 t2only 0 rtfail 0 rcfail 0 chain 0 t3c 0 keyfail 0 [0.1 s]
#   unit {'pos': 1486, 'blk': None}: om1 874 pos 0 st1 0 fail1 0 t4 0 t4only 0 t2only 0 rtfail 0 rcfail 0 chain 0 t3c 0 keyfail 0 [0.2 s]
#   unit {'pos': 1490, 'blk': None}: om1 832 pos 0 st1 0 fail1 0 t4 0 t4only 0 t2only 0 rtfail 0 rcfail 0 chain 0 t3c 0 keyfail 0 [0.1 s]
#   unit {'pos': 1491, 'blk': None}: om1 840 pos 0 st1 0 fail1 0 t4 0 t4only 0 t2only 0 rtfail 0 rcfail 0 chain 0 t3c 0 keyfail 0 [0.1 s]
#   unit {'pos': 1489, 'blk': None}: om1 899 pos 6 st1 6 fail1 0 t4 6 t4only 0 t2only 0 rtfail 0 rcfail 0 chain 0 t3c 6 keyfail 0 [0.2 s]
#   unit {'pos': 1493, 'blk': None}: om1 861 pos 0 st1 0 fail1 0 t4 0 t4only 0 t2only 0 rtfail 0 rcfail 0 chain 0 t3c 0 keyfail 0 [0.1 s]
#   unit {'pos': 1494, 'blk': None}: om1 863 pos 5 st1 5 fail1 0 t4 0 t4only 0 t2only 0 rtfail 0 rcfail 0 chain 0 t3c 5 keyfail 0 [0.1 s]
#   unit {'pos': 1492, 'blk': None}: om1 828 pos 0 st1 0 fail1 0 t4 0 t4only 0 t2only 0 rtfail 0 rcfail 0 chain 0 t3c 0 keyfail 0 [0.2 s]
#   unit {'pos': 1496, 'blk': None}: om1 835 pos 3 st1 3 fail1 0 t4 3 t4only 0 t2only 0 rtfail 0 rcfail 0 chain 0 t3c 3 keyfail 0 [0.1 s]
#   unit {'pos': 1495, 'blk': None}: om1 827 pos 2 st1 2 fail1 0 t4 1 t4only 0 t2only 0 rtfail 0 rcfail 0 chain 0 t3c 2 keyfail 0 [0.2 s]
#   unit {'pos': 1499, 'blk': None}: om1 939 pos 0 st1 0 fail1 0 t4 0 t4only 0 t2only 0 rtfail 0 rcfail 0 chain 0 t3c 0 keyfail 0 [0.1 s]
#   unit {'pos': 1500, 'blk': None}: om1 954 pos 0 st1 0 fail1 0 t4 0 t4only 0 t2only 0 rtfail 0 rcfail 0 chain 0 t3c 0 keyfail 0 [0.1 s]
#   unit {'pos': 1497, 'blk': None}: om1 808 pos 0 st1 0 fail1 0 t4 0 t4only 0 t2only 0 rtfail 0 rcfail 0 chain 0 t3c 0 keyfail 0 [0.2 s]
#   unit {'pos': 1498, 'blk': None}: om1 890 pos 0 st1 0 fail1 0 t4 0 t4only 0 t2only 0 rtfail 0 rcfail 0 chain 0 t3c 0 keyfail 0 [0.2 s]
#   unit {'pos': 1501, 'blk': None}: om1 867 pos 2 st1 2 fail1 0 t4 2 t4only 0 t2only 0 rtfail 0 rcfail 0 chain 0 t3c 2 keyfail 0 [0.1 s]
#   unit {'pos': 1502, 'blk': None}: om1 927 pos 0 st1 0 fail1 0 t4 0 t4only 0 t2only 0 rtfail 0 rcfail 0 chain 0 t3c 0 keyfail 0 [0.1 s]
#   unit {'pos': 1505, 'blk': None}: om1 844 pos 0 st1 0 fail1 0 t4 0 t4only 0 t2only 0 rtfail 0 rcfail 0 chain 0 t3c 0 keyfail 0 [0.1 s]
#   unit {'pos': 1506, 'blk': None}: om1 869 pos 0 st1 0 fail1 0 t4 0 t4only 0 t2only 0 rtfail 0 rcfail 0 chain 0 t3c 0 keyfail 0 [0.1 s]
#   unit {'pos': 1503, 'blk': None}: om1 838 pos 0 st1 0 fail1 0 t4 0 t4only 0 t2only 0 rtfail 0 rcfail 0 chain 0 t3c 0 keyfail 0 [0.2 s]
#   unit {'pos': 1504, 'blk': None}: om1 879 pos 1 st1 1 fail1 0 t4 0 t4only 0 t2only 0 rtfail 0 rcfail 0 chain 0 t3c 1 keyfail 0 [0.2 s]
#   unit {'pos': 1507, 'blk': None}: om1 869 pos 0 st1 0 fail1 0 t4 0 t4only 0 t2only 0 rtfail 0 rcfail 0 chain 0 t3c 0 keyfail 0 [0.1 s]
#   unit {'pos': 1510, 'blk': None}: om1 850 pos 0 st1 0 fail1 0 t4 0 t4only 0 t2only 0 rtfail 0 rcfail 0 chain 0 t3c 0 keyfail 0 [0.1 s]
#   unit {'pos': 1511, 'blk': None}: om1 899 pos 0 st1 0 fail1 0 t4 0 t4only 0 t2only 0 rtfail 0 rcfail 0 chain 0 t3c 0 keyfail 0 [0.1 s]
#   unit {'pos': 1509, 'blk': None}: om1 868 pos 0 st1 0 fail1 0 t4 0 t4only 0 t2only 0 rtfail 0 rcfail 0 chain 0 t3c 0 keyfail 0 [0.2 s]
#   unit {'pos': 1508, 'blk': None}: om1 895 pos 0 st1 0 fail1 0 t4 0 t4only 0 t2only 0 rtfail 0 rcfail 0 chain 0 t3c 0 keyfail 0 [0.2 s]
#   unit {'pos': 1512, 'blk': None}: om1 910 pos 0 st1 0 fail1 0 t4 0 t4only 0 t2only 0 rtfail 0 rcfail 0 chain 0 t3c 0 keyfail 0 [0.1 s]
#   unit {'pos': 1513, 'blk': None}: om1 906 pos 1 st1 1 fail1 0 t4 1 t4only 0 t2only 0 rtfail 0 rcfail 0 chain 0 t3c 1 keyfail 0 [0.1 s]
#   unit {'pos': 1516, 'blk': None}: om1 922 pos 0 st1 0 fail1 0 t4 0 t4only 0 t2only 0 rtfail 0 rcfail 0 chain 0 t3c 0 keyfail 0 [0.1 s]
#   unit {'pos': 1517, 'blk': None}: om1 908 pos 0 st1 0 fail1 0 t4 0 t4only 0 t2only 0 rtfail 0 rcfail 0 chain 0 t3c 0 keyfail 0 [0.1 s]
#   unit {'pos': 1515, 'blk': None}: om1 850 pos 0 st1 0 fail1 0 t4 0 t4only 0 t2only 0 rtfail 0 rcfail 0 chain 0 t3c 0 keyfail 0 [0.2 s]
#   unit {'pos': 1514, 'blk': None}: om1 887 pos 5 st1 5 fail1 0 t4 5 t4only 0 t2only 0 rtfail 0 rcfail 0 chain 0 t3c 5 keyfail 0 [0.2 s]
#   unit {'pos': 1518, 'blk': None}: om1 901 pos 0 st1 0 fail1 0 t4 0 t4only 0 t2only 0 rtfail 0 rcfail 0 chain 0 t3c 0 keyfail 0 [0.1 s]
#   unit {'pos': 1522, 'blk': None}: om1 855 pos 0 st1 0 fail1 0 t4 0 t4only 0 t2only 0 rtfail 0 rcfail 0 chain 0 t3c 0 keyfail 0 [0.1 s]
#   unit {'pos': 1521, 'blk': None}: om1 897 pos 0 st1 0 fail1 0 t4 0 t4only 0 t2only 0 rtfail 0 rcfail 0 chain 0 t3c 0 keyfail 0 [0.1 s]
#   unit {'pos': 1519, 'blk': None}: om1 882 pos 0 st1 0 fail1 0 t4 0 t4only 0 t2only 0 rtfail 0 rcfail 0 chain 0 t3c 0 keyfail 0 [0.2 s]
#   unit {'pos': 1520, 'blk': None}: om1 862 pos 0 st1 0 fail1 0 t4 0 t4only 0 t2only 0 rtfail 0 rcfail 0 chain 0 t3c 0 keyfail 0 [0.2 s]
#   unit {'pos': 1523, 'blk': None}: om1 847 pos 0 st1 0 fail1 0 t4 0 t4only 0 t2only 0 rtfail 0 rcfail 0 chain 0 t3c 0 keyfail 0 [0.2 s]
#   unit {'pos': 1524, 'blk': None}: om1 805 pos 0 st1 0 fail1 0 t4 0 t4only 0 t2only 0 rtfail 0 rcfail 0 chain 0 t3c 0 keyfail 0 [0.2 s]
#   unit {'pos': 1525, 'blk': None}: om1 865 pos 0 st1 0 fail1 0 t4 0 t4only 0 t2only 0 rtfail 0 rcfail 0 chain 0 t3c 0 keyfail 0 [0.2 s]
#   unit {'pos': 1526, 'blk': None}: om1 791 pos 0 st1 0 fail1 0 t4 0 t4only 0 t2only 0 rtfail 0 rcfail 0 chain 0 t3c 0 keyfail 0 [0.2 s]
#   unit {'pos': 1527, 'blk': None}: om1 892 pos 0 st1 0 fail1 0 t4 0 t4only 0 t2only 0 rtfail 0 rcfail 0 chain 0 t3c 0 keyfail 0 [0.2 s]
#   unit {'pos': 1528, 'blk': None}: om1 708 pos 7 st1 7 fail1 0 t4 7 t4only 0 t2only 0 rtfail 0 rcfail 0 chain 0 t3c 7 keyfail 0 [0.2 s]
#   unit {'pos': 1529, 'blk': None}: om1 727 pos 7 st1 7 fail1 0 t4 3 t4only 0 t2only 0 rtfail 0 rcfail 0 chain 0 t3c 5 keyfail 0 [0.2 s]
#   unit {'pos': 1530, 'blk': None}: om1 771 pos 1 st1 1 fail1 0 t4 1 t4only 0 t2only 0 rtfail 0 rcfail 0 chain 0 t3c 1 keyfail 0 [0.2 s]
#   unit {'pos': 1534, 'blk': None}: om1 792 pos 5 st1 5 fail1 0 t4 2 t4only 0 t2only 0 rtfail 0 rcfail 0 chain 0 t3c 3 keyfail 0 [0.1 s]
#   unit {'pos': 1532, 'blk': None}: om1 798 pos 10 st1 10 fail1 0 t4 3 t4only 0 t2only 0 rtfail 0 rcfail 0 chain 0 t3c 10 keyfail 0 [0.2 s]
#   unit {'pos': 1533, 'blk': None}: om1 712 pos 0 st1 0 fail1 0 t4 0 t4only 0 t2only 0 rtfail 0 rcfail 0 chain 0 t3c 0 keyfail 0 [0.2 s]
#   unit {'pos': 1535, 'blk': None}: om1 777 pos 3 st1 3 fail1 0 t4 2 t4only 0 t2only 0 rtfail 0 rcfail 0 chain 0 t3c 2 keyfail 0 [0.1 s]
#   unit {'pos': 1531, 'blk': None}: om1 738 pos 5 st1 5 fail1 0 t4 2 t4only 0 t2only 0 rtfail 0 rcfail 0 chain 0 t3c 5 keyfail 0 [0.3 s]
#   unit {'pos': 1538, 'blk': None}: om1 716 pos 3 st1 3 fail1 0 t4 2 t4only 0 t2only 0 rtfail 0 rcfail 0 chain 0 t3c 2 keyfail 0 [0.1 s]
#   unit {'pos': 1536, 'blk': None}: om1 786 pos 7 st1 7 fail1 0 t4 0 t4only 0 t2only 0 rtfail 0 rcfail 0 chain 0 t3c 7 keyfail 0 [0.2 s]
#   unit {'pos': 1537, 'blk': None}: om1 788 pos 2 st1 2 fail1 0 t4 0 t4only 0 t2only 0 rtfail 0 rcfail 0 chain 0 t3c 2 keyfail 0 [0.2 s]
#   unit {'pos': 1539, 'blk': None}: om1 773 pos 0 st1 0 fail1 0 t4 0 t4only 0 t2only 0 rtfail 0 rcfail 0 chain 0 t3c 0 keyfail 0 [0.2 s]
#   unit {'pos': 1541, 'blk': None}: om1 771 pos 7 st1 7 fail1 0 t4 3 t4only 0 t2only 0 rtfail 0 rcfail 0 chain 0 t3c 7 keyfail 0 [0.2 s]
#   unit {'pos': 1540, 'blk': None}: om1 729 pos 0 st1 0 fail1 0 t4 0 t4only 0 t2only 0 rtfail 0 rcfail 0 chain 0 t3c 0 keyfail 0 [0.2 s]
#   unit {'pos': 1542, 'blk': None}: om1 757 pos 1 st1 1 fail1 0 t4 1 t4only 0 t2only 0 rtfail 0 rcfail 0 chain 0 t3c 1 keyfail 0 [0.2 s]
#   unit {'pos': 1543, 'blk': None}: om1 774 pos 0 st1 0 fail1 0 t4 0 t4only 0 t2only 0 rtfail 0 rcfail 0 chain 0 t3c 0 keyfail 0 [0.2 s]
#   unit {'pos': 1544, 'blk': None}: om1 759 pos 1 st1 1 fail1 0 t4 0 t4only 0 t2only 0 rtfail 0 rcfail 0 chain 0 t3c 1 keyfail 0 [0.2 s]
#   unit {'pos': 1545, 'blk': None}: om1 787 pos 4 st1 4 fail1 0 t4 0 t4only 0 t2only 0 rtfail 0 rcfail 0 chain 0 t3c 4 keyfail 0 [0.2 s]
#   unit {'pos': 1546, 'blk': None}: om1 782 pos 4 st1 4 fail1 0 t4 0 t4only 0 t2only 0 rtfail 0 rcfail 0 chain 0 t3c 4 keyfail 0 [0.2 s]
#   unit {'pos': 1547, 'blk': None}: om1 782 pos 6 st1 6 fail1 0 t4 5 t4only 0 t2only 0 rtfail 0 rcfail 0 chain 0 t3c 6 keyfail 0 [0.2 s]
#   unit {'pos': 1549, 'blk': None}: om1 749 pos 3 st1 3 fail1 0 t4 1 t4only 0 t2only 0 rtfail 0 rcfail 0 chain 0 t3c 3 keyfail 0 [0.2 s]
#   unit {'pos': 1548, 'blk': None}: om1 798 pos 3 st1 3 fail1 0 t4 0 t4only 0 t2only 0 rtfail 0 rcfail 0 chain 0 t3c 3 keyfail 0 [0.2 s]
#   unit {'pos': 1550, 'blk': None}: om1 791 pos 1 st1 1 fail1 0 t4 0 t4only 0 t2only 0 rtfail 0 rcfail 0 chain 0 t3c 1 keyfail 0 [0.2 s]
#   unit {'pos': 1554, 'blk': None}: om1 757 pos 1 st1 1 fail1 0 t4 0 t4only 0 t2only 0 rtfail 0 rcfail 0 chain 0 t3c 1 keyfail 0 [0.1 s]
#   unit {'pos': 1552, 'blk': None}: om1 787 pos 0 st1 0 fail1 0 t4 0 t4only 0 t2only 0 rtfail 0 rcfail 0 chain 0 t3c 0 keyfail 0 [0.2 s]
#   unit {'pos': 1553, 'blk': None}: om1 729 pos 0 st1 0 fail1 0 t4 0 t4only 0 t2only 0 rtfail 0 rcfail 0 chain 0 t3c 0 keyfail 0 [0.2 s]
#   unit {'pos': 1555, 'blk': None}: om1 776 pos 0 st1 0 fail1 0 t4 0 t4only 0 t2only 0 rtfail 0 rcfail 0 chain 0 t3c 0 keyfail 0 [0.1 s]
#   unit {'pos': 1551, 'blk': None}: om1 718 pos 0 st1 0 fail1 0 t4 0 t4only 0 t2only 0 rtfail 0 rcfail 0 chain 0 t3c 0 keyfail 0 [0.3 s]
#   unit {'pos': 1558, 'blk': None}: om1 767 pos 8 st1 8 fail1 0 t4 3 t4only 0 t2only 0 rtfail 0 rcfail 0 chain 0 t3c 8 keyfail 0 [0.1 s]
#   unit {'pos': 1556, 'blk': None}: om1 770 pos 0 st1 0 fail1 0 t4 0 t4only 0 t2only 0 rtfail 0 rcfail 0 chain 0 t3c 0 keyfail 0 [0.2 s]
#   unit {'pos': 1557, 'blk': None}: om1 796 pos 6 st1 6 fail1 0 t4 3 t4only 0 t2only 0 rtfail 0 rcfail 0 chain 0 t3c 6 keyfail 0 [0.2 s]
#   unit {'pos': 1560, 'blk': None}: om1 769 pos 2 st1 2 fail1 0 t4 2 t4only 0 t2only 0 rtfail 0 rcfail 0 chain 0 t3c 2 keyfail 0 [0.1 s]
#   unit {'pos': 1562, 'blk': None}: om1 795 pos 5 st1 5 fail1 0 t4 1 t4only 0 t2only 0 rtfail 0 rcfail 0 chain 0 t3c 5 keyfail 0 [0.1 s]
#   unit {'pos': 1561, 'blk': None}: om1 812 pos 4 st1 4 fail1 0 t4 1 t4only 0 t2only 0 rtfail 0 rcfail 0 chain 0 t3c 4 keyfail 0 [0.2 s]
#   unit {'pos': 1564, 'blk': None}: om1 798 pos 2 st1 2 fail1 0 t4 0 t4only 0 t2only 0 rtfail 0 rcfail 0 chain 0 t3c 2 keyfail 0 [0.1 s]
#   unit {'pos': 1563, 'blk': None}: om1 797 pos 0 st1 0 fail1 0 t4 0 t4only 0 t2only 0 rtfail 0 rcfail 0 chain 0 t3c 0 keyfail 0 [0.2 s]
#   unit {'pos': 1565, 'blk': None}: om1 760 pos 3 st1 3 fail1 0 t4 2 t4only 0 t2only 0 rtfail 0 rcfail 0 chain 0 t3c 3 keyfail 0 [0.1 s]
#   unit {'pos': 1559, 'blk': None}: om1 795 pos 8 st1 8 fail1 0 t4 7 t4only 0 t2only 0 rtfail 0 rcfail 0 chain 0 t3c 7 keyfail 0 [0.5 s]
#   unit {'pos': 1566, 'blk': None}: om1 765 pos 2 st1 2 fail1 0 t4 0 t4only 0 t2only 0 rtfail 0 rcfail 0 chain 0 t3c 2 keyfail 0 [0.2 s]
#   unit {'pos': 1567, 'blk': None}: om1 714 pos 6 st1 6 fail1 0 t4 3 t4only 0 t2only 0 rtfail 0 rcfail 0 chain 0 t3c 6 keyfail 0 [0.2 s]
#   unit {'pos': 1568, 'blk': None}: om1 775 pos 0 st1 0 fail1 0 t4 0 t4only 0 t2only 0 rtfail 0 rcfail 0 chain 0 t3c 0 keyfail 0 [0.2 s]
#   unit {'pos': 1569, 'blk': None}: om1 812 pos 5 st1 5 fail1 0 t4 3 t4only 0 t2only 0 rtfail 0 rcfail 0 chain 0 t3c 5 keyfail 0 [0.2 s]
#   unit {'pos': 1570, 'blk': None}: om1 784 pos 1 st1 1 fail1 0 t4 1 t4only 0 t2only 0 rtfail 0 rcfail 0 chain 0 t3c 1 keyfail 0 [0.2 s]
#   unit {'pos': 1571, 'blk': None}: om1 818 pos 5 st1 5 fail1 0 t4 1 t4only 0 t2only 0 rtfail 0 rcfail 0 chain 0 t3c 4 keyfail 0 [0.2 s]
#   unit {'pos': 1573, 'blk': None}: om1 734 pos 0 st1 0 fail1 0 t4 0 t4only 0 t2only 0 rtfail 0 rcfail 0 chain 0 t3c 0 keyfail 0 [0.2 s]
#   unit {'pos': 1572, 'blk': None}: om1 814 pos 0 st1 0 fail1 0 t4 0 t4only 0 t2only 0 rtfail 0 rcfail 0 chain 0 t3c 0 keyfail 0 [0.2 s]
#   unit {'pos': 1574, 'blk': None}: om1 777 pos 0 st1 0 fail1 0 t4 0 t4only 0 t2only 0 rtfail 0 rcfail 0 chain 0 t3c 0 keyfail 0 [0.2 s]
#   unit {'pos': 1575, 'blk': None}: om1 728 pos 0 st1 0 fail1 0 t4 0 t4only 0 t2only 0 rtfail 0 rcfail 0 chain 0 t3c 0 keyfail 0 [0.2 s]
#   unit {'pos': 1576, 'blk': None}: om1 769 pos 2 st1 2 fail1 0 t4 0 t4only 0 t2only 0 rtfail 0 rcfail 0 chain 0 t3c 2 keyfail 0 [0.2 s]
#   unit {'pos': 1577, 'blk': None}: om1 746 pos 3 st1 3 fail1 0 t4 3 t4only 0 t2only 0 rtfail 0 rcfail 0 chain 0 t3c 3 keyfail 0 [0.2 s]
#   unit {'pos': 1578, 'blk': None}: om1 735 pos 3 st1 3 fail1 0 t4 1 t4only 0 t2only 0 rtfail 0 rcfail 0 chain 0 t3c 3 keyfail 0 [0.1 s]
#   unit {'pos': 1579, 'blk': None}: om1 774 pos 2 st1 2 fail1 0 t4 0 t4only 0 t2only 0 rtfail 0 rcfail 0 chain 0 t3c 2 keyfail 0 [0.1 s]
#   unit {'pos': 1582, 'blk': None}: om1 861 pos 0 st1 0 fail1 0 t4 0 t4only 0 t2only 0 rtfail 0 rcfail 0 chain 0 t3c 0 keyfail 0 [0.1 s]
#   unit {'pos': 1583, 'blk': None}: om1 768 pos 1 st1 1 fail1 0 t4 1 t4only 0 t2only 0 rtfail 0 rcfail 0 chain 0 t3c 1 keyfail 0 [0.1 s]
#   unit {'pos': 1580, 'blk': None}: om1 788 pos 0 st1 0 fail1 0 t4 0 t4only 0 t2only 0 rtfail 0 rcfail 0 chain 0 t3c 0 keyfail 0 [0.2 s]
#   unit {'pos': 1581, 'blk': None}: om1 737 pos 3 st1 3 fail1 0 t4 0 t4only 0 t2only 0 rtfail 0 rcfail 0 chain 0 t3c 0 keyfail 0 [0.2 s]
#   unit {'pos': 1584, 'blk': None}: om1 759 pos 0 st1 0 fail1 0 t4 0 t4only 0 t2only 0 rtfail 0 rcfail 0 chain 0 t3c 0 keyfail 0 [0.1 s]
#   unit {'pos': 1587, 'blk': None}: om1 714 pos 0 st1 0 fail1 0 t4 0 t4only 0 t2only 0 rtfail 0 rcfail 0 chain 0 t3c 0 keyfail 0 [0.1 s]
#   unit {'pos': 1585, 'blk': None}: om1 772 pos 0 st1 0 fail1 0 t4 0 t4only 0 t2only 0 rtfail 0 rcfail 0 chain 0 t3c 0 keyfail 0 [0.2 s]
#   unit {'pos': 1588, 'blk': None}: om1 761 pos 0 st1 0 fail1 0 t4 0 t4only 0 t2only 0 rtfail 0 rcfail 0 chain 0 t3c 0 keyfail 0 [0.1 s]
#   unit {'pos': 1586, 'blk': None}: om1 781 pos 1 st1 1 fail1 0 t4 1 t4only 0 t2only 0 rtfail 0 rcfail 0 chain 0 t3c 1 keyfail 0 [0.2 s]
#   unit {'pos': 1591, 'blk': None}: om1 798 pos 0 st1 0 fail1 0 t4 0 t4only 0 t2only 0 rtfail 0 rcfail 0 chain 0 t3c 0 keyfail 0 [0.1 s]
#   unit {'pos': 1589, 'blk': None}: om1 749 pos 1 st1 1 fail1 0 t4 0 t4only 0 t2only 0 rtfail 0 rcfail 0 chain 0 t3c 0 keyfail 0 [0.2 s]
#   unit {'pos': 1592, 'blk': None}: om1 794 pos 3 st1 3 fail1 0 t4 1 t4only 0 t2only 0 rtfail 0 rcfail 0 chain 0 t3c 3 keyfail 0 [0.1 s]
#   unit {'pos': 1590, 'blk': None}: om1 722 pos 0 st1 0 fail1 0 t4 0 t4only 0 t2only 0 rtfail 0 rcfail 0 chain 0 t3c 0 keyfail 0 [0.2 s]
#   unit {'pos': 1593, 'blk': None}: om1 758 pos 0 st1 0 fail1 0 t4 0 t4only 0 t2only 0 rtfail 0 rcfail 0 chain 0 t3c 0 keyfail 0 [0.2 s]
#   unit {'pos': 1595, 'blk': None}: om1 741 pos 2 st1 2 fail1 0 t4 2 t4only 0 t2only 0 rtfail 0 rcfail 0 chain 0 t3c 2 keyfail 0 [0.1 s]
#   unit {'pos': 1596, 'blk': None}: om1 737 pos 1 st1 1 fail1 0 t4 0 t4only 0 t2only 0 rtfail 0 rcfail 0 chain 0 t3c 1 keyfail 0 [0.1 s]
#   unit {'pos': 1594, 'blk': None}: om1 785 pos 0 st1 0 fail1 0 t4 0 t4only 0 t2only 0 rtfail 0 rcfail 0 chain 0 t3c 0 keyfail 0 [0.2 s]
#   unit {'pos': 1598, 'blk': None}: om1 777 pos 0 st1 0 fail1 0 t4 0 t4only 0 t2only 0 rtfail 0 rcfail 0 chain 0 t3c 0 keyfail 0 [0.1 s]
#   unit {'pos': 1600, 'blk': None}: om1 769 pos 0 st1 0 fail1 0 t4 0 t4only 0 t2only 0 rtfail 0 rcfail 0 chain 0 t3c 0 keyfail 0 [0.1 s]
#   unit {'pos': 1597, 'blk': None}: om1 858 pos 0 st1 0 fail1 0 t4 0 t4only 0 t2only 0 rtfail 0 rcfail 0 chain 0 t3c 0 keyfail 0 [0.2 s]
#   unit {'pos': 1599, 'blk': None}: om1 772 pos 1 st1 1 fail1 0 t4 1 t4only 0 t2only 0 rtfail 0 rcfail 0 chain 0 t3c 1 keyfail 0 [0.2 s]
#   unit {'pos': 1601, 'blk': None}: om1 788 pos 0 st1 0 fail1 0 t4 0 t4only 0 t2only 0 rtfail 0 rcfail 0 chain 0 t3c 0 keyfail 0 [0.1 s]
#   unit {'pos': 1602, 'blk': None}: om1 777 pos 3 st1 3 fail1 0 t4 0 t4only 0 t2only 0 rtfail 0 rcfail 0 chain 0 t3c 3 keyfail 0 [0.1 s]
#   unit {'pos': 1603, 'blk': None}: om1 769 pos 0 st1 0 fail1 0 t4 0 t4only 0 t2only 0 rtfail 0 rcfail 0 chain 0 t3c 0 keyfail 0 [0.1 s]
#   unit {'pos': 1606, 'blk': None}: om1 774 pos 8 st1 8 fail1 0 t4 4 t4only 0 t2only 0 rtfail 0 rcfail 0 chain 0 t3c 8 keyfail 0 [0.1 s]
#   unit {'pos': 1607, 'blk': None}: om1 792 pos 0 st1 0 fail1 0 t4 0 t4only 0 t2only 0 rtfail 0 rcfail 0 chain 0 t3c 0 keyfail 0 [0.1 s]
#   unit {'pos': 1604, 'blk': None}: om1 771 pos 5 st1 5 fail1 0 t4 0 t4only 0 t2only 0 rtfail 0 rcfail 0 chain 0 t3c 5 keyfail 0 [0.2 s]
#   unit {'pos': 1605, 'blk': None}: om1 769 pos 6 st1 6 fail1 0 t4 3 t4only 0 t2only 0 rtfail 0 rcfail 0 chain 0 t3c 5 keyfail 0 [0.2 s]
#   unit {'pos': 1608, 'blk': None}: om1 775 pos 2 st1 2 fail1 0 t4 0 t4only 0 t2only 0 rtfail 0 rcfail 0 chain 0 t3c 1 keyfail 0 [0.1 s]
#   unit {'pos': 1610, 'blk': None}: om1 778 pos 0 st1 0 fail1 0 t4 0 t4only 0 t2only 0 rtfail 0 rcfail 0 chain 0 t3c 0 keyfail 0 [0.1 s]
#   unit {'pos': 1609, 'blk': None}: om1 822 pos 2 st1 2 fail1 0 t4 0 t4only 0 t2only 0 rtfail 0 rcfail 0 chain 0 t3c 2 keyfail 0 [0.2 s]
#   unit {'pos': 1612, 'blk': None}: om1 763 pos 0 st1 0 fail1 0 t4 0 t4only 0 t2only 0 rtfail 0 rcfail 0 chain 0 t3c 0 keyfail 0 [0.1 s]
#   unit {'pos': 1611, 'blk': None}: om1 743 pos 0 st1 0 fail1 0 t4 0 t4only 0 t2only 0 rtfail 0 rcfail 0 chain 0 t3c 0 keyfail 0 [0.2 s]
#   unit {'pos': 1616, 'blk': None}: om1 786 pos 0 st1 0 fail1 0 t4 0 t4only 0 t2only 0 rtfail 0 rcfail 0 chain 0 t3c 0 keyfail 0 [0.1 s]
#   unit {'pos': 1615, 'blk': None}: om1 752 pos 0 st1 0 fail1 0 t4 0 t4only 0 t2only 0 rtfail 0 rcfail 0 chain 0 t3c 0 keyfail 0 [0.2 s]
#   unit {'pos': 1613, 'blk': None}: om1 722 pos 0 st1 0 fail1 0 t4 0 t4only 0 t2only 0 rtfail 0 rcfail 0 chain 0 t3c 0 keyfail 0 [0.2 s]
#   unit {'pos': 1614, 'blk': None}: om1 742 pos 6 st1 6 fail1 0 t4 0 t4only 0 t2only 0 rtfail 0 rcfail 0 chain 0 t3c 6 keyfail 0 [0.2 s]
#   unit {'pos': 1617, 'blk': None}: om1 807 pos 1 st1 1 fail1 0 t4 0 t4only 0 t2only 0 rtfail 0 rcfail 0 chain 0 t3c 1 keyfail 0 [0.1 s]
#   unit {'pos': 1618, 'blk': None}: om1 716 pos 1 st1 1 fail1 0 t4 1 t4only 0 t2only 0 rtfail 0 rcfail 0 chain 0 t3c 1 keyfail 0 [0.2 s]
#   unit {'pos': 1620, 'blk': None}: om1 709 pos 0 st1 0 fail1 0 t4 0 t4only 0 t2only 0 rtfail 0 rcfail 0 chain 0 t3c 0 keyfail 0 [0.1 s]
#   unit {'pos': 1621, 'blk': None}: om1 729 pos 2 st1 2 fail1 0 t4 2 t4only 0 t2only 0 rtfail 0 rcfail 0 chain 0 t3c 2 keyfail 0 [0.1 s]
#   unit {'pos': 1619, 'blk': None}: om1 748 pos 1 st1 1 fail1 0 t4 1 t4only 0 t2only 0 rtfail 0 rcfail 0 chain 0 t3c 1 keyfail 0 [0.2 s]
#   unit {'pos': 1622, 'blk': None}: om1 702 pos 4 st1 4 fail1 0 t4 2 t4only 0 t2only 0 rtfail 0 rcfail 0 chain 0 t3c 4 keyfail 0 [0.1 s]
#   unit {'pos': 1624, 'blk': None}: om1 784 pos 0 st1 0 fail1 0 t4 0 t4only 0 t2only 0 rtfail 0 rcfail 0 chain 0 t3c 0 keyfail 0 [0.1 s]
#   unit {'pos': 1623, 'blk': None}: om1 785 pos 2 st1 2 fail1 0 t4 0 t4only 0 t2only 0 rtfail 0 rcfail 0 chain 0 t3c 2 keyfail 0 [0.2 s]
#   unit {'pos': 1626, 'blk': None}: om1 758 pos 0 st1 0 fail1 0 t4 0 t4only 0 t2only 0 rtfail 0 rcfail 0 chain 0 t3c 0 keyfail 0 [0.1 s]
#   unit {'pos': 1625, 'blk': None}: om1 707 pos 4 st1 4 fail1 0 t4 2 t4only 0 t2only 0 rtfail 0 rcfail 0 chain 0 t3c 4 keyfail 0 [0.2 s]
#   unit {'pos': 1627, 'blk': None}: om1 765 pos 0 st1 0 fail1 0 t4 0 t4only 0 t2only 0 rtfail 0 rcfail 0 chain 0 t3c 0 keyfail 0 [0.2 s]
#   unit {'pos': 1628, 'blk': None}: om1 811 pos 2 st1 2 fail1 0 t4 0 t4only 0 t2only 0 rtfail 0 rcfail 0 chain 0 t3c 2 keyfail 0 [0.1 s]
#   unit {'pos': 1631, 'blk': None}: om1 790 pos 0 st1 0 fail1 0 t4 0 t4only 0 t2only 0 rtfail 0 rcfail 0 chain 0 t3c 0 keyfail 0 [0.1 s]
#   unit {'pos': 1632, 'blk': None}: om1 796 pos 3 st1 3 fail1 0 t4 0 t4only 0 t2only 0 rtfail 0 rcfail 0 chain 0 t3c 3 keyfail 0 [0.1 s]
#   unit {'pos': 1629, 'blk': None}: om1 760 pos 0 st1 0 fail1 0 t4 0 t4only 0 t2only 0 rtfail 0 rcfail 0 chain 0 t3c 0 keyfail 0 [0.2 s]
#   unit {'pos': 1630, 'blk': None}: om1 737 pos 1 st1 1 fail1 0 t4 0 t4only 0 t2only 0 rtfail 0 rcfail 0 chain 0 t3c 1 keyfail 0 [0.2 s]
#   unit {'pos': 1634, 'blk': None}: om1 769 pos 8 st1 8 fail1 0 t4 6 t4only 0 t2only 0 rtfail 0 rcfail 0 chain 0 t3c 8 keyfail 0 [0.1 s]
#   unit {'pos': 1636, 'blk': None}: om1 764 pos 0 st1 0 fail1 0 t4 0 t4only 0 t2only 0 rtfail 0 rcfail 0 chain 0 t3c 0 keyfail 0 [0.1 s]
#   unit {'pos': 1633, 'blk': None}: om1 746 pos 0 st1 0 fail1 0 t4 0 t4only 0 t2only 0 rtfail 0 rcfail 0 chain 0 t3c 0 keyfail 0 [0.2 s]
#   unit {'pos': 1637, 'blk': None}: om1 747 pos 0 st1 0 fail1 0 t4 0 t4only 0 t2only 0 rtfail 0 rcfail 0 chain 0 t3c 0 keyfail 0 [0.1 s]
#   unit {'pos': 1635, 'blk': None}: om1 753 pos 1 st1 1 fail1 0 t4 0 t4only 0 t2only 0 rtfail 0 rcfail 0 chain 0 t3c 1 keyfail 0 [0.2 s]
#   unit {'pos': 1638, 'blk': None}: om1 742 pos 1 st1 1 fail1 0 t4 0 t4only 0 t2only 0 rtfail 0 rcfail 0 chain 0 t3c 0 keyfail 0 [0.1 s]
#   unit {'pos': 1640, 'blk': None}: om1 789 pos 1 st1 1 fail1 0 t4 0 t4only 0 t2only 0 rtfail 0 rcfail 0 chain 0 t3c 1 keyfail 0 [0.2 s]
#   unit {'pos': 1641, 'blk': None}: om1 684 pos 0 st1 0 fail1 0 t4 0 t4only 0 t2only 0 rtfail 0 rcfail 0 chain 0 t3c 0 keyfail 0 [0.2 s]
#   unit {'pos': 1642, 'blk': None}: om1 779 pos 1 st1 1 fail1 0 t4 1 t4only 0 t2only 0 rtfail 0 rcfail 0 chain 0 t3c 1 keyfail 0 [0.1 s]
#   unit {'pos': 1639, 'blk': None}: om1 788 pos 0 st1 0 fail1 0 t4 0 t4only 0 t2only 0 rtfail 0 rcfail 0 chain 0 t3c 0 keyfail 0 [0.2 s]
#   unit {'pos': 1644, 'blk': None}: om1 779 pos 4 st1 4 fail1 0 t4 4 t4only 0 t2only 0 rtfail 0 rcfail 0 chain 0 t3c 4 keyfail 0 [0.1 s]
#   unit {'pos': 1643, 'blk': None}: om1 745 pos 0 st1 0 fail1 0 t4 0 t4only 0 t2only 0 rtfail 0 rcfail 0 chain 0 t3c 0 keyfail 0 [0.2 s]
#   unit {'pos': 1645, 'blk': None}: om1 739 pos 2 st1 2 fail1 0 t4 2 t4only 0 t2only 0 rtfail 0 rcfail 0 chain 0 t3c 2 keyfail 0 [0.2 s]
#   unit {'pos': 1646, 'blk': None}: om1 745 pos 0 st1 0 fail1 0 t4 0 t4only 0 t2only 0 rtfail 0 rcfail 0 chain 0 t3c 0 keyfail 0 [0.2 s]
#   unit {'pos': 1647, 'blk': None}: om1 779 pos 2 st1 2 fail1 0 t4 2 t4only 0 t2only 0 rtfail 0 rcfail 0 chain 0 t3c 2 keyfail 0 [0.1 s]
#   unit {'pos': 1648, 'blk': None}: om1 750 pos 1 st1 1 fail1 0 t4 0 t4only 0 t2only 0 rtfail 0 rcfail 0 chain 0 t3c 1 keyfail 0 [0.1 s]
#   unit {'pos': 1651, 'blk': None}: om1 827 pos 1 st1 1 fail1 0 t4 1 t4only 0 t2only 0 rtfail 0 rcfail 0 chain 0 t3c 1 keyfail 0 [0.1 s]
#   unit {'pos': 1649, 'blk': None}: om1 762 pos 0 st1 0 fail1 0 t4 0 t4only 0 t2only 0 rtfail 0 rcfail 0 chain 0 t3c 0 keyfail 0 [0.2 s]
#   unit {'pos': 1650, 'blk': None}: om1 808 pos 0 st1 0 fail1 0 t4 0 t4only 0 t2only 0 rtfail 0 rcfail 0 chain 0 t3c 0 keyfail 0 [0.2 s]
#   unit {'pos': 1653, 'blk': None}: om1 744 pos 0 st1 0 fail1 0 t4 0 t4only 0 t2only 0 rtfail 0 rcfail 0 chain 0 t3c 0 keyfail 0 [0.1 s]
#   unit {'pos': 1652, 'blk': None}: om1 758 pos 0 st1 0 fail1 0 t4 0 t4only 0 t2only 0 rtfail 0 rcfail 0 chain 0 t3c 0 keyfail 0 [0.3 s]
#   unit {'pos': 1654, 'blk': None}: om1 780 pos 0 st1 0 fail1 0 t4 0 t4only 0 t2only 0 rtfail 0 rcfail 0 chain 0 t3c 0 keyfail 0 [0.2 s]
#   unit {'pos': 1655, 'blk': None}: om1 799 pos 0 st1 0 fail1 0 t4 0 t4only 0 t2only 0 rtfail 0 rcfail 0 chain 0 t3c 0 keyfail 0 [0.2 s]
#   unit {'pos': 1656, 'blk': None}: om1 779 pos 0 st1 0 fail1 0 t4 0 t4only 0 t2only 0 rtfail 0 rcfail 0 chain 0 t3c 0 keyfail 0 [0.2 s]
#   unit {'pos': 1657, 'blk': None}: om1 747 pos 0 st1 0 fail1 0 t4 0 t4only 0 t2only 0 rtfail 0 rcfail 0 chain 0 t3c 0 keyfail 0 [0.2 s]
#   unit {'pos': 1659, 'blk': None}: om1 752 pos 3 st1 3 fail1 0 t4 2 t4only 0 t2only 0 rtfail 0 rcfail 0 chain 0 t3c 3 keyfail 0 [0.1 s]
#   unit {'pos': 1658, 'blk': None}: om1 775 pos 3 st1 3 fail1 0 t4 0 t4only 0 t2only 0 rtfail 0 rcfail 0 chain 0 t3c 3 keyfail 0 [0.2 s]
#   unit {'pos': 1662, 'blk': None}: om1 755 pos 2 st1 2 fail1 0 t4 2 t4only 0 t2only 0 rtfail 0 rcfail 0 chain 0 t3c 2 keyfail 0 [0.1 s]
#   unit {'pos': 1660, 'blk': None}: om1 801 pos 6 st1 6 fail1 0 t4 0 t4only 0 t2only 0 rtfail 0 rcfail 0 chain 0 t3c 6 keyfail 0 [0.2 s]
#   unit {'pos': 1661, 'blk': None}: om1 780 pos 4 st1 4 fail1 0 t4 0 t4only 0 t2only 0 rtfail 0 rcfail 0 chain 0 t3c 4 keyfail 0 [0.2 s]
#   unit {'pos': 1663, 'blk': None}: om1 751 pos 0 st1 0 fail1 0 t4 0 t4only 0 t2only 0 rtfail 0 rcfail 0 chain 0 t3c 0 keyfail 0 [0.2 s]
#   unit {'pos': 1664, 'blk': None}: om1 730 pos 0 st1 0 fail1 0 t4 0 t4only 0 t2only 0 rtfail 0 rcfail 0 chain 0 t3c 0 keyfail 0 [0.2 s]
#   unit {'pos': 1666, 'blk': None}: om1 771 pos 2 st1 2 fail1 0 t4 0 t4only 0 t2only 0 rtfail 0 rcfail 0 chain 0 t3c 2 keyfail 0 [0.2 s]
#   unit {'pos': 1665, 'blk': None}: om1 820 pos 0 st1 0 fail1 0 t4 0 t4only 0 t2only 0 rtfail 0 rcfail 0 chain 0 t3c 0 keyfail 0 [0.2 s]
#   unit {'pos': 1667, 'blk': None}: om1 788 pos 1 st1 1 fail1 0 t4 1 t4only 0 t2only 0 rtfail 0 rcfail 0 chain 0 t3c 1 keyfail 0 [0.1 s]
#   unit {'pos': 1671, 'blk': None}: om1 806 pos 1 st1 1 fail1 0 t4 1 t4only 0 t2only 0 rtfail 0 rcfail 0 chain 0 t3c 1 keyfail 0 [0.1 s]
#   unit {'pos': 1668, 'blk': None}: om1 819 pos 0 st1 0 fail1 0 t4 0 t4only 0 t2only 0 rtfail 0 rcfail 0 chain 0 t3c 0 keyfail 0 [0.2 s]
#   unit {'pos': 1669, 'blk': None}: om1 780 pos 3 st1 3 fail1 0 t4 3 t4only 0 t2only 0 rtfail 0 rcfail 0 chain 0 t3c 3 keyfail 0 [0.2 s]
#   unit {'pos': 1670, 'blk': None}: om1 738 pos 0 st1 0 fail1 0 t4 0 t4only 0 t2only 0 rtfail 0 rcfail 0 chain 0 t3c 0 keyfail 0 [0.2 s]
#   unit {'pos': 1673, 'blk': None}: om1 786 pos 0 st1 0 fail1 0 t4 0 t4only 0 t2only 0 rtfail 0 rcfail 0 chain 0 t3c 0 keyfail 0 [0.1 s]
#   unit {'pos': 1672, 'blk': None}: om1 761 pos 0 st1 0 fail1 0 t4 0 t4only 0 t2only 0 rtfail 0 rcfail 0 chain 0 t3c 0 keyfail 0 [0.2 s]
#   unit {'pos': 1674, 'blk': None}: om1 758 pos 0 st1 0 fail1 0 t4 0 t4only 0 t2only 0 rtfail 0 rcfail 0 chain 0 t3c 0 keyfail 0 [0.2 s]
#   unit {'pos': 1675, 'blk': None}: om1 774 pos 1 st1 1 fail1 0 t4 0 t4only 0 t2only 0 rtfail 0 rcfail 0 chain 0 t3c 1 keyfail 0 [0.2 s]
#   unit {'pos': 1676, 'blk': None}: om1 756 pos 0 st1 0 fail1 0 t4 0 t4only 0 t2only 0 rtfail 0 rcfail 0 chain 0 t3c 0 keyfail 0 [0.2 s]
#   unit {'pos': 1677, 'blk': None}: om1 711 pos 2 st1 2 fail1 0 t4 0 t4only 0 t2only 0 rtfail 0 rcfail 0 chain 0 t3c 2 keyfail 0 [0.2 s]
#   unit {'pos': 1678, 'blk': None}: om1 741 pos 0 st1 0 fail1 0 t4 0 t4only 0 t2only 0 rtfail 0 rcfail 0 chain 0 t3c 0 keyfail 0 [0.2 s]
#   unit {'pos': 1679, 'blk': None}: om1 760 pos 2 st1 2 fail1 0 t4 0 t4only 0 t2only 0 rtfail 0 rcfail 0 chain 0 t3c 2 keyfail 0 [0.2 s]
#   unit {'pos': 1680, 'blk': None}: om1 718 pos 0 st1 0 fail1 0 t4 0 t4only 0 t2only 0 rtfail 0 rcfail 0 chain 0 t3c 0 keyfail 0 [0.2 s]
#   unit {'pos': 1681, 'blk': None}: om1 778 pos 0 st1 0 fail1 0 t4 0 t4only 0 t2only 0 rtfail 0 rcfail 0 chain 0 t3c 0 keyfail 0 [0.2 s]
#   unit {'pos': 1682, 'blk': None}: om1 746 pos 0 st1 0 fail1 0 t4 0 t4only 0 t2only 0 rtfail 0 rcfail 0 chain 0 t3c 0 keyfail 0 [0.2 s]
#   unit {'pos': 1684, 'blk': None}: om1 727 pos 0 st1 0 fail1 0 t4 0 t4only 0 t2only 0 rtfail 0 rcfail 0 chain 0 t3c 0 keyfail 0 [0.2 s]
#   unit {'pos': 1683, 'blk': None}: om1 763 pos 1 st1 1 fail1 0 t4 1 t4only 0 t2only 0 rtfail 0 rcfail 0 chain 0 t3c 1 keyfail 0 [0.2 s]
#   unit {'pos': 1685, 'blk': None}: om1 726 pos 0 st1 0 fail1 0 t4 0 t4only 0 t2only 0 rtfail 0 rcfail 0 chain 0 t3c 0 keyfail 0 [0.2 s]
#   unit {'pos': 1689, 'blk': None}: om1 714 pos 2 st1 2 fail1 0 t4 1 t4only 0 t2only 0 rtfail 0 rcfail 0 chain 0 t3c 2 keyfail 0 [0.1 s]
#   unit {'pos': 1686, 'blk': None}: om1 753 pos 1 st1 1 fail1 0 t4 0 t4only 0 t2only 0 rtfail 0 rcfail 0 chain 0 t3c 1 keyfail 0 [0.2 s]
#   unit {'pos': 1687, 'blk': None}: om1 755 pos 4 st1 4 fail1 0 t4 0 t4only 0 t2only 0 rtfail 0 rcfail 0 chain 0 t3c 4 keyfail 0 [0.2 s]
#   unit {'pos': 1688, 'blk': None}: om1 780 pos 0 st1 0 fail1 0 t4 0 t4only 0 t2only 0 rtfail 0 rcfail 0 chain 0 t3c 0 keyfail 0 [0.2 s]
#   unit {'pos': 1690, 'blk': None}: om1 783 pos 2 st1 2 fail1 0 t4 0 t4only 0 t2only 0 rtfail 0 rcfail 0 chain 0 t3c 2 keyfail 0 [0.1 s]
#   unit {'pos': 1694, 'blk': None}: om1 719 pos 1 st1 1 fail1 0 t4 1 t4only 0 t2only 0 rtfail 0 rcfail 0 chain 0 t3c 1 keyfail 0 [0.1 s]
#   unit {'pos': 1695, 'blk': None}: om1 817 pos 3 st1 3 fail1 0 t4 1 t4only 0 t2only 0 rtfail 0 rcfail 0 chain 0 t3c 3 keyfail 0 [0.1 s]
#   unit {'pos': 1692, 'blk': None}: om1 815 pos 11 st1 11 fail1 0 t4 3 t4only 0 t2only 0 rtfail 0 rcfail 0 chain 0 t3c 11 keyfail 0 [0.2 s]
#   unit {'pos': 1693, 'blk': None}: om1 802 pos 0 st1 0 fail1 0 t4 0 t4only 0 t2only 0 rtfail 0 rcfail 0 chain 0 t3c 0 keyfail 0 [0.2 s]
#   unit {'pos': 1691, 'blk': None}: om1 734 pos 1 st1 1 fail1 0 t4 0 t4only 0 t2only 0 rtfail 0 rcfail 0 chain 0 t3c 1 keyfail 0 [0.3 s]
#   unit {'pos': 1697, 'blk': None}: om1 734 pos 0 st1 0 fail1 0 t4 0 t4only 0 t2only 0 rtfail 0 rcfail 0 chain 0 t3c 0 keyfail 0 [0.2 s]
#   unit {'pos': 1696, 'blk': None}: om1 786 pos 2 st1 2 fail1 0 t4 1 t4only 0 t2only 0 rtfail 0 rcfail 0 chain 0 t3c 2 keyfail 0 [0.2 s]
#   unit {'pos': 1698, 'blk': None}: om1 772 pos 0 st1 0 fail1 0 t4 0 t4only 0 t2only 0 rtfail 0 rcfail 0 chain 0 t3c 0 keyfail 0 [0.2 s]
#   unit {'pos': 1699, 'blk': None}: om1 782 pos 0 st1 0 fail1 0 t4 0 t4only 0 t2only 0 rtfail 0 rcfail 0 chain 0 t3c 0 keyfail 0 [0.2 s]
#   unit {'pos': 1703, 'blk': None}: om1 707 pos 5 st1 5 fail1 0 t4 0 t4only 0 t2only 0 rtfail 0 rcfail 0 chain 0 t3c 4 keyfail 0 [0.1 s]
#   unit {'pos': 1702, 'blk': None}: om1 724 pos 10 st1 10 fail1 0 t4 1 t4only 0 t2only 0 rtfail 0 rcfail 0 chain 0 t3c 10 keyfail 0 [0.2 s]
#   unit {'pos': 1700, 'blk': None}: om1 812 pos 1 st1 1 fail1 0 t4 0 t4only 0 t2only 0 rtfail 0 rcfail 0 chain 0 t3c 0 keyfail 0 [0.2 s]
#   unit {'pos': 1701, 'blk': None}: om1 765 pos 0 st1 0 fail1 0 t4 0 t4only 0 t2only 0 rtfail 0 rcfail 0 chain 0 t3c 0 keyfail 0 [0.2 s]
#   unit {'pos': 1704, 'blk': None}: om1 791 pos 5 st1 5 fail1 0 t4 1 t4only 0 t2only 0 rtfail 0 rcfail 0 chain 0 t3c 5 keyfail 0 [0.2 s]
#   unit {'pos': 1706, 'blk': None}: om1 776 pos 2 st1 2 fail1 0 t4 1 t4only 0 t2only 0 rtfail 0 rcfail 0 chain 0 t3c 2 keyfail 0 [0.2 s]
#   unit {'pos': 1705, 'blk': None}: om1 764 pos 0 st1 0 fail1 0 t4 0 t4only 0 t2only 0 rtfail 0 rcfail 0 chain 0 t3c 0 keyfail 0 [0.2 s]
#   unit {'pos': 1707, 'blk': None}: om1 832 pos 0 st1 0 fail1 0 t4 0 t4only 0 t2only 0 rtfail 0 rcfail 0 chain 0 t3c 0 keyfail 0 [0.2 s]
#   unit {'pos': 1708, 'blk': None}: om1 835 pos 0 st1 0 fail1 0 t4 0 t4only 0 t2only 0 rtfail 0 rcfail 0 chain 0 t3c 0 keyfail 0 [0.2 s]
#   unit {'pos': 1709, 'blk': None}: om1 736 pos 3 st1 3 fail1 0 t4 0 t4only 0 t2only 0 rtfail 0 rcfail 0 chain 0 t3c 2 keyfail 0 [0.2 s]
#   unit {'pos': 1711, 'blk': None}: om1 757 pos 2 st1 2 fail1 0 t4 0 t4only 0 t2only 0 rtfail 0 rcfail 0 chain 0 t3c 2 keyfail 0 [0.2 s]
#   unit {'pos': 1710, 'blk': None}: om1 798 pos 7 st1 7 fail1 0 t4 2 t4only 0 t2only 0 rtfail 0 rcfail 0 chain 0 t3c 7 keyfail 0 [0.2 s]
#   unit {'pos': 1712, 'blk': None}: om1 766 pos 1 st1 1 fail1 0 t4 1 t4only 0 t2only 0 rtfail 0 rcfail 0 chain 0 t3c 1 keyfail 0 [0.2 s]
#   unit {'pos': 1713, 'blk': None}: om1 744 pos 2 st1 2 fail1 0 t4 2 t4only 0 t2only 0 rtfail 0 rcfail 0 chain 0 t3c 2 keyfail 0 [0.2 s]
#   unit {'pos': 1714, 'blk': None}: om1 771 pos 2 st1 2 fail1 0 t4 0 t4only 0 t2only 0 rtfail 0 rcfail 0 chain 0 t3c 2 keyfail 0 [0.2 s]
#   unit {'pos': 1715, 'blk': None}: om1 764 pos 3 st1 3 fail1 0 t4 1 t4only 0 t2only 0 rtfail 0 rcfail 0 chain 0 t3c 3 keyfail 0 [0.2 s]
#   unit {'pos': 1716, 'blk': None}: om1 832 pos 1 st1 1 fail1 0 t4 0 t4only 0 t2only 0 rtfail 0 rcfail 0 chain 0 t3c 1 keyfail 0 [0.2 s]
#   unit {'pos': 1717, 'blk': None}: om1 754 pos 0 st1 0 fail1 0 t4 0 t4only 0 t2only 0 rtfail 0 rcfail 0 chain 0 t3c 0 keyfail 0 [0.1 s]
#   unit {'pos': 1720, 'blk': None}: om1 764 pos 0 st1 0 fail1 0 t4 0 t4only 0 t2only 0 rtfail 0 rcfail 0 chain 0 t3c 0 keyfail 0 [0.1 s]
#   unit {'pos': 1718, 'blk': None}: om1 803 pos 2 st1 2 fail1 0 t4 2 t4only 0 t2only 0 rtfail 0 rcfail 0 chain 0 t3c 2 keyfail 0 [0.3 s]
#   unit {'pos': 1719, 'blk': None}: om1 746 pos 1 st1 1 fail1 0 t4 1 t4only 0 t2only 0 rtfail 0 rcfail 0 chain 0 t3c 1 keyfail 0 [0.2 s]
#   unit {'pos': 1721, 'blk': None}: om1 819 pos 1 st1 1 fail1 0 t4 0 t4only 0 t2only 0 rtfail 0 rcfail 0 chain 0 t3c 1 keyfail 0 [0.2 s]
#   unit {'pos': 1722, 'blk': None}: om1 754 pos 1 st1 1 fail1 0 t4 1 t4only 0 t2only 0 rtfail 0 rcfail 0 chain 0 t3c 1 keyfail 0 [0.1 s]
#   unit {'pos': 1726, 'blk': None}: om1 788 pos 0 st1 0 fail1 0 t4 0 t4only 0 t2only 0 rtfail 0 rcfail 0 chain 0 t3c 0 keyfail 0 [0.1 s]
#   unit {'pos': 1727, 'blk': None}: om1 769 pos 0 st1 0 fail1 0 t4 0 t4only 0 t2only 0 rtfail 0 rcfail 0 chain 0 t3c 0 keyfail 0 [0.1 s]
#   unit {'pos': 1725, 'blk': None}: om1 777 pos 0 st1 0 fail1 0 t4 0 t4only 0 t2only 0 rtfail 0 rcfail 0 chain 0 t3c 0 keyfail 0 [0.3 s]
#   unit {'pos': 1724, 'blk': None}: om1 811 pos 0 st1 0 fail1 0 t4 0 t4only 0 t2only 0 rtfail 0 rcfail 0 chain 0 t3c 0 keyfail 0 [0.3 s]
#   unit {'pos': 1723, 'blk': None}: om1 759 pos 1 st1 1 fail1 0 t4 0 t4only 0 t2only 0 rtfail 0 rcfail 0 chain 0 t3c 1 keyfail 0 [0.3 s]
#   unit {'pos': 1728, 'blk': None}: om1 708 pos 1 st1 1 fail1 0 t4 0 t4only 0 t2only 0 rtfail 0 rcfail 0 chain 0 t3c 1 keyfail 0 [0.2 s]
#   unit {'pos': 1730, 'blk': None}: om1 775 pos 0 st1 0 fail1 0 t4 0 t4only 0 t2only 0 rtfail 0 rcfail 0 chain 0 t3c 0 keyfail 0 [0.2 s]
#   unit {'pos': 1731, 'blk': None}: om1 770 pos 0 st1 0 fail1 0 t4 0 t4only 0 t2only 0 rtfail 0 rcfail 0 chain 0 t3c 0 keyfail 0 [0.2 s]
#   unit {'pos': 1729, 'blk': None}: om1 797 pos 0 st1 0 fail1 0 t4 0 t4only 0 t2only 0 rtfail 0 rcfail 0 chain 0 t3c 0 keyfail 0 [0.2 s]
#   unit {'pos': 1735, 'blk': None}: om1 749 pos 2 st1 2 fail1 0 t4 1 t4only 0 t2only 0 rtfail 0 rcfail 0 chain 0 t3c 2 keyfail 0 [0.1 s]
#   unit {'pos': 1736, 'blk': None}: om1 776 pos 0 st1 0 fail1 0 t4 0 t4only 0 t2only 0 rtfail 0 rcfail 0 chain 0 t3c 0 keyfail 0 [0.1 s]
#   unit {'pos': 1732, 'blk': None}: om1 799 pos 0 st1 0 fail1 0 t4 0 t4only 0 t2only 0 rtfail 0 rcfail 0 chain 0 t3c 0 keyfail 0 [0.3 s]
#   unit {'pos': 1733, 'blk': None}: om1 745 pos 2 st1 2 fail1 0 t4 2 t4only 0 t2only 0 rtfail 0 rcfail 0 chain 0 t3c 2 keyfail 0 [0.3 s]
#   unit {'pos': 1734, 'blk': None}: om1 738 pos 1 st1 1 fail1 0 t4 0 t4only 0 t2only 0 rtfail 0 rcfail 0 chain 0 t3c 1 keyfail 0 [0.3 s]
#   unit {'pos': 1737, 'blk': None}: om1 729 pos 1 st1 1 fail1 0 t4 0 t4only 0 t2only 0 rtfail 0 rcfail 0 chain 0 t3c 1 keyfail 0 [0.2 s]
#   unit {'pos': 1738, 'blk': None}: om1 739 pos 2 st1 2 fail1 0 t4 0 t4only 0 t2only 0 rtfail 0 rcfail 0 chain 0 t3c 2 keyfail 0 [0.2 s]
#   unit {'pos': 1739, 'blk': None}: om1 778 pos 2 st1 2 fail1 0 t4 0 t4only 0 t2only 0 rtfail 0 rcfail 0 chain 0 t3c 1 keyfail 0 [0.2 s]
#   unit {'pos': 1740, 'blk': None}: om1 728 pos 0 st1 0 fail1 0 t4 0 t4only 0 t2only 0 rtfail 0 rcfail 0 chain 0 t3c 0 keyfail 0 [0.2 s]
#   unit {'pos': 1743, 'blk': None}: om1 722 pos 0 st1 0 fail1 0 t4 0 t4only 0 t2only 0 rtfail 0 rcfail 0 chain 0 t3c 0 keyfail 0 [0.1 s]
#   unit {'pos': 1742, 'blk': None}: om1 739 pos 0 st1 0 fail1 0 t4 0 t4only 0 t2only 0 rtfail 0 rcfail 0 chain 0 t3c 0 keyfail 0 [0.2 s]
#   unit {'pos': 1744, 'blk': None}: om1 698 pos 0 st1 0 fail1 0 t4 0 t4only 0 t2only 0 rtfail 0 rcfail 0 chain 0 t3c 0 keyfail 0 [0.2 s]
#   unit {'pos': 1745, 'blk': None}: om1 778 pos 1 st1 1 fail1 0 t4 0 t4only 0 t2only 0 rtfail 0 rcfail 0 chain 0 t3c 0 keyfail 0 [0.1 s]
#   unit {'pos': 1748, 'blk': None}: om1 759 pos 2 st1 2 fail1 0 t4 0 t4only 0 t2only 0 rtfail 0 rcfail 0 chain 0 t3c 2 keyfail 0 [0.1 s]
#   unit {'pos': 1746, 'blk': None}: om1 777 pos 0 st1 0 fail1 0 t4 0 t4only 0 t2only 0 rtfail 0 rcfail 0 chain 0 t3c 0 keyfail 0 [0.3 s]
#   unit {'pos': 1741, 'blk': None}: om1 756 pos 3 st1 3 fail1 0 t4 1 t4only 0 t2only 0 rtfail 0 rcfail 0 chain 0 t3c 3 keyfail 0 [0.5 s]
#   unit {'pos': 1747, 'blk': None}: om1 740 pos 0 st1 0 fail1 0 t4 0 t4only 0 t2only 0 rtfail 0 rcfail 0 chain 0 t3c 0 keyfail 0 [0.2 s]
#   unit {'pos': 1749, 'blk': None}: om1 700 pos 1 st1 1 fail1 0 t4 0 t4only 0 t2only 0 rtfail 0 rcfail 0 chain 0 t3c 1 keyfail 0 [0.2 s]
#   unit {'pos': 1750, 'blk': None}: om1 772 pos 0 st1 0 fail1 0 t4 0 t4only 0 t2only 0 rtfail 0 rcfail 0 chain 0 t3c 0 keyfail 0 [0.2 s]
#   unit {'pos': 1751, 'blk': None}: om1 762 pos 5 st1 5 fail1 0 t4 1 t4only 0 t2only 0 rtfail 0 rcfail 0 chain 0 t3c 5 keyfail 0 [0.2 s]
#   unit {'pos': 1752, 'blk': None}: om1 738 pos 0 st1 0 fail1 0 t4 0 t4only 0 t2only 0 rtfail 0 rcfail 0 chain 0 t3c 0 keyfail 0 [0.2 s]
#   unit {'pos': 1753, 'blk': None}: om1 783 pos 2 st1 2 fail1 0 t4 2 t4only 0 t2only 0 rtfail 0 rcfail 0 chain 0 t3c 2 keyfail 0 [0.2 s]
#   unit {'pos': 1754, 'blk': None}: om1 751 pos 1 st1 1 fail1 0 t4 1 t4only 0 t2only 0 rtfail 0 rcfail 0 chain 0 t3c 1 keyfail 0 [0.2 s]
#   unit {'pos': 1755, 'blk': None}: om1 748 pos 0 st1 0 fail1 0 t4 0 t4only 0 t2only 0 rtfail 0 rcfail 0 chain 0 t3c 0 keyfail 0 [0.2 s]
#   unit {'pos': 1756, 'blk': None}: om1 771 pos 0 st1 0 fail1 0 t4 0 t4only 0 t2only 0 rtfail 0 rcfail 0 chain 0 t3c 0 keyfail 0 [0.2 s]
#   unit {'pos': 1757, 'blk': None}: om1 759 pos 3 st1 3 fail1 0 t4 3 t4only 0 t2only 0 rtfail 0 rcfail 0 chain 0 t3c 3 keyfail 0 [0.2 s]
#   unit {'pos': 1759, 'blk': None}: om1 765 pos 2 st1 2 fail1 0 t4 0 t4only 0 t2only 0 rtfail 0 rcfail 0 chain 0 t3c 2 keyfail 0 [0.2 s]
#   unit {'pos': 1760, 'blk': None}: om1 720 pos 0 st1 0 fail1 0 t4 0 t4only 0 t2only 0 rtfail 0 rcfail 0 chain 0 t3c 0 keyfail 0 [0.2 s]
#   unit {'pos': 1758, 'blk': None}: om1 781 pos 0 st1 0 fail1 0 t4 0 t4only 0 t2only 0 rtfail 0 rcfail 0 chain 0 t3c 0 keyfail 0 [0.2 s]
#   unit {'pos': 1764, 'blk': None}: om1 742 pos 2 st1 2 fail1 0 t4 2 t4only 0 t2only 0 rtfail 0 rcfail 0 chain 0 t3c 2 keyfail 0 [0.1 s]
#   unit {'pos': 1761, 'blk': None}: om1 713 pos 0 st1 0 fail1 0 t4 0 t4only 0 t2only 0 rtfail 0 rcfail 0 chain 0 t3c 0 keyfail 0 [0.2 s]
#   unit {'pos': 1762, 'blk': None}: om1 776 pos 0 st1 0 fail1 0 t4 0 t4only 0 t2only 0 rtfail 0 rcfail 0 chain 0 t3c 0 keyfail 0 [0.2 s]
#   unit {'pos': 1763, 'blk': None}: om1 766 pos 0 st1 0 fail1 0 t4 0 t4only 0 t2only 0 rtfail 0 rcfail 0 chain 0 t3c 0 keyfail 0 [0.3 s]
#   unit {'pos': 1765, 'blk': None}: om1 773 pos 2 st1 2 fail1 0 t4 1 t4only 0 t2only 0 rtfail 0 rcfail 0 chain 0 t3c 2 keyfail 0 [0.2 s]
#   unit {'pos': 1766, 'blk': None}: om1 784 pos 0 st1 0 fail1 0 t4 0 t4only 0 t2only 0 rtfail 0 rcfail 0 chain 0 t3c 0 keyfail 0 [0.2 s]
#   unit {'pos': 1767, 'blk': None}: om1 815 pos 0 st1 0 fail1 0 t4 0 t4only 0 t2only 0 rtfail 0 rcfail 0 chain 0 t3c 0 keyfail 0 [0.2 s]
#   unit {'pos': 1768, 'blk': None}: om1 792 pos 0 st1 0 fail1 0 t4 0 t4only 0 t2only 0 rtfail 0 rcfail 0 chain 0 t3c 0 keyfail 0 [0.2 s]
#   unit {'pos': 1769, 'blk': None}: om1 790 pos 1 st1 1 fail1 0 t4 0 t4only 0 t2only 0 rtfail 0 rcfail 0 chain 0 t3c 1 keyfail 0 [0.2 s]
#   unit {'pos': 1770, 'blk': None}: om1 773 pos 0 st1 0 fail1 0 t4 0 t4only 0 t2only 0 rtfail 0 rcfail 0 chain 0 t3c 0 keyfail 0 [0.2 s]
#   unit {'pos': 1771, 'blk': None}: om1 748 pos 2 st1 2 fail1 0 t4 1 t4only 0 t2only 0 rtfail 0 rcfail 0 chain 0 t3c 2 keyfail 0 [0.2 s]
#   unit {'pos': 1772, 'blk': None}: om1 772 pos 0 st1 0 fail1 0 t4 0 t4only 0 t2only 0 rtfail 0 rcfail 0 chain 0 t3c 0 keyfail 0 [0.2 s]
#   unit {'pos': 1773, 'blk': None}: om1 776 pos 0 st1 0 fail1 0 t4 0 t4only 0 t2only 0 rtfail 0 rcfail 0 chain 0 t3c 0 keyfail 0 [0.2 s]
#   unit {'pos': 1774, 'blk': None}: om1 752 pos 1 st1 1 fail1 0 t4 0 t4only 0 t2only 0 rtfail 0 rcfail 0 chain 0 t3c 1 keyfail 0 [0.2 s]
#   unit {'pos': 1776, 'blk': None}: om1 771 pos 3 st1 3 fail1 0 t4 3 t4only 0 t2only 0 rtfail 0 rcfail 0 chain 0 t3c 3 keyfail 0 [0.1 s]
#   unit {'pos': 1775, 'blk': None}: om1 750 pos 2 st1 2 fail1 0 t4 0 t4only 0 t2only 0 rtfail 0 rcfail 0 chain 0 t3c 2 keyfail 0 [0.3 s]
#   unit {'pos': 1777, 'blk': None}: om1 750 pos 3 st1 3 fail1 0 t4 0 t4only 0 t2only 0 rtfail 0 rcfail 0 chain 0 t3c 3 keyfail 0 [0.2 s]
#   unit {'pos': 1778, 'blk': None}: om1 773 pos 1 st1 1 fail1 0 t4 0 t4only 0 t2only 0 rtfail 0 rcfail 0 chain 0 t3c 1 keyfail 0 [0.2 s]
#   unit {'pos': 1779, 'blk': None}: om1 798 pos 5 st1 5 fail1 0 t4 3 t4only 0 t2only 0 rtfail 0 rcfail 0 chain 0 t3c 4 keyfail 0 [0.2 s]
#   unit {'pos': 1780, 'blk': None}: om1 802 pos 2 st1 2 fail1 0 t4 1 t4only 0 t2only 0 rtfail 0 rcfail 0 chain 0 t3c 2 keyfail 0 [0.2 s]
#   unit {'pos': 1781, 'blk': None}: om1 807 pos 1 st1 1 fail1 0 t4 0 t4only 0 t2only 0 rtfail 0 rcfail 0 chain 0 t3c 1 keyfail 0 [0.2 s]
#   unit {'pos': 1782, 'blk': None}: om1 779 pos 7 st1 7 fail1 0 t4 0 t4only 0 t2only 0 rtfail 0 rcfail 0 chain 0 t3c 7 keyfail 0 [0.3 s]
#   unit {'pos': 1783, 'blk': None}: om1 804 pos 8 st1 8 fail1 0 t4 2 t4only 0 t2only 0 rtfail 0 rcfail 0 chain 0 t3c 8 keyfail 0 [0.3 s]
#   unit {'pos': 1785, 'blk': None}: om1 835 pos 4 st1 4 fail1 0 t4 2 t4only 0 t2only 0 rtfail 0 rcfail 0 chain 0 t3c 3 keyfail 0 [0.2 s]
#   unit {'pos': 1784, 'blk': None}: om1 807 pos 4 st1 4 fail1 0 t4 2 t4only 0 t2only 0 rtfail 0 rcfail 0 chain 0 t3c 4 keyfail 0 [0.3 s]
#   unit {'pos': 1788, 'blk': None}: om1 749 pos 0 st1 0 fail1 0 t4 0 t4only 0 t2only 0 rtfail 0 rcfail 0 chain 0 t3c 0 keyfail 0 [0.1 s]
#   unit {'pos': 1786, 'blk': None}: om1 773 pos 0 st1 0 fail1 0 t4 0 t4only 0 t2only 0 rtfail 0 rcfail 0 chain 0 t3c 0 keyfail 0 [0.3 s]
#   unit {'pos': 1790, 'blk': None}: om1 739 pos 1 st1 1 fail1 0 t4 0 t4only 0 t2only 0 rtfail 0 rcfail 0 chain 0 t3c 1 keyfail 0 [0.1 s]
#   unit {'pos': 1792, 'blk': None}: om1 730 pos 3 st1 3 fail1 0 t4 2 t4only 0 t2only 0 rtfail 0 rcfail 0 chain 0 t3c 3 keyfail 0 [0.1 s]
#   unit {'pos': 1789, 'blk': None}: om1 820 pos 0 st1 0 fail1 0 t4 0 t4only 0 t2only 0 rtfail 0 rcfail 0 chain 0 t3c 0 keyfail 0 [0.3 s]
#   unit {'pos': 1787, 'blk': None}: om1 811 pos 8 st1 8 fail1 0 t4 5 t4only 0 t2only 0 rtfail 0 rcfail 0 chain 0 t3c 8 keyfail 0 [0.4 s]
#   unit {'pos': 1791, 'blk': None}: om1 736 pos 0 st1 0 fail1 0 t4 0 t4only 0 t2only 0 rtfail 0 rcfail 0 chain 0 t3c 0 keyfail 0 [0.3 s]
#   unit {'pos': 1793, 'blk': None}: om1 755 pos 0 st1 0 fail1 0 t4 0 t4only 0 t2only 0 rtfail 0 rcfail 0 chain 0 t3c 0 keyfail 0 [0.2 s]
#   unit {'pos': 1794, 'blk': None}: om1 755 pos 0 st1 0 fail1 0 t4 0 t4only 0 t2only 0 rtfail 0 rcfail 0 chain 0 t3c 0 keyfail 0 [0.2 s]
#   unit {'pos': 1795, 'blk': None}: om1 733 pos 1 st1 1 fail1 0 t4 0 t4only 0 t2only 0 rtfail 0 rcfail 0 chain 0 t3c 1 keyfail 0 [0.2 s]
#   unit {'pos': 1796, 'blk': None}: om1 745 pos 0 st1 0 fail1 0 t4 0 t4only 0 t2only 0 rtfail 0 rcfail 0 chain 0 t3c 0 keyfail 0 [0.2 s]
#   unit {'pos': 1797, 'blk': None}: om1 766 pos 3 st1 3 fail1 0 t4 1 t4only 0 t2only 0 rtfail 0 rcfail 0 chain 0 t3c 3 keyfail 0 [0.2 s]
#   unit {'pos': 1799, 'blk': None}: om1 774 pos 0 st1 0 fail1 0 t4 0 t4only 0 t2only 0 rtfail 0 rcfail 0 chain 0 t3c 0 keyfail 0 [0.2 s]
#   unit {'pos': 1798, 'blk': None}: om1 823 pos 0 st1 0 fail1 0 t4 0 t4only 0 t2only 0 rtfail 0 rcfail 0 chain 0 t3c 0 keyfail 0 [0.2 s]
#   unit {'pos': 1801, 'blk': None}: om1 834 pos 3 st1 3 fail1 0 t4 0 t4only 0 t2only 0 rtfail 0 rcfail 0 chain 0 t3c 3 keyfail 0 [0.2 s]
#   unit {'pos': 1800, 'blk': None}: om1 831 pos 8 st1 8 fail1 0 t4 8 t4only 0 t2only 0 rtfail 0 rcfail 0 chain 0 t3c 8 keyfail 0 [0.2 s]
#   unit {'pos': 1802, 'blk': None}: om1 758 pos 0 st1 0 fail1 0 t4 0 t4only 0 t2only 0 rtfail 0 rcfail 0 chain 0 t3c 0 keyfail 0 [0.2 s]
#   unit {'pos': 1803, 'blk': None}: om1 784 pos 0 st1 0 fail1 0 t4 0 t4only 0 t2only 0 rtfail 0 rcfail 0 chain 0 t3c 0 keyfail 0 [0.3 s]
#   unit {'pos': 1804, 'blk': None}: om1 764 pos 0 st1 0 fail1 0 t4 0 t4only 0 t2only 0 rtfail 0 rcfail 0 chain 0 t3c 0 keyfail 0 [0.2 s]
#   unit {'pos': 1805, 'blk': None}: om1 794 pos 0 st1 0 fail1 0 t4 0 t4only 0 t2only 0 rtfail 0 rcfail 0 chain 0 t3c 0 keyfail 0 [0.2 s]
#   unit {'pos': 1806, 'blk': None}: om1 769 pos 1 st1 1 fail1 0 t4 0 t4only 0 t2only 0 rtfail 0 rcfail 0 chain 0 t3c 1 keyfail 0 [0.2 s]
#   unit {'pos': 1808, 'blk': None}: om1 778 pos 1 st1 1 fail1 0 t4 1 t4only 0 t2only 0 rtfail 0 rcfail 0 chain 0 t3c 1 keyfail 0 [0.2 s]
#   unit {'pos': 1807, 'blk': None}: om1 741 pos 4 st1 4 fail1 0 t4 4 t4only 0 t2only 0 rtfail 0 rcfail 0 chain 0 t3c 4 keyfail 0 [0.2 s]
#   unit {'pos': 1809, 'blk': None}: om1 714 pos 1 st1 1 fail1 0 t4 0 t4only 0 t2only 0 rtfail 0 rcfail 0 chain 0 t3c 1 keyfail 0 [0.2 s]
#   unit {'pos': 1810, 'blk': None}: om1 791 pos 3 st1 3 fail1 0 t4 2 t4only 0 t2only 0 rtfail 0 rcfail 0 chain 0 t3c 3 keyfail 0 [0.2 s]
#   unit {'pos': 1811, 'blk': None}: om1 745 pos 0 st1 0 fail1 0 t4 0 t4only 0 t2only 0 rtfail 0 rcfail 0 chain 0 t3c 0 keyfail 0 [0.2 s]
#   unit {'pos': 1812, 'blk': None}: om1 751 pos 9 st1 9 fail1 0 t4 9 t4only 0 t2only 0 rtfail 0 rcfail 0 chain 0 t3c 9 keyfail 0 [0.2 s]
#   unit {'pos': 1813, 'blk': None}: om1 744 pos 0 st1 0 fail1 0 t4 0 t4only 0 t2only 0 rtfail 0 rcfail 0 chain 0 t3c 0 keyfail 0 [0.2 s]
#   unit {'pos': 1814, 'blk': None}: om1 779 pos 0 st1 0 fail1 0 t4 0 t4only 0 t2only 0 rtfail 0 rcfail 0 chain 0 t3c 0 keyfail 0 [0.2 s]
#   unit {'pos': 1815, 'blk': None}: om1 761 pos 0 st1 0 fail1 0 t4 0 t4only 0 t2only 0 rtfail 0 rcfail 0 chain 0 t3c 0 keyfail 0 [0.2 s]
#   unit {'pos': 1816, 'blk': None}: om1 816 pos 0 st1 0 fail1 0 t4 0 t4only 0 t2only 0 rtfail 0 rcfail 0 chain 0 t3c 0 keyfail 0 [0.2 s]
#   unit {'pos': 1817, 'blk': None}: om1 729 pos 0 st1 0 fail1 0 t4 0 t4only 0 t2only 0 rtfail 0 rcfail 0 chain 0 t3c 0 keyfail 0 [0.2 s]
#   unit {'pos': 1818, 'blk': None}: om1 786 pos 0 st1 0 fail1 0 t4 0 t4only 0 t2only 0 rtfail 0 rcfail 0 chain 0 t3c 0 keyfail 0 [0.2 s]
#   unit {'pos': 1820, 'blk': None}: om1 750 pos 0 st1 0 fail1 0 t4 0 t4only 0 t2only 0 rtfail 0 rcfail 0 chain 0 t3c 0 keyfail 0 [0.2 s]
#   unit {'pos': 1819, 'blk': None}: om1 779 pos 0 st1 0 fail1 0 t4 0 t4only 0 t2only 0 rtfail 0 rcfail 0 chain 0 t3c 0 keyfail 0 [0.2 s]
#   unit {'pos': 1821, 'blk': None}: om1 789 pos 0 st1 0 fail1 0 t4 0 t4only 0 t2only 0 rtfail 0 rcfail 0 chain 0 t3c 0 keyfail 0 [0.2 s]
#   unit {'pos': 1822, 'blk': None}: om1 780 pos 0 st1 0 fail1 0 t4 0 t4only 0 t2only 0 rtfail 0 rcfail 0 chain 0 t3c 0 keyfail 0 [0.2 s]
#   unit {'pos': 1823, 'blk': None}: om1 739 pos 1 st1 1 fail1 0 t4 1 t4only 0 t2only 0 rtfail 0 rcfail 0 chain 0 t3c 1 keyfail 0 [0.2 s]
#   unit {'pos': 1824, 'blk': None}: om1 721 pos 0 st1 0 fail1 0 t4 0 t4only 0 t2only 0 rtfail 0 rcfail 0 chain 0 t3c 0 keyfail 0 [0.2 s]
#   unit {'pos': 1825, 'blk': None}: om1 667 pos 10 st1 10 fail1 0 t4 6 t4only 0 t2only 0 rtfail 0 rcfail 0 chain 0 t3c 10 keyfail 0 [0.2 s]
#   unit {'pos': 1826, 'blk': None}: om1 653 pos 7 st1 7 fail1 0 t4 0 t4only 0 t2only 0 rtfail 0 rcfail 0 chain 0 t3c 7 keyfail 0 [0.2 s]
#   unit {'pos': 1827, 'blk': None}: om1 667 pos 0 st1 0 fail1 0 t4 0 t4only 0 t2only 0 rtfail 0 rcfail 0 chain 0 t3c 0 keyfail 0 [0.2 s]
#   unit {'pos': 1828, 'blk': None}: om1 631 pos 12 st1 12 fail1 0 t4 5 t4only 0 t2only 0 rtfail 0 rcfail 0 chain 0 t3c 12 keyfail 0 [0.2 s]
#   unit {'pos': 1829, 'blk': None}: om1 672 pos 0 st1 0 fail1 0 t4 0 t4only 0 t2only 0 rtfail 0 rcfail 0 chain 0 t3c 0 keyfail 0 [0.2 s]
#   unit {'pos': 1831, 'blk': None}: om1 652 pos 1 st1 1 fail1 0 t4 0 t4only 0 t2only 0 rtfail 0 rcfail 0 chain 0 t3c 1 keyfail 0 [0.2 s]
#   unit {'pos': 1830, 'blk': None}: om1 686 pos 2 st1 2 fail1 0 t4 0 t4only 0 t2only 0 rtfail 0 rcfail 0 chain 0 t3c 2 keyfail 0 [0.2 s]
#   unit {'pos': 1832, 'blk': None}: om1 704 pos 1 st1 1 fail1 0 t4 0 t4only 0 t2only 0 rtfail 0 rcfail 0 chain 0 t3c 1 keyfail 0 [0.2 s]
#   unit {'pos': 1833, 'blk': None}: om1 619 pos 0 st1 0 fail1 0 t4 0 t4only 0 t2only 0 rtfail 0 rcfail 0 chain 0 t3c 0 keyfail 0 [0.2 s]
#   unit {'pos': 1837, 'blk': None}: om1 663 pos 0 st1 0 fail1 0 t4 0 t4only 0 t2only 0 rtfail 0 rcfail 0 chain 0 t3c 0 keyfail 0 [0.1 s]
#   unit {'pos': 1834, 'blk': None}: om1 677 pos 1 st1 1 fail1 0 t4 1 t4only 0 t2only 0 rtfail 0 rcfail 0 chain 0 t3c 1 keyfail 0 [0.2 s]
#   unit {'pos': 1835, 'blk': None}: om1 703 pos 6 st1 6 fail1 0 t4 4 t4only 0 t2only 0 rtfail 0 rcfail 0 chain 0 t3c 6 keyfail 0 [0.2 s]
#   unit {'pos': 1836, 'blk': None}: om1 703 pos 0 st1 0 fail1 0 t4 0 t4only 0 t2only 0 rtfail 0 rcfail 0 chain 0 t3c 0 keyfail 0 [0.2 s]
#   unit {'pos': 1838, 'blk': None}: om1 720 pos 2 st1 2 fail1 0 t4 0 t4only 0 t2only 0 rtfail 0 rcfail 0 chain 0 t3c 2 keyfail 0 [0.2 s]
#   unit {'pos': 1839, 'blk': None}: om1 680 pos 0 st1 0 fail1 0 t4 0 t4only 0 t2only 0 rtfail 0 rcfail 0 chain 0 t3c 0 keyfail 0 [0.2 s]
#   unit {'pos': 1841, 'blk': None}: om1 680 pos 2 st1 2 fail1 0 t4 0 t4only 0 t2only 0 rtfail 0 rcfail 0 chain 0 t3c 2 keyfail 0 [0.2 s]
#   unit {'pos': 1840, 'blk': None}: om1 705 pos 0 st1 0 fail1 0 t4 0 t4only 0 t2only 0 rtfail 0 rcfail 0 chain 0 t3c 0 keyfail 0 [0.2 s]
#   unit {'pos': 1843, 'blk': None}: om1 661 pos 1 st1 1 fail1 0 t4 0 t4only 0 t2only 0 rtfail 0 rcfail 0 chain 0 t3c 1 keyfail 0 [0.1 s]
#   unit {'pos': 1846, 'blk': None}: om1 684 pos 4 st1 4 fail1 0 t4 2 t4only 0 t2only 0 rtfail 0 rcfail 0 chain 0 t3c 4 keyfail 0 [0.1 s]
#   unit {'pos': 1844, 'blk': None}: om1 651 pos 3 st1 3 fail1 0 t4 0 t4only 0 t2only 0 rtfail 0 rcfail 0 chain 0 t3c 3 keyfail 0 [0.2 s]
#   unit {'pos': 1845, 'blk': None}: om1 678 pos 3 st1 3 fail1 0 t4 1 t4only 0 t2only 0 rtfail 0 rcfail 0 chain 0 t3c 3 keyfail 0 [0.2 s]
#   unit {'pos': 1842, 'blk': None}: om1 662 pos 0 st1 0 fail1 0 t4 0 t4only 0 t2only 0 rtfail 0 rcfail 0 chain 0 t3c 0 keyfail 0 [0.3 s]
#   unit {'pos': 1847, 'blk': None}: om1 643 pos 1 st1 1 fail1 0 t4 1 t4only 0 t2only 0 rtfail 0 rcfail 0 chain 0 t3c 1 keyfail 0 [0.1 s]
#   unit {'pos': 1848, 'blk': None}: om1 641 pos 2 st1 2 fail1 0 t4 0 t4only 0 t2only 0 rtfail 0 rcfail 0 chain 0 t3c 2 keyfail 0 [0.2 s]
#   unit {'pos': 1849, 'blk': None}: om1 686 pos 0 st1 0 fail1 0 t4 0 t4only 0 t2only 0 rtfail 0 rcfail 0 chain 0 t3c 0 keyfail 0 [0.2 s]
#   unit {'pos': 1850, 'blk': None}: om1 646 pos 0 st1 0 fail1 0 t4 0 t4only 0 t2only 0 rtfail 0 rcfail 0 chain 0 t3c 0 keyfail 0 [0.2 s]
#   unit {'pos': 1852, 'blk': None}: om1 658 pos 2 st1 2 fail1 0 t4 2 t4only 0 t2only 0 rtfail 0 rcfail 0 chain 0 t3c 2 keyfail 0 [0.1 s]
#   unit {'pos': 1851, 'blk': None}: om1 671 pos 0 st1 0 fail1 0 t4 0 t4only 0 t2only 0 rtfail 0 rcfail 0 chain 0 t3c 0 keyfail 0 [0.2 s]
#   unit {'pos': 1854, 'blk': None}: om1 633 pos 2 st1 2 fail1 0 t4 2 t4only 0 t2only 0 rtfail 0 rcfail 0 chain 0 t3c 2 keyfail 0 [0.1 s]
#   unit {'pos': 1853, 'blk': None}: om1 687 pos 0 st1 0 fail1 0 t4 0 t4only 0 t2only 0 rtfail 0 rcfail 0 chain 0 t3c 0 keyfail 0 [0.2 s]
#   unit {'pos': 1857, 'blk': None}: om1 661 pos 0 st1 0 fail1 0 t4 0 t4only 0 t2only 0 rtfail 0 rcfail 0 chain 0 t3c 0 keyfail 0 [0.1 s]
#   unit {'pos': 1858, 'blk': None}: om1 647 pos 0 st1 0 fail1 0 t4 0 t4only 0 t2only 0 rtfail 0 rcfail 0 chain 0 t3c 0 keyfail 0 [0.1 s]
#   unit {'pos': 1855, 'blk': None}: om1 679 pos 4 st1 4 fail1 0 t4 0 t4only 0 t2only 0 rtfail 0 rcfail 0 chain 0 t3c 4 keyfail 0 [0.2 s]
#   unit {'pos': 1859, 'blk': None}: om1 691 pos 0 st1 0 fail1 0 t4 0 t4only 0 t2only 0 rtfail 0 rcfail 0 chain 0 t3c 0 keyfail 0 [0.1 s]
#   unit {'pos': 1856, 'blk': None}: om1 662 pos 0 st1 0 fail1 0 t4 0 t4only 0 t2only 0 rtfail 0 rcfail 0 chain 0 t3c 0 keyfail 0 [0.2 s]
#   unit {'pos': 1860, 'blk': None}: om1 700 pos 0 st1 0 fail1 0 t4 0 t4only 0 t2only 0 rtfail 0 rcfail 0 chain 0 t3c 0 keyfail 0 [0.1 s]
#   unit {'pos': 1862, 'blk': None}: om1 697 pos 6 st1 6 fail1 0 t4 3 t4only 0 t2only 0 rtfail 0 rcfail 0 chain 0 t3c 6 keyfail 0 [0.1 s]
#   unit {'pos': 1864, 'blk': None}: om1 687 pos 0 st1 0 fail1 0 t4 0 t4only 0 t2only 0 rtfail 0 rcfail 0 chain 0 t3c 0 keyfail 0 [0.1 s]
#   unit {'pos': 1865, 'blk': None}: om1 688 pos 0 st1 0 fail1 0 t4 0 t4only 0 t2only 0 rtfail 0 rcfail 0 chain 0 t3c 0 keyfail 0 [0.1 s]
#   unit {'pos': 1866, 'blk': None}: om1 630 pos 2 st1 2 fail1 0 t4 0 t4only 0 t2only 0 rtfail 0 rcfail 0 chain 0 t3c 2 keyfail 0 [0.1 s]
#   unit {'pos': 1861, 'blk': None}: om1 669 pos 2 st1 2 fail1 0 t4 0 t4only 0 t2only 0 rtfail 0 rcfail 0 chain 0 t3c 2 keyfail 0 [0.2 s]
#   unit {'pos': 1863, 'blk': None}: om1 650 pos 3 st1 3 fail1 0 t4 3 t4only 0 t2only 0 rtfail 0 rcfail 0 chain 0 t3c 3 keyfail 0 [0.2 s]
#   unit {'pos': 1867, 'blk': None}: om1 622 pos 2 st1 2 fail1 0 t4 0 t4only 0 t2only 0 rtfail 0 rcfail 0 chain 0 t3c 2 keyfail 0 [0.1 s]
#   unit {'pos': 1870, 'blk': None}: om1 646 pos 0 st1 0 fail1 0 t4 0 t4only 0 t2only 0 rtfail 0 rcfail 0 chain 0 t3c 0 keyfail 0 [0.1 s]
#   unit {'pos': 1871, 'blk': None}: om1 634 pos 0 st1 0 fail1 0 t4 0 t4only 0 t2only 0 rtfail 0 rcfail 0 chain 0 t3c 0 keyfail 0 [0.1 s]
#   unit {'pos': 1869, 'blk': None}: om1 633 pos 1 st1 1 fail1 0 t4 0 t4only 0 t2only 0 rtfail 0 rcfail 0 chain 0 t3c 1 keyfail 0 [0.2 s]
#   unit {'pos': 1868, 'blk': None}: om1 684 pos 2 st1 2 fail1 0 t4 1 t4only 0 t2only 0 rtfail 0 rcfail 0 chain 0 t3c 2 keyfail 0 [0.2 s]
#   unit {'pos': 1873, 'blk': None}: om1 629 pos 2 st1 2 fail1 0 t4 2 t4only 0 t2only 0 rtfail 0 rcfail 0 chain 0 t3c 2 keyfail 0 [0.1 s]
#   unit {'pos': 1876, 'blk': None}: om1 644 pos 4 st1 4 fail1 0 t4 0 t4only 0 t2only 0 rtfail 0 rcfail 0 chain 0 t3c 3 keyfail 0 [0.1 s]
#   unit {'pos': 1875, 'blk': None}: om1 662 pos 0 st1 0 fail1 0 t4 0 t4only 0 t2only 0 rtfail 0 rcfail 0 chain 0 t3c 0 keyfail 0 [0.2 s]
#   unit {'pos': 1874, 'blk': None}: om1 676 pos 0 st1 0 fail1 0 t4 0 t4only 0 t2only 0 rtfail 0 rcfail 0 chain 0 t3c 0 keyfail 0 [0.2 s]
#   unit {'pos': 1872, 'blk': None}: om1 683 pos 0 st1 0 fail1 0 t4 0 t4only 0 t2only 0 rtfail 0 rcfail 0 chain 0 t3c 0 keyfail 0 [0.3 s]
#   unit {'pos': 1877, 'blk': None}: om1 629 pos 5 st1 5 fail1 0 t4 0 t4only 0 t2only 0 rtfail 0 rcfail 0 chain 0 t3c 5 keyfail 0 [0.2 s]
#   unit {'pos': 1879, 'blk': None}: om1 646 pos 0 st1 0 fail1 0 t4 0 t4only 0 t2only 0 rtfail 0 rcfail 0 chain 0 t3c 0 keyfail 0 [0.2 s]
#   unit {'pos': 1878, 'blk': None}: om1 647 pos 1 st1 1 fail1 0 t4 0 t4only 0 t2only 0 rtfail 0 rcfail 0 chain 0 t3c 1 keyfail 0 [0.2 s]
#   unit {'pos': 1880, 'blk': None}: om1 709 pos 0 st1 0 fail1 0 t4 0 t4only 0 t2only 0 rtfail 0 rcfail 0 chain 0 t3c 0 keyfail 0 [0.2 s]
#   unit {'pos': 1881, 'blk': None}: om1 670 pos 0 st1 0 fail1 0 t4 0 t4only 0 t2only 0 rtfail 0 rcfail 0 chain 0 t3c 0 keyfail 0 [0.2 s]
#   unit {'pos': 1882, 'blk': None}: om1 712 pos 0 st1 0 fail1 0 t4 0 t4only 0 t2only 0 rtfail 0 rcfail 0 chain 0 t3c 0 keyfail 0 [0.2 s]
#   unit {'pos': 1883, 'blk': None}: om1 658 pos 0 st1 0 fail1 0 t4 0 t4only 0 t2only 0 rtfail 0 rcfail 0 chain 0 t3c 0 keyfail 0 [0.2 s]
#   unit {'pos': 1884, 'blk': None}: om1 659 pos 1 st1 1 fail1 0 t4 0 t4only 0 t2only 0 rtfail 0 rcfail 0 chain 0 t3c 1 keyfail 0 [0.2 s]
#   unit {'pos': 1885, 'blk': None}: om1 643 pos 0 st1 0 fail1 0 t4 0 t4only 0 t2only 0 rtfail 0 rcfail 0 chain 0 t3c 0 keyfail 0 [0.2 s]
#   unit {'pos': 1886, 'blk': None}: om1 670 pos 6 st1 6 fail1 0 t4 0 t4only 0 t2only 0 rtfail 0 rcfail 0 chain 0 t3c 6 keyfail 0 [0.2 s]
#   unit {'pos': 1887, 'blk': None}: om1 637 pos 1 st1 1 fail1 0 t4 0 t4only 0 t2only 0 rtfail 0 rcfail 0 chain 0 t3c 1 keyfail 0 [0.2 s]
#   unit {'pos': 1888, 'blk': None}: om1 726 pos 0 st1 0 fail1 0 t4 0 t4only 0 t2only 0 rtfail 0 rcfail 0 chain 0 t3c 0 keyfail 0 [0.2 s]
#   unit {'pos': 1889, 'blk': None}: om1 680 pos 7 st1 7 fail1 0 t4 0 t4only 0 t2only 0 rtfail 0 rcfail 0 chain 0 t3c 7 keyfail 0 [0.2 s]
#   unit {'pos': 1891, 'blk': None}: om1 641 pos 4 st1 4 fail1 0 t4 4 t4only 0 t2only 0 rtfail 0 rcfail 0 chain 0 t3c 4 keyfail 0 [0.2 s]
#   unit {'pos': 1890, 'blk': None}: om1 671 pos 0 st1 0 fail1 0 t4 0 t4only 0 t2only 0 rtfail 0 rcfail 0 chain 0 t3c 0 keyfail 0 [0.2 s]
#   unit {'pos': 1892, 'blk': None}: om1 658 pos 4 st1 4 fail1 0 t4 4 t4only 0 t2only 0 rtfail 0 rcfail 0 chain 0 t3c 4 keyfail 0 [0.2 s]
#   unit {'pos': 1893, 'blk': None}: om1 675 pos 0 st1 0 fail1 0 t4 0 t4only 0 t2only 0 rtfail 0 rcfail 0 chain 0 t3c 0 keyfail 0 [0.2 s]
#   unit {'pos': 1896, 'blk': None}: om1 649 pos 8 st1 8 fail1 0 t4 8 t4only 0 t2only 0 rtfail 0 rcfail 0 chain 0 t3c 8 keyfail 0 [0.1 s]
#   unit {'pos': 1895, 'blk': None}: om1 658 pos 1 st1 1 fail1 0 t4 0 t4only 0 t2only 0 rtfail 0 rcfail 0 chain 0 t3c 1 keyfail 0 [0.2 s]
#   unit {'pos': 1894, 'blk': None}: om1 700 pos 2 st1 2 fail1 0 t4 0 t4only 0 t2only 0 rtfail 0 rcfail 0 chain 0 t3c 1 keyfail 0 [0.2 s]
#   unit {'pos': 1897, 'blk': None}: om1 661 pos 3 st1 3 fail1 0 t4 0 t4only 0 t2only 0 rtfail 0 rcfail 0 chain 0 t3c 3 keyfail 0 [0.2 s]
#   unit {'pos': 1898, 'blk': None}: om1 638 pos 0 st1 0 fail1 0 t4 0 t4only 0 t2only 0 rtfail 0 rcfail 0 chain 0 t3c 0 keyfail 0 [0.2 s]
#   unit {'pos': 1900, 'blk': None}: om1 630 pos 1 st1 1 fail1 0 t4 0 t4only 0 t2only 0 rtfail 0 rcfail 0 chain 0 t3c 1 keyfail 0 [0.2 s]
#   unit {'pos': 1899, 'blk': None}: om1 692 pos 4 st1 4 fail1 0 t4 0 t4only 0 t2only 0 rtfail 0 rcfail 0 chain 0 t3c 4 keyfail 0 [0.2 s]
#   unit {'pos': 1901, 'blk': None}: om1 652 pos 2 st1 2 fail1 0 t4 0 t4only 0 t2only 0 rtfail 0 rcfail 0 chain 0 t3c 2 keyfail 0 [0.2 s]
#   unit {'pos': 1902, 'blk': None}: om1 652 pos 4 st1 4 fail1 0 t4 0 t4only 0 t2only 0 rtfail 0 rcfail 0 chain 0 t3c 4 keyfail 0 [0.2 s]
#   unit {'pos': 1903, 'blk': None}: om1 674 pos 0 st1 0 fail1 0 t4 0 t4only 0 t2only 0 rtfail 0 rcfail 0 chain 0 t3c 0 keyfail 0 [0.2 s]
#   unit {'pos': 1904, 'blk': None}: om1 697 pos 0 st1 0 fail1 0 t4 0 t4only 0 t2only 0 rtfail 0 rcfail 0 chain 0 t3c 0 keyfail 0 [0.2 s]
#   unit {'pos': 1906, 'blk': None}: om1 658 pos 0 st1 0 fail1 0 t4 0 t4only 0 t2only 0 rtfail 0 rcfail 0 chain 0 t3c 0 keyfail 0 [0.2 s]
#   unit {'pos': 1905, 'blk': None}: om1 664 pos 0 st1 0 fail1 0 t4 0 t4only 0 t2only 0 rtfail 0 rcfail 0 chain 0 t3c 0 keyfail 0 [0.3 s]
#   unit {'pos': 1907, 'blk': None}: om1 708 pos 0 st1 0 fail1 0 t4 0 t4only 0 t2only 0 rtfail 0 rcfail 0 chain 0 t3c 0 keyfail 0 [0.3 s]
#   unit {'pos': 1908, 'blk': None}: om1 677 pos 0 st1 0 fail1 0 t4 0 t4only 0 t2only 0 rtfail 0 rcfail 0 chain 0 t3c 0 keyfail 0 [0.2 s]
#   unit {'pos': 1909, 'blk': None}: om1 610 pos 0 st1 0 fail1 0 t4 0 t4only 0 t2only 0 rtfail 0 rcfail 0 chain 0 t3c 0 keyfail 0 [0.2 s]
#   unit {'pos': 1910, 'blk': None}: om1 694 pos 1 st1 1 fail1 0 t4 1 t4only 0 t2only 0 rtfail 0 rcfail 0 chain 0 t3c 1 keyfail 0 [0.2 s]
#   unit {'pos': 1911, 'blk': None}: om1 682 pos 0 st1 0 fail1 0 t4 0 t4only 0 t2only 0 rtfail 0 rcfail 0 chain 0 t3c 0 keyfail 0 [0.2 s]
#   unit {'pos': 1912, 'blk': None}: om1 692 pos 2 st1 2 fail1 0 t4 0 t4only 0 t2only 0 rtfail 0 rcfail 0 chain 0 t3c 2 keyfail 0 [0.2 s]
#   unit {'pos': 1913, 'blk': None}: om1 704 pos 0 st1 0 fail1 0 t4 0 t4only 0 t2only 0 rtfail 0 rcfail 0 chain 0 t3c 0 keyfail 0 [0.2 s]
#   unit {'pos': 1914, 'blk': None}: om1 653 pos 5 st1 5 fail1 0 t4 2 t4only 0 t2only 0 rtfail 0 rcfail 0 chain 0 t3c 5 keyfail 0 [0.2 s]
#   unit {'pos': 1915, 'blk': None}: om1 618 pos 1 st1 1 fail1 0 t4 0 t4only 0 t2only 0 rtfail 0 rcfail 0 chain 0 t3c 1 keyfail 0 [0.2 s]
#   unit {'pos': 1918, 'blk': None}: om1 689 pos 5 st1 5 fail1 0 t4 0 t4only 0 t2only 0 rtfail 0 rcfail 0 chain 0 t3c 5 keyfail 0 [0.1 s]
#   unit {'pos': 1916, 'blk': None}: om1 707 pos 0 st1 0 fail1 0 t4 0 t4only 0 t2only 0 rtfail 0 rcfail 0 chain 0 t3c 0 keyfail 0 [0.2 s]
#   unit {'pos': 1917, 'blk': None}: om1 660 pos 0 st1 0 fail1 0 t4 0 t4only 0 t2only 0 rtfail 0 rcfail 0 chain 0 t3c 0 keyfail 0 [0.3 s]
#   unit {'pos': 1920, 'blk': None}: om1 695 pos 2 st1 2 fail1 0 t4 0 t4only 0 t2only 0 rtfail 0 rcfail 0 chain 0 t3c 2 keyfail 0 [0.2 s]
#   unit {'pos': 1919, 'blk': None}: om1 647 pos 7 st1 7 fail1 0 t4 0 t4only 0 t2only 0 rtfail 0 rcfail 0 chain 0 t3c 7 keyfail 0 [0.2 s]
#   unit {'pos': 1921, 'blk': None}: om1 729 pos 0 st1 0 fail1 0 t4 0 t4only 0 t2only 0 rtfail 0 rcfail 0 chain 0 t3c 0 keyfail 0 [0.2 s]
#   unit {'pos': 1923, 'blk': None}: om1 668 pos 8 st1 8 fail1 0 t4 2 t4only 0 t2only 0 rtfail 0 rcfail 0 chain 0 t3c 8 keyfail 0 [0.1 s]
#   unit {'pos': 1922, 'blk': None}: om1 728 pos 4 st1 4 fail1 0 t4 0 t4only 0 t2only 0 rtfail 0 rcfail 0 chain 0 t3c 4 keyfail 0 [0.2 s]
#   unit {'pos': 1925, 'blk': None}: om1 673 pos 1 st1 1 fail1 0 t4 0 t4only 0 t2only 0 rtfail 0 rcfail 0 chain 0 t3c 1 keyfail 0 [0.2 s]
#   unit {'pos': 1924, 'blk': None}: om1 702 pos 9 st1 9 fail1 0 t4 5 t4only 0 t2only 0 rtfail 0 rcfail 0 chain 0 t3c 9 keyfail 0 [0.2 s]
#   unit {'pos': 1926, 'blk': None}: om1 693 pos 8 st1 8 fail1 0 t4 0 t4only 0 t2only 0 rtfail 0 rcfail 0 chain 0 t3c 8 keyfail 0 [0.2 s]
#   unit {'pos': 1927, 'blk': None}: om1 677 pos 5 st1 5 fail1 0 t4 0 t4only 0 t2only 0 rtfail 0 rcfail 0 chain 0 t3c 5 keyfail 0 [0.2 s]
#   unit {'pos': 1928, 'blk': None}: om1 623 pos 2 st1 2 fail1 0 t4 0 t4only 0 t2only 0 rtfail 0 rcfail 0 chain 0 t3c 2 keyfail 0 [0.2 s]
#   unit {'pos': 1929, 'blk': None}: om1 705 pos 7 st1 7 fail1 0 t4 3 t4only 0 t2only 0 rtfail 0 rcfail 0 chain 0 t3c 7 keyfail 0 [0.2 s]
#   unit {'pos': 1932, 'blk': None}: om1 685 pos 1 st1 1 fail1 0 t4 1 t4only 0 t2only 0 rtfail 0 rcfail 0 chain 0 t3c 1 keyfail 0 [0.1 s]
#   unit {'pos': 1930, 'blk': None}: om1 614 pos 2 st1 2 fail1 0 t4 0 t4only 0 t2only 0 rtfail 0 rcfail 0 chain 0 t3c 2 keyfail 0 [0.2 s]
#   unit {'pos': 1931, 'blk': None}: om1 666 pos 3 st1 3 fail1 0 t4 0 t4only 0 t2only 0 rtfail 0 rcfail 0 chain 0 t3c 3 keyfail 0 [0.2 s]
#   unit {'pos': 1933, 'blk': None}: om1 720 pos 1 st1 1 fail1 0 t4 1 t4only 0 t2only 0 rtfail 0 rcfail 0 chain 0 t3c 1 keyfail 0 [0.2 s]
#   unit {'pos': 1934, 'blk': None}: om1 668 pos 2 st1 2 fail1 0 t4 0 t4only 0 t2only 0 rtfail 0 rcfail 0 chain 0 t3c 2 keyfail 0 [0.2 s]
#   unit {'pos': 1935, 'blk': None}: om1 683 pos 5 st1 5 fail1 0 t4 0 t4only 0 t2only 0 rtfail 0 rcfail 0 chain 0 t3c 5 keyfail 0 [0.2 s]
#   unit {'pos': 1936, 'blk': None}: om1 684 pos 2 st1 2 fail1 0 t4 0 t4only 0 t2only 0 rtfail 0 rcfail 0 chain 0 t3c 2 keyfail 0 [0.2 s]
#   unit {'pos': 1937, 'blk': None}: om1 639 pos 0 st1 0 fail1 0 t4 0 t4only 0 t2only 0 rtfail 0 rcfail 0 chain 0 t3c 0 keyfail 0 [0.2 s]
#   unit {'pos': 1938, 'blk': None}: om1 729 pos 10 st1 10 fail1 0 t4 2 t4only 0 t2only 0 rtfail 0 rcfail 0 chain 0 t3c 10 keyfail 0 [0.2 s]
#   unit {'pos': 1939, 'blk': None}: om1 739 pos 6 st1 6 fail1 0 t4 0 t4only 0 t2only 0 rtfail 0 rcfail 0 chain 0 t3c 6 keyfail 0 [0.2 s]
#   unit {'pos': 1940, 'blk': None}: om1 729 pos 3 st1 3 fail1 0 t4 3 t4only 0 t2only 0 rtfail 0 rcfail 0 chain 0 t3c 3 keyfail 0 [0.2 s]
#   unit {'pos': 1941, 'blk': None}: om1 661 pos 1 st1 1 fail1 0 t4 0 t4only 0 t2only 0 rtfail 0 rcfail 0 chain 0 t3c 1 keyfail 0 [0.2 s]
#   unit {'pos': 1942, 'blk': None}: om1 731 pos 14 st1 14 fail1 0 t4 4 t4only 0 t2only 0 rtfail 0 rcfail 0 chain 0 t3c 13 keyfail 0 [0.2 s]
#   unit {'pos': 1943, 'blk': None}: om1 700 pos 0 st1 0 fail1 0 t4 0 t4only 0 t2only 0 rtfail 0 rcfail 0 chain 0 t3c 0 keyfail 0 [0.3 s]
#   unit {'pos': 1946, 'blk': None}: om1 696 pos 7 st1 7 fail1 0 t4 6 t4only 0 t2only 0 rtfail 0 rcfail 0 chain 0 t3c 7 keyfail 0 [0.1 s]
#   unit {'pos': 1944, 'blk': None}: om1 705 pos 6 st1 6 fail1 0 t4 0 t4only 0 t2only 0 rtfail 0 rcfail 0 chain 0 t3c 6 keyfail 0 [0.3 s]
#   unit {'pos': 1945, 'blk': None}: om1 693 pos 9 st1 9 fail1 0 t4 2 t4only 0 t2only 0 rtfail 0 rcfail 0 chain 0 t3c 8 keyfail 0 [0.3 s]
#   unit {'pos': 1947, 'blk': None}: om1 636 pos 0 st1 0 fail1 0 t4 0 t4only 0 t2only 0 rtfail 0 rcfail 0 chain 0 t3c 0 keyfail 0 [0.2 s]
#   unit {'pos': 1948, 'blk': None}: om1 708 pos 1 st1 1 fail1 0 t4 0 t4only 0 t2only 0 rtfail 0 rcfail 0 chain 0 t3c 1 keyfail 0 [0.2 s]
#   unit {'pos': 1949, 'blk': None}: om1 661 pos 0 st1 0 fail1 0 t4 0 t4only 0 t2only 0 rtfail 0 rcfail 0 chain 0 t3c 0 keyfail 0 [0.2 s]
#   unit {'pos': 1950, 'blk': None}: om1 676 pos 0 st1 0 fail1 0 t4 0 t4only 0 t2only 0 rtfail 0 rcfail 0 chain 0 t3c 0 keyfail 0 [0.2 s]
#   unit {'pos': 1951, 'blk': None}: om1 694 pos 2 st1 2 fail1 0 t4 1 t4only 0 t2only 0 rtfail 0 rcfail 0 chain 0 t3c 2 keyfail 0 [0.2 s]
#   unit {'pos': 1952, 'blk': None}: om1 711 pos 1 st1 1 fail1 0 t4 1 t4only 0 t2only 0 rtfail 0 rcfail 0 chain 0 t3c 1 keyfail 0 [0.2 s]
#   unit {'pos': 1953, 'blk': None}: om1 632 pos 0 st1 0 fail1 0 t4 0 t4only 0 t2only 0 rtfail 0 rcfail 0 chain 0 t3c 0 keyfail 0 [0.2 s]
#   unit {'pos': 1954, 'blk': None}: om1 668 pos 0 st1 0 fail1 0 t4 0 t4only 0 t2only 0 rtfail 0 rcfail 0 chain 0 t3c 0 keyfail 0 [0.2 s]
#   unit {'pos': 1955, 'blk': None}: om1 694 pos 1 st1 1 fail1 0 t4 0 t4only 0 t2only 0 rtfail 0 rcfail 0 chain 0 t3c 0 keyfail 0 [0.2 s]
#   unit {'pos': 1957, 'blk': None}: om1 674 pos 0 st1 0 fail1 0 t4 0 t4only 0 t2only 0 rtfail 0 rcfail 0 chain 0 t3c 0 keyfail 0 [0.1 s]
#   unit {'pos': 1958, 'blk': None}: om1 655 pos 0 st1 0 fail1 0 t4 0 t4only 0 t2only 0 rtfail 0 rcfail 0 chain 0 t3c 0 keyfail 0 [0.2 s]
#   unit {'pos': 1956, 'blk': None}: om1 699 pos 0 st1 0 fail1 0 t4 0 t4only 0 t2only 0 rtfail 0 rcfail 0 chain 0 t3c 0 keyfail 0 [0.3 s]
#   unit {'pos': 1959, 'blk': None}: om1 634 pos 1 st1 1 fail1 0 t4 0 t4only 0 t2only 0 rtfail 0 rcfail 0 chain 0 t3c 1 keyfail 0 [0.2 s]
#   unit {'pos': 1960, 'blk': None}: om1 660 pos 0 st1 0 fail1 0 t4 0 t4only 0 t2only 0 rtfail 0 rcfail 0 chain 0 t3c 0 keyfail 0 [0.2 s]
#   unit {'pos': 1961, 'blk': None}: om1 696 pos 0 st1 0 fail1 0 t4 0 t4only 0 t2only 0 rtfail 0 rcfail 0 chain 0 t3c 0 keyfail 0 [0.2 s]
#   unit {'pos': 1962, 'blk': None}: om1 701 pos 3 st1 3 fail1 0 t4 0 t4only 0 t2only 0 rtfail 0 rcfail 0 chain 0 t3c 3 keyfail 0 [0.3 s]
#   unit {'pos': 1965, 'blk': None}: om1 654 pos 2 st1 2 fail1 0 t4 0 t4only 0 t2only 0 rtfail 0 rcfail 0 chain 0 t3c 1 keyfail 0 [0.1 s]
#   unit {'pos': 1963, 'blk': None}: om1 700 pos 0 st1 0 fail1 0 t4 0 t4only 0 t2only 0 rtfail 0 rcfail 0 chain 0 t3c 0 keyfail 0 [0.3 s]
#   unit {'pos': 1964, 'blk': None}: om1 752 pos 1 st1 1 fail1 0 t4 0 t4only 0 t2only 0 rtfail 0 rcfail 0 chain 0 t3c 1 keyfail 0 [0.3 s]
#   unit {'pos': 1967, 'blk': None}: om1 705 pos 0 st1 0 fail1 0 t4 0 t4only 0 t2only 0 rtfail 0 rcfail 0 chain 0 t3c 0 keyfail 0 [0.2 s]
#   unit {'pos': 1968, 'blk': None}: om1 698 pos 4 st1 4 fail1 0 t4 0 t4only 0 t2only 0 rtfail 0 rcfail 0 chain 0 t3c 4 keyfail 0 [0.2 s]
#   unit {'pos': 1966, 'blk': None}: om1 686 pos 4 st1 4 fail1 0 t4 1 t4only 0 t2only 0 rtfail 0 rcfail 0 chain 0 t3c 4 keyfail 0 [0.3 s]
#   unit {'pos': 1969, 'blk': None}: om1 696 pos 9 st1 9 fail1 0 t4 6 t4only 0 t2only 0 rtfail 0 rcfail 0 chain 0 t3c 9 keyfail 0 [0.2 s]
#   unit {'pos': 1973, 'blk': None}: om1 681 pos 1 st1 1 fail1 0 t4 0 t4only 0 t2only 0 rtfail 0 rcfail 0 chain 0 t3c 1 keyfail 0 [0.1 s]
#   unit {'pos': 1970, 'blk': None}: om1 646 pos 4 st1 4 fail1 0 t4 1 t4only 0 t2only 0 rtfail 0 rcfail 0 chain 0 t3c 4 keyfail 0 [0.2 s]
#   unit {'pos': 1972, 'blk': None}: om1 718 pos 0 st1 0 fail1 0 t4 0 t4only 0 t2only 0 rtfail 0 rcfail 0 chain 0 t3c 0 keyfail 0 [0.2 s]
#   unit {'pos': 1974, 'blk': None}: om1 690 pos 2 st1 2 fail1 0 t4 0 t4only 0 t2only 0 rtfail 0 rcfail 0 chain 0 t3c 2 keyfail 0 [0.1 s]
#   unit {'pos': 1971, 'blk': None}: om1 642 pos 1 st1 1 fail1 0 t4 0 t4only 0 t2only 0 rtfail 0 rcfail 0 chain 0 t3c 1 keyfail 0 [0.2 s]
#   unit {'pos': 1975, 'blk': None}: om1 689 pos 2 st1 2 fail1 0 t4 0 t4only 0 t2only 0 rtfail 0 rcfail 0 chain 0 t3c 2 keyfail 0 [0.1 s]
#   unit {'pos': 1976, 'blk': None}: om1 680 pos 1 st1 1 fail1 0 t4 0 t4only 0 t2only 0 rtfail 0 rcfail 0 chain 0 t3c 1 keyfail 0 [0.1 s]
#   unit {'pos': 1979, 'blk': None}: om1 669 pos 0 st1 0 fail1 0 t4 0 t4only 0 t2only 0 rtfail 0 rcfail 0 chain 0 t3c 0 keyfail 0 [0.1 s]
#   unit {'pos': 1977, 'blk': None}: om1 693 pos 0 st1 0 fail1 0 t4 0 t4only 0 t2only 0 rtfail 0 rcfail 0 chain 0 t3c 0 keyfail 0 [0.2 s]
#   unit {'pos': 1980, 'blk': None}: om1 668 pos 2 st1 2 fail1 0 t4 0 t4only 0 t2only 0 rtfail 0 rcfail 0 chain 0 t3c 2 keyfail 0 [0.1 s]
#   unit {'pos': 1978, 'blk': None}: om1 692 pos 4 st1 4 fail1 0 t4 4 t4only 0 t2only 0 rtfail 0 rcfail 0 chain 0 t3c 4 keyfail 0 [0.2 s]
#   unit {'pos': 1981, 'blk': None}: om1 654 pos 1 st1 1 fail1 0 t4 0 t4only 0 t2only 0 rtfail 0 rcfail 0 chain 0 t3c 0 keyfail 0 [0.1 s]
#   unit {'pos': 1983, 'blk': None}: om1 653 pos 4 st1 4 fail1 0 t4 0 t4only 0 t2only 0 rtfail 0 rcfail 0 chain 0 t3c 4 keyfail 0 [0.1 s]
#   unit {'pos': 1985, 'blk': None}: om1 660 pos 0 st1 0 fail1 0 t4 0 t4only 0 t2only 0 rtfail 0 rcfail 0 chain 0 t3c 0 keyfail 0 [0.1 s]
#   unit {'pos': 1986, 'blk': None}: om1 633 pos 0 st1 0 fail1 0 t4 0 t4only 0 t2only 0 rtfail 0 rcfail 0 chain 0 t3c 0 keyfail 0 [0.1 s]
#   unit {'pos': 1982, 'blk': None}: om1 691 pos 0 st1 0 fail1 0 t4 0 t4only 0 t2only 0 rtfail 0 rcfail 0 chain 0 t3c 0 keyfail 0 [0.2 s]
#   unit {'pos': 1984, 'blk': None}: om1 630 pos 0 st1 0 fail1 0 t4 0 t4only 0 t2only 0 rtfail 0 rcfail 0 chain 0 t3c 0 keyfail 0 [0.2 s]
#   unit {'pos': 1987, 'blk': None}: om1 675 pos 1 st1 1 fail1 0 t4 0 t4only 0 t2only 0 rtfail 0 rcfail 0 chain 0 t3c 0 keyfail 0 [0.1 s]
#   unit {'pos': 1988, 'blk': None}: om1 696 pos 0 st1 0 fail1 0 t4 0 t4only 0 t2only 0 rtfail 0 rcfail 0 chain 0 t3c 0 keyfail 0 [0.1 s]
#   unit {'pos': 1991, 'blk': None}: om1 688 pos 9 st1 9 fail1 0 t4 3 t4only 0 t2only 0 rtfail 0 rcfail 0 chain 0 t3c 7 keyfail 0 [0.1 s]
#   unit {'pos': 1989, 'blk': None}: om1 671 pos 5 st1 5 fail1 0 t4 0 t4only 0 t2only 0 rtfail 0 rcfail 0 chain 0 t3c 5 keyfail 0 [0.2 s]
#   unit {'pos': 1990, 'blk': None}: om1 667 pos 1 st1 1 fail1 0 t4 0 t4only 0 t2only 0 rtfail 0 rcfail 0 chain 0 t3c 0 keyfail 0 [0.2 s]
#   unit {'pos': 1992, 'blk': None}: om1 652 pos 0 st1 0 fail1 0 t4 0 t4only 0 t2only 0 rtfail 0 rcfail 0 chain 0 t3c 0 keyfail 0 [0.1 s]
#   unit {'pos': 1993, 'blk': None}: om1 645 pos 1 st1 1 fail1 0 t4 0 t4only 0 t2only 0 rtfail 0 rcfail 0 chain 0 t3c 1 keyfail 0 [0.2 s]
#   unit {'pos': 1996, 'blk': None}: om1 615 pos 0 st1 0 fail1 0 t4 0 t4only 0 t2only 0 rtfail 0 rcfail 0 chain 0 t3c 0 keyfail 0 [0.1 s]
#   unit {'pos': 1995, 'blk': None}: om1 651 pos 2 st1 2 fail1 0 t4 2 t4only 0 t2only 0 rtfail 0 rcfail 0 chain 0 t3c 2 keyfail 0 [0.2 s]
#   unit {'pos': 1994, 'blk': None}: om1 651 pos 3 st1 3 fail1 0 t4 0 t4only 0 t2only 0 rtfail 0 rcfail 0 chain 0 t3c 2 keyfail 0 [0.2 s]
#   unit {'pos': 1998, 'blk': None}: om1 643 pos 2 st1 2 fail1 0 t4 0 t4only 0 t2only 0 rtfail 0 rcfail 0 chain 0 t3c 2 keyfail 0 [0.1 s]
#   unit {'pos': 1997, 'blk': None}: om1 663 pos 0 st1 0 fail1 0 t4 0 t4only 0 t2only 0 rtfail 0 rcfail 0 chain 0 t3c 0 keyfail 0 [0.1 s]
#   unit {'pos': 2001, 'blk': None}: om1 653 pos 0 st1 0 fail1 0 t4 0 t4only 0 t2only 0 rtfail 0 rcfail 0 chain 0 t3c 0 keyfail 0 [0.1 s]
#   unit {'pos': 2002, 'blk': None}: om1 706 pos 0 st1 0 fail1 0 t4 0 t4only 0 t2only 0 rtfail 0 rcfail 0 chain 0 t3c 0 keyfail 0 [0.1 s]
#   unit {'pos': 1999, 'blk': None}: om1 681 pos 0 st1 0 fail1 0 t4 0 t4only 0 t2only 0 rtfail 0 rcfail 0 chain 0 t3c 0 keyfail 0 [0.2 s]
#   unit {'pos': 2000, 'blk': None}: om1 683 pos 2 st1 2 fail1 0 t4 0 t4only 0 t2only 0 rtfail 0 rcfail 0 chain 0 t3c 2 keyfail 0 [0.2 s]
#   unit {'pos': 2003, 'blk': None}: om1 666 pos 0 st1 0 fail1 0 t4 0 t4only 0 t2only 0 rtfail 0 rcfail 0 chain 0 t3c 0 keyfail 0 [0.1 s]
#   unit {'pos': 2006, 'blk': None}: om1 647 pos 0 st1 0 fail1 0 t4 0 t4only 0 t2only 0 rtfail 0 rcfail 0 chain 0 t3c 0 keyfail 0 [0.1 s]
#   unit {'pos': 2007, 'blk': None}: om1 604 pos 1 st1 1 fail1 0 t4 0 t4only 0 t2only 0 rtfail 0 rcfail 0 chain 0 t3c 1 keyfail 0 [0.1 s]
#   unit {'pos': 2004, 'blk': None}: om1 687 pos 2 st1 2 fail1 0 t4 0 t4only 0 t2only 0 rtfail 0 rcfail 0 chain 0 t3c 2 keyfail 0 [0.2 s]
#   unit {'pos': 2005, 'blk': None}: om1 659 pos 0 st1 0 fail1 0 t4 0 t4only 0 t2only 0 rtfail 0 rcfail 0 chain 0 t3c 0 keyfail 0 [0.2 s]
#   unit {'pos': 2008, 'blk': None}: om1 627 pos 9 st1 9 fail1 0 t4 0 t4only 0 t2only 0 rtfail 0 rcfail 0 chain 0 t3c 9 keyfail 0 [0.1 s]
#   unit {'pos': 2011, 'blk': None}: om1 567 pos 2 st1 2 fail1 0 t4 0 t4only 0 t2only 0 rtfail 0 rcfail 0 chain 0 t3c 2 keyfail 0 [0.1 s]
#   unit {'pos': 2012, 'blk': None}: om1 595 pos 1 st1 1 fail1 0 t4 0 t4only 0 t2only 0 rtfail 0 rcfail 0 chain 0 t3c 1 keyfail 0 [0.1 s]
#   unit {'pos': 2009, 'blk': None}: om1 601 pos 0 st1 0 fail1 0 t4 0 t4only 0 t2only 0 rtfail 0 rcfail 0 chain 0 t3c 0 keyfail 0 [0.2 s]
#   unit {'pos': 2010, 'blk': None}: om1 653 pos 6 st1 6 fail1 0 t4 0 t4only 0 t2only 0 rtfail 0 rcfail 0 chain 0 t3c 5 keyfail 0 [0.2 s]
#   unit {'pos': 2013, 'blk': None}: om1 601 pos 2 st1 2 fail1 0 t4 0 t4only 0 t2only 0 rtfail 0 rcfail 0 chain 0 t3c 2 keyfail 0 [0.1 s]
#   unit {'pos': 2016, 'blk': None}: om1 586 pos 0 st1 0 fail1 0 t4 0 t4only 0 t2only 0 rtfail 0 rcfail 0 chain 0 t3c 0 keyfail 0 [0.1 s]
#   unit {'pos': 2014, 'blk': None}: om1 556 pos 1 st1 1 fail1 0 t4 0 t4only 0 t2only 0 rtfail 0 rcfail 0 chain 0 t3c 1 keyfail 0 [0.1 s]
#   unit {'pos': 2017, 'blk': None}: om1 593 pos 0 st1 0 fail1 0 t4 0 t4only 0 t2only 0 rtfail 0 rcfail 0 chain 0 t3c 0 keyfail 0 [0.1 s]
#   unit {'pos': 2015, 'blk': None}: om1 538 pos 1 st1 1 fail1 0 t4 0 t4only 0 t2only 0 rtfail 0 rcfail 0 chain 0 t3c 0 keyfail 0 [0.1 s]
#   unit {'pos': 2020, 'blk': None}: om1 603 pos 0 st1 0 fail1 0 t4 0 t4only 0 t2only 0 rtfail 0 rcfail 0 chain 0 t3c 0 keyfail 0 [0.1 s]
#   unit {'pos': 2021, 'blk': None}: om1 611 pos 0 st1 0 fail1 0 t4 0 t4only 0 t2only 0 rtfail 0 rcfail 0 chain 0 t3c 0 keyfail 0 [0.1 s]
#   unit {'pos': 2019, 'blk': None}: om1 564 pos 2 st1 2 fail1 0 t4 0 t4only 0 t2only 0 rtfail 0 rcfail 0 chain 0 t3c 2 keyfail 0 [0.2 s]
#   unit {'pos': 2018, 'blk': None}: om1 588 pos 0 st1 0 fail1 0 t4 0 t4only 0 t2only 0 rtfail 0 rcfail 0 chain 0 t3c 0 keyfail 0 [0.2 s]
#   unit {'pos': 2022, 'blk': None}: om1 617 pos 0 st1 0 fail1 0 t4 0 t4only 0 t2only 0 rtfail 0 rcfail 0 chain 0 t3c 0 keyfail 0 [0.1 s]
#   unit {'pos': 2023, 'blk': None}: om1 624 pos 0 st1 0 fail1 0 t4 0 t4only 0 t2only 0 rtfail 0 rcfail 0 chain 0 t3c 0 keyfail 0 [0.1 s]
#   unit {'pos': 2026, 'blk': None}: om1 590 pos 0 st1 0 fail1 0 t4 0 t4only 0 t2only 0 rtfail 0 rcfail 0 chain 0 t3c 0 keyfail 0 [0.1 s]
#   unit {'pos': 2027, 'blk': None}: om1 571 pos 10 st1 10 fail1 0 t4 0 t4only 0 t2only 0 rtfail 0 rcfail 0 chain 0 t3c 10 keyfail 0 [0.1 s]
#   unit {'pos': 2024, 'blk': None}: om1 617 pos 0 st1 0 fail1 0 t4 0 t4only 0 t2only 0 rtfail 0 rcfail 0 chain 0 t3c 0 keyfail 0 [0.2 s]
#   unit {'pos': 2025, 'blk': None}: om1 591 pos 0 st1 0 fail1 0 t4 0 t4only 0 t2only 0 rtfail 0 rcfail 0 chain 0 t3c 0 keyfail 0 [0.2 s]
#   unit {'pos': 2028, 'blk': None}: om1 555 pos 0 st1 0 fail1 0 t4 0 t4only 0 t2only 0 rtfail 0 rcfail 0 chain 0 t3c 0 keyfail 0 [0.1 s]
#   unit {'pos': 2029, 'blk': None}: om1 568 pos 0 st1 0 fail1 0 t4 0 t4only 0 t2only 0 rtfail 0 rcfail 0 chain 0 t3c 0 keyfail 0 [0.1 s]
#   unit {'pos': 2031, 'blk': None}: om1 593 pos 2 st1 2 fail1 0 t4 0 t4only 0 t2only 0 rtfail 0 rcfail 0 chain 0 t3c 2 keyfail 0 [0.1 s]
#   unit {'pos': 2030, 'blk': None}: om1 593 pos 3 st1 3 fail1 0 t4 0 t4only 0 t2only 0 rtfail 0 rcfail 0 chain 0 t3c 3 keyfail 0 [0.1 s]
#   unit {'pos': 2032, 'blk': None}: om1 606 pos 1 st1 1 fail1 0 t4 0 t4only 0 t2only 0 rtfail 0 rcfail 0 chain 0 t3c 0 keyfail 0 [0.2 s]
#   unit {'pos': 2034, 'blk': None}: om1 631 pos 1 st1 1 fail1 0 t4 0 t4only 0 t2only 0 rtfail 0 rcfail 0 chain 0 t3c 1 keyfail 0 [0.1 s]
#   unit {'pos': 2035, 'blk': None}: om1 597 pos 4 st1 4 fail1 0 t4 4 t4only 0 t2only 0 rtfail 0 rcfail 0 chain 0 t3c 4 keyfail 0 [0.1 s]
#   unit {'pos': 2033, 'blk': None}: om1 583 pos 0 st1 0 fail1 0 t4 0 t4only 0 t2only 0 rtfail 0 rcfail 0 chain 0 t3c 0 keyfail 0 [0.2 s]
#   unit {'pos': 2037, 'blk': None}: om1 566 pos 3 st1 3 fail1 0 t4 0 t4only 0 t2only 0 rtfail 0 rcfail 0 chain 0 t3c 2 keyfail 0 [0.1 s]
#   unit {'pos': 2036, 'blk': None}: om1 609 pos 1 st1 1 fail1 0 t4 0 t4only 0 t2only 0 rtfail 0 rcfail 0 chain 0 t3c 1 keyfail 0 [0.1 s]
#   unit {'pos': 2038, 'blk': None}: om1 574 pos 2 st1 2 fail1 0 t4 0 t4only 0 t2only 0 rtfail 0 rcfail 0 chain 0 t3c 2 keyfail 0 [0.2 s]
#   unit {'pos': 2040, 'blk': None}: om1 646 pos 0 st1 0 fail1 0 t4 0 t4only 0 t2only 0 rtfail 0 rcfail 0 chain 0 t3c 0 keyfail 0 [0.1 s]
#   unit {'pos': 2041, 'blk': None}: om1 564 pos 0 st1 0 fail1 0 t4 0 t4only 0 t2only 0 rtfail 0 rcfail 0 chain 0 t3c 0 keyfail 0 [0.1 s]
#   unit {'pos': 2039, 'blk': None}: om1 645 pos 0 st1 0 fail1 0 t4 0 t4only 0 t2only 0 rtfail 0 rcfail 0 chain 0 t3c 0 keyfail 0 [0.2 s]
#   unit {'pos': 2043, 'blk': None}: om1 589 pos 4 st1 4 fail1 0 t4 0 t4only 0 t2only 0 rtfail 0 rcfail 0 chain 0 t3c 4 keyfail 0 [0.1 s]
#   unit {'pos': 2044, 'blk': None}: om1 631 pos 0 st1 0 fail1 0 t4 0 t4only 0 t2only 0 rtfail 0 rcfail 0 chain 0 t3c 0 keyfail 0 [0.1 s]
#   unit {'pos': 2045, 'blk': None}: om1 559 pos 0 st1 0 fail1 0 t4 0 t4only 0 t2only 0 rtfail 0 rcfail 0 chain 0 t3c 0 keyfail 0 [0.1 s]
#   unit {'pos': 2042, 'blk': None}: om1 610 pos 2 st1 2 fail1 0 t4 0 t4only 0 t2only 0 rtfail 0 rcfail 0 chain 0 t3c 2 keyfail 0 [0.2 s]
#   unit {'pos': 2048, 'blk': None}: om1 3424 pos 2 st1 2 fail1 0 t4 2 t4only 0 t2only 0 rtfail 0 rcfail 0 chain 0 t3c 2 keyfail 0 [0.8 s]
#   unit {'pos': 2049, 'blk': None}: om1 3517 pos 15 st1 15 fail1 0 t4 0 t4only 0 t2only 0 rtfail 0 rcfail 0 chain 0 t3c 15 keyfail 0 [0.8 s]
#   unit {'pos': 2046, 'blk': None}: om1 3472 pos 0 st1 0 fail1 0 t4 0 t4only 0 t2only 0 rtfail 0 rcfail 0 chain 0 t3c 0 keyfail 0 [0.9 s]
#   unit {'pos': 2047, 'blk': None}: om1 3420 pos 2 st1 2 fail1 0 t4 0 t4only 0 t2only 0 rtfail 0 rcfail 0 chain 0 t3c 2 keyfail 0 [1.0 s]
#   unit {'pos': 2053, 'blk': None}: om1 3385 pos 0 st1 0 fail1 0 t4 0 t4only 0 t2only 0 rtfail 0 rcfail 0 chain 0 t3c 0 keyfail 0 [0.7 s]
#   unit {'pos': 2052, 'blk': None}: om1 3503 pos 6 st1 6 fail1 0 t4 0 t4only 0 t2only 0 rtfail 0 rcfail 0 chain 0 t3c 6 keyfail 0 [0.8 s]
#   unit {'pos': 2050, 'blk': None}: om1 3422 pos 11 st1 11 fail1 0 t4 0 t4only 0 t2only 0 rtfail 0 rcfail 0 chain 0 t3c 11 keyfail 0 [0.9 s]
#   unit {'pos': 2051, 'blk': None}: om1 3479 pos 4 st1 4 fail1 0 t4 0 t4only 0 t2only 0 rtfail 0 rcfail 0 chain 0 t3c 4 keyfail 0 [1.0 s]
#   unit {'pos': 2054, 'blk': None}: om1 3452 pos 13 st1 13 fail1 0 t4 4 t4only 0 t2only 0 rtfail 0 rcfail 0 chain 0 t3c 13 keyfail 0 [0.7 s]
#   unit {'pos': 2056, 'blk': None}: om1 3694 pos 48 st1 48 fail1 0 t4 14 t4only 0 t2only 0 rtfail 0 rcfail 0 chain 0 t3c 34 keyfail 0 [0.8 s]
#   unit {'pos': 2057, 'blk': None}: om1 3619 pos 7 st1 7 fail1 0 t4 4 t4only 0 t2only 0 rtfail 0 rcfail 0 chain 0 t3c 4 keyfail 0 [0.9 s]
#   unit {'pos': 2055, 'blk': None}: om1 3517 pos 22 st1 22 fail1 0 t4 3 t4only 0 t2only 0 rtfail 0 rcfail 0 chain 0 t3c 22 keyfail 0 [1.3 s]
#   unit {'pos': 2058, 'blk': None}: om1 3560 pos 16 st1 16 fail1 0 t4 0 t4only 0 t2only 0 rtfail 0 rcfail 0 chain 0 t3c 13 keyfail 0 [0.8 s]
#   unit {'pos': 2059, 'blk': None}: om1 3597 pos 34 st1 34 fail1 0 t4 0 t4only 0 t2only 0 rtfail 0 rcfail 0 chain 0 t3c 34 keyfail 0 [1.0 s]
#   unit {'pos': 2060, 'blk': None}: om1 3559 pos 26 st1 26 fail1 0 t4 0 t4only 0 t2only 0 rtfail 0 rcfail 0 chain 0 t3c 25 keyfail 0 [0.8 s]
#   unit {'pos': 2061, 'blk': None}: om1 3528 pos 36 st1 36 fail1 0 t4 0 t4only 0 t2only 0 rtfail 0 rcfail 0 chain 0 t3c 32 keyfail 0 [0.9 s]
#   unit {'pos': 2062, 'blk': None}: om1 3584 pos 15 st1 15 fail1 0 t4 0 t4only 0 t2only 0 rtfail 0 rcfail 0 chain 0 t3c 14 keyfail 0 [0.7 s]
#   unit {'pos': 2063, 'blk': None}: om1 3590 pos 24 st1 24 fail1 0 t4 0 t4only 0 t2only 0 rtfail 0 rcfail 0 chain 0 t3c 21 keyfail 0 [0.8 s]
#   unit {'pos': 2065, 'blk': None}: om1 3545 pos 3 st1 3 fail1 0 t4 0 t4only 0 t2only 0 rtfail 0 rcfail 0 chain 0 t3c 3 keyfail 0 [0.8 s]
#   unit {'pos': 2064, 'blk': None}: om1 3581 pos 22 st1 22 fail1 0 t4 0 t4only 0 t2only 0 rtfail 0 rcfail 0 chain 0 t3c 18 keyfail 0 [1.2 s]
#   unit {'pos': 2066, 'blk': None}: om1 3455 pos 72 st1 72 fail1 0 t4 0 t4only 0 t2only 0 rtfail 0 rcfail 0 chain 0 t3c 39 keyfail 0 [0.9 s]
#   unit {'pos': 2067, 'blk': None}: om1 3509 pos 2 st1 2 fail1 0 t4 0 t4only 0 t2only 0 rtfail 0 rcfail 0 chain 0 t3c 2 keyfail 0 [0.8 s]
#   unit {'pos': 2068, 'blk': None}: om1 3512 pos 5 st1 5 fail1 0 t4 0 t4only 0 t2only 0 rtfail 0 rcfail 0 chain 0 t3c 5 keyfail 0 [0.8 s]
#   unit {'pos': 2069, 'blk': None}: om1 3504 pos 5 st1 5 fail1 0 t4 0 t4only 0 t2only 0 rtfail 0 rcfail 0 chain 0 t3c 3 keyfail 0 [1.1 s]
#   unit {'pos': 2070, 'blk': None}: om1 3515 pos 12 st1 12 fail1 0 t4 3 t4only 0 t2only 0 rtfail 0 rcfail 0 chain 0 t3c 12 keyfail 0 [1.1 s]
#   unit {'pos': 2071, 'blk': None}: om1 3450 pos 0 st1 0 fail1 0 t4 0 t4only 0 t2only 0 rtfail 0 rcfail 0 chain 0 t3c 0 keyfail 0 [0.9 s]
#   unit {'pos': 2072, 'blk': None}: om1 3588 pos 0 st1 0 fail1 0 t4 0 t4only 0 t2only 0 rtfail 0 rcfail 0 chain 0 t3c 0 keyfail 0 [0.8 s]
#   unit {'pos': 2075, 'blk': None}: om1 3546 pos 26 st1 26 fail1 0 t4 7 t4only 0 t2only 0 rtfail 0 rcfail 0 chain 0 t3c 25 keyfail 0 [0.8 s]
#   unit {'pos': 2073, 'blk': None}: om1 3503 pos 26 st1 26 fail1 0 t4 0 t4only 0 t2only 0 rtfail 0 rcfail 0 chain 0 t3c 23 keyfail 0 [0.9 s]
#   unit {'pos': 2074, 'blk': None}: om1 3729 pos 31 st1 31 fail1 0 t4 8 t4only 0 t2only 0 rtfail 0 rcfail 0 chain 0 t3c 26 keyfail 0 [1.2 s]
#   unit {'pos': 2076, 'blk': None}: om1 3702 pos 45 st1 45 fail1 0 t4 5 t4only 0 t2only 0 rtfail 0 rcfail 0 chain 0 t3c 41 keyfail 0 [0.9 s]
#   unit {'pos': 2077, 'blk': None}: om1 3551 pos 43 st1 43 fail1 0 t4 0 t4only 0 t2only 0 rtfail 0 rcfail 0 chain 0 t3c 41 keyfail 0 [0.8 s]
#   unit {'pos': 2078, 'blk': None}: om1 3578 pos 12 st1 12 fail1 0 t4 5 t4only 0 t2only 0 rtfail 0 rcfail 0 chain 0 t3c 12 keyfail 0 [1.1 s]
#   unit {'pos': 2080, 'blk': None}: om1 3468 pos 82 st1 82 fail1 0 t4 0 t4only 0 t2only 0 rtfail 0 rcfail 0 chain 0 t3c 82 keyfail 0 [0.7 s]
#   unit {'pos': 2079, 'blk': None}: om1 3436 pos 1 st1 1 fail1 0 t4 0 t4only 0 t2only 0 rtfail 0 rcfail 0 chain 0 t3c 1 keyfail 0 [1.0 s]
#   unit {'pos': 2083, 'blk': None}: om1 3532 pos 43 st1 43 fail1 0 t4 7 t4only 0 t2only 0 rtfail 0 rcfail 0 chain 0 t3c 37 keyfail 0 [0.7 s]
#   unit {'pos': 2081, 'blk': None}: om1 3538 pos 52 st1 52 fail1 0 t4 0 t4only 0 t2only 0 rtfail 0 rcfail 0 chain 0 t3c 45 keyfail 0 [1.1 s]
#   unit {'pos': 2084, 'blk': None}: om1 3522 pos 12 st1 12 fail1 0 t4 6 t4only 0 t2only 0 rtfail 0 rcfail 0 chain 0 t3c 12 keyfail 0 [0.7 s]
#   unit {'pos': 2082, 'blk': None}: om1 3585 pos 88 st1 88 fail1 0 t4 7 t4only 0 t2only 0 rtfail 0 rcfail 0 chain 0 t3c 88 keyfail 0 [1.0 s]
#   unit {'pos': 2085, 'blk': None}: om1 3634 pos 66 st1 66 fail1 0 t4 3 t4only 0 t2only 0 rtfail 0 rcfail 0 chain 0 t3c 64 keyfail 0 [0.9 s]
#   unit {'pos': 2086, 'blk': None}: om1 3548 pos 11 st1 11 fail1 0 t4 3 t4only 0 t2only 0 rtfail 0 rcfail 0 chain 0 t3c 11 keyfail 0 [1.1 s]
#   unit {'pos': 2088, 'blk': None}: om1 3550 pos 15 st1 15 fail1 0 t4 0 t4only 0 t2only 0 rtfail 0 rcfail 0 chain 0 t3c 12 keyfail 0 [0.8 s]
#   unit {'pos': 2087, 'blk': None}: om1 3670 pos 30 st1 30 fail1 0 t4 2 t4only 0 t2only 0 rtfail 0 rcfail 0 chain 0 t3c 27 keyfail 0 [1.1 s]
#   unit {'pos': 2089, 'blk': None}: om1 3701 pos 34 st1 34 fail1 0 t4 4 t4only 0 t2only 0 rtfail 0 rcfail 0 chain 0 t3c 33 keyfail 0 [1.0 s]
#   unit {'pos': 2092, 'blk': None}: om1 3538 pos 16 st1 16 fail1 0 t4 0 t4only 0 t2only 0 rtfail 0 rcfail 0 chain 0 t3c 14 keyfail 0 [0.8 s]
#   unit {'pos': 2090, 'blk': None}: om1 3447 pos 0 st1 0 fail1 0 t4 0 t4only 0 t2only 0 rtfail 0 rcfail 0 chain 0 t3c 0 keyfail 0 [0.9 s]
#   unit {'pos': 2091, 'blk': None}: om1 3466 pos 0 st1 0 fail1 0 t4 0 t4only 0 t2only 0 rtfail 0 rcfail 0 chain 0 t3c 0 keyfail 0 [1.3 s]
#   unit {'pos': 2094, 'blk': None}: om1 3532 pos 35 st1 35 fail1 0 t4 0 t4only 0 t2only 0 rtfail 0 rcfail 0 chain 0 t3c 30 keyfail 0 [0.8 s]
#   unit {'pos': 2093, 'blk': None}: om1 3551 pos 27 st1 27 fail1 0 t4 0 t4only 0 t2only 0 rtfail 0 rcfail 0 chain 0 t3c 27 keyfail 0 [1.0 s]
#   unit {'pos': 2095, 'blk': None}: om1 3454 pos 0 st1 0 fail1 0 t4 0 t4only 0 t2only 0 rtfail 0 rcfail 0 chain 0 t3c 0 keyfail 0 [1.1 s]
#   unit {'pos': 2097, 'blk': None}: om1 3660 pos 69 st1 69 fail1 0 t4 2 t4only 0 t2only 0 rtfail 0 rcfail 0 chain 0 t3c 66 keyfail 0 [0.7 s]
#   unit {'pos': 2096, 'blk': None}: om1 3704 pos 54 st1 54 fail1 0 t4 7 t4only 0 t2only 0 rtfail 0 rcfail 0 chain 0 t3c 49 keyfail 0 [1.2 s]
#   unit {'pos': 2098, 'blk': None}: om1 3700 pos 101 st1 101 fail1 0 t4 8 t4only 0 t2only 0 rtfail 0 rcfail 0 chain 0 t3c 87 keyfail 0 [0.7 s]
#   unit {'pos': 2099, 'blk': None}: om1 3705 pos 42 st1 42 fail1 0 t4 7 t4only 0 t2only 0 rtfail 0 rcfail 0 chain 0 t3c 34 keyfail 0 [1.0 s]
#   unit {'pos': 2102, 'blk': None}: om1 3532 pos 132 st1 132 fail1 0 t4 0 t4only 0 t2only 0 rtfail 0 rcfail 0 chain 0 t3c 130 keyfail 0 [0.8 s]
#   unit {'pos': 2100, 'blk': None}: om1 3560 pos 18 st1 18 fail1 0 t4 6 t4only 0 t2only 0 rtfail 0 rcfail 0 chain 0 t3c 18 keyfail 0 [1.1 s]
#   unit {'pos': 2101, 'blk': None}: om1 3593 pos 70 st1 70 fail1 0 t4 0 t4only 0 t2only 0 rtfail 0 rcfail 0 chain 0 t3c 62 keyfail 0 [1.0 s]
#   unit {'pos': 2103, 'blk': None}: om1 3612 pos 34 st1 34 fail1 0 t4 10 t4only 0 t2only 0 rtfail 0 rcfail 0 chain 0 t3c 32 keyfail 0 [0.9 s]
#   unit {'pos': 2104, 'blk': None}: om1 3691 pos 43 st1 43 fail1 0 t4 0 t4only 0 t2only 0 rtfail 0 rcfail 0 chain 0 t3c 35 keyfail 0 [0.9 s]
#   unit {'pos': 2105, 'blk': None}: om1 3681 pos 40 st1 40 fail1 0 t4 0 t4only 0 t2only 0 rtfail 0 rcfail 0 chain 0 t3c 35 keyfail 0 [1.0 s]
#   unit {'pos': 2106, 'blk': None}: om1 3678 pos 72 st1 72 fail1 0 t4 0 t4only 0 t2only 0 rtfail 0 rcfail 0 chain 0 t3c 66 keyfail 0 [1.0 s]
#   unit {'pos': 2107, 'blk': None}: om1 3661 pos 22 st1 22 fail1 0 t4 16 t4only 0 t2only 0 rtfail 0 rcfail 0 chain 0 t3c 22 keyfail 0 [0.9 s]
#   unit {'pos': 2110, 'blk': None}: om1 4313 pos 0 st1 0 fail1 0 t4 0 t4only 0 t2only 0 rtfail 0 rcfail 0 chain 0 t3c 0 keyfail 0 [0.6 s]
#   unit {'pos': 2108, 'blk': None}: om1 3692 pos 24 st1 24 fail1 0 t4 6 t4only 0 t2only 0 rtfail 0 rcfail 0 chain 0 t3c 23 keyfail 0 [1.1 s]
#   unit {'pos': 2111, 'blk': None}: om1 4334 pos 25 st1 25 fail1 0 t4 1 t4only 0 t2only 0 rtfail 0 rcfail 0 chain 0 t3c 25 keyfail 0 [0.7 s]
#   unit {'pos': 2109, 'blk': None}: om1 3701 pos 53 st1 53 fail1 0 t4 0 t4only 0 t2only 0 rtfail 0 rcfail 0 chain 0 t3c 46 keyfail 0 [1.2 s]
#   unit {'pos': 2112, 'blk': None}: om1 4375 pos 67 st1 67 fail1 0 t4 2 t4only 0 t2only 0 rtfail 0 rcfail 0 chain 0 t3c 60 keyfail 0 [0.8 s]
#   unit {'pos': 2114, 'blk': None}: om1 4353 pos 10 st1 10 fail1 0 t4 1 t4only 0 t2only 0 rtfail 0 rcfail 0 chain 0 t3c 10 keyfail 0 [0.6 s]
#   unit {'pos': 2113, 'blk': None}: om1 4348 pos 100 st1 100 fail1 0 t4 1 t4only 0 t2only 0 rtfail 0 rcfail 0 chain 0 t3c 99 keyfail 0 [1.0 s]
#   unit {'pos': 2116, 'blk': None}: om1 4183 pos 16 st1 16 fail1 0 t4 5 t4only 0 t2only 0 rtfail 0 rcfail 0 chain 0 t3c 16 keyfail 0 [0.7 s]
#   unit {'pos': 2115, 'blk': None}: om1 4240 pos 6 st1 6 fail1 0 t4 1 t4only 0 t2only 0 rtfail 0 rcfail 0 chain 0 t3c 6 keyfail 0 [1.0 s]
#   unit {'pos': 2117, 'blk': None}: om1 4340 pos 43 st1 43 fail1 0 t4 12 t4only 0 t2only 0 rtfail 0 rcfail 0 chain 0 t3c 41 keyfail 0 [0.8 s]
#   unit {'pos': 2118, 'blk': None}: om1 4380 pos 62 st1 62 fail1 0 t4 4 t4only 0 t2only 0 rtfail 0 rcfail 0 chain 0 t3c 61 keyfail 0 [0.8 s]
#   unit {'pos': 2121, 'blk': None}: om1 4307 pos 3 st1 3 fail1 0 t4 0 t4only 0 t2only 0 rtfail 0 rcfail 0 chain 0 t3c 3 keyfail 0 [0.6 s]
#   unit {'pos': 2119, 'blk': None}: om1 4281 pos 8 st1 8 fail1 0 t4 4 t4only 0 t2only 0 rtfail 0 rcfail 0 chain 0 t3c 8 keyfail 0 [0.9 s]
#   unit {'pos': 2120, 'blk': None}: om1 4316 pos 6 st1 6 fail1 0 t4 0 t4only 0 t2only 0 rtfail 0 rcfail 0 chain 0 t3c 6 keyfail 0 [1.0 s]
#   unit {'pos': 2122, 'blk': None}: om1 4277 pos 83 st1 83 fail1 0 t4 0 t4only 0 t2only 0 rtfail 0 rcfail 0 chain 0 t3c 78 keyfail 0 [0.8 s]
#   unit {'pos': 2125, 'blk': None}: om1 4488 pos 137 st1 137 fail1 0 t4 43 t4only 0 t2only 0 rtfail 0 rcfail 0 chain 0 t3c 126 keyfail 0 [0.6 s]
#   unit {'pos': 2123, 'blk': None}: om1 4213 pos 27 st1 27 fail1 0 t4 9 t4only 0 t2only 0 rtfail 0 rcfail 0 chain 0 t3c 27 keyfail 0 [0.9 s]
#   unit {'pos': 2126, 'blk': None}: om1 4395 pos 37 st1 37 fail1 0 t4 16 t4only 0 t2only 0 rtfail 0 rcfail 0 chain 0 t3c 37 keyfail 0 [0.6 s]
#   unit {'pos': 2124, 'blk': None}: om1 4309 pos 30 st1 30 fail1 0 t4 0 t4only 0 t2only 0 rtfail 0 rcfail 0 chain 0 t3c 30 keyfail 0 [1.3 s]
#   unit {'pos': 2127, 'blk': None}: om1 4481 pos 94 st1 94 fail1 0 t4 14 t4only 0 t2only 0 rtfail 0 rcfail 0 chain 0 t3c 91 keyfail 0 [0.7 s]
#   unit {'pos': 2128, 'blk': None}: om1 4418 pos 47 st1 47 fail1 0 t4 18 t4only 0 t2only 0 rtfail 0 rcfail 0 chain 0 t3c 47 keyfail 0 [1.1 s]
#   unit {'pos': 2129, 'blk': None}: om1 4360 pos 42 st1 42 fail1 0 t4 25 t4only 0 t2only 0 rtfail 0 rcfail 0 chain 0 t3c 42 keyfail 0 [1.1 s]
#   unit {'pos': 2130, 'blk': None}: om1 4389 pos 41 st1 41 fail1 0 t4 15 t4only 0 t2only 0 rtfail 0 rcfail 0 chain 0 t3c 41 keyfail 0 [1.2 s]
#   unit {'pos': 2131, 'blk': None}: om1 4427 pos 95 st1 95 fail1 0 t4 34 t4only 0 t2only 0 rtfail 0 rcfail 0 chain 0 t3c 85 keyfail 0 [1.1 s]
#   unit {'pos': 2133, 'blk': None}: om1 4448 pos 86 st1 86 fail1 0 t4 16 t4only 0 t2only 0 rtfail 0 rcfail 0 chain 0 t3c 73 keyfail 0 [1.0 s]
#   unit {'pos': 2132, 'blk': None}: om1 4481 pos 139 st1 139 fail1 0 t4 28 t4only 0 t2only 0 rtfail 0 rcfail 0 chain 0 t3c 123 keyfail 0 [1.3 s]
#   unit {'pos': 2134, 'blk': None}: om1 4412 pos 78 st1 78 fail1 0 t4 36 t4only 0 t2only 0 rtfail 0 rcfail 0 chain 0 t3c 78 keyfail 0 [1.0 s]
#   unit {'pos': 2135, 'blk': None}: om1 4498 pos 90 st1 90 fail1 0 t4 5 t4only 0 t2only 0 rtfail 0 rcfail 0 chain 0 t3c 81 keyfail 0 [1.2 s]
#   unit {'pos': 2136, 'blk': None}: om1 4364 pos 33 st1 33 fail1 0 t4 6 t4only 0 t2only 0 rtfail 0 rcfail 0 chain 0 t3c 33 keyfail 0 [1.0 s]
#   unit {'pos': 2138, 'blk': None}: om1 4469 pos 135 st1 135 fail1 0 t4 6 t4only 0 t2only 0 rtfail 0 rcfail 0 chain 0 t3c 123 keyfail 0 [1.2 s]
#   unit {'pos': 2137, 'blk': None}: om1 4378 pos 49 st1 49 fail1 0 t4 20 t4only 0 t2only 0 rtfail 0 rcfail 0 chain 0 t3c 48 keyfail 0 [1.4 s]
#   unit {'pos': 2139, 'blk': None}: om1 4387 pos 116 st1 116 fail1 0 t4 0 t4only 0 t2only 0 rtfail 0 rcfail 0 chain 0 t3c 114 keyfail 0 [1.1 s]
#   unit {'pos': 2140, 'blk': None}: om1 4386 pos 96 st1 96 fail1 0 t4 5 t4only 0 t2only 0 rtfail 0 rcfail 0 chain 0 t3c 87 keyfail 0 [1.2 s]
#   unit {'pos': 2143, 'blk': None}: om1 4412 pos 12 st1 12 fail1 0 t4 0 t4only 0 t2only 0 rtfail 0 rcfail 0 chain 0 t3c 12 keyfail 0 [1.0 s]
#   unit {'pos': 2142, 'blk': None}: om1 4305 pos 20 st1 20 fail1 0 t4 0 t4only 0 t2only 0 rtfail 0 rcfail 0 chain 0 t3c 20 keyfail 0 [1.2 s]
#   unit {'pos': 2141, 'blk': None}: om1 4337 pos 18 st1 18 fail1 0 t4 1 t4only 0 t2only 0 rtfail 0 rcfail 0 chain 0 t3c 18 keyfail 0 [1.4 s]
#   unit {'pos': 2144, 'blk': None}: om1 4362 pos 15 st1 15 fail1 0 t4 0 t4only 0 t2only 0 rtfail 0 rcfail 0 chain 0 t3c 15 keyfail 0 [1.1 s]
#   unit {'pos': 2145, 'blk': None}: om1 4340 pos 20 st1 20 fail1 0 t4 5 t4only 0 t2only 0 rtfail 0 rcfail 0 chain 0 t3c 20 keyfail 0 [1.3 s]
#   unit {'pos': 2146, 'blk': None}: om1 4285 pos 22 st1 22 fail1 0 t4 9 t4only 0 t2only 0 rtfail 0 rcfail 0 chain 0 t3c 22 keyfail 0 [1.3 s]
#   unit {'pos': 2147, 'blk': None}: om1 4368 pos 129 st1 129 fail1 0 t4 24 t4only 0 t2only 0 rtfail 0 rcfail 0 chain 0 t3c 123 keyfail 0 [1.4 s]
#   unit {'pos': 2148, 'blk': None}: om1 4517 pos 134 st1 134 fail1 0 t4 76 t4only 0 t2only 0 rtfail 0 rcfail 0 chain 0 t3c 118 keyfail 0 [1.0 s]
#   unit {'pos': 2149, 'blk': None}: om1 4497 pos 108 st1 108 fail1 0 t4 49 t4only 0 t2only 0 rtfail 0 rcfail 0 chain 0 t3c 95 keyfail 0 [1.0 s]
#   unit {'pos': 2150, 'blk': None}: om1 4413 pos 57 st1 57 fail1 0 t4 18 t4only 0 t2only 0 rtfail 0 rcfail 0 chain 0 t3c 57 keyfail 0 [1.0 s]
#   unit {'pos': 2151, 'blk': None}: om1 4394 pos 56 st1 56 fail1 0 t4 46 t4only 0 t2only 0 rtfail 0 rcfail 0 chain 0 t3c 56 keyfail 0 [1.3 s]
#   unit {'pos': 2152, 'blk': None}: om1 4476 pos 114 st1 114 fail1 0 t4 28 t4only 0 t2only 0 rtfail 0 rcfail 0 chain 0 t3c 112 keyfail 0 [1.1 s]
#   unit {'pos': 2153, 'blk': None}: om1 4355 pos 23 st1 23 fail1 0 t4 4 t4only 0 t2only 0 rtfail 0 rcfail 0 chain 0 t3c 23 keyfail 0 [1.2 s]
#   unit {'pos': 2154, 'blk': None}: om1 4297 pos 39 st1 39 fail1 0 t4 12 t4only 0 t2only 0 rtfail 0 rcfail 0 chain 0 t3c 39 keyfail 0 [1.2 s]
#   unit {'pos': 2155, 'blk': None}: om1 4326 pos 91 st1 91 fail1 0 t4 7 t4only 0 t2only 0 rtfail 0 rcfail 0 chain 0 t3c 85 keyfail 0 [1.2 s]
#   unit {'pos': 2156, 'blk': None}: om1 4510 pos 124 st1 124 fail1 0 t4 40 t4only 0 t2only 0 rtfail 0 rcfail 0 chain 0 t3c 109 keyfail 0 [1.2 s]
#   unit {'pos': 2157, 'blk': None}: om1 4541 pos 153 st1 153 fail1 0 t4 36 t4only 0 t2only 0 rtfail 0 rcfail 0 chain 0 t3c 141 keyfail 0 [0.7 s]
#   unit {'pos': 2158, 'blk': None}: om1 4683 pos 238 st1 238 fail1 0 t4 107 t4only 0 t2only 0 rtfail 0 rcfail 0 chain 0 t3c 188 keyfail 0 [0.8 s]
#   unit {'pos': 2160, 'blk': None}: om1 4523 pos 137 st1 137 fail1 0 t4 47 t4only 0 t2only 0 rtfail 0 rcfail 0 chain 0 t3c 117 keyfail 0 [0.8 s]
#   unit {'pos': 2161, 'blk': None}: om1 4551 pos 144 st1 144 fail1 0 t4 36 t4only 0 t2only 0 rtfail 0 rcfail 0 chain 0 t3c 131 keyfail 0 [0.9 s]
#   unit {'pos': 2159, 'blk': None}: om1 4523 pos 135 st1 135 fail1 0 t4 53 t4only 0 t2only 0 rtfail 0 rcfail 0 chain 0 t3c 123 keyfail 0 [1.1 s]
#   unit {'pos': 2162, 'blk': None}: om1 4613 pos 198 st1 198 fail1 0 t4 75 t4only 0 t2only 0 rtfail 0 rcfail 0 chain 0 t3c 162 keyfail 0 [0.8 s]
#   unit {'pos': 2163, 'blk': None}: om1 4553 pos 127 st1 127 fail1 0 t4 73 t4only 0 t2only 0 rtfail 0 rcfail 0 chain 0 t3c 119 keyfail 0 [1.0 s]
#   unit {'pos': 2164, 'blk': None}: om1 4461 pos 131 st1 131 fail1 0 t4 46 t4only 0 t2only 0 rtfail 0 rcfail 0 chain 0 t3c 125 keyfail 0 [0.9 s]
#   unit {'pos': 2165, 'blk': None}: om1 4368 pos 54 st1 54 fail1 0 t4 20 t4only 0 t2only 0 rtfail 0 rcfail 0 chain 0 t3c 54 keyfail 0 [0.8 s]
#   unit {'pos': 2166, 'blk': None}: om1 4366 pos 51 st1 51 fail1 0 t4 15 t4only 0 t2only 0 rtfail 0 rcfail 0 chain 0 t3c 51 keyfail 0 [0.9 s]
#   unit {'pos': 2167, 'blk': None}: om1 4471 pos 26 st1 26 fail1 0 t4 3 t4only 0 t2only 0 rtfail 0 rcfail 0 chain 0 t3c 26 keyfail 0 [0.7 s]
#   unit {'pos': 2170, 'blk': None}: om1 4554 pos 36 st1 36 fail1 0 t4 14 t4only 0 t2only 0 rtfail 0 rcfail 0 chain 0 t3c 36 keyfail 0 [0.7 s]
#   unit {'pos': 2169, 'blk': None}: om1 4559 pos 4 st1 4 fail1 0 t4 0 t4only 0 t2only 0 rtfail 0 rcfail 0 chain 0 t3c 4 keyfail 0 [0.9 s]
#   unit {'pos': 2168, 'blk': None}: om1 4440 pos 20 st1 20 fail1 0 t4 12 t4only 0 t2only 0 rtfail 0 rcfail 0 chain 0 t3c 20 keyfail 0 [1.0 s]
#   unit {'pos': 2171, 'blk': None}: om1 4680 pos 224 st1 224 fail1 0 t4 82 t4only 0 t2only 0 rtfail 0 rcfail 0 chain 0 t3c 186 keyfail 0 [0.9 s]
#   unit {'pos': 2172, 'blk': None}: om1 4688 pos 305 st1 305 fail1 0 t4 74 t4only 0 t2only 0 rtfail 0 rcfail 0 chain 0 t3c 264 keyfail 0 [0.7 s]
#   unit {'pos': 2173, 'blk': None}: om1 4553 pos 116 st1 116 fail1 0 t4 19 t4only 0 t2only 0 rtfail 0 rcfail 0 chain 0 t3c 107 keyfail 0 [0.8 s]
#   unit {'pos': 2174, 'blk': None}: om1 4547 pos 142 st1 142 fail1 0 t4 23 t4only 0 t2only 0 rtfail 0 rcfail 0 chain 0 t3c 128 keyfail 0 [1.0 s]
#   unit {'pos': 2176, 'blk': None}: om1 4345 pos 24 st1 24 fail1 0 t4 7 t4only 0 t2only 0 rtfail 0 rcfail 0 chain 0 t3c 24 keyfail 0 [0.9 s]
#   unit {'pos': 2175, 'blk': None}: om1 4553 pos 212 st1 212 fail1 0 t4 22 t4only 0 t2only 0 rtfail 0 rcfail 0 chain 0 t3c 191 keyfail 0 [1.0 s]
#   unit {'pos': 2177, 'blk': None}: om1 4372 pos 24 st1 24 fail1 0 t4 9 t4only 0 t2only 0 rtfail 0 rcfail 0 chain 0 t3c 23 keyfail 0 [0.9 s]
#   unit {'pos': 2178, 'blk': None}: om1 4437 pos 92 st1 92 fail1 0 t4 14 t4only 0 t2only 0 rtfail 0 rcfail 0 chain 0 t3c 84 keyfail 0 [0.8 s]
#   unit {'pos': 2180, 'blk': None}: om1 4445 pos 127 st1 127 fail1 0 t4 7 t4only 0 t2only 0 rtfail 0 rcfail 0 chain 0 t3c 110 keyfail 0 [0.8 s]
#   unit {'pos': 2179, 'blk': None}: om1 4414 pos 97 st1 97 fail1 0 t4 0 t4only 0 t2only 0 rtfail 0 rcfail 0 chain 0 t3c 88 keyfail 0 [0.9 s]
#   unit {'pos': 2182, 'blk': None}: om1 5000 pos 520 st1 520 fail1 0 t4 255 t4only 0 t2only 0 rtfail 0 rcfail 0 chain 0 t3c 476 keyfail 0 [0.6 s]
#   unit {'pos': 2181, 'blk': None}: om1 5000 pos 1076 st1 1076 fail1 0 t4 622 t4only 0 t2only 0 rtfail 0 rcfail 0 chain 0 t3c 975 keyfail 0 [0.9 s]
#   unit {'pos': 2183, 'blk': None}: om1 5000 pos 318 st1 318 fail1 0 t4 191 t4only 0 t2only 0 rtfail 0 rcfail 0 chain 0 t3c 318 keyfail 0 [0.7 s]
#   unit {'pos': 2184, 'blk': None}: om1 5000 pos 216 st1 216 fail1 0 t4 98 t4only 0 t2only 0 rtfail 0 rcfail 0 chain 0 t3c 216 keyfail 0 [0.7 s]
#   unit {'pos': 2185, 'blk': None}: om1 5000 pos 350 st1 350 fail1 0 t4 139 t4only 0 t2only 0 rtfail 0 rcfail 0 chain 0 t3c 310 keyfail 0 [0.7 s]
#   unit {'pos': 2186, 'blk': None}: om1 5000 pos 261 st1 261 fail1 0 t4 92 t4only 0 t2only 0 rtfail 0 rcfail 0 chain 0 t3c 261 keyfail 0 [0.7 s]
#   unit {'pos': 2189, 'blk': None}: om1 4857 pos 355 st1 355 fail1 0 t4 217 t4only 0 t2only 0 rtfail 0 rcfail 0 chain 0 t3c 329 keyfail 0 [0.5 s]
#   unit {'pos': 2188, 'blk': None}: om1 4613 pos 9 st1 9 fail1 0 t4 8 t4only 0 t2only 0 rtfail 0 rcfail 0 chain 0 t3c 9 keyfail 0 [0.7 s]
#   unit {'pos': 2190, 'blk': None}: om1 4726 pos 163 st1 163 fail1 0 t4 97 t4only 0 t2only 0 rtfail 0 rcfail 0 chain 0 t3c 151 keyfail 0 [0.8 s]
#   unit {'pos': 2187, 'blk': None}: om1 4692 pos 33 st1 33 fail1 0 t4 15 t4only 0 t2only 0 rtfail 0 rcfail 0 chain 0 t3c 29 keyfail 0 [1.0 s]
#   unit {'pos': 2192, 'blk': None}: om1 4709 pos 141 st1 141 fail1 0 t4 89 t4only 0 t2only 0 rtfail 0 rcfail 0 chain 0 t3c 130 keyfail 0 [0.6 s]
#   unit {'pos': 2191, 'blk': None}: om1 4832 pos 243 st1 243 fail1 0 t4 140 t4only 0 t2only 0 rtfail 0 rcfail 0 chain 0 t3c 222 keyfail 0 [0.7 s]
#   unit {'pos': 2193, 'blk': None}: om1 4786 pos 115 st1 115 fail1 0 t4 67 t4only 0 t2only 0 rtfail 0 rcfail 0 chain 0 t3c 101 keyfail 0 [0.6 s]
#   unit {'pos': 2194, 'blk': None}: om1 4690 pos 50 st1 50 fail1 0 t4 43 t4only 0 t2only 0 rtfail 0 rcfail 0 chain 0 t3c 50 keyfail 0 [0.8 s]
#   unit {'pos': 2197, 'blk': None}: om1 4577 pos 57 st1 57 fail1 0 t4 49 t4only 0 t2only 0 rtfail 0 rcfail 0 chain 0 t3c 57 keyfail 0 [0.5 s]
#   unit {'pos': 2195, 'blk': None}: om1 4633 pos 34 st1 34 fail1 0 t4 29 t4only 0 t2only 0 rtfail 0 rcfail 0 chain 0 t3c 34 keyfail 0 [0.8 s]
#   unit {'pos': 2196, 'blk': None}: om1 4686 pos 100 st1 100 fail1 0 t4 58 t4only 0 t2only 0 rtfail 0 rcfail 0 chain 0 t3c 97 keyfail 0 [0.8 s]
#   unit {'pos': 2198, 'blk': None}: om1 4700 pos 115 st1 115 fail1 0 t4 76 t4only 0 t2only 0 rtfail 0 rcfail 0 chain 0 t3c 106 keyfail 0 [0.7 s]
#   unit {'pos': 2199, 'blk': None}: om1 4773 pos 184 st1 184 fail1 0 t4 109 t4only 0 t2only 0 rtfail 0 rcfail 0 chain 0 t3c 160 keyfail 0 [0.7 s]
#   unit {'pos': 2201, 'blk': None}: om1 4538 pos 25 st1 25 fail1 0 t4 25 t4only 0 t2only 0 rtfail 0 rcfail 0 chain 0 t3c 25 keyfail 0 [0.7 s]
#   unit {'pos': 2200, 'blk': None}: om1 4518 pos 17 st1 17 fail1 0 t4 0 t4only 0 t2only 0 rtfail 0 rcfail 0 chain 0 t3c 16 keyfail 0 [0.9 s]
#   unit {'pos': 2202, 'blk': None}: om1 4596 pos 209 st1 209 fail1 0 t4 108 t4only 0 t2only 0 rtfail 0 rcfail 0 chain 0 t3c 186 keyfail 0 [0.8 s]
#   unit {'pos': 2204, 'blk': None}: om1 4529 pos 91 st1 91 fail1 0 t4 55 t4only 0 t2only 0 rtfail 0 rcfail 0 chain 0 t3c 91 keyfail 0 [0.6 s]
#   unit {'pos': 2203, 'blk': None}: om1 4573 pos 46 st1 46 fail1 0 t4 24 t4only 0 t2only 0 rtfail 0 rcfail 0 chain 0 t3c 46 keyfail 0 [0.6 s]
#   unit {'pos': 2205, 'blk': None}: om1 4579 pos 158 st1 158 fail1 0 t4 62 t4only 0 t2only 0 rtfail 0 rcfail 0 chain 0 t3c 150 keyfail 0 [0.9 s]
#   unit {'pos': 2206, 'blk': None}: om1 4581 pos 180 st1 180 fail1 0 t4 92 t4only 0 t2only 0 rtfail 0 rcfail 0 chain 0 t3c 180 keyfail 0 [0.7 s]
#   unit {'pos': 2207, 'blk': None}: om1 4469 pos 72 st1 72 fail1 0 t4 49 t4only 3 t2only 0 rtfail 3 rcfail 0 chain 0 t3c 72 keyfail 0 [0.9 s]
#   unit {'pos': 2208, 'blk': None}: om1 4462 pos 52 st1 52 fail1 0 t4 22 t4only 0 t2only 0 rtfail 0 rcfail 0 chain 0 t3c 52 keyfail 0 [0.9 s]
#   unit {'pos': 2209, 'blk': None}: om1 4562 pos 129 st1 129 fail1 0 t4 34 t4only 0 t2only 0 rtfail 0 rcfail 0 chain 0 t3c 128 keyfail 0 [0.8 s]
#   unit {'pos': 2210, 'blk': None}: om1 4466 pos 18 st1 18 fail1 0 t4 0 t4only 0 t2only 0 rtfail 0 rcfail 0 chain 0 t3c 18 keyfail 0 [0.9 s]
#   unit {'pos': 2211, 'blk': None}: om1 4493 pos 78 st1 78 fail1 0 t4 22 t4only 0 t2only 0 rtfail 0 rcfail 0 chain 0 t3c 70 keyfail 0 [0.8 s]
#   unit {'pos': 2212, 'blk': None}: om1 4454 pos 9 st1 9 fail1 0 t4 0 t4only 0 t2only 0 rtfail 0 rcfail 0 chain 0 t3c 9 keyfail 0 [0.7 s]
#   unit {'pos': 2213, 'blk': None}: om1 4522 pos 22 st1 22 fail1 0 t4 7 t4only 0 t2only 0 rtfail 0 rcfail 0 chain 0 t3c 22 keyfail 0 [0.7 s]
#   unit {'pos': 2214, 'blk': None}: om1 4478 pos 43 st1 43 fail1 0 t4 31 t4only 0 t2only 0 rtfail 0 rcfail 0 chain 0 t3c 43 keyfail 0 [1.0 s]
#   unit {'pos': 2215, 'blk': None}: om1 4598 pos 99 st1 99 fail1 0 t4 32 t4only 0 t2only 0 rtfail 0 rcfail 0 chain 0 t3c 88 keyfail 0 [1.0 s]
#   unit {'pos': 2216, 'blk': None}: om1 4560 pos 92 st1 92 fail1 0 t4 39 t4only 0 t2only 0 rtfail 0 rcfail 0 chain 0 t3c 81 keyfail 0 [1.0 s]
#   unit {'pos': 2218, 'blk': None}: om1 4443 pos 27 st1 27 fail1 0 t4 14 t4only 0 t2only 0 rtfail 0 rcfail 0 chain 0 t3c 27 keyfail 0 [0.9 s]
#   unit {'pos': 2217, 'blk': None}: om1 4474 pos 35 st1 35 fail1 0 t4 11 t4only 0 t2only 0 rtfail 0 rcfail 0 chain 0 t3c 35 keyfail 0 [1.4 s]
#   unit {'pos': 2219, 'blk': None}: om1 4463 pos 40 st1 40 fail1 0 t4 16 t4only 0 t2only 0 rtfail 0 rcfail 0 chain 0 t3c 39 keyfail 0 [1.3 s]
#   unit {'pos': 2220, 'blk': None}: om1 4512 pos 104 st1 104 fail1 0 t4 35 t4only 0 t2only 0 rtfail 0 rcfail 0 chain 0 t3c 96 keyfail 0 [1.4 s]
#   unit {'pos': 2222, 'blk': None}: om1 4536 pos 120 st1 120 fail1 0 t4 23 t4only 0 t2only 0 rtfail 0 rcfail 0 chain 0 t3c 111 keyfail 0 [1.0 s]
#   unit {'pos': 2221, 'blk': None}: om1 4533 pos 110 st1 110 fail1 0 t4 28 t4only 0 t2only 0 rtfail 0 rcfail 0 chain 0 t3c 108 keyfail 0 [1.3 s]
#   unit {'pos': 2223, 'blk': None}: om1 4678 pos 171 st1 171 fail1 0 t4 72 t4only 0 t2only 0 rtfail 0 rcfail 0 chain 0 t3c 161 keyfail 0 [1.2 s]
#   unit {'pos': 2224, 'blk': None}: om1 4535 pos 52 st1 52 fail1 0 t4 25 t4only 0 t2only 0 rtfail 0 rcfail 0 chain 0 t3c 52 keyfail 0 [1.2 s]
#   unit {'pos': 2225, 'blk': None}: om1 4544 pos 68 st1 68 fail1 0 t4 30 t4only 0 t2only 0 rtfail 0 rcfail 0 chain 0 t3c 68 keyfail 0 [1.2 s]
#   unit {'pos': 2226, 'blk': None}: om1 4592 pos 125 st1 125 fail1 0 t4 48 t4only 0 t2only 0 rtfail 0 rcfail 0 chain 0 t3c 112 keyfail 0 [1.2 s]
#   unit {'pos': 2227, 'blk': None}: om1 4581 pos 129 st1 129 fail1 0 t4 52 t4only 0 t2only 0 rtfail 0 rcfail 0 chain 0 t3c 127 keyfail 0 [1.3 s]
#   unit {'pos': 2228, 'blk': None}: om1 4803 pos 338 st1 338 fail1 0 t4 189 t4only 0 t2only 0 rtfail 0 rcfail 0 chain 0 t3c 311 keyfail 0 [1.3 s]
#   unit {'pos': 2230, 'blk': None}: om1 4690 pos 195 st1 195 fail1 0 t4 100 t4only 0 t2only 0 rtfail 0 rcfail 0 chain 0 t3c 182 keyfail 0 [0.8 s]
#   unit {'pos': 2229, 'blk': None}: om1 4718 pos 197 st1 197 fail1 0 t4 95 t4only 0 t2only 0 rtfail 0 rcfail 0 chain 0 t3c 173 keyfail 0 [1.3 s]
#   unit {'pos': 2231, 'blk': None}: om1 4732 pos 232 st1 232 fail1 0 t4 131 t4only 0 t2only 0 rtfail 0 rcfail 0 chain 0 t3c 211 keyfail 0 [1.2 s]
#   unit {'pos': 2232, 'blk': None}: om1 4763 pos 341 st1 341 fail1 0 t4 128 t4only 0 t2only 0 rtfail 0 rcfail 0 chain 0 t3c 293 keyfail 0 [1.1 s]
#   unit {'pos': 2233, 'blk': None}: om1 4656 pos 119 st1 119 fail1 0 t4 58 t4only 0 t2only 0 rtfail 0 rcfail 0 chain 0 t3c 118 keyfail 0 [1.1 s]
#   unit {'pos': 2234, 'blk': None}: om1 4677 pos 152 st1 152 fail1 0 t4 80 t4only 0 t2only 0 rtfail 0 rcfail 0 chain 0 t3c 140 keyfail 0 [1.2 s]
#   unit {'pos': 2236, 'blk': None}: om1 4643 pos 173 st1 173 fail1 0 t4 55 t4only 0 t2only 0 rtfail 0 rcfail 0 chain 0 t3c 149 keyfail 0 [1.0 s]
#   unit {'pos': 2235, 'blk': None}: om1 4648 pos 173 st1 173 fail1 0 t4 89 t4only 0 t2only 0 rtfail 0 rcfail 0 chain 0 t3c 148 keyfail 0 [1.2 s]
#   unit {'pos': 2237, 'blk': None}: om1 4726 pos 199 st1 199 fail1 0 t4 79 t4only 0 t2only 0 rtfail 0 rcfail 0 chain 0 t3c 181 keyfail 0 [1.2 s]
#   unit {'pos': 2238, 'blk': None}: om1 4730 pos 280 st1 280 fail1 0 t4 92 t4only 0 t2only 0 rtfail 0 rcfail 0 chain 0 t3c 247 keyfail 0 [1.1 s]
#   unit {'pos': 2239, 'blk': None}: om1 4534 pos 67 st1 67 fail1 0 t4 24 t4only 0 t2only 0 rtfail 0 rcfail 0 chain 0 t3c 67 keyfail 0 [1.1 s]
#   unit {'pos': 2241, 'blk': None}: om1 4612 pos 126 st1 126 fail1 0 t4 53 t4only 0 t2only 0 rtfail 0 rcfail 0 chain 0 t3c 118 keyfail 0 [1.0 s]
#   unit {'pos': 2240, 'blk': None}: om1 4497 pos 44 st1 44 fail1 0 t4 28 t4only 0 t2only 0 rtfail 0 rcfail 0 chain 0 t3c 44 keyfail 0 [1.2 s]
#   unit {'pos': 2242, 'blk': None}: om1 4606 pos 107 st1 107 fail1 0 t4 35 t4only 0 t2only 0 rtfail 0 rcfail 0 chain 0 t3c 104 keyfail 0 [1.0 s]
#   unit {'pos': 2243, 'blk': None}: om1 4589 pos 202 st1 202 fail1 0 t4 57 t4only 0 t2only 0 rtfail 0 rcfail 0 chain 0 t3c 183 keyfail 0 [0.8 s]
#   unit {'pos': 2245, 'blk': None}: om1 4610 pos 16 st1 16 fail1 0 t4 12 t4only 0 t2only 0 rtfail 0 rcfail 0 chain 0 t3c 16 keyfail 0 [0.5 s]
#   unit {'pos': 2244, 'blk': None}: om1 4679 pos 156 st1 156 fail1 0 t4 69 t4only 0 t2only 0 rtfail 0 rcfail 0 chain 0 t3c 141 keyfail 0 [0.9 s]
#   unit {'pos': 2246, 'blk': None}: om1 4564 pos 23 st1 23 fail1 0 t4 6 t4only 0 t2only 0 rtfail 0 rcfail 0 chain 0 t3c 23 keyfail 0 [0.9 s]
#   unit {'pos': 2247, 'blk': None}: om1 4603 pos 162 st1 162 fail1 0 t4 51 t4only 0 t2only 0 rtfail 0 rcfail 0 chain 0 t3c 147 keyfail 0 [0.6 s]
#   unit {'pos': 2248, 'blk': None}: om1 4612 pos 141 st1 141 fail1 0 t4 62 t4only 0 t2only 0 rtfail 0 rcfail 0 chain 0 t3c 131 keyfail 0 [0.6 s]
#   unit {'pos': 2252, 'blk': None}: om1 4520 pos 33 st1 33 fail1 0 t4 11 t4only 0 t2only 0 rtfail 0 rcfail 0 chain 0 t3c 33 keyfail 0 [0.6 s]
#   unit {'pos': 2249, 'blk': None}: om1 4606 pos 158 st1 158 fail1 0 t4 45 t4only 0 t2only 0 rtfail 0 rcfail 0 chain 0 t3c 139 keyfail 0 [1.0 s]
#   unit {'pos': 2251, 'blk': None}: om1 4691 pos 227 st1 227 fail1 0 t4 24 t4only 0 t2only 0 rtfail 0 rcfail 0 chain 0 t3c 205 keyfail 0 [0.7 s]
#   unit {'pos': 2250, 'blk': None}: om1 4686 pos 166 st1 166 fail1 0 t4 34 t4only 0 t2only 0 rtfail 0 rcfail 0 chain 0 t3c 141 keyfail 0 [0.8 s]
#   unit {'pos': 2253, 'blk': None}: om1 4480 pos 39 st1 39 fail1 0 t4 19 t4only 0 t2only 0 rtfail 0 rcfail 0 chain 0 t3c 39 keyfail 0 [0.7 s]
#   unit {'pos': 2255, 'blk': None}: om1 4584 pos 89 st1 89 fail1 0 t4 35 t4only 0 t2only 0 rtfail 0 rcfail 0 chain 0 t3c 77 keyfail 0 [0.8 s]
#   unit {'pos': 2254, 'blk': None}: om1 4550 pos 87 st1 87 fail1 0 t4 32 t4only 0 t2only 0 rtfail 0 rcfail 0 chain 0 t3c 85 keyfail 0 [0.8 s]
#   unit {'pos': 2256, 'blk': None}: om1 4601 pos 132 st1 132 fail1 0 t4 12 t4only 0 t2only 0 rtfail 0 rcfail 0 chain 0 t3c 120 keyfail 0 [0.8 s]
#   unit {'pos': 2257, 'blk': None}: om1 4534 pos 88 st1 88 fail1 0 t4 10 t4only 0 t2only 0 rtfail 0 rcfail 0 chain 0 t3c 78 keyfail 0 [0.7 s]
#   unit {'pos': 2258, 'blk': None}: om1 4606 pos 158 st1 158 fail1 0 t4 7 t4only 0 t2only 0 rtfail 0 rcfail 0 chain 0 t3c 144 keyfail 0 [0.7 s]
#   unit {'pos': 2259, 'blk': None}: om1 4581 pos 119 st1 119 fail1 0 t4 12 t4only 0 t2only 0 rtfail 0 rcfail 0 chain 0 t3c 109 keyfail 0 [0.8 s]
#   unit {'pos': 2260, 'blk': None}: om1 4455 pos 29 st1 29 fail1 0 t4 17 t4only 0 t2only 0 rtfail 0 rcfail 0 chain 0 t3c 29 keyfail 0 [1.0 s]
#   unit {'pos': 2262, 'blk': None}: om1 4521 pos 70 st1 70 fail1 0 t4 21 t4only 0 t2only 0 rtfail 0 rcfail 0 chain 0 t3c 66 keyfail 0 [0.7 s]
#   unit {'pos': 2263, 'blk': None}: om1 4520 pos 169 st1 169 fail1 0 t4 6 t4only 0 t2only 0 rtfail 0 rcfail 0 chain 0 t3c 155 keyfail 0 [0.7 s]
#   unit {'pos': 2261, 'blk': None}: om1 4461 pos 35 st1 35 fail1 0 t4 18 t4only 0 t2only 0 rtfail 0 rcfail 0 chain 0 t3c 35 keyfail 0 [1.0 s]
#   unit {'pos': 2264, 'blk': None}: om1 4562 pos 75 st1 75 fail1 0 t4 4 t4only 0 t2only 0 rtfail 0 rcfail 0 chain 0 t3c 70 keyfail 0 [0.8 s]
#   unit {'pos': 2265, 'blk': None}: om1 4867 pos 3 st1 3 fail1 0 t4 3 t4only 0 t2only 0 rtfail 0 rcfail 0 chain 0 t3c 3 keyfail 0 [0.7 s]
#   unit {'pos': 2266, 'blk': None}: om1 4740 pos 0 st1 0 fail1 0 t4 0 t4only 0 t2only 0 rtfail 0 rcfail 0 chain 0 t3c 0 keyfail 0 [0.6 s]
#   unit {'pos': 2267, 'blk': None}: om1 4113 pos 0 st1 0 fail1 0 t4 0 t4only 0 t2only 0 rtfail 0 rcfail 0 chain 0 t3c 0 keyfail 0 [0.6 s]
#   unit {'pos': 2268, 'blk': None}: om1 4028 pos 0 st1 0 fail1 0 t4 0 t4only 0 t2only 0 rtfail 0 rcfail 0 chain 0 t3c 0 keyfail 0 [0.5 s]
#   unit {'pos': 2270, 'blk': None}: om1 4237 pos 0 st1 0 fail1 0 t4 0 t4only 0 t2only 0 rtfail 0 rcfail 0 chain 0 t3c 0 keyfail 0 [0.5 s]
#   unit {'pos': 2269, 'blk': None}: om1 4339 pos 0 st1 0 fail1 0 t4 0 t4only 0 t2only 0 rtfail 0 rcfail 0 chain 0 t3c 0 keyfail 0 [0.9 s]
#   unit {'pos': 2271, 'blk': None}: om1 4250 pos 0 st1 0 fail1 0 t4 0 t4only 0 t2only 0 rtfail 0 rcfail 0 chain 0 t3c 0 keyfail 0 [0.9 s]
#   unit {'pos': 2272, 'blk': None}: om1 4211 pos 0 st1 0 fail1 0 t4 0 t4only 0 t2only 0 rtfail 0 rcfail 0 chain 0 t3c 0 keyfail 0 [0.9 s]
#   unit {'pos': 2273, 'blk': None}: om1 4053 pos 2 st1 2 fail1 0 t4 2 t4only 0 t2only 0 rtfail 0 rcfail 0 chain 0 t3c 2 keyfail 0 [0.7 s]
#   unit {'pos': 2274, 'blk': None}: om1 4233 pos 3 st1 3 fail1 0 t4 3 t4only 0 t2only 0 rtfail 0 rcfail 0 chain 0 t3c 3 keyfail 0 [0.8 s]
#   unit {'pos': 2275, 'blk': None}: om1 4096 pos 0 st1 0 fail1 0 t4 0 t4only 0 t2only 0 rtfail 0 rcfail 0 chain 0 t3c 0 keyfail 0 [0.9 s]
#   unit {'pos': 2276, 'blk': None}: om1 4195 pos 1 st1 1 fail1 0 t4 1 t4only 0 t2only 0 rtfail 0 rcfail 0 chain 0 t3c 1 keyfail 0 [1.0 s]
#   unit {'pos': 2277, 'blk': None}: om1 3913 pos 9 st1 9 fail1 0 t4 4 t4only 0 t2only 0 rtfail 0 rcfail 0 chain 0 t3c 9 keyfail 0 [1.0 s]
#   unit {'pos': 2278, 'blk': None}: om1 4066 pos 10 st1 10 fail1 0 t4 3 t4only 0 t2only 0 rtfail 0 rcfail 0 chain 0 t3c 9 keyfail 0 [0.8 s]
#   unit {'pos': 2279, 'blk': None}: om1 4039 pos 6 st1 6 fail1 0 t4 2 t4only 0 t2only 0 rtfail 0 rcfail 0 chain 0 t3c 6 keyfail 0 [1.2 s]
#   unit {'pos': 2282, 'blk': None}: om1 4028 pos 49 st1 49 fail1 0 t4 27 t4only 0 t2only 0 rtfail 0 rcfail 0 chain 0 t3c 44 keyfail 0 [0.7 s]
#   unit {'pos': 2280, 'blk': None}: om1 4055 pos 81 st1 81 fail1 0 t4 42 t4only 0 t2only 0 rtfail 0 rcfail 0 chain 0 t3c 76 keyfail 0 [1.1 s]
#   unit {'pos': 2281, 'blk': None}: om1 3887 pos 13 st1 13 fail1 0 t4 13 t4only 0 t2only 0 rtfail 0 rcfail 0 chain 0 t3c 13 keyfail 0 [1.1 s]
#   unit {'pos': 2284, 'blk': None}: om1 3950 pos 31 st1 31 fail1 0 t4 25 t4only 0 t2only 0 rtfail 0 rcfail 0 chain 0 t3c 30 keyfail 0 [1.0 s]
#   unit {'pos': 2283, 'blk': None}: om1 3931 pos 35 st1 35 fail1 0 t4 22 t4only 0 t2only 0 rtfail 0 rcfail 0 chain 0 t3c 35 keyfail 0 [1.2 s]
#   unit {'pos': 2285, 'blk': None}: om1 3872 pos 9 st1 9 fail1 0 t4 5 t4only 0 t2only 0 rtfail 0 rcfail 0 chain 0 t3c 7 keyfail 0 [1.1 s]
#   unit {'pos': 2286, 'blk': None}: om1 3959 pos 5 st1 5 fail1 0 t4 4 t4only 0 t2only 0 rtfail 0 rcfail 0 chain 0 t3c 5 keyfail 0 [1.1 s]
#   unit {'pos': 2287, 'blk': None}: om1 3938 pos 25 st1 25 fail1 0 t4 9 t4only 0 t2only 0 rtfail 0 rcfail 0 chain 0 t3c 25 keyfail 0 [1.0 s]
#   unit {'pos': 2290, 'blk': None}: om1 4069 pos 38 st1 38 fail1 0 t4 28 t4only 0 t2only 0 rtfail 0 rcfail 0 chain 0 t3c 35 keyfail 0 [0.9 s]
#   unit {'pos': 2289, 'blk': None}: om1 4233 pos 87 st1 87 fail1 0 t4 50 t4only 0 t2only 0 rtfail 0 rcfail 0 chain 0 t3c 79 keyfail 0 [1.1 s]
#   unit {'pos': 2288, 'blk': None}: om1 3935 pos 40 st1 40 fail1 0 t4 22 t4only 0 t2only 0 rtfail 0 rcfail 0 chain 0 t3c 38 keyfail 0 [1.4 s]
#   unit {'pos': 2291, 'blk': None}: om1 4127 pos 42 st1 42 fail1 0 t4 20 t4only 0 t2only 0 rtfail 0 rcfail 0 chain 0 t3c 38 keyfail 0 [1.1 s]
#   unit {'pos': 2292, 'blk': None}: om1 4188 pos 62 st1 62 fail1 0 t4 36 t4only 0 t2only 0 rtfail 0 rcfail 0 chain 0 t3c 57 keyfail 0 [1.0 s]
#   unit {'pos': 2293, 'blk': None}: om1 4184 pos 75 st1 75 fail1 0 t4 47 t4only 0 t2only 0 rtfail 0 rcfail 0 chain 0 t3c 69 keyfail 0 [1.1 s]
#   unit {'pos': 2294, 'blk': None}: om1 4074 pos 53 st1 53 fail1 0 t4 31 t4only 0 t2only 0 rtfail 0 rcfail 0 chain 0 t3c 49 keyfail 0 [1.3 s]
#   unit {'pos': 2295, 'blk': None}: om1 4032 pos 34 st1 34 fail1 0 t4 32 t4only 0 t2only 0 rtfail 0 rcfail 0 chain 0 t3c 34 keyfail 0 [1.2 s]
#   unit {'pos': 2296, 'blk': None}: om1 4023 pos 37 st1 37 fail1 0 t4 23 t4only 0 t2only 0 rtfail 0 rcfail 0 chain 0 t3c 32 keyfail 0 [1.2 s]
#   unit {'pos': 2297, 'blk': None}: om1 3970 pos 15 st1 15 fail1 0 t4 14 t4only 0 t2only 0 rtfail 0 rcfail 0 chain 0 t3c 15 keyfail 0 [1.2 s]
#   unit {'pos': 2298, 'blk': None}: om1 4009 pos 33 st1 33 fail1 0 t4 24 t4only 0 t2only 0 rtfail 0 rcfail 0 chain 0 t3c 32 keyfail 0 [1.1 s]
#   unit {'pos': 2300, 'blk': None}: om1 3974 pos 0 st1 0 fail1 0 t4 0 t4only 0 t2only 0 rtfail 0 rcfail 0 chain 0 t3c 0 keyfail 0 [1.1 s]
#   unit {'pos': 2299, 'blk': None}: om1 4028 pos 28 st1 28 fail1 0 t4 19 t4only 0 t2only 0 rtfail 0 rcfail 0 chain 0 t3c 27 keyfail 0 [1.1 s]
#   unit {'pos': 2301, 'blk': None}: om1 4095 pos 12 st1 12 fail1 0 t4 5 t4only 0 t2only 0 rtfail 0 rcfail 0 chain 0 t3c 10 keyfail 0 [1.2 s]
#   unit {'pos': 2302, 'blk': None}: om1 4013 pos 15 st1 15 fail1 0 t4 6 t4only 0 t2only 0 rtfail 0 rcfail 0 chain 0 t3c 14 keyfail 0 [1.1 s]
#   unit {'pos': 2303, 'blk': None}: om1 3884 pos 1 st1 1 fail1 0 t4 1 t4only 0 t2only 0 rtfail 0 rcfail 0 chain 0 t3c 1 keyfail 0 [1.1 s]
#   unit {'pos': 2304, 'blk': None}: om1 3888 pos 6 st1 6 fail1 0 t4 0 t4only 0 t2only 0 rtfail 0 rcfail 0 chain 0 t3c 5 keyfail 0 [1.2 s]
#   unit {'pos': 2306, 'blk': None}: om1 3981 pos 11 st1 11 fail1 0 t4 1 t4only 0 t2only 0 rtfail 0 rcfail 0 chain 0 t3c 10 keyfail 0 [1.0 s]
#   unit {'pos': 2305, 'blk': None}: om1 3942 pos 0 st1 0 fail1 0 t4 0 t4only 0 t2only 0 rtfail 0 rcfail 0 chain 0 t3c 0 keyfail 0 [1.1 s]
#   unit {'pos': 2308, 'blk': None}: om1 4166 pos 113 st1 113 fail1 0 t4 69 t4only 0 t2only 0 rtfail 0 rcfail 0 chain 0 t3c 101 keyfail 0 [1.0 s]
#   unit {'pos': 2307, 'blk': None}: om1 3937 pos 11 st1 11 fail1 0 t4 0 t4only 0 t2only 0 rtfail 0 rcfail 0 chain 0 t3c 11 keyfail 0 [1.1 s]
#   unit {'pos': 2309, 'blk': None}: om1 4044 pos 26 st1 26 fail1 0 t4 16 t4only 0 t2only 0 rtfail 0 rcfail 0 chain 0 t3c 26 keyfail 0 [1.1 s]
#   unit {'pos': 2310, 'blk': None}: om1 4172 pos 65 st1 65 fail1 0 t4 35 t4only 0 t2only 0 rtfail 0 rcfail 0 chain 0 t3c 60 keyfail 0 [1.2 s]
#   unit {'pos': 2311, 'blk': None}: om1 4088 pos 43 st1 43 fail1 0 t4 34 t4only 0 t2only 0 rtfail 0 rcfail 0 chain 0 t3c 40 keyfail 0 [1.1 s]
#   unit {'pos': 2312, 'blk': None}: om1 4127 pos 73 st1 73 fail1 0 t4 48 t4only 0 t2only 0 rtfail 0 rcfail 0 chain 0 t3c 66 keyfail 0 [1.2 s]
#   unit {'pos': 2313, 'blk': None}: om1 4153 pos 73 st1 73 fail1 0 t4 45 t4only 0 t2only 0 rtfail 0 rcfail 0 chain 0 t3c 65 keyfail 0 [1.1 s]
#   unit {'pos': 2314, 'blk': None}: om1 4081 pos 17 st1 17 fail1 0 t4 5 t4only 0 t2only 0 rtfail 0 rcfail 0 chain 0 t3c 16 keyfail 0 [1.1 s]
#   unit {'pos': 2315, 'blk': None}: om1 3964 pos 3 st1 3 fail1 0 t4 1 t4only 0 t2only 0 rtfail 0 rcfail 0 chain 0 t3c 3 keyfail 0 [1.1 s]
#   unit {'pos': 2316, 'blk': None}: om1 3978 pos 17 st1 17 fail1 0 t4 8 t4only 0 t2only 0 rtfail 0 rcfail 0 chain 0 t3c 14 keyfail 0 [1.1 s]
#   unit {'pos': 2317, 'blk': None}: om1 3966 pos 4 st1 4 fail1 0 t4 1 t4only 0 t2only 0 rtfail 0 rcfail 0 chain 0 t3c 4 keyfail 0 [1.1 s]
#   unit {'pos': 2318, 'blk': None}: om1 3996 pos 15 st1 15 fail1 0 t4 0 t4only 0 t2only 0 rtfail 0 rcfail 0 chain 0 t3c 14 keyfail 0 [1.1 s]
#   unit {'pos': 2319, 'blk': None}: om1 4256 pos 29 st1 29 fail1 0 t4 8 t4only 0 t2only 0 rtfail 0 rcfail 0 chain 0 t3c 28 keyfail 0 [1.1 s]
#   unit {'pos': 2320, 'blk': None}: om1 4110 pos 33 st1 33 fail1 0 t4 8 t4only 0 t2only 0 rtfail 0 rcfail 0 chain 0 t3c 31 keyfail 0 [1.2 s]
#   unit {'pos': 2321, 'blk': None}: om1 4043 pos 5 st1 5 fail1 0 t4 3 t4only 0 t2only 0 rtfail 0 rcfail 0 chain 0 t3c 5 keyfail 0 [1.1 s]
#   unit {'pos': 2322, 'blk': None}: om1 4198 pos 2 st1 2 fail1 0 t4 1 t4only 0 t2only 0 rtfail 0 rcfail 0 chain 0 t3c 2 keyfail 0 [1.1 s]
#   unit {'pos': 2324, 'blk': None}: om1 4196 pos 88 st1 88 fail1 0 t4 6 t4only 0 t2only 0 rtfail 0 rcfail 0 chain 0 t3c 82 keyfail 0 [0.6 s]
#   unit {'pos': 2323, 'blk': None}: om1 4116 pos 36 st1 36 fail1 0 t4 1 t4only 0 t2only 0 rtfail 0 rcfail 0 chain 0 t3c 34 keyfail 0 [1.0 s]
#   unit {'pos': 2326, 'blk': None}: om1 4052 pos 42 st1 42 fail1 0 t4 13 t4only 0 t2only 0 rtfail 0 rcfail 0 chain 0 t3c 37 keyfail 0 [0.9 s]
#   unit {'pos': 2325, 'blk': None}: om1 4147 pos 46 st1 46 fail1 0 t4 13 t4only 0 t2only 0 rtfail 0 rcfail 0 chain 0 t3c 40 keyfail 0 [1.1 s]
#   unit {'pos': 2327, 'blk': None}: om1 4142 pos 43 st1 43 fail1 0 t4 23 t4only 0 t2only 0 rtfail 0 rcfail 0 chain 0 t3c 39 keyfail 0 [1.1 s]
#   unit {'pos': 2328, 'blk': None}: om1 4128 pos 58 st1 58 fail1 0 t4 33 t4only 0 t2only 0 rtfail 0 rcfail 0 chain 0 t3c 55 keyfail 0 [1.1 s]
#   unit {'pos': 2330, 'blk': None}: om1 4106 pos 85 st1 85 fail1 0 t4 8 t4only 0 t2only 0 rtfail 0 rcfail 0 chain 0 t3c 82 keyfail 0 [0.9 s]
#   unit {'pos': 2329, 'blk': None}: om1 4050 pos 61 st1 61 fail1 0 t4 5 t4only 0 t2only 0 rtfail 0 rcfail 0 chain 0 t3c 56 keyfail 0 [1.2 s]
#   unit {'pos': 2331, 'blk': None}: om1 3982 pos 27 st1 27 fail1 0 t4 10 t4only 0 t2only 0 rtfail 0 rcfail 0 chain 0 t3c 27 keyfail 0 [1.1 s]
#   unit {'pos': 2332, 'blk': None}: om1 4054 pos 35 st1 35 fail1 0 t4 11 t4only 0 t2only 0 rtfail 0 rcfail 0 chain 0 t3c 32 keyfail 0 [1.2 s]
#   unit {'pos': 2333, 'blk': None}: om1 4075 pos 58 st1 58 fail1 0 t4 17 t4only 0 t2only 0 rtfail 0 rcfail 0 chain 0 t3c 54 keyfail 0 [1.2 s]
#   unit {'pos': 2334, 'blk': None}: om1 3963 pos 21 st1 21 fail1 0 t4 15 t4only 0 t2only 0 rtfail 0 rcfail 0 chain 0 t3c 21 keyfail 0 [1.2 s]
#   unit {'pos': 2335, 'blk': None}: om1 4030 pos 15 st1 15 fail1 0 t4 10 t4only 0 t2only 0 rtfail 0 rcfail 0 chain 0 t3c 15 keyfail 0 [1.2 s]
#   unit {'pos': 2336, 'blk': None}: om1 4023 pos 36 st1 36 fail1 0 t4 23 t4only 0 t2only 0 rtfail 0 rcfail 0 chain 0 t3c 34 keyfail 0 [1.1 s]
#   unit {'pos': 2337, 'blk': None}: om1 4001 pos 25 st1 25 fail1 0 t4 14 t4only 0 t2only 0 rtfail 0 rcfail 0 chain 0 t3c 23 keyfail 0 [1.0 s]
#   unit {'pos': 2338, 'blk': None}: om1 4071 pos 12 st1 12 fail1 0 t4 5 t4only 0 t2only 0 rtfail 0 rcfail 0 chain 0 t3c 9 keyfail 0 [1.4 s]
#   unit {'pos': 2339, 'blk': None}: om1 4029 pos 50 st1 50 fail1 0 t4 0 t4only 0 t2only 0 rtfail 0 rcfail 0 chain 0 t3c 45 keyfail 0 [1.0 s]
#   unit {'pos': 2341, 'blk': None}: om1 3948 pos 29 st1 29 fail1 0 t4 5 t4only 0 t2only 0 rtfail 0 rcfail 0 chain 0 t3c 29 keyfail 0 [0.8 s]
#   unit {'pos': 2340, 'blk': None}: om1 4017 pos 36 st1 36 fail1 0 t4 19 t4only 0 t2only 0 rtfail 0 rcfail 0 chain 0 t3c 34 keyfail 0 [1.2 s]
#   unit {'pos': 2342, 'blk': None}: om1 4025 pos 54 st1 54 fail1 0 t4 3 t4only 0 t2only 0 rtfail 0 rcfail 0 chain 0 t3c 48 keyfail 0 [0.9 s]
#   unit {'pos': 2343, 'blk': None}: om1 3984 pos 30 st1 30 fail1 0 t4 7 t4only 0 t2only 0 rtfail 0 rcfail 0 chain 0 t3c 28 keyfail 0 [1.1 s]
#   unit {'pos': 2344, 'blk': None}: om1 3956 pos 26 st1 26 fail1 0 t4 3 t4only 0 t2only 0 rtfail 0 rcfail 0 chain 0 t3c 24 keyfail 0 [1.1 s]
#   unit {'pos': 2345, 'blk': None}: om1 3968 pos 4 st1 4 fail1 0 t4 2 t4only 0 t2only 0 rtfail 0 rcfail 0 chain 0 t3c 4 keyfail 0 [1.1 s]
#   unit {'pos': 2346, 'blk': None}: om1 3937 pos 13 st1 13 fail1 0 t4 10 t4only 0 t2only 0 rtfail 0 rcfail 0 chain 0 t3c 13 keyfail 0 [1.2 s]
#   unit {'pos': 2347, 'blk': None}: om1 3975 pos 31 st1 31 fail1 0 t4 8 t4only 0 t2only 0 rtfail 0 rcfail 0 chain 0 t3c 27 keyfail 0 [1.2 s]
#   unit {'pos': 2348, 'blk': None}: om1 3663 pos 0 st1 0 fail1 0 t4 0 t4only 0 t2only 0 rtfail 0 rcfail 0 chain 0 t3c 0 keyfail 0 [1.1 s]
#   unit {'pos': 2349, 'blk': None}: om1 3565 pos 12 st1 12 fail1 0 t4 4 t4only 0 t2only 0 rtfail 0 rcfail 0 chain 0 t3c 8 keyfail 0 [1.2 s]
#   unit {'pos': 2350, 'blk': None}: om1 3660 pos 28 st1 28 fail1 0 t4 10 t4only 0 t2only 0 rtfail 0 rcfail 0 chain 0 t3c 28 keyfail 0 [1.2 s]
#   unit {'pos': 2351, 'blk': None}: om1 3741 pos 11 st1 11 fail1 0 t4 6 t4only 0 t2only 0 rtfail 0 rcfail 0 chain 0 t3c 10 keyfail 0 [1.2 s]
#   unit {'pos': 2352, 'blk': None}: om1 3761 pos 0 st1 0 fail1 0 t4 0 t4only 0 t2only 0 rtfail 0 rcfail 0 chain 0 t3c 0 keyfail 0 [1.1 s]
#   unit {'pos': 2353, 'blk': None}: om1 3742 pos 47 st1 47 fail1 0 t4 13 t4only 0 t2only 0 rtfail 0 rcfail 0 chain 0 t3c 43 keyfail 0 [1.1 s]
#   unit {'pos': 2354, 'blk': None}: om1 3790 pos 51 st1 51 fail1 0 t4 9 t4only 0 t2only 0 rtfail 0 rcfail 0 chain 0 t3c 51 keyfail 0 [1.1 s]
#   unit {'pos': 2355, 'blk': None}: om1 3802 pos 37 st1 37 fail1 0 t4 15 t4only 0 t2only 0 rtfail 0 rcfail 0 chain 0 t3c 37 keyfail 0 [1.1 s]
#   unit {'pos': 2356, 'blk': None}: om1 3782 pos 54 st1 54 fail1 0 t4 4 t4only 0 t2only 0 rtfail 0 rcfail 0 chain 0 t3c 52 keyfail 0 [1.1 s]
#   unit {'pos': 2357, 'blk': None}: om1 3641 pos 36 st1 36 fail1 0 t4 5 t4only 0 t2only 0 rtfail 0 rcfail 0 chain 0 t3c 33 keyfail 0 [1.2 s]
#   unit {'pos': 2358, 'blk': None}: om1 3771 pos 14 st1 14 fail1 0 t4 1 t4only 0 t2only 0 rtfail 0 rcfail 0 chain 0 t3c 14 keyfail 0 [1.2 s]
#   unit {'pos': 2359, 'blk': None}: om1 3755 pos 6 st1 6 fail1 0 t4 2 t4only 0 t2only 0 rtfail 0 rcfail 0 chain 0 t3c 6 keyfail 0 [1.2 s]
#   unit {'pos': 2360, 'blk': None}: om1 3743 pos 25 st1 25 fail1 0 t4 0 t4only 0 t2only 0 rtfail 0 rcfail 0 chain 0 t3c 24 keyfail 0 [1.2 s]
#   unit {'pos': 2361, 'blk': None}: om1 3915 pos 76 st1 76 fail1 0 t4 35 t4only 0 t2only 0 rtfail 0 rcfail 0 chain 0 t3c 72 keyfail 0 [1.1 s]
#   unit {'pos': 2362, 'blk': None}: om1 3897 pos 58 st1 58 fail1 0 t4 29 t4only 0 t2only 0 rtfail 0 rcfail 0 chain 0 t3c 58 keyfail 0 [1.1 s]
#   unit {'pos': 2363, 'blk': None}: om1 3872 pos 18 st1 18 fail1 0 t4 5 t4only 0 t2only 0 rtfail 0 rcfail 0 chain 0 t3c 18 keyfail 0 [1.2 s]
#   unit {'pos': 2364, 'blk': None}: om1 3880 pos 44 st1 44 fail1 0 t4 22 t4only 0 t2only 0 rtfail 0 rcfail 0 chain 0 t3c 44 keyfail 0 [1.2 s]
#   unit {'pos': 2365, 'blk': None}: om1 3828 pos 32 st1 32 fail1 0 t4 15 t4only 0 t2only 0 rtfail 0 rcfail 0 chain 0 t3c 30 keyfail 0 [1.2 s]
#   unit {'pos': 2366, 'blk': None}: om1 3751 pos 10 st1 10 fail1 0 t4 6 t4only 0 t2only 0 rtfail 0 rcfail 0 chain 0 t3c 10 keyfail 0 [1.2 s]
#   unit {'pos': 2367, 'blk': None}: om1 3963 pos 32 st1 32 fail1 0 t4 24 t4only 0 t2only 0 rtfail 0 rcfail 0 chain 0 t3c 32 keyfail 0 [1.4 s]
#   unit {'pos': 2368, 'blk': None}: om1 3776 pos 9 st1 9 fail1 0 t4 2 t4only 0 t2only 0 rtfail 0 rcfail 0 chain 0 t3c 8 keyfail 0 [1.3 s]
#   unit {'pos': 2369, 'blk': None}: om1 3658 pos 18 st1 18 fail1 0 t4 1 t4only 0 t2only 0 rtfail 0 rcfail 0 chain 0 t3c 14 keyfail 0 [1.2 s]
#   unit {'pos': 2370, 'blk': None}: om1 3770 pos 7 st1 7 fail1 0 t4 7 t4only 0 t2only 0 rtfail 0 rcfail 0 chain 0 t3c 7 keyfail 0 [1.1 s]
#   unit {'pos': 2372, 'blk': None}: om1 3776 pos 4 st1 4 fail1 0 t4 0 t4only 0 t2only 0 rtfail 0 rcfail 0 chain 0 t3c 4 keyfail 0 [1.1 s]
#   unit {'pos': 2371, 'blk': None}: om1 3818 pos 17 st1 17 fail1 0 t4 0 t4only 0 t2only 0 rtfail 0 rcfail 0 chain 0 t3c 17 keyfail 0 [1.3 s]
#   unit {'pos': 2373, 'blk': None}: om1 3686 pos 8 st1 8 fail1 0 t4 6 t4only 0 t2only 0 rtfail 0 rcfail 0 chain 0 t3c 8 keyfail 0 [1.3 s]
#   unit {'pos': 2374, 'blk': None}: om1 3678 pos 5 st1 5 fail1 0 t4 2 t4only 0 t2only 0 rtfail 0 rcfail 0 chain 0 t3c 5 keyfail 0 [1.0 s]
#   unit {'pos': 2375, 'blk': None}: om1 3623 pos 5 st1 5 fail1 0 t4 1 t4only 0 t2only 0 rtfail 0 rcfail 0 chain 0 t3c 4 keyfail 0 [1.3 s]
#   unit {'pos': 2376, 'blk': None}: om1 3798 pos 2 st1 2 fail1 0 t4 0 t4only 0 t2only 0 rtfail 0 rcfail 0 chain 0 t3c 2 keyfail 0 [1.2 s]
#   unit {'pos': 2377, 'blk': None}: om1 3859 pos 2 st1 2 fail1 0 t4 2 t4only 0 t2only 0 rtfail 0 rcfail 0 chain 0 t3c 2 keyfail 0 [1.1 s]
#   unit {'pos': 2378, 'blk': None}: om1 3774 pos 0 st1 0 fail1 0 t4 0 t4only 0 t2only 0 rtfail 0 rcfail 0 chain 0 t3c 0 keyfail 0 [1.2 s]
#   unit {'pos': 2380, 'blk': None}: om1 3774 pos 0 st1 0 fail1 0 t4 0 t4only 0 t2only 0 rtfail 0 rcfail 0 chain 0 t3c 0 keyfail 0 [1.1 s]
#   unit {'pos': 2379, 'blk': None}: om1 3696 pos 7 st1 7 fail1 0 t4 0 t4only 0 t2only 0 rtfail 0 rcfail 0 chain 0 t3c 7 keyfail 0 [1.3 s]
#   unit {'pos': 2381, 'blk': None}: om1 3713 pos 8 st1 8 fail1 0 t4 8 t4only 0 t2only 0 rtfail 0 rcfail 0 chain 0 t3c 8 keyfail 0 [1.2 s]
#   unit {'pos': 2382, 'blk': None}: om1 3805 pos 20 st1 20 fail1 0 t4 18 t4only 0 t2only 0 rtfail 0 rcfail 0 chain 0 t3c 20 keyfail 0 [1.2 s]
#   unit {'pos': 2383, 'blk': None}: om1 3787 pos 9 st1 9 fail1 0 t4 3 t4only 0 t2only 0 rtfail 0 rcfail 0 chain 0 t3c 9 keyfail 0 [1.1 s]
#   unit {'pos': 2384, 'blk': None}: om1 3878 pos 34 st1 34 fail1 0 t4 9 t4only 0 t2only 0 rtfail 0 rcfail 0 chain 0 t3c 32 keyfail 0 [1.3 s]
#   unit {'pos': 2386, 'blk': None}: om1 3995 pos 36 st1 36 fail1 0 t4 15 t4only 0 t2only 0 rtfail 0 rcfail 0 chain 0 t3c 32 keyfail 0 [1.2 s]
#   unit {'pos': 2385, 'blk': None}: om1 3835 pos 28 st1 28 fail1 0 t4 7 t4only 0 t2only 0 rtfail 0 rcfail 0 chain 0 t3c 26 keyfail 0 [1.2 s]
#   unit {'pos': 2387, 'blk': None}: om1 3813 pos 16 st1 16 fail1 0 t4 0 t4only 0 t2only 0 rtfail 0 rcfail 0 chain 0 t3c 16 keyfail 0 [1.1 s]
#   unit {'pos': 2388, 'blk': None}: om1 3808 pos 9 st1 9 fail1 0 t4 4 t4only 0 t2only 0 rtfail 0 rcfail 0 chain 0 t3c 9 keyfail 0 [1.1 s]
#   unit {'pos': 2389, 'blk': None}: om1 3831 pos 8 st1 8 fail1 0 t4 0 t4only 0 t2only 0 rtfail 0 rcfail 0 chain 0 t3c 7 keyfail 0 [1.0 s]
#   unit {'pos': 2390, 'blk': None}: om1 3836 pos 35 st1 35 fail1 0 t4 1 t4only 0 t2only 0 rtfail 0 rcfail 0 chain 0 t3c 25 keyfail 0 [1.2 s]
#   unit {'pos': 2391, 'blk': None}: om1 3724 pos 13 st1 13 fail1 0 t4 0 t4only 0 t2only 0 rtfail 0 rcfail 0 chain 0 t3c 13 keyfail 0 [1.2 s]
#   unit {'pos': 2392, 'blk': None}: om1 3767 pos 23 st1 23 fail1 0 t4 3 t4only 0 t2only 0 rtfail 0 rcfail 0 chain 0 t3c 23 keyfail 0 [1.0 s]
#   unit {'pos': 2393, 'blk': None}: om1 3802 pos 3 st1 3 fail1 0 t4 2 t4only 0 t2only 0 rtfail 0 rcfail 0 chain 0 t3c 3 keyfail 0 [1.1 s]
#   unit {'pos': 2394, 'blk': None}: om1 3748 pos 27 st1 27 fail1 0 t4 2 t4only 0 t2only 0 rtfail 0 rcfail 0 chain 0 t3c 25 keyfail 0 [1.3 s]
#   unit {'pos': 2395, 'blk': None}: om1 3755 pos 3 st1 3 fail1 0 t4 0 t4only 0 t2only 0 rtfail 0 rcfail 0 chain 0 t3c 3 keyfail 0 [1.2 s]
#   unit {'pos': 2396, 'blk': None}: om1 3915 pos 13 st1 13 fail1 0 t4 0 t4only 0 t2only 0 rtfail 0 rcfail 0 chain 0 t3c 12 keyfail 0 [1.4 s]
#   unit {'pos': 2397, 'blk': None}: om1 3799 pos 5 st1 5 fail1 0 t4 5 t4only 0 t2only 0 rtfail 0 rcfail 0 chain 0 t3c 5 keyfail 0 [1.4 s]
#   unit {'pos': 2398, 'blk': None}: om1 3802 pos 1 st1 1 fail1 0 t4 0 t4only 0 t2only 0 rtfail 0 rcfail 0 chain 0 t3c 1 keyfail 0 [1.3 s]
#   unit {'pos': 2399, 'blk': None}: om1 3780 pos 13 st1 13 fail1 0 t4 8 t4only 0 t2only 0 rtfail 0 rcfail 0 chain 0 t3c 12 keyfail 0 [1.2 s]
#   unit {'pos': 2400, 'blk': None}: om1 4015 pos 76 st1 76 fail1 0 t4 29 t4only 0 t2only 0 rtfail 0 rcfail 0 chain 0 t3c 73 keyfail 0 [1.1 s]
#   unit {'pos': 2401, 'blk': None}: om1 3909 pos 56 st1 56 fail1 0 t4 38 t4only 0 t2only 0 rtfail 0 rcfail 0 chain 0 t3c 53 keyfail 0 [1.2 s]
#   unit {'pos': 2402, 'blk': None}: om1 3881 pos 15 st1 15 fail1 0 t4 11 t4only 0 t2only 0 rtfail 0 rcfail 0 chain 0 t3c 15 keyfail 0 [1.3 s]
#   unit {'pos': 2403, 'blk': None}: om1 3824 pos 45 st1 45 fail1 0 t4 19 t4only 0 t2only 0 rtfail 0 rcfail 0 chain 0 t3c 38 keyfail 0 [1.2 s]
#   unit {'pos': 2404, 'blk': None}: om1 3908 pos 42 st1 42 fail1 0 t4 15 t4only 0 t2only 0 rtfail 0 rcfail 0 chain 0 t3c 42 keyfail 0 [1.2 s]
#   unit {'pos': 2405, 'blk': None}: om1 3912 pos 84 st1 84 fail1 0 t4 22 t4only 0 t2only 0 rtfail 0 rcfail 0 chain 0 t3c 74 keyfail 0 [1.2 s]
#   unit {'pos': 2406, 'blk': None}: om1 3869 pos 27 st1 27 fail1 0 t4 17 t4only 0 t2only 0 rtfail 0 rcfail 0 chain 0 t3c 27 keyfail 0 [1.3 s]
#   unit {'pos': 2407, 'blk': None}: om1 3806 pos 21 st1 21 fail1 0 t4 12 t4only 0 t2only 0 rtfail 0 rcfail 0 chain 0 t3c 21 keyfail 0 [1.3 s]
#   unit {'pos': 2408, 'blk': None}: om1 3824 pos 20 st1 20 fail1 0 t4 7 t4only 0 t2only 0 rtfail 0 rcfail 0 chain 0 t3c 19 keyfail 0 [1.4 s]
#   unit {'pos': 2409, 'blk': None}: om1 3819 pos 21 st1 21 fail1 0 t4 8 t4only 0 t2only 0 rtfail 0 rcfail 0 chain 0 t3c 21 keyfail 0 [1.3 s]
#   unit {'pos': 2410, 'blk': None}: om1 3814 pos 10 st1 10 fail1 0 t4 9 t4only 0 t2only 0 rtfail 0 rcfail 0 chain 0 t3c 10 keyfail 0 [1.2 s]
#   unit {'pos': 2411, 'blk': None}: om1 3715 pos 20 st1 20 fail1 0 t4 9 t4only 0 t2only 0 rtfail 0 rcfail 0 chain 0 t3c 20 keyfail 0 [1.4 s]
#   unit {'pos': 2412, 'blk': None}: om1 3757 pos 30 st1 30 fail1 0 t4 10 t4only 0 t2only 0 rtfail 0 rcfail 0 chain 0 t3c 30 keyfail 0 [1.3 s]
#   unit {'pos': 2413, 'blk': None}: om1 3993 pos 63 st1 63 fail1 0 t4 22 t4only 0 t2only 0 rtfail 0 rcfail 0 chain 0 t3c 56 keyfail 0 [1.2 s]
#   unit {'pos': 2414, 'blk': None}: om1 3920 pos 28 st1 28 fail1 0 t4 15 t4only 0 t2only 0 rtfail 0 rcfail 0 chain 0 t3c 25 keyfail 0 [1.2 s]
#   unit {'pos': 2415, 'blk': None}: om1 3854 pos 18 st1 18 fail1 0 t4 10 t4only 0 t2only 0 rtfail 0 rcfail 0 chain 0 t3c 18 keyfail 0 [1.0 s]
#   unit {'pos': 2416, 'blk': None}: om1 3925 pos 45 st1 45 fail1 0 t4 14 t4only 0 t2only 0 rtfail 0 rcfail 0 chain 0 t3c 41 keyfail 0 [1.0 s]
#   unit {'pos': 2417, 'blk': None}: om1 3889 pos 32 st1 32 fail1 0 t4 12 t4only 0 t2only 0 rtfail 0 rcfail 0 chain 0 t3c 30 keyfail 0 [1.1 s]
#   unit {'pos': 2418, 'blk': None}: om1 4161 pos 93 st1 93 fail1 0 t4 42 t4only 0 t2only 0 rtfail 0 rcfail 0 chain 0 t3c 70 keyfail 0 [1.2 s]
#   unit {'pos': 2419, 'blk': None}: om1 4043 pos 41 st1 41 fail1 0 t4 24 t4only 0 t2only 0 rtfail 0 rcfail 0 chain 0 t3c 36 keyfail 0 [0.9 s]
#   unit {'pos': 2420, 'blk': None}: om1 3953 pos 23 st1 23 fail1 0 t4 19 t4only 0 t2only 0 rtfail 0 rcfail 0 chain 0 t3c 23 keyfail 0 [1.1 s]
#   unit {'pos': 2421, 'blk': None}: om1 3910 pos 40 st1 40 fail1 0 t4 20 t4only 0 t2only 0 rtfail 0 rcfail 0 chain 0 t3c 39 keyfail 0 [1.4 s]
#   unit {'pos': 2422, 'blk': None}: om1 3909 pos 48 st1 48 fail1 0 t4 18 t4only 0 t2only 0 rtfail 0 rcfail 0 chain 0 t3c 47 keyfail 0 [1.4 s]
#   unit {'pos': 2423, 'blk': None}: om1 3823 pos 3 st1 3 fail1 0 t4 0 t4only 0 t2only 0 rtfail 0 rcfail 0 chain 0 t3c 3 keyfail 0 [1.2 s]
#   unit {'pos': 2424, 'blk': None}: om1 3807 pos 3 st1 3 fail1 0 t4 0 t4only 0 t2only 0 rtfail 0 rcfail 0 chain 0 t3c 3 keyfail 0 [1.3 s]
#   unit {'pos': 2425, 'blk': None}: om1 3831 pos 13 st1 13 fail1 0 t4 6 t4only 0 t2only 0 rtfail 0 rcfail 0 chain 0 t3c 13 keyfail 0 [1.3 s]
#   unit {'pos': 2426, 'blk': None}: om1 3909 pos 13 st1 13 fail1 0 t4 6 t4only 0 t2only 0 rtfail 0 rcfail 0 chain 0 t3c 13 keyfail 0 [1.2 s]
#   unit {'pos': 2427, 'blk': None}: om1 3913 pos 44 st1 44 fail1 0 t4 10 t4only 0 t2only 0 rtfail 0 rcfail 0 chain 0 t3c 41 keyfail 0 [1.3 s]
#   unit {'pos': 2428, 'blk': None}: om1 3833 pos 11 st1 11 fail1 0 t4 4 t4only 0 t2only 0 rtfail 0 rcfail 0 chain 0 t3c 10 keyfail 0 [1.2 s]
#   unit {'pos': 2430, 'blk': None}: om1 3860 pos 29 st1 29 fail1 0 t4 12 t4only 0 t2only 0 rtfail 0 rcfail 0 chain 0 t3c 29 keyfail 0 [0.9 s]
#   unit {'pos': 2429, 'blk': None}: om1 3857 pos 25 st1 25 fail1 0 t4 8 t4only 0 t2only 0 rtfail 0 rcfail 0 chain 0 t3c 24 keyfail 0 [1.6 s]
#   unit {'pos': 2431, 'blk': None}: om1 3827 pos 18 st1 18 fail1 0 t4 3 t4only 0 t2only 0 rtfail 0 rcfail 0 chain 0 t3c 15 keyfail 0 [1.4 s]
#   unit {'pos': 2433, 'blk': None}: om1 3842 pos 40 st1 40 fail1 0 t4 9 t4only 0 t2only 0 rtfail 0 rcfail 0 chain 0 t3c 32 keyfail 0 [0.8 s]
#   unit {'pos': 2432, 'blk': None}: om1 3870 pos 18 st1 18 fail1 0 t4 7 t4only 0 t2only 0 rtfail 0 rcfail 0 chain 0 t3c 14 keyfail 0 [1.5 s]
#   unit {'pos': 2434, 'blk': None}: om1 4005 pos 48 st1 48 fail1 0 t4 16 t4only 0 t2only 0 rtfail 0 rcfail 0 chain 0 t3c 41 keyfail 0 [1.3 s]
#   unit {'pos': 2436, 'blk': None}: om1 3844 pos 9 st1 9 fail1 0 t4 3 t4only 0 t2only 0 rtfail 0 rcfail 0 chain 0 t3c 9 keyfail 0 [0.9 s]
#   unit {'pos': 2435, 'blk': None}: om1 3865 pos 35 st1 35 fail1 0 t4 16 t4only 0 t2only 0 rtfail 0 rcfail 0 chain 0 t3c 33 keyfail 0 [1.3 s]
#   unit {'pos': 2437, 'blk': None}: om1 3884 pos 31 st1 31 fail1 0 t4 21 t4only 0 t2only 0 rtfail 0 rcfail 0 chain 0 t3c 28 keyfail 0 [1.1 s]
#   unit {'pos': 2438, 'blk': None}: om1 3959 pos 49 st1 49 fail1 0 t4 12 t4only 0 t2only 0 rtfail 0 rcfail 0 chain 0 t3c 44 keyfail 0 [1.3 s]
#   unit {'pos': 2439, 'blk': None}: om1 3750 pos 8 st1 8 fail1 0 t4 5 t4only 0 t2only 0 rtfail 0 rcfail 0 chain 0 t3c 8 keyfail 0 [1.4 s]
#   unit {'pos': 2440, 'blk': None}: om1 3752 pos 21 st1 21 fail1 0 t4 11 t4only 0 t2only 0 rtfail 0 rcfail 0 chain 0 t3c 21 keyfail 0 [1.3 s]
#   unit {'pos': 2441, 'blk': None}: om1 3765 pos 41 st1 41 fail1 0 t4 8 t4only 0 t2only 0 rtfail 0 rcfail 0 chain 0 t3c 36 keyfail 0 [1.4 s]
#   unit {'pos': 2444, 'blk': None}: om1 3852 pos 32 st1 32 fail1 0 t4 7 t4only 0 t2only 0 rtfail 0 rcfail 0 chain 0 t3c 29 keyfail 0 [1.0 s]
#   unit {'pos': 2442, 'blk': None}: om1 3776 pos 16 st1 16 fail1 0 t4 9 t4only 0 t2only 0 rtfail 0 rcfail 0 chain 0 t3c 15 keyfail 0 [1.3 s]
#   unit {'pos': 2443, 'blk': None}: om1 3879 pos 9 st1 9 fail1 0 t4 0 t4only 0 t2only 0 rtfail 0 rcfail 0 chain 0 t3c 9 keyfail 0 [1.4 s]
#   unit {'pos': 2445, 'blk': None}: om1 3975 pos 21 st1 21 fail1 0 t4 13 t4only 0 t2only 0 rtfail 0 rcfail 0 chain 0 t3c 20 keyfail 0 [1.2 s]
#   unit {'pos': 2447, 'blk': None}: om1 3928 pos 25 st1 25 fail1 0 t4 4 t4only 0 t2only 0 rtfail 0 rcfail 0 chain 0 t3c 24 keyfail 0 [1.0 s]
#   unit {'pos': 2446, 'blk': None}: om1 3951 pos 46 st1 46 fail1 0 t4 18 t4only 0 t2only 0 rtfail 0 rcfail 0 chain 0 t3c 45 keyfail 0 [1.4 s]
#   unit {'pos': 2448, 'blk': None}: om1 4044 pos 73 st1 73 fail1 0 t4 35 t4only 0 t2only 0 rtfail 0 rcfail 0 chain 0 t3c 63 keyfail 0 [1.3 s]
#   unit {'pos': 2450, 'blk': None}: om1 4053 pos 41 st1 41 fail1 0 t4 14 t4only 0 t2only 0 rtfail 0 rcfail 0 chain 0 t3c 37 keyfail 0 [0.9 s]
#   unit {'pos': 2449, 'blk': None}: om1 4052 pos 51 st1 51 fail1 0 t4 16 t4only 0 t2only 0 rtfail 0 rcfail 0 chain 0 t3c 45 keyfail 0 [1.5 s]
#   unit {'pos': 2452, 'blk': None}: om1 3987 pos 24 st1 24 fail1 0 t4 10 t4only 0 t2only 0 rtfail 0 rcfail 0 chain 0 t3c 23 keyfail 0 [1.1 s]
#   unit {'pos': 2451, 'blk': None}: om1 3928 pos 21 st1 21 fail1 0 t4 15 t4only 0 t2only 0 rtfail 0 rcfail 0 chain 0 t3c 21 keyfail 0 [1.4 s]
#   unit {'pos': 2454, 'blk': None}: om1 3982 pos 72 st1 72 fail1 0 t4 28 t4only 0 t2only 0 rtfail 0 rcfail 0 chain 0 t3c 65 keyfail 0 [1.3 s]
#   unit {'pos': 2453, 'blk': None}: om1 3958 pos 78 st1 78 fail1 0 t4 46 t4only 0 t2only 0 rtfail 0 rcfail 0 chain 0 t3c 74 keyfail 0 [1.5 s]
#   unit {'pos': 2455, 'blk': None}: om1 3958 pos 59 st1 59 fail1 0 t4 31 t4only 0 t2only 0 rtfail 0 rcfail 0 chain 0 t3c 56 keyfail 0 [1.3 s]
#   unit {'pos': 2456, 'blk': None}: om1 3986 pos 60 st1 60 fail1 0 t4 16 t4only 0 t2only 0 rtfail 0 rcfail 0 chain 0 t3c 54 keyfail 0 [1.4 s]
#   unit {'pos': 2457, 'blk': None}: om1 4075 pos 90 st1 90 fail1 0 t4 57 t4only 0 t2only 0 rtfail 0 rcfail 0 chain 0 t3c 76 keyfail 0 [1.3 s]
#   unit {'pos': 2459, 'blk': None}: om1 3899 pos 11 st1 11 fail1 0 t4 7 t4only 0 t2only 0 rtfail 0 rcfail 0 chain 0 t3c 11 keyfail 0 [0.9 s]
#   unit {'pos': 2458, 'blk': None}: om1 4089 pos 134 st1 134 fail1 0 t4 45 t4only 0 t2only 0 rtfail 0 rcfail 0 chain 0 t3c 128 keyfail 0 [1.4 s]
#   unit {'pos': 2460, 'blk': None}: om1 3981 pos 33 st1 33 fail1 0 t4 18 t4only 0 t2only 0 rtfail 0 rcfail 0 chain 0 t3c 29 keyfail 0 [1.3 s]
#   unit {'pos': 2461, 'blk': None}: om1 3953 pos 82 st1 82 fail1 0 t4 43 t4only 0 t2only 0 rtfail 0 rcfail 0 chain 0 t3c 81 keyfail 0 [1.0 s]
#   unit {'pos': 2462, 'blk': None}: om1 3853 pos 32 st1 32 fail1 0 t4 24 t4only 0 t2only 0 rtfail 0 rcfail 0 chain 0 t3c 32 keyfail 0 [0.9 s]
#   unit {'pos': 2463, 'blk': None}: om1 3832 pos 33 st1 33 fail1 0 t4 29 t4only 0 t2only 0 rtfail 0 rcfail 0 chain 0 t3c 33 keyfail 0 [1.1 s]
#   unit {'pos': 2465, 'blk': None}: om1 3853 pos 11 st1 11 fail1 0 t4 9 t4only 0 t2only 0 rtfail 0 rcfail 0 chain 0 t3c 11 keyfail 0 [1.1 s]
#   unit {'pos': 2464, 'blk': None}: om1 3847 pos 25 st1 25 fail1 0 t4 9 t4only 0 t2only 0 rtfail 0 rcfail 0 chain 0 t3c 24 keyfail 0 [1.4 s]
#   unit {'pos': 2466, 'blk': None}: om1 3744 pos 42 st1 42 fail1 0 t4 9 t4only 0 t2only 0 rtfail 0 rcfail 0 chain 0 t3c 41 keyfail 0 [1.3 s]
#   unit {'pos': 2467, 'blk': None}: om1 3870 pos 25 st1 25 fail1 0 t4 2 t4only 0 t2only 0 rtfail 0 rcfail 0 chain 0 t3c 22 keyfail 0 [1.3 s]
#   unit {'pos': 2468, 'blk': None}: om1 3887 pos 67 st1 67 fail1 0 t4 9 t4only 0 t2only 0 rtfail 0 rcfail 0 chain 0 t3c 57 keyfail 0 [1.1 s]
#   unit {'pos': 2470, 'blk': None}: om1 3909 pos 47 st1 47 fail1 0 t4 26 t4only 0 t2only 0 rtfail 0 rcfail 0 chain 0 t3c 44 keyfail 0 [1.1 s]
#   unit {'pos': 2469, 'blk': None}: om1 3976 pos 51 st1 51 fail1 0 t4 11 t4only 0 t2only 0 rtfail 0 rcfail 0 chain 0 t3c 47 keyfail 0 [1.5 s]
#   unit {'pos': 2471, 'blk': None}: om1 4068 pos 86 st1 86 fail1 0 t4 43 t4only 0 t2only 0 rtfail 0 rcfail 0 chain 0 t3c 69 keyfail 0 [1.4 s]
#   unit {'pos': 2472, 'blk': None}: om1 4061 pos 65 st1 65 fail1 0 t4 33 t4only 0 t2only 0 rtfail 0 rcfail 0 chain 0 t3c 52 keyfail 0 [1.2 s]
#   unit {'pos': 2473, 'blk': None}: om1 3928 pos 39 st1 39 fail1 0 t4 18 t4only 0 t2only 0 rtfail 0 rcfail 0 chain 0 t3c 34 keyfail 0 [1.3 s]
#   unit {'pos': 2474, 'blk': None}: om1 4008 pos 39 st1 39 fail1 0 t4 21 t4only 0 t2only 0 rtfail 0 rcfail 0 chain 0 t3c 33 keyfail 0 [1.3 s]
#   unit {'pos': 2475, 'blk': None}: om1 3922 pos 56 st1 56 fail1 0 t4 20 t4only 0 t2only 0 rtfail 0 rcfail 0 chain 0 t3c 51 keyfail 0 [1.2 s]
#   unit {'pos': 2476, 'blk': None}: om1 4005 pos 68 st1 68 fail1 0 t4 30 t4only 0 t2only 0 rtfail 0 rcfail 0 chain 0 t3c 65 keyfail 0 [1.1 s]
#   unit {'pos': 2477, 'blk': None}: om1 3985 pos 70 st1 70 fail1 0 t4 29 t4only 0 t2only 0 rtfail 0 rcfail 0 chain 0 t3c 65 keyfail 0 [1.2 s]
#   unit {'pos': 2478, 'blk': None}: om1 3982 pos 79 st1 79 fail1 0 t4 20 t4only 0 t2only 0 rtfail 0 rcfail 0 chain 0 t3c 71 keyfail 0 [1.2 s]
#   unit {'pos': 2479, 'blk': None}: om1 3915 pos 6 st1 6 fail1 0 t4 3 t4only 0 t2only 0 rtfail 0 rcfail 0 chain 0 t3c 6 keyfail 0 [1.0 s]
#   unit {'pos': 2480, 'blk': None}: om1 3871 pos 28 st1 28 fail1 0 t4 12 t4only 0 t2only 0 rtfail 0 rcfail 0 chain 0 t3c 28 keyfail 0 [0.9 s]
#   unit {'pos': 2481, 'blk': None}: om1 3882 pos 39 st1 39 fail1 0 t4 18 t4only 0 t2only 0 rtfail 0 rcfail 0 chain 0 t3c 35 keyfail 0 [0.7 s]
#   unit {'pos': 2482, 'blk': None}: om1 3849 pos 58 st1 58 fail1 0 t4 21 t4only 0 t2only 0 rtfail 0 rcfail 0 chain 0 t3c 57 keyfail 0 [0.6 s]
#   unit {'pos': 2483, 'blk': None}: om1 3828 pos 32 st1 32 fail1 0 t4 0 t4only 0 t2only 0 rtfail 0 rcfail 0 chain 0 t3c 30 keyfail 0 [0.6 s]
#   unit {'pos': 2484, 'blk': None}: om1 3793 pos 20 st1 20 fail1 0 t4 0 t4only 0 t2only 0 rtfail 0 rcfail 0 chain 0 t3c 19 keyfail 0 [0.6 s]
#   unit {'pos': 2485, 'blk': None}: om1 3899 pos 19 st1 19 fail1 0 t4 7 t4only 0 t2only 0 rtfail 0 rcfail 0 chain 0 t3c 16 keyfail 0 [0.6 s]
#   unit {'pos': 2486, 'blk': None}: om1 3810 pos 38 st1 38 fail1 0 t4 1 t4only 0 t2only 0 rtfail 0 rcfail 0 chain 0 t3c 32 keyfail 0 [0.6 s]
#   unit {'pos': 2487, 'blk': None}: om1 3796 pos 14 st1 14 fail1 0 t4 4 t4only 0 t2only 0 rtfail 0 rcfail 0 chain 0 t3c 12 keyfail 0 [0.6 s]
#   unit {'pos': 2488, 'blk': None}: om1 3858 pos 19 st1 19 fail1 0 t4 5 t4only 0 t2only 0 rtfail 0 rcfail 0 chain 0 t3c 16 keyfail 0 [0.6 s]
#   unit {'pos': 2489, 'blk': None}: om1 3739 pos 27 st1 27 fail1 0 t4 2 t4only 0 t2only 0 rtfail 0 rcfail 0 chain 0 t3c 25 keyfail 0 [0.6 s]
#   unit {'pos': 2490, 'blk': None}: om1 3787 pos 19 st1 19 fail1 0 t4 2 t4only 0 t2only 0 rtfail 0 rcfail 0 chain 0 t3c 16 keyfail 0 [0.7 s]
#   unit {'pos': 2491, 'blk': None}: om1 3725 pos 3 st1 3 fail1 0 t4 1 t4only 0 t2only 0 rtfail 0 rcfail 0 chain 0 t3c 3 keyfail 0 [0.6 s]
#   unit {'pos': 2492, 'blk': None}: om1 3766 pos 40 st1 40 fail1 0 t4 5 t4only 0 t2only 0 rtfail 0 rcfail 0 chain 0 t3c 37 keyfail 0 [0.7 s]
#   unit {'pos': 2493, 'blk': None}: om1 3789 pos 16 st1 16 fail1 0 t4 8 t4only 0 t2only 0 rtfail 0 rcfail 0 chain 0 t3c 16 keyfail 0 [0.7 s]
#   unit {'pos': 2495, 'blk': None}: om1 3928 pos 62 st1 62 fail1 0 t4 10 t4only 0 t2only 0 rtfail 0 rcfail 0 chain 0 t3c 58 keyfail 0 [0.6 s]
#   unit {'pos': 2494, 'blk': None}: om1 3796 pos 16 st1 16 fail1 0 t4 0 t4only 0 t2only 0 rtfail 0 rcfail 0 chain 0 t3c 15 keyfail 0 [0.7 s]
#   unit {'pos': 2496, 'blk': None}: om1 3914 pos 33 st1 33 fail1 0 t4 7 t4only 0 t2only 0 rtfail 0 rcfail 0 chain 0 t3c 32 keyfail 0 [0.6 s]
#   unit {'pos': 2497, 'blk': None}: om1 3967 pos 61 st1 61 fail1 0 t4 7 t4only 0 t2only 0 rtfail 0 rcfail 0 chain 0 t3c 52 keyfail 0 [0.7 s]
#   unit {'pos': 2498, 'blk': None}: om1 3977 pos 31 st1 31 fail1 0 t4 12 t4only 0 t2only 0 rtfail 0 rcfail 0 chain 0 t3c 29 keyfail 0 [0.6 s]
#   unit {'pos': 2499, 'blk': None}: om1 3869 pos 39 st1 39 fail1 0 t4 10 t4only 0 t2only 0 rtfail 0 rcfail 0 chain 0 t3c 35 keyfail 0 [0.6 s]
#   unit {'pos': 2500, 'blk': None}: om1 3890 pos 39 st1 39 fail1 0 t4 6 t4only 0 t2only 0 rtfail 0 rcfail 0 chain 0 t3c 36 keyfail 0 [0.7 s]
#   unit {'pos': 2501, 'blk': None}: om1 3904 pos 40 st1 40 fail1 0 t4 5 t4only 0 t2only 0 rtfail 0 rcfail 0 chain 0 t3c 37 keyfail 0 [0.6 s]
#   unit {'pos': 2502, 'blk': None}: om1 3934 pos 30 st1 30 fail1 0 t4 6 t4only 0 t2only 0 rtfail 0 rcfail 0 chain 0 t3c 30 keyfail 0 [0.7 s]
#   unit {'pos': 2503, 'blk': None}: om1 3977 pos 26 st1 26 fail1 0 t4 24 t4only 0 t2only 0 rtfail 0 rcfail 0 chain 0 t3c 26 keyfail 0 [0.7 s]
#   unit {'pos': 2504, 'blk': None}: om1 3993 pos 46 st1 46 fail1 0 t4 19 t4only 0 t2only 0 rtfail 0 rcfail 0 chain 0 t3c 45 keyfail 0 [0.7 s]
#   unit {'pos': 2505, 'blk': None}: om1 3855 pos 48 st1 48 fail1 0 t4 22 t4only 0 t2only 0 rtfail 0 rcfail 0 chain 0 t3c 47 keyfail 0 [0.6 s]
#   unit {'pos': 2506, 'blk': None}: om1 3836 pos 24 st1 24 fail1 0 t4 9 t4only 0 t2only 0 rtfail 0 rcfail 0 chain 0 t3c 24 keyfail 0 [0.6 s]
#   unit {'pos': 2507, 'blk': None}: om1 3845 pos 34 st1 34 fail1 0 t4 4 t4only 0 t2only 0 rtfail 0 rcfail 0 chain 0 t3c 32 keyfail 0 [0.6 s]
#   unit {'pos': 2508, 'blk': None}: om1 3872 pos 28 st1 28 fail1 0 t4 5 t4only 0 t2only 0 rtfail 0 rcfail 0 chain 0 t3c 26 keyfail 0 [0.7 s]
#   unit {'pos': 2509, 'blk': None}: om1 3839 pos 44 st1 44 fail1 0 t4 7 t4only 0 t2only 0 rtfail 0 rcfail 0 chain 0 t3c 42 keyfail 0 [0.6 s]
#   unit {'pos': 2510, 'blk': None}: om1 3847 pos 16 st1 16 fail1 0 t4 8 t4only 0 t2only 0 rtfail 0 rcfail 0 chain 0 t3c 16 keyfail 0 [0.6 s]
#   unit {'pos': 2511, 'blk': None}: om1 3848 pos 64 st1 64 fail1 0 t4 6 t4only 0 t2only 0 rtfail 0 rcfail 0 chain 0 t3c 62 keyfail 0 [0.6 s]
#   unit {'pos': 2512, 'blk': None}: om1 3812 pos 5 st1 5 fail1 0 t4 2 t4only 0 t2only 0 rtfail 0 rcfail 0 chain 0 t3c 5 keyfail 0 [0.6 s]
#   unit {'pos': 2513, 'blk': None}: om1 3893 pos 27 st1 27 fail1 0 t4 15 t4only 0 t2only 0 rtfail 0 rcfail 0 chain 0 t3c 27 keyfail 0 [0.6 s]
#   unit {'pos': 2515, 'blk': None}: om1 3833 pos 30 st1 30 fail1 0 t4 16 t4only 0 t2only 0 rtfail 0 rcfail 0 chain 0 t3c 30 keyfail 0 [0.6 s]
#   unit {'pos': 2514, 'blk': None}: om1 3768 pos 26 st1 26 fail1 0 t4 8 t4only 0 t2only 0 rtfail 0 rcfail 0 chain 0 t3c 23 keyfail 0 [0.6 s]
#   unit {'pos': 2516, 'blk': None}: om1 3785 pos 35 st1 35 fail1 0 t4 5 t4only 0 t2only 0 rtfail 0 rcfail 0 chain 0 t3c 31 keyfail 0 [0.6 s]
#   unit {'pos': 2517, 'blk': None}: om1 3816 pos 36 st1 36 fail1 0 t4 15 t4only 0 t2only 0 rtfail 0 rcfail 0 chain 0 t3c 32 keyfail 0 [0.6 s]
#   unit {'pos': 2518, 'blk': None}: om1 3871 pos 18 st1 18 fail1 0 t4 4 t4only 0 t2only 0 rtfail 0 rcfail 0 chain 0 t3c 18 keyfail 0 [0.6 s]
#   unit {'pos': 2519, 'blk': None}: om1 3852 pos 26 st1 26 fail1 0 t4 12 t4only 0 t2only 0 rtfail 0 rcfail 0 chain 0 t3c 26 keyfail 0 [0.6 s]
#   unit {'pos': 2520, 'blk': None}: om1 3794 pos 62 st1 62 fail1 0 t4 8 t4only 0 t2only 0 rtfail 0 rcfail 0 chain 0 t3c 55 keyfail 0 [0.6 s]
#   unit {'pos': 2521, 'blk': None}: om1 3962 pos 50 st1 50 fail1 0 t4 25 t4only 0 t2only 0 rtfail 0 rcfail 0 chain 0 t3c 46 keyfail 0 [0.6 s]
#   unit {'pos': 2522, 'blk': None}: om1 4033 pos 54 st1 54 fail1 0 t4 28 t4only 0 t2only 0 rtfail 0 rcfail 0 chain 0 t3c 50 keyfail 0 [0.6 s]
#   unit {'pos': 2523, 'blk': None}: om1 4030 pos 67 st1 67 fail1 0 t4 27 t4only 0 t2only 0 rtfail 0 rcfail 0 chain 0 t3c 63 keyfail 0 [0.6 s]
#   unit {'pos': 2524, 'blk': None}: om1 3922 pos 60 st1 60 fail1 0 t4 28 t4only 0 t2only 0 rtfail 0 rcfail 0 chain 0 t3c 60 keyfail 0 [0.6 s]
#   unit {'pos': 2525, 'blk': None}: om1 3949 pos 68 st1 68 fail1 0 t4 40 t4only 0 t2only 0 rtfail 0 rcfail 0 chain 0 t3c 66 keyfail 0 [0.6 s]
#   unit {'pos': 2526, 'blk': None}: om1 4033 pos 82 st1 82 fail1 0 t4 14 t4only 0 t2only 0 rtfail 0 rcfail 0 chain 0 t3c 72 keyfail 0 [0.6 s]
#   unit {'pos': 2527, 'blk': None}: om1 3946 pos 38 st1 38 fail1 0 t4 12 t4only 0 t2only 0 rtfail 0 rcfail 0 chain 0 t3c 36 keyfail 0 [0.7 s]
#   unit {'pos': 2528, 'blk': None}: om1 3915 pos 56 st1 56 fail1 0 t4 1 t4only 0 t2only 0 rtfail 0 rcfail 0 chain 0 t3c 53 keyfail 0 [0.6 s]
#   unit {'pos': 2529, 'blk': None}: om1 4137 pos 92 st1 92 fail1 0 t4 34 t4only 0 t2only 0 rtfail 0 rcfail 0 chain 0 t3c 83 keyfail 0 [0.6 s]
#   unit {'pos': 2530, 'blk': None}: om1 4109 pos 100 st1 100 fail1 0 t4 31 t4only 0 t2only 0 rtfail 0 rcfail 0 chain 0 t3c 85 keyfail 0 [0.6 s]
#   unit {'pos': 2531, 'blk': None}: om1 3904 pos 51 st1 51 fail1 0 t4 20 t4only 0 t2only 0 rtfail 0 rcfail 0 chain 0 t3c 50 keyfail 0 [0.6 s]
#   unit {'pos': 2532, 'blk': None}: om1 4022 pos 48 st1 48 fail1 0 t4 15 t4only 0 t2only 0 rtfail 0 rcfail 0 chain 0 t3c 43 keyfail 0 [0.6 s]
#   unit {'pos': 2533, 'blk': None}: om1 4011 pos 72 st1 72 fail1 0 t4 15 t4only 0 t2only 0 rtfail 0 rcfail 0 chain 0 t3c 60 keyfail 0 [0.6 s]
#   unit {'pos': 2534, 'blk': None}: om1 3961 pos 69 st1 69 fail1 0 t4 17 t4only 0 t2only 0 rtfail 0 rcfail 0 chain 0 t3c 57 keyfail 0 [0.6 s]
#   unit {'pos': 2535, 'blk': None}: om1 4076 pos 93 st1 93 fail1 0 t4 45 t4only 0 t2only 0 rtfail 0 rcfail 0 chain 0 t3c 88 keyfail 0 [0.6 s]
#   unit {'pos': 2536, 'blk': None}: om1 4105 pos 79 st1 79 fail1 0 t4 37 t4only 0 t2only 0 rtfail 0 rcfail 0 chain 0 t3c 72 keyfail 0 [0.7 s]
#   unit {'pos': 2537, 'blk': None}: om1 3932 pos 66 st1 66 fail1 0 t4 5 t4only 0 t2only 0 rtfail 0 rcfail 0 chain 0 t3c 61 keyfail 0 [0.6 s]
#   unit {'pos': 2538, 'blk': None}: om1 3918 pos 22 st1 22 fail1 0 t4 12 t4only 0 t2only 0 rtfail 0 rcfail 0 chain 0 t3c 22 keyfail 0 [0.6 s]
#   unit {'pos': 2539, 'blk': None}: om1 3975 pos 71 st1 71 fail1 0 t4 7 t4only 0 t2only 0 rtfail 0 rcfail 0 chain 0 t3c 57 keyfail 0 [0.6 s]
#   unit {'pos': 2540, 'blk': None}: om1 3825 pos 55 st1 55 fail1 0 t4 3 t4only 0 t2only 0 rtfail 0 rcfail 0 chain 0 t3c 48 keyfail 0 [0.6 s]
#   unit {'pos': 2541, 'blk': None}: om1 3952 pos 71 st1 71 fail1 0 t4 7 t4only 0 t2only 0 rtfail 0 rcfail 0 chain 0 t3c 66 keyfail 0 [0.6 s]
#   unit {'pos': 2542, 'blk': None}: om1 3990 pos 54 st1 54 fail1 0 t4 14 t4only 0 t2only 0 rtfail 0 rcfail 0 chain 0 t3c 51 keyfail 0 [0.6 s]
#   unit {'pos': 2543, 'blk': None}: om1 3922 pos 61 st1 61 fail1 0 t4 25 t4only 0 t2only 0 rtfail 0 rcfail 0 chain 0 t3c 57 keyfail 0 [0.6 s]
#   unit {'pos': 2544, 'blk': None}: om1 3891 pos 52 st1 52 fail1 0 t4 6 t4only 0 t2only 0 rtfail 0 rcfail 0 chain 0 t3c 45 keyfail 0 [0.6 s]
#   unit {'pos': 2545, 'blk': None}: om1 3945 pos 61 st1 61 fail1 0 t4 14 t4only 0 t2only 0 rtfail 0 rcfail 0 chain 0 t3c 60 keyfail 0 [0.6 s]
#   unit {'pos': 2546, 'blk': None}: om1 3913 pos 49 st1 49 fail1 0 t4 18 t4only 0 t2only 0 rtfail 0 rcfail 0 chain 0 t3c 46 keyfail 0 [0.6 s]
#   unit {'pos': 2547, 'blk': None}: om1 3921 pos 58 st1 58 fail1 0 t4 10 t4only 0 t2only 0 rtfail 0 rcfail 0 chain 0 t3c 52 keyfail 0 [0.6 s]
#   unit {'pos': 2548, 'blk': None}: om1 4053 pos 84 st1 84 fail1 0 t4 27 t4only 0 t2only 0 rtfail 0 rcfail 0 chain 0 t3c 75 keyfail 0 [0.6 s]
#   unit {'pos': 2549, 'blk': None}: om1 4045 pos 109 st1 109 fail1 0 t4 25 t4only 0 t2only 0 rtfail 0 rcfail 0 chain 0 t3c 101 keyfail 0 [0.6 s]
#   unit {'pos': 2550, 'blk': None}: om1 4066 pos 72 st1 72 fail1 0 t4 19 t4only 0 t2only 0 rtfail 0 rcfail 0 chain 0 t3c 66 keyfail 0 [0.6 s]
#   unit {'pos': 2551, 'blk': None}: om1 4104 pos 73 st1 73 fail1 0 t4 12 t4only 0 t2only 0 rtfail 0 rcfail 0 chain 0 t3c 65 keyfail 0 [0.6 s]
#   unit {'pos': 2552, 'blk': None}: om1 4044 pos 108 st1 108 fail1 0 t4 4 t4only 0 t2only 0 rtfail 0 rcfail 0 chain 0 t3c 95 keyfail 0 [0.6 s]
#   unit {'pos': 2553, 'blk': None}: om1 3848 pos 55 st1 55 fail1 0 t4 8 t4only 0 t2only 0 rtfail 0 rcfail 0 chain 0 t3c 49 keyfail 0 [0.5 s]
#   unit {'pos': 2554, 'blk': None}: om1 3930 pos 41 st1 41 fail1 0 t4 9 t4only 0 t2only 0 rtfail 0 rcfail 0 chain 0 t3c 36 keyfail 0 [0.6 s]
#   unit {'pos': 2555, 'blk': None}: om1 3978 pos 76 st1 76 fail1 0 t4 9 t4only 0 t2only 0 rtfail 0 rcfail 0 chain 0 t3c 69 keyfail 0 [0.6 s]
#   unit {'pos': 2556, 'blk': None}: om1 3930 pos 60 st1 60 fail1 0 t4 13 t4only 0 t2only 0 rtfail 0 rcfail 0 chain 0 t3c 56 keyfail 0 [0.6 s]
#   unit {'pos': 2557, 'blk': None}: om1 3981 pos 59 st1 59 fail1 0 t4 10 t4only 0 t2only 0 rtfail 0 rcfail 0 chain 0 t3c 57 keyfail 0 [0.6 s]
#   unit {'pos': 2558, 'blk': None}: om1 3961 pos 64 st1 64 fail1 0 t4 11 t4only 0 t2only 0 rtfail 0 rcfail 0 chain 0 t3c 52 keyfail 0 [0.6 s]
#   unit {'pos': 2559, 'blk': None}: om1 3873 pos 26 st1 26 fail1 0 t4 5 t4only 0 t2only 0 rtfail 0 rcfail 0 chain 0 t3c 24 keyfail 0 [0.7 s]
#   unit {'pos': 2560, 'blk': None}: om1 3845 pos 37 st1 37 fail1 0 t4 1 t4only 0 t2only 0 rtfail 0 rcfail 0 chain 0 t3c 36 keyfail 0 [0.6 s]
#   unit {'pos': 2561, 'blk': None}: om1 3921 pos 44 st1 44 fail1 0 t4 6 t4only 0 t2only 0 rtfail 0 rcfail 0 chain 0 t3c 41 keyfail 0 [0.6 s]
#   unit {'pos': 2562, 'blk': None}: om1 3917 pos 35 st1 35 fail1 0 t4 16 t4only 0 t2only 0 rtfail 0 rcfail 0 chain 0 t3c 35 keyfail 0 [0.7 s]
#   unit {'pos': 2563, 'blk': None}: om1 3879 pos 35 st1 35 fail1 0 t4 4 t4only 0 t2only 0 rtfail 0 rcfail 0 chain 0 t3c 35 keyfail 0 [0.6 s]
#   unit {'pos': 2564, 'blk': None}: om1 3888 pos 38 st1 38 fail1 0 t4 8 t4only 0 t2only 0 rtfail 0 rcfail 0 chain 0 t3c 34 keyfail 0 [0.6 s]
#   unit {'pos': 2565, 'blk': None}: om1 3805 pos 35 st1 35 fail1 0 t4 4 t4only 0 t2only 0 rtfail 0 rcfail 0 chain 0 t3c 31 keyfail 0 [0.6 s]
#   unit {'pos': 2566, 'blk': None}: om1 3823 pos 53 st1 53 fail1 0 t4 8 t4only 0 t2only 0 rtfail 0 rcfail 0 chain 0 t3c 47 keyfail 0 [0.6 s]
#   unit {'pos': 2567, 'blk': None}: om1 3815 pos 50 st1 50 fail1 0 t4 9 t4only 0 t2only 0 rtfail 0 rcfail 0 chain 0 t3c 43 keyfail 0 [0.6 s]
#   unit {'pos': 2568, 'blk': None}: om1 3796 pos 31 st1 31 fail1 0 t4 0 t4only 0 t2only 0 rtfail 0 rcfail 0 chain 0 t3c 27 keyfail 0 [0.6 s]
#   unit {'pos': 2569, 'blk': None}: om1 3947 pos 64 st1 64 fail1 0 t4 48 t4only 0 t2only 0 rtfail 0 rcfail 0 chain 0 t3c 64 keyfail 0 [0.6 s]
#   unit {'pos': 2570, 'blk': None}: om1 3933 pos 70 st1 70 fail1 0 t4 32 t4only 0 t2only 0 rtfail 0 rcfail 0 chain 0 t3c 70 keyfail 0 [0.6 s]
#   unit {'pos': 2571, 'blk': None}: om1 3840 pos 47 st1 47 fail1 0 t4 8 t4only 0 t2only 0 rtfail 0 rcfail 0 chain 0 t3c 45 keyfail 0 [0.6 s]
#   unit {'pos': 2572, 'blk': None}: om1 3866 pos 26 st1 26 fail1 0 t4 4 t4only 0 t2only 0 rtfail 0 rcfail 0 chain 0 t3c 26 keyfail 0 [0.6 s]
#   unit {'pos': 2573, 'blk': None}: om1 3887 pos 43 st1 43 fail1 0 t4 2 t4only 0 t2only 0 rtfail 0 rcfail 0 chain 0 t3c 40 keyfail 0 [0.6 s]
#   unit {'pos': 2574, 'blk': None}: om1 3895 pos 18 st1 18 fail1 0 t4 10 t4only 0 t2only 0 rtfail 0 rcfail 0 chain 0 t3c 18 keyfail 0 [0.6 s]
#   unit {'pos': 2575, 'blk': None}: om1 3824 pos 40 st1 40 fail1 0 t4 14 t4only 0 t2only 0 rtfail 0 rcfail 0 chain 0 t3c 36 keyfail 0 [0.6 s]
#   unit {'pos': 2576, 'blk': None}: om1 4013 pos 140 st1 140 fail1 0 t4 62 t4only 0 t2only 0 rtfail 0 rcfail 0 chain 0 t3c 136 keyfail 0 [0.6 s]
#   unit {'pos': 2577, 'blk': None}: om1 4090 pos 182 st1 182 fail1 0 t4 87 t4only 0 t2only 0 rtfail 0 rcfail 0 chain 0 t3c 182 keyfail 0 [0.6 s]
#   unit {'pos': 2578, 'blk': None}: om1 3885 pos 54 st1 54 fail1 0 t4 8 t4only 0 t2only 0 rtfail 0 rcfail 0 chain 0 t3c 53 keyfail 0 [0.6 s]
#   unit {'pos': 2579, 'blk': None}: om1 3925 pos 46 st1 46 fail1 0 t4 12 t4only 0 t2only 0 rtfail 0 rcfail 0 chain 0 t3c 45 keyfail 0 [0.5 s]
#   unit {'pos': 2580, 'blk': None}: om1 3940 pos 95 st1 95 fail1 0 t4 3 t4only 0 t2only 0 rtfail 0 rcfail 0 chain 0 t3c 84 keyfail 0 [0.6 s]
#   unit {'pos': 2581, 'blk': None}: om1 3912 pos 56 st1 56 fail1 0 t4 19 t4only 0 t2only 0 rtfail 0 rcfail 0 chain 0 t3c 55 keyfail 0 [0.6 s]
#   unit {'pos': 2582, 'blk': None}: om1 3926 pos 23 st1 23 fail1 0 t4 12 t4only 0 t2only 0 rtfail 0 rcfail 0 chain 0 t3c 22 keyfail 0 [0.6 s]
#   unit {'pos': 2583, 'blk': None}: om1 3967 pos 77 st1 77 fail1 0 t4 13 t4only 0 t2only 0 rtfail 0 rcfail 0 chain 0 t3c 73 keyfail 0 [0.6 s]
#   unit {'pos': 2584, 'blk': None}: om1 3993 pos 91 st1 91 fail1 0 t4 23 t4only 0 t2only 0 rtfail 0 rcfail 0 chain 0 t3c 91 keyfail 0 [0.6 s]
#   unit {'pos': 2585, 'blk': None}: om1 4020 pos 94 st1 94 fail1 0 t4 16 t4only 0 t2only 0 rtfail 0 rcfail 0 chain 0 t3c 89 keyfail 0 [0.6 s]
#   unit {'pos': 2586, 'blk': None}: om1 3856 pos 8 st1 8 fail1 0 t4 8 t4only 0 t2only 0 rtfail 0 rcfail 0 chain 0 t3c 8 keyfail 0 [0.6 s]
#   unit {'pos': 2587, 'blk': None}: om1 3923 pos 28 st1 28 fail1 0 t4 1 t4only 0 t2only 0 rtfail 0 rcfail 0 chain 0 t3c 28 keyfail 0 [0.6 s]
#   unit {'pos': 2588, 'blk': None}: om1 3888 pos 28 st1 28 fail1 0 t4 2 t4only 0 t2only 0 rtfail 0 rcfail 0 chain 0 t3c 27 keyfail 0 [0.6 s]
#   unit {'pos': 2589, 'blk': None}: om1 3801 pos 54 st1 54 fail1 0 t4 2 t4only 0 t2only 0 rtfail 0 rcfail 0 chain 0 t3c 48 keyfail 0 [0.6 s]
#   unit {'pos': 2590, 'blk': None}: om1 3841 pos 45 st1 45 fail1 0 t4 4 t4only 0 t2only 0 rtfail 0 rcfail 0 chain 0 t3c 43 keyfail 0 [0.6 s]
#   unit {'pos': 2591, 'blk': None}: om1 3868 pos 14 st1 14 fail1 0 t4 0 t4only 0 t2only 0 rtfail 0 rcfail 0 chain 0 t3c 8 keyfail 0 [0.6 s]
#   unit {'pos': 2592, 'blk': None}: om1 3790 pos 34 st1 34 fail1 0 t4 2 t4only 0 t2only 0 rtfail 0 rcfail 0 chain 0 t3c 32 keyfail 0 [0.6 s]
#   unit {'pos': 2593, 'blk': None}: om1 3566 pos 3 st1 3 fail1 0 t4 0 t4only 0 t2only 0 rtfail 0 rcfail 0 chain 0 t3c 3 keyfail 0 [0.7 s]
#   unit {'pos': 2594, 'blk': None}: om1 3552 pos 15 st1 15 fail1 0 t4 0 t4only 0 t2only 0 rtfail 0 rcfail 0 chain 0 t3c 15 keyfail 0 [0.6 s]
#   unit {'pos': 2595, 'blk': None}: om1 3500 pos 1 st1 1 fail1 0 t4 1 t4only 0 t2only 0 rtfail 0 rcfail 0 chain 0 t3c 1 keyfail 0 [0.7 s]
#   unit {'pos': 2596, 'blk': None}: om1 3629 pos 15 st1 15 fail1 0 t4 1 t4only 0 t2only 0 rtfail 0 rcfail 0 chain 0 t3c 15 keyfail 0 [0.7 s]
#   unit {'pos': 2597, 'blk': None}: om1 3474 pos 1 st1 1 fail1 0 t4 0 t4only 0 t2only 0 rtfail 0 rcfail 0 chain 0 t3c 1 keyfail 0 [0.6 s]
#   unit {'pos': 2598, 'blk': None}: om1 3636 pos 11 st1 11 fail1 0 t4 4 t4only 0 t2only 0 rtfail 0 rcfail 0 chain 0 t3c 7 keyfail 0 [0.7 s]
#   unit {'pos': 2599, 'blk': None}: om1 3675 pos 4 st1 4 fail1 0 t4 0 t4only 0 t2only 0 rtfail 0 rcfail 0 chain 0 t3c 4 keyfail 0 [0.6 s]
#   unit {'pos': 2600, 'blk': None}: om1 3508 pos 6 st1 6 fail1 0 t4 6 t4only 0 t2only 0 rtfail 0 rcfail 0 chain 0 t3c 6 keyfail 0 [0.6 s]
#   unit {'pos': 2601, 'blk': None}: om1 3607 pos 21 st1 21 fail1 0 t4 0 t4only 0 t2only 0 rtfail 0 rcfail 0 chain 0 t3c 19 keyfail 0 [0.6 s]
#   unit {'pos': 2602, 'blk': None}: om1 3647 pos 22 st1 22 fail1 0 t4 0 t4only 0 t2only 0 rtfail 0 rcfail 0 chain 0 t3c 16 keyfail 0 [0.7 s]
#   unit {'pos': 2603, 'blk': None}: om1 3694 pos 20 st1 20 fail1 0 t4 12 t4only 0 t2only 0 rtfail 0 rcfail 0 chain 0 t3c 20 keyfail 0 [0.6 s]
#   unit {'pos': 2605, 'blk': None}: om1 3632 pos 89 st1 89 fail1 0 t4 0 t4only 0 t2only 0 rtfail 0 rcfail 0 chain 0 t3c 85 keyfail 0 [0.6 s]
#   unit {'pos': 2604, 'blk': None}: om1 3688 pos 14 st1 14 fail1 0 t4 2 t4only 0 t2only 0 rtfail 0 rcfail 0 chain 0 t3c 14 keyfail 0 [0.7 s]
#   unit {'pos': 2606, 'blk': None}: om1 3660 pos 12 st1 12 fail1 0 t4 0 t4only 0 t2only 0 rtfail 0 rcfail 0 chain 0 t3c 12 keyfail 0 [0.6 s]
#   unit {'pos': 2607, 'blk': None}: om1 3605 pos 3 st1 3 fail1 0 t4 1 t4only 0 t2only 0 rtfail 0 rcfail 0 chain 0 t3c 3 keyfail 0 [0.6 s]
#   unit {'pos': 2608, 'blk': None}: om1 3525 pos 15 st1 15 fail1 0 t4 0 t4only 0 t2only 0 rtfail 0 rcfail 0 chain 0 t3c 15 keyfail 0 [0.7 s]
#   unit {'pos': 2609, 'blk': None}: om1 3589 pos 3 st1 3 fail1 0 t4 1 t4only 0 t2only 0 rtfail 0 rcfail 0 chain 0 t3c 3 keyfail 0 [0.6 s]
#   unit {'pos': 2610, 'blk': None}: om1 3520 pos 0 st1 0 fail1 0 t4 0 t4only 0 t2only 0 rtfail 0 rcfail 0 chain 0 t3c 0 keyfail 0 [0.7 s]
#   unit {'pos': 2611, 'blk': None}: om1 3687 pos 35 st1 35 fail1 0 t4 5 t4only 0 t2only 0 rtfail 0 rcfail 0 chain 0 t3c 33 keyfail 0 [0.6 s]
#   unit {'pos': 2612, 'blk': None}: om1 3776 pos 36 st1 36 fail1 0 t4 5 t4only 0 t2only 0 rtfail 0 rcfail 0 chain 0 t3c 35 keyfail 0 [0.6 s]
#   unit {'pos': 2613, 'blk': None}: om1 3738 pos 52 st1 52 fail1 0 t4 2 t4only 0 t2only 0 rtfail 0 rcfail 0 chain 0 t3c 48 keyfail 0 [0.7 s]
#   unit {'pos': 2615, 'blk': None}: om1 3749 pos 56 st1 56 fail1 0 t4 2 t4only 0 t2only 0 rtfail 0 rcfail 0 chain 0 t3c 56 keyfail 0 [0.6 s]
#   chain states (DL_RT4 fails, DL_RC holds): core {'pos': 2614, 'blk': None}: 8
#   unit {'pos': 2614, 'blk': None}: om1 3693 pos 55 st1 55 fail1 8 t4 0 t4only 0 t2only 0 rtfail 8 rcfail 0 chain 8 t3c 55 keyfail 0 [0.6 s]
#   unit {'pos': 2616, 'blk': None}: om1 3588 pos 25 st1 25 fail1 0 t4 0 t4only 0 t2only 0 rtfail 0 rcfail 0 chain 0 t3c 22 keyfail 0 [0.6 s]
#   unit {'pos': 2617, 'blk': None}: om1 3644 pos 29 st1 29 fail1 0 t4 0 t4only 0 t2only 0 rtfail 0 rcfail 0 chain 0 t3c 29 keyfail 0 [0.6 s]
#   unit {'pos': 2618, 'blk': None}: om1 3648 pos 35 st1 35 fail1 0 t4 0 t4only 0 t2only 0 rtfail 0 rcfail 0 chain 0 t3c 32 keyfail 0 [0.6 s]
#   unit {'pos': 2619, 'blk': None}: om1 3677 pos 30 st1 30 fail1 0 t4 0 t4only 0 t2only 0 rtfail 0 rcfail 0 chain 0 t3c 28 keyfail 0 [0.6 s]
#   unit {'pos': 2620, 'blk': None}: om1 3730 pos 53 st1 53 fail1 0 t4 12 t4only 0 t2only 0 rtfail 0 rcfail 0 chain 0 t3c 51 keyfail 0 [0.6 s]
#   unit {'pos': 2621, 'blk': None}: om1 3637 pos 14 st1 14 fail1 0 t4 5 t4only 0 t2only 0 rtfail 0 rcfail 0 chain 0 t3c 13 keyfail 0 [0.7 s]
#   unit {'pos': 2622, 'blk': None}: om1 3846 pos 83 st1 83 fail1 0 t4 6 t4only 0 t2only 0 rtfail 0 rcfail 0 chain 0 t3c 83 keyfail 0 [0.6 s]
#   unit {'pos': 2623, 'blk': None}: om1 3711 pos 41 st1 41 fail1 0 t4 13 t4only 0 t2only 0 rtfail 0 rcfail 0 chain 0 t3c 41 keyfail 0 [0.6 s]
#   unit {'pos': 2624, 'blk': None}: om1 3758 pos 42 st1 42 fail1 0 t4 11 t4only 0 t2only 0 rtfail 0 rcfail 0 chain 0 t3c 41 keyfail 0 [0.7 s]
#   unit {'pos': 2625, 'blk': None}: om1 3726 pos 63 st1 63 fail1 0 t4 16 t4only 0 t2only 0 rtfail 0 rcfail 0 chain 0 t3c 63 keyfail 0 [0.6 s]
#   unit {'pos': 2626, 'blk': None}: om1 3697 pos 19 st1 19 fail1 0 t4 5 t4only 0 t2only 0 rtfail 0 rcfail 0 chain 0 t3c 19 keyfail 0 [0.7 s]
#   unit {'pos': 2627, 'blk': None}: om1 3877 pos 148 st1 148 fail1 0 t4 81 t4only 0 t2only 0 rtfail 0 rcfail 0 chain 0 t3c 147 keyfail 0 [0.7 s]
#   unit {'pos': 2628, 'blk': None}: om1 3761 pos 40 st1 40 fail1 0 t4 31 t4only 0 t2only 0 rtfail 0 rcfail 0 chain 0 t3c 40 keyfail 0 [0.7 s]
#   unit {'pos': 2629, 'blk': None}: om1 3902 pos 103 st1 103 fail1 0 t4 22 t4only 0 t2only 0 rtfail 0 rcfail 0 chain 0 t3c 100 keyfail 0 [0.6 s]
#   unit {'pos': 2630, 'blk': None}: om1 3922 pos 83 st1 83 fail1 0 t4 14 t4only 0 t2only 0 rtfail 0 rcfail 0 chain 0 t3c 76 keyfail 0 [0.7 s]
#   unit {'pos': 2631, 'blk': None}: om1 3861 pos 96 st1 96 fail1 0 t4 17 t4only 0 t2only 0 rtfail 0 rcfail 0 chain 0 t3c 83 keyfail 0 [0.6 s]
#   unit {'pos': 2632, 'blk': None}: om1 3774 pos 68 st1 68 fail1 0 t4 6 t4only 0 t2only 0 rtfail 0 rcfail 0 chain 0 t3c 66 keyfail 0 [0.6 s]
#   unit {'pos': 2633, 'blk': None}: om1 3834 pos 106 st1 106 fail1 0 t4 11 t4only 0 t2only 0 rtfail 0 rcfail 0 chain 0 t3c 102 keyfail 0 [0.6 s]
#   unit {'pos': 2634, 'blk': None}: om1 3764 pos 45 st1 45 fail1 0 t4 9 t4only 0 t2only 0 rtfail 0 rcfail 0 chain 0 t3c 43 keyfail 0 [0.6 s]
#   unit {'pos': 2635, 'blk': None}: om1 3759 pos 44 st1 44 fail1 0 t4 3 t4only 0 t2only 0 rtfail 0 rcfail 0 chain 0 t3c 40 keyfail 0 [0.6 s]
#   unit {'pos': 2636, 'blk': None}: om1 3739 pos 47 st1 47 fail1 0 t4 1 t4only 0 t2only 0 rtfail 0 rcfail 0 chain 0 t3c 47 keyfail 0 [0.7 s]
#   unit {'pos': 2637, 'blk': None}: om1 3767 pos 45 st1 45 fail1 0 t4 0 t4only 0 t2only 0 rtfail 0 rcfail 0 chain 0 t3c 44 keyfail 0 [0.6 s]
#   unit {'pos': 2638, 'blk': None}: om1 3559 pos 6 st1 6 fail1 0 t4 0 t4only 0 t2only 0 rtfail 0 rcfail 0 chain 0 t3c 4 keyfail 0 [0.7 s]
#   unit {'pos': 2639, 'blk': None}: om1 3653 pos 7 st1 7 fail1 0 t4 0 t4only 0 t2only 0 rtfail 0 rcfail 0 chain 0 t3c 7 keyfail 0 [0.7 s]
#   unit {'pos': 2641, 'blk': None}: om1 3677 pos 63 st1 63 fail1 0 t4 4 t4only 0 t2only 0 rtfail 0 rcfail 0 chain 0 t3c 58 keyfail 0 [0.6 s]
#   unit {'pos': 2640, 'blk': None}: om1 3625 pos 2 st1 2 fail1 0 t4 0 t4only 0 t2only 0 rtfail 0 rcfail 0 chain 0 t3c 2 keyfail 0 [0.7 s]
#   unit {'pos': 2642, 'blk': None}: om1 3663 pos 13 st1 13 fail1 0 t4 2 t4only 0 t2only 0 rtfail 0 rcfail 0 chain 0 t3c 13 keyfail 0 [0.7 s]
#   unit {'pos': 2643, 'blk': None}: om1 3681 pos 30 st1 30 fail1 0 t4 0 t4only 0 t2only 0 rtfail 0 rcfail 0 chain 0 t3c 30 keyfail 0 [0.7 s]
#   unit {'pos': 2644, 'blk': None}: om1 3648 pos 0 st1 0 fail1 0 t4 0 t4only 0 t2only 0 rtfail 0 rcfail 0 chain 0 t3c 0 keyfail 0 [0.7 s]
#   unit {'pos': 2645, 'blk': None}: om1 3572 pos 4 st1 4 fail1 0 t4 1 t4only 0 t2only 0 rtfail 0 rcfail 0 chain 0 t3c 4 keyfail 0 [0.7 s]
#   unit {'pos': 2646, 'blk': None}: om1 3552 pos 0 st1 0 fail1 0 t4 0 t4only 0 t2only 0 rtfail 0 rcfail 0 chain 0 t3c 0 keyfail 0 [0.7 s]
#   unit {'pos': 2647, 'blk': None}: om1 3674 pos 0 st1 0 fail1 0 t4 0 t4only 0 t2only 0 rtfail 0 rcfail 0 chain 0 t3c 0 keyfail 0 [0.7 s]
#   unit {'pos': 2648, 'blk': None}: om1 3664 pos 8 st1 8 fail1 0 t4 1 t4only 0 t2only 0 rtfail 0 rcfail 0 chain 0 t3c 8 keyfail 0 [0.7 s]
#   unit {'pos': 2649, 'blk': None}: om1 3754 pos 15 st1 15 fail1 0 t4 0 t4only 0 t2only 0 rtfail 0 rcfail 0 chain 0 t3c 15 keyfail 0 [0.7 s]
#   unit {'pos': 2651, 'blk': None}: om1 3669 pos 3 st1 3 fail1 0 t4 0 t4only 0 t2only 0 rtfail 0 rcfail 0 chain 0 t3c 3 keyfail 0 [0.6 s]
#   unit {'pos': 2650, 'blk': None}: om1 3622 pos 43 st1 43 fail1 0 t4 3 t4only 0 t2only 0 rtfail 0 rcfail 0 chain 0 t3c 42 keyfail 0 [0.7 s]
#   unit {'pos': 2653, 'blk': None}: om1 3764 pos 17 st1 17 fail1 0 t4 6 t4only 0 t2only 0 rtfail 0 rcfail 0 chain 0 t3c 15 keyfail 0 [0.7 s]
#   unit {'pos': 2652, 'blk': None}: om1 3959 pos 41 st1 41 fail1 0 t4 20 t4only 0 t2only 0 rtfail 0 rcfail 0 chain 0 t3c 34 keyfail 0 [0.7 s]
#   unit {'pos': 2655, 'blk': None}: om1 3784 pos 36 st1 36 fail1 0 t4 8 t4only 0 t2only 0 rtfail 0 rcfail 0 chain 0 t3c 35 keyfail 0 [0.6 s]
#   unit {'pos': 2654, 'blk': None}: om1 3699 pos 35 st1 35 fail1 0 t4 15 t4only 0 t2only 0 rtfail 0 rcfail 0 chain 0 t3c 33 keyfail 0 [0.8 s]
#   unit {'pos': 2656, 'blk': None}: om1 3657 pos 25 st1 25 fail1 0 t4 6 t4only 0 t2only 0 rtfail 0 rcfail 0 chain 0 t3c 25 keyfail 0 [0.7 s]
#   unit {'pos': 2657, 'blk': None}: om1 3634 pos 20 st1 20 fail1 0 t4 2 t4only 0 t2only 0 rtfail 0 rcfail 0 chain 0 t3c 20 keyfail 0 [0.7 s]
#   unit {'pos': 2658, 'blk': None}: om1 3682 pos 20 st1 20 fail1 0 t4 2 t4only 0 t2only 0 rtfail 0 rcfail 0 chain 0 t3c 19 keyfail 0 [0.6 s]
#   unit {'pos': 2659, 'blk': None}: om1 3634 pos 2 st1 2 fail1 0 t4 0 t4only 0 t2only 0 rtfail 0 rcfail 0 chain 0 t3c 2 keyfail 0 [0.7 s]
#   unit {'pos': 2661, 'blk': None}: om1 3642 pos 8 st1 8 fail1 0 t4 0 t4only 0 t2only 0 rtfail 0 rcfail 0 chain 0 t3c 8 keyfail 0 [0.6 s]
#   unit {'pos': 2660, 'blk': None}: om1 3586 pos 3 st1 3 fail1 0 t4 0 t4only 0 t2only 0 rtfail 0 rcfail 0 chain 0 t3c 2 keyfail 0 [0.6 s]
#   unit {'pos': 2662, 'blk': None}: om1 3654 pos 0 st1 0 fail1 0 t4 0 t4only 0 t2only 0 rtfail 0 rcfail 0 chain 0 t3c 0 keyfail 0 [0.7 s]
#   unit {'pos': 2663, 'blk': None}: om1 3811 pos 18 st1 18 fail1 0 t4 10 t4only 0 t2only 0 rtfail 0 rcfail 0 chain 0 t3c 14 keyfail 0 [0.7 s]
#   unit {'pos': 2665, 'blk': None}: om1 3684 pos 37 st1 37 fail1 0 t4 0 t4only 0 t2only 0 rtfail 0 rcfail 0 chain 0 t3c 33 keyfail 0 [0.6 s]
#   unit {'pos': 2664, 'blk': None}: om1 3731 pos 11 st1 11 fail1 0 t4 6 t4only 0 t2only 0 rtfail 0 rcfail 0 chain 0 t3c 9 keyfail 0 [0.7 s]
#   unit {'pos': 2666, 'blk': None}: om1 3712 pos 15 st1 15 fail1 0 t4 2 t4only 0 t2only 0 rtfail 0 rcfail 0 chain 0 t3c 15 keyfail 0 [0.7 s]
#   unit {'pos': 2667, 'blk': None}: om1 3669 pos 12 st1 12 fail1 0 t4 0 t4only 0 t2only 0 rtfail 0 rcfail 0 chain 0 t3c 11 keyfail 0 [0.7 s]
#   unit {'pos': 2668, 'blk': None}: om1 3758 pos 29 st1 29 fail1 0 t4 8 t4only 0 t2only 0 rtfail 0 rcfail 0 chain 0 t3c 27 keyfail 0 [0.6 s]
#   unit {'pos': 2669, 'blk': None}: om1 3671 pos 6 st1 6 fail1 0 t4 4 t4only 0 t2only 0 rtfail 0 rcfail 0 chain 0 t3c 6 keyfail 0 [0.7 s]
#   unit {'pos': 2670, 'blk': None}: om1 3800 pos 31 st1 31 fail1 0 t4 10 t4only 0 t2only 0 rtfail 0 rcfail 0 chain 0 t3c 29 keyfail 0 [0.7 s]
#   unit {'pos': 2671, 'blk': None}: om1 3742 pos 20 st1 20 fail1 0 t4 6 t4only 0 t2only 0 rtfail 0 rcfail 0 chain 0 t3c 20 keyfail 0 [0.7 s]
#   unit {'pos': 2672, 'blk': None}: om1 3802 pos 33 st1 33 fail1 0 t4 5 t4only 0 t2only 0 rtfail 0 rcfail 0 chain 0 t3c 29 keyfail 0 [0.7 s]
#   unit {'pos': 2673, 'blk': None}: om1 3822 pos 62 st1 62 fail1 0 t4 5 t4only 0 t2only 0 rtfail 0 rcfail 0 chain 0 t3c 54 keyfail 0 [0.7 s]
#   unit {'pos': 2674, 'blk': None}: om1 3914 pos 30 st1 30 fail1 0 t4 6 t4only 0 t2only 0 rtfail 0 rcfail 0 chain 0 t3c 21 keyfail 0 [0.7 s]
#   unit {'pos': 2675, 'blk': None}: om1 3742 pos 31 st1 31 fail1 0 t4 7 t4only 0 t2only 0 rtfail 0 rcfail 0 chain 0 t3c 30 keyfail 0 [0.7 s]
#   unit {'pos': 2676, 'blk': None}: om1 3868 pos 38 st1 38 fail1 0 t4 8 t4only 0 t2only 0 rtfail 0 rcfail 0 chain 0 t3c 35 keyfail 0 [0.7 s]
#   unit {'pos': 2677, 'blk': None}: om1 3845 pos 41 st1 41 fail1 0 t4 12 t4only 0 t2only 0 rtfail 0 rcfail 0 chain 0 t3c 39 keyfail 0 [0.8 s]
#   unit {'pos': 2678, 'blk': None}: om1 3653 pos 61 st1 61 fail1 0 t4 1 t4only 0 t2only 0 rtfail 0 rcfail 0 chain 0 t3c 57 keyfail 0 [0.7 s]
#   unit {'pos': 2679, 'blk': None}: om1 3657 pos 18 st1 18 fail1 0 t4 1 t4only 0 t2only 0 rtfail 0 rcfail 0 chain 0 t3c 17 keyfail 0 [0.7 s]
#   unit {'pos': 2680, 'blk': None}: om1 3615 pos 16 st1 16 fail1 0 t4 0 t4only 0 t2only 0 rtfail 0 rcfail 0 chain 0 t3c 14 keyfail 0 [0.6 s]
#   unit {'pos': 2681, 'blk': None}: om1 3616 pos 11 st1 11 fail1 0 t4 1 t4only 0 t2only 0 rtfail 0 rcfail 0 chain 0 t3c 11 keyfail 0 [0.7 s]
#   unit {'pos': 2682, 'blk': None}: om1 3683 pos 9 st1 9 fail1 0 t4 1 t4only 0 t2only 0 rtfail 0 rcfail 0 chain 0 t3c 9 keyfail 0 [0.7 s]
#   unit {'pos': 2683, 'blk': None}: om1 3815 pos 43 st1 43 fail1 0 t4 6 t4only 0 t2only 0 rtfail 0 rcfail 0 chain 0 t3c 41 keyfail 0 [0.7 s]
#   unit {'pos': 2684, 'blk': None}: om1 3695 pos 16 st1 16 fail1 0 t4 4 t4only 0 t2only 0 rtfail 0 rcfail 0 chain 0 t3c 16 keyfail 0 [0.6 s]
#   unit {'pos': 2685, 'blk': None}: om1 3679 pos 17 st1 17 fail1 0 t4 0 t4only 0 t2only 0 rtfail 0 rcfail 0 chain 0 t3c 16 keyfail 0 [0.6 s]
#   unit {'pos': 2686, 'blk': None}: om1 3680 pos 33 st1 33 fail1 0 t4 7 t4only 0 t2only 0 rtfail 0 rcfail 0 chain 0 t3c 32 keyfail 0 [0.6 s]
#   unit {'pos': 2687, 'blk': None}: om1 3783 pos 18 st1 18 fail1 0 t4 12 t4only 0 t2only 0 rtfail 0 rcfail 0 chain 0 t3c 18 keyfail 0 [0.7 s]
#   unit {'pos': 2688, 'blk': None}: om1 3807 pos 50 st1 50 fail1 0 t4 17 t4only 0 t2only 0 rtfail 0 rcfail 0 chain 0 t3c 50 keyfail 0 [0.7 s]
#   unit {'pos': 2689, 'blk': None}: om1 3788 pos 44 st1 44 fail1 0 t4 10 t4only 0 t2only 0 rtfail 0 rcfail 0 chain 0 t3c 42 keyfail 0 [0.7 s]
#   unit {'pos': 2690, 'blk': None}: om1 3903 pos 69 st1 69 fail1 0 t4 19 t4only 0 t2only 0 rtfail 0 rcfail 0 chain 0 t3c 61 keyfail 0 [0.6 s]
#   unit {'pos': 2691, 'blk': None}: om1 3863 pos 60 st1 60 fail1 0 t4 8 t4only 0 t2only 0 rtfail 0 rcfail 0 chain 0 t3c 50 keyfail 0 [0.6 s]
#   unit {'pos': 2692, 'blk': None}: om1 3751 pos 29 st1 29 fail1 0 t4 6 t4only 0 t2only 0 rtfail 0 rcfail 0 chain 0 t3c 29 keyfail 0 [0.6 s]
#   unit {'pos': 2693, 'blk': None}: om1 3727 pos 33 st1 33 fail1 0 t4 5 t4only 0 t2only 0 rtfail 0 rcfail 0 chain 0 t3c 32 keyfail 0 [0.7 s]
#   unit {'pos': 2694, 'blk': None}: om1 3828 pos 43 st1 43 fail1 0 t4 8 t4only 0 t2only 0 rtfail 0 rcfail 0 chain 0 t3c 38 keyfail 0 [0.7 s]
#   unit {'pos': 2695, 'blk': None}: om1 3701 pos 38 st1 38 fail1 0 t4 24 t4only 0 t2only 0 rtfail 0 rcfail 0 chain 0 t3c 38 keyfail 0 [0.6 s]
#   unit {'pos': 2696, 'blk': None}: om1 3762 pos 53 st1 53 fail1 0 t4 17 t4only 0 t2only 0 rtfail 0 rcfail 0 chain 0 t3c 53 keyfail 0 [0.7 s]
#   unit {'pos': 2697, 'blk': None}: om1 3595 pos 10 st1 10 fail1 0 t4 0 t4only 0 t2only 0 rtfail 0 rcfail 0 chain 0 t3c 8 keyfail 0 [0.6 s]
#   unit {'pos': 2698, 'blk': None}: om1 3598 pos 14 st1 14 fail1 0 t4 0 t4only 0 t2only 0 rtfail 0 rcfail 0 chain 0 t3c 12 keyfail 0 [0.7 s]
#   unit {'pos': 2699, 'blk': None}: om1 3555 pos 11 st1 11 fail1 0 t4 6 t4only 0 t2only 0 rtfail 0 rcfail 0 chain 0 t3c 11 keyfail 0 [0.7 s]
#   unit {'pos': 2700, 'blk': None}: om1 3553 pos 4 st1 4 fail1 0 t4 0 t4only 0 t2only 0 rtfail 0 rcfail 0 chain 0 t3c 4 keyfail 0 [0.7 s]
#   unit {'pos': 2701, 'blk': None}: om1 3500 pos 1 st1 1 fail1 0 t4 0 t4only 0 t2only 0 rtfail 0 rcfail 0 chain 0 t3c 0 keyfail 0 [0.8 s]
#   unit {'pos': 2702, 'blk': None}: om1 3623 pos 15 st1 15 fail1 0 t4 0 t4only 0 t2only 0 rtfail 0 rcfail 0 chain 0 t3c 15 keyfail 0 [0.7 s]
#   unit {'pos': 2703, 'blk': None}: om1 3696 pos 7 st1 7 fail1 0 t4 2 t4only 0 t2only 0 rtfail 0 rcfail 0 chain 0 t3c 6 keyfail 0 [0.7 s]
#   unit {'pos': 2704, 'blk': None}: om1 3540 pos 9 st1 9 fail1 0 t4 2 t4only 0 t2only 0 rtfail 0 rcfail 0 chain 0 t3c 9 keyfail 0 [0.7 s]
#   unit {'pos': 2706, 'blk': None}: om1 3601 pos 16 st1 16 fail1 0 t4 1 t4only 0 t2only 0 rtfail 0 rcfail 0 chain 0 t3c 15 keyfail 0 [0.6 s]
#   unit {'pos': 2705, 'blk': None}: om1 3608 pos 28 st1 28 fail1 0 t4 3 t4only 0 t2only 0 rtfail 0 rcfail 0 chain 0 t3c 23 keyfail 0 [0.7 s]
#   unit {'pos': 2707, 'blk': None}: om1 3573 pos 32 st1 32 fail1 0 t4 1 t4only 0 t2only 0 rtfail 0 rcfail 0 chain 0 t3c 31 keyfail 0 [0.7 s]
#   unit {'pos': 2708, 'blk': None}: om1 3835 pos 15 st1 15 fail1 0 t4 4 t4only 0 t2only 0 rtfail 0 rcfail 0 chain 0 t3c 15 keyfail 0 [0.6 s]
#   unit {'pos': 2709, 'blk': None}: om1 3676 pos 4 st1 4 fail1 0 t4 2 t4only 0 t2only 0 rtfail 0 rcfail 0 chain 0 t3c 3 keyfail 0 [0.7 s]
#   unit {'pos': 2710, 'blk': None}: om1 3681 pos 1 st1 1 fail1 0 t4 0 t4only 0 t2only 0 rtfail 0 rcfail 0 chain 0 t3c 0 keyfail 0 [0.6 s]
#   unit {'pos': 2711, 'blk': None}: om1 3621 pos 6 st1 6 fail1 0 t4 0 t4only 0 t2only 0 rtfail 0 rcfail 0 chain 0 t3c 6 keyfail 0 [0.7 s]
#   unit {'pos': 2712, 'blk': None}: om1 3699 pos 21 st1 21 fail1 0 t4 4 t4only 0 t2only 0 rtfail 0 rcfail 0 chain 0 t3c 19 keyfail 0 [0.6 s]
#   unit {'pos': 2714, 'blk': None}: om1 3721 pos 48 st1 48 fail1 0 t4 16 t4only 0 t2only 0 rtfail 0 rcfail 0 chain 0 t3c 42 keyfail 0 [0.7 s]
#   unit {'pos': 2713, 'blk': None}: om1 3818 pos 29 st1 29 fail1 0 t4 14 t4only 0 t2only 0 rtfail 0 rcfail 0 chain 0 t3c 27 keyfail 0 [0.7 s]
#   unit {'pos': 2715, 'blk': None}: om1 3636 pos 15 st1 15 fail1 0 t4 3 t4only 0 t2only 0 rtfail 0 rcfail 0 chain 0 t3c 13 keyfail 0 [0.7 s]
#   unit {'pos': 2716, 'blk': None}: om1 3795 pos 38 st1 38 fail1 0 t4 12 t4only 0 t2only 0 rtfail 0 rcfail 0 chain 0 t3c 33 keyfail 0 [0.7 s]
#   unit {'pos': 2718, 'blk': None}: om1 3858 pos 64 st1 64 fail1 0 t4 19 t4only 0 t2only 0 rtfail 0 rcfail 0 chain 0 t3c 59 keyfail 0 [0.6 s]
#   unit {'pos': 2717, 'blk': None}: om1 3770 pos 15 st1 15 fail1 0 t4 4 t4only 0 t2only 0 rtfail 0 rcfail 0 chain 0 t3c 15 keyfail 0 [0.7 s]
#   unit {'pos': 2719, 'blk': None}: om1 3764 pos 19 st1 19 fail1 0 t4 15 t4only 0 t2only 0 rtfail 0 rcfail 0 chain 0 t3c 19 keyfail 0 [0.7 s]
#   unit {'pos': 2720, 'blk': None}: om1 3792 pos 44 st1 44 fail1 0 t4 3 t4only 0 t2only 0 rtfail 0 rcfail 0 chain 0 t3c 42 keyfail 0 [0.7 s]
#   unit {'pos': 2721, 'blk': None}: om1 3793 pos 70 st1 70 fail1 0 t4 8 t4only 0 t2only 0 rtfail 0 rcfail 0 chain 0 t3c 67 keyfail 0 [0.7 s]
#   unit {'pos': 2722, 'blk': None}: om1 3713 pos 6 st1 6 fail1 0 t4 5 t4only 0 t2only 0 rtfail 0 rcfail 0 chain 0 t3c 6 keyfail 0 [0.8 s]
#   unit {'pos': 2723, 'blk': None}: om1 3958 pos 41 st1 41 fail1 0 t4 23 t4only 0 t2only 0 rtfail 0 rcfail 0 chain 0 t3c 38 keyfail 0 [0.7 s]
#   unit {'pos': 2724, 'blk': None}: om1 3850 pos 12 st1 12 fail1 0 t4 10 t4only 0 t2only 0 rtfail 0 rcfail 0 chain 0 t3c 12 keyfail 0 [0.7 s]
#   unit {'pos': 2725, 'blk': None}: om1 3865 pos 66 st1 66 fail1 0 t4 18 t4only 0 t2only 0 rtfail 0 rcfail 0 chain 0 t3c 58 keyfail 0 [0.7 s]
#   unit {'pos': 2727, 'blk': None}: om1 3670 pos 23 st1 23 fail1 0 t4 1 t4only 0 t2only 0 rtfail 0 rcfail 0 chain 0 t3c 19 keyfail 0 [0.7 s]
#   unit {'pos': 2726, 'blk': None}: om1 3800 pos 19 st1 19 fail1 0 t4 14 t4only 0 t2only 0 rtfail 0 rcfail 0 chain 0 t3c 19 keyfail 0 [0.7 s]
#   unit {'pos': 2728, 'blk': None}: om1 3759 pos 48 st1 48 fail1 0 t4 4 t4only 0 t2only 0 rtfail 0 rcfail 0 chain 0 t3c 40 keyfail 0 [0.6 s]
#   unit {'pos': 2729, 'blk': None}: om1 3775 pos 51 st1 51 fail1 0 t4 6 t4only 0 t2only 0 rtfail 0 rcfail 0 chain 0 t3c 41 keyfail 0 [0.7 s]
#   unit {'pos': 2730, 'blk': None}: om1 3717 pos 34 st1 34 fail1 0 t4 6 t4only 0 t2only 0 rtfail 0 rcfail 0 chain 0 t3c 32 keyfail 0 [0.6 s]
#   unit {'pos': 2731, 'blk': None}: om1 3762 pos 53 st1 53 fail1 0 t4 4 t4only 0 t2only 0 rtfail 0 rcfail 0 chain 0 t3c 43 keyfail 0 [0.6 s]
#   unit {'pos': 2732, 'blk': None}: om1 3855 pos 33 st1 33 fail1 0 t4 5 t4only 0 t2only 0 rtfail 0 rcfail 0 chain 0 t3c 28 keyfail 0 [0.6 s]
#   unit {'pos': 2734, 'blk': None}: om1 3738 pos 54 st1 54 fail1 0 t4 16 t4only 0 t2only 0 rtfail 0 rcfail 0 chain 0 t3c 45 keyfail 0 [0.6 s]
#   unit {'pos': 2733, 'blk': None}: om1 3717 pos 18 st1 18 fail1 0 t4 7 t4only 0 t2only 0 rtfail 0 rcfail 0 chain 0 t3c 17 keyfail 0 [0.6 s]
#   unit {'pos': 2735, 'blk': None}: om1 3726 pos 40 st1 40 fail1 0 t4 9 t4only 0 t2only 0 rtfail 0 rcfail 0 chain 0 t3c 39 keyfail 0 [0.6 s]
#   unit {'pos': 2736, 'blk': None}: om1 3685 pos 18 st1 18 fail1 0 t4 0 t4only 0 t2only 0 rtfail 0 rcfail 0 chain 0 t3c 17 keyfail 0 [0.6 s]
#   unit {'pos': 2737, 'blk': None}: om1 3673 pos 34 st1 34 fail1 0 t4 0 t4only 0 t2only 0 rtfail 0 rcfail 0 chain 0 t3c 33 keyfail 0 [0.7 s]
#   unit {'pos': 2738, 'blk': None}: om1 3643 pos 61 st1 61 fail1 0 t4 0 t4only 0 t2only 0 rtfail 0 rcfail 0 chain 0 t3c 53 keyfail 0 [0.7 s]
#   unit {'pos': 2739, 'blk': None}: om1 3642 pos 29 st1 29 fail1 0 t4 0 t4only 0 t2only 0 rtfail 0 rcfail 0 chain 0 t3c 28 keyfail 0 [0.7 s]
#   unit {'pos': 2740, 'blk': None}: om1 3652 pos 17 st1 17 fail1 0 t4 0 t4only 0 t2only 0 rtfail 0 rcfail 0 chain 0 t3c 15 keyfail 0 [0.7 s]
#   unit {'pos': 2741, 'blk': None}: om1 3708 pos 32 st1 32 fail1 0 t4 0 t4only 0 t2only 0 rtfail 0 rcfail 0 chain 0 t3c 29 keyfail 0 [0.7 s]
#   unit {'pos': 2742, 'blk': None}: om1 3807 pos 61 st1 61 fail1 0 t4 14 t4only 0 t2only 0 rtfail 0 rcfail 0 chain 0 t3c 54 keyfail 0 [0.7 s]
#   unit {'pos': 2743, 'blk': None}: om1 3873 pos 76 st1 76 fail1 0 t4 8 t4only 0 t2only 0 rtfail 0 rcfail 0 chain 0 t3c 70 keyfail 0 [0.7 s]
#   unit {'pos': 2744, 'blk': None}: om1 3899 pos 79 st1 79 fail1 0 t4 11 t4only 0 t2only 0 rtfail 0 rcfail 0 chain 0 t3c 68 keyfail 0 [0.7 s]
#   unit {'pos': 2745, 'blk': None}: om1 3882 pos 75 st1 75 fail1 0 t4 15 t4only 0 t2only 0 rtfail 0 rcfail 0 chain 0 t3c 64 keyfail 0 [0.7 s]
#   unit {'pos': 2746, 'blk': None}: om1 3909 pos 74 st1 74 fail1 0 t4 8 t4only 0 t2only 0 rtfail 0 rcfail 0 chain 0 t3c 64 keyfail 0 [0.7 s]
#   unit {'pos': 2747, 'blk': None}: om1 3755 pos 33 st1 33 fail1 0 t4 2 t4only 0 t2only 0 rtfail 0 rcfail 0 chain 0 t3c 33 keyfail 0 [0.8 s]
#   unit {'pos': 2748, 'blk': None}: om1 3738 pos 47 st1 47 fail1 0 t4 0 t4only 0 t2only 0 rtfail 0 rcfail 0 chain 0 t3c 47 keyfail 0 [0.7 s]
#   unit {'pos': 2749, 'blk': None}: om1 3830 pos 27 st1 27 fail1 0 t4 3 t4only 0 t2only 0 rtfail 0 rcfail 0 chain 0 t3c 25 keyfail 0 [0.7 s]
#   unit {'pos': 2751, 'blk': None}: om1 3833 pos 41 st1 41 fail1 0 t4 11 t4only 0 t2only 0 rtfail 0 rcfail 0 chain 0 t3c 30 keyfail 0 [0.6 s]
#   unit {'pos': 2750, 'blk': None}: om1 3792 pos 16 st1 16 fail1 0 t4 3 t4only 0 t2only 0 rtfail 0 rcfail 0 chain 0 t3c 16 keyfail 0 [0.7 s]
#   unit {'pos': 2752, 'blk': None}: om1 3698 pos 18 st1 18 fail1 0 t4 9 t4only 0 t2only 0 rtfail 0 rcfail 0 chain 0 t3c 18 keyfail 0 [0.6 s]
#   unit {'pos': 2753, 'blk': None}: om1 3759 pos 19 st1 19 fail1 0 t4 7 t4only 0 t2only 0 rtfail 0 rcfail 0 chain 0 t3c 19 keyfail 0 [0.7 s]
#   unit {'pos': 2755, 'blk': None}: om1 3675 pos 6 st1 6 fail1 0 t4 4 t4only 0 t2only 0 rtfail 0 rcfail 0 chain 0 t3c 6 keyfail 0 [0.7 s]
#   unit {'pos': 2754, 'blk': None}: om1 3691 pos 34 st1 34 fail1 0 t4 5 t4only 0 t2only 0 rtfail 0 rcfail 0 chain 0 t3c 29 keyfail 0 [0.8 s]
#   unit {'pos': 2756, 'blk': None}: om1 3860 pos 86 st1 86 fail1 0 t4 8 t4only 0 t2only 0 rtfail 0 rcfail 0 chain 0 t3c 73 keyfail 0 [0.7 s]
#   unit {'pos': 2757, 'blk': None}: om1 3910 pos 88 st1 88 fail1 0 t4 4 t4only 0 t2only 0 rtfail 0 rcfail 0 chain 0 t3c 79 keyfail 0 [0.7 s]
#   unit {'pos': 2758, 'blk': None}: om1 3740 pos 42 st1 42 fail1 0 t4 13 t4only 0 t2only 0 rtfail 0 rcfail 0 chain 0 t3c 42 keyfail 0 [0.7 s]
#   unit {'pos': 2759, 'blk': None}: om1 3825 pos 52 st1 52 fail1 0 t4 7 t4only 0 t2only 0 rtfail 0 rcfail 0 chain 0 t3c 50 keyfail 0 [0.7 s]
#   unit {'pos': 2760, 'blk': None}: om1 3771 pos 52 st1 52 fail1 0 t4 6 t4only 0 t2only 0 rtfail 0 rcfail 0 chain 0 t3c 49 keyfail 0 [0.7 s]
#   unit {'pos': 2761, 'blk': None}: om1 3791 pos 71 st1 71 fail1 0 t4 0 t4only 0 t2only 0 rtfail 0 rcfail 0 chain 0 t3c 67 keyfail 0 [0.6 s]
#   unit {'pos': 2762, 'blk': None}: om1 3553 pos 5 st1 5 fail1 0 t4 0 t4only 0 t2only 0 rtfail 0 rcfail 0 chain 0 t3c 4 keyfail 0 [0.7 s]
#   unit {'pos': 2763, 'blk': None}: om1 3610 pos 11 st1 11 fail1 0 t4 0 t4only 0 t2only 0 rtfail 0 rcfail 0 chain 0 t3c 10 keyfail 0 [0.7 s]
#   unit {'pos': 2764, 'blk': None}: om1 3754 pos 33 st1 33 fail1 0 t4 0 t4only 0 t2only 0 rtfail 0 rcfail 0 chain 0 t3c 33 keyfail 0 [0.7 s]
#   unit {'pos': 2765, 'blk': None}: om1 3744 pos 23 st1 23 fail1 0 t4 5 t4only 0 t2only 0 rtfail 0 rcfail 0 chain 0 t3c 23 keyfail 0 [0.7 s]
#   unit {'pos': 2766, 'blk': None}: om1 3752 pos 47 st1 47 fail1 0 t4 9 t4only 0 t2only 0 rtfail 0 rcfail 0 chain 0 t3c 45 keyfail 0 [0.7 s]
#   unit {'pos': 2767, 'blk': None}: om1 3675 pos 15 st1 15 fail1 0 t4 3 t4only 0 t2only 0 rtfail 0 rcfail 0 chain 0 t3c 15 keyfail 0 [0.7 s]
#   unit {'pos': 2768, 'blk': None}: om1 3615 pos 31 st1 31 fail1 0 t4 10 t4only 0 t2only 0 rtfail 0 rcfail 0 chain 0 t3c 31 keyfail 0 [0.7 s]
#   unit {'pos': 2769, 'blk': None}: om1 3633 pos 15 st1 15 fail1 0 t4 2 t4only 0 t2only 0 rtfail 0 rcfail 0 chain 0 t3c 12 keyfail 0 [0.7 s]
#   unit {'pos': 2770, 'blk': None}: om1 3750 pos 46 st1 46 fail1 0 t4 7 t4only 0 t2only 0 rtfail 0 rcfail 0 chain 0 t3c 42 keyfail 0 [0.7 s]
#   unit {'pos': 2771, 'blk': None}: om1 3624 pos 14 st1 14 fail1 0 t4 3 t4only 0 t2only 0 rtfail 0 rcfail 0 chain 0 t3c 14 keyfail 0 [0.7 s]
#   unit {'pos': 2772, 'blk': None}: om1 3623 pos 5 st1 5 fail1 0 t4 0 t4only 0 t2only 0 rtfail 0 rcfail 0 chain 0 t3c 5 keyfail 0 [0.7 s]
#   unit {'pos': 2773, 'blk': None}: om1 3695 pos 20 st1 20 fail1 0 t4 3 t4only 0 t2only 0 rtfail 0 rcfail 0 chain 0 t3c 18 keyfail 0 [0.7 s]
#   unit {'pos': 2774, 'blk': None}: om1 3690 pos 20 st1 20 fail1 0 t4 0 t4only 0 t2only 0 rtfail 0 rcfail 0 chain 0 t3c 19 keyfail 0 [0.7 s]
#   unit {'pos': 2775, 'blk': None}: om1 3660 pos 26 st1 26 fail1 0 t4 0 t4only 0 t2only 0 rtfail 0 rcfail 0 chain 0 t3c 21 keyfail 0 [0.7 s]
#   unit {'pos': 2776, 'blk': None}: om1 3885 pos 53 st1 53 fail1 0 t4 16 t4only 0 t2only 0 rtfail 0 rcfail 0 chain 0 t3c 43 keyfail 0 [0.7 s]
#   unit {'pos': 2777, 'blk': None}: om1 3634 pos 23 st1 23 fail1 0 t4 7 t4only 0 t2only 0 rtfail 0 rcfail 0 chain 0 t3c 22 keyfail 0 [0.7 s]
#   unit {'pos': 2778, 'blk': None}: om1 3772 pos 29 st1 29 fail1 0 t4 4 t4only 0 t2only 0 rtfail 0 rcfail 0 chain 0 t3c 26 keyfail 0 [0.7 s]
#   unit {'pos': 2779, 'blk': None}: om1 3749 pos 53 st1 53 fail1 0 t4 6 t4only 0 t2only 0 rtfail 0 rcfail 0 chain 0 t3c 51 keyfail 0 [0.7 s]
#   unit {'pos': 2780, 'blk': None}: om1 3880 pos 41 st1 41 fail1 0 t4 16 t4only 0 t2only 0 rtfail 0 rcfail 0 chain 0 t3c 40 keyfail 0 [0.7 s]
#   unit {'pos': 2781, 'blk': None}: om1 3793 pos 31 st1 31 fail1 0 t4 7 t4only 0 t2only 0 rtfail 0 rcfail 0 chain 0 t3c 30 keyfail 0 [0.7 s]
#   unit {'pos': 2782, 'blk': None}: om1 3839 pos 42 st1 42 fail1 0 t4 9 t4only 0 t2only 0 rtfail 0 rcfail 0 chain 0 t3c 42 keyfail 0 [0.7 s]
#   unit {'pos': 2783, 'blk': None}: om1 3729 pos 54 st1 54 fail1 0 t4 7 t4only 0 t2only 0 rtfail 0 rcfail 0 chain 0 t3c 50 keyfail 0 [0.7 s]
#   unit {'pos': 2784, 'blk': None}: om1 3740 pos 52 st1 52 fail1 0 t4 10 t4only 0 t2only 0 rtfail 0 rcfail 0 chain 0 t3c 43 keyfail 0 [0.7 s]
#   unit {'pos': 2785, 'blk': None}: om1 3920 pos 50 st1 50 fail1 0 t4 7 t4only 0 t2only 0 rtfail 0 rcfail 0 chain 0 t3c 43 keyfail 0 [0.7 s]
#   unit {'pos': 2786, 'blk': None}: om1 3824 pos 29 st1 29 fail1 0 t4 9 t4only 0 t2only 0 rtfail 0 rcfail 0 chain 0 t3c 26 keyfail 0 [0.7 s]
#   unit {'pos': 2787, 'blk': None}: om1 3882 pos 65 st1 65 fail1 0 t4 25 t4only 0 t2only 0 rtfail 0 rcfail 0 chain 0 t3c 61 keyfail 0 [0.7 s]
#   unit {'pos': 2788, 'blk': None}: om1 3731 pos 18 st1 18 fail1 0 t4 16 t4only 0 t2only 0 rtfail 0 rcfail 0 chain 0 t3c 18 keyfail 0 [0.7 s]
#   unit {'pos': 2789, 'blk': None}: om1 3579 pos 2 st1 2 fail1 0 t4 0 t4only 0 t2only 0 rtfail 0 rcfail 0 chain 0 t3c 2 keyfail 0 [0.6 s]
#   unit {'pos': 2790, 'blk': None}: om1 3686 pos 24 st1 24 fail1 0 t4 2 t4only 0 t2only 0 rtfail 0 rcfail 0 chain 0 t3c 24 keyfail 0 [0.7 s]
#   unit {'pos': 2791, 'blk': None}: om1 3820 pos 28 st1 28 fail1 0 t4 5 t4only 0 t2only 0 rtfail 0 rcfail 0 chain 0 t3c 28 keyfail 0 [0.7 s]
#   unit {'pos': 2792, 'blk': None}: om1 3745 pos 51 st1 51 fail1 0 t4 9 t4only 0 t2only 0 rtfail 0 rcfail 0 chain 0 t3c 50 keyfail 0 [1.0 s]
#   unit {'pos': 2793, 'blk': None}: om1 3610 pos 15 st1 15 fail1 0 t4 2 t4only 0 t2only 0 rtfail 0 rcfail 0 chain 0 t3c 15 keyfail 0 [0.9 s]
#   unit {'pos': 2795, 'blk': None}: om1 3613 pos 20 st1 20 fail1 0 t4 1 t4only 0 t2only 0 rtfail 0 rcfail 0 chain 0 t3c 17 keyfail 0 [0.9 s]
#   unit {'pos': 2794, 'blk': None}: om1 3656 pos 32 st1 32 fail1 0 t4 4 t4only 0 t2only 0 rtfail 0 rcfail 0 chain 0 t3c 32 keyfail 0 [1.0 s]
#   unit {'pos': 2796, 'blk': None}: om1 3652 pos 21 st1 21 fail1 0 t4 0 t4only 0 t2only 0 rtfail 0 rcfail 0 chain 0 t3c 18 keyfail 0 [0.8 s]
#   unit {'pos': 2797, 'blk': None}: om1 3634 pos 18 st1 18 fail1 0 t4 0 t4only 0 t2only 0 rtfail 0 rcfail 0 chain 0 t3c 16 keyfail 0 [0.9 s]
#   unit {'pos': 2798, 'blk': None}: om1 3671 pos 20 st1 20 fail1 0 t4 0 t4only 0 t2only 0 rtfail 0 rcfail 0 chain 0 t3c 20 keyfail 0 [1.0 s]
#   unit {'pos': 2799, 'blk': None}: om1 3786 pos 71 st1 71 fail1 0 t4 9 t4only 0 t2only 0 rtfail 0 rcfail 0 chain 0 t3c 63 keyfail 0 [0.9 s]
#   unit {'pos': 2800, 'blk': None}: om1 3767 pos 33 st1 33 fail1 0 t4 9 t4only 0 t2only 0 rtfail 0 rcfail 0 chain 0 t3c 33 keyfail 0 [0.8 s]
#   unit {'pos': 2801, 'blk': None}: om1 3756 pos 35 st1 35 fail1 0 t4 0 t4only 0 t2only 0 rtfail 0 rcfail 0 chain 0 t3c 33 keyfail 0 [0.8 s]
#   unit {'pos': 2802, 'blk': None}: om1 3747 pos 52 st1 52 fail1 0 t4 3 t4only 0 t2only 0 rtfail 0 rcfail 0 chain 0 t3c 43 keyfail 0 [0.7 s]
#   unit {'pos': 2803, 'blk': None}: om1 3686 pos 49 st1 49 fail1 0 t4 6 t4only 0 t2only 0 rtfail 0 rcfail 0 chain 0 t3c 47 keyfail 0 [0.7 s]
#   unit {'pos': 2804, 'blk': None}: om1 3771 pos 57 st1 57 fail1 0 t4 0 t4only 0 t2only 0 rtfail 0 rcfail 0 chain 0 t3c 57 keyfail 0 [0.8 s]
#   unit {'pos': 2805, 'blk': None}: om1 3795 pos 56 st1 56 fail1 0 t4 14 t4only 0 t2only 0 rtfail 0 rcfail 0 chain 0 t3c 47 keyfail 0 [0.7 s]
#   unit {'pos': 2807, 'blk': None}: om1 3576 pos 19 st1 19 fail1 0 t4 0 t4only 0 t2only 0 rtfail 0 rcfail 0 chain 0 t3c 19 keyfail 0 [0.6 s]
#   unit {'pos': 2806, 'blk': None}: om1 3722 pos 37 st1 37 fail1 0 t4 7 t4only 0 t2only 0 rtfail 0 rcfail 0 chain 0 t3c 32 keyfail 0 [0.7 s]
#   unit {'pos': 2808, 'blk': None}: om1 3436 pos 27 st1 27 fail1 0 t4 3 t4only 0 t2only 0 rtfail 0 rcfail 0 chain 0 t3c 24 keyfail 0 [0.7 s]
#   unit {'pos': 2809, 'blk': None}: om1 3682 pos 35 st1 35 fail1 0 t4 2 t4only 0 t2only 0 rtfail 0 rcfail 0 chain 0 t3c 31 keyfail 0 [0.6 s]
#   unit {'pos': 2810, 'blk': None}: om1 3716 pos 46 st1 46 fail1 0 t4 7 t4only 0 t2only 0 rtfail 0 rcfail 0 chain 0 t3c 41 keyfail 0 [0.6 s]
#   unit {'pos': 2811, 'blk': None}: om1 3585 pos 34 st1 34 fail1 0 t4 6 t4only 0 t2only 0 rtfail 0 rcfail 0 chain 0 t3c 27 keyfail 0 [0.6 s]
#   unit {'pos': 2812, 'blk': None}: om1 3661 pos 19 st1 19 fail1 0 t4 0 t4only 0 t2only 0 rtfail 0 rcfail 0 chain 0 t3c 19 keyfail 0 [0.6 s]
#   unit {'pos': 2813, 'blk': None}: om1 3734 pos 47 st1 47 fail1 0 t4 2 t4only 0 t2only 0 rtfail 0 rcfail 0 chain 0 t3c 43 keyfail 0 [0.6 s]
#   unit {'pos': 2815, 'blk': None}: om1 3471 pos 0 st1 0 fail1 0 t4 0 t4only 0 t2only 0 rtfail 0 rcfail 0 chain 0 t3c 0 keyfail 0 [0.5 s]
#   unit {'pos': 2814, 'blk': None}: om1 3762 pos 24 st1 24 fail1 0 t4 2 t4only 0 t2only 0 rtfail 0 rcfail 0 chain 0 t3c 20 keyfail 0 [0.6 s]
#   unit {'pos': 2816, 'blk': None}: om1 3459 pos 0 st1 0 fail1 0 t4 0 t4only 0 t2only 0 rtfail 0 rcfail 0 chain 0 t3c 0 keyfail 0 [0.5 s]
#   unit {'pos': 2817, 'blk': None}: om1 3503 pos 0 st1 0 fail1 0 t4 0 t4only 0 t2only 0 rtfail 0 rcfail 0 chain 0 t3c 0 keyfail 0 [0.5 s]
#   unit {'pos': 2818, 'blk': None}: om1 3447 pos 0 st1 0 fail1 0 t4 0 t4only 0 t2only 0 rtfail 0 rcfail 0 chain 0 t3c 0 keyfail 0 [0.5 s]
#   unit {'pos': 2819, 'blk': None}: om1 3432 pos 0 st1 0 fail1 0 t4 0 t4only 0 t2only 0 rtfail 0 rcfail 0 chain 0 t3c 0 keyfail 0 [0.5 s]
#   unit {'pos': 2820, 'blk': None}: om1 3476 pos 0 st1 0 fail1 0 t4 0 t4only 0 t2only 0 rtfail 0 rcfail 0 chain 0 t3c 0 keyfail 0 [0.5 s]
#   unit {'pos': 2821, 'blk': None}: om1 3370 pos 0 st1 0 fail1 0 t4 0 t4only 0 t2only 0 rtfail 0 rcfail 0 chain 0 t3c 0 keyfail 0 [0.5 s]
#   unit {'pos': 2822, 'blk': None}: om1 3401 pos 0 st1 0 fail1 0 t4 0 t4only 0 t2only 0 rtfail 0 rcfail 0 chain 0 t3c 0 keyfail 0 [0.5 s]
#   unit {'pos': 2823, 'blk': None}: om1 3520 pos 0 st1 0 fail1 0 t4 0 t4only 0 t2only 0 rtfail 0 rcfail 0 chain 0 t3c 0 keyfail 0 [0.5 s]
#   unit {'pos': 2824, 'blk': None}: om1 3469 pos 0 st1 0 fail1 0 t4 0 t4only 0 t2only 0 rtfail 0 rcfail 0 chain 0 t3c 0 keyfail 0 [0.5 s]
#   unit {'pos': 2825, 'blk': None}: om1 3349 pos 0 st1 0 fail1 0 t4 0 t4only 0 t2only 0 rtfail 0 rcfail 0 chain 0 t3c 0 keyfail 0 [0.5 s]
#   unit {'pos': 2826, 'blk': None}: om1 3371 pos 0 st1 0 fail1 0 t4 0 t4only 0 t2only 0 rtfail 0 rcfail 0 chain 0 t3c 0 keyfail 0 [0.5 s]
#   unit {'pos': 2827, 'blk': None}: om1 3395 pos 0 st1 0 fail1 0 t4 0 t4only 0 t2only 0 rtfail 0 rcfail 0 chain 0 t3c 0 keyfail 0 [0.5 s]
#   unit {'pos': 2828, 'blk': None}: om1 3397 pos 0 st1 0 fail1 0 t4 0 t4only 0 t2only 0 rtfail 0 rcfail 0 chain 0 t3c 0 keyfail 0 [0.5 s]
#   unit {'pos': 2829, 'blk': None}: om1 3335 pos 0 st1 0 fail1 0 t4 0 t4only 0 t2only 0 rtfail 0 rcfail 0 chain 0 t3c 0 keyfail 0 [0.5 s]
#   unit {'pos': 2830, 'blk': None}: om1 3340 pos 0 st1 0 fail1 0 t4 0 t4only 0 t2only 0 rtfail 0 rcfail 0 chain 0 t3c 0 keyfail 0 [0.5 s]
#   unit {'pos': 2831, 'blk': None}: om1 3274 pos 0 st1 0 fail1 0 t4 0 t4only 0 t2only 0 rtfail 0 rcfail 0 chain 0 t3c 0 keyfail 0 [0.5 s]
#   unit {'pos': 2832, 'blk': None}: om1 3254 pos 0 st1 0 fail1 0 t4 0 t4only 0 t2only 0 rtfail 0 rcfail 0 chain 0 t3c 0 keyfail 0 [0.6 s]
#   unit {'pos': 2833, 'blk': None}: om1 3260 pos 4 st1 4 fail1 0 t4 3 t4only 0 t2only 0 rtfail 0 rcfail 0 chain 0 t3c 4 keyfail 0 [0.6 s]
#   unit {'pos': 2834, 'blk': None}: om1 3303 pos 26 st1 26 fail1 0 t4 17 t4only 0 t2only 0 rtfail 0 rcfail 0 chain 0 t3c 26 keyfail 0 [0.6 s]
#   unit {'pos': 2835, 'blk': None}: om1 3295 pos 13 st1 13 fail1 0 t4 9 t4only 0 t2only 0 rtfail 0 rcfail 0 chain 0 t3c 13 keyfail 0 [0.6 s]
#   unit {'pos': 2836, 'blk': None}: om1 3343 pos 21 st1 21 fail1 0 t4 11 t4only 0 t2only 0 rtfail 0 rcfail 0 chain 0 t3c 21 keyfail 0 [0.6 s]
#   unit {'pos': 2837, 'blk': None}: om1 3339 pos 7 st1 7 fail1 0 t4 6 t4only 0 t2only 0 rtfail 0 rcfail 0 chain 0 t3c 7 keyfail 0 [0.6 s]
#   unit {'pos': 2838, 'blk': None}: om1 3238 pos 14 st1 14 fail1 0 t4 11 t4only 0 t2only 0 rtfail 0 rcfail 0 chain 0 t3c 14 keyfail 0 [0.6 s]
#   unit {'pos': 2839, 'blk': None}: om1 3257 pos 13 st1 13 fail1 0 t4 2 t4only 0 t2only 0 rtfail 0 rcfail 0 chain 0 t3c 13 keyfail 0 [0.6 s]
#   unit {'pos': 2840, 'blk': None}: om1 3192 pos 0 st1 0 fail1 0 t4 0 t4only 0 t2only 0 rtfail 0 rcfail 0 chain 0 t3c 0 keyfail 0 [0.6 s]
#   unit {'pos': 2841, 'blk': None}: om1 3246 pos 17 st1 17 fail1 0 t4 9 t4only 0 t2only 0 rtfail 0 rcfail 0 chain 0 t3c 17 keyfail 0 [0.6 s]
#   unit {'pos': 2842, 'blk': None}: om1 3218 pos 2 st1 2 fail1 0 t4 2 t4only 0 t2only 0 rtfail 0 rcfail 0 chain 0 t3c 2 keyfail 0 [0.6 s]
#   unit {'pos': 2844, 'blk': None}: om1 3405 pos 28 st1 28 fail1 0 t4 18 t4only 0 t2only 0 rtfail 0 rcfail 0 chain 0 t3c 25 keyfail 0 [0.5 s]
#   unit {'pos': 2843, 'blk': None}: om1 3241 pos 13 st1 13 fail1 0 t4 8 t4only 0 t2only 0 rtfail 0 rcfail 0 chain 0 t3c 13 keyfail 0 [0.6 s]
#   unit {'pos': 2845, 'blk': None}: om1 3291 pos 17 st1 17 fail1 0 t4 14 t4only 0 t2only 0 rtfail 0 rcfail 0 chain 0 t3c 17 keyfail 0 [0.6 s]
#   unit {'pos': 2846, 'blk': None}: om1 3300 pos 4 st1 4 fail1 0 t4 3 t4only 0 t2only 0 rtfail 0 rcfail 0 chain 0 t3c 4 keyfail 0 [0.5 s]
#   unit {'pos': 2847, 'blk': None}: om1 3333 pos 4 st1 4 fail1 0 t4 1 t4only 0 t2only 0 rtfail 0 rcfail 0 chain 0 t3c 3 keyfail 0 [0.5 s]
#   unit {'pos': 2848, 'blk': None}: om1 3287 pos 15 st1 15 fail1 0 t4 13 t4only 0 t2only 0 rtfail 0 rcfail 0 chain 0 t3c 14 keyfail 0 [0.5 s]
#   unit {'pos': 2849, 'blk': None}: om1 3264 pos 11 st1 11 fail1 0 t4 8 t4only 0 t2only 0 rtfail 0 rcfail 0 chain 0 t3c 10 keyfail 0 [0.5 s]
#   unit {'pos': 2850, 'blk': None}: om1 3392 pos 0 st1 0 fail1 0 t4 0 t4only 0 t2only 0 rtfail 0 rcfail 0 chain 0 t3c 0 keyfail 0 [0.5 s]
#   unit {'pos': 2852, 'blk': None}: om1 3375 pos 26 st1 26 fail1 0 t4 12 t4only 0 t2only 0 rtfail 0 rcfail 0 chain 0 t3c 23 keyfail 0 [0.5 s]
#   unit {'pos': 2851, 'blk': None}: om1 3360 pos 0 st1 0 fail1 0 t4 0 t4only 0 t2only 0 rtfail 0 rcfail 0 chain 0 t3c 0 keyfail 0 [0.5 s]
#   unit {'pos': 2853, 'blk': None}: om1 3353 pos 27 st1 27 fail1 0 t4 21 t4only 0 t2only 0 rtfail 0 rcfail 0 chain 0 t3c 27 keyfail 0 [0.5 s]
#   unit {'pos': 2854, 'blk': None}: om1 3377 pos 34 st1 34 fail1 0 t4 18 t4only 0 t2only 0 rtfail 0 rcfail 0 chain 0 t3c 28 keyfail 0 [0.5 s]
#   unit {'pos': 2856, 'blk': None}: om1 3414 pos 12 st1 12 fail1 0 t4 3 t4only 0 t2only 0 rtfail 0 rcfail 0 chain 0 t3c 10 keyfail 0 [0.5 s]
#   unit {'pos': 2855, 'blk': None}: om1 3321 pos 20 st1 20 fail1 0 t4 15 t4only 0 t2only 0 rtfail 0 rcfail 0 chain 0 t3c 20 keyfail 0 [0.5 s]
#   unit {'pos': 2857, 'blk': None}: om1 3408 pos 42 st1 42 fail1 0 t4 2 t4only 0 t2only 0 rtfail 0 rcfail 0 chain 0 t3c 40 keyfail 0 [0.5 s]
#   unit {'pos': 2858, 'blk': None}: om1 3246 pos 14 st1 14 fail1 0 t4 6 t4only 0 t2only 0 rtfail 0 rcfail 0 chain 0 t3c 13 keyfail 0 [0.5 s]
#   unit {'pos': 2859, 'blk': None}: om1 3300 pos 15 st1 15 fail1 0 t4 6 t4only 0 t2only 0 rtfail 0 rcfail 0 chain 0 t3c 14 keyfail 0 [0.5 s]
#   unit {'pos': 2860, 'blk': None}: om1 3282 pos 11 st1 11 fail1 0 t4 3 t4only 0 t2only 0 rtfail 0 rcfail 0 chain 0 t3c 10 keyfail 0 [0.5 s]
#   unit {'pos': 2861, 'blk': None}: om1 3325 pos 13 st1 13 fail1 0 t4 3 t4only 0 t2only 0 rtfail 0 rcfail 0 chain 0 t3c 13 keyfail 0 [0.6 s]
#   unit {'pos': 2862, 'blk': None}: om1 3292 pos 13 st1 13 fail1 0 t4 1 t4only 0 t2only 0 rtfail 0 rcfail 0 chain 0 t3c 11 keyfail 0 [0.5 s]
#   unit {'pos': 2863, 'blk': None}: om1 3292 pos 23 st1 23 fail1 0 t4 2 t4only 0 t2only 0 rtfail 0 rcfail 0 chain 0 t3c 23 keyfail 0 [0.5 s]
#   unit {'pos': 2864, 'blk': None}: om1 3241 pos 15 st1 15 fail1 0 t4 4 t4only 0 t2only 0 rtfail 0 rcfail 0 chain 0 t3c 14 keyfail 0 [0.6 s]
#   unit {'pos': 2865, 'blk': None}: om1 3247 pos 11 st1 11 fail1 0 t4 1 t4only 0 t2only 0 rtfail 0 rcfail 0 chain 0 t3c 11 keyfail 0 [0.6 s]
#   unit {'pos': 2866, 'blk': None}: om1 3225 pos 8 st1 8 fail1 0 t4 0 t4only 0 t2only 0 rtfail 0 rcfail 0 chain 0 t3c 8 keyfail 0 [0.6 s]
#   unit {'pos': 2867, 'blk': None}: om1 3189 pos 7 st1 7 fail1 0 t4 4 t4only 0 t2only 0 rtfail 0 rcfail 0 chain 0 t3c 7 keyfail 0 [0.6 s]
#   unit {'pos': 2868, 'blk': None}: om1 3253 pos 5 st1 5 fail1 0 t4 2 t4only 0 t2only 0 rtfail 0 rcfail 0 chain 0 t3c 5 keyfail 0 [0.5 s]
#   unit {'pos': 2869, 'blk': None}: om1 3306 pos 19 st1 19 fail1 0 t4 11 t4only 0 t2only 0 rtfail 0 rcfail 0 chain 0 t3c 17 keyfail 0 [0.6 s]
#   unit {'pos': 2870, 'blk': None}: om1 3237 pos 12 st1 12 fail1 0 t4 8 t4only 0 t2only 0 rtfail 0 rcfail 0 chain 0 t3c 12 keyfail 0 [0.6 s]
#   unit {'pos': 2871, 'blk': None}: om1 3353 pos 51 st1 51 fail1 0 t4 23 t4only 0 t2only 0 rtfail 0 rcfail 0 chain 0 t3c 50 keyfail 0 [0.5 s]
#   unit {'pos': 2872, 'blk': None}: om1 3359 pos 58 st1 58 fail1 0 t4 32 t4only 0 t2only 0 rtfail 0 rcfail 0 chain 0 t3c 58 keyfail 0 [0.6 s]
#   unit {'pos': 2873, 'blk': None}: om1 3266 pos 22 st1 22 fail1 0 t4 18 t4only 0 t2only 0 rtfail 0 rcfail 0 chain 0 t3c 20 keyfail 0 [0.6 s]
#   unit {'pos': 2874, 'blk': None}: om1 3238 pos 19 st1 19 fail1 0 t4 9 t4only 0 t2only 0 rtfail 0 rcfail 0 chain 0 t3c 19 keyfail 0 [0.6 s]
#   unit {'pos': 2875, 'blk': None}: om1 3250 pos 13 st1 13 fail1 0 t4 1 t4only 0 t2only 0 rtfail 0 rcfail 0 chain 0 t3c 13 keyfail 0 [0.6 s]
#   unit {'pos': 2876, 'blk': None}: om1 3264 pos 22 st1 22 fail1 0 t4 7 t4only 0 t2only 0 rtfail 0 rcfail 0 chain 0 t3c 22 keyfail 0 [0.6 s]
#   unit {'pos': 2877, 'blk': None}: om1 3199 pos 11 st1 11 fail1 0 t4 4 t4only 0 t2only 0 rtfail 0 rcfail 0 chain 0 t3c 11 keyfail 0 [0.6 s]
#   unit {'pos': 2878, 'blk': None}: om1 3196 pos 18 st1 18 fail1 0 t4 7 t4only 0 t2only 0 rtfail 0 rcfail 0 chain 0 t3c 18 keyfail 0 [0.6 s]
#   unit {'pos': 2879, 'blk': None}: om1 3283 pos 14 st1 14 fail1 0 t4 5 t4only 0 t2only 0 rtfail 0 rcfail 0 chain 0 t3c 14 keyfail 0 [0.6 s]
#   unit {'pos': 2880, 'blk': None}: om1 3274 pos 10 st1 10 fail1 0 t4 1 t4only 0 t2only 0 rtfail 0 rcfail 0 chain 0 t3c 10 keyfail 0 [0.6 s]
#   unit {'pos': 2881, 'blk': None}: om1 3368 pos 18 st1 18 fail1 0 t4 6 t4only 0 t2only 0 rtfail 0 rcfail 0 chain 0 t3c 17 keyfail 0 [0.6 s]
#   unit {'pos': 2882, 'blk': None}: om1 3340 pos 4 st1 4 fail1 0 t4 3 t4only 0 t2only 0 rtfail 0 rcfail 0 chain 0 t3c 4 keyfail 0 [0.6 s]
#   unit {'pos': 2883, 'blk': None}: om1 3285 pos 3 st1 3 fail1 0 t4 0 t4only 0 t2only 0 rtfail 0 rcfail 0 chain 0 t3c 3 keyfail 0 [0.5 s]
#   unit {'pos': 2884, 'blk': None}: om1 3311 pos 9 st1 9 fail1 0 t4 2 t4only 0 t2only 0 rtfail 0 rcfail 0 chain 0 t3c 9 keyfail 0 [0.6 s]
#   unit {'pos': 2885, 'blk': None}: om1 3178 pos 3 st1 3 fail1 0 t4 3 t4only 0 t2only 0 rtfail 0 rcfail 0 chain 0 t3c 3 keyfail 0 [0.5 s]
#   unit {'pos': 2886, 'blk': None}: om1 3234 pos 18 st1 18 fail1 0 t4 0 t4only 0 t2only 0 rtfail 0 rcfail 0 chain 0 t3c 17 keyfail 0 [0.5 s]
#   unit {'pos': 2887, 'blk': None}: om1 3243 pos 4 st1 4 fail1 0 t4 0 t4only 0 t2only 0 rtfail 0 rcfail 0 chain 0 t3c 2 keyfail 0 [0.5 s]
#   unit {'pos': 2888, 'blk': None}: om1 3242 pos 3 st1 3 fail1 0 t4 3 t4only 0 t2only 0 rtfail 0 rcfail 0 chain 0 t3c 3 keyfail 0 [0.6 s]
#   unit {'pos': 2889, 'blk': None}: om1 3122 pos 1 st1 1 fail1 0 t4 0 t4only 0 t2only 0 rtfail 0 rcfail 0 chain 0 t3c 0 keyfail 0 [0.5 s]
#   unit {'pos': 2890, 'blk': None}: om1 3360 pos 18 st1 18 fail1 0 t4 11 t4only 0 t2only 0 rtfail 0 rcfail 0 chain 0 t3c 12 keyfail 0 [0.6 s]
#   unit {'pos': 2891, 'blk': None}: om1 3362 pos 6 st1 6 fail1 0 t4 3 t4only 0 t2only 0 rtfail 0 rcfail 0 chain 0 t3c 3 keyfail 0 [0.6 s]
#   unit {'pos': 2892, 'blk': None}: om1 3256 pos 4 st1 4 fail1 0 t4 0 t4only 0 t2only 0 rtfail 0 rcfail 0 chain 0 t3c 4 keyfail 0 [0.6 s]
#   unit {'pos': 2893, 'blk': None}: om1 3341 pos 23 st1 23 fail1 0 t4 0 t4only 0 t2only 0 rtfail 0 rcfail 0 chain 0 t3c 21 keyfail 0 [0.6 s]
#   unit {'pos': 2894, 'blk': None}: om1 3284 pos 17 st1 17 fail1 0 t4 3 t4only 0 t2only 0 rtfail 0 rcfail 0 chain 0 t3c 14 keyfail 0 [0.6 s]
#   unit {'pos': 2895, 'blk': None}: om1 3251 pos 12 st1 12 fail1 0 t4 4 t4only 0 t2only 0 rtfail 0 rcfail 0 chain 0 t3c 11 keyfail 0 [0.6 s]
#   unit {'pos': 2897, 'blk': None}: om1 3319 pos 31 st1 31 fail1 0 t4 0 t4only 0 t2only 0 rtfail 0 rcfail 0 chain 0 t3c 29 keyfail 0 [0.6 s]
#   unit {'pos': 2896, 'blk': None}: om1 3287 pos 17 st1 17 fail1 0 t4 3 t4only 0 t2only 0 rtfail 0 rcfail 0 chain 0 t3c 17 keyfail 0 [0.6 s]
#   unit {'pos': 2898, 'blk': None}: om1 3262 pos 21 st1 21 fail1 0 t4 1 t4only 0 t2only 0 rtfail 0 rcfail 0 chain 0 t3c 21 keyfail 0 [0.6 s]
#   unit {'pos': 2899, 'blk': None}: om1 3178 pos 34 st1 34 fail1 0 t4 0 t4only 0 t2only 0 rtfail 0 rcfail 0 chain 0 t3c 32 keyfail 0 [0.6 s]
#   unit {'pos': 2900, 'blk': None}: om1 3351 pos 16 st1 16 fail1 0 t4 4 t4only 0 t2only 0 rtfail 0 rcfail 0 chain 0 t3c 14 keyfail 0 [0.6 s]
#   unit {'pos': 2902, 'blk': None}: om1 3279 pos 2 st1 2 fail1 0 t4 0 t4only 0 t2only 0 rtfail 0 rcfail 0 chain 0 t3c 2 keyfail 0 [0.6 s]
#   unit {'pos': 2901, 'blk': None}: om1 3336 pos 18 st1 18 fail1 0 t4 2 t4only 0 t2only 0 rtfail 0 rcfail 0 chain 0 t3c 18 keyfail 0 [0.7 s]
#   unit {'pos': 2903, 'blk': None}: om1 3258 pos 10 st1 10 fail1 0 t4 6 t4only 0 t2only 0 rtfail 0 rcfail 0 chain 0 t3c 10 keyfail 0 [0.6 s]
#   unit {'pos': 2905, 'blk': None}: om1 3431 pos 25 st1 25 fail1 0 t4 0 t4only 0 t2only 0 rtfail 0 rcfail 0 chain 0 t3c 23 keyfail 0 [0.5 s]
#   unit {'pos': 2904, 'blk': None}: om1 3269 pos 18 st1 18 fail1 0 t4 0 t4only 0 t2only 0 rtfail 0 rcfail 0 chain 0 t3c 18 keyfail 0 [0.5 s]
#   unit {'pos': 2906, 'blk': None}: om1 3307 pos 15 st1 15 fail1 0 t4 2 t4only 0 t2only 0 rtfail 0 rcfail 0 chain 0 t3c 15 keyfail 0 [0.6 s]
#   unit {'pos': 2907, 'blk': None}: om1 3310 pos 25 st1 25 fail1 0 t4 0 t4only 0 t2only 0 rtfail 0 rcfail 0 chain 0 t3c 23 keyfail 0 [0.6 s]
#   unit {'pos': 2908, 'blk': None}: om1 3255 pos 11 st1 11 fail1 0 t4 0 t4only 0 t2only 0 rtfail 0 rcfail 0 chain 0 t3c 9 keyfail 0 [0.5 s]
#   unit {'pos': 2909, 'blk': None}: om1 3294 pos 14 st1 14 fail1 0 t4 0 t4only 0 t2only 0 rtfail 0 rcfail 0 chain 0 t3c 13 keyfail 0 [0.6 s]
#   unit {'pos': 2910, 'blk': None}: om1 3223 pos 13 st1 13 fail1 0 t4 0 t4only 0 t2only 0 rtfail 0 rcfail 0 chain 0 t3c 13 keyfail 0 [0.6 s]
#   unit {'pos': 2911, 'blk': None}: om1 3241 pos 9 st1 9 fail1 0 t4 5 t4only 0 t2only 0 rtfail 0 rcfail 0 chain 0 t3c 9 keyfail 0 [0.6 s]
#   unit {'pos': 2913, 'blk': None}: om1 3182 pos 41 st1 41 fail1 0 t4 13 t4only 0 t2only 0 rtfail 0 rcfail 0 chain 0 t3c 39 keyfail 0 [0.6 s]
#   unit {'pos': 2912, 'blk': None}: om1 3250 pos 9 st1 9 fail1 0 t4 0 t4only 0 t2only 0 rtfail 0 rcfail 0 chain 0 t3c 8 keyfail 0 [0.6 s]
#   unit {'pos': 2914, 'blk': None}: om1 3151 pos 6 st1 6 fail1 0 t4 5 t4only 0 t2only 0 rtfail 0 rcfail 0 chain 0 t3c 5 keyfail 0 [0.6 s]
#   unit {'pos': 2915, 'blk': None}: om1 3128 pos 15 st1 15 fail1 0 t4 2 t4only 0 t2only 0 rtfail 0 rcfail 0 chain 0 t3c 15 keyfail 0 [0.6 s]
#   unit {'pos': 2917, 'blk': None}: om1 3176 pos 21 st1 21 fail1 0 t4 7 t4only 0 t2only 0 rtfail 0 rcfail 0 chain 0 t3c 19 keyfail 0 [0.6 s]
#   unit {'pos': 2916, 'blk': None}: om1 3158 pos 3 st1 3 fail1 0 t4 3 t4only 0 t2only 0 rtfail 0 rcfail 0 chain 0 t3c 3 keyfail 0 [0.6 s]
#   unit {'pos': 2918, 'blk': None}: om1 3154 pos 4 st1 4 fail1 0 t4 4 t4only 0 t2only 0 rtfail 0 rcfail 0 chain 0 t3c 4 keyfail 0 [0.7 s]
#   unit {'pos': 2919, 'blk': None}: om1 3167 pos 10 st1 10 fail1 0 t4 3 t4only 0 t2only 0 rtfail 0 rcfail 0 chain 0 t3c 10 keyfail 0 [0.6 s]
#   unit {'pos': 2921, 'blk': None}: om1 3188 pos 17 st1 17 fail1 0 t4 5 t4only 0 t2only 0 rtfail 0 rcfail 0 chain 0 t3c 17 keyfail 0 [0.6 s]
#   unit {'pos': 2920, 'blk': None}: om1 3214 pos 14 st1 14 fail1 0 t4 10 t4only 0 t2only 0 rtfail 0 rcfail 0 chain 0 t3c 14 keyfail 0 [0.7 s]
#   unit {'pos': 2922, 'blk': None}: om1 3135 pos 4 st1 4 fail1 0 t4 2 t4only 0 t2only 0 rtfail 0 rcfail 0 chain 0 t3c 4 keyfail 0 [0.6 s]
#   unit {'pos': 2923, 'blk': None}: om1 3119 pos 2 st1 2 fail1 0 t4 2 t4only 0 t2only 0 rtfail 0 rcfail 0 chain 0 t3c 2 keyfail 0 [0.6 s]
#   unit {'pos': 2924, 'blk': None}: om1 3135 pos 10 st1 10 fail1 0 t4 7 t4only 0 t2only 0 rtfail 0 rcfail 0 chain 0 t3c 10 keyfail 0 [0.6 s]
#   unit {'pos': 2925, 'blk': None}: om1 3195 pos 10 st1 10 fail1 0 t4 5 t4only 0 t2only 0 rtfail 0 rcfail 0 chain 0 t3c 10 keyfail 0 [0.6 s]
#   unit {'pos': 2926, 'blk': None}: om1 3171 pos 14 st1 14 fail1 0 t4 4 t4only 0 t2only 0 rtfail 0 rcfail 0 chain 0 t3c 14 keyfail 0 [0.6 s]
#   unit {'pos': 2927, 'blk': None}: om1 3123 pos 6 st1 6 fail1 0 t4 3 t4only 0 t2only 0 rtfail 0 rcfail 0 chain 0 t3c 6 keyfail 0 [0.7 s]
#   unit {'pos': 2928, 'blk': None}: om1 3095 pos 15 st1 15 fail1 0 t4 4 t4only 0 t2only 0 rtfail 0 rcfail 0 chain 0 t3c 15 keyfail 0 [0.6 s]
#   unit {'pos': 2929, 'blk': None}: om1 3173 pos 13 st1 13 fail1 0 t4 0 t4only 0 t2only 0 rtfail 0 rcfail 0 chain 0 t3c 13 keyfail 0 [0.6 s]
#   unit {'pos': 2930, 'blk': None}: om1 3147 pos 27 st1 27 fail1 0 t4 10 t4only 0 t2only 0 rtfail 0 rcfail 0 chain 0 t3c 27 keyfail 0 [0.7 s]
#   unit {'pos': 2931, 'blk': None}: om1 3120 pos 21 st1 21 fail1 0 t4 12 t4only 0 t2only 0 rtfail 0 rcfail 0 chain 0 t3c 19 keyfail 0 [0.7 s]
#   unit {'pos': 2932, 'blk': None}: om1 3029 pos 2 st1 2 fail1 0 t4 2 t4only 0 t2only 0 rtfail 0 rcfail 0 chain 0 t3c 2 keyfail 0 [0.6 s]
#   unit {'pos': 2933, 'blk': None}: om1 3132 pos 8 st1 8 fail1 0 t4 8 t4only 0 t2only 0 rtfail 0 rcfail 0 chain 0 t3c 8 keyfail 0 [0.6 s]
#   unit {'pos': 2934, 'blk': None}: om1 3120 pos 14 st1 14 fail1 0 t4 0 t4only 0 t2only 0 rtfail 0 rcfail 0 chain 0 t3c 13 keyfail 0 [0.6 s]
#   unit {'pos': 2935, 'blk': None}: om1 3073 pos 4 st1 4 fail1 0 t4 0 t4only 0 t2only 0 rtfail 0 rcfail 0 chain 0 t3c 4 keyfail 0 [0.7 s]
#   unit {'pos': 2937, 'blk': None}: om1 3132 pos 14 st1 14 fail1 0 t4 0 t4only 0 t2only 0 rtfail 0 rcfail 0 chain 0 t3c 14 keyfail 0 [0.6 s]
#   unit {'pos': 2936, 'blk': None}: om1 3150 pos 12 st1 12 fail1 0 t4 0 t4only 0 t2only 0 rtfail 0 rcfail 0 chain 0 t3c 12 keyfail 0 [0.6 s]
#   unit {'pos': 2938, 'blk': None}: om1 3129 pos 12 st1 12 fail1 0 t4 0 t4only 0 t2only 0 rtfail 0 rcfail 0 chain 0 t3c 11 keyfail 0 [0.6 s]
#   unit {'pos': 2939, 'blk': None}: om1 3165 pos 11 st1 11 fail1 0 t4 4 t4only 0 t2only 0 rtfail 0 rcfail 0 chain 0 t3c 11 keyfail 0 [0.6 s]
#   unit {'pos': 2940, 'blk': None}: om1 3047 pos 13 st1 13 fail1 0 t4 3 t4only 0 t2only 0 rtfail 0 rcfail 0 chain 0 t3c 13 keyfail 0 [0.6 s]
#   unit {'pos': 2941, 'blk': None}: om1 3136 pos 16 st1 16 fail1 0 t4 0 t4only 0 t2only 0 rtfail 0 rcfail 0 chain 0 t3c 16 keyfail 0 [0.6 s]
#   unit {'pos': 2942, 'blk': None}: om1 3073 pos 15 st1 15 fail1 0 t4 0 t4only 0 t2only 0 rtfail 0 rcfail 0 chain 0 t3c 15 keyfail 0 [0.6 s]
#   unit {'pos': 2943, 'blk': None}: om1 3104 pos 33 st1 33 fail1 0 t4 0 t4only 0 t2only 0 rtfail 0 rcfail 0 chain 0 t3c 33 keyfail 0 [0.6 s]
#   unit {'pos': 2944, 'blk': None}: om1 3201 pos 16 st1 16 fail1 0 t4 3 t4only 0 t2only 0 rtfail 0 rcfail 0 chain 0 t3c 16 keyfail 0 [0.6 s]
#   unit {'pos': 2945, 'blk': None}: om1 3122 pos 2 st1 2 fail1 0 t4 2 t4only 0 t2only 0 rtfail 0 rcfail 0 chain 0 t3c 2 keyfail 0 [0.6 s]
#   unit {'pos': 2946, 'blk': None}: om1 3242 pos 41 st1 41 fail1 0 t4 10 t4only 0 t2only 0 rtfail 0 rcfail 0 chain 0 t3c 40 keyfail 0 [0.7 s]
#   unit {'pos': 2947, 'blk': None}: om1 3175 pos 15 st1 15 fail1 0 t4 9 t4only 0 t2only 0 rtfail 0 rcfail 0 chain 0 t3c 15 keyfail 0 [0.8 s]
#   unit {'pos': 2948, 'blk': None}: om1 3236 pos 30 st1 30 fail1 0 t4 5 t4only 0 t2only 0 rtfail 0 rcfail 0 chain 0 t3c 27 keyfail 0 [0.8 s]
#   unit {'pos': 2949, 'blk': None}: om1 3083 pos 0 st1 0 fail1 0 t4 0 t4only 0 t2only 0 rtfail 0 rcfail 0 chain 0 t3c 0 keyfail 0 [0.9 s]
#   unit {'pos': 2950, 'blk': None}: om1 3190 pos 9 st1 9 fail1 0 t4 8 t4only 0 t2only 0 rtfail 0 rcfail 0 chain 0 t3c 9 keyfail 0 [0.7 s]
#   unit {'pos': 2951, 'blk': None}: om1 3203 pos 4 st1 4 fail1 0 t4 2 t4only 0 t2only 0 rtfail 0 rcfail 0 chain 0 t3c 4 keyfail 0 [0.6 s]
#   unit {'pos': 2952, 'blk': None}: om1 3163 pos 4 st1 4 fail1 0 t4 0 t4only 0 t2only 0 rtfail 0 rcfail 0 chain 0 t3c 4 keyfail 0 [0.6 s]
#   unit {'pos': 2953, 'blk': None}: om1 3270 pos 31 st1 31 fail1 0 t4 21 t4only 0 t2only 0 rtfail 0 rcfail 0 chain 0 t3c 30 keyfail 0 [0.6 s]
#   unit {'pos': 2954, 'blk': None}: om1 3175 pos 34 st1 34 fail1 0 t4 0 t4only 0 t2only 0 rtfail 0 rcfail 0 chain 0 t3c 28 keyfail 0 [0.6 s]
#   unit {'pos': 2955, 'blk': None}: om1 3178 pos 38 st1 38 fail1 0 t4 2 t4only 0 t2only 0 rtfail 0 rcfail 0 chain 0 t3c 36 keyfail 0 [0.7 s]
#   unit {'pos': 2956, 'blk': None}: om1 3198 pos 43 st1 43 fail1 0 t4 1 t4only 0 t2only 0 rtfail 0 rcfail 0 chain 0 t3c 40 keyfail 0 [0.6 s]
#   unit {'pos': 2957, 'blk': None}: om1 3119 pos 0 st1 0 fail1 0 t4 0 t4only 0 t2only 0 rtfail 0 rcfail 0 chain 0 t3c 0 keyfail 0 [0.7 s]
#   unit {'pos': 2958, 'blk': None}: om1 3081 pos 23 st1 23 fail1 0 t4 2 t4only 0 t2only 0 rtfail 0 rcfail 0 chain 0 t3c 23 keyfail 0 [0.6 s]
#   unit {'pos': 2960, 'blk': None}: om1 3158 pos 23 st1 23 fail1 0 t4 2 t4only 0 t2only 0 rtfail 0 rcfail 0 chain 0 t3c 21 keyfail 0 [0.6 s]
#   unit {'pos': 2959, 'blk': None}: om1 3077 pos 25 st1 25 fail1 0 t4 2 t4only 0 t2only 0 rtfail 0 rcfail 0 chain 0 t3c 22 keyfail 0 [0.6 s]
#   unit {'pos': 2961, 'blk': None}: om1 3147 pos 7 st1 7 fail1 0 t4 2 t4only 0 t2only 0 rtfail 0 rcfail 0 chain 0 t3c 7 keyfail 0 [0.6 s]
#   unit {'pos': 2962, 'blk': None}: om1 3188 pos 12 st1 12 fail1 0 t4 5 t4only 0 t2only 0 rtfail 0 rcfail 0 chain 0 t3c 11 keyfail 0 [0.6 s]
#   unit {'pos': 2963, 'blk': None}: om1 3257 pos 15 st1 15 fail1 0 t4 5 t4only 0 t2only 0 rtfail 0 rcfail 0 chain 0 t3c 13 keyfail 0 [0.6 s]
#   unit {'pos': 2964, 'blk': None}: om1 3177 pos 12 st1 12 fail1 0 t4 7 t4only 0 t2only 0 rtfail 0 rcfail 0 chain 0 t3c 12 keyfail 0 [0.7 s]
#   unit {'pos': 2965, 'blk': None}: om1 3142 pos 4 st1 4 fail1 0 t4 1 t4only 0 t2only 0 rtfail 0 rcfail 0 chain 0 t3c 3 keyfail 0 [0.7 s]
#   unit {'pos': 2966, 'blk': None}: om1 3190 pos 8 st1 8 fail1 0 t4 0 t4only 0 t2only 0 rtfail 0 rcfail 0 chain 0 t3c 8 keyfail 0 [0.6 s]
#   unit {'pos': 2967, 'blk': None}: om1 3184 pos 9 st1 9 fail1 0 t4 7 t4only 0 t2only 0 rtfail 0 rcfail 0 chain 0 t3c 8 keyfail 0 [0.7 s]
#   unit {'pos': 2968, 'blk': None}: om1 3135 pos 3 st1 3 fail1 0 t4 3 t4only 0 t2only 0 rtfail 0 rcfail 0 chain 0 t3c 3 keyfail 0 [0.6 s]
#   unit {'pos': 2969, 'blk': None}: om1 3116 pos 23 st1 23 fail1 0 t4 2 t4only 0 t2only 0 rtfail 0 rcfail 0 chain 0 t3c 21 keyfail 0 [0.7 s]
#   unit {'pos': 2970, 'blk': None}: om1 3252 pos 30 st1 30 fail1 0 t4 10 t4only 0 t2only 0 rtfail 0 rcfail 0 chain 0 t3c 28 keyfail 0 [0.7 s]
#   unit {'pos': 2971, 'blk': None}: om1 3162 pos 12 st1 12 fail1 0 t4 5 t4only 0 t2only 0 rtfail 0 rcfail 0 chain 0 t3c 12 keyfail 0 [0.6 s]
#   unit {'pos': 2972, 'blk': None}: om1 3215 pos 20 st1 20 fail1 0 t4 6 t4only 0 t2only 0 rtfail 0 rcfail 0 chain 0 t3c 17 keyfail 0 [0.6 s]
#   unit {'pos': 2973, 'blk': None}: om1 3313 pos 42 st1 42 fail1 0 t4 16 t4only 0 t2only 0 rtfail 0 rcfail 0 chain 0 t3c 37 keyfail 0 [0.7 s]
#   unit {'pos': 2974, 'blk': None}: om1 3161 pos 18 st1 18 fail1 0 t4 0 t4only 0 t2only 0 rtfail 0 rcfail 0 chain 0 t3c 18 keyfail 0 [0.6 s]
#   unit {'pos': 2975, 'blk': None}: om1 3107 pos 13 st1 13 fail1 0 t4 5 t4only 0 t2only 0 rtfail 0 rcfail 0 chain 0 t3c 13 keyfail 0 [0.7 s]
#   unit {'pos': 2976, 'blk': None}: om1 3117 pos 20 st1 20 fail1 0 t4 2 t4only 0 t2only 0 rtfail 0 rcfail 0 chain 0 t3c 20 keyfail 0 [0.6 s]
#   unit {'pos': 2977, 'blk': None}: om1 3076 pos 0 st1 0 fail1 0 t4 0 t4only 0 t2only 0 rtfail 0 rcfail 0 chain 0 t3c 0 keyfail 0 [0.6 s]
#   unit {'pos': 2978, 'blk': None}: om1 3066 pos 9 st1 9 fail1 0 t4 1 t4only 0 t2only 0 rtfail 0 rcfail 0 chain 0 t3c 9 keyfail 0 [0.7 s]
#   unit {'pos': 2980, 'blk': None}: om1 3198 pos 24 st1 24 fail1 0 t4 11 t4only 0 t2only 0 rtfail 0 rcfail 0 chain 0 t3c 22 keyfail 0 [0.6 s]
#   unit {'pos': 2979, 'blk': None}: om1 3152 pos 14 st1 14 fail1 0 t4 2 t4only 0 t2only 0 rtfail 0 rcfail 0 chain 0 t3c 14 keyfail 0 [0.7 s]
#   unit {'pos': 2981, 'blk': None}: om1 3099 pos 11 st1 11 fail1 0 t4 9 t4only 0 t2only 0 rtfail 0 rcfail 0 chain 0 t3c 11 keyfail 0 [0.6 s]
#   unit {'pos': 2982, 'blk': None}: om1 3237 pos 8 st1 8 fail1 0 t4 0 t4only 0 t2only 0 rtfail 0 rcfail 0 chain 0 t3c 8 keyfail 0 [0.6 s]
#   unit {'pos': 2983, 'blk': None}: om1 3295 pos 29 st1 29 fail1 0 t4 3 t4only 0 t2only 0 rtfail 0 rcfail 0 chain 0 t3c 26 keyfail 0 [0.6 s]
#   unit {'pos': 2984, 'blk': None}: om1 3262 pos 16 st1 16 fail1 0 t4 3 t4only 0 t2only 0 rtfail 0 rcfail 0 chain 0 t3c 15 keyfail 0 [0.6 s]
#   unit {'pos': 2986, 'blk': None}: om1 3136 pos 10 st1 10 fail1 0 t4 2 t4only 0 t2only 0 rtfail 0 rcfail 0 chain 0 t3c 10 keyfail 0 [0.6 s]
#   unit {'pos': 2985, 'blk': None}: om1 3241 pos 31 st1 31 fail1 0 t4 1 t4only 0 t2only 0 rtfail 0 rcfail 0 chain 0 t3c 28 keyfail 0 [0.7 s]
#   unit {'pos': 2987, 'blk': None}: om1 3100 pos 12 st1 12 fail1 0 t4 1 t4only 0 t2only 0 rtfail 0 rcfail 0 chain 0 t3c 12 keyfail 0 [0.6 s]
#   unit {'pos': 2988, 'blk': None}: om1 3177 pos 10 st1 10 fail1 0 t4 0 t4only 0 t2only 0 rtfail 0 rcfail 0 chain 0 t3c 10 keyfail 0 [0.7 s]
#   unit {'pos': 2989, 'blk': None}: om1 3121 pos 14 st1 14 fail1 0 t4 0 t4only 0 t2only 0 rtfail 0 rcfail 0 chain 0 t3c 12 keyfail 0 [0.6 s]
#   unit {'pos': 2990, 'blk': None}: om1 3175 pos 15 st1 15 fail1 0 t4 0 t4only 0 t2only 0 rtfail 0 rcfail 0 chain 0 t3c 13 keyfail 0 [0.7 s]
#   unit {'pos': 2991, 'blk': None}: om1 3170 pos 5 st1 5 fail1 0 t4 4 t4only 0 t2only 0 rtfail 0 rcfail 0 chain 0 t3c 5 keyfail 0 [0.7 s]
#   unit {'pos': 2992, 'blk': None}: om1 3264 pos 14 st1 14 fail1 0 t4 8 t4only 0 t2only 0 rtfail 0 rcfail 0 chain 0 t3c 14 keyfail 0 [0.8 s]
#   unit {'pos': 2993, 'blk': None}: om1 3165 pos 16 st1 16 fail1 0 t4 2 t4only 0 t2only 0 rtfail 0 rcfail 0 chain 0 t3c 12 keyfail 0 [1.0 s]
#   unit {'pos': 2994, 'blk': None}: om1 3085 pos 21 st1 21 fail1 0 t4 4 t4only 0 t2only 0 rtfail 0 rcfail 0 chain 0 t3c 21 keyfail 0 [1.0 s]
#   unit {'pos': 2995, 'blk': None}: om1 3182 pos 12 st1 12 fail1 0 t4 0 t4only 0 t2only 0 rtfail 0 rcfail 0 chain 0 t3c 12 keyfail 0 [0.9 s]
#   unit {'pos': 2996, 'blk': None}: om1 3132 pos 29 st1 29 fail1 0 t4 1 t4only 0 t2only 0 rtfail 0 rcfail 0 chain 0 t3c 26 keyfail 0 [1.0 s]
#   unit {'pos': 2998, 'blk': None}: om1 3117 pos 13 st1 13 fail1 0 t4 0 t4only 0 t2only 0 rtfail 0 rcfail 0 chain 0 t3c 12 keyfail 0 [0.7 s]
#   unit {'pos': 2997, 'blk': None}: om1 3221 pos 9 st1 9 fail1 0 t4 4 t4only 0 t2only 0 rtfail 0 rcfail 0 chain 0 t3c 9 keyfail 0 [1.1 s]
#   unit {'pos': 2999, 'blk': None}: om1 3213 pos 3 st1 3 fail1 0 t4 1 t4only 0 t2only 0 rtfail 0 rcfail 0 chain 0 t3c 3 keyfail 0 [1.1 s]
#   unit {'pos': 3000, 'blk': None}: om1 3237 pos 11 st1 11 fail1 0 t4 4 t4only 0 t2only 0 rtfail 0 rcfail 0 chain 0 t3c 10 keyfail 0 [0.8 s]
#   unit {'pos': 3001, 'blk': None}: om1 3129 pos 4 st1 4 fail1 0 t4 1 t4only 0 t2only 0 rtfail 0 rcfail 0 chain 0 t3c 4 keyfail 0 [0.9 s]
#   unit {'pos': 3002, 'blk': None}: om1 3076 pos 11 st1 11 fail1 0 t4 3 t4only 0 t2only 0 rtfail 0 rcfail 0 chain 0 t3c 9 keyfail 0 [0.9 s]
#   unit {'pos': 3004, 'blk': None}: om1 3157 pos 14 st1 14 fail1 0 t4 14 t4only 0 t2only 0 rtfail 0 rcfail 0 chain 0 t3c 14 keyfail 0 [1.0 s]
#   unit {'pos': 3003, 'blk': None}: om1 3136 pos 10 st1 10 fail1 0 t4 2 t4only 0 t2only 0 rtfail 0 rcfail 0 chain 0 t3c 10 keyfail 0 [1.1 s]
#   unit {'pos': 3005, 'blk': None}: om1 3160 pos 15 st1 15 fail1 0 t4 8 t4only 0 t2only 0 rtfail 0 rcfail 0 chain 0 t3c 11 keyfail 0 [1.0 s]
#   unit {'pos': 3006, 'blk': None}: om1 3143 pos 13 st1 13 fail1 0 t4 6 t4only 0 t2only 0 rtfail 0 rcfail 0 chain 0 t3c 13 keyfail 0 [0.8 s]
#   unit {'pos': 3008, 'blk': None}: om1 3037 pos 11 st1 11 fail1 0 t4 0 t4only 0 t2only 0 rtfail 0 rcfail 0 chain 0 t3c 11 keyfail 0 [0.9 s]
#   unit {'pos': 3009, 'blk': None}: om1 3129 pos 15 st1 15 fail1 0 t4 4 t4only 0 t2only 0 rtfail 0 rcfail 0 chain 0 t3c 14 keyfail 0 [0.9 s]
#   unit {'pos': 3010, 'blk': None}: om1 3253 pos 48 st1 48 fail1 0 t4 6 t4only 0 t2only 0 rtfail 0 rcfail 0 chain 0 t3c 42 keyfail 0 [0.8 s]
#   unit {'pos': 3007, 'blk': None}: om1 3121 pos 22 st1 22 fail1 0 t4 1 t4only 0 t2only 0 rtfail 0 rcfail 0 chain 0 t3c 22 keyfail 0 [1.1 s]
#   unit {'pos': 3011, 'blk': None}: om1 3140 pos 10 st1 10 fail1 0 t4 4 t4only 0 t2only 0 rtfail 0 rcfail 0 chain 0 t3c 7 keyfail 0 [0.6 s]
#   unit {'pos': 3013, 'blk': None}: om1 3154 pos 14 st1 14 fail1 0 t4 1 t4only 0 t2only 0 rtfail 0 rcfail 0 chain 0 t3c 14 keyfail 0 [0.6 s]
#   unit {'pos': 3012, 'blk': None}: om1 3171 pos 39 st1 39 fail1 0 t4 0 t4only 0 t2only 0 rtfail 0 rcfail 0 chain 0 t3c 34 keyfail 0 [1.0 s]
#   unit {'pos': 3014, 'blk': None}: om1 3209 pos 0 st1 0 fail1 0 t4 0 t4only 0 t2only 0 rtfail 0 rcfail 0 chain 0 t3c 0 keyfail 0 [1.3 s]
#   unit {'pos': 3016, 'blk': None}: om1 3143 pos 13 st1 13 fail1 0 t4 1 t4only 0 t2only 0 rtfail 0 rcfail 0 chain 0 t3c 12 keyfail 0 [0.9 s]
#   unit {'pos': 3015, 'blk': None}: om1 3079 pos 10 st1 10 fail1 0 t4 1 t4only 0 t2only 0 rtfail 0 rcfail 0 chain 0 t3c 10 keyfail 0 [1.2 s]
#   unit {'pos': 3017, 'blk': None}: om1 3239 pos 14 st1 14 fail1 0 t4 5 t4only 0 t2only 0 rtfail 0 rcfail 0 chain 0 t3c 13 keyfail 0 [1.0 s]
#   unit {'pos': 3018, 'blk': None}: om1 3234 pos 11 st1 11 fail1 0 t4 5 t4only 0 t2only 0 rtfail 0 rcfail 0 chain 0 t3c 11 keyfail 0 [0.8 s]
#   unit {'pos': 3020, 'blk': None}: om1 3158 pos 21 st1 21 fail1 0 t4 2 t4only 0 t2only 0 rtfail 0 rcfail 0 chain 0 t3c 20 keyfail 0 [0.9 s]
#   unit {'pos': 3019, 'blk': None}: om1 3088 pos 10 st1 10 fail1 0 t4 1 t4only 0 t2only 0 rtfail 0 rcfail 0 chain 0 t3c 10 keyfail 0 [1.2 s]
#   unit {'pos': 3021, 'blk': None}: om1 3153 pos 24 st1 24 fail1 0 t4 0 t4only 0 t2only 0 rtfail 0 rcfail 0 chain 0 t3c 24 keyfail 0 [0.9 s]
#   unit {'pos': 3022, 'blk': None}: om1 3111 pos 16 st1 16 fail1 0 t4 5 t4only 0 t2only 0 rtfail 0 rcfail 0 chain 0 t3c 16 keyfail 0 [0.9 s]
#   unit {'pos': 3023, 'blk': None}: om1 3164 pos 18 st1 18 fail1 0 t4 2 t4only 0 t2only 0 rtfail 0 rcfail 0 chain 0 t3c 18 keyfail 0 [0.9 s]
#   unit {'pos': 3026, 'blk': None}: om1 3179 pos 16 st1 16 fail1 0 t4 6 t4only 0 t2only 0 rtfail 0 rcfail 0 chain 0 t3c 16 keyfail 0 [0.8 s]
#   unit {'pos': 3025, 'blk': None}: om1 3132 pos 29 st1 29 fail1 0 t4 11 t4only 0 t2only 0 rtfail 0 rcfail 0 chain 0 t3c 29 keyfail 0 [0.9 s]
#   unit {'pos': 3024, 'blk': None}: om1 3135 pos 27 st1 27 fail1 0 t4 1 t4only 0 t2only 0 rtfail 0 rcfail 0 chain 0 t3c 21 keyfail 0 [1.1 s]
#   unit {'pos': 3027, 'blk': None}: om1 3168 pos 11 st1 11 fail1 0 t4 4 t4only 0 t2only 0 rtfail 0 rcfail 0 chain 0 t3c 10 keyfail 0 [0.9 s]
#   unit {'pos': 3028, 'blk': None}: om1 3090 pos 21 st1 21 fail1 0 t4 6 t4only 0 t2only 0 rtfail 0 rcfail 0 chain 0 t3c 21 keyfail 0 [0.9 s]
#   unit {'pos': 3030, 'blk': None}: om1 3161 pos 12 st1 12 fail1 0 t4 5 t4only 0 t2only 0 rtfail 0 rcfail 0 chain 0 t3c 12 keyfail 0 [0.8 s]
#   unit {'pos': 3029, 'blk': None}: om1 3175 pos 20 st1 20 fail1 0 t4 3 t4only 0 t2only 0 rtfail 0 rcfail 0 chain 0 t3c 20 keyfail 0 [1.0 s]
#   unit {'pos': 3031, 'blk': None}: om1 3245 pos 23 st1 23 fail1 0 t4 10 t4only 0 t2only 0 rtfail 0 rcfail 0 chain 0 t3c 22 keyfail 0 [1.0 s]
#   unit {'pos': 3032, 'blk': None}: om1 3227 pos 23 st1 23 fail1 0 t4 6 t4only 0 t2only 0 rtfail 0 rcfail 0 chain 0 t3c 23 keyfail 0 [0.9 s]
#   unit {'pos': 3033, 'blk': None}: om1 3184 pos 31 st1 31 fail1 0 t4 4 t4only 0 t2only 0 rtfail 0 rcfail 0 chain 0 t3c 30 keyfail 0 [0.8 s]
#   unit {'pos': 3034, 'blk': None}: om1 3153 pos 11 st1 11 fail1 0 t4 2 t4only 0 t2only 0 rtfail 0 rcfail 0 chain 0 t3c 11 keyfail 0 [1.1 s]
#   unit {'pos': 3037, 'blk': None}: om1 3223 pos 35 st1 35 fail1 0 t4 7 t4only 0 t2only 0 rtfail 0 rcfail 0 chain 0 t3c 30 keyfail 0 [0.7 s]
#   unit {'pos': 3035, 'blk': None}: om1 3073 pos 21 st1 21 fail1 0 t4 5 t4only 0 t2only 0 rtfail 0 rcfail 0 chain 0 t3c 20 keyfail 0 [1.0 s]
#   unit {'pos': 3036, 'blk': None}: om1 3196 pos 15 st1 15 fail1 0 t4 2 t4only 0 t2only 0 rtfail 0 rcfail 0 chain 0 t3c 15 keyfail 0 [0.9 s]
#   unit {'pos': 3038, 'blk': None}: om1 3140 pos 24 st1 24 fail1 0 t4 10 t4only 0 t2only 0 rtfail 0 rcfail 0 chain 0 t3c 22 keyfail 0 [0.9 s]
#   unit {'pos': 3039, 'blk': None}: om1 3217 pos 14 st1 14 fail1 0 t4 3 t4only 0 t2only 0 rtfail 0 rcfail 0 chain 0 t3c 12 keyfail 0 [0.9 s]
#   unit {'pos': 3040, 'blk': None}: om1 3343 pos 22 st1 22 fail1 0 t4 7 t4only 0 t2only 0 rtfail 0 rcfail 0 chain 0 t3c 20 keyfail 0 [0.9 s]
#   unit {'pos': 3041, 'blk': None}: om1 3220 pos 12 st1 12 fail1 0 t4 2 t4only 0 t2only 0 rtfail 0 rcfail 0 chain 0 t3c 10 keyfail 0 [0.9 s]
#   unit {'pos': 3042, 'blk': None}: om1 3223 pos 36 st1 36 fail1 0 t4 2 t4only 0 t2only 0 rtfail 0 rcfail 0 chain 0 t3c 25 keyfail 0 [0.8 s]
#   unit {'pos': 3043, 'blk': None}: om1 3210 pos 16 st1 16 fail1 0 t4 5 t4only 0 t2only 0 rtfail 0 rcfail 0 chain 0 t3c 14 keyfail 0 [0.9 s]
#   unit {'pos': 3044, 'blk': None}: om1 3183 pos 21 st1 21 fail1 0 t4 0 t4only 0 t2only 0 rtfail 0 rcfail 0 chain 0 t3c 18 keyfail 0 [0.9 s]
#   unit {'pos': 3045, 'blk': None}: om1 3126 pos 12 st1 12 fail1 0 t4 1 t4only 0 t2only 0 rtfail 0 rcfail 0 chain 0 t3c 9 keyfail 0 [0.9 s]
#   unit {'pos': 3046, 'blk': None}: om1 3191 pos 12 st1 12 fail1 0 t4 4 t4only 0 t2only 0 rtfail 0 rcfail 0 chain 0 t3c 11 keyfail 0 [0.9 s]
#   unit {'pos': 3049, 'blk': None}: om1 3179 pos 17 st1 17 fail1 0 t4 3 t4only 0 t2only 0 rtfail 0 rcfail 0 chain 0 t3c 14 keyfail 0 [0.7 s]
#   unit {'pos': 3047, 'blk': None}: om1 3220 pos 23 st1 23 fail1 0 t4 3 t4only 0 t2only 0 rtfail 0 rcfail 0 chain 0 t3c 20 keyfail 0 [1.0 s]
#   unit {'pos': 3048, 'blk': None}: om1 3237 pos 21 st1 21 fail1 0 t4 8 t4only 0 t2only 0 rtfail 0 rcfail 0 chain 0 t3c 20 keyfail 0 [1.0 s]
#   unit {'pos': 3050, 'blk': None}: om1 3218 pos 26 st1 26 fail1 0 t4 1 t4only 0 t2only 0 rtfail 0 rcfail 0 chain 0 t3c 26 keyfail 0 [1.1 s]
#   unit {'pos': 3052, 'blk': None}: om1 3205 pos 18 st1 18 fail1 0 t4 1 t4only 0 t2only 0 rtfail 0 rcfail 0 chain 0 t3c 17 keyfail 0 [0.7 s]
#   unit {'pos': 3051, 'blk': None}: om1 3088 pos 13 st1 13 fail1 0 t4 1 t4only 0 t2only 0 rtfail 0 rcfail 0 chain 0 t3c 12 keyfail 0 [1.0 s]
#   unit {'pos': 3053, 'blk': None}: om1 3111 pos 31 st1 31 fail1 0 t4 0 t4only 0 t2only 0 rtfail 0 rcfail 0 chain 0 t3c 26 keyfail 0 [1.0 s]
#   unit {'pos': 3054, 'blk': None}: om1 3155 pos 19 st1 19 fail1 0 t4 0 t4only 0 t2only 0 rtfail 0 rcfail 0 chain 0 t3c 16 keyfail 0 [0.8 s]
#   unit {'pos': 3056, 'blk': None}: om1 3172 pos 16 st1 16 fail1 0 t4 1 t4only 0 t2only 0 rtfail 0 rcfail 0 chain 0 t3c 16 keyfail 0 [1.0 s]
#   unit {'pos': 3055, 'blk': None}: om1 3110 pos 23 st1 23 fail1 0 t4 3 t4only 0 t2only 0 rtfail 0 rcfail 0 chain 0 t3c 22 keyfail 0 [1.1 s]
#   unit {'pos': 3057, 'blk': None}: om1 3105 pos 15 st1 15 fail1 0 t4 0 t4only 0 t2only 0 rtfail 0 rcfail 0 chain 0 t3c 12 keyfail 0 [1.2 s]
#   unit {'pos': 3058, 'blk': None}: om1 3205 pos 25 st1 25 fail1 0 t4 4 t4only 0 t2only 0 rtfail 0 rcfail 0 chain 0 t3c 24 keyfail 0 [0.9 s]
#   unit {'pos': 3059, 'blk': None}: om1 3333 pos 29 st1 29 fail1 0 t4 10 t4only 0 t2only 0 rtfail 0 rcfail 0 chain 0 t3c 28 keyfail 0 [0.9 s]
#   unit {'pos': 3060, 'blk': None}: om1 3249 pos 24 st1 24 fail1 0 t4 5 t4only 0 t2only 0 rtfail 0 rcfail 0 chain 0 t3c 23 keyfail 0 [0.9 s]
#   unit {'pos': 3061, 'blk': None}: om1 3179 pos 32 st1 32 fail1 0 t4 1 t4only 0 t2only 0 rtfail 0 rcfail 0 chain 0 t3c 31 keyfail 0 [0.8 s]
#   unit {'pos': 3062, 'blk': None}: om1 3124 pos 31 st1 31 fail1 0 t4 0 t4only 0 t2only 0 rtfail 0 rcfail 0 chain 0 t3c 29 keyfail 0 [1.0 s]
#   unit {'pos': 3063, 'blk': None}: om1 3076 pos 17 st1 17 fail1 0 t4 0 t4only 0 t2only 0 rtfail 0 rcfail 0 chain 0 t3c 16 keyfail 0 [0.9 s]
#   unit {'pos': 3064, 'blk': None}: om1 3171 pos 37 st1 37 fail1 0 t4 0 t4only 0 t2only 0 rtfail 0 rcfail 0 chain 0 t3c 37 keyfail 0 [0.9 s]
#   unit {'pos': 3065, 'blk': None}: om1 3100 pos 11 st1 11 fail1 0 t4 2 t4only 0 t2only 0 rtfail 0 rcfail 0 chain 0 t3c 11 keyfail 0 [0.8 s]
#   unit {'pos': 3068, 'blk': None}: om1 3154 pos 30 st1 30 fail1 0 t4 0 t4only 0 t2only 0 rtfail 0 rcfail 0 chain 0 t3c 30 keyfail 0 [0.7 s]
#   unit {'pos': 3066, 'blk': None}: om1 3196 pos 33 st1 33 fail1 0 t4 4 t4only 0 t2only 0 rtfail 0 rcfail 0 chain 0 t3c 30 keyfail 0 [1.1 s]
#   unit {'pos': 3069, 'blk': None}: om1 3174 pos 44 st1 44 fail1 0 t4 13 t4only 0 t2only 0 rtfail 0 rcfail 0 chain 0 t3c 44 keyfail 0 [0.7 s]
#   unit {'pos': 3067, 'blk': None}: om1 3168 pos 23 st1 23 fail1 0 t4 4 t4only 0 t2only 0 rtfail 0 rcfail 0 chain 0 t3c 23 keyfail 0 [1.0 s]
#   unit {'pos': 3072, 'blk': None}: om1 3121 pos 33 st1 33 fail1 0 t4 1 t4only 0 t2only 0 rtfail 0 rcfail 0 chain 0 t3c 32 keyfail 0 [0.8 s]
#   unit {'pos': 3073, 'blk': None}: om1 3106 pos 20 st1 20 fail1 0 t4 0 t4only 0 t2only 0 rtfail 0 rcfail 0 chain 0 t3c 18 keyfail 0 [0.8 s]
#   unit {'pos': 3071, 'blk': None}: om1 3091 pos 24 st1 24 fail1 0 t4 1 t4only 0 t2only 0 rtfail 0 rcfail 0 chain 0 t3c 23 keyfail 0 [0.9 s]
#   unit {'pos': 3070, 'blk': None}: om1 3131 pos 55 st1 55 fail1 0 t4 8 t4only 0 t2only 0 rtfail 0 rcfail 0 chain 0 t3c 52 keyfail 0 [1.0 s]
#   unit {'pos': 3077, 'blk': None}: om1 3136 pos 25 st1 25 fail1 0 t4 0 t4only 0 t2only 0 rtfail 0 rcfail 0 chain 0 t3c 21 keyfail 0 [0.8 s]
#   unit {'pos': 3075, 'blk': None}: om1 3196 pos 15 st1 15 fail1 0 t4 3 t4only 0 t2only 0 rtfail 0 rcfail 0 chain 0 t3c 9 keyfail 0 [0.8 s]
#   unit {'pos': 3076, 'blk': None}: om1 3153 pos 25 st1 25 fail1 0 t4 2 t4only 0 t2only 0 rtfail 0 rcfail 0 chain 0 t3c 24 keyfail 0 [0.8 s]
#   unit {'pos': 3074, 'blk': None}: om1 3086 pos 14 st1 14 fail1 0 t4 2 t4only 0 t2only 0 rtfail 0 rcfail 0 chain 0 t3c 12 keyfail 0 [1.0 s]
#   unit {'pos': 3079, 'blk': None}: om1 3145 pos 20 st1 20 fail1 0 t4 1 t4only 0 t2only 0 rtfail 0 rcfail 0 chain 0 t3c 15 keyfail 0 [0.8 s]
#   unit {'pos': 3078, 'blk': None}: om1 3143 pos 15 st1 15 fail1 0 t4 0 t4only 0 t2only 0 rtfail 0 rcfail 0 chain 0 t3c 11 keyfail 0 [0.8 s]
#   unit {'pos': 3081, 'blk': None}: om1 3091 pos 40 st1 40 fail1 0 t4 6 t4only 0 t2only 0 rtfail 0 rcfail 0 chain 0 t3c 40 keyfail 0 [0.8 s]
#   unit {'pos': 3080, 'blk': None}: om1 3074 pos 18 st1 18 fail1 0 t4 0 t4only 0 t2only 0 rtfail 0 rcfail 0 chain 0 t3c 17 keyfail 0 [1.0 s]
#   unit {'pos': 3083, 'blk': None}: om1 3141 pos 1 st1 1 fail1 0 t4 1 t4only 0 t2only 0 rtfail 0 rcfail 0 chain 0 t3c 1 keyfail 0 [0.9 s]
#   unit {'pos': 3084, 'blk': None}: om1 3113 pos 34 st1 34 fail1 0 t4 4 t4only 0 t2only 0 rtfail 0 rcfail 0 chain 0 t3c 34 keyfail 0 [0.8 s]
#   unit {'pos': 3082, 'blk': None}: om1 3095 pos 11 st1 11 fail1 0 t4 0 t4only 0 t2only 0 rtfail 0 rcfail 0 chain 0 t3c 11 keyfail 0 [1.0 s]
#   unit {'pos': 3085, 'blk': None}: om1 3034 pos 17 st1 17 fail1 0 t4 5 t4only 0 t2only 0 rtfail 0 rcfail 0 chain 0 t3c 16 keyfail 0 [0.9 s]
#   unit {'pos': 3086, 'blk': None}: om1 3220 pos 15 st1 15 fail1 0 t4 4 t4only 0 t2only 0 rtfail 0 rcfail 0 chain 0 t3c 13 keyfail 0 [0.9 s]
#   unit {'pos': 3087, 'blk': None}: om1 3085 pos 18 st1 18 fail1 0 t4 0 t4only 0 t2only 0 rtfail 0 rcfail 0 chain 0 t3c 17 keyfail 0 [1.1 s]
#   unit {'pos': 3088, 'blk': None}: om1 3124 pos 17 st1 17 fail1 0 t4 0 t4only 0 t2only 0 rtfail 0 rcfail 0 chain 0 t3c 17 keyfail 0 [1.1 s]
#   unit {'pos': 3089, 'blk': None}: om1 3073 pos 14 st1 14 fail1 0 t4 6 t4only 0 t2only 0 rtfail 0 rcfail 0 chain 0 t3c 14 keyfail 0 [1.3 s]
#   unit {'pos': 3090, 'blk': None}: om1 3226 pos 49 st1 49 fail1 0 t4 9 t4only 0 t2only 0 rtfail 0 rcfail 0 chain 0 t3c 49 keyfail 0 [1.1 s]
#   unit {'pos': 3092, 'blk': None}: om1 3112 pos 38 st1 38 fail1 0 t4 2 t4only 0 t2only 0 rtfail 0 rcfail 0 chain 0 t3c 37 keyfail 0 [1.0 s]
#   unit {'pos': 3091, 'blk': None}: om1 3103 pos 23 st1 23 fail1 0 t4 7 t4only 0 t2only 0 rtfail 0 rcfail 0 chain 0 t3c 23 keyfail 0 [1.2 s]
#   unit {'pos': 3093, 'blk': None}: om1 3067 pos 16 st1 16 fail1 0 t4 0 t4only 0 t2only 0 rtfail 0 rcfail 0 chain 0 t3c 16 keyfail 0 [1.1 s]
#   unit {'pos': 3094, 'blk': None}: om1 3019 pos 10 st1 10 fail1 0 t4 0 t4only 0 t2only 0 rtfail 0 rcfail 0 chain 0 t3c 10 keyfail 0 [0.9 s]
#   unit {'pos': 3095, 'blk': None}: om1 3031 pos 15 st1 15 fail1 0 t4 1 t4only 0 t2only 0 rtfail 0 rcfail 0 chain 0 t3c 15 keyfail 0 [0.9 s]
#   unit {'pos': 3096, 'blk': None}: om1 2980 pos 15 st1 15 fail1 0 t4 0 t4only 0 t2only 0 rtfail 0 rcfail 0 chain 0 t3c 15 keyfail 0 [1.0 s]
#   unit {'pos': 3097, 'blk': None}: om1 3007 pos 23 st1 23 fail1 0 t4 3 t4only 0 t2only 0 rtfail 0 rcfail 0 chain 0 t3c 23 keyfail 0 [0.8 s]
#   unit {'pos': 3099, 'blk': None}: om1 2934 pos 5 st1 5 fail1 0 t4 1 t4only 0 t2only 0 rtfail 0 rcfail 0 chain 0 t3c 1 keyfail 0 [0.8 s]
#   unit {'pos': 3098, 'blk': None}: om1 3012 pos 8 st1 8 fail1 0 t4 5 t4only 0 t2only 0 rtfail 0 rcfail 0 chain 0 t3c 8 keyfail 0 [0.9 s]
#   unit {'pos': 3100, 'blk': None}: om1 3007 pos 33 st1 33 fail1 0 t4 6 t4only 0 t2only 0 rtfail 0 rcfail 0 chain 0 t3c 33 keyfail 0 [1.1 s]
#   unit {'pos': 3101, 'blk': None}: om1 2952 pos 17 st1 17 fail1 0 t4 9 t4only 0 t2only 0 rtfail 0 rcfail 0 chain 0 t3c 17 keyfail 0 [1.1 s]
#   unit {'pos': 3103, 'blk': None}: om1 2931 pos 6 st1 6 fail1 0 t4 0 t4only 0 t2only 0 rtfail 0 rcfail 0 chain 0 t3c 6 keyfail 0 [0.8 s]
#   unit {'pos': 3102, 'blk': None}: om1 2980 pos 24 st1 24 fail1 0 t4 0 t4only 0 t2only 0 rtfail 0 rcfail 0 chain 0 t3c 24 keyfail 0 [0.9 s]
#   unit {'pos': 3104, 'blk': None}: om1 2959 pos 22 st1 22 fail1 0 t4 0 t4only 0 t2only 0 rtfail 0 rcfail 0 chain 0 t3c 22 keyfail 0 [1.0 s]
#   unit {'pos': 3106, 'blk': None}: om1 2921 pos 24 st1 24 fail1 0 t4 0 t4only 0 t2only 0 rtfail 0 rcfail 0 chain 0 t3c 24 keyfail 0 [0.8 s]
#   unit {'pos': 3105, 'blk': None}: om1 2939 pos 7 st1 7 fail1 0 t4 0 t4only 0 t2only 0 rtfail 0 rcfail 0 chain 0 t3c 7 keyfail 0 [1.2 s]
#   unit {'pos': 3107, 'blk': None}: om1 3010 pos 8 st1 8 fail1 0 t4 2 t4only 0 t2only 0 rtfail 0 rcfail 0 chain 0 t3c 8 keyfail 0 [0.9 s]
#   unit {'pos': 3108, 'blk': None}: om1 3044 pos 33 st1 33 fail1 0 t4 14 t4only 0 t2only 0 rtfail 0 rcfail 0 chain 0 t3c 33 keyfail 0 [0.8 s]
#   unit {'pos': 3109, 'blk': None}: om1 2991 pos 11 st1 11 fail1 0 t4 7 t4only 0 t2only 0 rtfail 0 rcfail 0 chain 0 t3c 11 keyfail 0 [1.0 s]
#   unit {'pos': 3110, 'blk': None}: om1 3088 pos 5 st1 5 fail1 0 t4 2 t4only 0 t2only 0 rtfail 0 rcfail 0 chain 0 t3c 3 keyfail 0 [1.0 s]
#   unit {'pos': 3111, 'blk': None}: om1 3011 pos 1 st1 1 fail1 0 t4 1 t4only 0 t2only 0 rtfail 0 rcfail 0 chain 0 t3c 1 keyfail 0 [1.1 s]
#   unit {'pos': 3113, 'blk': None}: om1 3020 pos 10 st1 10 fail1 0 t4 0 t4only 0 t2only 0 rtfail 0 rcfail 0 chain 0 t3c 10 keyfail 0 [0.8 s]
#   unit {'pos': 3112, 'blk': None}: om1 3031 pos 24 st1 24 fail1 0 t4 7 t4only 0 t2only 0 rtfail 0 rcfail 0 chain 0 t3c 21 keyfail 0 [1.1 s]
#   unit {'pos': 3114, 'blk': None}: om1 3016 pos 8 st1 8 fail1 0 t4 1 t4only 0 t2only 0 rtfail 0 rcfail 0 chain 0 t3c 5 keyfail 0 [0.9 s]
#   unit {'pos': 3115, 'blk': None}: om1 3041 pos 16 st1 16 fail1 0 t4 1 t4only 0 t2only 0 rtfail 0 rcfail 0 chain 0 t3c 16 keyfail 0 [1.1 s]
#   unit {'pos': 3117, 'blk': None}: om1 3038 pos 6 st1 6 fail1 0 t4 0 t4only 0 t2only 0 rtfail 0 rcfail 0 chain 0 t3c 6 keyfail 0 [0.8 s]
#   unit {'pos': 3116, 'blk': None}: om1 3002 pos 9 st1 9 fail1 0 t4 2 t4only 0 t2only 0 rtfail 0 rcfail 0 chain 0 t3c 7 keyfail 0 [1.0 s]
#   unit {'pos': 3119, 'blk': None}: om1 2966 pos 20 st1 20 fail1 0 t4 1 t4only 0 t2only 0 rtfail 0 rcfail 0 chain 0 t3c 20 keyfail 0 [0.9 s]
#   unit {'pos': 3118, 'blk': None}: om1 3099 pos 0 st1 0 fail1 0 t4 0 t4only 0 t2only 0 rtfail 0 rcfail 0 chain 0 t3c 0 keyfail 0 [1.3 s]
#   unit {'pos': 3120, 'blk': None}: om1 3019 pos 9 st1 9 fail1 0 t4 4 t4only 0 t2only 0 rtfail 0 rcfail 0 chain 0 t3c 9 keyfail 0 [1.0 s]
#   unit {'pos': 3121, 'blk': None}: om1 3068 pos 15 st1 15 fail1 0 t4 4 t4only 0 t2only 0 rtfail 0 rcfail 0 chain 0 t3c 13 keyfail 0 [1.1 s]
#   unit {'pos': 3123, 'blk': None}: om1 3001 pos 27 st1 27 fail1 0 t4 1 t4only 0 t2only 0 rtfail 0 rcfail 0 chain 0 t3c 24 keyfail 0 [1.1 s]
#   unit {'pos': 3122, 'blk': None}: om1 2993 pos 0 st1 0 fail1 0 t4 0 t4only 0 t2only 0 rtfail 0 rcfail 0 chain 0 t3c 0 keyfail 0 [1.1 s]
#   unit {'pos': 3124, 'blk': None}: om1 3049 pos 13 st1 13 fail1 0 t4 0 t4only 0 t2only 0 rtfail 0 rcfail 0 chain 0 t3c 12 keyfail 0 [1.5 s]
#   unit {'pos': 3125, 'blk': None}: om1 3031 pos 29 st1 29 fail1 0 t4 4 t4only 0 t2only 0 rtfail 0 rcfail 0 chain 0 t3c 26 keyfail 0 [1.3 s]
#   unit {'pos': 3127, 'blk': None}: om1 3001 pos 1 st1 1 fail1 0 t4 1 t4only 0 t2only 0 rtfail 0 rcfail 0 chain 0 t3c 1 keyfail 0 [1.0 s]
#   unit {'pos': 3126, 'blk': None}: om1 3041 pos 25 st1 25 fail1 0 t4 1 t4only 0 t2only 0 rtfail 0 rcfail 0 chain 0 t3c 25 keyfail 0 [1.4 s]
#   unit {'pos': 3128, 'blk': None}: om1 3054 pos 29 st1 29 fail1 0 t4 0 t4only 0 t2only 0 rtfail 0 rcfail 0 chain 0 t3c 26 keyfail 0 [1.3 s]
#   unit {'pos': 3131, 'blk': None}: om1 2974 pos 5 st1 5 fail1 0 t4 0 t4only 0 t2only 0 rtfail 0 rcfail 0 chain 0 t3c 3 keyfail 0 [1.1 s]
#   unit {'pos': 3129, 'blk': None}: om1 2999 pos 2 st1 2 fail1 0 t4 0 t4only 0 t2only 0 rtfail 0 rcfail 0 chain 0 t3c 2 keyfail 0 [1.9 s]
#   unit {'pos': 3130, 'blk': None}: om1 3019 pos 31 st1 31 fail1 0 t4 0 t4only 0 t2only 0 rtfail 0 rcfail 0 chain 0 t3c 27 keyfail 0 [1.7 s]
#   unit {'pos': 3132, 'blk': None}: om1 3054 pos 17 st1 17 fail1 0 t4 0 t4only 0 t2only 0 rtfail 0 rcfail 0 chain 0 t3c 17 keyfail 0 [1.5 s]
#   unit {'pos': 3133, 'blk': None}: om1 3052 pos 2 st1 2 fail1 0 t4 2 t4only 0 t2only 0 rtfail 0 rcfail 0 chain 0 t3c 2 keyfail 0 [1.4 s]
#   unit {'pos': 3134, 'blk': None}: om1 3059 pos 11 st1 11 fail1 0 t4 1 t4only 0 t2only 0 rtfail 0 rcfail 0 chain 0 t3c 9 keyfail 0 [1.4 s]
#   unit {'pos': 3135, 'blk': None}: om1 3087 pos 11 st1 11 fail1 0 t4 0 t4only 0 t2only 0 rtfail 0 rcfail 0 chain 0 t3c 11 keyfail 0 [1.4 s]
#   unit {'pos': 3136, 'blk': None}: om1 3001 pos 10 st1 10 fail1 0 t4 3 t4only 0 t2only 0 rtfail 0 rcfail 0 chain 0 t3c 10 keyfail 0 [1.2 s]
#   unit {'pos': 3137, 'blk': None}: om1 3100 pos 15 st1 15 fail1 0 t4 3 t4only 0 t2only 0 rtfail 0 rcfail 0 chain 0 t3c 14 keyfail 0 [1.3 s]
#   unit {'pos': 3138, 'blk': None}: om1 3088 pos 7 st1 7 fail1 0 t4 2 t4only 0 t2only 0 rtfail 0 rcfail 0 chain 0 t3c 6 keyfail 0 [1.3 s]
#   unit {'pos': 3139, 'blk': None}: om1 3110 pos 10 st1 10 fail1 0 t4 0 t4only 0 t2only 0 rtfail 0 rcfail 0 chain 0 t3c 9 keyfail 0 [1.3 s]
#   unit {'pos': 3140, 'blk': None}: om1 3080 pos 19 st1 19 fail1 0 t4 4 t4only 0 t2only 0 rtfail 0 rcfail 0 chain 0 t3c 18 keyfail 0 [1.4 s]
#   unit {'pos': 3141, 'blk': None}: om1 3059 pos 17 st1 17 fail1 0 t4 0 t4only 0 t2only 0 rtfail 0 rcfail 0 chain 0 t3c 16 keyfail 0 [1.4 s]
#   unit {'pos': 3143, 'blk': None}: om1 3043 pos 8 st1 8 fail1 0 t4 0 t4only 0 t2only 0 rtfail 0 rcfail 0 chain 0 t3c 7 keyfail 0 [1.3 s]
#   unit {'pos': 3142, 'blk': None}: om1 3030 pos 18 st1 18 fail1 0 t4 0 t4only 0 t2only 0 rtfail 0 rcfail 0 chain 0 t3c 17 keyfail 0 [1.4 s]
#   unit {'pos': 3144, 'blk': None}: om1 3062 pos 18 st1 18 fail1 0 t4 0 t4only 0 t2only 0 rtfail 0 rcfail 0 chain 0 t3c 14 keyfail 0 [1.5 s]
#   unit {'pos': 3145, 'blk': None}: om1 3053 pos 10 st1 10 fail1 0 t4 0 t4only 0 t2only 0 rtfail 0 rcfail 0 chain 0 t3c 10 keyfail 0 [1.4 s]
#   unit {'pos': 3146, 'blk': None}: om1 3051 pos 19 st1 19 fail1 0 t4 0 t4only 0 t2only 0 rtfail 0 rcfail 0 chain 0 t3c 19 keyfail 0 [1.4 s]
#   unit {'pos': 3147, 'blk': None}: om1 3024 pos 10 st1 10 fail1 0 t4 0 t4only 0 t2only 0 rtfail 0 rcfail 0 chain 0 t3c 4 keyfail 0 [1.6 s]
#   unit {'pos': 3148, 'blk': None}: om1 3003 pos 13 st1 13 fail1 0 t4 0 t4only 0 t2only 0 rtfail 0 rcfail 0 chain 0 t3c 13 keyfail 0 [1.3 s]
#   unit {'pos': 3149, 'blk': None}: om1 3004 pos 9 st1 9 fail1 0 t4 0 t4only 0 t2only 0 rtfail 0 rcfail 0 chain 0 t3c 9 keyfail 0 [1.2 s]
#   unit {'pos': 3150, 'blk': None}: om1 2982 pos 1 st1 1 fail1 0 t4 1 t4only 0 t2only 0 rtfail 0 rcfail 0 chain 0 t3c 1 keyfail 0 [1.6 s]
#   unit {'pos': 3151, 'blk': None}: om1 2999 pos 3 st1 3 fail1 0 t4 3 t4only 0 t2only 0 rtfail 0 rcfail 0 chain 0 t3c 3 keyfail 0 [1.5 s]
#   unit {'pos': 3152, 'blk': None}: om1 3051 pos 13 st1 13 fail1 0 t4 8 t4only 0 t2only 0 rtfail 0 rcfail 0 chain 0 t3c 13 keyfail 0 [1.6 s]
#   unit {'pos': 3153, 'blk': None}: om1 3095 pos 11 st1 11 fail1 0 t4 0 t4only 0 t2only 0 rtfail 0 rcfail 0 chain 0 t3c 11 keyfail 0 [1.5 s]
#   unit {'pos': 3154, 'blk': None}: om1 2971 pos 5 st1 5 fail1 0 t4 1 t4only 0 t2only 0 rtfail 0 rcfail 0 chain 0 t3c 5 keyfail 0 [1.3 s]
#   unit {'pos': 3155, 'blk': None}: om1 3046 pos 9 st1 9 fail1 0 t4 1 t4only 0 t2only 0 rtfail 0 rcfail 0 chain 0 t3c 8 keyfail 0 [1.4 s]
#   unit {'pos': 3156, 'blk': None}: om1 3041 pos 7 st1 7 fail1 0 t4 3 t4only 0 t2only 0 rtfail 0 rcfail 0 chain 0 t3c 7 keyfail 0 [1.5 s]
#   unit {'pos': 3157, 'blk': None}: om1 2999 pos 28 st1 28 fail1 0 t4 0 t4only 0 t2only 0 rtfail 0 rcfail 0 chain 0 t3c 28 keyfail 0 [1.5 s]
#   unit {'pos': 3158, 'blk': None}: om1 3109 pos 12 st1 12 fail1 0 t4 6 t4only 0 t2only 0 rtfail 0 rcfail 0 chain 0 t3c 11 keyfail 0 [1.1 s]
#   unit {'pos': 3159, 'blk': None}: om1 3041 pos 5 st1 5 fail1 0 t4 1 t4only 0 t2only 0 rtfail 0 rcfail 0 chain 0 t3c 5 keyfail 0 [1.5 s]
#   unit {'pos': 3161, 'blk': None}: om1 3069 pos 19 st1 19 fail1 0 t4 0 t4only 0 t2only 0 rtfail 0 rcfail 0 chain 0 t3c 17 keyfail 0 [1.5 s]
#   unit {'pos': 3160, 'blk': None}: om1 3092 pos 18 st1 18 fail1 0 t4 7 t4only 0 t2only 0 rtfail 0 rcfail 0 chain 0 t3c 18 keyfail 0 [1.5 s]
#   unit {'pos': 3162, 'blk': None}: om1 3042 pos 17 st1 17 fail1 0 t4 0 t4only 0 t2only 0 rtfail 0 rcfail 0 chain 0 t3c 17 keyfail 0 [1.6 s]
#   unit {'pos': 3163, 'blk': None}: om1 3019 pos 37 st1 37 fail1 0 t4 4 t4only 0 t2only 0 rtfail 0 rcfail 0 chain 0 t3c 35 keyfail 0 [1.3 s]
#   unit {'pos': 3164, 'blk': None}: om1 3000 pos 7 st1 7 fail1 0 t4 2 t4only 0 t2only 0 rtfail 0 rcfail 0 chain 0 t3c 7 keyfail 0 [1.8 s]
#   unit {'pos': 3165, 'blk': None}: om1 3101 pos 20 st1 20 fail1 0 t4 0 t4only 0 t2only 0 rtfail 0 rcfail 0 chain 0 t3c 20 keyfail 0 [2.0 s]
#   unit {'pos': 3166, 'blk': None}: om1 3050 pos 17 st1 17 fail1 0 t4 4 t4only 0 t2only 0 rtfail 0 rcfail 0 chain 0 t3c 12 keyfail 0 [1.8 s]
#   unit {'pos': 3167, 'blk': None}: om1 3053 pos 11 st1 11 fail1 0 t4 0 t4only 0 t2only 0 rtfail 0 rcfail 0 chain 0 t3c 11 keyfail 0 [1.8 s]
#   unit {'pos': 3168, 'blk': None}: om1 2942 pos 10 st1 10 fail1 0 t4 0 t4only 0 t2only 0 rtfail 0 rcfail 0 chain 0 t3c 9 keyfail 0 [1.6 s]
#   unit {'pos': 3169, 'blk': None}: om1 3054 pos 18 st1 18 fail1 0 t4 2 t4only 0 t2only 0 rtfail 0 rcfail 0 chain 0 t3c 17 keyfail 0 [1.7 s]
#   unit {'pos': 3170, 'blk': None}: om1 3107 pos 31 st1 31 fail1 0 t4 4 t4only 0 t2only 0 rtfail 0 rcfail 0 chain 0 t3c 24 keyfail 0 [1.9 s]
#   unit {'pos': 3171, 'blk': None}: om1 3040 pos 25 st1 25 fail1 0 t4 0 t4only 0 t2only 0 rtfail 0 rcfail 0 chain 0 t3c 22 keyfail 0 [1.6 s]
#   unit {'pos': 3172, 'blk': None}: om1 3008 pos 10 st1 10 fail1 0 t4 1 t4only 0 t2only 0 rtfail 0 rcfail 0 chain 0 t3c 9 keyfail 0 [1.1 s]
#   unit {'pos': 3174, 'blk': None}: om1 2973 pos 16 st1 16 fail1 0 t4 0 t4only 0 t2only 0 rtfail 0 rcfail 0 chain 0 t3c 16 keyfail 0 [1.2 s]
#   unit {'pos': 3173, 'blk': None}: om1 3106 pos 17 st1 17 fail1 0 t4 0 t4only 0 t2only 0 rtfail 0 rcfail 0 chain 0 t3c 17 keyfail 0 [1.5 s]
#   unit {'pos': 3175, 'blk': None}: om1 3079 pos 4 st1 4 fail1 0 t4 0 t4only 0 t2only 0 rtfail 0 rcfail 0 chain 0 t3c 4 keyfail 0 [1.3 s]
#   unit {'pos': 3176, 'blk': None}: om1 3029 pos 9 st1 9 fail1 0 t4 0 t4only 0 t2only 0 rtfail 0 rcfail 0 chain 0 t3c 8 keyfail 0 [1.5 s]
#   unit {'pos': 3177, 'blk': None}: om1 3017 pos 12 st1 12 fail1 0 t4 0 t4only 0 t2only 0 rtfail 0 rcfail 0 chain 0 t3c 12 keyfail 0 [1.4 s]
#   unit {'pos': 3178, 'blk': None}: om1 3017 pos 14 st1 14 fail1 0 t4 0 t4only 0 t2only 0 rtfail 0 rcfail 0 chain 0 t3c 14 keyfail 0 [1.3 s]
#   unit {'pos': 3179, 'blk': None}: om1 3042 pos 21 st1 21 fail1 0 t4 0 t4only 0 t2only 0 rtfail 0 rcfail 0 chain 0 t3c 19 keyfail 0 [1.4 s]
#   unit {'pos': 3180, 'blk': None}: om1 2988 pos 7 st1 7 fail1 0 t4 0 t4only 0 t2only 0 rtfail 0 rcfail 0 chain 0 t3c 7 keyfail 0 [1.4 s]
#   unit {'pos': 3181, 'blk': None}: om1 3083 pos 14 st1 14 fail1 0 t4 0 t4only 0 t2only 0 rtfail 0 rcfail 0 chain 0 t3c 14 keyfail 0 [1.4 s]
#   unit {'pos': 3182, 'blk': None}: om1 2973 pos 10 st1 10 fail1 0 t4 6 t4only 0 t2only 0 rtfail 0 rcfail 0 chain 0 t3c 7 keyfail 0 [1.5 s]
#   unit {'pos': 3183, 'blk': None}: om1 3087 pos 15 st1 15 fail1 0 t4 1 t4only 0 t2only 0 rtfail 0 rcfail 0 chain 0 t3c 11 keyfail 0 [1.4 s]
#   unit {'pos': 3184, 'blk': None}: om1 3006 pos 4 st1 4 fail1 0 t4 4 t4only 0 t2only 0 rtfail 0 rcfail 0 chain 0 t3c 4 keyfail 0 [1.4 s]
#   unit {'pos': 3185, 'blk': None}: om1 3023 pos 26 st1 26 fail1 0 t4 0 t4only 0 t2only 0 rtfail 0 rcfail 0 chain 0 t3c 24 keyfail 0 [1.2 s]
#   unit {'pos': 3186, 'blk': None}: om1 3026 pos 9 st1 9 fail1 0 t4 0 t4only 0 t2only 0 rtfail 0 rcfail 0 chain 0 t3c 9 keyfail 0 [1.4 s]
#   unit {'pos': 3187, 'blk': None}: om1 2927 pos 8 st1 8 fail1 0 t4 0 t4only 0 t2only 0 rtfail 0 rcfail 0 chain 0 t3c 8 keyfail 0 [1.4 s]
#   unit {'pos': 3188, 'blk': None}: om1 2982 pos 14 st1 14 fail1 0 t4 0 t4only 0 t2only 0 rtfail 0 rcfail 0 chain 0 t3c 14 keyfail 0 [1.4 s]
#   unit {'pos': 3189, 'blk': None}: om1 3036 pos 24 st1 24 fail1 0 t4 5 t4only 0 t2only 0 rtfail 0 rcfail 0 chain 0 t3c 24 keyfail 0 [1.4 s]
#   unit {'pos': 3190, 'blk': None}: om1 3059 pos 25 st1 25 fail1 0 t4 2 t4only 0 t2only 0 rtfail 0 rcfail 0 chain 0 t3c 22 keyfail 0 [1.3 s]
#   unit {'pos': 3191, 'blk': None}: om1 2965 pos 7 st1 7 fail1 0 t4 0 t4only 0 t2only 0 rtfail 0 rcfail 0 chain 0 t3c 6 keyfail 0 [1.4 s]
#   unit {'pos': 3192, 'blk': None}: om1 3024 pos 14 st1 14 fail1 0 t4 5 t4only 0 t2only 0 rtfail 0 rcfail 0 chain 0 t3c 14 keyfail 0 [1.3 s]
#   unit {'pos': 3193, 'blk': None}: om1 3120 pos 11 st1 11 fail1 0 t4 2 t4only 0 t2only 0 rtfail 0 rcfail 0 chain 0 t3c 10 keyfail 0 [1.3 s]
#   unit {'pos': 3194, 'blk': None}: om1 3054 pos 9 st1 9 fail1 0 t4 1 t4only 0 t2only 0 rtfail 0 rcfail 0 chain 0 t3c 8 keyfail 0 [1.2 s]
#   unit {'pos': 3195, 'blk': None}: om1 3011 pos 2 st1 2 fail1 0 t4 0 t4only 0 t2only 0 rtfail 0 rcfail 0 chain 0 t3c 2 keyfail 0 [1.4 s]
#   unit {'pos': 3196, 'blk': None}: om1 2920 pos 1 st1 1 fail1 0 t4 1 t4only 0 t2only 0 rtfail 0 rcfail 0 chain 0 t3c 1 keyfail 0 [1.4 s]
#   unit {'pos': 3197, 'blk': None}: om1 2996 pos 10 st1 10 fail1 0 t4 0 t4only 0 t2only 0 rtfail 0 rcfail 0 chain 0 t3c 10 keyfail 0 [1.4 s]
#   unit {'pos': 3198, 'blk': None}: om1 2993 pos 1 st1 1 fail1 0 t4 0 t4only 0 t2only 0 rtfail 0 rcfail 0 chain 0 t3c 1 keyfail 0 [1.3 s]
#   unit {'pos': 3199, 'blk': None}: om1 2949 pos 9 st1 9 fail1 0 t4 0 t4only 0 t2only 0 rtfail 0 rcfail 0 chain 0 t3c 8 keyfail 0 [0.9 s]
#   unit {'pos': 3200, 'blk': None}: om1 2933 pos 7 st1 7 fail1 0 t4 0 t4only 0 t2only 0 rtfail 0 rcfail 0 chain 0 t3c 7 keyfail 0 [1.1 s]
#   unit {'pos': 3201, 'blk': None}: om1 3012 pos 21 st1 21 fail1 0 t4 0 t4only 0 t2only 0 rtfail 0 rcfail 0 chain 0 t3c 20 keyfail 0 [1.0 s]
#   unit {'pos': 3202, 'blk': None}: om1 2978 pos 21 st1 21 fail1 0 t4 0 t4only 0 t2only 0 rtfail 0 rcfail 0 chain 0 t3c 21 keyfail 0 [1.1 s]
#   unit {'pos': 3203, 'blk': None}: om1 2993 pos 5 st1 5 fail1 0 t4 2 t4only 0 t2only 0 rtfail 0 rcfail 0 chain 0 t3c 5 keyfail 0 [1.2 s]
#   unit {'pos': 3204, 'blk': None}: om1 3062 pos 6 st1 6 fail1 0 t4 3 t4only 0 t2only 0 rtfail 0 rcfail 0 chain 0 t3c 6 keyfail 0 [1.0 s]
#   unit {'pos': 3206, 'blk': None}: om1 3047 pos 13 st1 13 fail1 0 t4 0 t4only 0 t2only 0 rtfail 0 rcfail 0 chain 0 t3c 13 keyfail 0 [0.8 s]
#   unit {'pos': 3205, 'blk': None}: om1 3004 pos 2 st1 2 fail1 0 t4 2 t4only 0 t2only 0 rtfail 0 rcfail 0 chain 0 t3c 2 keyfail 0 [1.1 s]
#   unit {'pos': 3207, 'blk': None}: om1 3038 pos 11 st1 11 fail1 0 t4 0 t4only 0 t2only 0 rtfail 0 rcfail 0 chain 0 t3c 10 keyfail 0 [0.8 s]
#   unit {'pos': 3211, 'blk': None}: om1 3025 pos 10 st1 10 fail1 0 t4 4 t4only 0 t2only 0 rtfail 0 rcfail 0 chain 0 t3c 10 keyfail 0 [0.7 s]
#   unit {'pos': 3210, 'blk': None}: om1 3001 pos 10 st1 10 fail1 0 t4 0 t4only 0 t2only 0 rtfail 0 rcfail 0 chain 0 t3c 10 keyfail 0 [0.8 s]
#   unit {'pos': 3208, 'blk': None}: om1 3009 pos 14 st1 14 fail1 0 t4 0 t4only 0 t2only 0 rtfail 0 rcfail 0 chain 0 t3c 13 keyfail 0 [1.2 s]
#   unit {'pos': 3209, 'blk': None}: om1 3093 pos 43 st1 43 fail1 0 t4 0 t4only 0 t2only 0 rtfail 0 rcfail 0 chain 0 t3c 40 keyfail 0 [1.2 s]
#   unit {'pos': 3212, 'blk': None}: om1 3029 pos 22 st1 22 fail1 0 t4 5 t4only 0 t2only 0 rtfail 0 rcfail 0 chain 0 t3c 22 keyfail 0 [0.8 s]
#   unit {'pos': 3213, 'blk': None}: om1 2999 pos 11 st1 11 fail1 0 t4 0 t4only 0 t2only 0 rtfail 0 rcfail 0 chain 0 t3c 10 keyfail 0 [0.9 s]
#   unit {'pos': 3214, 'blk': None}: om1 3033 pos 29 st1 29 fail1 0 t4 0 t4only 0 t2only 0 rtfail 0 rcfail 0 chain 0 t3c 26 keyfail 0 [1.2 s]
#   unit {'pos': 3215, 'blk': None}: om1 3043 pos 9 st1 9 fail1 0 t4 3 t4only 0 t2only 0 rtfail 0 rcfail 0 chain 0 t3c 9 keyfail 0 [1.0 s]
#   unit {'pos': 3217, 'blk': None}: om1 3075 pos 32 st1 32 fail1 0 t4 3 t4only 0 t2only 0 rtfail 0 rcfail 0 chain 0 t3c 28 keyfail 0 [0.8 s]
#   unit {'pos': 3216, 'blk': None}: om1 3105 pos 22 st1 22 fail1 0 t4 4 t4only 0 t2only 0 rtfail 0 rcfail 0 chain 0 t3c 19 keyfail 0 [1.1 s]
#   unit {'pos': 3219, 'blk': None}: om1 3043 pos 8 st1 8 fail1 0 t4 0 t4only 0 t2only 0 rtfail 0 rcfail 0 chain 0 t3c 8 keyfail 0 [1.0 s]
#   unit {'pos': 3218, 'blk': None}: om1 2997 pos 3 st1 3 fail1 0 t4 0 t4only 0 t2only 0 rtfail 0 rcfail 0 chain 0 t3c 3 keyfail 0 [1.2 s]
#   unit {'pos': 3220, 'blk': None}: om1 3025 pos 15 st1 15 fail1 0 t4 0 t4only 0 t2only 0 rtfail 0 rcfail 0 chain 0 t3c 15 keyfail 0 [0.9 s]
#   unit {'pos': 3221, 'blk': None}: om1 3080 pos 12 st1 12 fail1 0 t4 1 t4only 0 t2only 0 rtfail 0 rcfail 0 chain 0 t3c 11 keyfail 0 [1.0 s]
#   unit {'pos': 3222, 'blk': None}: om1 3087 pos 9 st1 9 fail1 0 t4 2 t4only 0 t2only 0 rtfail 0 rcfail 0 chain 0 t3c 7 keyfail 0 [0.9 s]
#   unit {'pos': 3224, 'blk': None}: om1 2990 pos 14 st1 14 fail1 0 t4 0 t4only 0 t2only 0 rtfail 0 rcfail 0 chain 0 t3c 14 keyfail 0 [0.8 s]
#   unit {'pos': 3223, 'blk': None}: om1 3011 pos 4 st1 4 fail1 0 t4 1 t4only 0 t2only 0 rtfail 0 rcfail 0 chain 0 t3c 4 keyfail 0 [1.3 s]
#   unit {'pos': 3226, 'blk': None}: om1 2986 pos 7 st1 7 fail1 0 t4 1 t4only 0 t2only 0 rtfail 0 rcfail 0 chain 0 t3c 7 keyfail 0 [0.7 s]
#   unit {'pos': 3227, 'blk': None}: om1 2941 pos 24 st1 24 fail1 0 t4 3 t4only 0 t2only 0 rtfail 0 rcfail 0 chain 0 t3c 24 keyfail 0 [0.8 s]
#   unit {'pos': 3225, 'blk': None}: om1 3126 pos 18 st1 18 fail1 0 t4 4 t4only 0 t2only 0 rtfail 0 rcfail 0 chain 0 t3c 18 keyfail 0 [1.4 s]
#   unit {'pos': 3229, 'blk': None}: om1 2983 pos 14 st1 14 fail1 0 t4 0 t4only 0 t2only 0 rtfail 0 rcfail 0 chain 0 t3c 14 keyfail 0 [0.8 s]
#   unit {'pos': 3228, 'blk': None}: om1 3077 pos 40 st1 40 fail1 0 t4 6 t4only 0 t2only 0 rtfail 0 rcfail 0 chain 0 t3c 40 keyfail 0 [1.2 s]
#   unit {'pos': 3231, 'blk': None}: om1 3064 pos 48 st1 48 fail1 0 t4 2 t4only 0 t2only 0 rtfail 0 rcfail 0 chain 0 t3c 39 keyfail 0 [0.9 s]
#   unit {'pos': 3230, 'blk': None}: om1 2962 pos 34 st1 34 fail1 0 t4 8 t4only 0 t2only 0 rtfail 0 rcfail 0 chain 0 t3c 32 keyfail 0 [1.2 s]
#   unit {'pos': 3232, 'blk': None}: om1 2967 pos 27 st1 27 fail1 0 t4 0 t4only 0 t2only 0 rtfail 0 rcfail 0 chain 0 t3c 27 keyfail 0 [0.7 s]
#   unit {'pos': 3233, 'blk': None}: om1 2986 pos 20 st1 20 fail1 0 t4 0 t4only 0 t2only 0 rtfail 0 rcfail 0 chain 0 t3c 20 keyfail 0 [0.8 s]
#   unit {'pos': 3234, 'blk': None}: om1 3042 pos 28 st1 28 fail1 0 t4 4 t4only 0 t2only 0 rtfail 0 rcfail 0 chain 0 t3c 28 keyfail 0 [1.0 s]
#   unit {'pos': 3235, 'blk': None}: om1 3101 pos 22 st1 22 fail1 0 t4 0 t4only 0 t2only 0 rtfail 0 rcfail 0 chain 0 t3c 19 keyfail 0 [0.8 s]
#   unit {'pos': 3236, 'blk': None}: om1 2952 pos 9 st1 9 fail1 0 t4 0 t4only 0 t2only 0 rtfail 0 rcfail 0 chain 0 t3c 9 keyfail 0 [1.1 s]
#   unit {'pos': 3237, 'blk': None}: om1 2971 pos 10 st1 10 fail1 0 t4 0 t4only 0 t2only 0 rtfail 0 rcfail 0 chain 0 t3c 9 keyfail 0 [0.9 s]
#   unit {'pos': 3239, 'blk': None}: om1 2890 pos 0 st1 0 fail1 0 t4 0 t4only 0 t2only 0 rtfail 0 rcfail 0 chain 0 t3c 0 keyfail 0 [0.8 s]
#   unit {'pos': 3238, 'blk': None}: om1 2967 pos 21 st1 21 fail1 0 t4 0 t4only 0 t2only 0 rtfail 0 rcfail 0 chain 0 t3c 21 keyfail 0 [1.0 s]
#   unit {'pos': 3240, 'blk': None}: om1 2942 pos 1 st1 1 fail1 0 t4 0 t4only 0 t2only 0 rtfail 0 rcfail 0 chain 0 t3c 1 keyfail 0 [1.1 s]
#   unit {'pos': 3241, 'blk': None}: om1 2885 pos 2 st1 2 fail1 0 t4 0 t4only 0 t2only 0 rtfail 0 rcfail 0 chain 0 t3c 2 keyfail 0 [1.0 s]
#   unit {'pos': 3243, 'blk': None}: om1 2756 pos 2 st1 2 fail1 0 t4 0 t4only 0 t2only 0 rtfail 0 rcfail 0 chain 0 t3c 0 keyfail 0 [1.0 s]
#   unit {'pos': 3242, 'blk': None}: om1 2795 pos 2 st1 2 fail1 0 t4 0 t4only 0 t2only 0 rtfail 0 rcfail 0 chain 0 t3c 1 keyfail 0 [1.0 s]
#   unit {'pos': 3244, 'blk': None}: om1 2865 pos 0 st1 0 fail1 0 t4 0 t4only 0 t2only 0 rtfail 0 rcfail 0 chain 0 t3c 0 keyfail 0 [1.1 s]
#   unit {'pos': 3245, 'blk': None}: om1 2807 pos 7 st1 7 fail1 0 t4 0 t4only 0 t2only 0 rtfail 0 rcfail 0 chain 0 t3c 7 keyfail 0 [1.0 s]
#   unit {'pos': 3247, 'blk': None}: om1 2939 pos 8 st1 8 fail1 0 t4 0 t4only 0 t2only 0 rtfail 0 rcfail 0 chain 0 t3c 8 keyfail 0 [0.9 s]
#   unit {'pos': 3246, 'blk': None}: om1 2908 pos 10 st1 10 fail1 0 t4 0 t4only 0 t2only 0 rtfail 0 rcfail 0 chain 0 t3c 10 keyfail 0 [1.0 s]
#   unit {'pos': 3249, 'blk': None}: om1 2825 pos 8 st1 8 fail1 0 t4 0 t4only 0 t2only 0 rtfail 0 rcfail 0 chain 0 t3c 8 keyfail 0 [1.1 s]
#   unit {'pos': 3248, 'blk': None}: om1 2886 pos 5 st1 5 fail1 0 t4 0 t4only 0 t2only 0 rtfail 0 rcfail 0 chain 0 t3c 5 keyfail 0 [1.2 s]
#   unit {'pos': 3250, 'blk': None}: om1 2809 pos 0 st1 0 fail1 0 t4 0 t4only 0 t2only 0 rtfail 0 rcfail 0 chain 0 t3c 0 keyfail 0 [1.1 s]
#   unit {'pos': 3251, 'blk': None}: om1 2921 pos 4 st1 4 fail1 0 t4 0 t4only 0 t2only 0 rtfail 0 rcfail 0 chain 0 t3c 4 keyfail 0 [1.3 s]
#   unit {'pos': 3252, 'blk': None}: om1 2883 pos 6 st1 6 fail1 0 t4 0 t4only 0 t2only 0 rtfail 0 rcfail 0 chain 0 t3c 5 keyfail 0 [0.7 s]
#   unit {'pos': 3253, 'blk': None}: om1 2922 pos 7 st1 7 fail1 0 t4 0 t4only 0 t2only 0 rtfail 0 rcfail 0 chain 0 t3c 6 keyfail 0 [0.8 s]
#   unit {'pos': 3254, 'blk': None}: om1 2864 pos 27 st1 27 fail1 0 t4 0 t4only 0 t2only 0 rtfail 0 rcfail 0 chain 0 t3c 27 keyfail 0 [1.1 s]
#   unit {'pos': 3256, 'blk': None}: om1 2919 pos 12 st1 12 fail1 0 t4 0 t4only 0 t2only 0 rtfail 0 rcfail 0 chain 0 t3c 12 keyfail 0 [1.0 s]
#   unit {'pos': 3255, 'blk': None}: om1 2881 pos 6 st1 6 fail1 0 t4 0 t4only 0 t2only 0 rtfail 0 rcfail 0 chain 0 t3c 6 keyfail 0 [1.2 s]
#   unit {'pos': 3257, 'blk': None}: om1 2948 pos 16 st1 16 fail1 0 t4 0 t4only 0 t2only 0 rtfail 0 rcfail 0 chain 0 t3c 16 keyfail 0 [1.0 s]
#   unit {'pos': 3258, 'blk': None}: om1 2846 pos 9 st1 9 fail1 0 t4 0 t4only 0 t2only 0 rtfail 0 rcfail 0 chain 0 t3c 9 keyfail 0 [1.0 s]
#   unit {'pos': 3261, 'blk': None}: om1 2956 pos 7 st1 7 fail1 0 t4 0 t4only 0 t2only 0 rtfail 0 rcfail 0 chain 0 t3c 7 keyfail 0 [0.9 s]
#   unit {'pos': 3259, 'blk': None}: om1 2888 pos 15 st1 15 fail1 0 t4 0 t4only 0 t2only 0 rtfail 0 rcfail 0 chain 0 t3c 15 keyfail 0 [1.2 s]
#   unit {'pos': 3260, 'blk': None}: om1 2871 pos 4 st1 4 fail1 0 t4 0 t4only 0 t2only 0 rtfail 0 rcfail 0 chain 0 t3c 4 keyfail 0 [1.3 s]
#   unit {'pos': 3262, 'blk': None}: om1 2807 pos 5 st1 5 fail1 0 t4 0 t4only 0 t2only 0 rtfail 0 rcfail 0 chain 0 t3c 3 keyfail 0 [0.9 s]
#   unit {'pos': 3264, 'blk': None}: om1 2893 pos 12 st1 12 fail1 0 t4 0 t4only 0 t2only 0 rtfail 0 rcfail 0 chain 0 t3c 12 keyfail 0 [1.0 s]
#   unit {'pos': 3265, 'blk': None}: om1 2875 pos 19 st1 19 fail1 0 t4 0 t4only 0 t2only 0 rtfail 0 rcfail 0 chain 0 t3c 19 keyfail 0 [1.1 s]
#   unit {'pos': 3263, 'blk': None}: om1 2919 pos 7 st1 7 fail1 0 t4 0 t4only 0 t2only 0 rtfail 0 rcfail 0 chain 0 t3c 7 keyfail 0 [1.4 s]
#   unit {'pos': 3266, 'blk': None}: om1 2813 pos 0 st1 0 fail1 0 t4 0 t4only 0 t2only 0 rtfail 0 rcfail 0 chain 0 t3c 0 keyfail 0 [1.1 s]
#   unit {'pos': 3267, 'blk': None}: om1 2847 pos 14 st1 14 fail1 0 t4 0 t4only 0 t2only 0 rtfail 0 rcfail 0 chain 0 t3c 14 keyfail 0 [1.2 s]
#   unit {'pos': 3268, 'blk': None}: om1 2906 pos 4 st1 4 fail1 0 t4 0 t4only 0 t2only 0 rtfail 0 rcfail 0 chain 0 t3c 4 keyfail 0 [1.0 s]
#   unit {'pos': 3269, 'blk': None}: om1 2896 pos 13 st1 13 fail1 0 t4 0 t4only 0 t2only 0 rtfail 0 rcfail 0 chain 0 t3c 13 keyfail 0 [1.1 s]
#   unit {'pos': 3270, 'blk': None}: om1 2891 pos 12 st1 12 fail1 0 t4 0 t4only 0 t2only 0 rtfail 0 rcfail 0 chain 0 t3c 12 keyfail 0 [1.2 s]
#   unit {'pos': 3272, 'blk': None}: om1 2892 pos 12 st1 12 fail1 0 t4 0 t4only 0 t2only 0 rtfail 0 rcfail 0 chain 0 t3c 10 keyfail 0 [0.8 s]
#   unit {'pos': 3274, 'blk': None}: om1 2882 pos 5 st1 5 fail1 0 t4 0 t4only 0 t2only 0 rtfail 0 rcfail 0 chain 0 t3c 5 keyfail 0 [0.8 s]
#   unit {'pos': 3271, 'blk': None}: om1 2843 pos 5 st1 5 fail1 0 t4 0 t4only 0 t2only 0 rtfail 0 rcfail 0 chain 0 t3c 3 keyfail 0 [1.4 s]
#   unit {'pos': 3273, 'blk': None}: om1 2936 pos 6 st1 6 fail1 0 t4 0 t4only 0 t2only 0 rtfail 0 rcfail 0 chain 0 t3c 5 keyfail 0 [1.4 s]
#   unit {'pos': 3275, 'blk': None}: om1 3020 pos 3 st1 3 fail1 0 t4 0 t4only 0 t2only 0 rtfail 0 rcfail 0 chain 0 t3c 3 keyfail 0 [1.0 s]
#   unit {'pos': 3277, 'blk': None}: om1 2716 pos 0 st1 0 fail1 0 t4 0 t4only 0 t2only 0 rtfail 0 rcfail 0 chain 0 t3c 0 keyfail 0 [1.1 s]
#   unit {'pos': 3278, 'blk': None}: om1 2730 pos 0 st1 0 fail1 0 t4 0 t4only 0 t2only 0 rtfail 0 rcfail 0 chain 0 t3c 0 keyfail 0 [0.9 s]
#   unit {'pos': 3276, 'blk': None}: om1 2930 pos 8 st1 8 fail1 0 t4 0 t4only 0 t2only 0 rtfail 0 rcfail 0 chain 0 t3c 7 keyfail 0 [1.4 s]
#   unit {'pos': 3279, 'blk': None}: om1 2774 pos 0 st1 0 fail1 0 t4 0 t4only 0 t2only 0 rtfail 0 rcfail 0 chain 0 t3c 0 keyfail 0 [1.1 s]
#   unit {'pos': 3281, 'blk': None}: om1 2746 pos 0 st1 0 fail1 0 t4 0 t4only 0 t2only 0 rtfail 0 rcfail 0 chain 0 t3c 0 keyfail 0 [1.2 s]
#   unit {'pos': 3280, 'blk': None}: om1 2822 pos 0 st1 0 fail1 0 t4 0 t4only 0 t2only 0 rtfail 0 rcfail 0 chain 0 t3c 0 keyfail 0 [1.2 s]
#   unit {'pos': 3282, 'blk': None}: om1 2855 pos 0 st1 0 fail1 0 t4 0 t4only 0 t2only 0 rtfail 0 rcfail 0 chain 0 t3c 0 keyfail 0 [1.2 s]
#   unit {'pos': 3283, 'blk': None}: om1 5000 pos 45 st1 45 fail1 0 t4 0 t4only 0 t2only 0 rtfail 0 rcfail 0 chain 0 t3c 0 keyfail 0 [3.2 s]
#   unit {'pos': 3285, 'blk': None}: om1 5000 pos 587 st1 587 fail1 0 t4 0 t4only 0 t2only 0 rtfail 0 rcfail 0 chain 0 t3c 0 keyfail 0 [3.3 s]
#   unit {'pos': 3286, 'blk': None}: om1 5000 pos 409 st1 409 fail1 0 t4 0 t4only 0 t2only 0 rtfail 0 rcfail 0 chain 0 t3c 0 keyfail 0 [3.2 s]
#   unit {'pos': 3284, 'blk': None}: om1 5000 pos 640 st1 640 fail1 0 t4 0 t4only 0 t2only 0 rtfail 0 rcfail 0 chain 0 t3c 0 keyfail 0 [4.1 s]
#   unit {'pos': 3287, 'blk': None}: om1 5000 pos 483 st1 483 fail1 0 t4 0 t4only 0 t2only 0 rtfail 0 rcfail 0 chain 0 t3c 0 keyfail 0 [3.2 s]
#   unit {'pos': 3289, 'blk': None}: om1 5000 pos 0 st1 0 fail1 0 t4 0 t4only 0 t2only 0 rtfail 0 rcfail 0 chain 0 t3c 0 keyfail 0 [3.2 s]
#   unit {'pos': 3290, 'blk': None}: om1 5000 pos 108 st1 108 fail1 0 t4 10 t4only 0 t2only 0 rtfail 0 rcfail 0 chain 0 t3c 108 keyfail 0 [2.9 s]
#   unit {'pos': 3288, 'blk': None}: om1 5000 pos 619 st1 619 fail1 0 t4 0 t4only 0 t2only 0 rtfail 0 rcfail 0 chain 0 t3c 0 keyfail 0 [4.1 s]
#   unit {'pos': 3291, 'blk': None}: om1 5000 pos 179 st1 179 fail1 0 t4 4 t4only 0 t2only 0 rtfail 0 rcfail 0 chain 0 t3c 179 keyfail 0 [2.3 s]
#   unit {'pos': 3293, 'blk': None}: om1 5000 pos 25 st1 25 fail1 0 t4 8 t4only 0 t2only 0 rtfail 0 rcfail 0 chain 0 t3c 25 keyfail 0 [1.8 s]
#   unit {'pos': 3292, 'blk': None}: om1 5000 pos 88 st1 88 fail1 0 t4 10 t4only 0 t2only 0 rtfail 0 rcfail 0 chain 0 t3c 80 keyfail 0 [2.7 s]
#   unit {'pos': 3294, 'blk': None}: om1 5000 pos 0 st1 0 fail1 0 t4 0 t4only 0 t2only 0 rtfail 0 rcfail 0 chain 0 t3c 0 keyfail 0 [2.2 s]
#   unit {'pos': 3295, 'blk': None}: om1 5000 pos 429 st1 429 fail1 0 t4 0 t4only 0 t2only 0 rtfail 0 rcfail 0 chain 0 t3c 0 keyfail 0 [2.2 s]
#   unit {'pos': 3297, 'blk': None}: om1 5000 pos 441 st1 441 fail1 0 t4 6 t4only 0 t2only 0 rtfail 0 rcfail 0 chain 0 t3c 54 keyfail 0 [1.8 s]
#   unit {'pos': 3296, 'blk': None}: om1 5000 pos 361 st1 361 fail1 0 t4 4 t4only 0 t2only 0 rtfail 0 rcfail 0 chain 0 t3c 88 keyfail 0 [2.3 s]
#   unit {'pos': 3298, 'blk': None}: om1 5000 pos 314 st1 314 fail1 0 t4 0 t4only 0 t2only 0 rtfail 0 rcfail 0 chain 0 t3c 29 keyfail 0 [2.7 s]
#   unit {'pos': 3299, 'blk': None}: om1 5000 pos 997 st1 997 fail1 0 t4 36 t4only 0 t2only 0 rtfail 0 rcfail 0 chain 0 t3c 385 keyfail 0 [2.5 s]
#   unit {'pos': 3300, 'blk': None}: om1 5000 pos 1079 st1 1079 fail1 0 t4 36 t4only 0 t2only 0 rtfail 0 rcfail 0 chain 0 t3c 348 keyfail 0 [2.3 s]
#   unit {'pos': 3301, 'blk': None}: om1 5000 pos 853 st1 853 fail1 0 t4 51 t4only 0 t2only 0 rtfail 0 rcfail 0 chain 0 t3c 288 keyfail 0 [2.8 s]
#   unit {'pos': 3302, 'blk': None}: om1 5000 pos 811 st1 811 fail1 0 t4 31 t4only 0 t2only 0 rtfail 0 rcfail 0 chain 0 t3c 316 keyfail 0 [2.2 s]
#   unit {'pos': 3303, 'blk': None}: om1 5000 pos 982 st1 982 fail1 0 t4 0 t4only 0 t2only 0 rtfail 0 rcfail 0 chain 0 t3c 22 keyfail 0 [2.3 s]
#   unit {'pos': 3304, 'blk': None}: om1 5000 pos 774 st1 774 fail1 0 t4 0 t4only 0 t2only 0 rtfail 0 rcfail 0 chain 0 t3c 210 keyfail 0 [2.5 s]
#   unit {'pos': 3306, 'blk': None}: om1 5000 pos 432 st1 432 fail1 0 t4 0 t4only 0 t2only 0 rtfail 0 rcfail 0 chain 0 t3c 149 keyfail 0 [1.9 s]
#   unit {'pos': 3305, 'blk': None}: om1 5000 pos 329 st1 329 fail1 0 t4 0 t4only 0 t2only 0 rtfail 0 rcfail 0 chain 0 t3c 138 keyfail 0 [2.8 s]
#   unit {'pos': 3307, 'blk': None}: om1 5000 pos 1181 st1 1181 fail1 0 t4 0 t4only 0 t2only 0 rtfail 0 rcfail 0 chain 0 t3c 307 keyfail 0 [2.5 s]
#   unit {'pos': 3308, 'blk': None}: om1 5000 pos 200 st1 200 fail1 0 t4 0 t4only 0 t2only 0 rtfail 0 rcfail 0 chain 0 t3c 78 keyfail 0 [2.5 s]
#   unit {'pos': 3309, 'blk': None}: om1 5000 pos 677 st1 677 fail1 0 t4 0 t4only 0 t2only 0 rtfail 0 rcfail 0 chain 0 t3c 184 keyfail 0 [2.5 s]
#   unit {'pos': 3310, 'blk': None}: om1 5000 pos 863 st1 863 fail1 0 t4 0 t4only 0 t2only 0 rtfail 0 rcfail 0 chain 0 t3c 0 keyfail 0 [3.0 s]
#   unit {'pos': 3311, 'blk': None}: om1 5000 pos 1003 st1 1003 fail1 0 t4 0 t4only 0 t2only 0 rtfail 0 rcfail 0 chain 0 t3c 332 keyfail 0 [2.5 s]
#   unit {'pos': 3313, 'blk': None}: om1 5000 pos 647 st1 647 fail1 0 t4 0 t4only 0 t2only 0 rtfail 0 rcfail 0 chain 0 t3c 157 keyfail 0 [1.7 s]
#   unit {'pos': 3312, 'blk': None}: om1 5000 pos 447 st1 447 fail1 0 t4 0 t4only 0 t2only 0 rtfail 0 rcfail 0 chain 0 t3c 126 keyfail 0 [2.7 s]
#   unit {'pos': 3314, 'blk': None}: om1 5000 pos 271 st1 271 fail1 0 t4 0 t4only 0 t2only 0 rtfail 0 rcfail 0 chain 0 t3c 108 keyfail 0 [2.1 s]
#   unit {'pos': 3315, 'blk': None}: om1 5000 pos 145 st1 145 fail1 0 t4 8 t4only 0 t2only 0 rtfail 0 rcfail 0 chain 0 t3c 145 keyfail 0 [2.4 s]
#   unit {'pos': 3316, 'blk': None}: om1 5000 pos 21 st1 21 fail1 0 t4 0 t4only 0 t2only 0 rtfail 0 rcfail 0 chain 0 t3c 21 keyfail 0 [2.5 s]
#   unit {'pos': 3317, 'blk': None}: om1 5000 pos 25 st1 25 fail1 0 t4 15 t4only 0 t2only 0 rtfail 0 rcfail 0 chain 0 t3c 25 keyfail 0 [2.3 s]
#   unit {'pos': 3318, 'blk': None}: om1 5000 pos 511 st1 511 fail1 0 t4 12 t4only 0 t2only 0 rtfail 0 rcfail 0 chain 0 t3c 133 keyfail 0 [1.9 s]
#   unit {'pos': 3319, 'blk': None}: om1 5000 pos 524 st1 524 fail1 0 t4 8 t4only 0 t2only 0 rtfail 0 rcfail 0 chain 0 t3c 65 keyfail 0 [2.5 s]
#   unit {'pos': 3322, 'blk': None}: om1 5000 pos 809 st1 809 fail1 0 t4 8 t4only 0 t2only 0 rtfail 0 rcfail 0 chain 0 t3c 76 keyfail 0 [1.9 s]
#   unit {'pos': 3320, 'blk': None}: om1 5000 pos 535 st1 535 fail1 0 t4 0 t4only 0 t2only 0 rtfail 0 rcfail 0 chain 0 t3c 125 keyfail 0 [3.1 s]
#   unit {'pos': 3321, 'blk': None}: om1 5000 pos 493 st1 493 fail1 0 t4 4 t4only 0 t2only 0 rtfail 0 rcfail 0 chain 0 t3c 79 keyfail 0 [3.0 s]
#   unit {'pos': 3323, 'blk': None}: om1 5000 pos 832 st1 832 fail1 0 t4 12 t4only 0 t2only 0 rtfail 0 rcfail 0 chain 0 t3c 49 keyfail 0 [2.7 s]
#   unit {'pos': 3324, 'blk': None}: om1 5000 pos 934 st1 934 fail1 0 t4 38 t4only 0 t2only 0 rtfail 0 rcfail 0 chain 0 t3c 313 keyfail 0 [2.1 s]
#   unit {'pos': 3325, 'blk': None}: om1 5000 pos 771 st1 771 fail1 0 t4 67 t4only 0 t2only 0 rtfail 0 rcfail 0 chain 0 t3c 177 keyfail 0 [2.8 s]
#   unit {'pos': 3326, 'blk': None}: om1 5000 pos 688 st1 688 fail1 0 t4 0 t4only 0 t2only 0 rtfail 0 rcfail 0 chain 0 t3c 214 keyfail 0 [3.1 s]
#   unit {'pos': 3327, 'blk': None}: om1 5000 pos 1207 st1 1207 fail1 0 t4 0 t4only 0 t2only 0 rtfail 0 rcfail 0 chain 0 t3c 326 keyfail 0 [3.0 s]
#   unit {'pos': 3328, 'blk': None}: om1 5000 pos 321 st1 321 fail1 0 t4 4 t4only 0 t2only 0 rtfail 0 rcfail 0 chain 0 t3c 68 keyfail 0 [3.0 s]
#   unit {'pos': 3329, 'blk': None}: om1 5000 pos 60 st1 60 fail1 0 t4 0 t4only 0 t2only 0 rtfail 0 rcfail 0 chain 0 t3c 60 keyfail 0 [3.0 s]
#   unit {'pos': 3330, 'blk': None}: om1 5000 pos 507 st1 507 fail1 0 t4 4 t4only 0 t2only 0 rtfail 0 rcfail 0 chain 0 t3c 74 keyfail 0 [2.8 s]
#   unit {'pos': 3331, 'blk': None}: om1 5000 pos 409 st1 409 fail1 0 t4 10 t4only 0 t2only 0 rtfail 0 rcfail 0 chain 0 t3c 129 keyfail 0 [2.7 s]
#   unit {'pos': 3334, 'blk': None}: om1 5000 pos 923 st1 923 fail1 0 t4 4 t4only 0 t2only 0 rtfail 0 rcfail 0 chain 0 t3c 78 keyfail 0 [1.7 s]
#   unit {'pos': 3332, 'blk': None}: om1 5000 pos 1183 st1 1183 fail1 0 t4 32 t4only 0 t2only 0 rtfail 0 rcfail 0 chain 0 t3c 500 keyfail 0 [3.2 s]
#   unit {'pos': 3333, 'blk': None}: om1 5000 pos 732 st1 732 fail1 0 t4 18 t4only 0 t2only 0 rtfail 0 rcfail 0 chain 0 t3c 264 keyfail 0 [2.0 s]
#   unit {'pos': 3336, 'blk': None}: om1 5000 pos 620 st1 620 fail1 0 t4 9 t4only 0 t2only 0 rtfail 0 rcfail 0 chain 0 t3c 300 keyfail 0 [1.7 s]
#   unit {'pos': 3337, 'blk': None}: om1 5000 pos 779 st1 779 fail1 0 t4 0 t4only 0 t2only 0 rtfail 0 rcfail 0 chain 0 t3c 329 keyfail 0 [2.1 s]
#   unit {'pos': 3335, 'blk': None}: om1 5000 pos 574 st1 574 fail1 0 t4 51 t4only 0 t2only 0 rtfail 0 rcfail 0 chain 0 t3c 161 keyfail 0 [3.0 s]
#   unit {'pos': 3338, 'blk': None}: om1 5000 pos 521 st1 521 fail1 0 t4 0 t4only 0 t2only 0 rtfail 0 rcfail 0 chain 0 t3c 189 keyfail 0 [2.8 s]
#   unit {'pos': 3339, 'blk': None}: om1 5000 pos 592 st1 592 fail1 0 t4 0 t4only 0 t2only 0 rtfail 0 rcfail 0 chain 0 t3c 98 keyfail 0 [2.4 s]
#   unit {'pos': 3341, 'blk': None}: om1 5000 pos 684 st1 684 fail1 0 t4 32 t4only 0 t2only 0 rtfail 0 rcfail 0 chain 0 t3c 33 keyfail 0 [2.1 s]
#   unit {'pos': 3342, 'blk': None}: om1 5000 pos 871 st1 871 fail1 0 t4 231 t4only 0 t2only 0 rtfail 0 rcfail 0 chain 0 t3c 469 keyfail 0 [1.9 s]
#   unit {'pos': 3340, 'blk': None}: om1 5000 pos 354 st1 354 fail1 0 t4 48 t4only 0 t2only 0 rtfail 0 rcfail 0 chain 0 t3c 86 keyfail 0 [3.0 s]
#   unit {'pos': 3344, 'blk': None}: om1 5000 pos 512 st1 512 fail1 0 t4 68 t4only 0 t2only 0 rtfail 0 rcfail 0 chain 0 t3c 309 keyfail 0 [1.2 s]
#   unit {'pos': 3343, 'blk': None}: om1 5000 pos 561 st1 561 fail1 0 t4 106 t4only 0 t2only 0 rtfail 0 rcfail 0 chain 0 t3c 267 keyfail 0 [1.8 s]
#   unit {'pos': 3345, 'blk': None}: om1 5000 pos 605 st1 605 fail1 0 t4 94 t4only 0 t2only 0 rtfail 0 rcfail 0 chain 0 t3c 293 keyfail 0 [1.4 s]
#   unit {'pos': 3347, 'blk': None}: om1 5000 pos 1225 st1 1225 fail1 0 t4 253 t4only 0 t2only 0 rtfail 0 rcfail 0 chain 0 t3c 840 keyfail 0 [1.2 s]
#   unit {'pos': 3346, 'blk': None}: om1 5000 pos 1477 st1 1477 fail1 0 t4 301 t4only 0 t2only 0 rtfail 0 rcfail 0 chain 0 t3c 867 keyfail 0 [1.8 s]
#   unit {'pos': 3348, 'blk': None}: om1 5000 pos 1584 st1 1584 fail1 0 t4 344 t4only 0 t2only 0 rtfail 0 rcfail 0 chain 0 t3c 1004 keyfail 0 [2.1 s]
#   unit {'pos': 3351, 'blk': None}: om1 5000 pos 1187 st1 1187 fail1 0 t4 164 t4only 0 t2only 0 rtfail 0 rcfail 0 chain 0 t3c 646 keyfail 0 [1.4 s]
#   unit {'pos': 3350, 'blk': None}: om1 5000 pos 612 st1 612 fail1 0 t4 115 t4only 0 t2only 0 rtfail 0 rcfail 0 chain 0 t3c 428 keyfail 0 [1.5 s]
#   unit {'pos': 3349, 'blk': None}: om1 5000 pos 2131 st1 2131 fail1 0 t4 304 t4only 0 t2only 0 rtfail 0 rcfail 0 chain 0 t3c 1164 keyfail 0 [2.3 s]
#   unit {'pos': 3352, 'blk': None}: om1 5000 pos 1083 st1 1083 fail1 0 t4 209 t4only 0 t2only 0 rtfail 0 rcfail 0 chain 0 t3c 665 keyfail 0 [1.6 s]
#   unit {'pos': 3355, 'blk': None}: om1 5000 pos 546 st1 546 fail1 0 t4 62 t4only 0 t2only 0 rtfail 0 rcfail 0 chain 0 t3c 263 keyfail 0 [1.4 s]
#   unit {'pos': 3353, 'blk': None}: om1 5000 pos 1785 st1 1785 fail1 0 t4 143 t4only 0 t2only 0 rtfail 0 rcfail 0 chain 0 t3c 852 keyfail 0 [1.9 s]
#   unit {'pos': 3354, 'blk': None}: om1 5000 pos 719 st1 719 fail1 0 t4 58 t4only 0 t2only 0 rtfail 0 rcfail 0 chain 0 t3c 319 keyfail 0 [2.1 s]
#   unit {'pos': 3356, 'blk': None}: om1 5000 pos 905 st1 905 fail1 0 t4 116 t4only 0 t2only 0 rtfail 0 rcfail 0 chain 0 t3c 439 keyfail 0 [1.6 s]
#   unit {'pos': 3357, 'blk': None}: om1 5000 pos 540 st1 540 fail1 0 t4 98 t4only 0 t2only 0 rtfail 0 rcfail 0 chain 0 t3c 385 keyfail 0 [1.7 s]
#   unit {'pos': 3358, 'blk': None}: om1 5000 pos 1424 st1 1424 fail1 0 t4 299 t4only 0 t2only 0 rtfail 0 rcfail 0 chain 0 t3c 995 keyfail 0 [1.6 s]
#   unit {'pos': 3359, 'blk': None}: om1 5000 pos 1609 st1 1609 fail1 0 t4 415 t4only 0 t2only 0 rtfail 0 rcfail 0 chain 0 t3c 1182 keyfail 0 [1.6 s]
#   unit {'pos': 3360, 'blk': None}: om1 5000 pos 1736 st1 1736 fail1 0 t4 205 t4only 0 t2only 0 rtfail 0 rcfail 0 chain 0 t3c 976 keyfail 0 [1.3 s]
#   unit {'pos': 3363, 'blk': None}: om1 5000 pos 1918 st1 1918 fail1 0 t4 104 t4only 0 t2only 0 rtfail 0 rcfail 0 chain 0 t3c 748 keyfail 0 [1.2 s]
#   unit {'pos': 3362, 'blk': None}: om1 5000 pos 1172 st1 1172 fail1 0 t4 224 t4only 0 t2only 0 rtfail 0 rcfail 0 chain 0 t3c 766 keyfail 0 [1.9 s]
#   unit {'pos': 3364, 'blk': None}: om1 5000 pos 1649 st1 1649 fail1 0 t4 99 t4only 0 t2only 0 rtfail 0 rcfail 0 chain 0 t3c 881 keyfail 0 [1.1 s]
#   unit {'pos': 3361, 'blk': None}: om1 5000 pos 1805 st1 1805 fail1 0 t4 108 t4only 0 t2only 0 rtfail 0 rcfail 0 chain 0 t3c 1010 keyfail 0 [2.0 s]
#   unit {'pos': 3365, 'blk': None}: om1 5000 pos 910 st1 910 fail1 0 t4 33 t4only 0 t2only 0 rtfail 0 rcfail 0 chain 0 t3c 418 keyfail 0 [1.3 s]
#   unit {'pos': 3366, 'blk': None}: om1 5000 pos 702 st1 702 fail1 0 t4 6 t4only 0 t2only 0 rtfail 0 rcfail 0 chain 0 t3c 400 keyfail 0 [1.4 s]
#   unit {'pos': 3368, 'blk': None}: om1 5000 pos 574 st1 574 fail1 0 t4 157 t4only 0 t2only 0 rtfail 0 rcfail 0 chain 0 t3c 437 keyfail 0 [1.4 s]
#   unit {'pos': 3367, 'blk': None}: om1 5000 pos 2299 st1 2299 fail1 0 t4 34 t4only 0 t2only 0 rtfail 0 rcfail 0 chain 0 t3c 616 keyfail 0 [2.2 s]
#   unit {'pos': 3370, 'blk': None}: om1 5000 pos 800 st1 800 fail1 0 t4 194 t4only 0 t2only 0 rtfail 0 rcfail 0 chain 0 t3c 552 keyfail 0 [1.2 s]
#   unit {'pos': 3371, 'blk': None}: om1 5000 pos 1713 st1 1713 fail1 0 t4 601 t4only 0 t2only 0 rtfail 0 rcfail 0 chain 0 t3c 1229 keyfail 0 [1.3 s]
#   unit {'pos': 3369, 'blk': None}: om1 5000 pos 1166 st1 1166 fail1 0 t4 277 t4only 0 t2only 0 rtfail 0 rcfail 0 chain 0 t3c 724 keyfail 0 [1.9 s]
#   unit {'pos': 3372, 'blk': None}: om1 5000 pos 1562 st1 1562 fail1 0 t4 581 t4only 0 t2only 0 rtfail 0 rcfail 0 chain 0 t3c 1183 keyfail 0 [1.5 s]
#   unit {'pos': 3373, 'blk': None}: om1 5000 pos 1332 st1 1332 fail1 0 t4 445 t4only 0 t2only 0 rtfail 0 rcfail 0 chain 0 t3c 1090 keyfail 0 [1.3 s]
#   unit {'pos': 3375, 'blk': None}: om1 5000 pos 1596 st1 1596 fail1 0 t4 475 t4only 0 t2only 0 rtfail 0 rcfail 0 chain 0 t3c 1168 keyfail 0 [1.1 s]
#   unit {'pos': 3374, 'blk': None}: om1 5000 pos 1549 st1 1549 fail1 0 t4 428 t4only 0 t2only 0 rtfail 0 rcfail 0 chain 0 t3c 1100 keyfail 0 [1.8 s]
#   unit {'pos': 3376, 'blk': None}: om1 5000 pos 488 st1 488 fail1 0 t4 155 t4only 0 t2only 0 rtfail 0 rcfail 0 chain 0 t3c 374 keyfail 0 [1.8 s]
#   unit {'pos': 3378, 'blk': None}: om1 5000 pos 1376 st1 1376 fail1 0 t4 237 t4only 0 t2only 0 rtfail 0 rcfail 0 chain 0 t3c 814 keyfail 0 [1.8 s]
#   unit {'pos': 3377, 'blk': None}: om1 5000 pos 905 st1 905 fail1 0 t4 212 t4only 0 t2only 0 rtfail 0 rcfail 0 chain 0 t3c 654 keyfail 0 [2.0 s]
#   unit {'pos': 3379, 'blk': None}: om1 5000 pos 504 st1 504 fail1 0 t4 4 t4only 0 t2only 0 rtfail 0 rcfail 0 chain 0 t3c 79 keyfail 0 [1.7 s]
#   unit {'pos': 3381, 'blk': None}: om1 5000 pos 464 st1 464 fail1 0 t4 20 t4only 0 t2only 0 rtfail 0 rcfail 0 chain 0 t3c 126 keyfail 0 [2.2 s]
#   unit {'pos': 3382, 'blk': None}: om1 5000 pos 308 st1 308 fail1 0 t4 64 t4only 0 t2only 0 rtfail 0 rcfail 0 chain 0 t3c 154 keyfail 0 [2.1 s]
#   unit {'pos': 3380, 'blk': None}: om1 5000 pos 75 st1 75 fail1 0 t4 11 t4only 0 t2only 0 rtfail 0 rcfail 0 chain 0 t3c 75 keyfail 0 [2.5 s]
#   unit {'pos': 3383, 'blk': None}: om1 5000 pos 313 st1 313 fail1 0 t4 34 t4only 0 t2only 0 rtfail 0 rcfail 0 chain 0 t3c 144 keyfail 0 [1.9 s]
#   unit {'pos': 3384, 'blk': None}: om1 5000 pos 280 st1 280 fail1 0 t4 29 t4only 0 t2only 0 rtfail 0 rcfail 0 chain 0 t3c 140 keyfail 0 [1.8 s]
#   unit {'pos': 3386, 'blk': None}: om1 5000 pos 568 st1 568 fail1 0 t4 69 t4only 0 t2only 0 rtfail 0 rcfail 0 chain 0 t3c 333 keyfail 0 [1.9 s]
#   unit {'pos': 3385, 'blk': None}: om1 5000 pos 214 st1 214 fail1 0 t4 35 t4only 0 t2only 0 rtfail 0 rcfail 0 chain 0 t3c 139 keyfail 0 [2.6 s]
#   unit {'pos': 3387, 'blk': None}: om1 5000 pos 346 st1 346 fail1 0 t4 71 t4only 0 t2only 0 rtfail 0 rcfail 0 chain 0 t3c 175 keyfail 0 [2.5 s]
#   unit {'pos': 3388, 'blk': None}: om1 5000 pos 299 st1 299 fail1 0 t4 78 t4only 0 t2only 0 rtfail 0 rcfail 0 chain 0 t3c 221 keyfail 0 [2.2 s]
#   unit {'pos': 3390, 'blk': None}: om1 5000 pos 776 st1 776 fail1 0 t4 210 t4only 0 t2only 0 rtfail 0 rcfail 0 chain 0 t3c 521 keyfail 0 [1.4 s]
#   unit {'pos': 3391, 'blk': None}: om1 5000 pos 755 st1 755 fail1 0 t4 241 t4only 0 t2only 0 rtfail 0 rcfail 0 chain 0 t3c 558 keyfail 0 [1.4 s]
#   unit {'pos': 3389, 'blk': None}: om1 5000 pos 593 st1 593 fail1 0 t4 94 t4only 0 t2only 0 rtfail 0 rcfail 0 chain 0 t3c 354 keyfail 0 [2.4 s]
#   unit {'pos': 3393, 'blk': None}: om1 5000 pos 466 st1 466 fail1 0 t4 112 t4only 0 t2only 0 rtfail 0 rcfail 0 chain 0 t3c 303 keyfail 0 [1.3 s]
#   unit {'pos': 3395, 'blk': None}: om1 5000 pos 443 st1 443 fail1 0 t4 73 t4only 0 t2only 0 rtfail 0 rcfail 0 chain 0 t3c 259 keyfail 0 [1.6 s]
#   unit {'pos': 3392, 'blk': None}: om1 5000 pos 552 st1 552 fail1 0 t4 101 t4only 0 t2only 0 rtfail 0 rcfail 0 chain 0 t3c 346 keyfail 0 [2.4 s]
#   unit {'pos': 3394, 'blk': None}: om1 5000 pos 569 st1 569 fail1 0 t4 102 t4only 0 t2only 0 rtfail 0 rcfail 0 chain 0 t3c 376 keyfail 0 [2.3 s]
#   unit {'pos': 3396, 'blk': None}: om1 5000 pos 411 st1 411 fail1 0 t4 105 t4only 0 t2only 0 rtfail 0 rcfail 0 chain 0 t3c 299 keyfail 0 [2.0 s]
#   unit {'pos': 3399, 'blk': None}: om1 5000 pos 476 st1 476 fail1 0 t4 78 t4only 0 t2only 0 rtfail 0 rcfail 0 chain 0 t3c 291 keyfail 0 [1.6 s]
#   unit {'pos': 3397, 'blk': None}: om1 5000 pos 244 st1 244 fail1 0 t4 52 t4only 0 t2only 0 rtfail 0 rcfail 0 chain 0 t3c 198 keyfail 0 [2.3 s]
#   unit {'pos': 3398, 'blk': None}: om1 5000 pos 649 st1 649 fail1 0 t4 89 t4only 0 t2only 0 rtfail 0 rcfail 0 chain 0 t3c 396 keyfail 0 [2.1 s]
#   unit {'pos': 3400, 'blk': None}: om1 5000 pos 105 st1 105 fail1 0 t4 25 t4only 0 t2only 0 rtfail 0 rcfail 0 chain 0 t3c 105 keyfail 0 [1.8 s]
#   unit {'pos': 3401, 'blk': None}: om1 5000 pos 407 st1 407 fail1 0 t4 52 t4only 0 t2only 0 rtfail 0 rcfail 0 chain 0 t3c 208 keyfail 0 [1.5 s]
#   unit {'pos': 3403, 'blk': None}: om1 5000 pos 716 st1 716 fail1 0 t4 170 t4only 0 t2only 0 rtfail 0 rcfail 0 chain 0 t3c 440 keyfail 0 [1.6 s]
#   unit {'pos': 3402, 'blk': None}: om1 5000 pos 547 st1 547 fail1 0 t4 52 t4only 0 t2only 0 rtfail 0 rcfail 0 chain 0 t3c 311 keyfail 0 [1.7 s]
#   unit {'pos': 3404, 'blk': None}: om1 5000 pos 694 st1 694 fail1 0 t4 191 t4only 0 t2only 0 rtfail 0 rcfail 0 chain 0 t3c 480 keyfail 0 [1.2 s]
#   unit {'pos': 3405, 'blk': None}: om1 5000 pos 556 st1 556 fail1 0 t4 231 t4only 0 t2only 0 rtfail 0 rcfail 0 chain 0 t3c 402 keyfail 0 [1.2 s]
#   unit {'pos': 3406, 'blk': None}: om1 5000 pos 594 st1 594 fail1 0 t4 116 t4only 0 t2only 0 rtfail 0 rcfail 0 chain 0 t3c 422 keyfail 0 [1.2 s]
#   unit {'pos': 3407, 'blk': None}: om1 5000 pos 672 st1 672 fail1 0 t4 154 t4only 0 t2only 0 rtfail 0 rcfail 0 chain 0 t3c 467 keyfail 0 [1.2 s]
#   unit {'pos': 3408, 'blk': None}: om1 5000 pos 840 st1 840 fail1 0 t4 116 t4only 0 t2only 0 rtfail 0 rcfail 0 chain 0 t3c 563 keyfail 0 [1.3 s]
#   unit {'pos': 3409, 'blk': None}: om1 5000 pos 526 st1 526 fail1 0 t4 148 t4only 0 t2only 0 rtfail 0 rcfail 0 chain 0 t3c 358 keyfail 0 [1.3 s]
#   unit {'pos': 3410, 'blk': None}: om1 5000 pos 169 st1 169 fail1 0 t4 29 t4only 0 t2only 0 rtfail 0 rcfail 0 chain 0 t3c 169 keyfail 0 [1.3 s]
#   unit {'pos': 3411, 'blk': None}: om1 5000 pos 675 st1 675 fail1 0 t4 131 t4only 0 t2only 0 rtfail 0 rcfail 0 chain 0 t3c 452 keyfail 0 [1.3 s]
#   unit {'pos': 3412, 'blk': None}: om1 5000 pos 167 st1 167 fail1 0 t4 29 t4only 0 t2only 0 rtfail 0 rcfail 0 chain 0 t3c 167 keyfail 0 [1.3 s]
#   unit {'pos': 3413, 'blk': None}: om1 5000 pos 587 st1 587 fail1 0 t4 82 t4only 0 t2only 0 rtfail 0 rcfail 0 chain 0 t3c 359 keyfail 0 [1.3 s]
#   unit {'pos': 3414, 'blk': None}: om1 5000 pos 599 st1 599 fail1 0 t4 74 t4only 0 t2only 0 rtfail 0 rcfail 0 chain 0 t3c 381 keyfail 0 [1.2 s]
#   unit {'pos': 3415, 'blk': None}: om1 5000 pos 372 st1 372 fail1 0 t4 72 t4only 0 t2only 0 rtfail 0 rcfail 0 chain 0 t3c 254 keyfail 0 [1.2 s]
#   unit {'pos': 3416, 'blk': None}: om1 5000 pos 423 st1 423 fail1 0 t4 68 t4only 0 t2only 0 rtfail 0 rcfail 0 chain 0 t3c 252 keyfail 0 [1.3 s]
#   unit {'pos': 3417, 'blk': None}: om1 5000 pos 730 st1 730 fail1 0 t4 100 t4only 0 t2only 0 rtfail 0 rcfail 0 chain 0 t3c 424 keyfail 0 [1.3 s]
#   unit {'pos': 3418, 'blk': None}: om1 5000 pos 179 st1 179 fail1 0 t4 1 t4only 0 t2only 0 rtfail 0 rcfail 0 chain 0 t3c 179 keyfail 0 [1.3 s]
#   unit {'pos': 3419, 'blk': None}: om1 5000 pos 94 st1 94 fail1 0 t4 0 t4only 0 t2only 0 rtfail 0 rcfail 0 chain 0 t3c 94 keyfail 0 [1.3 s]
#   unit {'pos': 3420, 'blk': None}: om1 5000 pos 574 st1 574 fail1 0 t4 53 t4only 0 t2only 0 rtfail 0 rcfail 0 chain 0 t3c 317 keyfail 0 [1.3 s]
#   unit {'pos': 3421, 'blk': None}: om1 5000 pos 357 st1 357 fail1 0 t4 52 t4only 0 t2only 0 rtfail 0 rcfail 0 chain 0 t3c 169 keyfail 0 [1.2 s]
#   unit {'pos': 3422, 'blk': None}: om1 5000 pos 301 st1 301 fail1 0 t4 11 t4only 0 t2only 0 rtfail 0 rcfail 0 chain 0 t3c 71 keyfail 0 [1.3 s]
#   unit {'pos': 3423, 'blk': None}: om1 5000 pos 554 st1 554 fail1 0 t4 7 t4only 0 t2only 0 rtfail 0 rcfail 0 chain 0 t3c 195 keyfail 0 [1.3 s]
#   unit {'pos': 3424, 'blk': None}: om1 5000 pos 745 st1 745 fail1 0 t4 6 t4only 0 t2only 0 rtfail 0 rcfail 0 chain 0 t3c 206 keyfail 0 [1.3 s]
#   unit {'pos': 3425, 'blk': None}: om1 5000 pos 448 st1 448 fail1 0 t4 4 t4only 0 t2only 0 rtfail 0 rcfail 0 chain 0 t3c 231 keyfail 0 [1.3 s]
#   unit {'pos': 3427, 'blk': None}: om1 5000 pos 368 st1 368 fail1 0 t4 12 t4only 0 t2only 0 rtfail 0 rcfail 0 chain 0 t3c 115 keyfail 0 [1.3 s]
#   unit {'pos': 3426, 'blk': None}: om1 5000 pos 258 st1 258 fail1 0 t4 2 t4only 0 t2only 0 rtfail 0 rcfail 0 chain 0 t3c 140 keyfail 0 [1.3 s]
#   unit {'pos': 3428, 'blk': None}: om1 5000 pos 419 st1 419 fail1 0 t4 111 t4only 0 t2only 0 rtfail 0 rcfail 0 chain 0 t3c 254 keyfail 0 [1.2 s]
#   unit {'pos': 3429, 'blk': None}: om1 5000 pos 535 st1 535 fail1 0 t4 153 t4only 0 t2only 0 rtfail 0 rcfail 0 chain 0 t3c 404 keyfail 0 [1.1 s]
#   unit {'pos': 3430, 'blk': None}: om1 5000 pos 366 st1 366 fail1 0 t4 52 t4only 0 t2only 0 rtfail 0 rcfail 0 chain 0 t3c 150 keyfail 0 [1.2 s]
#   unit {'pos': 3431, 'blk': None}: om1 5000 pos 241 st1 241 fail1 0 t4 64 t4only 0 t2only 0 rtfail 0 rcfail 0 chain 0 t3c 165 keyfail 0 [1.2 s]
#   unit {'pos': 3432, 'blk': None}: om1 5000 pos 581 st1 581 fail1 0 t4 120 t4only 0 t2only 0 rtfail 0 rcfail 0 chain 0 t3c 361 keyfail 0 [1.3 s]
#   unit {'pos': 3433, 'blk': None}: om1 5000 pos 428 st1 428 fail1 0 t4 103 t4only 0 t2only 0 rtfail 0 rcfail 0 chain 0 t3c 290 keyfail 0 [1.2 s]
#   unit {'pos': 3434, 'blk': None}: om1 5000 pos 530 st1 530 fail1 0 t4 112 t4only 0 t2only 0 rtfail 0 rcfail 0 chain 0 t3c 364 keyfail 0 [1.2 s]
#   unit {'pos': 3435, 'blk': None}: om1 5000 pos 986 st1 986 fail1 0 t4 84 t4only 0 t2only 0 rtfail 0 rcfail 0 chain 0 t3c 515 keyfail 0 [1.2 s]
#   unit {'pos': 3436, 'blk': None}: om1 5000 pos 407 st1 407 fail1 0 t4 33 t4only 0 t2only 0 rtfail 0 rcfail 0 chain 0 t3c 147 keyfail 0 [1.2 s]
#   unit {'pos': 3437, 'blk': None}: om1 5000 pos 251 st1 251 fail1 0 t4 23 t4only 0 t2only 0 rtfail 0 rcfail 0 chain 0 t3c 178 keyfail 0 [1.2 s]
#   unit {'pos': 3438, 'blk': None}: om1 5000 pos 259 st1 259 fail1 0 t4 36 t4only 0 t2only 0 rtfail 0 rcfail 0 chain 0 t3c 146 keyfail 0 [1.3 s]
#   unit {'pos': 3439, 'blk': None}: om1 5000 pos 381 st1 381 fail1 0 t4 40 t4only 0 t2only 0 rtfail 0 rcfail 0 chain 0 t3c 222 keyfail 0 [1.2 s]
#   unit {'pos': 3440, 'blk': None}: om1 5000 pos 633 st1 633 fail1 0 t4 59 t4only 0 t2only 0 rtfail 0 rcfail 0 chain 0 t3c 243 keyfail 0 [1.2 s]
#   unit {'pos': 3441, 'blk': None}: om1 5000 pos 847 st1 847 fail1 0 t4 23 t4only 0 t2only 0 rtfail 0 rcfail 0 chain 0 t3c 337 keyfail 0 [1.2 s]
#   unit {'pos': 3442, 'blk': None}: om1 5000 pos 345 st1 345 fail1 0 t4 72 t4only 0 t2only 0 rtfail 0 rcfail 0 chain 0 t3c 218 keyfail 0 [1.2 s]
#   unit {'pos': 3443, 'blk': None}: om1 5000 pos 460 st1 460 fail1 0 t4 81 t4only 0 t2only 0 rtfail 0 rcfail 0 chain 0 t3c 266 keyfail 0 [1.2 s]
#   unit {'pos': 3444, 'blk': None}: om1 5000 pos 707 st1 707 fail1 0 t4 39 t4only 0 t2only 0 rtfail 0 rcfail 0 chain 0 t3c 341 keyfail 0 [1.4 s]
#   unit {'pos': 3445, 'blk': None}: om1 5000 pos 348 st1 348 fail1 0 t4 55 t4only 0 t2only 0 rtfail 0 rcfail 0 chain 0 t3c 233 keyfail 0 [1.3 s]
#   unit {'pos': 3446, 'blk': None}: om1 5000 pos 904 st1 904 fail1 0 t4 251 t4only 0 t2only 0 rtfail 0 rcfail 0 chain 0 t3c 647 keyfail 0 [1.2 s]
#   unit {'pos': 3447, 'blk': None}: om1 5000 pos 1105 st1 1105 fail1 0 t4 296 t4only 0 t2only 0 rtfail 0 rcfail 0 chain 0 t3c 797 keyfail 0 [1.2 s]
#   unit {'pos': 3448, 'blk': None}: om1 5000 pos 579 st1 579 fail1 0 t4 159 t4only 0 t2only 0 rtfail 0 rcfail 0 chain 0 t3c 451 keyfail 0 [1.2 s]
#   unit {'pos': 3449, 'blk': None}: om1 5000 pos 912 st1 912 fail1 0 t4 118 t4only 0 t2only 0 rtfail 0 rcfail 0 chain 0 t3c 561 keyfail 0 [1.1 s]
#   unit {'pos': 3450, 'blk': None}: om1 5000 pos 575 st1 575 fail1 0 t4 60 t4only 0 t2only 0 rtfail 0 rcfail 0 chain 0 t3c 319 keyfail 0 [1.1 s]
#   unit {'pos': 3451, 'blk': None}: om1 5000 pos 475 st1 475 fail1 0 t4 95 t4only 0 t2only 0 rtfail 0 rcfail 0 chain 0 t3c 329 keyfail 0 [1.2 s]
#   unit {'pos': 3452, 'blk': None}: om1 5000 pos 519 st1 519 fail1 0 t4 99 t4only 0 t2only 0 rtfail 0 rcfail 0 chain 0 t3c 385 keyfail 0 [1.3 s]
#   unit {'pos': 3453, 'blk': None}: om1 5000 pos 979 st1 979 fail1 0 t4 30 t4only 0 t2only 0 rtfail 0 rcfail 0 chain 0 t3c 523 keyfail 0 [1.3 s]
#   unit {'pos': 3454, 'blk': None}: om1 5000 pos 1025 st1 1025 fail1 0 t4 45 t4only 0 t2only 0 rtfail 0 rcfail 0 chain 0 t3c 509 keyfail 0 [1.3 s]
#   unit {'pos': 3455, 'blk': None}: om1 5000 pos 676 st1 676 fail1 0 t4 53 t4only 0 t2only 0 rtfail 0 rcfail 0 chain 0 t3c 443 keyfail 0 [1.3 s]
#   unit {'pos': 3456, 'blk': None}: om1 5000 pos 270 st1 270 fail1 0 t4 10 t4only 0 t2only 0 rtfail 0 rcfail 0 chain 0 t3c 141 keyfail 0 [1.3 s]
#   unit {'pos': 3457, 'blk': None}: om1 5000 pos 302 st1 302 fail1 0 t4 32 t4only 0 t2only 0 rtfail 0 rcfail 0 chain 0 t3c 175 keyfail 0 [1.2 s]
#   unit {'pos': 3458, 'blk': None}: om1 5000 pos 469 st1 469 fail1 0 t4 67 t4only 0 t2only 0 rtfail 0 rcfail 0 chain 0 t3c 294 keyfail 0 [1.2 s]
#   unit {'pos': 3459, 'blk': None}: om1 5000 pos 749 st1 749 fail1 0 t4 38 t4only 0 t2only 0 rtfail 0 rcfail 0 chain 0 t3c 347 keyfail 0 [1.2 s]
#   unit {'pos': 3460, 'blk': None}: om1 5000 pos 526 st1 526 fail1 0 t4 35 t4only 0 t2only 0 rtfail 0 rcfail 0 chain 0 t3c 244 keyfail 0 [1.5 s]
#   unit {'pos': 3461, 'blk': None}: om1 5000 pos 589 st1 589 fail1 0 t4 14 t4only 0 t2only 0 rtfail 0 rcfail 0 chain 0 t3c 368 keyfail 0 [1.5 s]
#   unit {'pos': 3462, 'blk': None}: om1 5000 pos 691 st1 691 fail1 0 t4 28 t4only 0 t2only 0 rtfail 0 rcfail 0 chain 0 t3c 85 keyfail 0 [1.5 s]
#   unit {'pos': 3463, 'blk': None}: om1 5000 pos 872 st1 872 fail1 0 t4 10 t4only 0 t2only 0 rtfail 0 rcfail 0 chain 0 t3c 58 keyfail 0 [1.7 s]
#   unit {'pos': 3464, 'blk': None}: om1 5000 pos 142 st1 142 fail1 0 t4 45 t4only 0 t2only 0 rtfail 0 rcfail 0 chain 0 t3c 142 keyfail 0 [2.1 s]
#   unit {'pos': 3465, 'blk': None}: om1 5000 pos 82 st1 82 fail1 0 t4 20 t4only 0 t2only 0 rtfail 0 rcfail 0 chain 0 t3c 81 keyfail 0 [2.9 s]
#   unit {'pos': 3466, 'blk': None}: om1 5000 pos 1248 st1 1248 fail1 0 t4 99 t4only 0 t2only 0 rtfail 0 rcfail 0 chain 0 t3c 761 keyfail 0 [2.8 s]
#   unit {'pos': 3467, 'blk': None}: om1 5000 pos 527 st1 527 fail1 0 t4 44 t4only 0 t2only 0 rtfail 0 rcfail 0 chain 0 t3c 298 keyfail 0 [3.6 s]
#   unit {'pos': 3468, 'blk': None}: om1 5000 pos 865 st1 865 fail1 0 t4 74 t4only 0 t2only 0 rtfail 0 rcfail 0 chain 0 t3c 497 keyfail 0 [3.7 s]
#   unit {'pos': 3470, 'blk': None}: om1 5000 pos 858 st1 858 fail1 0 t4 34 t4only 0 t2only 0 rtfail 0 rcfail 0 chain 0 t3c 252 keyfail 0 [3.0 s]
#   unit {'pos': 3469, 'blk': None}: om1 5000 pos 440 st1 440 fail1 0 t4 33 t4only 0 t2only 0 rtfail 0 rcfail 0 chain 0 t3c 160 keyfail 0 [3.2 s]
#   unit {'pos': 3471, 'blk': None}: om1 5000 pos 962 st1 962 fail1 0 t4 20 t4only 0 t2only 0 rtfail 0 rcfail 0 chain 0 t3c 416 keyfail 0 [3.8 s]
#   unit {'pos': 3472, 'blk': None}: om1 5000 pos 930 st1 930 fail1 0 t4 4 t4only 0 t2only 0 rtfail 0 rcfail 0 chain 0 t3c 185 keyfail 0 [3.8 s]
#   unit {'pos': 3473, 'blk': None}: om1 5000 pos 343 st1 343 fail1 0 t4 12 t4only 0 t2only 0 rtfail 0 rcfail 0 chain 0 t3c 162 keyfail 0 [4.1 s]
#   unit {'pos': 3474, 'blk': None}: om1 5000 pos 457 st1 457 fail1 0 t4 0 t4only 0 t2only 0 rtfail 0 rcfail 0 chain 0 t3c 207 keyfail 0 [4.1 s]
#   unit {'pos': 3475, 'blk': None}: om1 5000 pos 804 st1 804 fail1 0 t4 10 t4only 0 t2only 0 rtfail 0 rcfail 0 chain 0 t3c 314 keyfail 0 [3.5 s]
#   unit {'pos': 3476, 'blk': None}: om1 5000 pos 287 st1 287 fail1 0 t4 22 t4only 0 t2only 0 rtfail 0 rcfail 0 chain 0 t3c 126 keyfail 0 [3.6 s]
#   unit {'pos': 3477, 'blk': None}: om1 5000 pos 356 st1 356 fail1 0 t4 14 t4only 0 t2only 0 rtfail 0 rcfail 0 chain 0 t3c 66 keyfail 0 [3.6 s]
#   unit {'pos': 3478, 'blk': None}: om1 5000 pos 322 st1 322 fail1 0 t4 12 t4only 0 t2only 0 rtfail 0 rcfail 0 chain 0 t3c 63 keyfail 0 [3.6 s]
#   unit {'pos': 3479, 'blk': None}: om1 5000 pos 280 st1 280 fail1 0 t4 8 t4only 0 t2only 0 rtfail 0 rcfail 0 chain 0 t3c 30 keyfail 0 [4.2 s]
#   unit {'pos': 3480, 'blk': None}: om1 5000 pos 15 st1 15 fail1 0 t4 5 t4only 0 t2only 0 rtfail 0 rcfail 0 chain 0 t3c 15 keyfail 0 [4.9 s]
#   unit {'pos': 3482, 'blk': None}: om1 5000 pos 159 st1 159 fail1 0 t4 46 t4only 0 t2only 0 rtfail 0 rcfail 0 chain 0 t3c 159 keyfail 0 [4.3 s]
#   unit {'pos': 3481, 'blk': None}: om1 5000 pos 80 st1 80 fail1 0 t4 22 t4only 0 t2only 0 rtfail 0 rcfail 0 chain 0 t3c 78 keyfail 0 [4.5 s]
#   unit {'pos': 3483, 'blk': None}: om1 5000 pos 27 st1 27 fail1 0 t4 14 t4only 0 t2only 0 rtfail 0 rcfail 0 chain 0 t3c 27 keyfail 0 [4.2 s]
#   unit {'pos': 3485, 'blk': None}: om1 5000 pos 382 st1 382 fail1 0 t4 4 t4only 0 t2only 0 rtfail 0 rcfail 0 chain 0 t3c 105 keyfail 0 [4.2 s]
#   unit {'pos': 3486, 'blk': None}: om1 5000 pos 691 st1 691 fail1 0 t4 0 t4only 0 t2only 0 rtfail 0 rcfail 0 chain 0 t3c 262 keyfail 0 [4.6 s]
#   unit {'pos': 3484, 'blk': None}: om1 5000 pos 435 st1 435 fail1 0 t4 2 t4only 0 t2only 0 rtfail 0 rcfail 0 chain 0 t3c 42 keyfail 0 [5.4 s]
#   unit {'pos': 3487, 'blk': None}: om1 5000 pos 356 st1 356 fail1 0 t4 6 t4only 0 t2only 0 rtfail 0 rcfail 0 chain 0 t3c 93 keyfail 0 [3.9 s]
#   unit {'pos': 3489, 'blk': None}: om1 5000 pos 742 st1 742 fail1 0 t4 6 t4only 0 t2only 0 rtfail 0 rcfail 0 chain 0 t3c 29 keyfail 0 [4.3 s]
#   unit {'pos': 3488, 'blk': None}: om1 5000 pos 827 st1 827 fail1 0 t4 1 t4only 0 t2only 0 rtfail 0 rcfail 0 chain 0 t3c 24 keyfail 0 [4.9 s]
#   unit {'pos': 3490, 'blk': None}: om1 5000 pos 383 st1 383 fail1 0 t4 8 t4only 0 t2only 0 rtfail 0 rcfail 0 chain 0 t3c 67 keyfail 0 [4.9 s]
#   unit {'pos': 3491, 'blk': None}: om1 5000 pos 166 st1 166 fail1 0 t4 18 t4only 0 t2only 0 rtfail 0 rcfail 0 chain 0 t3c 80 keyfail 0 [4.6 s]
#   unit {'pos': 3493, 'blk': None}: om1 5000 pos 833 st1 833 fail1 0 t4 0 t4only 0 t2only 0 rtfail 0 rcfail 0 chain 0 t3c 308 keyfail 0 [3.6 s]
#   unit {'pos': 3492, 'blk': None}: om1 5000 pos 503 st1 503 fail1 0 t4 6 t4only 0 t2only 0 rtfail 0 rcfail 0 chain 0 t3c 157 keyfail 0 [4.6 s]
#   unit {'pos': 3495, 'blk': None}: om1 5000 pos 956 st1 956 fail1 0 t4 61 t4only 0 t2only 0 rtfail 0 rcfail 0 chain 0 t3c 408 keyfail 0 [3.7 s]
#   unit {'pos': 3494, 'blk': None}: om1 5000 pos 646 st1 646 fail1 0 t4 61 t4only 0 t2only 0 rtfail 0 rcfail 0 chain 0 t3c 308 keyfail 0 [3.9 s]
#   unit {'pos': 3496, 'blk': None}: om1 5000 pos 521 st1 521 fail1 0 t4 28 t4only 0 t2only 0 rtfail 0 rcfail 0 chain 0 t3c 108 keyfail 0 [4.5 s]
#   unit {'pos': 3497, 'blk': None}: om1 5000 pos 186 st1 186 fail1 0 t4 0 t4only 0 t2only 0 rtfail 0 rcfail 0 chain 0 t3c 59 keyfail 0 [4.4 s]
#   unit {'pos': 3498, 'blk': None}: om1 5000 pos 424 st1 424 fail1 0 t4 12 t4only 0 t2only 0 rtfail 0 rcfail 0 chain 0 t3c 111 keyfail 0 [4.3 s]
#   unit {'pos': 3499, 'blk': None}: om1 5000 pos 1000 st1 1000 fail1 0 t4 5 t4only 0 t2only 0 rtfail 0 rcfail 0 chain 0 t3c 248 keyfail 0 [4.5 s]
#   unit {'pos': 3500, 'blk': None}: om1 5000 pos 423 st1 423 fail1 0 t4 14 t4only 0 t2only 0 rtfail 0 rcfail 0 chain 0 t3c 107 keyfail 0 [4.0 s]
#   unit {'pos': 3501, 'blk': None}: om1 5000 pos 406 st1 406 fail1 0 t4 24 t4only 0 t2only 0 rtfail 0 rcfail 0 chain 0 t3c 169 keyfail 0 [3.2 s]
#   unit {'pos': 3502, 'blk': None}: om1 5000 pos 320 st1 320 fail1 0 t4 62 t4only 0 t2only 0 rtfail 0 rcfail 0 chain 0 t3c 190 keyfail 0 [3.1 s]
#   unit {'pos': 3503, 'blk': None}: om1 5000 pos 812 st1 812 fail1 0 t4 46 t4only 0 t2only 0 rtfail 0 rcfail 0 chain 0 t3c 372 keyfail 0 [3.9 s]
#   unit {'pos': 3505, 'blk': None}: om1 5000 pos 334 st1 334 fail1 0 t4 2 t4only 0 t2only 0 rtfail 0 rcfail 0 chain 0 t3c 103 keyfail 0 [2.7 s]
#   unit {'pos': 3504, 'blk': None}: om1 5000 pos 237 st1 237 fail1 0 t4 11 t4only 0 t2only 0 rtfail 0 rcfail 0 chain 0 t3c 77 keyfail 0 [2.9 s]
#   unit {'pos': 3506, 'blk': None}: om1 5000 pos 728 st1 728 fail1 0 t4 16 t4only 0 t2only 0 rtfail 0 rcfail 0 chain 0 t3c 183 keyfail 0 [3.4 s]
#   unit {'pos': 3507, 'blk': None}: om1 5000 pos 666 st1 666 fail1 0 t4 18 t4only 0 t2only 0 rtfail 0 rcfail 0 chain 0 t3c 103 keyfail 0 [3.3 s]
#   unit {'pos': 3508, 'blk': None}: om1 5000 pos 715 st1 715 fail1 0 t4 4 t4only 0 t2only 0 rtfail 0 rcfail 0 chain 0 t3c 42 keyfail 0 [4.1 s]
#   unit {'pos': 3509, 'blk': None}: om1 5000 pos 444 st1 444 fail1 0 t4 37 t4only 0 t2only 0 rtfail 0 rcfail 0 chain 0 t3c 104 keyfail 0 [4.1 s]
#   unit {'pos': 3510, 'blk': None}: om1 5000 pos 393 st1 393 fail1 0 t4 18 t4only 0 t2only 0 rtfail 0 rcfail 0 chain 0 t3c 58 keyfail 0 [4.9 s]
#   unit {'pos': 3511, 'blk': None}: om1 5000 pos 358 st1 358 fail1 0 t4 39 t4only 0 t2only 0 rtfail 0 rcfail 0 chain 0 t3c 136 keyfail 0 [4.3 s]
#   unit {'pos': 3512, 'blk': None}: om1 5000 pos 849 st1 849 fail1 0 t4 161 t4only 0 t2only 0 rtfail 0 rcfail 0 chain 0 t3c 406 keyfail 0 [3.5 s]
#   unit {'pos': 3513, 'blk': None}: om1 5000 pos 495 st1 495 fail1 0 t4 29 t4only 0 t2only 0 rtfail 0 rcfail 0 chain 0 t3c 114 keyfail 0 [4.0 s]
#   unit {'pos': 3514, 'blk': None}: om1 5000 pos 414 st1 414 fail1 0 t4 12 t4only 0 t2only 0 rtfail 0 rcfail 0 chain 0 t3c 118 keyfail 0 [3.2 s]
#   unit {'pos': 3515, 'blk': None}: om1 5000 pos 403 st1 403 fail1 0 t4 16 t4only 0 t2only 0 rtfail 0 rcfail 0 chain 0 t3c 115 keyfail 0 [3.3 s]
#   unit {'pos': 3516, 'blk': None}: om1 5000 pos 90 st1 90 fail1 0 t4 2 t4only 0 t2only 0 rtfail 0 rcfail 0 chain 0 t3c 89 keyfail 0 [3.8 s]
#   unit {'pos': 3517, 'blk': None}: om1 5000 pos 226 st1 226 fail1 0 t4 6 t4only 0 t2only 0 rtfail 0 rcfail 0 chain 0 t3c 105 keyfail 0 [3.4 s]
#   unit {'pos': 3518, 'blk': None}: om1 5000 pos 372 st1 372 fail1 0 t4 6 t4only 0 t2only 0 rtfail 0 rcfail 0 chain 0 t3c 128 keyfail 0 [4.4 s]
#   unit {'pos': 3519, 'blk': None}: om1 5000 pos 621 st1 621 fail1 0 t4 7 t4only 0 t2only 0 rtfail 0 rcfail 0 chain 0 t3c 188 keyfail 0 [5.0 s]
#   unit {'pos': 3521, 'blk': None}: om1 5000 pos 358 st1 358 fail1 0 t4 33 t4only 0 t2only 0 rtfail 0 rcfail 0 chain 0 t3c 205 keyfail 0 [4.2 s]
#   unit {'pos': 3520, 'blk': None}: om1 5000 pos 438 st1 438 fail1 0 t4 38 t4only 0 t2only 0 rtfail 0 rcfail 0 chain 0 t3c 151 keyfail 0 [4.6 s]
#   unit {'pos': 3522, 'blk': None}: om1 5000 pos 607 st1 607 fail1 0 t4 48 t4only 0 t2only 0 rtfail 0 rcfail 0 chain 0 t3c 327 keyfail 0 [4.3 s]
#   unit {'pos': 3523, 'blk': None}: om1 5000 pos 354 st1 354 fail1 0 t4 27 t4only 0 t2only 0 rtfail 0 rcfail 0 chain 0 t3c 162 keyfail 0 [4.2 s]
#   unit {'pos': 3524, 'blk': None}: om1 5000 pos 524 st1 524 fail1 0 t4 6 t4only 0 t2only 0 rtfail 0 rcfail 0 chain 0 t3c 174 keyfail 0 [3.4 s]
#   unit {'pos': 3525, 'blk': None}: om1 5000 pos 769 st1 769 fail1 0 t4 42 t4only 0 t2only 0 rtfail 0 rcfail 0 chain 0 t3c 348 keyfail 0 [3.5 s]
#   unit {'pos': 3526, 'blk': None}: om1 5000 pos 432 st1 432 fail1 0 t4 22 t4only 0 t2only 0 rtfail 0 rcfail 0 chain 0 t3c 166 keyfail 0 [2.9 s]
#   unit {'pos': 3527, 'blk': None}: om1 5000 pos 519 st1 519 fail1 0 t4 26 t4only 0 t2only 0 rtfail 0 rcfail 0 chain 0 t3c 214 keyfail 0 [2.9 s]
#   unit {'pos': 3528, 'blk': None}: om1 5000 pos 254 st1 254 fail1 0 t4 32 t4only 0 t2only 0 rtfail 0 rcfail 0 chain 0 t3c 142 keyfail 0 [3.2 s]
#   unit {'pos': 3529, 'blk': None}: om1 5000 pos 872 st1 872 fail1 0 t4 38 t4only 0 t2only 0 rtfail 0 rcfail 0 chain 0 t3c 320 keyfail 0 [4.0 s]
#   unit {'pos': 3530, 'blk': None}: om1 5000 pos 801 st1 801 fail1 0 t4 161 t4only 0 t2only 0 rtfail 0 rcfail 0 chain 0 t3c 454 keyfail 0 [3.9 s]
#   unit {'pos': 3531, 'blk': None}: om1 5000 pos 934 st1 934 fail1 0 t4 86 t4only 0 t2only 0 rtfail 0 rcfail 0 chain 0 t3c 438 keyfail 0 [3.1 s]
#   unit {'pos': 3532, 'blk': None}: om1 5000 pos 702 st1 702 fail1 0 t4 73 t4only 0 t2only 0 rtfail 0 rcfail 0 chain 0 t3c 369 keyfail 0 [4.1 s]
#   unit {'pos': 3533, 'blk': None}: om1 5000 pos 1016 st1 1016 fail1 0 t4 87 t4only 0 t2only 0 rtfail 0 rcfail 0 chain 0 t3c 472 keyfail 0 [3.4 s]
#   unit {'pos': 3534, 'blk': None}: om1 5000 pos 977 st1 977 fail1 0 t4 84 t4only 0 t2only 0 rtfail 0 rcfail 0 chain 0 t3c 470 keyfail 0 [3.3 s]
#   unit {'pos': 3535, 'blk': None}: om1 5000 pos 168 st1 168 fail1 0 t4 18 t4only 0 t2only 0 rtfail 0 rcfail 0 chain 0 t3c 132 keyfail 0 [4.2 s]
#   unit {'pos': 3536, 'blk': None}: om1 5000 pos 545 st1 545 fail1 0 t4 40 t4only 0 t2only 0 rtfail 0 rcfail 0 chain 0 t3c 198 keyfail 0 [3.3 s]
#   unit {'pos': 3537, 'blk': None}: om1 5000 pos 855 st1 855 fail1 0 t4 23 t4only 0 t2only 0 rtfail 0 rcfail 0 chain 0 t3c 351 keyfail 0 [3.6 s]
#   unit {'pos': 3538, 'blk': None}: om1 5000 pos 183 st1 183 fail1 0 t4 10 t4only 0 t2only 0 rtfail 0 rcfail 0 chain 0 t3c 183 keyfail 0 [3.9 s]
#   unit {'pos': 3539, 'blk': None}: om1 5000 pos 335 st1 335 fail1 0 t4 24 t4only 0 t2only 0 rtfail 0 rcfail 0 chain 0 t3c 163 keyfail 0 [3.4 s]
#   unit {'pos': 3540, 'blk': None}: om1 5000 pos 629 st1 629 fail1 0 t4 40 t4only 0 t2only 0 rtfail 0 rcfail 0 chain 0 t3c 370 keyfail 0 [3.6 s]
#   unit {'pos': 3541, 'blk': None}: om1 5000 pos 439 st1 439 fail1 0 t4 25 t4only 0 t2only 0 rtfail 0 rcfail 0 chain 0 t3c 194 keyfail 0 [3.4 s]
#   unit {'pos': 3542, 'blk': None}: om1 5000 pos 400 st1 400 fail1 0 t4 15 t4only 0 t2only 0 rtfail 0 rcfail 0 chain 0 t3c 189 keyfail 0 [3.2 s]
#   unit {'pos': 3543, 'blk': None}: om1 5000 pos 645 st1 645 fail1 0 t4 59 t4only 0 t2only 0 rtfail 0 rcfail 0 chain 0 t3c 311 keyfail 0 [3.4 s]
#   unit {'pos': 3544, 'blk': None}: om1 5000 pos 644 st1 644 fail1 0 t4 120 t4only 0 t2only 0 rtfail 0 rcfail 0 chain 0 t3c 353 keyfail 0 [2.7 s]
#   unit {'pos': 3545, 'blk': None}: om1 5000 pos 561 st1 561 fail1 0 t4 112 t4only 0 t2only 0 rtfail 0 rcfail 0 chain 0 t3c 289 keyfail 0 [3.0 s]
#   unit {'pos': 3546, 'blk': None}: om1 5000 pos 906 st1 906 fail1 0 t4 112 t4only 0 t2only 0 rtfail 0 rcfail 0 chain 0 t3c 498 keyfail 0 [3.7 s]
#   unit {'pos': 3547, 'blk': None}: om1 5000 pos 693 st1 693 fail1 0 t4 88 t4only 0 t2only 0 rtfail 0 rcfail 0 chain 0 t3c 414 keyfail 0 [4.3 s]
#   unit {'pos': 3548, 'blk': None}: om1 5000 pos 883 st1 883 fail1 0 t4 103 t4only 0 t2only 0 rtfail 0 rcfail 0 chain 0 t3c 484 keyfail 0 [4.4 s]
#   unit {'pos': 3549, 'blk': None}: om1 5000 pos 1213 st1 1213 fail1 0 t4 93 t4only 0 t2only 0 rtfail 0 rcfail 0 chain 0 t3c 546 keyfail 0 [4.0 s]
#   unit {'pos': 3550, 'blk': None}: om1 5000 pos 631 st1 631 fail1 0 t4 172 t4only 0 t2only 0 rtfail 0 rcfail 0 chain 0 t3c 437 keyfail 0 [4.3 s]
#   unit {'pos': 3551, 'blk': None}: om1 5000 pos 735 st1 735 fail1 0 t4 70 t4only 0 t2only 0 rtfail 0 rcfail 0 chain 0 t3c 429 keyfail 0 [3.2 s]
#   unit {'pos': 3552, 'blk': None}: om1 5000 pos 753 st1 753 fail1 0 t4 47 t4only 0 t2only 0 rtfail 0 rcfail 0 chain 0 t3c 386 keyfail 0 [4.3 s]
#   unit {'pos': 3553, 'blk': None}: om1 5000 pos 262 st1 262 fail1 0 t4 37 t4only 0 t2only 0 rtfail 0 rcfail 0 chain 0 t3c 169 keyfail 0 [4.0 s]
#   unit {'pos': 3554, 'blk': None}: om1 5000 pos 886 st1 886 fail1 0 t4 34 t4only 0 t2only 0 rtfail 0 rcfail 0 chain 0 t3c 295 keyfail 0 [4.1 s]
#   unit {'pos': 3555, 'blk': None}: om1 5000 pos 1053 st1 1053 fail1 0 t4 49 t4only 0 t2only 0 rtfail 0 rcfail 0 chain 0 t3c 468 keyfail 0 [3.9 s]
#   unit {'pos': 3556, 'blk': None}: om1 5000 pos 993 st1 993 fail1 0 t4 31 t4only 0 t2only 0 rtfail 0 rcfail 0 chain 0 t3c 450 keyfail 0 [2.7 s]
#   unit {'pos': 3557, 'blk': None}: om1 5000 pos 1127 st1 1127 fail1 0 t4 2 t4only 0 t2only 0 rtfail 0 rcfail 0 chain 0 t3c 324 keyfail 0 [4.0 s]
#   unit {'pos': 3558, 'blk': None}: om1 5000 pos 340 st1 340 fail1 0 t4 10 t4only 0 t2only 0 rtfail 0 rcfail 0 chain 0 t3c 150 keyfail 0 [3.6 s]
#   unit {'pos': 3559, 'blk': None}: om1 5000 pos 403 st1 403 fail1 0 t4 0 t4only 0 t2only 0 rtfail 0 rcfail 0 chain 0 t3c 228 keyfail 0 [3.9 s]
#   unit {'pos': 3560, 'blk': None}: om1 5000 pos 540 st1 540 fail1 0 t4 2 t4only 0 t2only 0 rtfail 0 rcfail 0 chain 0 t3c 196 keyfail 0 [4.1 s]
#   unit {'pos': 3561, 'blk': None}: om1 5000 pos 568 st1 568 fail1 0 t4 16 t4only 0 t2only 0 rtfail 0 rcfail 0 chain 0 t3c 202 keyfail 0 [4.7 s]
#   unit {'pos': 3562, 'blk': None}: om1 5000 pos 925 st1 925 fail1 0 t4 4 t4only 0 t2only 0 rtfail 0 rcfail 0 chain 0 t3c 326 keyfail 0 [3.8 s]
#   unit {'pos': 3563, 'blk': None}: om1 5000 pos 624 st1 624 fail1 0 t4 82 t4only 0 t2only 0 rtfail 0 rcfail 0 chain 0 t3c 149 keyfail 0 [4.0 s]
#   unit {'pos': 3564, 'blk': None}: om1 5000 pos 582 st1 582 fail1 0 t4 67 t4only 0 t2only 0 rtfail 0 rcfail 0 chain 0 t3c 281 keyfail 0 [3.5 s]
#   unit {'pos': 3565, 'blk': None}: om1 5000 pos 386 st1 386 fail1 0 t4 92 t4only 0 t2only 0 rtfail 0 rcfail 0 chain 0 t3c 223 keyfail 0 [3.3 s]
#   unit {'pos': 3566, 'blk': None}: om1 5000 pos 523 st1 523 fail1 0 t4 114 t4only 0 t2only 0 rtfail 0 rcfail 0 chain 0 t3c 320 keyfail 0 [2.7 s]
#   unit {'pos': 3567, 'blk': None}: om1 5000 pos 769 st1 769 fail1 0 t4 68 t4only 0 t2only 0 rtfail 0 rcfail 0 chain 0 t3c 398 keyfail 0 [2.7 s]
#   unit {'pos': 3568, 'blk': None}: om1 5000 pos 1223 st1 1223 fail1 0 t4 51 t4only 0 t2only 0 rtfail 0 rcfail 0 chain 0 t3c 638 keyfail 0 [2.7 s]
#   unit {'pos': 3569, 'blk': None}: om1 5000 pos 1095 st1 1095 fail1 0 t4 56 t4only 0 t2only 0 rtfail 0 rcfail 0 chain 0 t3c 425 keyfail 0 [3.1 s]
#   unit {'pos': 3570, 'blk': None}: om1 5000 pos 727 st1 727 fail1 0 t4 32 t4only 0 t2only 0 rtfail 0 rcfail 0 chain 0 t3c 361 keyfail 0 [2.8 s]
#   unit {'pos': 3571, 'blk': None}: om1 5000 pos 796 st1 796 fail1 0 t4 11 t4only 0 t2only 0 rtfail 0 rcfail 0 chain 0 t3c 425 keyfail 0 [2.9 s]
#   unit {'pos': 3572, 'blk': None}: om1 5000 pos 544 st1 544 fail1 0 t4 2 t4only 0 t2only 0 rtfail 0 rcfail 0 chain 0 t3c 99 keyfail 0 [2.9 s]
#   unit {'pos': 3573, 'blk': None}: om1 5000 pos 282 st1 282 fail1 0 t4 0 t4only 0 t2only 0 rtfail 0 rcfail 0 chain 0 t3c 163 keyfail 0 [2.9 s]
#   unit {'pos': 3574, 'blk': None}: om1 5000 pos 468 st1 468 fail1 0 t4 53 t4only 0 t2only 0 rtfail 0 rcfail 0 chain 0 t3c 237 keyfail 0 [2.9 s]
#   unit {'pos': 3575, 'blk': None}: om1 5000 pos 313 st1 313 fail1 0 t4 29 t4only 0 t2only 0 rtfail 0 rcfail 0 chain 0 t3c 180 keyfail 0 [3.1 s]
#   unit {'pos': 3576, 'blk': None}: om1 5000 pos 724 st1 724 fail1 0 t4 95 t4only 0 t2only 0 rtfail 0 rcfail 0 chain 0 t3c 401 keyfail 0 [3.5 s]
#   unit {'pos': 3578, 'blk': None}: om1 5000 pos 248 st1 248 fail1 0 t4 6 t4only 0 t2only 0 rtfail 0 rcfail 0 chain 0 t3c 125 keyfail 0 [3.2 s]
#   unit {'pos': 3577, 'blk': None}: om1 5000 pos 502 st1 502 fail1 0 t4 34 t4only 0 t2only 0 rtfail 0 rcfail 0 chain 0 t3c 211 keyfail 0 [3.7 s]
#   unit {'pos': 3580, 'blk': None}: om1 5000 pos 526 st1 526 fail1 0 t4 65 t4only 0 t2only 0 rtfail 0 rcfail 0 chain 0 t3c 237 keyfail 0 [3.3 s]
#   unit {'pos': 3579, 'blk': None}: om1 5000 pos 708 st1 708 fail1 0 t4 18 t4only 0 t2only 0 rtfail 0 rcfail 0 chain 0 t3c 245 keyfail 0 [3.9 s]
#   unit {'pos': 3581, 'blk': None}: om1 5000 pos 680 st1 680 fail1 0 t4 27 t4only 0 t2only 0 rtfail 0 rcfail 0 chain 0 t3c 360 keyfail 0 [3.5 s]
#   unit {'pos': 3582, 'blk': None}: om1 5000 pos 684 st1 684 fail1 0 t4 75 t4only 0 t2only 0 rtfail 0 rcfail 0 chain 0 t3c 389 keyfail 0 [3.3 s]
#   unit {'pos': 3583, 'blk': None}: om1 5000 pos 931 st1 931 fail1 0 t4 112 t4only 0 t2only 0 rtfail 0 rcfail 0 chain 0 t3c 508 keyfail 0 [3.4 s]
#   unit {'pos': 3584, 'blk': None}: om1 5000 pos 731 st1 731 fail1 0 t4 97 t4only 0 t2only 0 rtfail 0 rcfail 0 chain 0 t3c 381 keyfail 0 [3.7 s]
#   unit {'pos': 3585, 'blk': None}: om1 5000 pos 1072 st1 1072 fail1 0 t4 88 t4only 0 t2only 0 rtfail 0 rcfail 0 chain 0 t3c 533 keyfail 0 [3.8 s]
#   unit {'pos': 3586, 'blk': None}: om1 5000 pos 739 st1 739 fail1 0 t4 95 t4only 0 t2only 0 rtfail 0 rcfail 0 chain 0 t3c 458 keyfail 0 [4.3 s]
#   unit {'pos': 3587, 'blk': None}: om1 5000 pos 732 st1 732 fail1 0 t4 22 t4only 0 t2only 0 rtfail 0 rcfail 0 chain 0 t3c 328 keyfail 0 [3.4 s]
#   unit {'pos': 3588, 'blk': None}: om1 5000 pos 665 st1 665 fail1 0 t4 38 t4only 0 t2only 0 rtfail 0 rcfail 0 chain 0 t3c 363 keyfail 0 [4.0 s]
#   unit {'pos': 3589, 'blk': None}: om1 5000 pos 672 st1 672 fail1 0 t4 16 t4only 0 t2only 0 rtfail 0 rcfail 0 chain 0 t3c 299 keyfail 0 [4.6 s]
#   unit {'pos': 3590, 'blk': None}: om1 5000 pos 701 st1 701 fail1 0 t4 42 t4only 0 t2only 0 rtfail 0 rcfail 0 chain 0 t3c 377 keyfail 0 [4.3 s]
#   unit {'pos': 3591, 'blk': None}: om1 5000 pos 494 st1 494 fail1 0 t4 8 t4only 0 t2only 0 rtfail 0 rcfail 0 chain 0 t3c 96 keyfail 0 [3.9 s]
#   unit {'pos': 3592, 'blk': None}: om1 5000 pos 546 st1 546 fail1 0 t4 27 t4only 12 t2only 0 rtfail 12 rcfail 0 chain 0 t3c 172 keyfail 0 [3.3 s]
#   unit {'pos': 3596, 'blk': None}: om1 5000 pos 421 st1 421 fail1 0 t4 242 t4only 0 t2only 0 rtfail 0 rcfail 0 chain 0 t3c 397 keyfail 0 [2.2 s]
#   unit {'pos': 3595, 'blk': None}: om1 5000 pos 1156 st1 1156 fail1 0 t4 728 t4only 0 t2only 0 rtfail 0 rcfail 0 chain 0 t3c 1103 keyfail 0 [2.6 s]
#   unit {'pos': 3593, 'blk': None}: om1 5000 pos 476 st1 476 fail1 0 t4 30 t4only 0 t2only 0 rtfail 0 rcfail 0 chain 0 t3c 185 keyfail 0 [3.5 s]
#   unit {'pos': 3594, 'blk': None}: om1 5000 pos 500 st1 500 fail1 0 t4 47 t4only 0 t2only 0 rtfail 0 rcfail 0 chain 0 t3c 117 keyfail 0 [3.0 s]
#   unit {'pos': 3597, 'blk': None}: om1 5000 pos 303 st1 303 fail1 0 t4 202 t4only 0 t2only 0 rtfail 0 rcfail 0 chain 0 t3c 303 keyfail 0 [2.1 s]
#   unit {'pos': 3599, 'blk': None}: om1 5000 pos 6 st1 6 fail1 0 t4 0 t4only 0 t2only 0 rtfail 0 rcfail 0 chain 0 t3c 6 keyfail 0 [2.5 s]
#   unit {'pos': 3598, 'blk': None}: om1 5000 pos 0 st1 0 fail1 0 t4 0 t4only 0 t2only 0 rtfail 0 rcfail 0 chain 0 t3c 0 keyfail 0 [2.7 s]
#   unit {'pos': 3600, 'blk': None}: om1 5000 pos 232 st1 232 fail1 0 t4 127 t4only 0 t2only 0 rtfail 0 rcfail 0 chain 0 t3c 221 keyfail 0 [2.7 s]
#   unit {'pos': 3601, 'blk': None}: om1 5000 pos 30 st1 30 fail1 0 t4 24 t4only 0 t2only 0 rtfail 0 rcfail 0 chain 0 t3c 30 keyfail 0 [2.4 s]
#   unit {'pos': 3603, 'blk': None}: om1 5000 pos 64 st1 64 fail1 0 t4 49 t4only 0 t2only 0 rtfail 0 rcfail 0 chain 0 t3c 64 keyfail 0 [2.1 s]
#   unit {'pos': 3602, 'blk': None}: om1 5000 pos 150 st1 150 fail1 0 t4 65 t4only 0 t2only 0 rtfail 0 rcfail 0 chain 0 t3c 144 keyfail 0 [2.4 s]
#   unit {'pos': 3604, 'blk': None}: om1 5000 pos 167 st1 167 fail1 0 t4 72 t4only 0 t2only 0 rtfail 0 rcfail 0 chain 0 t3c 165 keyfail 0 [2.2 s]
#   unit {'pos': 3605, 'blk': None}: om1 5000 pos 456 st1 456 fail1 0 t4 224 t4only 0 t2only 0 rtfail 0 rcfail 0 chain 0 t3c 417 keyfail 0 [2.1 s]
#   unit {'pos': 3606, 'blk': None}: om1 5000 pos 185 st1 185 fail1 0 t4 75 t4only 0 t2only 0 rtfail 0 rcfail 0 chain 0 t3c 178 keyfail 0 [2.4 s]
#   unit {'pos': 3607, 'blk': None}: om1 5000 pos 180 st1 180 fail1 0 t4 80 t4only 0 t2only 0 rtfail 0 rcfail 0 chain 0 t3c 168 keyfail 0 [3.0 s]
#   unit {'pos': 3608, 'blk': None}: om1 5000 pos 238 st1 238 fail1 0 t4 100 t4only 0 t2only 0 rtfail 0 rcfail 0 chain 0 t3c 229 keyfail 0 [3.2 s]
#   unit {'pos': 3609, 'blk': None}: om1 5000 pos 249 st1 249 fail1 0 t4 97 t4only 0 t2only 0 rtfail 0 rcfail 0 chain 0 t3c 230 keyfail 0 [3.3 s]
#   unit {'pos': 3610, 'blk': None}: om1 5000 pos 433 st1 433 fail1 0 t4 163 t4only 0 t2only 0 rtfail 0 rcfail 0 chain 0 t3c 407 keyfail 0 [2.7 s]
#   unit {'pos': 3611, 'blk': None}: om1 5000 pos 120 st1 120 fail1 0 t4 32 t4only 0 t2only 0 rtfail 0 rcfail 0 chain 0 t3c 113 keyfail 0 [2.1 s]
#   unit {'pos': 3612, 'blk': None}: om1 5000 pos 52 st1 52 fail1 0 t4 24 t4only 0 t2only 0 rtfail 0 rcfail 0 chain 0 t3c 52 keyfail 0 [2.1 s]
#   unit {'pos': 3613, 'blk': None}: om1 5000 pos 153 st1 153 fail1 0 t4 43 t4only 0 t2only 0 rtfail 0 rcfail 0 chain 0 t3c 144 keyfail 0 [2.6 s]
#   unit {'pos': 3614, 'blk': None}: om1 5000 pos 206 st1 206 fail1 0 t4 43 t4only 0 t2only 0 rtfail 0 rcfail 0 chain 0 t3c 198 keyfail 0 [2.8 s]
#   unit {'pos': 3616, 'blk': None}: om1 5000 pos 1 st1 1 fail1 0 t4 0 t4only 0 t2only 0 rtfail 0 rcfail 0 chain 0 t3c 1 keyfail 0 [3.3 s]
#   unit {'pos': 3615, 'blk': None}: om1 5000 pos 12 st1 12 fail1 0 t4 12 t4only 0 t2only 0 rtfail 0 rcfail 0 chain 0 t3c 12 keyfail 0 [3.7 s]
#   unit {'pos': 3617, 'blk': None}: om1 5000 pos 1 st1 1 fail1 0 t4 0 t4only 0 t2only 0 rtfail 0 rcfail 0 chain 0 t3c 1 keyfail 0 [3.5 s]
#   unit {'pos': 3618, 'blk': None}: om1 5000 pos 27 st1 27 fail1 0 t4 13 t4only 0 t2only 0 rtfail 0 rcfail 0 chain 0 t3c 27 keyfail 0 [3.6 s]
#   unit {'pos': 3619, 'blk': None}: om1 5000 pos 46 st1 46 fail1 0 t4 17 t4only 0 t2only 0 rtfail 0 rcfail 0 chain 0 t3c 45 keyfail 0 [3.7 s]
#   unit {'pos': 3620, 'blk': None}: om1 5000 pos 56 st1 56 fail1 0 t4 27 t4only 0 t2only 0 rtfail 0 rcfail 0 chain 0 t3c 56 keyfail 0 [3.7 s]
#   unit {'pos': 3622, 'blk': None}: om1 5000 pos 40 st1 40 fail1 0 t4 8 t4only 0 t2only 0 rtfail 0 rcfail 0 chain 0 t3c 36 keyfail 0 [4.6 s]
#   unit {'pos': 3621, 'blk': None}: om1 5000 pos 74 st1 74 fail1 0 t4 17 t4only 0 t2only 0 rtfail 0 rcfail 0 chain 0 t3c 71 keyfail 0 [5.5 s]
#   unit {'pos': 3624, 'blk': None}: om1 5000 pos 67 st1 67 fail1 0 t4 27 t4only 0 t2only 0 rtfail 0 rcfail 0 chain 0 t3c 63 keyfail 0 [4.7 s]
#   unit {'pos': 3623, 'blk': None}: om1 5000 pos 20 st1 20 fail1 0 t4 5 t4only 0 t2only 0 rtfail 0 rcfail 0 chain 0 t3c 20 keyfail 0 [5.1 s]
#   unit {'pos': 3625, 'blk': None}: om1 5000 pos 69 st1 69 fail1 0 t4 30 t4only 0 t2only 0 rtfail 0 rcfail 0 chain 0 t3c 69 keyfail 0 [4.6 s]
#   unit {'pos': 3626, 'blk': None}: om1 5000 pos 22 st1 22 fail1 0 t4 13 t4only 0 t2only 0 rtfail 0 rcfail 0 chain 0 t3c 22 keyfail 0 [4.4 s]
#   unit {'pos': 3627, 'blk': None}: om1 5000 pos 61 st1 61 fail1 0 t4 17 t4only 0 t2only 0 rtfail 0 rcfail 0 chain 0 t3c 61 keyfail 0 [3.6 s]
#   unit {'pos': 3628, 'blk': None}: om1 5000 pos 42 st1 42 fail1 0 t4 11 t4only 0 t2only 0 rtfail 0 rcfail 0 chain 0 t3c 42 keyfail 0 [4.0 s]
#   unit {'pos': 3629, 'blk': None}: om1 5000 pos 33 st1 33 fail1 0 t4 28 t4only 0 t2only 0 rtfail 0 rcfail 0 chain 0 t3c 33 keyfail 0 [3.8 s]
#   unit {'pos': 3631, 'blk': None}: om1 5000 pos 95 st1 95 fail1 0 t4 50 t4only 0 t2only 0 rtfail 0 rcfail 0 chain 0 t3c 90 keyfail 0 [3.4 s]
#   unit {'pos': 3630, 'blk': None}: om1 5000 pos 88 st1 88 fail1 0 t4 41 t4only 0 t2only 0 rtfail 0 rcfail 0 chain 0 t3c 86 keyfail 0 [3.8 s]
#   unit {'pos': 3632, 'blk': None}: om1 5000 pos 108 st1 108 fail1 0 t4 33 t4only 0 t2only 0 rtfail 0 rcfail 0 chain 0 t3c 103 keyfail 0 [3.4 s]
#   unit {'pos': 3634, 'blk': None}: om1 5000 pos 122 st1 122 fail1 0 t4 30 t4only 0 t2only 0 rtfail 0 rcfail 0 chain 0 t3c 116 keyfail 0 [3.5 s]
#   unit {'pos': 3633, 'blk': None}: om1 5000 pos 168 st1 168 fail1 0 t4 86 t4only 0 t2only 0 rtfail 0 rcfail 0 chain 0 t3c 146 keyfail 0 [3.8 s]
#   unit {'pos': 3636, 'blk': None}: om1 5000 pos 118 st1 118 fail1 0 t4 41 t4only 0 t2only 0 rtfail 0 rcfail 0 chain 0 t3c 113 keyfail 0 [3.2 s]
#   unit {'pos': 3635, 'blk': None}: om1 5000 pos 75 st1 75 fail1 0 t4 20 t4only 0 t2only 0 rtfail 0 rcfail 0 chain 0 t3c 67 keyfail 0 [3.8 s]
#   unit {'pos': 3639, 'blk': None}: om1 5000 pos 191 st1 191 fail1 0 t4 90 t4only 0 t2only 0 rtfail 0 rcfail 0 chain 0 t3c 188 keyfail 0 [3.4 s]
#   unit {'pos': 3638, 'blk': None}: om1 5000 pos 202 st1 202 fail1 0 t4 84 t4only 0 t2only 0 rtfail 0 rcfail 0 chain 0 t3c 202 keyfail 0 [3.6 s]
#   unit {'pos': 3637, 'blk': None}: om1 5000 pos 94 st1 94 fail1 0 t4 31 t4only 0 t2only 0 rtfail 0 rcfail 0 chain 0 t3c 89 keyfail 0 [4.0 s]
#   unit {'pos': 3640, 'blk': None}: om1 5000 pos 123 st1 123 fail1 0 t4 47 t4only 0 t2only 0 rtfail 0 rcfail 0 chain 0 t3c 116 keyfail 0 [3.5 s]
#   unit {'pos': 3643, 'blk': None}: om1 5000 pos 119 st1 119 fail1 0 t4 15 t4only 0 t2only 0 rtfail 0 rcfail 0 chain 0 t3c 116 keyfail 0 [2.9 s]
#   unit {'pos': 3644, 'blk': None}: om1 5000 pos 118 st1 118 fail1 0 t4 44 t4only 0 t2only 0 rtfail 0 rcfail 0 chain 0 t3c 116 keyfail 0 [3.0 s]
#   unit {'pos': 3641, 'blk': None}: om1 5000 pos 205 st1 205 fail1 0 t4 58 t4only 0 t2only 0 rtfail 0 rcfail 0 chain 0 t3c 191 keyfail 0 [3.6 s]
#   unit {'pos': 3642, 'blk': None}: om1 5000 pos 65 st1 65 fail1 0 t4 26 t4only 0 t2only 0 rtfail 0 rcfail 0 chain 0 t3c 64 keyfail 0 [4.3 s]
#   unit {'pos': 3645, 'blk': None}: om1 5000 pos 117 st1 117 fail1 0 t4 25 t4only 0 t2only 0 rtfail 0 rcfail 0 chain 0 t3c 112 keyfail 0 [3.6 s]
#   unit {'pos': 3646, 'blk': None}: om1 5000 pos 53 st1 53 fail1 0 t4 9 t4only 0 t2only 0 rtfail 0 rcfail 0 chain 0 t3c 51 keyfail 0 [3.8 s]
#   unit {'pos': 3647, 'blk': None}: om1 5000 pos 77 st1 77 fail1 0 t4 16 t4only 0 t2only 0 rtfail 0 rcfail 0 chain 0 t3c 76 keyfail 0 [3.8 s]
#   unit {'pos': 3648, 'blk': None}: om1 5000 pos 58 st1 58 fail1 0 t4 14 t4only 0 t2only 0 rtfail 0 rcfail 0 chain 0 t3c 56 keyfail 0 [3.7 s]
#   unit {'pos': 3649, 'blk': None}: om1 5000 pos 42 st1 42 fail1 0 t4 7 t4only 0 t2only 0 rtfail 0 rcfail 0 chain 0 t3c 42 keyfail 0 [3.5 s]
#   unit {'pos': 3650, 'blk': None}: om1 5000 pos 66 st1 66 fail1 0 t4 9 t4only 0 t2only 0 rtfail 0 rcfail 0 chain 0 t3c 61 keyfail 0 [3.9 s]
#   unit {'pos': 3651, 'blk': None}: om1 5000 pos 4 st1 4 fail1 0 t4 4 t4only 0 t2only 0 rtfail 0 rcfail 0 chain 0 t3c 4 keyfail 0 [4.4 s]
#   unit {'pos': 3652, 'blk': None}: om1 5000 pos 204 st1 204 fail1 0 t4 8 t4only 0 t2only 0 rtfail 0 rcfail 0 chain 0 t3c 37 keyfail 0 [4.3 s]
#   unit {'pos': 3653, 'blk': None}: om1 5000 pos 229 st1 229 fail1 0 t4 8 t4only 0 t2only 0 rtfail 0 rcfail 0 chain 0 t3c 12 keyfail 0 [5.1 s]
#   unit {'pos': 3656, 'blk': None}: om1 5000 pos 180 st1 180 fail1 0 t4 2 t4only 0 t2only 0 rtfail 0 rcfail 0 chain 0 t3c 41 keyfail 0 [4.2 s]
#   unit {'pos': 3654, 'blk': None}: om1 5000 pos 166 st1 166 fail1 0 t4 6 t4only 0 t2only 0 rtfail 0 rcfail 0 chain 0 t3c 7 keyfail 0 [5.5 s]
#   unit {'pos': 3655, 'blk': None}: om1 5000 pos 209 st1 209 fail1 0 t4 4 t4only 0 t2only 0 rtfail 0 rcfail 0 chain 0 t3c 55 keyfail 0 [5.2 s]
#   unit {'pos': 3657, 'blk': None}: om1 5000 pos 161 st1 161 fail1 0 t4 0 t4only 0 t2only 0 rtfail 0 rcfail 0 chain 0 t3c 20 keyfail 0 [4.0 s]
#   unit {'pos': 3659, 'blk': None}: om1 5000 pos 242 st1 242 fail1 0 t4 14 t4only 0 t2only 0 rtfail 0 rcfail 0 chain 0 t3c 95 keyfail 0 [4.3 s]
#   unit {'pos': 3660, 'blk': None}: om1 5000 pos 200 st1 200 fail1 0 t4 2 t4only 0 t2only 0 rtfail 0 rcfail 0 chain 0 t3c 62 keyfail 0 [4.3 s]
#   unit {'pos': 3658, 'blk': None}: om1 5000 pos 43 st1 43 fail1 0 t4 0 t4only 0 t2only 0 rtfail 0 rcfail 0 chain 0 t3c 41 keyfail 0 [4.9 s]
#   unit {'pos': 3661, 'blk': None}: om1 5000 pos 168 st1 168 fail1 0 t4 0 t4only 0 t2only 0 rtfail 0 rcfail 0 chain 0 t3c 25 keyfail 0 [4.9 s]
#   unit {'pos': 3662, 'blk': None}: om1 5000 pos 272 st1 272 fail1 0 t4 11 t4only 0 t2only 0 rtfail 0 rcfail 0 chain 0 t3c 94 keyfail 0 [5.5 s]
#   unit {'pos': 3664, 'blk': None}: om1 5000 pos 37 st1 37 fail1 0 t4 14 t4only 0 t2only 0 rtfail 0 rcfail 0 chain 0 t3c 37 keyfail 0 [5.1 s]
#   unit {'pos': 3663, 'blk': None}: om1 5000 pos 149 st1 149 fail1 0 t4 3 t4only 0 t2only 0 rtfail 0 rcfail 0 chain 0 t3c 6 keyfail 0 [5.4 s]
#   unit {'pos': 3665, 'blk': None}: om1 5000 pos 14 st1 14 fail1 0 t4 8 t4only 0 t2only 0 rtfail 0 rcfail 0 chain 0 t3c 10 keyfail 0 [5.4 s]
#   unit {'pos': 3668, 'blk': None}: om1 5000 pos 210 st1 210 fail1 0 t4 8 t4only 0 t2only 0 rtfail 0 rcfail 0 chain 0 t3c 93 keyfail 0 [5.3 s]
#   unit {'pos': 3666, 'blk': None}: om1 5000 pos 216 st1 216 fail1 0 t4 39 t4only 0 t2only 0 rtfail 0 rcfail 0 chain 0 t3c 101 keyfail 0 [5.9 s]
#   unit {'pos': 3667, 'blk': None}: om1 5000 pos 253 st1 253 fail1 0 t4 46 t4only 0 t2only 0 rtfail 0 rcfail 0 chain 0 t3c 151 keyfail 0 [5.8 s]
#   unit {'pos': 3669, 'blk': None}: om1 5000 pos 194 st1 194 fail1 0 t4 16 t4only 0 t2only 0 rtfail 0 rcfail 0 chain 0 t3c 98 keyfail 0 [4.1 s]
#   unit {'pos': 3670, 'blk': None}: om1 5000 pos 346 st1 346 fail1 0 t4 14 t4only 0 t2only 0 rtfail 0 rcfail 0 chain 0 t3c 164 keyfail 0 [3.5 s]
#   unit {'pos': 3671, 'blk': None}: om1 5000 pos 255 st1 255 fail1 0 t4 6 t4only 0 t2only 0 rtfail 0 rcfail 0 chain 0 t3c 78 keyfail 0 [4.3 s]
#   unit {'pos': 3672, 'blk': None}: om1 5000 pos 182 st1 182 fail1 0 t4 13 t4only 0 t2only 0 rtfail 0 rcfail 0 chain 0 t3c 87 keyfail 0 [4.2 s]
#   unit {'pos': 3673, 'blk': None}: om1 5000 pos 232 st1 232 fail1 0 t4 4 t4only 0 t2only 0 rtfail 0 rcfail 0 chain 0 t3c 68 keyfail 0 [4.8 s]
#   unit {'pos': 3675, 'blk': None}: om1 5000 pos 305 st1 305 fail1 0 t4 42 t4only 0 t2only 0 rtfail 0 rcfail 0 chain 0 t3c 189 keyfail 0 [3.9 s]
#   unit {'pos': 3676, 'blk': None}: om1 5000 pos 85 st1 85 fail1 0 t4 12 t4only 0 t2only 0 rtfail 0 rcfail 0 chain 0 t3c 46 keyfail 0 [4.2 s]
#   unit {'pos': 3674, 'blk': None}: om1 5000 pos 118 st1 118 fail1 0 t4 10 t4only 0 t2only 0 rtfail 0 rcfail 0 chain 0 t3c 17 keyfail 0 [5.9 s]
#   unit {'pos': 3677, 'blk': None}: om1 5000 pos 192 st1 192 fail1 0 t4 16 t4only 0 t2only 0 rtfail 0 rcfail 0 chain 0 t3c 119 keyfail 0 [4.4 s]
#   unit {'pos': 3678, 'blk': None}: om1 5000 pos 423 st1 423 fail1 0 t4 15 t4only 0 t2only 0 rtfail 0 rcfail 0 chain 0 t3c 198 keyfail 0 [4.5 s]
#   unit {'pos': 3680, 'blk': None}: om1 5000 pos 209 st1 209 fail1 0 t4 10 t4only 0 t2only 0 rtfail 0 rcfail 0 chain 0 t3c 82 keyfail 0 [3.7 s]
#   unit {'pos': 3679, 'blk': None}: om1 5000 pos 115 st1 115 fail1 0 t4 15 t4only 0 t2only 0 rtfail 0 rcfail 0 chain 0 t3c 58 keyfail 0 [4.3 s]
#   unit {'pos': 3681, 'blk': None}: om1 5000 pos 319 st1 319 fail1 0 t4 0 t4only 0 t2only 0 rtfail 0 rcfail 0 chain 0 t3c 102 keyfail 0 [4.2 s]
#   unit {'pos': 3683, 'blk': None}: om1 5000 pos 330 st1 330 fail1 0 t4 46 t4only 0 t2only 0 rtfail 0 rcfail 0 chain 0 t3c 207 keyfail 0 [3.8 s]
#   unit {'pos': 3684, 'blk': None}: om1 5000 pos 242 st1 242 fail1 0 t4 33 t4only 0 t2only 0 rtfail 0 rcfail 0 chain 0 t3c 149 keyfail 0 [4.1 s]
#   unit {'pos': 3682, 'blk': None}: om1 5000 pos 243 st1 243 fail1 0 t4 38 t4only 0 t2only 0 rtfail 0 rcfail 0 chain 0 t3c 140 keyfail 0 [4.8 s]
#   unit {'pos': 3685, 'blk': None}: om1 5000 pos 140 st1 140 fail1 0 t4 19 t4only 0 t2only 0 rtfail 0 rcfail 0 chain 0 t3c 102 keyfail 0 [3.6 s]
#   unit {'pos': 3686, 'blk': None}: om1 5000 pos 227 st1 227 fail1 0 t4 36 t4only 0 t2only 0 rtfail 0 rcfail 0 chain 0 t3c 140 keyfail 0 [4.0 s]
#   unit {'pos': 3687, 'blk': None}: om1 5000 pos 151 st1 151 fail1 0 t4 0 t4only 0 t2only 0 rtfail 0 rcfail 0 chain 0 t3c 69 keyfail 0 [4.3 s]
#   unit {'pos': 3688, 'blk': None}: om1 5000 pos 264 st1 264 fail1 0 t4 0 t4only 0 t2only 0 rtfail 0 rcfail 0 chain 0 t3c 98 keyfail 0 [4.7 s]
#   unit {'pos': 3689, 'blk': None}: om1 5000 pos 171 st1 171 fail1 0 t4 0 t4only 0 t2only 0 rtfail 0 rcfail 0 chain 0 t3c 96 keyfail 0 [4.5 s]
#   unit {'pos': 3690, 'blk': None}: om1 5000 pos 214 st1 214 fail1 0 t4 0 t4only 0 t2only 0 rtfail 0 rcfail 0 chain 0 t3c 85 keyfail 0 [4.3 s]
#   unit {'pos': 3691, 'blk': None}: om1 5000 pos 226 st1 226 fail1 0 t4 12 t4only 0 t2only 0 rtfail 0 rcfail 0 chain 0 t3c 47 keyfail 0 [3.5 s]
#   unit {'pos': 3692, 'blk': None}: om1 5000 pos 235 st1 235 fail1 0 t4 10 t4only 0 t2only 0 rtfail 0 rcfail 0 chain 0 t3c 40 keyfail 0 [3.8 s]
#   unit {'pos': 3693, 'blk': None}: om1 5000 pos 293 st1 293 fail1 0 t4 44 t4only 0 t2only 0 rtfail 0 rcfail 0 chain 0 t3c 147 keyfail 0 [3.1 s]
#   unit {'pos': 3695, 'blk': None}: om1 5000 pos 212 st1 212 fail1 0 t4 21 t4only 0 t2only 0 rtfail 0 rcfail 0 chain 0 t3c 96 keyfail 0 [3.2 s]
#   unit {'pos': 3694, 'blk': None}: om1 5000 pos 252 st1 252 fail1 0 t4 25 t4only 0 t2only 0 rtfail 0 rcfail 0 chain 0 t3c 67 keyfail 0 [3.4 s]
#   unit {'pos': 3697, 'blk': None}: om1 5000 pos 171 st1 171 fail1 0 t4 10 t4only 0 t2only 0 rtfail 0 rcfail 0 chain 0 t3c 121 keyfail 0 [3.1 s]
#   unit {'pos': 3696, 'blk': None}: om1 5000 pos 289 st1 289 fail1 0 t4 22 t4only 0 t2only 0 rtfail 0 rcfail 0 chain 0 t3c 145 keyfail 0 [3.3 s]
#   unit {'pos': 3698, 'blk': None}: om1 5000 pos 101 st1 101 fail1 0 t4 13 t4only 0 t2only 0 rtfail 0 rcfail 0 chain 0 t3c 77 keyfail 0 [3.4 s]
#   unit {'pos': 3699, 'blk': None}: om1 5000 pos 301 st1 301 fail1 0 t4 39 t4only 0 t2only 0 rtfail 0 rcfail 0 chain 0 t3c 139 keyfail 0 [3.6 s]
#   unit {'pos': 3700, 'blk': None}: om1 5000 pos 256 st1 256 fail1 0 t4 8 t4only 0 t2only 0 rtfail 0 rcfail 0 chain 0 t3c 103 keyfail 0 [3.8 s]
#   unit {'pos': 3701, 'blk': None}: om1 5000 pos 104 st1 104 fail1 0 t4 35 t4only 0 t2only 0 rtfail 0 rcfail 0 chain 0 t3c 79 keyfail 0 [4.0 s]
#   unit {'pos': 3702, 'blk': None}: om1 5000 pos 274 st1 274 fail1 0 t4 32 t4only 0 t2only 0 rtfail 0 rcfail 0 chain 0 t3c 158 keyfail 0 [3.5 s]
#   unit {'pos': 3703, 'blk': None}: om1 5000 pos 195 st1 195 fail1 0 t4 19 t4only 0 t2only 0 rtfail 0 rcfail 0 chain 0 t3c 97 keyfail 0 [3.5 s]
#   unit {'pos': 3704, 'blk': None}: om1 5000 pos 269 st1 269 fail1 0 t4 26 t4only 0 t2only 0 rtfail 0 rcfail 0 chain 0 t3c 135 keyfail 0 [3.3 s]
#   unit {'pos': 3705, 'blk': None}: om1 5000 pos 265 st1 265 fail1 0 t4 2 t4only 0 t2only 0 rtfail 0 rcfail 0 chain 0 t3c 129 keyfail 0 [3.6 s]
#   unit {'pos': 3707, 'blk': None}: om1 5000 pos 242 st1 242 fail1 0 t4 24 t4only 0 t2only 0 rtfail 0 rcfail 0 chain 0 t3c 126 keyfail 0 [4.2 s]
#   unit {'pos': 3706, 'blk': None}: om1 5000 pos 126 st1 126 fail1 0 t4 32 t4only 0 t2only 0 rtfail 0 rcfail 0 chain 0 t3c 108 keyfail 0 [4.7 s]
#   unit {'pos': 3708, 'blk': None}: om1 5000 pos 303 st1 303 fail1 0 t4 41 t4only 0 t2only 0 rtfail 0 rcfail 0 chain 0 t3c 146 keyfail 0 [3.5 s]
#   unit {'pos': 3709, 'blk': None}: om1 5000 pos 170 st1 170 fail1 0 t4 2 t4only 0 t2only 0 rtfail 0 rcfail 0 chain 0 t3c 48 keyfail 0 [3.5 s]
#   unit {'pos': 3711, 'blk': None}: om1 5000 pos 299 st1 299 fail1 0 t4 52 t4only 0 t2only 0 rtfail 0 rcfail 0 chain 0 t3c 185 keyfail 0 [3.0 s]
#   unit {'pos': 3713, 'blk': None}: om1 5000 pos 212 st1 212 fail1 0 t4 17 t4only 0 t2only 0 rtfail 0 rcfail 0 chain 0 t3c 120 keyfail 0 [3.4 s]
#   unit {'pos': 3710, 'blk': None}: om1 5000 pos 293 st1 293 fail1 0 t4 38 t4only 0 t2only 0 rtfail 0 rcfail 0 chain 0 t3c 156 keyfail 0 [4.3 s]
#   unit {'pos': 3712, 'blk': None}: om1 5000 pos 333 st1 333 fail1 0 t4 11 t4only 0 t2only 0 rtfail 0 rcfail 0 chain 0 t3c 109 keyfail 0 [4.0 s]
#   unit {'pos': 3714, 'blk': None}: om1 5000 pos 523 st1 523 fail1 0 t4 12 t4only 0 t2only 0 rtfail 0 rcfail 0 chain 0 t3c 246 keyfail 0 [3.3 s]
#   unit {'pos': 3717, 'blk': None}: om1 5000 pos 339 st1 339 fail1 0 t4 0 t4only 0 t2only 0 rtfail 0 rcfail 0 chain 0 t3c 111 keyfail 0 [3.6 s]
#   unit {'pos': 3715, 'blk': None}: om1 5000 pos 352 st1 352 fail1 0 t4 4 t4only 0 t2only 0 rtfail 0 rcfail 0 chain 0 t3c 113 keyfail 0 [3.9 s]
#   unit {'pos': 3716, 'blk': None}: om1 5000 pos 154 st1 154 fail1 0 t4 17 t4only 0 t2only 0 rtfail 0 rcfail 0 chain 0 t3c 87 keyfail 0 [3.9 s]
#   unit {'pos': 3718, 'blk': None}: om1 5000 pos 137 st1 137 fail1 0 t4 25 t4only 0 t2only 0 rtfail 0 rcfail 0 chain 0 t3c 86 keyfail 0 [3.5 s]
#   unit {'pos': 3721, 'blk': None}: om1 5000 pos 362 st1 362 fail1 0 t4 46 t4only 0 t2only 0 rtfail 0 rcfail 0 chain 0 t3c 234 keyfail 0 [4.0 s]
#   unit {'pos': 3719, 'blk': None}: om1 5000 pos 188 st1 188 fail1 0 t4 16 t4only 0 t2only 0 rtfail 0 rcfail 0 chain 0 t3c 118 keyfail 0 [4.3 s]
#   unit {'pos': 3720, 'blk': None}: om1 5000 pos 143 st1 143 fail1 0 t4 8 t4only 0 t2only 0 rtfail 0 rcfail 0 chain 0 t3c 67 keyfail 0 [4.2 s]
#   unit {'pos': 3722, 'blk': None}: om1 5000 pos 385 st1 385 fail1 0 t4 64 t4only 0 t2only 0 rtfail 0 rcfail 0 chain 0 t3c 276 keyfail 0 [3.9 s]
#   unit {'pos': 3723, 'blk': None}: om1 5000 pos 224 st1 224 fail1 0 t4 7 t4only 0 t2only 0 rtfail 0 rcfail 0 chain 0 t3c 125 keyfail 0 [3.2 s]
#   unit {'pos': 3724, 'blk': None}: om1 5000 pos 342 st1 342 fail1 0 t4 12 t4only 0 t2only 0 rtfail 0 rcfail 0 chain 0 t3c 136 keyfail 0 [3.3 s]
#   unit {'pos': 3725, 'blk': None}: om1 5000 pos 327 st1 327 fail1 0 t4 15 t4only 0 t2only 0 rtfail 0 rcfail 0 chain 0 t3c 157 keyfail 0 [3.3 s]
#   unit {'pos': 3726, 'blk': None}: om1 5000 pos 321 st1 321 fail1 0 t4 7 t4only 0 t2only 0 rtfail 0 rcfail 0 chain 0 t3c 143 keyfail 0 [3.4 s]
#   unit {'pos': 3729, 'blk': None}: om1 5000 pos 201 st1 201 fail1 0 t4 33 t4only 0 t2only 0 rtfail 0 rcfail 0 chain 0 t3c 126 keyfail 0 [3.3 s]
#   unit {'pos': 3727, 'blk': None}: om1 5000 pos 178 st1 178 fail1 0 t4 2 t4only 0 t2only 0 rtfail 0 rcfail 0 chain 0 t3c 94 keyfail 0 [3.5 s]
#   unit {'pos': 3728, 'blk': None}: om1 5000 pos 271 st1 271 fail1 0 t4 5 t4only 0 t2only 0 rtfail 0 rcfail 0 chain 0 t3c 128 keyfail 0 [3.5 s]
#   unit {'pos': 3730, 'blk': None}: om1 5000 pos 235 st1 235 fail1 0 t4 0 t4only 0 t2only 0 rtfail 0 rcfail 0 chain 0 t3c 120 keyfail 0 [3.6 s]
#   unit {'pos': 3732, 'blk': None}: om1 5000 pos 93 st1 93 fail1 0 t4 0 t4only 0 t2only 0 rtfail 0 rcfail 0 chain 0 t3c 93 keyfail 0 [3.4 s]
#   unit {'pos': 3731, 'blk': None}: om1 5000 pos 245 st1 245 fail1 0 t4 29 t4only 0 t2only 0 rtfail 0 rcfail 0 chain 0 t3c 141 keyfail 0 [3.7 s]
#   unit {'pos': 3733, 'blk': None}: om1 5000 pos 88 st1 88 fail1 0 t4 0 t4only 0 t2only 0 rtfail 0 rcfail 0 chain 0 t3c 88 keyfail 0 [3.8 s]
#   unit {'pos': 3734, 'blk': None}: om1 5000 pos 271 st1 271 fail1 0 t4 45 t4only 0 t2only 0 rtfail 0 rcfail 0 chain 0 t3c 152 keyfail 0 [3.7 s]
#   unit {'pos': 3735, 'blk': None}: om1 5000 pos 306 st1 306 fail1 0 t4 40 t4only 0 t2only 0 rtfail 0 rcfail 0 chain 0 t3c 146 keyfail 0 [3.7 s]
#   unit {'pos': 3737, 'blk': None}: om1 5000 pos 305 st1 305 fail1 0 t4 31 t4only 0 t2only 0 rtfail 0 rcfail 0 chain 0 t3c 165 keyfail 0 [3.4 s]
#   unit {'pos': 3736, 'blk': None}: om1 5000 pos 163 st1 163 fail1 0 t4 23 t4only 0 t2only 0 rtfail 0 rcfail 0 chain 0 t3c 116 keyfail 0 [4.0 s]
#   unit {'pos': 3738, 'blk': None}: om1 5000 pos 295 st1 295 fail1 0 t4 40 t4only 0 t2only 0 rtfail 0 rcfail 0 chain 0 t3c 170 keyfail 0 [3.6 s]
#   unit {'pos': 3740, 'blk': None}: om1 5000 pos 69 st1 69 fail1 0 t4 32 t4only 0 t2only 0 rtfail 0 rcfail 0 chain 0 t3c 69 keyfail 0 [3.8 s]
#   unit {'pos': 3739, 'blk': None}: om1 5000 pos 302 st1 302 fail1 0 t4 69 t4only 0 t2only 0 rtfail 0 rcfail 0 chain 0 t3c 196 keyfail 0 [4.7 s]
#   unit {'pos': 3741, 'blk': None}: om1 5000 pos 317 st1 317 fail1 0 t4 43 t4only 0 t2only 0 rtfail 0 rcfail 0 chain 0 t3c 208 keyfail 0 [4.2 s]
#   unit {'pos': 3742, 'blk': None}: om1 5000 pos 201 st1 201 fail1 0 t4 16 t4only 0 t2only 0 rtfail 0 rcfail 0 chain 0 t3c 123 keyfail 0 [4.6 s]
#   unit {'pos': 3743, 'blk': None}: om1 5000 pos 350 st1 350 fail1 0 t4 41 t4only 0 t2only 0 rtfail 0 rcfail 0 chain 0 t3c 199 keyfail 0 [3.9 s]
#   unit {'pos': 3745, 'blk': None}: om1 5000 pos 232 st1 232 fail1 0 t4 30 t4only 0 t2only 0 rtfail 0 rcfail 0 chain 0 t3c 168 keyfail 0 [3.9 s]
#   unit {'pos': 3744, 'blk': None}: om1 5000 pos 326 st1 326 fail1 0 t4 64 t4only 0 t2only 0 rtfail 0 rcfail 0 chain 0 t3c 224 keyfail 0 [4.3 s]
#   unit {'pos': 3746, 'blk': None}: om1 5000 pos 363 st1 363 fail1 0 t4 35 t4only 0 t2only 0 rtfail 0 rcfail 0 chain 0 t3c 224 keyfail 0 [3.7 s]
#   unit {'pos': 3747, 'blk': None}: om1 5000 pos 413 st1 413 fail1 0 t4 4 t4only 0 t2only 0 rtfail 0 rcfail 0 chain 0 t3c 128 keyfail 0 [3.7 s]
#   unit {'pos': 3750, 'blk': None}: om1 5000 pos 191 st1 191 fail1 0 t4 1 t4only 0 t2only 0 rtfail 0 rcfail 0 chain 0 t3c 102 keyfail 0 [4.2 s]
#   unit {'pos': 3749, 'blk': None}: om1 5000 pos 132 st1 132 fail1 0 t4 0 t4only 0 t2only 0 rtfail 0 rcfail 0 chain 0 t3c 85 keyfail 0 [5.7 s]
#   unit {'pos': 3748, 'blk': None}: om1 5000 pos 298 st1 298 fail1 0 t4 6 t4only 0 t2only 0 rtfail 0 rcfail 0 chain 0 t3c 62 keyfail 0 [6.2 s]
#   unit {'pos': 3751, 'blk': None}: om1 5000 pos 67 st1 67 fail1 0 t4 0 t4only 0 t2only 0 rtfail 0 rcfail 0 chain 0 t3c 67 keyfail 0 [4.9 s]
#   unit {'pos': 3752, 'blk': None}: om1 5000 pos 43 st1 43 fail1 0 t4 0 t4only 0 t2only 0 rtfail 0 rcfail 0 chain 0 t3c 43 keyfail 0 [4.2 s]
#   unit {'pos': 3754, 'blk': None}: om1 5000 pos 233 st1 233 fail1 0 t4 6 t4only 0 t2only 0 rtfail 0 rcfail 0 chain 0 t3c 68 keyfail 0 [4.3 s]
#   unit {'pos': 3753, 'blk': None}: om1 5000 pos 450 st1 450 fail1 0 t4 18 t4only 0 t2only 0 rtfail 0 rcfail 0 chain 0 t3c 216 keyfail 0 [4.8 s]
#   unit {'pos': 3755, 'blk': None}: om1 5000 pos 101 st1 101 fail1 0 t4 0 t4only 0 t2only 0 rtfail 0 rcfail 0 chain 0 t3c 44 keyfail 0 [4.4 s]
#   unit {'pos': 3756, 'blk': None}: om1 5000 pos 244 st1 244 fail1 0 t4 28 t4only 0 t2only 0 rtfail 0 rcfail 0 chain 0 t3c 174 keyfail 0 [3.7 s]
#   unit {'pos': 3757, 'blk': None}: om1 5000 pos 470 st1 470 fail1 0 t4 57 t4only 0 t2only 0 rtfail 0 rcfail 0 chain 0 t3c 316 keyfail 0 [3.6 s]
#   unit {'pos': 3758, 'blk': None}: om1 5000 pos 382 st1 382 fail1 0 t4 20 t4only 0 t2only 0 rtfail 0 rcfail 0 chain 0 t3c 193 keyfail 0 [3.5 s]
#   unit {'pos': 3759, 'blk': None}: om1 5000 pos 295 st1 295 fail1 0 t4 50 t4only 0 t2only 0 rtfail 0 rcfail 0 chain 0 t3c 180 keyfail 0 [3.3 s]
#   unit {'pos': 3760, 'blk': None}: om1 5000 pos 407 st1 407 fail1 0 t4 10 t4only 0 t2only 0 rtfail 0 rcfail 0 chain 0 t3c 219 keyfail 0 [3.4 s]
#   unit {'pos': 3761, 'blk': None}: om1 5000 pos 488 st1 488 fail1 0 t4 20 t4only 0 t2only 0 rtfail 0 rcfail 0 chain 0 t3c 204 keyfail 0 [3.7 s]
#   unit {'pos': 3762, 'blk': None}: om1 5000 pos 152 st1 152 fail1 0 t4 1 t4only 0 t2only 0 rtfail 0 rcfail 0 chain 0 t3c 94 keyfail 0 [3.7 s]
#   unit {'pos': 3763, 'blk': None}: om1 5000 pos 344 st1 344 fail1 0 t4 31 t4only 0 t2only 0 rtfail 0 rcfail 0 chain 0 t3c 188 keyfail 0 [4.8 s]
#   unit {'pos': 3765, 'blk': None}: om1 5000 pos 512 st1 512 fail1 0 t4 62 t4only 0 t2only 0 rtfail 0 rcfail 0 chain 0 t3c 355 keyfail 0 [3.9 s]
#   unit {'pos': 3766, 'blk': None}: om1 5000 pos 237 st1 237 fail1 0 t4 10 t4only 0 t2only 0 rtfail 0 rcfail 0 chain 0 t3c 48 keyfail 0 [3.8 s]
#   unit {'pos': 3764, 'blk': None}: om1 5000 pos 210 st1 210 fail1 0 t4 8 t4only 0 t2only 0 rtfail 0 rcfail 0 chain 0 t3c 133 keyfail 0 [4.7 s]
#   unit {'pos': 3767, 'blk': None}: om1 5000 pos 266 st1 266 fail1 0 t4 10 t4only 0 t2only 0 rtfail 0 rcfail 0 chain 0 t3c 127 keyfail 0 [3.5 s]
#   unit {'pos': 3770, 'blk': None}: om1 5000 pos 150 st1 150 fail1 0 t4 47 t4only 0 t2only 0 rtfail 0 rcfail 0 chain 0 t3c 150 keyfail 0 [3.3 s]
#   unit {'pos': 3768, 'blk': None}: om1 5000 pos 446 st1 446 fail1 0 t4 19 t4only 0 t2only 0 rtfail 0 rcfail 0 chain 0 t3c 177 keyfail 0 [3.4 s]
#   unit {'pos': 3769, 'blk': None}: om1 5000 pos 209 st1 209 fail1 0 t4 6 t4only 0 t2only 0 rtfail 0 rcfail 0 chain 0 t3c 21 keyfail 0 [3.5 s]
#   unit {'pos': 3771, 'blk': None}: om1 5000 pos 26 st1 26 fail1 0 t4 21 t4only 0 t2only 0 rtfail 0 rcfail 0 chain 0 t3c 25 keyfail 0 [3.4 s]
#   unit {'pos': 3773, 'blk': None}: om1 5000 pos 146 st1 146 fail1 0 t4 9 t4only 0 t2only 0 rtfail 0 rcfail 0 chain 0 t3c 53 keyfail 0 [3.5 s]
#   unit {'pos': 3774, 'blk': None}: om1 5000 pos 320 st1 320 fail1 0 t4 19 t4only 0 t2only 0 rtfail 0 rcfail 0 chain 0 t3c 188 keyfail 0 [3.4 s]
#   unit {'pos': 3772, 'blk': None}: om1 5000 pos 267 st1 267 fail1 0 t4 11 t4only 0 t2only 0 rtfail 0 rcfail 0 chain 0 t3c 110 keyfail 0 [4.0 s]
#   unit {'pos': 3775, 'blk': None}: om1 5000 pos 129 st1 129 fail1 0 t4 9 t4only 0 t2only 0 rtfail 0 rcfail 0 chain 0 t3c 54 keyfail 0 [3.8 s]
#   unit {'pos': 3777, 'blk': None}: om1 5000 pos 194 st1 194 fail1 0 t4 10 t4only 0 t2only 0 rtfail 0 rcfail 0 chain 0 t3c 89 keyfail 0 [3.8 s]
#   unit {'pos': 3776, 'blk': None}: om1 5000 pos 272 st1 272 fail1 0 t4 8 t4only 0 t2only 0 rtfail 0 rcfail 0 chain 0 t3c 97 keyfail 0 [4.3 s]
#   unit {'pos': 3778, 'blk': None}: om1 5000 pos 301 st1 301 fail1 0 t4 52 t4only 0 t2only 0 rtfail 0 rcfail 0 chain 0 t3c 189 keyfail 0 [3.9 s]
#   unit {'pos': 3779, 'blk': None}: om1 5000 pos 532 st1 532 fail1 0 t4 18 t4only 0 t2only 0 rtfail 0 rcfail 0 chain 0 t3c 238 keyfail 0 [4.3 s]
#   unit {'pos': 3781, 'blk': None}: om1 5000 pos 180 st1 180 fail1 0 t4 8 t4only 0 t2only 0 rtfail 0 rcfail 0 chain 0 t3c 104 keyfail 0 [3.7 s]
#   unit {'pos': 3780, 'blk': None}: om1 5000 pos 234 st1 234 fail1 0 t4 1 t4only 0 t2only 0 rtfail 0 rcfail 0 chain 0 t3c 137 keyfail 0 [4.5 s]
#   unit {'pos': 3782, 'blk': None}: om1 5000 pos 628 st1 628 fail1 0 t4 8 t4only 0 t2only 0 rtfail 0 rcfail 0 chain 0 t3c 26 keyfail 0 [4.6 s]
#   unit {'pos': 3783, 'blk': None}: om1 5000 pos 542 st1 542 fail1 0 t4 10 t4only 0 t2only 0 rtfail 0 rcfail 0 chain 0 t3c 45 keyfail 0 [5.2 s]
#   unit {'pos': 3785, 'blk': None}: om1 5000 pos 4 st1 4 fail1 0 t4 4 t4only 0 t2only 0 rtfail 0 rcfail 0 chain 0 t3c 4 keyfail 0 [4.5 s]
#   unit {'pos': 3784, 'blk': None}: om1 5000 pos 397 st1 397 fail1 0 t4 0 t4only 0 t2only 0 rtfail 0 rcfail 0 chain 0 t3c 46 keyfail 0 [5.2 s]
#   unit {'pos': 3786, 'blk': None}: om1 5000 pos 321 st1 321 fail1 0 t4 0 t4only 0 t2only 0 rtfail 0 rcfail 0 chain 0 t3c 43 keyfail 0 [4.6 s]
#   unit {'pos': 3787, 'blk': None}: om1 5000 pos 509 st1 509 fail1 0 t4 0 t4only 0 t2only 0 rtfail 0 rcfail 0 chain 0 t3c 153 keyfail 0 [4.8 s]
#   unit {'pos': 3788, 'blk': None}: om1 5000 pos 768 st1 768 fail1 0 t4 29 t4only 0 t2only 0 rtfail 0 rcfail 0 chain 0 t3c 305 keyfail 0 [4.5 s]
#   unit {'pos': 3789, 'blk': None}: om1 5000 pos 582 st1 582 fail1 0 t4 32 t4only 0 t2only 0 rtfail 0 rcfail 0 chain 0 t3c 154 keyfail 0 [4.6 s]
#   unit {'pos': 3790, 'blk': None}: om1 5000 pos 53 st1 53 fail1 0 t4 0 t4only 0 t2only 0 rtfail 0 rcfail 0 chain 0 t3c 53 keyfail 0 [6.5 s]
#   unit {'pos': 3791, 'blk': None}: om1 5000 pos 28 st1 28 fail1 0 t4 2 t4only 0 t2only 0 rtfail 0 rcfail 0 chain 0 t3c 28 keyfail 0 [4.6 s]
#   unit {'pos': 3792, 'blk': None}: om1 5000 pos 72 st1 72 fail1 0 t4 4 t4only 0 t2only 0 rtfail 0 rcfail 0 chain 0 t3c 72 keyfail 0 [5.6 s]
#   unit {'pos': 3793, 'blk': None}: om1 5000 pos 47 st1 47 fail1 0 t4 0 t4only 0 t2only 0 rtfail 0 rcfail 0 chain 0 t3c 47 keyfail 0 [5.3 s]
#   unit {'pos': 3794, 'blk': None}: om1 5000 pos 5 st1 5 fail1 0 t4 1 t4only 0 t2only 0 rtfail 0 rcfail 0 chain 0 t3c 5 keyfail 0 [4.6 s]
#   unit {'pos': 3795, 'blk': None}: om1 5000 pos 204 st1 204 fail1 0 t4 0 t4only 0 t2only 0 rtfail 0 rcfail 0 chain 0 t3c 48 keyfail 0 [5.1 s]
#   unit {'pos': 3797, 'blk': None}: om1 5000 pos 202 st1 202 fail1 0 t4 0 t4only 0 t2only 0 rtfail 0 rcfail 0 chain 0 t3c 46 keyfail 0 [4.4 s]
#   unit {'pos': 3796, 'blk': None}: om1 5000 pos 275 st1 275 fail1 0 t4 8 t4only 0 t2only 0 rtfail 0 rcfail 0 chain 0 t3c 89 keyfail 0 [5.2 s]
#   unit {'pos': 3798, 'blk': None}: om1 5000 pos 362 st1 362 fail1 0 t4 0 t4only 0 t2only 0 rtfail 0 rcfail 0 chain 0 t3c 32 keyfail 0 [4.8 s]
#   unit {'pos': 3799, 'blk': None}: om1 5000 pos 294 st1 294 fail1 0 t4 2 t4only 0 t2only 0 rtfail 0 rcfail 0 chain 0 t3c 36 keyfail 0 [5.5 s]
#   unit {'pos': 3801, 'blk': None}: om1 5000 pos 445 st1 445 fail1 0 t4 7 t4only 0 t2only 0 rtfail 0 rcfail 0 chain 0 t3c 43 keyfail 0 [5.5 s]
#   unit {'pos': 3800, 'blk': None}: om1 5000 pos 267 st1 267 fail1 0 t4 0 t4only 0 t2only 0 rtfail 0 rcfail 0 chain 0 t3c 34 keyfail 0 [6.6 s]
#   unit {'pos': 3802, 'blk': None}: om1 5000 pos 118 st1 118 fail1 0 t4 0 t4only 0 t2only 0 rtfail 0 rcfail 0 chain 0 t3c 59 keyfail 0 [6.5 s]
#   unit {'pos': 3803, 'blk': None}: om1 5000 pos 464 st1 464 fail1 0 t4 0 t4only 0 t2only 0 rtfail 0 rcfail 0 chain 0 t3c 162 keyfail 0 [5.7 s]
#   unit {'pos': 3804, 'blk': None}: om1 5000 pos 661 st1 661 fail1 0 t4 9 t4only 0 t2only 0 rtfail 0 rcfail 0 chain 0 t3c 333 keyfail 0 [4.5 s]
#   unit {'pos': 3805, 'blk': None}: om1 5000 pos 309 st1 309 fail1 0 t4 4 t4only 0 t2only 0 rtfail 0 rcfail 0 chain 0 t3c 59 keyfail 0 [4.6 s]
#   unit {'pos': 3806, 'blk': None}: om1 5000 pos 363 st1 363 fail1 0 t4 8 t4only 0 t2only 0 rtfail 0 rcfail 0 chain 0 t3c 22 keyfail 0 [4.5 s]
#   unit {'pos': 3808, 'blk': None}: om1 5000 pos 284 st1 284 fail1 0 t4 27 t4only 0 t2only 0 rtfail 0 rcfail 0 chain 0 t3c 135 keyfail 0 [3.8 s]
#   unit {'pos': 3807, 'blk': None}: om1 5000 pos 2 st1 2 fail1 0 t4 2 t4only 0 t2only 0 rtfail 0 rcfail 0 chain 0 t3c 2 keyfail 0 [4.3 s]
#   unit {'pos': 3809, 'blk': None}: om1 5000 pos 282 st1 282 fail1 0 t4 6 t4only 0 t2only 0 rtfail 0 rcfail 0 chain 0 t3c 68 keyfail 0 [4.0 s]
#   unit {'pos': 3810, 'blk': None}: om1 5000 pos 386 st1 386 fail1 0 t4 8 t4only 0 t2only 0 rtfail 0 rcfail 0 chain 0 t3c 139 keyfail 0 [4.2 s]
#   unit {'pos': 3812, 'blk': None}: om1 5000 pos 237 st1 237 fail1 0 t4 0 t4only 0 t2only 0 rtfail 0 rcfail 0 chain 0 t3c 90 keyfail 0 [4.1 s]
#   unit {'pos': 3811, 'blk': None}: om1 5000 pos 344 st1 344 fail1 0 t4 15 t4only 0 t2only 0 rtfail 0 rcfail 0 chain 0 t3c 96 keyfail 0 [5.1 s]
#   unit {'pos': 3813, 'blk': None}: om1 5000 pos 182 st1 182 fail1 0 t4 0 t4only 0 t2only 0 rtfail 0 rcfail 0 chain 0 t3c 84 keyfail 0 [4.4 s]
#   unit {'pos': 3814, 'blk': None}: om1 5000 pos 332 st1 332 fail1 0 t4 0 t4only 0 t2only 0 rtfail 0 rcfail 0 chain 0 t3c 107 keyfail 0 [4.3 s]
#   unit {'pos': 3815, 'blk': None}: om1 5000 pos 432 st1 432 fail1 0 t4 0 t4only 0 t2only 0 rtfail 0 rcfail 0 chain 0 t3c 137 keyfail 0 [4.8 s]
#   unit {'pos': 3816, 'blk': None}: om1 5000 pos 417 st1 417 fail1 0 t4 0 t4only 0 t2only 0 rtfail 0 rcfail 0 chain 0 t3c 117 keyfail 0 [4.3 s]
#   unit {'pos': 3817, 'blk': None}: om1 5000 pos 403 st1 403 fail1 0 t4 0 t4only 0 t2only 0 rtfail 0 rcfail 0 chain 0 t3c 40 keyfail 0 [5.7 s]
#   unit {'pos': 3818, 'blk': None}: om1 5000 pos 387 st1 387 fail1 0 t4 53 t4only 0 t2only 0 rtfail 0 rcfail 0 chain 0 t3c 204 keyfail 0 [5.2 s]
#   unit {'pos': 3820, 'blk': None}: om1 5000 pos 428 st1 428 fail1 0 t4 0 t4only 0 t2only 0 rtfail 0 rcfail 0 chain 0 t3c 99 keyfail 0 [5.2 s]
#   unit {'pos': 3819, 'blk': None}: om1 5000 pos 168 st1 168 fail1 0 t4 25 t4only 0 t2only 0 rtfail 0 rcfail 0 chain 0 t3c 82 keyfail 0 [6.0 s]
#   unit {'pos': 3821, 'blk': None}: om1 5000 pos 317 st1 317 fail1 0 t4 0 t4only 0 t2only 0 rtfail 0 rcfail 0 chain 0 t3c 117 keyfail 0 [5.8 s]
#   unit {'pos': 3822, 'blk': None}: om1 5000 pos 369 st1 369 fail1 0 t4 0 t4only 0 t2only 0 rtfail 0 rcfail 0 chain 0 t3c 119 keyfail 0 [5.0 s]
#   unit {'pos': 3823, 'blk': None}: om1 5000 pos 460 st1 460 fail1 0 t4 6 t4only 0 t2only 0 rtfail 0 rcfail 0 chain 0 t3c 233 keyfail 0 [5.0 s]
#   unit {'pos': 3824, 'blk': None}: om1 5000 pos 283 st1 283 fail1 0 t4 2 t4only 0 t2only 0 rtfail 0 rcfail 0 chain 0 t3c 19 keyfail 0 [4.9 s]
#   unit {'pos': 3826, 'blk': None}: om1 5000 pos 30 st1 30 fail1 0 t4 0 t4only 0 t2only 0 rtfail 0 rcfail 0 chain 0 t3c 21 keyfail 0 [5.9 s]
#   unit {'pos': 3825, 'blk': None}: om1 5000 pos 26 st1 26 fail1 0 t4 4 t4only 0 t2only 0 rtfail 0 rcfail 0 chain 0 t3c 26 keyfail 0 [7.1 s]
#   unit {'pos': 3827, 'blk': None}: om1 5000 pos 6 st1 6 fail1 0 t4 6 t4only 0 t2only 0 rtfail 0 rcfail 0 chain 0 t3c 6 keyfail 0 [4.8 s]
#   unit {'pos': 3828, 'blk': None}: om1 5000 pos 362 st1 362 fail1 0 t4 2 t4only 0 t2only 0 rtfail 0 rcfail 0 chain 0 t3c 84 keyfail 0 [4.6 s]
#   unit {'pos': 3829, 'blk': None}: om1 5000 pos 335 st1 335 fail1 0 t4 2 t4only 0 t2only 0 rtfail 0 rcfail 0 chain 0 t3c 47 keyfail 0 [4.6 s]
#   unit {'pos': 3830, 'blk': None}: om1 5000 pos 345 st1 345 fail1 0 t4 9 t4only 0 t2only 0 rtfail 0 rcfail 0 chain 0 t3c 118 keyfail 0 [4.8 s]
#   unit {'pos': 3831, 'blk': None}: om1 5000 pos 192 st1 192 fail1 0 t4 0 t4only 0 t2only 0 rtfail 0 rcfail 0 chain 0 t3c 60 keyfail 0 [4.3 s]
#   unit {'pos': 3832, 'blk': None}: om1 5000 pos 356 st1 356 fail1 0 t4 0 t4only 0 t2only 0 rtfail 0 rcfail 0 chain 0 t3c 106 keyfail 0 [4.3 s]
#   unit {'pos': 3835, 'blk': None}: om1 5000 pos 342 st1 342 fail1 0 t4 2 t4only 0 t2only 0 rtfail 0 rcfail 0 chain 0 t3c 20 keyfail 0 [5.1 s]
#   unit {'pos': 3834, 'blk': None}: om1 5000 pos 262 st1 262 fail1 0 t4 4 t4only 0 t2only 0 rtfail 0 rcfail 0 chain 0 t3c 14 keyfail 0 [5.2 s]
#   unit {'pos': 3833, 'blk': None}: om1 5000 pos 300 st1 300 fail1 0 t4 4 t4only 0 t2only 0 rtfail 0 rcfail 0 chain 0 t3c 50 keyfail 0 [6.3 s]
#   unit {'pos': 3836, 'blk': None}: om1 5000 pos 275 st1 275 fail1 0 t4 0 t4only 0 t2only 0 rtfail 0 rcfail 0 chain 0 t3c 35 keyfail 0 [5.4 s]
#   unit {'pos': 3839, 'blk': None}: om1 5000 pos 539 st1 539 fail1 0 t4 33 t4only 0 t2only 0 rtfail 0 rcfail 0 chain 0 t3c 216 keyfail 0 [4.5 s]
#   unit {'pos': 3840, 'blk': None}: om1 5000 pos 394 st1 394 fail1 0 t4 20 t4only 0 t2only 0 rtfail 0 rcfail 0 chain 0 t3c 124 keyfail 0 [4.5 s]
#   unit {'pos': 3838, 'blk': None}: om1 5000 pos 307 st1 307 fail1 0 t4 2 t4only 0 t2only 0 rtfail 0 rcfail 0 chain 0 t3c 35 keyfail 0 [5.0 s]
#   unit {'pos': 3837, 'blk': None}: om1 5000 pos 448 st1 448 fail1 0 t4 12 t4only 0 t2only 0 rtfail 0 rcfail 0 chain 0 t3c 120 keyfail 0 [5.1 s]
#   unit {'pos': 3841, 'blk': None}: om1 5000 pos 249 st1 249 fail1 0 t4 2 t4only 0 t2only 0 rtfail 0 rcfail 0 chain 0 t3c 46 keyfail 0 [4.0 s]
#   unit {'pos': 3844, 'blk': None}: om1 5000 pos 135 st1 135 fail1 0 t4 0 t4only 0 t2only 0 rtfail 0 rcfail 0 chain 0 t3c 72 keyfail 0 [4.1 s]
#   unit {'pos': 3842, 'blk': None}: om1 5000 pos 296 st1 296 fail1 0 t4 0 t4only 0 t2only 0 rtfail 0 rcfail 0 chain 0 t3c 22 keyfail 0 [4.3 s]
#   unit {'pos': 3843, 'blk': None}: om1 5000 pos 285 st1 285 fail1 0 t4 2 t4only 0 t2only 0 rtfail 0 rcfail 0 chain 0 t3c 25 keyfail 0 [4.6 s]
#   unit {'pos': 3845, 'blk': None}: om1 5000 pos 465 st1 465 fail1 0 t4 0 t4only 0 t2only 0 rtfail 0 rcfail 0 chain 0 t3c 116 keyfail 0 [3.9 s]
#   unit {'pos': 3846, 'blk': None}: om1 5000 pos 408 st1 408 fail1 0 t4 0 t4only 0 t2only 0 rtfail 0 rcfail 0 chain 0 t3c 132 keyfail 0 [4.4 s]
#   unit {'pos': 3847, 'blk': None}: om1 5000 pos 268 st1 268 fail1 0 t4 4 t4only 0 t2only 0 rtfail 0 rcfail 0 chain 0 t3c 22 keyfail 0 [4.5 s]
#   unit {'pos': 3848, 'blk': None}: om1 5000 pos 341 st1 341 fail1 0 t4 20 t4only 0 t2only 0 rtfail 0 rcfail 0 chain 0 t3c 132 keyfail 0 [4.4 s]
#   unit {'pos': 3849, 'blk': None}: om1 5000 pos 463 st1 463 fail1 0 t4 0 t4only 0 t2only 0 rtfail 0 rcfail 0 chain 0 t3c 152 keyfail 0 [3.2 s]
#   unit {'pos': 3850, 'blk': None}: om1 5000 pos 403 st1 403 fail1 0 t4 3 t4only 0 t2only 0 rtfail 0 rcfail 0 chain 0 t3c 74 keyfail 0 [3.7 s]
#   unit {'pos': 3851, 'blk': None}: om1 5000 pos 301 st1 301 fail1 0 t4 0 t4only 0 t2only 0 rtfail 0 rcfail 0 chain 0 t3c 48 keyfail 0 [4.0 s]
#   unit {'pos': 3852, 'blk': None}: om1 5000 pos 270 st1 270 fail1 0 t4 0 t4only 0 t2only 0 rtfail 0 rcfail 0 chain 0 t3c 11 keyfail 0 [4.1 s]
#   unit {'pos': 3853, 'blk': None}: om1 5000 pos 222 st1 222 fail1 0 t4 14 t4only 0 t2only 0 rtfail 0 rcfail 0 chain 0 t3c 115 keyfail 0 [4.9 s]
#   unit {'pos': 3854, 'blk': None}: om1 5000 pos 320 st1 320 fail1 0 t4 23 t4only 0 t2only 0 rtfail 0 rcfail 0 chain 0 t3c 106 keyfail 0 [4.4 s]
#   unit {'pos': 3855, 'blk': None}: om1 5000 pos 456 st1 456 fail1 0 t4 26 t4only 0 t2only 0 rtfail 0 rcfail 0 chain 0 t3c 228 keyfail 0 [4.2 s]
#   unit {'pos': 3856, 'blk': None}: om1 5000 pos 264 st1 264 fail1 0 t4 0 t4only 0 t2only 0 rtfail 0 rcfail 0 chain 0 t3c 56 keyfail 0 [4.8 s]
#   unit {'pos': 3857, 'blk': None}: om1 5000 pos 56 st1 56 fail1 0 t4 0 t4only 0 t2only 0 rtfail 0 rcfail 0 chain 0 t3c 52 keyfail 0 [4.2 s]
#   unit {'pos': 3858, 'blk': None}: om1 5000 pos 310 st1 310 fail1 0 t4 36 t4only 0 t2only 0 rtfail 0 rcfail 0 chain 0 t3c 181 keyfail 0 [4.2 s]
#   unit {'pos': 3859, 'blk': None}: om1 5000 pos 240 st1 240 fail1 0 t4 23 t4only 0 t2only 0 rtfail 0 rcfail 0 chain 0 t3c 88 keyfail 0 [4.8 s]
#   unit {'pos': 3860, 'blk': None}: om1 5000 pos 367 st1 367 fail1 0 t4 4 t4only 0 t2only 0 rtfail 0 rcfail 0 chain 0 t3c 75 keyfail 0 [4.6 s]
#   unit {'pos': 3861, 'blk': None}: om1 5000 pos 410 st1 410 fail1 0 t4 4 t4only 0 t2only 0 rtfail 0 rcfail 0 chain 0 t3c 70 keyfail 0 [5.2 s]
#   unit {'pos': 3863, 'blk': None}: om1 5000 pos 259 st1 259 fail1 0 t4 0 t4only 0 t2only 0 rtfail 0 rcfail 0 chain 0 t3c 81 keyfail 0 [3.9 s]
#   unit {'pos': 3862, 'blk': None}: om1 5000 pos 285 st1 285 fail1 0 t4 10 t4only 0 t2only 0 rtfail 0 rcfail 0 chain 0 t3c 68 keyfail 0 [5.0 s]
#   unit {'pos': 3864, 'blk': None}: om1 5000 pos 277 st1 277 fail1 0 t4 0 t4only 0 t2only 0 rtfail 0 rcfail 0 chain 0 t3c 47 keyfail 0 [4.3 s]
#   unit {'pos': 3865, 'blk': None}: om1 5000 pos 452 st1 452 fail1 0 t4 0 t4only 0 t2only 0 rtfail 0 rcfail 0 chain 0 t3c 152 keyfail 0 [4.0 s]
#   unit {'pos': 3867, 'blk': None}: om1 5000 pos 430 st1 430 fail1 0 t4 19 t4only 0 t2only 0 rtfail 0 rcfail 0 chain 0 t3c 112 keyfail 0 [3.8 s]
#   unit {'pos': 3866, 'blk': None}: om1 5000 pos 680 st1 680 fail1 0 t4 7 t4only 0 t2only 0 rtfail 0 rcfail 0 chain 0 t3c 263 keyfail 0 [4.2 s]
#   unit {'pos': 3868, 'blk': None}: om1 5000 pos 155 st1 155 fail1 0 t4 32 t4only 0 t2only 0 rtfail 0 rcfail 0 chain 0 t3c 110 keyfail 0 [4.3 s]
#   unit {'pos': 3869, 'blk': None}: om1 5000 pos 344 st1 344 fail1 0 t4 23 t4only 0 t2only 0 rtfail 0 rcfail 0 chain 0 t3c 227 keyfail 0 [4.4 s]
#   unit {'pos': 3871, 'blk': None}: om1 5000 pos 10 st1 10 fail1 0 t4 10 t4only 0 t2only 0 rtfail 0 rcfail 0 chain 0 t3c 10 keyfail 0 [3.8 s]
#   unit {'pos': 3870, 'blk': None}: om1 5000 pos 150 st1 150 fail1 0 t4 10 t4only 0 t2only 0 rtfail 0 rcfail 0 chain 0 t3c 133 keyfail 0 [4.1 s]
#   unit {'pos': 3872, 'blk': None}: om1 5000 pos 364 st1 364 fail1 0 t4 0 t4only 0 t2only 0 rtfail 0 rcfail 0 chain 0 t3c 49 keyfail 0 [4.1 s]
#   unit {'pos': 3873, 'blk': None}: om1 5000 pos 684 st1 684 fail1 0 t4 0 t4only 0 t2only 0 rtfail 0 rcfail 0 chain 0 t3c 152 keyfail 0 [4.0 s]
#   unit {'pos': 3875, 'blk': None}: om1 5000 pos 509 st1 509 fail1 0 t4 0 t4only 0 t2only 0 rtfail 0 rcfail 0 chain 0 t3c 107 keyfail 0 [3.6 s]
#   unit {'pos': 3874, 'blk': None}: om1 5000 pos 151 st1 151 fail1 0 t4 0 t4only 0 t2only 0 rtfail 0 rcfail 0 chain 0 t3c 92 keyfail 0 [4.2 s]
#   unit {'pos': 3876, 'blk': None}: om1 5000 pos 318 st1 318 fail1 0 t4 3 t4only 0 t2only 0 rtfail 0 rcfail 0 chain 0 t3c 121 keyfail 0 [4.0 s]
#   unit {'pos': 3877, 'blk': None}: om1 5000 pos 290 st1 290 fail1 0 t4 14 t4only 0 t2only 0 rtfail 0 rcfail 0 chain 0 t3c 122 keyfail 0 [3.7 s]
#   unit {'pos': 3878, 'blk': None}: om1 5000 pos 315 st1 315 fail1 0 t4 2 t4only 0 t2only 0 rtfail 0 rcfail 0 chain 0 t3c 50 keyfail 0 [4.0 s]
#   unit {'pos': 3879, 'blk': None}: om1 5000 pos 271 st1 271 fail1 0 t4 2 t4only 0 t2only 0 rtfail 0 rcfail 0 chain 0 t3c 28 keyfail 0 [4.4 s]
#   unit {'pos': 3880, 'blk': None}: om1 5000 pos 133 st1 133 fail1 0 t4 16 t4only 0 t2only 0 rtfail 0 rcfail 0 chain 0 t3c 69 keyfail 0 [4.6 s]
#   unit {'pos': 3883, 'blk': None}: om1 5000 pos 457 st1 457 fail1 0 t4 0 t4only 0 t2only 0 rtfail 0 rcfail 0 chain 0 t3c 139 keyfail 0 [3.9 s]
#   unit {'pos': 3882, 'blk': None}: om1 5000 pos 109 st1 109 fail1 0 t4 0 t4only 0 t2only 0 rtfail 0 rcfail 0 chain 0 t3c 46 keyfail 0 [4.9 s]
#   unit {'pos': 3881, 'blk': None}: om1 5000 pos 383 st1 383 fail1 0 t4 0 t4only 0 t2only 0 rtfail 0 rcfail 0 chain 0 t3c 88 keyfail 0 [5.3 s]
#   unit {'pos': 3884, 'blk': None}: om1 5000 pos 259 st1 259 fail1 0 t4 10 t4only 0 t2only 0 rtfail 0 rcfail 0 chain 0 t3c 101 keyfail 0 [5.2 s]
#   unit {'pos': 3886, 'blk': None}: om1 5000 pos 348 st1 348 fail1 0 t4 13 t4only 0 t2only 0 rtfail 0 rcfail 0 chain 0 t3c 98 keyfail 0 [4.6 s]
#   unit {'pos': 3887, 'blk': None}: om1 5000 pos 193 st1 193 fail1 0 t4 0 t4only 0 t2only 0 rtfail 0 rcfail 0 chain 0 t3c 122 keyfail 0 [5.0 s]
#   unit {'pos': 3885, 'blk': None}: om1 5000 pos 372 st1 372 fail1 0 t4 19 t4only 0 t2only 0 rtfail 0 rcfail 0 chain 0 t3c 191 keyfail 0 [5.3 s]
#   unit {'pos': 3888, 'blk': None}: om1 5000 pos 694 st1 694 fail1 0 t4 0 t4only 0 t2only 0 rtfail 0 rcfail 0 chain 0 t3c 236 keyfail 0 [4.8 s]
#   unit {'pos': 3889, 'blk': None}: om1 5000 pos 725 st1 725 fail1 0 t4 0 t4only 0 t2only 0 rtfail 0 rcfail 0 chain 0 t3c 211 keyfail 0 [4.6 s]
#   unit {'pos': 3890, 'blk': None}: om1 5000 pos 441 st1 441 fail1 0 t4 2 t4only 0 t2only 0 rtfail 0 rcfail 0 chain 0 t3c 203 keyfail 0 [4.4 s]
#   unit {'pos': 3891, 'blk': None}: om1 5000 pos 149 st1 149 fail1 0 t4 19 t4only 0 t2only 0 rtfail 0 rcfail 0 chain 0 t3c 91 keyfail 0 [4.6 s]
#   unit {'pos': 3892, 'blk': None}: om1 5000 pos 136 st1 136 fail1 0 t4 9 t4only 0 t2only 0 rtfail 0 rcfail 0 chain 0 t3c 62 keyfail 0 [4.6 s]
#   unit {'pos': 3893, 'blk': None}: om1 5000 pos 414 st1 414 fail1 0 t4 6 t4only 0 t2only 0 rtfail 0 rcfail 0 chain 0 t3c 119 keyfail 0 [4.6 s]
#   unit {'pos': 3894, 'blk': None}: om1 5000 pos 284 st1 284 fail1 0 t4 6 t4only 0 t2only 0 rtfail 0 rcfail 0 chain 0 t3c 21 keyfail 0 [4.5 s]
#   unit {'pos': 3895, 'blk': None}: om1 5000 pos 372 st1 372 fail1 0 t4 2 t4only 0 t2only 0 rtfail 0 rcfail 0 chain 0 t3c 30 keyfail 0 [4.3 s]
#   unit {'pos': 3896, 'blk': None}: om1 5000 pos 368 st1 368 fail1 0 t4 30 t4only 0 t2only 0 rtfail 0 rcfail 0 chain 0 t3c 148 keyfail 0 [5.2 s]
#   unit {'pos': 3898, 'blk': None}: om1 5000 pos 415 st1 415 fail1 0 t4 22 t4only 0 t2only 0 rtfail 0 rcfail 0 chain 0 t3c 179 keyfail 0 [5.5 s]
#   unit {'pos': 3897, 'blk': None}: om1 5000 pos 379 st1 379 fail1 0 t4 14 t4only 0 t2only 0 rtfail 0 rcfail 0 chain 0 t3c 100 keyfail 0 [6.3 s]
#   unit {'pos': 3899, 'blk': None}: om1 5000 pos 282 st1 282 fail1 0 t4 32 t4only 0 t2only 0 rtfail 0 rcfail 0 chain 0 t3c 96 keyfail 0 [6.5 s]
#   unit {'pos': 3900, 'blk': None}: om1 5000 pos 79 st1 79 fail1 0 t4 4 t4only 0 t2only 0 rtfail 0 rcfail 0 chain 0 t3c 79 keyfail 0 [6.2 s]
#   unit {'pos': 3901, 'blk': None}: om1 5000 pos 83 st1 83 fail1 0 t4 0 t4only 0 t2only 0 rtfail 0 rcfail 0 chain 0 t3c 83 keyfail 0 [5.1 s]
#   unit {'pos': 3903, 'blk': None}: om1 5000 pos 194 st1 194 fail1 0 t4 0 t4only 0 t2only 0 rtfail 0 rcfail 0 chain 0 t3c 72 keyfail 0 [4.9 s]
#   unit {'pos': 3902, 'blk': None}: om1 5000 pos 246 st1 246 fail1 0 t4 0 t4only 0 t2only 0 rtfail 0 rcfail 0 chain 0 t3c 83 keyfail 0 [5.7 s]
#   unit {'pos': 3904, 'blk': None}: om1 5000 pos 341 st1 341 fail1 0 t4 0 t4only 0 t2only 0 rtfail 0 rcfail 0 chain 0 t3c 172 keyfail 0 [4.0 s]
#   unit {'pos': 3905, 'blk': None}: om1 5000 pos 173 st1 173 fail1 0 t4 6 t4only 0 t2only 0 rtfail 0 rcfail 0 chain 0 t3c 52 keyfail 0 [4.2 s]
#   unit {'pos': 3906, 'blk': None}: om1 5000 pos 337 st1 337 fail1 0 t4 30 t4only 0 t2only 0 rtfail 0 rcfail 0 chain 0 t3c 173 keyfail 0 [3.8 s]
#   unit {'pos': 3907, 'blk': None}: om1 5000 pos 345 st1 345 fail1 0 t4 20 t4only 0 t2only 0 rtfail 0 rcfail 0 chain 0 t3c 173 keyfail 0 [3.8 s]
#   unit {'pos': 3908, 'blk': None}: om1 5000 pos 270 st1 270 fail1 0 t4 8 t4only 0 t2only 0 rtfail 0 rcfail 0 chain 0 t3c 106 keyfail 0 [4.3 s]
#   unit {'pos': 3909, 'blk': None}: om1 5000 pos 449 st1 449 fail1 0 t4 6 t4only 0 t2only 0 rtfail 0 rcfail 0 chain 0 t3c 194 keyfail 0 [4.6 s]
#   unit {'pos': 3910, 'blk': None}: om1 5000 pos 454 st1 454 fail1 0 t4 11 t4only 0 t2only 0 rtfail 0 rcfail 0 chain 0 t3c 159 keyfail 0 [4.7 s]
#   unit {'pos': 3911, 'blk': None}: om1 5000 pos 220 st1 220 fail1 0 t4 9 t4only 0 t2only 0 rtfail 0 rcfail 0 chain 0 t3c 96 keyfail 0 [4.7 s]
#   unit {'pos': 3912, 'blk': None}: om1 5000 pos 138 st1 138 fail1 0 t4 8 t4only 0 t2only 0 rtfail 0 rcfail 0 chain 0 t3c 50 keyfail 0 [4.7 s]
#   unit {'pos': 3913, 'blk': None}: om1 5000 pos 418 st1 418 fail1 0 t4 5 t4only 0 t2only 0 rtfail 0 rcfail 0 chain 0 t3c 181 keyfail 0 [4.6 s]
#   unit {'pos': 3915, 'blk': None}: om1 5000 pos 236 st1 236 fail1 0 t4 0 t4only 0 t2only 0 rtfail 0 rcfail 0 chain 0 t3c 89 keyfail 0 [4.0 s]
#   unit {'pos': 3914, 'blk': None}: om1 5000 pos 525 st1 525 fail1 0 t4 0 t4only 0 t2only 0 rtfail 0 rcfail 0 chain 0 t3c 127 keyfail 0 [4.3 s]
#   unit {'pos': 3916, 'blk': None}: om1 5000 pos 396 st1 396 fail1 0 t4 0 t4only 0 t2only 0 rtfail 0 rcfail 0 chain 0 t3c 138 keyfail 0 [4.0 s]
#   unit {'pos': 3917, 'blk': None}: om1 5000 pos 342 st1 342 fail1 0 t4 16 t4only 0 t2only 0 rtfail 0 rcfail 0 chain 0 t3c 77 keyfail 0 [4.0 s]
#   unit {'pos': 3918, 'blk': None}: om1 5000 pos 478 st1 478 fail1 0 t4 2 t4only 0 t2only 0 rtfail 0 rcfail 0 chain 0 t3c 46 keyfail 0 [3.9 s]
#   unit {'pos': 3919, 'blk': None}: om1 5000 pos 5 st1 5 fail1 0 t4 2 t4only 0 t2only 0 rtfail 0 rcfail 0 chain 0 t3c 5 keyfail 0 [4.2 s]
#   unit {'pos': 3920, 'blk': None}: om1 5000 pos 276 st1 276 fail1 0 t4 2 t4only 0 t2only 0 rtfail 0 rcfail 0 chain 0 t3c 39 keyfail 0 [3.9 s]
#   unit {'pos': 3921, 'blk': None}: om1 5000 pos 317 st1 317 fail1 0 t4 0 t4only 0 t2only 0 rtfail 0 rcfail 0 chain 0 t3c 37 keyfail 0 [3.4 s]
#   unit {'pos': 3922, 'blk': None}: om1 5000 pos 439 st1 439 fail1 0 t4 6 t4only 0 t2only 0 rtfail 0 rcfail 0 chain 0 t3c 92 keyfail 0 [4.1 s]
#   unit {'pos': 3923, 'blk': None}: om1 5000 pos 300 st1 300 fail1 0 t4 0 t4only 0 t2only 0 rtfail 0 rcfail 0 chain 0 t3c 123 keyfail 0 [4.0 s]
#   unit {'pos': 3924, 'blk': None}: om1 5000 pos 389 st1 389 fail1 0 t4 0 t4only 0 t2only 0 rtfail 0 rcfail 0 chain 0 t3c 105 keyfail 0 [3.7 s]
#   unit {'pos': 3925, 'blk': None}: om1 5000 pos 183 st1 183 fail1 0 t4 0 t4only 0 t2only 0 rtfail 0 rcfail 0 chain 0 t3c 78 keyfail 0 [3.9 s]
#   unit {'pos': 3926, 'blk': None}: om1 5000 pos 447 st1 447 fail1 0 t4 21 t4only 0 t2only 0 rtfail 0 rcfail 0 chain 0 t3c 154 keyfail 0 [3.9 s]
#   unit {'pos': 3927, 'blk': None}: om1 5000 pos 236 st1 236 fail1 0 t4 0 t4only 0 t2only 0 rtfail 0 rcfail 0 chain 0 t3c 99 keyfail 0 [4.3 s]
#   unit {'pos': 3928, 'blk': None}: om1 5000 pos 287 st1 287 fail1 0 t4 0 t4only 0 t2only 0 rtfail 0 rcfail 0 chain 0 t3c 115 keyfail 0 [4.2 s]
#   unit {'pos': 3930, 'blk': None}: om1 5000 pos 469 st1 469 fail1 0 t4 0 t4only 0 t2only 0 rtfail 0 rcfail 0 chain 0 t3c 175 keyfail 0 [4.5 s]
#   unit {'pos': 3929, 'blk': None}: om1 5000 pos 388 st1 388 fail1 0 t4 0 t4only 0 t2only 0 rtfail 0 rcfail 0 chain 0 t3c 136 keyfail 0 [5.9 s]
#   unit {'pos': 3931, 'blk': None}: om1 5000 pos 120 st1 120 fail1 0 t4 24 t4only 0 t2only 0 rtfail 0 rcfail 0 chain 0 t3c 51 keyfail 0 [4.9 s]
#   unit {'pos': 3932, 'blk': None}: om1 5000 pos 343 st1 343 fail1 0 t4 2 t4only 0 t2only 0 rtfail 0 rcfail 0 chain 0 t3c 21 keyfail 0 [5.5 s]
#   unit {'pos': 3933, 'blk': None}: om1 5000 pos 391 st1 391 fail1 0 t4 0 t4only 0 t2only 0 rtfail 0 rcfail 0 chain 0 t3c 17 keyfail 0 [5.0 s]
#   unit {'pos': 3934, 'blk': None}: om1 5000 pos 46 st1 46 fail1 0 t4 16 t4only 0 t2only 0 rtfail 0 rcfail 0 chain 0 t3c 46 keyfail 0 [5.2 s]
#   unit {'pos': 3935, 'blk': None}: om1 5000 pos 32 st1 32 fail1 0 t4 4 t4only 0 t2only 0 rtfail 0 rcfail 0 chain 0 t3c 32 keyfail 0 [5.9 s]
#   unit {'pos': 3936, 'blk': None}: om1 5000 pos 283 st1 283 fail1 0 t4 0 t4only 0 t2only 0 rtfail 0 rcfail 0 chain 0 t3c 94 keyfail 0 [5.7 s]
#   unit {'pos': 3937, 'blk': None}: om1 5000 pos 228 st1 228 fail1 0 t4 0 t4only 0 t2only 0 rtfail 0 rcfail 0 chain 0 t3c 106 keyfail 0 [5.4 s]
#   unit {'pos': 3938, 'blk': None}: om1 5000 pos 475 st1 475 fail1 0 t4 0 t4only 0 t2only 0 rtfail 0 rcfail 0 chain 0 t3c 140 keyfail 0 [5.3 s]
#   unit {'pos': 3939, 'blk': None}: om1 5000 pos 455 st1 455 fail1 0 t4 6 t4only 0 t2only 0 rtfail 0 rcfail 0 chain 0 t3c 142 keyfail 0 [4.7 s]
#   unit {'pos': 3940, 'blk': None}: om1 5000 pos 367 st1 367 fail1 0 t4 7 t4only 0 t2only 0 rtfail 0 rcfail 0 chain 0 t3c 159 keyfail 0 [4.4 s]
#   unit {'pos': 3941, 'blk': None}: om1 5000 pos 467 st1 467 fail1 0 t4 13 t4only 0 t2only 0 rtfail 0 rcfail 0 chain 0 t3c 222 keyfail 0 [4.3 s]
#   unit {'pos': 3942, 'blk': None}: om1 5000 pos 306 st1 306 fail1 0 t4 14 t4only 0 t2only 0 rtfail 0 rcfail 0 chain 0 t3c 120 keyfail 0 [4.8 s]
#   unit {'pos': 3943, 'blk': None}: om1 5000 pos 457 st1 457 fail1 0 t4 19 t4only 0 t2only 0 rtfail 0 rcfail 0 chain 0 t3c 195 keyfail 0 [4.9 s]
#   unit {'pos': 3944, 'blk': None}: om1 5000 pos 544 st1 544 fail1 0 t4 6 t4only 0 t2only 0 rtfail 0 rcfail 0 chain 0 t3c 187 keyfail 0 [5.3 s]
#   unit {'pos': 3945, 'blk': None}: om1 5000 pos 377 st1 377 fail1 0 t4 13 t4only 0 t2only 0 rtfail 0 rcfail 0 chain 0 t3c 96 keyfail 0 [4.6 s]
#   unit {'pos': 3946, 'blk': None}: om1 5000 pos 340 st1 340 fail1 0 t4 6 t4only 0 t2only 0 rtfail 0 rcfail 0 chain 0 t3c 145 keyfail 0 [4.6 s]
#   unit {'pos': 3947, 'blk': None}: om1 5000 pos 439 st1 439 fail1 0 t4 0 t4only 0 t2only 0 rtfail 0 rcfail 0 chain 0 t3c 165 keyfail 0 [4.9 s]
#   unit {'pos': 3948, 'blk': None}: om1 5000 pos 607 st1 607 fail1 0 t4 0 t4only 0 t2only 0 rtfail 0 rcfail 0 chain 0 t3c 272 keyfail 0 [5.8 s]
#   unit {'pos': 3949, 'blk': None}: om1 5000 pos 410 st1 410 fail1 0 t4 0 t4only 0 t2only 0 rtfail 0 rcfail 0 chain 0 t3c 152 keyfail 0 [6.0 s]
#   unit {'pos': 3950, 'blk': None}: om1 5000 pos 438 st1 438 fail1 0 t4 4 t4only 0 t2only 0 rtfail 0 rcfail 0 chain 0 t3c 208 keyfail 0 [5.6 s]
#   unit {'pos': 3951, 'blk': None}: om1 5000 pos 200 st1 200 fail1 0 t4 8 t4only 0 t2only 0 rtfail 0 rcfail 0 chain 0 t3c 44 keyfail 0 [6.4 s]
#   unit {'pos': 3952, 'blk': None}: om1 5000 pos 357 st1 357 fail1 0 t4 13 t4only 0 t2only 0 rtfail 0 rcfail 0 chain 0 t3c 139 keyfail 0 [5.2 s]
#   unit {'pos': 3954, 'blk': None}: om1 5000 pos 731 st1 731 fail1 0 t4 0 t4only 0 t2only 0 rtfail 0 rcfail 0 chain 0 t3c 325 keyfail 0 [4.5 s]
#   unit {'pos': 3953, 'blk': None}: om1 5000 pos 197 st1 197 fail1 0 t4 1 t4only 0 t2only 0 rtfail 0 rcfail 0 chain 0 t3c 29 keyfail 0 [5.9 s]
#   unit {'pos': 3955, 'blk': None}: om1 5000 pos 475 st1 475 fail1 0 t4 0 t4only 0 t2only 0 rtfail 0 rcfail 0 chain 0 t3c 67 keyfail 0 [4.3 s]
#   unit {'pos': 3956, 'blk': None}: om1 5000 pos 587 st1 587 fail1 0 t4 0 t4only 0 t2only 0 rtfail 0 rcfail 0 chain 0 t3c 13 keyfail 0 [4.5 s]
#   unit {'pos': 3957, 'blk': None}: om1 5000 pos 38 st1 38 fail1 0 t4 0 t4only 0 t2only 0 rtfail 0 rcfail 0 chain 0 t3c 4 keyfail 0 [4.9 s]
#   unit {'pos': 3958, 'blk': None}: om1 5000 pos 908 st1 908 fail1 0 t4 0 t4only 0 t2only 0 rtfail 0 rcfail 0 chain 0 t3c 277 keyfail 0 [4.8 s]
#   unit {'pos': 3959, 'blk': None}: om1 5000 pos 247 st1 247 fail1 0 t4 0 t4only 0 t2only 0 rtfail 0 rcfail 0 chain 0 t3c 42 keyfail 0 [4.8 s]
#   unit {'pos': 3960, 'blk': None}: om1 5000 pos 212 st1 212 fail1 0 t4 0 t4only 0 t2only 0 rtfail 0 rcfail 0 chain 0 t3c 54 keyfail 0 [5.4 s]
#   unit {'pos': 3961, 'blk': None}: om1 5000 pos 36 st1 36 fail1 0 t4 0 t4only 0 t2only 0 rtfail 0 rcfail 0 chain 0 t3c 31 keyfail 0 [5.1 s]
#   unit {'pos': 3962, 'blk': None}: om1 5000 pos 257 st1 257 fail1 0 t4 0 t4only 0 t2only 0 rtfail 0 rcfail 0 chain 0 t3c 19 keyfail 0 [5.1 s]
#   unit {'pos': 3963, 'blk': None}: om1 5000 pos 309 st1 309 fail1 0 t4 0 t4only 0 t2only 0 rtfail 0 rcfail 0 chain 0 t3c 30 keyfail 0 [5.4 s]
#   unit {'pos': 3964, 'blk': None}: om1 5000 pos 0 st1 0 fail1 0 t4 0 t4only 0 t2only 0 rtfail 0 rcfail 0 chain 0 t3c 0 keyfail 0 [5.4 s]
#   unit {'pos': 3965, 'blk': None}: om1 5000 pos 382 st1 382 fail1 0 t4 0 t4only 0 t2only 0 rtfail 0 rcfail 0 chain 0 t3c 28 keyfail 0 [6.2 s]
#   unit {'pos': 3966, 'blk': None}: om1 5000 pos 417 st1 417 fail1 0 t4 0 t4only 0 t2only 0 rtfail 0 rcfail 0 chain 0 t3c 9 keyfail 0 [5.3 s]
#   unit {'pos': 3967, 'blk': None}: om1 5000 pos 544 st1 544 fail1 0 t4 0 t4only 0 t2only 0 rtfail 0 rcfail 0 chain 0 t3c 157 keyfail 0 [5.7 s]
#   unit {'pos': 3968, 'blk': None}: om1 5000 pos 518 st1 518 fail1 0 t4 0 t4only 0 t2only 0 rtfail 0 rcfail 0 chain 0 t3c 10 keyfail 0 [5.9 s]
#   unit {'pos': 3970, 'blk': None}: om1 5000 pos 320 st1 320 fail1 0 t4 0 t4only 0 t2only 0 rtfail 0 rcfail 0 chain 0 t3c 92 keyfail 0 [5.1 s]
#   unit {'pos': 3969, 'blk': None}: om1 5000 pos 535 st1 535 fail1 0 t4 0 t4only 0 t2only 0 rtfail 0 rcfail 0 chain 0 t3c 87 keyfail 0 [5.5 s]
#   unit {'pos': 3971, 'blk': None}: om1 5000 pos 23 st1 23 fail1 0 t4 0 t4only 0 t2only 0 rtfail 0 rcfail 0 chain 0 t3c 23 keyfail 0 [5.0 s]
#   unit {'pos': 3972, 'blk': None}: om1 5000 pos 352 st1 352 fail1 0 t4 0 t4only 0 t2only 0 rtfail 0 rcfail 0 chain 0 t3c 20 keyfail 0 [4.4 s]
#   unit {'pos': 3974, 'blk': None}: om1 5000 pos 446 st1 446 fail1 0 t4 0 t4only 0 t2only 0 rtfail 0 rcfail 0 chain 0 t3c 130 keyfail 0 [4.6 s]
#   unit {'pos': 3973, 'blk': None}: om1 5000 pos 370 st1 370 fail1 0 t4 0 t4only 0 t2only 0 rtfail 0 rcfail 0 chain 0 t3c 17 keyfail 0 [5.4 s]
#   unit {'pos': 3975, 'blk': None}: om1 5000 pos 366 st1 366 fail1 0 t4 0 t4only 0 t2only 0 rtfail 0 rcfail 0 chain 0 t3c 17 keyfail 0 [5.1 s]
#   unit {'pos': 3976, 'blk': None}: om1 5000 pos 379 st1 379 fail1 0 t4 0 t4only 0 t2only 0 rtfail 0 rcfail 0 chain 0 t3c 16 keyfail 0 [5.3 s]
#   unit {'pos': 3977, 'blk': None}: om1 5000 pos 387 st1 387 fail1 0 t4 0 t4only 0 t2only 0 rtfail 0 rcfail 0 chain 0 t3c 58 keyfail 0 [5.7 s]
#   unit {'pos': 3978, 'blk': None}: om1 5000 pos 183 st1 183 fail1 0 t4 0 t4only 0 t2only 0 rtfail 0 rcfail 0 chain 0 t3c 65 keyfail 0 [6.1 s]
#   unit {'pos': 3979, 'blk': None}: om1 5000 pos 32 st1 32 fail1 0 t4 0 t4only 0 t2only 0 rtfail 0 rcfail 0 chain 0 t3c 32 keyfail 0 [6.1 s]
#   unit {'pos': 3980, 'blk': None}: om1 5000 pos 306 st1 306 fail1 0 t4 0 t4only 0 t2only 0 rtfail 0 rcfail 0 chain 0 t3c 81 keyfail 0 [6.3 s]
#   unit {'pos': 3981, 'blk': None}: om1 5000 pos 418 st1 418 fail1 0 t4 0 t4only 0 t2only 0 rtfail 0 rcfail 0 chain 0 t3c 12 keyfail 0 [7.0 s]
#   unit {'pos': 3982, 'blk': None}: om1 5000 pos 613 st1 613 fail1 0 t4 0 t4only 0 t2only 0 rtfail 0 rcfail 0 chain 0 t3c 133 keyfail 0 [6.3 s]
#   unit {'pos': 3983, 'blk': None}: om1 5000 pos 467 st1 467 fail1 0 t4 0 t4only 0 t2only 0 rtfail 0 rcfail 0 chain 0 t3c 5 keyfail 0 [5.6 s]
#   unit {'pos': 3984, 'blk': None}: om1 5000 pos 0 st1 0 fail1 0 t4 0 t4only 0 t2only 0 rtfail 0 rcfail 0 chain 0 t3c 0 keyfail 0 [4.8 s]
#   unit {'pos': 3985, 'blk': None}: om1 5000 pos 436 st1 436 fail1 0 t4 0 t4only 0 t2only 0 rtfail 0 rcfail 0 chain 0 t3c 14 keyfail 0 [4.2 s]
#   unit {'pos': 3986, 'blk': None}: om1 5000 pos 491 st1 491 fail1 0 t4 0 t4only 0 t2only 0 rtfail 0 rcfail 0 chain 0 t3c 10 keyfail 0 [4.7 s]
#   unit {'pos': 3987, 'blk': None}: om1 5000 pos 526 st1 526 fail1 0 t4 0 t4only 0 t2only 0 rtfail 0 rcfail 0 chain 0 t3c 47 keyfail 0 [4.9 s]
#   unit {'pos': 3988, 'blk': None}: om1 5000 pos 366 st1 366 fail1 0 t4 0 t4only 0 t2only 0 rtfail 0 rcfail 0 chain 0 t3c 48 keyfail 0 [4.0 s]
#   unit {'pos': 3989, 'blk': None}: om1 5000 pos 76 st1 76 fail1 0 t4 0 t4only 0 t2only 0 rtfail 0 rcfail 0 chain 0 t3c 14 keyfail 0 [4.3 s]
#   unit {'pos': 3990, 'blk': None}: om1 5000 pos 372 st1 372 fail1 0 t4 0 t4only 0 t2only 0 rtfail 0 rcfail 0 chain 0 t3c 67 keyfail 0 [4.4 s]
#   unit {'pos': 3991, 'blk': None}: om1 5000 pos 678 st1 678 fail1 0 t4 0 t4only 0 t2only 0 rtfail 0 rcfail 0 chain 0 t3c 121 keyfail 0 [4.2 s]
#   unit {'pos': 3992, 'blk': None}: om1 5000 pos 371 st1 371 fail1 0 t4 0 t4only 0 t2only 0 rtfail 0 rcfail 0 chain 0 t3c 33 keyfail 0 [3.9 s]
#   unit {'pos': 3993, 'blk': None}: om1 5000 pos 348 st1 348 fail1 0 t4 0 t4only 0 t2only 0 rtfail 0 rcfail 0 chain 0 t3c 48 keyfail 0 [4.1 s]
#   unit {'pos': 3994, 'blk': None}: om1 5000 pos 1 st1 1 fail1 0 t4 0 t4only 0 t2only 0 rtfail 0 rcfail 0 chain 0 t3c 1 keyfail 0 [4.8 s]
#   unit {'pos': 3995, 'blk': None}: om1 5000 pos 351 st1 351 fail1 0 t4 0 t4only 0 t2only 0 rtfail 0 rcfail 0 chain 0 t3c 136 keyfail 0 [4.2 s]
#   unit {'pos': 3996, 'blk': None}: om1 5000 pos 200 st1 200 fail1 0 t4 0 t4only 0 t2only 0 rtfail 0 rcfail 0 chain 0 t3c 24 keyfail 0 [4.3 s]
#   unit {'pos': 3997, 'blk': None}: om1 5000 pos 16 st1 16 fail1 0 t4 0 t4only 0 t2only 0 rtfail 0 rcfail 0 chain 0 t3c 7 keyfail 0 [4.9 s]
#   unit {'pos': 3999, 'blk': None}: om1 5000 pos 439 st1 439 fail1 0 t4 0 t4only 0 t2only 0 rtfail 0 rcfail 0 chain 0 t3c 45 keyfail 0 [4.3 s]
#   unit {'pos': 3998, 'blk': None}: om1 5000 pos 522 st1 522 fail1 0 t4 0 t4only 0 t2only 0 rtfail 0 rcfail 0 chain 0 t3c 22 keyfail 0 [4.6 s]
#   unit {'pos': 4000, 'blk': None}: om1 5000 pos 467 st1 467 fail1 0 t4 0 t4only 0 t2only 0 rtfail 0 rcfail 0 chain 0 t3c 84 keyfail 0 [4.4 s]
#   unit {'pos': 4001, 'blk': None}: om1 5000 pos 58 st1 58 fail1 0 t4 0 t4only 0 t2only 0 rtfail 0 rcfail 0 chain 0 t3c 58 keyfail 0 [4.8 s]
#   unit {'pos': 4003, 'blk': None}: om1 5000 pos 257 st1 257 fail1 0 t4 0 t4only 0 t2only 0 rtfail 0 rcfail 0 chain 0 t3c 39 keyfail 0 [4.9 s]
#   unit {'pos': 4002, 'blk': None}: om1 5000 pos 167 st1 167 fail1 0 t4 0 t4only 0 t2only 0 rtfail 0 rcfail 0 chain 0 t3c 41 keyfail 0 [5.7 s]
#   unit {'pos': 4004, 'blk': None}: om1 5000 pos 587 st1 587 fail1 0 t4 0 t4only 0 t2only 0 rtfail 0 rcfail 0 chain 0 t3c 134 keyfail 0 [5.5 s]
#   unit {'pos': 4005, 'blk': None}: om1 5000 pos 611 st1 611 fail1 0 t4 0 t4only 0 t2only 0 rtfail 0 rcfail 0 chain 0 t3c 114 keyfail 0 [4.6 s]
#   unit {'pos': 4006, 'blk': None}: om1 5000 pos 352 st1 352 fail1 0 t4 0 t4only 0 t2only 0 rtfail 0 rcfail 0 chain 0 t3c 26 keyfail 0 [4.2 s]
#   unit {'pos': 4007, 'blk': None}: om1 5000 pos 463 st1 463 fail1 0 t4 0 t4only 0 t2only 0 rtfail 0 rcfail 0 chain 0 t3c 80 keyfail 0 [5.1 s]
#   unit {'pos': 4008, 'blk': None}: om1 5000 pos 387 st1 387 fail1 0 t4 0 t4only 0 t2only 0 rtfail 0 rcfail 0 chain 0 t3c 17 keyfail 0 [5.1 s]
#   unit {'pos': 4009, 'blk': None}: om1 5000 pos 413 st1 413 fail1 0 t4 0 t4only 0 t2only 0 rtfail 0 rcfail 0 chain 0 t3c 186 keyfail 0 [5.2 s]
#   unit {'pos': 4012, 'blk': None}: om1 5000 pos 564 st1 564 fail1 0 t4 0 t4only 0 t2only 0 rtfail 0 rcfail 0 chain 0 t3c 45 keyfail 0 [3.9 s]
#   unit {'pos': 4010, 'blk': None}: om1 5000 pos 67 st1 67 fail1 0 t4 0 t4only 0 t2only 0 rtfail 0 rcfail 0 chain 0 t3c 47 keyfail 0 [5.8 s]
#   unit {'pos': 4011, 'blk': None}: om1 5000 pos 338 st1 338 fail1 0 t4 0 t4only 0 t2only 0 rtfail 0 rcfail 0 chain 0 t3c 132 keyfail 0 [4.9 s]
#   unit {'pos': 4013, 'blk': None}: om1 5000 pos 682 st1 682 fail1 0 t4 0 t4only 0 t2only 0 rtfail 0 rcfail 0 chain 0 t3c 174 keyfail 0 [5.3 s]
#   unit {'pos': 4014, 'blk': None}: om1 5000 pos 22 st1 22 fail1 0 t4 0 t4only 0 t2only 0 rtfail 0 rcfail 0 chain 0 t3c 22 keyfail 0 [4.8 s]
#   unit {'pos': 4015, 'blk': None}: om1 5000 pos 17 st1 17 fail1 0 t4 5 t4only 0 t2only 0 rtfail 0 rcfail 0 chain 0 t3c 16 keyfail 0 [5.2 s]
#   unit {'pos': 4016, 'blk': None}: om1 5000 pos 53 st1 53 fail1 0 t4 11 t4only 0 t2only 0 rtfail 0 rcfail 0 chain 0 t3c 51 keyfail 0 [5.3 s]
#   unit {'pos': 4017, 'blk': None}: om1 5000 pos 39 st1 39 fail1 0 t4 8 t4only 0 t2only 0 rtfail 0 rcfail 0 chain 0 t3c 36 keyfail 0 [3.6 s]
#   unit {'pos': 4018, 'blk': None}: om1 5000 pos 14 st1 14 fail1 0 t4 5 t4only 0 t2only 0 rtfail 0 rcfail 0 chain 0 t3c 13 keyfail 0 [4.2 s]
#   unit {'pos': 4019, 'blk': None}: om1 5000 pos 37 st1 37 fail1 0 t4 9 t4only 0 t2only 0 rtfail 0 rcfail 0 chain 0 t3c 37 keyfail 0 [5.0 s]
#   unit {'pos': 4021, 'blk': None}: om1 5000 pos 42 st1 42 fail1 0 t4 6 t4only 0 t2only 0 rtfail 0 rcfail 0 chain 0 t3c 35 keyfail 0 [4.7 s]
#   unit {'pos': 4020, 'blk': None}: om1 5000 pos 39 st1 39 fail1 0 t4 14 t4only 0 t2only 0 rtfail 0 rcfail 0 chain 0 t3c 38 keyfail 0 [6.7 s]
#   unit {'pos': 4022, 'blk': None}: om1 5000 pos 22 st1 22 fail1 0 t4 9 t4only 0 t2only 0 rtfail 0 rcfail 0 chain 0 t3c 22 keyfail 0 [4.8 s]
#   unit {'pos': 4023, 'blk': None}: om1 5000 pos 33 st1 33 fail1 0 t4 6 t4only 0 t2only 0 rtfail 0 rcfail 0 chain 0 t3c 32 keyfail 0 [3.9 s]
#   unit {'pos': 4024, 'blk': None}: om1 5000 pos 39 st1 39 fail1 0 t4 5 t4only 0 t2only 0 rtfail 0 rcfail 0 chain 0 t3c 34 keyfail 0 [4.4 s]
#   unit {'pos': 4025, 'blk': None}: om1 5000 pos 52 st1 52 fail1 0 t4 5 t4only 0 t2only 0 rtfail 0 rcfail 0 chain 0 t3c 51 keyfail 0 [4.3 s]
#   unit {'pos': 4026, 'blk': None}: om1 5000 pos 42 st1 42 fail1 0 t4 12 t4only 0 t2only 0 rtfail 0 rcfail 0 chain 0 t3c 39 keyfail 0 [4.5 s]
#   unit {'pos': 4027, 'blk': None}: om1 5000 pos 32 st1 32 fail1 0 t4 3 t4only 0 t2only 0 rtfail 0 rcfail 0 chain 0 t3c 31 keyfail 0 [4.5 s]
#   unit {'pos': 4028, 'blk': None}: om1 5000 pos 56 st1 56 fail1 0 t4 10 t4only 0 t2only 0 rtfail 0 rcfail 0 chain 0 t3c 53 keyfail 0 [3.5 s]
#   unit {'pos': 4029, 'blk': None}: om1 5000 pos 72 st1 72 fail1 0 t4 21 t4only 0 t2only 0 rtfail 0 rcfail 0 chain 0 t3c 68 keyfail 0 [3.3 s]
#   unit {'pos': 4030, 'blk': None}: om1 5000 pos 54 st1 54 fail1 0 t4 14 t4only 0 t2only 0 rtfail 0 rcfail 0 chain 0 t3c 54 keyfail 0 [3.5 s]
#   unit {'pos': 4031, 'blk': None}: om1 5000 pos 87 st1 87 fail1 0 t4 24 t4only 0 t2only 0 rtfail 0 rcfail 0 chain 0 t3c 86 keyfail 0 [4.1 s]
#   unit {'pos': 4033, 'blk': None}: om1 5000 pos 42 st1 42 fail1 0 t4 3 t4only 0 t2only 0 rtfail 0 rcfail 0 chain 0 t3c 40 keyfail 0 [4.2 s]
#   unit {'pos': 4032, 'blk': None}: om1 5000 pos 30 st1 30 fail1 0 t4 5 t4only 0 t2only 0 rtfail 0 rcfail 0 chain 0 t3c 30 keyfail 0 [5.2 s]
#   unit {'pos': 4034, 'blk': None}: om1 5000 pos 53 st1 53 fail1 0 t4 3 t4only 0 t2only 0 rtfail 0 rcfail 0 chain 0 t3c 53 keyfail 0 [6.0 s]
#   unit {'pos': 4035, 'blk': None}: om1 5000 pos 76 st1 76 fail1 0 t4 5 t4only 0 t2only 0 rtfail 0 rcfail 0 chain 0 t3c 50 keyfail 0 [5.9 s]
#   unit {'pos': 4036, 'blk': None}: om1 5000 pos 137 st1 137 fail1 0 t4 5 t4only 0 t2only 0 rtfail 0 rcfail 0 chain 0 t3c 73 keyfail 0 [4.6 s]
#   unit {'pos': 4037, 'blk': None}: om1 5000 pos 130 st1 130 fail1 0 t4 20 t4only 0 t2only 0 rtfail 0 rcfail 0 chain 0 t3c 71 keyfail 0 [5.6 s]
#   unit {'pos': 4038, 'blk': None}: om1 5000 pos 89 st1 89 fail1 0 t4 0 t4only 0 t2only 0 rtfail 0 rcfail 0 chain 0 t3c 50 keyfail 0 [5.2 s]
#   unit {'pos': 4039, 'blk': None}: om1 5000 pos 164 st1 164 fail1 0 t4 20 t4only 0 t2only 0 rtfail 0 rcfail 0 chain 0 t3c 71 keyfail 0 [6.3 s]
#   unit {'pos': 4040, 'blk': None}: om1 5000 pos 104 st1 104 fail1 0 t4 4 t4only 0 t2only 0 rtfail 0 rcfail 0 chain 0 t3c 39 keyfail 0 [6.4 s]
#   unit {'pos': 4041, 'blk': None}: om1 5000 pos 137 st1 137 fail1 0 t4 9 t4only 0 t2only 0 rtfail 0 rcfail 0 chain 0 t3c 47 keyfail 0 [5.9 s]
#   unit {'pos': 4042, 'blk': None}: om1 5000 pos 114 st1 114 fail1 0 t4 12 t4only 0 t2only 0 rtfail 0 rcfail 0 chain 0 t3c 70 keyfail 0 [5.3 s]
#   unit {'pos': 4043, 'blk': None}: om1 5000 pos 73 st1 73 fail1 0 t4 1 t4only 0 t2only 0 rtfail 0 rcfail 0 chain 0 t3c 21 keyfail 0 [4.5 s]
#   unit {'pos': 4044, 'blk': None}: om1 5000 pos 94 st1 94 fail1 0 t4 0 t4only 0 t2only 0 rtfail 0 rcfail 0 chain 0 t3c 33 keyfail 0 [4.7 s]
#   unit {'pos': 4045, 'blk': None}: om1 5000 pos 99 st1 99 fail1 0 t4 0 t4only 0 t2only 0 rtfail 0 rcfail 0 chain 0 t3c 30 keyfail 0 [6.1 s]
#   unit {'pos': 4046, 'blk': None}: om1 5000 pos 168 st1 168 fail1 0 t4 0 t4only 0 t2only 0 rtfail 0 rcfail 0 chain 0 t3c 63 keyfail 0 [5.8 s]
#   unit {'pos': 4048, 'blk': None}: om1 5000 pos 142 st1 142 fail1 0 t4 0 t4only 0 t2only 0 rtfail 0 rcfail 0 chain 0 t3c 65 keyfail 0 [4.7 s]
#   unit {'pos': 4047, 'blk': None}: om1 5000 pos 165 st1 165 fail1 0 t4 0 t4only 0 t2only 0 rtfail 0 rcfail 0 chain 0 t3c 86 keyfail 0 [5.5 s]
#   unit {'pos': 4049, 'blk': None}: om1 5000 pos 132 st1 132 fail1 0 t4 0 t4only 0 t2only 0 rtfail 0 rcfail 0 chain 0 t3c 44 keyfail 0 [4.3 s]
#   unit {'pos': 4050, 'blk': None}: om1 5000 pos 121 st1 121 fail1 0 t4 0 t4only 0 t2only 0 rtfail 0 rcfail 0 chain 0 t3c 47 keyfail 0 [4.6 s]
#   unit {'pos': 4051, 'blk': None}: om1 5000 pos 136 st1 136 fail1 0 t4 0 t4only 0 t2only 0 rtfail 0 rcfail 0 chain 0 t3c 33 keyfail 0 [4.3 s]
#   unit {'pos': 4052, 'blk': None}: om1 5000 pos 138 st1 138 fail1 0 t4 5 t4only 0 t2only 0 rtfail 0 rcfail 0 chain 0 t3c 80 keyfail 0 [4.8 s]
#   unit {'pos': 4053, 'blk': None}: om1 5000 pos 156 st1 156 fail1 0 t4 3 t4only 0 t2only 0 rtfail 0 rcfail 0 chain 0 t3c 62 keyfail 0 [5.0 s]
#   unit {'pos': 4054, 'blk': None}: om1 5000 pos 99 st1 99 fail1 0 t4 0 t4only 0 t2only 0 rtfail 0 rcfail 0 chain 0 t3c 19 keyfail 0 [4.9 s]
#   unit {'pos': 4055, 'blk': None}: om1 5000 pos 105 st1 105 fail1 0 t4 2 t4only 0 t2only 0 rtfail 0 rcfail 0 chain 0 t3c 33 keyfail 0 [5.0 s]
#   unit {'pos': 4056, 'blk': None}: om1 5000 pos 114 st1 114 fail1 0 t4 8 t4only 0 t2only 0 rtfail 0 rcfail 0 chain 0 t3c 26 keyfail 0 [5.2 s]
#   unit {'pos': 4057, 'blk': None}: om1 5000 pos 104 st1 104 fail1 0 t4 10 t4only 0 t2only 0 rtfail 0 rcfail 0 chain 0 t3c 42 keyfail 0 [4.2 s]
#   unit {'pos': 4058, 'blk': None}: om1 5000 pos 136 st1 136 fail1 0 t4 0 t4only 0 t2only 0 rtfail 0 rcfail 0 chain 0 t3c 28 keyfail 0 [4.5 s]
#   unit {'pos': 4059, 'blk': None}: om1 5000 pos 55 st1 55 fail1 0 t4 1 t4only 0 t2only 0 rtfail 0 rcfail 0 chain 0 t3c 4 keyfail 0 [4.5 s]
#   unit {'pos': 4060, 'blk': None}: om1 5000 pos 89 st1 89 fail1 0 t4 9 t4only 0 t2only 0 rtfail 0 rcfail 0 chain 0 t3c 55 keyfail 0 [4.3 s]
#   unit {'pos': 4061, 'blk': None}: om1 5000 pos 161 st1 161 fail1 0 t4 39 t4only 0 t2only 0 rtfail 0 rcfail 0 chain 0 t3c 95 keyfail 0 [4.3 s]
#   unit {'pos': 4062, 'blk': None}: om1 5000 pos 109 st1 109 fail1 0 t4 0 t4only 0 t2only 0 rtfail 0 rcfail 0 chain 0 t3c 51 keyfail 0 [4.4 s]
#   unit {'pos': 4063, 'blk': None}: om1 5000 pos 95 st1 95 fail1 0 t4 3 t4only 0 t2only 0 rtfail 0 rcfail 0 chain 0 t3c 39 keyfail 0 [4.2 s]
#   unit {'pos': 4064, 'blk': None}: om1 5000 pos 69 st1 69 fail1 0 t4 0 t4only 0 t2only 0 rtfail 0 rcfail 0 chain 0 t3c 23 keyfail 0 [4.2 s]
#   unit {'pos': 4065, 'blk': None}: om1 5000 pos 132 st1 132 fail1 0 t4 3 t4only 0 t2only 0 rtfail 0 rcfail 0 chain 0 t3c 55 keyfail 0 [4.2 s]
#   unit {'pos': 4066, 'blk': None}: om1 5000 pos 197 st1 197 fail1 0 t4 27 t4only 0 t2only 0 rtfail 0 rcfail 0 chain 0 t3c 85 keyfail 0 [4.3 s]
#   unit {'pos': 4067, 'blk': None}: om1 5000 pos 86 st1 86 fail1 0 t4 9 t4only 0 t2only 0 rtfail 0 rcfail 0 chain 0 t3c 86 keyfail 0 [4.1 s]
#   unit {'pos': 4068, 'blk': None}: om1 5000 pos 41 st1 41 fail1 0 t4 2 t4only 0 t2only 0 rtfail 0 rcfail 0 chain 0 t3c 41 keyfail 0 [4.2 s]
#   unit {'pos': 4069, 'blk': None}: om1 5000 pos 14 st1 14 fail1 0 t4 9 t4only 0 t2only 0 rtfail 0 rcfail 0 chain 0 t3c 14 keyfail 0 [4.4 s]
#   unit {'pos': 4071, 'blk': None}: om1 5000 pos 138 st1 138 fail1 0 t4 0 t4only 0 t2only 0 rtfail 0 rcfail 0 chain 0 t3c 58 keyfail 0 [4.6 s]
#   unit {'pos': 4070, 'blk': None}: om1 5000 pos 38 st1 38 fail1 0 t4 0 t4only 0 t2only 0 rtfail 0 rcfail 0 chain 0 t3c 38 keyfail 0 [5.4 s]
#   unit {'pos': 4072, 'blk': None}: om1 5000 pos 121 st1 121 fail1 0 t4 2 t4only 0 t2only 0 rtfail 0 rcfail 0 chain 0 t3c 77 keyfail 0 [4.9 s]
#   unit {'pos': 4073, 'blk': None}: om1 5000 pos 80 st1 80 fail1 0 t4 3 t4only 0 t2only 0 rtfail 0 rcfail 0 chain 0 t3c 31 keyfail 0 [6.3 s]
#   unit {'pos': 4074, 'blk': None}: om1 5000 pos 69 st1 69 fail1 0 t4 0 t4only 0 t2only 0 rtfail 0 rcfail 0 chain 0 t3c 29 keyfail 0 [6.8 s]
#   unit {'pos': 4075, 'blk': None}: om1 5000 pos 174 st1 174 fail1 0 t4 0 t4only 0 t2only 0 rtfail 0 rcfail 0 chain 0 t3c 57 keyfail 0 [6.7 s]
#   unit {'pos': 4076, 'blk': None}: om1 5000 pos 207 st1 207 fail1 0 t4 0 t4only 0 t2only 0 rtfail 0 rcfail 0 chain 0 t3c 79 keyfail 0 [7.7 s]
#   unit {'pos': 4077, 'blk': None}: om1 5000 pos 34 st1 34 fail1 0 t4 0 t4only 0 t2only 0 rtfail 0 rcfail 0 chain 0 t3c 28 keyfail 0 [6.3 s]
#   unit {'pos': 4078, 'blk': None}: om1 5000 pos 302 st1 302 fail1 0 t4 0 t4only 0 t2only 0 rtfail 0 rcfail 0 chain 0 t3c 124 keyfail 0 [6.2 s]
#   unit {'pos': 4079, 'blk': None}: om1 5000 pos 4 st1 4 fail1 0 t4 4 t4only 0 t2only 0 rtfail 0 rcfail 0 chain 0 t3c 4 keyfail 0 [5.7 s]
#   unit {'pos': 4080, 'blk': None}: om1 5000 pos 318 st1 318 fail1 0 t4 2 t4only 0 t2only 0 rtfail 0 rcfail 0 chain 0 t3c 142 keyfail 0 [6.7 s]
#   unit {'pos': 4081, 'blk': None}: om1 5000 pos 123 st1 123 fail1 0 t4 3 t4only 0 t2only 0 rtfail 0 rcfail 0 chain 0 t3c 22 keyfail 0 [6.5 s]
#   unit {'pos': 4082, 'blk': None}: om1 5000 pos 186 st1 186 fail1 0 t4 6 t4only 0 t2only 0 rtfail 0 rcfail 0 chain 0 t3c 84 keyfail 0 [6.1 s]
#   unit {'pos': 4083, 'blk': None}: om1 5000 pos 126 st1 126 fail1 0 t4 13 t4only 0 t2only 0 rtfail 0 rcfail 0 chain 0 t3c 59 keyfail 0 [6.5 s]
#   unit {'pos': 4084, 'blk': None}: om1 5000 pos 216 st1 216 fail1 0 t4 3 t4only 0 t2only 0 rtfail 0 rcfail 0 chain 0 t3c 105 keyfail 0 [5.0 s]
#   unit {'pos': 4085, 'blk': None}: om1 5000 pos 154 st1 154 fail1 0 t4 7 t4only 0 t2only 0 rtfail 0 rcfail 0 chain 0 t3c 100 keyfail 0 [6.9 s]
#   unit {'pos': 4087, 'blk': None}: om1 5000 pos 0 st1 0 fail1 0 t4 0 t4only 0 t2only 0 rtfail 0 rcfail 0 chain 0 t3c 0 keyfail 0 [7.7 s]
#   unit {'pos': 4086, 'blk': None}: om1 5000 pos 90 st1 90 fail1 0 t4 0 t4only 0 t2only 0 rtfail 0 rcfail 0 chain 0 t3c 55 keyfail 0 [9.3 s]
#   unit {'pos': 4088, 'blk': None}: om1 5000 pos 142 st1 142 fail1 0 t4 0 t4only 0 t2only 0 rtfail 0 rcfail 0 chain 0 t3c 27 keyfail 0 [8.1 s]
#   unit {'pos': 4089, 'blk': None}: om1 5000 pos 113 st1 113 fail1 0 t4 0 t4only 0 t2only 0 rtfail 0 rcfail 0 chain 0 t3c 40 keyfail 0 [6.2 s]
#   unit {'pos': 4090, 'blk': None}: om1 5000 pos 189 st1 189 fail1 0 t4 0 t4only 0 t2only 0 rtfail 0 rcfail 0 chain 0 t3c 34 keyfail 0 [6.9 s]
#   unit {'pos': 4091, 'blk': None}: om1 5000 pos 56 st1 56 fail1 0 t4 0 t4only 0 t2only 0 rtfail 0 rcfail 0 chain 0 t3c 20 keyfail 0 [6.2 s]
#   unit {'pos': 4092, 'blk': None}: om1 5000 pos 127 st1 127 fail1 0 t4 0 t4only 0 t2only 0 rtfail 0 rcfail 0 chain 0 t3c 16 keyfail 0 [6.2 s]
