# command: python3 k4/dlrc_hunt.py certs_pure_x certs results/k4_certs_5_pure.json.gz --min4=3 --sample=1500 --steps=400 --bt=0.5 --jobs=4 --seed=61
# dlrc.c sha256 f1cf4cc169a347625e5a84bd9c7a8c218f791de6e2a7ce466f59ce357000b1f7; dlrc_hunt.py sha256 fe0fa5082f6dde3e89d9e338cd7f508db3a25be24e4328aea29bfdf82b38189f
# certs results/k4_certs_5_pure.json.gz: 1500 units, 1500 to run, 0 from the checkpoint; options {'steps': 400, 'batch': 24, 'obj': 'std', 'bt': 0.5, 'seed': 61, 'init': 200, 'stale': 40}
#   unit {"file": "k4_certs_5_pure.json.gz", "pos": 2} k4_certs_5_pure.json.gz#2[m=5,idx=1]: start [0, 0, 0, 0, -1000000, 0, 0, -1000000, 0] best [0, 0, 0, 0, -1000000, 0, 0, -1000000, 0] chain profiles 0 (states 0), maxw 0, DL_RC fails 0, key form fails 0; 9800 evals [1 s]
#   unit {"file": "k4_certs_5_pure.json.gz", "pos": 0} k4_certs_5_pure.json.gz#0[m=4,idx=0]: start [0, 0, 0, 0, -1000000, 0, 0, -1000000, 0] best [0, 0, 0, 0, -1000000, 0, 0, -1000000, 0] chain profiles 0 (states 0), maxw 0, DL_RC fails 0, key form fails 0; 9800 evals [2 s]
#   unit {"file": "k4_certs_5_pure.json.gz", "pos": 4} k4_certs_5_pure.json.gz#4[m=5,idx=3]: start [0, 0, 0, 0, -1000000, 0, 0, -1000000, 0] best [0, 0, 0, 0, -1000000, 0, 0, -1000000, 0] chain profiles 0 (states 0), maxw 0, DL_RC fails 0, key form fails 0; 9800 evals [2 s]
#   unit {"file": "k4_certs_5_pure.json.gz", "pos": 3} k4_certs_5_pure.json.gz#3[m=5,idx=2]: start [0, 0, 0, 0, -1000000, 0, 0, -1000000, 0] best [0, 0, 0, 0, -1000000, 0, 0, -1000000, 0] chain profiles 0 (states 0), maxw 0, DL_RC fails 0, key form fails 0; 9800 evals [2 s]
#   unit {"file": "k4_certs_5_pure.json.gz", "pos": 5} k4_certs_5_pure.json.gz#5[m=5,idx=4]: start [0, 0, 0, 0, -1000000, 0, 0, -1000000, 0] best [0, 0, 0, 0, -1000000, 0, 0, -1000000, 0] chain profiles 0 (states 0), maxw 0, DL_RC fails 0, key form fails 0; 9800 evals [1 s]
#   unit {"file": "k4_certs_5_pure.json.gz", "pos": 10} k4_certs_5_pure.json.gz#10[m=6,idx=3]: start [0, 0, 0, 0, -1000000, 0, 0, -1000000, 0] best [0, 0, 0, 0, -1000000, 0, 0, -1000000, 0] chain profiles 0 (states 0), maxw 0, DL_RC fails 0, key form fails 0; 9800 evals [1 s]
#   unit {"file": "k4_certs_5_pure.json.gz", "pos": 9} k4_certs_5_pure.json.gz#9[m=6,idx=2]: start [0, 0, 0, 0, -1000000, 0, 0, -1000000, 0] best [0, 0, 0, 0, -1000000, 0, 0, -1000000, 0] chain profiles 0 (states 0), maxw 0, DL_RC fails 0, key form fails 0; 9800 evals [1 s]
#   unit {"file": "k4_certs_5_pure.json.gz", "pos": 7} k4_certs_5_pure.json.gz#7[m=6,idx=0]: start [0, 0, 0, 0, -1000000, 0, 0, -1000000, 0] best [0, 0, 0, 0, -1000000, 0, 0, -1000000, 0] chain profiles 0 (states 0), maxw 0, DL_RC fails 0, key form fails 0; 9800 evals [1 s]
#   unit {"file": "k4_certs_5_pure.json.gz", "pos": 18} k4_certs_5_pure.json.gz#18[m=6,idx=11]: start [0, 0, 0, 0, -1000000, 0, 0, -1000000, 0] best [0, 0, 0, 0, -1000000, 0, 0, -1000000, 0] chain profiles 0 (states 0), maxw 0, DL_RC fails 0, key form fails 0; 9800 evals [1 s]
#   unit {"file": "k4_certs_5_pure.json.gz", "pos": 26} k4_certs_5_pure.json.gz#26[m=6,idx=19]: start [0, 0, 0, 0, -1000000, 0, 0, -1000000, 0] best [0, 0, 0, 0, -1000000, 0, 0, -1000000, 0] chain profiles 0 (states 0), maxw 0, DL_RC fails 0, key form fails 0; 9800 evals [1 s]
#   unit {"file": "k4_certs_5_pure.json.gz", "pos": 38} k4_certs_5_pure.json.gz#38[m=6,idx=31]: start [0, 0, 0, 0, -1000000, 0, 0, -1000000, 0] best [0, 0, 0, 0, -1000000, 0, 0, -1000000, 0] chain profiles 0 (states 0), maxw 0, DL_RC fails 0, key form fails 0; 9800 evals [1 s]
#   unit {"file": "k4_certs_5_pure.json.gz", "pos": 27} k4_certs_5_pure.json.gz#27[m=6,idx=20]: start [0, 0, 0, 0, -1000000, 0, 0, -1000000, 0] best [0, 0, 0, 0, -1000000, 0, 0, -1000000, 0] chain profiles 0 (states 0), maxw 0, DL_RC fails 0, key form fails 0; 9800 evals [1 s]
#   unit {"file": "k4_certs_5_pure.json.gz", "pos": 45} k4_certs_5_pure.json.gz#45[m=6,idx=38]: start [0, 0, 0, 0, -1000000, 0, 0, -1000000, 0] best [0, 0, 0, 0, -1000000, 0, 0, -1000000, 0] chain profiles 0 (states 0), maxw 0, DL_RC fails 0, key form fails 0; 9800 evals [1 s]
#   unit {"file": "k4_certs_5_pure.json.gz", "pos": 51} k4_certs_5_pure.json.gz#51[m=6,idx=44]: start [0, 0, 0, 0, -1000000, 0, 0, -1000000, 0] best [0, 0, 0, 0, -1000000, 0, 0, -1000000, 0] chain profiles 0 (states 0), maxw 0, DL_RC fails 0, key form fails 0; 9800 evals [1 s]
#   unit {"file": "k4_certs_5_pure.json.gz", "pos": 48} k4_certs_5_pure.json.gz#48[m=6,idx=41]: start [0, 0, 0, 0, -1000000, 0, 0, -1000000, 0] best [0, 0, 0, 0, -1000000, 0, 0, -1000000, 0] chain profiles 0 (states 0), maxw 0, DL_RC fails 0, key form fails 0; 9800 evals [1 s]
#   unit {"file": "k4_certs_5_pure.json.gz", "pos": 46} k4_certs_5_pure.json.gz#46[m=6,idx=39]: start [0, 0, 0, 0, -1000000, 0, 0, -1000000, 0] best [0, 0, 0, 0, -1000000, 0, 0, -1000000, 0] chain profiles 0 (states 0), maxw 0, DL_RC fails 0, key form fails 0; 9800 evals [1 s]
#   unit {"file": "k4_certs_5_pure.json.gz", "pos": 52} k4_certs_5_pure.json.gz#52[m=7,idx=0]: start [0, 0, 0, 0, -1000000, 0, 0, -1000000, 0] best [0, 0, 0, 0, -1000000, 0, 0, -1000000, 0] chain profiles 0 (states 0), maxw 0, DL_RC fails 0, key form fails 0; 9800 evals [1 s]
#   unit {"file": "k4_certs_5_pure.json.gz", "pos": 58} k4_certs_5_pure.json.gz#58[m=7,idx=6]: start [0, 0, 0, 0, -1000000, 0, 0, -1000000, 0] best [0, 0, 0, 0, -1000000, 0, 0, -1000000, 0] chain profiles 0 (states 0), maxw 0, DL_RC fails 0, key form fails 0; 9800 evals [1 s]
#   unit {"file": "k4_certs_5_pure.json.gz", "pos": 57} k4_certs_5_pure.json.gz#57[m=7,idx=5]: start [0, 0, 0, 0, -1000000, 0, 0, -1000000, 0] best [0, 0, 0, 0, -1000000, 0, 0, -1000000, 0] chain profiles 0 (states 0), maxw 0, DL_RC fails 0, key form fails 0; 9800 evals [1 s]
#   unit {"file": "k4_certs_5_pure.json.gz", "pos": 61} k4_certs_5_pure.json.gz#61[m=7,idx=9]: start [0, 0, 0, 0, -1000000, 0, 0, -1000000, 0] best [0, 0, 0, 0, -1000000, 0, 0, -1000000, 0] chain profiles 0 (states 0), maxw 0, DL_RC fails 0, key form fails 0; 9800 evals [1 s]
#   unit {"file": "k4_certs_5_pure.json.gz", "pos": 63} k4_certs_5_pure.json.gz#63[m=7,idx=11]: start [0, 0, 0, 0, -1000000, 0, 0, -1000000, 0] best [0, 0, 0, 0, -1000000, 0, 0, -1000000, 0] chain profiles 0 (states 0), maxw 0, DL_RC fails 0, key form fails 0; 9800 evals [1 s]
#   unit {"file": "k4_certs_5_pure.json.gz", "pos": 64} k4_certs_5_pure.json.gz#64[m=7,idx=12]: start [0, 0, 0, 0, -1000000, 0, 0, -1000000, 0] best [0, 0, 0, 0, -1000000, 0, 0, -1000000, 0] chain profiles 0 (states 0), maxw 0, DL_RC fails 0, key form fails 0; 9800 evals [1 s]
#   unit {"file": "k4_certs_5_pure.json.gz", "pos": 68} k4_certs_5_pure.json.gz#68[m=7,idx=16]: start [0, 0, 0, 0, -1000000, 0, 0, -1000000, 0] best [0, 0, 0, 0, -1000000, 0, 0, -1000000, 0] chain profiles 0 (states 0), maxw 0, DL_RC fails 0, key form fails 0; 9800 evals [1 s]
#   unit {"file": "k4_certs_5_pure.json.gz", "pos": 71} k4_certs_5_pure.json.gz#71[m=7,idx=19]: start [0, 0, 0, 0, -1000000, 0, 0, -1000000, 0] best [0, 0, 0, 0, -1000000, 0, 0, -1000000, 0] chain profiles 0 (states 0), maxw 0, DL_RC fails 0, key form fails 0; 9800 evals [1 s]
#   unit {"file": "k4_certs_5_pure.json.gz", "pos": 72} k4_certs_5_pure.json.gz#72[m=7,idx=20]: start [0, 0, 0, 0, -1000000, 0, 0, -1000000, 0] best [0, 0, 0, 0, -1000000, 0, 0, -1000000, 0] chain profiles 0 (states 0), maxw 0, DL_RC fails 0, key form fails 0; 9800 evals [2 s]
#   unit {"file": "k4_certs_5_pure.json.gz", "pos": 74} k4_certs_5_pure.json.gz#74[m=7,idx=22]: start [0, 0, 0, 0, -1000000, 0, 0, -1000000, 0] best [0, 0, 0, 0, -1000000, 0, 0, -1000000, 0] chain profiles 0 (states 0), maxw 0, DL_RC fails 0, key form fails 0; 9800 evals [1 s]
#   unit {"file": "k4_certs_5_pure.json.gz", "pos": 75} k4_certs_5_pure.json.gz#75[m=7,idx=23]: start [0, 0, 0, 0, -1000000, 0, 0, -1000000, 0] best [0, 0, 0, 0, -1000000, 0, 0, -1000000, 0] chain profiles 0 (states 0), maxw 0, DL_RC fails 0, key form fails 0; 9800 evals [1 s]
#   unit {"file": "k4_certs_5_pure.json.gz", "pos": 77} k4_certs_5_pure.json.gz#77[m=7,idx=25]: start [0, 0, 0, 0, -1000000, 0, 0, -1000000, 0] best [0, 0, 0, 0, -1000000, 0, 0, -1000000, 0] chain profiles 0 (states 0), maxw 0, DL_RC fails 0, key form fails 0; 9800 evals [2 s]
#   unit {"file": "k4_certs_5_pure.json.gz", "pos": 87} k4_certs_5_pure.json.gz#87[m=7,idx=35]: start [0, 0, 0, 0, -1000000, 0, 0, -1000000, 0] best [0, 0, 0, 0, -1000000, 0, 0, -1000000, 0] chain profiles 0 (states 0), maxw 0, DL_RC fails 0, key form fails 0; 9800 evals [1 s]
#   unit {"file": "k4_certs_5_pure.json.gz", "pos": 92} k4_certs_5_pure.json.gz#92[m=7,idx=40]: start [0, 0, 0, 0, -1000000, 0, 0, -1000000, 0] best [0, 0, 0, 0, -1000000, 0, 0, -1000000, 0] chain profiles 0 (states 0), maxw 0, DL_RC fails 0, key form fails 0; 9800 evals [1 s]
#   unit {"file": "k4_certs_5_pure.json.gz", "pos": 88} k4_certs_5_pure.json.gz#88[m=7,idx=36]: start [0, 0, 0, 0, -1000000, 0, 0, -1000000, 0] best [0, 0, 0, 0, -1000000, 0, 0, -1000000, 0] chain profiles 0 (states 0), maxw 0, DL_RC fails 0, key form fails 0; 9800 evals [1 s]
#   unit {"file": "k4_certs_5_pure.json.gz", "pos": 96} k4_certs_5_pure.json.gz#96[m=7,idx=44]: start [0, 0, 0, 0, -1000000, 0, 0, -1000000, 0] best [0, 0, 0, 0, -1000000, 0, 0, -1000000, 0] chain profiles 0 (states 0), maxw 0, DL_RC fails 0, key form fails 0; 9800 evals [1 s]
#   unit {"file": "k4_certs_5_pure.json.gz", "pos": 100} k4_certs_5_pure.json.gz#100[m=7,idx=48]: start [0, 0, 0, 0, -1000000, 0, 0, -1000000, 0] best [0, 0, 0, 0, -1000000, 0, 0, -1000000, 0] chain profiles 0 (states 0), maxw 0, DL_RC fails 0, key form fails 0; 9800 evals [1 s]
#   unit {"file": "k4_certs_5_pure.json.gz", "pos": 111} k4_certs_5_pure.json.gz#111[m=7,idx=59]: start [0, 0, 0, 0, -1000000, 0, 0, -1000000, 0] best [0, 0, 0, 0, -1000000, 0, 0, -1000000, 0] chain profiles 0 (states 0), maxw 0, DL_RC fails 0, key form fails 0; 9800 evals [1 s]
#   unit {"file": "k4_certs_5_pure.json.gz", "pos": 103} k4_certs_5_pure.json.gz#103[m=7,idx=51]: start [0, 0, 0, 0, -1000000, 0, 0, -1000000, 0] best [0, 0, 0, 0, -1000000, 0, 0, -1000000, 0] chain profiles 0 (states 0), maxw 0, DL_RC fails 0, key form fails 0; 9800 evals [1 s]
#   unit {"file": "k4_certs_5_pure.json.gz", "pos": 113} k4_certs_5_pure.json.gz#113[m=7,idx=61]: start [0, 0, 0, 0, -1000000, 0, 0, -1000000, 0] best [0, 0, 0, 0, -1000000, 0, 0, -1000000, 0] chain profiles 0 (states 0), maxw 0, DL_RC fails 0, key form fails 0; 9800 evals [1 s]
#   unit {"file": "k4_certs_5_pure.json.gz", "pos": 115} k4_certs_5_pure.json.gz#115[m=7,idx=63]: start [0, 0, 0, 0, -1000000, 0, 0, -1000000, 0] best [0, 0, 0, 0, -1000000, 0, 0, -1000000, 0] chain profiles 0 (states 0), maxw 0, DL_RC fails 0, key form fails 0; 9800 evals [1 s]
#   unit {"file": "k4_certs_5_pure.json.gz", "pos": 127} k4_certs_5_pure.json.gz#127[m=7,idx=75]: start [0, 0, 0, 0, -1000000, 0, 0, -1000000, 0] best [0, 0, 0, 0, -1000000, 0, 0, -1000000, 0] chain profiles 0 (states 0), maxw 0, DL_RC fails 0, key form fails 0; 9800 evals [1 s]
#   unit {"file": "k4_certs_5_pure.json.gz", "pos": 119} k4_certs_5_pure.json.gz#119[m=7,idx=67]: start [0, 0, 0, 0, -1000000, 0, 0, -1000000, 0] best [0, 0, 0, 0, -1000000, 0, 0, -1000000, 0] chain profiles 0 (states 0), maxw 0, DL_RC fails 0, key form fails 0; 9800 evals [1 s]
#   unit {"file": "k4_certs_5_pure.json.gz", "pos": 130} k4_certs_5_pure.json.gz#130[m=7,idx=78]: start [0, 0, 0, 0, -1000000, 0, 0, -1000000, 0] best [0, 0, 0, 0, -1000000, 0, 0, -1000000, 0] chain profiles 0 (states 0), maxw 0, DL_RC fails 0, key form fails 0; 9800 evals [1 s]
#   unit {"file": "k4_certs_5_pure.json.gz", "pos": 136} k4_certs_5_pure.json.gz#136[m=7,idx=84]: start [0, 0, 0, 0, -1000000, 0, 0, -1000000, 0] best [0, 0, 0, 0, -1000000, 0, 0, -1000000, 0] chain profiles 0 (states 0), maxw 0, DL_RC fails 0, key form fails 0; 9800 evals [1 s]
#   unit {"file": "k4_certs_5_pure.json.gz", "pos": 143} k4_certs_5_pure.json.gz#143[m=7,idx=91]: start [0, 0, 0, 0, -1000000, 0, 0, -1000000, 0] best [0, 0, 0, 0, -1000000, 0, 0, -1000000, 0] chain profiles 0 (states 0), maxw 0, DL_RC fails 0, key form fails 0; 9800 evals [2 s]
#   unit {"file": "k4_certs_5_pure.json.gz", "pos": 141} k4_certs_5_pure.json.gz#141[m=7,idx=89]: start [0, 0, 0, 0, -1000000, 0, 0, -1000000, 0] best [0, 0, 0, 0, -1000000, 0, 0, -1000000, 0] chain profiles 0 (states 0), maxw 0, DL_RC fails 0, key form fails 0; 9800 evals [2 s]
#   unit {"file": "k4_certs_5_pure.json.gz", "pos": 150} k4_certs_5_pure.json.gz#150[m=7,idx=98]: start [0, 0, 0, 0, -1000000, 0, 0, -1000000, 0] best [0, 0, 0, 0, -1000000, 0, 0, -1000000, 0] chain profiles 0 (states 0), maxw 0, DL_RC fails 0, key form fails 0; 9800 evals [2 s]
#   unit {"file": "k4_certs_5_pure.json.gz", "pos": 153} k4_certs_5_pure.json.gz#153[m=7,idx=101]: start [0, 0, 0, 0, -1000000, 0, 0, -1000000, 0] best [0, 0, 0, 0, -1000000, 0, 0, -1000000, 0] chain profiles 0 (states 0), maxw 0, DL_RC fails 0, key form fails 0; 9800 evals [3 s]
#   unit {"file": "k4_certs_5_pure.json.gz", "pos": 161} k4_certs_5_pure.json.gz#161[m=7,idx=109]: start [0, 0, 0, 0, -1000000, 0, 0, -1000000, 0] best [0, 0, 0, 0, -1000000, 0, 0, -1000000, 0] chain profiles 0 (states 0), maxw 0, DL_RC fails 0, key form fails 0; 9800 evals [3 s]
#   unit {"file": "k4_certs_5_pure.json.gz", "pos": 164} k4_certs_5_pure.json.gz#164[m=7,idx=112]: start [0, 0, 0, 0, -1000000, 0, 0, -1000000, 0] best [0, 0, 0, 0, -1000000, 0, 0, -1000000, 0] chain profiles 0 (states 0), maxw 0, DL_RC fails 0, key form fails 0; 9800 evals [3 s]
#   unit {"file": "k4_certs_5_pure.json.gz", "pos": 170} k4_certs_5_pure.json.gz#170[m=7,idx=118]: start [0, 0, 0, 0, -1000000, 0, 0, -1000000, 0] best [0, 0, 0, 0, -1000000, 0, 0, -1000000, 0] chain profiles 0 (states 0), maxw 0, DL_RC fails 0, key form fails 0; 9800 evals [3 s]
#   unit {"file": "k4_certs_5_pure.json.gz", "pos": 191} k4_certs_5_pure.json.gz#191[m=7,idx=139]: start [0, 0, 0, 0, -1000000, 0, 0, -1000000, 0] best [0, 0, 0, 0, -1000000, 0, 0, -1000000, 0] chain profiles 0 (states 0), maxw 0, DL_RC fails 0, key form fails 0; 9800 evals [3 s]
#   unit {"file": "k4_certs_5_pure.json.gz", "pos": 193} k4_certs_5_pure.json.gz#193[m=7,idx=141]: start [0, 0, 0, 0, -1000000, 0, 0, -1000000, 0] best [0, 0, 0, 0, -1000000, 0, 0, -1000000, 0] chain profiles 0 (states 0), maxw 0, DL_RC fails 0, key form fails 0; 9800 evals [3 s]
#   unit {"file": "k4_certs_5_pure.json.gz", "pos": 198} k4_certs_5_pure.json.gz#198[m=7,idx=146]: start [0, 0, 0, 0, -1000000, 0, 0, -1000000, 0] best [0, 0, 0, 0, -1000000, 0, 0, -1000000, 0] chain profiles 0 (states 0), maxw 0, DL_RC fails 0, key form fails 0; 9800 evals [3 s]
#   unit {"file": "k4_certs_5_pure.json.gz", "pos": 199} k4_certs_5_pure.json.gz#199[m=7,idx=147]: start [0, 0, 0, 0, -1000000, 0, 0, -1000000, 0] best [0, 0, 0, 0, -1000000, 0, 0, -1000000, 0] chain profiles 0 (states 0), maxw 0, DL_RC fails 0, key form fails 0; 9800 evals [3 s]
#   unit {"file": "k4_certs_5_pure.json.gz", "pos": 202} k4_certs_5_pure.json.gz#202[m=7,idx=150]: start [0, 0, 0, 0, -1000000, 0, 0, -1000000, 0] best [0, 0, 0, 0, -1000000, 0, 0, -1000000, 0] chain profiles 0 (states 0), maxw 0, DL_RC fails 0, key form fails 0; 9800 evals [2 s]
#   unit {"file": "k4_certs_5_pure.json.gz", "pos": 206} k4_certs_5_pure.json.gz#206[m=7,idx=154]: start [0, 0, 0, 0, -1000000, 0, 0, -1000000, 0] best [0, 0, 0, 0, -1000000, 0, 0, -1000000, 0] chain profiles 0 (states 0), maxw 0, DL_RC fails 0, key form fails 0; 9800 evals [2 s]
#   unit {"file": "k4_certs_5_pure.json.gz", "pos": 207} k4_certs_5_pure.json.gz#207[m=7,idx=155]: start [0, 0, 0, 0, -1000000, 0, 0, -1000000, 0] best [0, 0, 0, 0, -1000000, 0, 0, -1000000, 0] chain profiles 0 (states 0), maxw 0, DL_RC fails 0, key form fails 0; 9800 evals [2 s]
#   unit {"file": "k4_certs_5_pure.json.gz", "pos": 208} k4_certs_5_pure.json.gz#208[m=7,idx=156]: start [0, 0, 0, 0, -1000000, 0, 0, -1000000, 0] best [0, 0, 0, 0, -1000000, 0, 0, -1000000, 0] chain profiles 0 (states 0), maxw 0, DL_RC fails 0, key form fails 0; 9800 evals [2 s]
#   unit {"file": "k4_certs_5_pure.json.gz", "pos": 215} k4_certs_5_pure.json.gz#215[m=7,idx=163]: start [0, 0, 0, 0, -1000000, 0, 0, -1000000, 0] best [0, 0, 0, 0, -1000000, 0, 0, -1000000, 0] chain profiles 0 (states 0), maxw 0, DL_RC fails 0, key form fails 0; 9800 evals [1 s]
#   unit {"file": "k4_certs_5_pure.json.gz", "pos": 216} k4_certs_5_pure.json.gz#216[m=7,idx=164]: start [0, 0, 0, 0, -1000000, 0, 0, -1000000, 0] best [0, 0, 0, 0, -1000000, 0, 0, -1000000, 0] chain profiles 0 (states 0), maxw 0, DL_RC fails 0, key form fails 0; 9800 evals [1 s]
#   unit {"file": "k4_certs_5_pure.json.gz", "pos": 218} k4_certs_5_pure.json.gz#218[m=7,idx=166]: start [0, 0, 0, 0, -1000000, 0, 0, -1000000, 0] best [0, 0, 0, 0, -1000000, 0, 0, -1000000, 0] chain profiles 0 (states 0), maxw 0, DL_RC fails 0, key form fails 0; 9800 evals [1 s]
#   unit {"file": "k4_certs_5_pure.json.gz", "pos": 219} k4_certs_5_pure.json.gz#219[m=7,idx=167]: start [0, 0, 0, 0, -1000000, 0, 0, -1000000, 0] best [0, 0, 0, 0, -1000000, 0, 0, -1000000, 0] chain profiles 0 (states 0), maxw 0, DL_RC fails 0, key form fails 0; 9800 evals [1 s]
#   unit {"file": "k4_certs_5_pure.json.gz", "pos": 221} k4_certs_5_pure.json.gz#221[m=7,idx=169]: start [0, 0, 0, 0, -1000000, 0, 0, -1000000, 0] best [0, 0, 0, 0, -1000000, 0, 0, -1000000, 0] chain profiles 0 (states 0), maxw 0, DL_RC fails 0, key form fails 0; 9800 evals [1 s]
#   unit {"file": "k4_certs_5_pure.json.gz", "pos": 224} k4_certs_5_pure.json.gz#224[m=7,idx=172]: start [0, 0, 0, 0, -1000000, 0, 0, -1000000, 0] best [0, 0, 0, 0, -1000000, 0, 0, -1000000, 0] chain profiles 0 (states 0), maxw 0, DL_RC fails 0, key form fails 0; 9800 evals [1 s]
#   unit {"file": "k4_certs_5_pure.json.gz", "pos": 227} k4_certs_5_pure.json.gz#227[m=7,idx=175]: start [0, 0, 0, 0, -1000000, 0, 0, -1000000, 0] best [0, 0, 0, 0, -1000000, 0, 0, -1000000, 0] chain profiles 0 (states 0), maxw 0, DL_RC fails 0, key form fails 0; 9800 evals [1 s]
#   unit {"file": "k4_certs_5_pure.json.gz", "pos": 230} k4_certs_5_pure.json.gz#230[m=7,idx=178]: start [0, 0, 0, 0, -1000000, 0, 0, -1000000, 0] best [0, 0, 0, 0, -1000000, 0, 0, -1000000, 0] chain profiles 0 (states 0), maxw 0, DL_RC fails 0, key form fails 0; 9800 evals [1 s]
#   unit {"file": "k4_certs_5_pure.json.gz", "pos": 232} k4_certs_5_pure.json.gz#232[m=7,idx=180]: start [0, 0, 0, 0, -1000000, 0, 0, -1000000, 0] best [0, 0, 0, 0, -1000000, 0, 0, -1000000, 0] chain profiles 0 (states 0), maxw 0, DL_RC fails 0, key form fails 0; 9800 evals [1 s]
#   unit {"file": "k4_certs_5_pure.json.gz", "pos": 233} k4_certs_5_pure.json.gz#233[m=7,idx=181]: start [0, 0, 0, 0, -1000000, 0, 0, -1000000, 0] best [0, 0, 0, 0, -1000000, 0, 0, -1000000, 0] chain profiles 0 (states 0), maxw 0, DL_RC fails 0, key form fails 0; 9800 evals [1 s]
#   unit {"file": "k4_certs_5_pure.json.gz", "pos": 234} k4_certs_5_pure.json.gz#234[m=7,idx=182]: start [0, 0, 0, 0, -1000000, 0, 0, -1000000, 0] best [0, 0, 0, 0, -1000000, 0, 0, -1000000, 0] chain profiles 0 (states 0), maxw 0, DL_RC fails 0, key form fails 0; 9800 evals [1 s]
#   unit {"file": "k4_certs_5_pure.json.gz", "pos": 240} k4_certs_5_pure.json.gz#240[m=7,idx=188]: start [0, 0, 0, 0, -1000000, 0, 0, -1000000, 0] best [0, 0, 0, 0, -1000000, 0, 0, -1000000, 0] chain profiles 0 (states 0), maxw 0, DL_RC fails 0, key form fails 0; 9800 evals [1 s]
#   unit {"file": "k4_certs_5_pure.json.gz", "pos": 243} k4_certs_5_pure.json.gz#243[m=7,idx=191]: start [0, 0, 0, 0, -1000000, 0, 0, -1000000, 0] best [0, 0, 0, 0, -1000000, 0, 0, -1000000, 0] chain profiles 0 (states 0), maxw 0, DL_RC fails 0, key form fails 0; 9800 evals [1 s]
#   unit {"file": "k4_certs_5_pure.json.gz", "pos": 245} k4_certs_5_pure.json.gz#245[m=7,idx=193]: start [0, 0, 0, 0, -1000000, 0, 0, -1000000, 0] best [0, 0, 0, 0, -1000000, 0, 0, -1000000, 0] chain profiles 0 (states 0), maxw 0, DL_RC fails 0, key form fails 0; 9800 evals [1 s]
#   unit {"file": "k4_certs_5_pure.json.gz", "pos": 247} k4_certs_5_pure.json.gz#247[m=7,idx=195]: start [0, 0, 0, 0, -1000000, 0, 0, -1000000, 0] best [0, 0, 0, 0, -1000000, 0, 0, -1000000, 0] chain profiles 0 (states 0), maxw 0, DL_RC fails 0, key form fails 0; 9800 evals [1 s]
#   unit {"file": "k4_certs_5_pure.json.gz", "pos": 249} k4_certs_5_pure.json.gz#249[m=7,idx=197]: start [0, 0, 0, 0, -1000000, 0, 0, -1000000, 0] best [0, 0, 0, 0, -1000000, 0, 0, -1000000, 0] chain profiles 0 (states 0), maxw 0, DL_RC fails 0, key form fails 0; 9800 evals [1 s]
#   unit {"file": "k4_certs_5_pure.json.gz", "pos": 250} k4_certs_5_pure.json.gz#250[m=7,idx=198]: start [0, 0, 0, 0, -1000000, 0, 0, -1000000, 0] best [0, 0, 0, 0, -1000000, 0, 0, -1000000, 0] chain profiles 0 (states 0), maxw 0, DL_RC fails 0, key form fails 0; 9800 evals [1 s]
#   unit {"file": "k4_certs_5_pure.json.gz", "pos": 252} k4_certs_5_pure.json.gz#252[m=7,idx=200]: start [0, 0, 0, 0, -1000000, 0, 0, -1000000, 0] best [0, 0, 0, 0, -1000000, 0, 0, -1000000, 0] chain profiles 0 (states 0), maxw 0, DL_RC fails 0, key form fails 0; 9800 evals [1 s]
#   unit {"file": "k4_certs_5_pure.json.gz", "pos": 253} k4_certs_5_pure.json.gz#253[m=7,idx=201]: start [0, 0, 0, 0, -1000000, 0, 0, -1000000, 0] best [0, 0, 0, 0, -1000000, 0, 0, -1000000, 0] chain profiles 0 (states 0), maxw 0, DL_RC fails 0, key form fails 0; 9800 evals [1 s]
#   unit {"file": "k4_certs_5_pure.json.gz", "pos": 255} k4_certs_5_pure.json.gz#255[m=7,idx=203]: start [0, 0, 0, 0, -1000000, 0, 0, -1000000, 0] best [0, 0, 0, 0, -1000000, 0, 0, -1000000, 0] chain profiles 0 (states 0), maxw 0, DL_RC fails 0, key form fails 0; 9800 evals [1 s]
#   unit {"file": "k4_certs_5_pure.json.gz", "pos": 256} k4_certs_5_pure.json.gz#256[m=7,idx=204]: start [0, 0, 0, 0, -1000000, 0, 0, -1000000, 0] best [0, 0, 0, 0, -1000000, 0, 0, -1000000, 0] chain profiles 0 (states 0), maxw 0, DL_RC fails 0, key form fails 0; 9800 evals [1 s]
#   unit {"file": "k4_certs_5_pure.json.gz", "pos": 261} k4_certs_5_pure.json.gz#261[m=7,idx=209]: start [0, 0, 0, 0, -1000000, 0, 0, -1000000, 0] best [0, 0, 0, 0, -1000000, 0, 0, -1000000, 0] chain profiles 0 (states 0), maxw 0, DL_RC fails 0, key form fails 0; 9800 evals [1 s]
#   unit {"file": "k4_certs_5_pure.json.gz", "pos": 263} k4_certs_5_pure.json.gz#263[m=7,idx=211]: start [0, 0, 0, 0, -1000000, 0, 0, -1000000, 0] best [0, 0, 0, 0, -1000000, 0, 0, -1000000, 0] chain profiles 0 (states 0), maxw 0, DL_RC fails 0, key form fails 0; 9800 evals [1 s]
#   unit {"file": "k4_certs_5_pure.json.gz", "pos": 275} k4_certs_5_pure.json.gz#275[m=8,idx=4]: start [0, 0, 0, 0, -1000000, 0, 0, -1000000, 0] best [0, 0, 4, 4, -2, 4, 3, -8, 9] chain profiles 134 (states 534), maxw 1, DL_RC fails 0, key form fails 0; 9800 evals [2 s]
#   unit {"file": "k4_certs_5_pure.json.gz", "pos": 278} k4_certs_5_pure.json.gz#278[m=8,idx=7]: start [0, 0, 0, 0, -1000000, 0, 0, -1000000, 0] best [0, 0, 0, 0, -1000000, 0, 0, -1000000, 0] chain profiles 0 (states 0), maxw 0, DL_RC fails 0, key form fails 0; 9800 evals [1 s]
#   unit {"file": "k4_certs_5_pure.json.gz", "pos": 284} k4_certs_5_pure.json.gz#284[m=8,idx=13]: start [0, 0, 0, 0, -1000000, 0, 0, -1000000, 0] best [0, 0, 0, 0, -1000000, 0, 0, -1000000, 0] chain profiles 0 (states 0), maxw 0, DL_RC fails 0, key form fails 0; 9800 evals [1 s]
#   unit {"file": "k4_certs_5_pure.json.gz", "pos": 283} k4_certs_5_pure.json.gz#283[m=8,idx=12]: start [0, 0, 0, 0, -1000000, 0, 0, -1000000, 0] best [0, 0, 1, 1, -2, 1, 3, -16, 10] chain profiles 157 (states 157), maxw 1, DL_RC fails 0, key form fails 0; 9800 evals [2 s]
#   unit {"file": "k4_certs_5_pure.json.gz", "pos": 285} k4_certs_5_pure.json.gz#285[m=8,idx=14]: start [0, 0, 0, 0, -1000000, 0, 0, -1000000, 0] best [0, 0, 0, 0, -1000000, 0, 0, -1000000, 0] chain profiles 0 (states 0), maxw 0, DL_RC fails 0, key form fails 0; 9800 evals [2 s]
#   unit {"file": "k4_certs_5_pure.json.gz", "pos": 286} k4_certs_5_pure.json.gz#286[m=8,idx=15]: start [0, 0, 0, 0, -1000000, 0, 0, -1000000, 0] best [0, 0, 0, 0, -1000000, 0, 0, -1000000, 0] chain profiles 0 (states 0), maxw 0, DL_RC fails 0, key form fails 0; 9800 evals [1 s]
#   unit {"file": "k4_certs_5_pure.json.gz", "pos": 287} k4_certs_5_pure.json.gz#287[m=8,idx=16]: start [0, 0, 0, 0, -1000000, 0, 0, -1000000, 0] best [0, 0, 0, 0, -1000000, 0, 0, -1000000, 0] chain profiles 0 (states 0), maxw 0, DL_RC fails 0, key form fails 0; 9800 evals [1 s]
#   unit {"file": "k4_certs_5_pure.json.gz", "pos": 289} k4_certs_5_pure.json.gz#289[m=8,idx=18]: start [0, 0, 0, 0, -1000000, 0, 0, -1000000, 0] best [0, 0, 0, 0, -1000000, 0, 0, -1000000, 0] chain profiles 0 (states 0), maxw 0, DL_RC fails 0, key form fails 0; 9800 evals [1 s]
#   unit {"file": "k4_certs_5_pure.json.gz", "pos": 290} k4_certs_5_pure.json.gz#290[m=8,idx=19]: start [0, 0, 0, 0, -1000000, 0, 0, -1000000, 0] best [0, 0, 0, 0, -2, 0, 2, -21, 6] chain profiles 0 (states 0), maxw 0, DL_RC fails 0, key form fails 0; 9800 evals [2 s]
#   unit {"file": "k4_certs_5_pure.json.gz", "pos": 292} k4_certs_5_pure.json.gz#292[m=8,idx=21]: start [0, 0, 0, 0, -1000000, 0, 0, -1000000, 0] best [0, 0, 0, 0, -1000000, 0, 0, -1000000, 0] chain profiles 0 (states 0), maxw 0, DL_RC fails 0, key form fails 0; 9800 evals [1 s]
#   unit {"file": "k4_certs_5_pure.json.gz", "pos": 295} k4_certs_5_pure.json.gz#295[m=8,idx=24]: start [0, 0, 0, 0, -1000000, 0, 0, -1000000, 0] best [0, 0, 0, 0, -1000000, 0, 0, -1000000, 0] chain profiles 0 (states 0), maxw 0, DL_RC fails 0, key form fails 0; 9800 evals [1 s]
#   unit {"file": "k4_certs_5_pure.json.gz", "pos": 297} k4_certs_5_pure.json.gz#297[m=8,idx=26]: start [0, 0, 0, 0, -1000000, 0, 0, -1000000, 0] best [0, 0, 0, 0, -1000000, 0, 0, -1000000, 0] chain profiles 0 (states 0), maxw 0, DL_RC fails 0, key form fails 0; 9800 evals [1 s]
#   unit {"file": "k4_certs_5_pure.json.gz", "pos": 298} k4_certs_5_pure.json.gz#298[m=8,idx=27]: start [0, 0, 0, 0, -1000000, 0, 0, -1000000, 0] best [0, 0, 0, 0, -1000000, 0, 0, -1000000, 0] chain profiles 0 (states 0), maxw 0, DL_RC fails 0, key form fails 0; 9800 evals [1 s]
#   unit {"file": "k4_certs_5_pure.json.gz", "pos": 299} k4_certs_5_pure.json.gz#299[m=8,idx=28]: start [0, 0, 0, 0, -1000000, 0, 0, -1000000, 0] best [0, 0, 0, 0, -1000000, 0, 0, -1000000, 0] chain profiles 0 (states 0), maxw 0, DL_RC fails 0, key form fails 0; 9800 evals [1 s]
#   unit {"file": "k4_certs_5_pure.json.gz", "pos": 301} k4_certs_5_pure.json.gz#301[m=8,idx=30]: start [0, 0, 0, 0, -1000000, 0, 0, -1000000, 0] best [0, 0, 0, 0, -1000000, 0, 0, -1000000, 0] chain profiles 0 (states 0), maxw 0, DL_RC fails 0, key form fails 0; 9800 evals [1 s]
#   unit {"file": "k4_certs_5_pure.json.gz", "pos": 311} k4_certs_5_pure.json.gz#311[m=8,idx=40]: start [0, 0, 0, 0, -1000000, 0, 0, -1000000, 0] best [0, 0, 0, 0, -1000000, 0, 0, -1000000, 0] chain profiles 0 (states 0), maxw 0, DL_RC fails 0, key form fails 0; 9800 evals [1 s]
#   unit {"file": "k4_certs_5_pure.json.gz", "pos": 312} k4_certs_5_pure.json.gz#312[m=8,idx=41]: start [0, 0, 0, 0, -1000000, 0, 0, -1000000, 0] best [0, 0, 0, 0, -2, 0, 2, -16, 3] chain profiles 0 (states 0), maxw 0, DL_RC fails 0, key form fails 0; 9800 evals [1 s]
#   unit {"file": "k4_certs_5_pure.json.gz", "pos": 317} k4_certs_5_pure.json.gz#317[m=8,idx=46]: start [0, 0, 0, 0, -1000000, 0, 0, -1000000, 0] best [0, 0, 0, 0, -1000000, 0, 0, -1000000, 0] chain profiles 0 (states 0), maxw 0, DL_RC fails 0, key form fails 0; 9800 evals [1 s]
#   unit {"file": "k4_certs_5_pure.json.gz", "pos": 313} k4_certs_5_pure.json.gz#313[m=8,idx=42]: start [0, 0, 0, 0, -1000000, 0, 0, -1000000, 0] best [0, 0, 0, 0, -2, 0, 2, -12, 4] chain profiles 0 (states 0), maxw 0, DL_RC fails 0, key form fails 0; 9800 evals [2 s]
#   unit {"file": "k4_certs_5_pure.json.gz", "pos": 321} k4_certs_5_pure.json.gz#321[m=8,idx=50]: start [0, 0, 0, 0, -1000000, 0, 0, -1000000, 0] best [0, 0, 0, 0, -1000000, 0, 0, -1000000, 0] chain profiles 0 (states 0), maxw 0, DL_RC fails 0, key form fails 0; 9800 evals [1 s]
#   unit {"file": "k4_certs_5_pure.json.gz", "pos": 322} k4_certs_5_pure.json.gz#322[m=8,idx=51]: start [0, 0, 0, 0, -1000000, 0, 0, -1000000, 0] best [0, 0, 0, 0, -2, 0, 1, -14, 1] chain profiles 0 (states 0), maxw 0, DL_RC fails 0, key form fails 0; 9800 evals [1 s]
#   unit {"file": "k4_certs_5_pure.json.gz", "pos": 325} k4_certs_5_pure.json.gz#325[m=8,idx=54]: start [0, 0, 0, 0, -1000000, 0, 0, -1000000, 0] best [0, 0, 0, 0, -1000000, 0, 0, -1000000, 0] chain profiles 0 (states 0), maxw 0, DL_RC fails 0, key form fails 0; 9800 evals [1 s]
#   unit {"file": "k4_certs_5_pure.json.gz", "pos": 327} k4_certs_5_pure.json.gz#327[m=8,idx=56]: start [0, 0, 0, 0, -1000000, 0, 0, -1000000, 0] best [0, 0, 0, 0, -1000000, 0, 0, -1000000, 0] chain profiles 0 (states 0), maxw 0, DL_RC fails 0, key form fails 0; 9800 evals [1 s]
#   unit {"file": "k4_certs_5_pure.json.gz", "pos": 329} k4_certs_5_pure.json.gz#329[m=8,idx=58]: start [0, 0, 0, 0, -1000000, 0, 0, -1000000, 0] best [0, 0, 0, 0, -1000000, 0, 0, -1000000, 0] chain profiles 0 (states 0), maxw 0, DL_RC fails 0, key form fails 0; 9800 evals [1 s]
#   unit {"file": "k4_certs_5_pure.json.gz", "pos": 330} k4_certs_5_pure.json.gz#330[m=8,idx=59]: start [0, 0, 0, 0, -1000000, 0, 0, -1000000, 0] best [0, 0, 0, 0, -1000000, 0, 0, -1000000, 0] chain profiles 0 (states 0), maxw 0, DL_RC fails 0, key form fails 0; 9800 evals [1 s]
#   unit {"file": "k4_certs_5_pure.json.gz", "pos": 331} k4_certs_5_pure.json.gz#331[m=8,idx=60]: start [0, 0, 0, 0, -1000000, 0, 0, -1000000, 0] best [0, 0, 0, 0, -2, 0, 2, -16, 5] chain profiles 0 (states 0), maxw 0, DL_RC fails 0, key form fails 0; 9800 evals [1 s]
#   unit {"file": "k4_certs_5_pure.json.gz", "pos": 333} k4_certs_5_pure.json.gz#333[m=8,idx=62]: start [0, 0, 0, 0, -1000000, 0, 0, -1000000, 0] best [0, 0, 0, 0, -1000000, 0, 0, -1000000, 0] chain profiles 0 (states 0), maxw 0, DL_RC fails 0, key form fails 0; 9800 evals [1 s]
#   unit {"file": "k4_certs_5_pure.json.gz", "pos": 347} k4_certs_5_pure.json.gz#347[m=8,idx=76]: start [0, 0, 0, 0, -1000000, 0, 0, -1000000, 0] best [0, 0, 0, 0, -2, 0, 2, -24, 8] chain profiles 0 (states 0), maxw 0, DL_RC fails 0, key form fails 0; 9800 evals [2 s]
#   unit {"file": "k4_certs_5_pure.json.gz", "pos": 346} k4_certs_5_pure.json.gz#346[m=8,idx=75]: start [0, 0, 0, 0, -1000000, 0, 0, -1000000, 0] best [0, 0, 4, 4, -2, 4, 3, -12, 8] chain profiles 357 (states 1414), maxw 1, DL_RC fails 0, key form fails 0; 9800 evals [2 s]
#   unit {"file": "k4_certs_5_pure.json.gz", "pos": 348} k4_certs_5_pure.json.gz#348[m=8,idx=77]: start [0, 0, 0, 0, -1000000, 0, 0, -1000000, 0] best [0, 0, 0, 0, -1000000, 0, 0, -1000000, 0] chain profiles 0 (states 0), maxw 0, DL_RC fails 0, key form fails 0; 9800 evals [1 s]
#   unit {"file": "k4_certs_5_pure.json.gz", "pos": 358} k4_certs_5_pure.json.gz#358[m=8,idx=87]: start [0, 0, 0, 0, -1000000, 0, 0, -1000000, 0] best [0, 0, 0, 0, -1000000, 0, 0, -1000000, 0] chain profiles 0 (states 0), maxw 0, DL_RC fails 0, key form fails 0; 9800 evals [1 s]
#   unit {"file": "k4_certs_5_pure.json.gz", "pos": 361} k4_certs_5_pure.json.gz#361[m=8,idx=90]: start [0, 0, 0, 0, -1000000, 0, 0, -1000000, 0] best [0, 0, 0, 0, -2, 0, 1, -10, 2] chain profiles 0 (states 0), maxw 0, DL_RC fails 0, key form fails 0; 9800 evals [1 s]
#   unit {"file": "k4_certs_5_pure.json.gz", "pos": 363} k4_certs_5_pure.json.gz#363[m=8,idx=92]: start [0, 0, 0, 0, -1000000, 0, 0, -1000000, 0] best [0, 0, 0, 0, -1000000, 0, 0, -1000000, 0] chain profiles 0 (states 0), maxw 0, DL_RC fails 0, key form fails 0; 9800 evals [1 s]
#   unit {"file": "k4_certs_5_pure.json.gz", "pos": 364} k4_certs_5_pure.json.gz#364[m=8,idx=93]: start [0, 0, 0, 0, -1000000, 0, 0, -1000000, 0] best [0, 0, 0, 0, -1000000, 0, 0, -1000000, 0] chain profiles 0 (states 0), maxw 0, DL_RC fails 0, key form fails 0; 9800 evals [1 s]
#   unit {"file": "k4_certs_5_pure.json.gz", "pos": 366} k4_certs_5_pure.json.gz#366[m=8,idx=95]: start [0, 0, 0, 0, -1000000, 0, 0, -1000000, 0] best [0, 0, 0, 0, -2, 0, 1, -21, 2] chain profiles 0 (states 0), maxw 0, DL_RC fails 0, key form fails 0; 9800 evals [1 s]
#   unit {"file": "k4_certs_5_pure.json.gz", "pos": 367} k4_certs_5_pure.json.gz#367[m=8,idx=96]: start [0, 0, 0, 0, -1000000, 0, 0, -1000000, 0] best [0, 0, 0, 0, -2, 0, 1, -10, 1] chain profiles 0 (states 0), maxw 0, DL_RC fails 0, key form fails 0; 9800 evals [2 s]
#   unit {"file": "k4_certs_5_pure.json.gz", "pos": 371} k4_certs_5_pure.json.gz#371[m=8,idx=100]: start [0, 0, 0, 0, -1000000, 0, 0, -1000000, 0] best [0, 0, 0, 0, -2, 0, 2, -20, 10] chain profiles 0 (states 0), maxw 0, DL_RC fails 0, key form fails 0; 9800 evals [1 s]
#   unit {"file": "k4_certs_5_pure.json.gz", "pos": 372} k4_certs_5_pure.json.gz#372[m=8,idx=101]: start [0, 0, 0, 0, -1000000, 0, 0, -1000000, 0] best [0, 0, 2, 2, -2, 2, 3, -20, 10] chain profiles 53 (states 106), maxw 1, DL_RC fails 0, key form fails 0; 9800 evals [1 s]
#   unit {"file": "k4_certs_5_pure.json.gz", "pos": 374} k4_certs_5_pure.json.gz#374[m=8,idx=103]: start [0, 0, 0, 0, -1000000, 0, 0, -1000000, 0] best [0, 0, 0, 0, -1000000, 0, 0, -1000000, 0] chain profiles 0 (states 0), maxw 0, DL_RC fails 0, key form fails 0; 9800 evals [1 s]
#   unit {"file": "k4_certs_5_pure.json.gz", "pos": 375} k4_certs_5_pure.json.gz#375[m=8,idx=104]: start [0, 0, 0, 0, -1000000, 0, 0, -1000000, 0] best [0, 0, 0, 0, -1000000, 0, 0, -1000000, 0] chain profiles 0 (states 0), maxw 0, DL_RC fails 0, key form fails 0; 9800 evals [1 s]
#   unit {"file": "k4_certs_5_pure.json.gz", "pos": 377} k4_certs_5_pure.json.gz#377[m=8,idx=106]: start [0, 0, 0, 0, -1000000, 0, 0, -1000000, 0] best [0, 0, 0, 0, -3, 0, 1, -18, 1] chain profiles 0 (states 0), maxw 0, DL_RC fails 0, key form fails 0; 9800 evals [2 s]
#   unit {"file": "k4_certs_5_pure.json.gz", "pos": 384} k4_certs_5_pure.json.gz#384[m=8,idx=113]: start [0, 0, 0, 0, -1000000, 0, 0, -1000000, 0] best [0, 0, 0, 0, -1000000, 0, 0, -1000000, 0] chain profiles 0 (states 0), maxw 0, DL_RC fails 0, key form fails 0; 9800 evals [1 s]
#   unit {"file": "k4_certs_5_pure.json.gz", "pos": 383} k4_certs_5_pure.json.gz#383[m=8,idx=112]: start [0, 0, 0, 0, -1000000, 0, 0, -1000000, 0] best [0, 0, 0, 0, -1000000, 0, 0, -1000000, 0] chain profiles 0 (states 0), maxw 0, DL_RC fails 0, key form fails 0; 9800 evals [1 s]
#   unit {"file": "k4_certs_5_pure.json.gz", "pos": 391} k4_certs_5_pure.json.gz#391[m=8,idx=120]: start [0, 0, 0, 0, -1000000, 0, 0, -1000000, 0] best [0, 0, 0, 0, -1000000, 0, 0, -1000000, 0] chain profiles 0 (states 0), maxw 0, DL_RC fails 0, key form fails 0; 9800 evals [1 s]
#   unit {"file": "k4_certs_5_pure.json.gz", "pos": 400} k4_certs_5_pure.json.gz#400[m=8,idx=129]: start [0, 0, 0, 0, -1000000, 0, 0, -1000000, 0] best [0, 0, 0, 0, -1, 0, 2, -22, 1] chain profiles 0 (states 0), maxw 0, DL_RC fails 0, key form fails 0; 9800 evals [2 s]
#   unit {"file": "k4_certs_5_pure.json.gz", "pos": 412} k4_certs_5_pure.json.gz#412[m=8,idx=141]: start [0, 0, 0, 0, -1000000, 0, 0, -1000000, 0] best [0, 0, 0, 0, -1000000, 0, 0, -1000000, 0] chain profiles 0 (states 0), maxw 0, DL_RC fails 0, key form fails 0; 9800 evals [2 s]
#   unit {"file": "k4_certs_5_pure.json.gz", "pos": 403} k4_certs_5_pure.json.gz#403[m=8,idx=132]: start [0, 0, 0, 0, -1000000, 0, 0, -1000000, 0] best [0, 0, 0, 0, -1000000, 0, 0, -1000000, 0] chain profiles 0 (states 0), maxw 0, DL_RC fails 0, key form fails 0; 9800 evals [2 s]
#   unit {"file": "k4_certs_5_pure.json.gz", "pos": 417} k4_certs_5_pure.json.gz#417[m=8,idx=146]: start [0, 0, 0, 0, -1000000, 0, 0, -1000000, 0] best [0, 0, 0, 0, -1000000, 0, 0, -1000000, 0] chain profiles 0 (states 0), maxw 0, DL_RC fails 0, key form fails 0; 9800 evals [2 s]
#   unit {"file": "k4_certs_5_pure.json.gz", "pos": 419} k4_certs_5_pure.json.gz#419[m=8,idx=148]: start [0, 0, 0, 0, -1000000, 0, 0, -1000000, 0] best [0, 0, 0, 0, -1000000, 0, 0, -1000000, 0] chain profiles 0 (states 0), maxw 0, DL_RC fails 0, key form fails 0; 9800 evals [2 s]
#   unit {"file": "k4_certs_5_pure.json.gz", "pos": 420} k4_certs_5_pure.json.gz#420[m=8,idx=149]: start [0, 0, 0, 0, -1000000, 0, 0, -1000000, 0] best [0, 0, 0, 0, -1000000, 0, 0, -1000000, 0] chain profiles 0 (states 0), maxw 0, DL_RC fails 0, key form fails 0; 9800 evals [1 s]
#   unit {"file": "k4_certs_5_pure.json.gz", "pos": 421} k4_certs_5_pure.json.gz#421[m=8,idx=150]: start [0, 0, 0, 0, -1000000, 0, 0, -1000000, 0] best [0, 0, 0, 0, -1000000, 0, 0, -1000000, 0] chain profiles 0 (states 0), maxw 0, DL_RC fails 0, key form fails 0; 9800 evals [2 s]
#   unit {"file": "k4_certs_5_pure.json.gz", "pos": 422} k4_certs_5_pure.json.gz#422[m=8,idx=151]: start [0, 0, 0, 0, -1000000, 0, 0, -1000000, 0] best [0, 0, 0, 0, -1000000, 0, 0, -1000000, 0] chain profiles 0 (states 0), maxw 0, DL_RC fails 0, key form fails 0; 9800 evals [1 s]
#   unit {"file": "k4_certs_5_pure.json.gz", "pos": 423} k4_certs_5_pure.json.gz#423[m=8,idx=152]: start [0, 0, 0, 0, -1000000, 0, 0, -1000000, 0] best [0, 0, 0, 0, -1000000, 0, 0, -1000000, 0] chain profiles 0 (states 0), maxw 0, DL_RC fails 0, key form fails 0; 9800 evals [1 s]
#   unit {"file": "k4_certs_5_pure.json.gz", "pos": 424} k4_certs_5_pure.json.gz#424[m=8,idx=153]: start [0, 0, 0, 0, -1000000, 0, 0, -1000000, 0] best [0, 0, 0, 0, -1000000, 0, 0, -1000000, 0] chain profiles 0 (states 0), maxw 0, DL_RC fails 0, key form fails 0; 9800 evals [1 s]
#   unit {"file": "k4_certs_5_pure.json.gz", "pos": 428} k4_certs_5_pure.json.gz#428[m=8,idx=157]: start [0, 0, 0, 0, -1000000, 0, 0, -1000000, 0] best [0, 0, 0, 0, -2, 2, 3, -14, 10] chain profiles 0 (states 0), maxw 0, DL_RC fails 0, key form fails 0; 9800 evals [1 s]
#   unit {"file": "k4_certs_5_pure.json.gz", "pos": 429} k4_certs_5_pure.json.gz#429[m=8,idx=158]: start [0, 0, 0, 0, -1000000, 0, 0, -1000000, 0] best [0, 0, 0, 0, -1000000, 0, 0, -1000000, 0] chain profiles 0 (states 0), maxw 0, DL_RC fails 0, key form fails 0; 9800 evals [1 s]
#   unit {"file": "k4_certs_5_pure.json.gz", "pos": 432} k4_certs_5_pure.json.gz#432[m=8,idx=161]: start [0, 0, 0, 0, -1000000, 0, 0, -1000000, 0] best [0, 0, 0, 0, -2, 0, 1, -14, 2] chain profiles 0 (states 0), maxw 0, DL_RC fails 0, key form fails 0; 9800 evals [2 s]
#   unit {"file": "k4_certs_5_pure.json.gz", "pos": 433} k4_certs_5_pure.json.gz#433[m=8,idx=162]: start [0, 0, 0, 0, -1000000, 0, 0, -1000000, 0] best [0, 0, 0, 0, -1000000, 0, 0, -1000000, 0] chain profiles 0 (states 0), maxw 0, DL_RC fails 0, key form fails 0; 9800 evals [1 s]
#   unit {"file": "k4_certs_5_pure.json.gz", "pos": 434} k4_certs_5_pure.json.gz#434[m=8,idx=163]: start [0, 0, 0, 0, -1000000, 0, 0, -1000000, 0] best [0, 0, 0, 0, -1000000, 0, 0, -1000000, 0] chain profiles 0 (states 0), maxw 0, DL_RC fails 0, key form fails 0; 9800 evals [2 s]
#   unit {"file": "k4_certs_5_pure.json.gz", "pos": 435} k4_certs_5_pure.json.gz#435[m=8,idx=164]: start [0, 0, 0, 0, -1000000, 0, 0, -1000000, 0] best [0, 0, 0, 0, -1000000, 0, 0, -1000000, 0] chain profiles 0 (states 0), maxw 0, DL_RC fails 0, key form fails 0; 9800 evals [1 s]
#   unit {"file": "k4_certs_5_pure.json.gz", "pos": 440} k4_certs_5_pure.json.gz#440[m=8,idx=169]: start [0, 0, 0, 0, -1000000, 0, 0, -1000000, 0] best [0, 0, 0, 0, -1000000, 0, 0, -1000000, 0] chain profiles 0 (states 0), maxw 0, DL_RC fails 0, key form fails 0; 9800 evals [2 s]
#   unit {"file": "k4_certs_5_pure.json.gz", "pos": 441} k4_certs_5_pure.json.gz#441[m=8,idx=170]: start [0, 0, 0, 0, -1000000, 0, 0, -1000000, 0] best [0, 0, 0, 0, -1000000, 0, 0, -1000000, 0] chain profiles 0 (states 0), maxw 0, DL_RC fails 0, key form fails 0; 9800 evals [1 s]
#   unit {"file": "k4_certs_5_pure.json.gz", "pos": 442} k4_certs_5_pure.json.gz#442[m=8,idx=171]: start [0, 0, 0, 0, -1000000, 0, 0, -1000000, 0] best [0, 0, 0, 0, -1000000, 0, 0, -1000000, 0] chain profiles 0 (states 0), maxw 0, DL_RC fails 0, key form fails 0; 9800 evals [2 s]
#   unit {"file": "k4_certs_5_pure.json.gz", "pos": 447} k4_certs_5_pure.json.gz#447[m=8,idx=176]: start [0, 0, 0, 0, -1000000, 0, 0, -1000000, 0] best [0, 0, 0, 0, -1000000, 0, 0, -1000000, 0] chain profiles 0 (states 0), maxw 0, DL_RC fails 0, key form fails 0; 9800 evals [1 s]
#   unit {"file": "k4_certs_5_pure.json.gz", "pos": 455} k4_certs_5_pure.json.gz#455[m=8,idx=184]: start [0, 0, 0, 0, -1000000, 0, 0, -1000000, 0] best [0, 0, 0, 0, -1000000, 0, 0, -1000000, 0] chain profiles 0 (states 0), maxw 0, DL_RC fails 0, key form fails 0; 9800 evals [1 s]
#   unit {"file": "k4_certs_5_pure.json.gz", "pos": 451} k4_certs_5_pure.json.gz#451[m=8,idx=180]: start [0, 0, 0, 0, -1000000, 0, 0, -1000000, 0] best [0, 0, 0, 0, -2, 0, 1, -8, 2] chain profiles 0 (states 0), maxw 0, DL_RC fails 0, key form fails 0; 9800 evals [2 s]
#   unit {"file": "k4_certs_5_pure.json.gz", "pos": 461} k4_certs_5_pure.json.gz#461[m=8,idx=190]: start [0, 0, 0, 0, -1000000, 0, 0, -1000000, 0] best [0, 0, 0, 0, -1000000, 0, 0, -1000000, 0] chain profiles 0 (states 0), maxw 0, DL_RC fails 0, key form fails 0; 9800 evals [1 s]
#   unit {"file": "k4_certs_5_pure.json.gz", "pos": 463} k4_certs_5_pure.json.gz#463[m=8,idx=192]: start [0, 0, 0, 0, -1000000, 0, 0, -1000000, 0] best [0, 0, 0, 0, -1000000, 0, 0, -1000000, 0] chain profiles 0 (states 0), maxw 0, DL_RC fails 0, key form fails 0; 9800 evals [1 s]
#   unit {"file": "k4_certs_5_pure.json.gz", "pos": 471} k4_certs_5_pure.json.gz#471[m=8,idx=200]: start [0, 0, 0, 0, -1000000, 0, 0, -1000000, 0] best [0, 0, 0, 0, -1000000, 0, 0, -1000000, 0] chain profiles 0 (states 0), maxw 0, DL_RC fails 0, key form fails 0; 9800 evals [1 s]
#   unit {"file": "k4_certs_5_pure.json.gz", "pos": 469} k4_certs_5_pure.json.gz#469[m=8,idx=198]: start [0, 0, 0, 0, -1000000, 0, 0, -1000000, 0] best [0, 0, 0, 0, -1000000, 0, 0, -1000000, 0] chain profiles 0 (states 0), maxw 0, DL_RC fails 0, key form fails 0; 9800 evals [1 s]
#   unit {"file": "k4_certs_5_pure.json.gz", "pos": 472} k4_certs_5_pure.json.gz#472[m=8,idx=201]: start [0, 0, 0, 0, -1000000, 0, 0, -1000000, 0] best [0, 0, 0, 0, -1000000, 0, 0, -1000000, 0] chain profiles 0 (states 0), maxw 0, DL_RC fails 0, key form fails 0; 9800 evals [1 s]
#   unit {"file": "k4_certs_5_pure.json.gz", "pos": 474} k4_certs_5_pure.json.gz#474[m=8,idx=203]: start [0, 0, 0, 0, -1000000, 0, 0, -1000000, 0] best [0, 0, 0, 0, -2, 0, 1, -11, 2] chain profiles 0 (states 0), maxw 0, DL_RC fails 0, key form fails 0; 9800 evals [1 s]
#   unit {"file": "k4_certs_5_pure.json.gz", "pos": 478} k4_certs_5_pure.json.gz#478[m=8,idx=207]: start [0, 0, 0, 0, -1000000, 0, 0, -1000000, 0] best [0, 0, 0, 0, -1000000, 0, 0, -1000000, 0] chain profiles 0 (states 0), maxw 0, DL_RC fails 0, key form fails 0; 9800 evals [1 s]
#   unit {"file": "k4_certs_5_pure.json.gz", "pos": 476} k4_certs_5_pure.json.gz#476[m=8,idx=205]: start [0, 0, 0, 0, -1000000, 0, 0, -1000000, 0] best [0, 0, 0, 0, -1000000, 0, 0, -1000000, 0] chain profiles 0 (states 0), maxw 0, DL_RC fails 0, key form fails 0; 9800 evals [1 s]
#   unit {"file": "k4_certs_5_pure.json.gz", "pos": 480} k4_certs_5_pure.json.gz#480[m=8,idx=209]: start [0, 0, 0, 0, -1000000, 0, 0, -1000000, 0] best [0, 0, 0, 0, -2, 0, 1, -12, 4] chain profiles 0 (states 0), maxw 0, DL_RC fails 0, key form fails 0; 9800 evals [2 s]
#   unit {"file": "k4_certs_5_pure.json.gz", "pos": 487} k4_certs_5_pure.json.gz#487[m=8,idx=216]: start [0, 0, 0, 0, -1000000, 0, 0, -1000000, 0] best [0, 0, 0, 0, -2, 0, 1, -16, 4] chain profiles 0 (states 0), maxw 0, DL_RC fails 0, key form fails 0; 9800 evals [1 s]
#   unit {"file": "k4_certs_5_pure.json.gz", "pos": 492} k4_certs_5_pure.json.gz#492[m=8,idx=221]: start [0, 0, 0, 0, -1000000, 0, 0, -1000000, 0] best [0, 0, 0, 0, -1000000, 0, 0, -1000000, 0] chain profiles 0 (states 0), maxw 0, DL_RC fails 0, key form fails 0; 9800 evals [1 s]
#   unit {"file": "k4_certs_5_pure.json.gz", "pos": 497} k4_certs_5_pure.json.gz#497[m=8,idx=226]: start [0, 0, 0, 0, -1000000, 0, 0, -1000000, 0] best [0, 0, 0, 0, -1000000, 0, 0, -1000000, 0] chain profiles 0 (states 0), maxw 0, DL_RC fails 0, key form fails 0; 9800 evals [1 s]
#   unit {"file": "k4_certs_5_pure.json.gz", "pos": 499} k4_certs_5_pure.json.gz#499[m=8,idx=228]: start [0, 0, 0, 0, -1000000, 0, 0, -1000000, 0] best [0, 0, 0, 0, -2, 0, 1, -9, 1] chain profiles 0 (states 0), maxw 0, DL_RC fails 0, key form fails 0; 9800 evals [2 s]
#   unit {"file": "k4_certs_5_pure.json.gz", "pos": 509} k4_certs_5_pure.json.gz#509[m=8,idx=238]: start [0, 0, 0, 0, -1000000, 0, 0, -1000000, 0] best [0, 0, 0, 0, -1000000, 0, 0, -1000000, 0] chain profiles 0 (states 0), maxw 0, DL_RC fails 0, key form fails 0; 9800 evals [2 s]
#   unit {"file": "k4_certs_5_pure.json.gz", "pos": 510} k4_certs_5_pure.json.gz#510[m=8,idx=239]: start [0, 0, 0, 0, -1000000, 0, 0, -1000000, 0] best [0, 0, 0, 0, -1000000, 0, 0, -1000000, 0] chain profiles 0 (states 0), maxw 0, DL_RC fails 0, key form fails 0; 9800 evals [1 s]
#   unit {"file": "k4_certs_5_pure.json.gz", "pos": 511} k4_certs_5_pure.json.gz#511[m=8,idx=240]: start [0, 0, 0, 0, -1000000, 0, 0, -1000000, 0] best [0, 0, 0, 0, -1000000, 0, 0, -1000000, 0] chain profiles 0 (states 0), maxw 0, DL_RC fails 0, key form fails 0; 9800 evals [2 s]
#   unit {"file": "k4_certs_5_pure.json.gz", "pos": 519} k4_certs_5_pure.json.gz#519[m=8,idx=248]: start [0, 0, 0, 0, -1000000, 0, 0, -1000000, 0] best [0, 0, 0, 0, -1000000, 0, 0, -1000000, 0] chain profiles 0 (states 0), maxw 0, DL_RC fails 0, key form fails 0; 9800 evals [2 s]
#   unit {"file": "k4_certs_5_pure.json.gz", "pos": 521} k4_certs_5_pure.json.gz#521[m=8,idx=250]: start [0, 0, 0, 0, -1000000, 0, 0, -1000000, 0] best [0, 0, 0, 0, -1000000, 0, 0, -1000000, 0] chain profiles 0 (states 0), maxw 0, DL_RC fails 0, key form fails 0; 9800 evals [1 s]
#   unit {"file": "k4_certs_5_pure.json.gz", "pos": 522} k4_certs_5_pure.json.gz#522[m=8,idx=251]: start [0, 0, 0, 0, -1000000, 0, 0, -1000000, 0] best [0, 0, 0, 0, -1000000, 0, 0, -1000000, 0] chain profiles 0 (states 0), maxw 0, DL_RC fails 0, key form fails 0; 9800 evals [1 s]
#   unit {"file": "k4_certs_5_pure.json.gz", "pos": 526} k4_certs_5_pure.json.gz#526[m=8,idx=255]: start [0, 0, 0, 0, -1000000, 0, 0, -1000000, 0] best [0, 0, 0, 0, -3, 0, 1, -16, 2] chain profiles 0 (states 0), maxw 0, DL_RC fails 0, key form fails 0; 9800 evals [2 s]
#   unit {"file": "k4_certs_5_pure.json.gz", "pos": 533} k4_certs_5_pure.json.gz#533[m=8,idx=262]: start [0, 0, 0, 0, -1000000, 0, 0, -1000000, 0] best [0, 0, 0, 0, -1000000, 0, 0, -1000000, 0] chain profiles 0 (states 0), maxw 0, DL_RC fails 0, key form fails 0; 9800 evals [1 s]
#   unit {"file": "k4_certs_5_pure.json.gz", "pos": 534} k4_certs_5_pure.json.gz#534[m=8,idx=263]: start [0, 0, 0, 0, -1000000, 0, 0, -1000000, 0] best [0, 0, 0, 0, -2, 0, 1, -20, 1] chain profiles 0 (states 0), maxw 0, DL_RC fails 0, key form fails 0; 9800 evals [1 s]
#   unit {"file": "k4_certs_5_pure.json.gz", "pos": 537} k4_certs_5_pure.json.gz#537[m=8,idx=266]: start [0, 0, 0, 0, -1000000, 0, 0, -1000000, 0] best [0, 0, 0, 0, -1000000, 0, 0, -1000000, 0] chain profiles 0 (states 0), maxw 0, DL_RC fails 0, key form fails 0; 9800 evals [1 s]
#   unit {"file": "k4_certs_5_pure.json.gz", "pos": 541} k4_certs_5_pure.json.gz#541[m=8,idx=270]: start [0, 0, 0, 0, -1000000, 0, 0, -1000000, 0] best [0, 0, 0, 0, -1000000, 0, 0, -1000000, 0] chain profiles 0 (states 0), maxw 0, DL_RC fails 0, key form fails 0; 9800 evals [1 s]
#   unit {"file": "k4_certs_5_pure.json.gz", "pos": 543} k4_certs_5_pure.json.gz#543[m=8,idx=272]: start [0, 0, 0, 0, -1000000, 0, 0, -1000000, 0] best [0, 0, 0, 0, -1000000, 0, 0, -1000000, 0] chain profiles 0 (states 0), maxw 0, DL_RC fails 0, key form fails 0; 9800 evals [1 s]
#   unit {"file": "k4_certs_5_pure.json.gz", "pos": 550} k4_certs_5_pure.json.gz#550[m=8,idx=279]: start [0, 0, 0, 0, -1000000, 0, 0, -1000000, 0] best [0, 0, 0, 0, -1000000, 0, 0, -1000000, 0] chain profiles 0 (states 0), maxw 0, DL_RC fails 0, key form fails 0; 9800 evals [1 s]
#   unit {"file": "k4_certs_5_pure.json.gz", "pos": 551} k4_certs_5_pure.json.gz#551[m=8,idx=280]: start [0, 0, 0, 0, -1000000, 0, 0, -1000000, 0] best [0, 0, 0, 0, -1000000, 0, 0, -1000000, 0] chain profiles 0 (states 0), maxw 0, DL_RC fails 0, key form fails 0; 9800 evals [1 s]
#   unit {"file": "k4_certs_5_pure.json.gz", "pos": 555} k4_certs_5_pure.json.gz#555[m=8,idx=284]: start [0, 0, 0, 0, -1000000, 0, 0, -1000000, 0] best [0, 0, 0, 0, -1000000, 0, 0, -1000000, 0] chain profiles 0 (states 0), maxw 0, DL_RC fails 0, key form fails 0; 9800 evals [1 s]
#   unit {"file": "k4_certs_5_pure.json.gz", "pos": 556} k4_certs_5_pure.json.gz#556[m=8,idx=285]: start [0, 0, 0, 0, -1000000, 0, 0, -1000000, 0] best [0, 0, 0, 0, -1000000, 0, 0, -1000000, 0] chain profiles 0 (states 0), maxw 0, DL_RC fails 0, key form fails 0; 9800 evals [1 s]
#   unit {"file": "k4_certs_5_pure.json.gz", "pos": 561} k4_certs_5_pure.json.gz#561[m=8,idx=290]: start [0, 0, 0, 0, -1000000, 0, 0, -1000000, 0] best [0, 0, 0, 0, -1000000, 0, 0, -1000000, 0] chain profiles 0 (states 0), maxw 0, DL_RC fails 0, key form fails 0; 9800 evals [1 s]
#   unit {"file": "k4_certs_5_pure.json.gz", "pos": 563} k4_certs_5_pure.json.gz#563[m=8,idx=292]: start [0, 0, 0, 0, -1000000, 0, 0, -1000000, 0] best [0, 0, 0, 0, -1000000, 0, 0, -1000000, 0] chain profiles 0 (states 0), maxw 0, DL_RC fails 0, key form fails 0; 9800 evals [1 s]
#   unit {"file": "k4_certs_5_pure.json.gz", "pos": 572} k4_certs_5_pure.json.gz#572[m=8,idx=301]: start [0, 0, 0, 0, -1000000, 0, 0, -1000000, 0] best [0, 0, 0, 0, -1000000, 0, 0, -1000000, 0] chain profiles 0 (states 0), maxw 0, DL_RC fails 0, key form fails 0; 9800 evals [1 s]
#   unit {"file": "k4_certs_5_pure.json.gz", "pos": 577} k4_certs_5_pure.json.gz#577[m=8,idx=306]: start [0, 0, 0, 0, -1000000, 0, 0, -1000000, 0] best [0, 0, 0, 0, -1000000, 0, 0, -1000000, 0] chain profiles 0 (states 0), maxw 0, DL_RC fails 0, key form fails 0; 9800 evals [1 s]
#   unit {"file": "k4_certs_5_pure.json.gz", "pos": 580} k4_certs_5_pure.json.gz#580[m=8,idx=309]: start [0, 0, 0, 0, -1000000, 0, 0, -1000000, 0] best [0, 0, 0, 0, -1000000, 0, 0, -1000000, 0] chain profiles 0 (states 0), maxw 0, DL_RC fails 0, key form fails 0; 9800 evals [1 s]
#   unit {"file": "k4_certs_5_pure.json.gz", "pos": 585} k4_certs_5_pure.json.gz#585[m=8,idx=314]: start [0, 0, 0, 0, -1000000, 0, 0, -1000000, 0] best [0, 0, 0, 0, -1000000, 0, 0, -1000000, 0] chain profiles 0 (states 0), maxw 0, DL_RC fails 0, key form fails 0; 9800 evals [1 s]
#   unit {"file": "k4_certs_5_pure.json.gz", "pos": 586} k4_certs_5_pure.json.gz#586[m=8,idx=315]: start [0, 0, 0, 0, -1000000, 0, 0, -1000000, 0] best [0, 0, 0, 0, -1000000, 0, 0, -1000000, 0] chain profiles 0 (states 0), maxw 0, DL_RC fails 0, key form fails 0; 9800 evals [1 s]
#   unit {"file": "k4_certs_5_pure.json.gz", "pos": 590} k4_certs_5_pure.json.gz#590[m=8,idx=319]: start [0, 0, 0, 0, -1000000, 0, 0, -1000000, 0] best [0, 0, 0, 0, -1000000, 0, 0, -1000000, 0] chain profiles 0 (states 0), maxw 0, DL_RC fails 0, key form fails 0; 9800 evals [1 s]
#   unit {"file": "k4_certs_5_pure.json.gz", "pos": 594} k4_certs_5_pure.json.gz#594[m=8,idx=323]: start [0, 0, 0, 0, -1000000, 0, 0, -1000000, 0] best [0, 0, 0, 0, -1000000, 0, 0, -1000000, 0] chain profiles 0 (states 0), maxw 0, DL_RC fails 0, key form fails 0; 9800 evals [1 s]
#   unit {"file": "k4_certs_5_pure.json.gz", "pos": 600} k4_certs_5_pure.json.gz#600[m=8,idx=329]: start [0, 0, 0, 0, -1000000, 0, 0, -1000000, 0] best [0, 0, 0, 0, -1000000, 0, 0, -1000000, 0] chain profiles 0 (states 0), maxw 0, DL_RC fails 0, key form fails 0; 9800 evals [1 s]
#   unit {"file": "k4_certs_5_pure.json.gz", "pos": 601} k4_certs_5_pure.json.gz#601[m=8,idx=330]: start [0, 0, 0, 0, -1000000, 0, 0, -1000000, 0] best [0, 0, 0, 0, -1000000, 0, 0, -1000000, 0] chain profiles 0 (states 0), maxw 0, DL_RC fails 0, key form fails 0; 9800 evals [1 s]
#   unit {"file": "k4_certs_5_pure.json.gz", "pos": 605} k4_certs_5_pure.json.gz#605[m=8,idx=334]: start [0, 0, 0, 0, -1000000, 0, 0, -1000000, 0] best [0, 0, 0, 0, -1000000, 0, 0, -1000000, 0] chain profiles 0 (states 0), maxw 0, DL_RC fails 0, key form fails 0; 9800 evals [1 s]
#   unit {"file": "k4_certs_5_pure.json.gz", "pos": 606} k4_certs_5_pure.json.gz#606[m=8,idx=335]: start [0, 0, 0, 0, -1000000, 0, 0, -1000000, 0] best [0, 0, 0, 0, -1000000, 0, 0, -1000000, 0] chain profiles 0 (states 0), maxw 0, DL_RC fails 0, key form fails 0; 9800 evals [1 s]
#   unit {"file": "k4_certs_5_pure.json.gz", "pos": 607} k4_certs_5_pure.json.gz#607[m=8,idx=336]: start [0, 0, 0, 0, -1000000, 0, 0, -1000000, 0] best [0, 0, 0, 0, -1000000, 0, 0, -1000000, 0] chain profiles 0 (states 0), maxw 0, DL_RC fails 0, key form fails 0; 9800 evals [1 s]
#   unit {"file": "k4_certs_5_pure.json.gz", "pos": 608} k4_certs_5_pure.json.gz#608[m=8,idx=337]: start [0, 0, 0, 0, -1000000, 0, 0, -1000000, 0] best [0, 0, 0, 0, -1000000, 0, 0, -1000000, 0] chain profiles 0 (states 0), maxw 0, DL_RC fails 0, key form fails 0; 9800 evals [1 s]
#   unit {"file": "k4_certs_5_pure.json.gz", "pos": 609} k4_certs_5_pure.json.gz#609[m=8,idx=338]: start [0, 0, 0, 0, -1000000, 0, 0, -1000000, 0] best [0, 0, 0, 0, -1000000, 0, 0, -1000000, 0] chain profiles 0 (states 0), maxw 0, DL_RC fails 0, key form fails 0; 9800 evals [1 s]
#   unit {"file": "k4_certs_5_pure.json.gz", "pos": 610} k4_certs_5_pure.json.gz#610[m=8,idx=339]: start [0, 0, 0, 0, -1000000, 0, 0, -1000000, 0] best [0, 0, 0, 0, -1000000, 0, 0, -1000000, 0] chain profiles 0 (states 0), maxw 0, DL_RC fails 0, key form fails 0; 9800 evals [2 s]
#   unit {"file": "k4_certs_5_pure.json.gz", "pos": 611} k4_certs_5_pure.json.gz#611[m=8,idx=340]: start [0, 0, 0, 0, -1000000, 0, 0, -1000000, 0] best [0, 0, 0, 0, -1000000, 0, 0, -1000000, 0] chain profiles 0 (states 0), maxw 0, DL_RC fails 0, key form fails 0; 9800 evals [1 s]
#   unit {"file": "k4_certs_5_pure.json.gz", "pos": 613} k4_certs_5_pure.json.gz#613[m=8,idx=342]: start [0, 0, 0, 0, -1000000, 0, 0, -1000000, 0] best [0, 0, 0, 0, -1000000, 0, 0, -1000000, 0] chain profiles 0 (states 0), maxw 0, DL_RC fails 0, key form fails 0; 9800 evals [1 s]
#   unit {"file": "k4_certs_5_pure.json.gz", "pos": 616} k4_certs_5_pure.json.gz#616[m=8,idx=345]: start [0, 0, 0, 0, -1000000, 0, 0, -1000000, 0] best [0, 0, 0, 0, -1000000, 0, 0, -1000000, 0] chain profiles 0 (states 0), maxw 0, DL_RC fails 0, key form fails 0; 9800 evals [1 s]
#   unit {"file": "k4_certs_5_pure.json.gz", "pos": 618} k4_certs_5_pure.json.gz#618[m=8,idx=347]: start [0, 0, 0, 0, -1000000, 0, 0, -1000000, 0] best [0, 0, 0, 0, -1000000, 0, 0, -1000000, 0] chain profiles 0 (states 0), maxw 0, DL_RC fails 0, key form fails 0; 9800 evals [1 s]
#   unit {"file": "k4_certs_5_pure.json.gz", "pos": 620} k4_certs_5_pure.json.gz#620[m=8,idx=349]: start [0, 0, 0, 0, -1000000, 0, 0, -1000000, 0] best [0, 0, 0, 0, -1000000, 0, 0, -1000000, 0] chain profiles 0 (states 0), maxw 0, DL_RC fails 0, key form fails 0; 9800 evals [1 s]
#   unit {"file": "k4_certs_5_pure.json.gz", "pos": 624} k4_certs_5_pure.json.gz#624[m=8,idx=353]: start [0, 0, 0, 0, -1000000, 0, 0, -1000000, 0] best [0, 0, 0, 0, -1000000, 0, 0, -1000000, 0] chain profiles 0 (states 0), maxw 0, DL_RC fails 0, key form fails 0; 9800 evals [1 s]
#   unit {"file": "k4_certs_5_pure.json.gz", "pos": 627} k4_certs_5_pure.json.gz#627[m=8,idx=356]: start [0, 0, 0, 0, -1000000, 0, 0, -1000000, 0] best [0, 0, 0, 0, -1000000, 0, 0, -1000000, 0] chain profiles 0 (states 0), maxw 0, DL_RC fails 0, key form fails 0; 9800 evals [1 s]
#   unit {"file": "k4_certs_5_pure.json.gz", "pos": 628} k4_certs_5_pure.json.gz#628[m=8,idx=357]: start [0, 0, 0, 0, -1000000, 0, 0, -1000000, 0] best [0, 0, 0, 0, -1000000, 0, 0, -1000000, 0] chain profiles 0 (states 0), maxw 0, DL_RC fails 0, key form fails 0; 9800 evals [1 s]
#   unit {"file": "k4_certs_5_pure.json.gz", "pos": 634} k4_certs_5_pure.json.gz#634[m=8,idx=363]: start [0, 0, 0, 0, -1000000, 0, 0, -1000000, 0] best [0, 0, 0, 0, -1000000, 0, 0, -1000000, 0] chain profiles 0 (states 0), maxw 0, DL_RC fails 0, key form fails 0; 9800 evals [1 s]
#   unit {"file": "k4_certs_5_pure.json.gz", "pos": 637} k4_certs_5_pure.json.gz#637[m=8,idx=366]: start [0, 0, 0, 0, -1000000, 0, 0, -1000000, 0] best [0, 0, 0, 0, -1000000, 0, 0, -1000000, 0] chain profiles 0 (states 0), maxw 0, DL_RC fails 0, key form fails 0; 9800 evals [1 s]
#   unit {"file": "k4_certs_5_pure.json.gz", "pos": 638} k4_certs_5_pure.json.gz#638[m=8,idx=367]: start [0, 0, 0, 0, -1000000, 0, 0, -1000000, 0] best [0, 0, 0, 0, -1000000, 0, 0, -1000000, 0] chain profiles 0 (states 0), maxw 0, DL_RC fails 0, key form fails 0; 9800 evals [1 s]
#   unit {"file": "k4_certs_5_pure.json.gz", "pos": 639} k4_certs_5_pure.json.gz#639[m=8,idx=368]: start [0, 0, 0, 0, -1000000, 0, 0, -1000000, 0] best [0, 0, 0, 0, -1000000, 0, 0, -1000000, 0] chain profiles 0 (states 0), maxw 0, DL_RC fails 0, key form fails 0; 9800 evals [1 s]
#   unit {"file": "k4_certs_5_pure.json.gz", "pos": 640} k4_certs_5_pure.json.gz#640[m=8,idx=369]: start [0, 0, 0, 0, -1000000, 0, 0, -1000000, 0] best [0, 0, 0, 0, -1000000, 0, 0, -1000000, 0] chain profiles 0 (states 0), maxw 0, DL_RC fails 0, key form fails 0; 9800 evals [1 s]
#   unit {"file": "k4_certs_5_pure.json.gz", "pos": 641} k4_certs_5_pure.json.gz#641[m=8,idx=370]: start [0, 0, 0, 0, -1000000, 0, 0, -1000000, 0] best [0, 0, 0, 0, -1000000, 0, 0, -1000000, 0] chain profiles 0 (states 0), maxw 0, DL_RC fails 0, key form fails 0; 9800 evals [1 s]
#   unit {"file": "k4_certs_5_pure.json.gz", "pos": 649} k4_certs_5_pure.json.gz#649[m=8,idx=378]: start [0, 0, 0, 0, -1000000, 0, 0, -1000000, 0] best [0, 0, 0, 0, -1000000, 0, 0, -1000000, 0] chain profiles 0 (states 0), maxw 0, DL_RC fails 0, key form fails 0; 9800 evals [1 s]
#   unit {"file": "k4_certs_5_pure.json.gz", "pos": 651} k4_certs_5_pure.json.gz#651[m=8,idx=380]: start [0, 0, 0, 0, -1000000, 0, 0, -1000000, 0] best [0, 0, 0, 0, -1000000, 0, 0, -1000000, 0] chain profiles 0 (states 0), maxw 0, DL_RC fails 0, key form fails 0; 9800 evals [1 s]
#   unit {"file": "k4_certs_5_pure.json.gz", "pos": 657} k4_certs_5_pure.json.gz#657[m=8,idx=386]: start [0, 0, 0, 0, -1000000, 0, 0, -1000000, 0] best [0, 0, 0, 0, -1000000, 0, 0, -1000000, 0] chain profiles 0 (states 0), maxw 0, DL_RC fails 0, key form fails 0; 9800 evals [1 s]
#   unit {"file": "k4_certs_5_pure.json.gz", "pos": 659} k4_certs_5_pure.json.gz#659[m=8,idx=388]: start [0, 0, 0, 0, -1000000, 0, 0, -1000000, 0] best [0, 0, 0, 0, -1000000, 0, 0, -1000000, 0] chain profiles 0 (states 0), maxw 0, DL_RC fails 0, key form fails 0; 9800 evals [1 s]
#   unit {"file": "k4_certs_5_pure.json.gz", "pos": 669} k4_certs_5_pure.json.gz#669[m=8,idx=398]: start [0, 0, 0, 0, -1000000, 0, 0, -1000000, 0] best [0, 0, 0, 0, -1000000, 0, 0, -1000000, 0] chain profiles 0 (states 0), maxw 0, DL_RC fails 0, key form fails 0; 9800 evals [1 s]
#   unit {"file": "k4_certs_5_pure.json.gz", "pos": 674} k4_certs_5_pure.json.gz#674[m=8,idx=403]: start [0, 0, 0, 0, -1000000, 0, 0, -1000000, 0] best [0, 0, 0, 0, -1000000, 0, 0, -1000000, 0] chain profiles 0 (states 0), maxw 0, DL_RC fails 0, key form fails 0; 9800 evals [1 s]
#   unit {"file": "k4_certs_5_pure.json.gz", "pos": 675} k4_certs_5_pure.json.gz#675[m=8,idx=404]: start [0, 0, 0, 0, -1000000, 0, 0, -1000000, 0] best [0, 0, 0, 0, -1000000, 0, 0, -1000000, 0] chain profiles 0 (states 0), maxw 0, DL_RC fails 0, key form fails 0; 9800 evals [1 s]
#   unit {"file": "k4_certs_5_pure.json.gz", "pos": 679} k4_certs_5_pure.json.gz#679[m=8,idx=408]: start [0, 0, 0, 0, -1000000, 0, 0, -1000000, 0] best [0, 0, 0, 0, -1000000, 0, 0, -1000000, 0] chain profiles 0 (states 0), maxw 0, DL_RC fails 0, key form fails 0; 9800 evals [1 s]
#   unit {"file": "k4_certs_5_pure.json.gz", "pos": 687} k4_certs_5_pure.json.gz#687[m=8,idx=416]: start [0, 0, 0, 0, -1000000, 0, 0, -1000000, 0] best [0, 0, 0, 0, -1000000, 0, 0, -1000000, 0] chain profiles 0 (states 0), maxw 0, DL_RC fails 0, key form fails 0; 9800 evals [1 s]
#   unit {"file": "k4_certs_5_pure.json.gz", "pos": 694} k4_certs_5_pure.json.gz#694[m=8,idx=423]: start [0, 0, 0, 0, -1000000, 0, 0, -1000000, 0] best [0, 0, 0, 0, -1000000, 0, 0, -1000000, 0] chain profiles 0 (states 0), maxw 0, DL_RC fails 0, key form fails 0; 9800 evals [1 s]
#   unit {"file": "k4_certs_5_pure.json.gz", "pos": 699} k4_certs_5_pure.json.gz#699[m=8,idx=428]: start [0, 0, 0, 0, -1000000, 0, 0, -1000000, 0] best [0, 0, 0, 0, -1000000, 0, 0, -1000000, 0] chain profiles 0 (states 0), maxw 0, DL_RC fails 0, key form fails 0; 9800 evals [1 s]
#   unit {"file": "k4_certs_5_pure.json.gz", "pos": 702} k4_certs_5_pure.json.gz#702[m=8,idx=431]: start [0, 0, 0, 0, -1000000, 0, 0, -1000000, 0] best [0, 0, 0, 0, -1000000, 0, 0, -1000000, 0] chain profiles 0 (states 0), maxw 0, DL_RC fails 0, key form fails 0; 9800 evals [1 s]
#   unit {"file": "k4_certs_5_pure.json.gz", "pos": 703} k4_certs_5_pure.json.gz#703[m=8,idx=432]: start [0, 0, 0, 0, -1000000, 0, 0, -1000000, 0] best [0, 0, 0, 0, -2, 0, 1, -24, 4] chain profiles 0 (states 0), maxw 0, DL_RC fails 0, key form fails 0; 9800 evals [1 s]
#   unit {"file": "k4_certs_5_pure.json.gz", "pos": 711} k4_certs_5_pure.json.gz#711[m=8,idx=440]: start [0, 0, 0, 0, -1000000, 0, 0, -1000000, 0] best [0, 0, 0, 0, -1000000, 0, 0, -1000000, 0] chain profiles 0 (states 0), maxw 0, DL_RC fails 0, key form fails 0; 9800 evals [1 s]
#   unit {"file": "k4_certs_5_pure.json.gz", "pos": 721} k4_certs_5_pure.json.gz#721[m=8,idx=450]: start [0, 0, 0, 0, -1000000, 0, 0, -1000000, 0] best [0, 0, 0, 0, -1000000, 0, 0, -1000000, 0] chain profiles 0 (states 0), maxw 0, DL_RC fails 0, key form fails 0; 9800 evals [1 s]
#   unit {"file": "k4_certs_5_pure.json.gz", "pos": 727} k4_certs_5_pure.json.gz#727[m=8,idx=456]: start [0, 0, 0, 0, -1000000, 0, 0, -1000000, 0] best [0, 0, 0, 0, -1000000, 0, 0, -1000000, 0] chain profiles 0 (states 0), maxw 0, DL_RC fails 0, key form fails 0; 9800 evals [1 s]
#   unit {"file": "k4_certs_5_pure.json.gz", "pos": 728} k4_certs_5_pure.json.gz#728[m=8,idx=457]: start [0, 0, 0, 0, -1000000, 0, 0, -1000000, 0] best [0, 0, 0, 0, -1000000, 0, 0, -1000000, 0] chain profiles 0 (states 0), maxw 0, DL_RC fails 0, key form fails 0; 9800 evals [1 s]
#   unit {"file": "k4_certs_5_pure.json.gz", "pos": 729} k4_certs_5_pure.json.gz#729[m=8,idx=458]: start [0, 0, 0, 0, -1000000, 0, 0, -1000000, 0] best [0, 0, 0, 0, -1000000, 0, 0, -1000000, 0] chain profiles 0 (states 0), maxw 0, DL_RC fails 0, key form fails 0; 9800 evals [1 s]
#   unit {"file": "k4_certs_5_pure.json.gz", "pos": 730} k4_certs_5_pure.json.gz#730[m=8,idx=459]: start [0, 0, 0, 0, -1000000, 0, 0, -1000000, 0] best [0, 0, 0, 0, -1000000, 0, 0, -1000000, 0] chain profiles 0 (states 0), maxw 0, DL_RC fails 0, key form fails 0; 9800 evals [1 s]
#   unit {"file": "k4_certs_5_pure.json.gz", "pos": 739} k4_certs_5_pure.json.gz#739[m=8,idx=468]: start [0, 0, 0, 0, -1000000, 0, 0, -1000000, 0] best [0, 0, 0, 0, -1000000, 0, 0, -1000000, 0] chain profiles 0 (states 0), maxw 0, DL_RC fails 0, key form fails 0; 9800 evals [1 s]
#   unit {"file": "k4_certs_5_pure.json.gz", "pos": 741} k4_certs_5_pure.json.gz#741[m=8,idx=470]: start [0, 0, 0, 0, -1000000, 0, 0, -1000000, 0] best [0, 0, 0, 0, -1000000, 0, 0, -1000000, 0] chain profiles 0 (states 0), maxw 0, DL_RC fails 0, key form fails 0; 9800 evals [1 s]
#   unit {"file": "k4_certs_5_pure.json.gz", "pos": 743} k4_certs_5_pure.json.gz#743[m=8,idx=472]: start [0, 0, 0, 0, -1000000, 0, 0, -1000000, 0] best [0, 0, 0, 0, -1000000, 0, 0, -1000000, 0] chain profiles 0 (states 0), maxw 0, DL_RC fails 0, key form fails 0; 9800 evals [1 s]
#   unit {"file": "k4_certs_5_pure.json.gz", "pos": 745} k4_certs_5_pure.json.gz#745[m=8,idx=474]: start [0, 0, 0, 0, -1000000, 0, 0, -1000000, 0] best [0, 0, 0, 0, -1000000, 0, 0, -1000000, 0] chain profiles 0 (states 0), maxw 0, DL_RC fails 0, key form fails 0; 9800 evals [1 s]
#   unit {"file": "k4_certs_5_pure.json.gz", "pos": 746} k4_certs_5_pure.json.gz#746[m=8,idx=475]: start [0, 0, 0, 0, -1000000, 0, 0, -1000000, 0] best [0, 0, 0, 0, -2, 0, 2, -14, 9] chain profiles 0 (states 0), maxw 0, DL_RC fails 0, key form fails 0; 9800 evals [2 s]
#   unit {"file": "k4_certs_5_pure.json.gz", "pos": 748} k4_certs_5_pure.json.gz#748[m=8,idx=477]: start [0, 0, 0, 0, -1000000, 0, 0, -1000000, 0] best [0, 0, 0, 0, -1000000, 0, 0, -1000000, 0] chain profiles 0 (states 0), maxw 0, DL_RC fails 0, key form fails 0; 9800 evals [1 s]
#   unit {"file": "k4_certs_5_pure.json.gz", "pos": 751} k4_certs_5_pure.json.gz#751[m=8,idx=480]: start [0, 0, 0, 0, -1000000, 0, 0, -1000000, 0] best [0, 0, 0, 0, -1000000, 0, 0, -1000000, 0] chain profiles 0 (states 0), maxw 0, DL_RC fails 0, key form fails 0; 9800 evals [1 s]
#   unit {"file": "k4_certs_5_pure.json.gz", "pos": 752} k4_certs_5_pure.json.gz#752[m=8,idx=481]: start [0, 0, 0, 0, -1000000, 0, 0, -1000000, 0] best [0, 0, 0, 0, -1, 0, 2, -17, 4] chain profiles 0 (states 0), maxw 0, DL_RC fails 0, key form fails 0; 9800 evals [1 s]
#   unit {"file": "k4_certs_5_pure.json.gz", "pos": 755} k4_certs_5_pure.json.gz#755[m=8,idx=484]: start [0, 0, 0, 0, -1000000, 0, 0, -1000000, 0] best [0, 0, 0, 0, -1000000, 0, 0, -1000000, 0] chain profiles 0 (states 0), maxw 0, DL_RC fails 0, key form fails 0; 9800 evals [1 s]
#   unit {"file": "k4_certs_5_pure.json.gz", "pos": 753} k4_certs_5_pure.json.gz#753[m=8,idx=482]: start [0, 0, 0, 0, -1000000, 0, 0, -1000000, 0] best [0, 0, 0, 0, -1000000, 0, 0, -1000000, 0] chain profiles 0 (states 0), maxw 0, DL_RC fails 0, key form fails 0; 9800 evals [1 s]
#   unit {"file": "k4_certs_5_pure.json.gz", "pos": 764} k4_certs_5_pure.json.gz#764[m=8,idx=493]: start [0, 0, 0, 0, -1000000, 0, 0, -1000000, 0] best [0, 0, 0, 0, -1000000, 0, 0, -1000000, 0] chain profiles 0 (states 0), maxw 0, DL_RC fails 0, key form fails 0; 9800 evals [1 s]
#   unit {"file": "k4_certs_5_pure.json.gz", "pos": 770} k4_certs_5_pure.json.gz#770[m=8,idx=499]: start [0, 0, 0, 0, -1000000, 0, 0, -1000000, 0] best [0, 0, 0, 0, -1000000, 0, 0, -1000000, 0] chain profiles 0 (states 0), maxw 0, DL_RC fails 0, key form fails 0; 9800 evals [2 s]
#   unit {"file": "k4_certs_5_pure.json.gz", "pos": 772} k4_certs_5_pure.json.gz#772[m=8,idx=501]: start [0, 0, 0, 0, -1000000, 0, 0, -1000000, 0] best [0, 0, 0, 0, -1000000, 0, 0, -1000000, 0] chain profiles 0 (states 0), maxw 0, DL_RC fails 0, key form fails 0; 9800 evals [2 s]
#   unit {"file": "k4_certs_5_pure.json.gz", "pos": 771} k4_certs_5_pure.json.gz#771[m=8,idx=500]: start [0, 0, 0, 0, -1000000, 0, 0, -1000000, 0] best [0, 0, 0, 0, -1000000, 0, 0, -1000000, 0] chain profiles 0 (states 0), maxw 0, DL_RC fails 0, key form fails 0; 9800 evals [2 s]
#   unit {"file": "k4_certs_5_pure.json.gz", "pos": 777} k4_certs_5_pure.json.gz#777[m=8,idx=506]: start [0, 0, 0, 0, -1000000, 0, 0, -1000000, 0] best [0, 0, 0, 0, -1000000, 0, 0, -1000000, 0] chain profiles 0 (states 0), maxw 0, DL_RC fails 0, key form fails 0; 9800 evals [2 s]
#   unit {"file": "k4_certs_5_pure.json.gz", "pos": 778} k4_certs_5_pure.json.gz#778[m=8,idx=507]: start [0, 0, 0, 0, -1000000, 0, 0, -1000000, 0] best [0, 0, 0, 0, -1000000, 0, 0, -1000000, 0] chain profiles 0 (states 0), maxw 0, DL_RC fails 0, key form fails 0; 9800 evals [1 s]
#   unit {"file": "k4_certs_5_pure.json.gz", "pos": 780} k4_certs_5_pure.json.gz#780[m=8,idx=509]: start [0, 0, 0, 0, -1000000, 0, 0, -1000000, 0] best [0, 0, 0, 0, -1000000, 0, 0, -1000000, 0] chain profiles 0 (states 0), maxw 0, DL_RC fails 0, key form fails 0; 9800 evals [1 s]
#   unit {"file": "k4_certs_5_pure.json.gz", "pos": 785} k4_certs_5_pure.json.gz#785[m=8,idx=514]: start [0, 0, 0, 0, -1000000, 0, 0, -1000000, 0] best [0, 0, 0, 0, -1000000, 0, 0, -1000000, 0] chain profiles 0 (states 0), maxw 0, DL_RC fails 0, key form fails 0; 9800 evals [1 s]
#   unit {"file": "k4_certs_5_pure.json.gz", "pos": 790} k4_certs_5_pure.json.gz#790[m=8,idx=519]: start [0, 0, 0, 0, -1000000, 0, 0, -1000000, 0] best [0, 0, 0, 0, -1000000, 0, 0, -1000000, 0] chain profiles 0 (states 0), maxw 0, DL_RC fails 0, key form fails 0; 9800 evals [1 s]
#   unit {"file": "k4_certs_5_pure.json.gz", "pos": 791} k4_certs_5_pure.json.gz#791[m=8,idx=520]: start [0, 0, 0, 0, -1000000, 0, 0, -1000000, 0] best [0, 0, 0, 0, -1000000, 0, 0, -1000000, 0] chain profiles 0 (states 0), maxw 0, DL_RC fails 0, key form fails 0; 9800 evals [1 s]
#   unit {"file": "k4_certs_5_pure.json.gz", "pos": 802} k4_certs_5_pure.json.gz#802[m=8,idx=531]: start [0, 0, 0, 0, -1000000, 0, 0, -1000000, 0] best [0, 0, 0, 0, -1000000, 0, 0, -1000000, 0] chain profiles 0 (states 0), maxw 0, DL_RC fails 0, key form fails 0; 9800 evals [1 s]
#   unit {"file": "k4_certs_5_pure.json.gz", "pos": 792} k4_certs_5_pure.json.gz#792[m=8,idx=521]: start [0, 0, 0, 0, -1000000, 0, 0, -1000000, 0] best [0, 0, 0, 0, -1000000, 0, 0, -1000000, 0] chain profiles 0 (states 0), maxw 0, DL_RC fails 0, key form fails 0; 9800 evals [1 s]
#   unit {"file": "k4_certs_5_pure.json.gz", "pos": 803} k4_certs_5_pure.json.gz#803[m=8,idx=532]: start [0, 0, 0, 0, -1000000, 0, 0, -1000000, 0] best [0, 0, 0, 0, -1000000, 0, 0, -1000000, 0] chain profiles 0 (states 0), maxw 0, DL_RC fails 0, key form fails 0; 9800 evals [1 s]
#   unit {"file": "k4_certs_5_pure.json.gz", "pos": 804} k4_certs_5_pure.json.gz#804[m=8,idx=533]: start [0, 0, 0, 0, -1000000, 0, 0, -1000000, 0] best [0, 0, 0, 0, -1000000, 0, 0, -1000000, 0] chain profiles 0 (states 0), maxw 0, DL_RC fails 0, key form fails 0; 9800 evals [1 s]
#   unit {"file": "k4_certs_5_pure.json.gz", "pos": 808} k4_certs_5_pure.json.gz#808[m=8,idx=537]: start [0, 0, 0, 0, -1000000, 0, 0, -1000000, 0] best [0, 0, 0, 0, -1000000, 0, 0, -1000000, 0] chain profiles 0 (states 0), maxw 0, DL_RC fails 0, key form fails 0; 9800 evals [1 s]
#   unit {"file": "k4_certs_5_pure.json.gz", "pos": 813} k4_certs_5_pure.json.gz#813[m=8,idx=542]: start [0, 0, 0, 0, -1000000, 0, 0, -1000000, 0] best [0, 0, 0, 0, -1000000, 0, 0, -1000000, 0] chain profiles 0 (states 0), maxw 0, DL_RC fails 0, key form fails 0; 9800 evals [1 s]
#   unit {"file": "k4_certs_5_pure.json.gz", "pos": 814} k4_certs_5_pure.json.gz#814[m=8,idx=543]: start [0, 0, 0, 0, -1000000, 0, 0, -1000000, 0] best [0, 0, 0, 0, -1000000, 0, 0, -1000000, 0] chain profiles 0 (states 0), maxw 0, DL_RC fails 0, key form fails 0; 9800 evals [1 s]
#   unit {"file": "k4_certs_5_pure.json.gz", "pos": 817} k4_certs_5_pure.json.gz#817[m=8,idx=546]: start [0, 0, 0, 0, -1000000, 0, 0, -1000000, 0] best [0, 0, 0, 0, -1000000, 0, 0, -1000000, 0] chain profiles 0 (states 0), maxw 0, DL_RC fails 0, key form fails 0; 9800 evals [1 s]
#   unit {"file": "k4_certs_5_pure.json.gz", "pos": 821} k4_certs_5_pure.json.gz#821[m=8,idx=550]: start [0, 0, 0, 0, -1000000, 0, 0, -1000000, 0] best [0, 0, 0, 0, -1000000, 0, 0, -1000000, 0] chain profiles 0 (states 0), maxw 0, DL_RC fails 0, key form fails 0; 9800 evals [1 s]
#   unit {"file": "k4_certs_5_pure.json.gz", "pos": 824} k4_certs_5_pure.json.gz#824[m=8,idx=553]: start [0, 0, 0, 0, -1000000, 0, 0, -1000000, 0] best [0, 0, 0, 0, -1000000, 0, 0, -1000000, 0] chain profiles 0 (states 0), maxw 0, DL_RC fails 0, key form fails 0; 9800 evals [1 s]
#   unit {"file": "k4_certs_5_pure.json.gz", "pos": 830} k4_certs_5_pure.json.gz#830[m=8,idx=559]: start [0, 0, 0, 0, -1000000, 0, 0, -1000000, 0] best [0, 0, 0, 0, -1000000, 0, 0, -1000000, 0] chain profiles 0 (states 0), maxw 0, DL_RC fails 0, key form fails 0; 9800 evals [1 s]
#   unit {"file": "k4_certs_5_pure.json.gz", "pos": 834} k4_certs_5_pure.json.gz#834[m=8,idx=563]: start [0, 0, 0, 0, -1000000, 0, 0, -1000000, 0] best [0, 0, 0, 0, -1, 0, 1, -21, 2] chain profiles 0 (states 0), maxw 0, DL_RC fails 0, key form fails 0; 9800 evals [1 s]
#   unit {"file": "k4_certs_5_pure.json.gz", "pos": 836} k4_certs_5_pure.json.gz#836[m=8,idx=565]: start [0, 0, 0, 0, -1000000, 0, 0, -1000000, 0] best [0, 0, 0, 0, -1000000, 0, 0, -1000000, 0] chain profiles 0 (states 0), maxw 0, DL_RC fails 0, key form fails 0; 9800 evals [1 s]
#   unit {"file": "k4_certs_5_pure.json.gz", "pos": 837} k4_certs_5_pure.json.gz#837[m=8,idx=566]: start [0, 0, 0, 0, -1000000, 0, 0, -1000000, 0] best [0, 0, 0, 0, -1000000, 0, 0, -1000000, 0] chain profiles 0 (states 0), maxw 0, DL_RC fails 0, key form fails 0; 9800 evals [1 s]
#   unit {"file": "k4_certs_5_pure.json.gz", "pos": 839} k4_certs_5_pure.json.gz#839[m=8,idx=568]: start [0, 0, 0, 0, -1000000, 0, 0, -1000000, 0] best [0, 0, 0, 0, -1000000, 0, 0, -1000000, 0] chain profiles 0 (states 0), maxw 0, DL_RC fails 0, key form fails 0; 9800 evals [1 s]
#   unit {"file": "k4_certs_5_pure.json.gz", "pos": 845} k4_certs_5_pure.json.gz#845[m=8,idx=574]: start [0, 0, 0, 0, -1000000, 0, 0, -1000000, 0] best [0, 0, 0, 0, -1000000, 0, 0, -1000000, 0] chain profiles 0 (states 0), maxw 0, DL_RC fails 0, key form fails 0; 9800 evals [1 s]
#   unit {"file": "k4_certs_5_pure.json.gz", "pos": 846} k4_certs_5_pure.json.gz#846[m=8,idx=575]: start [0, 0, 0, 0, -1000000, 0, 0, -1000000, 0] best [0, 0, 0, 0, -1000000, 0, 0, -1000000, 0] chain profiles 0 (states 0), maxw 0, DL_RC fails 0, key form fails 0; 9800 evals [1 s]
#   unit {"file": "k4_certs_5_pure.json.gz", "pos": 847} k4_certs_5_pure.json.gz#847[m=8,idx=576]: start [0, 0, 0, 0, -1000000, 0, 0, -1000000, 0] best [0, 0, 0, 0, -1000000, 0, 0, -1000000, 0] chain profiles 0 (states 0), maxw 0, DL_RC fails 0, key form fails 0; 9800 evals [1 s]
#   unit {"file": "k4_certs_5_pure.json.gz", "pos": 848} k4_certs_5_pure.json.gz#848[m=8,idx=577]: start [0, 0, 0, 0, -1000000, 0, 0, -1000000, 0] best [0, 0, 0, 0, -1000000, 0, 0, -1000000, 0] chain profiles 0 (states 0), maxw 0, DL_RC fails 0, key form fails 0; 9800 evals [1 s]
#   unit {"file": "k4_certs_5_pure.json.gz", "pos": 852} k4_certs_5_pure.json.gz#852[m=8,idx=581]: start [0, 0, 0, 0, -1000000, 0, 0, -1000000, 0] best [0, 0, 0, 0, -1000000, 0, 0, -1000000, 0] chain profiles 0 (states 0), maxw 0, DL_RC fails 0, key form fails 0; 9800 evals [1 s]
#   unit {"file": "k4_certs_5_pure.json.gz", "pos": 855} k4_certs_5_pure.json.gz#855[m=8,idx=584]: start [0, 0, 0, 0, -1000000, 0, 0, -1000000, 0] best [0, 0, 0, 0, -1000000, 0, 0, -1000000, 0] chain profiles 0 (states 0), maxw 0, DL_RC fails 0, key form fails 0; 9800 evals [1 s]
#   unit {"file": "k4_certs_5_pure.json.gz", "pos": 853} k4_certs_5_pure.json.gz#853[m=8,idx=582]: start [0, 0, 0, 0, -1000000, 0, 0, -1000000, 0] best [0, 0, 0, 0, -1000000, 0, 0, -1000000, 0] chain profiles 0 (states 0), maxw 0, DL_RC fails 0, key form fails 0; 9800 evals [1 s]
#   unit {"file": "k4_certs_5_pure.json.gz", "pos": 856} k4_certs_5_pure.json.gz#856[m=8,idx=585]: start [0, 0, 0, 0, -1000000, 0, 0, -1000000, 0] best [0, 0, 0, 0, -1000000, 0, 0, -1000000, 0] chain profiles 0 (states 0), maxw 0, DL_RC fails 0, key form fails 0; 9800 evals [1 s]
#   unit {"file": "k4_certs_5_pure.json.gz", "pos": 858} k4_certs_5_pure.json.gz#858[m=8,idx=587]: start [0, 0, 0, 0, -1000000, 0, 0, -1000000, 0] best [0, 0, 0, 0, -1000000, 0, 0, -1000000, 0] chain profiles 0 (states 0), maxw 0, DL_RC fails 0, key form fails 0; 9800 evals [1 s]
#   unit {"file": "k4_certs_5_pure.json.gz", "pos": 863} k4_certs_5_pure.json.gz#863[m=8,idx=592]: start [0, 0, 0, 0, -1000000, 0, 0, -1000000, 0] best [0, 0, 0, 0, -1000000, 0, 0, -1000000, 0] chain profiles 0 (states 0), maxw 0, DL_RC fails 0, key form fails 0; 9800 evals [1 s]
#   unit {"file": "k4_certs_5_pure.json.gz", "pos": 865} k4_certs_5_pure.json.gz#865[m=8,idx=594]: start [0, 0, 0, 0, -1000000, 0, 0, -1000000, 0] best [0, 0, 0, 0, -1000000, 0, 0, -1000000, 0] chain profiles 0 (states 0), maxw 0, DL_RC fails 0, key form fails 0; 9800 evals [1 s]
#   unit {"file": "k4_certs_5_pure.json.gz", "pos": 868} k4_certs_5_pure.json.gz#868[m=8,idx=597]: start [0, 0, 0, 0, -1000000, 0, 0, -1000000, 0] best [0, 0, 0, 0, -1000000, 0, 0, -1000000, 0] chain profiles 0 (states 0), maxw 0, DL_RC fails 0, key form fails 0; 9800 evals [1 s]
#   unit {"file": "k4_certs_5_pure.json.gz", "pos": 872} k4_certs_5_pure.json.gz#872[m=8,idx=601]: start [0, 0, 0, 0, -1000000, 0, 0, -1000000, 0] best [0, 0, 0, 0, -1000000, 0, 0, -1000000, 0] chain profiles 0 (states 0), maxw 0, DL_RC fails 0, key form fails 0; 9800 evals [2 s]
#   unit {"file": "k4_certs_5_pure.json.gz", "pos": 873} k4_certs_5_pure.json.gz#873[m=8,idx=602]: start [0, 0, 0, 0, -1000000, 0, 0, -1000000, 0] best [0, 0, 0, 0, -1000000, 0, 0, -1000000, 0] chain profiles 0 (states 0), maxw 0, DL_RC fails 0, key form fails 0; 9800 evals [1 s]
#   unit {"file": "k4_certs_5_pure.json.gz", "pos": 874} k4_certs_5_pure.json.gz#874[m=8,idx=603]: start [0, 0, 0, 0, -1000000, 0, 0, -1000000, 0] best [0, 0, 0, 0, -1000000, 0, 0, -1000000, 0] chain profiles 0 (states 0), maxw 0, DL_RC fails 0, key form fails 0; 9800 evals [1 s]
#   unit {"file": "k4_certs_5_pure.json.gz", "pos": 877} k4_certs_5_pure.json.gz#877[m=8,idx=606]: start [0, 0, 0, 0, -1000000, 0, 0, -1000000, 0] best [0, 0, 0, 0, -1000000, 0, 0, -1000000, 0] chain profiles 0 (states 0), maxw 0, DL_RC fails 0, key form fails 0; 9800 evals [1 s]
#   unit {"file": "k4_certs_5_pure.json.gz", "pos": 878} k4_certs_5_pure.json.gz#878[m=8,idx=607]: start [0, 0, 0, 0, -1000000, 0, 0, -1000000, 0] best [0, 0, 0, 0, -1000000, 0, 0, -1000000, 0] chain profiles 0 (states 0), maxw 0, DL_RC fails 0, key form fails 0; 9800 evals [1 s]
#   unit {"file": "k4_certs_5_pure.json.gz", "pos": 879} k4_certs_5_pure.json.gz#879[m=8,idx=608]: start [0, 0, 0, 0, -1000000, 0, 0, -1000000, 0] best [0, 0, 0, 0, -1000000, 0, 0, -1000000, 0] chain profiles 0 (states 0), maxw 0, DL_RC fails 0, key form fails 0; 9800 evals [1 s]
#   unit {"file": "k4_certs_5_pure.json.gz", "pos": 880} k4_certs_5_pure.json.gz#880[m=8,idx=609]: start [0, 0, 0, 0, -1000000, 0, 0, -1000000, 0] best [0, 0, 0, 0, -3, 0, 1, -15, 1] chain profiles 0 (states 0), maxw 0, DL_RC fails 0, key form fails 0; 9800 evals [2 s]
#   unit {"file": "k4_certs_5_pure.json.gz", "pos": 882} k4_certs_5_pure.json.gz#882[m=8,idx=611]: start [0, 0, 0, 0, -1000000, 0, 0, -1000000, 0] best [0, 0, 0, 0, -1000000, 0, 0, -1000000, 0] chain profiles 0 (states 0), maxw 0, DL_RC fails 0, key form fails 0; 9800 evals [1 s]
#   unit {"file": "k4_certs_5_pure.json.gz", "pos": 883} k4_certs_5_pure.json.gz#883[m=8,idx=612]: start [0, 0, 0, 0, -1000000, 0, 0, -1000000, 0] best [0, 0, 0, 0, -1000000, 0, 0, -1000000, 0] chain profiles 0 (states 0), maxw 0, DL_RC fails 0, key form fails 0; 9800 evals [1 s]
#   unit {"file": "k4_certs_5_pure.json.gz", "pos": 885} k4_certs_5_pure.json.gz#885[m=8,idx=614]: start [0, 0, 0, 0, -1000000, 0, 0, -1000000, 0] best [0, 0, 0, 0, -2, 0, 1, -30, 2] chain profiles 0 (states 0), maxw 0, DL_RC fails 0, key form fails 0; 9800 evals [1 s]
#   unit {"file": "k4_certs_5_pure.json.gz", "pos": 888} k4_certs_5_pure.json.gz#888[m=8,idx=617]: start [0, 0, 0, 0, -1000000, 0, 0, -1000000, 0] best [0, 0, 0, 0, -1000000, 0, 0, -1000000, 0] chain profiles 0 (states 0), maxw 0, DL_RC fails 0, key form fails 0; 9800 evals [1 s]
#   unit {"file": "k4_certs_5_pure.json.gz", "pos": 889} k4_certs_5_pure.json.gz#889[m=8,idx=618]: start [0, 0, 0, 0, -1000000, 0, 0, -1000000, 0] best [0, 0, 0, 0, -1000000, 0, 0, -1000000, 0] chain profiles 0 (states 0), maxw 0, DL_RC fails 0, key form fails 0; 9800 evals [1 s]
#   unit {"file": "k4_certs_5_pure.json.gz", "pos": 893} k4_certs_5_pure.json.gz#893[m=8,idx=622]: start [0, 0, 0, 0, -1000000, 0, 0, -1000000, 0] best [0, 0, 0, 0, -1000000, 0, 0, -1000000, 0] chain profiles 0 (states 0), maxw 0, DL_RC fails 0, key form fails 0; 9800 evals [2 s]
#   unit {"file": "k4_certs_5_pure.json.gz", "pos": 897} k4_certs_5_pure.json.gz#897[m=8,idx=626]: start [0, 0, 0, 0, -1000000, 0, 0, -1000000, 0] best [0, 0, 0, 0, -3, 0, 1, -27, 2] chain profiles 0 (states 0), maxw 0, DL_RC fails 0, key form fails 0; 9800 evals [2 s]
#   unit {"file": "k4_certs_5_pure.json.gz", "pos": 902} k4_certs_5_pure.json.gz#902[m=8,idx=631]: start [0, 0, 0, 0, -1000000, 0, 0, -1000000, 0] best [0, 0, 0, 0, -1000000, 0, 0, -1000000, 0] chain profiles 0 (states 0), maxw 0, DL_RC fails 0, key form fails 0; 9800 evals [1 s]
#   unit {"file": "k4_certs_5_pure.json.gz", "pos": 904} k4_certs_5_pure.json.gz#904[m=8,idx=633]: start [0, 0, 0, 0, -1000000, 0, 0, -1000000, 0] best [0, 0, 0, 0, -1000000, 0, 0, -1000000, 0] chain profiles 0 (states 0), maxw 0, DL_RC fails 0, key form fails 0; 9800 evals [1 s]
#   unit {"file": "k4_certs_5_pure.json.gz", "pos": 924} k4_certs_5_pure.json.gz#924[m=8,idx=653]: start [0, 0, 0, 0, -1000000, 0, 0, -1000000, 0] best [0, 0, 0, 0, -1000000, 0, 0, -1000000, 0] chain profiles 0 (states 0), maxw 0, DL_RC fails 0, key form fails 0; 9800 evals [1 s]
#   unit {"file": "k4_certs_5_pure.json.gz", "pos": 927} k4_certs_5_pure.json.gz#927[m=9,idx=0]: start [0, 0, 0, 0, -1000000, 0, 0, -1000000, 0] best [0, 0, 0, 0, -1000000, 0, 0, -1000000, 0] chain profiles 0 (states 0), maxw 0, DL_RC fails 0, key form fails 0; 9800 evals [2 s]
#   unit {"file": "k4_certs_5_pure.json.gz", "pos": 925} k4_certs_5_pure.json.gz#925[m=8,idx=654]: start [0, 0, 0, 0, -1000000, 0, 0, -1000000, 0] best [0, 0, 0, 0, -1000000, 0, 0, -1000000, 0] chain profiles 0 (states 0), maxw 0, DL_RC fails 0, key form fails 0; 9800 evals [2 s]
#   unit {"file": "k4_certs_5_pure.json.gz", "pos": 928} k4_certs_5_pure.json.gz#928[m=9,idx=1]: start [0, 0, 0, 0, -1000000, 0, 0, -1000000, 0] best [0, 0, 0, 0, -1, 0, 1, -10, 4] chain profiles 0 (states 0), maxw 0, DL_RC fails 0, key form fails 0; 9800 evals [2 s]
#   unit {"file": "k4_certs_5_pure.json.gz", "pos": 929} k4_certs_5_pure.json.gz#929[m=9,idx=2]: start [0, 0, 0, 0, -1000000, 0, 0, -1000000, 0] best [0, 0, 0, 0, -1, 0, 1, -10, 8] chain profiles 0 (states 0), maxw 0, DL_RC fails 0, key form fails 0; 9800 evals [2 s]
#   unit {"file": "k4_certs_5_pure.json.gz", "pos": 941} k4_certs_5_pure.json.gz#941[m=9,idx=14]: start [0, 0, 0, 0, -1000000, 0, 0, -1000000, 0] best [0, 0, 0, 0, -1000000, 0, 0, -1000000, 0] chain profiles 0 (states 0), maxw 0, DL_RC fails 0, key form fails 0; 9800 evals [1 s]
#   unit {"file": "k4_certs_5_pure.json.gz", "pos": 934} k4_certs_5_pure.json.gz#934[m=9,idx=7]: start [0, 0, 0, 0, -1000000, 0, 0, -1000000, 0] best [0, 0, 0, 0, -2, 0, 1, -10, 2] chain profiles 0 (states 0), maxw 0, DL_RC fails 0, key form fails 0; 9800 evals [2 s]
#   unit {"file": "k4_certs_5_pure.json.gz", "pos": 946} k4_certs_5_pure.json.gz#946[m=9,idx=19]: start [0, 0, 0, 0, -1000000, 0, 0, -1000000, 0] best [0, 0, 0, 0, -2, 0, 2, -17, 5] chain profiles 0 (states 0), maxw 0, DL_RC fails 0, key form fails 0; 9800 evals [2 s]
#   unit {"file": "k4_certs_5_pure.json.gz", "pos": 948} k4_certs_5_pure.json.gz#948[m=9,idx=21]: start [0, 0, 0, 0, -1000000, 0, 0, -1000000, 0] best [0, 0, 0, 0, -1000000, 0, 0, -1000000, 0] chain profiles 0 (states 0), maxw 0, DL_RC fails 0, key form fails 0; 9800 evals [1 s]
#   unit {"file": "k4_certs_5_pure.json.gz", "pos": 950} k4_certs_5_pure.json.gz#950[m=9,idx=23]: start [0, 0, 0, 0, -1000000, 0, 0, -1000000, 0] best [0, 0, 0, 0, -1000000, 0, 0, -1000000, 0] chain profiles 0 (states 0), maxw 0, DL_RC fails 0, key form fails 0; 9800 evals [2 s]
#   unit {"file": "k4_certs_5_pure.json.gz", "pos": 954} k4_certs_5_pure.json.gz#954[m=9,idx=27]: start [0, 0, 0, 0, -1000000, 0, 0, -1000000, 0] best [0, 0, 0, 0, -1000000, 0, 0, -1000000, 0] chain profiles 0 (states 0), maxw 0, DL_RC fails 0, key form fails 0; 9800 evals [1 s]
#   unit {"file": "k4_certs_5_pure.json.gz", "pos": 956} k4_certs_5_pure.json.gz#956[m=9,idx=29]: start [0, 0, 0, 0, -1000000, 0, 0, -1000000, 0] best [0, 0, 0, 0, -1000000, 0, 0, -1000000, 0] chain profiles 0 (states 0), maxw 0, DL_RC fails 0, key form fails 0; 9800 evals [1 s]
#   unit {"file": "k4_certs_5_pure.json.gz", "pos": 955} k4_certs_5_pure.json.gz#955[m=9,idx=28]: start [0, 0, 0, 0, -1000000, 0, 0, -1000000, 0] best [0, 0, 0, 0, -2, 0, 1, -15, 2] chain profiles 0 (states 0), maxw 0, DL_RC fails 0, key form fails 0; 9800 evals [2 s]
#   unit {"file": "k4_certs_5_pure.json.gz", "pos": 958} k4_certs_5_pure.json.gz#958[m=9,idx=31]: start [0, 0, 0, 0, -1000000, 0, 0, -1000000, 0] best [0, 0, 0, 0, -1000000, 0, 0, -1000000, 0] chain profiles 0 (states 0), maxw 0, DL_RC fails 0, key form fails 0; 9800 evals [2 s]
#   unit {"file": "k4_certs_5_pure.json.gz", "pos": 960} k4_certs_5_pure.json.gz#960[m=9,idx=33]: start [0, 0, 0, 0, -1000000, 0, 0, -1000000, 0] best [0, 0, 0, 0, -1000000, 0, 0, -1000000, 0] chain profiles 0 (states 0), maxw 0, DL_RC fails 0, key form fails 0; 9800 evals [1 s]
#   unit {"file": "k4_certs_5_pure.json.gz", "pos": 961} k4_certs_5_pure.json.gz#961[m=9,idx=34]: start [0, 0, 0, 0, -1000000, 0, 0, -1000000, 0] best [0, 0, 0, 0, -1000000, 0, 0, -1000000, 0] chain profiles 0 (states 0), maxw 0, DL_RC fails 0, key form fails 0; 9800 evals [1 s]
#   unit {"file": "k4_certs_5_pure.json.gz", "pos": 963} k4_certs_5_pure.json.gz#963[m=9,idx=36]: start [0, 0, 0, 0, -1000000, 0, 0, -1000000, 0] best [0, 0, 0, 0, -2, 0, 1, -12, 2] chain profiles 0 (states 0), maxw 0, DL_RC fails 0, key form fails 0; 9800 evals [2 s]
#   unit {"file": "k4_certs_5_pure.json.gz", "pos": 970} k4_certs_5_pure.json.gz#970[m=9,idx=43]: start [0, 0, 0, 0, -1000000, 0, 0, -1000000, 0] best [0, 0, 0, 0, -3, 0, 1, -8, 4] chain profiles 0 (states 0), maxw 0, DL_RC fails 0, key form fails 0; 9800 evals [2 s]
#   unit {"file": "k4_certs_5_pure.json.gz", "pos": 967} k4_certs_5_pure.json.gz#967[m=9,idx=40]: start [0, 0, 0, 0, -1000000, 0, 0, -1000000, 0] best [0, 0, 0, 0, -3, 0, 1, -12, 3] chain profiles 0 (states 0), maxw 0, DL_RC fails 0, key form fails 0; 9800 evals [2 s]
#   unit {"file": "k4_certs_5_pure.json.gz", "pos": 978} k4_certs_5_pure.json.gz#978[m=9,idx=51]: start [0, 0, 0, 0, -1000000, 0, 0, -1000000, 0] best [0, 0, 0, 0, -1000000, 0, 0, -1000000, 0] chain profiles 0 (states 0), maxw 0, DL_RC fails 0, key form fails 0; 9800 evals [1 s]
#   unit {"file": "k4_certs_5_pure.json.gz", "pos": 991} k4_certs_5_pure.json.gz#991[m=9,idx=64]: start [0, 0, 0, 0, -1000000, 0, 0, -1000000, 0] best [0, 0, 0, 0, -2, 0, 2, -13, 11] chain profiles 0 (states 0), maxw 0, DL_RC fails 0, key form fails 0; 9800 evals [2 s]
#   unit {"file": "k4_certs_5_pure.json.gz", "pos": 994} k4_certs_5_pure.json.gz#994[m=9,idx=67]: start [0, 0, 0, 0, -1000000, 0, 0, -1000000, 0] best [0, 0, 0, 0, -2, 0, 2, -13, 10] chain profiles 0 (states 0), maxw 0, DL_RC fails 0, key form fails 0; 9800 evals [2 s]
#   unit {"file": "k4_certs_5_pure.json.gz", "pos": 1000} k4_certs_5_pure.json.gz#1000[m=9,idx=73]: start [0, 0, 0, 0, -1000000, 0, 0, -1000000, 0] best [0, 0, 0, 0, -1000000, 0, 0, -1000000, 0] chain profiles 0 (states 0), maxw 0, DL_RC fails 0, key form fails 0; 9800 evals [1 s]
#   unit {"file": "k4_certs_5_pure.json.gz", "pos": 997} k4_certs_5_pure.json.gz#997[m=9,idx=70]: start [0, 0, 0, 0, -1000000, 0, 0, -1000000, 0] best [0, 0, 0, 0, -3, 0, 1, -39, 2] chain profiles 0 (states 0), maxw 0, DL_RC fails 0, key form fails 0; 9800 evals [2 s]
#   unit {"file": "k4_certs_5_pure.json.gz", "pos": 1002} k4_certs_5_pure.json.gz#1002[m=9,idx=75]: start [0, 0, 0, 0, -1000000, 0, 0, -1000000, 0] best [0, 0, 0, 0, -2, 0, 1, -19, 3] chain profiles 0 (states 0), maxw 0, DL_RC fails 0, key form fails 0; 9800 evals [2 s]
#   unit {"file": "k4_certs_5_pure.json.gz", "pos": 1012} k4_certs_5_pure.json.gz#1012[m=9,idx=85]: start [0, 0, 0, 0, -1000000, 0, 0, -1000000, 0] best [0, 0, 0, 0, -2, 0, 1, -35, 4] chain profiles 0 (states 0), maxw 0, DL_RC fails 0, key form fails 0; 9800 evals [2 s]
#   unit {"file": "k4_certs_5_pure.json.gz", "pos": 1015} k4_certs_5_pure.json.gz#1015[m=9,idx=88]: start [0, 0, 0, 0, -1000000, 0, 0, -1000000, 0] best [0, 0, 0, 0, -2, 0, 1, -20, 4] chain profiles 0 (states 0), maxw 0, DL_RC fails 0, key form fails 0; 9800 evals [2 s]
#   unit {"file": "k4_certs_5_pure.json.gz", "pos": 1014} k4_certs_5_pure.json.gz#1014[m=9,idx=87]: start [0, 0, 0, 0, -2, 0, 2, -16, 8] best [0, 0, 0, 0, -1, 0, 2, -18, 14] chain profiles 0 (states 0), maxw 0, DL_RC fails 0, key form fails 0; 9800 evals [2 s]
#   unit {"file": "k4_certs_5_pure.json.gz", "pos": 1019} k4_certs_5_pure.json.gz#1019[m=9,idx=92]: start [0, 0, 0, 0, -1000000, 0, 0, -1000000, 0] best [0, 0, 0, 0, -2, 0, 2, -14, 5] chain profiles 0 (states 0), maxw 0, DL_RC fails 0, key form fails 0; 9800 evals [2 s]
#   unit {"file": "k4_certs_5_pure.json.gz", "pos": 1023} k4_certs_5_pure.json.gz#1023[m=9,idx=96]: start [0, 0, 0, 0, -1000000, 0, 0, -1000000, 0] best [0, 0, 0, 0, -1000000, 0, 0, -1000000, 0] chain profiles 0 (states 0), maxw 0, DL_RC fails 0, key form fails 0; 9800 evals [1 s]
#   unit {"file": "k4_certs_5_pure.json.gz", "pos": 1020} k4_certs_5_pure.json.gz#1020[m=9,idx=93]: start [0, 0, 0, 0, -2, 0, 1, -29, 1] best [0, 0, 0, 0, -2, 0, 2, -16, 6] chain profiles 0 (states 0), maxw 0, DL_RC fails 0, key form fails 0; 9800 evals [2 s]
#   unit {"file": "k4_certs_5_pure.json.gz", "pos": 1025} k4_certs_5_pure.json.gz#1025[m=9,idx=98]: start [0, 0, 0, 0, -1000000, 0, 0, -1000000, 0] best [0, 0, 0, 0, -1000000, 0, 0, -1000000, 0] chain profiles 0 (states 0), maxw 0, DL_RC fails 0, key form fails 0; 9800 evals [1 s]
#   unit {"file": "k4_certs_5_pure.json.gz", "pos": 1027} k4_certs_5_pure.json.gz#1027[m=9,idx=100]: start [0, 0, 0, 0, -1000000, 0, 0, -1000000, 0] best [0, 0, 0, 0, -3, 0, 1, -35, 1] chain profiles 0 (states 0), maxw 0, DL_RC fails 0, key form fails 0; 9800 evals [2 s]
#   unit {"file": "k4_certs_5_pure.json.gz", "pos": 1034} k4_certs_5_pure.json.gz#1034[m=9,idx=107]: start [0, 0, 0, 0, -1000000, 0, 0, -1000000, 0] best [0, 0, 0, 0, -1000000, 0, 0, -1000000, 0] chain profiles 0 (states 0), maxw 0, DL_RC fails 0, key form fails 0; 9800 evals [1 s]
#   unit {"file": "k4_certs_5_pure.json.gz", "pos": 1033} k4_certs_5_pure.json.gz#1033[m=9,idx=106]: start [0, 0, 0, 0, -3, 0, 1, -27, 1] best [0, 0, 0, 0, -2, 0, 2, -13, 8] chain profiles 0 (states 0), maxw 0, DL_RC fails 0, key form fails 0; 9800 evals [2 s]
#   unit {"file": "k4_certs_5_pure.json.gz", "pos": 1036} k4_certs_5_pure.json.gz#1036[m=9,idx=109]: start [0, 0, 0, 0, -1000000, 0, 0, -1000000, 0] best [0, 0, 0, 0, -2, 0, 1, -31, 4] chain profiles 0 (states 0), maxw 0, DL_RC fails 0, key form fails 0; 9800 evals [2 s]
#   unit {"file": "k4_certs_5_pure.json.gz", "pos": 1039} k4_certs_5_pure.json.gz#1039[m=9,idx=112]: start [0, 0, 0, 0, -1000000, 0, 0, -1000000, 0] best [0, 0, 0, 0, -1000000, 0, 0, -1000000, 0] chain profiles 0 (states 0), maxw 0, DL_RC fails 0, key form fails 0; 9800 evals [2 s]
#   unit {"file": "k4_certs_5_pure.json.gz", "pos": 1041} k4_certs_5_pure.json.gz#1041[m=9,idx=114]: start [0, 0, 0, 0, -1000000, 0, 0, -1000000, 0] best [0, 0, 0, 0, -3, 0, 1, -12, 2] chain profiles 0 (states 0), maxw 0, DL_RC fails 0, key form fails 0; 9800 evals [2 s]
#   unit {"file": "k4_certs_5_pure.json.gz", "pos": 1045} k4_certs_5_pure.json.gz#1045[m=9,idx=118]: start [0, 0, 0, 0, -2, 0, 1, -24, 1] best [0, 0, 0, 0, -2, 0, 1, -11, 6] chain profiles 0 (states 0), maxw 0, DL_RC fails 0, key form fails 0; 9800 evals [2 s]
#   unit {"file": "k4_certs_5_pure.json.gz", "pos": 1047} k4_certs_5_pure.json.gz#1047[m=9,idx=120]: start [0, 0, 0, 0, -1000000, 0, 0, -1000000, 0] best [0, 0, 0, 0, -3, 0, 1, -17, 2] chain profiles 0 (states 0), maxw 0, DL_RC fails 0, key form fails 0; 9800 evals [2 s]
#   unit {"file": "k4_certs_5_pure.json.gz", "pos": 1049} k4_certs_5_pure.json.gz#1049[m=9,idx=122]: start [0, 0, 0, 0, -1000000, 0, 0, -1000000, 0] best [0, 0, 0, 0, -2, 0, 1, -30, 6] chain profiles 0 (states 0), maxw 0, DL_RC fails 0, key form fails 0; 9800 evals [2 s]
#   unit {"file": "k4_certs_5_pure.json.gz", "pos": 1055} k4_certs_5_pure.json.gz#1055[m=9,idx=128]: start [0, 0, 0, 0, -1000000, 0, 0, -1000000, 0] best [0, 0, 0, 0, -2, 0, 1, -21, 3] chain profiles 0 (states 0), maxw 0, DL_RC fails 0, key form fails 0; 9800 evals [2 s]
#   unit {"file": "k4_certs_5_pure.json.gz", "pos": 1059} k4_certs_5_pure.json.gz#1059[m=9,idx=132]: start [0, 0, 0, 0, -1000000, 0, 0, -1000000, 0] best [0, 0, 0, 0, -2, 0, 1, -12, 5] chain profiles 0 (states 0), maxw 0, DL_RC fails 0, key form fails 0; 9800 evals [2 s]
#   unit {"file": "k4_certs_5_pure.json.gz", "pos": 1057} k4_certs_5_pure.json.gz#1057[m=9,idx=130]: start [0, 0, 0, 0, -1000000, 0, 0, -1000000, 0] best [0, 0, 0, 0, -2, 0, 1, -22, 1] chain profiles 0 (states 0), maxw 0, DL_RC fails 0, key form fails 0; 9800 evals [2 s]
#   unit {"file": "k4_certs_5_pure.json.gz", "pos": 1061} k4_certs_5_pure.json.gz#1061[m=9,idx=134]: start [0, 0, 0, 0, -2, 0, 1, -29, 2] best [0, 0, 0, 0, -2, 0, 1, -11, 5] chain profiles 0 (states 0), maxw 0, DL_RC fails 0, key form fails 0; 9800 evals [2 s]
#   unit {"file": "k4_certs_5_pure.json.gz", "pos": 1060} k4_certs_5_pure.json.gz#1060[m=9,idx=133]: start [0, 0, 0, 0, -2, 0, 1, -39, 1] best [0, 0, 0, 0, -2, 0, 1, -11, 5] chain profiles 0 (states 0), maxw 0, DL_RC fails 0, key form fails 0; 9800 evals [2 s]
#   unit {"file": "k4_certs_5_pure.json.gz", "pos": 1068} k4_certs_5_pure.json.gz#1068[m=9,idx=141]: start [0, 0, 0, 0, -1000000, 0, 0, -1000000, 0] best [0, 0, 0, 0, -2, 0, 2, -18, 4] chain profiles 0 (states 0), maxw 0, DL_RC fails 0, key form fails 0; 9800 evals [2 s]
#   unit {"file": "k4_certs_5_pure.json.gz", "pos": 1071} k4_certs_5_pure.json.gz#1071[m=9,idx=144]: start [0, 0, 0, 0, -2, 0, 1, -45, 2] best [0, 0, 0, 0, -2, 0, 2, -20, 3] chain profiles 0 (states 0), maxw 0, DL_RC fails 0, key form fails 0; 9800 evals [2 s]
#   unit {"file": "k4_certs_5_pure.json.gz", "pos": 1078} k4_certs_5_pure.json.gz#1078[m=9,idx=151]: start [0, 0, 0, 0, -1000000, 0, 0, -1000000, 0] best [0, 0, 0, 0, -1000000, 0, 0, -1000000, 0] chain profiles 0 (states 0), maxw 0, DL_RC fails 0, key form fails 0; 9800 evals [1 s]
#   unit {"file": "k4_certs_5_pure.json.gz", "pos": 1094} k4_certs_5_pure.json.gz#1094[m=9,idx=167]: start [0, 0, 0, 0, -1000000, 0, 0, -1000000, 0] best [0, 0, 0, 0, -1000000, 0, 0, -1000000, 0] chain profiles 0 (states 0), maxw 0, DL_RC fails 0, key form fails 0; 9800 evals [2 s]
#   unit {"file": "k4_certs_5_pure.json.gz", "pos": 1100} k4_certs_5_pure.json.gz#1100[m=9,idx=173]: start [0, 0, 0, 0, -1000000, 0, 0, -1000000, 0] best [0, 0, 0, 0, -1000000, 0, 0, -1000000, 0] chain profiles 0 (states 0), maxw 0, DL_RC fails 0, key form fails 0; 9800 evals [2 s]
#   unit {"file": "k4_certs_5_pure.json.gz", "pos": 1101} k4_certs_5_pure.json.gz#1101[m=9,idx=174]: start [0, 0, 0, 0, -1000000, 0, 0, -1000000, 0] best [0, 0, 0, 0, -2, 0, 2, -21, 7] chain profiles 0 (states 0), maxw 0, DL_RC fails 0, key form fails 0; 9800 evals [2 s]
#   unit {"file": "k4_certs_5_pure.json.gz", "pos": 1104} k4_certs_5_pure.json.gz#1104[m=9,idx=177]: start [0, 0, 0, 0, -1000000, 0, 0, -1000000, 0] best [0, 0, 0, 0, -2, 0, 2, -15, 3] chain profiles 0 (states 0), maxw 0, DL_RC fails 0, key form fails 0; 9800 evals [2 s]
#   unit {"file": "k4_certs_5_pure.json.gz", "pos": 1105} k4_certs_5_pure.json.gz#1105[m=9,idx=178]: start [0, 0, 0, 0, -1000000, 0, 0, -1000000, 0] best [0, 0, 0, 0, -2, 0, 2, -22, 4] chain profiles 0 (states 0), maxw 0, DL_RC fails 0, key form fails 0; 9800 evals [2 s]
#   unit {"file": "k4_certs_5_pure.json.gz", "pos": 1106} k4_certs_5_pure.json.gz#1106[m=9,idx=179]: start [0, 0, 0, 0, -1000000, 0, 0, -1000000, 0] best [0, 0, 0, 0, -2, 0, 2, -15, 3] chain profiles 0 (states 0), maxw 0, DL_RC fails 0, key form fails 0; 9800 evals [2 s]
#   unit {"file": "k4_certs_5_pure.json.gz", "pos": 1112} k4_certs_5_pure.json.gz#1112[m=9,idx=185]: start [0, 0, 0, 0, -1000000, 0, 0, -1000000, 0] best [0, 0, 0, 0, -2, 0, 2, -16, 4] chain profiles 0 (states 0), maxw 0, DL_RC fails 0, key form fails 0; 9800 evals [2 s]
#   unit {"file": "k4_certs_5_pure.json.gz", "pos": 1114} k4_certs_5_pure.json.gz#1114[m=9,idx=187]: start [0, 0, 0, 0, -1000000, 0, 0, -1000000, 0] best [0, 0, 0, 0, -2, 0, 1, -21, 1] chain profiles 0 (states 0), maxw 0, DL_RC fails 0, key form fails 0; 9800 evals [2 s]
#   unit {"file": "k4_certs_5_pure.json.gz", "pos": 1117} k4_certs_5_pure.json.gz#1117[m=9,idx=190]: start [0, 0, 0, 0, -1000000, 0, 0, -1000000, 0] best [0, 0, 0, 0, -2, 0, 1, -15, 1] chain profiles 0 (states 0), maxw 0, DL_RC fails 0, key form fails 0; 9800 evals [2 s]
#   unit {"file": "k4_certs_5_pure.json.gz", "pos": 1119} k4_certs_5_pure.json.gz#1119[m=9,idx=192]: start [0, 0, 0, 0, -1000000, 0, 0, -1000000, 0] best [0, 0, 0, 0, -2, 0, 2, -16, 5] chain profiles 0 (states 0), maxw 0, DL_RC fails 0, key form fails 0; 9800 evals [2 s]
#   unit {"file": "k4_certs_5_pure.json.gz", "pos": 1122} k4_certs_5_pure.json.gz#1122[m=9,idx=195]: start [0, 0, 0, 0, -2, 0, 1, -21, 1] best [0, 0, 0, 0, -2, 0, 1, -15, 1] chain profiles 0 (states 0), maxw 0, DL_RC fails 0, key form fails 0; 9800 evals [2 s]
#   unit {"file": "k4_certs_5_pure.json.gz", "pos": 1125} k4_certs_5_pure.json.gz#1125[m=9,idx=198]: start [0, 0, 0, 0, -1000000, 0, 0, -1000000, 0] best [0, 0, 0, 0, -1000000, 0, 0, -1000000, 0] chain profiles 0 (states 0), maxw 0, DL_RC fails 0, key form fails 0; 9800 evals [1 s]
#   unit {"file": "k4_certs_5_pure.json.gz", "pos": 1123} k4_certs_5_pure.json.gz#1123[m=9,idx=196]: start [0, 0, 0, 0, -1000000, 0, 0, -1000000, 0] best [0, 0, 0, 0, -2, 0, 1, -12, 2] chain profiles 0 (states 0), maxw 0, DL_RC fails 0, key form fails 0; 9800 evals [2 s]
#   unit {"file": "k4_certs_5_pure.json.gz", "pos": 1128} k4_certs_5_pure.json.gz#1128[m=9,idx=201]: start [0, 0, 0, 0, -1000000, 0, 0, -1000000, 0] best [0, 0, 0, 0, -2, 0, 1, -12, 4] chain profiles 0 (states 0), maxw 0, DL_RC fails 0, key form fails 0; 9800 evals [2 s]
#   unit {"file": "k4_certs_5_pure.json.gz", "pos": 1132} k4_certs_5_pure.json.gz#1132[m=9,idx=205]: start [0, 0, 0, 0, -1000000, 0, 0, -1000000, 0] best [0, 0, 0, 0, -1000000, 0, 0, -1000000, 0] chain profiles 0 (states 0), maxw 0, DL_RC fails 0, key form fails 0; 9800 evals [2 s]
#   unit {"file": "k4_certs_5_pure.json.gz", "pos": 1134} k4_certs_5_pure.json.gz#1134[m=9,idx=207]: start [0, 0, 0, 0, -1000000, 0, 0, -1000000, 0] best [0, 0, 0, 0, -2, 0, 2, -18, 6] chain profiles 0 (states 0), maxw 0, DL_RC fails 0, key form fails 0; 9800 evals [2 s]
#   unit {"file": "k4_certs_5_pure.json.gz", "pos": 1135} k4_certs_5_pure.json.gz#1135[m=9,idx=208]: start [0, 0, 0, 0, -2, 0, 1, -14, 2] best [0, 0, 0, 0, -2, 0, 1, -10, 1] chain profiles 0 (states 0), maxw 0, DL_RC fails 0, key form fails 0; 9800 evals [2 s]
#   unit {"file": "k4_certs_5_pure.json.gz", "pos": 1143} k4_certs_5_pure.json.gz#1143[m=9,idx=216]: start [0, 0, 0, 0, -1000000, 0, 0, -1000000, 0] best [0, 0, 0, 0, -2, 0, 1, -28, 2] chain profiles 0 (states 0), maxw 0, DL_RC fails 0, key form fails 0; 9800 evals [2 s]
#   unit {"file": "k4_certs_5_pure.json.gz", "pos": 1142} k4_certs_5_pure.json.gz#1142[m=9,idx=215]: start [0, 0, 0, 0, -2, 0, 2, -17, 5] best [0, 0, 0, 0, -2, 0, 2, -14, 7] chain profiles 0 (states 0), maxw 0, DL_RC fails 0, key form fails 0; 9800 evals [2 s]
#   unit {"file": "k4_certs_5_pure.json.gz", "pos": 1146} k4_certs_5_pure.json.gz#1146[m=9,idx=219]: start [0, 0, 0, 0, -1000000, 0, 0, -1000000, 0] best [0, 0, 0, 0, -1000000, 0, 0, -1000000, 0] chain profiles 0 (states 0), maxw 0, DL_RC fails 0, key form fails 0; 9800 evals [2 s]
#   unit {"file": "k4_certs_5_pure.json.gz", "pos": 1147} k4_certs_5_pure.json.gz#1147[m=9,idx=220]: start [0, 0, 0, 0, -1000000, 0, 0, -1000000, 0] best [0, 0, 0, 0, -2, 0, 1, -12, 4] chain profiles 0 (states 0), maxw 0, DL_RC fails 0, key form fails 0; 9800 evals [2 s]
#   unit {"file": "k4_certs_5_pure.json.gz", "pos": 1149} k4_certs_5_pure.json.gz#1149[m=9,idx=222]: start [0, 0, 0, 0, -1000000, 0, 0, -1000000, 0] best [0, 0, 0, 0, -1000000, 0, 0, -1000000, 0] chain profiles 0 (states 0), maxw 0, DL_RC fails 0, key form fails 0; 9800 evals [1 s]
#   unit {"file": "k4_certs_5_pure.json.gz", "pos": 1150} k4_certs_5_pure.json.gz#1150[m=9,idx=223]: start [0, 0, 0, 0, -1000000, 0, 0, -1000000, 0] best [0, 0, 0, 0, -2, 0, 2, -25, 9] chain profiles 0 (states 0), maxw 0, DL_RC fails 0, key form fails 0; 9800 evals [2 s]
#   unit {"file": "k4_certs_5_pure.json.gz", "pos": 1152} k4_certs_5_pure.json.gz#1152[m=9,idx=225]: start [0, 0, 0, 0, -1000000, 0, 0, -1000000, 0] best [0, 0, 0, 0, -1000000, 0, 0, -1000000, 0] chain profiles 0 (states 0), maxw 0, DL_RC fails 0, key form fails 0; 9800 evals [2 s]
#   unit {"file": "k4_certs_5_pure.json.gz", "pos": 1155} k4_certs_5_pure.json.gz#1155[m=9,idx=228]: start [0, 0, 0, 0, -1000000, 0, 0, -1000000, 0] best [0, 0, 0, 0, -2, 0, 1, -13, 7] chain profiles 0 (states 0), maxw 0, DL_RC fails 0, key form fails 0; 9800 evals [2 s]
#   unit {"file": "k4_certs_5_pure.json.gz", "pos": 1156} k4_certs_5_pure.json.gz#1156[m=9,idx=229]: start [0, 0, 0, 0, -1000000, 0, 0, -1000000, 0] best [0, 0, 0, 0, -1000000, 0, 0, -1000000, 0] chain profiles 0 (states 0), maxw 0, DL_RC fails 0, key form fails 0; 9800 evals [2 s]
#   unit {"file": "k4_certs_5_pure.json.gz", "pos": 1157} k4_certs_5_pure.json.gz#1157[m=9,idx=230]: start [0, 0, 0, 0, -1000000, 0, 0, -1000000, 0] best [0, 0, 0, 0, -1000000, 0, 0, -1000000, 0] chain profiles 0 (states 0), maxw 0, DL_RC fails 0, key form fails 0; 9800 evals [1 s]
#   unit {"file": "k4_certs_5_pure.json.gz", "pos": 1162} k4_certs_5_pure.json.gz#1162[m=9,idx=235]: start [0, 0, 0, 0, -3, 0, 1, -23, 1] best [0, 0, 0, 0, -3, 0, 1, -7, 4] chain profiles 0 (states 0), maxw 0, DL_RC fails 0, key form fails 0; 9800 evals [2 s]
#   unit {"file": "k4_certs_5_pure.json.gz", "pos": 1164} k4_certs_5_pure.json.gz#1164[m=9,idx=237]: start [0, 0, 0, 0, -3, 0, 1, -27, 1] best [0, 0, 0, 0, -2, 0, 1, -31, 2] chain profiles 0 (states 0), maxw 0, DL_RC fails 0, key form fails 0; 9800 evals [2 s]
#   unit {"file": "k4_certs_5_pure.json.gz", "pos": 1165} k4_certs_5_pure.json.gz#1165[m=9,idx=238]: start [0, 0, 0, 0, -1000000, 0, 0, -1000000, 0] best [0, 0, 0, 0, -3, 0, 1, -21, 2] chain profiles 0 (states 0), maxw 0, DL_RC fails 0, key form fails 0; 9800 evals [2 s]
#   unit {"file": "k4_certs_5_pure.json.gz", "pos": 1166} k4_certs_5_pure.json.gz#1166[m=9,idx=239]: start [0, 0, 0, 0, -1000000, 0, 0, -1000000, 0] best [0, 0, 0, 0, -2, 0, 1, -21, 1] chain profiles 0 (states 0), maxw 0, DL_RC fails 0, key form fails 0; 9800 evals [2 s]
#   unit {"file": "k4_certs_5_pure.json.gz", "pos": 1169} k4_certs_5_pure.json.gz#1169[m=9,idx=242]: start [0, 0, 0, 0, -1000000, 0, 0, -1000000, 0] best [0, 0, 0, 0, -3, 0, 1, -8, 1] chain profiles 0 (states 0), maxw 0, DL_RC fails 0, key form fails 0; 9800 evals [2 s]
#   unit {"file": "k4_certs_5_pure.json.gz", "pos": 1181} k4_certs_5_pure.json.gz#1181[m=9,idx=254]: start [0, 0, 0, 0, -1000000, 0, 0, -1000000, 0] best [0, 0, 0, 0, -1000000, 0, 0, -1000000, 0] chain profiles 0 (states 0), maxw 0, DL_RC fails 0, key form fails 0; 9800 evals [1 s]
#   unit {"file": "k4_certs_5_pure.json.gz", "pos": 1183} k4_certs_5_pure.json.gz#1183[m=9,idx=256]: start [0, 0, 0, 0, -1000000, 0, 0, -1000000, 0] best [0, 0, 0, 0, -1000000, 0, 0, -1000000, 0] chain profiles 0 (states 0), maxw 0, DL_RC fails 0, key form fails 0; 9800 evals [1 s]
#   unit {"file": "k4_certs_5_pure.json.gz", "pos": 1184} k4_certs_5_pure.json.gz#1184[m=9,idx=257]: start [0, 0, 0, 0, -1000000, 0, 0, -1000000, 0] best [0, 0, 0, 0, -1000000, 0, 0, -1000000, 0] chain profiles 0 (states 0), maxw 0, DL_RC fails 0, key form fails 0; 9800 evals [1 s]
#   unit {"file": "k4_certs_5_pure.json.gz", "pos": 1187} k4_certs_5_pure.json.gz#1187[m=9,idx=260]: start [0, 0, 0, 0, -1000000, 0, 0, -1000000, 0] best [0, 0, 0, 0, -1000000, 0, 0, -1000000, 0] chain profiles 0 (states 0), maxw 0, DL_RC fails 0, key form fails 0; 9800 evals [1 s]
#   unit {"file": "k4_certs_5_pure.json.gz", "pos": 1190} k4_certs_5_pure.json.gz#1190[m=9,idx=263]: start [0, 0, 0, 0, -1000000, 0, 0, -1000000, 0] best [0, 0, 0, 0, -2, 0, 1, -15, 1] chain profiles 0 (states 0), maxw 0, DL_RC fails 0, key form fails 0; 9800 evals [2 s]
#   unit {"file": "k4_certs_5_pure.json.gz", "pos": 1188} k4_certs_5_pure.json.gz#1188[m=9,idx=261]: start [0, 0, 0, 0, -1000000, 0, 0, -1000000, 0] best [0, 0, 0, 0, -3, 0, 1, -34, 2] chain profiles 0 (states 0), maxw 0, DL_RC fails 0, key form fails 0; 9800 evals [2 s]
#   unit {"file": "k4_certs_5_pure.json.gz", "pos": 1192} k4_certs_5_pure.json.gz#1192[m=9,idx=265]: start [0, 0, 0, 0, -1000000, 0, 0, -1000000, 0] best [0, 0, 0, 0, -2, 0, 1, -11, 6] chain profiles 0 (states 0), maxw 0, DL_RC fails 0, key form fails 0; 9800 evals [2 s]
#   unit {"file": "k4_certs_5_pure.json.gz", "pos": 1193} k4_certs_5_pure.json.gz#1193[m=9,idx=266]: start [0, 0, 0, 0, -1000000, 0, 0, -1000000, 0] best [0, 0, 0, 0, -1000000, 0, 0, -1000000, 0] chain profiles 0 (states 0), maxw 0, DL_RC fails 0, key form fails 0; 9800 evals [2 s]
#   unit {"file": "k4_certs_5_pure.json.gz", "pos": 1200} k4_certs_5_pure.json.gz#1200[m=9,idx=273]: start [0, 0, 0, 0, -2, 0, 1, -41, 2] best [0, 0, 0, 0, -2, 0, 1, -11, 6] chain profiles 0 (states 0), maxw 0, DL_RC fails 0, key form fails 0; 9800 evals [2 s]
#   unit {"file": "k4_certs_5_pure.json.gz", "pos": 1199} k4_certs_5_pure.json.gz#1199[m=9,idx=272]: start [0, 0, 0, 0, -2, 0, 1, -29, 4] best [0, 0, 0, 0, -1, 0, 2, -14, 20] chain profiles 0 (states 0), maxw 0, DL_RC fails 0, key form fails 0; 9800 evals [2 s]
#   unit {"file": "k4_certs_5_pure.json.gz", "pos": 1201} k4_certs_5_pure.json.gz#1201[m=9,idx=274]: start [0, 0, 0, 0, -1000000, 0, 0, -1000000, 0] best [0, 0, 0, 0, -2, 0, 2, -19, 6] chain profiles 0 (states 0), maxw 0, DL_RC fails 0, key form fails 0; 9800 evals [2 s]
#   unit {"file": "k4_certs_5_pure.json.gz", "pos": 1211} k4_certs_5_pure.json.gz#1211[m=9,idx=284]: start [0, 0, 0, 0, -1000000, 0, 0, -1000000, 0] best [0, 0, 0, 0, -1, 0, 1, -16, 1] chain profiles 0 (states 0), maxw 0, DL_RC fails 0, key form fails 0; 9800 evals [2 s]
#   unit {"file": "k4_certs_5_pure.json.gz", "pos": 1214} k4_certs_5_pure.json.gz#1214[m=9,idx=287]: start [0, 0, 0, 0, -1000000, 0, 0, -1000000, 0] best [0, 0, 0, 0, -1000000, 0, 0, -1000000, 0] chain profiles 0 (states 0), maxw 0, DL_RC fails 0, key form fails 0; 9800 evals [1 s]
#   unit {"file": "k4_certs_5_pure.json.gz", "pos": 1219} k4_certs_5_pure.json.gz#1219[m=9,idx=292]: start [0, 0, 0, 0, -1000000, 0, 0, -1000000, 0] best [0, 0, 0, 0, -2, 0, 1, -12, 5] chain profiles 0 (states 0), maxw 0, DL_RC fails 0, key form fails 0; 9800 evals [2 s]
#   unit {"file": "k4_certs_5_pure.json.gz", "pos": 1220} k4_certs_5_pure.json.gz#1220[m=9,idx=293]: start [0, 0, 0, 0, -1000000, 0, 0, -1000000, 0] best [0, 0, 0, 0, -2, 0, 2, -21, 4] chain profiles 0 (states 0), maxw 0, DL_RC fails 0, key form fails 0; 9800 evals [2 s]
#   unit {"file": "k4_certs_5_pure.json.gz", "pos": 1222} k4_certs_5_pure.json.gz#1222[m=9,idx=295]: start [0, 0, 0, 0, -1000000, 0, 0, -1000000, 0] best [0, 0, 0, 0, -2, 0, 2, -16, 3] chain profiles 0 (states 0), maxw 0, DL_RC fails 0, key form fails 0; 9800 evals [2 s]
#   unit {"file": "k4_certs_5_pure.json.gz", "pos": 1224} k4_certs_5_pure.json.gz#1224[m=9,idx=297]: start [0, 0, 0, 0, -1000000, 0, 0, -1000000, 0] best [0, 0, 0, 0, -2, 0, 1, -23, 1] chain profiles 0 (states 0), maxw 0, DL_RC fails 0, key form fails 0; 9800 evals [2 s]
#   unit {"file": "k4_certs_5_pure.json.gz", "pos": 1227} k4_certs_5_pure.json.gz#1227[m=9,idx=300]: start [0, 0, 0, 0, -1000000, 0, 0, -1000000, 0] best [0, 0, 0, 0, -2, 0, 2, -13, 8] chain profiles 0 (states 0), maxw 0, DL_RC fails 0, key form fails 0; 9800 evals [2 s]
#   unit {"file": "k4_certs_5_pure.json.gz", "pos": 1232} k4_certs_5_pure.json.gz#1232[m=9,idx=305]: start [0, 0, 0, 0, -1000000, 0, 0, -1000000, 0] best [0, 0, 0, 0, -2, 0, 2, -9, 4] chain profiles 0 (states 0), maxw 0, DL_RC fails 0, key form fails 0; 9800 evals [2 s]
#   unit {"file": "k4_certs_5_pure.json.gz", "pos": 1228} k4_certs_5_pure.json.gz#1228[m=9,idx=301]: start [0, 0, 0, 0, -1000000, 0, 0, -1000000, 0] best [0, 0, 0, 0, -2, 0, 2, -14, 9] chain profiles 0 (states 0), maxw 0, DL_RC fails 0, key form fails 0; 9800 evals [2 s]
#   unit {"file": "k4_certs_5_pure.json.gz", "pos": 1236} k4_certs_5_pure.json.gz#1236[m=9,idx=309]: start [0, 0, 0, 0, -1000000, 0, 0, -1000000, 0] best [0, 0, 0, 0, -2, 0, 2, -20, 14] chain profiles 0 (states 0), maxw 0, DL_RC fails 0, key form fails 0; 9800 evals [2 s]
#   unit {"file": "k4_certs_5_pure.json.gz", "pos": 1238} k4_certs_5_pure.json.gz#1238[m=9,idx=311]: start [0, 0, 0, 0, -1000000, 0, 0, -1000000, 0] best [0, 0, 0, 0, -1000000, 0, 0, -1000000, 0] chain profiles 0 (states 0), maxw 0, DL_RC fails 0, key form fails 0; 9800 evals [1 s]
#   unit {"file": "k4_certs_5_pure.json.gz", "pos": 1242} k4_certs_5_pure.json.gz#1242[m=9,idx=315]: start [0, 0, 0, 0, -1000000, 0, 0, -1000000, 0] best [0, 0, 0, 0, -1000000, 0, 0, -1000000, 0] chain profiles 0 (states 0), maxw 0, DL_RC fails 0, key form fails 0; 9800 evals [1 s]
#   unit {"file": "k4_certs_5_pure.json.gz", "pos": 1247} k4_certs_5_pure.json.gz#1247[m=9,idx=320]: start [0, 0, 0, 0, -1000000, 0, 0, -1000000, 0] best [0, 0, 0, 0, -2, 0, 1, -20, 1] chain profiles 0 (states 0), maxw 0, DL_RC fails 0, key form fails 0; 9800 evals [2 s]
#   unit {"file": "k4_certs_5_pure.json.gz", "pos": 1249} k4_certs_5_pure.json.gz#1249[m=9,idx=322]: start [0, 0, 0, 0, -1000000, 0, 0, -1000000, 0] best [0, 0, 0, 0, -2, 0, 2, -18, 8] chain profiles 0 (states 0), maxw 0, DL_RC fails 0, key form fails 0; 9800 evals [2 s]
#   unit {"file": "k4_certs_5_pure.json.gz", "pos": 1254} k4_certs_5_pure.json.gz#1254[m=9,idx=327]: start [0, 0, 0, 0, -1000000, 0, 0, -1000000, 0] best [0, 0, 0, 0, -1000000, 0, 0, -1000000, 0] chain profiles 0 (states 0), maxw 0, DL_RC fails 0, key form fails 0; 9800 evals [2 s]
#   unit {"file": "k4_certs_5_pure.json.gz", "pos": 1262} k4_certs_5_pure.json.gz#1262[m=9,idx=335]: start [0, 0, 0, 0, -1000000, 0, 0, -1000000, 0] best [0, 0, 0, 0, -3, 0, 1, -11, 2] chain profiles 0 (states 0), maxw 0, DL_RC fails 0, key form fails 0; 9800 evals [2 s]
#   unit {"file": "k4_certs_5_pure.json.gz", "pos": 1256} k4_certs_5_pure.json.gz#1256[m=9,idx=329]: start [0, 0, 0, 0, -1000000, 0, 0, -1000000, 0] best [0, 0, 0, 0, -2, 0, 1, -24, 3] chain profiles 0 (states 0), maxw 0, DL_RC fails 0, key form fails 0; 9800 evals [2 s]
#   unit {"file": "k4_certs_5_pure.json.gz", "pos": 1267} k4_certs_5_pure.json.gz#1267[m=9,idx=340]: start [0, 0, 0, 0, -1000000, 0, 0, -1000000, 0] best [0, 0, 0, 0, -1000000, 0, 0, -1000000, 0] chain profiles 0 (states 0), maxw 0, DL_RC fails 0, key form fails 0; 9800 evals [2 s]
#   unit {"file": "k4_certs_5_pure.json.gz", "pos": 1268} k4_certs_5_pure.json.gz#1268[m=9,idx=341]: start [0, 0, 0, 0, -1000000, 0, 0, -1000000, 0] best [0, 0, 0, 0, -1000000, 0, 0, -1000000, 0] chain profiles 0 (states 0), maxw 0, DL_RC fails 0, key form fails 0; 9800 evals [1 s]
#   unit {"file": "k4_certs_5_pure.json.gz", "pos": 1269} k4_certs_5_pure.json.gz#1269[m=9,idx=342]: start [0, 0, 0, 0, -1000000, 0, 0, -1000000, 0] best [0, 0, 0, 0, -1000000, 0, 0, -1000000, 0] chain profiles 0 (states 0), maxw 0, DL_RC fails 0, key form fails 0; 9800 evals [1 s]
#   unit {"file": "k4_certs_5_pure.json.gz", "pos": 1271} k4_certs_5_pure.json.gz#1271[m=9,idx=344]: start [0, 0, 0, 0, -1000000, 0, 0, -1000000, 0] best [0, 0, 0, 0, -1000000, 0, 0, -1000000, 0] chain profiles 0 (states 0), maxw 0, DL_RC fails 0, key form fails 0; 9800 evals [1 s]
#   unit {"file": "k4_certs_5_pure.json.gz", "pos": 1273} k4_certs_5_pure.json.gz#1273[m=9,idx=346]: start [0, 0, 0, 0, -1000000, 0, 0, -1000000, 0] best [0, 0, 0, 0, -2, 0, 1, -26, 1] chain profiles 0 (states 0), maxw 0, DL_RC fails 0, key form fails 0; 9800 evals [2 s]
#   unit {"file": "k4_certs_5_pure.json.gz", "pos": 1275} k4_certs_5_pure.json.gz#1275[m=9,idx=348]: start [0, 0, 0, 0, -1000000, 0, 0, -1000000, 0] best [0, 0, 0, 0, -2, 0, 2, -12, 7] chain profiles 0 (states 0), maxw 0, DL_RC fails 0, key form fails 0; 9800 evals [2 s]
#   unit {"file": "k4_certs_5_pure.json.gz", "pos": 1278} k4_certs_5_pure.json.gz#1278[m=9,idx=351]: start [0, 0, 0, 0, -1000000, 0, 0, -1000000, 0] best [0, 0, 0, 0, -1000000, 0, 0, -1000000, 0] chain profiles 0 (states 0), maxw 0, DL_RC fails 0, key form fails 0; 9800 evals [1 s]
#   unit {"file": "k4_certs_5_pure.json.gz", "pos": 1279} k4_certs_5_pure.json.gz#1279[m=9,idx=352]: start [0, 0, 0, 0, -1000000, 0, 0, -1000000, 0] best [0, 0, 0, 0, -1000000, 0, 0, -1000000, 0] chain profiles 0 (states 0), maxw 0, DL_RC fails 0, key form fails 0; 9800 evals [1 s]
#   unit {"file": "k4_certs_5_pure.json.gz", "pos": 1282} k4_certs_5_pure.json.gz#1282[m=9,idx=355]: start [0, 0, 0, 0, -1000000, 0, 0, -1000000, 0] best [0, 0, 0, 0, -3, 0, 1, -25, 2] chain profiles 0 (states 0), maxw 0, DL_RC fails 0, key form fails 0; 9800 evals [2 s]
#   unit {"file": "k4_certs_5_pure.json.gz", "pos": 1285} k4_certs_5_pure.json.gz#1285[m=9,idx=358]: start [0, 0, 0, 0, -1000000, 0, 0, -1000000, 0] best [0, 0, 0, 0, -1000000, 0, 0, -1000000, 0] chain profiles 0 (states 0), maxw 0, DL_RC fails 0, key form fails 0; 9800 evals [1 s]
#   unit {"file": "k4_certs_5_pure.json.gz", "pos": 1284} k4_certs_5_pure.json.gz#1284[m=9,idx=357]: start [0, 0, 0, 0, -1000000, 0, 0, -1000000, 0] best [0, 0, 0, 0, -3, 0, 1, -25, 2] chain profiles 0 (states 0), maxw 0, DL_RC fails 0, key form fails 0; 9800 evals [2 s]
#   unit {"file": "k4_certs_5_pure.json.gz", "pos": 1287} k4_certs_5_pure.json.gz#1287[m=9,idx=360]: start [0, 0, 0, 0, -1000000, 0, 0, -1000000, 0] best [0, 0, 0, 0, -2, 0, 2, -19, 10] chain profiles 0 (states 0), maxw 0, DL_RC fails 0, key form fails 0; 9800 evals [2 s]
#   unit {"file": "k4_certs_5_pure.json.gz", "pos": 1288} k4_certs_5_pure.json.gz#1288[m=9,idx=361]: start [0, 0, 0, 0, -1000000, 0, 0, -1000000, 0] best [0, 0, 0, 0, -3, 0, 1, -35, 1] chain profiles 0 (states 0), maxw 0, DL_RC fails 0, key form fails 0; 9800 evals [2 s]
#   unit {"file": "k4_certs_5_pure.json.gz", "pos": 1292} k4_certs_5_pure.json.gz#1292[m=9,idx=365]: start [0, 0, 0, 0, -1000000, 0, 0, -1000000, 0] best [0, 0, 0, 0, -2, 0, 2, -15, 4] chain profiles 0 (states 0), maxw 0, DL_RC fails 0, key form fails 0; 9800 evals [2 s]
#   unit {"file": "k4_certs_5_pure.json.gz", "pos": 1293} k4_certs_5_pure.json.gz#1293[m=9,idx=366]: start [0, 0, 0, 0, -1000000, 0, 0, -1000000, 0] best [0, 0, 0, 0, -1, 0, 2, -12, 19] chain profiles 0 (states 0), maxw 0, DL_RC fails 0, key form fails 0; 9800 evals [2 s]
#   unit {"file": "k4_certs_5_pure.json.gz", "pos": 1294} k4_certs_5_pure.json.gz#1294[m=9,idx=367]: start [0, 0, 0, 0, -1000000, 0, 0, -1000000, 0] best [0, 0, 0, 0, -2, 0, 2, -15, 5] chain profiles 0 (states 0), maxw 0, DL_RC fails 0, key form fails 0; 9800 evals [2 s]
#   unit {"file": "k4_certs_5_pure.json.gz", "pos": 1295} k4_certs_5_pure.json.gz#1295[m=9,idx=368]: start [0, 0, 0, 0, -1000000, 0, 0, -1000000, 0] best [0, 0, 0, 0, -2, 0, 2, -16, 5] chain profiles 0 (states 0), maxw 0, DL_RC fails 0, key form fails 0; 9800 evals [2 s]
#   unit {"file": "k4_certs_5_pure.json.gz", "pos": 1302} k4_certs_5_pure.json.gz#1302[m=9,idx=375]: start [0, 0, 0, 0, -1000000, 0, 0, -1000000, 0] best [0, 0, 0, 0, -2, 0, 1, -14, 7] chain profiles 0 (states 0), maxw 0, DL_RC fails 0, key form fails 0; 9800 evals [2 s]
#   unit {"file": "k4_certs_5_pure.json.gz", "pos": 1304} k4_certs_5_pure.json.gz#1304[m=9,idx=377]: start [0, 0, 0, 0, -1000000, 0, 0, -1000000, 0] best [0, 0, 0, 0, -3, 0, 1, -8, 2] chain profiles 0 (states 0), maxw 0, DL_RC fails 0, key form fails 0; 9800 evals [2 s]
#   unit {"file": "k4_certs_5_pure.json.gz", "pos": 1309} k4_certs_5_pure.json.gz#1309[m=9,idx=382]: start [0, 0, 0, 0, -1000000, 0, 0, -1000000, 0] best [0, 0, 0, 0, -2, 0, 1, -16, 1] chain profiles 0 (states 0), maxw 0, DL_RC fails 0, key form fails 0; 9800 evals [1 s]
#   unit {"file": "k4_certs_5_pure.json.gz", "pos": 1313} k4_certs_5_pure.json.gz#1313[m=9,idx=386]: start [0, 0, 0, 0, -1000000, 0, 0, -1000000, 0] best [0, 0, 0, 0, -2, 0, 2, -16, 4] chain profiles 0 (states 0), maxw 0, DL_RC fails 0, key form fails 0; 9800 evals [2 s]
#   unit {"file": "k4_certs_5_pure.json.gz", "pos": 1314} k4_certs_5_pure.json.gz#1314[m=9,idx=387]: start [0, 0, 0, 0, -1000000, 0, 0, -1000000, 0] best [0, 0, 0, 0, -2, 0, 1, -26, 1] chain profiles 0 (states 0), maxw 0, DL_RC fails 0, key form fails 0; 9800 evals [2 s]
#   unit {"file": "k4_certs_5_pure.json.gz", "pos": 1320} k4_certs_5_pure.json.gz#1320[m=9,idx=393]: start [0, 0, 0, 0, -1000000, 0, 0, -1000000, 0] best [0, 0, 0, 0, -2, 0, 1, -27, 4] chain profiles 0 (states 0), maxw 0, DL_RC fails 0, key form fails 0; 9800 evals [2 s]
#   unit {"file": "k4_certs_5_pure.json.gz", "pos": 1318} k4_certs_5_pure.json.gz#1318[m=9,idx=391]: start [0, 0, 0, 0, -1000000, 0, 0, -1000000, 0] best [0, 0, 0, 0, -2, 0, 1, -27, 4] chain profiles 0 (states 0), maxw 0, DL_RC fails 0, key form fails 0; 9800 evals [2 s]
#   unit {"file": "k4_certs_5_pure.json.gz", "pos": 1321} k4_certs_5_pure.json.gz#1321[m=9,idx=394]: start [0, 0, 0, 0, -1000000, 0, 0, -1000000, 0] best [0, 0, 0, 0, -2, 0, 1, -16, 1] chain profiles 0 (states 0), maxw 0, DL_RC fails 0, key form fails 0; 9800 evals [2 s]
#   unit {"file": "k4_certs_5_pure.json.gz", "pos": 1325} k4_certs_5_pure.json.gz#1325[m=9,idx=398]: start [0, 0, 0, 0, -1000000, 0, 0, -1000000, 0] best [0, 0, 0, 0, -2, 0, 1, -22, 1] chain profiles 0 (states 0), maxw 0, DL_RC fails 0, key form fails 0; 9800 evals [2 s]
#   unit {"file": "k4_certs_5_pure.json.gz", "pos": 1327} k4_certs_5_pure.json.gz#1327[m=9,idx=400]: start [0, 0, 0, 0, -1000000, 0, 0, -1000000, 0] best [0, 0, 0, 0, -1000000, 0, 0, -1000000, 0] chain profiles 0 (states 0), maxw 0, DL_RC fails 0, key form fails 0; 9800 evals [2 s]
#   unit {"file": "k4_certs_5_pure.json.gz", "pos": 1329} k4_certs_5_pure.json.gz#1329[m=9,idx=402]: start [0, 0, 0, 0, -1000000, 0, 0, -1000000, 0] best [0, 0, 0, 0, -2, 0, 2, -8, 3] chain profiles 0 (states 0), maxw 0, DL_RC fails 0, key form fails 0; 9800 evals [2 s]
#   unit {"file": "k4_certs_5_pure.json.gz", "pos": 1331} k4_certs_5_pure.json.gz#1331[m=9,idx=404]: start [0, 0, 0, 0, -1000000, 0, 0, -1000000, 0] best [0, 0, 0, 0, -2, 0, 2, -25, 1] chain profiles 0 (states 0), maxw 0, DL_RC fails 0, key form fails 0; 9800 evals [2 s]
#   unit {"file": "k4_certs_5_pure.json.gz", "pos": 1336} k4_certs_5_pure.json.gz#1336[m=9,idx=409]: start [0, 0, 0, 0, -1000000, 0, 0, -1000000, 0] best [0, 0, 0, 0, -1000000, 0, 0, -1000000, 0] chain profiles 0 (states 0), maxw 0, DL_RC fails 0, key form fails 0; 9800 evals [1 s]
#   unit {"file": "k4_certs_5_pure.json.gz", "pos": 1342} k4_certs_5_pure.json.gz#1342[m=9,idx=415]: start [0, 0, 0, 0, -1000000, 0, 0, -1000000, 0] best [0, 0, 0, 0, -1000000, 0, 0, -1000000, 0] chain profiles 0 (states 0), maxw 0, DL_RC fails 0, key form fails 0; 9800 evals [2 s]
#   unit {"file": "k4_certs_5_pure.json.gz", "pos": 1346} k4_certs_5_pure.json.gz#1346[m=9,idx=419]: start [0, 0, 0, 0, -1000000, 0, 0, -1000000, 0] best [0, 0, 0, 0, -1000000, 0, 0, -1000000, 0] chain profiles 0 (states 0), maxw 0, DL_RC fails 0, key form fails 0; 9800 evals [2 s]
#   unit {"file": "k4_certs_5_pure.json.gz", "pos": 1343} k4_certs_5_pure.json.gz#1343[m=9,idx=416]: start [0, 0, 0, 0, -1000000, 0, 0, -1000000, 0] best [0, 0, 0, 0, -1, 1, 3, -14, 13] chain profiles 0 (states 0), maxw 0, DL_RC fails 0, key form fails 0; 9800 evals [2 s]
#   unit {"file": "k4_certs_5_pure.json.gz", "pos": 1350} k4_certs_5_pure.json.gz#1350[m=9,idx=423]: start [0, 0, 0, 0, -1000000, 0, 0, -1000000, 0] best [0, 0, 0, 0, -1000000, 0, 0, -1000000, 0] chain profiles 0 (states 0), maxw 0, DL_RC fails 0, key form fails 0; 9800 evals [2 s]
#   unit {"file": "k4_certs_5_pure.json.gz", "pos": 1362} k4_certs_5_pure.json.gz#1362[m=9,idx=435]: start [0, 0, 0, 0, -1000000, 0, 0, -1000000, 0] best [0, 0, 0, 0, -1000000, 0, 0, -1000000, 0] chain profiles 0 (states 0), maxw 0, DL_RC fails 0, key form fails 0; 9800 evals [2 s]
#   unit {"file": "k4_certs_5_pure.json.gz", "pos": 1364} k4_certs_5_pure.json.gz#1364[m=9,idx=437]: start [0, 0, 0, 0, -1000000, 0, 0, -1000000, 0] best [0, 0, 0, 0, -1000000, 0, 0, -1000000, 0] chain profiles 0 (states 0), maxw 0, DL_RC fails 0, key form fails 0; 9800 evals [1 s]
#   unit {"file": "k4_certs_5_pure.json.gz", "pos": 1365} k4_certs_5_pure.json.gz#1365[m=9,idx=438]: start [0, 0, 0, 0, -1000000, 0, 0, -1000000, 0] best [0, 0, 0, 0, -1000000, 0, 0, -1000000, 0] chain profiles 0 (states 0), maxw 0, DL_RC fails 0, key form fails 0; 9800 evals [2 s]
#   unit {"file": "k4_certs_5_pure.json.gz", "pos": 1369} k4_certs_5_pure.json.gz#1369[m=9,idx=442]: start [0, 0, 0, 0, -1000000, 0, 0, -1000000, 0] best [0, 0, 0, 0, -1000000, 0, 0, -1000000, 0] chain profiles 0 (states 0), maxw 0, DL_RC fails 0, key form fails 0; 9800 evals [1 s]
#   unit {"file": "k4_certs_5_pure.json.gz", "pos": 1372} k4_certs_5_pure.json.gz#1372[m=9,idx=445]: start [0, 0, 0, 0, -1000000, 0, 0, -1000000, 0] best [0, 0, 0, 0, -1000000, 0, 0, -1000000, 0] chain profiles 0 (states 0), maxw 0, DL_RC fails 0, key form fails 0; 9800 evals [2 s]
#   unit {"file": "k4_certs_5_pure.json.gz", "pos": 1383} k4_certs_5_pure.json.gz#1383[m=9,idx=456]: start [0, 0, 0, 0, -1000000, 0, 0, -1000000, 0] best [0, 0, 0, 0, -1, 0, 1, -4, 1] chain profiles 0 (states 0), maxw 0, DL_RC fails 0, key form fails 0; 9800 evals [2 s]
#   unit {"file": "k4_certs_5_pure.json.gz", "pos": 1376} k4_certs_5_pure.json.gz#1376[m=9,idx=449]: start [0, 0, 0, 0, -1000000, 0, 0, -1000000, 0] best [0, 0, 0, 0, -3, 0, 2, -24, 6] chain profiles 0 (states 0), maxw 0, DL_RC fails 0, key form fails 0; 9800 evals [2 s]
#   unit {"file": "k4_certs_5_pure.json.gz", "pos": 1389} k4_certs_5_pure.json.gz#1389[m=9,idx=462]: start [0, 0, 0, 0, -1000000, 0, 0, -1000000, 0] best [0, 0, 0, 0, -2, 0, 2, -22, 6] chain profiles 0 (states 0), maxw 0, DL_RC fails 0, key form fails 0; 9800 evals [2 s]
#   unit {"file": "k4_certs_5_pure.json.gz", "pos": 1393} k4_certs_5_pure.json.gz#1393[m=9,idx=466]: start [0, 0, 0, 0, -1000000, 0, 0, -1000000, 0] best [0, 0, 0, 0, -2, 0, 1, -11, 1] chain profiles 0 (states 0), maxw 0, DL_RC fails 0, key form fails 0; 9800 evals [2 s]
#   unit {"file": "k4_certs_5_pure.json.gz", "pos": 1397} k4_certs_5_pure.json.gz#1397[m=9,idx=470]: start [0, 0, 0, 0, -1000000, 0, 0, -1000000, 0] best [0, 0, 0, 0, -2, 0, 1, -16, 1] chain profiles 0 (states 0), maxw 0, DL_RC fails 0, key form fails 0; 9800 evals [2 s]
#   unit {"file": "k4_certs_5_pure.json.gz", "pos": 1412} k4_certs_5_pure.json.gz#1412[m=9,idx=485]: start [0, 0, 0, 0, -1000000, 0, 0, -1000000, 0] best [0, 0, 0, 0, -2, 0, 2, -21, 4] chain profiles 0 (states 0), maxw 0, DL_RC fails 0, key form fails 0; 9800 evals [2 s]
#   unit {"file": "k4_certs_5_pure.json.gz", "pos": 1414} k4_certs_5_pure.json.gz#1414[m=9,idx=487]: start [0, 0, 0, 0, -1000000, 0, 0, -1000000, 0] best [0, 0, 0, 0, -1000000, 0, 0, -1000000, 0] chain profiles 0 (states 0), maxw 0, DL_RC fails 0, key form fails 0; 9800 evals [2 s]
#   unit {"file": "k4_certs_5_pure.json.gz", "pos": 1415} k4_certs_5_pure.json.gz#1415[m=9,idx=488]: start [0, 0, 0, 0, -1000000, 0, 0, -1000000, 0] best [0, 0, 0, 0, -2, 0, 1, -19, 1] chain profiles 0 (states 0), maxw 0, DL_RC fails 0, key form fails 0; 9800 evals [2 s]
#   unit {"file": "k4_certs_5_pure.json.gz", "pos": 1426} k4_certs_5_pure.json.gz#1426[m=9,idx=499]: start [0, 0, 0, 0, -1000000, 0, 0, -1000000, 0] best [0, 0, 0, 0, -1000000, 0, 0, -1000000, 0] chain profiles 0 (states 0), maxw 0, DL_RC fails 0, key form fails 0; 9800 evals [1 s]
#   unit {"file": "k4_certs_5_pure.json.gz", "pos": 1419} k4_certs_5_pure.json.gz#1419[m=9,idx=492]: start [0, 0, 0, 0, -1000000, 0, 0, -1000000, 0] best [0, 0, 0, 0, -1000000, 0, 0, -1000000, 0] chain profiles 0 (states 0), maxw 0, DL_RC fails 0, key form fails 0; 9800 evals [2 s]
#   unit {"file": "k4_certs_5_pure.json.gz", "pos": 1427} k4_certs_5_pure.json.gz#1427[m=9,idx=500]: start [0, 0, 0, 0, -1000000, 0, 0, -1000000, 0] best [0, 0, 0, 0, -1000000, 0, 0, -1000000, 0] chain profiles 0 (states 0), maxw 0, DL_RC fails 0, key form fails 0; 9800 evals [2 s]
#   unit {"file": "k4_certs_5_pure.json.gz", "pos": 1428} k4_certs_5_pure.json.gz#1428[m=9,idx=501]: start [0, 0, 0, 0, -1000000, 0, 0, -1000000, 0] best [0, 0, 0, 0, -1000000, 0, 0, -1000000, 0] chain profiles 0 (states 0), maxw 0, DL_RC fails 0, key form fails 0; 9800 evals [2 s]
#   unit {"file": "k4_certs_5_pure.json.gz", "pos": 1429} k4_certs_5_pure.json.gz#1429[m=9,idx=502]: start [0, 0, 0, 0, -1000000, 0, 0, -1000000, 0] best [0, 0, 0, 0, -2, 0, 2, -19, 1] chain profiles 0 (states 0), maxw 0, DL_RC fails 0, key form fails 0; 9800 evals [2 s]
#   unit {"file": "k4_certs_5_pure.json.gz", "pos": 1430} k4_certs_5_pure.json.gz#1430[m=9,idx=503]: start [0, 0, 0, 0, -1000000, 0, 0, -1000000, 0] best [0, 0, 0, 0, -1, 0, 1, -17, 1] chain profiles 0 (states 0), maxw 0, DL_RC fails 0, key form fails 0; 9800 evals [2 s]
#   unit {"file": "k4_certs_5_pure.json.gz", "pos": 1431} k4_certs_5_pure.json.gz#1431[m=9,idx=504]: start [0, 0, 0, 0, -1000000, 0, 0, -1000000, 0] best [0, 0, 0, 0, -1000000, 0, 0, -1000000, 0] chain profiles 0 (states 0), maxw 0, DL_RC fails 0, key form fails 0; 9800 evals [1 s]
#   unit {"file": "k4_certs_5_pure.json.gz", "pos": 1442} k4_certs_5_pure.json.gz#1442[m=9,idx=515]: start [0, 0, 0, 0, -1000000, 0, 0, -1000000, 0] best [0, 0, 0, 0, -2, 0, 2, -17, 6] chain profiles 0 (states 0), maxw 0, DL_RC fails 0, key form fails 0; 9800 evals [2 s]
#   unit {"file": "k4_certs_5_pure.json.gz", "pos": 1444} k4_certs_5_pure.json.gz#1444[m=9,idx=517]: start [0, 0, 0, 0, -1000000, 0, 0, -1000000, 0] best [0, 0, 0, 0, -2, 0, 1, -22, 1] chain profiles 0 (states 0), maxw 0, DL_RC fails 0, key form fails 0; 9800 evals [2 s]
#   unit {"file": "k4_certs_5_pure.json.gz", "pos": 1445} k4_certs_5_pure.json.gz#1445[m=9,idx=518]: start [0, 0, 0, 0, -1000000, 0, 0, -1000000, 0] best [0, 0, 0, 0, -2, 0, 1, -20, 2] chain profiles 0 (states 0), maxw 0, DL_RC fails 0, key form fails 0; 9800 evals [2 s]
#   unit {"file": "k4_certs_5_pure.json.gz", "pos": 1446} k4_certs_5_pure.json.gz#1446[m=9,idx=519]: start [0, 0, 0, 0, -1000000, 0, 0, -1000000, 0] best [0, 0, 0, 0, -1000000, 0, 0, -1000000, 0] chain profiles 0 (states 0), maxw 0, DL_RC fails 0, key form fails 0; 9800 evals [2 s]
#   unit {"file": "k4_certs_5_pure.json.gz", "pos": 1450} k4_certs_5_pure.json.gz#1450[m=9,idx=523]: start [0, 0, 0, 0, -1000000, 0, 0, -1000000, 0] best [0, 0, 0, 0, -1000000, 0, 0, -1000000, 0] chain profiles 0 (states 0), maxw 0, DL_RC fails 0, key form fails 0; 9800 evals [1 s]
#   unit {"file": "k4_certs_5_pure.json.gz", "pos": 1451} k4_certs_5_pure.json.gz#1451[m=9,idx=524]: start [0, 0, 0, 0, -1000000, 0, 0, -1000000, 0] best [0, 0, 0, 0, -1000000, 0, 0, -1000000, 0] chain profiles 0 (states 0), maxw 0, DL_RC fails 0, key form fails 0; 9800 evals [1 s]
#   unit {"file": "k4_certs_5_pure.json.gz", "pos": 1456} k4_certs_5_pure.json.gz#1456[m=9,idx=529]: start [0, 0, 0, 0, -1000000, 0, 0, -1000000, 0] best [0, 0, 0, 0, -1000000, 0, 0, -1000000, 0] chain profiles 0 (states 0), maxw 0, DL_RC fails 0, key form fails 0; 9800 evals [1 s]
#   unit {"file": "k4_certs_5_pure.json.gz", "pos": 1457} k4_certs_5_pure.json.gz#1457[m=9,idx=530]: start [0, 0, 0, 0, -1000000, 0, 0, -1000000, 0] best [0, 0, 0, 0, -1000000, 0, 0, -1000000, 0] chain profiles 0 (states 0), maxw 0, DL_RC fails 0, key form fails 0; 9800 evals [1 s]
#   unit {"file": "k4_certs_5_pure.json.gz", "pos": 1460} k4_certs_5_pure.json.gz#1460[m=9,idx=533]: start [0, 0, 0, 0, -1000000, 0, 0, -1000000, 0] best [0, 0, 0, 0, -2, 0, 2, -17, 2] chain profiles 0 (states 0), maxw 0, DL_RC fails 0, key form fails 0; 9800 evals [2 s]
#   unit {"file": "k4_certs_5_pure.json.gz", "pos": 1461} k4_certs_5_pure.json.gz#1461[m=9,idx=534]: start [0, 0, 0, 0, -1000000, 0, 0, -1000000, 0] best [0, 0, 0, 0, -2, 0, 1, -13, 1] chain profiles 0 (states 0), maxw 0, DL_RC fails 0, key form fails 0; 9800 evals [2 s]
#   unit {"file": "k4_certs_5_pure.json.gz", "pos": 1462} k4_certs_5_pure.json.gz#1462[m=9,idx=535]: start [0, 0, 0, 0, -3, 0, 1, -15, 1] best [0, 0, 0, 0, -2, 0, 1, -7, 1] chain profiles 0 (states 0), maxw 0, DL_RC fails 0, key form fails 0; 9800 evals [2 s]
#   unit {"file": "k4_certs_5_pure.json.gz", "pos": 1463} k4_certs_5_pure.json.gz#1463[m=9,idx=536]: start [0, 0, 0, 0, -1000000, 0, 0, -1000000, 0] best [0, 0, 0, 0, -2, 0, 1, -12, 1] chain profiles 0 (states 0), maxw 0, DL_RC fails 0, key form fails 0; 9800 evals [2 s]
#   unit {"file": "k4_certs_5_pure.json.gz", "pos": 1467} k4_certs_5_pure.json.gz#1467[m=9,idx=540]: start [0, 0, 0, 0, -1000000, 0, 0, -1000000, 0] best [0, 0, 0, 0, -2, 0, 1, -10, 1] chain profiles 0 (states 0), maxw 0, DL_RC fails 0, key form fails 0; 9800 evals [1 s]
#   unit {"file": "k4_certs_5_pure.json.gz", "pos": 1470} k4_certs_5_pure.json.gz#1470[m=9,idx=543]: start [0, 0, 0, 0, -1000000, 0, 0, -1000000, 0] best [0, 0, 0, 0, -2, 0, 1, -38, 1] chain profiles 0 (states 0), maxw 0, DL_RC fails 0, key form fails 0; 9800 evals [1 s]
#   unit {"file": "k4_certs_5_pure.json.gz", "pos": 1476} k4_certs_5_pure.json.gz#1476[m=9,idx=549]: start [0, 0, 0, 0, -1000000, 0, 0, -1000000, 0] best [0, 0, 0, 0, -2, 0, 1, -13, 3] chain profiles 0 (states 0), maxw 0, DL_RC fails 0, key form fails 0; 9800 evals [2 s]
#   unit {"file": "k4_certs_5_pure.json.gz", "pos": 1480} k4_certs_5_pure.json.gz#1480[m=9,idx=553]: start [0, 0, 0, 0, -1000000, 0, 0, -1000000, 0] best [0, 0, 0, 0, -2, 0, 1, -6, 1] chain profiles 0 (states 0), maxw 0, DL_RC fails 0, key form fails 0; 9800 evals [2 s]
#   unit {"file": "k4_certs_5_pure.json.gz", "pos": 1481} k4_certs_5_pure.json.gz#1481[m=9,idx=554]: start [0, 0, 0, 0, -1000000, 0, 0, -1000000, 0] best [0, 0, 0, 0, -2, 0, 1, -15, 1] chain profiles 0 (states 0), maxw 0, DL_RC fails 0, key form fails 0; 9800 evals [1 s]
#   unit {"file": "k4_certs_5_pure.json.gz", "pos": 1488} k4_certs_5_pure.json.gz#1488[m=9,idx=561]: start [0, 0, 0, 0, -1000000, 0, 0, -1000000, 0] best [0, 0, 0, 0, -1000000, 0, 0, -1000000, 0] chain profiles 0 (states 0), maxw 0, DL_RC fails 0, key form fails 0; 9800 evals [1 s]
#   unit {"file": "k4_certs_5_pure.json.gz", "pos": 1489} k4_certs_5_pure.json.gz#1489[m=9,idx=562]: start [0, 0, 0, 0, -1000000, 0, 0, -1000000, 0] best [0, 0, 0, 0, -1000000, 0, 0, -1000000, 0] chain profiles 0 (states 0), maxw 0, DL_RC fails 0, key form fails 0; 9800 evals [1 s]
#   unit {"file": "k4_certs_5_pure.json.gz", "pos": 1490} k4_certs_5_pure.json.gz#1490[m=9,idx=563]: start [0, 0, 0, 0, -1000000, 0, 0, -1000000, 0] best [0, 0, 0, 0, -1, 0, 1, -7, 2] chain profiles 0 (states 0), maxw 0, DL_RC fails 0, key form fails 0; 9800 evals [2 s]
#   unit {"file": "k4_certs_5_pure.json.gz", "pos": 1492} k4_certs_5_pure.json.gz#1492[m=9,idx=565]: start [0, 0, 0, 0, -1000000, 0, 0, -1000000, 0] best [0, 0, 0, 0, -2, 0, 1, -15, 1] chain profiles 0 (states 0), maxw 0, DL_RC fails 0, key form fails 0; 9800 evals [2 s]
#   unit {"file": "k4_certs_5_pure.json.gz", "pos": 1495} k4_certs_5_pure.json.gz#1495[m=9,idx=568]: start [0, 0, 0, 0, -1000000, 0, 0, -1000000, 0] best [0, 0, 0, 0, -2, 0, 1, -17, 1] chain profiles 0 (states 0), maxw 0, DL_RC fails 0, key form fails 0; 9800 evals [2 s]
#   unit {"file": "k4_certs_5_pure.json.gz", "pos": 1497} k4_certs_5_pure.json.gz#1497[m=9,idx=570]: start [0, 0, 0, 0, -1000000, 0, 0, -1000000, 0] best [0, 0, 0, 0, -1000000, 0, 0, -1000000, 0] chain profiles 0 (states 0), maxw 0, DL_RC fails 0, key form fails 0; 9800 evals [1 s]
#   unit {"file": "k4_certs_5_pure.json.gz", "pos": 1508} k4_certs_5_pure.json.gz#1508[m=9,idx=581]: start [0, 0, 0, 0, -1000000, 0, 0, -1000000, 0] best [0, 0, 0, 0, -1000000, 0, 0, -1000000, 0] chain profiles 0 (states 0), maxw 0, DL_RC fails 0, key form fails 0; 9800 evals [2 s]
#   unit {"file": "k4_certs_5_pure.json.gz", "pos": 1513} k4_certs_5_pure.json.gz#1513[m=9,idx=586]: start [0, 0, 0, 0, -1000000, 0, 0, -1000000, 0] best [0, 0, 0, 0, -2, 0, 2, -23, 4] chain profiles 0 (states 0), maxw 0, DL_RC fails 0, key form fails 0; 9800 evals [2 s]
#   unit {"file": "k4_certs_5_pure.json.gz", "pos": 1514} k4_certs_5_pure.json.gz#1514[m=9,idx=587]: start [0, 0, 0, 0, -1000000, 0, 0, -1000000, 0] best [0, 0, 0, 0, -2, 0, 1, -10, 4] chain profiles 0 (states 0), maxw 0, DL_RC fails 0, key form fails 0; 9800 evals [2 s]
#   unit {"file": "k4_certs_5_pure.json.gz", "pos": 1516} k4_certs_5_pure.json.gz#1516[m=9,idx=589]: start [0, 0, 0, 0, -1000000, 0, 0, -1000000, 0] best [0, 0, 0, 0, -1000000, 0, 0, -1000000, 0] chain profiles 0 (states 0), maxw 0, DL_RC fails 0, key form fails 0; 9800 evals [1 s]
#   unit {"file": "k4_certs_5_pure.json.gz", "pos": 1525} k4_certs_5_pure.json.gz#1525[m=9,idx=598]: start [0, 0, 0, 0, -1000000, 0, 0, -1000000, 0] best [0, 0, 0, 0, -2, 0, 1, -15, 2] chain profiles 0 (states 0), maxw 0, DL_RC fails 0, key form fails 0; 9800 evals [2 s]
#   unit {"file": "k4_certs_5_pure.json.gz", "pos": 1536} k4_certs_5_pure.json.gz#1536[m=9,idx=609]: start [0, 0, 0, 0, -1000000, 0, 0, -1000000, 0] best [0, 0, 0, 0, -1000000, 0, 0, -1000000, 0] chain profiles 0 (states 0), maxw 0, DL_RC fails 0, key form fails 0; 9800 evals [1 s]
#   unit {"file": "k4_certs_5_pure.json.gz", "pos": 1535} k4_certs_5_pure.json.gz#1535[m=9,idx=608]: start [0, 0, 0, 0, -1000000, 0, 0, -1000000, 0] best [0, 0, 0, 0, -1000000, 0, 0, -1000000, 0] chain profiles 0 (states 0), maxw 0, DL_RC fails 0, key form fails 0; 9800 evals [2 s]
#   unit {"file": "k4_certs_5_pure.json.gz", "pos": 1529} k4_certs_5_pure.json.gz#1529[m=9,idx=602]: start [0, 0, 0, 0, -3, 0, 1, -42, 2] best [0, 0, 0, 0, -2, 0, 1, -26, 3] chain profiles 0 (states 0), maxw 0, DL_RC fails 0, key form fails 0; 9800 evals [2 s]
#   unit {"file": "k4_certs_5_pure.json.gz", "pos": 1538} k4_certs_5_pure.json.gz#1538[m=9,idx=611]: start [0, 0, 0, 0, -1000000, 0, 0, -1000000, 0] best [0, 0, 0, 0, -3, 0, 1, -23, 2] chain profiles 0 (states 0), maxw 0, DL_RC fails 0, key form fails 0; 9800 evals [1 s]
#   unit {"file": "k4_certs_5_pure.json.gz", "pos": 1543} k4_certs_5_pure.json.gz#1543[m=9,idx=616]: start [0, 0, 0, 0, -1000000, 0, 0, -1000000, 0] best [0, 0, 0, 0, -1000000, 0, 0, -1000000, 0] chain profiles 0 (states 0), maxw 0, DL_RC fails 0, key form fails 0; 9800 evals [1 s]
#   unit {"file": "k4_certs_5_pure.json.gz", "pos": 1545} k4_certs_5_pure.json.gz#1545[m=9,idx=618]: start [0, 0, 0, 0, -1000000, 0, 0, -1000000, 0] best [0, 0, 0, 0, -2, 0, 1, -11, 2] chain profiles 0 (states 0), maxw 0, DL_RC fails 0, key form fails 0; 9800 evals [2 s]
#   unit {"file": "k4_certs_5_pure.json.gz", "pos": 1556} k4_certs_5_pure.json.gz#1556[m=9,idx=629]: start [0, 0, 0, 0, -1000000, 0, 0, -1000000, 0] best [0, 0, 0, 0, -1000000, 0, 0, -1000000, 0] chain profiles 0 (states 0), maxw 0, DL_RC fails 0, key form fails 0; 9800 evals [2 s]
#   unit {"file": "k4_certs_5_pure.json.gz", "pos": 1557} k4_certs_5_pure.json.gz#1557[m=9,idx=630]: start [0, 0, 0, 0, -1000000, 0, 0, -1000000, 0] best [0, 0, 0, 0, -2, 0, 1, -11, 1] chain profiles 0 (states 0), maxw 0, DL_RC fails 0, key form fails 0; 9800 evals [2 s]
#   unit {"file": "k4_certs_5_pure.json.gz", "pos": 1559} k4_certs_5_pure.json.gz#1559[m=9,idx=632]: start [0, 0, 0, 0, -3, 0, 1, -15, 3] best [0, 0, 0, 0, -1, 0, 1, -6, 4] chain profiles 0 (states 0), maxw 0, DL_RC fails 0, key form fails 0; 9800 evals [2 s]
#   unit {"file": "k4_certs_5_pure.json.gz", "pos": 1561} k4_certs_5_pure.json.gz#1561[m=9,idx=634]: start [0, 0, 0, 0, -1000000, 0, 0, -1000000, 0] best [0, 0, 0, 0, -2, 0, 1, -14, 1] chain profiles 0 (states 0), maxw 0, DL_RC fails 0, key form fails 0; 9800 evals [2 s]
#   unit {"file": "k4_certs_5_pure.json.gz", "pos": 1565} k4_certs_5_pure.json.gz#1565[m=9,idx=638]: start [0, 0, 0, 0, -1000000, 0, 0, -1000000, 0] best [0, 0, 0, 0, -2, 0, 2, -35, 3] chain profiles 0 (states 0), maxw 0, DL_RC fails 0, key form fails 0; 9800 evals [2 s]
#   unit {"file": "k4_certs_5_pure.json.gz", "pos": 1569} k4_certs_5_pure.json.gz#1569[m=9,idx=642]: start [0, 0, 0, 0, -1000000, 0, 0, -1000000, 0] best [0, 0, 0, 0, -2, 0, 1, -20, 4] chain profiles 0 (states 0), maxw 0, DL_RC fails 0, key form fails 0; 9800 evals [2 s]
#   unit {"file": "k4_certs_5_pure.json.gz", "pos": 1570} k4_certs_5_pure.json.gz#1570[m=9,idx=643]: start [0, 0, 0, 0, -1000000, 0, 0, -1000000, 0] best [0, 0, 0, 0, -2, 0, 1, -14, 4] chain profiles 0 (states 0), maxw 0, DL_RC fails 0, key form fails 0; 9800 evals [2 s]
#   unit {"file": "k4_certs_5_pure.json.gz", "pos": 1572} k4_certs_5_pure.json.gz#1572[m=9,idx=645]: start [0, 0, 0, 0, -3, 0, 1, -37, 1] best [0, 0, 0, 0, -2, 0, 1, -16, 2] chain profiles 0 (states 0), maxw 0, DL_RC fails 0, key form fails 0; 9800 evals [2 s]
#   unit {"file": "k4_certs_5_pure.json.gz", "pos": 1573} k4_certs_5_pure.json.gz#1573[m=9,idx=646]: start [0, 0, 0, 0, -1000000, 0, 0, -1000000, 0] best [0, 0, 0, 0, -1, 0, 2, -18, 5] chain profiles 0 (states 0), maxw 0, DL_RC fails 0, key form fails 0; 9800 evals [2 s]
#   unit {"file": "k4_certs_5_pure.json.gz", "pos": 1578} k4_certs_5_pure.json.gz#1578[m=9,idx=651]: start [0, 0, 0, 0, -1000000, 0, 0, -1000000, 0] best [0, 0, 0, 0, -2, 0, 1, -5, 2] chain profiles 0 (states 0), maxw 0, DL_RC fails 0, key form fails 0; 9800 evals [2 s]
#   unit {"file": "k4_certs_5_pure.json.gz", "pos": 1582} k4_certs_5_pure.json.gz#1582[m=9,idx=655]: start [0, 0, 0, 0, -1000000, 0, 0, -1000000, 0] best [0, 0, 0, 0, -3, 0, 1, -19, 1] chain profiles 0 (states 0), maxw 0, DL_RC fails 0, key form fails 0; 9800 evals [2 s]
#   unit {"file": "k4_certs_5_pure.json.gz", "pos": 1588} k4_certs_5_pure.json.gz#1588[m=9,idx=661]: start [0, 0, 0, 0, -1000000, 0, 0, -1000000, 0] best [0, 0, 0, 0, -1000000, 0, 0, -1000000, 0] chain profiles 0 (states 0), maxw 0, DL_RC fails 0, key form fails 0; 9800 evals [2 s]
#   unit {"file": "k4_certs_5_pure.json.gz", "pos": 1590} k4_certs_5_pure.json.gz#1590[m=9,idx=663]: start [0, 0, 0, 0, -1000000, 0, 0, -1000000, 0] best [0, 0, 0, 0, -1000000, 0, 0, -1000000, 0] chain profiles 0 (states 0), maxw 0, DL_RC fails 0, key form fails 0; 9800 evals [2 s]
#   unit {"file": "k4_certs_5_pure.json.gz", "pos": 1592} k4_certs_5_pure.json.gz#1592[m=9,idx=665]: start [0, 0, 0, 0, -1000000, 0, 0, -1000000, 0] best [0, 0, 0, 0, -2, 0, 1, -25, 1] chain profiles 0 (states 0), maxw 0, DL_RC fails 0, key form fails 0; 9800 evals [2 s]
#   unit {"file": "k4_certs_5_pure.json.gz", "pos": 1597} k4_certs_5_pure.json.gz#1597[m=9,idx=670]: start [0, 0, 0, 0, -1000000, 0, 0, -1000000, 0] best [0, 0, 0, 0, -1000000, 0, 0, -1000000, 0] chain profiles 0 (states 0), maxw 0, DL_RC fails 0, key form fails 0; 9800 evals [2 s]
#   unit {"file": "k4_certs_5_pure.json.gz", "pos": 1596} k4_certs_5_pure.json.gz#1596[m=9,idx=669]: start [0, 0, 0, 0, -1000000, 0, 0, -1000000, 0] best [0, 0, 0, 0, -2, 0, 2, -16, 12] chain profiles 0 (states 0), maxw 0, DL_RC fails 0, key form fails 0; 9800 evals [2 s]
#   unit {"file": "k4_certs_5_pure.json.gz", "pos": 1603} k4_certs_5_pure.json.gz#1603[m=9,idx=676]: start [0, 0, 0, 0, -1000000, 0, 0, -1000000, 0] best [0, 0, 0, 0, -2, 0, 2, -6, 1] chain profiles 0 (states 0), maxw 0, DL_RC fails 0, key form fails 0; 9800 evals [2 s]
#   unit {"file": "k4_certs_5_pure.json.gz", "pos": 1606} k4_certs_5_pure.json.gz#1606[m=9,idx=679]: start [0, 0, 0, 0, -1000000, 0, 0, -1000000, 0] best [0, 0, 0, 0, -2, 0, 1, -5, 2] chain profiles 0 (states 0), maxw 0, DL_RC fails 0, key form fails 0; 9800 evals [2 s]
#   unit {"file": "k4_certs_5_pure.json.gz", "pos": 1609} k4_certs_5_pure.json.gz#1609[m=9,idx=682]: start [0, 0, 0, 0, -1000000, 0, 0, -1000000, 0] best [0, 0, 0, 0, -1000000, 0, 0, -1000000, 0] chain profiles 0 (states 0), maxw 0, DL_RC fails 0, key form fails 0; 9800 evals [2 s]
#   unit {"file": "k4_certs_5_pure.json.gz", "pos": 1608} k4_certs_5_pure.json.gz#1608[m=9,idx=681]: start [0, 0, 0, 0, -1000000, 0, 0, -1000000, 0] best [0, 0, 0, 0, -3, 0, 1, -26, 2] chain profiles 0 (states 0), maxw 0, DL_RC fails 0, key form fails 0; 9800 evals [2 s]
#   unit {"file": "k4_certs_5_pure.json.gz", "pos": 1607} k4_certs_5_pure.json.gz#1607[m=9,idx=680]: start [0, 0, 0, 0, -3, 0, 1, -48, 1] best [0, 0, 0, 0, -2, 0, 1, -14, 1] chain profiles 0 (states 0), maxw 0, DL_RC fails 0, key form fails 0; 9800 evals [2 s]
#   unit {"file": "k4_certs_5_pure.json.gz", "pos": 1611} k4_certs_5_pure.json.gz#1611[m=9,idx=684]: start [0, 0, 0, 0, -1000000, 0, 0, -1000000, 0] best [0, 0, 0, 0, -2, 0, 1, -16, 2] chain profiles 0 (states 0), maxw 0, DL_RC fails 0, key form fails 0; 9800 evals [2 s]
#   unit {"file": "k4_certs_5_pure.json.gz", "pos": 1619} k4_certs_5_pure.json.gz#1619[m=9,idx=692]: start [0, 0, 0, 0, -1000000, 0, 0, -1000000, 0] best [0, 0, 0, 0, -1000000, 0, 0, -1000000, 0] chain profiles 0 (states 0), maxw 0, DL_RC fails 0, key form fails 0; 9800 evals [2 s]
#   unit {"file": "k4_certs_5_pure.json.gz", "pos": 1621} k4_certs_5_pure.json.gz#1621[m=9,idx=694]: start [0, 0, 0, 0, -1000000, 0, 0, -1000000, 0] best [0, 0, 0, 0, -1000000, 0, 0, -1000000, 0] chain profiles 0 (states 0), maxw 0, DL_RC fails 0, key form fails 0; 9800 evals [1 s]
#   unit {"file": "k4_certs_5_pure.json.gz", "pos": 1618} k4_certs_5_pure.json.gz#1618[m=9,idx=691]: start [0, 0, 0, 0, -1000000, 0, 0, -1000000, 0] best [0, 0, 0, 0, -2, 0, 1, -24, 1] chain profiles 0 (states 0), maxw 0, DL_RC fails 0, key form fails 0; 9800 evals [2 s]
#   unit {"file": "k4_certs_5_pure.json.gz", "pos": 1622} k4_certs_5_pure.json.gz#1622[m=9,idx=695]: start [0, 0, 0, 0, -1000000, 0, 0, -1000000, 0] best [0, 0, 0, 0, -1000000, 0, 0, -1000000, 0] chain profiles 0 (states 0), maxw 0, DL_RC fails 0, key form fails 0; 9800 evals [2 s]
#   unit {"file": "k4_certs_5_pure.json.gz", "pos": 1628} k4_certs_5_pure.json.gz#1628[m=9,idx=701]: start [0, 0, 0, 0, -1000000, 0, 0, -1000000, 0] best [0, 0, 0, 0, -2, 0, 1, -28, 1] chain profiles 0 (states 0), maxw 0, DL_RC fails 0, key form fails 0; 9800 evals [2 s]
#   unit {"file": "k4_certs_5_pure.json.gz", "pos": 1632} k4_certs_5_pure.json.gz#1632[m=9,idx=705]: start [0, 0, 0, 0, -1000000, 0, 0, -1000000, 0] best [0, 0, 0, 0, -1000000, 0, 0, -1000000, 0] chain profiles 0 (states 0), maxw 0, DL_RC fails 0, key form fails 0; 9800 evals [2 s]
#   unit {"file": "k4_certs_5_pure.json.gz", "pos": 1625} k4_certs_5_pure.json.gz#1625[m=9,idx=698]: start [0, 0, 0, 0, -1000000, 0, 0, -1000000, 0] best [0, 0, 0, 0, -1, 0, 1, -11, 2] chain profiles 0 (states 0), maxw 0, DL_RC fails 0, key form fails 0; 9800 evals [2 s]
#   unit {"file": "k4_certs_5_pure.json.gz", "pos": 1633} k4_certs_5_pure.json.gz#1633[m=9,idx=706]: start [0, 0, 0, 0, -1000000, 0, 0, -1000000, 0] best [0, 0, 0, 0, -1000000, 0, 0, -1000000, 0] chain profiles 0 (states 0), maxw 0, DL_RC fails 0, key form fails 0; 9800 evals [2 s]
#   unit {"file": "k4_certs_5_pure.json.gz", "pos": 1636} k4_certs_5_pure.json.gz#1636[m=9,idx=709]: start [0, 0, 0, 0, -1000000, 0, 0, -1000000, 0] best [0, 0, 0, 0, -2, 0, 1, -24, 1] chain profiles 0 (states 0), maxw 0, DL_RC fails 0, key form fails 0; 9800 evals [2 s]
#   unit {"file": "k4_certs_5_pure.json.gz", "pos": 1635} k4_certs_5_pure.json.gz#1635[m=9,idx=708]: start [0, 0, 0, 0, -1000000, 0, 0, -1000000, 0] best [0, 0, 0, 0, -2, 0, 1, -5, 1] chain profiles 0 (states 0), maxw 0, DL_RC fails 0, key form fails 0; 9800 evals [2 s]
#   unit {"file": "k4_certs_5_pure.json.gz", "pos": 1634} k4_certs_5_pure.json.gz#1634[m=9,idx=707]: start [0, 0, 0, 0, -1000000, 0, 0, -1000000, 0] best [0, 0, 0, 0, -1, 0, 1, -3, 3] chain profiles 0 (states 0), maxw 0, DL_RC fails 0, key form fails 0; 9800 evals [2 s]
#   unit {"file": "k4_certs_5_pure.json.gz", "pos": 1637} k4_certs_5_pure.json.gz#1637[m=9,idx=710]: start [0, 0, 0, 0, -1000000, 0, 0, -1000000, 0] best [0, 0, 0, 0, -2, 0, 1, -36, 1] chain profiles 0 (states 0), maxw 0, DL_RC fails 0, key form fails 0; 9800 evals [2 s]
#   unit {"file": "k4_certs_5_pure.json.gz", "pos": 1642} k4_certs_5_pure.json.gz#1642[m=9,idx=715]: start [0, 0, 0, 0, -1000000, 0, 0, -1000000, 0] best [0, 0, 0, 0, -3, 0, 1, -7, 1] chain profiles 0 (states 0), maxw 0, DL_RC fails 0, key form fails 0; 9800 evals [2 s]
#   unit {"file": "k4_certs_5_pure.json.gz", "pos": 1647} k4_certs_5_pure.json.gz#1647[m=9,idx=720]: start [0, 0, 0, 0, -1000000, 0, 0, -1000000, 0] best [0, 0, 0, 0, -1000000, 0, 0, -1000000, 0] chain profiles 0 (states 0), maxw 0, DL_RC fails 0, key form fails 0; 9800 evals [2 s]
#   unit {"file": "k4_certs_5_pure.json.gz", "pos": 1638} k4_certs_5_pure.json.gz#1638[m=9,idx=711]: start [0, 0, 0, 0, -1000000, 0, 0, -1000000, 0] best [0, 0, 0, 0, -2, 0, 2, -3, 3] chain profiles 0 (states 0), maxw 0, DL_RC fails 0, key form fails 0; 9800 evals [2 s]
#   unit {"file": "k4_certs_5_pure.json.gz", "pos": 1653} k4_certs_5_pure.json.gz#1653[m=9,idx=726]: start [0, 0, 0, 0, -1000000, 0, 0, -1000000, 0] best [0, 0, 0, 0, -1000000, 0, 0, -1000000, 0] chain profiles 0 (states 0), maxw 0, DL_RC fails 0, key form fails 0; 9800 evals [1 s]
#   unit {"file": "k4_certs_5_pure.json.gz", "pos": 1657} k4_certs_5_pure.json.gz#1657[m=9,idx=730]: start [0, 0, 0, 0, -1000000, 0, 0, -1000000, 0] best [0, 0, 0, 0, -1000000, 0, 0, -1000000, 0] chain profiles 0 (states 0), maxw 0, DL_RC fails 0, key form fails 0; 9800 evals [2 s]
#   unit {"file": "k4_certs_5_pure.json.gz", "pos": 1656} k4_certs_5_pure.json.gz#1656[m=9,idx=729]: start [0, 0, 0, 0, -1000000, 0, 0, -1000000, 0] best [0, 0, 0, 0, -2, 0, 1, -38, 1] chain profiles 0 (states 0), maxw 0, DL_RC fails 0, key form fails 0; 9800 evals [2 s]
#   unit {"file": "k4_certs_5_pure.json.gz", "pos": 1663} k4_certs_5_pure.json.gz#1663[m=9,idx=736]: start [0, 0, 0, 0, -1000000, 0, 0, -1000000, 0] best [0, 0, 0, 0, -2, 0, 1, -20, 1] chain profiles 0 (states 0), maxw 0, DL_RC fails 0, key form fails 0; 9800 evals [2 s]
#   unit {"file": "k4_certs_5_pure.json.gz", "pos": 1668} k4_certs_5_pure.json.gz#1668[m=9,idx=741]: start [0, 0, 0, 0, -1000000, 0, 0, -1000000, 0] best [0, 0, 0, 0, -1000000, 0, 0, -1000000, 0] chain profiles 0 (states 0), maxw 0, DL_RC fails 0, key form fails 0; 9800 evals [2 s]
#   unit {"file": "k4_certs_5_pure.json.gz", "pos": 1669} k4_certs_5_pure.json.gz#1669[m=9,idx=742]: start [0, 0, 0, 0, -1000000, 0, 0, -1000000, 0] best [0, 0, 0, 0, -2, 0, 1, -22, 1] chain profiles 0 (states 0), maxw 0, DL_RC fails 0, key form fails 0; 9800 evals [2 s]
#   unit {"file": "k4_certs_5_pure.json.gz", "pos": 1673} k4_certs_5_pure.json.gz#1673[m=9,idx=746]: start [0, 0, 0, 0, -1000000, 0, 0, -1000000, 0] best [0, 0, 0, 0, -2, 0, 1, -22, 1] chain profiles 0 (states 0), maxw 0, DL_RC fails 0, key form fails 0; 9800 evals [2 s]
#   unit {"file": "k4_certs_5_pure.json.gz", "pos": 1671} k4_certs_5_pure.json.gz#1671[m=9,idx=744]: start [0, 0, 0, 0, -1000000, 0, 0, -1000000, 0] best [0, 0, 0, 0, -2, 0, 2, -17, 2] chain profiles 0 (states 0), maxw 0, DL_RC fails 0, key form fails 0; 9800 evals [2 s]
#   unit {"file": "k4_certs_5_pure.json.gz", "pos": 1672} k4_certs_5_pure.json.gz#1672[m=9,idx=745]: start [0, 0, 0, 0, -1000000, 0, 0, -1000000, 0] best [0, 0, 0, 0, -2, 0, 1, -14, 1] chain profiles 0 (states 0), maxw 0, DL_RC fails 0, key form fails 0; 9800 evals [2 s]
#   unit {"file": "k4_certs_5_pure.json.gz", "pos": 1680} k4_certs_5_pure.json.gz#1680[m=9,idx=753]: start [0, 0, 0, 0, -1000000, 0, 0, -1000000, 0] best [0, 0, 0, 0, -1, 0, 1, -12, 1] chain profiles 0 (states 0), maxw 0, DL_RC fails 0, key form fails 0; 9800 evals [2 s]
#   unit {"file": "k4_certs_5_pure.json.gz", "pos": 1676} k4_certs_5_pure.json.gz#1676[m=9,idx=749]: start [0, 0, 0, 0, -1000000, 0, 0, -1000000, 0] best [0, 0, 0, 0, -2, 0, 1, -16, 2] chain profiles 0 (states 0), maxw 0, DL_RC fails 0, key form fails 0; 9800 evals [2 s]
#   unit {"file": "k4_certs_5_pure.json.gz", "pos": 1682} k4_certs_5_pure.json.gz#1682[m=9,idx=755]: start [0, 0, 0, 0, -1000000, 0, 0, -1000000, 0] best [0, 0, 0, 0, -1000000, 0, 0, -1000000, 0] chain profiles 0 (states 0), maxw 0, DL_RC fails 0, key form fails 0; 9800 evals [2 s]
#   unit {"file": "k4_certs_5_pure.json.gz", "pos": 1692} k4_certs_5_pure.json.gz#1692[m=9,idx=765]: start [0, 0, 0, 0, -1000000, 0, 0, -1000000, 0] best [0, 0, 0, 0, -1000000, 0, 0, -1000000, 0] chain profiles 0 (states 0), maxw 0, DL_RC fails 0, key form fails 0; 9800 evals [2 s]
#   unit {"file": "k4_certs_5_pure.json.gz", "pos": 1698} k4_certs_5_pure.json.gz#1698[m=9,idx=771]: start [0, 0, 0, 0, -1000000, 0, 0, -1000000, 0] best [0, 0, 0, 0, -2, 0, 1, -10, 2] chain profiles 0 (states 0), maxw 0, DL_RC fails 0, key form fails 0; 9800 evals [2 s]
#   unit {"file": "k4_certs_5_pure.json.gz", "pos": 1699} k4_certs_5_pure.json.gz#1699[m=9,idx=772]: start [0, 0, 0, 0, -1000000, 0, 0, -1000000, 0] best [0, 0, 0, 0, -1000000, 0, 0, -1000000, 0] chain profiles 0 (states 0), maxw 0, DL_RC fails 0, key form fails 0; 9800 evals [2 s]
#   unit {"file": "k4_certs_5_pure.json.gz", "pos": 1700} k4_certs_5_pure.json.gz#1700[m=9,idx=773]: start [0, 0, 0, 0, -1000000, 0, 0, -1000000, 0] best [0, 0, 0, 0, -2, 0, 1, -15, 3] chain profiles 0 (states 0), maxw 0, DL_RC fails 0, key form fails 0; 9800 evals [2 s]
#   unit {"file": "k4_certs_5_pure.json.gz", "pos": 1704} k4_certs_5_pure.json.gz#1704[m=9,idx=777]: start [0, 0, 0, 0, -1000000, 0, 0, -1000000, 0] best [0, 0, 0, 0, -2, 0, 1, -9, 2] chain profiles 0 (states 0), maxw 0, DL_RC fails 0, key form fails 0; 9800 evals [2 s]
#   unit {"file": "k4_certs_5_pure.json.gz", "pos": 1714} k4_certs_5_pure.json.gz#1714[m=9,idx=787]: start [0, 0, 0, 0, -1000000, 0, 0, -1000000, 0] best [0, 0, 0, 0, -2, 0, 2, -27, 8] chain profiles 0 (states 0), maxw 0, DL_RC fails 0, key form fails 0; 9800 evals [2 s]
#   unit {"file": "k4_certs_5_pure.json.gz", "pos": 1706} k4_certs_5_pure.json.gz#1706[m=9,idx=779]: start [0, 0, 0, 0, -3, 0, 1, -22, 2] best [0, 0, 0, 0, -2, 0, 1, -15, 2] chain profiles 0 (states 0), maxw 0, DL_RC fails 0, key form fails 0; 9800 evals [2 s]
#   unit {"file": "k4_certs_5_pure.json.gz", "pos": 1715} k4_certs_5_pure.json.gz#1715[m=9,idx=788]: start [0, 0, 0, 0, -1000000, 0, 0, -1000000, 0] best [0, 0, 0, 0, -1, 0, 2, -9, 11] chain profiles 0 (states 0), maxw 0, DL_RC fails 0, key form fails 0; 9800 evals [2 s]
#   unit {"file": "k4_certs_5_pure.json.gz", "pos": 1716} k4_certs_5_pure.json.gz#1716[m=9,idx=789]: start [0, 0, 0, 0, -1000000, 0, 0, -1000000, 0] best [0, 0, 0, 0, -1, 0, 2, -46, 2] chain profiles 0 (states 0), maxw 0, DL_RC fails 0, key form fails 0; 9800 evals [2 s]
#   unit {"file": "k4_certs_5_pure.json.gz", "pos": 1729} k4_certs_5_pure.json.gz#1729[m=9,idx=802]: start [0, 0, 0, 0, -1000000, 0, 0, -1000000, 0] best [0, 0, 0, 0, -1000000, 0, 0, -1000000, 0] chain profiles 0 (states 0), maxw 0, DL_RC fails 0, key form fails 0; 9800 evals [2 s]
#   unit {"file": "k4_certs_5_pure.json.gz", "pos": 1717} k4_certs_5_pure.json.gz#1717[m=9,idx=790]: start [0, 0, 0, 0, -1000000, 0, 0, -1000000, 0] best [0, 0, 0, 0, -3, 0, 1, -18, 1] chain profiles 0 (states 0), maxw 0, DL_RC fails 0, key form fails 0; 9800 evals [2 s]
#   unit {"file": "k4_certs_5_pure.json.gz", "pos": 1732} k4_certs_5_pure.json.gz#1732[m=9,idx=805]: start [0, 0, 0, 0, -1000000, 0, 0, -1000000, 0] best [0, 0, 0, 0, -2, 0, 1, -7, 1] chain profiles 0 (states 0), maxw 0, DL_RC fails 0, key form fails 0; 9800 evals [1 s]
#   unit {"file": "k4_certs_5_pure.json.gz", "pos": 1733} k4_certs_5_pure.json.gz#1733[m=9,idx=806]: start [0, 0, 0, 0, -1000000, 0, 0, -1000000, 0] best [0, 0, 0, 0, -2, 0, 1, -13, 2] chain profiles 0 (states 0), maxw 0, DL_RC fails 0, key form fails 0; 9800 evals [2 s]
#   unit {"file": "k4_certs_5_pure.json.gz", "pos": 1734} k4_certs_5_pure.json.gz#1734[m=9,idx=807]: start [0, 0, 0, 0, -1000000, 0, 0, -1000000, 0] best [0, 0, 0, 0, -2, 0, 1, -10, 1] chain profiles 0 (states 0), maxw 0, DL_RC fails 0, key form fails 0; 9800 evals [2 s]
#   unit {"file": "k4_certs_5_pure.json.gz", "pos": 1736} k4_certs_5_pure.json.gz#1736[m=9,idx=809]: start [0, 0, 0, 0, -1000000, 0, 0, -1000000, 0] best [0, 0, 0, 0, -1000000, 0, 0, -1000000, 0] chain profiles 0 (states 0), maxw 0, DL_RC fails 0, key form fails 0; 9800 evals [2 s]
#   unit {"file": "k4_certs_5_pure.json.gz", "pos": 1735} k4_certs_5_pure.json.gz#1735[m=9,idx=808]: start [0, 0, 0, 0, -1000000, 0, 0, -1000000, 0] best [0, 0, 0, 0, -1, 0, 1, -8, 4] chain profiles 0 (states 0), maxw 0, DL_RC fails 0, key form fails 0; 9800 evals [2 s]
#   unit {"file": "k4_certs_5_pure.json.gz", "pos": 1742} k4_certs_5_pure.json.gz#1742[m=9,idx=815]: start [0, 0, 0, 0, -1000000, 0, 0, -1000000, 0] best [0, 0, 0, 0, -1000000, 0, 0, -1000000, 0] chain profiles 0 (states 0), maxw 0, DL_RC fails 0, key form fails 0; 9800 evals [1 s]
#   unit {"file": "k4_certs_5_pure.json.gz", "pos": 1756} k4_certs_5_pure.json.gz#1756[m=9,idx=829]: start [0, 0, 0, 0, -1000000, 0, 0, -1000000, 0] best [0, 0, 0, 0, -1000000, 0, 0, -1000000, 0] chain profiles 0 (states 0), maxw 0, DL_RC fails 0, key form fails 0; 9800 evals [2 s]
#   unit {"file": "k4_certs_5_pure.json.gz", "pos": 1759} k4_certs_5_pure.json.gz#1759[m=9,idx=832]: start [0, 0, 0, 0, -1000000, 0, 0, -1000000, 0] best [0, 0, 0, 0, -1000000, 0, 0, -1000000, 0] chain profiles 0 (states 0), maxw 0, DL_RC fails 0, key form fails 0; 9800 evals [2 s]
#   unit {"file": "k4_certs_5_pure.json.gz", "pos": 1766} k4_certs_5_pure.json.gz#1766[m=9,idx=839]: start [0, 0, 0, 0, -1000000, 0, 0, -1000000, 0] best [0, 0, 0, 0, -1000000, 0, 0, -1000000, 0] chain profiles 0 (states 0), maxw 0, DL_RC fails 0, key form fails 0; 9800 evals [2 s]
#   unit {"file": "k4_certs_5_pure.json.gz", "pos": 1768} k4_certs_5_pure.json.gz#1768[m=9,idx=841]: start [0, 0, 0, 0, -1000000, 0, 0, -1000000, 0] best [0, 0, 0, 0, -2, 0, 1, -15, 1] chain profiles 0 (states 0), maxw 0, DL_RC fails 0, key form fails 0; 9800 evals [2 s]
#   unit {"file": "k4_certs_5_pure.json.gz", "pos": 1769} k4_certs_5_pure.json.gz#1769[m=9,idx=842]: start [0, 0, 0, 0, -1000000, 0, 0, -1000000, 0] best [0, 0, 0, 0, -1000000, 0, 0, -1000000, 0] chain profiles 0 (states 0), maxw 0, DL_RC fails 0, key form fails 0; 9800 evals [1 s]
#   unit {"file": "k4_certs_5_pure.json.gz", "pos": 1770} k4_certs_5_pure.json.gz#1770[m=9,idx=843]: start [0, 0, 0, 0, -1000000, 0, 0, -1000000, 0] best [0, 0, 0, 0, -2, 0, 1, -26, 1] chain profiles 0 (states 0), maxw 0, DL_RC fails 0, key form fails 0; 9800 evals [2 s]
#   unit {"file": "k4_certs_5_pure.json.gz", "pos": 1774} k4_certs_5_pure.json.gz#1774[m=9,idx=847]: start [0, 0, 0, 0, -1000000, 0, 0, -1000000, 0] best [0, 0, 0, 0, -2, 0, 1, -6, 3] chain profiles 0 (states 0), maxw 0, DL_RC fails 0, key form fails 0; 9800 evals [2 s]
#   unit {"file": "k4_certs_5_pure.json.gz", "pos": 1775} k4_certs_5_pure.json.gz#1775[m=9,idx=848]: start [0, 0, 0, 0, -1000000, 0, 0, -1000000, 0] best [0, 0, 0, 0, -2, 0, 1, -21, 1] chain profiles 0 (states 0), maxw 0, DL_RC fails 0, key form fails 0; 9800 evals [2 s]
#   unit {"file": "k4_certs_5_pure.json.gz", "pos": 1778} k4_certs_5_pure.json.gz#1778[m=9,idx=851]: start [0, 0, 0, 0, -1000000, 0, 0, -1000000, 0] best [0, 0, 0, 0, -1, 0, 1, -8, 2] chain profiles 0 (states 0), maxw 0, DL_RC fails 0, key form fails 0; 9800 evals [2 s]
#   unit {"file": "k4_certs_5_pure.json.gz", "pos": 1781} k4_certs_5_pure.json.gz#1781[m=9,idx=854]: start [0, 0, 0, 0, -1000000, 0, 0, -1000000, 0] best [0, 0, 0, 0, -3, 0, 1, -7, 1] chain profiles 0 (states 0), maxw 0, DL_RC fails 0, key form fails 0; 9800 evals [2 s]
#   unit {"file": "k4_certs_5_pure.json.gz", "pos": 1785} k4_certs_5_pure.json.gz#1785[m=9,idx=858]: start [0, 0, 0, 0, -1000000, 0, 0, -1000000, 0] best [0, 0, 0, 0, -3, 0, 2, -17, 5] chain profiles 0 (states 0), maxw 0, DL_RC fails 0, key form fails 0; 9800 evals [2 s]
#   unit {"file": "k4_certs_5_pure.json.gz", "pos": 1787} k4_certs_5_pure.json.gz#1787[m=9,idx=860]: start [0, 0, 0, 0, -1000000, 0, 0, -1000000, 0] best [0, 0, 0, 0, -2, 0, 1, -7, 1] chain profiles 0 (states 0), maxw 0, DL_RC fails 0, key form fails 0; 9800 evals [2 s]
#   unit {"file": "k4_certs_5_pure.json.gz", "pos": 1788} k4_certs_5_pure.json.gz#1788[m=9,idx=861]: start [0, 0, 0, 0, -1000000, 0, 0, -1000000, 0] best [0, 0, 0, 0, -2, 0, 1, -11, 2] chain profiles 0 (states 0), maxw 0, DL_RC fails 0, key form fails 0; 9800 evals [2 s]
#   unit {"file": "k4_certs_5_pure.json.gz", "pos": 1790} k4_certs_5_pure.json.gz#1790[m=9,idx=863]: start [0, 0, 0, 0, -1000000, 0, 0, -1000000, 0] best [0, 0, 0, 0, -2, 0, 1, -9, 2] chain profiles 0 (states 0), maxw 0, DL_RC fails 0, key form fails 0; 9800 evals [2 s]
#   unit {"file": "k4_certs_5_pure.json.gz", "pos": 1792} k4_certs_5_pure.json.gz#1792[m=9,idx=865]: start [0, 0, 0, 0, -1000000, 0, 0, -1000000, 0] best [0, 0, 0, 0, -1000000, 0, 0, -1000000, 0] chain profiles 0 (states 0), maxw 0, DL_RC fails 0, key form fails 0; 9800 evals [1 s]
#   unit {"file": "k4_certs_5_pure.json.gz", "pos": 1804} k4_certs_5_pure.json.gz#1804[m=9,idx=877]: start [0, 0, 0, 0, -1000000, 0, 0, -1000000, 0] best [0, 0, 0, 0, -1000000, 0, 0, -1000000, 0] chain profiles 0 (states 0), maxw 0, DL_RC fails 0, key form fails 0; 9800 evals [1 s]
#   unit {"file": "k4_certs_5_pure.json.gz", "pos": 1802} k4_certs_5_pure.json.gz#1802[m=9,idx=875]: start [0, 0, 0, 0, -1000000, 0, 0, -1000000, 0] best [0, 0, 0, 0, -2, 0, 2, -8, 2] chain profiles 0 (states 0), maxw 0, DL_RC fails 0, key form fails 0; 9800 evals [2 s]
#   unit {"file": "k4_certs_5_pure.json.gz", "pos": 1806} k4_certs_5_pure.json.gz#1806[m=9,idx=879]: start [0, 0, 0, 0, -1000000, 0, 0, -1000000, 0] best [0, 0, 0, 0, -1000000, 0, 0, -1000000, 0] chain profiles 0 (states 0), maxw 0, DL_RC fails 0, key form fails 0; 9800 evals [1 s]
#   unit {"file": "k4_certs_5_pure.json.gz", "pos": 1808} k4_certs_5_pure.json.gz#1808[m=9,idx=881]: start [0, 0, 0, 0, -4, 0, 1, -38, 1] best [0, 0, 0, 0, -2, 0, 1, -7, 1] chain profiles 0 (states 0), maxw 0, DL_RC fails 0, key form fails 0; 9800 evals [2 s]
#   unit {"file": "k4_certs_5_pure.json.gz", "pos": 1810} k4_certs_5_pure.json.gz#1810[m=9,idx=883]: start [0, 0, 0, 0, -1000000, 0, 0, -1000000, 0] best [0, 0, 0, 0, -2, 0, 1, -11, 6] chain profiles 0 (states 0), maxw 0, DL_RC fails 0, key form fails 0; 9800 evals [2 s]
#   unit {"file": "k4_certs_5_pure.json.gz", "pos": 1811} k4_certs_5_pure.json.gz#1811[m=9,idx=884]: start [0, 0, 0, 0, -1000000, 0, 0, -1000000, 0] best [0, 0, 0, 0, -2, 0, 2, -29, 6] chain profiles 0 (states 0), maxw 0, DL_RC fails 0, key form fails 0; 9800 evals [2 s]
#   unit {"file": "k4_certs_5_pure.json.gz", "pos": 1813} k4_certs_5_pure.json.gz#1813[m=9,idx=886]: start [0, 0, 0, 0, -1000000, 0, 0, -1000000, 0] best [0, 0, 0, 0, -1000000, 0, 0, -1000000, 0] chain profiles 0 (states 0), maxw 0, DL_RC fails 0, key form fails 0; 9800 evals [2 s]
#   unit {"file": "k4_certs_5_pure.json.gz", "pos": 1825} k4_certs_5_pure.json.gz#1825[m=9,idx=898]: start [0, 0, 0, 0, -1000000, 0, 0, -1000000, 0] best [0, 0, 0, 0, -1000000, 0, 0, -1000000, 0] chain profiles 0 (states 0), maxw 0, DL_RC fails 0, key form fails 0; 9800 evals [1 s]
#   unit {"file": "k4_certs_5_pure.json.gz", "pos": 1829} k4_certs_5_pure.json.gz#1829[m=9,idx=902]: start [0, 0, 0, 0, -1000000, 0, 0, -1000000, 0] best [0, 0, 0, 0, -2, 0, 1, -19, 4] chain profiles 0 (states 0), maxw 0, DL_RC fails 0, key form fails 0; 9800 evals [2 s]
#   unit {"file": "k4_certs_5_pure.json.gz", "pos": 1833} k4_certs_5_pure.json.gz#1833[m=9,idx=906]: start [0, 0, 0, 0, -1000000, 0, 0, -1000000, 0] best [0, 0, 0, 0, -2, 0, 1, -27, 1] chain profiles 0 (states 0), maxw 0, DL_RC fails 0, key form fails 0; 9800 evals [2 s]
#   unit {"file": "k4_certs_5_pure.json.gz", "pos": 1834} k4_certs_5_pure.json.gz#1834[m=9,idx=907]: start [0, 0, 0, 0, -1000000, 0, 0, -1000000, 0] best [0, 0, 0, 0, -2, 0, 2, -29, 7] chain profiles 0 (states 0), maxw 0, DL_RC fails 0, key form fails 0; 9800 evals [2 s]
#   unit {"file": "k4_certs_5_pure.json.gz", "pos": 1836} k4_certs_5_pure.json.gz#1836[m=9,idx=909]: start [0, 0, 0, 0, -1000000, 0, 0, -1000000, 0] best [0, 0, 0, 0, -1000000, 0, 0, -1000000, 0] chain profiles 0 (states 0), maxw 0, DL_RC fails 0, key form fails 0; 9800 evals [2 s]
#   unit {"file": "k4_certs_5_pure.json.gz", "pos": 1839} k4_certs_5_pure.json.gz#1839[m=9,idx=912]: start [0, 0, 0, 0, -1000000, 0, 0, -1000000, 0] best [0, 0, 0, 0, -2, 0, 2, -10, 6] chain profiles 0 (states 0), maxw 0, DL_RC fails 0, key form fails 0; 9800 evals [2 s]
#   unit {"file": "k4_certs_5_pure.json.gz", "pos": 1840} k4_certs_5_pure.json.gz#1840[m=9,idx=913]: start [0, 0, 0, 0, -1000000, 0, 0, -1000000, 0] best [0, 0, 0, 0, -1000000, 0, 0, -1000000, 0] chain profiles 0 (states 0), maxw 0, DL_RC fails 0, key form fails 0; 9800 evals [2 s]
#   unit {"file": "k4_certs_5_pure.json.gz", "pos": 1844} k4_certs_5_pure.json.gz#1844[m=9,idx=917]: start [0, 0, 0, 0, -1000000, 0, 0, -1000000, 0] best [0, 0, 0, 0, -3, 0, 1, -8, 3] chain profiles 0 (states 0), maxw 0, DL_RC fails 0, key form fails 0; 9800 evals [2 s]
#   unit {"file": "k4_certs_5_pure.json.gz", "pos": 1850} k4_certs_5_pure.json.gz#1850[m=9,idx=923]: start [0, 0, 0, 0, -1000000, 0, 0, -1000000, 0] best [0, 0, 0, 0, -2, 0, 1, -19, 1] chain profiles 0 (states 0), maxw 0, DL_RC fails 0, key form fails 0; 9800 evals [2 s]
#   unit {"file": "k4_certs_5_pure.json.gz", "pos": 1851} k4_certs_5_pure.json.gz#1851[m=9,idx=924]: start [0, 0, 0, 0, -1000000, 0, 0, -1000000, 0] best [0, 0, 0, 0, -1000000, 0, 0, -1000000, 0] chain profiles 0 (states 0), maxw 0, DL_RC fails 0, key form fails 0; 9800 evals [1 s]
#   unit {"file": "k4_certs_5_pure.json.gz", "pos": 1852} k4_certs_5_pure.json.gz#1852[m=9,idx=925]: start [0, 0, 0, 0, -1000000, 0, 0, -1000000, 0] best [0, 0, 0, 0, -1000000, 0, 0, -1000000, 0] chain profiles 0 (states 0), maxw 0, DL_RC fails 0, key form fails 0; 9800 evals [1 s]
#   unit {"file": "k4_certs_5_pure.json.gz", "pos": 1854} k4_certs_5_pure.json.gz#1854[m=9,idx=927]: start [0, 0, 0, 0, -1000000, 0, 0, -1000000, 0] best [0, 0, 0, 0, -1000000, 0, 0, -1000000, 0] chain profiles 0 (states 0), maxw 0, DL_RC fails 0, key form fails 0; 9800 evals [1 s]
#   unit {"file": "k4_certs_5_pure.json.gz", "pos": 1858} k4_certs_5_pure.json.gz#1858[m=9,idx=931]: start [0, 0, 0, 0, -1000000, 0, 0, -1000000, 0] best [0, 0, 0, 0, -2, 0, 1, -18, 1] chain profiles 0 (states 0), maxw 0, DL_RC fails 0, key form fails 0; 9800 evals [1 s]
#   unit {"file": "k4_certs_5_pure.json.gz", "pos": 1872} k4_certs_5_pure.json.gz#1872[m=9,idx=945]: start [0, 0, 0, 0, -1000000, 0, 0, -1000000, 0] best [0, 0, 0, 0, -2, 0, 1, -23, 1] chain profiles 0 (states 0), maxw 0, DL_RC fails 0, key form fails 0; 9800 evals [2 s]
#   unit {"file": "k4_certs_5_pure.json.gz", "pos": 1874} k4_certs_5_pure.json.gz#1874[m=9,idx=947]: start [0, 0, 0, 0, -1000000, 0, 0, -1000000, 0] best [0, 0, 0, 0, -3, 0, 1, -26, 1] chain profiles 0 (states 0), maxw 0, DL_RC fails 0, key form fails 0; 9800 evals [2 s]
#   unit {"file": "k4_certs_5_pure.json.gz", "pos": 1876} k4_certs_5_pure.json.gz#1876[m=9,idx=949]: start [0, 0, 0, 0, -1000000, 0, 0, -1000000, 0] best [0, 0, 0, 0, -1, 0, 1, -6, 6] chain profiles 0 (states 0), maxw 0, DL_RC fails 0, key form fails 0; 9800 evals [2 s]
#   unit {"file": "k4_certs_5_pure.json.gz", "pos": 1881} k4_certs_5_pure.json.gz#1881[m=9,idx=954]: start [0, 0, 0, 0, -1000000, 0, 0, -1000000, 0] best [0, 0, 0, 0, -2, 0, 1, -7, 2] chain profiles 0 (states 0), maxw 0, DL_RC fails 0, key form fails 0; 9800 evals [2 s]
#   unit {"file": "k4_certs_5_pure.json.gz", "pos": 1889} k4_certs_5_pure.json.gz#1889[m=9,idx=962]: start [0, 0, 0, 0, -1000000, 0, 0, -1000000, 0] best [0, 0, 0, 0, -1000000, 0, 0, -1000000, 0] chain profiles 0 (states 0), maxw 0, DL_RC fails 0, key form fails 0; 9800 evals [2 s]
#   unit {"file": "k4_certs_5_pure.json.gz", "pos": 1890} k4_certs_5_pure.json.gz#1890[m=9,idx=963]: start [0, 0, 0, 0, -1000000, 0, 0, -1000000, 0] best [0, 0, 0, 0, -1000000, 0, 0, -1000000, 0] chain profiles 0 (states 0), maxw 0, DL_RC fails 0, key form fails 0; 9800 evals [2 s]
#   unit {"file": "k4_certs_5_pure.json.gz", "pos": 1895} k4_certs_5_pure.json.gz#1895[m=9,idx=968]: start [0, 0, 0, 0, -1000000, 0, 0, -1000000, 0] best [0, 0, 0, 0, -1000000, 0, 0, -1000000, 0] chain profiles 0 (states 0), maxw 0, DL_RC fails 0, key form fails 0; 9800 evals [2 s]
#   unit {"file": "k4_certs_5_pure.json.gz", "pos": 1896} k4_certs_5_pure.json.gz#1896[m=9,idx=969]: start [0, 0, 0, 0, -1000000, 0, 0, -1000000, 0] best [0, 0, 0, 0, -2, 0, 2, -23, 6] chain profiles 0 (states 0), maxw 0, DL_RC fails 0, key form fails 0; 9800 evals [2 s]
#   unit {"file": "k4_certs_5_pure.json.gz", "pos": 1898} k4_certs_5_pure.json.gz#1898[m=9,idx=971]: start [0, 0, 0, 0, -1000000, 0, 0, -1000000, 0] best [0, 0, 0, 0, -2, 0, 1, -42, 1] chain profiles 0 (states 0), maxw 0, DL_RC fails 0, key form fails 0; 9800 evals [2 s]
#   unit {"file": "k4_certs_5_pure.json.gz", "pos": 1901} k4_certs_5_pure.json.gz#1901[m=9,idx=974]: start [0, 0, 0, 0, -1000000, 0, 0, -1000000, 0] best [0, 0, 0, 0, -2, 0, 1, -34, 2] chain profiles 0 (states 0), maxw 0, DL_RC fails 0, key form fails 0; 9800 evals [2 s]
#   unit {"file": "k4_certs_5_pure.json.gz", "pos": 1902} k4_certs_5_pure.json.gz#1902[m=9,idx=975]: start [0, 0, 0, 0, -1000000, 0, 0, -1000000, 0] best [0, 0, 0, 0, -2, 0, 1, -24, 3] chain profiles 0 (states 0), maxw 0, DL_RC fails 0, key form fails 0; 9800 evals [1 s]
#   unit {"file": "k4_certs_5_pure.json.gz", "pos": 1903} k4_certs_5_pure.json.gz#1903[m=9,idx=976]: start [0, 0, 0, 0, -1000000, 0, 0, -1000000, 0] best [0, 0, 0, 0, -1000000, 0, 0, -1000000, 0] chain profiles 0 (states 0), maxw 0, DL_RC fails 0, key form fails 0; 9800 evals [1 s]
#   unit {"file": "k4_certs_5_pure.json.gz", "pos": 1909} k4_certs_5_pure.json.gz#1909[m=9,idx=982]: start [0, 0, 0, 0, -1000000, 0, 0, -1000000, 0] best [0, 0, 0, 0, -1000000, 0, 0, -1000000, 0] chain profiles 0 (states 0), maxw 0, DL_RC fails 0, key form fails 0; 9800 evals [1 s]
#   unit {"file": "k4_certs_5_pure.json.gz", "pos": 1910} k4_certs_5_pure.json.gz#1910[m=9,idx=983]: start [0, 0, 0, 0, -1000000, 0, 0, -1000000, 0] best [0, 0, 0, 0, -1000000, 0, 0, -1000000, 0] chain profiles 0 (states 0), maxw 0, DL_RC fails 0, key form fails 0; 9800 evals [2 s]
#   unit {"file": "k4_certs_5_pure.json.gz", "pos": 1913} k4_certs_5_pure.json.gz#1913[m=9,idx=986]: start [0, 0, 0, 0, -1000000, 0, 0, -1000000, 0] best [0, 0, 0, 0, -3, 0, 1, -34, 1] chain profiles 0 (states 0), maxw 0, DL_RC fails 0, key form fails 0; 9800 evals [2 s]
#   unit {"file": "k4_certs_5_pure.json.gz", "pos": 1914} k4_certs_5_pure.json.gz#1914[m=9,idx=987]: start [0, 0, 0, 0, -1000000, 0, 0, -1000000, 0] best [0, 0, 0, 0, -1000000, 0, 0, -1000000, 0] chain profiles 0 (states 0), maxw 0, DL_RC fails 0, key form fails 0; 9800 evals [1 s]
#   unit {"file": "k4_certs_5_pure.json.gz", "pos": 1916} k4_certs_5_pure.json.gz#1916[m=9,idx=989]: start [0, 0, 0, 0, -1000000, 0, 0, -1000000, 0] best [0, 0, 0, 0, -2, 0, 1, -12, 3] chain profiles 0 (states 0), maxw 0, DL_RC fails 0, key form fails 0; 9800 evals [2 s]
#   unit {"file": "k4_certs_5_pure.json.gz", "pos": 1919} k4_certs_5_pure.json.gz#1919[m=9,idx=992]: start [0, 0, 0, 0, -1000000, 0, 0, -1000000, 0] best [0, 0, 0, 0, -2, 0, 1, -4, 1] chain profiles 0 (states 0), maxw 0, DL_RC fails 0, key form fails 0; 9800 evals [2 s]
#   unit {"file": "k4_certs_5_pure.json.gz", "pos": 1924} k4_certs_5_pure.json.gz#1924[m=9,idx=997]: start [0, 0, 0, 0, -1000000, 0, 0, -1000000, 0] best [0, 0, 0, 0, -2, 0, 2, -16, 6] chain profiles 0 (states 0), maxw 0, DL_RC fails 0, key form fails 0; 9800 evals [2 s]
#   unit {"file": "k4_certs_5_pure.json.gz", "pos": 1927} k4_certs_5_pure.json.gz#1927[m=9,idx=1000]: start [0, 0, 0, 0, -1000000, 0, 0, -1000000, 0] best [0, 0, 0, 0, -2, 0, 1, -23, 2] chain profiles 0 (states 0), maxw 0, DL_RC fails 0, key form fails 0; 9800 evals [2 s]
#   unit {"file": "k4_certs_5_pure.json.gz", "pos": 1928} k4_certs_5_pure.json.gz#1928[m=9,idx=1001]: start [0, 0, 0, 0, -1000000, 0, 0, -1000000, 0] best [0, 0, 0, 0, -2, 0, 1, -16, 1] chain profiles 0 (states 0), maxw 0, DL_RC fails 0, key form fails 0; 9800 evals [2 s]
#   unit {"file": "k4_certs_5_pure.json.gz", "pos": 1932} k4_certs_5_pure.json.gz#1932[m=9,idx=1005]: start [0, 0, 0, 0, -1000000, 0, 0, -1000000, 0] best [0, 0, 0, 0, -1, 0, 2, -20, 8] chain profiles 0 (states 0), maxw 0, DL_RC fails 0, key form fails 0; 9800 evals [2 s]
#   unit {"file": "k4_certs_5_pure.json.gz", "pos": 1934} k4_certs_5_pure.json.gz#1934[m=9,idx=1007]: start [0, 0, 0, 0, -1000000, 0, 0, -1000000, 0] best [0, 0, 0, 0, -1000000, 0, 0, -1000000, 0] chain profiles 0 (states 0), maxw 0, DL_RC fails 0, key form fails 0; 9800 evals [1 s]
#   unit {"file": "k4_certs_5_pure.json.gz", "pos": 1943} k4_certs_5_pure.json.gz#1943[m=9,idx=1016]: start [0, 0, 0, 0, -1000000, 0, 0, -1000000, 0] best [0, 0, 0, 0, -2, 0, 1, -30, 6] chain profiles 0 (states 0), maxw 0, DL_RC fails 0, key form fails 0; 9800 evals [2 s]
#   unit {"file": "k4_certs_5_pure.json.gz", "pos": 1945} k4_certs_5_pure.json.gz#1945[m=9,idx=1018]: start [0, 0, 0, 0, -1000000, 0, 0, -1000000, 0] best [0, 0, 0, 0, -3, 0, 1, -9, 3] chain profiles 0 (states 0), maxw 0, DL_RC fails 0, key form fails 0; 9800 evals [2 s]
#   unit {"file": "k4_certs_5_pure.json.gz", "pos": 1946} k4_certs_5_pure.json.gz#1946[m=9,idx=1019]: start [0, 0, 0, 0, -1000000, 0, 0, -1000000, 0] best [0, 0, 0, 0, -1, 0, 1, -14, 1] chain profiles 0 (states 0), maxw 0, DL_RC fails 0, key form fails 0; 9800 evals [2 s]
#   unit {"file": "k4_certs_5_pure.json.gz", "pos": 1948} k4_certs_5_pure.json.gz#1948[m=9,idx=1021]: start [0, 0, 0, 0, -1000000, 0, 0, -1000000, 0] best [0, 0, 0, 0, -1000000, 0, 0, -1000000, 0] chain profiles 0 (states 0), maxw 0, DL_RC fails 0, key form fails 0; 9800 evals [1 s]
#   unit {"file": "k4_certs_5_pure.json.gz", "pos": 1951} k4_certs_5_pure.json.gz#1951[m=9,idx=1024]: start [0, 0, 0, 0, -1000000, 0, 0, -1000000, 0] best [0, 0, 0, 0, -3, 0, 1, -15, 2] chain profiles 0 (states 0), maxw 0, DL_RC fails 0, key form fails 0; 9800 evals [2 s]
#   unit {"file": "k4_certs_5_pure.json.gz", "pos": 1957} k4_certs_5_pure.json.gz#1957[m=9,idx=1030]: start [0, 0, 0, 0, -1000000, 0, 0, -1000000, 0] best [0, 0, 0, 0, -1000000, 0, 0, -1000000, 0] chain profiles 0 (states 0), maxw 0, DL_RC fails 0, key form fails 0; 9800 evals [1 s]
#   unit {"file": "k4_certs_5_pure.json.gz", "pos": 1958} k4_certs_5_pure.json.gz#1958[m=9,idx=1031]: start [0, 0, 0, 0, -1000000, 0, 0, -1000000, 0] best [0, 0, 0, 0, -1000000, 0, 0, -1000000, 0] chain profiles 0 (states 0), maxw 0, DL_RC fails 0, key form fails 0; 9800 evals [1 s]
#   unit {"file": "k4_certs_5_pure.json.gz", "pos": 1954} k4_certs_5_pure.json.gz#1954[m=9,idx=1027]: start [0, 0, 0, 0, -1000000, 0, 0, -1000000, 0] best [0, 0, 0, 0, -2, 0, 1, -18, 4] chain profiles 0 (states 0), maxw 0, DL_RC fails 0, key form fails 0; 9800 evals [2 s]
#   unit {"file": "k4_certs_5_pure.json.gz", "pos": 1959} k4_certs_5_pure.json.gz#1959[m=9,idx=1032]: start [0, 0, 0, 0, -1000000, 0, 0, -1000000, 0] best [0, 0, 0, 0, -2, 0, 1, -33, 1] chain profiles 0 (states 0), maxw 0, DL_RC fails 0, key form fails 0; 9800 evals [1 s]
#   unit {"file": "k4_certs_5_pure.json.gz", "pos": 1962} k4_certs_5_pure.json.gz#1962[m=9,idx=1035]: start [0, 0, 0, 0, -1000000, 0, 0, -1000000, 0] best [0, 0, 0, 0, -2, 0, 2, -23, 2] chain profiles 0 (states 0), maxw 0, DL_RC fails 0, key form fails 0; 9800 evals [1 s]
#   unit {"file": "k4_certs_5_pure.json.gz", "pos": 1963} k4_certs_5_pure.json.gz#1963[m=9,idx=1036]: start [0, 0, 0, 0, -1000000, 0, 0, -1000000, 0] best [0, 0, 0, 0, -1000000, 0, 0, -1000000, 0] chain profiles 0 (states 0), maxw 0, DL_RC fails 0, key form fails 0; 9800 evals [1 s]
#   unit {"file": "k4_certs_5_pure.json.gz", "pos": 1965} k4_certs_5_pure.json.gz#1965[m=9,idx=1038]: start [0, 0, 0, 0, -1000000, 0, 0, -1000000, 0] best [0, 0, 0, 0, -3, 0, 1, -22, 4] chain profiles 0 (states 0), maxw 0, DL_RC fails 0, key form fails 0; 9800 evals [2 s]
#   unit {"file": "k4_certs_5_pure.json.gz", "pos": 1978} k4_certs_5_pure.json.gz#1978[m=9,idx=1051]: start [0, 0, 0, 0, -1000000, 0, 0, -1000000, 0] best [0, 0, 0, 0, -1000000, 0, 0, -1000000, 0] chain profiles 0 (states 0), maxw 0, DL_RC fails 0, key form fails 0; 9800 evals [1 s]
#   unit {"file": "k4_certs_5_pure.json.gz", "pos": 1977} k4_certs_5_pure.json.gz#1977[m=9,idx=1050]: start [0, 0, 0, 0, -1000000, 0, 0, -1000000, 0] best [0, 0, 0, 0, -2, 0, 2, -18, 14] chain profiles 0 (states 0), maxw 0, DL_RC fails 0, key form fails 0; 9800 evals [2 s]
#   unit {"file": "k4_certs_5_pure.json.gz", "pos": 1979} k4_certs_5_pure.json.gz#1979[m=9,idx=1052]: start [0, 0, 0, 0, -1000000, 0, 0, -1000000, 0] best [0, 0, 0, 0, -2, 0, 1, -19, 2] chain profiles 0 (states 0), maxw 0, DL_RC fails 0, key form fails 0; 9800 evals [2 s]
#   unit {"file": "k4_certs_5_pure.json.gz", "pos": 1980} k4_certs_5_pure.json.gz#1980[m=9,idx=1053]: start [0, 0, 0, 0, -1000000, 0, 0, -1000000, 0] best [0, 0, 0, 0, -3, 0, 2, -24, 7] chain profiles 0 (states 0), maxw 0, DL_RC fails 0, key form fails 0; 9800 evals [2 s]
#   unit {"file": "k4_certs_5_pure.json.gz", "pos": 1989} k4_certs_5_pure.json.gz#1989[m=9,idx=1062]: start [0, 0, 0, 0, -1000000, 0, 0, -1000000, 0] best [0, 0, 0, 0, -1000000, 0, 0, -1000000, 0] chain profiles 0 (states 0), maxw 0, DL_RC fails 0, key form fails 0; 9800 evals [1 s]
#   unit {"file": "k4_certs_5_pure.json.gz", "pos": 1981} k4_certs_5_pure.json.gz#1981[m=9,idx=1054]: start [0, 0, 0, 0, -1000000, 0, 0, -1000000, 0] best [0, 0, 0, 0, -2, 0, 1, -16, 5] chain profiles 0 (states 0), maxw 0, DL_RC fails 0, key form fails 0; 9800 evals [2 s]
#   unit {"file": "k4_certs_5_pure.json.gz", "pos": 1988} k4_certs_5_pure.json.gz#1988[m=9,idx=1061]: start [0, 0, 0, 0, -3, 0, 1, -43, 3] best [0, 0, 0, 0, -2, 0, 1, -24, 3] chain profiles 0 (states 0), maxw 0, DL_RC fails 0, key form fails 0; 9800 evals [2 s]
#   unit {"file": "k4_certs_5_pure.json.gz", "pos": 1994} k4_certs_5_pure.json.gz#1994[m=9,idx=1067]: start [0, 0, 0, 0, -1000000, 0, 0, -1000000, 0] best [0, 0, 0, 0, -2, 0, 1, -27, 3] chain profiles 0 (states 0), maxw 0, DL_RC fails 0, key form fails 0; 9800 evals [2 s]
#   unit {"file": "k4_certs_5_pure.json.gz", "pos": 1998} k4_certs_5_pure.json.gz#1998[m=9,idx=1071]: start [0, 0, 0, 0, -1000000, 0, 0, -1000000, 0] best [0, 0, 0, 0, -1000000, 0, 0, -1000000, 0] chain profiles 0 (states 0), maxw 0, DL_RC fails 0, key form fails 0; 9800 evals [2 s]
#   unit {"file": "k4_certs_5_pure.json.gz", "pos": 1999} k4_certs_5_pure.json.gz#1999[m=9,idx=1072]: start [0, 0, 0, 0, -1000000, 0, 0, -1000000, 0] best [0, 0, 0, 0, -2, 0, 1, -24, 4] chain profiles 0 (states 0), maxw 0, DL_RC fails 0, key form fails 0; 9800 evals [2 s]
#   unit {"file": "k4_certs_5_pure.json.gz", "pos": 2000} k4_certs_5_pure.json.gz#2000[m=9,idx=1073]: start [0, 0, 0, 0, -1000000, 0, 0, -1000000, 0] best [0, 0, 0, 0, -1, 0, 1, -16, 2] chain profiles 0 (states 0), maxw 0, DL_RC fails 0, key form fails 0; 9800 evals [2 s]
#   unit {"file": "k4_certs_5_pure.json.gz", "pos": 2001} k4_certs_5_pure.json.gz#2001[m=9,idx=1074]: start [0, 0, 0, 0, -1000000, 0, 0, -1000000, 0] best [0, 0, 0, 0, -1, 0, 1, -4, 1] chain profiles 0 (states 0), maxw 0, DL_RC fails 0, key form fails 0; 9800 evals [2 s]
#   unit {"file": "k4_certs_5_pure.json.gz", "pos": 2004} k4_certs_5_pure.json.gz#2004[m=9,idx=1077]: start [0, 0, 0, 0, -1000000, 0, 0, -1000000, 0] best [0, 0, 0, 0, -1000000, 0, 0, -1000000, 0] chain profiles 0 (states 0), maxw 0, DL_RC fails 0, key form fails 0; 9800 evals [1 s]
#   unit {"file": "k4_certs_5_pure.json.gz", "pos": 2008} k4_certs_5_pure.json.gz#2008[m=9,idx=1081]: start [0, 0, 0, 0, -1000000, 0, 0, -1000000, 0] best [0, 0, 0, 0, -1000000, 0, 0, -1000000, 0] chain profiles 0 (states 0), maxw 0, DL_RC fails 0, key form fails 0; 9800 evals [1 s]
#   unit {"file": "k4_certs_5_pure.json.gz", "pos": 2005} k4_certs_5_pure.json.gz#2005[m=9,idx=1078]: start [0, 0, 0, 0, -1000000, 0, 0, -1000000, 0] best [0, 0, 0, 0, -1000000, 0, 0, -1000000, 0] chain profiles 0 (states 0), maxw 0, DL_RC fails 0, key form fails 0; 9800 evals [1 s]
#   unit {"file": "k4_certs_5_pure.json.gz", "pos": 2012} k4_certs_5_pure.json.gz#2012[m=9,idx=1085]: start [0, 0, 0, 0, -1000000, 0, 0, -1000000, 0] best [0, 0, 0, 0, -2, 0, 2, -31, 6] chain profiles 0 (states 0), maxw 0, DL_RC fails 0, key form fails 0; 9800 evals [1 s]
#   unit {"file": "k4_certs_5_pure.json.gz", "pos": 2016} k4_certs_5_pure.json.gz#2016[m=9,idx=1089]: start [0, 0, 0, 0, -1000000, 0, 0, -1000000, 0] best [0, 0, 0, 0, -2, 0, 1, -14, 1] chain profiles 0 (states 0), maxw 0, DL_RC fails 0, key form fails 0; 9800 evals [2 s]
#   unit {"file": "k4_certs_5_pure.json.gz", "pos": 2017} k4_certs_5_pure.json.gz#2017[m=9,idx=1090]: start [0, 0, 0, 0, -1000000, 0, 0, -1000000, 0] best [0, 0, 0, 0, -1000000, 0, 0, -1000000, 0] chain profiles 0 (states 0), maxw 0, DL_RC fails 0, key form fails 0; 9800 evals [1 s]
#   unit {"file": "k4_certs_5_pure.json.gz", "pos": 2024} k4_certs_5_pure.json.gz#2024[m=9,idx=1097]: start [0, 0, 0, 0, -1000000, 0, 0, -1000000, 0] best [0, 0, 0, 0, -2, 0, 1, -18, 2] chain profiles 0 (states 0), maxw 0, DL_RC fails 0, key form fails 0; 9800 evals [1 s]
#   unit {"file": "k4_certs_5_pure.json.gz", "pos": 2029} k4_certs_5_pure.json.gz#2029[m=9,idx=1102]: start [0, 0, 0, 0, -1000000, 0, 0, -1000000, 0] best [0, 0, 0, 0, -1, 0, 1, -6, 1] chain profiles 0 (states 0), maxw 0, DL_RC fails 0, key form fails 0; 9800 evals [2 s]
#   unit {"file": "k4_certs_5_pure.json.gz", "pos": 2033} k4_certs_5_pure.json.gz#2033[m=9,idx=1106]: start [0, 0, 0, 0, -1000000, 0, 0, -1000000, 0] best [0, 0, 0, 0, -1000000, 0, 0, -1000000, 0] chain profiles 0 (states 0), maxw 0, DL_RC fails 0, key form fails 0; 9800 evals [2 s]
#   unit {"file": "k4_certs_5_pure.json.gz", "pos": 2034} k4_certs_5_pure.json.gz#2034[m=9,idx=1107]: start [0, 0, 0, 0, -1000000, 0, 0, -1000000, 0] best [0, 0, 0, 0, -1000000, 0, 0, -1000000, 0] chain profiles 0 (states 0), maxw 0, DL_RC fails 0, key form fails 0; 9800 evals [1 s]
#   unit {"file": "k4_certs_5_pure.json.gz", "pos": 2030} k4_certs_5_pure.json.gz#2030[m=9,idx=1103]: start [0, 0, 0, 0, -1000000, 0, 0, -1000000, 0] best [0, 0, 0, 0, -2, 0, 1, -8, 1] chain profiles 0 (states 0), maxw 0, DL_RC fails 0, key form fails 0; 9800 evals [2 s]
#   unit {"file": "k4_certs_5_pure.json.gz", "pos": 2037} k4_certs_5_pure.json.gz#2037[m=9,idx=1110]: start [0, 0, 0, 0, -1000000, 0, 0, -1000000, 0] best [0, 0, 0, 0, -1000000, 0, 0, -1000000, 0] chain profiles 0 (states 0), maxw 0, DL_RC fails 0, key form fails 0; 9800 evals [1 s]
#   unit {"file": "k4_certs_5_pure.json.gz", "pos": 2039} k4_certs_5_pure.json.gz#2039[m=9,idx=1112]: start [0, 0, 0, 0, -1000000, 0, 0, -1000000, 0] best [0, 0, 0, 0, -1000000, 0, 0, -1000000, 0] chain profiles 0 (states 0), maxw 0, DL_RC fails 0, key form fails 0; 9800 evals [1 s]
#   unit {"file": "k4_certs_5_pure.json.gz", "pos": 2040} k4_certs_5_pure.json.gz#2040[m=9,idx=1113]: start [0, 0, 0, 0, -1000000, 0, 0, -1000000, 0] best [0, 0, 0, 0, -1000000, 0, 0, -1000000, 0] chain profiles 0 (states 0), maxw 0, DL_RC fails 0, key form fails 0; 9800 evals [2 s]
#   unit {"file": "k4_certs_5_pure.json.gz", "pos": 2041} k4_certs_5_pure.json.gz#2041[m=9,idx=1114]: start [0, 0, 0, 0, -1000000, 0, 0, -1000000, 0] best [0, 0, 0, 0, -1000000, 0, 0, -1000000, 0] chain profiles 0 (states 0), maxw 0, DL_RC fails 0, key form fails 0; 9800 evals [1 s]
#   unit {"file": "k4_certs_5_pure.json.gz", "pos": 2043} k4_certs_5_pure.json.gz#2043[m=9,idx=1116]: start [0, 0, 0, 0, -1000000, 0, 0, -1000000, 0] best [0, 0, 0, 0, -2, 0, 1, -30, 3] chain profiles 0 (states 0), maxw 0, DL_RC fails 0, key form fails 0; 9800 evals [2 s]
#   unit {"file": "k4_certs_5_pure.json.gz", "pos": 2046} k4_certs_5_pure.json.gz#2046[m=10,idx=0]: start [0, 0, 0, 0, -1000000, 0, 0, -1000000, 0] best [0, 0, 0, 0, -2, 0, 1, -20, 4] chain profiles 0 (states 0), maxw 0, DL_RC fails 0, key form fails 0; 9800 evals [2 s]
#   unit {"file": "k4_certs_5_pure.json.gz", "pos": 2048} k4_certs_5_pure.json.gz#2048[m=10,idx=2]: start [0, 0, 0, 0, -1000000, 0, 0, -1000000, 0] best [0, 0, 0, 0, -2, 0, 1, -12, 3] chain profiles 0 (states 0), maxw 0, DL_RC fails 0, key form fails 0; 9800 evals [2 s]
#   unit {"file": "k4_certs_5_pure.json.gz", "pos": 2053} k4_certs_5_pure.json.gz#2053[m=10,idx=7]: start [0, 0, 0, 0, -1000000, 0, 0, -1000000, 0] best [0, 0, 0, 0, -2, 0, 1, -15, 1] chain profiles 0 (states 0), maxw 0, DL_RC fails 0, key form fails 0; 9800 evals [2 s]
#   unit {"file": "k4_certs_5_pure.json.gz", "pos": 2065} k4_certs_5_pure.json.gz#2065[m=10,idx=19]: start [0, 0, 0, 0, -1000000, 0, 0, -1000000, 0] best [0, 0, 0, 0, -2, 0, 1, -15, 8] chain profiles 0 (states 0), maxw 0, DL_RC fails 0, key form fails 0; 9800 evals [3 s]
#   unit {"file": "k4_certs_5_pure.json.gz", "pos": 2067} k4_certs_5_pure.json.gz#2067[m=10,idx=21]: start [0, 0, 0, 0, -1000000, 0, 0, -1000000, 0] best [0, 0, 0, 0, -2, 0, 1, -11, 1] chain profiles 0 (states 0), maxw 0, DL_RC fails 0, key form fails 0; 9800 evals [2 s]
#   unit {"file": "k4_certs_5_pure.json.gz", "pos": 2075} k4_certs_5_pure.json.gz#2075[m=10,idx=29]: start [0, 0, 0, 0, -1000000, 0, 0, -1000000, 0] best [0, 0, 0, 0, -1, 0, 2, -14, 4] chain profiles 0 (states 0), maxw 0, DL_RC fails 0, key form fails 0; 9800 evals [3 s]
#   unit {"file": "k4_certs_5_pure.json.gz", "pos": 2076} k4_certs_5_pure.json.gz#2076[m=10,idx=30]: start [0, 0, 0, 0, -1000000, 0, 0, -1000000, 0] best [0, 0, 0, 0, -1, 0, 2, -16, 8] chain profiles 0 (states 0), maxw 0, DL_RC fails 0, key form fails 0; 9800 evals [3 s]
#   unit {"file": "k4_certs_5_pure.json.gz", "pos": 2079} k4_certs_5_pure.json.gz#2079[m=10,idx=33]: start [0, 0, 0, 0, -1000000, 0, 0, -1000000, 0] best [0, 0, 0, 0, -2, 0, 1, -17, 2] chain profiles 0 (states 0), maxw 0, DL_RC fails 0, key form fails 0; 9800 evals [3 s]
#   unit {"file": "k4_certs_5_pure.json.gz", "pos": 2082} k4_certs_5_pure.json.gz#2082[m=10,idx=36]: start [0, 0, 0, 0, -1000000, 0, 0, -1000000, 0] best [0, 0, 0, 0, -1, 0, 2, -21, 12] chain profiles 0 (states 0), maxw 0, DL_RC fails 0, key form fails 0; 9800 evals [3 s]
#   unit {"file": "k4_certs_5_pure.json.gz", "pos": 2086} k4_certs_5_pure.json.gz#2086[m=10,idx=40]: start [0, 0, 0, 0, -4, 0, 1, -51, 1] best [0, 0, 0, 0, -2, 0, 2, -24, 7] chain profiles 0 (states 0), maxw 0, DL_RC fails 0, key form fails 0; 9800 evals [4 s]
#   unit {"file": "k4_certs_5_pure.json.gz", "pos": 2083} k4_certs_5_pure.json.gz#2083[m=10,idx=37]: start [0, 0, 0, 0, -2, 0, 1, -40, 2] best [0, 0, 0, 0, -2, 0, 2, -9, 8] chain profiles 0 (states 0), maxw 0, DL_RC fails 0, key form fails 0; 9800 evals [4 s]
#   unit {"file": "k4_certs_5_pure.json.gz", "pos": 2090} k4_certs_5_pure.json.gz#2090[m=10,idx=44]: start [0, 0, 0, 0, -1000000, 0, 0, -1000000, 0] best [0, 0, 0, 0, -2, 0, 1, -24, 2] chain profiles 0 (states 0), maxw 0, DL_RC fails 0, key form fails 0; 9800 evals [2 s]
#   unit {"file": "k4_certs_5_pure.json.gz", "pos": 2095} k4_certs_5_pure.json.gz#2095[m=10,idx=49]: start [0, 0, 0, 0, -1000000, 0, 0, -1000000, 0] best [0, 0, 0, 0, -3, 0, 1, -33, 1] chain profiles 0 (states 0), maxw 0, DL_RC fails 0, key form fails 0; 9800 evals [2 s]
#   unit {"file": "k4_certs_5_pure.json.gz", "pos": 2102} k4_certs_5_pure.json.gz#2102[m=10,idx=56]: start [0, 0, 0, 0, -1000000, 0, 0, -1000000, 0] best [0, 0, 0, 0, -2, 0, 2, -37, 4] chain profiles 0 (states 0), maxw 0, DL_RC fails 0, key form fails 0; 9800 evals [3 s]
#   unit {"file": "k4_certs_5_pure.json.gz", "pos": 2104} k4_certs_5_pure.json.gz#2104[m=10,idx=58]: start [0, 0, 0, 0, -3, 0, 1, -51, 2] best [0, 0, 0, 0, -2, 0, 1, -15, 5] chain profiles 0 (states 0), maxw 0, DL_RC fails 0, key form fails 0; 9800 evals [3 s]
#   unit {"file": "k4_certs_5_pure.json.gz", "pos": 2105} k4_certs_5_pure.json.gz#2105[m=10,idx=59]: start [0, 0, 0, 0, -3, 0, 1, -30, 8] best [0, 0, 0, 0, -1, 0, 2, -22, 21] chain profiles 0 (states 0), maxw 0, DL_RC fails 0, key form fails 0; 9800 evals [3 s]
#   unit {"file": "k4_certs_5_pure.json.gz", "pos": 2106} k4_certs_5_pure.json.gz#2106[m=10,idx=60]: start [0, 0, 0, 0, -2, 0, 1, -33, 1] best [0, 0, 0, 0, -1, 0, 2, -22, 3] chain profiles 0 (states 0), maxw 0, DL_RC fails 0, key form fails 0; 9800 evals [3 s]
#   unit {"file": "k4_certs_5_pure.json.gz", "pos": 2113} k4_certs_5_pure.json.gz#2113[m=10,idx=67]: start [0, 0, 0, 0, -1000000, 0, 0, -1000000, 0] best [0, 0, 0, 0, -3, 0, 1, -8, 8] chain profiles 0 (states 0), maxw 0, DL_RC fails 0, key form fails 0; 9800 evals [2 s]
#   unit {"file": "k4_certs_5_pure.json.gz", "pos": 2107} k4_certs_5_pure.json.gz#2107[m=10,idx=61]: start [0, 0, 0, 0, -1000000, 0, 0, -1000000, 0] best [0, 0, 0, 0, -2, 0, 2, -27, 6] chain profiles 0 (states 0), maxw 0, DL_RC fails 0, key form fails 0; 9800 evals [3 s]
#   unit {"file": "k4_certs_5_pure.json.gz", "pos": 2116} k4_certs_5_pure.json.gz#2116[m=10,idx=70]: start [0, 0, 0, 0, -2, 0, 1, -35, 4] best [0, 0, 0, 0, -2, 0, 1, -15, 5] chain profiles 0 (states 0), maxw 0, DL_RC fails 0, key form fails 0; 9800 evals [2 s]
#   unit {"file": "k4_certs_5_pure.json.gz", "pos": 2119} k4_certs_5_pure.json.gz#2119[m=10,idx=73]: start [0, 0, 0, 0, -1000000, 0, 0, -1000000, 0] best [0, 0, 0, 0, -2, 0, 2, -6, 6] chain profiles 0 (states 0), maxw 0, DL_RC fails 0, key form fails 0; 9800 evals [3 s]
#   unit {"file": "k4_certs_5_pure.json.gz", "pos": 2126} k4_certs_5_pure.json.gz#2126[m=10,idx=80]: start [0, 0, 0, 0, -3, 0, 1, -73, 4] best [0, 0, 0, 0, -2, 0, 1, -12, 2] chain profiles 0 (states 0), maxw 0, DL_RC fails 0, key form fails 0; 9800 evals [2 s]
#   unit {"file": "k4_certs_5_pure.json.gz", "pos": 2127} k4_certs_5_pure.json.gz#2127[m=10,idx=81]: start [0, 0, 0, 0, -3, 0, 1, -28, 1] best [0, 0, 0, 0, -2, 0, 2, -8, 3] chain profiles 0 (states 0), maxw 0, DL_RC fails 0, key form fails 0; 9800 evals [3 s]
#   unit {"file": "k4_certs_5_pure.json.gz", "pos": 2133} k4_certs_5_pure.json.gz#2133[m=10,idx=87]: start [0, 0, 0, 0, -3, 0, 1, -42, 2] best [0, 0, 0, 0, -2, 0, 1, -13, 6] chain profiles 0 (states 0), maxw 0, DL_RC fails 0, key form fails 0; 9800 evals [3 s]
#   unit {"file": "k4_certs_5_pure.json.gz", "pos": 2136} k4_certs_5_pure.json.gz#2136[m=10,idx=90]: start [0, 0, 0, 0, -2, 0, 1, -24, 1] best [0, 0, 0, 0, -2, 0, 1, -14, 1] chain profiles 0 (states 0), maxw 0, DL_RC fails 0, key form fails 0; 9800 evals [2 s]
#   unit {"file": "k4_certs_5_pure.json.gz", "pos": 2146} k4_certs_5_pure.json.gz#2146[m=10,idx=100]: start [0, 0, 0, 0, -3, 0, 1, -82, 2] best [0, 0, 0, 0, -2, 0, 1, -12, 1] chain profiles 0 (states 0), maxw 0, DL_RC fails 0, key form fails 0; 9800 evals [2 s]
#   unit {"file": "k4_certs_5_pure.json.gz", "pos": 2153} k4_certs_5_pure.json.gz#2153[m=10,idx=107]: start [0, 0, 0, 0, -3, 0, 1, -61, 1] best [0, 0, 0, 0, -2, 0, 1, -40, 2] chain profiles 0 (states 0), maxw 0, DL_RC fails 0, key form fails 0; 9800 evals [3 s]
#   unit {"file": "k4_certs_5_pure.json.gz", "pos": 2160} k4_certs_5_pure.json.gz#2160[m=10,idx=114]: start [0, 0, 0, 0, -2, 0, 1, -51, 2] best [0, 0, 0, 0, -1, 0, 1, -13, 5] chain profiles 0 (states 0), maxw 0, DL_RC fails 0, key form fails 0; 9800 evals [3 s]
#   unit {"file": "k4_certs_5_pure.json.gz", "pos": 2163} k4_certs_5_pure.json.gz#2163[m=10,idx=117]: start [0, 0, 0, 0, -2, 0, 1, -24, 3] best [0, 0, 0, 0, -1, 0, 2, -19, 8] chain profiles 0 (states 0), maxw 0, DL_RC fails 0, key form fails 0; 9800 evals [3 s]
#   unit {"file": "k4_certs_5_pure.json.gz", "pos": 2169} k4_certs_5_pure.json.gz#2169[m=10,idx=123]: start [0, 0, 0, 0, -1000000, 0, 0, -1000000, 0] best [0, 0, 0, 0, -2, 0, 1, -20, 2] chain profiles 0 (states 0), maxw 0, DL_RC fails 0, key form fails 0; 9800 evals [2 s]
#   unit {"file": "k4_certs_5_pure.json.gz", "pos": 2175} k4_certs_5_pure.json.gz#2175[m=10,idx=129]: start [0, 0, 0, 0, -2, 0, 1, -41, 1] best [0, 0, 0, 0, -2, 0, 2, -13, 5] chain profiles 0 (states 0), maxw 0, DL_RC fails 0, key form fails 0; 9800 evals [3 s]
#   unit {"file": "k4_certs_5_pure.json.gz", "pos": 2174} k4_certs_5_pure.json.gz#2174[m=10,idx=128]: start [0, 0, 0, 0, -3, 0, 1, -31, 1] best [0, 0, 0, 0, -2, 0, 2, -10, 4] chain profiles 0 (states 0), maxw 0, DL_RC fails 0, key form fails 0; 9800 evals [3 s]
#   unit {"file": "k4_certs_5_pure.json.gz", "pos": 2178} k4_certs_5_pure.json.gz#2178[m=10,idx=132]: start [0, 0, 0, 0, -3, 0, 1, -31, 2] best [0, 0, 0, 0, -2, 0, 2, -17, 3] chain profiles 0 (states 0), maxw 0, DL_RC fails 0, key form fails 0; 9800 evals [3 s]
#   unit {"file": "k4_certs_5_pure.json.gz", "pos": 2180} k4_certs_5_pure.json.gz#2180[m=10,idx=134]: start [0, 0, 0, 0, -2, 0, 1, -32, 3] best [0, 0, 0, 0, -2, 0, 2, -13, 12] chain profiles 0 (states 0), maxw 0, DL_RC fails 0, key form fails 0; 9800 evals [3 s]
#   unit {"file": "k4_certs_5_pure.json.gz", "pos": 2183} k4_certs_5_pure.json.gz#2183[m=10,idx=137]: start [0, 0, 0, 0, -2, 0, 1, -28, 1] best [0, 0, 0, 0, -2, 0, 2, -14, 3] chain profiles 0 (states 0), maxw 0, DL_RC fails 0, key form fails 0; 9800 evals [2 s]
#   unit {"file": "k4_certs_5_pure.json.gz", "pos": 2185} k4_certs_5_pure.json.gz#2185[m=10,idx=139]: start [0, 0, 0, 0, -2, 0, 1, -33, 1] best [0, 0, 0, 0, -2, 0, 2, -18, 4] chain profiles 0 (states 0), maxw 0, DL_RC fails 0, key form fails 0; 9800 evals [2 s]
#   unit {"file": "k4_certs_5_pure.json.gz", "pos": 2188} k4_certs_5_pure.json.gz#2188[m=10,idx=142]: start [0, 0, 0, 0, -1000000, 0, 0, -1000000, 0] best [0, 0, 0, 0, -2, 0, 2, -10, 9] chain profiles 0 (states 0), maxw 0, DL_RC fails 0, key form fails 0; 9800 evals [2 s]
#   unit {"file": "k4_certs_5_pure.json.gz", "pos": 2191} k4_certs_5_pure.json.gz#2191[m=10,idx=145]: start [0, 0, 0, 0, -2, 0, 1, -30, 2] best [0, 0, 0, 0, -2, 0, 2, -16, 4] chain profiles 0 (states 0), maxw 0, DL_RC fails 0, key form fails 0; 9800 evals [2 s]
#   unit {"file": "k4_certs_5_pure.json.gz", "pos": 2192} k4_certs_5_pure.json.gz#2192[m=10,idx=146]: start [0, 0, 0, 0, -3, 0, 1, -33, 1] best [0, 0, 0, 0, -2, 0, 2, -14, 4] chain profiles 0 (states 0), maxw 0, DL_RC fails 0, key form fails 0; 9800 evals [2 s]
#   unit {"file": "k4_certs_5_pure.json.gz", "pos": 2195} k4_certs_5_pure.json.gz#2195[m=10,idx=149]: start [0, 0, 0, 0, -1000000, 0, 0, -1000000, 0] best [0, 0, 0, 0, -2, 0, 1, -8, 1] chain profiles 0 (states 0), maxw 0, DL_RC fails 0, key form fails 0; 9800 evals [2 s]
#   unit {"file": "k4_certs_5_pure.json.gz", "pos": 2196} k4_certs_5_pure.json.gz#2196[m=10,idx=150]: start [0, 0, 0, 0, -3, 0, 1, -32, 1] best [0, 0, 0, 0, -2, 0, 2, -14, 4] chain profiles 0 (states 0), maxw 0, DL_RC fails 0, key form fails 0; 9800 evals [2 s]
#   unit {"file": "k4_certs_5_pure.json.gz", "pos": 2198} k4_certs_5_pure.json.gz#2198[m=10,idx=152]: start [0, 0, 0, 0, -3, 0, 1, -33, 1] best [0, 0, 0, 0, -2, 0, 2, -16, 5] chain profiles 0 (states 0), maxw 0, DL_RC fails 0, key form fails 0; 9800 evals [2 s]
#   unit {"file": "k4_certs_5_pure.json.gz", "pos": 2200} k4_certs_5_pure.json.gz#2200[m=10,idx=154]: start [0, 0, 0, 0, -1000000, 0, 0, -1000000, 0] best [0, 0, 0, 0, -2, 0, 1, -21, 10] chain profiles 0 (states 0), maxw 0, DL_RC fails 0, key form fails 0; 9800 evals [3 s]
#   unit {"file": "k4_certs_5_pure.json.gz", "pos": 2203} k4_certs_5_pure.json.gz#2203[m=10,idx=157]: start [0, 0, 0, 0, -3, 0, 1, -47, 3] best [0, 0, 8, 8, -2, 8, 3, -12, 20] chain profiles 261 (states 2088), maxw 1, DL_RC fails 0, key form fails 0; 9800 evals [2 s]
#   unit {"file": "k4_certs_5_pure.json.gz", "pos": 2204} k4_certs_5_pure.json.gz#2204[m=10,idx=158]: start [0, 0, 0, 0, -1000000, 0, 0, -1000000, 0] best [0, 0, 0, 0, -2, 0, 1, -15, 6] chain profiles 0 (states 0), maxw 0, DL_RC fails 0, key form fails 0; 9800 evals [3 s]
#   unit {"file": "k4_certs_5_pure.json.gz", "pos": 2205} k4_certs_5_pure.json.gz#2205[m=10,idx=159]: start [0, 0, 0, 0, -3, 0, 1, -26, 1] best [0, 0, 0, 0, -2, 0, 1, -15, 5] chain profiles 0 (states 0), maxw 0, DL_RC fails 0, key form fails 0; 9800 evals [3 s]
#   unit {"file": "k4_certs_5_pure.json.gz", "pos": 2206} k4_certs_5_pure.json.gz#2206[m=10,idx=160]: start [0, 0, 0, 0, -1000000, 0, 0, -1000000, 0] best [0, 0, 0, 0, -2, 0, 2, -16, 5] chain profiles 0 (states 0), maxw 0, DL_RC fails 0, key form fails 0; 9800 evals [2 s]
#   unit {"file": "k4_certs_5_pure.json.gz", "pos": 2210} k4_certs_5_pure.json.gz#2210[m=10,idx=164]: start [0, 0, 0, 0, -1000000, 0, 0, -1000000, 0] best [0, 0, 0, 0, -2, 0, 2, -23, 3] chain profiles 0 (states 0), maxw 0, DL_RC fails 0, key form fails 0; 9800 evals [3 s]
#   unit {"file": "k4_certs_5_pure.json.gz", "pos": 2212} k4_certs_5_pure.json.gz#2212[m=10,idx=166]: start [0, 0, 0, 0, -3, 0, 1, -70, 1] best [0, 0, 0, 0, -3, 0, 1, -37, 1] chain profiles 0 (states 0), maxw 0, DL_RC fails 0, key form fails 0; 9800 evals [3 s]
#   unit {"file": "k4_certs_5_pure.json.gz", "pos": 2220} k4_certs_5_pure.json.gz#2220[m=10,idx=174]: start [0, 0, 0, 0, -3, 0, 1, -38, 1] best [0, 0, 0, 0, -2, 0, 2, -16, 8] chain profiles 0 (states 0), maxw 0, DL_RC fails 0, key form fails 0; 9800 evals [3 s]
#   unit {"file": "k4_certs_5_pure.json.gz", "pos": 2221} k4_certs_5_pure.json.gz#2221[m=10,idx=175]: start [0, 0, 0, 0, -3, 0, 1, -21, 1] best [0, 0, 0, 0, -2, 0, 1, -15, 2] chain profiles 0 (states 0), maxw 0, DL_RC fails 0, key form fails 0; 9800 evals [3 s]
#   unit {"file": "k4_certs_5_pure.json.gz", "pos": 2225} k4_certs_5_pure.json.gz#2225[m=10,idx=179]: start [0, 0, 0, 0, -3, 0, 1, -56, 2] best [0, 0, 0, 0, -2, 0, 2, -35, 3] chain profiles 0 (states 0), maxw 0, DL_RC fails 0, key form fails 0; 9800 evals [3 s]
#   unit {"file": "k4_certs_5_pure.json.gz", "pos": 2227} k4_certs_5_pure.json.gz#2227[m=10,idx=181]: start [0, 0, 0, 0, -3, 0, 1, -36, 1] best [0, 0, 0, 0, -2, 0, 2, -37, 3] chain profiles 0 (states 0), maxw 0, DL_RC fails 0, key form fails 0; 9800 evals [3 s]
#   unit {"file": "k4_certs_5_pure.json.gz", "pos": 2229} k4_certs_5_pure.json.gz#2229[m=10,idx=183]: start [0, 0, 0, 0, -3, 0, 1, -44, 1] best [0, 0, 0, 0, -2, 0, 1, -17, 3] chain profiles 0 (states 0), maxw 0, DL_RC fails 0, key form fails 0; 9800 evals [2 s]
#   unit {"file": "k4_certs_5_pure.json.gz", "pos": 2230} k4_certs_5_pure.json.gz#2230[m=10,idx=184]: start [0, 0, 0, 0, -3, 0, 1, -38, 1] best [0, 0, 0, 0, -2, 0, 2, -17, 21] chain profiles 0 (states 0), maxw 0, DL_RC fails 0, key form fails 0; 9800 evals [3 s]
#   unit {"file": "k4_certs_5_pure.json.gz", "pos": 2233} k4_certs_5_pure.json.gz#2233[m=10,idx=187]: start [0, 0, 0, 0, -3, 0, 1, -36, 1] best [0, 0, 0, 0, -2, 0, 2, -12, 2] chain profiles 0 (states 0), maxw 0, DL_RC fails 0, key form fails 0; 9800 evals [2 s]
#   unit {"file": "k4_certs_5_pure.json.gz", "pos": 2237} k4_certs_5_pure.json.gz#2237[m=10,idx=191]: start [0, 0, 0, 0, -3, 0, 1, -22, 1] best [0, 0, 0, 0, -2, 0, 1, -12, 4] chain profiles 0 (states 0), maxw 0, DL_RC fails 0, key form fails 0; 9800 evals [2 s]
#   unit {"file": "k4_certs_5_pure.json.gz", "pos": 2236} k4_certs_5_pure.json.gz#2236[m=10,idx=190]: start [0, 0, 0, 0, -2, 0, 1, -95, 1] best [0, 0, 0, 0, -1, 0, 2, -11, 4] chain profiles 0 (states 0), maxw 0, DL_RC fails 0, key form fails 0; 9800 evals [3 s]
#   unit {"file": "k4_certs_5_pure.json.gz", "pos": 2238} k4_certs_5_pure.json.gz#2238[m=10,idx=192]: start [0, 0, 0, 0, -3, 0, 1, -16, 1] best [0, 0, 0, 0, -2, 0, 2, -13, 5] chain profiles 0 (states 0), maxw 0, DL_RC fails 0, key form fails 0; 9800 evals [2 s]
#   unit {"file": "k4_certs_5_pure.json.gz", "pos": 2245} k4_certs_5_pure.json.gz#2245[m=10,idx=199]: start [0, 0, 0, 0, -1000000, 0, 0, -1000000, 0] best [0, 0, 0, 0, -2, 0, 1, -16, 4] chain profiles 0 (states 0), maxw 0, DL_RC fails 0, key form fails 0; 9800 evals [2 s]
#   unit {"file": "k4_certs_5_pure.json.gz", "pos": 2252} k4_certs_5_pure.json.gz#2252[m=10,idx=206]: start [0, 0, 0, 0, -3, 0, 1, -38, 2] best [0, 0, 0, 0, -2, 0, 2, -21, 3] chain profiles 0 (states 0), maxw 0, DL_RC fails 0, key form fails 0; 9800 evals [2 s]
#   unit {"file": "k4_certs_5_pure.json.gz", "pos": 2242} k4_certs_5_pure.json.gz#2242[m=10,idx=196]: start [0, 0, 0, 0, -2, 0, 1, -84, 1] best [0, 0, 0, 0, -2, 0, 1, -35, 2] chain profiles 0 (states 0), maxw 0, DL_RC fails 0, key form fails 0; 9800 evals [3 s]
#   unit {"file": "k4_certs_5_pure.json.gz", "pos": 2256} k4_certs_5_pure.json.gz#2256[m=10,idx=210]: start [0, 0, 0, 0, -2, 0, 1, -35, 1] best [0, 0, 0, 0, -2, 0, 2, -16, 6] chain profiles 0 (states 0), maxw 0, DL_RC fails 0, key form fails 0; 9800 evals [2 s]
#   unit {"file": "k4_certs_5_pure.json.gz", "pos": 2261} k4_certs_5_pure.json.gz#2261[m=10,idx=215]: start [0, 0, 0, 0, -2, 0, 2, -8, 7] best [0, 0, 0, 0, -1, 0, 2, -8, 7] chain profiles 0 (states 0), maxw 0, DL_RC fails 0, key form fails 0; 9800 evals [2 s]
#   unit {"file": "k4_certs_5_pure.json.gz", "pos": 2262} k4_certs_5_pure.json.gz#2262[m=10,idx=216]: start [0, 0, 0, 0, -1000000, 0, 0, -1000000, 0] best [0, 0, 0, 0, -2, 0, 2, -13, 8] chain profiles 0 (states 0), maxw 0, DL_RC fails 0, key form fails 0; 9800 evals [2 s]
#   unit {"file": "k4_certs_5_pure.json.gz", "pos": 2257} k4_certs_5_pure.json.gz#2257[m=10,idx=211]: start [0, 0, 0, 0, -2, 0, 1, -35, 2] best [0, 0, 0, 0, -2, 0, 2, -14, 3] chain profiles 0 (states 0), maxw 0, DL_RC fails 0, key form fails 0; 9800 evals [3 s]
#   unit {"file": "k4_certs_5_pure.json.gz", "pos": 2265} k4_certs_5_pure.json.gz#2265[m=10,idx=219]: start [0, 0, 0, 0, -1000000, 0, 0, -1000000, 0] best [0, 0, 0, 0, -2, 0, 2, -14, 2] chain profiles 0 (states 0), maxw 0, DL_RC fails 0, key form fails 0; 9800 evals [2 s]
#   unit {"file": "k4_certs_5_pure.json.gz", "pos": 2268} k4_certs_5_pure.json.gz#2268[m=10,idx=222]: start [0, 0, 0, 0, -1000000, 0, 0, -1000000, 0] best [0, 0, 0, 0, -2, 0, 2, -12, 10] chain profiles 0 (states 0), maxw 0, DL_RC fails 0, key form fails 0; 9800 evals [2 s]
#   unit {"file": "k4_certs_5_pure.json.gz", "pos": 2271} k4_certs_5_pure.json.gz#2271[m=10,idx=225]: start [0, 0, 0, 0, -1000000, 0, 0, -1000000, 0] best [0, 0, 0, 0, -1000000, 0, 0, -1000000, 0] chain profiles 0 (states 0), maxw 0, DL_RC fails 0, key form fails 0; 9800 evals [2 s]
#   unit {"file": "k4_certs_5_pure.json.gz", "pos": 2269} k4_certs_5_pure.json.gz#2269[m=10,idx=223]: start [0, 0, 0, 0, -1000000, 0, 0, -1000000, 0] best [0, 0, 0, 0, -1000000, 0, 0, -1000000, 0] chain profiles 0 (states 0), maxw 0, DL_RC fails 0, key form fails 0; 9800 evals [2 s]
#   unit {"file": "k4_certs_5_pure.json.gz", "pos": 2279} k4_certs_5_pure.json.gz#2279[m=10,idx=233]: start [0, 0, 0, 0, -1000000, 0, 0, -1000000, 0] best [0, 0, 0, 0, -2, 0, 2, -14, 3] chain profiles 0 (states 0), maxw 0, DL_RC fails 0, key form fails 0; 9800 evals [2 s]
#   unit {"file": "k4_certs_5_pure.json.gz", "pos": 2282} k4_certs_5_pure.json.gz#2282[m=10,idx=236]: start [0, 0, 0, 0, -1000000, 0, 0, -1000000, 0] best [0, 0, 0, 0, -2, 0, 2, -12, 15] chain profiles 0 (states 0), maxw 0, DL_RC fails 0, key form fails 0; 9800 evals [2 s]
#   unit {"file": "k4_certs_5_pure.json.gz", "pos": 2286} k4_certs_5_pure.json.gz#2286[m=10,idx=240]: start [0, 0, 0, 0, -1000000, 0, 0, -1000000, 0] best [0, 0, 0, 0, -3, 0, 1, -7, 2] chain profiles 0 (states 0), maxw 0, DL_RC fails 0, key form fails 0; 9800 evals [2 s]
#   unit {"file": "k4_certs_5_pure.json.gz", "pos": 2285} k4_certs_5_pure.json.gz#2285[m=10,idx=239]: start [0, 0, 0, 0, -1000000, 0, 0, -1000000, 0] best [0, 0, 0, 0, -2, 0, 1, -26, 4] chain profiles 0 (states 0), maxw 0, DL_RC fails 0, key form fails 0; 9800 evals [2 s]
#   unit {"file": "k4_certs_5_pure.json.gz", "pos": 2291} k4_certs_5_pure.json.gz#2291[m=10,idx=245]: start [0, 0, 0, 0, -4, 0, 1, -59, 1] best [0, 0, 0, 0, -1, 0, 2, -14, 11] chain profiles 0 (states 0), maxw 0, DL_RC fails 0, key form fails 0; 9800 evals [3 s]
#   unit {"file": "k4_certs_5_pure.json.gz", "pos": 2295} k4_certs_5_pure.json.gz#2295[m=10,idx=249]: start [0, 0, 0, 0, -3, 0, 1, -38, 1] best [0, 0, 0, 0, -2, 0, 1, -16, 1] chain profiles 0 (states 0), maxw 0, DL_RC fails 0, key form fails 0; 9800 evals [2 s]
#   unit {"file": "k4_certs_5_pure.json.gz", "pos": 2294} k4_certs_5_pure.json.gz#2294[m=10,idx=248]: start [0, 0, 0, 0, -3, 0, 1, -33, 1] best [0, 0, 0, 0, -2, 0, 1, -14, 1] chain profiles 0 (states 0), maxw 0, DL_RC fails 0, key form fails 0; 9800 evals [2 s]
#   unit {"file": "k4_certs_5_pure.json.gz", "pos": 2298} k4_certs_5_pure.json.gz#2298[m=10,idx=252]: start [0, 0, 0, 0, -3, 0, 1, -45, 3] best [0, 0, 0, 0, -2, 0, 2, -24, 4] chain profiles 0 (states 0), maxw 0, DL_RC fails 0, key form fails 0; 9800 evals [3 s]
#   unit {"file": "k4_certs_5_pure.json.gz", "pos": 2299} k4_certs_5_pure.json.gz#2299[m=10,idx=253]: start [0, 0, 0, 0, -1000000, 0, 0, -1000000, 0] best [0, 0, 0, 0, -2, 0, 2, -26, 4] chain profiles 0 (states 0), maxw 0, DL_RC fails 0, key form fails 0; 9800 evals [2 s]
#   unit {"file": "k4_certs_5_pure.json.gz", "pos": 2303} k4_certs_5_pure.json.gz#2303[m=10,idx=257]: start [0, 0, 0, 0, -1000000, 0, 0, -1000000, 0] best [0, 0, 0, 0, -1000000, 0, 0, -1000000, 0] chain profiles 0 (states 0), maxw 0, DL_RC fails 0, key form fails 0; 9800 evals [2 s]
#   unit {"file": "k4_certs_5_pure.json.gz", "pos": 2304} k4_certs_5_pure.json.gz#2304[m=10,idx=258]: start [0, 0, 0, 0, -1000000, 0, 0, -1000000, 0] best [0, 0, 0, 0, -1, 0, 2, -10, 3] chain profiles 0 (states 0), maxw 0, DL_RC fails 0, key form fails 0; 9800 evals [2 s]
#   unit {"file": "k4_certs_5_pure.json.gz", "pos": 2306} k4_certs_5_pure.json.gz#2306[m=10,idx=260]: start [0, 0, 0, 0, -1000000, 0, 0, -1000000, 0] best [0, 0, 0, 0, -2, 0, 2, -11, 4] chain profiles 0 (states 0), maxw 0, DL_RC fails 0, key form fails 0; 9800 evals [3 s]
#   unit {"file": "k4_certs_5_pure.json.gz", "pos": 2310} k4_certs_5_pure.json.gz#2310[m=10,idx=264]: start [0, 0, 0, 0, -3, 0, 1, -27, 1] best [0, 0, 0, 0, -2, 0, 2, -20, 9] chain profiles 0 (states 0), maxw 0, DL_RC fails 0, key form fails 0; 9800 evals [3 s]
#   unit {"file": "k4_certs_5_pure.json.gz", "pos": 2321} k4_certs_5_pure.json.gz#2321[m=10,idx=275]: start [0, 0, 0, 0, -1000000, 0, 0, -1000000, 0] best [0, 0, 0, 0, -2, 0, 2, -10, 22] chain profiles 0 (states 0), maxw 0, DL_RC fails 0, key form fails 0; 9800 evals [3 s]
#   unit {"file": "k4_certs_5_pure.json.gz", "pos": 2314} k4_certs_5_pure.json.gz#2314[m=10,idx=268]: start [0, 0, 0, 0, -1000000, 0, 0, -1000000, 0] best [0, 0, 0, 0, -2, 0, 2, -18, 12] chain profiles 0 (states 0), maxw 0, DL_RC fails 0, key form fails 0; 9800 evals [3 s]
#   unit {"file": "k4_certs_5_pure.json.gz", "pos": 2323} k4_certs_5_pure.json.gz#2323[m=10,idx=277]: start [0, 0, 0, 0, -1000000, 0, 0, -1000000, 0] best [0, 0, 0, 0, -2, 0, 2, -19, 4] chain profiles 0 (states 0), maxw 0, DL_RC fails 0, key form fails 0; 9800 evals [3 s]
#   unit {"file": "k4_certs_5_pure.json.gz", "pos": 2324} k4_certs_5_pure.json.gz#2324[m=10,idx=278]: start [0, 0, 0, 0, -2, 0, 1, -27, 2] best [0, 0, 0, 0, -2, 0, 2, -13, 4] chain profiles 0 (states 0), maxw 0, DL_RC fails 0, key form fails 0; 9800 evals [2 s]
#   unit {"file": "k4_certs_5_pure.json.gz", "pos": 2331} k4_certs_5_pure.json.gz#2331[m=10,idx=285]: start [0, 0, 0, 0, -1000000, 0, 0, -1000000, 0] best [0, 0, 0, 0, -2, 0, 1, -14, 1] chain profiles 0 (states 0), maxw 0, DL_RC fails 0, key form fails 0; 9800 evals [2 s]
#   unit {"file": "k4_certs_5_pure.json.gz", "pos": 2327} k4_certs_5_pure.json.gz#2327[m=10,idx=281]: start [0, 0, 0, 0, -2, 0, 1, -26, 1] best [0, 0, 0, 0, -2, 0, 2, -14, 6] chain profiles 0 (states 0), maxw 0, DL_RC fails 0, key form fails 0; 9800 evals [2 s]
#   unit {"file": "k4_certs_5_pure.json.gz", "pos": 2335} k4_certs_5_pure.json.gz#2335[m=10,idx=289]: start [0, 0, 0, 0, -1000000, 0, 0, -1000000, 0] best [0, 0, 0, 0, -2, 0, 1, -8, 1] chain profiles 0 (states 0), maxw 0, DL_RC fails 0, key form fails 0; 9800 evals [2 s]
#   unit {"file": "k4_certs_5_pure.json.gz", "pos": 2336} k4_certs_5_pure.json.gz#2336[m=10,idx=290]: start [0, 0, 0, 0, -1000000, 0, 0, -1000000, 0] best [0, 0, 0, 0, -2, 0, 1, -17, 1] chain profiles 0 (states 0), maxw 0, DL_RC fails 0, key form fails 0; 9800 evals [2 s]
#   unit {"file": "k4_certs_5_pure.json.gz", "pos": 2340} k4_certs_5_pure.json.gz#2340[m=10,idx=294]: start [0, 0, 0, 0, -1000000, 0, 0, -1000000, 0] best [0, 0, 0, 0, -2, 0, 1, -32, 1] chain profiles 0 (states 0), maxw 0, DL_RC fails 0, key form fails 0; 9800 evals [2 s]
#   unit {"file": "k4_certs_5_pure.json.gz", "pos": 2343} k4_certs_5_pure.json.gz#2343[m=10,idx=297]: start [0, 0, 0, 0, -3, 0, 1, -38, 2] best [0, 0, 0, 0, -2, 0, 2, -10, 2] chain profiles 0 (states 0), maxw 0, DL_RC fails 0, key form fails 0; 9800 evals [2 s]
#   unit {"file": "k4_certs_5_pure.json.gz", "pos": 2339} k4_certs_5_pure.json.gz#2339[m=10,idx=293]: start [0, 0, 0, 0, -4, 0, 1, -41, 1] best [0, 0, 0, 0, -2, 0, 2, -14, 21] chain profiles 0 (states 0), maxw 0, DL_RC fails 0, key form fails 0; 9800 evals [3 s]
#   unit {"file": "k4_certs_5_pure.json.gz", "pos": 2349} k4_certs_5_pure.json.gz#2349[m=10,idx=303]: start [0, 0, 0, 0, -2, 0, 1, -51, 1] best [0, 0, 0, 0, -2, 0, 1, -15, 2] chain profiles 0 (states 0), maxw 0, DL_RC fails 0, key form fails 0; 9800 evals [3 s]
#   unit {"file": "k4_certs_5_pure.json.gz", "pos": 2352} k4_certs_5_pure.json.gz#2352[m=10,idx=306]: start [0, 0, 0, 0, -1000000, 0, 0, -1000000, 0] best [0, 0, 0, 0, -2, 0, 1, -16, 2] chain profiles 0 (states 0), maxw 0, DL_RC fails 0, key form fails 0; 9800 evals [2 s]
#   unit {"file": "k4_certs_5_pure.json.gz", "pos": 2355} k4_certs_5_pure.json.gz#2355[m=10,idx=309]: start [0, 0, 0, 0, -1000000, 0, 0, -1000000, 0] best [0, 0, 0, 0, -2, 0, 2, -30, 8] chain profiles 0 (states 0), maxw 0, DL_RC fails 0, key form fails 0; 9800 evals [3 s]
#   unit {"file": "k4_certs_5_pure.json.gz", "pos": 2359} k4_certs_5_pure.json.gz#2359[m=10,idx=313]: start [0, 0, 0, 0, -1000000, 0, 0, -1000000, 0] best [0, 0, 0, 0, -2, 0, 2, -20, 5] chain profiles 0 (states 0), maxw 0, DL_RC fails 0, key form fails 0; 9800 evals [3 s]
#   unit {"file": "k4_certs_5_pure.json.gz", "pos": 2367} k4_certs_5_pure.json.gz#2367[m=10,idx=321]: start [0, 0, 0, 0, -1000000, 0, 0, -1000000, 0] best [0, 0, 0, 0, -2, 0, 1, -36, 1] chain profiles 0 (states 0), maxw 0, DL_RC fails 0, key form fails 0; 9800 evals [3 s]
#   unit {"file": "k4_certs_5_pure.json.gz", "pos": 2369} k4_certs_5_pure.json.gz#2369[m=10,idx=323]: start [0, 0, 0, 0, -1000000, 0, 0, -1000000, 0] best [0, 0, 0, 0, -1, 0, 1, -16, 4] chain profiles 0 (states 0), maxw 0, DL_RC fails 0, key form fails 0; 9800 evals [2 s]
#   unit {"file": "k4_certs_5_pure.json.gz", "pos": 2374} k4_certs_5_pure.json.gz#2374[m=10,idx=328]: start [0, 0, 0, 0, -1000000, 0, 0, -1000000, 0] best [0, 0, 0, 0, -2, 0, 1, -9, 2] chain profiles 0 (states 0), maxw 0, DL_RC fails 0, key form fails 0; 9800 evals [2 s]
#   unit {"file": "k4_certs_5_pure.json.gz", "pos": 2370} k4_certs_5_pure.json.gz#2370[m=10,idx=324]: start [0, 0, 0, 0, -1000000, 0, 0, -1000000, 0] best [0, 0, 0, 0, -2, 0, 1, -23, 1] chain profiles 0 (states 0), maxw 0, DL_RC fails 0, key form fails 0; 9800 evals [2 s]
#   unit {"file": "k4_certs_5_pure.json.gz", "pos": 2376} k4_certs_5_pure.json.gz#2376[m=10,idx=330]: start [0, 0, 0, 0, -1000000, 0, 0, -1000000, 0] best [0, 0, 0, 0, -1000000, 0, 0, -1000000, 0] chain profiles 0 (states 0), maxw 0, DL_RC fails 0, key form fails 0; 9800 evals [2 s]
#   unit {"file": "k4_certs_5_pure.json.gz", "pos": 2377} k4_certs_5_pure.json.gz#2377[m=10,idx=331]: start [0, 0, 0, 0, -1000000, 0, 0, -1000000, 0] best [0, 0, 0, 0, -3, 0, 2, -35, 6] chain profiles 0 (states 0), maxw 0, DL_RC fails 0, key form fails 0; 9800 evals [3 s]
#   unit {"file": "k4_certs_5_pure.json.gz", "pos": 2380} k4_certs_5_pure.json.gz#2380[m=10,idx=334]: start [0, 0, 0, 0, -1000000, 0, 0, -1000000, 0] best [0, 0, 0, 0, -2, 0, 1, -28, 1] chain profiles 0 (states 0), maxw 0, DL_RC fails 0, key form fails 0; 9800 evals [2 s]
#   unit {"file": "k4_certs_5_pure.json.gz", "pos": 2388} k4_certs_5_pure.json.gz#2388[m=10,idx=342]: start [0, 0, 0, 0, -1000000, 0, 0, -1000000, 0] best [0, 0, 0, 0, -2, 0, 2, -15, 16] chain profiles 0 (states 0), maxw 0, DL_RC fails 0, key form fails 0; 9800 evals [2 s]
#   unit {"file": "k4_certs_5_pure.json.gz", "pos": 2387} k4_certs_5_pure.json.gz#2387[m=10,idx=341]: start [0, 0, 0, 0, -2, 0, 1, -60, 4] best [0, 0, 0, 0, -2, 0, 2, -13, 8] chain profiles 0 (states 0), maxw 0, DL_RC fails 0, key form fails 0; 9800 evals [3 s]
#   unit {"file": "k4_certs_5_pure.json.gz", "pos": 2391} k4_certs_5_pure.json.gz#2391[m=10,idx=345]: start [0, 0, 0, 0, -1000000, 0, 0, -1000000, 0] best [0, 0, 0, 0, -2, 0, 1, -36, 1] chain profiles 0 (states 0), maxw 0, DL_RC fails 0, key form fails 0; 9800 evals [3 s]
#   unit {"file": "k4_certs_5_pure.json.gz", "pos": 2394} k4_certs_5_pure.json.gz#2394[m=10,idx=348]: start [0, 0, 0, 0, -2, 0, 1, -31, 4] best [0, 0, 0, 0, -1, 0, 1, -29, 13] chain profiles 0 (states 0), maxw 0, DL_RC fails 0, key form fails 0; 9800 evals [2 s]
#   unit {"file": "k4_certs_5_pure.json.gz", "pos": 2390} k4_certs_5_pure.json.gz#2390[m=10,idx=344]: start [0, 0, 0, 0, -1000000, 0, 0, -1000000, 0] best [0, 0, 0, 0, -2, 0, 2, -12, 36] chain profiles 0 (states 0), maxw 0, DL_RC fails 0, key form fails 0; 9800 evals [4 s]
#   unit {"file": "k4_certs_5_pure.json.gz", "pos": 2397} k4_certs_5_pure.json.gz#2397[m=10,idx=351]: start [0, 0, 0, 0, -1000000, 0, 0, -1000000, 0] best [0, 0, 0, 0, -2, 0, 2, -15, 16] chain profiles 0 (states 0), maxw 0, DL_RC fails 0, key form fails 0; 9800 evals [3 s]
#   unit {"file": "k4_certs_5_pure.json.gz", "pos": 2399} k4_certs_5_pure.json.gz#2399[m=10,idx=353]: start [0, 0, 0, 0, -1000000, 0, 0, -1000000, 0] best [0, 0, 0, 0, -2, 0, 1, -19, 1] chain profiles 0 (states 0), maxw 0, DL_RC fails 0, key form fails 0; 9800 evals [2 s]
#   unit {"file": "k4_certs_5_pure.json.gz", "pos": 2402} k4_certs_5_pure.json.gz#2402[m=10,idx=356]: start [0, 0, 0, 0, -1000000, 0, 0, -1000000, 0] best [0, 0, 0, 0, -2, 0, 1, -12, 2] chain profiles 0 (states 0), maxw 0, DL_RC fails 0, key form fails 0; 9800 evals [2 s]
#   unit {"file": "k4_certs_5_pure.json.gz", "pos": 2401} k4_certs_5_pure.json.gz#2401[m=10,idx=355]: start [0, 0, 0, 0, -3, 0, 1, -34, 1] best [0, 0, 0, 0, -2, 0, 1, -26, 1] chain profiles 0 (states 0), maxw 0, DL_RC fails 0, key form fails 0; 9800 evals [3 s]
#   unit {"file": "k4_certs_5_pure.json.gz", "pos": 2405} k4_certs_5_pure.json.gz#2405[m=10,idx=359]: start [0, 0, 0, 0, -2, 0, 1, -46, 2] best [0, 0, 0, 0, -2, 0, 1, -16, 4] chain profiles 0 (states 0), maxw 0, DL_RC fails 0, key form fails 0; 9800 evals [3 s]
#   unit {"file": "k4_certs_5_pure.json.gz", "pos": 2413} k4_certs_5_pure.json.gz#2413[m=10,idx=367]: start [0, 0, 0, 0, -3, 0, 1, -58, 1] best [0, 0, 0, 0, -2, 0, 1, -13, 2] chain profiles 0 (states 0), maxw 0, DL_RC fails 0, key form fails 0; 9800 evals [3 s]
#   unit {"file": "k4_certs_5_pure.json.gz", "pos": 2414} k4_certs_5_pure.json.gz#2414[m=10,idx=368]: start [0, 0, 0, 0, -1000000, 0, 0, -1000000, 0] best [0, 0, 0, 0, -2, 0, 1, -18, 1] chain profiles 0 (states 0), maxw 0, DL_RC fails 0, key form fails 0; 9800 evals [2 s]
#   unit {"file": "k4_certs_5_pure.json.gz", "pos": 2418} k4_certs_5_pure.json.gz#2418[m=10,idx=372]: start [0, 0, 0, 0, -2, 0, 1, -35, 1] best [0, 0, 0, 0, -2, 0, 1, -34, 1] chain profiles 0 (states 0), maxw 0, DL_RC fails 0, key form fails 0; 9800 evals [2 s]
#   unit {"file": "k4_certs_5_pure.json.gz", "pos": 2417} k4_certs_5_pure.json.gz#2417[m=10,idx=371]: start [0, 0, 0, 0, -1000000, 0, 0, -1000000, 0] best [0, 0, 0, 0, -2, 0, 1, -19, 2] chain profiles 0 (states 0), maxw 0, DL_RC fails 0, key form fails 0; 9800 evals [3 s]
#   unit {"file": "k4_certs_5_pure.json.gz", "pos": 2422} k4_certs_5_pure.json.gz#2422[m=10,idx=376]: start [0, 0, 0, 0, -3, 0, 1, -30, 4] best [0, 0, 0, 0, -2, 0, 1, -11, 4] chain profiles 0 (states 0), maxw 0, DL_RC fails 0, key form fails 0; 9800 evals [2 s]
#   unit {"file": "k4_certs_5_pure.json.gz", "pos": 2421} k4_certs_5_pure.json.gz#2421[m=10,idx=375]: start [0, 0, 0, 0, -4, 0, 1, -59, 1] best [0, 0, 0, 0, -2, 0, 2, -17, 5] chain profiles 0 (states 0), maxw 0, DL_RC fails 0, key form fails 0; 9800 evals [3 s]
#   unit {"file": "k4_certs_5_pure.json.gz", "pos": 2428} k4_certs_5_pure.json.gz#2428[m=10,idx=382]: start [0, 0, 0, 0, -1000000, 0, 0, -1000000, 0] best [0, 0, 0, 0, -2, 0, 1, -30, 2] chain profiles 0 (states 0), maxw 0, DL_RC fails 0, key form fails 0; 9800 evals [3 s]
#   unit {"file": "k4_certs_5_pure.json.gz", "pos": 2429} k4_certs_5_pure.json.gz#2429[m=10,idx=383]: start [0, 0, 0, 0, -3, 0, 1, -23, 1] best [0, 0, 0, 0, -2, 0, 2, -12, 15] chain profiles 0 (states 0), maxw 0, DL_RC fails 0, key form fails 0; 9800 evals [4 s]
#   unit {"file": "k4_certs_5_pure.json.gz", "pos": 2431} k4_certs_5_pure.json.gz#2431[m=10,idx=385]: start [0, 0, 0, 0, -1000000, 0, 0, -1000000, 0] best [0, 0, 0, 0, -2, 0, 2, -11, 2] chain profiles 0 (states 0), maxw 0, DL_RC fails 0, key form fails 0; 9800 evals [2 s]
#   unit {"file": "k4_certs_5_pure.json.gz", "pos": 2432} k4_certs_5_pure.json.gz#2432[m=10,idx=386]: start [0, 0, 0, 0, -3, 0, 1, -22, 1] best [0, 0, 0, 0, -1, 0, 2, -10, 4] chain profiles 0 (states 0), maxw 0, DL_RC fails 0, key form fails 0; 9800 evals [2 s]
#   unit {"file": "k4_certs_5_pure.json.gz", "pos": 2434} k4_certs_5_pure.json.gz#2434[m=10,idx=388]: start [0, 0, 0, 0, -3, 0, 1, -19, 1] best [0, 0, 0, 0, -2, 0, 2, -14, 6] chain profiles 0 (states 0), maxw 0, DL_RC fails 0, key form fails 0; 9800 evals [3 s]
#   unit {"file": "k4_certs_5_pure.json.gz", "pos": 2440} k4_certs_5_pure.json.gz#2440[m=10,idx=394]: start [0, 0, 0, 0, -3, 0, 1, -30, 1] best [0, 0, 0, 0, -2, 0, 2, -17, 4] chain profiles 0 (states 0), maxw 0, DL_RC fails 0, key form fails 0; 9800 evals [3 s]
#   unit {"file": "k4_certs_5_pure.json.gz", "pos": 2439} k4_certs_5_pure.json.gz#2439[m=10,idx=393]: start [0, 0, 0, 0, -3, 0, 1, -49, 4] best [0, 0, 0, 0, -2, 0, 1, -22, 3] chain profiles 0 (states 0), maxw 0, DL_RC fails 0, key form fails 0; 9800 evals [3 s]
#   unit {"file": "k4_certs_5_pure.json.gz", "pos": 2443} k4_certs_5_pure.json.gz#2443[m=10,idx=397]: start [0, 0, 0, 0, -1000000, 0, 0, -1000000, 0] best [0, 0, 0, 0, -2, 0, 2, -8, 14] chain profiles 0 (states 0), maxw 0, DL_RC fails 0, key form fails 0; 9800 evals [3 s]
#   unit {"file": "k4_certs_5_pure.json.gz", "pos": 2444} k4_certs_5_pure.json.gz#2444[m=10,idx=398]: start [0, 0, 0, 0, -2, 0, 1, -31, 1] best [0, 0, 0, 0, -2, 0, 1, -15, 3] chain profiles 0 (states 0), maxw 0, DL_RC fails 0, key form fails 0; 9800 evals [2 s]
#   unit {"file": "k4_certs_5_pure.json.gz", "pos": 2447} k4_certs_5_pure.json.gz#2447[m=10,idx=401]: start [0, 0, 0, 0, -1000000, 0, 0, -1000000, 0] best [0, 0, 0, 0, -2, 0, 2, -8, 6] chain profiles 0 (states 0), maxw 0, DL_RC fails 0, key form fails 0; 9800 evals [3 s]
#   unit {"file": "k4_certs_5_pure.json.gz", "pos": 2448} k4_certs_5_pure.json.gz#2448[m=10,idx=402]: start [0, 0, 0, 0, -1000000, 0, 0, -1000000, 0] best [0, 0, 0, 0, -2, 0, 1, -12, 5] chain profiles 0 (states 0), maxw 0, DL_RC fails 0, key form fails 0; 9800 evals [3 s]
#   unit {"file": "k4_certs_5_pure.json.gz", "pos": 2456} k4_certs_5_pure.json.gz#2456[m=10,idx=410]: start [0, 0, 0, 0, -1000000, 0, 0, -1000000, 0] best [0, 0, 0, 0, -2, 0, 1, -15, 3] chain profiles 0 (states 0), maxw 0, DL_RC fails 0, key form fails 0; 9800 evals [3 s]
#   unit {"file": "k4_certs_5_pure.json.gz", "pos": 2458} k4_certs_5_pure.json.gz#2458[m=10,idx=412]: start [0, 0, 0, 0, -3, 0, 1, -30, 1] best [0, 0, 0, 0, -2, 0, 2, -15, 11] chain profiles 0 (states 0), maxw 0, DL_RC fails 0, key form fails 0; 9800 evals [2 s]
#   unit {"file": "k4_certs_5_pure.json.gz", "pos": 2460} k4_certs_5_pure.json.gz#2460[m=10,idx=414]: start [0, 0, 0, 0, -3, 0, 1, -32, 1] best [0, 0, 0, 0, -2, 0, 1, -14, 2] chain profiles 0 (states 0), maxw 0, DL_RC fails 0, key form fails 0; 9800 evals [2 s]
#   unit {"file": "k4_certs_5_pure.json.gz", "pos": 2459} k4_certs_5_pure.json.gz#2459[m=10,idx=413]: start [0, 0, 0, 0, -2, 0, 1, -36, 3] best [0, 0, 0, 0, -2, 0, 2, -11, 19] chain profiles 0 (states 0), maxw 0, DL_RC fails 0, key form fails 0; 9800 evals [3 s]
#   unit {"file": "k4_certs_5_pure.json.gz", "pos": 2461} k4_certs_5_pure.json.gz#2461[m=10,idx=415]: start [0, 0, 0, 0, -3, 0, 1, -36, 1] best [0, 0, 0, 0, -2, 0, 1, -17, 4] chain profiles 0 (states 0), maxw 0, DL_RC fails 0, key form fails 0; 9800 evals [3 s]
#   unit {"file": "k4_certs_5_pure.json.gz", "pos": 2462} k4_certs_5_pure.json.gz#2462[m=10,idx=416]: start [0, 0, 0, 0, -1000000, 0, 0, -1000000, 0] best [0, 0, 0, 0, -1, 0, 2, -13, 24] chain profiles 0 (states 0), maxw 0, DL_RC fails 0, key form fails 0; 9800 evals [3 s]
#   unit {"file": "k4_certs_5_pure.json.gz", "pos": 2466} k4_certs_5_pure.json.gz#2466[m=10,idx=420]: start [0, 0, 0, 0, -3, 0, 1, -42, 1] best [0, 0, 0, 0, -2, 0, 1, -22, 1] chain profiles 0 (states 0), maxw 0, DL_RC fails 0, key form fails 0; 9800 evals [3 s]
#   unit {"file": "k4_certs_5_pure.json.gz", "pos": 2464} k4_certs_5_pure.json.gz#2464[m=10,idx=418]: start [0, 0, 0, 0, -1000000, 0, 0, -1000000, 0] best [0, 0, 0, 0, -2, 0, 2, -35, 3] chain profiles 0 (states 0), maxw 0, DL_RC fails 0, key form fails 0; 9800 evals [3 s]
#   unit {"file": "k4_certs_5_pure.json.gz", "pos": 2467} k4_certs_5_pure.json.gz#2467[m=10,idx=421]: start [0, 0, 0, 0, -3, 0, 1, -34, 1] best [0, 0, 0, 0, -2, 0, 2, -20, 8] chain profiles 0 (states 0), maxw 0, DL_RC fails 0, key form fails 0; 9800 evals [3 s]
#   unit {"file": "k4_certs_5_pure.json.gz", "pos": 2471} k4_certs_5_pure.json.gz#2471[m=10,idx=425]: start [0, 0, 0, 0, -3, 0, 1, -44, 1] best [0, 0, 0, 0, -2, 0, 1, -21, 2] chain profiles 0 (states 0), maxw 0, DL_RC fails 0, key form fails 0; 9800 evals [3 s]
#   unit {"file": "k4_certs_5_pure.json.gz", "pos": 2483} k4_certs_5_pure.json.gz#2483[m=10,idx=437]: start [0, 0, 0, 0, -3, 0, 1, -29, 1] best [0, 0, 0, 0, -2, 0, 1, -13, 1] chain profiles 0 (states 0), maxw 0, DL_RC fails 0, key form fails 0; 9800 evals [3 s]
#   unit {"file": "k4_certs_5_pure.json.gz", "pos": 2473} k4_certs_5_pure.json.gz#2473[m=10,idx=427]: start [0, 0, 0, 0, -1000000, 0, 0, -1000000, 0] best [0, 0, 0, 0, -2, 0, 2, -27, 3] chain profiles 0 (states 0), maxw 0, DL_RC fails 0, key form fails 0; 9800 evals [3 s]
#   unit {"file": "k4_certs_5_pure.json.gz", "pos": 2484} k4_certs_5_pure.json.gz#2484[m=10,idx=438]: start [0, 0, 0, 0, -4, 0, 1, -53, 1] best [0, 0, 0, 0, -2, 0, 2, -17, 3] chain profiles 0 (states 0), maxw 0, DL_RC fails 0, key form fails 0; 9800 evals [3 s]
#   unit {"file": "k4_certs_5_pure.json.gz", "pos": 2488} k4_certs_5_pure.json.gz#2488[m=10,idx=442]: start [0, 0, 0, 0, -3, 0, 1, -45, 1] best [0, 0, 0, 0, -2, 0, 2, -28, 4] chain profiles 0 (states 0), maxw 0, DL_RC fails 0, key form fails 0; 9800 evals [3 s]
#   unit {"file": "k4_certs_5_pure.json.gz", "pos": 2490} k4_certs_5_pure.json.gz#2490[m=10,idx=444]: start [0, 0, 0, 0, -2, 0, 2, -23, 4] best [0, 0, 0, 0, -2, 0, 2, -12, 2] chain profiles 0 (states 0), maxw 0, DL_RC fails 0, key form fails 0; 9800 evals [3 s]
#   unit {"file": "k4_certs_5_pure.json.gz", "pos": 2501} k4_certs_5_pure.json.gz#2501[m=10,idx=455]: start [0, 0, 0, 0, -3, 0, 1, -53, 2] best [0, 0, 0, 0, -2, 0, 1, -16, 1] chain profiles 0 (states 0), maxw 0, DL_RC fails 0, key form fails 0; 9800 evals [2 s]
#   unit {"file": "k4_certs_5_pure.json.gz", "pos": 2511} k4_certs_5_pure.json.gz#2511[m=10,idx=465]: start [0, 0, 0, 0, -3, 0, 1, -43, 1] best [0, 0, 0, 0, -2, 0, 2, -24, 6] chain profiles 0 (states 0), maxw 0, DL_RC fails 0, key form fails 0; 9800 evals [3 s]
#   unit {"file": "k4_certs_5_pure.json.gz", "pos": 2514} k4_certs_5_pure.json.gz#2514[m=10,idx=468]: start [0, 0, 0, 0, -1000000, 0, 0, -1000000, 0] best [0, 0, 0, 0, -2, 0, 1, -23, 2] chain profiles 0 (states 0), maxw 0, DL_RC fails 0, key form fails 0; 9800 evals [2 s]
#   unit {"file": "k4_certs_5_pure.json.gz", "pos": 2518} k4_certs_5_pure.json.gz#2518[m=10,idx=472]: start [0, 0, 0, 0, -1000000, 0, 0, -1000000, 0] best [0, 0, 0, 0, -2, 0, 1, -5, 2] chain profiles 0 (states 0), maxw 0, DL_RC fails 0, key form fails 0; 9800 evals [2 s]
#   unit {"file": "k4_certs_5_pure.json.gz", "pos": 2516} k4_certs_5_pure.json.gz#2516[m=10,idx=470]: start [0, 0, 0, 0, -1000000, 0, 0, -1000000, 0] best [0, 0, 0, 0, -1, 0, 2, -8, 9] chain profiles 0 (states 0), maxw 0, DL_RC fails 0, key form fails 0; 9800 evals [2 s]
#   unit {"file": "k4_certs_5_pure.json.gz", "pos": 2522} k4_certs_5_pure.json.gz#2522[m=10,idx=476]: start [0, 0, 0, 0, -4, 0, 1, -47, 1] best [0, 0, 0, 0, -2, 0, 1, -16, 3] chain profiles 0 (states 0), maxw 0, DL_RC fails 0, key form fails 0; 9800 evals [3 s]
#   unit {"file": "k4_certs_5_pure.json.gz", "pos": 2526} k4_certs_5_pure.json.gz#2526[m=10,idx=480]: start [0, 0, 0, 0, -3, 0, 1, -31, 1] best [0, 0, 0, 0, -2, 0, 1, -14, 3] chain profiles 0 (states 0), maxw 0, DL_RC fails 0, key form fails 0; 9800 evals [2 s]
#   unit {"file": "k4_certs_5_pure.json.gz", "pos": 2527} k4_certs_5_pure.json.gz#2527[m=10,idx=481]: start [0, 0, 0, 0, -1000000, 0, 0, -1000000, 0] best [0, 0, 0, 0, -2, 0, 2, -22, 8] chain profiles 0 (states 0), maxw 0, DL_RC fails 0, key form fails 0; 9800 evals [3 s]
#   unit {"file": "k4_certs_5_pure.json.gz", "pos": 2532} k4_certs_5_pure.json.gz#2532[m=10,idx=486]: start [0, 0, 0, 0, -3, 0, 1, -33, 1] best [0, 0, 0, 0, -2, 0, 2, -19, 5] chain profiles 0 (states 0), maxw 0, DL_RC fails 0, key form fails 0; 9800 evals [3 s]
#   unit {"file": "k4_certs_5_pure.json.gz", "pos": 2535} k4_certs_5_pure.json.gz#2535[m=10,idx=489]: start [0, 0, 0, 0, -1000000, 0, 0, -1000000, 0] best [0, 0, 0, 0, -2, 0, 1, -11, 2] chain profiles 0 (states 0), maxw 0, DL_RC fails 0, key form fails 0; 9800 evals [2 s]
#   unit {"file": "k4_certs_5_pure.json.gz", "pos": 2540} k4_certs_5_pure.json.gz#2540[m=10,idx=494]: start [0, 0, 0, 0, -1000000, 0, 0, -1000000, 0] best [0, 0, 0, 0, -2, 0, 2, -14, 7] chain profiles 0 (states 0), maxw 0, DL_RC fails 0, key form fails 0; 9800 evals [2 s]
#   unit {"file": "k4_certs_5_pure.json.gz", "pos": 2541} k4_certs_5_pure.json.gz#2541[m=10,idx=495]: start [0, 0, 0, 0, -2, 0, 1, -49, 1] best [0, 0, 0, 0, -2, 0, 2, -15, 4] chain profiles 0 (states 0), maxw 0, DL_RC fails 0, key form fails 0; 9800 evals [3 s]
#   unit {"file": "k4_certs_5_pure.json.gz", "pos": 2542} k4_certs_5_pure.json.gz#2542[m=10,idx=496]: start [0, 0, 0, 0, -1000000, 0, 0, -1000000, 0] best [0, 0, 0, 0, -2, 0, 2, -10, 3] chain profiles 0 (states 0), maxw 0, DL_RC fails 0, key form fails 0; 9800 evals [3 s]
#   unit {"file": "k4_certs_5_pure.json.gz", "pos": 2543} k4_certs_5_pure.json.gz#2543[m=10,idx=497]: start [0, 0, 0, 0, -1000000, 0, 0, -1000000, 0] best [0, 0, 0, 0, -2, 0, 1, -14, 3] chain profiles 0 (states 0), maxw 0, DL_RC fails 0, key form fails 0; 9800 evals [3 s]
#   unit {"file": "k4_certs_5_pure.json.gz", "pos": 2544} k4_certs_5_pure.json.gz#2544[m=10,idx=498]: start [0, 0, 0, 0, -2, 0, 1, -48, 1] best [0, 0, 0, 0, -2, 0, 2, -10, 6] chain profiles 0 (states 0), maxw 0, DL_RC fails 0, key form fails 0; 9800 evals [2 s]
#   unit {"file": "k4_certs_5_pure.json.gz", "pos": 2550} k4_certs_5_pure.json.gz#2550[m=10,idx=504]: start [0, 0, 0, 0, -1000000, 0, 0, -1000000, 0] best [0, 0, 0, 0, -2, 0, 2, -22, 3] chain profiles 0 (states 0), maxw 0, DL_RC fails 0, key form fails 0; 9800 evals [3 s]
#   unit {"file": "k4_certs_5_pure.json.gz", "pos": 2555} k4_certs_5_pure.json.gz#2555[m=10,idx=509]: start [0, 0, 0, 0, -2, 0, 1, -26, 2] best [0, 0, 0, 0, -2, 0, 2, -12, 6] chain profiles 0 (states 0), maxw 0, DL_RC fails 0, key form fails 0; 9800 evals [2 s]
#   unit {"file": "k4_certs_5_pure.json.gz", "pos": 2551} k4_certs_5_pure.json.gz#2551[m=10,idx=505]: start [0, 0, 0, 0, -1000000, 0, 0, -1000000, 0] best [0, 0, 0, 0, -2, 0, 1, -20, 5] chain profiles 0 (states 0), maxw 0, DL_RC fails 0, key form fails 0; 9800 evals [3 s]
#   unit {"file": "k4_certs_5_pure.json.gz", "pos": 2556} k4_certs_5_pure.json.gz#2556[m=10,idx=510]: start [0, 0, 0, 0, -3, 0, 1, -57, 1] best [0, 0, 0, 0, -2, 0, 2, -21, 8] chain profiles 0 (states 0), maxw 0, DL_RC fails 0, key form fails 0; 9800 evals [2 s]
#   unit {"file": "k4_certs_5_pure.json.gz", "pos": 2558} k4_certs_5_pure.json.gz#2558[m=10,idx=512]: start [0, 0, 0, 0, -2, 0, 1, -39, 2] best [0, 0, 0, 0, -2, 0, 2, -32, 4] chain profiles 0 (states 0), maxw 0, DL_RC fails 0, key form fails 0; 9800 evals [3 s]
#   unit {"file": "k4_certs_5_pure.json.gz", "pos": 2560} k4_certs_5_pure.json.gz#2560[m=10,idx=514]: start [0, 0, 0, 0, -1000000, 0, 0, -1000000, 0] best [0, 0, 0, 0, -2, 0, 1, -17, 1] chain profiles 0 (states 0), maxw 0, DL_RC fails 0, key form fails 0; 9800 evals [2 s]
#   unit {"file": "k4_certs_5_pure.json.gz", "pos": 2561} k4_certs_5_pure.json.gz#2561[m=10,idx=515]: start [0, 0, 0, 0, -1000000, 0, 0, -1000000, 0] best [0, 0, 0, 0, -2, 0, 2, -13, 11] chain profiles 0 (states 0), maxw 0, DL_RC fails 0, key form fails 0; 9800 evals [2 s]
#   unit {"file": "k4_certs_5_pure.json.gz", "pos": 2562} k4_certs_5_pure.json.gz#2562[m=10,idx=516]: start [0, 0, 0, 0, -3, 0, 1, -24, 1] best [0, 0, 0, 0, -2, 0, 1, -20, 2] chain profiles 0 (states 0), maxw 0, DL_RC fails 0, key form fails 0; 9800 evals [2 s]
#   unit {"file": "k4_certs_5_pure.json.gz", "pos": 2576} k4_certs_5_pure.json.gz#2576[m=10,idx=530]: start [0, 0, 0, 0, -3, 0, 1, -38, 1] best [0, 0, 0, 0, -2, 0, 1, -15, 8] chain profiles 0 (states 0), maxw 0, DL_RC fails 0, key form fails 0; 9800 evals [3 s]
#   unit {"file": "k4_certs_5_pure.json.gz", "pos": 2579} k4_certs_5_pure.json.gz#2579[m=10,idx=533]: start [0, 0, 0, 0, -1000000, 0, 0, -1000000, 0] best [0, 0, 0, 0, -2, 0, 2, -10, 7] chain profiles 0 (states 0), maxw 0, DL_RC fails 0, key form fails 0; 9800 evals [2 s]
#   unit {"file": "k4_certs_5_pure.json.gz", "pos": 2577} k4_certs_5_pure.json.gz#2577[m=10,idx=531]: start [0, 0, 0, 0, -3, 0, 1, -38, 1] best [0, 0, 0, 0, -2, 0, 1, -15, 12] chain profiles 0 (states 0), maxw 0, DL_RC fails 0, key form fails 0; 9800 evals [3 s]
#   unit {"file": "k4_certs_5_pure.json.gz", "pos": 2582} k4_certs_5_pure.json.gz#2582[m=10,idx=536]: start [0, 0, 0, 0, -3, 0, 1, -27, 1] best [0, 0, 0, 0, -2, 0, 2, -16, 8] chain profiles 0 (states 0), maxw 0, DL_RC fails 0, key form fails 0; 9800 evals [3 s]
#   unit {"file": "k4_certs_5_pure.json.gz", "pos": 2584} k4_certs_5_pure.json.gz#2584[m=10,idx=538]: start [0, 0, 0, 0, -1000000, 0, 0, -1000000, 0] best [0, 0, 0, 0, -1, 0, 2, -24, 6] chain profiles 0 (states 0), maxw 0, DL_RC fails 0, key form fails 0; 9800 evals [2 s]
#   unit {"file": "k4_certs_5_pure.json.gz", "pos": 2594} k4_certs_5_pure.json.gz#2594[m=10,idx=548]: start [0, 0, 0, 0, -1000000, 0, 0, -1000000, 0] best [0, 0, 0, 0, -2, 0, 1, -32, 1] chain profiles 0 (states 0), maxw 0, DL_RC fails 0, key form fails 0; 9800 evals [2 s]
#   unit {"file": "k4_certs_5_pure.json.gz", "pos": 2593} k4_certs_5_pure.json.gz#2593[m=10,idx=547]: start [0, 0, 0, 0, -1000000, 0, 0, -1000000, 0] best [0, 0, 0, 0, -2, 0, 1, -24, 1] chain profiles 0 (states 0), maxw 0, DL_RC fails 0, key form fails 0; 9800 evals [3 s]
#   unit {"file": "k4_certs_5_pure.json.gz", "pos": 2596} k4_certs_5_pure.json.gz#2596[m=10,idx=550]: start [0, 0, 0, 0, -1000000, 0, 0, -1000000, 0] best [0, 0, 0, 0, -2, 0, 1, -35, 1] chain profiles 0 (states 0), maxw 0, DL_RC fails 0, key form fails 0; 9800 evals [3 s]
#   unit {"file": "k4_certs_5_pure.json.gz", "pos": 2604} k4_certs_5_pure.json.gz#2604[m=10,idx=558]: start [0, 0, 0, 0, -3, 0, 1, -44, 1] best [0, 0, 0, 0, -2, 0, 1, -17, 2] chain profiles 0 (states 0), maxw 0, DL_RC fails 0, key form fails 0; 9800 evals [3 s]
#   unit {"file": "k4_certs_5_pure.json.gz", "pos": 2607} k4_certs_5_pure.json.gz#2607[m=10,idx=561]: start [0, 0, 0, 0, -3, 0, 1, -42, 2] best [0, 0, 0, 0, -2, 0, 1, -10, 2] chain profiles 0 (states 0), maxw 0, DL_RC fails 0, key form fails 0; 9800 evals [2 s]
#   unit {"file": "k4_certs_5_pure.json.gz", "pos": 2609} k4_certs_5_pure.json.gz#2609[m=10,idx=563]: start [0, 0, 0, 0, -1000000, 0, 0, -1000000, 0] best [0, 0, 0, 0, -2, 0, 1, -36, 1] chain profiles 0 (states 0), maxw 0, DL_RC fails 0, key form fails 0; 9800 evals [3 s]
#   unit {"file": "k4_certs_5_pure.json.gz", "pos": 2610} k4_certs_5_pure.json.gz#2610[m=10,idx=564]: start [0, 0, 0, 0, -3, 0, 1, -29, 1] best [0, 0, 0, 0, -2, 0, 1, -10, 1] chain profiles 0 (states 0), maxw 0, DL_RC fails 0, key form fails 0; 9800 evals [2 s]
#   unit {"file": "k4_certs_5_pure.json.gz", "pos": 2616} k4_certs_5_pure.json.gz#2616[m=10,idx=570]: start [0, 0, 0, 0, -1000000, 0, 0, -1000000, 0] best [0, 0, 0, 0, -2, 0, 1, -18, 4] chain profiles 0 (states 0), maxw 0, DL_RC fails 0, key form fails 0; 9800 evals [2 s]
#   unit {"file": "k4_certs_5_pure.json.gz", "pos": 2619} k4_certs_5_pure.json.gz#2619[m=10,idx=573]: start [0, 0, 0, 0, -3, 0, 1, -21, 1] best [0, 0, 0, 0, -2, 0, 1, -17, 2] chain profiles 0 (states 0), maxw 0, DL_RC fails 0, key form fails 0; 9800 evals [2 s]
#   unit {"file": "k4_certs_5_pure.json.gz", "pos": 2614} k4_certs_5_pure.json.gz#2614[m=10,idx=568]: start [0, 0, 0, 0, -1000000, 0, 0, -1000000, 0] best [0, 0, 0, 0, -2, 0, 2, -24, 8] chain profiles 0 (states 0), maxw 0, DL_RC fails 0, key form fails 0; 9800 evals [3 s]
#   unit {"file": "k4_certs_5_pure.json.gz", "pos": 2620} k4_certs_5_pure.json.gz#2620[m=10,idx=574]: start [0, 0, 0, 0, -1000000, 0, 0, -1000000, 0] best [0, 0, 0, 0, -2, 0, 1, -10, 4] chain profiles 0 (states 0), maxw 0, DL_RC fails 0, key form fails 0; 9800 evals [3 s]
#   unit {"file": "k4_certs_5_pure.json.gz", "pos": 2624} k4_certs_5_pure.json.gz#2624[m=10,idx=578]: start [0, 0, 0, 0, -3, 0, 1, -73, 2] best [0, 0, 0, 0, -2, 0, 1, -27, 2] chain profiles 0 (states 0), maxw 0, DL_RC fails 0, key form fails 0; 9800 evals [2 s]
#   unit {"file": "k4_certs_5_pure.json.gz", "pos": 2626} k4_certs_5_pure.json.gz#2626[m=10,idx=580]: start [0, 0, 0, 0, -1000000, 0, 0, -1000000, 0] best [0, 0, 0, 0, -2, 0, 2, -38, 2] chain profiles 0 (states 0), maxw 0, DL_RC fails 0, key form fails 0; 9800 evals [3 s]
#   unit {"file": "k4_certs_5_pure.json.gz", "pos": 2629} k4_certs_5_pure.json.gz#2629[m=10,idx=583]: start [0, 0, 0, 0, -3, 0, 1, -29, 1] best [0, 0, 0, 0, -2, 0, 2, -13, 10] chain profiles 0 (states 0), maxw 0, DL_RC fails 0, key form fails 0; 9800 evals [2 s]
#   unit {"file": "k4_certs_5_pure.json.gz", "pos": 2628} k4_certs_5_pure.json.gz#2628[m=10,idx=582]: start [0, 0, 0, 0, -2, 0, 2, -28, 4] best [0, 0, 0, 0, -2, 0, 2, -15, 8] chain profiles 0 (states 0), maxw 0, DL_RC fails 0, key form fails 0; 9800 evals [3 s]
#   unit {"file": "k4_certs_5_pure.json.gz", "pos": 2631} k4_certs_5_pure.json.gz#2631[m=10,idx=585]: start [0, 0, 0, 0, -2, 0, 1, -28, 2] best [0, 0, 0, 0, -2, 0, 2, -8, 2] chain profiles 0 (states 0), maxw 0, DL_RC fails 0, key form fails 0; 9800 evals [2 s]
#   unit {"file": "k4_certs_5_pure.json.gz", "pos": 2633} k4_certs_5_pure.json.gz#2633[m=10,idx=587]: start [0, 0, 0, 0, -2, 0, 1, -33, 1] best [0, 0, 0, 0, -1, 0, 2, -18, 16] chain profiles 0 (states 0), maxw 0, DL_RC fails 0, key form fails 0; 9800 evals [2 s]
#   unit {"file": "k4_certs_5_pure.json.gz", "pos": 2636} k4_certs_5_pure.json.gz#2636[m=10,idx=590]: start [0, 0, 0, 0, -1000000, 0, 0, -1000000, 0] best [0, 0, 0, 0, -1, 0, 2, -12, 11] chain profiles 0 (states 0), maxw 0, DL_RC fails 0, key form fails 0; 9800 evals [3 s]
#   unit {"file": "k4_certs_5_pure.json.gz", "pos": 2632} k4_certs_5_pure.json.gz#2632[m=10,idx=586]: start [0, 0, 0, 0, -1000000, 0, 0, -1000000, 0] best [0, 0, 0, 0, -2, 0, 2, -26, 6] chain profiles 0 (states 0), maxw 0, DL_RC fails 0, key form fails 0; 9800 evals [3 s]
#   unit {"file": "k4_certs_5_pure.json.gz", "pos": 2641} k4_certs_5_pure.json.gz#2641[m=10,idx=595]: start [0, 0, 0, 0, -2, 0, 1, -31, 3] best [0, 0, 0, 0, -2, 0, 2, -26, 3] chain profiles 0 (states 0), maxw 0, DL_RC fails 0, key form fails 0; 9800 evals [3 s]
#   unit {"file": "k4_certs_5_pure.json.gz", "pos": 2647} k4_certs_5_pure.json.gz#2647[m=10,idx=601]: start [0, 0, 0, 0, -1000000, 0, 0, -1000000, 0] best [0, 0, 0, 0, -2, 0, 1, -27, 1] chain profiles 0 (states 0), maxw 0, DL_RC fails 0, key form fails 0; 9800 evals [2 s]
#   unit {"file": "k4_certs_5_pure.json.gz", "pos": 2643} k4_certs_5_pure.json.gz#2643[m=10,idx=597]: start [0, 0, 0, 0, -1000000, 0, 0, -1000000, 0] best [0, 0, 0, 0, -2, 0, 1, -11, 1] chain profiles 0 (states 0), maxw 0, DL_RC fails 0, key form fails 0; 9800 evals [3 s]
#   unit {"file": "k4_certs_5_pure.json.gz", "pos": 2642} k4_certs_5_pure.json.gz#2642[m=10,idx=596]: start [0, 0, 0, 0, -2, 0, 1, -51, 1] best [0, 0, 0, 0, -2, 0, 2, -23, 7] chain profiles 0 (states 0), maxw 0, DL_RC fails 0, key form fails 0; 9800 evals [3 s]
#   unit {"file": "k4_certs_5_pure.json.gz", "pos": 2648} k4_certs_5_pure.json.gz#2648[m=10,idx=602]: start [0, 0, 0, 0, -1000000, 0, 0, -1000000, 0] best [0, 0, 0, 0, -2, 0, 1, -13, 2] chain profiles 0 (states 0), maxw 0, DL_RC fails 0, key form fails 0; 9800 evals [3 s]
#   unit {"file": "k4_certs_5_pure.json.gz", "pos": 2649} k4_certs_5_pure.json.gz#2649[m=10,idx=603]: start [0, 0, 0, 0, -1000000, 0, 0, -1000000, 0] best [0, 0, 0, 0, -2, 0, 2, -27, 4] chain profiles 0 (states 0), maxw 0, DL_RC fails 0, key form fails 0; 9800 evals [3 s]
#   unit {"file": "k4_certs_5_pure.json.gz", "pos": 2654} k4_certs_5_pure.json.gz#2654[m=10,idx=608]: start [0, 0, 0, 0, -1000000, 0, 0, -1000000, 0] best [0, 0, 0, 0, -2, 0, 1, -13, 1] chain profiles 0 (states 0), maxw 0, DL_RC fails 0, key form fails 0; 9800 evals [2 s]
#   unit {"file": "k4_certs_5_pure.json.gz", "pos": 2656} k4_certs_5_pure.json.gz#2656[m=10,idx=610]: start [0, 0, 0, 0, -3, 0, 1, -57, 3] best [0, 0, 0, 0, -2, 0, 2, -11, 5] chain profiles 0 (states 0), maxw 0, DL_RC fails 0, key form fails 0; 9800 evals [3 s]
#   unit {"file": "k4_certs_5_pure.json.gz", "pos": 2658} k4_certs_5_pure.json.gz#2658[m=10,idx=612]: start [0, 0, 0, 0, -3, 0, 1, -54, 4] best [0, 0, 0, 0, -2, 0, 1, -27, 2] chain profiles 0 (states 0), maxw 0, DL_RC fails 0, key form fails 0; 9800 evals [2 s]
#   unit {"file": "k4_certs_5_pure.json.gz", "pos": 2659} k4_certs_5_pure.json.gz#2659[m=10,idx=613]: start [0, 0, 0, 0, -1000000, 0, 0, -1000000, 0] best [0, 0, 0, 0, -2, 0, 2, -40, 4] chain profiles 0 (states 0), maxw 0, DL_RC fails 0, key form fails 0; 9800 evals [3 s]
#   unit {"file": "k4_certs_5_pure.json.gz", "pos": 2669} k4_certs_5_pure.json.gz#2669[m=10,idx=623]: start [0, 0, 0, 0, -1000000, 0, 0, -1000000, 0] best [0, 0, 0, 0, -2, 0, 1, -19, 2] chain profiles 0 (states 0), maxw 0, DL_RC fails 0, key form fails 0; 9800 evals [3 s]
#   unit {"file": "k4_certs_5_pure.json.gz", "pos": 2670} k4_certs_5_pure.json.gz#2670[m=10,idx=624]: start [0, 0, 0, 0, -1000000, 0, 0, -1000000, 0] best [0, 0, 0, 0, -2, 0, 2, -3, 2] chain profiles 0 (states 0), maxw 0, DL_RC fails 0, key form fails 0; 9800 evals [3 s]
#   unit {"file": "k4_certs_5_pure.json.gz", "pos": 2676} k4_certs_5_pure.json.gz#2676[m=10,idx=630]: start [0, 0, 0, 0, -3, 0, 1, -92, 1] best [0, 0, 0, 0, -2, 0, 1, -13, 3] chain profiles 0 (states 0), maxw 0, DL_RC fails 0, key form fails 0; 9800 evals [3 s]
#   unit {"file": "k4_certs_5_pure.json.gz", "pos": 2683} k4_certs_5_pure.json.gz#2683[m=10,idx=637]: start [0, 0, 0, 0, -1000000, 0, 0, -1000000, 0] best [0, 0, 0, 0, -2, 0, 1, -52, 1] chain profiles 0 (states 0), maxw 0, DL_RC fails 0, key form fails 0; 9800 evals [3 s]
#   unit {"file": "k4_certs_5_pure.json.gz", "pos": 2679} k4_certs_5_pure.json.gz#2679[m=10,idx=633]: start [0, 0, 0, 0, -3, 0, 1, -72, 1] best [0, 0, 0, 0, -2, 0, 1, -40, 2] chain profiles 0 (states 0), maxw 0, DL_RC fails 0, key form fails 0; 9800 evals [4 s]
#   unit {"file": "k4_certs_5_pure.json.gz", "pos": 2685} k4_certs_5_pure.json.gz#2685[m=10,idx=639]: start [0, 0, 0, 0, -3, 0, 1, -72, 1] best [0, 0, 0, 0, -2, 0, 2, -23, 3] chain profiles 0 (states 0), maxw 0, DL_RC fails 0, key form fails 0; 9800 evals [3 s]
#   unit {"file": "k4_certs_5_pure.json.gz", "pos": 2686} k4_certs_5_pure.json.gz#2686[m=10,idx=640]: start [0, 0, 0, 0, -4, 0, 1, -35, 4] best [0, 0, 0, 0, -2, 0, 2, -16, 3] chain profiles 0 (states 0), maxw 0, DL_RC fails 0, key form fails 0; 9800 evals [3 s]
#   unit {"file": "k4_certs_5_pure.json.gz", "pos": 2689} k4_certs_5_pure.json.gz#2689[m=10,idx=643]: start [0, 0, 0, 0, -2, 0, 1, -40, 1] best [0, 0, 0, 0, -1, 0, 2, -21, 9] chain profiles 0 (states 0), maxw 0, DL_RC fails 0, key form fails 0; 9800 evals [3 s]
#   unit {"file": "k4_certs_5_pure.json.gz", "pos": 2693} k4_certs_5_pure.json.gz#2693[m=10,idx=647]: start [0, 0, 0, 0, -3, 0, 1, -31, 4] best [0, 0, 0, 0, -2, 0, 2, -9, 6] chain profiles 0 (states 0), maxw 0, DL_RC fails 0, key form fails 0; 9800 evals [3 s]
#   unit {"file": "k4_certs_5_pure.json.gz", "pos": 2697} k4_certs_5_pure.json.gz#2697[m=10,idx=651]: start [0, 0, 0, 0, -1000000, 0, 0, -1000000, 0] best [0, 0, 0, 0, -1, 0, 1, -8, 7] chain profiles 0 (states 0), maxw 0, DL_RC fails 0, key form fails 0; 9800 evals [2 s]
#   unit {"file": "k4_certs_5_pure.json.gz", "pos": 2699} k4_certs_5_pure.json.gz#2699[m=10,idx=653]: start [0, 0, 0, 0, -1000000, 0, 0, -1000000, 0] best [0, 0, 0, 0, -2, 0, 1, -9, 2] chain profiles 0 (states 0), maxw 0, DL_RC fails 0, key form fails 0; 9800 evals [2 s]
#   unit {"file": "k4_certs_5_pure.json.gz", "pos": 2701} k4_certs_5_pure.json.gz#2701[m=10,idx=655]: start [0, 0, 0, 0, -1000000, 0, 0, -1000000, 0] best [0, 0, 0, 0, -2, 0, 1, -15, 2] chain profiles 0 (states 0), maxw 0, DL_RC fails 0, key form fails 0; 9800 evals [2 s]
#   unit {"file": "k4_certs_5_pure.json.gz", "pos": 2703} k4_certs_5_pure.json.gz#2703[m=10,idx=657]: start [0, 0, 0, 0, -3, 0, 1, -55, 1] best [0, 0, 0, 0, -1, 0, 1, -7, 5] chain profiles 0 (states 0), maxw 0, DL_RC fails 0, key form fails 0; 9800 evals [3 s]
#   unit {"file": "k4_certs_5_pure.json.gz", "pos": 2707} k4_certs_5_pure.json.gz#2707[m=10,idx=661]: start [0, 0, 0, 0, -3, 0, 1, -48, 1] best [0, 0, 0, 0, -2, 0, 1, -15, 1] chain profiles 0 (states 0), maxw 0, DL_RC fails 0, key form fails 0; 9800 evals [3 s]
#   unit {"file": "k4_certs_5_pure.json.gz", "pos": 2705} k4_certs_5_pure.json.gz#2705[m=10,idx=659]: start [0, 0, 0, 0, -1000000, 0, 0, -1000000, 0] best [0, 0, 0, 0, -2, 0, 2, -10, 21] chain profiles 0 (states 0), maxw 0, DL_RC fails 0, key form fails 0; 9800 evals [4 s]
#   unit {"file": "k4_certs_5_pure.json.gz", "pos": 2711} k4_certs_5_pure.json.gz#2711[m=10,idx=665]: start [0, 0, 0, 0, -1000000, 0, 0, -1000000, 0] best [0, 0, 0, 0, -3, 0, 1, -16, 1] chain profiles 0 (states 0), maxw 0, DL_RC fails 0, key form fails 0; 9800 evals [3 s]
#   unit {"file": "k4_certs_5_pure.json.gz", "pos": 2722} k4_certs_5_pure.json.gz#2722[m=10,idx=676]: start [0, 0, 0, 0, -3, 0, 1, -52, 4] best [0, 0, 0, 0, -2, 0, 1, -11, 2] chain profiles 0 (states 0), maxw 0, DL_RC fails 0, key form fails 0; 9800 evals [2 s]
#   unit {"file": "k4_certs_5_pure.json.gz", "pos": 2719} k4_certs_5_pure.json.gz#2719[m=10,idx=673]: start [0, 0, 0, 0, -1000000, 0, 0, -1000000, 0] best [0, 0, 0, 0, -3, 0, 1, -15, 1] chain profiles 0 (states 0), maxw 0, DL_RC fails 0, key form fails 0; 9800 evals [3 s]
#   unit {"file": "k4_certs_5_pure.json.gz", "pos": 2723} k4_certs_5_pure.json.gz#2723[m=10,idx=677]: start [0, 0, 0, 0, -1000000, 0, 0, -1000000, 0] best [0, 0, 0, 0, -2, 0, 2, -24, 8] chain profiles 0 (states 0), maxw 0, DL_RC fails 0, key form fails 0; 9800 evals [3 s]
#   unit {"file": "k4_certs_5_pure.json.gz", "pos": 2728} k4_certs_5_pure.json.gz#2728[m=10,idx=682]: start [0, 0, 0, 0, -1000000, 0, 0, -1000000, 0] best [0, 0, 0, 0, -2, 0, 2, -8, 17] chain profiles 0 (states 0), maxw 0, DL_RC fails 0, key form fails 0; 9800 evals [3 s]
#   unit {"file": "k4_certs_5_pure.json.gz", "pos": 2733} k4_certs_5_pure.json.gz#2733[m=10,idx=687]: start [0, 0, 0, 0, -3, 0, 1, -49, 2] best [0, 0, 0, 0, -2, 0, 2, -28, 2] chain profiles 0 (states 0), maxw 0, DL_RC fails 0, key form fails 0; 9800 evals [3 s]
#   unit {"file": "k4_certs_5_pure.json.gz", "pos": 2734} k4_certs_5_pure.json.gz#2734[m=10,idx=688]: start [0, 0, 0, 0, -1000000, 0, 0, -1000000, 0] best [0, 0, 0, 0, -2, 0, 1, -16, 2] chain profiles 0 (states 0), maxw 0, DL_RC fails 0, key form fails 0; 9800 evals [3 s]
#   unit {"file": "k4_certs_5_pure.json.gz", "pos": 2736} k4_certs_5_pure.json.gz#2736[m=10,idx=690]: start [0, 0, 0, 0, -1000000, 0, 0, -1000000, 0] best [0, 0, 0, 0, -2, 0, 2, -12, 8] chain profiles 0 (states 0), maxw 0, DL_RC fails 0, key form fails 0; 9800 evals [3 s]
#   unit {"file": "k4_certs_5_pure.json.gz", "pos": 2741} k4_certs_5_pure.json.gz#2741[m=10,idx=695]: start [0, 0, 0, 0, -1000000, 0, 0, -1000000, 0] best [0, 0, 0, 0, -2, 0, 1, -12, 1] chain profiles 0 (states 0), maxw 0, DL_RC fails 0, key form fails 0; 9800 evals [2 s]
#   unit {"file": "k4_certs_5_pure.json.gz", "pos": 2749} k4_certs_5_pure.json.gz#2749[m=10,idx=703]: start [0, 0, 0, 0, -1000000, 0, 0, -1000000, 0] best [0, 0, 0, 0, -2, 0, 1, -17, 2] chain profiles 0 (states 0), maxw 0, DL_RC fails 0, key form fails 0; 9800 evals [2 s]
#   unit {"file": "k4_certs_5_pure.json.gz", "pos": 2747} k4_certs_5_pure.json.gz#2747[m=10,idx=701]: start [0, 0, 0, 0, -2, 0, 1, -28, 4] best [0, 0, 0, 0, -2, 0, 2, -16, 9] chain profiles 0 (states 0), maxw 0, DL_RC fails 0, key form fails 0; 9800 evals [3 s]
#   unit {"file": "k4_certs_5_pure.json.gz", "pos": 2756} k4_certs_5_pure.json.gz#2756[m=10,idx=710]: start [0, 0, 0, 0, -2, 0, 1, -39, 1] best [0, 0, 0, 0, -2, 0, 2, -13, 9] chain profiles 0 (states 0), maxw 0, DL_RC fails 0, key form fails 0; 9800 evals [3 s]
#   unit {"file": "k4_certs_5_pure.json.gz", "pos": 2765} k4_certs_5_pure.json.gz#2765[m=10,idx=719]: start [0, 0, 0, 0, -2, 0, 1, -76, 4] best [0, 0, 0, 0, -2, 0, 2, -11, 5] chain profiles 0 (states 0), maxw 0, DL_RC fails 0, key form fails 0; 9800 evals [3 s]
#   unit {"file": "k4_certs_5_pure.json.gz", "pos": 2764} k4_certs_5_pure.json.gz#2764[m=10,idx=718]: start [0, 0, 0, 0, -2, 0, 1, -39, 3] best [0, 0, 0, 0, -1, 0, 2, -19, 7] chain profiles 0 (states 0), maxw 0, DL_RC fails 0, key form fails 0; 9800 evals [3 s]
#   unit {"file": "k4_certs_5_pure.json.gz", "pos": 2766} k4_certs_5_pure.json.gz#2766[m=10,idx=720]: start [0, 0, 0, 0, -1000000, 0, 0, -1000000, 0] best [0, 0, 0, 0, -2, 0, 2, -18, 9] chain profiles 0 (states 0), maxw 0, DL_RC fails 0, key form fails 0; 9800 evals [3 s]
#   unit {"file": "k4_certs_5_pure.json.gz", "pos": 2767} k4_certs_5_pure.json.gz#2767[m=10,idx=721]: start [0, 0, 0, 0, -3, 0, 1, -34, 1] best [0, 0, 0, 0, -2, 0, 1, -9, 3] chain profiles 0 (states 0), maxw 0, DL_RC fails 0, key form fails 0; 9800 evals [2 s]
#   unit {"file": "k4_certs_5_pure.json.gz", "pos": 2768} k4_certs_5_pure.json.gz#2768[m=10,idx=722]: start [0, 0, 0, 0, -1000000, 0, 0, -1000000, 0] best [0, 0, 0, 0, -2, 0, 1, -11, 3] chain profiles 0 (states 0), maxw 0, DL_RC fails 0, key form fails 0; 9800 evals [3 s]
#   unit {"file": "k4_certs_5_pure.json.gz", "pos": 2771} k4_certs_5_pure.json.gz#2771[m=10,idx=725]: start [0, 0, 0, 0, -1000000, 0, 0, -1000000, 0] best [0, 0, 0, 0, -2, 0, 2, -19, 8] chain profiles 0 (states 0), maxw 0, DL_RC fails 0, key form fails 0; 9800 evals [3 s]
#   unit {"file": "k4_certs_5_pure.json.gz", "pos": 2773} k4_certs_5_pure.json.gz#2773[m=10,idx=727]: start [0, 0, 0, 0, -1000000, 0, 0, -1000000, 0] best [0, 0, 0, 0, -2, 0, 1, -17, 3] chain profiles 0 (states 0), maxw 0, DL_RC fails 0, key form fails 0; 9800 evals [2 s]
#   unit {"file": "k4_certs_5_pure.json.gz", "pos": 2776} k4_certs_5_pure.json.gz#2776[m=10,idx=730]: start [0, 0, 0, 0, -3, 0, 1, -46, 1] best [0, 0, 0, 0, -2, 0, 1, -19, 3] chain profiles 0 (states 0), maxw 0, DL_RC fails 0, key form fails 0; 9800 evals [3 s]
#   unit {"file": "k4_certs_5_pure.json.gz", "pos": 2777} k4_certs_5_pure.json.gz#2777[m=10,idx=731]: start [0, 0, 0, 0, -3, 0, 1, -27, 3] best [0, 0, 0, 0, -2, 0, 2, -9, 9] chain profiles 0 (states 0), maxw 0, DL_RC fails 0, key form fails 0; 9800 evals [3 s]
#   unit {"file": "k4_certs_5_pure.json.gz", "pos": 2779} k4_certs_5_pure.json.gz#2779[m=10,idx=733]: start [0, 0, 0, 0, -3, 0, 1, -28, 1] best [0, 0, 0, 0, -2, 0, 1, -15, 3] chain profiles 0 (states 0), maxw 0, DL_RC fails 0, key form fails 0; 9800 evals [3 s]
#   unit {"file": "k4_certs_5_pure.json.gz", "pos": 2780} k4_certs_5_pure.json.gz#2780[m=10,idx=734]: start [0, 0, 0, 0, -3, 0, 1, -38, 1] best [0, 0, 0, 0, -2, 0, 1, -7, 3] chain profiles 0 (states 0), maxw 0, DL_RC fails 0, key form fails 0; 9800 evals [2 s]
#   unit {"file": "k4_certs_5_pure.json.gz", "pos": 2782} k4_certs_5_pure.json.gz#2782[m=10,idx=736]: start [0, 0, 0, 0, -3, 0, 1, -35, 1] best [0, 0, 0, 0, -2, 0, 1, -16, 5] chain profiles 0 (states 0), maxw 0, DL_RC fails 0, key form fails 0; 9800 evals [3 s]
#   unit {"file": "k4_certs_5_pure.json.gz", "pos": 2788} k4_certs_5_pure.json.gz#2788[m=10,idx=742]: start [0, 0, 0, 0, -3, 0, 1, -27, 1] best [0, 0, 0, 0, -2, 0, 1, -14, 3] chain profiles 0 (states 0), maxw 0, DL_RC fails 0, key form fails 0; 9800 evals [2 s]
#   unit {"file": "k4_certs_5_pure.json.gz", "pos": 2796} k4_certs_5_pure.json.gz#2796[m=10,idx=750]: start [0, 0, 0, 0, -1000000, 0, 0, -1000000, 0] best [0, 0, 0, 0, -2, 0, 2, -22, 4] chain profiles 0 (states 0), maxw 0, DL_RC fails 0, key form fails 0; 9800 evals [3 s]
#   unit {"file": "k4_certs_5_pure.json.gz", "pos": 2799} k4_certs_5_pure.json.gz#2799[m=10,idx=753]: start [0, 0, 0, 0, -1000000, 0, 0, -1000000, 0] best [0, 0, 0, 0, -2, 0, 2, -16, 12] chain profiles 0 (states 0), maxw 0, DL_RC fails 0, key form fails 0; 9800 evals [3 s]
#   unit {"file": "k4_certs_5_pure.json.gz", "pos": 2804} k4_certs_5_pure.json.gz#2804[m=10,idx=758]: start [0, 0, 0, 0, -1000000, 0, 0, -1000000, 0] best [0, 0, 0, 0, -2, 0, 2, -9, 13] chain profiles 0 (states 0), maxw 0, DL_RC fails 0, key form fails 0; 9800 evals [3 s]
#   unit {"file": "k4_certs_5_pure.json.gz", "pos": 2806} k4_certs_5_pure.json.gz#2806[m=10,idx=760]: start [0, 0, 0, 0, -3, 0, 1, -19, 1] best [0, 0, 0, 0, -2, 2, 3, -6, 5] chain profiles 0 (states 0), maxw 0, DL_RC fails 0, key form fails 0; 9800 evals [3 s]
#   unit {"file": "k4_certs_5_pure.json.gz", "pos": 2808} k4_certs_5_pure.json.gz#2808[m=10,idx=762]: start [0, 0, 0, 0, -1000000, 0, 0, -1000000, 0] best [0, 0, 0, 0, -2, 0, 1, -15, 1] chain profiles 0 (states 0), maxw 0, DL_RC fails 0, key form fails 0; 9800 evals [2 s]
#   unit {"file": "k4_certs_5_pure.json.gz", "pos": 2815} k4_certs_5_pure.json.gz#2815[m=10,idx=769]: start [0, 0, 0, 0, -1000000, 0, 0, -1000000, 0] best [0, 0, 0, 0, -1000000, 0, 0, -1000000, 0] chain profiles 0 (states 0), maxw 0, DL_RC fails 0, key form fails 0; 9800 evals [2 s]
#   unit {"file": "k4_certs_5_pure.json.gz", "pos": 2810} k4_certs_5_pure.json.gz#2810[m=10,idx=764]: start [0, 0, 0, 0, -1000000, 0, 0, -1000000, 0] best [0, 0, 0, 0, -2, 0, 1, -18, 12] chain profiles 0 (states 0), maxw 0, DL_RC fails 0, key form fails 0; 9800 evals [3 s]
#   unit {"file": "k4_certs_5_pure.json.gz", "pos": 2817} k4_certs_5_pure.json.gz#2817[m=10,idx=771]: start [0, 0, 0, 0, -1000000, 0, 0, -1000000, 0] best [0, 0, 0, 0, -2, 0, 2, -12, 16] chain profiles 0 (states 0), maxw 0, DL_RC fails 0, key form fails 0; 9800 evals [2 s]
#   unit {"file": "k4_certs_5_pure.json.gz", "pos": 2819} k4_certs_5_pure.json.gz#2819[m=10,idx=773]: start [0, 0, 0, 0, -1000000, 0, 0, -1000000, 0] best [0, 0, 0, 0, -2, 0, 2, -15, 14] chain profiles 0 (states 0), maxw 0, DL_RC fails 0, key form fails 0; 9800 evals [2 s]
#   unit {"file": "k4_certs_5_pure.json.gz", "pos": 2821} k4_certs_5_pure.json.gz#2821[m=10,idx=775]: start [0, 0, 0, 0, -1000000, 0, 0, -1000000, 0] best [0, 0, 0, 0, -2, 0, 1, -16, 2] chain profiles 0 (states 0), maxw 0, DL_RC fails 0, key form fails 0; 9800 evals [2 s]
#   unit {"file": "k4_certs_5_pure.json.gz", "pos": 2825} k4_certs_5_pure.json.gz#2825[m=10,idx=779]: start [0, 0, 0, 0, -1000000, 0, 0, -1000000, 0] best [0, 0, 0, 0, -1000000, 0, 0, -1000000, 0] chain profiles 0 (states 0), maxw 0, DL_RC fails 0, key form fails 0; 9800 evals [2 s]
#   unit {"file": "k4_certs_5_pure.json.gz", "pos": 2829} k4_certs_5_pure.json.gz#2829[m=10,idx=783]: start [0, 0, 0, 0, -1000000, 0, 0, -1000000, 0] best [0, 0, 0, 0, -1000000, 0, 0, -1000000, 0] chain profiles 0 (states 0), maxw 0, DL_RC fails 0, key form fails 0; 9800 evals [2 s]
#   unit {"file": "k4_certs_5_pure.json.gz", "pos": 2832} k4_certs_5_pure.json.gz#2832[m=10,idx=786]: start [0, 0, 0, 0, -1000000, 0, 0, -1000000, 0] best [0, 0, 0, 0, -2, 0, 2, -14, 27] chain profiles 0 (states 0), maxw 0, DL_RC fails 0, key form fails 0; 9800 evals [3 s]
#   unit {"file": "k4_certs_5_pure.json.gz", "pos": 2835} k4_certs_5_pure.json.gz#2835[m=10,idx=789]: start [0, 0, 0, 0, -3, 0, 1, -33, 1] best [0, 0, 0, 0, -2, 0, 2, -28, 3] chain profiles 0 (states 0), maxw 0, DL_RC fails 0, key form fails 0; 9800 evals [3 s]
#   unit {"file": "k4_certs_5_pure.json.gz", "pos": 2836} k4_certs_5_pure.json.gz#2836[m=10,idx=790]: start [0, 0, 0, 0, -3, 0, 1, -41, 1] best [0, 0, 0, 0, -2, 0, 2, -26, 8] chain profiles 0 (states 0), maxw 0, DL_RC fails 0, key form fails 0; 9800 evals [3 s]
#   unit {"file": "k4_certs_5_pure.json.gz", "pos": 2840} k4_certs_5_pure.json.gz#2840[m=10,idx=794]: start [0, 0, 0, 0, -1000000, 0, 0, -1000000, 0] best [0, 0, 0, 0, -1, 0, 2, -21, 8] chain profiles 0 (states 0), maxw 0, DL_RC fails 0, key form fails 0; 9800 evals [2 s]
#   unit {"file": "k4_certs_5_pure.json.gz", "pos": 2849} k4_certs_5_pure.json.gz#2849[m=10,idx=803]: start [0, 0, 0, 0, -1000000, 0, 0, -1000000, 0] best [0, 0, 0, 0, -2, 0, 1, -12, 1] chain profiles 0 (states 0), maxw 0, DL_RC fails 0, key form fails 0; 9800 evals [2 s]
#   unit {"file": "k4_certs_5_pure.json.gz", "pos": 2842} k4_certs_5_pure.json.gz#2842[m=10,idx=796]: start [0, 0, 0, 0, -2, 0, 1, -38, 1] best [0, 0, 0, 0, -2, 0, 2, -29, 3] chain profiles 0 (states 0), maxw 0, DL_RC fails 0, key form fails 0; 9800 evals [3 s]
#   unit {"file": "k4_certs_5_pure.json.gz", "pos": 2861} k4_certs_5_pure.json.gz#2861[m=10,idx=815]: start [0, 0, 0, 0, -1000000, 0, 0, -1000000, 0] best [0, 0, 0, 0, -2, 0, 1, -11, 1] chain profiles 0 (states 0), maxw 0, DL_RC fails 0, key form fails 0; 9800 evals [2 s]
#   unit {"file": "k4_certs_5_pure.json.gz", "pos": 2859} k4_certs_5_pure.json.gz#2859[m=10,idx=813]: start [0, 0, 0, 0, -1000000, 0, 0, -1000000, 0] best [0, 0, 0, 0, -2, 0, 1, -5, 1] chain profiles 0 (states 0), maxw 0, DL_RC fails 0, key form fails 0; 9800 evals [3 s]
#   unit {"file": "k4_certs_5_pure.json.gz", "pos": 2863} k4_certs_5_pure.json.gz#2863[m=10,idx=817]: start [0, 0, 0, 0, -1000000, 0, 0, -1000000, 0] best [0, 0, 0, 0, -2, 0, 1, -18, 2] chain profiles 0 (states 0), maxw 0, DL_RC fails 0, key form fails 0; 9800 evals [2 s]
#   unit {"file": "k4_certs_5_pure.json.gz", "pos": 2884} k4_certs_5_pure.json.gz#2884[m=10,idx=838]: start [0, 0, 0, 0, -1000000, 0, 0, -1000000, 0] best [0, 0, 0, 0, -1000000, 0, 0, -1000000, 0] chain profiles 0 (states 0), maxw 0, DL_RC fails 0, key form fails 0; 9800 evals [2 s]
#   unit {"file": "k4_certs_5_pure.json.gz", "pos": 2875} k4_certs_5_pure.json.gz#2875[m=10,idx=829]: start [0, 0, 0, 0, -1000000, 0, 0, -1000000, 0] best [0, 0, 0, 0, -1, 0, 2, -12, 8] chain profiles 0 (states 0), maxw 0, DL_RC fails 0, key form fails 0; 9800 evals [3 s]
#   unit {"file": "k4_certs_5_pure.json.gz", "pos": 2878} k4_certs_5_pure.json.gz#2878[m=10,idx=832]: start [0, 0, 0, 0, -1000000, 0, 0, -1000000, 0] best [0, 0, 0, 0, -1, 0, 1, -18, 12] chain profiles 0 (states 0), maxw 0, DL_RC fails 0, key form fails 0; 9800 evals [3 s]
#   unit {"file": "k4_certs_5_pure.json.gz", "pos": 2885} k4_certs_5_pure.json.gz#2885[m=10,idx=839]: start [0, 0, 0, 0, -1000000, 0, 0, -1000000, 0] best [0, 0, 0, 0, -2, 0, 2, -12, 1] chain profiles 0 (states 0), maxw 0, DL_RC fails 0, key form fails 0; 9800 evals [3 s]
#   unit {"file": "k4_certs_5_pure.json.gz", "pos": 2887} k4_certs_5_pure.json.gz#2887[m=10,idx=841]: start [0, 0, 0, 0, -3, 0, 1, -16, 1] best [0, 0, 0, 0, -2, 0, 1, -11, 6] chain profiles 0 (states 0), maxw 0, DL_RC fails 0, key form fails 0; 9800 evals [2 s]
#   unit {"file": "k4_certs_5_pure.json.gz", "pos": 2886} k4_certs_5_pure.json.gz#2886[m=10,idx=840]: start [0, 0, 0, 0, -3, 0, 1, -49, 1] best [0, 0, 0, 0, -2, 0, 2, -25, 4] chain profiles 0 (states 0), maxw 0, DL_RC fails 0, key form fails 0; 9800 evals [3 s]
#   unit {"file": "k4_certs_5_pure.json.gz", "pos": 2889} k4_certs_5_pure.json.gz#2889[m=10,idx=843]: start [0, 0, 0, 0, -1000000, 0, 0, -1000000, 0] best [0, 0, 0, 0, -2, 0, 2, -16, 1] chain profiles 0 (states 0), maxw 0, DL_RC fails 0, key form fails 0; 9800 evals [2 s]
#   unit {"file": "k4_certs_5_pure.json.gz", "pos": 2893} k4_certs_5_pure.json.gz#2893[m=10,idx=847]: start [0, 0, 0, 0, -1000000, 0, 0, -1000000, 0] best [0, 0, 0, 0, -2, 0, 1, -16, 2] chain profiles 0 (states 0), maxw 0, DL_RC fails 0, key form fails 0; 9800 evals [3 s]
#   unit {"file": "k4_certs_5_pure.json.gz", "pos": 2895} k4_certs_5_pure.json.gz#2895[m=10,idx=849]: start [0, 0, 0, 0, -3, 0, 1, -54, 1] best [0, 0, 0, 0, -2, 0, 2, -19, 3] chain profiles 0 (states 0), maxw 0, DL_RC fails 0, key form fails 0; 9800 evals [3 s]
#   unit {"file": "k4_certs_5_pure.json.gz", "pos": 2897} k4_certs_5_pure.json.gz#2897[m=10,idx=851]: start [0, 0, 0, 0, -1000000, 0, 0, -1000000, 0] best [0, 0, 0, 0, -2, 0, 1, -17, 2] chain profiles 0 (states 0), maxw 0, DL_RC fails 0, key form fails 0; 9800 evals [3 s]
#   unit {"file": "k4_certs_5_pure.json.gz", "pos": 2900} k4_certs_5_pure.json.gz#2900[m=10,idx=854]: start [0, 0, 0, 0, -1000000, 0, 0, -1000000, 0] best [0, 0, 0, 0, -2, 0, 2, -20, 9] chain profiles 0 (states 0), maxw 0, DL_RC fails 0, key form fails 0; 9800 evals [4 s]
#   unit {"file": "k4_certs_5_pure.json.gz", "pos": 2903} k4_certs_5_pure.json.gz#2903[m=10,idx=857]: start [0, 0, 0, 0, -1000000, 0, 0, -1000000, 0] best [0, 0, 0, 0, -2, 0, 2, -30, 4] chain profiles 0 (states 0), maxw 0, DL_RC fails 0, key form fails 0; 9800 evals [3 s]
#   unit {"file": "k4_certs_5_pure.json.gz", "pos": 2906} k4_certs_5_pure.json.gz#2906[m=10,idx=860]: start [0, 0, 0, 0, -1000000, 0, 0, -1000000, 0] best [0, 0, 0, 0, -2, 0, 1, -15, 1] chain profiles 0 (states 0), maxw 0, DL_RC fails 0, key form fails 0; 9800 evals [2 s]
#   unit {"file": "k4_certs_5_pure.json.gz", "pos": 2908} k4_certs_5_pure.json.gz#2908[m=10,idx=862]: start [0, 0, 0, 0, -1000000, 0, 0, -1000000, 0] best [0, 0, 0, 0, -2, 0, 1, -9, 1] chain profiles 0 (states 0), maxw 0, DL_RC fails 0, key form fails 0; 9800 evals [2 s]
#   unit {"file": "k4_certs_5_pure.json.gz", "pos": 2911} k4_certs_5_pure.json.gz#2911[m=10,idx=865]: start [0, 0, 0, 0, -1000000, 0, 0, -1000000, 0] best [0, 0, 0, 0, -2, 0, 2, -30, 2] chain profiles 0 (states 0), maxw 0, DL_RC fails 0, key form fails 0; 9800 evals [3 s]
#   unit {"file": "k4_certs_5_pure.json.gz", "pos": 2917} k4_certs_5_pure.json.gz#2917[m=10,idx=871]: start [0, 0, 0, 0, -3, 0, 1, -39, 2] best [0, 0, 0, 0, -2, 0, 1, -23, 2] chain profiles 0 (states 0), maxw 0, DL_RC fails 0, key form fails 0; 9800 evals [3 s]
#   unit {"file": "k4_certs_5_pure.json.gz", "pos": 2920} k4_certs_5_pure.json.gz#2920[m=10,idx=874]: start [0, 0, 0, 0, -1000000, 0, 0, -1000000, 0] best [0, 0, 0, 0, -2, 0, 1, -28, 1] chain profiles 0 (states 0), maxw 0, DL_RC fails 0, key form fails 0; 9800 evals [3 s]
#   unit {"file": "k4_certs_5_pure.json.gz", "pos": 2921} k4_certs_5_pure.json.gz#2921[m=10,idx=875]: start [0, 0, 0, 0, -1000000, 0, 0, -1000000, 0] best [0, 0, 0, 0, -2, 0, 1, -22, 5] chain profiles 0 (states 0), maxw 0, DL_RC fails 0, key form fails 0; 9800 evals [3 s]
#   unit {"file": "k4_certs_5_pure.json.gz", "pos": 2925} k4_certs_5_pure.json.gz#2925[m=10,idx=879]: start [0, 0, 0, 0, -1000000, 0, 0, -1000000, 0] best [0, 0, 0, 0, -2, 0, 1, -30, 1] chain profiles 0 (states 0), maxw 0, DL_RC fails 0, key form fails 0; 9800 evals [3 s]
#   unit {"file": "k4_certs_5_pure.json.gz", "pos": 2928} k4_certs_5_pure.json.gz#2928[m=10,idx=882]: start [0, 0, 0, 0, -1000000, 0, 0, -1000000, 0] best [0, 0, 0, 0, -2, 0, 2, -17, 3] chain profiles 0 (states 0), maxw 0, DL_RC fails 0, key form fails 0; 9800 evals [3 s]
#   unit {"file": "k4_certs_5_pure.json.gz", "pos": 2930} k4_certs_5_pure.json.gz#2930[m=10,idx=884]: start [0, 0, 0, 0, -1000000, 0, 0, -1000000, 0] best [0, 0, 0, 0, -2, 0, 1, -19, 6] chain profiles 0 (states 0), maxw 0, DL_RC fails 0, key form fails 0; 9800 evals [3 s]
#   unit {"file": "k4_certs_5_pure.json.gz", "pos": 2935} k4_certs_5_pure.json.gz#2935[m=10,idx=889]: start [0, 0, 0, 0, -3, 0, 1, -49, 2] best [0, 0, 0, 0, -1, 0, 1, -27, 6] chain profiles 0 (states 0), maxw 0, DL_RC fails 0, key form fails 0; 9800 evals [3 s]
#   unit {"file": "k4_certs_5_pure.json.gz", "pos": 2940} k4_certs_5_pure.json.gz#2940[m=10,idx=894]: start [0, 0, 0, 0, -1000000, 0, 0, -1000000, 0] best [0, 0, 0, 0, -2, 0, 1, -7, 4] chain profiles 0 (states 0), maxw 0, DL_RC fails 0, key form fails 0; 9800 evals [2 s]
#   unit {"file": "k4_certs_5_pure.json.gz", "pos": 2941} k4_certs_5_pure.json.gz#2941[m=10,idx=895]: start [0, 0, 0, 0, -1000000, 0, 0, -1000000, 0] best [0, 0, 0, 0, -2, 0, 2, -57, 1] chain profiles 0 (states 0), maxw 0, DL_RC fails 0, key form fails 0; 9800 evals [3 s]
#   unit {"file": "k4_certs_5_pure.json.gz", "pos": 2943} k4_certs_5_pure.json.gz#2943[m=10,idx=897]: start [0, 0, 0, 0, -1000000, 0, 0, -1000000, 0] best [0, 0, 0, 0, -2, 0, 1, -16, 1] chain profiles 0 (states 0), maxw 0, DL_RC fails 0, key form fails 0; 9800 evals [3 s]
#   unit {"file": "k4_certs_5_pure.json.gz", "pos": 2953} k4_certs_5_pure.json.gz#2953[m=10,idx=907]: start [0, 0, 0, 0, -1000000, 0, 0, -1000000, 0] best [0, 0, 0, 0, -2, 0, 1, -13, 1] chain profiles 0 (states 0), maxw 0, DL_RC fails 0, key form fails 0; 9800 evals [2 s]
#   unit {"file": "k4_certs_5_pure.json.gz", "pos": 2949} k4_certs_5_pure.json.gz#2949[m=10,idx=903]: start [0, 0, 0, 0, -1000000, 0, 0, -1000000, 0] best [0, 0, 0, 0, -2, 0, 2, -23, 11] chain profiles 0 (states 0), maxw 0, DL_RC fails 0, key form fails 0; 9800 evals [4 s]
#   unit {"file": "k4_certs_5_pure.json.gz", "pos": 2954} k4_certs_5_pure.json.gz#2954[m=10,idx=908]: start [0, 0, 0, 0, -1000000, 0, 0, -1000000, 0] best [0, 0, 0, 0, -2, 0, 1, -23, 1] chain profiles 0 (states 0), maxw 0, DL_RC fails 0, key form fails 0; 9800 evals [3 s]
#   unit {"file": "k4_certs_5_pure.json.gz", "pos": 2963} k4_certs_5_pure.json.gz#2963[m=10,idx=917]: start [0, 0, 0, 0, -1000000, 0, 0, -1000000, 0] best [0, 0, 0, 0, -2, 0, 1, -15, 1] chain profiles 0 (states 0), maxw 0, DL_RC fails 0, key form fails 0; 9800 evals [3 s]
#   unit {"file": "k4_certs_5_pure.json.gz", "pos": 2955} k4_certs_5_pure.json.gz#2955[m=10,idx=909]: start [0, 0, 0, 0, -1000000, 0, 0, -1000000, 0] best [0, 0, 0, 0, -2, 0, 2, -20, 9] chain profiles 0 (states 0), maxw 0, DL_RC fails 0, key form fails 0; 9800 evals [3 s]
#   unit {"file": "k4_certs_5_pure.json.gz", "pos": 2966} k4_certs_5_pure.json.gz#2966[m=10,idx=920]: start [0, 0, 0, 0, -1000000, 0, 0, -1000000, 0] best [0, 0, 0, 0, -2, 0, 2, -20, 9] chain profiles 0 (states 0), maxw 0, DL_RC fails 0, key form fails 0; 9800 evals [3 s]
#   unit {"file": "k4_certs_5_pure.json.gz", "pos": 2971} k4_certs_5_pure.json.gz#2971[m=10,idx=925]: start [0, 0, 0, 0, -1000000, 0, 0, -1000000, 0] best [0, 0, 0, 0, -2, 0, 1, -22, 2] chain profiles 0 (states 0), maxw 0, DL_RC fails 0, key form fails 0; 9800 evals [2 s]
#   unit {"file": "k4_certs_5_pure.json.gz", "pos": 2970} k4_certs_5_pure.json.gz#2970[m=10,idx=924]: start [0, 0, 0, 0, -2, 0, 1, -56, 1] best [0, 0, 0, 0, -2, 0, 1, -11, 1] chain profiles 0 (states 0), maxw 0, DL_RC fails 0, key form fails 0; 9800 evals [3 s]
#   unit {"file": "k4_certs_5_pure.json.gz", "pos": 2968} k4_certs_5_pure.json.gz#2968[m=10,idx=922]: start [0, 0, 0, 0, -1000000, 0, 0, -1000000, 0] best [0, 0, 0, 0, -2, 0, 1, -29, 1] chain profiles 0 (states 0), maxw 0, DL_RC fails 0, key form fails 0; 9800 evals [3 s]
#   unit {"file": "k4_certs_5_pure.json.gz", "pos": 2974} k4_certs_5_pure.json.gz#2974[m=10,idx=928]: start [0, 0, 0, 0, -1000000, 0, 0, -1000000, 0] best [0, 0, 0, 0, -1, 0, 2, -22, 5] chain profiles 0 (states 0), maxw 0, DL_RC fails 0, key form fails 0; 9800 evals [3 s]
#   unit {"file": "k4_certs_5_pure.json.gz", "pos": 2982} k4_certs_5_pure.json.gz#2982[m=10,idx=936]: start [0, 0, 0, 0, -1000000, 0, 0, -1000000, 0] best [0, 0, 0, 0, -2, 0, 1, -14, 2] chain profiles 0 (states 0), maxw 0, DL_RC fails 0, key form fails 0; 9800 evals [2 s]
#   unit {"file": "k4_certs_5_pure.json.gz", "pos": 2985} k4_certs_5_pure.json.gz#2985[m=10,idx=939]: start [0, 0, 0, 0, -3, 0, 1, -41, 1] best [0, 0, 0, 0, -2, 0, 2, -16, 12] chain profiles 0 (states 0), maxw 0, DL_RC fails 0, key form fails 0; 9800 evals [3 s]
#   unit {"file": "k4_certs_5_pure.json.gz", "pos": 2987} k4_certs_5_pure.json.gz#2987[m=10,idx=941]: start [0, 0, 0, 0, -1000000, 0, 0, -1000000, 0] best [0, 0, 0, 0, -2, 0, 2, -17, 3] chain profiles 0 (states 0), maxw 0, DL_RC fails 0, key form fails 0; 9800 evals [3 s]
#   unit {"file": "k4_certs_5_pure.json.gz", "pos": 2997} k4_certs_5_pure.json.gz#2997[m=10,idx=951]: start [0, 0, 0, 0, -1000000, 0, 0, -1000000, 0] best [0, 0, 0, 0, -2, 0, 1, -15, 1] chain profiles 0 (states 0), maxw 0, DL_RC fails 0, key form fails 0; 9800 evals [2 s]
#   unit {"file": "k4_certs_5_pure.json.gz", "pos": 3006} k4_certs_5_pure.json.gz#3006[m=10,idx=960]: start [0, 0, 0, 0, -1000000, 0, 0, -1000000, 0] best [0, 0, 0, 0, -2, 0, 1, -22, 1] chain profiles 0 (states 0), maxw 0, DL_RC fails 0, key form fails 0; 9800 evals [2 s]
#   unit {"file": "k4_certs_5_pure.json.gz", "pos": 3001} k4_certs_5_pure.json.gz#3001[m=10,idx=955]: start [0, 0, 0, 0, -1000000, 0, 0, -1000000, 0] best [0, 0, 0, 0, -2, 0, 2, -20, 19] chain profiles 0 (states 0), maxw 0, DL_RC fails 0, key form fails 0; 9800 evals [4 s]
#   unit {"file": "k4_certs_5_pure.json.gz", "pos": 3007} k4_certs_5_pure.json.gz#3007[m=10,idx=961]: start [0, 0, 0, 0, -3, 0, 1, -70, 2] best [0, 0, 0, 0, -2, 0, 1, -22, 1] chain profiles 0 (states 0), maxw 0, DL_RC fails 0, key form fails 0; 9800 evals [3 s]
#   unit {"file": "k4_certs_5_pure.json.gz", "pos": 3010} k4_certs_5_pure.json.gz#3010[m=10,idx=964]: start [0, 0, 0, 0, -1000000, 0, 0, -1000000, 0] best [0, 0, 0, 0, -2, 0, 1, -18, 4] chain profiles 0 (states 0), maxw 0, DL_RC fails 0, key form fails 0; 9800 evals [3 s]
#   unit {"file": "k4_certs_5_pure.json.gz", "pos": 3011} k4_certs_5_pure.json.gz#3011[m=10,idx=965]: start [0, 0, 0, 0, -1000000, 0, 0, -1000000, 0] best [0, 0, 0, 0, -2, 0, 1, -11, 3] chain profiles 0 (states 0), maxw 0, DL_RC fails 0, key form fails 0; 9800 evals [2 s]
#   unit {"file": "k4_certs_5_pure.json.gz", "pos": 3012} k4_certs_5_pure.json.gz#3012[m=10,idx=966]: start [0, 0, 0, 0, -2, 0, 1, -45, 1] best [0, 0, 0, 0, -2, 0, 2, -22, 10] chain profiles 0 (states 0), maxw 0, DL_RC fails 0, key form fails 0; 9800 evals [2 s]
#   unit {"file": "k4_certs_5_pure.json.gz", "pos": 3015} k4_certs_5_pure.json.gz#3015[m=10,idx=969]: start [0, 0, 0, 0, -1000000, 0, 0, -1000000, 0] best [0, 0, 0, 0, -2, 0, 1, -11, 2] chain profiles 0 (states 0), maxw 0, DL_RC fails 0, key form fails 0; 9800 evals [2 s]
#   unit {"file": "k4_certs_5_pure.json.gz", "pos": 3013} k4_certs_5_pure.json.gz#3013[m=10,idx=967]: start [0, 0, 0, 0, -2, 0, 1, -52, 3] best [0, 0, 0, 0, -2, 0, 2, -13, 12] chain profiles 0 (states 0), maxw 0, DL_RC fails 0, key form fails 0; 9800 evals [3 s]
#   unit {"file": "k4_certs_5_pure.json.gz", "pos": 3018} k4_certs_5_pure.json.gz#3018[m=10,idx=972]: start [0, 0, 0, 0, -1000000, 0, 0, -1000000, 0] best [0, 0, 0, 0, -1, 0, 1, -1, 1] chain profiles 0 (states 0), maxw 0, DL_RC fails 0, key form fails 0; 9800 evals [2 s]
#   unit {"file": "k4_certs_5_pure.json.gz", "pos": 3020} k4_certs_5_pure.json.gz#3020[m=10,idx=974]: start [0, 0, 0, 0, -4, 0, 1, -25, 1] best [0, 0, 0, 0, -1, 0, 1, -1, 1] chain profiles 0 (states 0), maxw 0, DL_RC fails 0, key form fails 0; 9800 evals [3 s]
#   unit {"file": "k4_certs_5_pure.json.gz", "pos": 3023} k4_certs_5_pure.json.gz#3023[m=10,idx=977]: start [0, 0, 0, 0, -1000000, 0, 0, -1000000, 0] best [0, 0, 0, 0, -2, 0, 1, -17, 1] chain profiles 0 (states 0), maxw 0, DL_RC fails 0, key form fails 0; 9800 evals [3 s]
#   unit {"file": "k4_certs_5_pure.json.gz", "pos": 3024} k4_certs_5_pure.json.gz#3024[m=10,idx=978]: start [0, 0, 0, 0, -2, 0, 1, -23, 2] best [0, 0, 0, 0, -2, 0, 2, -12, 26] chain profiles 0 (states 0), maxw 0, DL_RC fails 0, key form fails 0; 9800 evals [2 s]
#   unit {"file": "k4_certs_5_pure.json.gz", "pos": 3025} k4_certs_5_pure.json.gz#3025[m=10,idx=979]: start [0, 0, 0, 0, -1000000, 0, 0, -1000000, 0] best [0, 0, 0, 0, -2, 0, 1, -13, 4] chain profiles 0 (states 0), maxw 0, DL_RC fails 0, key form fails 0; 9800 evals [3 s]
#   unit {"file": "k4_certs_5_pure.json.gz", "pos": 3026} k4_certs_5_pure.json.gz#3026[m=10,idx=980]: start [0, 0, 0, 0, -1000000, 0, 0, -1000000, 0] best [0, 0, 0, 0, -2, 0, 1, -21, 1] chain profiles 0 (states 0), maxw 0, DL_RC fails 0, key form fails 0; 9800 evals [3 s]
#   unit {"file": "k4_certs_5_pure.json.gz", "pos": 3029} k4_certs_5_pure.json.gz#3029[m=10,idx=983]: start [0, 0, 0, 0, -3, 0, 1, -53, 1] best [0, 0, 0, 0, -2, 2, 3, -17, 33] chain profiles 0 (states 0), maxw 0, DL_RC fails 0, key form fails 0; 9800 evals [4 s]
#   unit {"file": "k4_certs_5_pure.json.gz", "pos": 3040} k4_certs_5_pure.json.gz#3040[m=10,idx=994]: start [0, 0, 0, 0, -3, 0, 1, -35, 1] best [0, 0, 0, 0, -2, 0, 2, -26, 8] chain profiles 0 (states 0), maxw 0, DL_RC fails 0, key form fails 0; 9800 evals [4 s]
#   unit {"file": "k4_certs_5_pure.json.gz", "pos": 3041} k4_certs_5_pure.json.gz#3041[m=10,idx=995]: start [0, 0, 0, 0, -2, 0, 1, -23, 1] best [0, 0, 0, 0, -2, 0, 1, -10, 1] chain profiles 0 (states 0), maxw 0, DL_RC fails 0, key form fails 0; 9800 evals [2 s]
#   unit {"file": "k4_certs_5_pure.json.gz", "pos": 3044} k4_certs_5_pure.json.gz#3044[m=10,idx=998]: start [0, 0, 0, 0, -1000000, 0, 0, -1000000, 0] best [0, 0, 0, 0, -2, 0, 1, -12, 4] chain profiles 0 (states 0), maxw 0, DL_RC fails 0, key form fails 0; 9800 evals [2 s]
#   unit {"file": "k4_certs_5_pure.json.gz", "pos": 3043} k4_certs_5_pure.json.gz#3043[m=10,idx=997]: start [0, 0, 0, 0, -1000000, 0, 0, -1000000, 0] best [0, 0, 0, 0, -2, 0, 1, -11, 3] chain profiles 0 (states 0), maxw 0, DL_RC fails 0, key form fails 0; 9800 evals [2 s]
#   unit {"file": "k4_certs_5_pure.json.gz", "pos": 3042} k4_certs_5_pure.json.gz#3042[m=10,idx=996]: start [0, 0, 0, 0, -1000000, 0, 0, -1000000, 0] best [0, 0, 0, 0, -2, 0, 2, -24, 8] chain profiles 0 (states 0), maxw 0, DL_RC fails 0, key form fails 0; 9800 evals [3 s]
#   unit {"file": "k4_certs_5_pure.json.gz", "pos": 3046} k4_certs_5_pure.json.gz#3046[m=10,idx=1000]: start [0, 0, 0, 0, -1000000, 0, 0, -1000000, 0] best [0, 0, 0, 0, -2, 0, 2, -28, 3] chain profiles 0 (states 0), maxw 0, DL_RC fails 0, key form fails 0; 9800 evals [3 s]
#   unit {"file": "k4_certs_5_pure.json.gz", "pos": 3052} k4_certs_5_pure.json.gz#3052[m=10,idx=1006]: start [0, 0, 0, 0, -1000000, 0, 0, -1000000, 0] best [0, 0, 0, 0, -2, 0, 1, -12, 2] chain profiles 0 (states 0), maxw 0, DL_RC fails 0, key form fails 0; 9800 evals [2 s]
#   unit {"file": "k4_certs_5_pure.json.gz", "pos": 3055} k4_certs_5_pure.json.gz#3055[m=10,idx=1009]: start [0, 0, 0, 0, -1000000, 0, 0, -1000000, 0] best [0, 0, 0, 0, -2, 0, 1, -22, 2] chain profiles 0 (states 0), maxw 0, DL_RC fails 0, key form fails 0; 9800 evals [3 s]
#   unit {"file": "k4_certs_5_pure.json.gz", "pos": 3050} k4_certs_5_pure.json.gz#3050[m=10,idx=1004]: start [0, 0, 0, 0, -3, 0, 1, -38, 1] best [0, 0, 0, 0, -2, 0, 2, -17, 12] chain profiles 0 (states 0), maxw 0, DL_RC fails 0, key form fails 0; 9800 evals [3 s]
#   unit {"file": "k4_certs_5_pure.json.gz", "pos": 3056} k4_certs_5_pure.json.gz#3056[m=10,idx=1010]: start [0, 0, 0, 0, -1000000, 0, 0, -1000000, 0] best [0, 0, 0, 0, -2, 0, 2, -28, 2] chain profiles 0 (states 0), maxw 0, DL_RC fails 0, key form fails 0; 9800 evals [3 s]
#   unit {"file": "k4_certs_5_pure.json.gz", "pos": 3058} k4_certs_5_pure.json.gz#3058[m=10,idx=1012]: start [0, 0, 0, 0, -2, 0, 1, -57, 1] best [0, 0, 0, 0, -2, 0, 1, -12, 8] chain profiles 0 (states 0), maxw 0, DL_RC fails 0, key form fails 0; 9800 evals [3 s]
#   unit {"file": "k4_certs_5_pure.json.gz", "pos": 3060} k4_certs_5_pure.json.gz#3060[m=10,idx=1014]: start [0, 0, 0, 0, -3, 0, 1, -49, 1] best [0, 0, 0, 0, -2, 0, 1, -11, 1] chain profiles 0 (states 0), maxw 0, DL_RC fails 0, key form fails 0; 9800 evals [3 s]
#   unit {"file": "k4_certs_5_pure.json.gz", "pos": 3061} k4_certs_5_pure.json.gz#3061[m=10,idx=1015]: start [0, 0, 0, 0, -2, 0, 1, -46, 3] best [0, 0, 0, 0, -2, 0, 2, -17, 2] chain profiles 0 (states 0), maxw 0, DL_RC fails 0, key form fails 0; 9800 evals [3 s]
#   unit {"file": "k4_certs_5_pure.json.gz", "pos": 3065} k4_certs_5_pure.json.gz#3065[m=10,idx=1019]: start [0, 0, 0, 0, -3, 0, 1, -67, 1] best [0, 0, 0, 0, -2, 0, 2, -27, 5] chain profiles 0 (states 0), maxw 0, DL_RC fails 0, key form fails 0; 9800 evals [3 s]
#   unit {"file": "k4_certs_5_pure.json.gz", "pos": 3067} k4_certs_5_pure.json.gz#3067[m=10,idx=1021]: start [0, 0, 0, 0, -1000000, 0, 0, -1000000, 0] best [0, 0, 0, 0, -2, 0, 1, -23, 2] chain profiles 0 (states 0), maxw 0, DL_RC fails 0, key form fails 0; 9800 evals [3 s]
#   unit {"file": "k4_certs_5_pure.json.gz", "pos": 3069} k4_certs_5_pure.json.gz#3069[m=10,idx=1023]: start [0, 0, 0, 0, -3, 0, 1, -62, 2] best [0, 0, 0, 0, -1, 0, 2, -20, 21] chain profiles 0 (states 0), maxw 0, DL_RC fails 0, key form fails 0; 9800 evals [3 s]
#   unit {"file": "k4_certs_5_pure.json.gz", "pos": 3075} k4_certs_5_pure.json.gz#3075[m=10,idx=1029]: start [0, 0, 0, 0, -2, 0, 1, -45, 2] best [0, 0, 0, 0, -1, 0, 2, -16, 11] chain profiles 0 (states 0), maxw 0, DL_RC fails 0, key form fails 0; 9800 evals [3 s]
#   unit {"file": "k4_certs_5_pure.json.gz", "pos": 3077} k4_certs_5_pure.json.gz#3077[m=10,idx=1031]: start [0, 0, 0, 0, -1000000, 0, 0, -1000000, 0] best [0, 0, 0, 0, -2, 0, 2, -20, 1] chain profiles 0 (states 0), maxw 0, DL_RC fails 0, key form fails 0; 9800 evals [3 s]
#   unit {"file": "k4_certs_5_pure.json.gz", "pos": 3080} k4_certs_5_pure.json.gz#3080[m=10,idx=1034]: start [0, 0, 0, 0, -3, 0, 1, -41, 1] best [0, 0, 0, 0, -1, 0, 1, -1, 2] chain profiles 0 (states 0), maxw 0, DL_RC fails 0, key form fails 0; 9800 evals [3 s]
#   unit {"file": "k4_certs_5_pure.json.gz", "pos": 3086} k4_certs_5_pure.json.gz#3086[m=10,idx=1040]: start [0, 0, 0, 0, -1000000, 0, 0, -1000000, 0] best [0, 0, 0, 0, -1, 0, 1, -2, 2] chain profiles 0 (states 0), maxw 0, DL_RC fails 0, key form fails 0; 9800 evals [2 s]
#   unit {"file": "k4_certs_5_pure.json.gz", "pos": 3084} k4_certs_5_pure.json.gz#3084[m=10,idx=1038]: start [0, 0, 0, 0, -2, 0, 1, -74, 4] best [0, 0, 0, 0, -2, 0, 1, -17, 1] chain profiles 0 (states 0), maxw 0, DL_RC fails 0, key form fails 0; 9800 evals [3 s]
#   unit {"file": "k4_certs_5_pure.json.gz", "pos": 3088} k4_certs_5_pure.json.gz#3088[m=10,idx=1042]: start [0, 0, 0, 0, -1000000, 0, 0, -1000000, 0] best [0, 0, 0, 0, -2, 0, 2, -30, 2] chain profiles 0 (states 0), maxw 0, DL_RC fails 0, key form fails 0; 9800 evals [3 s]
#   unit {"file": "k4_certs_5_pure.json.gz", "pos": 3093} k4_certs_5_pure.json.gz#3093[m=10,idx=1047]: start [0, 0, 0, 0, -1000000, 0, 0, -1000000, 0] best [0, 0, 0, 0, -1, 0, 2, -12, 25] chain profiles 0 (states 0), maxw 0, DL_RC fails 0, key form fails 0; 9800 evals [2 s]
#   unit {"file": "k4_certs_5_pure.json.gz", "pos": 3096} k4_certs_5_pure.json.gz#3096[m=10,idx=1050]: start [0, 0, 0, 0, -1000000, 0, 0, -1000000, 0] best [0, 0, 0, 0, -2, 0, 2, -39, 3] chain profiles 0 (states 0), maxw 0, DL_RC fails 0, key form fails 0; 9800 evals [2 s]
#   unit {"file": "k4_certs_5_pure.json.gz", "pos": 3095} k4_certs_5_pure.json.gz#3095[m=10,idx=1049]: start [0, 0, 0, 0, -2, 0, 1, -50, 3] best [0, 0, 0, 0, -2, 0, 1, -12, 1] chain profiles 0 (states 0), maxw 0, DL_RC fails 0, key form fails 0; 9800 evals [3 s]
#   unit {"file": "k4_certs_5_pure.json.gz", "pos": 3112} k4_certs_5_pure.json.gz#3112[m=10,idx=1066]: start [0, 0, 0, 0, -1000000, 0, 0, -1000000, 0] best [0, 0, 0, 0, -2, 0, 2, -11, 1] chain profiles 0 (states 0), maxw 0, DL_RC fails 0, key form fails 0; 9800 evals [2 s]
#   unit {"file": "k4_certs_5_pure.json.gz", "pos": 3100} k4_certs_5_pure.json.gz#3100[m=10,idx=1054]: start [0, 0, 0, 0, -2, 0, 1, -50, 5] best [0, 0, 0, 0, -2, 0, 2, -32, 6] chain profiles 0 (states 0), maxw 0, DL_RC fails 0, key form fails 0; 9800 evals [3 s]
#   unit {"file": "k4_certs_5_pure.json.gz", "pos": 3107} k4_certs_5_pure.json.gz#3107[m=10,idx=1061]: start [0, 0, 0, 0, -3, 0, 1, -41, 1] best [0, 0, 0, 0, -2, 0, 2, -28, 3] chain profiles 0 (states 0), maxw 0, DL_RC fails 0, key form fails 0; 9800 evals [3 s]
#   unit {"file": "k4_certs_5_pure.json.gz", "pos": 3114} k4_certs_5_pure.json.gz#3114[m=10,idx=1068]: start [0, 0, 0, 0, -1000000, 0, 0, -1000000, 0] best [0, 0, 0, 0, -2, 0, 2, -12, 9] chain profiles 0 (states 0), maxw 0, DL_RC fails 0, key form fails 0; 9800 evals [2 s]
#   unit {"file": "k4_certs_5_pure.json.gz", "pos": 3117} k4_certs_5_pure.json.gz#3117[m=10,idx=1071]: start [0, 0, 0, 0, -1000000, 0, 0, -1000000, 0] best [0, 0, 0, 0, -1, 0, 1, -9, 1] chain profiles 0 (states 0), maxw 0, DL_RC fails 0, key form fails 0; 9800 evals [3 s]
#   unit {"file": "k4_certs_5_pure.json.gz", "pos": 3119} k4_certs_5_pure.json.gz#3119[m=10,idx=1073]: start [0, 0, 0, 0, -1000000, 0, 0, -1000000, 0] best [0, 0, 0, 0, -1, 0, 1, -13, 5] chain profiles 0 (states 0), maxw 0, DL_RC fails 0, key form fails 0; 9800 evals [3 s]
#   unit {"file": "k4_certs_5_pure.json.gz", "pos": 3120} k4_certs_5_pure.json.gz#3120[m=10,idx=1074]: start [0, 0, 0, 0, -1000000, 0, 0, -1000000, 0] best [0, 0, 0, 0, -1, 0, 1, -8, 1] chain profiles 0 (states 0), maxw 0, DL_RC fails 0, key form fails 0; 9800 evals [3 s]
#   unit {"file": "k4_certs_5_pure.json.gz", "pos": 3121} k4_certs_5_pure.json.gz#3121[m=10,idx=1075]: start [0, 0, 0, 0, -1000000, 0, 0, -1000000, 0] best [0, 0, 0, 0, -2, 0, 1, -17, 1] chain profiles 0 (states 0), maxw 0, DL_RC fails 0, key form fails 0; 9800 evals [3 s]
#   unit {"file": "k4_certs_5_pure.json.gz", "pos": 3124} k4_certs_5_pure.json.gz#3124[m=10,idx=1078]: start [0, 0, 0, 0, -1000000, 0, 0, -1000000, 0] best [0, 0, 0, 0, -2, 0, 2, -15, 5] chain profiles 0 (states 0), maxw 0, DL_RC fails 0, key form fails 0; 9800 evals [3 s]
#   unit {"file": "k4_certs_5_pure.json.gz", "pos": 3122} k4_certs_5_pure.json.gz#3122[m=10,idx=1076]: start [0, 0, 0, 0, -1000000, 0, 0, -1000000, 0] best [0, 0, 0, 0, -1, 0, 1, -8, 8] chain profiles 0 (states 0), maxw 0, DL_RC fails 0, key form fails 0; 9800 evals [3 s]
#   unit {"file": "k4_certs_5_pure.json.gz", "pos": 3137} k4_certs_5_pure.json.gz#3137[m=10,idx=1091]: start [0, 0, 0, 0, -1000000, 0, 0, -1000000, 0] best [0, 0, 0, 0, -2, 0, 1, -27, 1] chain profiles 0 (states 0), maxw 0, DL_RC fails 0, key form fails 0; 9800 evals [3 s]
#   unit {"file": "k4_certs_5_pure.json.gz", "pos": 3136} k4_certs_5_pure.json.gz#3136[m=10,idx=1090]: start [0, 0, 0, 0, -2, 0, 1, -23, 1] best [0, 0, 0, 0, -2, 0, 2, -17, 9] chain profiles 0 (states 0), maxw 0, DL_RC fails 0, key form fails 0; 9800 evals [3 s]
#   unit {"file": "k4_certs_5_pure.json.gz", "pos": 3139} k4_certs_5_pure.json.gz#3139[m=10,idx=1093]: start [0, 0, 0, 0, -1000000, 0, 0, -1000000, 0] best [0, 0, 0, 0, -2, 0, 1, -25, 1] chain profiles 0 (states 0), maxw 0, DL_RC fails 0, key form fails 0; 9800 evals [3 s]
#   unit {"file": "k4_certs_5_pure.json.gz", "pos": 3143} k4_certs_5_pure.json.gz#3143[m=10,idx=1097]: start [0, 0, 0, 0, -1000000, 0, 0, -1000000, 0] best [0, 0, 0, 0, -2, 0, 1, -30, 2] chain profiles 0 (states 0), maxw 0, DL_RC fails 0, key form fails 0; 9800 evals [2 s]
#   unit {"file": "k4_certs_5_pure.json.gz", "pos": 3140} k4_certs_5_pure.json.gz#3140[m=10,idx=1094]: start [0, 0, 0, 0, -1000000, 0, 0, -1000000, 0] best [0, 0, 0, 0, -2, 0, 2, -27, 6] chain profiles 0 (states 0), maxw 0, DL_RC fails 0, key form fails 0; 9800 evals [3 s]
#   unit {"file": "k4_certs_5_pure.json.gz", "pos": 3144} k4_certs_5_pure.json.gz#3144[m=10,idx=1098]: start [0, 0, 0, 0, -1000000, 0, 0, -1000000, 0] best [0, 0, 0, 0, -2, 1, 3, -19, 11] chain profiles 0 (states 0), maxw 0, DL_RC fails 0, key form fails 0; 9800 evals [3 s]
#   unit {"file": "k4_certs_5_pure.json.gz", "pos": 3150} k4_certs_5_pure.json.gz#3150[m=10,idx=1104]: start [0, 0, 0, 0, -1000000, 0, 0, -1000000, 0] best [0, 0, 0, 0, -2, 0, 1, -15, 1] chain profiles 0 (states 0), maxw 0, DL_RC fails 0, key form fails 0; 9800 evals [2 s]
#   unit {"file": "k4_certs_5_pure.json.gz", "pos": 3146} k4_certs_5_pure.json.gz#3146[m=10,idx=1100]: start [0, 0, 0, 0, -1000000, 0, 0, -1000000, 0] best [0, 0, 0, 0, -1, 0, 1, -1, 1] chain profiles 0 (states 0), maxw 0, DL_RC fails 0, key form fails 0; 9800 evals [3 s]
#   unit {"file": "k4_certs_5_pure.json.gz", "pos": 3152} k4_certs_5_pure.json.gz#3152[m=10,idx=1106]: start [0, 0, 0, 0, -1000000, 0, 0, -1000000, 0] best [0, 0, 0, 0, -2, 0, 1, -16, 1] chain profiles 0 (states 0), maxw 0, DL_RC fails 0, key form fails 0; 9800 evals [3 s]
#   unit {"file": "k4_certs_5_pure.json.gz", "pos": 3153} k4_certs_5_pure.json.gz#3153[m=10,idx=1107]: start [0, 0, 0, 0, -1000000, 0, 0, -1000000, 0] best [0, 0, 0, 0, -2, 0, 1, -12, 2] chain profiles 0 (states 0), maxw 0, DL_RC fails 0, key form fails 0; 9800 evals [3 s]
#   unit {"file": "k4_certs_5_pure.json.gz", "pos": 3154} k4_certs_5_pure.json.gz#3154[m=10,idx=1108]: start [0, 0, 0, 0, -3, 0, 1, -46, 2] best [0, 0, 0, 0, -2, 0, 2, -28, 8] chain profiles 0 (states 0), maxw 0, DL_RC fails 0, key form fails 0; 9800 evals [3 s]
#   unit {"file": "k4_certs_5_pure.json.gz", "pos": 3155} k4_certs_5_pure.json.gz#3155[m=10,idx=1109]: start [0, 0, 0, 0, -1000000, 0, 0, -1000000, 0] best [0, 0, 0, 0, -2, 0, 1, -40, 1] chain profiles 0 (states 0), maxw 0, DL_RC fails 0, key form fails 0; 9800 evals [3 s]
#   unit {"file": "k4_certs_5_pure.json.gz", "pos": 3159} k4_certs_5_pure.json.gz#3159[m=10,idx=1113]: start [0, 0, 0, 0, -1000000, 0, 0, -1000000, 0] best [0, 0, 0, 0, -2, 0, 1, -25, 2] chain profiles 0 (states 0), maxw 0, DL_RC fails 0, key form fails 0; 9800 evals [2 s]
#   unit {"file": "k4_certs_5_pure.json.gz", "pos": 3157} k4_certs_5_pure.json.gz#3157[m=10,idx=1111]: start [0, 0, 0, 0, -1000000, 0, 0, -1000000, 0] best [0, 0, 0, 0, -2, 0, 1, -30, 1] chain profiles 0 (states 0), maxw 0, DL_RC fails 0, key form fails 0; 9800 evals [3 s]
#   unit {"file": "k4_certs_5_pure.json.gz", "pos": 3160} k4_certs_5_pure.json.gz#3160[m=10,idx=1114]: start [0, 0, 0, 0, -2, 0, 1, -33, 2] best [0, 0, 0, 0, -2, 0, 1, -28, 2] chain profiles 0 (states 0), maxw 0, DL_RC fails 0, key form fails 0; 9800 evals [2 s]
#   unit {"file": "k4_certs_5_pure.json.gz", "pos": 3163} k4_certs_5_pure.json.gz#3163[m=10,idx=1117]: start [0, 0, 0, 0, -1000000, 0, 0, -1000000, 0] best [0, 0, 0, 0, -2, 0, 2, -17, 1] chain profiles 0 (states 0), maxw 0, DL_RC fails 0, key form fails 0; 9800 evals [3 s]
#   unit {"file": "k4_certs_5_pure.json.gz", "pos": 3167} k4_certs_5_pure.json.gz#3167[m=10,idx=1121]: start [0, 0, 0, 0, -1000000, 0, 0, -1000000, 0] best [0, 0, 0, 0, -2, 0, 1, -11, 1] chain profiles 0 (states 0), maxw 0, DL_RC fails 0, key form fails 0; 9800 evals [3 s]
#   unit {"file": "k4_certs_5_pure.json.gz", "pos": 3164} k4_certs_5_pure.json.gz#3164[m=10,idx=1118]: start [0, 0, 0, 0, -1000000, 0, 0, -1000000, 0] best [0, 0, 0, 0, -2, 0, 2, -12, 29] chain profiles 0 (states 0), maxw 0, DL_RC fails 0, key form fails 0; 9800 evals [4 s]
#   unit {"file": "k4_certs_5_pure.json.gz", "pos": 3178} k4_certs_5_pure.json.gz#3178[m=10,idx=1132]: start [0, 0, 0, 0, -1000000, 0, 0, -1000000, 0] best [0, 0, 0, 0, -2, 0, 1, -18, 1] chain profiles 0 (states 0), maxw 0, DL_RC fails 0, key form fails 0; 9800 evals [3 s]
#   unit {"file": "k4_certs_5_pure.json.gz", "pos": 3182} k4_certs_5_pure.json.gz#3182[m=10,idx=1136]: start [0, 0, 0, 0, -1000000, 0, 0, -1000000, 0] best [0, 0, 0, 0, -1, 0, 2, -19, 6] chain profiles 0 (states 0), maxw 0, DL_RC fails 0, key form fails 0; 9800 evals [3 s]
#   unit {"file": "k4_certs_5_pure.json.gz", "pos": 3185} k4_certs_5_pure.json.gz#3185[m=10,idx=1139]: start [0, 0, 0, 0, -1000000, 0, 0, -1000000, 0] best [0, 0, 0, 0, -2, 0, 1, -22, 2] chain profiles 0 (states 0), maxw 0, DL_RC fails 0, key form fails 0; 9800 evals [3 s]
#   unit {"file": "k4_certs_5_pure.json.gz", "pos": 3193} k4_certs_5_pure.json.gz#3193[m=10,idx=1147]: start [0, 0, 0, 0, -1000000, 0, 0, -1000000, 0] best [0, 0, 0, 0, -2, 0, 2, -21, 7] chain profiles 0 (states 0), maxw 0, DL_RC fails 0, key form fails 0; 9800 evals [3 s]
#   unit {"file": "k4_certs_5_pure.json.gz", "pos": 3194} k4_certs_5_pure.json.gz#3194[m=10,idx=1148]: start [0, 0, 0, 0, -1000000, 0, 0, -1000000, 0] best [0, 0, 0, 0, -2, 0, 1, -21, 4] chain profiles 0 (states 0), maxw 0, DL_RC fails 0, key form fails 0; 9800 evals [3 s]
#   unit {"file": "k4_certs_5_pure.json.gz", "pos": 3195} k4_certs_5_pure.json.gz#3195[m=10,idx=1149]: start [0, 0, 0, 0, -1000000, 0, 0, -1000000, 0] best [0, 0, 0, 0, -2, 0, 2, -12, 20] chain profiles 0 (states 0), maxw 0, DL_RC fails 0, key form fails 0; 9800 evals [3 s]
#   unit {"file": "k4_certs_5_pure.json.gz", "pos": 3197} k4_certs_5_pure.json.gz#3197[m=10,idx=1151]: start [0, 0, 0, 0, -1000000, 0, 0, -1000000, 0] best [0, 0, 0, 0, -2, 0, 2, -21, 5] chain profiles 0 (states 0), maxw 0, DL_RC fails 0, key form fails 0; 9800 evals [3 s]
#   unit {"file": "k4_certs_5_pure.json.gz", "pos": 3199} k4_certs_5_pure.json.gz#3199[m=10,idx=1153]: start [0, 0, 0, 0, -1000000, 0, 0, -1000000, 0] best [0, 0, 0, 0, -2, 0, 2, -20, 3] chain profiles 0 (states 0), maxw 0, DL_RC fails 0, key form fails 0; 9800 evals [3 s]
#   unit {"file": "k4_certs_5_pure.json.gz", "pos": 3200} k4_certs_5_pure.json.gz#3200[m=10,idx=1154]: start [0, 0, 0, 0, -1000000, 0, 0, -1000000, 0] best [0, 0, 0, 0, -2, 0, 2, -16, 15] chain profiles 0 (states 0), maxw 0, DL_RC fails 0, key form fails 0; 9800 evals [4 s]
#   unit {"file": "k4_certs_5_pure.json.gz", "pos": 3202} k4_certs_5_pure.json.gz#3202[m=10,idx=1156]: start [0, 0, 0, 0, -1000000, 0, 0, -1000000, 0] best [0, 0, 0, 0, -1, 0, 1, -1, 1] chain profiles 0 (states 0), maxw 0, DL_RC fails 0, key form fails 0; 9800 evals [3 s]
#   unit {"file": "k4_certs_5_pure.json.gz", "pos": 3206} k4_certs_5_pure.json.gz#3206[m=10,idx=1160]: start [0, 0, 0, 0, -1000000, 0, 0, -1000000, 0] best [0, 0, 0, 0, -1, 0, 1, -1, 1] chain profiles 0 (states 0), maxw 0, DL_RC fails 0, key form fails 0; 9800 evals [3 s]
#   unit {"file": "k4_certs_5_pure.json.gz", "pos": 3209} k4_certs_5_pure.json.gz#3209[m=10,idx=1163]: start [0, 0, 0, 0, -1000000, 0, 0, -1000000, 0] best [0, 0, 0, 0, -2, 0, 2, -15, 24] chain profiles 0 (states 0), maxw 0, DL_RC fails 0, key form fails 0; 9800 evals [3 s]
#   unit {"file": "k4_certs_5_pure.json.gz", "pos": 3214} k4_certs_5_pure.json.gz#3214[m=10,idx=1168]: start [0, 0, 0, 0, -1000000, 0, 0, -1000000, 0] best [0, 0, 0, 0, -2, 0, 2, -8, 26] chain profiles 0 (states 0), maxw 0, DL_RC fails 0, key form fails 0; 9800 evals [3 s]
#   unit {"file": "k4_certs_5_pure.json.gz", "pos": 3222} k4_certs_5_pure.json.gz#3222[m=10,idx=1176]: start [0, 0, 0, 0, -1000000, 0, 0, -1000000, 0] best [0, 0, 0, 0, -1, 0, 2, -7, 2] chain profiles 0 (states 0), maxw 0, DL_RC fails 0, key form fails 0; 9800 evals [3 s]
#   unit {"file": "k4_certs_5_pure.json.gz", "pos": 3219} k4_certs_5_pure.json.gz#3219[m=10,idx=1173]: start [0, 0, 0, 0, -1000000, 0, 0, -1000000, 0] best [0, 0, 0, 0, -2, 0, 2, -11, 13] chain profiles 0 (states 0), maxw 0, DL_RC fails 0, key form fails 0; 9800 evals [4 s]
#   unit {"file": "k4_certs_5_pure.json.gz", "pos": 3224} k4_certs_5_pure.json.gz#3224[m=10,idx=1178]: start [0, 0, 0, 0, -1000000, 0, 0, -1000000, 0] best [0, 0, 0, 0, -2, 0, 1, -13, 1] chain profiles 0 (states 0), maxw 0, DL_RC fails 0, key form fails 0; 9800 evals [3 s]
#   unit {"file": "k4_certs_5_pure.json.gz", "pos": 3227} k4_certs_5_pure.json.gz#3227[m=10,idx=1181]: start [0, 0, 0, 0, -1000000, 0, 0, -1000000, 0] best [0, 0, 0, 0, -2, 0, 1, -11, 3] chain profiles 0 (states 0), maxw 0, DL_RC fails 0, key form fails 0; 9800 evals [2 s]
#   unit {"file": "k4_certs_5_pure.json.gz", "pos": 3235} k4_certs_5_pure.json.gz#3235[m=10,idx=1189]: start [0, 0, 0, 0, -2, 0, 1, -35, 7] best [0, 0, 0, 0, -1, 0, 1, -14, 10] chain profiles 0 (states 0), maxw 0, DL_RC fails 0, key form fails 0; 9800 evals [2 s]
#   unit {"file": "k4_certs_5_pure.json.gz", "pos": 3230} k4_certs_5_pure.json.gz#3230[m=10,idx=1184]: start [0, 0, 0, 0, -3, 0, 1, -51, 1] best [0, 0, 0, 0, -1, 0, 2, -12, 42] chain profiles 0 (states 0), maxw 0, DL_RC fails 0, key form fails 0; 9800 evals [4 s]
#   unit {"file": "k4_certs_5_pure.json.gz", "pos": 3240} k4_certs_5_pure.json.gz#3240[m=10,idx=1194]: start [0, 0, 0, 0, -3, 0, 1, -35, 1] best [0, 0, 0, 0, -2, 0, 1, -7, 4] chain profiles 0 (states 0), maxw 0, DL_RC fails 0, key form fails 0; 9800 evals [3 s]
#   unit {"file": "k4_certs_5_pure.json.gz", "pos": 3252} k4_certs_5_pure.json.gz#3252[m=10,idx=1206]: start [0, 0, 0, 0, -1000000, 0, 0, -1000000, 0] best [0, 0, 0, 0, -2, 0, 1, -27, 1] chain profiles 0 (states 0), maxw 0, DL_RC fails 0, key form fails 0; 9800 evals [3 s]
#   unit {"file": "k4_certs_5_pure.json.gz", "pos": 3254} k4_certs_5_pure.json.gz#3254[m=10,idx=1208]: start [0, 0, 0, 0, -2, 0, 1, -26, 2] best [0, 0, 0, 0, -2, 0, 2, -27, 2] chain profiles 0 (states 0), maxw 0, DL_RC fails 0, key form fails 0; 9800 evals [4 s]
#   unit {"file": "k4_certs_5_pure.json.gz", "pos": 3257} k4_certs_5_pure.json.gz#3257[m=10,idx=1211]: start [0, 0, 0, 0, -1000000, 0, 0, -1000000, 0] best [0, 0, 0, 0, -1, 0, 1, -1, 1] chain profiles 0 (states 0), maxw 0, DL_RC fails 0, key form fails 0; 9800 evals [3 s]
#   unit {"file": "k4_certs_5_pure.json.gz", "pos": 3258} k4_certs_5_pure.json.gz#3258[m=10,idx=1212]: start [0, 0, 0, 0, -3, 0, 1, -36, 3] best [0, 0, 0, 0, -1, 0, 2, -4, 19] chain profiles 0 (states 0), maxw 0, DL_RC fails 0, key form fails 0; 9800 evals [3 s]
#   unit {"file": "k4_certs_5_pure.json.gz", "pos": 3259} k4_certs_5_pure.json.gz#3259[m=10,idx=1213]: start [0, 0, 0, 0, -2, 0, 1, -52, 4] best [0, 0, 0, 0, -2, 0, 1, -18, 1] chain profiles 0 (states 0), maxw 0, DL_RC fails 0, key form fails 0; 9800 evals [3 s]
#   unit {"file": "k4_certs_5_pure.json.gz", "pos": 3271} k4_certs_5_pure.json.gz#3271[m=10,idx=1225]: start [0, 0, 0, 0, -1000000, 0, 0, -1000000, 0] best [0, 0, 0, 0, -2, 0, 2, -10, 4] chain profiles 0 (states 0), maxw 0, DL_RC fails 0, key form fails 0; 9800 evals [4 s]
#   unit {"file": "k4_certs_5_pure.json.gz", "pos": 3272} k4_certs_5_pure.json.gz#3272[m=10,idx=1226]: start [0, 0, 0, 0, -3, 0, 1, -42, 1] best [0, 0, 0, 0, -2, 0, 2, -28, 5] chain profiles 0 (states 0), maxw 0, DL_RC fails 0, key form fails 0; 9800 evals [4 s]
#   unit {"file": "k4_certs_5_pure.json.gz", "pos": 3276} k4_certs_5_pure.json.gz#3276[m=10,idx=1230]: start [0, 0, 0, 0, -1000000, 0, 0, -1000000, 0] best [0, 0, 0, 0, -2, 0, 1, -29, 1] chain profiles 0 (states 0), maxw 0, DL_RC fails 0, key form fails 0; 9800 evals [3 s]
#   unit {"file": "k4_certs_5_pure.json.gz", "pos": 3279} k4_certs_5_pure.json.gz#3279[m=10,idx=1233]: start [0, 0, 0, 0, -1000000, 0, 0, -1000000, 0] best [0, 0, 0, 0, -2, 0, 2, -29, 2] chain profiles 0 (states 0), maxw 0, DL_RC fails 0, key form fails 0; 9800 evals [4 s]
#   unit {"file": "k4_certs_5_pure.json.gz", "pos": 3282} k4_certs_5_pure.json.gz#3282[m=10,idx=1236]: start [0, 0, 0, 0, -1000000, 0, 0, -1000000, 0] best [0, 0, 0, 0, -1000000, 0, 0, -1000000, 0] chain profiles 0 (states 0), maxw 0, DL_RC fails 0, key form fails 0; 9800 evals [2 s]
#   unit {"file": "k4_certs_5_pure.json.gz", "pos": 3281} k4_certs_5_pure.json.gz#3281[m=10,idx=1235]: start [0, 0, 0, 0, -3, 0, 1, -38, 2] best [0, 0, 0, 0, -2, 0, 1, -16, 2] chain profiles 0 (states 0), maxw 0, DL_RC fails 0, key form fails 0; 9800 evals [3 s]
#   unit {"file": "k4_certs_5_pure.json.gz", "pos": 3283} k4_certs_5_pure.json.gz#3283[m=11,idx=0]: start [0, 0, 0, 0, -3, 0, 1, -51, 1] best [0, 0, 0, 0, -2, 0, 1, -21, 3] chain profiles 0 (states 0), maxw 0, DL_RC fails 0, key form fails 0; 9800 evals [6 s]
#   unit {"file": "k4_certs_5_pure.json.gz", "pos": 3289} k4_certs_5_pure.json.gz#3289[m=11,idx=6]: start [0, 0, 0, 0, -2, 0, 1, -40, 2] best [0, 0, 0, 0, -2, 0, 1, -9, 1] chain profiles 0 (states 0), maxw 0, DL_RC fails 0, key form fails 0; 9800 evals [5 s]
#   unit {"file": "k4_certs_5_pure.json.gz", "pos": 3286} k4_certs_5_pure.json.gz#3286[m=11,idx=3]: start [0, 0, 0, 0, -3, 0, 1, -44, 2] best [0, 0, 0, 0, -2, 0, 2, -23, 3] chain profiles 0 (states 0), maxw 0, DL_RC fails 0, key form fails 0; 9800 evals [6 s]
#   unit {"file": "k4_certs_5_pure.json.gz", "pos": 3292} k4_certs_5_pure.json.gz#3292[m=11,idx=9]: start [0, 0, 0, 0, -3, 0, 1, -40, 2] best [0, 0, 0, 0, -2, 0, 2, -31, 22] chain profiles 0 (states 0), maxw 0, DL_RC fails 0, key form fails 0; 9800 evals [5 s]
#   unit {"file": "k4_certs_5_pure.json.gz", "pos": 3293} k4_certs_5_pure.json.gz#3293[m=11,idx=10]: start [0, 0, 0, 0, -2, 0, 1, -41, 2] best [0, 0, 0, 0, -2, 0, 2, -30, 14] chain profiles 0 (states 0), maxw 0, DL_RC fails 0, key form fails 0; 9800 evals [5 s]
#   unit {"file": "k4_certs_5_pure.json.gz", "pos": 3302} k4_certs_5_pure.json.gz#3302[m=11,idx=19]: start [0, 0, 0, 0, -3, 0, 1, -26, 5] best [0, 0, 0, 0, -2, 0, 1, -14, 5] chain profiles 0 (states 0), maxw 0, DL_RC fails 0, key form fails 0; 9800 evals [4 s]
#   unit {"file": "k4_certs_5_pure.json.gz", "pos": 3310} k4_certs_5_pure.json.gz#3310[m=11,idx=27]: start [0, 0, 0, 0, -3, 0, 1, -24, 1] best [0, 0, 0, 0, -2, 0, 1, -10, 4] chain profiles 0 (states 0), maxw 0, DL_RC fails 0, key form fails 0; 9800 evals [4 s]
#   unit {"file": "k4_certs_5_pure.json.gz", "pos": 3306} k4_certs_5_pure.json.gz#3306[m=11,idx=23]: start [0, 0, 0, 0, -2, 0, 1, -54, 3] best [0, 0, 0, 0, -1, 0, 2, -25, 4] chain profiles 0 (states 0), maxw 0, DL_RC fails 0, key form fails 0; 9800 evals [5 s]
#   unit {"file": "k4_certs_5_pure.json.gz", "pos": 3313} k4_certs_5_pure.json.gz#3313[m=11,idx=30]: start [0, 0, 0, 0, -3, 0, 1, -17, 1] best [0, 0, 0, 0, -2, 0, 2, -13, 8] chain profiles 0 (states 0), maxw 0, DL_RC fails 0, key form fails 0; 9800 evals [4 s]
#   unit {"file": "k4_certs_5_pure.json.gz", "pos": 3316} k4_certs_5_pure.json.gz#3316[m=11,idx=33]: start [0, 0, 0, 0, -3, 0, 1, -189, 1] best [0, 0, 0, 0, -2, 0, 1, -10, 1] chain profiles 0 (states 0), maxw 0, DL_RC fails 0, key form fails 0; 9800 evals [4 s]
#   unit {"file": "k4_certs_5_pure.json.gz", "pos": 3314} k4_certs_5_pure.json.gz#3314[m=11,idx=31]: start [0, 0, 0, 0, -3, 0, 1, -47, 1] best [0, 0, 0, 0, -1, 0, 2, -10, 23] chain profiles 0 (states 0), maxw 0, DL_RC fails 0, key form fails 0; 9800 evals [5 s]
#   unit {"file": "k4_certs_5_pure.json.gz", "pos": 3319} k4_certs_5_pure.json.gz#3319[m=11,idx=36]: start [0, 0, 0, 0, -2, 0, 1, -34, 2] best [0, 0, 0, 0, -1, 0, 1, -4, 1] chain profiles 0 (states 0), maxw 0, DL_RC fails 0, key form fails 0; 9800 evals [4 s]
#   unit {"file": "k4_certs_5_pure.json.gz", "pos": 3321} k4_certs_5_pure.json.gz#3321[m=11,idx=38]: start [0, 0, 0, 0, -1000000, 0, 0, -1000000, 0] best [0, 0, 0, 0, -2, 0, 1, -16, 1] chain profiles 0 (states 0), maxw 0, DL_RC fails 0, key form fails 0; 9800 evals [3 s]
#   unit {"file": "k4_certs_5_pure.json.gz", "pos": 3322} k4_certs_5_pure.json.gz#3322[m=11,idx=39]: start [0, 0, 0, 0, -2, 0, 1, -29, 5] best [0, 0, 0, 0, -2, 0, 2, -15, 3] chain profiles 0 (states 0), maxw 0, DL_RC fails 0, key form fails 0; 9800 evals [4 s]
#   unit {"file": "k4_certs_5_pure.json.gz", "pos": 3323} k4_certs_5_pure.json.gz#3323[m=11,idx=40]: start [0, 0, 0, 0, -3, 0, 1, -22, 1] best [0, 0, 0, 0, -2, 0, 2, -12, 4] chain profiles 0 (states 0), maxw 0, DL_RC fails 0, key form fails 0; 9800 evals [4 s]
#   unit {"file": "k4_certs_5_pure.json.gz", "pos": 3329} k4_certs_5_pure.json.gz#3329[m=11,idx=46]: start [0, 0, 0, 0, -2, 0, 1, -40, 1] best [0, 0, 0, 0, -1, 0, 1, -30, 5] chain profiles 0 (states 0), maxw 0, DL_RC fails 0, key form fails 0; 9800 evals [4 s]
#   unit {"file": "k4_certs_5_pure.json.gz", "pos": 3333} k4_certs_5_pure.json.gz#3333[m=11,idx=50]: start [0, 0, 0, 0, -3, 0, 1, -16, 2] best [0, 0, 0, 0, -2, 0, 2, -11, 20] chain profiles 0 (states 0), maxw 0, DL_RC fails 0, key form fails 0; 9800 evals [5 s]
#   unit {"file": "k4_certs_5_pure.json.gz", "pos": 3338} k4_certs_5_pure.json.gz#3338[m=11,idx=55]: start [0, 0, 0, 0, -2, 0, 1, -33, 6] best [0, 0, 0, 0, -1, 0, 1, -37, 6] chain profiles 0 (states 0), maxw 0, DL_RC fails 0, key form fails 0; 9800 evals [4 s]
#   unit {"file": "k4_certs_5_pure.json.gz", "pos": 3340} k4_certs_5_pure.json.gz#3340[m=11,idx=57]: start [0, 0, 0, 0, -2, 0, 1, -18, 6] best [0, 0, 0, 0, -1, 0, 2, -21, 8] chain profiles 0 (states 0), maxw 0, DL_RC fails 0, key form fails 0; 9800 evals [4 s]
#   unit {"file": "k4_certs_5_pure.json.gz", "pos": 3339} k4_certs_5_pure.json.gz#3339[m=11,idx=56]: start [0, 0, 0, 0, -2, 0, 1, -30, 12] best [0, 0, 0, 0, -1, 1, 3, -24, 43] chain profiles 0 (states 0), maxw 0, DL_RC fails 0, key form fails 0; 9800 evals [5 s]
#   unit {"file": "k4_certs_5_pure.json.gz", "pos": 3343} k4_certs_5_pure.json.gz#3343[m=11,idx=60]: start [0, 0, 0, 0, -2, 0, 1, -47, 3] best [0, 0, 0, 0, -2, 0, 1, -16, 1] chain profiles 0 (states 0), maxw 0, DL_RC fails 0, key form fails 0; 9800 evals [4 s]
#   unit {"file": "k4_certs_5_pure.json.gz", "pos": 3344} k4_certs_5_pure.json.gz#3344[m=11,idx=61]: start [0, 0, 0, 0, -2, 0, 1, -59, 6] best [0, 0, 0, 0, -2, 0, 1, -12, 9] chain profiles 0 (states 0), maxw 0, DL_RC fails 0, key form fails 0; 9800 evals [4 s]
#   unit {"file": "k4_certs_5_pure.json.gz", "pos": 3350} k4_certs_5_pure.json.gz#3350[m=11,idx=67]: start [0, 0, 0, 0, -2, 0, 1, -81, 3] best [0, 0, 0, 0, -1, 0, 2, -23, 4] chain profiles 0 (states 0), maxw 0, DL_RC fails 0, key form fails 0; 9800 evals [3 s]
#   unit {"file": "k4_certs_5_pure.json.gz", "pos": 3346} k4_certs_5_pure.json.gz#3346[m=11,idx=63]: start [0, 0, 0, 0, -2, 0, 1, -22, 2] best [0, 0, 0, 0, -1, 0, 2, -10, 7] chain profiles 0 (states 0), maxw 0, DL_RC fails 0, key form fails 0; 9800 evals [5 s]
#   unit {"file": "k4_certs_5_pure.json.gz", "pos": 3349} k4_certs_5_pure.json.gz#3349[m=11,idx=66]: start [0, 0, 0, 0, -1, 0, 2, -35, 24] best [0, 0, 0, 0, -1, 0, 2, -4, 7] chain profiles 0 (states 0), maxw 0, DL_RC fails 0, key form fails 0; 9800 evals [5 s]
#   unit {"file": "k4_certs_5_pure.json.gz", "pos": 3352} k4_certs_5_pure.json.gz#3352[m=11,idx=69]: start [0, 0, 0, 0, -2, 0, 1, -37, 3] best [0, 0, 0, 0, -1, 0, 2, -12, 10] chain profiles 0 (states 0), maxw 0, DL_RC fails 0, key form fails 0; 9800 evals [3 s]
#   unit {"file": "k4_certs_5_pure.json.gz", "pos": 3355} k4_certs_5_pure.json.gz#3355[m=11,idx=72]: start [0, 0, 0, 0, -3, 0, 1, -36, 1] best [0, 0, 0, 0, -2, 0, 1, -13, 1] chain profiles 0 (states 0), maxw 0, DL_RC fails 0, key form fails 0; 9800 evals [3 s]
#   unit {"file": "k4_certs_5_pure.json.gz", "pos": 3354} k4_certs_5_pure.json.gz#3354[m=11,idx=71]: start [0, 0, 0, 0, -2, 0, 1, -14, 3] best [0, 0, 0, 0, -2, 0, 2, -18, 12] chain profiles 0 (states 0), maxw 0, DL_RC fails 0, key form fails 0; 9800 evals [4 s]
#   unit {"file": "k4_certs_5_pure.json.gz", "pos": 3357} k4_certs_5_pure.json.gz#3357[m=11,idx=74]: start [0, 0, 0, 0, -2, 0, 1, -104, 5] best [0, 0, 0, 0, -1, 0, 2, -21, 10] chain profiles 0 (states 0), maxw 0, DL_RC fails 0, key form fails 0; 9800 evals [4 s]
#   unit {"file": "k4_certs_5_pure.json.gz", "pos": 3359} k4_certs_5_pure.json.gz#3359[m=11,idx=76]: start [0, 0, 0, 0, -2, 0, 1, -22, 7] best [0, 0, 0, 0, -2, 0, 2, -17, 19] chain profiles 0 (states 0), maxw 0, DL_RC fails 0, key form fails 0; 9800 evals [3 s]
#   unit {"file": "k4_certs_5_pure.json.gz", "pos": 3360} k4_certs_5_pure.json.gz#3360[m=11,idx=77]: start [0, 0, 0, 0, -2, 0, 1, -44, 4] best [0, 0, 0, 0, -1, 0, 2, -8, 5] chain profiles 0 (states 0), maxw 0, DL_RC fails 0, key form fails 0; 9800 evals [3 s]
#   unit {"file": "k4_certs_5_pure.json.gz", "pos": 3361} k4_certs_5_pure.json.gz#3361[m=11,idx=78]: start [0, 0, 0, 0, -2, 0, 1, -24, 10] best [0, 0, 0, 0, -1, 0, 1, -36, 1] chain profiles 0 (states 0), maxw 0, DL_RC fails 0, key form fails 0; 9800 evals [3 s]
#   unit {"file": "k4_certs_5_pure.json.gz", "pos": 3362} k4_certs_5_pure.json.gz#3362[m=11,idx=79]: start [0, 0, 0, 0, -2, 0, 1, -31, 12] best [0, 0, 0, 0, -2, 0, 2, -8, 2] chain profiles 0 (states 0), maxw 0, DL_RC fails 0, key form fails 0; 9800 evals [3 s]
#   unit {"file": "k4_certs_5_pure.json.gz", "pos": 3368} k4_certs_5_pure.json.gz#3368[m=11,idx=85]: start [0, 0, 0, 0, -2, 0, 1, -75, 1] best [0, 0, 0, 0, -2, 0, 1, -21, 1] chain profiles 0 (states 0), maxw 0, DL_RC fails 0, key form fails 0; 9800 evals [3 s]
#   unit {"file": "k4_certs_5_pure.json.gz", "pos": 3372} k4_certs_5_pure.json.gz#3372[m=11,idx=89]: start [0, 0, 0, 0, -2, 0, 1, -29, 1] best [0, 0, 0, 0, -1, 0, 2, -12, 10] chain profiles 0 (states 0), maxw 0, DL_RC fails 0, key form fails 0; 9800 evals [3 s]
#   unit {"file": "k4_certs_5_pure.json.gz", "pos": 3380} k4_certs_5_pure.json.gz#3380[m=11,idx=97]: start [0, 0, 0, 0, -3, 0, 1, -56, 1] best [0, 0, 0, 0, -2, 0, 1, -15, 1] chain profiles 0 (states 0), maxw 0, DL_RC fails 0, key form fails 0; 9800 evals [3 s]
#   unit {"file": "k4_certs_5_pure.json.gz", "pos": 3386} k4_certs_5_pure.json.gz#3386[m=11,idx=103]: start [0, 0, 0, 0, -3, 0, 2, -27, 7] best [0, 0, 0, 0, -1, 0, 2, -19, 5] chain profiles 0 (states 0), maxw 0, DL_RC fails 0, key form fails 0; 9800 evals [4 s]
#   unit {"file": "k4_certs_5_pure.json.gz", "pos": 3387} k4_certs_5_pure.json.gz#3387[m=11,idx=104]: start [0, 0, 0, 0, -3, 0, 1, -26, 3] best [0, 0, 0, 0, -2, 0, 2, -23, 12] chain profiles 0 (states 0), maxw 0, DL_RC fails 0, key form fails 0; 9800 evals [4 s]
#   unit {"file": "k4_certs_5_pure.json.gz", "pos": 3395} k4_certs_5_pure.json.gz#3395[m=11,idx=112]: start [0, 0, 0, 0, -3, 0, 1, -27, 1] best [0, 0, 0, 0, -2, 0, 1, -16, 1] chain profiles 0 (states 0), maxw 0, DL_RC fails 0, key form fails 0; 9800 evals [3 s]
#   unit {"file": "k4_certs_5_pure.json.gz", "pos": 3392} k4_certs_5_pure.json.gz#3392[m=11,idx=109]: start [0, 0, 0, 0, -2, 0, 1, -44, 4] best [0, 0, 0, 0, -2, 0, 2, -8, 5] chain profiles 0 (states 0), maxw 0, DL_RC fails 0, key form fails 0; 9800 evals [4 s]
#   unit {"file": "k4_certs_5_pure.json.gz", "pos": 3400} k4_certs_5_pure.json.gz#3400[m=11,idx=117]: start [0, 0, 0, 0, -2, 0, 1, -194, 2] best [0, 0, 0, 0, -1, 0, 1, -14, 1] chain profiles 0 (states 0), maxw 0, DL_RC fails 0, key form fails 0; 9800 evals [4 s]
#   unit {"file": "k4_certs_5_pure.json.gz", "pos": 3401} k4_certs_5_pure.json.gz#3401[m=11,idx=118]: start [0, 0, 0, 0, -2, 0, 1, -71, 1] best [0, 0, 0, 0, -2, 0, 2, -19, 12] chain profiles 0 (states 0), maxw 0, DL_RC fails 0, key form fails 0; 9800 evals [4 s]
#   unit {"file": "k4_certs_5_pure.json.gz", "pos": 3406} k4_certs_5_pure.json.gz#3406[m=11,idx=123]: start [0, 0, 0, 0, -3, 0, 1, -25, 1] best [0, 0, 0, 0, -2, 0, 2, -31, 3] chain profiles 0 (states 0), maxw 0, DL_RC fails 0, key form fails 0; 9800 evals [4 s]
#   unit {"file": "k4_certs_5_pure.json.gz", "pos": 3408} k4_certs_5_pure.json.gz#3408[m=11,idx=125]: start [0, 0, 0, 0, -2, 0, 1, -25, 3] best [0, 0, 0, 0, -2, 0, 2, -13, 7] chain profiles 0 (states 0), maxw 0, DL_RC fails 0, key form fails 0; 9800 evals [5 s]
#   unit {"file": "k4_certs_5_pure.json.gz", "pos": 3418} k4_certs_5_pure.json.gz#3418[m=11,idx=135]: start [0, 0, 0, 0, -3, 0, 1, -13, 2] best [0, 0, 0, 0, -1, 0, 2, -10, 8] chain profiles 0 (states 0), maxw 0, DL_RC fails 0, key form fails 0; 9800 evals [3 s]
#   unit {"file": "k4_certs_5_pure.json.gz", "pos": 3409} k4_certs_5_pure.json.gz#3409[m=11,idx=126]: start [0, 0, 0, 0, -2, 0, 1, -29, 4] best [0, 0, 0, 0, -1, 0, 1, -18, 14] chain profiles 0 (states 0), maxw 0, DL_RC fails 0, key form fails 0; 9800 evals [4 s]
#   unit {"file": "k4_certs_5_pure.json.gz", "pos": 3421} k4_certs_5_pure.json.gz#3421[m=11,idx=138]: start [0, 0, 0, 0, -3, 0, 1, -29, 1] best [0, 0, 0, 0, -2, 0, 2, -19, 6] chain profiles 0 (states 0), maxw 0, DL_RC fails 0, key form fails 0; 9800 evals [4 s]
#   unit {"file": "k4_certs_5_pure.json.gz", "pos": 3422} k4_certs_5_pure.json.gz#3422[m=11,idx=139]: start [0, 0, 0, 0, -3, 0, 1, -67, 1] best [0, 0, 0, 0, -1, 0, 2, -14, 1] chain profiles 0 (states 0), maxw 0, DL_RC fails 0, key form fails 0; 9800 evals [3 s]
#   unit {"file": "k4_certs_5_pure.json.gz", "pos": 3430} k4_certs_5_pure.json.gz#3430[m=11,idx=147]: start [0, 0, 0, 0, -2, 0, 1, -59, 1] best [0, 0, 0, 0, -1, 0, 2, -16, 18] chain profiles 0 (states 0), maxw 0, DL_RC fails 0, key form fails 0; 9800 evals [4 s]
#   unit {"file": "k4_certs_5_pure.json.gz", "pos": 3428} k4_certs_5_pure.json.gz#3428[m=11,idx=145]: start [0, 0, 0, 0, -3, 0, 1, -48, 2] best [0, 0, 0, 0, -2, 0, 2, -20, 19] chain profiles 0 (states 0), maxw 0, DL_RC fails 0, key form fails 0; 9800 evals [4 s]
#   unit {"file": "k4_certs_5_pure.json.gz", "pos": 3432} k4_certs_5_pure.json.gz#3432[m=11,idx=149]: start [0, 0, 0, 0, -2, 0, 2, -20, 3] best [0, 0, 0, 0, -1, 0, 2, -19, 7] chain profiles 0 (states 0), maxw 0, DL_RC fails 0, key form fails 0; 9800 evals [5 s]
#   unit {"file": "k4_certs_5_pure.json.gz", "pos": 3433} k4_certs_5_pure.json.gz#3433[m=11,idx=150]: start [0, 0, 0, 0, -2, 0, 2, -14, 10] best [0, 0, 0, 0, -1, 0, 2, -16, 27] chain profiles 0 (states 0), maxw 0, DL_RC fails 0, key form fails 0; 9800 evals [4 s]
#   unit {"file": "k4_certs_5_pure.json.gz", "pos": 3442} k4_certs_5_pure.json.gz#3442[m=11,idx=159]: start [0, 0, 0, 0, -2, 0, 1, -26, 6] best [0, 0, 0, 0, -2, 0, 2, -20, 5] chain profiles 0 (states 0), maxw 0, DL_RC fails 0, key form fails 0; 9800 evals [4 s]
#   unit {"file": "k4_certs_5_pure.json.gz", "pos": 3436} k4_certs_5_pure.json.gz#3436[m=11,idx=153]: start [0, 0, 0, 0, -2, 0, 1, -67, 4] best [0, 0, 0, 0, -2, 0, 2, -11, 8] chain profiles 0 (states 0), maxw 0, DL_RC fails 0, key form fails 0; 9800 evals [4 s]
#   unit {"file": "k4_certs_5_pure.json.gz", "pos": 3450} k4_certs_5_pure.json.gz#3450[m=11,idx=167]: start [0, 0, 0, 0, -2, 0, 1, -52, 1] best [0, 0, 0, 0, -2, 0, 2, -12, 11] chain profiles 0 (states 0), maxw 0, DL_RC fails 0, key form fails 0; 9800 evals [4 s]
#   unit {"file": "k4_certs_5_pure.json.gz", "pos": 3445} k4_certs_5_pure.json.gz#3445[m=11,idx=162]: start [0, 0, 0, 0, -2, 0, 2, -46, 7] best [0, 0, 0, 0, -1, 0, 2, -10, 39] chain profiles 0 (states 0), maxw 0, DL_RC fails 0, key form fails 0; 9800 evals [4 s]
#   unit {"file": "k4_certs_5_pure.json.gz", "pos": 3452} k4_certs_5_pure.json.gz#3452[m=11,idx=169]: start [0, 0, 0, 0, -2, 0, 1, -33, 1] best [0, 0, 0, 0, -2, 0, 1, -11, 5] chain profiles 0 (states 0), maxw 0, DL_RC fails 0, key form fails 0; 9800 evals [4 s]
#   unit {"file": "k4_certs_5_pure.json.gz", "pos": 3453} k4_certs_5_pure.json.gz#3453[m=11,idx=170]: start [0, 0, 0, 0, -2, 0, 1, -31, 4] best [0, 0, 0, 0, -1, 0, 2, -14, 30] chain profiles 0 (states 0), maxw 0, DL_RC fails 0, key form fails 0; 9800 evals [4 s]
#   unit {"file": "k4_certs_5_pure.json.gz", "pos": 3454} k4_certs_5_pure.json.gz#3454[m=11,idx=171]: start [0, 0, 0, 0, -2, 0, 2, -30, 4] best [0, 0, 0, 0, -1, 0, 2, -12, 35] chain profiles 0 (states 0), maxw 0, DL_RC fails 0, key form fails 0; 9800 evals [4 s]
#   unit {"file": "k4_certs_5_pure.json.gz", "pos": 3459} k4_certs_5_pure.json.gz#3459[m=11,idx=176]: start [0, 0, 0, 0, -2, 0, 1, -58, 3] best [0, 0, 0, 0, -2, 0, 2, -12, 12] chain profiles 0 (states 0), maxw 0, DL_RC fails 0, key form fails 0; 9800 evals [4 s]
#   unit {"file": "k4_certs_5_pure.json.gz", "pos": 3461} k4_certs_5_pure.json.gz#3461[m=11,idx=178]: start [0, 0, 0, 0, -2, 0, 1, -63, 1] best [0, 0, 0, 0, -2, 0, 2, -19, 19] chain profiles 0 (states 0), maxw 0, DL_RC fails 0, key form fails 0; 9800 evals [4 s]
#   unit {"file": "k4_certs_5_pure.json.gz", "pos": 3464} k4_certs_5_pure.json.gz#3464[m=11,idx=181]: start [0, 0, 0, 0, -2, 0, 1, -26, 4] best [0, 0, 0, 0, -2, 0, 1, -12, 7] chain profiles 0 (states 0), maxw 0, DL_RC fails 0, key form fails 0; 9800 evals [4 s]
#   unit {"file": "k4_certs_5_pure.json.gz", "pos": 3465} k4_certs_5_pure.json.gz#3465[m=11,idx=182]: start [0, 0, 0, 0, -3, 0, 1, -36, 2] best [0, 0, 0, 0, -1, 0, 2, -16, 12] chain profiles 0 (states 0), maxw 0, DL_RC fails 0, key form fails 0; 9800 evals [4 s]
#   unit {"file": "k4_certs_5_pure.json.gz", "pos": 3467} k4_certs_5_pure.json.gz#3467[m=11,idx=184]: start [0, 0, 0, 0, -3, 0, 1, -25, 1] best [0, 0, 0, 0, -2, 0, 2, -26, 36] chain profiles 0 (states 0), maxw 0, DL_RC fails 0, key form fails 0; 9800 evals [4 s]
#   unit {"file": "k4_certs_5_pure.json.gz", "pos": 3474} k4_certs_5_pure.json.gz#3474[m=11,idx=191]: start [0, 0, 0, 0, -2, 0, 1, -61, 5] best [0, 0, 0, 0, -2, 9, 3, -16, 32] chain profiles 0 (states 0), maxw 0, DL_RC fails 0, key form fails 0; 9800 evals [4 s]
#   unit {"file": "k4_certs_5_pure.json.gz", "pos": 3475} k4_certs_5_pure.json.gz#3475[m=11,idx=192]: start [0, 0, 0, 0, -2, 0, 1, -19, 6] best [0, 0, 0, 0, -1, 0, 2, -19, 9] chain profiles 0 (states 0), maxw 0, DL_RC fails 0, key form fails 0; 9800 evals [4 s]
#   unit {"file": "k4_certs_5_pure.json.gz", "pos": 3477} k4_certs_5_pure.json.gz#3477[m=11,idx=194]: start [0, 0, 0, 0, -2, 0, 1, -40, 2] best [0, 0, 0, 0, -2, 0, 1, -12, 2] chain profiles 0 (states 0), maxw 0, DL_RC fails 0, key form fails 0; 9800 evals [4 s]
#   unit {"file": "k4_certs_5_pure.json.gz", "pos": 3478} k4_certs_5_pure.json.gz#3478[m=11,idx=195]: start [0, 0, 0, 0, -3, 0, 1, -18, 1] best [0, 0, 0, 0, -2, 0, 2, -15, 7] chain profiles 0 (states 0), maxw 0, DL_RC fails 0, key form fails 0; 9800 evals [4 s]
#   unit {"file": "k4_certs_5_pure.json.gz", "pos": 3479} k4_certs_5_pure.json.gz#3479[m=11,idx=196]: start [0, 0, 0, 0, -2, 0, 1, -53, 3] best [0, 0, 0, 0, -2, 0, 1, -5, 2] chain profiles 0 (states 0), maxw 0, DL_RC fails 0, key form fails 0; 9800 evals [4 s]
#   unit {"file": "k4_certs_5_pure.json.gz", "pos": 3494} k4_certs_5_pure.json.gz#3494[m=11,idx=211]: start [0, 0, 0, 0, -2, 0, 1, -18, 3] best [0, 0, 0, 0, -1, 0, 1, -6, 1] chain profiles 0 (states 0), maxw 0, DL_RC fails 0, key form fails 0; 9800 evals [4 s]
#   unit {"file": "k4_certs_5_pure.json.gz", "pos": 3484} k4_certs_5_pure.json.gz#3484[m=11,idx=201]: start [0, 0, 0, 0, -3, 0, 1, -38, 3] best [0, 0, 0, 0, -1, 0, 2, -12, 15] chain profiles 0 (states 0), maxw 0, DL_RC fails 0, key form fails 0; 9800 evals [6 s]
#   unit {"file": "k4_certs_5_pure.json.gz", "pos": 3487} k4_certs_5_pure.json.gz#3487[m=11,idx=204]: start [0, 0, 0, 0, -3, 0, 1, -76, 1] best [0, 0, 0, 0, -1, 0, 2, -13, 9] chain profiles 0 (states 0), maxw 0, DL_RC fails 0, key form fails 0; 9800 evals [5 s]
#   unit {"file": "k4_certs_5_pure.json.gz", "pos": 3497} k4_certs_5_pure.json.gz#3497[m=11,idx=214]: start [0, 0, 0, 0, -2, 0, 1, -46, 2] best [0, 0, 0, 0, -2, 0, 2, -26, 11] chain profiles 0 (states 0), maxw 0, DL_RC fails 0, key form fails 0; 9800 evals [4 s]
#   unit {"file": "k4_certs_5_pure.json.gz", "pos": 3504} k4_certs_5_pure.json.gz#3504[m=11,idx=221]: start [0, 0, 0, 0, -3, 0, 1, -39, 1] best [0, 0, 0, 0, -2, 0, 2, -14, 9] chain profiles 0 (states 0), maxw 0, DL_RC fails 0, key form fails 0; 9800 evals [4 s]
#   unit {"file": "k4_certs_5_pure.json.gz", "pos": 3505} k4_certs_5_pure.json.gz#3505[m=11,idx=222]: start [0, 0, 0, 0, -2, 0, 1, -31, 1] best [0, 0, 0, 0, -1, 0, 2, -16, 20] chain profiles 0 (states 0), maxw 0, DL_RC fails 0, key form fails 0; 9800 evals [3 s]
#   unit {"file": "k4_certs_5_pure.json.gz", "pos": 3508} k4_certs_5_pure.json.gz#3508[m=11,idx=225]: start [0, 0, 0, 0, -2, 0, 1, -56, 4] best [0, 0, 0, 0, -2, 0, 1, -13, 3] chain profiles 0 (states 0), maxw 0, DL_RC fails 0, key form fails 0; 9800 evals [4 s]
#   unit {"file": "k4_certs_5_pure.json.gz", "pos": 3509} k4_certs_5_pure.json.gz#3509[m=11,idx=226]: start [0, 0, 0, 0, -3, 0, 1, -27, 2] best [0, 0, 0, 0, -2, 0, 2, -8, 3] chain profiles 0 (states 0), maxw 0, DL_RC fails 0, key form fails 0; 9800 evals [3 s]
#   unit {"file": "k4_certs_5_pure.json.gz", "pos": 3517} k4_certs_5_pure.json.gz#3517[m=11,idx=234]: start [0, 0, 0, 0, -4, 0, 1, -78, 1] best [0, 0, 0, 0, -2, 0, 1, -10, 1] chain profiles 0 (states 0), maxw 0, DL_RC fails 0, key form fails 0; 9800 evals [3 s]
#   unit {"file": "k4_certs_5_pure.json.gz", "pos": 3512} k4_certs_5_pure.json.gz#3512[m=11,idx=229]: start [0, 0, 0, 0, -2, 0, 1, -21, 2] best [0, 0, 0, 0, -2, 0, 1, -17, 5] chain profiles 0 (states 0), maxw 0, DL_RC fails 0, key form fails 0; 9800 evals [4 s]
#   unit {"file": "k4_certs_5_pure.json.gz", "pos": 3516} k4_certs_5_pure.json.gz#3516[m=11,idx=233]: start [0, 0, 0, 0, -3, 0, 1, -26, 1] best [0, 0, 0, 0, -2, 0, 2, -12, 8] chain profiles 0 (states 0), maxw 0, DL_RC fails 0, key form fails 0; 9800 evals [4 s]
#   unit {"file": "k4_certs_5_pure.json.gz", "pos": 3520} k4_certs_5_pure.json.gz#3520[m=11,idx=237]: start [0, 0, 0, 0, -3, 0, 1, -34, 1] best [0, 0, 0, 0, -2, 0, 1, -24, 1] chain profiles 0 (states 0), maxw 0, DL_RC fails 0, key form fails 0; 9800 evals [4 s]
#   unit {"file": "k4_certs_5_pure.json.gz", "pos": 3524} k4_certs_5_pure.json.gz#3524[m=11,idx=241]: start [0, 0, 0, 0, -2, 0, 1, -47, 1] best [0, 0, 0, 0, -2, 0, 2, -21, 11] chain profiles 0 (states 0), maxw 0, DL_RC fails 0, key form fails 0; 9800 evals [4 s]
#   unit {"file": "k4_certs_5_pure.json.gz", "pos": 3532} k4_certs_5_pure.json.gz#3532[m=11,idx=249]: start [0, 0, 0, 0, -2, 0, 1, -44, 3] best [0, 0, 0, 0, -1, 0, 1, -22, 3] chain profiles 0 (states 0), maxw 0, DL_RC fails 0, key form fails 0; 9800 evals [5 s]
#   unit {"file": "k4_certs_5_pure.json.gz", "pos": 3522} k4_certs_5_pure.json.gz#3522[m=11,idx=239]: start [0, 0, 0, 0, -2, 0, 1, -154, 1] best [0, 0, 0, 0, -1, 0, 2, -19, 5] chain profiles 0 (states 0), maxw 0, DL_RC fails 0, key form fails 0; 9800 evals [6 s]
#   unit {"file": "k4_certs_5_pure.json.gz", "pos": 3530} k4_certs_5_pure.json.gz#3530[m=11,idx=247]: start [0, 0, 0, 0, -2, 0, 1, -32, 4] best [0, 0, 0, 0, -2, 0, 2, -11, 23] chain profiles 0 (states 0), maxw 0, DL_RC fails 0, key form fails 0; 9800 evals [6 s]
#   unit {"file": "k4_certs_5_pure.json.gz", "pos": 3539} k4_certs_5_pure.json.gz#3539[m=11,idx=256]: start [0, 0, 0, 0, -2, 0, 1, -42, 4] best [0, 0, 0, 0, -2, 0, 2, -27, 11] chain profiles 0 (states 0), maxw 0, DL_RC fails 0, key form fails 0; 9800 evals [4 s]
#   unit {"file": "k4_certs_5_pure.json.gz", "pos": 3543} k4_certs_5_pure.json.gz#3543[m=11,idx=260]: start [0, 0, 0, 0, -2, 0, 1, -41, 1] best [0, 0, 0, 0, -2, 0, 1, -13, 1] chain profiles 0 (states 0), maxw 0, DL_RC fails 0, key form fails 0; 9800 evals [4 s]
#   unit {"file": "k4_certs_5_pure.json.gz", "pos": 3551} k4_certs_5_pure.json.gz#3551[m=11,idx=268]: start [0, 0, 0, 0, -2, 0, 1, -18, 1] best [0, 0, 0, 0, -1, 0, 1, -34, 2] chain profiles 0 (states 0), maxw 0, DL_RC fails 0, key form fails 0; 9800 evals [3 s]
#   unit {"file": "k4_certs_5_pure.json.gz", "pos": 3547} k4_certs_5_pure.json.gz#3547[m=11,idx=264]: start [0, 0, 0, 0, -3, 0, 1, -34, 1] best [0, 0, 0, 0, -2, 0, 1, -25, 5] chain profiles 0 (states 0), maxw 0, DL_RC fails 0, key form fails 0; 9800 evals [4 s]
#   unit {"file": "k4_certs_5_pure.json.gz", "pos": 3554} k4_certs_5_pure.json.gz#3554[m=11,idx=271]: start [0, 0, 0, 0, -2, 0, 1, -56, 6] best [0, 0, 0, 0, -1, 0, 2, -24, 6] chain profiles 0 (states 0), maxw 0, DL_RC fails 0, key form fails 0; 9800 evals [4 s]
#   unit {"file": "k4_certs_5_pure.json.gz", "pos": 3556} k4_certs_5_pure.json.gz#3556[m=11,idx=273]: start [0, 0, 0, 0, -2, 0, 1, -73, 1] best [0, 0, 0, 0, -2, 0, 1, -24, 2] chain profiles 0 (states 0), maxw 0, DL_RC fails 0, key form fails 0; 9800 evals [4 s]
#   unit {"file": "k4_certs_5_pure.json.gz", "pos": 3566} k4_certs_5_pure.json.gz#3566[m=11,idx=283]: start [0, 0, 0, 0, -2, 0, 1, -41, 3] best [0, 0, 0, 0, -2, 0, 1, -16, 7] chain profiles 0 (states 0), maxw 0, DL_RC fails 0, key form fails 0; 9800 evals [4 s]
#   unit {"file": "k4_certs_5_pure.json.gz", "pos": 3565} k4_certs_5_pure.json.gz#3565[m=11,idx=282]: start [0, 0, 0, 0, -2, 0, 1, -27, 4] best [0, 0, 0, 0, -2, 0, 2, -20, 30] chain profiles 0 (states 0), maxw 0, DL_RC fails 0, key form fails 0; 9800 evals [5 s]
#   unit {"file": "k4_certs_5_pure.json.gz", "pos": 3567} k4_certs_5_pure.json.gz#3567[m=11,idx=284]: start [0, 0, 0, 0, -2, 0, 1, -17, 2] best [0, 0, 0, 0, -2, 0, 2, -12, 13] chain profiles 0 (states 0), maxw 0, DL_RC fails 0, key form fails 0; 9800 evals [4 s]
#   unit {"file": "k4_certs_5_pure.json.gz", "pos": 3570} k4_certs_5_pure.json.gz#3570[m=11,idx=287]: start [0, 0, 0, 0, -2, 0, 1, -55, 6] best [0, 0, 0, 0, -1, 0, 2, -23, 8] chain profiles 0 (states 0), maxw 0, DL_RC fails 0, key form fails 0; 9800 evals [4 s]
#   unit {"file": "k4_certs_5_pure.json.gz", "pos": 3572} k4_certs_5_pure.json.gz#3572[m=11,idx=289]: start [0, 0, 0, 0, -2, 0, 1, -62, 1] best [0, 0, 0, 0, -2, 0, 2, -18, 2] chain profiles 0 (states 0), maxw 0, DL_RC fails 0, key form fails 0; 9800 evals [4 s]
#   unit {"file": "k4_certs_5_pure.json.gz", "pos": 3574} k4_certs_5_pure.json.gz#3574[m=11,idx=291]: start [0, 0, 0, 0, -2, 0, 1, -44, 3] best [0, 0, 0, 0, -2, 0, 2, -15, 7] chain profiles 0 (states 0), maxw 0, DL_RC fails 0, key form fails 0; 9800 evals [4 s]
#   unit {"file": "k4_certs_5_pure.json.gz", "pos": 3583} k4_certs_5_pure.json.gz#3583[m=11,idx=300]: start [0, 0, 0, 0, -2, 0, 1, -65, 7] best [0, 0, 0, 0, -1, 0, 1, -33, 4] chain profiles 0 (states 0), maxw 0, DL_RC fails 0, key form fails 0; 9800 evals [4 s]
#   unit {"file": "k4_certs_5_pure.json.gz", "pos": 3587} k4_certs_5_pure.json.gz#3587[m=11,idx=304]: start [0, 0, 0, 0, -3, 0, 1, -37, 3] best [0, 0, 0, 0, -2, 0, 2, -14, 27] chain profiles 0 (states 0), maxw 0, DL_RC fails 0, key form fails 0; 9800 evals [4 s]
#   unit {"file": "k4_certs_5_pure.json.gz", "pos": 3585} k4_certs_5_pure.json.gz#3585[m=11,idx=302]: start [0, 0, 0, 0, -2, 0, 1, -47, 8] best [0, 0, 0, 0, -2, 0, 2, -12, 23] chain profiles 0 (states 0), maxw 0, DL_RC fails 0, key form fails 0; 9800 evals [5 s]
#   unit {"file": "k4_certs_5_pure.json.gz", "pos": 3586} k4_certs_5_pure.json.gz#3586[m=11,idx=303]: start [0, 0, 0, 0, -2, 0, 1, -39, 5] best [0, 0, 0, 0, -1, 0, 2, -10, 33] chain profiles 0 (states 0), maxw 0, DL_RC fails 0, key form fails 0; 9800 evals [5 s]
#   unit {"file": "k4_certs_5_pure.json.gz", "pos": 3597} k4_certs_5_pure.json.gz#3597[m=11,idx=314]: start [0, 0, 0, 0, -2, 0, 1, -27, 4] best [0, 0, 0, 0, -1, 0, 1, -22, 4] chain profiles 0 (states 0), maxw 0, DL_RC fails 0, key form fails 0; 9800 evals [2 s]
#   unit {"file": "k4_certs_5_pure.json.gz", "pos": 3588} k4_certs_5_pure.json.gz#3588[m=11,idx=305]: start [0, 0, 0, 0, -2, 0, 1, -55, 2] best [0, 0, 0, 0, -2, 0, 2, -13, 2] chain profiles 0 (states 0), maxw 0, DL_RC fails 0, key form fails 0; 9800 evals [4 s]
#   unit {"file": "k4_certs_5_pure.json.gz", "pos": 3593} k4_certs_5_pure.json.gz#3593[m=11,idx=310]: start [0, 0, 0, 0, -2, 0, 1, -26, 12] best [0, 0, 0, 0, -2, 0, 2, -12, 14] chain profiles 0 (states 0), maxw 0, DL_RC fails 0, key form fails 0; 9800 evals [4 s]
#   unit {"file": "k4_certs_5_pure.json.gz", "pos": 3598} k4_certs_5_pure.json.gz#3598[m=11,idx=315]: start [0, 0, 0, 0, -3, 0, 1, -51, 1] best [0, 0, 0, 0, -1, 0, 2, -15, 20] chain profiles 0 (states 0), maxw 0, DL_RC fails 0, key form fails 0; 9800 evals [4 s]
#   unit {"file": "k4_certs_5_pure.json.gz", "pos": 3601} k4_certs_5_pure.json.gz#3601[m=11,idx=318]: start [0, 0, 0, 0, -3, 0, 1, -132, 2] best [0, 0, 0, 0, -2, 0, 2, -11, 9] chain profiles 0 (states 0), maxw 0, DL_RC fails 0, key form fails 0; 9800 evals [4 s]
#   unit {"file": "k4_certs_5_pure.json.gz", "pos": 3607} k4_certs_5_pure.json.gz#3607[m=11,idx=324]: start [0, 0, 0, 0, -3, 0, 1, -23, 1] best [0, 0, 0, 0, -2, 0, 2, -16, 11] chain profiles 0 (states 0), maxw 0, DL_RC fails 0, key form fails 0; 9800 evals [4 s]
#   unit {"file": "k4_certs_5_pure.json.gz", "pos": 3614} k4_certs_5_pure.json.gz#3614[m=11,idx=331]: start [0, 0, 0, 0, -2, 0, 1, -27, 2] best [0, 0, 0, 0, -2, 0, 2, -9, 2] chain profiles 0 (states 0), maxw 0, DL_RC fails 0, key form fails 0; 9800 evals [3 s]
#   unit {"file": "k4_certs_5_pure.json.gz", "pos": 3609} k4_certs_5_pure.json.gz#3609[m=11,idx=326]: start [0, 0, 0, 0, -2, 0, 1, -23, 2] best [0, 0, 0, 0, -1, 0, 2, -16, 17] chain profiles 0 (states 0), maxw 0, DL_RC fails 0, key form fails 0; 9800 evals [4 s]
#   unit {"file": "k4_certs_5_pure.json.gz", "pos": 3616} k4_certs_5_pure.json.gz#3616[m=11,idx=333]: start [0, 0, 0, 0, -2, 0, 1, -29, 3] best [0, 0, 0, 0, -2, 0, 2, -11, 15] chain profiles 0 (states 0), maxw 0, DL_RC fails 0, key form fails 0; 9800 evals [5 s]
#   unit {"file": "k4_certs_5_pure.json.gz", "pos": 3619} k4_certs_5_pure.json.gz#3619[m=11,idx=336]: start [0, 0, 0, 0, -3, 0, 1, -49, 2] best [0, 0, 0, 0, -2, 0, 2, -10, 13] chain profiles 0 (states 0), maxw 0, DL_RC fails 0, key form fails 0; 9800 evals [4 s]
#   unit {"file": "k4_certs_5_pure.json.gz", "pos": 3618} k4_certs_5_pure.json.gz#3618[m=11,idx=335]: start [0, 0, 0, 0, -1000000, 0, 0, -1000000, 0] best [0, 0, 0, 0, -1, 0, 2, -11, 29] chain profiles 0 (states 0), maxw 0, DL_RC fails 0, key form fails 0; 9800 evals [4 s]
#   unit {"file": "k4_certs_5_pure.json.gz", "pos": 3620} k4_certs_5_pure.json.gz#3620[m=11,idx=337]: start [0, 0, 0, 0, -2, 0, 1, -25, 5] best [0, 0, 0, 0, -2, 1, 3, -16, 14] chain profiles 0 (states 0), maxw 0, DL_RC fails 0, key form fails 0; 9800 evals [4 s]
#   unit {"file": "k4_certs_5_pure.json.gz", "pos": 3623} k4_certs_5_pure.json.gz#3623[m=11,idx=340]: start [0, 0, 0, 0, -3, 0, 2, -17, 7] best [0, 0, 0, 0, -2, 0, 2, -16, 7] chain profiles 0 (states 0), maxw 0, DL_RC fails 0, key form fails 0; 9800 evals [3 s]
#   unit {"file": "k4_certs_5_pure.json.gz", "pos": 3625} k4_certs_5_pure.json.gz#3625[m=11,idx=342]: start [0, 0, 0, 0, -3, 0, 1, -40, 2] best [0, 0, 0, 0, -2, 0, 2, -25, 2] chain profiles 0 (states 0), maxw 0, DL_RC fails 0, key form fails 0; 9800 evals [3 s]
#   unit {"file": "k4_certs_5_pure.json.gz", "pos": 3626} k4_certs_5_pure.json.gz#3626[m=11,idx=343]: start [0, 0, 0, 0, -3, 0, 1, -160, 1] best [0, 0, 0, 0, -2, 0, 1, -11, 1] chain profiles 0 (states 0), maxw 0, DL_RC fails 0, key form fails 0; 9800 evals [3 s]
