# command: python3 k4/dlrc_hunt.py n6 certs results/k4_certs_6_n4_1.json.gz --sample=600 --steps=300 --obj=w2 --jobs=4 --seed=6
# dlrc.c sha256 f1cf4cc169a347625e5a84bd9c7a8c218f791de6e2a7ce466f59ce357000b1f7; dlrc_hunt.py sha256 fe0fa5082f6dde3e89d9e338cd7f508db3a25be24e4328aea29bfdf82b38189f
# certs results/k4_certs_6_n4_1.json.gz: 600 units, 600 to run, 0 from the checkpoint; options {'steps': 300, 'batch': 24, 'obj': 'w2', 'bt': 0.5, 'seed': 6, 'init': 200, 'stale': 40}
#   unit {"file": "k4_certs_6_n4_1.json.gz", "pos": 84} k4_certs_6_n4_1.json.gz#84[m=5,idx=78]: start [0, 0, 0, 0, 0, -1000000, 0, 0, -1000000, 0] best [0, 0, 0, 0, 0, -1000000, 0, 0, -1000000, 0] chain profiles 0 (states 0), maxw 0, DL_RC fails 0, key form fails 0; 7400 evals [1 s]
#   unit {"file": "k4_certs_6_n4_1.json.gz", "pos": 156} k4_certs_6_n4_1.json.gz#156[m=6,idx=31]: start [0, 0, 0, 0, 0, -1000000, 0, 0, -1000000, 0] best [0, 0, 0, 0, 0, -1000000, 0, 0, -1000000, 0] chain profiles 0 (states 0), maxw 0, DL_RC fails 0, key form fails 0; 7400 evals [1 s]
#   unit {"file": "k4_certs_6_n4_1.json.gz", "pos": 14} k4_certs_6_n4_1.json.gz#14[m=5,idx=8]: start [0, 0, 0, 0, 0, -1000000, 0, 0, -1000000, 0] best [0, 0, 0, 0, 0, -1000000, 0, 0, -1000000, 0] chain profiles 0 (states 0), maxw 0, DL_RC fails 0, key form fails 0; 7400 evals [1 s]
#   unit {"file": "k4_certs_6_n4_1.json.gz", "pos": 175} k4_certs_6_n4_1.json.gz#175[m=6,idx=50]: start [0, 0, 0, 0, 0, -1000000, 0, 0, -1000000, 0] best [0, 0, 0, 0, 0, -1000000, 0, 0, -1000000, 0] chain profiles 0 (states 0), maxw 0, DL_RC fails 0, key form fails 0; 7400 evals [1 s]
#   unit {"file": "k4_certs_6_n4_1.json.gz", "pos": 202} k4_certs_6_n4_1.json.gz#202[m=6,idx=77]: start [0, 0, 0, 0, 0, -1000000, 0, 0, -1000000, 0] best [0, 0, 0, 0, 0, -1000000, 0, 0, -1000000, 0] chain profiles 0 (states 0), maxw 0, DL_RC fails 0, key form fails 0; 7400 evals [1 s]
#   unit {"file": "k4_certs_6_n4_1.json.gz", "pos": 317} k4_certs_6_n4_1.json.gz#317[m=6,idx=192]: start [0, 0, 0, 0, 0, -1000000, 0, 0, -1000000, 0] best [0, 0, 0, 0, 0, -1000000, 0, 0, -1000000, 0] chain profiles 0 (states 0), maxw 0, DL_RC fails 0, key form fails 0; 7400 evals [1 s]
#   unit {"file": "k4_certs_6_n4_1.json.gz", "pos": 322} k4_certs_6_n4_1.json.gz#322[m=6,idx=197]: start [0, 0, 0, 0, 0, -1000000, 0, 0, -1000000, 0] best [0, 0, 0, 0, 0, -1000000, 0, 0, -1000000, 0] chain profiles 0 (states 0), maxw 0, DL_RC fails 0, key form fails 0; 7400 evals [1 s]
#   unit {"file": "k4_certs_6_n4_1.json.gz", "pos": 349} k4_certs_6_n4_1.json.gz#349[m=6,idx=224]: start [0, 0, 0, 0, 0, -1000000, 0, 0, -1000000, 0] best [0, 0, 0, 0, 0, -1000000, 0, 0, -1000000, 0] chain profiles 0 (states 0), maxw 0, DL_RC fails 0, key form fails 0; 7400 evals [1 s]
#   unit {"file": "k4_certs_6_n4_1.json.gz", "pos": 401} k4_certs_6_n4_1.json.gz#401[m=6,idx=276]: start [0, 0, 0, 0, 0, -1000000, 0, 0, -1000000, 0] best [0, 0, 0, 0, 0, -1000000, 0, 0, -1000000, 0] chain profiles 0 (states 0), maxw 0, DL_RC fails 0, key form fails 0; 7400 evals [1 s]
#   unit {"file": "k4_certs_6_n4_1.json.gz", "pos": 410} k4_certs_6_n4_1.json.gz#410[m=6,idx=285]: start [0, 0, 0, 0, 0, -1000000, 0, 0, -1000000, 0] best [0, 0, 0, 0, 0, -1000000, 0, 0, -1000000, 0] chain profiles 0 (states 0), maxw 0, DL_RC fails 0, key form fails 0; 7400 evals [1 s]
#   unit {"file": "k4_certs_6_n4_1.json.gz", "pos": 429} k4_certs_6_n4_1.json.gz#429[m=6,idx=304]: start [0, 0, 0, 0, 0, -1000000, 0, 0, -1000000, 0] best [0, 0, 0, 0, 0, -1000000, 0, 0, -1000000, 0] chain profiles 0 (states 0), maxw 0, DL_RC fails 0, key form fails 0; 7400 evals [1 s]
#   unit {"file": "k4_certs_6_n4_1.json.gz", "pos": 485} k4_certs_6_n4_1.json.gz#485[m=6,idx=360]: start [0, 0, 0, 0, 0, -1000000, 0, 0, -1000000, 0] best [0, 0, 0, 0, 0, -1000000, 0, 0, -1000000, 0] chain profiles 0 (states 0), maxw 0, DL_RC fails 0, key form fails 0; 7400 evals [1 s]
#   unit {"file": "k4_certs_6_n4_1.json.gz", "pos": 558} k4_certs_6_n4_1.json.gz#558[m=6,idx=433]: start [0, 0, 0, 0, 0, -1000000, 0, 0, -1000000, 0] best [0, 0, 0, 0, 0, -1000000, 0, 0, -1000000, 0] chain profiles 0 (states 0), maxw 0, DL_RC fails 0, key form fails 0; 7400 evals [1 s]
#   unit {"file": "k4_certs_6_n4_1.json.gz", "pos": 716} k4_certs_6_n4_1.json.gz#716[m=6,idx=591]: start [0, 0, 0, 0, 0, -1000000, 0, 0, -1000000, 0] best [0, 0, 0, 0, 0, -1000000, 0, 0, -1000000, 0] chain profiles 0 (states 0), maxw 0, DL_RC fails 0, key form fails 0; 7400 evals [1 s]
#   unit {"file": "k4_certs_6_n4_1.json.gz", "pos": 607} k4_certs_6_n4_1.json.gz#607[m=6,idx=482]: start [0, 0, 0, 0, 0, -1000000, 0, 0, -1000000, 0] best [0, 0, 0, 0, 0, -1000000, 0, 0, -1000000, 0] chain profiles 0 (states 0), maxw 0, DL_RC fails 0, key form fails 0; 7400 evals [1 s]
#   unit {"file": "k4_certs_6_n4_1.json.gz", "pos": 664} k4_certs_6_n4_1.json.gz#664[m=6,idx=539]: start [0, 0, 0, 0, 0, -1000000, 0, 0, -1000000, 0] best [0, 0, 0, 0, 0, -1000000, 0, 0, -1000000, 0] chain profiles 0 (states 0), maxw 0, DL_RC fails 0, key form fails 0; 7400 evals [1 s]
#   unit {"file": "k4_certs_6_n4_1.json.gz", "pos": 717} k4_certs_6_n4_1.json.gz#717[m=6,idx=592]: start [0, 0, 0, 0, 0, -1000000, 0, 0, -1000000, 0] best [0, 0, 0, 0, 0, -1000000, 0, 0, -1000000, 0] chain profiles 0 (states 0), maxw 0, DL_RC fails 0, key form fails 0; 7400 evals [1 s]
#   unit {"file": "k4_certs_6_n4_1.json.gz", "pos": 931} k4_certs_6_n4_1.json.gz#931[m=6,idx=806]: start [0, 0, 0, 0, 0, -1000000, 0, 0, -1000000, 0] best [0, 0, 0, 0, 0, -1000000, 0, 0, -1000000, 0] chain profiles 0 (states 0), maxw 0, DL_RC fails 0, key form fails 0; 7400 evals [1 s]
#   unit {"file": "k4_certs_6_n4_1.json.gz", "pos": 917} k4_certs_6_n4_1.json.gz#917[m=6,idx=792]: start [0, 0, 0, 0, 0, -1000000, 0, 0, -1000000, 0] best [0, 0, 0, 0, 0, -1000000, 0, 0, -1000000, 0] chain profiles 0 (states 0), maxw 0, DL_RC fails 0, key form fails 0; 7400 evals [1 s]
#   unit {"file": "k4_certs_6_n4_1.json.gz", "pos": 986} k4_certs_6_n4_1.json.gz#986[m=6,idx=861]: start [0, 0, 0, 0, 0, -1000000, 0, 0, -1000000, 0] best [0, 0, 0, 0, 0, -1000000, 0, 0, -1000000, 0] chain profiles 0 (states 0), maxw 0, DL_RC fails 0, key form fails 0; 7400 evals [1 s]
#   unit {"file": "k4_certs_6_n4_1.json.gz", "pos": 995} k4_certs_6_n4_1.json.gz#995[m=6,idx=870]: start [0, 0, 0, 0, 0, -1000000, 0, 0, -1000000, 0] best [0, 0, 0, 0, 0, -1000000, 0, 0, -1000000, 0] chain profiles 0 (states 0), maxw 0, DL_RC fails 0, key form fails 0; 7400 evals [1 s]
#   unit {"file": "k4_certs_6_n4_1.json.gz", "pos": 998} k4_certs_6_n4_1.json.gz#998[m=6,idx=873]: start [0, 0, 0, 0, 0, -1000000, 0, 0, -1000000, 0] best [0, 0, 0, 0, 0, -1000000, 0, 0, -1000000, 0] chain profiles 0 (states 0), maxw 0, DL_RC fails 0, key form fails 0; 7400 evals [1 s]
#   unit {"file": "k4_certs_6_n4_1.json.gz", "pos": 996} k4_certs_6_n4_1.json.gz#996[m=6,idx=871]: start [0, 0, 0, 0, 0, -1000000, 0, 0, -1000000, 0] best [0, 0, 0, 0, 0, -1000000, 0, 0, -1000000, 0] chain profiles 0 (states 0), maxw 0, DL_RC fails 0, key form fails 0; 7400 evals [1 s]
#   unit {"file": "k4_certs_6_n4_1.json.gz", "pos": 1010} k4_certs_6_n4_1.json.gz#1010[m=6,idx=885]: start [0, 0, 0, 0, 0, -1000000, 0, 0, -1000000, 0] best [0, 0, 0, 0, 0, -1000000, 0, 0, -1000000, 0] chain profiles 0 (states 0), maxw 0, DL_RC fails 0, key form fails 0; 7400 evals [1 s]
#   unit {"file": "k4_certs_6_n4_1.json.gz", "pos": 1045} k4_certs_6_n4_1.json.gz#1045[m=6,idx=920]: start [0, 0, 0, 0, 0, -1000000, 0, 0, -1000000, 0] best [0, 0, 0, 0, 0, -1000000, 0, 0, -1000000, 0] chain profiles 0 (states 0), maxw 0, DL_RC fails 0, key form fails 0; 7400 evals [1 s]
#   unit {"file": "k4_certs_6_n4_1.json.gz", "pos": 1054} k4_certs_6_n4_1.json.gz#1054[m=6,idx=929]: start [0, 0, 0, 0, 0, -1000000, 0, 0, -1000000, 0] best [0, 0, 0, 0, 0, -1000000, 0, 0, -1000000, 0] chain profiles 0 (states 0), maxw 0, DL_RC fails 0, key form fails 0; 7400 evals [1 s]
#   unit {"file": "k4_certs_6_n4_1.json.gz", "pos": 1047} k4_certs_6_n4_1.json.gz#1047[m=6,idx=922]: start [0, 0, 0, 0, 0, -1000000, 0, 0, -1000000, 0] best [0, 0, 0, 0, 0, -1000000, 0, 0, -1000000, 0] chain profiles 0 (states 0), maxw 0, DL_RC fails 0, key form fails 0; 7400 evals [1 s]
#   unit {"file": "k4_certs_6_n4_1.json.gz", "pos": 1071} k4_certs_6_n4_1.json.gz#1071[m=6,idx=946]: start [0, 0, 0, 0, 0, -1000000, 0, 0, -1000000, 0] best [0, 0, 0, 0, 0, -1000000, 0, 0, -1000000, 0] chain profiles 0 (states 0), maxw 0, DL_RC fails 0, key form fails 0; 7400 evals [1 s]
#   unit {"file": "k4_certs_6_n4_1.json.gz", "pos": 1072} k4_certs_6_n4_1.json.gz#1072[m=6,idx=947]: start [0, 0, 0, 0, 0, -1000000, 0, 0, -1000000, 0] best [0, 0, 0, 0, 0, -1000000, 0, 0, -1000000, 0] chain profiles 0 (states 0), maxw 0, DL_RC fails 0, key form fails 0; 7400 evals [1 s]
#   unit {"file": "k4_certs_6_n4_1.json.gz", "pos": 1076} k4_certs_6_n4_1.json.gz#1076[m=6,idx=951]: start [0, 0, 0, 0, 0, -1000000, 0, 0, -1000000, 0] best [0, 0, 0, 0, 0, -1000000, 0, 0, -1000000, 0] chain profiles 0 (states 0), maxw 0, DL_RC fails 0, key form fails 0; 7400 evals [1 s]
#   unit {"file": "k4_certs_6_n4_1.json.gz", "pos": 1109} k4_certs_6_n4_1.json.gz#1109[m=6,idx=984]: start [0, 0, 0, 0, 0, -1000000, 0, 0, -1000000, 0] best [0, 0, 0, 0, 0, -1000000, 0, 0, -1000000, 0] chain profiles 0 (states 0), maxw 0, DL_RC fails 0, key form fails 0; 7400 evals [1 s]
#   unit {"file": "k4_certs_6_n4_1.json.gz", "pos": 1206} k4_certs_6_n4_1.json.gz#1206[m=7,idx=14]: start [0, 0, 0, 0, 0, -1000000, 0, 0, -1000000, 0] best [0, 0, 0, 0, 0, -1000000, 0, 0, -1000000, 0] chain profiles 0 (states 0), maxw 0, DL_RC fails 0, key form fails 0; 7400 evals [1 s]
#   unit {"file": "k4_certs_6_n4_1.json.gz", "pos": 1234} k4_certs_6_n4_1.json.gz#1234[m=7,idx=42]: start [0, 0, 0, 0, 0, -1000000, 0, 0, -1000000, 0] best [0, 0, 0, 0, 0, -1000000, 0, 0, -1000000, 0] chain profiles 0 (states 0), maxw 0, DL_RC fails 0, key form fails 0; 7400 evals [1 s]
#   unit {"file": "k4_certs_6_n4_1.json.gz", "pos": 1306} k4_certs_6_n4_1.json.gz#1306[m=7,idx=114]: start [0, 0, 0, 0, 0, -1000000, 0, 0, -1000000, 0] best [0, 0, 0, 0, 0, -1000000, 0, 0, -1000000, 0] chain profiles 0 (states 0), maxw 0, DL_RC fails 0, key form fails 0; 7400 evals [1 s]
#   unit {"file": "k4_certs_6_n4_1.json.gz", "pos": 1483} k4_certs_6_n4_1.json.gz#1483[m=7,idx=291]: start [0, 0, 0, 0, 0, -1000000, 0, 0, -1000000, 0] best [0, 0, 0, 0, 0, -1000000, 0, 0, -1000000, 0] chain profiles 0 (states 0), maxw 0, DL_RC fails 0, key form fails 0; 7400 evals [1 s]
#   unit {"file": "k4_certs_6_n4_1.json.gz", "pos": 1496} k4_certs_6_n4_1.json.gz#1496[m=7,idx=304]: start [0, 0, 0, 0, 0, -1000000, 0, 0, -1000000, 0] best [0, 0, 0, 0, 0, -1000000, 0, 0, -1000000, 0] chain profiles 0 (states 0), maxw 0, DL_RC fails 0, key form fails 0; 7400 evals [1 s]
#   unit {"file": "k4_certs_6_n4_1.json.gz", "pos": 1649} k4_certs_6_n4_1.json.gz#1649[m=7,idx=457]: start [0, 0, 0, 0, 0, -1000000, 0, 0, -1000000, 0] best [0, 0, 0, 0, 0, -1000000, 0, 0, -1000000, 0] chain profiles 0 (states 0), maxw 0, DL_RC fails 0, key form fails 0; 7400 evals [1 s]
#   unit {"file": "k4_certs_6_n4_1.json.gz", "pos": 1638} k4_certs_6_n4_1.json.gz#1638[m=7,idx=446]: start [0, 0, 0, 0, 0, -1000000, 0, 0, -1000000, 0] best [0, 0, 0, 0, 0, -1000000, 0, 0, -1000000, 0] chain profiles 0 (states 0), maxw 0, DL_RC fails 0, key form fails 0; 7400 evals [1 s]
#   unit {"file": "k4_certs_6_n4_1.json.gz", "pos": 1706} k4_certs_6_n4_1.json.gz#1706[m=7,idx=514]: start [0, 0, 0, 0, 0, -1000000, 0, 0, -1000000, 0] best [0, 0, 0, 0, 0, -1000000, 0, 0, -1000000, 0] chain profiles 0 (states 0), maxw 0, DL_RC fails 0, key form fails 0; 7400 evals [1 s]
#   unit {"file": "k4_certs_6_n4_1.json.gz", "pos": 1695} k4_certs_6_n4_1.json.gz#1695[m=7,idx=503]: start [0, 0, 0, 0, 0, -1000000, 0, 0, -1000000, 0] best [0, 0, 0, 0, 0, -1000000, 0, 0, -1000000, 0] chain profiles 0 (states 0), maxw 0, DL_RC fails 0, key form fails 0; 7400 evals [1 s]
#   unit {"file": "k4_certs_6_n4_1.json.gz", "pos": 1871} k4_certs_6_n4_1.json.gz#1871[m=7,idx=679]: start [0, 0, 0, 0, 0, -1000000, 0, 0, -1000000, 0] best [0, 0, 0, 0, 0, -1000000, 0, 0, -1000000, 0] chain profiles 0 (states 0), maxw 0, DL_RC fails 0, key form fails 0; 7400 evals [1 s]
#   unit {"file": "k4_certs_6_n4_1.json.gz", "pos": 1763} k4_certs_6_n4_1.json.gz#1763[m=7,idx=571]: start [0, 0, 0, 0, 0, -1000000, 0, 0, -1000000, 0] best [0, 0, 0, 0, 0, -1000000, 0, 0, -1000000, 0] chain profiles 0 (states 0), maxw 0, DL_RC fails 0, key form fails 0; 7400 evals [1 s]
#   unit {"file": "k4_certs_6_n4_1.json.gz", "pos": 1927} k4_certs_6_n4_1.json.gz#1927[m=7,idx=735]: start [0, 0, 0, 0, 0, -1000000, 0, 0, -1000000, 0] best [0, 0, 0, 0, 0, -1000000, 0, 0, -1000000, 0] chain profiles 0 (states 0), maxw 0, DL_RC fails 0, key form fails 0; 7400 evals [1 s]
#   unit {"file": "k4_certs_6_n4_1.json.gz", "pos": 1940} k4_certs_6_n4_1.json.gz#1940[m=7,idx=748]: start [0, 0, 0, 0, 0, -1000000, 0, 0, -1000000, 0] best [0, 0, 0, 0, 0, -1000000, 0, 0, -1000000, 0] chain profiles 0 (states 0), maxw 0, DL_RC fails 0, key form fails 0; 7400 evals [1 s]
#   unit {"file": "k4_certs_6_n4_1.json.gz", "pos": 1962} k4_certs_6_n4_1.json.gz#1962[m=7,idx=770]: start [0, 0, 0, 0, 0, -1000000, 0, 0, -1000000, 0] best [0, 0, 0, 0, 0, -1000000, 0, 0, -1000000, 0] chain profiles 0 (states 0), maxw 0, DL_RC fails 0, key form fails 0; 7400 evals [1 s]
#   unit {"file": "k4_certs_6_n4_1.json.gz", "pos": 2001} k4_certs_6_n4_1.json.gz#2001[m=7,idx=809]: start [0, 0, 0, 0, 0, -1000000, 0, 0, -1000000, 0] best [0, 0, 0, 0, 0, -1000000, 0, 0, -1000000, 0] chain profiles 0 (states 0), maxw 0, DL_RC fails 0, key form fails 0; 7400 evals [1 s]
#   unit {"file": "k4_certs_6_n4_1.json.gz", "pos": 2086} k4_certs_6_n4_1.json.gz#2086[m=7,idx=894]: start [0, 0, 0, 0, 0, -1000000, 0, 0, -1000000, 0] best [0, 0, 0, 0, 0, -1000000, 0, 0, -1000000, 0] chain profiles 0 (states 0), maxw 0, DL_RC fails 0, key form fails 0; 7400 evals [1 s]
#   unit {"file": "k4_certs_6_n4_1.json.gz", "pos": 2040} k4_certs_6_n4_1.json.gz#2040[m=7,idx=848]: start [0, 0, 0, 0, 0, -1000000, 0, 0, -1000000, 0] best [0, 0, 0, 0, 0, -1000000, 0, 0, -1000000, 0] chain profiles 0 (states 0), maxw 0, DL_RC fails 0, key form fails 0; 7400 evals [1 s]
#   unit {"file": "k4_certs_6_n4_1.json.gz", "pos": 2231} k4_certs_6_n4_1.json.gz#2231[m=7,idx=1039]: start [0, 0, 0, 0, 0, -1000000, 0, 0, -1000000, 0] best [0, 0, 0, 0, 0, -1000000, 0, 0, -1000000, 0] chain profiles 0 (states 0), maxw 0, DL_RC fails 0, key form fails 0; 7400 evals [1 s]
#   unit {"file": "k4_certs_6_n4_1.json.gz", "pos": 2260} k4_certs_6_n4_1.json.gz#2260[m=7,idx=1068]: start [0, 0, 0, 0, 0, -1000000, 0, 0, -1000000, 0] best [0, 0, 0, 0, 0, -1000000, 0, 0, -1000000, 0] chain profiles 0 (states 0), maxw 0, DL_RC fails 0, key form fails 0; 7400 evals [1 s]
#   unit {"file": "k4_certs_6_n4_1.json.gz", "pos": 2423} k4_certs_6_n4_1.json.gz#2423[m=7,idx=1231]: start [0, 0, 0, 0, 0, -1000000, 0, 0, -1000000, 0] best [0, 0, 0, 0, 0, -1000000, 0, 0, -1000000, 0] chain profiles 0 (states 0), maxw 0, DL_RC fails 0, key form fails 0; 7400 evals [1 s]
#   unit {"file": "k4_certs_6_n4_1.json.gz", "pos": 2433} k4_certs_6_n4_1.json.gz#2433[m=7,idx=1241]: start [0, 0, 0, 0, 0, -1000000, 0, 0, -1000000, 0] best [0, 0, 0, 0, 0, -1000000, 0, 0, -1000000, 0] chain profiles 0 (states 0), maxw 0, DL_RC fails 0, key form fails 0; 7400 evals [1 s]
#   unit {"file": "k4_certs_6_n4_1.json.gz", "pos": 2463} k4_certs_6_n4_1.json.gz#2463[m=7,idx=1271]: start [0, 0, 0, 0, 0, -1000000, 0, 0, -1000000, 0] best [0, 0, 0, 0, 0, -1000000, 0, 0, -1000000, 0] chain profiles 0 (states 0), maxw 0, DL_RC fails 0, key form fails 0; 7400 evals [1 s]
#   unit {"file": "k4_certs_6_n4_1.json.gz", "pos": 2484} k4_certs_6_n4_1.json.gz#2484[m=7,idx=1292]: start [0, 0, 0, 0, 0, -1000000, 0, 0, -1000000, 0] best [0, 0, 0, 0, 0, -1000000, 0, 0, -1000000, 0] chain profiles 0 (states 0), maxw 0, DL_RC fails 0, key form fails 0; 7400 evals [1 s]
#   unit {"file": "k4_certs_6_n4_1.json.gz", "pos": 2505} k4_certs_6_n4_1.json.gz#2505[m=7,idx=1313]: start [0, 0, 0, 0, 0, -1000000, 0, 0, -1000000, 0] best [0, 0, 0, 0, 0, -1000000, 0, 0, -1000000, 0] chain profiles 0 (states 0), maxw 0, DL_RC fails 0, key form fails 0; 7400 evals [1 s]
#   unit {"file": "k4_certs_6_n4_1.json.gz", "pos": 2532} k4_certs_6_n4_1.json.gz#2532[m=7,idx=1340]: start [0, 0, 0, 0, 0, -1000000, 0, 0, -1000000, 0] best [0, 0, 0, 0, 0, -1000000, 0, 0, -1000000, 0] chain profiles 0 (states 0), maxw 0, DL_RC fails 0, key form fails 0; 7400 evals [1 s]
#   unit {"file": "k4_certs_6_n4_1.json.gz", "pos": 2542} k4_certs_6_n4_1.json.gz#2542[m=7,idx=1350]: start [0, 0, 0, 0, 0, -1000000, 0, 0, -1000000, 0] best [0, 0, 0, 0, 0, -1000000, 0, 0, -1000000, 0] chain profiles 0 (states 0), maxw 0, DL_RC fails 0, key form fails 0; 7400 evals [1 s]
#   unit {"file": "k4_certs_6_n4_1.json.gz", "pos": 2640} k4_certs_6_n4_1.json.gz#2640[m=7,idx=1448]: start [0, 0, 0, 0, 0, -1000000, 0, 0, -1000000, 0] best [0, 0, 0, 0, 0, -1000000, 0, 0, -1000000, 0] chain profiles 0 (states 0), maxw 0, DL_RC fails 0, key form fails 0; 7400 evals [1 s]
#   unit {"file": "k4_certs_6_n4_1.json.gz", "pos": 2704} k4_certs_6_n4_1.json.gz#2704[m=7,idx=1512]: start [0, 0, 0, 0, 0, -1000000, 0, 0, -1000000, 0] best [0, 0, 0, 0, 0, -1000000, 0, 0, -1000000, 0] chain profiles 0 (states 0), maxw 0, DL_RC fails 0, key form fails 0; 7400 evals [1 s]
#   unit {"file": "k4_certs_6_n4_1.json.gz", "pos": 2737} k4_certs_6_n4_1.json.gz#2737[m=7,idx=1545]: start [0, 0, 0, 0, 0, -1000000, 0, 0, -1000000, 0] best [0, 0, 0, 0, 0, -1000000, 0, 0, -1000000, 0] chain profiles 0 (states 0), maxw 0, DL_RC fails 0, key form fails 0; 7400 evals [1 s]
#   unit {"file": "k4_certs_6_n4_1.json.gz", "pos": 2742} k4_certs_6_n4_1.json.gz#2742[m=7,idx=1550]: start [0, 0, 0, 0, 0, -1000000, 0, 0, -1000000, 0] best [0, 0, 0, 0, 0, -1000000, 0, 0, -1000000, 0] chain profiles 0 (states 0), maxw 0, DL_RC fails 0, key form fails 0; 7400 evals [1 s]
#   unit {"file": "k4_certs_6_n4_1.json.gz", "pos": 2806} k4_certs_6_n4_1.json.gz#2806[m=7,idx=1614]: start [0, 0, 0, 0, 0, -1000000, 0, 0, -1000000, 0] best [0, 0, 0, 0, 0, -1000000, 0, 0, -1000000, 0] chain profiles 0 (states 0), maxw 0, DL_RC fails 0, key form fails 0; 7400 evals [1 s]
#   unit {"file": "k4_certs_6_n4_1.json.gz", "pos": 2815} k4_certs_6_n4_1.json.gz#2815[m=7,idx=1623]: start [0, 0, 0, 0, 0, -1000000, 0, 0, -1000000, 0] best [0, 0, 0, 0, 0, -1000000, 0, 0, -1000000, 0] chain profiles 0 (states 0), maxw 0, DL_RC fails 0, key form fails 0; 7400 evals [1 s]
#   unit {"file": "k4_certs_6_n4_1.json.gz", "pos": 2867} k4_certs_6_n4_1.json.gz#2867[m=7,idx=1675]: start [0, 0, 0, 0, 0, -1000000, 0, 0, -1000000, 0] best [0, 0, 0, 0, 0, -1000000, 0, 0, -1000000, 0] chain profiles 0 (states 0), maxw 0, DL_RC fails 0, key form fails 0; 7400 evals [1 s]
#   unit {"file": "k4_certs_6_n4_1.json.gz", "pos": 2887} k4_certs_6_n4_1.json.gz#2887[m=7,idx=1695]: start [0, 0, 0, 0, 0, -1000000, 0, 0, -1000000, 0] best [0, 0, 0, 0, 0, -1000000, 0, 0, -1000000, 0] chain profiles 0 (states 0), maxw 0, DL_RC fails 0, key form fails 0; 7400 evals [1 s]
#   unit {"file": "k4_certs_6_n4_1.json.gz", "pos": 2918} k4_certs_6_n4_1.json.gz#2918[m=7,idx=1726]: start [0, 0, 0, 0, 0, -1000000, 0, 0, -1000000, 0] best [0, 0, 0, 0, 0, -1000000, 0, 0, -1000000, 0] chain profiles 0 (states 0), maxw 0, DL_RC fails 0, key form fails 0; 7400 evals [1 s]
#   unit {"file": "k4_certs_6_n4_1.json.gz", "pos": 2923} k4_certs_6_n4_1.json.gz#2923[m=7,idx=1731]: start [0, 0, 0, 0, 0, -1000000, 0, 0, -1000000, 0] best [0, 0, 0, 0, 0, -1000000, 0, 0, -1000000, 0] chain profiles 0 (states 0), maxw 0, DL_RC fails 0, key form fails 0; 7400 evals [1 s]
#   unit {"file": "k4_certs_6_n4_1.json.gz", "pos": 2938} k4_certs_6_n4_1.json.gz#2938[m=7,idx=1746]: start [0, 0, 0, 0, 0, -1000000, 0, 0, -1000000, 0] best [0, 0, 0, 0, 0, -1000000, 0, 0, -1000000, 0] chain profiles 0 (states 0), maxw 0, DL_RC fails 0, key form fails 0; 7400 evals [1 s]
#   unit {"file": "k4_certs_6_n4_1.json.gz", "pos": 3038} k4_certs_6_n4_1.json.gz#3038[m=7,idx=1846]: start [0, 0, 0, 0, 0, -1000000, 0, 0, -1000000, 0] best [0, 0, 0, 0, 0, -1000000, 0, 0, -1000000, 0] chain profiles 0 (states 0), maxw 0, DL_RC fails 0, key form fails 0; 7400 evals [1 s]
#   unit {"file": "k4_certs_6_n4_1.json.gz", "pos": 3051} k4_certs_6_n4_1.json.gz#3051[m=7,idx=1859]: start [0, 0, 0, 0, 0, -1000000, 0, 0, -1000000, 0] best [0, 0, 0, 0, 0, -1000000, 0, 0, -1000000, 0] chain profiles 0 (states 0), maxw 0, DL_RC fails 0, key form fails 0; 7400 evals [1 s]
#   unit {"file": "k4_certs_6_n4_1.json.gz", "pos": 3069} k4_certs_6_n4_1.json.gz#3069[m=7,idx=1877]: start [0, 0, 0, 0, 0, -1000000, 0, 0, -1000000, 0] best [0, 0, 0, 0, 0, -1000000, 0, 0, -1000000, 0] chain profiles 0 (states 0), maxw 0, DL_RC fails 0, key form fails 0; 7400 evals [1 s]
#   unit {"file": "k4_certs_6_n4_1.json.gz", "pos": 3072} k4_certs_6_n4_1.json.gz#3072[m=7,idx=1880]: start [0, 0, 0, 0, 0, -1000000, 0, 0, -1000000, 0] best [0, 0, 0, 0, 0, -1000000, 0, 0, -1000000, 0] chain profiles 0 (states 0), maxw 0, DL_RC fails 0, key form fails 0; 7400 evals [1 s]
#   unit {"file": "k4_certs_6_n4_1.json.gz", "pos": 3087} k4_certs_6_n4_1.json.gz#3087[m=7,idx=1895]: start [0, 0, 0, 0, 0, -1000000, 0, 0, -1000000, 0] best [0, 0, 0, 0, 0, -1000000, 0, 0, -1000000, 0] chain profiles 0 (states 0), maxw 0, DL_RC fails 0, key form fails 0; 7400 evals [1 s]
#   unit {"file": "k4_certs_6_n4_1.json.gz", "pos": 3145} k4_certs_6_n4_1.json.gz#3145[m=7,idx=1953]: start [0, 0, 0, 0, 0, -1000000, 0, 0, -1000000, 0] best [0, 0, 0, 0, 0, -1000000, 0, 0, -1000000, 0] chain profiles 0 (states 0), maxw 0, DL_RC fails 0, key form fails 0; 7400 evals [1 s]
#   unit {"file": "k4_certs_6_n4_1.json.gz", "pos": 3189} k4_certs_6_n4_1.json.gz#3189[m=7,idx=1997]: start [0, 0, 0, 0, 0, -1000000, 0, 0, -1000000, 0] best [0, 0, 0, 0, 0, -1000000, 0, 0, -1000000, 0] chain profiles 0 (states 0), maxw 0, DL_RC fails 0, key form fails 0; 7400 evals [1 s]
#   unit {"file": "k4_certs_6_n4_1.json.gz", "pos": 3196} k4_certs_6_n4_1.json.gz#3196[m=7,idx=2004]: start [0, 0, 0, 0, 0, -1000000, 0, 0, -1000000, 0] best [0, 0, 0, 0, 0, -1000000, 0, 0, -1000000, 0] chain profiles 0 (states 0), maxw 0, DL_RC fails 0, key form fails 0; 7400 evals [1 s]
#   unit {"file": "k4_certs_6_n4_1.json.gz", "pos": 3281} k4_certs_6_n4_1.json.gz#3281[m=7,idx=2089]: start [0, 0, 0, 0, 0, -1000000, 0, 0, -1000000, 0] best [0, 0, 0, 0, 0, -1000000, 0, 0, -1000000, 0] chain profiles 0 (states 0), maxw 0, DL_RC fails 0, key form fails 0; 7400 evals [1 s]
#   unit {"file": "k4_certs_6_n4_1.json.gz", "pos": 3454} k4_certs_6_n4_1.json.gz#3454[m=7,idx=2262]: start [0, 0, 0, 0, 0, -1000000, 0, 0, -1000000, 0] best [0, 0, 0, 0, 0, -1000000, 0, 0, -1000000, 0] chain profiles 0 (states 0), maxw 0, DL_RC fails 0, key form fails 0; 7400 evals [1 s]
#   unit {"file": "k4_certs_6_n4_1.json.gz", "pos": 3431} k4_certs_6_n4_1.json.gz#3431[m=7,idx=2239]: start [0, 0, 0, 0, 0, -1000000, 0, 0, -1000000, 0] best [0, 0, 0, 0, 0, -1000000, 0, 0, -1000000, 0] chain profiles 0 (states 0), maxw 0, DL_RC fails 0, key form fails 0; 7400 evals [1 s]
#   unit {"file": "k4_certs_6_n4_1.json.gz", "pos": 3553} k4_certs_6_n4_1.json.gz#3553[m=7,idx=2361]: start [0, 0, 0, 0, 0, -1000000, 0, 0, -1000000, 0] best [0, 0, 0, 0, 0, -1000000, 0, 0, -1000000, 0] chain profiles 0 (states 0), maxw 0, DL_RC fails 0, key form fails 0; 7400 evals [1 s]
#   unit {"file": "k4_certs_6_n4_1.json.gz", "pos": 3674} k4_certs_6_n4_1.json.gz#3674[m=7,idx=2482]: start [0, 0, 0, 0, 0, -1000000, 0, 0, -1000000, 0] best [0, 0, 0, 0, 0, -1000000, 0, 0, -1000000, 0] chain profiles 0 (states 0), maxw 0, DL_RC fails 0, key form fails 0; 7400 evals [1 s]
#   unit {"file": "k4_certs_6_n4_1.json.gz", "pos": 3677} k4_certs_6_n4_1.json.gz#3677[m=7,idx=2485]: start [0, 0, 0, 0, 0, -1000000, 0, 0, -1000000, 0] best [0, 0, 0, 0, 0, -1000000, 0, 0, -1000000, 0] chain profiles 0 (states 0), maxw 0, DL_RC fails 0, key form fails 0; 7400 evals [1 s]
#   unit {"file": "k4_certs_6_n4_1.json.gz", "pos": 3736} k4_certs_6_n4_1.json.gz#3736[m=7,idx=2544]: start [0, 0, 0, 0, 0, -1000000, 0, 0, -1000000, 0] best [0, 0, 0, 0, 0, -1000000, 0, 0, -1000000, 0] chain profiles 0 (states 0), maxw 0, DL_RC fails 0, key form fails 0; 7400 evals [1 s]
#   unit {"file": "k4_certs_6_n4_1.json.gz", "pos": 3754} k4_certs_6_n4_1.json.gz#3754[m=7,idx=2562]: start [0, 0, 0, 0, 0, -1000000, 0, 0, -1000000, 0] best [0, 0, 0, 0, 0, -1000000, 0, 0, -1000000, 0] chain profiles 0 (states 0), maxw 0, DL_RC fails 0, key form fails 0; 7400 evals [1 s]
#   unit {"file": "k4_certs_6_n4_1.json.gz", "pos": 3828} k4_certs_6_n4_1.json.gz#3828[m=7,idx=2636]: start [0, 0, 0, 0, 0, -1000000, 0, 0, -1000000, 0] best [0, 0, 0, 0, 0, -1000000, 0, 0, -1000000, 0] chain profiles 0 (states 0), maxw 0, DL_RC fails 0, key form fails 0; 7400 evals [1 s]
#   unit {"file": "k4_certs_6_n4_1.json.gz", "pos": 3837} k4_certs_6_n4_1.json.gz#3837[m=7,idx=2645]: start [0, 0, 0, 0, 0, -1000000, 0, 0, -1000000, 0] best [0, 0, 0, 0, 0, -1000000, 0, 0, -1000000, 0] chain profiles 0 (states 0), maxw 0, DL_RC fails 0, key form fails 0; 7400 evals [1 s]
#   unit {"file": "k4_certs_6_n4_1.json.gz", "pos": 3918} k4_certs_6_n4_1.json.gz#3918[m=7,idx=2726]: start [0, 0, 0, 0, 0, -1000000, 0, 0, -1000000, 0] best [0, 0, 0, 0, 0, -1000000, 0, 0, -1000000, 0] chain profiles 0 (states 0), maxw 0, DL_RC fails 0, key form fails 0; 7400 evals [1 s]
#   unit {"file": "k4_certs_6_n4_1.json.gz", "pos": 3929} k4_certs_6_n4_1.json.gz#3929[m=7,idx=2737]: start [0, 0, 0, 0, 0, -1000000, 0, 0, -1000000, 0] best [0, 0, 0, 0, 0, -1000000, 0, 0, -1000000, 0] chain profiles 0 (states 0), maxw 0, DL_RC fails 0, key form fails 0; 7400 evals [1 s]
#   unit {"file": "k4_certs_6_n4_1.json.gz", "pos": 3934} k4_certs_6_n4_1.json.gz#3934[m=7,idx=2742]: start [0, 0, 0, 0, 0, -1000000, 0, 0, -1000000, 0] best [0, 0, 0, 0, 0, -1000000, 0, 0, -1000000, 0] chain profiles 0 (states 0), maxw 0, DL_RC fails 0, key form fails 0; 7400 evals [1 s]
#   unit {"file": "k4_certs_6_n4_1.json.gz", "pos": 4046} k4_certs_6_n4_1.json.gz#4046[m=7,idx=2854]: start [0, 0, 0, 0, 0, -1000000, 0, 0, -1000000, 0] best [0, 0, 0, 0, 0, -1000000, 0, 0, -1000000, 0] chain profiles 0 (states 0), maxw 0, DL_RC fails 0, key form fails 0; 7400 evals [1 s]
#   unit {"file": "k4_certs_6_n4_1.json.gz", "pos": 4123} k4_certs_6_n4_1.json.gz#4123[m=7,idx=2931]: start [0, 0, 0, 0, 0, -1000000, 0, 0, -1000000, 0] best [0, 0, 0, 0, 0, -1000000, 0, 0, -1000000, 0] chain profiles 0 (states 0), maxw 0, DL_RC fails 0, key form fails 0; 7400 evals [1 s]
#   unit {"file": "k4_certs_6_n4_1.json.gz", "pos": 4124} k4_certs_6_n4_1.json.gz#4124[m=7,idx=2932]: start [0, 0, 0, 0, 0, -1000000, 0, 0, -1000000, 0] best [0, 0, 0, 0, 0, -1000000, 0, 0, -1000000, 0] chain profiles 0 (states 0), maxw 0, DL_RC fails 0, key form fails 0; 7400 evals [1 s]
#   unit {"file": "k4_certs_6_n4_1.json.gz", "pos": 4156} k4_certs_6_n4_1.json.gz#4156[m=7,idx=2964]: start [0, 0, 0, 0, 0, -1000000, 0, 0, -1000000, 0] best [0, 0, 0, 0, 0, -1000000, 0, 0, -1000000, 0] chain profiles 0 (states 0), maxw 0, DL_RC fails 0, key form fails 0; 7400 evals [1 s]
#   unit {"file": "k4_certs_6_n4_1.json.gz", "pos": 4126} k4_certs_6_n4_1.json.gz#4126[m=7,idx=2934]: start [0, 0, 0, 0, 0, -1000000, 0, 0, -1000000, 0] best [0, 0, 0, 0, 0, -1000000, 0, 0, -1000000, 0] chain profiles 0 (states 0), maxw 0, DL_RC fails 0, key form fails 0; 7400 evals [1 s]
#   unit {"file": "k4_certs_6_n4_1.json.gz", "pos": 4161} k4_certs_6_n4_1.json.gz#4161[m=7,idx=2969]: start [0, 0, 0, 0, 0, -1000000, 0, 0, -1000000, 0] best [0, 0, 0, 0, 0, -1000000, 0, 0, -1000000, 0] chain profiles 0 (states 0), maxw 0, DL_RC fails 0, key form fails 0; 7400 evals [1 s]
#   unit {"file": "k4_certs_6_n4_1.json.gz", "pos": 4195} k4_certs_6_n4_1.json.gz#4195[m=7,idx=3003]: start [0, 0, 0, 0, 0, -1000000, 0, 0, -1000000, 0] best [0, 0, 0, 0, 0, -1000000, 0, 0, -1000000, 0] chain profiles 0 (states 0), maxw 0, DL_RC fails 0, key form fails 0; 7400 evals [1 s]
#   unit {"file": "k4_certs_6_n4_1.json.gz", "pos": 4337} k4_certs_6_n4_1.json.gz#4337[m=7,idx=3145]: start [0, 0, 0, 0, 0, -1000000, 0, 0, -1000000, 0] best [0, 0, 0, 0, 0, -1000000, 0, 0, -1000000, 0] chain profiles 0 (states 0), maxw 0, DL_RC fails 0, key form fails 0; 7400 evals [1 s]
#   unit {"file": "k4_certs_6_n4_1.json.gz", "pos": 4352} k4_certs_6_n4_1.json.gz#4352[m=7,idx=3160]: start [0, 0, 0, 0, 0, -1000000, 0, 0, -1000000, 0] best [0, 0, 0, 0, 0, -1000000, 0, 0, -1000000, 0] chain profiles 0 (states 0), maxw 0, DL_RC fails 0, key form fails 0; 7400 evals [1 s]
#   unit {"file": "k4_certs_6_n4_1.json.gz", "pos": 4401} k4_certs_6_n4_1.json.gz#4401[m=7,idx=3209]: start [0, 0, 0, 0, 0, -1000000, 0, 0, -1000000, 0] best [0, 0, 0, 0, 0, -1000000, 0, 0, -1000000, 0] chain profiles 0 (states 0), maxw 0, DL_RC fails 0, key form fails 0; 7400 evals [1 s]
#   unit {"file": "k4_certs_6_n4_1.json.gz", "pos": 4446} k4_certs_6_n4_1.json.gz#4446[m=7,idx=3254]: start [0, 0, 0, 0, 0, -1000000, 0, 0, -1000000, 0] best [0, 0, 0, 0, 0, -1000000, 0, 0, -1000000, 0] chain profiles 0 (states 0), maxw 0, DL_RC fails 0, key form fails 0; 7400 evals [1 s]
#   unit {"file": "k4_certs_6_n4_1.json.gz", "pos": 4465} k4_certs_6_n4_1.json.gz#4465[m=7,idx=3273]: start [0, 0, 0, 0, 0, -1000000, 0, 0, -1000000, 0] best [0, 0, 0, 0, 0, -1000000, 0, 0, -1000000, 0] chain profiles 0 (states 0), maxw 0, DL_RC fails 0, key form fails 0; 7400 evals [1 s]
#   unit {"file": "k4_certs_6_n4_1.json.gz", "pos": 4481} k4_certs_6_n4_1.json.gz#4481[m=7,idx=3289]: start [0, 0, 0, 0, 0, -1000000, 0, 0, -1000000, 0] best [0, 0, 0, 0, 0, -1000000, 0, 0, -1000000, 0] chain profiles 0 (states 0), maxw 0, DL_RC fails 0, key form fails 0; 7400 evals [1 s]
#   unit {"file": "k4_certs_6_n4_1.json.gz", "pos": 4491} k4_certs_6_n4_1.json.gz#4491[m=7,idx=3299]: start [0, 0, 0, 0, 0, -1000000, 0, 0, -1000000, 0] best [0, 0, 0, 0, 0, -1000000, 0, 0, -1000000, 0] chain profiles 0 (states 0), maxw 0, DL_RC fails 0, key form fails 0; 7400 evals [1 s]
#   unit {"file": "k4_certs_6_n4_1.json.gz", "pos": 4525} k4_certs_6_n4_1.json.gz#4525[m=7,idx=3333]: start [0, 0, 0, 0, 0, -1000000, 0, 0, -1000000, 0] best [0, 0, 0, 0, 0, -1000000, 0, 0, -1000000, 0] chain profiles 0 (states 0), maxw 0, DL_RC fails 0, key form fails 0; 7400 evals [1 s]
#   unit {"file": "k4_certs_6_n4_1.json.gz", "pos": 4567} k4_certs_6_n4_1.json.gz#4567[m=7,idx=3375]: start [0, 0, 0, 0, 0, -1000000, 0, 0, -1000000, 0] best [0, 0, 0, 0, 0, -1000000, 0, 0, -1000000, 0] chain profiles 0 (states 0), maxw 0, DL_RC fails 0, key form fails 0; 7400 evals [1 s]
#   unit {"file": "k4_certs_6_n4_1.json.gz", "pos": 4659} k4_certs_6_n4_1.json.gz#4659[m=7,idx=3467]: start [0, 0, 0, 0, 0, -1000000, 0, 0, -1000000, 0] best [0, 0, 0, 0, 0, -1000000, 0, 0, -1000000, 0] chain profiles 0 (states 0), maxw 0, DL_RC fails 0, key form fails 0; 7400 evals [1 s]
#   unit {"file": "k4_certs_6_n4_1.json.gz", "pos": 4727} k4_certs_6_n4_1.json.gz#4727[m=7,idx=3535]: start [0, 0, 0, 0, 0, -1000000, 0, 0, -1000000, 0] best [0, 0, 0, 0, 0, -1000000, 0, 0, -1000000, 0] chain profiles 0 (states 0), maxw 0, DL_RC fails 0, key form fails 0; 7400 evals [1 s]
#   unit {"file": "k4_certs_6_n4_1.json.gz", "pos": 4750} k4_certs_6_n4_1.json.gz#4750[m=7,idx=3558]: start [0, 0, 0, 0, 0, -1000000, 0, 0, -1000000, 0] best [0, 0, 0, 0, 0, -1000000, 0, 0, -1000000, 0] chain profiles 0 (states 0), maxw 0, DL_RC fails 0, key form fails 0; 7400 evals [1 s]
#   unit {"file": "k4_certs_6_n4_1.json.gz", "pos": 4770} k4_certs_6_n4_1.json.gz#4770[m=7,idx=3578]: start [0, 0, 0, 0, 0, -1000000, 0, 0, -1000000, 0] best [0, 0, 0, 0, 0, -1000000, 0, 0, -1000000, 0] chain profiles 0 (states 0), maxw 0, DL_RC fails 0, key form fails 0; 7400 evals [1 s]
#   unit {"file": "k4_certs_6_n4_1.json.gz", "pos": 4834} k4_certs_6_n4_1.json.gz#4834[m=7,idx=3642]: start [0, 0, 0, 0, 0, -1000000, 0, 0, -1000000, 0] best [0, 0, 0, 0, 0, -1000000, 0, 0, -1000000, 0] chain profiles 0 (states 0), maxw 0, DL_RC fails 0, key form fails 0; 7400 evals [1 s]
#   unit {"file": "k4_certs_6_n4_1.json.gz", "pos": 4895} k4_certs_6_n4_1.json.gz#4895[m=7,idx=3703]: start [0, 0, 0, 0, 0, -1000000, 0, 0, -1000000, 0] best [0, 0, 0, 0, 0, -1000000, 0, 0, -1000000, 0] chain profiles 0 (states 0), maxw 0, DL_RC fails 0, key form fails 0; 7400 evals [1 s]
#   unit {"file": "k4_certs_6_n4_1.json.gz", "pos": 4925} k4_certs_6_n4_1.json.gz#4925[m=7,idx=3733]: start [0, 0, 0, 0, 0, -1000000, 0, 0, -1000000, 0] best [0, 0, 0, 0, 0, -1000000, 0, 0, -1000000, 0] chain profiles 0 (states 0), maxw 0, DL_RC fails 0, key form fails 0; 7400 evals [1 s]
#   unit {"file": "k4_certs_6_n4_1.json.gz", "pos": 4948} k4_certs_6_n4_1.json.gz#4948[m=7,idx=3756]: start [0, 0, 0, 0, 0, -1000000, 0, 0, -1000000, 0] best [0, 0, 0, 0, 0, -1000000, 0, 0, -1000000, 0] chain profiles 0 (states 0), maxw 0, DL_RC fails 0, key form fails 0; 7400 evals [1 s]
#   unit {"file": "k4_certs_6_n4_1.json.gz", "pos": 4980} k4_certs_6_n4_1.json.gz#4980[m=7,idx=3788]: start [0, 0, 0, 0, 0, -1000000, 0, 0, -1000000, 0] best [0, 0, 0, 0, 0, -1000000, 0, 0, -1000000, 0] chain profiles 0 (states 0), maxw 0, DL_RC fails 0, key form fails 0; 7400 evals [1 s]
#   unit {"file": "k4_certs_6_n4_1.json.gz", "pos": 5057} k4_certs_6_n4_1.json.gz#5057[m=7,idx=3865]: start [0, 0, 0, 0, 0, -1000000, 0, 0, -1000000, 0] best [0, 0, 0, 0, 0, -1000000, 0, 0, -1000000, 0] chain profiles 0 (states 0), maxw 0, DL_RC fails 0, key form fails 0; 7400 evals [1 s]
#   unit {"file": "k4_certs_6_n4_1.json.gz", "pos": 5058} k4_certs_6_n4_1.json.gz#5058[m=7,idx=3866]: start [0, 0, 0, 0, 0, -1000000, 0, 0, -1000000, 0] best [0, 0, 0, 0, 0, -1000000, 0, 0, -1000000, 0] chain profiles 0 (states 0), maxw 0, DL_RC fails 0, key form fails 0; 7400 evals [1 s]
#   unit {"file": "k4_certs_6_n4_1.json.gz", "pos": 5165} k4_certs_6_n4_1.json.gz#5165[m=7,idx=3973]: start [0, 0, 0, 0, 0, -1000000, 0, 0, -1000000, 0] best [0, 0, 0, 0, 0, -1000000, 0, 0, -1000000, 0] chain profiles 0 (states 0), maxw 0, DL_RC fails 0, key form fails 0; 7400 evals [1 s]
#   unit {"file": "k4_certs_6_n4_1.json.gz", "pos": 5183} k4_certs_6_n4_1.json.gz#5183[m=7,idx=3991]: start [0, 0, 0, 0, 0, -1000000, 0, 0, -1000000, 0] best [0, 0, 0, 0, 0, -1000000, 0, 0, -1000000, 0] chain profiles 0 (states 0), maxw 0, DL_RC fails 0, key form fails 0; 7400 evals [1 s]
#   unit {"file": "k4_certs_6_n4_1.json.gz", "pos": 5258} k4_certs_6_n4_1.json.gz#5258[m=7,idx=4066]: start [0, 0, 0, 0, 0, -1000000, 0, 0, -1000000, 0] best [0, 0, 0, 0, 0, -1000000, 0, 0, -1000000, 0] chain profiles 0 (states 0), maxw 0, DL_RC fails 0, key form fails 0; 7400 evals [1 s]
#   unit {"file": "k4_certs_6_n4_1.json.gz", "pos": 5277} k4_certs_6_n4_1.json.gz#5277[m=7,idx=4085]: start [0, 0, 0, 0, 0, -1000000, 0, 0, -1000000, 0] best [0, 0, 0, 0, 0, -1000000, 0, 0, -1000000, 0] chain profiles 0 (states 0), maxw 0, DL_RC fails 0, key form fails 0; 7400 evals [1 s]
#   unit {"file": "k4_certs_6_n4_1.json.gz", "pos": 5342} k4_certs_6_n4_1.json.gz#5342[m=7,idx=4150]: start [0, 0, 0, 0, 0, -1000000, 0, 0, -1000000, 0] best [0, 0, 0, 0, 0, -1000000, 0, 0, -1000000, 0] chain profiles 0 (states 0), maxw 0, DL_RC fails 0, key form fails 0; 7400 evals [1 s]
#   unit {"file": "k4_certs_6_n4_1.json.gz", "pos": 5347} k4_certs_6_n4_1.json.gz#5347[m=7,idx=4155]: start [0, 0, 0, 0, 0, -1000000, 0, 0, -1000000, 0] best [0, 0, 0, 0, 0, -1000000, 0, 0, -1000000, 0] chain profiles 0 (states 0), maxw 0, DL_RC fails 0, key form fails 0; 7400 evals [1 s]
#   unit {"file": "k4_certs_6_n4_1.json.gz", "pos": 5378} k4_certs_6_n4_1.json.gz#5378[m=7,idx=4186]: start [0, 0, 0, 0, 0, -1000000, 0, 0, -1000000, 0] best [0, 0, 0, 0, 0, -1000000, 0, 0, -1000000, 0] chain profiles 0 (states 0), maxw 0, DL_RC fails 0, key form fails 0; 7400 evals [1 s]
#   unit {"file": "k4_certs_6_n4_1.json.gz", "pos": 5525} k4_certs_6_n4_1.json.gz#5525[m=8,idx=129]: start [0, 0, 0, 0, 0, -1000000, 0, 0, -1000000, 0] best [0, 0, 0, 0, 0, -1000000, 0, 0, -1000000, 0] chain profiles 0 (states 0), maxw 0, DL_RC fails 0, key form fails 0; 7400 evals [1 s]
#   unit {"file": "k4_certs_6_n4_1.json.gz", "pos": 5542} k4_certs_6_n4_1.json.gz#5542[m=8,idx=146]: start [0, 0, 0, 0, 0, -1000000, 0, 0, -1000000, 0] best [0, 0, 0, 0, 0, -1000000, 0, 0, -1000000, 0] chain profiles 0 (states 0), maxw 0, DL_RC fails 0, key form fails 0; 7400 evals [1 s]
#   unit {"file": "k4_certs_6_n4_1.json.gz", "pos": 5640} k4_certs_6_n4_1.json.gz#5640[m=8,idx=244]: start [0, 0, 0, 0, 0, -1000000, 0, 0, -1000000, 0] best [0, 0, 0, 0, 0, -1000000, 0, 0, -1000000, 0] chain profiles 0 (states 0), maxw 0, DL_RC fails 0, key form fails 0; 7400 evals [1 s]
#   unit {"file": "k4_certs_6_n4_1.json.gz", "pos": 5678} k4_certs_6_n4_1.json.gz#5678[m=8,idx=282]: start [0, 0, 0, 0, 0, -1000000, 0, 0, -1000000, 0] best [0, 0, 0, 0, 0, -1000000, 0, 0, -1000000, 0] chain profiles 0 (states 0), maxw 0, DL_RC fails 0, key form fails 0; 7400 evals [1 s]
#   unit {"file": "k4_certs_6_n4_1.json.gz", "pos": 5770} k4_certs_6_n4_1.json.gz#5770[m=8,idx=374]: start [0, 0, 0, 0, 0, -1000000, 0, 0, -1000000, 0] best [0, 0, 0, 0, 0, -1000000, 0, 0, -1000000, 0] chain profiles 0 (states 0), maxw 0, DL_RC fails 0, key form fails 0; 7400 evals [1 s]
#   unit {"file": "k4_certs_6_n4_1.json.gz", "pos": 5788} k4_certs_6_n4_1.json.gz#5788[m=8,idx=392]: start [0, 0, 0, 0, 0, -1000000, 0, 0, -1000000, 0] best [0, 0, 0, 0, 0, -1000000, 0, 0, -1000000, 0] chain profiles 0 (states 0), maxw 0, DL_RC fails 0, key form fails 0; 7400 evals [1 s]
#   unit {"file": "k4_certs_6_n4_1.json.gz", "pos": 5826} k4_certs_6_n4_1.json.gz#5826[m=8,idx=430]: start [0, 0, 0, 0, 0, -1000000, 0, 0, -1000000, 0] best [0, 0, 0, 0, 0, -1000000, 0, 0, -1000000, 0] chain profiles 0 (states 0), maxw 0, DL_RC fails 0, key form fails 0; 7400 evals [1 s]
#   unit {"file": "k4_certs_6_n4_1.json.gz", "pos": 5958} k4_certs_6_n4_1.json.gz#5958[m=8,idx=562]: start [0, 0, 0, 0, 0, -1000000, 0, 0, -1000000, 0] best [0, 0, 0, 0, 0, -1000000, 0, 0, -1000000, 0] chain profiles 0 (states 0), maxw 0, DL_RC fails 0, key form fails 0; 7400 evals [1 s]
#   unit {"file": "k4_certs_6_n4_1.json.gz", "pos": 5982} k4_certs_6_n4_1.json.gz#5982[m=8,idx=586]: start [0, 0, 0, 0, 0, -1000000, 0, 0, -1000000, 0] best [0, 0, 0, 0, 0, -1000000, 0, 0, -1000000, 0] chain profiles 0 (states 0), maxw 0, DL_RC fails 0, key form fails 0; 7400 evals [1 s]
#   unit {"file": "k4_certs_6_n4_1.json.gz", "pos": 6019} k4_certs_6_n4_1.json.gz#6019[m=8,idx=623]: start [0, 0, 0, 0, 0, -1000000, 0, 0, -1000000, 0] best [0, 0, 0, 0, 0, -1000000, 0, 0, -1000000, 0] chain profiles 0 (states 0), maxw 0, DL_RC fails 0, key form fails 0; 7400 evals [1 s]
#   unit {"file": "k4_certs_6_n4_1.json.gz", "pos": 6066} k4_certs_6_n4_1.json.gz#6066[m=8,idx=670]: start [0, 0, 0, 0, 0, -1000000, 0, 0, -1000000, 0] best [0, 0, 0, 0, 0, -1000000, 0, 0, -1000000, 0] chain profiles 0 (states 0), maxw 0, DL_RC fails 0, key form fails 0; 7400 evals [1 s]
#   unit {"file": "k4_certs_6_n4_1.json.gz", "pos": 6073} k4_certs_6_n4_1.json.gz#6073[m=8,idx=677]: start [0, 0, 0, 0, 0, -1000000, 0, 0, -1000000, 0] best [0, 0, 0, 0, 0, -1000000, 0, 0, -1000000, 0] chain profiles 0 (states 0), maxw 0, DL_RC fails 0, key form fails 0; 7400 evals [1 s]
#   unit {"file": "k4_certs_6_n4_1.json.gz", "pos": 6084} k4_certs_6_n4_1.json.gz#6084[m=8,idx=688]: start [0, 0, 0, 0, 0, -1000000, 0, 0, -1000000, 0] best [0, 0, 0, 0, 0, -1000000, 0, 0, -1000000, 0] chain profiles 0 (states 0), maxw 0, DL_RC fails 0, key form fails 0; 7400 evals [1 s]
#   unit {"file": "k4_certs_6_n4_1.json.gz", "pos": 6145} k4_certs_6_n4_1.json.gz#6145[m=8,idx=749]: start [0, 0, 0, 0, 0, -1000000, 0, 0, -1000000, 0] best [0, 0, 0, 0, 0, -1000000, 0, 0, -1000000, 0] chain profiles 0 (states 0), maxw 0, DL_RC fails 0, key form fails 0; 7400 evals [1 s]
#   unit {"file": "k4_certs_6_n4_1.json.gz", "pos": 6165} k4_certs_6_n4_1.json.gz#6165[m=8,idx=769]: start [0, 0, 0, 0, 0, -1000000, 0, 0, -1000000, 0] best [0, 0, 0, 0, 0, -1000000, 0, 0, -1000000, 0] chain profiles 0 (states 0), maxw 0, DL_RC fails 0, key form fails 0; 7400 evals [1 s]
#   unit {"file": "k4_certs_6_n4_1.json.gz", "pos": 6186} k4_certs_6_n4_1.json.gz#6186[m=8,idx=790]: start [0, 0, 0, 0, 0, -1000000, 0, 0, -1000000, 0] best [0, 0, 0, 0, 0, -1000000, 0, 0, -1000000, 0] chain profiles 0 (states 0), maxw 0, DL_RC fails 0, key form fails 0; 7400 evals [1 s]
#   unit {"file": "k4_certs_6_n4_1.json.gz", "pos": 6184} k4_certs_6_n4_1.json.gz#6184[m=8,idx=788]: start [0, 0, 0, 0, 0, -1000000, 0, 0, -1000000, 0] best [0, 0, 0, 0, 0, -1000000, 0, 0, -1000000, 0] chain profiles 0 (states 0), maxw 0, DL_RC fails 0, key form fails 0; 7400 evals [1 s]
#   unit {"file": "k4_certs_6_n4_1.json.gz", "pos": 6296} k4_certs_6_n4_1.json.gz#6296[m=8,idx=900]: start [0, 0, 0, 0, 0, -1000000, 0, 0, -1000000, 0] best [0, 0, 0, 0, 0, -1000000, 0, 0, -1000000, 0] chain profiles 0 (states 0), maxw 0, DL_RC fails 0, key form fails 0; 7400 evals [1 s]
#   unit {"file": "k4_certs_6_n4_1.json.gz", "pos": 6312} k4_certs_6_n4_1.json.gz#6312[m=8,idx=916]: start [0, 0, 0, 0, 0, -1000000, 0, 0, -1000000, 0] best [0, 0, 0, 0, 0, -1000000, 0, 0, -1000000, 0] chain profiles 0 (states 0), maxw 0, DL_RC fails 0, key form fails 0; 7400 evals [1 s]
#   unit {"file": "k4_certs_6_n4_1.json.gz", "pos": 6308} k4_certs_6_n4_1.json.gz#6308[m=8,idx=912]: start [0, 0, 0, 0, 0, -1000000, 0, 0, -1000000, 0] best [0, 0, 0, 0, 0, -1000000, 0, 0, -1000000, 0] chain profiles 0 (states 0), maxw 0, DL_RC fails 0, key form fails 0; 7400 evals [1 s]
#   unit {"file": "k4_certs_6_n4_1.json.gz", "pos": 6323} k4_certs_6_n4_1.json.gz#6323[m=8,idx=927]: start [0, 0, 0, 0, 0, -1000000, 0, 0, -1000000, 0] best [0, 0, 0, 0, 0, -1000000, 0, 0, -1000000, 0] chain profiles 0 (states 0), maxw 0, DL_RC fails 0, key form fails 0; 7400 evals [1 s]
#   unit {"file": "k4_certs_6_n4_1.json.gz", "pos": 6347} k4_certs_6_n4_1.json.gz#6347[m=8,idx=951]: start [0, 0, 0, 0, 0, -1000000, 0, 0, -1000000, 0] best [0, 0, 0, 0, 0, -1000000, 0, 0, -1000000, 0] chain profiles 0 (states 0), maxw 0, DL_RC fails 0, key form fails 0; 7400 evals [1 s]
#   unit {"file": "k4_certs_6_n4_1.json.gz", "pos": 6364} k4_certs_6_n4_1.json.gz#6364[m=8,idx=968]: start [0, 0, 0, 0, 0, -1000000, 0, 0, -1000000, 0] best [0, 0, 0, 0, 0, -1000000, 0, 0, -1000000, 0] chain profiles 0 (states 0), maxw 0, DL_RC fails 0, key form fails 0; 7400 evals [1 s]
#   unit {"file": "k4_certs_6_n4_1.json.gz", "pos": 6460} k4_certs_6_n4_1.json.gz#6460[m=8,idx=1064]: start [0, 0, 0, 0, 0, -1000000, 0, 0, -1000000, 0] best [0, 0, 0, 0, 0, -1000000, 0, 0, -1000000, 0] chain profiles 0 (states 0), maxw 0, DL_RC fails 0, key form fails 0; 7400 evals [1 s]
#   unit {"file": "k4_certs_6_n4_1.json.gz", "pos": 6429} k4_certs_6_n4_1.json.gz#6429[m=8,idx=1033]: start [0, 0, 0, 0, 0, -1000000, 0, 0, -1000000, 0] best [0, 0, 0, 0, 0, -1000000, 0, 0, -1000000, 0] chain profiles 0 (states 0), maxw 0, DL_RC fails 0, key form fails 0; 7400 evals [1 s]
#   unit {"file": "k4_certs_6_n4_1.json.gz", "pos": 6491} k4_certs_6_n4_1.json.gz#6491[m=8,idx=1095]: start [0, 0, 0, 0, 0, -1000000, 0, 0, -1000000, 0] best [0, 0, 0, 0, 0, -1000000, 0, 0, -1000000, 0] chain profiles 0 (states 0), maxw 0, DL_RC fails 0, key form fails 0; 7400 evals [1 s]
#   unit {"file": "k4_certs_6_n4_1.json.gz", "pos": 6524} k4_certs_6_n4_1.json.gz#6524[m=8,idx=1128]: start [0, 0, 0, 0, 0, -1000000, 0, 0, -1000000, 0] best [0, 0, 0, 0, 0, -1000000, 0, 0, -1000000, 0] chain profiles 0 (states 0), maxw 0, DL_RC fails 0, key form fails 0; 7400 evals [1 s]
#   unit {"file": "k4_certs_6_n4_1.json.gz", "pos": 6582} k4_certs_6_n4_1.json.gz#6582[m=8,idx=1186]: start [0, 0, 0, 0, 0, -1000000, 0, 0, -1000000, 0] best [0, 0, 0, 0, 0, -1000000, 0, 0, -1000000, 0] chain profiles 0 (states 0), maxw 0, DL_RC fails 0, key form fails 0; 7400 evals [1 s]
#   unit {"file": "k4_certs_6_n4_1.json.gz", "pos": 6623} k4_certs_6_n4_1.json.gz#6623[m=8,idx=1227]: start [0, 0, 0, 0, 0, -1000000, 0, 0, -1000000, 0] best [0, 0, 0, 0, 0, -1000000, 0, 0, -1000000, 0] chain profiles 0 (states 0), maxw 0, DL_RC fails 0, key form fails 0; 7400 evals [1 s]
#   unit {"file": "k4_certs_6_n4_1.json.gz", "pos": 6854} k4_certs_6_n4_1.json.gz#6854[m=8,idx=1458]: start [0, 0, 0, 0, 0, -1000000, 0, 0, -1000000, 0] best [0, 0, 0, 0, 0, -1000000, 0, 0, -1000000, 0] chain profiles 0 (states 0), maxw 0, DL_RC fails 0, key form fails 0; 7400 evals [1 s]
#   unit {"file": "k4_certs_6_n4_1.json.gz", "pos": 6877} k4_certs_6_n4_1.json.gz#6877[m=8,idx=1481]: start [0, 0, 0, 0, 0, -1000000, 0, 0, -1000000, 0] best [0, 0, 0, 0, 0, -1000000, 0, 0, -1000000, 0] chain profiles 0 (states 0), maxw 0, DL_RC fails 0, key form fails 0; 7400 evals [1 s]
#   unit {"file": "k4_certs_6_n4_1.json.gz", "pos": 7010} k4_certs_6_n4_1.json.gz#7010[m=8,idx=1614]: start [0, 0, 0, 0, 0, -1000000, 0, 0, -1000000, 0] best [0, 0, 0, 0, 0, -1000000, 0, 0, -1000000, 0] chain profiles 0 (states 0), maxw 0, DL_RC fails 0, key form fails 0; 7400 evals [1 s]
#   unit {"file": "k4_certs_6_n4_1.json.gz", "pos": 7057} k4_certs_6_n4_1.json.gz#7057[m=8,idx=1661]: start [0, 0, 0, 0, 0, -1000000, 0, 0, -1000000, 0] best [0, 0, 0, 0, 0, -1000000, 0, 0, -1000000, 0] chain profiles 0 (states 0), maxw 0, DL_RC fails 0, key form fails 0; 7400 evals [1 s]
#   unit {"file": "k4_certs_6_n4_1.json.gz", "pos": 7261} k4_certs_6_n4_1.json.gz#7261[m=8,idx=1865]: start [0, 0, 0, 0, 0, -1000000, 0, 0, -1000000, 0] best [0, 0, 0, 0, 0, -1000000, 0, 0, -1000000, 0] chain profiles 0 (states 0), maxw 0, DL_RC fails 0, key form fails 0; 7400 evals [1 s]
#   unit {"file": "k4_certs_6_n4_1.json.gz", "pos": 7309} k4_certs_6_n4_1.json.gz#7309[m=8,idx=1913]: start [0, 0, 0, 0, 0, -1000000, 0, 0, -1000000, 0] best [0, 0, 0, 0, 0, -1000000, 0, 0, -1000000, 0] chain profiles 0 (states 0), maxw 0, DL_RC fails 0, key form fails 0; 7400 evals [1 s]
#   unit {"file": "k4_certs_6_n4_1.json.gz", "pos": 7298} k4_certs_6_n4_1.json.gz#7298[m=8,idx=1902]: start [0, 0, 0, 0, 0, -1000000, 0, 0, -1000000, 0] best [0, 0, 0, 0, 0, -1000000, 0, 0, -1000000, 0] chain profiles 0 (states 0), maxw 0, DL_RC fails 0, key form fails 0; 7400 evals [1 s]
#   unit {"file": "k4_certs_6_n4_1.json.gz", "pos": 7317} k4_certs_6_n4_1.json.gz#7317[m=8,idx=1921]: start [0, 0, 0, 0, 0, -1000000, 0, 0, -1000000, 0] best [0, 0, 0, 0, 0, -1000000, 0, 0, -1000000, 0] chain profiles 0 (states 0), maxw 0, DL_RC fails 0, key form fails 0; 7400 evals [1 s]
#   unit {"file": "k4_certs_6_n4_1.json.gz", "pos": 7365} k4_certs_6_n4_1.json.gz#7365[m=8,idx=1969]: start [0, 0, 0, 0, 0, -1000000, 0, 0, -1000000, 0] best [0, 0, 0, 0, 0, -1000000, 0, 0, -1000000, 0] chain profiles 0 (states 0), maxw 0, DL_RC fails 0, key form fails 0; 7400 evals [1 s]
#   unit {"file": "k4_certs_6_n4_1.json.gz", "pos": 7391} k4_certs_6_n4_1.json.gz#7391[m=8,idx=1995]: start [0, 0, 0, 0, 0, -1000000, 0, 0, -1000000, 0] best [0, 0, 0, 0, 0, -1000000, 0, 0, -1000000, 0] chain profiles 0 (states 0), maxw 0, DL_RC fails 0, key form fails 0; 7400 evals [1 s]
#   unit {"file": "k4_certs_6_n4_1.json.gz", "pos": 7413} k4_certs_6_n4_1.json.gz#7413[m=8,idx=2017]: start [0, 0, 0, 0, 0, -1000000, 0, 0, -1000000, 0] best [0, 0, 0, 0, 0, -1000000, 0, 0, -1000000, 0] chain profiles 0 (states 0), maxw 0, DL_RC fails 0, key form fails 0; 7400 evals [1 s]
#   unit {"file": "k4_certs_6_n4_1.json.gz", "pos": 7543} k4_certs_6_n4_1.json.gz#7543[m=8,idx=2147]: start [0, 0, 0, 0, 0, -1000000, 0, 0, -1000000, 0] best [0, 0, 0, 0, 0, -1000000, 0, 0, -1000000, 0] chain profiles 0 (states 0), maxw 0, DL_RC fails 0, key form fails 0; 7400 evals [1 s]
#   unit {"file": "k4_certs_6_n4_1.json.gz", "pos": 7586} k4_certs_6_n4_1.json.gz#7586[m=8,idx=2190]: start [0, 0, 0, 0, 0, -1000000, 0, 0, -1000000, 0] best [0, 0, 0, 0, 0, -1000000, 0, 0, -1000000, 0] chain profiles 0 (states 0), maxw 0, DL_RC fails 0, key form fails 0; 7400 evals [1 s]
#   unit {"file": "k4_certs_6_n4_1.json.gz", "pos": 7600} k4_certs_6_n4_1.json.gz#7600[m=8,idx=2204]: start [0, 0, 0, 0, 0, -1000000, 0, 0, -1000000, 0] best [0, 0, 0, 0, 0, -1000000, 0, 0, -1000000, 0] chain profiles 0 (states 0), maxw 0, DL_RC fails 0, key form fails 0; 7400 evals [1 s]
#   unit {"file": "k4_certs_6_n4_1.json.gz", "pos": 7604} k4_certs_6_n4_1.json.gz#7604[m=8,idx=2208]: start [0, 0, 0, 0, 0, -1000000, 0, 0, -1000000, 0] best [0, 0, 0, 0, 0, -1000000, 0, 0, -1000000, 0] chain profiles 0 (states 0), maxw 0, DL_RC fails 0, key form fails 0; 7400 evals [1 s]
#   unit {"file": "k4_certs_6_n4_1.json.gz", "pos": 7657} k4_certs_6_n4_1.json.gz#7657[m=8,idx=2261]: start [0, 0, 0, 0, 0, -1000000, 0, 0, -1000000, 0] best [0, 0, 0, 0, 0, -1000000, 0, 0, -1000000, 0] chain profiles 0 (states 0), maxw 0, DL_RC fails 0, key form fails 0; 7400 evals [1 s]
#   unit {"file": "k4_certs_6_n4_1.json.gz", "pos": 7813} k4_certs_6_n4_1.json.gz#7813[m=8,idx=2417]: start [0, 0, 0, 0, 0, -1000000, 0, 0, -1000000, 0] best [0, 0, 0, 0, 0, -1000000, 0, 0, -1000000, 0] chain profiles 0 (states 0), maxw 0, DL_RC fails 0, key form fails 0; 7400 evals [1 s]
#   unit {"file": "k4_certs_6_n4_1.json.gz", "pos": 7961} k4_certs_6_n4_1.json.gz#7961[m=8,idx=2565]: start [0, 0, 0, 0, 0, -1000000, 0, 0, -1000000, 0] best [0, 0, 0, 0, 0, -1000000, 0, 0, -1000000, 0] chain profiles 0 (states 0), maxw 0, DL_RC fails 0, key form fails 0; 7400 evals [1 s]
#   unit {"file": "k4_certs_6_n4_1.json.gz", "pos": 7875} k4_certs_6_n4_1.json.gz#7875[m=8,idx=2479]: start [0, 0, 0, 0, 0, -1000000, 0, 0, -1000000, 0] best [0, 0, 0, 0, 0, -1000000, 0, 0, -1000000, 0] chain profiles 0 (states 0), maxw 0, DL_RC fails 0, key form fails 0; 7400 evals [1 s]
#   unit {"file": "k4_certs_6_n4_1.json.gz", "pos": 7974} k4_certs_6_n4_1.json.gz#7974[m=8,idx=2578]: start [0, 0, 0, 0, 0, -1000000, 0, 0, -1000000, 0] best [0, 0, 0, 0, 0, -1000000, 0, 0, -1000000, 0] chain profiles 0 (states 0), maxw 0, DL_RC fails 0, key form fails 0; 7400 evals [1 s]
#   unit {"file": "k4_certs_6_n4_1.json.gz", "pos": 8024} k4_certs_6_n4_1.json.gz#8024[m=8,idx=2628]: start [0, 0, 0, 0, 0, -1000000, 0, 0, -1000000, 0] best [0, 0, 0, 0, 0, -1000000, 0, 0, -1000000, 0] chain profiles 0 (states 0), maxw 0, DL_RC fails 0, key form fails 0; 7400 evals [1 s]
#   unit {"file": "k4_certs_6_n4_1.json.gz", "pos": 8178} k4_certs_6_n4_1.json.gz#8178[m=8,idx=2782]: start [0, 0, 0, 0, 0, -1000000, 0, 0, -1000000, 0] best [0, 0, 0, 0, 0, -1000000, 0, 0, -1000000, 0] chain profiles 0 (states 0), maxw 0, DL_RC fails 0, key form fails 0; 7400 evals [1 s]
#   unit {"file": "k4_certs_6_n4_1.json.gz", "pos": 8038} k4_certs_6_n4_1.json.gz#8038[m=8,idx=2642]: start [0, 0, 0, 0, 0, -1000000, 0, 0, -1000000, 0] best [0, 0, 0, 0, 0, -1000000, 0, 0, -1000000, 0] chain profiles 0 (states 0), maxw 0, DL_RC fails 0, key form fails 0; 7400 evals [1 s]
#   unit {"file": "k4_certs_6_n4_1.json.gz", "pos": 8207} k4_certs_6_n4_1.json.gz#8207[m=8,idx=2811]: start [0, 0, 0, 0, 0, -1000000, 0, 0, -1000000, 0] best [0, 0, 0, 0, 0, -1000000, 0, 0, -1000000, 0] chain profiles 0 (states 0), maxw 0, DL_RC fails 0, key form fails 0; 7400 evals [1 s]
#   unit {"file": "k4_certs_6_n4_1.json.gz", "pos": 8229} k4_certs_6_n4_1.json.gz#8229[m=8,idx=2833]: start [0, 0, 0, 0, 0, -1000000, 0, 0, -1000000, 0] best [0, 0, 0, 0, 0, -1000000, 0, 0, -1000000, 0] chain profiles 0 (states 0), maxw 0, DL_RC fails 0, key form fails 0; 7400 evals [1 s]
#   unit {"file": "k4_certs_6_n4_1.json.gz", "pos": 8251} k4_certs_6_n4_1.json.gz#8251[m=8,idx=2855]: start [0, 0, 0, 0, 0, -1000000, 0, 0, -1000000, 0] best [0, 0, 0, 0, 0, -1000000, 0, 0, -1000000, 0] chain profiles 0 (states 0), maxw 0, DL_RC fails 0, key form fails 0; 7400 evals [1 s]
#   unit {"file": "k4_certs_6_n4_1.json.gz", "pos": 8295} k4_certs_6_n4_1.json.gz#8295[m=8,idx=2899]: start [0, 0, 0, 0, 0, -1000000, 0, 0, -1000000, 0] best [0, 0, 0, 0, 0, -1000000, 0, 0, -1000000, 0] chain profiles 0 (states 0), maxw 0, DL_RC fails 0, key form fails 0; 7400 evals [1 s]
#   unit {"file": "k4_certs_6_n4_1.json.gz", "pos": 8348} k4_certs_6_n4_1.json.gz#8348[m=8,idx=2952]: start [0, 0, 0, 0, 0, -1000000, 0, 0, -1000000, 0] best [0, 0, 0, 0, 0, -1000000, 0, 0, -1000000, 0] chain profiles 0 (states 0), maxw 0, DL_RC fails 0, key form fails 0; 7400 evals [1 s]
#   unit {"file": "k4_certs_6_n4_1.json.gz", "pos": 8378} k4_certs_6_n4_1.json.gz#8378[m=8,idx=2982]: start [0, 0, 0, 0, 0, -1000000, 0, 0, -1000000, 0] best [0, 0, 0, 0, 0, -1000000, 0, 0, -1000000, 0] chain profiles 0 (states 0), maxw 0, DL_RC fails 0, key form fails 0; 7400 evals [1 s]
#   unit {"file": "k4_certs_6_n4_1.json.gz", "pos": 8353} k4_certs_6_n4_1.json.gz#8353[m=8,idx=2957]: start [0, 0, 0, 0, 0, -1000000, 0, 0, -1000000, 0] best [0, 0, 0, 0, 0, -1000000, 0, 0, -1000000, 0] chain profiles 0 (states 0), maxw 0, DL_RC fails 0, key form fails 0; 7400 evals [1 s]
#   unit {"file": "k4_certs_6_n4_1.json.gz", "pos": 8398} k4_certs_6_n4_1.json.gz#8398[m=8,idx=3002]: start [0, 0, 0, 0, 0, -1000000, 0, 0, -1000000, 0] best [0, 0, 0, 0, 0, -1000000, 0, 0, -1000000, 0] chain profiles 0 (states 0), maxw 0, DL_RC fails 0, key form fails 0; 7400 evals [1 s]
#   unit {"file": "k4_certs_6_n4_1.json.gz", "pos": 8572} k4_certs_6_n4_1.json.gz#8572[m=8,idx=3176]: start [0, 0, 0, 0, 0, -1000000, 0, 0, -1000000, 0] best [0, 0, 0, 0, 0, -1000000, 0, 0, -1000000, 0] chain profiles 0 (states 0), maxw 0, DL_RC fails 0, key form fails 0; 7400 evals [1 s]
#   unit {"file": "k4_certs_6_n4_1.json.gz", "pos": 8640} k4_certs_6_n4_1.json.gz#8640[m=8,idx=3244]: start [0, 0, 0, 0, 0, -1000000, 0, 0, -1000000, 0] best [0, 0, 0, 0, 0, -1000000, 0, 0, -1000000, 0] chain profiles 0 (states 0), maxw 0, DL_RC fails 0, key form fails 0; 7400 evals [1 s]
#   unit {"file": "k4_certs_6_n4_1.json.gz", "pos": 8689} k4_certs_6_n4_1.json.gz#8689[m=8,idx=3293]: start [0, 0, 0, 0, 0, -1000000, 0, 0, -1000000, 0] best [0, 0, 0, 0, 0, -1000000, 0, 0, -1000000, 0] chain profiles 0 (states 0), maxw 0, DL_RC fails 0, key form fails 0; 7400 evals [1 s]
#   unit {"file": "k4_certs_6_n4_1.json.gz", "pos": 8700} k4_certs_6_n4_1.json.gz#8700[m=8,idx=3304]: start [0, 0, 0, 0, 0, -1000000, 0, 0, -1000000, 0] best [0, 0, 0, 0, 0, -1000000, 0, 0, -1000000, 0] chain profiles 0 (states 0), maxw 0, DL_RC fails 0, key form fails 0; 7400 evals [1 s]
#   unit {"file": "k4_certs_6_n4_1.json.gz", "pos": 8709} k4_certs_6_n4_1.json.gz#8709[m=8,idx=3313]: start [0, 0, 0, 0, 0, -1000000, 0, 0, -1000000, 0] best [0, 0, 0, 0, 0, -1000000, 0, 0, -1000000, 0] chain profiles 0 (states 0), maxw 0, DL_RC fails 0, key form fails 0; 7400 evals [1 s]
#   unit {"file": "k4_certs_6_n4_1.json.gz", "pos": 8710} k4_certs_6_n4_1.json.gz#8710[m=8,idx=3314]: start [0, 0, 0, 0, 0, -1000000, 0, 0, -1000000, 0] best [0, 0, 0, 0, 0, -1000000, 0, 0, -1000000, 0] chain profiles 0 (states 0), maxw 0, DL_RC fails 0, key form fails 0; 7400 evals [1 s]
#   unit {"file": "k4_certs_6_n4_1.json.gz", "pos": 8778} k4_certs_6_n4_1.json.gz#8778[m=8,idx=3382]: start [0, 0, 0, 0, 0, -1000000, 0, 0, -1000000, 0] best [0, 0, 0, 0, 0, -1000000, 0, 0, -1000000, 0] chain profiles 0 (states 0), maxw 0, DL_RC fails 0, key form fails 0; 7400 evals [1 s]
#   unit {"file": "k4_certs_6_n4_1.json.gz", "pos": 8779} k4_certs_6_n4_1.json.gz#8779[m=8,idx=3383]: start [0, 0, 0, 0, 0, -1000000, 0, 0, -1000000, 0] best [0, 0, 0, 0, 0, -1000000, 0, 0, -1000000, 0] chain profiles 0 (states 0), maxw 0, DL_RC fails 0, key form fails 0; 7400 evals [1 s]
#   unit {"file": "k4_certs_6_n4_1.json.gz", "pos": 8822} k4_certs_6_n4_1.json.gz#8822[m=8,idx=3426]: start [0, 0, 0, 0, 0, -1000000, 0, 0, -1000000, 0] best [0, 0, 0, 0, 0, -1000000, 0, 0, -1000000, 0] chain profiles 0 (states 0), maxw 0, DL_RC fails 0, key form fails 0; 7400 evals [1 s]
#   unit {"file": "k4_certs_6_n4_1.json.gz", "pos": 8852} k4_certs_6_n4_1.json.gz#8852[m=8,idx=3456]: start [0, 0, 0, 0, 0, -1000000, 0, 0, -1000000, 0] best [0, 0, 0, 0, 0, -1000000, 0, 0, -1000000, 0] chain profiles 0 (states 0), maxw 0, DL_RC fails 0, key form fails 0; 7400 evals [1 s]
#   unit {"file": "k4_certs_6_n4_1.json.gz", "pos": 8909} k4_certs_6_n4_1.json.gz#8909[m=8,idx=3513]: start [0, 0, 0, 0, 0, -1000000, 0, 0, -1000000, 0] best [0, 0, 0, 0, 0, -1000000, 0, 0, -1000000, 0] chain profiles 0 (states 0), maxw 0, DL_RC fails 0, key form fails 0; 7400 evals [1 s]
#   unit {"file": "k4_certs_6_n4_1.json.gz", "pos": 8935} k4_certs_6_n4_1.json.gz#8935[m=8,idx=3539]: start [0, 0, 0, 0, 0, -1000000, 0, 0, -1000000, 0] best [0, 0, 0, 0, 0, -1000000, 0, 0, -1000000, 0] chain profiles 0 (states 0), maxw 0, DL_RC fails 0, key form fails 0; 7400 evals [1 s]
#   unit {"file": "k4_certs_6_n4_1.json.gz", "pos": 8953} k4_certs_6_n4_1.json.gz#8953[m=8,idx=3557]: start [0, 0, 0, 0, 0, -1000000, 0, 0, -1000000, 0] best [0, 0, 0, 0, 0, -1000000, 0, 0, -1000000, 0] chain profiles 0 (states 0), maxw 0, DL_RC fails 0, key form fails 0; 7400 evals [1 s]
#   unit {"file": "k4_certs_6_n4_1.json.gz", "pos": 8982} k4_certs_6_n4_1.json.gz#8982[m=8,idx=3586]: start [0, 0, 0, 0, 0, -1000000, 0, 0, -1000000, 0] best [0, 0, 0, 0, 0, -1000000, 0, 0, -1000000, 0] chain profiles 0 (states 0), maxw 0, DL_RC fails 0, key form fails 0; 7400 evals [1 s]
#   unit {"file": "k4_certs_6_n4_1.json.gz", "pos": 9036} k4_certs_6_n4_1.json.gz#9036[m=8,idx=3640]: start [0, 0, 0, 0, 0, -1000000, 0, 0, -1000000, 0] best [0, 0, 0, 0, 0, -1000000, 0, 0, -1000000, 0] chain profiles 0 (states 0), maxw 0, DL_RC fails 0, key form fails 0; 7400 evals [1 s]
#   unit {"file": "k4_certs_6_n4_1.json.gz", "pos": 9057} k4_certs_6_n4_1.json.gz#9057[m=8,idx=3661]: start [0, 0, 0, 0, 0, -1000000, 0, 0, -1000000, 0] best [0, 0, 0, 0, 0, -1000000, 0, 0, -1000000, 0] chain profiles 0 (states 0), maxw 0, DL_RC fails 0, key form fails 0; 7400 evals [1 s]
#   unit {"file": "k4_certs_6_n4_1.json.gz", "pos": 9103} k4_certs_6_n4_1.json.gz#9103[m=8,idx=3707]: start [0, 0, 0, 0, 0, -1000000, 0, 0, -1000000, 0] best [0, 0, 0, 0, 0, -1000000, 0, 0, -1000000, 0] chain profiles 0 (states 0), maxw 0, DL_RC fails 0, key form fails 0; 7400 evals [1 s]
#   unit {"file": "k4_certs_6_n4_1.json.gz", "pos": 9168} k4_certs_6_n4_1.json.gz#9168[m=8,idx=3772]: start [0, 0, 0, 0, 0, -1000000, 0, 0, -1000000, 0] best [0, 0, 0, 0, 0, -1000000, 0, 0, -1000000, 0] chain profiles 0 (states 0), maxw 0, DL_RC fails 0, key form fails 0; 7400 evals [1 s]
#   unit {"file": "k4_certs_6_n4_1.json.gz", "pos": 9364} k4_certs_6_n4_1.json.gz#9364[m=8,idx=3968]: start [0, 0, 0, 0, 0, -1000000, 0, 0, -1000000, 0] best [0, 0, 0, 0, 0, -1000000, 0, 0, -1000000, 0] chain profiles 0 (states 0), maxw 0, DL_RC fails 0, key form fails 0; 7400 evals [1 s]
#   unit {"file": "k4_certs_6_n4_1.json.gz", "pos": 9230} k4_certs_6_n4_1.json.gz#9230[m=8,idx=3834]: start [0, 0, 0, 0, 0, -1000000, 0, 0, -1000000, 0] best [0, 0, 0, 0, 0, -1000000, 0, 0, -1000000, 0] chain profiles 0 (states 0), maxw 0, DL_RC fails 0, key form fails 0; 7400 evals [1 s]
#   unit {"file": "k4_certs_6_n4_1.json.gz", "pos": 9373} k4_certs_6_n4_1.json.gz#9373[m=8,idx=3977]: start [0, 0, 0, 0, 0, -1000000, 0, 0, -1000000, 0] best [0, 0, 0, 0, 0, -1000000, 0, 0, -1000000, 0] chain profiles 0 (states 0), maxw 0, DL_RC fails 0, key form fails 0; 7400 evals [1 s]
#   unit {"file": "k4_certs_6_n4_1.json.gz", "pos": 9405} k4_certs_6_n4_1.json.gz#9405[m=8,idx=4009]: start [0, 0, 0, 0, 0, -1000000, 0, 0, -1000000, 0] best [0, 0, 0, 0, 0, -1000000, 0, 0, -1000000, 0] chain profiles 0 (states 0), maxw 0, DL_RC fails 0, key form fails 0; 7400 evals [1 s]
#   unit {"file": "k4_certs_6_n4_1.json.gz", "pos": 9474} k4_certs_6_n4_1.json.gz#9474[m=8,idx=4078]: start [0, 0, 0, 0, 0, -1000000, 0, 0, -1000000, 0] best [0, 0, 0, 0, 0, -1000000, 0, 0, -1000000, 0] chain profiles 0 (states 0), maxw 0, DL_RC fails 0, key form fails 0; 7400 evals [1 s]
#   unit {"file": "k4_certs_6_n4_1.json.gz", "pos": 9528} k4_certs_6_n4_1.json.gz#9528[m=8,idx=4132]: start [0, 0, 0, 0, 0, -1000000, 0, 0, -1000000, 0] best [0, 0, 0, 0, 0, -1000000, 0, 0, -1000000, 0] chain profiles 0 (states 0), maxw 0, DL_RC fails 0, key form fails 0; 7400 evals [1 s]
#   unit {"file": "k4_certs_6_n4_1.json.gz", "pos": 9541} k4_certs_6_n4_1.json.gz#9541[m=8,idx=4145]: start [0, 0, 0, 0, 0, -1000000, 0, 0, -1000000, 0] best [0, 0, 0, 0, 0, -1000000, 0, 0, -1000000, 0] chain profiles 0 (states 0), maxw 0, DL_RC fails 0, key form fails 0; 7400 evals [1 s]
#   unit {"file": "k4_certs_6_n4_1.json.gz", "pos": 9560} k4_certs_6_n4_1.json.gz#9560[m=8,idx=4164]: start [0, 0, 0, 0, 0, -1000000, 0, 0, -1000000, 0] best [0, 0, 0, 0, 0, -1000000, 0, 0, -1000000, 0] chain profiles 0 (states 0), maxw 0, DL_RC fails 0, key form fails 0; 7400 evals [1 s]
#   unit {"file": "k4_certs_6_n4_1.json.gz", "pos": 9617} k4_certs_6_n4_1.json.gz#9617[m=8,idx=4221]: start [0, 0, 0, 0, 0, -1000000, 0, 0, -1000000, 0] best [0, 0, 0, 0, 0, -1000000, 0, 0, -1000000, 0] chain profiles 0 (states 0), maxw 0, DL_RC fails 0, key form fails 0; 7400 evals [1 s]
#   unit {"file": "k4_certs_6_n4_1.json.gz", "pos": 9799} k4_certs_6_n4_1.json.gz#9799[m=8,idx=4403]: start [0, 0, 0, 0, 0, -1000000, 0, 0, -1000000, 0] best [0, 0, 0, 0, 0, -1000000, 0, 0, -1000000, 0] chain profiles 0 (states 0), maxw 0, DL_RC fails 0, key form fails 0; 7400 evals [1 s]
#   unit {"file": "k4_certs_6_n4_1.json.gz", "pos": 9943} k4_certs_6_n4_1.json.gz#9943[m=8,idx=4547]: start [0, 0, 0, 0, 0, -1000000, 0, 0, -1000000, 0] best [0, 0, 0, 0, 0, -1000000, 0, 0, -1000000, 0] chain profiles 0 (states 0), maxw 0, DL_RC fails 0, key form fails 0; 7400 evals [1 s]
#   unit {"file": "k4_certs_6_n4_1.json.gz", "pos": 9972} k4_certs_6_n4_1.json.gz#9972[m=8,idx=4576]: start [0, 0, 0, 0, 0, -1000000, 0, 0, -1000000, 0] best [0, 0, 0, 0, 0, -1000000, 0, 0, -1000000, 0] chain profiles 0 (states 0), maxw 0, DL_RC fails 0, key form fails 0; 7400 evals [1 s]
#   unit {"file": "k4_certs_6_n4_1.json.gz", "pos": 9991} k4_certs_6_n4_1.json.gz#9991[m=8,idx=4595]: start [0, 0, 0, 0, 0, -1000000, 0, 0, -1000000, 0] best [0, 0, 0, 0, 0, -1000000, 0, 0, -1000000, 0] chain profiles 0 (states 0), maxw 0, DL_RC fails 0, key form fails 0; 7400 evals [1 s]
#   unit {"file": "k4_certs_6_n4_1.json.gz", "pos": 10016} k4_certs_6_n4_1.json.gz#10016[m=8,idx=4620]: start [0, 0, 0, 0, 0, -1000000, 0, 0, -1000000, 0] best [0, 0, 0, 0, 0, -1000000, 0, 0, -1000000, 0] chain profiles 0 (states 0), maxw 0, DL_RC fails 0, key form fails 0; 7400 evals [1 s]
#   unit {"file": "k4_certs_6_n4_1.json.gz", "pos": 10031} k4_certs_6_n4_1.json.gz#10031[m=8,idx=4635]: start [0, 0, 0, 0, 0, -1000000, 0, 0, -1000000, 0] best [0, 0, 0, 0, 0, -1000000, 0, 0, -1000000, 0] chain profiles 0 (states 0), maxw 0, DL_RC fails 0, key form fails 0; 7400 evals [1 s]
#   unit {"file": "k4_certs_6_n4_1.json.gz", "pos": 10232} k4_certs_6_n4_1.json.gz#10232[m=8,idx=4836]: start [0, 0, 0, 0, 0, -1000000, 0, 0, -1000000, 0] best [0, 0, 0, 0, 0, -1000000, 0, 0, -1000000, 0] chain profiles 0 (states 0), maxw 0, DL_RC fails 0, key form fails 0; 7400 evals [1 s]
#   unit {"file": "k4_certs_6_n4_1.json.gz", "pos": 10371} k4_certs_6_n4_1.json.gz#10371[m=8,idx=4975]: start [0, 0, 0, 0, 0, -1000000, 0, 0, -1000000, 0] best [0, 0, 0, 0, 0, -1000000, 0, 0, -1000000, 0] chain profiles 0 (states 0), maxw 0, DL_RC fails 0, key form fails 0; 7400 evals [1 s]
#   unit {"file": "k4_certs_6_n4_1.json.gz", "pos": 10430} k4_certs_6_n4_1.json.gz#10430[m=8,idx=5034]: start [0, 0, 0, 0, 0, -1000000, 0, 0, -1000000, 0] best [0, 0, 0, 0, 0, -1000000, 0, 0, -1000000, 0] chain profiles 0 (states 0), maxw 0, DL_RC fails 0, key form fails 0; 7400 evals [1 s]
#   unit {"file": "k4_certs_6_n4_1.json.gz", "pos": 10464} k4_certs_6_n4_1.json.gz#10464[m=8,idx=5068]: start [0, 0, 0, 0, 0, -1000000, 0, 0, -1000000, 0] best [0, 0, 0, 0, 0, -1000000, 0, 0, -1000000, 0] chain profiles 0 (states 0), maxw 0, DL_RC fails 0, key form fails 0; 7400 evals [1 s]
#   unit {"file": "k4_certs_6_n4_1.json.gz", "pos": 10489} k4_certs_6_n4_1.json.gz#10489[m=8,idx=5093]: start [0, 0, 0, 0, 0, -1000000, 0, 0, -1000000, 0] best [0, 0, 0, 0, 0, -1000000, 0, 0, -1000000, 0] chain profiles 0 (states 0), maxw 0, DL_RC fails 0, key form fails 0; 7400 evals [1 s]
#   unit {"file": "k4_certs_6_n4_1.json.gz", "pos": 10465} k4_certs_6_n4_1.json.gz#10465[m=8,idx=5069]: start [0, 0, 0, 0, 0, -1000000, 0, 0, -1000000, 0] best [0, 0, 0, 0, 0, -1000000, 0, 0, -1000000, 0] chain profiles 0 (states 0), maxw 0, DL_RC fails 0, key form fails 0; 7400 evals [1 s]
#   unit {"file": "k4_certs_6_n4_1.json.gz", "pos": 10596} k4_certs_6_n4_1.json.gz#10596[m=8,idx=5200]: start [0, 0, 0, 0, 0, -1000000, 0, 0, -1000000, 0] best [0, 0, 0, 0, 0, -1000000, 0, 0, -1000000, 0] chain profiles 0 (states 0), maxw 0, DL_RC fails 0, key form fails 0; 7400 evals [1 s]
#   unit {"file": "k4_certs_6_n4_1.json.gz", "pos": 10658} k4_certs_6_n4_1.json.gz#10658[m=8,idx=5262]: start [0, 0, 0, 0, 0, -1000000, 0, 0, -1000000, 0] best [0, 0, 0, 0, 0, -1000000, 0, 0, -1000000, 0] chain profiles 0 (states 0), maxw 0, DL_RC fails 0, key form fails 0; 7400 evals [1 s]
#   unit {"file": "k4_certs_6_n4_1.json.gz", "pos": 10795} k4_certs_6_n4_1.json.gz#10795[m=8,idx=5399]: start [0, 0, 0, 0, 0, -1000000, 0, 0, -1000000, 0] best [0, 0, 0, 0, 0, -1000000, 0, 0, -1000000, 0] chain profiles 0 (states 0), maxw 0, DL_RC fails 0, key form fails 0; 7400 evals [1 s]
#   unit {"file": "k4_certs_6_n4_1.json.gz", "pos": 10770} k4_certs_6_n4_1.json.gz#10770[m=8,idx=5374]: start [0, 0, 0, 0, 0, -1000000, 0, 0, -1000000, 0] best [0, 0, 0, 0, 0, -1000000, 0, 0, -1000000, 0] chain profiles 0 (states 0), maxw 0, DL_RC fails 0, key form fails 0; 7400 evals [1 s]
#   unit {"file": "k4_certs_6_n4_1.json.gz", "pos": 10845} k4_certs_6_n4_1.json.gz#10845[m=8,idx=5449]: start [0, 0, 0, 0, 0, -1000000, 0, 0, -1000000, 0] best [0, 0, 0, 0, 0, -1000000, 0, 0, -1000000, 0] chain profiles 0 (states 0), maxw 0, DL_RC fails 0, key form fails 0; 7400 evals [1 s]
#   unit {"file": "k4_certs_6_n4_1.json.gz", "pos": 10908} k4_certs_6_n4_1.json.gz#10908[m=8,idx=5512]: start [0, 0, 0, 0, 0, -1000000, 0, 0, -1000000, 0] best [0, 0, 0, 0, 0, -1000000, 0, 0, -1000000, 0] chain profiles 0 (states 0), maxw 0, DL_RC fails 0, key form fails 0; 7400 evals [1 s]
#   unit {"file": "k4_certs_6_n4_1.json.gz", "pos": 10996} k4_certs_6_n4_1.json.gz#10996[m=8,idx=5600]: start [0, 0, 0, 0, 0, -1000000, 0, 0, -1000000, 0] best [0, 0, 0, 0, 0, -1000000, 0, 0, -1000000, 0] chain profiles 0 (states 0), maxw 0, DL_RC fails 0, key form fails 0; 7400 evals [1 s]
#   unit {"file": "k4_certs_6_n4_1.json.gz", "pos": 11016} k4_certs_6_n4_1.json.gz#11016[m=8,idx=5620]: start [0, 0, 0, 0, 0, -1000000, 0, 0, -1000000, 0] best [0, 0, 0, 0, 0, -1000000, 0, 0, -1000000, 0] chain profiles 0 (states 0), maxw 0, DL_RC fails 0, key form fails 0; 7400 evals [1 s]
#   unit {"file": "k4_certs_6_n4_1.json.gz", "pos": 11022} k4_certs_6_n4_1.json.gz#11022[m=8,idx=5626]: start [0, 0, 0, 0, 0, -1000000, 0, 0, -1000000, 0] best [0, 0, 0, 0, 0, -1000000, 0, 0, -1000000, 0] chain profiles 0 (states 0), maxw 0, DL_RC fails 0, key form fails 0; 7400 evals [1 s]
#   unit {"file": "k4_certs_6_n4_1.json.gz", "pos": 11067} k4_certs_6_n4_1.json.gz#11067[m=8,idx=5671]: start [0, 0, 0, 0, 0, -1000000, 0, 0, -1000000, 0] best [0, 0, 0, 0, 0, -1000000, 0, 0, -1000000, 0] chain profiles 0 (states 0), maxw 0, DL_RC fails 0, key form fails 0; 7400 evals [1 s]
#   unit {"file": "k4_certs_6_n4_1.json.gz", "pos": 11160} k4_certs_6_n4_1.json.gz#11160[m=8,idx=5764]: start [0, 0, 0, 0, 0, -1000000, 0, 0, -1000000, 0] best [0, 0, 0, 0, 0, -1000000, 0, 0, -1000000, 0] chain profiles 0 (states 0), maxw 0, DL_RC fails 0, key form fails 0; 7400 evals [1 s]
#   unit {"file": "k4_certs_6_n4_1.json.gz", "pos": 11255} k4_certs_6_n4_1.json.gz#11255[m=8,idx=5859]: start [0, 0, 0, 0, 0, -1000000, 0, 0, -1000000, 0] best [0, 0, 0, 0, 0, -1000000, 0, 0, -1000000, 0] chain profiles 0 (states 0), maxw 0, DL_RC fails 0, key form fails 0; 7400 evals [1 s]
#   unit {"file": "k4_certs_6_n4_1.json.gz", "pos": 11272} k4_certs_6_n4_1.json.gz#11272[m=8,idx=5876]: start [0, 0, 0, 0, 0, -1000000, 0, 0, -1000000, 0] best [0, 0, 0, 0, 0, -1000000, 0, 0, -1000000, 0] chain profiles 0 (states 0), maxw 0, DL_RC fails 0, key form fails 0; 7400 evals [1 s]
#   unit {"file": "k4_certs_6_n4_1.json.gz", "pos": 11481} k4_certs_6_n4_1.json.gz#11481[m=8,idx=6085]: start [0, 0, 0, 0, 0, -1000000, 0, 0, -1000000, 0] best [0, 0, 0, 0, 0, -1000000, 0, 0, -1000000, 0] chain profiles 0 (states 0), maxw 0, DL_RC fails 0, key form fails 0; 7400 evals [1 s]
#   unit {"file": "k4_certs_6_n4_1.json.gz", "pos": 11710} k4_certs_6_n4_1.json.gz#11710[m=8,idx=6314]: start [0, 0, 0, 0, 0, -1000000, 0, 0, -1000000, 0] best [0, 0, 0, 0, 0, -1000000, 0, 0, -1000000, 0] chain profiles 0 (states 0), maxw 0, DL_RC fails 0, key form fails 0; 7400 evals [1 s]
#   unit {"file": "k4_certs_6_n4_1.json.gz", "pos": 11801} k4_certs_6_n4_1.json.gz#11801[m=8,idx=6405]: start [0, 0, 0, 0, 0, -1000000, 0, 0, -1000000, 0] best [0, 0, 0, 0, 0, -1000000, 0, 0, -1000000, 0] chain profiles 0 (states 0), maxw 0, DL_RC fails 0, key form fails 0; 7400 evals [1 s]
#   unit {"file": "k4_certs_6_n4_1.json.gz", "pos": 11808} k4_certs_6_n4_1.json.gz#11808[m=8,idx=6412]: start [0, 0, 0, 0, 0, -1000000, 0, 0, -1000000, 0] best [0, 0, 0, 0, 0, -1000000, 0, 0, -1000000, 0] chain profiles 0 (states 0), maxw 0, DL_RC fails 0, key form fails 0; 7400 evals [1 s]
#   unit {"file": "k4_certs_6_n4_1.json.gz", "pos": 11830} k4_certs_6_n4_1.json.gz#11830[m=8,idx=6434]: start [0, 0, 0, 0, 0, -1000000, 0, 0, -1000000, 0] best [0, 0, 0, 0, 0, -1000000, 0, 0, -1000000, 0] chain profiles 0 (states 0), maxw 0, DL_RC fails 0, key form fails 0; 7400 evals [1 s]
#   unit {"file": "k4_certs_6_n4_1.json.gz", "pos": 11841} k4_certs_6_n4_1.json.gz#11841[m=8,idx=6445]: start [0, 0, 0, 0, 0, -1000000, 0, 0, -1000000, 0] best [0, 0, 0, 0, 0, -1000000, 0, 0, -1000000, 0] chain profiles 0 (states 0), maxw 0, DL_RC fails 0, key form fails 0; 7400 evals [1 s]
#   unit {"file": "k4_certs_6_n4_1.json.gz", "pos": 11861} k4_certs_6_n4_1.json.gz#11861[m=8,idx=6465]: start [0, 0, 0, 0, 0, -1000000, 0, 0, -1000000, 0] best [0, 0, 0, 0, 0, -1000000, 0, 0, -1000000, 0] chain profiles 0 (states 0), maxw 0, DL_RC fails 0, key form fails 0; 7400 evals [1 s]
#   unit {"file": "k4_certs_6_n4_1.json.gz", "pos": 11862} k4_certs_6_n4_1.json.gz#11862[m=8,idx=6466]: start [0, 0, 0, 0, 0, -1000000, 0, 0, -1000000, 0] best [0, 0, 0, 0, 0, -1000000, 0, 0, -1000000, 0] chain profiles 0 (states 0), maxw 0, DL_RC fails 0, key form fails 0; 7400 evals [1 s]
#   unit {"file": "k4_certs_6_n4_1.json.gz", "pos": 11863} k4_certs_6_n4_1.json.gz#11863[m=8,idx=6467]: start [0, 0, 0, 0, 0, -1000000, 0, 0, -1000000, 0] best [0, 0, 0, 0, 0, -1000000, 0, 0, -1000000, 0] chain profiles 0 (states 0), maxw 0, DL_RC fails 0, key form fails 0; 7400 evals [1 s]
#   unit {"file": "k4_certs_6_n4_1.json.gz", "pos": 11866} k4_certs_6_n4_1.json.gz#11866[m=8,idx=6470]: start [0, 0, 0, 0, 0, -1000000, 0, 0, -1000000, 0] best [0, 0, 0, 0, 0, -1000000, 0, 0, -1000000, 0] chain profiles 0 (states 0), maxw 0, DL_RC fails 0, key form fails 0; 7400 evals [1 s]
#   unit {"file": "k4_certs_6_n4_1.json.gz", "pos": 11890} k4_certs_6_n4_1.json.gz#11890[m=8,idx=6494]: start [0, 0, 0, 0, 0, -1000000, 0, 0, -1000000, 0] best [0, 0, 0, 0, 0, -1000000, 0, 0, -1000000, 0] chain profiles 0 (states 0), maxw 0, DL_RC fails 0, key form fails 0; 7400 evals [1 s]
#   unit {"file": "k4_certs_6_n4_1.json.gz", "pos": 11909} k4_certs_6_n4_1.json.gz#11909[m=8,idx=6513]: start [0, 0, 0, 0, 0, -1000000, 0, 0, -1000000, 0] best [0, 0, 0, 0, 0, -1000000, 0, 0, -1000000, 0] chain profiles 0 (states 0), maxw 0, DL_RC fails 0, key form fails 0; 7400 evals [1 s]
#   unit {"file": "k4_certs_6_n4_1.json.gz", "pos": 11936} k4_certs_6_n4_1.json.gz#11936[m=8,idx=6540]: start [0, 0, 0, 0, 0, -1000000, 0, 0, -1000000, 0] best [0, 0, 0, 0, 0, -1000000, 0, 0, -1000000, 0] chain profiles 0 (states 0), maxw 0, DL_RC fails 0, key form fails 0; 7400 evals [1 s]
#   unit {"file": "k4_certs_6_n4_1.json.gz", "pos": 12008} k4_certs_6_n4_1.json.gz#12008[m=8,idx=6612]: start [0, 0, 0, 0, 0, -1000000, 0, 0, -1000000, 0] best [0, 0, 0, 0, 0, -1000000, 0, 0, -1000000, 0] chain profiles 0 (states 0), maxw 0, DL_RC fails 0, key form fails 0; 7400 evals [1 s]
#   unit {"file": "k4_certs_6_n4_1.json.gz", "pos": 12030} k4_certs_6_n4_1.json.gz#12030[m=8,idx=6634]: start [0, 0, 0, 0, 0, -1000000, 0, 0, -1000000, 0] best [0, 0, 0, 0, 0, -1000000, 0, 0, -1000000, 0] chain profiles 0 (states 0), maxw 0, DL_RC fails 0, key form fails 0; 7400 evals [1 s]
#   unit {"file": "k4_certs_6_n4_1.json.gz", "pos": 12046} k4_certs_6_n4_1.json.gz#12046[m=8,idx=6650]: start [0, 0, 0, 0, 0, -1000000, 0, 0, -1000000, 0] best [0, 0, 0, 0, 0, -1000000, 0, 0, -1000000, 0] chain profiles 0 (states 0), maxw 0, DL_RC fails 0, key form fails 0; 7400 evals [1 s]
#   unit {"file": "k4_certs_6_n4_1.json.gz", "pos": 12140} k4_certs_6_n4_1.json.gz#12140[m=8,idx=6744]: start [0, 0, 0, 0, 0, -1000000, 0, 0, -1000000, 0] best [0, 0, 0, 0, 0, -1000000, 0, 0, -1000000, 0] chain profiles 0 (states 0), maxw 0, DL_RC fails 0, key form fails 0; 7400 evals [1 s]
#   unit {"file": "k4_certs_6_n4_1.json.gz", "pos": 12153} k4_certs_6_n4_1.json.gz#12153[m=8,idx=6757]: start [0, 0, 0, 0, 0, -1000000, 0, 0, -1000000, 0] best [0, 0, 0, 0, 0, -1000000, 0, 0, -1000000, 0] chain profiles 0 (states 0), maxw 0, DL_RC fails 0, key form fails 0; 7400 evals [1 s]
#   unit {"file": "k4_certs_6_n4_1.json.gz", "pos": 12154} k4_certs_6_n4_1.json.gz#12154[m=8,idx=6758]: start [0, 0, 0, 0, 0, -1000000, 0, 0, -1000000, 0] best [0, 0, 0, 0, 0, -1000000, 0, 0, -1000000, 0] chain profiles 0 (states 0), maxw 0, DL_RC fails 0, key form fails 0; 7400 evals [1 s]
#   unit {"file": "k4_certs_6_n4_1.json.gz", "pos": 12156} k4_certs_6_n4_1.json.gz#12156[m=8,idx=6760]: start [0, 0, 0, 0, 0, -1000000, 0, 0, -1000000, 0] best [0, 0, 0, 0, 0, -1000000, 0, 0, -1000000, 0] chain profiles 0 (states 0), maxw 0, DL_RC fails 0, key form fails 0; 7400 evals [1 s]
#   unit {"file": "k4_certs_6_n4_1.json.gz", "pos": 12171} k4_certs_6_n4_1.json.gz#12171[m=8,idx=6775]: start [0, 0, 0, 0, 0, -1000000, 0, 0, -1000000, 0] best [0, 0, 0, 0, 0, -1000000, 0, 0, -1000000, 0] chain profiles 0 (states 0), maxw 0, DL_RC fails 0, key form fails 0; 7400 evals [1 s]
#   unit {"file": "k4_certs_6_n4_1.json.gz", "pos": 12197} k4_certs_6_n4_1.json.gz#12197[m=8,idx=6801]: start [0, 0, 0, 0, 0, -1000000, 0, 0, -1000000, 0] best [0, 0, 0, 0, 0, -1000000, 0, 0, -1000000, 0] chain profiles 0 (states 0), maxw 0, DL_RC fails 0, key form fails 0; 7400 evals [1 s]
#   unit {"file": "k4_certs_6_n4_1.json.gz", "pos": 12227} k4_certs_6_n4_1.json.gz#12227[m=8,idx=6831]: start [0, 0, 0, 0, 0, -1000000, 0, 0, -1000000, 0] best [0, 0, 0, 0, 0, -1000000, 0, 0, -1000000, 0] chain profiles 0 (states 0), maxw 0, DL_RC fails 0, key form fails 0; 7400 evals [1 s]
#   unit {"file": "k4_certs_6_n4_1.json.gz", "pos": 12275} k4_certs_6_n4_1.json.gz#12275[m=8,idx=6879]: start [0, 0, 0, 0, 0, -1000000, 0, 0, -1000000, 0] best [0, 0, 0, 0, 0, -1000000, 0, 0, -1000000, 0] chain profiles 0 (states 0), maxw 0, DL_RC fails 0, key form fails 0; 7400 evals [1 s]
#   unit {"file": "k4_certs_6_n4_1.json.gz", "pos": 12322} k4_certs_6_n4_1.json.gz#12322[m=8,idx=6926]: start [0, 0, 0, 0, 0, -1000000, 0, 0, -1000000, 0] best [0, 0, 0, 0, 0, -1000000, 0, 0, -1000000, 0] chain profiles 0 (states 0), maxw 0, DL_RC fails 0, key form fails 0; 7400 evals [1 s]
#   unit {"file": "k4_certs_6_n4_1.json.gz", "pos": 12366} k4_certs_6_n4_1.json.gz#12366[m=8,idx=6970]: start [0, 0, 0, 0, 0, -1000000, 0, 0, -1000000, 0] best [0, 0, 0, 0, 0, -1000000, 0, 0, -1000000, 0] chain profiles 0 (states 0), maxw 0, DL_RC fails 0, key form fails 0; 7400 evals [1 s]
#   unit {"file": "k4_certs_6_n4_1.json.gz", "pos": 12369} k4_certs_6_n4_1.json.gz#12369[m=8,idx=6973]: start [0, 0, 0, 0, 0, -1000000, 0, 0, -1000000, 0] best [0, 0, 0, 0, 0, -1000000, 0, 0, -1000000, 0] chain profiles 0 (states 0), maxw 0, DL_RC fails 0, key form fails 0; 7400 evals [1 s]
#   unit {"file": "k4_certs_6_n4_1.json.gz", "pos": 12445} k4_certs_6_n4_1.json.gz#12445[m=8,idx=7049]: start [0, 0, 0, 0, 0, -1000000, 0, 0, -1000000, 0] best [0, 0, 0, 0, 0, -1000000, 0, 0, -1000000, 0] chain profiles 0 (states 0), maxw 0, DL_RC fails 0, key form fails 0; 7400 evals [1 s]
#   unit {"file": "k4_certs_6_n4_1.json.gz", "pos": 12452} k4_certs_6_n4_1.json.gz#12452[m=8,idx=7056]: start [0, 0, 0, 0, 0, -1000000, 0, 0, -1000000, 0] best [0, 0, 0, 0, 0, -1000000, 0, 0, -1000000, 0] chain profiles 0 (states 0), maxw 0, DL_RC fails 0, key form fails 0; 7400 evals [1 s]
#   unit {"file": "k4_certs_6_n4_1.json.gz", "pos": 12487} k4_certs_6_n4_1.json.gz#12487[m=8,idx=7091]: start [0, 0, 0, 0, 0, -1000000, 0, 0, -1000000, 0] best [0, 0, 0, 0, 0, -1000000, 0, 0, -1000000, 0] chain profiles 0 (states 0), maxw 0, DL_RC fails 0, key form fails 0; 7400 evals [1 s]
#   unit {"file": "k4_certs_6_n4_1.json.gz", "pos": 12465} k4_certs_6_n4_1.json.gz#12465[m=8,idx=7069]: start [0, 0, 0, 0, 0, -1000000, 0, 0, -1000000, 0] best [0, 0, 0, 0, 0, -1000000, 0, 0, -1000000, 0] chain profiles 0 (states 0), maxw 0, DL_RC fails 0, key form fails 0; 7400 evals [1 s]
#   unit {"file": "k4_certs_6_n4_1.json.gz", "pos": 12579} k4_certs_6_n4_1.json.gz#12579[m=8,idx=7183]: start [0, 0, 0, 0, 0, -1000000, 0, 0, -1000000, 0] best [0, 0, 0, 0, 0, -1000000, 0, 0, -1000000, 0] chain profiles 0 (states 0), maxw 0, DL_RC fails 0, key form fails 0; 7400 evals [1 s]
#   unit {"file": "k4_certs_6_n4_1.json.gz", "pos": 12605} k4_certs_6_n4_1.json.gz#12605[m=8,idx=7209]: start [0, 0, 0, 0, 0, -1000000, 0, 0, -1000000, 0] best [0, 0, 0, 0, 0, -1000000, 0, 0, -1000000, 0] chain profiles 0 (states 0), maxw 0, DL_RC fails 0, key form fails 0; 7400 evals [1 s]
#   unit {"file": "k4_certs_6_n4_1.json.gz", "pos": 12670} k4_certs_6_n4_1.json.gz#12670[m=8,idx=7274]: start [0, 0, 0, 0, 0, -1000000, 0, 0, -1000000, 0] best [0, 0, 0, 0, 0, -1000000, 0, 0, -1000000, 0] chain profiles 0 (states 0), maxw 0, DL_RC fails 0, key form fails 0; 7400 evals [1 s]
#   unit {"file": "k4_certs_6_n4_1.json.gz", "pos": 12724} k4_certs_6_n4_1.json.gz#12724[m=8,idx=7328]: start [0, 0, 0, 0, 0, -1000000, 0, 0, -1000000, 0] best [0, 0, 0, 0, 0, -1000000, 0, 0, -1000000, 0] chain profiles 0 (states 0), maxw 0, DL_RC fails 0, key form fails 0; 7400 evals [1 s]
#   unit {"file": "k4_certs_6_n4_1.json.gz", "pos": 12725} k4_certs_6_n4_1.json.gz#12725[m=8,idx=7329]: start [0, 0, 0, 0, 0, -1000000, 0, 0, -1000000, 0] best [0, 0, 0, 0, 0, -1000000, 0, 0, -1000000, 0] chain profiles 0 (states 0), maxw 0, DL_RC fails 0, key form fails 0; 7400 evals [1 s]
#   unit {"file": "k4_certs_6_n4_1.json.gz", "pos": 12752} k4_certs_6_n4_1.json.gz#12752[m=8,idx=7356]: start [0, 0, 0, 0, 0, -1000000, 0, 0, -1000000, 0] best [0, 0, 0, 0, 0, -1000000, 0, 0, -1000000, 0] chain profiles 0 (states 0), maxw 0, DL_RC fails 0, key form fails 0; 7400 evals [1 s]
#   unit {"file": "k4_certs_6_n4_1.json.gz", "pos": 12768} k4_certs_6_n4_1.json.gz#12768[m=8,idx=7372]: start [0, 0, 0, 0, 0, -1000000, 0, 0, -1000000, 0] best [0, 0, 0, 0, 0, -1000000, 0, 0, -1000000, 0] chain profiles 0 (states 0), maxw 0, DL_RC fails 0, key form fails 0; 7400 evals [1 s]
#   unit {"file": "k4_certs_6_n4_1.json.gz", "pos": 12882} k4_certs_6_n4_1.json.gz#12882[m=8,idx=7486]: start [0, 0, 0, 0, 0, -1000000, 0, 0, -1000000, 0] best [0, 0, 0, 0, 0, -1000000, 0, 0, -1000000, 0] chain profiles 0 (states 0), maxw 0, DL_RC fails 0, key form fails 0; 7400 evals [1 s]
#   unit {"file": "k4_certs_6_n4_1.json.gz", "pos": 13025} k4_certs_6_n4_1.json.gz#13025[m=8,idx=7629]: start [0, 0, 0, 0, 0, -1000000, 0, 0, -1000000, 0] best [0, 0, 0, 0, 0, -1000000, 0, 0, -1000000, 0] chain profiles 0 (states 0), maxw 0, DL_RC fails 0, key form fails 0; 7400 evals [1 s]
#   unit {"file": "k4_certs_6_n4_1.json.gz", "pos": 13050} k4_certs_6_n4_1.json.gz#13050[m=8,idx=7654]: start [0, 0, 0, 0, 0, -1000000, 0, 0, -1000000, 0] best [0, 0, 0, 0, 0, -1000000, 0, 0, -1000000, 0] chain profiles 0 (states 0), maxw 0, DL_RC fails 0, key form fails 0; 7400 evals [1 s]
#   unit {"file": "k4_certs_6_n4_1.json.gz", "pos": 13033} k4_certs_6_n4_1.json.gz#13033[m=8,idx=7637]: start [0, 0, 0, 0, 0, -1000000, 0, 0, -1000000, 0] best [0, 0, 0, 0, 0, -1000000, 0, 0, -1000000, 0] chain profiles 0 (states 0), maxw 0, DL_RC fails 0, key form fails 0; 7400 evals [1 s]
#   unit {"file": "k4_certs_6_n4_1.json.gz", "pos": 13095} k4_certs_6_n4_1.json.gz#13095[m=8,idx=7699]: start [0, 0, 0, 0, 0, -1000000, 0, 0, -1000000, 0] best [0, 0, 0, 0, 0, -1000000, 0, 0, -1000000, 0] chain profiles 0 (states 0), maxw 0, DL_RC fails 0, key form fails 0; 7400 evals [1 s]
#   unit {"file": "k4_certs_6_n4_1.json.gz", "pos": 13331} k4_certs_6_n4_1.json.gz#13331[m=8,idx=7935]: start [0, 0, 0, 0, 0, -1000000, 0, 0, -1000000, 0] best [0, 0, 0, 0, 0, -1000000, 0, 0, -1000000, 0] chain profiles 0 (states 0), maxw 0, DL_RC fails 0, key form fails 0; 7400 evals [1 s]
#   unit {"file": "k4_certs_6_n4_1.json.gz", "pos": 13357} k4_certs_6_n4_1.json.gz#13357[m=8,idx=7961]: start [0, 0, 0, 0, 0, -1000000, 0, 0, -1000000, 0] best [0, 0, 0, 0, 0, -1000000, 0, 0, -1000000, 0] chain profiles 0 (states 0), maxw 0, DL_RC fails 0, key form fails 0; 7400 evals [1 s]
#   unit {"file": "k4_certs_6_n4_1.json.gz", "pos": 13404} k4_certs_6_n4_1.json.gz#13404[m=8,idx=8008]: start [0, 0, 0, 0, 0, -1000000, 0, 0, -1000000, 0] best [0, 0, 0, 0, 0, -1000000, 0, 0, -1000000, 0] chain profiles 0 (states 0), maxw 0, DL_RC fails 0, key form fails 0; 7400 evals [1 s]
#   unit {"file": "k4_certs_6_n4_1.json.gz", "pos": 13433} k4_certs_6_n4_1.json.gz#13433[m=9,idx=1]: start [0, 0, 0, 0, 0, -1000000, 0, 0, -1000000, 0] best [0, 0, 0, 0, 0, -1000000, 0, 0, -1000000, 0] chain profiles 0 (states 0), maxw 0, DL_RC fails 0, key form fails 0; 7400 evals [1 s]
#   unit {"file": "k4_certs_6_n4_1.json.gz", "pos": 13453} k4_certs_6_n4_1.json.gz#13453[m=9,idx=21]: start [0, 0, 0, 0, 0, -1000000, 0, 0, -1000000, 0] best [0, 0, 0, 0, 0, -1000000, 0, 0, -1000000, 0] chain profiles 0 (states 0), maxw 0, DL_RC fails 0, key form fails 0; 7400 evals [1 s]
#   unit {"file": "k4_certs_6_n4_1.json.gz", "pos": 13495} k4_certs_6_n4_1.json.gz#13495[m=9,idx=63]: start [0, 0, 0, 0, 0, -1000000, 0, 0, -1000000, 0] best [0, 0, 0, 0, 0, -1000000, 0, 0, -1000000, 0] chain profiles 0 (states 0), maxw 0, DL_RC fails 0, key form fails 0; 7400 evals [1 s]
#   unit {"file": "k4_certs_6_n4_1.json.gz", "pos": 13566} k4_certs_6_n4_1.json.gz#13566[m=9,idx=134]: start [0, 0, 0, 0, 0, -1000000, 0, 0, -1000000, 0] best [0, 0, 0, 0, 0, -1000000, 0, 0, -1000000, 0] chain profiles 0 (states 0), maxw 0, DL_RC fails 0, key form fails 0; 7400 evals [1 s]
#   unit {"file": "k4_certs_6_n4_1.json.gz", "pos": 13683} k4_certs_6_n4_1.json.gz#13683[m=9,idx=251]: start [0, 0, 0, 0, 0, -1000000, 0, 0, -1000000, 0] best [0, 0, 0, 0, 0, -1000000, 0, 0, -1000000, 0] chain profiles 0 (states 0), maxw 0, DL_RC fails 0, key form fails 0; 7400 evals [1 s]
#   unit {"file": "k4_certs_6_n4_1.json.gz", "pos": 13734} k4_certs_6_n4_1.json.gz#13734[m=9,idx=302]: start [0, 0, 0, 0, 0, -1000000, 0, 0, -1000000, 0] best [0, 0, 0, 0, 0, -1000000, 0, 0, -1000000, 0] chain profiles 0 (states 0), maxw 0, DL_RC fails 0, key form fails 0; 7400 evals [1 s]
#   unit {"file": "k4_certs_6_n4_1.json.gz", "pos": 13736} k4_certs_6_n4_1.json.gz#13736[m=9,idx=304]: start [0, 0, 0, 0, 0, -1000000, 0, 0, -1000000, 0] best [0, 0, 0, 0, 0, -1000000, 0, 0, -1000000, 0] chain profiles 0 (states 0), maxw 0, DL_RC fails 0, key form fails 0; 7400 evals [1 s]
#   unit {"file": "k4_certs_6_n4_1.json.gz", "pos": 13819} k4_certs_6_n4_1.json.gz#13819[m=9,idx=387]: start [0, 0, 0, 0, 0, -1000000, 0, 0, -1000000, 0] best [0, 0, 0, 0, 0, -1000000, 0, 0, -1000000, 0] chain profiles 0 (states 0), maxw 0, DL_RC fails 0, key form fails 0; 7400 evals [1 s]
#   unit {"file": "k4_certs_6_n4_1.json.gz", "pos": 13831} k4_certs_6_n4_1.json.gz#13831[m=9,idx=399]: start [0, 0, 0, 0, 0, -1000000, 0, 0, -1000000, 0] best [0, 0, 0, 0, 0, -1000000, 0, 0, -1000000, 0] chain profiles 0 (states 0), maxw 0, DL_RC fails 0, key form fails 0; 7400 evals [1 s]
#   unit {"file": "k4_certs_6_n4_1.json.gz", "pos": 13857} k4_certs_6_n4_1.json.gz#13857[m=9,idx=425]: start [0, 0, 0, 0, 0, -1000000, 0, 0, -1000000, 0] best [0, 0, 0, 0, 0, -1000000, 0, 0, -1000000, 0] chain profiles 0 (states 0), maxw 0, DL_RC fails 0, key form fails 0; 7400 evals [1 s]
#   unit {"file": "k4_certs_6_n4_1.json.gz", "pos": 13916} k4_certs_6_n4_1.json.gz#13916[m=9,idx=484]: start [0, 0, 0, 0, 0, -1000000, 0, 0, -1000000, 0] best [0, 0, 0, 0, 0, -1000000, 0, 0, -1000000, 0] chain profiles 0 (states 0), maxw 0, DL_RC fails 0, key form fails 0; 7400 evals [1 s]
#   unit {"file": "k4_certs_6_n4_1.json.gz", "pos": 13972} k4_certs_6_n4_1.json.gz#13972[m=9,idx=540]: start [0, 0, 0, 0, 0, -1000000, 0, 0, -1000000, 0] best [0, 0, 0, 0, 0, -1000000, 0, 0, -1000000, 0] chain profiles 0 (states 0), maxw 0, DL_RC fails 0, key form fails 0; 7400 evals [1 s]
#   unit {"file": "k4_certs_6_n4_1.json.gz", "pos": 13937} k4_certs_6_n4_1.json.gz#13937[m=9,idx=505]: start [0, 0, 0, 0, 0, -1000000, 0, 0, -1000000, 0] best [0, 0, 0, 0, 0, -1000000, 0, 0, -1000000, 0] chain profiles 0 (states 0), maxw 0, DL_RC fails 0, key form fails 0; 7400 evals [1 s]
#   unit {"file": "k4_certs_6_n4_1.json.gz", "pos": 14060} k4_certs_6_n4_1.json.gz#14060[m=9,idx=628]: start [0, 0, 0, 0, 0, -1000000, 0, 0, -1000000, 0] best [0, 0, 0, 0, 0, -1000000, 0, 0, -1000000, 0] chain profiles 0 (states 0), maxw 0, DL_RC fails 0, key form fails 0; 7400 evals [1 s]
#   unit {"file": "k4_certs_6_n4_1.json.gz", "pos": 14080} k4_certs_6_n4_1.json.gz#14080[m=9,idx=648]: start [0, 0, 0, 0, 0, -1000000, 0, 0, -1000000, 0] best [0, 0, 0, 0, 0, -1000000, 0, 0, -1000000, 0] chain profiles 0 (states 0), maxw 0, DL_RC fails 0, key form fails 0; 7400 evals [1 s]
#   unit {"file": "k4_certs_6_n4_1.json.gz", "pos": 14113} k4_certs_6_n4_1.json.gz#14113[m=9,idx=681]: start [0, 0, 0, 0, 0, -1000000, 0, 0, -1000000, 0] best [0, 0, 0, 0, 0, -1000000, 0, 0, -1000000, 0] chain profiles 0 (states 0), maxw 0, DL_RC fails 0, key form fails 0; 7400 evals [1 s]
#   unit {"file": "k4_certs_6_n4_1.json.gz", "pos": 14189} k4_certs_6_n4_1.json.gz#14189[m=9,idx=757]: start [0, 0, 0, 0, 0, -1000000, 0, 0, -1000000, 0] best [0, 0, 0, 0, 0, -1000000, 0, 0, -1000000, 0] chain profiles 0 (states 0), maxw 0, DL_RC fails 0, key form fails 0; 7400 evals [1 s]
#   unit {"file": "k4_certs_6_n4_1.json.gz", "pos": 14274} k4_certs_6_n4_1.json.gz#14274[m=9,idx=842]: start [0, 0, 0, 0, 0, -1000000, 0, 0, -1000000, 0] best [0, 0, 0, 0, 0, -1000000, 0, 0, -1000000, 0] chain profiles 0 (states 0), maxw 0, DL_RC fails 0, key form fails 0; 7400 evals [1 s]
#   unit {"file": "k4_certs_6_n4_1.json.gz", "pos": 14350} k4_certs_6_n4_1.json.gz#14350[m=9,idx=918]: start [0, 0, 0, 0, 0, -1000000, 0, 0, -1000000, 0] best [0, 0, 0, 0, 0, -1000000, 0, 0, -1000000, 0] chain profiles 0 (states 0), maxw 0, DL_RC fails 0, key form fails 0; 7400 evals [1 s]
#   unit {"file": "k4_certs_6_n4_1.json.gz", "pos": 14400} k4_certs_6_n4_1.json.gz#14400[m=9,idx=968]: start [0, 0, 0, 0, 0, -1000000, 0, 0, -1000000, 0] best [0, 0, 0, 0, 0, -1000000, 0, 0, -1000000, 0] chain profiles 0 (states 0), maxw 0, DL_RC fails 0, key form fails 0; 7400 evals [1 s]
#   unit {"file": "k4_certs_6_n4_1.json.gz", "pos": 14446} k4_certs_6_n4_1.json.gz#14446[m=9,idx=1014]: start [0, 0, 0, 0, 0, -1000000, 0, 0, -1000000, 0] best [0, 0, 0, 0, 0, -1000000, 0, 0, -1000000, 0] chain profiles 0 (states 0), maxw 0, DL_RC fails 0, key form fails 0; 7400 evals [1 s]
#   unit {"file": "k4_certs_6_n4_1.json.gz", "pos": 14448} k4_certs_6_n4_1.json.gz#14448[m=9,idx=1016]: start [0, 0, 0, 0, 0, -1000000, 0, 0, -1000000, 0] best [0, 0, 0, 0, 0, -1000000, 0, 0, -1000000, 0] chain profiles 0 (states 0), maxw 0, DL_RC fails 0, key form fails 0; 7400 evals [1 s]
#   unit {"file": "k4_certs_6_n4_1.json.gz", "pos": 14458} k4_certs_6_n4_1.json.gz#14458[m=9,idx=1026]: start [0, 0, 0, 0, 0, -1000000, 0, 0, -1000000, 0] best [0, 0, 0, 0, 0, -1000000, 0, 0, -1000000, 0] chain profiles 0 (states 0), maxw 0, DL_RC fails 0, key form fails 0; 7400 evals [1 s]
#   unit {"file": "k4_certs_6_n4_1.json.gz", "pos": 14528} k4_certs_6_n4_1.json.gz#14528[m=9,idx=1096]: start [0, 0, 0, 0, 0, -1000000, 0, 0, -1000000, 0] best [0, 0, 0, 0, 0, -1000000, 0, 0, -1000000, 0] chain profiles 0 (states 0), maxw 0, DL_RC fails 0, key form fails 0; 7400 evals [1 s]
#   unit {"file": "k4_certs_6_n4_1.json.gz", "pos": 14556} k4_certs_6_n4_1.json.gz#14556[m=9,idx=1124]: start [0, 0, 0, 0, 0, -1000000, 0, 0, -1000000, 0] best [0, 0, 0, 0, 0, -1000000, 0, 0, -1000000, 0] chain profiles 0 (states 0), maxw 0, DL_RC fails 0, key form fails 0; 7400 evals [1 s]
#   unit {"file": "k4_certs_6_n4_1.json.gz", "pos": 14588} k4_certs_6_n4_1.json.gz#14588[m=9,idx=1156]: start [0, 0, 0, 0, 0, -1000000, 0, 0, -1000000, 0] best [0, 0, 0, 0, 0, -1000000, 0, 0, -1000000, 0] chain profiles 0 (states 0), maxw 0, DL_RC fails 0, key form fails 0; 7400 evals [1 s]
#   unit {"file": "k4_certs_6_n4_1.json.gz", "pos": 14618} k4_certs_6_n4_1.json.gz#14618[m=9,idx=1186]: start [0, 0, 0, 0, 0, -1000000, 0, 0, -1000000, 0] best [0, 0, 0, 0, 0, -1000000, 0, 0, -1000000, 0] chain profiles 0 (states 0), maxw 0, DL_RC fails 0, key form fails 0; 7400 evals [1 s]
#   unit {"file": "k4_certs_6_n4_1.json.gz", "pos": 14649} k4_certs_6_n4_1.json.gz#14649[m=9,idx=1217]: start [0, 0, 0, 0, 0, -1000000, 0, 0, -1000000, 0] best [0, 0, 0, 0, 0, -1000000, 0, 0, -1000000, 0] chain profiles 0 (states 0), maxw 0, DL_RC fails 0, key form fails 0; 7400 evals [1 s]
#   unit {"file": "k4_certs_6_n4_1.json.gz", "pos": 14653} k4_certs_6_n4_1.json.gz#14653[m=9,idx=1221]: start [0, 0, 0, 0, 0, -1000000, 0, 0, -1000000, 0] best [0, 0, 0, 0, 0, -1000000, 0, 0, -1000000, 0] chain profiles 0 (states 0), maxw 0, DL_RC fails 0, key form fails 0; 7400 evals [1 s]
#   unit {"file": "k4_certs_6_n4_1.json.gz", "pos": 14693} k4_certs_6_n4_1.json.gz#14693[m=9,idx=1261]: start [0, 0, 0, 0, 0, -1000000, 0, 0, -1000000, 0] best [0, 0, 0, 0, 0, -1000000, 0, 0, -1000000, 0] chain profiles 0 (states 0), maxw 0, DL_RC fails 0, key form fails 0; 7400 evals [1 s]
#   unit {"file": "k4_certs_6_n4_1.json.gz", "pos": 14724} k4_certs_6_n4_1.json.gz#14724[m=9,idx=1292]: start [0, 0, 0, 0, 0, -1000000, 0, 0, -1000000, 0] best [0, 0, 0, 0, 0, -1000000, 0, 0, -1000000, 0] chain profiles 0 (states 0), maxw 0, DL_RC fails 0, key form fails 0; 7400 evals [1 s]
#   unit {"file": "k4_certs_6_n4_1.json.gz", "pos": 14790} k4_certs_6_n4_1.json.gz#14790[m=9,idx=1358]: start [0, 0, 0, 0, 0, -1000000, 0, 0, -1000000, 0] best [0, 0, 0, 0, 0, -1000000, 0, 0, -1000000, 0] chain profiles 0 (states 0), maxw 0, DL_RC fails 0, key form fails 0; 7400 evals [1 s]
#   unit {"file": "k4_certs_6_n4_1.json.gz", "pos": 14795} k4_certs_6_n4_1.json.gz#14795[m=9,idx=1363]: start [0, 0, 0, 0, 0, -1000000, 0, 0, -1000000, 0] best [0, 0, 0, 0, 0, -1000000, 0, 0, -1000000, 0] chain profiles 0 (states 0), maxw 0, DL_RC fails 0, key form fails 0; 7400 evals [1 s]
#   unit {"file": "k4_certs_6_n4_1.json.gz", "pos": 14810} k4_certs_6_n4_1.json.gz#14810[m=9,idx=1378]: start [0, 0, 0, 0, 0, -1000000, 0, 0, -1000000, 0] best [0, 0, 0, 0, 0, -1000000, 0, 0, -1000000, 0] chain profiles 0 (states 0), maxw 0, DL_RC fails 0, key form fails 0; 7400 evals [1 s]
#   unit {"file": "k4_certs_6_n4_1.json.gz", "pos": 15010} k4_certs_6_n4_1.json.gz#15010[m=9,idx=1578]: start [0, 0, 0, 0, 0, -1000000, 0, 0, -1000000, 0] best [0, 0, 0, 0, 0, -1000000, 0, 0, -1000000, 0] chain profiles 0 (states 0), maxw 0, DL_RC fails 0, key form fails 0; 7400 evals [1 s]
#   unit {"file": "k4_certs_6_n4_1.json.gz", "pos": 15162} k4_certs_6_n4_1.json.gz#15162[m=9,idx=1730]: start [0, 0, 0, 0, 0, -1000000, 0, 0, -1000000, 0] best [0, 0, 0, 0, 0, -1000000, 0, 0, -1000000, 0] chain profiles 0 (states 0), maxw 0, DL_RC fails 0, key form fails 0; 7400 evals [1 s]
#   unit {"file": "k4_certs_6_n4_1.json.gz", "pos": 15192} k4_certs_6_n4_1.json.gz#15192[m=9,idx=1760]: start [0, 0, 0, 0, 0, -1000000, 0, 0, -1000000, 0] best [0, 0, 0, 0, 0, -1000000, 0, 0, -1000000, 0] chain profiles 0 (states 0), maxw 0, DL_RC fails 0, key form fails 0; 7400 evals [1 s]
#   unit {"file": "k4_certs_6_n4_1.json.gz", "pos": 15206} k4_certs_6_n4_1.json.gz#15206[m=9,idx=1774]: start [0, 0, 0, 0, 0, -1000000, 0, 0, -1000000, 0] best [0, 0, 0, 0, 0, -1000000, 0, 0, -1000000, 0] chain profiles 0 (states 0), maxw 0, DL_RC fails 0, key form fails 0; 7400 evals [1 s]
#   unit {"file": "k4_certs_6_n4_1.json.gz", "pos": 15311} k4_certs_6_n4_1.json.gz#15311[m=9,idx=1879]: start [0, 0, 0, 0, 0, -1000000, 0, 0, -1000000, 0] best [0, 0, 0, 0, 0, -1000000, 0, 0, -1000000, 0] chain profiles 0 (states 0), maxw 0, DL_RC fails 0, key form fails 0; 7400 evals [1 s]
#   unit {"file": "k4_certs_6_n4_1.json.gz", "pos": 15364} k4_certs_6_n4_1.json.gz#15364[m=9,idx=1932]: start [0, 0, 0, 0, 0, -1000000, 0, 0, -1000000, 0] best [0, 0, 0, 0, 0, -1000000, 0, 0, -1000000, 0] chain profiles 0 (states 0), maxw 0, DL_RC fails 0, key form fails 0; 7400 evals [1 s]
#   unit {"file": "k4_certs_6_n4_1.json.gz", "pos": 15409} k4_certs_6_n4_1.json.gz#15409[m=9,idx=1977]: start [0, 0, 0, 0, 0, -1000000, 0, 0, -1000000, 0] best [0, 0, 0, 0, 0, -1000000, 0, 0, -1000000, 0] chain profiles 0 (states 0), maxw 0, DL_RC fails 0, key form fails 0; 7400 evals [1 s]
#   unit {"file": "k4_certs_6_n4_1.json.gz", "pos": 15415} k4_certs_6_n4_1.json.gz#15415[m=9,idx=1983]: start [0, 0, 0, 0, 0, -1000000, 0, 0, -1000000, 0] best [0, 0, 0, 0, 0, -1000000, 0, 0, -1000000, 0] chain profiles 0 (states 0), maxw 0, DL_RC fails 0, key form fails 0; 7400 evals [1 s]
#   unit {"file": "k4_certs_6_n4_1.json.gz", "pos": 15431} k4_certs_6_n4_1.json.gz#15431[m=9,idx=1999]: start [0, 0, 0, 0, 0, -1000000, 0, 0, -1000000, 0] best [0, 0, 0, 0, 0, -1000000, 0, 0, -1000000, 0] chain profiles 0 (states 0), maxw 0, DL_RC fails 0, key form fails 0; 7400 evals [1 s]
#   unit {"file": "k4_certs_6_n4_1.json.gz", "pos": 15435} k4_certs_6_n4_1.json.gz#15435[m=9,idx=2003]: start [0, 0, 0, 0, 0, -1000000, 0, 0, -1000000, 0] best [0, 0, 0, 0, 0, -1000000, 0, 0, -1000000, 0] chain profiles 0 (states 0), maxw 0, DL_RC fails 0, key form fails 0; 7400 evals [1 s]
#   unit {"file": "k4_certs_6_n4_1.json.gz", "pos": 15473} k4_certs_6_n4_1.json.gz#15473[m=9,idx=2041]: start [0, 0, 0, 0, 0, -1000000, 0, 0, -1000000, 0] best [0, 0, 0, 0, 0, -1000000, 0, 0, -1000000, 0] chain profiles 0 (states 0), maxw 0, DL_RC fails 0, key form fails 0; 7400 evals [1 s]
#   unit {"file": "k4_certs_6_n4_1.json.gz", "pos": 15502} k4_certs_6_n4_1.json.gz#15502[m=9,idx=2070]: start [0, 0, 0, 0, 0, -1000000, 0, 0, -1000000, 0] best [0, 0, 0, 0, 0, -1000000, 0, 0, -1000000, 0] chain profiles 0 (states 0), maxw 0, DL_RC fails 0, key form fails 0; 7400 evals [1 s]
#   unit {"file": "k4_certs_6_n4_1.json.gz", "pos": 15522} k4_certs_6_n4_1.json.gz#15522[m=9,idx=2090]: start [0, 0, 0, 0, 0, -1000000, 0, 0, -1000000, 0] best [0, 0, 0, 0, 0, -1000000, 0, 0, -1000000, 0] chain profiles 0 (states 0), maxw 0, DL_RC fails 0, key form fails 0; 7400 evals [1 s]
#   unit {"file": "k4_certs_6_n4_1.json.gz", "pos": 15555} k4_certs_6_n4_1.json.gz#15555[m=9,idx=2123]: start [0, 0, 0, 0, 0, -1000000, 0, 0, -1000000, 0] best [0, 0, 0, 0, 0, -1000000, 0, 0, -1000000, 0] chain profiles 0 (states 0), maxw 0, DL_RC fails 0, key form fails 0; 7400 evals [1 s]
#   unit {"file": "k4_certs_6_n4_1.json.gz", "pos": 15644} k4_certs_6_n4_1.json.gz#15644[m=9,idx=2212]: start [0, 0, 0, 0, 0, -1000000, 0, 0, -1000000, 0] best [0, 0, 0, 0, 0, -1000000, 0, 0, -1000000, 0] chain profiles 0 (states 0), maxw 0, DL_RC fails 0, key form fails 0; 7400 evals [1 s]
#   unit {"file": "k4_certs_6_n4_1.json.gz", "pos": 15659} k4_certs_6_n4_1.json.gz#15659[m=9,idx=2227]: start [0, 0, 0, 0, 0, -1000000, 0, 0, -1000000, 0] best [0, 0, 0, 0, 0, -1000000, 0, 0, -1000000, 0] chain profiles 0 (states 0), maxw 0, DL_RC fails 0, key form fails 0; 7400 evals [1 s]
#   unit {"file": "k4_certs_6_n4_1.json.gz", "pos": 15680} k4_certs_6_n4_1.json.gz#15680[m=9,idx=2248]: start [0, 0, 0, 0, 0, -1000000, 0, 0, -1000000, 0] best [0, 0, 0, 0, 0, -1000000, 0, 0, -1000000, 0] chain profiles 0 (states 0), maxw 0, DL_RC fails 0, key form fails 0; 7400 evals [1 s]
#   unit {"file": "k4_certs_6_n4_1.json.gz", "pos": 15701} k4_certs_6_n4_1.json.gz#15701[m=9,idx=2269]: start [0, 0, 0, 0, 0, -1000000, 0, 0, -1000000, 0] best [0, 0, 0, 0, 0, -1000000, 0, 0, -1000000, 0] chain profiles 0 (states 0), maxw 0, DL_RC fails 0, key form fails 0; 7400 evals [1 s]
#   unit {"file": "k4_certs_6_n4_1.json.gz", "pos": 15851} k4_certs_6_n4_1.json.gz#15851[m=9,idx=2419]: start [0, 0, 0, 0, 0, -1000000, 0, 0, -1000000, 0] best [0, 0, 0, 0, 0, -1000000, 0, 0, -1000000, 0] chain profiles 0 (states 0), maxw 0, DL_RC fails 0, key form fails 0; 7400 evals [1 s]
#   unit {"file": "k4_certs_6_n4_1.json.gz", "pos": 15742} k4_certs_6_n4_1.json.gz#15742[m=9,idx=2310]: start [0, 0, 0, 0, 0, -1000000, 0, 0, -1000000, 0] best [0, 0, 0, 0, 0, -1000000, 0, 0, -1000000, 0] chain profiles 0 (states 0), maxw 0, DL_RC fails 0, key form fails 0; 7400 evals [1 s]
#   unit {"file": "k4_certs_6_n4_1.json.gz", "pos": 15890} k4_certs_6_n4_1.json.gz#15890[m=9,idx=2458]: start [0, 0, 0, 0, 0, -1000000, 0, 0, -1000000, 0] best [0, 0, 0, 0, 0, -1000000, 0, 0, -1000000, 0] chain profiles 0 (states 0), maxw 0, DL_RC fails 0, key form fails 0; 7400 evals [1 s]
#   unit {"file": "k4_certs_6_n4_1.json.gz", "pos": 15893} k4_certs_6_n4_1.json.gz#15893[m=9,idx=2461]: start [0, 0, 0, 0, 0, -1000000, 0, 0, -1000000, 0] best [0, 0, 0, 0, 0, -1000000, 0, 0, -1000000, 0] chain profiles 0 (states 0), maxw 0, DL_RC fails 0, key form fails 0; 7400 evals [1 s]
#   unit {"file": "k4_certs_6_n4_1.json.gz", "pos": 15932} k4_certs_6_n4_1.json.gz#15932[m=9,idx=2500]: start [0, 0, 0, 0, 0, -1000000, 0, 0, -1000000, 0] best [0, 0, 0, 0, 0, -1000000, 0, 0, -1000000, 0] chain profiles 0 (states 0), maxw 0, DL_RC fails 0, key form fails 0; 7400 evals [1 s]
#   unit {"file": "k4_certs_6_n4_1.json.gz", "pos": 15905} k4_certs_6_n4_1.json.gz#15905[m=9,idx=2473]: start [0, 0, 0, 0, 0, -1000000, 0, 0, -1000000, 0] best [0, 0, 0, 0, 0, -1000000, 0, 0, -1000000, 0] chain profiles 0 (states 0), maxw 0, DL_RC fails 0, key form fails 0; 7400 evals [1 s]
#   unit {"file": "k4_certs_6_n4_1.json.gz", "pos": 15948} k4_certs_6_n4_1.json.gz#15948[m=9,idx=2516]: start [0, 0, 0, 0, 0, -1000000, 0, 0, -1000000, 0] best [0, 0, 0, 0, 0, -1000000, 0, 0, -1000000, 0] chain profiles 0 (states 0), maxw 0, DL_RC fails 0, key form fails 0; 7400 evals [1 s]
#   unit {"file": "k4_certs_6_n4_1.json.gz", "pos": 15979} k4_certs_6_n4_1.json.gz#15979[m=9,idx=2547]: start [0, 0, 0, 0, 0, -1000000, 0, 0, -1000000, 0] best [0, 0, 0, 0, 0, -1000000, 0, 0, -1000000, 0] chain profiles 0 (states 0), maxw 0, DL_RC fails 0, key form fails 0; 7400 evals [1 s]
#   unit {"file": "k4_certs_6_n4_1.json.gz", "pos": 15990} k4_certs_6_n4_1.json.gz#15990[m=9,idx=2558]: start [0, 0, 0, 0, 0, -1000000, 0, 0, -1000000, 0] best [0, 0, 0, 0, 0, -1000000, 0, 0, -1000000, 0] chain profiles 0 (states 0), maxw 0, DL_RC fails 0, key form fails 0; 7400 evals [1 s]
#   unit {"file": "k4_certs_6_n4_1.json.gz", "pos": 15992} k4_certs_6_n4_1.json.gz#15992[m=9,idx=2560]: start [0, 0, 0, 0, 0, -1000000, 0, 0, -1000000, 0] best [0, 0, 0, 0, 0, -1000000, 0, 0, -1000000, 0] chain profiles 0 (states 0), maxw 0, DL_RC fails 0, key form fails 0; 7400 evals [1 s]
#   unit {"file": "k4_certs_6_n4_1.json.gz", "pos": 16015} k4_certs_6_n4_1.json.gz#16015[m=9,idx=2583]: start [0, 0, 0, 0, 0, -1000000, 0, 0, -1000000, 0] best [0, 0, 0, 0, 0, -1000000, 0, 0, -1000000, 0] chain profiles 0 (states 0), maxw 0, DL_RC fails 0, key form fails 0; 7400 evals [1 s]
#   unit {"file": "k4_certs_6_n4_1.json.gz", "pos": 16018} k4_certs_6_n4_1.json.gz#16018[m=9,idx=2586]: start [0, 0, 0, 0, 0, -1000000, 0, 0, -1000000, 0] best [0, 0, 0, 0, 0, -1000000, 0, 0, -1000000, 0] chain profiles 0 (states 0), maxw 0, DL_RC fails 0, key form fails 0; 7400 evals [1 s]
#   unit {"file": "k4_certs_6_n4_1.json.gz", "pos": 16122} k4_certs_6_n4_1.json.gz#16122[m=9,idx=2690]: start [0, 0, 0, 0, 0, -1000000, 0, 0, -1000000, 0] best [0, 0, 0, 0, 0, -1000000, 0, 0, -1000000, 0] chain profiles 0 (states 0), maxw 0, DL_RC fails 0, key form fails 0; 7400 evals [1 s]
#   unit {"file": "k4_certs_6_n4_1.json.gz", "pos": 16111} k4_certs_6_n4_1.json.gz#16111[m=9,idx=2679]: start [0, 0, 0, 0, 0, -1000000, 0, 0, -1000000, 0] best [0, 0, 0, 0, 0, -1000000, 0, 0, -1000000, 0] chain profiles 0 (states 0), maxw 0, DL_RC fails 0, key form fails 0; 7400 evals [1 s]
#   unit {"file": "k4_certs_6_n4_1.json.gz", "pos": 16204} k4_certs_6_n4_1.json.gz#16204[m=9,idx=2772]: start [0, 0, 0, 0, 0, -1000000, 0, 0, -1000000, 0] best [0, 0, 0, 0, 0, -1000000, 0, 0, -1000000, 0] chain profiles 0 (states 0), maxw 0, DL_RC fails 0, key form fails 0; 7400 evals [1 s]
#   unit {"file": "k4_certs_6_n4_1.json.gz", "pos": 16274} k4_certs_6_n4_1.json.gz#16274[m=9,idx=2842]: start [0, 0, 0, 0, 0, -1000000, 0, 0, -1000000, 0] best [0, 0, 0, 0, 0, -1000000, 0, 0, -1000000, 0] chain profiles 0 (states 0), maxw 0, DL_RC fails 0, key form fails 0; 7400 evals [1 s]
#   unit {"file": "k4_certs_6_n4_1.json.gz", "pos": 16300} k4_certs_6_n4_1.json.gz#16300[m=9,idx=2868]: start [0, 0, 0, 0, 0, -1000000, 0, 0, -1000000, 0] best [0, 0, 0, 0, 0, -1000000, 0, 0, -1000000, 0] chain profiles 0 (states 0), maxw 0, DL_RC fails 0, key form fails 0; 7400 evals [1 s]
#   unit {"file": "k4_certs_6_n4_1.json.gz", "pos": 16373} k4_certs_6_n4_1.json.gz#16373[m=9,idx=2941]: start [0, 0, 0, 0, 0, -1000000, 0, 0, -1000000, 0] best [0, 0, 0, 0, 0, -1000000, 0, 0, -1000000, 0] chain profiles 0 (states 0), maxw 0, DL_RC fails 0, key form fails 0; 7400 evals [1 s]
#   unit {"file": "k4_certs_6_n4_1.json.gz", "pos": 16389} k4_certs_6_n4_1.json.gz#16389[m=9,idx=2957]: start [0, 0, 0, 0, 0, -1000000, 0, 0, -1000000, 0] best [0, 0, 0, 0, 0, -1000000, 0, 0, -1000000, 0] chain profiles 0 (states 0), maxw 0, DL_RC fails 0, key form fails 0; 7400 evals [1 s]
#   unit {"file": "k4_certs_6_n4_1.json.gz", "pos": 16462} k4_certs_6_n4_1.json.gz#16462[m=9,idx=3030]: start [0, 0, 0, 0, 0, -1000000, 0, 0, -1000000, 0] best [0, 0, 0, 0, 0, -1000000, 0, 0, -1000000, 0] chain profiles 0 (states 0), maxw 0, DL_RC fails 0, key form fails 0; 7400 evals [1 s]
#   unit {"file": "k4_certs_6_n4_1.json.gz", "pos": 16473} k4_certs_6_n4_1.json.gz#16473[m=9,idx=3041]: start [0, 0, 0, 0, 0, -1000000, 0, 0, -1000000, 0] best [0, 0, 0, 0, 0, -1000000, 0, 0, -1000000, 0] chain profiles 0 (states 0), maxw 0, DL_RC fails 0, key form fails 0; 7400 evals [1 s]
#   unit {"file": "k4_certs_6_n4_1.json.gz", "pos": 16504} k4_certs_6_n4_1.json.gz#16504[m=9,idx=3072]: start [0, 0, 0, 0, 0, -1000000, 0, 0, -1000000, 0] best [0, 0, 0, 0, 0, -1000000, 0, 0, -1000000, 0] chain profiles 0 (states 0), maxw 0, DL_RC fails 0, key form fails 0; 7400 evals [1 s]
#   unit {"file": "k4_certs_6_n4_1.json.gz", "pos": 16623} k4_certs_6_n4_1.json.gz#16623[m=9,idx=3191]: start [0, 0, 0, 0, 0, -1000000, 0, 0, -1000000, 0] best [0, 0, 0, 0, 0, -1000000, 0, 0, -1000000, 0] chain profiles 0 (states 0), maxw 0, DL_RC fails 0, key form fails 0; 7400 evals [1 s]
#   unit {"file": "k4_certs_6_n4_1.json.gz", "pos": 16828} k4_certs_6_n4_1.json.gz#16828[m=9,idx=3396]: start [0, 0, 0, 0, 0, -1000000, 0, 0, -1000000, 0] best [0, 0, 0, 0, 0, -1000000, 0, 0, -1000000, 0] chain profiles 0 (states 0), maxw 0, DL_RC fails 0, key form fails 0; 7400 evals [1 s]
#   unit {"file": "k4_certs_6_n4_1.json.gz", "pos": 16930} k4_certs_6_n4_1.json.gz#16930[m=9,idx=3498]: start [0, 0, 0, 0, 0, -1000000, 0, 0, -1000000, 0] best [0, 0, 0, 0, 0, -1000000, 0, 0, -1000000, 0] chain profiles 0 (states 0), maxw 0, DL_RC fails 0, key form fails 0; 7400 evals [1 s]
#   unit {"file": "k4_certs_6_n4_1.json.gz", "pos": 16864} k4_certs_6_n4_1.json.gz#16864[m=9,idx=3432]: start [0, 0, 0, 0, 0, -1000000, 0, 0, -1000000, 0] best [0, 0, 0, 0, 0, -1000000, 0, 0, -1000000, 0] chain profiles 0 (states 0), maxw 0, DL_RC fails 0, key form fails 0; 7400 evals [1 s]
#   unit {"file": "k4_certs_6_n4_1.json.gz", "pos": 16936} k4_certs_6_n4_1.json.gz#16936[m=9,idx=3504]: start [0, 0, 0, 0, 0, -1000000, 0, 0, -1000000, 0] best [0, 0, 0, 0, 0, -1000000, 0, 0, -1000000, 0] chain profiles 0 (states 0), maxw 0, DL_RC fails 0, key form fails 0; 7400 evals [1 s]
#   unit {"file": "k4_certs_6_n4_1.json.gz", "pos": 16954} k4_certs_6_n4_1.json.gz#16954[m=9,idx=3522]: start [0, 0, 0, 0, 0, -1000000, 0, 0, -1000000, 0] best [0, 0, 0, 0, 0, -1000000, 0, 0, -1000000, 0] chain profiles 0 (states 0), maxw 0, DL_RC fails 0, key form fails 0; 7400 evals [1 s]
#   unit {"file": "k4_certs_6_n4_1.json.gz", "pos": 16959} k4_certs_6_n4_1.json.gz#16959[m=9,idx=3527]: start [0, 0, 0, 0, 0, -1000000, 0, 0, -1000000, 0] best [0, 0, 0, 0, 0, -1000000, 0, 0, -1000000, 0] chain profiles 0 (states 0), maxw 0, DL_RC fails 0, key form fails 0; 7400 evals [1 s]
#   unit {"file": "k4_certs_6_n4_1.json.gz", "pos": 17032} k4_certs_6_n4_1.json.gz#17032[m=9,idx=3600]: start [0, 0, 0, 0, 0, -1000000, 0, 0, -1000000, 0] best [0, 0, 0, 0, 0, -1000000, 0, 0, -1000000, 0] chain profiles 0 (states 0), maxw 0, DL_RC fails 0, key form fails 0; 7400 evals [1 s]
#   unit {"file": "k4_certs_6_n4_1.json.gz", "pos": 17048} k4_certs_6_n4_1.json.gz#17048[m=9,idx=3616]: start [0, 0, 0, 0, 0, -1000000, 0, 0, -1000000, 0] best [0, 0, 0, 0, 0, -1000000, 0, 0, -1000000, 0] chain profiles 0 (states 0), maxw 0, DL_RC fails 0, key form fails 0; 7400 evals [1 s]
#   unit {"file": "k4_certs_6_n4_1.json.gz", "pos": 17109} k4_certs_6_n4_1.json.gz#17109[m=9,idx=3677]: start [0, 0, 0, 0, 0, -1000000, 0, 0, -1000000, 0] best [0, 0, 0, 0, 0, -1000000, 0, 0, -1000000, 0] chain profiles 0 (states 0), maxw 0, DL_RC fails 0, key form fails 0; 7400 evals [1 s]
#   unit {"file": "k4_certs_6_n4_1.json.gz", "pos": 17198} k4_certs_6_n4_1.json.gz#17198[m=9,idx=3766]: start [0, 0, 0, 0, 0, -1000000, 0, 0, -1000000, 0] best [0, 0, 0, 0, 0, -1000000, 0, 0, -1000000, 0] chain profiles 0 (states 0), maxw 0, DL_RC fails 0, key form fails 0; 7400 evals [1 s]
#   unit {"file": "k4_certs_6_n4_1.json.gz", "pos": 17211} k4_certs_6_n4_1.json.gz#17211[m=9,idx=3779]: start [0, 0, 0, 0, 0, -1000000, 0, 0, -1000000, 0] best [0, 0, 0, 0, 0, -1000000, 0, 0, -1000000, 0] chain profiles 0 (states 0), maxw 0, DL_RC fails 0, key form fails 0; 7400 evals [1 s]
#   unit {"file": "k4_certs_6_n4_1.json.gz", "pos": 17217} k4_certs_6_n4_1.json.gz#17217[m=9,idx=3785]: start [0, 0, 0, 0, 0, -1000000, 0, 0, -1000000, 0] best [0, 0, 0, 0, 0, -1000000, 0, 0, -1000000, 0] chain profiles 0 (states 0), maxw 0, DL_RC fails 0, key form fails 0; 7400 evals [1 s]
#   unit {"file": "k4_certs_6_n4_1.json.gz", "pos": 17245} k4_certs_6_n4_1.json.gz#17245[m=9,idx=3813]: start [0, 0, 0, 0, 0, -1000000, 0, 0, -1000000, 0] best [0, 0, 0, 0, 0, -1000000, 0, 0, -1000000, 0] chain profiles 0 (states 0), maxw 0, DL_RC fails 0, key form fails 0; 7400 evals [1 s]
#   unit {"file": "k4_certs_6_n4_1.json.gz", "pos": 17270} k4_certs_6_n4_1.json.gz#17270[m=9,idx=3838]: start [0, 0, 0, 0, 0, -1000000, 0, 0, -1000000, 0] best [0, 0, 0, 0, 0, -1000000, 0, 0, -1000000, 0] chain profiles 0 (states 0), maxw 0, DL_RC fails 0, key form fails 0; 7400 evals [1 s]
#   unit {"file": "k4_certs_6_n4_1.json.gz", "pos": 17280} k4_certs_6_n4_1.json.gz#17280[m=9,idx=3848]: start [0, 0, 0, 0, 0, -1000000, 0, 0, -1000000, 0] best [0, 0, 0, 0, 0, -1000000, 0, 0, -1000000, 0] chain profiles 0 (states 0), maxw 0, DL_RC fails 0, key form fails 0; 7400 evals [1 s]
#   unit {"file": "k4_certs_6_n4_1.json.gz", "pos": 17392} k4_certs_6_n4_1.json.gz#17392[m=9,idx=3960]: start [0, 0, 0, 0, 0, -1000000, 0, 0, -1000000, 0] best [0, 0, 0, 0, 0, -1000000, 0, 0, -1000000, 0] chain profiles 0 (states 0), maxw 0, DL_RC fails 0, key form fails 0; 7400 evals [1 s]
#   unit {"file": "k4_certs_6_n4_1.json.gz", "pos": 17393} k4_certs_6_n4_1.json.gz#17393[m=9,idx=3961]: start [0, 0, 0, 0, 0, -1000000, 0, 0, -1000000, 0] best [0, 0, 0, 0, 0, -1000000, 0, 0, -1000000, 0] chain profiles 0 (states 0), maxw 0, DL_RC fails 0, key form fails 0; 7400 evals [1 s]
#   unit {"file": "k4_certs_6_n4_1.json.gz", "pos": 17547} k4_certs_6_n4_1.json.gz#17547[m=9,idx=4115]: start [0, 0, 0, 0, 0, -1000000, 0, 0, -1000000, 0] best [0, 0, 0, 0, 0, -1000000, 0, 0, -1000000, 0] chain profiles 0 (states 0), maxw 0, DL_RC fails 0, key form fails 0; 7400 evals [1 s]
#   unit {"file": "k4_certs_6_n4_1.json.gz", "pos": 17550} k4_certs_6_n4_1.json.gz#17550[m=9,idx=4118]: start [0, 0, 0, 0, 0, -1000000, 0, 0, -1000000, 0] best [0, 0, 0, 0, 0, -1000000, 0, 0, -1000000, 0] chain profiles 0 (states 0), maxw 0, DL_RC fails 0, key form fails 0; 7400 evals [1 s]
#   unit {"file": "k4_certs_6_n4_1.json.gz", "pos": 17627} k4_certs_6_n4_1.json.gz#17627[m=9,idx=4195]: start [0, 0, 0, 0, 0, -1000000, 0, 0, -1000000, 0] best [0, 0, 0, 0, 0, -1000000, 0, 0, -1000000, 0] chain profiles 0 (states 0), maxw 0, DL_RC fails 0, key form fails 0; 7400 evals [1 s]
#   unit {"file": "k4_certs_6_n4_1.json.gz", "pos": 17639} k4_certs_6_n4_1.json.gz#17639[m=9,idx=4207]: start [0, 0, 0, 0, 0, -1000000, 0, 0, -1000000, 0] best [0, 0, 0, 0, 0, -1000000, 0, 0, -1000000, 0] chain profiles 0 (states 0), maxw 0, DL_RC fails 0, key form fails 0; 7400 evals [1 s]
#   unit {"file": "k4_certs_6_n4_1.json.gz", "pos": 17670} k4_certs_6_n4_1.json.gz#17670[m=9,idx=4238]: start [0, 0, 0, 0, 0, -1000000, 0, 0, -1000000, 0] best [0, 0, 0, 0, 0, -1000000, 0, 0, -1000000, 0] chain profiles 0 (states 0), maxw 0, DL_RC fails 0, key form fails 0; 7400 evals [1 s]
#   unit {"file": "k4_certs_6_n4_1.json.gz", "pos": 17703} k4_certs_6_n4_1.json.gz#17703[m=9,idx=4271]: start [0, 0, 0, 0, 0, -1000000, 0, 0, -1000000, 0] best [0, 0, 0, 0, 0, -1000000, 0, 0, -1000000, 0] chain profiles 0 (states 0), maxw 0, DL_RC fails 0, key form fails 0; 7400 evals [1 s]
#   unit {"file": "k4_certs_6_n4_1.json.gz", "pos": 17785} k4_certs_6_n4_1.json.gz#17785[m=9,idx=4353]: start [0, 0, 0, 0, 0, -1000000, 0, 0, -1000000, 0] best [0, 0, 0, 0, 0, -1000000, 0, 0, -1000000, 0] chain profiles 0 (states 0), maxw 0, DL_RC fails 0, key form fails 0; 7400 evals [1 s]
#   unit {"file": "k4_certs_6_n4_1.json.gz", "pos": 17743} k4_certs_6_n4_1.json.gz#17743[m=9,idx=4311]: start [0, 0, 0, 0, 0, -1000000, 0, 0, -1000000, 0] best [0, 0, 0, 0, 0, -1000000, 0, 0, -1000000, 0] chain profiles 0 (states 0), maxw 0, DL_RC fails 0, key form fails 0; 7400 evals [1 s]
#   unit {"file": "k4_certs_6_n4_1.json.gz", "pos": 17823} k4_certs_6_n4_1.json.gz#17823[m=9,idx=4391]: start [0, 0, 0, 0, 0, -1000000, 0, 0, -1000000, 0] best [0, 0, 0, 0, 0, -1000000, 0, 0, -1000000, 0] chain profiles 0 (states 0), maxw 0, DL_RC fails 0, key form fails 0; 7400 evals [1 s]
#   unit {"file": "k4_certs_6_n4_1.json.gz", "pos": 17883} k4_certs_6_n4_1.json.gz#17883[m=9,idx=4451]: start [0, 0, 0, 0, 0, -1000000, 0, 0, -1000000, 0] best [0, 0, 0, 0, 0, -1000000, 0, 0, -1000000, 0] chain profiles 0 (states 0), maxw 0, DL_RC fails 0, key form fails 0; 7400 evals [1 s]
#   unit {"file": "k4_certs_6_n4_1.json.gz", "pos": 17928} k4_certs_6_n4_1.json.gz#17928[m=9,idx=4496]: start [0, 0, 0, 0, 0, -1000000, 0, 0, -1000000, 0] best [0, 0, 0, 0, 0, -1000000, 0, 0, -1000000, 0] chain profiles 0 (states 0), maxw 0, DL_RC fails 0, key form fails 0; 7400 evals [1 s]
#   unit {"file": "k4_certs_6_n4_1.json.gz", "pos": 18057} k4_certs_6_n4_1.json.gz#18057[m=9,idx=4625]: start [0, 0, 0, 0, 0, -1000000, 0, 0, -1000000, 0] best [0, 0, 0, 0, 0, -1000000, 0, 0, -1000000, 0] chain profiles 0 (states 0), maxw 0, DL_RC fails 0, key form fails 0; 7400 evals [1 s]
#   unit {"file": "k4_certs_6_n4_1.json.gz", "pos": 18069} k4_certs_6_n4_1.json.gz#18069[m=9,idx=4637]: start [0, 0, 0, 0, 0, -1000000, 0, 0, -1000000, 0] best [0, 0, 0, 0, 0, -1000000, 0, 0, -1000000, 0] chain profiles 0 (states 0), maxw 0, DL_RC fails 0, key form fails 0; 7400 evals [1 s]
#   unit {"file": "k4_certs_6_n4_1.json.gz", "pos": 18140} k4_certs_6_n4_1.json.gz#18140[m=9,idx=4708]: start [0, 0, 0, 0, 0, -1000000, 0, 0, -1000000, 0] best [0, 0, 0, 0, 0, -1000000, 0, 0, -1000000, 0] chain profiles 0 (states 0), maxw 0, DL_RC fails 0, key form fails 0; 7400 evals [1 s]
#   unit {"file": "k4_certs_6_n4_1.json.gz", "pos": 18303} k4_certs_6_n4_1.json.gz#18303[m=9,idx=4871]: start [0, 0, 0, 0, 0, -1000000, 0, 0, -1000000, 0] best [0, 0, 0, 0, 0, -1000000, 0, 0, -1000000, 0] chain profiles 0 (states 0), maxw 0, DL_RC fails 0, key form fails 0; 7400 evals [1 s]
#   unit {"file": "k4_certs_6_n4_1.json.gz", "pos": 18276} k4_certs_6_n4_1.json.gz#18276[m=9,idx=4844]: start [0, 0, 0, 0, 0, -1000000, 0, 0, -1000000, 0] best [0, 0, 0, 0, 0, -1000000, 0, 0, -1000000, 0] chain profiles 0 (states 0), maxw 0, DL_RC fails 0, key form fails 0; 7400 evals [1 s]
#   unit {"file": "k4_certs_6_n4_1.json.gz", "pos": 18345} k4_certs_6_n4_1.json.gz#18345[m=9,idx=4913]: start [0, 0, 0, 0, 0, -1000000, 0, 0, -1000000, 0] best [0, 0, 0, 0, 0, -1000000, 0, 0, -1000000, 0] chain profiles 0 (states 0), maxw 0, DL_RC fails 0, key form fails 0; 7400 evals [1 s]
#   unit {"file": "k4_certs_6_n4_1.json.gz", "pos": 18383} k4_certs_6_n4_1.json.gz#18383[m=9,idx=4951]: start [0, 0, 0, 0, 0, -1000000, 0, 0, -1000000, 0] best [0, 0, 0, 0, 0, -1000000, 0, 0, -1000000, 0] chain profiles 0 (states 0), maxw 0, DL_RC fails 0, key form fails 0; 7400 evals [1 s]
#   unit {"file": "k4_certs_6_n4_1.json.gz", "pos": 18462} k4_certs_6_n4_1.json.gz#18462[m=9,idx=5030]: start [0, 0, 0, 0, 0, -1000000, 0, 0, -1000000, 0] best [0, 0, 0, 0, 0, -1000000, 0, 0, -1000000, 0] chain profiles 0 (states 0), maxw 0, DL_RC fails 0, key form fails 0; 7400 evals [1 s]
#   unit {"file": "k4_certs_6_n4_1.json.gz", "pos": 18466} k4_certs_6_n4_1.json.gz#18466[m=9,idx=5034]: start [0, 0, 0, 0, 0, -1000000, 0, 0, -1000000, 0] best [0, 0, 0, 0, 0, -1000000, 0, 0, -1000000, 0] chain profiles 0 (states 0), maxw 0, DL_RC fails 0, key form fails 0; 7400 evals [1 s]
#   unit {"file": "k4_certs_6_n4_1.json.gz", "pos": 18483} k4_certs_6_n4_1.json.gz#18483[m=9,idx=5051]: start [0, 0, 0, 0, 0, -1000000, 0, 0, -1000000, 0] best [0, 0, 0, 0, 0, -1000000, 0, 0, -1000000, 0] chain profiles 0 (states 0), maxw 0, DL_RC fails 0, key form fails 0; 7400 evals [1 s]
#   unit {"file": "k4_certs_6_n4_1.json.gz", "pos": 18523} k4_certs_6_n4_1.json.gz#18523[m=9,idx=5091]: start [0, 0, 0, 0, 0, -1000000, 0, 0, -1000000, 0] best [0, 0, 0, 0, 0, -1000000, 0, 0, -1000000, 0] chain profiles 0 (states 0), maxw 0, DL_RC fails 0, key form fails 0; 7400 evals [1 s]
#   unit {"file": "k4_certs_6_n4_1.json.gz", "pos": 18626} k4_certs_6_n4_1.json.gz#18626[m=9,idx=5194]: start [0, 0, 0, 0, 0, -1000000, 0, 0, -1000000, 0] best [0, 0, 0, 0, 0, -1000000, 0, 0, -1000000, 0] chain profiles 0 (states 0), maxw 0, DL_RC fails 0, key form fails 0; 7400 evals [1 s]
#   unit {"file": "k4_certs_6_n4_1.json.gz", "pos": 18642} k4_certs_6_n4_1.json.gz#18642[m=9,idx=5210]: start [0, 0, 0, 0, 0, -1000000, 0, 0, -1000000, 0] best [0, 0, 0, 0, 0, -1000000, 0, 0, -1000000, 0] chain profiles 0 (states 0), maxw 0, DL_RC fails 0, key form fails 0; 7400 evals [1 s]
#   unit {"file": "k4_certs_6_n4_1.json.gz", "pos": 18670} k4_certs_6_n4_1.json.gz#18670[m=9,idx=5238]: start [0, 0, 0, 0, 0, -1000000, 0, 0, -1000000, 0] best [0, 0, 0, 0, 0, -1000000, 0, 0, -1000000, 0] chain profiles 0 (states 0), maxw 0, DL_RC fails 0, key form fails 0; 7400 evals [1 s]
#   unit {"file": "k4_certs_6_n4_1.json.gz", "pos": 18755} k4_certs_6_n4_1.json.gz#18755[m=9,idx=5323]: start [0, 0, 0, 0, 0, -1000000, 0, 0, -1000000, 0] best [0, 0, 0, 0, 0, -1000000, 0, 0, -1000000, 0] chain profiles 0 (states 0), maxw 0, DL_RC fails 0, key form fails 0; 7400 evals [1 s]
#   unit {"file": "k4_certs_6_n4_1.json.gz", "pos": 18789} k4_certs_6_n4_1.json.gz#18789[m=9,idx=5357]: start [0, 0, 0, 0, 0, -1000000, 0, 0, -1000000, 0] best [0, 0, 0, 0, 0, -1000000, 0, 0, -1000000, 0] chain profiles 0 (states 0), maxw 0, DL_RC fails 0, key form fails 0; 7400 evals [1 s]
#   unit {"file": "k4_certs_6_n4_1.json.gz", "pos": 18870} k4_certs_6_n4_1.json.gz#18870[m=9,idx=5438]: start [0, 0, 0, 0, 0, -1000000, 0, 0, -1000000, 0] best [0, 0, 0, 0, 0, -1000000, 0, 0, -1000000, 0] chain profiles 0 (states 0), maxw 0, DL_RC fails 0, key form fails 0; 7400 evals [1 s]
#   unit {"file": "k4_certs_6_n4_1.json.gz", "pos": 18802} k4_certs_6_n4_1.json.gz#18802[m=9,idx=5370]: start [0, 0, 0, 0, 0, -1000000, 0, 0, -1000000, 0] best [0, 0, 0, 0, 0, -1000000, 0, 0, -1000000, 0] chain profiles 0 (states 0), maxw 0, DL_RC fails 0, key form fails 0; 7400 evals [1 s]
#   unit {"file": "k4_certs_6_n4_1.json.gz", "pos": 18876} k4_certs_6_n4_1.json.gz#18876[m=9,idx=5444]: start [0, 0, 0, 0, 0, -1000000, 0, 0, -1000000, 0] best [0, 0, 0, 0, 0, -1000000, 0, 0, -1000000, 0] chain profiles 0 (states 0), maxw 0, DL_RC fails 0, key form fails 0; 7400 evals [1 s]
#   unit {"file": "k4_certs_6_n4_1.json.gz", "pos": 18983} k4_certs_6_n4_1.json.gz#18983[m=9,idx=5551]: start [0, 0, 0, 0, 0, -1000000, 0, 0, -1000000, 0] best [0, 0, 0, 0, 0, -1000000, 0, 0, -1000000, 0] chain profiles 0 (states 0), maxw 0, DL_RC fails 0, key form fails 0; 7400 evals [1 s]
#   unit {"file": "k4_certs_6_n4_1.json.gz", "pos": 19165} k4_certs_6_n4_1.json.gz#19165[m=9,idx=5733]: start [0, 0, 0, 0, 0, -1000000, 0, 0, -1000000, 0] best [0, 0, 0, 0, 0, -1000000, 0, 0, -1000000, 0] chain profiles 0 (states 0), maxw 0, DL_RC fails 0, key form fails 0; 7400 evals [1 s]
#   unit {"file": "k4_certs_6_n4_1.json.gz", "pos": 19217} k4_certs_6_n4_1.json.gz#19217[m=9,idx=5785]: start [0, 0, 0, 0, 0, -1000000, 0, 0, -1000000, 0] best [0, 0, 0, 0, 0, -1000000, 0, 0, -1000000, 0] chain profiles 0 (states 0), maxw 0, DL_RC fails 0, key form fails 0; 7400 evals [1 s]
#   unit {"file": "k4_certs_6_n4_1.json.gz", "pos": 19279} k4_certs_6_n4_1.json.gz#19279[m=9,idx=5847]: start [0, 0, 0, 0, 0, -1000000, 0, 0, -1000000, 0] best [0, 0, 0, 0, 0, -1000000, 0, 0, -1000000, 0] chain profiles 0 (states 0), maxw 0, DL_RC fails 0, key form fails 0; 7400 evals [1 s]
#   unit {"file": "k4_certs_6_n4_1.json.gz", "pos": 19286} k4_certs_6_n4_1.json.gz#19286[m=9,idx=5854]: start [0, 0, 0, 0, 0, -1000000, 0, 0, -1000000, 0] best [0, 0, 0, 0, 0, -1000000, 0, 0, -1000000, 0] chain profiles 0 (states 0), maxw 0, DL_RC fails 0, key form fails 0; 7400 evals [1 s]
#   unit {"file": "k4_certs_6_n4_1.json.gz", "pos": 19305} k4_certs_6_n4_1.json.gz#19305[m=9,idx=5873]: start [0, 0, 0, 0, 0, -1000000, 0, 0, -1000000, 0] best [0, 0, 0, 0, 0, -1000000, 0, 0, -1000000, 0] chain profiles 0 (states 0), maxw 0, DL_RC fails 0, key form fails 0; 7400 evals [1 s]
#   unit {"file": "k4_certs_6_n4_1.json.gz", "pos": 19313} k4_certs_6_n4_1.json.gz#19313[m=9,idx=5881]: start [0, 0, 0, 0, 0, -1000000, 0, 0, -1000000, 0] best [0, 0, 0, 0, 0, -1000000, 0, 0, -1000000, 0] chain profiles 0 (states 0), maxw 0, DL_RC fails 0, key form fails 0; 7400 evals [1 s]
#   unit {"file": "k4_certs_6_n4_1.json.gz", "pos": 19324} k4_certs_6_n4_1.json.gz#19324[m=9,idx=5892]: start [0, 0, 0, 0, 0, -1000000, 0, 0, -1000000, 0] best [0, 0, 0, 0, 0, -1000000, 0, 0, -1000000, 0] chain profiles 0 (states 0), maxw 0, DL_RC fails 0, key form fails 0; 7400 evals [1 s]
#   unit {"file": "k4_certs_6_n4_1.json.gz", "pos": 19357} k4_certs_6_n4_1.json.gz#19357[m=9,idx=5925]: start [0, 0, 0, 0, 0, -1000000, 0, 0, -1000000, 0] best [0, 0, 0, 0, 0, -1000000, 0, 0, -1000000, 0] chain profiles 0 (states 0), maxw 0, DL_RC fails 0, key form fails 0; 7400 evals [1 s]
#   unit {"file": "k4_certs_6_n4_1.json.gz", "pos": 19388} k4_certs_6_n4_1.json.gz#19388[m=9,idx=5956]: start [0, 0, 0, 0, 0, -1000000, 0, 0, -1000000, 0] best [0, 0, 0, 0, 0, -1000000, 0, 0, -1000000, 0] chain profiles 0 (states 0), maxw 0, DL_RC fails 0, key form fails 0; 7400 evals [1 s]
#   unit {"file": "k4_certs_6_n4_1.json.gz", "pos": 19405} k4_certs_6_n4_1.json.gz#19405[m=9,idx=5973]: start [0, 0, 0, 0, 0, -1000000, 0, 0, -1000000, 0] best [0, 0, 0, 0, 0, -1000000, 0, 0, -1000000, 0] chain profiles 0 (states 0), maxw 0, DL_RC fails 0, key form fails 0; 7400 evals [1 s]
#   unit {"file": "k4_certs_6_n4_1.json.gz", "pos": 19421} k4_certs_6_n4_1.json.gz#19421[m=9,idx=5989]: start [0, 0, 0, 0, 0, -1000000, 0, 0, -1000000, 0] best [0, 0, 0, 0, 0, -1000000, 0, 0, -1000000, 0] chain profiles 0 (states 0), maxw 0, DL_RC fails 0, key form fails 0; 7400 evals [1 s]
#   unit {"file": "k4_certs_6_n4_1.json.gz", "pos": 19458} k4_certs_6_n4_1.json.gz#19458[m=9,idx=6026]: start [0, 0, 0, 0, 0, -1000000, 0, 0, -1000000, 0] best [0, 0, 0, 0, 0, -1000000, 0, 0, -1000000, 0] chain profiles 0 (states 0), maxw 0, DL_RC fails 0, key form fails 0; 7400 evals [1 s]
#   unit {"file": "k4_certs_6_n4_1.json.gz", "pos": 19461} k4_certs_6_n4_1.json.gz#19461[m=9,idx=6029]: start [0, 0, 0, 0, 0, -1000000, 0, 0, -1000000, 0] best [0, 0, 0, 0, 0, -1000000, 0, 0, -1000000, 0] chain profiles 0 (states 0), maxw 0, DL_RC fails 0, key form fails 0; 7400 evals [1 s]
#   unit {"file": "k4_certs_6_n4_1.json.gz", "pos": 19508} k4_certs_6_n4_1.json.gz#19508[m=9,idx=6076]: start [0, 0, 0, 0, 0, -1000000, 0, 0, -1000000, 0] best [0, 0, 0, 0, 0, -1000000, 0, 0, -1000000, 0] chain profiles 0 (states 0), maxw 0, DL_RC fails 0, key form fails 0; 7400 evals [1 s]
#   unit {"file": "k4_certs_6_n4_1.json.gz", "pos": 19517} k4_certs_6_n4_1.json.gz#19517[m=9,idx=6085]: start [0, 0, 0, 0, 0, -1000000, 0, 0, -1000000, 0] best [0, 0, 0, 0, 0, -1000000, 0, 0, -1000000, 0] chain profiles 0 (states 0), maxw 0, DL_RC fails 0, key form fails 0; 7400 evals [1 s]
#   unit {"file": "k4_certs_6_n4_1.json.gz", "pos": 19573} k4_certs_6_n4_1.json.gz#19573[m=9,idx=6141]: start [0, 0, 0, 0, 0, -1000000, 0, 0, -1000000, 0] best [0, 0, 0, 0, 0, -1000000, 0, 0, -1000000, 0] chain profiles 0 (states 0), maxw 0, DL_RC fails 0, key form fails 0; 7400 evals [1 s]
#   unit {"file": "k4_certs_6_n4_1.json.gz", "pos": 19718} k4_certs_6_n4_1.json.gz#19718[m=9,idx=6286]: start [0, 0, 0, 0, 0, -1000000, 0, 0, -1000000, 0] best [0, 0, 0, 0, 0, -1000000, 0, 0, -1000000, 0] chain profiles 0 (states 0), maxw 0, DL_RC fails 0, key form fails 0; 7400 evals [1 s]
#   unit {"file": "k4_certs_6_n4_1.json.gz", "pos": 19742} k4_certs_6_n4_1.json.gz#19742[m=9,idx=6310]: start [0, 0, 0, 0, 0, -1000000, 0, 0, -1000000, 0] best [0, 0, 0, 0, 0, -1000000, 0, 0, -1000000, 0] chain profiles 0 (states 0), maxw 0, DL_RC fails 0, key form fails 0; 7400 evals [1 s]
#   unit {"file": "k4_certs_6_n4_1.json.gz", "pos": 19760} k4_certs_6_n4_1.json.gz#19760[m=9,idx=6328]: start [0, 0, 0, 0, 0, -1000000, 0, 0, -1000000, 0] best [0, 0, 0, 0, 0, -1000000, 0, 0, -1000000, 0] chain profiles 0 (states 0), maxw 0, DL_RC fails 0, key form fails 0; 7400 evals [1 s]
#   unit {"file": "k4_certs_6_n4_1.json.gz", "pos": 19765} k4_certs_6_n4_1.json.gz#19765[m=9,idx=6333]: start [0, 0, 0, 0, 0, -1000000, 0, 0, -1000000, 0] best [0, 0, 0, 0, 0, -1000000, 0, 0, -1000000, 0] chain profiles 0 (states 0), maxw 0, DL_RC fails 0, key form fails 0; 7400 evals [1 s]
#   unit {"file": "k4_certs_6_n4_1.json.gz", "pos": 19813} k4_certs_6_n4_1.json.gz#19813[m=9,idx=6381]: start [0, 0, 0, 0, 0, -1000000, 0, 0, -1000000, 0] best [0, 0, 0, 0, 0, -1000000, 0, 0, -1000000, 0] chain profiles 0 (states 0), maxw 0, DL_RC fails 0, key form fails 0; 7400 evals [1 s]
#   unit {"file": "k4_certs_6_n4_1.json.gz", "pos": 19876} k4_certs_6_n4_1.json.gz#19876[m=9,idx=6444]: start [0, 0, 0, 0, 0, -1000000, 0, 0, -1000000, 0] best [0, 0, 0, 0, 0, -1000000, 0, 0, -1000000, 0] chain profiles 0 (states 0), maxw 0, DL_RC fails 0, key form fails 0; 7400 evals [1 s]
#   unit {"file": "k4_certs_6_n4_1.json.gz", "pos": 19929} k4_certs_6_n4_1.json.gz#19929[m=9,idx=6497]: start [0, 0, 0, 0, 0, -1000000, 0, 0, -1000000, 0] best [0, 0, 0, 0, 0, -1000000, 0, 0, -1000000, 0] chain profiles 0 (states 0), maxw 0, DL_RC fails 0, key form fails 0; 7400 evals [1 s]
#   unit {"file": "k4_certs_6_n4_1.json.gz", "pos": 19987} k4_certs_6_n4_1.json.gz#19987[m=9,idx=6555]: start [0, 0, 0, 0, 0, -1000000, 0, 0, -1000000, 0] best [0, 0, 0, 0, 0, -1000000, 0, 0, -1000000, 0] chain profiles 0 (states 0), maxw 0, DL_RC fails 0, key form fails 0; 7400 evals [1 s]
#   unit {"file": "k4_certs_6_n4_1.json.gz", "pos": 19990} k4_certs_6_n4_1.json.gz#19990[m=9,idx=6558]: start [0, 0, 0, 0, 0, -1000000, 0, 0, -1000000, 0] best [0, 0, 0, 0, 0, -1000000, 0, 0, -1000000, 0] chain profiles 0 (states 0), maxw 0, DL_RC fails 0, key form fails 0; 7400 evals [1 s]
#   unit {"file": "k4_certs_6_n4_1.json.gz", "pos": 20059} k4_certs_6_n4_1.json.gz#20059[m=9,idx=6627]: start [0, 0, 0, 0, 0, -1000000, 0, 0, -1000000, 0] best [0, 0, 0, 0, 0, -1000000, 0, 0, -1000000, 0] chain profiles 0 (states 0), maxw 0, DL_RC fails 0, key form fails 0; 7400 evals [1 s]
#   unit {"file": "k4_certs_6_n4_1.json.gz", "pos": 20100} k4_certs_6_n4_1.json.gz#20100[m=9,idx=6668]: start [0, 0, 0, 0, 0, -1000000, 0, 0, -1000000, 0] best [0, 0, 0, 0, 0, -1000000, 0, 0, -1000000, 0] chain profiles 0 (states 0), maxw 0, DL_RC fails 0, key form fails 0; 7400 evals [1 s]
#   unit {"file": "k4_certs_6_n4_1.json.gz", "pos": 20191} k4_certs_6_n4_1.json.gz#20191[m=9,idx=6759]: start [0, 0, 0, 0, 0, -1000000, 0, 0, -1000000, 0] best [0, 0, 0, 0, 0, -1000000, 0, 0, -1000000, 0] chain profiles 0 (states 0), maxw 0, DL_RC fails 0, key form fails 0; 7400 evals [1 s]
#   unit {"file": "k4_certs_6_n4_1.json.gz", "pos": 20205} k4_certs_6_n4_1.json.gz#20205[m=9,idx=6773]: start [0, 0, 0, 0, 0, -1000000, 0, 0, -1000000, 0] best [0, 0, 0, 0, 0, -1000000, 0, 0, -1000000, 0] chain profiles 0 (states 0), maxw 0, DL_RC fails 0, key form fails 0; 7400 evals [1 s]
#   unit {"file": "k4_certs_6_n4_1.json.gz", "pos": 20254} k4_certs_6_n4_1.json.gz#20254[m=9,idx=6822]: start [0, 0, 0, 0, 0, -1000000, 0, 0, -1000000, 0] best [0, 0, 0, 0, 0, -1000000, 0, 0, -1000000, 0] chain profiles 0 (states 0), maxw 0, DL_RC fails 0, key form fails 0; 7400 evals [1 s]
#   unit {"file": "k4_certs_6_n4_1.json.gz", "pos": 20270} k4_certs_6_n4_1.json.gz#20270[m=9,idx=6838]: start [0, 0, 0, 0, 0, -1000000, 0, 0, -1000000, 0] best [0, 0, 0, 0, 0, -1000000, 0, 0, -1000000, 0] chain profiles 0 (states 0), maxw 0, DL_RC fails 0, key form fails 0; 7400 evals [1 s]
#   unit {"file": "k4_certs_6_n4_1.json.gz", "pos": 20297} k4_certs_6_n4_1.json.gz#20297[m=9,idx=6865]: start [0, 0, 0, 0, 0, -1000000, 0, 0, -1000000, 0] best [0, 0, 0, 0, 0, -1000000, 0, 0, -1000000, 0] chain profiles 0 (states 0), maxw 0, DL_RC fails 0, key form fails 0; 7400 evals [1 s]
#   unit {"file": "k4_certs_6_n4_1.json.gz", "pos": 20324} k4_certs_6_n4_1.json.gz#20324[m=9,idx=6892]: start [0, 0, 0, 0, 0, -1000000, 0, 0, -1000000, 0] best [0, 0, 0, 0, 0, -1000000, 0, 0, -1000000, 0] chain profiles 0 (states 0), maxw 0, DL_RC fails 0, key form fails 0; 7400 evals [1 s]
#   unit {"file": "k4_certs_6_n4_1.json.gz", "pos": 20327} k4_certs_6_n4_1.json.gz#20327[m=9,idx=6895]: start [0, 0, 0, 0, 0, -1000000, 0, 0, -1000000, 0] best [0, 0, 0, 0, 0, -1000000, 0, 0, -1000000, 0] chain profiles 0 (states 0), maxw 0, DL_RC fails 0, key form fails 0; 7400 evals [1 s]
#   unit {"file": "k4_certs_6_n4_1.json.gz", "pos": 20398} k4_certs_6_n4_1.json.gz#20398[m=9,idx=6966]: start [0, 0, 0, 0, 0, -1000000, 0, 0, -1000000, 0] best [0, 0, 0, 0, 0, -1000000, 0, 0, -1000000, 0] chain profiles 0 (states 0), maxw 0, DL_RC fails 0, key form fails 0; 7400 evals [1 s]
#   unit {"file": "k4_certs_6_n4_1.json.gz", "pos": 20440} k4_certs_6_n4_1.json.gz#20440[m=9,idx=7008]: start [0, 0, 0, 0, 0, -1000000, 0, 0, -1000000, 0] best [0, 0, 0, 0, 0, -1000000, 0, 0, -1000000, 0] chain profiles 0 (states 0), maxw 0, DL_RC fails 0, key form fails 0; 7400 evals [1 s]
#   unit {"file": "k4_certs_6_n4_1.json.gz", "pos": 20495} k4_certs_6_n4_1.json.gz#20495[m=9,idx=7063]: start [0, 0, 0, 0, 0, -1000000, 0, 0, -1000000, 0] best [0, 0, 0, 0, 0, -1000000, 0, 0, -1000000, 0] chain profiles 0 (states 0), maxw 0, DL_RC fails 0, key form fails 0; 7400 evals [1 s]
#   unit {"file": "k4_certs_6_n4_1.json.gz", "pos": 20499} k4_certs_6_n4_1.json.gz#20499[m=9,idx=7067]: start [0, 0, 0, 0, 0, -1000000, 0, 0, -1000000, 0] best [0, 0, 0, 0, 0, -1000000, 0, 0, -1000000, 0] chain profiles 0 (states 0), maxw 0, DL_RC fails 0, key form fails 0; 7400 evals [1 s]
#   unit {"file": "k4_certs_6_n4_1.json.gz", "pos": 20541} k4_certs_6_n4_1.json.gz#20541[m=9,idx=7109]: start [0, 0, 0, 0, 0, -1000000, 0, 0, -1000000, 0] best [0, 0, 0, 0, 0, -1000000, 0, 0, -1000000, 0] chain profiles 0 (states 0), maxw 0, DL_RC fails 0, key form fails 0; 7400 evals [1 s]
#   unit {"file": "k4_certs_6_n4_1.json.gz", "pos": 20578} k4_certs_6_n4_1.json.gz#20578[m=9,idx=7146]: start [0, 0, 0, 0, 0, -1000000, 0, 0, -1000000, 0] best [0, 0, 0, 0, 0, -1000000, 0, 0, -1000000, 0] chain profiles 0 (states 0), maxw 0, DL_RC fails 0, key form fails 0; 7400 evals [1 s]
#   unit {"file": "k4_certs_6_n4_1.json.gz", "pos": 20617} k4_certs_6_n4_1.json.gz#20617[m=9,idx=7185]: start [0, 0, 0, 0, 0, -1000000, 0, 0, -1000000, 0] best [0, 0, 0, 0, 0, -1000000, 0, 0, -1000000, 0] chain profiles 0 (states 0), maxw 0, DL_RC fails 0, key form fails 0; 7400 evals [1 s]
#   unit {"file": "k4_certs_6_n4_1.json.gz", "pos": 20682} k4_certs_6_n4_1.json.gz#20682[m=9,idx=7250]: start [0, 0, 0, 0, 0, -1000000, 0, 0, -1000000, 0] best [0, 0, 0, 0, 0, -1000000, 0, 0, -1000000, 0] chain profiles 0 (states 0), maxw 0, DL_RC fails 0, key form fails 0; 7400 evals [1 s]
#   unit {"file": "k4_certs_6_n4_1.json.gz", "pos": 20757} k4_certs_6_n4_1.json.gz#20757[m=9,idx=7325]: start [0, 0, 0, 0, 0, -1000000, 0, 0, -1000000, 0] best [0, 0, 0, 0, 0, -1000000, 0, 0, -1000000, 0] chain profiles 0 (states 0), maxw 0, DL_RC fails 0, key form fails 0; 7400 evals [1 s]
#   unit {"file": "k4_certs_6_n4_1.json.gz", "pos": 20790} k4_certs_6_n4_1.json.gz#20790[m=9,idx=7358]: start [0, 0, 0, 0, 0, -1000000, 0, 0, -1000000, 0] best [0, 0, 0, 0, 0, -1000000, 0, 0, -1000000, 0] chain profiles 0 (states 0), maxw 0, DL_RC fails 0, key form fails 0; 7400 evals [1 s]
#   unit {"file": "k4_certs_6_n4_1.json.gz", "pos": 20805} k4_certs_6_n4_1.json.gz#20805[m=9,idx=7373]: start [0, 0, 0, 0, 0, -1000000, 0, 0, -1000000, 0] best [0, 0, 0, 0, 0, -1000000, 0, 0, -1000000, 0] chain profiles 0 (states 0), maxw 0, DL_RC fails 0, key form fails 0; 7400 evals [1 s]
#   unit {"file": "k4_certs_6_n4_1.json.gz", "pos": 20887} k4_certs_6_n4_1.json.gz#20887[m=9,idx=7455]: start [0, 0, 0, 0, 0, -1000000, 0, 0, -1000000, 0] best [0, 0, 0, 0, 0, -1000000, 0, 0, -1000000, 0] chain profiles 0 (states 0), maxw 0, DL_RC fails 0, key form fails 0; 7400 evals [1 s]
#   unit {"file": "k4_certs_6_n4_1.json.gz", "pos": 20924} k4_certs_6_n4_1.json.gz#20924[m=9,idx=7492]: start [0, 0, 0, 0, 0, -1000000, 0, 0, -1000000, 0] best [0, 0, 0, 0, 0, -1000000, 0, 0, -1000000, 0] chain profiles 0 (states 0), maxw 0, DL_RC fails 0, key form fails 0; 7400 evals [1 s]
#   unit {"file": "k4_certs_6_n4_1.json.gz", "pos": 20951} k4_certs_6_n4_1.json.gz#20951[m=9,idx=7519]: start [0, 0, 0, 0, 0, -1000000, 0, 0, -1000000, 0] best [0, 0, 0, 0, 0, -1000000, 0, 0, -1000000, 0] chain profiles 0 (states 0), maxw 0, DL_RC fails 0, key form fails 0; 7400 evals [1 s]
#   unit {"file": "k4_certs_6_n4_1.json.gz", "pos": 21039} k4_certs_6_n4_1.json.gz#21039[m=9,idx=7607]: start [0, 0, 0, 0, 0, -1000000, 0, 0, -1000000, 0] best [0, 0, 0, 0, 0, -1000000, 0, 0, -1000000, 0] chain profiles 0 (states 0), maxw 0, DL_RC fails 0, key form fails 0; 7400 evals [1 s]
#   unit {"file": "k4_certs_6_n4_1.json.gz", "pos": 21109} k4_certs_6_n4_1.json.gz#21109[m=9,idx=7677]: start [0, 0, 0, 0, 0, -1000000, 0, 0, -1000000, 0] best [0, 0, 0, 0, 0, -1000000, 0, 0, -1000000, 0] chain profiles 0 (states 0), maxw 0, DL_RC fails 0, key form fails 0; 7400 evals [1 s]
#   unit {"file": "k4_certs_6_n4_1.json.gz", "pos": 21121} k4_certs_6_n4_1.json.gz#21121[m=9,idx=7689]: start [0, 0, 0, 0, 0, -1000000, 0, 0, -1000000, 0] best [0, 0, 0, 0, 0, -1000000, 0, 0, -1000000, 0] chain profiles 0 (states 0), maxw 0, DL_RC fails 0, key form fails 0; 7400 evals [1 s]
#   unit {"file": "k4_certs_6_n4_1.json.gz", "pos": 21126} k4_certs_6_n4_1.json.gz#21126[m=9,idx=7694]: start [0, 0, 0, 0, 0, -1000000, 0, 0, -1000000, 0] best [0, 0, 0, 0, 0, -1000000, 0, 0, -1000000, 0] chain profiles 0 (states 0), maxw 0, DL_RC fails 0, key form fails 0; 7400 evals [1 s]
#   unit {"file": "k4_certs_6_n4_1.json.gz", "pos": 21140} k4_certs_6_n4_1.json.gz#21140[m=9,idx=7708]: start [0, 0, 0, 0, 0, -1000000, 0, 0, -1000000, 0] best [0, 0, 0, 0, 0, -1000000, 0, 0, -1000000, 0] chain profiles 0 (states 0), maxw 0, DL_RC fails 0, key form fails 0; 7400 evals [1 s]
#   unit {"file": "k4_certs_6_n4_1.json.gz", "pos": 21148} k4_certs_6_n4_1.json.gz#21148[m=9,idx=7716]: start [0, 0, 0, 0, 0, -1000000, 0, 0, -1000000, 0] best [0, 0, 0, 0, 0, -1000000, 0, 0, -1000000, 0] chain profiles 0 (states 0), maxw 0, DL_RC fails 0, key form fails 0; 7400 evals [1 s]
#   unit {"file": "k4_certs_6_n4_1.json.gz", "pos": 21154} k4_certs_6_n4_1.json.gz#21154[m=9,idx=7722]: start [0, 0, 0, 0, 0, -1000000, 0, 0, -1000000, 0] best [0, 0, 0, 0, 0, -1000000, 0, 0, -1000000, 0] chain profiles 0 (states 0), maxw 0, DL_RC fails 0, key form fails 0; 7400 evals [1 s]
#   unit {"file": "k4_certs_6_n4_1.json.gz", "pos": 21171} k4_certs_6_n4_1.json.gz#21171[m=9,idx=7739]: start [0, 0, 0, 0, 0, -1000000, 0, 0, -1000000, 0] best [0, 0, 0, 0, 0, -1000000, 0, 0, -1000000, 0] chain profiles 0 (states 0), maxw 0, DL_RC fails 0, key form fails 0; 7400 evals [1 s]
#   unit {"file": "k4_certs_6_n4_1.json.gz", "pos": 21233} k4_certs_6_n4_1.json.gz#21233[m=9,idx=7801]: start [0, 0, 0, 0, 0, -1000000, 0, 0, -1000000, 0] best [0, 0, 0, 0, 0, -1000000, 0, 0, -1000000, 0] chain profiles 0 (states 0), maxw 0, DL_RC fails 0, key form fails 0; 7400 evals [1 s]
#   unit {"file": "k4_certs_6_n4_1.json.gz", "pos": 21327} k4_certs_6_n4_1.json.gz#21327[m=9,idx=7895]: start [0, 0, 0, 0, 0, -1000000, 0, 0, -1000000, 0] best [0, 0, 0, 0, 0, -1000000, 0, 0, -1000000, 0] chain profiles 0 (states 0), maxw 0, DL_RC fails 0, key form fails 0; 7400 evals [1 s]
#   unit {"file": "k4_certs_6_n4_1.json.gz", "pos": 21330} k4_certs_6_n4_1.json.gz#21330[m=9,idx=7898]: start [0, 0, 0, 0, 0, -1000000, 0, 0, -1000000, 0] best [0, 0, 0, 0, 0, -1000000, 0, 0, -1000000, 0] chain profiles 0 (states 0), maxw 0, DL_RC fails 0, key form fails 0; 7400 evals [1 s]
#   unit {"file": "k4_certs_6_n4_1.json.gz", "pos": 21439} k4_certs_6_n4_1.json.gz#21439[m=9,idx=8007]: start [0, 0, 0, 0, 0, -1000000, 0, 0, -1000000, 0] best [0, 0, 0, 0, 0, -1000000, 0, 0, -1000000, 0] chain profiles 0 (states 0), maxw 0, DL_RC fails 0, key form fails 0; 7400 evals [1 s]
#   unit {"file": "k4_certs_6_n4_1.json.gz", "pos": 21476} k4_certs_6_n4_1.json.gz#21476[m=9,idx=8044]: start [0, 0, 0, 0, 0, -1000000, 0, 0, -1000000, 0] best [0, 0, 0, 0, 0, -1000000, 0, 0, -1000000, 0] chain profiles 0 (states 0), maxw 0, DL_RC fails 0, key form fails 0; 7400 evals [1 s]
#   unit {"file": "k4_certs_6_n4_1.json.gz", "pos": 21505} k4_certs_6_n4_1.json.gz#21505[m=10,idx=21]: start [0, 0, 0, 0, 0, -1000000, 0, 0, -1000000, 0] best [0, 0, 0, 0, 0, -1000000, 0, 0, -1000000, 0] chain profiles 0 (states 0), maxw 0, DL_RC fails 0, key form fails 0; 7400 evals [1 s]
#   unit {"file": "k4_certs_6_n4_1.json.gz", "pos": 21602} k4_certs_6_n4_1.json.gz#21602[m=10,idx=118]: start [0, 0, 0, 0, 0, -1000000, 0, 0, -1000000, 0] best [0, 0, 0, 0, 0, -1000000, 0, 0, -1000000, 0] chain profiles 0 (states 0), maxw 0, DL_RC fails 0, key form fails 0; 7400 evals [1 s]
#   unit {"file": "k4_certs_6_n4_1.json.gz", "pos": 21671} k4_certs_6_n4_1.json.gz#21671[m=10,idx=187]: start [0, 0, 0, 0, 0, -1000000, 0, 0, -1000000, 0] best [0, 0, 0, 0, 0, -1000000, 0, 0, -1000000, 0] chain profiles 0 (states 0), maxw 0, DL_RC fails 0, key form fails 0; 7400 evals [1 s]
#   unit {"file": "k4_certs_6_n4_1.json.gz", "pos": 21694} k4_certs_6_n4_1.json.gz#21694[m=10,idx=210]: start [0, 0, 0, 0, 0, -1000000, 0, 0, -1000000, 0] best [0, 0, 0, 0, 0, -1000000, 0, 0, -1000000, 0] chain profiles 0 (states 0), maxw 0, DL_RC fails 0, key form fails 0; 7400 evals [1 s]
#   unit {"file": "k4_certs_6_n4_1.json.gz", "pos": 21716} k4_certs_6_n4_1.json.gz#21716[m=10,idx=232]: start [0, 0, 0, 0, 0, -1000000, 0, 0, -1000000, 0] best [0, 0, 0, 0, 0, -1000000, 0, 0, -1000000, 0] chain profiles 0 (states 0), maxw 0, DL_RC fails 0, key form fails 0; 7400 evals [1 s]
#   unit {"file": "k4_certs_6_n4_1.json.gz", "pos": 21719} k4_certs_6_n4_1.json.gz#21719[m=10,idx=235]: start [0, 0, 0, 0, 0, -1000000, 0, 0, -1000000, 0] best [0, 0, 0, 0, 0, -1000000, 0, 0, -1000000, 0] chain profiles 0 (states 0), maxw 0, DL_RC fails 0, key form fails 0; 7400 evals [1 s]
#   unit {"file": "k4_certs_6_n4_1.json.gz", "pos": 21721} k4_certs_6_n4_1.json.gz#21721[m=10,idx=237]: start [0, 0, 0, 0, 0, -1000000, 0, 0, -1000000, 0] best [0, 0, 0, 0, 0, -1000000, 0, 0, -1000000, 0] chain profiles 0 (states 0), maxw 0, DL_RC fails 0, key form fails 0; 7400 evals [1 s]
#   unit {"file": "k4_certs_6_n4_1.json.gz", "pos": 21722} k4_certs_6_n4_1.json.gz#21722[m=10,idx=238]: start [0, 0, 0, 0, 0, -1000000, 0, 0, -1000000, 0] best [0, 0, 0, 0, 0, -1000000, 0, 0, -1000000, 0] chain profiles 0 (states 0), maxw 0, DL_RC fails 0, key form fails 0; 7400 evals [1 s]
#   unit {"file": "k4_certs_6_n4_1.json.gz", "pos": 21841} k4_certs_6_n4_1.json.gz#21841[m=10,idx=357]: start [0, 0, 0, 0, 0, -1000000, 0, 0, -1000000, 0] best [0, 0, 0, 0, 0, -1000000, 0, 0, -1000000, 0] chain profiles 0 (states 0), maxw 0, DL_RC fails 0, key form fails 0; 7400 evals [1 s]
#   unit {"file": "k4_certs_6_n4_1.json.gz", "pos": 21894} k4_certs_6_n4_1.json.gz#21894[m=10,idx=410]: start [0, 0, 0, 0, 0, -1000000, 0, 0, -1000000, 0] best [0, 0, 0, 0, 0, -1000000, 0, 0, -1000000, 0] chain profiles 0 (states 0), maxw 0, DL_RC fails 0, key form fails 0; 7400 evals [1 s]
#   unit {"file": "k4_certs_6_n4_1.json.gz", "pos": 21998} k4_certs_6_n4_1.json.gz#21998[m=10,idx=514]: start [0, 0, 0, 0, 0, -1000000, 0, 0, -1000000, 0] best [0, 0, 0, 0, 0, -1000000, 0, 0, -1000000, 0] chain profiles 0 (states 0), maxw 0, DL_RC fails 0, key form fails 0; 7400 evals [1 s]
#   unit {"file": "k4_certs_6_n4_1.json.gz", "pos": 21961} k4_certs_6_n4_1.json.gz#21961[m=10,idx=477]: start [0, 0, 0, 0, 0, -1000000, 0, 0, -1000000, 0] best [0, 0, 0, 0, 0, -1000000, 0, 0, -1000000, 0] chain profiles 0 (states 0), maxw 0, DL_RC fails 0, key form fails 0; 7400 evals [1 s]
#   unit {"file": "k4_certs_6_n4_1.json.gz", "pos": 22076} k4_certs_6_n4_1.json.gz#22076[m=10,idx=592]: start [0, 0, 0, 0, 0, -1000000, 0, 0, -1000000, 0] best [0, 0, 0, 0, 0, -1000000, 0, 0, -1000000, 0] chain profiles 0 (states 0), maxw 0, DL_RC fails 0, key form fails 0; 7400 evals [1 s]
#   unit {"file": "k4_certs_6_n4_1.json.gz", "pos": 22145} k4_certs_6_n4_1.json.gz#22145[m=10,idx=661]: start [0, 0, 0, 0, 0, -1000000, 0, 0, -1000000, 0] best [0, 0, 0, 0, 0, -1000000, 0, 0, -1000000, 0] chain profiles 0 (states 0), maxw 0, DL_RC fails 0, key form fails 0; 7400 evals [1 s]
#   unit {"file": "k4_certs_6_n4_1.json.gz", "pos": 22149} k4_certs_6_n4_1.json.gz#22149[m=10,idx=665]: start [0, 0, 0, 0, 0, -1000000, 0, 0, -1000000, 0] best [0, 0, 0, 0, 0, -1000000, 0, 0, -1000000, 0] chain profiles 0 (states 0), maxw 0, DL_RC fails 0, key form fails 0; 7400 evals [1 s]
#   unit {"file": "k4_certs_6_n4_1.json.gz", "pos": 22187} k4_certs_6_n4_1.json.gz#22187[m=10,idx=703]: start [0, 0, 0, 0, 0, -1000000, 0, 0, -1000000, 0] best [0, 0, 0, 0, 0, -1000000, 0, 0, -1000000, 0] chain profiles 0 (states 0), maxw 0, DL_RC fails 0, key form fails 0; 7400 evals [1 s]
#   unit {"file": "k4_certs_6_n4_1.json.gz", "pos": 22235} k4_certs_6_n4_1.json.gz#22235[m=10,idx=751]: start [0, 0, 0, 0, 0, -1000000, 0, 0, -1000000, 0] best [0, 0, 0, 0, 0, -1000000, 0, 0, -1000000, 0] chain profiles 0 (states 0), maxw 0, DL_RC fails 0, key form fails 0; 7400 evals [1 s]
#   unit {"file": "k4_certs_6_n4_1.json.gz", "pos": 22236} k4_certs_6_n4_1.json.gz#22236[m=10,idx=752]: start [0, 0, 0, 0, 0, -1000000, 0, 0, -1000000, 0] best [0, 0, 0, 0, 0, -1000000, 0, 0, -1000000, 0] chain profiles 0 (states 0), maxw 0, DL_RC fails 0, key form fails 0; 7400 evals [1 s]
#   unit {"file": "k4_certs_6_n4_1.json.gz", "pos": 22240} k4_certs_6_n4_1.json.gz#22240[m=10,idx=756]: start [0, 0, 0, 0, 0, -1000000, 0, 0, -1000000, 0] best [0, 0, 0, 0, 0, -1000000, 0, 0, -1000000, 0] chain profiles 0 (states 0), maxw 0, DL_RC fails 0, key form fails 0; 7400 evals [1 s]
#   unit {"file": "k4_certs_6_n4_1.json.gz", "pos": 22288} k4_certs_6_n4_1.json.gz#22288[m=10,idx=804]: start [0, 0, 0, 0, 0, -1000000, 0, 0, -1000000, 0] best [0, 0, 0, 0, 0, -1000000, 0, 0, -1000000, 0] chain profiles 0 (states 0), maxw 0, DL_RC fails 0, key form fails 0; 7400 evals [1 s]
#   unit {"file": "k4_certs_6_n4_1.json.gz", "pos": 22312} k4_certs_6_n4_1.json.gz#22312[m=10,idx=828]: start [0, 0, 0, 0, 0, -1000000, 0, 0, -1000000, 0] best [0, 0, 0, 0, 0, -1000000, 0, 0, -1000000, 0] chain profiles 0 (states 0), maxw 0, DL_RC fails 0, key form fails 0; 7400 evals [1 s]
#   unit {"file": "k4_certs_6_n4_1.json.gz", "pos": 22349} k4_certs_6_n4_1.json.gz#22349[m=10,idx=865]: start [0, 0, 0, 0, 0, -1000000, 0, 0, -1000000, 0] best [0, 0, 0, 0, 0, -1000000, 0, 0, -1000000, 0] chain profiles 0 (states 0), maxw 0, DL_RC fails 0, key form fails 0; 7400 evals [1 s]
#   unit {"file": "k4_certs_6_n4_1.json.gz", "pos": 22350} k4_certs_6_n4_1.json.gz#22350[m=10,idx=866]: start [0, 0, 0, 0, 0, -1000000, 0, 0, -1000000, 0] best [0, 0, 0, 0, 0, -1000000, 0, 0, -1000000, 0] chain profiles 0 (states 0), maxw 0, DL_RC fails 0, key form fails 0; 7400 evals [1 s]
#   unit {"file": "k4_certs_6_n4_1.json.gz", "pos": 22409} k4_certs_6_n4_1.json.gz#22409[m=10,idx=925]: start [0, 0, 0, 0, 0, -1000000, 0, 0, -1000000, 0] best [0, 0, 0, 0, 0, -1000000, 0, 0, -1000000, 0] chain profiles 0 (states 0), maxw 0, DL_RC fails 0, key form fails 0; 7400 evals [1 s]
#   unit {"file": "k4_certs_6_n4_1.json.gz", "pos": 22411} k4_certs_6_n4_1.json.gz#22411[m=10,idx=927]: start [0, 0, 0, 0, 0, -1000000, 0, 0, -1000000, 0] best [0, 0, 0, 0, 0, -1000000, 0, 0, -1000000, 0] chain profiles 0 (states 0), maxw 0, DL_RC fails 0, key form fails 0; 7400 evals [1 s]
#   unit {"file": "k4_certs_6_n4_1.json.gz", "pos": 22468} k4_certs_6_n4_1.json.gz#22468[m=10,idx=984]: start [0, 0, 0, 0, 0, -1000000, 0, 0, -1000000, 0] best [0, 0, 0, 0, 0, -1000000, 0, 0, -1000000, 0] chain profiles 0 (states 0), maxw 0, DL_RC fails 0, key form fails 0; 7400 evals [1 s]
#   unit {"file": "k4_certs_6_n4_1.json.gz", "pos": 22533} k4_certs_6_n4_1.json.gz#22533[m=10,idx=1049]: start [0, 0, 0, 0, 0, -1000000, 0, 0, -1000000, 0] best [0, 0, 0, 0, 0, -1000000, 0, 0, -1000000, 0] chain profiles 0 (states 0), maxw 0, DL_RC fails 0, key form fails 0; 7400 evals [1 s]
#   unit {"file": "k4_certs_6_n4_1.json.gz", "pos": 22617} k4_certs_6_n4_1.json.gz#22617[m=10,idx=1133]: start [0, 0, 0, 0, 0, -1000000, 0, 0, -1000000, 0] best [0, 0, 0, 0, 0, -1000000, 0, 0, -1000000, 0] chain profiles 0 (states 0), maxw 0, DL_RC fails 0, key form fails 0; 7400 evals [1 s]
#   unit {"file": "k4_certs_6_n4_1.json.gz", "pos": 22637} k4_certs_6_n4_1.json.gz#22637[m=10,idx=1153]: start [0, 0, 0, 0, 0, -1000000, 0, 0, -1000000, 0] best [0, 0, 0, 0, 0, -1000000, 0, 0, -1000000, 0] chain profiles 0 (states 0), maxw 0, DL_RC fails 0, key form fails 0; 7400 evals [1 s]
#   unit {"file": "k4_certs_6_n4_1.json.gz", "pos": 22652} k4_certs_6_n4_1.json.gz#22652[m=10,idx=1168]: start [0, 0, 0, 0, 0, -1000000, 0, 0, -1000000, 0] best [0, 0, 0, 0, 0, -1000000, 0, 0, -1000000, 0] chain profiles 0 (states 0), maxw 0, DL_RC fails 0, key form fails 0; 7400 evals [1 s]
#   unit {"file": "k4_certs_6_n4_1.json.gz", "pos": 22682} k4_certs_6_n4_1.json.gz#22682[m=10,idx=1198]: start [0, 0, 0, 0, 0, -1000000, 0, 0, -1000000, 0] best [0, 0, 0, 0, 0, -1000000, 0, 0, -1000000, 0] chain profiles 0 (states 0), maxw 0, DL_RC fails 0, key form fails 0; 7400 evals [1 s]
#   unit {"file": "k4_certs_6_n4_1.json.gz", "pos": 22734} k4_certs_6_n4_1.json.gz#22734[m=10,idx=1250]: start [0, 0, 0, 0, 0, -1000000, 0, 0, -1000000, 0] best [0, 0, 0, 0, 0, -1000000, 0, 0, -1000000, 0] chain profiles 0 (states 0), maxw 0, DL_RC fails 0, key form fails 0; 7400 evals [1 s]
#   unit {"file": "k4_certs_6_n4_1.json.gz", "pos": 22749} k4_certs_6_n4_1.json.gz#22749[m=10,idx=1265]: start [0, 0, 0, 0, 0, -1000000, 0, 0, -1000000, 0] best [0, 0, 0, 0, 0, -1000000, 0, 0, -1000000, 0] chain profiles 0 (states 0), maxw 0, DL_RC fails 0, key form fails 0; 7400 evals [1 s]
#   unit {"file": "k4_certs_6_n4_1.json.gz", "pos": 22755} k4_certs_6_n4_1.json.gz#22755[m=10,idx=1271]: start [0, 0, 0, 0, 0, -1000000, 0, 0, -1000000, 0] best [0, 0, 0, 0, 0, -1000000, 0, 0, -1000000, 0] chain profiles 0 (states 0), maxw 0, DL_RC fails 0, key form fails 0; 7400 evals [1 s]
#   unit {"file": "k4_certs_6_n4_1.json.gz", "pos": 22792} k4_certs_6_n4_1.json.gz#22792[m=10,idx=1308]: start [0, 0, 0, 0, 0, -1000000, 0, 0, -1000000, 0] best [0, 0, 0, 0, 0, -1000000, 0, 0, -1000000, 0] chain profiles 0 (states 0), maxw 0, DL_RC fails 0, key form fails 0; 7400 evals [1 s]
#   unit {"file": "k4_certs_6_n4_1.json.gz", "pos": 22869} k4_certs_6_n4_1.json.gz#22869[m=10,idx=1385]: start [0, 0, 0, 0, 0, -1000000, 0, 0, -1000000, 0] best [0, 0, 0, 0, 0, -1000000, 0, 0, -1000000, 0] chain profiles 0 (states 0), maxw 0, DL_RC fails 0, key form fails 0; 7400 evals [1 s]
#   unit {"file": "k4_certs_6_n4_1.json.gz", "pos": 22879} k4_certs_6_n4_1.json.gz#22879[m=10,idx=1395]: start [0, 0, 0, 0, 0, -1000000, 0, 0, -1000000, 0] best [0, 0, 0, 0, 0, -1000000, 0, 0, -1000000, 0] chain profiles 0 (states 0), maxw 0, DL_RC fails 0, key form fails 0; 7400 evals [1 s]
#   unit {"file": "k4_certs_6_n4_1.json.gz", "pos": 22921} k4_certs_6_n4_1.json.gz#22921[m=10,idx=1437]: start [0, 0, 0, 0, 0, -1000000, 0, 0, -1000000, 0] best [0, 0, 0, 0, 0, -1000000, 0, 0, -1000000, 0] chain profiles 0 (states 0), maxw 0, DL_RC fails 0, key form fails 0; 7400 evals [1 s]
#   unit {"file": "k4_certs_6_n4_1.json.gz", "pos": 22925} k4_certs_6_n4_1.json.gz#22925[m=10,idx=1441]: start [0, 0, 0, 0, 0, -1000000, 0, 0, -1000000, 0] best [0, 0, 0, 0, 0, -1000000, 0, 0, -1000000, 0] chain profiles 0 (states 0), maxw 0, DL_RC fails 0, key form fails 0; 7400 evals [1 s]
#   unit {"file": "k4_certs_6_n4_1.json.gz", "pos": 22960} k4_certs_6_n4_1.json.gz#22960[m=10,idx=1476]: start [0, 0, 0, 0, 0, -1000000, 0, 0, -1000000, 0] best [0, 0, 0, 0, 0, -1000000, 0, 0, -1000000, 0] chain profiles 0 (states 0), maxw 0, DL_RC fails 0, key form fails 0; 7400 evals [1 s]
#   unit {"file": "k4_certs_6_n4_1.json.gz", "pos": 22962} k4_certs_6_n4_1.json.gz#22962[m=10,idx=1478]: start [0, 0, 0, 0, 0, -1000000, 0, 0, -1000000, 0] best [0, 0, 0, 0, 0, -1000000, 0, 0, -1000000, 0] chain profiles 0 (states 0), maxw 0, DL_RC fails 0, key form fails 0; 7400 evals [1 s]
#   unit {"file": "k4_certs_6_n4_1.json.gz", "pos": 22982} k4_certs_6_n4_1.json.gz#22982[m=10,idx=1498]: start [0, 0, 0, 0, 0, -1000000, 0, 0, -1000000, 0] best [0, 0, 0, 0, 0, -1000000, 0, 0, -1000000, 0] chain profiles 0 (states 0), maxw 0, DL_RC fails 0, key form fails 0; 7400 evals [1 s]
#   unit {"file": "k4_certs_6_n4_1.json.gz", "pos": 23001} k4_certs_6_n4_1.json.gz#23001[m=10,idx=1517]: start [0, 0, 0, 0, 0, -1000000, 0, 0, -1000000, 0] best [0, 0, 0, 0, 0, -1000000, 0, 0, -1000000, 0] chain profiles 0 (states 0), maxw 0, DL_RC fails 0, key form fails 0; 7400 evals [1 s]
#   unit {"file": "k4_certs_6_n4_1.json.gz", "pos": 23202} k4_certs_6_n4_1.json.gz#23202[m=10,idx=1718]: start [0, 0, 0, 0, 0, -1000000, 0, 0, -1000000, 0] best [0, 0, 0, 0, 0, -1000000, 0, 0, -1000000, 0] chain profiles 0 (states 0), maxw 0, DL_RC fails 0, key form fails 0; 7400 evals [1 s]
#   unit {"file": "k4_certs_6_n4_1.json.gz", "pos": 23123} k4_certs_6_n4_1.json.gz#23123[m=10,idx=1639]: start [0, 0, 0, 0, 0, -1000000, 0, 0, -1000000, 0] best [0, 0, 0, 0, 0, -1000000, 0, 0, -1000000, 0] chain profiles 0 (states 0), maxw 0, DL_RC fails 0, key form fails 0; 7400 evals [1 s]
#   unit {"file": "k4_certs_6_n4_1.json.gz", "pos": 23206} k4_certs_6_n4_1.json.gz#23206[m=10,idx=1722]: start [0, 0, 0, 0, 0, -1000000, 0, 0, -1000000, 0] best [0, 0, 0, 0, 0, -1000000, 0, 0, -1000000, 0] chain profiles 0 (states 0), maxw 0, DL_RC fails 0, key form fails 0; 7400 evals [1 s]
#   unit {"file": "k4_certs_6_n4_1.json.gz", "pos": 23210} k4_certs_6_n4_1.json.gz#23210[m=10,idx=1726]: start [0, 0, 0, 0, 0, -1000000, 0, 0, -1000000, 0] best [0, 0, 0, 0, 0, -1000000, 0, 0, -1000000, 0] chain profiles 0 (states 0), maxw 0, DL_RC fails 0, key form fails 0; 7400 evals [1 s]
#   unit {"file": "k4_certs_6_n4_1.json.gz", "pos": 23343} k4_certs_6_n4_1.json.gz#23343[m=10,idx=1859]: start [0, 0, 0, 0, 0, -1000000, 0, 0, -1000000, 0] best [0, 0, 0, 0, 0, -1000000, 0, 0, -1000000, 0] chain profiles 0 (states 0), maxw 0, DL_RC fails 0, key form fails 0; 7400 evals [1 s]
#   unit {"file": "k4_certs_6_n4_1.json.gz", "pos": 23299} k4_certs_6_n4_1.json.gz#23299[m=10,idx=1815]: start [0, 0, 0, 0, 0, -1000000, 0, 0, -1000000, 0] best [0, 0, 0, 0, 0, -1000000, 0, 0, -1000000, 0] chain profiles 0 (states 0), maxw 0, DL_RC fails 0, key form fails 0; 7400 evals [1 s]
#   unit {"file": "k4_certs_6_n4_1.json.gz", "pos": 23346} k4_certs_6_n4_1.json.gz#23346[m=10,idx=1862]: start [0, 0, 0, 0, 0, -1000000, 0, 0, -1000000, 0] best [0, 0, 0, 0, 0, -1000000, 0, 0, -1000000, 0] chain profiles 0 (states 0), maxw 0, DL_RC fails 0, key form fails 0; 7400 evals [1 s]
#   unit {"file": "k4_certs_6_n4_1.json.gz", "pos": 23389} k4_certs_6_n4_1.json.gz#23389[m=10,idx=1905]: start [0, 0, 0, 0, 0, -1000000, 0, 0, -1000000, 0] best [0, 0, 0, 0, 0, -1000000, 0, 0, -1000000, 0] chain profiles 0 (states 0), maxw 0, DL_RC fails 0, key form fails 0; 7400 evals [1 s]
#   unit {"file": "k4_certs_6_n4_1.json.gz", "pos": 23394} k4_certs_6_n4_1.json.gz#23394[m=10,idx=1910]: start [0, 0, 0, 0, 0, -1000000, 0, 0, -1000000, 0] best [0, 0, 0, 0, 0, -1000000, 0, 0, -1000000, 0] chain profiles 0 (states 0), maxw 0, DL_RC fails 0, key form fails 0; 7400 evals [1 s]
#   unit {"file": "k4_certs_6_n4_1.json.gz", "pos": 23436} k4_certs_6_n4_1.json.gz#23436[m=10,idx=1952]: start [0, 0, 0, 0, 0, -1000000, 0, 0, -1000000, 0] best [0, 0, 0, 0, 0, -1000000, 0, 0, -1000000, 0] chain profiles 0 (states 0), maxw 0, DL_RC fails 0, key form fails 0; 7400 evals [1 s]
#   unit {"file": "k4_certs_6_n4_1.json.gz", "pos": 23474} k4_certs_6_n4_1.json.gz#23474[m=10,idx=1990]: start [0, 0, 0, 0, 0, -1000000, 0, 0, -1000000, 0] best [0, 0, 0, 0, 0, -1000000, 0, 0, -1000000, 0] chain profiles 0 (states 0), maxw 0, DL_RC fails 0, key form fails 0; 7400 evals [1 s]
#   unit {"file": "k4_certs_6_n4_1.json.gz", "pos": 23544} k4_certs_6_n4_1.json.gz#23544[m=10,idx=2060]: start [0, 0, 0, 0, 0, -1000000, 0, 0, -1000000, 0] best [0, 0, 0, 0, 0, -1000000, 0, 0, -1000000, 0] chain profiles 0 (states 0), maxw 0, DL_RC fails 0, key form fails 0; 7400 evals [1 s]
#   unit {"file": "k4_certs_6_n4_1.json.gz", "pos": 23560} k4_certs_6_n4_1.json.gz#23560[m=10,idx=2076]: start [0, 0, 0, 0, 0, -1000000, 0, 0, -1000000, 0] best [0, 0, 0, 0, 0, -1000000, 0, 0, -1000000, 0] chain profiles 0 (states 0), maxw 0, DL_RC fails 0, key form fails 0; 7400 evals [1 s]
#   unit {"file": "k4_certs_6_n4_1.json.gz", "pos": 23634} k4_certs_6_n4_1.json.gz#23634[m=10,idx=2150]: start [0, 0, 0, 0, 0, -1000000, 0, 0, -1000000, 0] best [0, 0, 0, 0, 0, -1000000, 0, 0, -1000000, 0] chain profiles 0 (states 0), maxw 0, DL_RC fails 0, key form fails 0; 7400 evals [1 s]
#   unit {"file": "k4_certs_6_n4_1.json.gz", "pos": 23679} k4_certs_6_n4_1.json.gz#23679[m=10,idx=2195]: start [0, 0, 0, 0, 0, -1000000, 0, 0, -1000000, 0] best [0, 0, 0, 0, 0, -1000000, 0, 0, -1000000, 0] chain profiles 0 (states 0), maxw 0, DL_RC fails 0, key form fails 0; 7400 evals [1 s]
#   unit {"file": "k4_certs_6_n4_1.json.gz", "pos": 23727} k4_certs_6_n4_1.json.gz#23727[m=10,idx=2243]: start [0, 0, 0, 0, 0, -1000000, 0, 0, -1000000, 0] best [0, 0, 0, 0, 0, -1000000, 0, 0, -1000000, 0] chain profiles 0 (states 0), maxw 0, DL_RC fails 0, key form fails 0; 7400 evals [1 s]
#   unit {"file": "k4_certs_6_n4_1.json.gz", "pos": 23884} k4_certs_6_n4_1.json.gz#23884[m=10,idx=2400]: start [0, 0, 0, 0, 0, -1000000, 0, 0, -1000000, 0] best [0, 0, 0, 0, 0, -1000000, 0, 0, -1000000, 0] chain profiles 0 (states 0), maxw 0, DL_RC fails 0, key form fails 0; 7400 evals [1 s]
#   unit {"file": "k4_certs_6_n4_1.json.gz", "pos": 23728} k4_certs_6_n4_1.json.gz#23728[m=10,idx=2244]: start [0, 0, 0, 0, 0, -1000000, 0, 0, -1000000, 0] best [0, 0, 0, 0, 0, -1000000, 0, 0, -1000000, 0] chain profiles 0 (states 0), maxw 0, DL_RC fails 0, key form fails 0; 7400 evals [1 s]
#   unit {"file": "k4_certs_6_n4_1.json.gz", "pos": 23897} k4_certs_6_n4_1.json.gz#23897[m=10,idx=2413]: start [0, 0, 0, 0, 0, -1000000, 0, 0, -1000000, 0] best [0, 0, 0, 0, 0, -1000000, 0, 0, -1000000, 0] chain profiles 0 (states 0), maxw 0, DL_RC fails 0, key form fails 0; 7400 evals [1 s]
#   unit {"file": "k4_certs_6_n4_1.json.gz", "pos": 23902} k4_certs_6_n4_1.json.gz#23902[m=10,idx=2418]: start [0, 0, 0, 0, 0, -1000000, 0, 0, -1000000, 0] best [0, 0, 0, 0, 0, -1000000, 0, 0, -1000000, 0] chain profiles 0 (states 0), maxw 0, DL_RC fails 0, key form fails 0; 7400 evals [1 s]
#   unit {"file": "k4_certs_6_n4_1.json.gz", "pos": 23914} k4_certs_6_n4_1.json.gz#23914[m=10,idx=2430]: start [0, 0, 0, 0, 0, -1000000, 0, 0, -1000000, 0] best [0, 0, 0, 0, 0, -1000000, 0, 0, -1000000, 0] chain profiles 0 (states 0), maxw 0, DL_RC fails 0, key form fails 0; 7400 evals [1 s]
#   unit {"file": "k4_certs_6_n4_1.json.gz", "pos": 23970} k4_certs_6_n4_1.json.gz#23970[m=10,idx=2486]: start [0, 0, 0, 0, 0, -1000000, 0, 0, -1000000, 0] best [0, 0, 0, 0, 0, -1000000, 0, 0, -1000000, 0] chain profiles 0 (states 0), maxw 0, DL_RC fails 0, key form fails 0; 7400 evals [1 s]
#   unit {"file": "k4_certs_6_n4_1.json.gz", "pos": 23980} k4_certs_6_n4_1.json.gz#23980[m=10,idx=2496]: start [0, 0, 0, 0, 0, -1000000, 0, 0, -1000000, 0] best [0, 0, 0, 0, 0, -1000000, 0, 0, -1000000, 0] chain profiles 0 (states 0), maxw 0, DL_RC fails 0, key form fails 0; 7400 evals [1 s]
#   unit {"file": "k4_certs_6_n4_1.json.gz", "pos": 24079} k4_certs_6_n4_1.json.gz#24079[m=10,idx=2595]: start [0, 0, 0, 0, 0, -1000000, 0, 0, -1000000, 0] best [0, 0, 0, 0, 0, -1000000, 0, 0, -1000000, 0] chain profiles 0 (states 0), maxw 0, DL_RC fails 0, key form fails 0; 7400 evals [1 s]
#   unit {"file": "k4_certs_6_n4_1.json.gz", "pos": 24215} k4_certs_6_n4_1.json.gz#24215[m=10,idx=2731]: start [0, 0, 0, 0, 0, -1000000, 0, 0, -1000000, 0] best [0, 0, 0, 0, 0, -1000000, 0, 0, -1000000, 0] chain profiles 0 (states 0), maxw 0, DL_RC fails 0, key form fails 0; 7400 evals [1 s]
#   unit {"file": "k4_certs_6_n4_1.json.gz", "pos": 24217} k4_certs_6_n4_1.json.gz#24217[m=10,idx=2733]: start [0, 0, 0, 0, 0, -1000000, 0, 0, -1000000, 0] best [0, 0, 0, 0, 0, -1000000, 0, 0, -1000000, 0] chain profiles 0 (states 0), maxw 0, DL_RC fails 0, key form fails 0; 7400 evals [1 s]
#   unit {"file": "k4_certs_6_n4_1.json.gz", "pos": 24243} k4_certs_6_n4_1.json.gz#24243[m=10,idx=2759]: start [0, 0, 0, 0, 0, -1000000, 0, 0, -1000000, 0] best [0, 0, 0, 0, 0, -1000000, 0, 0, -1000000, 0] chain profiles 0 (states 0), maxw 0, DL_RC fails 0, key form fails 0; 7400 evals [1 s]
#   unit {"file": "k4_certs_6_n4_1.json.gz", "pos": 24342} k4_certs_6_n4_1.json.gz#24342[m=10,idx=2858]: start [0, 0, 0, 0, 0, -1000000, 0, 0, -1000000, 0] best [0, 0, 0, 0, 0, -1000000, 0, 0, -1000000, 0] chain profiles 0 (states 0), maxw 0, DL_RC fails 0, key form fails 0; 7400 evals [1 s]
#   unit {"file": "k4_certs_6_n4_1.json.gz", "pos": 24404} k4_certs_6_n4_1.json.gz#24404[m=10,idx=2920]: start [0, 0, 0, 0, 0, -1000000, 0, 0, -1000000, 0] best [0, 0, 0, 0, 0, -1000000, 0, 0, -1000000, 0] chain profiles 0 (states 0), maxw 0, DL_RC fails 0, key form fails 0; 7400 evals [1 s]
#   unit {"file": "k4_certs_6_n4_1.json.gz", "pos": 24427} k4_certs_6_n4_1.json.gz#24427[m=10,idx=2943]: start [0, 0, 0, 0, 0, -1000000, 0, 0, -1000000, 0] best [0, 0, 0, 0, 0, -1000000, 0, 0, -1000000, 0] chain profiles 0 (states 0), maxw 0, DL_RC fails 0, key form fails 0; 7400 evals [1 s]
#   unit {"file": "k4_certs_6_n4_1.json.gz", "pos": 24347} k4_certs_6_n4_1.json.gz#24347[m=10,idx=2863]: start [0, 0, 0, 0, 0, -1000000, 0, 0, -1000000, 0] best [0, 0, 0, 0, 0, -1000000, 0, 0, -1000000, 0] chain profiles 0 (states 0), maxw 0, DL_RC fails 0, key form fails 0; 7400 evals [1 s]
#   unit {"file": "k4_certs_6_n4_1.json.gz", "pos": 24455} k4_certs_6_n4_1.json.gz#24455[m=10,idx=2971]: start [0, 0, 0, 0, 0, -1000000, 0, 0, -1000000, 0] best [0, 0, 0, 0, 0, -1000000, 0, 0, -1000000, 0] chain profiles 0 (states 0), maxw 0, DL_RC fails 0, key form fails 0; 7400 evals [1 s]
#   unit {"file": "k4_certs_6_n4_1.json.gz", "pos": 24579} k4_certs_6_n4_1.json.gz#24579[m=10,idx=3095]: start [0, 0, 0, 0, 0, -1000000, 0, 0, -1000000, 0] best [0, 0, 0, 0, 0, -1000000, 0, 0, -1000000, 0] chain profiles 0 (states 0), maxw 0, DL_RC fails 0, key form fails 0; 7400 evals [1 s]
#   unit {"file": "k4_certs_6_n4_1.json.gz", "pos": 24461} k4_certs_6_n4_1.json.gz#24461[m=10,idx=2977]: start [0, 0, 0, 0, 0, -1000000, 0, 0, -1000000, 0] best [0, 0, 0, 0, 0, -1000000, 0, 0, -1000000, 0] chain profiles 0 (states 0), maxw 0, DL_RC fails 0, key form fails 0; 7400 evals [1 s]
#   unit {"file": "k4_certs_6_n4_1.json.gz", "pos": 24616} k4_certs_6_n4_1.json.gz#24616[m=10,idx=3132]: start [0, 0, 0, 0, 0, -1000000, 0, 0, -1000000, 0] best [0, 0, 0, 0, 0, -1000000, 0, 0, -1000000, 0] chain profiles 0 (states 0), maxw 0, DL_RC fails 0, key form fails 0; 7400 evals [1 s]
#   unit {"file": "k4_certs_6_n4_1.json.gz", "pos": 24677} k4_certs_6_n4_1.json.gz#24677[m=10,idx=3193]: start [0, 0, 0, 0, 0, -1000000, 0, 0, -1000000, 0] best [0, 0, 0, 0, 0, -1000000, 0, 0, -1000000, 0] chain profiles 0 (states 0), maxw 0, DL_RC fails 0, key form fails 0; 7400 evals [1 s]
#   unit {"file": "k4_certs_6_n4_1.json.gz", "pos": 24814} k4_certs_6_n4_1.json.gz#24814[m=10,idx=3330]: start [0, 0, 0, 0, 0, -1000000, 0, 0, -1000000, 0] best [0, 0, 0, 0, 0, -1000000, 0, 0, -1000000, 0] chain profiles 0 (states 0), maxw 0, DL_RC fails 0, key form fails 0; 7400 evals [1 s]
#   unit {"file": "k4_certs_6_n4_1.json.gz", "pos": 24758} k4_certs_6_n4_1.json.gz#24758[m=10,idx=3274]: start [0, 0, 0, 0, 0, -1000000, 0, 0, -1000000, 0] best [0, 0, 0, 0, 0, -1000000, 0, 0, -1000000, 0] chain profiles 0 (states 0), maxw 0, DL_RC fails 0, key form fails 0; 7400 evals [1 s]
#   unit {"file": "k4_certs_6_n4_1.json.gz", "pos": 24840} k4_certs_6_n4_1.json.gz#24840[m=10,idx=3356]: start [0, 0, 0, 0, 0, -1000000, 0, 0, -1000000, 0] best [0, 0, 0, 0, 0, -1000000, 0, 0, -1000000, 0] chain profiles 0 (states 0), maxw 0, DL_RC fails 0, key form fails 0; 7400 evals [1 s]
#   unit {"file": "k4_certs_6_n4_1.json.gz", "pos": 24869} k4_certs_6_n4_1.json.gz#24869[m=10,idx=3385]: start [0, 0, 0, 0, 0, -1000000, 0, 0, -1000000, 0] best [0, 0, 0, 0, 0, -1000000, 0, 0, -1000000, 0] chain profiles 0 (states 0), maxw 0, DL_RC fails 0, key form fails 0; 7400 evals [1 s]
#   unit {"file": "k4_certs_6_n4_1.json.gz", "pos": 24911} k4_certs_6_n4_1.json.gz#24911[m=10,idx=3427]: start [0, 0, 0, 0, 0, -1000000, 0, 0, -1000000, 0] best [0, 0, 0, 0, 0, -1000000, 0, 0, -1000000, 0] chain profiles 0 (states 0), maxw 0, DL_RC fails 0, key form fails 0; 7400 evals [1 s]
#   unit {"file": "k4_certs_6_n4_1.json.gz", "pos": 24976} k4_certs_6_n4_1.json.gz#24976[m=10,idx=3492]: start [0, 0, 0, 0, 0, -1000000, 0, 0, -1000000, 0] best [0, 0, 0, 0, 0, -1000000, 0, 0, -1000000, 0] chain profiles 0 (states 0), maxw 0, DL_RC fails 0, key form fails 0; 7400 evals [1 s]
#   unit {"file": "k4_certs_6_n4_1.json.gz", "pos": 24894} k4_certs_6_n4_1.json.gz#24894[m=10,idx=3410]: start [0, 0, 0, 0, 0, -1000000, 0, 0, -1000000, 0] best [0, 0, 0, 0, 0, -1000000, 0, 0, -1000000, 0] chain profiles 0 (states 0), maxw 0, DL_RC fails 0, key form fails 0; 7400 evals [1 s]
#   unit {"file": "k4_certs_6_n4_1.json.gz", "pos": 24996} k4_certs_6_n4_1.json.gz#24996[m=10,idx=3512]: start [0, 0, 0, 0, 0, -1000000, 0, 0, -1000000, 0] best [0, 0, 0, 0, 0, -1000000, 0, 0, -1000000, 0] chain profiles 0 (states 0), maxw 0, DL_RC fails 0, key form fails 0; 7400 evals [1 s]
#   unit {"file": "k4_certs_6_n4_1.json.gz", "pos": 25073} k4_certs_6_n4_1.json.gz#25073[m=10,idx=3589]: start [0, 0, 0, 0, 0, -1000000, 0, 0, -1000000, 0] best [0, 0, 0, 0, 0, -1000000, 0, 0, -1000000, 0] chain profiles 0 (states 0), maxw 0, DL_RC fails 0, key form fails 0; 7400 evals [1 s]
#   unit {"file": "k4_certs_6_n4_1.json.gz", "pos": 25023} k4_certs_6_n4_1.json.gz#25023[m=10,idx=3539]: start [0, 0, 0, 0, 0, -1000000, 0, 0, -1000000, 0] best [0, 0, 0, 0, 0, -1000000, 0, 0, -1000000, 0] chain profiles 0 (states 0), maxw 0, DL_RC fails 0, key form fails 0; 7400 evals [1 s]
#   unit {"file": "k4_certs_6_n4_1.json.gz", "pos": 25140} k4_certs_6_n4_1.json.gz#25140[m=10,idx=3656]: start [0, 0, 0, 0, 0, -1000000, 0, 0, -1000000, 0] best [0, 0, 0, 0, 0, -1000000, 0, 0, -1000000, 0] chain profiles 0 (states 0), maxw 0, DL_RC fails 0, key form fails 0; 7400 evals [1 s]
#   unit {"file": "k4_certs_6_n4_1.json.gz", "pos": 25173} k4_certs_6_n4_1.json.gz#25173[m=10,idx=3689]: start [0, 0, 0, 0, 0, -1000000, 0, 0, -1000000, 0] best [0, 0, 0, 0, 0, -1000000, 0, 0, -1000000, 0] chain profiles 0 (states 0), maxw 0, DL_RC fails 0, key form fails 0; 7400 evals [1 s]
#   unit {"file": "k4_certs_6_n4_1.json.gz", "pos": 25235} k4_certs_6_n4_1.json.gz#25235[m=10,idx=3751]: start [0, 0, 0, 0, 0, -1000000, 0, 0, -1000000, 0] best [0, 0, 0, 0, 0, -1000000, 0, 0, -1000000, 0] chain profiles 0 (states 0), maxw 0, DL_RC fails 0, key form fails 0; 7400 evals [1 s]
#   unit {"file": "k4_certs_6_n4_1.json.gz", "pos": 25247} k4_certs_6_n4_1.json.gz#25247[m=10,idx=3763]: start [0, 0, 0, 0, 0, -1000000, 0, 0, -1000000, 0] best [0, 0, 0, 0, 0, -1000000, 0, 0, -1000000, 0] chain profiles 0 (states 0), maxw 0, DL_RC fails 0, key form fails 0; 7400 evals [1 s]
#   unit {"file": "k4_certs_6_n4_1.json.gz", "pos": 25348} k4_certs_6_n4_1.json.gz#25348[m=10,idx=3864]: start [0, 0, 0, 0, 0, -1000000, 0, 0, -1000000, 0] best [0, 0, 0, 0, 0, -1000000, 0, 0, -1000000, 0] chain profiles 0 (states 0), maxw 0, DL_RC fails 0, key form fails 0; 7400 evals [1 s]
#   unit {"file": "k4_certs_6_n4_1.json.gz", "pos": 25441} k4_certs_6_n4_1.json.gz#25441[m=10,idx=3957]: start [0, 0, 0, 0, 0, -1000000, 0, 0, -1000000, 0] best [0, 0, 0, 0, 0, -1000000, 0, 0, -1000000, 0] chain profiles 0 (states 0), maxw 0, DL_RC fails 0, key form fails 0; 7400 evals [1 s]
#   unit {"file": "k4_certs_6_n4_1.json.gz", "pos": 25461} k4_certs_6_n4_1.json.gz#25461[m=10,idx=3977]: start [0, 0, 0, 0, 0, -1000000, 0, 0, -1000000, 0] best [0, 0, 0, 0, 0, -1000000, 0, 0, -1000000, 0] chain profiles 0 (states 0), maxw 0, DL_RC fails 0, key form fails 0; 7400 evals [1 s]
#   unit {"file": "k4_certs_6_n4_1.json.gz", "pos": 25495} k4_certs_6_n4_1.json.gz#25495[m=10,idx=4011]: start [0, 0, 0, 0, 0, -1000000, 0, 0, -1000000, 0] best [0, 0, 0, 0, 0, -1000000, 0, 0, -1000000, 0] chain profiles 0 (states 0), maxw 0, DL_RC fails 0, key form fails 0; 7400 evals [1 s]
#   unit {"file": "k4_certs_6_n4_1.json.gz", "pos": 25509} k4_certs_6_n4_1.json.gz#25509[m=10,idx=4025]: start [0, 0, 0, 0, 0, -1000000, 0, 0, -1000000, 0] best [0, 0, 0, 0, 0, -1000000, 0, 0, -1000000, 0] chain profiles 0 (states 0), maxw 0, DL_RC fails 0, key form fails 0; 7400 evals [1 s]
#   unit {"file": "k4_certs_6_n4_1.json.gz", "pos": 25520} k4_certs_6_n4_1.json.gz#25520[m=10,idx=4036]: start [0, 0, 0, 0, 0, -1000000, 0, 0, -1000000, 0] best [0, 0, 0, 0, 0, -1000000, 0, 0, -1000000, 0] chain profiles 0 (states 0), maxw 0, DL_RC fails 0, key form fails 0; 7400 evals [1 s]
#   unit {"file": "k4_certs_6_n4_1.json.gz", "pos": 25560} k4_certs_6_n4_1.json.gz#25560[m=10,idx=4076]: start [0, 0, 0, 0, 0, -1000000, 0, 0, -1000000, 0] best [0, 0, 0, 0, 0, -1000000, 0, 0, -1000000, 0] chain profiles 0 (states 0), maxw 0, DL_RC fails 0, key form fails 0; 7400 evals [1 s]
#   unit {"file": "k4_certs_6_n4_1.json.gz", "pos": 25634} k4_certs_6_n4_1.json.gz#25634[m=10,idx=4150]: start [0, 0, 0, 0, 0, -1000000, 0, 0, -1000000, 0] best [0, 0, 0, 0, 0, -1000000, 0, 0, -1000000, 0] chain profiles 0 (states 0), maxw 0, DL_RC fails 0, key form fails 0; 7400 evals [1 s]
#   unit {"file": "k4_certs_6_n4_1.json.gz", "pos": 25687} k4_certs_6_n4_1.json.gz#25687[m=10,idx=4203]: start [0, 0, 0, 0, 0, -1000000, 0, 0, -1000000, 0] best [0, 0, 0, 0, 0, -1000000, 0, 0, -1000000, 0] chain profiles 0 (states 0), maxw 0, DL_RC fails 0, key form fails 0; 7400 evals [1 s]
#   unit {"file": "k4_certs_6_n4_1.json.gz", "pos": 25691} k4_certs_6_n4_1.json.gz#25691[m=10,idx=4207]: start [0, 0, 0, 0, 0, -1000000, 0, 0, -1000000, 0] best [0, 0, 0, 0, 0, -1000000, 0, 0, -1000000, 0] chain profiles 0 (states 0), maxw 0, DL_RC fails 0, key form fails 0; 7400 evals [1 s]
#   unit {"file": "k4_certs_6_n4_1.json.gz", "pos": 25769} k4_certs_6_n4_1.json.gz#25769[m=11,idx=66]: start [0, 0, 0, 0, 0, -1000000, 0, 0, -1000000, 0] best [0, 0, 0, 0, 0, -1000000, 0, 0, -1000000, 0] chain profiles 0 (states 0), maxw 0, DL_RC fails 0, key form fails 0; 7400 evals [1 s]
#   unit {"file": "k4_certs_6_n4_1.json.gz", "pos": 25806} k4_certs_6_n4_1.json.gz#25806[m=11,idx=103]: start [0, 0, 0, 0, 0, -1000000, 0, 0, -1000000, 0] best [0, 0, 0, 0, 0, -1000000, 0, 0, -1000000, 0] chain profiles 0 (states 0), maxw 0, DL_RC fails 0, key form fails 0; 7400 evals [1 s]
#   unit {"file": "k4_certs_6_n4_1.json.gz", "pos": 25904} k4_certs_6_n4_1.json.gz#25904[m=11,idx=201]: start [0, 0, 0, 0, 0, -1000000, 0, 0, -1000000, 0] best [0, 0, 0, 0, 0, -1000000, 0, 0, -1000000, 0] chain profiles 0 (states 0), maxw 0, DL_RC fails 0, key form fails 0; 7400 evals [1 s]
#   unit {"file": "k4_certs_6_n4_1.json.gz", "pos": 25930} k4_certs_6_n4_1.json.gz#25930[m=11,idx=227]: start [0, 0, 0, 0, 0, -1000000, 0, 0, -1000000, 0] best [0, 0, 0, 0, 0, -1000000, 0, 0, -1000000, 0] chain profiles 0 (states 0), maxw 0, DL_RC fails 0, key form fails 0; 7400 evals [1 s]
#   unit {"file": "k4_certs_6_n4_1.json.gz", "pos": 25996} k4_certs_6_n4_1.json.gz#25996[m=11,idx=293]: start [0, 0, 0, 0, 0, -1000000, 0, 0, -1000000, 0] best [0, 0, 0, 0, 0, -1000000, 0, 0, -1000000, 0] chain profiles 0 (states 0), maxw 0, DL_RC fails 0, key form fails 0; 7400 evals [1 s]
#   unit {"file": "k4_certs_6_n4_1.json.gz", "pos": 26063} k4_certs_6_n4_1.json.gz#26063[m=11,idx=360]: start [0, 0, 0, 0, 0, -1000000, 0, 0, -1000000, 0] best [0, 0, 0, 0, 0, -1000000, 0, 0, -1000000, 0] chain profiles 0 (states 0), maxw 0, DL_RC fails 0, key form fails 0; 7400 evals [1 s]
#   unit {"file": "k4_certs_6_n4_1.json.gz", "pos": 25999} k4_certs_6_n4_1.json.gz#25999[m=11,idx=296]: start [0, 0, 0, 0, 0, -1000000, 0, 0, -1000000, 0] best [0, 0, 0, 0, 0, -1000000, 0, 0, -1000000, 0] chain profiles 0 (states 0), maxw 0, DL_RC fails 0, key form fails 0; 7400 evals [1 s]
#   unit {"file": "k4_certs_6_n4_1.json.gz", "pos": 26086} k4_certs_6_n4_1.json.gz#26086[m=11,idx=383]: start [0, 0, 0, 0, 0, -1000000, 0, 0, -1000000, 0] best [0, 0, 0, 0, 0, -1000000, 0, 0, -1000000, 0] chain profiles 0 (states 0), maxw 0, DL_RC fails 0, key form fails 0; 7400 evals [1 s]
#   unit {"file": "k4_certs_6_n4_1.json.gz", "pos": 26096} k4_certs_6_n4_1.json.gz#26096[m=11,idx=393]: start [0, 0, 0, 0, 0, -1000000, 0, 0, -1000000, 0] best [0, 0, 0, 0, 0, -1000000, 0, 0, -1000000, 0] chain profiles 0 (states 0), maxw 0, DL_RC fails 0, key form fails 0; 7400 evals [1 s]
#   unit {"file": "k4_certs_6_n4_1.json.gz", "pos": 26219} k4_certs_6_n4_1.json.gz#26219[m=11,idx=516]: start [0, 0, 0, 0, 0, -1000000, 0, 0, -1000000, 0] best [0, 0, 0, 0, 0, -1000000, 0, 0, -1000000, 0] chain profiles 0 (states 0), maxw 0, DL_RC fails 0, key form fails 0; 7400 evals [1 s]
#   unit {"file": "k4_certs_6_n4_1.json.gz", "pos": 26105} k4_certs_6_n4_1.json.gz#26105[m=11,idx=402]: start [0, 0, 0, 0, 0, -1000000, 0, 0, -1000000, 0] best [0, 0, 0, 0, 0, -1000000, 0, 0, -1000000, 0] chain profiles 0 (states 0), maxw 0, DL_RC fails 0, key form fails 0; 7400 evals [1 s]
#   unit {"file": "k4_certs_6_n4_1.json.gz", "pos": 26220} k4_certs_6_n4_1.json.gz#26220[m=11,idx=517]: start [0, 0, 0, 0, 0, -1000000, 0, 0, -1000000, 0] best [0, 0, 0, 0, 0, -1000000, 0, 0, -1000000, 0] chain profiles 0 (states 0), maxw 0, DL_RC fails 0, key form fails 0; 7400 evals [1 s]
#   unit {"file": "k4_certs_6_n4_1.json.gz", "pos": 26223} k4_certs_6_n4_1.json.gz#26223[m=11,idx=520]: start [0, 0, 0, 0, 0, -1000000, 0, 0, -1000000, 0] best [0, 0, 0, 0, 0, -1000000, 0, 0, -1000000, 0] chain profiles 0 (states 0), maxw 0, DL_RC fails 0, key form fails 0; 7400 evals [1 s]
#   unit {"file": "k4_certs_6_n4_1.json.gz", "pos": 26277} k4_certs_6_n4_1.json.gz#26277[m=11,idx=574]: start [0, 0, 0, 0, 0, -1000000, 0, 0, -1000000, 0] best [0, 0, 0, 0, 0, -1000000, 0, 0, -1000000, 0] chain profiles 0 (states 0), maxw 0, DL_RC fails 0, key form fails 0; 7400 evals [1 s]
#   unit {"file": "k4_certs_6_n4_1.json.gz", "pos": 26272} k4_certs_6_n4_1.json.gz#26272[m=11,idx=569]: start [0, 0, 0, 0, 0, -1000000, 0, 0, -1000000, 0] best [0, 0, 0, 0, 0, -1000000, 0, 0, -1000000, 0] chain profiles 0 (states 0), maxw 0, DL_RC fails 0, key form fails 0; 7400 evals [1 s]
#   unit {"file": "k4_certs_6_n4_1.json.gz", "pos": 26324} k4_certs_6_n4_1.json.gz#26324[m=11,idx=621]: start [0, 0, 0, 0, 0, -1000000, 0, 0, -1000000, 0] best [0, 0, 0, 0, 0, -1000000, 0, 0, -1000000, 0] chain profiles 0 (states 0), maxw 0, DL_RC fails 0, key form fails 0; 7400 evals [1 s]
#   unit {"file": "k4_certs_6_n4_1.json.gz", "pos": 26369} k4_certs_6_n4_1.json.gz#26369[m=11,idx=666]: start [0, 0, 0, 0, 0, -1000000, 0, 0, -1000000, 0] best [0, 0, 0, 0, 0, -1000000, 0, 0, -1000000, 0] chain profiles 0 (states 0), maxw 0, DL_RC fails 0, key form fails 0; 7400 evals [1 s]
#   unit {"file": "k4_certs_6_n4_1.json.gz", "pos": 26381} k4_certs_6_n4_1.json.gz#26381[m=11,idx=678]: start [0, 0, 0, 0, 0, -1000000, 0, 0, -1000000, 0] best [0, 0, 0, 0, 0, -1000000, 0, 0, -1000000, 0] chain profiles 0 (states 0), maxw 0, DL_RC fails 0, key form fails 0; 7400 evals [1 s]
#   unit {"file": "k4_certs_6_n4_1.json.gz", "pos": 26371} k4_certs_6_n4_1.json.gz#26371[m=11,idx=668]: start [0, 0, 0, 0, 0, -1000000, 0, 0, -1000000, 0] best [0, 0, 0, 0, 0, -1000000, 0, 0, -1000000, 0] chain profiles 0 (states 0), maxw 0, DL_RC fails 0, key form fails 0; 7400 evals [1 s]
#   unit {"file": "k4_certs_6_n4_1.json.gz", "pos": 26382} k4_certs_6_n4_1.json.gz#26382[m=11,idx=679]: start [0, 0, 0, 0, 0, -1000000, 0, 0, -1000000, 0] best [0, 0, 0, 0, 0, -1000000, 0, 0, -1000000, 0] chain profiles 0 (states 0), maxw 0, DL_RC fails 0, key form fails 0; 7400 evals [1 s]
#   unit {"file": "k4_certs_6_n4_1.json.gz", "pos": 26386} k4_certs_6_n4_1.json.gz#26386[m=11,idx=683]: start [0, 0, 0, 0, 0, -1000000, 0, 0, -1000000, 0] best [0, 0, 0, 0, 0, -1000000, 0, 0, -1000000, 0] chain profiles 0 (states 0), maxw 0, DL_RC fails 0, key form fails 0; 7400 evals [1 s]
#   unit {"file": "k4_certs_6_n4_1.json.gz", "pos": 26394} k4_certs_6_n4_1.json.gz#26394[m=11,idx=691]: start [0, 0, 0, 0, 0, -1000000, 0, 0, -1000000, 0] best [0, 0, 0, 0, 0, -1000000, 0, 0, -1000000, 0] chain profiles 0 (states 0), maxw 0, DL_RC fails 0, key form fails 0; 7400 evals [1 s]
#   unit {"file": "k4_certs_6_n4_1.json.gz", "pos": 26400} k4_certs_6_n4_1.json.gz#26400[m=11,idx=697]: start [0, 0, 0, 0, 0, -1000000, 0, 0, -1000000, 0] best [0, 0, 0, 0, 0, -1000000, 0, 0, -1000000, 0] chain profiles 0 (states 0), maxw 0, DL_RC fails 0, key form fails 0; 7400 evals [1 s]
#   unit {"file": "k4_certs_6_n4_1.json.gz", "pos": 26418} k4_certs_6_n4_1.json.gz#26418[m=11,idx=715]: start [0, 0, 0, 0, 0, -1000000, 0, 0, -1000000, 0] best [0, 0, 0, 0, 0, -1000000, 0, 0, -1000000, 0] chain profiles 0 (states 0), maxw 0, DL_RC fails 0, key form fails 0; 7400 evals [1 s]
#   unit {"file": "k4_certs_6_n4_1.json.gz", "pos": 26488} k4_certs_6_n4_1.json.gz#26488[m=11,idx=785]: start [0, 0, 0, 0, 0, -1000000, 0, 0, -1000000, 0] best [0, 0, 0, 0, 0, -1000000, 0, 0, -1000000, 0] chain profiles 0 (states 0), maxw 0, DL_RC fails 0, key form fails 0; 7400 evals [1 s]
#   unit {"file": "k4_certs_6_n4_1.json.gz", "pos": 26526} k4_certs_6_n4_1.json.gz#26526[m=11,idx=823]: start [0, 0, 0, 0, 0, -1000000, 0, 0, -1000000, 0] best [0, 0, 0, 0, 0, -1000000, 0, 0, -1000000, 0] chain profiles 0 (states 0), maxw 0, DL_RC fails 0, key form fails 0; 7400 evals [1 s]
#   unit {"file": "k4_certs_6_n4_1.json.gz", "pos": 26595} k4_certs_6_n4_1.json.gz#26595[m=11,idx=892]: start [0, 0, 0, 0, 0, -1000000, 0, 0, -1000000, 0] best [0, 0, 0, 0, 0, -1000000, 0, 0, -1000000, 0] chain profiles 0 (states 0), maxw 0, DL_RC fails 0, key form fails 0; 7400 evals [1 s]
#   unit {"file": "k4_certs_6_n4_1.json.gz", "pos": 26657} k4_certs_6_n4_1.json.gz#26657[m=11,idx=954]: start [0, 0, 0, 0, 0, -1000000, 0, 0, -1000000, 0] best [0, 0, 0, 0, 0, -1000000, 0, 0, -1000000, 0] chain profiles 0 (states 0), maxw 0, DL_RC fails 0, key form fails 0; 7400 evals [1 s]
#   unit {"file": "k4_certs_6_n4_1.json.gz", "pos": 26732} k4_certs_6_n4_1.json.gz#26732[m=11,idx=1029]: start [0, 0, 0, 0, 0, -1000000, 0, 0, -1000000, 0] best [0, 0, 0, 0, 0, -1000000, 0, 0, -1000000, 0] chain profiles 0 (states 0), maxw 0, DL_RC fails 0, key form fails 0; 7400 evals [1 s]
#   unit {"file": "k4_certs_6_n4_1.json.gz", "pos": 26750} k4_certs_6_n4_1.json.gz#26750[m=11,idx=1047]: start [0, 0, 0, 0, 0, -1000000, 0, 0, -1000000, 0] best [0, 0, 0, 0, 0, -1000000, 0, 0, -1000000, 0] chain profiles 0 (states 0), maxw 0, DL_RC fails 0, key form fails 0; 7400 evals [1 s]
#   unit {"file": "k4_certs_6_n4_1.json.gz", "pos": 26756} k4_certs_6_n4_1.json.gz#26756[m=11,idx=1053]: start [0, 0, 0, 0, 0, -1000000, 0, 0, -1000000, 0] best [0, 0, 0, 0, 0, -1000000, 0, 0, -1000000, 0] chain profiles 0 (states 0), maxw 0, DL_RC fails 0, key form fails 0; 7400 evals [1 s]
#   unit {"file": "k4_certs_6_n4_1.json.gz", "pos": 26812} k4_certs_6_n4_1.json.gz#26812[m=12,idx=42]: start [0, 0, 0, 0, 0, -1000000, 0, 0, -1000000, 0] best [0, 0, 0, 0, 0, -1000000, 0, 0, -1000000, 0] chain profiles 0 (states 0), maxw 0, DL_RC fails 0, key form fails 0; 7400 evals [1 s]
TOTAL n6: units 600, profiles evaluated 4440000 (with repeats; def > 0 states with f >= 1 in them: 0), unit time 406 s (this session 102 s wall); units reaching a chain state 0, distinct chain profiles 0 (chain states 0), largest least |W| at a chain state 0; units with a DL_RC failure 0, with a key-form failure 0
best units (score order rcf kf chainw2 chain chain3 -gap c3 kstar -minmv st1):
  {"file": "k4_certs_6_n4_1.json.gz", "pos": 84} k4_certs_6_n4_1.json.gz#84[m=5,idx=78] n=6 m=5 best [0, 0, 0, 0, 0, -1000000, 0, 0, -1000000, 0] prof [2, 1, 20, 0, 1, 2] H {'f': -1, 'st1': 0, 'rt4f': 0, 'rcf': 0, 'ch': 0, 'ch3': 0, 'chw2': 0, 'gap': 999999, 'c3': 0, 'mv': 999999, 'kf': 0, 'kfk': 0, 'maxw': 0, 'kstar': 0}
  {"file": "k4_certs_6_n4_1.json.gz", "pos": 156} k4_certs_6_n4_1.json.gz#156[m=6,idx=31] n=6 m=6 best [0, 0, 0, 0, 0, -1000000, 0, 0, -1000000, 0] prof [36, 4, 1, 0, 0, 1] H {'f': -1, 'st1': 0, 'rt4f': 0, 'rcf': 0, 'ch': 0, 'ch3': 0, 'chw2': 0, 'gap': 999999, 'c3': 0, 'mv': 999999, 'kf': 0, 'kfk': 0, 'maxw': 0, 'kstar': 0}
  {"file": "k4_certs_6_n4_1.json.gz", "pos": 14} k4_certs_6_n4_1.json.gz#14[m=5,idx=8] n=6 m=5 best [0, 0, 0, 0, 0, -1000000, 0, 0, -1000000, 0] prof [1, 42, 2, 4, 1, 0] H {'f': -1, 'st1': 0, 'rt4f': 0, 'rcf': 0, 'ch': 0, 'ch3': 0, 'chw2': 0, 'gap': 999999, 'c3': 0, 'mv': 999999, 'kf': 0, 'kfk': 0, 'maxw': 0, 'kstar': 0}
  {"file": "k4_certs_6_n4_1.json.gz", "pos": 175} k4_certs_6_n4_1.json.gz#175[m=6,idx=50] n=6 m=6 best [0, 0, 0, 0, 0, -1000000, 0, 0, -1000000, 0] prof [255, 3, 5, 3, 2, 1] H {'f': -1, 'st1': 0, 'rt4f': 0, 'rcf': 0, 'ch': 0, 'ch3': 0, 'chw2': 0, 'gap': 999999, 'c3': 0, 'mv': 999999, 'kf': 0, 'kfk': 0, 'maxw': 0, 'kstar': 0}
  {"file": "k4_certs_6_n4_1.json.gz", "pos": 202} k4_certs_6_n4_1.json.gz#202[m=6,idx=77] n=6 m=6 best [0, 0, 0, 0, 0, -1000000, 0, 0, -1000000, 0] prof [1, 1, 224, 1, 4, 5] H {'f': -1, 'st1': 0, 'rt4f': 0, 'rcf': 0, 'ch': 0, 'ch3': 0, 'chw2': 0, 'gap': 999999, 'c3': 0, 'mv': 999999, 'kf': 0, 'kfk': 0, 'maxw': 0, 'kstar': 0}
  {"file": "k4_certs_6_n4_1.json.gz", "pos": 317} k4_certs_6_n4_1.json.gz#317[m=6,idx=192] n=6 m=6 best [0, 0, 0, 0, 0, -1000000, 0, 0, -1000000, 0] prof [0, 276, 2, 0, 4, 1] H {'f': -1, 'st1': 0, 'rt4f': 0, 'rcf': 0, 'ch': 0, 'ch3': 0, 'chw2': 0, 'gap': 999999, 'c3': 0, 'mv': 999999, 'kf': 0, 'kfk': 0, 'maxw': 0, 'kstar': 0}
  {"file": "k4_certs_6_n4_1.json.gz", "pos": 322} k4_certs_6_n4_1.json.gz#322[m=6,idx=197] n=6 m=6 best [0, 0, 0, 0, 0, -1000000, 0, 0, -1000000, 0] prof [4, 65, 4, 2, 2, 0] H {'f': -1, 'st1': 0, 'rt4f': 0, 'rcf': 0, 'ch': 0, 'ch3': 0, 'chw2': 0, 'gap': 999999, 'c3': 0, 'mv': 999999, 'kf': 0, 'kfk': 0, 'maxw': 0, 'kstar': 0}
  {"file": "k4_certs_6_n4_1.json.gz", "pos": 349} k4_certs_6_n4_1.json.gz#349[m=6,idx=224] n=6 m=6 best [0, 0, 0, 0, 0, -1000000, 0, 0, -1000000, 0] prof [1, 9, 0, 0, 3, 5] H {'f': -1, 'st1': 0, 'rt4f': 0, 'rcf': 0, 'ch': 0, 'ch3': 0, 'chw2': 0, 'gap': 999999, 'c3': 0, 'mv': 999999, 'kf': 0, 'kfk': 0, 'maxw': 0, 'kstar': 0}
  {"file": "k4_certs_6_n4_1.json.gz", "pos": 401} k4_certs_6_n4_1.json.gz#401[m=6,idx=276] n=6 m=6 best [0, 0, 0, 0, 0, -1000000, 0, 0, -1000000, 0] prof [122, 2, 4, 1, 5, 3] H {'f': -1, 'st1': 0, 'rt4f': 0, 'rcf': 0, 'ch': 0, 'ch3': 0, 'chw2': 0, 'gap': 999999, 'c3': 0, 'mv': 999999, 'kf': 0, 'kfk': 0, 'maxw': 0, 'kstar': 0}
  {"file": "k4_certs_6_n4_1.json.gz", "pos": 410} k4_certs_6_n4_1.json.gz#410[m=6,idx=285] n=6 m=6 best [0, 0, 0, 0, 0, -1000000, 0, 0, -1000000, 0] prof [156, 5, 2, 4, 3, 1] H {'f': -1, 'st1': 0, 'rt4f': 0, 'rcf': 0, 'ch': 0, 'ch3': 0, 'chw2': 0, 'gap': 999999, 'c3': 0, 'mv': 999999, 'kf': 0, 'kfk': 0, 'maxw': 0, 'kstar': 0}
  {"file": "k4_certs_6_n4_1.json.gz", "pos": 429} k4_certs_6_n4_1.json.gz#429[m=6,idx=304] n=6 m=6 best [0, 0, 0, 0, 0, -1000000, 0, 0, -1000000, 0] prof [2, 43, 1, 0, 1, 4] H {'f': -1, 'st1': 0, 'rt4f': 0, 'rcf': 0, 'ch': 0, 'ch3': 0, 'chw2': 0, 'gap': 999999, 'c3': 0, 'mv': 999999, 'kf': 0, 'kfk': 0, 'maxw': 0, 'kstar': 0}
  {"file": "k4_certs_6_n4_1.json.gz", "pos": 485} k4_certs_6_n4_1.json.gz#485[m=6,idx=360] n=6 m=6 best [0, 0, 0, 0, 0, -1000000, 0, 0, -1000000, 0] prof [33, 1, 1, 4, 5, 3] H {'f': -1, 'st1': 0, 'rt4f': 0, 'rcf': 0, 'ch': 0, 'ch3': 0, 'chw2': 0, 'gap': 999999, 'c3': 0, 'mv': 999999, 'kf': 0, 'kfk': 0, 'maxw': 0, 'kstar': 0}
  {"file": "k4_certs_6_n4_1.json.gz", "pos": 558} k4_certs_6_n4_1.json.gz#558[m=6,idx=433] n=6 m=6 best [0, 0, 0, 0, 0, -1000000, 0, 0, -1000000, 0] prof [2, 20, 0, 1, 3, 1] H {'f': -1, 'st1': 0, 'rt4f': 0, 'rcf': 0, 'ch': 0, 'ch3': 0, 'chw2': 0, 'gap': 999999, 'c3': 0, 'mv': 999999, 'kf': 0, 'kfk': 0, 'maxw': 0, 'kstar': 0}
  {"file": "k4_certs_6_n4_1.json.gz", "pos": 716} k4_certs_6_n4_1.json.gz#716[m=6,idx=591] n=6 m=6 best [0, 0, 0, 0, 0, -1000000, 0, 0, -1000000, 0] prof [122, 0, 3, 2, 3, 2] H {'f': -1, 'st1': 0, 'rt4f': 0, 'rcf': 0, 'ch': 0, 'ch3': 0, 'chw2': 0, 'gap': 999999, 'c3': 0, 'mv': 999999, 'kf': 0, 'kfk': 0, 'maxw': 0, 'kstar': 0}
  {"file": "k4_certs_6_n4_1.json.gz", "pos": 607} k4_certs_6_n4_1.json.gz#607[m=6,idx=482] n=6 m=6 best [0, 0, 0, 0, 0, -1000000, 0, 0, -1000000, 0] prof [4, 43, 2, 4, 5, 3] H {'f': -1, 'st1': 0, 'rt4f': 0, 'rcf': 0, 'ch': 0, 'ch3': 0, 'chw2': 0, 'gap': 999999, 'c3': 0, 'mv': 999999, 'kf': 0, 'kfk': 0, 'maxw': 0, 'kstar': 0}
