file	pos	idx	m	profile	bases	found	f	def	k	r13dist	rdist	branch	t4types	dT4	sig
k4_certs_4_n4_1.json.gz	25	5	6	6,1,3,3	[[4], [1], [3], [5]]	1	3	1	2	99	2	T4	2,3	0	G
k4_certs_4_n4_1.json.gz	25	5	6	6,1,3,3	[[4], [1], [5], [3]]	1	3	1	2	99	2	T4	2,3	0	G
k4_certs_4_n4_1.json.gz	25	5	6	11,1,3,3	[[4], [1], [3], [5]]	1	3	1	2	99	2	T4	2,3	0	G
k4_certs_4_n4_1.json.gz	25	5	6	11,1,3,3	[[4], [1], [5], [3]]	1	3	1	2	99	2	T4	2,3	0	G
k4_certs_4_n4_1.json.gz	25	5	6	21,1,3,3	[[4], [1], [3], [5]]	1	3	1	2	99	2	T4	2,3	0	G
k4_certs_4_n4_1.json.gz	25	5	6	21,1,3,3	[[4], [1], [5], [3]]	1	3	1	2	99	2	T4	2,3	0	G
k4_certs_4_n4_1.json.gz	25	5	6	34,1,3,3	[[4], [1], [3], [5]]	1	3	1	2	99	2	T4	2,3	0	G
k4_certs_4_n4_1.json.gz	25	5	6	34,1,3,3	[[4], [1], [5], [3]]	1	3	1	2	99	2	T4	2,3	0	G
k4_certs_4_n4_1.json.gz	25	5	6	39,1,3,3	[[4], [1], [3], [5]]	1	3	1	2	99	2	T4	2,3	0	G
k4_certs_4_n4_1.json.gz	25	5	6	39,1,3,3	[[4], [1], [5], [3]]	1	3	1	2	99	2	T4	2,3	0	G
k4_certs_4_n4_1.json.gz	25	5	6	51,1,3,3	[[4], [1], [3], [5]]	1	3	1	2	99	2	T4	2,3	0	G
k4_certs_4_n4_1.json.gz	25	5	6	51,1,3,3	[[4], [1], [5], [3]]	1	3	1	2	99	2	T4	2,3	0	G
k4_certs_4_n4_1.json.gz	25	5	6	65,1,3,3	[[4], [1], [3], [5]]	1	3	1	2	99	2	T4	2,3	0	G
k4_certs_4_n4_1.json.gz	25	5	6	65,1,3,3	[[4], [1], [5], [3]]	1	3	1	2	99	2	T4	2,3	0	G
k4_certs_4_n4_1.json.gz	25	5	6	73,1,3,3	[[4], [1], [3], [5]]	1	3	1	2	99	2	T4	2,3	0	G
k4_certs_4_n4_1.json.gz	25	5	6	73,1,3,3	[[4], [1], [5], [3]]	1	3	1	2	99	2	T4	2,3	0	G
k4_certs_4_n4_1.json.gz	25	5	6	103,1,3,3	[[4], [1], [3], [5]]	1	3	1	2	99	2	T4	2,3	0	G
k4_certs_4_n4_1.json.gz	25	5	6	103,1,3,3	[[4], [1], [5], [3]]	1	3	1	2	99	2	T4	2,3	0	G
k4_certs_4_n4_1.json.gz	25	5	6	111,1,3,3	[[4], [1], [3], [5]]	1	3	1	2	99	2	T4	2,3	0	G
k4_certs_4_n4_1.json.gz	25	5	6	111,1,3,3	[[4], [1], [5], [3]]	1	3	1	2	99	2	T4	2,3	0	G
k4_certs_4_n4_2.json.gz	20	2	6	6,5,1,5	[[3], [4], [2], [5]]	1	3	1	2	99	2	T4	2,3	0	G
k4_certs_4_n4_2.json.gz	20	2	6	6,5,1,5	[[3], [5], [2], [4]]	1	3	1	2	99	2	T4	2,3	0	G
k4_certs_4_n4_2.json.gz	20	2	6	6,31,1,5	[[3], [4], [2], [5]]	1	3	1	2	99	2	T4	2,3	0	G
k4_certs_4_n4_2.json.gz	20	2	6	6,31,1,5	[[3], [5], [2], [4]]	1	3	1	2	99	2	T4	2,3	0	G
k4_certs_4_n4_2.json.gz	20	2	6	6,34,1,5	[[3], [4], [2], [5]]	1	3	1	2	99	2	T4	2,3	0	G
k4_certs_4_n4_2.json.gz	20	2	6	6,34,1,5	[[3], [5], [2], [4]]	1	3	1	2	99	2	T4	2,3	0	G
k4_certs_4_n4_2.json.gz	20	2	6	6,35,1,5	[[3], [4], [2], [5]]	1	3	1	2	99	2	T4	2,3	0	G
k4_certs_4_n4_2.json.gz	20	2	6	6,35,1,5	[[3], [5], [2], [4]]	1	3	1	2	99	2	T4	2,3	0	G
k4_certs_4_n4_2.json.gz	20	2	6	6,38,1,5	[[3], [4], [2], [5]]	1	3	1	2	99	2	T4	2,3	0	G
k4_certs_4_n4_2.json.gz	20	2	6	6,38,1,5	[[3], [5], [2], [4]]	1	3	1	2	99	2	T4	2,3	0	G
k4_certs_4_n4_2.json.gz	20	2	6	6,40,1,5	[[3], [4], [2], [5]]	1	3	1	2	99	2	T4	2,3	0	G
k4_certs_4_n4_2.json.gz	20	2	6	6,40,1,5	[[3], [5], [2], [4]]	1	3	1	2	99	2	T4	2,3	0	G
k4_certs_4_n4_2.json.gz	20	2	6	6,41,1,5	[[3], [4], [2], [5]]	1	3	1	2	99	2	T4	2,3	0	G
k4_certs_4_n4_2.json.gz	20	2	6	6,41,1,5	[[3], [5], [2], [4]]	1	3	1	2	99	2	T4	2,3	0	G
k4_certs_4_n4_2.json.gz	20	2	6	6,63,1,5	[[3], [4], [2], [5]]	1	3	1	2	99	2	T4	2,3	0	G
k4_certs_4_n4_2.json.gz	20	2	6	6,63,1,5	[[3], [5], [2], [4]]	1	3	1	2	99	2	T4	2,3	0	G
k4_certs_4_n4_2.json.gz	20	2	6	6,68,1,5	[[3], [4], [2], [5]]	1	3	1	2	99	2	T4	2,3	0	G
k4_certs_4_n4_2.json.gz	20	2	6	6,68,1,5	[[3], [5], [2], [4]]	1	3	1	2	99	2	T4	2,3	0	G
k4_certs_4_n4_2.json.gz	20	2	6	6,76,1,5	[[3], [4], [2], [5]]	1	3	1	2	99	2	T4	2,3	0	G
k4_certs_4_n4_2.json.gz	20	2	6	6,76,1,5	[[3], [5], [2], [4]]	1	3	1	2	99	2	T4	2,3	0	G
k4_certs_4_n4_2.json.gz	20	2	6	6,77,1,5	[[3], [4], [2], [5]]	1	3	1	2	99	2	T4	2,3	0	G
k4_certs_4_n4_2.json.gz	20	2	6	6,77,1,5	[[3], [5], [2], [4]]	1	3	1	2	99	2	T4	2,3	0	G
k4_certs_4_n4_2.json.gz	20	2	6	6,119,1,5	[[3], [4], [2], [5]]	1	3	1	2	99	2	T4	2,3	0	G
k4_certs_4_n4_2.json.gz	20	2	6	6,119,1,5	[[3], [5], [2], [4]]	1	3	1	2	99	2	T4	2,3	0	G
k4_certs_4_n4_2.json.gz	20	2	6	11,5,1,5	[[3], [4], [2], [5]]	1	3	1	2	99	2	T4	2,3	0	G
k4_certs_4_n4_2.json.gz	20	2	6	11,5,1,5	[[3], [5], [2], [4]]	1	3	1	2	99	2	T4	2,3	0	G
k4_certs_4_n4_2.json.gz	20	2	6	11,31,1,5	[[3], [4], [2], [5]]	1	3	1	2	99	2	T4	2,3	0	G
k4_certs_4_n4_2.json.gz	20	2	6	11,31,1,5	[[3], [5], [2], [4]]	1	3	1	2	99	2	T4	2,3	0	G
k4_certs_4_n4_2.json.gz	20	2	6	11,34,1,5	[[3], [4], [2], [5]]	1	3	1	2	99	2	T4	2,3	0	G
k4_certs_4_n4_2.json.gz	20	2	6	11,34,1,5	[[3], [5], [2], [4]]	1	3	1	2	99	2	T4	2,3	0	G
k4_certs_4_n4_2.json.gz	20	2	6	11,35,1,5	[[3], [4], [2], [5]]	1	3	1	2	99	2	T4	2,3	0	G
k4_certs_4_n4_2.json.gz	20	2	6	11,35,1,5	[[3], [5], [2], [4]]	1	3	1	2	99	2	T4	2,3	0	G
k4_certs_4_n4_2.json.gz	20	2	6	11,38,1,5	[[3], [4], [2], [5]]	1	3	1	2	99	2	T4	2,3	0	G
k4_certs_4_n4_2.json.gz	20	2	6	11,38,1,5	[[3], [5], [2], [4]]	1	3	1	2	99	2	T4	2,3	0	G
k4_certs_4_n4_2.json.gz	20	2	6	11,40,1,5	[[3], [4], [2], [5]]	1	3	1	2	99	2	T4	2,3	0	G
k4_certs_4_n4_2.json.gz	20	2	6	11,40,1,5	[[3], [5], [2], [4]]	1	3	1	2	99	2	T4	2,3	0	G
k4_certs_4_n4_2.json.gz	20	2	6	11,41,1,5	[[3], [4], [2], [5]]	1	3	1	2	99	2	T4	2,3	0	G
k4_certs_4_n4_2.json.gz	20	2	6	11,41,1,5	[[3], [5], [2], [4]]	1	3	1	2	99	2	T4	2,3	0	G
k4_certs_4_n4_2.json.gz	20	2	6	11,63,1,5	[[3], [4], [2], [5]]	1	3	1	2	99	2	T4	2,3	0	G
k4_certs_4_n4_2.json.gz	20	2	6	11,63,1,5	[[3], [5], [2], [4]]	1	3	1	2	99	2	T4	2,3	0	G
k4_certs_4_n4_2.json.gz	20	2	6	11,68,1,5	[[3], [4], [2], [5]]	1	3	1	2	99	2	T4	2,3	0	G
k4_certs_4_n4_2.json.gz	20	2	6	11,68,1,5	[[3], [5], [2], [4]]	1	3	1	2	99	2	T4	2,3	0	G
k4_certs_4_n4_2.json.gz	20	2	6	11,76,1,5	[[3], [4], [2], [5]]	1	3	1	2	99	2	T4	2,3	0	G
k4_certs_4_n4_2.json.gz	20	2	6	11,76,1,5	[[3], [5], [2], [4]]	1	3	1	2	99	2	T4	2,3	0	G
k4_certs_4_n4_2.json.gz	20	2	6	11,77,1,5	[[3], [4], [2], [5]]	1	3	1	2	99	2	T4	2,3	0	G
k4_certs_4_n4_2.json.gz	20	2	6	11,77,1,5	[[3], [5], [2], [4]]	1	3	1	2	99	2	T4	2,3	0	G
k4_certs_4_n4_2.json.gz	20	2	6	11,119,1,5	[[3], [4], [2], [5]]	1	3	1	2	99	2	T4	2,3	0	G
k4_certs_4_n4_2.json.gz	20	2	6	11,119,1,5	[[3], [5], [2], [4]]	1	3	1	2	99	2	T4	2,3	0	G
k4_certs_4_n4_2.json.gz	20	2	6	21,5,1,5	[[3], [4], [2], [5]]	1	3	1	2	99	2	T4	2,3	0	G
k4_certs_4_n4_2.json.gz	20	2	6	21,5,1,5	[[3], [5], [2], [4]]	1	3	1	2	99	2	T4	2,3	0	G
k4_certs_4_n4_2.json.gz	20	2	6	21,31,1,5	[[3], [4], [2], [5]]	1	3	1	2	99	2	T4	2,3	0	G
k4_certs_4_n4_2.json.gz	20	2	6	21,31,1,5	[[3], [5], [2], [4]]	1	3	1	2	99	2	T4	2,3	0	G
k4_certs_4_n4_2.json.gz	20	2	6	21,34,1,5	[[3], [4], [2], [5]]	1	3	1	2	99	2	T4	2,3	0	G
k4_certs_4_n4_2.json.gz	20	2	6	21,34,1,5	[[3], [5], [2], [4]]	1	3	1	2	99	2	T4	2,3	0	G
k4_certs_4_n4_2.json.gz	20	2	6	21,35,1,5	[[3], [4], [2], [5]]	1	3	1	2	99	2	T4	2,3	0	G
k4_certs_4_n4_2.json.gz	20	2	6	21,35,1,5	[[3], [5], [2], [4]]	1	3	1	2	99	2	T4	2,3	0	G
k4_certs_4_n4_2.json.gz	20	2	6	21,38,1,5	[[3], [4], [2], [5]]	1	3	1	2	99	2	T4	2,3	0	G
k4_certs_4_n4_2.json.gz	20	2	6	21,38,1,5	[[3], [5], [2], [4]]	1	3	1	2	99	2	T4	2,3	0	G
k4_certs_4_n4_2.json.gz	20	2	6	21,40,1,5	[[3], [4], [2], [5]]	1	3	1	2	99	2	T4	2,3	0	G
k4_certs_4_n4_2.json.gz	20	2	6	21,40,1,5	[[3], [5], [2], [4]]	1	3	1	2	99	2	T4	2,3	0	G
k4_certs_4_n4_2.json.gz	20	2	6	21,41,1,5	[[3], [4], [2], [5]]	1	3	1	2	99	2	T4	2,3	0	G
k4_certs_4_n4_2.json.gz	20	2	6	21,41,1,5	[[3], [5], [2], [4]]	1	3	1	2	99	2	T4	2,3	0	G
k4_certs_4_n4_2.json.gz	20	2	6	21,63,1,5	[[3], [4], [2], [5]]	1	3	1	2	99	2	T4	2,3	0	G
k4_certs_4_n4_2.json.gz	20	2	6	21,63,1,5	[[3], [5], [2], [4]]	1	3	1	2	99	2	T4	2,3	0	G
k4_certs_4_n4_2.json.gz	20	2	6	21,68,1,5	[[3], [4], [2], [5]]	1	3	1	2	99	2	T4	2,3	0	G
k4_certs_4_n4_2.json.gz	20	2	6	21,68,1,5	[[3], [5], [2], [4]]	1	3	1	2	99	2	T4	2,3	0	G
k4_certs_4_n4_2.json.gz	20	2	6	21,76,1,5	[[3], [4], [2], [5]]	1	3	1	2	99	2	T4	2,3	0	G
k4_certs_4_n4_2.json.gz	20	2	6	21,76,1,5	[[3], [5], [2], [4]]	1	3	1	2	99	2	T4	2,3	0	G
k4_certs_4_n4_2.json.gz	20	2	6	21,77,1,5	[[3], [4], [2], [5]]	1	3	1	2	99	2	T4	2,3	0	G
k4_certs_4_n4_2.json.gz	20	2	6	21,77,1,5	[[3], [5], [2], [4]]	1	3	1	2	99	2	T4	2,3	0	G
k4_certs_4_n4_2.json.gz	20	2	6	21,119,1,5	[[3], [4], [2], [5]]	1	3	1	2	99	2	T4	2,3	0	G
k4_certs_4_n4_2.json.gz	20	2	6	21,119,1,5	[[3], [5], [2], [4]]	1	3	1	2	99	2	T4	2,3	0	G
k4_certs_4_n4_2.json.gz	20	2	6	34,5,1,5	[[3], [4], [2], [5]]	1	3	1	2	99	2	T4	2,3	0	G
k4_certs_4_n4_2.json.gz	20	2	6	34,5,1,5	[[3], [5], [2], [4]]	1	3	1	2	99	2	T4	2,3	0	G
k4_certs_4_n4_2.json.gz	20	2	6	34,31,1,5	[[3], [4], [2], [5]]	1	3	1	2	99	2	T4	2,3	0	G
k4_certs_4_n4_2.json.gz	20	2	6	34,31,1,5	[[3], [5], [2], [4]]	1	3	1	2	99	2	T4	2,3	0	G
k4_certs_4_n4_2.json.gz	20	2	6	34,34,1,5	[[3], [4], [2], [5]]	1	3	1	2	99	2	T4	2,3	0	G
k4_certs_4_n4_2.json.gz	20	2	6	34,34,1,5	[[3], [5], [2], [4]]	1	3	1	2	99	2	T4	2,3	0	G
k4_certs_4_n4_2.json.gz	20	2	6	34,35,1,5	[[3], [4], [2], [5]]	1	3	1	2	99	2	T4	2,3	0	G
k4_certs_4_n4_2.json.gz	20	2	6	34,35,1,5	[[3], [5], [2], [4]]	1	3	1	2	99	2	T4	2,3	0	G
k4_certs_4_n4_2.json.gz	20	2	6	34,38,1,5	[[3], [4], [2], [5]]	1	3	1	2	99	2	T4	2,3	0	G
k4_certs_4_n4_2.json.gz	20	2	6	34,38,1,5	[[3], [5], [2], [4]]	1	3	1	2	99	2	T4	2,3	0	G
k4_certs_4_n4_2.json.gz	20	2	6	34,40,1,5	[[3], [4], [2], [5]]	1	3	1	2	99	2	T4	2,3	0	G
k4_certs_4_n4_2.json.gz	20	2	6	34,40,1,5	[[3], [5], [2], [4]]	1	3	1	2	99	2	T4	2,3	0	G
k4_certs_4_n4_2.json.gz	20	2	6	34,41,1,5	[[3], [4], [2], [5]]	1	3	1	2	99	2	T4	2,3	0	G
k4_certs_4_n4_2.json.gz	20	2	6	34,41,1,5	[[3], [5], [2], [4]]	1	3	1	2	99	2	T4	2,3	0	G
k4_certs_4_n4_2.json.gz	20	2	6	34,63,1,5	[[3], [4], [2], [5]]	1	3	1	2	99	2	T4	2,3	0	G
k4_certs_4_n4_2.json.gz	20	2	6	34,63,1,5	[[3], [5], [2], [4]]	1	3	1	2	99	2	T4	2,3	0	G
k4_certs_4_n4_2.json.gz	20	2	6	34,68,1,5	[[3], [4], [2], [5]]	1	3	1	2	99	2	T4	2,3	0	G
k4_certs_4_n4_2.json.gz	20	2	6	34,68,1,5	[[3], [5], [2], [4]]	1	3	1	2	99	2	T4	2,3	0	G
k4_certs_4_n4_2.json.gz	20	2	6	34,76,1,5	[[3], [4], [2], [5]]	1	3	1	2	99	2	T4	2,3	0	G
k4_certs_4_n4_2.json.gz	20	2	6	34,76,1,5	[[3], [5], [2], [4]]	1	3	1	2	99	2	T4	2,3	0	G
k4_certs_4_n4_2.json.gz	20	2	6	34,77,1,5	[[3], [4], [2], [5]]	1	3	1	2	99	2	T4	2,3	0	G
k4_certs_4_n4_2.json.gz	20	2	6	34,77,1,5	[[3], [5], [2], [4]]	1	3	1	2	99	2	T4	2,3	0	G
k4_certs_4_n4_2.json.gz	20	2	6	34,119,1,5	[[3], [4], [2], [5]]	1	3	1	2	99	2	T4	2,3	0	G
k4_certs_4_n4_2.json.gz	20	2	6	34,119,1,5	[[3], [5], [2], [4]]	1	3	1	2	99	2	T4	2,3	0	G
k4_certs_4_n4_2.json.gz	20	2	6	39,5,1,5	[[3], [4], [2], [5]]	1	3	1	2	99	2	T4	2,3	0	G
k4_certs_4_n4_2.json.gz	20	2	6	39,5,1,5	[[3], [5], [2], [4]]	1	3	1	2	99	2	T4	2,3	0	G
k4_certs_4_n4_2.json.gz	20	2	6	39,31,1,5	[[3], [4], [2], [5]]	1	3	1	2	99	2	T4	2,3	0	G
k4_certs_4_n4_2.json.gz	20	2	6	39,31,1,5	[[3], [5], [2], [4]]	1	3	1	2	99	2	T4	2,3	0	G
k4_certs_4_n4_2.json.gz	20	2	6	39,34,1,5	[[3], [4], [2], [5]]	1	3	1	2	99	2	T4	2,3	0	G
k4_certs_4_n4_2.json.gz	20	2	6	39,34,1,5	[[3], [5], [2], [4]]	1	3	1	2	99	2	T4	2,3	0	G
k4_certs_4_n4_2.json.gz	20	2	6	39,35,1,5	[[3], [4], [2], [5]]	1	3	1	2	99	2	T4	2,3	0	G
k4_certs_4_n4_2.json.gz	20	2	6	39,35,1,5	[[3], [5], [2], [4]]	1	3	1	2	99	2	T4	2,3	0	G
k4_certs_4_n4_2.json.gz	20	2	6	39,38,1,5	[[3], [4], [2], [5]]	1	3	1	2	99	2	T4	2,3	0	G
k4_certs_4_n4_2.json.gz	20	2	6	39,38,1,5	[[3], [5], [2], [4]]	1	3	1	2	99	2	T4	2,3	0	G
k4_certs_4_n4_2.json.gz	20	2	6	39,40,1,5	[[3], [4], [2], [5]]	1	3	1	2	99	2	T4	2,3	0	G
k4_certs_4_n4_2.json.gz	20	2	6	39,40,1,5	[[3], [5], [2], [4]]	1	3	1	2	99	2	T4	2,3	0	G
k4_certs_4_n4_2.json.gz	20	2	6	39,41,1,5	[[3], [4], [2], [5]]	1	3	1	2	99	2	T4	2,3	0	G
k4_certs_4_n4_2.json.gz	20	2	6	39,41,1,5	[[3], [5], [2], [4]]	1	3	1	2	99	2	T4	2,3	0	G
k4_certs_4_n4_2.json.gz	20	2	6	39,63,1,5	[[3], [4], [2], [5]]	1	3	1	2	99	2	T4	2,3	0	G
k4_certs_4_n4_2.json.gz	20	2	6	39,63,1,5	[[3], [5], [2], [4]]	1	3	1	2	99	2	T4	2,3	0	G
k4_certs_4_n4_2.json.gz	20	2	6	39,68,1,5	[[3], [4], [2], [5]]	1	3	1	2	99	2	T4	2,3	0	G
k4_certs_4_n4_2.json.gz	20	2	6	39,68,1,5	[[3], [5], [2], [4]]	1	3	1	2	99	2	T4	2,3	0	G
k4_certs_4_n4_2.json.gz	20	2	6	39,76,1,5	[[3], [4], [2], [5]]	1	3	1	2	99	2	T4	2,3	0	G
k4_certs_4_n4_2.json.gz	20	2	6	39,76,1,5	[[3], [5], [2], [4]]	1	3	1	2	99	2	T4	2,3	0	G
k4_certs_4_n4_2.json.gz	20	2	6	39,77,1,5	[[3], [4], [2], [5]]	1	3	1	2	99	2	T4	2,3	0	G
k4_certs_4_n4_2.json.gz	20	2	6	39,77,1,5	[[3], [5], [2], [4]]	1	3	1	2	99	2	T4	2,3	0	G
k4_certs_4_n4_2.json.gz	20	2	6	39,119,1,5	[[3], [4], [2], [5]]	1	3	1	2	99	2	T4	2,3	0	G
k4_certs_4_n4_2.json.gz	20	2	6	39,119,1,5	[[3], [5], [2], [4]]	1	3	1	2	99	2	T4	2,3	0	G
k4_certs_4_n4_2.json.gz	20	2	6	51,5,1,5	[[3], [4], [2], [5]]	1	3	1	2	99	2	T4	2,3	0	G
k4_certs_4_n4_2.json.gz	20	2	6	51,5,1,5	[[3], [5], [2], [4]]	1	3	1	2	99	2	T4	2,3	0	G
k4_certs_4_n4_2.json.gz	20	2	6	51,31,1,5	[[3], [4], [2], [5]]	1	3	1	2	99	2	T4	2,3	0	G
k4_certs_4_n4_2.json.gz	20	2	6	51,31,1,5	[[3], [5], [2], [4]]	1	3	1	2	99	2	T4	2,3	0	G
k4_certs_4_n4_2.json.gz	20	2	6	51,34,1,5	[[3], [4], [2], [5]]	1	3	1	2	99	2	T4	2,3	0	G
k4_certs_4_n4_2.json.gz	20	2	6	51,34,1,5	[[3], [5], [2], [4]]	1	3	1	2	99	2	T4	2,3	0	G
k4_certs_4_n4_2.json.gz	20	2	6	51,35,1,5	[[3], [4], [2], [5]]	1	3	1	2	99	2	T4	2,3	0	G
k4_certs_4_n4_2.json.gz	20	2	6	51,35,1,5	[[3], [5], [2], [4]]	1	3	1	2	99	2	T4	2,3	0	G
k4_certs_4_n4_2.json.gz	20	2	6	51,38,1,5	[[3], [4], [2], [5]]	1	3	1	2	99	2	T4	2,3	0	G
k4_certs_4_n4_2.json.gz	20	2	6	51,38,1,5	[[3], [5], [2], [4]]	1	3	1	2	99	2	T4	2,3	0	G
k4_certs_4_n4_2.json.gz	20	2	6	51,40,1,5	[[3], [4], [2], [5]]	1	3	1	2	99	2	T4	2,3	0	G
k4_certs_4_n4_2.json.gz	20	2	6	51,40,1,5	[[3], [5], [2], [4]]	1	3	1	2	99	2	T4	2,3	0	G
k4_certs_4_n4_2.json.gz	20	2	6	51,41,1,5	[[3], [4], [2], [5]]	1	3	1	2	99	2	T4	2,3	0	G
k4_certs_4_n4_2.json.gz	20	2	6	51,41,1,5	[[3], [5], [2], [4]]	1	3	1	2	99	2	T4	2,3	0	G
k4_certs_4_n4_2.json.gz	20	2	6	51,63,1,5	[[3], [4], [2], [5]]	1	3	1	2	99	2	T4	2,3	0	G
k4_certs_4_n4_2.json.gz	20	2	6	51,63,1,5	[[3], [5], [2], [4]]	1	3	1	2	99	2	T4	2,3	0	G
k4_certs_4_n4_2.json.gz	20	2	6	51,68,1,5	[[3], [4], [2], [5]]	1	3	1	2	99	2	T4	2,3	0	G
k4_certs_4_n4_2.json.gz	20	2	6	51,68,1,5	[[3], [5], [2], [4]]	1	3	1	2	99	2	T4	2,3	0	G
k4_certs_4_n4_2.json.gz	20	2	6	51,76,1,5	[[3], [4], [2], [5]]	1	3	1	2	99	2	T4	2,3	0	G
k4_certs_4_n4_2.json.gz	20	2	6	51,76,1,5	[[3], [5], [2], [4]]	1	3	1	2	99	2	T4	2,3	0	G
k4_certs_4_n4_2.json.gz	20	2	6	51,77,1,5	[[3], [4], [2], [5]]	1	3	1	2	99	2	T4	2,3	0	G
k4_certs_4_n4_2.json.gz	20	2	6	51,77,1,5	[[3], [5], [2], [4]]	1	3	1	2	99	2	T4	2,3	0	G
k4_certs_4_n4_2.json.gz	20	2	6	51,119,1,5	[[3], [4], [2], [5]]	1	3	1	2	99	2	T4	2,3	0	G
k4_certs_4_n4_2.json.gz	20	2	6	51,119,1,5	[[3], [5], [2], [4]]	1	3	1	2	99	2	T4	2,3	0	G
k4_certs_4_n4_2.json.gz	20	2	6	65,5,1,5	[[3], [4], [2], [5]]	1	3	1	2	99	2	T4	2,3	0	G
k4_certs_4_n4_2.json.gz	20	2	6	65,5,1,5	[[3], [5], [2], [4]]	1	3	1	2	99	2	T4	2,3	0	G
k4_certs_4_n4_2.json.gz	20	2	6	65,31,1,5	[[3], [4], [2], [5]]	1	3	1	2	99	2	T4	2,3	0	G
k4_certs_4_n4_2.json.gz	20	2	6	65,31,1,5	[[3], [5], [2], [4]]	1	3	1	2	99	2	T4	2,3	0	G
k4_certs_4_n4_2.json.gz	20	2	6	65,34,1,5	[[3], [4], [2], [5]]	1	3	1	2	99	2	T4	2,3	0	G
k4_certs_4_n4_2.json.gz	20	2	6	65,34,1,5	[[3], [5], [2], [4]]	1	3	1	2	99	2	T4	2,3	0	G
k4_certs_4_n4_2.json.gz	20	2	6	65,35,1,5	[[3], [4], [2], [5]]	1	3	1	2	99	2	T4	2,3	0	G
k4_certs_4_n4_2.json.gz	20	2	6	65,35,1,5	[[3], [5], [2], [4]]	1	3	1	2	99	2	T4	2,3	0	G
k4_certs_4_n4_2.json.gz	20	2	6	65,38,1,5	[[3], [4], [2], [5]]	1	3	1	2	99	2	T4	2,3	0	G
k4_certs_4_n4_2.json.gz	20	2	6	65,38,1,5	[[3], [5], [2], [4]]	1	3	1	2	99	2	T4	2,3	0	G
k4_certs_4_n4_2.json.gz	20	2	6	65,40,1,5	[[3], [4], [2], [5]]	1	3	1	2	99	2	T4	2,3	0	G
k4_certs_4_n4_2.json.gz	20	2	6	65,40,1,5	[[3], [5], [2], [4]]	1	3	1	2	99	2	T4	2,3	0	G
k4_certs_4_n4_2.json.gz	20	2	6	65,41,1,5	[[3], [4], [2], [5]]	1	3	1	2	99	2	T4	2,3	0	G
k4_certs_4_n4_2.json.gz	20	2	6	65,41,1,5	[[3], [5], [2], [4]]	1	3	1	2	99	2	T4	2,3	0	G
k4_certs_4_n4_2.json.gz	20	2	6	65,63,1,5	[[3], [4], [2], [5]]	1	3	1	2	99	2	T4	2,3	0	G
k4_certs_4_n4_2.json.gz	20	2	6	65,63,1,5	[[3], [5], [2], [4]]	1	3	1	2	99	2	T4	2,3	0	G
k4_certs_4_n4_2.json.gz	20	2	6	65,68,1,5	[[3], [4], [2], [5]]	1	3	1	2	99	2	T4	2,3	0	G
k4_certs_4_n4_2.json.gz	20	2	6	65,68,1,5	[[3], [5], [2], [4]]	1	3	1	2	99	2	T4	2,3	0	G
k4_certs_4_n4_2.json.gz	20	2	6	65,76,1,5	[[3], [4], [2], [5]]	1	3	1	2	99	2	T4	2,3	0	G
k4_certs_4_n4_2.json.gz	20	2	6	65,76,1,5	[[3], [5], [2], [4]]	1	3	1	2	99	2	T4	2,3	0	G
k4_certs_4_n4_2.json.gz	20	2	6	65,77,1,5	[[3], [4], [2], [5]]	1	3	1	2	99	2	T4	2,3	0	G
k4_certs_4_n4_2.json.gz	20	2	6	65,77,1,5	[[3], [5], [2], [4]]	1	3	1	2	99	2	T4	2,3	0	G
k4_certs_4_n4_2.json.gz	20	2	6	65,119,1,5	[[3], [4], [2], [5]]	1	3	1	2	99	2	T4	2,3	0	G
k4_certs_4_n4_2.json.gz	20	2	6	65,119,1,5	[[3], [5], [2], [4]]	1	3	1	2	99	2	T4	2,3	0	G
k4_certs_4_n4_2.json.gz	20	2	6	73,5,1,5	[[3], [4], [2], [5]]	1	3	1	2	99	2	T4	2,3	0	G
k4_certs_4_n4_2.json.gz	20	2	6	73,5,1,5	[[3], [5], [2], [4]]	1	3	1	2	99	2	T4	2,3	0	G
k4_certs_4_n4_2.json.gz	20	2	6	73,31,1,5	[[3], [4], [2], [5]]	1	3	1	2	99	2	T4	2,3	0	G
k4_certs_4_n4_2.json.gz	20	2	6	73,31,1,5	[[3], [5], [2], [4]]	1	3	1	2	99	2	T4	2,3	0	G
k4_certs_4_n4_2.json.gz	20	2	6	73,34,1,5	[[3], [4], [2], [5]]	1	3	1	2	99	2	T4	2,3	0	G
k4_certs_4_n4_2.json.gz	20	2	6	73,34,1,5	[[3], [5], [2], [4]]	1	3	1	2	99	2	T4	2,3	0	G
k4_certs_4_n4_2.json.gz	20	2	6	73,35,1,5	[[3], [4], [2], [5]]	1	3	1	2	99	2	T4	2,3	0	G
k4_certs_4_n4_2.json.gz	20	2	6	73,35,1,5	[[3], [5], [2], [4]]	1	3	1	2	99	2	T4	2,3	0	G
k4_certs_4_n4_2.json.gz	20	2	6	73,38,1,5	[[3], [4], [2], [5]]	1	3	1	2	99	2	T4	2,3	0	G
k4_certs_4_n4_2.json.gz	20	2	6	73,38,1,5	[[3], [5], [2], [4]]	1	3	1	2	99	2	T4	2,3	0	G
k4_certs_4_n4_2.json.gz	20	2	6	73,40,1,5	[[3], [4], [2], [5]]	1	3	1	2	99	2	T4	2,3	0	G
k4_certs_4_n4_2.json.gz	20	2	6	73,40,1,5	[[3], [5], [2], [4]]	1	3	1	2	99	2	T4	2,3	0	G
k4_certs_4_n4_2.json.gz	20	2	6	73,41,1,5	[[3], [4], [2], [5]]	1	3	1	2	99	2	T4	2,3	0	G
k4_certs_4_n4_2.json.gz	20	2	6	73,41,1,5	[[3], [5], [2], [4]]	1	3	1	2	99	2	T4	2,3	0	G
k4_certs_4_n4_2.json.gz	20	2	6	73,63,1,5	[[3], [4], [2], [5]]	1	3	1	2	99	2	T4	2,3	0	G
k4_certs_4_n4_2.json.gz	20	2	6	73,63,1,5	[[3], [5], [2], [4]]	1	3	1	2	99	2	T4	2,3	0	G
k4_certs_4_n4_2.json.gz	20	2	6	73,68,1,5	[[3], [4], [2], [5]]	1	3	1	2	99	2	T4	2,3	0	G
k4_certs_4_n4_2.json.gz	20	2	6	73,68,1,5	[[3], [5], [2], [4]]	1	3	1	2	99	2	T4	2,3	0	G
k4_certs_4_n4_2.json.gz	20	2	6	73,76,1,5	[[3], [4], [2], [5]]	1	3	1	2	99	2	T4	2,3	0	G
k4_certs_4_n4_2.json.gz	20	2	6	73,76,1,5	[[3], [5], [2], [4]]	1	3	1	2	99	2	T4	2,3	0	G
k4_certs_4_n4_2.json.gz	20	2	6	73,77,1,5	[[3], [4], [2], [5]]	1	3	1	2	99	2	T4	2,3	0	G
k4_certs_4_n4_2.json.gz	20	2	6	73,77,1,5	[[3], [5], [2], [4]]	1	3	1	2	99	2	T4	2,3	0	G
k4_certs_4_n4_2.json.gz	20	2	6	73,119,1,5	[[3], [4], [2], [5]]	1	3	1	2	99	2	T4	2,3	0	G
k4_certs_4_n4_2.json.gz	20	2	6	73,119,1,5	[[3], [5], [2], [4]]	1	3	1	2	99	2	T4	2,3	0	G
k4_certs_4_n4_2.json.gz	20	2	6	103,5,1,5	[[3], [4], [2], [5]]	1	3	1	2	99	2	T4	2,3	0	G
k4_certs_4_n4_2.json.gz	20	2	6	103,5,1,5	[[3], [5], [2], [4]]	1	3	1	2	99	2	T4	2,3	0	G
k4_certs_4_n4_2.json.gz	20	2	6	103,31,1,5	[[3], [4], [2], [5]]	1	3	1	2	99	2	T4	2,3	0	G
k4_certs_4_n4_2.json.gz	20	2	6	103,31,1,5	[[3], [5], [2], [4]]	1	3	1	2	99	2	T4	2,3	0	G
k4_certs_4_n4_2.json.gz	20	2	6	103,34,1,5	[[3], [4], [2], [5]]	1	3	1	2	99	2	T4	2,3	0	G
k4_certs_4_n4_2.json.gz	20	2	6	103,34,1,5	[[3], [5], [2], [4]]	1	3	1	2	99	2	T4	2,3	0	G
k4_certs_4_n4_2.json.gz	20	2	6	103,35,1,5	[[3], [4], [2], [5]]	1	3	1	2	99	2	T4	2,3	0	G
k4_certs_4_n4_2.json.gz	20	2	6	103,35,1,5	[[3], [5], [2], [4]]	1	3	1	2	99	2	T4	2,3	0	G
k4_certs_4_n4_2.json.gz	20	2	6	103,38,1,5	[[3], [4], [2], [5]]	1	3	1	2	99	2	T4	2,3	0	G
k4_certs_4_n4_2.json.gz	20	2	6	103,38,1,5	[[3], [5], [2], [4]]	1	3	1	2	99	2	T4	2,3	0	G
k4_certs_4_n4_2.json.gz	20	2	6	103,40,1,5	[[3], [4], [2], [5]]	1	3	1	2	99	2	T4	2,3	0	G
k4_certs_4_n4_2.json.gz	20	2	6	103,40,1,5	[[3], [5], [2], [4]]	1	3	1	2	99	2	T4	2,3	0	G
k4_certs_4_n4_2.json.gz	20	2	6	103,41,1,5	[[3], [4], [2], [5]]	1	3	1	2	99	2	T4	2,3	0	G
k4_certs_4_n4_2.json.gz	20	2	6	103,41,1,5	[[3], [5], [2], [4]]	1	3	1	2	99	2	T4	2,3	0	G
k4_certs_4_n4_2.json.gz	20	2	6	103,63,1,5	[[3], [4], [2], [5]]	1	3	1	2	99	2	T4	2,3	0	G
k4_certs_4_n4_2.json.gz	20	2	6	103,63,1,5	[[3], [5], [2], [4]]	1	3	1	2	99	2	T4	2,3	0	G
k4_certs_4_n4_2.json.gz	20	2	6	103,68,1,5	[[3], [4], [2], [5]]	1	3	1	2	99	2	T4	2,3	0	G
k4_certs_4_n4_2.json.gz	20	2	6	103,68,1,5	[[3], [5], [2], [4]]	1	3	1	2	99	2	T4	2,3	0	G
k4_certs_4_n4_2.json.gz	20	2	6	103,76,1,5	[[3], [4], [2], [5]]	1	3	1	2	99	2	T4	2,3	0	G
k4_certs_4_n4_2.json.gz	20	2	6	103,76,1,5	[[3], [5], [2], [4]]	1	3	1	2	99	2	T4	2,3	0	G
k4_certs_4_n4_2.json.gz	20	2	6	103,77,1,5	[[3], [4], [2], [5]]	1	3	1	2	99	2	T4	2,3	0	G
k4_certs_4_n4_2.json.gz	20	2	6	103,77,1,5	[[3], [5], [2], [4]]	1	3	1	2	99	2	T4	2,3	0	G
k4_certs_4_n4_2.json.gz	20	2	6	103,119,1,5	[[3], [4], [2], [5]]	1	3	1	2	99	2	T4	2,3	0	G
k4_certs_4_n4_2.json.gz	20	2	6	103,119,1,5	[[3], [5], [2], [4]]	1	3	1	2	99	2	T4	2,3	0	G
k4_certs_4_n4_2.json.gz	20	2	6	111,5,1,5	[[3], [4], [2], [5]]	1	3	1	2	99	2	T4	2,3	0	G
k4_certs_4_n4_2.json.gz	20	2	6	111,5,1,5	[[3], [5], [2], [4]]	1	3	1	2	99	2	T4	2,3	0	G
k4_certs_4_n4_2.json.gz	20	2	6	111,31,1,5	[[3], [4], [2], [5]]	1	3	1	2	99	2	T4	2,3	0	G
k4_certs_4_n4_2.json.gz	20	2	6	111,31,1,5	[[3], [5], [2], [4]]	1	3	1	2	99	2	T4	2,3	0	G
k4_certs_4_n4_2.json.gz	20	2	6	111,34,1,5	[[3], [4], [2], [5]]	1	3	1	2	99	2	T4	2,3	0	G
k4_certs_4_n4_2.json.gz	20	2	6	111,34,1,5	[[3], [5], [2], [4]]	1	3	1	2	99	2	T4	2,3	0	G
k4_certs_4_n4_2.json.gz	20	2	6	111,35,1,5	[[3], [4], [2], [5]]	1	3	1	2	99	2	T4	2,3	0	G
k4_certs_4_n4_2.json.gz	20	2	6	111,35,1,5	[[3], [5], [2], [4]]	1	3	1	2	99	2	T4	2,3	0	G
k4_certs_4_n4_2.json.gz	20	2	6	111,38,1,5	[[3], [4], [2], [5]]	1	3	1	2	99	2	T4	2,3	0	G
k4_certs_4_n4_2.json.gz	20	2	6	111,38,1,5	[[3], [5], [2], [4]]	1	3	1	2	99	2	T4	2,3	0	G
k4_certs_4_n4_2.json.gz	20	2	6	111,40,1,5	[[3], [4], [2], [5]]	1	3	1	2	99	2	T4	2,3	0	G
k4_certs_4_n4_2.json.gz	20	2	6	111,40,1,5	[[3], [5], [2], [4]]	1	3	1	2	99	2	T4	2,3	0	G
k4_certs_4_n4_2.json.gz	20	2	6	111,41,1,5	[[3], [4], [2], [5]]	1	3	1	2	99	2	T4	2,3	0	G
k4_certs_4_n4_2.json.gz	20	2	6	111,41,1,5	[[3], [5], [2], [4]]	1	3	1	2	99	2	T4	2,3	0	G
k4_certs_4_n4_2.json.gz	20	2	6	111,63,1,5	[[3], [4], [2], [5]]	1	3	1	2	99	2	T4	2,3	0	G
k4_certs_4_n4_2.json.gz	20	2	6	111,63,1,5	[[3], [5], [2], [4]]	1	3	1	2	99	2	T4	2,3	0	G
k4_certs_4_n4_2.json.gz	20	2	6	111,68,1,5	[[3], [4], [2], [5]]	1	3	1	2	99	2	T4	2,3	0	G
k4_certs_4_n4_2.json.gz	20	2	6	111,68,1,5	[[3], [5], [2], [4]]	1	3	1	2	99	2	T4	2,3	0	G
k4_certs_4_n4_2.json.gz	20	2	6	111,76,1,5	[[3], [4], [2], [5]]	1	3	1	2	99	2	T4	2,3	0	G
k4_certs_4_n4_2.json.gz	20	2	6	111,76,1,5	[[3], [5], [2], [4]]	1	3	1	2	99	2	T4	2,3	0	G
k4_certs_4_n4_2.json.gz	20	2	6	111,77,1,5	[[3], [4], [2], [5]]	1	3	1	2	99	2	T4	2,3	0	G
k4_certs_4_n4_2.json.gz	20	2	6	111,77,1,5	[[3], [5], [2], [4]]	1	3	1	2	99	2	T4	2,3	0	G
k4_certs_4_n4_2.json.gz	20	2	6	111,119,1,5	[[3], [4], [2], [5]]	1	3	1	2	99	2	T4	2,3	0	G
k4_certs_4_n4_2.json.gz	20	2	6	111,119,1,5	[[3], [5], [2], [4]]	1	3	1	2	99	2	T4	2,3	0	G
k4_certs_4_n4_2.json.gz	22	4	6	6,64,3,3	[[4], [1], [3], [5]]	1	3	1	2	99	2	T4	2,3	0	G
k4_certs_4_n4_2.json.gz	22	4	6	6,64,3,3	[[4], [1], [5], [3]]	1	3	1	2	99	2	T4	2,3	0	G
k4_certs_4_n4_2.json.gz	22	4	6	6,72,3,3	[[4], [1], [3], [5]]	1	3	1	2	99	2	T4	2,3	0	G
k4_certs_4_n4_2.json.gz	22	4	6	6,72,3,3	[[4], [1], [5], [3]]	1	3	1	2	99	2	T4	2,3	0	G
k4_certs_4_n4_2.json.gz	22	4	6	6,108,3,3	[[4], [1], [3], [5]]	1	3	1	2	99	2	T4	2,3	0	G
k4_certs_4_n4_2.json.gz	22	4	6	6,108,3,3	[[4], [1], [5], [3]]	1	3	1	2	99	2	T4	2,3	0	G
k4_certs_4_n4_2.json.gz	22	4	6	6,110,3,3	[[4], [1], [3], [5]]	1	3	1	2	99	2	T4	2,3	0	G
k4_certs_4_n4_2.json.gz	22	4	6	6,110,3,3	[[4], [1], [5], [3]]	1	3	1	2	99	2	T4	2,3	0	G
k4_certs_4_n4_2.json.gz	22	4	6	6,111,3,3	[[4], [1], [3], [5]]	1	3	1	2	99	2	T4	2,3	0	G
k4_certs_4_n4_2.json.gz	22	4	6	6,111,3,3	[[4], [1], [5], [3]]	1	3	1	2	99	2	T4	2,3	0	G
k4_certs_4_n4_2.json.gz	22	4	6	6,113,3,3	[[4], [1], [3], [5]]	1	3	1	2	99	2	T4	2,3	0	G
k4_certs_4_n4_2.json.gz	22	4	6	6,113,3,3	[[4], [1], [5], [3]]	1	3	1	2	99	2	T4	2,3	0	G
k4_certs_4_n4_2.json.gz	22	4	6	6,122,3,3	[[4], [1], [3], [5]]	1	3	1	2	99	2	T4	2,3	0	G
k4_certs_4_n4_2.json.gz	22	4	6	6,122,3,3	[[4], [1], [5], [3]]	1	3	1	2	99	2	T4	2,3	0	G
k4_certs_4_n4_2.json.gz	22	4	6	6,123,3,3	[[4], [1], [3], [5]]	1	3	1	2	99	2	T4	2,3	0	G
k4_certs_4_n4_2.json.gz	22	4	6	6,123,3,3	[[4], [1], [5], [3]]	1	3	1	2	99	2	T4	2,3	0	G
k4_certs_4_n4_2.json.gz	22	4	6	6,138,3,3	[[4], [1], [3], [5]]	1	3	1	2	99	2	T4	2,3	0	G
k4_certs_4_n4_2.json.gz	22	4	6	6,138,3,3	[[4], [1], [5], [3]]	1	3	1	2	99	2	T4	2,3	0	G
k4_certs_4_n4_2.json.gz	22	4	6	6,142,3,3	[[4], [1], [3], [5]]	1	3	1	2	99	2	T4	2,3	0	G
k4_certs_4_n4_2.json.gz	22	4	6	6,142,3,3	[[4], [1], [5], [3]]	1	3	1	2	99	2	T4	2,3	0	G
k4_certs_4_n4_2.json.gz	22	4	6	6,181,3,3	[[4], [1], [3], [5]]	1	3	1	2	99	2	T4	2,3	0	G
k4_certs_4_n4_2.json.gz	22	4	6	6,181,3,3	[[4], [1], [5], [3]]	1	3	1	2	99	2	T4	2,3	0	G
k4_certs_4_n4_2.json.gz	22	4	6	6,183,3,3	[[4], [1], [3], [5]]	1	3	1	2	99	2	T4	2,3	0	G
k4_certs_4_n4_2.json.gz	22	4	6	6,183,3,3	[[4], [1], [5], [3]]	1	3	1	2	99	2	T4	2,3	0	G
k4_certs_4_n4_2.json.gz	22	4	6	8,65,2,2	[[5], [1], [3], [4]]	1	3	1	2	99	2	T4	2,3	0	G
k4_certs_4_n4_2.json.gz	22	4	6	8,65,2,2	[[5], [1], [4], [3]]	1	3	1	2	99	2	T4	2,3	0	G
k4_certs_4_n4_2.json.gz	22	4	6	8,74,2,2	[[5], [1], [3], [4]]	1	3	1	2	99	2	T4	2,3	0	G
k4_certs_4_n4_2.json.gz	22	4	6	8,74,2,2	[[5], [1], [4], [3]]	1	3	1	2	99	2	T4	2,3	0	G
k4_certs_4_n4_2.json.gz	22	4	6	8,115,2,2	[[5], [1], [3], [4]]	1	3	1	2	99	2	T4	2,3	0	G
k4_certs_4_n4_2.json.gz	22	4	6	8,115,2,2	[[5], [1], [4], [3]]	1	3	1	2	99	2	T4	2,3	0	G
k4_certs_4_n4_2.json.gz	22	4	6	8,117,2,2	[[5], [1], [3], [4]]	1	3	1	2	99	2	T4	2,3	0	G
k4_certs_4_n4_2.json.gz	22	4	6	8,117,2,2	[[5], [1], [4], [3]]	1	3	1	2	99	2	T4	2,3	0	G
k4_certs_4_n4_2.json.gz	22	4	6	8,118,2,2	[[5], [1], [3], [4]]	1	3	1	2	99	2	T4	2,3	0	G
k4_certs_4_n4_2.json.gz	22	4	6	8,118,2,2	[[5], [1], [4], [3]]	1	3	1	2	99	2	T4	2,3	0	G
k4_certs_4_n4_2.json.gz	22	4	6	8,120,2,2	[[5], [1], [3], [4]]	1	3	1	2	99	2	T4	2,3	0	G
k4_certs_4_n4_2.json.gz	22	4	6	8,120,2,2	[[5], [1], [4], [3]]	1	3	1	2	99	2	T4	2,3	0	G
k4_certs_4_n4_2.json.gz	22	4	6	8,124,2,2	[[5], [1], [3], [4]]	1	3	1	2	99	2	T4	2,3	0	G
k4_certs_4_n4_2.json.gz	22	4	6	8,124,2,2	[[5], [1], [4], [3]]	1	3	1	2	99	2	T4	2,3	0	G
k4_certs_4_n4_2.json.gz	22	4	6	8,125,2,2	[[5], [1], [3], [4]]	1	3	1	2	99	2	T4	2,3	0	G
k4_certs_4_n4_2.json.gz	22	4	6	8,125,2,2	[[5], [1], [4], [3]]	1	3	1	2	99	2	T4	2,3	0	G
k4_certs_4_n4_2.json.gz	22	4	6	8,139,2,2	[[5], [1], [3], [4]]	1	3	1	2	99	2	T4	2,3	0	G
k4_certs_4_n4_2.json.gz	22	4	6	8,139,2,2	[[5], [1], [4], [3]]	1	3	1	2	99	2	T4	2,3	0	G
k4_certs_4_n4_2.json.gz	22	4	6	8,143,2,2	[[5], [1], [3], [4]]	1	3	1	2	99	2	T4	2,3	0	G
k4_certs_4_n4_2.json.gz	22	4	6	8,143,2,2	[[5], [1], [4], [3]]	1	3	1	2	99	2	T4	2,3	0	G
k4_certs_4_n4_2.json.gz	22	4	6	8,184,2,2	[[5], [1], [3], [4]]	1	3	1	2	99	2	T4	2,3	0	G
k4_certs_4_n4_2.json.gz	22	4	6	8,184,2,2	[[5], [1], [4], [3]]	1	3	1	2	99	2	T4	2,3	0	G
k4_certs_4_n4_2.json.gz	22	4	6	8,185,2,2	[[5], [1], [3], [4]]	1	3	1	2	99	2	T4	2,3	0	G
k4_certs_4_n4_2.json.gz	22	4	6	8,185,2,2	[[5], [1], [4], [3]]	1	3	1	2	99	2	T4	2,3	0	G
k4_certs_4_n4_2.json.gz	22	4	6	11,64,3,3	[[4], [1], [3], [5]]	1	3	1	2	99	2	T4	2,3	0	G
k4_certs_4_n4_2.json.gz	22	4	6	11,64,3,3	[[4], [1], [5], [3]]	1	3	1	2	99	2	T4	2,3	0	G
k4_certs_4_n4_2.json.gz	22	4	6	11,72,3,3	[[4], [1], [3], [5]]	1	3	1	2	99	2	T4	2,3	0	G
k4_certs_4_n4_2.json.gz	22	4	6	11,72,3,3	[[4], [1], [5], [3]]	1	3	1	2	99	2	T4	2,3	0	G
k4_certs_4_n4_2.json.gz	22	4	6	11,108,3,3	[[4], [1], [3], [5]]	1	3	1	2	99	2	T4	2,3	0	G
k4_certs_4_n4_2.json.gz	22	4	6	11,108,3,3	[[4], [1], [5], [3]]	1	3	1	2	99	2	T4	2,3	0	G
k4_certs_4_n4_2.json.gz	22	4	6	11,110,3,3	[[4], [1], [3], [5]]	1	3	1	2	99	2	T4	2,3	0	G
k4_certs_4_n4_2.json.gz	22	4	6	11,110,3,3	[[4], [1], [5], [3]]	1	3	1	2	99	2	T4	2,3	0	G
k4_certs_4_n4_2.json.gz	22	4	6	11,111,3,3	[[4], [1], [3], [5]]	1	3	1	2	99	2	T4	2,3	0	G
k4_certs_4_n4_2.json.gz	22	4	6	11,111,3,3	[[4], [1], [5], [3]]	1	3	1	2	99	2	T4	2,3	0	G
k4_certs_4_n4_2.json.gz	22	4	6	11,113,3,3	[[4], [1], [3], [5]]	1	3	1	2	99	2	T4	2,3	0	G
k4_certs_4_n4_2.json.gz	22	4	6	11,113,3,3	[[4], [1], [5], [3]]	1	3	1	2	99	2	T4	2,3	0	G
k4_certs_4_n4_2.json.gz	22	4	6	11,122,3,3	[[4], [1], [3], [5]]	1	3	1	2	99	2	T4	2,3	0	G
k4_certs_4_n4_2.json.gz	22	4	6	11,122,3,3	[[4], [1], [5], [3]]	1	3	1	2	99	2	T4	2,3	0	G
k4_certs_4_n4_2.json.gz	22	4	6	11,123,3,3	[[4], [1], [3], [5]]	1	3	1	2	99	2	T4	2,3	0	G
k4_certs_4_n4_2.json.gz	22	4	6	11,123,3,3	[[4], [1], [5], [3]]	1	3	1	2	99	2	T4	2,3	0	G
k4_certs_4_n4_2.json.gz	22	4	6	11,138,3,3	[[4], [1], [3], [5]]	1	3	1	2	99	2	T4	2,3	0	G
k4_certs_4_n4_2.json.gz	22	4	6	11,138,3,3	[[4], [1], [5], [3]]	1	3	1	2	99	2	T4	2,3	0	G
k4_certs_4_n4_2.json.gz	22	4	6	11,142,3,3	[[4], [1], [3], [5]]	1	3	1	2	99	2	T4	2,3	0	G
k4_certs_4_n4_2.json.gz	22	4	6	11,142,3,3	[[4], [1], [5], [3]]	1	3	1	2	99	2	T4	2,3	0	G
k4_certs_4_n4_2.json.gz	22	4	6	11,181,3,3	[[4], [1], [3], [5]]	1	3	1	2	99	2	T4	2,3	0	G
k4_certs_4_n4_2.json.gz	22	4	6	11,181,3,3	[[4], [1], [5], [3]]	1	3	1	2	99	2	T4	2,3	0	G
k4_certs_4_n4_2.json.gz	22	4	6	11,183,3,3	[[4], [1], [3], [5]]	1	3	1	2	99	2	T4	2,3	0	G
k4_certs_4_n4_2.json.gz	22	4	6	11,183,3,3	[[4], [1], [5], [3]]	1	3	1	2	99	2	T4	2,3	0	G
k4_certs_4_n4_2.json.gz	22	4	6	15,65,2,2	[[5], [1], [3], [4]]	1	3	1	2	99	2	T4	2,3	0	G
k4_certs_4_n4_2.json.gz	22	4	6	15,65,2,2	[[5], [1], [4], [3]]	1	3	1	2	99	2	T4	2,3	0	G
k4_certs_4_n4_2.json.gz	22	4	6	15,74,2,2	[[5], [1], [3], [4]]	1	3	1	2	99	2	T4	2,3	0	G
k4_certs_4_n4_2.json.gz	22	4	6	15,74,2,2	[[5], [1], [4], [3]]	1	3	1	2	99	2	T4	2,3	0	G
k4_certs_4_n4_2.json.gz	22	4	6	15,115,2,2	[[5], [1], [3], [4]]	1	3	1	2	99	2	T4	2,3	0	G
k4_certs_4_n4_2.json.gz	22	4	6	15,115,2,2	[[5], [1], [4], [3]]	1	3	1	2	99	2	T4	2,3	0	G
k4_certs_4_n4_2.json.gz	22	4	6	15,117,2,2	[[5], [1], [3], [4]]	1	3	1	2	99	2	T4	2,3	0	G
k4_certs_4_n4_2.json.gz	22	4	6	15,117,2,2	[[5], [1], [4], [3]]	1	3	1	2	99	2	T4	2,3	0	G
k4_certs_4_n4_2.json.gz	22	4	6	15,118,2,2	[[5], [1], [3], [4]]	1	3	1	2	99	2	T4	2,3	0	G
k4_certs_4_n4_2.json.gz	22	4	6	15,118,2,2	[[5], [1], [4], [3]]	1	3	1	2	99	2	T4	2,3	0	G
k4_certs_4_n4_2.json.gz	22	4	6	15,120,2,2	[[5], [1], [3], [4]]	1	3	1	2	99	2	T4	2,3	0	G
k4_certs_4_n4_2.json.gz	22	4	6	15,120,2,2	[[5], [1], [4], [3]]	1	3	1	2	99	2	T4	2,3	0	G
k4_certs_4_n4_2.json.gz	22	4	6	15,124,2,2	[[5], [1], [3], [4]]	1	3	1	2	99	2	T4	2,3	0	G
k4_certs_4_n4_2.json.gz	22	4	6	15,124,2,2	[[5], [1], [4], [3]]	1	3	1	2	99	2	T4	2,3	0	G
k4_certs_4_n4_2.json.gz	22	4	6	15,125,2,2	[[5], [1], [3], [4]]	1	3	1	2	99	2	T4	2,3	0	G
k4_certs_4_n4_2.json.gz	22	4	6	15,125,2,2	[[5], [1], [4], [3]]	1	3	1	2	99	2	T4	2,3	0	G
k4_certs_4_n4_2.json.gz	22	4	6	15,139,2,2	[[5], [1], [3], [4]]	1	3	1	2	99	2	T4	2,3	0	G
k4_certs_4_n4_2.json.gz	22	4	6	15,139,2,2	[[5], [1], [4], [3]]	1	3	1	2	99	2	T4	2,3	0	G
k4_certs_4_n4_2.json.gz	22	4	6	15,143,2,2	[[5], [1], [3], [4]]	1	3	1	2	99	2	T4	2,3	0	G
k4_certs_4_n4_2.json.gz	22	4	6	15,143,2,2	[[5], [1], [4], [3]]	1	3	1	2	99	2	T4	2,3	0	G
k4_certs_4_n4_2.json.gz	22	4	6	15,184,2,2	[[5], [1], [3], [4]]	1	3	1	2	99	2	T4	2,3	0	G
k4_certs_4_n4_2.json.gz	22	4	6	15,184,2,2	[[5], [1], [4], [3]]	1	3	1	2	99	2	T4	2,3	0	G
k4_certs_4_n4_2.json.gz	22	4	6	15,185,2,2	[[5], [1], [3], [4]]	1	3	1	2	99	2	T4	2,3	0	G
k4_certs_4_n4_2.json.gz	22	4	6	15,185,2,2	[[5], [1], [4], [3]]	1	3	1	2	99	2	T4	2,3	0	G
k4_certs_4_n4_2.json.gz	22	4	6	21,64,3,3	[[4], [1], [3], [5]]	1	3	1	2	99	2	T4	2,3	0	G
k4_certs_4_n4_2.json.gz	22	4	6	21,64,3,3	[[4], [1], [5], [3]]	1	3	1	2	99	2	T4	2,3	0	G
k4_certs_4_n4_2.json.gz	22	4	6	21,72,3,3	[[4], [1], [3], [5]]	1	3	1	2	99	2	T4	2,3	0	G
k4_certs_4_n4_2.json.gz	22	4	6	21,72,3,3	[[4], [1], [5], [3]]	1	3	1	2	99	2	T4	2,3	0	G
k4_certs_4_n4_2.json.gz	22	4	6	21,108,3,3	[[4], [1], [3], [5]]	1	3	1	2	99	2	T4	2,3	0	G
k4_certs_4_n4_2.json.gz	22	4	6	21,108,3,3	[[4], [1], [5], [3]]	1	3	1	2	99	2	T4	2,3	0	G
k4_certs_4_n4_2.json.gz	22	4	6	21,110,3,3	[[4], [1], [3], [5]]	1	3	1	2	99	2	T4	2,3	0	G
k4_certs_4_n4_2.json.gz	22	4	6	21,110,3,3	[[4], [1], [5], [3]]	1	3	1	2	99	2	T4	2,3	0	G
k4_certs_4_n4_2.json.gz	22	4	6	21,111,3,3	[[4], [1], [3], [5]]	1	3	1	2	99	2	T4	2,3	0	G
k4_certs_4_n4_2.json.gz	22	4	6	21,111,3,3	[[4], [1], [5], [3]]	1	3	1	2	99	2	T4	2,3	0	G
k4_certs_4_n4_2.json.gz	22	4	6	21,113,3,3	[[4], [1], [3], [5]]	1	3	1	2	99	2	T4	2,3	0	G
k4_certs_4_n4_2.json.gz	22	4	6	21,113,3,3	[[4], [1], [5], [3]]	1	3	1	2	99	2	T4	2,3	0	G
k4_certs_4_n4_2.json.gz	22	4	6	21,122,3,3	[[4], [1], [3], [5]]	1	3	1	2	99	2	T4	2,3	0	G
k4_certs_4_n4_2.json.gz	22	4	6	21,122,3,3	[[4], [1], [5], [3]]	1	3	1	2	99	2	T4	2,3	0	G
k4_certs_4_n4_2.json.gz	22	4	6	21,123,3,3	[[4], [1], [3], [5]]	1	3	1	2	99	2	T4	2,3	0	G
k4_certs_4_n4_2.json.gz	22	4	6	21,123,3,3	[[4], [1], [5], [3]]	1	3	1	2	99	2	T4	2,3	0	G
k4_certs_4_n4_2.json.gz	22	4	6	21,138,3,3	[[4], [1], [3], [5]]	1	3	1	2	99	2	T4	2,3	0	G
k4_certs_4_n4_2.json.gz	22	4	6	21,138,3,3	[[4], [1], [5], [3]]	1	3	1	2	99	2	T4	2,3	0	G
k4_certs_4_n4_2.json.gz	22	4	6	21,142,3,3	[[4], [1], [3], [5]]	1	3	1	2	99	2	T4	2,3	0	G
k4_certs_4_n4_2.json.gz	22	4	6	21,142,3,3	[[4], [1], [5], [3]]	1	3	1	2	99	2	T4	2,3	0	G
k4_certs_4_n4_2.json.gz	22	4	6	21,181,3,3	[[4], [1], [3], [5]]	1	3	1	2	99	2	T4	2,3	0	G
k4_certs_4_n4_2.json.gz	22	4	6	21,181,3,3	[[4], [1], [5], [3]]	1	3	1	2	99	2	T4	2,3	0	G
k4_certs_4_n4_2.json.gz	22	4	6	21,183,3,3	[[4], [1], [3], [5]]	1	3	1	2	99	2	T4	2,3	0	G
k4_certs_4_n4_2.json.gz	22	4	6	21,183,3,3	[[4], [1], [5], [3]]	1	3	1	2	99	2	T4	2,3	0	G
k4_certs_4_n4_2.json.gz	22	4	6	23,65,2,2	[[5], [1], [3], [4]]	1	3	1	2	99	2	T4	2,3	0	G
k4_certs_4_n4_2.json.gz	22	4	6	23,65,2,2	[[5], [1], [4], [3]]	1	3	1	2	99	2	T4	2,3	0	G
k4_certs_4_n4_2.json.gz	22	4	6	23,74,2,2	[[5], [1], [3], [4]]	1	3	1	2	99	2	T4	2,3	0	G
k4_certs_4_n4_2.json.gz	22	4	6	23,74,2,2	[[5], [1], [4], [3]]	1	3	1	2	99	2	T4	2,3	0	G
k4_certs_4_n4_2.json.gz	22	4	6	23,115,2,2	[[5], [1], [3], [4]]	1	3	1	2	99	2	T4	2,3	0	G
k4_certs_4_n4_2.json.gz	22	4	6	23,115,2,2	[[5], [1], [4], [3]]	1	3	1	2	99	2	T4	2,3	0	G
k4_certs_4_n4_2.json.gz	22	4	6	23,117,2,2	[[5], [1], [3], [4]]	1	3	1	2	99	2	T4	2,3	0	G
k4_certs_4_n4_2.json.gz	22	4	6	23,117,2,2	[[5], [1], [4], [3]]	1	3	1	2	99	2	T4	2,3	0	G
k4_certs_4_n4_2.json.gz	22	4	6	23,118,2,2	[[5], [1], [3], [4]]	1	3	1	2	99	2	T4	2,3	0	G
k4_certs_4_n4_2.json.gz	22	4	6	23,118,2,2	[[5], [1], [4], [3]]	1	3	1	2	99	2	T4	2,3	0	G
k4_certs_4_n4_2.json.gz	22	4	6	23,120,2,2	[[5], [1], [3], [4]]	1	3	1	2	99	2	T4	2,3	0	G
k4_certs_4_n4_2.json.gz	22	4	6	23,120,2,2	[[5], [1], [4], [3]]	1	3	1	2	99	2	T4	2,3	0	G
k4_certs_4_n4_2.json.gz	22	4	6	23,124,2,2	[[5], [1], [3], [4]]	1	3	1	2	99	2	T4	2,3	0	G
k4_certs_4_n4_2.json.gz	22	4	6	23,124,2,2	[[5], [1], [4], [3]]	1	3	1	2	99	2	T4	2,3	0	G
k4_certs_4_n4_2.json.gz	22	4	6	23,125,2,2	[[5], [1], [3], [4]]	1	3	1	2	99	2	T4	2,3	0	G
k4_certs_4_n4_2.json.gz	22	4	6	23,125,2,2	[[5], [1], [4], [3]]	1	3	1	2	99	2	T4	2,3	0	G
k4_certs_4_n4_2.json.gz	22	4	6	23,139,2,2	[[5], [1], [3], [4]]	1	3	1	2	99	2	T4	2,3	0	G
k4_certs_4_n4_2.json.gz	22	4	6	23,139,2,2	[[5], [1], [4], [3]]	1	3	1	2	99	2	T4	2,3	0	G
k4_certs_4_n4_2.json.gz	22	4	6	23,143,2,2	[[5], [1], [3], [4]]	1	3	1	2	99	2	T4	2,3	0	G
k4_certs_4_n4_2.json.gz	22	4	6	23,143,2,2	[[5], [1], [4], [3]]	1	3	1	2	99	2	T4	2,3	0	G
k4_certs_4_n4_2.json.gz	22	4	6	23,184,2,2	[[5], [1], [3], [4]]	1	3	1	2	99	2	T4	2,3	0	G
k4_certs_4_n4_2.json.gz	22	4	6	23,184,2,2	[[5], [1], [4], [3]]	1	3	1	2	99	2	T4	2,3	0	G
k4_certs_4_n4_2.json.gz	22	4	6	23,185,2,2	[[5], [1], [3], [4]]	1	3	1	2	99	2	T4	2,3	0	G
k4_certs_4_n4_2.json.gz	22	4	6	23,185,2,2	[[5], [1], [4], [3]]	1	3	1	2	99	2	T4	2,3	0	G
k4_certs_4_n4_2.json.gz	22	4	6	34,64,3,3	[[4], [1], [3], [5]]	1	3	1	2	99	2	T4	2,3	0	G
k4_certs_4_n4_2.json.gz	22	4	6	34,64,3,3	[[4], [1], [5], [3]]	1	3	1	2	99	2	T4	2,3	0	G
k4_certs_4_n4_2.json.gz	22	4	6	34,72,3,3	[[4], [1], [3], [5]]	1	3	1	2	99	2	T4	2,3	0	G
k4_certs_4_n4_2.json.gz	22	4	6	34,72,3,3	[[4], [1], [5], [3]]	1	3	1	2	99	2	T4	2,3	0	G
k4_certs_4_n4_2.json.gz	22	4	6	34,108,3,3	[[4], [1], [3], [5]]	1	3	1	2	99	2	T4	2,3	0	G
k4_certs_4_n4_2.json.gz	22	4	6	34,108,3,3	[[4], [1], [5], [3]]	1	3	1	2	99	2	T4	2,3	0	G
k4_certs_4_n4_2.json.gz	22	4	6	34,110,3,3	[[4], [1], [3], [5]]	1	3	1	2	99	2	T4	2,3	0	G
k4_certs_4_n4_2.json.gz	22	4	6	34,110,3,3	[[4], [1], [5], [3]]	1	3	1	2	99	2	T4	2,3	0	G
k4_certs_4_n4_2.json.gz	22	4	6	34,111,3,3	[[4], [1], [3], [5]]	1	3	1	2	99	2	T4	2,3	0	G
k4_certs_4_n4_2.json.gz	22	4	6	34,111,3,3	[[4], [1], [5], [3]]	1	3	1	2	99	2	T4	2,3	0	G
k4_certs_4_n4_2.json.gz	22	4	6	34,113,3,3	[[4], [1], [3], [5]]	1	3	1	2	99	2	T4	2,3	0	G
k4_certs_4_n4_2.json.gz	22	4	6	34,113,3,3	[[4], [1], [5], [3]]	1	3	1	2	99	2	T4	2,3	0	G
k4_certs_4_n4_2.json.gz	22	4	6	34,122,3,3	[[4], [1], [3], [5]]	1	3	1	2	99	2	T4	2,3	0	G
k4_certs_4_n4_2.json.gz	22	4	6	34,122,3,3	[[4], [1], [5], [3]]	1	3	1	2	99	2	T4	2,3	0	G
k4_certs_4_n4_2.json.gz	22	4	6	34,123,3,3	[[4], [1], [3], [5]]	1	3	1	2	99	2	T4	2,3	0	G
k4_certs_4_n4_2.json.gz	22	4	6	34,123,3,3	[[4], [1], [5], [3]]	1	3	1	2	99	2	T4	2,3	0	G
k4_certs_4_n4_2.json.gz	22	4	6	34,138,3,3	[[4], [1], [3], [5]]	1	3	1	2	99	2	T4	2,3	0	G
k4_certs_4_n4_2.json.gz	22	4	6	34,138,3,3	[[4], [1], [5], [3]]	1	3	1	2	99	2	T4	2,3	0	G
k4_certs_4_n4_2.json.gz	22	4	6	34,142,3,3	[[4], [1], [3], [5]]	1	3	1	2	99	2	T4	2,3	0	G
k4_certs_4_n4_2.json.gz	22	4	6	34,142,3,3	[[4], [1], [5], [3]]	1	3	1	2	99	2	T4	2,3	0	G
k4_certs_4_n4_2.json.gz	22	4	6	34,181,3,3	[[4], [1], [3], [5]]	1	3	1	2	99	2	T4	2,3	0	G
k4_certs_4_n4_2.json.gz	22	4	6	34,181,3,3	[[4], [1], [5], [3]]	1	3	1	2	99	2	T4	2,3	0	G
k4_certs_4_n4_2.json.gz	22	4	6	34,183,3,3	[[4], [1], [3], [5]]	1	3	1	2	99	2	T4	2,3	0	G
k4_certs_4_n4_2.json.gz	22	4	6	34,183,3,3	[[4], [1], [5], [3]]	1	3	1	2	99	2	T4	2,3	0	G
k4_certs_4_n4_2.json.gz	22	4	6	36,65,2,2	[[5], [1], [3], [4]]	1	3	1	2	99	2	T4	2,3	0	G
k4_certs_4_n4_2.json.gz	22	4	6	36,65,2,2	[[5], [1], [4], [3]]	1	3	1	2	99	2	T4	2,3	0	G
k4_certs_4_n4_2.json.gz	22	4	6	36,74,2,2	[[5], [1], [3], [4]]	1	3	1	2	99	2	T4	2,3	0	G
k4_certs_4_n4_2.json.gz	22	4	6	36,74,2,2	[[5], [1], [4], [3]]	1	3	1	2	99	2	T4	2,3	0	G
k4_certs_4_n4_2.json.gz	22	4	6	36,115,2,2	[[5], [1], [3], [4]]	1	3	1	2	99	2	T4	2,3	0	G
k4_certs_4_n4_2.json.gz	22	4	6	36,115,2,2	[[5], [1], [4], [3]]	1	3	1	2	99	2	T4	2,3	0	G
k4_certs_4_n4_2.json.gz	22	4	6	36,117,2,2	[[5], [1], [3], [4]]	1	3	1	2	99	2	T4	2,3	0	G
k4_certs_4_n4_2.json.gz	22	4	6	36,117,2,2	[[5], [1], [4], [3]]	1	3	1	2	99	2	T4	2,3	0	G
k4_certs_4_n4_2.json.gz	22	4	6	36,118,2,2	[[5], [1], [3], [4]]	1	3	1	2	99	2	T4	2,3	0	G
k4_certs_4_n4_2.json.gz	22	4	6	36,118,2,2	[[5], [1], [4], [3]]	1	3	1	2	99	2	T4	2,3	0	G
k4_certs_4_n4_2.json.gz	22	4	6	36,120,2,2	[[5], [1], [3], [4]]	1	3	1	2	99	2	T4	2,3	0	G
k4_certs_4_n4_2.json.gz	22	4	6	36,120,2,2	[[5], [1], [4], [3]]	1	3	1	2	99	2	T4	2,3	0	G
k4_certs_4_n4_2.json.gz	22	4	6	36,124,2,2	[[5], [1], [3], [4]]	1	3	1	2	99	2	T4	2,3	0	G
k4_certs_4_n4_2.json.gz	22	4	6	36,124,2,2	[[5], [1], [4], [3]]	1	3	1	2	99	2	T4	2,3	0	G
k4_certs_4_n4_2.json.gz	22	4	6	36,125,2,2	[[5], [1], [3], [4]]	1	3	1	2	99	2	T4	2,3	0	G
k4_certs_4_n4_2.json.gz	22	4	6	36,125,2,2	[[5], [1], [4], [3]]	1	3	1	2	99	2	T4	2,3	0	G
k4_certs_4_n4_2.json.gz	22	4	6	36,139,2,2	[[5], [1], [3], [4]]	1	3	1	2	99	2	T4	2,3	0	G
k4_certs_4_n4_2.json.gz	22	4	6	36,139,2,2	[[5], [1], [4], [3]]	1	3	1	2	99	2	T4	2,3	0	G
k4_certs_4_n4_2.json.gz	22	4	6	36,143,2,2	[[5], [1], [3], [4]]	1	3	1	2	99	2	T4	2,3	0	G
k4_certs_4_n4_2.json.gz	22	4	6	36,143,2,2	[[5], [1], [4], [3]]	1	3	1	2	99	2	T4	2,3	0	G
k4_certs_4_n4_2.json.gz	22	4	6	36,184,2,2	[[5], [1], [3], [4]]	1	3	1	2	99	2	T4	2,3	0	G
k4_certs_4_n4_2.json.gz	22	4	6	36,184,2,2	[[5], [1], [4], [3]]	1	3	1	2	99	2	T4	2,3	0	G
k4_certs_4_n4_2.json.gz	22	4	6	36,185,2,2	[[5], [1], [3], [4]]	1	3	1	2	99	2	T4	2,3	0	G
k4_certs_4_n4_2.json.gz	22	4	6	36,185,2,2	[[5], [1], [4], [3]]	1	3	1	2	99	2	T4	2,3	0	G
k4_certs_4_n4_2.json.gz	22	4	6	39,64,3,3	[[4], [1], [3], [5]]	1	3	1	2	99	2	T4	2,3	0	G
k4_certs_4_n4_2.json.gz	22	4	6	39,64,3,3	[[4], [1], [5], [3]]	1	3	1	2	99	2	T4	2,3	0	G
k4_certs_4_n4_2.json.gz	22	4	6	39,72,3,3	[[4], [1], [3], [5]]	1	3	1	2	99	2	T4	2,3	0	G
k4_certs_4_n4_2.json.gz	22	4	6	39,72,3,3	[[4], [1], [5], [3]]	1	3	1	2	99	2	T4	2,3	0	G
k4_certs_4_n4_2.json.gz	22	4	6	39,108,3,3	[[4], [1], [3], [5]]	1	3	1	2	99	2	T4	2,3	0	G
k4_certs_4_n4_2.json.gz	22	4	6	39,108,3,3	[[4], [1], [5], [3]]	1	3	1	2	99	2	T4	2,3	0	G
k4_certs_4_n4_2.json.gz	22	4	6	39,110,3,3	[[4], [1], [3], [5]]	1	3	1	2	99	2	T4	2,3	0	G
k4_certs_4_n4_2.json.gz	22	4	6	39,110,3,3	[[4], [1], [5], [3]]	1	3	1	2	99	2	T4	2,3	0	G
k4_certs_4_n4_2.json.gz	22	4	6	39,111,3,3	[[4], [1], [3], [5]]	1	3	1	2	99	2	T4	2,3	0	G
k4_certs_4_n4_2.json.gz	22	4	6	39,111,3,3	[[4], [1], [5], [3]]	1	3	1	2	99	2	T4	2,3	0	G
k4_certs_4_n4_2.json.gz	22	4	6	39,113,3,3	[[4], [1], [3], [5]]	1	3	1	2	99	2	T4	2,3	0	G
k4_certs_4_n4_2.json.gz	22	4	6	39,113,3,3	[[4], [1], [5], [3]]	1	3	1	2	99	2	T4	2,3	0	G
k4_certs_4_n4_2.json.gz	22	4	6	39,122,3,3	[[4], [1], [3], [5]]	1	3	1	2	99	2	T4	2,3	0	G
k4_certs_4_n4_2.json.gz	22	4	6	39,122,3,3	[[4], [1], [5], [3]]	1	3	1	2	99	2	T4	2,3	0	G
k4_certs_4_n4_2.json.gz	22	4	6	39,123,3,3	[[4], [1], [3], [5]]	1	3	1	2	99	2	T4	2,3	0	G
k4_certs_4_n4_2.json.gz	22	4	6	39,123,3,3	[[4], [1], [5], [3]]	1	3	1	2	99	2	T4	2,3	0	G
k4_certs_4_n4_2.json.gz	22	4	6	39,138,3,3	[[4], [1], [3], [5]]	1	3	1	2	99	2	T4	2,3	0	G
k4_certs_4_n4_2.json.gz	22	4	6	39,138,3,3	[[4], [1], [5], [3]]	1	3	1	2	99	2	T4	2,3	0	G
k4_certs_4_n4_2.json.gz	22	4	6	39,142,3,3	[[4], [1], [3], [5]]	1	3	1	2	99	2	T4	2,3	0	G
k4_certs_4_n4_2.json.gz	22	4	6	39,142,3,3	[[4], [1], [5], [3]]	1	3	1	2	99	2	T4	2,3	0	G
k4_certs_4_n4_2.json.gz	22	4	6	39,181,3,3	[[4], [1], [3], [5]]	1	3	1	2	99	2	T4	2,3	0	G
k4_certs_4_n4_2.json.gz	22	4	6	39,181,3,3	[[4], [1], [5], [3]]	1	3	1	2	99	2	T4	2,3	0	G
k4_certs_4_n4_2.json.gz	22	4	6	39,183,3,3	[[4], [1], [3], [5]]	1	3	1	2	99	2	T4	2,3	0	G
k4_certs_4_n4_2.json.gz	22	4	6	39,183,3,3	[[4], [1], [5], [3]]	1	3	1	2	99	2	T4	2,3	0	G
k4_certs_4_n4_2.json.gz	22	4	6	41,65,2,2	[[5], [1], [3], [4]]	1	3	1	2	99	2	T4	2,3	0	G
k4_certs_4_n4_2.json.gz	22	4	6	41,65,2,2	[[5], [1], [4], [3]]	1	3	1	2	99	2	T4	2,3	0	G
k4_certs_4_n4_2.json.gz	22	4	6	41,74,2,2	[[5], [1], [3], [4]]	1	3	1	2	99	2	T4	2,3	0	G
k4_certs_4_n4_2.json.gz	22	4	6	41,74,2,2	[[5], [1], [4], [3]]	1	3	1	2	99	2	T4	2,3	0	G
k4_certs_4_n4_2.json.gz	22	4	6	41,115,2,2	[[5], [1], [3], [4]]	1	3	1	2	99	2	T4	2,3	0	G
k4_certs_4_n4_2.json.gz	22	4	6	41,115,2,2	[[5], [1], [4], [3]]	1	3	1	2	99	2	T4	2,3	0	G
k4_certs_4_n4_2.json.gz	22	4	6	41,117,2,2	[[5], [1], [3], [4]]	1	3	1	2	99	2	T4	2,3	0	G
k4_certs_4_n4_2.json.gz	22	4	6	41,117,2,2	[[5], [1], [4], [3]]	1	3	1	2	99	2	T4	2,3	0	G
k4_certs_4_n4_2.json.gz	22	4	6	41,118,2,2	[[5], [1], [3], [4]]	1	3	1	2	99	2	T4	2,3	0	G
k4_certs_4_n4_2.json.gz	22	4	6	41,118,2,2	[[5], [1], [4], [3]]	1	3	1	2	99	2	T4	2,3	0	G
k4_certs_4_n4_2.json.gz	22	4	6	41,120,2,2	[[5], [1], [3], [4]]	1	3	1	2	99	2	T4	2,3	0	G
k4_certs_4_n4_2.json.gz	22	4	6	41,120,2,2	[[5], [1], [4], [3]]	1	3	1	2	99	2	T4	2,3	0	G
k4_certs_4_n4_2.json.gz	22	4	6	41,124,2,2	[[5], [1], [3], [4]]	1	3	1	2	99	2	T4	2,3	0	G
k4_certs_4_n4_2.json.gz	22	4	6	41,124,2,2	[[5], [1], [4], [3]]	1	3	1	2	99	2	T4	2,3	0	G
k4_certs_4_n4_2.json.gz	22	4	6	41,125,2,2	[[5], [1], [3], [4]]	1	3	1	2	99	2	T4	2,3	0	G
k4_certs_4_n4_2.json.gz	22	4	6	41,125,2,2	[[5], [1], [4], [3]]	1	3	1	2	99	2	T4	2,3	0	G
k4_certs_4_n4_2.json.gz	22	4	6	41,139,2,2	[[5], [1], [3], [4]]	1	3	1	2	99	2	T4	2,3	0	G
k4_certs_4_n4_2.json.gz	22	4	6	41,139,2,2	[[5], [1], [4], [3]]	1	3	1	2	99	2	T4	2,3	0	G
k4_certs_4_n4_2.json.gz	22	4	6	41,143,2,2	[[5], [1], [3], [4]]	1	3	1	2	99	2	T4	2,3	0	G
k4_certs_4_n4_2.json.gz	22	4	6	41,143,2,2	[[5], [1], [4], [3]]	1	3	1	2	99	2	T4	2,3	0	G
k4_certs_4_n4_2.json.gz	22	4	6	41,184,2,2	[[5], [1], [3], [4]]	1	3	1	2	99	2	T4	2,3	0	G
k4_certs_4_n4_2.json.gz	22	4	6	41,184,2,2	[[5], [1], [4], [3]]	1	3	1	2	99	2	T4	2,3	0	G
k4_certs_4_n4_2.json.gz	22	4	6	41,185,2,2	[[5], [1], [3], [4]]	1	3	1	2	99	2	T4	2,3	0	G
k4_certs_4_n4_2.json.gz	22	4	6	41,185,2,2	[[5], [1], [4], [3]]	1	3	1	2	99	2	T4	2,3	0	G
k4_certs_4_n4_2.json.gz	22	4	6	51,64,3,3	[[4], [1], [3], [5]]	1	3	1	2	99	2	T4	2,3	0	G
k4_certs_4_n4_2.json.gz	22	4	6	51,64,3,3	[[4], [1], [5], [3]]	1	3	1	2	99	2	T4	2,3	0	G
k4_certs_4_n4_2.json.gz	22	4	6	51,72,3,3	[[4], [1], [3], [5]]	1	3	1	2	99	2	T4	2,3	0	G
k4_certs_4_n4_2.json.gz	22	4	6	51,72,3,3	[[4], [1], [5], [3]]	1	3	1	2	99	2	T4	2,3	0	G
k4_certs_4_n4_2.json.gz	22	4	6	51,108,3,3	[[4], [1], [3], [5]]	1	3	1	2	99	2	T4	2,3	0	G
k4_certs_4_n4_2.json.gz	22	4	6	51,108,3,3	[[4], [1], [5], [3]]	1	3	1	2	99	2	T4	2,3	0	G
k4_certs_4_n4_2.json.gz	22	4	6	51,110,3,3	[[4], [1], [3], [5]]	1	3	1	2	99	2	T4	2,3	0	G
k4_certs_4_n4_2.json.gz	22	4	6	51,110,3,3	[[4], [1], [5], [3]]	1	3	1	2	99	2	T4	2,3	0	G
k4_certs_4_n4_2.json.gz	22	4	6	51,111,3,3	[[4], [1], [3], [5]]	1	3	1	2	99	2	T4	2,3	0	G
k4_certs_4_n4_2.json.gz	22	4	6	51,111,3,3	[[4], [1], [5], [3]]	1	3	1	2	99	2	T4	2,3	0	G
k4_certs_4_n4_2.json.gz	22	4	6	51,113,3,3	[[4], [1], [3], [5]]	1	3	1	2	99	2	T4	2,3	0	G
k4_certs_4_n4_2.json.gz	22	4	6	51,113,3,3	[[4], [1], [5], [3]]	1	3	1	2	99	2	T4	2,3	0	G
k4_certs_4_n4_2.json.gz	22	4	6	51,122,3,3	[[4], [1], [3], [5]]	1	3	1	2	99	2	T4	2,3	0	G
k4_certs_4_n4_2.json.gz	22	4	6	51,122,3,3	[[4], [1], [5], [3]]	1	3	1	2	99	2	T4	2,3	0	G
k4_certs_4_n4_2.json.gz	22	4	6	51,123,3,3	[[4], [1], [3], [5]]	1	3	1	2	99	2	T4	2,3	0	G
k4_certs_4_n4_2.json.gz	22	4	6	51,123,3,3	[[4], [1], [5], [3]]	1	3	1	2	99	2	T4	2,3	0	G
k4_certs_4_n4_2.json.gz	22	4	6	51,138,3,3	[[4], [1], [3], [5]]	1	3	1	2	99	2	T4	2,3	0	G
k4_certs_4_n4_2.json.gz	22	4	6	51,138,3,3	[[4], [1], [5], [3]]	1	3	1	2	99	2	T4	2,3	0	G
k4_certs_4_n4_2.json.gz	22	4	6	51,142,3,3	[[4], [1], [3], [5]]	1	3	1	2	99	2	T4	2,3	0	G
k4_certs_4_n4_2.json.gz	22	4	6	51,142,3,3	[[4], [1], [5], [3]]	1	3	1	2	99	2	T4	2,3	0	G
k4_certs_4_n4_2.json.gz	22	4	6	51,181,3,3	[[4], [1], [3], [5]]	1	3	1	2	99	2	T4	2,3	0	G
k4_certs_4_n4_2.json.gz	22	4	6	51,181,3,3	[[4], [1], [5], [3]]	1	3	1	2	99	2	T4	2,3	0	G
k4_certs_4_n4_2.json.gz	22	4	6	51,183,3,3	[[4], [1], [3], [5]]	1	3	1	2	99	2	T4	2,3	0	G
k4_certs_4_n4_2.json.gz	22	4	6	51,183,3,3	[[4], [1], [5], [3]]	1	3	1	2	99	2	T4	2,3	0	G
k4_certs_4_n4_2.json.gz	22	4	6	53,65,2,2	[[5], [1], [3], [4]]	1	3	1	2	99	2	T4	2,3	0	G
k4_certs_4_n4_2.json.gz	22	4	6	53,65,2,2	[[5], [1], [4], [3]]	1	3	1	2	99	2	T4	2,3	0	G
k4_certs_4_n4_2.json.gz	22	4	6	53,74,2,2	[[5], [1], [3], [4]]	1	3	1	2	99	2	T4	2,3	0	G
k4_certs_4_n4_2.json.gz	22	4	6	53,74,2,2	[[5], [1], [4], [3]]	1	3	1	2	99	2	T4	2,3	0	G
k4_certs_4_n4_2.json.gz	22	4	6	53,115,2,2	[[5], [1], [3], [4]]	1	3	1	2	99	2	T4	2,3	0	G
k4_certs_4_n4_2.json.gz	22	4	6	53,115,2,2	[[5], [1], [4], [3]]	1	3	1	2	99	2	T4	2,3	0	G
k4_certs_4_n4_2.json.gz	22	4	6	53,117,2,2	[[5], [1], [3], [4]]	1	3	1	2	99	2	T4	2,3	0	G
k4_certs_4_n4_2.json.gz	22	4	6	53,117,2,2	[[5], [1], [4], [3]]	1	3	1	2	99	2	T4	2,3	0	G
k4_certs_4_n4_2.json.gz	22	4	6	53,118,2,2	[[5], [1], [3], [4]]	1	3	1	2	99	2	T4	2,3	0	G
k4_certs_4_n4_2.json.gz	22	4	6	53,118,2,2	[[5], [1], [4], [3]]	1	3	1	2	99	2	T4	2,3	0	G
k4_certs_4_n4_2.json.gz	22	4	6	53,120,2,2	[[5], [1], [3], [4]]	1	3	1	2	99	2	T4	2,3	0	G
k4_certs_4_n4_2.json.gz	22	4	6	53,120,2,2	[[5], [1], [4], [3]]	1	3	1	2	99	2	T4	2,3	0	G
k4_certs_4_n4_2.json.gz	22	4	6	53,124,2,2	[[5], [1], [3], [4]]	1	3	1	2	99	2	T4	2,3	0	G
k4_certs_4_n4_2.json.gz	22	4	6	53,124,2,2	[[5], [1], [4], [3]]	1	3	1	2	99	2	T4	2,3	0	G
k4_certs_4_n4_2.json.gz	22	4	6	53,125,2,2	[[5], [1], [3], [4]]	1	3	1	2	99	2	T4	2,3	0	G
k4_certs_4_n4_2.json.gz	22	4	6	53,125,2,2	[[5], [1], [4], [3]]	1	3	1	2	99	2	T4	2,3	0	G
k4_certs_4_n4_2.json.gz	22	4	6	53,139,2,2	[[5], [1], [3], [4]]	1	3	1	2	99	2	T4	2,3	0	G
k4_certs_4_n4_2.json.gz	22	4	6	53,139,2,2	[[5], [1], [4], [3]]	1	3	1	2	99	2	T4	2,3	0	G
k4_certs_4_n4_2.json.gz	22	4	6	53,143,2,2	[[5], [1], [3], [4]]	1	3	1	2	99	2	T4	2,3	0	G
k4_certs_4_n4_2.json.gz	22	4	6	53,143,2,2	[[5], [1], [4], [3]]	1	3	1	2	99	2	T4	2,3	0	G
k4_certs_4_n4_2.json.gz	22	4	6	53,184,2,2	[[5], [1], [3], [4]]	1	3	1	2	99	2	T4	2,3	0	G
k4_certs_4_n4_2.json.gz	22	4	6	53,184,2,2	[[5], [1], [4], [3]]	1	3	1	2	99	2	T4	2,3	0	G
k4_certs_4_n4_2.json.gz	22	4	6	53,185,2,2	[[5], [1], [3], [4]]	1	3	1	2	99	2	T4	2,3	0	G
k4_certs_4_n4_2.json.gz	22	4	6	53,185,2,2	[[5], [1], [4], [3]]	1	3	1	2	99	2	T4	2,3	0	G
k4_certs_4_n4_2.json.gz	22	4	6	65,64,3,3	[[4], [1], [3], [5]]	1	3	1	2	99	2	T4	2,3	0	G
k4_certs_4_n4_2.json.gz	22	4	6	65,64,3,3	[[4], [1], [5], [3]]	1	3	1	2	99	2	T4	2,3	0	G
k4_certs_4_n4_2.json.gz	22	4	6	65,72,3,3	[[4], [1], [3], [5]]	1	3	1	2	99	2	T4	2,3	0	G
k4_certs_4_n4_2.json.gz	22	4	6	65,72,3,3	[[4], [1], [5], [3]]	1	3	1	2	99	2	T4	2,3	0	G
k4_certs_4_n4_2.json.gz	22	4	6	65,108,3,3	[[4], [1], [3], [5]]	1	3	1	2	99	2	T4	2,3	0	G
k4_certs_4_n4_2.json.gz	22	4	6	65,108,3,3	[[4], [1], [5], [3]]	1	3	1	2	99	2	T4	2,3	0	G
k4_certs_4_n4_2.json.gz	22	4	6	65,110,3,3	[[4], [1], [3], [5]]	1	3	1	2	99	2	T4	2,3	0	G
k4_certs_4_n4_2.json.gz	22	4	6	65,110,3,3	[[4], [1], [5], [3]]	1	3	1	2	99	2	T4	2,3	0	G
k4_certs_4_n4_2.json.gz	22	4	6	65,111,3,3	[[4], [1], [3], [5]]	1	3	1	2	99	2	T4	2,3	0	G
k4_certs_4_n4_2.json.gz	22	4	6	65,111,3,3	[[4], [1], [5], [3]]	1	3	1	2	99	2	T4	2,3	0	G
k4_certs_4_n4_2.json.gz	22	4	6	65,113,3,3	[[4], [1], [3], [5]]	1	3	1	2	99	2	T4	2,3	0	G
k4_certs_4_n4_2.json.gz	22	4	6	65,113,3,3	[[4], [1], [5], [3]]	1	3	1	2	99	2	T4	2,3	0	G
k4_certs_4_n4_2.json.gz	22	4	6	65,122,3,3	[[4], [1], [3], [5]]	1	3	1	2	99	2	T4	2,3	0	G
k4_certs_4_n4_2.json.gz	22	4	6	65,122,3,3	[[4], [1], [5], [3]]	1	3	1	2	99	2	T4	2,3	0	G
k4_certs_4_n4_2.json.gz	22	4	6	65,123,3,3	[[4], [1], [3], [5]]	1	3	1	2	99	2	T4	2,3	0	G
k4_certs_4_n4_2.json.gz	22	4	6	65,123,3,3	[[4], [1], [5], [3]]	1	3	1	2	99	2	T4	2,3	0	G
k4_certs_4_n4_2.json.gz	22	4	6	65,138,3,3	[[4], [1], [3], [5]]	1	3	1	2	99	2	T4	2,3	0	G
k4_certs_4_n4_2.json.gz	22	4	6	65,138,3,3	[[4], [1], [5], [3]]	1	3	1	2	99	2	T4	2,3	0	G
k4_certs_4_n4_2.json.gz	22	4	6	65,142,3,3	[[4], [1], [3], [5]]	1	3	1	2	99	2	T4	2,3	0	G
k4_certs_4_n4_2.json.gz	22	4	6	65,142,3,3	[[4], [1], [5], [3]]	1	3	1	2	99	2	T4	2,3	0	G
k4_certs_4_n4_2.json.gz	22	4	6	65,181,3,3	[[4], [1], [3], [5]]	1	3	1	2	99	2	T4	2,3	0	G
k4_certs_4_n4_2.json.gz	22	4	6	65,181,3,3	[[4], [1], [5], [3]]	1	3	1	2	99	2	T4	2,3	0	G
k4_certs_4_n4_2.json.gz	22	4	6	65,183,3,3	[[4], [1], [3], [5]]	1	3	1	2	99	2	T4	2,3	0	G
k4_certs_4_n4_2.json.gz	22	4	6	65,183,3,3	[[4], [1], [5], [3]]	1	3	1	2	99	2	T4	2,3	0	G
k4_certs_4_n4_2.json.gz	22	4	6	69,65,2,2	[[5], [1], [3], [4]]	1	3	1	2	99	2	T4	2,3	0	G
k4_certs_4_n4_2.json.gz	22	4	6	69,65,2,2	[[5], [1], [4], [3]]	1	3	1	2	99	2	T4	2,3	0	G
k4_certs_4_n4_2.json.gz	22	4	6	69,74,2,2	[[5], [1], [3], [4]]	1	3	1	2	99	2	T4	2,3	0	G
k4_certs_4_n4_2.json.gz	22	4	6	69,74,2,2	[[5], [1], [4], [3]]	1	3	1	2	99	2	T4	2,3	0	G
k4_certs_4_n4_2.json.gz	22	4	6	69,115,2,2	[[5], [1], [3], [4]]	1	3	1	2	99	2	T4	2,3	0	G
k4_certs_4_n4_2.json.gz	22	4	6	69,115,2,2	[[5], [1], [4], [3]]	1	3	1	2	99	2	T4	2,3	0	G
k4_certs_4_n4_2.json.gz	22	4	6	69,117,2,2	[[5], [1], [3], [4]]	1	3	1	2	99	2	T4	2,3	0	G
k4_certs_4_n4_2.json.gz	22	4	6	69,117,2,2	[[5], [1], [4], [3]]	1	3	1	2	99	2	T4	2,3	0	G
k4_certs_4_n4_2.json.gz	22	4	6	69,118,2,2	[[5], [1], [3], [4]]	1	3	1	2	99	2	T4	2,3	0	G
k4_certs_4_n4_2.json.gz	22	4	6	69,118,2,2	[[5], [1], [4], [3]]	1	3	1	2	99	2	T4	2,3	0	G
k4_certs_4_n4_2.json.gz	22	4	6	69,120,2,2	[[5], [1], [3], [4]]	1	3	1	2	99	2	T4	2,3	0	G
k4_certs_4_n4_2.json.gz	22	4	6	69,120,2,2	[[5], [1], [4], [3]]	1	3	1	2	99	2	T4	2,3	0	G
k4_certs_4_n4_2.json.gz	22	4	6	69,124,2,2	[[5], [1], [3], [4]]	1	3	1	2	99	2	T4	2,3	0	G
k4_certs_4_n4_2.json.gz	22	4	6	69,124,2,2	[[5], [1], [4], [3]]	1	3	1	2	99	2	T4	2,3	0	G
k4_certs_4_n4_2.json.gz	22	4	6	69,125,2,2	[[5], [1], [3], [4]]	1	3	1	2	99	2	T4	2,3	0	G
k4_certs_4_n4_2.json.gz	22	4	6	69,125,2,2	[[5], [1], [4], [3]]	1	3	1	2	99	2	T4	2,3	0	G
k4_certs_4_n4_2.json.gz	22	4	6	69,139,2,2	[[5], [1], [3], [4]]	1	3	1	2	99	2	T4	2,3	0	G
k4_certs_4_n4_2.json.gz	22	4	6	69,139,2,2	[[5], [1], [4], [3]]	1	3	1	2	99	2	T4	2,3	0	G
k4_certs_4_n4_2.json.gz	22	4	6	69,143,2,2	[[5], [1], [3], [4]]	1	3	1	2	99	2	T4	2,3	0	G
k4_certs_4_n4_2.json.gz	22	4	6	69,143,2,2	[[5], [1], [4], [3]]	1	3	1	2	99	2	T4	2,3	0	G
k4_certs_4_n4_2.json.gz	22	4	6	69,184,2,2	[[5], [1], [3], [4]]	1	3	1	2	99	2	T4	2,3	0	G
k4_certs_4_n4_2.json.gz	22	4	6	69,184,2,2	[[5], [1], [4], [3]]	1	3	1	2	99	2	T4	2,3	0	G
k4_certs_4_n4_2.json.gz	22	4	6	69,185,2,2	[[5], [1], [3], [4]]	1	3	1	2	99	2	T4	2,3	0	G
k4_certs_4_n4_2.json.gz	22	4	6	69,185,2,2	[[5], [1], [4], [3]]	1	3	1	2	99	2	T4	2,3	0	G
k4_certs_4_n4_2.json.gz	22	4	6	73,64,3,3	[[4], [1], [3], [5]]	1	3	1	2	99	2	T4	2,3	0	G
k4_certs_4_n4_2.json.gz	22	4	6	73,64,3,3	[[4], [1], [5], [3]]	1	3	1	2	99	2	T4	2,3	0	G
k4_certs_4_n4_2.json.gz	22	4	6	73,72,3,3	[[4], [1], [3], [5]]	1	3	1	2	99	2	T4	2,3	0	G
k4_certs_4_n4_2.json.gz	22	4	6	73,72,3,3	[[4], [1], [5], [3]]	1	3	1	2	99	2	T4	2,3	0	G
k4_certs_4_n4_2.json.gz	22	4	6	73,108,3,3	[[4], [1], [3], [5]]	1	3	1	2	99	2	T4	2,3	0	G
k4_certs_4_n4_2.json.gz	22	4	6	73,108,3,3	[[4], [1], [5], [3]]	1	3	1	2	99	2	T4	2,3	0	G
k4_certs_4_n4_2.json.gz	22	4	6	73,110,3,3	[[4], [1], [3], [5]]	1	3	1	2	99	2	T4	2,3	0	G
k4_certs_4_n4_2.json.gz	22	4	6	73,110,3,3	[[4], [1], [5], [3]]	1	3	1	2	99	2	T4	2,3	0	G
k4_certs_4_n4_2.json.gz	22	4	6	73,111,3,3	[[4], [1], [3], [5]]	1	3	1	2	99	2	T4	2,3	0	G
k4_certs_4_n4_2.json.gz	22	4	6	73,111,3,3	[[4], [1], [5], [3]]	1	3	1	2	99	2	T4	2,3	0	G
k4_certs_4_n4_2.json.gz	22	4	6	73,113,3,3	[[4], [1], [3], [5]]	1	3	1	2	99	2	T4	2,3	0	G
k4_certs_4_n4_2.json.gz	22	4	6	73,113,3,3	[[4], [1], [5], [3]]	1	3	1	2	99	2	T4	2,3	0	G
k4_certs_4_n4_2.json.gz	22	4	6	73,122,3,3	[[4], [1], [3], [5]]	1	3	1	2	99	2	T4	2,3	0	G
k4_certs_4_n4_2.json.gz	22	4	6	73,122,3,3	[[4], [1], [5], [3]]	1	3	1	2	99	2	T4	2,3	0	G
k4_certs_4_n4_2.json.gz	22	4	6	73,123,3,3	[[4], [1], [3], [5]]	1	3	1	2	99	2	T4	2,3	0	G
k4_certs_4_n4_2.json.gz	22	4	6	73,123,3,3	[[4], [1], [5], [3]]	1	3	1	2	99	2	T4	2,3	0	G
k4_certs_4_n4_2.json.gz	22	4	6	73,138,3,3	[[4], [1], [3], [5]]	1	3	1	2	99	2	T4	2,3	0	G
k4_certs_4_n4_2.json.gz	22	4	6	73,138,3,3	[[4], [1], [5], [3]]	1	3	1	2	99	2	T4	2,3	0	G
k4_certs_4_n4_2.json.gz	22	4	6	73,142,3,3	[[4], [1], [3], [5]]	1	3	1	2	99	2	T4	2,3	0	G
k4_certs_4_n4_2.json.gz	22	4	6	73,142,3,3	[[4], [1], [5], [3]]	1	3	1	2	99	2	T4	2,3	0	G
k4_certs_4_n4_2.json.gz	22	4	6	73,181,3,3	[[4], [1], [3], [5]]	1	3	1	2	99	2	T4	2,3	0	G
k4_certs_4_n4_2.json.gz	22	4	6	73,181,3,3	[[4], [1], [5], [3]]	1	3	1	2	99	2	T4	2,3	0	G
k4_certs_4_n4_2.json.gz	22	4	6	73,183,3,3	[[4], [1], [3], [5]]	1	3	1	2	99	2	T4	2,3	0	G
k4_certs_4_n4_2.json.gz	22	4	6	73,183,3,3	[[4], [1], [5], [3]]	1	3	1	2	99	2	T4	2,3	0	G
k4_certs_4_n4_2.json.gz	22	4	6	75,65,2,2	[[5], [1], [3], [4]]	1	3	1	2	99	2	T4	2,3	0	G
k4_certs_4_n4_2.json.gz	22	4	6	75,65,2,2	[[5], [1], [4], [3]]	1	3	1	2	99	2	T4	2,3	0	G
k4_certs_4_n4_2.json.gz	22	4	6	75,74,2,2	[[5], [1], [3], [4]]	1	3	1	2	99	2	T4	2,3	0	G
k4_certs_4_n4_2.json.gz	22	4	6	75,74,2,2	[[5], [1], [4], [3]]	1	3	1	2	99	2	T4	2,3	0	G
k4_certs_4_n4_2.json.gz	22	4	6	75,115,2,2	[[5], [1], [3], [4]]	1	3	1	2	99	2	T4	2,3	0	G
k4_certs_4_n4_2.json.gz	22	4	6	75,115,2,2	[[5], [1], [4], [3]]	1	3	1	2	99	2	T4	2,3	0	G
k4_certs_4_n4_2.json.gz	22	4	6	75,117,2,2	[[5], [1], [3], [4]]	1	3	1	2	99	2	T4	2,3	0	G
k4_certs_4_n4_2.json.gz	22	4	6	75,117,2,2	[[5], [1], [4], [3]]	1	3	1	2	99	2	T4	2,3	0	G
k4_certs_4_n4_2.json.gz	22	4	6	75,118,2,2	[[5], [1], [3], [4]]	1	3	1	2	99	2	T4	2,3	0	G
k4_certs_4_n4_2.json.gz	22	4	6	75,118,2,2	[[5], [1], [4], [3]]	1	3	1	2	99	2	T4	2,3	0	G
k4_certs_4_n4_2.json.gz	22	4	6	75,120,2,2	[[5], [1], [3], [4]]	1	3	1	2	99	2	T4	2,3	0	G
k4_certs_4_n4_2.json.gz	22	4	6	75,120,2,2	[[5], [1], [4], [3]]	1	3	1	2	99	2	T4	2,3	0	G
k4_certs_4_n4_2.json.gz	22	4	6	75,124,2,2	[[5], [1], [3], [4]]	1	3	1	2	99	2	T4	2,3	0	G
k4_certs_4_n4_2.json.gz	22	4	6	75,124,2,2	[[5], [1], [4], [3]]	1	3	1	2	99	2	T4	2,3	0	G
k4_certs_4_n4_2.json.gz	22	4	6	75,125,2,2	[[5], [1], [3], [4]]	1	3	1	2	99	2	T4	2,3	0	G
k4_certs_4_n4_2.json.gz	22	4	6	75,125,2,2	[[5], [1], [4], [3]]	1	3	1	2	99	2	T4	2,3	0	G
k4_certs_4_n4_2.json.gz	22	4	6	75,139,2,2	[[5], [1], [3], [4]]	1	3	1	2	99	2	T4	2,3	0	G
k4_certs_4_n4_2.json.gz	22	4	6	75,139,2,2	[[5], [1], [4], [3]]	1	3	1	2	99	2	T4	2,3	0	G
k4_certs_4_n4_2.json.gz	22	4	6	75,143,2,2	[[5], [1], [3], [4]]	1	3	1	2	99	2	T4	2,3	0	G
k4_certs_4_n4_2.json.gz	22	4	6	75,143,2,2	[[5], [1], [4], [3]]	1	3	1	2	99	2	T4	2,3	0	G
k4_certs_4_n4_2.json.gz	22	4	6	75,184,2,2	[[5], [1], [3], [4]]	1	3	1	2	99	2	T4	2,3	0	G
k4_certs_4_n4_2.json.gz	22	4	6	75,184,2,2	[[5], [1], [4], [3]]	1	3	1	2	99	2	T4	2,3	0	G
k4_certs_4_n4_2.json.gz	22	4	6	75,185,2,2	[[5], [1], [3], [4]]	1	3	1	2	99	2	T4	2,3	0	G
k4_certs_4_n4_2.json.gz	22	4	6	75,185,2,2	[[5], [1], [4], [3]]	1	3	1	2	99	2	T4	2,3	0	G
k4_certs_4_n4_2.json.gz	22	4	6	103,64,3,3	[[4], [1], [3], [5]]	1	3	1	2	99	2	T4	2,3	0	G
k4_certs_4_n4_2.json.gz	22	4	6	103,64,3,3	[[4], [1], [5], [3]]	1	3	1	2	99	2	T4	2,3	0	G
k4_certs_4_n4_2.json.gz	22	4	6	103,72,3,3	[[4], [1], [3], [5]]	1	3	1	2	99	2	T4	2,3	0	G
k4_certs_4_n4_2.json.gz	22	4	6	103,72,3,3	[[4], [1], [5], [3]]	1	3	1	2	99	2	T4	2,3	0	G
k4_certs_4_n4_2.json.gz	22	4	6	103,108,3,3	[[4], [1], [3], [5]]	1	3	1	2	99	2	T4	2,3	0	G
k4_certs_4_n4_2.json.gz	22	4	6	103,108,3,3	[[4], [1], [5], [3]]	1	3	1	2	99	2	T4	2,3	0	G
k4_certs_4_n4_2.json.gz	22	4	6	103,110,3,3	[[4], [1], [3], [5]]	1	3	1	2	99	2	T4	2,3	0	G
k4_certs_4_n4_2.json.gz	22	4	6	103,110,3,3	[[4], [1], [5], [3]]	1	3	1	2	99	2	T4	2,3	0	G
k4_certs_4_n4_2.json.gz	22	4	6	103,111,3,3	[[4], [1], [3], [5]]	1	3	1	2	99	2	T4	2,3	0	G
k4_certs_4_n4_2.json.gz	22	4	6	103,111,3,3	[[4], [1], [5], [3]]	1	3	1	2	99	2	T4	2,3	0	G
k4_certs_4_n4_2.json.gz	22	4	6	103,113,3,3	[[4], [1], [3], [5]]	1	3	1	2	99	2	T4	2,3	0	G
k4_certs_4_n4_2.json.gz	22	4	6	103,113,3,3	[[4], [1], [5], [3]]	1	3	1	2	99	2	T4	2,3	0	G
k4_certs_4_n4_2.json.gz	22	4	6	103,122,3,3	[[4], [1], [3], [5]]	1	3	1	2	99	2	T4	2,3	0	G
k4_certs_4_n4_2.json.gz	22	4	6	103,122,3,3	[[4], [1], [5], [3]]	1	3	1	2	99	2	T4	2,3	0	G
k4_certs_4_n4_2.json.gz	22	4	6	103,123,3,3	[[4], [1], [3], [5]]	1	3	1	2	99	2	T4	2,3	0	G
k4_certs_4_n4_2.json.gz	22	4	6	103,123,3,3	[[4], [1], [5], [3]]	1	3	1	2	99	2	T4	2,3	0	G
k4_certs_4_n4_2.json.gz	22	4	6	103,138,3,3	[[4], [1], [3], [5]]	1	3	1	2	99	2	T4	2,3	0	G
k4_certs_4_n4_2.json.gz	22	4	6	103,138,3,3	[[4], [1], [5], [3]]	1	3	1	2	99	2	T4	2,3	0	G
k4_certs_4_n4_2.json.gz	22	4	6	103,142,3,3	[[4], [1], [3], [5]]	1	3	1	2	99	2	T4	2,3	0	G
k4_certs_4_n4_2.json.gz	22	4	6	103,142,3,3	[[4], [1], [5], [3]]	1	3	1	2	99	2	T4	2,3	0	G
k4_certs_4_n4_2.json.gz	22	4	6	103,181,3,3	[[4], [1], [3], [5]]	1	3	1	2	99	2	T4	2,3	0	G
k4_certs_4_n4_2.json.gz	22	4	6	103,181,3,3	[[4], [1], [5], [3]]	1	3	1	2	99	2	T4	2,3	0	G
k4_certs_4_n4_2.json.gz	22	4	6	103,183,3,3	[[4], [1], [3], [5]]	1	3	1	2	99	2	T4	2,3	0	G
k4_certs_4_n4_2.json.gz	22	4	6	103,183,3,3	[[4], [1], [5], [3]]	1	3	1	2	99	2	T4	2,3	0	G
k4_certs_4_n4_2.json.gz	22	4	6	105,65,2,2	[[5], [1], [3], [4]]	1	3	1	2	99	2	T4	2,3	0	G
k4_certs_4_n4_2.json.gz	22	4	6	105,65,2,2	[[5], [1], [4], [3]]	1	3	1	2	99	2	T4	2,3	0	G
k4_certs_4_n4_2.json.gz	22	4	6	105,74,2,2	[[5], [1], [3], [4]]	1	3	1	2	99	2	T4	2,3	0	G
k4_certs_4_n4_2.json.gz	22	4	6	105,74,2,2	[[5], [1], [4], [3]]	1	3	1	2	99	2	T4	2,3	0	G
k4_certs_4_n4_2.json.gz	22	4	6	105,115,2,2	[[5], [1], [3], [4]]	1	3	1	2	99	2	T4	2,3	0	G
k4_certs_4_n4_2.json.gz	22	4	6	105,115,2,2	[[5], [1], [4], [3]]	1	3	1	2	99	2	T4	2,3	0	G
k4_certs_4_n4_2.json.gz	22	4	6	105,117,2,2	[[5], [1], [3], [4]]	1	3	1	2	99	2	T4	2,3	0	G
k4_certs_4_n4_2.json.gz	22	4	6	105,117,2,2	[[5], [1], [4], [3]]	1	3	1	2	99	2	T4	2,3	0	G
k4_certs_4_n4_2.json.gz	22	4	6	105,118,2,2	[[5], [1], [3], [4]]	1	3	1	2	99	2	T4	2,3	0	G
k4_certs_4_n4_2.json.gz	22	4	6	105,118,2,2	[[5], [1], [4], [3]]	1	3	1	2	99	2	T4	2,3	0	G
k4_certs_4_n4_2.json.gz	22	4	6	105,120,2,2	[[5], [1], [3], [4]]	1	3	1	2	99	2	T4	2,3	0	G
k4_certs_4_n4_2.json.gz	22	4	6	105,120,2,2	[[5], [1], [4], [3]]	1	3	1	2	99	2	T4	2,3	0	G
k4_certs_4_n4_2.json.gz	22	4	6	105,124,2,2	[[5], [1], [3], [4]]	1	3	1	2	99	2	T4	2,3	0	G
k4_certs_4_n4_2.json.gz	22	4	6	105,124,2,2	[[5], [1], [4], [3]]	1	3	1	2	99	2	T4	2,3	0	G
k4_certs_4_n4_2.json.gz	22	4	6	105,125,2,2	[[5], [1], [3], [4]]	1	3	1	2	99	2	T4	2,3	0	G
k4_certs_4_n4_2.json.gz	22	4	6	105,125,2,2	[[5], [1], [4], [3]]	1	3	1	2	99	2	T4	2,3	0	G
k4_certs_4_n4_2.json.gz	22	4	6	105,139,2,2	[[5], [1], [3], [4]]	1	3	1	2	99	2	T4	2,3	0	G
k4_certs_4_n4_2.json.gz	22	4	6	105,139,2,2	[[5], [1], [4], [3]]	1	3	1	2	99	2	T4	2,3	0	G
k4_certs_4_n4_2.json.gz	22	4	6	105,143,2,2	[[5], [1], [3], [4]]	1	3	1	2	99	2	T4	2,3	0	G
k4_certs_4_n4_2.json.gz	22	4	6	105,143,2,2	[[5], [1], [4], [3]]	1	3	1	2	99	2	T4	2,3	0	G
k4_certs_4_n4_2.json.gz	22	4	6	105,184,2,2	[[5], [1], [3], [4]]	1	3	1	2	99	2	T4	2,3	0	G
k4_certs_4_n4_2.json.gz	22	4	6	105,184,2,2	[[5], [1], [4], [3]]	1	3	1	2	99	2	T4	2,3	0	G
k4_certs_4_n4_2.json.gz	22	4	6	105,185,2,2	[[5], [1], [3], [4]]	1	3	1	2	99	2	T4	2,3	0	G
k4_certs_4_n4_2.json.gz	22	4	6	105,185,2,2	[[5], [1], [4], [3]]	1	3	1	2	99	2	T4	2,3	0	G
k4_certs_4_n4_2.json.gz	22	4	6	111,64,3,3	[[4], [1], [3], [5]]	1	3	1	2	99	2	T4	2,3	0	G
k4_certs_4_n4_2.json.gz	22	4	6	111,64,3,3	[[4], [1], [5], [3]]	1	3	1	2	99	2	T4	2,3	0	G
k4_certs_4_n4_2.json.gz	22	4	6	111,72,3,3	[[4], [1], [3], [5]]	1	3	1	2	99	2	T4	2,3	0	G
k4_certs_4_n4_2.json.gz	22	4	6	111,72,3,3	[[4], [1], [5], [3]]	1	3	1	2	99	2	T4	2,3	0	G
k4_certs_4_n4_2.json.gz	22	4	6	111,108,3,3	[[4], [1], [3], [5]]	1	3	1	2	99	2	T4	2,3	0	G
k4_certs_4_n4_2.json.gz	22	4	6	111,108,3,3	[[4], [1], [5], [3]]	1	3	1	2	99	2	T4	2,3	0	G
k4_certs_4_n4_2.json.gz	22	4	6	111,110,3,3	[[4], [1], [3], [5]]	1	3	1	2	99	2	T4	2,3	0	G
k4_certs_4_n4_2.json.gz	22	4	6	111,110,3,3	[[4], [1], [5], [3]]	1	3	1	2	99	2	T4	2,3	0	G
k4_certs_4_n4_2.json.gz	22	4	6	111,111,3,3	[[4], [1], [3], [5]]	1	3	1	2	99	2	T4	2,3	0	G
k4_certs_4_n4_2.json.gz	22	4	6	111,111,3,3	[[4], [1], [5], [3]]	1	3	1	2	99	2	T4	2,3	0	G
k4_certs_4_n4_2.json.gz	22	4	6	111,113,3,3	[[4], [1], [3], [5]]	1	3	1	2	99	2	T4	2,3	0	G
k4_certs_4_n4_2.json.gz	22	4	6	111,113,3,3	[[4], [1], [5], [3]]	1	3	1	2	99	2	T4	2,3	0	G
k4_certs_4_n4_2.json.gz	22	4	6	111,122,3,3	[[4], [1], [3], [5]]	1	3	1	2	99	2	T4	2,3	0	G
k4_certs_4_n4_2.json.gz	22	4	6	111,122,3,3	[[4], [1], [5], [3]]	1	3	1	2	99	2	T4	2,3	0	G
k4_certs_4_n4_2.json.gz	22	4	6	111,123,3,3	[[4], [1], [3], [5]]	1	3	1	2	99	2	T4	2,3	0	G
k4_certs_4_n4_2.json.gz	22	4	6	111,123,3,3	[[4], [1], [5], [3]]	1	3	1	2	99	2	T4	2,3	0	G
k4_certs_4_n4_2.json.gz	22	4	6	111,138,3,3	[[4], [1], [3], [5]]	1	3	1	2	99	2	T4	2,3	0	G
k4_certs_4_n4_2.json.gz	22	4	6	111,138,3,3	[[4], [1], [5], [3]]	1	3	1	2	99	2	T4	2,3	0	G
k4_certs_4_n4_2.json.gz	22	4	6	111,142,3,3	[[4], [1], [3], [5]]	1	3	1	2	99	2	T4	2,3	0	G
k4_certs_4_n4_2.json.gz	22	4	6	111,142,3,3	[[4], [1], [5], [3]]	1	3	1	2	99	2	T4	2,3	0	G
k4_certs_4_n4_2.json.gz	22	4	6	111,181,3,3	[[4], [1], [3], [5]]	1	3	1	2	99	2	T4	2,3	0	G
k4_certs_4_n4_2.json.gz	22	4	6	111,181,3,3	[[4], [1], [5], [3]]	1	3	1	2	99	2	T4	2,3	0	G
k4_certs_4_n4_2.json.gz	22	4	6	111,183,3,3	[[4], [1], [3], [5]]	1	3	1	2	99	2	T4	2,3	0	G
k4_certs_4_n4_2.json.gz	22	4	6	111,183,3,3	[[4], [1], [5], [3]]	1	3	1	2	99	2	T4	2,3	0	G
k4_certs_4_n4_2.json.gz	22	4	6	113,65,2,2	[[5], [1], [3], [4]]	1	3	1	2	99	2	T4	2,3	0	G
k4_certs_4_n4_2.json.gz	22	4	6	113,65,2,2	[[5], [1], [4], [3]]	1	3	1	2	99	2	T4	2,3	0	G
k4_certs_4_n4_2.json.gz	22	4	6	113,74,2,2	[[5], [1], [3], [4]]	1	3	1	2	99	2	T4	2,3	0	G
k4_certs_4_n4_2.json.gz	22	4	6	113,74,2,2	[[5], [1], [4], [3]]	1	3	1	2	99	2	T4	2,3	0	G
k4_certs_4_n4_2.json.gz	22	4	6	113,115,2,2	[[5], [1], [3], [4]]	1	3	1	2	99	2	T4	2,3	0	G
k4_certs_4_n4_2.json.gz	22	4	6	113,115,2,2	[[5], [1], [4], [3]]	1	3	1	2	99	2	T4	2,3	0	G
k4_certs_4_n4_2.json.gz	22	4	6	113,117,2,2	[[5], [1], [3], [4]]	1	3	1	2	99	2	T4	2,3	0	G
k4_certs_4_n4_2.json.gz	22	4	6	113,117,2,2	[[5], [1], [4], [3]]	1	3	1	2	99	2	T4	2,3	0	G
k4_certs_4_n4_2.json.gz	22	4	6	113,118,2,2	[[5], [1], [3], [4]]	1	3	1	2	99	2	T4	2,3	0	G
k4_certs_4_n4_2.json.gz	22	4	6	113,118,2,2	[[5], [1], [4], [3]]	1	3	1	2	99	2	T4	2,3	0	G
k4_certs_4_n4_2.json.gz	22	4	6	113,120,2,2	[[5], [1], [3], [4]]	1	3	1	2	99	2	T4	2,3	0	G
k4_certs_4_n4_2.json.gz	22	4	6	113,120,2,2	[[5], [1], [4], [3]]	1	3	1	2	99	2	T4	2,3	0	G
k4_certs_4_n4_2.json.gz	22	4	6	113,124,2,2	[[5], [1], [3], [4]]	1	3	1	2	99	2	T4	2,3	0	G
k4_certs_4_n4_2.json.gz	22	4	6	113,124,2,2	[[5], [1], [4], [3]]	1	3	1	2	99	2	T4	2,3	0	G
k4_certs_4_n4_2.json.gz	22	4	6	113,125,2,2	[[5], [1], [3], [4]]	1	3	1	2	99	2	T4	2,3	0	G
k4_certs_4_n4_2.json.gz	22	4	6	113,125,2,2	[[5], [1], [4], [3]]	1	3	1	2	99	2	T4	2,3	0	G
k4_certs_4_n4_2.json.gz	22	4	6	113,139,2,2	[[5], [1], [3], [4]]	1	3	1	2	99	2	T4	2,3	0	G
k4_certs_4_n4_2.json.gz	22	4	6	113,139,2,2	[[5], [1], [4], [3]]	1	3	1	2	99	2	T4	2,3	0	G
k4_certs_4_n4_2.json.gz	22	4	6	113,143,2,2	[[5], [1], [3], [4]]	1	3	1	2	99	2	T4	2,3	0	G
k4_certs_4_n4_2.json.gz	22	4	6	113,143,2,2	[[5], [1], [4], [3]]	1	3	1	2	99	2	T4	2,3	0	G
k4_certs_4_n4_2.json.gz	22	4	6	113,184,2,2	[[5], [1], [3], [4]]	1	3	1	2	99	2	T4	2,3	0	G
k4_certs_4_n4_2.json.gz	22	4	6	113,184,2,2	[[5], [1], [4], [3]]	1	3	1	2	99	2	T4	2,3	0	G
k4_certs_4_n4_2.json.gz	22	4	6	113,185,2,2	[[5], [1], [3], [4]]	1	3	1	2	99	2	T4	2,3	0	G
k4_certs_4_n4_2.json.gz	22	4	6	113,185,2,2	[[5], [1], [4], [3]]	1	3	1	2	99	2	T4	2,3	0	G
k4_certs_4_n4_2.json.gz	24	6	6	1,6,3,3	[[0, 2], [4], [3], [5]]	1	3	1	2	99	2	T4	2,3	0	O
k4_certs_4_n4_2.json.gz	24	6	6	1,6,3,3	[[0, 2], [4], [5], [3]]	1	3	1	2	99	2	T4	2,3	0	O
k4_certs_4_n4_2.json.gz	24	6	6	1,6,3,3	[[2], [4], [3], [5]]	1	3	1	2	99	2	T4	2,3	0	O
k4_certs_4_n4_2.json.gz	24	6	6	1,6,3,3	[[2], [4], [5], [3]]	1	3	1	2	99	2	T4	2,3	0	O
k4_certs_4_n4_2.json.gz	24	6	6	1,11,3,3	[[0, 2], [4], [3], [5]]	1	3	1	2	99	2	T4	2,3	0	O
k4_certs_4_n4_2.json.gz	24	6	6	1,11,3,3	[[0, 2], [4], [5], [3]]	1	3	1	2	99	2	T4	2,3	0	O
k4_certs_4_n4_2.json.gz	24	6	6	1,11,3,3	[[2], [4], [3], [5]]	1	3	1	2	99	2	T4	2,3	0	O
k4_certs_4_n4_2.json.gz	24	6	6	1,11,3,3	[[2], [4], [5], [3]]	1	3	1	2	99	2	T4	2,3	0	O
k4_certs_4_n4_2.json.gz	24	6	6	1,21,3,3	[[0, 2], [4], [3], [5]]	1	3	1	2	99	2	T4	2,3	0	O
k4_certs_4_n4_2.json.gz	24	6	6	1,21,3,3	[[0, 2], [4], [5], [3]]	1	3	1	2	99	2	T4	2,3	0	O
k4_certs_4_n4_2.json.gz	24	6	6	1,21,3,3	[[2], [4], [3], [5]]	1	3	1	2	99	2	T4	2,3	0	O
k4_certs_4_n4_2.json.gz	24	6	6	1,21,3,3	[[2], [4], [5], [3]]	1	3	1	2	99	2	T4	2,3	0	O
k4_certs_4_n4_2.json.gz	24	6	6	1,42,3,3	[[0, 2], [4], [3], [5]]	1	3	1	2	99	2	T4	2,3	0	O
k4_certs_4_n4_2.json.gz	24	6	6	1,42,3,3	[[0, 2], [4], [5], [3]]	1	3	1	2	99	2	T4	2,3	0	O
k4_certs_4_n4_2.json.gz	24	6	6	1,42,3,3	[[2], [4], [3], [5]]	1	3	1	2	99	2	T4	2,3	0	O
k4_certs_4_n4_2.json.gz	24	6	6	1,42,3,3	[[2], [4], [5], [3]]	1	3	1	2	99	2	T4	2,3	0	O
k4_certs_4_n4_2.json.gz	24	6	6	1,47,3,3	[[0, 2], [4], [3], [5]]	1	3	1	2	99	2	T4	2,3	0	O
k4_certs_4_n4_2.json.gz	24	6	6	1,47,3,3	[[0, 2], [4], [5], [3]]	1	3	1	2	99	2	T4	2,3	0	O
k4_certs_4_n4_2.json.gz	24	6	6	1,47,3,3	[[2], [4], [3], [5]]	1	3	1	2	99	2	T4	2,3	0	O
k4_certs_4_n4_2.json.gz	24	6	6	1,47,3,3	[[2], [4], [5], [3]]	1	3	1	2	99	2	T4	2,3	0	O
k4_certs_4_n4_2.json.gz	24	6	6	1,59,3,3	[[0, 2], [4], [3], [5]]	1	3	1	2	99	2	T4	2,3	0	O
k4_certs_4_n4_2.json.gz	24	6	6	1,59,3,3	[[0, 2], [4], [5], [3]]	1	3	1	2	99	2	T4	2,3	0	O
k4_certs_4_n4_2.json.gz	24	6	6	1,59,3,3	[[2], [4], [3], [5]]	1	3	1	2	99	2	T4	2,3	0	O
k4_certs_4_n4_2.json.gz	24	6	6	1,59,3,3	[[2], [4], [5], [3]]	1	3	1	2	99	2	T4	2,3	0	O
k4_certs_4_n4_2.json.gz	24	6	6	1,81,3,3	[[0, 2], [4], [3], [5]]	1	3	1	2	99	2	T4	2,3	0	O
k4_certs_4_n4_2.json.gz	24	6	6	1,81,3,3	[[0, 2], [4], [5], [3]]	1	3	1	2	99	2	T4	2,3	0	O
k4_certs_4_n4_2.json.gz	24	6	6	1,81,3,3	[[2], [4], [3], [5]]	1	3	1	2	99	2	T4	2,3	0	O
k4_certs_4_n4_2.json.gz	24	6	6	1,81,3,3	[[2], [4], [5], [3]]	1	3	1	2	99	2	T4	2,3	0	O
k4_certs_4_n4_2.json.gz	24	6	6	1,89,3,3	[[0, 2], [4], [3], [5]]	1	3	1	2	99	2	T4	2,3	0	O
k4_certs_4_n4_2.json.gz	24	6	6	1,89,3,3	[[0, 2], [4], [5], [3]]	1	3	1	2	99	2	T4	2,3	0	O
k4_certs_4_n4_2.json.gz	24	6	6	1,89,3,3	[[2], [4], [3], [5]]	1	3	1	2	99	2	T4	2,3	0	O
k4_certs_4_n4_2.json.gz	24	6	6	1,89,3,3	[[2], [4], [5], [3]]	1	3	1	2	99	2	T4	2,3	0	O
k4_certs_4_n4_2.json.gz	24	6	6	1,147,3,3	[[0, 2], [4], [3], [5]]	1	3	1	2	99	2	T4	2,3	0	O
k4_certs_4_n4_2.json.gz	24	6	6	1,147,3,3	[[0, 2], [4], [5], [3]]	1	3	1	2	99	2	T4	2,3	0	O
k4_certs_4_n4_2.json.gz	24	6	6	1,147,3,3	[[2], [4], [3], [5]]	1	3	1	2	99	2	T4	2,3	0	O
k4_certs_4_n4_2.json.gz	24	6	6	1,147,3,3	[[2], [4], [5], [3]]	1	3	1	2	99	2	T4	2,3	0	O
k4_certs_4_n4_2.json.gz	24	6	6	1,155,3,3	[[0, 2], [4], [3], [5]]	1	3	1	2	99	2	T4	2,3	0	O
k4_certs_4_n4_2.json.gz	24	6	6	1,155,3,3	[[0, 2], [4], [5], [3]]	1	3	1	2	99	2	T4	2,3	0	O
k4_certs_4_n4_2.json.gz	24	6	6	1,155,3,3	[[2], [4], [3], [5]]	1	3	1	2	99	2	T4	2,3	0	O
k4_certs_4_n4_2.json.gz	24	6	6	1,155,3,3	[[2], [4], [5], [3]]	1	3	1	2	99	2	T4	2,3	0	O
k4_certs_4_n4_2.json.gz	24	6	6	6,1,5,5	[[3], [1, 2], [4], [5]]	1	3	1	2	99	2	T4	2,3	0	O
k4_certs_4_n4_2.json.gz	24	6	6	6,1,5,5	[[3], [1, 2], [5], [4]]	1	3	1	2	99	2	T4	2,3	0	O
k4_certs_4_n4_2.json.gz	24	6	6	6,1,5,5	[[3], [2], [4], [5]]	1	3	1	2	99	2	T4	2,3	0	O
k4_certs_4_n4_2.json.gz	24	6	6	6,1,5,5	[[3], [2], [5], [4]]	1	3	1	2	99	2	T4	2,3	0	O
k4_certs_4_n4_2.json.gz	24	6	6	6,9,5,5	[[3], [1, 2], [4], [5]]	1	3	1	2	99	2	T4	2,3	0	O
k4_certs_4_n4_2.json.gz	24	6	6	6,9,5,5	[[3], [1, 2], [5], [4]]	1	3	1	2	99	2	T4	2,3	0	O
k4_certs_4_n4_2.json.gz	24	6	6	6,9,5,5	[[3], [2], [4], [5]]	1	3	1	2	99	2	T4	2,3	0	O
k4_certs_4_n4_2.json.gz	24	6	6	6,9,5,5	[[3], [2], [5], [4]]	1	3	1	2	99	2	T4	2,3	0	O
k4_certs_4_n4_2.json.gz	24	6	6	6,16,5,5	[[3], [1, 2], [4], [5]]	1	3	1	2	99	2	T4	2,3	0	O
k4_certs_4_n4_2.json.gz	24	6	6	6,16,5,5	[[3], [1, 2], [5], [4]]	1	3	1	2	99	2	T4	2,3	0	O
k4_certs_4_n4_2.json.gz	24	6	6	6,16,5,5	[[3], [2], [4], [5]]	1	3	1	2	99	2	T4	2,3	0	O
k4_certs_4_n4_2.json.gz	24	6	6	6,16,5,5	[[3], [2], [5], [4]]	1	3	1	2	99	2	T4	2,3	0	O
k4_certs_4_n4_2.json.gz	24	6	6	6,17,5,5	[[3], [1, 2], [4], [5]]	1	3	1	2	99	2	T4	2,3	0	O
k4_certs_4_n4_2.json.gz	24	6	6	6,17,5,5	[[3], [1, 2], [5], [4]]	1	3	1	2	99	2	T4	2,3	0	O
k4_certs_4_n4_2.json.gz	24	6	6	6,17,5,5	[[3], [2], [4], [5]]	1	3	1	2	99	2	T4	2,3	0	O
k4_certs_4_n4_2.json.gz	24	6	6	6,17,5,5	[[3], [2], [5], [4]]	1	3	1	2	99	2	T4	2,3	0	O
k4_certs_4_n4_2.json.gz	24	6	6	6,45,5,5	[[3], [1], [4], [5]]	1	3	1	2	99	2	T4	2,3	0	G
k4_certs_4_n4_2.json.gz	24	6	6	6,45,5,5	[[3], [1], [5], [4]]	1	3	1	2	99	2	T4	2,3	0	G
k4_certs_4_n4_2.json.gz	24	6	6	6,45,5,5	[[3], [1, 2], [4], [5]]	1	3	1	2	99	2	T4	2,3	0	O
k4_certs_4_n4_2.json.gz	24	6	6	6,45,5,5	[[3], [1, 2], [5], [4]]	1	3	1	2	99	2	T4	2,3	0	O
k4_certs_4_n4_2.json.gz	24	6	6	6,51,5,5	[[3], [1, 2], [4], [5]]	1	3	1	2	99	2	T4	2,3	0	O
k4_certs_4_n4_2.json.gz	24	6	6	6,51,5,5	[[3], [1, 2], [5], [4]]	1	3	1	2	99	2	T4	2,3	0	O
k4_certs_4_n4_2.json.gz	24	6	6	6,51,5,5	[[3], [2], [4], [5]]	1	3	1	2	99	2	T4	2,3	0	O
k4_certs_4_n4_2.json.gz	24	6	6	6,51,5,5	[[3], [2], [5], [4]]	1	3	1	2	99	2	T4	2,3	0	O
k4_certs_4_n4_2.json.gz	24	6	6	6,79,5,5	[[3], [1], [4], [5]]	1	3	1	2	99	2	T4	2,3	0	G
k4_certs_4_n4_2.json.gz	24	6	6	6,79,5,5	[[3], [1], [5], [4]]	1	3	1	2	99	2	T4	2,3	0	G
k4_certs_4_n4_2.json.gz	24	6	6	6,79,5,5	[[3], [1, 2], [4], [5]]	1	3	1	2	99	2	T4	2,3	0	O
k4_certs_4_n4_2.json.gz	24	6	6	6,79,5,5	[[3], [1, 2], [5], [4]]	1	3	1	2	99	2	T4	2,3	0	O
k4_certs_4_n4_2.json.gz	24	6	6	6,86,5,5	[[3], [1], [4], [5]]	1	3	1	2	99	2	T4	2,3	0	G
k4_certs_4_n4_2.json.gz	24	6	6	6,86,5,5	[[3], [1], [5], [4]]	1	3	1	2	99	2	T4	2,3	0	G
k4_certs_4_n4_2.json.gz	24	6	6	6,86,5,5	[[3], [1, 2], [4], [5]]	1	3	1	2	99	2	T4	2,3	0	O
k4_certs_4_n4_2.json.gz	24	6	6	6,86,5,5	[[3], [1, 2], [5], [4]]	1	3	1	2	99	2	T4	2,3	0	O
k4_certs_4_n4_2.json.gz	24	6	6	6,87,5,5	[[3], [1], [4], [5]]	1	3	1	2	99	2	T4	2,3	0	G
k4_certs_4_n4_2.json.gz	24	6	6	6,87,5,5	[[3], [1], [5], [4]]	1	3	1	2	99	2	T4	2,3	0	G
k4_certs_4_n4_2.json.gz	24	6	6	6,87,5,5	[[3], [1, 2], [4], [5]]	1	3	1	2	99	2	T4	2,3	0	O
k4_certs_4_n4_2.json.gz	24	6	6	6,87,5,5	[[3], [1, 2], [5], [4]]	1	3	1	2	99	2	T4	2,3	0	O
k4_certs_4_n4_2.json.gz	24	6	6	6,93,5,5	[[3], [1], [4], [5]]	1	3	1	2	99	2	T4	2,3	0	G
k4_certs_4_n4_2.json.gz	24	6	6	6,93,5,5	[[3], [1], [5], [4]]	1	3	1	2	99	2	T4	2,3	0	G
k4_certs_4_n4_2.json.gz	24	6	6	6,93,5,5	[[3], [1, 2], [4], [5]]	1	3	1	2	99	2	T4	2,3	0	O
k4_certs_4_n4_2.json.gz	24	6	6	6,93,5,5	[[3], [1, 2], [5], [4]]	1	3	1	2	99	2	T4	2,3	0	O
k4_certs_4_n4_2.json.gz	24	6	6	9,6,3,3	[[0, 2], [4], [3], [5]]	1	3	1	2	99	2	T4	2,3	0	O
k4_certs_4_n4_2.json.gz	24	6	6	9,6,3,3	[[0, 2], [4], [5], [3]]	1	3	1	2	99	2	T4	2,3	0	O
k4_certs_4_n4_2.json.gz	24	6	6	9,6,3,3	[[2], [4], [3], [5]]	1	3	1	2	99	2	T4	2,3	0	O
k4_certs_4_n4_2.json.gz	24	6	6	9,6,3,3	[[2], [4], [5], [3]]	1	3	1	2	99	2	T4	2,3	0	O
k4_certs_4_n4_2.json.gz	24	6	6	9,11,3,3	[[0, 2], [4], [3], [5]]	1	3	1	2	99	2	T4	2,3	0	O
k4_certs_4_n4_2.json.gz	24	6	6	9,11,3,3	[[0, 2], [4], [5], [3]]	1	3	1	2	99	2	T4	2,3	0	O
k4_certs_4_n4_2.json.gz	24	6	6	9,11,3,3	[[2], [4], [3], [5]]	1	3	1	2	99	2	T4	2,3	0	O
k4_certs_4_n4_2.json.gz	24	6	6	9,11,3,3	[[2], [4], [5], [3]]	1	3	1	2	99	2	T4	2,3	0	O
k4_certs_4_n4_2.json.gz	24	6	6	9,21,3,3	[[0, 2], [4], [3], [5]]	1	3	1	2	99	2	T4	2,3	0	O
k4_certs_4_n4_2.json.gz	24	6	6	9,21,3,3	[[0, 2], [4], [5], [3]]	1	3	1	2	99	2	T4	2,3	0	O
k4_certs_4_n4_2.json.gz	24	6	6	9,21,3,3	[[2], [4], [3], [5]]	1	3	1	2	99	2	T4	2,3	0	O
k4_certs_4_n4_2.json.gz	24	6	6	9,21,3,3	[[2], [4], [5], [3]]	1	3	1	2	99	2	T4	2,3	0	O
k4_certs_4_n4_2.json.gz	24	6	6	9,42,3,3	[[0, 2], [4], [3], [5]]	1	3	1	2	99	2	T4	2,3	0	O
k4_certs_4_n4_2.json.gz	24	6	6	9,42,3,3	[[0, 2], [4], [5], [3]]	1	3	1	2	99	2	T4	2,3	0	O
k4_certs_4_n4_2.json.gz	24	6	6	9,42,3,3	[[2], [4], [3], [5]]	1	3	1	2	99	2	T4	2,3	0	O
k4_certs_4_n4_2.json.gz	24	6	6	9,42,3,3	[[2], [4], [5], [3]]	1	3	1	2	99	2	T4	2,3	0	O
k4_certs_4_n4_2.json.gz	24	6	6	9,47,3,3	[[0, 2], [4], [3], [5]]	1	3	1	2	99	2	T4	2,3	0	O
k4_certs_4_n4_2.json.gz	24	6	6	9,47,3,3	[[0, 2], [4], [5], [3]]	1	3	1	2	99	2	T4	2,3	0	O
k4_certs_4_n4_2.json.gz	24	6	6	9,47,3,3	[[2], [4], [3], [5]]	1	3	1	2	99	2	T4	2,3	0	O
k4_certs_4_n4_2.json.gz	24	6	6	9,47,3,3	[[2], [4], [5], [3]]	1	3	1	2	99	2	T4	2,3	0	O
k4_certs_4_n4_2.json.gz	24	6	6	9,59,3,3	[[0, 2], [4], [3], [5]]	1	3	1	2	99	2	T4	2,3	0	O
k4_certs_4_n4_2.json.gz	24	6	6	9,59,3,3	[[0, 2], [4], [5], [3]]	1	3	1	2	99	2	T4	2,3	0	O
k4_certs_4_n4_2.json.gz	24	6	6	9,59,3,3	[[2], [4], [3], [5]]	1	3	1	2	99	2	T4	2,3	0	O
k4_certs_4_n4_2.json.gz	24	6	6	9,59,3,3	[[2], [4], [5], [3]]	1	3	1	2	99	2	T4	2,3	0	O
k4_certs_4_n4_2.json.gz	24	6	6	9,81,3,3	[[0, 2], [4], [3], [5]]	1	3	1	2	99	2	T4	2,3	0	O
k4_certs_4_n4_2.json.gz	24	6	6	9,81,3,3	[[0, 2], [4], [5], [3]]	1	3	1	2	99	2	T4	2,3	0	O
k4_certs_4_n4_2.json.gz	24	6	6	9,81,3,3	[[2], [4], [3], [5]]	1	3	1	2	99	2	T4	2,3	0	O
k4_certs_4_n4_2.json.gz	24	6	6	9,81,3,3	[[2], [4], [5], [3]]	1	3	1	2	99	2	T4	2,3	0	O
k4_certs_4_n4_2.json.gz	24	6	6	9,89,3,3	[[0, 2], [4], [3], [5]]	1	3	1	2	99	2	T4	2,3	0	O
k4_certs_4_n4_2.json.gz	24	6	6	9,89,3,3	[[0, 2], [4], [5], [3]]	1	3	1	2	99	2	T4	2,3	0	O
k4_certs_4_n4_2.json.gz	24	6	6	9,89,3,3	[[2], [4], [3], [5]]	1	3	1	2	99	2	T4	2,3	0	O
k4_certs_4_n4_2.json.gz	24	6	6	9,89,3,3	[[2], [4], [5], [3]]	1	3	1	2	99	2	T4	2,3	0	O
k4_certs_4_n4_2.json.gz	24	6	6	9,147,3,3	[[0, 2], [4], [3], [5]]	1	3	1	2	99	2	T4	2,3	0	O
k4_certs_4_n4_2.json.gz	24	6	6	9,147,3,3	[[0, 2], [4], [5], [3]]	1	3	1	2	99	2	T4	2,3	0	O
k4_certs_4_n4_2.json.gz	24	6	6	9,147,3,3	[[2], [4], [3], [5]]	1	3	1	2	99	2	T4	2,3	0	O
k4_certs_4_n4_2.json.gz	24	6	6	9,147,3,3	[[2], [4], [5], [3]]	1	3	1	2	99	2	T4	2,3	0	O
k4_certs_4_n4_2.json.gz	24	6	6	9,155,3,3	[[0, 2], [4], [3], [5]]	1	3	1	2	99	2	T4	2,3	0	O
k4_certs_4_n4_2.json.gz	24	6	6	9,155,3,3	[[0, 2], [4], [5], [3]]	1	3	1	2	99	2	T4	2,3	0	O
k4_certs_4_n4_2.json.gz	24	6	6	9,155,3,3	[[2], [4], [3], [5]]	1	3	1	2	99	2	T4	2,3	0	O
k4_certs_4_n4_2.json.gz	24	6	6	9,155,3,3	[[2], [4], [5], [3]]	1	3	1	2	99	2	T4	2,3	0	O
k4_certs_4_n4_2.json.gz	24	6	6	11,1,5,5	[[3], [1, 2], [4], [5]]	1	3	1	2	99	2	T4	2,3	0	O
k4_certs_4_n4_2.json.gz	24	6	6	11,1,5,5	[[3], [1, 2], [5], [4]]	1	3	1	2	99	2	T4	2,3	0	O
k4_certs_4_n4_2.json.gz	24	6	6	11,1,5,5	[[3], [2], [4], [5]]	1	3	1	2	99	2	T4	2,3	0	O
k4_certs_4_n4_2.json.gz	24	6	6	11,1,5,5	[[3], [2], [5], [4]]	1	3	1	2	99	2	T4	2,3	0	O
k4_certs_4_n4_2.json.gz	24	6	6	11,9,5,5	[[3], [1, 2], [4], [5]]	1	3	1	2	99	2	T4	2,3	0	O
k4_certs_4_n4_2.json.gz	24	6	6	11,9,5,5	[[3], [1, 2], [5], [4]]	1	3	1	2	99	2	T4	2,3	0	O
k4_certs_4_n4_2.json.gz	24	6	6	11,9,5,5	[[3], [2], [4], [5]]	1	3	1	2	99	2	T4	2,3	0	O
k4_certs_4_n4_2.json.gz	24	6	6	11,9,5,5	[[3], [2], [5], [4]]	1	3	1	2	99	2	T4	2,3	0	O
k4_certs_4_n4_2.json.gz	24	6	6	11,16,5,5	[[3], [1, 2], [4], [5]]	1	3	1	2	99	2	T4	2,3	0	O
k4_certs_4_n4_2.json.gz	24	6	6	11,16,5,5	[[3], [1, 2], [5], [4]]	1	3	1	2	99	2	T4	2,3	0	O
k4_certs_4_n4_2.json.gz	24	6	6	11,16,5,5	[[3], [2], [4], [5]]	1	3	1	2	99	2	T4	2,3	0	O
k4_certs_4_n4_2.json.gz	24	6	6	11,16,5,5	[[3], [2], [5], [4]]	1	3	1	2	99	2	T4	2,3	0	O
k4_certs_4_n4_2.json.gz	24	6	6	11,17,5,5	[[3], [1, 2], [4], [5]]	1	3	1	2	99	2	T4	2,3	0	O
k4_certs_4_n4_2.json.gz	24	6	6	11,17,5,5	[[3], [1, 2], [5], [4]]	1	3	1	2	99	2	T4	2,3	0	O
k4_certs_4_n4_2.json.gz	24	6	6	11,17,5,5	[[3], [2], [4], [5]]	1	3	1	2	99	2	T4	2,3	0	O
k4_certs_4_n4_2.json.gz	24	6	6	11,17,5,5	[[3], [2], [5], [4]]	1	3	1	2	99	2	T4	2,3	0	O
k4_certs_4_n4_2.json.gz	24	6	6	11,45,5,5	[[3], [1], [4], [5]]	1	3	1	2	99	2	T4	2,3	0	G
k4_certs_4_n4_2.json.gz	24	6	6	11,45,5,5	[[3], [1], [5], [4]]	1	3	1	2	99	2	T4	2,3	0	G
k4_certs_4_n4_2.json.gz	24	6	6	11,45,5,5	[[3], [1, 2], [4], [5]]	1	3	1	2	99	2	T4	2,3	0	O
k4_certs_4_n4_2.json.gz	24	6	6	11,45,5,5	[[3], [1, 2], [5], [4]]	1	3	1	2	99	2	T4	2,3	0	O
k4_certs_4_n4_2.json.gz	24	6	6	11,51,5,5	[[3], [1, 2], [4], [5]]	1	3	1	2	99	2	T4	2,3	0	O
k4_certs_4_n4_2.json.gz	24	6	6	11,51,5,5	[[3], [1, 2], [5], [4]]	1	3	1	2	99	2	T4	2,3	0	O
k4_certs_4_n4_2.json.gz	24	6	6	11,51,5,5	[[3], [2], [4], [5]]	1	3	1	2	99	2	T4	2,3	0	O
k4_certs_4_n4_2.json.gz	24	6	6	11,51,5,5	[[3], [2], [5], [4]]	1	3	1	2	99	2	T4	2,3	0	O
k4_certs_4_n4_2.json.gz	24	6	6	11,79,5,5	[[3], [1], [4], [5]]	1	3	1	2	99	2	T4	2,3	0	G
k4_certs_4_n4_2.json.gz	24	6	6	11,79,5,5	[[3], [1], [5], [4]]	1	3	1	2	99	2	T4	2,3	0	G
k4_certs_4_n4_2.json.gz	24	6	6	11,79,5,5	[[3], [1, 2], [4], [5]]	1	3	1	2	99	2	T4	2,3	0	O
k4_certs_4_n4_2.json.gz	24	6	6	11,79,5,5	[[3], [1, 2], [5], [4]]	1	3	1	2	99	2	T4	2,3	0	O
k4_certs_4_n4_2.json.gz	24	6	6	11,86,5,5	[[3], [1], [4], [5]]	1	3	1	2	99	2	T4	2,3	0	G
k4_certs_4_n4_2.json.gz	24	6	6	11,86,5,5	[[3], [1], [5], [4]]	1	3	1	2	99	2	T4	2,3	0	G
k4_certs_4_n4_2.json.gz	24	6	6	11,86,5,5	[[3], [1, 2], [4], [5]]	1	3	1	2	99	2	T4	2,3	0	O
k4_certs_4_n4_2.json.gz	24	6	6	11,86,5,5	[[3], [1, 2], [5], [4]]	1	3	1	2	99	2	T4	2,3	0	O
k4_certs_4_n4_2.json.gz	24	6	6	11,87,5,5	[[3], [1], [4], [5]]	1	3	1	2	99	2	T4	2,3	0	G
k4_certs_4_n4_2.json.gz	24	6	6	11,87,5,5	[[3], [1], [5], [4]]	1	3	1	2	99	2	T4	2,3	0	G
k4_certs_4_n4_2.json.gz	24	6	6	11,87,5,5	[[3], [1, 2], [4], [5]]	1	3	1	2	99	2	T4	2,3	0	O
k4_certs_4_n4_2.json.gz	24	6	6	11,87,5,5	[[3], [1, 2], [5], [4]]	1	3	1	2	99	2	T4	2,3	0	O
k4_certs_4_n4_2.json.gz	24	6	6	11,93,5,5	[[3], [1], [4], [5]]	1	3	1	2	99	2	T4	2,3	0	G
k4_certs_4_n4_2.json.gz	24	6	6	11,93,5,5	[[3], [1], [5], [4]]	1	3	1	2	99	2	T4	2,3	0	G
k4_certs_4_n4_2.json.gz	24	6	6	11,93,5,5	[[3], [1, 2], [4], [5]]	1	3	1	2	99	2	T4	2,3	0	O
k4_certs_4_n4_2.json.gz	24	6	6	11,93,5,5	[[3], [1, 2], [5], [4]]	1	3	1	2	99	2	T4	2,3	0	O
k4_certs_4_n4_2.json.gz	24	6	6	16,6,3,3	[[0, 2], [4], [3], [5]]	1	3	1	2	99	2	T4	2,3	0	O
k4_certs_4_n4_2.json.gz	24	6	6	16,6,3,3	[[0, 2], [4], [5], [3]]	1	3	1	2	99	2	T4	2,3	0	O
k4_certs_4_n4_2.json.gz	24	6	6	16,6,3,3	[[2], [4], [3], [5]]	1	3	1	2	99	2	T4	2,3	0	O
k4_certs_4_n4_2.json.gz	24	6	6	16,6,3,3	[[2], [4], [5], [3]]	1	3	1	2	99	2	T4	2,3	0	O
k4_certs_4_n4_2.json.gz	24	6	6	16,11,3,3	[[0, 2], [4], [3], [5]]	1	3	1	2	99	2	T4	2,3	0	O
k4_certs_4_n4_2.json.gz	24	6	6	16,11,3,3	[[0, 2], [4], [5], [3]]	1	3	1	2	99	2	T4	2,3	0	O
k4_certs_4_n4_2.json.gz	24	6	6	16,11,3,3	[[2], [4], [3], [5]]	1	3	1	2	99	2	T4	2,3	0	O
k4_certs_4_n4_2.json.gz	24	6	6	16,11,3,3	[[2], [4], [5], [3]]	1	3	1	2	99	2	T4	2,3	0	O
k4_certs_4_n4_2.json.gz	24	6	6	16,21,3,3	[[0, 2], [4], [3], [5]]	1	3	1	2	99	2	T4	2,3	0	O
k4_certs_4_n4_2.json.gz	24	6	6	16,21,3,3	[[0, 2], [4], [5], [3]]	1	3	1	2	99	2	T4	2,3	0	O
k4_certs_4_n4_2.json.gz	24	6	6	16,21,3,3	[[2], [4], [3], [5]]	1	3	1	2	99	2	T4	2,3	0	O
k4_certs_4_n4_2.json.gz	24	6	6	16,21,3,3	[[2], [4], [5], [3]]	1	3	1	2	99	2	T4	2,3	0	O
k4_certs_4_n4_2.json.gz	24	6	6	16,42,3,3	[[0, 2], [4], [3], [5]]	1	3	1	2	99	2	T4	2,3	0	O
k4_certs_4_n4_2.json.gz	24	6	6	16,42,3,3	[[0, 2], [4], [5], [3]]	1	3	1	2	99	2	T4	2,3	0	O
k4_certs_4_n4_2.json.gz	24	6	6	16,42,3,3	[[2], [4], [3], [5]]	1	3	1	2	99	2	T4	2,3	0	O
k4_certs_4_n4_2.json.gz	24	6	6	16,42,3,3	[[2], [4], [5], [3]]	1	3	1	2	99	2	T4	2,3	0	O
k4_certs_4_n4_2.json.gz	24	6	6	16,47,3,3	[[0, 2], [4], [3], [5]]	1	3	1	2	99	2	T4	2,3	0	O
k4_certs_4_n4_2.json.gz	24	6	6	16,47,3,3	[[0, 2], [4], [5], [3]]	1	3	1	2	99	2	T4	2,3	0	O
k4_certs_4_n4_2.json.gz	24	6	6	16,47,3,3	[[2], [4], [3], [5]]	1	3	1	2	99	2	T4	2,3	0	O
k4_certs_4_n4_2.json.gz	24	6	6	16,47,3,3	[[2], [4], [5], [3]]	1	3	1	2	99	2	T4	2,3	0	O
k4_certs_4_n4_2.json.gz	24	6	6	16,59,3,3	[[0, 2], [4], [3], [5]]	1	3	1	2	99	2	T4	2,3	0	O
k4_certs_4_n4_2.json.gz	24	6	6	16,59,3,3	[[0, 2], [4], [5], [3]]	1	3	1	2	99	2	T4	2,3	0	O
k4_certs_4_n4_2.json.gz	24	6	6	16,59,3,3	[[2], [4], [3], [5]]	1	3	1	2	99	2	T4	2,3	0	O
k4_certs_4_n4_2.json.gz	24	6	6	16,59,3,3	[[2], [4], [5], [3]]	1	3	1	2	99	2	T4	2,3	0	O
k4_certs_4_n4_2.json.gz	24	6	6	16,81,3,3	[[0, 2], [4], [3], [5]]	1	3	1	2	99	2	T4	2,3	0	O
k4_certs_4_n4_2.json.gz	24	6	6	16,81,3,3	[[0, 2], [4], [5], [3]]	1	3	1	2	99	2	T4	2,3	0	O
k4_certs_4_n4_2.json.gz	24	6	6	16,81,3,3	[[2], [4], [3], [5]]	1	3	1	2	99	2	T4	2,3	0	O
k4_certs_4_n4_2.json.gz	24	6	6	16,81,3,3	[[2], [4], [5], [3]]	1	3	1	2	99	2	T4	2,3	0	O
k4_certs_4_n4_2.json.gz	24	6	6	16,89,3,3	[[0, 2], [4], [3], [5]]	1	3	1	2	99	2	T4	2,3	0	O
k4_certs_4_n4_2.json.gz	24	6	6	16,89,3,3	[[0, 2], [4], [5], [3]]	1	3	1	2	99	2	T4	2,3	0	O
k4_certs_4_n4_2.json.gz	24	6	6	16,89,3,3	[[2], [4], [3], [5]]	1	3	1	2	99	2	T4	2,3	0	O
k4_certs_4_n4_2.json.gz	24	6	6	16,89,3,3	[[2], [4], [5], [3]]	1	3	1	2	99	2	T4	2,3	0	O
k4_certs_4_n4_2.json.gz	24	6	6	16,147,3,3	[[0, 2], [4], [3], [5]]	1	3	1	2	99	2	T4	2,3	0	O
k4_certs_4_n4_2.json.gz	24	6	6	16,147,3,3	[[0, 2], [4], [5], [3]]	1	3	1	2	99	2	T4	2,3	0	O
k4_certs_4_n4_2.json.gz	24	6	6	16,147,3,3	[[2], [4], [3], [5]]	1	3	1	2	99	2	T4	2,3	0	O
k4_certs_4_n4_2.json.gz	24	6	6	16,147,3,3	[[2], [4], [5], [3]]	1	3	1	2	99	2	T4	2,3	0	O
k4_certs_4_n4_2.json.gz	24	6	6	16,155,3,3	[[0, 2], [4], [3], [5]]	1	3	1	2	99	2	T4	2,3	0	O
k4_certs_4_n4_2.json.gz	24	6	6	16,155,3,3	[[0, 2], [4], [5], [3]]	1	3	1	2	99	2	T4	2,3	0	O
k4_certs_4_n4_2.json.gz	24	6	6	16,155,3,3	[[2], [4], [3], [5]]	1	3	1	2	99	2	T4	2,3	0	O
k4_certs_4_n4_2.json.gz	24	6	6	16,155,3,3	[[2], [4], [5], [3]]	1	3	1	2	99	2	T4	2,3	0	O
k4_certs_4_n4_2.json.gz	24	6	6	17,6,3,3	[[0, 2], [4], [3], [5]]	1	3	1	2	99	2	T4	2,3	0	O
k4_certs_4_n4_2.json.gz	24	6	6	17,6,3,3	[[0, 2], [4], [5], [3]]	1	3	1	2	99	2	T4	2,3	0	O
k4_certs_4_n4_2.json.gz	24	6	6	17,6,3,3	[[2], [4], [3], [5]]	1	3	1	2	99	2	T4	2,3	0	O
k4_certs_4_n4_2.json.gz	24	6	6	17,6,3,3	[[2], [4], [5], [3]]	1	3	1	2	99	2	T4	2,3	0	O
k4_certs_4_n4_2.json.gz	24	6	6	17,11,3,3	[[0, 2], [4], [3], [5]]	1	3	1	2	99	2	T4	2,3	0	O
k4_certs_4_n4_2.json.gz	24	6	6	17,11,3,3	[[0, 2], [4], [5], [3]]	1	3	1	2	99	2	T4	2,3	0	O
k4_certs_4_n4_2.json.gz	24	6	6	17,11,3,3	[[2], [4], [3], [5]]	1	3	1	2	99	2	T4	2,3	0	O
k4_certs_4_n4_2.json.gz	24	6	6	17,11,3,3	[[2], [4], [5], [3]]	1	3	1	2	99	2	T4	2,3	0	O
k4_certs_4_n4_2.json.gz	24	6	6	17,21,3,3	[[0, 2], [4], [3], [5]]	1	3	1	2	99	2	T4	2,3	0	O
k4_certs_4_n4_2.json.gz	24	6	6	17,21,3,3	[[0, 2], [4], [5], [3]]	1	3	1	2	99	2	T4	2,3	0	O
k4_certs_4_n4_2.json.gz	24	6	6	17,21,3,3	[[2], [4], [3], [5]]	1	3	1	2	99	2	T4	2,3	0	O
k4_certs_4_n4_2.json.gz	24	6	6	17,21,3,3	[[2], [4], [5], [3]]	1	3	1	2	99	2	T4	2,3	0	O
k4_certs_4_n4_2.json.gz	24	6	6	17,42,3,3	[[0, 2], [4], [3], [5]]	1	3	1	2	99	2	T4	2,3	0	O
k4_certs_4_n4_2.json.gz	24	6	6	17,42,3,3	[[0, 2], [4], [5], [3]]	1	3	1	2	99	2	T4	2,3	0	O
k4_certs_4_n4_2.json.gz	24	6	6	17,42,3,3	[[2], [4], [3], [5]]	1	3	1	2	99	2	T4	2,3	0	O
k4_certs_4_n4_2.json.gz	24	6	6	17,42,3,3	[[2], [4], [5], [3]]	1	3	1	2	99	2	T4	2,3	0	O
k4_certs_4_n4_2.json.gz	24	6	6	17,47,3,3	[[0, 2], [4], [3], [5]]	1	3	1	2	99	2	T4	2,3	0	O
k4_certs_4_n4_2.json.gz	24	6	6	17,47,3,3	[[0, 2], [4], [5], [3]]	1	3	1	2	99	2	T4	2,3	0	O
k4_certs_4_n4_2.json.gz	24	6	6	17,47,3,3	[[2], [4], [3], [5]]	1	3	1	2	99	2	T4	2,3	0	O
k4_certs_4_n4_2.json.gz	24	6	6	17,47,3,3	[[2], [4], [5], [3]]	1	3	1	2	99	2	T4	2,3	0	O
k4_certs_4_n4_2.json.gz	24	6	6	17,59,3,3	[[0, 2], [4], [3], [5]]	1	3	1	2	99	2	T4	2,3	0	O
k4_certs_4_n4_2.json.gz	24	6	6	17,59,3,3	[[0, 2], [4], [5], [3]]	1	3	1	2	99	2	T4	2,3	0	O
k4_certs_4_n4_2.json.gz	24	6	6	17,59,3,3	[[2], [4], [3], [5]]	1	3	1	2	99	2	T4	2,3	0	O
k4_certs_4_n4_2.json.gz	24	6	6	17,59,3,3	[[2], [4], [5], [3]]	1	3	1	2	99	2	T4	2,3	0	O
k4_certs_4_n4_2.json.gz	24	6	6	17,81,3,3	[[0, 2], [4], [3], [5]]	1	3	1	2	99	2	T4	2,3	0	O
k4_certs_4_n4_2.json.gz	24	6	6	17,81,3,3	[[0, 2], [4], [5], [3]]	1	3	1	2	99	2	T4	2,3	0	O
k4_certs_4_n4_2.json.gz	24	6	6	17,81,3,3	[[2], [4], [3], [5]]	1	3	1	2	99	2	T4	2,3	0	O
k4_certs_4_n4_2.json.gz	24	6	6	17,81,3,3	[[2], [4], [5], [3]]	1	3	1	2	99	2	T4	2,3	0	O
k4_certs_4_n4_2.json.gz	24	6	6	17,89,3,3	[[0, 2], [4], [3], [5]]	1	3	1	2	99	2	T4	2,3	0	O
k4_certs_4_n4_2.json.gz	24	6	6	17,89,3,3	[[0, 2], [4], [5], [3]]	1	3	1	2	99	2	T4	2,3	0	O
k4_certs_4_n4_2.json.gz	24	6	6	17,89,3,3	[[2], [4], [3], [5]]	1	3	1	2	99	2	T4	2,3	0	O
k4_certs_4_n4_2.json.gz	24	6	6	17,89,3,3	[[2], [4], [5], [3]]	1	3	1	2	99	2	T4	2,3	0	O
k4_certs_4_n4_2.json.gz	24	6	6	17,147,3,3	[[0, 2], [4], [3], [5]]	1	3	1	2	99	2	T4	2,3	0	O
k4_certs_4_n4_2.json.gz	24	6	6	17,147,3,3	[[0, 2], [4], [5], [3]]	1	3	1	2	99	2	T4	2,3	0	O
k4_certs_4_n4_2.json.gz	24	6	6	17,147,3,3	[[2], [4], [3], [5]]	1	3	1	2	99	2	T4	2,3	0	O
k4_certs_4_n4_2.json.gz	24	6	6	17,147,3,3	[[2], [4], [5], [3]]	1	3	1	2	99	2	T4	2,3	0	O
k4_certs_4_n4_2.json.gz	24	6	6	17,155,3,3	[[0, 2], [4], [3], [5]]	1	3	1	2	99	2	T4	2,3	0	O
k4_certs_4_n4_2.json.gz	24	6	6	17,155,3,3	[[0, 2], [4], [5], [3]]	1	3	1	2	99	2	T4	2,3	0	O
k4_certs_4_n4_2.json.gz	24	6	6	17,155,3,3	[[2], [4], [3], [5]]	1	3	1	2	99	2	T4	2,3	0	O
k4_certs_4_n4_2.json.gz	24	6	6	17,155,3,3	[[2], [4], [5], [3]]	1	3	1	2	99	2	T4	2,3	0	O
k4_certs_4_n4_2.json.gz	24	6	6	21,1,5,5	[[3], [1, 2], [4], [5]]	1	3	1	2	99	2	T4	2,3	0	O
k4_certs_4_n4_2.json.gz	24	6	6	21,1,5,5	[[3], [1, 2], [5], [4]]	1	3	1	2	99	2	T4	2,3	0	O
k4_certs_4_n4_2.json.gz	24	6	6	21,1,5,5	[[3], [2], [4], [5]]	1	3	1	2	99	2	T4	2,3	0	O
k4_certs_4_n4_2.json.gz	24	6	6	21,1,5,5	[[3], [2], [5], [4]]	1	3	1	2	99	2	T4	2,3	0	O
k4_certs_4_n4_2.json.gz	24	6	6	21,9,5,5	[[3], [1, 2], [4], [5]]	1	3	1	2	99	2	T4	2,3	0	O
k4_certs_4_n4_2.json.gz	24	6	6	21,9,5,5	[[3], [1, 2], [5], [4]]	1	3	1	2	99	2	T4	2,3	0	O
k4_certs_4_n4_2.json.gz	24	6	6	21,9,5,5	[[3], [2], [4], [5]]	1	3	1	2	99	2	T4	2,3	0	O
k4_certs_4_n4_2.json.gz	24	6	6	21,9,5,5	[[3], [2], [5], [4]]	1	3	1	2	99	2	T4	2,3	0	O
k4_certs_4_n4_2.json.gz	24	6	6	21,16,5,5	[[3], [1, 2], [4], [5]]	1	3	1	2	99	2	T4	2,3	0	O
k4_certs_4_n4_2.json.gz	24	6	6	21,16,5,5	[[3], [1, 2], [5], [4]]	1	3	1	2	99	2	T4	2,3	0	O
k4_certs_4_n4_2.json.gz	24	6	6	21,16,5,5	[[3], [2], [4], [5]]	1	3	1	2	99	2	T4	2,3	0	O
k4_certs_4_n4_2.json.gz	24	6	6	21,16,5,5	[[3], [2], [5], [4]]	1	3	1	2	99	2	T4	2,3	0	O
k4_certs_4_n4_2.json.gz	24	6	6	21,17,5,5	[[3], [1, 2], [4], [5]]	1	3	1	2	99	2	T4	2,3	0	O
k4_certs_4_n4_2.json.gz	24	6	6	21,17,5,5	[[3], [1, 2], [5], [4]]	1	3	1	2	99	2	T4	2,3	0	O
k4_certs_4_n4_2.json.gz	24	6	6	21,17,5,5	[[3], [2], [4], [5]]	1	3	1	2	99	2	T4	2,3	0	O
k4_certs_4_n4_2.json.gz	24	6	6	21,17,5,5	[[3], [2], [5], [4]]	1	3	1	2	99	2	T4	2,3	0	O
k4_certs_4_n4_2.json.gz	24	6	6	21,45,5,5	[[3], [1], [4], [5]]	1	3	1	2	99	2	T4	2,3	0	G
k4_certs_4_n4_2.json.gz	24	6	6	21,45,5,5	[[3], [1], [5], [4]]	1	3	1	2	99	2	T4	2,3	0	G
k4_certs_4_n4_2.json.gz	24	6	6	21,45,5,5	[[3], [1, 2], [4], [5]]	1	3	1	2	99	2	T4	2,3	0	O
k4_certs_4_n4_2.json.gz	24	6	6	21,45,5,5	[[3], [1, 2], [5], [4]]	1	3	1	2	99	2	T4	2,3	0	O
k4_certs_4_n4_2.json.gz	24	6	6	21,51,5,5	[[3], [1, 2], [4], [5]]	1	3	1	2	99	2	T4	2,3	0	O
k4_certs_4_n4_2.json.gz	24	6	6	21,51,5,5	[[3], [1, 2], [5], [4]]	1	3	1	2	99	2	T4	2,3	0	O
k4_certs_4_n4_2.json.gz	24	6	6	21,51,5,5	[[3], [2], [4], [5]]	1	3	1	2	99	2	T4	2,3	0	O
k4_certs_4_n4_2.json.gz	24	6	6	21,51,5,5	[[3], [2], [5], [4]]	1	3	1	2	99	2	T4	2,3	0	O
k4_certs_4_n4_2.json.gz	24	6	6	21,79,5,5	[[3], [1], [4], [5]]	1	3	1	2	99	2	T4	2,3	0	G
k4_certs_4_n4_2.json.gz	24	6	6	21,79,5,5	[[3], [1], [5], [4]]	1	3	1	2	99	2	T4	2,3	0	G
k4_certs_4_n4_2.json.gz	24	6	6	21,79,5,5	[[3], [1, 2], [4], [5]]	1	3	1	2	99	2	T4	2,3	0	O
k4_certs_4_n4_2.json.gz	24	6	6	21,79,5,5	[[3], [1, 2], [5], [4]]	1	3	1	2	99	2	T4	2,3	0	O
k4_certs_4_n4_2.json.gz	24	6	6	21,86,5,5	[[3], [1], [4], [5]]	1	3	1	2	99	2	T4	2,3	0	G
k4_certs_4_n4_2.json.gz	24	6	6	21,86,5,5	[[3], [1], [5], [4]]	1	3	1	2	99	2	T4	2,3	0	G
k4_certs_4_n4_2.json.gz	24	6	6	21,86,5,5	[[3], [1, 2], [4], [5]]	1	3	1	2	99	2	T4	2,3	0	O
k4_certs_4_n4_2.json.gz	24	6	6	21,86,5,5	[[3], [1, 2], [5], [4]]	1	3	1	2	99	2	T4	2,3	0	O
k4_certs_4_n4_2.json.gz	24	6	6	21,87,5,5	[[3], [1], [4], [5]]	1	3	1	2	99	2	T4	2,3	0	G
k4_certs_4_n4_2.json.gz	24	6	6	21,87,5,5	[[3], [1], [5], [4]]	1	3	1	2	99	2	T4	2,3	0	G
k4_certs_4_n4_2.json.gz	24	6	6	21,87,5,5	[[3], [1, 2], [4], [5]]	1	3	1	2	99	2	T4	2,3	0	O
k4_certs_4_n4_2.json.gz	24	6	6	21,87,5,5	[[3], [1, 2], [5], [4]]	1	3	1	2	99	2	T4	2,3	0	O
k4_certs_4_n4_2.json.gz	24	6	6	21,93,5,5	[[3], [1], [4], [5]]	1	3	1	2	99	2	T4	2,3	0	G
k4_certs_4_n4_2.json.gz	24	6	6	21,93,5,5	[[3], [1], [5], [4]]	1	3	1	2	99	2	T4	2,3	0	G
k4_certs_4_n4_2.json.gz	24	6	6	21,93,5,5	[[3], [1, 2], [4], [5]]	1	3	1	2	99	2	T4	2,3	0	O
k4_certs_4_n4_2.json.gz	24	6	6	21,93,5,5	[[3], [1, 2], [5], [4]]	1	3	1	2	99	2	T4	2,3	0	O
k4_certs_4_n4_2.json.gz	24	6	6	42,1,5,5	[[3], [1, 2], [4], [5]]	1	3	1	2	99	2	T4	2,3	0	O
k4_certs_4_n4_2.json.gz	24	6	6	42,1,5,5	[[3], [1, 2], [5], [4]]	1	3	1	2	99	2	T4	2,3	0	O
k4_certs_4_n4_2.json.gz	24	6	6	42,1,5,5	[[3], [2], [4], [5]]	1	3	1	2	99	2	T4	2,3	0	O
k4_certs_4_n4_2.json.gz	24	6	6	42,1,5,5	[[3], [2], [5], [4]]	1	3	1	2	99	2	T4	2,3	0	O
k4_certs_4_n4_2.json.gz	24	6	6	42,9,5,5	[[3], [1, 2], [4], [5]]	1	3	1	2	99	2	T4	2,3	0	O
k4_certs_4_n4_2.json.gz	24	6	6	42,9,5,5	[[3], [1, 2], [5], [4]]	1	3	1	2	99	2	T4	2,3	0	O
k4_certs_4_n4_2.json.gz	24	6	6	42,9,5,5	[[3], [2], [4], [5]]	1	3	1	2	99	2	T4	2,3	0	O
k4_certs_4_n4_2.json.gz	24	6	6	42,9,5,5	[[3], [2], [5], [4]]	1	3	1	2	99	2	T4	2,3	0	O
k4_certs_4_n4_2.json.gz	24	6	6	42,16,5,5	[[3], [1, 2], [4], [5]]	1	3	1	2	99	2	T4	2,3	0	O
k4_certs_4_n4_2.json.gz	24	6	6	42,16,5,5	[[3], [1, 2], [5], [4]]	1	3	1	2	99	2	T4	2,3	0	O
k4_certs_4_n4_2.json.gz	24	6	6	42,16,5,5	[[3], [2], [4], [5]]	1	3	1	2	99	2	T4	2,3	0	O
k4_certs_4_n4_2.json.gz	24	6	6	42,16,5,5	[[3], [2], [5], [4]]	1	3	1	2	99	2	T4	2,3	0	O
k4_certs_4_n4_2.json.gz	24	6	6	42,17,5,5	[[3], [1, 2], [4], [5]]	1	3	1	2	99	2	T4	2,3	0	O
k4_certs_4_n4_2.json.gz	24	6	6	42,17,5,5	[[3], [1, 2], [5], [4]]	1	3	1	2	99	2	T4	2,3	0	O
k4_certs_4_n4_2.json.gz	24	6	6	42,17,5,5	[[3], [2], [4], [5]]	1	3	1	2	99	2	T4	2,3	0	O
k4_certs_4_n4_2.json.gz	24	6	6	42,17,5,5	[[3], [2], [5], [4]]	1	3	1	2	99	2	T4	2,3	0	O
k4_certs_4_n4_2.json.gz	24	6	6	42,45,5,5	[[3], [1], [4], [5]]	1	3	1	2	99	2	T4	2,3	0	G
k4_certs_4_n4_2.json.gz	24	6	6	42,45,5,5	[[3], [1], [5], [4]]	1	3	1	2	99	2	T4	2,3	0	G
k4_certs_4_n4_2.json.gz	24	6	6	42,45,5,5	[[3], [1, 2], [4], [5]]	1	3	1	2	99	2	T4	2,3	0	O
k4_certs_4_n4_2.json.gz	24	6	6	42,45,5,5	[[3], [1, 2], [5], [4]]	1	3	1	2	99	2	T4	2,3	0	O
k4_certs_4_n4_2.json.gz	24	6	6	42,51,5,5	[[3], [1, 2], [4], [5]]	1	3	1	2	99	2	T4	2,3	0	O
k4_certs_4_n4_2.json.gz	24	6	6	42,51,5,5	[[3], [1, 2], [5], [4]]	1	3	1	2	99	2	T4	2,3	0	O
k4_certs_4_n4_2.json.gz	24	6	6	42,51,5,5	[[3], [2], [4], [5]]	1	3	1	2	99	2	T4	2,3	0	O
k4_certs_4_n4_2.json.gz	24	6	6	42,51,5,5	[[3], [2], [5], [4]]	1	3	1	2	99	2	T4	2,3	0	O
k4_certs_4_n4_2.json.gz	24	6	6	42,79,5,5	[[3], [1], [4], [5]]	1	3	1	2	99	2	T4	2,3	0	G
k4_certs_4_n4_2.json.gz	24	6	6	42,79,5,5	[[3], [1], [5], [4]]	1	3	1	2	99	2	T4	2,3	0	G
k4_certs_4_n4_2.json.gz	24	6	6	42,79,5,5	[[3], [1, 2], [4], [5]]	1	3	1	2	99	2	T4	2,3	0	O
k4_certs_4_n4_2.json.gz	24	6	6	42,79,5,5	[[3], [1, 2], [5], [4]]	1	3	1	2	99	2	T4	2,3	0	O
k4_certs_4_n4_2.json.gz	24	6	6	42,86,5,5	[[3], [1], [4], [5]]	1	3	1	2	99	2	T4	2,3	0	G
k4_certs_4_n4_2.json.gz	24	6	6	42,86,5,5	[[3], [1], [5], [4]]	1	3	1	2	99	2	T4	2,3	0	G
k4_certs_4_n4_2.json.gz	24	6	6	42,86,5,5	[[3], [1, 2], [4], [5]]	1	3	1	2	99	2	T4	2,3	0	O
k4_certs_4_n4_2.json.gz	24	6	6	42,86,5,5	[[3], [1, 2], [5], [4]]	1	3	1	2	99	2	T4	2,3	0	O
k4_certs_4_n4_2.json.gz	24	6	6	42,87,5,5	[[3], [1], [4], [5]]	1	3	1	2	99	2	T4	2,3	0	G
k4_certs_4_n4_2.json.gz	24	6	6	42,87,5,5	[[3], [1], [5], [4]]	1	3	1	2	99	2	T4	2,3	0	G
k4_certs_4_n4_2.json.gz	24	6	6	42,87,5,5	[[3], [1, 2], [4], [5]]	1	3	1	2	99	2	T4	2,3	0	O
k4_certs_4_n4_2.json.gz	24	6	6	42,87,5,5	[[3], [1, 2], [5], [4]]	1	3	1	2	99	2	T4	2,3	0	O
k4_certs_4_n4_2.json.gz	24	6	6	42,93,5,5	[[3], [1], [4], [5]]	1	3	1	2	99	2	T4	2,3	0	G
k4_certs_4_n4_2.json.gz	24	6	6	42,93,5,5	[[3], [1], [5], [4]]	1	3	1	2	99	2	T4	2,3	0	G
k4_certs_4_n4_2.json.gz	24	6	6	42,93,5,5	[[3], [1, 2], [4], [5]]	1	3	1	2	99	2	T4	2,3	0	O
k4_certs_4_n4_2.json.gz	24	6	6	42,93,5,5	[[3], [1, 2], [5], [4]]	1	3	1	2	99	2	T4	2,3	0	O
k4_certs_4_n4_2.json.gz	24	6	6	45,6,3,3	[[0], [4], [3], [5]]	1	3	1	2	99	2	T4	2,3	0	G
k4_certs_4_n4_2.json.gz	24	6	6	45,6,3,3	[[0], [4], [5], [3]]	1	3	1	2	99	2	T4	2,3	0	G
k4_certs_4_n4_2.json.gz	24	6	6	45,6,3,3	[[0, 2], [4], [3], [5]]	1	3	1	2	99	2	T4	2,3	0	O
k4_certs_4_n4_2.json.gz	24	6	6	45,6,3,3	[[0, 2], [4], [5], [3]]	1	3	1	2	99	2	T4	2,3	0	O
k4_certs_4_n4_2.json.gz	24	6	6	45,11,3,3	[[0], [4], [3], [5]]	1	3	1	2	99	2	T4	2,3	0	G
k4_certs_4_n4_2.json.gz	24	6	6	45,11,3,3	[[0], [4], [5], [3]]	1	3	1	2	99	2	T4	2,3	0	G
k4_certs_4_n4_2.json.gz	24	6	6	45,11,3,3	[[0, 2], [4], [3], [5]]	1	3	1	2	99	2	T4	2,3	0	O
k4_certs_4_n4_2.json.gz	24	6	6	45,11,3,3	[[0, 2], [4], [5], [3]]	1	3	1	2	99	2	T4	2,3	0	O
k4_certs_4_n4_2.json.gz	24	6	6	45,21,3,3	[[0], [4], [3], [5]]	1	3	1	2	99	2	T4	2,3	0	G
k4_certs_4_n4_2.json.gz	24	6	6	45,21,3,3	[[0], [4], [5], [3]]	1	3	1	2	99	2	T4	2,3	0	G
k4_certs_4_n4_2.json.gz	24	6	6	45,21,3,3	[[0, 2], [4], [3], [5]]	1	3	1	2	99	2	T4	2,3	0	O
k4_certs_4_n4_2.json.gz	24	6	6	45,21,3,3	[[0, 2], [4], [5], [3]]	1	3	1	2	99	2	T4	2,3	0	O
k4_certs_4_n4_2.json.gz	24	6	6	45,42,3,3	[[0], [4], [3], [5]]	1	3	1	2	99	2	T4	2,3	0	G
k4_certs_4_n4_2.json.gz	24	6	6	45,42,3,3	[[0], [4], [5], [3]]	1	3	1	2	99	2	T4	2,3	0	G
k4_certs_4_n4_2.json.gz	24	6	6	45,42,3,3	[[0, 2], [4], [3], [5]]	1	3	1	2	99	2	T4	2,3	0	O
k4_certs_4_n4_2.json.gz	24	6	6	45,42,3,3	[[0, 2], [4], [5], [3]]	1	3	1	2	99	2	T4	2,3	0	O
k4_certs_4_n4_2.json.gz	24	6	6	45,47,3,3	[[0], [4], [3], [5]]	1	3	1	2	99	2	T4	2,3	0	G
k4_certs_4_n4_2.json.gz	24	6	6	45,47,3,3	[[0], [4], [5], [3]]	1	3	1	2	99	2	T4	2,3	0	G
k4_certs_4_n4_2.json.gz	24	6	6	45,47,3,3	[[0, 2], [4], [3], [5]]	1	3	1	2	99	2	T4	2,3	0	O
k4_certs_4_n4_2.json.gz	24	6	6	45,47,3,3	[[0, 2], [4], [5], [3]]	1	3	1	2	99	2	T4	2,3	0	O
k4_certs_4_n4_2.json.gz	24	6	6	45,59,3,3	[[0], [4], [3], [5]]	1	3	1	2	99	2	T4	2,3	0	G
k4_certs_4_n4_2.json.gz	24	6	6	45,59,3,3	[[0], [4], [5], [3]]	1	3	1	2	99	2	T4	2,3	0	G
k4_certs_4_n4_2.json.gz	24	6	6	45,59,3,3	[[0, 2], [4], [3], [5]]	1	3	1	2	99	2	T4	2,3	0	O
k4_certs_4_n4_2.json.gz	24	6	6	45,59,3,3	[[0, 2], [4], [5], [3]]	1	3	1	2	99	2	T4	2,3	0	O
k4_certs_4_n4_2.json.gz	24	6	6	45,81,3,3	[[0], [4], [3], [5]]	1	3	1	2	99	2	T4	2,3	0	G
k4_certs_4_n4_2.json.gz	24	6	6	45,81,3,3	[[0], [4], [5], [3]]	1	3	1	2	99	2	T4	2,3	0	G
k4_certs_4_n4_2.json.gz	24	6	6	45,81,3,3	[[0, 2], [4], [3], [5]]	1	3	1	2	99	2	T4	2,3	0	O
k4_certs_4_n4_2.json.gz	24	6	6	45,81,3,3	[[0, 2], [4], [5], [3]]	1	3	1	2	99	2	T4	2,3	0	O
k4_certs_4_n4_2.json.gz	24	6	6	45,89,3,3	[[0], [4], [3], [5]]	1	3	1	2	99	2	T4	2,3	0	G
k4_certs_4_n4_2.json.gz	24	6	6	45,89,3,3	[[0], [4], [5], [3]]	1	3	1	2	99	2	T4	2,3	0	G
k4_certs_4_n4_2.json.gz	24	6	6	45,89,3,3	[[0, 2], [4], [3], [5]]	1	3	1	2	99	2	T4	2,3	0	O
k4_certs_4_n4_2.json.gz	24	6	6	45,89,3,3	[[0, 2], [4], [5], [3]]	1	3	1	2	99	2	T4	2,3	0	O
k4_certs_4_n4_2.json.gz	24	6	6	45,147,3,3	[[0], [4], [3], [5]]	1	3	1	2	99	2	T4	2,3	0	G
k4_certs_4_n4_2.json.gz	24	6	6	45,147,3,3	[[0], [4], [5], [3]]	1	3	1	2	99	2	T4	2,3	0	G
k4_certs_4_n4_2.json.gz	24	6	6	45,147,3,3	[[0, 2], [4], [3], [5]]	1	3	1	2	99	2	T4	2,3	0	O
k4_certs_4_n4_2.json.gz	24	6	6	45,147,3,3	[[0, 2], [4], [5], [3]]	1	3	1	2	99	2	T4	2,3	0	O
k4_certs_4_n4_2.json.gz	24	6	6	45,155,3,3	[[0], [4], [3], [5]]	1	3	1	2	99	2	T4	2,3	0	G
k4_certs_4_n4_2.json.gz	24	6	6	45,155,3,3	[[0], [4], [5], [3]]	1	3	1	2	99	2	T4	2,3	0	G
k4_certs_4_n4_2.json.gz	24	6	6	45,155,3,3	[[0, 2], [4], [3], [5]]	1	3	1	2	99	2	T4	2,3	0	O
k4_certs_4_n4_2.json.gz	24	6	6	45,155,3,3	[[0, 2], [4], [5], [3]]	1	3	1	2	99	2	T4	2,3	0	O
k4_certs_4_n4_2.json.gz	24	6	6	47,1,5,5	[[3], [1, 2], [4], [5]]	1	3	1	2	99	2	T4	2,3	0	O
k4_certs_4_n4_2.json.gz	24	6	6	47,1,5,5	[[3], [1, 2], [5], [4]]	1	3	1	2	99	2	T4	2,3	0	O
k4_certs_4_n4_2.json.gz	24	6	6	47,1,5,5	[[3], [2], [4], [5]]	1	3	1	2	99	2	T4	2,3	0	O
k4_certs_4_n4_2.json.gz	24	6	6	47,1,5,5	[[3], [2], [5], [4]]	1	3	1	2	99	2	T4	2,3	0	O
k4_certs_4_n4_2.json.gz	24	6	6	47,9,5,5	[[3], [1, 2], [4], [5]]	1	3	1	2	99	2	T4	2,3	0	O
k4_certs_4_n4_2.json.gz	24	6	6	47,9,5,5	[[3], [1, 2], [5], [4]]	1	3	1	2	99	2	T4	2,3	0	O
k4_certs_4_n4_2.json.gz	24	6	6	47,9,5,5	[[3], [2], [4], [5]]	1	3	1	2	99	2	T4	2,3	0	O
k4_certs_4_n4_2.json.gz	24	6	6	47,9,5,5	[[3], [2], [5], [4]]	1	3	1	2	99	2	T4	2,3	0	O
k4_certs_4_n4_2.json.gz	24	6	6	47,16,5,5	[[3], [1, 2], [4], [5]]	1	3	1	2	99	2	T4	2,3	0	O
k4_certs_4_n4_2.json.gz	24	6	6	47,16,5,5	[[3], [1, 2], [5], [4]]	1	3	1	2	99	2	T4	2,3	0	O
k4_certs_4_n4_2.json.gz	24	6	6	47,16,5,5	[[3], [2], [4], [5]]	1	3	1	2	99	2	T4	2,3	0	O
k4_certs_4_n4_2.json.gz	24	6	6	47,16,5,5	[[3], [2], [5], [4]]	1	3	1	2	99	2	T4	2,3	0	O
k4_certs_4_n4_2.json.gz	24	6	6	47,17,5,5	[[3], [1, 2], [4], [5]]	1	3	1	2	99	2	T4	2,3	0	O
k4_certs_4_n4_2.json.gz	24	6	6	47,17,5,5	[[3], [1, 2], [5], [4]]	1	3	1	2	99	2	T4	2,3	0	O
k4_certs_4_n4_2.json.gz	24	6	6	47,17,5,5	[[3], [2], [4], [5]]	1	3	1	2	99	2	T4	2,3	0	O
k4_certs_4_n4_2.json.gz	24	6	6	47,17,5,5	[[3], [2], [5], [4]]	1	3	1	2	99	2	T4	2,3	0	O
k4_certs_4_n4_2.json.gz	24	6	6	47,45,5,5	[[3], [1], [4], [5]]	1	3	1	2	99	2	T4	2,3	0	G
k4_certs_4_n4_2.json.gz	24	6	6	47,45,5,5	[[3], [1], [5], [4]]	1	3	1	2	99	2	T4	2,3	0	G
k4_certs_4_n4_2.json.gz	24	6	6	47,45,5,5	[[3], [1, 2], [4], [5]]	1	3	1	2	99	2	T4	2,3	0	O
k4_certs_4_n4_2.json.gz	24	6	6	47,45,5,5	[[3], [1, 2], [5], [4]]	1	3	1	2	99	2	T4	2,3	0	O
k4_certs_4_n4_2.json.gz	24	6	6	47,51,5,5	[[3], [1, 2], [4], [5]]	1	3	1	2	99	2	T4	2,3	0	O
k4_certs_4_n4_2.json.gz	24	6	6	47,51,5,5	[[3], [1, 2], [5], [4]]	1	3	1	2	99	2	T4	2,3	0	O
k4_certs_4_n4_2.json.gz	24	6	6	47,51,5,5	[[3], [2], [4], [5]]	1	3	1	2	99	2	T4	2,3	0	O
k4_certs_4_n4_2.json.gz	24	6	6	47,51,5,5	[[3], [2], [5], [4]]	1	3	1	2	99	2	T4	2,3	0	O
k4_certs_4_n4_2.json.gz	24	6	6	47,79,5,5	[[3], [1], [4], [5]]	1	3	1	2	99	2	T4	2,3	0	G
k4_certs_4_n4_2.json.gz	24	6	6	47,79,5,5	[[3], [1], [5], [4]]	1	3	1	2	99	2	T4	2,3	0	G
k4_certs_4_n4_2.json.gz	24	6	6	47,79,5,5	[[3], [1, 2], [4], [5]]	1	3	1	2	99	2	T4	2,3	0	O
k4_certs_4_n4_2.json.gz	24	6	6	47,79,5,5	[[3], [1, 2], [5], [4]]	1	3	1	2	99	2	T4	2,3	0	O
k4_certs_4_n4_2.json.gz	24	6	6	47,86,5,5	[[3], [1], [4], [5]]	1	3	1	2	99	2	T4	2,3	0	G
k4_certs_4_n4_2.json.gz	24	6	6	47,86,5,5	[[3], [1], [5], [4]]	1	3	1	2	99	2	T4	2,3	0	G
k4_certs_4_n4_2.json.gz	24	6	6	47,86,5,5	[[3], [1, 2], [4], [5]]	1	3	1	2	99	2	T4	2,3	0	O
k4_certs_4_n4_2.json.gz	24	6	6	47,86,5,5	[[3], [1, 2], [5], [4]]	1	3	1	2	99	2	T4	2,3	0	O
k4_certs_4_n4_2.json.gz	24	6	6	47,87,5,5	[[3], [1], [4], [5]]	1	3	1	2	99	2	T4	2,3	0	G
k4_certs_4_n4_2.json.gz	24	6	6	47,87,5,5	[[3], [1], [5], [4]]	1	3	1	2	99	2	T4	2,3	0	G
k4_certs_4_n4_2.json.gz	24	6	6	47,87,5,5	[[3], [1, 2], [4], [5]]	1	3	1	2	99	2	T4	2,3	0	O
k4_certs_4_n4_2.json.gz	24	6	6	47,87,5,5	[[3], [1, 2], [5], [4]]	1	3	1	2	99	2	T4	2,3	0	O
k4_certs_4_n4_2.json.gz	24	6	6	47,93,5,5	[[3], [1], [4], [5]]	1	3	1	2	99	2	T4	2,3	0	G
k4_certs_4_n4_2.json.gz	24	6	6	47,93,5,5	[[3], [1], [5], [4]]	1	3	1	2	99	2	T4	2,3	0	G
k4_certs_4_n4_2.json.gz	24	6	6	47,93,5,5	[[3], [1, 2], [4], [5]]	1	3	1	2	99	2	T4	2,3	0	O
k4_certs_4_n4_2.json.gz	24	6	6	47,93,5,5	[[3], [1, 2], [5], [4]]	1	3	1	2	99	2	T4	2,3	0	O
k4_certs_4_n4_2.json.gz	24	6	6	51,6,3,3	[[0, 2], [4], [3], [5]]	1	3	1	2	99	2	T4	2,3	0	O
k4_certs_4_n4_2.json.gz	24	6	6	51,6,3,3	[[0, 2], [4], [5], [3]]	1	3	1	2	99	2	T4	2,3	0	O
k4_certs_4_n4_2.json.gz	24	6	6	51,6,3,3	[[2], [4], [3], [5]]	1	3	1	2	99	2	T4	2,3	0	O
k4_certs_4_n4_2.json.gz	24	6	6	51,6,3,3	[[2], [4], [5], [3]]	1	3	1	2	99	2	T4	2,3	0	O
k4_certs_4_n4_2.json.gz	24	6	6	51,11,3,3	[[0, 2], [4], [3], [5]]	1	3	1	2	99	2	T4	2,3	0	O
k4_certs_4_n4_2.json.gz	24	6	6	51,11,3,3	[[0, 2], [4], [5], [3]]	1	3	1	2	99	2	T4	2,3	0	O
k4_certs_4_n4_2.json.gz	24	6	6	51,11,3,3	[[2], [4], [3], [5]]	1	3	1	2	99	2	T4	2,3	0	O
k4_certs_4_n4_2.json.gz	24	6	6	51,11,3,3	[[2], [4], [5], [3]]	1	3	1	2	99	2	T4	2,3	0	O
k4_certs_4_n4_2.json.gz	24	6	6	51,21,3,3	[[0, 2], [4], [3], [5]]	1	3	1	2	99	2	T4	2,3	0	O
k4_certs_4_n4_2.json.gz	24	6	6	51,21,3,3	[[0, 2], [4], [5], [3]]	1	3	1	2	99	2	T4	2,3	0	O
k4_certs_4_n4_2.json.gz	24	6	6	51,21,3,3	[[2], [4], [3], [5]]	1	3	1	2	99	2	T4	2,3	0	O
k4_certs_4_n4_2.json.gz	24	6	6	51,21,3,3	[[2], [4], [5], [3]]	1	3	1	2	99	2	T4	2,3	0	O
k4_certs_4_n4_2.json.gz	24	6	6	51,42,3,3	[[0, 2], [4], [3], [5]]	1	3	1	2	99	2	T4	2,3	0	O
k4_certs_4_n4_2.json.gz	24	6	6	51,42,3,3	[[0, 2], [4], [5], [3]]	1	3	1	2	99	2	T4	2,3	0	O
k4_certs_4_n4_2.json.gz	24	6	6	51,42,3,3	[[2], [4], [3], [5]]	1	3	1	2	99	2	T4	2,3	0	O
k4_certs_4_n4_2.json.gz	24	6	6	51,42,3,3	[[2], [4], [5], [3]]	1	3	1	2	99	2	T4	2,3	0	O
k4_certs_4_n4_2.json.gz	24	6	6	51,47,3,3	[[0, 2], [4], [3], [5]]	1	3	1	2	99	2	T4	2,3	0	O
k4_certs_4_n4_2.json.gz	24	6	6	51,47,3,3	[[0, 2], [4], [5], [3]]	1	3	1	2	99	2	T4	2,3	0	O
k4_certs_4_n4_2.json.gz	24	6	6	51,47,3,3	[[2], [4], [3], [5]]	1	3	1	2	99	2	T4	2,3	0	O
k4_certs_4_n4_2.json.gz	24	6	6	51,47,3,3	[[2], [4], [5], [3]]	1	3	1	2	99	2	T4	2,3	0	O
k4_certs_4_n4_2.json.gz	24	6	6	51,59,3,3	[[0, 2], [4], [3], [5]]	1	3	1	2	99	2	T4	2,3	0	O
k4_certs_4_n4_2.json.gz	24	6	6	51,59,3,3	[[0, 2], [4], [5], [3]]	1	3	1	2	99	2	T4	2,3	0	O
k4_certs_4_n4_2.json.gz	24	6	6	51,59,3,3	[[2], [4], [3], [5]]	1	3	1	2	99	2	T4	2,3	0	O
k4_certs_4_n4_2.json.gz	24	6	6	51,59,3,3	[[2], [4], [5], [3]]	1	3	1	2	99	2	T4	2,3	0	O
k4_certs_4_n4_2.json.gz	24	6	6	51,81,3,3	[[0, 2], [4], [3], [5]]	1	3	1	2	99	2	T4	2,3	0	O
k4_certs_4_n4_2.json.gz	24	6	6	51,81,3,3	[[0, 2], [4], [5], [3]]	1	3	1	2	99	2	T4	2,3	0	O
k4_certs_4_n4_2.json.gz	24	6	6	51,81,3,3	[[2], [4], [3], [5]]	1	3	1	2	99	2	T4	2,3	0	O
k4_certs_4_n4_2.json.gz	24	6	6	51,81,3,3	[[2], [4], [5], [3]]	1	3	1	2	99	2	T4	2,3	0	O
k4_certs_4_n4_2.json.gz	24	6	6	51,89,3,3	[[0, 2], [4], [3], [5]]	1	3	1	2	99	2	T4	2,3	0	O
k4_certs_4_n4_2.json.gz	24	6	6	51,89,3,3	[[0, 2], [4], [5], [3]]	1	3	1	2	99	2	T4	2,3	0	O
k4_certs_4_n4_2.json.gz	24	6	6	51,89,3,3	[[2], [4], [3], [5]]	1	3	1	2	99	2	T4	2,3	0	O
k4_certs_4_n4_2.json.gz	24	6	6	51,89,3,3	[[2], [4], [5], [3]]	1	3	1	2	99	2	T4	2,3	0	O
k4_certs_4_n4_2.json.gz	24	6	6	51,147,3,3	[[0, 2], [4], [3], [5]]	1	3	1	2	99	2	T4	2,3	0	O
k4_certs_4_n4_2.json.gz	24	6	6	51,147,3,3	[[0, 2], [4], [5], [3]]	1	3	1	2	99	2	T4	2,3	0	O
k4_certs_4_n4_2.json.gz	24	6	6	51,147,3,3	[[2], [4], [3], [5]]	1	3	1	2	99	2	T4	2,3	0	O
k4_certs_4_n4_2.json.gz	24	6	6	51,147,3,3	[[2], [4], [5], [3]]	1	3	1	2	99	2	T4	2,3	0	O
k4_certs_4_n4_2.json.gz	24	6	6	51,155,3,3	[[0, 2], [4], [3], [5]]	1	3	1	2	99	2	T4	2,3	0	O
k4_certs_4_n4_2.json.gz	24	6	6	51,155,3,3	[[0, 2], [4], [5], [3]]	1	3	1	2	99	2	T4	2,3	0	O
k4_certs_4_n4_2.json.gz	24	6	6	51,155,3,3	[[2], [4], [3], [5]]	1	3	1	2	99	2	T4	2,3	0	O
k4_certs_4_n4_2.json.gz	24	6	6	51,155,3,3	[[2], [4], [5], [3]]	1	3	1	2	99	2	T4	2,3	0	O
k4_certs_4_n4_2.json.gz	24	6	6	59,1,5,5	[[3], [1, 2], [4], [5]]	1	3	1	2	99	2	T4	2,3	0	O
k4_certs_4_n4_2.json.gz	24	6	6	59,1,5,5	[[3], [1, 2], [5], [4]]	1	3	1	2	99	2	T4	2,3	0	O
k4_certs_4_n4_2.json.gz	24	6	6	59,1,5,5	[[3], [2], [4], [5]]	1	3	1	2	99	2	T4	2,3	0	O
k4_certs_4_n4_2.json.gz	24	6	6	59,1,5,5	[[3], [2], [5], [4]]	1	3	1	2	99	2	T4	2,3	0	O
k4_certs_4_n4_2.json.gz	24	6	6	59,9,5,5	[[3], [1, 2], [4], [5]]	1	3	1	2	99	2	T4	2,3	0	O
k4_certs_4_n4_2.json.gz	24	6	6	59,9,5,5	[[3], [1, 2], [5], [4]]	1	3	1	2	99	2	T4	2,3	0	O
k4_certs_4_n4_2.json.gz	24	6	6	59,9,5,5	[[3], [2], [4], [5]]	1	3	1	2	99	2	T4	2,3	0	O
k4_certs_4_n4_2.json.gz	24	6	6	59,9,5,5	[[3], [2], [5], [4]]	1	3	1	2	99	2	T4	2,3	0	O
k4_certs_4_n4_2.json.gz	24	6	6	59,16,5,5	[[3], [1, 2], [4], [5]]	1	3	1	2	99	2	T4	2,3	0	O
k4_certs_4_n4_2.json.gz	24	6	6	59,16,5,5	[[3], [1, 2], [5], [4]]	1	3	1	2	99	2	T4	2,3	0	O
k4_certs_4_n4_2.json.gz	24	6	6	59,16,5,5	[[3], [2], [4], [5]]	1	3	1	2	99	2	T4	2,3	0	O
k4_certs_4_n4_2.json.gz	24	6	6	59,16,5,5	[[3], [2], [5], [4]]	1	3	1	2	99	2	T4	2,3	0	O
k4_certs_4_n4_2.json.gz	24	6	6	59,17,5,5	[[3], [1, 2], [4], [5]]	1	3	1	2	99	2	T4	2,3	0	O
k4_certs_4_n4_2.json.gz	24	6	6	59,17,5,5	[[3], [1, 2], [5], [4]]	1	3	1	2	99	2	T4	2,3	0	O
k4_certs_4_n4_2.json.gz	24	6	6	59,17,5,5	[[3], [2], [4], [5]]	1	3	1	2	99	2	T4	2,3	0	O
k4_certs_4_n4_2.json.gz	24	6	6	59,17,5,5	[[3], [2], [5], [4]]	1	3	1	2	99	2	T4	2,3	0	O
k4_certs_4_n4_2.json.gz	24	6	6	59,45,5,5	[[3], [1], [4], [5]]	1	3	1	2	99	2	T4	2,3	0	G
k4_certs_4_n4_2.json.gz	24	6	6	59,45,5,5	[[3], [1], [5], [4]]	1	3	1	2	99	2	T4	2,3	0	G
k4_certs_4_n4_2.json.gz	24	6	6	59,45,5,5	[[3], [1, 2], [4], [5]]	1	3	1	2	99	2	T4	2,3	0	O
k4_certs_4_n4_2.json.gz	24	6	6	59,45,5,5	[[3], [1, 2], [5], [4]]	1	3	1	2	99	2	T4	2,3	0	O
k4_certs_4_n4_2.json.gz	24	6	6	59,51,5,5	[[3], [1, 2], [4], [5]]	1	3	1	2	99	2	T4	2,3	0	O
k4_certs_4_n4_2.json.gz	24	6	6	59,51,5,5	[[3], [1, 2], [5], [4]]	1	3	1	2	99	2	T4	2,3	0	O
k4_certs_4_n4_2.json.gz	24	6	6	59,51,5,5	[[3], [2], [4], [5]]	1	3	1	2	99	2	T4	2,3	0	O
k4_certs_4_n4_2.json.gz	24	6	6	59,51,5,5	[[3], [2], [5], [4]]	1	3	1	2	99	2	T4	2,3	0	O
k4_certs_4_n4_2.json.gz	24	6	6	59,79,5,5	[[3], [1], [4], [5]]	1	3	1	2	99	2	T4	2,3	0	G
k4_certs_4_n4_2.json.gz	24	6	6	59,79,5,5	[[3], [1], [5], [4]]	1	3	1	2	99	2	T4	2,3	0	G
k4_certs_4_n4_2.json.gz	24	6	6	59,79,5,5	[[3], [1, 2], [4], [5]]	1	3	1	2	99	2	T4	2,3	0	O
k4_certs_4_n4_2.json.gz	24	6	6	59,79,5,5	[[3], [1, 2], [5], [4]]	1	3	1	2	99	2	T4	2,3	0	O
k4_certs_4_n4_2.json.gz	24	6	6	59,86,5,5	[[3], [1], [4], [5]]	1	3	1	2	99	2	T4	2,3	0	G
k4_certs_4_n4_2.json.gz	24	6	6	59,86,5,5	[[3], [1], [5], [4]]	1	3	1	2	99	2	T4	2,3	0	G
k4_certs_4_n4_2.json.gz	24	6	6	59,86,5,5	[[3], [1, 2], [4], [5]]	1	3	1	2	99	2	T4	2,3	0	O
k4_certs_4_n4_2.json.gz	24	6	6	59,86,5,5	[[3], [1, 2], [5], [4]]	1	3	1	2	99	2	T4	2,3	0	O
k4_certs_4_n4_2.json.gz	24	6	6	59,87,5,5	[[3], [1], [4], [5]]	1	3	1	2	99	2	T4	2,3	0	G
k4_certs_4_n4_2.json.gz	24	6	6	59,87,5,5	[[3], [1], [5], [4]]	1	3	1	2	99	2	T4	2,3	0	G
k4_certs_4_n4_2.json.gz	24	6	6	59,87,5,5	[[3], [1, 2], [4], [5]]	1	3	1	2	99	2	T4	2,3	0	O
k4_certs_4_n4_2.json.gz	24	6	6	59,87,5,5	[[3], [1, 2], [5], [4]]	1	3	1	2	99	2	T4	2,3	0	O
k4_certs_4_n4_2.json.gz	24	6	6	59,93,5,5	[[3], [1], [4], [5]]	1	3	1	2	99	2	T4	2,3	0	G
k4_certs_4_n4_2.json.gz	24	6	6	59,93,5,5	[[3], [1], [5], [4]]	1	3	1	2	99	2	T4	2,3	0	G
k4_certs_4_n4_2.json.gz	24	6	6	59,93,5,5	[[3], [1, 2], [4], [5]]	1	3	1	2	99	2	T4	2,3	0	O
k4_certs_4_n4_2.json.gz	24	6	6	59,93,5,5	[[3], [1, 2], [5], [4]]	1	3	1	2	99	2	T4	2,3	0	O
k4_certs_4_n4_2.json.gz	24	6	6	79,6,3,3	[[0], [4], [3], [5]]	1	3	1	2	99	2	T4	2,3	0	G
k4_certs_4_n4_2.json.gz	24	6	6	79,6,3,3	[[0], [4], [5], [3]]	1	3	1	2	99	2	T4	2,3	0	G
k4_certs_4_n4_2.json.gz	24	6	6	79,6,3,3	[[0, 2], [4], [3], [5]]	1	3	1	2	99	2	T4	2,3	0	O
k4_certs_4_n4_2.json.gz	24	6	6	79,6,3,3	[[0, 2], [4], [5], [3]]	1	3	1	2	99	2	T4	2,3	0	O
k4_certs_4_n4_2.json.gz	24	6	6	79,11,3,3	[[0], [4], [3], [5]]	1	3	1	2	99	2	T4	2,3	0	G
k4_certs_4_n4_2.json.gz	24	6	6	79,11,3,3	[[0], [4], [5], [3]]	1	3	1	2	99	2	T4	2,3	0	G
k4_certs_4_n4_2.json.gz	24	6	6	79,11,3,3	[[0, 2], [4], [3], [5]]	1	3	1	2	99	2	T4	2,3	0	O
k4_certs_4_n4_2.json.gz	24	6	6	79,11,3,3	[[0, 2], [4], [5], [3]]	1	3	1	2	99	2	T4	2,3	0	O
k4_certs_4_n4_2.json.gz	24	6	6	79,21,3,3	[[0], [4], [3], [5]]	1	3	1	2	99	2	T4	2,3	0	G
k4_certs_4_n4_2.json.gz	24	6	6	79,21,3,3	[[0], [4], [5], [3]]	1	3	1	2	99	2	T4	2,3	0	G
k4_certs_4_n4_2.json.gz	24	6	6	79,21,3,3	[[0, 2], [4], [3], [5]]	1	3	1	2	99	2	T4	2,3	0	O
k4_certs_4_n4_2.json.gz	24	6	6	79,21,3,3	[[0, 2], [4], [5], [3]]	1	3	1	2	99	2	T4	2,3	0	O
k4_certs_4_n4_2.json.gz	24	6	6	79,42,3,3	[[0], [4], [3], [5]]	1	3	1	2	99	2	T4	2,3	0	G
k4_certs_4_n4_2.json.gz	24	6	6	79,42,3,3	[[0], [4], [5], [3]]	1	3	1	2	99	2	T4	2,3	0	G
k4_certs_4_n4_2.json.gz	24	6	6	79,42,3,3	[[0, 2], [4], [3], [5]]	1	3	1	2	99	2	T4	2,3	0	O
k4_certs_4_n4_2.json.gz	24	6	6	79,42,3,3	[[0, 2], [4], [5], [3]]	1	3	1	2	99	2	T4	2,3	0	O
k4_certs_4_n4_2.json.gz	24	6	6	79,47,3,3	[[0], [4], [3], [5]]	1	3	1	2	99	2	T4	2,3	0	G
k4_certs_4_n4_2.json.gz	24	6	6	79,47,3,3	[[0], [4], [5], [3]]	1	3	1	2	99	2	T4	2,3	0	G
k4_certs_4_n4_2.json.gz	24	6	6	79,47,3,3	[[0, 2], [4], [3], [5]]	1	3	1	2	99	2	T4	2,3	0	O
k4_certs_4_n4_2.json.gz	24	6	6	79,47,3,3	[[0, 2], [4], [5], [3]]	1	3	1	2	99	2	T4	2,3	0	O
k4_certs_4_n4_2.json.gz	24	6	6	79,59,3,3	[[0], [4], [3], [5]]	1	3	1	2	99	2	T4	2,3	0	G
k4_certs_4_n4_2.json.gz	24	6	6	79,59,3,3	[[0], [4], [5], [3]]	1	3	1	2	99	2	T4	2,3	0	G
k4_certs_4_n4_2.json.gz	24	6	6	79,59,3,3	[[0, 2], [4], [3], [5]]	1	3	1	2	99	2	T4	2,3	0	O
k4_certs_4_n4_2.json.gz	24	6	6	79,59,3,3	[[0, 2], [4], [5], [3]]	1	3	1	2	99	2	T4	2,3	0	O
k4_certs_4_n4_2.json.gz	24	6	6	79,81,3,3	[[0], [4], [3], [5]]	1	3	1	2	99	2	T4	2,3	0	G
k4_certs_4_n4_2.json.gz	24	6	6	79,81,3,3	[[0], [4], [5], [3]]	1	3	1	2	99	2	T4	2,3	0	G
k4_certs_4_n4_2.json.gz	24	6	6	79,81,3,3	[[0, 2], [4], [3], [5]]	1	3	1	2	99	2	T4	2,3	0	O
k4_certs_4_n4_2.json.gz	24	6	6	79,81,3,3	[[0, 2], [4], [5], [3]]	1	3	1	2	99	2	T4	2,3	0	O
k4_certs_4_n4_2.json.gz	24	6	6	79,89,3,3	[[0], [4], [3], [5]]	1	3	1	2	99	2	T4	2,3	0	G
k4_certs_4_n4_2.json.gz	24	6	6	79,89,3,3	[[0], [4], [5], [3]]	1	3	1	2	99	2	T4	2,3	0	G
k4_certs_4_n4_2.json.gz	24	6	6	79,89,3,3	[[0, 2], [4], [3], [5]]	1	3	1	2	99	2	T4	2,3	0	O
k4_certs_4_n4_2.json.gz	24	6	6	79,89,3,3	[[0, 2], [4], [5], [3]]	1	3	1	2	99	2	T4	2,3	0	O
k4_certs_4_n4_2.json.gz	24	6	6	79,147,3,3	[[0], [4], [3], [5]]	1	3	1	2	99	2	T4	2,3	0	G
k4_certs_4_n4_2.json.gz	24	6	6	79,147,3,3	[[0], [4], [5], [3]]	1	3	1	2	99	2	T4	2,3	0	G
k4_certs_4_n4_2.json.gz	24	6	6	79,147,3,3	[[0, 2], [4], [3], [5]]	1	3	1	2	99	2	T4	2,3	0	O
k4_certs_4_n4_2.json.gz	24	6	6	79,147,3,3	[[0, 2], [4], [5], [3]]	1	3	1	2	99	2	T4	2,3	0	O
k4_certs_4_n4_2.json.gz	24	6	6	79,155,3,3	[[0], [4], [3], [5]]	1	3	1	2	99	2	T4	2,3	0	G
k4_certs_4_n4_2.json.gz	24	6	6	79,155,3,3	[[0], [4], [5], [3]]	1	3	1	2	99	2	T4	2,3	0	G
k4_certs_4_n4_2.json.gz	24	6	6	79,155,3,3	[[0, 2], [4], [3], [5]]	1	3	1	2	99	2	T4	2,3	0	O
k4_certs_4_n4_2.json.gz	24	6	6	79,155,3,3	[[0, 2], [4], [5], [3]]	1	3	1	2	99	2	T4	2,3	0	O
k4_certs_4_n4_2.json.gz	24	6	6	81,1,5,5	[[3], [1, 2], [4], [5]]	1	3	1	2	99	2	T4	2,3	0	O
k4_certs_4_n4_2.json.gz	24	6	6	81,1,5,5	[[3], [1, 2], [5], [4]]	1	3	1	2	99	2	T4	2,3	0	O
k4_certs_4_n4_2.json.gz	24	6	6	81,1,5,5	[[3], [2], [4], [5]]	1	3	1	2	99	2	T4	2,3	0	O
k4_certs_4_n4_2.json.gz	24	6	6	81,1,5,5	[[3], [2], [5], [4]]	1	3	1	2	99	2	T4	2,3	0	O
k4_certs_4_n4_2.json.gz	24	6	6	81,9,5,5	[[3], [1, 2], [4], [5]]	1	3	1	2	99	2	T4	2,3	0	O
k4_certs_4_n4_2.json.gz	24	6	6	81,9,5,5	[[3], [1, 2], [5], [4]]	1	3	1	2	99	2	T4	2,3	0	O
k4_certs_4_n4_2.json.gz	24	6	6	81,9,5,5	[[3], [2], [4], [5]]	1	3	1	2	99	2	T4	2,3	0	O
k4_certs_4_n4_2.json.gz	24	6	6	81,9,5,5	[[3], [2], [5], [4]]	1	3	1	2	99	2	T4	2,3	0	O
k4_certs_4_n4_2.json.gz	24	6	6	81,16,5,5	[[3], [1, 2], [4], [5]]	1	3	1	2	99	2	T4	2,3	0	O
k4_certs_4_n4_2.json.gz	24	6	6	81,16,5,5	[[3], [1, 2], [5], [4]]	1	3	1	2	99	2	T4	2,3	0	O
k4_certs_4_n4_2.json.gz	24	6	6	81,16,5,5	[[3], [2], [4], [5]]	1	3	1	2	99	2	T4	2,3	0	O
k4_certs_4_n4_2.json.gz	24	6	6	81,16,5,5	[[3], [2], [5], [4]]	1	3	1	2	99	2	T4	2,3	0	O
k4_certs_4_n4_2.json.gz	24	6	6	81,17,5,5	[[3], [1, 2], [4], [5]]	1	3	1	2	99	2	T4	2,3	0	O
k4_certs_4_n4_2.json.gz	24	6	6	81,17,5,5	[[3], [1, 2], [5], [4]]	1	3	1	2	99	2	T4	2,3	0	O
k4_certs_4_n4_2.json.gz	24	6	6	81,17,5,5	[[3], [2], [4], [5]]	1	3	1	2	99	2	T4	2,3	0	O
k4_certs_4_n4_2.json.gz	24	6	6	81,17,5,5	[[3], [2], [5], [4]]	1	3	1	2	99	2	T4	2,3	0	O
k4_certs_4_n4_2.json.gz	24	6	6	81,45,5,5	[[3], [1], [4], [5]]	1	3	1	2	99	2	T4	2,3	0	G
k4_certs_4_n4_2.json.gz	24	6	6	81,45,5,5	[[3], [1], [5], [4]]	1	3	1	2	99	2	T4	2,3	0	G
k4_certs_4_n4_2.json.gz	24	6	6	81,45,5,5	[[3], [1, 2], [4], [5]]	1	3	1	2	99	2	T4	2,3	0	O
k4_certs_4_n4_2.json.gz	24	6	6	81,45,5,5	[[3], [1, 2], [5], [4]]	1	3	1	2	99	2	T4	2,3	0	O
k4_certs_4_n4_2.json.gz	24	6	6	81,51,5,5	[[3], [1, 2], [4], [5]]	1	3	1	2	99	2	T4	2,3	0	O
k4_certs_4_n4_2.json.gz	24	6	6	81,51,5,5	[[3], [1, 2], [5], [4]]	1	3	1	2	99	2	T4	2,3	0	O
k4_certs_4_n4_2.json.gz	24	6	6	81,51,5,5	[[3], [2], [4], [5]]	1	3	1	2	99	2	T4	2,3	0	O
k4_certs_4_n4_2.json.gz	24	6	6	81,51,5,5	[[3], [2], [5], [4]]	1	3	1	2	99	2	T4	2,3	0	O
k4_certs_4_n4_2.json.gz	24	6	6	81,79,5,5	[[3], [1], [4], [5]]	1	3	1	2	99	2	T4	2,3	0	G
k4_certs_4_n4_2.json.gz	24	6	6	81,79,5,5	[[3], [1], [5], [4]]	1	3	1	2	99	2	T4	2,3	0	G
k4_certs_4_n4_2.json.gz	24	6	6	81,79,5,5	[[3], [1, 2], [4], [5]]	1	3	1	2	99	2	T4	2,3	0	O
k4_certs_4_n4_2.json.gz	24	6	6	81,79,5,5	[[3], [1, 2], [5], [4]]	1	3	1	2	99	2	T4	2,3	0	O
k4_certs_4_n4_2.json.gz	24	6	6	81,86,5,5	[[3], [1], [4], [5]]	1	3	1	2	99	2	T4	2,3	0	G
k4_certs_4_n4_2.json.gz	24	6	6	81,86,5,5	[[3], [1], [5], [4]]	1	3	1	2	99	2	T4	2,3	0	G
k4_certs_4_n4_2.json.gz	24	6	6	81,86,5,5	[[3], [1, 2], [4], [5]]	1	3	1	2	99	2	T4	2,3	0	O
k4_certs_4_n4_2.json.gz	24	6	6	81,86,5,5	[[3], [1, 2], [5], [4]]	1	3	1	2	99	2	T4	2,3	0	O
k4_certs_4_n4_2.json.gz	24	6	6	81,87,5,5	[[3], [1], [4], [5]]	1	3	1	2	99	2	T4	2,3	0	G
k4_certs_4_n4_2.json.gz	24	6	6	81,87,5,5	[[3], [1], [5], [4]]	1	3	1	2	99	2	T4	2,3	0	G
k4_certs_4_n4_2.json.gz	24	6	6	81,87,5,5	[[3], [1, 2], [4], [5]]	1	3	1	2	99	2	T4	2,3	0	O
k4_certs_4_n4_2.json.gz	24	6	6	81,87,5,5	[[3], [1, 2], [5], [4]]	1	3	1	2	99	2	T4	2,3	0	O
k4_certs_4_n4_2.json.gz	24	6	6	81,93,5,5	[[3], [1], [4], [5]]	1	3	1	2	99	2	T4	2,3	0	G
k4_certs_4_n4_2.json.gz	24	6	6	81,93,5,5	[[3], [1], [5], [4]]	1	3	1	2	99	2	T4	2,3	0	G
k4_certs_4_n4_2.json.gz	24	6	6	81,93,5,5	[[3], [1, 2], [4], [5]]	1	3	1	2	99	2	T4	2,3	0	O
k4_certs_4_n4_2.json.gz	24	6	6	81,93,5,5	[[3], [1, 2], [5], [4]]	1	3	1	2	99	2	T4	2,3	0	O
k4_certs_4_n4_2.json.gz	24	6	6	86,6,3,3	[[0], [4], [3], [5]]	1	3	1	2	99	2	T4	2,3	0	G
k4_certs_4_n4_2.json.gz	24	6	6	86,6,3,3	[[0], [4], [5], [3]]	1	3	1	2	99	2	T4	2,3	0	G
k4_certs_4_n4_2.json.gz	24	6	6	86,6,3,3	[[0, 2], [4], [3], [5]]	1	3	1	2	99	2	T4	2,3	0	O
k4_certs_4_n4_2.json.gz	24	6	6	86,6,3,3	[[0, 2], [4], [5], [3]]	1	3	1	2	99	2	T4	2,3	0	O
k4_certs_4_n4_2.json.gz	24	6	6	86,11,3,3	[[0], [4], [3], [5]]	1	3	1	2	99	2	T4	2,3	0	G
k4_certs_4_n4_2.json.gz	24	6	6	86,11,3,3	[[0], [4], [5], [3]]	1	3	1	2	99	2	T4	2,3	0	G
k4_certs_4_n4_2.json.gz	24	6	6	86,11,3,3	[[0, 2], [4], [3], [5]]	1	3	1	2	99	2	T4	2,3	0	O
k4_certs_4_n4_2.json.gz	24	6	6	86,11,3,3	[[0, 2], [4], [5], [3]]	1	3	1	2	99	2	T4	2,3	0	O
k4_certs_4_n4_2.json.gz	24	6	6	86,21,3,3	[[0], [4], [3], [5]]	1	3	1	2	99	2	T4	2,3	0	G
k4_certs_4_n4_2.json.gz	24	6	6	86,21,3,3	[[0], [4], [5], [3]]	1	3	1	2	99	2	T4	2,3	0	G
k4_certs_4_n4_2.json.gz	24	6	6	86,21,3,3	[[0, 2], [4], [3], [5]]	1	3	1	2	99	2	T4	2,3	0	O
k4_certs_4_n4_2.json.gz	24	6	6	86,21,3,3	[[0, 2], [4], [5], [3]]	1	3	1	2	99	2	T4	2,3	0	O
k4_certs_4_n4_2.json.gz	24	6	6	86,42,3,3	[[0], [4], [3], [5]]	1	3	1	2	99	2	T4	2,3	0	G
k4_certs_4_n4_2.json.gz	24	6	6	86,42,3,3	[[0], [4], [5], [3]]	1	3	1	2	99	2	T4	2,3	0	G
k4_certs_4_n4_2.json.gz	24	6	6	86,42,3,3	[[0, 2], [4], [3], [5]]	1	3	1	2	99	2	T4	2,3	0	O
k4_certs_4_n4_2.json.gz	24	6	6	86,42,3,3	[[0, 2], [4], [5], [3]]	1	3	1	2	99	2	T4	2,3	0	O
k4_certs_4_n4_2.json.gz	24	6	6	86,47,3,3	[[0], [4], [3], [5]]	1	3	1	2	99	2	T4	2,3	0	G
k4_certs_4_n4_2.json.gz	24	6	6	86,47,3,3	[[0], [4], [5], [3]]	1	3	1	2	99	2	T4	2,3	0	G
k4_certs_4_n4_2.json.gz	24	6	6	86,47,3,3	[[0, 2], [4], [3], [5]]	1	3	1	2	99	2	T4	2,3	0	O
k4_certs_4_n4_2.json.gz	24	6	6	86,47,3,3	[[0, 2], [4], [5], [3]]	1	3	1	2	99	2	T4	2,3	0	O
k4_certs_4_n4_2.json.gz	24	6	6	86,59,3,3	[[0], [4], [3], [5]]	1	3	1	2	99	2	T4	2,3	0	G
k4_certs_4_n4_2.json.gz	24	6	6	86,59,3,3	[[0], [4], [5], [3]]	1	3	1	2	99	2	T4	2,3	0	G
k4_certs_4_n4_2.json.gz	24	6	6	86,59,3,3	[[0, 2], [4], [3], [5]]	1	3	1	2	99	2	T4	2,3	0	O
k4_certs_4_n4_2.json.gz	24	6	6	86,59,3,3	[[0, 2], [4], [5], [3]]	1	3	1	2	99	2	T4	2,3	0	O
k4_certs_4_n4_2.json.gz	24	6	6	86,81,3,3	[[0], [4], [3], [5]]	1	3	1	2	99	2	T4	2,3	0	G
k4_certs_4_n4_2.json.gz	24	6	6	86,81,3,3	[[0], [4], [5], [3]]	1	3	1	2	99	2	T4	2,3	0	G
k4_certs_4_n4_2.json.gz	24	6	6	86,81,3,3	[[0, 2], [4], [3], [5]]	1	3	1	2	99	2	T4	2,3	0	O
k4_certs_4_n4_2.json.gz	24	6	6	86,81,3,3	[[0, 2], [4], [5], [3]]	1	3	1	2	99	2	T4	2,3	0	O
k4_certs_4_n4_2.json.gz	24	6	6	86,89,3,3	[[0], [4], [3], [5]]	1	3	1	2	99	2	T4	2,3	0	G
k4_certs_4_n4_2.json.gz	24	6	6	86,89,3,3	[[0], [4], [5], [3]]	1	3	1	2	99	2	T4	2,3	0	G
k4_certs_4_n4_2.json.gz	24	6	6	86,89,3,3	[[0, 2], [4], [3], [5]]	1	3	1	2	99	2	T4	2,3	0	O
k4_certs_4_n4_2.json.gz	24	6	6	86,89,3,3	[[0, 2], [4], [5], [3]]	1	3	1	2	99	2	T4	2,3	0	O
k4_certs_4_n4_2.json.gz	24	6	6	86,147,3,3	[[0], [4], [3], [5]]	1	3	1	2	99	2	T4	2,3	0	G
k4_certs_4_n4_2.json.gz	24	6	6	86,147,3,3	[[0], [4], [5], [3]]	1	3	1	2	99	2	T4	2,3	0	G
k4_certs_4_n4_2.json.gz	24	6	6	86,147,3,3	[[0, 2], [4], [3], [5]]	1	3	1	2	99	2	T4	2,3	0	O
k4_certs_4_n4_2.json.gz	24	6	6	86,147,3,3	[[0, 2], [4], [5], [3]]	1	3	1	2	99	2	T4	2,3	0	O
k4_certs_4_n4_2.json.gz	24	6	6	86,155,3,3	[[0], [4], [3], [5]]	1	3	1	2	99	2	T4	2,3	0	G
k4_certs_4_n4_2.json.gz	24	6	6	86,155,3,3	[[0], [4], [5], [3]]	1	3	1	2	99	2	T4	2,3	0	G
k4_certs_4_n4_2.json.gz	24	6	6	86,155,3,3	[[0, 2], [4], [3], [5]]	1	3	1	2	99	2	T4	2,3	0	O
k4_certs_4_n4_2.json.gz	24	6	6	86,155,3,3	[[0, 2], [4], [5], [3]]	1	3	1	2	99	2	T4	2,3	0	O
k4_certs_4_n4_2.json.gz	24	6	6	87,6,3,3	[[0], [4], [3], [5]]	1	3	1	2	99	2	T4	2,3	0	G
k4_certs_4_n4_2.json.gz	24	6	6	87,6,3,3	[[0], [4], [5], [3]]	1	3	1	2	99	2	T4	2,3	0	G
k4_certs_4_n4_2.json.gz	24	6	6	87,6,3,3	[[0, 2], [4], [3], [5]]	1	3	1	2	99	2	T4	2,3	0	O
k4_certs_4_n4_2.json.gz	24	6	6	87,6,3,3	[[0, 2], [4], [5], [3]]	1	3	1	2	99	2	T4	2,3	0	O
k4_certs_4_n4_2.json.gz	24	6	6	87,11,3,3	[[0], [4], [3], [5]]	1	3	1	2	99	2	T4	2,3	0	G
k4_certs_4_n4_2.json.gz	24	6	6	87,11,3,3	[[0], [4], [5], [3]]	1	3	1	2	99	2	T4	2,3	0	G
k4_certs_4_n4_2.json.gz	24	6	6	87,11,3,3	[[0, 2], [4], [3], [5]]	1	3	1	2	99	2	T4	2,3	0	O
k4_certs_4_n4_2.json.gz	24	6	6	87,11,3,3	[[0, 2], [4], [5], [3]]	1	3	1	2	99	2	T4	2,3	0	O
k4_certs_4_n4_2.json.gz	24	6	6	87,21,3,3	[[0], [4], [3], [5]]	1	3	1	2	99	2	T4	2,3	0	G
k4_certs_4_n4_2.json.gz	24	6	6	87,21,3,3	[[0], [4], [5], [3]]	1	3	1	2	99	2	T4	2,3	0	G
k4_certs_4_n4_2.json.gz	24	6	6	87,21,3,3	[[0, 2], [4], [3], [5]]	1	3	1	2	99	2	T4	2,3	0	O
k4_certs_4_n4_2.json.gz	24	6	6	87,21,3,3	[[0, 2], [4], [5], [3]]	1	3	1	2	99	2	T4	2,3	0	O
k4_certs_4_n4_2.json.gz	24	6	6	87,42,3,3	[[0], [4], [3], [5]]	1	3	1	2	99	2	T4	2,3	0	G
k4_certs_4_n4_2.json.gz	24	6	6	87,42,3,3	[[0], [4], [5], [3]]	1	3	1	2	99	2	T4	2,3	0	G
k4_certs_4_n4_2.json.gz	24	6	6	87,42,3,3	[[0, 2], [4], [3], [5]]	1	3	1	2	99	2	T4	2,3	0	O
k4_certs_4_n4_2.json.gz	24	6	6	87,42,3,3	[[0, 2], [4], [5], [3]]	1	3	1	2	99	2	T4	2,3	0	O
k4_certs_4_n4_2.json.gz	24	6	6	87,47,3,3	[[0], [4], [3], [5]]	1	3	1	2	99	2	T4	2,3	0	G
k4_certs_4_n4_2.json.gz	24	6	6	87,47,3,3	[[0], [4], [5], [3]]	1	3	1	2	99	2	T4	2,3	0	G
k4_certs_4_n4_2.json.gz	24	6	6	87,47,3,3	[[0, 2], [4], [3], [5]]	1	3	1	2	99	2	T4	2,3	0	O
k4_certs_4_n4_2.json.gz	24	6	6	87,47,3,3	[[0, 2], [4], [5], [3]]	1	3	1	2	99	2	T4	2,3	0	O
k4_certs_4_n4_2.json.gz	24	6	6	87,59,3,3	[[0], [4], [3], [5]]	1	3	1	2	99	2	T4	2,3	0	G
k4_certs_4_n4_2.json.gz	24	6	6	87,59,3,3	[[0], [4], [5], [3]]	1	3	1	2	99	2	T4	2,3	0	G
k4_certs_4_n4_2.json.gz	24	6	6	87,59,3,3	[[0, 2], [4], [3], [5]]	1	3	1	2	99	2	T4	2,3	0	O
k4_certs_4_n4_2.json.gz	24	6	6	87,59,3,3	[[0, 2], [4], [5], [3]]	1	3	1	2	99	2	T4	2,3	0	O
k4_certs_4_n4_2.json.gz	24	6	6	87,81,3,3	[[0], [4], [3], [5]]	1	3	1	2	99	2	T4	2,3	0	G
k4_certs_4_n4_2.json.gz	24	6	6	87,81,3,3	[[0], [4], [5], [3]]	1	3	1	2	99	2	T4	2,3	0	G
k4_certs_4_n4_2.json.gz	24	6	6	87,81,3,3	[[0, 2], [4], [3], [5]]	1	3	1	2	99	2	T4	2,3	0	O
k4_certs_4_n4_2.json.gz	24	6	6	87,81,3,3	[[0, 2], [4], [5], [3]]	1	3	1	2	99	2	T4	2,3	0	O
k4_certs_4_n4_2.json.gz	24	6	6	87,89,3,3	[[0], [4], [3], [5]]	1	3	1	2	99	2	T4	2,3	0	G
k4_certs_4_n4_2.json.gz	24	6	6	87,89,3,3	[[0], [4], [5], [3]]	1	3	1	2	99	2	T4	2,3	0	G
k4_certs_4_n4_2.json.gz	24	6	6	87,89,3,3	[[0, 2], [4], [3], [5]]	1	3	1	2	99	2	T4	2,3	0	O
k4_certs_4_n4_2.json.gz	24	6	6	87,89,3,3	[[0, 2], [4], [5], [3]]	1	3	1	2	99	2	T4	2,3	0	O
k4_certs_4_n4_2.json.gz	24	6	6	87,147,3,3	[[0], [4], [3], [5]]	1	3	1	2	99	2	T4	2,3	0	G
k4_certs_4_n4_2.json.gz	24	6	6	87,147,3,3	[[0], [4], [5], [3]]	1	3	1	2	99	2	T4	2,3	0	G
k4_certs_4_n4_2.json.gz	24	6	6	87,147,3,3	[[0, 2], [4], [3], [5]]	1	3	1	2	99	2	T4	2,3	0	O
k4_certs_4_n4_2.json.gz	24	6	6	87,147,3,3	[[0, 2], [4], [5], [3]]	1	3	1	2	99	2	T4	2,3	0	O
k4_certs_4_n4_2.json.gz	24	6	6	87,155,3,3	[[0], [4], [3], [5]]	1	3	1	2	99	2	T4	2,3	0	G
k4_certs_4_n4_2.json.gz	24	6	6	87,155,3,3	[[0], [4], [5], [3]]	1	3	1	2	99	2	T4	2,3	0	G
k4_certs_4_n4_2.json.gz	24	6	6	87,155,3,3	[[0, 2], [4], [3], [5]]	1	3	1	2	99	2	T4	2,3	0	O
k4_certs_4_n4_2.json.gz	24	6	6	87,155,3,3	[[0, 2], [4], [5], [3]]	1	3	1	2	99	2	T4	2,3	0	O
k4_certs_4_n4_2.json.gz	24	6	6	89,1,5,5	[[3], [1, 2], [4], [5]]	1	3	1	2	99	2	T4	2,3	0	O
k4_certs_4_n4_2.json.gz	24	6	6	89,1,5,5	[[3], [1, 2], [5], [4]]	1	3	1	2	99	2	T4	2,3	0	O
k4_certs_4_n4_2.json.gz	24	6	6	89,1,5,5	[[3], [2], [4], [5]]	1	3	1	2	99	2	T4	2,3	0	O
k4_certs_4_n4_2.json.gz	24	6	6	89,1,5,5	[[3], [2], [5], [4]]	1	3	1	2	99	2	T4	2,3	0	O
k4_certs_4_n4_2.json.gz	24	6	6	89,9,5,5	[[3], [1, 2], [4], [5]]	1	3	1	2	99	2	T4	2,3	0	O
k4_certs_4_n4_2.json.gz	24	6	6	89,9,5,5	[[3], [1, 2], [5], [4]]	1	3	1	2	99	2	T4	2,3	0	O
k4_certs_4_n4_2.json.gz	24	6	6	89,9,5,5	[[3], [2], [4], [5]]	1	3	1	2	99	2	T4	2,3	0	O
k4_certs_4_n4_2.json.gz	24	6	6	89,9,5,5	[[3], [2], [5], [4]]	1	3	1	2	99	2	T4	2,3	0	O
k4_certs_4_n4_2.json.gz	24	6	6	89,16,5,5	[[3], [1, 2], [4], [5]]	1	3	1	2	99	2	T4	2,3	0	O
k4_certs_4_n4_2.json.gz	24	6	6	89,16,5,5	[[3], [1, 2], [5], [4]]	1	3	1	2	99	2	T4	2,3	0	O
k4_certs_4_n4_2.json.gz	24	6	6	89,16,5,5	[[3], [2], [4], [5]]	1	3	1	2	99	2	T4	2,3	0	O
k4_certs_4_n4_2.json.gz	24	6	6	89,16,5,5	[[3], [2], [5], [4]]	1	3	1	2	99	2	T4	2,3	0	O
k4_certs_4_n4_2.json.gz	24	6	6	89,17,5,5	[[3], [1, 2], [4], [5]]	1	3	1	2	99	2	T4	2,3	0	O
k4_certs_4_n4_2.json.gz	24	6	6	89,17,5,5	[[3], [1, 2], [5], [4]]	1	3	1	2	99	2	T4	2,3	0	O
k4_certs_4_n4_2.json.gz	24	6	6	89,17,5,5	[[3], [2], [4], [5]]	1	3	1	2	99	2	T4	2,3	0	O
k4_certs_4_n4_2.json.gz	24	6	6	89,17,5,5	[[3], [2], [5], [4]]	1	3	1	2	99	2	T4	2,3	0	O
k4_certs_4_n4_2.json.gz	24	6	6	89,45,5,5	[[3], [1], [4], [5]]	1	3	1	2	99	2	T4	2,3	0	G
k4_certs_4_n4_2.json.gz	24	6	6	89,45,5,5	[[3], [1], [5], [4]]	1	3	1	2	99	2	T4	2,3	0	G
k4_certs_4_n4_2.json.gz	24	6	6	89,45,5,5	[[3], [1, 2], [4], [5]]	1	3	1	2	99	2	T4	2,3	0	O
k4_certs_4_n4_2.json.gz	24	6	6	89,45,5,5	[[3], [1, 2], [5], [4]]	1	3	1	2	99	2	T4	2,3	0	O
k4_certs_4_n4_2.json.gz	24	6	6	89,51,5,5	[[3], [1, 2], [4], [5]]	1	3	1	2	99	2	T4	2,3	0	O
k4_certs_4_n4_2.json.gz	24	6	6	89,51,5,5	[[3], [1, 2], [5], [4]]	1	3	1	2	99	2	T4	2,3	0	O
k4_certs_4_n4_2.json.gz	24	6	6	89,51,5,5	[[3], [2], [4], [5]]	1	3	1	2	99	2	T4	2,3	0	O
k4_certs_4_n4_2.json.gz	24	6	6	89,51,5,5	[[3], [2], [5], [4]]	1	3	1	2	99	2	T4	2,3	0	O
k4_certs_4_n4_2.json.gz	24	6	6	89,79,5,5	[[3], [1], [4], [5]]	1	3	1	2	99	2	T4	2,3	0	G
k4_certs_4_n4_2.json.gz	24	6	6	89,79,5,5	[[3], [1], [5], [4]]	1	3	1	2	99	2	T4	2,3	0	G
k4_certs_4_n4_2.json.gz	24	6	6	89,79,5,5	[[3], [1, 2], [4], [5]]	1	3	1	2	99	2	T4	2,3	0	O
k4_certs_4_n4_2.json.gz	24	6	6	89,79,5,5	[[3], [1, 2], [5], [4]]	1	3	1	2	99	2	T4	2,3	0	O
k4_certs_4_n4_2.json.gz	24	6	6	89,86,5,5	[[3], [1], [4], [5]]	1	3	1	2	99	2	T4	2,3	0	G
k4_certs_4_n4_2.json.gz	24	6	6	89,86,5,5	[[3], [1], [5], [4]]	1	3	1	2	99	2	T4	2,3	0	G
k4_certs_4_n4_2.json.gz	24	6	6	89,86,5,5	[[3], [1, 2], [4], [5]]	1	3	1	2	99	2	T4	2,3	0	O
k4_certs_4_n4_2.json.gz	24	6	6	89,86,5,5	[[3], [1, 2], [5], [4]]	1	3	1	2	99	2	T4	2,3	0	O
k4_certs_4_n4_2.json.gz	24	6	6	89,87,5,5	[[3], [1], [4], [5]]	1	3	1	2	99	2	T4	2,3	0	G
k4_certs_4_n4_2.json.gz	24	6	6	89,87,5,5	[[3], [1], [5], [4]]	1	3	1	2	99	2	T4	2,3	0	G
k4_certs_4_n4_2.json.gz	24	6	6	89,87,5,5	[[3], [1, 2], [4], [5]]	1	3	1	2	99	2	T4	2,3	0	O
k4_certs_4_n4_2.json.gz	24	6	6	89,87,5,5	[[3], [1, 2], [5], [4]]	1	3	1	2	99	2	T4	2,3	0	O
k4_certs_4_n4_2.json.gz	24	6	6	89,93,5,5	[[3], [1], [4], [5]]	1	3	1	2	99	2	T4	2,3	0	G
k4_certs_4_n4_2.json.gz	24	6	6	89,93,5,5	[[3], [1], [5], [4]]	1	3	1	2	99	2	T4	2,3	0	G
k4_certs_4_n4_2.json.gz	24	6	6	89,93,5,5	[[3], [1, 2], [4], [5]]	1	3	1	2	99	2	T4	2,3	0	O
k4_certs_4_n4_2.json.gz	24	6	6	89,93,5,5	[[3], [1, 2], [5], [4]]	1	3	1	2	99	2	T4	2,3	0	O
k4_certs_4_n4_2.json.gz	24	6	6	93,6,3,3	[[0], [4], [3], [5]]	1	3	1	2	99	2	T4	2,3	0	G
k4_certs_4_n4_2.json.gz	24	6	6	93,6,3,3	[[0], [4], [5], [3]]	1	3	1	2	99	2	T4	2,3	0	G
k4_certs_4_n4_2.json.gz	24	6	6	93,6,3,3	[[0, 2], [4], [3], [5]]	1	3	1	2	99	2	T4	2,3	0	O
k4_certs_4_n4_2.json.gz	24	6	6	93,6,3,3	[[0, 2], [4], [5], [3]]	1	3	1	2	99	2	T4	2,3	0	O
k4_certs_4_n4_2.json.gz	24	6	6	93,11,3,3	[[0], [4], [3], [5]]	1	3	1	2	99	2	T4	2,3	0	G
k4_certs_4_n4_2.json.gz	24	6	6	93,11,3,3	[[0], [4], [5], [3]]	1	3	1	2	99	2	T4	2,3	0	G
k4_certs_4_n4_2.json.gz	24	6	6	93,11,3,3	[[0, 2], [4], [3], [5]]	1	3	1	2	99	2	T4	2,3	0	O
k4_certs_4_n4_2.json.gz	24	6	6	93,11,3,3	[[0, 2], [4], [5], [3]]	1	3	1	2	99	2	T4	2,3	0	O
k4_certs_4_n4_2.json.gz	24	6	6	93,21,3,3	[[0], [4], [3], [5]]	1	3	1	2	99	2	T4	2,3	0	G
k4_certs_4_n4_2.json.gz	24	6	6	93,21,3,3	[[0], [4], [5], [3]]	1	3	1	2	99	2	T4	2,3	0	G
k4_certs_4_n4_2.json.gz	24	6	6	93,21,3,3	[[0, 2], [4], [3], [5]]	1	3	1	2	99	2	T4	2,3	0	O
k4_certs_4_n4_2.json.gz	24	6	6	93,21,3,3	[[0, 2], [4], [5], [3]]	1	3	1	2	99	2	T4	2,3	0	O
k4_certs_4_n4_2.json.gz	24	6	6	93,42,3,3	[[0], [4], [3], [5]]	1	3	1	2	99	2	T4	2,3	0	G
k4_certs_4_n4_2.json.gz	24	6	6	93,42,3,3	[[0], [4], [5], [3]]	1	3	1	2	99	2	T4	2,3	0	G
k4_certs_4_n4_2.json.gz	24	6	6	93,42,3,3	[[0, 2], [4], [3], [5]]	1	3	1	2	99	2	T4	2,3	0	O
k4_certs_4_n4_2.json.gz	24	6	6	93,42,3,3	[[0, 2], [4], [5], [3]]	1	3	1	2	99	2	T4	2,3	0	O
k4_certs_4_n4_2.json.gz	24	6	6	93,47,3,3	[[0], [4], [3], [5]]	1	3	1	2	99	2	T4	2,3	0	G
k4_certs_4_n4_2.json.gz	24	6	6	93,47,3,3	[[0], [4], [5], [3]]	1	3	1	2	99	2	T4	2,3	0	G
k4_certs_4_n4_2.json.gz	24	6	6	93,47,3,3	[[0, 2], [4], [3], [5]]	1	3	1	2	99	2	T4	2,3	0	O
k4_certs_4_n4_2.json.gz	24	6	6	93,47,3,3	[[0, 2], [4], [5], [3]]	1	3	1	2	99	2	T4	2,3	0	O
k4_certs_4_n4_2.json.gz	24	6	6	93,59,3,3	[[0], [4], [3], [5]]	1	3	1	2	99	2	T4	2,3	0	G
k4_certs_4_n4_2.json.gz	24	6	6	93,59,3,3	[[0], [4], [5], [3]]	1	3	1	2	99	2	T4	2,3	0	G
k4_certs_4_n4_2.json.gz	24	6	6	93,59,3,3	[[0, 2], [4], [3], [5]]	1	3	1	2	99	2	T4	2,3	0	O
k4_certs_4_n4_2.json.gz	24	6	6	93,59,3,3	[[0, 2], [4], [5], [3]]	1	3	1	2	99	2	T4	2,3	0	O
k4_certs_4_n4_2.json.gz	24	6	6	93,81,3,3	[[0], [4], [3], [5]]	1	3	1	2	99	2	T4	2,3	0	G
k4_certs_4_n4_2.json.gz	24	6	6	93,81,3,3	[[0], [4], [5], [3]]	1	3	1	2	99	2	T4	2,3	0	G
k4_certs_4_n4_2.json.gz	24	6	6	93,81,3,3	[[0, 2], [4], [3], [5]]	1	3	1	2	99	2	T4	2,3	0	O
k4_certs_4_n4_2.json.gz	24	6	6	93,81,3,3	[[0, 2], [4], [5], [3]]	1	3	1	2	99	2	T4	2,3	0	O
k4_certs_4_n4_2.json.gz	24	6	6	93,89,3,3	[[0], [4], [3], [5]]	1	3	1	2	99	2	T4	2,3	0	G
k4_certs_4_n4_2.json.gz	24	6	6	93,89,3,3	[[0], [4], [5], [3]]	1	3	1	2	99	2	T4	2,3	0	G
k4_certs_4_n4_2.json.gz	24	6	6	93,89,3,3	[[0, 2], [4], [3], [5]]	1	3	1	2	99	2	T4	2,3	0	O
k4_certs_4_n4_2.json.gz	24	6	6	93,89,3,3	[[0, 2], [4], [5], [3]]	1	3	1	2	99	2	T4	2,3	0	O
k4_certs_4_n4_2.json.gz	24	6	6	93,147,3,3	[[0], [4], [3], [5]]	1	3	1	2	99	2	T4	2,3	0	G
k4_certs_4_n4_2.json.gz	24	6	6	93,147,3,3	[[0], [4], [5], [3]]	1	3	1	2	99	2	T4	2,3	0	G
k4_certs_4_n4_2.json.gz	24	6	6	93,147,3,3	[[0, 2], [4], [3], [5]]	1	3	1	2	99	2	T4	2,3	0	O
k4_certs_4_n4_2.json.gz	24	6	6	93,147,3,3	[[0, 2], [4], [5], [3]]	1	3	1	2	99	2	T4	2,3	0	O
k4_certs_4_n4_2.json.gz	24	6	6	93,155,3,3	[[0], [4], [3], [5]]	1	3	1	2	99	2	T4	2,3	0	G
k4_certs_4_n4_2.json.gz	24	6	6	93,155,3,3	[[0], [4], [5], [3]]	1	3	1	2	99	2	T4	2,3	0	G
k4_certs_4_n4_2.json.gz	24	6	6	93,155,3,3	[[0, 2], [4], [3], [5]]	1	3	1	2	99	2	T4	2,3	0	O
k4_certs_4_n4_2.json.gz	24	6	6	93,155,3,3	[[0, 2], [4], [5], [3]]	1	3	1	2	99	2	T4	2,3	0	O
k4_certs_4_n4_2.json.gz	24	6	6	147,1,5,5	[[3], [1, 2], [4], [5]]	1	3	1	2	99	2	T4	2,3	0	O
k4_certs_4_n4_2.json.gz	24	6	6	147,1,5,5	[[3], [1, 2], [5], [4]]	1	3	1	2	99	2	T4	2,3	0	O
k4_certs_4_n4_2.json.gz	24	6	6	147,1,5,5	[[3], [2], [4], [5]]	1	3	1	2	99	2	T4	2,3	0	O
k4_certs_4_n4_2.json.gz	24	6	6	147,1,5,5	[[3], [2], [5], [4]]	1	3	1	2	99	2	T4	2,3	0	O
k4_certs_4_n4_2.json.gz	24	6	6	147,9,5,5	[[3], [1, 2], [4], [5]]	1	3	1	2	99	2	T4	2,3	0	O
k4_certs_4_n4_2.json.gz	24	6	6	147,9,5,5	[[3], [1, 2], [5], [4]]	1	3	1	2	99	2	T4	2,3	0	O
k4_certs_4_n4_2.json.gz	24	6	6	147,9,5,5	[[3], [2], [4], [5]]	1	3	1	2	99	2	T4	2,3	0	O
k4_certs_4_n4_2.json.gz	24	6	6	147,9,5,5	[[3], [2], [5], [4]]	1	3	1	2	99	2	T4	2,3	0	O
k4_certs_4_n4_2.json.gz	24	6	6	147,16,5,5	[[3], [1, 2], [4], [5]]	1	3	1	2	99	2	T4	2,3	0	O
k4_certs_4_n4_2.json.gz	24	6	6	147,16,5,5	[[3], [1, 2], [5], [4]]	1	3	1	2	99	2	T4	2,3	0	O
k4_certs_4_n4_2.json.gz	24	6	6	147,16,5,5	[[3], [2], [4], [5]]	1	3	1	2	99	2	T4	2,3	0	O
k4_certs_4_n4_2.json.gz	24	6	6	147,16,5,5	[[3], [2], [5], [4]]	1	3	1	2	99	2	T4	2,3	0	O
k4_certs_4_n4_2.json.gz	24	6	6	147,17,5,5	[[3], [1, 2], [4], [5]]	1	3	1	2	99	2	T4	2,3	0	O
k4_certs_4_n4_2.json.gz	24	6	6	147,17,5,5	[[3], [1, 2], [5], [4]]	1	3	1	2	99	2	T4	2,3	0	O
k4_certs_4_n4_2.json.gz	24	6	6	147,17,5,5	[[3], [2], [4], [5]]	1	3	1	2	99	2	T4	2,3	0	O
k4_certs_4_n4_2.json.gz	24	6	6	147,17,5,5	[[3], [2], [5], [4]]	1	3	1	2	99	2	T4	2,3	0	O
k4_certs_4_n4_2.json.gz	24	6	6	147,45,5,5	[[3], [1], [4], [5]]	1	3	1	2	99	2	T4	2,3	0	G
k4_certs_4_n4_2.json.gz	24	6	6	147,45,5,5	[[3], [1], [5], [4]]	1	3	1	2	99	2	T4	2,3	0	G
k4_certs_4_n4_2.json.gz	24	6	6	147,45,5,5	[[3], [1, 2], [4], [5]]	1	3	1	2	99	2	T4	2,3	0	O
k4_certs_4_n4_2.json.gz	24	6	6	147,45,5,5	[[3], [1, 2], [5], [4]]	1	3	1	2	99	2	T4	2,3	0	O
k4_certs_4_n4_2.json.gz	24	6	6	147,51,5,5	[[3], [1, 2], [4], [5]]	1	3	1	2	99	2	T4	2,3	0	O
k4_certs_4_n4_2.json.gz	24	6	6	147,51,5,5	[[3], [1, 2], [5], [4]]	1	3	1	2	99	2	T4	2,3	0	O
k4_certs_4_n4_2.json.gz	24	6	6	147,51,5,5	[[3], [2], [4], [5]]	1	3	1	2	99	2	T4	2,3	0	O
k4_certs_4_n4_2.json.gz	24	6	6	147,51,5,5	[[3], [2], [5], [4]]	1	3	1	2	99	2	T4	2,3	0	O
k4_certs_4_n4_2.json.gz	24	6	6	147,79,5,5	[[3], [1], [4], [5]]	1	3	1	2	99	2	T4	2,3	0	G
k4_certs_4_n4_2.json.gz	24	6	6	147,79,5,5	[[3], [1], [5], [4]]	1	3	1	2	99	2	T4	2,3	0	G
k4_certs_4_n4_2.json.gz	24	6	6	147,79,5,5	[[3], [1, 2], [4], [5]]	1	3	1	2	99	2	T4	2,3	0	O
k4_certs_4_n4_2.json.gz	24	6	6	147,79,5,5	[[3], [1, 2], [5], [4]]	1	3	1	2	99	2	T4	2,3	0	O
k4_certs_4_n4_2.json.gz	24	6	6	147,86,5,5	[[3], [1], [4], [5]]	1	3	1	2	99	2	T4	2,3	0	G
k4_certs_4_n4_2.json.gz	24	6	6	147,86,5,5	[[3], [1], [5], [4]]	1	3	1	2	99	2	T4	2,3	0	G
k4_certs_4_n4_2.json.gz	24	6	6	147,86,5,5	[[3], [1, 2], [4], [5]]	1	3	1	2	99	2	T4	2,3	0	O
k4_certs_4_n4_2.json.gz	24	6	6	147,86,5,5	[[3], [1, 2], [5], [4]]	1	3	1	2	99	2	T4	2,3	0	O
k4_certs_4_n4_2.json.gz	24	6	6	147,87,5,5	[[3], [1], [4], [5]]	1	3	1	2	99	2	T4	2,3	0	G
k4_certs_4_n4_2.json.gz	24	6	6	147,87,5,5	[[3], [1], [5], [4]]	1	3	1	2	99	2	T4	2,3	0	G
k4_certs_4_n4_2.json.gz	24	6	6	147,87,5,5	[[3], [1, 2], [4], [5]]	1	3	1	2	99	2	T4	2,3	0	O
k4_certs_4_n4_2.json.gz	24	6	6	147,87,5,5	[[3], [1, 2], [5], [4]]	1	3	1	2	99	2	T4	2,3	0	O
k4_certs_4_n4_2.json.gz	24	6	6	147,93,5,5	[[3], [1], [4], [5]]	1	3	1	2	99	2	T4	2,3	0	G
k4_certs_4_n4_2.json.gz	24	6	6	147,93,5,5	[[3], [1], [5], [4]]	1	3	1	2	99	2	T4	2,3	0	G
k4_certs_4_n4_2.json.gz	24	6	6	147,93,5,5	[[3], [1, 2], [4], [5]]	1	3	1	2	99	2	T4	2,3	0	O
k4_certs_4_n4_2.json.gz	24	6	6	147,93,5,5	[[3], [1, 2], [5], [4]]	1	3	1	2	99	2	T4	2,3	0	O
k4_certs_4_n4_2.json.gz	24	6	6	155,1,5,5	[[3], [1, 2], [4], [5]]	1	3	1	2	99	2	T4	2,3	0	O
k4_certs_4_n4_2.json.gz	24	6	6	155,1,5,5	[[3], [1, 2], [5], [4]]	1	3	1	2	99	2	T4	2,3	0	O
k4_certs_4_n4_2.json.gz	24	6	6	155,1,5,5	[[3], [2], [4], [5]]	1	3	1	2	99	2	T4	2,3	0	O
k4_certs_4_n4_2.json.gz	24	6	6	155,1,5,5	[[3], [2], [5], [4]]	1	3	1	2	99	2	T4	2,3	0	O
k4_certs_4_n4_2.json.gz	24	6	6	155,9,5,5	[[3], [1, 2], [4], [5]]	1	3	1	2	99	2	T4	2,3	0	O
k4_certs_4_n4_2.json.gz	24	6	6	155,9,5,5	[[3], [1, 2], [5], [4]]	1	3	1	2	99	2	T4	2,3	0	O
k4_certs_4_n4_2.json.gz	24	6	6	155,9,5,5	[[3], [2], [4], [5]]	1	3	1	2	99	2	T4	2,3	0	O
k4_certs_4_n4_2.json.gz	24	6	6	155,9,5,5	[[3], [2], [5], [4]]	1	3	1	2	99	2	T4	2,3	0	O
k4_certs_4_n4_2.json.gz	24	6	6	155,16,5,5	[[3], [1, 2], [4], [5]]	1	3	1	2	99	2	T4	2,3	0	O
k4_certs_4_n4_2.json.gz	24	6	6	155,16,5,5	[[3], [1, 2], [5], [4]]	1	3	1	2	99	2	T4	2,3	0	O
k4_certs_4_n4_2.json.gz	24	6	6	155,16,5,5	[[3], [2], [4], [5]]	1	3	1	2	99	2	T4	2,3	0	O
k4_certs_4_n4_2.json.gz	24	6	6	155,16,5,5	[[3], [2], [5], [4]]	1	3	1	2	99	2	T4	2,3	0	O
k4_certs_4_n4_2.json.gz	24	6	6	155,17,5,5	[[3], [1, 2], [4], [5]]	1	3	1	2	99	2	T4	2,3	0	O
k4_certs_4_n4_2.json.gz	24	6	6	155,17,5,5	[[3], [1, 2], [5], [4]]	1	3	1	2	99	2	T4	2,3	0	O
k4_certs_4_n4_2.json.gz	24	6	6	155,17,5,5	[[3], [2], [4], [5]]	1	3	1	2	99	2	T4	2,3	0	O
k4_certs_4_n4_2.json.gz	24	6	6	155,17,5,5	[[3], [2], [5], [4]]	1	3	1	2	99	2	T4	2,3	0	O
k4_certs_4_n4_2.json.gz	24	6	6	155,45,5,5	[[3], [1], [4], [5]]	1	3	1	2	99	2	T4	2,3	0	G
k4_certs_4_n4_2.json.gz	24	6	6	155,45,5,5	[[3], [1], [5], [4]]	1	3	1	2	99	2	T4	2,3	0	G
k4_certs_4_n4_2.json.gz	24	6	6	155,45,5,5	[[3], [1, 2], [4], [5]]	1	3	1	2	99	2	T4	2,3	0	O
k4_certs_4_n4_2.json.gz	24	6	6	155,45,5,5	[[3], [1, 2], [5], [4]]	1	3	1	2	99	2	T4	2,3	0	O
k4_certs_4_n4_2.json.gz	24	6	6	155,51,5,5	[[3], [1, 2], [4], [5]]	1	3	1	2	99	2	T4	2,3	0	O
k4_certs_4_n4_2.json.gz	24	6	6	155,51,5,5	[[3], [1, 2], [5], [4]]	1	3	1	2	99	2	T4	2,3	0	O
k4_certs_4_n4_2.json.gz	24	6	6	155,51,5,5	[[3], [2], [4], [5]]	1	3	1	2	99	2	T4	2,3	0	O
k4_certs_4_n4_2.json.gz	24	6	6	155,51,5,5	[[3], [2], [5], [4]]	1	3	1	2	99	2	T4	2,3	0	O
k4_certs_4_n4_2.json.gz	24	6	6	155,79,5,5	[[3], [1], [4], [5]]	1	3	1	2	99	2	T4	2,3	0	G
k4_certs_4_n4_2.json.gz	24	6	6	155,79,5,5	[[3], [1], [5], [4]]	1	3	1	2	99	2	T4	2,3	0	G
k4_certs_4_n4_2.json.gz	24	6	6	155,79,5,5	[[3], [1, 2], [4], [5]]	1	3	1	2	99	2	T4	2,3	0	O
k4_certs_4_n4_2.json.gz	24	6	6	155,79,5,5	[[3], [1, 2], [5], [4]]	1	3	1	2	99	2	T4	2,3	0	O
k4_certs_4_n4_2.json.gz	24	6	6	155,86,5,5	[[3], [1], [4], [5]]	1	3	1	2	99	2	T4	2,3	0	G
k4_certs_4_n4_2.json.gz	24	6	6	155,86,5,5	[[3], [1], [5], [4]]	1	3	1	2	99	2	T4	2,3	0	G
k4_certs_4_n4_2.json.gz	24	6	6	155,86,5,5	[[3], [1, 2], [4], [5]]	1	3	1	2	99	2	T4	2,3	0	O
k4_certs_4_n4_2.json.gz	24	6	6	155,86,5,5	[[3], [1, 2], [5], [4]]	1	3	1	2	99	2	T4	2,3	0	O
k4_certs_4_n4_2.json.gz	24	6	6	155,87,5,5	[[3], [1], [4], [5]]	1	3	1	2	99	2	T4	2,3	0	G
k4_certs_4_n4_2.json.gz	24	6	6	155,87,5,5	[[3], [1], [5], [4]]	1	3	1	2	99	2	T4	2,3	0	G
k4_certs_4_n4_2.json.gz	24	6	6	155,87,5,5	[[3], [1, 2], [4], [5]]	1	3	1	2	99	2	T4	2,3	0	O
k4_certs_4_n4_2.json.gz	24	6	6	155,87,5,5	[[3], [1, 2], [5], [4]]	1	3	1	2	99	2	T4	2,3	0	O
k4_certs_4_n4_2.json.gz	24	6	6	155,93,5,5	[[3], [1], [4], [5]]	1	3	1	2	99	2	T4	2,3	0	G
k4_certs_4_n4_2.json.gz	24	6	6	155,93,5,5	[[3], [1], [5], [4]]	1	3	1	2	99	2	T4	2,3	0	G
k4_certs_4_n4_2.json.gz	24	6	6	155,93,5,5	[[3], [1, 2], [4], [5]]	1	3	1	2	99	2	T4	2,3	0	O
k4_certs_4_n4_2.json.gz	24	6	6	155,93,5,5	[[3], [1, 2], [5], [4]]	1	3	1	2	99	2	T4	2,3	0	O
k4_certs_4_n4_2.json.gz	27	9	6	6,5,1,5	[[3], [4], [2], [5]]	1	3	1	2	99	2	T4	2,3	0	O
k4_certs_4_n4_2.json.gz	27	9	6	6,5,1,5	[[3], [5], [2], [4]]	1	3	1	2	99	2	T4	2,3	0	O
k4_certs_4_n4_2.json.gz	27	9	6	6,31,1,5	[[3], [4], [2], [5]]	1	3	1	2	99	2	T4	2,3	0	O
k4_certs_4_n4_2.json.gz	27	9	6	6,31,1,5	[[3], [5], [2], [4]]	1	3	1	2	99	2	T4	2,3	0	O
k4_certs_4_n4_2.json.gz	27	9	6	6,34,1,5	[[3], [4], [2], [5]]	1	3	1	2	99	2	T4	2,3	0	O
k4_certs_4_n4_2.json.gz	27	9	6	6,34,1,5	[[3], [5], [2], [4]]	1	3	1	2	99	2	T4	2,3	0	O
k4_certs_4_n4_2.json.gz	27	9	6	6,35,1,5	[[3], [4], [2], [5]]	1	3	1	2	99	2	T4	2,3	0	O
k4_certs_4_n4_2.json.gz	27	9	6	6,35,1,5	[[3], [5], [2], [4]]	1	3	1	2	99	2	T4	2,3	0	O
k4_certs_4_n4_2.json.gz	27	9	6	6,38,1,5	[[3], [4], [2], [5]]	1	3	1	2	99	2	T4	2,3	0	O
k4_certs_4_n4_2.json.gz	27	9	6	6,38,1,5	[[3], [5], [2], [4]]	1	3	1	2	99	2	T4	2,3	0	O
k4_certs_4_n4_2.json.gz	27	9	6	6,40,1,5	[[3], [4], [2], [5]]	1	3	1	2	99	2	T4	2,3	0	O
k4_certs_4_n4_2.json.gz	27	9	6	6,40,1,5	[[3], [5], [2], [4]]	1	3	1	2	99	2	T4	2,3	0	O
k4_certs_4_n4_2.json.gz	27	9	6	6,41,1,5	[[3], [4], [2], [5]]	1	3	1	2	99	2	T4	2,3	0	O
k4_certs_4_n4_2.json.gz	27	9	6	6,41,1,5	[[3], [5], [2], [4]]	1	3	1	2	99	2	T4	2,3	0	O
k4_certs_4_n4_2.json.gz	27	9	6	6,63,1,5	[[3], [4], [2], [5]]	1	3	1	2	99	2	T4	2,3	0	O
k4_certs_4_n4_2.json.gz	27	9	6	6,63,1,5	[[3], [5], [2], [4]]	1	3	1	2	99	2	T4	2,3	0	O
k4_certs_4_n4_2.json.gz	27	9	6	6,68,1,5	[[3], [4], [2], [5]]	1	3	1	2	99	2	T4	2,3	0	O
k4_certs_4_n4_2.json.gz	27	9	6	6,68,1,5	[[3], [5], [2], [4]]	1	3	1	2	99	2	T4	2,3	0	O
k4_certs_4_n4_2.json.gz	27	9	6	6,76,1,5	[[3], [4], [2], [5]]	1	3	1	2	99	2	T4	2,3	0	O
k4_certs_4_n4_2.json.gz	27	9	6	6,76,1,5	[[3], [5], [2], [4]]	1	3	1	2	99	2	T4	2,3	0	O
k4_certs_4_n4_2.json.gz	27	9	6	6,77,1,5	[[3], [4], [2], [5]]	1	3	1	2	99	2	T4	2,3	0	O
k4_certs_4_n4_2.json.gz	27	9	6	6,77,1,5	[[3], [5], [2], [4]]	1	3	1	2	99	2	T4	2,3	0	O
k4_certs_4_n4_2.json.gz	27	9	6	6,119,1,5	[[3], [4], [2], [5]]	1	3	1	2	99	2	T4	2,3	0	O
k4_certs_4_n4_2.json.gz	27	9	6	6,119,1,5	[[3], [5], [2], [4]]	1	3	1	2	99	2	T4	2,3	0	O
k4_certs_4_n4_2.json.gz	27	9	6	11,5,1,5	[[3], [4], [2], [5]]	1	3	1	2	99	2	T4	2,3	0	O
k4_certs_4_n4_2.json.gz	27	9	6	11,5,1,5	[[3], [5], [2], [4]]	1	3	1	2	99	2	T4	2,3	0	O
k4_certs_4_n4_2.json.gz	27	9	6	11,31,1,5	[[3], [4], [2], [5]]	1	3	1	2	99	2	T4	2,3	0	O
k4_certs_4_n4_2.json.gz	27	9	6	11,31,1,5	[[3], [5], [2], [4]]	1	3	1	2	99	2	T4	2,3	0	O
k4_certs_4_n4_2.json.gz	27	9	6	11,34,1,5	[[3], [4], [2], [5]]	1	3	1	2	99	2	T4	2,3	0	O
k4_certs_4_n4_2.json.gz	27	9	6	11,34,1,5	[[3], [5], [2], [4]]	1	3	1	2	99	2	T4	2,3	0	O
k4_certs_4_n4_2.json.gz	27	9	6	11,35,1,5	[[3], [4], [2], [5]]	1	3	1	2	99	2	T4	2,3	0	O
k4_certs_4_n4_2.json.gz	27	9	6	11,35,1,5	[[3], [5], [2], [4]]	1	3	1	2	99	2	T4	2,3	0	O
k4_certs_4_n4_2.json.gz	27	9	6	11,38,1,5	[[3], [4], [2], [5]]	1	3	1	2	99	2	T4	2,3	0	O
k4_certs_4_n4_2.json.gz	27	9	6	11,38,1,5	[[3], [5], [2], [4]]	1	3	1	2	99	2	T4	2,3	0	O
k4_certs_4_n4_2.json.gz	27	9	6	11,40,1,5	[[3], [4], [2], [5]]	1	3	1	2	99	2	T4	2,3	0	O
k4_certs_4_n4_2.json.gz	27	9	6	11,40,1,5	[[3], [5], [2], [4]]	1	3	1	2	99	2	T4	2,3	0	O
k4_certs_4_n4_2.json.gz	27	9	6	11,41,1,5	[[3], [4], [2], [5]]	1	3	1	2	99	2	T4	2,3	0	O
k4_certs_4_n4_2.json.gz	27	9	6	11,41,1,5	[[3], [5], [2], [4]]	1	3	1	2	99	2	T4	2,3	0	O
k4_certs_4_n4_2.json.gz	27	9	6	11,63,1,5	[[3], [4], [2], [5]]	1	3	1	2	99	2	T4	2,3	0	O
k4_certs_4_n4_2.json.gz	27	9	6	11,63,1,5	[[3], [5], [2], [4]]	1	3	1	2	99	2	T4	2,3	0	O
k4_certs_4_n4_2.json.gz	27	9	6	11,68,1,5	[[3], [4], [2], [5]]	1	3	1	2	99	2	T4	2,3	0	O
k4_certs_4_n4_2.json.gz	27	9	6	11,68,1,5	[[3], [5], [2], [4]]	1	3	1	2	99	2	T4	2,3	0	O
k4_certs_4_n4_2.json.gz	27	9	6	11,76,1,5	[[3], [4], [2], [5]]	1	3	1	2	99	2	T4	2,3	0	O
k4_certs_4_n4_2.json.gz	27	9	6	11,76,1,5	[[3], [5], [2], [4]]	1	3	1	2	99	2	T4	2,3	0	O
k4_certs_4_n4_2.json.gz	27	9	6	11,77,1,5	[[3], [4], [2], [5]]	1	3	1	2	99	2	T4	2,3	0	O
k4_certs_4_n4_2.json.gz	27	9	6	11,77,1,5	[[3], [5], [2], [4]]	1	3	1	2	99	2	T4	2,3	0	O
k4_certs_4_n4_2.json.gz	27	9	6	11,119,1,5	[[3], [4], [2], [5]]	1	3	1	2	99	2	T4	2,3	0	O
k4_certs_4_n4_2.json.gz	27	9	6	11,119,1,5	[[3], [5], [2], [4]]	1	3	1	2	99	2	T4	2,3	0	O
k4_certs_4_n4_2.json.gz	27	9	6	21,5,1,5	[[3], [4], [2], [5]]	1	3	1	2	99	2	T4	2,3	0	O
k4_certs_4_n4_2.json.gz	27	9	6	21,5,1,5	[[3], [5], [2], [4]]	1	3	1	2	99	2	T4	2,3	0	O
k4_certs_4_n4_2.json.gz	27	9	6	21,31,1,5	[[3], [4], [2], [5]]	1	3	1	2	99	2	T4	2,3	0	O
k4_certs_4_n4_2.json.gz	27	9	6	21,31,1,5	[[3], [5], [2], [4]]	1	3	1	2	99	2	T4	2,3	0	O
k4_certs_4_n4_2.json.gz	27	9	6	21,34,1,5	[[3], [4], [2], [5]]	1	3	1	2	99	2	T4	2,3	0	O
k4_certs_4_n4_2.json.gz	27	9	6	21,34,1,5	[[3], [5], [2], [4]]	1	3	1	2	99	2	T4	2,3	0	O
k4_certs_4_n4_2.json.gz	27	9	6	21,35,1,5	[[3], [4], [2], [5]]	1	3	1	2	99	2	T4	2,3	0	O
k4_certs_4_n4_2.json.gz	27	9	6	21,35,1,5	[[3], [5], [2], [4]]	1	3	1	2	99	2	T4	2,3	0	O
k4_certs_4_n4_2.json.gz	27	9	6	21,38,1,5	[[3], [4], [2], [5]]	1	3	1	2	99	2	T4	2,3	0	O
k4_certs_4_n4_2.json.gz	27	9	6	21,38,1,5	[[3], [5], [2], [4]]	1	3	1	2	99	2	T4	2,3	0	O
k4_certs_4_n4_2.json.gz	27	9	6	21,40,1,5	[[3], [4], [2], [5]]	1	3	1	2	99	2	T4	2,3	0	O
k4_certs_4_n4_2.json.gz	27	9	6	21,40,1,5	[[3], [5], [2], [4]]	1	3	1	2	99	2	T4	2,3	0	O
k4_certs_4_n4_2.json.gz	27	9	6	21,41,1,5	[[3], [4], [2], [5]]	1	3	1	2	99	2	T4	2,3	0	O
k4_certs_4_n4_2.json.gz	27	9	6	21,41,1,5	[[3], [5], [2], [4]]	1	3	1	2	99	2	T4	2,3	0	O
k4_certs_4_n4_2.json.gz	27	9	6	21,63,1,5	[[3], [4], [2], [5]]	1	3	1	2	99	2	T4	2,3	0	O
k4_certs_4_n4_2.json.gz	27	9	6	21,63,1,5	[[3], [5], [2], [4]]	1	3	1	2	99	2	T4	2,3	0	O
k4_certs_4_n4_2.json.gz	27	9	6	21,68,1,5	[[3], [4], [2], [5]]	1	3	1	2	99	2	T4	2,3	0	O
k4_certs_4_n4_2.json.gz	27	9	6	21,68,1,5	[[3], [5], [2], [4]]	1	3	1	2	99	2	T4	2,3	0	O
k4_certs_4_n4_2.json.gz	27	9	6	21,76,1,5	[[3], [4], [2], [5]]	1	3	1	2	99	2	T4	2,3	0	O
k4_certs_4_n4_2.json.gz	27	9	6	21,76,1,5	[[3], [5], [2], [4]]	1	3	1	2	99	2	T4	2,3	0	O
k4_certs_4_n4_2.json.gz	27	9	6	21,77,1,5	[[3], [4], [2], [5]]	1	3	1	2	99	2	T4	2,3	0	O
k4_certs_4_n4_2.json.gz	27	9	6	21,77,1,5	[[3], [5], [2], [4]]	1	3	1	2	99	2	T4	2,3	0	O
k4_certs_4_n4_2.json.gz	27	9	6	21,119,1,5	[[3], [4], [2], [5]]	1	3	1	2	99	2	T4	2,3	0	O
k4_certs_4_n4_2.json.gz	27	9	6	21,119,1,5	[[3], [5], [2], [4]]	1	3	1	2	99	2	T4	2,3	0	O
k4_certs_4_n4_2.json.gz	27	9	6	42,5,1,5	[[3], [4], [2], [5]]	1	3	1	2	99	2	T4	2,3	0	O
k4_certs_4_n4_2.json.gz	27	9	6	42,5,1,5	[[3], [5], [2], [4]]	1	3	1	2	99	2	T4	2,3	0	O
k4_certs_4_n4_2.json.gz	27	9	6	42,31,1,5	[[3], [4], [2], [5]]	1	3	1	2	99	2	T4	2,3	0	O
k4_certs_4_n4_2.json.gz	27	9	6	42,31,1,5	[[3], [5], [2], [4]]	1	3	1	2	99	2	T4	2,3	0	O
k4_certs_4_n4_2.json.gz	27	9	6	42,34,1,5	[[3], [4], [2], [5]]	1	3	1	2	99	2	T4	2,3	0	O
k4_certs_4_n4_2.json.gz	27	9	6	42,34,1,5	[[3], [5], [2], [4]]	1	3	1	2	99	2	T4	2,3	0	O
k4_certs_4_n4_2.json.gz	27	9	6	42,35,1,5	[[3], [4], [2], [5]]	1	3	1	2	99	2	T4	2,3	0	O
k4_certs_4_n4_2.json.gz	27	9	6	42,35,1,5	[[3], [5], [2], [4]]	1	3	1	2	99	2	T4	2,3	0	O
k4_certs_4_n4_2.json.gz	27	9	6	42,38,1,5	[[3], [4], [2], [5]]	1	3	1	2	99	2	T4	2,3	0	O
k4_certs_4_n4_2.json.gz	27	9	6	42,38,1,5	[[3], [5], [2], [4]]	1	3	1	2	99	2	T4	2,3	0	O
k4_certs_4_n4_2.json.gz	27	9	6	42,40,1,5	[[3], [4], [2], [5]]	1	3	1	2	99	2	T4	2,3	0	O
k4_certs_4_n4_2.json.gz	27	9	6	42,40,1,5	[[3], [5], [2], [4]]	1	3	1	2	99	2	T4	2,3	0	O
k4_certs_4_n4_2.json.gz	27	9	6	42,41,1,5	[[3], [4], [2], [5]]	1	3	1	2	99	2	T4	2,3	0	O
k4_certs_4_n4_2.json.gz	27	9	6	42,41,1,5	[[3], [5], [2], [4]]	1	3	1	2	99	2	T4	2,3	0	O
k4_certs_4_n4_2.json.gz	27	9	6	42,63,1,5	[[3], [4], [2], [5]]	1	3	1	2	99	2	T4	2,3	0	O
k4_certs_4_n4_2.json.gz	27	9	6	42,63,1,5	[[3], [5], [2], [4]]	1	3	1	2	99	2	T4	2,3	0	O
k4_certs_4_n4_2.json.gz	27	9	6	42,68,1,5	[[3], [4], [2], [5]]	1	3	1	2	99	2	T4	2,3	0	O
k4_certs_4_n4_2.json.gz	27	9	6	42,68,1,5	[[3], [5], [2], [4]]	1	3	1	2	99	2	T4	2,3	0	O
k4_certs_4_n4_2.json.gz	27	9	6	42,76,1,5	[[3], [4], [2], [5]]	1	3	1	2	99	2	T4	2,3	0	O
k4_certs_4_n4_2.json.gz	27	9	6	42,76,1,5	[[3], [5], [2], [4]]	1	3	1	2	99	2	T4	2,3	0	O
k4_certs_4_n4_2.json.gz	27	9	6	42,77,1,5	[[3], [4], [2], [5]]	1	3	1	2	99	2	T4	2,3	0	O
k4_certs_4_n4_2.json.gz	27	9	6	42,77,1,5	[[3], [5], [2], [4]]	1	3	1	2	99	2	T4	2,3	0	O
k4_certs_4_n4_2.json.gz	27	9	6	42,119,1,5	[[3], [4], [2], [5]]	1	3	1	2	99	2	T4	2,3	0	O
k4_certs_4_n4_2.json.gz	27	9	6	42,119,1,5	[[3], [5], [2], [4]]	1	3	1	2	99	2	T4	2,3	0	O
k4_certs_4_n4_2.json.gz	27	9	6	47,5,1,5	[[3], [4], [2], [5]]	1	3	1	2	99	2	T4	2,3	0	O
k4_certs_4_n4_2.json.gz	27	9	6	47,5,1,5	[[3], [5], [2], [4]]	1	3	1	2	99	2	T4	2,3	0	O
k4_certs_4_n4_2.json.gz	27	9	6	47,31,1,5	[[3], [4], [2], [5]]	1	3	1	2	99	2	T4	2,3	0	O
k4_certs_4_n4_2.json.gz	27	9	6	47,31,1,5	[[3], [5], [2], [4]]	1	3	1	2	99	2	T4	2,3	0	O
k4_certs_4_n4_2.json.gz	27	9	6	47,34,1,5	[[3], [4], [2], [5]]	1	3	1	2	99	2	T4	2,3	0	O
k4_certs_4_n4_2.json.gz	27	9	6	47,34,1,5	[[3], [5], [2], [4]]	1	3	1	2	99	2	T4	2,3	0	O
k4_certs_4_n4_2.json.gz	27	9	6	47,35,1,5	[[3], [4], [2], [5]]	1	3	1	2	99	2	T4	2,3	0	O
k4_certs_4_n4_2.json.gz	27	9	6	47,35,1,5	[[3], [5], [2], [4]]	1	3	1	2	99	2	T4	2,3	0	O
k4_certs_4_n4_2.json.gz	27	9	6	47,38,1,5	[[3], [4], [2], [5]]	1	3	1	2	99	2	T4	2,3	0	O
k4_certs_4_n4_2.json.gz	27	9	6	47,38,1,5	[[3], [5], [2], [4]]	1	3	1	2	99	2	T4	2,3	0	O
k4_certs_4_n4_2.json.gz	27	9	6	47,40,1,5	[[3], [4], [2], [5]]	1	3	1	2	99	2	T4	2,3	0	O
k4_certs_4_n4_2.json.gz	27	9	6	47,40,1,5	[[3], [5], [2], [4]]	1	3	1	2	99	2	T4	2,3	0	O
k4_certs_4_n4_2.json.gz	27	9	6	47,41,1,5	[[3], [4], [2], [5]]	1	3	1	2	99	2	T4	2,3	0	O
k4_certs_4_n4_2.json.gz	27	9	6	47,41,1,5	[[3], [5], [2], [4]]	1	3	1	2	99	2	T4	2,3	0	O
k4_certs_4_n4_2.json.gz	27	9	6	47,63,1,5	[[3], [4], [2], [5]]	1	3	1	2	99	2	T4	2,3	0	O
k4_certs_4_n4_2.json.gz	27	9	6	47,63,1,5	[[3], [5], [2], [4]]	1	3	1	2	99	2	T4	2,3	0	O
k4_certs_4_n4_2.json.gz	27	9	6	47,68,1,5	[[3], [4], [2], [5]]	1	3	1	2	99	2	T4	2,3	0	O
k4_certs_4_n4_2.json.gz	27	9	6	47,68,1,5	[[3], [5], [2], [4]]	1	3	1	2	99	2	T4	2,3	0	O
k4_certs_4_n4_2.json.gz	27	9	6	47,76,1,5	[[3], [4], [2], [5]]	1	3	1	2	99	2	T4	2,3	0	O
k4_certs_4_n4_2.json.gz	27	9	6	47,76,1,5	[[3], [5], [2], [4]]	1	3	1	2	99	2	T4	2,3	0	O
k4_certs_4_n4_2.json.gz	27	9	6	47,77,1,5	[[3], [4], [2], [5]]	1	3	1	2	99	2	T4	2,3	0	O
k4_certs_4_n4_2.json.gz	27	9	6	47,77,1,5	[[3], [5], [2], [4]]	1	3	1	2	99	2	T4	2,3	0	O
k4_certs_4_n4_2.json.gz	27	9	6	47,119,1,5	[[3], [4], [2], [5]]	1	3	1	2	99	2	T4	2,3	0	O
k4_certs_4_n4_2.json.gz	27	9	6	47,119,1,5	[[3], [5], [2], [4]]	1	3	1	2	99	2	T4	2,3	0	O
k4_certs_4_n4_2.json.gz	27	9	6	59,5,1,5	[[3], [4], [2], [5]]	1	3	1	2	99	2	T4	2,3	0	O
k4_certs_4_n4_2.json.gz	27	9	6	59,5,1,5	[[3], [5], [2], [4]]	1	3	1	2	99	2	T4	2,3	0	O
k4_certs_4_n4_2.json.gz	27	9	6	59,31,1,5	[[3], [4], [2], [5]]	1	3	1	2	99	2	T4	2,3	0	O
k4_certs_4_n4_2.json.gz	27	9	6	59,31,1,5	[[3], [5], [2], [4]]	1	3	1	2	99	2	T4	2,3	0	O
k4_certs_4_n4_2.json.gz	27	9	6	59,34,1,5	[[3], [4], [2], [5]]	1	3	1	2	99	2	T4	2,3	0	O
k4_certs_4_n4_2.json.gz	27	9	6	59,34,1,5	[[3], [5], [2], [4]]	1	3	1	2	99	2	T4	2,3	0	O
k4_certs_4_n4_2.json.gz	27	9	6	59,35,1,5	[[3], [4], [2], [5]]	1	3	1	2	99	2	T4	2,3	0	O
k4_certs_4_n4_2.json.gz	27	9	6	59,35,1,5	[[3], [5], [2], [4]]	1	3	1	2	99	2	T4	2,3	0	O
k4_certs_4_n4_2.json.gz	27	9	6	59,38,1,5	[[3], [4], [2], [5]]	1	3	1	2	99	2	T4	2,3	0	O
k4_certs_4_n4_2.json.gz	27	9	6	59,38,1,5	[[3], [5], [2], [4]]	1	3	1	2	99	2	T4	2,3	0	O
k4_certs_4_n4_2.json.gz	27	9	6	59,40,1,5	[[3], [4], [2], [5]]	1	3	1	2	99	2	T4	2,3	0	O
k4_certs_4_n4_2.json.gz	27	9	6	59,40,1,5	[[3], [5], [2], [4]]	1	3	1	2	99	2	T4	2,3	0	O
k4_certs_4_n4_2.json.gz	27	9	6	59,41,1,5	[[3], [4], [2], [5]]	1	3	1	2	99	2	T4	2,3	0	O
k4_certs_4_n4_2.json.gz	27	9	6	59,41,1,5	[[3], [5], [2], [4]]	1	3	1	2	99	2	T4	2,3	0	O
k4_certs_4_n4_2.json.gz	27	9	6	59,63,1,5	[[3], [4], [2], [5]]	1	3	1	2	99	2	T4	2,3	0	O
k4_certs_4_n4_2.json.gz	27	9	6	59,63,1,5	[[3], [5], [2], [4]]	1	3	1	2	99	2	T4	2,3	0	O
k4_certs_4_n4_2.json.gz	27	9	6	59,68,1,5	[[3], [4], [2], [5]]	1	3	1	2	99	2	T4	2,3	0	O
k4_certs_4_n4_2.json.gz	27	9	6	59,68,1,5	[[3], [5], [2], [4]]	1	3	1	2	99	2	T4	2,3	0	O
k4_certs_4_n4_2.json.gz	27	9	6	59,76,1,5	[[3], [4], [2], [5]]	1	3	1	2	99	2	T4	2,3	0	O
k4_certs_4_n4_2.json.gz	27	9	6	59,76,1,5	[[3], [5], [2], [4]]	1	3	1	2	99	2	T4	2,3	0	O
k4_certs_4_n4_2.json.gz	27	9	6	59,77,1,5	[[3], [4], [2], [5]]	1	3	1	2	99	2	T4	2,3	0	O
k4_certs_4_n4_2.json.gz	27	9	6	59,77,1,5	[[3], [5], [2], [4]]	1	3	1	2	99	2	T4	2,3	0	O
k4_certs_4_n4_2.json.gz	27	9	6	59,119,1,5	[[3], [4], [2], [5]]	1	3	1	2	99	2	T4	2,3	0	O
k4_certs_4_n4_2.json.gz	27	9	6	59,119,1,5	[[3], [5], [2], [4]]	1	3	1	2	99	2	T4	2,3	0	O
k4_certs_4_n4_2.json.gz	27	9	6	81,5,1,5	[[3], [4], [2], [5]]	1	3	1	2	99	2	T4	2,3	0	O
k4_certs_4_n4_2.json.gz	27	9	6	81,5,1,5	[[3], [5], [2], [4]]	1	3	1	2	99	2	T4	2,3	0	O
k4_certs_4_n4_2.json.gz	27	9	6	81,31,1,5	[[3], [4], [2], [5]]	1	3	1	2	99	2	T4	2,3	0	O
k4_certs_4_n4_2.json.gz	27	9	6	81,31,1,5	[[3], [5], [2], [4]]	1	3	1	2	99	2	T4	2,3	0	O
k4_certs_4_n4_2.json.gz	27	9	6	81,34,1,5	[[3], [4], [2], [5]]	1	3	1	2	99	2	T4	2,3	0	O
k4_certs_4_n4_2.json.gz	27	9	6	81,34,1,5	[[3], [5], [2], [4]]	1	3	1	2	99	2	T4	2,3	0	O
k4_certs_4_n4_2.json.gz	27	9	6	81,35,1,5	[[3], [4], [2], [5]]	1	3	1	2	99	2	T4	2,3	0	O
k4_certs_4_n4_2.json.gz	27	9	6	81,35,1,5	[[3], [5], [2], [4]]	1	3	1	2	99	2	T4	2,3	0	O
k4_certs_4_n4_2.json.gz	27	9	6	81,38,1,5	[[3], [4], [2], [5]]	1	3	1	2	99	2	T4	2,3	0	O
k4_certs_4_n4_2.json.gz	27	9	6	81,38,1,5	[[3], [5], [2], [4]]	1	3	1	2	99	2	T4	2,3	0	O
k4_certs_4_n4_2.json.gz	27	9	6	81,40,1,5	[[3], [4], [2], [5]]	1	3	1	2	99	2	T4	2,3	0	O
k4_certs_4_n4_2.json.gz	27	9	6	81,40,1,5	[[3], [5], [2], [4]]	1	3	1	2	99	2	T4	2,3	0	O
k4_certs_4_n4_2.json.gz	27	9	6	81,41,1,5	[[3], [4], [2], [5]]	1	3	1	2	99	2	T4	2,3	0	O
k4_certs_4_n4_2.json.gz	27	9	6	81,41,1,5	[[3], [5], [2], [4]]	1	3	1	2	99	2	T4	2,3	0	O
k4_certs_4_n4_2.json.gz	27	9	6	81,63,1,5	[[3], [4], [2], [5]]	1	3	1	2	99	2	T4	2,3	0	O
k4_certs_4_n4_2.json.gz	27	9	6	81,63,1,5	[[3], [5], [2], [4]]	1	3	1	2	99	2	T4	2,3	0	O
k4_certs_4_n4_2.json.gz	27	9	6	81,68,1,5	[[3], [4], [2], [5]]	1	3	1	2	99	2	T4	2,3	0	O
k4_certs_4_n4_2.json.gz	27	9	6	81,68,1,5	[[3], [5], [2], [4]]	1	3	1	2	99	2	T4	2,3	0	O
k4_certs_4_n4_2.json.gz	27	9	6	81,76,1,5	[[3], [4], [2], [5]]	1	3	1	2	99	2	T4	2,3	0	O
k4_certs_4_n4_2.json.gz	27	9	6	81,76,1,5	[[3], [5], [2], [4]]	1	3	1	2	99	2	T4	2,3	0	O
k4_certs_4_n4_2.json.gz	27	9	6	81,77,1,5	[[3], [4], [2], [5]]	1	3	1	2	99	2	T4	2,3	0	O
k4_certs_4_n4_2.json.gz	27	9	6	81,77,1,5	[[3], [5], [2], [4]]	1	3	1	2	99	2	T4	2,3	0	O
k4_certs_4_n4_2.json.gz	27	9	6	81,119,1,5	[[3], [4], [2], [5]]	1	3	1	2	99	2	T4	2,3	0	O
k4_certs_4_n4_2.json.gz	27	9	6	81,119,1,5	[[3], [5], [2], [4]]	1	3	1	2	99	2	T4	2,3	0	O
k4_certs_4_n4_2.json.gz	27	9	6	89,5,1,5	[[3], [4], [2], [5]]	1	3	1	2	99	2	T4	2,3	0	O
k4_certs_4_n4_2.json.gz	27	9	6	89,5,1,5	[[3], [5], [2], [4]]	1	3	1	2	99	2	T4	2,3	0	O
k4_certs_4_n4_2.json.gz	27	9	6	89,31,1,5	[[3], [4], [2], [5]]	1	3	1	2	99	2	T4	2,3	0	O
k4_certs_4_n4_2.json.gz	27	9	6	89,31,1,5	[[3], [5], [2], [4]]	1	3	1	2	99	2	T4	2,3	0	O
k4_certs_4_n4_2.json.gz	27	9	6	89,34,1,5	[[3], [4], [2], [5]]	1	3	1	2	99	2	T4	2,3	0	O
k4_certs_4_n4_2.json.gz	27	9	6	89,34,1,5	[[3], [5], [2], [4]]	1	3	1	2	99	2	T4	2,3	0	O
k4_certs_4_n4_2.json.gz	27	9	6	89,35,1,5	[[3], [4], [2], [5]]	1	3	1	2	99	2	T4	2,3	0	O
k4_certs_4_n4_2.json.gz	27	9	6	89,35,1,5	[[3], [5], [2], [4]]	1	3	1	2	99	2	T4	2,3	0	O
k4_certs_4_n4_2.json.gz	27	9	6	89,38,1,5	[[3], [4], [2], [5]]	1	3	1	2	99	2	T4	2,3	0	O
k4_certs_4_n4_2.json.gz	27	9	6	89,38,1,5	[[3], [5], [2], [4]]	1	3	1	2	99	2	T4	2,3	0	O
k4_certs_4_n4_2.json.gz	27	9	6	89,40,1,5	[[3], [4], [2], [5]]	1	3	1	2	99	2	T4	2,3	0	O
k4_certs_4_n4_2.json.gz	27	9	6	89,40,1,5	[[3], [5], [2], [4]]	1	3	1	2	99	2	T4	2,3	0	O
k4_certs_4_n4_2.json.gz	27	9	6	89,41,1,5	[[3], [4], [2], [5]]	1	3	1	2	99	2	T4	2,3	0	O
k4_certs_4_n4_2.json.gz	27	9	6	89,41,1,5	[[3], [5], [2], [4]]	1	3	1	2	99	2	T4	2,3	0	O
k4_certs_4_n4_2.json.gz	27	9	6	89,63,1,5	[[3], [4], [2], [5]]	1	3	1	2	99	2	T4	2,3	0	O
k4_certs_4_n4_2.json.gz	27	9	6	89,63,1,5	[[3], [5], [2], [4]]	1	3	1	2	99	2	T4	2,3	0	O
k4_certs_4_n4_2.json.gz	27	9	6	89,68,1,5	[[3], [4], [2], [5]]	1	3	1	2	99	2	T4	2,3	0	O
k4_certs_4_n4_2.json.gz	27	9	6	89,68,1,5	[[3], [5], [2], [4]]	1	3	1	2	99	2	T4	2,3	0	O
k4_certs_4_n4_2.json.gz	27	9	6	89,76,1,5	[[3], [4], [2], [5]]	1	3	1	2	99	2	T4	2,3	0	O
k4_certs_4_n4_2.json.gz	27	9	6	89,76,1,5	[[3], [5], [2], [4]]	1	3	1	2	99	2	T4	2,3	0	O
k4_certs_4_n4_2.json.gz	27	9	6	89,77,1,5	[[3], [4], [2], [5]]	1	3	1	2	99	2	T4	2,3	0	O
k4_certs_4_n4_2.json.gz	27	9	6	89,77,1,5	[[3], [5], [2], [4]]	1	3	1	2	99	2	T4	2,3	0	O
k4_certs_4_n4_2.json.gz	27	9	6	89,119,1,5	[[3], [4], [2], [5]]	1	3	1	2	99	2	T4	2,3	0	O
k4_certs_4_n4_2.json.gz	27	9	6	89,119,1,5	[[3], [5], [2], [4]]	1	3	1	2	99	2	T4	2,3	0	O
k4_certs_4_n4_2.json.gz	27	9	6	147,5,1,5	[[3], [4], [2], [5]]	1	3	1	2	99	2	T4	2,3	0	O
k4_certs_4_n4_2.json.gz	27	9	6	147,5,1,5	[[3], [5], [2], [4]]	1	3	1	2	99	2	T4	2,3	0	O
k4_certs_4_n4_2.json.gz	27	9	6	147,31,1,5	[[3], [4], [2], [5]]	1	3	1	2	99	2	T4	2,3	0	O
k4_certs_4_n4_2.json.gz	27	9	6	147,31,1,5	[[3], [5], [2], [4]]	1	3	1	2	99	2	T4	2,3	0	O
k4_certs_4_n4_2.json.gz	27	9	6	147,34,1,5	[[3], [4], [2], [5]]	1	3	1	2	99	2	T4	2,3	0	O
k4_certs_4_n4_2.json.gz	27	9	6	147,34,1,5	[[3], [5], [2], [4]]	1	3	1	2	99	2	T4	2,3	0	O
k4_certs_4_n4_2.json.gz	27	9	6	147,35,1,5	[[3], [4], [2], [5]]	1	3	1	2	99	2	T4	2,3	0	O
k4_certs_4_n4_2.json.gz	27	9	6	147,35,1,5	[[3], [5], [2], [4]]	1	3	1	2	99	2	T4	2,3	0	O
k4_certs_4_n4_2.json.gz	27	9	6	147,38,1,5	[[3], [4], [2], [5]]	1	3	1	2	99	2	T4	2,3	0	O
k4_certs_4_n4_2.json.gz	27	9	6	147,38,1,5	[[3], [5], [2], [4]]	1	3	1	2	99	2	T4	2,3	0	O
k4_certs_4_n4_2.json.gz	27	9	6	147,40,1,5	[[3], [4], [2], [5]]	1	3	1	2	99	2	T4	2,3	0	O
k4_certs_4_n4_2.json.gz	27	9	6	147,40,1,5	[[3], [5], [2], [4]]	1	3	1	2	99	2	T4	2,3	0	O
k4_certs_4_n4_2.json.gz	27	9	6	147,41,1,5	[[3], [4], [2], [5]]	1	3	1	2	99	2	T4	2,3	0	O
k4_certs_4_n4_2.json.gz	27	9	6	147,41,1,5	[[3], [5], [2], [4]]	1	3	1	2	99	2	T4	2,3	0	O
k4_certs_4_n4_2.json.gz	27	9	6	147,63,1,5	[[3], [4], [2], [5]]	1	3	1	2	99	2	T4	2,3	0	O
k4_certs_4_n4_2.json.gz	27	9	6	147,63,1,5	[[3], [5], [2], [4]]	1	3	1	2	99	2	T4	2,3	0	O
k4_certs_4_n4_2.json.gz	27	9	6	147,68,1,5	[[3], [4], [2], [5]]	1	3	1	2	99	2	T4	2,3	0	O
k4_certs_4_n4_2.json.gz	27	9	6	147,68,1,5	[[3], [5], [2], [4]]	1	3	1	2	99	2	T4	2,3	0	O
k4_certs_4_n4_2.json.gz	27	9	6	147,76,1,5	[[3], [4], [2], [5]]	1	3	1	2	99	2	T4	2,3	0	O
k4_certs_4_n4_2.json.gz	27	9	6	147,76,1,5	[[3], [5], [2], [4]]	1	3	1	2	99	2	T4	2,3	0	O
k4_certs_4_n4_2.json.gz	27	9	6	147,77,1,5	[[3], [4], [2], [5]]	1	3	1	2	99	2	T4	2,3	0	O
k4_certs_4_n4_2.json.gz	27	9	6	147,77,1,5	[[3], [5], [2], [4]]	1	3	1	2	99	2	T4	2,3	0	O
k4_certs_4_n4_2.json.gz	27	9	6	147,119,1,5	[[3], [4], [2], [5]]	1	3	1	2	99	2	T4	2,3	0	O
k4_certs_4_n4_2.json.gz	27	9	6	147,119,1,5	[[3], [5], [2], [4]]	1	3	1	2	99	2	T4	2,3	0	O
k4_certs_4_n4_2.json.gz	27	9	6	155,5,1,5	[[3], [4], [2], [5]]	1	3	1	2	99	2	T4	2,3	0	O
k4_certs_4_n4_2.json.gz	27	9	6	155,5,1,5	[[3], [5], [2], [4]]	1	3	1	2	99	2	T4	2,3	0	O
k4_certs_4_n4_2.json.gz	27	9	6	155,31,1,5	[[3], [4], [2], [5]]	1	3	1	2	99	2	T4	2,3	0	O
k4_certs_4_n4_2.json.gz	27	9	6	155,31,1,5	[[3], [5], [2], [4]]	1	3	1	2	99	2	T4	2,3	0	O
k4_certs_4_n4_2.json.gz	27	9	6	155,34,1,5	[[3], [4], [2], [5]]	1	3	1	2	99	2	T4	2,3	0	O
k4_certs_4_n4_2.json.gz	27	9	6	155,34,1,5	[[3], [5], [2], [4]]	1	3	1	2	99	2	T4	2,3	0	O
k4_certs_4_n4_2.json.gz	27	9	6	155,35,1,5	[[3], [4], [2], [5]]	1	3	1	2	99	2	T4	2,3	0	O
k4_certs_4_n4_2.json.gz	27	9	6	155,35,1,5	[[3], [5], [2], [4]]	1	3	1	2	99	2	T4	2,3	0	O
k4_certs_4_n4_2.json.gz	27	9	6	155,38,1,5	[[3], [4], [2], [5]]	1	3	1	2	99	2	T4	2,3	0	O
k4_certs_4_n4_2.json.gz	27	9	6	155,38,1,5	[[3], [5], [2], [4]]	1	3	1	2	99	2	T4	2,3	0	O
k4_certs_4_n4_2.json.gz	27	9	6	155,40,1,5	[[3], [4], [2], [5]]	1	3	1	2	99	2	T4	2,3	0	O
k4_certs_4_n4_2.json.gz	27	9	6	155,40,1,5	[[3], [5], [2], [4]]	1	3	1	2	99	2	T4	2,3	0	O
k4_certs_4_n4_2.json.gz	27	9	6	155,41,1,5	[[3], [4], [2], [5]]	1	3	1	2	99	2	T4	2,3	0	O
k4_certs_4_n4_2.json.gz	27	9	6	155,41,1,5	[[3], [5], [2], [4]]	1	3	1	2	99	2	T4	2,3	0	O
k4_certs_4_n4_2.json.gz	27	9	6	155,63,1,5	[[3], [4], [2], [5]]	1	3	1	2	99	2	T4	2,3	0	O
k4_certs_4_n4_2.json.gz	27	9	6	155,63,1,5	[[3], [5], [2], [4]]	1	3	1	2	99	2	T4	2,3	0	O
k4_certs_4_n4_2.json.gz	27	9	6	155,68,1,5	[[3], [4], [2], [5]]	1	3	1	2	99	2	T4	2,3	0	O
k4_certs_4_n4_2.json.gz	27	9	6	155,68,1,5	[[3], [5], [2], [4]]	1	3	1	2	99	2	T4	2,3	0	O
k4_certs_4_n4_2.json.gz	27	9	6	155,76,1,5	[[3], [4], [2], [5]]	1	3	1	2	99	2	T4	2,3	0	O
k4_certs_4_n4_2.json.gz	27	9	6	155,76,1,5	[[3], [5], [2], [4]]	1	3	1	2	99	2	T4	2,3	0	O
k4_certs_4_n4_2.json.gz	27	9	6	155,77,1,5	[[3], [4], [2], [5]]	1	3	1	2	99	2	T4	2,3	0	O
k4_certs_4_n4_2.json.gz	27	9	6	155,77,1,5	[[3], [5], [2], [4]]	1	3	1	2	99	2	T4	2,3	0	O
k4_certs_4_n4_2.json.gz	27	9	6	155,119,1,5	[[3], [4], [2], [5]]	1	3	1	2	99	2	T4	2,3	0	O
k4_certs_4_n4_2.json.gz	27	9	6	155,119,1,5	[[3], [5], [2], [4]]	1	3	1	2	99	2	T4	2,3	0	O
k4_certs_4_n4_2.json.gz	28	10	6	6,1,5,5	[[3], [1], [4], [5]]	1	3	1	2	99	2	T4	2,3	0	G
k4_certs_4_n4_2.json.gz	28	10	6	6,1,5,5	[[3], [1], [5], [4]]	1	3	1	2	99	2	T4	2,3	0	G
k4_certs_4_n4_2.json.gz	28	10	6	6,1,31,5	[[3], [1], [4], [5]]	1	3	1	2	99	2	T4	2,3	0	G
k4_certs_4_n4_2.json.gz	28	10	6	6,1,31,5	[[3], [1], [5], [4]]	1	3	1	2	99	2	T4	2,3	0	G
k4_certs_4_n4_2.json.gz	28	10	6	6,1,34,5	[[3], [1], [4], [5]]	1	3	1	2	99	2	T4	2,3	0	G
k4_certs_4_n4_2.json.gz	28	10	6	6,1,34,5	[[3], [1], [5], [4]]	1	3	1	2	99	2	T4	2,3	0	G
k4_certs_4_n4_2.json.gz	28	10	6	6,1,35,5	[[3], [1], [4], [5]]	1	3	1	2	99	2	T4	2,3	0	G
k4_certs_4_n4_2.json.gz	28	10	6	6,1,35,5	[[3], [1], [5], [4]]	1	3	1	2	99	2	T4	2,3	0	G
k4_certs_4_n4_2.json.gz	28	10	6	6,1,38,5	[[3], [1], [4], [5]]	1	3	1	2	99	2	T4	2,3	0	G
k4_certs_4_n4_2.json.gz	28	10	6	6,1,38,5	[[3], [1], [5], [4]]	1	3	1	2	99	2	T4	2,3	0	G
k4_certs_4_n4_2.json.gz	28	10	6	6,1,40,5	[[3], [1], [4], [5]]	1	3	1	2	99	2	T4	2,3	0	G
k4_certs_4_n4_2.json.gz	28	10	6	6,1,40,5	[[3], [1], [5], [4]]	1	3	1	2	99	2	T4	2,3	0	G
k4_certs_4_n4_2.json.gz	28	10	6	6,1,41,5	[[3], [1], [4], [5]]	1	3	1	2	99	2	T4	2,3	0	G
k4_certs_4_n4_2.json.gz	28	10	6	6,1,41,5	[[3], [1], [5], [4]]	1	3	1	2	99	2	T4	2,3	0	G
k4_certs_4_n4_2.json.gz	28	10	6	6,1,63,5	[[3], [1], [4], [5]]	1	3	1	2	99	2	T4	2,3	0	G
k4_certs_4_n4_2.json.gz	28	10	6	6,1,63,5	[[3], [1], [5], [4]]	1	3	1	2	99	2	T4	2,3	0	G
k4_certs_4_n4_2.json.gz	28	10	6	6,1,68,5	[[3], [1], [4], [5]]	1	3	1	2	99	2	T4	2,3	0	G
k4_certs_4_n4_2.json.gz	28	10	6	6,1,68,5	[[3], [1], [5], [4]]	1	3	1	2	99	2	T4	2,3	0	G
k4_certs_4_n4_2.json.gz	28	10	6	6,1,76,5	[[3], [1], [4], [5]]	1	3	1	2	99	2	T4	2,3	0	G
k4_certs_4_n4_2.json.gz	28	10	6	6,1,76,5	[[3], [1], [5], [4]]	1	3	1	2	99	2	T4	2,3	0	G
k4_certs_4_n4_2.json.gz	28	10	6	6,1,77,5	[[3], [1], [4], [5]]	1	3	1	2	99	2	T4	2,3	0	G
k4_certs_4_n4_2.json.gz	28	10	6	6,1,77,5	[[3], [1], [5], [4]]	1	3	1	2	99	2	T4	2,3	0	G
k4_certs_4_n4_2.json.gz	28	10	6	6,1,119,5	[[3], [1], [4], [5]]	1	3	1	2	99	2	T4	2,3	0	G
k4_certs_4_n4_2.json.gz	28	10	6	6,1,119,5	[[3], [1], [5], [4]]	1	3	1	2	99	2	T4	2,3	0	G
k4_certs_4_n4_2.json.gz	28	10	6	11,1,5,5	[[3], [1], [4], [5]]	1	3	1	2	99	2	T4	2,3	0	G
k4_certs_4_n4_2.json.gz	28	10	6	11,1,5,5	[[3], [1], [5], [4]]	1	3	1	2	99	2	T4	2,3	0	G
k4_certs_4_n4_2.json.gz	28	10	6	11,1,31,5	[[3], [1], [4], [5]]	1	3	1	2	99	2	T4	2,3	0	G
k4_certs_4_n4_2.json.gz	28	10	6	11,1,31,5	[[3], [1], [5], [4]]	1	3	1	2	99	2	T4	2,3	0	G
k4_certs_4_n4_2.json.gz	28	10	6	11,1,34,5	[[3], [1], [4], [5]]	1	3	1	2	99	2	T4	2,3	0	G
k4_certs_4_n4_2.json.gz	28	10	6	11,1,34,5	[[3], [1], [5], [4]]	1	3	1	2	99	2	T4	2,3	0	G
k4_certs_4_n4_2.json.gz	28	10	6	11,1,35,5	[[3], [1], [4], [5]]	1	3	1	2	99	2	T4	2,3	0	G
k4_certs_4_n4_2.json.gz	28	10	6	11,1,35,5	[[3], [1], [5], [4]]	1	3	1	2	99	2	T4	2,3	0	G
k4_certs_4_n4_2.json.gz	28	10	6	11,1,38,5	[[3], [1], [4], [5]]	1	3	1	2	99	2	T4	2,3	0	G
k4_certs_4_n4_2.json.gz	28	10	6	11,1,38,5	[[3], [1], [5], [4]]	1	3	1	2	99	2	T4	2,3	0	G
k4_certs_4_n4_2.json.gz	28	10	6	11,1,40,5	[[3], [1], [4], [5]]	1	3	1	2	99	2	T4	2,3	0	G
k4_certs_4_n4_2.json.gz	28	10	6	11,1,40,5	[[3], [1], [5], [4]]	1	3	1	2	99	2	T4	2,3	0	G
k4_certs_4_n4_2.json.gz	28	10	6	11,1,41,5	[[3], [1], [4], [5]]	1	3	1	2	99	2	T4	2,3	0	G
k4_certs_4_n4_2.json.gz	28	10	6	11,1,41,5	[[3], [1], [5], [4]]	1	3	1	2	99	2	T4	2,3	0	G
k4_certs_4_n4_2.json.gz	28	10	6	11,1,63,5	[[3], [1], [4], [5]]	1	3	1	2	99	2	T4	2,3	0	G
k4_certs_4_n4_2.json.gz	28	10	6	11,1,63,5	[[3], [1], [5], [4]]	1	3	1	2	99	2	T4	2,3	0	G
k4_certs_4_n4_2.json.gz	28	10	6	11,1,68,5	[[3], [1], [4], [5]]	1	3	1	2	99	2	T4	2,3	0	G
k4_certs_4_n4_2.json.gz	28	10	6	11,1,68,5	[[3], [1], [5], [4]]	1	3	1	2	99	2	T4	2,3	0	G
k4_certs_4_n4_2.json.gz	28	10	6	11,1,76,5	[[3], [1], [4], [5]]	1	3	1	2	99	2	T4	2,3	0	G
k4_certs_4_n4_2.json.gz	28	10	6	11,1,76,5	[[3], [1], [5], [4]]	1	3	1	2	99	2	T4	2,3	0	G
k4_certs_4_n4_2.json.gz	28	10	6	11,1,77,5	[[3], [1], [4], [5]]	1	3	1	2	99	2	T4	2,3	0	G
k4_certs_4_n4_2.json.gz	28	10	6	11,1,77,5	[[3], [1], [5], [4]]	1	3	1	2	99	2	T4	2,3	0	G
k4_certs_4_n4_2.json.gz	28	10	6	11,1,119,5	[[3], [1], [4], [5]]	1	3	1	2	99	2	T4	2,3	0	G
k4_certs_4_n4_2.json.gz	28	10	6	11,1,119,5	[[3], [1], [5], [4]]	1	3	1	2	99	2	T4	2,3	0	G
k4_certs_4_n4_2.json.gz	28	10	6	21,1,5,5	[[3], [1], [4], [5]]	1	3	1	2	99	2	T4	2,3	0	G
k4_certs_4_n4_2.json.gz	28	10	6	21,1,5,5	[[3], [1], [5], [4]]	1	3	1	2	99	2	T4	2,3	0	G
k4_certs_4_n4_2.json.gz	28	10	6	21,1,31,5	[[3], [1], [4], [5]]	1	3	1	2	99	2	T4	2,3	0	G
k4_certs_4_n4_2.json.gz	28	10	6	21,1,31,5	[[3], [1], [5], [4]]	1	3	1	2	99	2	T4	2,3	0	G
k4_certs_4_n4_2.json.gz	28	10	6	21,1,34,5	[[3], [1], [4], [5]]	1	3	1	2	99	2	T4	2,3	0	G
k4_certs_4_n4_2.json.gz	28	10	6	21,1,34,5	[[3], [1], [5], [4]]	1	3	1	2	99	2	T4	2,3	0	G
k4_certs_4_n4_2.json.gz	28	10	6	21,1,35,5	[[3], [1], [4], [5]]	1	3	1	2	99	2	T4	2,3	0	G
k4_certs_4_n4_2.json.gz	28	10	6	21,1,35,5	[[3], [1], [5], [4]]	1	3	1	2	99	2	T4	2,3	0	G
k4_certs_4_n4_2.json.gz	28	10	6	21,1,38,5	[[3], [1], [4], [5]]	1	3	1	2	99	2	T4	2,3	0	G
k4_certs_4_n4_2.json.gz	28	10	6	21,1,38,5	[[3], [1], [5], [4]]	1	3	1	2	99	2	T4	2,3	0	G
k4_certs_4_n4_2.json.gz	28	10	6	21,1,40,5	[[3], [1], [4], [5]]	1	3	1	2	99	2	T4	2,3	0	G
k4_certs_4_n4_2.json.gz	28	10	6	21,1,40,5	[[3], [1], [5], [4]]	1	3	1	2	99	2	T4	2,3	0	G
k4_certs_4_n4_2.json.gz	28	10	6	21,1,41,5	[[3], [1], [4], [5]]	1	3	1	2	99	2	T4	2,3	0	G
k4_certs_4_n4_2.json.gz	28	10	6	21,1,41,5	[[3], [1], [5], [4]]	1	3	1	2	99	2	T4	2,3	0	G
k4_certs_4_n4_2.json.gz	28	10	6	21,1,63,5	[[3], [1], [4], [5]]	1	3	1	2	99	2	T4	2,3	0	G
k4_certs_4_n4_2.json.gz	28	10	6	21,1,63,5	[[3], [1], [5], [4]]	1	3	1	2	99	2	T4	2,3	0	G
k4_certs_4_n4_2.json.gz	28	10	6	21,1,68,5	[[3], [1], [4], [5]]	1	3	1	2	99	2	T4	2,3	0	G
k4_certs_4_n4_2.json.gz	28	10	6	21,1,68,5	[[3], [1], [5], [4]]	1	3	1	2	99	2	T4	2,3	0	G
k4_certs_4_n4_2.json.gz	28	10	6	21,1,76,5	[[3], [1], [4], [5]]	1	3	1	2	99	2	T4	2,3	0	G
k4_certs_4_n4_2.json.gz	28	10	6	21,1,76,5	[[3], [1], [5], [4]]	1	3	1	2	99	2	T4	2,3	0	G
k4_certs_4_n4_2.json.gz	28	10	6	21,1,77,5	[[3], [1], [4], [5]]	1	3	1	2	99	2	T4	2,3	0	G
k4_certs_4_n4_2.json.gz	28	10	6	21,1,77,5	[[3], [1], [5], [4]]	1	3	1	2	99	2	T4	2,3	0	G
k4_certs_4_n4_2.json.gz	28	10	6	21,1,119,5	[[3], [1], [4], [5]]	1	3	1	2	99	2	T4	2,3	0	G
k4_certs_4_n4_2.json.gz	28	10	6	21,1,119,5	[[3], [1], [5], [4]]	1	3	1	2	99	2	T4	2,3	0	G
k4_certs_4_n4_2.json.gz	28	10	6	42,1,5,5	[[3], [1], [4], [5]]	1	3	1	2	99	2	T4	2,3	0	G
k4_certs_4_n4_2.json.gz	28	10	6	42,1,5,5	[[3], [1], [5], [4]]	1	3	1	2	99	2	T4	2,3	0	G
k4_certs_4_n4_2.json.gz	28	10	6	42,1,31,5	[[3], [1], [4], [5]]	1	3	1	2	99	2	T4	2,3	0	G
k4_certs_4_n4_2.json.gz	28	10	6	42,1,31,5	[[3], [1], [5], [4]]	1	3	1	2	99	2	T4	2,3	0	G
k4_certs_4_n4_2.json.gz	28	10	6	42,1,34,5	[[3], [1], [4], [5]]	1	3	1	2	99	2	T4	2,3	0	G
k4_certs_4_n4_2.json.gz	28	10	6	42,1,34,5	[[3], [1], [5], [4]]	1	3	1	2	99	2	T4	2,3	0	G
k4_certs_4_n4_2.json.gz	28	10	6	42,1,35,5	[[3], [1], [4], [5]]	1	3	1	2	99	2	T4	2,3	0	G
k4_certs_4_n4_2.json.gz	28	10	6	42,1,35,5	[[3], [1], [5], [4]]	1	3	1	2	99	2	T4	2,3	0	G
k4_certs_4_n4_2.json.gz	28	10	6	42,1,38,5	[[3], [1], [4], [5]]	1	3	1	2	99	2	T4	2,3	0	G
k4_certs_4_n4_2.json.gz	28	10	6	42,1,38,5	[[3], [1], [5], [4]]	1	3	1	2	99	2	T4	2,3	0	G
k4_certs_4_n4_2.json.gz	28	10	6	42,1,40,5	[[3], [1], [4], [5]]	1	3	1	2	99	2	T4	2,3	0	G
k4_certs_4_n4_2.json.gz	28	10	6	42,1,40,5	[[3], [1], [5], [4]]	1	3	1	2	99	2	T4	2,3	0	G
k4_certs_4_n4_2.json.gz	28	10	6	42,1,41,5	[[3], [1], [4], [5]]	1	3	1	2	99	2	T4	2,3	0	G
k4_certs_4_n4_2.json.gz	28	10	6	42,1,41,5	[[3], [1], [5], [4]]	1	3	1	2	99	2	T4	2,3	0	G
k4_certs_4_n4_2.json.gz	28	10	6	42,1,63,5	[[3], [1], [4], [5]]	1	3	1	2	99	2	T4	2,3	0	G
k4_certs_4_n4_2.json.gz	28	10	6	42,1,63,5	[[3], [1], [5], [4]]	1	3	1	2	99	2	T4	2,3	0	G
k4_certs_4_n4_2.json.gz	28	10	6	42,1,68,5	[[3], [1], [4], [5]]	1	3	1	2	99	2	T4	2,3	0	G
k4_certs_4_n4_2.json.gz	28	10	6	42,1,68,5	[[3], [1], [5], [4]]	1	3	1	2	99	2	T4	2,3	0	G
k4_certs_4_n4_2.json.gz	28	10	6	42,1,76,5	[[3], [1], [4], [5]]	1	3	1	2	99	2	T4	2,3	0	G
k4_certs_4_n4_2.json.gz	28	10	6	42,1,76,5	[[3], [1], [5], [4]]	1	3	1	2	99	2	T4	2,3	0	G
k4_certs_4_n4_2.json.gz	28	10	6	42,1,77,5	[[3], [1], [4], [5]]	1	3	1	2	99	2	T4	2,3	0	G
k4_certs_4_n4_2.json.gz	28	10	6	42,1,77,5	[[3], [1], [5], [4]]	1	3	1	2	99	2	T4	2,3	0	G
k4_certs_4_n4_2.json.gz	28	10	6	42,1,119,5	[[3], [1], [4], [5]]	1	3	1	2	99	2	T4	2,3	0	G
k4_certs_4_n4_2.json.gz	28	10	6	42,1,119,5	[[3], [1], [5], [4]]	1	3	1	2	99	2	T4	2,3	0	G
k4_certs_4_n4_2.json.gz	28	10	6	47,1,5,5	[[3], [1], [4], [5]]	1	3	1	2	99	2	T4	2,3	0	G
k4_certs_4_n4_2.json.gz	28	10	6	47,1,5,5	[[3], [1], [5], [4]]	1	3	1	2	99	2	T4	2,3	0	G
k4_certs_4_n4_2.json.gz	28	10	6	47,1,31,5	[[3], [1], [4], [5]]	1	3	1	2	99	2	T4	2,3	0	G
k4_certs_4_n4_2.json.gz	28	10	6	47,1,31,5	[[3], [1], [5], [4]]	1	3	1	2	99	2	T4	2,3	0	G
k4_certs_4_n4_2.json.gz	28	10	6	47,1,34,5	[[3], [1], [4], [5]]	1	3	1	2	99	2	T4	2,3	0	G
k4_certs_4_n4_2.json.gz	28	10	6	47,1,34,5	[[3], [1], [5], [4]]	1	3	1	2	99	2	T4	2,3	0	G
k4_certs_4_n4_2.json.gz	28	10	6	47,1,35,5	[[3], [1], [4], [5]]	1	3	1	2	99	2	T4	2,3	0	G
k4_certs_4_n4_2.json.gz	28	10	6	47,1,35,5	[[3], [1], [5], [4]]	1	3	1	2	99	2	T4	2,3	0	G
k4_certs_4_n4_2.json.gz	28	10	6	47,1,38,5	[[3], [1], [4], [5]]	1	3	1	2	99	2	T4	2,3	0	G
k4_certs_4_n4_2.json.gz	28	10	6	47,1,38,5	[[3], [1], [5], [4]]	1	3	1	2	99	2	T4	2,3	0	G
k4_certs_4_n4_2.json.gz	28	10	6	47,1,40,5	[[3], [1], [4], [5]]	1	3	1	2	99	2	T4	2,3	0	G
k4_certs_4_n4_2.json.gz	28	10	6	47,1,40,5	[[3], [1], [5], [4]]	1	3	1	2	99	2	T4	2,3	0	G
k4_certs_4_n4_2.json.gz	28	10	6	47,1,41,5	[[3], [1], [4], [5]]	1	3	1	2	99	2	T4	2,3	0	G
k4_certs_4_n4_2.json.gz	28	10	6	47,1,41,5	[[3], [1], [5], [4]]	1	3	1	2	99	2	T4	2,3	0	G
k4_certs_4_n4_2.json.gz	28	10	6	47,1,63,5	[[3], [1], [4], [5]]	1	3	1	2	99	2	T4	2,3	0	G
k4_certs_4_n4_2.json.gz	28	10	6	47,1,63,5	[[3], [1], [5], [4]]	1	3	1	2	99	2	T4	2,3	0	G
k4_certs_4_n4_2.json.gz	28	10	6	47,1,68,5	[[3], [1], [4], [5]]	1	3	1	2	99	2	T4	2,3	0	G
k4_certs_4_n4_2.json.gz	28	10	6	47,1,68,5	[[3], [1], [5], [4]]	1	3	1	2	99	2	T4	2,3	0	G
k4_certs_4_n4_2.json.gz	28	10	6	47,1,76,5	[[3], [1], [4], [5]]	1	3	1	2	99	2	T4	2,3	0	G
k4_certs_4_n4_2.json.gz	28	10	6	47,1,76,5	[[3], [1], [5], [4]]	1	3	1	2	99	2	T4	2,3	0	G
k4_certs_4_n4_2.json.gz	28	10	6	47,1,77,5	[[3], [1], [4], [5]]	1	3	1	2	99	2	T4	2,3	0	G
k4_certs_4_n4_2.json.gz	28	10	6	47,1,77,5	[[3], [1], [5], [4]]	1	3	1	2	99	2	T4	2,3	0	G
k4_certs_4_n4_2.json.gz	28	10	6	47,1,119,5	[[3], [1], [4], [5]]	1	3	1	2	99	2	T4	2,3	0	G
k4_certs_4_n4_2.json.gz	28	10	6	47,1,119,5	[[3], [1], [5], [4]]	1	3	1	2	99	2	T4	2,3	0	G
k4_certs_4_n4_2.json.gz	28	10	6	59,1,5,5	[[3], [1], [4], [5]]	1	3	1	2	99	2	T4	2,3	0	G
k4_certs_4_n4_2.json.gz	28	10	6	59,1,5,5	[[3], [1], [5], [4]]	1	3	1	2	99	2	T4	2,3	0	G
k4_certs_4_n4_2.json.gz	28	10	6	59,1,31,5	[[3], [1], [4], [5]]	1	3	1	2	99	2	T4	2,3	0	G
k4_certs_4_n4_2.json.gz	28	10	6	59,1,31,5	[[3], [1], [5], [4]]	1	3	1	2	99	2	T4	2,3	0	G
k4_certs_4_n4_2.json.gz	28	10	6	59,1,34,5	[[3], [1], [4], [5]]	1	3	1	2	99	2	T4	2,3	0	G
k4_certs_4_n4_2.json.gz	28	10	6	59,1,34,5	[[3], [1], [5], [4]]	1	3	1	2	99	2	T4	2,3	0	G
k4_certs_4_n4_2.json.gz	28	10	6	59,1,35,5	[[3], [1], [4], [5]]	1	3	1	2	99	2	T4	2,3	0	G
k4_certs_4_n4_2.json.gz	28	10	6	59,1,35,5	[[3], [1], [5], [4]]	1	3	1	2	99	2	T4	2,3	0	G
k4_certs_4_n4_2.json.gz	28	10	6	59,1,38,5	[[3], [1], [4], [5]]	1	3	1	2	99	2	T4	2,3	0	G
k4_certs_4_n4_2.json.gz	28	10	6	59,1,38,5	[[3], [1], [5], [4]]	1	3	1	2	99	2	T4	2,3	0	G
k4_certs_4_n4_2.json.gz	28	10	6	59,1,40,5	[[3], [1], [4], [5]]	1	3	1	2	99	2	T4	2,3	0	G
k4_certs_4_n4_2.json.gz	28	10	6	59,1,40,5	[[3], [1], [5], [4]]	1	3	1	2	99	2	T4	2,3	0	G
k4_certs_4_n4_2.json.gz	28	10	6	59,1,41,5	[[3], [1], [4], [5]]	1	3	1	2	99	2	T4	2,3	0	G
k4_certs_4_n4_2.json.gz	28	10	6	59,1,41,5	[[3], [1], [5], [4]]	1	3	1	2	99	2	T4	2,3	0	G
k4_certs_4_n4_2.json.gz	28	10	6	59,1,63,5	[[3], [1], [4], [5]]	1	3	1	2	99	2	T4	2,3	0	G
k4_certs_4_n4_2.json.gz	28	10	6	59,1,63,5	[[3], [1], [5], [4]]	1	3	1	2	99	2	T4	2,3	0	G
k4_certs_4_n4_2.json.gz	28	10	6	59,1,68,5	[[3], [1], [4], [5]]	1	3	1	2	99	2	T4	2,3	0	G
k4_certs_4_n4_2.json.gz	28	10	6	59,1,68,5	[[3], [1], [5], [4]]	1	3	1	2	99	2	T4	2,3	0	G
k4_certs_4_n4_2.json.gz	28	10	6	59,1,76,5	[[3], [1], [4], [5]]	1	3	1	2	99	2	T4	2,3	0	G
k4_certs_4_n4_2.json.gz	28	10	6	59,1,76,5	[[3], [1], [5], [4]]	1	3	1	2	99	2	T4	2,3	0	G
k4_certs_4_n4_2.json.gz	28	10	6	59,1,77,5	[[3], [1], [4], [5]]	1	3	1	2	99	2	T4	2,3	0	G
k4_certs_4_n4_2.json.gz	28	10	6	59,1,77,5	[[3], [1], [5], [4]]	1	3	1	2	99	2	T4	2,3	0	G
k4_certs_4_n4_2.json.gz	28	10	6	59,1,119,5	[[3], [1], [4], [5]]	1	3	1	2	99	2	T4	2,3	0	G
k4_certs_4_n4_2.json.gz	28	10	6	59,1,119,5	[[3], [1], [5], [4]]	1	3	1	2	99	2	T4	2,3	0	G
k4_certs_4_n4_2.json.gz	28	10	6	81,1,5,5	[[3], [1], [4], [5]]	1	3	1	2	99	2	T4	2,3	0	G
k4_certs_4_n4_2.json.gz	28	10	6	81,1,5,5	[[3], [1], [5], [4]]	1	3	1	2	99	2	T4	2,3	0	G
k4_certs_4_n4_2.json.gz	28	10	6	81,1,31,5	[[3], [1], [4], [5]]	1	3	1	2	99	2	T4	2,3	0	G
k4_certs_4_n4_2.json.gz	28	10	6	81,1,31,5	[[3], [1], [5], [4]]	1	3	1	2	99	2	T4	2,3	0	G
k4_certs_4_n4_2.json.gz	28	10	6	81,1,34,5	[[3], [1], [4], [5]]	1	3	1	2	99	2	T4	2,3	0	G
k4_certs_4_n4_2.json.gz	28	10	6	81,1,34,5	[[3], [1], [5], [4]]	1	3	1	2	99	2	T4	2,3	0	G
k4_certs_4_n4_2.json.gz	28	10	6	81,1,35,5	[[3], [1], [4], [5]]	1	3	1	2	99	2	T4	2,3	0	G
k4_certs_4_n4_2.json.gz	28	10	6	81,1,35,5	[[3], [1], [5], [4]]	1	3	1	2	99	2	T4	2,3	0	G
k4_certs_4_n4_2.json.gz	28	10	6	81,1,38,5	[[3], [1], [4], [5]]	1	3	1	2	99	2	T4	2,3	0	G
k4_certs_4_n4_2.json.gz	28	10	6	81,1,38,5	[[3], [1], [5], [4]]	1	3	1	2	99	2	T4	2,3	0	G
k4_certs_4_n4_2.json.gz	28	10	6	81,1,40,5	[[3], [1], [4], [5]]	1	3	1	2	99	2	T4	2,3	0	G
k4_certs_4_n4_2.json.gz	28	10	6	81,1,40,5	[[3], [1], [5], [4]]	1	3	1	2	99	2	T4	2,3	0	G
k4_certs_4_n4_2.json.gz	28	10	6	81,1,41,5	[[3], [1], [4], [5]]	1	3	1	2	99	2	T4	2,3	0	G
k4_certs_4_n4_2.json.gz	28	10	6	81,1,41,5	[[3], [1], [5], [4]]	1	3	1	2	99	2	T4	2,3	0	G
k4_certs_4_n4_2.json.gz	28	10	6	81,1,63,5	[[3], [1], [4], [5]]	1	3	1	2	99	2	T4	2,3	0	G
k4_certs_4_n4_2.json.gz	28	10	6	81,1,63,5	[[3], [1], [5], [4]]	1	3	1	2	99	2	T4	2,3	0	G
k4_certs_4_n4_2.json.gz	28	10	6	81,1,68,5	[[3], [1], [4], [5]]	1	3	1	2	99	2	T4	2,3	0	G
k4_certs_4_n4_2.json.gz	28	10	6	81,1,68,5	[[3], [1], [5], [4]]	1	3	1	2	99	2	T4	2,3	0	G
k4_certs_4_n4_2.json.gz	28	10	6	81,1,76,5	[[3], [1], [4], [5]]	1	3	1	2	99	2	T4	2,3	0	G
k4_certs_4_n4_2.json.gz	28	10	6	81,1,76,5	[[3], [1], [5], [4]]	1	3	1	2	99	2	T4	2,3	0	G
k4_certs_4_n4_2.json.gz	28	10	6	81,1,77,5	[[3], [1], [4], [5]]	1	3	1	2	99	2	T4	2,3	0	G
k4_certs_4_n4_2.json.gz	28	10	6	81,1,77,5	[[3], [1], [5], [4]]	1	3	1	2	99	2	T4	2,3	0	G
k4_certs_4_n4_2.json.gz	28	10	6	81,1,119,5	[[3], [1], [4], [5]]	1	3	1	2	99	2	T4	2,3	0	G
k4_certs_4_n4_2.json.gz	28	10	6	81,1,119,5	[[3], [1], [5], [4]]	1	3	1	2	99	2	T4	2,3	0	G
k4_certs_4_n4_2.json.gz	28	10	6	89,1,5,5	[[3], [1], [4], [5]]	1	3	1	2	99	2	T4	2,3	0	G
k4_certs_4_n4_2.json.gz	28	10	6	89,1,5,5	[[3], [1], [5], [4]]	1	3	1	2	99	2	T4	2,3	0	G
k4_certs_4_n4_2.json.gz	28	10	6	89,1,31,5	[[3], [1], [4], [5]]	1	3	1	2	99	2	T4	2,3	0	G
k4_certs_4_n4_2.json.gz	28	10	6	89,1,31,5	[[3], [1], [5], [4]]	1	3	1	2	99	2	T4	2,3	0	G
k4_certs_4_n4_2.json.gz	28	10	6	89,1,34,5	[[3], [1], [4], [5]]	1	3	1	2	99	2	T4	2,3	0	G
k4_certs_4_n4_2.json.gz	28	10	6	89,1,34,5	[[3], [1], [5], [4]]	1	3	1	2	99	2	T4	2,3	0	G
k4_certs_4_n4_2.json.gz	28	10	6	89,1,35,5	[[3], [1], [4], [5]]	1	3	1	2	99	2	T4	2,3	0	G
k4_certs_4_n4_2.json.gz	28	10	6	89,1,35,5	[[3], [1], [5], [4]]	1	3	1	2	99	2	T4	2,3	0	G
k4_certs_4_n4_2.json.gz	28	10	6	89,1,38,5	[[3], [1], [4], [5]]	1	3	1	2	99	2	T4	2,3	0	G
k4_certs_4_n4_2.json.gz	28	10	6	89,1,38,5	[[3], [1], [5], [4]]	1	3	1	2	99	2	T4	2,3	0	G
k4_certs_4_n4_2.json.gz	28	10	6	89,1,40,5	[[3], [1], [4], [5]]	1	3	1	2	99	2	T4	2,3	0	G
k4_certs_4_n4_2.json.gz	28	10	6	89,1,40,5	[[3], [1], [5], [4]]	1	3	1	2	99	2	T4	2,3	0	G
k4_certs_4_n4_2.json.gz	28	10	6	89,1,41,5	[[3], [1], [4], [5]]	1	3	1	2	99	2	T4	2,3	0	G
k4_certs_4_n4_2.json.gz	28	10	6	89,1,41,5	[[3], [1], [5], [4]]	1	3	1	2	99	2	T4	2,3	0	G
k4_certs_4_n4_2.json.gz	28	10	6	89,1,63,5	[[3], [1], [4], [5]]	1	3	1	2	99	2	T4	2,3	0	G
k4_certs_4_n4_2.json.gz	28	10	6	89,1,63,5	[[3], [1], [5], [4]]	1	3	1	2	99	2	T4	2,3	0	G
k4_certs_4_n4_2.json.gz	28	10	6	89,1,68,5	[[3], [1], [4], [5]]	1	3	1	2	99	2	T4	2,3	0	G
k4_certs_4_n4_2.json.gz	28	10	6	89,1,68,5	[[3], [1], [5], [4]]	1	3	1	2	99	2	T4	2,3	0	G
k4_certs_4_n4_2.json.gz	28	10	6	89,1,76,5	[[3], [1], [4], [5]]	1	3	1	2	99	2	T4	2,3	0	G
k4_certs_4_n4_2.json.gz	28	10	6	89,1,76,5	[[3], [1], [5], [4]]	1	3	1	2	99	2	T4	2,3	0	G
k4_certs_4_n4_2.json.gz	28	10	6	89,1,77,5	[[3], [1], [4], [5]]	1	3	1	2	99	2	T4	2,3	0	G
k4_certs_4_n4_2.json.gz	28	10	6	89,1,77,5	[[3], [1], [5], [4]]	1	3	1	2	99	2	T4	2,3	0	G
k4_certs_4_n4_2.json.gz	28	10	6	89,1,119,5	[[3], [1], [4], [5]]	1	3	1	2	99	2	T4	2,3	0	G
k4_certs_4_n4_2.json.gz	28	10	6	89,1,119,5	[[3], [1], [5], [4]]	1	3	1	2	99	2	T4	2,3	0	G
k4_certs_4_n4_2.json.gz	28	10	6	147,1,5,5	[[3], [1], [4], [5]]	1	3	1	2	99	2	T4	2,3	0	G
k4_certs_4_n4_2.json.gz	28	10	6	147,1,5,5	[[3], [1], [5], [4]]	1	3	1	2	99	2	T4	2,3	0	G
k4_certs_4_n4_2.json.gz	28	10	6	147,1,31,5	[[3], [1], [4], [5]]	1	3	1	2	99	2	T4	2,3	0	G
k4_certs_4_n4_2.json.gz	28	10	6	147,1,31,5	[[3], [1], [5], [4]]	1	3	1	2	99	2	T4	2,3	0	G
k4_certs_4_n4_2.json.gz	28	10	6	147,1,34,5	[[3], [1], [4], [5]]	1	3	1	2	99	2	T4	2,3	0	G
k4_certs_4_n4_2.json.gz	28	10	6	147,1,34,5	[[3], [1], [5], [4]]	1	3	1	2	99	2	T4	2,3	0	G
k4_certs_4_n4_2.json.gz	28	10	6	147,1,35,5	[[3], [1], [4], [5]]	1	3	1	2	99	2	T4	2,3	0	G
k4_certs_4_n4_2.json.gz	28	10	6	147,1,35,5	[[3], [1], [5], [4]]	1	3	1	2	99	2	T4	2,3	0	G
k4_certs_4_n4_2.json.gz	28	10	6	147,1,38,5	[[3], [1], [4], [5]]	1	3	1	2	99	2	T4	2,3	0	G
k4_certs_4_n4_2.json.gz	28	10	6	147,1,38,5	[[3], [1], [5], [4]]	1	3	1	2	99	2	T4	2,3	0	G
k4_certs_4_n4_2.json.gz	28	10	6	147,1,40,5	[[3], [1], [4], [5]]	1	3	1	2	99	2	T4	2,3	0	G
k4_certs_4_n4_2.json.gz	28	10	6	147,1,40,5	[[3], [1], [5], [4]]	1	3	1	2	99	2	T4	2,3	0	G
k4_certs_4_n4_2.json.gz	28	10	6	147,1,41,5	[[3], [1], [4], [5]]	1	3	1	2	99	2	T4	2,3	0	G
k4_certs_4_n4_2.json.gz	28	10	6	147,1,41,5	[[3], [1], [5], [4]]	1	3	1	2	99	2	T4	2,3	0	G
k4_certs_4_n4_2.json.gz	28	10	6	147,1,63,5	[[3], [1], [4], [5]]	1	3	1	2	99	2	T4	2,3	0	G
k4_certs_4_n4_2.json.gz	28	10	6	147,1,63,5	[[3], [1], [5], [4]]	1	3	1	2	99	2	T4	2,3	0	G
k4_certs_4_n4_2.json.gz	28	10	6	147,1,68,5	[[3], [1], [4], [5]]	1	3	1	2	99	2	T4	2,3	0	G
k4_certs_4_n4_2.json.gz	28	10	6	147,1,68,5	[[3], [1], [5], [4]]	1	3	1	2	99	2	T4	2,3	0	G
k4_certs_4_n4_2.json.gz	28	10	6	147,1,76,5	[[3], [1], [4], [5]]	1	3	1	2	99	2	T4	2,3	0	G
k4_certs_4_n4_2.json.gz	28	10	6	147,1,76,5	[[3], [1], [5], [4]]	1	3	1	2	99	2	T4	2,3	0	G
k4_certs_4_n4_2.json.gz	28	10	6	147,1,77,5	[[3], [1], [4], [5]]	1	3	1	2	99	2	T4	2,3	0	G
k4_certs_4_n4_2.json.gz	28	10	6	147,1,77,5	[[3], [1], [5], [4]]	1	3	1	2	99	2	T4	2,3	0	G
k4_certs_4_n4_2.json.gz	28	10	6	147,1,119,5	[[3], [1], [4], [5]]	1	3	1	2	99	2	T4	2,3	0	G
k4_certs_4_n4_2.json.gz	28	10	6	147,1,119,5	[[3], [1], [5], [4]]	1	3	1	2	99	2	T4	2,3	0	G
k4_certs_4_n4_2.json.gz	28	10	6	155,1,5,5	[[3], [1], [4], [5]]	1	3	1	2	99	2	T4	2,3	0	G
k4_certs_4_n4_2.json.gz	28	10	6	155,1,5,5	[[3], [1], [5], [4]]	1	3	1	2	99	2	T4	2,3	0	G
k4_certs_4_n4_2.json.gz	28	10	6	155,1,31,5	[[3], [1], [4], [5]]	1	3	1	2	99	2	T4	2,3	0	G
k4_certs_4_n4_2.json.gz	28	10	6	155,1,31,5	[[3], [1], [5], [4]]	1	3	1	2	99	2	T4	2,3	0	G
k4_certs_4_n4_2.json.gz	28	10	6	155,1,34,5	[[3], [1], [4], [5]]	1	3	1	2	99	2	T4	2,3	0	G
k4_certs_4_n4_2.json.gz	28	10	6	155,1,34,5	[[3], [1], [5], [4]]	1	3	1	2	99	2	T4	2,3	0	G
k4_certs_4_n4_2.json.gz	28	10	6	155,1,35,5	[[3], [1], [4], [5]]	1	3	1	2	99	2	T4	2,3	0	G
k4_certs_4_n4_2.json.gz	28	10	6	155,1,35,5	[[3], [1], [5], [4]]	1	3	1	2	99	2	T4	2,3	0	G
k4_certs_4_n4_2.json.gz	28	10	6	155,1,38,5	[[3], [1], [4], [5]]	1	3	1	2	99	2	T4	2,3	0	G
k4_certs_4_n4_2.json.gz	28	10	6	155,1,38,5	[[3], [1], [5], [4]]	1	3	1	2	99	2	T4	2,3	0	G
k4_certs_4_n4_2.json.gz	28	10	6	155,1,40,5	[[3], [1], [4], [5]]	1	3	1	2	99	2	T4	2,3	0	G
k4_certs_4_n4_2.json.gz	28	10	6	155,1,40,5	[[3], [1], [5], [4]]	1	3	1	2	99	2	T4	2,3	0	G
k4_certs_4_n4_2.json.gz	28	10	6	155,1,41,5	[[3], [1], [4], [5]]	1	3	1	2	99	2	T4	2,3	0	G
k4_certs_4_n4_2.json.gz	28	10	6	155,1,41,5	[[3], [1], [5], [4]]	1	3	1	2	99	2	T4	2,3	0	G
k4_certs_4_n4_2.json.gz	28	10	6	155,1,63,5	[[3], [1], [4], [5]]	1	3	1	2	99	2	T4	2,3	0	G
k4_certs_4_n4_2.json.gz	28	10	6	155,1,63,5	[[3], [1], [5], [4]]	1	3	1	2	99	2	T4	2,3	0	G
k4_certs_4_n4_2.json.gz	28	10	6	155,1,68,5	[[3], [1], [4], [5]]	1	3	1	2	99	2	T4	2,3	0	G
k4_certs_4_n4_2.json.gz	28	10	6	155,1,68,5	[[3], [1], [5], [4]]	1	3	1	2	99	2	T4	2,3	0	G
k4_certs_4_n4_2.json.gz	28	10	6	155,1,76,5	[[3], [1], [4], [5]]	1	3	1	2	99	2	T4	2,3	0	G
k4_certs_4_n4_2.json.gz	28	10	6	155,1,76,5	[[3], [1], [5], [4]]	1	3	1	2	99	2	T4	2,3	0	G
k4_certs_4_n4_2.json.gz	28	10	6	155,1,77,5	[[3], [1], [4], [5]]	1	3	1	2	99	2	T4	2,3	0	G
k4_certs_4_n4_2.json.gz	28	10	6	155,1,77,5	[[3], [1], [5], [4]]	1	3	1	2	99	2	T4	2,3	0	G
k4_certs_4_n4_2.json.gz	28	10	6	155,1,119,5	[[3], [1], [4], [5]]	1	3	1	2	99	2	T4	2,3	0	G
k4_certs_4_n4_2.json.gz	28	10	6	155,1,119,5	[[3], [1], [5], [4]]	1	3	1	2	99	2	T4	2,3	0	G
k4_certs_4_n4_2.json.gz	92	12	7	1,6,3,3	[[0, 2], [5], [4], [6]]	1	3	1	2	99	2	T4	2,3	0	G
k4_certs_4_n4_2.json.gz	92	12	7	1,6,3,3	[[0, 2], [5], [6], [4]]	1	3	1	2	99	2	T4	2,3	0	G
k4_certs_4_n4_2.json.gz	92	12	7	1,6,3,3	[[2], [5], [4], [6]]	1	3	1	2	99	2	T4	2,3	0	G
k4_certs_4_n4_2.json.gz	92	12	7	1,6,3,3	[[2], [5], [6], [4]]	1	3	1	2	99	2	T4	2,3	0	G
k4_certs_4_n4_2.json.gz	92	12	7	1,11,3,3	[[0, 2], [5], [4], [6]]	1	3	1	2	99	2	T4	2,3	0	G
k4_certs_4_n4_2.json.gz	92	12	7	1,11,3,3	[[0, 2], [5], [6], [4]]	1	3	1	2	99	2	T4	2,3	0	G
k4_certs_4_n4_2.json.gz	92	12	7	1,11,3,3	[[2], [5], [4], [6]]	1	3	1	2	99	2	T4	2,3	0	G
k4_certs_4_n4_2.json.gz	92	12	7	1,11,3,3	[[2], [5], [6], [4]]	1	3	1	2	99	2	T4	2,3	0	G
k4_certs_4_n4_2.json.gz	92	12	7	1,21,3,3	[[0, 2], [5], [4], [6]]	1	3	1	2	99	2	T4	2,3	0	G
k4_certs_4_n4_2.json.gz	92	12	7	1,21,3,3	[[0, 2], [5], [6], [4]]	1	3	1	2	99	2	T4	2,3	0	G
k4_certs_4_n4_2.json.gz	92	12	7	1,21,3,3	[[2], [5], [4], [6]]	1	3	1	2	99	2	T4	2,3	0	G
k4_certs_4_n4_2.json.gz	92	12	7	1,21,3,3	[[2], [5], [6], [4]]	1	3	1	2	99	2	T4	2,3	0	G
k4_certs_4_n4_2.json.gz	92	12	7	1,34,3,3	[[0, 2], [5], [4], [6]]	1	3	1	2	99	2	T4	2,3	0	G
k4_certs_4_n4_2.json.gz	92	12	7	1,34,3,3	[[0, 2], [5], [6], [4]]	1	3	1	2	99	2	T4	2,3	0	G
k4_certs_4_n4_2.json.gz	92	12	7	1,34,3,3	[[2], [5], [4], [6]]	1	3	1	2	99	2	T4	2,3	0	G
k4_certs_4_n4_2.json.gz	92	12	7	1,34,3,3	[[2], [5], [6], [4]]	1	3	1	2	99	2	T4	2,3	0	G
k4_certs_4_n4_2.json.gz	92	12	7	1,39,3,3	[[0, 2], [5], [4], [6]]	1	3	1	2	99	2	T4	2,3	0	G
k4_certs_4_n4_2.json.gz	92	12	7	1,39,3,3	[[0, 2], [5], [6], [4]]	1	3	1	2	99	2	T4	2,3	0	G
k4_certs_4_n4_2.json.gz	92	12	7	1,39,3,3	[[2], [5], [4], [6]]	1	3	1	2	99	2	T4	2,3	0	G
k4_certs_4_n4_2.json.gz	92	12	7	1,39,3,3	[[2], [5], [6], [4]]	1	3	1	2	99	2	T4	2,3	0	G
k4_certs_4_n4_2.json.gz	92	12	7	1,51,3,3	[[0, 2], [5], [4], [6]]	1	3	1	2	99	2	T4	2,3	0	G
k4_certs_4_n4_2.json.gz	92	12	7	1,51,3,3	[[0, 2], [5], [6], [4]]	1	3	1	2	99	2	T4	2,3	0	G
k4_certs_4_n4_2.json.gz	92	12	7	1,51,3,3	[[2], [5], [4], [6]]	1	3	1	2	99	2	T4	2,3	0	G
k4_certs_4_n4_2.json.gz	92	12	7	1,51,3,3	[[2], [5], [6], [4]]	1	3	1	2	99	2	T4	2,3	0	G
k4_certs_4_n4_2.json.gz	92	12	7	1,65,3,3	[[0, 2], [5], [4], [6]]	1	3	1	2	99	2	T4	2,3	0	G
k4_certs_4_n4_2.json.gz	92	12	7	1,65,3,3	[[0, 2], [5], [6], [4]]	1	3	1	2	99	2	T4	2,3	0	G
k4_certs_4_n4_2.json.gz	92	12	7	1,65,3,3	[[2], [5], [4], [6]]	1	3	1	2	99	2	T4	2,3	0	G
k4_certs_4_n4_2.json.gz	92	12	7	1,65,3,3	[[2], [5], [6], [4]]	1	3	1	2	99	2	T4	2,3	0	G
k4_certs_4_n4_2.json.gz	92	12	7	1,73,3,3	[[0, 2], [5], [4], [6]]	1	3	1	2	99	2	T4	2,3	0	G
k4_certs_4_n4_2.json.gz	92	12	7	1,73,3,3	[[0, 2], [5], [6], [4]]	1	3	1	2	99	2	T4	2,3	0	G
k4_certs_4_n4_2.json.gz	92	12	7	1,73,3,3	[[2], [5], [4], [6]]	1	3	1	2	99	2	T4	2,3	0	G
k4_certs_4_n4_2.json.gz	92	12	7	1,73,3,3	[[2], [5], [6], [4]]	1	3	1	2	99	2	T4	2,3	0	G
k4_certs_4_n4_2.json.gz	92	12	7	1,103,3,3	[[0, 2], [5], [4], [6]]	1	3	1	2	99	2	T4	2,3	0	G
k4_certs_4_n4_2.json.gz	92	12	7	1,103,3,3	[[0, 2], [5], [6], [4]]	1	3	1	2	99	2	T4	2,3	0	G
k4_certs_4_n4_2.json.gz	92	12	7	1,103,3,3	[[2], [5], [4], [6]]	1	3	1	2	99	2	T4	2,3	0	G
k4_certs_4_n4_2.json.gz	92	12	7	1,103,3,3	[[2], [5], [6], [4]]	1	3	1	2	99	2	T4	2,3	0	G
k4_certs_4_n4_2.json.gz	92	12	7	1,111,3,3	[[0, 2], [5], [4], [6]]	1	3	1	2	99	2	T4	2,3	0	G
k4_certs_4_n4_2.json.gz	92	12	7	1,111,3,3	[[0, 2], [5], [6], [4]]	1	3	1	2	99	2	T4	2,3	0	G
k4_certs_4_n4_2.json.gz	92	12	7	1,111,3,3	[[2], [5], [4], [6]]	1	3	1	2	99	2	T4	2,3	0	G
k4_certs_4_n4_2.json.gz	92	12	7	1,111,3,3	[[2], [5], [6], [4]]	1	3	1	2	99	2	T4	2,3	0	G
k4_certs_4_n4_2.json.gz	92	12	7	6,1,5,5	[[4], [1, 3], [5], [6]]	1	3	1	2	99	2	T4	2,3	0	G
k4_certs_4_n4_2.json.gz	92	12	7	6,1,5,5	[[4], [1, 3], [6], [5]]	1	3	1	2	99	2	T4	2,3	0	G
k4_certs_4_n4_2.json.gz	92	12	7	6,1,5,5	[[4], [3], [5], [6]]	1	3	1	2	99	2	T4	2,3	0	G
k4_certs_4_n4_2.json.gz	92	12	7	6,1,5,5	[[4], [3], [6], [5]]	1	3	1	2	99	2	T4	2,3	0	G
k4_certs_4_n4_2.json.gz	92	12	7	6,9,5,5	[[4], [1, 3], [5], [6]]	1	3	1	2	99	2	T4	2,3	0	G
k4_certs_4_n4_2.json.gz	92	12	7	6,9,5,5	[[4], [1, 3], [6], [5]]	1	3	1	2	99	2	T4	2,3	0	G
k4_certs_4_n4_2.json.gz	92	12	7	6,9,5,5	[[4], [3], [5], [6]]	1	3	1	2	99	2	T4	2,3	0	G
k4_certs_4_n4_2.json.gz	92	12	7	6,9,5,5	[[4], [3], [6], [5]]	1	3	1	2	99	2	T4	2,3	0	G
k4_certs_4_n4_2.json.gz	92	12	7	6,16,5,5	[[4], [1, 3], [5], [6]]	1	3	1	2	99	2	T4	2,3	0	G
k4_certs_4_n4_2.json.gz	92	12	7	6,16,5,5	[[4], [1, 3], [6], [5]]	1	3	1	2	99	2	T4	2,3	0	G
k4_certs_4_n4_2.json.gz	92	12	7	6,16,5,5	[[4], [3], [5], [6]]	1	3	1	2	99	2	T4	2,3	0	G
k4_certs_4_n4_2.json.gz	92	12	7	6,16,5,5	[[4], [3], [6], [5]]	1	3	1	2	99	2	T4	2,3	0	G
k4_certs_4_n4_2.json.gz	92	12	7	6,17,5,5	[[4], [1, 3], [5], [6]]	1	3	1	2	99	2	T4	2,3	0	G
k4_certs_4_n4_2.json.gz	92	12	7	6,17,5,5	[[4], [1, 3], [6], [5]]	1	3	1	2	99	2	T4	2,3	0	G
k4_certs_4_n4_2.json.gz	92	12	7	6,17,5,5	[[4], [3], [5], [6]]	1	3	1	2	99	2	T4	2,3	0	G
k4_certs_4_n4_2.json.gz	92	12	7	6,17,5,5	[[4], [3], [6], [5]]	1	3	1	2	99	2	T4	2,3	0	G
k4_certs_4_n4_2.json.gz	92	12	7	6,37,5,5	[[4], [1], [5], [6]]	1	3	1	2	99	2	T4	2,3	0	G
k4_certs_4_n4_2.json.gz	92	12	7	6,37,5,5	[[4], [1], [6], [5]]	1	3	1	2	99	2	T4	2,3	0	G
k4_certs_4_n4_2.json.gz	92	12	7	6,37,5,5	[[4], [1, 3], [5], [6]]	1	3	1	2	99	2	T4	2,3	0	G
k4_certs_4_n4_2.json.gz	92	12	7	6,37,5,5	[[4], [1, 3], [6], [5]]	1	3	1	2	99	2	T4	2,3	0	G
k4_certs_4_n4_2.json.gz	92	12	7	6,43,5,5	[[4], [1, 3], [5], [6]]	1	3	1	2	99	2	T4	2,3	0	G
k4_certs_4_n4_2.json.gz	92	12	7	6,43,5,5	[[4], [1, 3], [6], [5]]	1	3	1	2	99	2	T4	2,3	0	G
k4_certs_4_n4_2.json.gz	92	12	7	6,43,5,5	[[4], [3], [5], [6]]	1	3	1	2	99	2	T4	2,3	0	G
k4_certs_4_n4_2.json.gz	92	12	7	6,43,5,5	[[4], [3], [6], [5]]	1	3	1	2	99	2	T4	2,3	0	G
k4_certs_4_n4_2.json.gz	92	12	7	6,63,5,5	[[4], [1], [5], [6]]	1	3	1	2	99	2	T4	2,3	0	G
k4_certs_4_n4_2.json.gz	92	12	7	6,63,5,5	[[4], [1], [6], [5]]	1	3	1	2	99	2	T4	2,3	0	G
k4_certs_4_n4_2.json.gz	92	12	7	6,63,5,5	[[4], [1, 3], [5], [6]]	1	3	1	2	99	2	T4	2,3	0	G
k4_certs_4_n4_2.json.gz	92	12	7	6,63,5,5	[[4], [1, 3], [6], [5]]	1	3	1	2	99	2	T4	2,3	0	G
k4_certs_4_n4_2.json.gz	92	12	7	6,70,5,5	[[4], [1], [5], [6]]	1	3	1	2	99	2	T4	2,3	0	G
k4_certs_4_n4_2.json.gz	92	12	7	6,70,5,5	[[4], [1], [6], [5]]	1	3	1	2	99	2	T4	2,3	0	G
k4_certs_4_n4_2.json.gz	92	12	7	6,70,5,5	[[4], [1, 3], [5], [6]]	1	3	1	2	99	2	T4	2,3	0	G
k4_certs_4_n4_2.json.gz	92	12	7	6,70,5,5	[[4], [1, 3], [6], [5]]	1	3	1	2	99	2	T4	2,3	0	G
k4_certs_4_n4_2.json.gz	92	12	7	6,71,5,5	[[4], [1], [5], [6]]	1	3	1	2	99	2	T4	2,3	0	G
k4_certs_4_n4_2.json.gz	92	12	7	6,71,5,5	[[4], [1], [6], [5]]	1	3	1	2	99	2	T4	2,3	0	G
k4_certs_4_n4_2.json.gz	92	12	7	6,71,5,5	[[4], [1, 3], [5], [6]]	1	3	1	2	99	2	T4	2,3	0	G
k4_certs_4_n4_2.json.gz	92	12	7	6,71,5,5	[[4], [1, 3], [6], [5]]	1	3	1	2	99	2	T4	2,3	0	G
k4_certs_4_n4_2.json.gz	92	12	7	6,77,5,5	[[4], [1], [5], [6]]	1	3	1	2	99	2	T4	2,3	0	G
k4_certs_4_n4_2.json.gz	92	12	7	6,77,5,5	[[4], [1], [6], [5]]	1	3	1	2	99	2	T4	2,3	0	G
k4_certs_4_n4_2.json.gz	92	12	7	6,77,5,5	[[4], [1, 3], [5], [6]]	1	3	1	2	99	2	T4	2,3	0	G
k4_certs_4_n4_2.json.gz	92	12	7	6,77,5,5	[[4], [1, 3], [6], [5]]	1	3	1	2	99	2	T4	2,3	0	G
k4_certs_4_n4_2.json.gz	92	12	7	9,6,3,3	[[0, 2], [5], [4], [6]]	1	3	1	2	99	2	T4	2,3	0	G
k4_certs_4_n4_2.json.gz	92	12	7	9,6,3,3	[[0, 2], [5], [6], [4]]	1	3	1	2	99	2	T4	2,3	0	G
k4_certs_4_n4_2.json.gz	92	12	7	9,6,3,3	[[2], [5], [4], [6]]	1	3	1	2	99	2	T4	2,3	0	G
k4_certs_4_n4_2.json.gz	92	12	7	9,6,3,3	[[2], [5], [6], [4]]	1	3	1	2	99	2	T4	2,3	0	G
k4_certs_4_n4_2.json.gz	92	12	7	9,11,3,3	[[0, 2], [5], [4], [6]]	1	3	1	2	99	2	T4	2,3	0	G
k4_certs_4_n4_2.json.gz	92	12	7	9,11,3,3	[[0, 2], [5], [6], [4]]	1	3	1	2	99	2	T4	2,3	0	G
k4_certs_4_n4_2.json.gz	92	12	7	9,11,3,3	[[2], [5], [4], [6]]	1	3	1	2	99	2	T4	2,3	0	G
k4_certs_4_n4_2.json.gz	92	12	7	9,11,3,3	[[2], [5], [6], [4]]	1	3	1	2	99	2	T4	2,3	0	G
k4_certs_4_n4_2.json.gz	92	12	7	9,21,3,3	[[0, 2], [5], [4], [6]]	1	3	1	2	99	2	T4	2,3	0	G
k4_certs_4_n4_2.json.gz	92	12	7	9,21,3,3	[[0, 2], [5], [6], [4]]	1	3	1	2	99	2	T4	2,3	0	G
k4_certs_4_n4_2.json.gz	92	12	7	9,21,3,3	[[2], [5], [4], [6]]	1	3	1	2	99	2	T4	2,3	0	G
k4_certs_4_n4_2.json.gz	92	12	7	9,21,3,3	[[2], [5], [6], [4]]	1	3	1	2	99	2	T4	2,3	0	G
k4_certs_4_n4_2.json.gz	92	12	7	9,34,3,3	[[0, 2], [5], [4], [6]]	1	3	1	2	99	2	T4	2,3	0	G
k4_certs_4_n4_2.json.gz	92	12	7	9,34,3,3	[[0, 2], [5], [6], [4]]	1	3	1	2	99	2	T4	2,3	0	G
k4_certs_4_n4_2.json.gz	92	12	7	9,34,3,3	[[2], [5], [4], [6]]	1	3	1	2	99	2	T4	2,3	0	G
k4_certs_4_n4_2.json.gz	92	12	7	9,34,3,3	[[2], [5], [6], [4]]	1	3	1	2	99	2	T4	2,3	0	G
k4_certs_4_n4_2.json.gz	92	12	7	9,39,3,3	[[0, 2], [5], [4], [6]]	1	3	1	2	99	2	T4	2,3	0	G
k4_certs_4_n4_2.json.gz	92	12	7	9,39,3,3	[[0, 2], [5], [6], [4]]	1	3	1	2	99	2	T4	2,3	0	G
k4_certs_4_n4_2.json.gz	92	12	7	9,39,3,3	[[2], [5], [4], [6]]	1	3	1	2	99	2	T4	2,3	0	G
k4_certs_4_n4_2.json.gz	92	12	7	9,39,3,3	[[2], [5], [6], [4]]	1	3	1	2	99	2	T4	2,3	0	G
k4_certs_4_n4_2.json.gz	92	12	7	9,51,3,3	[[0, 2], [5], [4], [6]]	1	3	1	2	99	2	T4	2,3	0	G
k4_certs_4_n4_2.json.gz	92	12	7	9,51,3,3	[[0, 2], [5], [6], [4]]	1	3	1	2	99	2	T4	2,3	0	G
k4_certs_4_n4_2.json.gz	92	12	7	9,51,3,3	[[2], [5], [4], [6]]	1	3	1	2	99	2	T4	2,3	0	G
k4_certs_4_n4_2.json.gz	92	12	7	9,51,3,3	[[2], [5], [6], [4]]	1	3	1	2	99	2	T4	2,3	0	G
k4_certs_4_n4_2.json.gz	92	12	7	9,65,3,3	[[0, 2], [5], [4], [6]]	1	3	1	2	99	2	T4	2,3	0	G
k4_certs_4_n4_2.json.gz	92	12	7	9,65,3,3	[[0, 2], [5], [6], [4]]	1	3	1	2	99	2	T4	2,3	0	G
k4_certs_4_n4_2.json.gz	92	12	7	9,65,3,3	[[2], [5], [4], [6]]	1	3	1	2	99	2	T4	2,3	0	G
k4_certs_4_n4_2.json.gz	92	12	7	9,65,3,3	[[2], [5], [6], [4]]	1	3	1	2	99	2	T4	2,3	0	G
k4_certs_4_n4_2.json.gz	92	12	7	9,73,3,3	[[0, 2], [5], [4], [6]]	1	3	1	2	99	2	T4	2,3	0	G
k4_certs_4_n4_2.json.gz	92	12	7	9,73,3,3	[[0, 2], [5], [6], [4]]	1	3	1	2	99	2	T4	2,3	0	G
k4_certs_4_n4_2.json.gz	92	12	7	9,73,3,3	[[2], [5], [4], [6]]	1	3	1	2	99	2	T4	2,3	0	G
k4_certs_4_n4_2.json.gz	92	12	7	9,73,3,3	[[2], [5], [6], [4]]	1	3	1	2	99	2	T4	2,3	0	G
k4_certs_4_n4_2.json.gz	92	12	7	9,103,3,3	[[0, 2], [5], [4], [6]]	1	3	1	2	99	2	T4	2,3	0	G
k4_certs_4_n4_2.json.gz	92	12	7	9,103,3,3	[[0, 2], [5], [6], [4]]	1	3	1	2	99	2	T4	2,3	0	G
k4_certs_4_n4_2.json.gz	92	12	7	9,103,3,3	[[2], [5], [4], [6]]	1	3	1	2	99	2	T4	2,3	0	G
k4_certs_4_n4_2.json.gz	92	12	7	9,103,3,3	[[2], [5], [6], [4]]	1	3	1	2	99	2	T4	2,3	0	G
k4_certs_4_n4_2.json.gz	92	12	7	9,111,3,3	[[0, 2], [5], [4], [6]]	1	3	1	2	99	2	T4	2,3	0	G
k4_certs_4_n4_2.json.gz	92	12	7	9,111,3,3	[[0, 2], [5], [6], [4]]	1	3	1	2	99	2	T4	2,3	0	G
k4_certs_4_n4_2.json.gz	92	12	7	9,111,3,3	[[2], [5], [4], [6]]	1	3	1	2	99	2	T4	2,3	0	G
k4_certs_4_n4_2.json.gz	92	12	7	9,111,3,3	[[2], [5], [6], [4]]	1	3	1	2	99	2	T4	2,3	0	G
k4_certs_4_n4_2.json.gz	92	12	7	11,1,5,5	[[4], [1, 3], [5], [6]]	1	3	1	2	99	2	T4	2,3	0	G
k4_certs_4_n4_2.json.gz	92	12	7	11,1,5,5	[[4], [1, 3], [6], [5]]	1	3	1	2	99	2	T4	2,3	0	G
k4_certs_4_n4_2.json.gz	92	12	7	11,1,5,5	[[4], [3], [5], [6]]	1	3	1	2	99	2	T4	2,3	0	G
k4_certs_4_n4_2.json.gz	92	12	7	11,1,5,5	[[4], [3], [6], [5]]	1	3	1	2	99	2	T4	2,3	0	G
k4_certs_4_n4_2.json.gz	92	12	7	11,9,5,5	[[4], [1, 3], [5], [6]]	1	3	1	2	99	2	T4	2,3	0	G
k4_certs_4_n4_2.json.gz	92	12	7	11,9,5,5	[[4], [1, 3], [6], [5]]	1	3	1	2	99	2	T4	2,3	0	G
k4_certs_4_n4_2.json.gz	92	12	7	11,9,5,5	[[4], [3], [5], [6]]	1	3	1	2	99	2	T4	2,3	0	G
k4_certs_4_n4_2.json.gz	92	12	7	11,9,5,5	[[4], [3], [6], [5]]	1	3	1	2	99	2	T4	2,3	0	G
k4_certs_4_n4_2.json.gz	92	12	7	11,16,5,5	[[4], [1, 3], [5], [6]]	1	3	1	2	99	2	T4	2,3	0	G
k4_certs_4_n4_2.json.gz	92	12	7	11,16,5,5	[[4], [1, 3], [6], [5]]	1	3	1	2	99	2	T4	2,3	0	G
k4_certs_4_n4_2.json.gz	92	12	7	11,16,5,5	[[4], [3], [5], [6]]	1	3	1	2	99	2	T4	2,3	0	G
k4_certs_4_n4_2.json.gz	92	12	7	11,16,5,5	[[4], [3], [6], [5]]	1	3	1	2	99	2	T4	2,3	0	G
k4_certs_4_n4_2.json.gz	92	12	7	11,17,5,5	[[4], [1, 3], [5], [6]]	1	3	1	2	99	2	T4	2,3	0	G
k4_certs_4_n4_2.json.gz	92	12	7	11,17,5,5	[[4], [1, 3], [6], [5]]	1	3	1	2	99	2	T4	2,3	0	G
k4_certs_4_n4_2.json.gz	92	12	7	11,17,5,5	[[4], [3], [5], [6]]	1	3	1	2	99	2	T4	2,3	0	G
k4_certs_4_n4_2.json.gz	92	12	7	11,17,5,5	[[4], [3], [6], [5]]	1	3	1	2	99	2	T4	2,3	0	G
k4_certs_4_n4_2.json.gz	92	12	7	11,37,5,5	[[4], [1], [5], [6]]	1	3	1	2	99	2	T4	2,3	0	G
k4_certs_4_n4_2.json.gz	92	12	7	11,37,5,5	[[4], [1], [6], [5]]	1	3	1	2	99	2	T4	2,3	0	G
k4_certs_4_n4_2.json.gz	92	12	7	11,37,5,5	[[4], [1, 3], [5], [6]]	1	3	1	2	99	2	T4	2,3	0	G
k4_certs_4_n4_2.json.gz	92	12	7	11,37,5,5	[[4], [1, 3], [6], [5]]	1	3	1	2	99	2	T4	2,3	0	G
k4_certs_4_n4_2.json.gz	92	12	7	11,43,5,5	[[4], [1, 3], [5], [6]]	1	3	1	2	99	2	T4	2,3	0	G
k4_certs_4_n4_2.json.gz	92	12	7	11,43,5,5	[[4], [1, 3], [6], [5]]	1	3	1	2	99	2	T4	2,3	0	G
k4_certs_4_n4_2.json.gz	92	12	7	11,43,5,5	[[4], [3], [5], [6]]	1	3	1	2	99	2	T4	2,3	0	G
k4_certs_4_n4_2.json.gz	92	12	7	11,43,5,5	[[4], [3], [6], [5]]	1	3	1	2	99	2	T4	2,3	0	G
k4_certs_4_n4_2.json.gz	92	12	7	11,63,5,5	[[4], [1], [5], [6]]	1	3	1	2	99	2	T4	2,3	0	G
k4_certs_4_n4_2.json.gz	92	12	7	11,63,5,5	[[4], [1], [6], [5]]	1	3	1	2	99	2	T4	2,3	0	G
k4_certs_4_n4_2.json.gz	92	12	7	11,63,5,5	[[4], [1, 3], [5], [6]]	1	3	1	2	99	2	T4	2,3	0	G
k4_certs_4_n4_2.json.gz	92	12	7	11,63,5,5	[[4], [1, 3], [6], [5]]	1	3	1	2	99	2	T4	2,3	0	G
k4_certs_4_n4_2.json.gz	92	12	7	11,70,5,5	[[4], [1], [5], [6]]	1	3	1	2	99	2	T4	2,3	0	G
k4_certs_4_n4_2.json.gz	92	12	7	11,70,5,5	[[4], [1], [6], [5]]	1	3	1	2	99	2	T4	2,3	0	G
k4_certs_4_n4_2.json.gz	92	12	7	11,70,5,5	[[4], [1, 3], [5], [6]]	1	3	1	2	99	2	T4	2,3	0	G
k4_certs_4_n4_2.json.gz	92	12	7	11,70,5,5	[[4], [1, 3], [6], [5]]	1	3	1	2	99	2	T4	2,3	0	G
k4_certs_4_n4_2.json.gz	92	12	7	11,71,5,5	[[4], [1], [5], [6]]	1	3	1	2	99	2	T4	2,3	0	G
k4_certs_4_n4_2.json.gz	92	12	7	11,71,5,5	[[4], [1], [6], [5]]	1	3	1	2	99	2	T4	2,3	0	G
k4_certs_4_n4_2.json.gz	92	12	7	11,71,5,5	[[4], [1, 3], [5], [6]]	1	3	1	2	99	2	T4	2,3	0	G
k4_certs_4_n4_2.json.gz	92	12	7	11,71,5,5	[[4], [1, 3], [6], [5]]	1	3	1	2	99	2	T4	2,3	0	G
k4_certs_4_n4_2.json.gz	92	12	7	11,77,5,5	[[4], [1], [5], [6]]	1	3	1	2	99	2	T4	2,3	0	G
k4_certs_4_n4_2.json.gz	92	12	7	11,77,5,5	[[4], [1], [6], [5]]	1	3	1	2	99	2	T4	2,3	0	G
k4_certs_4_n4_2.json.gz	92	12	7	11,77,5,5	[[4], [1, 3], [5], [6]]	1	3	1	2	99	2	T4	2,3	0	G
k4_certs_4_n4_2.json.gz	92	12	7	11,77,5,5	[[4], [1, 3], [6], [5]]	1	3	1	2	99	2	T4	2,3	0	G
k4_certs_4_n4_2.json.gz	92	12	7	16,6,3,3	[[0, 2], [5], [4], [6]]	1	3	1	2	99	2	T4	2,3	0	G
k4_certs_4_n4_2.json.gz	92	12	7	16,6,3,3	[[0, 2], [5], [6], [4]]	1	3	1	2	99	2	T4	2,3	0	G
k4_certs_4_n4_2.json.gz	92	12	7	16,6,3,3	[[2], [5], [4], [6]]	1	3	1	2	99	2	T4	2,3	0	G
k4_certs_4_n4_2.json.gz	92	12	7	16,6,3,3	[[2], [5], [6], [4]]	1	3	1	2	99	2	T4	2,3	0	G
k4_certs_4_n4_2.json.gz	92	12	7	16,11,3,3	[[0, 2], [5], [4], [6]]	1	3	1	2	99	2	T4	2,3	0	G
k4_certs_4_n4_2.json.gz	92	12	7	16,11,3,3	[[0, 2], [5], [6], [4]]	1	3	1	2	99	2	T4	2,3	0	G
k4_certs_4_n4_2.json.gz	92	12	7	16,11,3,3	[[2], [5], [4], [6]]	1	3	1	2	99	2	T4	2,3	0	G
k4_certs_4_n4_2.json.gz	92	12	7	16,11,3,3	[[2], [5], [6], [4]]	1	3	1	2	99	2	T4	2,3	0	G
k4_certs_4_n4_2.json.gz	92	12	7	16,21,3,3	[[0, 2], [5], [4], [6]]	1	3	1	2	99	2	T4	2,3	0	G
k4_certs_4_n4_2.json.gz	92	12	7	16,21,3,3	[[0, 2], [5], [6], [4]]	1	3	1	2	99	2	T4	2,3	0	G
k4_certs_4_n4_2.json.gz	92	12	7	16,21,3,3	[[2], [5], [4], [6]]	1	3	1	2	99	2	T4	2,3	0	G
k4_certs_4_n4_2.json.gz	92	12	7	16,21,3,3	[[2], [5], [6], [4]]	1	3	1	2	99	2	T4	2,3	0	G
k4_certs_4_n4_2.json.gz	92	12	7	16,34,3,3	[[0, 2], [5], [4], [6]]	1	3	1	2	99	2	T4	2,3	0	G
k4_certs_4_n4_2.json.gz	92	12	7	16,34,3,3	[[0, 2], [5], [6], [4]]	1	3	1	2	99	2	T4	2,3	0	G
k4_certs_4_n4_2.json.gz	92	12	7	16,34,3,3	[[2], [5], [4], [6]]	1	3	1	2	99	2	T4	2,3	0	G
k4_certs_4_n4_2.json.gz	92	12	7	16,34,3,3	[[2], [5], [6], [4]]	1	3	1	2	99	2	T4	2,3	0	G
k4_certs_4_n4_2.json.gz	92	12	7	16,39,3,3	[[0, 2], [5], [4], [6]]	1	3	1	2	99	2	T4	2,3	0	G
k4_certs_4_n4_2.json.gz	92	12	7	16,39,3,3	[[0, 2], [5], [6], [4]]	1	3	1	2	99	2	T4	2,3	0	G
k4_certs_4_n4_2.json.gz	92	12	7	16,39,3,3	[[2], [5], [4], [6]]	1	3	1	2	99	2	T4	2,3	0	G
k4_certs_4_n4_2.json.gz	92	12	7	16,39,3,3	[[2], [5], [6], [4]]	1	3	1	2	99	2	T4	2,3	0	G
k4_certs_4_n4_2.json.gz	92	12	7	16,51,3,3	[[0, 2], [5], [4], [6]]	1	3	1	2	99	2	T4	2,3	0	G
k4_certs_4_n4_2.json.gz	92	12	7	16,51,3,3	[[0, 2], [5], [6], [4]]	1	3	1	2	99	2	T4	2,3	0	G
k4_certs_4_n4_2.json.gz	92	12	7	16,51,3,3	[[2], [5], [4], [6]]	1	3	1	2	99	2	T4	2,3	0	G
k4_certs_4_n4_2.json.gz	92	12	7	16,51,3,3	[[2], [5], [6], [4]]	1	3	1	2	99	2	T4	2,3	0	G
k4_certs_4_n4_2.json.gz	92	12	7	16,65,3,3	[[0, 2], [5], [4], [6]]	1	3	1	2	99	2	T4	2,3	0	G
k4_certs_4_n4_2.json.gz	92	12	7	16,65,3,3	[[0, 2], [5], [6], [4]]	1	3	1	2	99	2	T4	2,3	0	G
k4_certs_4_n4_2.json.gz	92	12	7	16,65,3,3	[[2], [5], [4], [6]]	1	3	1	2	99	2	T4	2,3	0	G
k4_certs_4_n4_2.json.gz	92	12	7	16,65,3,3	[[2], [5], [6], [4]]	1	3	1	2	99	2	T4	2,3	0	G
k4_certs_4_n4_2.json.gz	92	12	7	16,73,3,3	[[0, 2], [5], [4], [6]]	1	3	1	2	99	2	T4	2,3	0	G
k4_certs_4_n4_2.json.gz	92	12	7	16,73,3,3	[[0, 2], [5], [6], [4]]	1	3	1	2	99	2	T4	2,3	0	G
k4_certs_4_n4_2.json.gz	92	12	7	16,73,3,3	[[2], [5], [4], [6]]	1	3	1	2	99	2	T4	2,3	0	G
k4_certs_4_n4_2.json.gz	92	12	7	16,73,3,3	[[2], [5], [6], [4]]	1	3	1	2	99	2	T4	2,3	0	G
k4_certs_4_n4_2.json.gz	92	12	7	16,103,3,3	[[0, 2], [5], [4], [6]]	1	3	1	2	99	2	T4	2,3	0	G
k4_certs_4_n4_2.json.gz	92	12	7	16,103,3,3	[[0, 2], [5], [6], [4]]	1	3	1	2	99	2	T4	2,3	0	G
k4_certs_4_n4_2.json.gz	92	12	7	16,103,3,3	[[2], [5], [4], [6]]	1	3	1	2	99	2	T4	2,3	0	G
k4_certs_4_n4_2.json.gz	92	12	7	16,103,3,3	[[2], [5], [6], [4]]	1	3	1	2	99	2	T4	2,3	0	G
k4_certs_4_n4_2.json.gz	92	12	7	16,111,3,3	[[0, 2], [5], [4], [6]]	1	3	1	2	99	2	T4	2,3	0	G
k4_certs_4_n4_2.json.gz	92	12	7	16,111,3,3	[[0, 2], [5], [6], [4]]	1	3	1	2	99	2	T4	2,3	0	G
k4_certs_4_n4_2.json.gz	92	12	7	16,111,3,3	[[2], [5], [4], [6]]	1	3	1	2	99	2	T4	2,3	0	G
k4_certs_4_n4_2.json.gz	92	12	7	16,111,3,3	[[2], [5], [6], [4]]	1	3	1	2	99	2	T4	2,3	0	G
k4_certs_4_n4_2.json.gz	92	12	7	17,6,3,3	[[0, 2], [5], [4], [6]]	1	3	1	2	99	2	T4	2,3	0	G
k4_certs_4_n4_2.json.gz	92	12	7	17,6,3,3	[[0, 2], [5], [6], [4]]	1	3	1	2	99	2	T4	2,3	0	G
k4_certs_4_n4_2.json.gz	92	12	7	17,6,3,3	[[2], [5], [4], [6]]	1	3	1	2	99	2	T4	2,3	0	G
k4_certs_4_n4_2.json.gz	92	12	7	17,6,3,3	[[2], [5], [6], [4]]	1	3	1	2	99	2	T4	2,3	0	G
k4_certs_4_n4_2.json.gz	92	12	7	17,11,3,3	[[0, 2], [5], [4], [6]]	1	3	1	2	99	2	T4	2,3	0	G
k4_certs_4_n4_2.json.gz	92	12	7	17,11,3,3	[[0, 2], [5], [6], [4]]	1	3	1	2	99	2	T4	2,3	0	G
k4_certs_4_n4_2.json.gz	92	12	7	17,11,3,3	[[2], [5], [4], [6]]	1	3	1	2	99	2	T4	2,3	0	G
k4_certs_4_n4_2.json.gz	92	12	7	17,11,3,3	[[2], [5], [6], [4]]	1	3	1	2	99	2	T4	2,3	0	G
k4_certs_4_n4_2.json.gz	92	12	7	17,21,3,3	[[0, 2], [5], [4], [6]]	1	3	1	2	99	2	T4	2,3	0	G
k4_certs_4_n4_2.json.gz	92	12	7	17,21,3,3	[[0, 2], [5], [6], [4]]	1	3	1	2	99	2	T4	2,3	0	G
k4_certs_4_n4_2.json.gz	92	12	7	17,21,3,3	[[2], [5], [4], [6]]	1	3	1	2	99	2	T4	2,3	0	G
k4_certs_4_n4_2.json.gz	92	12	7	17,21,3,3	[[2], [5], [6], [4]]	1	3	1	2	99	2	T4	2,3	0	G
k4_certs_4_n4_2.json.gz	92	12	7	17,34,3,3	[[0, 2], [5], [4], [6]]	1	3	1	2	99	2	T4	2,3	0	G
k4_certs_4_n4_2.json.gz	92	12	7	17,34,3,3	[[0, 2], [5], [6], [4]]	1	3	1	2	99	2	T4	2,3	0	G
k4_certs_4_n4_2.json.gz	92	12	7	17,34,3,3	[[2], [5], [4], [6]]	1	3	1	2	99	2	T4	2,3	0	G
k4_certs_4_n4_2.json.gz	92	12	7	17,34,3,3	[[2], [5], [6], [4]]	1	3	1	2	99	2	T4	2,3	0	G
k4_certs_4_n4_2.json.gz	92	12	7	17,39,3,3	[[0, 2], [5], [4], [6]]	1	3	1	2	99	2	T4	2,3	0	G
k4_certs_4_n4_2.json.gz	92	12	7	17,39,3,3	[[0, 2], [5], [6], [4]]	1	3	1	2	99	2	T4	2,3	0	G
k4_certs_4_n4_2.json.gz	92	12	7	17,39,3,3	[[2], [5], [4], [6]]	1	3	1	2	99	2	T4	2,3	0	G
k4_certs_4_n4_2.json.gz	92	12	7	17,39,3,3	[[2], [5], [6], [4]]	1	3	1	2	99	2	T4	2,3	0	G
k4_certs_4_n4_2.json.gz	92	12	7	17,51,3,3	[[0, 2], [5], [4], [6]]	1	3	1	2	99	2	T4	2,3	0	G
k4_certs_4_n4_2.json.gz	92	12	7	17,51,3,3	[[0, 2], [5], [6], [4]]	1	3	1	2	99	2	T4	2,3	0	G
k4_certs_4_n4_2.json.gz	92	12	7	17,51,3,3	[[2], [5], [4], [6]]	1	3	1	2	99	2	T4	2,3	0	G
k4_certs_4_n4_2.json.gz	92	12	7	17,51,3,3	[[2], [5], [6], [4]]	1	3	1	2	99	2	T4	2,3	0	G
k4_certs_4_n4_2.json.gz	92	12	7	17,65,3,3	[[0, 2], [5], [4], [6]]	1	3	1	2	99	2	T4	2,3	0	G
k4_certs_4_n4_2.json.gz	92	12	7	17,65,3,3	[[0, 2], [5], [6], [4]]	1	3	1	2	99	2	T4	2,3	0	G
k4_certs_4_n4_2.json.gz	92	12	7	17,65,3,3	[[2], [5], [4], [6]]	1	3	1	2	99	2	T4	2,3	0	G
k4_certs_4_n4_2.json.gz	92	12	7	17,65,3,3	[[2], [5], [6], [4]]	1	3	1	2	99	2	T4	2,3	0	G
k4_certs_4_n4_2.json.gz	92	12	7	17,73,3,3	[[0, 2], [5], [4], [6]]	1	3	1	2	99	2	T4	2,3	0	G
k4_certs_4_n4_2.json.gz	92	12	7	17,73,3,3	[[0, 2], [5], [6], [4]]	1	3	1	2	99	2	T4	2,3	0	G
k4_certs_4_n4_2.json.gz	92	12	7	17,73,3,3	[[2], [5], [4], [6]]	1	3	1	2	99	2	T4	2,3	0	G
k4_certs_4_n4_2.json.gz	92	12	7	17,73,3,3	[[2], [5], [6], [4]]	1	3	1	2	99	2	T4	2,3	0	G
k4_certs_4_n4_2.json.gz	92	12	7	17,103,3,3	[[0, 2], [5], [4], [6]]	1	3	1	2	99	2	T4	2,3	0	G
k4_certs_4_n4_2.json.gz	92	12	7	17,103,3,3	[[0, 2], [5], [6], [4]]	1	3	1	2	99	2	T4	2,3	0	G
k4_certs_4_n4_2.json.gz	92	12	7	17,103,3,3	[[2], [5], [4], [6]]	1	3	1	2	99	2	T4	2,3	0	G
k4_certs_4_n4_2.json.gz	92	12	7	17,103,3,3	[[2], [5], [6], [4]]	1	3	1	2	99	2	T4	2,3	0	G
k4_certs_4_n4_2.json.gz	92	12	7	17,111,3,3	[[0, 2], [5], [4], [6]]	1	3	1	2	99	2	T4	2,3	0	G
k4_certs_4_n4_2.json.gz	92	12	7	17,111,3,3	[[0, 2], [5], [6], [4]]	1	3	1	2	99	2	T4	2,3	0	G
k4_certs_4_n4_2.json.gz	92	12	7	17,111,3,3	[[2], [5], [4], [6]]	1	3	1	2	99	2	T4	2,3	0	G
k4_certs_4_n4_2.json.gz	92	12	7	17,111,3,3	[[2], [5], [6], [4]]	1	3	1	2	99	2	T4	2,3	0	G
k4_certs_4_n4_2.json.gz	92	12	7	21,1,5,5	[[4], [1, 3], [5], [6]]	1	3	1	2	99	2	T4	2,3	0	G
k4_certs_4_n4_2.json.gz	92	12	7	21,1,5,5	[[4], [1, 3], [6], [5]]	1	3	1	2	99	2	T4	2,3	0	G
k4_certs_4_n4_2.json.gz	92	12	7	21,1,5,5	[[4], [3], [5], [6]]	1	3	1	2	99	2	T4	2,3	0	G
k4_certs_4_n4_2.json.gz	92	12	7	21,1,5,5	[[4], [3], [6], [5]]	1	3	1	2	99	2	T4	2,3	0	G
k4_certs_4_n4_2.json.gz	92	12	7	21,9,5,5	[[4], [1, 3], [5], [6]]	1	3	1	2	99	2	T4	2,3	0	G
k4_certs_4_n4_2.json.gz	92	12	7	21,9,5,5	[[4], [1, 3], [6], [5]]	1	3	1	2	99	2	T4	2,3	0	G
k4_certs_4_n4_2.json.gz	92	12	7	21,9,5,5	[[4], [3], [5], [6]]	1	3	1	2	99	2	T4	2,3	0	G
k4_certs_4_n4_2.json.gz	92	12	7	21,9,5,5	[[4], [3], [6], [5]]	1	3	1	2	99	2	T4	2,3	0	G
k4_certs_4_n4_2.json.gz	92	12	7	21,16,5,5	[[4], [1, 3], [5], [6]]	1	3	1	2	99	2	T4	2,3	0	G
k4_certs_4_n4_2.json.gz	92	12	7	21,16,5,5	[[4], [1, 3], [6], [5]]	1	3	1	2	99	2	T4	2,3	0	G
k4_certs_4_n4_2.json.gz	92	12	7	21,16,5,5	[[4], [3], [5], [6]]	1	3	1	2	99	2	T4	2,3	0	G
k4_certs_4_n4_2.json.gz	92	12	7	21,16,5,5	[[4], [3], [6], [5]]	1	3	1	2	99	2	T4	2,3	0	G
k4_certs_4_n4_2.json.gz	92	12	7	21,17,5,5	[[4], [1, 3], [5], [6]]	1	3	1	2	99	2	T4	2,3	0	G
k4_certs_4_n4_2.json.gz	92	12	7	21,17,5,5	[[4], [1, 3], [6], [5]]	1	3	1	2	99	2	T4	2,3	0	G
k4_certs_4_n4_2.json.gz	92	12	7	21,17,5,5	[[4], [3], [5], [6]]	1	3	1	2	99	2	T4	2,3	0	G
k4_certs_4_n4_2.json.gz	92	12	7	21,17,5,5	[[4], [3], [6], [5]]	1	3	1	2	99	2	T4	2,3	0	G
k4_certs_4_n4_2.json.gz	92	12	7	21,37,5,5	[[4], [1], [5], [6]]	1	3	1	2	99	2	T4	2,3	0	G
k4_certs_4_n4_2.json.gz	92	12	7	21,37,5,5	[[4], [1], [6], [5]]	1	3	1	2	99	2	T4	2,3	0	G
k4_certs_4_n4_2.json.gz	92	12	7	21,37,5,5	[[4], [1, 3], [5], [6]]	1	3	1	2	99	2	T4	2,3	0	G
k4_certs_4_n4_2.json.gz	92	12	7	21,37,5,5	[[4], [1, 3], [6], [5]]	1	3	1	2	99	2	T4	2,3	0	G
k4_certs_4_n4_2.json.gz	92	12	7	21,43,5,5	[[4], [1, 3], [5], [6]]	1	3	1	2	99	2	T4	2,3	0	G
k4_certs_4_n4_2.json.gz	92	12	7	21,43,5,5	[[4], [1, 3], [6], [5]]	1	3	1	2	99	2	T4	2,3	0	G
k4_certs_4_n4_2.json.gz	92	12	7	21,43,5,5	[[4], [3], [5], [6]]	1	3	1	2	99	2	T4	2,3	0	G
k4_certs_4_n4_2.json.gz	92	12	7	21,43,5,5	[[4], [3], [6], [5]]	1	3	1	2	99	2	T4	2,3	0	G
k4_certs_4_n4_2.json.gz	92	12	7	21,63,5,5	[[4], [1], [5], [6]]	1	3	1	2	99	2	T4	2,3	0	G
k4_certs_4_n4_2.json.gz	92	12	7	21,63,5,5	[[4], [1], [6], [5]]	1	3	1	2	99	2	T4	2,3	0	G
k4_certs_4_n4_2.json.gz	92	12	7	21,63,5,5	[[4], [1, 3], [5], [6]]	1	3	1	2	99	2	T4	2,3	0	G
k4_certs_4_n4_2.json.gz	92	12	7	21,63,5,5	[[4], [1, 3], [6], [5]]	1	3	1	2	99	2	T4	2,3	0	G
k4_certs_4_n4_2.json.gz	92	12	7	21,70,5,5	[[4], [1], [5], [6]]	1	3	1	2	99	2	T4	2,3	0	G
k4_certs_4_n4_2.json.gz	92	12	7	21,70,5,5	[[4], [1], [6], [5]]	1	3	1	2	99	2	T4	2,3	0	G
k4_certs_4_n4_2.json.gz	92	12	7	21,70,5,5	[[4], [1, 3], [5], [6]]	1	3	1	2	99	2	T4	2,3	0	G
k4_certs_4_n4_2.json.gz	92	12	7	21,70,5,5	[[4], [1, 3], [6], [5]]	1	3	1	2	99	2	T4	2,3	0	G
k4_certs_4_n4_2.json.gz	92	12	7	21,71,5,5	[[4], [1], [5], [6]]	1	3	1	2	99	2	T4	2,3	0	G
k4_certs_4_n4_2.json.gz	92	12	7	21,71,5,5	[[4], [1], [6], [5]]	1	3	1	2	99	2	T4	2,3	0	G
k4_certs_4_n4_2.json.gz	92	12	7	21,71,5,5	[[4], [1, 3], [5], [6]]	1	3	1	2	99	2	T4	2,3	0	G
k4_certs_4_n4_2.json.gz	92	12	7	21,71,5,5	[[4], [1, 3], [6], [5]]	1	3	1	2	99	2	T4	2,3	0	G
k4_certs_4_n4_2.json.gz	92	12	7	21,77,5,5	[[4], [1], [5], [6]]	1	3	1	2	99	2	T4	2,3	0	G
k4_certs_4_n4_2.json.gz	92	12	7	21,77,5,5	[[4], [1], [6], [5]]	1	3	1	2	99	2	T4	2,3	0	G
k4_certs_4_n4_2.json.gz	92	12	7	21,77,5,5	[[4], [1, 3], [5], [6]]	1	3	1	2	99	2	T4	2,3	0	G
k4_certs_4_n4_2.json.gz	92	12	7	21,77,5,5	[[4], [1, 3], [6], [5]]	1	3	1	2	99	2	T4	2,3	0	G
k4_certs_4_n4_2.json.gz	92	12	7	34,1,5,5	[[4], [1, 3], [5], [6]]	1	3	1	2	99	2	T4	2,3	0	G
k4_certs_4_n4_2.json.gz	92	12	7	34,1,5,5	[[4], [1, 3], [6], [5]]	1	3	1	2	99	2	T4	2,3	0	G
k4_certs_4_n4_2.json.gz	92	12	7	34,1,5,5	[[4], [3], [5], [6]]	1	3	1	2	99	2	T4	2,3	0	G
k4_certs_4_n4_2.json.gz	92	12	7	34,1,5,5	[[4], [3], [6], [5]]	1	3	1	2	99	2	T4	2,3	0	G
k4_certs_4_n4_2.json.gz	92	12	7	34,9,5,5	[[4], [1, 3], [5], [6]]	1	3	1	2	99	2	T4	2,3	0	G
k4_certs_4_n4_2.json.gz	92	12	7	34,9,5,5	[[4], [1, 3], [6], [5]]	1	3	1	2	99	2	T4	2,3	0	G
k4_certs_4_n4_2.json.gz	92	12	7	34,9,5,5	[[4], [3], [5], [6]]	1	3	1	2	99	2	T4	2,3	0	G
k4_certs_4_n4_2.json.gz	92	12	7	34,9,5,5	[[4], [3], [6], [5]]	1	3	1	2	99	2	T4	2,3	0	G
k4_certs_4_n4_2.json.gz	92	12	7	34,16,5,5	[[4], [1, 3], [5], [6]]	1	3	1	2	99	2	T4	2,3	0	G
k4_certs_4_n4_2.json.gz	92	12	7	34,16,5,5	[[4], [1, 3], [6], [5]]	1	3	1	2	99	2	T4	2,3	0	G
k4_certs_4_n4_2.json.gz	92	12	7	34,16,5,5	[[4], [3], [5], [6]]	1	3	1	2	99	2	T4	2,3	0	G
k4_certs_4_n4_2.json.gz	92	12	7	34,16,5,5	[[4], [3], [6], [5]]	1	3	1	2	99	2	T4	2,3	0	G
k4_certs_4_n4_2.json.gz	92	12	7	34,17,5,5	[[4], [1, 3], [5], [6]]	1	3	1	2	99	2	T4	2,3	0	G
k4_certs_4_n4_2.json.gz	92	12	7	34,17,5,5	[[4], [1, 3], [6], [5]]	1	3	1	2	99	2	T4	2,3	0	G
k4_certs_4_n4_2.json.gz	92	12	7	34,17,5,5	[[4], [3], [5], [6]]	1	3	1	2	99	2	T4	2,3	0	G
k4_certs_4_n4_2.json.gz	92	12	7	34,17,5,5	[[4], [3], [6], [5]]	1	3	1	2	99	2	T4	2,3	0	G
k4_certs_4_n4_2.json.gz	92	12	7	34,37,5,5	[[4], [1], [5], [6]]	1	3	1	2	99	2	T4	2,3	0	G
k4_certs_4_n4_2.json.gz	92	12	7	34,37,5,5	[[4], [1], [6], [5]]	1	3	1	2	99	2	T4	2,3	0	G
k4_certs_4_n4_2.json.gz	92	12	7	34,37,5,5	[[4], [1, 3], [5], [6]]	1	3	1	2	99	2	T4	2,3	0	G
k4_certs_4_n4_2.json.gz	92	12	7	34,37,5,5	[[4], [1, 3], [6], [5]]	1	3	1	2	99	2	T4	2,3	0	G
k4_certs_4_n4_2.json.gz	92	12	7	34,43,5,5	[[4], [1, 3], [5], [6]]	1	3	1	2	99	2	T4	2,3	0	G
k4_certs_4_n4_2.json.gz	92	12	7	34,43,5,5	[[4], [1, 3], [6], [5]]	1	3	1	2	99	2	T4	2,3	0	G
k4_certs_4_n4_2.json.gz	92	12	7	34,43,5,5	[[4], [3], [5], [6]]	1	3	1	2	99	2	T4	2,3	0	G
k4_certs_4_n4_2.json.gz	92	12	7	34,43,5,5	[[4], [3], [6], [5]]	1	3	1	2	99	2	T4	2,3	0	G
k4_certs_4_n4_2.json.gz	92	12	7	34,63,5,5	[[4], [1], [5], [6]]	1	3	1	2	99	2	T4	2,3	0	G
k4_certs_4_n4_2.json.gz	92	12	7	34,63,5,5	[[4], [1], [6], [5]]	1	3	1	2	99	2	T4	2,3	0	G
k4_certs_4_n4_2.json.gz	92	12	7	34,63,5,5	[[4], [1, 3], [5], [6]]	1	3	1	2	99	2	T4	2,3	0	G
k4_certs_4_n4_2.json.gz	92	12	7	34,63,5,5	[[4], [1, 3], [6], [5]]	1	3	1	2	99	2	T4	2,3	0	G
k4_certs_4_n4_2.json.gz	92	12	7	34,70,5,5	[[4], [1], [5], [6]]	1	3	1	2	99	2	T4	2,3	0	G
k4_certs_4_n4_2.json.gz	92	12	7	34,70,5,5	[[4], [1], [6], [5]]	1	3	1	2	99	2	T4	2,3	0	G
k4_certs_4_n4_2.json.gz	92	12	7	34,70,5,5	[[4], [1, 3], [5], [6]]	1	3	1	2	99	2	T4	2,3	0	G
k4_certs_4_n4_2.json.gz	92	12	7	34,70,5,5	[[4], [1, 3], [6], [5]]	1	3	1	2	99	2	T4	2,3	0	G
k4_certs_4_n4_2.json.gz	92	12	7	34,71,5,5	[[4], [1], [5], [6]]	1	3	1	2	99	2	T4	2,3	0	G
k4_certs_4_n4_2.json.gz	92	12	7	34,71,5,5	[[4], [1], [6], [5]]	1	3	1	2	99	2	T4	2,3	0	G
k4_certs_4_n4_2.json.gz	92	12	7	34,71,5,5	[[4], [1, 3], [5], [6]]	1	3	1	2	99	2	T4	2,3	0	G
k4_certs_4_n4_2.json.gz	92	12	7	34,71,5,5	[[4], [1, 3], [6], [5]]	1	3	1	2	99	2	T4	2,3	0	G
k4_certs_4_n4_2.json.gz	92	12	7	34,77,5,5	[[4], [1], [5], [6]]	1	3	1	2	99	2	T4	2,3	0	G
k4_certs_4_n4_2.json.gz	92	12	7	34,77,5,5	[[4], [1], [6], [5]]	1	3	1	2	99	2	T4	2,3	0	G
k4_certs_4_n4_2.json.gz	92	12	7	34,77,5,5	[[4], [1, 3], [5], [6]]	1	3	1	2	99	2	T4	2,3	0	G
k4_certs_4_n4_2.json.gz	92	12	7	34,77,5,5	[[4], [1, 3], [6], [5]]	1	3	1	2	99	2	T4	2,3	0	G
k4_certs_4_n4_2.json.gz	92	12	7	37,6,3,3	[[0], [5], [4], [6]]	1	3	1	2	99	2	T4	2,3	0	G
k4_certs_4_n4_2.json.gz	92	12	7	37,6,3,3	[[0], [5], [6], [4]]	1	3	1	2	99	2	T4	2,3	0	G
k4_certs_4_n4_2.json.gz	92	12	7	37,6,3,3	[[0, 2], [5], [4], [6]]	1	3	1	2	99	2	T4	2,3	0	G
k4_certs_4_n4_2.json.gz	92	12	7	37,6,3,3	[[0, 2], [5], [6], [4]]	1	3	1	2	99	2	T4	2,3	0	G
k4_certs_4_n4_2.json.gz	92	12	7	37,11,3,3	[[0], [5], [4], [6]]	1	3	1	2	99	2	T4	2,3	0	G
k4_certs_4_n4_2.json.gz	92	12	7	37,11,3,3	[[0], [5], [6], [4]]	1	3	1	2	99	2	T4	2,3	0	G
k4_certs_4_n4_2.json.gz	92	12	7	37,11,3,3	[[0, 2], [5], [4], [6]]	1	3	1	2	99	2	T4	2,3	0	G
k4_certs_4_n4_2.json.gz	92	12	7	37,11,3,3	[[0, 2], [5], [6], [4]]	1	3	1	2	99	2	T4	2,3	0	G
k4_certs_4_n4_2.json.gz	92	12	7	37,21,3,3	[[0], [5], [4], [6]]	1	3	1	2	99	2	T4	2,3	0	G
k4_certs_4_n4_2.json.gz	92	12	7	37,21,3,3	[[0], [5], [6], [4]]	1	3	1	2	99	2	T4	2,3	0	G
k4_certs_4_n4_2.json.gz	92	12	7	37,21,3,3	[[0, 2], [5], [4], [6]]	1	3	1	2	99	2	T4	2,3	0	G
k4_certs_4_n4_2.json.gz	92	12	7	37,21,3,3	[[0, 2], [5], [6], [4]]	1	3	1	2	99	2	T4	2,3	0	G
k4_certs_4_n4_2.json.gz	92	12	7	37,34,3,3	[[0], [5], [4], [6]]	1	3	1	2	99	2	T4	2,3	0	G
k4_certs_4_n4_2.json.gz	92	12	7	37,34,3,3	[[0], [5], [6], [4]]	1	3	1	2	99	2	T4	2,3	0	G
k4_certs_4_n4_2.json.gz	92	12	7	37,34,3,3	[[0, 2], [5], [4], [6]]	1	3	1	2	99	2	T4	2,3	0	G
k4_certs_4_n4_2.json.gz	92	12	7	37,34,3,3	[[0, 2], [5], [6], [4]]	1	3	1	2	99	2	T4	2,3	0	G
k4_certs_4_n4_2.json.gz	92	12	7	37,39,3,3	[[0], [5], [4], [6]]	1	3	1	2	99	2	T4	2,3	0	G
k4_certs_4_n4_2.json.gz	92	12	7	37,39,3,3	[[0], [5], [6], [4]]	1	3	1	2	99	2	T4	2,3	0	G
k4_certs_4_n4_2.json.gz	92	12	7	37,39,3,3	[[0, 2], [5], [4], [6]]	1	3	1	2	99	2	T4	2,3	0	G
k4_certs_4_n4_2.json.gz	92	12	7	37,39,3,3	[[0, 2], [5], [6], [4]]	1	3	1	2	99	2	T4	2,3	0	G
k4_certs_4_n4_2.json.gz	92	12	7	37,51,3,3	[[0], [5], [4], [6]]	1	3	1	2	99	2	T4	2,3	0	G
k4_certs_4_n4_2.json.gz	92	12	7	37,51,3,3	[[0], [5], [6], [4]]	1	3	1	2	99	2	T4	2,3	0	G
k4_certs_4_n4_2.json.gz	92	12	7	37,51,3,3	[[0, 2], [5], [4], [6]]	1	3	1	2	99	2	T4	2,3	0	G
k4_certs_4_n4_2.json.gz	92	12	7	37,51,3,3	[[0, 2], [5], [6], [4]]	1	3	1	2	99	2	T4	2,3	0	G
k4_certs_4_n4_2.json.gz	92	12	7	37,65,3,3	[[0], [5], [4], [6]]	1	3	1	2	99	2	T4	2,3	0	G
k4_certs_4_n4_2.json.gz	92	12	7	37,65,3,3	[[0], [5], [6], [4]]	1	3	1	2	99	2	T4	2,3	0	G
k4_certs_4_n4_2.json.gz	92	12	7	37,65,3,3	[[0, 2], [5], [4], [6]]	1	3	1	2	99	2	T4	2,3	0	G
k4_certs_4_n4_2.json.gz	92	12	7	37,65,3,3	[[0, 2], [5], [6], [4]]	1	3	1	2	99	2	T4	2,3	0	G
k4_certs_4_n4_2.json.gz	92	12	7	37,73,3,3	[[0], [5], [4], [6]]	1	3	1	2	99	2	T4	2,3	0	G
k4_certs_4_n4_2.json.gz	92	12	7	37,73,3,3	[[0], [5], [6], [4]]	1	3	1	2	99	2	T4	2,3	0	G
k4_certs_4_n4_2.json.gz	92	12	7	37,73,3,3	[[0, 2], [5], [4], [6]]	1	3	1	2	99	2	T4	2,3	0	G
k4_certs_4_n4_2.json.gz	92	12	7	37,73,3,3	[[0, 2], [5], [6], [4]]	1	3	1	2	99	2	T4	2,3	0	G
k4_certs_4_n4_2.json.gz	92	12	7	37,103,3,3	[[0], [5], [4], [6]]	1	3	1	2	99	2	T4	2,3	0	G
k4_certs_4_n4_2.json.gz	92	12	7	37,103,3,3	[[0], [5], [6], [4]]	1	3	1	2	99	2	T4	2,3	0	G
k4_certs_4_n4_2.json.gz	92	12	7	37,103,3,3	[[0, 2], [5], [4], [6]]	1	3	1	2	99	2	T4	2,3	0	G
k4_certs_4_n4_2.json.gz	92	12	7	37,103,3,3	[[0, 2], [5], [6], [4]]	1	3	1	2	99	2	T4	2,3	0	G
k4_certs_4_n4_2.json.gz	92	12	7	37,111,3,3	[[0], [5], [4], [6]]	1	3	1	2	99	2	T4	2,3	0	G
k4_certs_4_n4_2.json.gz	92	12	7	37,111,3,3	[[0], [5], [6], [4]]	1	3	1	2	99	2	T4	2,3	0	G
k4_certs_4_n4_2.json.gz	92	12	7	37,111,3,3	[[0, 2], [5], [4], [6]]	1	3	1	2	99	2	T4	2,3	0	G
k4_certs_4_n4_2.json.gz	92	12	7	37,111,3,3	[[0, 2], [5], [6], [4]]	1	3	1	2	99	2	T4	2,3	0	G
k4_certs_4_n4_2.json.gz	92	12	7	39,1,5,5	[[4], [1, 3], [5], [6]]	1	3	1	2	99	2	T4	2,3	0	G
k4_certs_4_n4_2.json.gz	92	12	7	39,1,5,5	[[4], [1, 3], [6], [5]]	1	3	1	2	99	2	T4	2,3	0	G
k4_certs_4_n4_2.json.gz	92	12	7	39,1,5,5	[[4], [3], [5], [6]]	1	3	1	2	99	2	T4	2,3	0	G
k4_certs_4_n4_2.json.gz	92	12	7	39,1,5,5	[[4], [3], [6], [5]]	1	3	1	2	99	2	T4	2,3	0	G
k4_certs_4_n4_2.json.gz	92	12	7	39,9,5,5	[[4], [1, 3], [5], [6]]	1	3	1	2	99	2	T4	2,3	0	G
k4_certs_4_n4_2.json.gz	92	12	7	39,9,5,5	[[4], [1, 3], [6], [5]]	1	3	1	2	99	2	T4	2,3	0	G
k4_certs_4_n4_2.json.gz	92	12	7	39,9,5,5	[[4], [3], [5], [6]]	1	3	1	2	99	2	T4	2,3	0	G
k4_certs_4_n4_2.json.gz	92	12	7	39,9,5,5	[[4], [3], [6], [5]]	1	3	1	2	99	2	T4	2,3	0	G
k4_certs_4_n4_2.json.gz	92	12	7	39,16,5,5	[[4], [1, 3], [5], [6]]	1	3	1	2	99	2	T4	2,3	0	G
k4_certs_4_n4_2.json.gz	92	12	7	39,16,5,5	[[4], [1, 3], [6], [5]]	1	3	1	2	99	2	T4	2,3	0	G
k4_certs_4_n4_2.json.gz	92	12	7	39,16,5,5	[[4], [3], [5], [6]]	1	3	1	2	99	2	T4	2,3	0	G
k4_certs_4_n4_2.json.gz	92	12	7	39,16,5,5	[[4], [3], [6], [5]]	1	3	1	2	99	2	T4	2,3	0	G
k4_certs_4_n4_2.json.gz	92	12	7	39,17,5,5	[[4], [1, 3], [5], [6]]	1	3	1	2	99	2	T4	2,3	0	G
k4_certs_4_n4_2.json.gz	92	12	7	39,17,5,5	[[4], [1, 3], [6], [5]]	1	3	1	2	99	2	T4	2,3	0	G
k4_certs_4_n4_2.json.gz	92	12	7	39,17,5,5	[[4], [3], [5], [6]]	1	3	1	2	99	2	T4	2,3	0	G
k4_certs_4_n4_2.json.gz	92	12	7	39,17,5,5	[[4], [3], [6], [5]]	1	3	1	2	99	2	T4	2,3	0	G
k4_certs_4_n4_2.json.gz	92	12	7	39,37,5,5	[[4], [1], [5], [6]]	1	3	1	2	99	2	T4	2,3	0	G
k4_certs_4_n4_2.json.gz	92	12	7	39,37,5,5	[[4], [1], [6], [5]]	1	3	1	2	99	2	T4	2,3	0	G
k4_certs_4_n4_2.json.gz	92	12	7	39,37,5,5	[[4], [1, 3], [5], [6]]	1	3	1	2	99	2	T4	2,3	0	G
k4_certs_4_n4_2.json.gz	92	12	7	39,37,5,5	[[4], [1, 3], [6], [5]]	1	3	1	2	99	2	T4	2,3	0	G
k4_certs_4_n4_2.json.gz	92	12	7	39,43,5,5	[[4], [1, 3], [5], [6]]	1	3	1	2	99	2	T4	2,3	0	G
k4_certs_4_n4_2.json.gz	92	12	7	39,43,5,5	[[4], [1, 3], [6], [5]]	1	3	1	2	99	2	T4	2,3	0	G
k4_certs_4_n4_2.json.gz	92	12	7	39,43,5,5	[[4], [3], [5], [6]]	1	3	1	2	99	2	T4	2,3	0	G
k4_certs_4_n4_2.json.gz	92	12	7	39,43,5,5	[[4], [3], [6], [5]]	1	3	1	2	99	2	T4	2,3	0	G
k4_certs_4_n4_2.json.gz	92	12	7	39,63,5,5	[[4], [1], [5], [6]]	1	3	1	2	99	2	T4	2,3	0	G
k4_certs_4_n4_2.json.gz	92	12	7	39,63,5,5	[[4], [1], [6], [5]]	1	3	1	2	99	2	T4	2,3	0	G
k4_certs_4_n4_2.json.gz	92	12	7	39,63,5,5	[[4], [1, 3], [5], [6]]	1	3	1	2	99	2	T4	2,3	0	G
k4_certs_4_n4_2.json.gz	92	12	7	39,63,5,5	[[4], [1, 3], [6], [5]]	1	3	1	2	99	2	T4	2,3	0	G
k4_certs_4_n4_2.json.gz	92	12	7	39,70,5,5	[[4], [1], [5], [6]]	1	3	1	2	99	2	T4	2,3	0	G
k4_certs_4_n4_2.json.gz	92	12	7	39,70,5,5	[[4], [1], [6], [5]]	1	3	1	2	99	2	T4	2,3	0	G
k4_certs_4_n4_2.json.gz	92	12	7	39,70,5,5	[[4], [1, 3], [5], [6]]	1	3	1	2	99	2	T4	2,3	0	G
k4_certs_4_n4_2.json.gz	92	12	7	39,70,5,5	[[4], [1, 3], [6], [5]]	1	3	1	2	99	2	T4	2,3	0	G
k4_certs_4_n4_2.json.gz	92	12	7	39,71,5,5	[[4], [1], [5], [6]]	1	3	1	2	99	2	T4	2,3	0	G
k4_certs_4_n4_2.json.gz	92	12	7	39,71,5,5	[[4], [1], [6], [5]]	1	3	1	2	99	2	T4	2,3	0	G
k4_certs_4_n4_2.json.gz	92	12	7	39,71,5,5	[[4], [1, 3], [5], [6]]	1	3	1	2	99	2	T4	2,3	0	G
k4_certs_4_n4_2.json.gz	92	12	7	39,71,5,5	[[4], [1, 3], [6], [5]]	1	3	1	2	99	2	T4	2,3	0	G
k4_certs_4_n4_2.json.gz	92	12	7	39,77,5,5	[[4], [1], [5], [6]]	1	3	1	2	99	2	T4	2,3	0	G
k4_certs_4_n4_2.json.gz	92	12	7	39,77,5,5	[[4], [1], [6], [5]]	1	3	1	2	99	2	T4	2,3	0	G
k4_certs_4_n4_2.json.gz	92	12	7	39,77,5,5	[[4], [1, 3], [5], [6]]	1	3	1	2	99	2	T4	2,3	0	G
k4_certs_4_n4_2.json.gz	92	12	7	39,77,5,5	[[4], [1, 3], [6], [5]]	1	3	1	2	99	2	T4	2,3	0	G
k4_certs_4_n4_2.json.gz	92	12	7	43,6,3,3	[[0, 2], [5], [4], [6]]	1	3	1	2	99	2	T4	2,3	0	G
k4_certs_4_n4_2.json.gz	92	12	7	43,6,3,3	[[0, 2], [5], [6], [4]]	1	3	1	2	99	2	T4	2,3	0	G
k4_certs_4_n4_2.json.gz	92	12	7	43,6,3,3	[[2], [5], [4], [6]]	1	3	1	2	99	2	T4	2,3	0	G
k4_certs_4_n4_2.json.gz	92	12	7	43,6,3,3	[[2], [5], [6], [4]]	1	3	1	2	99	2	T4	2,3	0	G
k4_certs_4_n4_2.json.gz	92	12	7	43,11,3,3	[[0, 2], [5], [4], [6]]	1	3	1	2	99	2	T4	2,3	0	G
k4_certs_4_n4_2.json.gz	92	12	7	43,11,3,3	[[0, 2], [5], [6], [4]]	1	3	1	2	99	2	T4	2,3	0	G
k4_certs_4_n4_2.json.gz	92	12	7	43,11,3,3	[[2], [5], [4], [6]]	1	3	1	2	99	2	T4	2,3	0	G
k4_certs_4_n4_2.json.gz	92	12	7	43,11,3,3	[[2], [5], [6], [4]]	1	3	1	2	99	2	T4	2,3	0	G
k4_certs_4_n4_2.json.gz	92	12	7	43,21,3,3	[[0, 2], [5], [4], [6]]	1	3	1	2	99	2	T4	2,3	0	G
k4_certs_4_n4_2.json.gz	92	12	7	43,21,3,3	[[0, 2], [5], [6], [4]]	1	3	1	2	99	2	T4	2,3	0	G
k4_certs_4_n4_2.json.gz	92	12	7	43,21,3,3	[[2], [5], [4], [6]]	1	3	1	2	99	2	T4	2,3	0	G
k4_certs_4_n4_2.json.gz	92	12	7	43,21,3,3	[[2], [5], [6], [4]]	1	3	1	2	99	2	T4	2,3	0	G
k4_certs_4_n4_2.json.gz	92	12	7	43,34,3,3	[[0, 2], [5], [4], [6]]	1	3	1	2	99	2	T4	2,3	0	G
k4_certs_4_n4_2.json.gz	92	12	7	43,34,3,3	[[0, 2], [5], [6], [4]]	1	3	1	2	99	2	T4	2,3	0	G
k4_certs_4_n4_2.json.gz	92	12	7	43,34,3,3	[[2], [5], [4], [6]]	1	3	1	2	99	2	T4	2,3	0	G
k4_certs_4_n4_2.json.gz	92	12	7	43,34,3,3	[[2], [5], [6], [4]]	1	3	1	2	99	2	T4	2,3	0	G
k4_certs_4_n4_2.json.gz	92	12	7	43,39,3,3	[[0, 2], [5], [4], [6]]	1	3	1	2	99	2	T4	2,3	0	G
k4_certs_4_n4_2.json.gz	92	12	7	43,39,3,3	[[0, 2], [5], [6], [4]]	1	3	1	2	99	2	T4	2,3	0	G
k4_certs_4_n4_2.json.gz	92	12	7	43,39,3,3	[[2], [5], [4], [6]]	1	3	1	2	99	2	T4	2,3	0	G
k4_certs_4_n4_2.json.gz	92	12	7	43,39,3,3	[[2], [5], [6], [4]]	1	3	1	2	99	2	T4	2,3	0	G
k4_certs_4_n4_2.json.gz	92	12	7	43,51,3,3	[[0, 2], [5], [4], [6]]	1	3	1	2	99	2	T4	2,3	0	G
k4_certs_4_n4_2.json.gz	92	12	7	43,51,3,3	[[0, 2], [5], [6], [4]]	1	3	1	2	99	2	T4	2,3	0	G
k4_certs_4_n4_2.json.gz	92	12	7	43,51,3,3	[[2], [5], [4], [6]]	1	3	1	2	99	2	T4	2,3	0	G
k4_certs_4_n4_2.json.gz	92	12	7	43,51,3,3	[[2], [5], [6], [4]]	1	3	1	2	99	2	T4	2,3	0	G
k4_certs_4_n4_2.json.gz	92	12	7	43,65,3,3	[[0, 2], [5], [4], [6]]	1	3	1	2	99	2	T4	2,3	0	G
k4_certs_4_n4_2.json.gz	92	12	7	43,65,3,3	[[0, 2], [5], [6], [4]]	1	3	1	2	99	2	T4	2,3	0	G
k4_certs_4_n4_2.json.gz	92	12	7	43,65,3,3	[[2], [5], [4], [6]]	1	3	1	2	99	2	T4	2,3	0	G
k4_certs_4_n4_2.json.gz	92	12	7	43,65,3,3	[[2], [5], [6], [4]]	1	3	1	2	99	2	T4	2,3	0	G
k4_certs_4_n4_2.json.gz	92	12	7	43,73,3,3	[[0, 2], [5], [4], [6]]	1	3	1	2	99	2	T4	2,3	0	G
k4_certs_4_n4_2.json.gz	92	12	7	43,73,3,3	[[0, 2], [5], [6], [4]]	1	3	1	2	99	2	T4	2,3	0	G
k4_certs_4_n4_2.json.gz	92	12	7	43,73,3,3	[[2], [5], [4], [6]]	1	3	1	2	99	2	T4	2,3	0	G
k4_certs_4_n4_2.json.gz	92	12	7	43,73,3,3	[[2], [5], [6], [4]]	1	3	1	2	99	2	T4	2,3	0	G
k4_certs_4_n4_2.json.gz	92	12	7	43,103,3,3	[[0, 2], [5], [4], [6]]	1	3	1	2	99	2	T4	2,3	0	G
k4_certs_4_n4_2.json.gz	92	12	7	43,103,3,3	[[0, 2], [5], [6], [4]]	1	3	1	2	99	2	T4	2,3	0	G
k4_certs_4_n4_2.json.gz	92	12	7	43,103,3,3	[[2], [5], [4], [6]]	1	3	1	2	99	2	T4	2,3	0	G
k4_certs_4_n4_2.json.gz	92	12	7	43,103,3,3	[[2], [5], [6], [4]]	1	3	1	2	99	2	T4	2,3	0	G
k4_certs_4_n4_2.json.gz	92	12	7	43,111,3,3	[[0, 2], [5], [4], [6]]	1	3	1	2	99	2	T4	2,3	0	G
k4_certs_4_n4_2.json.gz	92	12	7	43,111,3,3	[[0, 2], [5], [6], [4]]	1	3	1	2	99	2	T4	2,3	0	G
k4_certs_4_n4_2.json.gz	92	12	7	43,111,3,3	[[2], [5], [4], [6]]	1	3	1	2	99	2	T4	2,3	0	G
k4_certs_4_n4_2.json.gz	92	12	7	43,111,3,3	[[2], [5], [6], [4]]	1	3	1	2	99	2	T4	2,3	0	G
k4_certs_4_n4_2.json.gz	92	12	7	51,1,5,5	[[4], [1, 3], [5], [6]]	1	3	1	2	99	2	T4	2,3	0	G
k4_certs_4_n4_2.json.gz	92	12	7	51,1,5,5	[[4], [1, 3], [6], [5]]	1	3	1	2	99	2	T4	2,3	0	G
k4_certs_4_n4_2.json.gz	92	12	7	51,1,5,5	[[4], [3], [5], [6]]	1	3	1	2	99	2	T4	2,3	0	G
k4_certs_4_n4_2.json.gz	92	12	7	51,1,5,5	[[4], [3], [6], [5]]	1	3	1	2	99	2	T4	2,3	0	G
k4_certs_4_n4_2.json.gz	92	12	7	51,9,5,5	[[4], [1, 3], [5], [6]]	1	3	1	2	99	2	T4	2,3	0	G
k4_certs_4_n4_2.json.gz	92	12	7	51,9,5,5	[[4], [1, 3], [6], [5]]	1	3	1	2	99	2	T4	2,3	0	G
k4_certs_4_n4_2.json.gz	92	12	7	51,9,5,5	[[4], [3], [5], [6]]	1	3	1	2	99	2	T4	2,3	0	G
k4_certs_4_n4_2.json.gz	92	12	7	51,9,5,5	[[4], [3], [6], [5]]	1	3	1	2	99	2	T4	2,3	0	G
k4_certs_4_n4_2.json.gz	92	12	7	51,16,5,5	[[4], [1, 3], [5], [6]]	1	3	1	2	99	2	T4	2,3	0	G
k4_certs_4_n4_2.json.gz	92	12	7	51,16,5,5	[[4], [1, 3], [6], [5]]	1	3	1	2	99	2	T4	2,3	0	G
k4_certs_4_n4_2.json.gz	92	12	7	51,16,5,5	[[4], [3], [5], [6]]	1	3	1	2	99	2	T4	2,3	0	G
k4_certs_4_n4_2.json.gz	92	12	7	51,16,5,5	[[4], [3], [6], [5]]	1	3	1	2	99	2	T4	2,3	0	G
k4_certs_4_n4_2.json.gz	92	12	7	51,17,5,5	[[4], [1, 3], [5], [6]]	1	3	1	2	99	2	T4	2,3	0	G
k4_certs_4_n4_2.json.gz	92	12	7	51,17,5,5	[[4], [1, 3], [6], [5]]	1	3	1	2	99	2	T4	2,3	0	G
k4_certs_4_n4_2.json.gz	92	12	7	51,17,5,5	[[4], [3], [5], [6]]	1	3	1	2	99	2	T4	2,3	0	G
k4_certs_4_n4_2.json.gz	92	12	7	51,17,5,5	[[4], [3], [6], [5]]	1	3	1	2	99	2	T4	2,3	0	G
k4_certs_4_n4_2.json.gz	92	12	7	51,37,5,5	[[4], [1], [5], [6]]	1	3	1	2	99	2	T4	2,3	0	G
k4_certs_4_n4_2.json.gz	92	12	7	51,37,5,5	[[4], [1], [6], [5]]	1	3	1	2	99	2	T4	2,3	0	G
k4_certs_4_n4_2.json.gz	92	12	7	51,37,5,5	[[4], [1, 3], [5], [6]]	1	3	1	2	99	2	T4	2,3	0	G
k4_certs_4_n4_2.json.gz	92	12	7	51,37,5,5	[[4], [1, 3], [6], [5]]	1	3	1	2	99	2	T4	2,3	0	G
k4_certs_4_n4_2.json.gz	92	12	7	51,43,5,5	[[4], [1, 3], [5], [6]]	1	3	1	2	99	2	T4	2,3	0	G
k4_certs_4_n4_2.json.gz	92	12	7	51,43,5,5	[[4], [1, 3], [6], [5]]	1	3	1	2	99	2	T4	2,3	0	G
k4_certs_4_n4_2.json.gz	92	12	7	51,43,5,5	[[4], [3], [5], [6]]	1	3	1	2	99	2	T4	2,3	0	G
k4_certs_4_n4_2.json.gz	92	12	7	51,43,5,5	[[4], [3], [6], [5]]	1	3	1	2	99	2	T4	2,3	0	G
k4_certs_4_n4_2.json.gz	92	12	7	51,63,5,5	[[4], [1], [5], [6]]	1	3	1	2	99	2	T4	2,3	0	G
k4_certs_4_n4_2.json.gz	92	12	7	51,63,5,5	[[4], [1], [6], [5]]	1	3	1	2	99	2	T4	2,3	0	G
k4_certs_4_n4_2.json.gz	92	12	7	51,63,5,5	[[4], [1, 3], [5], [6]]	1	3	1	2	99	2	T4	2,3	0	G
k4_certs_4_n4_2.json.gz	92	12	7	51,63,5,5	[[4], [1, 3], [6], [5]]	1	3	1	2	99	2	T4	2,3	0	G
k4_certs_4_n4_2.json.gz	92	12	7	51,70,5,5	[[4], [1], [5], [6]]	1	3	1	2	99	2	T4	2,3	0	G
k4_certs_4_n4_2.json.gz	92	12	7	51,70,5,5	[[4], [1], [6], [5]]	1	3	1	2	99	2	T4	2,3	0	G
k4_certs_4_n4_2.json.gz	92	12	7	51,70,5,5	[[4], [1, 3], [5], [6]]	1	3	1	2	99	2	T4	2,3	0	G
k4_certs_4_n4_2.json.gz	92	12	7	51,70,5,5	[[4], [1, 3], [6], [5]]	1	3	1	2	99	2	T4	2,3	0	G
k4_certs_4_n4_2.json.gz	92	12	7	51,71,5,5	[[4], [1], [5], [6]]	1	3	1	2	99	2	T4	2,3	0	G
k4_certs_4_n4_2.json.gz	92	12	7	51,71,5,5	[[4], [1], [6], [5]]	1	3	1	2	99	2	T4	2,3	0	G
k4_certs_4_n4_2.json.gz	92	12	7	51,71,5,5	[[4], [1, 3], [5], [6]]	1	3	1	2	99	2	T4	2,3	0	G
k4_certs_4_n4_2.json.gz	92	12	7	51,71,5,5	[[4], [1, 3], [6], [5]]	1	3	1	2	99	2	T4	2,3	0	G
k4_certs_4_n4_2.json.gz	92	12	7	51,77,5,5	[[4], [1], [5], [6]]	1	3	1	2	99	2	T4	2,3	0	G
k4_certs_4_n4_2.json.gz	92	12	7	51,77,5,5	[[4], [1], [6], [5]]	1	3	1	2	99	2	T4	2,3	0	G
k4_certs_4_n4_2.json.gz	92	12	7	51,77,5,5	[[4], [1, 3], [5], [6]]	1	3	1	2	99	2	T4	2,3	0	G
k4_certs_4_n4_2.json.gz	92	12	7	51,77,5,5	[[4], [1, 3], [6], [5]]	1	3	1	2	99	2	T4	2,3	0	G
k4_certs_4_n4_2.json.gz	92	12	7	63,6,3,3	[[0], [5], [4], [6]]	1	3	1	2	99	2	T4	2,3	0	G
k4_certs_4_n4_2.json.gz	92	12	7	63,6,3,3	[[0], [5], [6], [4]]	1	3	1	2	99	2	T4	2,3	0	G
k4_certs_4_n4_2.json.gz	92	12	7	63,6,3,3	[[0, 2], [5], [4], [6]]	1	3	1	2	99	2	T4	2,3	0	G
k4_certs_4_n4_2.json.gz	92	12	7	63,6,3,3	[[0, 2], [5], [6], [4]]	1	3	1	2	99	2	T4	2,3	0	G
k4_certs_4_n4_2.json.gz	92	12	7	63,11,3,3	[[0], [5], [4], [6]]	1	3	1	2	99	2	T4	2,3	0	G
k4_certs_4_n4_2.json.gz	92	12	7	63,11,3,3	[[0], [5], [6], [4]]	1	3	1	2	99	2	T4	2,3	0	G
k4_certs_4_n4_2.json.gz	92	12	7	63,11,3,3	[[0, 2], [5], [4], [6]]	1	3	1	2	99	2	T4	2,3	0	G
k4_certs_4_n4_2.json.gz	92	12	7	63,11,3,3	[[0, 2], [5], [6], [4]]	1	3	1	2	99	2	T4	2,3	0	G
k4_certs_4_n4_2.json.gz	92	12	7	63,21,3,3	[[0], [5], [4], [6]]	1	3	1	2	99	2	T4	2,3	0	G
k4_certs_4_n4_2.json.gz	92	12	7	63,21,3,3	[[0], [5], [6], [4]]	1	3	1	2	99	2	T4	2,3	0	G
k4_certs_4_n4_2.json.gz	92	12	7	63,21,3,3	[[0, 2], [5], [4], [6]]	1	3	1	2	99	2	T4	2,3	0	G
k4_certs_4_n4_2.json.gz	92	12	7	63,21,3,3	[[0, 2], [5], [6], [4]]	1	3	1	2	99	2	T4	2,3	0	G
k4_certs_4_n4_2.json.gz	92	12	7	63,34,3,3	[[0], [5], [4], [6]]	1	3	1	2	99	2	T4	2,3	0	G
k4_certs_4_n4_2.json.gz	92	12	7	63,34,3,3	[[0], [5], [6], [4]]	1	3	1	2	99	2	T4	2,3	0	G
k4_certs_4_n4_2.json.gz	92	12	7	63,34,3,3	[[0, 2], [5], [4], [6]]	1	3	1	2	99	2	T4	2,3	0	G
k4_certs_4_n4_2.json.gz	92	12	7	63,34,3,3	[[0, 2], [5], [6], [4]]	1	3	1	2	99	2	T4	2,3	0	G
k4_certs_4_n4_2.json.gz	92	12	7	63,39,3,3	[[0], [5], [4], [6]]	1	3	1	2	99	2	T4	2,3	0	G
k4_certs_4_n4_2.json.gz	92	12	7	63,39,3,3	[[0], [5], [6], [4]]	1	3	1	2	99	2	T4	2,3	0	G
k4_certs_4_n4_2.json.gz	92	12	7	63,39,3,3	[[0, 2], [5], [4], [6]]	1	3	1	2	99	2	T4	2,3	0	G
k4_certs_4_n4_2.json.gz	92	12	7	63,39,3,3	[[0, 2], [5], [6], [4]]	1	3	1	2	99	2	T4	2,3	0	G
k4_certs_4_n4_2.json.gz	92	12	7	63,51,3,3	[[0], [5], [4], [6]]	1	3	1	2	99	2	T4	2,3	0	G
k4_certs_4_n4_2.json.gz	92	12	7	63,51,3,3	[[0], [5], [6], [4]]	1	3	1	2	99	2	T4	2,3	0	G
k4_certs_4_n4_2.json.gz	92	12	7	63,51,3,3	[[0, 2], [5], [4], [6]]	1	3	1	2	99	2	T4	2,3	0	G
k4_certs_4_n4_2.json.gz	92	12	7	63,51,3,3	[[0, 2], [5], [6], [4]]	1	3	1	2	99	2	T4	2,3	0	G
k4_certs_4_n4_2.json.gz	92	12	7	63,65,3,3	[[0], [5], [4], [6]]	1	3	1	2	99	2	T4	2,3	0	G
k4_certs_4_n4_2.json.gz	92	12	7	63,65,3,3	[[0], [5], [6], [4]]	1	3	1	2	99	2	T4	2,3	0	G
k4_certs_4_n4_2.json.gz	92	12	7	63,65,3,3	[[0, 2], [5], [4], [6]]	1	3	1	2	99	2	T4	2,3	0	G
k4_certs_4_n4_2.json.gz	92	12	7	63,65,3,3	[[0, 2], [5], [6], [4]]	1	3	1	2	99	2	T4	2,3	0	G
k4_certs_4_n4_2.json.gz	92	12	7	63,73,3,3	[[0], [5], [4], [6]]	1	3	1	2	99	2	T4	2,3	0	G
k4_certs_4_n4_2.json.gz	92	12	7	63,73,3,3	[[0], [5], [6], [4]]	1	3	1	2	99	2	T4	2,3	0	G
k4_certs_4_n4_2.json.gz	92	12	7	63,73,3,3	[[0, 2], [5], [4], [6]]	1	3	1	2	99	2	T4	2,3	0	G
k4_certs_4_n4_2.json.gz	92	12	7	63,73,3,3	[[0, 2], [5], [6], [4]]	1	3	1	2	99	2	T4	2,3	0	G
k4_certs_4_n4_2.json.gz	92	12	7	63,103,3,3	[[0], [5], [4], [6]]	1	3	1	2	99	2	T4	2,3	0	G
k4_certs_4_n4_2.json.gz	92	12	7	63,103,3,3	[[0], [5], [6], [4]]	1	3	1	2	99	2	T4	2,3	0	G
k4_certs_4_n4_2.json.gz	92	12	7	63,103,3,3	[[0, 2], [5], [4], [6]]	1	3	1	2	99	2	T4	2,3	0	G
k4_certs_4_n4_2.json.gz	92	12	7	63,103,3,3	[[0, 2], [5], [6], [4]]	1	3	1	2	99	2	T4	2,3	0	G
k4_certs_4_n4_2.json.gz	92	12	7	63,111,3,3	[[0], [5], [4], [6]]	1	3	1	2	99	2	T4	2,3	0	G
k4_certs_4_n4_2.json.gz	92	12	7	63,111,3,3	[[0], [5], [6], [4]]	1	3	1	2	99	2	T4	2,3	0	G
k4_certs_4_n4_2.json.gz	92	12	7	63,111,3,3	[[0, 2], [5], [4], [6]]	1	3	1	2	99	2	T4	2,3	0	G
k4_certs_4_n4_2.json.gz	92	12	7	63,111,3,3	[[0, 2], [5], [6], [4]]	1	3	1	2	99	2	T4	2,3	0	G
k4_certs_4_n4_2.json.gz	92	12	7	65,1,5,5	[[4], [1, 3], [5], [6]]	1	3	1	2	99	2	T4	2,3	0	G
k4_certs_4_n4_2.json.gz	92	12	7	65,1,5,5	[[4], [1, 3], [6], [5]]	1	3	1	2	99	2	T4	2,3	0	G
k4_certs_4_n4_2.json.gz	92	12	7	65,1,5,5	[[4], [3], [5], [6]]	1	3	1	2	99	2	T4	2,3	0	G
k4_certs_4_n4_2.json.gz	92	12	7	65,1,5,5	[[4], [3], [6], [5]]	1	3	1	2	99	2	T4	2,3	0	G
k4_certs_4_n4_2.json.gz	92	12	7	65,9,5,5	[[4], [1, 3], [5], [6]]	1	3	1	2	99	2	T4	2,3	0	G
k4_certs_4_n4_2.json.gz	92	12	7	65,9,5,5	[[4], [1, 3], [6], [5]]	1	3	1	2	99	2	T4	2,3	0	G
k4_certs_4_n4_2.json.gz	92	12	7	65,9,5,5	[[4], [3], [5], [6]]	1	3	1	2	99	2	T4	2,3	0	G
k4_certs_4_n4_2.json.gz	92	12	7	65,9,5,5	[[4], [3], [6], [5]]	1	3	1	2	99	2	T4	2,3	0	G
k4_certs_4_n4_2.json.gz	92	12	7	65,16,5,5	[[4], [1, 3], [5], [6]]	1	3	1	2	99	2	T4	2,3	0	G
k4_certs_4_n4_2.json.gz	92	12	7	65,16,5,5	[[4], [1, 3], [6], [5]]	1	3	1	2	99	2	T4	2,3	0	G
k4_certs_4_n4_2.json.gz	92	12	7	65,16,5,5	[[4], [3], [5], [6]]	1	3	1	2	99	2	T4	2,3	0	G
k4_certs_4_n4_2.json.gz	92	12	7	65,16,5,5	[[4], [3], [6], [5]]	1	3	1	2	99	2	T4	2,3	0	G
k4_certs_4_n4_2.json.gz	92	12	7	65,17,5,5	[[4], [1, 3], [5], [6]]	1	3	1	2	99	2	T4	2,3	0	G
k4_certs_4_n4_2.json.gz	92	12	7	65,17,5,5	[[4], [1, 3], [6], [5]]	1	3	1	2	99	2	T4	2,3	0	G
k4_certs_4_n4_2.json.gz	92	12	7	65,17,5,5	[[4], [3], [5], [6]]	1	3	1	2	99	2	T4	2,3	0	G
k4_certs_4_n4_2.json.gz	92	12	7	65,17,5,5	[[4], [3], [6], [5]]	1	3	1	2	99	2	T4	2,3	0	G
k4_certs_4_n4_2.json.gz	92	12	7	65,37,5,5	[[4], [1], [5], [6]]	1	3	1	2	99	2	T4	2,3	0	G
k4_certs_4_n4_2.json.gz	92	12	7	65,37,5,5	[[4], [1], [6], [5]]	1	3	1	2	99	2	T4	2,3	0	G
k4_certs_4_n4_2.json.gz	92	12	7	65,37,5,5	[[4], [1, 3], [5], [6]]	1	3	1	2	99	2	T4	2,3	0	G
k4_certs_4_n4_2.json.gz	92	12	7	65,37,5,5	[[4], [1, 3], [6], [5]]	1	3	1	2	99	2	T4	2,3	0	G
k4_certs_4_n4_2.json.gz	92	12	7	65,43,5,5	[[4], [1, 3], [5], [6]]	1	3	1	2	99	2	T4	2,3	0	G
k4_certs_4_n4_2.json.gz	92	12	7	65,43,5,5	[[4], [1, 3], [6], [5]]	1	3	1	2	99	2	T4	2,3	0	G
k4_certs_4_n4_2.json.gz	92	12	7	65,43,5,5	[[4], [3], [5], [6]]	1	3	1	2	99	2	T4	2,3	0	G
k4_certs_4_n4_2.json.gz	92	12	7	65,43,5,5	[[4], [3], [6], [5]]	1	3	1	2	99	2	T4	2,3	0	G
k4_certs_4_n4_2.json.gz	92	12	7	65,63,5,5	[[4], [1], [5], [6]]	1	3	1	2	99	2	T4	2,3	0	G
k4_certs_4_n4_2.json.gz	92	12	7	65,63,5,5	[[4], [1], [6], [5]]	1	3	1	2	99	2	T4	2,3	0	G
k4_certs_4_n4_2.json.gz	92	12	7	65,63,5,5	[[4], [1, 3], [5], [6]]	1	3	1	2	99	2	T4	2,3	0	G
k4_certs_4_n4_2.json.gz	92	12	7	65,63,5,5	[[4], [1, 3], [6], [5]]	1	3	1	2	99	2	T4	2,3	0	G
k4_certs_4_n4_2.json.gz	92	12	7	65,70,5,5	[[4], [1], [5], [6]]	1	3	1	2	99	2	T4	2,3	0	G
k4_certs_4_n4_2.json.gz	92	12	7	65,70,5,5	[[4], [1], [6], [5]]	1	3	1	2	99	2	T4	2,3	0	G
k4_certs_4_n4_2.json.gz	92	12	7	65,70,5,5	[[4], [1, 3], [5], [6]]	1	3	1	2	99	2	T4	2,3	0	G
k4_certs_4_n4_2.json.gz	92	12	7	65,70,5,5	[[4], [1, 3], [6], [5]]	1	3	1	2	99	2	T4	2,3	0	G
k4_certs_4_n4_2.json.gz	92	12	7	65,71,5,5	[[4], [1], [5], [6]]	1	3	1	2	99	2	T4	2,3	0	G
k4_certs_4_n4_2.json.gz	92	12	7	65,71,5,5	[[4], [1], [6], [5]]	1	3	1	2	99	2	T4	2,3	0	G
k4_certs_4_n4_2.json.gz	92	12	7	65,71,5,5	[[4], [1, 3], [5], [6]]	1	3	1	2	99	2	T4	2,3	0	G
k4_certs_4_n4_2.json.gz	92	12	7	65,71,5,5	[[4], [1, 3], [6], [5]]	1	3	1	2	99	2	T4	2,3	0	G
k4_certs_4_n4_2.json.gz	92	12	7	65,77,5,5	[[4], [1], [5], [6]]	1	3	1	2	99	2	T4	2,3	0	G
k4_certs_4_n4_2.json.gz	92	12	7	65,77,5,5	[[4], [1], [6], [5]]	1	3	1	2	99	2	T4	2,3	0	G
k4_certs_4_n4_2.json.gz	92	12	7	65,77,5,5	[[4], [1, 3], [5], [6]]	1	3	1	2	99	2	T4	2,3	0	G
k4_certs_4_n4_2.json.gz	92	12	7	65,77,5,5	[[4], [1, 3], [6], [5]]	1	3	1	2	99	2	T4	2,3	0	G
k4_certs_4_n4_2.json.gz	92	12	7	70,6,3,3	[[0], [5], [4], [6]]	1	3	1	2	99	2	T4	2,3	0	G
k4_certs_4_n4_2.json.gz	92	12	7	70,6,3,3	[[0], [5], [6], [4]]	1	3	1	2	99	2	T4	2,3	0	G
k4_certs_4_n4_2.json.gz	92	12	7	70,6,3,3	[[0, 2], [5], [4], [6]]	1	3	1	2	99	2	T4	2,3	0	G
k4_certs_4_n4_2.json.gz	92	12	7	70,6,3,3	[[0, 2], [5], [6], [4]]	1	3	1	2	99	2	T4	2,3	0	G
k4_certs_4_n4_2.json.gz	92	12	7	70,11,3,3	[[0], [5], [4], [6]]	1	3	1	2	99	2	T4	2,3	0	G
k4_certs_4_n4_2.json.gz	92	12	7	70,11,3,3	[[0], [5], [6], [4]]	1	3	1	2	99	2	T4	2,3	0	G
k4_certs_4_n4_2.json.gz	92	12	7	70,11,3,3	[[0, 2], [5], [4], [6]]	1	3	1	2	99	2	T4	2,3	0	G
k4_certs_4_n4_2.json.gz	92	12	7	70,11,3,3	[[0, 2], [5], [6], [4]]	1	3	1	2	99	2	T4	2,3	0	G
k4_certs_4_n4_2.json.gz	92	12	7	70,21,3,3	[[0], [5], [4], [6]]	1	3	1	2	99	2	T4	2,3	0	G
k4_certs_4_n4_2.json.gz	92	12	7	70,21,3,3	[[0], [5], [6], [4]]	1	3	1	2	99	2	T4	2,3	0	G
k4_certs_4_n4_2.json.gz	92	12	7	70,21,3,3	[[0, 2], [5], [4], [6]]	1	3	1	2	99	2	T4	2,3	0	G
k4_certs_4_n4_2.json.gz	92	12	7	70,21,3,3	[[0, 2], [5], [6], [4]]	1	3	1	2	99	2	T4	2,3	0	G
k4_certs_4_n4_2.json.gz	92	12	7	70,34,3,3	[[0], [5], [4], [6]]	1	3	1	2	99	2	T4	2,3	0	G
k4_certs_4_n4_2.json.gz	92	12	7	70,34,3,3	[[0], [5], [6], [4]]	1	3	1	2	99	2	T4	2,3	0	G
k4_certs_4_n4_2.json.gz	92	12	7	70,34,3,3	[[0, 2], [5], [4], [6]]	1	3	1	2	99	2	T4	2,3	0	G
k4_certs_4_n4_2.json.gz	92	12	7	70,34,3,3	[[0, 2], [5], [6], [4]]	1	3	1	2	99	2	T4	2,3	0	G
k4_certs_4_n4_2.json.gz	92	12	7	70,39,3,3	[[0], [5], [4], [6]]	1	3	1	2	99	2	T4	2,3	0	G
k4_certs_4_n4_2.json.gz	92	12	7	70,39,3,3	[[0], [5], [6], [4]]	1	3	1	2	99	2	T4	2,3	0	G
k4_certs_4_n4_2.json.gz	92	12	7	70,39,3,3	[[0, 2], [5], [4], [6]]	1	3	1	2	99	2	T4	2,3	0	G
k4_certs_4_n4_2.json.gz	92	12	7	70,39,3,3	[[0, 2], [5], [6], [4]]	1	3	1	2	99	2	T4	2,3	0	G
k4_certs_4_n4_2.json.gz	92	12	7	70,51,3,3	[[0], [5], [4], [6]]	1	3	1	2	99	2	T4	2,3	0	G
k4_certs_4_n4_2.json.gz	92	12	7	70,51,3,3	[[0], [5], [6], [4]]	1	3	1	2	99	2	T4	2,3	0	G
k4_certs_4_n4_2.json.gz	92	12	7	70,51,3,3	[[0, 2], [5], [4], [6]]	1	3	1	2	99	2	T4	2,3	0	G
k4_certs_4_n4_2.json.gz	92	12	7	70,51,3,3	[[0, 2], [5], [6], [4]]	1	3	1	2	99	2	T4	2,3	0	G
k4_certs_4_n4_2.json.gz	92	12	7	70,65,3,3	[[0], [5], [4], [6]]	1	3	1	2	99	2	T4	2,3	0	G
k4_certs_4_n4_2.json.gz	92	12	7	70,65,3,3	[[0], [5], [6], [4]]	1	3	1	2	99	2	T4	2,3	0	G
k4_certs_4_n4_2.json.gz	92	12	7	70,65,3,3	[[0, 2], [5], [4], [6]]	1	3	1	2	99	2	T4	2,3	0	G
k4_certs_4_n4_2.json.gz	92	12	7	70,65,3,3	[[0, 2], [5], [6], [4]]	1	3	1	2	99	2	T4	2,3	0	G
k4_certs_4_n4_2.json.gz	92	12	7	70,73,3,3	[[0], [5], [4], [6]]	1	3	1	2	99	2	T4	2,3	0	G
k4_certs_4_n4_2.json.gz	92	12	7	70,73,3,3	[[0], [5], [6], [4]]	1	3	1	2	99	2	T4	2,3	0	G
k4_certs_4_n4_2.json.gz	92	12	7	70,73,3,3	[[0, 2], [5], [4], [6]]	1	3	1	2	99	2	T4	2,3	0	G
k4_certs_4_n4_2.json.gz	92	12	7	70,73,3,3	[[0, 2], [5], [6], [4]]	1	3	1	2	99	2	T4	2,3	0	G
k4_certs_4_n4_2.json.gz	92	12	7	70,103,3,3	[[0], [5], [4], [6]]	1	3	1	2	99	2	T4	2,3	0	G
k4_certs_4_n4_2.json.gz	92	12	7	70,103,3,3	[[0], [5], [6], [4]]	1	3	1	2	99	2	T4	2,3	0	G
k4_certs_4_n4_2.json.gz	92	12	7	70,103,3,3	[[0, 2], [5], [4], [6]]	1	3	1	2	99	2	T4	2,3	0	G
k4_certs_4_n4_2.json.gz	92	12	7	70,103,3,3	[[0, 2], [5], [6], [4]]	1	3	1	2	99	2	T4	2,3	0	G
k4_certs_4_n4_2.json.gz	92	12	7	70,111,3,3	[[0], [5], [4], [6]]	1	3	1	2	99	2	T4	2,3	0	G
k4_certs_4_n4_2.json.gz	92	12	7	70,111,3,3	[[0], [5], [6], [4]]	1	3	1	2	99	2	T4	2,3	0	G
k4_certs_4_n4_2.json.gz	92	12	7	70,111,3,3	[[0, 2], [5], [4], [6]]	1	3	1	2	99	2	T4	2,3	0	G
k4_certs_4_n4_2.json.gz	92	12	7	70,111,3,3	[[0, 2], [5], [6], [4]]	1	3	1	2	99	2	T4	2,3	0	G
k4_certs_4_n4_2.json.gz	92	12	7	71,6,3,3	[[0], [5], [4], [6]]	1	3	1	2	99	2	T4	2,3	0	G
k4_certs_4_n4_2.json.gz	92	12	7	71,6,3,3	[[0], [5], [6], [4]]	1	3	1	2	99	2	T4	2,3	0	G
k4_certs_4_n4_2.json.gz	92	12	7	71,6,3,3	[[0, 2], [5], [4], [6]]	1	3	1	2	99	2	T4	2,3	0	G
k4_certs_4_n4_2.json.gz	92	12	7	71,6,3,3	[[0, 2], [5], [6], [4]]	1	3	1	2	99	2	T4	2,3	0	G
k4_certs_4_n4_2.json.gz	92	12	7	71,11,3,3	[[0], [5], [4], [6]]	1	3	1	2	99	2	T4	2,3	0	G
k4_certs_4_n4_2.json.gz	92	12	7	71,11,3,3	[[0], [5], [6], [4]]	1	3	1	2	99	2	T4	2,3	0	G
k4_certs_4_n4_2.json.gz	92	12	7	71,11,3,3	[[0, 2], [5], [4], [6]]	1	3	1	2	99	2	T4	2,3	0	G
k4_certs_4_n4_2.json.gz	92	12	7	71,11,3,3	[[0, 2], [5], [6], [4]]	1	3	1	2	99	2	T4	2,3	0	G
k4_certs_4_n4_2.json.gz	92	12	7	71,21,3,3	[[0], [5], [4], [6]]	1	3	1	2	99	2	T4	2,3	0	G
k4_certs_4_n4_2.json.gz	92	12	7	71,21,3,3	[[0], [5], [6], [4]]	1	3	1	2	99	2	T4	2,3	0	G
k4_certs_4_n4_2.json.gz	92	12	7	71,21,3,3	[[0, 2], [5], [4], [6]]	1	3	1	2	99	2	T4	2,3	0	G
k4_certs_4_n4_2.json.gz	92	12	7	71,21,3,3	[[0, 2], [5], [6], [4]]	1	3	1	2	99	2	T4	2,3	0	G
k4_certs_4_n4_2.json.gz	92	12	7	71,34,3,3	[[0], [5], [4], [6]]	1	3	1	2	99	2	T4	2,3	0	G
k4_certs_4_n4_2.json.gz	92	12	7	71,34,3,3	[[0], [5], [6], [4]]	1	3	1	2	99	2	T4	2,3	0	G
k4_certs_4_n4_2.json.gz	92	12	7	71,34,3,3	[[0, 2], [5], [4], [6]]	1	3	1	2	99	2	T4	2,3	0	G
k4_certs_4_n4_2.json.gz	92	12	7	71,34,3,3	[[0, 2], [5], [6], [4]]	1	3	1	2	99	2	T4	2,3	0	G
k4_certs_4_n4_2.json.gz	92	12	7	71,39,3,3	[[0], [5], [4], [6]]	1	3	1	2	99	2	T4	2,3	0	G
k4_certs_4_n4_2.json.gz	92	12	7	71,39,3,3	[[0], [5], [6], [4]]	1	3	1	2	99	2	T4	2,3	0	G
k4_certs_4_n4_2.json.gz	92	12	7	71,39,3,3	[[0, 2], [5], [4], [6]]	1	3	1	2	99	2	T4	2,3	0	G
k4_certs_4_n4_2.json.gz	92	12	7	71,39,3,3	[[0, 2], [5], [6], [4]]	1	3	1	2	99	2	T4	2,3	0	G
k4_certs_4_n4_2.json.gz	92	12	7	71,51,3,3	[[0], [5], [4], [6]]	1	3	1	2	99	2	T4	2,3	0	G
k4_certs_4_n4_2.json.gz	92	12	7	71,51,3,3	[[0], [5], [6], [4]]	1	3	1	2	99	2	T4	2,3	0	G
k4_certs_4_n4_2.json.gz	92	12	7	71,51,3,3	[[0, 2], [5], [4], [6]]	1	3	1	2	99	2	T4	2,3	0	G
k4_certs_4_n4_2.json.gz	92	12	7	71,51,3,3	[[0, 2], [5], [6], [4]]	1	3	1	2	99	2	T4	2,3	0	G
k4_certs_4_n4_2.json.gz	92	12	7	71,65,3,3	[[0], [5], [4], [6]]	1	3	1	2	99	2	T4	2,3	0	G
k4_certs_4_n4_2.json.gz	92	12	7	71,65,3,3	[[0], [5], [6], [4]]	1	3	1	2	99	2	T4	2,3	0	G
k4_certs_4_n4_2.json.gz	92	12	7	71,65,3,3	[[0, 2], [5], [4], [6]]	1	3	1	2	99	2	T4	2,3	0	G
k4_certs_4_n4_2.json.gz	92	12	7	71,65,3,3	[[0, 2], [5], [6], [4]]	1	3	1	2	99	2	T4	2,3	0	G
k4_certs_4_n4_2.json.gz	92	12	7	71,73,3,3	[[0], [5], [4], [6]]	1	3	1	2	99	2	T4	2,3	0	G
k4_certs_4_n4_2.json.gz	92	12	7	71,73,3,3	[[0], [5], [6], [4]]	1	3	1	2	99	2	T4	2,3	0	G
k4_certs_4_n4_2.json.gz	92	12	7	71,73,3,3	[[0, 2], [5], [4], [6]]	1	3	1	2	99	2	T4	2,3	0	G
k4_certs_4_n4_2.json.gz	92	12	7	71,73,3,3	[[0, 2], [5], [6], [4]]	1	3	1	2	99	2	T4	2,3	0	G
k4_certs_4_n4_2.json.gz	92	12	7	71,103,3,3	[[0], [5], [4], [6]]	1	3	1	2	99	2	T4	2,3	0	G
k4_certs_4_n4_2.json.gz	92	12	7	71,103,3,3	[[0], [5], [6], [4]]	1	3	1	2	99	2	T4	2,3	0	G
k4_certs_4_n4_2.json.gz	92	12	7	71,103,3,3	[[0, 2], [5], [4], [6]]	1	3	1	2	99	2	T4	2,3	0	G
k4_certs_4_n4_2.json.gz	92	12	7	71,103,3,3	[[0, 2], [5], [6], [4]]	1	3	1	2	99	2	T4	2,3	0	G
k4_certs_4_n4_2.json.gz	92	12	7	71,111,3,3	[[0], [5], [4], [6]]	1	3	1	2	99	2	T4	2,3	0	G
k4_certs_4_n4_2.json.gz	92	12	7	71,111,3,3	[[0], [5], [6], [4]]	1	3	1	2	99	2	T4	2,3	0	G
k4_certs_4_n4_2.json.gz	92	12	7	71,111,3,3	[[0, 2], [5], [4], [6]]	1	3	1	2	99	2	T4	2,3	0	G
k4_certs_4_n4_2.json.gz	92	12	7	71,111,3,3	[[0, 2], [5], [6], [4]]	1	3	1	2	99	2	T4	2,3	0	G
k4_certs_4_n4_2.json.gz	92	12	7	73,1,5,5	[[4], [1, 3], [5], [6]]	1	3	1	2	99	2	T4	2,3	0	G
k4_certs_4_n4_2.json.gz	92	12	7	73,1,5,5	[[4], [1, 3], [6], [5]]	1	3	1	2	99	2	T4	2,3	0	G
k4_certs_4_n4_2.json.gz	92	12	7	73,1,5,5	[[4], [3], [5], [6]]	1	3	1	2	99	2	T4	2,3	0	G
k4_certs_4_n4_2.json.gz	92	12	7	73,1,5,5	[[4], [3], [6], [5]]	1	3	1	2	99	2	T4	2,3	0	G
k4_certs_4_n4_2.json.gz	92	12	7	73,9,5,5	[[4], [1, 3], [5], [6]]	1	3	1	2	99	2	T4	2,3	0	G
k4_certs_4_n4_2.json.gz	92	12	7	73,9,5,5	[[4], [1, 3], [6], [5]]	1	3	1	2	99	2	T4	2,3	0	G
k4_certs_4_n4_2.json.gz	92	12	7	73,9,5,5	[[4], [3], [5], [6]]	1	3	1	2	99	2	T4	2,3	0	G
k4_certs_4_n4_2.json.gz	92	12	7	73,9,5,5	[[4], [3], [6], [5]]	1	3	1	2	99	2	T4	2,3	0	G
k4_certs_4_n4_2.json.gz	92	12	7	73,16,5,5	[[4], [1, 3], [5], [6]]	1	3	1	2	99	2	T4	2,3	0	G
k4_certs_4_n4_2.json.gz	92	12	7	73,16,5,5	[[4], [1, 3], [6], [5]]	1	3	1	2	99	2	T4	2,3	0	G
k4_certs_4_n4_2.json.gz	92	12	7	73,16,5,5	[[4], [3], [5], [6]]	1	3	1	2	99	2	T4	2,3	0	G
k4_certs_4_n4_2.json.gz	92	12	7	73,16,5,5	[[4], [3], [6], [5]]	1	3	1	2	99	2	T4	2,3	0	G
k4_certs_4_n4_2.json.gz	92	12	7	73,17,5,5	[[4], [1, 3], [5], [6]]	1	3	1	2	99	2	T4	2,3	0	G
k4_certs_4_n4_2.json.gz	92	12	7	73,17,5,5	[[4], [1, 3], [6], [5]]	1	3	1	2	99	2	T4	2,3	0	G
k4_certs_4_n4_2.json.gz	92	12	7	73,17,5,5	[[4], [3], [5], [6]]	1	3	1	2	99	2	T4	2,3	0	G
k4_certs_4_n4_2.json.gz	92	12	7	73,17,5,5	[[4], [3], [6], [5]]	1	3	1	2	99	2	T4	2,3	0	G
k4_certs_4_n4_2.json.gz	92	12	7	73,37,5,5	[[4], [1], [5], [6]]	1	3	1	2	99	2	T4	2,3	0	G
k4_certs_4_n4_2.json.gz	92	12	7	73,37,5,5	[[4], [1], [6], [5]]	1	3	1	2	99	2	T4	2,3	0	G
k4_certs_4_n4_2.json.gz	92	12	7	73,37,5,5	[[4], [1, 3], [5], [6]]	1	3	1	2	99	2	T4	2,3	0	G
k4_certs_4_n4_2.json.gz	92	12	7	73,37,5,5	[[4], [1, 3], [6], [5]]	1	3	1	2	99	2	T4	2,3	0	G
k4_certs_4_n4_2.json.gz	92	12	7	73,43,5,5	[[4], [1, 3], [5], [6]]	1	3	1	2	99	2	T4	2,3	0	G
k4_certs_4_n4_2.json.gz	92	12	7	73,43,5,5	[[4], [1, 3], [6], [5]]	1	3	1	2	99	2	T4	2,3	0	G
k4_certs_4_n4_2.json.gz	92	12	7	73,43,5,5	[[4], [3], [5], [6]]	1	3	1	2	99	2	T4	2,3	0	G
k4_certs_4_n4_2.json.gz	92	12	7	73,43,5,5	[[4], [3], [6], [5]]	1	3	1	2	99	2	T4	2,3	0	G
k4_certs_4_n4_2.json.gz	92	12	7	73,63,5,5	[[4], [1], [5], [6]]	1	3	1	2	99	2	T4	2,3	0	G
k4_certs_4_n4_2.json.gz	92	12	7	73,63,5,5	[[4], [1], [6], [5]]	1	3	1	2	99	2	T4	2,3	0	G
k4_certs_4_n4_2.json.gz	92	12	7	73,63,5,5	[[4], [1, 3], [5], [6]]	1	3	1	2	99	2	T4	2,3	0	G
k4_certs_4_n4_2.json.gz	92	12	7	73,63,5,5	[[4], [1, 3], [6], [5]]	1	3	1	2	99	2	T4	2,3	0	G
k4_certs_4_n4_2.json.gz	92	12	7	73,70,5,5	[[4], [1], [5], [6]]	1	3	1	2	99	2	T4	2,3	0	G
k4_certs_4_n4_2.json.gz	92	12	7	73,70,5,5	[[4], [1], [6], [5]]	1	3	1	2	99	2	T4	2,3	0	G
k4_certs_4_n4_2.json.gz	92	12	7	73,70,5,5	[[4], [1, 3], [5], [6]]	1	3	1	2	99	2	T4	2,3	0	G
k4_certs_4_n4_2.json.gz	92	12	7	73,70,5,5	[[4], [1, 3], [6], [5]]	1	3	1	2	99	2	T4	2,3	0	G
k4_certs_4_n4_2.json.gz	92	12	7	73,71,5,5	[[4], [1], [5], [6]]	1	3	1	2	99	2	T4	2,3	0	G
k4_certs_4_n4_2.json.gz	92	12	7	73,71,5,5	[[4], [1], [6], [5]]	1	3	1	2	99	2	T4	2,3	0	G
k4_certs_4_n4_2.json.gz	92	12	7	73,71,5,5	[[4], [1, 3], [5], [6]]	1	3	1	2	99	2	T4	2,3	0	G
k4_certs_4_n4_2.json.gz	92	12	7	73,71,5,5	[[4], [1, 3], [6], [5]]	1	3	1	2	99	2	T4	2,3	0	G
k4_certs_4_n4_2.json.gz	92	12	7	73,77,5,5	[[4], [1], [5], [6]]	1	3	1	2	99	2	T4	2,3	0	G
k4_certs_4_n4_2.json.gz	92	12	7	73,77,5,5	[[4], [1], [6], [5]]	1	3	1	2	99	2	T4	2,3	0	G
k4_certs_4_n4_2.json.gz	92	12	7	73,77,5,5	[[4], [1, 3], [5], [6]]	1	3	1	2	99	2	T4	2,3	0	G
k4_certs_4_n4_2.json.gz	92	12	7	73,77,5,5	[[4], [1, 3], [6], [5]]	1	3	1	2	99	2	T4	2,3	0	G
k4_certs_4_n4_2.json.gz	92	12	7	77,6,3,3	[[0], [5], [4], [6]]	1	3	1	2	99	2	T4	2,3	0	G
k4_certs_4_n4_2.json.gz	92	12	7	77,6,3,3	[[0], [5], [6], [4]]	1	3	1	2	99	2	T4	2,3	0	G
k4_certs_4_n4_2.json.gz	92	12	7	77,6,3,3	[[0, 2], [5], [4], [6]]	1	3	1	2	99	2	T4	2,3	0	G
k4_certs_4_n4_2.json.gz	92	12	7	77,6,3,3	[[0, 2], [5], [6], [4]]	1	3	1	2	99	2	T4	2,3	0	G
k4_certs_4_n4_2.json.gz	92	12	7	77,11,3,3	[[0], [5], [4], [6]]	1	3	1	2	99	2	T4	2,3	0	G
k4_certs_4_n4_2.json.gz	92	12	7	77,11,3,3	[[0], [5], [6], [4]]	1	3	1	2	99	2	T4	2,3	0	G
k4_certs_4_n4_2.json.gz	92	12	7	77,11,3,3	[[0, 2], [5], [4], [6]]	1	3	1	2	99	2	T4	2,3	0	G
k4_certs_4_n4_2.json.gz	92	12	7	77,11,3,3	[[0, 2], [5], [6], [4]]	1	3	1	2	99	2	T4	2,3	0	G
k4_certs_4_n4_2.json.gz	92	12	7	77,21,3,3	[[0], [5], [4], [6]]	1	3	1	2	99	2	T4	2,3	0	G
k4_certs_4_n4_2.json.gz	92	12	7	77,21,3,3	[[0], [5], [6], [4]]	1	3	1	2	99	2	T4	2,3	0	G
k4_certs_4_n4_2.json.gz	92	12	7	77,21,3,3	[[0, 2], [5], [4], [6]]	1	3	1	2	99	2	T4	2,3	0	G
k4_certs_4_n4_2.json.gz	92	12	7	77,21,3,3	[[0, 2], [5], [6], [4]]	1	3	1	2	99	2	T4	2,3	0	G
k4_certs_4_n4_2.json.gz	92	12	7	77,34,3,3	[[0], [5], [4], [6]]	1	3	1	2	99	2	T4	2,3	0	G
k4_certs_4_n4_2.json.gz	92	12	7	77,34,3,3	[[0], [5], [6], [4]]	1	3	1	2	99	2	T4	2,3	0	G
k4_certs_4_n4_2.json.gz	92	12	7	77,34,3,3	[[0, 2], [5], [4], [6]]	1	3	1	2	99	2	T4	2,3	0	G
k4_certs_4_n4_2.json.gz	92	12	7	77,34,3,3	[[0, 2], [5], [6], [4]]	1	3	1	2	99	2	T4	2,3	0	G
k4_certs_4_n4_2.json.gz	92	12	7	77,39,3,3	[[0], [5], [4], [6]]	1	3	1	2	99	2	T4	2,3	0	G
k4_certs_4_n4_2.json.gz	92	12	7	77,39,3,3	[[0], [5], [6], [4]]	1	3	1	2	99	2	T4	2,3	0	G
k4_certs_4_n4_2.json.gz	92	12	7	77,39,3,3	[[0, 2], [5], [4], [6]]	1	3	1	2	99	2	T4	2,3	0	G
k4_certs_4_n4_2.json.gz	92	12	7	77,39,3,3	[[0, 2], [5], [6], [4]]	1	3	1	2	99	2	T4	2,3	0	G
k4_certs_4_n4_2.json.gz	92	12	7	77,51,3,3	[[0], [5], [4], [6]]	1	3	1	2	99	2	T4	2,3	0	G
k4_certs_4_n4_2.json.gz	92	12	7	77,51,3,3	[[0], [5], [6], [4]]	1	3	1	2	99	2	T4	2,3	0	G
k4_certs_4_n4_2.json.gz	92	12	7	77,51,3,3	[[0, 2], [5], [4], [6]]	1	3	1	2	99	2	T4	2,3	0	G
k4_certs_4_n4_2.json.gz	92	12	7	77,51,3,3	[[0, 2], [5], [6], [4]]	1	3	1	2	99	2	T4	2,3	0	G
k4_certs_4_n4_2.json.gz	92	12	7	77,65,3,3	[[0], [5], [4], [6]]	1	3	1	2	99	2	T4	2,3	0	G
k4_certs_4_n4_2.json.gz	92	12	7	77,65,3,3	[[0], [5], [6], [4]]	1	3	1	2	99	2	T4	2,3	0	G
k4_certs_4_n4_2.json.gz	92	12	7	77,65,3,3	[[0, 2], [5], [4], [6]]	1	3	1	2	99	2	T4	2,3	0	G
k4_certs_4_n4_2.json.gz	92	12	7	77,65,3,3	[[0, 2], [5], [6], [4]]	1	3	1	2	99	2	T4	2,3	0	G
k4_certs_4_n4_2.json.gz	92	12	7	77,73,3,3	[[0], [5], [4], [6]]	1	3	1	2	99	2	T4	2,3	0	G
k4_certs_4_n4_2.json.gz	92	12	7	77,73,3,3	[[0], [5], [6], [4]]	1	3	1	2	99	2	T4	2,3	0	G
k4_certs_4_n4_2.json.gz	92	12	7	77,73,3,3	[[0, 2], [5], [4], [6]]	1	3	1	2	99	2	T4	2,3	0	G
k4_certs_4_n4_2.json.gz	92	12	7	77,73,3,3	[[0, 2], [5], [6], [4]]	1	3	1	2	99	2	T4	2,3	0	G
k4_certs_4_n4_2.json.gz	92	12	7	77,103,3,3	[[0], [5], [4], [6]]	1	3	1	2	99	2	T4	2,3	0	G
k4_certs_4_n4_2.json.gz	92	12	7	77,103,3,3	[[0], [5], [6], [4]]	1	3	1	2	99	2	T4	2,3	0	G
k4_certs_4_n4_2.json.gz	92	12	7	77,103,3,3	[[0, 2], [5], [4], [6]]	1	3	1	2	99	2	T4	2,3	0	G
k4_certs_4_n4_2.json.gz	92	12	7	77,103,3,3	[[0, 2], [5], [6], [4]]	1	3	1	2	99	2	T4	2,3	0	G
k4_certs_4_n4_2.json.gz	92	12	7	77,111,3,3	[[0], [5], [4], [6]]	1	3	1	2	99	2	T4	2,3	0	G
k4_certs_4_n4_2.json.gz	92	12	7	77,111,3,3	[[0], [5], [6], [4]]	1	3	1	2	99	2	T4	2,3	0	G
k4_certs_4_n4_2.json.gz	92	12	7	77,111,3,3	[[0, 2], [5], [4], [6]]	1	3	1	2	99	2	T4	2,3	0	G
k4_certs_4_n4_2.json.gz	92	12	7	77,111,3,3	[[0, 2], [5], [6], [4]]	1	3	1	2	99	2	T4	2,3	0	G
k4_certs_4_n4_2.json.gz	92	12	7	103,1,5,5	[[4], [1, 3], [5], [6]]	1	3	1	2	99	2	T4	2,3	0	G
k4_certs_4_n4_2.json.gz	92	12	7	103,1,5,5	[[4], [1, 3], [6], [5]]	1	3	1	2	99	2	T4	2,3	0	G
k4_certs_4_n4_2.json.gz	92	12	7	103,1,5,5	[[4], [3], [5], [6]]	1	3	1	2	99	2	T4	2,3	0	G
k4_certs_4_n4_2.json.gz	92	12	7	103,1,5,5	[[4], [3], [6], [5]]	1	3	1	2	99	2	T4	2,3	0	G
k4_certs_4_n4_2.json.gz	92	12	7	103,9,5,5	[[4], [1, 3], [5], [6]]	1	3	1	2	99	2	T4	2,3	0	G
k4_certs_4_n4_2.json.gz	92	12	7	103,9,5,5	[[4], [1, 3], [6], [5]]	1	3	1	2	99	2	T4	2,3	0	G
k4_certs_4_n4_2.json.gz	92	12	7	103,9,5,5	[[4], [3], [5], [6]]	1	3	1	2	99	2	T4	2,3	0	G
k4_certs_4_n4_2.json.gz	92	12	7	103,9,5,5	[[4], [3], [6], [5]]	1	3	1	2	99	2	T4	2,3	0	G
k4_certs_4_n4_2.json.gz	92	12	7	103,16,5,5	[[4], [1, 3], [5], [6]]	1	3	1	2	99	2	T4	2,3	0	G
k4_certs_4_n4_2.json.gz	92	12	7	103,16,5,5	[[4], [1, 3], [6], [5]]	1	3	1	2	99	2	T4	2,3	0	G
k4_certs_4_n4_2.json.gz	92	12	7	103,16,5,5	[[4], [3], [5], [6]]	1	3	1	2	99	2	T4	2,3	0	G
k4_certs_4_n4_2.json.gz	92	12	7	103,16,5,5	[[4], [3], [6], [5]]	1	3	1	2	99	2	T4	2,3	0	G
k4_certs_4_n4_2.json.gz	92	12	7	103,17,5,5	[[4], [1, 3], [5], [6]]	1	3	1	2	99	2	T4	2,3	0	G
k4_certs_4_n4_2.json.gz	92	12	7	103,17,5,5	[[4], [1, 3], [6], [5]]	1	3	1	2	99	2	T4	2,3	0	G
k4_certs_4_n4_2.json.gz	92	12	7	103,17,5,5	[[4], [3], [5], [6]]	1	3	1	2	99	2	T4	2,3	0	G
k4_certs_4_n4_2.json.gz	92	12	7	103,17,5,5	[[4], [3], [6], [5]]	1	3	1	2	99	2	T4	2,3	0	G
k4_certs_4_n4_2.json.gz	92	12	7	103,37,5,5	[[4], [1], [5], [6]]	1	3	1	2	99	2	T4	2,3	0	G
k4_certs_4_n4_2.json.gz	92	12	7	103,37,5,5	[[4], [1], [6], [5]]	1	3	1	2	99	2	T4	2,3	0	G
k4_certs_4_n4_2.json.gz	92	12	7	103,37,5,5	[[4], [1, 3], [5], [6]]	1	3	1	2	99	2	T4	2,3	0	G
k4_certs_4_n4_2.json.gz	92	12	7	103,37,5,5	[[4], [1, 3], [6], [5]]	1	3	1	2	99	2	T4	2,3	0	G
k4_certs_4_n4_2.json.gz	92	12	7	103,43,5,5	[[4], [1, 3], [5], [6]]	1	3	1	2	99	2	T4	2,3	0	G
k4_certs_4_n4_2.json.gz	92	12	7	103,43,5,5	[[4], [1, 3], [6], [5]]	1	3	1	2	99	2	T4	2,3	0	G
k4_certs_4_n4_2.json.gz	92	12	7	103,43,5,5	[[4], [3], [5], [6]]	1	3	1	2	99	2	T4	2,3	0	G
k4_certs_4_n4_2.json.gz	92	12	7	103,43,5,5	[[4], [3], [6], [5]]	1	3	1	2	99	2	T4	2,3	0	G
k4_certs_4_n4_2.json.gz	92	12	7	103,63,5,5	[[4], [1], [5], [6]]	1	3	1	2	99	2	T4	2,3	0	G
k4_certs_4_n4_2.json.gz	92	12	7	103,63,5,5	[[4], [1], [6], [5]]	1	3	1	2	99	2	T4	2,3	0	G
k4_certs_4_n4_2.json.gz	92	12	7	103,63,5,5	[[4], [1, 3], [5], [6]]	1	3	1	2	99	2	T4	2,3	0	G
k4_certs_4_n4_2.json.gz	92	12	7	103,63,5,5	[[4], [1, 3], [6], [5]]	1	3	1	2	99	2	T4	2,3	0	G
k4_certs_4_n4_2.json.gz	92	12	7	103,70,5,5	[[4], [1], [5], [6]]	1	3	1	2	99	2	T4	2,3	0	G
k4_certs_4_n4_2.json.gz	92	12	7	103,70,5,5	[[4], [1], [6], [5]]	1	3	1	2	99	2	T4	2,3	0	G
k4_certs_4_n4_2.json.gz	92	12	7	103,70,5,5	[[4], [1, 3], [5], [6]]	1	3	1	2	99	2	T4	2,3	0	G
k4_certs_4_n4_2.json.gz	92	12	7	103,70,5,5	[[4], [1, 3], [6], [5]]	1	3	1	2	99	2	T4	2,3	0	G
k4_certs_4_n4_2.json.gz	92	12	7	103,71,5,5	[[4], [1], [5], [6]]	1	3	1	2	99	2	T4	2,3	0	G
k4_certs_4_n4_2.json.gz	92	12	7	103,71,5,5	[[4], [1], [6], [5]]	1	3	1	2	99	2	T4	2,3	0	G
k4_certs_4_n4_2.json.gz	92	12	7	103,71,5,5	[[4], [1, 3], [5], [6]]	1	3	1	2	99	2	T4	2,3	0	G
k4_certs_4_n4_2.json.gz	92	12	7	103,71,5,5	[[4], [1, 3], [6], [5]]	1	3	1	2	99	2	T4	2,3	0	G
k4_certs_4_n4_2.json.gz	92	12	7	103,77,5,5	[[4], [1], [5], [6]]	1	3	1	2	99	2	T4	2,3	0	G
k4_certs_4_n4_2.json.gz	92	12	7	103,77,5,5	[[4], [1], [6], [5]]	1	3	1	2	99	2	T4	2,3	0	G
k4_certs_4_n4_2.json.gz	92	12	7	103,77,5,5	[[4], [1, 3], [5], [6]]	1	3	1	2	99	2	T4	2,3	0	G
k4_certs_4_n4_2.json.gz	92	12	7	103,77,5,5	[[4], [1, 3], [6], [5]]	1	3	1	2	99	2	T4	2,3	0	G
k4_certs_4_n4_2.json.gz	92	12	7	111,1,5,5	[[4], [1, 3], [5], [6]]	1	3	1	2	99	2	T4	2,3	0	G
k4_certs_4_n4_2.json.gz	92	12	7	111,1,5,5	[[4], [1, 3], [6], [5]]	1	3	1	2	99	2	T4	2,3	0	G
k4_certs_4_n4_2.json.gz	92	12	7	111,1,5,5	[[4], [3], [5], [6]]	1	3	1	2	99	2	T4	2,3	0	G
k4_certs_4_n4_2.json.gz	92	12	7	111,1,5,5	[[4], [3], [6], [5]]	1	3	1	2	99	2	T4	2,3	0	G
k4_certs_4_n4_2.json.gz	92	12	7	111,9,5,5	[[4], [1, 3], [5], [6]]	1	3	1	2	99	2	T4	2,3	0	G
k4_certs_4_n4_2.json.gz	92	12	7	111,9,5,5	[[4], [1, 3], [6], [5]]	1	3	1	2	99	2	T4	2,3	0	G
k4_certs_4_n4_2.json.gz	92	12	7	111,9,5,5	[[4], [3], [5], [6]]	1	3	1	2	99	2	T4	2,3	0	G
k4_certs_4_n4_2.json.gz	92	12	7	111,9,5,5	[[4], [3], [6], [5]]	1	3	1	2	99	2	T4	2,3	0	G
k4_certs_4_n4_2.json.gz	92	12	7	111,16,5,5	[[4], [1, 3], [5], [6]]	1	3	1	2	99	2	T4	2,3	0	G
k4_certs_4_n4_2.json.gz	92	12	7	111,16,5,5	[[4], [1, 3], [6], [5]]	1	3	1	2	99	2	T4	2,3	0	G
k4_certs_4_n4_2.json.gz	92	12	7	111,16,5,5	[[4], [3], [5], [6]]	1	3	1	2	99	2	T4	2,3	0	G
k4_certs_4_n4_2.json.gz	92	12	7	111,16,5,5	[[4], [3], [6], [5]]	1	3	1	2	99	2	T4	2,3	0	G
k4_certs_4_n4_2.json.gz	92	12	7	111,17,5,5	[[4], [1, 3], [5], [6]]	1	3	1	2	99	2	T4	2,3	0	G
k4_certs_4_n4_2.json.gz	92	12	7	111,17,5,5	[[4], [1, 3], [6], [5]]	1	3	1	2	99	2	T4	2,3	0	G
k4_certs_4_n4_2.json.gz	92	12	7	111,17,5,5	[[4], [3], [5], [6]]	1	3	1	2	99	2	T4	2,3	0	G
k4_certs_4_n4_2.json.gz	92	12	7	111,17,5,5	[[4], [3], [6], [5]]	1	3	1	2	99	2	T4	2,3	0	G
k4_certs_4_n4_2.json.gz	92	12	7	111,37,5,5	[[4], [1], [5], [6]]	1	3	1	2	99	2	T4	2,3	0	G
k4_certs_4_n4_2.json.gz	92	12	7	111,37,5,5	[[4], [1], [6], [5]]	1	3	1	2	99	2	T4	2,3	0	G
k4_certs_4_n4_2.json.gz	92	12	7	111,37,5,5	[[4], [1, 3], [5], [6]]	1	3	1	2	99	2	T4	2,3	0	G
k4_certs_4_n4_2.json.gz	92	12	7	111,37,5,5	[[4], [1, 3], [6], [5]]	1	3	1	2	99	2	T4	2,3	0	G
k4_certs_4_n4_2.json.gz	92	12	7	111,43,5,5	[[4], [1, 3], [5], [6]]	1	3	1	2	99	2	T4	2,3	0	G
k4_certs_4_n4_2.json.gz	92	12	7	111,43,5,5	[[4], [1, 3], [6], [5]]	1	3	1	2	99	2	T4	2,3	0	G
k4_certs_4_n4_2.json.gz	92	12	7	111,43,5,5	[[4], [3], [5], [6]]	1	3	1	2	99	2	T4	2,3	0	G
k4_certs_4_n4_2.json.gz	92	12	7	111,43,5,5	[[4], [3], [6], [5]]	1	3	1	2	99	2	T4	2,3	0	G
k4_certs_4_n4_2.json.gz	92	12	7	111,63,5,5	[[4], [1], [5], [6]]	1	3	1	2	99	2	T4	2,3	0	G
k4_certs_4_n4_2.json.gz	92	12	7	111,63,5,5	[[4], [1], [6], [5]]	1	3	1	2	99	2	T4	2,3	0	G
k4_certs_4_n4_2.json.gz	92	12	7	111,63,5,5	[[4], [1, 3], [5], [6]]	1	3	1	2	99	2	T4	2,3	0	G
k4_certs_4_n4_2.json.gz	92	12	7	111,63,5,5	[[4], [1, 3], [6], [5]]	1	3	1	2	99	2	T4	2,3	0	G
k4_certs_4_n4_2.json.gz	92	12	7	111,70,5,5	[[4], [1], [5], [6]]	1	3	1	2	99	2	T4	2,3	0	G
k4_certs_4_n4_2.json.gz	92	12	7	111,70,5,5	[[4], [1], [6], [5]]	1	3	1	2	99	2	T4	2,3	0	G
k4_certs_4_n4_2.json.gz	92	12	7	111,70,5,5	[[4], [1, 3], [5], [6]]	1	3	1	2	99	2	T4	2,3	0	G
k4_certs_4_n4_2.json.gz	92	12	7	111,70,5,5	[[4], [1, 3], [6], [5]]	1	3	1	2	99	2	T4	2,3	0	G
k4_certs_4_n4_2.json.gz	92	12	7	111,71,5,5	[[4], [1], [5], [6]]	1	3	1	2	99	2	T4	2,3	0	G
k4_certs_4_n4_2.json.gz	92	12	7	111,71,5,5	[[4], [1], [6], [5]]	1	3	1	2	99	2	T4	2,3	0	G
k4_certs_4_n4_2.json.gz	92	12	7	111,71,5,5	[[4], [1, 3], [5], [6]]	1	3	1	2	99	2	T4	2,3	0	G
k4_certs_4_n4_2.json.gz	92	12	7	111,71,5,5	[[4], [1, 3], [6], [5]]	1	3	1	2	99	2	T4	2,3	0	G
k4_certs_4_n4_2.json.gz	92	12	7	111,77,5,5	[[4], [1], [5], [6]]	1	3	1	2	99	2	T4	2,3	0	G
k4_certs_4_n4_2.json.gz	92	12	7	111,77,5,5	[[4], [1], [6], [5]]	1	3	1	2	99	2	T4	2,3	0	G
k4_certs_4_n4_2.json.gz	92	12	7	111,77,5,5	[[4], [1, 3], [5], [6]]	1	3	1	2	99	2	T4	2,3	0	G
k4_certs_4_n4_2.json.gz	92	12	7	111,77,5,5	[[4], [1, 3], [6], [5]]	1	3	1	2	99	2	T4	2,3	0	G
k4_certs_4_n4_2.json.gz	94	14	7	6,3,1,3	[[5], [4], [3], [6]]	1	3	1	2	99	2	T4	2,3	0	G
k4_certs_4_n4_2.json.gz	94	14	7	6,3,1,3	[[5], [6], [3], [4]]	1	3	1	2	99	2	T4	2,3	0	G
k4_certs_4_n4_2.json.gz	94	14	7	6,14,1,3	[[5], [4], [3], [6]]	1	3	1	2	99	2	T4	2,3	0	G
k4_certs_4_n4_2.json.gz	94	14	7	6,14,1,3	[[5], [6], [3], [4]]	1	3	1	2	99	2	T4	2,3	0	G
k4_certs_4_n4_2.json.gz	94	14	7	6,19,1,3	[[5], [4], [3], [6]]	1	3	1	2	99	2	T4	2,3	0	G
k4_certs_4_n4_2.json.gz	94	14	7	6,19,1,3	[[5], [6], [3], [4]]	1	3	1	2	99	2	T4	2,3	0	G
k4_certs_4_n4_2.json.gz	94	14	7	6,22,1,3	[[5], [4], [3], [6]]	1	3	1	2	99	2	T4	2,3	0	G
k4_certs_4_n4_2.json.gz	94	14	7	6,22,1,3	[[5], [6], [3], [4]]	1	3	1	2	99	2	T4	2,3	0	G
k4_certs_4_n4_2.json.gz	94	14	7	6,27,1,3	[[5], [4], [3], [6]]	1	3	1	2	99	2	T4	2,3	0	G
k4_certs_4_n4_2.json.gz	94	14	7	6,27,1,3	[[5], [6], [3], [4]]	1	3	1	2	99	2	T4	2,3	0	G
k4_certs_4_n4_2.json.gz	94	14	7	6,28,1,3	[[5], [4], [3], [6]]	1	3	1	2	99	2	T4	2,3	0	G
k4_certs_4_n4_2.json.gz	94	14	7	6,28,1,3	[[5], [6], [3], [4]]	1	3	1	2	99	2	T4	2,3	0	G
k4_certs_4_n4_2.json.gz	94	14	7	6,29,1,3	[[5], [4], [3], [6]]	1	3	1	2	99	2	T4	2,3	0	G
k4_certs_4_n4_2.json.gz	94	14	7	6,29,1,3	[[5], [6], [3], [4]]	1	3	1	2	99	2	T4	2,3	0	G
k4_certs_4_n4_2.json.gz	94	14	7	6,57,1,3	[[5], [4], [3], [6]]	1	3	1	2	99	2	T4	2,3	0	G
k4_certs_4_n4_2.json.gz	94	14	7	6,57,1,3	[[5], [6], [3], [4]]	1	3	1	2	99	2	T4	2,3	0	G
k4_certs_4_n4_2.json.gz	94	14	7	6,58,1,3	[[5], [4], [3], [6]]	1	3	1	2	99	2	T4	2,3	0	G
k4_certs_4_n4_2.json.gz	94	14	7	6,58,1,3	[[5], [6], [3], [4]]	1	3	1	2	99	2	T4	2,3	0	G
k4_certs_4_n4_2.json.gz	94	14	7	6,70,1,3	[[5], [4], [3], [6]]	1	3	1	2	99	2	T4	2,3	0	G
k4_certs_4_n4_2.json.gz	94	14	7	6,70,1,3	[[5], [6], [3], [4]]	1	3	1	2	99	2	T4	2,3	0	G
k4_certs_4_n4_2.json.gz	94	14	7	6,71,1,3	[[5], [4], [3], [6]]	1	3	1	2	99	2	T4	2,3	0	G
k4_certs_4_n4_2.json.gz	94	14	7	6,71,1,3	[[5], [6], [3], [4]]	1	3	1	2	99	2	T4	2,3	0	G
k4_certs_4_n4_2.json.gz	94	14	7	6,103,1,3	[[5], [4], [3], [6]]	1	3	1	2	99	2	T4	2,3	0	G
k4_certs_4_n4_2.json.gz	94	14	7	6,103,1,3	[[5], [6], [3], [4]]	1	3	1	2	99	2	T4	2,3	0	G
k4_certs_4_n4_2.json.gz	94	14	7	11,3,1,3	[[5], [4], [3], [6]]	1	3	1	2	99	2	T4	2,3	0	G
k4_certs_4_n4_2.json.gz	94	14	7	11,3,1,3	[[5], [6], [3], [4]]	1	3	1	2	99	2	T4	2,3	0	G
k4_certs_4_n4_2.json.gz	94	14	7	11,14,1,3	[[5], [4], [3], [6]]	1	3	1	2	99	2	T4	2,3	0	G
k4_certs_4_n4_2.json.gz	94	14	7	11,14,1,3	[[5], [6], [3], [4]]	1	3	1	2	99	2	T4	2,3	0	G
k4_certs_4_n4_2.json.gz	94	14	7	11,19,1,3	[[5], [4], [3], [6]]	1	3	1	2	99	2	T4	2,3	0	G
k4_certs_4_n4_2.json.gz	94	14	7	11,19,1,3	[[5], [6], [3], [4]]	1	3	1	2	99	2	T4	2,3	0	G
k4_certs_4_n4_2.json.gz	94	14	7	11,22,1,3	[[5], [4], [3], [6]]	1	3	1	2	99	2	T4	2,3	0	G
k4_certs_4_n4_2.json.gz	94	14	7	11,22,1,3	[[5], [6], [3], [4]]	1	3	1	2	99	2	T4	2,3	0	G
k4_certs_4_n4_2.json.gz	94	14	7	11,27,1,3	[[5], [4], [3], [6]]	1	3	1	2	99	2	T4	2,3	0	G
k4_certs_4_n4_2.json.gz	94	14	7	11,27,1,3	[[5], [6], [3], [4]]	1	3	1	2	99	2	T4	2,3	0	G
k4_certs_4_n4_2.json.gz	94	14	7	11,28,1,3	[[5], [4], [3], [6]]	1	3	1	2	99	2	T4	2,3	0	G
k4_certs_4_n4_2.json.gz	94	14	7	11,28,1,3	[[5], [6], [3], [4]]	1	3	1	2	99	2	T4	2,3	0	G
k4_certs_4_n4_2.json.gz	94	14	7	11,29,1,3	[[5], [4], [3], [6]]	1	3	1	2	99	2	T4	2,3	0	G
k4_certs_4_n4_2.json.gz	94	14	7	11,29,1,3	[[5], [6], [3], [4]]	1	3	1	2	99	2	T4	2,3	0	G
k4_certs_4_n4_2.json.gz	94	14	7	11,57,1,3	[[5], [4], [3], [6]]	1	3	1	2	99	2	T4	2,3	0	G
k4_certs_4_n4_2.json.gz	94	14	7	11,57,1,3	[[5], [6], [3], [4]]	1	3	1	2	99	2	T4	2,3	0	G
k4_certs_4_n4_2.json.gz	94	14	7	11,58,1,3	[[5], [4], [3], [6]]	1	3	1	2	99	2	T4	2,3	0	G
k4_certs_4_n4_2.json.gz	94	14	7	11,58,1,3	[[5], [6], [3], [4]]	1	3	1	2	99	2	T4	2,3	0	G
k4_certs_4_n4_2.json.gz	94	14	7	11,70,1,3	[[5], [4], [3], [6]]	1	3	1	2	99	2	T4	2,3	0	G
k4_certs_4_n4_2.json.gz	94	14	7	11,70,1,3	[[5], [6], [3], [4]]	1	3	1	2	99	2	T4	2,3	0	G
k4_certs_4_n4_2.json.gz	94	14	7	11,71,1,3	[[5], [4], [3], [6]]	1	3	1	2	99	2	T4	2,3	0	G
k4_certs_4_n4_2.json.gz	94	14	7	11,71,1,3	[[5], [6], [3], [4]]	1	3	1	2	99	2	T4	2,3	0	G
k4_certs_4_n4_2.json.gz	94	14	7	11,103,1,3	[[5], [4], [3], [6]]	1	3	1	2	99	2	T4	2,3	0	G
k4_certs_4_n4_2.json.gz	94	14	7	11,103,1,3	[[5], [6], [3], [4]]	1	3	1	2	99	2	T4	2,3	0	G
k4_certs_4_n4_2.json.gz	94	14	7	21,3,1,3	[[5], [4], [3], [6]]	1	3	1	2	99	2	T4	2,3	0	G
k4_certs_4_n4_2.json.gz	94	14	7	21,3,1,3	[[5], [6], [3], [4]]	1	3	1	2	99	2	T4	2,3	0	G
k4_certs_4_n4_2.json.gz	94	14	7	21,14,1,3	[[5], [4], [3], [6]]	1	3	1	2	99	2	T4	2,3	0	G
k4_certs_4_n4_2.json.gz	94	14	7	21,14,1,3	[[5], [6], [3], [4]]	1	3	1	2	99	2	T4	2,3	0	G
k4_certs_4_n4_2.json.gz	94	14	7	21,19,1,3	[[5], [4], [3], [6]]	1	3	1	2	99	2	T4	2,3	0	G
k4_certs_4_n4_2.json.gz	94	14	7	21,19,1,3	[[5], [6], [3], [4]]	1	3	1	2	99	2	T4	2,3	0	G
k4_certs_4_n4_2.json.gz	94	14	7	21,22,1,3	[[5], [4], [3], [6]]	1	3	1	2	99	2	T4	2,3	0	G
k4_certs_4_n4_2.json.gz	94	14	7	21,22,1,3	[[5], [6], [3], [4]]	1	3	1	2	99	2	T4	2,3	0	G
k4_certs_4_n4_2.json.gz	94	14	7	21,27,1,3	[[5], [4], [3], [6]]	1	3	1	2	99	2	T4	2,3	0	G
k4_certs_4_n4_2.json.gz	94	14	7	21,27,1,3	[[5], [6], [3], [4]]	1	3	1	2	99	2	T4	2,3	0	G
k4_certs_4_n4_2.json.gz	94	14	7	21,28,1,3	[[5], [4], [3], [6]]	1	3	1	2	99	2	T4	2,3	0	G
k4_certs_4_n4_2.json.gz	94	14	7	21,28,1,3	[[5], [6], [3], [4]]	1	3	1	2	99	2	T4	2,3	0	G
k4_certs_4_n4_2.json.gz	94	14	7	21,29,1,3	[[5], [4], [3], [6]]	1	3	1	2	99	2	T4	2,3	0	G
k4_certs_4_n4_2.json.gz	94	14	7	21,29,1,3	[[5], [6], [3], [4]]	1	3	1	2	99	2	T4	2,3	0	G
k4_certs_4_n4_2.json.gz	94	14	7	21,57,1,3	[[5], [4], [3], [6]]	1	3	1	2	99	2	T4	2,3	0	G
k4_certs_4_n4_2.json.gz	94	14	7	21,57,1,3	[[5], [6], [3], [4]]	1	3	1	2	99	2	T4	2,3	0	G
k4_certs_4_n4_2.json.gz	94	14	7	21,58,1,3	[[5], [4], [3], [6]]	1	3	1	2	99	2	T4	2,3	0	G
k4_certs_4_n4_2.json.gz	94	14	7	21,58,1,3	[[5], [6], [3], [4]]	1	3	1	2	99	2	T4	2,3	0	G
k4_certs_4_n4_2.json.gz	94	14	7	21,70,1,3	[[5], [4], [3], [6]]	1	3	1	2	99	2	T4	2,3	0	G
k4_certs_4_n4_2.json.gz	94	14	7	21,70,1,3	[[5], [6], [3], [4]]	1	3	1	2	99	2	T4	2,3	0	G
k4_certs_4_n4_2.json.gz	94	14	7	21,71,1,3	[[5], [4], [3], [6]]	1	3	1	2	99	2	T4	2,3	0	G
k4_certs_4_n4_2.json.gz	94	14	7	21,71,1,3	[[5], [6], [3], [4]]	1	3	1	2	99	2	T4	2,3	0	G
k4_certs_4_n4_2.json.gz	94	14	7	21,103,1,3	[[5], [4], [3], [6]]	1	3	1	2	99	2	T4	2,3	0	G
k4_certs_4_n4_2.json.gz	94	14	7	21,103,1,3	[[5], [6], [3], [4]]	1	3	1	2	99	2	T4	2,3	0	G
k4_certs_4_n4_2.json.gz	94	14	7	34,3,1,3	[[5], [4], [3], [6]]	1	3	1	2	99	2	T4	2,3	0	G
k4_certs_4_n4_2.json.gz	94	14	7	34,3,1,3	[[5], [6], [3], [4]]	1	3	1	2	99	2	T4	2,3	0	G
k4_certs_4_n4_2.json.gz	94	14	7	34,14,1,3	[[5], [4], [3], [6]]	1	3	1	2	99	2	T4	2,3	0	G
k4_certs_4_n4_2.json.gz	94	14	7	34,14,1,3	[[5], [6], [3], [4]]	1	3	1	2	99	2	T4	2,3	0	G
k4_certs_4_n4_2.json.gz	94	14	7	34,19,1,3	[[5], [4], [3], [6]]	1	3	1	2	99	2	T4	2,3	0	G
k4_certs_4_n4_2.json.gz	94	14	7	34,19,1,3	[[5], [6], [3], [4]]	1	3	1	2	99	2	T4	2,3	0	G
k4_certs_4_n4_2.json.gz	94	14	7	34,22,1,3	[[5], [4], [3], [6]]	1	3	1	2	99	2	T4	2,3	0	G
k4_certs_4_n4_2.json.gz	94	14	7	34,22,1,3	[[5], [6], [3], [4]]	1	3	1	2	99	2	T4	2,3	0	G
k4_certs_4_n4_2.json.gz	94	14	7	34,27,1,3	[[5], [4], [3], [6]]	1	3	1	2	99	2	T4	2,3	0	G
k4_certs_4_n4_2.json.gz	94	14	7	34,27,1,3	[[5], [6], [3], [4]]	1	3	1	2	99	2	T4	2,3	0	G
k4_certs_4_n4_2.json.gz	94	14	7	34,28,1,3	[[5], [4], [3], [6]]	1	3	1	2	99	2	T4	2,3	0	G
k4_certs_4_n4_2.json.gz	94	14	7	34,28,1,3	[[5], [6], [3], [4]]	1	3	1	2	99	2	T4	2,3	0	G
k4_certs_4_n4_2.json.gz	94	14	7	34,29,1,3	[[5], [4], [3], [6]]	1	3	1	2	99	2	T4	2,3	0	G
k4_certs_4_n4_2.json.gz	94	14	7	34,29,1,3	[[5], [6], [3], [4]]	1	3	1	2	99	2	T4	2,3	0	G
k4_certs_4_n4_2.json.gz	94	14	7	34,57,1,3	[[5], [4], [3], [6]]	1	3	1	2	99	2	T4	2,3	0	G
k4_certs_4_n4_2.json.gz	94	14	7	34,57,1,3	[[5], [6], [3], [4]]	1	3	1	2	99	2	T4	2,3	0	G
k4_certs_4_n4_2.json.gz	94	14	7	34,58,1,3	[[5], [4], [3], [6]]	1	3	1	2	99	2	T4	2,3	0	G
k4_certs_4_n4_2.json.gz	94	14	7	34,58,1,3	[[5], [6], [3], [4]]	1	3	1	2	99	2	T4	2,3	0	G
k4_certs_4_n4_2.json.gz	94	14	7	34,70,1,3	[[5], [4], [3], [6]]	1	3	1	2	99	2	T4	2,3	0	G
k4_certs_4_n4_2.json.gz	94	14	7	34,70,1,3	[[5], [6], [3], [4]]	1	3	1	2	99	2	T4	2,3	0	G
k4_certs_4_n4_2.json.gz	94	14	7	34,71,1,3	[[5], [4], [3], [6]]	1	3	1	2	99	2	T4	2,3	0	G
k4_certs_4_n4_2.json.gz	94	14	7	34,71,1,3	[[5], [6], [3], [4]]	1	3	1	2	99	2	T4	2,3	0	G
k4_certs_4_n4_2.json.gz	94	14	7	34,103,1,3	[[5], [4], [3], [6]]	1	3	1	2	99	2	T4	2,3	0	G
k4_certs_4_n4_2.json.gz	94	14	7	34,103,1,3	[[5], [6], [3], [4]]	1	3	1	2	99	2	T4	2,3	0	G
k4_certs_4_n4_2.json.gz	94	14	7	39,3,1,3	[[5], [4], [3], [6]]	1	3	1	2	99	2	T4	2,3	0	G
k4_certs_4_n4_2.json.gz	94	14	7	39,3,1,3	[[5], [6], [3], [4]]	1	3	1	2	99	2	T4	2,3	0	G
k4_certs_4_n4_2.json.gz	94	14	7	39,14,1,3	[[5], [4], [3], [6]]	1	3	1	2	99	2	T4	2,3	0	G
k4_certs_4_n4_2.json.gz	94	14	7	39,14,1,3	[[5], [6], [3], [4]]	1	3	1	2	99	2	T4	2,3	0	G
k4_certs_4_n4_2.json.gz	94	14	7	39,19,1,3	[[5], [4], [3], [6]]	1	3	1	2	99	2	T4	2,3	0	G
k4_certs_4_n4_2.json.gz	94	14	7	39,19,1,3	[[5], [6], [3], [4]]	1	3	1	2	99	2	T4	2,3	0	G
k4_certs_4_n4_2.json.gz	94	14	7	39,22,1,3	[[5], [4], [3], [6]]	1	3	1	2	99	2	T4	2,3	0	G
k4_certs_4_n4_2.json.gz	94	14	7	39,22,1,3	[[5], [6], [3], [4]]	1	3	1	2	99	2	T4	2,3	0	G
k4_certs_4_n4_2.json.gz	94	14	7	39,27,1,3	[[5], [4], [3], [6]]	1	3	1	2	99	2	T4	2,3	0	G
k4_certs_4_n4_2.json.gz	94	14	7	39,27,1,3	[[5], [6], [3], [4]]	1	3	1	2	99	2	T4	2,3	0	G
k4_certs_4_n4_2.json.gz	94	14	7	39,28,1,3	[[5], [4], [3], [6]]	1	3	1	2	99	2	T4	2,3	0	G
k4_certs_4_n4_2.json.gz	94	14	7	39,28,1,3	[[5], [6], [3], [4]]	1	3	1	2	99	2	T4	2,3	0	G
k4_certs_4_n4_2.json.gz	94	14	7	39,29,1,3	[[5], [4], [3], [6]]	1	3	1	2	99	2	T4	2,3	0	G
k4_certs_4_n4_2.json.gz	94	14	7	39,29,1,3	[[5], [6], [3], [4]]	1	3	1	2	99	2	T4	2,3	0	G
k4_certs_4_n4_2.json.gz	94	14	7	39,57,1,3	[[5], [4], [3], [6]]	1	3	1	2	99	2	T4	2,3	0	G
k4_certs_4_n4_2.json.gz	94	14	7	39,57,1,3	[[5], [6], [3], [4]]	1	3	1	2	99	2	T4	2,3	0	G
k4_certs_4_n4_2.json.gz	94	14	7	39,58,1,3	[[5], [4], [3], [6]]	1	3	1	2	99	2	T4	2,3	0	G
k4_certs_4_n4_2.json.gz	94	14	7	39,58,1,3	[[5], [6], [3], [4]]	1	3	1	2	99	2	T4	2,3	0	G
k4_certs_4_n4_2.json.gz	94	14	7	39,70,1,3	[[5], [4], [3], [6]]	1	3	1	2	99	2	T4	2,3	0	G
k4_certs_4_n4_2.json.gz	94	14	7	39,70,1,3	[[5], [6], [3], [4]]	1	3	1	2	99	2	T4	2,3	0	G
k4_certs_4_n4_2.json.gz	94	14	7	39,71,1,3	[[5], [4], [3], [6]]	1	3	1	2	99	2	T4	2,3	0	G
k4_certs_4_n4_2.json.gz	94	14	7	39,71,1,3	[[5], [6], [3], [4]]	1	3	1	2	99	2	T4	2,3	0	G
k4_certs_4_n4_2.json.gz	94	14	7	39,103,1,3	[[5], [4], [3], [6]]	1	3	1	2	99	2	T4	2,3	0	G
k4_certs_4_n4_2.json.gz	94	14	7	39,103,1,3	[[5], [6], [3], [4]]	1	3	1	2	99	2	T4	2,3	0	G
k4_certs_4_n4_2.json.gz	94	14	7	51,3,1,3	[[5], [4], [3], [6]]	1	3	1	2	99	2	T4	2,3	0	G
k4_certs_4_n4_2.json.gz	94	14	7	51,3,1,3	[[5], [6], [3], [4]]	1	3	1	2	99	2	T4	2,3	0	G
k4_certs_4_n4_2.json.gz	94	14	7	51,14,1,3	[[5], [4], [3], [6]]	1	3	1	2	99	2	T4	2,3	0	G
k4_certs_4_n4_2.json.gz	94	14	7	51,14,1,3	[[5], [6], [3], [4]]	1	3	1	2	99	2	T4	2,3	0	G
k4_certs_4_n4_2.json.gz	94	14	7	51,19,1,3	[[5], [4], [3], [6]]	1	3	1	2	99	2	T4	2,3	0	G
k4_certs_4_n4_2.json.gz	94	14	7	51,19,1,3	[[5], [6], [3], [4]]	1	3	1	2	99	2	T4	2,3	0	G
k4_certs_4_n4_2.json.gz	94	14	7	51,22,1,3	[[5], [4], [3], [6]]	1	3	1	2	99	2	T4	2,3	0	G
k4_certs_4_n4_2.json.gz	94	14	7	51,22,1,3	[[5], [6], [3], [4]]	1	3	1	2	99	2	T4	2,3	0	G
k4_certs_4_n4_2.json.gz	94	14	7	51,27,1,3	[[5], [4], [3], [6]]	1	3	1	2	99	2	T4	2,3	0	G
k4_certs_4_n4_2.json.gz	94	14	7	51,27,1,3	[[5], [6], [3], [4]]	1	3	1	2	99	2	T4	2,3	0	G
k4_certs_4_n4_2.json.gz	94	14	7	51,28,1,3	[[5], [4], [3], [6]]	1	3	1	2	99	2	T4	2,3	0	G
k4_certs_4_n4_2.json.gz	94	14	7	51,28,1,3	[[5], [6], [3], [4]]	1	3	1	2	99	2	T4	2,3	0	G
k4_certs_4_n4_2.json.gz	94	14	7	51,29,1,3	[[5], [4], [3], [6]]	1	3	1	2	99	2	T4	2,3	0	G
k4_certs_4_n4_2.json.gz	94	14	7	51,29,1,3	[[5], [6], [3], [4]]	1	3	1	2	99	2	T4	2,3	0	G
k4_certs_4_n4_2.json.gz	94	14	7	51,57,1,3	[[5], [4], [3], [6]]	1	3	1	2	99	2	T4	2,3	0	G
k4_certs_4_n4_2.json.gz	94	14	7	51,57,1,3	[[5], [6], [3], [4]]	1	3	1	2	99	2	T4	2,3	0	G
k4_certs_4_n4_2.json.gz	94	14	7	51,58,1,3	[[5], [4], [3], [6]]	1	3	1	2	99	2	T4	2,3	0	G
k4_certs_4_n4_2.json.gz	94	14	7	51,58,1,3	[[5], [6], [3], [4]]	1	3	1	2	99	2	T4	2,3	0	G
k4_certs_4_n4_2.json.gz	94	14	7	51,70,1,3	[[5], [4], [3], [6]]	1	3	1	2	99	2	T4	2,3	0	G
k4_certs_4_n4_2.json.gz	94	14	7	51,70,1,3	[[5], [6], [3], [4]]	1	3	1	2	99	2	T4	2,3	0	G
k4_certs_4_n4_2.json.gz	94	14	7	51,71,1,3	[[5], [4], [3], [6]]	1	3	1	2	99	2	T4	2,3	0	G
k4_certs_4_n4_2.json.gz	94	14	7	51,71,1,3	[[5], [6], [3], [4]]	1	3	1	2	99	2	T4	2,3	0	G
k4_certs_4_n4_2.json.gz	94	14	7	51,103,1,3	[[5], [4], [3], [6]]	1	3	1	2	99	2	T4	2,3	0	G
k4_certs_4_n4_2.json.gz	94	14	7	51,103,1,3	[[5], [6], [3], [4]]	1	3	1	2	99	2	T4	2,3	0	G
k4_certs_4_n4_2.json.gz	94	14	7	65,3,1,3	[[5], [4], [3], [6]]	1	3	1	2	99	2	T4	2,3	0	G
k4_certs_4_n4_2.json.gz	94	14	7	65,3,1,3	[[5], [6], [3], [4]]	1	3	1	2	99	2	T4	2,3	0	G
k4_certs_4_n4_2.json.gz	94	14	7	65,14,1,3	[[5], [4], [3], [6]]	1	3	1	2	99	2	T4	2,3	0	G
k4_certs_4_n4_2.json.gz	94	14	7	65,14,1,3	[[5], [6], [3], [4]]	1	3	1	2	99	2	T4	2,3	0	G
k4_certs_4_n4_2.json.gz	94	14	7	65,19,1,3	[[5], [4], [3], [6]]	1	3	1	2	99	2	T4	2,3	0	G
k4_certs_4_n4_2.json.gz	94	14	7	65,19,1,3	[[5], [6], [3], [4]]	1	3	1	2	99	2	T4	2,3	0	G
k4_certs_4_n4_2.json.gz	94	14	7	65,22,1,3	[[5], [4], [3], [6]]	1	3	1	2	99	2	T4	2,3	0	G
k4_certs_4_n4_2.json.gz	94	14	7	65,22,1,3	[[5], [6], [3], [4]]	1	3	1	2	99	2	T4	2,3	0	G
k4_certs_4_n4_2.json.gz	94	14	7	65,27,1,3	[[5], [4], [3], [6]]	1	3	1	2	99	2	T4	2,3	0	G
k4_certs_4_n4_2.json.gz	94	14	7	65,27,1,3	[[5], [6], [3], [4]]	1	3	1	2	99	2	T4	2,3	0	G
k4_certs_4_n4_2.json.gz	94	14	7	65,28,1,3	[[5], [4], [3], [6]]	1	3	1	2	99	2	T4	2,3	0	G
k4_certs_4_n4_2.json.gz	94	14	7	65,28,1,3	[[5], [6], [3], [4]]	1	3	1	2	99	2	T4	2,3	0	G
k4_certs_4_n4_2.json.gz	94	14	7	65,29,1,3	[[5], [4], [3], [6]]	1	3	1	2	99	2	T4	2,3	0	G
k4_certs_4_n4_2.json.gz	94	14	7	65,29,1,3	[[5], [6], [3], [4]]	1	3	1	2	99	2	T4	2,3	0	G
k4_certs_4_n4_2.json.gz	94	14	7	65,57,1,3	[[5], [4], [3], [6]]	1	3	1	2	99	2	T4	2,3	0	G
k4_certs_4_n4_2.json.gz	94	14	7	65,57,1,3	[[5], [6], [3], [4]]	1	3	1	2	99	2	T4	2,3	0	G
k4_certs_4_n4_2.json.gz	94	14	7	65,58,1,3	[[5], [4], [3], [6]]	1	3	1	2	99	2	T4	2,3	0	G
k4_certs_4_n4_2.json.gz	94	14	7	65,58,1,3	[[5], [6], [3], [4]]	1	3	1	2	99	2	T4	2,3	0	G
k4_certs_4_n4_2.json.gz	94	14	7	65,70,1,3	[[5], [4], [3], [6]]	1	3	1	2	99	2	T4	2,3	0	G
k4_certs_4_n4_2.json.gz	94	14	7	65,70,1,3	[[5], [6], [3], [4]]	1	3	1	2	99	2	T4	2,3	0	G
k4_certs_4_n4_2.json.gz	94	14	7	65,71,1,3	[[5], [4], [3], [6]]	1	3	1	2	99	2	T4	2,3	0	G
k4_certs_4_n4_2.json.gz	94	14	7	65,71,1,3	[[5], [6], [3], [4]]	1	3	1	2	99	2	T4	2,3	0	G
k4_certs_4_n4_2.json.gz	94	14	7	65,103,1,3	[[5], [4], [3], [6]]	1	3	1	2	99	2	T4	2,3	0	G
k4_certs_4_n4_2.json.gz	94	14	7	65,103,1,3	[[5], [6], [3], [4]]	1	3	1	2	99	2	T4	2,3	0	G
k4_certs_4_n4_2.json.gz	94	14	7	73,3,1,3	[[5], [4], [3], [6]]	1	3	1	2	99	2	T4	2,3	0	G
k4_certs_4_n4_2.json.gz	94	14	7	73,3,1,3	[[5], [6], [3], [4]]	1	3	1	2	99	2	T4	2,3	0	G
k4_certs_4_n4_2.json.gz	94	14	7	73,14,1,3	[[5], [4], [3], [6]]	1	3	1	2	99	2	T4	2,3	0	G
k4_certs_4_n4_2.json.gz	94	14	7	73,14,1,3	[[5], [6], [3], [4]]	1	3	1	2	99	2	T4	2,3	0	G
k4_certs_4_n4_2.json.gz	94	14	7	73,19,1,3	[[5], [4], [3], [6]]	1	3	1	2	99	2	T4	2,3	0	G
k4_certs_4_n4_2.json.gz	94	14	7	73,19,1,3	[[5], [6], [3], [4]]	1	3	1	2	99	2	T4	2,3	0	G
k4_certs_4_n4_2.json.gz	94	14	7	73,22,1,3	[[5], [4], [3], [6]]	1	3	1	2	99	2	T4	2,3	0	G
k4_certs_4_n4_2.json.gz	94	14	7	73,22,1,3	[[5], [6], [3], [4]]	1	3	1	2	99	2	T4	2,3	0	G
k4_certs_4_n4_2.json.gz	94	14	7	73,27,1,3	[[5], [4], [3], [6]]	1	3	1	2	99	2	T4	2,3	0	G
k4_certs_4_n4_2.json.gz	94	14	7	73,27,1,3	[[5], [6], [3], [4]]	1	3	1	2	99	2	T4	2,3	0	G
k4_certs_4_n4_2.json.gz	94	14	7	73,28,1,3	[[5], [4], [3], [6]]	1	3	1	2	99	2	T4	2,3	0	G
k4_certs_4_n4_2.json.gz	94	14	7	73,28,1,3	[[5], [6], [3], [4]]	1	3	1	2	99	2	T4	2,3	0	G
k4_certs_4_n4_2.json.gz	94	14	7	73,29,1,3	[[5], [4], [3], [6]]	1	3	1	2	99	2	T4	2,3	0	G
k4_certs_4_n4_2.json.gz	94	14	7	73,29,1,3	[[5], [6], [3], [4]]	1	3	1	2	99	2	T4	2,3	0	G
k4_certs_4_n4_2.json.gz	94	14	7	73,57,1,3	[[5], [4], [3], [6]]	1	3	1	2	99	2	T4	2,3	0	G
k4_certs_4_n4_2.json.gz	94	14	7	73,57,1,3	[[5], [6], [3], [4]]	1	3	1	2	99	2	T4	2,3	0	G
k4_certs_4_n4_2.json.gz	94	14	7	73,58,1,3	[[5], [4], [3], [6]]	1	3	1	2	99	2	T4	2,3	0	G
k4_certs_4_n4_2.json.gz	94	14	7	73,58,1,3	[[5], [6], [3], [4]]	1	3	1	2	99	2	T4	2,3	0	G
k4_certs_4_n4_2.json.gz	94	14	7	73,70,1,3	[[5], [4], [3], [6]]	1	3	1	2	99	2	T4	2,3	0	G
k4_certs_4_n4_2.json.gz	94	14	7	73,70,1,3	[[5], [6], [3], [4]]	1	3	1	2	99	2	T4	2,3	0	G
k4_certs_4_n4_2.json.gz	94	14	7	73,71,1,3	[[5], [4], [3], [6]]	1	3	1	2	99	2	T4	2,3	0	G
k4_certs_4_n4_2.json.gz	94	14	7	73,71,1,3	[[5], [6], [3], [4]]	1	3	1	2	99	2	T4	2,3	0	G
k4_certs_4_n4_2.json.gz	94	14	7	73,103,1,3	[[5], [4], [3], [6]]	1	3	1	2	99	2	T4	2,3	0	G
k4_certs_4_n4_2.json.gz	94	14	7	73,103,1,3	[[5], [6], [3], [4]]	1	3	1	2	99	2	T4	2,3	0	G
k4_certs_4_n4_2.json.gz	94	14	7	103,3,1,3	[[5], [4], [3], [6]]	1	3	1	2	99	2	T4	2,3	0	G
k4_certs_4_n4_2.json.gz	94	14	7	103,3,1,3	[[5], [6], [3], [4]]	1	3	1	2	99	2	T4	2,3	0	G
k4_certs_4_n4_2.json.gz	94	14	7	103,14,1,3	[[5], [4], [3], [6]]	1	3	1	2	99	2	T4	2,3	0	G
k4_certs_4_n4_2.json.gz	94	14	7	103,14,1,3	[[5], [6], [3], [4]]	1	3	1	2	99	2	T4	2,3	0	G
k4_certs_4_n4_2.json.gz	94	14	7	103,19,1,3	[[5], [4], [3], [6]]	1	3	1	2	99	2	T4	2,3	0	G
k4_certs_4_n4_2.json.gz	94	14	7	103,19,1,3	[[5], [6], [3], [4]]	1	3	1	2	99	2	T4	2,3	0	G
k4_certs_4_n4_2.json.gz	94	14	7	103,22,1,3	[[5], [4], [3], [6]]	1	3	1	2	99	2	T4	2,3	0	G
k4_certs_4_n4_2.json.gz	94	14	7	103,22,1,3	[[5], [6], [3], [4]]	1	3	1	2	99	2	T4	2,3	0	G
k4_certs_4_n4_2.json.gz	94	14	7	103,27,1,3	[[5], [4], [3], [6]]	1	3	1	2	99	2	T4	2,3	0	G
k4_certs_4_n4_2.json.gz	94	14	7	103,27,1,3	[[5], [6], [3], [4]]	1	3	1	2	99	2	T4	2,3	0	G
k4_certs_4_n4_2.json.gz	94	14	7	103,28,1,3	[[5], [4], [3], [6]]	1	3	1	2	99	2	T4	2,3	0	G
k4_certs_4_n4_2.json.gz	94	14	7	103,28,1,3	[[5], [6], [3], [4]]	1	3	1	2	99	2	T4	2,3	0	G
k4_certs_4_n4_2.json.gz	94	14	7	103,29,1,3	[[5], [4], [3], [6]]	1	3	1	2	99	2	T4	2,3	0	G
k4_certs_4_n4_2.json.gz	94	14	7	103,29,1,3	[[5], [6], [3], [4]]	1	3	1	2	99	2	T4	2,3	0	G
k4_certs_4_n4_2.json.gz	94	14	7	103,57,1,3	[[5], [4], [3], [6]]	1	3	1	2	99	2	T4	2,3	0	G
k4_certs_4_n4_2.json.gz	94	14	7	103,57,1,3	[[5], [6], [3], [4]]	1	3	1	2	99	2	T4	2,3	0	G
k4_certs_4_n4_2.json.gz	94	14	7	103,58,1,3	[[5], [4], [3], [6]]	1	3	1	2	99	2	T4	2,3	0	G
k4_certs_4_n4_2.json.gz	94	14	7	103,58,1,3	[[5], [6], [3], [4]]	1	3	1	2	99	2	T4	2,3	0	G
k4_certs_4_n4_2.json.gz	94	14	7	103,70,1,3	[[5], [4], [3], [6]]	1	3	1	2	99	2	T4	2,3	0	G
k4_certs_4_n4_2.json.gz	94	14	7	103,70,1,3	[[5], [6], [3], [4]]	1	3	1	2	99	2	T4	2,3	0	G
k4_certs_4_n4_2.json.gz	94	14	7	103,71,1,3	[[5], [4], [3], [6]]	1	3	1	2	99	2	T4	2,3	0	G
k4_certs_4_n4_2.json.gz	94	14	7	103,71,1,3	[[5], [6], [3], [4]]	1	3	1	2	99	2	T4	2,3	0	G
k4_certs_4_n4_2.json.gz	94	14	7	103,103,1,3	[[5], [4], [3], [6]]	1	3	1	2	99	2	T4	2,3	0	G
k4_certs_4_n4_2.json.gz	94	14	7	103,103,1,3	[[5], [6], [3], [4]]	1	3	1	2	99	2	T4	2,3	0	G
k4_certs_4_n4_2.json.gz	94	14	7	111,3,1,3	[[5], [4], [3], [6]]	1	3	1	2	99	2	T4	2,3	0	G
k4_certs_4_n4_2.json.gz	94	14	7	111,3,1,3	[[5], [6], [3], [4]]	1	3	1	2	99	2	T4	2,3	0	G
k4_certs_4_n4_2.json.gz	94	14	7	111,14,1,3	[[5], [4], [3], [6]]	1	3	1	2	99	2	T4	2,3	0	G
k4_certs_4_n4_2.json.gz	94	14	7	111,14,1,3	[[5], [6], [3], [4]]	1	3	1	2	99	2	T4	2,3	0	G
k4_certs_4_n4_2.json.gz	94	14	7	111,19,1,3	[[5], [4], [3], [6]]	1	3	1	2	99	2	T4	2,3	0	G
k4_certs_4_n4_2.json.gz	94	14	7	111,19,1,3	[[5], [6], [3], [4]]	1	3	1	2	99	2	T4	2,3	0	G
k4_certs_4_n4_2.json.gz	94	14	7	111,22,1,3	[[5], [4], [3], [6]]	1	3	1	2	99	2	T4	2,3	0	G
k4_certs_4_n4_2.json.gz	94	14	7	111,22,1,3	[[5], [6], [3], [4]]	1	3	1	2	99	2	T4	2,3	0	G
k4_certs_4_n4_2.json.gz	94	14	7	111,27,1,3	[[5], [4], [3], [6]]	1	3	1	2	99	2	T4	2,3	0	G
k4_certs_4_n4_2.json.gz	94	14	7	111,27,1,3	[[5], [6], [3], [4]]	1	3	1	2	99	2	T4	2,3	0	G
k4_certs_4_n4_2.json.gz	94	14	7	111,28,1,3	[[5], [4], [3], [6]]	1	3	1	2	99	2	T4	2,3	0	G
k4_certs_4_n4_2.json.gz	94	14	7	111,28,1,3	[[5], [6], [3], [4]]	1	3	1	2	99	2	T4	2,3	0	G
k4_certs_4_n4_2.json.gz	94	14	7	111,29,1,3	[[5], [4], [3], [6]]	1	3	1	2	99	2	T4	2,3	0	G
k4_certs_4_n4_2.json.gz	94	14	7	111,29,1,3	[[5], [6], [3], [4]]	1	3	1	2	99	2	T4	2,3	0	G
k4_certs_4_n4_2.json.gz	94	14	7	111,57,1,3	[[5], [4], [3], [6]]	1	3	1	2	99	2	T4	2,3	0	G
k4_certs_4_n4_2.json.gz	94	14	7	111,57,1,3	[[5], [6], [3], [4]]	1	3	1	2	99	2	T4	2,3	0	G
k4_certs_4_n4_2.json.gz	94	14	7	111,58,1,3	[[5], [4], [3], [6]]	1	3	1	2	99	2	T4	2,3	0	G
k4_certs_4_n4_2.json.gz	94	14	7	111,58,1,3	[[5], [6], [3], [4]]	1	3	1	2	99	2	T4	2,3	0	G
k4_certs_4_n4_2.json.gz	94	14	7	111,70,1,3	[[5], [4], [3], [6]]	1	3	1	2	99	2	T4	2,3	0	G
k4_certs_4_n4_2.json.gz	94	14	7	111,70,1,3	[[5], [6], [3], [4]]	1	3	1	2	99	2	T4	2,3	0	G
k4_certs_4_n4_2.json.gz	94	14	7	111,71,1,3	[[5], [4], [3], [6]]	1	3	1	2	99	2	T4	2,3	0	G
k4_certs_4_n4_2.json.gz	94	14	7	111,71,1,3	[[5], [6], [3], [4]]	1	3	1	2	99	2	T4	2,3	0	G
k4_certs_4_n4_2.json.gz	94	14	7	111,103,1,3	[[5], [4], [3], [6]]	1	3	1	2	99	2	T4	2,3	0	G
k4_certs_4_n4_2.json.gz	94	14	7	111,103,1,3	[[5], [6], [3], [4]]	1	3	1	2	99	2	T4	2,3	0	G
k4_certs_4_n4_3.json.gz	64	17	7	6,1,19,27	[[5], [1], [4], [6]]	1	3	1	2	99	2	T4	2,3	0	G
k4_certs_4_n4_3.json.gz	64	17	7	6,1,19,27	[[5], [1], [6], [4]]	1	3	1	2	99	2	T4	2,3	0	G
