# command: python3 k4/dlrt4_run.py certs results/k4_certs_5_n4_1.json.gz --sample=300000 --seed=1 --jobs=4 --ckpt=results/k4_rt4/ckpt_n5a_1.jsonl --dump=results/k4_rt4/dump_n5a_1.jsonl.gz --tables=results/k4_rt4/tables_n5a_1.json --progress
# dlrt4.c sha256 fcde494a3161279d47a7b80e614f69c58894ebc7b40d00e461f677b8810d7cae
# k4_certs_5_n4_1.json.gz: cores 0..1734, 1735 units to run, 0 from the checkpoint; 300000 random profiles per unit, seed 1
#   unit {'pos': 2, 'blk': None}: om1 0 pos 0 st1 0 fail1 0 t4 0 t4only 0 t2only 0 rtfail 0 [1.4 s]
#   unit {'pos': 1, 'blk': None}: om1 0 pos 0 st1 0 fail1 0 t4 0 t4only 0 t2only 0 rtfail 0 [1.5 s]
#   unit {'pos': 3, 'blk': None}: om1 0 pos 0 st1 0 fail1 0 t4 0 t4only 0 t2only 0 rtfail 0 [1.6 s]
#   unit {'pos': 0, 'blk': None}: om1 0 pos 0 st1 0 fail1 0 t4 0 t4only 0 t2only 0 rtfail 0 [1.6 s]
#   unit {'pos': 4, 'blk': None}: om1 0 pos 0 st1 0 fail1 0 t4 0 t4only 0 t2only 0 rtfail 0 [0.6 s]
#   unit {'pos': 5, 'blk': None}: om1 0 pos 0 st1 0 fail1 0 t4 0 t4only 0 t2only 0 rtfail 0 [1.1 s]
#   unit {'pos': 7, 'blk': None}: om1 0 pos 0 st1 0 fail1 0 t4 0 t4only 0 t2only 0 rtfail 0 [1.1 s]
#   unit {'pos': 6, 'blk': None}: om1 0 pos 0 st1 0 fail1 0 t4 0 t4only 0 t2only 0 rtfail 0 [1.2 s]
#   unit {'pos': 8, 'blk': None}: om1 0 pos 0 st1 0 fail1 0 t4 0 t4only 0 t2only 0 rtfail 0 [1.3 s]
#   unit {'pos': 9, 'blk': None}: om1 0 pos 0 st1 0 fail1 0 t4 0 t4only 0 t2only 0 rtfail 0 [1.5 s]
#   unit {'pos': 10, 'blk': None}: om1 0 pos 0 st1 0 fail1 0 t4 0 t4only 0 t2only 0 rtfail 0 [1.4 s]
#   unit {'pos': 11, 'blk': None}: om1 0 pos 0 st1 0 fail1 0 t4 0 t4only 0 t2only 0 rtfail 0 [1.4 s]
#   unit {'pos': 12, 'blk': None}: om1 0 pos 0 st1 0 fail1 0 t4 0 t4only 0 t2only 0 rtfail 0 [1.4 s]
#   unit {'pos': 14, 'blk': None}: om1 0 pos 0 st1 0 fail1 0 t4 0 t4only 0 t2only 0 rtfail 0 [1.2 s]
#   unit {'pos': 15, 'blk': None}: om1 0 pos 0 st1 0 fail1 0 t4 0 t4only 0 t2only 0 rtfail 0 [1.1 s]
#   unit {'pos': 13, 'blk': None}: om1 0 pos 0 st1 0 fail1 0 t4 0 t4only 0 t2only 0 rtfail 0 [1.3 s]
#   unit {'pos': 16, 'blk': None}: om1 0 pos 0 st1 0 fail1 0 t4 0 t4only 0 t2only 0 rtfail 0 [1.4 s]
#   unit {'pos': 17, 'blk': None}: om1 0 pos 0 st1 0 fail1 0 t4 0 t4only 0 t2only 0 rtfail 0 [1.2 s]
#   unit {'pos': 18, 'blk': None}: om1 0 pos 0 st1 0 fail1 0 t4 0 t4only 0 t2only 0 rtfail 0 [1.4 s]
#   unit {'pos': 19, 'blk': None}: om1 0 pos 0 st1 0 fail1 0 t4 0 t4only 0 t2only 0 rtfail 0 [1.4 s]
#   unit {'pos': 20, 'blk': None}: om1 0 pos 0 st1 0 fail1 0 t4 0 t4only 0 t2only 0 rtfail 0 [1.3 s]
#   unit {'pos': 21, 'blk': None}: om1 0 pos 0 st1 0 fail1 0 t4 0 t4only 0 t2only 0 rtfail 0 [1.4 s]
#   unit {'pos': 23, 'blk': None}: om1 0 pos 0 st1 0 fail1 0 t4 0 t4only 0 t2only 0 rtfail 0 [1.2 s]
#   unit {'pos': 22, 'blk': None}: om1 0 pos 0 st1 0 fail1 0 t4 0 t4only 0 t2only 0 rtfail 0 [1.3 s]
#   unit {'pos': 24, 'blk': None}: om1 0 pos 0 st1 0 fail1 0 t4 0 t4only 0 t2only 0 rtfail 0 [0.9 s]
#   unit {'pos': 25, 'blk': None}: om1 0 pos 0 st1 0 fail1 0 t4 0 t4only 0 t2only 0 rtfail 0 [1.1 s]
#   unit {'pos': 27, 'blk': None}: om1 0 pos 0 st1 0 fail1 0 t4 0 t4only 0 t2only 0 rtfail 0 [1.1 s]
#   unit {'pos': 26, 'blk': None}: om1 0 pos 0 st1 0 fail1 0 t4 0 t4only 0 t2only 0 rtfail 0 [1.2 s]
#   unit {'pos': 28, 'blk': None}: om1 0 pos 0 st1 0 fail1 0 t4 0 t4only 0 t2only 0 rtfail 0 [1.2 s]
#   unit {'pos': 31, 'blk': None}: om1 0 pos 0 st1 0 fail1 0 t4 0 t4only 0 t2only 0 rtfail 0 [1.0 s]
#   unit {'pos': 30, 'blk': None}: om1 0 pos 0 st1 0 fail1 0 t4 0 t4only 0 t2only 0 rtfail 0 [1.0 s]
#   unit {'pos': 29, 'blk': None}: om1 0 pos 0 st1 0 fail1 0 t4 0 t4only 0 t2only 0 rtfail 0 [1.2 s]
#   unit {'pos': 32, 'blk': None}: om1 0 pos 0 st1 0 fail1 0 t4 0 t4only 0 t2only 0 rtfail 0 [1.0 s]
#   unit {'pos': 34, 'blk': None}: om1 0 pos 0 st1 0 fail1 0 t4 0 t4only 0 t2only 0 rtfail 0 [1.1 s]
#   unit {'pos': 35, 'blk': None}: om1 0 pos 0 st1 0 fail1 0 t4 0 t4only 0 t2only 0 rtfail 0 [1.2 s]
#   unit {'pos': 33, 'blk': None}: om1 0 pos 0 st1 0 fail1 0 t4 0 t4only 0 t2only 0 rtfail 0 [1.4 s]
#   unit {'pos': 36, 'blk': None}: om1 0 pos 0 st1 0 fail1 0 t4 0 t4only 0 t2only 0 rtfail 0 [1.1 s]
#   unit {'pos': 37, 'blk': None}: om1 0 pos 0 st1 0 fail1 0 t4 0 t4only 0 t2only 0 rtfail 0 [1.2 s]
#   unit {'pos': 40, 'blk': None}: om1 0 pos 0 st1 0 fail1 0 t4 0 t4only 0 t2only 0 rtfail 0 [1.1 s]
#   unit {'pos': 39, 'blk': None}: om1 0 pos 0 st1 0 fail1 0 t4 0 t4only 0 t2only 0 rtfail 0 [1.4 s]
#   unit {'pos': 38, 'blk': None}: om1 0 pos 0 st1 0 fail1 0 t4 0 t4only 0 t2only 0 rtfail 0 [1.7 s]
#   unit {'pos': 41, 'blk': None}: om1 0 pos 0 st1 0 fail1 0 t4 0 t4only 0 t2only 0 rtfail 0 [1.3 s]
#   unit {'pos': 42, 'blk': None}: om1 0 pos 0 st1 0 fail1 0 t4 0 t4only 0 t2only 0 rtfail 0 [1.2 s]
#   unit {'pos': 44, 'blk': None}: om1 0 pos 0 st1 0 fail1 0 t4 0 t4only 0 t2only 0 rtfail 0 [1.4 s]
#   unit {'pos': 43, 'blk': None}: om1 0 pos 0 st1 0 fail1 0 t4 0 t4only 0 t2only 0 rtfail 0 [1.7 s]
#   unit {'pos': 45, 'blk': None}: om1 0 pos 0 st1 0 fail1 0 t4 0 t4only 0 t2only 0 rtfail 0 [1.3 s]
#   unit {'pos': 46, 'blk': None}: om1 0 pos 0 st1 0 fail1 0 t4 0 t4only 0 t2only 0 rtfail 0 [1.3 s]
#   unit {'pos': 47, 'blk': None}: om1 0 pos 0 st1 0 fail1 0 t4 0 t4only 0 t2only 0 rtfail 0 [1.4 s]
#   unit {'pos': 48, 'blk': None}: om1 0 pos 0 st1 0 fail1 0 t4 0 t4only 0 t2only 0 rtfail 0 [1.2 s]
#   unit {'pos': 49, 'blk': None}: om1 0 pos 0 st1 0 fail1 0 t4 0 t4only 0 t2only 0 rtfail 0 [1.4 s]
#   unit {'pos': 50, 'blk': None}: om1 0 pos 0 st1 0 fail1 0 t4 0 t4only 0 t2only 0 rtfail 0 [1.5 s]
#   unit {'pos': 52, 'blk': None}: om1 0 pos 0 st1 0 fail1 0 t4 0 t4only 0 t2only 0 rtfail 0 [1.3 s]
#   unit {'pos': 51, 'blk': None}: om1 0 pos 0 st1 0 fail1 0 t4 0 t4only 0 t2only 0 rtfail 0 [1.3 s]
#   unit {'pos': 53, 'blk': None}: om1 0 pos 0 st1 0 fail1 0 t4 0 t4only 0 t2only 0 rtfail 0 [1.0 s]
#   unit {'pos': 54, 'blk': None}: om1 0 pos 0 st1 0 fail1 0 t4 0 t4only 0 t2only 0 rtfail 0 [0.8 s]
#   unit {'pos': 56, 'blk': None}: om1 0 pos 0 st1 0 fail1 0 t4 0 t4only 0 t2only 0 rtfail 0 [0.8 s]
#   unit {'pos': 55, 'blk': None}: om1 0 pos 0 st1 0 fail1 0 t4 0 t4only 0 t2only 0 rtfail 0 [1.0 s]
#   unit {'pos': 57, 'blk': None}: om1 0 pos 0 st1 0 fail1 0 t4 0 t4only 0 t2only 0 rtfail 0 [1.0 s]
#   unit {'pos': 58, 'blk': None}: om1 0 pos 0 st1 0 fail1 0 t4 0 t4only 0 t2only 0 rtfail 0 [1.0 s]
#   unit {'pos': 59, 'blk': None}: om1 0 pos 0 st1 0 fail1 0 t4 0 t4only 0 t2only 0 rtfail 0 [0.7 s]
#   unit {'pos': 60, 'blk': None}: om1 0 pos 0 st1 0 fail1 0 t4 0 t4only 0 t2only 0 rtfail 0 [0.8 s]
#   unit {'pos': 61, 'blk': None}: om1 0 pos 0 st1 0 fail1 0 t4 0 t4only 0 t2only 0 rtfail 0 [0.7 s]
#   unit {'pos': 62, 'blk': None}: om1 0 pos 0 st1 0 fail1 0 t4 0 t4only 0 t2only 0 rtfail 0 [0.8 s]
#   unit {'pos': 64, 'blk': None}: om1 0 pos 0 st1 0 fail1 0 t4 0 t4only 0 t2only 0 rtfail 0 [0.8 s]
#   unit {'pos': 63, 'blk': None}: om1 0 pos 0 st1 0 fail1 0 t4 0 t4only 0 t2only 0 rtfail 0 [1.1 s]
#   unit {'pos': 65, 'blk': None}: om1 0 pos 0 st1 0 fail1 0 t4 0 t4only 0 t2only 0 rtfail 0 [0.9 s]
#   unit {'pos': 66, 'blk': None}: om1 0 pos 0 st1 0 fail1 0 t4 0 t4only 0 t2only 0 rtfail 0 [1.0 s]
#   unit {'pos': 68, 'blk': None}: om1 0 pos 0 st1 0 fail1 0 t4 0 t4only 0 t2only 0 rtfail 0 [0.7 s]
#   unit {'pos': 67, 'blk': None}: om1 0 pos 0 st1 0 fail1 0 t4 0 t4only 0 t2only 0 rtfail 0 [0.8 s]
#   unit {'pos': 69, 'blk': None}: om1 0 pos 0 st1 0 fail1 0 t4 0 t4only 0 t2only 0 rtfail 0 [0.9 s]
#   unit {'pos': 70, 'blk': None}: om1 0 pos 0 st1 0 fail1 0 t4 0 t4only 0 t2only 0 rtfail 0 [0.8 s]
#   unit {'pos': 71, 'blk': None}: om1 0 pos 0 st1 0 fail1 0 t4 0 t4only 0 t2only 0 rtfail 0 [0.8 s]
#   unit {'pos': 72, 'blk': None}: om1 0 pos 0 st1 0 fail1 0 t4 0 t4only 0 t2only 0 rtfail 0 [0.9 s]
#   unit {'pos': 73, 'blk': None}: om1 0 pos 0 st1 0 fail1 0 t4 0 t4only 0 t2only 0 rtfail 0 [0.8 s]
#   unit {'pos': 74, 'blk': None}: om1 0 pos 0 st1 0 fail1 0 t4 0 t4only 0 t2only 0 rtfail 0 [1.0 s]
#   unit {'pos': 75, 'blk': None}: om1 0 pos 0 st1 0 fail1 0 t4 0 t4only 0 t2only 0 rtfail 0 [0.7 s]
#   unit {'pos': 76, 'blk': None}: om1 0 pos 0 st1 0 fail1 0 t4 0 t4only 0 t2only 0 rtfail 0 [0.9 s]
#   unit {'pos': 77, 'blk': None}: om1 0 pos 0 st1 0 fail1 0 t4 0 t4only 0 t2only 0 rtfail 0 [1.0 s]
#   unit {'pos': 79, 'blk': None}: om1 0 pos 0 st1 0 fail1 0 t4 0 t4only 0 t2only 0 rtfail 0 [0.9 s]
#   unit {'pos': 80, 'blk': None}: om1 0 pos 0 st1 0 fail1 0 t4 0 t4only 0 t2only 0 rtfail 0 [0.8 s]
#   unit {'pos': 78, 'blk': None}: om1 0 pos 0 st1 0 fail1 0 t4 0 t4only 0 t2only 0 rtfail 0 [1.3 s]
#   unit {'pos': 81, 'blk': None}: om1 0 pos 0 st1 0 fail1 0 t4 0 t4only 0 t2only 0 rtfail 0 [1.1 s]
#   unit {'pos': 83, 'blk': None}: om1 0 pos 0 st1 0 fail1 0 t4 0 t4only 0 t2only 0 rtfail 0 [0.8 s]
#   unit {'pos': 82, 'blk': None}: om1 0 pos 0 st1 0 fail1 0 t4 0 t4only 0 t2only 0 rtfail 0 [1.0 s]
#   unit {'pos': 84, 'blk': None}: om1 0 pos 0 st1 0 fail1 0 t4 0 t4only 0 t2only 0 rtfail 0 [0.9 s]
#   unit {'pos': 85, 'blk': None}: om1 0 pos 0 st1 0 fail1 0 t4 0 t4only 0 t2only 0 rtfail 0 [0.8 s]
#   unit {'pos': 86, 'blk': None}: om1 0 pos 0 st1 0 fail1 0 t4 0 t4only 0 t2only 0 rtfail 0 [0.8 s]
#   unit {'pos': 87, 'blk': None}: om1 0 pos 0 st1 0 fail1 0 t4 0 t4only 0 t2only 0 rtfail 0 [0.8 s]
#   unit {'pos': 88, 'blk': None}: om1 0 pos 0 st1 0 fail1 0 t4 0 t4only 0 t2only 0 rtfail 0 [0.8 s]
#   unit {'pos': 90, 'blk': None}: om1 0 pos 0 st1 0 fail1 0 t4 0 t4only 0 t2only 0 rtfail 0 [0.8 s]
#   unit {'pos': 91, 'blk': None}: om1 0 pos 0 st1 0 fail1 0 t4 0 t4only 0 t2only 0 rtfail 0 [0.8 s]
#   unit {'pos': 89, 'blk': None}: om1 0 pos 0 st1 0 fail1 0 t4 0 t4only 0 t2only 0 rtfail 0 [1.0 s]
#   unit {'pos': 92, 'blk': None}: om1 0 pos 0 st1 0 fail1 0 t4 0 t4only 0 t2only 0 rtfail 0 [1.0 s]
#   unit {'pos': 94, 'blk': None}: om1 0 pos 0 st1 0 fail1 0 t4 0 t4only 0 t2only 0 rtfail 0 [1.1 s]
#   unit {'pos': 93, 'blk': None}: om1 0 pos 0 st1 0 fail1 0 t4 0 t4only 0 t2only 0 rtfail 0 [1.2 s]
#   unit {'pos': 95, 'blk': None}: om1 0 pos 0 st1 0 fail1 0 t4 0 t4only 0 t2only 0 rtfail 0 [1.1 s]
#   unit {'pos': 96, 'blk': None}: om1 0 pos 0 st1 0 fail1 0 t4 0 t4only 0 t2only 0 rtfail 0 [0.9 s]
#   unit {'pos': 97, 'blk': None}: om1 0 pos 0 st1 0 fail1 0 t4 0 t4only 0 t2only 0 rtfail 0 [1.0 s]
#   unit {'pos': 98, 'blk': None}: om1 0 pos 0 st1 0 fail1 0 t4 0 t4only 0 t2only 0 rtfail 0 [1.1 s]
#   unit {'pos': 100, 'blk': None}: om1 0 pos 0 st1 0 fail1 0 t4 0 t4only 0 t2only 0 rtfail 0 [0.9 s]
#   unit {'pos': 99, 'blk': None}: om1 0 pos 0 st1 0 fail1 0 t4 0 t4only 0 t2only 0 rtfail 0 [1.1 s]
#   unit {'pos': 104, 'blk': None}: om1 0 pos 0 st1 0 fail1 0 t4 0 t4only 0 t2only 0 rtfail 0 [0.8 s]
#   unit {'pos': 103, 'blk': None}: om1 0 pos 0 st1 0 fail1 0 t4 0 t4only 0 t2only 0 rtfail 0 [0.8 s]
#   unit {'pos': 101, 'blk': None}: om1 0 pos 0 st1 0 fail1 0 t4 0 t4only 0 t2only 0 rtfail 0 [1.1 s]
#   unit {'pos': 102, 'blk': None}: om1 0 pos 0 st1 0 fail1 0 t4 0 t4only 0 t2only 0 rtfail 0 [1.5 s]
#   unit {'pos': 105, 'blk': None}: om1 0 pos 0 st1 0 fail1 0 t4 0 t4only 0 t2only 0 rtfail 0 [0.7 s]
#   unit {'pos': 106, 'blk': None}: om1 0 pos 0 st1 0 fail1 0 t4 0 t4only 0 t2only 0 rtfail 0 [0.7 s]
#   unit {'pos': 107, 'blk': None}: om1 0 pos 0 st1 0 fail1 0 t4 0 t4only 0 t2only 0 rtfail 0 [0.9 s]
#   unit {'pos': 109, 'blk': None}: om1 0 pos 0 st1 0 fail1 0 t4 0 t4only 0 t2only 0 rtfail 0 [0.8 s]
#   unit {'pos': 110, 'blk': None}: om1 0 pos 0 st1 0 fail1 0 t4 0 t4only 0 t2only 0 rtfail 0 [0.9 s]
#   unit {'pos': 108, 'blk': None}: om1 0 pos 0 st1 0 fail1 0 t4 0 t4only 0 t2only 0 rtfail 0 [1.1 s]
#   unit {'pos': 111, 'blk': None}: om1 0 pos 0 st1 0 fail1 0 t4 0 t4only 0 t2only 0 rtfail 0 [0.7 s]
#   unit {'pos': 112, 'blk': None}: om1 0 pos 0 st1 0 fail1 0 t4 0 t4only 0 t2only 0 rtfail 0 [0.7 s]
#   unit {'pos': 115, 'blk': None}: om1 0 pos 0 st1 0 fail1 0 t4 0 t4only 0 t2only 0 rtfail 0 [0.7 s]
#   unit {'pos': 113, 'blk': None}: om1 0 pos 0 st1 0 fail1 0 t4 0 t4only 0 t2only 0 rtfail 0 [0.9 s]
#   unit {'pos': 114, 'blk': None}: om1 0 pos 0 st1 0 fail1 0 t4 0 t4only 0 t2only 0 rtfail 0 [0.8 s]
#   unit {'pos': 116, 'blk': None}: om1 0 pos 0 st1 0 fail1 0 t4 0 t4only 0 t2only 0 rtfail 0 [0.9 s]
#   unit {'pos': 117, 'blk': None}: om1 0 pos 0 st1 0 fail1 0 t4 0 t4only 0 t2only 0 rtfail 0 [0.9 s]
#   unit {'pos': 119, 'blk': None}: om1 0 pos 0 st1 0 fail1 0 t4 0 t4only 0 t2only 0 rtfail 0 [0.9 s]
#   unit {'pos': 118, 'blk': None}: om1 0 pos 0 st1 0 fail1 0 t4 0 t4only 0 t2only 0 rtfail 0 [1.1 s]
#   unit {'pos': 120, 'blk': None}: om1 0 pos 0 st1 0 fail1 0 t4 0 t4only 0 t2only 0 rtfail 0 [0.9 s]
#   unit {'pos': 121, 'blk': None}: om1 0 pos 0 st1 0 fail1 0 t4 0 t4only 0 t2only 0 rtfail 0 [0.8 s]
#   unit {'pos': 122, 'blk': None}: om1 0 pos 0 st1 0 fail1 0 t4 0 t4only 0 t2only 0 rtfail 0 [0.8 s]
#   unit {'pos': 123, 'blk': None}: om1 0 pos 0 st1 0 fail1 0 t4 0 t4only 0 t2only 0 rtfail 0 [0.8 s]
#   unit {'pos': 124, 'blk': None}: om1 0 pos 0 st1 0 fail1 0 t4 0 t4only 0 t2only 0 rtfail 0 [0.8 s]
#   unit {'pos': 126, 'blk': None}: om1 0 pos 0 st1 0 fail1 0 t4 0 t4only 0 t2only 0 rtfail 0 [0.7 s]
#   unit {'pos': 125, 'blk': None}: om1 0 pos 0 st1 0 fail1 0 t4 0 t4only 0 t2only 0 rtfail 0 [1.0 s]
#   unit {'pos': 127, 'blk': None}: om1 0 pos 0 st1 0 fail1 0 t4 0 t4only 0 t2only 0 rtfail 0 [0.7 s]
#   unit {'pos': 129, 'blk': None}: om1 0 pos 0 st1 0 fail1 0 t4 0 t4only 0 t2only 0 rtfail 0 [0.8 s]
#   unit {'pos': 128, 'blk': None}: om1 0 pos 0 st1 0 fail1 0 t4 0 t4only 0 t2only 0 rtfail 0 [0.9 s]
#   unit {'pos': 130, 'blk': None}: om1 0 pos 0 st1 0 fail1 0 t4 0 t4only 0 t2only 0 rtfail 0 [0.9 s]
#   unit {'pos': 131, 'blk': None}: om1 0 pos 0 st1 0 fail1 0 t4 0 t4only 0 t2only 0 rtfail 0 [0.8 s]
#   unit {'pos': 132, 'blk': None}: om1 0 pos 0 st1 0 fail1 0 t4 0 t4only 0 t2only 0 rtfail 0 [0.8 s]
#   unit {'pos': 133, 'blk': None}: om1 0 pos 0 st1 0 fail1 0 t4 0 t4only 0 t2only 0 rtfail 0 [0.9 s]
#   unit {'pos': 135, 'blk': None}: om1 0 pos 0 st1 0 fail1 0 t4 0 t4only 0 t2only 0 rtfail 0 [0.8 s]
#   unit {'pos': 134, 'blk': None}: om1 0 pos 0 st1 0 fail1 0 t4 0 t4only 0 t2only 0 rtfail 0 [1.0 s]
#   unit {'pos': 137, 'blk': None}: om1 0 pos 0 st1 0 fail1 0 t4 0 t4only 0 t2only 0 rtfail 0 [0.8 s]
#   unit {'pos': 138, 'blk': None}: om1 0 pos 0 st1 0 fail1 0 t4 0 t4only 0 t2only 0 rtfail 0 [0.8 s]
#   unit {'pos': 136, 'blk': None}: om1 0 pos 0 st1 0 fail1 0 t4 0 t4only 0 t2only 0 rtfail 0 [1.1 s]
#   unit {'pos': 139, 'blk': None}: om1 0 pos 0 st1 0 fail1 0 t4 0 t4only 0 t2only 0 rtfail 0 [0.8 s]
#   unit {'pos': 140, 'blk': None}: om1 0 pos 0 st1 0 fail1 0 t4 0 t4only 0 t2only 0 rtfail 0 [0.9 s]
#   unit {'pos': 141, 'blk': None}: om1 0 pos 0 st1 0 fail1 0 t4 0 t4only 0 t2only 0 rtfail 0 [0.9 s]
#   unit {'pos': 142, 'blk': None}: om1 0 pos 0 st1 0 fail1 0 t4 0 t4only 0 t2only 0 rtfail 0 [1.1 s]
#   unit {'pos': 143, 'blk': None}: om1 0 pos 0 st1 0 fail1 0 t4 0 t4only 0 t2only 0 rtfail 0 [1.1 s]
#   unit {'pos': 144, 'blk': None}: om1 0 pos 0 st1 0 fail1 0 t4 0 t4only 0 t2only 0 rtfail 0 [0.8 s]
#   unit {'pos': 145, 'blk': None}: om1 0 pos 0 st1 0 fail1 0 t4 0 t4only 0 t2only 0 rtfail 0 [0.8 s]
#   unit {'pos': 146, 'blk': None}: om1 0 pos 0 st1 0 fail1 0 t4 0 t4only 0 t2only 0 rtfail 0 [1.0 s]
#   unit {'pos': 147, 'blk': None}: om1 0 pos 0 st1 0 fail1 0 t4 0 t4only 0 t2only 0 rtfail 0 [0.9 s]
#   unit {'pos': 148, 'blk': None}: om1 0 pos 0 st1 0 fail1 0 t4 0 t4only 0 t2only 0 rtfail 0 [0.7 s]
#   unit {'pos': 149, 'blk': None}: om1 0 pos 0 st1 0 fail1 0 t4 0 t4only 0 t2only 0 rtfail 0 [0.7 s]
#   unit {'pos': 150, 'blk': None}: om1 0 pos 0 st1 0 fail1 0 t4 0 t4only 0 t2only 0 rtfail 0 [0.8 s]
#   unit {'pos': 151, 'blk': None}: om1 0 pos 0 st1 0 fail1 0 t4 0 t4only 0 t2only 0 rtfail 0 [0.9 s]
#   unit {'pos': 152, 'blk': None}: om1 0 pos 0 st1 0 fail1 0 t4 0 t4only 0 t2only 0 rtfail 0 [0.9 s]
#   unit {'pos': 153, 'blk': None}: om1 0 pos 0 st1 0 fail1 0 t4 0 t4only 0 t2only 0 rtfail 0 [0.9 s]
#   unit {'pos': 154, 'blk': None}: om1 0 pos 0 st1 0 fail1 0 t4 0 t4only 0 t2only 0 rtfail 0 [0.7 s]
#   unit {'pos': 155, 'blk': None}: om1 0 pos 0 st1 0 fail1 0 t4 0 t4only 0 t2only 0 rtfail 0 [0.8 s]
#   unit {'pos': 156, 'blk': None}: om1 0 pos 0 st1 0 fail1 0 t4 0 t4only 0 t2only 0 rtfail 0 [0.9 s]
#   unit {'pos': 157, 'blk': None}: om1 0 pos 0 st1 0 fail1 0 t4 0 t4only 0 t2only 0 rtfail 0 [1.0 s]
#   unit {'pos': 159, 'blk': None}: om1 0 pos 0 st1 0 fail1 0 t4 0 t4only 0 t2only 0 rtfail 0 [0.6 s]
#   unit {'pos': 158, 'blk': None}: om1 0 pos 0 st1 0 fail1 0 t4 0 t4only 0 t2only 0 rtfail 0 [0.8 s]
#   unit {'pos': 160, 'blk': None}: om1 0 pos 0 st1 0 fail1 0 t4 0 t4only 0 t2only 0 rtfail 0 [0.7 s]
#   unit {'pos': 161, 'blk': None}: om1 0 pos 0 st1 0 fail1 0 t4 0 t4only 0 t2only 0 rtfail 0 [0.7 s]
#   unit {'pos': 162, 'blk': None}: om1 0 pos 0 st1 0 fail1 0 t4 0 t4only 0 t2only 0 rtfail 0 [0.7 s]
#   unit {'pos': 163, 'blk': None}: om1 0 pos 0 st1 0 fail1 0 t4 0 t4only 0 t2only 0 rtfail 0 [0.8 s]
#   unit {'pos': 164, 'blk': None}: om1 0 pos 0 st1 0 fail1 0 t4 0 t4only 0 t2only 0 rtfail 0 [0.9 s]
#   unit {'pos': 165, 'blk': None}: om1 0 pos 0 st1 0 fail1 0 t4 0 t4only 0 t2only 0 rtfail 0 [0.9 s]
#   unit {'pos': 166, 'blk': None}: om1 0 pos 0 st1 0 fail1 0 t4 0 t4only 0 t2only 0 rtfail 0 [0.9 s]
#   unit {'pos': 167, 'blk': None}: om1 0 pos 0 st1 0 fail1 0 t4 0 t4only 0 t2only 0 rtfail 0 [0.9 s]
#   unit {'pos': 169, 'blk': None}: om1 0 pos 0 st1 0 fail1 0 t4 0 t4only 0 t2only 0 rtfail 0 [0.8 s]
#   unit {'pos': 168, 'blk': None}: om1 0 pos 0 st1 0 fail1 0 t4 0 t4only 0 t2only 0 rtfail 0 [1.0 s]
#   unit {'pos': 170, 'blk': None}: om1 0 pos 0 st1 0 fail1 0 t4 0 t4only 0 t2only 0 rtfail 0 [1.0 s]
#   unit {'pos': 171, 'blk': None}: om1 0 pos 0 st1 0 fail1 0 t4 0 t4only 0 t2only 0 rtfail 0 [1.0 s]
#   unit {'pos': 173, 'blk': None}: om1 0 pos 0 st1 0 fail1 0 t4 0 t4only 0 t2only 0 rtfail 0 [0.8 s]
#   unit {'pos': 172, 'blk': None}: om1 0 pos 0 st1 0 fail1 0 t4 0 t4only 0 t2only 0 rtfail 0 [1.0 s]
#   unit {'pos': 174, 'blk': None}: om1 0 pos 0 st1 0 fail1 0 t4 0 t4only 0 t2only 0 rtfail 0 [1.0 s]
#   unit {'pos': 175, 'blk': None}: om1 0 pos 0 st1 0 fail1 0 t4 0 t4only 0 t2only 0 rtfail 0 [0.9 s]
#   unit {'pos': 177, 'blk': None}: om1 0 pos 0 st1 0 fail1 0 t4 0 t4only 0 t2only 0 rtfail 0 [0.8 s]
#   unit {'pos': 176, 'blk': None}: om1 0 pos 0 st1 0 fail1 0 t4 0 t4only 0 t2only 0 rtfail 0 [1.2 s]
#   unit {'pos': 178, 'blk': None}: om1 0 pos 0 st1 0 fail1 0 t4 0 t4only 0 t2only 0 rtfail 0 [1.0 s]
#   unit {'pos': 179, 'blk': None}: om1 0 pos 0 st1 0 fail1 0 t4 0 t4only 0 t2only 0 rtfail 0 [1.0 s]
#   unit {'pos': 181, 'blk': None}: om1 0 pos 0 st1 0 fail1 0 t4 0 t4only 0 t2only 0 rtfail 0 [0.8 s]
#   unit {'pos': 180, 'blk': None}: om1 0 pos 0 st1 0 fail1 0 t4 0 t4only 0 t2only 0 rtfail 0 [1.1 s]
#   unit {'pos': 182, 'blk': None}: om1 0 pos 0 st1 0 fail1 0 t4 0 t4only 0 t2only 0 rtfail 0 [0.9 s]
#   unit {'pos': 183, 'blk': None}: om1 0 pos 0 st1 0 fail1 0 t4 0 t4only 0 t2only 0 rtfail 0 [0.9 s]
#   unit {'pos': 184, 'blk': None}: om1 0 pos 0 st1 0 fail1 0 t4 0 t4only 0 t2only 0 rtfail 0 [0.7 s]
#   unit {'pos': 185, 'blk': None}: om1 0 pos 0 st1 0 fail1 0 t4 0 t4only 0 t2only 0 rtfail 0 [1.0 s]
#   unit {'pos': 186, 'blk': None}: om1 0 pos 0 st1 0 fail1 0 t4 0 t4only 0 t2only 0 rtfail 0 [0.8 s]
#   unit {'pos': 187, 'blk': None}: om1 0 pos 0 st1 0 fail1 0 t4 0 t4only 0 t2only 0 rtfail 0 [0.8 s]
#   unit {'pos': 189, 'blk': None}: om1 0 pos 0 st1 0 fail1 0 t4 0 t4only 0 t2only 0 rtfail 0 [0.8 s]
#   unit {'pos': 188, 'blk': None}: om1 0 pos 0 st1 0 fail1 0 t4 0 t4only 0 t2only 0 rtfail 0 [1.2 s]
#   unit {'pos': 190, 'blk': None}: om1 0 pos 0 st1 0 fail1 0 t4 0 t4only 0 t2only 0 rtfail 0 [0.9 s]
#   unit {'pos': 191, 'blk': None}: om1 0 pos 0 st1 0 fail1 0 t4 0 t4only 0 t2only 0 rtfail 0 [1.1 s]
#   unit {'pos': 193, 'blk': None}: om1 0 pos 0 st1 0 fail1 0 t4 0 t4only 0 t2only 0 rtfail 0 [0.8 s]
#   unit {'pos': 192, 'blk': None}: om1 0 pos 0 st1 0 fail1 0 t4 0 t4only 0 t2only 0 rtfail 0 [0.8 s]
#   unit {'pos': 194, 'blk': None}: om1 0 pos 0 st1 0 fail1 0 t4 0 t4only 0 t2only 0 rtfail 0 [0.8 s]
#   unit {'pos': 195, 'blk': None}: om1 0 pos 0 st1 0 fail1 0 t4 0 t4only 0 t2only 0 rtfail 0 [0.9 s]
#   unit {'pos': 196, 'blk': None}: om1 0 pos 0 st1 0 fail1 0 t4 0 t4only 0 t2only 0 rtfail 0 [0.9 s]
#   unit {'pos': 197, 'blk': None}: om1 0 pos 0 st1 0 fail1 0 t4 0 t4only 0 t2only 0 rtfail 0 [1.0 s]
#   unit {'pos': 198, 'blk': None}: om1 0 pos 0 st1 0 fail1 0 t4 0 t4only 0 t2only 0 rtfail 0 [1.0 s]
#   unit {'pos': 199, 'blk': None}: om1 0 pos 0 st1 0 fail1 0 t4 0 t4only 0 t2only 0 rtfail 0 [0.9 s]
#   unit {'pos': 202, 'blk': None}: om1 0 pos 0 st1 0 fail1 0 t4 0 t4only 0 t2only 0 rtfail 0 [0.8 s]
#   unit {'pos': 200, 'blk': None}: om1 0 pos 0 st1 0 fail1 0 t4 0 t4only 0 t2only 0 rtfail 0 [1.0 s]
#   unit {'pos': 201, 'blk': None}: om1 0 pos 0 st1 0 fail1 0 t4 0 t4only 0 t2only 0 rtfail 0 [1.0 s]
#   unit {'pos': 203, 'blk': None}: om1 0 pos 0 st1 0 fail1 0 t4 0 t4only 0 t2only 0 rtfail 0 [0.9 s]
#   unit {'pos': 205, 'blk': None}: om1 0 pos 0 st1 0 fail1 0 t4 0 t4only 0 t2only 0 rtfail 0 [0.8 s]
#   unit {'pos': 204, 'blk': None}: om1 0 pos 0 st1 0 fail1 0 t4 0 t4only 0 t2only 0 rtfail 0 [0.9 s]
#   unit {'pos': 206, 'blk': None}: om1 0 pos 0 st1 0 fail1 0 t4 0 t4only 0 t2only 0 rtfail 0 [0.8 s]
#   unit {'pos': 207, 'blk': None}: om1 0 pos 0 st1 0 fail1 0 t4 0 t4only 0 t2only 0 rtfail 0 [1.0 s]
#   unit {'pos': 208, 'blk': None}: om1 0 pos 0 st1 0 fail1 0 t4 0 t4only 0 t2only 0 rtfail 0 [0.8 s]
#   unit {'pos': 209, 'blk': None}: om1 0 pos 0 st1 0 fail1 0 t4 0 t4only 0 t2only 0 rtfail 0 [0.9 s]
#   unit {'pos': 210, 'blk': None}: om1 0 pos 0 st1 0 fail1 0 t4 0 t4only 0 t2only 0 rtfail 0 [0.9 s]
#   unit {'pos': 211, 'blk': None}: om1 0 pos 0 st1 0 fail1 0 t4 0 t4only 0 t2only 0 rtfail 0 [0.7 s]
#   unit {'pos': 212, 'blk': None}: om1 0 pos 0 st1 0 fail1 0 t4 0 t4only 0 t2only 0 rtfail 0 [0.9 s]
#   unit {'pos': 213, 'blk': None}: om1 0 pos 0 st1 0 fail1 0 t4 0 t4only 0 t2only 0 rtfail 0 [0.9 s]
#   unit {'pos': 214, 'blk': None}: om1 0 pos 0 st1 0 fail1 0 t4 0 t4only 0 t2only 0 rtfail 0 [0.9 s]
#   unit {'pos': 215, 'blk': None}: om1 0 pos 0 st1 0 fail1 0 t4 0 t4only 0 t2only 0 rtfail 0 [0.9 s]
#   unit {'pos': 216, 'blk': None}: om1 0 pos 0 st1 0 fail1 0 t4 0 t4only 0 t2only 0 rtfail 0 [0.9 s]
#   unit {'pos': 217, 'blk': None}: om1 0 pos 0 st1 0 fail1 0 t4 0 t4only 0 t2only 0 rtfail 0 [0.7 s]
#   unit {'pos': 218, 'blk': None}: om1 0 pos 0 st1 0 fail1 0 t4 0 t4only 0 t2only 0 rtfail 0 [0.7 s]
#   unit {'pos': 219, 'blk': None}: om1 0 pos 0 st1 0 fail1 0 t4 0 t4only 0 t2only 0 rtfail 0 [1.0 s]
#   unit {'pos': 220, 'blk': None}: om1 0 pos 0 st1 0 fail1 0 t4 0 t4only 0 t2only 0 rtfail 0 [1.0 s]
#   unit {'pos': 222, 'blk': None}: om1 0 pos 0 st1 0 fail1 0 t4 0 t4only 0 t2only 0 rtfail 0 [0.9 s]
#   unit {'pos': 221, 'blk': None}: om1 0 pos 0 st1 0 fail1 0 t4 0 t4only 0 t2only 0 rtfail 0 [1.0 s]
#   unit {'pos': 223, 'blk': None}: om1 0 pos 0 st1 0 fail1 0 t4 0 t4only 0 t2only 0 rtfail 0 [0.7 s]
#   unit {'pos': 226, 'blk': None}: om1 0 pos 0 st1 0 fail1 0 t4 0 t4only 0 t2only 0 rtfail 0 [0.8 s]
#   unit {'pos': 224, 'blk': None}: om1 0 pos 0 st1 0 fail1 0 t4 0 t4only 0 t2only 0 rtfail 0 [1.2 s]
#   unit {'pos': 225, 'blk': None}: om1 0 pos 0 st1 0 fail1 0 t4 0 t4only 0 t2only 0 rtfail 0 [1.1 s]
#   unit {'pos': 227, 'blk': None}: om1 0 pos 0 st1 0 fail1 0 t4 0 t4only 0 t2only 0 rtfail 0 [0.8 s]
#   unit {'pos': 228, 'blk': None}: om1 0 pos 0 st1 0 fail1 0 t4 0 t4only 0 t2only 0 rtfail 0 [0.8 s]
#   unit {'pos': 229, 'blk': None}: om1 0 pos 0 st1 0 fail1 0 t4 0 t4only 0 t2only 0 rtfail 0 [0.7 s]
#   unit {'pos': 230, 'blk': None}: om1 0 pos 0 st1 0 fail1 0 t4 0 t4only 0 t2only 0 rtfail 0 [0.7 s]
#   unit {'pos': 231, 'blk': None}: om1 0 pos 0 st1 0 fail1 0 t4 0 t4only 0 t2only 0 rtfail 0 [0.9 s]
#   unit {'pos': 234, 'blk': None}: om1 0 pos 0 st1 0 fail1 0 t4 0 t4only 0 t2only 0 rtfail 0 [0.7 s]
#   unit {'pos': 232, 'blk': None}: om1 0 pos 0 st1 0 fail1 0 t4 0 t4only 0 t2only 0 rtfail 0 [0.8 s]
#   unit {'pos': 233, 'blk': None}: om1 0 pos 0 st1 0 fail1 0 t4 0 t4only 0 t2only 0 rtfail 0 [1.0 s]
#   unit {'pos': 235, 'blk': None}: om1 0 pos 0 st1 0 fail1 0 t4 0 t4only 0 t2only 0 rtfail 0 [0.7 s]
#   unit {'pos': 236, 'blk': None}: om1 0 pos 0 st1 0 fail1 0 t4 0 t4only 0 t2only 0 rtfail 0 [0.6 s]
#   unit {'pos': 237, 'blk': None}: om1 0 pos 0 st1 0 fail1 0 t4 0 t4only 0 t2only 0 rtfail 0 [0.6 s]
#   unit {'pos': 238, 'blk': None}: om1 0 pos 0 st1 0 fail1 0 t4 0 t4only 0 t2only 0 rtfail 0 [0.7 s]
#   unit {'pos': 239, 'blk': None}: om1 0 pos 0 st1 0 fail1 0 t4 0 t4only 0 t2only 0 rtfail 0 [0.9 s]
#   unit {'pos': 240, 'blk': None}: om1 0 pos 0 st1 0 fail1 0 t4 0 t4only 0 t2only 0 rtfail 0 [0.6 s]
#   unit {'pos': 241, 'blk': None}: om1 0 pos 0 st1 0 fail1 0 t4 0 t4only 0 t2only 0 rtfail 0 [0.6 s]
#   unit {'pos': 242, 'blk': None}: om1 0 pos 0 st1 0 fail1 0 t4 0 t4only 0 t2only 0 rtfail 0 [0.7 s]
#   unit {'pos': 243, 'blk': None}: om1 0 pos 0 st1 0 fail1 0 t4 0 t4only 0 t2only 0 rtfail 0 [0.7 s]
#   unit {'pos': 244, 'blk': None}: om1 0 pos 0 st1 0 fail1 0 t4 0 t4only 0 t2only 0 rtfail 0 [0.7 s]
#   unit {'pos': 245, 'blk': None}: om1 0 pos 0 st1 0 fail1 0 t4 0 t4only 0 t2only 0 rtfail 0 [0.9 s]
#   unit {'pos': 246, 'blk': None}: om1 0 pos 0 st1 0 fail1 0 t4 0 t4only 0 t2only 0 rtfail 0 [0.7 s]
#   unit {'pos': 247, 'blk': None}: om1 0 pos 0 st1 0 fail1 0 t4 0 t4only 0 t2only 0 rtfail 0 [0.7 s]
#   unit {'pos': 248, 'blk': None}: om1 0 pos 0 st1 0 fail1 0 t4 0 t4only 0 t2only 0 rtfail 0 [0.9 s]
#   unit {'pos': 249, 'blk': None}: om1 0 pos 0 st1 0 fail1 0 t4 0 t4only 0 t2only 0 rtfail 0 [0.8 s]
#   unit {'pos': 250, 'blk': None}: om1 0 pos 0 st1 0 fail1 0 t4 0 t4only 0 t2only 0 rtfail 0 [0.9 s]
#   unit {'pos': 252, 'blk': None}: om1 0 pos 0 st1 0 fail1 0 t4 0 t4only 0 t2only 0 rtfail 0 [0.7 s]
#   unit {'pos': 251, 'blk': None}: om1 0 pos 0 st1 0 fail1 0 t4 0 t4only 0 t2only 0 rtfail 0 [1.0 s]
#   unit {'pos': 253, 'blk': None}: om1 0 pos 0 st1 0 fail1 0 t4 0 t4only 0 t2only 0 rtfail 0 [0.6 s]
#   unit {'pos': 254, 'blk': None}: om1 0 pos 0 st1 0 fail1 0 t4 0 t4only 0 t2only 0 rtfail 0 [0.7 s]
#   unit {'pos': 255, 'blk': None}: om1 0 pos 0 st1 0 fail1 0 t4 0 t4only 0 t2only 0 rtfail 0 [0.8 s]
#   unit {'pos': 257, 'blk': None}: om1 0 pos 0 st1 0 fail1 0 t4 0 t4only 0 t2only 0 rtfail 0 [0.7 s]
#   unit {'pos': 256, 'blk': None}: om1 0 pos 0 st1 0 fail1 0 t4 0 t4only 0 t2only 0 rtfail 0 [0.8 s]
#   unit {'pos': 258, 'blk': None}: om1 0 pos 0 st1 0 fail1 0 t4 0 t4only 0 t2only 0 rtfail 0 [1.1 s]
#   unit {'pos': 259, 'blk': None}: om1 0 pos 0 st1 0 fail1 0 t4 0 t4only 0 t2only 0 rtfail 0 [1.2 s]
#   unit {'pos': 260, 'blk': None}: om1 0 pos 0 st1 0 fail1 0 t4 0 t4only 0 t2only 0 rtfail 0 [1.2 s]
#   unit {'pos': 261, 'blk': None}: om1 0 pos 0 st1 0 fail1 0 t4 0 t4only 0 t2only 0 rtfail 0 [1.3 s]
#   unit {'pos': 262, 'blk': None}: om1 0 pos 0 st1 0 fail1 0 t4 0 t4only 0 t2only 0 rtfail 0 [0.8 s]
#   unit {'pos': 265, 'blk': None}: om1 0 pos 0 st1 0 fail1 0 t4 0 t4only 0 t2only 0 rtfail 0 [0.7 s]
#   unit {'pos': 264, 'blk': None}: om1 0 pos 0 st1 0 fail1 0 t4 0 t4only 0 t2only 0 rtfail 0 [0.8 s]
#   unit {'pos': 263, 'blk': None}: om1 0 pos 0 st1 0 fail1 0 t4 0 t4only 0 t2only 0 rtfail 0 [0.9 s]
#   unit {'pos': 266, 'blk': None}: om1 0 pos 0 st1 0 fail1 0 t4 0 t4only 0 t2only 0 rtfail 0 [0.8 s]
#   unit {'pos': 269, 'blk': None}: om1 0 pos 0 st1 0 fail1 0 t4 0 t4only 0 t2only 0 rtfail 0 [0.7 s]
#   unit {'pos': 267, 'blk': None}: om1 0 pos 0 st1 0 fail1 0 t4 0 t4only 0 t2only 0 rtfail 0 [0.9 s]
#   unit {'pos': 268, 'blk': None}: om1 0 pos 0 st1 0 fail1 0 t4 0 t4only 0 t2only 0 rtfail 0 [1.0 s]
#   unit {'pos': 270, 'blk': None}: om1 0 pos 0 st1 0 fail1 0 t4 0 t4only 0 t2only 0 rtfail 0 [0.8 s]
#   unit {'pos': 272, 'blk': None}: om1 0 pos 0 st1 0 fail1 0 t4 0 t4only 0 t2only 0 rtfail 0 [0.8 s]
#   unit {'pos': 271, 'blk': None}: om1 0 pos 0 st1 0 fail1 0 t4 0 t4only 0 t2only 0 rtfail 0 [0.9 s]
#   unit {'pos': 273, 'blk': None}: om1 0 pos 0 st1 0 fail1 0 t4 0 t4only 0 t2only 0 rtfail 0 [0.7 s]
#   unit {'pos': 274, 'blk': None}: om1 0 pos 0 st1 0 fail1 0 t4 0 t4only 0 t2only 0 rtfail 0 [0.8 s]
#   unit {'pos': 276, 'blk': None}: om1 0 pos 0 st1 0 fail1 0 t4 0 t4only 0 t2only 0 rtfail 0 [0.8 s]
#   unit {'pos': 277, 'blk': None}: om1 0 pos 0 st1 0 fail1 0 t4 0 t4only 0 t2only 0 rtfail 0 [0.9 s]
#   unit {'pos': 278, 'blk': None}: om1 0 pos 0 st1 0 fail1 0 t4 0 t4only 0 t2only 0 rtfail 0 [0.7 s]
#   unit {'pos': 275, 'blk': None}: om1 0 pos 0 st1 0 fail1 0 t4 0 t4only 0 t2only 0 rtfail 0 [1.1 s]
#   unit {'pos': 279, 'blk': None}: om1 0 pos 0 st1 0 fail1 0 t4 0 t4only 0 t2only 0 rtfail 0 [0.7 s]
#   unit {'pos': 280, 'blk': None}: om1 0 pos 0 st1 0 fail1 0 t4 0 t4only 0 t2only 0 rtfail 0 [0.8 s]
#   unit {'pos': 282, 'blk': None}: om1 0 pos 0 st1 0 fail1 0 t4 0 t4only 0 t2only 0 rtfail 0 [0.9 s]
#   unit {'pos': 281, 'blk': None}: om1 0 pos 0 st1 0 fail1 0 t4 0 t4only 0 t2only 0 rtfail 0 [1.0 s]
#   unit {'pos': 283, 'blk': None}: om1 0 pos 0 st1 0 fail1 0 t4 0 t4only 0 t2only 0 rtfail 0 [0.7 s]
#   unit {'pos': 285, 'blk': None}: om1 0 pos 0 st1 0 fail1 0 t4 0 t4only 0 t2only 0 rtfail 0 [0.7 s]
#   unit {'pos': 284, 'blk': None}: om1 0 pos 0 st1 0 fail1 0 t4 0 t4only 0 t2only 0 rtfail 0 [0.9 s]
#   unit {'pos': 286, 'blk': None}: om1 0 pos 0 st1 0 fail1 0 t4 0 t4only 0 t2only 0 rtfail 0 [0.8 s]
#   unit {'pos': 287, 'blk': None}: om1 0 pos 0 st1 0 fail1 0 t4 0 t4only 0 t2only 0 rtfail 0 [0.9 s]
#   unit {'pos': 288, 'blk': None}: om1 0 pos 0 st1 0 fail1 0 t4 0 t4only 0 t2only 0 rtfail 0 [0.8 s]
#   unit {'pos': 290, 'blk': None}: om1 0 pos 0 st1 0 fail1 0 t4 0 t4only 0 t2only 0 rtfail 0 [0.8 s]
#   unit {'pos': 289, 'blk': None}: om1 0 pos 0 st1 0 fail1 0 t4 0 t4only 0 t2only 0 rtfail 0 [1.1 s]
#   unit {'pos': 292, 'blk': None}: om1 0 pos 0 st1 0 fail1 0 t4 0 t4only 0 t2only 0 rtfail 0 [0.7 s]
#   unit {'pos': 291, 'blk': None}: om1 0 pos 0 st1 0 fail1 0 t4 0 t4only 0 t2only 0 rtfail 0 [1.3 s]
#   unit {'pos': 294, 'blk': None}: om1 0 pos 0 st1 0 fail1 0 t4 0 t4only 0 t2only 0 rtfail 0 [0.7 s]
#   unit {'pos': 293, 'blk': None}: om1 0 pos 0 st1 0 fail1 0 t4 0 t4only 0 t2only 0 rtfail 0 [1.1 s]
#   unit {'pos': 295, 'blk': None}: om1 0 pos 0 st1 0 fail1 0 t4 0 t4only 0 t2only 0 rtfail 0 [1.0 s]
#   unit {'pos': 296, 'blk': None}: om1 0 pos 0 st1 0 fail1 0 t4 0 t4only 0 t2only 0 rtfail 0 [0.8 s]
#   unit {'pos': 297, 'blk': None}: om1 0 pos 0 st1 0 fail1 0 t4 0 t4only 0 t2only 0 rtfail 0 [0.9 s]
#   unit {'pos': 298, 'blk': None}: om1 0 pos 0 st1 0 fail1 0 t4 0 t4only 0 t2only 0 rtfail 0 [0.7 s]
#   unit {'pos': 299, 'blk': None}: om1 0 pos 0 st1 0 fail1 0 t4 0 t4only 0 t2only 0 rtfail 0 [0.7 s]
#   unit {'pos': 300, 'blk': None}: om1 0 pos 0 st1 0 fail1 0 t4 0 t4only 0 t2only 0 rtfail 0 [0.7 s]
#   unit {'pos': 301, 'blk': None}: om1 0 pos 0 st1 0 fail1 0 t4 0 t4only 0 t2only 0 rtfail 0 [0.6 s]
#   unit {'pos': 302, 'blk': None}: om1 0 pos 0 st1 0 fail1 0 t4 0 t4only 0 t2only 0 rtfail 0 [0.6 s]
#   unit {'pos': 303, 'blk': None}: om1 0 pos 0 st1 0 fail1 0 t4 0 t4only 0 t2only 0 rtfail 0 [0.7 s]
#   unit {'pos': 305, 'blk': None}: om1 0 pos 0 st1 0 fail1 0 t4 0 t4only 0 t2only 0 rtfail 0 [0.6 s]
#   unit {'pos': 304, 'blk': None}: om1 0 pos 0 st1 0 fail1 0 t4 0 t4only 0 t2only 0 rtfail 0 [0.7 s]
#   unit {'pos': 306, 'blk': None}: om1 15 pos 0 st1 0 fail1 0 t4 0 t4only 0 t2only 0 rtfail 0 [0.8 s]
#   unit {'pos': 307, 'blk': None}: om1 0 pos 0 st1 0 fail1 0 t4 0 t4only 0 t2only 0 rtfail 0 [0.6 s]
#   unit {'pos': 308, 'blk': None}: om1 0 pos 0 st1 0 fail1 0 t4 0 t4only 0 t2only 0 rtfail 0 [0.7 s]
#   unit {'pos': 309, 'blk': None}: om1 0 pos 0 st1 0 fail1 0 t4 0 t4only 0 t2only 0 rtfail 0 [0.7 s]
#   unit {'pos': 310, 'blk': None}: om1 0 pos 0 st1 0 fail1 0 t4 0 t4only 0 t2only 0 rtfail 0 [0.7 s]
#   unit {'pos': 311, 'blk': None}: om1 0 pos 0 st1 0 fail1 0 t4 0 t4only 0 t2only 0 rtfail 0 [0.6 s]
#   unit {'pos': 312, 'blk': None}: om1 0 pos 0 st1 0 fail1 0 t4 0 t4only 0 t2only 0 rtfail 0 [0.6 s]
#   unit {'pos': 313, 'blk': None}: om1 0 pos 0 st1 0 fail1 0 t4 0 t4only 0 t2only 0 rtfail 0 [0.6 s]
#   unit {'pos': 314, 'blk': None}: om1 0 pos 0 st1 0 fail1 0 t4 0 t4only 0 t2only 0 rtfail 0 [0.6 s]
#   unit {'pos': 315, 'blk': None}: om1 0 pos 0 st1 0 fail1 0 t4 0 t4only 0 t2only 0 rtfail 0 [0.6 s]
#   unit {'pos': 316, 'blk': None}: om1 0 pos 0 st1 0 fail1 0 t4 0 t4only 0 t2only 0 rtfail 0 [0.5 s]
#   unit {'pos': 317, 'blk': None}: om1 0 pos 0 st1 0 fail1 0 t4 0 t4only 0 t2only 0 rtfail 0 [0.5 s]
#   unit {'pos': 318, 'blk': None}: om1 0 pos 0 st1 0 fail1 0 t4 0 t4only 0 t2only 0 rtfail 0 [0.7 s]
#   unit {'pos': 319, 'blk': None}: om1 0 pos 0 st1 0 fail1 0 t4 0 t4only 0 t2only 0 rtfail 0 [0.6 s]
#   unit {'pos': 320, 'blk': None}: om1 31 pos 0 st1 0 fail1 0 t4 0 t4only 0 t2only 0 rtfail 0 [0.6 s]
#   unit {'pos': 321, 'blk': None}: om1 0 pos 0 st1 0 fail1 0 t4 0 t4only 0 t2only 0 rtfail 0 [0.6 s]
#   unit {'pos': 322, 'blk': None}: om1 0 pos 0 st1 0 fail1 0 t4 0 t4only 0 t2only 0 rtfail 0 [0.6 s]
#   unit {'pos': 323, 'blk': None}: om1 0 pos 0 st1 0 fail1 0 t4 0 t4only 0 t2only 0 rtfail 0 [0.6 s]
#   unit {'pos': 325, 'blk': None}: om1 0 pos 0 st1 0 fail1 0 t4 0 t4only 0 t2only 0 rtfail 0 [0.6 s]
#   unit {'pos': 324, 'blk': None}: om1 0 pos 0 st1 0 fail1 0 t4 0 t4only 0 t2only 0 rtfail 0 [0.6 s]
#   unit {'pos': 326, 'blk': None}: om1 0 pos 0 st1 0 fail1 0 t4 0 t4only 0 t2only 0 rtfail 0 [0.6 s]
#   unit {'pos': 327, 'blk': None}: om1 0 pos 0 st1 0 fail1 0 t4 0 t4only 0 t2only 0 rtfail 0 [0.6 s]
#   unit {'pos': 328, 'blk': None}: om1 0 pos 0 st1 0 fail1 0 t4 0 t4only 0 t2only 0 rtfail 0 [0.6 s]
#   unit {'pos': 329, 'blk': None}: om1 0 pos 0 st1 0 fail1 0 t4 0 t4only 0 t2only 0 rtfail 0 [0.8 s]
#   unit {'pos': 330, 'blk': None}: om1 0 pos 0 st1 0 fail1 0 t4 0 t4only 0 t2only 0 rtfail 0 [0.7 s]
#   unit {'pos': 331, 'blk': None}: om1 0 pos 0 st1 0 fail1 0 t4 0 t4only 0 t2only 0 rtfail 0 [0.7 s]
#   unit {'pos': 332, 'blk': None}: om1 0 pos 0 st1 0 fail1 0 t4 0 t4only 0 t2only 0 rtfail 0 [0.8 s]
#   unit {'pos': 333, 'blk': None}: om1 0 pos 0 st1 0 fail1 0 t4 0 t4only 0 t2only 0 rtfail 0 [0.7 s]
#   unit {'pos': 334, 'blk': None}: om1 0 pos 0 st1 0 fail1 0 t4 0 t4only 0 t2only 0 rtfail 0 [0.6 s]
#   unit {'pos': 335, 'blk': None}: om1 0 pos 0 st1 0 fail1 0 t4 0 t4only 0 t2only 0 rtfail 0 [0.7 s]
#   unit {'pos': 336, 'blk': None}: om1 0 pos 0 st1 0 fail1 0 t4 0 t4only 0 t2only 0 rtfail 0 [0.5 s]
#   unit {'pos': 337, 'blk': None}: om1 236 pos 0 st1 0 fail1 0 t4 0 t4only 0 t2only 0 rtfail 0 [0.7 s]
#   unit {'pos': 338, 'blk': None}: om1 0 pos 0 st1 0 fail1 0 t4 0 t4only 0 t2only 0 rtfail 0 [0.7 s]
#   unit {'pos': 339, 'blk': None}: om1 38 pos 0 st1 0 fail1 0 t4 0 t4only 0 t2only 0 rtfail 0 [0.6 s]
#   unit {'pos': 340, 'blk': None}: om1 0 pos 0 st1 0 fail1 0 t4 0 t4only 0 t2only 0 rtfail 0 [0.7 s]
#   unit {'pos': 341, 'blk': None}: om1 24 pos 0 st1 0 fail1 0 t4 0 t4only 0 t2only 0 rtfail 0 [0.6 s]
#   unit {'pos': 342, 'blk': None}: om1 0 pos 0 st1 0 fail1 0 t4 0 t4only 0 t2only 0 rtfail 0 [0.6 s]
#   unit {'pos': 343, 'blk': None}: om1 0 pos 0 st1 0 fail1 0 t4 0 t4only 0 t2only 0 rtfail 0 [0.6 s]
#   unit {'pos': 344, 'blk': None}: om1 31 pos 0 st1 0 fail1 0 t4 0 t4only 0 t2only 0 rtfail 0 [0.7 s]
#   unit {'pos': 345, 'blk': None}: om1 24 pos 0 st1 0 fail1 0 t4 0 t4only 0 t2only 0 rtfail 0 [0.5 s]
#   unit {'pos': 347, 'blk': None}: om1 0 pos 0 st1 0 fail1 0 t4 0 t4only 0 t2only 0 rtfail 0 [0.5 s]
#   unit {'pos': 346, 'blk': None}: om1 0 pos 0 st1 0 fail1 0 t4 0 t4only 0 t2only 0 rtfail 0 [0.6 s]
#   unit {'pos': 348, 'blk': None}: om1 0 pos 0 st1 0 fail1 0 t4 0 t4only 0 t2only 0 rtfail 0 [0.7 s]
#   unit {'pos': 349, 'blk': None}: om1 0 pos 0 st1 0 fail1 0 t4 0 t4only 0 t2only 0 rtfail 0 [0.6 s]
#   unit {'pos': 350, 'blk': None}: om1 23 pos 0 st1 0 fail1 0 t4 0 t4only 0 t2only 0 rtfail 0 [0.6 s]
#   unit {'pos': 351, 'blk': None}: om1 0 pos 0 st1 0 fail1 0 t4 0 t4only 0 t2only 0 rtfail 0 [0.6 s]
#   unit {'pos': 352, 'blk': None}: om1 0 pos 0 st1 0 fail1 0 t4 0 t4only 0 t2only 0 rtfail 0 [0.6 s]
#   unit {'pos': 354, 'blk': None}: om1 0 pos 0 st1 0 fail1 0 t4 0 t4only 0 t2only 0 rtfail 0 [0.5 s]
#   unit {'pos': 353, 'blk': None}: om1 0 pos 0 st1 0 fail1 0 t4 0 t4only 0 t2only 0 rtfail 0 [0.7 s]
#   unit {'pos': 355, 'blk': None}: om1 0 pos 0 st1 0 fail1 0 t4 0 t4only 0 t2only 0 rtfail 0 [0.7 s]
#   unit {'pos': 357, 'blk': None}: om1 0 pos 0 st1 0 fail1 0 t4 0 t4only 0 t2only 0 rtfail 0 [0.6 s]
#   unit {'pos': 356, 'blk': None}: om1 0 pos 0 st1 0 fail1 0 t4 0 t4only 0 t2only 0 rtfail 0 [0.7 s]
#   unit {'pos': 358, 'blk': None}: om1 0 pos 0 st1 0 fail1 0 t4 0 t4only 0 t2only 0 rtfail 0 [0.7 s]
#   unit {'pos': 359, 'blk': None}: om1 0 pos 0 st1 0 fail1 0 t4 0 t4only 0 t2only 0 rtfail 0 [0.6 s]
#   unit {'pos': 360, 'blk': None}: om1 0 pos 0 st1 0 fail1 0 t4 0 t4only 0 t2only 0 rtfail 0 [0.5 s]
#   unit {'pos': 361, 'blk': None}: om1 0 pos 0 st1 0 fail1 0 t4 0 t4only 0 t2only 0 rtfail 0 [0.5 s]
#   unit {'pos': 362, 'blk': None}: om1 0 pos 0 st1 0 fail1 0 t4 0 t4only 0 t2only 0 rtfail 0 [0.6 s]
#   unit {'pos': 363, 'blk': None}: om1 0 pos 0 st1 0 fail1 0 t4 0 t4only 0 t2only 0 rtfail 0 [0.5 s]
#   unit {'pos': 364, 'blk': None}: om1 0 pos 0 st1 0 fail1 0 t4 0 t4only 0 t2only 0 rtfail 0 [0.5 s]
#   unit {'pos': 365, 'blk': None}: om1 26 pos 0 st1 0 fail1 0 t4 0 t4only 0 t2only 0 rtfail 0 [0.6 s]
#   unit {'pos': 366, 'blk': None}: om1 0 pos 0 st1 0 fail1 0 t4 0 t4only 0 t2only 0 rtfail 0 [0.7 s]
#   unit {'pos': 367, 'blk': None}: om1 0 pos 0 st1 0 fail1 0 t4 0 t4only 0 t2only 0 rtfail 0 [0.8 s]
#   unit {'pos': 369, 'blk': None}: om1 0 pos 0 st1 0 fail1 0 t4 0 t4only 0 t2only 0 rtfail 0 [0.7 s]
#   unit {'pos': 368, 'blk': None}: om1 174 pos 0 st1 0 fail1 0 t4 0 t4only 0 t2only 0 rtfail 0 [0.9 s]
#   unit {'pos': 371, 'blk': None}: om1 0 pos 0 st1 0 fail1 0 t4 0 t4only 0 t2only 0 rtfail 0 [0.6 s]
#   unit {'pos': 370, 'blk': None}: om1 0 pos 0 st1 0 fail1 0 t4 0 t4only 0 t2only 0 rtfail 0 [0.8 s]
#   unit {'pos': 372, 'blk': None}: om1 17 pos 0 st1 0 fail1 0 t4 0 t4only 0 t2only 0 rtfail 0 [0.6 s]
#   unit {'pos': 373, 'blk': None}: om1 0 pos 0 st1 0 fail1 0 t4 0 t4only 0 t2only 0 rtfail 0 [0.6 s]
#   unit {'pos': 375, 'blk': None}: om1 0 pos 0 st1 0 fail1 0 t4 0 t4only 0 t2only 0 rtfail 0 [0.6 s]
#   unit {'pos': 374, 'blk': None}: om1 0 pos 0 st1 0 fail1 0 t4 0 t4only 0 t2only 0 rtfail 0 [0.9 s]
#   unit {'pos': 376, 'blk': None}: om1 0 pos 0 st1 0 fail1 0 t4 0 t4only 0 t2only 0 rtfail 0 [0.6 s]
#   unit {'pos': 377, 'blk': None}: om1 0 pos 0 st1 0 fail1 0 t4 0 t4only 0 t2only 0 rtfail 0 [0.7 s]
#   unit {'pos': 379, 'blk': None}: om1 0 pos 0 st1 0 fail1 0 t4 0 t4only 0 t2only 0 rtfail 0 [0.6 s]
#   unit {'pos': 378, 'blk': None}: om1 11 pos 0 st1 0 fail1 0 t4 0 t4only 0 t2only 0 rtfail 0 [0.8 s]
#   unit {'pos': 381, 'blk': None}: om1 17 pos 0 st1 0 fail1 0 t4 0 t4only 0 t2only 0 rtfail 0 [0.6 s]
#   unit {'pos': 380, 'blk': None}: om1 0 pos 0 st1 0 fail1 0 t4 0 t4only 0 t2only 0 rtfail 0 [0.8 s]
#   unit {'pos': 382, 'blk': None}: om1 0 pos 0 st1 0 fail1 0 t4 0 t4only 0 t2only 0 rtfail 0 [0.6 s]
#   unit {'pos': 383, 'blk': None}: om1 0 pos 0 st1 0 fail1 0 t4 0 t4only 0 t2only 0 rtfail 0 [0.9 s]
#   unit {'pos': 385, 'blk': None}: om1 0 pos 0 st1 0 fail1 0 t4 0 t4only 0 t2only 0 rtfail 0 [0.6 s]
#   unit {'pos': 384, 'blk': None}: om1 0 pos 0 st1 0 fail1 0 t4 0 t4only 0 t2only 0 rtfail 0 [0.9 s]
#   unit {'pos': 386, 'blk': None}: om1 0 pos 0 st1 0 fail1 0 t4 0 t4only 0 t2only 0 rtfail 0 [0.8 s]
#   unit {'pos': 388, 'blk': None}: om1 26 pos 0 st1 0 fail1 0 t4 0 t4only 0 t2only 0 rtfail 0 [0.6 s]
#   unit {'pos': 387, 'blk': None}: om1 0 pos 0 st1 0 fail1 0 t4 0 t4only 0 t2only 0 rtfail 0 [0.9 s]
#   unit {'pos': 389, 'blk': None}: om1 0 pos 0 st1 0 fail1 0 t4 0 t4only 0 t2only 0 rtfail 0 [0.8 s]
#   unit {'pos': 390, 'blk': None}: om1 0 pos 0 st1 0 fail1 0 t4 0 t4only 0 t2only 0 rtfail 0 [0.6 s]
#   unit {'pos': 391, 'blk': None}: om1 0 pos 0 st1 0 fail1 0 t4 0 t4only 0 t2only 0 rtfail 0 [0.7 s]
#   unit {'pos': 392, 'blk': None}: om1 0 pos 0 st1 0 fail1 0 t4 0 t4only 0 t2only 0 rtfail 0 [0.6 s]
#   unit {'pos': 394, 'blk': None}: om1 28 pos 0 st1 0 fail1 0 t4 0 t4only 0 t2only 0 rtfail 0 [0.6 s]
#   unit {'pos': 393, 'blk': None}: om1 0 pos 0 st1 0 fail1 0 t4 0 t4only 0 t2only 0 rtfail 0 [0.8 s]
#   unit {'pos': 396, 'blk': None}: om1 0 pos 0 st1 0 fail1 0 t4 0 t4only 0 t2only 0 rtfail 0 [0.6 s]
#   unit {'pos': 395, 'blk': None}: om1 27 pos 0 st1 0 fail1 0 t4 0 t4only 0 t2only 0 rtfail 0 [0.9 s]
#   unit {'pos': 398, 'blk': None}: om1 0 pos 0 st1 0 fail1 0 t4 0 t4only 0 t2only 0 rtfail 0 [0.6 s]
#   unit {'pos': 397, 'blk': None}: om1 0 pos 0 st1 0 fail1 0 t4 0 t4only 0 t2only 0 rtfail 0 [0.9 s]
#   unit {'pos': 399, 'blk': None}: om1 0 pos 0 st1 0 fail1 0 t4 0 t4only 0 t2only 0 rtfail 0 [0.7 s]
#   unit {'pos': 401, 'blk': None}: om1 0 pos 0 st1 0 fail1 0 t4 0 t4only 0 t2only 0 rtfail 0 [0.6 s]
#   unit {'pos': 400, 'blk': None}: om1 0 pos 0 st1 0 fail1 0 t4 0 t4only 0 t2only 0 rtfail 0 [0.8 s]
#   unit {'pos': 402, 'blk': None}: om1 0 pos 0 st1 0 fail1 0 t4 0 t4only 0 t2only 0 rtfail 0 [0.7 s]
#   unit {'pos': 403, 'blk': None}: om1 0 pos 0 st1 0 fail1 0 t4 0 t4only 0 t2only 0 rtfail 0 [0.8 s]
#   unit {'pos': 405, 'blk': None}: om1 0 pos 0 st1 0 fail1 0 t4 0 t4only 0 t2only 0 rtfail 0 [0.6 s]
#   unit {'pos': 404, 'blk': None}: om1 0 pos 0 st1 0 fail1 0 t4 0 t4only 0 t2only 0 rtfail 0 [0.8 s]
#   unit {'pos': 406, 'blk': None}: om1 0 pos 0 st1 0 fail1 0 t4 0 t4only 0 t2only 0 rtfail 0 [0.7 s]
#   unit {'pos': 407, 'blk': None}: om1 0 pos 0 st1 0 fail1 0 t4 0 t4only 0 t2only 0 rtfail 0 [0.9 s]
#   unit {'pos': 409, 'blk': None}: om1 0 pos 0 st1 0 fail1 0 t4 0 t4only 0 t2only 0 rtfail 0 [0.8 s]
#   unit {'pos': 408, 'blk': None}: om1 0 pos 0 st1 0 fail1 0 t4 0 t4only 0 t2only 0 rtfail 0 [0.9 s]
#   unit {'pos': 410, 'blk': None}: om1 0 pos 0 st1 0 fail1 0 t4 0 t4only 0 t2only 0 rtfail 0 [0.7 s]
#   unit {'pos': 411, 'blk': None}: om1 0 pos 0 st1 0 fail1 0 t4 0 t4only 0 t2only 0 rtfail 0 [0.6 s]
#   unit {'pos': 413, 'blk': None}: om1 0 pos 0 st1 0 fail1 0 t4 0 t4only 0 t2only 0 rtfail 0 [0.7 s]
#   unit {'pos': 412, 'blk': None}: om1 0 pos 0 st1 0 fail1 0 t4 0 t4only 0 t2only 0 rtfail 0 [0.8 s]
#   unit {'pos': 414, 'blk': None}: om1 0 pos 0 st1 0 fail1 0 t4 0 t4only 0 t2only 0 rtfail 0 [0.9 s]
#   unit {'pos': 416, 'blk': None}: om1 0 pos 0 st1 0 fail1 0 t4 0 t4only 0 t2only 0 rtfail 0 [0.6 s]
#   unit {'pos': 415, 'blk': None}: om1 0 pos 0 st1 0 fail1 0 t4 0 t4only 0 t2only 0 rtfail 0 [0.9 s]
#   unit {'pos': 417, 'blk': None}: om1 0 pos 0 st1 0 fail1 0 t4 0 t4only 0 t2only 0 rtfail 0 [0.7 s]
#   unit {'pos': 418, 'blk': None}: om1 0 pos 0 st1 0 fail1 0 t4 0 t4only 0 t2only 0 rtfail 0 [0.9 s]
#   unit {'pos': 420, 'blk': None}: om1 5 pos 0 st1 0 fail1 0 t4 0 t4only 0 t2only 0 rtfail 0 [0.7 s]
#   unit {'pos': 421, 'blk': None}: om1 0 pos 0 st1 0 fail1 0 t4 0 t4only 0 t2only 0 rtfail 0 [0.7 s]
#   unit {'pos': 419, 'blk': None}: om1 0 pos 0 st1 0 fail1 0 t4 0 t4only 0 t2only 0 rtfail 0 [0.9 s]
#   unit {'pos': 423, 'blk': None}: om1 0 pos 0 st1 0 fail1 0 t4 0 t4only 0 t2only 0 rtfail 0 [0.6 s]
#   unit {'pos': 422, 'blk': None}: om1 0 pos 0 st1 0 fail1 0 t4 0 t4only 0 t2only 0 rtfail 0 [0.8 s]
#   unit {'pos': 424, 'blk': None}: om1 0 pos 0 st1 0 fail1 0 t4 0 t4only 0 t2only 0 rtfail 0 [0.7 s]
#   unit {'pos': 425, 'blk': None}: om1 0 pos 0 st1 0 fail1 0 t4 0 t4only 0 t2only 0 rtfail 0 [0.8 s]
#   unit {'pos': 426, 'blk': None}: om1 0 pos 0 st1 0 fail1 0 t4 0 t4only 0 t2only 0 rtfail 0 [0.8 s]
#   unit {'pos': 427, 'blk': None}: om1 0 pos 0 st1 0 fail1 0 t4 0 t4only 0 t2only 0 rtfail 0 [0.9 s]
#   unit {'pos': 428, 'blk': None}: om1 10 pos 0 st1 0 fail1 0 t4 0 t4only 0 t2only 0 rtfail 0 [0.7 s]
#   unit {'pos': 429, 'blk': None}: om1 0 pos 0 st1 0 fail1 0 t4 0 t4only 0 t2only 0 rtfail 0 [0.7 s]
#   unit {'pos': 431, 'blk': None}: om1 0 pos 0 st1 0 fail1 0 t4 0 t4only 0 t2only 0 rtfail 0 [0.7 s]
#   unit {'pos': 430, 'blk': None}: om1 0 pos 0 st1 0 fail1 0 t4 0 t4only 0 t2only 0 rtfail 0 [0.9 s]
#   unit {'pos': 432, 'blk': None}: om1 0 pos 0 st1 0 fail1 0 t4 0 t4only 0 t2only 0 rtfail 0 [0.9 s]
#   unit {'pos': 433, 'blk': None}: om1 0 pos 0 st1 0 fail1 0 t4 0 t4only 0 t2only 0 rtfail 0 [1.2 s]
#   unit {'pos': 434, 'blk': None}: om1 0 pos 0 st1 0 fail1 0 t4 0 t4only 0 t2only 0 rtfail 0 [0.7 s]
#   unit {'pos': 436, 'blk': None}: om1 4 pos 0 st1 0 fail1 0 t4 0 t4only 0 t2only 0 rtfail 0 [0.7 s]
#   unit {'pos': 435, 'blk': None}: om1 0 pos 0 st1 0 fail1 0 t4 0 t4only 0 t2only 0 rtfail 0 [1.1 s]
#   unit {'pos': 438, 'blk': None}: om1 0 pos 0 st1 0 fail1 0 t4 0 t4only 0 t2only 0 rtfail 0 [0.6 s]
#   unit {'pos': 437, 'blk': None}: om1 0 pos 0 st1 0 fail1 0 t4 0 t4only 0 t2only 0 rtfail 0 [0.9 s]
#   unit {'pos': 440, 'blk': None}: om1 0 pos 0 st1 0 fail1 0 t4 0 t4only 0 t2only 0 rtfail 0 [0.6 s]
#   unit {'pos': 439, 'blk': None}: om1 0 pos 0 st1 0 fail1 0 t4 0 t4only 0 t2only 0 rtfail 0 [1.0 s]
#   unit {'pos': 441, 'blk': None}: om1 0 pos 0 st1 0 fail1 0 t4 0 t4only 0 t2only 0 rtfail 0 [0.7 s]
#   unit {'pos': 442, 'blk': None}: om1 0 pos 0 st1 0 fail1 0 t4 0 t4only 0 t2only 0 rtfail 0 [0.7 s]
#   unit {'pos': 443, 'blk': None}: om1 0 pos 0 st1 0 fail1 0 t4 0 t4only 0 t2only 0 rtfail 0 [0.9 s]
#   unit {'pos': 444, 'blk': None}: om1 0 pos 0 st1 0 fail1 0 t4 0 t4only 0 t2only 0 rtfail 0 [0.8 s]
#   unit {'pos': 445, 'blk': None}: om1 0 pos 0 st1 0 fail1 0 t4 0 t4only 0 t2only 0 rtfail 0 [0.7 s]
#   unit {'pos': 446, 'blk': None}: om1 0 pos 0 st1 0 fail1 0 t4 0 t4only 0 t2only 0 rtfail 0 [0.8 s]
#   unit {'pos': 447, 'blk': None}: om1 0 pos 0 st1 0 fail1 0 t4 0 t4only 0 t2only 0 rtfail 0 [0.6 s]
#   unit {'pos': 448, 'blk': None}: om1 0 pos 0 st1 0 fail1 0 t4 0 t4only 0 t2only 0 rtfail 0 [0.7 s]
#   unit {'pos': 449, 'blk': None}: om1 0 pos 0 st1 0 fail1 0 t4 0 t4only 0 t2only 0 rtfail 0 [0.9 s]
#   unit {'pos': 450, 'blk': None}: om1 0 pos 0 st1 0 fail1 0 t4 0 t4only 0 t2only 0 rtfail 0 [0.7 s]
#   unit {'pos': 452, 'blk': None}: om1 0 pos 0 st1 0 fail1 0 t4 0 t4only 0 t2only 0 rtfail 0 [0.6 s]
#   unit {'pos': 451, 'blk': None}: om1 0 pos 0 st1 0 fail1 0 t4 0 t4only 0 t2only 0 rtfail 0 [0.9 s]
#   unit {'pos': 453, 'blk': None}: om1 0 pos 0 st1 0 fail1 0 t4 0 t4only 0 t2only 0 rtfail 0 [0.7 s]
#   unit {'pos': 454, 'blk': None}: om1 0 pos 0 st1 0 fail1 0 t4 0 t4only 0 t2only 0 rtfail 0 [0.7 s]
#   unit {'pos': 455, 'blk': None}: om1 0 pos 0 st1 0 fail1 0 t4 0 t4only 0 t2only 0 rtfail 0 [0.6 s]
#   unit {'pos': 457, 'blk': None}: om1 0 pos 0 st1 0 fail1 0 t4 0 t4only 0 t2only 0 rtfail 0 [0.6 s]
#   unit {'pos': 456, 'blk': None}: om1 0 pos 0 st1 0 fail1 0 t4 0 t4only 0 t2only 0 rtfail 0 [0.7 s]
#   unit {'pos': 458, 'blk': None}: om1 0 pos 0 st1 0 fail1 0 t4 0 t4only 0 t2only 0 rtfail 0 [0.9 s]
#   unit {'pos': 459, 'blk': None}: om1 0 pos 0 st1 0 fail1 0 t4 0 t4only 0 t2only 0 rtfail 0 [0.7 s]
#   unit {'pos': 461, 'blk': None}: om1 0 pos 0 st1 0 fail1 0 t4 0 t4only 0 t2only 0 rtfail 0 [0.8 s]
#   unit {'pos': 460, 'blk': None}: om1 0 pos 0 st1 0 fail1 0 t4 0 t4only 0 t2only 0 rtfail 0 [1.0 s]
#   unit {'pos': 463, 'blk': None}: om1 0 pos 0 st1 0 fail1 0 t4 0 t4only 0 t2only 0 rtfail 0 [0.9 s]
#   unit {'pos': 462, 'blk': None}: om1 0 pos 0 st1 0 fail1 0 t4 0 t4only 0 t2only 0 rtfail 0 [1.0 s]
#   unit {'pos': 464, 'blk': None}: om1 0 pos 0 st1 0 fail1 0 t4 0 t4only 0 t2only 0 rtfail 0 [0.6 s]
#   unit {'pos': 465, 'blk': None}: om1 0 pos 0 st1 0 fail1 0 t4 0 t4only 0 t2only 0 rtfail 0 [0.9 s]
#   unit {'pos': 467, 'blk': None}: om1 0 pos 0 st1 0 fail1 0 t4 0 t4only 0 t2only 0 rtfail 0 [0.7 s]
#   unit {'pos': 466, 'blk': None}: om1 11 pos 0 st1 0 fail1 0 t4 0 t4only 0 t2only 0 rtfail 0 [1.1 s]
#   unit {'pos': 468, 'blk': None}: om1 0 pos 0 st1 0 fail1 0 t4 0 t4only 0 t2only 0 rtfail 0 [1.0 s]
#   unit {'pos': 470, 'blk': None}: om1 22 pos 0 st1 0 fail1 0 t4 0 t4only 0 t2only 0 rtfail 0 [0.7 s]
#   unit {'pos': 469, 'blk': None}: om1 0 pos 0 st1 0 fail1 0 t4 0 t4only 0 t2only 0 rtfail 0 [1.0 s]
#   unit {'pos': 472, 'blk': None}: om1 0 pos 0 st1 0 fail1 0 t4 0 t4only 0 t2only 0 rtfail 0 [0.7 s]
#   unit {'pos': 471, 'blk': None}: om1 0 pos 0 st1 0 fail1 0 t4 0 t4only 0 t2only 0 rtfail 0 [1.0 s]
#   unit {'pos': 474, 'blk': None}: om1 0 pos 0 st1 0 fail1 0 t4 0 t4only 0 t2only 0 rtfail 0 [0.7 s]
#   unit {'pos': 473, 'blk': None}: om1 0 pos 0 st1 0 fail1 0 t4 0 t4only 0 t2only 0 rtfail 0 [0.9 s]
#   unit {'pos': 475, 'blk': None}: om1 0 pos 0 st1 0 fail1 0 t4 0 t4only 0 t2only 0 rtfail 0 [0.7 s]
#   unit {'pos': 477, 'blk': None}: om1 0 pos 0 st1 0 fail1 0 t4 0 t4only 0 t2only 0 rtfail 0 [0.7 s]
#   unit {'pos': 476, 'blk': None}: om1 0 pos 0 st1 0 fail1 0 t4 0 t4only 0 t2only 0 rtfail 0 [0.9 s]
#   unit {'pos': 479, 'blk': None}: om1 0 pos 0 st1 0 fail1 0 t4 0 t4only 0 t2only 0 rtfail 0 [0.7 s]
#   unit {'pos': 478, 'blk': None}: om1 0 pos 0 st1 0 fail1 0 t4 0 t4only 0 t2only 0 rtfail 0 [1.0 s]
#   unit {'pos': 480, 'blk': None}: om1 0 pos 0 st1 0 fail1 0 t4 0 t4only 0 t2only 0 rtfail 0 [0.7 s]
#   unit {'pos': 481, 'blk': None}: om1 0 pos 0 st1 0 fail1 0 t4 0 t4only 0 t2only 0 rtfail 0 [0.9 s]
#   unit {'pos': 482, 'blk': None}: om1 0 pos 0 st1 0 fail1 0 t4 0 t4only 0 t2only 0 rtfail 0 [0.7 s]
#   unit {'pos': 483, 'blk': None}: om1 0 pos 0 st1 0 fail1 0 t4 0 t4only 0 t2only 0 rtfail 0 [0.9 s]
#   unit {'pos': 484, 'blk': None}: om1 0 pos 0 st1 0 fail1 0 t4 0 t4only 0 t2only 0 rtfail 0 [0.6 s]
#   unit {'pos': 486, 'blk': None}: om1 0 pos 0 st1 0 fail1 0 t4 0 t4only 0 t2only 0 rtfail 0 [0.8 s]
#   unit {'pos': 488, 'blk': None}: om1 0 pos 0 st1 0 fail1 0 t4 0 t4only 0 t2only 0 rtfail 0 [0.6 s]
#   unit {'pos': 485, 'blk': None}: om1 0 pos 0 st1 0 fail1 0 t4 0 t4only 0 t2only 0 rtfail 0 [1.0 s]
#   unit {'pos': 487, 'blk': None}: om1 0 pos 0 st1 0 fail1 0 t4 0 t4only 0 t2only 0 rtfail 0 [1.0 s]
#   unit {'pos': 489, 'blk': None}: om1 0 pos 0 st1 0 fail1 0 t4 0 t4only 0 t2only 0 rtfail 0 [0.8 s]
#   unit {'pos': 491, 'blk': None}: om1 0 pos 0 st1 0 fail1 0 t4 0 t4only 0 t2only 0 rtfail 0 [0.9 s]
#   unit {'pos': 492, 'blk': None}: om1 0 pos 0 st1 0 fail1 0 t4 0 t4only 0 t2only 0 rtfail 0 [0.7 s]
#   unit {'pos': 490, 'blk': None}: om1 0 pos 0 st1 0 fail1 0 t4 0 t4only 0 t2only 0 rtfail 0 [1.0 s]
#   unit {'pos': 493, 'blk': None}: om1 0 pos 0 st1 0 fail1 0 t4 0 t4only 0 t2only 0 rtfail 0 [1.1 s]
#   unit {'pos': 495, 'blk': None}: om1 0 pos 0 st1 0 fail1 0 t4 0 t4only 0 t2only 0 rtfail 0 [1.1 s]
#   unit {'pos': 494, 'blk': None}: om1 0 pos 0 st1 0 fail1 0 t4 0 t4only 0 t2only 0 rtfail 0 [1.1 s]
#   unit {'pos': 496, 'blk': None}: om1 0 pos 0 st1 0 fail1 0 t4 0 t4only 0 t2only 0 rtfail 0 [1.3 s]
#   unit {'pos': 497, 'blk': None}: om1 0 pos 0 st1 0 fail1 0 t4 0 t4only 0 t2only 0 rtfail 0 [0.6 s]
#   unit {'pos': 498, 'blk': None}: om1 0 pos 0 st1 0 fail1 0 t4 0 t4only 0 t2only 0 rtfail 0 [0.9 s]
#   unit {'pos': 500, 'blk': None}: om1 0 pos 0 st1 0 fail1 0 t4 0 t4only 0 t2only 0 rtfail 0 [0.7 s]
#   unit {'pos': 499, 'blk': None}: om1 0 pos 0 st1 0 fail1 0 t4 0 t4only 0 t2only 0 rtfail 0 [1.0 s]
#   unit {'pos': 501, 'blk': None}: om1 0 pos 0 st1 0 fail1 0 t4 0 t4only 0 t2only 0 rtfail 0 [0.8 s]
#   unit {'pos': 503, 'blk': None}: om1 0 pos 0 st1 0 fail1 0 t4 0 t4only 0 t2only 0 rtfail 0 [0.8 s]
#   unit {'pos': 502, 'blk': None}: om1 0 pos 0 st1 0 fail1 0 t4 0 t4only 0 t2only 0 rtfail 0 [0.8 s]
#   unit {'pos': 505, 'blk': None}: om1 0 pos 0 st1 0 fail1 0 t4 0 t4only 0 t2only 0 rtfail 0 [0.9 s]
#   unit {'pos': 504, 'blk': None}: om1 0 pos 0 st1 0 fail1 0 t4 0 t4only 0 t2only 0 rtfail 0 [1.0 s]
#   unit {'pos': 507, 'blk': None}: om1 0 pos 0 st1 0 fail1 0 t4 0 t4only 0 t2only 0 rtfail 0 [0.7 s]
#   unit {'pos': 506, 'blk': None}: om1 0 pos 0 st1 0 fail1 0 t4 0 t4only 0 t2only 0 rtfail 0 [0.9 s]
#   unit {'pos': 508, 'blk': None}: om1 0 pos 0 st1 0 fail1 0 t4 0 t4only 0 t2only 0 rtfail 0 [0.7 s]
#   unit {'pos': 509, 'blk': None}: om1 0 pos 0 st1 0 fail1 0 t4 0 t4only 0 t2only 0 rtfail 0 [1.0 s]
#   unit {'pos': 510, 'blk': None}: om1 0 pos 0 st1 0 fail1 0 t4 0 t4only 0 t2only 0 rtfail 0 [0.8 s]
#   unit {'pos': 511, 'blk': None}: om1 0 pos 0 st1 0 fail1 0 t4 0 t4only 0 t2only 0 rtfail 0 [1.1 s]
#   unit {'pos': 512, 'blk': None}: om1 0 pos 0 st1 0 fail1 0 t4 0 t4only 0 t2only 0 rtfail 0 [1.3 s]
#   unit {'pos': 513, 'blk': None}: om1 0 pos 0 st1 0 fail1 0 t4 0 t4only 0 t2only 0 rtfail 0 [1.0 s]
#   unit {'pos': 514, 'blk': None}: om1 0 pos 0 st1 0 fail1 0 t4 0 t4only 0 t2only 0 rtfail 0 [0.9 s]
#   unit {'pos': 515, 'blk': None}: om1 0 pos 0 st1 0 fail1 0 t4 0 t4only 0 t2only 0 rtfail 0 [0.6 s]
#   unit {'pos': 516, 'blk': None}: om1 0 pos 0 st1 0 fail1 0 t4 0 t4only 0 t2only 0 rtfail 0 [0.6 s]
#   unit {'pos': 518, 'blk': None}: om1 0 pos 0 st1 0 fail1 0 t4 0 t4only 0 t2only 0 rtfail 0 [0.6 s]
#   unit {'pos': 517, 'blk': None}: om1 0 pos 0 st1 0 fail1 0 t4 0 t4only 0 t2only 0 rtfail 0 [0.9 s]
#   unit {'pos': 519, 'blk': None}: om1 14 pos 0 st1 0 fail1 0 t4 0 t4only 0 t2only 0 rtfail 0 [0.9 s]
#   unit {'pos': 521, 'blk': None}: om1 0 pos 0 st1 0 fail1 0 t4 0 t4only 0 t2only 0 rtfail 0 [0.6 s]
#   unit {'pos': 520, 'blk': None}: om1 0 pos 0 st1 0 fail1 0 t4 0 t4only 0 t2only 0 rtfail 0 [1.0 s]
#   unit {'pos': 522, 'blk': None}: om1 0 pos 0 st1 0 fail1 0 t4 0 t4only 0 t2only 0 rtfail 0 [0.8 s]
#   unit {'pos': 524, 'blk': None}: om1 0 pos 0 st1 0 fail1 0 t4 0 t4only 0 t2only 0 rtfail 0 [0.9 s]
#   unit {'pos': 525, 'blk': None}: om1 0 pos 0 st1 0 fail1 0 t4 0 t4only 0 t2only 0 rtfail 0 [0.7 s]
#   unit {'pos': 523, 'blk': None}: om1 0 pos 0 st1 0 fail1 0 t4 0 t4only 0 t2only 0 rtfail 0 [1.1 s]
#   unit {'pos': 526, 'blk': None}: om1 0 pos 0 st1 0 fail1 0 t4 0 t4only 0 t2only 0 rtfail 0 [0.9 s]
#   unit {'pos': 527, 'blk': None}: om1 0 pos 0 st1 0 fail1 0 t4 0 t4only 0 t2only 0 rtfail 0 [0.7 s]
#   unit {'pos': 528, 'blk': None}: om1 0 pos 0 st1 0 fail1 0 t4 0 t4only 0 t2only 0 rtfail 0 [0.6 s]
#   unit {'pos': 529, 'blk': None}: om1 0 pos 0 st1 0 fail1 0 t4 0 t4only 0 t2only 0 rtfail 0 [0.9 s]
#   unit {'pos': 530, 'blk': None}: om1 0 pos 0 st1 0 fail1 0 t4 0 t4only 0 t2only 0 rtfail 0 [0.8 s]
#   unit {'pos': 532, 'blk': None}: om1 0 pos 0 st1 0 fail1 0 t4 0 t4only 0 t2only 0 rtfail 0 [0.8 s]
#   unit {'pos': 531, 'blk': None}: om1 0 pos 0 st1 0 fail1 0 t4 0 t4only 0 t2only 0 rtfail 0 [0.8 s]
#   unit {'pos': 533, 'blk': None}: om1 0 pos 0 st1 0 fail1 0 t4 0 t4only 0 t2only 0 rtfail 0 [0.9 s]
#   unit {'pos': 534, 'blk': None}: om1 0 pos 0 st1 0 fail1 0 t4 0 t4only 0 t2only 0 rtfail 0 [0.8 s]
#   unit {'pos': 536, 'blk': None}: om1 0 pos 0 st1 0 fail1 0 t4 0 t4only 0 t2only 0 rtfail 0 [0.7 s]
#   unit {'pos': 535, 'blk': None}: om1 0 pos 0 st1 0 fail1 0 t4 0 t4only 0 t2only 0 rtfail 0 [1.0 s]
#   unit {'pos': 537, 'blk': None}: om1 0 pos 0 st1 0 fail1 0 t4 0 t4only 0 t2only 0 rtfail 0 [1.0 s]
#   unit {'pos': 538, 'blk': None}: om1 0 pos 0 st1 0 fail1 0 t4 0 t4only 0 t2only 0 rtfail 0 [1.0 s]
#   unit {'pos': 540, 'blk': None}: om1 0 pos 0 st1 0 fail1 0 t4 0 t4only 0 t2only 0 rtfail 0 [0.7 s]
#   unit {'pos': 539, 'blk': None}: om1 0 pos 0 st1 0 fail1 0 t4 0 t4only 0 t2only 0 rtfail 0 [1.2 s]
#   unit {'pos': 541, 'blk': None}: om1 0 pos 0 st1 0 fail1 0 t4 0 t4only 0 t2only 0 rtfail 0 [0.9 s]
#   unit {'pos': 542, 'blk': None}: om1 0 pos 0 st1 0 fail1 0 t4 0 t4only 0 t2only 0 rtfail 0 [1.0 s]
#   unit {'pos': 543, 'blk': None}: om1 0 pos 0 st1 0 fail1 0 t4 0 t4only 0 t2only 0 rtfail 0 [1.0 s]
#   unit {'pos': 544, 'blk': None}: om1 0 pos 0 st1 0 fail1 0 t4 0 t4only 0 t2only 0 rtfail 0 [1.0 s]
#   unit {'pos': 545, 'blk': None}: om1 0 pos 0 st1 0 fail1 0 t4 0 t4only 0 t2only 0 rtfail 0 [0.9 s]
#   unit {'pos': 546, 'blk': None}: om1 0 pos 0 st1 0 fail1 0 t4 0 t4only 0 t2only 0 rtfail 0 [0.9 s]
#   unit {'pos': 548, 'blk': None}: om1 0 pos 0 st1 0 fail1 0 t4 0 t4only 0 t2only 0 rtfail 0 [0.7 s]
#   unit {'pos': 547, 'blk': None}: om1 0 pos 0 st1 0 fail1 0 t4 0 t4only 0 t2only 0 rtfail 0 [0.9 s]
#   unit {'pos': 550, 'blk': None}: om1 0 pos 0 st1 0 fail1 0 t4 0 t4only 0 t2only 0 rtfail 0 [0.7 s]
#   unit {'pos': 549, 'blk': None}: om1 0 pos 0 st1 0 fail1 0 t4 0 t4only 0 t2only 0 rtfail 0 [1.0 s]
#   unit {'pos': 551, 'blk': None}: om1 0 pos 0 st1 0 fail1 0 t4 0 t4only 0 t2only 0 rtfail 0 [0.9 s]
#   unit {'pos': 552, 'blk': None}: om1 0 pos 0 st1 0 fail1 0 t4 0 t4only 0 t2only 0 rtfail 0 [1.0 s]
#   unit {'pos': 554, 'blk': None}: om1 0 pos 0 st1 0 fail1 0 t4 0 t4only 0 t2only 0 rtfail 0 [0.6 s]
#   unit {'pos': 553, 'blk': None}: om1 0 pos 0 st1 0 fail1 0 t4 0 t4only 0 t2only 0 rtfail 0 [0.9 s]
#   unit {'pos': 556, 'blk': None}: om1 0 pos 0 st1 0 fail1 0 t4 0 t4only 0 t2only 0 rtfail 0 [0.7 s]
#   unit {'pos': 555, 'blk': None}: om1 19 pos 0 st1 0 fail1 0 t4 0 t4only 0 t2only 0 rtfail 0 [1.0 s]
#   unit {'pos': 557, 'blk': None}: om1 0 pos 0 st1 0 fail1 0 t4 0 t4only 0 t2only 0 rtfail 0 [0.9 s]
#   unit {'pos': 558, 'blk': None}: om1 0 pos 0 st1 0 fail1 0 t4 0 t4only 0 t2only 0 rtfail 0 [0.9 s]
#   unit {'pos': 560, 'blk': None}: om1 0 pos 0 st1 0 fail1 0 t4 0 t4only 0 t2only 0 rtfail 0 [0.6 s]
#   unit {'pos': 559, 'blk': None}: om1 0 pos 0 st1 0 fail1 0 t4 0 t4only 0 t2only 0 rtfail 0 [0.9 s]
#   unit {'pos': 562, 'blk': None}: om1 0 pos 0 st1 0 fail1 0 t4 0 t4only 0 t2only 0 rtfail 0 [0.7 s]
#   unit {'pos': 561, 'blk': None}: om1 0 pos 0 st1 0 fail1 0 t4 0 t4only 0 t2only 0 rtfail 0 [0.9 s]
#   unit {'pos': 563, 'blk': None}: om1 0 pos 0 st1 0 fail1 0 t4 0 t4only 0 t2only 0 rtfail 0 [0.6 s]
#   unit {'pos': 564, 'blk': None}: om1 0 pos 0 st1 0 fail1 0 t4 0 t4only 0 t2only 0 rtfail 0 [0.9 s]
#   unit {'pos': 565, 'blk': None}: om1 0 pos 0 st1 0 fail1 0 t4 0 t4only 0 t2only 0 rtfail 0 [0.7 s]
#   unit {'pos': 567, 'blk': None}: om1 0 pos 0 st1 0 fail1 0 t4 0 t4only 0 t2only 0 rtfail 0 [0.9 s]
#   unit {'pos': 566, 'blk': None}: om1 0 pos 0 st1 0 fail1 0 t4 0 t4only 0 t2only 0 rtfail 0 [1.1 s]
#   unit {'pos': 568, 'blk': None}: om1 0 pos 0 st1 0 fail1 0 t4 0 t4only 0 t2only 0 rtfail 0 [0.9 s]
#   unit {'pos': 569, 'blk': None}: om1 0 pos 0 st1 0 fail1 0 t4 0 t4only 0 t2only 0 rtfail 0 [0.9 s]
#   unit {'pos': 570, 'blk': None}: om1 0 pos 0 st1 0 fail1 0 t4 0 t4only 0 t2only 0 rtfail 0 [1.0 s]
#   unit {'pos': 571, 'blk': None}: om1 0 pos 0 st1 0 fail1 0 t4 0 t4only 0 t2only 0 rtfail 0 [1.0 s]
#   unit {'pos': 572, 'blk': None}: om1 0 pos 0 st1 0 fail1 0 t4 0 t4only 0 t2only 0 rtfail 0 [0.9 s]
#   unit {'pos': 573, 'blk': None}: om1 0 pos 0 st1 0 fail1 0 t4 0 t4only 0 t2only 0 rtfail 0 [1.1 s]
#   unit {'pos': 574, 'blk': None}: om1 0 pos 0 st1 0 fail1 0 t4 0 t4only 0 t2only 0 rtfail 0 [0.7 s]
#   unit {'pos': 575, 'blk': None}: om1 0 pos 0 st1 0 fail1 0 t4 0 t4only 0 t2only 0 rtfail 0 [0.7 s]
#   unit {'pos': 576, 'blk': None}: om1 0 pos 0 st1 0 fail1 0 t4 0 t4only 0 t2only 0 rtfail 0 [0.7 s]
#   unit {'pos': 578, 'blk': None}: om1 0 pos 0 st1 0 fail1 0 t4 0 t4only 0 t2only 0 rtfail 0 [0.7 s]
#   unit {'pos': 577, 'blk': None}: om1 0 pos 0 st1 0 fail1 0 t4 0 t4only 0 t2only 0 rtfail 0 [0.8 s]
#   unit {'pos': 579, 'blk': None}: om1 0 pos 0 st1 0 fail1 0 t4 0 t4only 0 t2only 0 rtfail 0 [0.8 s]
#   unit {'pos': 580, 'blk': None}: om1 0 pos 0 st1 0 fail1 0 t4 0 t4only 0 t2only 0 rtfail 0 [1.0 s]
#   unit {'pos': 581, 'blk': None}: om1 0 pos 0 st1 0 fail1 0 t4 0 t4only 0 t2only 0 rtfail 0 [1.0 s]
#   unit {'pos': 583, 'blk': None}: om1 0 pos 0 st1 0 fail1 0 t4 0 t4only 0 t2only 0 rtfail 0 [0.9 s]
#   unit {'pos': 582, 'blk': None}: om1 0 pos 0 st1 0 fail1 0 t4 0 t4only 0 t2only 0 rtfail 0 [1.1 s]
#   unit {'pos': 584, 'blk': None}: om1 0 pos 0 st1 0 fail1 0 t4 0 t4only 0 t2only 0 rtfail 0 [1.1 s]
#   unit {'pos': 585, 'blk': None}: om1 0 pos 0 st1 0 fail1 0 t4 0 t4only 0 t2only 0 rtfail 0 [0.9 s]
#   unit {'pos': 587, 'blk': None}: om1 0 pos 0 st1 0 fail1 0 t4 0 t4only 0 t2only 0 rtfail 0 [1.0 s]
#   unit {'pos': 586, 'blk': None}: om1 0 pos 0 st1 0 fail1 0 t4 0 t4only 0 t2only 0 rtfail 0 [1.0 s]
#   unit {'pos': 588, 'blk': None}: om1 0 pos 0 st1 0 fail1 0 t4 0 t4only 0 t2only 0 rtfail 0 [0.9 s]
#   unit {'pos': 589, 'blk': None}: om1 0 pos 0 st1 0 fail1 0 t4 0 t4only 0 t2only 0 rtfail 0 [1.0 s]
#   unit {'pos': 590, 'blk': None}: om1 0 pos 0 st1 0 fail1 0 t4 0 t4only 0 t2only 0 rtfail 0 [0.7 s]
#   unit {'pos': 591, 'blk': None}: om1 0 pos 0 st1 0 fail1 0 t4 0 t4only 0 t2only 0 rtfail 0 [0.7 s]
#   unit {'pos': 592, 'blk': None}: om1 0 pos 0 st1 0 fail1 0 t4 0 t4only 0 t2only 0 rtfail 0 [0.7 s]
#   unit {'pos': 593, 'blk': None}: om1 0 pos 0 st1 0 fail1 0 t4 0 t4only 0 t2only 0 rtfail 0 [0.8 s]
#   unit {'pos': 594, 'blk': None}: om1 0 pos 0 st1 0 fail1 0 t4 0 t4only 0 t2only 0 rtfail 0 [0.8 s]
#   unit {'pos': 595, 'blk': None}: om1 0 pos 0 st1 0 fail1 0 t4 0 t4only 0 t2only 0 rtfail 0 [1.1 s]
#   unit {'pos': 596, 'blk': None}: om1 0 pos 0 st1 0 fail1 0 t4 0 t4only 0 t2only 0 rtfail 0 [0.8 s]
#   unit {'pos': 598, 'blk': None}: om1 0 pos 0 st1 0 fail1 0 t4 0 t4only 0 t2only 0 rtfail 0 [0.7 s]
#   unit {'pos': 597, 'blk': None}: om1 0 pos 0 st1 0 fail1 0 t4 0 t4only 0 t2only 0 rtfail 0 [0.8 s]
#   unit {'pos': 600, 'blk': None}: om1 0 pos 0 st1 0 fail1 0 t4 0 t4only 0 t2only 0 rtfail 0 [0.7 s]
#   unit {'pos': 602, 'blk': None}: om1 0 pos 0 st1 0 fail1 0 t4 0 t4only 0 t2only 0 rtfail 0 [0.7 s]
#   unit {'pos': 599, 'blk': None}: om1 0 pos 0 st1 0 fail1 0 t4 0 t4only 0 t2only 0 rtfail 0 [1.2 s]
#   unit {'pos': 601, 'blk': None}: om1 0 pos 0 st1 0 fail1 0 t4 0 t4only 0 t2only 0 rtfail 0 [0.9 s]
#   unit {'pos': 603, 'blk': None}: om1 0 pos 0 st1 0 fail1 0 t4 0 t4only 0 t2only 0 rtfail 0 [0.6 s]
#   unit {'pos': 604, 'blk': None}: om1 0 pos 0 st1 0 fail1 0 t4 0 t4only 0 t2only 0 rtfail 0 [0.8 s]
#   unit {'pos': 605, 'blk': None}: om1 0 pos 0 st1 0 fail1 0 t4 0 t4only 0 t2only 0 rtfail 0 [0.9 s]
#   unit {'pos': 606, 'blk': None}: om1 0 pos 0 st1 0 fail1 0 t4 0 t4only 0 t2only 0 rtfail 0 [0.8 s]
#   unit {'pos': 607, 'blk': None}: om1 0 pos 0 st1 0 fail1 0 t4 0 t4only 0 t2only 0 rtfail 0 [0.9 s]
#   unit {'pos': 608, 'blk': None}: om1 0 pos 0 st1 0 fail1 0 t4 0 t4only 0 t2only 0 rtfail 0 [0.7 s]
#   unit {'pos': 609, 'blk': None}: om1 0 pos 0 st1 0 fail1 0 t4 0 t4only 0 t2only 0 rtfail 0 [0.7 s]
#   unit {'pos': 610, 'blk': None}: om1 0 pos 0 st1 0 fail1 0 t4 0 t4only 0 t2only 0 rtfail 0 [0.8 s]
#   unit {'pos': 612, 'blk': None}: om1 0 pos 0 st1 0 fail1 0 t4 0 t4only 0 t2only 0 rtfail 0 [0.7 s]
#   unit {'pos': 611, 'blk': None}: om1 0 pos 0 st1 0 fail1 0 t4 0 t4only 0 t2only 0 rtfail 0 [0.9 s]
#   unit {'pos': 613, 'blk': None}: om1 0 pos 0 st1 0 fail1 0 t4 0 t4only 0 t2only 0 rtfail 0 [0.9 s]
#   unit {'pos': 614, 'blk': None}: om1 0 pos 0 st1 0 fail1 0 t4 0 t4only 0 t2only 0 rtfail 0 [0.9 s]
#   unit {'pos': 615, 'blk': None}: om1 0 pos 0 st1 0 fail1 0 t4 0 t4only 0 t2only 0 rtfail 0 [0.7 s]
#   unit {'pos': 616, 'blk': None}: om1 0 pos 0 st1 0 fail1 0 t4 0 t4only 0 t2only 0 rtfail 0 [0.9 s]
#   unit {'pos': 617, 'blk': None}: om1 0 pos 0 st1 0 fail1 0 t4 0 t4only 0 t2only 0 rtfail 0 [0.9 s]
#   unit {'pos': 618, 'blk': None}: om1 0 pos 0 st1 0 fail1 0 t4 0 t4only 0 t2only 0 rtfail 0 [1.1 s]
#   unit {'pos': 620, 'blk': None}: om1 0 pos 0 st1 0 fail1 0 t4 0 t4only 0 t2only 0 rtfail 0 [0.9 s]
#   unit {'pos': 619, 'blk': None}: om1 0 pos 0 st1 0 fail1 0 t4 0 t4only 0 t2only 0 rtfail 0 [1.1 s]
#   unit {'pos': 621, 'blk': None}: om1 0 pos 0 st1 0 fail1 0 t4 0 t4only 0 t2only 0 rtfail 0 [0.7 s]
#   unit {'pos': 622, 'blk': None}: om1 0 pos 0 st1 0 fail1 0 t4 0 t4only 0 t2only 0 rtfail 0 [1.0 s]
#   unit {'pos': 623, 'blk': None}: om1 0 pos 0 st1 0 fail1 0 t4 0 t4only 0 t2only 0 rtfail 0 [0.9 s]
#   unit {'pos': 624, 'blk': None}: om1 0 pos 0 st1 0 fail1 0 t4 0 t4only 0 t2only 0 rtfail 0 [0.9 s]
#   unit {'pos': 625, 'blk': None}: om1 0 pos 0 st1 0 fail1 0 t4 0 t4only 0 t2only 0 rtfail 0 [1.0 s]
#   unit {'pos': 628, 'blk': None}: om1 0 pos 0 st1 0 fail1 0 t4 0 t4only 0 t2only 0 rtfail 0 [0.6 s]
#   unit {'pos': 626, 'blk': None}: om1 0 pos 0 st1 0 fail1 0 t4 0 t4only 0 t2only 0 rtfail 0 [0.7 s]
#   unit {'pos': 627, 'blk': None}: om1 0 pos 0 st1 0 fail1 0 t4 0 t4only 0 t2only 0 rtfail 0 [0.8 s]
#   unit {'pos': 629, 'blk': None}: om1 0 pos 0 st1 0 fail1 0 t4 0 t4only 0 t2only 0 rtfail 0 [1.0 s]
#   unit {'pos': 630, 'blk': None}: om1 0 pos 0 st1 0 fail1 0 t4 0 t4only 0 t2only 0 rtfail 0 [0.9 s]
#   unit {'pos': 631, 'blk': None}: om1 0 pos 0 st1 0 fail1 0 t4 0 t4only 0 t2only 0 rtfail 0 [1.0 s]
#   unit {'pos': 632, 'blk': None}: om1 0 pos 0 st1 0 fail1 0 t4 0 t4only 0 t2only 0 rtfail 0 [1.1 s]
#   unit {'pos': 633, 'blk': None}: om1 0 pos 0 st1 0 fail1 0 t4 0 t4only 0 t2only 0 rtfail 0 [1.1 s]
#   unit {'pos': 636, 'blk': None}: om1 0 pos 0 st1 0 fail1 0 t4 0 t4only 0 t2only 0 rtfail 0 [0.6 s]
#   unit {'pos': 634, 'blk': None}: om1 0 pos 0 st1 0 fail1 0 t4 0 t4only 0 t2only 0 rtfail 0 [1.0 s]
#   unit {'pos': 635, 'blk': None}: om1 0 pos 0 st1 0 fail1 0 t4 0 t4only 0 t2only 0 rtfail 0 [1.0 s]
#   unit {'pos': 637, 'blk': None}: om1 0 pos 0 st1 0 fail1 0 t4 0 t4only 0 t2only 0 rtfail 0 [0.6 s]
#   unit {'pos': 638, 'blk': None}: om1 0 pos 0 st1 0 fail1 0 t4 0 t4only 0 t2only 0 rtfail 0 [0.9 s]
#   unit {'pos': 639, 'blk': None}: om1 0 pos 0 st1 0 fail1 0 t4 0 t4only 0 t2only 0 rtfail 0 [0.9 s]
#   unit {'pos': 640, 'blk': None}: om1 0 pos 0 st1 0 fail1 0 t4 0 t4only 0 t2only 0 rtfail 0 [0.7 s]
#   unit {'pos': 641, 'blk': None}: om1 0 pos 0 st1 0 fail1 0 t4 0 t4only 0 t2only 0 rtfail 0 [0.8 s]
#   unit {'pos': 642, 'blk': None}: om1 0 pos 0 st1 0 fail1 0 t4 0 t4only 0 t2only 0 rtfail 0 [1.0 s]
#   unit {'pos': 643, 'blk': None}: om1 0 pos 0 st1 0 fail1 0 t4 0 t4only 0 t2only 0 rtfail 0 [1.0 s]
#   unit {'pos': 645, 'blk': None}: om1 0 pos 0 st1 0 fail1 0 t4 0 t4only 0 t2only 0 rtfail 0 [0.7 s]
#   unit {'pos': 644, 'blk': None}: om1 0 pos 0 st1 0 fail1 0 t4 0 t4only 0 t2only 0 rtfail 0 [1.0 s]
#   unit {'pos': 647, 'blk': None}: om1 0 pos 0 st1 0 fail1 0 t4 0 t4only 0 t2only 0 rtfail 0 [0.6 s]
#   unit {'pos': 646, 'blk': None}: om1 0 pos 0 st1 0 fail1 0 t4 0 t4only 0 t2only 0 rtfail 0 [0.8 s]
#   unit {'pos': 648, 'blk': None}: om1 0 pos 0 st1 0 fail1 0 t4 0 t4only 0 t2only 0 rtfail 0 [0.9 s]
#   unit {'pos': 650, 'blk': None}: om1 0 pos 0 st1 0 fail1 0 t4 0 t4only 0 t2only 0 rtfail 0 [0.6 s]
#   unit {'pos': 649, 'blk': None}: om1 0 pos 0 st1 0 fail1 0 t4 0 t4only 0 t2only 0 rtfail 0 [1.3 s]
#   unit {'pos': 651, 'blk': None}: om1 0 pos 0 st1 0 fail1 0 t4 0 t4only 0 t2only 0 rtfail 0 [0.7 s]
#   unit {'pos': 652, 'blk': None}: om1 0 pos 0 st1 0 fail1 0 t4 0 t4only 0 t2only 0 rtfail 0 [0.7 s]
#   unit {'pos': 653, 'blk': None}: om1 0 pos 0 st1 0 fail1 0 t4 0 t4only 0 t2only 0 rtfail 0 [0.8 s]
#   unit {'pos': 654, 'blk': None}: om1 0 pos 0 st1 0 fail1 0 t4 0 t4only 0 t2only 0 rtfail 0 [0.8 s]
#   unit {'pos': 655, 'blk': None}: om1 0 pos 0 st1 0 fail1 0 t4 0 t4only 0 t2only 0 rtfail 0 [0.9 s]
#   unit {'pos': 656, 'blk': None}: om1 0 pos 0 st1 0 fail1 0 t4 0 t4only 0 t2only 0 rtfail 0 [0.7 s]
#   unit {'pos': 657, 'blk': None}: om1 0 pos 0 st1 0 fail1 0 t4 0 t4only 0 t2only 0 rtfail 0 [0.6 s]
#   unit {'pos': 658, 'blk': None}: om1 0 pos 0 st1 0 fail1 0 t4 0 t4only 0 t2only 0 rtfail 0 [0.7 s]
#   unit {'pos': 660, 'blk': None}: om1 0 pos 0 st1 0 fail1 0 t4 0 t4only 0 t2only 0 rtfail 0 [0.6 s]
#   unit {'pos': 659, 'blk': None}: om1 0 pos 0 st1 0 fail1 0 t4 0 t4only 0 t2only 0 rtfail 0 [0.7 s]
#   unit {'pos': 662, 'blk': None}: om1 0 pos 0 st1 0 fail1 0 t4 0 t4only 0 t2only 0 rtfail 0 [0.7 s]
#   unit {'pos': 661, 'blk': None}: om1 0 pos 0 st1 0 fail1 0 t4 0 t4only 0 t2only 0 rtfail 0 [0.9 s]
#   unit {'pos': 663, 'blk': None}: om1 0 pos 0 st1 0 fail1 0 t4 0 t4only 0 t2only 0 rtfail 0 [0.7 s]
#   unit {'pos': 664, 'blk': None}: om1 0 pos 0 st1 0 fail1 0 t4 0 t4only 0 t2only 0 rtfail 0 [0.9 s]
#   unit {'pos': 666, 'blk': None}: om1 0 pos 0 st1 0 fail1 0 t4 0 t4only 0 t2only 0 rtfail 0 [0.6 s]
#   unit {'pos': 667, 'blk': None}: om1 0 pos 0 st1 0 fail1 0 t4 0 t4only 0 t2only 0 rtfail 0 [0.8 s]
#   unit {'pos': 665, 'blk': None}: om1 0 pos 0 st1 0 fail1 0 t4 0 t4only 0 t2only 0 rtfail 0 [0.9 s]
#   unit {'pos': 668, 'blk': None}: om1 0 pos 0 st1 0 fail1 0 t4 0 t4only 0 t2only 0 rtfail 0 [0.8 s]
#   unit {'pos': 669, 'blk': None}: om1 0 pos 0 st1 0 fail1 0 t4 0 t4only 0 t2only 0 rtfail 0 [0.8 s]
#   unit {'pos': 670, 'blk': None}: om1 0 pos 0 st1 0 fail1 0 t4 0 t4only 0 t2only 0 rtfail 0 [0.6 s]
#   unit {'pos': 671, 'blk': None}: om1 0 pos 0 st1 0 fail1 0 t4 0 t4only 0 t2only 0 rtfail 0 [0.9 s]
#   unit {'pos': 673, 'blk': None}: om1 0 pos 0 st1 0 fail1 0 t4 0 t4only 0 t2only 0 rtfail 0 [0.6 s]
#   unit {'pos': 672, 'blk': None}: om1 0 pos 0 st1 0 fail1 0 t4 0 t4only 0 t2only 0 rtfail 0 [0.9 s]
#   unit {'pos': 674, 'blk': None}: om1 0 pos 0 st1 0 fail1 0 t4 0 t4only 0 t2only 0 rtfail 0 [0.7 s]
#   unit {'pos': 675, 'blk': None}: om1 0 pos 0 st1 0 fail1 0 t4 0 t4only 0 t2only 0 rtfail 0 [0.7 s]
#   unit {'pos': 677, 'blk': None}: om1 0 pos 0 st1 0 fail1 0 t4 0 t4only 0 t2only 0 rtfail 0 [0.7 s]
#   unit {'pos': 676, 'blk': None}: om1 0 pos 0 st1 0 fail1 0 t4 0 t4only 0 t2only 0 rtfail 0 [0.8 s]
#   unit {'pos': 678, 'blk': None}: om1 0 pos 0 st1 0 fail1 0 t4 0 t4only 0 t2only 0 rtfail 0 [0.9 s]
#   unit {'pos': 680, 'blk': None}: om1 0 pos 0 st1 0 fail1 0 t4 0 t4only 0 t2only 0 rtfail 0 [0.7 s]
#   unit {'pos': 679, 'blk': None}: om1 0 pos 0 st1 0 fail1 0 t4 0 t4only 0 t2only 0 rtfail 0 [1.0 s]
#   unit {'pos': 681, 'blk': None}: om1 0 pos 0 st1 0 fail1 0 t4 0 t4only 0 t2only 0 rtfail 0 [0.8 s]
#   unit {'pos': 682, 'blk': None}: om1 0 pos 0 st1 0 fail1 0 t4 0 t4only 0 t2only 0 rtfail 0 [1.0 s]
#   unit {'pos': 683, 'blk': None}: om1 0 pos 0 st1 0 fail1 0 t4 0 t4only 0 t2only 0 rtfail 0 [0.8 s]
#   unit {'pos': 684, 'blk': None}: om1 0 pos 0 st1 0 fail1 0 t4 0 t4only 0 t2only 0 rtfail 0 [0.8 s]
#   unit {'pos': 685, 'blk': None}: om1 0 pos 0 st1 0 fail1 0 t4 0 t4only 0 t2only 0 rtfail 0 [1.0 s]
#   unit {'pos': 686, 'blk': None}: om1 0 pos 0 st1 0 fail1 0 t4 0 t4only 0 t2only 0 rtfail 0 [0.6 s]
#   unit {'pos': 687, 'blk': None}: om1 0 pos 0 st1 0 fail1 0 t4 0 t4only 0 t2only 0 rtfail 0 [0.7 s]
#   unit {'pos': 688, 'blk': None}: om1 0 pos 0 st1 0 fail1 0 t4 0 t4only 0 t2only 0 rtfail 0 [0.9 s]
#   unit {'pos': 689, 'blk': None}: om1 0 pos 0 st1 0 fail1 0 t4 0 t4only 0 t2only 0 rtfail 0 [0.8 s]
#   unit {'pos': 691, 'blk': None}: om1 0 pos 0 st1 0 fail1 0 t4 0 t4only 0 t2only 0 rtfail 0 [0.8 s]
#   unit {'pos': 690, 'blk': None}: om1 0 pos 0 st1 0 fail1 0 t4 0 t4only 0 t2only 0 rtfail 0 [0.9 s]
#   unit {'pos': 692, 'blk': None}: om1 0 pos 0 st1 0 fail1 0 t4 0 t4only 0 t2only 0 rtfail 0 [0.9 s]
#   unit {'pos': 693, 'blk': None}: om1 0 pos 0 st1 0 fail1 0 t4 0 t4only 0 t2only 0 rtfail 0 [0.8 s]
#   unit {'pos': 694, 'blk': None}: om1 0 pos 0 st1 0 fail1 0 t4 0 t4only 0 t2only 0 rtfail 0 [0.6 s]
#   unit {'pos': 695, 'blk': None}: om1 0 pos 0 st1 0 fail1 0 t4 0 t4only 0 t2only 0 rtfail 0 [0.8 s]
#   unit {'pos': 696, 'blk': None}: om1 0 pos 0 st1 0 fail1 0 t4 0 t4only 0 t2only 0 rtfail 0 [0.8 s]
#   unit {'pos': 697, 'blk': None}: om1 0 pos 0 st1 0 fail1 0 t4 0 t4only 0 t2only 0 rtfail 0 [1.0 s]
#   unit {'pos': 698, 'blk': None}: om1 0 pos 0 st1 0 fail1 0 t4 0 t4only 0 t2only 0 rtfail 0 [0.9 s]
#   unit {'pos': 699, 'blk': None}: om1 0 pos 0 st1 0 fail1 0 t4 0 t4only 0 t2only 0 rtfail 0 [0.9 s]
#   unit {'pos': 700, 'blk': None}: om1 0 pos 0 st1 0 fail1 0 t4 0 t4only 0 t2only 0 rtfail 0 [0.9 s]
#   unit {'pos': 702, 'blk': None}: om1 0 pos 0 st1 0 fail1 0 t4 0 t4only 0 t2only 0 rtfail 0 [0.9 s]
#   unit {'pos': 701, 'blk': None}: om1 0 pos 0 st1 0 fail1 0 t4 0 t4only 0 t2only 0 rtfail 0 [0.9 s]
#   unit {'pos': 703, 'blk': None}: om1 0 pos 0 st1 0 fail1 0 t4 0 t4only 0 t2only 0 rtfail 0 [1.0 s]
#   unit {'pos': 704, 'blk': None}: om1 0 pos 0 st1 0 fail1 0 t4 0 t4only 0 t2only 0 rtfail 0 [0.8 s]
#   unit {'pos': 705, 'blk': None}: om1 0 pos 0 st1 0 fail1 0 t4 0 t4only 0 t2only 0 rtfail 0 [0.8 s]
#   unit {'pos': 706, 'blk': None}: om1 0 pos 0 st1 0 fail1 0 t4 0 t4only 0 t2only 0 rtfail 0 [1.0 s]
#   unit {'pos': 707, 'blk': None}: om1 0 pos 0 st1 0 fail1 0 t4 0 t4only 0 t2only 0 rtfail 0 [0.9 s]
#   unit {'pos': 708, 'blk': None}: om1 0 pos 0 st1 0 fail1 0 t4 0 t4only 0 t2only 0 rtfail 0 [0.9 s]
#   unit {'pos': 709, 'blk': None}: om1 0 pos 0 st1 0 fail1 0 t4 0 t4only 0 t2only 0 rtfail 0 [0.8 s]
#   unit {'pos': 710, 'blk': None}: om1 0 pos 0 st1 0 fail1 0 t4 0 t4only 0 t2only 0 rtfail 0 [0.8 s]
#   unit {'pos': 711, 'blk': None}: om1 0 pos 0 st1 0 fail1 0 t4 0 t4only 0 t2only 0 rtfail 0 [0.8 s]
#   unit {'pos': 712, 'blk': None}: om1 0 pos 0 st1 0 fail1 0 t4 0 t4only 0 t2only 0 rtfail 0 [0.9 s]
#   unit {'pos': 714, 'blk': None}: om1 0 pos 0 st1 0 fail1 0 t4 0 t4only 0 t2only 0 rtfail 0 [0.6 s]
#   unit {'pos': 713, 'blk': None}: om1 0 pos 0 st1 0 fail1 0 t4 0 t4only 0 t2only 0 rtfail 0 [0.9 s]
#   unit {'pos': 715, 'blk': None}: om1 0 pos 0 st1 0 fail1 0 t4 0 t4only 0 t2only 0 rtfail 0 [0.8 s]
#   unit {'pos': 716, 'blk': None}: om1 0 pos 0 st1 0 fail1 0 t4 0 t4only 0 t2only 0 rtfail 0 [0.9 s]
#   unit {'pos': 717, 'blk': None}: om1 0 pos 0 st1 0 fail1 0 t4 0 t4only 0 t2only 0 rtfail 0 [0.8 s]
#   unit {'pos': 718, 'blk': None}: om1 0 pos 0 st1 0 fail1 0 t4 0 t4only 0 t2only 0 rtfail 0 [1.0 s]
#   unit {'pos': 719, 'blk': None}: om1 0 pos 0 st1 0 fail1 0 t4 0 t4only 0 t2only 0 rtfail 0 [0.8 s]
#   unit {'pos': 720, 'blk': None}: om1 0 pos 0 st1 0 fail1 0 t4 0 t4only 0 t2only 0 rtfail 0 [0.6 s]
#   unit {'pos': 721, 'blk': None}: om1 0 pos 0 st1 0 fail1 0 t4 0 t4only 0 t2only 0 rtfail 0 [0.8 s]
#   unit {'pos': 723, 'blk': None}: om1 0 pos 0 st1 0 fail1 0 t4 0 t4only 0 t2only 0 rtfail 0 [0.8 s]
#   unit {'pos': 722, 'blk': None}: om1 0 pos 0 st1 0 fail1 0 t4 0 t4only 0 t2only 0 rtfail 0 [0.8 s]
#   unit {'pos': 724, 'blk': None}: om1 0 pos 0 st1 0 fail1 0 t4 0 t4only 0 t2only 0 rtfail 0 [0.9 s]
#   unit {'pos': 725, 'blk': None}: om1 0 pos 0 st1 0 fail1 0 t4 0 t4only 0 t2only 0 rtfail 0 [0.9 s]
#   unit {'pos': 726, 'blk': None}: om1 0 pos 0 st1 0 fail1 0 t4 0 t4only 0 t2only 0 rtfail 0 [0.9 s]
#   unit {'pos': 727, 'blk': None}: om1 0 pos 0 st1 0 fail1 0 t4 0 t4only 0 t2only 0 rtfail 0 [1.0 s]
#   unit {'pos': 728, 'blk': None}: om1 0 pos 0 st1 0 fail1 0 t4 0 t4only 0 t2only 0 rtfail 0 [0.7 s]
#   unit {'pos': 729, 'blk': None}: om1 0 pos 0 st1 0 fail1 0 t4 0 t4only 0 t2only 0 rtfail 0 [1.0 s]
#   unit {'pos': 730, 'blk': None}: om1 0 pos 0 st1 0 fail1 0 t4 0 t4only 0 t2only 0 rtfail 0 [0.8 s]
#   unit {'pos': 731, 'blk': None}: om1 0 pos 0 st1 0 fail1 0 t4 0 t4only 0 t2only 0 rtfail 0 [0.9 s]
#   unit {'pos': 732, 'blk': None}: om1 0 pos 0 st1 0 fail1 0 t4 0 t4only 0 t2only 0 rtfail 0 [1.1 s]
#   unit {'pos': 734, 'blk': None}: om1 0 pos 0 st1 0 fail1 0 t4 0 t4only 0 t2only 0 rtfail 0 [0.6 s]
#   unit {'pos': 733, 'blk': None}: om1 0 pos 0 st1 0 fail1 0 t4 0 t4only 0 t2only 0 rtfail 0 [0.8 s]
#   unit {'pos': 736, 'blk': None}: om1 0 pos 0 st1 0 fail1 0 t4 0 t4only 0 t2only 0 rtfail 0 [0.6 s]
#   unit {'pos': 735, 'blk': None}: om1 0 pos 0 st1 0 fail1 0 t4 0 t4only 0 t2only 0 rtfail 0 [0.8 s]
#   unit {'pos': 737, 'blk': None}: om1 0 pos 0 st1 0 fail1 0 t4 0 t4only 0 t2only 0 rtfail 0 [0.8 s]
#   unit {'pos': 738, 'blk': None}: om1 0 pos 0 st1 0 fail1 0 t4 0 t4only 0 t2only 0 rtfail 0 [0.9 s]
#   unit {'pos': 739, 'blk': None}: om1 0 pos 0 st1 0 fail1 0 t4 0 t4only 0 t2only 0 rtfail 0 [0.7 s]
#   unit {'pos': 740, 'blk': None}: om1 0 pos 0 st1 0 fail1 0 t4 0 t4only 0 t2only 0 rtfail 0 [0.9 s]
#   unit {'pos': 741, 'blk': None}: om1 0 pos 0 st1 0 fail1 0 t4 0 t4only 0 t2only 0 rtfail 0 [0.7 s]
#   unit {'pos': 743, 'blk': None}: om1 0 pos 0 st1 0 fail1 0 t4 0 t4only 0 t2only 0 rtfail 0 [0.8 s]
#   unit {'pos': 742, 'blk': None}: om1 0 pos 0 st1 0 fail1 0 t4 0 t4only 0 t2only 0 rtfail 0 [1.0 s]
#   unit {'pos': 745, 'blk': None}: om1 0 pos 0 st1 0 fail1 0 t4 0 t4only 0 t2only 0 rtfail 0 [0.7 s]
#   unit {'pos': 744, 'blk': None}: om1 0 pos 0 st1 0 fail1 0 t4 0 t4only 0 t2only 0 rtfail 0 [1.0 s]
#   unit {'pos': 746, 'blk': None}: om1 0 pos 0 st1 0 fail1 0 t4 0 t4only 0 t2only 0 rtfail 0 [0.9 s]
#   unit {'pos': 747, 'blk': None}: om1 0 pos 0 st1 0 fail1 0 t4 0 t4only 0 t2only 0 rtfail 0 [0.9 s]
#   unit {'pos': 748, 'blk': None}: om1 0 pos 0 st1 0 fail1 0 t4 0 t4only 0 t2only 0 rtfail 0 [1.0 s]
#   unit {'pos': 749, 'blk': None}: om1 0 pos 0 st1 0 fail1 0 t4 0 t4only 0 t2only 0 rtfail 0 [0.9 s]
#   unit {'pos': 751, 'blk': None}: om1 0 pos 0 st1 0 fail1 0 t4 0 t4only 0 t2only 0 rtfail 0 [0.6 s]
#   unit {'pos': 750, 'blk': None}: om1 0 pos 0 st1 0 fail1 0 t4 0 t4only 0 t2only 0 rtfail 0 [0.9 s]
#   unit {'pos': 752, 'blk': None}: om1 0 pos 0 st1 0 fail1 0 t4 0 t4only 0 t2only 0 rtfail 0 [0.9 s]
#   unit {'pos': 753, 'blk': None}: om1 0 pos 0 st1 0 fail1 0 t4 0 t4only 0 t2only 0 rtfail 0 [0.9 s]
#   unit {'pos': 755, 'blk': None}: om1 0 pos 0 st1 0 fail1 0 t4 0 t4only 0 t2only 0 rtfail 0 [0.7 s]
#   unit {'pos': 754, 'blk': None}: om1 0 pos 0 st1 0 fail1 0 t4 0 t4only 0 t2only 0 rtfail 0 [0.9 s]
#   unit {'pos': 756, 'blk': None}: om1 0 pos 0 st1 0 fail1 0 t4 0 t4only 0 t2only 0 rtfail 0 [0.8 s]
#   unit {'pos': 758, 'blk': None}: om1 0 pos 0 st1 0 fail1 0 t4 0 t4only 0 t2only 0 rtfail 0 [0.7 s]
#   unit {'pos': 759, 'blk': None}: om1 0 pos 0 st1 0 fail1 0 t4 0 t4only 0 t2only 0 rtfail 0 [0.7 s]
#   unit {'pos': 757, 'blk': None}: om1 0 pos 0 st1 0 fail1 0 t4 0 t4only 0 t2only 0 rtfail 0 [0.9 s]
#   unit {'pos': 761, 'blk': None}: om1 0 pos 0 st1 0 fail1 0 t4 0 t4only 0 t2only 0 rtfail 0 [0.9 s]
#   unit {'pos': 760, 'blk': None}: om1 0 pos 0 st1 0 fail1 0 t4 0 t4only 0 t2only 0 rtfail 0 [1.1 s]
#   unit {'pos': 763, 'blk': None}: om1 0 pos 0 st1 0 fail1 0 t4 0 t4only 0 t2only 0 rtfail 0 [0.9 s]
#   unit {'pos': 762, 'blk': None}: om1 0 pos 0 st1 0 fail1 0 t4 0 t4only 0 t2only 0 rtfail 0 [1.1 s]
#   unit {'pos': 764, 'blk': None}: om1 0 pos 0 st1 0 fail1 0 t4 0 t4only 0 t2only 0 rtfail 0 [0.8 s]
#   unit {'pos': 765, 'blk': None}: om1 0 pos 0 st1 0 fail1 0 t4 0 t4only 0 t2only 0 rtfail 0 [0.8 s]
#   unit {'pos': 767, 'blk': None}: om1 0 pos 0 st1 0 fail1 0 t4 0 t4only 0 t2only 0 rtfail 0 [0.8 s]
#   unit {'pos': 766, 'blk': None}: om1 0 pos 0 st1 0 fail1 0 t4 0 t4only 0 t2only 0 rtfail 0 [0.9 s]
#   unit {'pos': 768, 'blk': None}: om1 0 pos 0 st1 0 fail1 0 t4 0 t4only 0 t2only 0 rtfail 0 [0.6 s]
#   unit {'pos': 769, 'blk': None}: om1 0 pos 0 st1 0 fail1 0 t4 0 t4only 0 t2only 0 rtfail 0 [1.0 s]
#   unit {'pos': 771, 'blk': None}: om1 0 pos 0 st1 0 fail1 0 t4 0 t4only 0 t2only 0 rtfail 0 [0.8 s]
#   unit {'pos': 770, 'blk': None}: om1 0 pos 0 st1 0 fail1 0 t4 0 t4only 0 t2only 0 rtfail 0 [0.9 s]
#   unit {'pos': 772, 'blk': None}: om1 0 pos 0 st1 0 fail1 0 t4 0 t4only 0 t2only 0 rtfail 0 [0.8 s]
#   unit {'pos': 773, 'blk': None}: om1 0 pos 0 st1 0 fail1 0 t4 0 t4only 0 t2only 0 rtfail 0 [0.6 s]
#   unit {'pos': 775, 'blk': None}: om1 0 pos 0 st1 0 fail1 0 t4 0 t4only 0 t2only 0 rtfail 0 [0.9 s]
#   unit {'pos': 774, 'blk': None}: om1 0 pos 0 st1 0 fail1 0 t4 0 t4only 0 t2only 0 rtfail 0 [0.9 s]
#   unit {'pos': 776, 'blk': None}: om1 0 pos 0 st1 0 fail1 0 t4 0 t4only 0 t2only 0 rtfail 0 [0.7 s]
#   unit {'pos': 777, 'blk': None}: om1 0 pos 0 st1 0 fail1 0 t4 0 t4only 0 t2only 0 rtfail 0 [0.7 s]
#   unit {'pos': 778, 'blk': None}: om1 0 pos 0 st1 0 fail1 0 t4 0 t4only 0 t2only 0 rtfail 0 [0.9 s]
#   unit {'pos': 779, 'blk': None}: om1 0 pos 0 st1 0 fail1 0 t4 0 t4only 0 t2only 0 rtfail 0 [0.9 s]
#   unit {'pos': 780, 'blk': None}: om1 0 pos 0 st1 0 fail1 0 t4 0 t4only 0 t2only 0 rtfail 0 [0.9 s]
#   unit {'pos': 781, 'blk': None}: om1 0 pos 0 st1 0 fail1 0 t4 0 t4only 0 t2only 0 rtfail 0 [0.9 s]
#   unit {'pos': 782, 'blk': None}: om1 0 pos 0 st1 0 fail1 0 t4 0 t4only 0 t2only 0 rtfail 0 [0.9 s]
#   unit {'pos': 783, 'blk': None}: om1 0 pos 0 st1 0 fail1 0 t4 0 t4only 0 t2only 0 rtfail 0 [1.0 s]
#   unit {'pos': 785, 'blk': None}: om1 0 pos 0 st1 0 fail1 0 t4 0 t4only 0 t2only 0 rtfail 0 [0.8 s]
#   unit {'pos': 784, 'blk': None}: om1 0 pos 0 st1 0 fail1 0 t4 0 t4only 0 t2only 0 rtfail 0 [1.0 s]
#   unit {'pos': 786, 'blk': None}: om1 0 pos 0 st1 0 fail1 0 t4 0 t4only 0 t2only 0 rtfail 0 [0.7 s]
#   unit {'pos': 787, 'blk': None}: om1 0 pos 0 st1 0 fail1 0 t4 0 t4only 0 t2only 0 rtfail 0 [0.7 s]
#   unit {'pos': 788, 'blk': None}: om1 0 pos 0 st1 0 fail1 0 t4 0 t4only 0 t2only 0 rtfail 0 [0.7 s]
#   unit {'pos': 789, 'blk': None}: om1 0 pos 0 st1 0 fail1 0 t4 0 t4only 0 t2only 0 rtfail 0 [0.7 s]
#   unit {'pos': 790, 'blk': None}: om1 0 pos 0 st1 0 fail1 0 t4 0 t4only 0 t2only 0 rtfail 0 [0.7 s]
#   unit {'pos': 791, 'blk': None}: om1 0 pos 0 st1 0 fail1 0 t4 0 t4only 0 t2only 0 rtfail 0 [0.6 s]
#   unit {'pos': 793, 'blk': None}: om1 0 pos 0 st1 0 fail1 0 t4 0 t4only 0 t2only 0 rtfail 0 [0.7 s]
#   unit {'pos': 792, 'blk': None}: om1 0 pos 0 st1 0 fail1 0 t4 0 t4only 0 t2only 0 rtfail 0 [0.7 s]
#   unit {'pos': 795, 'blk': None}: om1 0 pos 0 st1 0 fail1 0 t4 0 t4only 0 t2only 0 rtfail 0 [0.7 s]
#   unit {'pos': 794, 'blk': None}: om1 0 pos 0 st1 0 fail1 0 t4 0 t4only 0 t2only 0 rtfail 0 [1.0 s]
#   unit {'pos': 796, 'blk': None}: om1 0 pos 0 st1 0 fail1 0 t4 0 t4only 0 t2only 0 rtfail 0 [0.8 s]
#   unit {'pos': 797, 'blk': None}: om1 0 pos 0 st1 0 fail1 0 t4 0 t4only 0 t2only 0 rtfail 0 [1.0 s]
#   unit {'pos': 798, 'blk': None}: om1 0 pos 0 st1 0 fail1 0 t4 0 t4only 0 t2only 0 rtfail 0 [0.7 s]
#   unit {'pos': 799, 'blk': None}: om1 0 pos 0 st1 0 fail1 0 t4 0 t4only 0 t2only 0 rtfail 0 [0.7 s]
#   unit {'pos': 800, 'blk': None}: om1 0 pos 0 st1 0 fail1 0 t4 0 t4only 0 t2only 0 rtfail 0 [0.7 s]
#   unit {'pos': 801, 'blk': None}: om1 0 pos 0 st1 0 fail1 0 t4 0 t4only 0 t2only 0 rtfail 0 [0.8 s]
#   unit {'pos': 802, 'blk': None}: om1 0 pos 0 st1 0 fail1 0 t4 0 t4only 0 t2only 0 rtfail 0 [0.6 s]
#   unit {'pos': 803, 'blk': None}: om1 0 pos 0 st1 0 fail1 0 t4 0 t4only 0 t2only 0 rtfail 0 [0.6 s]
#   unit {'pos': 804, 'blk': None}: om1 0 pos 0 st1 0 fail1 0 t4 0 t4only 0 t2only 0 rtfail 0 [0.6 s]
#   unit {'pos': 805, 'blk': None}: om1 0 pos 0 st1 0 fail1 0 t4 0 t4only 0 t2only 0 rtfail 0 [0.7 s]
#   unit {'pos': 807, 'blk': None}: om1 0 pos 0 st1 0 fail1 0 t4 0 t4only 0 t2only 0 rtfail 0 [0.6 s]
#   unit {'pos': 806, 'blk': None}: om1 0 pos 0 st1 0 fail1 0 t4 0 t4only 0 t2only 0 rtfail 0 [0.8 s]
#   unit {'pos': 808, 'blk': None}: om1 0 pos 0 st1 0 fail1 0 t4 0 t4only 0 t2only 0 rtfail 0 [1.0 s]
#   unit {'pos': 809, 'blk': None}: om1 0 pos 0 st1 0 fail1 0 t4 0 t4only 0 t2only 0 rtfail 0 [0.7 s]
#   unit {'pos': 810, 'blk': None}: om1 0 pos 0 st1 0 fail1 0 t4 0 t4only 0 t2only 0 rtfail 0 [0.8 s]
#   unit {'pos': 811, 'blk': None}: om1 0 pos 0 st1 0 fail1 0 t4 0 t4only 0 t2only 0 rtfail 0 [0.8 s]
#   unit {'pos': 813, 'blk': None}: om1 0 pos 0 st1 0 fail1 0 t4 0 t4only 0 t2only 0 rtfail 0 [0.7 s]
#   unit {'pos': 812, 'blk': None}: om1 0 pos 0 st1 0 fail1 0 t4 0 t4only 0 t2only 0 rtfail 0 [0.9 s]
#   unit {'pos': 815, 'blk': None}: om1 0 pos 0 st1 0 fail1 0 t4 0 t4only 0 t2only 0 rtfail 0 [0.7 s]
#   unit {'pos': 814, 'blk': None}: om1 0 pos 0 st1 0 fail1 0 t4 0 t4only 0 t2only 0 rtfail 0 [0.9 s]
#   unit {'pos': 816, 'blk': None}: om1 0 pos 0 st1 0 fail1 0 t4 0 t4only 0 t2only 0 rtfail 0 [0.8 s]
#   unit {'pos': 817, 'blk': None}: om1 0 pos 0 st1 0 fail1 0 t4 0 t4only 0 t2only 0 rtfail 0 [0.9 s]
#   unit {'pos': 818, 'blk': None}: om1 0 pos 0 st1 0 fail1 0 t4 0 t4only 0 t2only 0 rtfail 0 [0.7 s]
#   unit {'pos': 819, 'blk': None}: om1 0 pos 0 st1 0 fail1 0 t4 0 t4only 0 t2only 0 rtfail 0 [0.8 s]
#   unit {'pos': 820, 'blk': None}: om1 0 pos 0 st1 0 fail1 0 t4 0 t4only 0 t2only 0 rtfail 0 [0.7 s]
#   unit {'pos': 822, 'blk': None}: om1 0 pos 0 st1 0 fail1 0 t4 0 t4only 0 t2only 0 rtfail 0 [0.6 s]
#   unit {'pos': 821, 'blk': None}: om1 0 pos 0 st1 0 fail1 0 t4 0 t4only 0 t2only 0 rtfail 0 [0.7 s]
#   unit {'pos': 824, 'blk': None}: om1 0 pos 0 st1 0 fail1 0 t4 0 t4only 0 t2only 0 rtfail 0 [0.7 s]
#   unit {'pos': 823, 'blk': None}: om1 0 pos 0 st1 0 fail1 0 t4 0 t4only 0 t2only 0 rtfail 0 [1.0 s]
#   unit {'pos': 825, 'blk': None}: om1 0 pos 0 st1 0 fail1 0 t4 0 t4only 0 t2only 0 rtfail 0 [0.6 s]
#   unit {'pos': 826, 'blk': None}: om1 0 pos 0 st1 0 fail1 0 t4 0 t4only 0 t2only 0 rtfail 0 [0.6 s]
#   unit {'pos': 829, 'blk': None}: om1 0 pos 0 st1 0 fail1 0 t4 0 t4only 0 t2only 0 rtfail 0 [0.7 s]
#   unit {'pos': 830, 'blk': None}: om1 0 pos 0 st1 0 fail1 0 t4 0 t4only 0 t2only 0 rtfail 0 [0.6 s]
#   unit {'pos': 827, 'blk': None}: om1 0 pos 0 st1 0 fail1 0 t4 0 t4only 0 t2only 0 rtfail 0 [0.8 s]
#   unit {'pos': 828, 'blk': None}: om1 0 pos 0 st1 0 fail1 0 t4 0 t4only 0 t2only 0 rtfail 0 [0.9 s]
#   unit {'pos': 832, 'blk': None}: om1 0 pos 0 st1 0 fail1 0 t4 0 t4only 0 t2only 0 rtfail 0 [0.7 s]
#   unit {'pos': 831, 'blk': None}: om1 0 pos 0 st1 0 fail1 0 t4 0 t4only 0 t2only 0 rtfail 0 [0.8 s]
#   unit {'pos': 833, 'blk': None}: om1 0 pos 0 st1 0 fail1 0 t4 0 t4only 0 t2only 0 rtfail 0 [0.8 s]
#   unit {'pos': 834, 'blk': None}: om1 0 pos 0 st1 0 fail1 0 t4 0 t4only 0 t2only 0 rtfail 0 [0.8 s]
#   unit {'pos': 836, 'blk': None}: om1 0 pos 0 st1 0 fail1 0 t4 0 t4only 0 t2only 0 rtfail 0 [0.6 s]
#   unit {'pos': 838, 'blk': None}: om1 525 pos 0 st1 0 fail1 0 t4 0 t4only 0 t2only 0 rtfail 0 [0.6 s]
#   unit {'pos': 837, 'blk': None}: om1 0 pos 0 st1 0 fail1 0 t4 0 t4only 0 t2only 0 rtfail 0 [0.7 s]
#   unit {'pos': 835, 'blk': None}: om1 0 pos 0 st1 0 fail1 0 t4 0 t4only 0 t2only 0 rtfail 0 [0.8 s]
#   unit {'pos': 839, 'blk': None}: om1 77 pos 0 st1 0 fail1 0 t4 0 t4only 0 t2only 0 rtfail 0 [0.6 s]
#   unit {'pos': 842, 'blk': None}: om1 0 pos 0 st1 0 fail1 0 t4 0 t4only 0 t2only 0 rtfail 0 [0.5 s]
#   unit {'pos': 840, 'blk': None}: om1 26 pos 0 st1 0 fail1 0 t4 0 t4only 0 t2only 0 rtfail 0 [0.6 s]
#   unit {'pos': 841, 'blk': None}: om1 0 pos 0 st1 0 fail1 0 t4 0 t4only 0 t2only 0 rtfail 0 [0.6 s]
#   unit {'pos': 843, 'blk': None}: om1 0 pos 0 st1 0 fail1 0 t4 0 t4only 0 t2only 0 rtfail 0 [0.6 s]
#   unit {'pos': 844, 'blk': None}: om1 102 pos 0 st1 0 fail1 0 t4 0 t4only 0 t2only 0 rtfail 0 [0.5 s]
#   unit {'pos': 845, 'blk': None}: om1 0 pos 0 st1 0 fail1 0 t4 0 t4only 0 t2only 0 rtfail 0 [0.6 s]
#   unit {'pos': 846, 'blk': None}: om1 0 pos 0 st1 0 fail1 0 t4 0 t4only 0 t2only 0 rtfail 0 [0.7 s]
#   unit {'pos': 849, 'blk': None}: om1 0 pos 0 st1 0 fail1 0 t4 0 t4only 0 t2only 0 rtfail 0 [0.6 s]
#   unit {'pos': 847, 'blk': None}: om1 229 pos 0 st1 0 fail1 0 t4 0 t4only 0 t2only 0 rtfail 0 [0.7 s]
#   unit {'pos': 848, 'blk': None}: om1 6 pos 0 st1 0 fail1 0 t4 0 t4only 0 t2only 0 rtfail 0 [0.7 s]
#   unit {'pos': 850, 'blk': None}: om1 0 pos 0 st1 0 fail1 0 t4 0 t4only 0 t2only 0 rtfail 0 [0.6 s]
#   unit {'pos': 851, 'blk': None}: om1 11 pos 0 st1 0 fail1 0 t4 0 t4only 0 t2only 0 rtfail 0 [0.6 s]
#   unit {'pos': 852, 'blk': None}: om1 0 pos 0 st1 0 fail1 0 t4 0 t4only 0 t2only 0 rtfail 0 [0.6 s]
#   unit {'pos': 853, 'blk': None}: om1 0 pos 0 st1 0 fail1 0 t4 0 t4only 0 t2only 0 rtfail 0 [0.6 s]
#   unit {'pos': 854, 'blk': None}: om1 0 pos 0 st1 0 fail1 0 t4 0 t4only 0 t2only 0 rtfail 0 [0.5 s]
#   unit {'pos': 855, 'blk': None}: om1 0 pos 0 st1 0 fail1 0 t4 0 t4only 0 t2only 0 rtfail 0 [0.6 s]
#   unit {'pos': 856, 'blk': None}: om1 0 pos 0 st1 0 fail1 0 t4 0 t4only 0 t2only 0 rtfail 0 [0.6 s]
#   unit {'pos': 858, 'blk': None}: om1 0 pos 0 st1 0 fail1 0 t4 0 t4only 0 t2only 0 rtfail 0 [0.6 s]
#   unit {'pos': 857, 'blk': None}: om1 0 pos 0 st1 0 fail1 0 t4 0 t4only 0 t2only 0 rtfail 0 [0.7 s]
#   unit {'pos': 859, 'blk': None}: om1 0 pos 0 st1 0 fail1 0 t4 0 t4only 0 t2only 0 rtfail 0 [0.6 s]
#   unit {'pos': 862, 'blk': None}: om1 0 pos 0 st1 0 fail1 0 t4 0 t4only 0 t2only 0 rtfail 0 [0.5 s]
#   unit {'pos': 860, 'blk': None}: om1 34 pos 0 st1 0 fail1 0 t4 0 t4only 0 t2only 0 rtfail 0 [0.7 s]
#   unit {'pos': 861, 'blk': None}: om1 8 pos 0 st1 0 fail1 0 t4 0 t4only 0 t2only 0 rtfail 0 [0.7 s]
#   unit {'pos': 863, 'blk': None}: om1 0 pos 0 st1 0 fail1 0 t4 0 t4only 0 t2only 0 rtfail 0 [0.5 s]
#   unit {'pos': 864, 'blk': None}: om1 0 pos 0 st1 0 fail1 0 t4 0 t4only 0 t2only 0 rtfail 0 [0.6 s]
#   unit {'pos': 866, 'blk': None}: om1 67 pos 0 st1 0 fail1 0 t4 0 t4only 0 t2only 0 rtfail 0 [0.6 s]
#   unit {'pos': 865, 'blk': None}: om1 0 pos 0 st1 0 fail1 0 t4 0 t4only 0 t2only 0 rtfail 0 [0.7 s]
#   unit {'pos': 867, 'blk': None}: om1 0 pos 0 st1 0 fail1 0 t4 0 t4only 0 t2only 0 rtfail 0 [0.4 s]
#   unit {'pos': 868, 'blk': None}: om1 2403 pos 0 st1 0 fail1 0 t4 0 t4only 0 t2only 0 rtfail 0 [0.6 s]
#   unit {'pos': 869, 'blk': None}: om1 2589 pos 0 st1 0 fail1 0 t4 0 t4only 0 t2only 0 rtfail 0 [0.6 s]
#   unit {'pos': 870, 'blk': None}: om1 4297 pos 0 st1 0 fail1 0 t4 0 t4only 0 t2only 0 rtfail 0 [0.7 s]
#   unit {'pos': 871, 'blk': None}: om1 4893 pos 0 st1 0 fail1 0 t4 0 t4only 0 t2only 0 rtfail 0 [0.7 s]
#   unit {'pos': 872, 'blk': None}: om1 4256 pos 0 st1 0 fail1 0 t4 0 t4only 0 t2only 0 rtfail 0 [0.7 s]
#   unit {'pos': 873, 'blk': None}: om1 3525 pos 0 st1 0 fail1 0 t4 0 t4only 0 t2only 0 rtfail 0 [0.7 s]
#   unit {'pos': 874, 'blk': None}: om1 3014 pos 0 st1 0 fail1 0 t4 0 t4only 0 t2only 0 rtfail 0 [0.7 s]
#   unit {'pos': 875, 'blk': None}: om1 1218 pos 0 st1 0 fail1 0 t4 0 t4only 0 t2only 0 rtfail 0 [0.6 s]
#   unit {'pos': 876, 'blk': None}: om1 1856 pos 0 st1 0 fail1 0 t4 0 t4only 0 t2only 0 rtfail 0 [0.6 s]
#   unit {'pos': 877, 'blk': None}: om1 828 pos 0 st1 0 fail1 0 t4 0 t4only 0 t2only 0 rtfail 0 [0.6 s]
#   unit {'pos': 878, 'blk': None}: om1 1963 pos 0 st1 0 fail1 0 t4 0 t4only 0 t2only 0 rtfail 0 [0.6 s]
#   unit {'pos': 879, 'blk': None}: om1 1494 pos 0 st1 0 fail1 0 t4 0 t4only 0 t2only 0 rtfail 0 [0.6 s]
#   unit {'pos': 880, 'blk': None}: om1 1241 pos 0 st1 0 fail1 0 t4 0 t4only 0 t2only 0 rtfail 0 [0.7 s]
#   unit {'pos': 881, 'blk': None}: om1 3887 pos 34 st1 34 fail1 0 t4 0 t4only 0 t2only 0 rtfail 0 [0.7 s]
#   unit {'pos': 882, 'blk': None}: om1 3763 pos 66 st1 66 fail1 0 t4 0 t4only 0 t2only 0 rtfail 0 [0.7 s]
#   unit {'pos': 883, 'blk': None}: om1 1574 pos 64 st1 64 fail1 0 t4 0 t4only 0 t2only 0 rtfail 0 [0.7 s]
#   unit {'pos': 884, 'blk': None}: om1 1526 pos 0 st1 0 fail1 0 t4 0 t4only 0 t2only 0 rtfail 0 [0.8 s]
#   unit {'pos': 885, 'blk': None}: om1 2477 pos 26 st1 26 fail1 0 t4 0 t4only 0 t2only 0 rtfail 0 [0.8 s]
#   unit {'pos': 886, 'blk': None}: om1 2096 pos 0 st1 0 fail1 0 t4 0 t4only 0 t2only 0 rtfail 0 [0.8 s]
#   unit {'pos': 887, 'blk': None}: om1 1273 pos 26 st1 26 fail1 0 t4 0 t4only 0 t2only 0 rtfail 0 [0.7 s]
#   unit {'pos': 888, 'blk': None}: om1 1019 pos 35 st1 35 fail1 0 t4 0 t4only 0 t2only 0 rtfail 0 [0.7 s]
#   unit {'pos': 889, 'blk': None}: om1 0 pos 0 st1 0 fail1 0 t4 0 t4only 0 t2only 0 rtfail 0 [0.6 s]
#   unit {'pos': 891, 'blk': None}: om1 385 pos 0 st1 0 fail1 0 t4 0 t4only 0 t2only 0 rtfail 0 [0.6 s]
#   unit {'pos': 890, 'blk': None}: om1 1224 pos 16 st1 16 fail1 0 t4 0 t4only 0 t2only 0 rtfail 0 [0.6 s]
#   unit {'pos': 893, 'blk': None}: om1 2601 pos 0 st1 0 fail1 0 t4 0 t4only 0 t2only 0 rtfail 0 [0.6 s]
#   unit {'pos': 892, 'blk': None}: om1 3147 pos 0 st1 0 fail1 0 t4 0 t4only 0 t2only 0 rtfail 0 [0.7 s]
#   unit {'pos': 894, 'blk': None}: om1 424 pos 0 st1 0 fail1 0 t4 0 t4only 0 t2only 0 rtfail 0 [0.6 s]
#   unit {'pos': 895, 'blk': None}: om1 1369 pos 20 st1 20 fail1 0 t4 0 t4only 0 t2only 0 rtfail 0 [0.7 s]
#   unit {'pos': 897, 'blk': None}: om1 657 pos 0 st1 0 fail1 0 t4 0 t4only 0 t2only 0 rtfail 0 [0.6 s]
#   unit {'pos': 898, 'blk': None}: om1 637 pos 0 st1 0 fail1 0 t4 0 t4only 0 t2only 0 rtfail 0 [0.6 s]
#   unit {'pos': 896, 'blk': None}: om1 880 pos 0 st1 0 fail1 0 t4 0 t4only 0 t2only 0 rtfail 0 [0.7 s]
#   unit {'pos': 899, 'blk': None}: om1 1595 pos 0 st1 0 fail1 0 t4 0 t4only 0 t2only 0 rtfail 0 [0.6 s]
#   unit {'pos': 901, 'blk': None}: om1 2246 pos 0 st1 0 fail1 0 t4 0 t4only 0 t2only 0 rtfail 0 [0.5 s]
#   unit {'pos': 900, 'blk': None}: om1 3535 pos 0 st1 0 fail1 0 t4 0 t4only 0 t2only 0 rtfail 0 [0.6 s]
#   unit {'pos': 903, 'blk': None}: om1 2199 pos 0 st1 0 fail1 0 t4 0 t4only 0 t2only 0 rtfail 0 [0.6 s]
#   unit {'pos': 902, 'blk': None}: om1 3813 pos 0 st1 0 fail1 0 t4 0 t4only 0 t2only 0 rtfail 0 [0.6 s]
#   unit {'pos': 904, 'blk': None}: om1 3875 pos 0 st1 0 fail1 0 t4 0 t4only 0 t2only 0 rtfail 0 [0.6 s]
#   unit {'pos': 905, 'blk': None}: om1 2804 pos 0 st1 0 fail1 0 t4 0 t4only 0 t2only 0 rtfail 0 [0.6 s]
#   unit {'pos': 906, 'blk': None}: om1 2588 pos 0 st1 0 fail1 0 t4 0 t4only 0 t2only 0 rtfail 0 [0.6 s]
#   unit {'pos': 907, 'blk': None}: om1 2176 pos 0 st1 0 fail1 0 t4 0 t4only 0 t2only 0 rtfail 0 [0.7 s]
#   unit {'pos': 909, 'blk': None}: om1 2646 pos 0 st1 0 fail1 0 t4 0 t4only 0 t2only 0 rtfail 0 [0.6 s]
#   unit {'pos': 908, 'blk': None}: om1 4240 pos 24 st1 24 fail1 0 t4 0 t4only 0 t2only 0 rtfail 0 [0.8 s]
#   unit {'pos': 911, 'blk': None}: om1 806 pos 0 st1 0 fail1 0 t4 0 t4only 0 t2only 0 rtfail 0 [0.6 s]
#   unit {'pos': 910, 'blk': None}: om1 3576 pos 0 st1 0 fail1 0 t4 0 t4only 0 t2only 0 rtfail 0 [0.7 s]
#   unit {'pos': 912, 'blk': None}: om1 1139 pos 0 st1 0 fail1 0 t4 0 t4only 0 t2only 0 rtfail 0 [0.6 s]
#   unit {'pos': 913, 'blk': None}: om1 341 pos 0 st1 0 fail1 0 t4 0 t4only 0 t2only 0 rtfail 0 [0.6 s]
#   unit {'pos': 914, 'blk': None}: om1 1121 pos 0 st1 0 fail1 0 t4 0 t4only 0 t2only 0 rtfail 0 [0.7 s]
#   unit {'pos': 915, 'blk': None}: om1 0 pos 0 st1 0 fail1 0 t4 0 t4only 0 t2only 0 rtfail 0 [0.7 s]
#   unit {'pos': 916, 'blk': None}: om1 48 pos 0 st1 0 fail1 0 t4 0 t4only 0 t2only 0 rtfail 0 [0.6 s]
#   unit {'pos': 917, 'blk': None}: om1 795 pos 0 st1 0 fail1 0 t4 0 t4only 0 t2only 0 rtfail 0 [0.6 s]
#   unit {'pos': 919, 'blk': None}: om1 1636 pos 0 st1 0 fail1 0 t4 0 t4only 0 t2only 0 rtfail 0 [0.8 s]
#   unit {'pos': 918, 'blk': None}: om1 142 pos 0 st1 0 fail1 0 t4 0 t4only 0 t2only 0 rtfail 0 [0.8 s]
#   unit {'pos': 920, 'blk': None}: om1 234 pos 0 st1 0 fail1 0 t4 0 t4only 0 t2only 0 rtfail 0 [0.8 s]
#   unit {'pos': 921, 'blk': None}: om1 461 pos 0 st1 0 fail1 0 t4 0 t4only 0 t2only 0 rtfail 0 [0.7 s]
#   unit {'pos': 922, 'blk': None}: om1 768 pos 54 st1 54 fail1 0 t4 0 t4only 0 t2only 0 rtfail 0 [0.6 s]
#   unit {'pos': 923, 'blk': None}: om1 506 pos 0 st1 0 fail1 0 t4 0 t4only 0 t2only 0 rtfail 0 [0.7 s]
#   unit {'pos': 924, 'blk': None}: om1 489 pos 0 st1 0 fail1 0 t4 0 t4only 0 t2only 0 rtfail 0 [0.6 s]
#   unit {'pos': 925, 'blk': None}: om1 1050 pos 68 st1 68 fail1 0 t4 0 t4only 0 t2only 0 rtfail 0 [0.6 s]
#   unit {'pos': 926, 'blk': None}: om1 203 pos 0 st1 0 fail1 0 t4 0 t4only 0 t2only 0 rtfail 0 [0.5 s]
#   unit {'pos': 927, 'blk': None}: om1 716 pos 0 st1 0 fail1 0 t4 0 t4only 0 t2only 0 rtfail 0 [0.6 s]
#   unit {'pos': 928, 'blk': None}: om1 264 pos 0 st1 0 fail1 0 t4 0 t4only 0 t2only 0 rtfail 0 [0.7 s]
#   unit {'pos': 929, 'blk': None}: om1 265 pos 0 st1 0 fail1 0 t4 0 t4only 0 t2only 0 rtfail 0 [0.7 s]
#   unit {'pos': 931, 'blk': None}: om1 121 pos 0 st1 0 fail1 0 t4 0 t4only 0 t2only 0 rtfail 0 [0.6 s]
#   unit {'pos': 930, 'blk': None}: om1 381 pos 0 st1 0 fail1 0 t4 0 t4only 0 t2only 0 rtfail 0 [0.8 s]
#   unit {'pos': 932, 'blk': None}: om1 0 pos 0 st1 0 fail1 0 t4 0 t4only 0 t2only 0 rtfail 0 [0.6 s]
#   unit {'pos': 933, 'blk': None}: om1 1129 pos 64 st1 64 fail1 0 t4 0 t4only 0 t2only 0 rtfail 0 [0.6 s]
#   unit {'pos': 934, 'blk': None}: om1 934 pos 44 st1 44 fail1 0 t4 0 t4only 0 t2only 0 rtfail 0 [0.6 s]
#   unit {'pos': 935, 'blk': None}: om1 469 pos 0 st1 0 fail1 0 t4 0 t4only 0 t2only 0 rtfail 0 [0.7 s]
#   unit {'pos': 936, 'blk': None}: om1 479 pos 0 st1 0 fail1 0 t4 0 t4only 0 t2only 0 rtfail 0 [0.6 s]
#   unit {'pos': 937, 'blk': None}: om1 272 pos 0 st1 0 fail1 0 t4 0 t4only 0 t2only 0 rtfail 0 [0.6 s]
#   unit {'pos': 938, 'blk': None}: om1 138 pos 0 st1 0 fail1 0 t4 0 t4only 0 t2only 0 rtfail 0 [0.6 s]
#   unit {'pos': 939, 'blk': None}: om1 0 pos 0 st1 0 fail1 0 t4 0 t4only 0 t2only 0 rtfail 0 [0.7 s]
#   unit {'pos': 941, 'blk': None}: om1 0 pos 0 st1 0 fail1 0 t4 0 t4only 0 t2only 0 rtfail 0 [0.6 s]
#   unit {'pos': 940, 'blk': None}: om1 471 pos 0 st1 0 fail1 0 t4 0 t4only 0 t2only 0 rtfail 0 [0.7 s]
#   unit {'pos': 942, 'blk': None}: om1 32 pos 0 st1 0 fail1 0 t4 0 t4only 0 t2only 0 rtfail 0 [0.7 s]
#   unit {'pos': 943, 'blk': None}: om1 43 pos 0 st1 0 fail1 0 t4 0 t4only 0 t2only 0 rtfail 0 [0.7 s]
#   unit {'pos': 944, 'blk': None}: om1 201 pos 0 st1 0 fail1 0 t4 0 t4only 0 t2only 0 rtfail 0 [0.6 s]
#   unit {'pos': 945, 'blk': None}: om1 0 pos 0 st1 0 fail1 0 t4 0 t4only 0 t2only 0 rtfail 0 [0.6 s]
#   unit {'pos': 946, 'blk': None}: om1 205 pos 0 st1 0 fail1 0 t4 0 t4only 0 t2only 0 rtfail 0 [0.7 s]
#   unit {'pos': 948, 'blk': None}: om1 214 pos 0 st1 0 fail1 0 t4 0 t4only 0 t2only 0 rtfail 0 [0.6 s]
#   unit {'pos': 949, 'blk': None}: om1 197 pos 0 st1 0 fail1 0 t4 0 t4only 0 t2only 0 rtfail 0 [0.6 s]
#   unit {'pos': 947, 'blk': None}: om1 390 pos 0 st1 0 fail1 0 t4 0 t4only 0 t2only 0 rtfail 0 [0.8 s]
#   unit {'pos': 950, 'blk': None}: om1 0 pos 0 st1 0 fail1 0 t4 0 t4only 0 t2only 0 rtfail 0 [0.6 s]
#   unit {'pos': 951, 'blk': None}: om1 49 pos 0 st1 0 fail1 0 t4 0 t4only 0 t2only 0 rtfail 0 [0.6 s]
#   unit {'pos': 952, 'blk': None}: om1 0 pos 0 st1 0 fail1 0 t4 0 t4only 0 t2only 0 rtfail 0 [0.6 s]
#   unit {'pos': 953, 'blk': None}: om1 32 pos 0 st1 0 fail1 0 t4 0 t4only 0 t2only 0 rtfail 0 [0.6 s]
#   unit {'pos': 955, 'blk': None}: om1 1186 pos 0 st1 0 fail1 0 t4 0 t4only 0 t2only 0 rtfail 0 [0.7 s]
#   unit {'pos': 954, 'blk': None}: om1 43 pos 0 st1 0 fail1 0 t4 0 t4only 0 t2only 0 rtfail 0 [0.9 s]
#   unit {'pos': 956, 'blk': None}: om1 259 pos 0 st1 0 fail1 0 t4 0 t4only 0 t2only 0 rtfail 0 [0.7 s]
#   unit {'pos': 957, 'blk': None}: om1 106 pos 0 st1 0 fail1 0 t4 0 t4only 0 t2only 0 rtfail 0 [0.7 s]
#   unit {'pos': 958, 'blk': None}: om1 0 pos 0 st1 0 fail1 0 t4 0 t4only 0 t2only 0 rtfail 0 [0.7 s]
#   unit {'pos': 961, 'blk': None}: om1 267 pos 0 st1 0 fail1 0 t4 0 t4only 0 t2only 0 rtfail 0 [0.6 s]
#   unit {'pos': 960, 'blk': None}: om1 0 pos 0 st1 0 fail1 0 t4 0 t4only 0 t2only 0 rtfail 0 [0.7 s]
#   unit {'pos': 959, 'blk': None}: om1 0 pos 0 st1 0 fail1 0 t4 0 t4only 0 t2only 0 rtfail 0 [0.9 s]
#   unit {'pos': 962, 'blk': None}: om1 112 pos 0 st1 0 fail1 0 t4 0 t4only 0 t2only 0 rtfail 0 [0.7 s]
#   unit {'pos': 963, 'blk': None}: om1 732 pos 8 st1 8 fail1 0 t4 0 t4only 0 t2only 0 rtfail 0 [0.6 s]
#   unit {'pos': 964, 'blk': None}: om1 578 pos 19 st1 19 fail1 0 t4 0 t4only 0 t2only 0 rtfail 0 [0.7 s]
#   unit {'pos': 965, 'blk': None}: om1 227 pos 0 st1 0 fail1 0 t4 0 t4only 0 t2only 0 rtfail 0 [0.7 s]
#   unit {'pos': 967, 'blk': None}: om1 213 pos 0 st1 0 fail1 0 t4 0 t4only 0 t2only 0 rtfail 0 [0.6 s]
#   unit {'pos': 966, 'blk': None}: om1 231 pos 0 st1 0 fail1 0 t4 0 t4only 0 t2only 0 rtfail 0 [0.8 s]
#   unit {'pos': 968, 'blk': None}: om1 49 pos 0 st1 0 fail1 0 t4 0 t4only 0 t2only 0 rtfail 0 [0.7 s]
#   unit {'pos': 969, 'blk': None}: om1 63 pos 0 st1 0 fail1 0 t4 0 t4only 0 t2only 0 rtfail 0 [0.6 s]
#   unit {'pos': 971, 'blk': None}: om1 0 pos 0 st1 0 fail1 0 t4 0 t4only 0 t2only 0 rtfail 0 [0.6 s]
#   unit {'pos': 970, 'blk': None}: om1 189 pos 0 st1 0 fail1 0 t4 0 t4only 0 t2only 0 rtfail 0 [0.7 s]
#   unit {'pos': 972, 'blk': None}: om1 0 pos 0 st1 0 fail1 0 t4 0 t4only 0 t2only 0 rtfail 0 [0.6 s]
#   unit {'pos': 973, 'blk': None}: om1 0 pos 0 st1 0 fail1 0 t4 0 t4only 0 t2only 0 rtfail 0 [0.6 s]
#   unit {'pos': 975, 'blk': None}: om1 684 pos 0 st1 0 fail1 0 t4 0 t4only 0 t2only 0 rtfail 0 [0.6 s]
#   unit {'pos': 974, 'blk': None}: om1 117 pos 0 st1 0 fail1 0 t4 0 t4only 0 t2only 0 rtfail 0 [0.7 s]
#   unit {'pos': 976, 'blk': None}: om1 47 pos 0 st1 0 fail1 0 t4 0 t4only 0 t2only 0 rtfail 0 [0.7 s]
#   unit {'pos': 977, 'blk': None}: om1 0 pos 0 st1 0 fail1 0 t4 0 t4only 0 t2only 0 rtfail 0 [0.6 s]
#   unit {'pos': 978, 'blk': None}: om1 91 pos 0 st1 0 fail1 0 t4 0 t4only 0 t2only 0 rtfail 0 [0.6 s]
#   unit {'pos': 979, 'blk': None}: om1 1195 pos 0 st1 0 fail1 0 t4 0 t4only 0 t2only 0 rtfail 0 [0.6 s]
#   unit {'pos': 981, 'blk': None}: om1 72 pos 0 st1 0 fail1 0 t4 0 t4only 0 t2only 0 rtfail 0 [0.6 s]
#   unit {'pos': 980, 'blk': None}: om1 455 pos 0 st1 0 fail1 0 t4 0 t4only 0 t2only 0 rtfail 0 [0.6 s]
#   unit {'pos': 982, 'blk': None}: om1 137 pos 0 st1 0 fail1 0 t4 0 t4only 0 t2only 0 rtfail 0 [0.6 s]
#   unit {'pos': 984, 'blk': None}: om1 2312 pos 0 st1 0 fail1 0 t4 0 t4only 0 t2only 0 rtfail 0 [0.5 s]
#   unit {'pos': 983, 'blk': None}: om1 48 pos 0 st1 0 fail1 0 t4 0 t4only 0 t2only 0 rtfail 0 [0.6 s]
#   unit {'pos': 985, 'blk': None}: om1 3978 pos 0 st1 0 fail1 0 t4 0 t4only 0 t2only 0 rtfail 0 [0.6 s]
#   unit {'pos': 986, 'blk': None}: om1 3628 pos 0 st1 0 fail1 0 t4 0 t4only 0 t2only 0 rtfail 0 [0.6 s]
#   unit {'pos': 987, 'blk': None}: om1 1645 pos 0 st1 0 fail1 0 t4 0 t4only 0 t2only 0 rtfail 0 [0.6 s]
#   unit {'pos': 988, 'blk': None}: om1 1519 pos 0 st1 0 fail1 0 t4 0 t4only 0 t2only 0 rtfail 0 [0.6 s]
#   unit {'pos': 989, 'blk': None}: om1 0 pos 0 st1 0 fail1 0 t4 0 t4only 0 t2only 0 rtfail 0 [0.6 s]
#   unit {'pos': 992, 'blk': None}: om1 489 pos 0 st1 0 fail1 0 t4 0 t4only 0 t2only 0 rtfail 0 [0.6 s]
#   unit {'pos': 991, 'blk': None}: om1 296 pos 0 st1 0 fail1 0 t4 0 t4only 0 t2only 0 rtfail 0 [0.7 s]
#   unit {'pos': 990, 'blk': None}: om1 696 pos 0 st1 0 fail1 0 t4 0 t4only 0 t2only 0 rtfail 0 [0.7 s]
#   unit {'pos': 993, 'blk': None}: om1 594 pos 0 st1 0 fail1 0 t4 0 t4only 0 t2only 0 rtfail 0 [0.7 s]
#   unit {'pos': 994, 'blk': None}: om1 389 pos 0 st1 0 fail1 0 t4 0 t4only 0 t2only 0 rtfail 0 [0.6 s]
#   unit {'pos': 995, 'blk': None}: om1 449 pos 0 st1 0 fail1 0 t4 0 t4only 0 t2only 0 rtfail 0 [0.7 s]
#   unit {'pos': 996, 'blk': None}: om1 1822 pos 0 st1 0 fail1 0 t4 0 t4only 0 t2only 0 rtfail 0 [0.7 s]
#   unit {'pos': 997, 'blk': None}: om1 721 pos 0 st1 0 fail1 0 t4 0 t4only 0 t2only 0 rtfail 0 [0.6 s]
#   unit {'pos': 998, 'blk': None}: om1 1107 pos 0 st1 0 fail1 0 t4 0 t4only 0 t2only 0 rtfail 0 [0.6 s]
#   unit {'pos': 999, 'blk': None}: om1 337 pos 0 st1 0 fail1 0 t4 0 t4only 0 t2only 0 rtfail 0 [0.6 s]
#   unit {'pos': 1000, 'blk': None}: om1 2086 pos 0 st1 0 fail1 0 t4 0 t4only 0 t2only 0 rtfail 0 [0.6 s]
#   unit {'pos': 1001, 'blk': None}: om1 1609 pos 0 st1 0 fail1 0 t4 0 t4only 0 t2only 0 rtfail 0 [0.6 s]
#   unit {'pos': 1002, 'blk': None}: om1 0 pos 0 st1 0 fail1 0 t4 0 t4only 0 t2only 0 rtfail 0 [0.6 s]
#   unit {'pos': 1003, 'blk': None}: om1 1931 pos 0 st1 0 fail1 0 t4 0 t4only 0 t2only 0 rtfail 0 [0.6 s]
#   unit {'pos': 1005, 'blk': None}: om1 1717 pos 0 st1 0 fail1 0 t4 0 t4only 0 t2only 0 rtfail 0 [0.6 s]
#   unit {'pos': 1004, 'blk': None}: om1 564 pos 0 st1 0 fail1 0 t4 0 t4only 0 t2only 0 rtfail 0 [0.7 s]
#   unit {'pos': 1007, 'blk': None}: om1 1004 pos 0 st1 0 fail1 0 t4 0 t4only 0 t2only 0 rtfail 0 [0.6 s]
#   unit {'pos': 1006, 'blk': None}: om1 463 pos 0 st1 0 fail1 0 t4 0 t4only 0 t2only 0 rtfail 0 [0.7 s]
#   unit {'pos': 1008, 'blk': None}: om1 389 pos 0 st1 0 fail1 0 t4 0 t4only 0 t2only 0 rtfail 0 [0.6 s]
#   unit {'pos': 1009, 'blk': None}: om1 562 pos 0 st1 0 fail1 0 t4 0 t4only 0 t2only 0 rtfail 0 [0.7 s]
#   unit {'pos': 1011, 'blk': None}: om1 1670 pos 0 st1 0 fail1 0 t4 0 t4only 0 t2only 0 rtfail 0 [0.7 s]
#   unit {'pos': 1012, 'blk': None}: om1 436 pos 0 st1 0 fail1 0 t4 0 t4only 0 t2only 0 rtfail 0 [0.7 s]
#   unit {'pos': 1010, 'blk': None}: om1 1565 pos 0 st1 0 fail1 0 t4 0 t4only 0 t2only 0 rtfail 0 [0.7 s]
#   unit {'pos': 1013, 'blk': None}: om1 1547 pos 0 st1 0 fail1 0 t4 0 t4only 0 t2only 0 rtfail 0 [0.7 s]
#   unit {'pos': 1015, 'blk': None}: om1 1035 pos 0 st1 0 fail1 0 t4 0 t4only 0 t2only 0 rtfail 0 [0.7 s]
#   unit {'pos': 1017, 'blk': None}: om1 385 pos 0 st1 0 fail1 0 t4 0 t4only 0 t2only 0 rtfail 0 [0.6 s]
#   unit {'pos': 1016, 'blk': None}: om1 0 pos 0 st1 0 fail1 0 t4 0 t4only 0 t2only 0 rtfail 0 [0.7 s]
#   unit {'pos': 1014, 'blk': None}: om1 191 pos 0 st1 0 fail1 0 t4 0 t4only 0 t2only 0 rtfail 0 [0.7 s]
#   unit {'pos': 1020, 'blk': None}: om1 1213 pos 0 st1 0 fail1 0 t4 0 t4only 0 t2only 0 rtfail 0 [0.6 s]
#   unit {'pos': 1019, 'blk': None}: om1 0 pos 0 st1 0 fail1 0 t4 0 t4only 0 t2only 0 rtfail 0 [0.7 s]
#   unit {'pos': 1018, 'blk': None}: om1 290 pos 0 st1 0 fail1 0 t4 0 t4only 0 t2only 0 rtfail 0 [0.7 s]
#   unit {'pos': 1021, 'blk': None}: om1 79 pos 0 st1 0 fail1 0 t4 0 t4only 0 t2only 0 rtfail 0 [0.7 s]
#   unit {'pos': 1022, 'blk': None}: om1 0 pos 0 st1 0 fail1 0 t4 0 t4only 0 t2only 0 rtfail 0 [0.6 s]
#   unit {'pos': 1025, 'blk': None}: om1 296 pos 0 st1 0 fail1 0 t4 0 t4only 0 t2only 0 rtfail 0 [0.6 s]
#   unit {'pos': 1023, 'blk': None}: om1 18 pos 0 st1 0 fail1 0 t4 0 t4only 0 t2only 0 rtfail 0 [0.6 s]
#   unit {'pos': 1024, 'blk': None}: om1 0 pos 0 st1 0 fail1 0 t4 0 t4only 0 t2only 0 rtfail 0 [0.7 s]
#   unit {'pos': 1026, 'blk': None}: om1 21 pos 0 st1 0 fail1 0 t4 0 t4only 0 t2only 0 rtfail 0 [0.6 s]
#   unit {'pos': 1027, 'blk': None}: om1 49 pos 0 st1 0 fail1 0 t4 0 t4only 0 t2only 0 rtfail 0 [0.6 s]
#   unit {'pos': 1029, 'blk': None}: om1 56 pos 0 st1 0 fail1 0 t4 0 t4only 0 t2only 0 rtfail 0 [0.6 s]
#   unit {'pos': 1028, 'blk': None}: om1 88 pos 0 st1 0 fail1 0 t4 0 t4only 0 t2only 0 rtfail 0 [0.8 s]
#   unit {'pos': 1030, 'blk': None}: om1 0 pos 0 st1 0 fail1 0 t4 0 t4only 0 t2only 0 rtfail 0 [0.8 s]
#   unit {'pos': 1031, 'blk': None}: om1 0 pos 0 st1 0 fail1 0 t4 0 t4only 0 t2only 0 rtfail 0 [0.8 s]
#   unit {'pos': 1033, 'blk': None}: om1 29 pos 0 st1 0 fail1 0 t4 0 t4only 0 t2only 0 rtfail 0 [0.7 s]
#   unit {'pos': 1032, 'blk': None}: om1 0 pos 0 st1 0 fail1 0 t4 0 t4only 0 t2only 0 rtfail 0 [0.8 s]
#   unit {'pos': 1034, 'blk': None}: om1 26 pos 0 st1 0 fail1 0 t4 0 t4only 0 t2only 0 rtfail 0 [0.7 s]
#   unit {'pos': 1035, 'blk': None}: om1 0 pos 0 st1 0 fail1 0 t4 0 t4only 0 t2only 0 rtfail 0 [0.7 s]
#   unit {'pos': 1036, 'blk': None}: om1 0 pos 0 st1 0 fail1 0 t4 0 t4only 0 t2only 0 rtfail 0 [0.8 s]
#   unit {'pos': 1037, 'blk': None}: om1 28 pos 0 st1 0 fail1 0 t4 0 t4only 0 t2only 0 rtfail 0 [0.7 s]
#   unit {'pos': 1038, 'blk': None}: om1 0 pos 0 st1 0 fail1 0 t4 0 t4only 0 t2only 0 rtfail 0 [0.7 s]
#   unit {'pos': 1041, 'blk': None}: om1 0 pos 0 st1 0 fail1 0 t4 0 t4only 0 t2only 0 rtfail 0 [0.7 s]
#   unit {'pos': 1039, 'blk': None}: om1 0 pos 0 st1 0 fail1 0 t4 0 t4only 0 t2only 0 rtfail 0 [0.8 s]
#   unit {'pos': 1040, 'blk': None}: om1 0 pos 0 st1 0 fail1 0 t4 0 t4only 0 t2only 0 rtfail 0 [0.7 s]
#   unit {'pos': 1042, 'blk': None}: om1 0 pos 0 st1 0 fail1 0 t4 0 t4only 0 t2only 0 rtfail 0 [0.7 s]
#   unit {'pos': 1044, 'blk': None}: om1 269 pos 0 st1 0 fail1 0 t4 0 t4only 0 t2only 0 rtfail 0 [0.6 s]
#   unit {'pos': 1045, 'blk': None}: om1 54 pos 0 st1 0 fail1 0 t4 0 t4only 0 t2only 0 rtfail 0 [0.7 s]
#   unit {'pos': 1043, 'blk': None}: om1 630 pos 0 st1 0 fail1 0 t4 0 t4only 0 t2only 0 rtfail 0 [0.7 s]
#   unit {'pos': 1046, 'blk': None}: om1 82 pos 0 st1 0 fail1 0 t4 0 t4only 0 t2only 0 rtfail 0 [0.7 s]
#   unit {'pos': 1048, 'blk': None}: om1 0 pos 0 st1 0 fail1 0 t4 0 t4only 0 t2only 0 rtfail 0 [0.7 s]
#   unit {'pos': 1047, 'blk': None}: om1 86 pos 0 st1 0 fail1 0 t4 0 t4only 0 t2only 0 rtfail 0 [0.9 s]
#   unit {'pos': 1049, 'blk': None}: om1 183 pos 0 st1 0 fail1 0 t4 0 t4only 0 t2only 0 rtfail 0 [0.9 s]
#   unit {'pos': 1050, 'blk': None}: om1 0 pos 0 st1 0 fail1 0 t4 0 t4only 0 t2only 0 rtfail 0 [0.6 s]
#   unit {'pos': 1051, 'blk': None}: om1 214 pos 0 st1 0 fail1 0 t4 0 t4only 0 t2only 0 rtfail 0 [0.8 s]
#   unit {'pos': 1052, 'blk': None}: om1 0 pos 0 st1 0 fail1 0 t4 0 t4only 0 t2only 0 rtfail 0 [0.7 s]
#   unit {'pos': 1053, 'blk': None}: om1 48 pos 0 st1 0 fail1 0 t4 0 t4only 0 t2only 0 rtfail 0 [0.7 s]
#   unit {'pos': 1054, 'blk': None}: om1 0 pos 0 st1 0 fail1 0 t4 0 t4only 0 t2only 0 rtfail 0 [0.8 s]
#   unit {'pos': 1056, 'blk': None}: om1 483 pos 8 st1 8 fail1 0 t4 0 t4only 0 t2only 0 rtfail 0 [0.6 s]
#   unit {'pos': 1057, 'blk': None}: om1 425 pos 5 st1 5 fail1 0 t4 0 t4only 0 t2only 0 rtfail 0 [0.7 s]
#   unit {'pos': 1055, 'blk': None}: om1 0 pos 0 st1 0 fail1 0 t4 0 t4only 0 t2only 0 rtfail 0 [0.9 s]
#   unit {'pos': 1058, 'blk': None}: om1 187 pos 0 st1 0 fail1 0 t4 0 t4only 0 t2only 0 rtfail 0 [0.7 s]
#   unit {'pos': 1059, 'blk': None}: om1 191 pos 0 st1 0 fail1 0 t4 0 t4only 0 t2only 0 rtfail 0 [0.7 s]
#   unit {'pos': 1060, 'blk': None}: om1 195 pos 0 st1 0 fail1 0 t4 0 t4only 0 t2only 0 rtfail 0 [0.6 s]
#   unit {'pos': 1061, 'blk': None}: om1 189 pos 0 st1 0 fail1 0 t4 0 t4only 0 t2only 0 rtfail 0 [0.8 s]
#   unit {'pos': 1062, 'blk': None}: om1 34 pos 0 st1 0 fail1 0 t4 0 t4only 0 t2only 0 rtfail 0 [0.7 s]
#   unit {'pos': 1063, 'blk': None}: om1 46 pos 0 st1 0 fail1 0 t4 0 t4only 0 t2only 0 rtfail 0 [0.6 s]
#   unit {'pos': 1064, 'blk': None}: om1 157 pos 0 st1 0 fail1 0 t4 0 t4only 0 t2only 0 rtfail 0 [0.8 s]
#   unit {'pos': 1065, 'blk': None}: om1 0 pos 0 st1 0 fail1 0 t4 0 t4only 0 t2only 0 rtfail 0 [0.7 s]
#   unit {'pos': 1066, 'blk': None}: om1 77 pos 0 st1 0 fail1 0 t4 0 t4only 0 t2only 0 rtfail 0 [0.8 s]
#   unit {'pos': 1067, 'blk': None}: om1 152 pos 0 st1 0 fail1 0 t4 0 t4only 0 t2only 0 rtfail 0 [0.7 s]
#   unit {'pos': 1068, 'blk': None}: om1 0 pos 0 st1 0 fail1 0 t4 0 t4only 0 t2only 0 rtfail 0 [0.8 s]
#   unit {'pos': 1069, 'blk': None}: om1 42 pos 0 st1 0 fail1 0 t4 0 t4only 0 t2only 0 rtfail 0 [0.8 s]
#   unit {'pos': 1070, 'blk': None}: om1 0 pos 0 st1 0 fail1 0 t4 0 t4only 0 t2only 0 rtfail 0 [0.6 s]
#   unit {'pos': 1071, 'blk': None}: om1 26 pos 0 st1 0 fail1 0 t4 0 t4only 0 t2only 0 rtfail 0 [0.7 s]
#   unit {'pos': 1072, 'blk': None}: om1 9 pos 0 st1 0 fail1 0 t4 0 t4only 0 t2only 0 rtfail 0 [0.8 s]
#   unit {'pos': 1074, 'blk': None}: om1 0 pos 0 st1 0 fail1 0 t4 0 t4only 0 t2only 0 rtfail 0 [0.8 s]
#   unit {'pos': 1073, 'blk': None}: om1 0 pos 0 st1 0 fail1 0 t4 0 t4only 0 t2only 0 rtfail 0 [0.8 s]
#   unit {'pos': 1075, 'blk': None}: om1 440 pos 0 st1 0 fail1 0 t4 0 t4only 0 t2only 0 rtfail 0 [0.7 s]
#   unit {'pos': 1076, 'blk': None}: om1 71 pos 0 st1 0 fail1 0 t4 0 t4only 0 t2only 0 rtfail 0 [0.6 s]
#   unit {'pos': 1078, 'blk': None}: om1 720 pos 0 st1 0 fail1 0 t4 0 t4only 0 t2only 0 rtfail 0 [0.6 s]
#   unit {'pos': 1077, 'blk': None}: om1 185 pos 0 st1 0 fail1 0 t4 0 t4only 0 t2only 0 rtfail 0 [0.7 s]
#   unit {'pos': 1079, 'blk': None}: om1 738 pos 12 st1 12 fail1 0 t4 0 t4only 0 t2only 0 rtfail 0 [0.6 s]
#   unit {'pos': 1080, 'blk': None}: om1 628 pos 0 st1 0 fail1 0 t4 0 t4only 0 t2only 0 rtfail 0 [0.6 s]
#   unit {'pos': 1081, 'blk': None}: om1 174 pos 0 st1 0 fail1 0 t4 0 t4only 0 t2only 0 rtfail 0 [0.7 s]
#   unit {'pos': 1082, 'blk': None}: om1 181 pos 0 st1 0 fail1 0 t4 0 t4only 0 t2only 0 rtfail 0 [0.7 s]
#   unit {'pos': 1083, 'blk': None}: om1 145 pos 0 st1 0 fail1 0 t4 0 t4only 0 t2only 0 rtfail 0 [0.6 s]
#   unit {'pos': 1084, 'blk': None}: om1 0 pos 0 st1 0 fail1 0 t4 0 t4only 0 t2only 0 rtfail 0 [0.7 s]
#   unit {'pos': 1085, 'blk': None}: om1 298 pos 0 st1 0 fail1 0 t4 0 t4only 0 t2only 0 rtfail 0 [0.7 s]
#   unit {'pos': 1086, 'blk': None}: om1 0 pos 0 st1 0 fail1 0 t4 0 t4only 0 t2only 0 rtfail 0 [0.7 s]
#   unit {'pos': 1087, 'blk': None}: om1 92 pos 0 st1 0 fail1 0 t4 0 t4only 0 t2only 0 rtfail 0 [0.7 s]
#   unit {'pos': 1088, 'blk': None}: om1 0 pos 0 st1 0 fail1 0 t4 0 t4only 0 t2only 0 rtfail 0 [0.6 s]
#   unit {'pos': 1089, 'blk': None}: om1 30 pos 0 st1 0 fail1 0 t4 0 t4only 0 t2only 0 rtfail 0 [0.7 s]
#   unit {'pos': 1090, 'blk': None}: om1 16 pos 0 st1 0 fail1 0 t4 0 t4only 0 t2only 0 rtfail 0 [0.7 s]
#   unit {'pos': 1091, 'blk': None}: om1 0 pos 0 st1 0 fail1 0 t4 0 t4only 0 t2only 0 rtfail 0 [0.8 s]
#   unit {'pos': 1092, 'blk': None}: om1 0 pos 0 st1 0 fail1 0 t4 0 t4only 0 t2only 0 rtfail 0 [0.8 s]
#   unit {'pos': 1093, 'blk': None}: om1 0 pos 0 st1 0 fail1 0 t4 0 t4only 0 t2only 0 rtfail 0 [0.7 s]
#   unit {'pos': 1094, 'blk': None}: om1 30 pos 0 st1 0 fail1 0 t4 0 t4only 0 t2only 0 rtfail 0 [0.7 s]
#   unit {'pos': 1095, 'blk': None}: om1 6 pos 0 st1 0 fail1 0 t4 0 t4only 0 t2only 0 rtfail 0 [0.7 s]
#   unit {'pos': 1096, 'blk': None}: om1 0 pos 0 st1 0 fail1 0 t4 0 t4only 0 t2only 0 rtfail 0 [0.7 s]
#   unit {'pos': 1097, 'blk': None}: om1 0 pos 0 st1 0 fail1 0 t4 0 t4only 0 t2only 0 rtfail 0 [0.8 s]
#   unit {'pos': 1098, 'blk': None}: om1 0 pos 0 st1 0 fail1 0 t4 0 t4only 0 t2only 0 rtfail 0 [0.8 s]
#   unit {'pos': 1099, 'blk': None}: om1 0 pos 0 st1 0 fail1 0 t4 0 t4only 0 t2only 0 rtfail 0 [0.9 s]
#   unit {'pos': 1100, 'blk': None}: om1 349 pos 0 st1 0 fail1 0 t4 0 t4only 0 t2only 0 rtfail 0 [0.7 s]
#   unit {'pos': 1101, 'blk': None}: om1 141 pos 0 st1 0 fail1 0 t4 0 t4only 0 t2only 0 rtfail 0 [0.6 s]
#   unit {'pos': 1102, 'blk': None}: om1 144 pos 0 st1 0 fail1 0 t4 0 t4only 0 t2only 0 rtfail 0 [0.6 s]
#   unit {'pos': 1103, 'blk': None}: om1 94 pos 0 st1 0 fail1 0 t4 0 t4only 0 t2only 0 rtfail 0 [0.7 s]
#   unit {'pos': 1104, 'blk': None}: om1 141 pos 0 st1 0 fail1 0 t4 0 t4only 0 t2only 0 rtfail 0 [0.6 s]
#   unit {'pos': 1106, 'blk': None}: om1 0 pos 0 st1 0 fail1 0 t4 0 t4only 0 t2only 0 rtfail 0 [0.6 s]
#   unit {'pos': 1105, 'blk': None}: om1 0 pos 0 st1 0 fail1 0 t4 0 t4only 0 t2only 0 rtfail 0 [0.7 s]
#   unit {'pos': 1107, 'blk': None}: om1 56 pos 0 st1 0 fail1 0 t4 0 t4only 0 t2only 0 rtfail 0 [0.7 s]
#   unit {'pos': 1108, 'blk': None}: om1 84 pos 0 st1 0 fail1 0 t4 0 t4only 0 t2only 0 rtfail 0 [0.6 s]
#   unit {'pos': 1109, 'blk': None}: om1 92 pos 0 st1 0 fail1 0 t4 0 t4only 0 t2only 0 rtfail 0 [0.6 s]
#   unit {'pos': 1110, 'blk': None}: om1 183 pos 0 st1 0 fail1 0 t4 0 t4only 0 t2only 0 rtfail 0 [0.8 s]
#   unit {'pos': 1111, 'blk': None}: om1 0 pos 0 st1 0 fail1 0 t4 0 t4only 0 t2only 0 rtfail 0 [0.6 s]
#   unit {'pos': 1112, 'blk': None}: om1 0 pos 0 st1 0 fail1 0 t4 0 t4only 0 t2only 0 rtfail 0 [0.7 s]
#   unit {'pos': 1113, 'blk': None}: om1 193 pos 0 st1 0 fail1 0 t4 0 t4only 0 t2only 0 rtfail 0 [0.7 s]
#   unit {'pos': 1114, 'blk': None}: om1 0 pos 0 st1 0 fail1 0 t4 0 t4only 0 t2only 0 rtfail 0 [0.6 s]
#   unit {'pos': 1115, 'blk': None}: om1 125 pos 0 st1 0 fail1 0 t4 0 t4only 0 t2only 0 rtfail 0 [0.7 s]
#   unit {'pos': 1116, 'blk': None}: om1 107 pos 0 st1 0 fail1 0 t4 0 t4only 0 t2only 0 rtfail 0 [0.7 s]
#   unit {'pos': 1117, 'blk': None}: om1 99 pos 0 st1 0 fail1 0 t4 0 t4only 0 t2only 0 rtfail 0 [0.6 s]
#   unit {'pos': 1118, 'blk': None}: om1 133 pos 0 st1 0 fail1 0 t4 0 t4only 0 t2only 0 rtfail 0 [0.6 s]
#   unit {'pos': 1119, 'blk': None}: om1 84 pos 0 st1 0 fail1 0 t4 0 t4only 0 t2only 0 rtfail 0 [0.7 s]
#   unit {'pos': 1120, 'blk': None}: om1 158 pos 0 st1 0 fail1 0 t4 0 t4only 0 t2only 0 rtfail 0 [0.7 s]
#   unit {'pos': 1121, 'blk': None}: om1 0 pos 0 st1 0 fail1 0 t4 0 t4only 0 t2only 0 rtfail 0 [0.8 s]
#   unit {'pos': 1122, 'blk': None}: om1 0 pos 0 st1 0 fail1 0 t4 0 t4only 0 t2only 0 rtfail 0 [0.8 s]
#   unit {'pos': 1123, 'blk': None}: om1 405 pos 0 st1 0 fail1 0 t4 0 t4only 0 t2only 0 rtfail 0 [0.7 s]
#   unit {'pos': 1124, 'blk': None}: om1 0 pos 0 st1 0 fail1 0 t4 0 t4only 0 t2only 0 rtfail 0 [0.6 s]
#   unit {'pos': 1125, 'blk': None}: om1 294 pos 0 st1 0 fail1 0 t4 0 t4only 0 t2only 0 rtfail 0 [0.7 s]
#   unit {'pos': 1126, 'blk': None}: om1 245 pos 0 st1 0 fail1 0 t4 0 t4only 0 t2only 0 rtfail 0 [0.6 s]
#   unit {'pos': 1127, 'blk': None}: om1 244 pos 0 st1 0 fail1 0 t4 0 t4only 0 t2only 0 rtfail 0 [0.7 s]
#   unit {'pos': 1128, 'blk': None}: om1 0 pos 0 st1 0 fail1 0 t4 0 t4only 0 t2only 0 rtfail 0 [0.7 s]
#   unit {'pos': 1129, 'blk': None}: om1 25 pos 0 st1 0 fail1 0 t4 0 t4only 0 t2only 0 rtfail 0 [0.6 s]
#   unit {'pos': 1130, 'blk': None}: om1 21 pos 0 st1 0 fail1 0 t4 0 t4only 0 t2only 0 rtfail 0 [0.7 s]
#   unit {'pos': 1131, 'blk': None}: om1 0 pos 0 st1 0 fail1 0 t4 0 t4only 0 t2only 0 rtfail 0 [0.7 s]
#   unit {'pos': 1133, 'blk': None}: om1 56 pos 0 st1 0 fail1 0 t4 0 t4only 0 t2only 0 rtfail 0 [0.6 s]
#   unit {'pos': 1132, 'blk': None}: om1 23 pos 0 st1 0 fail1 0 t4 0 t4only 0 t2only 0 rtfail 0 [0.8 s]
#   unit {'pos': 1134, 'blk': None}: om1 0 pos 0 st1 0 fail1 0 t4 0 t4only 0 t2only 0 rtfail 0 [0.7 s]
#   unit {'pos': 1135, 'blk': None}: om1 145 pos 0 st1 0 fail1 0 t4 0 t4only 0 t2only 0 rtfail 0 [0.6 s]
#   unit {'pos': 1136, 'blk': None}: om1 57 pos 0 st1 0 fail1 0 t4 0 t4only 0 t2only 0 rtfail 0 [0.6 s]
#   unit {'pos': 1137, 'blk': None}: om1 28 pos 0 st1 0 fail1 0 t4 0 t4only 0 t2only 0 rtfail 0 [0.7 s]
#   unit {'pos': 1138, 'blk': None}: om1 0 pos 0 st1 0 fail1 0 t4 0 t4only 0 t2only 0 rtfail 0 [0.7 s]
#   unit {'pos': 1139, 'blk': None}: om1 16 pos 0 st1 0 fail1 0 t4 0 t4only 0 t2only 0 rtfail 0 [0.7 s]
#   unit {'pos': 1140, 'blk': None}: om1 29 pos 0 st1 0 fail1 0 t4 0 t4only 0 t2only 0 rtfail 0 [0.7 s]
#   unit {'pos': 1141, 'blk': None}: om1 0 pos 0 st1 0 fail1 0 t4 0 t4only 0 t2only 0 rtfail 0 [0.8 s]
#   unit {'pos': 1142, 'blk': None}: om1 85 pos 0 st1 0 fail1 0 t4 0 t4only 0 t2only 0 rtfail 0 [0.6 s]
#   unit {'pos': 1143, 'blk': None}: om1 138 pos 0 st1 0 fail1 0 t4 0 t4only 0 t2only 0 rtfail 0 [0.6 s]
#   unit {'pos': 1144, 'blk': None}: om1 194 pos 0 st1 0 fail1 0 t4 0 t4only 0 t2only 0 rtfail 0 [0.6 s]
#   unit {'pos': 1146, 'blk': None}: om1 34 pos 0 st1 0 fail1 0 t4 0 t4only 0 t2only 0 rtfail 0 [0.6 s]
#   unit {'pos': 1145, 'blk': None}: om1 0 pos 0 st1 0 fail1 0 t4 0 t4only 0 t2only 0 rtfail 0 [0.7 s]
#   unit {'pos': 1147, 'blk': None}: om1 34 pos 0 st1 0 fail1 0 t4 0 t4only 0 t2only 0 rtfail 0 [0.6 s]
#   unit {'pos': 1148, 'blk': None}: om1 0 pos 0 st1 0 fail1 0 t4 0 t4only 0 t2only 0 rtfail 0 [0.6 s]
#   unit {'pos': 1149, 'blk': None}: om1 0 pos 0 st1 0 fail1 0 t4 0 t4only 0 t2only 0 rtfail 0 [0.6 s]
#   unit {'pos': 1150, 'blk': None}: om1 15 pos 0 st1 0 fail1 0 t4 0 t4only 0 t2only 0 rtfail 0 [0.7 s]
#   unit {'pos': 1151, 'blk': None}: om1 21 pos 0 st1 0 fail1 0 t4 0 t4only 0 t2only 0 rtfail 0 [0.7 s]
#   unit {'pos': 1152, 'blk': None}: om1 0 pos 0 st1 0 fail1 0 t4 0 t4only 0 t2only 0 rtfail 0 [0.7 s]
#   unit {'pos': 1154, 'blk': None}: om1 451 pos 0 st1 0 fail1 0 t4 0 t4only 0 t2only 0 rtfail 0 [0.5 s]
#   unit {'pos': 1153, 'blk': None}: om1 0 pos 0 st1 0 fail1 0 t4 0 t4only 0 t2only 0 rtfail 0 [0.7 s]
#   unit {'pos': 1155, 'blk': None}: om1 180 pos 0 st1 0 fail1 0 t4 0 t4only 0 t2only 0 rtfail 0 [0.5 s]
#   unit {'pos': 1156, 'blk': None}: om1 0 pos 0 st1 0 fail1 0 t4 0 t4only 0 t2only 0 rtfail 0 [0.6 s]
#   unit {'pos': 1157, 'blk': None}: om1 0 pos 0 st1 0 fail1 0 t4 0 t4only 0 t2only 0 rtfail 0 [0.6 s]
#   unit {'pos': 1159, 'blk': None}: om1 0 pos 0 st1 0 fail1 0 t4 0 t4only 0 t2only 0 rtfail 0 [0.5 s]
#   unit {'pos': 1158, 'blk': None}: om1 106 pos 0 st1 0 fail1 0 t4 0 t4only 0 t2only 0 rtfail 0 [0.7 s]
#   unit {'pos': 1160, 'blk': None}: om1 0 pos 0 st1 0 fail1 0 t4 0 t4only 0 t2only 0 rtfail 0 [0.6 s]
#   unit {'pos': 1162, 'blk': None}: om1 0 pos 0 st1 0 fail1 0 t4 0 t4only 0 t2only 0 rtfail 0 [0.6 s]
#   unit {'pos': 1161, 'blk': None}: om1 38 pos 0 st1 0 fail1 0 t4 0 t4only 0 t2only 0 rtfail 0 [0.6 s]
#   unit {'pos': 1163, 'blk': None}: om1 52 pos 0 st1 0 fail1 0 t4 0 t4only 0 t2only 0 rtfail 0 [0.6 s]
#   unit {'pos': 1164, 'blk': None}: om1 0 pos 0 st1 0 fail1 0 t4 0 t4only 0 t2only 0 rtfail 0 [0.7 s]
#   unit {'pos': 1165, 'blk': None}: om1 0 pos 0 st1 0 fail1 0 t4 0 t4only 0 t2only 0 rtfail 0 [0.6 s]
#   unit {'pos': 1166, 'blk': None}: om1 0 pos 0 st1 0 fail1 0 t4 0 t4only 0 t2only 0 rtfail 0 [0.6 s]
#   unit {'pos': 1167, 'blk': None}: om1 0 pos 0 st1 0 fail1 0 t4 0 t4only 0 t2only 0 rtfail 0 [0.7 s]
#   unit {'pos': 1168, 'blk': None}: om1 0 pos 0 st1 0 fail1 0 t4 0 t4only 0 t2only 0 rtfail 0 [0.7 s]
#   unit {'pos': 1169, 'blk': None}: om1 0 pos 0 st1 0 fail1 0 t4 0 t4only 0 t2only 0 rtfail 0 [0.6 s]
#   unit {'pos': 1170, 'blk': None}: om1 0 pos 0 st1 0 fail1 0 t4 0 t4only 0 t2only 0 rtfail 0 [0.8 s]
#   unit {'pos': 1171, 'blk': None}: om1 0 pos 0 st1 0 fail1 0 t4 0 t4only 0 t2only 0 rtfail 0 [0.7 s]
#   unit {'pos': 1172, 'blk': None}: om1 0 pos 0 st1 0 fail1 0 t4 0 t4only 0 t2only 0 rtfail 0 [0.6 s]
#   unit {'pos': 1173, 'blk': None}: om1 0 pos 0 st1 0 fail1 0 t4 0 t4only 0 t2only 0 rtfail 0 [0.6 s]
#   unit {'pos': 1174, 'blk': None}: om1 0 pos 0 st1 0 fail1 0 t4 0 t4only 0 t2only 0 rtfail 0 [0.6 s]
#   unit {'pos': 1175, 'blk': None}: om1 0 pos 0 st1 0 fail1 0 t4 0 t4only 0 t2only 0 rtfail 0 [0.6 s]
#   unit {'pos': 1176, 'blk': None}: om1 32 pos 0 st1 0 fail1 0 t4 0 t4only 0 t2only 0 rtfail 0 [0.6 s]
#   unit {'pos': 1177, 'blk': None}: om1 10 pos 0 st1 0 fail1 0 t4 0 t4only 0 t2only 0 rtfail 0 [0.7 s]
#   unit {'pos': 1178, 'blk': None}: om1 0 pos 0 st1 0 fail1 0 t4 0 t4only 0 t2only 0 rtfail 0 [0.6 s]
#   unit {'pos': 1179, 'blk': None}: om1 0 pos 0 st1 0 fail1 0 t4 0 t4only 0 t2only 0 rtfail 0 [0.6 s]
#   unit {'pos': 1180, 'blk': None}: om1 0 pos 0 st1 0 fail1 0 t4 0 t4only 0 t2only 0 rtfail 0 [0.7 s]
#   unit {'pos': 1181, 'blk': None}: om1 0 pos 0 st1 0 fail1 0 t4 0 t4only 0 t2only 0 rtfail 0 [0.6 s]
#   unit {'pos': 1182, 'blk': None}: om1 0 pos 0 st1 0 fail1 0 t4 0 t4only 0 t2only 0 rtfail 0 [0.5 s]
#   unit {'pos': 1183, 'blk': None}: om1 202 pos 0 st1 0 fail1 0 t4 0 t4only 0 t2only 0 rtfail 0 [0.7 s]
#   unit {'pos': 1184, 'blk': None}: om1 0 pos 0 st1 0 fail1 0 t4 0 t4only 0 t2only 0 rtfail 0 [0.6 s]
#   unit {'pos': 1186, 'blk': None}: om1 0 pos 0 st1 0 fail1 0 t4 0 t4only 0 t2only 0 rtfail 0 [0.7 s]
#   unit {'pos': 1185, 'blk': None}: om1 0 pos 0 st1 0 fail1 0 t4 0 t4only 0 t2only 0 rtfail 0 [0.8 s]
#   unit {'pos': 1187, 'blk': None}: om1 0 pos 0 st1 0 fail1 0 t4 0 t4only 0 t2only 0 rtfail 0 [0.6 s]
#   unit {'pos': 1189, 'blk': None}: om1 7 pos 0 st1 0 fail1 0 t4 0 t4only 0 t2only 0 rtfail 0 [0.7 s]
#   unit {'pos': 1188, 'blk': None}: om1 0 pos 0 st1 0 fail1 0 t4 0 t4only 0 t2only 0 rtfail 0 [0.8 s]
#   unit {'pos': 1190, 'blk': None}: om1 0 pos 0 st1 0 fail1 0 t4 0 t4only 0 t2only 0 rtfail 0 [0.8 s]
#   unit {'pos': 1191, 'blk': None}: om1 0 pos 0 st1 0 fail1 0 t4 0 t4only 0 t2only 0 rtfail 0 [0.8 s]
#   unit {'pos': 1193, 'blk': None}: om1 36 pos 0 st1 0 fail1 0 t4 0 t4only 0 t2only 0 rtfail 0 [0.6 s]
#   unit {'pos': 1194, 'blk': None}: om1 20 pos 0 st1 0 fail1 0 t4 0 t4only 0 t2only 0 rtfail 0 [0.6 s]
#   unit {'pos': 1192, 'blk': None}: om1 0 pos 0 st1 0 fail1 0 t4 0 t4only 0 t2only 0 rtfail 0 [0.8 s]
#   unit {'pos': 1195, 'blk': None}: om1 0 pos 0 st1 0 fail1 0 t4 0 t4only 0 t2only 0 rtfail 0 [0.6 s]
#   unit {'pos': 1196, 'blk': None}: om1 0 pos 0 st1 0 fail1 0 t4 0 t4only 0 t2only 0 rtfail 0 [0.7 s]
#   unit {'pos': 1197, 'blk': None}: om1 0 pos 0 st1 0 fail1 0 t4 0 t4only 0 t2only 0 rtfail 0 [0.8 s]
#   unit {'pos': 1199, 'blk': None}: om1 92 pos 0 st1 0 fail1 0 t4 0 t4only 0 t2only 0 rtfail 0 [0.6 s]
#   unit {'pos': 1198, 'blk': None}: om1 0 pos 0 st1 0 fail1 0 t4 0 t4only 0 t2only 0 rtfail 0 [0.9 s]
#   unit {'pos': 1200, 'blk': None}: om1 0 pos 0 st1 0 fail1 0 t4 0 t4only 0 t2only 0 rtfail 0 [0.7 s]
#   unit {'pos': 1201, 'blk': None}: om1 0 pos 0 st1 0 fail1 0 t4 0 t4only 0 t2only 0 rtfail 0 [0.6 s]
#   unit {'pos': 1202, 'blk': None}: om1 0 pos 0 st1 0 fail1 0 t4 0 t4only 0 t2only 0 rtfail 0 [0.6 s]
#   unit {'pos': 1203, 'blk': None}: om1 0 pos 0 st1 0 fail1 0 t4 0 t4only 0 t2only 0 rtfail 0 [0.7 s]
#   unit {'pos': 1204, 'blk': None}: om1 0 pos 0 st1 0 fail1 0 t4 0 t4only 0 t2only 0 rtfail 0 [0.7 s]
#   unit {'pos': 1205, 'blk': None}: om1 0 pos 0 st1 0 fail1 0 t4 0 t4only 0 t2only 0 rtfail 0 [0.8 s]
#   unit {'pos': 1206, 'blk': None}: om1 0 pos 0 st1 0 fail1 0 t4 0 t4only 0 t2only 0 rtfail 0 [0.8 s]
#   unit {'pos': 1207, 'blk': None}: om1 0 pos 0 st1 0 fail1 0 t4 0 t4only 0 t2only 0 rtfail 0 [0.7 s]
#   unit {'pos': 1208, 'blk': None}: om1 0 pos 0 st1 0 fail1 0 t4 0 t4only 0 t2only 0 rtfail 0 [0.8 s]
#   unit {'pos': 1209, 'blk': None}: om1 254 pos 0 st1 0 fail1 0 t4 0 t4only 0 t2only 0 rtfail 0 [0.7 s]
#   unit {'pos': 1210, 'blk': None}: om1 11 pos 0 st1 0 fail1 0 t4 0 t4only 0 t2only 0 rtfail 0 [0.7 s]
#   unit {'pos': 1211, 'blk': None}: om1 54 pos 0 st1 0 fail1 0 t4 0 t4only 0 t2only 0 rtfail 0 [0.7 s]
#   unit {'pos': 1212, 'blk': None}: om1 0 pos 0 st1 0 fail1 0 t4 0 t4only 0 t2only 0 rtfail 0 [0.6 s]
#   unit {'pos': 1213, 'blk': None}: om1 0 pos 0 st1 0 fail1 0 t4 0 t4only 0 t2only 0 rtfail 0 [0.6 s]
#   unit {'pos': 1214, 'blk': None}: om1 0 pos 0 st1 0 fail1 0 t4 0 t4only 0 t2only 0 rtfail 0 [0.6 s]
#   unit {'pos': 1215, 'blk': None}: om1 0 pos 0 st1 0 fail1 0 t4 0 t4only 0 t2only 0 rtfail 0 [0.7 s]
#   unit {'pos': 1216, 'blk': None}: om1 0 pos 0 st1 0 fail1 0 t4 0 t4only 0 t2only 0 rtfail 0 [0.7 s]
#   unit {'pos': 1217, 'blk': None}: om1 0 pos 0 st1 0 fail1 0 t4 0 t4only 0 t2only 0 rtfail 0 [0.6 s]
#   unit {'pos': 1218, 'blk': None}: om1 0 pos 0 st1 0 fail1 0 t4 0 t4only 0 t2only 0 rtfail 0 [0.7 s]
#   unit {'pos': 1219, 'blk': None}: om1 0 pos 0 st1 0 fail1 0 t4 0 t4only 0 t2only 0 rtfail 0 [0.7 s]
#   unit {'pos': 1220, 'blk': None}: om1 0 pos 0 st1 0 fail1 0 t4 0 t4only 0 t2only 0 rtfail 0 [0.7 s]
#   unit {'pos': 1221, 'blk': None}: om1 3 pos 0 st1 0 fail1 0 t4 0 t4only 0 t2only 0 rtfail 0 [0.7 s]
#   unit {'pos': 1222, 'blk': None}: om1 0 pos 0 st1 0 fail1 0 t4 0 t4only 0 t2only 0 rtfail 0 [0.8 s]
#   unit {'pos': 1223, 'blk': None}: om1 0 pos 0 st1 0 fail1 0 t4 0 t4only 0 t2only 0 rtfail 0 [0.8 s]
#   unit {'pos': 1224, 'blk': None}: om1 0 pos 0 st1 0 fail1 0 t4 0 t4only 0 t2only 0 rtfail 0 [0.7 s]
#   unit {'pos': 1225, 'blk': None}: om1 0 pos 0 st1 0 fail1 0 t4 0 t4only 0 t2only 0 rtfail 0 [0.7 s]
#   unit {'pos': 1226, 'blk': None}: om1 0 pos 0 st1 0 fail1 0 t4 0 t4only 0 t2only 0 rtfail 0 [0.7 s]
#   unit {'pos': 1227, 'blk': None}: om1 0 pos 0 st1 0 fail1 0 t4 0 t4only 0 t2only 0 rtfail 0 [0.7 s]
#   unit {'pos': 1228, 'blk': None}: om1 0 pos 0 st1 0 fail1 0 t4 0 t4only 0 t2only 0 rtfail 0 [0.7 s]
#   unit {'pos': 1229, 'blk': None}: om1 0 pos 0 st1 0 fail1 0 t4 0 t4only 0 t2only 0 rtfail 0 [0.8 s]
#   unit {'pos': 1230, 'blk': None}: om1 0 pos 0 st1 0 fail1 0 t4 0 t4only 0 t2only 0 rtfail 0 [0.7 s]
#   unit {'pos': 1231, 'blk': None}: om1 0 pos 0 st1 0 fail1 0 t4 0 t4only 0 t2only 0 rtfail 0 [0.7 s]
#   unit {'pos': 1232, 'blk': None}: om1 0 pos 0 st1 0 fail1 0 t4 0 t4only 0 t2only 0 rtfail 0 [0.6 s]
#   unit {'pos': 1233, 'blk': None}: om1 0 pos 0 st1 0 fail1 0 t4 0 t4only 0 t2only 0 rtfail 0 [0.7 s]
#   unit {'pos': 1234, 'blk': None}: om1 0 pos 0 st1 0 fail1 0 t4 0 t4only 0 t2only 0 rtfail 0 [0.7 s]
#   unit {'pos': 1235, 'blk': None}: om1 8 pos 0 st1 0 fail1 0 t4 0 t4only 0 t2only 0 rtfail 0 [0.6 s]
#   unit {'pos': 1236, 'blk': None}: om1 0 pos 0 st1 0 fail1 0 t4 0 t4only 0 t2only 0 rtfail 0 [0.7 s]
#   unit {'pos': 1237, 'blk': None}: om1 50 pos 0 st1 0 fail1 0 t4 0 t4only 0 t2only 0 rtfail 0 [0.6 s]
#   unit {'pos': 1239, 'blk': None}: om1 5 pos 0 st1 0 fail1 0 t4 0 t4only 0 t2only 0 rtfail 0 [0.6 s]
#   unit {'pos': 1238, 'blk': None}: om1 50 pos 0 st1 0 fail1 0 t4 0 t4only 0 t2only 0 rtfail 0 [0.7 s]
#   unit {'pos': 1240, 'blk': None}: om1 0 pos 0 st1 0 fail1 0 t4 0 t4only 0 t2only 0 rtfail 0 [0.7 s]
#   unit {'pos': 1241, 'blk': None}: om1 0 pos 0 st1 0 fail1 0 t4 0 t4only 0 t2only 0 rtfail 0 [0.7 s]
#   unit {'pos': 1242, 'blk': None}: om1 0 pos 0 st1 0 fail1 0 t4 0 t4only 0 t2only 0 rtfail 0 [0.6 s]
#   unit {'pos': 1243, 'blk': None}: om1 0 pos 0 st1 0 fail1 0 t4 0 t4only 0 t2only 0 rtfail 0 [0.8 s]
#   unit {'pos': 1244, 'blk': None}: om1 0 pos 0 st1 0 fail1 0 t4 0 t4only 0 t2only 0 rtfail 0 [0.7 s]
#   unit {'pos': 1245, 'blk': None}: om1 0 pos 0 st1 0 fail1 0 t4 0 t4only 0 t2only 0 rtfail 0 [0.7 s]
#   unit {'pos': 1246, 'blk': None}: om1 0 pos 0 st1 0 fail1 0 t4 0 t4only 0 t2only 0 rtfail 0 [0.7 s]
#   unit {'pos': 1247, 'blk': None}: om1 0 pos 0 st1 0 fail1 0 t4 0 t4only 0 t2only 0 rtfail 0 [0.7 s]
#   unit {'pos': 1248, 'blk': None}: om1 52 pos 0 st1 0 fail1 0 t4 0 t4only 0 t2only 0 rtfail 0 [0.7 s]
#   unit {'pos': 1250, 'blk': None}: om1 0 pos 0 st1 0 fail1 0 t4 0 t4only 0 t2only 0 rtfail 0 [0.7 s]
#   unit {'pos': 1249, 'blk': None}: om1 102 pos 0 st1 0 fail1 0 t4 0 t4only 0 t2only 0 rtfail 0 [0.7 s]
#   unit {'pos': 1251, 'blk': None}: om1 0 pos 0 st1 0 fail1 0 t4 0 t4only 0 t2only 0 rtfail 0 [0.6 s]
#   unit {'pos': 1252, 'blk': None}: om1 0 pos 0 st1 0 fail1 0 t4 0 t4only 0 t2only 0 rtfail 0 [0.6 s]
#   unit {'pos': 1254, 'blk': None}: om1 0 pos 0 st1 0 fail1 0 t4 0 t4only 0 t2only 0 rtfail 0 [0.6 s]
#   unit {'pos': 1253, 'blk': None}: om1 0 pos 0 st1 0 fail1 0 t4 0 t4only 0 t2only 0 rtfail 0 [0.7 s]
#   unit {'pos': 1255, 'blk': None}: om1 0 pos 0 st1 0 fail1 0 t4 0 t4only 0 t2only 0 rtfail 0 [0.7 s]
#   unit {'pos': 1256, 'blk': None}: om1 0 pos 0 st1 0 fail1 0 t4 0 t4only 0 t2only 0 rtfail 0 [0.7 s]
#   unit {'pos': 1257, 'blk': None}: om1 0 pos 0 st1 0 fail1 0 t4 0 t4only 0 t2only 0 rtfail 0 [0.7 s]
#   unit {'pos': 1258, 'blk': None}: om1 0 pos 0 st1 0 fail1 0 t4 0 t4only 0 t2only 0 rtfail 0 [0.7 s]
#   unit {'pos': 1259, 'blk': None}: om1 0 pos 0 st1 0 fail1 0 t4 0 t4only 0 t2only 0 rtfail 0 [0.8 s]
#   unit {'pos': 1260, 'blk': None}: om1 0 pos 0 st1 0 fail1 0 t4 0 t4only 0 t2only 0 rtfail 0 [0.7 s]
#   unit {'pos': 1261, 'blk': None}: om1 93 pos 0 st1 0 fail1 0 t4 0 t4only 0 t2only 0 rtfail 0 [0.5 s]
#   unit {'pos': 1262, 'blk': None}: om1 0 pos 0 st1 0 fail1 0 t4 0 t4only 0 t2only 0 rtfail 0 [0.6 s]
#   unit {'pos': 1264, 'blk': None}: om1 0 pos 0 st1 0 fail1 0 t4 0 t4only 0 t2only 0 rtfail 0 [0.6 s]
#   unit {'pos': 1263, 'blk': None}: om1 0 pos 0 st1 0 fail1 0 t4 0 t4only 0 t2only 0 rtfail 0 [0.6 s]
#   unit {'pos': 1265, 'blk': None}: om1 0 pos 0 st1 0 fail1 0 t4 0 t4only 0 t2only 0 rtfail 0 [0.6 s]
#   unit {'pos': 1266, 'blk': None}: om1 0 pos 0 st1 0 fail1 0 t4 0 t4only 0 t2only 0 rtfail 0 [0.6 s]
#   unit {'pos': 1267, 'blk': None}: om1 0 pos 0 st1 0 fail1 0 t4 0 t4only 0 t2only 0 rtfail 0 [0.6 s]
#   unit {'pos': 1268, 'blk': None}: om1 0 pos 0 st1 0 fail1 0 t4 0 t4only 0 t2only 0 rtfail 0 [0.7 s]
#   unit {'pos': 1269, 'blk': None}: om1 0 pos 0 st1 0 fail1 0 t4 0 t4only 0 t2only 0 rtfail 0 [0.7 s]
#   unit {'pos': 1270, 'blk': None}: om1 0 pos 0 st1 0 fail1 0 t4 0 t4only 0 t2only 0 rtfail 0 [0.6 s]
#   unit {'pos': 1271, 'blk': None}: om1 0 pos 0 st1 0 fail1 0 t4 0 t4only 0 t2only 0 rtfail 0 [0.6 s]
#   unit {'pos': 1272, 'blk': None}: om1 12 pos 0 st1 0 fail1 0 t4 0 t4only 0 t2only 0 rtfail 0 [0.6 s]
#   unit {'pos': 1273, 'blk': None}: om1 2 pos 0 st1 0 fail1 0 t4 0 t4only 0 t2only 0 rtfail 0 [0.6 s]
#   unit {'pos': 1274, 'blk': None}: om1 0 pos 0 st1 0 fail1 0 t4 0 t4only 0 t2only 0 rtfail 0 [0.6 s]
#   unit {'pos': 1275, 'blk': None}: om1 0 pos 0 st1 0 fail1 0 t4 0 t4only 0 t2only 0 rtfail 0 [0.6 s]
#   unit {'pos': 1276, 'blk': None}: om1 110 pos 0 st1 0 fail1 0 t4 0 t4only 0 t2only 0 rtfail 0 [0.8 s]
#   unit {'pos': 1277, 'blk': None}: om1 0 pos 0 st1 0 fail1 0 t4 0 t4only 0 t2only 0 rtfail 0 [0.6 s]
#   unit {'pos': 1278, 'blk': None}: om1 0 pos 0 st1 0 fail1 0 t4 0 t4only 0 t2only 0 rtfail 0 [0.9 s]
#   unit {'pos': 1279, 'blk': None}: om1 0 pos 0 st1 0 fail1 0 t4 0 t4only 0 t2only 0 rtfail 0 [0.9 s]
#   unit {'pos': 1281, 'blk': None}: om1 0 pos 0 st1 0 fail1 0 t4 0 t4only 0 t2only 0 rtfail 0 [0.6 s]
#   unit {'pos': 1280, 'blk': None}: om1 0 pos 0 st1 0 fail1 0 t4 0 t4only 0 t2only 0 rtfail 0 [0.8 s]
#   unit {'pos': 1282, 'blk': None}: om1 56 pos 0 st1 0 fail1 0 t4 0 t4only 0 t2only 0 rtfail 0 [0.6 s]
#   unit {'pos': 1283, 'blk': None}: om1 0 pos 0 st1 0 fail1 0 t4 0 t4only 0 t2only 0 rtfail 0 [0.6 s]
#   unit {'pos': 1284, 'blk': None}: om1 0 pos 0 st1 0 fail1 0 t4 0 t4only 0 t2only 0 rtfail 0 [0.7 s]
#   unit {'pos': 1286, 'blk': None}: om1 0 pos 0 st1 0 fail1 0 t4 0 t4only 0 t2only 0 rtfail 0 [0.6 s]
#   unit {'pos': 1285, 'blk': None}: om1 0 pos 0 st1 0 fail1 0 t4 0 t4only 0 t2only 0 rtfail 0 [0.7 s]
#   unit {'pos': 1287, 'blk': None}: om1 8 pos 0 st1 0 fail1 0 t4 0 t4only 0 t2only 0 rtfail 0 [0.7 s]
#   unit {'pos': 1288, 'blk': None}: om1 0 pos 0 st1 0 fail1 0 t4 0 t4only 0 t2only 0 rtfail 0 [0.8 s]
#   unit {'pos': 1289, 'blk': None}: om1 0 pos 0 st1 0 fail1 0 t4 0 t4only 0 t2only 0 rtfail 0 [0.7 s]
#   unit {'pos': 1290, 'blk': None}: om1 0 pos 0 st1 0 fail1 0 t4 0 t4only 0 t2only 0 rtfail 0 [0.7 s]
#   unit {'pos': 1291, 'blk': None}: om1 0 pos 0 st1 0 fail1 0 t4 0 t4only 0 t2only 0 rtfail 0 [0.7 s]
#   unit {'pos': 1293, 'blk': None}: om1 46 pos 0 st1 0 fail1 0 t4 0 t4only 0 t2only 0 rtfail 0 [0.6 s]
#   unit {'pos': 1292, 'blk': None}: om1 0 pos 0 st1 0 fail1 0 t4 0 t4only 0 t2only 0 rtfail 0 [0.8 s]
#   unit {'pos': 1294, 'blk': None}: om1 0 pos 0 st1 0 fail1 0 t4 0 t4only 0 t2only 0 rtfail 0 [0.7 s]
#   unit {'pos': 1295, 'blk': None}: om1 0 pos 0 st1 0 fail1 0 t4 0 t4only 0 t2only 0 rtfail 0 [0.6 s]
#   unit {'pos': 1296, 'blk': None}: om1 0 pos 0 st1 0 fail1 0 t4 0 t4only 0 t2only 0 rtfail 0 [0.7 s]
#   unit {'pos': 1298, 'blk': None}: om1 8 pos 0 st1 0 fail1 0 t4 0 t4only 0 t2only 0 rtfail 0 [0.6 s]
#   unit {'pos': 1297, 'blk': None}: om1 0 pos 0 st1 0 fail1 0 t4 0 t4only 0 t2only 0 rtfail 0 [0.8 s]
#   unit {'pos': 1299, 'blk': None}: om1 3 pos 0 st1 0 fail1 0 t4 0 t4only 0 t2only 0 rtfail 0 [0.7 s]
#   unit {'pos': 1300, 'blk': None}: om1 0 pos 0 st1 0 fail1 0 t4 0 t4only 0 t2only 0 rtfail 0 [0.7 s]
#   unit {'pos': 1301, 'blk': None}: om1 0 pos 0 st1 0 fail1 0 t4 0 t4only 0 t2only 0 rtfail 0 [0.6 s]
#   unit {'pos': 1302, 'blk': None}: om1 0 pos 0 st1 0 fail1 0 t4 0 t4only 0 t2only 0 rtfail 0 [0.7 s]
#   unit {'pos': 1303, 'blk': None}: om1 0 pos 0 st1 0 fail1 0 t4 0 t4only 0 t2only 0 rtfail 0 [0.8 s]
#   unit {'pos': 1304, 'blk': None}: om1 0 pos 0 st1 0 fail1 0 t4 0 t4only 0 t2only 0 rtfail 0 [0.6 s]
#   unit {'pos': 1305, 'blk': None}: om1 0 pos 0 st1 0 fail1 0 t4 0 t4only 0 t2only 0 rtfail 0 [0.8 s]
#   unit {'pos': 1306, 'blk': None}: om1 0 pos 0 st1 0 fail1 0 t4 0 t4only 0 t2only 0 rtfail 0 [0.9 s]
#   unit {'pos': 1307, 'blk': None}: om1 0 pos 0 st1 0 fail1 0 t4 0 t4only 0 t2only 0 rtfail 0 [0.7 s]
#   unit {'pos': 1309, 'blk': None}: om1 0 pos 0 st1 0 fail1 0 t4 0 t4only 0 t2only 0 rtfail 0 [0.6 s]
#   unit {'pos': 1308, 'blk': None}: om1 76 pos 0 st1 0 fail1 0 t4 0 t4only 0 t2only 0 rtfail 0 [0.9 s]
#   unit {'pos': 1310, 'blk': None}: om1 0 pos 0 st1 0 fail1 0 t4 0 t4only 0 t2only 0 rtfail 0 [0.8 s]
#   unit {'pos': 1311, 'blk': None}: om1 0 pos 0 st1 0 fail1 0 t4 0 t4only 0 t2only 0 rtfail 0 [0.8 s]
#   unit {'pos': 1313, 'blk': None}: om1 0 pos 0 st1 0 fail1 0 t4 0 t4only 0 t2only 0 rtfail 0 [0.8 s]
#   unit {'pos': 1312, 'blk': None}: om1 0 pos 0 st1 0 fail1 0 t4 0 t4only 0 t2only 0 rtfail 0 [0.8 s]
#   unit {'pos': 1314, 'blk': None}: om1 0 pos 0 st1 0 fail1 0 t4 0 t4only 0 t2only 0 rtfail 0 [0.8 s]
#   unit {'pos': 1315, 'blk': None}: om1 0 pos 0 st1 0 fail1 0 t4 0 t4only 0 t2only 0 rtfail 0 [0.8 s]
#   unit {'pos': 1316, 'blk': None}: om1 0 pos 0 st1 0 fail1 0 t4 0 t4only 0 t2only 0 rtfail 0 [0.8 s]
#   unit {'pos': 1317, 'blk': None}: om1 17 pos 0 st1 0 fail1 0 t4 0 t4only 0 t2only 0 rtfail 0 [0.8 s]
#   unit {'pos': 1318, 'blk': None}: om1 5 pos 0 st1 0 fail1 0 t4 0 t4only 0 t2only 0 rtfail 0 [0.8 s]
#   unit {'pos': 1320, 'blk': None}: om1 0 pos 0 st1 0 fail1 0 t4 0 t4only 0 t2only 0 rtfail 0 [0.6 s]
#   unit {'pos': 1319, 'blk': None}: om1 0 pos 0 st1 0 fail1 0 t4 0 t4only 0 t2only 0 rtfail 0 [0.7 s]
#   unit {'pos': 1321, 'blk': None}: om1 0 pos 0 st1 0 fail1 0 t4 0 t4only 0 t2only 0 rtfail 0 [0.7 s]
#   unit {'pos': 1322, 'blk': None}: om1 0 pos 0 st1 0 fail1 0 t4 0 t4only 0 t2only 0 rtfail 0 [0.7 s]
#   unit {'pos': 1323, 'blk': None}: om1 0 pos 0 st1 0 fail1 0 t4 0 t4only 0 t2only 0 rtfail 0 [0.6 s]
#   unit {'pos': 1324, 'blk': None}: om1 0 pos 0 st1 0 fail1 0 t4 0 t4only 0 t2only 0 rtfail 0 [0.8 s]
#   unit {'pos': 1325, 'blk': None}: om1 0 pos 0 st1 0 fail1 0 t4 0 t4only 0 t2only 0 rtfail 0 [0.7 s]
#   unit {'pos': 1327, 'blk': None}: om1 0 pos 0 st1 0 fail1 0 t4 0 t4only 0 t2only 0 rtfail 0 [0.7 s]
#   unit {'pos': 1326, 'blk': None}: om1 0 pos 0 st1 0 fail1 0 t4 0 t4only 0 t2only 0 rtfail 0 [0.8 s]
#   unit {'pos': 1328, 'blk': None}: om1 0 pos 0 st1 0 fail1 0 t4 0 t4only 0 t2only 0 rtfail 0 [0.8 s]
#   unit {'pos': 1329, 'blk': None}: om1 0 pos 0 st1 0 fail1 0 t4 0 t4only 0 t2only 0 rtfail 0 [0.7 s]
#   unit {'pos': 1330, 'blk': None}: om1 0 pos 0 st1 0 fail1 0 t4 0 t4only 0 t2only 0 rtfail 0 [0.7 s]
#   unit {'pos': 1331, 'blk': None}: om1 0 pos 0 st1 0 fail1 0 t4 0 t4only 0 t2only 0 rtfail 0 [0.7 s]
#   unit {'pos': 1332, 'blk': None}: om1 56 pos 0 st1 0 fail1 0 t4 0 t4only 0 t2only 0 rtfail 0 [0.6 s]
#   unit {'pos': 1333, 'blk': None}: om1 11 pos 0 st1 0 fail1 0 t4 0 t4only 0 t2only 0 rtfail 0 [0.7 s]
#   unit {'pos': 1335, 'blk': None}: om1 0 pos 0 st1 0 fail1 0 t4 0 t4only 0 t2only 0 rtfail 0 [0.6 s]
#   unit {'pos': 1334, 'blk': None}: om1 0 pos 0 st1 0 fail1 0 t4 0 t4only 0 t2only 0 rtfail 0 [0.6 s]
#   unit {'pos': 1337, 'blk': None}: om1 0 pos 0 st1 0 fail1 0 t4 0 t4only 0 t2only 0 rtfail 0 [0.6 s]
#   unit {'pos': 1336, 'blk': None}: om1 86 pos 0 st1 0 fail1 0 t4 0 t4only 0 t2only 0 rtfail 0 [0.7 s]
#   unit {'pos': 1338, 'blk': None}: om1 0 pos 0 st1 0 fail1 0 t4 0 t4only 0 t2only 0 rtfail 0 [0.7 s]
#   unit {'pos': 1339, 'blk': None}: om1 0 pos 0 st1 0 fail1 0 t4 0 t4only 0 t2only 0 rtfail 0 [0.6 s]
#   unit {'pos': 1340, 'blk': None}: om1 0 pos 0 st1 0 fail1 0 t4 0 t4only 0 t2only 0 rtfail 0 [0.7 s]
#   unit {'pos': 1341, 'blk': None}: om1 0 pos 0 st1 0 fail1 0 t4 0 t4only 0 t2only 0 rtfail 0 [0.8 s]
#   unit {'pos': 1343, 'blk': None}: om1 0 pos 0 st1 0 fail1 0 t4 0 t4only 0 t2only 0 rtfail 0 [0.6 s]
#   unit {'pos': 1342, 'blk': None}: om1 0 pos 0 st1 0 fail1 0 t4 0 t4only 0 t2only 0 rtfail 0 [0.7 s]
#   unit {'pos': 1344, 'blk': None}: om1 0 pos 0 st1 0 fail1 0 t4 0 t4only 0 t2only 0 rtfail 0 [0.6 s]
#   unit {'pos': 1345, 'blk': None}: om1 0 pos 0 st1 0 fail1 0 t4 0 t4only 0 t2only 0 rtfail 0 [0.5 s]
#   unit {'pos': 1346, 'blk': None}: om1 0 pos 0 st1 0 fail1 0 t4 0 t4only 0 t2only 0 rtfail 0 [0.6 s]
#   unit {'pos': 1347, 'blk': None}: om1 0 pos 0 st1 0 fail1 0 t4 0 t4only 0 t2only 0 rtfail 0 [0.7 s]
#   unit {'pos': 1348, 'blk': None}: om1 0 pos 0 st1 0 fail1 0 t4 0 t4only 0 t2only 0 rtfail 0 [0.6 s]
#   unit {'pos': 1349, 'blk': None}: om1 0 pos 0 st1 0 fail1 0 t4 0 t4only 0 t2only 0 rtfail 0 [0.7 s]
#   unit {'pos': 1350, 'blk': None}: om1 0 pos 0 st1 0 fail1 0 t4 0 t4only 0 t2only 0 rtfail 0 [0.7 s]
#   unit {'pos': 1351, 'blk': None}: om1 0 pos 0 st1 0 fail1 0 t4 0 t4only 0 t2only 0 rtfail 0 [0.6 s]
#   unit {'pos': 1352, 'blk': None}: om1 0 pos 0 st1 0 fail1 0 t4 0 t4only 0 t2only 0 rtfail 0 [0.6 s]
#   unit {'pos': 1353, 'blk': None}: om1 0 pos 0 st1 0 fail1 0 t4 0 t4only 0 t2only 0 rtfail 0 [0.8 s]
#   unit {'pos': 1355, 'blk': None}: om1 0 pos 0 st1 0 fail1 0 t4 0 t4only 0 t2only 0 rtfail 0 [0.6 s]
#   unit {'pos': 1354, 'blk': None}: om1 0 pos 0 st1 0 fail1 0 t4 0 t4only 0 t2only 0 rtfail 0 [0.7 s]
#   unit {'pos': 1356, 'blk': None}: om1 0 pos 0 st1 0 fail1 0 t4 0 t4only 0 t2only 0 rtfail 0 [0.6 s]
#   unit {'pos': 1359, 'blk': None}: om1 0 pos 0 st1 0 fail1 0 t4 0 t4only 0 t2only 0 rtfail 0 [0.6 s]
#   unit {'pos': 1357, 'blk': None}: om1 0 pos 0 st1 0 fail1 0 t4 0 t4only 0 t2only 0 rtfail 0 [0.7 s]
#   unit {'pos': 1358, 'blk': None}: om1 0 pos 0 st1 0 fail1 0 t4 0 t4only 0 t2only 0 rtfail 0 [0.7 s]
#   unit {'pos': 1360, 'blk': None}: om1 0 pos 0 st1 0 fail1 0 t4 0 t4only 0 t2only 0 rtfail 0 [0.7 s]
#   unit {'pos': 1361, 'blk': None}: om1 0 pos 0 st1 0 fail1 0 t4 0 t4only 0 t2only 0 rtfail 0 [0.7 s]
#   unit {'pos': 1362, 'blk': None}: om1 0 pos 0 st1 0 fail1 0 t4 0 t4only 0 t2only 0 rtfail 0 [0.7 s]
#   unit {'pos': 1363, 'blk': None}: om1 0 pos 0 st1 0 fail1 0 t4 0 t4only 0 t2only 0 rtfail 0 [0.7 s]
#   unit {'pos': 1364, 'blk': None}: om1 0 pos 0 st1 0 fail1 0 t4 0 t4only 0 t2only 0 rtfail 0 [0.8 s]
#   unit {'pos': 1367, 'blk': None}: om1 0 pos 0 st1 0 fail1 0 t4 0 t4only 0 t2only 0 rtfail 0 [0.6 s]
#   unit {'pos': 1365, 'blk': None}: om1 0 pos 0 st1 0 fail1 0 t4 0 t4only 0 t2only 0 rtfail 0 [0.7 s]
#   unit {'pos': 1366, 'blk': None}: om1 0 pos 0 st1 0 fail1 0 t4 0 t4only 0 t2only 0 rtfail 0 [0.7 s]
#   unit {'pos': 1368, 'blk': None}: om1 0 pos 0 st1 0 fail1 0 t4 0 t4only 0 t2only 0 rtfail 0 [0.7 s]
#   unit {'pos': 1370, 'blk': None}: om1 0 pos 0 st1 0 fail1 0 t4 0 t4only 0 t2only 0 rtfail 0 [0.6 s]
#   unit {'pos': 1369, 'blk': None}: om1 0 pos 0 st1 0 fail1 0 t4 0 t4only 0 t2only 0 rtfail 0 [0.7 s]
#   unit {'pos': 1371, 'blk': None}: om1 0 pos 0 st1 0 fail1 0 t4 0 t4only 0 t2only 0 rtfail 0 [0.7 s]
#   unit {'pos': 1372, 'blk': None}: om1 0 pos 0 st1 0 fail1 0 t4 0 t4only 0 t2only 0 rtfail 0 [0.7 s]
#   unit {'pos': 1373, 'blk': None}: om1 0 pos 0 st1 0 fail1 0 t4 0 t4only 0 t2only 0 rtfail 0 [0.6 s]
#   unit {'pos': 1374, 'blk': None}: om1 0 pos 0 st1 0 fail1 0 t4 0 t4only 0 t2only 0 rtfail 0 [0.7 s]
#   unit {'pos': 1375, 'blk': None}: om1 0 pos 0 st1 0 fail1 0 t4 0 t4only 0 t2only 0 rtfail 0 [0.7 s]
#   unit {'pos': 1376, 'blk': None}: om1 0 pos 0 st1 0 fail1 0 t4 0 t4only 0 t2only 0 rtfail 0 [0.7 s]
#   unit {'pos': 1377, 'blk': None}: om1 0 pos 0 st1 0 fail1 0 t4 0 t4only 0 t2only 0 rtfail 0 [0.6 s]
#   unit {'pos': 1378, 'blk': None}: om1 0 pos 0 st1 0 fail1 0 t4 0 t4only 0 t2only 0 rtfail 0 [0.6 s]
#   unit {'pos': 1379, 'blk': None}: om1 0 pos 0 st1 0 fail1 0 t4 0 t4only 0 t2only 0 rtfail 0 [0.7 s]
#   unit {'pos': 1380, 'blk': None}: om1 0 pos 0 st1 0 fail1 0 t4 0 t4only 0 t2only 0 rtfail 0 [0.7 s]
#   unit {'pos': 1381, 'blk': None}: om1 0 pos 0 st1 0 fail1 0 t4 0 t4only 0 t2only 0 rtfail 0 [0.7 s]
#   unit {'pos': 1382, 'blk': None}: om1 0 pos 0 st1 0 fail1 0 t4 0 t4only 0 t2only 0 rtfail 0 [0.7 s]
#   unit {'pos': 1383, 'blk': None}: om1 0 pos 0 st1 0 fail1 0 t4 0 t4only 0 t2only 0 rtfail 0 [0.7 s]
#   unit {'pos': 1384, 'blk': None}: om1 0 pos 0 st1 0 fail1 0 t4 0 t4only 0 t2only 0 rtfail 0 [0.8 s]
#   unit {'pos': 1385, 'blk': None}: om1 0 pos 0 st1 0 fail1 0 t4 0 t4only 0 t2only 0 rtfail 0 [0.7 s]
#   unit {'pos': 1386, 'blk': None}: om1 0 pos 0 st1 0 fail1 0 t4 0 t4only 0 t2only 0 rtfail 0 [0.8 s]
#   unit {'pos': 1387, 'blk': None}: om1 0 pos 0 st1 0 fail1 0 t4 0 t4only 0 t2only 0 rtfail 0 [0.7 s]
#   unit {'pos': 1388, 'blk': None}: om1 0 pos 0 st1 0 fail1 0 t4 0 t4only 0 t2only 0 rtfail 0 [0.7 s]
#   unit {'pos': 1389, 'blk': None}: om1 0 pos 0 st1 0 fail1 0 t4 0 t4only 0 t2only 0 rtfail 0 [0.6 s]
#   unit {'pos': 1391, 'blk': None}: om1 0 pos 0 st1 0 fail1 0 t4 0 t4only 0 t2only 0 rtfail 0 [0.6 s]
#   unit {'pos': 1390, 'blk': None}: om1 0 pos 0 st1 0 fail1 0 t4 0 t4only 0 t2only 0 rtfail 0 [0.8 s]
#   unit {'pos': 1392, 'blk': None}: om1 0 pos 0 st1 0 fail1 0 t4 0 t4only 0 t2only 0 rtfail 0 [0.6 s]
#   unit {'pos': 1393, 'blk': None}: om1 0 pos 0 st1 0 fail1 0 t4 0 t4only 0 t2only 0 rtfail 0 [0.7 s]
#   unit {'pos': 1394, 'blk': None}: om1 0 pos 0 st1 0 fail1 0 t4 0 t4only 0 t2only 0 rtfail 0 [0.7 s]
#   unit {'pos': 1395, 'blk': None}: om1 0 pos 0 st1 0 fail1 0 t4 0 t4only 0 t2only 0 rtfail 0 [0.7 s]
#   unit {'pos': 1396, 'blk': None}: om1 0 pos 0 st1 0 fail1 0 t4 0 t4only 0 t2only 0 rtfail 0 [0.7 s]
#   unit {'pos': 1397, 'blk': None}: om1 0 pos 0 st1 0 fail1 0 t4 0 t4only 0 t2only 0 rtfail 0 [0.6 s]
#   unit {'pos': 1398, 'blk': None}: om1 0 pos 0 st1 0 fail1 0 t4 0 t4only 0 t2only 0 rtfail 0 [0.6 s]
#   unit {'pos': 1399, 'blk': None}: om1 0 pos 0 st1 0 fail1 0 t4 0 t4only 0 t2only 0 rtfail 0 [0.7 s]
#   unit {'pos': 1400, 'blk': None}: om1 0 pos 0 st1 0 fail1 0 t4 0 t4only 0 t2only 0 rtfail 0 [0.8 s]
#   unit {'pos': 1401, 'blk': None}: om1 0 pos 0 st1 0 fail1 0 t4 0 t4only 0 t2only 0 rtfail 0 [0.8 s]
#   unit {'pos': 1403, 'blk': None}: om1 0 pos 0 st1 0 fail1 0 t4 0 t4only 0 t2only 0 rtfail 0 [0.6 s]
#   unit {'pos': 1402, 'blk': None}: om1 0 pos 0 st1 0 fail1 0 t4 0 t4only 0 t2only 0 rtfail 0 [0.8 s]
#   unit {'pos': 1405, 'blk': None}: om1 0 pos 0 st1 0 fail1 0 t4 0 t4only 0 t2only 0 rtfail 0 [0.6 s]
#   unit {'pos': 1404, 'blk': None}: om1 0 pos 0 st1 0 fail1 0 t4 0 t4only 0 t2only 0 rtfail 0 [0.7 s]
#   unit {'pos': 1406, 'blk': None}: om1 0 pos 0 st1 0 fail1 0 t4 0 t4only 0 t2only 0 rtfail 0 [0.6 s]
#   unit {'pos': 1407, 'blk': None}: om1 0 pos 0 st1 0 fail1 0 t4 0 t4only 0 t2only 0 rtfail 0 [0.6 s]
#   unit {'pos': 1408, 'blk': None}: om1 0 pos 0 st1 0 fail1 0 t4 0 t4only 0 t2only 0 rtfail 0 [0.6 s]
#   unit {'pos': 1409, 'blk': None}: om1 598 pos 0 st1 0 fail1 0 t4 0 t4only 0 t2only 0 rtfail 0 [0.6 s]
#   unit {'pos': 1410, 'blk': None}: om1 633 pos 0 st1 0 fail1 0 t4 0 t4only 0 t2only 0 rtfail 0 [0.6 s]
#   unit {'pos': 1411, 'blk': None}: om1 0 pos 0 st1 0 fail1 0 t4 0 t4only 0 t2only 0 rtfail 0 [0.6 s]
#   unit {'pos': 1412, 'blk': None}: om1 349 pos 0 st1 0 fail1 0 t4 0 t4only 0 t2only 0 rtfail 0 [0.6 s]
#   unit {'pos': 1415, 'blk': None}: om1 35975 pos 0 st1 0 fail1 0 t4 0 t4only 0 t2only 0 rtfail 0 [1.8 s]
#   unit {'pos': 1413, 'blk': None}: om1 41179 pos 0 st1 0 fail1 0 t4 0 t4only 0 t2only 0 rtfail 0 [2.0 s]
#   unit {'pos': 1414, 'blk': None}: om1 39779 pos 0 st1 0 fail1 0 t4 0 t4only 0 t2only 0 rtfail 0 [2.0 s]
#   unit {'pos': 1416, 'blk': None}: om1 32612 pos 0 st1 0 fail1 0 t4 0 t4only 0 t2only 0 rtfail 0 [1.6 s]
#   unit {'pos': 1418, 'blk': None}: om1 32714 pos 0 st1 0 fail1 0 t4 0 t4only 0 t2only 0 rtfail 0 [1.4 s]
#   unit {'pos': 1417, 'blk': None}: om1 34816 pos 0 st1 0 fail1 0 t4 0 t4only 0 t2only 0 rtfail 0 [1.6 s]
#   unit {'pos': 1419, 'blk': None}: om1 29263 pos 0 st1 0 fail1 0 t4 0 t4only 0 t2only 0 rtfail 0 [1.9 s]
#   unit {'pos': 1420, 'blk': None}: om1 28873 pos 0 st1 0 fail1 0 t4 0 t4only 0 t2only 0 rtfail 0 [2.1 s]
#   unit {'pos': 1421, 'blk': None}: om1 16381 pos 0 st1 0 fail1 0 t4 0 t4only 0 t2only 0 rtfail 0 [1.1 s]
#   unit {'pos': 1422, 'blk': None}: om1 12570 pos 0 st1 0 fail1 0 t4 0 t4only 0 t2only 0 rtfail 0 [1.0 s]
#   unit {'pos': 1423, 'blk': None}: om1 12675 pos 0 st1 0 fail1 0 t4 0 t4only 0 t2only 0 rtfail 0 [1.1 s]
#   unit {'pos': 1424, 'blk': None}: om1 12740 pos 0 st1 0 fail1 0 t4 0 t4only 0 t2only 0 rtfail 0 [1.0 s]
#   unit {'pos': 1426, 'blk': None}: om1 9170 pos 0 st1 0 fail1 0 t4 0 t4only 0 t2only 0 rtfail 0 [0.9 s]
#   unit {'pos': 1428, 'blk': None}: om1 8267 pos 0 st1 0 fail1 0 t4 0 t4only 0 t2only 0 rtfail 0 [0.8 s]
#   unit {'pos': 1427, 'blk': None}: om1 16021 pos 0 st1 0 fail1 0 t4 0 t4only 0 t2only 0 rtfail 0 [1.3 s]
#   unit {'pos': 1425, 'blk': None}: om1 28840 pos 0 st1 0 fail1 0 t4 0 t4only 0 t2only 0 rtfail 0 [2.1 s]
#   unit {'pos': 1429, 'blk': None}: om1 20760 pos 0 st1 0 fail1 0 t4 0 t4only 0 t2only 0 rtfail 0 [1.6 s]
#   unit {'pos': 1431, 'blk': None}: om1 17427 pos 0 st1 0 fail1 0 t4 0 t4only 0 t2only 0 rtfail 0 [1.3 s]
#   unit {'pos': 1430, 'blk': None}: om1 20461 pos 48 st1 48 fail1 0 t4 0 t4only 0 t2only 0 rtfail 0 [1.5 s]
#   unit {'pos': 1433, 'blk': None}: om1 18663 pos 0 st1 0 fail1 0 t4 0 t4only 0 t2only 0 rtfail 0 [1.3 s]
#   unit {'pos': 1432, 'blk': None}: om1 31281 pos 0 st1 0 fail1 0 t4 0 t4only 0 t2only 0 rtfail 0 [1.9 s]
#   unit {'pos': 1435, 'blk': None}: om1 13581 pos 0 st1 0 fail1 0 t4 0 t4only 0 t2only 0 rtfail 0 [1.2 s]
#   unit {'pos': 1434, 'blk': None}: om1 20135 pos 0 st1 0 fail1 0 t4 0 t4only 0 t2only 0 rtfail 0 [1.4 s]
#   unit {'pos': 1436, 'blk': None}: om1 11130 pos 0 st1 0 fail1 0 t4 0 t4only 0 t2only 0 rtfail 0 [1.0 s]
#   unit {'pos': 1437, 'blk': None}: om1 21500 pos 24 st1 24 fail1 0 t4 0 t4only 0 t2only 0 rtfail 0 [1.6 s]
#   unit {'pos': 1438, 'blk': None}: om1 22899 pos 68 st1 68 fail1 0 t4 0 t4only 0 t2only 0 rtfail 0 [1.7 s]
#   unit {'pos': 1439, 'blk': None}: om1 21214 pos 0 st1 0 fail1 0 t4 0 t4only 0 t2only 0 rtfail 0 [1.5 s]
#   unit {'pos': 1440, 'blk': None}: om1 20855 pos 0 st1 0 fail1 0 t4 0 t4only 0 t2only 0 rtfail 0 [1.6 s]
#   unit {'pos': 1441, 'blk': None}: om1 16615 pos 0 st1 0 fail1 0 t4 0 t4only 0 t2only 0 rtfail 0 [1.3 s]
#   unit {'pos': 1443, 'blk': None}: om1 14549 pos 0 st1 0 fail1 0 t4 0 t4only 0 t2only 0 rtfail 0 [1.2 s]
#   unit {'pos': 1442, 'blk': None}: om1 15713 pos 0 st1 0 fail1 0 t4 0 t4only 0 t2only 0 rtfail 0 [1.3 s]
#   unit {'pos': 1444, 'blk': None}: om1 12523 pos 0 st1 0 fail1 0 t4 0 t4only 0 t2only 0 rtfail 0 [1.1 s]
#   unit {'pos': 1445, 'blk': None}: om1 13001 pos 0 st1 0 fail1 0 t4 0 t4only 0 t2only 0 rtfail 0 [1.1 s]
#   unit {'pos': 1447, 'blk': None}: om1 11345 pos 0 st1 0 fail1 0 t4 0 t4only 0 t2only 0 rtfail 0 [1.2 s]
#   unit {'pos': 1448, 'blk': None}: om1 5745 pos 0 st1 0 fail1 0 t4 0 t4only 0 t2only 0 rtfail 0 [1.0 s]
#   unit {'pos': 1446, 'blk': None}: om1 15011 pos 0 st1 0 fail1 0 t4 0 t4only 0 t2only 0 rtfail 0 [1.3 s]
#   unit {'pos': 1449, 'blk': None}: om1 8852 pos 0 st1 0 fail1 0 t4 0 t4only 0 t2only 0 rtfail 0 [0.9 s]
#   unit {'pos': 1451, 'blk': None}: om1 6936 pos 0 st1 0 fail1 0 t4 0 t4only 0 t2only 0 rtfail 0 [0.8 s]
#   unit {'pos': 1450, 'blk': None}: om1 8693 pos 0 st1 0 fail1 0 t4 0 t4only 0 t2only 0 rtfail 0 [1.0 s]
#   unit {'pos': 1452, 'blk': None}: om1 7972 pos 0 st1 0 fail1 0 t4 0 t4only 0 t2only 0 rtfail 0 [0.9 s]
#   unit {'pos': 1453, 'blk': None}: om1 4820 pos 0 st1 0 fail1 0 t4 0 t4only 0 t2only 0 rtfail 0 [0.8 s]
#   unit {'pos': 1454, 'blk': None}: om1 3428 pos 0 st1 0 fail1 0 t4 0 t4only 0 t2only 0 rtfail 0 [0.8 s]
#   unit {'pos': 1455, 'blk': None}: om1 6988 pos 0 st1 0 fail1 0 t4 0 t4only 0 t2only 0 rtfail 0 [1.2 s]
#   unit {'pos': 1456, 'blk': None}: om1 5282 pos 0 st1 0 fail1 0 t4 0 t4only 0 t2only 0 rtfail 0 [1.1 s]
#   unit {'pos': 1458, 'blk': None}: om1 11166 pos 0 st1 0 fail1 0 t4 0 t4only 0 t2only 0 rtfail 0 [1.4 s]
#   unit {'pos': 1457, 'blk': None}: om1 23797 pos 0 st1 0 fail1 0 t4 0 t4only 0 t2only 0 rtfail 0 [2.1 s]
#   unit {'pos': 1460, 'blk': None}: om1 15493 pos 0 st1 0 fail1 0 t4 0 t4only 0 t2only 0 rtfail 0 [1.7 s]
#   unit {'pos': 1459, 'blk': None}: om1 16255 pos 0 st1 0 fail1 0 t4 0 t4only 0 t2only 0 rtfail 0 [1.7 s]
#   unit {'pos': 1461, 'blk': None}: om1 5689 pos 0 st1 0 fail1 0 t4 0 t4only 0 t2only 0 rtfail 0 [1.0 s]
#   unit {'pos': 1462, 'blk': None}: om1 5157 pos 0 st1 0 fail1 0 t4 0 t4only 0 t2only 0 rtfail 0 [0.8 s]
#   unit {'pos': 1463, 'blk': None}: om1 4021 pos 0 st1 0 fail1 0 t4 0 t4only 0 t2only 0 rtfail 0 [0.7 s]
#   unit {'pos': 1465, 'blk': None}: om1 8968 pos 0 st1 0 fail1 0 t4 0 t4only 0 t2only 0 rtfail 0 [0.9 s]
#   unit {'pos': 1464, 'blk': None}: om1 8830 pos 0 st1 0 fail1 0 t4 0 t4only 0 t2only 0 rtfail 0 [1.1 s]
#   unit {'pos': 1466, 'blk': None}: om1 10096 pos 148 st1 148 fail1 0 t4 0 t4only 0 t2only 0 rtfail 0 [1.0 s]
#   unit {'pos': 1468, 'blk': None}: om1 10343 pos 0 st1 0 fail1 0 t4 0 t4only 0 t2only 0 rtfail 0 [1.2 s]
#   unit {'pos': 1469, 'blk': None}: om1 7269 pos 0 st1 0 fail1 0 t4 0 t4only 0 t2only 0 rtfail 0 [1.2 s]
#   unit {'pos': 1470, 'blk': None}: om1 6017 pos 0 st1 0 fail1 0 t4 0 t4only 0 t2only 0 rtfail 0 [0.8 s]
#   unit {'pos': 1467, 'blk': None}: om1 22184 pos 0 st1 0 fail1 0 t4 0 t4only 0 t2only 0 rtfail 0 [2.3 s]
#   unit {'pos': 1471, 'blk': None}: om1 3517 pos 0 st1 0 fail1 0 t4 0 t4only 0 t2only 0 rtfail 0 [0.9 s]
#   unit {'pos': 1473, 'blk': None}: om1 2716 pos 0 st1 0 fail1 0 t4 0 t4only 0 t2only 0 rtfail 0 [0.8 s]
#   unit {'pos': 1472, 'blk': None}: om1 4843 pos 0 st1 0 fail1 0 t4 0 t4only 0 t2only 0 rtfail 0 [0.8 s]
#   unit {'pos': 1477, 'blk': None}: om1 3384 pos 0 st1 0 fail1 0 t4 0 t4only 0 t2only 0 rtfail 0 [0.8 s]
#   unit {'pos': 1476, 'blk': None}: om1 7138 pos 0 st1 0 fail1 0 t4 0 t4only 0 t2only 0 rtfail 0 [1.1 s]
#   unit {'pos': 1475, 'blk': None}: om1 11900 pos 0 st1 0 fail1 0 t4 0 t4only 0 t2only 0 rtfail 0 [1.4 s]
#   unit {'pos': 1474, 'blk': None}: om1 13393 pos 0 st1 0 fail1 0 t4 0 t4only 0 t2only 0 rtfail 0 [1.5 s]
#   unit {'pos': 1478, 'blk': None}: om1 5000 pos 0 st1 0 fail1 0 t4 0 t4only 0 t2only 0 rtfail 0 [0.9 s]
#   unit {'pos': 1479, 'blk': None}: om1 3295 pos 0 st1 0 fail1 0 t4 0 t4only 0 t2only 0 rtfail 0 [0.8 s]
#   unit {'pos': 1480, 'blk': None}: om1 5274 pos 0 st1 0 fail1 0 t4 0 t4only 0 t2only 0 rtfail 0 [0.8 s]
#   unit {'pos': 1481, 'blk': None}: om1 4600 pos 0 st1 0 fail1 0 t4 0 t4only 0 t2only 0 rtfail 0 [0.8 s]
#   unit {'pos': 1482, 'blk': None}: om1 5162 pos 0 st1 0 fail1 0 t4 0 t4only 0 t2only 0 rtfail 0 [1.0 s]
#   unit {'pos': 1483, 'blk': None}: om1 4973 pos 0 st1 0 fail1 0 t4 0 t4only 0 t2only 0 rtfail 0 [0.9 s]
#   unit {'pos': 1484, 'blk': None}: om1 2888 pos 0 st1 0 fail1 0 t4 0 t4only 0 t2only 0 rtfail 0 [0.8 s]
#   unit {'pos': 1485, 'blk': None}: om1 11586 pos 0 st1 0 fail1 0 t4 0 t4only 0 t2only 0 rtfail 0 [1.1 s]
#   unit {'pos': 1486, 'blk': None}: om1 5012 pos 0 st1 0 fail1 0 t4 0 t4only 0 t2only 0 rtfail 0 [0.9 s]
#   unit {'pos': 1487, 'blk': None}: om1 3047 pos 0 st1 0 fail1 0 t4 0 t4only 0 t2only 0 rtfail 0 [0.8 s]
#   unit {'pos': 1488, 'blk': None}: om1 7750 pos 0 st1 0 fail1 0 t4 0 t4only 0 t2only 0 rtfail 0 [1.0 s]
#   unit {'pos': 1489, 'blk': None}: om1 6327 pos 0 st1 0 fail1 0 t4 0 t4only 0 t2only 0 rtfail 0 [0.9 s]
#   unit {'pos': 1490, 'blk': None}: om1 5234 pos 0 st1 0 fail1 0 t4 0 t4only 0 t2only 0 rtfail 0 [0.8 s]
#   unit {'pos': 1491, 'blk': None}: om1 4470 pos 0 st1 0 fail1 0 t4 0 t4only 0 t2only 0 rtfail 0 [0.9 s]
#   unit {'pos': 1492, 'blk': None}: om1 5964 pos 0 st1 0 fail1 0 t4 0 t4only 0 t2only 0 rtfail 0 [0.8 s]
#   unit {'pos': 1493, 'blk': None}: om1 8915 pos 0 st1 0 fail1 0 t4 0 t4only 0 t2only 0 rtfail 0 [1.0 s]
#   unit {'pos': 1495, 'blk': None}: om1 5160 pos 0 st1 0 fail1 0 t4 0 t4only 0 t2only 0 rtfail 0 [0.9 s]
#   unit {'pos': 1496, 'blk': None}: om1 4838 pos 0 st1 0 fail1 0 t4 0 t4only 0 t2only 0 rtfail 0 [0.8 s]
#   unit {'pos': 1494, 'blk': None}: om1 10599 pos 0 st1 0 fail1 0 t4 0 t4only 0 t2only 0 rtfail 0 [1.4 s]
#   unit {'pos': 1497, 'blk': None}: om1 6093 pos 0 st1 0 fail1 0 t4 0 t4only 0 t2only 0 rtfail 0 [0.9 s]
#   unit {'pos': 1498, 'blk': None}: om1 4573 pos 0 st1 0 fail1 0 t4 0 t4only 0 t2only 0 rtfail 0 [0.8 s]
#   unit {'pos': 1499, 'blk': None}: om1 3903 pos 0 st1 0 fail1 0 t4 0 t4only 0 t2only 0 rtfail 0 [0.9 s]
#   unit {'pos': 1500, 'blk': None}: om1 5255 pos 0 st1 0 fail1 0 t4 0 t4only 0 t2only 0 rtfail 0 [0.8 s]
#   unit {'pos': 1501, 'blk': None}: om1 4221 pos 0 st1 0 fail1 0 t4 0 t4only 0 t2only 0 rtfail 0 [0.8 s]
#   unit {'pos': 1502, 'blk': None}: om1 4888 pos 0 st1 0 fail1 0 t4 0 t4only 0 t2only 0 rtfail 0 [0.8 s]
#   unit {'pos': 1503, 'blk': None}: om1 4224 pos 0 st1 0 fail1 0 t4 0 t4only 0 t2only 0 rtfail 0 [0.8 s]
#   unit {'pos': 1504, 'blk': None}: om1 4441 pos 0 st1 0 fail1 0 t4 0 t4only 0 t2only 0 rtfail 0 [0.8 s]
#   unit {'pos': 1506, 'blk': None}: om1 7228 pos 0 st1 0 fail1 0 t4 0 t4only 0 t2only 0 rtfail 0 [0.8 s]
#   unit {'pos': 1505, 'blk': None}: om1 7746 pos 0 st1 0 fail1 0 t4 0 t4only 0 t2only 0 rtfail 0 [0.9 s]
#   unit {'pos': 1507, 'blk': None}: om1 5983 pos 0 st1 0 fail1 0 t4 0 t4only 0 t2only 0 rtfail 0 [0.7 s]
#   unit {'pos': 1508, 'blk': None}: om1 8115 pos 0 st1 0 fail1 0 t4 0 t4only 0 t2only 0 rtfail 0 [0.9 s]
#   unit {'pos': 1509, 'blk': None}: om1 3603 pos 0 st1 0 fail1 0 t4 0 t4only 0 t2only 0 rtfail 0 [0.8 s]
#   unit {'pos': 1511, 'blk': None}: om1 1458 pos 0 st1 0 fail1 0 t4 0 t4only 0 t2only 0 rtfail 0 [0.6 s]
#   unit {'pos': 1510, 'blk': None}: om1 4099 pos 0 st1 0 fail1 0 t4 0 t4only 0 t2only 0 rtfail 0 [0.8 s]
#   unit {'pos': 1512, 'blk': None}: om1 3335 pos 0 st1 0 fail1 0 t4 0 t4only 0 t2only 0 rtfail 0 [0.7 s]
#   unit {'pos': 1515, 'blk': None}: om1 950 pos 0 st1 0 fail1 0 t4 0 t4only 0 t2only 0 rtfail 0 [0.7 s]
#   unit {'pos': 1513, 'blk': None}: om1 2831 pos 0 st1 0 fail1 0 t4 0 t4only 0 t2only 0 rtfail 0 [0.8 s]
#   unit {'pos': 1514, 'blk': None}: om1 4157 pos 0 st1 0 fail1 0 t4 0 t4only 0 t2only 0 rtfail 0 [1.0 s]
#   unit {'pos': 1516, 'blk': None}: om1 2031 pos 0 st1 0 fail1 0 t4 0 t4only 0 t2only 0 rtfail 0 [0.7 s]
#   unit {'pos': 1517, 'blk': None}: om1 1018 pos 0 st1 0 fail1 0 t4 0 t4only 0 t2only 0 rtfail 0 [0.6 s]
#   unit {'pos': 1518, 'blk': None}: om1 1406 pos 0 st1 0 fail1 0 t4 0 t4only 0 t2only 0 rtfail 0 [0.7 s]
#   unit {'pos': 1519, 'blk': None}: om1 1169 pos 0 st1 0 fail1 0 t4 0 t4only 0 t2only 0 rtfail 0 [0.7 s]
#   unit {'pos': 1520, 'blk': None}: om1 1688 pos 0 st1 0 fail1 0 t4 0 t4only 0 t2only 0 rtfail 0 [0.7 s]
#   unit {'pos': 1521, 'blk': None}: om1 2490 pos 0 st1 0 fail1 0 t4 0 t4only 0 t2only 0 rtfail 0 [0.7 s]
#   unit {'pos': 1522, 'blk': None}: om1 1421 pos 0 st1 0 fail1 0 t4 0 t4only 0 t2only 0 rtfail 0 [0.6 s]
#   unit {'pos': 1523, 'blk': None}: om1 936 pos 0 st1 0 fail1 0 t4 0 t4only 0 t2only 0 rtfail 0 [0.6 s]
#   unit {'pos': 1524, 'blk': None}: om1 1148 pos 0 st1 0 fail1 0 t4 0 t4only 0 t2only 0 rtfail 0 [0.7 s]
#   unit {'pos': 1525, 'blk': None}: om1 2113 pos 0 st1 0 fail1 0 t4 0 t4only 0 t2only 0 rtfail 0 [0.7 s]
#   unit {'pos': 1526, 'blk': None}: om1 1945 pos 0 st1 0 fail1 0 t4 0 t4only 0 t2only 0 rtfail 0 [0.7 s]
#   unit {'pos': 1527, 'blk': None}: om1 765 pos 0 st1 0 fail1 0 t4 0 t4only 0 t2only 0 rtfail 0 [0.6 s]
#   unit {'pos': 1528, 'blk': None}: om1 2110 pos 0 st1 0 fail1 0 t4 0 t4only 0 t2only 0 rtfail 0 [0.7 s]
#   unit {'pos': 1529, 'blk': None}: om1 1551 pos 0 st1 0 fail1 0 t4 0 t4only 0 t2only 0 rtfail 0 [0.7 s]
#   unit {'pos': 1530, 'blk': None}: om1 2898 pos 0 st1 0 fail1 0 t4 0 t4only 0 t2only 0 rtfail 0 [0.8 s]
#   unit {'pos': 1531, 'blk': None}: om1 1436 pos 0 st1 0 fail1 0 t4 0 t4only 0 t2only 0 rtfail 0 [0.7 s]
#   unit {'pos': 1532, 'blk': None}: om1 2953 pos 0 st1 0 fail1 0 t4 0 t4only 0 t2only 0 rtfail 0 [0.8 s]
#   unit {'pos': 1533, 'blk': None}: om1 1422 pos 0 st1 0 fail1 0 t4 0 t4only 0 t2only 0 rtfail 0 [0.6 s]
#   unit {'pos': 1534, 'blk': None}: om1 1553 pos 0 st1 0 fail1 0 t4 0 t4only 0 t2only 0 rtfail 0 [0.7 s]
#   unit {'pos': 1535, 'blk': None}: om1 1849 pos 0 st1 0 fail1 0 t4 0 t4only 0 t2only 0 rtfail 0 [0.7 s]
#   unit {'pos': 1536, 'blk': None}: om1 2384 pos 0 st1 0 fail1 0 t4 0 t4only 0 t2only 0 rtfail 0 [0.7 s]
#   unit {'pos': 1538, 'blk': None}: om1 11455 pos 0 st1 0 fail1 0 t4 0 t4only 0 t2only 0 rtfail 0 [0.9 s]
#   unit {'pos': 1539, 'blk': None}: om1 11120 pos 0 st1 0 fail1 0 t4 0 t4only 0 t2only 0 rtfail 0 [0.9 s]
#   unit {'pos': 1540, 'blk': None}: om1 11069 pos 0 st1 0 fail1 0 t4 0 t4only 0 t2only 0 rtfail 0 [0.9 s]
#   unit {'pos': 1537, 'blk': None}: om1 21708 pos 0 st1 0 fail1 0 t4 0 t4only 0 t2only 0 rtfail 0 [1.5 s]
#   unit {'pos': 1542, 'blk': None}: om1 10233 pos 0 st1 0 fail1 0 t4 0 t4only 0 t2only 0 rtfail 0 [0.8 s]
#   unit {'pos': 1541, 'blk': None}: om1 11709 pos 0 st1 0 fail1 0 t4 0 t4only 0 t2only 0 rtfail 0 [1.0 s]
#   unit {'pos': 1543, 'blk': None}: om1 8803 pos 0 st1 0 fail1 0 t4 0 t4only 0 t2only 0 rtfail 0 [0.7 s]
#   unit {'pos': 1544, 'blk': None}: om1 9791 pos 0 st1 0 fail1 0 t4 0 t4only 0 t2only 0 rtfail 0 [0.8 s]
#   unit {'pos': 1547, 'blk': None}: om1 7005 pos 0 st1 0 fail1 0 t4 0 t4only 0 t2only 0 rtfail 0 [0.7 s]
#   unit {'pos': 1546, 'blk': None}: om1 8738 pos 0 st1 0 fail1 0 t4 0 t4only 0 t2only 0 rtfail 0 [0.8 s]
#   unit {'pos': 1545, 'blk': None}: om1 13795 pos 0 st1 0 fail1 0 t4 0 t4only 0 t2only 0 rtfail 0 [1.0 s]
#   unit {'pos': 1549, 'blk': None}: om1 981 pos 0 st1 0 fail1 0 t4 0 t4only 0 t2only 0 rtfail 0 [0.6 s]
#   unit {'pos': 1550, 'blk': None}: om1 808 pos 0 st1 0 fail1 0 t4 0 t4only 0 t2only 0 rtfail 0 [0.6 s]
#   unit {'pos': 1551, 'blk': None}: om1 796 pos 0 st1 0 fail1 0 t4 0 t4only 0 t2only 0 rtfail 0 [0.6 s]
#   unit {'pos': 1548, 'blk': None}: om1 20566 pos 0 st1 0 fail1 0 t4 0 t4only 0 t2only 0 rtfail 0 [1.8 s]
#   unit {'pos': 1552, 'blk': None}: om1 1495 pos 0 st1 0 fail1 0 t4 0 t4only 0 t2only 0 rtfail 0 [0.6 s]
#   unit {'pos': 1553, 'blk': None}: om1 2332 pos 0 st1 0 fail1 0 t4 0 t4only 0 t2only 0 rtfail 0 [0.6 s]
#   unit {'pos': 1554, 'blk': None}: om1 2106 pos 0 st1 0 fail1 0 t4 0 t4only 0 t2only 0 rtfail 0 [0.7 s]
#   unit {'pos': 1556, 'blk': None}: om1 1767 pos 0 st1 0 fail1 0 t4 0 t4only 0 t2only 0 rtfail 0 [0.6 s]
#   unit {'pos': 1557, 'blk': None}: om1 2723 pos 0 st1 0 fail1 0 t4 0 t4only 0 t2only 0 rtfail 0 [0.7 s]
#   unit {'pos': 1558, 'blk': None}: om1 588 pos 0 st1 0 fail1 0 t4 0 t4only 0 t2only 0 rtfail 0 [0.6 s]
#   unit {'pos': 1555, 'blk': None}: om1 3912 pos 0 st1 0 fail1 0 t4 0 t4only 0 t2only 0 rtfail 0 [0.8 s]
#   unit {'pos': 1561, 'blk': None}: om1 2043 pos 0 st1 0 fail1 0 t4 0 t4only 0 t2only 0 rtfail 0 [0.6 s]
#   unit {'pos': 1560, 'blk': None}: om1 4768 pos 0 st1 0 fail1 0 t4 0 t4only 0 t2only 0 rtfail 0 [0.7 s]
#   unit {'pos': 1559, 'blk': None}: om1 5056 pos 0 st1 0 fail1 0 t4 0 t4only 0 t2only 0 rtfail 0 [0.9 s]
#   unit {'pos': 1562, 'blk': None}: om1 3450 pos 0 st1 0 fail1 0 t4 0 t4only 0 t2only 0 rtfail 0 [0.8 s]
#   unit {'pos': 1563, 'blk': None}: om1 1856 pos 0 st1 0 fail1 0 t4 0 t4only 0 t2only 0 rtfail 0 [0.7 s]
#   unit {'pos': 1564, 'blk': None}: om1 1901 pos 0 st1 0 fail1 0 t4 0 t4only 0 t2only 0 rtfail 0 [0.7 s]
#   unit {'pos': 1565, 'blk': None}: om1 0 pos 0 st1 0 fail1 0 t4 0 t4only 0 t2only 0 rtfail 0 [0.6 s]
#   unit {'pos': 1566, 'blk': None}: om1 2360 pos 0 st1 0 fail1 0 t4 0 t4only 0 t2only 0 rtfail 0 [0.7 s]
#   unit {'pos': 1567, 'blk': None}: om1 1802 pos 0 st1 0 fail1 0 t4 0 t4only 0 t2only 0 rtfail 0 [0.6 s]
#   unit {'pos': 1570, 'blk': None}: om1 1709 pos 0 st1 0 fail1 0 t4 0 t4only 0 t2only 0 rtfail 0 [0.6 s]
#   unit {'pos': 1569, 'blk': None}: om1 1536 pos 0 st1 0 fail1 0 t4 0 t4only 0 t2only 0 rtfail 0 [0.7 s]
#   unit {'pos': 1568, 'blk': None}: om1 2856 pos 0 st1 0 fail1 0 t4 0 t4only 0 t2only 0 rtfail 0 [0.7 s]
#   unit {'pos': 1571, 'blk': None}: om1 0 pos 0 st1 0 fail1 0 t4 0 t4only 0 t2only 0 rtfail 0 [0.6 s]
#   unit {'pos': 1572, 'blk': None}: om1 1908 pos 0 st1 0 fail1 0 t4 0 t4only 0 t2only 0 rtfail 0 [0.7 s]
#   unit {'pos': 1573, 'blk': None}: om1 3168 pos 0 st1 0 fail1 0 t4 0 t4only 0 t2only 0 rtfail 0 [0.8 s]
#   unit {'pos': 1574, 'blk': None}: om1 5207 pos 0 st1 0 fail1 0 t4 0 t4only 0 t2only 0 rtfail 0 [1.0 s]
#   unit {'pos': 1575, 'blk': None}: om1 1708 pos 0 st1 0 fail1 0 t4 0 t4only 0 t2only 0 rtfail 0 [0.7 s]
#   unit {'pos': 1576, 'blk': None}: om1 1249 pos 0 st1 0 fail1 0 t4 0 t4only 0 t2only 0 rtfail 0 [0.8 s]
#   unit {'pos': 1577, 'blk': None}: om1 4016 pos 0 st1 0 fail1 0 t4 0 t4only 0 t2only 0 rtfail 0 [0.7 s]
#   unit {'pos': 1578, 'blk': None}: om1 2194 pos 0 st1 0 fail1 0 t4 0 t4only 0 t2only 0 rtfail 0 [0.7 s]
#   unit {'pos': 1579, 'blk': None}: om1 3840 pos 0 st1 0 fail1 0 t4 0 t4only 0 t2only 0 rtfail 0 [0.8 s]
#   unit {'pos': 1580, 'blk': None}: om1 2213 pos 0 st1 0 fail1 0 t4 0 t4only 0 t2only 0 rtfail 0 [0.8 s]
#   unit {'pos': 1581, 'blk': None}: om1 5231 pos 0 st1 0 fail1 0 t4 0 t4only 0 t2only 0 rtfail 0 [0.9 s]
#   unit {'pos': 1582, 'blk': None}: om1 4828 pos 0 st1 0 fail1 0 t4 0 t4only 0 t2only 0 rtfail 0 [1.0 s]
#   unit {'pos': 1583, 'blk': None}: om1 5746 pos 0 st1 0 fail1 0 t4 0 t4only 0 t2only 0 rtfail 0 [1.3 s]
#   unit {'pos': 1584, 'blk': None}: om1 5740 pos 0 st1 0 fail1 0 t4 0 t4only 0 t2only 0 rtfail 0 [1.1 s]
#   unit {'pos': 1586, 'blk': None}: om1 2815 pos 0 st1 0 fail1 0 t4 0 t4only 0 t2only 0 rtfail 0 [0.8 s]
#   unit {'pos': 1585, 'blk': None}: om1 7444 pos 0 st1 0 fail1 0 t4 0 t4only 0 t2only 0 rtfail 0 [1.3 s]
#   unit {'pos': 1587, 'blk': None}: om1 1542 pos 0 st1 0 fail1 0 t4 0 t4only 0 t2only 0 rtfail 0 [0.9 s]
#   unit {'pos': 1588, 'blk': None}: om1 1094 pos 0 st1 0 fail1 0 t4 0 t4only 0 t2only 0 rtfail 0 [0.7 s]
#   unit {'pos': 1589, 'blk': None}: om1 0 pos 0 st1 0 fail1 0 t4 0 t4only 0 t2only 0 rtfail 0 [0.6 s]
#   unit {'pos': 1590, 'blk': None}: om1 679 pos 0 st1 0 fail1 0 t4 0 t4only 0 t2only 0 rtfail 0 [0.7 s]
#   unit {'pos': 1591, 'blk': None}: om1 1179 pos 0 st1 0 fail1 0 t4 0 t4only 0 t2only 0 rtfail 0 [0.7 s]
#   unit {'pos': 1592, 'blk': None}: om1 4978 pos 0 st1 0 fail1 0 t4 0 t4only 0 t2only 0 rtfail 0 [0.8 s]
#   unit {'pos': 1593, 'blk': None}: om1 5772 pos 0 st1 0 fail1 0 t4 0 t4only 0 t2only 0 rtfail 0 [1.0 s]
#   unit {'pos': 1594, 'blk': None}: om1 4778 pos 0 st1 0 fail1 0 t4 0 t4only 0 t2only 0 rtfail 0 [0.8 s]
#   unit {'pos': 1595, 'blk': None}: om1 7837 pos 0 st1 0 fail1 0 t4 0 t4only 0 t2only 0 rtfail 0 [0.9 s]
#   unit {'pos': 1597, 'blk': None}: om1 0 pos 0 st1 0 fail1 0 t4 0 t4only 0 t2only 0 rtfail 0 [0.6 s]
#   unit {'pos': 1596, 'blk': None}: om1 5559 pos 0 st1 0 fail1 0 t4 0 t4only 0 t2only 0 rtfail 0 [1.0 s]
#   unit {'pos': 1598, 'blk': None}: om1 1697 pos 0 st1 0 fail1 0 t4 0 t4only 0 t2only 0 rtfail 0 [0.8 s]
#   unit {'pos': 1599, 'blk': None}: om1 0 pos 0 st1 0 fail1 0 t4 0 t4only 0 t2only 0 rtfail 0 [0.6 s]
#   unit {'pos': 1601, 'blk': None}: om1 255 pos 0 st1 0 fail1 0 t4 0 t4only 0 t2only 0 rtfail 0 [0.6 s]
#   unit {'pos': 1600, 'blk': None}: om1 1167 pos 0 st1 0 fail1 0 t4 0 t4only 0 t2only 0 rtfail 0 [0.7 s]
#   unit {'pos': 1602, 'blk': None}: om1 390 pos 0 st1 0 fail1 0 t4 0 t4only 0 t2only 0 rtfail 0 [0.7 s]
#   unit {'pos': 1603, 'blk': None}: om1 621 pos 0 st1 0 fail1 0 t4 0 t4only 0 t2only 0 rtfail 0 [0.6 s]
#   unit {'pos': 1604, 'blk': None}: om1 805 pos 0 st1 0 fail1 0 t4 0 t4only 0 t2only 0 rtfail 0 [0.8 s]
#   unit {'pos': 1605, 'blk': None}: om1 687 pos 0 st1 0 fail1 0 t4 0 t4only 0 t2only 0 rtfail 0 [0.8 s]
#   unit {'pos': 1606, 'blk': None}: om1 457 pos 0 st1 0 fail1 0 t4 0 t4only 0 t2only 0 rtfail 0 [0.6 s]
#   unit {'pos': 1607, 'blk': None}: om1 732 pos 0 st1 0 fail1 0 t4 0 t4only 0 t2only 0 rtfail 0 [0.7 s]
#   unit {'pos': 1609, 'blk': None}: om1 325 pos 0 st1 0 fail1 0 t4 0 t4only 0 t2only 0 rtfail 0 [0.5 s]
#   unit {'pos': 1608, 'blk': None}: om1 580 pos 0 st1 0 fail1 0 t4 0 t4only 0 t2only 0 rtfail 0 [0.6 s]
#   unit {'pos': 1610, 'blk': None}: om1 576 pos 0 st1 0 fail1 0 t4 0 t4only 0 t2only 0 rtfail 0 [0.7 s]
#   unit {'pos': 1611, 'blk': None}: om1 360 pos 0 st1 0 fail1 0 t4 0 t4only 0 t2only 0 rtfail 0 [0.6 s]
#   unit {'pos': 1612, 'blk': None}: om1 2230 pos 0 st1 0 fail1 0 t4 0 t4only 0 t2only 0 rtfail 0 [0.7 s]
#   unit {'pos': 1613, 'blk': None}: om1 382 pos 0 st1 0 fail1 0 t4 0 t4only 0 t2only 0 rtfail 0 [0.8 s]
#   unit {'pos': 1615, 'blk': None}: om1 0 pos 0 st1 0 fail1 0 t4 0 t4only 0 t2only 0 rtfail 0 [0.7 s]
#   unit {'pos': 1614, 'blk': None}: om1 389 pos 0 st1 0 fail1 0 t4 0 t4only 0 t2only 0 rtfail 0 [0.8 s]
#   unit {'pos': 1616, 'blk': None}: om1 1964 pos 0 st1 0 fail1 0 t4 0 t4only 0 t2only 0 rtfail 0 [0.7 s]
#   unit {'pos': 1617, 'blk': None}: om1 198 pos 0 st1 0 fail1 0 t4 0 t4only 0 t2only 0 rtfail 0 [0.7 s]
#   unit {'pos': 1618, 'blk': None}: om1 1024 pos 0 st1 0 fail1 0 t4 0 t4only 0 t2only 0 rtfail 0 [0.8 s]
#   unit {'pos': 1619, 'blk': None}: om1 667 pos 0 st1 0 fail1 0 t4 0 t4only 0 t2only 0 rtfail 0 [0.8 s]
#   unit {'pos': 1620, 'blk': None}: om1 836 pos 0 st1 0 fail1 0 t4 0 t4only 0 t2only 0 rtfail 0 [0.7 s]
#   unit {'pos': 1621, 'blk': None}: om1 500 pos 0 st1 0 fail1 0 t4 0 t4only 0 t2only 0 rtfail 0 [0.8 s]
#   unit {'pos': 1622, 'blk': None}: om1 710 pos 0 st1 0 fail1 0 t4 0 t4only 0 t2only 0 rtfail 0 [0.7 s]
#   unit {'pos': 1623, 'blk': None}: om1 1090 pos 0 st1 0 fail1 0 t4 0 t4only 0 t2only 0 rtfail 0 [0.7 s]
#   unit {'pos': 1624, 'blk': None}: om1 740 pos 0 st1 0 fail1 0 t4 0 t4only 0 t2only 0 rtfail 0 [0.7 s]
#   unit {'pos': 1625, 'blk': None}: om1 625 pos 0 st1 0 fail1 0 t4 0 t4only 0 t2only 0 rtfail 0 [0.7 s]
#   unit {'pos': 1626, 'blk': None}: om1 762 pos 0 st1 0 fail1 0 t4 0 t4only 0 t2only 0 rtfail 0 [0.6 s]
#   unit {'pos': 1627, 'blk': None}: om1 141 pos 0 st1 0 fail1 0 t4 0 t4only 0 t2only 0 rtfail 0 [0.5 s]
#   unit {'pos': 1628, 'blk': None}: om1 0 pos 0 st1 0 fail1 0 t4 0 t4only 0 t2only 0 rtfail 0 [0.6 s]
#   unit {'pos': 1629, 'blk': None}: om1 142 pos 0 st1 0 fail1 0 t4 0 t4only 0 t2only 0 rtfail 0 [0.6 s]
#   unit {'pos': 1630, 'blk': None}: om1 227 pos 0 st1 0 fail1 0 t4 0 t4only 0 t2only 0 rtfail 0 [0.7 s]
#   unit {'pos': 1631, 'blk': None}: om1 962 pos 0 st1 0 fail1 0 t4 0 t4only 0 t2only 0 rtfail 0 [0.7 s]
#   unit {'pos': 1632, 'blk': None}: om1 1227 pos 0 st1 0 fail1 0 t4 0 t4only 0 t2only 0 rtfail 0 [0.8 s]
#   unit {'pos': 1633, 'blk': None}: om1 851 pos 0 st1 0 fail1 0 t4 0 t4only 0 t2only 0 rtfail 0 [0.7 s]
#   unit {'pos': 1635, 'blk': None}: om1 797 pos 0 st1 0 fail1 0 t4 0 t4only 0 t2only 0 rtfail 0 [0.6 s]
#   unit {'pos': 1634, 'blk': None}: om1 1388 pos 0 st1 0 fail1 0 t4 0 t4only 0 t2only 0 rtfail 0 [0.7 s]
#   unit {'pos': 1636, 'blk': None}: om1 449 pos 0 st1 0 fail1 0 t4 0 t4only 0 t2only 0 rtfail 0 [0.6 s]
#   unit {'pos': 1637, 'blk': None}: om1 353 pos 0 st1 0 fail1 0 t4 0 t4only 0 t2only 0 rtfail 0 [0.6 s]
#   unit {'pos': 1639, 'blk': None}: om1 113 pos 0 st1 0 fail1 0 t4 0 t4only 0 t2only 0 rtfail 0 [0.6 s]
#   unit {'pos': 1638, 'blk': None}: om1 211 pos 0 st1 0 fail1 0 t4 0 t4only 0 t2only 0 rtfail 0 [0.6 s]
#   unit {'pos': 1640, 'blk': None}: om1 0 pos 0 st1 0 fail1 0 t4 0 t4only 0 t2only 0 rtfail 0 [0.6 s]
#   unit {'pos': 1641, 'blk': None}: om1 0 pos 0 st1 0 fail1 0 t4 0 t4only 0 t2only 0 rtfail 0 [0.6 s]
#   unit {'pos': 1643, 'blk': None}: om1 170 pos 0 st1 0 fail1 0 t4 0 t4only 0 t2only 0 rtfail 0 [0.6 s]
#   unit {'pos': 1642, 'blk': None}: om1 215 pos 0 st1 0 fail1 0 t4 0 t4only 0 t2only 0 rtfail 0 [0.6 s]
#   unit {'pos': 1644, 'blk': None}: om1 0 pos 0 st1 0 fail1 0 t4 0 t4only 0 t2only 0 rtfail 0 [0.6 s]
#   unit {'pos': 1645, 'blk': None}: om1 508 pos 0 st1 0 fail1 0 t4 0 t4only 0 t2only 0 rtfail 0 [0.6 s]
#   unit {'pos': 1647, 'blk': None}: om1 266 pos 0 st1 0 fail1 0 t4 0 t4only 0 t2only 0 rtfail 0 [0.6 s]
#   unit {'pos': 1646, 'blk': None}: om1 433 pos 0 st1 0 fail1 0 t4 0 t4only 0 t2only 0 rtfail 0 [0.7 s]
#   unit {'pos': 1650, 'blk': None}: om1 335 pos 0 st1 0 fail1 0 t4 0 t4only 0 t2only 0 rtfail 0 [0.5 s]
#   unit {'pos': 1648, 'blk': None}: om1 239 pos 0 st1 0 fail1 0 t4 0 t4only 0 t2only 0 rtfail 0 [0.7 s]
#   unit {'pos': 1651, 'blk': None}: om1 597 pos 0 st1 0 fail1 0 t4 0 t4only 0 t2only 0 rtfail 0 [0.6 s]
#   unit {'pos': 1649, 'blk': None}: om1 0 pos 0 st1 0 fail1 0 t4 0 t4only 0 t2only 0 rtfail 0 [0.7 s]
#   unit {'pos': 1653, 'blk': None}: om1 0 pos 0 st1 0 fail1 0 t4 0 t4only 0 t2only 0 rtfail 0 [0.6 s]
#   unit {'pos': 1652, 'blk': None}: om1 0 pos 0 st1 0 fail1 0 t4 0 t4only 0 t2only 0 rtfail 0 [0.7 s]
#   unit {'pos': 1655, 'blk': None}: om1 370 pos 0 st1 0 fail1 0 t4 0 t4only 0 t2only 0 rtfail 0 [0.6 s]
#   unit {'pos': 1654, 'blk': None}: om1 363 pos 0 st1 0 fail1 0 t4 0 t4only 0 t2only 0 rtfail 0 [0.7 s]
#   unit {'pos': 1656, 'blk': None}: om1 0 pos 0 st1 0 fail1 0 t4 0 t4only 0 t2only 0 rtfail 0 [0.6 s]
#   unit {'pos': 1658, 'blk': None}: om1 0 pos 0 st1 0 fail1 0 t4 0 t4only 0 t2only 0 rtfail 0 [0.6 s]
#   unit {'pos': 1657, 'blk': None}: om1 737 pos 0 st1 0 fail1 0 t4 0 t4only 0 t2only 0 rtfail 0 [0.8 s]
#   unit {'pos': 1659, 'blk': None}: om1 0 pos 0 st1 0 fail1 0 t4 0 t4only 0 t2only 0 rtfail 0 [0.7 s]
#   unit {'pos': 1660, 'blk': None}: om1 1113 pos 0 st1 0 fail1 0 t4 0 t4only 0 t2only 0 rtfail 0 [0.7 s]
#   unit {'pos': 1662, 'blk': None}: om1 703 pos 0 st1 0 fail1 0 t4 0 t4only 0 t2only 0 rtfail 0 [0.5 s]
#   unit {'pos': 1661, 'blk': None}: om1 822 pos 0 st1 0 fail1 0 t4 0 t4only 0 t2only 0 rtfail 0 [0.6 s]
#   unit {'pos': 1663, 'blk': None}: om1 0 pos 0 st1 0 fail1 0 t4 0 t4only 0 t2only 0 rtfail 0 [0.7 s]
#   unit {'pos': 1664, 'blk': None}: om1 0 pos 0 st1 0 fail1 0 t4 0 t4only 0 t2only 0 rtfail 0 [0.6 s]
#   unit {'pos': 1665, 'blk': None}: om1 0 pos 0 st1 0 fail1 0 t4 0 t4only 0 t2only 0 rtfail 0 [0.6 s]
#   unit {'pos': 1666, 'blk': None}: om1 132 pos 0 st1 0 fail1 0 t4 0 t4only 0 t2only 0 rtfail 0 [0.6 s]
#   unit {'pos': 1667, 'blk': None}: om1 141 pos 0 st1 0 fail1 0 t4 0 t4only 0 t2only 0 rtfail 0 [0.6 s]
#   unit {'pos': 1668, 'blk': None}: om1 0 pos 0 st1 0 fail1 0 t4 0 t4only 0 t2only 0 rtfail 0 [0.5 s]
#   unit {'pos': 1671, 'blk': None}: om1 0 pos 0 st1 0 fail1 0 t4 0 t4only 0 t2only 0 rtfail 0 [0.5 s]
#   unit {'pos': 1669, 'blk': None}: om1 0 pos 0 st1 0 fail1 0 t4 0 t4only 0 t2only 0 rtfail 0 [0.7 s]
#   unit {'pos': 1670, 'blk': None}: om1 0 pos 0 st1 0 fail1 0 t4 0 t4only 0 t2only 0 rtfail 0 [0.7 s]
#   unit {'pos': 1672, 'blk': None}: om1 0 pos 0 st1 0 fail1 0 t4 0 t4only 0 t2only 0 rtfail 0 [0.6 s]
#   unit {'pos': 1673, 'blk': None}: om1 0 pos 0 st1 0 fail1 0 t4 0 t4only 0 t2only 0 rtfail 0 [0.6 s]
#   unit {'pos': 1674, 'blk': None}: om1 0 pos 0 st1 0 fail1 0 t4 0 t4only 0 t2only 0 rtfail 0 [0.6 s]
#   unit {'pos': 1675, 'blk': None}: om1 0 pos 0 st1 0 fail1 0 t4 0 t4only 0 t2only 0 rtfail 0 [0.6 s]
#   unit {'pos': 1676, 'blk': None}: om1 0 pos 0 st1 0 fail1 0 t4 0 t4only 0 t2only 0 rtfail 0 [0.6 s]
#   unit {'pos': 1678, 'blk': None}: om1 0 pos 0 st1 0 fail1 0 t4 0 t4only 0 t2only 0 rtfail 0 [0.5 s]
#   unit {'pos': 1677, 'blk': None}: om1 0 pos 0 st1 0 fail1 0 t4 0 t4only 0 t2only 0 rtfail 0 [0.6 s]
#   unit {'pos': 1679, 'blk': None}: om1 0 pos 0 st1 0 fail1 0 t4 0 t4only 0 t2only 0 rtfail 0 [0.6 s]
#   unit {'pos': 1680, 'blk': None}: om1 0 pos 0 st1 0 fail1 0 t4 0 t4only 0 t2only 0 rtfail 0 [0.6 s]
#   unit {'pos': 1681, 'blk': None}: om1 82 pos 0 st1 0 fail1 0 t4 0 t4only 0 t2only 0 rtfail 0 [0.6 s]
#   unit {'pos': 1682, 'blk': None}: om1 0 pos 0 st1 0 fail1 0 t4 0 t4only 0 t2only 0 rtfail 0 [0.7 s]
#   unit {'pos': 1683, 'blk': None}: om1 0 pos 0 st1 0 fail1 0 t4 0 t4only 0 t2only 0 rtfail 0 [0.7 s]
#   unit {'pos': 1684, 'blk': None}: om1 34466 pos 0 st1 0 fail1 0 t4 0 t4only 0 t2only 0 rtfail 0 [2.4 s]
#   unit {'pos': 1686, 'blk': None}: om1 32253 pos 0 st1 0 fail1 0 t4 0 t4only 0 t2only 0 rtfail 0 [2.2 s]
#   unit {'pos': 1685, 'blk': None}: om1 34595 pos 0 st1 0 fail1 0 t4 0 t4only 0 t2only 0 rtfail 0 [2.3 s]
#   unit {'pos': 1687, 'blk': None}: om1 32132 pos 0 st1 0 fail1 0 t4 0 t4only 0 t2only 0 rtfail 0 [2.2 s]
#   unit {'pos': 1691, 'blk': None}: om1 29522 pos 0 st1 0 fail1 0 t4 0 t4only 0 t2only 0 rtfail 0 [2.1 s]
#   unit {'pos': 1690, 'blk': None}: om1 32005 pos 0 st1 0 fail1 0 t4 0 t4only 0 t2only 0 rtfail 0 [2.3 s]
#   unit {'pos': 1688, 'blk': None}: om1 35926 pos 0 st1 0 fail1 0 t4 0 t4only 0 t2only 0 rtfail 0 [2.7 s]
#   unit {'pos': 1689, 'blk': None}: om1 35796 pos 0 st1 0 fail1 0 t4 0 t4only 0 t2only 0 rtfail 0 [2.7 s]
#   unit {'pos': 1695, 'blk': None}: om1 8619 pos 0 st1 0 fail1 0 t4 0 t4only 0 t2only 0 rtfail 0 [1.1 s]
#   unit {'pos': 1694, 'blk': None}: om1 10971 pos 0 st1 0 fail1 0 t4 0 t4only 0 t2only 0 rtfail 0 [1.4 s]
#   unit {'pos': 1693, 'blk': None}: om1 29665 pos 0 st1 0 fail1 0 t4 0 t4only 0 t2only 0 rtfail 0 [1.9 s]
#   unit {'pos': 1697, 'blk': None}: om1 9943 pos 0 st1 0 fail1 0 t4 0 t4only 0 t2only 0 rtfail 0 [1.3 s]
#   unit {'pos': 1692, 'blk': None}: om1 41780 pos 0 st1 0 fail1 0 t4 0 t4only 0 t2only 0 rtfail 0 [3.2 s]
#   unit {'pos': 1698, 'blk': None}: om1 17064 pos 0 st1 0 fail1 0 t4 0 t4only 0 t2only 0 rtfail 0 [1.7 s]
#   unit {'pos': 1696, 'blk': None}: om1 22446 pos 0 st1 0 fail1 0 t4 0 t4only 0 t2only 0 rtfail 0 [2.4 s]
#   unit {'pos': 1699, 'blk': None}: om1 15926 pos 0 st1 0 fail1 0 t4 0 t4only 0 t2only 0 rtfail 0 [1.5 s]
#   unit {'pos': 1700, 'blk': None}: om1 13591 pos 0 st1 0 fail1 0 t4 0 t4only 0 t2only 0 rtfail 0 [1.9 s]
#   unit {'pos': 1701, 'blk': None}: om1 15823 pos 0 st1 0 fail1 0 t4 0 t4only 0 t2only 0 rtfail 0 [1.6 s]
#   unit {'pos': 1702, 'blk': None}: om1 10559 pos 0 st1 0 fail1 0 t4 0 t4only 0 t2only 0 rtfail 0 [1.4 s]
#   unit {'pos': 1703, 'blk': None}: om1 17975 pos 0 st1 0 fail1 0 t4 0 t4only 0 t2only 0 rtfail 0 [1.8 s]
#   unit {'pos': 1706, 'blk': None}: om1 7251 pos 0 st1 0 fail1 0 t4 0 t4only 0 t2only 0 rtfail 0 [1.0 s]
#   unit {'pos': 1705, 'blk': None}: om1 8549 pos 0 st1 0 fail1 0 t4 0 t4only 0 t2only 0 rtfail 0 [1.1 s]
#   unit {'pos': 1704, 'blk': None}: om1 9808 pos 0 st1 0 fail1 0 t4 0 t4only 0 t2only 0 rtfail 0 [1.3 s]
#   unit {'pos': 1708, 'blk': None}: om1 7341 pos 0 st1 0 fail1 0 t4 0 t4only 0 t2only 0 rtfail 0 [1.1 s]
#   unit {'pos': 1707, 'blk': None}: om1 19675 pos 0 st1 0 fail1 0 t4 0 t4only 0 t2only 0 rtfail 0 [1.9 s]
#   unit {'pos': 1709, 'blk': None}: om1 19681 pos 0 st1 0 fail1 0 t4 0 t4only 0 t2only 0 rtfail 0 [2.0 s]
#   unit {'pos': 1711, 'blk': None}: om1 9950 pos 0 st1 0 fail1 0 t4 0 t4only 0 t2only 0 rtfail 0 [1.5 s]
#   unit {'pos': 1710, 'blk': None}: om1 26424 pos 0 st1 0 fail1 0 t4 0 t4only 0 t2only 0 rtfail 0 [3.1 s]
#   unit {'pos': 1712, 'blk': None}: om1 7899 pos 0 st1 0 fail1 0 t4 0 t4only 0 t2only 0 rtfail 0 [1.5 s]
#   unit {'pos': 1714, 'blk': None}: om1 4899 pos 0 st1 0 fail1 0 t4 0 t4only 0 t2only 0 rtfail 0 [1.1 s]
#   unit {'pos': 1713, 'blk': None}: om1 9965 pos 0 st1 0 fail1 0 t4 0 t4only 0 t2only 0 rtfail 0 [1.6 s]
#   unit {'pos': 1716, 'blk': None}: om1 4816 pos 0 st1 0 fail1 0 t4 0 t4only 0 t2only 0 rtfail 0 [1.0 s]
#   unit {'pos': 1715, 'blk': None}: om1 6267 pos 0 st1 0 fail1 0 t4 0 t4only 0 t2only 0 rtfail 0 [1.2 s]
#   unit {'pos': 1717, 'blk': None}: om1 11184 pos 0 st1 0 fail1 0 t4 0 t4only 0 t2only 0 rtfail 0 [1.6 s]
#   unit {'pos': 1720, 'blk': None}: om1 5367 pos 0 st1 0 fail1 0 t4 0 t4only 0 t2only 0 rtfail 0 [0.8 s]
#   unit {'pos': 1719, 'blk': None}: om1 7420 pos 0 st1 0 fail1 0 t4 0 t4only 0 t2only 0 rtfail 0 [1.1 s]
#   unit {'pos': 1721, 'blk': None}: om1 0 pos 0 st1 0 fail1 0 t4 0 t4only 0 t2only 0 rtfail 0 [0.4 s]
#   unit {'pos': 1723, 'blk': None}: om1 0 pos 0 st1 0 fail1 0 t4 0 t4only 0 t2only 0 rtfail 0 [0.4 s]
#   unit {'pos': 1724, 'blk': None}: om1 0 pos 0 st1 0 fail1 0 t4 0 t4only 0 t2only 0 rtfail 0 [0.3 s]
#   unit {'pos': 1718, 'blk': None}: om1 16126 pos 0 st1 0 fail1 0 t4 0 t4only 0 t2only 0 rtfail 0 [2.4 s]
#   unit {'pos': 1722, 'blk': None}: om1 7325 pos 0 st1 0 fail1 0 t4 0 t4only 0 t2only 0 rtfail 0 [1.1 s]
#   unit {'pos': 1727, 'blk': None}: om1 0 pos 0 st1 0 fail1 0 t4 0 t4only 0 t2only 0 rtfail 0 [0.4 s]
#   unit {'pos': 1726, 'blk': None}: om1 2626 pos 0 st1 0 fail1 0 t4 0 t4only 0 t2only 0 rtfail 0 [0.7 s]
#   unit {'pos': 1725, 'blk': None}: om1 5308 pos 0 st1 0 fail1 0 t4 0 t4only 0 t2only 0 rtfail 0 [0.8 s]
#   unit {'pos': 1729, 'blk': None}: om1 0 pos 0 st1 0 fail1 0 t4 0 t4only 0 t2only 0 rtfail 0 [0.4 s]
#   unit {'pos': 1728, 'blk': None}: om1 0 pos 0 st1 0 fail1 0 t4 0 t4only 0 t2only 0 rtfail 0 [0.4 s]
#   unit {'pos': 1732, 'blk': None}: om1 0 pos 0 st1 0 fail1 0 t4 0 t4only 0 t2only 0 rtfail 0 [0.4 s]
#   unit {'pos': 1733, 'blk': None}: om1 0 pos 0 st1 0 fail1 0 t4 0 t4only 0 t2only 0 rtfail 0 [0.5 s]
#   unit {'pos': 1730, 'blk': None}: om1 2658 pos 0 st1 0 fail1 0 t4 0 t4only 0 t2only 0 rtfail 0 [0.8 s]
#   unit {'pos': 1731, 'blk': None}: om1 3546 pos 0 st1 0 fail1 0 t4 0 t4only 0 t2only 0 rtfail 0 [0.9 s]
#   unit {'pos': 1734, 'blk': None}: om1 300000 pos 0 st1 0 fail1 0 t4 0 t4only 0 t2only 0 rtfail 0 [95.0 s]
k4_certs_5_n4_1.json.gz: profiles 520500000, omega >= 1: 2707180; k* = 0: 2706593, 1: 148, 2: 439, 3: 0, >= 4: 0, inf: 0; P with def > 0: 881, at distance 1: 148, 2: 733, 3: 0, >= 4: 0, inf: 0; Pareto-maximal: 0; largest least deficit 0
  DL_RT4: states (def > 0) with f = 0: 0 (RT4 fails at 0), with f >= 1: 881; DL_RT4 FAILS at 0 of the f >= 1 states; with an improving move T1 148, T2 0, T3p 881, T3h 148, T4 0; only T1 0, only T2 0, only T3 733, only T4 0; R_T fails at 0, R_13 at 0, R_13 + T4 at 0; smallest RT4 move size 1 / 2 / 3 / >= 4 / none: 148 / 733 / 0 / 0 / 0; anomalies 0 + 0 [446 s]
table B: f >= 1 states by f | signature | branch : count
  B 3|G,D2|T3p : 733
  B 2|G,L,D2|T1+T3p+T3h : 148
table G: f >= 1 states by f | nearest distance k | branch : count
  G 3|2|T3p : 733
  G 2|1|T1+T3p+T3h : 148
table M: f >= 1 states by f | branch | smallest RT4 move size : count
  M 3|T3p|2 : 733
  M 2|T1+T3p+T3h|1 : 148
table Z: f >= 1 states by f | branch available | its smallest move size : count
  Z 3|T3p|2 : 733
  Z 2|T1|1 : 148
  Z 2|T3h|3 : 148
  Z 2|T3p|2 : 148
table C: f >= 1 states with T4 by f | smallest T4 size | cycle types at that size : count
table Y: f >= 1 states by f | branch | move type available : count
  Y 3|T3p|T3:xJ.h- : 733
  Y 2|T1+T3p+T3h|T1:pool : 148
  Y 2|T1+T3p+T3h|T1:rel : 148
  Y 2|T1+T3p+T3h|T3:xH.hJ : 148
  Y 2|T1+T3p+T3h|T3:xJ.h- : 148
  Y 2|T1+T3p+T3h|T3:xJ.hJ : 148
  Y 2|T1+T3p+T3h|T3:xJ.hR : 148
  Y 2|T1+T3p+T3h|T3:xH.hR : 77
