# command: python3 k4/dlrt4_run.py certs results/k4_certs_5_n4_4.json.gz --sample=16000 --seed=1 --jobs=4 --ckpt=results/k4_rt4/ckpt_n5b_4.jsonl --dump=results/k4_rt4/dump_n5b_4.jsonl.gz --tables=results/k4_rt4/tables_n5b_4.json --progress
# dlrt4.c sha256 fcde494a3161279d47a7b80e614f69c58894ebc7b40d00e461f677b8810d7cae
# k4_certs_5_n4_4.json.gz: cores 0..9845, 9846 units to run, 0 from the checkpoint; 16000 random profiles per unit, seed 1
#   unit {'pos': 0, 'blk': None}: om1 0 pos 0 st1 0 fail1 0 t4 0 t4only 0 t2only 0 rtfail 0 [0.8 s]
#   unit {'pos': 1, 'blk': None}: om1 0 pos 0 st1 0 fail1 0 t4 0 t4only 0 t2only 0 rtfail 0 [0.8 s]
#   unit {'pos': 3, 'blk': None}: om1 0 pos 0 st1 0 fail1 0 t4 0 t4only 0 t2only 0 rtfail 0 [0.8 s]
#   unit {'pos': 2, 'blk': None}: om1 0 pos 0 st1 0 fail1 0 t4 0 t4only 0 t2only 0 rtfail 0 [0.9 s]
#   unit {'pos': 4, 'blk': None}: om1 0 pos 0 st1 0 fail1 0 t4 0 t4only 0 t2only 0 rtfail 0 [0.1 s]
#   unit {'pos': 5, 'blk': None}: om1 0 pos 0 st1 0 fail1 0 t4 0 t4only 0 t2only 0 rtfail 0 [0.1 s]
#   unit {'pos': 7, 'blk': None}: om1 0 pos 0 st1 0 fail1 0 t4 0 t4only 0 t2only 0 rtfail 0 [0.1 s]
#   unit {'pos': 6, 'blk': None}: om1 0 pos 0 st1 0 fail1 0 t4 0 t4only 0 t2only 0 rtfail 0 [0.1 s]
#   unit {'pos': 8, 'blk': None}: om1 0 pos 0 st1 0 fail1 0 t4 0 t4only 0 t2only 0 rtfail 0 [0.1 s]
#   unit {'pos': 9, 'blk': None}: om1 0 pos 0 st1 0 fail1 0 t4 0 t4only 0 t2only 0 rtfail 0 [0.1 s]
#   unit {'pos': 10, 'blk': None}: om1 0 pos 0 st1 0 fail1 0 t4 0 t4only 0 t2only 0 rtfail 0 [0.1 s]
#   unit {'pos': 11, 'blk': None}: om1 0 pos 0 st1 0 fail1 0 t4 0 t4only 0 t2only 0 rtfail 0 [0.1 s]
#   unit {'pos': 12, 'blk': None}: om1 0 pos 0 st1 0 fail1 0 t4 0 t4only 0 t2only 0 rtfail 0 [0.1 s]
#   unit {'pos': 13, 'blk': None}: om1 0 pos 0 st1 0 fail1 0 t4 0 t4only 0 t2only 0 rtfail 0 [0.1 s]
#   unit {'pos': 16, 'blk': None}: om1 0 pos 0 st1 0 fail1 0 t4 0 t4only 0 t2only 0 rtfail 0 [0.1 s]
#   unit {'pos': 14, 'blk': None}: om1 0 pos 0 st1 0 fail1 0 t4 0 t4only 0 t2only 0 rtfail 0 [0.1 s]
#   unit {'pos': 15, 'blk': None}: om1 0 pos 0 st1 0 fail1 0 t4 0 t4only 0 t2only 0 rtfail 0 [0.1 s]
#   unit {'pos': 17, 'blk': None}: om1 0 pos 0 st1 0 fail1 0 t4 0 t4only 0 t2only 0 rtfail 0 [0.1 s]
#   unit {'pos': 18, 'blk': None}: om1 0 pos 0 st1 0 fail1 0 t4 0 t4only 0 t2only 0 rtfail 0 [0.1 s]
#   unit {'pos': 19, 'blk': None}: om1 0 pos 0 st1 0 fail1 0 t4 0 t4only 0 t2only 0 rtfail 0 [0.1 s]
#   unit {'pos': 20, 'blk': None}: om1 0 pos 0 st1 0 fail1 0 t4 0 t4only 0 t2only 0 rtfail 0 [0.1 s]
#   unit {'pos': 22, 'blk': None}: om1 0 pos 0 st1 0 fail1 0 t4 0 t4only 0 t2only 0 rtfail 0 [0.1 s]
#   unit {'pos': 23, 'blk': None}: om1 0 pos 0 st1 0 fail1 0 t4 0 t4only 0 t2only 0 rtfail 0 [0.1 s]
#   unit {'pos': 24, 'blk': None}: om1 0 pos 0 st1 0 fail1 0 t4 0 t4only 0 t2only 0 rtfail 0 [0.1 s]
#   unit {'pos': 21, 'blk': None}: om1 0 pos 0 st1 0 fail1 0 t4 0 t4only 0 t2only 0 rtfail 0 [0.1 s]
#   unit {'pos': 25, 'blk': None}: om1 0 pos 0 st1 0 fail1 0 t4 0 t4only 0 t2only 0 rtfail 0 [0.1 s]
#   unit {'pos': 26, 'blk': None}: om1 0 pos 0 st1 0 fail1 0 t4 0 t4only 0 t2only 0 rtfail 0 [0.1 s]
#   unit {'pos': 27, 'blk': None}: om1 0 pos 0 st1 0 fail1 0 t4 0 t4only 0 t2only 0 rtfail 0 [0.1 s]
#   unit {'pos': 28, 'blk': None}: om1 0 pos 0 st1 0 fail1 0 t4 0 t4only 0 t2only 0 rtfail 0 [0.1 s]
#   unit {'pos': 29, 'blk': None}: om1 0 pos 0 st1 0 fail1 0 t4 0 t4only 0 t2only 0 rtfail 0 [0.1 s]
#   unit {'pos': 30, 'blk': None}: om1 0 pos 0 st1 0 fail1 0 t4 0 t4only 0 t2only 0 rtfail 0 [0.1 s]
#   unit {'pos': 31, 'blk': None}: om1 0 pos 0 st1 0 fail1 0 t4 0 t4only 0 t2only 0 rtfail 0 [0.1 s]
#   unit {'pos': 33, 'blk': None}: om1 0 pos 0 st1 0 fail1 0 t4 0 t4only 0 t2only 0 rtfail 0 [0.1 s]
#   unit {'pos': 32, 'blk': None}: om1 0 pos 0 st1 0 fail1 0 t4 0 t4only 0 t2only 0 rtfail 0 [0.1 s]
#   unit {'pos': 34, 'blk': None}: om1 0 pos 0 st1 0 fail1 0 t4 0 t4only 0 t2only 0 rtfail 0 [0.1 s]
#   unit {'pos': 35, 'blk': None}: om1 0 pos 0 st1 0 fail1 0 t4 0 t4only 0 t2only 0 rtfail 0 [0.1 s]
#   unit {'pos': 36, 'blk': None}: om1 0 pos 0 st1 0 fail1 0 t4 0 t4only 0 t2only 0 rtfail 0 [0.1 s]
#   unit {'pos': 37, 'blk': None}: om1 0 pos 0 st1 0 fail1 0 t4 0 t4only 0 t2only 0 rtfail 0 [0.1 s]
#   unit {'pos': 38, 'blk': None}: om1 0 pos 0 st1 0 fail1 0 t4 0 t4only 0 t2only 0 rtfail 0 [0.1 s]
#   unit {'pos': 40, 'blk': None}: om1 0 pos 0 st1 0 fail1 0 t4 0 t4only 0 t2only 0 rtfail 0 [0.1 s]
#   unit {'pos': 39, 'blk': None}: om1 0 pos 0 st1 0 fail1 0 t4 0 t4only 0 t2only 0 rtfail 0 [0.1 s]
#   unit {'pos': 42, 'blk': None}: om1 0 pos 0 st1 0 fail1 0 t4 0 t4only 0 t2only 0 rtfail 0 [0.1 s]
#   unit {'pos': 41, 'blk': None}: om1 0 pos 0 st1 0 fail1 0 t4 0 t4only 0 t2only 0 rtfail 0 [0.1 s]
#   unit {'pos': 44, 'blk': None}: om1 0 pos 0 st1 0 fail1 0 t4 0 t4only 0 t2only 0 rtfail 0 [0.1 s]
#   unit {'pos': 43, 'blk': None}: om1 0 pos 0 st1 0 fail1 0 t4 0 t4only 0 t2only 0 rtfail 0 [0.1 s]
#   unit {'pos': 45, 'blk': None}: om1 0 pos 0 st1 0 fail1 0 t4 0 t4only 0 t2only 0 rtfail 0 [0.1 s]
#   unit {'pos': 46, 'blk': None}: om1 0 pos 0 st1 0 fail1 0 t4 0 t4only 0 t2only 0 rtfail 0 [0.1 s]
#   unit {'pos': 48, 'blk': None}: om1 0 pos 0 st1 0 fail1 0 t4 0 t4only 0 t2only 0 rtfail 0 [0.1 s]
#   unit {'pos': 47, 'blk': None}: om1 0 pos 0 st1 0 fail1 0 t4 0 t4only 0 t2only 0 rtfail 0 [0.1 s]
#   unit {'pos': 49, 'blk': None}: om1 0 pos 0 st1 0 fail1 0 t4 0 t4only 0 t2only 0 rtfail 0 [0.1 s]
#   unit {'pos': 52, 'blk': None}: om1 0 pos 0 st1 0 fail1 0 t4 0 t4only 0 t2only 0 rtfail 0 [0.1 s]
#   unit {'pos': 51, 'blk': None}: om1 0 pos 0 st1 0 fail1 0 t4 0 t4only 0 t2only 0 rtfail 0 [0.1 s]
#   unit {'pos': 50, 'blk': None}: om1 0 pos 0 st1 0 fail1 0 t4 0 t4only 0 t2only 0 rtfail 0 [0.1 s]
#   unit {'pos': 53, 'blk': None}: om1 0 pos 0 st1 0 fail1 0 t4 0 t4only 0 t2only 0 rtfail 0 [0.1 s]
#   unit {'pos': 55, 'blk': None}: om1 0 pos 0 st1 0 fail1 0 t4 0 t4only 0 t2only 0 rtfail 0 [0.1 s]
#   unit {'pos': 54, 'blk': None}: om1 0 pos 0 st1 0 fail1 0 t4 0 t4only 0 t2only 0 rtfail 0 [0.1 s]
#   unit {'pos': 56, 'blk': None}: om1 0 pos 0 st1 0 fail1 0 t4 0 t4only 0 t2only 0 rtfail 0 [0.1 s]
#   unit {'pos': 58, 'blk': None}: om1 0 pos 0 st1 0 fail1 0 t4 0 t4only 0 t2only 0 rtfail 0 [0.1 s]
#   unit {'pos': 59, 'blk': None}: om1 0 pos 0 st1 0 fail1 0 t4 0 t4only 0 t2only 0 rtfail 0 [0.1 s]
#   unit {'pos': 57, 'blk': None}: om1 0 pos 0 st1 0 fail1 0 t4 0 t4only 0 t2only 0 rtfail 0 [0.1 s]
#   unit {'pos': 60, 'blk': None}: om1 0 pos 0 st1 0 fail1 0 t4 0 t4only 0 t2only 0 rtfail 0 [0.1 s]
#   unit {'pos': 61, 'blk': None}: om1 0 pos 0 st1 0 fail1 0 t4 0 t4only 0 t2only 0 rtfail 0 [0.1 s]
#   unit {'pos': 62, 'blk': None}: om1 0 pos 0 st1 0 fail1 0 t4 0 t4only 0 t2only 0 rtfail 0 [0.1 s]
#   unit {'pos': 64, 'blk': None}: om1 0 pos 0 st1 0 fail1 0 t4 0 t4only 0 t2only 0 rtfail 0 [0.1 s]
#   unit {'pos': 63, 'blk': None}: om1 0 pos 0 st1 0 fail1 0 t4 0 t4only 0 t2only 0 rtfail 0 [0.1 s]
#   unit {'pos': 65, 'blk': None}: om1 0 pos 0 st1 0 fail1 0 t4 0 t4only 0 t2only 0 rtfail 0 [0.1 s]
#   unit {'pos': 66, 'blk': None}: om1 0 pos 0 st1 0 fail1 0 t4 0 t4only 0 t2only 0 rtfail 0 [0.1 s]
#   unit {'pos': 67, 'blk': None}: om1 0 pos 0 st1 0 fail1 0 t4 0 t4only 0 t2only 0 rtfail 0 [0.1 s]
#   unit {'pos': 68, 'blk': None}: om1 0 pos 0 st1 0 fail1 0 t4 0 t4only 0 t2only 0 rtfail 0 [0.1 s]
#   unit {'pos': 69, 'blk': None}: om1 0 pos 0 st1 0 fail1 0 t4 0 t4only 0 t2only 0 rtfail 0 [0.1 s]
#   unit {'pos': 70, 'blk': None}: om1 0 pos 0 st1 0 fail1 0 t4 0 t4only 0 t2only 0 rtfail 0 [0.1 s]
#   unit {'pos': 71, 'blk': None}: om1 0 pos 0 st1 0 fail1 0 t4 0 t4only 0 t2only 0 rtfail 0 [0.1 s]
#   unit {'pos': 72, 'blk': None}: om1 0 pos 0 st1 0 fail1 0 t4 0 t4only 0 t2only 0 rtfail 0 [0.1 s]
#   unit {'pos': 73, 'blk': None}: om1 0 pos 0 st1 0 fail1 0 t4 0 t4only 0 t2only 0 rtfail 0 [0.1 s]
#   unit {'pos': 74, 'blk': None}: om1 0 pos 0 st1 0 fail1 0 t4 0 t4only 0 t2only 0 rtfail 0 [0.1 s]
#   unit {'pos': 75, 'blk': None}: om1 0 pos 0 st1 0 fail1 0 t4 0 t4only 0 t2only 0 rtfail 0 [0.1 s]
#   unit {'pos': 76, 'blk': None}: om1 0 pos 0 st1 0 fail1 0 t4 0 t4only 0 t2only 0 rtfail 0 [0.1 s]
#   unit {'pos': 77, 'blk': None}: om1 0 pos 0 st1 0 fail1 0 t4 0 t4only 0 t2only 0 rtfail 0 [0.1 s]
#   unit {'pos': 78, 'blk': None}: om1 0 pos 0 st1 0 fail1 0 t4 0 t4only 0 t2only 0 rtfail 0 [0.1 s]
#   unit {'pos': 81, 'blk': None}: om1 0 pos 0 st1 0 fail1 0 t4 0 t4only 0 t2only 0 rtfail 0 [0.1 s]
#   unit {'pos': 79, 'blk': None}: om1 0 pos 0 st1 0 fail1 0 t4 0 t4only 0 t2only 0 rtfail 0 [0.1 s]
#   unit {'pos': 80, 'blk': None}: om1 0 pos 0 st1 0 fail1 0 t4 0 t4only 0 t2only 0 rtfail 0 [0.1 s]
#   unit {'pos': 82, 'blk': None}: om1 0 pos 0 st1 0 fail1 0 t4 0 t4only 0 t2only 0 rtfail 0 [0.1 s]
#   unit {'pos': 83, 'blk': None}: om1 0 pos 0 st1 0 fail1 0 t4 0 t4only 0 t2only 0 rtfail 0 [0.1 s]
#   unit {'pos': 84, 'blk': None}: om1 0 pos 0 st1 0 fail1 0 t4 0 t4only 0 t2only 0 rtfail 0 [0.1 s]
#   unit {'pos': 85, 'blk': None}: om1 0 pos 0 st1 0 fail1 0 t4 0 t4only 0 t2only 0 rtfail 0 [0.1 s]
#   unit {'pos': 86, 'blk': None}: om1 0 pos 0 st1 0 fail1 0 t4 0 t4only 0 t2only 0 rtfail 0 [0.1 s]
#   unit {'pos': 87, 'blk': None}: om1 0 pos 0 st1 0 fail1 0 t4 0 t4only 0 t2only 0 rtfail 0 [0.1 s]
#   unit {'pos': 88, 'blk': None}: om1 0 pos 0 st1 0 fail1 0 t4 0 t4only 0 t2only 0 rtfail 0 [0.1 s]
#   unit {'pos': 89, 'blk': None}: om1 0 pos 0 st1 0 fail1 0 t4 0 t4only 0 t2only 0 rtfail 0 [0.1 s]
#   unit {'pos': 90, 'blk': None}: om1 0 pos 0 st1 0 fail1 0 t4 0 t4only 0 t2only 0 rtfail 0 [0.1 s]
#   unit {'pos': 91, 'blk': None}: om1 0 pos 0 st1 0 fail1 0 t4 0 t4only 0 t2only 0 rtfail 0 [0.1 s]
#   unit {'pos': 92, 'blk': None}: om1 0 pos 0 st1 0 fail1 0 t4 0 t4only 0 t2only 0 rtfail 0 [0.1 s]
#   unit {'pos': 93, 'blk': None}: om1 0 pos 0 st1 0 fail1 0 t4 0 t4only 0 t2only 0 rtfail 0 [0.1 s]
#   unit {'pos': 94, 'blk': None}: om1 0 pos 0 st1 0 fail1 0 t4 0 t4only 0 t2only 0 rtfail 0 [0.1 s]
#   unit {'pos': 95, 'blk': None}: om1 0 pos 0 st1 0 fail1 0 t4 0 t4only 0 t2only 0 rtfail 0 [0.1 s]
#   unit {'pos': 96, 'blk': None}: om1 0 pos 0 st1 0 fail1 0 t4 0 t4only 0 t2only 0 rtfail 0 [0.1 s]
#   unit {'pos': 98, 'blk': None}: om1 0 pos 0 st1 0 fail1 0 t4 0 t4only 0 t2only 0 rtfail 0 [0.1 s]
#   unit {'pos': 97, 'blk': None}: om1 0 pos 0 st1 0 fail1 0 t4 0 t4only 0 t2only 0 rtfail 0 [0.1 s]
#   unit {'pos': 99, 'blk': None}: om1 0 pos 0 st1 0 fail1 0 t4 0 t4only 0 t2only 0 rtfail 0 [0.1 s]
#   unit {'pos': 100, 'blk': None}: om1 0 pos 0 st1 0 fail1 0 t4 0 t4only 0 t2only 0 rtfail 0 [0.1 s]
#   unit {'pos': 101, 'blk': None}: om1 0 pos 0 st1 0 fail1 0 t4 0 t4only 0 t2only 0 rtfail 0 [0.1 s]
#   unit {'pos': 103, 'blk': None}: om1 0 pos 0 st1 0 fail1 0 t4 0 t4only 0 t2only 0 rtfail 0 [0.1 s]
#   unit {'pos': 102, 'blk': None}: om1 0 pos 0 st1 0 fail1 0 t4 0 t4only 0 t2only 0 rtfail 0 [0.1 s]
#   unit {'pos': 104, 'blk': None}: om1 0 pos 0 st1 0 fail1 0 t4 0 t4only 0 t2only 0 rtfail 0 [0.1 s]
#   unit {'pos': 105, 'blk': None}: om1 0 pos 0 st1 0 fail1 0 t4 0 t4only 0 t2only 0 rtfail 0 [0.1 s]
#   unit {'pos': 107, 'blk': None}: om1 0 pos 0 st1 0 fail1 0 t4 0 t4only 0 t2only 0 rtfail 0 [0.1 s]
#   unit {'pos': 108, 'blk': None}: om1 0 pos 0 st1 0 fail1 0 t4 0 t4only 0 t2only 0 rtfail 0 [0.1 s]
#   unit {'pos': 106, 'blk': None}: om1 0 pos 0 st1 0 fail1 0 t4 0 t4only 0 t2only 0 rtfail 0 [0.1 s]
#   unit {'pos': 109, 'blk': None}: om1 0 pos 0 st1 0 fail1 0 t4 0 t4only 0 t2only 0 rtfail 0 [0.1 s]
#   unit {'pos': 112, 'blk': None}: om1 0 pos 0 st1 0 fail1 0 t4 0 t4only 0 t2only 0 rtfail 0 [0.1 s]
#   unit {'pos': 111, 'blk': None}: om1 0 pos 0 st1 0 fail1 0 t4 0 t4only 0 t2only 0 rtfail 0 [0.1 s]
#   unit {'pos': 110, 'blk': None}: om1 0 pos 0 st1 0 fail1 0 t4 0 t4only 0 t2only 0 rtfail 0 [0.1 s]
#   unit {'pos': 113, 'blk': None}: om1 0 pos 0 st1 0 fail1 0 t4 0 t4only 0 t2only 0 rtfail 0 [0.1 s]
#   unit {'pos': 114, 'blk': None}: om1 0 pos 0 st1 0 fail1 0 t4 0 t4only 0 t2only 0 rtfail 0 [0.1 s]
#   unit {'pos': 115, 'blk': None}: om1 0 pos 0 st1 0 fail1 0 t4 0 t4only 0 t2only 0 rtfail 0 [0.1 s]
#   unit {'pos': 116, 'blk': None}: om1 0 pos 0 st1 0 fail1 0 t4 0 t4only 0 t2only 0 rtfail 0 [0.1 s]
#   unit {'pos': 117, 'blk': None}: om1 0 pos 0 st1 0 fail1 0 t4 0 t4only 0 t2only 0 rtfail 0 [0.1 s]
#   unit {'pos': 118, 'blk': None}: om1 0 pos 0 st1 0 fail1 0 t4 0 t4only 0 t2only 0 rtfail 0 [0.1 s]
#   unit {'pos': 119, 'blk': None}: om1 0 pos 0 st1 0 fail1 0 t4 0 t4only 0 t2only 0 rtfail 0 [0.1 s]
#   unit {'pos': 120, 'blk': None}: om1 0 pos 0 st1 0 fail1 0 t4 0 t4only 0 t2only 0 rtfail 0 [0.1 s]
#   unit {'pos': 121, 'blk': None}: om1 0 pos 0 st1 0 fail1 0 t4 0 t4only 0 t2only 0 rtfail 0 [0.1 s]
#   unit {'pos': 122, 'blk': None}: om1 0 pos 0 st1 0 fail1 0 t4 0 t4only 0 t2only 0 rtfail 0 [0.1 s]
#   unit {'pos': 123, 'blk': None}: om1 0 pos 0 st1 0 fail1 0 t4 0 t4only 0 t2only 0 rtfail 0 [0.1 s]
#   unit {'pos': 124, 'blk': None}: om1 0 pos 0 st1 0 fail1 0 t4 0 t4only 0 t2only 0 rtfail 0 [0.1 s]
#   unit {'pos': 125, 'blk': None}: om1 0 pos 0 st1 0 fail1 0 t4 0 t4only 0 t2only 0 rtfail 0 [0.1 s]
#   unit {'pos': 126, 'blk': None}: om1 0 pos 0 st1 0 fail1 0 t4 0 t4only 0 t2only 0 rtfail 0 [0.1 s]
#   unit {'pos': 127, 'blk': None}: om1 0 pos 0 st1 0 fail1 0 t4 0 t4only 0 t2only 0 rtfail 0 [0.1 s]
#   unit {'pos': 129, 'blk': None}: om1 0 pos 0 st1 0 fail1 0 t4 0 t4only 0 t2only 0 rtfail 0 [0.1 s]
#   unit {'pos': 130, 'blk': None}: om1 0 pos 0 st1 0 fail1 0 t4 0 t4only 0 t2only 0 rtfail 0 [0.1 s]
#   unit {'pos': 128, 'blk': None}: om1 0 pos 0 st1 0 fail1 0 t4 0 t4only 0 t2only 0 rtfail 0 [0.1 s]
#   unit {'pos': 131, 'blk': None}: om1 0 pos 0 st1 0 fail1 0 t4 0 t4only 0 t2only 0 rtfail 0 [0.1 s]
#   unit {'pos': 132, 'blk': None}: om1 0 pos 0 st1 0 fail1 0 t4 0 t4only 0 t2only 0 rtfail 0 [0.1 s]
#   unit {'pos': 133, 'blk': None}: om1 0 pos 0 st1 0 fail1 0 t4 0 t4only 0 t2only 0 rtfail 0 [0.1 s]
#   unit {'pos': 134, 'blk': None}: om1 0 pos 0 st1 0 fail1 0 t4 0 t4only 0 t2only 0 rtfail 0 [0.1 s]
#   unit {'pos': 135, 'blk': None}: om1 0 pos 0 st1 0 fail1 0 t4 0 t4only 0 t2only 0 rtfail 0 [0.1 s]
#   unit {'pos': 136, 'blk': None}: om1 0 pos 0 st1 0 fail1 0 t4 0 t4only 0 t2only 0 rtfail 0 [0.1 s]
#   unit {'pos': 137, 'blk': None}: om1 0 pos 0 st1 0 fail1 0 t4 0 t4only 0 t2only 0 rtfail 0 [0.1 s]
#   unit {'pos': 138, 'blk': None}: om1 0 pos 0 st1 0 fail1 0 t4 0 t4only 0 t2only 0 rtfail 0 [0.1 s]
#   unit {'pos': 139, 'blk': None}: om1 0 pos 0 st1 0 fail1 0 t4 0 t4only 0 t2only 0 rtfail 0 [0.1 s]
#   unit {'pos': 140, 'blk': None}: om1 0 pos 0 st1 0 fail1 0 t4 0 t4only 0 t2only 0 rtfail 0 [0.1 s]
#   unit {'pos': 141, 'blk': None}: om1 0 pos 0 st1 0 fail1 0 t4 0 t4only 0 t2only 0 rtfail 0 [0.1 s]
#   unit {'pos': 142, 'blk': None}: om1 0 pos 0 st1 0 fail1 0 t4 0 t4only 0 t2only 0 rtfail 0 [0.1 s]
#   unit {'pos': 144, 'blk': None}: om1 0 pos 0 st1 0 fail1 0 t4 0 t4only 0 t2only 0 rtfail 0 [0.1 s]
#   unit {'pos': 143, 'blk': None}: om1 0 pos 0 st1 0 fail1 0 t4 0 t4only 0 t2only 0 rtfail 0 [0.1 s]
#   unit {'pos': 145, 'blk': None}: om1 0 pos 0 st1 0 fail1 0 t4 0 t4only 0 t2only 0 rtfail 0 [0.1 s]
#   unit {'pos': 146, 'blk': None}: om1 0 pos 0 st1 0 fail1 0 t4 0 t4only 0 t2only 0 rtfail 0 [0.1 s]
#   unit {'pos': 147, 'blk': None}: om1 0 pos 0 st1 0 fail1 0 t4 0 t4only 0 t2only 0 rtfail 0 [0.1 s]
#   unit {'pos': 149, 'blk': None}: om1 0 pos 0 st1 0 fail1 0 t4 0 t4only 0 t2only 0 rtfail 0 [0.1 s]
#   unit {'pos': 150, 'blk': None}: om1 0 pos 0 st1 0 fail1 0 t4 0 t4only 0 t2only 0 rtfail 0 [0.1 s]
#   unit {'pos': 148, 'blk': None}: om1 0 pos 0 st1 0 fail1 0 t4 0 t4only 0 t2only 0 rtfail 0 [0.1 s]
#   unit {'pos': 151, 'blk': None}: om1 0 pos 0 st1 0 fail1 0 t4 0 t4only 0 t2only 0 rtfail 0 [0.1 s]
#   unit {'pos': 152, 'blk': None}: om1 0 pos 0 st1 0 fail1 0 t4 0 t4only 0 t2only 0 rtfail 0 [0.1 s]
#   unit {'pos': 153, 'blk': None}: om1 0 pos 0 st1 0 fail1 0 t4 0 t4only 0 t2only 0 rtfail 0 [0.1 s]
#   unit {'pos': 154, 'blk': None}: om1 0 pos 0 st1 0 fail1 0 t4 0 t4only 0 t2only 0 rtfail 0 [0.1 s]
#   unit {'pos': 157, 'blk': None}: om1 0 pos 0 st1 0 fail1 0 t4 0 t4only 0 t2only 0 rtfail 0 [0.1 s]
#   unit {'pos': 155, 'blk': None}: om1 0 pos 0 st1 0 fail1 0 t4 0 t4only 0 t2only 0 rtfail 0 [0.1 s]
#   unit {'pos': 156, 'blk': None}: om1 0 pos 0 st1 0 fail1 0 t4 0 t4only 0 t2only 0 rtfail 0 [0.1 s]
#   unit {'pos': 158, 'blk': None}: om1 0 pos 0 st1 0 fail1 0 t4 0 t4only 0 t2only 0 rtfail 0 [0.1 s]
#   unit {'pos': 161, 'blk': None}: om1 0 pos 0 st1 0 fail1 0 t4 0 t4only 0 t2only 0 rtfail 0 [0.1 s]
#   unit {'pos': 160, 'blk': None}: om1 0 pos 0 st1 0 fail1 0 t4 0 t4only 0 t2only 0 rtfail 0 [0.1 s]
#   unit {'pos': 162, 'blk': None}: om1 2 pos 0 st1 0 fail1 0 t4 0 t4only 0 t2only 0 rtfail 0 [0.0 s]
#   unit {'pos': 159, 'blk': None}: om1 0 pos 0 st1 0 fail1 0 t4 0 t4only 0 t2only 0 rtfail 0 [0.1 s]
#   unit {'pos': 163, 'blk': None}: om1 0 pos 0 st1 0 fail1 0 t4 0 t4only 0 t2only 0 rtfail 0 [0.1 s]
#   unit {'pos': 164, 'blk': None}: om1 0 pos 0 st1 0 fail1 0 t4 0 t4only 0 t2only 0 rtfail 0 [0.1 s]
#   unit {'pos': 165, 'blk': None}: om1 3 pos 0 st1 0 fail1 0 t4 0 t4only 0 t2only 0 rtfail 0 [0.1 s]
#   unit {'pos': 166, 'blk': None}: om1 1 pos 0 st1 0 fail1 0 t4 0 t4only 0 t2only 0 rtfail 0 [0.1 s]
#   unit {'pos': 167, 'blk': None}: om1 0 pos 0 st1 0 fail1 0 t4 0 t4only 0 t2only 0 rtfail 0 [0.1 s]
#   unit {'pos': 168, 'blk': None}: om1 0 pos 0 st1 0 fail1 0 t4 0 t4only 0 t2only 0 rtfail 0 [0.1 s]
#   unit {'pos': 169, 'blk': None}: om1 5 pos 0 st1 0 fail1 0 t4 0 t4only 0 t2only 0 rtfail 0 [0.0 s]
#   unit {'pos': 170, 'blk': None}: om1 3 pos 0 st1 0 fail1 0 t4 0 t4only 0 t2only 0 rtfail 0 [0.0 s]
#   unit {'pos': 171, 'blk': None}: om1 4 pos 8 st1 8 fail1 0 t4 8 t4only 0 t2only 0 rtfail 0 [0.0 s]
#   unit {'pos': 172, 'blk': None}: om1 1 pos 0 st1 0 fail1 0 t4 0 t4only 0 t2only 0 rtfail 0 [0.0 s]
#   unit {'pos': 173, 'blk': None}: om1 0 pos 0 st1 0 fail1 0 t4 0 t4only 0 t2only 0 rtfail 0 [0.0 s]
#   unit {'pos': 174, 'blk': None}: om1 0 pos 0 st1 0 fail1 0 t4 0 t4only 0 t2only 0 rtfail 0 [0.0 s]
#   unit {'pos': 175, 'blk': None}: om1 1 pos 0 st1 0 fail1 0 t4 0 t4only 0 t2only 0 rtfail 0 [0.0 s]
#   unit {'pos': 176, 'blk': None}: om1 0 pos 0 st1 0 fail1 0 t4 0 t4only 0 t2only 0 rtfail 0 [0.0 s]
#   unit {'pos': 177, 'blk': None}: om1 0 pos 0 st1 0 fail1 0 t4 0 t4only 0 t2only 0 rtfail 0 [0.0 s]
#   unit {'pos': 178, 'blk': None}: om1 1 pos 0 st1 0 fail1 0 t4 0 t4only 0 t2only 0 rtfail 0 [0.0 s]
#   unit {'pos': 179, 'blk': None}: om1 0 pos 0 st1 0 fail1 0 t4 0 t4only 0 t2only 0 rtfail 0 [0.0 s]
#   unit {'pos': 180, 'blk': None}: om1 3 pos 0 st1 0 fail1 0 t4 0 t4only 0 t2only 0 rtfail 0 [0.0 s]
#   unit {'pos': 181, 'blk': None}: om1 1 pos 0 st1 0 fail1 0 t4 0 t4only 0 t2only 0 rtfail 0 [0.0 s]
#   unit {'pos': 182, 'blk': None}: om1 1 pos 0 st1 0 fail1 0 t4 0 t4only 0 t2only 0 rtfail 0 [0.0 s]
#   unit {'pos': 183, 'blk': None}: om1 0 pos 0 st1 0 fail1 0 t4 0 t4only 0 t2only 0 rtfail 0 [0.0 s]
#   unit {'pos': 184, 'blk': None}: om1 0 pos 0 st1 0 fail1 0 t4 0 t4only 0 t2only 0 rtfail 0 [0.0 s]
#   unit {'pos': 185, 'blk': None}: om1 0 pos 0 st1 0 fail1 0 t4 0 t4only 0 t2only 0 rtfail 0 [0.0 s]
#   unit {'pos': 186, 'blk': None}: om1 0 pos 0 st1 0 fail1 0 t4 0 t4only 0 t2only 0 rtfail 0 [0.1 s]
#   unit {'pos': 187, 'blk': None}: om1 0 pos 0 st1 0 fail1 0 t4 0 t4only 0 t2only 0 rtfail 0 [0.1 s]
#   unit {'pos': 188, 'blk': None}: om1 0 pos 0 st1 0 fail1 0 t4 0 t4only 0 t2only 0 rtfail 0 [0.0 s]
#   unit {'pos': 189, 'blk': None}: om1 0 pos 0 st1 0 fail1 0 t4 0 t4only 0 t2only 0 rtfail 0 [0.0 s]
#   unit {'pos': 190, 'blk': None}: om1 0 pos 0 st1 0 fail1 0 t4 0 t4only 0 t2only 0 rtfail 0 [0.1 s]
#   unit {'pos': 192, 'blk': None}: om1 0 pos 0 st1 0 fail1 0 t4 0 t4only 0 t2only 0 rtfail 0 [0.1 s]
#   unit {'pos': 191, 'blk': None}: om1 1 pos 0 st1 0 fail1 0 t4 0 t4only 0 t2only 0 rtfail 0 [0.1 s]
#   unit {'pos': 193, 'blk': None}: om1 0 pos 0 st1 0 fail1 0 t4 0 t4only 0 t2only 0 rtfail 0 [0.1 s]
#   unit {'pos': 194, 'blk': None}: om1 0 pos 0 st1 0 fail1 0 t4 0 t4only 0 t2only 0 rtfail 0 [0.1 s]
#   unit {'pos': 195, 'blk': None}: om1 0 pos 0 st1 0 fail1 0 t4 0 t4only 0 t2only 0 rtfail 0 [0.1 s]
#   unit {'pos': 196, 'blk': None}: om1 0 pos 0 st1 0 fail1 0 t4 0 t4only 0 t2only 0 rtfail 0 [0.1 s]
#   unit {'pos': 197, 'blk': None}: om1 0 pos 0 st1 0 fail1 0 t4 0 t4only 0 t2only 0 rtfail 0 [0.1 s]
#   unit {'pos': 198, 'blk': None}: om1 9 pos 0 st1 0 fail1 0 t4 0 t4only 0 t2only 0 rtfail 0 [0.1 s]
#   unit {'pos': 199, 'blk': None}: om1 11 pos 0 st1 0 fail1 0 t4 0 t4only 0 t2only 0 rtfail 0 [0.1 s]
#   unit {'pos': 200, 'blk': None}: om1 13 pos 28 st1 28 fail1 0 t4 28 t4only 0 t2only 0 rtfail 0 [0.1 s]
#   unit {'pos': 201, 'blk': None}: om1 6 pos 18 st1 18 fail1 0 t4 18 t4only 4 t2only 0 rtfail 4 [0.1 s]
#   unit {'pos': 204, 'blk': None}: om1 2 pos 0 st1 0 fail1 0 t4 0 t4only 0 t2only 0 rtfail 0 [0.0 s]
#   unit {'pos': 203, 'blk': None}: om1 7 pos 0 st1 0 fail1 0 t4 0 t4only 0 t2only 0 rtfail 0 [0.1 s]
#   unit {'pos': 202, 'blk': None}: om1 8 pos 12 st1 12 fail1 0 t4 12 t4only 0 t2only 0 rtfail 0 [0.1 s]
#   unit {'pos': 206, 'blk': None}: om1 0 pos 0 st1 0 fail1 0 t4 0 t4only 0 t2only 0 rtfail 0 [0.0 s]
#   unit {'pos': 207, 'blk': None}: om1 0 pos 0 st1 0 fail1 0 t4 0 t4only 0 t2only 0 rtfail 0 [0.0 s]
#   unit {'pos': 205, 'blk': None}: om1 0 pos 0 st1 0 fail1 0 t4 0 t4only 0 t2only 0 rtfail 0 [0.1 s]
#   unit {'pos': 208, 'blk': None}: om1 13 pos 0 st1 0 fail1 0 t4 0 t4only 0 t2only 0 rtfail 0 [0.1 s]
#   unit {'pos': 209, 'blk': None}: om1 13 pos 0 st1 0 fail1 0 t4 0 t4only 0 t2only 0 rtfail 0 [0.0 s]
#   unit {'pos': 210, 'blk': None}: om1 9 pos 0 st1 0 fail1 0 t4 0 t4only 0 t2only 0 rtfail 0 [0.0 s]
#   unit {'pos': 211, 'blk': None}: om1 10 pos 0 st1 0 fail1 0 t4 0 t4only 0 t2only 0 rtfail 0 [0.0 s]
#   unit {'pos': 212, 'blk': None}: om1 17 pos 0 st1 0 fail1 0 t4 0 t4only 0 t2only 0 rtfail 0 [0.0 s]
#   unit {'pos': 213, 'blk': None}: om1 13 pos 0 st1 0 fail1 0 t4 0 t4only 0 t2only 0 rtfail 0 [0.0 s]
#   unit {'pos': 214, 'blk': None}: om1 3 pos 0 st1 0 fail1 0 t4 0 t4only 0 t2only 0 rtfail 0 [0.0 s]
#   unit {'pos': 217, 'blk': None}: om1 0 pos 0 st1 0 fail1 0 t4 0 t4only 0 t2only 0 rtfail 0 [0.0 s]
#   unit {'pos': 215, 'blk': None}: om1 5 pos 0 st1 0 fail1 0 t4 0 t4only 0 t2only 0 rtfail 0 [0.1 s]
#   unit {'pos': 216, 'blk': None}: om1 3 pos 0 st1 0 fail1 0 t4 0 t4only 0 t2only 0 rtfail 0 [0.1 s]
#   unit {'pos': 218, 'blk': None}: om1 0 pos 0 st1 0 fail1 0 t4 0 t4only 0 t2only 0 rtfail 0 [0.0 s]
#   unit {'pos': 219, 'blk': None}: om1 9 pos 0 st1 0 fail1 0 t4 0 t4only 0 t2only 0 rtfail 0 [0.0 s]
#   unit {'pos': 220, 'blk': None}: om1 0 pos 0 st1 0 fail1 0 t4 0 t4only 0 t2only 0 rtfail 0 [0.1 s]
#   unit {'pos': 221, 'blk': None}: om1 0 pos 0 st1 0 fail1 0 t4 0 t4only 0 t2only 0 rtfail 0 [0.0 s]
#   unit {'pos': 222, 'blk': None}: om1 0 pos 0 st1 0 fail1 0 t4 0 t4only 0 t2only 0 rtfail 0 [0.1 s]
#   unit {'pos': 223, 'blk': None}: om1 2 pos 0 st1 0 fail1 0 t4 0 t4only 0 t2only 0 rtfail 0 [0.1 s]
#   unit {'pos': 224, 'blk': None}: om1 0 pos 0 st1 0 fail1 0 t4 0 t4only 0 t2only 0 rtfail 0 [0.1 s]
#   unit {'pos': 225, 'blk': None}: om1 0 pos 0 st1 0 fail1 0 t4 0 t4only 0 t2only 0 rtfail 0 [0.0 s]
#   unit {'pos': 226, 'blk': None}: om1 0 pos 0 st1 0 fail1 0 t4 0 t4only 0 t2only 0 rtfail 0 [0.1 s]
#   unit {'pos': 227, 'blk': None}: om1 1 pos 0 st1 0 fail1 0 t4 0 t4only 0 t2only 0 rtfail 0 [0.1 s]
#   unit {'pos': 229, 'blk': None}: om1 1 pos 0 st1 0 fail1 0 t4 0 t4only 0 t2only 0 rtfail 0 [0.0 s]
#   unit {'pos': 230, 'blk': None}: om1 3 pos 10 st1 10 fail1 0 t4 10 t4only 0 t2only 0 rtfail 0 [0.0 s]
#   unit {'pos': 231, 'blk': None}: om1 5 pos 0 st1 0 fail1 0 t4 0 t4only 0 t2only 0 rtfail 0 [0.1 s]
#   unit {'pos': 232, 'blk': None}: om1 1 pos 0 st1 0 fail1 0 t4 0 t4only 0 t2only 0 rtfail 0 [0.1 s]
#   unit {'pos': 228, 'blk': None}: om1 3 pos 0 st1 0 fail1 0 t4 0 t4only 0 t2only 0 rtfail 0 [0.1 s]
#   unit {'pos': 233, 'blk': None}: om1 0 pos 0 st1 0 fail1 0 t4 0 t4only 0 t2only 0 rtfail 0 [0.1 s]
#   unit {'pos': 234, 'blk': None}: om1 2 pos 0 st1 0 fail1 0 t4 0 t4only 0 t2only 0 rtfail 0 [0.1 s]
#   unit {'pos': 235, 'blk': None}: om1 1 pos 0 st1 0 fail1 0 t4 0 t4only 0 t2only 0 rtfail 0 [0.1 s]
#   unit {'pos': 237, 'blk': None}: om1 0 pos 0 st1 0 fail1 0 t4 0 t4only 0 t2only 0 rtfail 0 [0.1 s]
#   unit {'pos': 236, 'blk': None}: om1 2 pos 0 st1 0 fail1 0 t4 0 t4only 0 t2only 0 rtfail 0 [0.1 s]
#   unit {'pos': 239, 'blk': None}: om1 0 pos 0 st1 0 fail1 0 t4 0 t4only 0 t2only 0 rtfail 0 [0.1 s]
#   unit {'pos': 240, 'blk': None}: om1 0 pos 0 st1 0 fail1 0 t4 0 t4only 0 t2only 0 rtfail 0 [0.0 s]
#   unit {'pos': 238, 'blk': None}: om1 0 pos 0 st1 0 fail1 0 t4 0 t4only 0 t2only 0 rtfail 0 [0.1 s]
#   unit {'pos': 241, 'blk': None}: om1 0 pos 0 st1 0 fail1 0 t4 0 t4only 0 t2only 0 rtfail 0 [0.1 s]
#   unit {'pos': 242, 'blk': None}: om1 0 pos 0 st1 0 fail1 0 t4 0 t4only 0 t2only 0 rtfail 0 [0.1 s]
#   unit {'pos': 245, 'blk': None}: om1 0 pos 0 st1 0 fail1 0 t4 0 t4only 0 t2only 0 rtfail 0 [0.1 s]
#   unit {'pos': 243, 'blk': None}: om1 0 pos 0 st1 0 fail1 0 t4 0 t4only 0 t2only 0 rtfail 0 [0.1 s]
#   unit {'pos': 246, 'blk': None}: om1 0 pos 0 st1 0 fail1 0 t4 0 t4only 0 t2only 0 rtfail 0 [0.1 s]
#   unit {'pos': 244, 'blk': None}: om1 0 pos 0 st1 0 fail1 0 t4 0 t4only 0 t2only 0 rtfail 0 [0.1 s]
#   unit {'pos': 247, 'blk': None}: om1 1 pos 0 st1 0 fail1 0 t4 0 t4only 0 t2only 0 rtfail 0 [0.1 s]
#   unit {'pos': 248, 'blk': None}: om1 1 pos 0 st1 0 fail1 0 t4 0 t4only 0 t2only 0 rtfail 0 [0.1 s]
#   unit {'pos': 249, 'blk': None}: om1 1 pos 0 st1 0 fail1 0 t4 0 t4only 0 t2only 0 rtfail 0 [0.1 s]
#   unit {'pos': 250, 'blk': None}: om1 1 pos 0 st1 0 fail1 0 t4 0 t4only 0 t2only 0 rtfail 0 [0.1 s]
#   unit {'pos': 251, 'blk': None}: om1 2 pos 0 st1 0 fail1 0 t4 0 t4only 0 t2only 0 rtfail 0 [0.1 s]
#   unit {'pos': 252, 'blk': None}: om1 0 pos 0 st1 0 fail1 0 t4 0 t4only 0 t2only 0 rtfail 0 [0.1 s]
#   unit {'pos': 254, 'blk': None}: om1 0 pos 0 st1 0 fail1 0 t4 0 t4only 0 t2only 0 rtfail 0 [0.1 s]
#   unit {'pos': 255, 'blk': None}: om1 0 pos 0 st1 0 fail1 0 t4 0 t4only 0 t2only 0 rtfail 0 [0.1 s]
#   unit {'pos': 253, 'blk': None}: om1 0 pos 0 st1 0 fail1 0 t4 0 t4only 0 t2only 0 rtfail 0 [0.1 s]
#   unit {'pos': 256, 'blk': None}: om1 0 pos 0 st1 0 fail1 0 t4 0 t4only 0 t2only 0 rtfail 0 [0.1 s]
#   unit {'pos': 258, 'blk': None}: om1 2 pos 0 st1 0 fail1 0 t4 0 t4only 0 t2only 0 rtfail 0 [0.1 s]
#   unit {'pos': 259, 'blk': None}: om1 2 pos 0 st1 0 fail1 0 t4 0 t4only 0 t2only 0 rtfail 0 [0.1 s]
#   unit {'pos': 257, 'blk': None}: om1 0 pos 0 st1 0 fail1 0 t4 0 t4only 0 t2only 0 rtfail 0 [0.1 s]
#   unit {'pos': 260, 'blk': None}: om1 0 pos 0 st1 0 fail1 0 t4 0 t4only 0 t2only 0 rtfail 0 [0.1 s]
#   unit {'pos': 261, 'blk': None}: om1 0 pos 0 st1 0 fail1 0 t4 0 t4only 0 t2only 0 rtfail 0 [0.1 s]
#   unit {'pos': 262, 'blk': None}: om1 0 pos 0 st1 0 fail1 0 t4 0 t4only 0 t2only 0 rtfail 0 [0.1 s]
#   unit {'pos': 263, 'blk': None}: om1 0 pos 0 st1 0 fail1 0 t4 0 t4only 0 t2only 0 rtfail 0 [0.1 s]
#   unit {'pos': 264, 'blk': None}: om1 0 pos 0 st1 0 fail1 0 t4 0 t4only 0 t2only 0 rtfail 0 [0.1 s]
#   unit {'pos': 265, 'blk': None}: om1 1 pos 0 st1 0 fail1 0 t4 0 t4only 0 t2only 0 rtfail 0 [0.1 s]
#   unit {'pos': 266, 'blk': None}: om1 3 pos 0 st1 0 fail1 0 t4 0 t4only 0 t2only 0 rtfail 0 [0.1 s]
#   unit {'pos': 268, 'blk': None}: om1 2 pos 0 st1 0 fail1 0 t4 0 t4only 0 t2only 0 rtfail 0 [0.0 s]
#   unit {'pos': 269, 'blk': None}: om1 4 pos 0 st1 0 fail1 0 t4 0 t4only 0 t2only 0 rtfail 0 [0.0 s]
#   unit {'pos': 270, 'blk': None}: om1 3 pos 0 st1 0 fail1 0 t4 0 t4only 0 t2only 0 rtfail 0 [0.1 s]
#   unit {'pos': 267, 'blk': None}: om1 11 pos 0 st1 0 fail1 0 t4 0 t4only 0 t2only 0 rtfail 0 [0.1 s]
#   unit {'pos': 271, 'blk': None}: om1 3 pos 0 st1 0 fail1 0 t4 0 t4only 0 t2only 0 rtfail 0 [0.0 s]
#   unit {'pos': 272, 'blk': None}: om1 4 pos 0 st1 0 fail1 0 t4 0 t4only 0 t2only 0 rtfail 0 [0.1 s]
#   unit {'pos': 273, 'blk': None}: om1 1 pos 0 st1 0 fail1 0 t4 0 t4only 0 t2only 0 rtfail 0 [0.1 s]
#   unit {'pos': 274, 'blk': None}: om1 0 pos 0 st1 0 fail1 0 t4 0 t4only 0 t2only 0 rtfail 0 [0.1 s]
#   unit {'pos': 275, 'blk': None}: om1 0 pos 0 st1 0 fail1 0 t4 0 t4only 0 t2only 0 rtfail 0 [0.1 s]
#   unit {'pos': 276, 'blk': None}: om1 3 pos 0 st1 0 fail1 0 t4 0 t4only 0 t2only 0 rtfail 0 [0.0 s]
#   unit {'pos': 277, 'blk': None}: om1 0 pos 0 st1 0 fail1 0 t4 0 t4only 0 t2only 0 rtfail 0 [0.1 s]
#   unit {'pos': 278, 'blk': None}: om1 0 pos 0 st1 0 fail1 0 t4 0 t4only 0 t2only 0 rtfail 0 [0.1 s]
#   unit {'pos': 280, 'blk': None}: om1 1 pos 0 st1 0 fail1 0 t4 0 t4only 0 t2only 0 rtfail 0 [0.0 s]
#   unit {'pos': 279, 'blk': None}: om1 0 pos 0 st1 0 fail1 0 t4 0 t4only 0 t2only 0 rtfail 0 [0.1 s]
#   unit {'pos': 281, 'blk': None}: om1 1 pos 0 st1 0 fail1 0 t4 0 t4only 0 t2only 0 rtfail 0 [0.1 s]
#   unit {'pos': 282, 'blk': None}: om1 1 pos 0 st1 0 fail1 0 t4 0 t4only 0 t2only 0 rtfail 0 [0.1 s]
#   unit {'pos': 283, 'blk': None}: om1 0 pos 0 st1 0 fail1 0 t4 0 t4only 0 t2only 0 rtfail 0 [0.0 s]
#   unit {'pos': 284, 'blk': None}: om1 0 pos 0 st1 0 fail1 0 t4 0 t4only 0 t2only 0 rtfail 0 [0.1 s]
#   unit {'pos': 286, 'blk': None}: om1 2 pos 0 st1 0 fail1 0 t4 0 t4only 0 t2only 0 rtfail 0 [0.1 s]
#   unit {'pos': 285, 'blk': None}: om1 2 pos 0 st1 0 fail1 0 t4 0 t4only 0 t2only 0 rtfail 0 [0.1 s]
#   unit {'pos': 287, 'blk': None}: om1 6 pos 0 st1 0 fail1 0 t4 0 t4only 0 t2only 0 rtfail 0 [0.1 s]
#   unit {'pos': 288, 'blk': None}: om1 0 pos 0 st1 0 fail1 0 t4 0 t4only 0 t2only 0 rtfail 0 [0.1 s]
#   unit {'pos': 289, 'blk': None}: om1 0 pos 0 st1 0 fail1 0 t4 0 t4only 0 t2only 0 rtfail 0 [0.1 s]
#   unit {'pos': 290, 'blk': None}: om1 0 pos 0 st1 0 fail1 0 t4 0 t4only 0 t2only 0 rtfail 0 [0.1 s]
#   unit {'pos': 291, 'blk': None}: om1 0 pos 0 st1 0 fail1 0 t4 0 t4only 0 t2only 0 rtfail 0 [0.1 s]
#   unit {'pos': 292, 'blk': None}: om1 0 pos 0 st1 0 fail1 0 t4 0 t4only 0 t2only 0 rtfail 0 [0.1 s]
#   unit {'pos': 294, 'blk': None}: om1 2 pos 0 st1 0 fail1 0 t4 0 t4only 0 t2only 0 rtfail 0 [0.0 s]
#   unit {'pos': 295, 'blk': None}: om1 1 pos 0 st1 0 fail1 0 t4 0 t4only 0 t2only 0 rtfail 0 [0.0 s]
#   unit {'pos': 293, 'blk': None}: om1 0 pos 0 st1 0 fail1 0 t4 0 t4only 0 t2only 0 rtfail 0 [0.1 s]
#   unit {'pos': 296, 'blk': None}: om1 2 pos 0 st1 0 fail1 0 t4 0 t4only 0 t2only 0 rtfail 0 [0.0 s]
#   unit {'pos': 297, 'blk': None}: om1 2 pos 0 st1 0 fail1 0 t4 0 t4only 0 t2only 0 rtfail 0 [0.1 s]
#   unit {'pos': 298, 'blk': None}: om1 0 pos 0 st1 0 fail1 0 t4 0 t4only 0 t2only 0 rtfail 0 [0.0 s]
#   unit {'pos': 299, 'blk': None}: om1 0 pos 0 st1 0 fail1 0 t4 0 t4only 0 t2only 0 rtfail 0 [0.0 s]
#   unit {'pos': 300, 'blk': None}: om1 0 pos 0 st1 0 fail1 0 t4 0 t4only 0 t2only 0 rtfail 0 [0.1 s]
#   unit {'pos': 302, 'blk': None}: om1 0 pos 0 st1 0 fail1 0 t4 0 t4only 0 t2only 0 rtfail 0 [0.1 s]
#   unit {'pos': 301, 'blk': None}: om1 2 pos 0 st1 0 fail1 0 t4 0 t4only 0 t2only 0 rtfail 0 [0.1 s]
#   unit {'pos': 303, 'blk': None}: om1 0 pos 0 st1 0 fail1 0 t4 0 t4only 0 t2only 0 rtfail 0 [0.1 s]
#   unit {'pos': 304, 'blk': None}: om1 0 pos 0 st1 0 fail1 0 t4 0 t4only 0 t2only 0 rtfail 0 [0.1 s]
#   unit {'pos': 306, 'blk': None}: om1 0 pos 0 st1 0 fail1 0 t4 0 t4only 0 t2only 0 rtfail 0 [0.1 s]
#   unit {'pos': 305, 'blk': None}: om1 0 pos 0 st1 0 fail1 0 t4 0 t4only 0 t2only 0 rtfail 0 [0.1 s]
#   unit {'pos': 307, 'blk': None}: om1 0 pos 0 st1 0 fail1 0 t4 0 t4only 0 t2only 0 rtfail 0 [0.1 s]
#   unit {'pos': 308, 'blk': None}: om1 0 pos 0 st1 0 fail1 0 t4 0 t4only 0 t2only 0 rtfail 0 [0.1 s]
#   unit {'pos': 309, 'blk': None}: om1 1 pos 0 st1 0 fail1 0 t4 0 t4only 0 t2only 0 rtfail 0 [0.1 s]
#   unit {'pos': 310, 'blk': None}: om1 0 pos 0 st1 0 fail1 0 t4 0 t4only 0 t2only 0 rtfail 0 [0.1 s]
#   unit {'pos': 312, 'blk': None}: om1 0 pos 0 st1 0 fail1 0 t4 0 t4only 0 t2only 0 rtfail 0 [0.1 s]
#   unit {'pos': 311, 'blk': None}: om1 0 pos 0 st1 0 fail1 0 t4 0 t4only 0 t2only 0 rtfail 0 [0.1 s]
#   unit {'pos': 315, 'blk': None}: om1 0 pos 0 st1 0 fail1 0 t4 0 t4only 0 t2only 0 rtfail 0 [0.1 s]
#   unit {'pos': 316, 'blk': None}: om1 0 pos 0 st1 0 fail1 0 t4 0 t4only 0 t2only 0 rtfail 0 [0.1 s]
#   unit {'pos': 314, 'blk': None}: om1 0 pos 0 st1 0 fail1 0 t4 0 t4only 0 t2only 0 rtfail 0 [0.1 s]
#   unit {'pos': 313, 'blk': None}: om1 0 pos 0 st1 0 fail1 0 t4 0 t4only 0 t2only 0 rtfail 0 [0.1 s]
#   unit {'pos': 318, 'blk': None}: om1 0 pos 0 st1 0 fail1 0 t4 0 t4only 0 t2only 0 rtfail 0 [0.1 s]
#   unit {'pos': 317, 'blk': None}: om1 0 pos 0 st1 0 fail1 0 t4 0 t4only 0 t2only 0 rtfail 0 [0.1 s]
#   unit {'pos': 319, 'blk': None}: om1 1 pos 0 st1 0 fail1 0 t4 0 t4only 0 t2only 0 rtfail 0 [0.1 s]
#   unit {'pos': 320, 'blk': None}: om1 0 pos 0 st1 0 fail1 0 t4 0 t4only 0 t2only 0 rtfail 0 [0.1 s]
#   unit {'pos': 322, 'blk': None}: om1 0 pos 0 st1 0 fail1 0 t4 0 t4only 0 t2only 0 rtfail 0 [0.1 s]
#   unit {'pos': 323, 'blk': None}: om1 0 pos 0 st1 0 fail1 0 t4 0 t4only 0 t2only 0 rtfail 0 [0.1 s]
#   unit {'pos': 321, 'blk': None}: om1 0 pos 0 st1 0 fail1 0 t4 0 t4only 0 t2only 0 rtfail 0 [0.1 s]
#   unit {'pos': 324, 'blk': None}: om1 0 pos 0 st1 0 fail1 0 t4 0 t4only 0 t2only 0 rtfail 0 [0.1 s]
#   unit {'pos': 325, 'blk': None}: om1 0 pos 0 st1 0 fail1 0 t4 0 t4only 0 t2only 0 rtfail 0 [0.1 s]
#   unit {'pos': 326, 'blk': None}: om1 0 pos 0 st1 0 fail1 0 t4 0 t4only 0 t2only 0 rtfail 0 [0.1 s]
#   unit {'pos': 328, 'blk': None}: om1 0 pos 0 st1 0 fail1 0 t4 0 t4only 0 t2only 0 rtfail 0 [0.1 s]
#   unit {'pos': 327, 'blk': None}: om1 0 pos 0 st1 0 fail1 0 t4 0 t4only 0 t2only 0 rtfail 0 [0.1 s]
#   unit {'pos': 331, 'blk': None}: om1 0 pos 0 st1 0 fail1 0 t4 0 t4only 0 t2only 0 rtfail 0 [0.0 s]
#   unit {'pos': 330, 'blk': None}: om1 0 pos 0 st1 0 fail1 0 t4 0 t4only 0 t2only 0 rtfail 0 [0.1 s]
#   unit {'pos': 329, 'blk': None}: om1 0 pos 0 st1 0 fail1 0 t4 0 t4only 0 t2only 0 rtfail 0 [0.1 s]
#   unit {'pos': 332, 'blk': None}: om1 0 pos 0 st1 0 fail1 0 t4 0 t4only 0 t2only 0 rtfail 0 [0.1 s]
#   unit {'pos': 334, 'blk': None}: om1 0 pos 0 st1 0 fail1 0 t4 0 t4only 0 t2only 0 rtfail 0 [0.1 s]
#   unit {'pos': 335, 'blk': None}: om1 0 pos 0 st1 0 fail1 0 t4 0 t4only 0 t2only 0 rtfail 0 [0.1 s]
#   unit {'pos': 333, 'blk': None}: om1 0 pos 0 st1 0 fail1 0 t4 0 t4only 0 t2only 0 rtfail 0 [0.1 s]
#   unit {'pos': 336, 'blk': None}: om1 0 pos 0 st1 0 fail1 0 t4 0 t4only 0 t2only 0 rtfail 0 [0.1 s]
#   unit {'pos': 337, 'blk': None}: om1 0 pos 0 st1 0 fail1 0 t4 0 t4only 0 t2only 0 rtfail 0 [0.1 s]
#   unit {'pos': 338, 'blk': None}: om1 0 pos 0 st1 0 fail1 0 t4 0 t4only 0 t2only 0 rtfail 0 [0.1 s]
#   unit {'pos': 339, 'blk': None}: om1 0 pos 0 st1 0 fail1 0 t4 0 t4only 0 t2only 0 rtfail 0 [0.1 s]
#   unit {'pos': 340, 'blk': None}: om1 0 pos 0 st1 0 fail1 0 t4 0 t4only 0 t2only 0 rtfail 0 [0.1 s]
#   unit {'pos': 344, 'blk': None}: om1 0 pos 0 st1 0 fail1 0 t4 0 t4only 0 t2only 0 rtfail 0 [0.0 s]
#   unit {'pos': 341, 'blk': None}: om1 0 pos 0 st1 0 fail1 0 t4 0 t4only 0 t2only 0 rtfail 0 [0.1 s]
#   unit {'pos': 343, 'blk': None}: om1 0 pos 0 st1 0 fail1 0 t4 0 t4only 0 t2only 0 rtfail 0 [0.1 s]
#   unit {'pos': 342, 'blk': None}: om1 0 pos 0 st1 0 fail1 0 t4 0 t4only 0 t2only 0 rtfail 0 [0.1 s]
#   unit {'pos': 346, 'blk': None}: om1 0 pos 0 st1 0 fail1 0 t4 0 t4only 0 t2only 0 rtfail 0 [0.1 s]
#   unit {'pos': 345, 'blk': None}: om1 0 pos 0 st1 0 fail1 0 t4 0 t4only 0 t2only 0 rtfail 0 [0.1 s]
#   unit {'pos': 348, 'blk': None}: om1 0 pos 0 st1 0 fail1 0 t4 0 t4only 0 t2only 0 rtfail 0 [0.1 s]
#   unit {'pos': 349, 'blk': None}: om1 0 pos 0 st1 0 fail1 0 t4 0 t4only 0 t2only 0 rtfail 0 [0.1 s]
#   unit {'pos': 350, 'blk': None}: om1 0 pos 0 st1 0 fail1 0 t4 0 t4only 0 t2only 0 rtfail 0 [0.1 s]
#   unit {'pos': 351, 'blk': None}: om1 0 pos 0 st1 0 fail1 0 t4 0 t4only 0 t2only 0 rtfail 0 [0.1 s]
#   unit {'pos': 347, 'blk': None}: om1 0 pos 0 st1 0 fail1 0 t4 0 t4only 0 t2only 0 rtfail 0 [0.1 s]
#   unit {'pos': 352, 'blk': None}: om1 0 pos 0 st1 0 fail1 0 t4 0 t4only 0 t2only 0 rtfail 0 [0.1 s]
#   unit {'pos': 353, 'blk': None}: om1 0 pos 0 st1 0 fail1 0 t4 0 t4only 0 t2only 0 rtfail 0 [0.1 s]
#   unit {'pos': 356, 'blk': None}: om1 0 pos 0 st1 0 fail1 0 t4 0 t4only 0 t2only 0 rtfail 0 [0.1 s]
#   unit {'pos': 354, 'blk': None}: om1 0 pos 0 st1 0 fail1 0 t4 0 t4only 0 t2only 0 rtfail 0 [0.1 s]
#   unit {'pos': 355, 'blk': None}: om1 0 pos 0 st1 0 fail1 0 t4 0 t4only 0 t2only 0 rtfail 0 [0.1 s]
#   unit {'pos': 357, 'blk': None}: om1 0 pos 0 st1 0 fail1 0 t4 0 t4only 0 t2only 0 rtfail 0 [0.1 s]
#   unit {'pos': 360, 'blk': None}: om1 0 pos 0 st1 0 fail1 0 t4 0 t4only 0 t2only 0 rtfail 0 [0.0 s]
#   unit {'pos': 361, 'blk': None}: om1 0 pos 0 st1 0 fail1 0 t4 0 t4only 0 t2only 0 rtfail 0 [0.1 s]
#   unit {'pos': 359, 'blk': None}: om1 0 pos 0 st1 0 fail1 0 t4 0 t4only 0 t2only 0 rtfail 0 [0.1 s]
#   unit {'pos': 358, 'blk': None}: om1 0 pos 0 st1 0 fail1 0 t4 0 t4only 0 t2only 0 rtfail 0 [0.1 s]
#   unit {'pos': 362, 'blk': None}: om1 0 pos 0 st1 0 fail1 0 t4 0 t4only 0 t2only 0 rtfail 0 [0.1 s]
#   unit {'pos': 363, 'blk': None}: om1 0 pos 0 st1 0 fail1 0 t4 0 t4only 0 t2only 0 rtfail 0 [0.1 s]
#   unit {'pos': 364, 'blk': None}: om1 0 pos 0 st1 0 fail1 0 t4 0 t4only 0 t2only 0 rtfail 0 [0.1 s]
#   unit {'pos': 365, 'blk': None}: om1 0 pos 0 st1 0 fail1 0 t4 0 t4only 0 t2only 0 rtfail 0 [0.1 s]
#   unit {'pos': 367, 'blk': None}: om1 0 pos 0 st1 0 fail1 0 t4 0 t4only 0 t2only 0 rtfail 0 [0.1 s]
#   unit {'pos': 368, 'blk': None}: om1 0 pos 0 st1 0 fail1 0 t4 0 t4only 0 t2only 0 rtfail 0 [0.1 s]
#   unit {'pos': 366, 'blk': None}: om1 0 pos 0 st1 0 fail1 0 t4 0 t4only 0 t2only 0 rtfail 0 [0.1 s]
#   unit {'pos': 369, 'blk': None}: om1 0 pos 0 st1 0 fail1 0 t4 0 t4only 0 t2only 0 rtfail 0 [0.1 s]
#   unit {'pos': 371, 'blk': None}: om1 0 pos 0 st1 0 fail1 0 t4 0 t4only 0 t2only 0 rtfail 0 [0.1 s]
#   unit {'pos': 373, 'blk': None}: om1 0 pos 0 st1 0 fail1 0 t4 0 t4only 0 t2only 0 rtfail 0 [0.1 s]
#   unit {'pos': 372, 'blk': None}: om1 0 pos 0 st1 0 fail1 0 t4 0 t4only 0 t2only 0 rtfail 0 [0.1 s]
#   unit {'pos': 374, 'blk': None}: om1 0 pos 0 st1 0 fail1 0 t4 0 t4only 0 t2only 0 rtfail 0 [0.1 s]
#   unit {'pos': 375, 'blk': None}: om1 0 pos 0 st1 0 fail1 0 t4 0 t4only 0 t2only 0 rtfail 0 [0.1 s]
#   unit {'pos': 370, 'blk': None}: om1 0 pos 0 st1 0 fail1 0 t4 0 t4only 0 t2only 0 rtfail 0 [0.2 s]
#   unit {'pos': 377, 'blk': None}: om1 0 pos 0 st1 0 fail1 0 t4 0 t4only 0 t2only 0 rtfail 0 [0.1 s]
#   unit {'pos': 378, 'blk': None}: om1 0 pos 0 st1 0 fail1 0 t4 0 t4only 0 t2only 0 rtfail 0 [0.1 s]
#   unit {'pos': 380, 'blk': None}: om1 0 pos 0 st1 0 fail1 0 t4 0 t4only 0 t2only 0 rtfail 0 [0.1 s]
#   unit {'pos': 376, 'blk': None}: om1 0 pos 0 st1 0 fail1 0 t4 0 t4only 0 t2only 0 rtfail 0 [0.1 s]
#   unit {'pos': 381, 'blk': None}: om1 0 pos 0 st1 0 fail1 0 t4 0 t4only 0 t2only 0 rtfail 0 [0.1 s]
#   unit {'pos': 379, 'blk': None}: om1 0 pos 0 st1 0 fail1 0 t4 0 t4only 0 t2only 0 rtfail 0 [0.1 s]
#   unit {'pos': 382, 'blk': None}: om1 0 pos 0 st1 0 fail1 0 t4 0 t4only 0 t2only 0 rtfail 0 [0.1 s]
#   unit {'pos': 383, 'blk': None}: om1 0 pos 0 st1 0 fail1 0 t4 0 t4only 0 t2only 0 rtfail 0 [0.1 s]
#   unit {'pos': 386, 'blk': None}: om1 0 pos 0 st1 0 fail1 0 t4 0 t4only 0 t2only 0 rtfail 0 [0.1 s]
#   unit {'pos': 384, 'blk': None}: om1 0 pos 0 st1 0 fail1 0 t4 0 t4only 0 t2only 0 rtfail 0 [0.1 s]
#   unit {'pos': 387, 'blk': None}: om1 0 pos 0 st1 0 fail1 0 t4 0 t4only 0 t2only 0 rtfail 0 [0.1 s]
#   unit {'pos': 385, 'blk': None}: om1 0 pos 0 st1 0 fail1 0 t4 0 t4only 0 t2only 0 rtfail 0 [0.1 s]
#   unit {'pos': 388, 'blk': None}: om1 0 pos 0 st1 0 fail1 0 t4 0 t4only 0 t2only 0 rtfail 0 [0.1 s]
#   unit {'pos': 390, 'blk': None}: om1 0 pos 0 st1 0 fail1 0 t4 0 t4only 0 t2only 0 rtfail 0 [0.0 s]
#   unit {'pos': 389, 'blk': None}: om1 0 pos 0 st1 0 fail1 0 t4 0 t4only 0 t2only 0 rtfail 0 [0.1 s]
#   unit {'pos': 391, 'blk': None}: om1 0 pos 0 st1 0 fail1 0 t4 0 t4only 0 t2only 0 rtfail 0 [0.1 s]
#   unit {'pos': 393, 'blk': None}: om1 0 pos 0 st1 0 fail1 0 t4 0 t4only 0 t2only 0 rtfail 0 [0.0 s]
#   unit {'pos': 392, 'blk': None}: om1 0 pos 0 st1 0 fail1 0 t4 0 t4only 0 t2only 0 rtfail 0 [0.1 s]
#   unit {'pos': 394, 'blk': None}: om1 1 pos 0 st1 0 fail1 0 t4 0 t4only 0 t2only 0 rtfail 0 [0.1 s]
#   unit {'pos': 395, 'blk': None}: om1 0 pos 0 st1 0 fail1 0 t4 0 t4only 0 t2only 0 rtfail 0 [0.1 s]
#   unit {'pos': 396, 'blk': None}: om1 0 pos 0 st1 0 fail1 0 t4 0 t4only 0 t2only 0 rtfail 0 [0.1 s]
#   unit {'pos': 397, 'blk': None}: om1 0 pos 0 st1 0 fail1 0 t4 0 t4only 0 t2only 0 rtfail 0 [0.1 s]
#   unit {'pos': 398, 'blk': None}: om1 0 pos 0 st1 0 fail1 0 t4 0 t4only 0 t2only 0 rtfail 0 [0.1 s]
#   unit {'pos': 399, 'blk': None}: om1 0 pos 0 st1 0 fail1 0 t4 0 t4only 0 t2only 0 rtfail 0 [0.1 s]
#   unit {'pos': 400, 'blk': None}: om1 0 pos 0 st1 0 fail1 0 t4 0 t4only 0 t2only 0 rtfail 0 [0.0 s]
#   unit {'pos': 401, 'blk': None}: om1 0 pos 0 st1 0 fail1 0 t4 0 t4only 0 t2only 0 rtfail 0 [0.1 s]
#   unit {'pos': 402, 'blk': None}: om1 0 pos 0 st1 0 fail1 0 t4 0 t4only 0 t2only 0 rtfail 0 [0.1 s]
#   unit {'pos': 403, 'blk': None}: om1 1 pos 0 st1 0 fail1 0 t4 0 t4only 0 t2only 0 rtfail 0 [0.1 s]
#   unit {'pos': 404, 'blk': None}: om1 0 pos 0 st1 0 fail1 0 t4 0 t4only 0 t2only 0 rtfail 0 [0.1 s]
#   unit {'pos': 405, 'blk': None}: om1 0 pos 0 st1 0 fail1 0 t4 0 t4only 0 t2only 0 rtfail 0 [0.1 s]
#   unit {'pos': 406, 'blk': None}: om1 0 pos 0 st1 0 fail1 0 t4 0 t4only 0 t2only 0 rtfail 0 [0.1 s]
#   unit {'pos': 407, 'blk': None}: om1 0 pos 0 st1 0 fail1 0 t4 0 t4only 0 t2only 0 rtfail 0 [0.1 s]
#   unit {'pos': 408, 'blk': None}: om1 0 pos 0 st1 0 fail1 0 t4 0 t4only 0 t2only 0 rtfail 0 [0.1 s]
#   unit {'pos': 409, 'blk': None}: om1 0 pos 0 st1 0 fail1 0 t4 0 t4only 0 t2only 0 rtfail 0 [0.1 s]
#   unit {'pos': 410, 'blk': None}: om1 0 pos 0 st1 0 fail1 0 t4 0 t4only 0 t2only 0 rtfail 0 [0.1 s]
#   unit {'pos': 411, 'blk': None}: om1 0 pos 0 st1 0 fail1 0 t4 0 t4only 0 t2only 0 rtfail 0 [0.1 s]
#   unit {'pos': 412, 'blk': None}: om1 0 pos 0 st1 0 fail1 0 t4 0 t4only 0 t2only 0 rtfail 0 [0.1 s]
#   unit {'pos': 413, 'blk': None}: om1 0 pos 0 st1 0 fail1 0 t4 0 t4only 0 t2only 0 rtfail 0 [0.1 s]
#   unit {'pos': 414, 'blk': None}: om1 0 pos 0 st1 0 fail1 0 t4 0 t4only 0 t2only 0 rtfail 0 [0.1 s]
#   unit {'pos': 415, 'blk': None}: om1 0 pos 0 st1 0 fail1 0 t4 0 t4only 0 t2only 0 rtfail 0 [0.1 s]
#   unit {'pos': 416, 'blk': None}: om1 0 pos 0 st1 0 fail1 0 t4 0 t4only 0 t2only 0 rtfail 0 [0.1 s]
#   unit {'pos': 417, 'blk': None}: om1 0 pos 0 st1 0 fail1 0 t4 0 t4only 0 t2only 0 rtfail 0 [0.1 s]
#   unit {'pos': 418, 'blk': None}: om1 0 pos 0 st1 0 fail1 0 t4 0 t4only 0 t2only 0 rtfail 0 [0.1 s]
#   unit {'pos': 421, 'blk': None}: om1 0 pos 0 st1 0 fail1 0 t4 0 t4only 0 t2only 0 rtfail 0 [0.0 s]
#   unit {'pos': 420, 'blk': None}: om1 0 pos 0 st1 0 fail1 0 t4 0 t4only 0 t2only 0 rtfail 0 [0.1 s]
#   unit {'pos': 419, 'blk': None}: om1 0 pos 0 st1 0 fail1 0 t4 0 t4only 0 t2only 0 rtfail 0 [0.1 s]
#   unit {'pos': 422, 'blk': None}: om1 0 pos 0 st1 0 fail1 0 t4 0 t4only 0 t2only 0 rtfail 0 [0.1 s]
#   unit {'pos': 423, 'blk': None}: om1 0 pos 0 st1 0 fail1 0 t4 0 t4only 0 t2only 0 rtfail 0 [0.0 s]
#   unit {'pos': 424, 'blk': None}: om1 0 pos 0 st1 0 fail1 0 t4 0 t4only 0 t2only 0 rtfail 0 [0.1 s]
#   unit {'pos': 425, 'blk': None}: om1 0 pos 0 st1 0 fail1 0 t4 0 t4only 0 t2only 0 rtfail 0 [0.1 s]
#   unit {'pos': 426, 'blk': None}: om1 0 pos 0 st1 0 fail1 0 t4 0 t4only 0 t2only 0 rtfail 0 [0.1 s]
#   unit {'pos': 427, 'blk': None}: om1 0 pos 0 st1 0 fail1 0 t4 0 t4only 0 t2only 0 rtfail 0 [0.1 s]
#   unit {'pos': 428, 'blk': None}: om1 0 pos 0 st1 0 fail1 0 t4 0 t4only 0 t2only 0 rtfail 0 [0.1 s]
#   unit {'pos': 429, 'blk': None}: om1 0 pos 0 st1 0 fail1 0 t4 0 t4only 0 t2only 0 rtfail 0 [0.1 s]
#   unit {'pos': 430, 'blk': None}: om1 0 pos 0 st1 0 fail1 0 t4 0 t4only 0 t2only 0 rtfail 0 [0.1 s]
#   unit {'pos': 431, 'blk': None}: om1 0 pos 0 st1 0 fail1 0 t4 0 t4only 0 t2only 0 rtfail 0 [0.1 s]
#   unit {'pos': 432, 'blk': None}: om1 0 pos 0 st1 0 fail1 0 t4 0 t4only 0 t2only 0 rtfail 0 [0.1 s]
#   unit {'pos': 433, 'blk': None}: om1 0 pos 0 st1 0 fail1 0 t4 0 t4only 0 t2only 0 rtfail 0 [0.1 s]
#   unit {'pos': 434, 'blk': None}: om1 0 pos 0 st1 0 fail1 0 t4 0 t4only 0 t2only 0 rtfail 0 [0.1 s]
#   unit {'pos': 436, 'blk': None}: om1 0 pos 0 st1 0 fail1 0 t4 0 t4only 0 t2only 0 rtfail 0 [0.1 s]
#   unit {'pos': 435, 'blk': None}: om1 0 pos 0 st1 0 fail1 0 t4 0 t4only 0 t2only 0 rtfail 0 [0.1 s]
#   unit {'pos': 438, 'blk': None}: om1 0 pos 0 st1 0 fail1 0 t4 0 t4only 0 t2only 0 rtfail 0 [0.1 s]
#   unit {'pos': 440, 'blk': None}: om1 1 pos 0 st1 0 fail1 0 t4 0 t4only 0 t2only 0 rtfail 0 [0.0 s]
#   unit {'pos': 439, 'blk': None}: om1 0 pos 0 st1 0 fail1 0 t4 0 t4only 0 t2only 0 rtfail 0 [0.1 s]
#   unit {'pos': 437, 'blk': None}: om1 0 pos 0 st1 0 fail1 0 t4 0 t4only 0 t2only 0 rtfail 0 [0.1 s]
#   unit {'pos': 441, 'blk': None}: om1 0 pos 0 st1 0 fail1 0 t4 0 t4only 0 t2only 0 rtfail 0 [0.0 s]
#   unit {'pos': 442, 'blk': None}: om1 4 pos 0 st1 0 fail1 0 t4 0 t4only 0 t2only 0 rtfail 0 [0.0 s]
#   unit {'pos': 443, 'blk': None}: om1 1 pos 0 st1 0 fail1 0 t4 0 t4only 0 t2only 0 rtfail 0 [0.0 s]
#   unit {'pos': 444, 'blk': None}: om1 0 pos 0 st1 0 fail1 0 t4 0 t4only 0 t2only 0 rtfail 0 [0.0 s]
#   unit {'pos': 445, 'blk': None}: om1 1 pos 0 st1 0 fail1 0 t4 0 t4only 0 t2only 0 rtfail 0 [0.0 s]
#   unit {'pos': 447, 'blk': None}: om1 0 pos 0 st1 0 fail1 0 t4 0 t4only 0 t2only 0 rtfail 0 [0.0 s]
#   unit {'pos': 446, 'blk': None}: om1 0 pos 0 st1 0 fail1 0 t4 0 t4only 0 t2only 0 rtfail 0 [0.0 s]
#   unit {'pos': 448, 'blk': None}: om1 1 pos 0 st1 0 fail1 0 t4 0 t4only 0 t2only 0 rtfail 0 [0.1 s]
#   unit {'pos': 449, 'blk': None}: om1 0 pos 0 st1 0 fail1 0 t4 0 t4only 0 t2only 0 rtfail 0 [0.1 s]
#   unit {'pos': 451, 'blk': None}: om1 0 pos 0 st1 0 fail1 0 t4 0 t4only 0 t2only 0 rtfail 0 [0.1 s]
#   unit {'pos': 450, 'blk': None}: om1 0 pos 0 st1 0 fail1 0 t4 0 t4only 0 t2only 0 rtfail 0 [0.1 s]
#   unit {'pos': 452, 'blk': None}: om1 0 pos 0 st1 0 fail1 0 t4 0 t4only 0 t2only 0 rtfail 0 [0.0 s]
#   unit {'pos': 453, 'blk': None}: om1 0 pos 0 st1 0 fail1 0 t4 0 t4only 0 t2only 0 rtfail 0 [0.1 s]
#   unit {'pos': 455, 'blk': None}: om1 0 pos 0 st1 0 fail1 0 t4 0 t4only 0 t2only 0 rtfail 0 [0.1 s]
#   unit {'pos': 456, 'blk': None}: om1 0 pos 0 st1 0 fail1 0 t4 0 t4only 0 t2only 0 rtfail 0 [0.0 s]
#   unit {'pos': 457, 'blk': None}: om1 0 pos 0 st1 0 fail1 0 t4 0 t4only 0 t2only 0 rtfail 0 [0.1 s]
#   unit {'pos': 454, 'blk': None}: om1 0 pos 0 st1 0 fail1 0 t4 0 t4only 0 t2only 0 rtfail 0 [0.1 s]
#   unit {'pos': 459, 'blk': None}: om1 0 pos 0 st1 0 fail1 0 t4 0 t4only 0 t2only 0 rtfail 0 [0.1 s]
#   unit {'pos': 458, 'blk': None}: om1 0 pos 0 st1 0 fail1 0 t4 0 t4only 0 t2only 0 rtfail 0 [0.1 s]
#   unit {'pos': 460, 'blk': None}: om1 0 pos 0 st1 0 fail1 0 t4 0 t4only 0 t2only 0 rtfail 0 [0.1 s]
#   unit {'pos': 461, 'blk': None}: om1 0 pos 0 st1 0 fail1 0 t4 0 t4only 0 t2only 0 rtfail 0 [0.1 s]
#   unit {'pos': 462, 'blk': None}: om1 0 pos 0 st1 0 fail1 0 t4 0 t4only 0 t2only 0 rtfail 0 [0.1 s]
#   unit {'pos': 463, 'blk': None}: om1 0 pos 0 st1 0 fail1 0 t4 0 t4only 0 t2only 0 rtfail 0 [0.1 s]
#   unit {'pos': 464, 'blk': None}: om1 0 pos 0 st1 0 fail1 0 t4 0 t4only 0 t2only 0 rtfail 0 [0.0 s]
#   unit {'pos': 465, 'blk': None}: om1 0 pos 0 st1 0 fail1 0 t4 0 t4only 0 t2only 0 rtfail 0 [0.0 s]
#   unit {'pos': 466, 'blk': None}: om1 0 pos 0 st1 0 fail1 0 t4 0 t4only 0 t2only 0 rtfail 0 [0.0 s]
#   unit {'pos': 467, 'blk': None}: om1 0 pos 0 st1 0 fail1 0 t4 0 t4only 0 t2only 0 rtfail 0 [0.0 s]
#   unit {'pos': 468, 'blk': None}: om1 0 pos 0 st1 0 fail1 0 t4 0 t4only 0 t2only 0 rtfail 0 [0.1 s]
#   unit {'pos': 471, 'blk': None}: om1 0 pos 0 st1 0 fail1 0 t4 0 t4only 0 t2only 0 rtfail 0 [0.0 s]
#   unit {'pos': 470, 'blk': None}: om1 0 pos 0 st1 0 fail1 0 t4 0 t4only 0 t2only 0 rtfail 0 [0.1 s]
#   unit {'pos': 469, 'blk': None}: om1 0 pos 0 st1 0 fail1 0 t4 0 t4only 0 t2only 0 rtfail 0 [0.1 s]
#   unit {'pos': 472, 'blk': None}: om1 0 pos 0 st1 0 fail1 0 t4 0 t4only 0 t2only 0 rtfail 0 [0.1 s]
#   unit {'pos': 473, 'blk': None}: om1 0 pos 0 st1 0 fail1 0 t4 0 t4only 0 t2only 0 rtfail 0 [0.1 s]
#   unit {'pos': 474, 'blk': None}: om1 0 pos 0 st1 0 fail1 0 t4 0 t4only 0 t2only 0 rtfail 0 [0.1 s]
#   unit {'pos': 476, 'blk': None}: om1 0 pos 0 st1 0 fail1 0 t4 0 t4only 0 t2only 0 rtfail 0 [0.1 s]
#   unit {'pos': 475, 'blk': None}: om1 0 pos 0 st1 0 fail1 0 t4 0 t4only 0 t2only 0 rtfail 0 [0.1 s]
#   unit {'pos': 477, 'blk': None}: om1 0 pos 0 st1 0 fail1 0 t4 0 t4only 0 t2only 0 rtfail 0 [0.1 s]
#   unit {'pos': 478, 'blk': None}: om1 0 pos 0 st1 0 fail1 0 t4 0 t4only 0 t2only 0 rtfail 0 [0.1 s]
#   unit {'pos': 479, 'blk': None}: om1 0 pos 0 st1 0 fail1 0 t4 0 t4only 0 t2only 0 rtfail 0 [0.1 s]
#   unit {'pos': 480, 'blk': None}: om1 0 pos 0 st1 0 fail1 0 t4 0 t4only 0 t2only 0 rtfail 0 [0.1 s]
#   unit {'pos': 483, 'blk': None}: om1 2 pos 0 st1 0 fail1 0 t4 0 t4only 0 t2only 0 rtfail 0 [0.1 s]
#   unit {'pos': 482, 'blk': None}: om1 0 pos 0 st1 0 fail1 0 t4 0 t4only 0 t2only 0 rtfail 0 [0.1 s]
#   unit {'pos': 481, 'blk': None}: om1 0 pos 0 st1 0 fail1 0 t4 0 t4only 0 t2only 0 rtfail 0 [0.1 s]
#   unit {'pos': 484, 'blk': None}: om1 0 pos 0 st1 0 fail1 0 t4 0 t4only 0 t2only 0 rtfail 0 [0.1 s]
#   unit {'pos': 485, 'blk': None}: om1 1 pos 0 st1 0 fail1 0 t4 0 t4only 0 t2only 0 rtfail 0 [0.0 s]
#   unit {'pos': 486, 'blk': None}: om1 1 pos 0 st1 0 fail1 0 t4 0 t4only 0 t2only 0 rtfail 0 [0.0 s]
#   unit {'pos': 487, 'blk': None}: om1 0 pos 0 st1 0 fail1 0 t4 0 t4only 0 t2only 0 rtfail 0 [0.1 s]
#   unit {'pos': 490, 'blk': None}: om1 0 pos 0 st1 0 fail1 0 t4 0 t4only 0 t2only 0 rtfail 0 [0.0 s]
#   unit {'pos': 489, 'blk': None}: om1 0 pos 0 st1 0 fail1 0 t4 0 t4only 0 t2only 0 rtfail 0 [0.1 s]
#   unit {'pos': 488, 'blk': None}: om1 0 pos 0 st1 0 fail1 0 t4 0 t4only 0 t2only 0 rtfail 0 [0.1 s]
#   unit {'pos': 493, 'blk': None}: om1 0 pos 0 st1 0 fail1 0 t4 0 t4only 0 t2only 0 rtfail 0 [0.1 s]
#   unit {'pos': 492, 'blk': None}: om1 0 pos 0 st1 0 fail1 0 t4 0 t4only 0 t2only 0 rtfail 0 [0.1 s]
#   unit {'pos': 491, 'blk': None}: om1 0 pos 0 st1 0 fail1 0 t4 0 t4only 0 t2only 0 rtfail 0 [0.1 s]
#   unit {'pos': 494, 'blk': None}: om1 0 pos 0 st1 0 fail1 0 t4 0 t4only 0 t2only 0 rtfail 0 [0.0 s]
#   unit {'pos': 496, 'blk': None}: om1 0 pos 0 st1 0 fail1 0 t4 0 t4only 0 t2only 0 rtfail 0 [0.1 s]
#   unit {'pos': 495, 'blk': None}: om1 0 pos 0 st1 0 fail1 0 t4 0 t4only 0 t2only 0 rtfail 0 [0.1 s]
#   unit {'pos': 498, 'blk': None}: om1 0 pos 0 st1 0 fail1 0 t4 0 t4only 0 t2only 0 rtfail 0 [0.1 s]
#   unit {'pos': 497, 'blk': None}: om1 0 pos 0 st1 0 fail1 0 t4 0 t4only 0 t2only 0 rtfail 0 [0.1 s]
#   unit {'pos': 499, 'blk': None}: om1 0 pos 0 st1 0 fail1 0 t4 0 t4only 0 t2only 0 rtfail 0 [0.1 s]
#   unit {'pos': 500, 'blk': None}: om1 0 pos 0 st1 0 fail1 0 t4 0 t4only 0 t2only 0 rtfail 0 [0.1 s]
#   unit {'pos': 501, 'blk': None}: om1 0 pos 0 st1 0 fail1 0 t4 0 t4only 0 t2only 0 rtfail 0 [0.1 s]
#   unit {'pos': 503, 'blk': None}: om1 0 pos 0 st1 0 fail1 0 t4 0 t4only 0 t2only 0 rtfail 0 [0.1 s]
#   unit {'pos': 502, 'blk': None}: om1 0 pos 0 st1 0 fail1 0 t4 0 t4only 0 t2only 0 rtfail 0 [0.1 s]
#   unit {'pos': 504, 'blk': None}: om1 0 pos 0 st1 0 fail1 0 t4 0 t4only 0 t2only 0 rtfail 0 [0.1 s]
#   unit {'pos': 505, 'blk': None}: om1 0 pos 0 st1 0 fail1 0 t4 0 t4only 0 t2only 0 rtfail 0 [0.1 s]
#   unit {'pos': 506, 'blk': None}: om1 0 pos 0 st1 0 fail1 0 t4 0 t4only 0 t2only 0 rtfail 0 [0.1 s]
#   unit {'pos': 509, 'blk': None}: om1 2 pos 0 st1 0 fail1 0 t4 0 t4only 0 t2only 0 rtfail 0 [0.0 s]
#   unit {'pos': 507, 'blk': None}: om1 0 pos 0 st1 0 fail1 0 t4 0 t4only 0 t2only 0 rtfail 0 [0.1 s]
#   unit {'pos': 508, 'blk': None}: om1 0 pos 0 st1 0 fail1 0 t4 0 t4only 0 t2only 0 rtfail 0 [0.1 s]
#   unit {'pos': 510, 'blk': None}: om1 0 pos 0 st1 0 fail1 0 t4 0 t4only 0 t2only 0 rtfail 0 [0.0 s]
#   unit {'pos': 511, 'blk': None}: om1 0 pos 0 st1 0 fail1 0 t4 0 t4only 0 t2only 0 rtfail 0 [0.0 s]
#   unit {'pos': 512, 'blk': None}: om1 0 pos 0 st1 0 fail1 0 t4 0 t4only 0 t2only 0 rtfail 0 [0.0 s]
#   unit {'pos': 513, 'blk': None}: om1 0 pos 0 st1 0 fail1 0 t4 0 t4only 0 t2only 0 rtfail 0 [0.0 s]
#   unit {'pos': 514, 'blk': None}: om1 0 pos 0 st1 0 fail1 0 t4 0 t4only 0 t2only 0 rtfail 0 [0.1 s]
#   unit {'pos': 515, 'blk': None}: om1 2 pos 0 st1 0 fail1 0 t4 0 t4only 0 t2only 0 rtfail 0 [0.1 s]
#   unit {'pos': 516, 'blk': None}: om1 0 pos 0 st1 0 fail1 0 t4 0 t4only 0 t2only 0 rtfail 0 [0.1 s]
#   unit {'pos': 517, 'blk': None}: om1 0 pos 0 st1 0 fail1 0 t4 0 t4only 0 t2only 0 rtfail 0 [0.1 s]
#   unit {'pos': 518, 'blk': None}: om1 0 pos 0 st1 0 fail1 0 t4 0 t4only 0 t2only 0 rtfail 0 [0.1 s]
#   unit {'pos': 519, 'blk': None}: om1 0 pos 0 st1 0 fail1 0 t4 0 t4only 0 t2only 0 rtfail 0 [0.0 s]
#   unit {'pos': 520, 'blk': None}: om1 0 pos 0 st1 0 fail1 0 t4 0 t4only 0 t2only 0 rtfail 0 [0.1 s]
#   unit {'pos': 521, 'blk': None}: om1 0 pos 0 st1 0 fail1 0 t4 0 t4only 0 t2only 0 rtfail 0 [0.1 s]
#   unit {'pos': 522, 'blk': None}: om1 1 pos 0 st1 0 fail1 0 t4 0 t4only 0 t2only 0 rtfail 0 [0.1 s]
#   unit {'pos': 523, 'blk': None}: om1 0 pos 0 st1 0 fail1 0 t4 0 t4only 0 t2only 0 rtfail 0 [0.1 s]
#   unit {'pos': 524, 'blk': None}: om1 0 pos 0 st1 0 fail1 0 t4 0 t4only 0 t2only 0 rtfail 0 [0.1 s]
#   unit {'pos': 525, 'blk': None}: om1 0 pos 0 st1 0 fail1 0 t4 0 t4only 0 t2only 0 rtfail 0 [0.1 s]
#   unit {'pos': 527, 'blk': None}: om1 1 pos 0 st1 0 fail1 0 t4 0 t4only 0 t2only 0 rtfail 0 [0.0 s]
#   unit {'pos': 529, 'blk': None}: om1 0 pos 0 st1 0 fail1 0 t4 0 t4only 0 t2only 0 rtfail 0 [0.0 s]
#   unit {'pos': 526, 'blk': None}: om1 0 pos 0 st1 0 fail1 0 t4 0 t4only 0 t2only 0 rtfail 0 [0.1 s]
#   unit {'pos': 528, 'blk': None}: om1 0 pos 0 st1 0 fail1 0 t4 0 t4only 0 t2only 0 rtfail 0 [0.1 s]
#   unit {'pos': 530, 'blk': None}: om1 0 pos 0 st1 0 fail1 0 t4 0 t4only 0 t2only 0 rtfail 0 [0.1 s]
#   unit {'pos': 533, 'blk': None}: om1 1 pos 0 st1 0 fail1 0 t4 0 t4only 0 t2only 0 rtfail 0 [0.0 s]
#   unit {'pos': 532, 'blk': None}: om1 2 pos 0 st1 0 fail1 0 t4 0 t4only 0 t2only 0 rtfail 0 [0.1 s]
#   unit {'pos': 531, 'blk': None}: om1 0 pos 0 st1 0 fail1 0 t4 0 t4only 0 t2only 0 rtfail 0 [0.1 s]
#   unit {'pos': 534, 'blk': None}: om1 0 pos 0 st1 0 fail1 0 t4 0 t4only 0 t2only 0 rtfail 0 [0.1 s]
#   unit {'pos': 535, 'blk': None}: om1 0 pos 0 st1 0 fail1 0 t4 0 t4only 0 t2only 0 rtfail 0 [0.1 s]
#   unit {'pos': 536, 'blk': None}: om1 2 pos 0 st1 0 fail1 0 t4 0 t4only 0 t2only 0 rtfail 0 [0.1 s]
#   unit {'pos': 539, 'blk': None}: om1 0 pos 0 st1 0 fail1 0 t4 0 t4only 0 t2only 0 rtfail 0 [0.1 s]
#   unit {'pos': 537, 'blk': None}: om1 2 pos 0 st1 0 fail1 0 t4 0 t4only 0 t2only 0 rtfail 0 [0.2 s]
#   unit {'pos': 540, 'blk': None}: om1 0 pos 0 st1 0 fail1 0 t4 0 t4only 0 t2only 0 rtfail 0 [0.1 s]
#   unit {'pos': 541, 'blk': None}: om1 0 pos 0 st1 0 fail1 0 t4 0 t4only 0 t2only 0 rtfail 0 [0.1 s]
#   unit {'pos': 538, 'blk': None}: om1 0 pos 0 st1 0 fail1 0 t4 0 t4only 0 t2only 0 rtfail 0 [0.2 s]
#   unit {'pos': 542, 'blk': None}: om1 0 pos 0 st1 0 fail1 0 t4 0 t4only 0 t2only 0 rtfail 0 [0.1 s]
#   unit {'pos': 543, 'blk': None}: om1 0 pos 0 st1 0 fail1 0 t4 0 t4only 0 t2only 0 rtfail 0 [0.1 s]
#   unit {'pos': 544, 'blk': None}: om1 0 pos 0 st1 0 fail1 0 t4 0 t4only 0 t2only 0 rtfail 0 [0.1 s]
#   unit {'pos': 545, 'blk': None}: om1 0 pos 0 st1 0 fail1 0 t4 0 t4only 0 t2only 0 rtfail 0 [0.1 s]
#   unit {'pos': 547, 'blk': None}: om1 0 pos 0 st1 0 fail1 0 t4 0 t4only 0 t2only 0 rtfail 0 [0.1 s]
#   unit {'pos': 546, 'blk': None}: om1 0 pos 0 st1 0 fail1 0 t4 0 t4only 0 t2only 0 rtfail 0 [0.1 s]
#   unit {'pos': 548, 'blk': None}: om1 0 pos 0 st1 0 fail1 0 t4 0 t4only 0 t2only 0 rtfail 0 [0.1 s]
#   unit {'pos': 549, 'blk': None}: om1 0 pos 0 st1 0 fail1 0 t4 0 t4only 0 t2only 0 rtfail 0 [0.1 s]
#   unit {'pos': 550, 'blk': None}: om1 0 pos 0 st1 0 fail1 0 t4 0 t4only 0 t2only 0 rtfail 0 [0.1 s]
#   unit {'pos': 551, 'blk': None}: om1 0 pos 0 st1 0 fail1 0 t4 0 t4only 0 t2only 0 rtfail 0 [0.1 s]
#   unit {'pos': 552, 'blk': None}: om1 0 pos 0 st1 0 fail1 0 t4 0 t4only 0 t2only 0 rtfail 0 [0.1 s]
#   unit {'pos': 553, 'blk': None}: om1 0 pos 0 st1 0 fail1 0 t4 0 t4only 0 t2only 0 rtfail 0 [0.1 s]
#   unit {'pos': 555, 'blk': None}: om1 0 pos 0 st1 0 fail1 0 t4 0 t4only 0 t2only 0 rtfail 0 [0.0 s]
#   unit {'pos': 554, 'blk': None}: om1 0 pos 0 st1 0 fail1 0 t4 0 t4only 0 t2only 0 rtfail 0 [0.1 s]
#   unit {'pos': 556, 'blk': None}: om1 0 pos 0 st1 0 fail1 0 t4 0 t4only 0 t2only 0 rtfail 0 [0.1 s]
#   unit {'pos': 557, 'blk': None}: om1 0 pos 0 st1 0 fail1 0 t4 0 t4only 0 t2only 0 rtfail 0 [0.1 s]
#   unit {'pos': 559, 'blk': None}: om1 0 pos 0 st1 0 fail1 0 t4 0 t4only 0 t2only 0 rtfail 0 [0.1 s]
#   unit {'pos': 558, 'blk': None}: om1 0 pos 0 st1 0 fail1 0 t4 0 t4only 0 t2only 0 rtfail 0 [0.1 s]
#   unit {'pos': 560, 'blk': None}: om1 0 pos 0 st1 0 fail1 0 t4 0 t4only 0 t2only 0 rtfail 0 [0.1 s]
#   unit {'pos': 561, 'blk': None}: om1 0 pos 0 st1 0 fail1 0 t4 0 t4only 0 t2only 0 rtfail 0 [0.1 s]
#   unit {'pos': 562, 'blk': None}: om1 0 pos 0 st1 0 fail1 0 t4 0 t4only 0 t2only 0 rtfail 0 [0.1 s]
#   unit {'pos': 563, 'blk': None}: om1 0 pos 0 st1 0 fail1 0 t4 0 t4only 0 t2only 0 rtfail 0 [0.1 s]
#   unit {'pos': 564, 'blk': None}: om1 0 pos 0 st1 0 fail1 0 t4 0 t4only 0 t2only 0 rtfail 0 [0.1 s]
#   unit {'pos': 565, 'blk': None}: om1 0 pos 0 st1 0 fail1 0 t4 0 t4only 0 t2only 0 rtfail 0 [0.1 s]
#   unit {'pos': 566, 'blk': None}: om1 0 pos 0 st1 0 fail1 0 t4 0 t4only 0 t2only 0 rtfail 0 [0.1 s]
#   unit {'pos': 567, 'blk': None}: om1 0 pos 0 st1 0 fail1 0 t4 0 t4only 0 t2only 0 rtfail 0 [0.1 s]
#   unit {'pos': 569, 'blk': None}: om1 0 pos 0 st1 0 fail1 0 t4 0 t4only 0 t2only 0 rtfail 0 [0.1 s]
#   unit {'pos': 568, 'blk': None}: om1 0 pos 0 st1 0 fail1 0 t4 0 t4only 0 t2only 0 rtfail 0 [0.1 s]
#   unit {'pos': 570, 'blk': None}: om1 0 pos 0 st1 0 fail1 0 t4 0 t4only 0 t2only 0 rtfail 0 [0.1 s]
#   unit {'pos': 571, 'blk': None}: om1 0 pos 0 st1 0 fail1 0 t4 0 t4only 0 t2only 0 rtfail 0 [0.1 s]
#   unit {'pos': 572, 'blk': None}: om1 0 pos 0 st1 0 fail1 0 t4 0 t4only 0 t2only 0 rtfail 0 [0.1 s]
#   unit {'pos': 573, 'blk': None}: om1 0 pos 0 st1 0 fail1 0 t4 0 t4only 0 t2only 0 rtfail 0 [0.1 s]
#   unit {'pos': 574, 'blk': None}: om1 0 pos 0 st1 0 fail1 0 t4 0 t4only 0 t2only 0 rtfail 0 [0.1 s]
#   unit {'pos': 575, 'blk': None}: om1 0 pos 0 st1 0 fail1 0 t4 0 t4only 0 t2only 0 rtfail 0 [0.1 s]
#   unit {'pos': 576, 'blk': None}: om1 0 pos 0 st1 0 fail1 0 t4 0 t4only 0 t2only 0 rtfail 0 [0.1 s]
#   unit {'pos': 577, 'blk': None}: om1 0 pos 0 st1 0 fail1 0 t4 0 t4only 0 t2only 0 rtfail 0 [0.1 s]
#   unit {'pos': 578, 'blk': None}: om1 0 pos 0 st1 0 fail1 0 t4 0 t4only 0 t2only 0 rtfail 0 [0.1 s]
#   unit {'pos': 580, 'blk': None}: om1 0 pos 0 st1 0 fail1 0 t4 0 t4only 0 t2only 0 rtfail 0 [0.1 s]
#   unit {'pos': 579, 'blk': None}: om1 0 pos 0 st1 0 fail1 0 t4 0 t4only 0 t2only 0 rtfail 0 [0.1 s]
#   unit {'pos': 582, 'blk': None}: om1 0 pos 0 st1 0 fail1 0 t4 0 t4only 0 t2only 0 rtfail 0 [0.1 s]
#   unit {'pos': 581, 'blk': None}: om1 0 pos 0 st1 0 fail1 0 t4 0 t4only 0 t2only 0 rtfail 0 [0.1 s]
#   unit {'pos': 583, 'blk': None}: om1 0 pos 0 st1 0 fail1 0 t4 0 t4only 0 t2only 0 rtfail 0 [0.1 s]
#   unit {'pos': 586, 'blk': None}: om1 0 pos 0 st1 0 fail1 0 t4 0 t4only 0 t2only 0 rtfail 0 [0.1 s]
#   unit {'pos': 585, 'blk': None}: om1 0 pos 0 st1 0 fail1 0 t4 0 t4only 0 t2only 0 rtfail 0 [0.1 s]
#   unit {'pos': 587, 'blk': None}: om1 0 pos 0 st1 0 fail1 0 t4 0 t4only 0 t2only 0 rtfail 0 [0.0 s]
#   unit {'pos': 584, 'blk': None}: om1 0 pos 0 st1 0 fail1 0 t4 0 t4only 0 t2only 0 rtfail 0 [0.1 s]
#   unit {'pos': 590, 'blk': None}: om1 0 pos 0 st1 0 fail1 0 t4 0 t4only 0 t2only 0 rtfail 0 [0.0 s]
#   unit {'pos': 591, 'blk': None}: om1 0 pos 0 st1 0 fail1 0 t4 0 t4only 0 t2only 0 rtfail 0 [0.1 s]
#   unit {'pos': 588, 'blk': None}: om1 0 pos 0 st1 0 fail1 0 t4 0 t4only 0 t2only 0 rtfail 0 [0.1 s]
#   unit {'pos': 589, 'blk': None}: om1 0 pos 0 st1 0 fail1 0 t4 0 t4only 0 t2only 0 rtfail 0 [0.1 s]
#   unit {'pos': 592, 'blk': None}: om1 0 pos 0 st1 0 fail1 0 t4 0 t4only 0 t2only 0 rtfail 0 [0.1 s]
#   unit {'pos': 595, 'blk': None}: om1 0 pos 0 st1 0 fail1 0 t4 0 t4only 0 t2only 0 rtfail 0 [0.0 s]
#   unit {'pos': 594, 'blk': None}: om1 0 pos 0 st1 0 fail1 0 t4 0 t4only 0 t2only 0 rtfail 0 [0.1 s]
#   unit {'pos': 593, 'blk': None}: om1 0 pos 0 st1 0 fail1 0 t4 0 t4only 0 t2only 0 rtfail 0 [0.1 s]
#   unit {'pos': 596, 'blk': None}: om1 0 pos 0 st1 0 fail1 0 t4 0 t4only 0 t2only 0 rtfail 0 [0.0 s]
#   unit {'pos': 597, 'blk': None}: om1 0 pos 0 st1 0 fail1 0 t4 0 t4only 0 t2only 0 rtfail 0 [0.0 s]
#   unit {'pos': 599, 'blk': None}: om1 0 pos 0 st1 0 fail1 0 t4 0 t4only 0 t2only 0 rtfail 0 [0.0 s]
#   unit {'pos': 598, 'blk': None}: om1 0 pos 0 st1 0 fail1 0 t4 0 t4only 0 t2only 0 rtfail 0 [0.1 s]
#   unit {'pos': 600, 'blk': None}: om1 0 pos 0 st1 0 fail1 0 t4 0 t4only 0 t2only 0 rtfail 0 [0.0 s]
#   unit {'pos': 602, 'blk': None}: om1 0 pos 0 st1 0 fail1 0 t4 0 t4only 0 t2only 0 rtfail 0 [0.0 s]
#   unit {'pos': 603, 'blk': None}: om1 0 pos 0 st1 0 fail1 0 t4 0 t4only 0 t2only 0 rtfail 0 [0.0 s]
#   unit {'pos': 601, 'blk': None}: om1 0 pos 0 st1 0 fail1 0 t4 0 t4only 0 t2only 0 rtfail 0 [0.1 s]
#   unit {'pos': 604, 'blk': None}: om1 0 pos 0 st1 0 fail1 0 t4 0 t4only 0 t2only 0 rtfail 0 [0.0 s]
#   unit {'pos': 607, 'blk': None}: om1 0 pos 0 st1 0 fail1 0 t4 0 t4only 0 t2only 0 rtfail 0 [0.0 s]
#   unit {'pos': 605, 'blk': None}: om1 0 pos 0 st1 0 fail1 0 t4 0 t4only 0 t2only 0 rtfail 0 [0.1 s]
#   unit {'pos': 608, 'blk': None}: om1 0 pos 0 st1 0 fail1 0 t4 0 t4only 0 t2only 0 rtfail 0 [0.0 s]
#   unit {'pos': 606, 'blk': None}: om1 0 pos 0 st1 0 fail1 0 t4 0 t4only 0 t2only 0 rtfail 0 [0.1 s]
#   unit {'pos': 612, 'blk': None}: om1 0 pos 0 st1 0 fail1 0 t4 0 t4only 0 t2only 0 rtfail 0 [0.1 s]
#   unit {'pos': 609, 'blk': None}: om1 0 pos 0 st1 0 fail1 0 t4 0 t4only 0 t2only 0 rtfail 0 [0.1 s]
#   unit {'pos': 611, 'blk': None}: om1 0 pos 0 st1 0 fail1 0 t4 0 t4only 0 t2only 0 rtfail 0 [0.1 s]
#   unit {'pos': 610, 'blk': None}: om1 0 pos 0 st1 0 fail1 0 t4 0 t4only 0 t2only 0 rtfail 0 [0.1 s]
#   unit {'pos': 615, 'blk': None}: om1 0 pos 0 st1 0 fail1 0 t4 0 t4only 0 t2only 0 rtfail 0 [0.1 s]
#   unit {'pos': 616, 'blk': None}: om1 0 pos 0 st1 0 fail1 0 t4 0 t4only 0 t2only 0 rtfail 0 [0.1 s]
#   unit {'pos': 613, 'blk': None}: om1 0 pos 0 st1 0 fail1 0 t4 0 t4only 0 t2only 0 rtfail 0 [0.1 s]
#   unit {'pos': 614, 'blk': None}: om1 0 pos 0 st1 0 fail1 0 t4 0 t4only 0 t2only 0 rtfail 0 [0.1 s]
#   unit {'pos': 620, 'blk': None}: om1 0 pos 0 st1 0 fail1 0 t4 0 t4only 0 t2only 0 rtfail 0 [0.1 s]
#   unit {'pos': 618, 'blk': None}: om1 0 pos 0 st1 0 fail1 0 t4 0 t4only 0 t2only 0 rtfail 0 [0.1 s]
#   unit {'pos': 617, 'blk': None}: om1 0 pos 0 st1 0 fail1 0 t4 0 t4only 0 t2only 0 rtfail 0 [0.1 s]
#   unit {'pos': 619, 'blk': None}: om1 0 pos 0 st1 0 fail1 0 t4 0 t4only 0 t2only 0 rtfail 0 [0.1 s]
#   unit {'pos': 622, 'blk': None}: om1 0 pos 0 st1 0 fail1 0 t4 0 t4only 0 t2only 0 rtfail 0 [0.1 s]
#   unit {'pos': 621, 'blk': None}: om1 0 pos 0 st1 0 fail1 0 t4 0 t4only 0 t2only 0 rtfail 0 [0.1 s]
#   unit {'pos': 623, 'blk': None}: om1 0 pos 0 st1 0 fail1 0 t4 0 t4only 0 t2only 0 rtfail 0 [0.0 s]
#   unit {'pos': 624, 'blk': None}: om1 0 pos 0 st1 0 fail1 0 t4 0 t4only 0 t2only 0 rtfail 0 [0.1 s]
#   unit {'pos': 626, 'blk': None}: om1 0 pos 0 st1 0 fail1 0 t4 0 t4only 0 t2only 0 rtfail 0 [0.1 s]
#   unit {'pos': 625, 'blk': None}: om1 0 pos 0 st1 0 fail1 0 t4 0 t4only 0 t2only 0 rtfail 0 [0.1 s]
#   unit {'pos': 627, 'blk': None}: om1 0 pos 0 st1 0 fail1 0 t4 0 t4only 0 t2only 0 rtfail 0 [0.1 s]
#   unit {'pos': 628, 'blk': None}: om1 0 pos 0 st1 0 fail1 0 t4 0 t4only 0 t2only 0 rtfail 0 [0.1 s]
#   unit {'pos': 630, 'blk': None}: om1 0 pos 0 st1 0 fail1 0 t4 0 t4only 0 t2only 0 rtfail 0 [0.1 s]
#   unit {'pos': 629, 'blk': None}: om1 0 pos 0 st1 0 fail1 0 t4 0 t4only 0 t2only 0 rtfail 0 [0.1 s]
#   unit {'pos': 631, 'blk': None}: om1 0 pos 0 st1 0 fail1 0 t4 0 t4only 0 t2only 0 rtfail 0 [0.1 s]
#   unit {'pos': 632, 'blk': None}: om1 0 pos 0 st1 0 fail1 0 t4 0 t4only 0 t2only 0 rtfail 0 [0.1 s]
#   unit {'pos': 634, 'blk': None}: om1 0 pos 0 st1 0 fail1 0 t4 0 t4only 0 t2only 0 rtfail 0 [0.1 s]
#   unit {'pos': 635, 'blk': None}: om1 0 pos 0 st1 0 fail1 0 t4 0 t4only 0 t2only 0 rtfail 0 [0.1 s]
#   unit {'pos': 633, 'blk': None}: om1 0 pos 0 st1 0 fail1 0 t4 0 t4only 0 t2only 0 rtfail 0 [0.1 s]
#   unit {'pos': 636, 'blk': None}: om1 0 pos 0 st1 0 fail1 0 t4 0 t4only 0 t2only 0 rtfail 0 [0.1 s]
#   unit {'pos': 637, 'blk': None}: om1 0 pos 0 st1 0 fail1 0 t4 0 t4only 0 t2only 0 rtfail 0 [0.1 s]
#   unit {'pos': 638, 'blk': None}: om1 0 pos 0 st1 0 fail1 0 t4 0 t4only 0 t2only 0 rtfail 0 [0.1 s]
#   unit {'pos': 639, 'blk': None}: om1 0 pos 0 st1 0 fail1 0 t4 0 t4only 0 t2only 0 rtfail 0 [0.1 s]
#   unit {'pos': 641, 'blk': None}: om1 0 pos 0 st1 0 fail1 0 t4 0 t4only 0 t2only 0 rtfail 0 [0.1 s]
#   unit {'pos': 640, 'blk': None}: om1 0 pos 0 st1 0 fail1 0 t4 0 t4only 0 t2only 0 rtfail 0 [0.1 s]
#   unit {'pos': 642, 'blk': None}: om1 0 pos 0 st1 0 fail1 0 t4 0 t4only 0 t2only 0 rtfail 0 [0.1 s]
#   unit {'pos': 643, 'blk': None}: om1 0 pos 0 st1 0 fail1 0 t4 0 t4only 0 t2only 0 rtfail 0 [0.1 s]
#   unit {'pos': 644, 'blk': None}: om1 0 pos 0 st1 0 fail1 0 t4 0 t4only 0 t2only 0 rtfail 0 [0.1 s]
#   unit {'pos': 645, 'blk': None}: om1 0 pos 0 st1 0 fail1 0 t4 0 t4only 0 t2only 0 rtfail 0 [0.1 s]
#   unit {'pos': 646, 'blk': None}: om1 0 pos 0 st1 0 fail1 0 t4 0 t4only 0 t2only 0 rtfail 0 [0.1 s]
#   unit {'pos': 647, 'blk': None}: om1 0 pos 0 st1 0 fail1 0 t4 0 t4only 0 t2only 0 rtfail 0 [0.1 s]
#   unit {'pos': 648, 'blk': None}: om1 0 pos 0 st1 0 fail1 0 t4 0 t4only 0 t2only 0 rtfail 0 [0.1 s]
#   unit {'pos': 649, 'blk': None}: om1 0 pos 0 st1 0 fail1 0 t4 0 t4only 0 t2only 0 rtfail 0 [0.1 s]
#   unit {'pos': 651, 'blk': None}: om1 0 pos 0 st1 0 fail1 0 t4 0 t4only 0 t2only 0 rtfail 0 [0.1 s]
#   unit {'pos': 650, 'blk': None}: om1 0 pos 0 st1 0 fail1 0 t4 0 t4only 0 t2only 0 rtfail 0 [0.1 s]
#   unit {'pos': 652, 'blk': None}: om1 0 pos 0 st1 0 fail1 0 t4 0 t4only 0 t2only 0 rtfail 0 [0.1 s]
#   unit {'pos': 653, 'blk': None}: om1 0 pos 0 st1 0 fail1 0 t4 0 t4only 0 t2only 0 rtfail 0 [0.1 s]
#   unit {'pos': 654, 'blk': None}: om1 0 pos 0 st1 0 fail1 0 t4 0 t4only 0 t2only 0 rtfail 0 [0.1 s]
#   unit {'pos': 655, 'blk': None}: om1 0 pos 0 st1 0 fail1 0 t4 0 t4only 0 t2only 0 rtfail 0 [0.1 s]
#   unit {'pos': 657, 'blk': None}: om1 0 pos 0 st1 0 fail1 0 t4 0 t4only 0 t2only 0 rtfail 0 [0.1 s]
#   unit {'pos': 656, 'blk': None}: om1 0 pos 0 st1 0 fail1 0 t4 0 t4only 0 t2only 0 rtfail 0 [0.1 s]
#   unit {'pos': 658, 'blk': None}: om1 0 pos 0 st1 0 fail1 0 t4 0 t4only 0 t2only 0 rtfail 0 [0.1 s]
#   unit {'pos': 659, 'blk': None}: om1 0 pos 0 st1 0 fail1 0 t4 0 t4only 0 t2only 0 rtfail 0 [0.1 s]
#   unit {'pos': 661, 'blk': None}: om1 0 pos 0 st1 0 fail1 0 t4 0 t4only 0 t2only 0 rtfail 0 [0.1 s]
#   unit {'pos': 660, 'blk': None}: om1 0 pos 0 st1 0 fail1 0 t4 0 t4only 0 t2only 0 rtfail 0 [0.1 s]
#   unit {'pos': 663, 'blk': None}: om1 0 pos 0 st1 0 fail1 0 t4 0 t4only 0 t2only 0 rtfail 0 [0.1 s]
#   unit {'pos': 664, 'blk': None}: om1 0 pos 0 st1 0 fail1 0 t4 0 t4only 0 t2only 0 rtfail 0 [0.1 s]
#   unit {'pos': 662, 'blk': None}: om1 0 pos 0 st1 0 fail1 0 t4 0 t4only 0 t2only 0 rtfail 0 [0.1 s]
#   unit {'pos': 666, 'blk': None}: om1 0 pos 0 st1 0 fail1 0 t4 0 t4only 0 t2only 0 rtfail 0 [0.0 s]
#   unit {'pos': 667, 'blk': None}: om1 0 pos 0 st1 0 fail1 0 t4 0 t4only 0 t2only 0 rtfail 0 [0.1 s]
#   unit {'pos': 665, 'blk': None}: om1 0 pos 0 st1 0 fail1 0 t4 0 t4only 0 t2only 0 rtfail 0 [0.1 s]
#   unit {'pos': 668, 'blk': None}: om1 0 pos 0 st1 0 fail1 0 t4 0 t4only 0 t2only 0 rtfail 0 [0.1 s]
#   unit {'pos': 669, 'blk': None}: om1 0 pos 0 st1 0 fail1 0 t4 0 t4only 0 t2only 0 rtfail 0 [0.1 s]
#   unit {'pos': 670, 'blk': None}: om1 0 pos 0 st1 0 fail1 0 t4 0 t4only 0 t2only 0 rtfail 0 [0.1 s]
#   unit {'pos': 672, 'blk': None}: om1 0 pos 0 st1 0 fail1 0 t4 0 t4only 0 t2only 0 rtfail 0 [0.1 s]
#   unit {'pos': 671, 'blk': None}: om1 0 pos 0 st1 0 fail1 0 t4 0 t4only 0 t2only 0 rtfail 0 [0.1 s]
#   unit {'pos': 673, 'blk': None}: om1 0 pos 0 st1 0 fail1 0 t4 0 t4only 0 t2only 0 rtfail 0 [0.1 s]
#   unit {'pos': 674, 'blk': None}: om1 0 pos 0 st1 0 fail1 0 t4 0 t4only 0 t2only 0 rtfail 0 [0.1 s]
#   unit {'pos': 677, 'blk': None}: om1 1 pos 0 st1 0 fail1 0 t4 0 t4only 0 t2only 0 rtfail 0 [0.1 s]
#   unit {'pos': 675, 'blk': None}: om1 0 pos 0 st1 0 fail1 0 t4 0 t4only 0 t2only 0 rtfail 0 [0.1 s]
#   unit {'pos': 676, 'blk': None}: om1 0 pos 0 st1 0 fail1 0 t4 0 t4only 0 t2only 0 rtfail 0 [0.1 s]
#   unit {'pos': 678, 'blk': None}: om1 0 pos 0 st1 0 fail1 0 t4 0 t4only 0 t2only 0 rtfail 0 [0.1 s]
#   unit {'pos': 679, 'blk': None}: om1 0 pos 0 st1 0 fail1 0 t4 0 t4only 0 t2only 0 rtfail 0 [0.1 s]
#   unit {'pos': 680, 'blk': None}: om1 0 pos 0 st1 0 fail1 0 t4 0 t4only 0 t2only 0 rtfail 0 [0.1 s]
#   unit {'pos': 681, 'blk': None}: om1 0 pos 0 st1 0 fail1 0 t4 0 t4only 0 t2only 0 rtfail 0 [0.1 s]
#   unit {'pos': 682, 'blk': None}: om1 0 pos 0 st1 0 fail1 0 t4 0 t4only 0 t2only 0 rtfail 0 [0.0 s]
#   unit {'pos': 683, 'blk': None}: om1 0 pos 0 st1 0 fail1 0 t4 0 t4only 0 t2only 0 rtfail 0 [0.0 s]
#   unit {'pos': 684, 'blk': None}: om1 0 pos 0 st1 0 fail1 0 t4 0 t4only 0 t2only 0 rtfail 0 [0.1 s]
#   unit {'pos': 685, 'blk': None}: om1 0 pos 0 st1 0 fail1 0 t4 0 t4only 0 t2only 0 rtfail 0 [0.1 s]
#   unit {'pos': 686, 'blk': None}: om1 0 pos 0 st1 0 fail1 0 t4 0 t4only 0 t2only 0 rtfail 0 [0.0 s]
#   unit {'pos': 687, 'blk': None}: om1 0 pos 0 st1 0 fail1 0 t4 0 t4only 0 t2only 0 rtfail 0 [0.0 s]
#   unit {'pos': 688, 'blk': None}: om1 0 pos 0 st1 0 fail1 0 t4 0 t4only 0 t2only 0 rtfail 0 [0.0 s]
#   unit {'pos': 689, 'blk': None}: om1 0 pos 0 st1 0 fail1 0 t4 0 t4only 0 t2only 0 rtfail 0 [0.0 s]
#   unit {'pos': 690, 'blk': None}: om1 0 pos 0 st1 0 fail1 0 t4 0 t4only 0 t2only 0 rtfail 0 [0.0 s]
#   unit {'pos': 691, 'blk': None}: om1 0 pos 0 st1 0 fail1 0 t4 0 t4only 0 t2only 0 rtfail 0 [0.1 s]
#   unit {'pos': 692, 'blk': None}: om1 0 pos 0 st1 0 fail1 0 t4 0 t4only 0 t2only 0 rtfail 0 [0.1 s]
#   unit {'pos': 694, 'blk': None}: om1 0 pos 0 st1 0 fail1 0 t4 0 t4only 0 t2only 0 rtfail 0 [0.1 s]
#   unit {'pos': 693, 'blk': None}: om1 0 pos 0 st1 0 fail1 0 t4 0 t4only 0 t2only 0 rtfail 0 [0.1 s]
#   unit {'pos': 696, 'blk': None}: om1 0 pos 0 st1 0 fail1 0 t4 0 t4only 0 t2only 0 rtfail 0 [0.0 s]
#   unit {'pos': 695, 'blk': None}: om1 0 pos 0 st1 0 fail1 0 t4 0 t4only 0 t2only 0 rtfail 0 [0.1 s]
#   unit {'pos': 697, 'blk': None}: om1 0 pos 0 st1 0 fail1 0 t4 0 t4only 0 t2only 0 rtfail 0 [0.1 s]
#   unit {'pos': 698, 'blk': None}: om1 0 pos 0 st1 0 fail1 0 t4 0 t4only 0 t2only 0 rtfail 0 [0.1 s]
#   unit {'pos': 699, 'blk': None}: om1 0 pos 0 st1 0 fail1 0 t4 0 t4only 0 t2only 0 rtfail 0 [0.1 s]
#   unit {'pos': 700, 'blk': None}: om1 0 pos 0 st1 0 fail1 0 t4 0 t4only 0 t2only 0 rtfail 0 [0.1 s]
#   unit {'pos': 701, 'blk': None}: om1 0 pos 0 st1 0 fail1 0 t4 0 t4only 0 t2only 0 rtfail 0 [0.1 s]
#   unit {'pos': 702, 'blk': None}: om1 0 pos 0 st1 0 fail1 0 t4 0 t4only 0 t2only 0 rtfail 0 [0.1 s]
#   unit {'pos': 704, 'blk': None}: om1 0 pos 0 st1 0 fail1 0 t4 0 t4only 0 t2only 0 rtfail 0 [0.1 s]
#   unit {'pos': 703, 'blk': None}: om1 0 pos 0 st1 0 fail1 0 t4 0 t4only 0 t2only 0 rtfail 0 [0.1 s]
#   unit {'pos': 705, 'blk': None}: om1 0 pos 0 st1 0 fail1 0 t4 0 t4only 0 t2only 0 rtfail 0 [0.1 s]
#   unit {'pos': 706, 'blk': None}: om1 0 pos 0 st1 0 fail1 0 t4 0 t4only 0 t2only 0 rtfail 0 [0.1 s]
#   unit {'pos': 708, 'blk': None}: om1 0 pos 0 st1 0 fail1 0 t4 0 t4only 0 t2only 0 rtfail 0 [0.1 s]
#   unit {'pos': 707, 'blk': None}: om1 0 pos 0 st1 0 fail1 0 t4 0 t4only 0 t2only 0 rtfail 0 [0.1 s]
#   unit {'pos': 709, 'blk': None}: om1 0 pos 0 st1 0 fail1 0 t4 0 t4only 0 t2only 0 rtfail 0 [0.1 s]
#   unit {'pos': 711, 'blk': None}: om1 0 pos 0 st1 0 fail1 0 t4 0 t4only 0 t2only 0 rtfail 0 [0.1 s]
#   unit {'pos': 710, 'blk': None}: om1 0 pos 0 st1 0 fail1 0 t4 0 t4only 0 t2only 0 rtfail 0 [0.1 s]
#   unit {'pos': 712, 'blk': None}: om1 0 pos 0 st1 0 fail1 0 t4 0 t4only 0 t2only 0 rtfail 0 [0.1 s]
#   unit {'pos': 713, 'blk': None}: om1 0 pos 0 st1 0 fail1 0 t4 0 t4only 0 t2only 0 rtfail 0 [0.1 s]
#   unit {'pos': 716, 'blk': None}: om1 0 pos 0 st1 0 fail1 0 t4 0 t4only 0 t2only 0 rtfail 0 [0.1 s]
#   unit {'pos': 715, 'blk': None}: om1 0 pos 0 st1 0 fail1 0 t4 0 t4only 0 t2only 0 rtfail 0 [0.1 s]
#   unit {'pos': 714, 'blk': None}: om1 0 pos 0 st1 0 fail1 0 t4 0 t4only 0 t2only 0 rtfail 0 [0.1 s]
#   unit {'pos': 717, 'blk': None}: om1 0 pos 0 st1 0 fail1 0 t4 0 t4only 0 t2only 0 rtfail 0 [0.1 s]
#   unit {'pos': 718, 'blk': None}: om1 0 pos 0 st1 0 fail1 0 t4 0 t4only 0 t2only 0 rtfail 0 [0.0 s]
#   unit {'pos': 719, 'blk': None}: om1 0 pos 0 st1 0 fail1 0 t4 0 t4only 0 t2only 0 rtfail 0 [0.0 s]
#   unit {'pos': 720, 'blk': None}: om1 0 pos 0 st1 0 fail1 0 t4 0 t4only 0 t2only 0 rtfail 0 [0.1 s]
#   unit {'pos': 721, 'blk': None}: om1 0 pos 0 st1 0 fail1 0 t4 0 t4only 0 t2only 0 rtfail 0 [0.0 s]
#   unit {'pos': 722, 'blk': None}: om1 0 pos 0 st1 0 fail1 0 t4 0 t4only 0 t2only 0 rtfail 0 [0.0 s]
#   unit {'pos': 723, 'blk': None}: om1 0 pos 0 st1 0 fail1 0 t4 0 t4only 0 t2only 0 rtfail 0 [0.0 s]
#   unit {'pos': 724, 'blk': None}: om1 0 pos 0 st1 0 fail1 0 t4 0 t4only 0 t2only 0 rtfail 0 [0.1 s]
#   unit {'pos': 725, 'blk': None}: om1 0 pos 0 st1 0 fail1 0 t4 0 t4only 0 t2only 0 rtfail 0 [0.1 s]
#   unit {'pos': 726, 'blk': None}: om1 0 pos 0 st1 0 fail1 0 t4 0 t4only 0 t2only 0 rtfail 0 [0.1 s]
#   unit {'pos': 727, 'blk': None}: om1 0 pos 0 st1 0 fail1 0 t4 0 t4only 0 t2only 0 rtfail 0 [0.1 s]
#   unit {'pos': 728, 'blk': None}: om1 0 pos 0 st1 0 fail1 0 t4 0 t4only 0 t2only 0 rtfail 0 [0.1 s]
#   unit {'pos': 729, 'blk': None}: om1 0 pos 0 st1 0 fail1 0 t4 0 t4only 0 t2only 0 rtfail 0 [0.1 s]
#   unit {'pos': 730, 'blk': None}: om1 0 pos 0 st1 0 fail1 0 t4 0 t4only 0 t2only 0 rtfail 0 [0.1 s]
#   unit {'pos': 731, 'blk': None}: om1 0 pos 0 st1 0 fail1 0 t4 0 t4only 0 t2only 0 rtfail 0 [0.1 s]
#   unit {'pos': 732, 'blk': None}: om1 0 pos 0 st1 0 fail1 0 t4 0 t4only 0 t2only 0 rtfail 0 [0.1 s]
#   unit {'pos': 733, 'blk': None}: om1 0 pos 0 st1 0 fail1 0 t4 0 t4only 0 t2only 0 rtfail 0 [0.1 s]
#   unit {'pos': 734, 'blk': None}: om1 0 pos 0 st1 0 fail1 0 t4 0 t4only 0 t2only 0 rtfail 0 [0.1 s]
#   unit {'pos': 735, 'blk': None}: om1 0 pos 0 st1 0 fail1 0 t4 0 t4only 0 t2only 0 rtfail 0 [0.1 s]
#   unit {'pos': 736, 'blk': None}: om1 0 pos 0 st1 0 fail1 0 t4 0 t4only 0 t2only 0 rtfail 0 [0.1 s]
#   unit {'pos': 737, 'blk': None}: om1 0 pos 0 st1 0 fail1 0 t4 0 t4only 0 t2only 0 rtfail 0 [0.1 s]
#   unit {'pos': 738, 'blk': None}: om1 0 pos 0 st1 0 fail1 0 t4 0 t4only 0 t2only 0 rtfail 0 [0.1 s]
#   unit {'pos': 739, 'blk': None}: om1 0 pos 0 st1 0 fail1 0 t4 0 t4only 0 t2only 0 rtfail 0 [0.1 s]
#   unit {'pos': 740, 'blk': None}: om1 0 pos 0 st1 0 fail1 0 t4 0 t4only 0 t2only 0 rtfail 0 [0.1 s]
#   unit {'pos': 741, 'blk': None}: om1 0 pos 0 st1 0 fail1 0 t4 0 t4only 0 t2only 0 rtfail 0 [0.1 s]
#   unit {'pos': 744, 'blk': None}: om1 0 pos 0 st1 0 fail1 0 t4 0 t4only 0 t2only 0 rtfail 0 [0.1 s]
#   unit {'pos': 742, 'blk': None}: om1 0 pos 0 st1 0 fail1 0 t4 0 t4only 0 t2only 0 rtfail 0 [0.1 s]
#   unit {'pos': 743, 'blk': None}: om1 0 pos 0 st1 0 fail1 0 t4 0 t4only 0 t2only 0 rtfail 0 [0.1 s]
#   unit {'pos': 745, 'blk': None}: om1 0 pos 0 st1 0 fail1 0 t4 0 t4only 0 t2only 0 rtfail 0 [0.1 s]
#   unit {'pos': 747, 'blk': None}: om1 0 pos 0 st1 0 fail1 0 t4 0 t4only 0 t2only 0 rtfail 0 [0.1 s]
#   unit {'pos': 746, 'blk': None}: om1 0 pos 0 st1 0 fail1 0 t4 0 t4only 0 t2only 0 rtfail 0 [0.1 s]
#   unit {'pos': 748, 'blk': None}: om1 0 pos 0 st1 0 fail1 0 t4 0 t4only 0 t2only 0 rtfail 0 [0.1 s]
#   unit {'pos': 749, 'blk': None}: om1 0 pos 0 st1 0 fail1 0 t4 0 t4only 0 t2only 0 rtfail 0 [0.1 s]
#   unit {'pos': 750, 'blk': None}: om1 0 pos 0 st1 0 fail1 0 t4 0 t4only 0 t2only 0 rtfail 0 [0.1 s]
#   unit {'pos': 752, 'blk': None}: om1 0 pos 0 st1 0 fail1 0 t4 0 t4only 0 t2only 0 rtfail 0 [0.1 s]
#   unit {'pos': 751, 'blk': None}: om1 0 pos 0 st1 0 fail1 0 t4 0 t4only 0 t2only 0 rtfail 0 [0.1 s]
#   unit {'pos': 753, 'blk': None}: om1 0 pos 0 st1 0 fail1 0 t4 0 t4only 0 t2only 0 rtfail 0 [0.1 s]
#   unit {'pos': 754, 'blk': None}: om1 0 pos 0 st1 0 fail1 0 t4 0 t4only 0 t2only 0 rtfail 0 [0.1 s]
#   unit {'pos': 755, 'blk': None}: om1 0 pos 0 st1 0 fail1 0 t4 0 t4only 0 t2only 0 rtfail 0 [0.1 s]
#   unit {'pos': 757, 'blk': None}: om1 0 pos 0 st1 0 fail1 0 t4 0 t4only 0 t2only 0 rtfail 0 [0.1 s]
#   unit {'pos': 756, 'blk': None}: om1 0 pos 0 st1 0 fail1 0 t4 0 t4only 0 t2only 0 rtfail 0 [0.1 s]
#   unit {'pos': 758, 'blk': None}: om1 0 pos 0 st1 0 fail1 0 t4 0 t4only 0 t2only 0 rtfail 0 [0.1 s]
#   unit {'pos': 759, 'blk': None}: om1 0 pos 0 st1 0 fail1 0 t4 0 t4only 0 t2only 0 rtfail 0 [0.1 s]
#   unit {'pos': 760, 'blk': None}: om1 0 pos 0 st1 0 fail1 0 t4 0 t4only 0 t2only 0 rtfail 0 [0.1 s]
#   unit {'pos': 762, 'blk': None}: om1 0 pos 0 st1 0 fail1 0 t4 0 t4only 0 t2only 0 rtfail 0 [0.0 s]
#   unit {'pos': 763, 'blk': None}: om1 0 pos 0 st1 0 fail1 0 t4 0 t4only 0 t2only 0 rtfail 0 [0.1 s]
#   unit {'pos': 761, 'blk': None}: om1 0 pos 0 st1 0 fail1 0 t4 0 t4only 0 t2only 0 rtfail 0 [0.1 s]
#   unit {'pos': 764, 'blk': None}: om1 0 pos 0 st1 0 fail1 0 t4 0 t4only 0 t2only 0 rtfail 0 [0.0 s]
#   unit {'pos': 765, 'blk': None}: om1 0 pos 0 st1 0 fail1 0 t4 0 t4only 0 t2only 0 rtfail 0 [0.1 s]
#   unit {'pos': 766, 'blk': None}: om1 0 pos 0 st1 0 fail1 0 t4 0 t4only 0 t2only 0 rtfail 0 [0.0 s]
#   unit {'pos': 767, 'blk': None}: om1 0 pos 0 st1 0 fail1 0 t4 0 t4only 0 t2only 0 rtfail 0 [0.0 s]
#   unit {'pos': 768, 'blk': None}: om1 0 pos 0 st1 0 fail1 0 t4 0 t4only 0 t2only 0 rtfail 0 [0.1 s]
#   unit {'pos': 769, 'blk': None}: om1 0 pos 0 st1 0 fail1 0 t4 0 t4only 0 t2only 0 rtfail 0 [0.0 s]
#   unit {'pos': 770, 'blk': None}: om1 0 pos 0 st1 0 fail1 0 t4 0 t4only 0 t2only 0 rtfail 0 [0.1 s]
#   unit {'pos': 772, 'blk': None}: om1 0 pos 0 st1 0 fail1 0 t4 0 t4only 0 t2only 0 rtfail 0 [0.1 s]
#   unit {'pos': 771, 'blk': None}: om1 0 pos 0 st1 0 fail1 0 t4 0 t4only 0 t2only 0 rtfail 0 [0.1 s]
#   unit {'pos': 773, 'blk': None}: om1 0 pos 0 st1 0 fail1 0 t4 0 t4only 0 t2only 0 rtfail 0 [0.1 s]
#   unit {'pos': 774, 'blk': None}: om1 0 pos 0 st1 0 fail1 0 t4 0 t4only 0 t2only 0 rtfail 0 [0.1 s]
#   unit {'pos': 775, 'blk': None}: om1 0 pos 0 st1 0 fail1 0 t4 0 t4only 0 t2only 0 rtfail 0 [0.1 s]
#   unit {'pos': 776, 'blk': None}: om1 0 pos 0 st1 0 fail1 0 t4 0 t4only 0 t2only 0 rtfail 0 [0.1 s]
#   unit {'pos': 777, 'blk': None}: om1 0 pos 0 st1 0 fail1 0 t4 0 t4only 0 t2only 0 rtfail 0 [0.1 s]
#   unit {'pos': 779, 'blk': None}: om1 0 pos 0 st1 0 fail1 0 t4 0 t4only 0 t2only 0 rtfail 0 [0.1 s]
#   unit {'pos': 780, 'blk': None}: om1 0 pos 0 st1 0 fail1 0 t4 0 t4only 0 t2only 0 rtfail 0 [0.1 s]
#   unit {'pos': 781, 'blk': None}: om1 0 pos 0 st1 0 fail1 0 t4 0 t4only 0 t2only 0 rtfail 0 [0.1 s]
#   unit {'pos': 778, 'blk': None}: om1 0 pos 0 st1 0 fail1 0 t4 0 t4only 0 t2only 0 rtfail 0 [0.1 s]
#   unit {'pos': 783, 'blk': None}: om1 0 pos 0 st1 0 fail1 0 t4 0 t4only 0 t2only 0 rtfail 0 [0.1 s]
#   unit {'pos': 782, 'blk': None}: om1 0 pos 0 st1 0 fail1 0 t4 0 t4only 0 t2only 0 rtfail 0 [0.1 s]
#   unit {'pos': 784, 'blk': None}: om1 0 pos 0 st1 0 fail1 0 t4 0 t4only 0 t2only 0 rtfail 0 [0.1 s]
#   unit {'pos': 786, 'blk': None}: om1 0 pos 0 st1 0 fail1 0 t4 0 t4only 0 t2only 0 rtfail 0 [0.1 s]
#   unit {'pos': 785, 'blk': None}: om1 0 pos 0 st1 0 fail1 0 t4 0 t4only 0 t2only 0 rtfail 0 [0.1 s]
#   unit {'pos': 787, 'blk': None}: om1 0 pos 0 st1 0 fail1 0 t4 0 t4only 0 t2only 0 rtfail 0 [0.1 s]
#   unit {'pos': 788, 'blk': None}: om1 0 pos 0 st1 0 fail1 0 t4 0 t4only 0 t2only 0 rtfail 0 [0.1 s]
#   unit {'pos': 789, 'blk': None}: om1 0 pos 0 st1 0 fail1 0 t4 0 t4only 0 t2only 0 rtfail 0 [0.1 s]
#   unit {'pos': 790, 'blk': None}: om1 0 pos 0 st1 0 fail1 0 t4 0 t4only 0 t2only 0 rtfail 0 [0.1 s]
#   unit {'pos': 791, 'blk': None}: om1 0 pos 0 st1 0 fail1 0 t4 0 t4only 0 t2only 0 rtfail 0 [0.1 s]
#   unit {'pos': 792, 'blk': None}: om1 0 pos 0 st1 0 fail1 0 t4 0 t4only 0 t2only 0 rtfail 0 [0.1 s]
#   unit {'pos': 793, 'blk': None}: om1 0 pos 0 st1 0 fail1 0 t4 0 t4only 0 t2only 0 rtfail 0 [0.1 s]
#   unit {'pos': 795, 'blk': None}: om1 0 pos 0 st1 0 fail1 0 t4 0 t4only 0 t2only 0 rtfail 0 [0.1 s]
#   unit {'pos': 794, 'blk': None}: om1 0 pos 0 st1 0 fail1 0 t4 0 t4only 0 t2only 0 rtfail 0 [0.1 s]
#   unit {'pos': 796, 'blk': None}: om1 0 pos 0 st1 0 fail1 0 t4 0 t4only 0 t2only 0 rtfail 0 [0.1 s]
#   unit {'pos': 797, 'blk': None}: om1 0 pos 0 st1 0 fail1 0 t4 0 t4only 0 t2only 0 rtfail 0 [0.1 s]
#   unit {'pos': 798, 'blk': None}: om1 0 pos 0 st1 0 fail1 0 t4 0 t4only 0 t2only 0 rtfail 0 [0.1 s]
#   unit {'pos': 799, 'blk': None}: om1 0 pos 0 st1 0 fail1 0 t4 0 t4only 0 t2only 0 rtfail 0 [0.1 s]
#   unit {'pos': 800, 'blk': None}: om1 0 pos 0 st1 0 fail1 0 t4 0 t4only 0 t2only 0 rtfail 0 [0.1 s]
#   unit {'pos': 801, 'blk': None}: om1 0 pos 0 st1 0 fail1 0 t4 0 t4only 0 t2only 0 rtfail 0 [0.1 s]
#   unit {'pos': 802, 'blk': None}: om1 0 pos 0 st1 0 fail1 0 t4 0 t4only 0 t2only 0 rtfail 0 [0.1 s]
#   unit {'pos': 803, 'blk': None}: om1 0 pos 0 st1 0 fail1 0 t4 0 t4only 0 t2only 0 rtfail 0 [0.1 s]
#   unit {'pos': 804, 'blk': None}: om1 0 pos 0 st1 0 fail1 0 t4 0 t4only 0 t2only 0 rtfail 0 [0.1 s]
#   unit {'pos': 805, 'blk': None}: om1 0 pos 0 st1 0 fail1 0 t4 0 t4only 0 t2only 0 rtfail 0 [0.1 s]
#   unit {'pos': 807, 'blk': None}: om1 0 pos 0 st1 0 fail1 0 t4 0 t4only 0 t2only 0 rtfail 0 [0.0 s]
#   unit {'pos': 806, 'blk': None}: om1 0 pos 0 st1 0 fail1 0 t4 0 t4only 0 t2only 0 rtfail 0 [0.1 s]
#   unit {'pos': 808, 'blk': None}: om1 0 pos 0 st1 0 fail1 0 t4 0 t4only 0 t2only 0 rtfail 0 [0.0 s]
#   unit {'pos': 809, 'blk': None}: om1 0 pos 0 st1 0 fail1 0 t4 0 t4only 0 t2only 0 rtfail 0 [0.0 s]
#   unit {'pos': 810, 'blk': None}: om1 0 pos 0 st1 0 fail1 0 t4 0 t4only 0 t2only 0 rtfail 0 [0.0 s]
#   unit {'pos': 811, 'blk': None}: om1 0 pos 0 st1 0 fail1 0 t4 0 t4only 0 t2only 0 rtfail 0 [0.0 s]
#   unit {'pos': 812, 'blk': None}: om1 0 pos 0 st1 0 fail1 0 t4 0 t4only 0 t2only 0 rtfail 0 [0.1 s]
#   unit {'pos': 813, 'blk': None}: om1 0 pos 0 st1 0 fail1 0 t4 0 t4only 0 t2only 0 rtfail 0 [0.0 s]
#   unit {'pos': 814, 'blk': None}: om1 0 pos 0 st1 0 fail1 0 t4 0 t4only 0 t2only 0 rtfail 0 [0.0 s]
#   unit {'pos': 815, 'blk': None}: om1 0 pos 0 st1 0 fail1 0 t4 0 t4only 0 t2only 0 rtfail 0 [0.0 s]
#   unit {'pos': 816, 'blk': None}: om1 0 pos 0 st1 0 fail1 0 t4 0 t4only 0 t2only 0 rtfail 0 [0.0 s]
#   unit {'pos': 817, 'blk': None}: om1 0 pos 0 st1 0 fail1 0 t4 0 t4only 0 t2only 0 rtfail 0 [0.0 s]
#   unit {'pos': 818, 'blk': None}: om1 0 pos 0 st1 0 fail1 0 t4 0 t4only 0 t2only 0 rtfail 0 [0.0 s]
#   unit {'pos': 819, 'blk': None}: om1 1 pos 0 st1 0 fail1 0 t4 0 t4only 0 t2only 0 rtfail 0 [0.1 s]
#   unit {'pos': 821, 'blk': None}: om1 0 pos 0 st1 0 fail1 0 t4 0 t4only 0 t2only 0 rtfail 0 [0.1 s]
#   unit {'pos': 820, 'blk': None}: om1 0 pos 0 st1 0 fail1 0 t4 0 t4only 0 t2only 0 rtfail 0 [0.1 s]
#   unit {'pos': 822, 'blk': None}: om1 0 pos 0 st1 0 fail1 0 t4 0 t4only 0 t2only 0 rtfail 0 [0.1 s]
#   unit {'pos': 823, 'blk': None}: om1 0 pos 0 st1 0 fail1 0 t4 0 t4only 0 t2only 0 rtfail 0 [0.1 s]
#   unit {'pos': 825, 'blk': None}: om1 0 pos 0 st1 0 fail1 0 t4 0 t4only 0 t2only 0 rtfail 0 [0.1 s]
#   unit {'pos': 824, 'blk': None}: om1 0 pos 0 st1 0 fail1 0 t4 0 t4only 0 t2only 0 rtfail 0 [0.1 s]
#   unit {'pos': 826, 'blk': None}: om1 0 pos 0 st1 0 fail1 0 t4 0 t4only 0 t2only 0 rtfail 0 [0.1 s]
#   unit {'pos': 827, 'blk': None}: om1 0 pos 0 st1 0 fail1 0 t4 0 t4only 0 t2only 0 rtfail 0 [0.1 s]
#   unit {'pos': 828, 'blk': None}: om1 0 pos 0 st1 0 fail1 0 t4 0 t4only 0 t2only 0 rtfail 0 [0.1 s]
#   unit {'pos': 830, 'blk': None}: om1 0 pos 0 st1 0 fail1 0 t4 0 t4only 0 t2only 0 rtfail 0 [0.0 s]
#   unit {'pos': 829, 'blk': None}: om1 0 pos 0 st1 0 fail1 0 t4 0 t4only 0 t2only 0 rtfail 0 [0.1 s]
#   unit {'pos': 831, 'blk': None}: om1 0 pos 0 st1 0 fail1 0 t4 0 t4only 0 t2only 0 rtfail 0 [0.0 s]
#   unit {'pos': 832, 'blk': None}: om1 0 pos 0 st1 0 fail1 0 t4 0 t4only 0 t2only 0 rtfail 0 [0.0 s]
#   unit {'pos': 834, 'blk': None}: om1 0 pos 0 st1 0 fail1 0 t4 0 t4only 0 t2only 0 rtfail 0 [0.0 s]
#   unit {'pos': 833, 'blk': None}: om1 0 pos 0 st1 0 fail1 0 t4 0 t4only 0 t2only 0 rtfail 0 [0.0 s]
#   unit {'pos': 835, 'blk': None}: om1 0 pos 0 st1 0 fail1 0 t4 0 t4only 0 t2only 0 rtfail 0 [0.0 s]
#   unit {'pos': 838, 'blk': None}: om1 0 pos 0 st1 0 fail1 0 t4 0 t4only 0 t2only 0 rtfail 0 [0.0 s]
#   unit {'pos': 836, 'blk': None}: om1 0 pos 0 st1 0 fail1 0 t4 0 t4only 0 t2only 0 rtfail 0 [0.1 s]
#   unit {'pos': 837, 'blk': None}: om1 0 pos 0 st1 0 fail1 0 t4 0 t4only 0 t2only 0 rtfail 0 [0.0 s]
#   unit {'pos': 839, 'blk': None}: om1 0 pos 0 st1 0 fail1 0 t4 0 t4only 0 t2only 0 rtfail 0 [0.1 s]
#   unit {'pos': 840, 'blk': None}: om1 0 pos 0 st1 0 fail1 0 t4 0 t4only 0 t2only 0 rtfail 0 [0.0 s]
#   unit {'pos': 841, 'blk': None}: om1 0 pos 0 st1 0 fail1 0 t4 0 t4only 0 t2only 0 rtfail 0 [0.0 s]
#   unit {'pos': 842, 'blk': None}: om1 0 pos 0 st1 0 fail1 0 t4 0 t4only 0 t2only 0 rtfail 0 [0.0 s]
#   unit {'pos': 843, 'blk': None}: om1 0 pos 0 st1 0 fail1 0 t4 0 t4only 0 t2only 0 rtfail 0 [0.1 s]
#   unit {'pos': 845, 'blk': None}: om1 0 pos 0 st1 0 fail1 0 t4 0 t4only 0 t2only 0 rtfail 0 [0.1 s]
#   unit {'pos': 846, 'blk': None}: om1 0 pos 0 st1 0 fail1 0 t4 0 t4only 0 t2only 0 rtfail 0 [0.1 s]
#   unit {'pos': 844, 'blk': None}: om1 0 pos 0 st1 0 fail1 0 t4 0 t4only 0 t2only 0 rtfail 0 [0.1 s]
#   unit {'pos': 847, 'blk': None}: om1 0 pos 0 st1 0 fail1 0 t4 0 t4only 0 t2only 0 rtfail 0 [0.0 s]
#   unit {'pos': 849, 'blk': None}: om1 0 pos 0 st1 0 fail1 0 t4 0 t4only 0 t2only 0 rtfail 0 [0.1 s]
#   unit {'pos': 851, 'blk': None}: om1 0 pos 0 st1 0 fail1 0 t4 0 t4only 0 t2only 0 rtfail 0 [0.1 s]
#   unit {'pos': 848, 'blk': None}: om1 0 pos 0 st1 0 fail1 0 t4 0 t4only 0 t2only 0 rtfail 0 [0.1 s]
#   unit {'pos': 853, 'blk': None}: om1 0 pos 0 st1 0 fail1 0 t4 0 t4only 0 t2only 0 rtfail 0 [0.1 s]
#   unit {'pos': 850, 'blk': None}: om1 0 pos 0 st1 0 fail1 0 t4 0 t4only 0 t2only 0 rtfail 0 [0.1 s]
#   unit {'pos': 852, 'blk': None}: om1 0 pos 0 st1 0 fail1 0 t4 0 t4only 0 t2only 0 rtfail 0 [0.1 s]
#   unit {'pos': 854, 'blk': None}: om1 0 pos 0 st1 0 fail1 0 t4 0 t4only 0 t2only 0 rtfail 0 [0.1 s]
#   unit {'pos': 855, 'blk': None}: om1 0 pos 0 st1 0 fail1 0 t4 0 t4only 0 t2only 0 rtfail 0 [0.0 s]
#   unit {'pos': 856, 'blk': None}: om1 0 pos 0 st1 0 fail1 0 t4 0 t4only 0 t2only 0 rtfail 0 [0.1 s]
#   unit {'pos': 857, 'blk': None}: om1 0 pos 0 st1 0 fail1 0 t4 0 t4only 0 t2only 0 rtfail 0 [0.1 s]
#   unit {'pos': 858, 'blk': None}: om1 0 pos 0 st1 0 fail1 0 t4 0 t4only 0 t2only 0 rtfail 0 [0.1 s]
#   unit {'pos': 859, 'blk': None}: om1 0 pos 0 st1 0 fail1 0 t4 0 t4only 0 t2only 0 rtfail 0 [0.0 s]
#   unit {'pos': 860, 'blk': None}: om1 0 pos 0 st1 0 fail1 0 t4 0 t4only 0 t2only 0 rtfail 0 [0.1 s]
#   unit {'pos': 861, 'blk': None}: om1 0 pos 0 st1 0 fail1 0 t4 0 t4only 0 t2only 0 rtfail 0 [0.1 s]
#   unit {'pos': 862, 'blk': None}: om1 0 pos 0 st1 0 fail1 0 t4 0 t4only 0 t2only 0 rtfail 0 [0.1 s]
#   unit {'pos': 863, 'blk': None}: om1 0 pos 0 st1 0 fail1 0 t4 0 t4only 0 t2only 0 rtfail 0 [0.1 s]
#   unit {'pos': 864, 'blk': None}: om1 0 pos 0 st1 0 fail1 0 t4 0 t4only 0 t2only 0 rtfail 0 [0.0 s]
#   unit {'pos': 865, 'blk': None}: om1 0 pos 0 st1 0 fail1 0 t4 0 t4only 0 t2only 0 rtfail 0 [0.1 s]
#   unit {'pos': 866, 'blk': None}: om1 0 pos 0 st1 0 fail1 0 t4 0 t4only 0 t2only 0 rtfail 0 [0.1 s]
#   unit {'pos': 868, 'blk': None}: om1 0 pos 0 st1 0 fail1 0 t4 0 t4only 0 t2only 0 rtfail 0 [0.0 s]
#   unit {'pos': 867, 'blk': None}: om1 0 pos 0 st1 0 fail1 0 t4 0 t4only 0 t2only 0 rtfail 0 [0.1 s]
#   unit {'pos': 869, 'blk': None}: om1 0 pos 0 st1 0 fail1 0 t4 0 t4only 0 t2only 0 rtfail 0 [0.1 s]
#   unit {'pos': 870, 'blk': None}: om1 0 pos 0 st1 0 fail1 0 t4 0 t4only 0 t2only 0 rtfail 0 [0.0 s]
#   unit {'pos': 871, 'blk': None}: om1 0 pos 0 st1 0 fail1 0 t4 0 t4only 0 t2only 0 rtfail 0 [0.0 s]
#   unit {'pos': 872, 'blk': None}: om1 0 pos 0 st1 0 fail1 0 t4 0 t4only 0 t2only 0 rtfail 0 [0.0 s]
#   unit {'pos': 874, 'blk': None}: om1 0 pos 0 st1 0 fail1 0 t4 0 t4only 0 t2only 0 rtfail 0 [0.1 s]
#   unit {'pos': 873, 'blk': None}: om1 0 pos 0 st1 0 fail1 0 t4 0 t4only 0 t2only 0 rtfail 0 [0.1 s]
#   unit {'pos': 876, 'blk': None}: om1 0 pos 0 st1 0 fail1 0 t4 0 t4only 0 t2only 0 rtfail 0 [0.1 s]
#   unit {'pos': 875, 'blk': None}: om1 0 pos 0 st1 0 fail1 0 t4 0 t4only 0 t2only 0 rtfail 0 [0.1 s]
#   unit {'pos': 877, 'blk': None}: om1 0 pos 0 st1 0 fail1 0 t4 0 t4only 0 t2only 0 rtfail 0 [0.1 s]
#   unit {'pos': 878, 'blk': None}: om1 0 pos 0 st1 0 fail1 0 t4 0 t4only 0 t2only 0 rtfail 0 [0.1 s]
#   unit {'pos': 879, 'blk': None}: om1 0 pos 0 st1 0 fail1 0 t4 0 t4only 0 t2only 0 rtfail 0 [0.1 s]
#   unit {'pos': 880, 'blk': None}: om1 0 pos 0 st1 0 fail1 0 t4 0 t4only 0 t2only 0 rtfail 0 [0.1 s]
#   unit {'pos': 881, 'blk': None}: om1 0 pos 0 st1 0 fail1 0 t4 0 t4only 0 t2only 0 rtfail 0 [0.1 s]
#   unit {'pos': 882, 'blk': None}: om1 0 pos 0 st1 0 fail1 0 t4 0 t4only 0 t2only 0 rtfail 0 [0.1 s]
#   unit {'pos': 883, 'blk': None}: om1 0 pos 0 st1 0 fail1 0 t4 0 t4only 0 t2only 0 rtfail 0 [0.1 s]
#   unit {'pos': 884, 'blk': None}: om1 0 pos 0 st1 0 fail1 0 t4 0 t4only 0 t2only 0 rtfail 0 [0.1 s]
#   unit {'pos': 885, 'blk': None}: om1 0 pos 0 st1 0 fail1 0 t4 0 t4only 0 t2only 0 rtfail 0 [0.1 s]
#   unit {'pos': 886, 'blk': None}: om1 0 pos 0 st1 0 fail1 0 t4 0 t4only 0 t2only 0 rtfail 0 [0.1 s]
#   unit {'pos': 887, 'blk': None}: om1 0 pos 0 st1 0 fail1 0 t4 0 t4only 0 t2only 0 rtfail 0 [0.1 s]
#   unit {'pos': 888, 'blk': None}: om1 0 pos 0 st1 0 fail1 0 t4 0 t4only 0 t2only 0 rtfail 0 [0.1 s]
#   unit {'pos': 889, 'blk': None}: om1 0 pos 0 st1 0 fail1 0 t4 0 t4only 0 t2only 0 rtfail 0 [0.1 s]
#   unit {'pos': 891, 'blk': None}: om1 0 pos 0 st1 0 fail1 0 t4 0 t4only 0 t2only 0 rtfail 0 [0.0 s]
#   unit {'pos': 890, 'blk': None}: om1 0 pos 0 st1 0 fail1 0 t4 0 t4only 0 t2only 0 rtfail 0 [0.1 s]
#   unit {'pos': 892, 'blk': None}: om1 0 pos 0 st1 0 fail1 0 t4 0 t4only 0 t2only 0 rtfail 0 [0.1 s]
#   unit {'pos': 895, 'blk': None}: om1 0 pos 0 st1 0 fail1 0 t4 0 t4only 0 t2only 0 rtfail 0 [0.1 s]
#   unit {'pos': 893, 'blk': None}: om1 0 pos 0 st1 0 fail1 0 t4 0 t4only 0 t2only 0 rtfail 0 [0.1 s]
#   unit {'pos': 894, 'blk': None}: om1 0 pos 0 st1 0 fail1 0 t4 0 t4only 0 t2only 0 rtfail 0 [0.1 s]
#   unit {'pos': 896, 'blk': None}: om1 0 pos 0 st1 0 fail1 0 t4 0 t4only 0 t2only 0 rtfail 0 [0.1 s]
#   unit {'pos': 897, 'blk': None}: om1 0 pos 0 st1 0 fail1 0 t4 0 t4only 0 t2only 0 rtfail 0 [0.1 s]
#   unit {'pos': 898, 'blk': None}: om1 0 pos 0 st1 0 fail1 0 t4 0 t4only 0 t2only 0 rtfail 0 [0.1 s]
#   unit {'pos': 899, 'blk': None}: om1 0 pos 0 st1 0 fail1 0 t4 0 t4only 0 t2only 0 rtfail 0 [0.1 s]
#   unit {'pos': 900, 'blk': None}: om1 0 pos 0 st1 0 fail1 0 t4 0 t4only 0 t2only 0 rtfail 0 [0.1 s]
#   unit {'pos': 901, 'blk': None}: om1 0 pos 0 st1 0 fail1 0 t4 0 t4only 0 t2only 0 rtfail 0 [0.1 s]
#   unit {'pos': 902, 'blk': None}: om1 0 pos 0 st1 0 fail1 0 t4 0 t4only 0 t2only 0 rtfail 0 [0.1 s]
#   unit {'pos': 904, 'blk': None}: om1 0 pos 0 st1 0 fail1 0 t4 0 t4only 0 t2only 0 rtfail 0 [0.1 s]
#   unit {'pos': 903, 'blk': None}: om1 0 pos 0 st1 0 fail1 0 t4 0 t4only 0 t2only 0 rtfail 0 [0.1 s]
#   unit {'pos': 905, 'blk': None}: om1 0 pos 0 st1 0 fail1 0 t4 0 t4only 0 t2only 0 rtfail 0 [0.1 s]
#   unit {'pos': 907, 'blk': None}: om1 0 pos 0 st1 0 fail1 0 t4 0 t4only 0 t2only 0 rtfail 0 [0.1 s]
#   unit {'pos': 908, 'blk': None}: om1 0 pos 0 st1 0 fail1 0 t4 0 t4only 0 t2only 0 rtfail 0 [0.1 s]
#   unit {'pos': 906, 'blk': None}: om1 0 pos 0 st1 0 fail1 0 t4 0 t4only 0 t2only 0 rtfail 0 [0.1 s]
#   unit {'pos': 909, 'blk': None}: om1 0 pos 0 st1 0 fail1 0 t4 0 t4only 0 t2only 0 rtfail 0 [0.1 s]
#   unit {'pos': 911, 'blk': None}: om1 29 pos 0 st1 0 fail1 0 t4 0 t4only 0 t2only 0 rtfail 0 [0.1 s]
#   unit {'pos': 910, 'blk': None}: om1 150 pos 0 st1 0 fail1 0 t4 0 t4only 0 t2only 0 rtfail 0 [0.1 s]
#   unit {'pos': 912, 'blk': None}: om1 24 pos 0 st1 0 fail1 0 t4 0 t4only 0 t2only 0 rtfail 0 [0.1 s]
#   unit {'pos': 913, 'blk': None}: om1 91 pos 0 st1 0 fail1 0 t4 0 t4only 0 t2only 0 rtfail 0 [0.1 s]
#   unit {'pos': 914, 'blk': None}: om1 108 pos 0 st1 0 fail1 0 t4 0 t4only 0 t2only 0 rtfail 0 [0.1 s]
#   unit {'pos': 915, 'blk': None}: om1 35 pos 0 st1 0 fail1 0 t4 0 t4only 0 t2only 0 rtfail 0 [0.1 s]
#   unit {'pos': 917, 'blk': None}: om1 39 pos 0 st1 0 fail1 0 t4 0 t4only 0 t2only 0 rtfail 0 [0.1 s]
#   unit {'pos': 916, 'blk': None}: om1 26 pos 0 st1 0 fail1 0 t4 0 t4only 0 t2only 0 rtfail 0 [0.1 s]
#   unit {'pos': 918, 'blk': None}: om1 40 pos 0 st1 0 fail1 0 t4 0 t4only 0 t2only 0 rtfail 0 [0.1 s]
#   unit {'pos': 919, 'blk': None}: om1 37 pos 0 st1 0 fail1 0 t4 0 t4only 0 t2only 0 rtfail 0 [0.1 s]
#   unit {'pos': 920, 'blk': None}: om1 33 pos 0 st1 0 fail1 0 t4 0 t4only 0 t2only 0 rtfail 0 [0.1 s]
#   unit {'pos': 921, 'blk': None}: om1 45 pos 3 st1 3 fail1 0 t4 0 t4only 0 t2only 0 rtfail 0 [0.1 s]
#   unit {'pos': 922, 'blk': None}: om1 21 pos 0 st1 0 fail1 0 t4 0 t4only 0 t2only 0 rtfail 0 [0.1 s]
#   unit {'pos': 923, 'blk': None}: om1 27 pos 0 st1 0 fail1 0 t4 0 t4only 0 t2only 0 rtfail 0 [0.1 s]
#   unit {'pos': 924, 'blk': None}: om1 35 pos 0 st1 0 fail1 0 t4 0 t4only 0 t2only 0 rtfail 0 [0.1 s]
#   unit {'pos': 925, 'blk': None}: om1 27 pos 0 st1 0 fail1 0 t4 0 t4only 0 t2only 0 rtfail 0 [0.1 s]
#   unit {'pos': 927, 'blk': None}: om1 15 pos 0 st1 0 fail1 0 t4 0 t4only 0 t2only 0 rtfail 0 [0.1 s]
#   unit {'pos': 926, 'blk': None}: om1 25 pos 0 st1 0 fail1 0 t4 0 t4only 0 t2only 0 rtfail 0 [0.1 s]
#   unit {'pos': 928, 'blk': None}: om1 22 pos 0 st1 0 fail1 0 t4 0 t4only 0 t2only 0 rtfail 0 [0.1 s]
#   unit {'pos': 929, 'blk': None}: om1 18 pos 0 st1 0 fail1 0 t4 0 t4only 0 t2only 0 rtfail 0 [0.1 s]
#   unit {'pos': 930, 'blk': None}: om1 16 pos 0 st1 0 fail1 0 t4 0 t4only 0 t2only 0 rtfail 0 [0.1 s]
#   unit {'pos': 932, 'blk': None}: om1 18 pos 0 st1 0 fail1 0 t4 0 t4only 0 t2only 0 rtfail 0 [0.1 s]
#   unit {'pos': 931, 'blk': None}: om1 18 pos 0 st1 0 fail1 0 t4 0 t4only 0 t2only 0 rtfail 0 [0.1 s]
#   unit {'pos': 933, 'blk': None}: om1 16 pos 0 st1 0 fail1 0 t4 0 t4only 0 t2only 0 rtfail 0 [0.1 s]
#   unit {'pos': 934, 'blk': None}: om1 11 pos 0 st1 0 fail1 0 t4 0 t4only 0 t2only 0 rtfail 0 [0.1 s]
#   unit {'pos': 936, 'blk': None}: om1 9 pos 0 st1 0 fail1 0 t4 0 t4only 0 t2only 0 rtfail 0 [0.1 s]
#   unit {'pos': 935, 'blk': None}: om1 17 pos 0 st1 0 fail1 0 t4 0 t4only 0 t2only 0 rtfail 0 [0.1 s]
#   unit {'pos': 938, 'blk': None}: om1 14 pos 0 st1 0 fail1 0 t4 0 t4only 0 t2only 0 rtfail 0 [0.1 s]
#   unit {'pos': 940, 'blk': None}: om1 19 pos 0 st1 0 fail1 0 t4 0 t4only 0 t2only 0 rtfail 0 [0.1 s]
#   unit {'pos': 939, 'blk': None}: om1 15 pos 0 st1 0 fail1 0 t4 0 t4only 0 t2only 0 rtfail 0 [0.1 s]
#   unit {'pos': 937, 'blk': None}: om1 10 pos 0 st1 0 fail1 0 t4 0 t4only 0 t2only 0 rtfail 0 [0.1 s]
#   unit {'pos': 942, 'blk': None}: om1 6 pos 0 st1 0 fail1 0 t4 0 t4only 0 t2only 0 rtfail 0 [0.1 s]
#   unit {'pos': 941, 'blk': None}: om1 8 pos 0 st1 0 fail1 0 t4 0 t4only 0 t2only 0 rtfail 0 [0.1 s]
#   unit {'pos': 944, 'blk': None}: om1 10 pos 0 st1 0 fail1 0 t4 0 t4only 0 t2only 0 rtfail 0 [0.1 s]
#   unit {'pos': 943, 'blk': None}: om1 3 pos 0 st1 0 fail1 0 t4 0 t4only 0 t2only 0 rtfail 0 [0.1 s]
#   unit {'pos': 945, 'blk': None}: om1 3 pos 0 st1 0 fail1 0 t4 0 t4only 0 t2only 0 rtfail 0 [0.1 s]
#   unit {'pos': 946, 'blk': None}: om1 11 pos 0 st1 0 fail1 0 t4 0 t4only 0 t2only 0 rtfail 0 [0.1 s]
#   unit {'pos': 947, 'blk': None}: om1 91 pos 0 st1 0 fail1 0 t4 0 t4only 0 t2only 0 rtfail 0 [0.1 s]
#   unit {'pos': 948, 'blk': None}: om1 52 pos 0 st1 0 fail1 0 t4 0 t4only 0 t2only 0 rtfail 0 [0.1 s]
#   unit {'pos': 949, 'blk': None}: om1 50 pos 7 st1 7 fail1 0 t4 0 t4only 0 t2only 0 rtfail 0 [0.1 s]
#   unit {'pos': 950, 'blk': None}: om1 54 pos 11 st1 11 fail1 0 t4 0 t4only 0 t2only 0 rtfail 0 [0.1 s]
#   unit {'pos': 951, 'blk': None}: om1 51 pos 10 st1 10 fail1 0 t4 0 t4only 0 t2only 0 rtfail 0 [0.1 s]
#   unit {'pos': 952, 'blk': None}: om1 36 pos 0 st1 0 fail1 0 t4 0 t4only 0 t2only 0 rtfail 0 [0.1 s]
#   unit {'pos': 953, 'blk': None}: om1 39 pos 0 st1 0 fail1 0 t4 0 t4only 0 t2only 0 rtfail 0 [0.1 s]
#   unit {'pos': 954, 'blk': None}: om1 41 pos 0 st1 0 fail1 0 t4 0 t4only 0 t2only 0 rtfail 0 [0.1 s]
#   unit {'pos': 955, 'blk': None}: om1 53 pos 0 st1 0 fail1 0 t4 0 t4only 0 t2only 0 rtfail 0 [0.1 s]
#   unit {'pos': 956, 'blk': None}: om1 48 pos 1 st1 1 fail1 0 t4 1 t4only 0 t2only 0 rtfail 0 [0.1 s]
#   unit {'pos': 957, 'blk': None}: om1 57 pos 0 st1 0 fail1 0 t4 0 t4only 0 t2only 0 rtfail 0 [0.1 s]
#   unit {'pos': 958, 'blk': None}: om1 40 pos 0 st1 0 fail1 0 t4 0 t4only 0 t2only 0 rtfail 0 [0.1 s]
#   unit {'pos': 959, 'blk': None}: om1 29 pos 0 st1 0 fail1 0 t4 0 t4only 0 t2only 0 rtfail 0 [0.1 s]
#   unit {'pos': 960, 'blk': None}: om1 24 pos 0 st1 0 fail1 0 t4 0 t4only 0 t2only 0 rtfail 0 [0.1 s]
#   unit {'pos': 961, 'blk': None}: om1 47 pos 0 st1 0 fail1 0 t4 0 t4only 0 t2only 0 rtfail 0 [0.1 s]
#   unit {'pos': 962, 'blk': None}: om1 18 pos 0 st1 0 fail1 0 t4 0 t4only 0 t2only 0 rtfail 0 [0.1 s]
#   unit {'pos': 963, 'blk': None}: om1 17 pos 0 st1 0 fail1 0 t4 0 t4only 0 t2only 0 rtfail 0 [0.1 s]
#   unit {'pos': 964, 'blk': None}: om1 13 pos 0 st1 0 fail1 0 t4 0 t4only 0 t2only 0 rtfail 0 [0.1 s]
#   unit {'pos': 965, 'blk': None}: om1 20 pos 0 st1 0 fail1 0 t4 0 t4only 0 t2only 0 rtfail 0 [0.1 s]
#   unit {'pos': 966, 'blk': None}: om1 14 pos 0 st1 0 fail1 0 t4 0 t4only 0 t2only 0 rtfail 0 [0.1 s]
#   unit {'pos': 968, 'blk': None}: om1 30 pos 0 st1 0 fail1 0 t4 0 t4only 0 t2only 0 rtfail 0 [0.1 s]
#   unit {'pos': 967, 'blk': None}: om1 10 pos 0 st1 0 fail1 0 t4 0 t4only 0 t2only 0 rtfail 0 [0.1 s]
#   unit {'pos': 969, 'blk': None}: om1 7 pos 0 st1 0 fail1 0 t4 0 t4only 0 t2only 0 rtfail 0 [0.1 s]
#   unit {'pos': 970, 'blk': None}: om1 12 pos 0 st1 0 fail1 0 t4 0 t4only 0 t2only 0 rtfail 0 [0.1 s]
#   unit {'pos': 973, 'blk': None}: om1 10 pos 0 st1 0 fail1 0 t4 0 t4only 0 t2only 0 rtfail 0 [0.1 s]
#   unit {'pos': 971, 'blk': None}: om1 10 pos 0 st1 0 fail1 0 t4 0 t4only 0 t2only 0 rtfail 0 [0.1 s]
#   unit {'pos': 972, 'blk': None}: om1 5 pos 0 st1 0 fail1 0 t4 0 t4only 0 t2only 0 rtfail 0 [0.1 s]
#   unit {'pos': 974, 'blk': None}: om1 17 pos 0 st1 0 fail1 0 t4 0 t4only 0 t2only 0 rtfail 0 [0.1 s]
#   unit {'pos': 975, 'blk': None}: om1 23 pos 0 st1 0 fail1 0 t4 0 t4only 0 t2only 0 rtfail 0 [0.1 s]
#   unit {'pos': 976, 'blk': None}: om1 20 pos 0 st1 0 fail1 0 t4 0 t4only 0 t2only 0 rtfail 0 [0.1 s]
#   unit {'pos': 977, 'blk': None}: om1 28 pos 3 st1 3 fail1 0 t4 2 t4only 0 t2only 0 rtfail 0 [0.1 s]
#   unit {'pos': 979, 'blk': None}: om1 9 pos 0 st1 0 fail1 0 t4 0 t4only 0 t2only 0 rtfail 0 [0.1 s]
#   unit {'pos': 978, 'blk': None}: om1 14 pos 0 st1 0 fail1 0 t4 0 t4only 0 t2only 0 rtfail 0 [0.1 s]
#   unit {'pos': 980, 'blk': None}: om1 20 pos 0 st1 0 fail1 0 t4 0 t4only 0 t2only 0 rtfail 0 [0.1 s]
#   unit {'pos': 982, 'blk': None}: om1 15 pos 0 st1 0 fail1 0 t4 0 t4only 0 t2only 0 rtfail 0 [0.1 s]
#   unit {'pos': 981, 'blk': None}: om1 9 pos 4 st1 4 fail1 0 t4 4 t4only 0 t2only 0 rtfail 0 [0.1 s]
#   unit {'pos': 983, 'blk': None}: om1 64 pos 0 st1 0 fail1 0 t4 0 t4only 0 t2only 0 rtfail 0 [0.1 s]
#   unit {'pos': 984, 'blk': None}: om1 58 pos 6 st1 6 fail1 0 t4 4 t4only 0 t2only 0 rtfail 0 [0.1 s]
#   unit {'pos': 985, 'blk': None}: om1 50 pos 1 st1 1 fail1 0 t4 1 t4only 0 t2only 0 rtfail 0 [0.1 s]
#   unit {'pos': 986, 'blk': None}: om1 43 pos 2 st1 2 fail1 0 t4 2 t4only 0 t2only 0 rtfail 0 [0.1 s]
#   unit {'pos': 988, 'blk': None}: om1 37 pos 0 st1 0 fail1 0 t4 0 t4only 0 t2only 0 rtfail 0 [0.1 s]
#   unit {'pos': 987, 'blk': None}: om1 44 pos 5 st1 5 fail1 0 t4 5 t4only 0 t2only 0 rtfail 0 [0.1 s]
#   unit {'pos': 989, 'blk': None}: om1 40 pos 0 st1 0 fail1 0 t4 0 t4only 0 t2only 0 rtfail 0 [0.1 s]
#   unit {'pos': 990, 'blk': None}: om1 44 pos 0 st1 0 fail1 0 t4 0 t4only 0 t2only 0 rtfail 0 [0.1 s]
#   unit {'pos': 991, 'blk': None}: om1 37 pos 1 st1 1 fail1 0 t4 0 t4only 0 t2only 0 rtfail 0 [0.1 s]
#   unit {'pos': 992, 'blk': None}: om1 40 pos 4 st1 4 fail1 0 t4 0 t4only 0 t2only 0 rtfail 0 [0.1 s]
#   unit {'pos': 993, 'blk': None}: om1 39 pos 2 st1 2 fail1 0 t4 0 t4only 0 t2only 0 rtfail 0 [0.1 s]
#   unit {'pos': 994, 'blk': None}: om1 31 pos 2 st1 2 fail1 0 t4 0 t4only 0 t2only 0 rtfail 0 [0.1 s]
#   unit {'pos': 995, 'blk': None}: om1 48 pos 0 st1 0 fail1 0 t4 0 t4only 0 t2only 0 rtfail 0 [0.1 s]
#   unit {'pos': 996, 'blk': None}: om1 25 pos 0 st1 0 fail1 0 t4 0 t4only 0 t2only 0 rtfail 0 [0.1 s]
#   unit {'pos': 997, 'blk': None}: om1 24 pos 3 st1 3 fail1 0 t4 0 t4only 0 t2only 0 rtfail 0 [0.1 s]
#   unit {'pos': 998, 'blk': None}: om1 14 pos 0 st1 0 fail1 0 t4 0 t4only 0 t2only 0 rtfail 0 [0.1 s]
#   unit {'pos': 999, 'blk': None}: om1 40 pos 0 st1 0 fail1 0 t4 0 t4only 0 t2only 0 rtfail 0 [0.1 s]
#   unit {'pos': 1000, 'blk': None}: om1 22 pos 0 st1 0 fail1 0 t4 0 t4only 0 t2only 0 rtfail 0 [0.1 s]
#   unit {'pos': 1002, 'blk': None}: om1 49 pos 0 st1 0 fail1 0 t4 0 t4only 0 t2only 0 rtfail 0 [0.1 s]
#   unit {'pos': 1001, 'blk': None}: om1 9 pos 0 st1 0 fail1 0 t4 0 t4only 0 t2only 0 rtfail 0 [0.1 s]
#   unit {'pos': 1003, 'blk': None}: om1 44 pos 0 st1 0 fail1 0 t4 0 t4only 0 t2only 0 rtfail 0 [0.1 s]
#   unit {'pos': 1004, 'blk': None}: om1 28 pos 0 st1 0 fail1 0 t4 0 t4only 0 t2only 0 rtfail 0 [0.1 s]
#   unit {'pos': 1005, 'blk': None}: om1 47 pos 4 st1 4 fail1 0 t4 4 t4only 0 t2only 0 rtfail 0 [0.1 s]
#   unit {'pos': 1007, 'blk': None}: om1 50 pos 0 st1 0 fail1 0 t4 0 t4only 0 t2only 0 rtfail 0 [0.1 s]
#   unit {'pos': 1006, 'blk': None}: om1 51 pos 0 st1 0 fail1 0 t4 0 t4only 0 t2only 0 rtfail 0 [0.1 s]
#   unit {'pos': 1008, 'blk': None}: om1 33 pos 0 st1 0 fail1 0 t4 0 t4only 0 t2only 0 rtfail 0 [0.1 s]
#   unit {'pos': 1009, 'blk': None}: om1 27 pos 0 st1 0 fail1 0 t4 0 t4only 0 t2only 0 rtfail 0 [0.1 s]
#   unit {'pos': 1010, 'blk': None}: om1 28 pos 0 st1 0 fail1 0 t4 0 t4only 0 t2only 0 rtfail 0 [0.1 s]
#   unit {'pos': 1011, 'blk': None}: om1 29 pos 0 st1 0 fail1 0 t4 0 t4only 0 t2only 0 rtfail 0 [0.1 s]
#   unit {'pos': 1012, 'blk': None}: om1 28 pos 0 st1 0 fail1 0 t4 0 t4only 0 t2only 0 rtfail 0 [0.1 s]
#   unit {'pos': 1013, 'blk': None}: om1 28 pos 1 st1 1 fail1 0 t4 0 t4only 0 t2only 0 rtfail 0 [0.1 s]
#   unit {'pos': 1014, 'blk': None}: om1 28 pos 0 st1 0 fail1 0 t4 0 t4only 0 t2only 0 rtfail 0 [0.1 s]
#   unit {'pos': 1015, 'blk': None}: om1 4 pos 0 st1 0 fail1 0 t4 0 t4only 0 t2only 0 rtfail 0 [0.1 s]
#   unit {'pos': 1016, 'blk': None}: om1 8 pos 0 st1 0 fail1 0 t4 0 t4only 0 t2only 0 rtfail 0 [0.1 s]
#   unit {'pos': 1017, 'blk': None}: om1 21 pos 0 st1 0 fail1 0 t4 0 t4only 0 t2only 0 rtfail 0 [0.1 s]
#   unit {'pos': 1018, 'blk': None}: om1 12 pos 0 st1 0 fail1 0 t4 0 t4only 0 t2only 0 rtfail 0 [0.1 s]
#   unit {'pos': 1019, 'blk': None}: om1 11 pos 2 st1 2 fail1 0 t4 0 t4only 0 t2only 0 rtfail 0 [0.1 s]
#   unit {'pos': 1020, 'blk': None}: om1 26 pos 1 st1 1 fail1 0 t4 1 t4only 0 t2only 0 rtfail 0 [0.1 s]
#   unit {'pos': 1021, 'blk': None}: om1 21 pos 0 st1 0 fail1 0 t4 0 t4only 0 t2only 0 rtfail 0 [0.1 s]
#   unit {'pos': 1022, 'blk': None}: om1 15 pos 0 st1 0 fail1 0 t4 0 t4only 0 t2only 0 rtfail 0 [0.1 s]
#   unit {'pos': 1023, 'blk': None}: om1 22 pos 1 st1 1 fail1 0 t4 1 t4only 0 t2only 0 rtfail 0 [0.1 s]
#   unit {'pos': 1024, 'blk': None}: om1 23 pos 0 st1 0 fail1 0 t4 0 t4only 0 t2only 0 rtfail 0 [0.1 s]
#   unit {'pos': 1025, 'blk': None}: om1 11 pos 1 st1 1 fail1 0 t4 1 t4only 0 t2only 0 rtfail 0 [0.1 s]
#   unit {'pos': 1026, 'blk': None}: om1 10 pos 0 st1 0 fail1 0 t4 0 t4only 0 t2only 0 rtfail 0 [0.1 s]
#   unit {'pos': 1027, 'blk': None}: om1 8 pos 0 st1 0 fail1 0 t4 0 t4only 0 t2only 0 rtfail 0 [0.1 s]
#   unit {'pos': 1028, 'blk': None}: om1 19 pos 0 st1 0 fail1 0 t4 0 t4only 0 t2only 0 rtfail 0 [0.1 s]
#   unit {'pos': 1030, 'blk': None}: om1 15 pos 0 st1 0 fail1 0 t4 0 t4only 0 t2only 0 rtfail 0 [0.1 s]
#   unit {'pos': 1029, 'blk': None}: om1 24 pos 0 st1 0 fail1 0 t4 0 t4only 0 t2only 0 rtfail 0 [0.1 s]
#   unit {'pos': 1031, 'blk': None}: om1 11 pos 0 st1 0 fail1 0 t4 0 t4only 0 t2only 0 rtfail 0 [0.1 s]
#   unit {'pos': 1032, 'blk': None}: om1 19 pos 0 st1 0 fail1 0 t4 0 t4only 0 t2only 0 rtfail 0 [0.1 s]
#   unit {'pos': 1033, 'blk': None}: om1 42 pos 1 st1 1 fail1 0 t4 1 t4only 0 t2only 0 rtfail 0 [0.1 s]
#   unit {'pos': 1034, 'blk': None}: om1 6 pos 0 st1 0 fail1 0 t4 0 t4only 0 t2only 0 rtfail 0 [0.1 s]
#   unit {'pos': 1035, 'blk': None}: om1 54 pos 0 st1 0 fail1 0 t4 0 t4only 0 t2only 0 rtfail 0 [0.0 s]
#   unit {'pos': 1036, 'blk': None}: om1 40 pos 0 st1 0 fail1 0 t4 0 t4only 0 t2only 0 rtfail 0 [0.1 s]
#   unit {'pos': 1037, 'blk': None}: om1 37 pos 2 st1 2 fail1 0 t4 2 t4only 0 t2only 0 rtfail 0 [0.1 s]
#   unit {'pos': 1038, 'blk': None}: om1 41 pos 1 st1 1 fail1 0 t4 1 t4only 0 t2only 0 rtfail 0 [0.1 s]
#   unit {'pos': 1039, 'blk': None}: om1 39 pos 1 st1 1 fail1 0 t4 1 t4only 0 t2only 0 rtfail 0 [0.1 s]
#   unit {'pos': 1040, 'blk': None}: om1 49 pos 2 st1 2 fail1 0 t4 1 t4only 0 t2only 0 rtfail 0 [0.1 s]
#   unit {'pos': 1042, 'blk': None}: om1 50 pos 8 st1 8 fail1 0 t4 8 t4only 0 t2only 0 rtfail 0 [0.1 s]
#   unit {'pos': 1041, 'blk': None}: om1 34 pos 2 st1 2 fail1 0 t4 2 t4only 0 t2only 0 rtfail 0 [0.1 s]
#   unit {'pos': 1043, 'blk': None}: om1 38 pos 0 st1 0 fail1 0 t4 0 t4only 0 t2only 0 rtfail 0 [0.1 s]
#   unit {'pos': 1044, 'blk': None}: om1 29 pos 0 st1 0 fail1 0 t4 0 t4only 0 t2only 0 rtfail 0 [0.0 s]
#   unit {'pos': 1045, 'blk': None}: om1 18 pos 4 st1 4 fail1 0 t4 4 t4only 0 t2only 0 rtfail 0 [0.1 s]
#   unit {'pos': 1046, 'blk': None}: om1 50 pos 0 st1 0 fail1 0 t4 0 t4only 0 t2only 0 rtfail 0 [0.1 s]
#   unit {'pos': 1047, 'blk': None}: om1 56 pos 0 st1 0 fail1 0 t4 0 t4only 0 t2only 0 rtfail 0 [0.1 s]
#   unit {'pos': 1048, 'blk': None}: om1 42 pos 0 st1 0 fail1 0 t4 0 t4only 0 t2only 0 rtfail 0 [0.1 s]
#   unit {'pos': 1049, 'blk': None}: om1 40 pos 0 st1 0 fail1 0 t4 0 t4only 0 t2only 0 rtfail 0 [0.1 s]
#   unit {'pos': 1050, 'blk': None}: om1 39 pos 0 st1 0 fail1 0 t4 0 t4only 0 t2only 0 rtfail 0 [0.1 s]
#   unit {'pos': 1051, 'blk': None}: om1 48 pos 0 st1 0 fail1 0 t4 0 t4only 0 t2only 0 rtfail 0 [0.1 s]
#   unit {'pos': 1052, 'blk': None}: om1 46 pos 0 st1 0 fail1 0 t4 0 t4only 0 t2only 0 rtfail 0 [0.0 s]
#   unit {'pos': 1053, 'blk': None}: om1 42 pos 0 st1 0 fail1 0 t4 0 t4only 0 t2only 0 rtfail 0 [0.1 s]
#   unit {'pos': 1054, 'blk': None}: om1 22 pos 0 st1 0 fail1 0 t4 0 t4only 0 t2only 0 rtfail 0 [0.1 s]
#   unit {'pos': 1055, 'blk': None}: om1 31 pos 0 st1 0 fail1 0 t4 0 t4only 0 t2only 0 rtfail 0 [0.1 s]
#   unit {'pos': 1056, 'blk': None}: om1 46 pos 0 st1 0 fail1 0 t4 0 t4only 0 t2only 0 rtfail 0 [0.1 s]
#   unit {'pos': 1057, 'blk': None}: om1 30 pos 1 st1 1 fail1 0 t4 1 t4only 0 t2only 0 rtfail 0 [0.1 s]
#   unit {'pos': 1058, 'blk': None}: om1 41 pos 0 st1 0 fail1 0 t4 0 t4only 0 t2only 0 rtfail 0 [0.1 s]
#   unit {'pos': 1059, 'blk': None}: om1 12 pos 0 st1 0 fail1 0 t4 0 t4only 0 t2only 0 rtfail 0 [0.1 s]
#   unit {'pos': 1060, 'blk': None}: om1 16 pos 1 st1 1 fail1 0 t4 1 t4only 0 t2only 0 rtfail 0 [0.1 s]
#   unit {'pos': 1061, 'blk': None}: om1 29 pos 0 st1 0 fail1 0 t4 0 t4only 0 t2only 0 rtfail 0 [0.1 s]
#   unit {'pos': 1062, 'blk': None}: om1 28 pos 0 st1 0 fail1 0 t4 0 t4only 0 t2only 0 rtfail 0 [0.1 s]
#   unit {'pos': 1063, 'blk': None}: om1 40 pos 0 st1 0 fail1 0 t4 0 t4only 0 t2only 0 rtfail 0 [0.0 s]
#   unit {'pos': 1064, 'blk': None}: om1 15 pos 0 st1 0 fail1 0 t4 0 t4only 0 t2only 0 rtfail 0 [0.1 s]
#   unit {'pos': 1065, 'blk': None}: om1 27 pos 0 st1 0 fail1 0 t4 0 t4only 0 t2only 0 rtfail 0 [0.1 s]
#   unit {'pos': 1066, 'blk': None}: om1 23 pos 0 st1 0 fail1 0 t4 0 t4only 0 t2only 0 rtfail 0 [0.1 s]
#   unit {'pos': 1067, 'blk': None}: om1 30 pos 0 st1 0 fail1 0 t4 0 t4only 0 t2only 0 rtfail 0 [0.1 s]
#   unit {'pos': 1068, 'blk': None}: om1 25 pos 0 st1 0 fail1 0 t4 0 t4only 0 t2only 0 rtfail 0 [0.1 s]
#   unit {'pos': 1069, 'blk': None}: om1 30 pos 0 st1 0 fail1 0 t4 0 t4only 0 t2only 0 rtfail 0 [0.1 s]
#   unit {'pos': 1070, 'blk': None}: om1 31 pos 1 st1 1 fail1 0 t4 1 t4only 0 t2only 0 rtfail 0 [0.1 s]
#   unit {'pos': 1071, 'blk': None}: om1 11 pos 0 st1 0 fail1 0 t4 0 t4only 0 t2only 0 rtfail 0 [0.1 s]
#   unit {'pos': 1072, 'blk': None}: om1 31 pos 0 st1 0 fail1 0 t4 0 t4only 0 t2only 0 rtfail 0 [0.1 s]
#   unit {'pos': 1073, 'blk': None}: om1 4 pos 0 st1 0 fail1 0 t4 0 t4only 0 t2only 0 rtfail 0 [0.1 s]
#   unit {'pos': 1074, 'blk': None}: om1 8 pos 0 st1 0 fail1 0 t4 0 t4only 0 t2only 0 rtfail 0 [0.1 s]
#   unit {'pos': 1076, 'blk': None}: om1 6 pos 0 st1 0 fail1 0 t4 0 t4only 0 t2only 0 rtfail 0 [0.1 s]
#   unit {'pos': 1078, 'blk': None}: om1 7 pos 0 st1 0 fail1 0 t4 0 t4only 0 t2only 0 rtfail 0 [0.1 s]
#   unit {'pos': 1077, 'blk': None}: om1 12 pos 1 st1 1 fail1 0 t4 0 t4only 0 t2only 0 rtfail 0 [0.1 s]
#   unit {'pos': 1079, 'blk': None}: om1 8 pos 0 st1 0 fail1 0 t4 0 t4only 0 t2only 0 rtfail 0 [0.1 s]
#   unit {'pos': 1075, 'blk': None}: om1 3 pos 0 st1 0 fail1 0 t4 0 t4only 0 t2only 0 rtfail 0 [0.1 s]
#   unit {'pos': 1080, 'blk': None}: om1 1 pos 0 st1 0 fail1 0 t4 0 t4only 0 t2only 0 rtfail 0 [0.1 s]
#   unit {'pos': 1081, 'blk': None}: om1 13 pos 0 st1 0 fail1 0 t4 0 t4only 0 t2only 0 rtfail 0 [0.1 s]
#   unit {'pos': 1082, 'blk': None}: om1 5 pos 0 st1 0 fail1 0 t4 0 t4only 0 t2only 0 rtfail 0 [0.1 s]
#   unit {'pos': 1083, 'blk': None}: om1 11 pos 0 st1 0 fail1 0 t4 0 t4only 0 t2only 0 rtfail 0 [0.1 s]
#   unit {'pos': 1084, 'blk': None}: om1 6 pos 1 st1 1 fail1 0 t4 0 t4only 0 t2only 0 rtfail 0 [0.1 s]
#   unit {'pos': 1086, 'blk': None}: om1 8 pos 0 st1 0 fail1 0 t4 0 t4only 0 t2only 0 rtfail 0 [0.1 s]
#   unit {'pos': 1085, 'blk': None}: om1 2 pos 0 st1 0 fail1 0 t4 0 t4only 0 t2only 0 rtfail 0 [0.1 s]
#   unit {'pos': 1087, 'blk': None}: om1 4 pos 0 st1 0 fail1 0 t4 0 t4only 0 t2only 0 rtfail 0 [0.1 s]
#   unit {'pos': 1088, 'blk': None}: om1 1 pos 0 st1 0 fail1 0 t4 0 t4only 0 t2only 0 rtfail 0 [0.1 s]
#   unit {'pos': 1089, 'blk': None}: om1 456 pos 12 st1 12 fail1 0 t4 12 t4only 0 t2only 0 rtfail 0 [0.1 s]
#   unit {'pos': 1090, 'blk': None}: om1 603 pos 0 st1 0 fail1 0 t4 0 t4only 0 t2only 0 rtfail 0 [0.1 s]
#   unit {'pos': 1091, 'blk': None}: om1 442 pos 0 st1 0 fail1 0 t4 0 t4only 0 t2only 0 rtfail 0 [0.1 s]
#   unit {'pos': 1092, 'blk': None}: om1 368 pos 0 st1 0 fail1 0 t4 0 t4only 0 t2only 0 rtfail 0 [0.1 s]
#   unit {'pos': 1093, 'blk': None}: om1 446 pos 0 st1 0 fail1 0 t4 0 t4only 0 t2only 0 rtfail 0 [0.1 s]
#   unit {'pos': 1094, 'blk': None}: om1 463 pos 0 st1 0 fail1 0 t4 0 t4only 0 t2only 0 rtfail 0 [0.1 s]
#   unit {'pos': 1097, 'blk': None}: om1 390 pos 0 st1 0 fail1 0 t4 0 t4only 0 t2only 0 rtfail 0 [0.1 s]
#   unit {'pos': 1095, 'blk': None}: om1 1260 pos 0 st1 0 fail1 0 t4 0 t4only 0 t2only 0 rtfail 0 [0.1 s]
#   unit {'pos': 1096, 'blk': None}: om1 972 pos 88 st1 88 fail1 0 t4 0 t4only 0 t2only 0 rtfail 0 [0.1 s]
#   unit {'pos': 1098, 'blk': None}: om1 492 pos 0 st1 0 fail1 0 t4 0 t4only 0 t2only 0 rtfail 0 [0.1 s]
#   unit {'pos': 1099, 'blk': None}: om1 356 pos 0 st1 0 fail1 0 t4 0 t4only 0 t2only 0 rtfail 0 [0.1 s]
#   unit {'pos': 1100, 'blk': None}: om1 334 pos 0 st1 0 fail1 0 t4 0 t4only 0 t2only 0 rtfail 0 [0.1 s]
#   unit {'pos': 1101, 'blk': None}: om1 524 pos 0 st1 0 fail1 0 t4 0 t4only 0 t2only 0 rtfail 0 [0.1 s]
#   unit {'pos': 1102, 'blk': None}: om1 416 pos 0 st1 0 fail1 0 t4 0 t4only 0 t2only 0 rtfail 0 [0.1 s]
#   unit {'pos': 1104, 'blk': None}: om1 481 pos 16 st1 16 fail1 0 t4 0 t4only 0 t2only 0 rtfail 0 [0.1 s]
#   unit {'pos': 1103, 'blk': None}: om1 482 pos 12 st1 12 fail1 0 t4 0 t4only 0 t2only 0 rtfail 0 [0.1 s]
#   unit {'pos': 1105, 'blk': None}: om1 329 pos 0 st1 0 fail1 0 t4 0 t4only 0 t2only 0 rtfail 0 [0.1 s]
#   unit {'pos': 1106, 'blk': None}: om1 336 pos 0 st1 0 fail1 0 t4 0 t4only 0 t2only 0 rtfail 0 [0.1 s]
#   unit {'pos': 1109, 'blk': None}: om1 226 pos 16 st1 16 fail1 0 t4 0 t4only 0 t2only 0 rtfail 0 [0.1 s]
#   unit {'pos': 1108, 'blk': None}: om1 502 pos 4 st1 4 fail1 0 t4 0 t4only 0 t2only 0 rtfail 0 [0.1 s]
#   unit {'pos': 1107, 'blk': None}: om1 416 pos 7 st1 7 fail1 0 t4 0 t4only 0 t2only 0 rtfail 0 [0.1 s]
#   unit {'pos': 1110, 'blk': None}: om1 248 pos 7 st1 7 fail1 0 t4 0 t4only 0 t2only 0 rtfail 0 [0.1 s]
#   unit {'pos': 1111, 'blk': None}: om1 215 pos 0 st1 0 fail1 0 t4 0 t4only 0 t2only 0 rtfail 0 [0.1 s]
#   unit {'pos': 1113, 'blk': None}: om1 200 pos 0 st1 0 fail1 0 t4 0 t4only 0 t2only 0 rtfail 0 [0.1 s]
#   unit {'pos': 1112, 'blk': None}: om1 421 pos 0 st1 0 fail1 0 t4 0 t4only 0 t2only 0 rtfail 0 [0.1 s]
#   unit {'pos': 1114, 'blk': None}: om1 436 pos 0 st1 0 fail1 0 t4 0 t4only 0 t2only 0 rtfail 0 [0.1 s]
#   unit {'pos': 1116, 'blk': None}: om1 212 pos 1 st1 1 fail1 0 t4 0 t4only 0 t2only 0 rtfail 0 [0.1 s]
#   unit {'pos': 1115, 'blk': None}: om1 142 pos 4 st1 4 fail1 0 t4 0 t4only 0 t2only 0 rtfail 0 [0.1 s]
#   unit {'pos': 1117, 'blk': None}: om1 231 pos 20 st1 20 fail1 0 t4 0 t4only 0 t2only 0 rtfail 0 [0.1 s]
#   unit {'pos': 1118, 'blk': None}: om1 253 pos 51 st1 51 fail1 0 t4 0 t4only 0 t2only 0 rtfail 0 [0.1 s]
#   unit {'pos': 1120, 'blk': None}: om1 90 pos 4 st1 4 fail1 0 t4 0 t4only 0 t2only 0 rtfail 0 [0.1 s]
#   unit {'pos': 1121, 'blk': None}: om1 87 pos 8 st1 8 fail1 0 t4 0 t4only 0 t2only 0 rtfail 0 [0.1 s]
#   unit {'pos': 1119, 'blk': None}: om1 131 pos 0 st1 0 fail1 0 t4 0 t4only 0 t2only 0 rtfail 0 [0.1 s]
#   unit {'pos': 1122, 'blk': None}: om1 86 pos 0 st1 0 fail1 0 t4 0 t4only 0 t2only 0 rtfail 0 [0.1 s]
#   unit {'pos': 1123, 'blk': None}: om1 86 pos 0 st1 0 fail1 0 t4 0 t4only 0 t2only 0 rtfail 0 [0.1 s]
#   unit {'pos': 1124, 'blk': None}: om1 52 pos 0 st1 0 fail1 0 t4 0 t4only 0 t2only 0 rtfail 0 [0.1 s]
#   unit {'pos': 1126, 'blk': None}: om1 147 pos 11 st1 11 fail1 0 t4 0 t4only 0 t2only 0 rtfail 0 [0.1 s]
#   unit {'pos': 1127, 'blk': None}: om1 203 pos 8 st1 8 fail1 0 t4 0 t4only 0 t2only 0 rtfail 0 [0.1 s]
#   unit {'pos': 1128, 'blk': None}: om1 163 pos 10 st1 10 fail1 0 t4 0 t4only 0 t2only 0 rtfail 0 [0.1 s]
#   unit {'pos': 1125, 'blk': None}: om1 759 pos 0 st1 0 fail1 0 t4 0 t4only 0 t2only 0 rtfail 0 [0.1 s]
#   unit {'pos': 1129, 'blk': None}: om1 171 pos 9 st1 9 fail1 0 t4 0 t4only 0 t2only 0 rtfail 0 [0.1 s]
#   unit {'pos': 1131, 'blk': None}: om1 140 pos 25 st1 25 fail1 0 t4 0 t4only 0 t2only 0 rtfail 0 [0.1 s]
#   unit {'pos': 1130, 'blk': None}: om1 248 pos 13 st1 13 fail1 0 t4 0 t4only 0 t2only 0 rtfail 0 [0.1 s]
#   unit {'pos': 1132, 'blk': None}: om1 122 pos 0 st1 0 fail1 0 t4 0 t4only 0 t2only 0 rtfail 0 [0.1 s]
#   unit {'pos': 1133, 'blk': None}: om1 110 pos 2 st1 2 fail1 0 t4 0 t4only 0 t2only 0 rtfail 0 [0.1 s]
#   unit {'pos': 1135, 'blk': None}: om1 66 pos 0 st1 0 fail1 0 t4 0 t4only 0 t2only 0 rtfail 0 [0.1 s]
#   unit {'pos': 1134, 'blk': None}: om1 163 pos 0 st1 0 fail1 0 t4 0 t4only 0 t2only 0 rtfail 0 [0.1 s]
#   unit {'pos': 1136, 'blk': None}: om1 132 pos 0 st1 0 fail1 0 t4 0 t4only 0 t2only 0 rtfail 0 [0.1 s]
#   unit {'pos': 1137, 'blk': None}: om1 71 pos 2 st1 2 fail1 0 t4 0 t4only 0 t2only 0 rtfail 0 [0.1 s]
#   unit {'pos': 1138, 'blk': None}: om1 80 pos 0 st1 0 fail1 0 t4 0 t4only 0 t2only 0 rtfail 0 [0.1 s]
#   unit {'pos': 1139, 'blk': None}: om1 73 pos 0 st1 0 fail1 0 t4 0 t4only 0 t2only 0 rtfail 0 [0.1 s]
#   unit {'pos': 1140, 'blk': None}: om1 62 pos 0 st1 0 fail1 0 t4 0 t4only 0 t2only 0 rtfail 0 [0.1 s]
#   unit {'pos': 1142, 'blk': None}: om1 68 pos 0 st1 0 fail1 0 t4 0 t4only 0 t2only 0 rtfail 0 [0.1 s]
#   unit {'pos': 1141, 'blk': None}: om1 86 pos 0 st1 0 fail1 0 t4 0 t4only 0 t2only 0 rtfail 0 [0.1 s]
#   unit {'pos': 1143, 'blk': None}: om1 37 pos 6 st1 6 fail1 0 t4 0 t4only 0 t2only 0 rtfail 0 [0.1 s]
#   unit {'pos': 1144, 'blk': None}: om1 132 pos 0 st1 0 fail1 0 t4 0 t4only 0 t2only 0 rtfail 0 [0.1 s]
#   unit {'pos': 1145, 'blk': None}: om1 81 pos 0 st1 0 fail1 0 t4 0 t4only 0 t2only 0 rtfail 0 [0.1 s]
#   unit {'pos': 1147, 'blk': None}: om1 143 pos 5 st1 5 fail1 0 t4 0 t4only 0 t2only 0 rtfail 0 [0.1 s]
#   unit {'pos': 1146, 'blk': None}: om1 87 pos 8 st1 8 fail1 0 t4 0 t4only 0 t2only 0 rtfail 0 [0.1 s]
#   unit {'pos': 1148, 'blk': None}: om1 141 pos 7 st1 7 fail1 0 t4 3 t4only 0 t2only 0 rtfail 0 [0.1 s]
#   unit {'pos': 1149, 'blk': None}: om1 198 pos 3 st1 3 fail1 0 t4 0 t4only 0 t2only 0 rtfail 0 [0.1 s]
#   unit {'pos': 1150, 'blk': None}: om1 177 pos 3 st1 3 fail1 0 t4 2 t4only 0 t2only 0 rtfail 0 [0.1 s]
#   unit {'pos': 1151, 'blk': None}: om1 171 pos 0 st1 0 fail1 0 t4 0 t4only 0 t2only 0 rtfail 0 [0.1 s]
#   unit {'pos': 1152, 'blk': None}: om1 160 pos 6 st1 6 fail1 0 t4 6 t4only 0 t2only 0 rtfail 0 [0.0 s]
#   unit {'pos': 1153, 'blk': None}: om1 130 pos 6 st1 6 fail1 0 t4 0 t4only 0 t2only 0 rtfail 0 [0.1 s]
#   unit {'pos': 1154, 'blk': None}: om1 146 pos 1 st1 1 fail1 0 t4 1 t4only 0 t2only 0 rtfail 0 [0.1 s]
#   unit {'pos': 1156, 'blk': None}: om1 151 pos 2 st1 2 fail1 0 t4 2 t4only 0 t2only 0 rtfail 0 [0.1 s]
#   unit {'pos': 1155, 'blk': None}: om1 184 pos 0 st1 0 fail1 0 t4 0 t4only 0 t2only 0 rtfail 0 [0.1 s]
#   unit {'pos': 1157, 'blk': None}: om1 144 pos 0 st1 0 fail1 0 t4 0 t4only 0 t2only 0 rtfail 0 [0.1 s]
#   unit {'pos': 1158, 'blk': None}: om1 162 pos 0 st1 0 fail1 0 t4 0 t4only 0 t2only 0 rtfail 0 [0.1 s]
#   unit {'pos': 1159, 'blk': None}: om1 84 pos 0 st1 0 fail1 0 t4 0 t4only 0 t2only 0 rtfail 0 [0.1 s]
#   unit {'pos': 1160, 'blk': None}: om1 138 pos 0 st1 0 fail1 0 t4 0 t4only 0 t2only 0 rtfail 0 [0.1 s]
#   unit {'pos': 1161, 'blk': None}: om1 169 pos 0 st1 0 fail1 0 t4 0 t4only 0 t2only 0 rtfail 0 [0.1 s]
#   unit {'pos': 1162, 'blk': None}: om1 70 pos 2 st1 2 fail1 0 t4 2 t4only 0 t2only 0 rtfail 0 [0.1 s]
#   unit {'pos': 1163, 'blk': None}: om1 69 pos 0 st1 0 fail1 0 t4 0 t4only 0 t2only 0 rtfail 0 [0.1 s]
#   unit {'pos': 1164, 'blk': None}: om1 84 pos 0 st1 0 fail1 0 t4 0 t4only 0 t2only 0 rtfail 0 [0.1 s]
#   unit {'pos': 1166, 'blk': None}: om1 101 pos 3 st1 3 fail1 0 t4 3 t4only 0 t2only 0 rtfail 0 [0.1 s]
#   unit {'pos': 1167, 'blk': None}: om1 37 pos 0 st1 0 fail1 0 t4 0 t4only 0 t2only 0 rtfail 0 [0.1 s]
#   unit {'pos': 1168, 'blk': None}: om1 96 pos 0 st1 0 fail1 0 t4 0 t4only 0 t2only 0 rtfail 0 [0.1 s]
#   unit {'pos': 1165, 'blk': None}: om1 58 pos 0 st1 0 fail1 0 t4 0 t4only 0 t2only 0 rtfail 0 [0.1 s]
#   unit {'pos': 1169, 'blk': None}: om1 54 pos 0 st1 0 fail1 0 t4 0 t4only 0 t2only 0 rtfail 0 [0.1 s]
#   unit {'pos': 1170, 'blk': None}: om1 24 pos 0 st1 0 fail1 0 t4 0 t4only 0 t2only 0 rtfail 0 [0.1 s]
#   unit {'pos': 1171, 'blk': None}: om1 80 pos 0 st1 0 fail1 0 t4 0 t4only 0 t2only 0 rtfail 0 [0.1 s]
#   unit {'pos': 1173, 'blk': None}: om1 82 pos 0 st1 0 fail1 0 t4 0 t4only 0 t2only 0 rtfail 0 [0.1 s]
#   unit {'pos': 1172, 'blk': None}: om1 77 pos 1 st1 1 fail1 0 t4 1 t4only 0 t2only 0 rtfail 0 [0.1 s]
#   unit {'pos': 1174, 'blk': None}: om1 60 pos 0 st1 0 fail1 0 t4 0 t4only 0 t2only 0 rtfail 0 [0.1 s]
#   unit {'pos': 1175, 'blk': None}: om1 45 pos 0 st1 0 fail1 0 t4 0 t4only 0 t2only 0 rtfail 0 [0.1 s]
#   unit {'pos': 1176, 'blk': None}: om1 111 pos 0 st1 0 fail1 0 t4 0 t4only 0 t2only 0 rtfail 0 [0.1 s]
#   unit {'pos': 1177, 'blk': None}: om1 118 pos 0 st1 0 fail1 0 t4 0 t4only 0 t2only 0 rtfail 0 [0.1 s]
#   unit {'pos': 1178, 'blk': None}: om1 84 pos 0 st1 0 fail1 0 t4 0 t4only 0 t2only 0 rtfail 0 [0.1 s]
#   unit {'pos': 1179, 'blk': None}: om1 44 pos 0 st1 0 fail1 0 t4 0 t4only 0 t2only 0 rtfail 0 [0.1 s]
#   unit {'pos': 1180, 'blk': None}: om1 100 pos 0 st1 0 fail1 0 t4 0 t4only 0 t2only 0 rtfail 0 [0.1 s]
#   unit {'pos': 1182, 'blk': None}: om1 98 pos 0 st1 0 fail1 0 t4 0 t4only 0 t2only 0 rtfail 0 [0.1 s]
#   unit {'pos': 1181, 'blk': None}: om1 97 pos 0 st1 0 fail1 0 t4 0 t4only 0 t2only 0 rtfail 0 [0.1 s]
#   unit {'pos': 1183, 'blk': None}: om1 124 pos 5 st1 5 fail1 0 t4 0 t4only 0 t2only 0 rtfail 0 [0.1 s]
#   unit {'pos': 1184, 'blk': None}: om1 112 pos 0 st1 0 fail1 0 t4 0 t4only 0 t2only 0 rtfail 0 [0.1 s]
#   unit {'pos': 1185, 'blk': None}: om1 31 pos 0 st1 0 fail1 0 t4 0 t4only 0 t2only 0 rtfail 0 [0.1 s]
#   unit {'pos': 1186, 'blk': None}: om1 46 pos 0 st1 0 fail1 0 t4 0 t4only 0 t2only 0 rtfail 0 [0.1 s]
#   unit {'pos': 1189, 'blk': None}: om1 155 pos 0 st1 0 fail1 0 t4 0 t4only 0 t2only 0 rtfail 0 [0.1 s]
#   unit {'pos': 1188, 'blk': None}: om1 249 pos 16 st1 16 fail1 0 t4 0 t4only 0 t2only 0 rtfail 0 [0.1 s]
#   unit {'pos': 1187, 'blk': None}: om1 210 pos 37 st1 37 fail1 0 t4 0 t4only 0 t2only 0 rtfail 0 [0.1 s]
#   unit {'pos': 1190, 'blk': None}: om1 159 pos 0 st1 0 fail1 0 t4 0 t4only 0 t2only 0 rtfail 0 [0.1 s]
#   unit {'pos': 1191, 'blk': None}: om1 153 pos 0 st1 0 fail1 0 t4 0 t4only 0 t2only 0 rtfail 0 [0.1 s]
#   unit {'pos': 1192, 'blk': None}: om1 157 pos 0 st1 0 fail1 0 t4 0 t4only 0 t2only 0 rtfail 0 [0.1 s]
#   unit {'pos': 1193, 'blk': None}: om1 227 pos 28 st1 28 fail1 0 t4 22 t4only 0 t2only 0 rtfail 0 [0.1 s]
#   unit {'pos': 1194, 'blk': None}: om1 164 pos 12 st1 12 fail1 0 t4 10 t4only 0 t2only 0 rtfail 0 [0.1 s]
#   unit {'pos': 1196, 'blk': None}: om1 159 pos 0 st1 0 fail1 0 t4 0 t4only 0 t2only 0 rtfail 0 [0.1 s]
#   unit {'pos': 1195, 'blk': None}: om1 201 pos 18 st1 18 fail1 0 t4 16 t4only 0 t2only 0 rtfail 0 [0.1 s]
#   unit {'pos': 1198, 'blk': None}: om1 163 pos 0 st1 0 fail1 0 t4 0 t4only 0 t2only 0 rtfail 0 [0.1 s]
#   unit {'pos': 1197, 'blk': None}: om1 193 pos 1 st1 1 fail1 0 t4 1 t4only 0 t2only 0 rtfail 0 [0.1 s]
#   unit {'pos': 1199, 'blk': None}: om1 124 pos 0 st1 0 fail1 0 t4 0 t4only 0 t2only 0 rtfail 0 [0.1 s]
#   unit {'pos': 1200, 'blk': None}: om1 174 pos 0 st1 0 fail1 0 t4 0 t4only 0 t2only 0 rtfail 0 [0.1 s]
#   unit {'pos': 1201, 'blk': None}: om1 132 pos 0 st1 0 fail1 0 t4 0 t4only 0 t2only 0 rtfail 0 [0.1 s]
#   unit {'pos': 1202, 'blk': None}: om1 92 pos 0 st1 0 fail1 0 t4 0 t4only 0 t2only 0 rtfail 0 [0.1 s]
#   unit {'pos': 1203, 'blk': None}: om1 127 pos 2 st1 2 fail1 0 t4 1 t4only 0 t2only 0 rtfail 0 [0.1 s]
#   unit {'pos': 1205, 'blk': None}: om1 70 pos 0 st1 0 fail1 0 t4 0 t4only 0 t2only 0 rtfail 0 [0.1 s]
#   unit {'pos': 1204, 'blk': None}: om1 207 pos 0 st1 0 fail1 0 t4 0 t4only 0 t2only 0 rtfail 0 [0.1 s]
#   unit {'pos': 1206, 'blk': None}: om1 109 pos 0 st1 0 fail1 0 t4 0 t4only 0 t2only 0 rtfail 0 [0.1 s]
#   unit {'pos': 1207, 'blk': None}: om1 191 pos 15 st1 15 fail1 0 t4 1 t4only 0 t2only 0 rtfail 0 [0.1 s]
#   unit {'pos': 1209, 'blk': None}: om1 131 pos 4 st1 4 fail1 0 t4 4 t4only 0 t2only 0 rtfail 0 [0.1 s]
#   unit {'pos': 1208, 'blk': None}: om1 130 pos 3 st1 3 fail1 0 t4 2 t4only 0 t2only 0 rtfail 0 [0.1 s]
#   unit {'pos': 1210, 'blk': None}: om1 90 pos 3 st1 3 fail1 0 t4 2 t4only 0 t2only 0 rtfail 0 [0.1 s]
#   unit {'pos': 1211, 'blk': None}: om1 166 pos 10 st1 10 fail1 0 t4 2 t4only 0 t2only 0 rtfail 0 [0.1 s]
#   unit {'pos': 1212, 'blk': None}: om1 64 pos 4 st1 4 fail1 0 t4 4 t4only 0 t2only 0 rtfail 0 [0.1 s]
#   unit {'pos': 1213, 'blk': None}: om1 79 pos 1 st1 1 fail1 0 t4 1 t4only 0 t2only 0 rtfail 0 [0.1 s]
#   unit {'pos': 1214, 'blk': None}: om1 186 pos 0 st1 0 fail1 0 t4 0 t4only 0 t2only 0 rtfail 0 [0.1 s]
#   unit {'pos': 1215, 'blk': None}: om1 121 pos 2 st1 2 fail1 0 t4 2 t4only 0 t2only 0 rtfail 0 [0.1 s]
#   unit {'pos': 1216, 'blk': None}: om1 75 pos 0 st1 0 fail1 0 t4 0 t4only 0 t2only 0 rtfail 0 [0.1 s]
#   unit {'pos': 1217, 'blk': None}: om1 80 pos 11 st1 11 fail1 0 t4 0 t4only 0 t2only 0 rtfail 0 [0.1 s]
#   unit {'pos': 1218, 'blk': None}: om1 83 pos 6 st1 6 fail1 0 t4 0 t4only 0 t2only 0 rtfail 0 [0.1 s]
#   unit {'pos': 1220, 'blk': None}: om1 172 pos 0 st1 0 fail1 0 t4 0 t4only 0 t2only 0 rtfail 0 [0.1 s]
#   unit {'pos': 1219, 'blk': None}: om1 152 pos 0 st1 0 fail1 0 t4 0 t4only 0 t2only 0 rtfail 0 [0.1 s]
#   unit {'pos': 1222, 'blk': None}: om1 91 pos 1 st1 1 fail1 0 t4 1 t4only 0 t2only 0 rtfail 0 [0.1 s]
#   unit {'pos': 1221, 'blk': None}: om1 122 pos 1 st1 1 fail1 0 t4 0 t4only 0 t2only 0 rtfail 0 [0.1 s]
#   unit {'pos': 1224, 'blk': None}: om1 95 pos 0 st1 0 fail1 0 t4 0 t4only 0 t2only 0 rtfail 0 [0.1 s]
#   unit {'pos': 1223, 'blk': None}: om1 97 pos 0 st1 0 fail1 0 t4 0 t4only 0 t2only 0 rtfail 0 [0.1 s]
#   unit {'pos': 1225, 'blk': None}: om1 102 pos 0 st1 0 fail1 0 t4 0 t4only 0 t2only 0 rtfail 0 [0.1 s]
#   unit {'pos': 1226, 'blk': None}: om1 95 pos 2 st1 2 fail1 0 t4 2 t4only 0 t2only 0 rtfail 0 [0.1 s]
#   unit {'pos': 1228, 'blk': None}: om1 84 pos 0 st1 0 fail1 0 t4 0 t4only 0 t2only 0 rtfail 0 [0.1 s]
#   unit {'pos': 1227, 'blk': None}: om1 144 pos 3 st1 3 fail1 0 t4 2 t4only 0 t2only 0 rtfail 0 [0.1 s]
#   unit {'pos': 1229, 'blk': None}: om1 150 pos 6 st1 6 fail1 0 t4 0 t4only 0 t2only 0 rtfail 0 [0.1 s]
#   unit {'pos': 1230, 'blk': None}: om1 95 pos 0 st1 0 fail1 0 t4 0 t4only 0 t2only 0 rtfail 0 [0.1 s]
#   unit {'pos': 1231, 'blk': None}: om1 77 pos 0 st1 0 fail1 0 t4 0 t4only 0 t2only 0 rtfail 0 [0.1 s]
#   unit {'pos': 1232, 'blk': None}: om1 51 pos 5 st1 5 fail1 0 t4 0 t4only 0 t2only 0 rtfail 0 [0.1 s]
#   unit {'pos': 1234, 'blk': None}: om1 147 pos 0 st1 0 fail1 0 t4 0 t4only 0 t2only 0 rtfail 0 [0.1 s]
#   unit {'pos': 1235, 'blk': None}: om1 89 pos 0 st1 0 fail1 0 t4 0 t4only 0 t2only 0 rtfail 0 [0.1 s]
#   unit {'pos': 1233, 'blk': None}: om1 150 pos 0 st1 0 fail1 0 t4 0 t4only 0 t2only 0 rtfail 0 [0.1 s]
#   unit {'pos': 1236, 'blk': None}: om1 44 pos 0 st1 0 fail1 0 t4 0 t4only 0 t2only 0 rtfail 0 [0.1 s]
#   unit {'pos': 1238, 'blk': None}: om1 89 pos 0 st1 0 fail1 0 t4 0 t4only 0 t2only 0 rtfail 0 [0.1 s]
#   unit {'pos': 1239, 'blk': None}: om1 158 pos 2 st1 2 fail1 0 t4 1 t4only 0 t2only 0 rtfail 0 [0.1 s]
#   unit {'pos': 1240, 'blk': None}: om1 122 pos 2 st1 2 fail1 0 t4 1 t4only 0 t2only 0 rtfail 0 [0.1 s]
#   unit {'pos': 1237, 'blk': None}: om1 160 pos 2 st1 2 fail1 0 t4 2 t4only 0 t2only 0 rtfail 0 [0.1 s]
#   unit {'pos': 1241, 'blk': None}: om1 51 pos 1 st1 1 fail1 0 t4 1 t4only 0 t2only 0 rtfail 0 [0.1 s]
#   unit {'pos': 1242, 'blk': None}: om1 59 pos 0 st1 0 fail1 0 t4 0 t4only 0 t2only 0 rtfail 0 [0.1 s]
#   unit {'pos': 1243, 'blk': None}: om1 164 pos 3 st1 3 fail1 0 t4 2 t4only 0 t2only 0 rtfail 0 [0.1 s]
#   unit {'pos': 1244, 'blk': None}: om1 129 pos 1 st1 1 fail1 0 t4 1 t4only 0 t2only 0 rtfail 0 [0.1 s]
#   unit {'pos': 1245, 'blk': None}: om1 107 pos 4 st1 4 fail1 0 t4 3 t4only 0 t2only 0 rtfail 0 [0.1 s]
#   unit {'pos': 1247, 'blk': None}: om1 64 pos 6 st1 6 fail1 0 t4 0 t4only 0 t2only 0 rtfail 0 [0.1 s]
#   unit {'pos': 1246, 'blk': None}: om1 44 pos 0 st1 0 fail1 0 t4 0 t4only 0 t2only 0 rtfail 0 [0.1 s]
#   unit {'pos': 1248, 'blk': None}: om1 45 pos 1 st1 1 fail1 0 t4 1 t4only 0 t2only 0 rtfail 0 [0.1 s]
#   unit {'pos': 1249, 'blk': None}: om1 56 pos 0 st1 0 fail1 0 t4 0 t4only 0 t2only 0 rtfail 0 [0.1 s]
#   unit {'pos': 1250, 'blk': None}: om1 50 pos 0 st1 0 fail1 0 t4 0 t4only 0 t2only 0 rtfail 0 [0.1 s]
#   unit {'pos': 1251, 'blk': None}: om1 63 pos 0 st1 0 fail1 0 t4 0 t4only 0 t2only 0 rtfail 0 [0.1 s]
#   unit {'pos': 1252, 'blk': None}: om1 54 pos 1 st1 1 fail1 0 t4 0 t4only 0 t2only 0 rtfail 0 [0.1 s]
#   unit {'pos': 1253, 'blk': None}: om1 41 pos 1 st1 1 fail1 0 t4 1 t4only 0 t2only 0 rtfail 0 [0.1 s]
#   unit {'pos': 1255, 'blk': None}: om1 48 pos 0 st1 0 fail1 0 t4 0 t4only 0 t2only 0 rtfail 0 [0.1 s]
#   unit {'pos': 1254, 'blk': None}: om1 63 pos 0 st1 0 fail1 0 t4 0 t4only 0 t2only 0 rtfail 0 [0.1 s]
#   unit {'pos': 1257, 'blk': None}: om1 60 pos 1 st1 1 fail1 0 t4 1 t4only 0 t2only 0 rtfail 0 [0.1 s]
#   unit {'pos': 1256, 'blk': None}: om1 68 pos 2 st1 2 fail1 0 t4 1 t4only 0 t2only 0 rtfail 0 [0.1 s]
