# command: python3 k4/dlrt4_run.py certs results/k4_certs_5_n4_4.json.gz --sample=16000 --seed=2 --bt=all --jobs=4 --ckpt=results/k4_rt4/ckpt_n5b_4bt.jsonl --dump=results/k4_rt4/dump_n5b_4bt.jsonl.gz --tables=results/k4_rt4/tables_n5b_4bt.json --progress
# dlrt4.c sha256 fcde494a3161279d47a7b80e614f69c58894ebc7b40d00e461f677b8810d7cae
# k4_certs_5_n4_4.json.gz: cores 0..9845, 9846 units to run, 0 from the checkpoint; 16000 random profiles per unit, seed 2; big-top restriction all
#   unit {'pos': 0, 'blk': None}: om1 0 pos 0 st1 0 fail1 0 t4 0 t4only 0 t2only 0 rtfail 0 [0.8 s]
#   unit {'pos': 2, 'blk': None}: om1 0 pos 0 st1 0 fail1 0 t4 0 t4only 0 t2only 0 rtfail 0 [0.8 s]
#   unit {'pos': 1, 'blk': None}: om1 0 pos 0 st1 0 fail1 0 t4 0 t4only 0 t2only 0 rtfail 0 [0.8 s]
#   unit {'pos': 3, 'blk': None}: om1 0 pos 0 st1 0 fail1 0 t4 0 t4only 0 t2only 0 rtfail 0 [0.8 s]
#   unit {'pos': 4, 'blk': None}: om1 0 pos 0 st1 0 fail1 0 t4 0 t4only 0 t2only 0 rtfail 0 [0.1 s]
#   unit {'pos': 5, 'blk': None}: om1 0 pos 0 st1 0 fail1 0 t4 0 t4only 0 t2only 0 rtfail 0 [0.1 s]
#   unit {'pos': 6, 'blk': None}: om1 0 pos 0 st1 0 fail1 0 t4 0 t4only 0 t2only 0 rtfail 0 [0.1 s]
#   unit {'pos': 7, 'blk': None}: om1 0 pos 0 st1 0 fail1 0 t4 0 t4only 0 t2only 0 rtfail 0 [0.1 s]
#   unit {'pos': 8, 'blk': None}: om1 0 pos 0 st1 0 fail1 0 t4 0 t4only 0 t2only 0 rtfail 0 [0.1 s]
#   unit {'pos': 9, 'blk': None}: om1 0 pos 0 st1 0 fail1 0 t4 0 t4only 0 t2only 0 rtfail 0 [0.1 s]
#   unit {'pos': 10, 'blk': None}: om1 0 pos 0 st1 0 fail1 0 t4 0 t4only 0 t2only 0 rtfail 0 [0.1 s]
#   unit {'pos': 11, 'blk': None}: om1 0 pos 0 st1 0 fail1 0 t4 0 t4only 0 t2only 0 rtfail 0 [0.1 s]
#   unit {'pos': 12, 'blk': None}: om1 0 pos 0 st1 0 fail1 0 t4 0 t4only 0 t2only 0 rtfail 0 [0.1 s]
#   unit {'pos': 13, 'blk': None}: om1 0 pos 0 st1 0 fail1 0 t4 0 t4only 0 t2only 0 rtfail 0 [0.1 s]
#   unit {'pos': 14, 'blk': None}: om1 0 pos 0 st1 0 fail1 0 t4 0 t4only 0 t2only 0 rtfail 0 [0.1 s]
#   unit {'pos': 15, 'blk': None}: om1 0 pos 0 st1 0 fail1 0 t4 0 t4only 0 t2only 0 rtfail 0 [0.1 s]
#   unit {'pos': 16, 'blk': None}: om1 0 pos 0 st1 0 fail1 0 t4 0 t4only 0 t2only 0 rtfail 0 [0.1 s]
#   unit {'pos': 17, 'blk': None}: om1 0 pos 0 st1 0 fail1 0 t4 0 t4only 0 t2only 0 rtfail 0 [0.1 s]
#   unit {'pos': 19, 'blk': None}: om1 0 pos 0 st1 0 fail1 0 t4 0 t4only 0 t2only 0 rtfail 0 [0.1 s]
#   unit {'pos': 18, 'blk': None}: om1 0 pos 0 st1 0 fail1 0 t4 0 t4only 0 t2only 0 rtfail 0 [0.1 s]
#   unit {'pos': 20, 'blk': None}: om1 0 pos 0 st1 0 fail1 0 t4 0 t4only 0 t2only 0 rtfail 0 [0.1 s]
#   unit {'pos': 22, 'blk': None}: om1 0 pos 0 st1 0 fail1 0 t4 0 t4only 0 t2only 0 rtfail 0 [0.1 s]
#   unit {'pos': 21, 'blk': None}: om1 0 pos 0 st1 0 fail1 0 t4 0 t4only 0 t2only 0 rtfail 0 [0.1 s]
#   unit {'pos': 23, 'blk': None}: om1 0 pos 0 st1 0 fail1 0 t4 0 t4only 0 t2only 0 rtfail 0 [0.1 s]
#   unit {'pos': 25, 'blk': None}: om1 0 pos 0 st1 0 fail1 0 t4 0 t4only 0 t2only 0 rtfail 0 [0.1 s]
#   unit {'pos': 24, 'blk': None}: om1 0 pos 0 st1 0 fail1 0 t4 0 t4only 0 t2only 0 rtfail 0 [0.1 s]
#   unit {'pos': 26, 'blk': None}: om1 0 pos 0 st1 0 fail1 0 t4 0 t4only 0 t2only 0 rtfail 0 [0.1 s]
#   unit {'pos': 27, 'blk': None}: om1 0 pos 0 st1 0 fail1 0 t4 0 t4only 0 t2only 0 rtfail 0 [0.1 s]
#   unit {'pos': 29, 'blk': None}: om1 0 pos 0 st1 0 fail1 0 t4 0 t4only 0 t2only 0 rtfail 0 [0.1 s]
#   unit {'pos': 28, 'blk': None}: om1 0 pos 0 st1 0 fail1 0 t4 0 t4only 0 t2only 0 rtfail 0 [0.1 s]
#   unit {'pos': 30, 'blk': None}: om1 0 pos 0 st1 0 fail1 0 t4 0 t4only 0 t2only 0 rtfail 0 [0.1 s]
#   unit {'pos': 31, 'blk': None}: om1 0 pos 0 st1 0 fail1 0 t4 0 t4only 0 t2only 0 rtfail 0 [0.1 s]
#   unit {'pos': 32, 'blk': None}: om1 0 pos 0 st1 0 fail1 0 t4 0 t4only 0 t2only 0 rtfail 0 [0.1 s]
#   unit {'pos': 33, 'blk': None}: om1 0 pos 0 st1 0 fail1 0 t4 0 t4only 0 t2only 0 rtfail 0 [0.1 s]
#   unit {'pos': 35, 'blk': None}: om1 0 pos 0 st1 0 fail1 0 t4 0 t4only 0 t2only 0 rtfail 0 [0.1 s]
#   unit {'pos': 34, 'blk': None}: om1 0 pos 0 st1 0 fail1 0 t4 0 t4only 0 t2only 0 rtfail 0 [0.1 s]
#   unit {'pos': 36, 'blk': None}: om1 0 pos 0 st1 0 fail1 0 t4 0 t4only 0 t2only 0 rtfail 0 [0.1 s]
#   unit {'pos': 37, 'blk': None}: om1 0 pos 0 st1 0 fail1 0 t4 0 t4only 0 t2only 0 rtfail 0 [0.1 s]
#   unit {'pos': 38, 'blk': None}: om1 0 pos 0 st1 0 fail1 0 t4 0 t4only 0 t2only 0 rtfail 0 [0.1 s]
#   unit {'pos': 39, 'blk': None}: om1 0 pos 0 st1 0 fail1 0 t4 0 t4only 0 t2only 0 rtfail 0 [0.1 s]
#   unit {'pos': 40, 'blk': None}: om1 0 pos 0 st1 0 fail1 0 t4 0 t4only 0 t2only 0 rtfail 0 [0.1 s]
#   unit {'pos': 41, 'blk': None}: om1 0 pos 0 st1 0 fail1 0 t4 0 t4only 0 t2only 0 rtfail 0 [0.1 s]
#   unit {'pos': 42, 'blk': None}: om1 0 pos 0 st1 0 fail1 0 t4 0 t4only 0 t2only 0 rtfail 0 [0.1 s]
#   unit {'pos': 43, 'blk': None}: om1 0 pos 0 st1 0 fail1 0 t4 0 t4only 0 t2only 0 rtfail 0 [0.1 s]
#   unit {'pos': 44, 'blk': None}: om1 0 pos 0 st1 0 fail1 0 t4 0 t4only 0 t2only 0 rtfail 0 [0.1 s]
#   unit {'pos': 45, 'blk': None}: om1 0 pos 0 st1 0 fail1 0 t4 0 t4only 0 t2only 0 rtfail 0 [0.1 s]
#   unit {'pos': 47, 'blk': None}: om1 0 pos 0 st1 0 fail1 0 t4 0 t4only 0 t2only 0 rtfail 0 [0.1 s]
#   unit {'pos': 48, 'blk': None}: om1 0 pos 0 st1 0 fail1 0 t4 0 t4only 0 t2only 0 rtfail 0 [0.1 s]
#   unit {'pos': 49, 'blk': None}: om1 0 pos 0 st1 0 fail1 0 t4 0 t4only 0 t2only 0 rtfail 0 [0.1 s]
#   unit {'pos': 46, 'blk': None}: om1 0 pos 0 st1 0 fail1 0 t4 0 t4only 0 t2only 0 rtfail 0 [0.1 s]
#   unit {'pos': 51, 'blk': None}: om1 0 pos 0 st1 0 fail1 0 t4 0 t4only 0 t2only 0 rtfail 0 [0.1 s]
#   unit {'pos': 50, 'blk': None}: om1 0 pos 0 st1 0 fail1 0 t4 0 t4only 0 t2only 0 rtfail 0 [0.1 s]
#   unit {'pos': 52, 'blk': None}: om1 0 pos 0 st1 0 fail1 0 t4 0 t4only 0 t2only 0 rtfail 0 [0.1 s]
#   unit {'pos': 53, 'blk': None}: om1 0 pos 0 st1 0 fail1 0 t4 0 t4only 0 t2only 0 rtfail 0 [0.1 s]
#   unit {'pos': 54, 'blk': None}: om1 0 pos 0 st1 0 fail1 0 t4 0 t4only 0 t2only 0 rtfail 0 [0.1 s]
#   unit {'pos': 55, 'blk': None}: om1 0 pos 0 st1 0 fail1 0 t4 0 t4only 0 t2only 0 rtfail 0 [0.1 s]
#   unit {'pos': 56, 'blk': None}: om1 0 pos 0 st1 0 fail1 0 t4 0 t4only 0 t2only 0 rtfail 0 [0.1 s]
#   unit {'pos': 58, 'blk': None}: om1 0 pos 0 st1 0 fail1 0 t4 0 t4only 0 t2only 0 rtfail 0 [0.1 s]
#   unit {'pos': 57, 'blk': None}: om1 0 pos 0 st1 0 fail1 0 t4 0 t4only 0 t2only 0 rtfail 0 [0.1 s]
#   unit {'pos': 59, 'blk': None}: om1 0 pos 0 st1 0 fail1 0 t4 0 t4only 0 t2only 0 rtfail 0 [0.1 s]
#   unit {'pos': 60, 'blk': None}: om1 0 pos 0 st1 0 fail1 0 t4 0 t4only 0 t2only 0 rtfail 0 [0.1 s]
#   unit {'pos': 61, 'blk': None}: om1 0 pos 0 st1 0 fail1 0 t4 0 t4only 0 t2only 0 rtfail 0 [0.1 s]
#   unit {'pos': 62, 'blk': None}: om1 0 pos 0 st1 0 fail1 0 t4 0 t4only 0 t2only 0 rtfail 0 [0.1 s]
#   unit {'pos': 63, 'blk': None}: om1 0 pos 0 st1 0 fail1 0 t4 0 t4only 0 t2only 0 rtfail 0 [0.1 s]
#   unit {'pos': 64, 'blk': None}: om1 0 pos 0 st1 0 fail1 0 t4 0 t4only 0 t2only 0 rtfail 0 [0.1 s]
#   unit {'pos': 65, 'blk': None}: om1 0 pos 0 st1 0 fail1 0 t4 0 t4only 0 t2only 0 rtfail 0 [0.1 s]
#   unit {'pos': 66, 'blk': None}: om1 0 pos 0 st1 0 fail1 0 t4 0 t4only 0 t2only 0 rtfail 0 [0.1 s]
#   unit {'pos': 68, 'blk': None}: om1 0 pos 0 st1 0 fail1 0 t4 0 t4only 0 t2only 0 rtfail 0 [0.1 s]
#   unit {'pos': 67, 'blk': None}: om1 0 pos 0 st1 0 fail1 0 t4 0 t4only 0 t2only 0 rtfail 0 [0.1 s]
#   unit {'pos': 69, 'blk': None}: om1 0 pos 0 st1 0 fail1 0 t4 0 t4only 0 t2only 0 rtfail 0 [0.1 s]
#   unit {'pos': 70, 'blk': None}: om1 0 pos 0 st1 0 fail1 0 t4 0 t4only 0 t2only 0 rtfail 0 [0.1 s]
#   unit {'pos': 71, 'blk': None}: om1 0 pos 0 st1 0 fail1 0 t4 0 t4only 0 t2only 0 rtfail 0 [0.1 s]
#   unit {'pos': 72, 'blk': None}: om1 0 pos 0 st1 0 fail1 0 t4 0 t4only 0 t2only 0 rtfail 0 [0.1 s]
#   unit {'pos': 73, 'blk': None}: om1 0 pos 0 st1 0 fail1 0 t4 0 t4only 0 t2only 0 rtfail 0 [0.1 s]
#   unit {'pos': 76, 'blk': None}: om1 0 pos 0 st1 0 fail1 0 t4 0 t4only 0 t2only 0 rtfail 0 [0.1 s]
#   unit {'pos': 74, 'blk': None}: om1 0 pos 0 st1 0 fail1 0 t4 0 t4only 0 t2only 0 rtfail 0 [0.1 s]
#   unit {'pos': 75, 'blk': None}: om1 0 pos 0 st1 0 fail1 0 t4 0 t4only 0 t2only 0 rtfail 0 [0.1 s]
#   unit {'pos': 77, 'blk': None}: om1 0 pos 0 st1 0 fail1 0 t4 0 t4only 0 t2only 0 rtfail 0 [0.1 s]
#   unit {'pos': 78, 'blk': None}: om1 0 pos 0 st1 0 fail1 0 t4 0 t4only 0 t2only 0 rtfail 0 [0.1 s]
#   unit {'pos': 79, 'blk': None}: om1 0 pos 0 st1 0 fail1 0 t4 0 t4only 0 t2only 0 rtfail 0 [0.1 s]
#   unit {'pos': 80, 'blk': None}: om1 0 pos 0 st1 0 fail1 0 t4 0 t4only 0 t2only 0 rtfail 0 [0.1 s]
#   unit {'pos': 81, 'blk': None}: om1 0 pos 0 st1 0 fail1 0 t4 0 t4only 0 t2only 0 rtfail 0 [0.1 s]
#   unit {'pos': 84, 'blk': None}: om1 0 pos 0 st1 0 fail1 0 t4 0 t4only 0 t2only 0 rtfail 0 [0.1 s]
#   unit {'pos': 83, 'blk': None}: om1 0 pos 0 st1 0 fail1 0 t4 0 t4only 0 t2only 0 rtfail 0 [0.1 s]
#   unit {'pos': 82, 'blk': None}: om1 0 pos 0 st1 0 fail1 0 t4 0 t4only 0 t2only 0 rtfail 0 [0.1 s]
#   unit {'pos': 85, 'blk': None}: om1 0 pos 0 st1 0 fail1 0 t4 0 t4only 0 t2only 0 rtfail 0 [0.1 s]
#   unit {'pos': 86, 'blk': None}: om1 0 pos 0 st1 0 fail1 0 t4 0 t4only 0 t2only 0 rtfail 0 [0.1 s]
#   unit {'pos': 87, 'blk': None}: om1 0 pos 0 st1 0 fail1 0 t4 0 t4only 0 t2only 0 rtfail 0 [0.1 s]
#   unit {'pos': 88, 'blk': None}: om1 0 pos 0 st1 0 fail1 0 t4 0 t4only 0 t2only 0 rtfail 0 [0.1 s]
#   unit {'pos': 89, 'blk': None}: om1 0 pos 0 st1 0 fail1 0 t4 0 t4only 0 t2only 0 rtfail 0 [0.1 s]
#   unit {'pos': 90, 'blk': None}: om1 0 pos 0 st1 0 fail1 0 t4 0 t4only 0 t2only 0 rtfail 0 [0.1 s]
#   unit {'pos': 91, 'blk': None}: om1 0 pos 0 st1 0 fail1 0 t4 0 t4only 0 t2only 0 rtfail 0 [0.1 s]
#   unit {'pos': 92, 'blk': None}: om1 0 pos 0 st1 0 fail1 0 t4 0 t4only 0 t2only 0 rtfail 0 [0.1 s]
#   unit {'pos': 93, 'blk': None}: om1 0 pos 0 st1 0 fail1 0 t4 0 t4only 0 t2only 0 rtfail 0 [0.1 s]
#   unit {'pos': 94, 'blk': None}: om1 0 pos 0 st1 0 fail1 0 t4 0 t4only 0 t2only 0 rtfail 0 [0.1 s]
#   unit {'pos': 96, 'blk': None}: om1 0 pos 0 st1 0 fail1 0 t4 0 t4only 0 t2only 0 rtfail 0 [0.1 s]
#   unit {'pos': 95, 'blk': None}: om1 0 pos 0 st1 0 fail1 0 t4 0 t4only 0 t2only 0 rtfail 0 [0.1 s]
#   unit {'pos': 97, 'blk': None}: om1 0 pos 0 st1 0 fail1 0 t4 0 t4only 0 t2only 0 rtfail 0 [0.1 s]
#   unit {'pos': 98, 'blk': None}: om1 0 pos 0 st1 0 fail1 0 t4 0 t4only 0 t2only 0 rtfail 0 [0.1 s]
#   unit {'pos': 99, 'blk': None}: om1 0 pos 0 st1 0 fail1 0 t4 0 t4only 0 t2only 0 rtfail 0 [0.1 s]
#   unit {'pos': 100, 'blk': None}: om1 0 pos 0 st1 0 fail1 0 t4 0 t4only 0 t2only 0 rtfail 0 [0.1 s]
#   unit {'pos': 101, 'blk': None}: om1 0 pos 0 st1 0 fail1 0 t4 0 t4only 0 t2only 0 rtfail 0 [0.1 s]
#   unit {'pos': 103, 'blk': None}: om1 0 pos 0 st1 0 fail1 0 t4 0 t4only 0 t2only 0 rtfail 0 [0.1 s]
#   unit {'pos': 102, 'blk': None}: om1 0 pos 0 st1 0 fail1 0 t4 0 t4only 0 t2only 0 rtfail 0 [0.1 s]
#   unit {'pos': 104, 'blk': None}: om1 0 pos 0 st1 0 fail1 0 t4 0 t4only 0 t2only 0 rtfail 0 [0.1 s]
#   unit {'pos': 105, 'blk': None}: om1 0 pos 0 st1 0 fail1 0 t4 0 t4only 0 t2only 0 rtfail 0 [0.1 s]
#   unit {'pos': 107, 'blk': None}: om1 0 pos 0 st1 0 fail1 0 t4 0 t4only 0 t2only 0 rtfail 0 [0.1 s]
#   unit {'pos': 108, 'blk': None}: om1 0 pos 0 st1 0 fail1 0 t4 0 t4only 0 t2only 0 rtfail 0 [0.1 s]
#   unit {'pos': 106, 'blk': None}: om1 0 pos 0 st1 0 fail1 0 t4 0 t4only 0 t2only 0 rtfail 0 [0.1 s]
#   unit {'pos': 109, 'blk': None}: om1 0 pos 0 st1 0 fail1 0 t4 0 t4only 0 t2only 0 rtfail 0 [0.1 s]
#   unit {'pos': 111, 'blk': None}: om1 0 pos 0 st1 0 fail1 0 t4 0 t4only 0 t2only 0 rtfail 0 [0.1 s]
#   unit {'pos': 112, 'blk': None}: om1 0 pos 0 st1 0 fail1 0 t4 0 t4only 0 t2only 0 rtfail 0 [0.1 s]
#   unit {'pos': 110, 'blk': None}: om1 0 pos 0 st1 0 fail1 0 t4 0 t4only 0 t2only 0 rtfail 0 [0.1 s]
#   unit {'pos': 113, 'blk': None}: om1 0 pos 0 st1 0 fail1 0 t4 0 t4only 0 t2only 0 rtfail 0 [0.1 s]
#   unit {'pos': 114, 'blk': None}: om1 0 pos 0 st1 0 fail1 0 t4 0 t4only 0 t2only 0 rtfail 0 [0.1 s]
#   unit {'pos': 116, 'blk': None}: om1 0 pos 0 st1 0 fail1 0 t4 0 t4only 0 t2only 0 rtfail 0 [0.1 s]
#   unit {'pos': 115, 'blk': None}: om1 0 pos 0 st1 0 fail1 0 t4 0 t4only 0 t2only 0 rtfail 0 [0.1 s]
#   unit {'pos': 117, 'blk': None}: om1 0 pos 0 st1 0 fail1 0 t4 0 t4only 0 t2only 0 rtfail 0 [0.1 s]
#   unit {'pos': 118, 'blk': None}: om1 0 pos 0 st1 0 fail1 0 t4 0 t4only 0 t2only 0 rtfail 0 [0.1 s]
#   unit {'pos': 120, 'blk': None}: om1 0 pos 0 st1 0 fail1 0 t4 0 t4only 0 t2only 0 rtfail 0 [0.1 s]
#   unit {'pos': 119, 'blk': None}: om1 0 pos 0 st1 0 fail1 0 t4 0 t4only 0 t2only 0 rtfail 0 [0.1 s]
#   unit {'pos': 121, 'blk': None}: om1 0 pos 0 st1 0 fail1 0 t4 0 t4only 0 t2only 0 rtfail 0 [0.1 s]
#   unit {'pos': 123, 'blk': None}: om1 0 pos 0 st1 0 fail1 0 t4 0 t4only 0 t2only 0 rtfail 0 [0.1 s]
#   unit {'pos': 122, 'blk': None}: om1 0 pos 0 st1 0 fail1 0 t4 0 t4only 0 t2only 0 rtfail 0 [0.1 s]
#   unit {'pos': 124, 'blk': None}: om1 0 pos 0 st1 0 fail1 0 t4 0 t4only 0 t2only 0 rtfail 0 [0.1 s]
#   unit {'pos': 125, 'blk': None}: om1 0 pos 0 st1 0 fail1 0 t4 0 t4only 0 t2only 0 rtfail 0 [0.1 s]
#   unit {'pos': 126, 'blk': None}: om1 0 pos 0 st1 0 fail1 0 t4 0 t4only 0 t2only 0 rtfail 0 [0.1 s]
#   unit {'pos': 127, 'blk': None}: om1 0 pos 0 st1 0 fail1 0 t4 0 t4only 0 t2only 0 rtfail 0 [0.1 s]
#   unit {'pos': 129, 'blk': None}: om1 0 pos 0 st1 0 fail1 0 t4 0 t4only 0 t2only 0 rtfail 0 [0.1 s]
#   unit {'pos': 128, 'blk': None}: om1 0 pos 0 st1 0 fail1 0 t4 0 t4only 0 t2only 0 rtfail 0 [0.1 s]
#   unit {'pos': 130, 'blk': None}: om1 0 pos 0 st1 0 fail1 0 t4 0 t4only 0 t2only 0 rtfail 0 [0.1 s]
#   unit {'pos': 131, 'blk': None}: om1 0 pos 0 st1 0 fail1 0 t4 0 t4only 0 t2only 0 rtfail 0 [0.1 s]
#   unit {'pos': 132, 'blk': None}: om1 0 pos 0 st1 0 fail1 0 t4 0 t4only 0 t2only 0 rtfail 0 [0.1 s]
#   unit {'pos': 133, 'blk': None}: om1 0 pos 0 st1 0 fail1 0 t4 0 t4only 0 t2only 0 rtfail 0 [0.1 s]
#   unit {'pos': 134, 'blk': None}: om1 0 pos 0 st1 0 fail1 0 t4 0 t4only 0 t2only 0 rtfail 0 [0.1 s]
#   unit {'pos': 135, 'blk': None}: om1 0 pos 0 st1 0 fail1 0 t4 0 t4only 0 t2only 0 rtfail 0 [0.1 s]
#   unit {'pos': 136, 'blk': None}: om1 0 pos 0 st1 0 fail1 0 t4 0 t4only 0 t2only 0 rtfail 0 [0.1 s]
#   unit {'pos': 137, 'blk': None}: om1 0 pos 0 st1 0 fail1 0 t4 0 t4only 0 t2only 0 rtfail 0 [0.1 s]
#   unit {'pos': 138, 'blk': None}: om1 0 pos 0 st1 0 fail1 0 t4 0 t4only 0 t2only 0 rtfail 0 [0.1 s]
#   unit {'pos': 139, 'blk': None}: om1 0 pos 0 st1 0 fail1 0 t4 0 t4only 0 t2only 0 rtfail 0 [0.1 s]
#   unit {'pos': 140, 'blk': None}: om1 0 pos 0 st1 0 fail1 0 t4 0 t4only 0 t2only 0 rtfail 0 [0.1 s]
#   unit {'pos': 141, 'blk': None}: om1 0 pos 0 st1 0 fail1 0 t4 0 t4only 0 t2only 0 rtfail 0 [0.1 s]
#   unit {'pos': 142, 'blk': None}: om1 0 pos 0 st1 0 fail1 0 t4 0 t4only 0 t2only 0 rtfail 0 [0.1 s]
#   unit {'pos': 144, 'blk': None}: om1 0 pos 0 st1 0 fail1 0 t4 0 t4only 0 t2only 0 rtfail 0 [0.1 s]
#   unit {'pos': 143, 'blk': None}: om1 0 pos 0 st1 0 fail1 0 t4 0 t4only 0 t2only 0 rtfail 0 [0.1 s]
#   unit {'pos': 145, 'blk': None}: om1 0 pos 0 st1 0 fail1 0 t4 0 t4only 0 t2only 0 rtfail 0 [0.1 s]
#   unit {'pos': 146, 'blk': None}: om1 0 pos 0 st1 0 fail1 0 t4 0 t4only 0 t2only 0 rtfail 0 [0.1 s]
#   unit {'pos': 147, 'blk': None}: om1 0 pos 0 st1 0 fail1 0 t4 0 t4only 0 t2only 0 rtfail 0 [0.1 s]
#   unit {'pos': 149, 'blk': None}: om1 0 pos 0 st1 0 fail1 0 t4 0 t4only 0 t2only 0 rtfail 0 [0.1 s]
#   unit {'pos': 148, 'blk': None}: om1 0 pos 0 st1 0 fail1 0 t4 0 t4only 0 t2only 0 rtfail 0 [0.1 s]
#   unit {'pos': 150, 'blk': None}: om1 0 pos 0 st1 0 fail1 0 t4 0 t4only 0 t2only 0 rtfail 0 [0.1 s]
#   unit {'pos': 151, 'blk': None}: om1 0 pos 0 st1 0 fail1 0 t4 0 t4only 0 t2only 0 rtfail 0 [0.1 s]
#   unit {'pos': 152, 'blk': None}: om1 0 pos 0 st1 0 fail1 0 t4 0 t4only 0 t2only 0 rtfail 0 [0.1 s]
#   unit {'pos': 153, 'blk': None}: om1 0 pos 0 st1 0 fail1 0 t4 0 t4only 0 t2only 0 rtfail 0 [0.1 s]
#   unit {'pos': 154, 'blk': None}: om1 0 pos 0 st1 0 fail1 0 t4 0 t4only 0 t2only 0 rtfail 0 [0.1 s]
#   unit {'pos': 156, 'blk': None}: om1 0 pos 0 st1 0 fail1 0 t4 0 t4only 0 t2only 0 rtfail 0 [0.1 s]
#   unit {'pos': 157, 'blk': None}: om1 0 pos 0 st1 0 fail1 0 t4 0 t4only 0 t2only 0 rtfail 0 [0.1 s]
#   unit {'pos': 155, 'blk': None}: om1 0 pos 0 st1 0 fail1 0 t4 0 t4only 0 t2only 0 rtfail 0 [0.1 s]
#   unit {'pos': 158, 'blk': None}: om1 0 pos 0 st1 0 fail1 0 t4 0 t4only 0 t2only 0 rtfail 0 [0.1 s]
#   unit {'pos': 159, 'blk': None}: om1 0 pos 0 st1 0 fail1 0 t4 0 t4only 0 t2only 0 rtfail 0 [0.1 s]
#   unit {'pos': 160, 'blk': None}: om1 0 pos 0 st1 0 fail1 0 t4 0 t4only 0 t2only 0 rtfail 0 [0.1 s]
#   unit {'pos': 161, 'blk': None}: om1 0 pos 0 st1 0 fail1 0 t4 0 t4only 0 t2only 0 rtfail 0 [0.1 s]
#   unit {'pos': 162, 'blk': None}: om1 7 pos 0 st1 0 fail1 0 t4 0 t4only 0 t2only 0 rtfail 0 [0.1 s]
#   unit {'pos': 163, 'blk': None}: om1 0 pos 0 st1 0 fail1 0 t4 0 t4only 0 t2only 0 rtfail 0 [0.1 s]
#   unit {'pos': 164, 'blk': None}: om1 0 pos 0 st1 0 fail1 0 t4 0 t4only 0 t2only 0 rtfail 0 [0.1 s]
#   unit {'pos': 165, 'blk': None}: om1 1 pos 0 st1 0 fail1 0 t4 0 t4only 0 t2only 0 rtfail 0 [0.1 s]
#   unit {'pos': 166, 'blk': None}: om1 6 pos 0 st1 0 fail1 0 t4 0 t4only 0 t2only 0 rtfail 0 [0.1 s]
#   unit {'pos': 167, 'blk': None}: om1 0 pos 0 st1 0 fail1 0 t4 0 t4only 0 t2only 0 rtfail 0 [0.1 s]
#   unit {'pos': 168, 'blk': None}: om1 0 pos 0 st1 0 fail1 0 t4 0 t4only 0 t2only 0 rtfail 0 [0.1 s]
#   unit {'pos': 169, 'blk': None}: om1 5 pos 0 st1 0 fail1 0 t4 0 t4only 0 t2only 0 rtfail 0 [0.0 s]
#   unit {'pos': 170, 'blk': None}: om1 2 pos 0 st1 0 fail1 0 t4 0 t4only 0 t2only 0 rtfail 0 [0.0 s]
#   unit {'pos': 171, 'blk': None}: om1 9 pos 0 st1 0 fail1 0 t4 0 t4only 0 t2only 0 rtfail 0 [0.0 s]
#   unit {'pos': 172, 'blk': None}: om1 0 pos 0 st1 0 fail1 0 t4 0 t4only 0 t2only 0 rtfail 0 [0.0 s]
#   unit {'pos': 173, 'blk': None}: om1 0 pos 0 st1 0 fail1 0 t4 0 t4only 0 t2only 0 rtfail 0 [0.0 s]
#   unit {'pos': 174, 'blk': None}: om1 0 pos 0 st1 0 fail1 0 t4 0 t4only 0 t2only 0 rtfail 0 [0.0 s]
#   unit {'pos': 175, 'blk': None}: om1 7 pos 0 st1 0 fail1 0 t4 0 t4only 0 t2only 0 rtfail 0 [0.0 s]
#   unit {'pos': 176, 'blk': None}: om1 0 pos 0 st1 0 fail1 0 t4 0 t4only 0 t2only 0 rtfail 0 [0.0 s]
#   unit {'pos': 177, 'blk': None}: om1 0 pos 0 st1 0 fail1 0 t4 0 t4only 0 t2only 0 rtfail 0 [0.1 s]
#   unit {'pos': 178, 'blk': None}: om1 3 pos 0 st1 0 fail1 0 t4 0 t4only 0 t2only 0 rtfail 0 [0.1 s]
#   unit {'pos': 179, 'blk': None}: om1 3 pos 0 st1 0 fail1 0 t4 0 t4only 0 t2only 0 rtfail 0 [0.0 s]
#   unit {'pos': 180, 'blk': None}: om1 4 pos 0 st1 0 fail1 0 t4 0 t4only 0 t2only 0 rtfail 0 [0.1 s]
#   unit {'pos': 181, 'blk': None}: om1 4 pos 0 st1 0 fail1 0 t4 0 t4only 0 t2only 0 rtfail 0 [0.0 s]
#   unit {'pos': 183, 'blk': None}: om1 1 pos 0 st1 0 fail1 0 t4 0 t4only 0 t2only 0 rtfail 0 [0.0 s]
#   unit {'pos': 182, 'blk': None}: om1 3 pos 0 st1 0 fail1 0 t4 0 t4only 0 t2only 0 rtfail 0 [0.1 s]
#   unit {'pos': 184, 'blk': None}: om1 0 pos 0 st1 0 fail1 0 t4 0 t4only 0 t2only 0 rtfail 0 [0.1 s]
#   unit {'pos': 185, 'blk': None}: om1 0 pos 0 st1 0 fail1 0 t4 0 t4only 0 t2only 0 rtfail 0 [0.0 s]
#   unit {'pos': 186, 'blk': None}: om1 0 pos 0 st1 0 fail1 0 t4 0 t4only 0 t2only 0 rtfail 0 [0.0 s]
#   unit {'pos': 187, 'blk': None}: om1 0 pos 0 st1 0 fail1 0 t4 0 t4only 0 t2only 0 rtfail 0 [0.1 s]
#   unit {'pos': 188, 'blk': None}: om1 0 pos 0 st1 0 fail1 0 t4 0 t4only 0 t2only 0 rtfail 0 [0.1 s]
#   unit {'pos': 189, 'blk': None}: om1 0 pos 0 st1 0 fail1 0 t4 0 t4only 0 t2only 0 rtfail 0 [0.1 s]
#   unit {'pos': 190, 'blk': None}: om1 0 pos 0 st1 0 fail1 0 t4 0 t4only 0 t2only 0 rtfail 0 [0.1 s]
#   unit {'pos': 191, 'blk': None}: om1 1 pos 0 st1 0 fail1 0 t4 0 t4only 0 t2only 0 rtfail 0 [0.0 s]
#   unit {'pos': 192, 'blk': None}: om1 2 pos 0 st1 0 fail1 0 t4 0 t4only 0 t2only 0 rtfail 0 [0.1 s]
#   unit {'pos': 194, 'blk': None}: om1 0 pos 0 st1 0 fail1 0 t4 0 t4only 0 t2only 0 rtfail 0 [0.0 s]
#   unit {'pos': 193, 'blk': None}: om1 0 pos 0 st1 0 fail1 0 t4 0 t4only 0 t2only 0 rtfail 0 [0.1 s]
#   unit {'pos': 195, 'blk': None}: om1 0 pos 0 st1 0 fail1 0 t4 0 t4only 0 t2only 0 rtfail 0 [0.0 s]
#   unit {'pos': 196, 'blk': None}: om1 0 pos 0 st1 0 fail1 0 t4 0 t4only 0 t2only 0 rtfail 0 [0.1 s]
#   unit {'pos': 198, 'blk': None}: om1 19 pos 12 st1 12 fail1 0 t4 12 t4only 0 t2only 0 rtfail 0 [0.0 s]
#   unit {'pos': 197, 'blk': None}: om1 0 pos 0 st1 0 fail1 0 t4 0 t4only 0 t2only 0 rtfail 0 [0.1 s]
#   unit {'pos': 199, 'blk': None}: om1 16 pos 72 st1 72 fail1 0 t4 72 t4only 36 t2only 0 rtfail 36 [0.0 s]
#   unit {'pos': 200, 'blk': None}: om1 22 pos 28 st1 28 fail1 0 t4 28 t4only 0 t2only 0 rtfail 0 [0.0 s]
#   unit {'pos': 201, 'blk': None}: om1 11 pos 0 st1 0 fail1 0 t4 0 t4only 0 t2only 0 rtfail 0 [0.0 s]
#   unit {'pos': 202, 'blk': None}: om1 9 pos 0 st1 0 fail1 0 t4 0 t4only 0 t2only 0 rtfail 0 [0.1 s]
#   unit {'pos': 203, 'blk': None}: om1 7 pos 0 st1 0 fail1 0 t4 0 t4only 0 t2only 0 rtfail 0 [0.0 s]
#   unit {'pos': 204, 'blk': None}: om1 9 pos 0 st1 0 fail1 0 t4 0 t4only 0 t2only 0 rtfail 0 [0.1 s]
#   unit {'pos': 207, 'blk': None}: om1 0 pos 0 st1 0 fail1 0 t4 0 t4only 0 t2only 0 rtfail 0 [0.0 s]
#   unit {'pos': 206, 'blk': None}: om1 0 pos 0 st1 0 fail1 0 t4 0 t4only 0 t2only 0 rtfail 0 [0.0 s]
#   unit {'pos': 205, 'blk': None}: om1 0 pos 0 st1 0 fail1 0 t4 0 t4only 0 t2only 0 rtfail 0 [0.1 s]
#   unit {'pos': 208, 'blk': None}: om1 13 pos 0 st1 0 fail1 0 t4 0 t4only 0 t2only 0 rtfail 0 [0.0 s]
#   unit {'pos': 209, 'blk': None}: om1 15 pos 0 st1 0 fail1 0 t4 0 t4only 0 t2only 0 rtfail 0 [0.0 s]
#   unit {'pos': 210, 'blk': None}: om1 7 pos 0 st1 0 fail1 0 t4 0 t4only 0 t2only 0 rtfail 0 [0.1 s]
#   unit {'pos': 211, 'blk': None}: om1 5 pos 0 st1 0 fail1 0 t4 0 t4only 0 t2only 0 rtfail 0 [0.0 s]
#   unit {'pos': 212, 'blk': None}: om1 20 pos 0 st1 0 fail1 0 t4 0 t4only 0 t2only 0 rtfail 0 [0.0 s]
#   unit {'pos': 213, 'blk': None}: om1 15 pos 0 st1 0 fail1 0 t4 0 t4only 0 t2only 0 rtfail 0 [0.0 s]
#   unit {'pos': 214, 'blk': None}: om1 6 pos 0 st1 0 fail1 0 t4 0 t4only 0 t2only 0 rtfail 0 [0.1 s]
#   unit {'pos': 215, 'blk': None}: om1 6 pos 0 st1 0 fail1 0 t4 0 t4only 0 t2only 0 rtfail 0 [0.1 s]
#   unit {'pos': 216, 'blk': None}: om1 6 pos 0 st1 0 fail1 0 t4 0 t4only 0 t2only 0 rtfail 0 [0.1 s]
#   unit {'pos': 217, 'blk': None}: om1 0 pos 0 st1 0 fail1 0 t4 0 t4only 0 t2only 0 rtfail 0 [0.1 s]
#   unit {'pos': 218, 'blk': None}: om1 0 pos 0 st1 0 fail1 0 t4 0 t4only 0 t2only 0 rtfail 0 [0.0 s]
#   unit {'pos': 220, 'blk': None}: om1 2 pos 0 st1 0 fail1 0 t4 0 t4only 0 t2only 0 rtfail 0 [0.1 s]
#   unit {'pos': 221, 'blk': None}: om1 1 pos 0 st1 0 fail1 0 t4 0 t4only 0 t2only 0 rtfail 0 [0.0 s]
#   unit {'pos': 219, 'blk': None}: om1 7 pos 0 st1 0 fail1 0 t4 0 t4only 0 t2only 0 rtfail 0 [0.1 s]
#   unit {'pos': 222, 'blk': None}: om1 0 pos 0 st1 0 fail1 0 t4 0 t4only 0 t2only 0 rtfail 0 [0.0 s]
#   unit {'pos': 223, 'blk': None}: om1 1 pos 0 st1 0 fail1 0 t4 0 t4only 0 t2only 0 rtfail 0 [0.0 s]
#   unit {'pos': 224, 'blk': None}: om1 0 pos 0 st1 0 fail1 0 t4 0 t4only 0 t2only 0 rtfail 0 [0.1 s]
#   unit {'pos': 226, 'blk': None}: om1 0 pos 0 st1 0 fail1 0 t4 0 t4only 0 t2only 0 rtfail 0 [0.1 s]
#   unit {'pos': 225, 'blk': None}: om1 0 pos 0 st1 0 fail1 0 t4 0 t4only 0 t2only 0 rtfail 0 [0.1 s]
#   unit {'pos': 228, 'blk': None}: om1 2 pos 0 st1 0 fail1 0 t4 0 t4only 0 t2only 0 rtfail 0 [0.0 s]
#   unit {'pos': 227, 'blk': None}: om1 0 pos 0 st1 0 fail1 0 t4 0 t4only 0 t2only 0 rtfail 0 [0.1 s]
#   unit {'pos': 230, 'blk': None}: om1 5 pos 16 st1 16 fail1 0 t4 16 t4only 0 t2only 0 rtfail 0 [0.0 s]
#   unit {'pos': 229, 'blk': None}: om1 1 pos 0 st1 0 fail1 0 t4 0 t4only 0 t2only 0 rtfail 0 [0.0 s]
#   unit {'pos': 232, 'blk': None}: om1 0 pos 0 st1 0 fail1 0 t4 0 t4only 0 t2only 0 rtfail 0 [0.1 s]
#   unit {'pos': 231, 'blk': None}: om1 8 pos 0 st1 0 fail1 0 t4 0 t4only 0 t2only 0 rtfail 0 [0.1 s]
#   unit {'pos': 233, 'blk': None}: om1 5 pos 0 st1 0 fail1 0 t4 0 t4only 0 t2only 0 rtfail 0 [0.0 s]
#   unit {'pos': 234, 'blk': None}: om1 2 pos 0 st1 0 fail1 0 t4 0 t4only 0 t2only 0 rtfail 0 [0.0 s]
#   unit {'pos': 235, 'blk': None}: om1 0 pos 0 st1 0 fail1 0 t4 0 t4only 0 t2only 0 rtfail 0 [0.1 s]
#   unit {'pos': 237, 'blk': None}: om1 0 pos 0 st1 0 fail1 0 t4 0 t4only 0 t2only 0 rtfail 0 [0.1 s]
#   unit {'pos': 236, 'blk': None}: om1 1 pos 0 st1 0 fail1 0 t4 0 t4only 0 t2only 0 rtfail 0 [0.1 s]
#   unit {'pos': 238, 'blk': None}: om1 0 pos 0 st1 0 fail1 0 t4 0 t4only 0 t2only 0 rtfail 0 [0.1 s]
#   unit {'pos': 239, 'blk': None}: om1 0 pos 0 st1 0 fail1 0 t4 0 t4only 0 t2only 0 rtfail 0 [0.1 s]
#   unit {'pos': 240, 'blk': None}: om1 2 pos 0 st1 0 fail1 0 t4 0 t4only 0 t2only 0 rtfail 0 [0.0 s]
#   unit {'pos': 241, 'blk': None}: om1 0 pos 0 st1 0 fail1 0 t4 0 t4only 0 t2only 0 rtfail 0 [0.0 s]
#   unit {'pos': 242, 'blk': None}: om1 2 pos 0 st1 0 fail1 0 t4 0 t4only 0 t2only 0 rtfail 0 [0.1 s]
#   unit {'pos': 243, 'blk': None}: om1 0 pos 0 st1 0 fail1 0 t4 0 t4only 0 t2only 0 rtfail 0 [0.1 s]
#   unit {'pos': 245, 'blk': None}: om1 0 pos 0 st1 0 fail1 0 t4 0 t4only 0 t2only 0 rtfail 0 [0.0 s]
#   unit {'pos': 244, 'blk': None}: om1 0 pos 0 st1 0 fail1 0 t4 0 t4only 0 t2only 0 rtfail 0 [0.1 s]
#   unit {'pos': 246, 'blk': None}: om1 0 pos 0 st1 0 fail1 0 t4 0 t4only 0 t2only 0 rtfail 0 [0.1 s]
#   unit {'pos': 248, 'blk': None}: om1 0 pos 0 st1 0 fail1 0 t4 0 t4only 0 t2only 0 rtfail 0 [0.0 s]
#   unit {'pos': 247, 'blk': None}: om1 1 pos 0 st1 0 fail1 0 t4 0 t4only 0 t2only 0 rtfail 0 [0.1 s]
#   unit {'pos': 249, 'blk': None}: om1 0 pos 0 st1 0 fail1 0 t4 0 t4only 0 t2only 0 rtfail 0 [0.1 s]
#   unit {'pos': 250, 'blk': None}: om1 0 pos 0 st1 0 fail1 0 t4 0 t4only 0 t2only 0 rtfail 0 [0.0 s]
#   unit {'pos': 251, 'blk': None}: om1 0 pos 0 st1 0 fail1 0 t4 0 t4only 0 t2only 0 rtfail 0 [0.0 s]
#   unit {'pos': 252, 'blk': None}: om1 0 pos 0 st1 0 fail1 0 t4 0 t4only 0 t2only 0 rtfail 0 [0.1 s]
#   unit {'pos': 253, 'blk': None}: om1 0 pos 0 st1 0 fail1 0 t4 0 t4only 0 t2only 0 rtfail 0 [0.1 s]
#   unit {'pos': 254, 'blk': None}: om1 0 pos 0 st1 0 fail1 0 t4 0 t4only 0 t2only 0 rtfail 0 [0.1 s]
#   unit {'pos': 255, 'blk': None}: om1 0 pos 0 st1 0 fail1 0 t4 0 t4only 0 t2only 0 rtfail 0 [0.1 s]
#   unit {'pos': 256, 'blk': None}: om1 0 pos 0 st1 0 fail1 0 t4 0 t4only 0 t2only 0 rtfail 0 [0.1 s]
#   unit {'pos': 258, 'blk': None}: om1 0 pos 0 st1 0 fail1 0 t4 0 t4only 0 t2only 0 rtfail 0 [0.1 s]
#   unit {'pos': 257, 'blk': None}: om1 0 pos 0 st1 0 fail1 0 t4 0 t4only 0 t2only 0 rtfail 0 [0.1 s]
#   unit {'pos': 259, 'blk': None}: om1 0 pos 0 st1 0 fail1 0 t4 0 t4only 0 t2only 0 rtfail 0 [0.0 s]
#   unit {'pos': 261, 'blk': None}: om1 0 pos 0 st1 0 fail1 0 t4 0 t4only 0 t2only 0 rtfail 0 [0.1 s]
#   unit {'pos': 263, 'blk': None}: om1 0 pos 0 st1 0 fail1 0 t4 0 t4only 0 t2only 0 rtfail 0 [0.1 s]
#   unit {'pos': 260, 'blk': None}: om1 1 pos 0 st1 0 fail1 0 t4 0 t4only 0 t2only 0 rtfail 0 [0.1 s]
#   unit {'pos': 262, 'blk': None}: om1 0 pos 0 st1 0 fail1 0 t4 0 t4only 0 t2only 0 rtfail 0 [0.1 s]
#   unit {'pos': 265, 'blk': None}: om1 5 pos 0 st1 0 fail1 0 t4 0 t4only 0 t2only 0 rtfail 0 [0.0 s]
#   unit {'pos': 264, 'blk': None}: om1 0 pos 0 st1 0 fail1 0 t4 0 t4only 0 t2only 0 rtfail 0 [0.1 s]
#   unit {'pos': 266, 'blk': None}: om1 4 pos 0 st1 0 fail1 0 t4 0 t4only 0 t2only 0 rtfail 0 [0.1 s]
#   unit {'pos': 267, 'blk': None}: om1 9 pos 0 st1 0 fail1 0 t4 0 t4only 0 t2only 0 rtfail 0 [0.1 s]
#   unit {'pos': 268, 'blk': None}: om1 5 pos 0 st1 0 fail1 0 t4 0 t4only 0 t2only 0 rtfail 0 [0.0 s]
#   unit {'pos': 269, 'blk': None}: om1 2 pos 0 st1 0 fail1 0 t4 0 t4only 0 t2only 0 rtfail 0 [0.0 s]
#   unit {'pos': 270, 'blk': None}: om1 3 pos 0 st1 0 fail1 0 t4 0 t4only 0 t2only 0 rtfail 0 [0.1 s]
#   unit {'pos': 271, 'blk': None}: om1 3 pos 0 st1 0 fail1 0 t4 0 t4only 0 t2only 0 rtfail 0 [0.1 s]
#   unit {'pos': 272, 'blk': None}: om1 2 pos 0 st1 0 fail1 0 t4 0 t4only 0 t2only 0 rtfail 0 [0.1 s]
#   unit {'pos': 273, 'blk': None}: om1 1 pos 0 st1 0 fail1 0 t4 0 t4only 0 t2only 0 rtfail 0 [0.1 s]
#   unit {'pos': 274, 'blk': None}: om1 0 pos 0 st1 0 fail1 0 t4 0 t4only 0 t2only 0 rtfail 0 [0.0 s]
#   unit {'pos': 275, 'blk': None}: om1 0 pos 0 st1 0 fail1 0 t4 0 t4only 0 t2only 0 rtfail 0 [0.0 s]
#   unit {'pos': 276, 'blk': None}: om1 3 pos 0 st1 0 fail1 0 t4 0 t4only 0 t2only 0 rtfail 0 [0.0 s]
#   unit {'pos': 277, 'blk': None}: om1 0 pos 0 st1 0 fail1 0 t4 0 t4only 0 t2only 0 rtfail 0 [0.0 s]
#   unit {'pos': 278, 'blk': None}: om1 0 pos 0 st1 0 fail1 0 t4 0 t4only 0 t2only 0 rtfail 0 [0.0 s]
#   unit {'pos': 279, 'blk': None}: om1 0 pos 0 st1 0 fail1 0 t4 0 t4only 0 t2only 0 rtfail 0 [0.1 s]
#   unit {'pos': 280, 'blk': None}: om1 3 pos 0 st1 0 fail1 0 t4 0 t4only 0 t2only 0 rtfail 0 [0.0 s]
#   unit {'pos': 281, 'blk': None}: om1 0 pos 0 st1 0 fail1 0 t4 0 t4only 0 t2only 0 rtfail 0 [0.0 s]
#   unit {'pos': 282, 'blk': None}: om1 2 pos 0 st1 0 fail1 0 t4 0 t4only 0 t2only 0 rtfail 0 [0.1 s]
#   unit {'pos': 283, 'blk': None}: om1 2 pos 0 st1 0 fail1 0 t4 0 t4only 0 t2only 0 rtfail 0 [0.0 s]
#   unit {'pos': 285, 'blk': None}: om1 1 pos 0 st1 0 fail1 0 t4 0 t4only 0 t2only 0 rtfail 0 [0.1 s]
#   unit {'pos': 284, 'blk': None}: om1 0 pos 0 st1 0 fail1 0 t4 0 t4only 0 t2only 0 rtfail 0 [0.1 s]
#   unit {'pos': 286, 'blk': None}: om1 0 pos 0 st1 0 fail1 0 t4 0 t4only 0 t2only 0 rtfail 0 [0.0 s]
#   unit {'pos': 287, 'blk': None}: om1 2 pos 0 st1 0 fail1 0 t4 0 t4only 0 t2only 0 rtfail 0 [0.1 s]
#   unit {'pos': 289, 'blk': None}: om1 0 pos 0 st1 0 fail1 0 t4 0 t4only 0 t2only 0 rtfail 0 [0.1 s]
#   unit {'pos': 288, 'blk': None}: om1 1 pos 0 st1 0 fail1 0 t4 0 t4only 0 t2only 0 rtfail 0 [0.1 s]
#   unit {'pos': 290, 'blk': None}: om1 0 pos 0 st1 0 fail1 0 t4 0 t4only 0 t2only 0 rtfail 0 [0.1 s]
#   unit {'pos': 291, 'blk': None}: om1 0 pos 0 st1 0 fail1 0 t4 0 t4only 0 t2only 0 rtfail 0 [0.1 s]
#   unit {'pos': 292, 'blk': None}: om1 0 pos 0 st1 0 fail1 0 t4 0 t4only 0 t2only 0 rtfail 0 [0.1 s]
#   unit {'pos': 294, 'blk': None}: om1 1 pos 0 st1 0 fail1 0 t4 0 t4only 0 t2only 0 rtfail 0 [0.0 s]
#   unit {'pos': 293, 'blk': None}: om1 0 pos 0 st1 0 fail1 0 t4 0 t4only 0 t2only 0 rtfail 0 [0.1 s]
#   unit {'pos': 295, 'blk': None}: om1 2 pos 0 st1 0 fail1 0 t4 0 t4only 0 t2only 0 rtfail 0 [0.0 s]
#   unit {'pos': 296, 'blk': None}: om1 2 pos 0 st1 0 fail1 0 t4 0 t4only 0 t2only 0 rtfail 0 [0.1 s]
#   unit {'pos': 298, 'blk': None}: om1 0 pos 0 st1 0 fail1 0 t4 0 t4only 0 t2only 0 rtfail 0 [0.1 s]
#   unit {'pos': 297, 'blk': None}: om1 4 pos 0 st1 0 fail1 0 t4 0 t4only 0 t2only 0 rtfail 0 [0.1 s]
#   unit {'pos': 299, 'blk': None}: om1 0 pos 0 st1 0 fail1 0 t4 0 t4only 0 t2only 0 rtfail 0 [0.1 s]
#   unit {'pos': 300, 'blk': None}: om1 0 pos 0 st1 0 fail1 0 t4 0 t4only 0 t2only 0 rtfail 0 [0.1 s]
#   unit {'pos': 301, 'blk': None}: om1 0 pos 0 st1 0 fail1 0 t4 0 t4only 0 t2only 0 rtfail 0 [0.0 s]
#   unit {'pos': 302, 'blk': None}: om1 0 pos 0 st1 0 fail1 0 t4 0 t4only 0 t2only 0 rtfail 0 [0.1 s]
#   unit {'pos': 303, 'blk': None}: om1 0 pos 0 st1 0 fail1 0 t4 0 t4only 0 t2only 0 rtfail 0 [0.1 s]
#   unit {'pos': 304, 'blk': None}: om1 0 pos 0 st1 0 fail1 0 t4 0 t4only 0 t2only 0 rtfail 0 [0.0 s]
#   unit {'pos': 305, 'blk': None}: om1 0 pos 0 st1 0 fail1 0 t4 0 t4only 0 t2only 0 rtfail 0 [0.1 s]
#   unit {'pos': 307, 'blk': None}: om1 1 pos 0 st1 0 fail1 0 t4 0 t4only 0 t2only 0 rtfail 0 [0.0 s]
#   unit {'pos': 306, 'blk': None}: om1 0 pos 0 st1 0 fail1 0 t4 0 t4only 0 t2only 0 rtfail 0 [0.1 s]
#   unit {'pos': 308, 'blk': None}: om1 0 pos 0 st1 0 fail1 0 t4 0 t4only 0 t2only 0 rtfail 0 [0.0 s]
#   unit {'pos': 309, 'blk': None}: om1 2 pos 0 st1 0 fail1 0 t4 0 t4only 0 t2only 0 rtfail 0 [0.1 s]
#   unit {'pos': 310, 'blk': None}: om1 0 pos 0 st1 0 fail1 0 t4 0 t4only 0 t2only 0 rtfail 0 [0.0 s]
#   unit {'pos': 311, 'blk': None}: om1 0 pos 0 st1 0 fail1 0 t4 0 t4only 0 t2only 0 rtfail 0 [0.1 s]
#   unit {'pos': 312, 'blk': None}: om1 0 pos 0 st1 0 fail1 0 t4 0 t4only 0 t2only 0 rtfail 0 [0.1 s]
#   unit {'pos': 314, 'blk': None}: om1 0 pos 0 st1 0 fail1 0 t4 0 t4only 0 t2only 0 rtfail 0 [0.1 s]
#   unit {'pos': 313, 'blk': None}: om1 0 pos 0 st1 0 fail1 0 t4 0 t4only 0 t2only 0 rtfail 0 [0.1 s]
#   unit {'pos': 315, 'blk': None}: om1 0 pos 0 st1 0 fail1 0 t4 0 t4only 0 t2only 0 rtfail 0 [0.1 s]
#   unit {'pos': 316, 'blk': None}: om1 0 pos 0 st1 0 fail1 0 t4 0 t4only 0 t2only 0 rtfail 0 [0.1 s]
#   unit {'pos': 318, 'blk': None}: om1 0 pos 0 st1 0 fail1 0 t4 0 t4only 0 t2only 0 rtfail 0 [0.1 s]
#   unit {'pos': 319, 'blk': None}: om1 2 pos 0 st1 0 fail1 0 t4 0 t4only 0 t2only 0 rtfail 0 [0.1 s]
#   unit {'pos': 320, 'blk': None}: om1 1 pos 0 st1 0 fail1 0 t4 0 t4only 0 t2only 0 rtfail 0 [0.1 s]
#   unit {'pos': 321, 'blk': None}: om1 0 pos 0 st1 0 fail1 0 t4 0 t4only 0 t2only 0 rtfail 0 [0.1 s]
#   unit {'pos': 322, 'blk': None}: om1 0 pos 0 st1 0 fail1 0 t4 0 t4only 0 t2only 0 rtfail 0 [0.1 s]
#   unit {'pos': 323, 'blk': None}: om1 0 pos 0 st1 0 fail1 0 t4 0 t4only 0 t2only 0 rtfail 0 [0.1 s]
#   unit {'pos': 324, 'blk': None}: om1 0 pos 0 st1 0 fail1 0 t4 0 t4only 0 t2only 0 rtfail 0 [0.1 s]
#   unit {'pos': 325, 'blk': None}: om1 0 pos 0 st1 0 fail1 0 t4 0 t4only 0 t2only 0 rtfail 0 [0.1 s]
#   unit {'pos': 327, 'blk': None}: om1 0 pos 0 st1 0 fail1 0 t4 0 t4only 0 t2only 0 rtfail 0 [0.1 s]
#   unit {'pos': 326, 'blk': None}: om1 0 pos 0 st1 0 fail1 0 t4 0 t4only 0 t2only 0 rtfail 0 [0.1 s]
#   unit {'pos': 328, 'blk': None}: om1 0 pos 0 st1 0 fail1 0 t4 0 t4only 0 t2only 0 rtfail 0 [0.1 s]
#   unit {'pos': 317, 'blk': None}: om1 0 pos 0 st1 0 fail1 0 t4 0 t4only 0 t2only 0 rtfail 0 [0.2 s]
#   unit {'pos': 331, 'blk': None}: om1 0 pos 0 st1 0 fail1 0 t4 0 t4only 0 t2only 0 rtfail 0 [0.0 s]
#   unit {'pos': 332, 'blk': None}: om1 0 pos 0 st1 0 fail1 0 t4 0 t4only 0 t2only 0 rtfail 0 [0.0 s]
#   unit {'pos': 330, 'blk': None}: om1 0 pos 0 st1 0 fail1 0 t4 0 t4only 0 t2only 0 rtfail 0 [0.1 s]
#   unit {'pos': 329, 'blk': None}: om1 0 pos 0 st1 0 fail1 0 t4 0 t4only 0 t2only 0 rtfail 0 [0.1 s]
#   unit {'pos': 333, 'blk': None}: om1 0 pos 0 st1 0 fail1 0 t4 0 t4only 0 t2only 0 rtfail 0 [0.1 s]
#   unit {'pos': 334, 'blk': None}: om1 1 pos 0 st1 0 fail1 0 t4 0 t4only 0 t2only 0 rtfail 0 [0.1 s]
#   unit {'pos': 335, 'blk': None}: om1 0 pos 0 st1 0 fail1 0 t4 0 t4only 0 t2only 0 rtfail 0 [0.0 s]
#   unit {'pos': 336, 'blk': None}: om1 0 pos 0 st1 0 fail1 0 t4 0 t4only 0 t2only 0 rtfail 0 [0.1 s]
#   unit {'pos': 337, 'blk': None}: om1 0 pos 0 st1 0 fail1 0 t4 0 t4only 0 t2only 0 rtfail 0 [0.1 s]
#   unit {'pos': 338, 'blk': None}: om1 1 pos 0 st1 0 fail1 0 t4 0 t4only 0 t2only 0 rtfail 0 [0.1 s]
#   unit {'pos': 339, 'blk': None}: om1 0 pos 0 st1 0 fail1 0 t4 0 t4only 0 t2only 0 rtfail 0 [0.1 s]
#   unit {'pos': 340, 'blk': None}: om1 0 pos 0 st1 0 fail1 0 t4 0 t4only 0 t2only 0 rtfail 0 [0.1 s]
#   unit {'pos': 341, 'blk': None}: om1 0 pos 0 st1 0 fail1 0 t4 0 t4only 0 t2only 0 rtfail 0 [0.1 s]
#   unit {'pos': 343, 'blk': None}: om1 0 pos 0 st1 0 fail1 0 t4 0 t4only 0 t2only 0 rtfail 0 [0.1 s]
#   unit {'pos': 342, 'blk': None}: om1 0 pos 0 st1 0 fail1 0 t4 0 t4only 0 t2only 0 rtfail 0 [0.1 s]
#   unit {'pos': 344, 'blk': None}: om1 0 pos 0 st1 0 fail1 0 t4 0 t4only 0 t2only 0 rtfail 0 [0.0 s]
#   unit {'pos': 345, 'blk': None}: om1 2 pos 0 st1 0 fail1 0 t4 0 t4only 0 t2only 0 rtfail 0 [0.0 s]
#   unit {'pos': 346, 'blk': None}: om1 0 pos 0 st1 0 fail1 0 t4 0 t4only 0 t2only 0 rtfail 0 [0.0 s]
#   unit {'pos': 347, 'blk': None}: om1 0 pos 0 st1 0 fail1 0 t4 0 t4only 0 t2only 0 rtfail 0 [0.1 s]
#   unit {'pos': 348, 'blk': None}: om1 0 pos 0 st1 0 fail1 0 t4 0 t4only 0 t2only 0 rtfail 0 [0.1 s]
#   unit {'pos': 349, 'blk': None}: om1 0 pos 0 st1 0 fail1 0 t4 0 t4only 0 t2only 0 rtfail 0 [0.1 s]
#   unit {'pos': 350, 'blk': None}: om1 0 pos 0 st1 0 fail1 0 t4 0 t4only 0 t2only 0 rtfail 0 [0.1 s]
#   unit {'pos': 351, 'blk': None}: om1 0 pos 0 st1 0 fail1 0 t4 0 t4only 0 t2only 0 rtfail 0 [0.1 s]
#   unit {'pos': 353, 'blk': None}: om1 0 pos 0 st1 0 fail1 0 t4 0 t4only 0 t2only 0 rtfail 0 [0.1 s]
#   unit {'pos': 352, 'blk': None}: om1 0 pos 0 st1 0 fail1 0 t4 0 t4only 0 t2only 0 rtfail 0 [0.1 s]
#   unit {'pos': 354, 'blk': None}: om1 0 pos 0 st1 0 fail1 0 t4 0 t4only 0 t2only 0 rtfail 0 [0.1 s]
#   unit {'pos': 355, 'blk': None}: om1 0 pos 0 st1 0 fail1 0 t4 0 t4only 0 t2only 0 rtfail 0 [0.1 s]
#   unit {'pos': 357, 'blk': None}: om1 0 pos 0 st1 0 fail1 0 t4 0 t4only 0 t2only 0 rtfail 0 [0.1 s]
#   unit {'pos': 356, 'blk': None}: om1 0 pos 0 st1 0 fail1 0 t4 0 t4only 0 t2only 0 rtfail 0 [0.1 s]
#   unit {'pos': 358, 'blk': None}: om1 0 pos 0 st1 0 fail1 0 t4 0 t4only 0 t2only 0 rtfail 0 [0.1 s]
#   unit {'pos': 360, 'blk': None}: om1 0 pos 0 st1 0 fail1 0 t4 0 t4only 0 t2only 0 rtfail 0 [0.0 s]
#   unit {'pos': 359, 'blk': None}: om1 1 pos 0 st1 0 fail1 0 t4 0 t4only 0 t2only 0 rtfail 0 [0.1 s]
#   unit {'pos': 361, 'blk': None}: om1 2 pos 0 st1 0 fail1 0 t4 0 t4only 0 t2only 0 rtfail 0 [0.1 s]
#   unit {'pos': 362, 'blk': None}: om1 0 pos 0 st1 0 fail1 0 t4 0 t4only 0 t2only 0 rtfail 0 [0.0 s]
#   unit {'pos': 363, 'blk': None}: om1 0 pos 0 st1 0 fail1 0 t4 0 t4only 0 t2only 0 rtfail 0 [0.0 s]
#   unit {'pos': 364, 'blk': None}: om1 0 pos 0 st1 0 fail1 0 t4 0 t4only 0 t2only 0 rtfail 0 [0.1 s]
#   unit {'pos': 365, 'blk': None}: om1 0 pos 0 st1 0 fail1 0 t4 0 t4only 0 t2only 0 rtfail 0 [0.1 s]
#   unit {'pos': 366, 'blk': None}: om1 0 pos 0 st1 0 fail1 0 t4 0 t4only 0 t2only 0 rtfail 0 [0.1 s]
#   unit {'pos': 367, 'blk': None}: om1 0 pos 0 st1 0 fail1 0 t4 0 t4only 0 t2only 0 rtfail 0 [0.0 s]
#   unit {'pos': 368, 'blk': None}: om1 0 pos 0 st1 0 fail1 0 t4 0 t4only 0 t2only 0 rtfail 0 [0.1 s]
#   unit {'pos': 369, 'blk': None}: om1 0 pos 0 st1 0 fail1 0 t4 0 t4only 0 t2only 0 rtfail 0 [0.1 s]
#   unit {'pos': 370, 'blk': None}: om1 0 pos 0 st1 0 fail1 0 t4 0 t4only 0 t2only 0 rtfail 0 [0.1 s]
#   unit {'pos': 371, 'blk': None}: om1 0 pos 0 st1 0 fail1 0 t4 0 t4only 0 t2only 0 rtfail 0 [0.0 s]
#   unit {'pos': 372, 'blk': None}: om1 0 pos 0 st1 0 fail1 0 t4 0 t4only 0 t2only 0 rtfail 0 [0.1 s]
#   unit {'pos': 373, 'blk': None}: om1 0 pos 0 st1 0 fail1 0 t4 0 t4only 0 t2only 0 rtfail 0 [0.1 s]
#   unit {'pos': 375, 'blk': None}: om1 0 pos 0 st1 0 fail1 0 t4 0 t4only 0 t2only 0 rtfail 0 [0.1 s]
#   unit {'pos': 374, 'blk': None}: om1 0 pos 0 st1 0 fail1 0 t4 0 t4only 0 t2only 0 rtfail 0 [0.1 s]
#   unit {'pos': 376, 'blk': None}: om1 0 pos 0 st1 0 fail1 0 t4 0 t4only 0 t2only 0 rtfail 0 [0.1 s]
#   unit {'pos': 377, 'blk': None}: om1 0 pos 0 st1 0 fail1 0 t4 0 t4only 0 t2only 0 rtfail 0 [0.1 s]
#   unit {'pos': 378, 'blk': None}: om1 0 pos 0 st1 0 fail1 0 t4 0 t4only 0 t2only 0 rtfail 0 [0.1 s]
#   unit {'pos': 379, 'blk': None}: om1 0 pos 0 st1 0 fail1 0 t4 0 t4only 0 t2only 0 rtfail 0 [0.0 s]
#   unit {'pos': 380, 'blk': None}: om1 0 pos 0 st1 0 fail1 0 t4 0 t4only 0 t2only 0 rtfail 0 [0.1 s]
#   unit {'pos': 381, 'blk': None}: om1 0 pos 0 st1 0 fail1 0 t4 0 t4only 0 t2only 0 rtfail 0 [0.1 s]
#   unit {'pos': 382, 'blk': None}: om1 0 pos 0 st1 0 fail1 0 t4 0 t4only 0 t2only 0 rtfail 0 [0.1 s]
#   unit {'pos': 383, 'blk': None}: om1 0 pos 0 st1 0 fail1 0 t4 0 t4only 0 t2only 0 rtfail 0 [0.1 s]
#   unit {'pos': 384, 'blk': None}: om1 0 pos 0 st1 0 fail1 0 t4 0 t4only 0 t2only 0 rtfail 0 [0.1 s]
#   unit {'pos': 385, 'blk': None}: om1 0 pos 0 st1 0 fail1 0 t4 0 t4only 0 t2only 0 rtfail 0 [0.1 s]
#   unit {'pos': 387, 'blk': None}: om1 0 pos 0 st1 0 fail1 0 t4 0 t4only 0 t2only 0 rtfail 0 [0.1 s]
#   unit {'pos': 388, 'blk': None}: om1 0 pos 0 st1 0 fail1 0 t4 0 t4only 0 t2only 0 rtfail 0 [0.1 s]
#   unit {'pos': 389, 'blk': None}: om1 0 pos 0 st1 0 fail1 0 t4 0 t4only 0 t2only 0 rtfail 0 [0.1 s]
#   unit {'pos': 390, 'blk': None}: om1 0 pos 0 st1 0 fail1 0 t4 0 t4only 0 t2only 0 rtfail 0 [0.0 s]
#   unit {'pos': 386, 'blk': None}: om1 0 pos 0 st1 0 fail1 0 t4 0 t4only 0 t2only 0 rtfail 0 [0.1 s]
#   unit {'pos': 393, 'blk': None}: om1 0 pos 0 st1 0 fail1 0 t4 0 t4only 0 t2only 0 rtfail 0 [0.1 s]
#   unit {'pos': 392, 'blk': None}: om1 0 pos 0 st1 0 fail1 0 t4 0 t4only 0 t2only 0 rtfail 0 [0.1 s]
#   unit {'pos': 391, 'blk': None}: om1 0 pos 0 st1 0 fail1 0 t4 0 t4only 0 t2only 0 rtfail 0 [0.1 s]
#   unit {'pos': 394, 'blk': None}: om1 0 pos 0 st1 0 fail1 0 t4 0 t4only 0 t2only 0 rtfail 0 [0.1 s]
#   unit {'pos': 397, 'blk': None}: om1 0 pos 0 st1 0 fail1 0 t4 0 t4only 0 t2only 0 rtfail 0 [0.1 s]
#   unit {'pos': 395, 'blk': None}: om1 1 pos 0 st1 0 fail1 0 t4 0 t4only 0 t2only 0 rtfail 0 [0.1 s]
#   unit {'pos': 396, 'blk': None}: om1 0 pos 0 st1 0 fail1 0 t4 0 t4only 0 t2only 0 rtfail 0 [0.1 s]
#   unit {'pos': 398, 'blk': None}: om1 0 pos 0 st1 0 fail1 0 t4 0 t4only 0 t2only 0 rtfail 0 [0.1 s]
#   unit {'pos': 400, 'blk': None}: om1 0 pos 0 st1 0 fail1 0 t4 0 t4only 0 t2only 0 rtfail 0 [0.1 s]
#   unit {'pos': 399, 'blk': None}: om1 0 pos 0 st1 0 fail1 0 t4 0 t4only 0 t2only 0 rtfail 0 [0.1 s]
#   unit {'pos': 401, 'blk': None}: om1 0 pos 0 st1 0 fail1 0 t4 0 t4only 0 t2only 0 rtfail 0 [0.0 s]
#   unit {'pos': 402, 'blk': None}: om1 0 pos 0 st1 0 fail1 0 t4 0 t4only 0 t2only 0 rtfail 0 [0.1 s]
#   unit {'pos': 403, 'blk': None}: om1 0 pos 0 st1 0 fail1 0 t4 0 t4only 0 t2only 0 rtfail 0 [0.1 s]
#   unit {'pos': 404, 'blk': None}: om1 0 pos 0 st1 0 fail1 0 t4 0 t4only 0 t2only 0 rtfail 0 [0.1 s]
#   unit {'pos': 405, 'blk': None}: om1 0 pos 0 st1 0 fail1 0 t4 0 t4only 0 t2only 0 rtfail 0 [0.0 s]
#   unit {'pos': 406, 'blk': None}: om1 0 pos 0 st1 0 fail1 0 t4 0 t4only 0 t2only 0 rtfail 0 [0.1 s]
#   unit {'pos': 407, 'blk': None}: om1 0 pos 0 st1 0 fail1 0 t4 0 t4only 0 t2only 0 rtfail 0 [0.1 s]
#   unit {'pos': 409, 'blk': None}: om1 0 pos 0 st1 0 fail1 0 t4 0 t4only 0 t2only 0 rtfail 0 [0.1 s]
#   unit {'pos': 408, 'blk': None}: om1 0 pos 0 st1 0 fail1 0 t4 0 t4only 0 t2only 0 rtfail 0 [0.1 s]
#   unit {'pos': 410, 'blk': None}: om1 0 pos 0 st1 0 fail1 0 t4 0 t4only 0 t2only 0 rtfail 0 [0.1 s]
#   unit {'pos': 412, 'blk': None}: om1 0 pos 0 st1 0 fail1 0 t4 0 t4only 0 t2only 0 rtfail 0 [0.1 s]
#   unit {'pos': 413, 'blk': None}: om1 0 pos 0 st1 0 fail1 0 t4 0 t4only 0 t2only 0 rtfail 0 [0.1 s]
#   unit {'pos': 411, 'blk': None}: om1 0 pos 0 st1 0 fail1 0 t4 0 t4only 0 t2only 0 rtfail 0 [0.1 s]
#   unit {'pos': 414, 'blk': None}: om1 0 pos 0 st1 0 fail1 0 t4 0 t4only 0 t2only 0 rtfail 0 [0.1 s]
#   unit {'pos': 415, 'blk': None}: om1 0 pos 0 st1 0 fail1 0 t4 0 t4only 0 t2only 0 rtfail 0 [0.1 s]
#   unit {'pos': 416, 'blk': None}: om1 0 pos 0 st1 0 fail1 0 t4 0 t4only 0 t2only 0 rtfail 0 [0.1 s]
#   unit {'pos': 417, 'blk': None}: om1 0 pos 0 st1 0 fail1 0 t4 0 t4only 0 t2only 0 rtfail 0 [0.1 s]
#   unit {'pos': 418, 'blk': None}: om1 0 pos 0 st1 0 fail1 0 t4 0 t4only 0 t2only 0 rtfail 0 [0.1 s]
#   unit {'pos': 421, 'blk': None}: om1 0 pos 0 st1 0 fail1 0 t4 0 t4only 0 t2only 0 rtfail 0 [0.0 s]
#   unit {'pos': 419, 'blk': None}: om1 0 pos 0 st1 0 fail1 0 t4 0 t4only 0 t2only 0 rtfail 0 [0.1 s]
#   unit {'pos': 420, 'blk': None}: om1 0 pos 0 st1 0 fail1 0 t4 0 t4only 0 t2only 0 rtfail 0 [0.1 s]
#   unit {'pos': 422, 'blk': None}: om1 0 pos 0 st1 0 fail1 0 t4 0 t4only 0 t2only 0 rtfail 0 [0.1 s]
#   unit {'pos': 423, 'blk': None}: om1 0 pos 0 st1 0 fail1 0 t4 0 t4only 0 t2only 0 rtfail 0 [0.1 s]
#   unit {'pos': 424, 'blk': None}: om1 0 pos 0 st1 0 fail1 0 t4 0 t4only 0 t2only 0 rtfail 0 [0.1 s]
#   unit {'pos': 425, 'blk': None}: om1 0 pos 0 st1 0 fail1 0 t4 0 t4only 0 t2only 0 rtfail 0 [0.1 s]
#   unit {'pos': 427, 'blk': None}: om1 0 pos 0 st1 0 fail1 0 t4 0 t4only 0 t2only 0 rtfail 0 [0.1 s]
#   unit {'pos': 428, 'blk': None}: om1 0 pos 0 st1 0 fail1 0 t4 0 t4only 0 t2only 0 rtfail 0 [0.1 s]
#   unit {'pos': 426, 'blk': None}: om1 0 pos 0 st1 0 fail1 0 t4 0 t4only 0 t2only 0 rtfail 0 [0.1 s]
#   unit {'pos': 429, 'blk': None}: om1 0 pos 0 st1 0 fail1 0 t4 0 t4only 0 t2only 0 rtfail 0 [0.1 s]
#   unit {'pos': 431, 'blk': None}: om1 0 pos 0 st1 0 fail1 0 t4 0 t4only 0 t2only 0 rtfail 0 [0.1 s]
#   unit {'pos': 430, 'blk': None}: om1 0 pos 0 st1 0 fail1 0 t4 0 t4only 0 t2only 0 rtfail 0 [0.1 s]
#   unit {'pos': 432, 'blk': None}: om1 0 pos 0 st1 0 fail1 0 t4 0 t4only 0 t2only 0 rtfail 0 [0.1 s]
#   unit {'pos': 433, 'blk': None}: om1 0 pos 0 st1 0 fail1 0 t4 0 t4only 0 t2only 0 rtfail 0 [0.1 s]
#   unit {'pos': 434, 'blk': None}: om1 0 pos 0 st1 0 fail1 0 t4 0 t4only 0 t2only 0 rtfail 0 [0.1 s]
#   unit {'pos': 436, 'blk': None}: om1 0 pos 0 st1 0 fail1 0 t4 0 t4only 0 t2only 0 rtfail 0 [0.1 s]
#   unit {'pos': 435, 'blk': None}: om1 0 pos 0 st1 0 fail1 0 t4 0 t4only 0 t2only 0 rtfail 0 [0.1 s]
#   unit {'pos': 437, 'blk': None}: om1 0 pos 0 st1 0 fail1 0 t4 0 t4only 0 t2only 0 rtfail 0 [0.1 s]
#   unit {'pos': 438, 'blk': None}: om1 1 pos 0 st1 0 fail1 0 t4 0 t4only 0 t2only 0 rtfail 0 [0.0 s]
#   unit {'pos': 439, 'blk': None}: om1 0 pos 0 st1 0 fail1 0 t4 0 t4only 0 t2only 0 rtfail 0 [0.1 s]
#   unit {'pos': 440, 'blk': None}: om1 0 pos 0 st1 0 fail1 0 t4 0 t4only 0 t2only 0 rtfail 0 [0.1 s]
#   unit {'pos': 441, 'blk': None}: om1 0 pos 0 st1 0 fail1 0 t4 0 t4only 0 t2only 0 rtfail 0 [0.0 s]
#   unit {'pos': 442, 'blk': None}: om1 2 pos 0 st1 0 fail1 0 t4 0 t4only 0 t2only 0 rtfail 0 [0.0 s]
#   unit {'pos': 443, 'blk': None}: om1 1 pos 0 st1 0 fail1 0 t4 0 t4only 0 t2only 0 rtfail 0 [0.0 s]
#   unit {'pos': 444, 'blk': None}: om1 0 pos 0 st1 0 fail1 0 t4 0 t4only 0 t2only 0 rtfail 0 [0.1 s]
#   unit {'pos': 445, 'blk': None}: om1 0 pos 0 st1 0 fail1 0 t4 0 t4only 0 t2only 0 rtfail 0 [0.0 s]
#   unit {'pos': 446, 'blk': None}: om1 0 pos 0 st1 0 fail1 0 t4 0 t4only 0 t2only 0 rtfail 0 [0.0 s]
#   unit {'pos': 447, 'blk': None}: om1 0 pos 0 st1 0 fail1 0 t4 0 t4only 0 t2only 0 rtfail 0 [0.0 s]
#   unit {'pos': 449, 'blk': None}: om1 0 pos 0 st1 0 fail1 0 t4 0 t4only 0 t2only 0 rtfail 0 [0.1 s]
#   unit {'pos': 448, 'blk': None}: om1 0 pos 0 st1 0 fail1 0 t4 0 t4only 0 t2only 0 rtfail 0 [0.1 s]
#   unit {'pos': 451, 'blk': None}: om1 0 pos 0 st1 0 fail1 0 t4 0 t4only 0 t2only 0 rtfail 0 [0.0 s]
#   unit {'pos': 450, 'blk': None}: om1 0 pos 0 st1 0 fail1 0 t4 0 t4only 0 t2only 0 rtfail 0 [0.1 s]
#   unit {'pos': 452, 'blk': None}: om1 0 pos 0 st1 0 fail1 0 t4 0 t4only 0 t2only 0 rtfail 0 [0.1 s]
#   unit {'pos': 453, 'blk': None}: om1 0 pos 0 st1 0 fail1 0 t4 0 t4only 0 t2only 0 rtfail 0 [0.1 s]
#   unit {'pos': 454, 'blk': None}: om1 0 pos 0 st1 0 fail1 0 t4 0 t4only 0 t2only 0 rtfail 0 [0.1 s]
#   unit {'pos': 455, 'blk': None}: om1 0 pos 0 st1 0 fail1 0 t4 0 t4only 0 t2only 0 rtfail 0 [0.1 s]
#   unit {'pos': 456, 'blk': None}: om1 0 pos 0 st1 0 fail1 0 t4 0 t4only 0 t2only 0 rtfail 0 [0.1 s]
#   unit {'pos': 458, 'blk': None}: om1 0 pos 0 st1 0 fail1 0 t4 0 t4only 0 t2only 0 rtfail 0 [0.1 s]
#   unit {'pos': 459, 'blk': None}: om1 0 pos 0 st1 0 fail1 0 t4 0 t4only 0 t2only 0 rtfail 0 [0.1 s]
#   unit {'pos': 457, 'blk': None}: om1 0 pos 0 st1 0 fail1 0 t4 0 t4only 0 t2only 0 rtfail 0 [0.1 s]
#   unit {'pos': 460, 'blk': None}: om1 0 pos 0 st1 0 fail1 0 t4 0 t4only 0 t2only 0 rtfail 0 [0.1 s]
#   unit {'pos': 461, 'blk': None}: om1 0 pos 0 st1 0 fail1 0 t4 0 t4only 0 t2only 0 rtfail 0 [0.1 s]
#   unit {'pos': 462, 'blk': None}: om1 0 pos 0 st1 0 fail1 0 t4 0 t4only 0 t2only 0 rtfail 0 [0.1 s]
#   unit {'pos': 463, 'blk': None}: om1 0 pos 0 st1 0 fail1 0 t4 0 t4only 0 t2only 0 rtfail 0 [0.1 s]
#   unit {'pos': 464, 'blk': None}: om1 0 pos 0 st1 0 fail1 0 t4 0 t4only 0 t2only 0 rtfail 0 [0.1 s]
#   unit {'pos': 465, 'blk': None}: om1 0 pos 0 st1 0 fail1 0 t4 0 t4only 0 t2only 0 rtfail 0 [0.1 s]
#   unit {'pos': 466, 'blk': None}: om1 0 pos 0 st1 0 fail1 0 t4 0 t4only 0 t2only 0 rtfail 0 [0.1 s]
#   unit {'pos': 467, 'blk': None}: om1 0 pos 0 st1 0 fail1 0 t4 0 t4only 0 t2only 0 rtfail 0 [0.1 s]
#   unit {'pos': 468, 'blk': None}: om1 0 pos 0 st1 0 fail1 0 t4 0 t4only 0 t2only 0 rtfail 0 [0.1 s]
#   unit {'pos': 470, 'blk': None}: om1 0 pos 0 st1 0 fail1 0 t4 0 t4only 0 t2only 0 rtfail 0 [0.0 s]
#   unit {'pos': 469, 'blk': None}: om1 0 pos 0 st1 0 fail1 0 t4 0 t4only 0 t2only 0 rtfail 0 [0.1 s]
#   unit {'pos': 471, 'blk': None}: om1 0 pos 0 st1 0 fail1 0 t4 0 t4only 0 t2only 0 rtfail 0 [0.1 s]
#   unit {'pos': 472, 'blk': None}: om1 0 pos 0 st1 0 fail1 0 t4 0 t4only 0 t2only 0 rtfail 0 [0.1 s]
#   unit {'pos': 473, 'blk': None}: om1 0 pos 0 st1 0 fail1 0 t4 0 t4only 0 t2only 0 rtfail 0 [0.1 s]
#   unit {'pos': 474, 'blk': None}: om1 0 pos 0 st1 0 fail1 0 t4 0 t4only 0 t2only 0 rtfail 0 [0.1 s]
#   unit {'pos': 475, 'blk': None}: om1 0 pos 0 st1 0 fail1 0 t4 0 t4only 0 t2only 0 rtfail 0 [0.1 s]
#   unit {'pos': 476, 'blk': None}: om1 0 pos 0 st1 0 fail1 0 t4 0 t4only 0 t2only 0 rtfail 0 [0.1 s]
#   unit {'pos': 477, 'blk': None}: om1 1 pos 0 st1 0 fail1 0 t4 0 t4only 0 t2only 0 rtfail 0 [0.1 s]
#   unit {'pos': 478, 'blk': None}: om1 0 pos 0 st1 0 fail1 0 t4 0 t4only 0 t2only 0 rtfail 0 [0.1 s]
#   unit {'pos': 479, 'blk': None}: om1 0 pos 0 st1 0 fail1 0 t4 0 t4only 0 t2only 0 rtfail 0 [0.0 s]
#   unit {'pos': 480, 'blk': None}: om1 0 pos 0 st1 0 fail1 0 t4 0 t4only 0 t2only 0 rtfail 0 [0.1 s]
#   unit {'pos': 481, 'blk': None}: om1 0 pos 0 st1 0 fail1 0 t4 0 t4only 0 t2only 0 rtfail 0 [0.1 s]
#   unit {'pos': 483, 'blk': None}: om1 0 pos 0 st1 0 fail1 0 t4 0 t4only 0 t2only 0 rtfail 0 [0.1 s]
#   unit {'pos': 482, 'blk': None}: om1 0 pos 0 st1 0 fail1 0 t4 0 t4only 0 t2only 0 rtfail 0 [0.1 s]
#   unit {'pos': 484, 'blk': None}: om1 0 pos 0 st1 0 fail1 0 t4 0 t4only 0 t2only 0 rtfail 0 [0.1 s]
#   unit {'pos': 485, 'blk': None}: om1 1 pos 0 st1 0 fail1 0 t4 0 t4only 0 t2only 0 rtfail 0 [0.0 s]
#   unit {'pos': 486, 'blk': None}: om1 2 pos 0 st1 0 fail1 0 t4 0 t4only 0 t2only 0 rtfail 0 [0.0 s]
#   unit {'pos': 487, 'blk': None}: om1 0 pos 0 st1 0 fail1 0 t4 0 t4only 0 t2only 0 rtfail 0 [0.1 s]
#   unit {'pos': 489, 'blk': None}: om1 0 pos 0 st1 0 fail1 0 t4 0 t4only 0 t2only 0 rtfail 0 [0.0 s]
#   unit {'pos': 488, 'blk': None}: om1 0 pos 0 st1 0 fail1 0 t4 0 t4only 0 t2only 0 rtfail 0 [0.1 s]
#   unit {'pos': 490, 'blk': None}: om1 0 pos 0 st1 0 fail1 0 t4 0 t4only 0 t2only 0 rtfail 0 [0.1 s]
#   unit {'pos': 492, 'blk': None}: om1 0 pos 0 st1 0 fail1 0 t4 0 t4only 0 t2only 0 rtfail 0 [0.1 s]
#   unit {'pos': 493, 'blk': None}: om1 0 pos 0 st1 0 fail1 0 t4 0 t4only 0 t2only 0 rtfail 0 [0.1 s]
#   unit {'pos': 491, 'blk': None}: om1 0 pos 0 st1 0 fail1 0 t4 0 t4only 0 t2only 0 rtfail 0 [0.1 s]
#   unit {'pos': 494, 'blk': None}: om1 1 pos 0 st1 0 fail1 0 t4 0 t4only 0 t2only 0 rtfail 0 [0.0 s]
#   unit {'pos': 498, 'blk': None}: om1 0 pos 0 st1 0 fail1 0 t4 0 t4only 0 t2only 0 rtfail 0 [0.1 s]
#   unit {'pos': 496, 'blk': None}: om1 0 pos 0 st1 0 fail1 0 t4 0 t4only 0 t2only 0 rtfail 0 [0.1 s]
#   unit {'pos': 495, 'blk': None}: om1 0 pos 0 st1 0 fail1 0 t4 0 t4only 0 t2only 0 rtfail 0 [0.1 s]
#   unit {'pos': 497, 'blk': None}: om1 0 pos 0 st1 0 fail1 0 t4 0 t4only 0 t2only 0 rtfail 0 [0.1 s]
#   unit {'pos': 499, 'blk': None}: om1 0 pos 0 st1 0 fail1 0 t4 0 t4only 0 t2only 0 rtfail 0 [0.1 s]
#   unit {'pos': 501, 'blk': None}: om1 1 pos 0 st1 0 fail1 0 t4 0 t4only 0 t2only 0 rtfail 0 [0.1 s]
#   unit {'pos': 500, 'blk': None}: om1 0 pos 0 st1 0 fail1 0 t4 0 t4only 0 t2only 0 rtfail 0 [0.1 s]
#   unit {'pos': 502, 'blk': None}: om1 0 pos 0 st1 0 fail1 0 t4 0 t4only 0 t2only 0 rtfail 0 [0.1 s]
#   unit {'pos': 503, 'blk': None}: om1 0 pos 0 st1 0 fail1 0 t4 0 t4only 0 t2only 0 rtfail 0 [0.1 s]
#   unit {'pos': 504, 'blk': None}: om1 0 pos 0 st1 0 fail1 0 t4 0 t4only 0 t2only 0 rtfail 0 [0.1 s]
#   unit {'pos': 505, 'blk': None}: om1 0 pos 0 st1 0 fail1 0 t4 0 t4only 0 t2only 0 rtfail 0 [0.1 s]
#   unit {'pos': 506, 'blk': None}: om1 0 pos 0 st1 0 fail1 0 t4 0 t4only 0 t2only 0 rtfail 0 [0.1 s]
#   unit {'pos': 509, 'blk': None}: om1 0 pos 0 st1 0 fail1 0 t4 0 t4only 0 t2only 0 rtfail 0 [0.0 s]
#   unit {'pos': 508, 'blk': None}: om1 0 pos 0 st1 0 fail1 0 t4 0 t4only 0 t2only 0 rtfail 0 [0.1 s]
#   unit {'pos': 507, 'blk': None}: om1 0 pos 0 st1 0 fail1 0 t4 0 t4only 0 t2only 0 rtfail 0 [0.1 s]
#   unit {'pos': 510, 'blk': None}: om1 0 pos 0 st1 0 fail1 0 t4 0 t4only 0 t2only 0 rtfail 0 [0.0 s]
#   unit {'pos': 511, 'blk': None}: om1 0 pos 0 st1 0 fail1 0 t4 0 t4only 0 t2only 0 rtfail 0 [0.0 s]
#   unit {'pos': 512, 'blk': None}: om1 0 pos 0 st1 0 fail1 0 t4 0 t4only 0 t2only 0 rtfail 0 [0.0 s]
#   unit {'pos': 513, 'blk': None}: om1 0 pos 0 st1 0 fail1 0 t4 0 t4only 0 t2only 0 rtfail 0 [0.0 s]
#   unit {'pos': 514, 'blk': None}: om1 1 pos 0 st1 0 fail1 0 t4 0 t4only 0 t2only 0 rtfail 0 [0.0 s]
#   unit {'pos': 516, 'blk': None}: om1 1 pos 0 st1 0 fail1 0 t4 0 t4only 0 t2only 0 rtfail 0 [0.0 s]
#   unit {'pos': 515, 'blk': None}: om1 0 pos 0 st1 0 fail1 0 t4 0 t4only 0 t2only 0 rtfail 0 [0.1 s]
#   unit {'pos': 517, 'blk': None}: om1 0 pos 0 st1 0 fail1 0 t4 0 t4only 0 t2only 0 rtfail 0 [0.1 s]
#   unit {'pos': 518, 'blk': None}: om1 0 pos 0 st1 0 fail1 0 t4 0 t4only 0 t2only 0 rtfail 0 [0.0 s]
#   unit {'pos': 519, 'blk': None}: om1 0 pos 0 st1 0 fail1 0 t4 0 t4only 0 t2only 0 rtfail 0 [0.0 s]
#   unit {'pos': 520, 'blk': None}: om1 0 pos 0 st1 0 fail1 0 t4 0 t4only 0 t2only 0 rtfail 0 [0.1 s]
#   unit {'pos': 521, 'blk': None}: om1 0 pos 0 st1 0 fail1 0 t4 0 t4only 0 t2only 0 rtfail 0 [0.1 s]
#   unit {'pos': 522, 'blk': None}: om1 0 pos 0 st1 0 fail1 0 t4 0 t4only 0 t2only 0 rtfail 0 [0.1 s]
#   unit {'pos': 524, 'blk': None}: om1 0 pos 0 st1 0 fail1 0 t4 0 t4only 0 t2only 0 rtfail 0 [0.1 s]
#   unit {'pos': 523, 'blk': None}: om1 0 pos 0 st1 0 fail1 0 t4 0 t4only 0 t2only 0 rtfail 0 [0.1 s]
#   unit {'pos': 525, 'blk': None}: om1 0 pos 0 st1 0 fail1 0 t4 0 t4only 0 t2only 0 rtfail 0 [0.1 s]
#   unit {'pos': 527, 'blk': None}: om1 1 pos 0 st1 0 fail1 0 t4 0 t4only 0 t2only 0 rtfail 0 [0.0 s]
#   unit {'pos': 526, 'blk': None}: om1 0 pos 0 st1 0 fail1 0 t4 0 t4only 0 t2only 0 rtfail 0 [0.1 s]
#   unit {'pos': 528, 'blk': None}: om1 1 pos 0 st1 0 fail1 0 t4 0 t4only 0 t2only 0 rtfail 0 [0.1 s]
#   unit {'pos': 529, 'blk': None}: om1 0 pos 0 st1 0 fail1 0 t4 0 t4only 0 t2only 0 rtfail 0 [0.1 s]
#   unit {'pos': 530, 'blk': None}: om1 0 pos 0 st1 0 fail1 0 t4 0 t4only 0 t2only 0 rtfail 0 [0.1 s]
#   unit {'pos': 531, 'blk': None}: om1 0 pos 0 st1 0 fail1 0 t4 0 t4only 0 t2only 0 rtfail 0 [0.1 s]
#   unit {'pos': 532, 'blk': None}: om1 0 pos 0 st1 0 fail1 0 t4 0 t4only 0 t2only 0 rtfail 0 [0.1 s]
#   unit {'pos': 533, 'blk': None}: om1 0 pos 0 st1 0 fail1 0 t4 0 t4only 0 t2only 0 rtfail 0 [0.1 s]
#   unit {'pos': 534, 'blk': None}: om1 0 pos 0 st1 0 fail1 0 t4 0 t4only 0 t2only 0 rtfail 0 [0.0 s]
#   unit {'pos': 535, 'blk': None}: om1 0 pos 0 st1 0 fail1 0 t4 0 t4only 0 t2only 0 rtfail 0 [0.1 s]
#   unit {'pos': 536, 'blk': None}: om1 0 pos 0 st1 0 fail1 0 t4 0 t4only 0 t2only 0 rtfail 0 [0.1 s]
#   unit {'pos': 537, 'blk': None}: om1 2 pos 0 st1 0 fail1 0 t4 0 t4only 0 t2only 0 rtfail 0 [0.1 s]
#   unit {'pos': 538, 'blk': None}: om1 1 pos 0 st1 0 fail1 0 t4 0 t4only 0 t2only 0 rtfail 0 [0.1 s]
#   unit {'pos': 539, 'blk': None}: om1 0 pos 0 st1 0 fail1 0 t4 0 t4only 0 t2only 0 rtfail 0 [0.1 s]
#   unit {'pos': 540, 'blk': None}: om1 0 pos 0 st1 0 fail1 0 t4 0 t4only 0 t2only 0 rtfail 0 [0.1 s]
#   unit {'pos': 541, 'blk': None}: om1 0 pos 0 st1 0 fail1 0 t4 0 t4only 0 t2only 0 rtfail 0 [0.1 s]
#   unit {'pos': 542, 'blk': None}: om1 0 pos 0 st1 0 fail1 0 t4 0 t4only 0 t2only 0 rtfail 0 [0.1 s]
#   unit {'pos': 543, 'blk': None}: om1 0 pos 0 st1 0 fail1 0 t4 0 t4only 0 t2only 0 rtfail 0 [0.0 s]
#   unit {'pos': 544, 'blk': None}: om1 0 pos 0 st1 0 fail1 0 t4 0 t4only 0 t2only 0 rtfail 0 [0.0 s]
#   unit {'pos': 546, 'blk': None}: om1 0 pos 0 st1 0 fail1 0 t4 0 t4only 0 t2only 0 rtfail 0 [0.1 s]
#   unit {'pos': 547, 'blk': None}: om1 0 pos 0 st1 0 fail1 0 t4 0 t4only 0 t2only 0 rtfail 0 [0.1 s]
#   unit {'pos': 548, 'blk': None}: om1 0 pos 0 st1 0 fail1 0 t4 0 t4only 0 t2only 0 rtfail 0 [0.1 s]
#   unit {'pos': 545, 'blk': None}: om1 0 pos 0 st1 0 fail1 0 t4 0 t4only 0 t2only 0 rtfail 0 [0.1 s]
#   unit {'pos': 549, 'blk': None}: om1 0 pos 0 st1 0 fail1 0 t4 0 t4only 0 t2only 0 rtfail 0 [0.1 s]
#   unit {'pos': 551, 'blk': None}: om1 0 pos 0 st1 0 fail1 0 t4 0 t4only 0 t2only 0 rtfail 0 [0.1 s]
#   unit {'pos': 550, 'blk': None}: om1 0 pos 0 st1 0 fail1 0 t4 0 t4only 0 t2only 0 rtfail 0 [0.1 s]
#   unit {'pos': 552, 'blk': None}: om1 0 pos 0 st1 0 fail1 0 t4 0 t4only 0 t2only 0 rtfail 0 [0.1 s]
#   unit {'pos': 553, 'blk': None}: om1 0 pos 0 st1 0 fail1 0 t4 0 t4only 0 t2only 0 rtfail 0 [0.1 s]
#   unit {'pos': 555, 'blk': None}: om1 0 pos 0 st1 0 fail1 0 t4 0 t4only 0 t2only 0 rtfail 0 [0.1 s]
#   unit {'pos': 554, 'blk': None}: om1 0 pos 0 st1 0 fail1 0 t4 0 t4only 0 t2only 0 rtfail 0 [0.1 s]
#   unit {'pos': 556, 'blk': None}: om1 0 pos 0 st1 0 fail1 0 t4 0 t4only 0 t2only 0 rtfail 0 [0.1 s]
#   unit {'pos': 557, 'blk': None}: om1 0 pos 0 st1 0 fail1 0 t4 0 t4only 0 t2only 0 rtfail 0 [0.1 s]
#   unit {'pos': 558, 'blk': None}: om1 0 pos 0 st1 0 fail1 0 t4 0 t4only 0 t2only 0 rtfail 0 [0.1 s]
#   unit {'pos': 559, 'blk': None}: om1 0 pos 0 st1 0 fail1 0 t4 0 t4only 0 t2only 0 rtfail 0 [0.1 s]
#   unit {'pos': 560, 'blk': None}: om1 0 pos 0 st1 0 fail1 0 t4 0 t4only 0 t2only 0 rtfail 0 [0.1 s]
#   unit {'pos': 561, 'blk': None}: om1 0 pos 0 st1 0 fail1 0 t4 0 t4only 0 t2only 0 rtfail 0 [0.1 s]
#   unit {'pos': 562, 'blk': None}: om1 0 pos 0 st1 0 fail1 0 t4 0 t4only 0 t2only 0 rtfail 0 [0.1 s]
#   unit {'pos': 563, 'blk': None}: om1 0 pos 0 st1 0 fail1 0 t4 0 t4only 0 t2only 0 rtfail 0 [0.1 s]
#   unit {'pos': 564, 'blk': None}: om1 0 pos 0 st1 0 fail1 0 t4 0 t4only 0 t2only 0 rtfail 0 [0.1 s]
#   unit {'pos': 565, 'blk': None}: om1 0 pos 0 st1 0 fail1 0 t4 0 t4only 0 t2only 0 rtfail 0 [0.1 s]
#   unit {'pos': 566, 'blk': None}: om1 1 pos 0 st1 0 fail1 0 t4 0 t4only 0 t2only 0 rtfail 0 [0.1 s]
#   unit {'pos': 567, 'blk': None}: om1 1 pos 0 st1 0 fail1 0 t4 0 t4only 0 t2only 0 rtfail 0 [0.1 s]
#   unit {'pos': 569, 'blk': None}: om1 0 pos 0 st1 0 fail1 0 t4 0 t4only 0 t2only 0 rtfail 0 [0.1 s]
#   unit {'pos': 570, 'blk': None}: om1 0 pos 0 st1 0 fail1 0 t4 0 t4only 0 t2only 0 rtfail 0 [0.1 s]
#   unit {'pos': 568, 'blk': None}: om1 0 pos 0 st1 0 fail1 0 t4 0 t4only 0 t2only 0 rtfail 0 [0.1 s]
#   unit {'pos': 571, 'blk': None}: om1 0 pos 0 st1 0 fail1 0 t4 0 t4only 0 t2only 0 rtfail 0 [0.1 s]
#   unit {'pos': 572, 'blk': None}: om1 0 pos 0 st1 0 fail1 0 t4 0 t4only 0 t2only 0 rtfail 0 [0.1 s]
#   unit {'pos': 573, 'blk': None}: om1 0 pos 0 st1 0 fail1 0 t4 0 t4only 0 t2only 0 rtfail 0 [0.1 s]
#   unit {'pos': 575, 'blk': None}: om1 0 pos 0 st1 0 fail1 0 t4 0 t4only 0 t2only 0 rtfail 0 [0.1 s]
#   unit {'pos': 574, 'blk': None}: om1 0 pos 0 st1 0 fail1 0 t4 0 t4only 0 t2only 0 rtfail 0 [0.1 s]
#   unit {'pos': 576, 'blk': None}: om1 0 pos 0 st1 0 fail1 0 t4 0 t4only 0 t2only 0 rtfail 0 [0.0 s]
#   unit {'pos': 577, 'blk': None}: om1 0 pos 0 st1 0 fail1 0 t4 0 t4only 0 t2only 0 rtfail 0 [0.1 s]
#   unit {'pos': 578, 'blk': None}: om1 0 pos 0 st1 0 fail1 0 t4 0 t4only 0 t2only 0 rtfail 0 [0.1 s]
#   unit {'pos': 579, 'blk': None}: om1 0 pos 0 st1 0 fail1 0 t4 0 t4only 0 t2only 0 rtfail 0 [0.1 s]
#   unit {'pos': 580, 'blk': None}: om1 0 pos 0 st1 0 fail1 0 t4 0 t4only 0 t2only 0 rtfail 0 [0.1 s]
#   unit {'pos': 581, 'blk': None}: om1 0 pos 0 st1 0 fail1 0 t4 0 t4only 0 t2only 0 rtfail 0 [0.1 s]
#   unit {'pos': 582, 'blk': None}: om1 0 pos 0 st1 0 fail1 0 t4 0 t4only 0 t2only 0 rtfail 0 [0.1 s]
#   unit {'pos': 583, 'blk': None}: om1 0 pos 0 st1 0 fail1 0 t4 0 t4only 0 t2only 0 rtfail 0 [0.1 s]
#   unit {'pos': 584, 'blk': None}: om1 0 pos 0 st1 0 fail1 0 t4 0 t4only 0 t2only 0 rtfail 0 [0.1 s]
#   unit {'pos': 586, 'blk': None}: om1 0 pos 0 st1 0 fail1 0 t4 0 t4only 0 t2only 0 rtfail 0 [0.0 s]
#   unit {'pos': 585, 'blk': None}: om1 0 pos 0 st1 0 fail1 0 t4 0 t4only 0 t2only 0 rtfail 0 [0.1 s]
#   unit {'pos': 587, 'blk': None}: om1 0 pos 0 st1 0 fail1 0 t4 0 t4only 0 t2only 0 rtfail 0 [0.0 s]
#   unit {'pos': 588, 'blk': None}: om1 0 pos 0 st1 0 fail1 0 t4 0 t4only 0 t2only 0 rtfail 0 [0.1 s]
#   unit {'pos': 590, 'blk': None}: om1 0 pos 0 st1 0 fail1 0 t4 0 t4only 0 t2only 0 rtfail 0 [0.0 s]
#   unit {'pos': 589, 'blk': None}: om1 0 pos 0 st1 0 fail1 0 t4 0 t4only 0 t2only 0 rtfail 0 [0.1 s]
#   unit {'pos': 591, 'blk': None}: om1 0 pos 0 st1 0 fail1 0 t4 0 t4only 0 t2only 0 rtfail 0 [0.0 s]
#   unit {'pos': 592, 'blk': None}: om1 0 pos 0 st1 0 fail1 0 t4 0 t4only 0 t2only 0 rtfail 0 [0.0 s]
#   unit {'pos': 594, 'blk': None}: om1 0 pos 0 st1 0 fail1 0 t4 0 t4only 0 t2only 0 rtfail 0 [0.0 s]
#   unit {'pos': 593, 'blk': None}: om1 0 pos 0 st1 0 fail1 0 t4 0 t4only 0 t2only 0 rtfail 0 [0.1 s]
#   unit {'pos': 595, 'blk': None}: om1 0 pos 0 st1 0 fail1 0 t4 0 t4only 0 t2only 0 rtfail 0 [0.0 s]
#   unit {'pos': 596, 'blk': None}: om1 0 pos 0 st1 0 fail1 0 t4 0 t4only 0 t2only 0 rtfail 0 [0.0 s]
#   unit {'pos': 597, 'blk': None}: om1 0 pos 0 st1 0 fail1 0 t4 0 t4only 0 t2only 0 rtfail 0 [0.1 s]
#   unit {'pos': 599, 'blk': None}: om1 0 pos 0 st1 0 fail1 0 t4 0 t4only 0 t2only 0 rtfail 0 [0.0 s]
#   unit {'pos': 598, 'blk': None}: om1 0 pos 0 st1 0 fail1 0 t4 0 t4only 0 t2only 0 rtfail 0 [0.1 s]
#   unit {'pos': 602, 'blk': None}: om1 0 pos 0 st1 0 fail1 0 t4 0 t4only 0 t2only 0 rtfail 0 [0.0 s]
#   unit {'pos': 603, 'blk': None}: om1 0 pos 0 st1 0 fail1 0 t4 0 t4only 0 t2only 0 rtfail 0 [0.0 s]
#   unit {'pos': 601, 'blk': None}: om1 1 pos 0 st1 0 fail1 0 t4 0 t4only 0 t2only 0 rtfail 0 [0.1 s]
#   unit {'pos': 600, 'blk': None}: om1 0 pos 0 st1 0 fail1 0 t4 0 t4only 0 t2only 0 rtfail 0 [0.1 s]
#   unit {'pos': 604, 'blk': None}: om1 0 pos 0 st1 0 fail1 0 t4 0 t4only 0 t2only 0 rtfail 0 [0.0 s]
#   unit {'pos': 605, 'blk': None}: om1 0 pos 0 st1 0 fail1 0 t4 0 t4only 0 t2only 0 rtfail 0 [0.0 s]
#   unit {'pos': 607, 'blk': None}: om1 0 pos 0 st1 0 fail1 0 t4 0 t4only 0 t2only 0 rtfail 0 [0.1 s]
#   unit {'pos': 606, 'blk': None}: om1 0 pos 0 st1 0 fail1 0 t4 0 t4only 0 t2only 0 rtfail 0 [0.1 s]
#   unit {'pos': 608, 'blk': None}: om1 0 pos 0 st1 0 fail1 0 t4 0 t4only 0 t2only 0 rtfail 0 [0.0 s]
#   unit {'pos': 609, 'blk': None}: om1 0 pos 0 st1 0 fail1 0 t4 0 t4only 0 t2only 0 rtfail 0 [0.1 s]
#   unit {'pos': 610, 'blk': None}: om1 0 pos 0 st1 0 fail1 0 t4 0 t4only 0 t2only 0 rtfail 0 [0.1 s]
#   unit {'pos': 611, 'blk': None}: om1 0 pos 0 st1 0 fail1 0 t4 0 t4only 0 t2only 0 rtfail 0 [0.1 s]
#   unit {'pos': 612, 'blk': None}: om1 0 pos 0 st1 0 fail1 0 t4 0 t4only 0 t2only 0 rtfail 0 [0.1 s]
#   unit {'pos': 613, 'blk': None}: om1 0 pos 0 st1 0 fail1 0 t4 0 t4only 0 t2only 0 rtfail 0 [0.1 s]
#   unit {'pos': 614, 'blk': None}: om1 0 pos 0 st1 0 fail1 0 t4 0 t4only 0 t2only 0 rtfail 0 [0.1 s]
#   unit {'pos': 615, 'blk': None}: om1 0 pos 0 st1 0 fail1 0 t4 0 t4only 0 t2only 0 rtfail 0 [0.1 s]
#   unit {'pos': 616, 'blk': None}: om1 0 pos 0 st1 0 fail1 0 t4 0 t4only 0 t2only 0 rtfail 0 [0.1 s]
#   unit {'pos': 617, 'blk': None}: om1 0 pos 0 st1 0 fail1 0 t4 0 t4only 0 t2only 0 rtfail 0 [0.1 s]
#   unit {'pos': 618, 'blk': None}: om1 0 pos 0 st1 0 fail1 0 t4 0 t4only 0 t2only 0 rtfail 0 [0.1 s]
#   unit {'pos': 619, 'blk': None}: om1 0 pos 0 st1 0 fail1 0 t4 0 t4only 0 t2only 0 rtfail 0 [0.1 s]
#   unit {'pos': 620, 'blk': None}: om1 0 pos 0 st1 0 fail1 0 t4 0 t4only 0 t2only 0 rtfail 0 [0.1 s]
#   unit {'pos': 621, 'blk': None}: om1 0 pos 0 st1 0 fail1 0 t4 0 t4only 0 t2only 0 rtfail 0 [0.1 s]
#   unit {'pos': 622, 'blk': None}: om1 0 pos 0 st1 0 fail1 0 t4 0 t4only 0 t2only 0 rtfail 0 [0.0 s]
#   unit {'pos': 623, 'blk': None}: om1 0 pos 0 st1 0 fail1 0 t4 0 t4only 0 t2only 0 rtfail 0 [0.1 s]
#   unit {'pos': 624, 'blk': None}: om1 0 pos 0 st1 0 fail1 0 t4 0 t4only 0 t2only 0 rtfail 0 [0.1 s]
#   unit {'pos': 625, 'blk': None}: om1 0 pos 0 st1 0 fail1 0 t4 0 t4only 0 t2only 0 rtfail 0 [0.1 s]
#   unit {'pos': 626, 'blk': None}: om1 0 pos 0 st1 0 fail1 0 t4 0 t4only 0 t2only 0 rtfail 0 [0.1 s]
#   unit {'pos': 628, 'blk': None}: om1 0 pos 0 st1 0 fail1 0 t4 0 t4only 0 t2only 0 rtfail 0 [0.1 s]
#   unit {'pos': 627, 'blk': None}: om1 0 pos 0 st1 0 fail1 0 t4 0 t4only 0 t2only 0 rtfail 0 [0.1 s]
#   unit {'pos': 629, 'blk': None}: om1 0 pos 0 st1 0 fail1 0 t4 0 t4only 0 t2only 0 rtfail 0 [0.1 s]
#   unit {'pos': 630, 'blk': None}: om1 0 pos 0 st1 0 fail1 0 t4 0 t4only 0 t2only 0 rtfail 0 [0.1 s]
#   unit {'pos': 631, 'blk': None}: om1 0 pos 0 st1 0 fail1 0 t4 0 t4only 0 t2only 0 rtfail 0 [0.1 s]
#   unit {'pos': 632, 'blk': None}: om1 0 pos 0 st1 0 fail1 0 t4 0 t4only 0 t2only 0 rtfail 0 [0.1 s]
#   unit {'pos': 634, 'blk': None}: om1 0 pos 0 st1 0 fail1 0 t4 0 t4only 0 t2only 0 rtfail 0 [0.1 s]
#   unit {'pos': 633, 'blk': None}: om1 0 pos 0 st1 0 fail1 0 t4 0 t4only 0 t2only 0 rtfail 0 [0.1 s]
#   unit {'pos': 635, 'blk': None}: om1 0 pos 0 st1 0 fail1 0 t4 0 t4only 0 t2only 0 rtfail 0 [0.1 s]
#   unit {'pos': 636, 'blk': None}: om1 0 pos 0 st1 0 fail1 0 t4 0 t4only 0 t2only 0 rtfail 0 [0.1 s]
#   unit {'pos': 638, 'blk': None}: om1 0 pos 0 st1 0 fail1 0 t4 0 t4only 0 t2only 0 rtfail 0 [0.1 s]
#   unit {'pos': 637, 'blk': None}: om1 0 pos 0 st1 0 fail1 0 t4 0 t4only 0 t2only 0 rtfail 0 [0.1 s]
#   unit {'pos': 639, 'blk': None}: om1 0 pos 0 st1 0 fail1 0 t4 0 t4only 0 t2only 0 rtfail 0 [0.1 s]
#   unit {'pos': 642, 'blk': None}: om1 0 pos 0 st1 0 fail1 0 t4 0 t4only 0 t2only 0 rtfail 0 [0.1 s]
#   unit {'pos': 641, 'blk': None}: om1 0 pos 0 st1 0 fail1 0 t4 0 t4only 0 t2only 0 rtfail 0 [0.1 s]
#   unit {'pos': 640, 'blk': None}: om1 0 pos 0 st1 0 fail1 0 t4 0 t4only 0 t2only 0 rtfail 0 [0.1 s]
#   unit {'pos': 645, 'blk': None}: om1 0 pos 0 st1 0 fail1 0 t4 0 t4only 0 t2only 0 rtfail 0 [0.1 s]
#   unit {'pos': 644, 'blk': None}: om1 0 pos 0 st1 0 fail1 0 t4 0 t4only 0 t2only 0 rtfail 0 [0.1 s]
#   unit {'pos': 643, 'blk': None}: om1 0 pos 0 st1 0 fail1 0 t4 0 t4only 0 t2only 0 rtfail 0 [0.1 s]
#   unit {'pos': 646, 'blk': None}: om1 0 pos 0 st1 0 fail1 0 t4 0 t4only 0 t2only 0 rtfail 0 [0.1 s]
#   unit {'pos': 649, 'blk': None}: om1 0 pos 0 st1 0 fail1 0 t4 0 t4only 0 t2only 0 rtfail 0 [0.1 s]
#   unit {'pos': 647, 'blk': None}: om1 0 pos 0 st1 0 fail1 0 t4 0 t4only 0 t2only 0 rtfail 0 [0.1 s]
#   unit {'pos': 648, 'blk': None}: om1 0 pos 0 st1 0 fail1 0 t4 0 t4only 0 t2only 0 rtfail 0 [0.1 s]
#   unit {'pos': 650, 'blk': None}: om1 0 pos 0 st1 0 fail1 0 t4 0 t4only 0 t2only 0 rtfail 0 [0.1 s]
#   unit {'pos': 651, 'blk': None}: om1 0 pos 0 st1 0 fail1 0 t4 0 t4only 0 t2only 0 rtfail 0 [0.1 s]
#   unit {'pos': 652, 'blk': None}: om1 0 pos 0 st1 0 fail1 0 t4 0 t4only 0 t2only 0 rtfail 0 [0.1 s]
#   unit {'pos': 653, 'blk': None}: om1 0 pos 0 st1 0 fail1 0 t4 0 t4only 0 t2only 0 rtfail 0 [0.1 s]
#   unit {'pos': 654, 'blk': None}: om1 0 pos 0 st1 0 fail1 0 t4 0 t4only 0 t2only 0 rtfail 0 [0.1 s]
#   unit {'pos': 655, 'blk': None}: om1 0 pos 0 st1 0 fail1 0 t4 0 t4only 0 t2only 0 rtfail 0 [0.1 s]
#   unit {'pos': 657, 'blk': None}: om1 0 pos 0 st1 0 fail1 0 t4 0 t4only 0 t2only 0 rtfail 0 [0.1 s]
#   unit {'pos': 656, 'blk': None}: om1 0 pos 0 st1 0 fail1 0 t4 0 t4only 0 t2only 0 rtfail 0 [0.1 s]
#   unit {'pos': 658, 'blk': None}: om1 0 pos 0 st1 0 fail1 0 t4 0 t4only 0 t2only 0 rtfail 0 [0.1 s]
#   unit {'pos': 661, 'blk': None}: om1 0 pos 0 st1 0 fail1 0 t4 0 t4only 0 t2only 0 rtfail 0 [0.1 s]
#   unit {'pos': 659, 'blk': None}: om1 0 pos 0 st1 0 fail1 0 t4 0 t4only 0 t2only 0 rtfail 0 [0.1 s]
#   unit {'pos': 660, 'blk': None}: om1 0 pos 0 st1 0 fail1 0 t4 0 t4only 0 t2only 0 rtfail 0 [0.1 s]
#   unit {'pos': 662, 'blk': None}: om1 0 pos 0 st1 0 fail1 0 t4 0 t4only 0 t2only 0 rtfail 0 [0.1 s]
#   unit {'pos': 663, 'blk': None}: om1 0 pos 0 st1 0 fail1 0 t4 0 t4only 0 t2only 0 rtfail 0 [0.1 s]
#   unit {'pos': 664, 'blk': None}: om1 0 pos 0 st1 0 fail1 0 t4 0 t4only 0 t2only 0 rtfail 0 [0.1 s]
#   unit {'pos': 666, 'blk': None}: om1 0 pos 0 st1 0 fail1 0 t4 0 t4only 0 t2only 0 rtfail 0 [0.0 s]
#   unit {'pos': 665, 'blk': None}: om1 0 pos 0 st1 0 fail1 0 t4 0 t4only 0 t2only 0 rtfail 0 [0.1 s]
#   unit {'pos': 667, 'blk': None}: om1 0 pos 0 st1 0 fail1 0 t4 0 t4only 0 t2only 0 rtfail 0 [0.1 s]
#   unit {'pos': 668, 'blk': None}: om1 0 pos 0 st1 0 fail1 0 t4 0 t4only 0 t2only 0 rtfail 0 [0.1 s]
#   unit {'pos': 669, 'blk': None}: om1 0 pos 0 st1 0 fail1 0 t4 0 t4only 0 t2only 0 rtfail 0 [0.1 s]
#   unit {'pos': 670, 'blk': None}: om1 0 pos 0 st1 0 fail1 0 t4 0 t4only 0 t2only 0 rtfail 0 [0.1 s]
#   unit {'pos': 672, 'blk': None}: om1 0 pos 0 st1 0 fail1 0 t4 0 t4only 0 t2only 0 rtfail 0 [0.1 s]
#   unit {'pos': 671, 'blk': None}: om1 0 pos 0 st1 0 fail1 0 t4 0 t4only 0 t2only 0 rtfail 0 [0.1 s]
#   unit {'pos': 673, 'blk': None}: om1 0 pos 0 st1 0 fail1 0 t4 0 t4only 0 t2only 0 rtfail 0 [0.1 s]
#   unit {'pos': 674, 'blk': None}: om1 0 pos 0 st1 0 fail1 0 t4 0 t4only 0 t2only 0 rtfail 0 [0.1 s]
#   unit {'pos': 677, 'blk': None}: om1 1 pos 0 st1 0 fail1 0 t4 0 t4only 0 t2only 0 rtfail 0 [0.1 s]
#   unit {'pos': 675, 'blk': None}: om1 0 pos 0 st1 0 fail1 0 t4 0 t4only 0 t2only 0 rtfail 0 [0.1 s]
#   unit {'pos': 676, 'blk': None}: om1 0 pos 0 st1 0 fail1 0 t4 0 t4only 0 t2only 0 rtfail 0 [0.1 s]
#   unit {'pos': 678, 'blk': None}: om1 0 pos 0 st1 0 fail1 0 t4 0 t4only 0 t2only 0 rtfail 0 [0.0 s]
#   unit {'pos': 679, 'blk': None}: om1 0 pos 0 st1 0 fail1 0 t4 0 t4only 0 t2only 0 rtfail 0 [0.1 s]
#   unit {'pos': 680, 'blk': None}: om1 0 pos 0 st1 0 fail1 0 t4 0 t4only 0 t2only 0 rtfail 0 [0.1 s]
#   unit {'pos': 681, 'blk': None}: om1 0 pos 0 st1 0 fail1 0 t4 0 t4only 0 t2only 0 rtfail 0 [0.1 s]
#   unit {'pos': 682, 'blk': None}: om1 0 pos 0 st1 0 fail1 0 t4 0 t4only 0 t2only 0 rtfail 0 [0.0 s]
#   unit {'pos': 683, 'blk': None}: om1 0 pos 0 st1 0 fail1 0 t4 0 t4only 0 t2only 0 rtfail 0 [0.0 s]
#   unit {'pos': 684, 'blk': None}: om1 0 pos 0 st1 0 fail1 0 t4 0 t4only 0 t2only 0 rtfail 0 [0.1 s]
#   unit {'pos': 685, 'blk': None}: om1 0 pos 0 st1 0 fail1 0 t4 0 t4only 0 t2only 0 rtfail 0 [0.0 s]
#   unit {'pos': 686, 'blk': None}: om1 1 pos 0 st1 0 fail1 0 t4 0 t4only 0 t2only 0 rtfail 0 [0.0 s]
#   unit {'pos': 687, 'blk': None}: om1 0 pos 0 st1 0 fail1 0 t4 0 t4only 0 t2only 0 rtfail 0 [0.0 s]
#   unit {'pos': 688, 'blk': None}: om1 0 pos 0 st1 0 fail1 0 t4 0 t4only 0 t2only 0 rtfail 0 [0.0 s]
#   unit {'pos': 689, 'blk': None}: om1 0 pos 0 st1 0 fail1 0 t4 0 t4only 0 t2only 0 rtfail 0 [0.0 s]
#   unit {'pos': 690, 'blk': None}: om1 0 pos 0 st1 0 fail1 0 t4 0 t4only 0 t2only 0 rtfail 0 [0.0 s]
#   unit {'pos': 691, 'blk': None}: om1 0 pos 0 st1 0 fail1 0 t4 0 t4only 0 t2only 0 rtfail 0 [0.0 s]
#   unit {'pos': 692, 'blk': None}: om1 0 pos 0 st1 0 fail1 0 t4 0 t4only 0 t2only 0 rtfail 0 [0.1 s]
#   unit {'pos': 693, 'blk': None}: om1 0 pos 0 st1 0 fail1 0 t4 0 t4only 0 t2only 0 rtfail 0 [0.0 s]
#   unit {'pos': 694, 'blk': None}: om1 0 pos 0 st1 0 fail1 0 t4 0 t4only 0 t2only 0 rtfail 0 [0.0 s]
#   unit {'pos': 695, 'blk': None}: om1 0 pos 0 st1 0 fail1 0 t4 0 t4only 0 t2only 0 rtfail 0 [0.1 s]
#   unit {'pos': 696, 'blk': None}: om1 0 pos 0 st1 0 fail1 0 t4 0 t4only 0 t2only 0 rtfail 0 [0.1 s]
#   unit {'pos': 697, 'blk': None}: om1 0 pos 0 st1 0 fail1 0 t4 0 t4only 0 t2only 0 rtfail 0 [0.1 s]
#   unit {'pos': 698, 'blk': None}: om1 0 pos 0 st1 0 fail1 0 t4 0 t4only 0 t2only 0 rtfail 0 [0.1 s]
#   unit {'pos': 699, 'blk': None}: om1 0 pos 0 st1 0 fail1 0 t4 0 t4only 0 t2only 0 rtfail 0 [0.1 s]
#   unit {'pos': 700, 'blk': None}: om1 0 pos 0 st1 0 fail1 0 t4 0 t4only 0 t2only 0 rtfail 0 [0.1 s]
#   unit {'pos': 701, 'blk': None}: om1 0 pos 0 st1 0 fail1 0 t4 0 t4only 0 t2only 0 rtfail 0 [0.1 s]
#   unit {'pos': 702, 'blk': None}: om1 0 pos 0 st1 0 fail1 0 t4 0 t4only 0 t2only 0 rtfail 0 [0.1 s]
#   unit {'pos': 703, 'blk': None}: om1 0 pos 0 st1 0 fail1 0 t4 0 t4only 0 t2only 0 rtfail 0 [0.1 s]
#   unit {'pos': 704, 'blk': None}: om1 0 pos 0 st1 0 fail1 0 t4 0 t4only 0 t2only 0 rtfail 0 [0.1 s]
#   unit {'pos': 705, 'blk': None}: om1 0 pos 0 st1 0 fail1 0 t4 0 t4only 0 t2only 0 rtfail 0 [0.0 s]
#   unit {'pos': 706, 'blk': None}: om1 0 pos 0 st1 0 fail1 0 t4 0 t4only 0 t2only 0 rtfail 0 [0.0 s]
#   unit {'pos': 708, 'blk': None}: om1 0 pos 0 st1 0 fail1 0 t4 0 t4only 0 t2only 0 rtfail 0 [0.1 s]
#   unit {'pos': 709, 'blk': None}: om1 0 pos 0 st1 0 fail1 0 t4 0 t4only 0 t2only 0 rtfail 0 [0.1 s]
#   unit {'pos': 707, 'blk': None}: om1 0 pos 0 st1 0 fail1 0 t4 0 t4only 0 t2only 0 rtfail 0 [0.1 s]
#   unit {'pos': 710, 'blk': None}: om1 0 pos 0 st1 0 fail1 0 t4 0 t4only 0 t2only 0 rtfail 0 [0.1 s]
#   unit {'pos': 711, 'blk': None}: om1 0 pos 0 st1 0 fail1 0 t4 0 t4only 0 t2only 0 rtfail 0 [0.1 s]
#   unit {'pos': 712, 'blk': None}: om1 0 pos 0 st1 0 fail1 0 t4 0 t4only 0 t2only 0 rtfail 0 [0.1 s]
#   unit {'pos': 713, 'blk': None}: om1 0 pos 0 st1 0 fail1 0 t4 0 t4only 0 t2only 0 rtfail 0 [0.1 s]
#   unit {'pos': 714, 'blk': None}: om1 0 pos 0 st1 0 fail1 0 t4 0 t4only 0 t2only 0 rtfail 0 [0.1 s]
#   unit {'pos': 715, 'blk': None}: om1 0 pos 0 st1 0 fail1 0 t4 0 t4only 0 t2only 0 rtfail 0 [0.1 s]
#   unit {'pos': 716, 'blk': None}: om1 1 pos 0 st1 0 fail1 0 t4 0 t4only 0 t2only 0 rtfail 0 [0.1 s]
#   unit {'pos': 718, 'blk': None}: om1 0 pos 0 st1 0 fail1 0 t4 0 t4only 0 t2only 0 rtfail 0 [0.0 s]
#   unit {'pos': 717, 'blk': None}: om1 0 pos 0 st1 0 fail1 0 t4 0 t4only 0 t2only 0 rtfail 0 [0.1 s]
#   unit {'pos': 719, 'blk': None}: om1 0 pos 0 st1 0 fail1 0 t4 0 t4only 0 t2only 0 rtfail 0 [0.0 s]
#   unit {'pos': 720, 'blk': None}: om1 0 pos 0 st1 0 fail1 0 t4 0 t4only 0 t2only 0 rtfail 0 [0.0 s]
#   unit {'pos': 722, 'blk': None}: om1 0 pos 0 st1 0 fail1 0 t4 0 t4only 0 t2only 0 rtfail 0 [0.0 s]
#   unit {'pos': 723, 'blk': None}: om1 0 pos 0 st1 0 fail1 0 t4 0 t4only 0 t2only 0 rtfail 0 [0.0 s]
#   unit {'pos': 724, 'blk': None}: om1 0 pos 0 st1 0 fail1 0 t4 0 t4only 0 t2only 0 rtfail 0 [0.0 s]
#   unit {'pos': 721, 'blk': None}: om1 0 pos 0 st1 0 fail1 0 t4 0 t4only 0 t2only 0 rtfail 0 [0.1 s]
#   unit {'pos': 725, 'blk': None}: om1 0 pos 0 st1 0 fail1 0 t4 0 t4only 0 t2only 0 rtfail 0 [0.1 s]
#   unit {'pos': 726, 'blk': None}: om1 0 pos 0 st1 0 fail1 0 t4 0 t4only 0 t2only 0 rtfail 0 [0.1 s]
#   unit {'pos': 727, 'blk': None}: om1 0 pos 0 st1 0 fail1 0 t4 0 t4only 0 t2only 0 rtfail 0 [0.1 s]
#   unit {'pos': 728, 'blk': None}: om1 0 pos 0 st1 0 fail1 0 t4 0 t4only 0 t2only 0 rtfail 0 [0.1 s]
#   unit {'pos': 729, 'blk': None}: om1 0 pos 0 st1 0 fail1 0 t4 0 t4only 0 t2only 0 rtfail 0 [0.1 s]
#   unit {'pos': 732, 'blk': None}: om1 0 pos 0 st1 0 fail1 0 t4 0 t4only 0 t2only 0 rtfail 0 [0.1 s]
#   unit {'pos': 731, 'blk': None}: om1 0 pos 0 st1 0 fail1 0 t4 0 t4only 0 t2only 0 rtfail 0 [0.1 s]
#   unit {'pos': 730, 'blk': None}: om1 0 pos 0 st1 0 fail1 0 t4 0 t4only 0 t2only 0 rtfail 0 [0.1 s]
#   unit {'pos': 733, 'blk': None}: om1 0 pos 0 st1 0 fail1 0 t4 0 t4only 0 t2only 0 rtfail 0 [0.1 s]
#   unit {'pos': 734, 'blk': None}: om1 0 pos 0 st1 0 fail1 0 t4 0 t4only 0 t2only 0 rtfail 0 [0.1 s]
#   unit {'pos': 735, 'blk': None}: om1 0 pos 0 st1 0 fail1 0 t4 0 t4only 0 t2only 0 rtfail 0 [0.1 s]
#   unit {'pos': 736, 'blk': None}: om1 0 pos 0 st1 0 fail1 0 t4 0 t4only 0 t2only 0 rtfail 0 [0.1 s]
#   unit {'pos': 737, 'blk': None}: om1 0 pos 0 st1 0 fail1 0 t4 0 t4only 0 t2only 0 rtfail 0 [0.1 s]
#   unit {'pos': 739, 'blk': None}: om1 0 pos 0 st1 0 fail1 0 t4 0 t4only 0 t2only 0 rtfail 0 [0.1 s]
#   unit {'pos': 738, 'blk': None}: om1 0 pos 0 st1 0 fail1 0 t4 0 t4only 0 t2only 0 rtfail 0 [0.1 s]
#   unit {'pos': 740, 'blk': None}: om1 0 pos 0 st1 0 fail1 0 t4 0 t4only 0 t2only 0 rtfail 0 [0.1 s]
#   unit {'pos': 744, 'blk': None}: om1 0 pos 0 st1 0 fail1 0 t4 0 t4only 0 t2only 0 rtfail 0 [0.0 s]
#   unit {'pos': 743, 'blk': None}: om1 0 pos 0 st1 0 fail1 0 t4 0 t4only 0 t2only 0 rtfail 0 [0.1 s]
#   unit {'pos': 741, 'blk': None}: om1 0 pos 0 st1 0 fail1 0 t4 0 t4only 0 t2only 0 rtfail 0 [0.1 s]
#   unit {'pos': 742, 'blk': None}: om1 0 pos 0 st1 0 fail1 0 t4 0 t4only 0 t2only 0 rtfail 0 [0.1 s]
#   unit {'pos': 746, 'blk': None}: om1 0 pos 0 st1 0 fail1 0 t4 0 t4only 0 t2only 0 rtfail 0 [0.1 s]
#   unit {'pos': 747, 'blk': None}: om1 0 pos 0 st1 0 fail1 0 t4 0 t4only 0 t2only 0 rtfail 0 [0.1 s]
#   unit {'pos': 748, 'blk': None}: om1 0 pos 0 st1 0 fail1 0 t4 0 t4only 0 t2only 0 rtfail 0 [0.1 s]
#   unit {'pos': 749, 'blk': None}: om1 0 pos 0 st1 0 fail1 0 t4 0 t4only 0 t2only 0 rtfail 0 [0.1 s]
#   unit {'pos': 751, 'blk': None}: om1 0 pos 0 st1 0 fail1 0 t4 0 t4only 0 t2only 0 rtfail 0 [0.1 s]
#   unit {'pos': 750, 'blk': None}: om1 1 pos 0 st1 0 fail1 0 t4 0 t4only 0 t2only 0 rtfail 0 [0.1 s]
#   unit {'pos': 752, 'blk': None}: om1 0 pos 0 st1 0 fail1 0 t4 0 t4only 0 t2only 0 rtfail 0 [0.1 s]
#   unit {'pos': 753, 'blk': None}: om1 0 pos 0 st1 0 fail1 0 t4 0 t4only 0 t2only 0 rtfail 0 [0.1 s]
#   unit {'pos': 754, 'blk': None}: om1 0 pos 0 st1 0 fail1 0 t4 0 t4only 0 t2only 0 rtfail 0 [0.1 s]
#   unit {'pos': 755, 'blk': None}: om1 0 pos 0 st1 0 fail1 0 t4 0 t4only 0 t2only 0 rtfail 0 [0.1 s]
#   unit {'pos': 756, 'blk': None}: om1 0 pos 0 st1 0 fail1 0 t4 0 t4only 0 t2only 0 rtfail 0 [0.1 s]
#   unit {'pos': 757, 'blk': None}: om1 0 pos 0 st1 0 fail1 0 t4 0 t4only 0 t2only 0 rtfail 0 [0.1 s]
#   unit {'pos': 745, 'blk': None}: om1 0 pos 0 st1 0 fail1 0 t4 0 t4only 0 t2only 0 rtfail 0 [0.2 s]
#   unit {'pos': 758, 'blk': None}: om1 0 pos 0 st1 0 fail1 0 t4 0 t4only 0 t2only 0 rtfail 0 [0.1 s]
#   unit {'pos': 760, 'blk': None}: om1 0 pos 0 st1 0 fail1 0 t4 0 t4only 0 t2only 0 rtfail 0 [0.1 s]
#   unit {'pos': 762, 'blk': None}: om1 0 pos 0 st1 0 fail1 0 t4 0 t4only 0 t2only 0 rtfail 0 [0.0 s]
#   unit {'pos': 759, 'blk': None}: om1 0 pos 0 st1 0 fail1 0 t4 0 t4only 0 t2only 0 rtfail 0 [0.1 s]
#   unit {'pos': 763, 'blk': None}: om1 0 pos 0 st1 0 fail1 0 t4 0 t4only 0 t2only 0 rtfail 0 [0.0 s]
#   unit {'pos': 761, 'blk': None}: om1 0 pos 0 st1 0 fail1 0 t4 0 t4only 0 t2only 0 rtfail 0 [0.1 s]
#   unit {'pos': 766, 'blk': None}: om1 0 pos 0 st1 0 fail1 0 t4 0 t4only 0 t2only 0 rtfail 0 [0.0 s]
#   unit {'pos': 767, 'blk': None}: om1 0 pos 0 st1 0 fail1 0 t4 0 t4only 0 t2only 0 rtfail 0 [0.0 s]
#   unit {'pos': 764, 'blk': None}: om1 0 pos 0 st1 0 fail1 0 t4 0 t4only 0 t2only 0 rtfail 0 [0.1 s]
#   unit {'pos': 768, 'blk': None}: om1 0 pos 0 st1 0 fail1 0 t4 0 t4only 0 t2only 0 rtfail 0 [0.1 s]
#   unit {'pos': 765, 'blk': None}: om1 0 pos 0 st1 0 fail1 0 t4 0 t4only 0 t2only 0 rtfail 0 [0.1 s]
#   unit {'pos': 769, 'blk': None}: om1 0 pos 0 st1 0 fail1 0 t4 0 t4only 0 t2only 0 rtfail 0 [0.1 s]
#   unit {'pos': 770, 'blk': None}: om1 0 pos 0 st1 0 fail1 0 t4 0 t4only 0 t2only 0 rtfail 0 [0.1 s]
#   unit {'pos': 772, 'blk': None}: om1 0 pos 0 st1 0 fail1 0 t4 0 t4only 0 t2only 0 rtfail 0 [0.1 s]
#   unit {'pos': 771, 'blk': None}: om1 0 pos 0 st1 0 fail1 0 t4 0 t4only 0 t2only 0 rtfail 0 [0.1 s]
#   unit {'pos': 773, 'blk': None}: om1 0 pos 0 st1 0 fail1 0 t4 0 t4only 0 t2only 0 rtfail 0 [0.1 s]
#   unit {'pos': 774, 'blk': None}: om1 0 pos 0 st1 0 fail1 0 t4 0 t4only 0 t2only 0 rtfail 0 [0.1 s]
#   unit {'pos': 775, 'blk': None}: om1 0 pos 0 st1 0 fail1 0 t4 0 t4only 0 t2only 0 rtfail 0 [0.0 s]
#   unit {'pos': 776, 'blk': None}: om1 0 pos 0 st1 0 fail1 0 t4 0 t4only 0 t2only 0 rtfail 0 [0.1 s]
#   unit {'pos': 779, 'blk': None}: om1 0 pos 0 st1 0 fail1 0 t4 0 t4only 0 t2only 0 rtfail 0 [0.0 s]
#   unit {'pos': 777, 'blk': None}: om1 0 pos 0 st1 0 fail1 0 t4 0 t4only 0 t2only 0 rtfail 0 [0.1 s]
#   unit {'pos': 780, 'blk': None}: om1 0 pos 0 st1 0 fail1 0 t4 0 t4only 0 t2only 0 rtfail 0 [0.1 s]
#   unit {'pos': 778, 'blk': None}: om1 0 pos 0 st1 0 fail1 0 t4 0 t4only 0 t2only 0 rtfail 0 [0.1 s]
#   unit {'pos': 781, 'blk': None}: om1 0 pos 0 st1 0 fail1 0 t4 0 t4only 0 t2only 0 rtfail 0 [0.1 s]
#   unit {'pos': 782, 'blk': None}: om1 0 pos 0 st1 0 fail1 0 t4 0 t4only 0 t2only 0 rtfail 0 [0.1 s]
#   unit {'pos': 785, 'blk': None}: om1 0 pos 0 st1 0 fail1 0 t4 0 t4only 0 t2only 0 rtfail 0 [0.1 s]
#   unit {'pos': 784, 'blk': None}: om1 0 pos 0 st1 0 fail1 0 t4 0 t4only 0 t2only 0 rtfail 0 [0.1 s]
#   unit {'pos': 783, 'blk': None}: om1 0 pos 0 st1 0 fail1 0 t4 0 t4only 0 t2only 0 rtfail 0 [0.1 s]
#   unit {'pos': 787, 'blk': None}: om1 0 pos 0 st1 0 fail1 0 t4 0 t4only 0 t2only 0 rtfail 0 [0.1 s]
#   unit {'pos': 786, 'blk': None}: om1 0 pos 0 st1 0 fail1 0 t4 0 t4only 0 t2only 0 rtfail 0 [0.1 s]
#   unit {'pos': 788, 'blk': None}: om1 0 pos 0 st1 0 fail1 0 t4 0 t4only 0 t2only 0 rtfail 0 [0.1 s]
#   unit {'pos': 789, 'blk': None}: om1 0 pos 0 st1 0 fail1 0 t4 0 t4only 0 t2only 0 rtfail 0 [0.1 s]
#   unit {'pos': 790, 'blk': None}: om1 0 pos 0 st1 0 fail1 0 t4 0 t4only 0 t2only 0 rtfail 0 [0.1 s]
#   unit {'pos': 791, 'blk': None}: om1 0 pos 0 st1 0 fail1 0 t4 0 t4only 0 t2only 0 rtfail 0 [0.1 s]
#   unit {'pos': 792, 'blk': None}: om1 0 pos 0 st1 0 fail1 0 t4 0 t4only 0 t2only 0 rtfail 0 [0.1 s]
#   unit {'pos': 793, 'blk': None}: om1 0 pos 0 st1 0 fail1 0 t4 0 t4only 0 t2only 0 rtfail 0 [0.1 s]
#   unit {'pos': 794, 'blk': None}: om1 0 pos 0 st1 0 fail1 0 t4 0 t4only 0 t2only 0 rtfail 0 [0.1 s]
#   unit {'pos': 795, 'blk': None}: om1 0 pos 0 st1 0 fail1 0 t4 0 t4only 0 t2only 0 rtfail 0 [0.1 s]
#   unit {'pos': 796, 'blk': None}: om1 0 pos 0 st1 0 fail1 0 t4 0 t4only 0 t2only 0 rtfail 0 [0.1 s]
#   unit {'pos': 797, 'blk': None}: om1 0 pos 0 st1 0 fail1 0 t4 0 t4only 0 t2only 0 rtfail 0 [0.1 s]
#   unit {'pos': 798, 'blk': None}: om1 0 pos 0 st1 0 fail1 0 t4 0 t4only 0 t2only 0 rtfail 0 [0.1 s]
#   unit {'pos': 799, 'blk': None}: om1 0 pos 0 st1 0 fail1 0 t4 0 t4only 0 t2only 0 rtfail 0 [0.1 s]
#   unit {'pos': 800, 'blk': None}: om1 0 pos 0 st1 0 fail1 0 t4 0 t4only 0 t2only 0 rtfail 0 [0.1 s]
#   unit {'pos': 801, 'blk': None}: om1 0 pos 0 st1 0 fail1 0 t4 0 t4only 0 t2only 0 rtfail 0 [0.1 s]
#   unit {'pos': 802, 'blk': None}: om1 0 pos 0 st1 0 fail1 0 t4 0 t4only 0 t2only 0 rtfail 0 [0.1 s]
#   unit {'pos': 803, 'blk': None}: om1 0 pos 0 st1 0 fail1 0 t4 0 t4only 0 t2only 0 rtfail 0 [0.1 s]
#   unit {'pos': 804, 'blk': None}: om1 0 pos 0 st1 0 fail1 0 t4 0 t4only 0 t2only 0 rtfail 0 [0.1 s]
#   unit {'pos': 805, 'blk': None}: om1 0 pos 0 st1 0 fail1 0 t4 0 t4only 0 t2only 0 rtfail 0 [0.1 s]
#   unit {'pos': 807, 'blk': None}: om1 0 pos 0 st1 0 fail1 0 t4 0 t4only 0 t2only 0 rtfail 0 [0.0 s]
#   unit {'pos': 806, 'blk': None}: om1 0 pos 0 st1 0 fail1 0 t4 0 t4only 0 t2only 0 rtfail 0 [0.1 s]
#   unit {'pos': 808, 'blk': None}: om1 0 pos 0 st1 0 fail1 0 t4 0 t4only 0 t2only 0 rtfail 0 [0.0 s]
#   unit {'pos': 809, 'blk': None}: om1 1 pos 0 st1 0 fail1 0 t4 0 t4only 0 t2only 0 rtfail 0 [0.0 s]
#   unit {'pos': 810, 'blk': None}: om1 0 pos 0 st1 0 fail1 0 t4 0 t4only 0 t2only 0 rtfail 0 [0.0 s]
#   unit {'pos': 811, 'blk': None}: om1 0 pos 0 st1 0 fail1 0 t4 0 t4only 0 t2only 0 rtfail 0 [0.0 s]
#   unit {'pos': 812, 'blk': None}: om1 0 pos 0 st1 0 fail1 0 t4 0 t4only 0 t2only 0 rtfail 0 [0.1 s]
#   unit {'pos': 813, 'blk': None}: om1 0 pos 0 st1 0 fail1 0 t4 0 t4only 0 t2only 0 rtfail 0 [0.0 s]
#   unit {'pos': 814, 'blk': None}: om1 0 pos 0 st1 0 fail1 0 t4 0 t4only 0 t2only 0 rtfail 0 [0.0 s]
#   unit {'pos': 815, 'blk': None}: om1 0 pos 0 st1 0 fail1 0 t4 0 t4only 0 t2only 0 rtfail 0 [0.1 s]
#   unit {'pos': 816, 'blk': None}: om1 0 pos 0 st1 0 fail1 0 t4 0 t4only 0 t2only 0 rtfail 0 [0.0 s]
#   unit {'pos': 817, 'blk': None}: om1 0 pos 0 st1 0 fail1 0 t4 0 t4only 0 t2only 0 rtfail 0 [0.0 s]
#   unit {'pos': 818, 'blk': None}: om1 0 pos 0 st1 0 fail1 0 t4 0 t4only 0 t2only 0 rtfail 0 [0.0 s]
#   unit {'pos': 819, 'blk': None}: om1 0 pos 0 st1 0 fail1 0 t4 0 t4only 0 t2only 0 rtfail 0 [0.1 s]
#   unit {'pos': 820, 'blk': None}: om1 0 pos 0 st1 0 fail1 0 t4 0 t4only 0 t2only 0 rtfail 0 [0.1 s]
#   unit {'pos': 821, 'blk': None}: om1 0 pos 0 st1 0 fail1 0 t4 0 t4only 0 t2only 0 rtfail 0 [0.0 s]
#   unit {'pos': 822, 'blk': None}: om1 0 pos 0 st1 0 fail1 0 t4 0 t4only 0 t2only 0 rtfail 0 [0.0 s]
#   unit {'pos': 823, 'blk': None}: om1 0 pos 0 st1 0 fail1 0 t4 0 t4only 0 t2only 0 rtfail 0 [0.1 s]
#   unit {'pos': 824, 'blk': None}: om1 0 pos 0 st1 0 fail1 0 t4 0 t4only 0 t2only 0 rtfail 0 [0.1 s]
#   unit {'pos': 826, 'blk': None}: om1 0 pos 0 st1 0 fail1 0 t4 0 t4only 0 t2only 0 rtfail 0 [0.1 s]
#   unit {'pos': 825, 'blk': None}: om1 0 pos 0 st1 0 fail1 0 t4 0 t4only 0 t2only 0 rtfail 0 [0.1 s]
#   unit {'pos': 827, 'blk': None}: om1 0 pos 0 st1 0 fail1 0 t4 0 t4only 0 t2only 0 rtfail 0 [0.0 s]
#   unit {'pos': 828, 'blk': None}: om1 0 pos 0 st1 0 fail1 0 t4 0 t4only 0 t2only 0 rtfail 0 [0.1 s]
#   unit {'pos': 830, 'blk': None}: om1 0 pos 0 st1 0 fail1 0 t4 0 t4only 0 t2only 0 rtfail 0 [0.0 s]
#   unit {'pos': 829, 'blk': None}: om1 0 pos 0 st1 0 fail1 0 t4 0 t4only 0 t2only 0 rtfail 0 [0.1 s]
#   unit {'pos': 831, 'blk': None}: om1 0 pos 0 st1 0 fail1 0 t4 0 t4only 0 t2only 0 rtfail 0 [0.0 s]
#   unit {'pos': 832, 'blk': None}: om1 0 pos 0 st1 0 fail1 0 t4 0 t4only 0 t2only 0 rtfail 0 [0.1 s]
#   unit {'pos': 833, 'blk': None}: om1 0 pos 0 st1 0 fail1 0 t4 0 t4only 0 t2only 0 rtfail 0 [0.0 s]
#   unit {'pos': 834, 'blk': None}: om1 0 pos 0 st1 0 fail1 0 t4 0 t4only 0 t2only 0 rtfail 0 [0.0 s]
#   unit {'pos': 835, 'blk': None}: om1 0 pos 0 st1 0 fail1 0 t4 0 t4only 0 t2only 0 rtfail 0 [0.0 s]
#   unit {'pos': 837, 'blk': None}: om1 0 pos 0 st1 0 fail1 0 t4 0 t4only 0 t2only 0 rtfail 0 [0.0 s]
#   unit {'pos': 836, 'blk': None}: om1 0 pos 0 st1 0 fail1 0 t4 0 t4only 0 t2only 0 rtfail 0 [0.1 s]
#   unit {'pos': 839, 'blk': None}: om1 0 pos 0 st1 0 fail1 0 t4 0 t4only 0 t2only 0 rtfail 0 [0.1 s]
#   unit {'pos': 838, 'blk': None}: om1 0 pos 0 st1 0 fail1 0 t4 0 t4only 0 t2only 0 rtfail 0 [0.1 s]
#   unit {'pos': 840, 'blk': None}: om1 0 pos 0 st1 0 fail1 0 t4 0 t4only 0 t2only 0 rtfail 0 [0.1 s]
#   unit {'pos': 841, 'blk': None}: om1 0 pos 0 st1 0 fail1 0 t4 0 t4only 0 t2only 0 rtfail 0 [0.0 s]
#   unit {'pos': 842, 'blk': None}: om1 0 pos 0 st1 0 fail1 0 t4 0 t4only 0 t2only 0 rtfail 0 [0.1 s]
#   unit {'pos': 843, 'blk': None}: om1 0 pos 0 st1 0 fail1 0 t4 0 t4only 0 t2only 0 rtfail 0 [0.1 s]
#   unit {'pos': 847, 'blk': None}: om1 0 pos 0 st1 0 fail1 0 t4 0 t4only 0 t2only 0 rtfail 0 [0.0 s]
#   unit {'pos': 844, 'blk': None}: om1 0 pos 0 st1 0 fail1 0 t4 0 t4only 0 t2only 0 rtfail 0 [0.1 s]
#   unit {'pos': 845, 'blk': None}: om1 0 pos 0 st1 0 fail1 0 t4 0 t4only 0 t2only 0 rtfail 0 [0.1 s]
#   unit {'pos': 846, 'blk': None}: om1 0 pos 0 st1 0 fail1 0 t4 0 t4only 0 t2only 0 rtfail 0 [0.1 s]
#   unit {'pos': 848, 'blk': None}: om1 0 pos 0 st1 0 fail1 0 t4 0 t4only 0 t2only 0 rtfail 0 [0.0 s]
#   unit {'pos': 850, 'blk': None}: om1 0 pos 0 st1 0 fail1 0 t4 0 t4only 0 t2only 0 rtfail 0 [0.1 s]
#   unit {'pos': 851, 'blk': None}: om1 0 pos 0 st1 0 fail1 0 t4 0 t4only 0 t2only 0 rtfail 0 [0.1 s]
#   unit {'pos': 849, 'blk': None}: om1 0 pos 0 st1 0 fail1 0 t4 0 t4only 0 t2only 0 rtfail 0 [0.1 s]
#   unit {'pos': 852, 'blk': None}: om1 0 pos 0 st1 0 fail1 0 t4 0 t4only 0 t2only 0 rtfail 0 [0.1 s]
#   unit {'pos': 853, 'blk': None}: om1 0 pos 0 st1 0 fail1 0 t4 0 t4only 0 t2only 0 rtfail 0 [0.1 s]
#   unit {'pos': 854, 'blk': None}: om1 0 pos 0 st1 0 fail1 0 t4 0 t4only 0 t2only 0 rtfail 0 [0.1 s]
#   unit {'pos': 855, 'blk': None}: om1 0 pos 0 st1 0 fail1 0 t4 0 t4only 0 t2only 0 rtfail 0 [0.1 s]
#   unit {'pos': 856, 'blk': None}: om1 0 pos 0 st1 0 fail1 0 t4 0 t4only 0 t2only 0 rtfail 0 [0.0 s]
#   unit {'pos': 858, 'blk': None}: om1 0 pos 0 st1 0 fail1 0 t4 0 t4only 0 t2only 0 rtfail 0 [0.0 s]
#   unit {'pos': 857, 'blk': None}: om1 0 pos 0 st1 0 fail1 0 t4 0 t4only 0 t2only 0 rtfail 0 [0.1 s]
#   unit {'pos': 859, 'blk': None}: om1 0 pos 0 st1 0 fail1 0 t4 0 t4only 0 t2only 0 rtfail 0 [0.1 s]
#   unit {'pos': 860, 'blk': None}: om1 0 pos 0 st1 0 fail1 0 t4 0 t4only 0 t2only 0 rtfail 0 [0.1 s]
#   unit {'pos': 861, 'blk': None}: om1 0 pos 0 st1 0 fail1 0 t4 0 t4only 0 t2only 0 rtfail 0 [0.1 s]
#   unit {'pos': 863, 'blk': None}: om1 0 pos 0 st1 0 fail1 0 t4 0 t4only 0 t2only 0 rtfail 0 [0.1 s]
#   unit {'pos': 862, 'blk': None}: om1 0 pos 0 st1 0 fail1 0 t4 0 t4only 0 t2only 0 rtfail 0 [0.1 s]
#   unit {'pos': 864, 'blk': None}: om1 0 pos 0 st1 0 fail1 0 t4 0 t4only 0 t2only 0 rtfail 0 [0.1 s]
#   unit {'pos': 865, 'blk': None}: om1 0 pos 0 st1 0 fail1 0 t4 0 t4only 0 t2only 0 rtfail 0 [0.1 s]
#   unit {'pos': 866, 'blk': None}: om1 0 pos 0 st1 0 fail1 0 t4 0 t4only 0 t2only 0 rtfail 0 [0.1 s]
#   unit {'pos': 867, 'blk': None}: om1 0 pos 0 st1 0 fail1 0 t4 0 t4only 0 t2only 0 rtfail 0 [0.1 s]
#   unit {'pos': 868, 'blk': None}: om1 0 pos 0 st1 0 fail1 0 t4 0 t4only 0 t2only 0 rtfail 0 [0.0 s]
#   unit {'pos': 870, 'blk': None}: om1 0 pos 0 st1 0 fail1 0 t4 0 t4only 0 t2only 0 rtfail 0 [0.0 s]
#   unit {'pos': 869, 'blk': None}: om1 0 pos 0 st1 0 fail1 0 t4 0 t4only 0 t2only 0 rtfail 0 [0.1 s]
#   unit {'pos': 871, 'blk': None}: om1 0 pos 0 st1 0 fail1 0 t4 0 t4only 0 t2only 0 rtfail 0 [0.1 s]
#   unit {'pos': 872, 'blk': None}: om1 0 pos 0 st1 0 fail1 0 t4 0 t4only 0 t2only 0 rtfail 0 [0.1 s]
#   unit {'pos': 873, 'blk': None}: om1 0 pos 0 st1 0 fail1 0 t4 0 t4only 0 t2only 0 rtfail 0 [0.1 s]
#   unit {'pos': 875, 'blk': None}: om1 0 pos 0 st1 0 fail1 0 t4 0 t4only 0 t2only 0 rtfail 0 [0.1 s]
#   unit {'pos': 874, 'blk': None}: om1 0 pos 0 st1 0 fail1 0 t4 0 t4only 0 t2only 0 rtfail 0 [0.1 s]
#   unit {'pos': 876, 'blk': None}: om1 0 pos 0 st1 0 fail1 0 t4 0 t4only 0 t2only 0 rtfail 0 [0.1 s]
#   unit {'pos': 877, 'blk': None}: om1 0 pos 0 st1 0 fail1 0 t4 0 t4only 0 t2only 0 rtfail 0 [0.1 s]
#   unit {'pos': 878, 'blk': None}: om1 0 pos 0 st1 0 fail1 0 t4 0 t4only 0 t2only 0 rtfail 0 [0.1 s]
#   unit {'pos': 879, 'blk': None}: om1 0 pos 0 st1 0 fail1 0 t4 0 t4only 0 t2only 0 rtfail 0 [0.1 s]
#   unit {'pos': 880, 'blk': None}: om1 0 pos 0 st1 0 fail1 0 t4 0 t4only 0 t2only 0 rtfail 0 [0.1 s]
#   unit {'pos': 881, 'blk': None}: om1 0 pos 0 st1 0 fail1 0 t4 0 t4only 0 t2only 0 rtfail 0 [0.1 s]
#   unit {'pos': 882, 'blk': None}: om1 0 pos 0 st1 0 fail1 0 t4 0 t4only 0 t2only 0 rtfail 0 [0.1 s]
#   unit {'pos': 883, 'blk': None}: om1 0 pos 0 st1 0 fail1 0 t4 0 t4only 0 t2only 0 rtfail 0 [0.1 s]
#   unit {'pos': 884, 'blk': None}: om1 0 pos 0 st1 0 fail1 0 t4 0 t4only 0 t2only 0 rtfail 0 [0.1 s]
#   unit {'pos': 885, 'blk': None}: om1 0 pos 0 st1 0 fail1 0 t4 0 t4only 0 t2only 0 rtfail 0 [0.1 s]
#   unit {'pos': 886, 'blk': None}: om1 0 pos 0 st1 0 fail1 0 t4 0 t4only 0 t2only 0 rtfail 0 [0.1 s]
#   unit {'pos': 887, 'blk': None}: om1 0 pos 0 st1 0 fail1 0 t4 0 t4only 0 t2only 0 rtfail 0 [0.1 s]
#   unit {'pos': 888, 'blk': None}: om1 0 pos 0 st1 0 fail1 0 t4 0 t4only 0 t2only 0 rtfail 0 [0.1 s]
#   unit {'pos': 889, 'blk': None}: om1 0 pos 0 st1 0 fail1 0 t4 0 t4only 0 t2only 0 rtfail 0 [0.1 s]
#   unit {'pos': 890, 'blk': None}: om1 0 pos 0 st1 0 fail1 0 t4 0 t4only 0 t2only 0 rtfail 0 [0.1 s]
#   unit {'pos': 891, 'blk': None}: om1 0 pos 0 st1 0 fail1 0 t4 0 t4only 0 t2only 0 rtfail 0 [0.0 s]
#   unit {'pos': 892, 'blk': None}: om1 0 pos 0 st1 0 fail1 0 t4 0 t4only 0 t2only 0 rtfail 0 [0.1 s]
#   unit {'pos': 895, 'blk': None}: om1 0 pos 0 st1 0 fail1 0 t4 0 t4only 0 t2only 0 rtfail 0 [0.1 s]
#   unit {'pos': 893, 'blk': None}: om1 0 pos 0 st1 0 fail1 0 t4 0 t4only 0 t2only 0 rtfail 0 [0.1 s]
#   unit {'pos': 894, 'blk': None}: om1 0 pos 0 st1 0 fail1 0 t4 0 t4only 0 t2only 0 rtfail 0 [0.1 s]
#   unit {'pos': 896, 'blk': None}: om1 0 pos 0 st1 0 fail1 0 t4 0 t4only 0 t2only 0 rtfail 0 [0.1 s]
#   unit {'pos': 897, 'blk': None}: om1 0 pos 0 st1 0 fail1 0 t4 0 t4only 0 t2only 0 rtfail 0 [0.1 s]
#   unit {'pos': 898, 'blk': None}: om1 0 pos 0 st1 0 fail1 0 t4 0 t4only 0 t2only 0 rtfail 0 [0.1 s]
#   unit {'pos': 899, 'blk': None}: om1 0 pos 0 st1 0 fail1 0 t4 0 t4only 0 t2only 0 rtfail 0 [0.1 s]
#   unit {'pos': 900, 'blk': None}: om1 0 pos 0 st1 0 fail1 0 t4 0 t4only 0 t2only 0 rtfail 0 [0.1 s]
#   unit {'pos': 901, 'blk': None}: om1 0 pos 0 st1 0 fail1 0 t4 0 t4only 0 t2only 0 rtfail 0 [0.1 s]
#   unit {'pos': 902, 'blk': None}: om1 0 pos 0 st1 0 fail1 0 t4 0 t4only 0 t2only 0 rtfail 0 [0.1 s]
#   unit {'pos': 903, 'blk': None}: om1 0 pos 0 st1 0 fail1 0 t4 0 t4only 0 t2only 0 rtfail 0 [0.1 s]
#   unit {'pos': 904, 'blk': None}: om1 0 pos 0 st1 0 fail1 0 t4 0 t4only 0 t2only 0 rtfail 0 [0.1 s]
#   unit {'pos': 905, 'blk': None}: om1 0 pos 0 st1 0 fail1 0 t4 0 t4only 0 t2only 0 rtfail 0 [0.1 s]
#   unit {'pos': 906, 'blk': None}: om1 0 pos 0 st1 0 fail1 0 t4 0 t4only 0 t2only 0 rtfail 0 [0.1 s]
#   unit {'pos': 907, 'blk': None}: om1 0 pos 0 st1 0 fail1 0 t4 0 t4only 0 t2only 0 rtfail 0 [0.1 s]
#   unit {'pos': 908, 'blk': None}: om1 0 pos 0 st1 0 fail1 0 t4 0 t4only 0 t2only 0 rtfail 0 [0.1 s]
#   unit {'pos': 909, 'blk': None}: om1 0 pos 0 st1 0 fail1 0 t4 0 t4only 0 t2only 0 rtfail 0 [0.1 s]
#   unit {'pos': 911, 'blk': None}: om1 233 pos 0 st1 0 fail1 0 t4 0 t4only 0 t2only 0 rtfail 0 [0.1 s]
#   unit {'pos': 912, 'blk': None}: om1 233 pos 0 st1 0 fail1 0 t4 0 t4only 0 t2only 0 rtfail 0 [0.1 s]
#   unit {'pos': 910, 'blk': None}: om1 505 pos 0 st1 0 fail1 0 t4 0 t4only 0 t2only 0 rtfail 0 [0.1 s]
#   unit {'pos': 913, 'blk': None}: om1 195 pos 0 st1 0 fail1 0 t4 0 t4only 0 t2only 0 rtfail 0 [0.1 s]
#   unit {'pos': 914, 'blk': None}: om1 279 pos 0 st1 0 fail1 0 t4 0 t4only 0 t2only 0 rtfail 0 [0.1 s]
#   unit {'pos': 915, 'blk': None}: om1 154 pos 0 st1 0 fail1 0 t4 0 t4only 0 t2only 0 rtfail 0 [0.1 s]
#   unit {'pos': 916, 'blk': None}: om1 160 pos 0 st1 0 fail1 0 t4 0 t4only 0 t2only 0 rtfail 0 [0.1 s]
#   unit {'pos': 917, 'blk': None}: om1 267 pos 0 st1 0 fail1 0 t4 0 t4only 0 t2only 0 rtfail 0 [0.1 s]
#   unit {'pos': 918, 'blk': None}: om1 256 pos 0 st1 0 fail1 0 t4 0 t4only 0 t2only 0 rtfail 0 [0.1 s]
#   unit {'pos': 919, 'blk': None}: om1 213 pos 0 st1 0 fail1 0 t4 0 t4only 0 t2only 0 rtfail 0 [0.1 s]
#   unit {'pos': 920, 'blk': None}: om1 246 pos 0 st1 0 fail1 0 t4 0 t4only 0 t2only 0 rtfail 0 [0.1 s]
#   unit {'pos': 921, 'blk': None}: om1 323 pos 0 st1 0 fail1 0 t4 0 t4only 0 t2only 0 rtfail 0 [0.1 s]
#   unit {'pos': 922, 'blk': None}: om1 141 pos 0 st1 0 fail1 0 t4 0 t4only 0 t2only 0 rtfail 0 [0.1 s]
#   unit {'pos': 923, 'blk': None}: om1 258 pos 0 st1 0 fail1 0 t4 0 t4only 0 t2only 0 rtfail 0 [0.1 s]
#   unit {'pos': 924, 'blk': None}: om1 266 pos 0 st1 0 fail1 0 t4 0 t4only 0 t2only 0 rtfail 0 [0.1 s]
#   unit {'pos': 925, 'blk': None}: om1 255 pos 0 st1 0 fail1 0 t4 0 t4only 0 t2only 0 rtfail 0 [0.1 s]
#   unit {'pos': 926, 'blk': None}: om1 228 pos 0 st1 0 fail1 0 t4 0 t4only 0 t2only 0 rtfail 0 [0.1 s]
#   unit {'pos': 927, 'blk': None}: om1 156 pos 0 st1 0 fail1 0 t4 0 t4only 0 t2only 0 rtfail 0 [0.1 s]
#   unit {'pos': 928, 'blk': None}: om1 223 pos 0 st1 0 fail1 0 t4 0 t4only 0 t2only 0 rtfail 0 [0.1 s]
#   unit {'pos': 929, 'blk': None}: om1 190 pos 0 st1 0 fail1 0 t4 0 t4only 0 t2only 0 rtfail 0 [0.1 s]
#   unit {'pos': 930, 'blk': None}: om1 98 pos 0 st1 0 fail1 0 t4 0 t4only 0 t2only 0 rtfail 0 [0.1 s]
#   unit {'pos': 931, 'blk': None}: om1 141 pos 1 st1 1 fail1 0 t4 0 t4only 0 t2only 0 rtfail 0 [0.1 s]
#   unit {'pos': 932, 'blk': None}: om1 134 pos 0 st1 0 fail1 0 t4 0 t4only 0 t2only 0 rtfail 0 [0.1 s]
#   unit {'pos': 933, 'blk': None}: om1 164 pos 0 st1 0 fail1 0 t4 0 t4only 0 t2only 0 rtfail 0 [0.1 s]
#   unit {'pos': 934, 'blk': None}: om1 114 pos 1 st1 1 fail1 0 t4 0 t4only 0 t2only 0 rtfail 0 [0.1 s]
#   unit {'pos': 935, 'blk': None}: om1 172 pos 0 st1 0 fail1 0 t4 0 t4only 0 t2only 0 rtfail 0 [0.1 s]
#   unit {'pos': 936, 'blk': None}: om1 84 pos 0 st1 0 fail1 0 t4 0 t4only 0 t2only 0 rtfail 0 [0.1 s]
#   unit {'pos': 937, 'blk': None}: om1 77 pos 0 st1 0 fail1 0 t4 0 t4only 0 t2only 0 rtfail 0 [0.1 s]
#   unit {'pos': 938, 'blk': None}: om1 175 pos 0 st1 0 fail1 0 t4 0 t4only 0 t2only 0 rtfail 0 [0.1 s]
#   unit {'pos': 939, 'blk': None}: om1 132 pos 0 st1 0 fail1 0 t4 0 t4only 0 t2only 0 rtfail 0 [0.1 s]
#   unit {'pos': 940, 'blk': None}: om1 184 pos 0 st1 0 fail1 0 t4 0 t4only 0 t2only 0 rtfail 0 [0.1 s]
#   unit {'pos': 941, 'blk': None}: om1 146 pos 0 st1 0 fail1 0 t4 0 t4only 0 t2only 0 rtfail 0 [0.1 s]
#   unit {'pos': 942, 'blk': None}: om1 125 pos 0 st1 0 fail1 0 t4 0 t4only 0 t2only 0 rtfail 0 [0.1 s]
#   unit {'pos': 943, 'blk': None}: om1 92 pos 0 st1 0 fail1 0 t4 0 t4only 0 t2only 0 rtfail 0 [0.1 s]
#   unit {'pos': 944, 'blk': None}: om1 105 pos 0 st1 0 fail1 0 t4 0 t4only 0 t2only 0 rtfail 0 [0.1 s]
#   unit {'pos': 945, 'blk': None}: om1 58 pos 0 st1 0 fail1 0 t4 0 t4only 0 t2only 0 rtfail 0 [0.1 s]
#   unit {'pos': 946, 'blk': None}: om1 124 pos 0 st1 0 fail1 0 t4 0 t4only 0 t2only 0 rtfail 0 [0.1 s]
#   unit {'pos': 947, 'blk': None}: om1 387 pos 0 st1 0 fail1 0 t4 0 t4only 0 t2only 0 rtfail 0 [0.1 s]
#   unit {'pos': 948, 'blk': None}: om1 296 pos 0 st1 0 fail1 0 t4 0 t4only 0 t2only 0 rtfail 0 [0.1 s]
#   unit {'pos': 949, 'blk': None}: om1 329 pos 0 st1 0 fail1 0 t4 0 t4only 0 t2only 0 rtfail 0 [0.1 s]
#   unit {'pos': 950, 'blk': None}: om1 222 pos 0 st1 0 fail1 0 t4 0 t4only 0 t2only 0 rtfail 0 [0.1 s]
#   unit {'pos': 951, 'blk': None}: om1 219 pos 0 st1 0 fail1 0 t4 0 t4only 0 t2only 0 rtfail 0 [0.1 s]
#   unit {'pos': 952, 'blk': None}: om1 220 pos 0 st1 0 fail1 0 t4 0 t4only 0 t2only 0 rtfail 0 [0.1 s]
#   unit {'pos': 954, 'blk': None}: om1 241 pos 0 st1 0 fail1 0 t4 0 t4only 0 t2only 0 rtfail 0 [0.1 s]
#   unit {'pos': 953, 'blk': None}: om1 195 pos 0 st1 0 fail1 0 t4 0 t4only 0 t2only 0 rtfail 0 [0.1 s]
#   unit {'pos': 955, 'blk': None}: om1 262 pos 0 st1 0 fail1 0 t4 0 t4only 0 t2only 0 rtfail 0 [0.1 s]
#   unit {'pos': 956, 'blk': None}: om1 170 pos 0 st1 0 fail1 0 t4 0 t4only 0 t2only 0 rtfail 0 [0.1 s]
#   unit {'pos': 957, 'blk': None}: om1 190 pos 0 st1 0 fail1 0 t4 0 t4only 0 t2only 0 rtfail 0 [0.1 s]
#   unit {'pos': 958, 'blk': None}: om1 194 pos 0 st1 0 fail1 0 t4 0 t4only 0 t2only 0 rtfail 0 [0.1 s]
#   unit {'pos': 959, 'blk': None}: om1 218 pos 0 st1 0 fail1 0 t4 0 t4only 0 t2only 0 rtfail 0 [0.1 s]
#   unit {'pos': 960, 'blk': None}: om1 251 pos 0 st1 0 fail1 0 t4 0 t4only 0 t2only 0 rtfail 0 [0.1 s]
#   unit {'pos': 961, 'blk': None}: om1 141 pos 0 st1 0 fail1 0 t4 0 t4only 0 t2only 0 rtfail 0 [0.1 s]
#   unit {'pos': 962, 'blk': None}: om1 206 pos 0 st1 0 fail1 0 t4 0 t4only 0 t2only 0 rtfail 0 [0.1 s]
#   unit {'pos': 963, 'blk': None}: om1 209 pos 0 st1 0 fail1 0 t4 0 t4only 0 t2only 0 rtfail 0 [0.1 s]
#   unit {'pos': 964, 'blk': None}: om1 173 pos 0 st1 0 fail1 0 t4 0 t4only 0 t2only 0 rtfail 0 [0.1 s]
#   unit {'pos': 965, 'blk': None}: om1 208 pos 2 st1 2 fail1 0 t4 0 t4only 0 t2only 0 rtfail 0 [0.1 s]
#   unit {'pos': 966, 'blk': None}: om1 124 pos 0 st1 0 fail1 0 t4 0 t4only 0 t2only 0 rtfail 0 [0.1 s]
#   unit {'pos': 967, 'blk': None}: om1 142 pos 0 st1 0 fail1 0 t4 0 t4only 0 t2only 0 rtfail 0 [0.1 s]
#   unit {'pos': 969, 'blk': None}: om1 89 pos 0 st1 0 fail1 0 t4 0 t4only 0 t2only 0 rtfail 0 [0.1 s]
#   unit {'pos': 968, 'blk': None}: om1 265 pos 0 st1 0 fail1 0 t4 0 t4only 0 t2only 0 rtfail 0 [0.1 s]
#   unit {'pos': 970, 'blk': None}: om1 172 pos 0 st1 0 fail1 0 t4 0 t4only 0 t2only 0 rtfail 0 [0.1 s]
#   unit {'pos': 971, 'blk': None}: om1 108 pos 0 st1 0 fail1 0 t4 0 t4only 0 t2only 0 rtfail 0 [0.1 s]
#   unit {'pos': 972, 'blk': None}: om1 65 pos 0 st1 0 fail1 0 t4 0 t4only 0 t2only 0 rtfail 0 [0.1 s]
#   unit {'pos': 973, 'blk': None}: om1 102 pos 0 st1 0 fail1 0 t4 0 t4only 0 t2only 0 rtfail 0 [0.1 s]
#   unit {'pos': 974, 'blk': None}: om1 189 pos 5 st1 5 fail1 0 t4 5 t4only 0 t2only 0 rtfail 0 [0.1 s]
#   unit {'pos': 975, 'blk': None}: om1 168 pos 1 st1 1 fail1 0 t4 1 t4only 0 t2only 0 rtfail 0 [0.1 s]
#   unit {'pos': 976, 'blk': None}: om1 186 pos 4 st1 4 fail1 0 t4 4 t4only 0 t2only 0 rtfail 0 [0.1 s]
#   unit {'pos': 977, 'blk': None}: om1 214 pos 3 st1 3 fail1 0 t4 3 t4only 0 t2only 0 rtfail 0 [0.1 s]
#   unit {'pos': 979, 'blk': None}: om1 82 pos 0 st1 0 fail1 0 t4 0 t4only 0 t2only 0 rtfail 0 [0.1 s]
#   unit {'pos': 978, 'blk': None}: om1 275 pos 11 st1 11 fail1 0 t4 11 t4only 0 t2only 0 rtfail 0 [0.1 s]
#   unit {'pos': 980, 'blk': None}: om1 127 pos 4 st1 4 fail1 0 t4 4 t4only 0 t2only 0 rtfail 0 [0.1 s]
#   unit {'pos': 981, 'blk': None}: om1 38 pos 2 st1 2 fail1 0 t4 2 t4only 0 t2only 0 rtfail 0 [0.1 s]
#   unit {'pos': 982, 'blk': None}: om1 90 pos 0 st1 0 fail1 0 t4 0 t4only 0 t2only 0 rtfail 0 [0.1 s]
#   unit {'pos': 983, 'blk': None}: om1 203 pos 5 st1 5 fail1 0 t4 5 t4only 0 t2only 0 rtfail 0 [0.1 s]
#   unit {'pos': 985, 'blk': None}: om1 247 pos 9 st1 9 fail1 0 t4 9 t4only 0 t2only 0 rtfail 0 [0.1 s]
#   unit {'pos': 984, 'blk': None}: om1 248 pos 6 st1 6 fail1 0 t4 6 t4only 0 t2only 0 rtfail 0 [0.1 s]
#   unit {'pos': 986, 'blk': None}: om1 246 pos 2 st1 2 fail1 0 t4 2 t4only 0 t2only 0 rtfail 0 [0.1 s]
#   unit {'pos': 987, 'blk': None}: om1 263 pos 4 st1 4 fail1 0 t4 4 t4only 0 t2only 0 rtfail 0 [0.1 s]
#   unit {'pos': 988, 'blk': None}: om1 210 pos 0 st1 0 fail1 0 t4 0 t4only 0 t2only 0 rtfail 0 [0.1 s]
#   unit {'pos': 990, 'blk': None}: om1 199 pos 0 st1 0 fail1 0 t4 0 t4only 0 t2only 0 rtfail 0 [0.1 s]
#   unit {'pos': 991, 'blk': None}: om1 215 pos 1 st1 1 fail1 0 t4 1 t4only 0 t2only 0 rtfail 0 [0.1 s]
#   unit {'pos': 989, 'blk': None}: om1 197 pos 0 st1 0 fail1 0 t4 0 t4only 0 t2only 0 rtfail 0 [0.1 s]
#   unit {'pos': 993, 'blk': None}: om1 175 pos 0 st1 0 fail1 0 t4 0 t4only 0 t2only 0 rtfail 0 [0.1 s]
#   unit {'pos': 992, 'blk': None}: om1 191 pos 0 st1 0 fail1 0 t4 0 t4only 0 t2only 0 rtfail 0 [0.1 s]
#   unit {'pos': 994, 'blk': None}: om1 206 pos 0 st1 0 fail1 0 t4 0 t4only 0 t2only 0 rtfail 0 [0.1 s]
#   unit {'pos': 995, 'blk': None}: om1 279 pos 0 st1 0 fail1 0 t4 0 t4only 0 t2only 0 rtfail 0 [0.1 s]
#   unit {'pos': 996, 'blk': None}: om1 128 pos 0 st1 0 fail1 0 t4 0 t4only 0 t2only 0 rtfail 0 [0.1 s]
#   unit {'pos': 997, 'blk': None}: om1 178 pos 0 st1 0 fail1 0 t4 0 t4only 0 t2only 0 rtfail 0 [0.1 s]
#   unit {'pos': 998, 'blk': None}: om1 151 pos 0 st1 0 fail1 0 t4 0 t4only 0 t2only 0 rtfail 0 [0.1 s]
#   unit {'pos': 999, 'blk': None}: om1 170 pos 0 st1 0 fail1 0 t4 0 t4only 0 t2only 0 rtfail 0 [0.1 s]
#   unit {'pos': 1001, 'blk': None}: om1 72 pos 0 st1 0 fail1 0 t4 0 t4only 0 t2only 0 rtfail 0 [0.1 s]
#   unit {'pos': 1000, 'blk': None}: om1 192 pos 0 st1 0 fail1 0 t4 0 t4only 0 t2only 0 rtfail 0 [0.1 s]
#   unit {'pos': 1002, 'blk': None}: om1 200 pos 0 st1 0 fail1 0 t4 0 t4only 0 t2only 0 rtfail 0 [0.1 s]
#   unit {'pos': 1003, 'blk': None}: om1 157 pos 0 st1 0 fail1 0 t4 0 t4only 0 t2only 0 rtfail 0 [0.1 s]
#   unit {'pos': 1005, 'blk': None}: om1 247 pos 3 st1 3 fail1 0 t4 3 t4only 0 t2only 0 rtfail 0 [0.1 s]
#   unit {'pos': 1004, 'blk': None}: om1 204 pos 4 st1 4 fail1 0 t4 4 t4only 0 t2only 0 rtfail 0 [0.1 s]
#   unit {'pos': 1006, 'blk': None}: om1 177 pos 0 st1 0 fail1 0 t4 0 t4only 0 t2only 0 rtfail 0 [0.1 s]
#   unit {'pos': 1007, 'blk': None}: om1 49 pos 0 st1 0 fail1 0 t4 0 t4only 0 t2only 0 rtfail 0 [0.1 s]
#   unit {'pos': 1008, 'blk': None}: om1 207 pos 0 st1 0 fail1 0 t4 0 t4only 0 t2only 0 rtfail 0 [0.1 s]
#   unit {'pos': 1009, 'blk': None}: om1 209 pos 0 st1 0 fail1 0 t4 0 t4only 0 t2only 0 rtfail 0 [0.1 s]
#   unit {'pos': 1011, 'blk': None}: om1 157 pos 0 st1 0 fail1 0 t4 0 t4only 0 t2only 0 rtfail 0 [0.1 s]
#   unit {'pos': 1010, 'blk': None}: om1 166 pos 2 st1 2 fail1 0 t4 2 t4only 0 t2only 0 rtfail 0 [0.1 s]
#   unit {'pos': 1013, 'blk': None}: om1 195 pos 1 st1 1 fail1 0 t4 1 t4only 0 t2only 0 rtfail 0 [0.1 s]
#   unit {'pos': 1012, 'blk': None}: om1 147 pos 0 st1 0 fail1 0 t4 0 t4only 0 t2only 0 rtfail 0 [0.1 s]
#   unit {'pos': 1015, 'blk': None}: om1 143 pos 0 st1 0 fail1 0 t4 0 t4only 0 t2only 0 rtfail 0 [0.1 s]
#   unit {'pos': 1014, 'blk': None}: om1 174 pos 0 st1 0 fail1 0 t4 0 t4only 0 t2only 0 rtfail 0 [0.1 s]
#   unit {'pos': 1016, 'blk': None}: om1 48 pos 0 st1 0 fail1 0 t4 0 t4only 0 t2only 0 rtfail 0 [0.1 s]
#   unit {'pos': 1018, 'blk': None}: om1 64 pos 0 st1 0 fail1 0 t4 0 t4only 0 t2only 0 rtfail 0 [0.1 s]
#   unit {'pos': 1017, 'blk': None}: om1 206 pos 1 st1 1 fail1 0 t4 0 t4only 0 t2only 0 rtfail 0 [0.1 s]
#   unit {'pos': 1019, 'blk': None}: om1 198 pos 1 st1 1 fail1 0 t4 1 t4only 0 t2only 0 rtfail 0 [0.1 s]
#   unit {'pos': 1022, 'blk': None}: om1 177 pos 1 st1 1 fail1 0 t4 1 t4only 0 t2only 0 rtfail 0 [0.1 s]
#   unit {'pos': 1021, 'blk': None}: om1 157 pos 0 st1 0 fail1 0 t4 0 t4only 0 t2only 0 rtfail 0 [0.1 s]
#   unit {'pos': 1020, 'blk': None}: om1 210 pos 5 st1 5 fail1 0 t4 4 t4only 0 t2only 0 rtfail 0 [0.1 s]
#   unit {'pos': 1023, 'blk': None}: om1 151 pos 0 st1 0 fail1 0 t4 0 t4only 0 t2only 0 rtfail 0 [0.1 s]
#   unit {'pos': 1025, 'blk': None}: om1 79 pos 2 st1 2 fail1 0 t4 2 t4only 0 t2only 0 rtfail 0 [0.1 s]
#   unit {'pos': 1024, 'blk': None}: om1 151 pos 1 st1 1 fail1 0 t4 1 t4only 0 t2only 0 rtfail 0 [0.1 s]
#   unit {'pos': 1027, 'blk': None}: om1 32 pos 2 st1 2 fail1 0 t4 2 t4only 0 t2only 0 rtfail 0 [0.1 s]
#   unit {'pos': 1026, 'blk': None}: om1 76 pos 0 st1 0 fail1 0 t4 0 t4only 0 t2only 0 rtfail 0 [0.1 s]
#   unit {'pos': 1029, 'blk': None}: om1 126 pos 0 st1 0 fail1 0 t4 0 t4only 0 t2only 0 rtfail 0 [0.1 s]
#   unit {'pos': 1028, 'blk': None}: om1 169 pos 0 st1 0 fail1 0 t4 0 t4only 0 t2only 0 rtfail 0 [0.1 s]
#   unit {'pos': 1031, 'blk': None}: om1 120 pos 0 st1 0 fail1 0 t4 0 t4only 0 t2only 0 rtfail 0 [0.1 s]
#   unit {'pos': 1030, 'blk': None}: om1 157 pos 0 st1 0 fail1 0 t4 0 t4only 0 t2only 0 rtfail 0 [0.1 s]
#   unit {'pos': 1032, 'blk': None}: om1 123 pos 3 st1 3 fail1 0 t4 3 t4only 0 t2only 0 rtfail 0 [0.1 s]
#   unit {'pos': 1035, 'blk': None}: om1 156 pos 2 st1 2 fail1 0 t4 2 t4only 0 t2only 0 rtfail 0 [0.1 s]
#   unit {'pos': 1034, 'blk': None}: om1 71 pos 1 st1 1 fail1 0 t4 1 t4only 0 t2only 0 rtfail 0 [0.1 s]
#   unit {'pos': 1033, 'blk': None}: om1 201 pos 0 st1 0 fail1 0 t4 0 t4only 0 t2only 0 rtfail 0 [0.1 s]
#   unit {'pos': 1036, 'blk': None}: om1 158 pos 1 st1 1 fail1 0 t4 1 t4only 0 t2only 0 rtfail 0 [0.1 s]
#   unit {'pos': 1037, 'blk': None}: om1 196 pos 3 st1 3 fail1 0 t4 3 t4only 0 t2only 0 rtfail 0 [0.1 s]
#   unit {'pos': 1038, 'blk': None}: om1 227 pos 6 st1 6 fail1 0 t4 6 t4only 0 t2only 0 rtfail 0 [0.1 s]
#   unit {'pos': 1039, 'blk': None}: om1 227 pos 2 st1 2 fail1 0 t4 2 t4only 0 t2only 0 rtfail 0 [0.1 s]
#   unit {'pos': 1041, 'blk': None}: om1 112 pos 2 st1 2 fail1 0 t4 1 t4only 0 t2only 0 rtfail 0 [0.1 s]
#   unit {'pos': 1040, 'blk': None}: om1 177 pos 6 st1 6 fail1 0 t4 0 t4only 0 t2only 0 rtfail 0 [0.1 s]
#   unit {'pos': 1042, 'blk': None}: om1 164 pos 3 st1 3 fail1 0 t4 3 t4only 0 t2only 0 rtfail 0 [0.1 s]
#   unit {'pos': 1043, 'blk': None}: om1 191 pos 5 st1 5 fail1 0 t4 4 t4only 0 t2only 0 rtfail 0 [0.1 s]
#   unit {'pos': 1045, 'blk': None}: om1 63 pos 2 st1 2 fail1 0 t4 2 t4only 0 t2only 0 rtfail 0 [0.1 s]
#   unit {'pos': 1044, 'blk': None}: om1 110 pos 0 st1 0 fail1 0 t4 0 t4only 0 t2only 0 rtfail 0 [0.1 s]
#   unit {'pos': 1046, 'blk': None}: om1 163 pos 0 st1 0 fail1 0 t4 0 t4only 0 t2only 0 rtfail 0 [0.1 s]
#   unit {'pos': 1047, 'blk': None}: om1 187 pos 0 st1 0 fail1 0 t4 0 t4only 0 t2only 0 rtfail 0 [0.1 s]
#   unit {'pos': 1048, 'blk': None}: om1 192 pos 0 st1 0 fail1 0 t4 0 t4only 0 t2only 0 rtfail 0 [0.1 s]
#   unit {'pos': 1049, 'blk': None}: om1 157 pos 0 st1 0 fail1 0 t4 0 t4only 0 t2only 0 rtfail 0 [0.1 s]
#   unit {'pos': 1050, 'blk': None}: om1 176 pos 0 st1 0 fail1 0 t4 0 t4only 0 t2only 0 rtfail 0 [0.1 s]
#   unit {'pos': 1051, 'blk': None}: om1 225 pos 3 st1 3 fail1 0 t4 3 t4only 0 t2only 0 rtfail 0 [0.1 s]
#   unit {'pos': 1052, 'blk': None}: om1 206 pos 2 st1 2 fail1 0 t4 2 t4only 0 t2only 0 rtfail 0 [0.1 s]
#   unit {'pos': 1053, 'blk': None}: om1 201 pos 0 st1 0 fail1 0 t4 0 t4only 0 t2only 0 rtfail 0 [0.1 s]
#   unit {'pos': 1054, 'blk': None}: om1 115 pos 0 st1 0 fail1 0 t4 0 t4only 0 t2only 0 rtfail 0 [0.1 s]
#   unit {'pos': 1055, 'blk': None}: om1 115 pos 0 st1 0 fail1 0 t4 0 t4only 0 t2only 0 rtfail 0 [0.1 s]
#   unit {'pos': 1056, 'blk': None}: om1 182 pos 0 st1 0 fail1 0 t4 0 t4only 0 t2only 0 rtfail 0 [0.1 s]
#   unit {'pos': 1057, 'blk': None}: om1 143 pos 0 st1 0 fail1 0 t4 0 t4only 0 t2only 0 rtfail 0 [0.1 s]
#   unit {'pos': 1058, 'blk': None}: om1 175 pos 2 st1 2 fail1 0 t4 1 t4only 0 t2only 0 rtfail 0 [0.1 s]
#   unit {'pos': 1059, 'blk': None}: om1 59 pos 2 st1 2 fail1 0 t4 2 t4only 0 t2only 0 rtfail 0 [0.1 s]
#   unit {'pos': 1060, 'blk': None}: om1 159 pos 0 st1 0 fail1 0 t4 0 t4only 0 t2only 0 rtfail 0 [0.1 s]
#   unit {'pos': 1061, 'blk': None}: om1 189 pos 0 st1 0 fail1 0 t4 0 t4only 0 t2only 0 rtfail 0 [0.1 s]
#   unit {'pos': 1062, 'blk': None}: om1 133 pos 0 st1 0 fail1 0 t4 0 t4only 0 t2only 0 rtfail 0 [0.1 s]
#   unit {'pos': 1064, 'blk': None}: om1 94 pos 0 st1 0 fail1 0 t4 0 t4only 0 t2only 0 rtfail 0 [0.1 s]
#   unit {'pos': 1063, 'blk': None}: om1 187 pos 6 st1 6 fail1 0 t4 6 t4only 0 t2only 0 rtfail 0 [0.1 s]
#   unit {'pos': 1066, 'blk': None}: om1 159 pos 0 st1 0 fail1 0 t4 0 t4only 0 t2only 0 rtfail 0 [0.1 s]
#   unit {'pos': 1065, 'blk': None}: om1 115 pos 0 st1 0 fail1 0 t4 0 t4only 0 t2only 0 rtfail 0 [0.1 s]
#   unit {'pos': 1067, 'blk': None}: om1 120 pos 0 st1 0 fail1 0 t4 0 t4only 0 t2only 0 rtfail 0 [0.1 s]
#   unit {'pos': 1068, 'blk': None}: om1 119 pos 4 st1 4 fail1 0 t4 4 t4only 0 t2only 0 rtfail 0 [0.1 s]
#   unit {'pos': 1069, 'blk': None}: om1 155 pos 5 st1 5 fail1 0 t4 5 t4only 0 t2only 0 rtfail 0 [0.1 s]
#   unit {'pos': 1070, 'blk': None}: om1 138 pos 1 st1 1 fail1 0 t4 0 t4only 0 t2only 0 rtfail 0 [0.1 s]
#   unit {'pos': 1071, 'blk': None}: om1 88 pos 0 st1 0 fail1 0 t4 0 t4only 0 t2only 0 rtfail 0 [0.1 s]
#   unit {'pos': 1072, 'blk': None}: om1 103 pos 1 st1 1 fail1 0 t4 0 t4only 0 t2only 0 rtfail 0 [0.1 s]
#   unit {'pos': 1073, 'blk': None}: om1 80 pos 0 st1 0 fail1 0 t4 0 t4only 0 t2only 0 rtfail 0 [0.1 s]
#   unit {'pos': 1074, 'blk': None}: om1 118 pos 0 st1 0 fail1 0 t4 0 t4only 0 t2only 0 rtfail 0 [0.1 s]
#   unit {'pos': 1075, 'blk': None}: om1 57 pos 0 st1 0 fail1 0 t4 0 t4only 0 t2only 0 rtfail 0 [0.1 s]
#   unit {'pos': 1076, 'blk': None}: om1 161 pos 0 st1 0 fail1 0 t4 0 t4only 0 t2only 0 rtfail 0 [0.1 s]
#   unit {'pos': 1077, 'blk': None}: om1 113 pos 0 st1 0 fail1 0 t4 0 t4only 0 t2only 0 rtfail 0 [0.1 s]
#   unit {'pos': 1078, 'blk': None}: om1 53 pos 0 st1 0 fail1 0 t4 0 t4only 0 t2only 0 rtfail 0 [0.1 s]
#   unit {'pos': 1079, 'blk': None}: om1 197 pos 3 st1 3 fail1 0 t4 3 t4only 0 t2only 0 rtfail 0 [0.1 s]
#   unit {'pos': 1081, 'blk': None}: om1 82 pos 4 st1 4 fail1 0 t4 0 t4only 0 t2only 0 rtfail 0 [0.1 s]
#   unit {'pos': 1083, 'blk': None}: om1 107 pos 0 st1 0 fail1 0 t4 0 t4only 0 t2only 0 rtfail 0 [0.1 s]
#   unit {'pos': 1080, 'blk': None}: om1 131 pos 0 st1 0 fail1 0 t4 0 t4only 0 t2only 0 rtfail 0 [0.1 s]
#   unit {'pos': 1082, 'blk': None}: om1 131 pos 0 st1 0 fail1 0 t4 0 t4only 0 t2only 0 rtfail 0 [0.1 s]
#   unit {'pos': 1084, 'blk': None}: om1 152 pos 1 st1 1 fail1 0 t4 1 t4only 0 t2only 0 rtfail 0 [0.1 s]
#   unit {'pos': 1085, 'blk': None}: om1 71 pos 0 st1 0 fail1 0 t4 0 t4only 0 t2only 0 rtfail 0 [0.1 s]
#   unit {'pos': 1087, 'blk': None}: om1 82 pos 0 st1 0 fail1 0 t4 0 t4only 0 t2only 0 rtfail 0 [0.1 s]
#   unit {'pos': 1086, 'blk': None}: om1 56 pos 0 st1 0 fail1 0 t4 0 t4only 0 t2only 0 rtfail 0 [0.1 s]
#   unit {'pos': 1088, 'blk': None}: om1 76 pos 1 st1 1 fail1 0 t4 0 t4only 0 t2only 0 rtfail 0 [0.1 s]
#   unit {'pos': 1089, 'blk': None}: om1 1017 pos 24 st1 24 fail1 0 t4 24 t4only 0 t2only 0 rtfail 0 [0.1 s]
#   unit {'pos': 1091, 'blk': None}: om1 1171 pos 0 st1 0 fail1 0 t4 0 t4only 0 t2only 0 rtfail 0 [0.1 s]
#   unit {'pos': 1090, 'blk': None}: om1 1382 pos 0 st1 0 fail1 0 t4 0 t4only 0 t2only 0 rtfail 0 [0.1 s]
#   unit {'pos': 1093, 'blk': None}: om1 1250 pos 0 st1 0 fail1 0 t4 0 t4only 0 t2only 0 rtfail 0 [0.1 s]
#   unit {'pos': 1092, 'blk': None}: om1 1608 pos 0 st1 0 fail1 0 t4 0 t4only 0 t2only 0 rtfail 0 [0.1 s]
#   unit {'pos': 1094, 'blk': None}: om1 1416 pos 0 st1 0 fail1 0 t4 0 t4only 0 t2only 0 rtfail 0 [0.1 s]
#   unit {'pos': 1095, 'blk': None}: om1 1662 pos 0 st1 0 fail1 0 t4 0 t4only 0 t2only 0 rtfail 0 [0.1 s]
#   unit {'pos': 1097, 'blk': None}: om1 769 pos 0 st1 0 fail1 0 t4 0 t4only 0 t2only 0 rtfail 0 [0.1 s]
#   unit {'pos': 1096, 'blk': None}: om1 1599 pos 0 st1 0 fail1 0 t4 0 t4only 0 t2only 0 rtfail 0 [0.1 s]
#   unit {'pos': 1100, 'blk': None}: om1 481 pos 0 st1 0 fail1 0 t4 0 t4only 0 t2only 0 rtfail 0 [0.1 s]
#   unit {'pos': 1099, 'blk': None}: om1 649 pos 0 st1 0 fail1 0 t4 0 t4only 0 t2only 0 rtfail 0 [0.1 s]
#   unit {'pos': 1098, 'blk': None}: om1 932 pos 0 st1 0 fail1 0 t4 0 t4only 0 t2only 0 rtfail 0 [0.1 s]
#   unit {'pos': 1101, 'blk': None}: om1 905 pos 0 st1 0 fail1 0 t4 0 t4only 0 t2only 0 rtfail 0 [0.1 s]
#   unit {'pos': 1102, 'blk': None}: om1 638 pos 0 st1 0 fail1 0 t4 0 t4only 0 t2only 0 rtfail 0 [0.1 s]
#   unit {'pos': 1104, 'blk': None}: om1 1223 pos 0 st1 0 fail1 0 t4 0 t4only 0 t2only 0 rtfail 0 [0.1 s]
#   unit {'pos': 1103, 'blk': None}: om1 977 pos 0 st1 0 fail1 0 t4 0 t4only 0 t2only 0 rtfail 0 [0.1 s]
#   unit {'pos': 1105, 'blk': None}: om1 731 pos 0 st1 0 fail1 0 t4 0 t4only 0 t2only 0 rtfail 0 [0.1 s]
#   unit {'pos': 1106, 'blk': None}: om1 930 pos 0 st1 0 fail1 0 t4 0 t4only 0 t2only 0 rtfail 0 [0.1 s]
#   unit {'pos': 1107, 'blk': None}: om1 881 pos 0 st1 0 fail1 0 t4 0 t4only 0 t2only 0 rtfail 0 [0.1 s]
#   unit {'pos': 1109, 'blk': None}: om1 556 pos 0 st1 0 fail1 0 t4 0 t4only 0 t2only 0 rtfail 0 [0.1 s]
#   unit {'pos': 1108, 'blk': None}: om1 1115 pos 0 st1 0 fail1 0 t4 0 t4only 0 t2only 0 rtfail 0 [0.1 s]
#   unit {'pos': 1110, 'blk': None}: om1 488 pos 0 st1 0 fail1 0 t4 0 t4only 0 t2only 0 rtfail 0 [0.1 s]
#   unit {'pos': 1111, 'blk': None}: om1 503 pos 0 st1 0 fail1 0 t4 0 t4only 0 t2only 0 rtfail 0 [0.1 s]
#   unit {'pos': 1113, 'blk': None}: om1 453 pos 0 st1 0 fail1 0 t4 0 t4only 0 t2only 0 rtfail 0 [0.1 s]
#   unit {'pos': 1112, 'blk': None}: om1 835 pos 0 st1 0 fail1 0 t4 0 t4only 0 t2only 0 rtfail 0 [0.1 s]
#   unit {'pos': 1114, 'blk': None}: om1 968 pos 0 st1 0 fail1 0 t4 0 t4only 0 t2only 0 rtfail 0 [0.1 s]
#   unit {'pos': 1115, 'blk': None}: om1 400 pos 0 st1 0 fail1 0 t4 0 t4only 0 t2only 0 rtfail 0 [0.1 s]
#   unit {'pos': 1116, 'blk': None}: om1 539 pos 0 st1 0 fail1 0 t4 0 t4only 0 t2only 0 rtfail 0 [0.1 s]
#   unit {'pos': 1117, 'blk': None}: om1 569 pos 0 st1 0 fail1 0 t4 0 t4only 0 t2only 0 rtfail 0 [0.1 s]
#   unit {'pos': 1120, 'blk': None}: om1 421 pos 0 st1 0 fail1 0 t4 0 t4only 0 t2only 0 rtfail 0 [0.1 s]
#   unit {'pos': 1118, 'blk': None}: om1 707 pos 0 st1 0 fail1 0 t4 0 t4only 0 t2only 0 rtfail 0 [0.1 s]
#   unit {'pos': 1119, 'blk': None}: om1 560 pos 0 st1 0 fail1 0 t4 0 t4only 0 t2only 0 rtfail 0 [0.1 s]
#   unit {'pos': 1122, 'blk': None}: om1 248 pos 0 st1 0 fail1 0 t4 0 t4only 0 t2only 0 rtfail 0 [0.1 s]
#   unit {'pos': 1121, 'blk': None}: om1 507 pos 0 st1 0 fail1 0 t4 0 t4only 0 t2only 0 rtfail 0 [0.1 s]
#   unit {'pos': 1124, 'blk': None}: om1 201 pos 0 st1 0 fail1 0 t4 0 t4only 0 t2only 0 rtfail 0 [0.1 s]
#   unit {'pos': 1123, 'blk': None}: om1 452 pos 0 st1 0 fail1 0 t4 0 t4only 0 t2only 0 rtfail 0 [0.1 s]
#   unit {'pos': 1126, 'blk': None}: om1 393 pos 0 st1 0 fail1 0 t4 0 t4only 0 t2only 0 rtfail 0 [0.1 s]
#   unit {'pos': 1128, 'blk': None}: om1 325 pos 0 st1 0 fail1 0 t4 0 t4only 0 t2only 0 rtfail 0 [0.1 s]
#   unit {'pos': 1127, 'blk': None}: om1 510 pos 0 st1 0 fail1 0 t4 0 t4only 0 t2only 0 rtfail 0 [0.1 s]
#   unit {'pos': 1125, 'blk': None}: om1 1332 pos 0 st1 0 fail1 0 t4 0 t4only 0 t2only 0 rtfail 0 [0.2 s]
#   unit {'pos': 1129, 'blk': None}: om1 589 pos 0 st1 0 fail1 0 t4 0 t4only 0 t2only 0 rtfail 0 [0.1 s]
#   unit {'pos': 1130, 'blk': None}: om1 564 pos 0 st1 0 fail1 0 t4 0 t4only 0 t2only 0 rtfail 0 [0.1 s]
#   unit {'pos': 1131, 'blk': None}: om1 423 pos 0 st1 0 fail1 0 t4 0 t4only 0 t2only 0 rtfail 0 [0.1 s]
#   unit {'pos': 1132, 'blk': None}: om1 541 pos 0 st1 0 fail1 0 t4 0 t4only 0 t2only 0 rtfail 0 [0.1 s]
#   unit {'pos': 1133, 'blk': None}: om1 299 pos 0 st1 0 fail1 0 t4 0 t4only 0 t2only 0 rtfail 0 [0.1 s]
#   unit {'pos': 1134, 'blk': None}: om1 764 pos 0 st1 0 fail1 0 t4 0 t4only 0 t2only 0 rtfail 0 [0.1 s]
#   unit {'pos': 1135, 'blk': None}: om1 453 pos 0 st1 0 fail1 0 t4 0 t4only 0 t2only 0 rtfail 0 [0.1 s]
#   unit {'pos': 1137, 'blk': None}: om1 320 pos 0 st1 0 fail1 0 t4 0 t4only 0 t2only 0 rtfail 0 [0.1 s]
#   unit {'pos': 1136, 'blk': None}: om1 430 pos 0 st1 0 fail1 0 t4 0 t4only 0 t2only 0 rtfail 0 [0.1 s]
#   unit {'pos': 1139, 'blk': None}: om1 364 pos 0 st1 0 fail1 0 t4 0 t4only 0 t2only 0 rtfail 0 [0.1 s]
#   unit {'pos': 1140, 'blk': None}: om1 240 pos 0 st1 0 fail1 0 t4 0 t4only 0 t2only 0 rtfail 0 [0.1 s]
#   unit {'pos': 1138, 'blk': None}: om1 428 pos 0 st1 0 fail1 0 t4 0 t4only 0 t2only 0 rtfail 0 [0.1 s]
#   unit {'pos': 1141, 'blk': None}: om1 488 pos 0 st1 0 fail1 0 t4 0 t4only 0 t2only 0 rtfail 0 [0.1 s]
#   unit {'pos': 1142, 'blk': None}: om1 344 pos 0 st1 0 fail1 0 t4 0 t4only 0 t2only 0 rtfail 0 [0.1 s]
#   unit {'pos': 1143, 'blk': None}: om1 253 pos 0 st1 0 fail1 0 t4 0 t4only 0 t2only 0 rtfail 0 [0.1 s]
#   unit {'pos': 1144, 'blk': None}: om1 687 pos 0 st1 0 fail1 0 t4 0 t4only 0 t2only 0 rtfail 0 [0.1 s]
#   unit {'pos': 1145, 'blk': None}: om1 442 pos 0 st1 0 fail1 0 t4 0 t4only 0 t2only 0 rtfail 0 [0.1 s]
#   unit {'pos': 1146, 'blk': None}: om1 322 pos 0 st1 0 fail1 0 t4 0 t4only 0 t2only 0 rtfail 0 [0.1 s]
#   unit {'pos': 1147, 'blk': None}: om1 473 pos 0 st1 0 fail1 0 t4 0 t4only 0 t2only 0 rtfail 0 [0.1 s]
#   unit {'pos': 1149, 'blk': None}: om1 515 pos 0 st1 0 fail1 0 t4 0 t4only 0 t2only 0 rtfail 0 [0.1 s]
#   unit {'pos': 1151, 'blk': None}: om1 351 pos 0 st1 0 fail1 0 t4 0 t4only 0 t2only 0 rtfail 0 [0.1 s]
#   unit {'pos': 1148, 'blk': None}: om1 629 pos 0 st1 0 fail1 0 t4 0 t4only 0 t2only 0 rtfail 0 [0.1 s]
#   unit {'pos': 1150, 'blk': None}: om1 659 pos 0 st1 0 fail1 0 t4 0 t4only 0 t2only 0 rtfail 0 [0.1 s]
#   unit {'pos': 1152, 'blk': None}: om1 416 pos 8 st1 8 fail1 0 t4 8 t4only 0 t2only 0 rtfail 0 [0.1 s]
#   unit {'pos': 1154, 'blk': None}: om1 361 pos 4 st1 4 fail1 0 t4 4 t4only 0 t2only 0 rtfail 0 [0.1 s]
#   unit {'pos': 1153, 'blk': None}: om1 340 pos 0 st1 0 fail1 0 t4 0 t4only 0 t2only 0 rtfail 0 [0.1 s]
#   unit {'pos': 1155, 'blk': None}: om1 443 pos 0 st1 0 fail1 0 t4 0 t4only 0 t2only 0 rtfail 0 [0.1 s]
#   unit {'pos': 1156, 'blk': None}: om1 370 pos 2 st1 2 fail1 0 t4 2 t4only 0 t2only 0 rtfail 0 [0.1 s]
#   unit {'pos': 1157, 'blk': None}: om1 339 pos 0 st1 0 fail1 0 t4 0 t4only 0 t2only 0 rtfail 0 [0.1 s]
#   unit {'pos': 1158, 'blk': None}: om1 353 pos 2 st1 2 fail1 0 t4 2 t4only 0 t2only 0 rtfail 0 [0.1 s]
#   unit {'pos': 1159, 'blk': None}: om1 175 pos 0 st1 0 fail1 0 t4 0 t4only 0 t2only 0 rtfail 0 [0.1 s]
#   unit {'pos': 1162, 'blk': None}: om1 167 pos 0 st1 0 fail1 0 t4 0 t4only 0 t2only 0 rtfail 0 [0.1 s]
#   unit {'pos': 1161, 'blk': None}: om1 438 pos 1 st1 1 fail1 0 t4 1 t4only 0 t2only 0 rtfail 0 [0.1 s]
#   unit {'pos': 1160, 'blk': None}: om1 391 pos 0 st1 0 fail1 0 t4 0 t4only 0 t2only 0 rtfail 0 [0.1 s]
#   unit {'pos': 1166, 'blk': None}: om1 365 pos 1 st1 1 fail1 0 t4 1 t4only 0 t2only 0 rtfail 0 [0.1 s]
#   unit {'pos': 1163, 'blk': None}: om1 350 pos 0 st1 0 fail1 0 t4 0 t4only 0 t2only 0 rtfail 0 [0.1 s]
#   unit {'pos': 1165, 'blk': None}: om1 437 pos 0 st1 0 fail1 0 t4 0 t4only 0 t2only 0 rtfail 0 [0.1 s]
#   unit {'pos': 1164, 'blk': None}: om1 462 pos 5 st1 5 fail1 0 t4 4 t4only 0 t2only 0 rtfail 0 [0.1 s]
#   unit {'pos': 1167, 'blk': None}: om1 135 pos 2 st1 2 fail1 0 t4 2 t4only 0 t2only 0 rtfail 0 [0.1 s]
#   unit {'pos': 1169, 'blk': None}: om1 301 pos 0 st1 0 fail1 0 t4 0 t4only 0 t2only 0 rtfail 0 [0.1 s]
#   unit {'pos': 1168, 'blk': None}: om1 363 pos 0 st1 0 fail1 0 t4 0 t4only 0 t2only 0 rtfail 0 [0.1 s]
#   unit {'pos': 1170, 'blk': None}: om1 106 pos 0 st1 0 fail1 0 t4 0 t4only 0 t2only 0 rtfail 0 [0.1 s]
#   unit {'pos': 1171, 'blk': None}: om1 407 pos 0 st1 0 fail1 0 t4 0 t4only 0 t2only 0 rtfail 0 [0.1 s]
#   unit {'pos': 1173, 'blk': None}: om1 257 pos 0 st1 0 fail1 0 t4 0 t4only 0 t2only 0 rtfail 0 [0.1 s]
#   unit {'pos': 1172, 'blk': None}: om1 391 pos 7 st1 7 fail1 0 t4 7 t4only 0 t2only 0 rtfail 0 [0.1 s]
#   unit {'pos': 1174, 'blk': None}: om1 340 pos 0 st1 0 fail1 0 t4 0 t4only 0 t2only 0 rtfail 0 [0.1 s]
#   unit {'pos': 1177, 'blk': None}: om1 338 pos 0 st1 0 fail1 0 t4 0 t4only 0 t2only 0 rtfail 0 [0.1 s]
#   unit {'pos': 1176, 'blk': None}: om1 344 pos 0 st1 0 fail1 0 t4 0 t4only 0 t2only 0 rtfail 0 [0.1 s]
#   unit {'pos': 1175, 'blk': None}: om1 361 pos 1 st1 1 fail1 0 t4 1 t4only 0 t2only 0 rtfail 0 [0.1 s]
#   unit {'pos': 1178, 'blk': None}: om1 271 pos 0 st1 0 fail1 0 t4 0 t4only 0 t2only 0 rtfail 0 [0.1 s]
#   unit {'pos': 1179, 'blk': None}: om1 88 pos 0 st1 0 fail1 0 t4 0 t4only 0 t2only 0 rtfail 0 [0.1 s]
#   unit {'pos': 1181, 'blk': None}: om1 398 pos 0 st1 0 fail1 0 t4 0 t4only 0 t2only 0 rtfail 0 [0.1 s]
#   unit {'pos': 1182, 'blk': None}: om1 397 pos 1 st1 1 fail1 0 t4 1 t4only 0 t2only 0 rtfail 0 [0.1 s]
#   unit {'pos': 1180, 'blk': None}: om1 468 pos 0 st1 0 fail1 0 t4 0 t4only 0 t2only 0 rtfail 0 [0.1 s]
#   unit {'pos': 1183, 'blk': None}: om1 410 pos 1 st1 1 fail1 0 t4 1 t4only 0 t2only 0 rtfail 0 [0.1 s]
#   unit {'pos': 1185, 'blk': None}: om1 210 pos 0 st1 0 fail1 0 t4 0 t4only 0 t2only 0 rtfail 0 [0.1 s]
#   unit {'pos': 1186, 'blk': None}: om1 148 pos 1 st1 1 fail1 0 t4 1 t4only 0 t2only 0 rtfail 0 [0.1 s]
#   unit {'pos': 1184, 'blk': None}: om1 401 pos 1 st1 1 fail1 0 t4 0 t4only 0 t2only 0 rtfail 0 [0.1 s]
#   unit {'pos': 1187, 'blk': None}: om1 600 pos 10 st1 10 fail1 0 t4 0 t4only 0 t2only 0 rtfail 0 [0.1 s]
#   unit {'pos': 1189, 'blk': None}: om1 448 pos 0 st1 0 fail1 0 t4 0 t4only 0 t2only 0 rtfail 0 [0.1 s]
#   unit {'pos': 1190, 'blk': None}: om1 422 pos 0 st1 0 fail1 0 t4 0 t4only 0 t2only 0 rtfail 0 [0.1 s]
#   unit {'pos': 1188, 'blk': None}: om1 728 pos 0 st1 0 fail1 0 t4 0 t4only 0 t2only 0 rtfail 0 [0.1 s]
#   unit {'pos': 1191, 'blk': None}: om1 459 pos 0 st1 0 fail1 0 t4 0 t4only 0 t2only 0 rtfail 0 [0.1 s]
#   unit {'pos': 1192, 'blk': None}: om1 519 pos 0 st1 0 fail1 0 t4 0 t4only 0 t2only 0 rtfail 0 [0.1 s]
#   unit {'pos': 1193, 'blk': None}: om1 597 pos 20 st1 20 fail1 0 t4 18 t4only 0 t2only 0 rtfail 0 [0.1 s]
#   unit {'pos': 1194, 'blk': None}: om1 478 pos 26 st1 26 fail1 0 t4 26 t4only 0 t2only 0 rtfail 0 [0.1 s]
#   unit {'pos': 1196, 'blk': None}: om1 265 pos 0 st1 0 fail1 0 t4 0 t4only 0 t2only 0 rtfail 0 [0.1 s]
#   unit {'pos': 1195, 'blk': None}: om1 620 pos 19 st1 19 fail1 0 t4 19 t4only 0 t2only 0 rtfail 0 [0.1 s]
#   unit {'pos': 1197, 'blk': None}: om1 491 pos 2 st1 2 fail1 0 t4 2 t4only 0 t2only 0 rtfail 0 [0.1 s]
#   unit {'pos': 1198, 'blk': None}: om1 423 pos 0 st1 0 fail1 0 t4 0 t4only 0 t2only 0 rtfail 0 [0.1 s]
#   unit {'pos': 1199, 'blk': None}: om1 274 pos 0 st1 0 fail1 0 t4 0 t4only 0 t2only 0 rtfail 0 [0.1 s]
#   unit {'pos': 1201, 'blk': None}: om1 282 pos 0 st1 0 fail1 0 t4 0 t4only 0 t2only 0 rtfail 0 [0.1 s]
#   unit {'pos': 1200, 'blk': None}: om1 400 pos 0 st1 0 fail1 0 t4 0 t4only 0 t2only 0 rtfail 0 [0.1 s]
#   unit {'pos': 1202, 'blk': None}: om1 267 pos 0 st1 0 fail1 0 t4 0 t4only 0 t2only 0 rtfail 0 [0.1 s]
#   unit {'pos': 1203, 'blk': None}: om1 305 pos 2 st1 2 fail1 0 t4 2 t4only 0 t2only 0 rtfail 0 [0.1 s]
#   unit {'pos': 1205, 'blk': None}: om1 218 pos 0 st1 0 fail1 0 t4 0 t4only 0 t2only 0 rtfail 0 [0.1 s]
#   unit {'pos': 1204, 'blk': None}: om1 457 pos 0 st1 0 fail1 0 t4 0 t4only 0 t2only 0 rtfail 0 [0.1 s]
#   unit {'pos': 1206, 'blk': None}: om1 322 pos 0 st1 0 fail1 0 t4 0 t4only 0 t2only 0 rtfail 0 [0.1 s]
#   unit {'pos': 1209, 'blk': None}: om1 413 pos 1 st1 1 fail1 0 t4 1 t4only 0 t2only 0 rtfail 0 [0.1 s]
#   unit {'pos': 1207, 'blk': None}: om1 574 pos 1 st1 1 fail1 0 t4 1 t4only 0 t2only 0 rtfail 0 [0.1 s]
#   unit {'pos': 1210, 'blk': None}: om1 331 pos 7 st1 7 fail1 0 t4 6 t4only 0 t2only 0 rtfail 0 [0.1 s]
#   unit {'pos': 1208, 'blk': None}: om1 487 pos 7 st1 7 fail1 0 t4 6 t4only 0 t2only 0 rtfail 0 [0.1 s]
#   unit {'pos': 1211, 'blk': None}: om1 489 pos 1 st1 1 fail1 0 t4 1 t4only 0 t2only 0 rtfail 0 [0.1 s]
#   unit {'pos': 1212, 'blk': None}: om1 298 pos 2 st1 2 fail1 0 t4 1 t4only 0 t2only 0 rtfail 0 [0.1 s]
#   unit {'pos': 1213, 'blk': None}: om1 289 pos 2 st1 2 fail1 0 t4 2 t4only 0 t2only 0 rtfail 0 [0.1 s]
#   unit {'pos': 1214, 'blk': None}: om1 515 pos 0 st1 0 fail1 0 t4 0 t4only 0 t2only 0 rtfail 0 [0.1 s]
#   unit {'pos': 1217, 'blk': None}: om1 272 pos 0 st1 0 fail1 0 t4 0 t4only 0 t2only 0 rtfail 0 [0.1 s]
#   unit {'pos': 1215, 'blk': None}: om1 453 pos 4 st1 4 fail1 0 t4 3 t4only 0 t2only 0 rtfail 0 [0.1 s]
#   unit {'pos': 1216, 'blk': None}: om1 418 pos 0 st1 0 fail1 0 t4 0 t4only 0 t2only 0 rtfail 0 [0.1 s]
#   unit {'pos': 1218, 'blk': None}: om1 301 pos 1 st1 1 fail1 0 t4 1 t4only 0 t2only 0 rtfail 0 [0.1 s]
#   unit {'pos': 1220, 'blk': None}: om1 529 pos 0 st1 0 fail1 0 t4 0 t4only 0 t2only 0 rtfail 0 [0.1 s]
#   unit {'pos': 1219, 'blk': None}: om1 513 pos 0 st1 0 fail1 0 t4 0 t4only 0 t2only 0 rtfail 0 [0.1 s]
#   unit {'pos': 1221, 'blk': None}: om1 413 pos 0 st1 0 fail1 0 t4 0 t4only 0 t2only 0 rtfail 0 [0.1 s]
#   unit {'pos': 1222, 'blk': None}: om1 347 pos 0 st1 0 fail1 0 t4 0 t4only 0 t2only 0 rtfail 0 [0.1 s]
#   unit {'pos': 1223, 'blk': None}: om1 238 pos 0 st1 0 fail1 0 t4 0 t4only 0 t2only 0 rtfail 0 [0.1 s]
#   unit {'pos': 1224, 'blk': None}: om1 321 pos 0 st1 0 fail1 0 t4 0 t4only 0 t2only 0 rtfail 0 [0.1 s]
#   unit {'pos': 1225, 'blk': None}: om1 337 pos 0 st1 0 fail1 0 t4 0 t4only 0 t2only 0 rtfail 0 [0.1 s]
#   unit {'pos': 1226, 'blk': None}: om1 349 pos 1 st1 1 fail1 0 t4 1 t4only 0 t2only 0 rtfail 0 [0.1 s]
#   unit {'pos': 1228, 'blk': None}: om1 215 pos 1 st1 1 fail1 0 t4 1 t4only 0 t2only 0 rtfail 0 [0.1 s]
#   unit {'pos': 1227, 'blk': None}: om1 399 pos 1 st1 1 fail1 0 t4 1 t4only 0 t2only 0 rtfail 0 [0.1 s]
#   unit {'pos': 1230, 'blk': None}: om1 302 pos 0 st1 0 fail1 0 t4 0 t4only 0 t2only 0 rtfail 0 [0.1 s]
#   unit {'pos': 1229, 'blk': None}: om1 472 pos 0 st1 0 fail1 0 t4 0 t4only 0 t2only 0 rtfail 0 [0.1 s]
#   unit {'pos': 1231, 'blk': None}: om1 309 pos 0 st1 0 fail1 0 t4 0 t4only 0 t2only 0 rtfail 0 [0.1 s]
#   unit {'pos': 1232, 'blk': None}: om1 218 pos 0 st1 0 fail1 0 t4 0 t4only 0 t2only 0 rtfail 0 [0.1 s]
#   unit {'pos': 1233, 'blk': None}: om1 482 pos 0 st1 0 fail1 0 t4 0 t4only 0 t2only 0 rtfail 0 [0.1 s]
#   unit {'pos': 1234, 'blk': None}: om1 408 pos 0 st1 0 fail1 0 t4 0 t4only 0 t2only 0 rtfail 0 [0.1 s]
#   unit {'pos': 1236, 'blk': None}: om1 130 pos 0 st1 0 fail1 0 t4 0 t4only 0 t2only 0 rtfail 0 [0.1 s]
#   unit {'pos': 1235, 'blk': None}: om1 279 pos 0 st1 0 fail1 0 t4 0 t4only 0 t2only 0 rtfail 0 [0.1 s]
#   unit {'pos': 1238, 'blk': None}: om1 279 pos 3 st1 3 fail1 0 t4 2 t4only 0 t2only 0 rtfail 0 [0.1 s]
#   unit {'pos': 1237, 'blk': None}: om1 434 pos 5 st1 5 fail1 0 t4 5 t4only 0 t2only 0 rtfail 0 [0.1 s]
#   unit {'pos': 1240, 'blk': None}: om1 255 pos 1 st1 1 fail1 0 t4 0 t4only 0 t2only 0 rtfail 0 [0.1 s]
#   unit {'pos': 1239, 'blk': None}: om1 428 pos 2 st1 2 fail1 0 t4 1 t4only 0 t2only 0 rtfail 0 [0.1 s]
#   unit {'pos': 1241, 'blk': None}: om1 175 pos 1 st1 1 fail1 0 t4 1 t4only 0 t2only 0 rtfail 0 [0.1 s]
#   unit {'pos': 1242, 'blk': None}: om1 202 pos 3 st1 3 fail1 0 t4 3 t4only 0 t2only 0 rtfail 0 [0.1 s]
#   unit {'pos': 1243, 'blk': None}: om1 530 pos 3 st1 3 fail1 0 t4 2 t4only 0 t2only 0 rtfail 0 [0.1 s]
#   unit {'pos': 1244, 'blk': None}: om1 419 pos 2 st1 2 fail1 0 t4 2 t4only 0 t2only 0 rtfail 0 [0.1 s]
#   unit {'pos': 1245, 'blk': None}: om1 336 pos 3 st1 3 fail1 0 t4 3 t4only 0 t2only 0 rtfail 0 [0.1 s]
#   unit {'pos': 1246, 'blk': None}: om1 367 pos 1 st1 1 fail1 0 t4 1 t4only 0 t2only 0 rtfail 0 [0.1 s]
#   unit {'pos': 1247, 'blk': None}: om1 309 pos 1 st1 1 fail1 0 t4 1 t4only 0 t2only 0 rtfail 0 [0.1 s]
#   unit {'pos': 1248, 'blk': None}: om1 202 pos 5 st1 5 fail1 0 t4 5 t4only 0 t2only 0 rtfail 0 [0.1 s]
#   unit {'pos': 1250, 'blk': None}: om1 271 pos 0 st1 0 fail1 0 t4 0 t4only 0 t2only 0 rtfail 0 [0.1 s]
#   unit {'pos': 1249, 'blk': None}: om1 402 pos 1 st1 1 fail1 0 t4 1 t4only 0 t2only 0 rtfail 0 [0.1 s]
#   unit {'pos': 1251, 'blk': None}: om1 310 pos 0 st1 0 fail1 0 t4 0 t4only 0 t2only 0 rtfail 0 [0.1 s]
#   unit {'pos': 1252, 'blk': None}: om1 330 pos 0 st1 0 fail1 0 t4 0 t4only 0 t2only 0 rtfail 0 [0.1 s]
#   unit {'pos': 1253, 'blk': None}: om1 261 pos 0 st1 0 fail1 0 t4 0 t4only 0 t2only 0 rtfail 0 [0.1 s]
#   unit {'pos': 1254, 'blk': None}: om1 306 pos 4 st1 4 fail1 0 t4 0 t4only 0 t2only 0 rtfail 0 [0.1 s]
#   unit {'pos': 1255, 'blk': None}: om1 171 pos 4 st1 4 fail1 0 t4 4 t4only 0 t2only 0 rtfail 0 [0.1 s]
#   unit {'pos': 1256, 'blk': None}: om1 230 pos 10 st1 10 fail1 0 t4 7 t4only 0 t2only 0 rtfail 0 [0.1 s]
#   unit {'pos': 1257, 'blk': None}: om1 279 pos 0 st1 0 fail1 0 t4 0 t4only 0 t2only 0 rtfail 0 [0.1 s]
#   unit {'pos': 1258, 'blk': None}: om1 328 pos 1 st1 1 fail1 0 t4 1 t4only 0 t2only 0 rtfail 0 [0.1 s]
#   unit {'pos': 1260, 'blk': None}: om1 164 pos 0 st1 0 fail1 0 t4 0 t4only 0 t2only 0 rtfail 0 [0.1 s]
#   unit {'pos': 1259, 'blk': None}: om1 332 pos 1 st1 1 fail1 0 t4 1 t4only 0 t2only 0 rtfail 0 [0.1 s]
#   unit {'pos': 1261, 'blk': None}: om1 192 pos 3 st1 3 fail1 0 t4 3 t4only 0 t2only 0 rtfail 0 [0.1 s]
#   unit {'pos': 1263, 'blk': None}: om1 358 pos 9 st1 9 fail1 0 t4 7 t4only 0 t2only 0 rtfail 0 [0.1 s]
#   unit {'pos': 1262, 'blk': None}: om1 315 pos 0 st1 0 fail1 0 t4 0 t4only 0 t2only 0 rtfail 0 [0.1 s]
#   unit {'pos': 1264, 'blk': None}: om1 499 pos 0 st1 0 fail1 0 t4 0 t4only 0 t2only 0 rtfail 0 [0.1 s]
#   unit {'pos': 1265, 'blk': None}: om1 248 pos 3 st1 3 fail1 0 t4 1 t4only 0 t2only 0 rtfail 0 [0.1 s]
#   unit {'pos': 1267, 'blk': None}: om1 97 pos 2 st1 2 fail1 0 t4 2 t4only 0 t2only 0 rtfail 0 [0.1 s]
#   unit {'pos': 1266, 'blk': None}: om1 263 pos 0 st1 0 fail1 0 t4 0 t4only 0 t2only 0 rtfail 0 [0.1 s]
#   unit {'pos': 1268, 'blk': None}: om1 292 pos 0 st1 0 fail1 0 t4 0 t4only 0 t2only 0 rtfail 0 [0.1 s]
#   unit {'pos': 1270, 'blk': None}: om1 722 pos 0 st1 0 fail1 0 t4 0 t4only 0 t2only 0 rtfail 0 [0.1 s]
#   unit {'pos': 1269, 'blk': None}: om1 292 pos 0 st1 0 fail1 0 t4 0 t4only 0 t2only 0 rtfail 0 [0.1 s]
#   unit {'pos': 1271, 'blk': None}: om1 687 pos 0 st1 0 fail1 0 t4 0 t4only 0 t2only 0 rtfail 0 [0.1 s]
#   unit {'pos': 1272, 'blk': None}: om1 749 pos 0 st1 0 fail1 0 t4 0 t4only 0 t2only 0 rtfail 0 [0.1 s]
#   unit {'pos': 1273, 'blk': None}: om1 635 pos 0 st1 0 fail1 0 t4 0 t4only 0 t2only 0 rtfail 0 [0.1 s]
#   unit {'pos': 1274, 'blk': None}: om1 315 pos 0 st1 0 fail1 0 t4 0 t4only 0 t2only 0 rtfail 0 [0.1 s]
#   unit {'pos': 1275, 'blk': None}: om1 674 pos 0 st1 0 fail1 0 t4 0 t4only 0 t2only 0 rtfail 0 [0.1 s]
#   unit {'pos': 1276, 'blk': None}: om1 416 pos 0 st1 0 fail1 0 t4 0 t4only 0 t2only 0 rtfail 0 [0.1 s]
#   unit {'pos': 1277, 'blk': None}: om1 384 pos 0 st1 0 fail1 0 t4 0 t4only 0 t2only 0 rtfail 0 [0.1 s]
#   unit {'pos': 1278, 'blk': None}: om1 692 pos 0 st1 0 fail1 0 t4 0 t4only 0 t2only 0 rtfail 0 [0.1 s]
#   unit {'pos': 1280, 'blk': None}: om1 335 pos 0 st1 0 fail1 0 t4 0 t4only 0 t2only 0 rtfail 0 [0.1 s]
#   unit {'pos': 1279, 'blk': None}: om1 661 pos 0 st1 0 fail1 0 t4 0 t4only 0 t2only 0 rtfail 0 [0.1 s]
#   unit {'pos': 1281, 'blk': None}: om1 649 pos 0 st1 0 fail1 0 t4 0 t4only 0 t2only 0 rtfail 0 [0.1 s]
#   unit {'pos': 1282, 'blk': None}: om1 396 pos 0 st1 0 fail1 0 t4 0 t4only 0 t2only 0 rtfail 0 [0.1 s]
#   unit {'pos': 1283, 'blk': None}: om1 657 pos 0 st1 0 fail1 0 t4 0 t4only 0 t2only 0 rtfail 0 [0.1 s]
#   unit {'pos': 1284, 'blk': None}: om1 354 pos 0 st1 0 fail1 0 t4 0 t4only 0 t2only 0 rtfail 0 [0.1 s]
#   unit {'pos': 1285, 'blk': None}: om1 338 pos 0 st1 0 fail1 0 t4 0 t4only 0 t2only 0 rtfail 0 [0.1 s]
#   unit {'pos': 1286, 'blk': None}: om1 189 pos 0 st1 0 fail1 0 t4 0 t4only 0 t2only 0 rtfail 0 [0.1 s]
#   unit {'pos': 1287, 'blk': None}: om1 198 pos 0 st1 0 fail1 0 t4 0 t4only 0 t2only 0 rtfail 0 [0.1 s]
#   unit {'pos': 1288, 'blk': None}: om1 178 pos 0 st1 0 fail1 0 t4 0 t4only 0 t2only 0 rtfail 0 [0.1 s]
#   unit {'pos': 1290, 'blk': None}: om1 170 pos 0 st1 0 fail1 0 t4 0 t4only 0 t2only 0 rtfail 0 [0.1 s]
#   unit {'pos': 1289, 'blk': None}: om1 218 pos 0 st1 0 fail1 0 t4 0 t4only 0 t2only 0 rtfail 0 [0.1 s]
#   unit {'pos': 1291, 'blk': None}: om1 126 pos 0 st1 0 fail1 0 t4 0 t4only 0 t2only 0 rtfail 0 [0.1 s]
#   unit {'pos': 1292, 'blk': None}: om1 95 pos 0 st1 0 fail1 0 t4 0 t4only 0 t2only 0 rtfail 0 [0.1 s]
#   unit {'pos': 1293, 'blk': None}: om1 89 pos 0 st1 0 fail1 0 t4 0 t4only 0 t2only 0 rtfail 0 [0.1 s]
#   unit {'pos': 1294, 'blk': None}: om1 194 pos 0 st1 0 fail1 0 t4 0 t4only 0 t2only 0 rtfail 0 [0.1 s]
#   unit {'pos': 1295, 'blk': None}: om1 99 pos 0 st1 0 fail1 0 t4 0 t4only 0 t2only 0 rtfail 0 [0.1 s]
#   unit {'pos': 1296, 'blk': None}: om1 83 pos 0 st1 0 fail1 0 t4 0 t4only 0 t2only 0 rtfail 0 [0.1 s]
#   unit {'pos': 1297, 'blk': None}: om1 65 pos 0 st1 0 fail1 0 t4 0 t4only 0 t2only 0 rtfail 0 [0.1 s]
#   unit {'pos': 1298, 'blk': None}: om1 268 pos 0 st1 0 fail1 0 t4 0 t4only 0 t2only 0 rtfail 0 [0.1 s]
#   unit {'pos': 1299, 'blk': None}: om1 284 pos 0 st1 0 fail1 0 t4 0 t4only 0 t2only 0 rtfail 0 [0.1 s]
#   unit {'pos': 1300, 'blk': None}: om1 215 pos 0 st1 0 fail1 0 t4 0 t4only 0 t2only 0 rtfail 0 [0.1 s]
#   unit {'pos': 1301, 'blk': None}: om1 78 pos 0 st1 0 fail1 0 t4 0 t4only 0 t2only 0 rtfail 0 [0.1 s]
#   unit {'pos': 1302, 'blk': None}: om1 50 pos 0 st1 0 fail1 0 t4 0 t4only 0 t2only 0 rtfail 0 [0.1 s]
#   unit {'pos': 1303, 'blk': None}: om1 334 pos 0 st1 0 fail1 0 t4 0 t4only 0 t2only 0 rtfail 0 [0.1 s]
#   unit {'pos': 1305, 'blk': None}: om1 225 pos 0 st1 0 fail1 0 t4 0 t4only 0 t2only 0 rtfail 0 [0.1 s]
#   unit {'pos': 1304, 'blk': None}: om1 408 pos 0 st1 0 fail1 0 t4 0 t4only 0 t2only 0 rtfail 0 [0.1 s]
#   unit {'pos': 1306, 'blk': None}: om1 216 pos 0 st1 0 fail1 0 t4 0 t4only 0 t2only 0 rtfail 0 [0.1 s]
#   unit {'pos': 1307, 'blk': None}: om1 249 pos 0 st1 0 fail1 0 t4 0 t4only 0 t2only 0 rtfail 0 [0.1 s]
#   unit {'pos': 1310, 'blk': None}: om1 221 pos 8 st1 8 fail1 0 t4 8 t4only 0 t2only 0 rtfail 0 [0.1 s]
#   unit {'pos': 1308, 'blk': None}: om1 404 pos 0 st1 0 fail1 0 t4 0 t4only 0 t2only 0 rtfail 0 [0.1 s]
#   unit {'pos': 1309, 'blk': None}: om1 525 pos 0 st1 0 fail1 0 t4 0 t4only 0 t2only 0 rtfail 0 [0.1 s]
#   unit {'pos': 1311, 'blk': None}: om1 296 pos 0 st1 0 fail1 0 t4 0 t4only 0 t2only 0 rtfail 0 [0.1 s]
#   unit {'pos': 1312, 'blk': None}: om1 251 pos 0 st1 0 fail1 0 t4 0 t4only 0 t2only 0 rtfail 0 [0.1 s]
#   unit {'pos': 1313, 'blk': None}: om1 278 pos 0 st1 0 fail1 0 t4 0 t4only 0 t2only 0 rtfail 0 [0.1 s]
#   unit {'pos': 1314, 'blk': None}: om1 317 pos 0 st1 0 fail1 0 t4 0 t4only 0 t2only 0 rtfail 0 [0.1 s]
#   unit {'pos': 1315, 'blk': None}: om1 200 pos 0 st1 0 fail1 0 t4 0 t4only 0 t2only 0 rtfail 0 [0.1 s]
#   unit {'pos': 1316, 'blk': None}: om1 389 pos 0 st1 0 fail1 0 t4 0 t4only 0 t2only 0 rtfail 0 [0.1 s]
#   unit {'pos': 1317, 'blk': None}: om1 277 pos 0 st1 0 fail1 0 t4 0 t4only 0 t2only 0 rtfail 0 [0.1 s]
#   unit {'pos': 1318, 'blk': None}: om1 209 pos 0 st1 0 fail1 0 t4 0 t4only 0 t2only 0 rtfail 0 [0.1 s]
#   unit {'pos': 1319, 'blk': None}: om1 237 pos 0 st1 0 fail1 0 t4 0 t4only 0 t2only 0 rtfail 0 [0.1 s]
#   unit {'pos': 1320, 'blk': None}: om1 184 pos 0 st1 0 fail1 0 t4 0 t4only 0 t2only 0 rtfail 0 [0.1 s]
#   unit {'pos': 1321, 'blk': None}: om1 159 pos 0 st1 0 fail1 0 t4 0 t4only 0 t2only 0 rtfail 0 [0.1 s]
#   unit {'pos': 1322, 'blk': None}: om1 208 pos 0 st1 0 fail1 0 t4 0 t4only 0 t2only 0 rtfail 0 [0.1 s]
#   unit {'pos': 1323, 'blk': None}: om1 117 pos 0 st1 0 fail1 0 t4 0 t4only 0 t2only 0 rtfail 0 [0.1 s]
#   unit {'pos': 1324, 'blk': None}: om1 72 pos 0 st1 0 fail1 0 t4 0 t4only 0 t2only 0 rtfail 0 [0.1 s]
#   unit {'pos': 1325, 'blk': None}: om1 238 pos 0 st1 0 fail1 0 t4 0 t4only 0 t2only 0 rtfail 0 [0.1 s]
#   unit {'pos': 1326, 'blk': None}: om1 166 pos 0 st1 0 fail1 0 t4 0 t4only 0 t2only 0 rtfail 0 [0.1 s]
#   unit {'pos': 1328, 'blk': None}: om1 198 pos 0 st1 0 fail1 0 t4 0 t4only 0 t2only 0 rtfail 0 [0.1 s]
#   unit {'pos': 1327, 'blk': None}: om1 79 pos 0 st1 0 fail1 0 t4 0 t4only 0 t2only 0 rtfail 0 [0.1 s]
#   unit {'pos': 1329, 'blk': None}: om1 179 pos 0 st1 0 fail1 0 t4 0 t4only 0 t2only 0 rtfail 0 [0.1 s]
#   unit {'pos': 1330, 'blk': None}: om1 249 pos 0 st1 0 fail1 0 t4 0 t4only 0 t2only 0 rtfail 0 [0.1 s]
#   unit {'pos': 1331, 'blk': None}: om1 236 pos 0 st1 0 fail1 0 t4 0 t4only 0 t2only 0 rtfail 0 [0.1 s]
#   unit {'pos': 1332, 'blk': None}: om1 195 pos 0 st1 0 fail1 0 t4 0 t4only 0 t2only 0 rtfail 0 [0.1 s]
#   unit {'pos': 1333, 'blk': None}: om1 255 pos 0 st1 0 fail1 0 t4 0 t4only 0 t2only 0 rtfail 0 [0.1 s]
#   unit {'pos': 1334, 'blk': None}: om1 201 pos 0 st1 0 fail1 0 t4 0 t4only 0 t2only 0 rtfail 0 [0.1 s]
#   unit {'pos': 1335, 'blk': None}: om1 208 pos 0 st1 0 fail1 0 t4 0 t4only 0 t2only 0 rtfail 0 [0.1 s]
#   unit {'pos': 1336, 'blk': None}: om1 145 pos 0 st1 0 fail1 0 t4 0 t4only 0 t2only 0 rtfail 0 [0.1 s]
#   unit {'pos': 1337, 'blk': None}: om1 203 pos 0 st1 0 fail1 0 t4 0 t4only 0 t2only 0 rtfail 0 [0.1 s]
#   unit {'pos': 1338, 'blk': None}: om1 301 pos 0 st1 0 fail1 0 t4 0 t4only 0 t2only 0 rtfail 0 [0.1 s]
#   unit {'pos': 1339, 'blk': None}: om1 226 pos 0 st1 0 fail1 0 t4 0 t4only 0 t2only 0 rtfail 0 [0.1 s]
#   unit {'pos': 1340, 'blk': None}: om1 206 pos 0 st1 0 fail1 0 t4 0 t4only 0 t2only 0 rtfail 0 [0.1 s]
#   unit {'pos': 1341, 'blk': None}: om1 149 pos 0 st1 0 fail1 0 t4 0 t4only 0 t2only 0 rtfail 0 [0.1 s]
#   unit {'pos': 1342, 'blk': None}: om1 299 pos 0 st1 0 fail1 0 t4 0 t4only 0 t2only 0 rtfail 0 [0.1 s]
#   unit {'pos': 1343, 'blk': None}: om1 196 pos 0 st1 0 fail1 0 t4 0 t4only 0 t2only 0 rtfail 0 [0.1 s]
#   unit {'pos': 1344, 'blk': None}: om1 195 pos 0 st1 0 fail1 0 t4 0 t4only 0 t2only 0 rtfail 0 [0.1 s]
#   unit {'pos': 1345, 'blk': None}: om1 176 pos 0 st1 0 fail1 0 t4 0 t4only 0 t2only 0 rtfail 0 [0.1 s]
#   unit {'pos': 1347, 'blk': None}: om1 123 pos 0 st1 0 fail1 0 t4 0 t4only 0 t2only 0 rtfail 0 [0.1 s]
#   unit {'pos': 1346, 'blk': None}: om1 177 pos 0 st1 0 fail1 0 t4 0 t4only 0 t2only 0 rtfail 0 [0.1 s]
#   unit {'pos': 1348, 'blk': None}: om1 207 pos 0 st1 0 fail1 0 t4 0 t4only 0 t2only 0 rtfail 0 [0.1 s]
#   unit {'pos': 1349, 'blk': None}: om1 187 pos 0 st1 0 fail1 0 t4 0 t4only 0 t2only 0 rtfail 0 [0.1 s]
#   unit {'pos': 1350, 'blk': None}: om1 100 pos 0 st1 0 fail1 0 t4 0 t4only 0 t2only 0 rtfail 0 [0.1 s]
#   unit {'pos': 1351, 'blk': None}: om1 142 pos 0 st1 0 fail1 0 t4 0 t4only 0 t2only 0 rtfail 0 [0.1 s]
#   unit {'pos': 1352, 'blk': None}: om1 259 pos 0 st1 0 fail1 0 t4 0 t4only 0 t2only 0 rtfail 0 [0.1 s]
#   unit {'pos': 1353, 'blk': None}: om1 147 pos 0 st1 0 fail1 0 t4 0 t4only 0 t2only 0 rtfail 0 [0.1 s]
#   unit {'pos': 1354, 'blk': None}: om1 98 pos 0 st1 0 fail1 0 t4 0 t4only 0 t2only 0 rtfail 0 [0.1 s]
#   unit {'pos': 1355, 'blk': None}: om1 108 pos 0 st1 0 fail1 0 t4 0 t4only 0 t2only 0 rtfail 0 [0.1 s]
#   unit {'pos': 1356, 'blk': None}: om1 41 pos 0 st1 0 fail1 0 t4 0 t4only 0 t2only 0 rtfail 0 [0.1 s]
#   unit {'pos': 1357, 'blk': None}: om1 301 pos 0 st1 0 fail1 0 t4 0 t4only 0 t2only 0 rtfail 0 [0.1 s]
#   unit {'pos': 1358, 'blk': None}: om1 231 pos 0 st1 0 fail1 0 t4 0 t4only 0 t2only 0 rtfail 0 [0.1 s]
#   unit {'pos': 1359, 'blk': None}: om1 182 pos 0 st1 0 fail1 0 t4 0 t4only 0 t2only 0 rtfail 0 [0.1 s]
#   unit {'pos': 1360, 'blk': None}: om1 279 pos 0 st1 0 fail1 0 t4 0 t4only 0 t2only 0 rtfail 0 [0.1 s]
#   unit {'pos': 1362, 'blk': None}: om1 154 pos 0 st1 0 fail1 0 t4 0 t4only 0 t2only 0 rtfail 0 [0.1 s]
#   unit {'pos': 1361, 'blk': None}: om1 211 pos 0 st1 0 fail1 0 t4 0 t4only 0 t2only 0 rtfail 0 [0.1 s]
#   unit {'pos': 1363, 'blk': None}: om1 117 pos 0 st1 0 fail1 0 t4 0 t4only 0 t2only 0 rtfail 0 [0.1 s]
#   unit {'pos': 1364, 'blk': None}: om1 78 pos 0 st1 0 fail1 0 t4 0 t4only 0 t2only 0 rtfail 0 [0.1 s]
#   unit {'pos': 1365, 'blk': None}: om1 44 pos 0 st1 0 fail1 0 t4 0 t4only 0 t2only 0 rtfail 0 [0.1 s]
#   unit {'pos': 1366, 'blk': None}: om1 276 pos 0 st1 0 fail1 0 t4 0 t4only 0 t2only 0 rtfail 0 [0.1 s]
#   unit {'pos': 1367, 'blk': None}: om1 240 pos 0 st1 0 fail1 0 t4 0 t4only 0 t2only 0 rtfail 0 [0.1 s]
#   unit {'pos': 1368, 'blk': None}: om1 206 pos 0 st1 0 fail1 0 t4 0 t4only 0 t2only 0 rtfail 0 [0.1 s]
#   unit {'pos': 1369, 'blk': None}: om1 214 pos 0 st1 0 fail1 0 t4 0 t4only 0 t2only 0 rtfail 0 [0.1 s]
#   unit {'pos': 1370, 'blk': None}: om1 130 pos 0 st1 0 fail1 0 t4 0 t4only 0 t2only 0 rtfail 0 [0.1 s]
#   unit {'pos': 1371, 'blk': None}: om1 273 pos 0 st1 0 fail1 0 t4 0 t4only 0 t2only 0 rtfail 0 [0.1 s]
#   unit {'pos': 1372, 'blk': None}: om1 177 pos 0 st1 0 fail1 0 t4 0 t4only 0 t2only 0 rtfail 0 [0.1 s]
#   unit {'pos': 1374, 'blk': None}: om1 60 pos 0 st1 0 fail1 0 t4 0 t4only 0 t2only 0 rtfail 0 [0.1 s]
#   unit {'pos': 1373, 'blk': None}: om1 135 pos 0 st1 0 fail1 0 t4 0 t4only 0 t2only 0 rtfail 0 [0.1 s]
#   unit {'pos': 1375, 'blk': None}: om1 135 pos 0 st1 0 fail1 0 t4 0 t4only 0 t2only 0 rtfail 0 [0.1 s]
#   unit {'pos': 1376, 'blk': None}: om1 257 pos 0 st1 0 fail1 0 t4 0 t4only 0 t2only 0 rtfail 0 [0.1 s]
#   unit {'pos': 1377, 'blk': None}: om1 306 pos 0 st1 0 fail1 0 t4 0 t4only 0 t2only 0 rtfail 0 [0.1 s]
#   unit {'pos': 1379, 'blk': None}: om1 163 pos 0 st1 0 fail1 0 t4 0 t4only 0 t2only 0 rtfail 0 [0.1 s]
#   unit {'pos': 1378, 'blk': None}: om1 198 pos 0 st1 0 fail1 0 t4 0 t4only 0 t2only 0 rtfail 0 [0.1 s]
#   unit {'pos': 1381, 'blk': None}: om1 65 pos 0 st1 0 fail1 0 t4 0 t4only 0 t2only 0 rtfail 0 [0.1 s]
#   unit {'pos': 1380, 'blk': None}: om1 238 pos 0 st1 0 fail1 0 t4 0 t4only 0 t2only 0 rtfail 0 [0.1 s]
#   unit {'pos': 1382, 'blk': None}: om1 205 pos 0 st1 0 fail1 0 t4 0 t4only 0 t2only 0 rtfail 0 [0.1 s]
#   unit {'pos': 1383, 'blk': None}: om1 120 pos 0 st1 0 fail1 0 t4 0 t4only 0 t2only 0 rtfail 0 [0.1 s]
#   unit {'pos': 1384, 'blk': None}: om1 115 pos 0 st1 0 fail1 0 t4 0 t4only 0 t2only 0 rtfail 0 [0.1 s]
#   unit {'pos': 1387, 'blk': None}: om1 188 pos 0 st1 0 fail1 0 t4 0 t4only 0 t2only 0 rtfail 0 [0.1 s]
#   unit {'pos': 1386, 'blk': None}: om1 231 pos 0 st1 0 fail1 0 t4 0 t4only 0 t2only 0 rtfail 0 [0.1 s]
#   unit {'pos': 1385, 'blk': None}: om1 49 pos 0 st1 0 fail1 0 t4 0 t4only 0 t2only 0 rtfail 0 [0.1 s]
#   unit {'pos': 1389, 'blk': None}: om1 194 pos 0 st1 0 fail1 0 t4 0 t4only 0 t2only 0 rtfail 0 [0.1 s]
#   unit {'pos': 1390, 'blk': None}: om1 163 pos 0 st1 0 fail1 0 t4 0 t4only 0 t2only 0 rtfail 0 [0.1 s]
#   unit {'pos': 1388, 'blk': None}: om1 227 pos 0 st1 0 fail1 0 t4 0 t4only 0 t2only 0 rtfail 0 [0.1 s]
#   unit {'pos': 1391, 'blk': None}: om1 253 pos 0 st1 0 fail1 0 t4 0 t4only 0 t2only 0 rtfail 0 [0.1 s]
#   unit {'pos': 1392, 'blk': None}: om1 180 pos 0 st1 0 fail1 0 t4 0 t4only 0 t2only 0 rtfail 0 [0.1 s]
#   unit {'pos': 1394, 'blk': None}: om1 188 pos 0 st1 0 fail1 0 t4 0 t4only 0 t2only 0 rtfail 0 [0.1 s]
#   unit {'pos': 1393, 'blk': None}: om1 154 pos 0 st1 0 fail1 0 t4 0 t4only 0 t2only 0 rtfail 0 [0.1 s]
#   unit {'pos': 1395, 'blk': None}: om1 263 pos 0 st1 0 fail1 0 t4 0 t4only 0 t2only 0 rtfail 0 [0.1 s]
#   unit {'pos': 1396, 'blk': None}: om1 252 pos 0 st1 0 fail1 0 t4 0 t4only 0 t2only 0 rtfail 0 [0.1 s]
#   unit {'pos': 1397, 'blk': None}: om1 207 pos 0 st1 0 fail1 0 t4 0 t4only 0 t2only 0 rtfail 0 [0.1 s]
#   unit {'pos': 1398, 'blk': None}: om1 266 pos 0 st1 0 fail1 0 t4 0 t4only 0 t2only 0 rtfail 0 [0.1 s]
#   unit {'pos': 1399, 'blk': None}: om1 267 pos 0 st1 0 fail1 0 t4 0 t4only 0 t2only 0 rtfail 0 [0.1 s]
#   unit {'pos': 1400, 'blk': None}: om1 237 pos 0 st1 0 fail1 0 t4 0 t4only 0 t2only 0 rtfail 0 [0.1 s]
#   unit {'pos': 1401, 'blk': None}: om1 187 pos 0 st1 0 fail1 0 t4 0 t4only 0 t2only 0 rtfail 0 [0.1 s]
#   unit {'pos': 1402, 'blk': None}: om1 194 pos 0 st1 0 fail1 0 t4 0 t4only 0 t2only 0 rtfail 0 [0.1 s]
#   unit {'pos': 1403, 'blk': None}: om1 150 pos 0 st1 0 fail1 0 t4 0 t4only 0 t2only 0 rtfail 0 [0.1 s]
#   unit {'pos': 1404, 'blk': None}: om1 192 pos 0 st1 0 fail1 0 t4 0 t4only 0 t2only 0 rtfail 0 [0.1 s]
#   unit {'pos': 1405, 'blk': None}: om1 145 pos 0 st1 0 fail1 0 t4 0 t4only 0 t2only 0 rtfail 0 [0.1 s]
#   unit {'pos': 1406, 'blk': None}: om1 145 pos 0 st1 0 fail1 0 t4 0 t4only 0 t2only 0 rtfail 0 [0.1 s]
#   unit {'pos': 1407, 'blk': None}: om1 188 pos 0 st1 0 fail1 0 t4 0 t4only 0 t2only 0 rtfail 0 [0.1 s]
#   unit {'pos': 1408, 'blk': None}: om1 208 pos 0 st1 0 fail1 0 t4 0 t4only 0 t2only 0 rtfail 0 [0.1 s]
#   unit {'pos': 1409, 'blk': None}: om1 178 pos 0 st1 0 fail1 0 t4 0 t4only 0 t2only 0 rtfail 0 [0.1 s]
#   unit {'pos': 1410, 'blk': None}: om1 143 pos 0 st1 0 fail1 0 t4 0 t4only 0 t2only 0 rtfail 0 [0.1 s]
#   unit {'pos': 1412, 'blk': None}: om1 216 pos 0 st1 0 fail1 0 t4 0 t4only 0 t2only 0 rtfail 0 [0.1 s]
#   unit {'pos': 1411, 'blk': None}: om1 148 pos 0 st1 0 fail1 0 t4 0 t4only 0 t2only 0 rtfail 0 [0.1 s]
#   unit {'pos': 1413, 'blk': None}: om1 184 pos 0 st1 0 fail1 0 t4 0 t4only 0 t2only 0 rtfail 0 [0.1 s]
#   unit {'pos': 1414, 'blk': None}: om1 155 pos 0 st1 0 fail1 0 t4 0 t4only 0 t2only 0 rtfail 0 [0.1 s]
#   unit {'pos': 1415, 'blk': None}: om1 208 pos 0 st1 0 fail1 0 t4 0 t4only 0 t2only 0 rtfail 0 [0.1 s]
#   unit {'pos': 1416, 'blk': None}: om1 192 pos 0 st1 0 fail1 0 t4 0 t4only 0 t2only 0 rtfail 0 [0.1 s]
#   unit {'pos': 1417, 'blk': None}: om1 170 pos 0 st1 0 fail1 0 t4 0 t4only 0 t2only 0 rtfail 0 [0.1 s]
#   unit {'pos': 1419, 'blk': None}: om1 194 pos 0 st1 0 fail1 0 t4 0 t4only 0 t2only 0 rtfail 0 [0.1 s]
#   unit {'pos': 1420, 'blk': None}: om1 152 pos 0 st1 0 fail1 0 t4 0 t4only 0 t2only 0 rtfail 0 [0.1 s]
#   unit {'pos': 1421, 'blk': None}: om1 160 pos 0 st1 0 fail1 0 t4 0 t4only 0 t2only 0 rtfail 0 [0.1 s]
#   unit {'pos': 1422, 'blk': None}: om1 154 pos 0 st1 0 fail1 0 t4 0 t4only 0 t2only 0 rtfail 0 [0.1 s]
#   unit {'pos': 1418, 'blk': None}: om1 163 pos 0 st1 0 fail1 0 t4 0 t4only 0 t2only 0 rtfail 0 [0.1 s]
#   unit {'pos': 1423, 'blk': None}: om1 104 pos 0 st1 0 fail1 0 t4 0 t4only 0 t2only 0 rtfail 0 [0.1 s]
#   unit {'pos': 1424, 'blk': None}: om1 51 pos 0 st1 0 fail1 0 t4 0 t4only 0 t2only 0 rtfail 0 [0.1 s]
#   unit {'pos': 1426, 'blk': None}: om1 110 pos 0 st1 0 fail1 0 t4 0 t4only 0 t2only 0 rtfail 0 [0.1 s]
#   unit {'pos': 1425, 'blk': None}: om1 72 pos 0 st1 0 fail1 0 t4 0 t4only 0 t2only 0 rtfail 0 [0.1 s]
#   unit {'pos': 1428, 'blk': None}: om1 153 pos 0 st1 0 fail1 0 t4 0 t4only 0 t2only 0 rtfail 0 [0.1 s]
#   unit {'pos': 1427, 'blk': None}: om1 136 pos 0 st1 0 fail1 0 t4 0 t4only 0 t2only 0 rtfail 0 [0.1 s]
#   unit {'pos': 1431, 'blk': None}: om1 74 pos 0 st1 0 fail1 0 t4 0 t4only 0 t2only 0 rtfail 0 [0.1 s]
#   unit {'pos': 1429, 'blk': None}: om1 181 pos 0 st1 0 fail1 0 t4 0 t4only 0 t2only 0 rtfail 0 [0.1 s]
#   unit {'pos': 1432, 'blk': None}: om1 79 pos 0 st1 0 fail1 0 t4 0 t4only 0 t2only 0 rtfail 0 [0.1 s]
#   unit {'pos': 1430, 'blk': None}: om1 97 pos 0 st1 0 fail1 0 t4 0 t4only 0 t2only 0 rtfail 0 [0.1 s]
#   unit {'pos': 1433, 'blk': None}: om1 199 pos 0 st1 0 fail1 0 t4 0 t4only 0 t2only 0 rtfail 0 [0.1 s]
#   unit {'pos': 1434, 'blk': None}: om1 202 pos 0 st1 0 fail1 0 t4 0 t4only 0 t2only 0 rtfail 0 [0.1 s]
#   unit {'pos': 1437, 'blk': None}: om1 59 pos 0 st1 0 fail1 0 t4 0 t4only 0 t2only 0 rtfail 0 [0.1 s]
#   unit {'pos': 1435, 'blk': None}: om1 151 pos 0 st1 0 fail1 0 t4 0 t4only 0 t2only 0 rtfail 0 [0.1 s]
#   unit {'pos': 1436, 'blk': None}: om1 61 pos 0 st1 0 fail1 0 t4 0 t4only 0 t2only 0 rtfail 0 [0.1 s]
#   unit {'pos': 1438, 'blk': None}: om1 82 pos 0 st1 0 fail1 0 t4 0 t4only 0 t2only 0 rtfail 0 [0.1 s]
#   unit {'pos': 1441, 'blk': None}: om1 85 pos 0 st1 0 fail1 0 t4 0 t4only 0 t2only 0 rtfail 0 [0.1 s]
#   unit {'pos': 1442, 'blk': None}: om1 181 pos 0 st1 0 fail1 0 t4 0 t4only 0 t2only 0 rtfail 0 [0.1 s]
#   unit {'pos': 1440, 'blk': None}: om1 63 pos 0 st1 0 fail1 0 t4 0 t4only 0 t2only 0 rtfail 0 [0.1 s]
#   unit {'pos': 1439, 'blk': None}: om1 133 pos 0 st1 0 fail1 0 t4 0 t4only 0 t2only 0 rtfail 0 [0.1 s]
#   unit {'pos': 1443, 'blk': None}: om1 205 pos 0 st1 0 fail1 0 t4 0 t4only 0 t2only 0 rtfail 0 [0.1 s]
#   unit {'pos': 1444, 'blk': None}: om1 128 pos 0 st1 0 fail1 0 t4 0 t4only 0 t2only 0 rtfail 0 [0.1 s]
#   unit {'pos': 1446, 'blk': None}: om1 23 pos 0 st1 0 fail1 0 t4 0 t4only 0 t2only 0 rtfail 0 [0.1 s]
#   unit {'pos': 1445, 'blk': None}: om1 137 pos 0 st1 0 fail1 0 t4 0 t4only 0 t2only 0 rtfail 0 [0.1 s]
#   unit {'pos': 1449, 'blk': None}: om1 79 pos 3 st1 3 fail1 0 t4 2 t4only 0 t2only 0 rtfail 0 [0.1 s]
#   unit {'pos': 1447, 'blk': None}: om1 125 pos 0 st1 0 fail1 0 t4 0 t4only 0 t2only 0 rtfail 0 [0.1 s]
#   unit {'pos': 1448, 'blk': None}: om1 117 pos 1 st1 1 fail1 0 t4 0 t4only 0 t2only 0 rtfail 0 [0.1 s]
#   unit {'pos': 1451, 'blk': None}: om1 107 pos 5 st1 5 fail1 0 t4 5 t4only 0 t2only 0 rtfail 0 [0.1 s]
#   unit {'pos': 1450, 'blk': None}: om1 91 pos 11 st1 11 fail1 0 t4 11 t4only 0 t2only 0 rtfail 0 [0.1 s]
#   unit {'pos': 1452, 'blk': None}: om1 88 pos 1 st1 1 fail1 0 t4 0 t4only 0 t2only 0 rtfail 0 [0.1 s]
#   unit {'pos': 1454, 'blk': None}: om1 125 pos 2 st1 2 fail1 0 t4 2 t4only 0 t2only 0 rtfail 0 [0.1 s]
#   unit {'pos': 1453, 'blk': None}: om1 85 pos 4 st1 4 fail1 0 t4 4 t4only 0 t2only 0 rtfail 0 [0.1 s]
#   unit {'pos': 1455, 'blk': None}: om1 95 pos 0 st1 0 fail1 0 t4 0 t4only 0 t2only 0 rtfail 0 [0.1 s]
#   unit {'pos': 1456, 'blk': None}: om1 80 pos 0 st1 0 fail1 0 t4 0 t4only 0 t2only 0 rtfail 0 [0.1 s]
#   unit {'pos': 1457, 'blk': None}: om1 20 pos 0 st1 0 fail1 0 t4 0 t4only 0 t2only 0 rtfail 0 [0.1 s]
#   unit {'pos': 1458, 'blk': None}: om1 71 pos 0 st1 0 fail1 0 t4 0 t4only 0 t2only 0 rtfail 0 [0.1 s]
#   unit {'pos': 1459, 'blk': None}: om1 19 pos 0 st1 0 fail1 0 t4 0 t4only 0 t2only 0 rtfail 0 [0.1 s]
#   unit {'pos': 1460, 'blk': None}: om1 101 pos 4 st1 4 fail1 0 t4 3 t4only 0 t2only 0 rtfail 0 [0.1 s]
#   unit {'pos': 1461, 'blk': None}: om1 62 pos 0 st1 0 fail1 0 t4 0 t4only 0 t2only 0 rtfail 0 [0.1 s]
#   unit {'pos': 1462, 'blk': None}: om1 48 pos 0 st1 0 fail1 0 t4 0 t4only 0 t2only 0 rtfail 0 [0.1 s]
#   unit {'pos': 1463, 'blk': None}: om1 62 pos 0 st1 0 fail1 0 t4 0 t4only 0 t2only 0 rtfail 0 [0.1 s]
#   unit {'pos': 1464, 'blk': None}: om1 52 pos 0 st1 0 fail1 0 t4 0 t4only 0 t2only 0 rtfail 0 [0.1 s]
#   unit {'pos': 1465, 'blk': None}: om1 14 pos 0 st1 0 fail1 0 t4 0 t4only 0 t2only 0 rtfail 0 [0.1 s]
#   unit {'pos': 1466, 'blk': None}: om1 76 pos 0 st1 0 fail1 0 t4 0 t4only 0 t2only 0 rtfail 0 [0.1 s]
#   unit {'pos': 1467, 'blk': None}: om1 61 pos 0 st1 0 fail1 0 t4 0 t4only 0 t2only 0 rtfail 0 [0.1 s]
#   unit {'pos': 1468, 'blk': None}: om1 135 pos 2 st1 2 fail1 0 t4 2 t4only 0 t2only 0 rtfail 0 [0.1 s]
#   unit {'pos': 1469, 'blk': None}: om1 18 pos 0 st1 0 fail1 0 t4 0 t4only 0 t2only 0 rtfail 0 [0.1 s]
#   unit {'pos': 1471, 'blk': None}: om1 57 pos 0 st1 0 fail1 0 t4 0 t4only 0 t2only 0 rtfail 0 [0.1 s]
#   unit {'pos': 1470, 'blk': None}: om1 112 pos 0 st1 0 fail1 0 t4 0 t4only 0 t2only 0 rtfail 0 [0.1 s]
#   unit {'pos': 1472, 'blk': None}: om1 6 pos 0 st1 0 fail1 0 t4 0 t4only 0 t2only 0 rtfail 0 [0.1 s]
#   unit {'pos': 1473, 'blk': None}: om1 45 pos 0 st1 0 fail1 0 t4 0 t4only 0 t2only 0 rtfail 0 [0.1 s]
#   unit {'pos': 1474, 'blk': None}: om1 70 pos 0 st1 0 fail1 0 t4 0 t4only 0 t2only 0 rtfail 0 [0.1 s]
#   unit {'pos': 1475, 'blk': None}: om1 84 pos 0 st1 0 fail1 0 t4 0 t4only 0 t2only 0 rtfail 0 [0.1 s]
#   unit {'pos': 1476, 'blk': None}: om1 9 pos 0 st1 0 fail1 0 t4 0 t4only 0 t2only 0 rtfail 0 [0.1 s]
#   unit {'pos': 1478, 'blk': None}: om1 134 pos 0 st1 0 fail1 0 t4 0 t4only 0 t2only 0 rtfail 0 [0.1 s]
#   unit {'pos': 1479, 'blk': None}: om1 177 pos 0 st1 0 fail1 0 t4 0 t4only 0 t2only 0 rtfail 0 [0.1 s]
#   unit {'pos': 1477, 'blk': None}: om1 266 pos 0 st1 0 fail1 0 t4 0 t4only 0 t2only 0 rtfail 0 [0.1 s]
#   unit {'pos': 1480, 'blk': None}: om1 96 pos 0 st1 0 fail1 0 t4 0 t4only 0 t2only 0 rtfail 0 [0.1 s]
#   unit {'pos': 1481, 'blk': None}: om1 116 pos 13 st1 13 fail1 0 t4 13 t4only 0 t2only 0 rtfail 0 [0.1 s]
#   unit {'pos': 1482, 'blk': None}: om1 135 pos 0 st1 0 fail1 0 t4 0 t4only 0 t2only 0 rtfail 0 [0.1 s]
#   unit {'pos': 1483, 'blk': None}: om1 93 pos 0 st1 0 fail1 0 t4 0 t4only 0 t2only 0 rtfail 0 [0.1 s]
#   unit {'pos': 1484, 'blk': None}: om1 109 pos 0 st1 0 fail1 0 t4 0 t4only 0 t2only 0 rtfail 0 [0.1 s]
#   unit {'pos': 1485, 'blk': None}: om1 117 pos 0 st1 0 fail1 0 t4 0 t4only 0 t2only 0 rtfail 0 [0.1 s]
#   unit {'pos': 1486, 'blk': None}: om1 107 pos 7 st1 7 fail1 0 t4 7 t4only 0 t2only 0 rtfail 0 [0.1 s]
#   unit {'pos': 1488, 'blk': None}: om1 48 pos 0 st1 0 fail1 0 t4 0 t4only 0 t2only 0 rtfail 0 [0.1 s]
#   unit {'pos': 1487, 'blk': None}: om1 138 pos 0 st1 0 fail1 0 t4 0 t4only 0 t2only 0 rtfail 0 [0.1 s]
#   unit {'pos': 1489, 'blk': None}: om1 115 pos 0 st1 0 fail1 0 t4 0 t4only 0 t2only 0 rtfail 0 [0.1 s]
#   unit {'pos': 1490, 'blk': None}: om1 110 pos 1 st1 1 fail1 0 t4 1 t4only 0 t2only 0 rtfail 0 [0.1 s]
#   unit {'pos': 1491, 'blk': None}: om1 54 pos 0 st1 0 fail1 0 t4 0 t4only 0 t2only 0 rtfail 0 [0.1 s]
#   unit {'pos': 1492, 'blk': None}: om1 31 pos 0 st1 0 fail1 0 t4 0 t4only 0 t2only 0 rtfail 0 [0.1 s]
#   unit {'pos': 1494, 'blk': None}: om1 102 pos 0 st1 0 fail1 0 t4 0 t4only 0 t2only 0 rtfail 0 [0.1 s]
#   unit {'pos': 1493, 'blk': None}: om1 157 pos 0 st1 0 fail1 0 t4 0 t4only 0 t2only 0 rtfail 0 [0.1 s]
#   unit {'pos': 1495, 'blk': None}: om1 79 pos 1 st1 1 fail1 0 t4 0 t4only 0 t2only 0 rtfail 0 [0.1 s]
#   unit {'pos': 1496, 'blk': None}: om1 96 pos 0 st1 0 fail1 0 t4 0 t4only 0 t2only 0 rtfail 0 [0.1 s]
#   unit {'pos': 1497, 'blk': None}: om1 80 pos 0 st1 0 fail1 0 t4 0 t4only 0 t2only 0 rtfail 0 [0.1 s]
#   unit {'pos': 1498, 'blk': None}: om1 70 pos 0 st1 0 fail1 0 t4 0 t4only 0 t2only 0 rtfail 0 [0.1 s]
#   unit {'pos': 1500, 'blk': None}: om1 25 pos 0 st1 0 fail1 0 t4 0 t4only 0 t2only 0 rtfail 0 [0.1 s]
#   unit {'pos': 1499, 'blk': None}: om1 145 pos 0 st1 0 fail1 0 t4 0 t4only 0 t2only 0 rtfail 0 [0.1 s]
#   unit {'pos': 1501, 'blk': None}: om1 96 pos 0 st1 0 fail1 0 t4 0 t4only 0 t2only 0 rtfail 0 [0.1 s]
#   unit {'pos': 1502, 'blk': None}: om1 63 pos 0 st1 0 fail1 0 t4 0 t4only 0 t2only 0 rtfail 0 [0.1 s]
#   unit {'pos': 1503, 'blk': None}: om1 18 pos 0 st1 0 fail1 0 t4 0 t4only 0 t2only 0 rtfail 0 [0.1 s]
#   unit {'pos': 1504, 'blk': None}: om1 11 pos 0 st1 0 fail1 0 t4 0 t4only 0 t2only 0 rtfail 0 [0.1 s]
#   unit {'pos': 1505, 'blk': None}: om1 25 pos 2 st1 2 fail1 0 t4 0 t4only 0 t2only 0 rtfail 0 [0.1 s]
#   unit {'pos': 1506, 'blk': None}: om1 98 pos 0 st1 0 fail1 0 t4 0 t4only 0 t2only 0 rtfail 0 [0.1 s]
#   unit {'pos': 1507, 'blk': None}: om1 129 pos 0 st1 0 fail1 0 t4 0 t4only 0 t2only 0 rtfail 0 [0.1 s]
#   unit {'pos': 1508, 'blk': None}: om1 94 pos 2 st1 2 fail1 0 t4 2 t4only 0 t2only 0 rtfail 0 [0.1 s]
#   unit {'pos': 1509, 'blk': None}: om1 121 pos 2 st1 2 fail1 0 t4 2 t4only 0 t2only 0 rtfail 0 [0.1 s]
#   unit {'pos': 1510, 'blk': None}: om1 104 pos 0 st1 0 fail1 0 t4 0 t4only 0 t2only 0 rtfail 0 [0.1 s]
#   unit {'pos': 1511, 'blk': None}: om1 89 pos 0 st1 0 fail1 0 t4 0 t4only 0 t2only 0 rtfail 0 [0.1 s]
#   unit {'pos': 1512, 'blk': None}: om1 129 pos 0 st1 0 fail1 0 t4 0 t4only 0 t2only 0 rtfail 0 [0.1 s]
#   unit {'pos': 1513, 'blk': None}: om1 99 pos 0 st1 0 fail1 0 t4 0 t4only 0 t2only 0 rtfail 0 [0.1 s]
#   unit {'pos': 1514, 'blk': None}: om1 100 pos 0 st1 0 fail1 0 t4 0 t4only 0 t2only 0 rtfail 0 [0.1 s]
#   unit {'pos': 1515, 'blk': None}: om1 38 pos 0 st1 0 fail1 0 t4 0 t4only 0 t2only 0 rtfail 0 [0.1 s]
#   unit {'pos': 1516, 'blk': None}: om1 81 pos 0 st1 0 fail1 0 t4 0 t4only 0 t2only 0 rtfail 0 [0.1 s]
#   unit {'pos': 1517, 'blk': None}: om1 99 pos 0 st1 0 fail1 0 t4 0 t4only 0 t2only 0 rtfail 0 [0.1 s]
#   unit {'pos': 1518, 'blk': None}: om1 180 pos 1 st1 1 fail1 0 t4 1 t4only 0 t2only 0 rtfail 0 [0.1 s]
#   unit {'pos': 1519, 'blk': None}: om1 114 pos 0 st1 0 fail1 0 t4 0 t4only 0 t2only 0 rtfail 0 [0.1 s]
#   unit {'pos': 1520, 'blk': None}: om1 114 pos 4 st1 4 fail1 0 t4 4 t4only 0 t2only 0 rtfail 0 [0.1 s]
#   unit {'pos': 1521, 'blk': None}: om1 79 pos 0 st1 0 fail1 0 t4 0 t4only 0 t2only 0 rtfail 0 [0.1 s]
#   unit {'pos': 1522, 'blk': None}: om1 45 pos 0 st1 0 fail1 0 t4 0 t4only 0 t2only 0 rtfail 0 [0.1 s]
#   unit {'pos': 1523, 'blk': None}: om1 55 pos 0 st1 0 fail1 0 t4 0 t4only 0 t2only 0 rtfail 0 [0.1 s]
#   unit {'pos': 1524, 'blk': None}: om1 131 pos 0 st1 0 fail1 0 t4 0 t4only 0 t2only 0 rtfail 0 [0.1 s]
#   unit {'pos': 1527, 'blk': None}: om1 30 pos 0 st1 0 fail1 0 t4 0 t4only 0 t2only 0 rtfail 0 [0.1 s]
#   unit {'pos': 1525, 'blk': None}: om1 66 pos 0 st1 0 fail1 0 t4 0 t4only 0 t2only 0 rtfail 0 [0.1 s]
#   unit {'pos': 1526, 'blk': None}: om1 101 pos 5 st1 5 fail1 0 t4 2 t4only 0 t2only 0 rtfail 0 [0.1 s]
#   unit {'pos': 1529, 'blk': None}: om1 13 pos 0 st1 0 fail1 0 t4 0 t4only 0 t2only 0 rtfail 0 [0.1 s]
#   unit {'pos': 1528, 'blk': None}: om1 50 pos 0 st1 0 fail1 0 t4 0 t4only 0 t2only 0 rtfail 0 [0.1 s]
#   unit {'pos': 1530, 'blk': None}: om1 57 pos 1 st1 1 fail1 0 t4 0 t4only 0 t2only 0 rtfail 0 [0.1 s]
#   unit {'pos': 1531, 'blk': None}: om1 114 pos 0 st1 0 fail1 0 t4 0 t4only 0 t2only 0 rtfail 0 [0.1 s]
#   unit {'pos': 1532, 'blk': None}: om1 116 pos 0 st1 0 fail1 0 t4 0 t4only 0 t2only 0 rtfail 0 [0.1 s]
#   unit {'pos': 1534, 'blk': None}: om1 79 pos 0 st1 0 fail1 0 t4 0 t4only 0 t2only 0 rtfail 0 [0.1 s]
#   unit {'pos': 1533, 'blk': None}: om1 114 pos 0 st1 0 fail1 0 t4 0 t4only 0 t2only 0 rtfail 0 [0.1 s]
#   unit {'pos': 1535, 'blk': None}: om1 109 pos 2 st1 2 fail1 0 t4 0 t4only 0 t2only 0 rtfail 0 [0.1 s]
#   unit {'pos': 1537, 'blk': None}: om1 28 pos 0 st1 0 fail1 0 t4 0 t4only 0 t2only 0 rtfail 0 [0.1 s]
#   unit {'pos': 1538, 'blk': None}: om1 16 pos 0 st1 0 fail1 0 t4 0 t4only 0 t2only 0 rtfail 0 [0.1 s]
#   unit {'pos': 1536, 'blk': None}: om1 54 pos 0 st1 0 fail1 0 t4 0 t4only 0 t2only 0 rtfail 0 [0.1 s]
#   unit {'pos': 1539, 'blk': None}: om1 79 pos 1 st1 1 fail1 0 t4 1 t4only 0 t2only 0 rtfail 0 [0.1 s]
#   unit {'pos': 1540, 'blk': None}: om1 43 pos 0 st1 0 fail1 0 t4 0 t4only 0 t2only 0 rtfail 0 [0.1 s]
#   unit {'pos': 1541, 'blk': None}: om1 85 pos 0 st1 0 fail1 0 t4 0 t4only 0 t2only 0 rtfail 0 [0.1 s]
#   unit {'pos': 1542, 'blk': None}: om1 46 pos 2 st1 2 fail1 0 t4 2 t4only 0 t2only 0 rtfail 0 [0.1 s]
#   unit {'pos': 1543, 'blk': None}: om1 25 pos 0 st1 0 fail1 0 t4 0 t4only 0 t2only 0 rtfail 0 [0.1 s]
#   unit {'pos': 1544, 'blk': None}: om1 112 pos 0 st1 0 fail1 0 t4 0 t4only 0 t2only 0 rtfail 0 [0.1 s]
#   unit {'pos': 1546, 'blk': None}: om1 94 pos 0 st1 0 fail1 0 t4 0 t4only 0 t2only 0 rtfail 0 [0.1 s]
#   unit {'pos': 1545, 'blk': None}: om1 122 pos 2 st1 2 fail1 0 t4 2 t4only 0 t2only 0 rtfail 0 [0.1 s]
#   unit {'pos': 1547, 'blk': None}: om1 53 pos 1 st1 1 fail1 0 t4 1 t4only 0 t2only 0 rtfail 0 [0.1 s]
#   unit {'pos': 1548, 'blk': None}: om1 93 pos 0 st1 0 fail1 0 t4 0 t4only 0 t2only 0 rtfail 0 [0.1 s]
#   unit {'pos': 1549, 'blk': None}: om1 27 pos 0 st1 0 fail1 0 t4 0 t4only 0 t2only 0 rtfail 0 [0.1 s]
#   unit {'pos': 1550, 'blk': None}: om1 63 pos 0 st1 0 fail1 0 t4 0 t4only 0 t2only 0 rtfail 0 [0.1 s]
#   unit {'pos': 1551, 'blk': None}: om1 25 pos 1 st1 1 fail1 0 t4 1 t4only 0 t2only 0 rtfail 0 [0.1 s]
#   unit {'pos': 1554, 'blk': None}: om1 21 pos 0 st1 0 fail1 0 t4 0 t4only 0 t2only 0 rtfail 0 [0.1 s]
#   unit {'pos': 1552, 'blk': None}: om1 8 pos 0 st1 0 fail1 0 t4 0 t4only 0 t2only 0 rtfail 0 [0.1 s]
#   unit {'pos': 1553, 'blk': None}: om1 91 pos 0 st1 0 fail1 0 t4 0 t4only 0 t2only 0 rtfail 0 [0.1 s]
#   unit {'pos': 1555, 'blk': None}: om1 334 pos 0 st1 0 fail1 0 t4 0 t4only 0 t2only 0 rtfail 0 [0.1 s]
#   unit {'pos': 1558, 'blk': None}: om1 154 pos 0 st1 0 fail1 0 t4 0 t4only 0 t2only 0 rtfail 0 [0.1 s]
#   unit {'pos': 1556, 'blk': None}: om1 164 pos 0 st1 0 fail1 0 t4 0 t4only 0 t2only 0 rtfail 0 [0.1 s]
#   unit {'pos': 1557, 'blk': None}: om1 110 pos 0 st1 0 fail1 0 t4 0 t4only 0 t2only 0 rtfail 0 [0.1 s]
#   unit {'pos': 1559, 'blk': None}: om1 207 pos 0 st1 0 fail1 0 t4 0 t4only 0 t2only 0 rtfail 0 [0.1 s]
#   unit {'pos': 1561, 'blk': None}: om1 128 pos 0 st1 0 fail1 0 t4 0 t4only 0 t2only 0 rtfail 0 [0.1 s]
#   unit {'pos': 1560, 'blk': None}: om1 139 pos 0 st1 0 fail1 0 t4 0 t4only 0 t2only 0 rtfail 0 [0.1 s]
#   unit {'pos': 1562, 'blk': None}: om1 89 pos 0 st1 0 fail1 0 t4 0 t4only 0 t2only 0 rtfail 0 [0.1 s]
#   unit {'pos': 1564, 'blk': None}: om1 75 pos 0 st1 0 fail1 0 t4 0 t4only 0 t2only 0 rtfail 0 [0.1 s]
#   unit {'pos': 1565, 'blk': None}: om1 113 pos 0 st1 0 fail1 0 t4 0 t4only 0 t2only 0 rtfail 0 [0.1 s]
#   unit {'pos': 1563, 'blk': None}: om1 92 pos 0 st1 0 fail1 0 t4 0 t4only 0 t2only 0 rtfail 0 [0.1 s]
#   unit {'pos': 1566, 'blk': None}: om1 100 pos 0 st1 0 fail1 0 t4 0 t4only 0 t2only 0 rtfail 0 [0.1 s]
#   unit {'pos': 1567, 'blk': None}: om1 77 pos 0 st1 0 fail1 0 t4 0 t4only 0 t2only 0 rtfail 0 [0.1 s]
#   unit {'pos': 1569, 'blk': None}: om1 98 pos 0 st1 0 fail1 0 t4 0 t4only 0 t2only 0 rtfail 0 [0.1 s]
#   unit {'pos': 1568, 'blk': None}: om1 184 pos 0 st1 0 fail1 0 t4 0 t4only 0 t2only 0 rtfail 0 [0.1 s]
#   unit {'pos': 1570, 'blk': None}: om1 93 pos 0 st1 0 fail1 0 t4 0 t4only 0 t2only 0 rtfail 0 [0.1 s]
#   unit {'pos': 1571, 'blk': None}: om1 88 pos 0 st1 0 fail1 0 t4 0 t4only 0 t2only 0 rtfail 0 [0.1 s]
#   unit {'pos': 1573, 'blk': None}: om1 44 pos 0 st1 0 fail1 0 t4 0 t4only 0 t2only 0 rtfail 0 [0.1 s]
#   unit {'pos': 1572, 'blk': None}: om1 81 pos 0 st1 0 fail1 0 t4 0 t4only 0 t2only 0 rtfail 0 [0.1 s]
#   unit {'pos': 1574, 'blk': None}: om1 36 pos 0 st1 0 fail1 0 t4 0 t4only 0 t2only 0 rtfail 0 [0.1 s]
#   unit {'pos': 1575, 'blk': None}: om1 7 pos 0 st1 0 fail1 0 t4 0 t4only 0 t2only 0 rtfail 0 [0.1 s]
#   unit {'pos': 1577, 'blk': None}: om1 75 pos 0 st1 0 fail1 0 t4 0 t4only 0 t2only 0 rtfail 0 [0.1 s]
#   unit {'pos': 1576, 'blk': None}: om1 71 pos 0 st1 0 fail1 0 t4 0 t4only 0 t2only 0 rtfail 0 [0.1 s]
#   unit {'pos': 1578, 'blk': None}: om1 70 pos 0 st1 0 fail1 0 t4 0 t4only 0 t2only 0 rtfail 0 [0.1 s]
#   unit {'pos': 1579, 'blk': None}: om1 129 pos 4 st1 4 fail1 0 t4 3 t4only 0 t2only 0 rtfail 0 [0.1 s]
#   unit {'pos': 1580, 'blk': None}: om1 145 pos 5 st1 5 fail1 0 t4 5 t4only 0 t2only 0 rtfail 0 [0.1 s]
#   unit {'pos': 1581, 'blk': None}: om1 138 pos 4 st1 4 fail1 0 t4 4 t4only 0 t2only 0 rtfail 0 [0.1 s]
#   unit {'pos': 1582, 'blk': None}: om1 118 pos 12 st1 12 fail1 0 t4 12 t4only 0 t2only 0 rtfail 0 [0.1 s]
#   unit {'pos': 1583, 'blk': None}: om1 123 pos 4 st1 4 fail1 0 t4 4 t4only 0 t2only 0 rtfail 0 [0.1 s]
#   unit {'pos': 1584, 'blk': None}: om1 113 pos 0 st1 0 fail1 0 t4 0 t4only 0 t2only 0 rtfail 0 [0.1 s]
#   unit {'pos': 1585, 'blk': None}: om1 130 pos 0 st1 0 fail1 0 t4 0 t4only 0 t2only 0 rtfail 0 [0.1 s]
#   unit {'pos': 1586, 'blk': None}: om1 145 pos 0 st1 0 fail1 0 t4 0 t4only 0 t2only 0 rtfail 0 [0.1 s]
#   unit {'pos': 1587, 'blk': None}: om1 98 pos 0 st1 0 fail1 0 t4 0 t4only 0 t2only 0 rtfail 0 [0.1 s]
#   unit {'pos': 1588, 'blk': None}: om1 116 pos 0 st1 0 fail1 0 t4 0 t4only 0 t2only 0 rtfail 0 [0.1 s]
#   unit {'pos': 1589, 'blk': None}: om1 90 pos 1 st1 1 fail1 0 t4 1 t4only 0 t2only 0 rtfail 0 [0.1 s]
#   unit {'pos': 1590, 'blk': None}: om1 118 pos 0 st1 0 fail1 0 t4 0 t4only 0 t2only 0 rtfail 0 [0.1 s]
#   unit {'pos': 1591, 'blk': None}: om1 106 pos 1 st1 1 fail1 0 t4 1 t4only 0 t2only 0 rtfail 0 [0.1 s]
#   unit {'pos': 1592, 'blk': None}: om1 114 pos 1 st1 1 fail1 0 t4 1 t4only 0 t2only 0 rtfail 0 [0.1 s]
#   unit {'pos': 1594, 'blk': None}: om1 92 pos 1 st1 1 fail1 0 t4 1 t4only 0 t2only 0 rtfail 0 [0.1 s]
#   unit {'pos': 1593, 'blk': None}: om1 85 pos 0 st1 0 fail1 0 t4 0 t4only 0 t2only 0 rtfail 0 [0.1 s]
#   unit {'pos': 1595, 'blk': None}: om1 98 pos 1 st1 1 fail1 0 t4 1 t4only 0 t2only 0 rtfail 0 [0.1 s]
#   unit {'pos': 1596, 'blk': None}: om1 118 pos 1 st1 1 fail1 0 t4 1 t4only 0 t2only 0 rtfail 0 [0.1 s]
#   unit {'pos': 1597, 'blk': None}: om1 123 pos 0 st1 0 fail1 0 t4 0 t4only 0 t2only 0 rtfail 0 [0.1 s]
#   unit {'pos': 1599, 'blk': None}: om1 86 pos 3 st1 3 fail1 0 t4 3 t4only 0 t2only 0 rtfail 0 [0.1 s]
#   unit {'pos': 1598, 'blk': None}: om1 88 pos 0 st1 0 fail1 0 t4 0 t4only 0 t2only 0 rtfail 0 [0.1 s]
#   unit {'pos': 1600, 'blk': None}: om1 92 pos 0 st1 0 fail1 0 t4 0 t4only 0 t2only 0 rtfail 0 [0.1 s]
#   unit {'pos': 1602, 'blk': None}: om1 58 pos 0 st1 0 fail1 0 t4 0 t4only 0 t2only 0 rtfail 0 [0.1 s]
#   unit {'pos': 1603, 'blk': None}: om1 100 pos 0 st1 0 fail1 0 t4 0 t4only 0 t2only 0 rtfail 0 [0.1 s]
#   unit {'pos': 1601, 'blk': None}: om1 187 pos 2 st1 2 fail1 0 t4 2 t4only 0 t2only 0 rtfail 0 [0.1 s]
#   unit {'pos': 1604, 'blk': None}: om1 38 pos 0 st1 0 fail1 0 t4 0 t4only 0 t2only 0 rtfail 0 [0.1 s]
#   unit {'pos': 1605, 'blk': None}: om1 91 pos 0 st1 0 fail1 0 t4 0 t4only 0 t2only 0 rtfail 0 [0.1 s]
#   unit {'pos': 1607, 'blk': None}: om1 22 pos 0 st1 0 fail1 0 t4 0 t4only 0 t2only 0 rtfail 0 [0.1 s]
#   unit {'pos': 1606, 'blk': None}: om1 114 pos 0 st1 0 fail1 0 t4 0 t4only 0 t2only 0 rtfail 0 [0.1 s]
#   unit {'pos': 1608, 'blk': None}: om1 25 pos 0 st1 0 fail1 0 t4 0 t4only 0 t2only 0 rtfail 0 [0.1 s]
#   unit {'pos': 1609, 'blk': None}: om1 98 pos 0 st1 0 fail1 0 t4 0 t4only 0 t2only 0 rtfail 0 [0.1 s]
#   unit {'pos': 1610, 'blk': None}: om1 113 pos 1 st1 1 fail1 0 t4 1 t4only 0 t2only 0 rtfail 0 [0.1 s]
#   unit {'pos': 1611, 'blk': None}: om1 70 pos 1 st1 1 fail1 0 t4 1 t4only 0 t2only 0 rtfail 0 [0.1 s]
#   unit {'pos': 1612, 'blk': None}: om1 74 pos 0 st1 0 fail1 0 t4 0 t4only 0 t2only 0 rtfail 0 [0.1 s]
#   unit {'pos': 1613, 'blk': None}: om1 90 pos 2 st1 2 fail1 0 t4 2 t4only 0 t2only 0 rtfail 0 [0.1 s]
#   unit {'pos': 1614, 'blk': None}: om1 71 pos 0 st1 0 fail1 0 t4 0 t4only 0 t2only 0 rtfail 0 [0.1 s]
#   unit {'pos': 1616, 'blk': None}: om1 10 pos 0 st1 0 fail1 0 t4 0 t4only 0 t2only 0 rtfail 0 [0.1 s]
#   unit {'pos': 1615, 'blk': None}: om1 55 pos 1 st1 1 fail1 0 t4 0 t4only 0 t2only 0 rtfail 0 [0.1 s]
#   unit {'pos': 1617, 'blk': None}: om1 94 pos 2 st1 2 fail1 0 t4 2 t4only 0 t2only 0 rtfail 0 [0.1 s]
#   unit {'pos': 1618, 'blk': None}: om1 112 pos 4 st1 4 fail1 0 t4 4 t4only 0 t2only 0 rtfail 0 [0.1 s]
#   unit {'pos': 1620, 'blk': None}: om1 80 pos 3 st1 3 fail1 0 t4 3 t4only 0 t2only 0 rtfail 0 [0.1 s]
#   unit {'pos': 1619, 'blk': None}: om1 60 pos 0 st1 0 fail1 0 t4 0 t4only 0 t2only 0 rtfail 0 [0.1 s]
#   unit {'pos': 1621, 'blk': None}: om1 50 pos 4 st1 4 fail1 0 t4 2 t4only 0 t2only 0 rtfail 0 [0.1 s]
#   unit {'pos': 1622, 'blk': None}: om1 15 pos 0 st1 0 fail1 0 t4 0 t4only 0 t2only 0 rtfail 0 [0.1 s]
#   unit {'pos': 1623, 'blk': None}: om1 100 pos 0 st1 0 fail1 0 t4 0 t4only 0 t2only 0 rtfail 0 [0.1 s]
#   unit {'pos': 1624, 'blk': None}: om1 64 pos 1 st1 1 fail1 0 t4 1 t4only 0 t2only 0 rtfail 0 [0.1 s]
#   unit {'pos': 1625, 'blk': None}: om1 81 pos 0 st1 0 fail1 0 t4 0 t4only 0 t2only 0 rtfail 0 [0.1 s]
#   unit {'pos': 1626, 'blk': None}: om1 62 pos 0 st1 0 fail1 0 t4 0 t4only 0 t2only 0 rtfail 0 [0.1 s]
#   unit {'pos': 1627, 'blk': None}: om1 48 pos 1 st1 1 fail1 0 t4 1 t4only 0 t2only 0 rtfail 0 [0.1 s]
#   unit {'pos': 1628, 'blk': None}: om1 7 pos 0 st1 0 fail1 0 t4 0 t4only 0 t2only 0 rtfail 0 [0.1 s]
#   unit {'pos': 1629, 'blk': None}: om1 77 pos 2 st1 2 fail1 0 t4 1 t4only 0 t2only 0 rtfail 0 [0.1 s]
#   unit {'pos': 1631, 'blk': None}: om1 81 pos 2 st1 2 fail1 0 t4 2 t4only 0 t2only 0 rtfail 0 [0.1 s]
#   unit {'pos': 1630, 'blk': None}: om1 21 pos 0 st1 0 fail1 0 t4 0 t4only 0 t2only 0 rtfail 0 [0.1 s]
#   unit {'pos': 1632, 'blk': None}: om1 59 pos 0 st1 0 fail1 0 t4 0 t4only 0 t2only 0 rtfail 0 [0.1 s]
#   unit {'pos': 1633, 'blk': None}: om1 56 pos 3 st1 3 fail1 0 t4 3 t4only 0 t2only 0 rtfail 0 [0.1 s]
#   unit {'pos': 1634, 'blk': None}: om1 118 pos 1 st1 1 fail1 0 t4 1 t4only 0 t2only 0 rtfail 0 [0.1 s]
#   unit {'pos': 1635, 'blk': None}: om1 29 pos 0 st1 0 fail1 0 t4 0 t4only 0 t2only 0 rtfail 0 [0.1 s]
#   unit {'pos': 1636, 'blk': None}: om1 28 pos 0 st1 0 fail1 0 t4 0 t4only 0 t2only 0 rtfail 0 [0.1 s]
#   unit {'pos': 1637, 'blk': None}: om1 128 pos 0 st1 0 fail1 0 t4 0 t4only 0 t2only 0 rtfail 0 [0.1 s]
#   unit {'pos': 1638, 'blk': None}: om1 125 pos 0 st1 0 fail1 0 t4 0 t4only 0 t2only 0 rtfail 0 [0.1 s]
#   unit {'pos': 1639, 'blk': None}: om1 96 pos 0 st1 0 fail1 0 t4 0 t4only 0 t2only 0 rtfail 0 [0.1 s]
#   unit {'pos': 1640, 'blk': None}: om1 77 pos 0 st1 0 fail1 0 t4 0 t4only 0 t2only 0 rtfail 0 [0.1 s]
#   unit {'pos': 1641, 'blk': None}: om1 49 pos 0 st1 0 fail1 0 t4 0 t4only 0 t2only 0 rtfail 0 [0.1 s]
#   unit {'pos': 1642, 'blk': None}: om1 127 pos 0 st1 0 fail1 0 t4 0 t4only 0 t2only 0 rtfail 0 [0.1 s]
#   unit {'pos': 1643, 'blk': None}: om1 130 pos 0 st1 0 fail1 0 t4 0 t4only 0 t2only 0 rtfail 0 [0.1 s]
#   unit {'pos': 1645, 'blk': None}: om1 107 pos 0 st1 0 fail1 0 t4 0 t4only 0 t2only 0 rtfail 0 [0.1 s]
#   unit {'pos': 1644, 'blk': None}: om1 91 pos 0 st1 0 fail1 0 t4 0 t4only 0 t2only 0 rtfail 0 [0.1 s]
#   unit {'pos': 1646, 'blk': None}: om1 98 pos 0 st1 0 fail1 0 t4 0 t4only 0 t2only 0 rtfail 0 [0.1 s]
#   unit {'pos': 1647, 'blk': None}: om1 92 pos 0 st1 0 fail1 0 t4 0 t4only 0 t2only 0 rtfail 0 [0.1 s]
#   unit {'pos': 1648, 'blk': None}: om1 82 pos 1 st1 1 fail1 0 t4 1 t4only 0 t2only 0 rtfail 0 [0.1 s]
#   unit {'pos': 1649, 'blk': None}: om1 93 pos 0 st1 0 fail1 0 t4 0 t4only 0 t2only 0 rtfail 0 [0.1 s]
#   unit {'pos': 1650, 'blk': None}: om1 61 pos 0 st1 0 fail1 0 t4 0 t4only 0 t2only 0 rtfail 0 [0.1 s]
#   unit {'pos': 1652, 'blk': None}: om1 70 pos 0 st1 0 fail1 0 t4 0 t4only 0 t2only 0 rtfail 0 [0.1 s]
#   unit {'pos': 1651, 'blk': None}: om1 57 pos 0 st1 0 fail1 0 t4 0 t4only 0 t2only 0 rtfail 0 [0.1 s]
#   unit {'pos': 1653, 'blk': None}: om1 22 pos 0 st1 0 fail1 0 t4 0 t4only 0 t2only 0 rtfail 0 [0.1 s]
#   unit {'pos': 1654, 'blk': None}: om1 86 pos 0 st1 0 fail1 0 t4 0 t4only 0 t2only 0 rtfail 0 [0.1 s]
#   unit {'pos': 1655, 'blk': None}: om1 67 pos 0 st1 0 fail1 0 t4 0 t4only 0 t2only 0 rtfail 0 [0.1 s]
#   unit {'pos': 1656, 'blk': None}: om1 70 pos 0 st1 0 fail1 0 t4 0 t4only 0 t2only 0 rtfail 0 [0.1 s]
#   unit {'pos': 1657, 'blk': None}: om1 50 pos 0 st1 0 fail1 0 t4 0 t4only 0 t2only 0 rtfail 0 [0.1 s]
#   unit {'pos': 1658, 'blk': None}: om1 94 pos 0 st1 0 fail1 0 t4 0 t4only 0 t2only 0 rtfail 0 [0.1 s]
#   unit {'pos': 1659, 'blk': None}: om1 56 pos 0 st1 0 fail1 0 t4 0 t4only 0 t2only 0 rtfail 0 [0.1 s]
#   unit {'pos': 1661, 'blk': None}: om1 46 pos 0 st1 0 fail1 0 t4 0 t4only 0 t2only 0 rtfail 0 [0.1 s]
#   unit {'pos': 1660, 'blk': None}: om1 47 pos 0 st1 0 fail1 0 t4 0 t4only 0 t2only 0 rtfail 0 [0.1 s]
#   unit {'pos': 1662, 'blk': None}: om1 32 pos 0 st1 0 fail1 0 t4 0 t4only 0 t2only 0 rtfail 0 [0.1 s]
#   unit {'pos': 1664, 'blk': None}: om1 97 pos 0 st1 0 fail1 0 t4 0 t4only 0 t2only 0 rtfail 0 [0.1 s]
#   unit {'pos': 1665, 'blk': None}: om1 98 pos 0 st1 0 fail1 0 t4 0 t4only 0 t2only 0 rtfail 0 [0.1 s]
#   unit {'pos': 1663, 'blk': None}: om1 70 pos 0 st1 0 fail1 0 t4 0 t4only 0 t2only 0 rtfail 0 [0.1 s]
#   unit {'pos': 1666, 'blk': None}: om1 109 pos 1 st1 1 fail1 0 t4 1 t4only 0 t2only 0 rtfail 0 [0.1 s]
#   unit {'pos': 1667, 'blk': None}: om1 26 pos 0 st1 0 fail1 0 t4 0 t4only 0 t2only 0 rtfail 0 [0.1 s]
#   unit {'pos': 1668, 'blk': None}: om1 61 pos 0 st1 0 fail1 0 t4 0 t4only 0 t2only 0 rtfail 0 [0.1 s]
#   unit {'pos': 1670, 'blk': None}: om1 35 pos 0 st1 0 fail1 0 t4 0 t4only 0 t2only 0 rtfail 0 [0.1 s]
#   unit {'pos': 1669, 'blk': None}: om1 75 pos 0 st1 0 fail1 0 t4 0 t4only 0 t2only 0 rtfail 0 [0.1 s]
#   unit {'pos': 1671, 'blk': None}: om1 99 pos 0 st1 0 fail1 0 t4 0 t4only 0 t2only 0 rtfail 0 [0.1 s]
#   unit {'pos': 1672, 'blk': None}: om1 62 pos 0 st1 0 fail1 0 t4 0 t4only 0 t2only 0 rtfail 0 [0.1 s]
#   unit {'pos': 1673, 'blk': None}: om1 97 pos 0 st1 0 fail1 0 t4 0 t4only 0 t2only 0 rtfail 0 [0.1 s]
#   unit {'pos': 1674, 'blk': None}: om1 58 pos 0 st1 0 fail1 0 t4 0 t4only 0 t2only 0 rtfail 0 [0.1 s]
#   unit {'pos': 1675, 'blk': None}: om1 125 pos 0 st1 0 fail1 0 t4 0 t4only 0 t2only 0 rtfail 0 [0.1 s]
#   unit {'pos': 1676, 'blk': None}: om1 102 pos 3 st1 3 fail1 0 t4 3 t4only 0 t2only 0 rtfail 0 [0.1 s]
#   unit {'pos': 1677, 'blk': None}: om1 65 pos 4 st1 4 fail1 0 t4 4 t4only 0 t2only 0 rtfail 0 [0.1 s]
#   unit {'pos': 1678, 'blk': None}: om1 118 pos 0 st1 0 fail1 0 t4 0 t4only 0 t2only 0 rtfail 0 [0.1 s]
#   unit {'pos': 1680, 'blk': None}: om1 26 pos 2 st1 2 fail1 0 t4 2 t4only 0 t2only 0 rtfail 0 [0.1 s]
#   unit {'pos': 1681, 'blk': None}: om1 89 pos 0 st1 0 fail1 0 t4 0 t4only 0 t2only 0 rtfail 0 [0.1 s]
#   unit {'pos': 1679, 'blk': None}: om1 81 pos 1 st1 1 fail1 0 t4 1 t4only 0 t2only 0 rtfail 0 [0.1 s]
#   unit {'pos': 1682, 'blk': None}: om1 96 pos 1 st1 1 fail1 0 t4 1 t4only 0 t2only 0 rtfail 0 [0.1 s]
#   unit {'pos': 1683, 'blk': None}: om1 77 pos 2 st1 2 fail1 0 t4 2 t4only 0 t2only 0 rtfail 0 [0.1 s]
#   unit {'pos': 1684, 'blk': None}: om1 68 pos 2 st1 2 fail1 0 t4 2 t4only 0 t2only 0 rtfail 0 [0.0 s]
#   unit {'pos': 1685, 'blk': None}: om1 79 pos 1 st1 1 fail1 0 t4 1 t4only 0 t2only 0 rtfail 0 [0.1 s]
#   unit {'pos': 1686, 'blk': None}: om1 16 pos 0 st1 0 fail1 0 t4 0 t4only 0 t2only 0 rtfail 0 [0.0 s]
#   unit {'pos': 1687, 'blk': None}: om1 52 pos 2 st1 2 fail1 0 t4 0 t4only 0 t2only 0 rtfail 0 [0.0 s]
#   unit {'pos': 1688, 'blk': None}: om1 34 pos 0 st1 0 fail1 0 t4 0 t4only 0 t2only 0 rtfail 0 [0.0 s]
#   unit {'pos': 1689, 'blk': None}: om1 90 pos 7 st1 7 fail1 0 t4 7 t4only 0 t2only 0 rtfail 0 [0.1 s]
#   unit {'pos': 1690, 'blk': None}: om1 64 pos 0 st1 0 fail1 0 t4 0 t4only 0 t2only 0 rtfail 0 [0.1 s]
#   unit {'pos': 1691, 'blk': None}: om1 18 pos 2 st1 2 fail1 0 t4 2 t4only 0 t2only 0 rtfail 0 [0.1 s]
#   unit {'pos': 1692, 'blk': None}: om1 139 pos 4 st1 4 fail1 0 t4 4 t4only 0 t2only 0 rtfail 0 [0.1 s]
#   unit {'pos': 1693, 'blk': None}: om1 108 pos 2 st1 2 fail1 0 t4 2 t4only 0 t2only 0 rtfail 0 [0.1 s]
#   unit {'pos': 1694, 'blk': None}: om1 104 pos 0 st1 0 fail1 0 t4 0 t4only 0 t2only 0 rtfail 0 [0.1 s]
#   unit {'pos': 1695, 'blk': None}: om1 78 pos 0 st1 0 fail1 0 t4 0 t4only 0 t2only 0 rtfail 0 [0.1 s]
#   unit {'pos': 1696, 'blk': None}: om1 63 pos 0 st1 0 fail1 0 t4 0 t4only 0 t2only 0 rtfail 0 [0.1 s]
#   unit {'pos': 1697, 'blk': None}: om1 106 pos 1 st1 1 fail1 0 t4 1 t4only 0 t2only 0 rtfail 0 [0.1 s]
#   unit {'pos': 1698, 'blk': None}: om1 67 pos 0 st1 0 fail1 0 t4 0 t4only 0 t2only 0 rtfail 0 [0.1 s]
#   unit {'pos': 1699, 'blk': None}: om1 87 pos 0 st1 0 fail1 0 t4 0 t4only 0 t2only 0 rtfail 0 [0.1 s]
#   unit {'pos': 1700, 'blk': None}: om1 96 pos 0 st1 0 fail1 0 t4 0 t4only 0 t2only 0 rtfail 0 [0.1 s]
#   unit {'pos': 1701, 'blk': None}: om1 44 pos 0 st1 0 fail1 0 t4 0 t4only 0 t2only 0 rtfail 0 [0.1 s]
#   unit {'pos': 1702, 'blk': None}: om1 51 pos 0 st1 0 fail1 0 t4 0 t4only 0 t2only 0 rtfail 0 [0.1 s]
#   unit {'pos': 1703, 'blk': None}: om1 30 pos 0 st1 0 fail1 0 t4 0 t4only 0 t2only 0 rtfail 0 [0.1 s]
#   unit {'pos': 1704, 'blk': None}: om1 21 pos 0 st1 0 fail1 0 t4 0 t4only 0 t2only 0 rtfail 0 [0.1 s]
#   unit {'pos': 1705, 'blk': None}: om1 71 pos 0 st1 0 fail1 0 t4 0 t4only 0 t2only 0 rtfail 0 [0.1 s]
#   unit {'pos': 1706, 'blk': None}: om1 56 pos 0 st1 0 fail1 0 t4 0 t4only 0 t2only 0 rtfail 0 [0.1 s]
#   unit {'pos': 1707, 'blk': None}: om1 73 pos 0 st1 0 fail1 0 t4 0 t4only 0 t2only 0 rtfail 0 [0.1 s]
#   unit {'pos': 1708, 'blk': None}: om1 91 pos 0 st1 0 fail1 0 t4 0 t4only 0 t2only 0 rtfail 0 [0.1 s]
#   unit {'pos': 1709, 'blk': None}: om1 60 pos 0 st1 0 fail1 0 t4 0 t4only 0 t2only 0 rtfail 0 [0.1 s]
#   unit {'pos': 1710, 'blk': None}: om1 88 pos 0 st1 0 fail1 0 t4 0 t4only 0 t2only 0 rtfail 0 [0.1 s]
#   unit {'pos': 1711, 'blk': None}: om1 51 pos 0 st1 0 fail1 0 t4 0 t4only 0 t2only 0 rtfail 0 [0.1 s]
#   unit {'pos': 1712, 'blk': None}: om1 66 pos 0 st1 0 fail1 0 t4 0 t4only 0 t2only 0 rtfail 0 [0.1 s]
#   unit {'pos': 1713, 'blk': None}: om1 63 pos 1 st1 1 fail1 0 t4 1 t4only 0 t2only 0 rtfail 0 [0.1 s]
#   unit {'pos': 1714, 'blk': None}: om1 65 pos 0 st1 0 fail1 0 t4 0 t4only 0 t2only 0 rtfail 0 [0.1 s]
#   unit {'pos': 1715, 'blk': None}: om1 53 pos 0 st1 0 fail1 0 t4 0 t4only 0 t2only 0 rtfail 0 [0.1 s]
#   unit {'pos': 1716, 'blk': None}: om1 40 pos 0 st1 0 fail1 0 t4 0 t4only 0 t2only 0 rtfail 0 [0.1 s]
#   unit {'pos': 1717, 'blk': None}: om1 51 pos 0 st1 0 fail1 0 t4 0 t4only 0 t2only 0 rtfail 0 [0.1 s]
#   unit {'pos': 1718, 'blk': None}: om1 50 pos 0 st1 0 fail1 0 t4 0 t4only 0 t2only 0 rtfail 0 [0.1 s]
#   unit {'pos': 1719, 'blk': None}: om1 31 pos 0 st1 0 fail1 0 t4 0 t4only 0 t2only 0 rtfail 0 [0.1 s]
#   unit {'pos': 1720, 'blk': None}: om1 9 pos 0 st1 0 fail1 0 t4 0 t4only 0 t2only 0 rtfail 0 [0.1 s]
#   unit {'pos': 1721, 'blk': None}: om1 53 pos 1 st1 1 fail1 0 t4 1 t4only 0 t2only 0 rtfail 0 [0.1 s]
#   unit {'pos': 1722, 'blk': None}: om1 62 pos 0 st1 0 fail1 0 t4 0 t4only 0 t2only 0 rtfail 0 [0.1 s]
#   unit {'pos': 1724, 'blk': None}: om1 75 pos 0 st1 0 fail1 0 t4 0 t4only 0 t2only 0 rtfail 0 [0.1 s]
#   unit {'pos': 1723, 'blk': None}: om1 78 pos 0 st1 0 fail1 0 t4 0 t4only 0 t2only 0 rtfail 0 [0.1 s]
#   unit {'pos': 1725, 'blk': None}: om1 96 pos 0 st1 0 fail1 0 t4 0 t4only 0 t2only 0 rtfail 0 [0.1 s]
#   unit {'pos': 1726, 'blk': None}: om1 56 pos 0 st1 0 fail1 0 t4 0 t4only 0 t2only 0 rtfail 0 [0.1 s]
#   unit {'pos': 1727, 'blk': None}: om1 55 pos 1 st1 1 fail1 0 t4 1 t4only 0 t2only 0 rtfail 0 [0.1 s]
#   unit {'pos': 1728, 'blk': None}: om1 47 pos 0 st1 0 fail1 0 t4 0 t4only 0 t2only 0 rtfail 0 [0.1 s]
#   unit {'pos': 1729, 'blk': None}: om1 35 pos 0 st1 0 fail1 0 t4 0 t4only 0 t2only 0 rtfail 0 [0.1 s]
#   unit {'pos': 1730, 'blk': None}: om1 41 pos 0 st1 0 fail1 0 t4 0 t4only 0 t2only 0 rtfail 0 [0.1 s]
#   unit {'pos': 1731, 'blk': None}: om1 8 pos 0 st1 0 fail1 0 t4 0 t4only 0 t2only 0 rtfail 0 [0.1 s]
#   unit {'pos': 1732, 'blk': None}: om1 15 pos 0 st1 0 fail1 0 t4 0 t4only 0 t2only 0 rtfail 0 [0.1 s]
#   unit {'pos': 1733, 'blk': None}: om1 7 pos 0 st1 0 fail1 0 t4 0 t4only 0 t2only 0 rtfail 0 [0.1 s]
#   unit {'pos': 1734, 'blk': None}: om1 52 pos 0 st1 0 fail1 0 t4 0 t4only 0 t2only 0 rtfail 0 [0.1 s]
#   unit {'pos': 1735, 'blk': None}: om1 60 pos 0 st1 0 fail1 0 t4 0 t4only 0 t2only 0 rtfail 0 [0.1 s]
#   unit {'pos': 1736, 'blk': None}: om1 71 pos 0 st1 0 fail1 0 t4 0 t4only 0 t2only 0 rtfail 0 [0.1 s]
#   unit {'pos': 1737, 'blk': None}: om1 52 pos 0 st1 0 fail1 0 t4 0 t4only 0 t2only 0 rtfail 0 [0.1 s]
#   unit {'pos': 1738, 'blk': None}: om1 51 pos 0 st1 0 fail1 0 t4 0 t4only 0 t2only 0 rtfail 0 [0.1 s]
#   unit {'pos': 1739, 'blk': None}: om1 58 pos 0 st1 0 fail1 0 t4 0 t4only 0 t2only 0 rtfail 0 [0.1 s]
#   unit {'pos': 1740, 'blk': None}: om1 50 pos 0 st1 0 fail1 0 t4 0 t4only 0 t2only 0 rtfail 0 [0.1 s]
#   unit {'pos': 1741, 'blk': None}: om1 59 pos 0 st1 0 fail1 0 t4 0 t4only 0 t2only 0 rtfail 0 [0.1 s]
#   unit {'pos': 1742, 'blk': None}: om1 27 pos 0 st1 0 fail1 0 t4 0 t4only 0 t2only 0 rtfail 0 [0.1 s]
#   unit {'pos': 1743, 'blk': None}: om1 17 pos 0 st1 0 fail1 0 t4 0 t4only 0 t2only 0 rtfail 0 [0.1 s]
#   unit {'pos': 1744, 'blk': None}: om1 21 pos 0 st1 0 fail1 0 t4 0 t4only 0 t2only 0 rtfail 0 [0.1 s]
#   unit {'pos': 1745, 'blk': None}: om1 71 pos 0 st1 0 fail1 0 t4 0 t4only 0 t2only 0 rtfail 0 [0.1 s]
#   unit {'pos': 1746, 'blk': None}: om1 84 pos 2 st1 2 fail1 0 t4 1 t4only 0 t2only 0 rtfail 0 [0.1 s]
#   unit {'pos': 1747, 'blk': None}: om1 64 pos 2 st1 2 fail1 0 t4 2 t4only 0 t2only 0 rtfail 0 [0.1 s]
#   unit {'pos': 1749, 'blk': None}: om1 33 pos 0 st1 0 fail1 0 t4 0 t4only 0 t2only 0 rtfail 0 [0.1 s]
#   unit {'pos': 1748, 'blk': None}: om1 53 pos 1 st1 1 fail1 0 t4 1 t4only 0 t2only 0 rtfail 0 [0.1 s]
#   unit {'pos': 1750, 'blk': None}: om1 48 pos 1 st1 1 fail1 0 t4 0 t4only 0 t2only 0 rtfail 0 [0.1 s]
#   unit {'pos': 1751, 'blk': None}: om1 56 pos 0 st1 0 fail1 0 t4 0 t4only 0 t2only 0 rtfail 0 [0.1 s]
#   unit {'pos': 1752, 'blk': None}: om1 3 pos 0 st1 0 fail1 0 t4 0 t4only 0 t2only 0 rtfail 0 [0.1 s]
#   unit {'pos': 1753, 'blk': None}: om1 74 pos 1 st1 1 fail1 0 t4 1 t4only 0 t2only 0 rtfail 0 [0.1 s]
#   unit {'pos': 1754, 'blk': None}: om1 27 pos 0 st1 0 fail1 0 t4 0 t4only 0 t2only 0 rtfail 0 [0.1 s]
#   unit {'pos': 1755, 'blk': None}: om1 17 pos 0 st1 0 fail1 0 t4 0 t4only 0 t2only 0 rtfail 0 [0.1 s]
#   unit {'pos': 1756, 'blk': None}: om1 50 pos 0 st1 0 fail1 0 t4 0 t4only 0 t2only 0 rtfail 0 [0.1 s]
#   unit {'pos': 1758, 'blk': None}: om1 71 pos 0 st1 0 fail1 0 t4 0 t4only 0 t2only 0 rtfail 0 [0.1 s]
#   unit {'pos': 1757, 'blk': None}: om1 60 pos 1 st1 1 fail1 0 t4 1 t4only 0 t2only 0 rtfail 0 [0.1 s]
#   unit {'pos': 1759, 'blk': None}: om1 38 pos 0 st1 0 fail1 0 t4 0 t4only 0 t2only 0 rtfail 0 [0.1 s]
#   unit {'pos': 1760, 'blk': None}: om1 33 pos 0 st1 0 fail1 0 t4 0 t4only 0 t2only 0 rtfail 0 [0.1 s]
#   unit {'pos': 1761, 'blk': None}: om1 29 pos 0 st1 0 fail1 0 t4 0 t4only 0 t2only 0 rtfail 0 [0.1 s]
#   unit {'pos': 1762, 'blk': None}: om1 41 pos 0 st1 0 fail1 0 t4 0 t4only 0 t2only 0 rtfail 0 [0.1 s]
#   unit {'pos': 1763, 'blk': None}: om1 61 pos 0 st1 0 fail1 0 t4 0 t4only 0 t2only 0 rtfail 0 [0.1 s]
#   unit {'pos': 1764, 'blk': None}: om1 25 pos 0 st1 0 fail1 0 t4 0 t4only 0 t2only 0 rtfail 0 [0.1 s]
#   unit {'pos': 1765, 'blk': None}: om1 87 pos 0 st1 0 fail1 0 t4 0 t4only 0 t2only 0 rtfail 0 [0.1 s]
#   unit {'pos': 1766, 'blk': None}: om1 88 pos 2 st1 2 fail1 0 t4 2 t4only 0 t2only 0 rtfail 0 [0.1 s]
#   unit {'pos': 1767, 'blk': None}: om1 76 pos 0 st1 0 fail1 0 t4 0 t4only 0 t2only 0 rtfail 0 [0.1 s]
#   unit {'pos': 1768, 'blk': None}: om1 47 pos 0 st1 0 fail1 0 t4 0 t4only 0 t2only 0 rtfail 0 [0.1 s]
#   unit {'pos': 1769, 'blk': None}: om1 44 pos 1 st1 1 fail1 0 t4 1 t4only 0 t2only 0 rtfail 0 [0.1 s]
#   unit {'pos': 1770, 'blk': None}: om1 10 pos 0 st1 0 fail1 0 t4 0 t4only 0 t2only 0 rtfail 0 [0.1 s]
#   unit {'pos': 1771, 'blk': None}: om1 16 pos 0 st1 0 fail1 0 t4 0 t4only 0 t2only 0 rtfail 0 [0.1 s]
#   unit {'pos': 1772, 'blk': None}: om1 88 pos 1 st1 1 fail1 0 t4 0 t4only 0 t2only 0 rtfail 0 [0.1 s]
#   unit {'pos': 1773, 'blk': None}: om1 52 pos 1 st1 1 fail1 0 t4 1 t4only 0 t2only 0 rtfail 0 [0.1 s]
#   unit {'pos': 1774, 'blk': None}: om1 45 pos 0 st1 0 fail1 0 t4 0 t4only 0 t2only 0 rtfail 0 [0.1 s]
#   unit {'pos': 1776, 'blk': None}: om1 23 pos 0 st1 0 fail1 0 t4 0 t4only 0 t2only 0 rtfail 0 [0.1 s]
#   unit {'pos': 1777, 'blk': None}: om1 4 pos 0 st1 0 fail1 0 t4 0 t4only 0 t2only 0 rtfail 0 [0.1 s]
#   unit {'pos': 1775, 'blk': None}: om1 50 pos 1 st1 1 fail1 0 t4 1 t4only 0 t2only 0 rtfail 0 [0.1 s]
#   unit {'pos': 1778, 'blk': None}: om1 81 pos 0 st1 0 fail1 0 t4 0 t4only 0 t2only 0 rtfail 0 [0.1 s]
#   unit {'pos': 1779, 'blk': None}: om1 52 pos 0 st1 0 fail1 0 t4 0 t4only 0 t2only 0 rtfail 0 [0.1 s]
#   unit {'pos': 1780, 'blk': None}: om1 35 pos 0 st1 0 fail1 0 t4 0 t4only 0 t2only 0 rtfail 0 [0.1 s]
#   unit {'pos': 1781, 'blk': None}: om1 124 pos 0 st1 0 fail1 0 t4 0 t4only 0 t2only 0 rtfail 0 [0.1 s]
#   unit {'pos': 1782, 'blk': None}: om1 152 pos 0 st1 0 fail1 0 t4 0 t4only 0 t2only 0 rtfail 0 [0.1 s]
#   unit {'pos': 1783, 'blk': None}: om1 110 pos 1 st1 1 fail1 0 t4 0 t4only 0 t2only 0 rtfail 0 [0.1 s]
#   unit {'pos': 1784, 'blk': None}: om1 167 pos 0 st1 0 fail1 0 t4 0 t4only 0 t2only 0 rtfail 0 [0.1 s]
#   unit {'pos': 1785, 'blk': None}: om1 172 pos 0 st1 0 fail1 0 t4 0 t4only 0 t2only 0 rtfail 0 [0.1 s]
#   unit {'pos': 1787, 'blk': None}: om1 118 pos 0 st1 0 fail1 0 t4 0 t4only 0 t2only 0 rtfail 0 [0.1 s]
#   unit {'pos': 1788, 'blk': None}: om1 149 pos 0 st1 0 fail1 0 t4 0 t4only 0 t2only 0 rtfail 0 [0.1 s]
#   unit {'pos': 1786, 'blk': None}: om1 217 pos 0 st1 0 fail1 0 t4 0 t4only 0 t2only 0 rtfail 0 [0.1 s]
#   unit {'pos': 1789, 'blk': None}: om1 134 pos 0 st1 0 fail1 0 t4 0 t4only 0 t2only 0 rtfail 0 [0.1 s]
#   unit {'pos': 1790, 'blk': None}: om1 102 pos 0 st1 0 fail1 0 t4 0 t4only 0 t2only 0 rtfail 0 [0.1 s]
#   unit {'pos': 1791, 'blk': None}: om1 124 pos 0 st1 0 fail1 0 t4 0 t4only 0 t2only 0 rtfail 0 [0.1 s]
#   unit {'pos': 1792, 'blk': None}: om1 129 pos 1 st1 1 fail1 0 t4 1 t4only 0 t2only 0 rtfail 0 [0.1 s]
#   unit {'pos': 1793, 'blk': None}: om1 114 pos 0 st1 0 fail1 0 t4 0 t4only 0 t2only 0 rtfail 0 [0.1 s]
#   unit {'pos': 1794, 'blk': None}: om1 167 pos 0 st1 0 fail1 0 t4 0 t4only 0 t2only 0 rtfail 0 [0.1 s]
#   unit {'pos': 1795, 'blk': None}: om1 81 pos 0 st1 0 fail1 0 t4 0 t4only 0 t2only 0 rtfail 0 [0.1 s]
#   unit {'pos': 1796, 'blk': None}: om1 102 pos 0 st1 0 fail1 0 t4 0 t4only 0 t2only 0 rtfail 0 [0.1 s]
#   unit {'pos': 1797, 'blk': None}: om1 101 pos 0 st1 0 fail1 0 t4 0 t4only 0 t2only 0 rtfail 0 [0.1 s]
#   unit {'pos': 1798, 'blk': None}: om1 77 pos 0 st1 0 fail1 0 t4 0 t4only 0 t2only 0 rtfail 0 [0.1 s]
#   unit {'pos': 1799, 'blk': None}: om1 111 pos 0 st1 0 fail1 0 t4 0 t4only 0 t2only 0 rtfail 0 [0.1 s]
#   unit {'pos': 1800, 'blk': None}: om1 136 pos 0 st1 0 fail1 0 t4 0 t4only 0 t2only 0 rtfail 0 [0.1 s]
#   unit {'pos': 1801, 'blk': None}: om1 79 pos 0 st1 0 fail1 0 t4 0 t4only 0 t2only 0 rtfail 0 [0.1 s]
#   unit {'pos': 1803, 'blk': None}: om1 21 pos 0 st1 0 fail1 0 t4 0 t4only 0 t2only 0 rtfail 0 [0.1 s]
#   unit {'pos': 1802, 'blk': None}: om1 81 pos 0 st1 0 fail1 0 t4 0 t4only 0 t2only 0 rtfail 0 [0.1 s]
#   unit {'pos': 1804, 'blk': None}: om1 76 pos 0 st1 0 fail1 0 t4 0 t4only 0 t2only 0 rtfail 0 [0.1 s]
#   unit {'pos': 1805, 'blk': None}: om1 99 pos 0 st1 0 fail1 0 t4 0 t4only 0 t2only 0 rtfail 0 [0.1 s]
#   unit {'pos': 1807, 'blk': None}: om1 107 pos 0 st1 0 fail1 0 t4 0 t4only 0 t2only 0 rtfail 0 [0.1 s]
#   unit {'pos': 1806, 'blk': None}: om1 96 pos 0 st1 0 fail1 0 t4 0 t4only 0 t2only 0 rtfail 0 [0.1 s]
#   unit {'pos': 1808, 'blk': None}: om1 109 pos 0 st1 0 fail1 0 t4 0 t4only 0 t2only 0 rtfail 0 [0.1 s]
#   unit {'pos': 1811, 'blk': None}: om1 109 pos 0 st1 0 fail1 0 t4 0 t4only 0 t2only 0 rtfail 0 [0.1 s]
#   unit {'pos': 1812, 'blk': None}: om1 103 pos 0 st1 0 fail1 0 t4 0 t4only 0 t2only 0 rtfail 0 [0.1 s]
#   unit {'pos': 1810, 'blk': None}: om1 93 pos 0 st1 0 fail1 0 t4 0 t4only 0 t2only 0 rtfail 0 [0.1 s]
#   unit {'pos': 1809, 'blk': None}: om1 100 pos 0 st1 0 fail1 0 t4 0 t4only 0 t2only 0 rtfail 0 [0.1 s]
#   unit {'pos': 1813, 'blk': None}: om1 105 pos 1 st1 1 fail1 0 t4 1 t4only 0 t2only 0 rtfail 0 [0.1 s]
#   unit {'pos': 1816, 'blk': None}: om1 66 pos 1 st1 1 fail1 0 t4 0 t4only 0 t2only 0 rtfail 0 [0.1 s]
#   unit {'pos': 1815, 'blk': None}: om1 95 pos 0 st1 0 fail1 0 t4 0 t4only 0 t2only 0 rtfail 0 [0.1 s]
#   unit {'pos': 1814, 'blk': None}: om1 84 pos 1 st1 1 fail1 0 t4 1 t4only 0 t2only 0 rtfail 0 [0.1 s]
#   unit {'pos': 1818, 'blk': None}: om1 39 pos 0 st1 0 fail1 0 t4 0 t4only 0 t2only 0 rtfail 0 [0.1 s]
#   unit {'pos': 1817, 'blk': None}: om1 74 pos 0 st1 0 fail1 0 t4 0 t4only 0 t2only 0 rtfail 0 [0.1 s]
#   unit {'pos': 1819, 'blk': None}: om1 23 pos 0 st1 0 fail1 0 t4 0 t4only 0 t2only 0 rtfail 0 [0.1 s]
#   unit {'pos': 1820, 'blk': None}: om1 23 pos 0 st1 0 fail1 0 t4 0 t4only 0 t2only 0 rtfail 0 [0.1 s]
#   unit {'pos': 1821, 'blk': None}: om1 56 pos 0 st1 0 fail1 0 t4 0 t4only 0 t2only 0 rtfail 0 [0.1 s]
#   unit {'pos': 1822, 'blk': None}: om1 100 pos 0 st1 0 fail1 0 t4 0 t4only 0 t2only 0 rtfail 0 [0.1 s]
#   unit {'pos': 1823, 'blk': None}: om1 91 pos 2 st1 2 fail1 0 t4 2 t4only 0 t2only 0 rtfail 0 [0.1 s]
#   unit {'pos': 1824, 'blk': None}: om1 66 pos 0 st1 0 fail1 0 t4 0 t4only 0 t2only 0 rtfail 0 [0.1 s]
#   unit {'pos': 1825, 'blk': None}: om1 15 pos 0 st1 0 fail1 0 t4 0 t4only 0 t2only 0 rtfail 0 [0.1 s]
#   unit {'pos': 1826, 'blk': None}: om1 46 pos 0 st1 0 fail1 0 t4 0 t4only 0 t2only 0 rtfail 0 [0.1 s]
#   unit {'pos': 1827, 'blk': None}: om1 81 pos 0 st1 0 fail1 0 t4 0 t4only 0 t2only 0 rtfail 0 [0.1 s]
#   unit {'pos': 1829, 'blk': None}: om1 17 pos 0 st1 0 fail1 0 t4 0 t4only 0 t2only 0 rtfail 0 [0.1 s]
#   unit {'pos': 1830, 'blk': None}: om1 45 pos 1 st1 1 fail1 0 t4 1 t4only 0 t2only 0 rtfail 0 [0.1 s]
#   unit {'pos': 1828, 'blk': None}: om1 100 pos 0 st1 0 fail1 0 t4 0 t4only 0 t2only 0 rtfail 0 [0.1 s]
#   unit {'pos': 1831, 'blk': None}: om1 69 pos 0 st1 0 fail1 0 t4 0 t4only 0 t2only 0 rtfail 0 [0.1 s]
#   unit {'pos': 1832, 'blk': None}: om1 71 pos 1 st1 1 fail1 0 t4 0 t4only 0 t2only 0 rtfail 0 [0.1 s]
#   unit {'pos': 1833, 'blk': None}: om1 27 pos 0 st1 0 fail1 0 t4 0 t4only 0 t2only 0 rtfail 0 [0.1 s]
#   unit {'pos': 1834, 'blk': None}: om1 29 pos 0 st1 0 fail1 0 t4 0 t4only 0 t2only 0 rtfail 0 [0.1 s]
#   unit {'pos': 1835, 'blk': None}: om1 42 pos 0 st1 0 fail1 0 t4 0 t4only 0 t2only 0 rtfail 0 [0.1 s]
#   unit {'pos': 1836, 'blk': None}: om1 83 pos 0 st1 0 fail1 0 t4 0 t4only 0 t2only 0 rtfail 0 [0.1 s]
#   unit {'pos': 1837, 'blk': None}: om1 123 pos 1 st1 1 fail1 0 t4 1 t4only 0 t2only 0 rtfail 0 [0.1 s]
#   unit {'pos': 1838, 'blk': None}: om1 111 pos 1 st1 1 fail1 0 t4 1 t4only 0 t2only 0 rtfail 0 [0.1 s]
#   unit {'pos': 1839, 'blk': None}: om1 133 pos 0 st1 0 fail1 0 t4 0 t4only 0 t2only 0 rtfail 0 [0.1 s]
#   unit {'pos': 1841, 'blk': None}: om1 68 pos 0 st1 0 fail1 0 t4 0 t4only 0 t2only 0 rtfail 0 [0.1 s]
#   unit {'pos': 1840, 'blk': None}: om1 82 pos 0 st1 0 fail1 0 t4 0 t4only 0 t2only 0 rtfail 0 [0.1 s]
#   unit {'pos': 1842, 'blk': None}: om1 64 pos 0 st1 0 fail1 0 t4 0 t4only 0 t2only 0 rtfail 0 [0.1 s]
#   unit {'pos': 1843, 'blk': None}: om1 113 pos 0 st1 0 fail1 0 t4 0 t4only 0 t2only 0 rtfail 0 [0.1 s]
#   unit {'pos': 1844, 'blk': None}: om1 32 pos 0 st1 0 fail1 0 t4 0 t4only 0 t2only 0 rtfail 0 [0.1 s]
#   unit {'pos': 1845, 'blk': None}: om1 75 pos 0 st1 0 fail1 0 t4 0 t4only 0 t2only 0 rtfail 0 [0.1 s]
#   unit {'pos': 1846, 'blk': None}: om1 43 pos 0 st1 0 fail1 0 t4 0 t4only 0 t2only 0 rtfail 0 [0.1 s]
#   unit {'pos': 1847, 'blk': None}: om1 126 pos 1 st1 1 fail1 0 t4 1 t4only 0 t2only 0 rtfail 0 [0.1 s]
#   unit {'pos': 1848, 'blk': None}: om1 95 pos 0 st1 0 fail1 0 t4 0 t4only 0 t2only 0 rtfail 0 [0.1 s]
#   unit {'pos': 1849, 'blk': None}: om1 84 pos 0 st1 0 fail1 0 t4 0 t4only 0 t2only 0 rtfail 0 [0.1 s]
#   unit {'pos': 1850, 'blk': None}: om1 79 pos 2 st1 2 fail1 0 t4 2 t4only 0 t2only 0 rtfail 0 [0.1 s]
#   unit {'pos': 1851, 'blk': None}: om1 114 pos 0 st1 0 fail1 0 t4 0 t4only 0 t2only 0 rtfail 0 [0.1 s]
#   unit {'pos': 1852, 'blk': None}: om1 110 pos 1 st1 1 fail1 0 t4 0 t4only 0 t2only 0 rtfail 0 [0.1 s]
#   unit {'pos': 1854, 'blk': None}: om1 94 pos 0 st1 0 fail1 0 t4 0 t4only 0 t2only 0 rtfail 0 [0.1 s]
#   unit {'pos': 1853, 'blk': None}: om1 118 pos 1 st1 1 fail1 0 t4 1 t4only 0 t2only 0 rtfail 0 [0.1 s]
#   unit {'pos': 1856, 'blk': None}: om1 84 pos 1 st1 1 fail1 0 t4 1 t4only 0 t2only 0 rtfail 0 [0.1 s]
#   unit {'pos': 1855, 'blk': None}: om1 82 pos 0 st1 0 fail1 0 t4 0 t4only 0 t2only 0 rtfail 0 [0.1 s]
#   unit {'pos': 1858, 'blk': None}: om1 88 pos 0 st1 0 fail1 0 t4 0 t4only 0 t2only 0 rtfail 0 [0.1 s]
#   unit {'pos': 1857, 'blk': None}: om1 104 pos 2 st1 2 fail1 0 t4 1 t4only 0 t2only 0 rtfail 0 [0.1 s]
#   unit {'pos': 1859, 'blk': None}: om1 110 pos 0 st1 0 fail1 0 t4 0 t4only 0 t2only 0 rtfail 0 [0.1 s]
#   unit {'pos': 1860, 'blk': None}: om1 59 pos 0 st1 0 fail1 0 t4 0 t4only 0 t2only 0 rtfail 0 [0.1 s]
#   unit {'pos': 1861, 'blk': None}: om1 72 pos 0 st1 0 fail1 0 t4 0 t4only 0 t2only 0 rtfail 0 [0.1 s]
#   unit {'pos': 1862, 'blk': None}: om1 61 pos 0 st1 0 fail1 0 t4 0 t4only 0 t2only 0 rtfail 0 [0.1 s]
#   unit {'pos': 1863, 'blk': None}: om1 74 pos 0 st1 0 fail1 0 t4 0 t4only 0 t2only 0 rtfail 0 [0.1 s]
#   unit {'pos': 1864, 'blk': None}: om1 70 pos 0 st1 0 fail1 0 t4 0 t4only 0 t2only 0 rtfail 0 [0.1 s]
#   unit {'pos': 1865, 'blk': None}: om1 70 pos 0 st1 0 fail1 0 t4 0 t4only 0 t2only 0 rtfail 0 [0.1 s]
#   unit {'pos': 1866, 'blk': None}: om1 91 pos 0 st1 0 fail1 0 t4 0 t4only 0 t2only 0 rtfail 0 [0.1 s]
#   unit {'pos': 1867, 'blk': None}: om1 37 pos 0 st1 0 fail1 0 t4 0 t4only 0 t2only 0 rtfail 0 [0.1 s]
#   unit {'pos': 1868, 'blk': None}: om1 59 pos 0 st1 0 fail1 0 t4 0 t4only 0 t2only 0 rtfail 0 [0.1 s]
#   unit {'pos': 1869, 'blk': None}: om1 67 pos 0 st1 0 fail1 0 t4 0 t4only 0 t2only 0 rtfail 0 [0.1 s]
#   unit {'pos': 1870, 'blk': None}: om1 41 pos 1 st1 1 fail1 0 t4 1 t4only 0 t2only 0 rtfail 0 [0.1 s]
#   unit {'pos': 1871, 'blk': None}: om1 26 pos 1 st1 1 fail1 0 t4 1 t4only 0 t2only 0 rtfail 0 [0.1 s]
#   unit {'pos': 1872, 'blk': None}: om1 20 pos 0 st1 0 fail1 0 t4 0 t4only 0 t2only 0 rtfail 0 [0.1 s]
#   unit {'pos': 1874, 'blk': None}: om1 102 pos 0 st1 0 fail1 0 t4 0 t4only 0 t2only 0 rtfail 0 [0.1 s]
#   unit {'pos': 1873, 'blk': None}: om1 12 pos 0 st1 0 fail1 0 t4 0 t4only 0 t2only 0 rtfail 0 [0.1 s]
#   unit {'pos': 1875, 'blk': None}: om1 46 pos 0 st1 0 fail1 0 t4 0 t4only 0 t2only 0 rtfail 0 [0.1 s]
#   unit {'pos': 1876, 'blk': None}: om1 104 pos 1 st1 1 fail1 0 t4 0 t4only 0 t2only 0 rtfail 0 [0.1 s]
#   unit {'pos': 1878, 'blk': None}: om1 26 pos 0 st1 0 fail1 0 t4 0 t4only 0 t2only 0 rtfail 0 [0.1 s]
#   unit {'pos': 1877, 'blk': None}: om1 58 pos 0 st1 0 fail1 0 t4 0 t4only 0 t2only 0 rtfail 0 [0.1 s]
#   unit {'pos': 1879, 'blk': None}: om1 62 pos 0 st1 0 fail1 0 t4 0 t4only 0 t2only 0 rtfail 0 [0.1 s]
#   unit {'pos': 1882, 'blk': None}: om1 37 pos 0 st1 0 fail1 0 t4 0 t4only 0 t2only 0 rtfail 0 [0.1 s]
#   unit {'pos': 1880, 'blk': None}: om1 10 pos 0 st1 0 fail1 0 t4 0 t4only 0 t2only 0 rtfail 0 [0.1 s]
#   unit {'pos': 1881, 'blk': None}: om1 28 pos 1 st1 1 fail1 0 t4 1 t4only 0 t2only 0 rtfail 0 [0.1 s]
#   unit {'pos': 1883, 'blk': None}: om1 98 pos 2 st1 2 fail1 0 t4 2 t4only 0 t2only 0 rtfail 0 [0.1 s]
#   unit {'pos': 1884, 'blk': None}: om1 76 pos 1 st1 1 fail1 0 t4 1 t4only 0 t2only 0 rtfail 0 [0.1 s]
#   unit {'pos': 1885, 'blk': None}: om1 84 pos 0 st1 0 fail1 0 t4 0 t4only 0 t2only 0 rtfail 0 [0.1 s]
#   unit {'pos': 1886, 'blk': None}: om1 83 pos 0 st1 0 fail1 0 t4 0 t4only 0 t2only 0 rtfail 0 [0.1 s]
#   unit {'pos': 1887, 'blk': None}: om1 67 pos 0 st1 0 fail1 0 t4 0 t4only 0 t2only 0 rtfail 0 [0.1 s]
#   unit {'pos': 1888, 'blk': None}: om1 51 pos 0 st1 0 fail1 0 t4 0 t4only 0 t2only 0 rtfail 0 [0.1 s]
#   unit {'pos': 1889, 'blk': None}: om1 38 pos 0 st1 0 fail1 0 t4 0 t4only 0 t2only 0 rtfail 0 [0.1 s]
#   unit {'pos': 1890, 'blk': None}: om1 98 pos 1 st1 1 fail1 0 t4 1 t4only 0 t2only 0 rtfail 0 [0.1 s]
#   unit {'pos': 1891, 'blk': None}: om1 96 pos 3 st1 3 fail1 0 t4 3 t4only 0 t2only 0 rtfail 0 [0.1 s]
#   unit {'pos': 1892, 'blk': None}: om1 52 pos 0 st1 0 fail1 0 t4 0 t4only 0 t2only 0 rtfail 0 [0.1 s]
#   unit {'pos': 1894, 'blk': None}: om1 31 pos 0 st1 0 fail1 0 t4 0 t4only 0 t2only 0 rtfail 0 [0.1 s]
#   unit {'pos': 1893, 'blk': None}: om1 21 pos 0 st1 0 fail1 0 t4 0 t4only 0 t2only 0 rtfail 0 [0.1 s]
#   unit {'pos': 1895, 'blk': None}: om1 10 pos 0 st1 0 fail1 0 t4 0 t4only 0 t2only 0 rtfail 0 [0.1 s]
#   unit {'pos': 1897, 'blk': None}: om1 18 pos 0 st1 0 fail1 0 t4 0 t4only 0 t2only 0 rtfail 0 [0.1 s]
#   unit {'pos': 1898, 'blk': None}: om1 46 pos 0 st1 0 fail1 0 t4 0 t4only 0 t2only 0 rtfail 0 [0.1 s]
#   unit {'pos': 1896, 'blk': None}: om1 42 pos 0 st1 0 fail1 0 t4 0 t4only 0 t2only 0 rtfail 0 [0.1 s]
#   unit {'pos': 1899, 'blk': None}: om1 27 pos 0 st1 0 fail1 0 t4 0 t4only 0 t2only 0 rtfail 0 [0.1 s]
#   unit {'pos': 1900, 'blk': None}: om1 77 pos 2 st1 2 fail1 0 t4 2 t4only 0 t2only 0 rtfail 0 [0.1 s]
#   unit {'pos': 1901, 'blk': None}: om1 124 pos 7 st1 7 fail1 0 t4 7 t4only 0 t2only 0 rtfail 0 [0.1 s]
#   unit {'pos': 1902, 'blk': None}: om1 149 pos 1 st1 1 fail1 0 t4 1 t4only 0 t2only 0 rtfail 0 [0.1 s]
#   unit {'pos': 1903, 'blk': None}: om1 127 pos 2 st1 2 fail1 0 t4 2 t4only 0 t2only 0 rtfail 0 [0.1 s]
#   unit {'pos': 1904, 'blk': None}: om1 138 pos 2 st1 2 fail1 0 t4 2 t4only 0 t2only 0 rtfail 0 [0.1 s]
#   unit {'pos': 1905, 'blk': None}: om1 179 pos 1 st1 1 fail1 0 t4 1 t4only 0 t2only 0 rtfail 0 [0.1 s]
#   unit {'pos': 1906, 'blk': None}: om1 207 pos 0 st1 0 fail1 0 t4 0 t4only 0 t2only 0 rtfail 0 [0.1 s]
#   unit {'pos': 1907, 'blk': None}: om1 207 pos 0 st1 0 fail1 0 t4 0 t4only 0 t2only 0 rtfail 0 [0.1 s]
#   unit {'pos': 1908, 'blk': None}: om1 97 pos 2 st1 2 fail1 0 t4 2 t4only 0 t2only 0 rtfail 0 [0.1 s]
#   unit {'pos': 1909, 'blk': None}: om1 92 pos 0 st1 0 fail1 0 t4 0 t4only 0 t2only 0 rtfail 0 [0.1 s]
#   unit {'pos': 1910, 'blk': None}: om1 126 pos 1 st1 1 fail1 0 t4 1 t4only 0 t2only 0 rtfail 0 [0.1 s]
#   unit {'pos': 1911, 'blk': None}: om1 133 pos 2 st1 2 fail1 0 t4 2 t4only 0 t2only 0 rtfail 0 [0.1 s]
#   unit {'pos': 1912, 'blk': None}: om1 110 pos 0 st1 0 fail1 0 t4 0 t4only 0 t2only 0 rtfail 0 [0.1 s]
#   unit {'pos': 1913, 'blk': None}: om1 84 pos 0 st1 0 fail1 0 t4 0 t4only 0 t2only 0 rtfail 0 [0.1 s]
#   unit {'pos': 1914, 'blk': None}: om1 138 pos 0 st1 0 fail1 0 t4 0 t4only 0 t2only 0 rtfail 0 [0.1 s]
#   unit {'pos': 1915, 'blk': None}: om1 88 pos 0 st1 0 fail1 0 t4 0 t4only 0 t2only 0 rtfail 0 [0.1 s]
#   unit {'pos': 1916, 'blk': None}: om1 32 pos 0 st1 0 fail1 0 t4 0 t4only 0 t2only 0 rtfail 0 [0.1 s]
#   unit {'pos': 1918, 'blk': None}: om1 123 pos 0 st1 0 fail1 0 t4 0 t4only 0 t2only 0 rtfail 0 [0.1 s]
#   unit {'pos': 1917, 'blk': None}: om1 108 pos 0 st1 0 fail1 0 t4 0 t4only 0 t2only 0 rtfail 0 [0.1 s]
#   unit {'pos': 1920, 'blk': None}: om1 107 pos 0 st1 0 fail1 0 t4 0 t4only 0 t2only 0 rtfail 0 [0.1 s]
#   unit {'pos': 1921, 'blk': None}: om1 87 pos 1 st1 1 fail1 0 t4 0 t4only 0 t2only 0 rtfail 0 [0.1 s]
#   unit {'pos': 1922, 'blk': None}: om1 86 pos 0 st1 0 fail1 0 t4 0 t4only 0 t2only 0 rtfail 0 [0.1 s]
#   unit {'pos': 1919, 'blk': None}: om1 95 pos 0 st1 0 fail1 0 t4 0 t4only 0 t2only 0 rtfail 0 [0.1 s]
#   unit {'pos': 1923, 'blk': None}: om1 128 pos 0 st1 0 fail1 0 t4 0 t4only 0 t2only 0 rtfail 0 [0.1 s]
#   unit {'pos': 1925, 'blk': None}: om1 152 pos 0 st1 0 fail1 0 t4 0 t4only 0 t2only 0 rtfail 0 [0.1 s]
#   unit {'pos': 1924, 'blk': None}: om1 132 pos 6 st1 6 fail1 0 t4 6 t4only 0 t2only 0 rtfail 0 [0.1 s]
#   unit {'pos': 1926, 'blk': None}: om1 33 pos 0 st1 0 fail1 0 t4 0 t4only 0 t2only 0 rtfail 0 [0.1 s]
#   unit {'pos': 1927, 'blk': None}: om1 57 pos 0 st1 0 fail1 0 t4 0 t4only 0 t2only 0 rtfail 0 [0.1 s]
#   unit {'pos': 1929, 'blk': None}: om1 47 pos 0 st1 0 fail1 0 t4 0 t4only 0 t2only 0 rtfail 0 [0.1 s]
#   unit {'pos': 1928, 'blk': None}: om1 41 pos 2 st1 2 fail1 0 t4 2 t4only 0 t2only 0 rtfail 0 [0.1 s]
#   unit {'pos': 1930, 'blk': None}: om1 91 pos 0 st1 0 fail1 0 t4 0 t4only 0 t2only 0 rtfail 0 [0.1 s]
#   unit {'pos': 1931, 'blk': None}: om1 15 pos 2 st1 2 fail1 0 t4 2 t4only 0 t2only 0 rtfail 0 [0.1 s]
#   unit {'pos': 1933, 'blk': None}: om1 34 pos 0 st1 0 fail1 0 t4 0 t4only 0 t2only 0 rtfail 0 [0.1 s]
#   unit {'pos': 1934, 'blk': None}: om1 82 pos 4 st1 4 fail1 0 t4 4 t4only 0 t2only 0 rtfail 0 [0.1 s]
#   unit {'pos': 1932, 'blk': None}: om1 31 pos 1 st1 1 fail1 0 t4 1 t4only 0 t2only 0 rtfail 0 [0.1 s]
#   unit {'pos': 1935, 'blk': None}: om1 63 pos 1 st1 1 fail1 0 t4 1 t4only 0 t2only 0 rtfail 0 [0.1 s]
#   unit {'pos': 1936, 'blk': None}: om1 31 pos 0 st1 0 fail1 0 t4 0 t4only 0 t2only 0 rtfail 0 [0.1 s]
#   unit {'pos': 1937, 'blk': None}: om1 111 pos 0 st1 0 fail1 0 t4 0 t4only 0 t2only 0 rtfail 0 [0.1 s]
#   unit {'pos': 1938, 'blk': None}: om1 60 pos 1 st1 1 fail1 0 t4 1 t4only 0 t2only 0 rtfail 0 [0.1 s]
#   unit {'pos': 1939, 'blk': None}: om1 121 pos 0 st1 0 fail1 0 t4 0 t4only 0 t2only 0 rtfail 0 [0.1 s]
#   unit {'pos': 1940, 'blk': None}: om1 76 pos 0 st1 0 fail1 0 t4 0 t4only 0 t2only 0 rtfail 0 [0.1 s]
#   unit {'pos': 1942, 'blk': None}: om1 35 pos 0 st1 0 fail1 0 t4 0 t4only 0 t2only 0 rtfail 0 [0.1 s]
#   unit {'pos': 1941, 'blk': None}: om1 78 pos 0 st1 0 fail1 0 t4 0 t4only 0 t2only 0 rtfail 0 [0.1 s]
#   unit {'pos': 1944, 'blk': None}: om1 47 pos 0 st1 0 fail1 0 t4 0 t4only 0 t2only 0 rtfail 0 [0.1 s]
#   unit {'pos': 1945, 'blk': None}: om1 46 pos 0 st1 0 fail1 0 t4 0 t4only 0 t2only 0 rtfail 0 [0.1 s]
#   unit {'pos': 1943, 'blk': None}: om1 88 pos 0 st1 0 fail1 0 t4 0 t4only 0 t2only 0 rtfail 0 [0.1 s]
#   unit {'pos': 1946, 'blk': None}: om1 20 pos 0 st1 0 fail1 0 t4 0 t4only 0 t2only 0 rtfail 0 [0.1 s]
#   unit {'pos': 1947, 'blk': None}: om1 103 pos 0 st1 0 fail1 0 t4 0 t4only 0 t2only 0 rtfail 0 [0.1 s]
#   unit {'pos': 1948, 'blk': None}: om1 39 pos 0 st1 0 fail1 0 t4 0 t4only 0 t2only 0 rtfail 0 [0.1 s]
#   unit {'pos': 1949, 'blk': None}: om1 81 pos 4 st1 4 fail1 0 t4 2 t4only 0 t2only 0 rtfail 0 [0.1 s]
#   unit {'pos': 1950, 'blk': None}: om1 31 pos 0 st1 0 fail1 0 t4 0 t4only 0 t2only 0 rtfail 0 [0.1 s]
#   unit {'pos': 1951, 'blk': None}: om1 39 pos 0 st1 0 fail1 0 t4 0 t4only 0 t2only 0 rtfail 0 [0.1 s]
#   unit {'pos': 1952, 'blk': None}: om1 82 pos 0 st1 0 fail1 0 t4 0 t4only 0 t2only 0 rtfail 0 [0.1 s]
#   unit {'pos': 1954, 'blk': None}: om1 79 pos 0 st1 0 fail1 0 t4 0 t4only 0 t2only 0 rtfail 0 [0.1 s]
#   unit {'pos': 1955, 'blk': None}: om1 82 pos 0 st1 0 fail1 0 t4 0 t4only 0 t2only 0 rtfail 0 [0.1 s]
#   unit {'pos': 1953, 'blk': None}: om1 53 pos 0 st1 0 fail1 0 t4 0 t4only 0 t2only 0 rtfail 0 [0.1 s]
#   unit {'pos': 1957, 'blk': None}: om1 45 pos 0 st1 0 fail1 0 t4 0 t4only 0 t2only 0 rtfail 0 [0.1 s]
#   unit {'pos': 1958, 'blk': None}: om1 89 pos 0 st1 0 fail1 0 t4 0 t4only 0 t2only 0 rtfail 0 [0.1 s]
#   unit {'pos': 1956, 'blk': None}: om1 77 pos 0 st1 0 fail1 0 t4 0 t4only 0 t2only 0 rtfail 0 [0.1 s]
#   unit {'pos': 1961, 'blk': None}: om1 43 pos 0 st1 0 fail1 0 t4 0 t4only 0 t2only 0 rtfail 0 [0.1 s]
#   unit {'pos': 1960, 'blk': None}: om1 61 pos 0 st1 0 fail1 0 t4 0 t4only 0 t2only 0 rtfail 0 [0.1 s]
#   unit {'pos': 1959, 'blk': None}: om1 94 pos 0 st1 0 fail1 0 t4 0 t4only 0 t2only 0 rtfail 0 [0.1 s]
#   unit {'pos': 1963, 'blk': None}: om1 35 pos 0 st1 0 fail1 0 t4 0 t4only 0 t2only 0 rtfail 0 [0.1 s]
#   unit {'pos': 1964, 'blk': None}: om1 79 pos 0 st1 0 fail1 0 t4 0 t4only 0 t2only 0 rtfail 0 [0.1 s]
#   unit {'pos': 1962, 'blk': None}: om1 18 pos 0 st1 0 fail1 0 t4 0 t4only 0 t2only 0 rtfail 0 [0.1 s]
#   unit {'pos': 1966, 'blk': None}: om1 59 pos 0 st1 0 fail1 0 t4 0 t4only 0 t2only 0 rtfail 0 [0.1 s]
#   unit {'pos': 1967, 'blk': None}: om1 77 pos 0 st1 0 fail1 0 t4 0 t4only 0 t2only 0 rtfail 0 [0.1 s]
#   unit {'pos': 1965, 'blk': None}: om1 38 pos 0 st1 0 fail1 0 t4 0 t4only 0 t2only 0 rtfail 0 [0.1 s]
#   unit {'pos': 1969, 'blk': None}: om1 87 pos 0 st1 0 fail1 0 t4 0 t4only 0 t2only 0 rtfail 0 [0.1 s]
#   unit {'pos': 1970, 'blk': None}: om1 52 pos 0 st1 0 fail1 0 t4 0 t4only 0 t2only 0 rtfail 0 [0.1 s]
#   unit {'pos': 1968, 'blk': None}: om1 75 pos 0 st1 0 fail1 0 t4 0 t4only 0 t2only 0 rtfail 0 [0.1 s]
#   unit {'pos': 1972, 'blk': None}: om1 57 pos 0 st1 0 fail1 0 t4 0 t4only 0 t2only 0 rtfail 0 [0.1 s]
#   unit {'pos': 1973, 'blk': None}: om1 80 pos 0 st1 0 fail1 0 t4 0 t4only 0 t2only 0 rtfail 0 [0.1 s]
#   unit {'pos': 1975, 'blk': None}: om1 60 pos 0 st1 0 fail1 0 t4 0 t4only 0 t2only 0 rtfail 0 [0.1 s]
#   unit {'pos': 1971, 'blk': None}: om1 70 pos 0 st1 0 fail1 0 t4 0 t4only 0 t2only 0 rtfail 0 [0.1 s]
#   unit {'pos': 1976, 'blk': None}: om1 66 pos 0 st1 0 fail1 0 t4 0 t4only 0 t2only 0 rtfail 0 [0.1 s]
#   unit {'pos': 1974, 'blk': None}: om1 66 pos 1 st1 1 fail1 0 t4 1 t4only 0 t2only 0 rtfail 0 [0.1 s]
#   unit {'pos': 1977, 'blk': None}: om1 16 pos 0 st1 0 fail1 0 t4 0 t4only 0 t2only 0 rtfail 0 [0.1 s]
#   unit {'pos': 1979, 'blk': None}: om1 47 pos 0 st1 0 fail1 0 t4 0 t4only 0 t2only 0 rtfail 0 [0.1 s]
#   unit {'pos': 1978, 'blk': None}: om1 40 pos 0 st1 0 fail1 0 t4 0 t4only 0 t2only 0 rtfail 0 [0.1 s]
#   unit {'pos': 1981, 'blk': None}: om1 69 pos 0 st1 0 fail1 0 t4 0 t4only 0 t2only 0 rtfail 0 [0.1 s]
#   unit {'pos': 1982, 'blk': None}: om1 73 pos 0 st1 0 fail1 0 t4 0 t4only 0 t2only 0 rtfail 0 [0.1 s]
#   unit {'pos': 1980, 'blk': None}: om1 47 pos 0 st1 0 fail1 0 t4 0 t4only 0 t2only 0 rtfail 0 [0.1 s]
#   unit {'pos': 1984, 'blk': None}: om1 45 pos 0 st1 0 fail1 0 t4 0 t4only 0 t2only 0 rtfail 0 [0.1 s]
#   unit {'pos': 1985, 'blk': None}: om1 85 pos 0 st1 0 fail1 0 t4 0 t4only 0 t2only 0 rtfail 0 [0.1 s]
#   unit {'pos': 1987, 'blk': None}: om1 79 pos 0 st1 0 fail1 0 t4 0 t4only 0 t2only 0 rtfail 0 [0.1 s]
#   unit {'pos': 1988, 'blk': None}: om1 33 pos 0 st1 0 fail1 0 t4 0 t4only 0 t2only 0 rtfail 0 [0.1 s]
#   unit {'pos': 1983, 'blk': None}: om1 28 pos 0 st1 0 fail1 0 t4 0 t4only 0 t2only 0 rtfail 0 [0.1 s]
#   unit {'pos': 1986, 'blk': None}: om1 79 pos 0 st1 0 fail1 0 t4 0 t4only 0 t2only 0 rtfail 0 [0.1 s]
#   unit {'pos': 1989, 'blk': None}: om1 34 pos 0 st1 0 fail1 0 t4 0 t4only 0 t2only 0 rtfail 0 [0.1 s]
#   unit {'pos': 1992, 'blk': None}: om1 44 pos 0 st1 0 fail1 0 t4 0 t4only 0 t2only 0 rtfail 0 [0.1 s]
#   unit {'pos': 1990, 'blk': None}: om1 54 pos 0 st1 0 fail1 0 t4 0 t4only 0 t2only 0 rtfail 0 [0.1 s]
#   unit {'pos': 1993, 'blk': None}: om1 49 pos 0 st1 0 fail1 0 t4 0 t4only 0 t2only 0 rtfail 0 [0.1 s]
#   unit {'pos': 1991, 'blk': None}: om1 60 pos 0 st1 0 fail1 0 t4 0 t4only 0 t2only 0 rtfail 0 [0.1 s]
#   unit {'pos': 1994, 'blk': None}: om1 23 pos 0 st1 0 fail1 0 t4 0 t4only 0 t2only 0 rtfail 0 [0.1 s]
#   unit {'pos': 1997, 'blk': None}: om1 41 pos 0 st1 0 fail1 0 t4 0 t4only 0 t2only 0 rtfail 0 [0.1 s]
#   unit {'pos': 1998, 'blk': None}: om1 27 pos 0 st1 0 fail1 0 t4 0 t4only 0 t2only 0 rtfail 0 [0.1 s]
#   unit {'pos': 1995, 'blk': None}: om1 57 pos 0 st1 0 fail1 0 t4 0 t4only 0 t2only 0 rtfail 0 [0.1 s]
#   unit {'pos': 1996, 'blk': None}: om1 60 pos 0 st1 0 fail1 0 t4 0 t4only 0 t2only 0 rtfail 0 [0.1 s]
#   unit {'pos': 1999, 'blk': None}: om1 24 pos 0 st1 0 fail1 0 t4 0 t4only 0 t2only 0 rtfail 0 [0.1 s]
#   unit {'pos': 2000, 'blk': None}: om1 34 pos 0 st1 0 fail1 0 t4 0 t4only 0 t2only 0 rtfail 0 [0.1 s]
#   unit {'pos': 2001, 'blk': None}: om1 33 pos 1 st1 1 fail1 0 t4 0 t4only 0 t2only 0 rtfail 0 [0.1 s]
#   unit {'pos': 2003, 'blk': None}: om1 31 pos 0 st1 0 fail1 0 t4 0 t4only 0 t2only 0 rtfail 0 [0.1 s]
#   unit {'pos': 2002, 'blk': None}: om1 16 pos 0 st1 0 fail1 0 t4 0 t4only 0 t2only 0 rtfail 0 [0.1 s]
#   unit {'pos': 2004, 'blk': None}: om1 52 pos 0 st1 0 fail1 0 t4 0 t4only 0 t2only 0 rtfail 0 [0.1 s]
#   unit {'pos': 2005, 'blk': None}: om1 53 pos 0 st1 0 fail1 0 t4 0 t4only 0 t2only 0 rtfail 0 [0.1 s]
#   unit {'pos': 2006, 'blk': None}: om1 35 pos 0 st1 0 fail1 0 t4 0 t4only 0 t2only 0 rtfail 0 [0.1 s]
#   unit {'pos': 2007, 'blk': None}: om1 27 pos 0 st1 0 fail1 0 t4 0 t4only 0 t2only 0 rtfail 0 [0.1 s]
#   unit {'pos': 2008, 'blk': None}: om1 37 pos 0 st1 0 fail1 0 t4 0 t4only 0 t2only 0 rtfail 0 [0.1 s]
#   unit {'pos': 2009, 'blk': None}: om1 25 pos 0 st1 0 fail1 0 t4 0 t4only 0 t2only 0 rtfail 0 [0.1 s]
#   unit {'pos': 2010, 'blk': None}: om1 19 pos 0 st1 0 fail1 0 t4 0 t4only 0 t2only 0 rtfail 0 [0.1 s]
#   unit {'pos': 2011, 'blk': None}: om1 10 pos 0 st1 0 fail1 0 t4 0 t4only 0 t2only 0 rtfail 0 [0.1 s]
#   unit {'pos': 2012, 'blk': None}: om1 57 pos 0 st1 0 fail1 0 t4 0 t4only 0 t2only 0 rtfail 0 [0.1 s]
#   unit {'pos': 2014, 'blk': None}: om1 45 pos 0 st1 0 fail1 0 t4 0 t4only 0 t2only 0 rtfail 0 [0.1 s]
#   unit {'pos': 2013, 'blk': None}: om1 41 pos 0 st1 0 fail1 0 t4 0 t4only 0 t2only 0 rtfail 0 [0.1 s]
#   unit {'pos': 2016, 'blk': None}: om1 72 pos 0 st1 0 fail1 0 t4 0 t4only 0 t2only 0 rtfail 0 [0.1 s]
#   unit {'pos': 2015, 'blk': None}: om1 71 pos 4 st1 4 fail1 0 t4 4 t4only 0 t2only 0 rtfail 0 [0.1 s]
#   unit {'pos': 2017, 'blk': None}: om1 58 pos 1 st1 1 fail1 0 t4 1 t4only 0 t2only 0 rtfail 0 [0.1 s]
#   unit {'pos': 2018, 'blk': None}: om1 149 pos 0 st1 0 fail1 0 t4 0 t4only 0 t2only 0 rtfail 0 [0.1 s]
#   unit {'pos': 2019, 'blk': None}: om1 71 pos 0 st1 0 fail1 0 t4 0 t4only 0 t2only 0 rtfail 0 [0.1 s]
#   unit {'pos': 2020, 'blk': None}: om1 73 pos 4 st1 4 fail1 0 t4 4 t4only 0 t2only 0 rtfail 0 [0.1 s]
#   unit {'pos': 2021, 'blk': None}: om1 75 pos 1 st1 1 fail1 0 t4 0 t4only 0 t2only 0 rtfail 0 [0.1 s]
#   unit {'pos': 2022, 'blk': None}: om1 40 pos 5 st1 5 fail1 0 t4 5 t4only 0 t2only 0 rtfail 0 [0.1 s]
#   unit {'pos': 2023, 'blk': None}: om1 28 pos 3 st1 3 fail1 0 t4 3 t4only 0 t2only 0 rtfail 0 [0.1 s]
#   unit {'pos': 2024, 'blk': None}: om1 57 pos 2 st1 2 fail1 0 t4 0 t4only 0 t2only 0 rtfail 0 [0.1 s]
#   unit {'pos': 2025, 'blk': None}: om1 28 pos 1 st1 1 fail1 0 t4 1 t4only 0 t2only 0 rtfail 0 [0.1 s]
#   unit {'pos': 2026, 'blk': None}: om1 46 pos 0 st1 0 fail1 0 t4 0 t4only 0 t2only 0 rtfail 0 [0.1 s]
#   unit {'pos': 2027, 'blk': None}: om1 32 pos 0 st1 0 fail1 0 t4 0 t4only 0 t2only 0 rtfail 0 [0.1 s]
#   unit {'pos': 2028, 'blk': None}: om1 29 pos 0 st1 0 fail1 0 t4 0 t4only 0 t2only 0 rtfail 0 [0.1 s]
#   unit {'pos': 2029, 'blk': None}: om1 8 pos 0 st1 0 fail1 0 t4 0 t4only 0 t2only 0 rtfail 0 [0.1 s]
#   unit {'pos': 2030, 'blk': None}: om1 38 pos 0 st1 0 fail1 0 t4 0 t4only 0 t2only 0 rtfail 0 [0.1 s]
#   unit {'pos': 2031, 'blk': None}: om1 43 pos 2 st1 2 fail1 0 t4 0 t4only 0 t2only 0 rtfail 0 [0.1 s]
#   unit {'pos': 2032, 'blk': None}: om1 35 pos 1 st1 1 fail1 0 t4 1 t4only 0 t2only 0 rtfail 0 [0.1 s]
#   unit {'pos': 2033, 'blk': None}: om1 17 pos 0 st1 0 fail1 0 t4 0 t4only 0 t2only 0 rtfail 0 [0.1 s]
#   unit {'pos': 2034, 'blk': None}: om1 23 pos 1 st1 1 fail1 0 t4 1 t4only 0 t2only 0 rtfail 0 [0.1 s]
#   unit {'pos': 2037, 'blk': None}: om1 25 pos 0 st1 0 fail1 0 t4 0 t4only 0 t2only 0 rtfail 0 [0.1 s]
#   unit {'pos': 2035, 'blk': None}: om1 70 pos 3 st1 3 fail1 0 t4 3 t4only 0 t2only 0 rtfail 0 [0.1 s]
#   unit {'pos': 2036, 'blk': None}: om1 26 pos 2 st1 2 fail1 0 t4 2 t4only 0 t2only 0 rtfail 0 [0.1 s]
#   unit {'pos': 2038, 'blk': None}: om1 36 pos 0 st1 0 fail1 0 t4 0 t4only 0 t2only 0 rtfail 0 [0.1 s]
#   unit {'pos': 2039, 'blk': None}: om1 12 pos 0 st1 0 fail1 0 t4 0 t4only 0 t2only 0 rtfail 0 [0.1 s]
#   unit {'pos': 2040, 'blk': None}: om1 18 pos 2 st1 2 fail1 0 t4 2 t4only 0 t2only 0 rtfail 0 [0.1 s]
#   unit {'pos': 2041, 'blk': None}: om1 4 pos 0 st1 0 fail1 0 t4 0 t4only 0 t2only 0 rtfail 0 [0.1 s]
#   unit {'pos': 2042, 'blk': None}: om1 34 pos 0 st1 0 fail1 0 t4 0 t4only 0 t2only 0 rtfail 0 [0.1 s]
#   unit {'pos': 2044, 'blk': None}: om1 24 pos 0 st1 0 fail1 0 t4 0 t4only 0 t2only 0 rtfail 0 [0.1 s]
#   unit {'pos': 2043, 'blk': None}: om1 37 pos 0 st1 0 fail1 0 t4 0 t4only 0 t2only 0 rtfail 0 [0.1 s]
#   unit {'pos': 2045, 'blk': None}: om1 31 pos 0 st1 0 fail1 0 t4 0 t4only 0 t2only 0 rtfail 0 [0.1 s]
#   unit {'pos': 2046, 'blk': None}: om1 0 pos 0 st1 0 fail1 0 t4 0 t4only 0 t2only 0 rtfail 0 [0.1 s]
#   unit {'pos': 2048, 'blk': None}: om1 24 pos 0 st1 0 fail1 0 t4 0 t4only 0 t2only 0 rtfail 0 [0.1 s]
#   unit {'pos': 2047, 'blk': None}: om1 60 pos 4 st1 4 fail1 0 t4 0 t4only 0 t2only 0 rtfail 0 [0.1 s]
#   unit {'pos': 2049, 'blk': None}: om1 29 pos 0 st1 0 fail1 0 t4 0 t4only 0 t2only 0 rtfail 0 [0.1 s]
#   unit {'pos': 2051, 'blk': None}: om1 12 pos 0 st1 0 fail1 0 t4 0 t4only 0 t2only 0 rtfail 0 [0.1 s]
#   unit {'pos': 2050, 'blk': None}: om1 60 pos 7 st1 7 fail1 0 t4 5 t4only 0 t2only 0 rtfail 0 [0.1 s]
#   unit {'pos': 2052, 'blk': None}: om1 16 pos 0 st1 0 fail1 0 t4 0 t4only 0 t2only 0 rtfail 0 [0.1 s]
#   unit {'pos': 2054, 'blk': None}: om1 54 pos 0 st1 0 fail1 0 t4 0 t4only 0 t2only 0 rtfail 0 [0.1 s]
#   unit {'pos': 2053, 'blk': None}: om1 90 pos 0 st1 0 fail1 0 t4 0 t4only 0 t2only 0 rtfail 0 [0.1 s]
#   unit {'pos': 2055, 'blk': None}: om1 44 pos 0 st1 0 fail1 0 t4 0 t4only 0 t2only 0 rtfail 0 [0.1 s]
#   unit {'pos': 2056, 'blk': None}: om1 57 pos 0 st1 0 fail1 0 t4 0 t4only 0 t2only 0 rtfail 0 [0.1 s]
#   unit {'pos': 2057, 'blk': None}: om1 49 pos 0 st1 0 fail1 0 t4 0 t4only 0 t2only 0 rtfail 0 [0.1 s]
#   unit {'pos': 2058, 'blk': None}: om1 40 pos 0 st1 0 fail1 0 t4 0 t4only 0 t2only 0 rtfail 0 [0.1 s]
#   unit {'pos': 2059, 'blk': None}: om1 41 pos 0 st1 0 fail1 0 t4 0 t4only 0 t2only 0 rtfail 0 [0.1 s]
#   unit {'pos': 2061, 'blk': None}: om1 33 pos 0 st1 0 fail1 0 t4 0 t4only 0 t2only 0 rtfail 0 [0.1 s]
#   unit {'pos': 2060, 'blk': None}: om1 16 pos 2 st1 2 fail1 0 t4 2 t4only 0 t2only 0 rtfail 0 [0.1 s]
#   unit {'pos': 2062, 'blk': None}: om1 37 pos 0 st1 0 fail1 0 t4 0 t4only 0 t2only 0 rtfail 0 [0.1 s]
#   unit {'pos': 2063, 'blk': None}: om1 33 pos 0 st1 0 fail1 0 t4 0 t4only 0 t2only 0 rtfail 0 [0.1 s]
#   unit {'pos': 2064, 'blk': None}: om1 34 pos 0 st1 0 fail1 0 t4 0 t4only 0 t2only 0 rtfail 0 [0.1 s]
#   unit {'pos': 2065, 'blk': None}: om1 6 pos 0 st1 0 fail1 0 t4 0 t4only 0 t2only 0 rtfail 0 [0.0 s]
#   unit {'pos': 2066, 'blk': None}: om1 61 pos 0 st1 0 fail1 0 t4 0 t4only 0 t2only 0 rtfail 0 [0.1 s]
#   unit {'pos': 2067, 'blk': None}: om1 60 pos 0 st1 0 fail1 0 t4 0 t4only 0 t2only 0 rtfail 0 [0.1 s]
#   unit {'pos': 2069, 'blk': None}: om1 25 pos 0 st1 0 fail1 0 t4 0 t4only 0 t2only 0 rtfail 0 [0.1 s]
#   unit {'pos': 2068, 'blk': None}: om1 33 pos 0 st1 0 fail1 0 t4 0 t4only 0 t2only 0 rtfail 0 [0.1 s]
#   unit {'pos': 2071, 'blk': None}: om1 26 pos 0 st1 0 fail1 0 t4 0 t4only 0 t2only 0 rtfail 0 [0.1 s]
#   unit {'pos': 2070, 'blk': None}: om1 33 pos 0 st1 0 fail1 0 t4 0 t4only 0 t2only 0 rtfail 0 [0.1 s]
#   unit {'pos': 2072, 'blk': None}: om1 20 pos 0 st1 0 fail1 0 t4 0 t4only 0 t2only 0 rtfail 0 [0.1 s]
#   unit {'pos': 2073, 'blk': None}: om1 2 pos 0 st1 0 fail1 0 t4 0 t4only 0 t2only 0 rtfail 0 [0.1 s]
#   unit {'pos': 2074, 'blk': None}: om1 29 pos 0 st1 0 fail1 0 t4 0 t4only 0 t2only 0 rtfail 0 [0.1 s]
#   unit {'pos': 2075, 'blk': None}: om1 6 pos 0 st1 0 fail1 0 t4 0 t4only 0 t2only 0 rtfail 0 [0.1 s]
#   unit {'pos': 2076, 'blk': None}: om1 54 pos 0 st1 0 fail1 0 t4 0 t4only 0 t2only 0 rtfail 0 [0.1 s]
#   unit {'pos': 2077, 'blk': None}: om1 2 pos 0 st1 0 fail1 0 t4 0 t4only 0 t2only 0 rtfail 0 [0.1 s]
#   unit {'pos': 2078, 'blk': None}: om1 57 pos 0 st1 0 fail1 0 t4 0 t4only 0 t2only 0 rtfail 0 [0.1 s]
#   unit {'pos': 2079, 'blk': None}: om1 22 pos 0 st1 0 fail1 0 t4 0 t4only 0 t2only 0 rtfail 0 [0.1 s]
#   unit {'pos': 2080, 'blk': None}: om1 23 pos 0 st1 0 fail1 0 t4 0 t4only 0 t2only 0 rtfail 0 [0.1 s]
#   unit {'pos': 2081, 'blk': None}: om1 26 pos 0 st1 0 fail1 0 t4 0 t4only 0 t2only 0 rtfail 0 [0.1 s]
#   unit {'pos': 2082, 'blk': None}: om1 26 pos 0 st1 0 fail1 0 t4 0 t4only 0 t2only 0 rtfail 0 [0.1 s]
#   unit {'pos': 2083, 'blk': None}: om1 20 pos 0 st1 0 fail1 0 t4 0 t4only 0 t2only 0 rtfail 0 [0.1 s]
#   unit {'pos': 2084, 'blk': None}: om1 23 pos 0 st1 0 fail1 0 t4 0 t4only 0 t2only 0 rtfail 0 [0.1 s]
#   unit {'pos': 2085, 'blk': None}: om1 11 pos 0 st1 0 fail1 0 t4 0 t4only 0 t2only 0 rtfail 0 [0.1 s]
#   unit {'pos': 2086, 'blk': None}: om1 31 pos 0 st1 0 fail1 0 t4 0 t4only 0 t2only 0 rtfail 0 [0.1 s]
#   unit {'pos': 2087, 'blk': None}: om1 21 pos 0 st1 0 fail1 0 t4 0 t4only 0 t2only 0 rtfail 0 [0.1 s]
#   unit {'pos': 2088, 'blk': None}: om1 14 pos 1 st1 1 fail1 0 t4 0 t4only 0 t2only 0 rtfail 0 [0.1 s]
#   unit {'pos': 2089, 'blk': None}: om1 1 pos 0 st1 0 fail1 0 t4 0 t4only 0 t2only 0 rtfail 0 [0.1 s]
#   unit {'pos': 2091, 'blk': None}: om1 57 pos 1 st1 1 fail1 0 t4 1 t4only 0 t2only 0 rtfail 0 [0.1 s]
#   unit {'pos': 2090, 'blk': None}: om1 73 pos 2 st1 2 fail1 0 t4 0 t4only 0 t2only 0 rtfail 0 [0.1 s]
#   unit {'pos': 2092, 'blk': None}: om1 78 pos 0 st1 0 fail1 0 t4 0 t4only 0 t2only 0 rtfail 0 [0.1 s]
#   unit {'pos': 2093, 'blk': None}: om1 60 pos 0 st1 0 fail1 0 t4 0 t4only 0 t2only 0 rtfail 0 [0.1 s]
#   unit {'pos': 2094, 'blk': None}: om1 81 pos 1 st1 1 fail1 0 t4 1 t4only 0 t2only 0 rtfail 0 [0.1 s]
#   unit {'pos': 2095, 'blk': None}: om1 59 pos 0 st1 0 fail1 0 t4 0 t4only 0 t2only 0 rtfail 0 [0.1 s]
#   unit {'pos': 2096, 'blk': None}: om1 67 pos 0 st1 0 fail1 0 t4 0 t4only 0 t2only 0 rtfail 0 [0.1 s]
#   unit {'pos': 2097, 'blk': None}: om1 68 pos 0 st1 0 fail1 0 t4 0 t4only 0 t2only 0 rtfail 0 [0.1 s]
#   unit {'pos': 2098, 'blk': None}: om1 78 pos 0 st1 0 fail1 0 t4 0 t4only 0 t2only 0 rtfail 0 [0.1 s]
#   unit {'pos': 2099, 'blk': None}: om1 60 pos 0 st1 0 fail1 0 t4 0 t4only 0 t2only 0 rtfail 0 [0.1 s]
#   unit {'pos': 2100, 'blk': None}: om1 76 pos 0 st1 0 fail1 0 t4 0 t4only 0 t2only 0 rtfail 0 [0.1 s]
#   unit {'pos': 2101, 'blk': None}: om1 36 pos 0 st1 0 fail1 0 t4 0 t4only 0 t2only 0 rtfail 0 [0.1 s]
#   unit {'pos': 2102, 'blk': None}: om1 33 pos 0 st1 0 fail1 0 t4 0 t4only 0 t2only 0 rtfail 0 [0.1 s]
#   unit {'pos': 2104, 'blk': None}: om1 37 pos 0 st1 0 fail1 0 t4 0 t4only 0 t2only 0 rtfail 0 [0.1 s]
#   unit {'pos': 2103, 'blk': None}: om1 24 pos 0 st1 0 fail1 0 t4 0 t4only 0 t2only 0 rtfail 0 [0.1 s]
#   unit {'pos': 2105, 'blk': None}: om1 42 pos 0 st1 0 fail1 0 t4 0 t4only 0 t2only 0 rtfail 0 [0.1 s]
#   unit {'pos': 2107, 'blk': None}: om1 20 pos 0 st1 0 fail1 0 t4 0 t4only 0 t2only 0 rtfail 0 [0.1 s]
#   unit {'pos': 2106, 'blk': None}: om1 8 pos 0 st1 0 fail1 0 t4 0 t4only 0 t2only 0 rtfail 0 [0.1 s]
#   unit {'pos': 2108, 'blk': None}: om1 42 pos 0 st1 0 fail1 0 t4 0 t4only 0 t2only 0 rtfail 0 [0.1 s]
#   unit {'pos': 2109, 'blk': None}: om1 45 pos 0 st1 0 fail1 0 t4 0 t4only 0 t2only 0 rtfail 0 [0.1 s]
#   unit {'pos': 2111, 'blk': None}: om1 43 pos 0 st1 0 fail1 0 t4 0 t4only 0 t2only 0 rtfail 0 [0.1 s]
#   unit {'pos': 2110, 'blk': None}: om1 35 pos 0 st1 0 fail1 0 t4 0 t4only 0 t2only 0 rtfail 0 [0.1 s]
#   unit {'pos': 2112, 'blk': None}: om1 36 pos 0 st1 0 fail1 0 t4 0 t4only 0 t2only 0 rtfail 0 [0.1 s]
#   unit {'pos': 2115, 'blk': None}: om1 29 pos 0 st1 0 fail1 0 t4 0 t4only 0 t2only 0 rtfail 0 [0.1 s]
#   unit {'pos': 2114, 'blk': None}: om1 39 pos 0 st1 0 fail1 0 t4 0 t4only 0 t2only 0 rtfail 0 [0.1 s]
#   unit {'pos': 2113, 'blk': None}: om1 36 pos 0 st1 0 fail1 0 t4 0 t4only 0 t2only 0 rtfail 0 [0.1 s]
#   unit {'pos': 2116, 'blk': None}: om1 51 pos 0 st1 0 fail1 0 t4 0 t4only 0 t2only 0 rtfail 0 [0.1 s]
#   unit {'pos': 2118, 'blk': None}: om1 73 pos 1 st1 1 fail1 0 t4 1 t4only 0 t2only 0 rtfail 0 [0.1 s]
#   unit {'pos': 2117, 'blk': None}: om1 55 pos 0 st1 0 fail1 0 t4 0 t4only 0 t2only 0 rtfail 0 [0.1 s]
#   unit {'pos': 2119, 'blk': None}: om1 38 pos 0 st1 0 fail1 0 t4 0 t4only 0 t2only 0 rtfail 0 [0.1 s]
#   unit {'pos': 2120, 'blk': None}: om1 29 pos 0 st1 0 fail1 0 t4 0 t4only 0 t2only 0 rtfail 0 [0.1 s]
#   unit {'pos': 2121, 'blk': None}: om1 31 pos 0 st1 0 fail1 0 t4 0 t4only 0 t2only 0 rtfail 0 [0.1 s]
#   unit {'pos': 2123, 'blk': None}: om1 4 pos 0 st1 0 fail1 0 t4 0 t4only 0 t2only 0 rtfail 0 [0.1 s]
#   unit {'pos': 2122, 'blk': None}: om1 13 pos 0 st1 0 fail1 0 t4 0 t4only 0 t2only 0 rtfail 0 [0.1 s]
#   unit {'pos': 2124, 'blk': None}: om1 14 pos 0 st1 0 fail1 0 t4 0 t4only 0 t2only 0 rtfail 0 [0.1 s]
#   unit {'pos': 2125, 'blk': None}: om1 11 pos 0 st1 0 fail1 0 t4 0 t4only 0 t2only 0 rtfail 0 [0.1 s]
#   unit {'pos': 2127, 'blk': None}: om1 33 pos 0 st1 0 fail1 0 t4 0 t4only 0 t2only 0 rtfail 0 [0.1 s]
#   unit {'pos': 2126, 'blk': None}: om1 20 pos 0 st1 0 fail1 0 t4 0 t4only 0 t2only 0 rtfail 0 [0.1 s]
#   unit {'pos': 2129, 'blk': None}: om1 34 pos 0 st1 0 fail1 0 t4 0 t4only 0 t2only 0 rtfail 0 [0.1 s]
#   unit {'pos': 2128, 'blk': None}: om1 47 pos 1 st1 1 fail1 0 t4 1 t4only 0 t2only 0 rtfail 0 [0.1 s]
#   unit {'pos': 2130, 'blk': None}: om1 44 pos 0 st1 0 fail1 0 t4 0 t4only 0 t2only 0 rtfail 0 [0.1 s]
#   unit {'pos': 2131, 'blk': None}: om1 19 pos 0 st1 0 fail1 0 t4 0 t4only 0 t2only 0 rtfail 0 [0.1 s]
#   unit {'pos': 2132, 'blk': None}: om1 33 pos 0 st1 0 fail1 0 t4 0 t4only 0 t2only 0 rtfail 0 [0.1 s]
#   unit {'pos': 2133, 'blk': None}: om1 8 pos 0 st1 0 fail1 0 t4 0 t4only 0 t2only 0 rtfail 0 [0.1 s]
#   unit {'pos': 2134, 'blk': None}: om1 46 pos 1 st1 1 fail1 0 t4 1 t4only 0 t2only 0 rtfail 0 [0.1 s]
#   unit {'pos': 2135, 'blk': None}: om1 24 pos 0 st1 0 fail1 0 t4 0 t4only 0 t2only 0 rtfail 0 [0.1 s]
#   unit {'pos': 2136, 'blk': None}: om1 39 pos 0 st1 0 fail1 0 t4 0 t4only 0 t2only 0 rtfail 0 [0.1 s]
#   unit {'pos': 2137, 'blk': None}: om1 37 pos 1 st1 1 fail1 0 t4 0 t4only 0 t2only 0 rtfail 0 [0.1 s]
#   unit {'pos': 2138, 'blk': None}: om1 27 pos 0 st1 0 fail1 0 t4 0 t4only 0 t2only 0 rtfail 0 [0.1 s]
#   unit {'pos': 2139, 'blk': None}: om1 42 pos 0 st1 0 fail1 0 t4 0 t4only 0 t2only 0 rtfail 0 [0.1 s]
#   unit {'pos': 2140, 'blk': None}: om1 37 pos 0 st1 0 fail1 0 t4 0 t4only 0 t2only 0 rtfail 0 [0.1 s]
#   unit {'pos': 2142, 'blk': None}: om1 1 pos 0 st1 0 fail1 0 t4 0 t4only 0 t2only 0 rtfail 0 [0.1 s]
#   unit {'pos': 2141, 'blk': None}: om1 30 pos 0 st1 0 fail1 0 t4 0 t4only 0 t2only 0 rtfail 0 [0.1 s]
#   unit {'pos': 2144, 'blk': None}: om1 7 pos 0 st1 0 fail1 0 t4 0 t4only 0 t2only 0 rtfail 0 [0.1 s]
#   unit {'pos': 2145, 'blk': None}: om1 13 pos 0 st1 0 fail1 0 t4 0 t4only 0 t2only 0 rtfail 0 [0.1 s]
#   unit {'pos': 2143, 'blk': None}: om1 10 pos 0 st1 0 fail1 0 t4 0 t4only 0 t2only 0 rtfail 0 [0.1 s]
#   unit {'pos': 2146, 'blk': None}: om1 19 pos 0 st1 0 fail1 0 t4 0 t4only 0 t2only 0 rtfail 0 [0.1 s]
#   unit {'pos': 2147, 'blk': None}: om1 48 pos 0 st1 0 fail1 0 t4 0 t4only 0 t2only 0 rtfail 0 [0.1 s]
#   unit {'pos': 2148, 'blk': None}: om1 37 pos 0 st1 0 fail1 0 t4 0 t4only 0 t2only 0 rtfail 0 [0.1 s]
#   unit {'pos': 2149, 'blk': None}: om1 40 pos 3 st1 3 fail1 0 t4 3 t4only 0 t2only 0 rtfail 0 [0.1 s]
#   unit {'pos': 2150, 'blk': None}: om1 55 pos 1 st1 1 fail1 0 t4 1 t4only 0 t2only 0 rtfail 0 [0.1 s]
#   unit {'pos': 2151, 'blk': None}: om1 32 pos 0 st1 0 fail1 0 t4 0 t4only 0 t2only 0 rtfail 0 [0.1 s]
#   unit {'pos': 2152, 'blk': None}: om1 10 pos 0 st1 0 fail1 0 t4 0 t4only 0 t2only 0 rtfail 0 [0.1 s]
#   unit {'pos': 2153, 'blk': None}: om1 29 pos 0 st1 0 fail1 0 t4 0 t4only 0 t2only 0 rtfail 0 [0.1 s]
#   unit {'pos': 2154, 'blk': None}: om1 24 pos 0 st1 0 fail1 0 t4 0 t4only 0 t2only 0 rtfail 0 [0.1 s]
#   unit {'pos': 2155, 'blk': None}: om1 5 pos 0 st1 0 fail1 0 t4 0 t4only 0 t2only 0 rtfail 0 [0.1 s]
#   unit {'pos': 2156, 'blk': None}: om1 1 pos 0 st1 0 fail1 0 t4 0 t4only 0 t2only 0 rtfail 0 [0.1 s]
#   unit {'pos': 2157, 'blk': None}: om1 27 pos 0 st1 0 fail1 0 t4 0 t4only 0 t2only 0 rtfail 0 [0.1 s]
#   unit {'pos': 2158, 'blk': None}: om1 5 pos 0 st1 0 fail1 0 t4 0 t4only 0 t2only 0 rtfail 0 [0.1 s]
#   unit {'pos': 2159, 'blk': None}: om1 56 pos 0 st1 0 fail1 0 t4 0 t4only 0 t2only 0 rtfail 0 [0.1 s]
#   unit {'pos': 2160, 'blk': None}: om1 18 pos 0 st1 0 fail1 0 t4 0 t4only 0 t2only 0 rtfail 0 [0.1 s]
#   unit {'pos': 2161, 'blk': None}: om1 31 pos 1 st1 1 fail1 0 t4 0 t4only 0 t2only 0 rtfail 0 [0.1 s]
#   unit {'pos': 2163, 'blk': None}: om1 42 pos 2 st1 2 fail1 0 t4 2 t4only 0 t2only 0 rtfail 0 [0.1 s]
#   unit {'pos': 2164, 'blk': None}: om1 31 pos 0 st1 0 fail1 0 t4 0 t4only 0 t2only 0 rtfail 0 [0.1 s]
#   unit {'pos': 2166, 'blk': None}: om1 7 pos 0 st1 0 fail1 0 t4 0 t4only 0 t2only 0 rtfail 0 [0.1 s]
#   unit {'pos': 2165, 'blk': None}: om1 8 pos 1 st1 1 fail1 0 t4 1 t4only 0 t2only 0 rtfail 0 [0.1 s]
#   unit {'pos': 2167, 'blk': None}: om1 16 pos 0 st1 0 fail1 0 t4 0 t4only 0 t2only 0 rtfail 0 [0.1 s]
#   unit {'pos': 2162, 'blk': None}: om1 29 pos 0 st1 0 fail1 0 t4 0 t4only 0 t2only 0 rtfail 0 [0.2 s]
#   unit {'pos': 2168, 'blk': None}: om1 34 pos 1 st1 1 fail1 0 t4 0 t4only 0 t2only 0 rtfail 0 [0.1 s]
#   unit {'pos': 2170, 'blk': None}: om1 1 pos 0 st1 0 fail1 0 t4 0 t4only 0 t2only 0 rtfail 0 [0.1 s]
#   unit {'pos': 2171, 'blk': None}: om1 7 pos 0 st1 0 fail1 0 t4 0 t4only 0 t2only 0 rtfail 0 [0.1 s]
#   unit {'pos': 2169, 'blk': None}: om1 2 pos 0 st1 0 fail1 0 t4 0 t4only 0 t2only 0 rtfail 0 [0.1 s]
#   unit {'pos': 2173, 'blk': None}: om1 12 pos 0 st1 0 fail1 0 t4 0 t4only 0 t2only 0 rtfail 0 [0.1 s]
#   unit {'pos': 2172, 'blk': None}: om1 42 pos 5 st1 5 fail1 0 t4 5 t4only 0 t2only 0 rtfail 0 [0.1 s]
#   unit {'pos': 2175, 'blk': None}: om1 43 pos 0 st1 0 fail1 0 t4 0 t4only 0 t2only 0 rtfail 0 [0.1 s]
#   unit {'pos': 2174, 'blk': None}: om1 73 pos 0 st1 0 fail1 0 t4 0 t4only 0 t2only 0 rtfail 0 [0.1 s]
#   unit {'pos': 2176, 'blk': None}: om1 65 pos 0 st1 0 fail1 0 t4 0 t4only 0 t2only 0 rtfail 0 [0.1 s]
#   unit {'pos': 2177, 'blk': None}: om1 86 pos 6 st1 6 fail1 0 t4 6 t4only 0 t2only 0 rtfail 0 [0.1 s]
#   unit {'pos': 2179, 'blk': None}: om1 72 pos 0 st1 0 fail1 0 t4 0 t4only 0 t2only 0 rtfail 0 [0.1 s]
#   unit {'pos': 2178, 'blk': None}: om1 57 pos 0 st1 0 fail1 0 t4 0 t4only 0 t2only 0 rtfail 0 [0.1 s]
#   unit {'pos': 2181, 'blk': None}: om1 44 pos 0 st1 0 fail1 0 t4 0 t4only 0 t2only 0 rtfail 0 [0.1 s]
#   unit {'pos': 2180, 'blk': None}: om1 47 pos 0 st1 0 fail1 0 t4 0 t4only 0 t2only 0 rtfail 0 [0.1 s]
#   unit {'pos': 2182, 'blk': None}: om1 22 pos 0 st1 0 fail1 0 t4 0 t4only 0 t2only 0 rtfail 0 [0.1 s]
#   unit {'pos': 2183, 'blk': None}: om1 20 pos 0 st1 0 fail1 0 t4 0 t4only 0 t2only 0 rtfail 0 [0.1 s]
#   unit {'pos': 2184, 'blk': None}: om1 11 pos 0 st1 0 fail1 0 t4 0 t4only 0 t2only 0 rtfail 0 [0.1 s]
#   unit {'pos': 2185, 'blk': None}: om1 3 pos 0 st1 0 fail1 0 t4 0 t4only 0 t2only 0 rtfail 0 [0.1 s]
#   unit {'pos': 2186, 'blk': None}: om1 4 pos 0 st1 0 fail1 0 t4 0 t4only 0 t2only 0 rtfail 0 [0.1 s]
#   unit {'pos': 2187, 'blk': None}: om1 72 pos 1 st1 1 fail1 0 t4 0 t4only 0 t2only 0 rtfail 0 [0.1 s]
#   unit {'pos': 2188, 'blk': None}: om1 56 pos 4 st1 4 fail1 0 t4 4 t4only 0 t2only 0 rtfail 0 [0.1 s]
#   unit {'pos': 2189, 'blk': None}: om1 35 pos 0 st1 0 fail1 0 t4 0 t4only 0 t2only 0 rtfail 0 [0.1 s]
#   unit {'pos': 2190, 'blk': None}: om1 33 pos 0 st1 0 fail1 0 t4 0 t4only 0 t2only 0 rtfail 0 [0.1 s]
#   unit {'pos': 2191, 'blk': None}: om1 33 pos 0 st1 0 fail1 0 t4 0 t4only 0 t2only 0 rtfail 0 [0.1 s]
#   unit {'pos': 2192, 'blk': None}: om1 12 pos 0 st1 0 fail1 0 t4 0 t4only 0 t2only 0 rtfail 0 [0.1 s]
#   unit {'pos': 2193, 'blk': None}: om1 7 pos 0 st1 0 fail1 0 t4 0 t4only 0 t2only 0 rtfail 0 [0.1 s]
#   unit {'pos': 2194, 'blk': None}: om1 36 pos 0 st1 0 fail1 0 t4 0 t4only 0 t2only 0 rtfail 0 [0.1 s]
#   unit {'pos': 2195, 'blk': None}: om1 8 pos 0 st1 0 fail1 0 t4 0 t4only 0 t2only 0 rtfail 0 [0.1 s]
#   unit {'pos': 2196, 'blk': None}: om1 25 pos 0 st1 0 fail1 0 t4 0 t4only 0 t2only 0 rtfail 0 [0.1 s]
#   unit {'pos': 2197, 'blk': None}: om1 41 pos 0 st1 0 fail1 0 t4 0 t4only 0 t2only 0 rtfail 0 [0.1 s]
#   unit {'pos': 2198, 'blk': None}: om1 25 pos 0 st1 0 fail1 0 t4 0 t4only 0 t2only 0 rtfail 0 [0.1 s]
#   unit {'pos': 2199, 'blk': None}: om1 19 pos 0 st1 0 fail1 0 t4 0 t4only 0 t2only 0 rtfail 0 [0.1 s]
#   unit {'pos': 2200, 'blk': None}: om1 5 pos 0 st1 0 fail1 0 t4 0 t4only 0 t2only 0 rtfail 0 [0.1 s]
#   unit {'pos': 2201, 'blk': None}: om1 9 pos 2 st1 2 fail1 0 t4 0 t4only 0 t2only 0 rtfail 0 [0.1 s]
#   unit {'pos': 2202, 'blk': None}: om1 118 pos 0 st1 0 fail1 0 t4 0 t4only 0 t2only 0 rtfail 0 [0.1 s]
#   unit {'pos': 2203, 'blk': None}: om1 98 pos 0 st1 0 fail1 0 t4 0 t4only 0 t2only 0 rtfail 0 [0.1 s]
#   unit {'pos': 2204, 'blk': None}: om1 65 pos 0 st1 0 fail1 0 t4 0 t4only 0 t2only 0 rtfail 0 [0.1 s]
#   unit {'pos': 2205, 'blk': None}: om1 76 pos 1 st1 1 fail1 0 t4 0 t4only 0 t2only 0 rtfail 0 [0.1 s]
#   unit {'pos': 2206, 'blk': None}: om1 53 pos 0 st1 0 fail1 0 t4 0 t4only 0 t2only 0 rtfail 0 [0.1 s]
#   unit {'pos': 2207, 'blk': None}: om1 51 pos 2 st1 2 fail1 0 t4 1 t4only 0 t2only 0 rtfail 0 [0.1 s]
#   unit {'pos': 2208, 'blk': None}: om1 54 pos 0 st1 0 fail1 0 t4 0 t4only 0 t2only 0 rtfail 0 [0.1 s]
#   unit {'pos': 2209, 'blk': None}: om1 62 pos 2 st1 2 fail1 0 t4 1 t4only 0 t2only 0 rtfail 0 [0.1 s]
#   unit {'pos': 2210, 'blk': None}: om1 54 pos 1 st1 1 fail1 0 t4 0 t4only 0 t2only 0 rtfail 0 [0.1 s]
#   unit {'pos': 2212, 'blk': None}: om1 56 pos 2 st1 2 fail1 0 t4 2 t4only 0 t2only 0 rtfail 0 [0.1 s]
#   unit {'pos': 2213, 'blk': None}: om1 55 pos 1 st1 1 fail1 0 t4 0 t4only 0 t2only 0 rtfail 0 [0.1 s]
#   unit {'pos': 2211, 'blk': None}: om1 38 pos 0 st1 0 fail1 0 t4 0 t4only 0 t2only 0 rtfail 0 [0.1 s]
#   unit {'pos': 2214, 'blk': None}: om1 7 pos 0 st1 0 fail1 0 t4 0 t4only 0 t2only 0 rtfail 0 [0.1 s]
#   unit {'pos': 2215, 'blk': None}: om1 4 pos 0 st1 0 fail1 0 t4 0 t4only 0 t2only 0 rtfail 0 [0.1 s]
#   unit {'pos': 2216, 'blk': None}: om1 35 pos 0 st1 0 fail1 0 t4 0 t4only 0 t2only 0 rtfail 0 [0.1 s]
#   unit {'pos': 2217, 'blk': None}: om1 98 pos 0 st1 0 fail1 0 t4 0 t4only 0 t2only 0 rtfail 0 [0.1 s]
#   unit {'pos': 2219, 'blk': None}: om1 57 pos 0 st1 0 fail1 0 t4 0 t4only 0 t2only 0 rtfail 0 [0.1 s]
#   unit {'pos': 2218, 'blk': None}: om1 51 pos 0 st1 0 fail1 0 t4 0 t4only 0 t2only 0 rtfail 0 [0.1 s]
#   unit {'pos': 2220, 'blk': None}: om1 4 pos 0 st1 0 fail1 0 t4 0 t4only 0 t2only 0 rtfail 0 [0.1 s]
#   unit {'pos': 2221, 'blk': None}: om1 0 pos 0 st1 0 fail1 0 t4 0 t4only 0 t2only 0 rtfail 0 [0.1 s]
#   unit {'pos': 2222, 'blk': None}: om1 61 pos 0 st1 0 fail1 0 t4 0 t4only 0 t2only 0 rtfail 0 [0.1 s]
#   unit {'pos': 2223, 'blk': None}: om1 22 pos 0 st1 0 fail1 0 t4 0 t4only 0 t2only 0 rtfail 0 [0.1 s]
#   unit {'pos': 2224, 'blk': None}: om1 53 pos 0 st1 0 fail1 0 t4 0 t4only 0 t2only 0 rtfail 0 [0.1 s]
#   unit {'pos': 2225, 'blk': None}: om1 47 pos 1 st1 1 fail1 0 t4 1 t4only 0 t2only 0 rtfail 0 [0.1 s]
#   unit {'pos': 2226, 'blk': None}: om1 67 pos 0 st1 0 fail1 0 t4 0 t4only 0 t2only 0 rtfail 0 [0.1 s]
#   unit {'pos': 2227, 'blk': None}: om1 68 pos 0 st1 0 fail1 0 t4 0 t4only 0 t2only 0 rtfail 0 [0.1 s]
#   unit {'pos': 2228, 'blk': None}: om1 50 pos 0 st1 0 fail1 0 t4 0 t4only 0 t2only 0 rtfail 0 [0.1 s]
#   unit {'pos': 2230, 'blk': None}: om1 36 pos 0 st1 0 fail1 0 t4 0 t4only 0 t2only 0 rtfail 0 [0.1 s]
#   unit {'pos': 2229, 'blk': None}: om1 40 pos 0 st1 0 fail1 0 t4 0 t4only 0 t2only 0 rtfail 0 [0.1 s]
#   unit {'pos': 2231, 'blk': None}: om1 36 pos 0 st1 0 fail1 0 t4 0 t4only 0 t2only 0 rtfail 0 [0.1 s]
#   unit {'pos': 2232, 'blk': None}: om1 39 pos 1 st1 1 fail1 0 t4 1 t4only 0 t2only 0 rtfail 0 [0.1 s]
#   unit {'pos': 2233, 'blk': None}: om1 40 pos 1 st1 1 fail1 0 t4 1 t4only 0 t2only 0 rtfail 0 [0.1 s]
#   unit {'pos': 2234, 'blk': None}: om1 44 pos 0 st1 0 fail1 0 t4 0 t4only 0 t2only 0 rtfail 0 [0.1 s]
#   unit {'pos': 2235, 'blk': None}: om1 38 pos 1 st1 1 fail1 0 t4 0 t4only 0 t2only 0 rtfail 0 [0.1 s]
#   unit {'pos': 2236, 'blk': None}: om1 36 pos 0 st1 0 fail1 0 t4 0 t4only 0 t2only 0 rtfail 0 [0.1 s]
#   unit {'pos': 2237, 'blk': None}: om1 29 pos 0 st1 0 fail1 0 t4 0 t4only 0 t2only 0 rtfail 0 [0.1 s]
#   unit {'pos': 2238, 'blk': None}: om1 20 pos 0 st1 0 fail1 0 t4 0 t4only 0 t2only 0 rtfail 0 [0.1 s]
#   unit {'pos': 2239, 'blk': None}: om1 19 pos 0 st1 0 fail1 0 t4 0 t4only 0 t2only 0 rtfail 0 [0.1 s]
#   unit {'pos': 2240, 'blk': None}: om1 35 pos 0 st1 0 fail1 0 t4 0 t4only 0 t2only 0 rtfail 0 [0.1 s]
#   unit {'pos': 2241, 'blk': None}: om1 10 pos 0 st1 0 fail1 0 t4 0 t4only 0 t2only 0 rtfail 0 [0.1 s]
#   unit {'pos': 2242, 'blk': None}: om1 16 pos 0 st1 0 fail1 0 t4 0 t4only 0 t2only 0 rtfail 0 [0.1 s]
#   unit {'pos': 2243, 'blk': None}: om1 4 pos 0 st1 0 fail1 0 t4 0 t4only 0 t2only 0 rtfail 0 [0.1 s]
#   unit {'pos': 2244, 'blk': None}: om1 72 pos 1 st1 1 fail1 0 t4 1 t4only 0 t2only 0 rtfail 0 [0.1 s]
#   unit {'pos': 2246, 'blk': None}: om1 42 pos 0 st1 0 fail1 0 t4 0 t4only 0 t2only 0 rtfail 0 [0.1 s]
#   unit {'pos': 2245, 'blk': None}: om1 28 pos 0 st1 0 fail1 0 t4 0 t4only 0 t2only 0 rtfail 0 [0.1 s]
#   unit {'pos': 2247, 'blk': None}: om1 53 pos 0 st1 0 fail1 0 t4 0 t4only 0 t2only 0 rtfail 0 [0.1 s]
#   unit {'pos': 2248, 'blk': None}: om1 25 pos 0 st1 0 fail1 0 t4 0 t4only 0 t2only 0 rtfail 0 [0.1 s]
#   unit {'pos': 2250, 'blk': None}: om1 38 pos 0 st1 0 fail1 0 t4 0 t4only 0 t2only 0 rtfail 0 [0.1 s]
#   unit {'pos': 2249, 'blk': None}: om1 22 pos 0 st1 0 fail1 0 t4 0 t4only 0 t2only 0 rtfail 0 [0.1 s]
#   unit {'pos': 2251, 'blk': None}: om1 54 pos 0 st1 0 fail1 0 t4 0 t4only 0 t2only 0 rtfail 0 [0.1 s]
#   unit {'pos': 2252, 'blk': None}: om1 30 pos 0 st1 0 fail1 0 t4 0 t4only 0 t2only 0 rtfail 0 [0.1 s]
#   unit {'pos': 2253, 'blk': None}: om1 26 pos 0 st1 0 fail1 0 t4 0 t4only 0 t2only 0 rtfail 0 [0.1 s]
#   unit {'pos': 2254, 'blk': None}: om1 10 pos 0 st1 0 fail1 0 t4 0 t4only 0 t2only 0 rtfail 0 [0.1 s]
#   unit {'pos': 2255, 'blk': None}: om1 23 pos 0 st1 0 fail1 0 t4 0 t4only 0 t2only 0 rtfail 0 [0.1 s]
#   unit {'pos': 2256, 'blk': None}: om1 53 pos 0 st1 0 fail1 0 t4 0 t4only 0 t2only 0 rtfail 0 [0.1 s]
#   unit {'pos': 2257, 'blk': None}: om1 50 pos 0 st1 0 fail1 0 t4 0 t4only 0 t2only 0 rtfail 0 [0.1 s]
#   unit {'pos': 2258, 'blk': None}: om1 11 pos 0 st1 0 fail1 0 t4 0 t4only 0 t2only 0 rtfail 0 [0.1 s]
#   unit {'pos': 2259, 'blk': None}: om1 34 pos 0 st1 0 fail1 0 t4 0 t4only 0 t2only 0 rtfail 0 [0.1 s]
#   unit {'pos': 2260, 'blk': None}: om1 53 pos 0 st1 0 fail1 0 t4 0 t4only 0 t2only 0 rtfail 0 [0.1 s]
#   unit {'pos': 2261, 'blk': None}: om1 33 pos 0 st1 0 fail1 0 t4 0 t4only 0 t2only 0 rtfail 0 [0.1 s]
#   unit {'pos': 2262, 'blk': None}: om1 28 pos 0 st1 0 fail1 0 t4 0 t4only 0 t2only 0 rtfail 0 [0.1 s]
#   unit {'pos': 2263, 'blk': None}: om1 14 pos 0 st1 0 fail1 0 t4 0 t4only 0 t2only 0 rtfail 0 [0.1 s]
#   unit {'pos': 2266, 'blk': None}: om1 35 pos 0 st1 0 fail1 0 t4 0 t4only 0 t2only 0 rtfail 0 [0.1 s]
#   unit {'pos': 2264, 'blk': None}: om1 5 pos 0 st1 0 fail1 0 t4 0 t4only 0 t2only 0 rtfail 0 [0.1 s]
#   unit {'pos': 2265, 'blk': None}: om1 28 pos 0 st1 0 fail1 0 t4 0 t4only 0 t2only 0 rtfail 0 [0.1 s]
#   unit {'pos': 2267, 'blk': None}: om1 16 pos 0 st1 0 fail1 0 t4 0 t4only 0 t2only 0 rtfail 0 [0.1 s]
#   unit {'pos': 2269, 'blk': None}: om1 1 pos 0 st1 0 fail1 0 t4 0 t4only 0 t2only 0 rtfail 0 [0.1 s]
#   unit {'pos': 2268, 'blk': None}: om1 40 pos 0 st1 0 fail1 0 t4 0 t4only 0 t2only 0 rtfail 0 [0.1 s]
#   unit {'pos': 2270, 'blk': None}: om1 33 pos 0 st1 0 fail1 0 t4 0 t4only 0 t2only 0 rtfail 0 [0.1 s]
#   unit {'pos': 2271, 'blk': None}: om1 20 pos 0 st1 0 fail1 0 t4 0 t4only 0 t2only 0 rtfail 0 [0.1 s]
#   unit {'pos': 2272, 'blk': None}: om1 38 pos 0 st1 0 fail1 0 t4 0 t4only 0 t2only 0 rtfail 0 [0.1 s]
#   unit {'pos': 2274, 'blk': None}: om1 18 pos 0 st1 0 fail1 0 t4 0 t4only 0 t2only 0 rtfail 0 [0.1 s]
#   unit {'pos': 2273, 'blk': None}: om1 31 pos 0 st1 0 fail1 0 t4 0 t4only 0 t2only 0 rtfail 0 [0.1 s]
#   unit {'pos': 2276, 'blk': None}: om1 47 pos 0 st1 0 fail1 0 t4 0 t4only 0 t2only 0 rtfail 0 [0.1 s]
#   unit {'pos': 2275, 'blk': None}: om1 14 pos 0 st1 0 fail1 0 t4 0 t4only 0 t2only 0 rtfail 0 [0.1 s]
#   unit {'pos': 2278, 'blk': None}: om1 10 pos 0 st1 0 fail1 0 t4 0 t4only 0 t2only 0 rtfail 0 [0.1 s]
#   unit {'pos': 2277, 'blk': None}: om1 51 pos 1 st1 1 fail1 0 t4 1 t4only 0 t2only 0 rtfail 0 [0.1 s]
#   unit {'pos': 2280, 'blk': None}: om1 7 pos 0 st1 0 fail1 0 t4 0 t4only 0 t2only 0 rtfail 0 [0.1 s]
#   unit {'pos': 2282, 'blk': None}: om1 42 pos 0 st1 0 fail1 0 t4 0 t4only 0 t2only 0 rtfail 0 [0.1 s]
#   unit {'pos': 2281, 'blk': None}: om1 50 pos 0 st1 0 fail1 0 t4 0 t4only 0 t2only 0 rtfail 0 [0.1 s]
#   unit {'pos': 2279, 'blk': None}: om1 18 pos 0 st1 0 fail1 0 t4 0 t4only 0 t2only 0 rtfail 0 [0.1 s]
#   unit {'pos': 2283, 'blk': None}: om1 57 pos 0 st1 0 fail1 0 t4 0 t4only 0 t2only 0 rtfail 0 [0.1 s]
#   unit {'pos': 2285, 'blk': None}: om1 47 pos 0 st1 0 fail1 0 t4 0 t4only 0 t2only 0 rtfail 0 [0.1 s]
#   unit {'pos': 2284, 'blk': None}: om1 41 pos 0 st1 0 fail1 0 t4 0 t4only 0 t2only 0 rtfail 0 [0.1 s]
#   unit {'pos': 2286, 'blk': None}: om1 48 pos 0 st1 0 fail1 0 t4 0 t4only 0 t2only 0 rtfail 0 [0.1 s]
#   unit {'pos': 2287, 'blk': None}: om1 48 pos 0 st1 0 fail1 0 t4 0 t4only 0 t2only 0 rtfail 0 [0.1 s]
#   unit {'pos': 2288, 'blk': None}: om1 63 pos 0 st1 0 fail1 0 t4 0 t4only 0 t2only 0 rtfail 0 [0.1 s]
#   unit {'pos': 2289, 'blk': None}: om1 36 pos 0 st1 0 fail1 0 t4 0 t4only 0 t2only 0 rtfail 0 [0.1 s]
#   unit {'pos': 2290, 'blk': None}: om1 50 pos 0 st1 0 fail1 0 t4 0 t4only 0 t2only 0 rtfail 0 [0.1 s]
#   unit {'pos': 2291, 'blk': None}: om1 48 pos 0 st1 0 fail1 0 t4 0 t4only 0 t2only 0 rtfail 0 [0.1 s]
#   unit {'pos': 2292, 'blk': None}: om1 31 pos 0 st1 0 fail1 0 t4 0 t4only 0 t2only 0 rtfail 0 [0.1 s]
#   unit {'pos': 2293, 'blk': None}: om1 51 pos 0 st1 0 fail1 0 t4 0 t4only 0 t2only 0 rtfail 0 [0.1 s]
#   unit {'pos': 2294, 'blk': None}: om1 53 pos 0 st1 0 fail1 0 t4 0 t4only 0 t2only 0 rtfail 0 [0.1 s]
#   unit {'pos': 2295, 'blk': None}: om1 10 pos 0 st1 0 fail1 0 t4 0 t4only 0 t2only 0 rtfail 0 [0.1 s]
#   unit {'pos': 2296, 'blk': None}: om1 5 pos 0 st1 0 fail1 0 t4 0 t4only 0 t2only 0 rtfail 0 [0.1 s]
#   unit {'pos': 2297, 'blk': None}: om1 53 pos 0 st1 0 fail1 0 t4 0 t4only 0 t2only 0 rtfail 0 [0.1 s]
#   unit {'pos': 2298, 'blk': None}: om1 52 pos 0 st1 0 fail1 0 t4 0 t4only 0 t2only 0 rtfail 0 [0.1 s]
#   unit {'pos': 2299, 'blk': None}: om1 21 pos 0 st1 0 fail1 0 t4 0 t4only 0 t2only 0 rtfail 0 [0.1 s]
#   unit {'pos': 2300, 'blk': None}: om1 38 pos 0 st1 0 fail1 0 t4 0 t4only 0 t2only 0 rtfail 0 [0.1 s]
#   unit {'pos': 2301, 'blk': None}: om1 56 pos 1 st1 1 fail1 0 t4 1 t4only 0 t2only 0 rtfail 0 [0.1 s]
#   unit {'pos': 2302, 'blk': None}: om1 1 pos 0 st1 0 fail1 0 t4 0 t4only 0 t2only 0 rtfail 0 [0.1 s]
#   unit {'pos': 2303, 'blk': None}: om1 33 pos 0 st1 0 fail1 0 t4 0 t4only 0 t2only 0 rtfail 0 [0.1 s]
#   unit {'pos': 2304, 'blk': None}: om1 36 pos 0 st1 0 fail1 0 t4 0 t4only 0 t2only 0 rtfail 0 [0.1 s]
#   unit {'pos': 2305, 'blk': None}: om1 23 pos 2 st1 2 fail1 0 t4 2 t4only 0 t2only 0 rtfail 0 [0.1 s]
#   unit {'pos': 2306, 'blk': None}: om1 17 pos 0 st1 0 fail1 0 t4 0 t4only 0 t2only 0 rtfail 0 [0.1 s]
#   unit {'pos': 2307, 'blk': None}: om1 58 pos 0 st1 0 fail1 0 t4 0 t4only 0 t2only 0 rtfail 0 [0.1 s]
#   unit {'pos': 2308, 'blk': None}: om1 5 pos 0 st1 0 fail1 0 t4 0 t4only 0 t2only 0 rtfail 0 [0.1 s]
#   unit {'pos': 2309, 'blk': None}: om1 6 pos 0 st1 0 fail1 0 t4 0 t4only 0 t2only 0 rtfail 0 [0.1 s]
#   unit {'pos': 2310, 'blk': None}: om1 53 pos 0 st1 0 fail1 0 t4 0 t4only 0 t2only 0 rtfail 0 [0.1 s]
#   unit {'pos': 2311, 'blk': None}: om1 69 pos 1 st1 1 fail1 0 t4 1 t4only 0 t2only 0 rtfail 0 [0.1 s]
#   unit {'pos': 2312, 'blk': None}: om1 54 pos 3 st1 3 fail1 0 t4 2 t4only 0 t2only 0 rtfail 0 [0.0 s]
#   unit {'pos': 2313, 'blk': None}: om1 70 pos 0 st1 0 fail1 0 t4 0 t4only 0 t2only 0 rtfail 0 [0.0 s]
#   unit {'pos': 2314, 'blk': None}: om1 52 pos 0 st1 0 fail1 0 t4 0 t4only 0 t2only 0 rtfail 0 [0.1 s]
#   unit {'pos': 2315, 'blk': None}: om1 46 pos 0 st1 0 fail1 0 t4 0 t4only 0 t2only 0 rtfail 0 [0.1 s]
#   unit {'pos': 2316, 'blk': None}: om1 19 pos 0 st1 0 fail1 0 t4 0 t4only 0 t2only 0 rtfail 0 [0.1 s]
#   unit {'pos': 2317, 'blk': None}: om1 28 pos 0 st1 0 fail1 0 t4 0 t4only 0 t2only 0 rtfail 0 [0.1 s]
#   unit {'pos': 2318, 'blk': None}: om1 29 pos 2 st1 2 fail1 0 t4 0 t4only 0 t2only 0 rtfail 0 [0.1 s]
#   unit {'pos': 2319, 'blk': None}: om1 11 pos 0 st1 0 fail1 0 t4 0 t4only 0 t2only 0 rtfail 0 [0.1 s]
#   unit {'pos': 2320, 'blk': None}: om1 27 pos 0 st1 0 fail1 0 t4 0 t4only 0 t2only 0 rtfail 0 [0.1 s]
#   unit {'pos': 2321, 'blk': None}: om1 27 pos 0 st1 0 fail1 0 t4 0 t4only 0 t2only 0 rtfail 0 [0.0 s]
#   unit {'pos': 2322, 'blk': None}: om1 15 pos 0 st1 0 fail1 0 t4 0 t4only 0 t2only 0 rtfail 0 [0.0 s]
#   unit {'pos': 2323, 'blk': None}: om1 7 pos 0 st1 0 fail1 0 t4 0 t4only 0 t2only 0 rtfail 0 [0.1 s]
#   unit {'pos': 2324, 'blk': None}: om1 7 pos 0 st1 0 fail1 0 t4 0 t4only 0 t2only 0 rtfail 0 [0.0 s]
#   unit {'pos': 2325, 'blk': None}: om1 26 pos 0 st1 0 fail1 0 t4 0 t4only 0 t2only 0 rtfail 0 [0.0 s]
#   unit {'pos': 2326, 'blk': None}: om1 8 pos 0 st1 0 fail1 0 t4 0 t4only 0 t2only 0 rtfail 0 [0.0 s]
#   unit {'pos': 2327, 'blk': None}: om1 5 pos 0 st1 0 fail1 0 t4 0 t4only 0 t2only 0 rtfail 0 [0.1 s]
#   unit {'pos': 2328, 'blk': None}: om1 25 pos 0 st1 0 fail1 0 t4 0 t4only 0 t2only 0 rtfail 0 [0.1 s]
#   unit {'pos': 2329, 'blk': None}: om1 35 pos 0 st1 0 fail1 0 t4 0 t4only 0 t2only 0 rtfail 0 [0.0 s]
#   unit {'pos': 2330, 'blk': None}: om1 15 pos 0 st1 0 fail1 0 t4 0 t4only 0 t2only 0 rtfail 0 [0.0 s]
#   unit {'pos': 2332, 'blk': None}: om1 6 pos 0 st1 0 fail1 0 t4 0 t4only 0 t2only 0 rtfail 0 [0.1 s]
#   unit {'pos': 2331, 'blk': None}: om1 30 pos 1 st1 1 fail1 0 t4 0 t4only 0 t2only 0 rtfail 0 [0.1 s]
#   unit {'pos': 2334, 'blk': None}: om1 39 pos 8 st1 8 fail1 0 t4 8 t4only 0 t2only 0 rtfail 0 [0.0 s]
#   unit {'pos': 2333, 'blk': None}: om1 44 pos 0 st1 0 fail1 0 t4 0 t4only 0 t2only 0 rtfail 0 [0.1 s]
#   unit {'pos': 2335, 'blk': None}: om1 21 pos 0 st1 0 fail1 0 t4 0 t4only 0 t2only 0 rtfail 0 [0.0 s]
#   unit {'pos': 2336, 'blk': None}: om1 21 pos 0 st1 0 fail1 0 t4 0 t4only 0 t2only 0 rtfail 0 [0.1 s]
#   unit {'pos': 2337, 'blk': None}: om1 25 pos 0 st1 0 fail1 0 t4 0 t4only 0 t2only 0 rtfail 0 [0.1 s]
#   unit {'pos': 2338, 'blk': None}: om1 13 pos 0 st1 0 fail1 0 t4 0 t4only 0 t2only 0 rtfail 0 [0.1 s]
#   unit {'pos': 2339, 'blk': None}: om1 67 pos 1 st1 1 fail1 0 t4 1 t4only 0 t2only 0 rtfail 0 [0.1 s]
#   unit {'pos': 2340, 'blk': None}: om1 41 pos 0 st1 0 fail1 0 t4 0 t4only 0 t2only 0 rtfail 0 [0.1 s]
#   unit {'pos': 2341, 'blk': None}: om1 7 pos 0 st1 0 fail1 0 t4 0 t4only 0 t2only 0 rtfail 0 [0.1 s]
#   unit {'pos': 2342, 'blk': None}: om1 9 pos 0 st1 0 fail1 0 t4 0 t4only 0 t2only 0 rtfail 0 [0.1 s]
#   unit {'pos': 2343, 'blk': None}: om1 16 pos 1 st1 1 fail1 0 t4 0 t4only 0 t2only 0 rtfail 0 [0.1 s]
#   unit {'pos': 2345, 'blk': None}: om1 25 pos 0 st1 0 fail1 0 t4 0 t4only 0 t2only 0 rtfail 0 [0.1 s]
#   unit {'pos': 2344, 'blk': None}: om1 0 pos 0 st1 0 fail1 0 t4 0 t4only 0 t2only 0 rtfail 0 [0.1 s]
#   unit {'pos': 2346, 'blk': None}: om1 19 pos 0 st1 0 fail1 0 t4 0 t4only 0 t2only 0 rtfail 0 [0.1 s]
#   unit {'pos': 2347, 'blk': None}: om1 17 pos 0 st1 0 fail1 0 t4 0 t4only 0 t2only 0 rtfail 0 [0.1 s]
#   unit {'pos': 2348, 'blk': None}: om1 21 pos 1 st1 1 fail1 0 t4 1 t4only 0 t2only 0 rtfail 0 [0.1 s]
#   unit {'pos': 2349, 'blk': None}: om1 3 pos 0 st1 0 fail1 0 t4 0 t4only 0 t2only 0 rtfail 0 [0.1 s]
#   unit {'pos': 2350, 'blk': None}: om1 19 pos 0 st1 0 fail1 0 t4 0 t4only 0 t2only 0 rtfail 0 [0.1 s]
#   unit {'pos': 2352, 'blk': None}: om1 33 pos 0 st1 0 fail1 0 t4 0 t4only 0 t2only 0 rtfail 0 [0.1 s]
#   unit {'pos': 2351, 'blk': None}: om1 20 pos 2 st1 2 fail1 0 t4 2 t4only 0 t2only 0 rtfail 0 [0.1 s]
#   unit {'pos': 2353, 'blk': None}: om1 23 pos 0 st1 0 fail1 0 t4 0 t4only 0 t2only 0 rtfail 0 [0.1 s]
#   unit {'pos': 2354, 'blk': None}: om1 33 pos 2 st1 2 fail1 0 t4 0 t4only 0 t2only 0 rtfail 0 [0.1 s]
#   unit {'pos': 2355, 'blk': None}: om1 36 pos 0 st1 0 fail1 0 t4 0 t4only 0 t2only 0 rtfail 0 [0.1 s]
#   unit {'pos': 2356, 'blk': None}: om1 28 pos 0 st1 0 fail1 0 t4 0 t4only 0 t2only 0 rtfail 0 [0.1 s]
#   unit {'pos': 2357, 'blk': None}: om1 21 pos 0 st1 0 fail1 0 t4 0 t4only 0 t2only 0 rtfail 0 [0.1 s]
#   unit {'pos': 2359, 'blk': None}: om1 10 pos 0 st1 0 fail1 0 t4 0 t4only 0 t2only 0 rtfail 0 [0.1 s]
#   unit {'pos': 2358, 'blk': None}: om1 11 pos 0 st1 0 fail1 0 t4 0 t4only 0 t2only 0 rtfail 0 [0.1 s]
#   unit {'pos': 2360, 'blk': None}: om1 20 pos 0 st1 0 fail1 0 t4 0 t4only 0 t2only 0 rtfail 0 [0.1 s]
#   unit {'pos': 2361, 'blk': None}: om1 15 pos 0 st1 0 fail1 0 t4 0 t4only 0 t2only 0 rtfail 0 [0.1 s]
#   unit {'pos': 2362, 'blk': None}: om1 43 pos 2 st1 2 fail1 0 t4 1 t4only 0 t2only 0 rtfail 0 [0.1 s]
#   unit {'pos': 2363, 'blk': None}: om1 52 pos 1 st1 1 fail1 0 t4 1 t4only 0 t2only 0 rtfail 0 [0.1 s]
#   unit {'pos': 2365, 'blk': None}: om1 29 pos 0 st1 0 fail1 0 t4 0 t4only 0 t2only 0 rtfail 0 [0.1 s]
#   unit {'pos': 2364, 'blk': None}: om1 98 pos 0 st1 0 fail1 0 t4 0 t4only 0 t2only 0 rtfail 0 [0.1 s]
#   unit {'pos': 2366, 'blk': None}: om1 44 pos 8 st1 8 fail1 0 t4 8 t4only 0 t2only 0 rtfail 0 [0.0 s]
#   unit {'pos': 2367, 'blk': None}: om1 17 pos 3 st1 3 fail1 0 t4 3 t4only 0 t2only 0 rtfail 0 [0.0 s]
#   unit {'pos': 2368, 'blk': None}: om1 33 pos 0 st1 0 fail1 0 t4 0 t4only 0 t2only 0 rtfail 0 [0.1 s]
#   unit {'pos': 2369, 'blk': None}: om1 29 pos 3 st1 3 fail1 0 t4 3 t4only 0 t2only 0 rtfail 0 [0.1 s]
#   unit {'pos': 2370, 'blk': None}: om1 11 pos 0 st1 0 fail1 0 t4 0 t4only 0 t2only 0 rtfail 0 [0.1 s]
#   unit {'pos': 2371, 'blk': None}: om1 14 pos 0 st1 0 fail1 0 t4 0 t4only 0 t2only 0 rtfail 0 [0.0 s]
#   unit {'pos': 2372, 'blk': None}: om1 55 pos 0 st1 0 fail1 0 t4 0 t4only 0 t2only 0 rtfail 0 [0.1 s]
#   unit {'pos': 2373, 'blk': None}: om1 62 pos 1 st1 1 fail1 0 t4 1 t4only 0 t2only 0 rtfail 0 [0.1 s]
#   unit {'pos': 2374, 'blk': None}: om1 28 pos 0 st1 0 fail1 0 t4 0 t4only 0 t2only 0 rtfail 0 [0.1 s]
#   unit {'pos': 2375, 'blk': None}: om1 46 pos 0 st1 0 fail1 0 t4 0 t4only 0 t2only 0 rtfail 0 [0.1 s]
#   unit {'pos': 2376, 'blk': None}: om1 20 pos 0 st1 0 fail1 0 t4 0 t4only 0 t2only 0 rtfail 0 [0.1 s]
#   unit {'pos': 2377, 'blk': None}: om1 54 pos 0 st1 0 fail1 0 t4 0 t4only 0 t2only 0 rtfail 0 [0.1 s]
#   unit {'pos': 2378, 'blk': None}: om1 50 pos 0 st1 0 fail1 0 t4 0 t4only 0 t2only 0 rtfail 0 [0.1 s]
#   unit {'pos': 2379, 'blk': None}: om1 42 pos 2 st1 2 fail1 0 t4 0 t4only 0 t2only 0 rtfail 0 [0.1 s]
#   unit {'pos': 2380, 'blk': None}: om1 16 pos 0 st1 0 fail1 0 t4 0 t4only 0 t2only 0 rtfail 0 [0.1 s]
#   unit {'pos': 2381, 'blk': None}: om1 6 pos 0 st1 0 fail1 0 t4 0 t4only 0 t2only 0 rtfail 0 [0.1 s]
#   unit {'pos': 2382, 'blk': None}: om1 8 pos 0 st1 0 fail1 0 t4 0 t4only 0 t2only 0 rtfail 0 [0.1 s]
#   unit {'pos': 2383, 'blk': None}: om1 15 pos 0 st1 0 fail1 0 t4 0 t4only 0 t2only 0 rtfail 0 [0.1 s]
#   unit {'pos': 2384, 'blk': None}: om1 16 pos 0 st1 0 fail1 0 t4 0 t4only 0 t2only 0 rtfail 0 [0.1 s]
#   unit {'pos': 2385, 'blk': None}: om1 15 pos 0 st1 0 fail1 0 t4 0 t4only 0 t2only 0 rtfail 0 [0.1 s]
#   unit {'pos': 2386, 'blk': None}: om1 70 pos 1 st1 1 fail1 0 t4 1 t4only 0 t2only 0 rtfail 0 [0.1 s]
#   unit {'pos': 2387, 'blk': None}: om1 31 pos 0 st1 0 fail1 0 t4 0 t4only 0 t2only 0 rtfail 0 [0.1 s]
#   unit {'pos': 2388, 'blk': None}: om1 63 pos 0 st1 0 fail1 0 t4 0 t4only 0 t2only 0 rtfail 0 [0.1 s]
#   unit {'pos': 2389, 'blk': None}: om1 0 pos 0 st1 0 fail1 0 t4 0 t4only 0 t2only 0 rtfail 0 [0.1 s]
#   unit {'pos': 2390, 'blk': None}: om1 10 pos 0 st1 0 fail1 0 t4 0 t4only 0 t2only 0 rtfail 0 [0.1 s]
#   unit {'pos': 2391, 'blk': None}: om1 46 pos 3 st1 3 fail1 0 t4 0 t4only 0 t2only 0 rtfail 0 [0.1 s]
#   unit {'pos': 2392, 'blk': None}: om1 57 pos 0 st1 0 fail1 0 t4 0 t4only 0 t2only 0 rtfail 0 [0.1 s]
#   unit {'pos': 2393, 'blk': None}: om1 72 pos 2 st1 2 fail1 0 t4 1 t4only 0 t2only 0 rtfail 0 [0.1 s]
#   unit {'pos': 2394, 'blk': None}: om1 80 pos 0 st1 0 fail1 0 t4 0 t4only 0 t2only 0 rtfail 0 [0.1 s]
#   unit {'pos': 2395, 'blk': None}: om1 13 pos 0 st1 0 fail1 0 t4 0 t4only 0 t2only 0 rtfail 0 [0.1 s]
#   unit {'pos': 2396, 'blk': None}: om1 37 pos 0 st1 0 fail1 0 t4 0 t4only 0 t2only 0 rtfail 0 [0.1 s]
#   unit {'pos': 2397, 'blk': None}: om1 56 pos 0 st1 0 fail1 0 t4 0 t4only 0 t2only 0 rtfail 0 [0.1 s]
#   unit {'pos': 2398, 'blk': None}: om1 124 pos 7 st1 7 fail1 0 t4 7 t4only 0 t2only 0 rtfail 0 [0.1 s]
#   unit {'pos': 2399, 'blk': None}: om1 70 pos 0 st1 0 fail1 0 t4 0 t4only 0 t2only 0 rtfail 0 [0.1 s]
#   unit {'pos': 2400, 'blk': None}: om1 0 pos 0 st1 0 fail1 0 t4 0 t4only 0 t2only 0 rtfail 0 [0.1 s]
#   unit {'pos': 2402, 'blk': None}: om1 49 pos 0 st1 0 fail1 0 t4 0 t4only 0 t2only 0 rtfail 0 [0.1 s]
#   unit {'pos': 2401, 'blk': None}: om1 31 pos 0 st1 0 fail1 0 t4 0 t4only 0 t2only 0 rtfail 0 [0.1 s]
#   unit {'pos': 2404, 'blk': None}: om1 32 pos 0 st1 0 fail1 0 t4 0 t4only 0 t2only 0 rtfail 0 [0.1 s]
#   unit {'pos': 2403, 'blk': None}: om1 43 pos 0 st1 0 fail1 0 t4 0 t4only 0 t2only 0 rtfail 0 [0.1 s]
#   unit {'pos': 2405, 'blk': None}: om1 27 pos 0 st1 0 fail1 0 t4 0 t4only 0 t2only 0 rtfail 0 [0.1 s]
#   unit {'pos': 2406, 'blk': None}: om1 51 pos 1 st1 1 fail1 0 t4 1 t4only 0 t2only 0 rtfail 0 [0.1 s]
#   unit {'pos': 2407, 'blk': None}: om1 36 pos 0 st1 0 fail1 0 t4 0 t4only 0 t2only 0 rtfail 0 [0.1 s]
#   unit {'pos': 2408, 'blk': None}: om1 27 pos 0 st1 0 fail1 0 t4 0 t4only 0 t2only 0 rtfail 0 [0.1 s]
#   unit {'pos': 2409, 'blk': None}: om1 33 pos 5 st1 5 fail1 0 t4 4 t4only 0 t2only 0 rtfail 0 [0.1 s]
#   unit {'pos': 2410, 'blk': None}: om1 30 pos 0 st1 0 fail1 0 t4 0 t4only 0 t2only 0 rtfail 0 [0.1 s]
#   unit {'pos': 2411, 'blk': None}: om1 12 pos 0 st1 0 fail1 0 t4 0 t4only 0 t2only 0 rtfail 0 [0.1 s]
#   unit {'pos': 2412, 'blk': None}: om1 15 pos 2 st1 2 fail1 0 t4 1 t4only 0 t2only 0 rtfail 0 [0.1 s]
#   unit {'pos': 2413, 'blk': None}: om1 8 pos 0 st1 0 fail1 0 t4 0 t4only 0 t2only 0 rtfail 0 [0.1 s]
#   unit {'pos': 2414, 'blk': None}: om1 30 pos 2 st1 2 fail1 0 t4 2 t4only 0 t2only 0 rtfail 0 [0.1 s]
#   unit {'pos': 2415, 'blk': None}: om1 45 pos 0 st1 0 fail1 0 t4 0 t4only 0 t2only 0 rtfail 0 [0.1 s]
#   unit {'pos': 2416, 'blk': None}: om1 71 pos 5 st1 5 fail1 0 t4 5 t4only 0 t2only 0 rtfail 0 [0.1 s]
#   unit {'pos': 2417, 'blk': None}: om1 34 pos 0 st1 0 fail1 0 t4 0 t4only 0 t2only 0 rtfail 0 [0.1 s]
#   unit {'pos': 2418, 'blk': None}: om1 24 pos 0 st1 0 fail1 0 t4 0 t4only 0 t2only 0 rtfail 0 [0.1 s]
#   unit {'pos': 2419, 'blk': None}: om1 30 pos 0 st1 0 fail1 0 t4 0 t4only 0 t2only 0 rtfail 0 [0.1 s]
#   unit {'pos': 2421, 'blk': None}: om1 37 pos 1 st1 1 fail1 0 t4 1 t4only 0 t2only 0 rtfail 0 [0.1 s]
#   unit {'pos': 2423, 'blk': None}: om1 29 pos 4 st1 4 fail1 0 t4 4 t4only 0 t2only 0 rtfail 0 [0.1 s]
#   unit {'pos': 2420, 'blk': None}: om1 41 pos 2 st1 2 fail1 0 t4 2 t4only 0 t2only 0 rtfail 0 [0.1 s]
#   unit {'pos': 2422, 'blk': None}: om1 24 pos 1 st1 1 fail1 0 t4 0 t4only 0 t2only 0 rtfail 0 [0.1 s]
#   unit {'pos': 2424, 'blk': None}: om1 22 pos 0 st1 0 fail1 0 t4 0 t4only 0 t2only 0 rtfail 0 [0.0 s]
#   unit {'pos': 2425, 'blk': None}: om1 17 pos 0 st1 0 fail1 0 t4 0 t4only 0 t2only 0 rtfail 0 [0.0 s]
#   unit {'pos': 2426, 'blk': None}: om1 32 pos 8 st1 8 fail1 0 t4 8 t4only 0 t2only 0 rtfail 0 [0.1 s]
#   unit {'pos': 2427, 'blk': None}: om1 15 pos 0 st1 0 fail1 0 t4 0 t4only 0 t2only 0 rtfail 0 [0.1 s]
#   unit {'pos': 2428, 'blk': None}: om1 9 pos 0 st1 0 fail1 0 t4 0 t4only 0 t2only 0 rtfail 0 [0.1 s]
#   unit {'pos': 2429, 'blk': None}: om1 18 pos 0 st1 0 fail1 0 t4 0 t4only 0 t2only 0 rtfail 0 [0.1 s]
#   unit {'pos': 2431, 'blk': None}: om1 10 pos 0 st1 0 fail1 0 t4 0 t4only 0 t2only 0 rtfail 0 [0.1 s]
#   unit {'pos': 2430, 'blk': None}: om1 30 pos 5 st1 5 fail1 0 t4 5 t4only 0 t2only 0 rtfail 0 [0.1 s]
#   unit {'pos': 2432, 'blk': None}: om1 9 pos 0 st1 0 fail1 0 t4 0 t4only 0 t2only 0 rtfail 0 [0.1 s]
#   unit {'pos': 2433, 'blk': None}: om1 54 pos 0 st1 0 fail1 0 t4 0 t4only 0 t2only 0 rtfail 0 [0.1 s]
#   unit {'pos': 2435, 'blk': None}: om1 69 pos 1 st1 1 fail1 0 t4 1 t4only 0 t2only 0 rtfail 0 [0.1 s]
#   unit {'pos': 2434, 'blk': None}: om1 30 pos 0 st1 0 fail1 0 t4 0 t4only 0 t2only 0 rtfail 0 [0.1 s]
#   unit {'pos': 2436, 'blk': None}: om1 27 pos 0 st1 0 fail1 0 t4 0 t4only 0 t2only 0 rtfail 0 [0.1 s]
#   unit {'pos': 2438, 'blk': None}: om1 19 pos 1 st1 1 fail1 0 t4 1 t4only 0 t2only 0 rtfail 0 [0.1 s]
#   unit {'pos': 2439, 'blk': None}: om1 20 pos 0 st1 0 fail1 0 t4 0 t4only 0 t2only 0 rtfail 0 [0.1 s]
#   unit {'pos': 2437, 'blk': None}: om1 15 pos 0 st1 0 fail1 0 t4 0 t4only 0 t2only 0 rtfail 0 [0.1 s]
#   unit {'pos': 2440, 'blk': None}: om1 29 pos 0 st1 0 fail1 0 t4 0 t4only 0 t2only 0 rtfail 0 [0.1 s]
#   unit {'pos': 2441, 'blk': None}: om1 8 pos 0 st1 0 fail1 0 t4 0 t4only 0 t2only 0 rtfail 0 [0.1 s]
#   unit {'pos': 2443, 'blk': None}: om1 21 pos 0 st1 0 fail1 0 t4 0 t4only 0 t2only 0 rtfail 0 [0.1 s]
#   unit {'pos': 2442, 'blk': None}: om1 17 pos 0 st1 0 fail1 0 t4 0 t4only 0 t2only 0 rtfail 0 [0.1 s]
#   unit {'pos': 2444, 'blk': None}: om1 13 pos 0 st1 0 fail1 0 t4 0 t4only 0 t2only 0 rtfail 0 [0.1 s]
#   unit {'pos': 2445, 'blk': None}: om1 15 pos 0 st1 0 fail1 0 t4 0 t4only 0 t2only 0 rtfail 0 [0.1 s]
#   unit {'pos': 2446, 'blk': None}: om1 98 pos 0 st1 0 fail1 0 t4 0 t4only 0 t2only 0 rtfail 0 [0.1 s]
#   unit {'pos': 2447, 'blk': None}: om1 125 pos 0 st1 0 fail1 0 t4 0 t4only 0 t2only 0 rtfail 0 [0.1 s]
#   unit {'pos': 2449, 'blk': None}: om1 49 pos 0 st1 0 fail1 0 t4 0 t4only 0 t2only 0 rtfail 0 [0.1 s]
#   unit {'pos': 2448, 'blk': None}: om1 44 pos 1 st1 1 fail1 0 t4 1 t4only 0 t2only 0 rtfail 0 [0.1 s]
#   unit {'pos': 2450, 'blk': None}: om1 69 pos 1 st1 1 fail1 0 t4 1 t4only 0 t2only 0 rtfail 0 [0.1 s]
#   unit {'pos': 2451, 'blk': None}: om1 46 pos 3 st1 3 fail1 0 t4 3 t4only 0 t2only 0 rtfail 0 [0.1 s]
#   unit {'pos': 2452, 'blk': None}: om1 33 pos 0 st1 0 fail1 0 t4 0 t4only 0 t2only 0 rtfail 0 [0.1 s]
#   unit {'pos': 2455, 'blk': None}: om1 24 pos 0 st1 0 fail1 0 t4 0 t4only 0 t2only 0 rtfail 0 [0.1 s]
#   unit {'pos': 2453, 'blk': None}: om1 48 pos 2 st1 2 fail1 0 t4 2 t4only 0 t2only 0 rtfail 0 [0.1 s]
#   unit {'pos': 2454, 'blk': None}: om1 101 pos 0 st1 0 fail1 0 t4 0 t4only 0 t2only 0 rtfail 0 [0.1 s]
#   unit {'pos': 2456, 'blk': None}: om1 35 pos 1 st1 1 fail1 0 t4 1 t4only 0 t2only 0 rtfail 0 [0.1 s]
#   unit {'pos': 2457, 'blk': None}: om1 86 pos 2 st1 2 fail1 0 t4 2 t4only 0 t2only 0 rtfail 0 [0.1 s]
#   unit {'pos': 2458, 'blk': None}: om1 35 pos 0 st1 0 fail1 0 t4 0 t4only 0 t2only 0 rtfail 0 [0.1 s]
#   unit {'pos': 2459, 'blk': None}: om1 48 pos 1 st1 1 fail1 0 t4 1 t4only 0 t2only 0 rtfail 0 [0.1 s]
#   unit {'pos': 2460, 'blk': None}: om1 28 pos 0 st1 0 fail1 0 t4 0 t4only 0 t2only 0 rtfail 0 [0.1 s]
#   unit {'pos': 2461, 'blk': None}: om1 26 pos 0 st1 0 fail1 0 t4 0 t4only 0 t2only 0 rtfail 0 [0.1 s]
#   unit {'pos': 2462, 'blk': None}: om1 49 pos 0 st1 0 fail1 0 t4 0 t4only 0 t2only 0 rtfail 0 [0.1 s]
#   unit {'pos': 2465, 'blk': None}: om1 28 pos 0 st1 0 fail1 0 t4 0 t4only 0 t2only 0 rtfail 0 [0.1 s]
#   unit {'pos': 2464, 'blk': None}: om1 49 pos 2 st1 2 fail1 0 t4 0 t4only 0 t2only 0 rtfail 0 [0.1 s]
#   unit {'pos': 2463, 'blk': None}: om1 18 pos 1 st1 1 fail1 0 t4 0 t4only 0 t2only 0 rtfail 0 [0.1 s]
#   unit {'pos': 2466, 'blk': None}: om1 34 pos 0 st1 0 fail1 0 t4 0 t4only 0 t2only 0 rtfail 0 [0.1 s]
#   unit {'pos': 2467, 'blk': None}: om1 5 pos 0 st1 0 fail1 0 t4 0 t4only 0 t2only 0 rtfail 0 [0.1 s]
#   unit {'pos': 2468, 'blk': None}: om1 31 pos 0 st1 0 fail1 0 t4 0 t4only 0 t2only 0 rtfail 0 [0.1 s]
#   unit {'pos': 2470, 'blk': None}: om1 72 pos 4 st1 4 fail1 0 t4 2 t4only 0 t2only 0 rtfail 0 [0.1 s]
#   unit {'pos': 2469, 'blk': None}: om1 32 pos 0 st1 0 fail1 0 t4 0 t4only 0 t2only 0 rtfail 0 [0.1 s]
#   unit {'pos': 2471, 'blk': None}: om1 41 pos 1 st1 1 fail1 0 t4 0 t4only 0 t2only 0 rtfail 0 [0.1 s]
#   unit {'pos': 2472, 'blk': None}: om1 54 pos 0 st1 0 fail1 0 t4 0 t4only 0 t2only 0 rtfail 0 [0.1 s]
#   unit {'pos': 2473, 'blk': None}: om1 30 pos 0 st1 0 fail1 0 t4 0 t4only 0 t2only 0 rtfail 0 [0.1 s]
#   unit {'pos': 2474, 'blk': None}: om1 29 pos 0 st1 0 fail1 0 t4 0 t4only 0 t2only 0 rtfail 0 [0.1 s]
#   unit {'pos': 2476, 'blk': None}: om1 27 pos 1 st1 1 fail1 0 t4 1 t4only 0 t2only 0 rtfail 0 [0.1 s]
#   unit {'pos': 2475, 'blk': None}: om1 41 pos 0 st1 0 fail1 0 t4 0 t4only 0 t2only 0 rtfail 0 [0.1 s]
#   unit {'pos': 2477, 'blk': None}: om1 54 pos 2 st1 2 fail1 0 t4 0 t4only 0 t2only 0 rtfail 0 [0.1 s]
#   unit {'pos': 2478, 'blk': None}: om1 33 pos 0 st1 0 fail1 0 t4 0 t4only 0 t2only 0 rtfail 0 [0.1 s]
#   unit {'pos': 2479, 'blk': None}: om1 39 pos 0 st1 0 fail1 0 t4 0 t4only 0 t2only 0 rtfail 0 [0.1 s]
#   unit {'pos': 2480, 'blk': None}: om1 36 pos 0 st1 0 fail1 0 t4 0 t4only 0 t2only 0 rtfail 0 [0.1 s]
#   unit {'pos': 2482, 'blk': None}: om1 34 pos 1 st1 1 fail1 0 t4 0 t4only 0 t2only 0 rtfail 0 [0.1 s]
#   unit {'pos': 2483, 'blk': None}: om1 10 pos 0 st1 0 fail1 0 t4 0 t4only 0 t2only 0 rtfail 0 [0.1 s]
#   unit {'pos': 2481, 'blk': None}: om1 37 pos 3 st1 3 fail1 0 t4 2 t4only 0 t2only 0 rtfail 0 [0.1 s]
#   unit {'pos': 2484, 'blk': None}: om1 14 pos 0 st1 0 fail1 0 t4 0 t4only 0 t2only 0 rtfail 0 [0.1 s]
#   unit {'pos': 2486, 'blk': None}: om1 13 pos 0 st1 0 fail1 0 t4 0 t4only 0 t2only 0 rtfail 0 [0.1 s]
#   unit {'pos': 2485, 'blk': None}: om1 5 pos 0 st1 0 fail1 0 t4 0 t4only 0 t2only 0 rtfail 0 [0.1 s]
#   unit {'pos': 2487, 'blk': None}: om1 17 pos 0 st1 0 fail1 0 t4 0 t4only 0 t2only 0 rtfail 0 [0.1 s]
#   unit {'pos': 2488, 'blk': None}: om1 52 pos 0 st1 0 fail1 0 t4 0 t4only 0 t2only 0 rtfail 0 [0.1 s]
#   unit {'pos': 2489, 'blk': None}: om1 58 pos 0 st1 0 fail1 0 t4 0 t4only 0 t2only 0 rtfail 0 [0.1 s]
#   unit {'pos': 2490, 'blk': None}: om1 54 pos 0 st1 0 fail1 0 t4 0 t4only 0 t2only 0 rtfail 0 [0.1 s]
#   unit {'pos': 2491, 'blk': None}: om1 45 pos 0 st1 0 fail1 0 t4 0 t4only 0 t2only 0 rtfail 0 [0.1 s]
#   unit {'pos': 2492, 'blk': None}: om1 54 pos 0 st1 0 fail1 0 t4 0 t4only 0 t2only 0 rtfail 0 [0.1 s]
#   unit {'pos': 2493, 'blk': None}: om1 55 pos 0 st1 0 fail1 0 t4 0 t4only 0 t2only 0 rtfail 0 [0.1 s]
#   unit {'pos': 2494, 'blk': None}: om1 51 pos 1 st1 1 fail1 0 t4 1 t4only 0 t2only 0 rtfail 0 [0.1 s]
#   unit {'pos': 2495, 'blk': None}: om1 58 pos 0 st1 0 fail1 0 t4 0 t4only 0 t2only 0 rtfail 0 [0.1 s]
#   unit {'pos': 2496, 'blk': None}: om1 49 pos 0 st1 0 fail1 0 t4 0 t4only 0 t2only 0 rtfail 0 [0.1 s]
#   unit {'pos': 2497, 'blk': None}: om1 61 pos 0 st1 0 fail1 0 t4 0 t4only 0 t2only 0 rtfail 0 [0.1 s]
#   unit {'pos': 2498, 'blk': None}: om1 4 pos 0 st1 0 fail1 0 t4 0 t4only 0 t2only 0 rtfail 0 [0.1 s]
#   unit {'pos': 2499, 'blk': None}: om1 28 pos 0 st1 0 fail1 0 t4 0 t4only 0 t2only 0 rtfail 0 [0.1 s]
#   unit {'pos': 2501, 'blk': None}: om1 47 pos 0 st1 0 fail1 0 t4 0 t4only 0 t2only 0 rtfail 0 [0.1 s]
#   unit {'pos': 2500, 'blk': None}: om1 45 pos 0 st1 0 fail1 0 t4 0 t4only 0 t2only 0 rtfail 0 [0.1 s]
#   unit {'pos': 2502, 'blk': None}: om1 44 pos 1 st1 1 fail1 0 t4 1 t4only 0 t2only 0 rtfail 0 [0.1 s]
#   unit {'pos': 2503, 'blk': None}: om1 86 pos 2 st1 2 fail1 0 t4 0 t4only 0 t2only 0 rtfail 0 [0.1 s]
#   unit {'pos': 2504, 'blk': None}: om1 7 pos 0 st1 0 fail1 0 t4 0 t4only 0 t2only 0 rtfail 0 [0.1 s]
#   unit {'pos': 2505, 'blk': None}: om1 12 pos 0 st1 0 fail1 0 t4 0 t4only 0 t2only 0 rtfail 0 [0.1 s]
#   unit {'pos': 2506, 'blk': None}: om1 33 pos 0 st1 0 fail1 0 t4 0 t4only 0 t2only 0 rtfail 0 [0.1 s]
#   unit {'pos': 2508, 'blk': None}: om1 13 pos 0 st1 0 fail1 0 t4 0 t4only 0 t2only 0 rtfail 0 [0.1 s]
#   unit {'pos': 2509, 'blk': None}: om1 22 pos 0 st1 0 fail1 0 t4 0 t4only 0 t2only 0 rtfail 0 [0.1 s]
#   unit {'pos': 2507, 'blk': None}: om1 43 pos 1 st1 1 fail1 0 t4 1 t4only 0 t2only 0 rtfail 0 [0.1 s]
#   unit {'pos': 2510, 'blk': None}: om1 54 pos 0 st1 0 fail1 0 t4 0 t4only 0 t2only 0 rtfail 0 [0.1 s]
#   unit {'pos': 2511, 'blk': None}: om1 42 pos 0 st1 0 fail1 0 t4 0 t4only 0 t2only 0 rtfail 0 [0.1 s]
#   unit {'pos': 2512, 'blk': None}: om1 36 pos 2 st1 2 fail1 0 t4 2 t4only 0 t2only 0 rtfail 0 [0.1 s]
#   unit {'pos': 2514, 'blk': None}: om1 2 pos 0 st1 0 fail1 0 t4 0 t4only 0 t2only 0 rtfail 0 [0.1 s]
#   unit {'pos': 2513, 'blk': None}: om1 29 pos 0 st1 0 fail1 0 t4 0 t4only 0 t2only 0 rtfail 0 [0.1 s]
#   unit {'pos': 2515, 'blk': None}: om1 15 pos 0 st1 0 fail1 0 t4 0 t4only 0 t2only 0 rtfail 0 [0.1 s]
#   unit {'pos': 2516, 'blk': None}: om1 26 pos 1 st1 1 fail1 0 t4 1 t4only 0 t2only 0 rtfail 0 [0.1 s]
#   unit {'pos': 2518, 'blk': None}: om1 89 pos 1 st1 1 fail1 0 t4 1 t4only 0 t2only 0 rtfail 0 [0.1 s]
#   unit {'pos': 2517, 'blk': None}: om1 81 pos 0 st1 0 fail1 0 t4 0 t4only 0 t2only 0 rtfail 0 [0.1 s]
#   unit {'pos': 2521, 'blk': None}: om1 12 pos 0 st1 0 fail1 0 t4 0 t4only 0 t2only 0 rtfail 0 [0.1 s]
#   unit {'pos': 2522, 'blk': None}: om1 7 pos 0 st1 0 fail1 0 t4 0 t4only 0 t2only 0 rtfail 0 [0.1 s]
#   unit {'pos': 2520, 'blk': None}: om1 35 pos 0 st1 0 fail1 0 t4 0 t4only 0 t2only 0 rtfail 0 [0.1 s]
#   unit {'pos': 2519, 'blk': None}: om1 42 pos 0 st1 0 fail1 0 t4 0 t4only 0 t2only 0 rtfail 0 [0.1 s]
#   unit {'pos': 2523, 'blk': None}: om1 18 pos 0 st1 0 fail1 0 t4 0 t4only 0 t2only 0 rtfail 0 [0.1 s]
#   unit {'pos': 2524, 'blk': None}: om1 32 pos 1 st1 1 fail1 0 t4 1 t4only 0 t2only 0 rtfail 0 [0.1 s]
#   unit {'pos': 2525, 'blk': None}: om1 27 pos 0 st1 0 fail1 0 t4 0 t4only 0 t2only 0 rtfail 0 [0.1 s]
#   unit {'pos': 2526, 'blk': None}: om1 70 pos 0 st1 0 fail1 0 t4 0 t4only 0 t2only 0 rtfail 0 [0.1 s]
#   unit {'pos': 2527, 'blk': None}: om1 81 pos 0 st1 0 fail1 0 t4 0 t4only 0 t2only 0 rtfail 0 [0.1 s]
#   unit {'pos': 2528, 'blk': None}: om1 45 pos 0 st1 0 fail1 0 t4 0 t4only 0 t2only 0 rtfail 0 [0.1 s]
#   unit {'pos': 2530, 'blk': None}: om1 26 pos 0 st1 0 fail1 0 t4 0 t4only 0 t2only 0 rtfail 0 [0.1 s]
#   unit {'pos': 2531, 'blk': None}: om1 35 pos 6 st1 6 fail1 0 t4 2 t4only 0 t2only 0 rtfail 0 [0.1 s]
#   unit {'pos': 2532, 'blk': None}: om1 8 pos 0 st1 0 fail1 0 t4 0 t4only 0 t2only 0 rtfail 0 [0.1 s]
#   unit {'pos': 2529, 'blk': None}: om1 35 pos 1 st1 1 fail1 0 t4 1 t4only 0 t2only 0 rtfail 0 [0.1 s]
#   unit {'pos': 2533, 'blk': None}: om1 6 pos 0 st1 0 fail1 0 t4 0 t4only 0 t2only 0 rtfail 0 [0.1 s]
#   unit {'pos': 2534, 'blk': None}: om1 7 pos 0 st1 0 fail1 0 t4 0 t4only 0 t2only 0 rtfail 0 [0.1 s]
#   unit {'pos': 2535, 'blk': None}: om1 32 pos 0 st1 0 fail1 0 t4 0 t4only 0 t2only 0 rtfail 0 [0.1 s]
#   unit {'pos': 2536, 'blk': None}: om1 26 pos 0 st1 0 fail1 0 t4 0 t4only 0 t2only 0 rtfail 0 [0.1 s]
#   unit {'pos': 2538, 'blk': None}: om1 58 pos 0 st1 0 fail1 0 t4 0 t4only 0 t2only 0 rtfail 0 [0.1 s]
#   unit {'pos': 2537, 'blk': None}: om1 11 pos 0 st1 0 fail1 0 t4 0 t4only 0 t2only 0 rtfail 0 [0.1 s]
#   unit {'pos': 2539, 'blk': None}: om1 60 pos 0 st1 0 fail1 0 t4 0 t4only 0 t2only 0 rtfail 0 [0.1 s]
#   unit {'pos': 2540, 'blk': None}: om1 51 pos 0 st1 0 fail1 0 t4 0 t4only 0 t2only 0 rtfail 0 [0.1 s]
#   unit {'pos': 2541, 'blk': None}: om1 47 pos 0 st1 0 fail1 0 t4 0 t4only 0 t2only 0 rtfail 0 [0.1 s]
#   unit {'pos': 2542, 'blk': None}: om1 60 pos 0 st1 0 fail1 0 t4 0 t4only 0 t2only 0 rtfail 0 [0.1 s]
#   unit {'pos': 2543, 'blk': None}: om1 66 pos 0 st1 0 fail1 0 t4 0 t4only 0 t2only 0 rtfail 0 [0.1 s]
#   unit {'pos': 2544, 'blk': None}: om1 27 pos 0 st1 0 fail1 0 t4 0 t4only 0 t2only 0 rtfail 0 [0.1 s]
#   unit {'pos': 2545, 'blk': None}: om1 45 pos 4 st1 4 fail1 0 t4 2 t4only 0 t2only 0 rtfail 0 [0.1 s]
#   unit {'pos': 2546, 'blk': None}: om1 32 pos 0 st1 0 fail1 0 t4 0 t4only 0 t2only 0 rtfail 0 [0.1 s]
#   unit {'pos': 2547, 'blk': None}: om1 32 pos 0 st1 0 fail1 0 t4 0 t4only 0 t2only 0 rtfail 0 [0.1 s]
#   unit {'pos': 2548, 'blk': None}: om1 17 pos 0 st1 0 fail1 0 t4 0 t4only 0 t2only 0 rtfail 0 [0.1 s]
#   unit {'pos': 2549, 'blk': None}: om1 27 pos 0 st1 0 fail1 0 t4 0 t4only 0 t2only 0 rtfail 0 [0.1 s]
#   unit {'pos': 2550, 'blk': None}: om1 12 pos 0 st1 0 fail1 0 t4 0 t4only 0 t2only 0 rtfail 0 [0.1 s]
#   unit {'pos': 2551, 'blk': None}: om1 24 pos 0 st1 0 fail1 0 t4 0 t4only 0 t2only 0 rtfail 0 [0.1 s]
#   unit {'pos': 2552, 'blk': None}: om1 3 pos 0 st1 0 fail1 0 t4 0 t4only 0 t2only 0 rtfail 0 [0.1 s]
#   unit {'pos': 2553, 'blk': None}: om1 32 pos 0 st1 0 fail1 0 t4 0 t4only 0 t2only 0 rtfail 0 [0.1 s]
#   unit {'pos': 2554, 'blk': None}: om1 31 pos 0 st1 0 fail1 0 t4 0 t4only 0 t2only 0 rtfail 0 [0.1 s]
#   unit {'pos': 2555, 'blk': None}: om1 14 pos 0 st1 0 fail1 0 t4 0 t4only 0 t2only 0 rtfail 0 [0.1 s]
#   unit {'pos': 2556, 'blk': None}: om1 25 pos 0 st1 0 fail1 0 t4 0 t4only 0 t2only 0 rtfail 0 [0.1 s]
#   unit {'pos': 2557, 'blk': None}: om1 10 pos 0 st1 0 fail1 0 t4 0 t4only 0 t2only 0 rtfail 0 [0.1 s]
#   unit {'pos': 2558, 'blk': None}: om1 12 pos 0 st1 0 fail1 0 t4 0 t4only 0 t2only 0 rtfail 0 [0.1 s]
#   unit {'pos': 2559, 'blk': None}: om1 2 pos 0 st1 0 fail1 0 t4 0 t4only 0 t2only 0 rtfail 0 [0.1 s]
#   unit {'pos': 2560, 'blk': None}: om1 31 pos 0 st1 0 fail1 0 t4 0 t4only 0 t2only 0 rtfail 0 [0.1 s]
#   unit {'pos': 2561, 'blk': None}: om1 17 pos 0 st1 0 fail1 0 t4 0 t4only 0 t2only 0 rtfail 0 [0.1 s]
#   unit {'pos': 2562, 'blk': None}: om1 45 pos 0 st1 0 fail1 0 t4 0 t4only 0 t2only 0 rtfail 0 [0.1 s]
#   unit {'pos': 2563, 'blk': None}: om1 53 pos 0 st1 0 fail1 0 t4 0 t4only 0 t2only 0 rtfail 0 [0.1 s]
#   unit {'pos': 2564, 'blk': None}: om1 17 pos 0 st1 0 fail1 0 t4 0 t4only 0 t2only 0 rtfail 0 [0.1 s]
#   unit {'pos': 2565, 'blk': None}: om1 25 pos 0 st1 0 fail1 0 t4 0 t4only 0 t2only 0 rtfail 0 [0.1 s]
#   unit {'pos': 2567, 'blk': None}: om1 10 pos 0 st1 0 fail1 0 t4 0 t4only 0 t2only 0 rtfail 0 [0.1 s]
#   unit {'pos': 2568, 'blk': None}: om1 21 pos 0 st1 0 fail1 0 t4 0 t4only 0 t2only 0 rtfail 0 [0.1 s]
#   unit {'pos': 2566, 'blk': None}: om1 27 pos 0 st1 0 fail1 0 t4 0 t4only 0 t2only 0 rtfail 0 [0.1 s]
#   unit {'pos': 2569, 'blk': None}: om1 11 pos 0 st1 0 fail1 0 t4 0 t4only 0 t2only 0 rtfail 0 [0.1 s]
#   unit {'pos': 2571, 'blk': None}: om1 13 pos 0 st1 0 fail1 0 t4 0 t4only 0 t2only 0 rtfail 0 [0.1 s]
#   unit {'pos': 2570, 'blk': None}: om1 26 pos 0 st1 0 fail1 0 t4 0 t4only 0 t2only 0 rtfail 0 [0.1 s]
#   unit {'pos': 2573, 'blk': None}: om1 35 pos 0 st1 0 fail1 0 t4 0 t4only 0 t2only 0 rtfail 0 [0.1 s]
#   unit {'pos': 2574, 'blk': None}: om1 25 pos 0 st1 0 fail1 0 t4 0 t4only 0 t2only 0 rtfail 0 [0.1 s]
#   unit {'pos': 2576, 'blk': None}: om1 45 pos 1 st1 1 fail1 0 t4 1 t4only 0 t2only 0 rtfail 0 [0.1 s]
#   unit {'pos': 2575, 'blk': None}: om1 16 pos 0 st1 0 fail1 0 t4 0 t4only 0 t2only 0 rtfail 0 [0.1 s]
#   unit {'pos': 2577, 'blk': None}: om1 21 pos 0 st1 0 fail1 0 t4 0 t4only 0 t2only 0 rtfail 0 [0.1 s]
#   unit {'pos': 2578, 'blk': None}: om1 5 pos 0 st1 0 fail1 0 t4 0 t4only 0 t2only 0 rtfail 0 [0.1 s]
#   unit {'pos': 2579, 'blk': None}: om1 40 pos 0 st1 0 fail1 0 t4 0 t4only 0 t2only 0 rtfail 0 [0.1 s]
#   unit {'pos': 2580, 'blk': None}: om1 19 pos 0 st1 0 fail1 0 t4 0 t4only 0 t2only 0 rtfail 0 [0.1 s]
#   unit {'pos': 2581, 'blk': None}: om1 38 pos 0 st1 0 fail1 0 t4 0 t4only 0 t2only 0 rtfail 0 [0.1 s]
#   unit {'pos': 2572, 'blk': None}: om1 40 pos 0 st1 0 fail1 0 t4 0 t4only 0 t2only 0 rtfail 0 [0.3 s]
#   unit {'pos': 2583, 'blk': None}: om1 14 pos 0 st1 0 fail1 0 t4 0 t4only 0 t2only 0 rtfail 0 [0.1 s]
#   unit {'pos': 2582, 'blk': None}: om1 33 pos 0 st1 0 fail1 0 t4 0 t4only 0 t2only 0 rtfail 0 [0.1 s]
#   unit {'pos': 2584, 'blk': None}: om1 24 pos 0 st1 0 fail1 0 t4 0 t4only 0 t2only 0 rtfail 0 [0.1 s]
#   unit {'pos': 2587, 'blk': None}: om1 42 pos 0 st1 0 fail1 0 t4 0 t4only 0 t2only 0 rtfail 0 [0.1 s]
#   unit {'pos': 2588, 'blk': None}: om1 5 pos 0 st1 0 fail1 0 t4 0 t4only 0 t2only 0 rtfail 0 [0.1 s]
#   unit {'pos': 2586, 'blk': None}: om1 22 pos 1 st1 1 fail1 0 t4 1 t4only 0 t2only 0 rtfail 0 [0.1 s]
#   unit {'pos': 2585, 'blk': None}: om1 31 pos 0 st1 0 fail1 0 t4 0 t4only 0 t2only 0 rtfail 0 [0.1 s]
#   unit {'pos': 2589, 'blk': None}: om1 22 pos 2 st1 2 fail1 0 t4 0 t4only 0 t2only 0 rtfail 0 [0.1 s]
#   unit {'pos': 2592, 'blk': None}: om1 22 pos 0 st1 0 fail1 0 t4 0 t4only 0 t2only 0 rtfail 0 [0.1 s]
#   unit {'pos': 2593, 'blk': None}: om1 9 pos 0 st1 0 fail1 0 t4 0 t4only 0 t2only 0 rtfail 0 [0.1 s]
#   unit {'pos': 2590, 'blk': None}: om1 18 pos 0 st1 0 fail1 0 t4 0 t4only 0 t2only 0 rtfail 0 [0.1 s]
#   unit {'pos': 2591, 'blk': None}: om1 26 pos 0 st1 0 fail1 0 t4 0 t4only 0 t2only 0 rtfail 0 [0.1 s]
#   unit {'pos': 2594, 'blk': None}: om1 24 pos 0 st1 0 fail1 0 t4 0 t4only 0 t2only 0 rtfail 0 [0.1 s]
#   unit {'pos': 2595, 'blk': None}: om1 34 pos 0 st1 0 fail1 0 t4 0 t4only 0 t2only 0 rtfail 0 [0.1 s]
#   unit {'pos': 2596, 'blk': None}: om1 14 pos 0 st1 0 fail1 0 t4 0 t4only 0 t2only 0 rtfail 0 [0.1 s]
#   unit {'pos': 2599, 'blk': None}: om1 38 pos 0 st1 0 fail1 0 t4 0 t4only 0 t2only 0 rtfail 0 [0.1 s]
#   unit {'pos': 2600, 'blk': None}: om1 17 pos 0 st1 0 fail1 0 t4 0 t4only 0 t2only 0 rtfail 0 [0.1 s]
#   unit {'pos': 2598, 'blk': None}: om1 16 pos 0 st1 0 fail1 0 t4 0 t4only 0 t2only 0 rtfail 0 [0.1 s]
#   unit {'pos': 2597, 'blk': None}: om1 2 pos 0 st1 0 fail1 0 t4 0 t4only 0 t2only 0 rtfail 0 [0.1 s]
#   unit {'pos': 2601, 'blk': None}: om1 33 pos 2 st1 2 fail1 0 t4 0 t4only 0 t2only 0 rtfail 0 [0.1 s]
#   unit {'pos': 2603, 'blk': None}: om1 15 pos 1 st1 1 fail1 0 t4 0 t4only 0 t2only 0 rtfail 0 [0.1 s]
#   unit {'pos': 2605, 'blk': None}: om1 13 pos 0 st1 0 fail1 0 t4 0 t4only 0 t2only 0 rtfail 0 [0.1 s]
#   unit {'pos': 2602, 'blk': None}: om1 20 pos 1 st1 1 fail1 0 t4 0 t4only 0 t2only 0 rtfail 0 [0.1 s]
#   unit {'pos': 2604, 'blk': None}: om1 7 pos 0 st1 0 fail1 0 t4 0 t4only 0 t2only 0 rtfail 0 [0.1 s]
#   unit {'pos': 2606, 'blk': None}: om1 11 pos 0 st1 0 fail1 0 t4 0 t4only 0 t2only 0 rtfail 0 [0.1 s]
#   unit {'pos': 2607, 'blk': None}: om1 1 pos 0 st1 0 fail1 0 t4 0 t4only 0 t2only 0 rtfail 0 [0.1 s]
#   unit {'pos': 2610, 'blk': None}: om1 45 pos 0 st1 0 fail1 0 t4 0 t4only 0 t2only 0 rtfail 0 [0.1 s]
#   unit {'pos': 2608, 'blk': None}: om1 36 pos 0 st1 0 fail1 0 t4 0 t4only 0 t2only 0 rtfail 0 [0.1 s]
#   unit {'pos': 2609, 'blk': None}: om1 51 pos 0 st1 0 fail1 0 t4 0 t4only 0 t2only 0 rtfail 0 [0.1 s]
#   unit {'pos': 2612, 'blk': None}: om1 48 pos 0 st1 0 fail1 0 t4 0 t4only 0 t2only 0 rtfail 0 [0.1 s]
#   unit {'pos': 2611, 'blk': None}: om1 33 pos 0 st1 0 fail1 0 t4 0 t4only 0 t2only 0 rtfail 0 [0.1 s]
#   unit {'pos': 2615, 'blk': None}: om1 38 pos 2 st1 2 fail1 0 t4 2 t4only 0 t2only 0 rtfail 0 [0.1 s]
#   unit {'pos': 2616, 'blk': None}: om1 33 pos 0 st1 0 fail1 0 t4 0 t4only 0 t2only 0 rtfail 0 [0.1 s]
#   unit {'pos': 2614, 'blk': None}: om1 17 pos 0 st1 0 fail1 0 t4 0 t4only 0 t2only 0 rtfail 0 [0.1 s]
#   unit {'pos': 2613, 'blk': None}: om1 34 pos 0 st1 0 fail1 0 t4 0 t4only 0 t2only 0 rtfail 0 [0.1 s]
#   unit {'pos': 2617, 'blk': None}: om1 8 pos 0 st1 0 fail1 0 t4 0 t4only 0 t2only 0 rtfail 0 [0.1 s]
#   unit {'pos': 2620, 'blk': None}: om1 40 pos 1 st1 1 fail1 0 t4 1 t4only 0 t2only 0 rtfail 0 [0.1 s]
#   unit {'pos': 2621, 'blk': None}: om1 30 pos 0 st1 0 fail1 0 t4 0 t4only 0 t2only 0 rtfail 0 [0.1 s]
#   unit {'pos': 2618, 'blk': None}: om1 6 pos 0 st1 0 fail1 0 t4 0 t4only 0 t2only 0 rtfail 0 [0.1 s]
#   unit {'pos': 2619, 'blk': None}: om1 16 pos 0 st1 0 fail1 0 t4 0 t4only 0 t2only 0 rtfail 0 [0.1 s]
#   unit {'pos': 2622, 'blk': None}: om1 33 pos 2 st1 2 fail1 0 t4 2 t4only 0 t2only 0 rtfail 0 [0.1 s]
#   unit {'pos': 2625, 'blk': None}: om1 17 pos 0 st1 0 fail1 0 t4 0 t4only 0 t2only 0 rtfail 0 [0.1 s]
#   unit {'pos': 2626, 'blk': None}: om1 22 pos 0 st1 0 fail1 0 t4 0 t4only 0 t2only 0 rtfail 0 [0.1 s]
#   unit {'pos': 2624, 'blk': None}: om1 0 pos 0 st1 0 fail1 0 t4 0 t4only 0 t2only 0 rtfail 0 [0.1 s]
#   unit {'pos': 2623, 'blk': None}: om1 22 pos 0 st1 0 fail1 0 t4 0 t4only 0 t2only 0 rtfail 0 [0.1 s]
#   unit {'pos': 2628, 'blk': None}: om1 24 pos 0 st1 0 fail1 0 t4 0 t4only 0 t2only 0 rtfail 0 [0.1 s]
#   unit {'pos': 2627, 'blk': None}: om1 17 pos 0 st1 0 fail1 0 t4 0 t4only 0 t2only 0 rtfail 0 [0.1 s]
#   unit {'pos': 2630, 'blk': None}: om1 20 pos 0 st1 0 fail1 0 t4 0 t4only 0 t2only 0 rtfail 0 [0.1 s]
#   unit {'pos': 2629, 'blk': None}: om1 35 pos 0 st1 0 fail1 0 t4 0 t4only 0 t2only 0 rtfail 0 [0.1 s]
#   unit {'pos': 2633, 'blk': None}: om1 29 pos 1 st1 1 fail1 0 t4 1 t4only 0 t2only 0 rtfail 0 [0.1 s]
#   unit {'pos': 2631, 'blk': None}: om1 19 pos 0 st1 0 fail1 0 t4 0 t4only 0 t2only 0 rtfail 0 [0.1 s]
#   unit {'pos': 2634, 'blk': None}: om1 8 pos 0 st1 0 fail1 0 t4 0 t4only 0 t2only 0 rtfail 0 [0.1 s]
#   unit {'pos': 2632, 'blk': None}: om1 27 pos 0 st1 0 fail1 0 t4 0 t4only 0 t2only 0 rtfail 0 [0.1 s]
#   unit {'pos': 2637, 'blk': None}: om1 11 pos 0 st1 0 fail1 0 t4 0 t4only 0 t2only 0 rtfail 0 [0.1 s]
#   unit {'pos': 2638, 'blk': None}: om1 7 pos 0 st1 0 fail1 0 t4 0 t4only 0 t2only 0 rtfail 0 [0.1 s]
#   unit {'pos': 2635, 'blk': None}: om1 15 pos 0 st1 0 fail1 0 t4 0 t4only 0 t2only 0 rtfail 0 [0.1 s]
#   unit {'pos': 2636, 'blk': None}: om1 25 pos 0 st1 0 fail1 0 t4 0 t4only 0 t2only 0 rtfail 0 [0.1 s]
#   unit {'pos': 2639, 'blk': None}: om1 36 pos 0 st1 0 fail1 0 t4 0 t4only 0 t2only 0 rtfail 0 [0.1 s]
#   unit {'pos': 2642, 'blk': None}: om1 21 pos 2 st1 2 fail1 0 t4 0 t4only 0 t2only 0 rtfail 0 [0.1 s]
#   unit {'pos': 2640, 'blk': None}: om1 25 pos 0 st1 0 fail1 0 t4 0 t4only 0 t2only 0 rtfail 0 [0.1 s]
#   unit {'pos': 2643, 'blk': None}: om1 30 pos 0 st1 0 fail1 0 t4 0 t4only 0 t2only 0 rtfail 0 [0.1 s]
#   unit {'pos': 2641, 'blk': None}: om1 40 pos 0 st1 0 fail1 0 t4 0 t4only 0 t2only 0 rtfail 0 [0.1 s]
#   unit {'pos': 2646, 'blk': None}: om1 20 pos 0 st1 0 fail1 0 t4 0 t4only 0 t2only 0 rtfail 0 [0.1 s]
#   unit {'pos': 2645, 'blk': None}: om1 12 pos 0 st1 0 fail1 0 t4 0 t4only 0 t2only 0 rtfail 0 [0.1 s]
#   unit {'pos': 2644, 'blk': None}: om1 19 pos 0 st1 0 fail1 0 t4 0 t4only 0 t2only 0 rtfail 0 [0.1 s]
#   unit {'pos': 2647, 'blk': None}: om1 22 pos 0 st1 0 fail1 0 t4 0 t4only 0 t2only 0 rtfail 0 [0.1 s]
#   unit {'pos': 2648, 'blk': None}: om1 26 pos 0 st1 0 fail1 0 t4 0 t4only 0 t2only 0 rtfail 0 [0.1 s]
#   unit {'pos': 2649, 'blk': None}: om1 24 pos 0 st1 0 fail1 0 t4 0 t4only 0 t2only 0 rtfail 0 [0.1 s]
#   unit {'pos': 2652, 'blk': None}: om1 11 pos 0 st1 0 fail1 0 t4 0 t4only 0 t2only 0 rtfail 0 [0.1 s]
#   unit {'pos': 2650, 'blk': None}: om1 16 pos 1 st1 1 fail1 0 t4 0 t4only 0 t2only 0 rtfail 0 [0.1 s]
#   unit {'pos': 2651, 'blk': None}: om1 25 pos 0 st1 0 fail1 0 t4 0 t4only 0 t2only 0 rtfail 0 [0.1 s]
#   unit {'pos': 2654, 'blk': None}: om1 5 pos 0 st1 0 fail1 0 t4 0 t4only 0 t2only 0 rtfail 0 [0.1 s]
#   unit {'pos': 2655, 'blk': None}: om1 17 pos 0 st1 0 fail1 0 t4 0 t4only 0 t2only 0 rtfail 0 [0.1 s]
#   unit {'pos': 2653, 'blk': None}: om1 23 pos 1 st1 1 fail1 0 t4 1 t4only 0 t2only 0 rtfail 0 [0.1 s]
#   unit {'pos': 2657, 'blk': None}: om1 18 pos 0 st1 0 fail1 0 t4 0 t4only 0 t2only 0 rtfail 0 [0.1 s]
#   unit {'pos': 2656, 'blk': None}: om1 13 pos 0 st1 0 fail1 0 t4 0 t4only 0 t2only 0 rtfail 0 [0.1 s]
#   unit {'pos': 2658, 'blk': None}: om1 20 pos 0 st1 0 fail1 0 t4 0 t4only 0 t2only 0 rtfail 0 [0.1 s]
#   unit {'pos': 2660, 'blk': None}: om1 50 pos 0 st1 0 fail1 0 t4 0 t4only 0 t2only 0 rtfail 0 [0.1 s]
#   unit {'pos': 2659, 'blk': None}: om1 10 pos 1 st1 1 fail1 0 t4 1 t4only 0 t2only 0 rtfail 0 [0.1 s]
#   unit {'pos': 2661, 'blk': None}: om1 17 pos 0 st1 0 fail1 0 t4 0 t4only 0 t2only 0 rtfail 0 [0.1 s]
#   unit {'pos': 2662, 'blk': None}: om1 59 pos 0 st1 0 fail1 0 t4 0 t4only 0 t2only 0 rtfail 0 [0.1 s]
#   unit {'pos': 2663, 'blk': None}: om1 32 pos 0 st1 0 fail1 0 t4 0 t4only 0 t2only 0 rtfail 0 [0.1 s]
#   unit {'pos': 2665, 'blk': None}: om1 24 pos 0 st1 0 fail1 0 t4 0 t4only 0 t2only 0 rtfail 0 [0.1 s]
#   unit {'pos': 2664, 'blk': None}: om1 36 pos 0 st1 0 fail1 0 t4 0 t4only 0 t2only 0 rtfail 0 [0.1 s]
#   unit {'pos': 2667, 'blk': None}: om1 7 pos 0 st1 0 fail1 0 t4 0 t4only 0 t2only 0 rtfail 0 [0.1 s]
#   unit {'pos': 2668, 'blk': None}: om1 80 pos 0 st1 0 fail1 0 t4 0 t4only 0 t2only 0 rtfail 0 [0.1 s]
#   unit {'pos': 2666, 'blk': None}: om1 20 pos 0 st1 0 fail1 0 t4 0 t4only 0 t2only 0 rtfail 0 [0.1 s]
#   unit {'pos': 2670, 'blk': None}: om1 58 pos 0 st1 0 fail1 0 t4 0 t4only 0 t2only 0 rtfail 0 [0.1 s]
#   unit {'pos': 2669, 'blk': None}: om1 52 pos 0 st1 0 fail1 0 t4 0 t4only 0 t2only 0 rtfail 0 [0.1 s]
#   unit {'pos': 2671, 'blk': None}: om1 41 pos 0 st1 0 fail1 0 t4 0 t4only 0 t2only 0 rtfail 0 [0.1 s]
#   unit {'pos': 2673, 'blk': None}: om1 0 pos 0 st1 0 fail1 0 t4 0 t4only 0 t2only 0 rtfail 0 [0.1 s]
#   unit {'pos': 2675, 'blk': None}: om1 19 pos 0 st1 0 fail1 0 t4 0 t4only 0 t2only 0 rtfail 0 [0.1 s]
#   unit {'pos': 2672, 'blk': None}: om1 47 pos 0 st1 0 fail1 0 t4 0 t4only 0 t2only 0 rtfail 0 [0.1 s]
#   unit {'pos': 2676, 'blk': None}: om1 16 pos 0 st1 0 fail1 0 t4 0 t4only 0 t2only 0 rtfail 0 [0.1 s]
#   unit {'pos': 2677, 'blk': None}: om1 19 pos 0 st1 0 fail1 0 t4 0 t4only 0 t2only 0 rtfail 0 [0.1 s]
#   unit {'pos': 2674, 'blk': None}: om1 26 pos 0 st1 0 fail1 0 t4 0 t4only 0 t2only 0 rtfail 0 [0.1 s]
#   unit {'pos': 2679, 'blk': None}: om1 14 pos 0 st1 0 fail1 0 t4 0 t4only 0 t2only 0 rtfail 0 [0.1 s]
#   unit {'pos': 2680, 'blk': None}: om1 11 pos 0 st1 0 fail1 0 t4 0 t4only 0 t2only 0 rtfail 0 [0.1 s]
#   unit {'pos': 2682, 'blk': None}: om1 36 pos 0 st1 0 fail1 0 t4 0 t4only 0 t2only 0 rtfail 0 [0.1 s]
#   unit {'pos': 2678, 'blk': None}: om1 18 pos 0 st1 0 fail1 0 t4 0 t4only 0 t2only 0 rtfail 0 [0.1 s]
#   unit {'pos': 2681, 'blk': None}: om1 7 pos 0 st1 0 fail1 0 t4 0 t4only 0 t2only 0 rtfail 0 [0.1 s]
#   unit {'pos': 2684, 'blk': None}: om1 18 pos 3 st1 3 fail1 0 t4 3 t4only 0 t2only 0 rtfail 0 [0.1 s]
#   unit {'pos': 2683, 'blk': None}: om1 29 pos 0 st1 0 fail1 0 t4 0 t4only 0 t2only 0 rtfail 0 [0.1 s]
#   unit {'pos': 2687, 'blk': None}: om1 22 pos 0 st1 0 fail1 0 t4 0 t4only 0 t2only 0 rtfail 0 [0.1 s]
#   unit {'pos': 2685, 'blk': None}: om1 30 pos 0 st1 0 fail1 0 t4 0 t4only 0 t2only 0 rtfail 0 [0.1 s]
#   unit {'pos': 2688, 'blk': None}: om1 18 pos 0 st1 0 fail1 0 t4 0 t4only 0 t2only 0 rtfail 0 [0.1 s]
#   unit {'pos': 2686, 'blk': None}: om1 38 pos 0 st1 0 fail1 0 t4 0 t4only 0 t2only 0 rtfail 0 [0.1 s]
#   unit {'pos': 2690, 'blk': None}: om1 15 pos 0 st1 0 fail1 0 t4 0 t4only 0 t2only 0 rtfail 0 [0.1 s]
#   unit {'pos': 2692, 'blk': None}: om1 14 pos 0 st1 0 fail1 0 t4 0 t4only 0 t2only 0 rtfail 0 [0.1 s]
#   unit {'pos': 2691, 'blk': None}: om1 18 pos 0 st1 0 fail1 0 t4 0 t4only 0 t2only 0 rtfail 0 [0.1 s]
#   unit {'pos': 2693, 'blk': None}: om1 11 pos 0 st1 0 fail1 0 t4 0 t4only 0 t2only 0 rtfail 0 [0.1 s]
#   unit {'pos': 2689, 'blk': None}: om1 0 pos 0 st1 0 fail1 0 t4 0 t4only 0 t2only 0 rtfail 0 [0.1 s]
#   unit {'pos': 2697, 'blk': None}: om1 21 pos 0 st1 0 fail1 0 t4 0 t4only 0 t2only 0 rtfail 0 [0.1 s]
#   unit {'pos': 2696, 'blk': None}: om1 20 pos 0 st1 0 fail1 0 t4 0 t4only 0 t2only 0 rtfail 0 [0.1 s]
#   unit {'pos': 2694, 'blk': None}: om1 22 pos 0 st1 0 fail1 0 t4 0 t4only 0 t2only 0 rtfail 0 [0.1 s]
#   unit {'pos': 2695, 'blk': None}: om1 23 pos 0 st1 0 fail1 0 t4 0 t4only 0 t2only 0 rtfail 0 [0.1 s]
#   unit {'pos': 2698, 'blk': None}: om1 14 pos 0 st1 0 fail1 0 t4 0 t4only 0 t2only 0 rtfail 0 [0.1 s]
#   unit {'pos': 2699, 'blk': None}: om1 23 pos 1 st1 1 fail1 0 t4 1 t4only 0 t2only 0 rtfail 0 [0.1 s]
#   unit {'pos': 2700, 'blk': None}: om1 26 pos 0 st1 0 fail1 0 t4 0 t4only 0 t2only 0 rtfail 0 [0.1 s]
#   unit {'pos': 2701, 'blk': None}: om1 21 pos 0 st1 0 fail1 0 t4 0 t4only 0 t2only 0 rtfail 0 [0.1 s]
#   unit {'pos': 2703, 'blk': None}: om1 9 pos 1 st1 1 fail1 0 t4 1 t4only 0 t2only 0 rtfail 0 [0.1 s]
#   unit {'pos': 2702, 'blk': None}: om1 9 pos 0 st1 0 fail1 0 t4 0 t4only 0 t2only 0 rtfail 0 [0.1 s]
#   unit {'pos': 2704, 'blk': None}: om1 4 pos 0 st1 0 fail1 0 t4 0 t4only 0 t2only 0 rtfail 0 [0.1 s]
#   unit {'pos': 2706, 'blk': None}: om1 6 pos 1 st1 1 fail1 0 t4 0 t4only 0 t2only 0 rtfail 0 [0.1 s]
#   unit {'pos': 2705, 'blk': None}: om1 0 pos 0 st1 0 fail1 0 t4 0 t4only 0 t2only 0 rtfail 0 [0.1 s]
#   unit {'pos': 2707, 'blk': None}: om1 20 pos 4 st1 4 fail1 0 t4 0 t4only 0 t2only 0 rtfail 0 [0.1 s]
#   unit {'pos': 2708, 'blk': None}: om1 23 pos 0 st1 0 fail1 0 t4 0 t4only 0 t2only 0 rtfail 0 [0.1 s]
#   unit {'pos': 2711, 'blk': None}: om1 9 pos 0 st1 0 fail1 0 t4 0 t4only 0 t2only 0 rtfail 0 [0.1 s]
#   unit {'pos': 2712, 'blk': None}: om1 12 pos 1 st1 1 fail1 0 t4 0 t4only 0 t2only 0 rtfail 0 [0.1 s]
#   unit {'pos': 2709, 'blk': None}: om1 11 pos 0 st1 0 fail1 0 t4 0 t4only 0 t2only 0 rtfail 0 [0.1 s]
#   unit {'pos': 2710, 'blk': None}: om1 11 pos 0 st1 0 fail1 0 t4 0 t4only 0 t2only 0 rtfail 0 [0.1 s]
#   unit {'pos': 2713, 'blk': None}: om1 5 pos 0 st1 0 fail1 0 t4 0 t4only 0 t2only 0 rtfail 0 [0.1 s]
#   unit {'pos': 2715, 'blk': None}: om1 0 pos 0 st1 0 fail1 0 t4 0 t4only 0 t2only 0 rtfail 0 [0.1 s]
#   unit {'pos': 2717, 'blk': None}: om1 11 pos 0 st1 0 fail1 0 t4 0 t4only 0 t2only 0 rtfail 0 [0.1 s]
#   unit {'pos': 2714, 'blk': None}: om1 4 pos 0 st1 0 fail1 0 t4 0 t4only 0 t2only 0 rtfail 0 [0.1 s]
#   unit {'pos': 2716, 'blk': None}: om1 6 pos 0 st1 0 fail1 0 t4 0 t4only 0 t2only 0 rtfail 0 [0.1 s]
#   unit {'pos': 2718, 'blk': None}: om1 2 pos 0 st1 0 fail1 0 t4 0 t4only 0 t2only 0 rtfail 0 [0.1 s]
#   unit {'pos': 2719, 'blk': None}: om1 3 pos 0 st1 0 fail1 0 t4 0 t4only 0 t2only 0 rtfail 0 [0.1 s]
#   unit {'pos': 2720, 'blk': None}: om1 2 pos 0 st1 0 fail1 0 t4 0 t4only 0 t2only 0 rtfail 0 [0.1 s]
#   unit {'pos': 2722, 'blk': None}: om1 9 pos 0 st1 0 fail1 0 t4 0 t4only 0 t2only 0 rtfail 0 [0.1 s]
#   unit {'pos': 2724, 'blk': None}: om1 18 pos 0 st1 0 fail1 0 t4 0 t4only 0 t2only 0 rtfail 0 [0.0 s]
#   unit {'pos': 2721, 'blk': None}: om1 6 pos 0 st1 0 fail1 0 t4 0 t4only 0 t2only 0 rtfail 0 [0.1 s]
#   unit {'pos': 2723, 'blk': None}: om1 27 pos 0 st1 0 fail1 0 t4 0 t4only 0 t2only 0 rtfail 0 [0.1 s]
#   unit {'pos': 2725, 'blk': None}: om1 20 pos 0 st1 0 fail1 0 t4 0 t4only 0 t2only 0 rtfail 0 [0.1 s]
#   unit {'pos': 2726, 'blk': None}: om1 16 pos 0 st1 0 fail1 0 t4 0 t4only 0 t2only 0 rtfail 0 [0.1 s]
#   unit {'pos': 2728, 'blk': None}: om1 7 pos 0 st1 0 fail1 0 t4 0 t4only 0 t2only 0 rtfail 0 [0.1 s]
#   unit {'pos': 2729, 'blk': None}: om1 0 pos 0 st1 0 fail1 0 t4 0 t4only 0 t2only 0 rtfail 0 [0.1 s]
#   unit {'pos': 2727, 'blk': None}: om1 6 pos 0 st1 0 fail1 0 t4 0 t4only 0 t2only 0 rtfail 0 [0.1 s]
#   unit {'pos': 2731, 'blk': None}: om1 0 pos 0 st1 0 fail1 0 t4 0 t4only 0 t2only 0 rtfail 0 [0.1 s]
#   unit {'pos': 2732, 'blk': None}: om1 5 pos 0 st1 0 fail1 0 t4 0 t4only 0 t2only 0 rtfail 0 [0.1 s]
#   unit {'pos': 2730, 'blk': None}: om1 2 pos 0 st1 0 fail1 0 t4 0 t4only 0 t2only 0 rtfail 0 [0.1 s]
#   unit {'pos': 2733, 'blk': None}: om1 5 pos 0 st1 0 fail1 0 t4 0 t4only 0 t2only 0 rtfail 0 [0.1 s]
#   unit {'pos': 2735, 'blk': None}: om1 38 pos 0 st1 0 fail1 0 t4 0 t4only 0 t2only 0 rtfail 0 [0.1 s]
#   unit {'pos': 2737, 'blk': None}: om1 21 pos 0 st1 0 fail1 0 t4 0 t4only 0 t2only 0 rtfail 0 [0.1 s]
#   unit {'pos': 2734, 'blk': None}: om1 20 pos 0 st1 0 fail1 0 t4 0 t4only 0 t2only 0 rtfail 0 [0.1 s]
#   unit {'pos': 2736, 'blk': None}: om1 35 pos 0 st1 0 fail1 0 t4 0 t4only 0 t2only 0 rtfail 0 [0.1 s]
#   unit {'pos': 2738, 'blk': None}: om1 21 pos 0 st1 0 fail1 0 t4 0 t4only 0 t2only 0 rtfail 0 [0.1 s]
#   unit {'pos': 2741, 'blk': None}: om1 13 pos 0 st1 0 fail1 0 t4 0 t4only 0 t2only 0 rtfail 0 [0.1 s]
#   unit {'pos': 2742, 'blk': None}: om1 5 pos 0 st1 0 fail1 0 t4 0 t4only 0 t2only 0 rtfail 0 [0.1 s]
#   unit {'pos': 2739, 'blk': None}: om1 22 pos 0 st1 0 fail1 0 t4 0 t4only 0 t2only 0 rtfail 0 [0.1 s]
#   unit {'pos': 2740, 'blk': None}: om1 11 pos 0 st1 0 fail1 0 t4 0 t4only 0 t2only 0 rtfail 0 [0.1 s]
#   unit {'pos': 2744, 'blk': None}: om1 25 pos 0 st1 0 fail1 0 t4 0 t4only 0 t2only 0 rtfail 0 [0.1 s]
#   unit {'pos': 2746, 'blk': None}: om1 12 pos 0 st1 0 fail1 0 t4 0 t4only 0 t2only 0 rtfail 0 [0.1 s]
#   unit {'pos': 2743, 'blk': None}: om1 19 pos 0 st1 0 fail1 0 t4 0 t4only 0 t2only 0 rtfail 0 [0.1 s]
#   unit {'pos': 2745, 'blk': None}: om1 27 pos 0 st1 0 fail1 0 t4 0 t4only 0 t2only 0 rtfail 0 [0.1 s]
#   unit {'pos': 2747, 'blk': None}: om1 4 pos 0 st1 0 fail1 0 t4 0 t4only 0 t2only 0 rtfail 0 [0.1 s]
#   unit {'pos': 2748, 'blk': None}: om1 0 pos 0 st1 0 fail1 0 t4 0 t4only 0 t2only 0 rtfail 0 [0.1 s]
#   unit {'pos': 2750, 'blk': None}: om1 8 pos 0 st1 0 fail1 0 t4 0 t4only 0 t2only 0 rtfail 0 [0.1 s]
#   unit {'pos': 2749, 'blk': None}: om1 15 pos 0 st1 0 fail1 0 t4 0 t4only 0 t2only 0 rtfail 0 [0.1 s]
#   unit {'pos': 2751, 'blk': None}: om1 14 pos 0 st1 0 fail1 0 t4 0 t4only 0 t2only 0 rtfail 0 [0.1 s]
#   unit {'pos': 2753, 'blk': None}: om1 3 pos 1 st1 1 fail1 0 t4 1 t4only 0 t2only 0 rtfail 0 [0.1 s]
#   unit {'pos': 2754, 'blk': None}: om1 16 pos 0 st1 0 fail1 0 t4 0 t4only 0 t2only 0 rtfail 0 [0.1 s]
#   unit {'pos': 2752, 'blk': None}: om1 5 pos 0 st1 0 fail1 0 t4 0 t4only 0 t2only 0 rtfail 0 [0.1 s]
#   unit {'pos': 2756, 'blk': None}: om1 2 pos 0 st1 0 fail1 0 t4 0 t4only 0 t2only 0 rtfail 0 [0.1 s]
#   unit {'pos': 2755, 'blk': None}: om1 10 pos 0 st1 0 fail1 0 t4 0 t4only 0 t2only 0 rtfail 0 [0.1 s]
#   unit {'pos': 2759, 'blk': None}: om1 37 pos 0 st1 0 fail1 0 t4 0 t4only 0 t2only 0 rtfail 0 [0.1 s]
#   unit {'pos': 2757, 'blk': None}: om1 6 pos 0 st1 0 fail1 0 t4 0 t4only 0 t2only 0 rtfail 0 [0.1 s]
#   unit {'pos': 2760, 'blk': None}: om1 26 pos 0 st1 0 fail1 0 t4 0 t4only 0 t2only 0 rtfail 0 [0.1 s]
#   unit {'pos': 2758, 'blk': None}: om1 1 pos 0 st1 0 fail1 0 t4 0 t4only 0 t2only 0 rtfail 0 [0.1 s]
#   unit {'pos': 2763, 'blk': None}: om1 10 pos 0 st1 0 fail1 0 t4 0 t4only 0 t2only 0 rtfail 0 [0.1 s]
#   unit {'pos': 2761, 'blk': None}: om1 14 pos 0 st1 0 fail1 0 t4 0 t4only 0 t2only 0 rtfail 0 [0.1 s]
#   unit {'pos': 2762, 'blk': None}: om1 16 pos 0 st1 0 fail1 0 t4 0 t4only 0 t2only 0 rtfail 0 [0.1 s]
#   unit {'pos': 2764, 'blk': None}: om1 8 pos 0 st1 0 fail1 0 t4 0 t4only 0 t2only 0 rtfail 0 [0.1 s]
#   unit {'pos': 2767, 'blk': None}: om1 0 pos 0 st1 0 fail1 0 t4 0 t4only 0 t2only 0 rtfail 0 [0.1 s]
#   unit {'pos': 2768, 'blk': None}: om1 13 pos 0 st1 0 fail1 0 t4 0 t4only 0 t2only 0 rtfail 0 [0.1 s]
#   unit {'pos': 2766, 'blk': None}: om1 5 pos 0 st1 0 fail1 0 t4 0 t4only 0 t2only 0 rtfail 0 [0.1 s]
#   unit {'pos': 2765, 'blk': None}: om1 3 pos 0 st1 0 fail1 0 t4 0 t4only 0 t2only 0 rtfail 0 [0.1 s]
#   unit {'pos': 2769, 'blk': None}: om1 9 pos 0 st1 0 fail1 0 t4 0 t4only 0 t2only 0 rtfail 0 [0.1 s]
#   unit {'pos': 2772, 'blk': None}: om1 4 pos 0 st1 0 fail1 0 t4 0 t4only 0 t2only 0 rtfail 0 [0.1 s]
#   unit {'pos': 2773, 'blk': None}: om1 49 pos 0 st1 0 fail1 0 t4 0 t4only 0 t2only 0 rtfail 0 [0.1 s]
#   unit {'pos': 2770, 'blk': None}: om1 22 pos 0 st1 0 fail1 0 t4 0 t4only 0 t2only 0 rtfail 0 [0.1 s]
#   unit {'pos': 2771, 'blk': None}: om1 19 pos 0 st1 0 fail1 0 t4 0 t4only 0 t2only 0 rtfail 0 [0.1 s]
#   unit {'pos': 2774, 'blk': None}: om1 0 pos 0 st1 0 fail1 0 t4 0 t4only 0 t2only 0 rtfail 0 [0.1 s]
#   unit {'pos': 2775, 'blk': None}: om1 14 pos 0 st1 0 fail1 0 t4 0 t4only 0 t2only 0 rtfail 0 [0.1 s]
#   unit {'pos': 2777, 'blk': None}: om1 5 pos 0 st1 0 fail1 0 t4 0 t4only 0 t2only 0 rtfail 0 [0.1 s]
#   unit {'pos': 2776, 'blk': None}: om1 16 pos 0 st1 0 fail1 0 t4 0 t4only 0 t2only 0 rtfail 0 [0.1 s]
#   unit {'pos': 2778, 'blk': None}: om1 11 pos 1 st1 1 fail1 0 t4 1 t4only 0 t2only 0 rtfail 0 [0.1 s]
#   unit {'pos': 2781, 'blk': None}: om1 37 pos 1 st1 1 fail1 0 t4 1 t4only 0 t2only 0 rtfail 0 [0.1 s]
#   unit {'pos': 2780, 'blk': None}: om1 42 pos 0 st1 0 fail1 0 t4 0 t4only 0 t2only 0 rtfail 0 [0.1 s]
#   unit {'pos': 2784, 'blk': None}: om1 27 pos 0 st1 0 fail1 0 t4 0 t4only 0 t2only 0 rtfail 0 [0.1 s]
#   unit {'pos': 2783, 'blk': None}: om1 0 pos 0 st1 0 fail1 0 t4 0 t4only 0 t2only 0 rtfail 0 [0.1 s]
#   unit {'pos': 2779, 'blk': None}: om1 24 pos 0 st1 0 fail1 0 t4 0 t4only 0 t2only 0 rtfail 0 [0.2 s]
#   unit {'pos': 2782, 'blk': None}: om1 0 pos 0 st1 0 fail1 0 t4 0 t4only 0 t2only 0 rtfail 0 [0.1 s]
#   unit {'pos': 2785, 'blk': None}: om1 19 pos 0 st1 0 fail1 0 t4 0 t4only 0 t2only 0 rtfail 0 [0.1 s]
#   unit {'pos': 2788, 'blk': None}: om1 29 pos 0 st1 0 fail1 0 t4 0 t4only 0 t2only 0 rtfail 0 [0.1 s]
#   unit {'pos': 2786, 'blk': None}: om1 11 pos 0 st1 0 fail1 0 t4 0 t4only 0 t2only 0 rtfail 0 [0.1 s]
#   unit {'pos': 2789, 'blk': None}: om1 0 pos 0 st1 0 fail1 0 t4 0 t4only 0 t2only 0 rtfail 0 [0.1 s]
#   unit {'pos': 2787, 'blk': None}: om1 4 pos 0 st1 0 fail1 0 t4 0 t4only 0 t2only 0 rtfail 0 [0.1 s]
#   unit {'pos': 2793, 'blk': None}: om1 21 pos 0 st1 0 fail1 0 t4 0 t4only 0 t2only 0 rtfail 0 [0.1 s]
#   unit {'pos': 2792, 'blk': None}: om1 11 pos 0 st1 0 fail1 0 t4 0 t4only 0 t2only 0 rtfail 0 [0.1 s]
#   unit {'pos': 2790, 'blk': None}: om1 16 pos 0 st1 0 fail1 0 t4 0 t4only 0 t2only 0 rtfail 0 [0.1 s]
#   unit {'pos': 2791, 'blk': None}: om1 24 pos 0 st1 0 fail1 0 t4 0 t4only 0 t2only 0 rtfail 0 [0.1 s]
#   unit {'pos': 2794, 'blk': None}: om1 13 pos 1 st1 1 fail1 0 t4 0 t4only 0 t2only 0 rtfail 0 [0.1 s]
#   unit {'pos': 2795, 'blk': None}: om1 1 pos 0 st1 0 fail1 0 t4 0 t4only 0 t2only 0 rtfail 0 [0.1 s]
#   unit {'pos': 2797, 'blk': None}: om1 17 pos 0 st1 0 fail1 0 t4 0 t4only 0 t2only 0 rtfail 0 [0.1 s]
#   unit {'pos': 2799, 'blk': None}: om1 8 pos 0 st1 0 fail1 0 t4 0 t4only 0 t2only 0 rtfail 0 [0.1 s]
#   unit {'pos': 2796, 'blk': None}: om1 14 pos 0 st1 0 fail1 0 t4 0 t4only 0 t2only 0 rtfail 0 [0.1 s]
#   unit {'pos': 2798, 'blk': None}: om1 8 pos 0 st1 0 fail1 0 t4 0 t4only 0 t2only 0 rtfail 0 [0.1 s]
#   unit {'pos': 2801, 'blk': None}: om1 4 pos 0 st1 0 fail1 0 t4 0 t4only 0 t2only 0 rtfail 0 [0.1 s]
#   unit {'pos': 2800, 'blk': None}: om1 1 pos 0 st1 0 fail1 0 t4 0 t4only 0 t2only 0 rtfail 0 [0.1 s]
#   unit {'pos': 2803, 'blk': None}: om1 17 pos 0 st1 0 fail1 0 t4 0 t4only 0 t2only 0 rtfail 0 [0.1 s]
#   unit {'pos': 2804, 'blk': None}: om1 13 pos 0 st1 0 fail1 0 t4 0 t4only 0 t2only 0 rtfail 0 [0.1 s]
#   unit {'pos': 2802, 'blk': None}: om1 15 pos 0 st1 0 fail1 0 t4 0 t4only 0 t2only 0 rtfail 0 [0.1 s]
#   unit {'pos': 2806, 'blk': None}: om1 2 pos 0 st1 0 fail1 0 t4 0 t4only 0 t2only 0 rtfail 0 [0.1 s]
#   unit {'pos': 2807, 'blk': None}: om1 13 pos 1 st1 1 fail1 0 t4 0 t4only 0 t2only 0 rtfail 0 [0.0 s]
#   unit {'pos': 2805, 'blk': None}: om1 11 pos 0 st1 0 fail1 0 t4 0 t4only 0 t2only 0 rtfail 0 [0.1 s]
#   unit {'pos': 2809, 'blk': None}: om1 8 pos 0 st1 0 fail1 0 t4 0 t4only 0 t2only 0 rtfail 0 [0.0 s]
#   unit {'pos': 2810, 'blk': None}: om1 22 pos 0 st1 0 fail1 0 t4 0 t4only 0 t2only 0 rtfail 0 [0.0 s]
#   unit {'pos': 2812, 'blk': None}: om1 1 pos 0 st1 0 fail1 0 t4 0 t4only 0 t2only 0 rtfail 0 [0.0 s]
#   unit {'pos': 2808, 'blk': None}: om1 24 pos 0 st1 0 fail1 0 t4 0 t4only 0 t2only 0 rtfail 0 [0.1 s]
#   unit {'pos': 2813, 'blk': None}: om1 26 pos 1 st1 1 fail1 0 t4 1 t4only 0 t2only 0 rtfail 0 [0.0 s]
#   unit {'pos': 2814, 'blk': None}: om1 23 pos 0 st1 0 fail1 0 t4 0 t4only 0 t2only 0 rtfail 0 [0.0 s]
#   unit {'pos': 2811, 'blk': None}: om1 12 pos 0 st1 0 fail1 0 t4 0 t4only 0 t2only 0 rtfail 0 [0.1 s]
#   unit {'pos': 2816, 'blk': None}: om1 9 pos 1 st1 1 fail1 0 t4 1 t4only 0 t2only 0 rtfail 0 [0.1 s]
#   unit {'pos': 2817, 'blk': None}: om1 7 pos 0 st1 0 fail1 0 t4 0 t4only 0 t2only 0 rtfail 0 [0.0 s]
#   unit {'pos': 2815, 'blk': None}: om1 12 pos 0 st1 0 fail1 0 t4 0 t4only 0 t2only 0 rtfail 0 [0.1 s]
#   unit {'pos': 2819, 'blk': None}: om1 7 pos 0 st1 0 fail1 0 t4 0 t4only 0 t2only 0 rtfail 0 [0.0 s]
#   unit {'pos': 2820, 'blk': None}: om1 1 pos 0 st1 0 fail1 0 t4 0 t4only 0 t2only 0 rtfail 0 [0.0 s]
#   unit {'pos': 2818, 'blk': None}: om1 1 pos 0 st1 0 fail1 0 t4 0 t4only 0 t2only 0 rtfail 0 [0.1 s]
#   unit {'pos': 2822, 'blk': None}: om1 0 pos 0 st1 0 fail1 0 t4 0 t4only 0 t2only 0 rtfail 0 [0.0 s]
#   unit {'pos': 2823, 'blk': None}: om1 26 pos 18 st1 18 fail1 0 t4 12 t4only 0 t2only 0 rtfail 0 [0.0 s]
#   unit {'pos': 2821, 'blk': None}: om1 26 pos 3 st1 3 fail1 0 t4 3 t4only 0 t2only 0 rtfail 0 [0.1 s]
#   unit {'pos': 2825, 'blk': None}: om1 11 pos 0 st1 0 fail1 0 t4 0 t4only 0 t2only 0 rtfail 0 [0.0 s]
#   unit {'pos': 2826, 'blk': None}: om1 1 pos 0 st1 0 fail1 0 t4 0 t4only 0 t2only 0 rtfail 0 [0.0 s]
#   unit {'pos': 2824, 'blk': None}: om1 18 pos 0 st1 0 fail1 0 t4 0 t4only 0 t2only 0 rtfail 0 [0.1 s]
#   unit {'pos': 2828, 'blk': None}: om1 4 pos 0 st1 0 fail1 0 t4 0 t4only 0 t2only 0 rtfail 0 [0.1 s]
#   unit {'pos': 2829, 'blk': None}: om1 19 pos 0 st1 0 fail1 0 t4 0 t4only 0 t2only 0 rtfail 0 [0.0 s]
#   unit {'pos': 2831, 'blk': None}: om1 26 pos 1 st1 1 fail1 0 t4 1 t4only 0 t2only 0 rtfail 0 [0.1 s]
#   unit {'pos': 2832, 'blk': None}: om1 3 pos 0 st1 0 fail1 0 t4 0 t4only 0 t2only 0 rtfail 0 [0.1 s]
#   unit {'pos': 2827, 'blk': None}: om1 1 pos 0 st1 0 fail1 0 t4 0 t4only 0 t2only 0 rtfail 0 [0.2 s]
#   unit {'pos': 2833, 'blk': None}: om1 9 pos 0 st1 0 fail1 0 t4 0 t4only 0 t2only 0 rtfail 0 [0.1 s]
#   unit {'pos': 2834, 'blk': None}: om1 27 pos 0 st1 0 fail1 0 t4 0 t4only 0 t2only 0 rtfail 0 [0.1 s]
#   unit {'pos': 2830, 'blk': None}: om1 15 pos 0 st1 0 fail1 0 t4 0 t4only 0 t2only 0 rtfail 0 [0.2 s]
#   unit {'pos': 2836, 'blk': None}: om1 0 pos 0 st1 0 fail1 0 t4 0 t4only 0 t2only 0 rtfail 0 [0.0 s]
#   unit {'pos': 2837, 'blk': None}: om1 20 pos 0 st1 0 fail1 0 t4 0 t4only 0 t2only 0 rtfail 0 [0.1 s]
#   unit {'pos': 2839, 'blk': None}: om1 54 pos 0 st1 0 fail1 0 t4 0 t4only 0 t2only 0 rtfail 0 [0.0 s]
#   unit {'pos': 2835, 'blk': None}: om1 1 pos 0 st1 0 fail1 0 t4 0 t4only 0 t2only 0 rtfail 0 [0.1 s]
#   unit {'pos': 2840, 'blk': None}: om1 27 pos 0 st1 0 fail1 0 t4 0 t4only 0 t2only 0 rtfail 0 [0.0 s]
#   unit {'pos': 2838, 'blk': None}: om1 0 pos 0 st1 0 fail1 0 t4 0 t4only 0 t2only 0 rtfail 0 [0.1 s]
#   unit {'pos': 2841, 'blk': None}: om1 16 pos 0 st1 0 fail1 0 t4 0 t4only 0 t2only 0 rtfail 0 [0.0 s]
#   unit {'pos': 2843, 'blk': None}: om1 2492 pos 0 st1 0 fail1 0 t4 0 t4only 0 t2only 0 rtfail 0 [0.3 s]
#   unit {'pos': 2844, 'blk': None}: om1 2813 pos 12 st1 12 fail1 0 t4 8 t4only 0 t2only 0 rtfail 0 [0.4 s]
#   unit {'pos': 2845, 'blk': None}: om1 2448 pos 5 st1 5 fail1 0 t4 0 t4only 0 t2only 0 rtfail 0 [0.4 s]
#   unit {'pos': 2842, 'blk': None}: om1 2693 pos 3 st1 3 fail1 0 t4 0 t4only 0 t2only 0 rtfail 0 [0.5 s]
#   unit {'pos': 2846, 'blk': None}: om1 1798 pos 9 st1 9 fail1 0 t4 0 t4only 0 t2only 0 rtfail 0 [0.2 s]
#   unit {'pos': 2848, 'blk': None}: om1 1983 pos 12 st1 12 fail1 0 t4 0 t4only 0 t2only 0 rtfail 0 [0.2 s]
#   unit {'pos': 2847, 'blk': None}: om1 2227 pos 5 st1 5 fail1 0 t4 5 t4only 0 t2only 0 rtfail 0 [0.2 s]
#   unit {'pos': 2849, 'blk': None}: om1 2576 pos 3 st1 3 fail1 0 t4 1 t4only 0 t2only 0 rtfail 0 [0.3 s]
#   unit {'pos': 2850, 'blk': None}: om1 1971 pos 29 st1 29 fail1 0 t4 1 t4only 0 t2only 0 rtfail 0 [0.2 s]
#   unit {'pos': 2851, 'blk': None}: om1 2158 pos 1 st1 1 fail1 0 t4 0 t4only 0 t2only 0 rtfail 0 [0.2 s]
#   unit {'pos': 2852, 'blk': None}: om1 2123 pos 11 st1 11 fail1 0 t4 0 t4only 0 t2only 0 rtfail 0 [0.2 s]
#   unit {'pos': 2853, 'blk': None}: om1 1728 pos 12 st1 12 fail1 0 t4 0 t4only 0 t2only 0 rtfail 0 [0.2 s]
#   unit {'pos': 2854, 'blk': None}: om1 2616 pos 1 st1 1 fail1 0 t4 0 t4only 0 t2only 0 rtfail 0 [0.3 s]
#   unit {'pos': 2856, 'blk': None}: om1 1728 pos 0 st1 0 fail1 0 t4 0 t4only 0 t2only 0 rtfail 0 [0.2 s]
#   unit {'pos': 2855, 'blk': None}: om1 2203 pos 0 st1 0 fail1 0 t4 0 t4only 0 t2only 0 rtfail 0 [0.3 s]
#   unit {'pos': 2857, 'blk': None}: om1 2574 pos 0 st1 0 fail1 0 t4 0 t4only 0 t2only 0 rtfail 0 [0.3 s]
#   unit {'pos': 2859, 'blk': None}: om1 2422 pos 4 st1 4 fail1 0 t4 0 t4only 0 t2only 0 rtfail 0 [0.2 s]
#   unit {'pos': 2858, 'blk': None}: om1 2633 pos 5 st1 5 fail1 0 t4 4 t4only 0 t2only 0 rtfail 0 [0.3 s]
#   unit {'pos': 2860, 'blk': None}: om1 2598 pos 5 st1 5 fail1 0 t4 3 t4only 0 t2only 0 rtfail 0 [0.3 s]
#   unit {'pos': 2863, 'blk': None}: om1 2672 pos 5 st1 5 fail1 0 t4 0 t4only 0 t2only 0 rtfail 0 [0.2 s]
#   unit {'pos': 2862, 'blk': None}: om1 2610 pos 3 st1 3 fail1 0 t4 2 t4only 0 t2only 0 rtfail 0 [0.3 s]
#   unit {'pos': 2861, 'blk': None}: om1 3015 pos 3 st1 3 fail1 0 t4 0 t4only 0 t2only 0 rtfail 0 [0.3 s]
#   unit {'pos': 2864, 'blk': None}: om1 2259 pos 1 st1 1 fail1 0 t4 0 t4only 0 t2only 0 rtfail 0 [0.2 s]
#   unit {'pos': 2866, 'blk': None}: om1 2258 pos 2 st1 2 fail1 0 t4 2 t4only 0 t2only 0 rtfail 0 [0.2 s]
#   unit {'pos': 2865, 'blk': None}: om1 2546 pos 3 st1 3 fail1 0 t4 2 t4only 0 t2only 0 rtfail 0 [0.3 s]
#   unit {'pos': 2867, 'blk': None}: om1 2572 pos 7 st1 7 fail1 0 t4 1 t4only 0 t2only 0 rtfail 0 [0.3 s]
#   unit {'pos': 2868, 'blk': None}: om1 2001 pos 11 st1 11 fail1 0 t4 2 t4only 0 t2only 0 rtfail 0 [0.2 s]
#   unit {'pos': 2869, 'blk': None}: om1 1865 pos 12 st1 12 fail1 0 t4 6 t4only 0 t2only 0 rtfail 0 [0.2 s]
#   unit {'pos': 2870, 'blk': None}: om1 1895 pos 0 st1 0 fail1 0 t4 0 t4only 0 t2only 0 rtfail 0 [0.2 s]
#   unit {'pos': 2871, 'blk': None}: om1 2294 pos 4 st1 4 fail1 0 t4 0 t4only 0 t2only 0 rtfail 0 [0.3 s]
#   unit {'pos': 2872, 'blk': None}: om1 2682 pos 4 st1 4 fail1 0 t4 0 t4only 0 t2only 0 rtfail 0 [0.3 s]
#   unit {'pos': 2873, 'blk': None}: om1 2225 pos 1 st1 1 fail1 0 t4 0 t4only 0 t2only 0 rtfail 0 [0.2 s]
#   unit {'pos': 2875, 'blk': None}: om1 1883 pos 3 st1 3 fail1 0 t4 0 t4only 0 t2only 0 rtfail 0 [0.2 s]
#   unit {'pos': 2874, 'blk': None}: om1 2689 pos 0 st1 0 fail1 0 t4 0 t4only 0 t2only 0 rtfail 0 [0.3 s]
#   unit {'pos': 2877, 'blk': None}: om1 2055 pos 9 st1 9 fail1 0 t4 5 t4only 0 t2only 0 rtfail 0 [0.2 s]
#   unit {'pos': 2876, 'blk': None}: om1 2382 pos 7 st1 7 fail1 0 t4 1 t4only 0 t2only 0 rtfail 0 [0.3 s]
#   unit {'pos': 2878, 'blk': None}: om1 1991 pos 0 st1 0 fail1 0 t4 0 t4only 0 t2only 0 rtfail 0 [0.3 s]
#   unit {'pos': 2879, 'blk': None}: om1 2739 pos 0 st1 0 fail1 0 t4 0 t4only 0 t2only 0 rtfail 0 [0.3 s]
#   unit {'pos': 2881, 'blk': None}: om1 2440 pos 2 st1 2 fail1 0 t4 0 t4only 0 t2only 0 rtfail 0 [0.2 s]
#   unit {'pos': 2880, 'blk': None}: om1 2925 pos 6 st1 6 fail1 0 t4 5 t4only 0 t2only 0 rtfail 0 [0.2 s]
#   unit {'pos': 2882, 'blk': None}: om1 2620 pos 1 st1 1 fail1 0 t4 0 t4only 0 t2only 0 rtfail 0 [0.3 s]
#   unit {'pos': 2884, 'blk': None}: om1 2026 pos 2 st1 2 fail1 0 t4 0 t4only 0 t2only 0 rtfail 0 [0.2 s]
#   unit {'pos': 2885, 'blk': None}: om1 1902 pos 0 st1 0 fail1 0 t4 0 t4only 0 t2only 0 rtfail 0 [0.2 s]
#   unit {'pos': 2883, 'blk': None}: om1 2632 pos 0 st1 0 fail1 0 t4 0 t4only 0 t2only 0 rtfail 0 [0.3 s]
#   unit {'pos': 2886, 'blk': None}: om1 2318 pos 0 st1 0 fail1 0 t4 0 t4only 0 t2only 0 rtfail 0 [0.2 s]
#   unit {'pos': 2887, 'blk': None}: om1 2620 pos 4 st1 4 fail1 0 t4 3 t4only 0 t2only 0 rtfail 0 [0.2 s]
#   unit {'pos': 2888, 'blk': None}: om1 2437 pos 2 st1 2 fail1 0 t4 0 t4only 0 t2only 0 rtfail 0 [0.3 s]
#   unit {'pos': 2889, 'blk': None}: om1 2560 pos 0 st1 0 fail1 0 t4 0 t4only 0 t2only 0 rtfail 0 [0.3 s]
#   unit {'pos': 2891, 'blk': None}: om1 1781 pos 0 st1 0 fail1 0 t4 0 t4only 0 t2only 0 rtfail 0 [0.2 s]
#   unit {'pos': 2890, 'blk': None}: om1 2350 pos 2 st1 2 fail1 0 t4 2 t4only 0 t2only 0 rtfail 0 [0.3 s]
#   unit {'pos': 2892, 'blk': None}: om1 2230 pos 0 st1 0 fail1 0 t4 0 t4only 0 t2only 0 rtfail 0 [0.3 s]
#   unit {'pos': 2893, 'blk': None}: om1 2647 pos 26 st1 26 fail1 0 t4 7 t4only 0 t2only 0 rtfail 0 [0.3 s]
#   unit {'pos': 2894, 'blk': None}: om1 2637 pos 21 st1 21 fail1 0 t4 0 t4only 0 t2only 0 rtfail 0 [0.3 s]
#   unit {'pos': 2896, 'blk': None}: om1 2689 pos 0 st1 0 fail1 0 t4 0 t4only 0 t2only 0 rtfail 0 [0.3 s]
#   unit {'pos': 2895, 'blk': None}: om1 3144 pos 3 st1 3 fail1 0 t4 0 t4only 0 t2only 0 rtfail 0 [0.3 s]
#   unit {'pos': 2897, 'blk': None}: om1 2680 pos 16 st1 16 fail1 0 t4 2 t4only 0 t2only 0 rtfail 0 [0.3 s]
#   unit {'pos': 2898, 'blk': None}: om1 2746 pos 10 st1 10 fail1 0 t4 8 t4only 0 t2only 0 rtfail 0 [0.3 s]
#   unit {'pos': 2901, 'blk': None}: om1 1267 pos 0 st1 0 fail1 0 t4 0 t4only 0 t2only 0 rtfail 0 [0.2 s]
#   unit {'pos': 2899, 'blk': None}: om1 2120 pos 14 st1 14 fail1 0 t4 0 t4only 0 t2only 0 rtfail 0 [0.2 s]
#   unit {'pos': 2900, 'blk': None}: om1 2458 pos 6 st1 6 fail1 0 t4 4 t4only 0 t2only 0 rtfail 0 [0.3 s]
#   unit {'pos': 2903, 'blk': None}: om1 2232 pos 1 st1 1 fail1 0 t4 0 t4only 0 t2only 0 rtfail 0 [0.2 s]
#   unit {'pos': 2905, 'blk': None}: om1 2279 pos 14 st1 14 fail1 0 t4 0 t4only 0 t2only 0 rtfail 0 [0.3 s]
#   unit {'pos': 2902, 'blk': None}: om1 2634 pos 7 st1 7 fail1 0 t4 0 t4only 0 t2only 0 rtfail 0 [0.3 s]
#   unit {'pos': 2904, 'blk': None}: om1 2573 pos 3 st1 3 fail1 0 t4 3 t4only 0 t2only 0 rtfail 0 [0.3 s]
#   unit {'pos': 2906, 'blk': None}: om1 2114 pos 8 st1 8 fail1 0 t4 1 t4only 0 t2only 0 rtfail 0 [0.2 s]
#   unit {'pos': 2909, 'blk': None}: om1 3031 pos 0 st1 0 fail1 0 t4 0 t4only 0 t2only 0 rtfail 0 [0.3 s]
#   unit {'pos': 2908, 'blk': None}: om1 3126 pos 4 st1 4 fail1 0 t4 1 t4only 0 t2only 0 rtfail 0 [0.4 s]
#   unit {'pos': 2907, 'blk': None}: om1 3038 pos 2 st1 2 fail1 0 t4 2 t4only 0 t2only 0 rtfail 0 [0.4 s]
#   unit {'pos': 2910, 'blk': None}: om1 2777 pos 13 st1 13 fail1 0 t4 0 t4only 0 t2only 0 rtfail 0 [0.3 s]
#   unit {'pos': 2911, 'blk': None}: om1 2639 pos 13 st1 13 fail1 0 t4 7 t4only 0 t2only 0 rtfail 0 [0.3 s]
#   unit {'pos': 2913, 'blk': None}: om1 1762 pos 0 st1 0 fail1 0 t4 0 t4only 0 t2only 0 rtfail 0 [0.2 s]
#   unit {'pos': 2912, 'blk': None}: om1 2288 pos 8 st1 8 fail1 0 t4 2 t4only 0 t2only 0 rtfail 0 [0.3 s]
#   unit {'pos': 2914, 'blk': None}: om1 3126 pos 0 st1 0 fail1 0 t4 0 t4only 0 t2only 0 rtfail 0 [0.3 s]
#   unit {'pos': 2915, 'blk': None}: om1 2466 pos 0 st1 0 fail1 0 t4 0 t4only 0 t2only 0 rtfail 0 [0.3 s]
#   unit {'pos': 2916, 'blk': None}: om1 2983 pos 10 st1 10 fail1 0 t4 4 t4only 0 t2only 0 rtfail 0 [0.3 s]
#   unit {'pos': 2917, 'blk': None}: om1 2971 pos 11 st1 11 fail1 0 t4 0 t4only 0 t2only 0 rtfail 0 [0.3 s]
#   unit {'pos': 2919, 'blk': None}: om1 3069 pos 0 st1 0 fail1 0 t4 0 t4only 0 t2only 0 rtfail 0 [0.3 s]
#   unit {'pos': 2920, 'blk': None}: om1 3107 pos 4 st1 4 fail1 0 t4 4 t4only 0 t2only 0 rtfail 0 [0.3 s]
#   unit {'pos': 2918, 'blk': None}: om1 2896 pos 6 st1 6 fail1 0 t4 5 t4only 0 t2only 0 rtfail 0 [0.4 s]
#   unit {'pos': 2921, 'blk': None}: om1 3034 pos 5 st1 5 fail1 0 t4 0 t4only 0 t2only 0 rtfail 0 [0.3 s]
#   unit {'pos': 2922, 'blk': None}: om1 3114 pos 6 st1 6 fail1 0 t4 4 t4only 0 t2only 0 rtfail 0 [0.3 s]
#   unit {'pos': 2923, 'blk': None}: om1 2976 pos 10 st1 10 fail1 0 t4 4 t4only 0 t2only 0 rtfail 0 [0.3 s]
#   unit {'pos': 2925, 'blk': None}: om1 2070 pos 2 st1 2 fail1 0 t4 0 t4only 0 t2only 0 rtfail 0 [0.3 s]
#   unit {'pos': 2924, 'blk': None}: om1 3028 pos 4 st1 4 fail1 0 t4 2 t4only 0 t2only 0 rtfail 0 [0.4 s]
#   unit {'pos': 2926, 'blk': None}: om1 2362 pos 12 st1 12 fail1 0 t4 0 t4only 0 t2only 0 rtfail 0 [0.2 s]
#   unit {'pos': 2927, 'blk': None}: om1 2384 pos 8 st1 8 fail1 0 t4 2 t4only 0 t2only 0 rtfail 0 [0.2 s]
#   unit {'pos': 2928, 'blk': None}: om1 2568 pos 3 st1 3 fail1 0 t4 1 t4only 0 t2only 0 rtfail 0 [0.3 s]
#   unit {'pos': 2929, 'blk': None}: om1 2545 pos 11 st1 11 fail1 0 t4 0 t4only 0 t2only 0 rtfail 0 [0.3 s]
#   unit {'pos': 2930, 'blk': None}: om1 1927 pos 7 st1 7 fail1 0 t4 0 t4only 0 t2only 0 rtfail 0 [0.2 s]
#   unit {'pos': 2931, 'blk': None}: om1 1968 pos 0 st1 0 fail1 0 t4 0 t4only 0 t2only 0 rtfail 0 [0.2 s]
#   unit {'pos': 2932, 'blk': None}: om1 2309 pos 6 st1 6 fail1 0 t4 0 t4only 0 t2only 0 rtfail 0 [0.3 s]
#   unit {'pos': 2934, 'blk': None}: om1 2033 pos 0 st1 0 fail1 0 t4 0 t4only 0 t2only 0 rtfail 0 [0.2 s]
#   unit {'pos': 2933, 'blk': None}: om1 2678 pos 7 st1 7 fail1 0 t4 2 t4only 0 t2only 0 rtfail 0 [0.3 s]
#   unit {'pos': 2935, 'blk': None}: om1 1976 pos 2 st1 2 fail1 0 t4 0 t4only 0 t2only 0 rtfail 0 [0.2 s]
#   unit {'pos': 2936, 'blk': None}: om1 2396 pos 0 st1 0 fail1 0 t4 0 t4only 0 t2only 0 rtfail 0 [0.3 s]
#   unit {'pos': 2937, 'blk': None}: om1 2278 pos 2 st1 2 fail1 0 t4 2 t4only 0 t2only 0 rtfail 0 [0.2 s]
#   unit {'pos': 2938, 'blk': None}: om1 2288 pos 5 st1 5 fail1 0 t4 0 t4only 0 t2only 0 rtfail 0 [0.3 s]
#   unit {'pos': 2939, 'blk': None}: om1 2028 pos 0 st1 0 fail1 0 t4 0 t4only 0 t2only 0 rtfail 0 [0.2 s]
#   unit {'pos': 2940, 'blk': None}: om1 2980 pos 5 st1 5 fail1 0 t4 0 t4only 0 t2only 0 rtfail 0 [0.3 s]
#   unit {'pos': 2941, 'blk': None}: om1 2955 pos 4 st1 4 fail1 0 t4 0 t4only 0 t2only 0 rtfail 0 [0.3 s]
#   unit {'pos': 2942, 'blk': None}: om1 2968 pos 9 st1 9 fail1 0 t4 6 t4only 0 t2only 0 rtfail 0 [0.3 s]
#   unit {'pos': 2943, 'blk': None}: om1 3035 pos 26 st1 26 fail1 0 t4 1 t4only 0 t2only 0 rtfail 0 [0.3 s]
#   unit {'pos': 2944, 'blk': None}: om1 3027 pos 10 st1 10 fail1 0 t4 1 t4only 0 t2only 0 rtfail 0 [0.3 s]
#   unit {'pos': 2946, 'blk': None}: om1 2354 pos 25 st1 25 fail1 0 t4 0 t4only 0 t2only 0 rtfail 0 [0.2 s]
#   unit {'pos': 2945, 'blk': None}: om1 2677 pos 14 st1 14 fail1 0 t4 1 t4only 0 t2only 0 rtfail 0 [0.3 s]
#   unit {'pos': 2947, 'blk': None}: om1 2647 pos 19 st1 19 fail1 0 t4 0 t4only 0 t2only 0 rtfail 0 [0.3 s]
#   unit {'pos': 2948, 'blk': None}: om1 1470 pos 4 st1 4 fail1 0 t4 0 t4only 0 t2only 0 rtfail 0 [0.2 s]
#   unit {'pos': 2950, 'blk': None}: om1 2184 pos 0 st1 0 fail1 0 t4 0 t4only 0 t2only 0 rtfail 0 [0.2 s]
#   unit {'pos': 2949, 'blk': None}: om1 1904 pos 0 st1 0 fail1 0 t4 0 t4only 0 t2only 0 rtfail 0 [0.2 s]
#   unit {'pos': 2951, 'blk': None}: om1 2128 pos 15 st1 15 fail1 0 t4 0 t4only 0 t2only 0 rtfail 0 [0.2 s]
#   unit {'pos': 2952, 'blk': None}: om1 2299 pos 24 st1 24 fail1 0 t4 0 t4only 0 t2only 0 rtfail 0 [0.2 s]
#   unit {'pos': 2953, 'blk': None}: om1 2287 pos 12 st1 12 fail1 0 t4 0 t4only 0 t2only 0 rtfail 0 [0.2 s]
#   unit {'pos': 2955, 'blk': None}: om1 2098 pos 14 st1 14 fail1 0 t4 0 t4only 0 t2only 0 rtfail 0 [0.2 s]
#   unit {'pos': 2954, 'blk': None}: om1 2624 pos 12 st1 12 fail1 0 t4 1 t4only 0 t2only 0 rtfail 0 [0.3 s]
#   unit {'pos': 2956, 'blk': None}: om1 2476 pos 9 st1 9 fail1 0 t4 0 t4only 0 t2only 0 rtfail 0 [0.2 s]
#   unit {'pos': 2959, 'blk': None}: om1 1517 pos 4 st1 4 fail1 0 t4 0 t4only 0 t2only 0 rtfail 0 [0.2 s]
#   unit {'pos': 2957, 'blk': None}: om1 2144 pos 6 st1 6 fail1 0 t4 0 t4only 0 t2only 0 rtfail 0 [0.2 s]
#   unit {'pos': 2958, 'blk': None}: om1 2560 pos 2 st1 2 fail1 0 t4 0 t4only 0 t2only 0 rtfail 0 [0.3 s]
#   unit {'pos': 2960, 'blk': None}: om1 1996 pos 2 st1 2 fail1 0 t4 0 t4only 0 t2only 0 rtfail 0 [0.2 s]
#   unit {'pos': 2961, 'blk': None}: om1 1882 pos 11 st1 11 fail1 0 t4 0 t4only 0 t2only 0 rtfail 0 [0.2 s]
#   unit {'pos': 2962, 'blk': None}: om1 2052 pos 7 st1 7 fail1 0 t4 0 t4only 0 t2only 0 rtfail 0 [0.2 s]
#   unit {'pos': 2964, 'blk': None}: om1 2017 pos 8 st1 8 fail1 0 t4 0 t4only 0 t2only 0 rtfail 0 [0.2 s]
#   unit {'pos': 2963, 'blk': None}: om1 2589 pos 13 st1 13 fail1 0 t4 0 t4only 0 t2only 0 rtfail 0 [0.3 s]
#   unit {'pos': 2965, 'blk': None}: om1 2152 pos 33 st1 33 fail1 0 t4 7 t4only 0 t2only 0 rtfail 0 [0.2 s]
#   unit {'pos': 2966, 'blk': None}: om1 1955 pos 5 st1 5 fail1 0 t4 0 t4only 0 t2only 0 rtfail 0 [0.2 s]
#   unit {'pos': 2967, 'blk': None}: om1 3023 pos 20 st1 20 fail1 0 t4 8 t4only 0 t2only 0 rtfail 0 [0.3 s]
#   unit {'pos': 2968, 'blk': None}: om1 3169 pos 48 st1 48 fail1 0 t4 40 t4only 0 t2only 0 rtfail 0 [0.4 s]
#   unit {'pos': 2970, 'blk': None}: om1 3089 pos 8 st1 8 fail1 0 t4 0 t4only 0 t2only 0 rtfail 0 [0.3 s]
#   unit {'pos': 2969, 'blk': None}: om1 3641 pos 32 st1 32 fail1 0 t4 30 t4only 0 t2only 0 rtfail 0 [0.4 s]
#   unit {'pos': 2971, 'blk': None}: om1 3071 pos 10 st1 10 fail1 0 t4 7 t4only 0 t2only 0 rtfail 0 [0.4 s]
#   unit {'pos': 2972, 'blk': None}: om1 2963 pos 5 st1 5 fail1 0 t4 1 t4only 0 t2only 0 rtfail 0 [0.3 s]
#   unit {'pos': 2973, 'blk': None}: om1 3480 pos 14 st1 14 fail1 0 t4 6 t4only 0 t2only 0 rtfail 0 [0.4 s]
#   unit {'pos': 2974, 'blk': None}: om1 3430 pos 13 st1 13 fail1 0 t4 1 t4only 0 t2only 0 rtfail 0 [0.4 s]
#   unit {'pos': 2975, 'blk': None}: om1 3033 pos 1 st1 1 fail1 0 t4 0 t4only 0 t2only 0 rtfail 0 [0.3 s]
#   unit {'pos': 2976, 'blk': None}: om1 3364 pos 4 st1 4 fail1 0 t4 0 t4only 0 t2only 0 rtfail 0 [0.3 s]
#   unit {'pos': 2977, 'blk': None}: om1 2924 pos 2 st1 2 fail1 0 t4 0 t4only 0 t2only 0 rtfail 0 [0.3 s]
#   unit {'pos': 2978, 'blk': None}: om1 2638 pos 7 st1 7 fail1 0 t4 5 t4only 0 t2only 0 rtfail 0 [0.3 s]
#   unit {'pos': 2979, 'blk': None}: om1 2578 pos 2 st1 2 fail1 0 t4 0 t4only 0 t2only 0 rtfail 0 [0.3 s]
#   unit {'pos': 2980, 'blk': None}: om1 2719 pos 7 st1 7 fail1 0 t4 0 t4only 0 t2only 0 rtfail 0 [0.3 s]
#   unit {'pos': 2981, 'blk': None}: om1 2387 pos 28 st1 28 fail1 0 t4 4 t4only 0 t2only 0 rtfail 0 [0.3 s]
#   unit {'pos': 2982, 'blk': None}: om1 2612 pos 0 st1 0 fail1 0 t4 0 t4only 0 t2only 0 rtfail 0 [0.3 s]
#   unit {'pos': 2983, 'blk': None}: om1 2075 pos 7 st1 7 fail1 0 t4 2 t4only 0 t2only 0 rtfail 0 [0.2 s]
#   unit {'pos': 2984, 'blk': None}: om1 2532 pos 1 st1 1 fail1 0 t4 0 t4only 0 t2only 0 rtfail 0 [0.3 s]
#   unit {'pos': 2985, 'blk': None}: om1 2258 pos 4 st1 4 fail1 0 t4 0 t4only 0 t2only 0 rtfail 0 [0.3 s]
#   unit {'pos': 2986, 'blk': None}: om1 2019 pos 6 st1 6 fail1 0 t4 2 t4only 0 t2only 0 rtfail 0 [0.2 s]
#   unit {'pos': 2987, 'blk': None}: om1 1945 pos 0 st1 0 fail1 0 t4 0 t4only 0 t2only 0 rtfail 0 [0.2 s]
#   unit {'pos': 2988, 'blk': None}: om1 1688 pos 0 st1 0 fail1 0 t4 0 t4only 0 t2only 0 rtfail 0 [0.2 s]
#   unit {'pos': 2989, 'blk': None}: om1 2605 pos 6 st1 6 fail1 0 t4 0 t4only 0 t2only 0 rtfail 0 [0.3 s]
#   unit {'pos': 2990, 'blk': None}: om1 2872 pos 7 st1 7 fail1 0 t4 3 t4only 0 t2only 0 rtfail 0 [0.4 s]
#   unit {'pos': 2991, 'blk': None}: om1 2364 pos 6 st1 6 fail1 0 t4 0 t4only 0 t2only 0 rtfail 0 [0.3 s]
#   unit {'pos': 2992, 'blk': None}: om1 2820 pos 2 st1 2 fail1 0 t4 1 t4only 0 t2only 0 rtfail 0 [0.4 s]
#   unit {'pos': 2993, 'blk': None}: om1 2009 pos 5 st1 5 fail1 0 t4 0 t4only 0 t2only 0 rtfail 0 [0.3 s]
#   unit {'pos': 2994, 'blk': None}: om1 2678 pos 14 st1 14 fail1 0 t4 3 t4only 0 t2only 0 rtfail 0 [0.3 s]
#   unit {'pos': 2995, 'blk': None}: om1 2533 pos 9 st1 9 fail1 0 t4 5 t4only 0 t2only 0 rtfail 0 [0.4 s]
#   unit {'pos': 2996, 'blk': None}: om1 1656 pos 0 st1 0 fail1 0 t4 0 t4only 0 t2only 0 rtfail 0 [0.3 s]
#   unit {'pos': 2997, 'blk': None}: om1 3117 pos 3 st1 3 fail1 0 t4 2 t4only 0 t2only 0 rtfail 0 [0.4 s]
#   unit {'pos': 2998, 'blk': None}: om1 2719 pos 2 st1 2 fail1 0 t4 2 t4only 0 t2only 0 rtfail 0 [0.3 s]
#   unit {'pos': 2999, 'blk': None}: om1 2646 pos 0 st1 0 fail1 0 t4 0 t4only 0 t2only 0 rtfail 0 [0.3 s]
#   unit {'pos': 3000, 'blk': None}: om1 2830 pos 1 st1 1 fail1 0 t4 0 t4only 0 t2only 0 rtfail 0 [0.4 s]
#   unit {'pos': 3001, 'blk': None}: om1 2179 pos 0 st1 0 fail1 0 t4 0 t4only 0 t2only 0 rtfail 0 [0.4 s]
#   unit {'pos': 3002, 'blk': None}: om1 3512 pos 21 st1 21 fail1 0 t4 8 t4only 0 t2only 0 rtfail 0 [0.4 s]
#   unit {'pos': 3003, 'blk': None}: om1 2719 pos 0 st1 0 fail1 0 t4 0 t4only 0 t2only 0 rtfail 0 [0.4 s]
#   unit {'pos': 3004, 'blk': None}: om1 2826 pos 9 st1 9 fail1 0 t4 0 t4only 0 t2only 0 rtfail 0 [0.3 s]
#   unit {'pos': 3005, 'blk': None}: om1 2805 pos 7 st1 7 fail1 0 t4 0 t4only 0 t2only 0 rtfail 0 [0.3 s]
#   unit {'pos': 3006, 'blk': None}: om1 2722 pos 6 st1 6 fail1 0 t4 0 t4only 0 t2only 0 rtfail 0 [0.4 s]
#   unit {'pos': 3009, 'blk': None}: om1 1781 pos 6 st1 6 fail1 0 t4 6 t4only 0 t2only 0 rtfail 0 [0.3 s]
#   unit {'pos': 3008, 'blk': None}: om1 2054 pos 13 st1 13 fail1 0 t4 0 t4only 0 t2only 0 rtfail 0 [0.5 s]
#   unit {'pos': 3007, 'blk': None}: om1 1976 pos 9 st1 9 fail1 0 t4 2 t4only 0 t2only 0 rtfail 0 [0.6 s]
#   unit {'pos': 3011, 'blk': None}: om1 2072 pos 11 st1 11 fail1 0 t4 1 t4only 0 t2only 0 rtfail 0 [0.5 s]
#   unit {'pos': 3010, 'blk': None}: om1 2406 pos 1 st1 1 fail1 0 t4 0 t4only 0 t2only 0 rtfail 0 [0.6 s]
#   unit {'pos': 3012, 'blk': None}: om1 1498 pos 0 st1 0 fail1 0 t4 0 t4only 0 t2only 0 rtfail 0 [0.4 s]
#   unit {'pos': 3013, 'blk': None}: om1 2326 pos 6 st1 6 fail1 0 t4 2 t4only 0 t2only 0 rtfail 0 [0.6 s]
#   unit {'pos': 3014, 'blk': None}: om1 2554 pos 22 st1 22 fail1 0 t4 8 t4only 0 t2only 0 rtfail 0 [0.3 s]
#   unit {'pos': 3015, 'blk': None}: om1 2729 pos 2 st1 2 fail1 0 t4 1 t4only 0 t2only 0 rtfail 0 [0.6 s]
#   unit {'pos': 3016, 'blk': None}: om1 3497 pos 0 st1 0 fail1 0 t4 0 t4only 0 t2only 0 rtfail 0 [0.8 s]
#   unit {'pos': 3017, 'blk': None}: om1 3439 pos 16 st1 16 fail1 0 t4 16 t4only 0 t2only 0 rtfail 0 [0.8 s]
#   unit {'pos': 3018, 'blk': None}: om1 3399 pos 2 st1 2 fail1 0 t4 0 t4only 0 t2only 0 rtfail 0 [0.8 s]
#   unit {'pos': 3019, 'blk': None}: om1 3384 pos 5 st1 5 fail1 0 t4 2 t4only 0 t2only 0 rtfail 0 [0.8 s]
#   unit {'pos': 3021, 'blk': None}: om1 2537 pos 0 st1 0 fail1 0 t4 0 t4only 0 t2only 0 rtfail 0 [0.6 s]
#   unit {'pos': 3020, 'blk': None}: om1 3270 pos 3 st1 3 fail1 0 t4 0 t4only 0 t2only 0 rtfail 0 [0.9 s]
#   unit {'pos': 3022, 'blk': None}: om1 2807 pos 3 st1 3 fail1 0 t4 0 t4only 0 t2only 0 rtfail 0 [0.7 s]
#   unit {'pos': 3023, 'blk': None}: om1 2017 pos 0 st1 0 fail1 0 t4 0 t4only 0 t2only 0 rtfail 0 [0.6 s]
#   unit {'pos': 3024, 'blk': None}: om1 2319 pos 0 st1 0 fail1 0 t4 0 t4only 0 t2only 0 rtfail 0 [0.6 s]
#   unit {'pos': 3025, 'blk': None}: om1 3348 pos 22 st1 22 fail1 0 t4 18 t4only 0 t2only 0 rtfail 0 [0.7 s]
#   unit {'pos': 3027, 'blk': None}: om1 2775 pos 1 st1 1 fail1 0 t4 0 t4only 0 t2only 0 rtfail 0 [0.6 s]
#   unit {'pos': 3026, 'blk': None}: om1 3311 pos 3 st1 3 fail1 0 t4 2 t4only 0 t2only 0 rtfail 0 [0.7 s]
#   unit {'pos': 3028, 'blk': None}: om1 2802 pos 3 st1 3 fail1 0 t4 3 t4only 0 t2only 0 rtfail 0 [0.4 s]
#   unit {'pos': 3030, 'blk': None}: om1 2040 pos 0 st1 0 fail1 0 t4 0 t4only 0 t2only 0 rtfail 0 [0.2 s]
#   unit {'pos': 3029, 'blk': None}: om1 2750 pos 8 st1 8 fail1 0 t4 1 t4only 0 t2only 0 rtfail 0 [0.4 s]
#   unit {'pos': 3031, 'blk': None}: om1 2235 pos 0 st1 0 fail1 0 t4 0 t4only 0 t2only 0 rtfail 0 [0.4 s]
#   unit {'pos': 3032, 'blk': None}: om1 2025 pos 0 st1 0 fail1 0 t4 0 t4only 0 t2only 0 rtfail 0 [0.3 s]
#   unit {'pos': 3033, 'blk': None}: om1 2353 pos 0 st1 0 fail1 0 t4 0 t4only 0 t2only 0 rtfail 0 [0.3 s]
#   unit {'pos': 3034, 'blk': None}: om1 2756 pos 4 st1 4 fail1 0 t4 0 t4only 0 t2only 0 rtfail 0 [0.3 s]
#   unit {'pos': 3037, 'blk': None}: om1 910 pos 0 st1 0 fail1 0 t4 0 t4only 0 t2only 0 rtfail 0 [0.1 s]
#   unit {'pos': 3035, 'blk': None}: om1 2703 pos 17 st1 17 fail1 0 t4 4 t4only 0 t2only 0 rtfail 0 [0.3 s]
#   unit {'pos': 3040, 'blk': None}: om1 932 pos 25 st1 25 fail1 0 t4 25 t4only 0 t2only 0 rtfail 0 [0.1 s]
#   unit {'pos': 3036, 'blk': None}: om1 3137 pos 21 st1 21 fail1 0 t4 19 t4only 0 t2only 0 rtfail 0 [0.3 s]
#   unit {'pos': 3039, 'blk': None}: om1 2105 pos 37 st1 37 fail1 0 t4 6 t4only 0 t2only 0 rtfail 0 [0.2 s]
#   unit {'pos': 3038, 'blk': None}: om1 2571 pos 40 st1 40 fail1 0 t4 3 t4only 0 t2only 0 rtfail 0 [0.3 s]
#   unit {'pos': 3041, 'blk': None}: om1 2417 pos 26 st1 26 fail1 0 t4 7 t4only 0 t2only 0 rtfail 0 [0.3 s]
#   unit {'pos': 3043, 'blk': None}: om1 2419 pos 7 st1 7 fail1 0 t4 0 t4only 0 t2only 0 rtfail 0 [0.2 s]
#   unit {'pos': 3042, 'blk': None}: om1 2673 pos 3 st1 3 fail1 0 t4 0 t4only 0 t2only 0 rtfail 0 [0.3 s]
#   unit {'pos': 3044, 'blk': None}: om1 1833 pos 8 st1 8 fail1 0 t4 8 t4only 0 t2only 0 rtfail 0 [0.2 s]
#   unit {'pos': 3045, 'blk': None}: om1 1617 pos 10 st1 10 fail1 0 t4 4 t4only 0 t2only 0 rtfail 0 [0.2 s]
#   unit {'pos': 3047, 'blk': None}: om1 1992 pos 27 st1 27 fail1 0 t4 0 t4only 0 t2only 0 rtfail 0 [0.2 s]
#   unit {'pos': 3046, 'blk': None}: om1 2114 pos 8 st1 8 fail1 0 t4 7 t4only 0 t2only 0 rtfail 0 [0.2 s]
#   unit {'pos': 3048, 'blk': None}: om1 2277 pos 16 st1 16 fail1 0 t4 0 t4only 0 t2only 0 rtfail 0 [0.2 s]
#   unit {'pos': 3049, 'blk': None}: om1 2771 pos 4 st1 4 fail1 0 t4 0 t4only 0 t2only 0 rtfail 0 [0.3 s]
#   unit {'pos': 3052, 'blk': None}: om1 1768 pos 0 st1 0 fail1 0 t4 0 t4only 0 t2only 0 rtfail 0 [0.2 s]
#   unit {'pos': 3050, 'blk': None}: om1 2841 pos 7 st1 7 fail1 0 t4 1 t4only 0 t2only 0 rtfail 0 [0.3 s]
#   unit {'pos': 3051, 'blk': None}: om1 3062 pos 44 st1 44 fail1 0 t4 44 t4only 0 t2only 0 rtfail 0 [0.3 s]
#   unit {'pos': 3053, 'blk': None}: om1 2666 pos 8 st1 8 fail1 0 t4 2 t4only 0 t2only 0 rtfail 0 [0.3 s]
#   unit {'pos': 3055, 'blk': None}: om1 2341 pos 1 st1 1 fail1 0 t4 0 t4only 0 t2only 0 rtfail 0 [0.2 s]
#   unit {'pos': 3056, 'blk': None}: om1 1732 pos 0 st1 0 fail1 0 t4 0 t4only 0 t2only 0 rtfail 0 [0.2 s]
#   unit {'pos': 3054, 'blk': None}: om1 2674 pos 4 st1 4 fail1 0 t4 1 t4only 0 t2only 0 rtfail 0 [0.3 s]
#   unit {'pos': 3057, 'blk': None}: om1 2639 pos 1 st1 1 fail1 0 t4 0 t4only 0 t2only 0 rtfail 0 [0.3 s]
#   unit {'pos': 3060, 'blk': None}: om1 2006 pos 0 st1 0 fail1 0 t4 0 t4only 0 t2only 0 rtfail 0 [0.2 s]
#   unit {'pos': 3059, 'blk': None}: om1 2044 pos 0 st1 0 fail1 0 t4 0 t4only 0 t2only 0 rtfail 0 [0.3 s]
#   unit {'pos': 3058, 'blk': None}: om1 2464 pos 1 st1 1 fail1 0 t4 0 t4only 0 t2only 0 rtfail 0 [0.3 s]
#   unit {'pos': 3061, 'blk': None}: om1 2228 pos 0 st1 0 fail1 0 t4 0 t4only 0 t2only 0 rtfail 0 [0.2 s]
#   unit {'pos': 3062, 'blk': None}: om1 2270 pos 1 st1 1 fail1 0 t4 0 t4only 0 t2only 0 rtfail 0 [0.3 s]
#   unit {'pos': 3063, 'blk': None}: om1 2314 pos 0 st1 0 fail1 0 t4 0 t4only 0 t2only 0 rtfail 0 [0.2 s]
#   unit {'pos': 3064, 'blk': None}: om1 6812 pos 0 st1 0 fail1 0 t4 0 t4only 0 t2only 0 rtfail 0 [0.5 s]
#   unit {'pos': 3067, 'blk': None}: om1 5721 pos 0 st1 0 fail1 0 t4 0 t4only 0 t2only 0 rtfail 0 [0.4 s]
#   unit {'pos': 3065, 'blk': None}: om1 7695 pos 0 st1 0 fail1 0 t4 0 t4only 0 t2only 0 rtfail 0 [0.5 s]
#   unit {'pos': 3066, 'blk': None}: om1 7029 pos 0 st1 0 fail1 0 t4 0 t4only 0 t2only 0 rtfail 0 [0.5 s]
#   unit {'pos': 3068, 'blk': None}: om1 7811 pos 4 st1 4 fail1 0 t4 4 t4only 0 t2only 0 rtfail 0 [0.6 s]
#   unit {'pos': 3069, 'blk': None}: om1 6466 pos 16 st1 16 fail1 0 t4 11 t4only 0 t2only 0 rtfail 0 [0.6 s]
#   unit {'pos': 3071, 'blk': None}: om1 7120 pos 35 st1 35 fail1 0 t4 30 t4only 0 t2only 0 rtfail 0 [0.5 s]
#   unit {'pos': 3070, 'blk': None}: om1 7358 pos 6 st1 6 fail1 0 t4 4 t4only 0 t2only 0 rtfail 0 [0.6 s]
#   unit {'pos': 3072, 'blk': None}: om1 7441 pos 32 st1 32 fail1 0 t4 18 t4only 0 t2only 0 rtfail 0 [0.5 s]
#   unit {'pos': 3074, 'blk': None}: om1 6202 pos 9 st1 9 fail1 0 t4 4 t4only 0 t2only 0 rtfail 0 [0.4 s]
#   unit {'pos': 3073, 'blk': None}: om1 7401 pos 2 st1 2 fail1 0 t4 2 t4only 0 t2only 0 rtfail 0 [0.5 s]
#   unit {'pos': 3075, 'blk': None}: om1 6914 pos 11 st1 11 fail1 0 t4 11 t4only 0 t2only 0 rtfail 0 [0.6 s]
#   unit {'pos': 3076, 'blk': None}: om1 7547 pos 4 st1 4 fail1 0 t4 2 t4only 0 t2only 0 rtfail 0 [0.5 s]
#   unit {'pos': 3077, 'blk': None}: om1 6833 pos 21 st1 21 fail1 0 t4 12 t4only 0 t2only 0 rtfail 0 [0.5 s]
#   unit {'pos': 3078, 'blk': None}: om1 7534 pos 2 st1 2 fail1 0 t4 2 t4only 0 t2only 0 rtfail 0 [0.5 s]
#   unit {'pos': 3079, 'blk': None}: om1 5991 pos 21 st1 21 fail1 0 t4 14 t4only 0 t2only 0 rtfail 0 [0.4 s]
#   unit {'pos': 3080, 'blk': None}: om1 6783 pos 15 st1 15 fail1 0 t4 7 t4only 0 t2only 0 rtfail 0 [0.4 s]
#   unit {'pos': 3081, 'blk': None}: om1 6727 pos 2 st1 2 fail1 0 t4 2 t4only 0 t2only 0 rtfail 0 [0.5 s]
#   unit {'pos': 3082, 'blk': None}: om1 6985 pos 8 st1 8 fail1 0 t4 8 t4only 0 t2only 0 rtfail 0 [0.5 s]
#   unit {'pos': 3083, 'blk': None}: om1 7015 pos 5 st1 5 fail1 0 t4 3 t4only 0 t2only 0 rtfail 0 [0.6 s]
#   unit {'pos': 3084, 'blk': None}: om1 7495 pos 14 st1 14 fail1 0 t4 12 t4only 0 t2only 0 rtfail 0 [0.7 s]
#   unit {'pos': 3086, 'blk': None}: om1 6070 pos 37 st1 37 fail1 0 t4 24 t4only 0 t2only 0 rtfail 0 [0.5 s]
#   unit {'pos': 3085, 'blk': None}: om1 7020 pos 6 st1 6 fail1 0 t4 6 t4only 0 t2only 0 rtfail 0 [0.6 s]
#   unit {'pos': 3087, 'blk': None}: om1 5933 pos 11 st1 11 fail1 0 t4 3 t4only 0 t2only 0 rtfail 0 [0.5 s]
#   unit {'pos': 3088, 'blk': None}: om1 6783 pos 24 st1 24 fail1 0 t4 21 t4only 0 t2only 0 rtfail 0 [0.5 s]
#   unit {'pos': 3089, 'blk': None}: om1 6637 pos 29 st1 29 fail1 0 t4 19 t4only 0 t2only 0 rtfail 0 [0.5 s]
#   unit {'pos': 3090, 'blk': None}: om1 7795 pos 46 st1 46 fail1 0 t4 45 t4only 0 t2only 0 rtfail 0 [0.6 s]
#   unit {'pos': 3091, 'blk': None}: om1 7832 pos 60 st1 60 fail1 0 t4 58 t4only 0 t2only 0 rtfail 0 [0.6 s]
#   unit {'pos': 3092, 'blk': None}: om1 7059 pos 36 st1 36 fail1 0 t4 33 t4only 0 t2only 0 rtfail 0 [0.5 s]
#   unit {'pos': 3093, 'blk': None}: om1 7540 pos 58 st1 58 fail1 0 t4 52 t4only 0 t2only 0 rtfail 0 [0.6 s]
#   unit {'pos': 3094, 'blk': None}: om1 7431 pos 70 st1 70 fail1 0 t4 67 t4only 0 t2only 0 rtfail 0 [0.6 s]
#   unit {'pos': 3095, 'blk': None}: om1 7369 pos 144 st1 144 fail1 0 t4 97 t4only 0 t2only 0 rtfail 0 [0.5 s]
#   unit {'pos': 3096, 'blk': None}: om1 8234 pos 131 st1 131 fail1 0 t4 106 t4only 0 t2only 0 rtfail 0 [0.6 s]
#   unit {'pos': 3097, 'blk': None}: om1 7517 pos 88 st1 88 fail1 0 t4 76 t4only 0 t2only 0 rtfail 0 [0.6 s]
#   unit {'pos': 3098, 'blk': None}: om1 7850 pos 104 st1 104 fail1 0 t4 78 t4only 0 t2only 0 rtfail 0 [0.5 s]
#   unit {'pos': 3099, 'blk': None}: om1 7674 pos 152 st1 152 fail1 0 t4 115 t4only 0 t2only 0 rtfail 0 [0.6 s]
#   unit {'pos': 3100, 'blk': None}: om1 6204 pos 95 st1 95 fail1 0 t4 58 t4only 0 t2only 0 rtfail 0 [0.4 s]
#   unit {'pos': 3101, 'blk': None}: om1 7191 pos 59 st1 59 fail1 0 t4 42 t4only 0 t2only 0 rtfail 0 [0.5 s]
#   unit {'pos': 3102, 'blk': None}: om1 6793 pos 41 st1 41 fail1 0 t4 37 t4only 0 t2only 0 rtfail 0 [0.5 s]
#   unit {'pos': 3104, 'blk': None}: om1 5953 pos 15 st1 15 fail1 0 t4 5 t4only 0 t2only 0 rtfail 0 [0.4 s]
#   unit {'pos': 3103, 'blk': None}: om1 7248 pos 25 st1 25 fail1 0 t4 23 t4only 0 t2only 0 rtfail 0 [0.5 s]
#   unit {'pos': 3105, 'blk': None}: om1 6648 pos 76 st1 76 fail1 0 t4 60 t4only 0 t2only 0 rtfail 0 [0.4 s]
#   unit {'pos': 3106, 'blk': None}: om1 5818 pos 40 st1 40 fail1 0 t4 21 t4only 0 t2only 0 rtfail 0 [0.4 s]
#   unit {'pos': 3107, 'blk': None}: om1 6330 pos 72 st1 72 fail1 0 t4 47 t4only 0 t2only 0 rtfail 0 [0.4 s]
#   unit {'pos': 3108, 'blk': None}: om1 6424 pos 92 st1 92 fail1 0 t4 45 t4only 0 t2only 0 rtfail 0 [0.4 s]
#   unit {'pos': 3109, 'blk': None}: om1 4709 pos 20 st1 20 fail1 0 t4 7 t4only 0 t2only 0 rtfail 0 [0.4 s]
#   unit {'pos': 3110, 'blk': None}: om1 6765 pos 18 st1 18 fail1 0 t4 18 t4only 0 t2only 0 rtfail 0 [0.5 s]
#   unit {'pos': 3111, 'blk': None}: om1 6600 pos 10 st1 10 fail1 0 t4 10 t4only 0 t2only 0 rtfail 0 [0.5 s]
#   unit {'pos': 3112, 'blk': None}: om1 7395 pos 30 st1 30 fail1 0 t4 28 t4only 0 t2only 0 rtfail 0 [0.5 s]
#   unit {'pos': 3113, 'blk': None}: om1 7422 pos 18 st1 18 fail1 0 t4 16 t4only 0 t2only 0 rtfail 0 [0.6 s]
#   unit {'pos': 3114, 'blk': None}: om1 7209 pos 64 st1 64 fail1 0 t4 28 t4only 0 t2only 0 rtfail 0 [0.5 s]
#   unit {'pos': 3116, 'blk': None}: om1 6292 pos 31 st1 31 fail1 0 t4 14 t4only 0 t2only 0 rtfail 0 [0.5 s]
#   unit {'pos': 3115, 'blk': None}: om1 7224 pos 61 st1 61 fail1 0 t4 36 t4only 0 t2only 0 rtfail 0 [0.5 s]
#   unit {'pos': 3117, 'blk': None}: om1 6426 pos 17 st1 17 fail1 0 t4 11 t4only 0 t2only 0 rtfail 0 [0.5 s]
#   unit {'pos': 3118, 'blk': None}: om1 6584 pos 48 st1 48 fail1 0 t4 38 t4only 0 t2only 0 rtfail 0 [0.5 s]
