# command: python3 k4/dl134_xcheck.py results/k4_dl13/states_cat.jsonl.gz results/k4_dl13/states_nbhd123.jsonl.gz results/k4_dl13/hunt_n4_3_m8.jsonl.gz results/k4_dl13/hunt_pure_m8.jsonl.gz results/k4_dl13/hunt_n4_3_m6.jsonl.gz results/k4_dl13/hunt_pure_m6.jsonl.gz --out=results/k4_dl13/dl134_xcheck_own.jsonl.gz
# 3985 profiles in the dumps, 4068 DL13-failing states; evaluating 3985 profiles
X k4_certs_4_pure.json.gz#123[m=9,idx=0]:7,196,164,44#? 0,0,0,0 [[7], [2, 8], [4, 5], [3, 6]] def 1 k 3 | t1=0 t2=1 t3p=0 t3h=0 t4=0 t4s2=0 | R13=0 R134=0 R134s2=0 RT=1 RT4=1 RT4s2=1 | t4min 0
X k4_certs_4_pure.json.gz#123 35,196,164,44 [[7], [2, 8], [4, 5], [3, 6]] def 1 k 3 | t1=0 t2=1 t3p=0 t3h=0 t4=0 t4s2=0 | R13=0 R134=0 R134s2=0 RT=1 RT4=1 RT4s2=1 | t4min 0
X k4_certs_4_pure.json.gz#123 7,16,164,44 [[7], [2, 8], [4, 5], [3, 6]] def 1 k 3 | t1=0 t2=1 t3p=0 t3h=0 t4=0 t4s2=0 | R13=0 R134=0 R134s2=0 RT=1 RT4=1 RT4s2=1 | t4min 0
X k4_certs_4_pure.json.gz#123 7,33,164,44 [[7], [2, 8], [4, 5], [3, 6]] def 1 k 3 | t1=0 t2=1 t3p=0 t3h=0 t4=0 t4s2=0 | R13=0 R134=0 R134s2=0 RT=1 RT4=1 RT4s2=1 | t4min 0
X k4_certs_4_pure.json.gz#123 7,49,164,44 [[7], [2, 8], [4, 5], [3, 6]] def 1 k 3 | t1=0 t2=1 t3p=0 t3h=0 t4=0 t4s2=0 | R13=0 R134=0 R134s2=0 RT=1 RT4=1 RT4s2=1 | t4min 0
X k4_certs_4_pure.json.gz#123 7,51,164,44 [[7], [2, 8], [4, 5], [3, 6]] def 1 k 3 | t1=0 t2=1 t3p=0 t3h=0 t4=0 t4s2=0 | R13=0 R134=0 R134s2=0 RT=1 RT4=1 RT4s2=1 | t4min 0
X k4_certs_4_pure.json.gz#123 7,53,164,44 [[7], [2, 8], [4, 5], [3, 6]] def 1 k 3 | t1=0 t2=1 t3p=0 t3h=0 t4=0 t4s2=0 | R13=0 R134=0 R134s2=0 RT=1 RT4=1 RT4s2=1 | t4min 0
X k4_certs_4_pure.json.gz#123 7,57,164,44 [[7], [2, 8], [4, 5], [3, 6]] def 1 k 3 | t1=0 t2=1 t3p=0 t3h=0 t4=0 t4s2=0 | R13=0 R134=0 R134s2=0 RT=1 RT4=1 RT4s2=1 | t4min 0
X k4_certs_4_pure.json.gz#123 7,61,164,44 [[7], [2, 8], [4, 5], [3, 6]] def 1 k 3 | t1=0 t2=1 t3p=0 t3h=0 t4=0 t4s2=0 | R13=0 R134=0 R134s2=0 RT=1 RT4=1 RT4s2=1 | t4min 0
X k4_certs_4_pure.json.gz#123 7,62,164,44 [[7], [2, 8], [4, 5], [3, 6]] def 1 k 3 | t1=0 t2=1 t3p=0 t3h=0 t4=0 t4s2=0 | R13=0 R134=0 R134s2=0 RT=1 RT4=1 RT4s2=1 | t4min 0
X k4_certs_4_pure.json.gz#123 7,63,164,44 [[7], [2, 8], [4, 5], [3, 6]] def 1 k 3 | t1=0 t2=1 t3p=0 t3h=0 t4=0 t4s2=0 | R13=0 R134=0 R134s2=0 RT=1 RT4=1 RT4s2=1 | t4min 0
X k4_certs_4_pure.json.gz#123 7,66,164,44 [[7], [2, 8], [4, 5], [3, 6]] def 1 k 3 | t1=0 t2=1 t3p=0 t3h=0 t4=0 t4s2=0 | R13=0 R134=0 R134s2=0 RT=1 RT4=1 RT4s2=1 | t4min 0
X k4_certs_4_pure.json.gz#123 7,73,164,44 [[7], [2, 8], [4, 5], [3, 6]] def 1 k 3 | t1=0 t2=1 t3p=0 t3h=0 t4=0 t4s2=0 | R13=0 R134=0 R134s2=0 RT=1 RT4=1 RT4s2=1 | t4min 0
X k4_certs_4_pure.json.gz#123 7,75,164,44 [[7], [2, 8], [4, 5], [3, 6]] def 1 k 3 | t1=0 t2=1 t3p=0 t3h=0 t4=0 t4s2=0 | R13=0 R134=0 R134s2=0 RT=1 RT4=1 RT4s2=1 | t4min 0
X k4_certs_4_pure.json.gz#123 7,85,164,44 [[7], [2, 8], [4, 5], [3, 6]] def 1 k 3 | t1=0 t2=1 t3p=0 t3h=0 t4=0 t4s2=0 | R13=0 R134=0 R134s2=0 RT=1 RT4=1 RT4s2=1 | t4min 0
X k4_certs_4_pure.json.gz#123 7,87,164,44 [[7], [2, 8], [4, 5], [3, 6]] def 1 k 3 | t1=0 t2=1 t3p=0 t3h=0 t4=0 t4s2=0 | R13=0 R134=0 R134s2=0 RT=1 RT4=1 RT4s2=1 | t4min 0
X k4_certs_4_pure.json.gz#123 7,91,164,44 [[7], [2, 8], [4, 5], [3, 6]] def 1 k 3 | t1=0 t2=1 t3p=0 t3h=0 t4=0 t4s2=0 | R13=0 R134=0 R134s2=0 RT=1 RT4=1 RT4s2=1 | t4min 0
X k4_certs_4_pure.json.gz#123 7,93,164,44 [[7], [2, 8], [4, 5], [3, 6]] def 1 k 3 | t1=0 t2=1 t3p=0 t3h=0 t4=0 t4s2=0 | R13=0 R134=0 R134s2=0 RT=1 RT4=1 RT4s2=1 | t4min 0
X k4_certs_4_pure.json.gz#123 7,97,164,44 [[7], [2, 8], [4, 5], [3, 6]] def 1 k 3 | t1=0 t2=1 t3p=0 t3h=0 t4=0 t4s2=0 | R13=0 R134=0 R134s2=0 RT=1 RT4=1 RT4s2=1 | t4min 0
X k4_certs_4_pure.json.gz#123 7,103,164,44 [[7], [2, 8], [4, 5], [3, 6]] def 1 k 3 | t1=0 t2=1 t3p=0 t3h=0 t4=0 t4s2=0 | R13=0 R134=0 R134s2=0 RT=1 RT4=1 RT4s2=1 | t4min 0
X k4_certs_4_pure.json.gz#123 7,110,164,44 [[7], [2, 8], [4, 5], [3, 6]] def 1 k 3 | t1=0 t2=1 t3p=0 t3h=0 t4=0 t4s2=0 | R13=0 R134=0 R134s2=0 RT=1 RT4=1 RT4s2=1 | t4min 0
X k4_certs_4_pure.json.gz#123 7,113,164,44 [[7], [2, 8], [4, 5], [3, 6]] def 1 k 3 | t1=0 t2=1 t3p=0 t3h=0 t4=0 t4s2=0 | R13=0 R134=0 R134s2=0 RT=1 RT4=1 RT4s2=1 | t4min 0
X k4_certs_4_pure.json.gz#123 7,116,164,44 [[7], [2, 8], [4, 5], [3, 6]] def 1 k 3 | t1=0 t2=1 t3p=0 t3h=0 t4=0 t4s2=0 | R13=0 R134=0 R134s2=0 RT=1 RT4=1 RT4s2=1 | t4min 0
X k4_certs_4_pure.json.gz#123 7,119,164,44 [[7], [2, 8], [4, 5], [3, 6]] def 1 k 3 | t1=0 t2=1 t3p=0 t3h=0 t4=0 t4s2=0 | R13=0 R134=0 R134s2=0 RT=1 RT4=1 RT4s2=1 | t4min 0
X k4_certs_4_pure.json.gz#123 7,122,164,44 [[7], [2, 8], [4, 5], [3, 6]] def 1 k 3 | t1=0 t2=1 t3p=0 t3h=0 t4=0 t4s2=0 | R13=0 R134=0 R134s2=0 RT=1 RT4=1 RT4s2=1 | t4min 0
X k4_certs_4_pure.json.gz#123 7,123,164,44 [[7], [2, 8], [4, 5], [3, 6]] def 1 k 3 | t1=0 t2=1 t3p=0 t3h=0 t4=0 t4s2=0 | R13=0 R134=0 R134s2=0 RT=1 RT4=1 RT4s2=1 | t4min 0
X k4_certs_4_pure.json.gz#123 7,127,164,44 [[7], [2, 8], [4, 5], [3, 6]] def 1 k 3 | t1=0 t2=1 t3p=0 t3h=0 t4=0 t4s2=0 | R13=0 R134=0 R134s2=0 RT=1 RT4=1 RT4s2=1 | t4min 0
X k4_certs_4_pure.json.gz#123 7,133,164,44 [[7], [2, 8], [4, 5], [3, 6]] def 1 k 3 | t1=0 t2=1 t3p=0 t3h=0 t4=0 t4s2=0 | R13=0 R134=0 R134s2=0 RT=1 RT4=1 RT4s2=1 | t4min 0
X k4_certs_4_pure.json.gz#123 7,136,164,44 [[7], [2, 8], [4, 5], [3, 6]] def 1 k 3 | t1=0 t2=1 t3p=0 t3h=0 t4=0 t4s2=0 | R13=0 R134=0 R134s2=0 RT=1 RT4=1 RT4s2=1 | t4min 0
X k4_certs_4_pure.json.gz#123 7,137,164,44 [[7], [2, 8], [4, 5], [3, 6]] def 1 k 3 | t1=0 t2=1 t3p=0 t3h=0 t4=0 t4s2=0 | R13=0 R134=0 R134s2=0 RT=1 RT4=1 RT4s2=1 | t4min 0
X k4_certs_4_pure.json.gz#123 7,139,164,44 [[7], [2, 8], [4, 5], [3, 6]] def 1 k 3 | t1=0 t2=1 t3p=0 t3h=0 t4=0 t4s2=0 | R13=0 R134=0 R134s2=0 RT=1 RT4=1 RT4s2=1 | t4min 0
X k4_certs_4_pure.json.gz#123 7,140,164,44 [[7], [2, 8], [4, 5], [3, 6]] def 1 k 3 | t1=0 t2=1 t3p=0 t3h=0 t4=0 t4s2=0 | R13=0 R134=0 R134s2=0 RT=1 RT4=1 RT4s2=1 | t4min 0
X k4_certs_4_pure.json.gz#123 7,142,164,44 [[7], [2, 8], [4, 5], [3, 6]] def 1 k 3 | t1=0 t2=1 t3p=0 t3h=0 t4=0 t4s2=0 | R13=0 R134=0 R134s2=0 RT=1 RT4=1 RT4s2=1 | t4min 0
X k4_certs_4_pure.json.gz#123 7,143,164,44 [[7], [2, 8], [4, 5], [3, 6]] def 1 k 3 | t1=0 t2=1 t3p=0 t3h=0 t4=0 t4s2=0 | R13=0 R134=0 R134s2=0 RT=1 RT4=1 RT4s2=1 | t4min 0
X k4_certs_4_pure.json.gz#123 7,154,164,44 [[7], [2, 8], [4, 5], [3, 6]] def 1 k 3 | t1=0 t2=1 t3p=0 t3h=0 t4=0 t4s2=0 | R13=0 R134=0 R134s2=0 RT=1 RT4=1 RT4s2=1 | t4min 0
X k4_certs_4_pure.json.gz#123 7,162,164,44 [[7], [2, 8], [4, 5], [3, 6]] def 1 k 3 | t1=0 t2=1 t3p=0 t3h=0 t4=0 t4s2=0 | R13=0 R134=0 R134s2=0 RT=1 RT4=1 RT4s2=1 | t4min 0
X k4_certs_4_pure.json.gz#123 7,163,164,44 [[7], [2, 8], [4, 5], [3, 6]] def 1 k 3 | t1=0 t2=1 t3p=0 t3h=0 t4=0 t4s2=0 | R13=0 R134=0 R134s2=0 RT=1 RT4=1 RT4s2=1 | t4min 0
X k4_certs_4_pure.json.gz#123 7,166,164,44 [[7], [2, 8], [4, 5], [3, 6]] def 1 k 3 | t1=0 t2=1 t3p=0 t3h=0 t4=0 t4s2=0 | R13=0 R134=0 R134s2=0 RT=1 RT4=1 RT4s2=1 | t4min 0
X k4_certs_4_pure.json.gz#123 7,167,164,44 [[7], [2, 8], [4, 5], [3, 6]] def 1 k 3 | t1=0 t2=1 t3p=0 t3h=0 t4=0 t4s2=0 | R13=0 R134=0 R134s2=0 RT=1 RT4=1 RT4s2=1 | t4min 0
X k4_certs_4_pure.json.gz#123 7,170,164,44 [[7], [2, 8], [4, 5], [3, 6]] def 1 k 3 | t1=0 t2=1 t3p=0 t3h=0 t4=0 t4s2=0 | R13=0 R134=0 R134s2=0 RT=1 RT4=1 RT4s2=1 | t4min 0
X k4_certs_4_pure.json.gz#123 7,173,164,44 [[7], [2, 8], [4, 5], [3, 6]] def 1 k 3 | t1=0 t2=1 t3p=0 t3h=0 t4=0 t4s2=0 | R13=0 R134=0 R134s2=0 RT=1 RT4=1 RT4s2=1 | t4min 0
X k4_certs_4_pure.json.gz#123 7,176,164,44 [[7], [2, 8], [4, 5], [3, 6]] def 1 k 3 | t1=0 t2=1 t3p=0 t3h=0 t4=0 t4s2=0 | R13=0 R134=0 R134s2=0 RT=1 RT4=1 RT4s2=1 | t4min 0
X k4_certs_4_pure.json.gz#123 7,177,164,44 [[7], [2, 8], [4, 5], [3, 6]] def 1 k 3 | t1=0 t2=1 t3p=0 t3h=0 t4=0 t4s2=0 | R13=0 R134=0 R134s2=0 RT=1 RT4=1 RT4s2=1 | t4min 0
X k4_certs_4_pure.json.gz#123 7,178,164,44 [[7], [2, 8], [4, 5], [3, 6]] def 1 k 3 | t1=0 t2=1 t3p=0 t3h=0 t4=0 t4s2=0 | R13=0 R134=0 R134s2=0 RT=1 RT4=1 RT4s2=1 | t4min 0
X k4_certs_4_pure.json.gz#123 7,190,164,44 [[7], [2, 8], [4, 5], [3, 6]] def 1 k 3 | t1=0 t2=1 t3p=0 t3h=0 t4=0 t4s2=0 | R13=0 R134=0 R134s2=0 RT=1 RT4=1 RT4s2=1 | t4min 0
X k4_certs_4_pure.json.gz#123 7,199,164,44 [[7], [2, 8], [4, 5], [3, 6]] def 1 k 2 | t1=0 t2=1 t3p=0 t3h=0 t4=0 t4s2=0 | R13=0 R134=0 R134s2=0 RT=1 RT4=1 RT4s2=1 | t4min 0
X k4_certs_4_pure.json.gz#123 7,202,164,44 [[7], [2, 8], [4, 5], [3, 6]] def 1 k 2 | t1=0 t2=1 t3p=0 t3h=0 t4=0 t4s2=0 | R13=0 R134=0 R134s2=0 RT=1 RT4=1 RT4s2=1 | t4min 0
X k4_certs_4_pure.json.gz#123 7,205,164,44 [[7], [2, 8], [4, 5], [3, 6]] def 1 k 3 | t1=0 t2=1 t3p=0 t3h=0 t4=0 t4s2=0 | R13=0 R134=0 R134s2=0 RT=1 RT4=1 RT4s2=1 | t4min 0
X k4_certs_4_pure.json.gz#123 7,206,164,44 [[7], [2, 8], [4, 5], [3, 6]] def 1 k 3 | t1=0 t2=1 t3p=0 t3h=0 t4=0 t4s2=0 | R13=0 R134=0 R134s2=0 RT=1 RT4=1 RT4s2=1 | t4min 0
X k4_certs_4_pure.json.gz#123 7,224,164,44 [[7], [2, 8], [4, 5], [3, 6]] def 1 k 3 | t1=0 t2=1 t3p=0 t3h=0 t4=0 t4s2=0 | R13=0 R134=0 R134s2=0 RT=1 RT4=1 RT4s2=1 | t4min 0
X k4_certs_4_pure.json.gz#123 7,235,164,44 [[7], [2, 8], [4, 5], [3, 6]] def 1 k 2 | t1=0 t2=1 t3p=0 t3h=0 t4=0 t4s2=0 | R13=0 R134=0 R134s2=0 RT=1 RT4=1 RT4s2=1 | t4min 0
X k4_certs_4_pure.json.gz#123 7,238,164,44 [[7], [2, 8], [4, 5], [3, 6]] def 1 k 2 | t1=0 t2=1 t3p=0 t3h=0 t4=0 t4s2=0 | R13=0 R134=0 R134s2=0 RT=1 RT4=1 RT4s2=1 | t4min 0
X k4_certs_4_pure.json.gz#123 7,239,164,44 [[7], [2, 8], [4, 5], [3, 6]] def 1 k 3 | t1=0 t2=1 t3p=0 t3h=0 t4=0 t4s2=0 | R13=0 R134=0 R134s2=0 RT=1 RT4=1 RT4s2=1 | t4min 0
X k4_certs_4_pure.json.gz#123 7,247,164,44 [[7], [2, 8], [4, 5], [3, 6]] def 1 k 2 | t1=0 t2=1 t3p=0 t3h=0 t4=0 t4s2=0 | R13=0 R134=0 R134s2=0 RT=1 RT4=1 RT4s2=1 | t4min 0
X k4_certs_4_pure.json.gz#123 7,251,164,44 [[7], [2, 8], [4, 5], [3, 6]] def 1 k 3 | t1=0 t2=1 t3p=0 t3h=0 t4=0 t4s2=0 | R13=0 R134=0 R134s2=0 RT=1 RT4=1 RT4s2=1 | t4min 0
X k4_certs_4_pure.json.gz#123 7,253,164,44 [[7], [2, 8], [4, 5], [3, 6]] def 1 k 2 | t1=0 t2=1 t3p=0 t3h=0 t4=0 t4s2=0 | R13=0 R134=0 R134s2=0 RT=1 RT4=1 RT4s2=1 | t4min 0
X k4_certs_4_pure.json.gz#123 7,254,164,44 [[7], [2, 8], [4, 5], [3, 6]] def 1 k 3 | t1=0 t2=1 t3p=0 t3h=0 t4=0 t4s2=0 | R13=0 R134=0 R134s2=0 RT=1 RT4=1 RT4s2=1 | t4min 0
X k4_certs_4_pure.json.gz#123 7,256,164,44 [[7], [2, 8], [4, 5], [3, 6]] def 1 k 3 | t1=0 t2=1 t3p=0 t3h=0 t4=0 t4s2=0 | R13=0 R134=0 R134s2=0 RT=1 RT4=1 RT4s2=1 | t4min 0
X k4_certs_4_pure.json.gz#123 7,257,164,44 [[7], [2, 8], [4, 5], [3, 6]] def 1 k 3 | t1=0 t2=1 t3p=0 t3h=0 t4=0 t4s2=0 | R13=0 R134=0 R134s2=0 RT=1 RT4=1 RT4s2=1 | t4min 0
X k4_certs_4_pure.json.gz#123 7,278,164,44 [[7], [2, 8], [4, 5], [3, 6]] def 1 k 2 | t1=0 t2=1 t3p=0 t3h=0 t4=0 t4s2=0 | R13=0 R134=0 R134s2=0 RT=1 RT4=1 RT4s2=1 | t4min 0
X k4_certs_4_pure.json.gz#123 7,279,164,44 [[7], [2, 8], [4, 5], [3, 6]] def 1 k 2 | t1=0 t2=1 t3p=0 t3h=0 t4=0 t4s2=0 | R13=0 R134=0 R134s2=0 RT=1 RT4=1 RT4s2=1 | t4min 0
X k4_certs_4_pure.json.gz#123 7,283,164,44 [[7], [2, 8], [4, 5], [3, 6]] def 1 k 2 | t1=0 t2=1 t3p=0 t3h=0 t4=0 t4s2=0 | R13=0 R134=0 R134s2=0 RT=1 RT4=1 RT4s2=1 | t4min 0
X k4_certs_4_pure.json.gz#123 7,287,164,44 [[7], [2, 8], [4, 5], [3, 6]] def 1 k 2 | t1=0 t2=1 t3p=0 t3h=0 t4=0 t4s2=0 | R13=0 R134=0 R134s2=0 RT=1 RT4=1 RT4s2=1 | t4min 0
X k4_certs_4_pure.json.gz#123 7,196,11,44 [[7], [2, 8], [4, 5], [3, 6]] def 1 k 3 | t1=0 t2=1 t3p=0 t3h=0 t4=0 t4s2=0 | R13=0 R134=0 R134s2=0 RT=1 RT4=1 RT4s2=1 | t4min 0
X k4_certs_4_pure.json.gz#123 7,196,13,44 [[7], [2, 8], [4, 5], [3, 6]] def 1 k 3 | t1=0 t2=1 t3p=0 t3h=0 t4=0 t4s2=0 | R13=0 R134=0 R134s2=0 RT=1 RT4=1 RT4s2=1 | t4min 0
X k4_certs_4_pure.json.gz#123 7,196,18,44 [[7], [2, 8], [4, 5], [3, 6]] def 1 k 3 | t1=0 t2=1 t3p=0 t3h=0 t4=0 t4s2=0 | R13=0 R134=0 R134s2=0 RT=1 RT4=1 RT4s2=1 | t4min 0
X k4_certs_4_pure.json.gz#123 7,196,25,44 [[7], [2, 8], [4, 5], [3, 6]] def 1 k 3 | t1=0 t2=1 t3p=0 t3h=0 t4=0 t4s2=0 | R13=0 R134=0 R134s2=0 RT=1 RT4=1 RT4s2=1 | t4min 0
X k4_certs_4_pure.json.gz#123 7,196,47,44 [[7], [2, 8], [4, 5], [3, 6]] def 1 k 3 | t1=0 t2=1 t3p=0 t3h=0 t4=0 t4s2=0 | R13=0 R134=0 R134s2=0 RT=1 RT4=1 RT4s2=1 | t4min 0
X k4_certs_4_pure.json.gz#123 7,196,50,44 [[7], [2, 8], [4, 5], [3, 6]] def 1 k 3 | t1=0 t2=1 t3p=0 t3h=0 t4=0 t4s2=0 | R13=0 R134=0 R134s2=0 RT=1 RT4=1 RT4s2=1 | t4min 0
X k4_certs_4_pure.json.gz#123 7,196,55,44 [[7], [2, 8], [4, 5], [3, 6]] def 1 k 3 | t1=0 t2=1 t3p=0 t3h=0 t4=0 t4s2=0 | R13=0 R134=0 R134s2=0 RT=1 RT4=1 RT4s2=1 | t4min 0
X k4_certs_4_pure.json.gz#123 7,196,67,44 [[7], [2, 8], [4, 5], [3, 6]] def 1 k 3 | t1=0 t2=1 t3p=0 t3h=0 t4=0 t4s2=0 | R13=0 R134=0 R134s2=0 RT=1 RT4=1 RT4s2=1 | t4min 0
X k4_certs_4_pure.json.gz#123 7,196,82,44 [[7], [2, 8], [4, 5], [3, 6]] def 1 k 3 | t1=0 t2=1 t3p=0 t3h=0 t4=0 t4s2=0 | R13=0 R134=0 R134s2=0 RT=1 RT4=1 RT4s2=1 | t4min 0
X k4_certs_4_pure.json.gz#123 7,196,89,44 [[7], [2, 8], [4, 5], [3, 6]] def 1 k 3 | t1=0 t2=1 t3p=0 t3h=0 t4=0 t4s2=0 | R13=0 R134=0 R134s2=0 RT=1 RT4=1 RT4s2=1 | t4min 0
X k4_certs_4_pure.json.gz#123 7,196,92,44 [[7], [2, 8], [4, 5], [3, 6]] def 1 k 3 | t1=0 t2=1 t3p=0 t3h=0 t4=0 t4s2=0 | R13=0 R134=0 R134s2=0 RT=1 RT4=1 RT4s2=1 | t4min 0
X k4_certs_4_pure.json.gz#123 7,196,95,44 [[7], [2, 8], [4, 5], [3, 6]] def 1 k 3 | t1=0 t2=1 t3p=0 t3h=0 t4=0 t4s2=0 | R13=0 R134=0 R134s2=0 RT=1 RT4=1 RT4s2=1 | t4min 0
X k4_certs_4_pure.json.gz#123 7,196,99,44 [[7], [2, 8], [4, 5], [3, 6]] def 1 k 3 | t1=0 t2=1 t3p=0 t3h=0 t4=0 t4s2=0 | R13=0 R134=0 R134s2=0 RT=1 RT4=1 RT4s2=1 | t4min 0
X k4_certs_4_pure.json.gz#123 7,196,100,44 [[7], [2, 8], [4, 5], [3, 6]] def 1 k 3 | t1=0 t2=1 t3p=0 t3h=0 t4=0 t4s2=0 | R13=0 R134=0 R134s2=0 RT=1 RT4=1 RT4s2=1 | t4min 0
X k4_certs_4_pure.json.gz#123 7,196,104,44 [[7], [2, 8], [4, 5], [3, 6]] def 1 k 3 | t1=0 t2=1 t3p=0 t3h=0 t4=0 t4s2=0 | R13=0 R134=0 R134s2=0 RT=1 RT4=1 RT4s2=1 | t4min 0
X k4_certs_4_pure.json.gz#123 7,196,114,44 [[7], [2, 8], [4, 5], [3, 6]] def 1 k 3 | t1=0 t2=1 t3p=0 t3h=0 t4=0 t4s2=0 | R13=0 R134=0 R134s2=0 RT=1 RT4=1 RT4s2=1 | t4min 0
X k4_certs_4_pure.json.gz#123 7,196,128,44 [[7], [2, 8], [4, 5], [3, 6]] def 1 k 3 | t1=0 t2=1 t3p=0 t3h=0 t4=0 t4s2=0 | R13=0 R134=0 R134s2=0 RT=1 RT4=1 RT4s2=1 | t4min 0
X k4_certs_4_pure.json.gz#123 7,196,131,44 [[7], [2, 8], [4, 5], [3, 6]] def 1 k 3 | t1=0 t2=1 t3p=0 t3h=0 t4=0 t4s2=0 | R13=0 R134=0 R134s2=0 RT=1 RT4=1 RT4s2=1 | t4min 0
X k4_certs_4_pure.json.gz#123 7,196,134,44 [[7], [2, 8], [4, 5], [3, 6]] def 1 k 3 | t1=0 t2=1 t3p=0 t3h=0 t4=0 t4s2=0 | R13=0 R134=0 R134s2=0 RT=1 RT4=1 RT4s2=1 | t4min 0
X k4_certs_4_pure.json.gz#123 7,196,135,44 [[7], [2, 8], [4, 5], [3, 6]] def 1 k 3 | t1=0 t2=1 t3p=0 t3h=0 t4=0 t4s2=0 | R13=0 R134=0 R134s2=0 RT=1 RT4=1 RT4s2=1 | t4min 0
X k4_certs_4_pure.json.gz#123 7,196,152,44 [[7], [2, 8], [4, 5], [3, 6]] def 1 k 3 | t1=0 t2=1 t3p=0 t3h=0 t4=0 t4s2=0 | R13=0 R134=0 R134s2=0 RT=1 RT4=1 RT4s2=1 | t4min 0
X k4_certs_4_pure.json.gz#123 7,196,155,44 [[7], [2, 8], [4, 5], [3, 6]] def 1 k 3 | t1=0 t2=1 t3p=0 t3h=0 t4=0 t4s2=0 | R13=0 R134=0 R134s2=0 RT=1 RT4=1 RT4s2=1 | t4min 0
X k4_certs_4_pure.json.gz#123 7,196,160,44 [[7], [2, 8], [4, 5], [3, 6]] def 1 k 3 | t1=0 t2=1 t3p=0 t3h=0 t4=0 t4s2=0 | R13=0 R134=0 R134s2=0 RT=1 RT4=1 RT4s2=1 | t4min 0
X k4_certs_4_pure.json.gz#123 7,196,165,44 [[7], [2, 8], [4, 5], [3, 6]] def 1 k 3 | t1=0 t2=1 t3p=0 t3h=0 t4=0 t4s2=0 | R13=0 R134=0 R134s2=0 RT=1 RT4=1 RT4s2=1 | t4min 0
X k4_certs_4_pure.json.gz#123 7,196,174,44 [[7], [2, 8], [4, 5], [3, 6]] def 1 k 3 | t1=0 t2=1 t3p=0 t3h=0 t4=0 t4s2=0 | R13=0 R134=0 R134s2=0 RT=1 RT4=1 RT4s2=1 | t4min 0
X k4_certs_4_pure.json.gz#123 7,196,192,44 [[7], [2, 8], [4, 5], [3, 6]] def 1 k 3 | t1=0 t2=1 t3p=0 t3h=0 t4=0 t4s2=0 | R13=0 R134=0 R134s2=0 RT=1 RT4=1 RT4s2=1 | t4min 0
X k4_certs_4_pure.json.gz#123 7,196,193,44 [[7], [2, 8], [4, 5], [3, 6]] def 1 k 3 | t1=0 t2=1 t3p=0 t3h=0 t4=0 t4s2=0 | R13=0 R134=0 R134s2=0 RT=1 RT4=1 RT4s2=1 | t4min 0
X k4_certs_4_pure.json.gz#123 7,196,198,44 [[7], [2, 8], [4, 5], [3, 6]] def 1 k 3 | t1=0 t2=1 t3p=0 t3h=0 t4=0 t4s2=0 | R13=0 R134=0 R134s2=0 RT=1 RT4=1 RT4s2=1 | t4min 0
X k4_certs_4_pure.json.gz#123 7,196,201,44 [[7], [2, 8], [4, 5], [3, 6]] def 1 k 3 | t1=0 t2=1 t3p=0 t3h=0 t4=0 t4s2=0 | R13=0 R134=0 R134s2=0 RT=1 RT4=1 RT4s2=1 | t4min 0
X k4_certs_4_pure.json.gz#123 7,196,217,44 [[7], [2, 8], [4, 5], [3, 6]] def 1 k 3 | t1=0 t2=1 t3p=0 t3h=0 t4=0 t4s2=0 | R13=0 R134=0 R134s2=0 RT=1 RT4=1 RT4s2=1 | t4min 0
X k4_certs_4_pure.json.gz#123 7,196,222,44 [[7], [2, 8], [4, 5], [3, 6]] def 1 k 3 | t1=0 t2=1 t3p=0 t3h=0 t4=0 t4s2=0 | R13=0 R134=0 R134s2=0 RT=1 RT4=1 RT4s2=1 | t4min 0
X k4_certs_4_pure.json.gz#123 7,196,233,44 [[7], [2, 8], [4, 5], [3, 6]] def 1 k 3 | t1=0 t2=1 t3p=0 t3h=0 t4=0 t4s2=0 | R13=0 R134=0 R134s2=0 RT=1 RT4=1 RT4s2=1 | t4min 0
X k4_certs_4_pure.json.gz#123 7,196,234,44 [[7], [2, 8], [4, 5], [3, 6]] def 1 k 3 | t1=0 t2=1 t3p=0 t3h=0 t4=0 t4s2=0 | R13=0 R134=0 R134s2=0 RT=1 RT4=1 RT4s2=1 | t4min 0
X k4_certs_4_pure.json.gz#123 7,196,236,44 [[7], [2, 8], [4, 5], [3, 6]] def 1 k 3 | t1=0 t2=1 t3p=0 t3h=0 t4=0 t4s2=0 | R13=0 R134=0 R134s2=0 RT=1 RT4=1 RT4s2=1 | t4min 0
X k4_certs_4_pure.json.gz#123 7,196,237,44 [[7], [2, 8], [4, 5], [3, 6]] def 1 k 3 | t1=0 t2=1 t3p=0 t3h=0 t4=0 t4s2=0 | R13=0 R134=0 R134s2=0 RT=1 RT4=1 RT4s2=1 | t4min 0
X k4_certs_4_pure.json.gz#123 7,196,241,44 [[7], [2, 8], [4, 5], [3, 6]] def 1 k 3 | t1=0 t2=1 t3p=0 t3h=0 t4=0 t4s2=0 | R13=0 R134=0 R134s2=0 RT=1 RT4=1 RT4s2=1 | t4min 0
X k4_certs_4_pure.json.gz#123 7,196,242,44 [[7], [2, 8], [4, 5], [3, 6]] def 1 k 3 | t1=0 t2=1 t3p=0 t3h=0 t4=0 t4s2=0 | R13=0 R134=0 R134s2=0 RT=1 RT4=1 RT4s2=1 | t4min 0
X k4_certs_4_pure.json.gz#123 7,196,243,44 [[7], [2, 8], [4, 5], [3, 6]] def 1 k 3 | t1=0 t2=1 t3p=0 t3h=0 t4=0 t4s2=0 | R13=0 R134=0 R134s2=0 RT=1 RT4=1 RT4s2=1 | t4min 0
X k4_certs_4_pure.json.gz#123 7,196,245,44 [[7], [2, 8], [4, 5], [3, 6]] def 1 k 3 | t1=0 t2=1 t3p=0 t3h=0 t4=0 t4s2=0 | R13=0 R134=0 R134s2=0 RT=1 RT4=1 RT4s2=1 | t4min 0
X k4_certs_4_pure.json.gz#123 7,196,248,44 [[7], [2, 8], [4, 5], [3, 6]] def 1 k 3 | t1=0 t2=1 t3p=0 t3h=0 t4=0 t4s2=0 | R13=0 R134=0 R134s2=0 RT=1 RT4=1 RT4s2=1 | t4min 0
X k4_certs_4_pure.json.gz#123 7,196,249,44 [[7], [2, 8], [4, 5], [3, 6]] def 1 k 3 | t1=0 t2=1 t3p=0 t3h=0 t4=0 t4s2=0 | R13=0 R134=0 R134s2=0 RT=1 RT4=1 RT4s2=1 | t4min 0
X k4_certs_4_pure.json.gz#123 7,196,250,44 [[7], [2, 8], [4, 5], [3, 6]] def 1 k 3 | t1=0 t2=1 t3p=0 t3h=0 t4=0 t4s2=0 | R13=0 R134=0 R134s2=0 RT=1 RT4=1 RT4s2=1 | t4min 0
X k4_certs_4_pure.json.gz#123 7,196,252,44 [[7], [2, 8], [4, 5], [3, 6]] def 1 k 3 | t1=0 t2=1 t3p=0 t3h=0 t4=0 t4s2=0 | R13=0 R134=0 R134s2=0 RT=1 RT4=1 RT4s2=1 | t4min 0
X k4_certs_4_pure.json.gz#123 7,196,268,44 [[7], [2, 8], [4, 5], [3, 6]] def 1 k 3 | t1=0 t2=1 t3p=0 t3h=0 t4=0 t4s2=0 | R13=0 R134=0 R134s2=0 RT=1 RT4=1 RT4s2=1 | t4min 0
X k4_certs_4_pure.json.gz#123 7,196,269,44 [[7], [2, 8], [4, 5], [3, 6]] def 1 k 3 | t1=0 t2=1 t3p=0 t3h=0 t4=0 t4s2=0 | R13=0 R134=0 R134s2=0 RT=1 RT4=1 RT4s2=1 | t4min 0
X k4_certs_4_pure.json.gz#123 7,196,272,44 [[7], [2, 8], [4, 5], [3, 6]] def 1 k 3 | t1=0 t2=1 t3p=0 t3h=0 t4=0 t4s2=0 | R13=0 R134=0 R134s2=0 RT=1 RT4=1 RT4s2=1 | t4min 0
X k4_certs_4_pure.json.gz#123 7,196,273,44 [[7], [2, 8], [4, 5], [3, 6]] def 1 k 3 | t1=0 t2=1 t3p=0 t3h=0 t4=0 t4s2=0 | R13=0 R134=0 R134s2=0 RT=1 RT4=1 RT4s2=1 | t4min 0
X k4_certs_4_pure.json.gz#123 7,196,282,44 [[7], [2, 8], [4, 5], [3, 6]] def 1 k 3 | t1=0 t2=1 t3p=0 t3h=0 t4=0 t4s2=0 | R13=0 R134=0 R134s2=0 RT=1 RT4=1 RT4s2=1 | t4min 0
X k4_certs_4_pure.json.gz#123 7,196,284,44 [[7], [2, 8], [4, 5], [3, 6]] def 1 k 3 | t1=0 t2=1 t3p=0 t3h=0 t4=0 t4s2=0 | R13=0 R134=0 R134s2=0 RT=1 RT4=1 RT4s2=1 | t4min 0
X k4_certs_4_pure.json.gz#123 7,196,285,44 [[7], [2, 8], [4, 5], [3, 6]] def 1 k 3 | t1=0 t2=1 t3p=0 t3h=0 t4=0 t4s2=0 | R13=0 R134=0 R134s2=0 RT=1 RT4=1 RT4s2=1 | t4min 0
X k4_certs_4_pure.json.gz#123 7,196,286,44 [[7], [2, 8], [4, 5], [3, 6]] def 1 k 3 | t1=0 t2=1 t3p=0 t3h=0 t4=0 t4s2=0 | R13=0 R134=0 R134s2=0 RT=1 RT4=1 RT4s2=1 | t4min 0
X k4_certs_4_pure.json.gz#123 7,196,164,8 [[7], [2, 8], [4, 5], [3, 6]] def 1 k 3 | t1=0 t2=1 t3p=0 t3h=0 t4=0 t4s2=0 | R13=0 R134=0 R134s2=0 RT=1 RT4=1 RT4s2=1 | t4min 0
X k4_certs_4_pure.json.gz#123 7,196,164,14 [[7], [2, 8], [4, 5], [3, 6]] def 1 k 2 | t1=0 t2=1 t3p=0 t3h=0 t4=0 t4s2=0 | R13=0 R134=0 R134s2=0 RT=1 RT4=1 RT4s2=1 | t4min 0
X k4_certs_4_pure.json.gz#123 7,196,164,48 [[7], [2, 8], [4, 5], [3, 6]] def 1 k 2 | t1=0 t2=1 t3p=0 t3h=0 t4=0 t4s2=0 | R13=0 R134=0 R134s2=0 RT=1 RT4=1 RT4s2=1 | t4min 0
X k4_certs_4_pure.json.gz#123 7,196,164,84 [[7], [2, 8], [4, 5], [3, 6]] def 1 k 2 | t1=0 t2=1 t3p=0 t3h=0 t4=0 t4s2=0 | R13=0 R134=0 R134s2=0 RT=1 RT4=1 RT4s2=1 | t4min 0
X k4_certs_4_pure.json.gz#123 7,196,164,90 [[7], [2, 8], [4, 5], [3, 6]] def 1 k 2 | t1=0 t2=1 t3p=0 t3h=0 t4=0 t4s2=0 | R13=0 R134=0 R134s2=0 RT=1 RT4=1 RT4s2=1 | t4min 0
X k4_certs_4_pure.json.gz#123 35,16,164,44 [[7], [2, 8], [4, 5], [3, 6]] def 1 k 3 | t1=0 t2=1 t3p=0 t3h=0 t4=0 t4s2=0 | R13=0 R134=0 R134s2=0 RT=1 RT4=1 RT4s2=1 | t4min 0
X k4_certs_4_pure.json.gz#123 35,33,164,44 [[7], [2, 8], [4, 5], [3, 6]] def 1 k 3 | t1=0 t2=1 t3p=0 t3h=0 t4=0 t4s2=0 | R13=0 R134=0 R134s2=0 RT=1 RT4=1 RT4s2=1 | t4min 0
X k4_certs_4_pure.json.gz#123 35,49,164,44 [[7], [2, 8], [4, 5], [3, 6]] def 1 k 3 | t1=0 t2=1 t3p=0 t3h=0 t4=0 t4s2=0 | R13=0 R134=0 R134s2=0 RT=1 RT4=1 RT4s2=1 | t4min 0
X k4_certs_4_pure.json.gz#123 35,51,164,44 [[7], [2, 8], [4, 5], [3, 6]] def 1 k 3 | t1=0 t2=1 t3p=0 t3h=0 t4=0 t4s2=0 | R13=0 R134=0 R134s2=0 RT=1 RT4=1 RT4s2=1 | t4min 0
X k4_certs_4_pure.json.gz#123 35,53,164,44 [[7], [2, 8], [4, 5], [3, 6]] def 1 k 3 | t1=0 t2=1 t3p=0 t3h=0 t4=0 t4s2=0 | R13=0 R134=0 R134s2=0 RT=1 RT4=1 RT4s2=1 | t4min 0
X k4_certs_4_pure.json.gz#123 35,57,164,44 [[7], [2, 8], [4, 5], [3, 6]] def 1 k 3 | t1=0 t2=1 t3p=0 t3h=0 t4=0 t4s2=0 | R13=0 R134=0 R134s2=0 RT=1 RT4=1 RT4s2=1 | t4min 0
X k4_certs_4_pure.json.gz#123 35,61,164,44 [[7], [2, 8], [4, 5], [3, 6]] def 1 k 3 | t1=0 t2=1 t3p=0 t3h=0 t4=0 t4s2=0 | R13=0 R134=0 R134s2=0 RT=1 RT4=1 RT4s2=1 | t4min 0
X k4_certs_4_pure.json.gz#123 35,62,164,44 [[7], [2, 8], [4, 5], [3, 6]] def 1 k 3 | t1=0 t2=1 t3p=0 t3h=0 t4=0 t4s2=0 | R13=0 R134=0 R134s2=0 RT=1 RT4=1 RT4s2=1 | t4min 0
X k4_certs_4_pure.json.gz#123 35,63,164,44 [[7], [2, 8], [4, 5], [3, 6]] def 1 k 3 | t1=0 t2=1 t3p=0 t3h=0 t4=0 t4s2=0 | R13=0 R134=0 R134s2=0 RT=1 RT4=1 RT4s2=1 | t4min 0
X k4_certs_4_pure.json.gz#123 35,66,164,44 [[7], [2, 8], [4, 5], [3, 6]] def 1 k 3 | t1=0 t2=1 t3p=0 t3h=0 t4=0 t4s2=0 | R13=0 R134=0 R134s2=0 RT=1 RT4=1 RT4s2=1 | t4min 0
X k4_certs_4_pure.json.gz#123 35,73,164,44 [[7], [2, 8], [4, 5], [3, 6]] def 1 k 3 | t1=0 t2=1 t3p=0 t3h=0 t4=0 t4s2=0 | R13=0 R134=0 R134s2=0 RT=1 RT4=1 RT4s2=1 | t4min 0
X k4_certs_4_pure.json.gz#123 35,75,164,44 [[7], [2, 8], [4, 5], [3, 6]] def 1 k 3 | t1=0 t2=1 t3p=0 t3h=0 t4=0 t4s2=0 | R13=0 R134=0 R134s2=0 RT=1 RT4=1 RT4s2=1 | t4min 0
X k4_certs_4_pure.json.gz#123 35,85,164,44 [[7], [2, 8], [4, 5], [3, 6]] def 1 k 3 | t1=0 t2=1 t3p=0 t3h=0 t4=0 t4s2=0 | R13=0 R134=0 R134s2=0 RT=1 RT4=1 RT4s2=1 | t4min 0
X k4_certs_4_pure.json.gz#123 35,87,164,44 [[7], [2, 8], [4, 5], [3, 6]] def 1 k 3 | t1=0 t2=1 t3p=0 t3h=0 t4=0 t4s2=0 | R13=0 R134=0 R134s2=0 RT=1 RT4=1 RT4s2=1 | t4min 0
X k4_certs_4_pure.json.gz#123 35,91,164,44 [[7], [2, 8], [4, 5], [3, 6]] def 1 k 3 | t1=0 t2=1 t3p=0 t3h=0 t4=0 t4s2=0 | R13=0 R134=0 R134s2=0 RT=1 RT4=1 RT4s2=1 | t4min 0
X k4_certs_4_pure.json.gz#123 35,93,164,44 [[7], [2, 8], [4, 5], [3, 6]] def 1 k 3 | t1=0 t2=1 t3p=0 t3h=0 t4=0 t4s2=0 | R13=0 R134=0 R134s2=0 RT=1 RT4=1 RT4s2=1 | t4min 0
X k4_certs_4_pure.json.gz#123 35,97,164,44 [[7], [2, 8], [4, 5], [3, 6]] def 1 k 3 | t1=0 t2=1 t3p=0 t3h=0 t4=0 t4s2=0 | R13=0 R134=0 R134s2=0 RT=1 RT4=1 RT4s2=1 | t4min 0
X k4_certs_4_pure.json.gz#123 35,103,164,44 [[7], [2, 8], [4, 5], [3, 6]] def 1 k 3 | t1=0 t2=1 t3p=0 t3h=0 t4=0 t4s2=0 | R13=0 R134=0 R134s2=0 RT=1 RT4=1 RT4s2=1 | t4min 0
X k4_certs_4_pure.json.gz#123 35,110,164,44 [[7], [2, 8], [4, 5], [3, 6]] def 1 k 3 | t1=0 t2=1 t3p=0 t3h=0 t4=0 t4s2=0 | R13=0 R134=0 R134s2=0 RT=1 RT4=1 RT4s2=1 | t4min 0
X k4_certs_4_pure.json.gz#123 35,113,164,44 [[7], [2, 8], [4, 5], [3, 6]] def 1 k 3 | t1=0 t2=1 t3p=0 t3h=0 t4=0 t4s2=0 | R13=0 R134=0 R134s2=0 RT=1 RT4=1 RT4s2=1 | t4min 0
X k4_certs_4_pure.json.gz#123 35,116,164,44 [[7], [2, 8], [4, 5], [3, 6]] def 1 k 3 | t1=0 t2=1 t3p=0 t3h=0 t4=0 t4s2=0 | R13=0 R134=0 R134s2=0 RT=1 RT4=1 RT4s2=1 | t4min 0
X k4_certs_4_pure.json.gz#123 35,119,164,44 [[7], [2, 8], [4, 5], [3, 6]] def 1 k 3 | t1=0 t2=1 t3p=0 t3h=0 t4=0 t4s2=0 | R13=0 R134=0 R134s2=0 RT=1 RT4=1 RT4s2=1 | t4min 0
X k4_certs_4_pure.json.gz#123 35,122,164,44 [[7], [2, 8], [4, 5], [3, 6]] def 1 k 3 | t1=0 t2=1 t3p=0 t3h=0 t4=0 t4s2=0 | R13=0 R134=0 R134s2=0 RT=1 RT4=1 RT4s2=1 | t4min 0
X k4_certs_4_pure.json.gz#123 35,123,164,44 [[7], [2, 8], [4, 5], [3, 6]] def 1 k 3 | t1=0 t2=1 t3p=0 t3h=0 t4=0 t4s2=0 | R13=0 R134=0 R134s2=0 RT=1 RT4=1 RT4s2=1 | t4min 0
X k4_certs_4_pure.json.gz#123 35,127,164,44 [[7], [2, 8], [4, 5], [3, 6]] def 1 k 3 | t1=0 t2=1 t3p=0 t3h=0 t4=0 t4s2=0 | R13=0 R134=0 R134s2=0 RT=1 RT4=1 RT4s2=1 | t4min 0
X k4_certs_4_pure.json.gz#123 35,133,164,44 [[7], [2, 8], [4, 5], [3, 6]] def 1 k 3 | t1=0 t2=1 t3p=0 t3h=0 t4=0 t4s2=0 | R13=0 R134=0 R134s2=0 RT=1 RT4=1 RT4s2=1 | t4min 0
X k4_certs_4_pure.json.gz#123 35,136,164,44 [[7], [2, 8], [4, 5], [3, 6]] def 1 k 3 | t1=0 t2=1 t3p=0 t3h=0 t4=0 t4s2=0 | R13=0 R134=0 R134s2=0 RT=1 RT4=1 RT4s2=1 | t4min 0
X k4_certs_4_pure.json.gz#123 35,137,164,44 [[7], [2, 8], [4, 5], [3, 6]] def 1 k 3 | t1=0 t2=1 t3p=0 t3h=0 t4=0 t4s2=0 | R13=0 R134=0 R134s2=0 RT=1 RT4=1 RT4s2=1 | t4min 0
X k4_certs_4_pure.json.gz#123 35,139,164,44 [[7], [2, 8], [4, 5], [3, 6]] def 1 k 3 | t1=0 t2=1 t3p=0 t3h=0 t4=0 t4s2=0 | R13=0 R134=0 R134s2=0 RT=1 RT4=1 RT4s2=1 | t4min 0
X k4_certs_4_pure.json.gz#123 35,140,164,44 [[7], [2, 8], [4, 5], [3, 6]] def 1 k 3 | t1=0 t2=1 t3p=0 t3h=0 t4=0 t4s2=0 | R13=0 R134=0 R134s2=0 RT=1 RT4=1 RT4s2=1 | t4min 0
X k4_certs_4_pure.json.gz#123 35,142,164,44 [[7], [2, 8], [4, 5], [3, 6]] def 1 k 3 | t1=0 t2=1 t3p=0 t3h=0 t4=0 t4s2=0 | R13=0 R134=0 R134s2=0 RT=1 RT4=1 RT4s2=1 | t4min 0
X k4_certs_4_pure.json.gz#123 35,143,164,44 [[7], [2, 8], [4, 5], [3, 6]] def 1 k 3 | t1=0 t2=1 t3p=0 t3h=0 t4=0 t4s2=0 | R13=0 R134=0 R134s2=0 RT=1 RT4=1 RT4s2=1 | t4min 0
X k4_certs_4_pure.json.gz#123 35,154,164,44 [[7], [2, 8], [4, 5], [3, 6]] def 1 k 3 | t1=0 t2=1 t3p=0 t3h=0 t4=0 t4s2=0 | R13=0 R134=0 R134s2=0 RT=1 RT4=1 RT4s2=1 | t4min 0
X k4_certs_4_pure.json.gz#123 35,162,164,44 [[7], [2, 8], [4, 5], [3, 6]] def 1 k 3 | t1=0 t2=1 t3p=0 t3h=0 t4=0 t4s2=0 | R13=0 R134=0 R134s2=0 RT=1 RT4=1 RT4s2=1 | t4min 0
X k4_certs_4_pure.json.gz#123 35,163,164,44 [[7], [2, 8], [4, 5], [3, 6]] def 1 k 3 | t1=0 t2=1 t3p=0 t3h=0 t4=0 t4s2=0 | R13=0 R134=0 R134s2=0 RT=1 RT4=1 RT4s2=1 | t4min 0
X k4_certs_4_pure.json.gz#123 35,166,164,44 [[7], [2, 8], [4, 5], [3, 6]] def 1 k 3 | t1=0 t2=1 t3p=0 t3h=0 t4=0 t4s2=0 | R13=0 R134=0 R134s2=0 RT=1 RT4=1 RT4s2=1 | t4min 0
X k4_certs_4_pure.json.gz#123 35,167,164,44 [[7], [2, 8], [4, 5], [3, 6]] def 1 k 3 | t1=0 t2=1 t3p=0 t3h=0 t4=0 t4s2=0 | R13=0 R134=0 R134s2=0 RT=1 RT4=1 RT4s2=1 | t4min 0
X k4_certs_4_pure.json.gz#123 35,170,164,44 [[7], [2, 8], [4, 5], [3, 6]] def 1 k 3 | t1=0 t2=1 t3p=0 t3h=0 t4=0 t4s2=0 | R13=0 R134=0 R134s2=0 RT=1 RT4=1 RT4s2=1 | t4min 0
X k4_certs_4_pure.json.gz#123 35,173,164,44 [[7], [2, 8], [4, 5], [3, 6]] def 1 k 3 | t1=0 t2=1 t3p=0 t3h=0 t4=0 t4s2=0 | R13=0 R134=0 R134s2=0 RT=1 RT4=1 RT4s2=1 | t4min 0
X k4_certs_4_pure.json.gz#123 35,176,164,44 [[7], [2, 8], [4, 5], [3, 6]] def 1 k 3 | t1=0 t2=1 t3p=0 t3h=0 t4=0 t4s2=0 | R13=0 R134=0 R134s2=0 RT=1 RT4=1 RT4s2=1 | t4min 0
X k4_certs_4_pure.json.gz#123 35,177,164,44 [[7], [2, 8], [4, 5], [3, 6]] def 1 k 3 | t1=0 t2=1 t3p=0 t3h=0 t4=0 t4s2=0 | R13=0 R134=0 R134s2=0 RT=1 RT4=1 RT4s2=1 | t4min 0
X k4_certs_4_pure.json.gz#123 35,178,164,44 [[7], [2, 8], [4, 5], [3, 6]] def 1 k 3 | t1=0 t2=1 t3p=0 t3h=0 t4=0 t4s2=0 | R13=0 R134=0 R134s2=0 RT=1 RT4=1 RT4s2=1 | t4min 0
X k4_certs_4_pure.json.gz#123 35,190,164,44 [[7], [2, 8], [4, 5], [3, 6]] def 1 k 3 | t1=0 t2=1 t3p=0 t3h=0 t4=0 t4s2=0 | R13=0 R134=0 R134s2=0 RT=1 RT4=1 RT4s2=1 | t4min 0
X k4_certs_4_pure.json.gz#123 35,199,164,44 [[7], [2, 8], [4, 5], [3, 6]] def 1 k 2 | t1=0 t2=1 t3p=0 t3h=0 t4=0 t4s2=0 | R13=0 R134=0 R134s2=0 RT=1 RT4=1 RT4s2=1 | t4min 0
X k4_certs_4_pure.json.gz#123 35,202,164,44 [[7], [2, 8], [4, 5], [3, 6]] def 1 k 2 | t1=0 t2=1 t3p=0 t3h=0 t4=0 t4s2=0 | R13=0 R134=0 R134s2=0 RT=1 RT4=1 RT4s2=1 | t4min 0
X k4_certs_4_pure.json.gz#123 35,205,164,44 [[7], [2, 8], [4, 5], [3, 6]] def 1 k 3 | t1=0 t2=1 t3p=0 t3h=0 t4=0 t4s2=0 | R13=0 R134=0 R134s2=0 RT=1 RT4=1 RT4s2=1 | t4min 0
X k4_certs_4_pure.json.gz#123 35,206,164,44 [[7], [2, 8], [4, 5], [3, 6]] def 1 k 3 | t1=0 t2=1 t3p=0 t3h=0 t4=0 t4s2=0 | R13=0 R134=0 R134s2=0 RT=1 RT4=1 RT4s2=1 | t4min 0
X k4_certs_4_pure.json.gz#123 35,224,164,44 [[7], [2, 8], [4, 5], [3, 6]] def 1 k 3 | t1=0 t2=1 t3p=0 t3h=0 t4=0 t4s2=0 | R13=0 R134=0 R134s2=0 RT=1 RT4=1 RT4s2=1 | t4min 0
X k4_certs_4_pure.json.gz#123 35,235,164,44 [[7], [2, 8], [4, 5], [3, 6]] def 1 k 2 | t1=0 t2=1 t3p=0 t3h=0 t4=0 t4s2=0 | R13=0 R134=0 R134s2=0 RT=1 RT4=1 RT4s2=1 | t4min 0
X k4_certs_4_pure.json.gz#123 35,238,164,44 [[7], [2, 8], [4, 5], [3, 6]] def 1 k 2 | t1=0 t2=1 t3p=0 t3h=0 t4=0 t4s2=0 | R13=0 R134=0 R134s2=0 RT=1 RT4=1 RT4s2=1 | t4min 0
X k4_certs_4_pure.json.gz#123 35,239,164,44 [[7], [2, 8], [4, 5], [3, 6]] def 1 k 3 | t1=0 t2=1 t3p=0 t3h=0 t4=0 t4s2=0 | R13=0 R134=0 R134s2=0 RT=1 RT4=1 RT4s2=1 | t4min 0
X k4_certs_4_pure.json.gz#123 35,247,164,44 [[7], [2, 8], [4, 5], [3, 6]] def 1 k 2 | t1=0 t2=1 t3p=0 t3h=0 t4=0 t4s2=0 | R13=0 R134=0 R134s2=0 RT=1 RT4=1 RT4s2=1 | t4min 0
X k4_certs_4_pure.json.gz#123 35,251,164,44 [[7], [2, 8], [4, 5], [3, 6]] def 1 k 3 | t1=0 t2=1 t3p=0 t3h=0 t4=0 t4s2=0 | R13=0 R134=0 R134s2=0 RT=1 RT4=1 RT4s2=1 | t4min 0
X k4_certs_4_pure.json.gz#123 35,253,164,44 [[7], [2, 8], [4, 5], [3, 6]] def 1 k 2 | t1=0 t2=1 t3p=0 t3h=0 t4=0 t4s2=0 | R13=0 R134=0 R134s2=0 RT=1 RT4=1 RT4s2=1 | t4min 0
X k4_certs_4_pure.json.gz#123 35,254,164,44 [[7], [2, 8], [4, 5], [3, 6]] def 1 k 3 | t1=0 t2=1 t3p=0 t3h=0 t4=0 t4s2=0 | R13=0 R134=0 R134s2=0 RT=1 RT4=1 RT4s2=1 | t4min 0
X k4_certs_4_pure.json.gz#123 35,256,164,44 [[7], [2, 8], [4, 5], [3, 6]] def 1 k 3 | t1=0 t2=1 t3p=0 t3h=0 t4=0 t4s2=0 | R13=0 R134=0 R134s2=0 RT=1 RT4=1 RT4s2=1 | t4min 0
X k4_certs_4_pure.json.gz#123 35,257,164,44 [[7], [2, 8], [4, 5], [3, 6]] def 1 k 3 | t1=0 t2=1 t3p=0 t3h=0 t4=0 t4s2=0 | R13=0 R134=0 R134s2=0 RT=1 RT4=1 RT4s2=1 | t4min 0
X k4_certs_4_pure.json.gz#123 35,278,164,44 [[7], [2, 8], [4, 5], [3, 6]] def 1 k 2 | t1=0 t2=1 t3p=0 t3h=0 t4=0 t4s2=0 | R13=0 R134=0 R134s2=0 RT=1 RT4=1 RT4s2=1 | t4min 0
X k4_certs_4_pure.json.gz#123 35,279,164,44 [[7], [2, 8], [4, 5], [3, 6]] def 1 k 2 | t1=0 t2=1 t3p=0 t3h=0 t4=0 t4s2=0 | R13=0 R134=0 R134s2=0 RT=1 RT4=1 RT4s2=1 | t4min 0
X k4_certs_4_pure.json.gz#123 35,283,164,44 [[7], [2, 8], [4, 5], [3, 6]] def 1 k 2 | t1=0 t2=1 t3p=0 t3h=0 t4=0 t4s2=0 | R13=0 R134=0 R134s2=0 RT=1 RT4=1 RT4s2=1 | t4min 0
X k4_certs_4_pure.json.gz#123 35,287,164,44 [[7], [2, 8], [4, 5], [3, 6]] def 1 k 2 | t1=0 t2=1 t3p=0 t3h=0 t4=0 t4s2=0 | R13=0 R134=0 R134s2=0 RT=1 RT4=1 RT4s2=1 | t4min 0
X k4_certs_4_pure.json.gz#123 35,196,11,44 [[7], [2, 8], [4, 5], [3, 6]] def 1 k 3 | t1=0 t2=1 t3p=0 t3h=0 t4=0 t4s2=0 | R13=0 R134=0 R134s2=0 RT=1 RT4=1 RT4s2=1 | t4min 0
X k4_certs_4_pure.json.gz#123 35,196,13,44 [[7], [2, 8], [4, 5], [3, 6]] def 1 k 3 | t1=0 t2=1 t3p=0 t3h=0 t4=0 t4s2=0 | R13=0 R134=0 R134s2=0 RT=1 RT4=1 RT4s2=1 | t4min 0
X k4_certs_4_pure.json.gz#123 35,196,18,44 [[7], [2, 8], [4, 5], [3, 6]] def 1 k 3 | t1=0 t2=1 t3p=0 t3h=0 t4=0 t4s2=0 | R13=0 R134=0 R134s2=0 RT=1 RT4=1 RT4s2=1 | t4min 0
X k4_certs_4_pure.json.gz#123 35,196,25,44 [[7], [2, 8], [4, 5], [3, 6]] def 1 k 3 | t1=0 t2=1 t3p=0 t3h=0 t4=0 t4s2=0 | R13=0 R134=0 R134s2=0 RT=1 RT4=1 RT4s2=1 | t4min 0
X k4_certs_4_pure.json.gz#123 35,196,47,44 [[7], [2, 8], [4, 5], [3, 6]] def 1 k 3 | t1=0 t2=1 t3p=0 t3h=0 t4=0 t4s2=0 | R13=0 R134=0 R134s2=0 RT=1 RT4=1 RT4s2=1 | t4min 0
X k4_certs_4_pure.json.gz#123 35,196,50,44 [[7], [2, 8], [4, 5], [3, 6]] def 1 k 3 | t1=0 t2=1 t3p=0 t3h=0 t4=0 t4s2=0 | R13=0 R134=0 R134s2=0 RT=1 RT4=1 RT4s2=1 | t4min 0
X k4_certs_4_pure.json.gz#123 35,196,55,44 [[7], [2, 8], [4, 5], [3, 6]] def 1 k 3 | t1=0 t2=1 t3p=0 t3h=0 t4=0 t4s2=0 | R13=0 R134=0 R134s2=0 RT=1 RT4=1 RT4s2=1 | t4min 0
X k4_certs_4_pure.json.gz#123 35,196,67,44 [[7], [2, 8], [4, 5], [3, 6]] def 1 k 3 | t1=0 t2=1 t3p=0 t3h=0 t4=0 t4s2=0 | R13=0 R134=0 R134s2=0 RT=1 RT4=1 RT4s2=1 | t4min 0
X k4_certs_4_pure.json.gz#123 35,196,82,44 [[7], [2, 8], [4, 5], [3, 6]] def 1 k 3 | t1=0 t2=1 t3p=0 t3h=0 t4=0 t4s2=0 | R13=0 R134=0 R134s2=0 RT=1 RT4=1 RT4s2=1 | t4min 0
X k4_certs_4_pure.json.gz#123 35,196,89,44 [[7], [2, 8], [4, 5], [3, 6]] def 1 k 3 | t1=0 t2=1 t3p=0 t3h=0 t4=0 t4s2=0 | R13=0 R134=0 R134s2=0 RT=1 RT4=1 RT4s2=1 | t4min 0
X k4_certs_4_pure.json.gz#123 35,196,92,44 [[7], [2, 8], [4, 5], [3, 6]] def 1 k 3 | t1=0 t2=1 t3p=0 t3h=0 t4=0 t4s2=0 | R13=0 R134=0 R134s2=0 RT=1 RT4=1 RT4s2=1 | t4min 0
X k4_certs_4_pure.json.gz#123 35,196,95,44 [[7], [2, 8], [4, 5], [3, 6]] def 1 k 3 | t1=0 t2=1 t3p=0 t3h=0 t4=0 t4s2=0 | R13=0 R134=0 R134s2=0 RT=1 RT4=1 RT4s2=1 | t4min 0
X k4_certs_4_pure.json.gz#123 35,196,99,44 [[7], [2, 8], [4, 5], [3, 6]] def 1 k 3 | t1=0 t2=1 t3p=0 t3h=0 t4=0 t4s2=0 | R13=0 R134=0 R134s2=0 RT=1 RT4=1 RT4s2=1 | t4min 0
X k4_certs_4_pure.json.gz#123 35,196,100,44 [[7], [2, 8], [4, 5], [3, 6]] def 1 k 3 | t1=0 t2=1 t3p=0 t3h=0 t4=0 t4s2=0 | R13=0 R134=0 R134s2=0 RT=1 RT4=1 RT4s2=1 | t4min 0
X k4_certs_4_pure.json.gz#123 35,196,104,44 [[7], [2, 8], [4, 5], [3, 6]] def 1 k 3 | t1=0 t2=1 t3p=0 t3h=0 t4=0 t4s2=0 | R13=0 R134=0 R134s2=0 RT=1 RT4=1 RT4s2=1 | t4min 0
X k4_certs_4_pure.json.gz#123 35,196,114,44 [[7], [2, 8], [4, 5], [3, 6]] def 1 k 3 | t1=0 t2=1 t3p=0 t3h=0 t4=0 t4s2=0 | R13=0 R134=0 R134s2=0 RT=1 RT4=1 RT4s2=1 | t4min 0
X k4_certs_4_pure.json.gz#123 35,196,128,44 [[7], [2, 8], [4, 5], [3, 6]] def 1 k 3 | t1=0 t2=1 t3p=0 t3h=0 t4=0 t4s2=0 | R13=0 R134=0 R134s2=0 RT=1 RT4=1 RT4s2=1 | t4min 0
X k4_certs_4_pure.json.gz#123 35,196,131,44 [[7], [2, 8], [4, 5], [3, 6]] def 1 k 3 | t1=0 t2=1 t3p=0 t3h=0 t4=0 t4s2=0 | R13=0 R134=0 R134s2=0 RT=1 RT4=1 RT4s2=1 | t4min 0
X k4_certs_4_pure.json.gz#123 35,196,134,44 [[7], [2, 8], [4, 5], [3, 6]] def 1 k 3 | t1=0 t2=1 t3p=0 t3h=0 t4=0 t4s2=0 | R13=0 R134=0 R134s2=0 RT=1 RT4=1 RT4s2=1 | t4min 0
X k4_certs_4_pure.json.gz#123 35,196,135,44 [[7], [2, 8], [4, 5], [3, 6]] def 1 k 3 | t1=0 t2=1 t3p=0 t3h=0 t4=0 t4s2=0 | R13=0 R134=0 R134s2=0 RT=1 RT4=1 RT4s2=1 | t4min 0
X k4_certs_4_pure.json.gz#123 35,196,152,44 [[7], [2, 8], [4, 5], [3, 6]] def 1 k 3 | t1=0 t2=1 t3p=0 t3h=0 t4=0 t4s2=0 | R13=0 R134=0 R134s2=0 RT=1 RT4=1 RT4s2=1 | t4min 0
X k4_certs_4_pure.json.gz#123 35,196,155,44 [[7], [2, 8], [4, 5], [3, 6]] def 1 k 3 | t1=0 t2=1 t3p=0 t3h=0 t4=0 t4s2=0 | R13=0 R134=0 R134s2=0 RT=1 RT4=1 RT4s2=1 | t4min 0
X k4_certs_4_pure.json.gz#123 35,196,160,44 [[7], [2, 8], [4, 5], [3, 6]] def 1 k 3 | t1=0 t2=1 t3p=0 t3h=0 t4=0 t4s2=0 | R13=0 R134=0 R134s2=0 RT=1 RT4=1 RT4s2=1 | t4min 0
X k4_certs_4_pure.json.gz#123 35,196,165,44 [[7], [2, 8], [4, 5], [3, 6]] def 1 k 3 | t1=0 t2=1 t3p=0 t3h=0 t4=0 t4s2=0 | R13=0 R134=0 R134s2=0 RT=1 RT4=1 RT4s2=1 | t4min 0
X k4_certs_4_pure.json.gz#123 35,196,174,44 [[7], [2, 8], [4, 5], [3, 6]] def 1 k 3 | t1=0 t2=1 t3p=0 t3h=0 t4=0 t4s2=0 | R13=0 R134=0 R134s2=0 RT=1 RT4=1 RT4s2=1 | t4min 0
X k4_certs_4_pure.json.gz#123 35,196,192,44 [[7], [2, 8], [4, 5], [3, 6]] def 1 k 3 | t1=0 t2=1 t3p=0 t3h=0 t4=0 t4s2=0 | R13=0 R134=0 R134s2=0 RT=1 RT4=1 RT4s2=1 | t4min 0
X k4_certs_4_pure.json.gz#123 35,196,193,44 [[7], [2, 8], [4, 5], [3, 6]] def 1 k 3 | t1=0 t2=1 t3p=0 t3h=0 t4=0 t4s2=0 | R13=0 R134=0 R134s2=0 RT=1 RT4=1 RT4s2=1 | t4min 0
X k4_certs_4_pure.json.gz#123 35,196,198,44 [[7], [2, 8], [4, 5], [3, 6]] def 1 k 3 | t1=0 t2=1 t3p=0 t3h=0 t4=0 t4s2=0 | R13=0 R134=0 R134s2=0 RT=1 RT4=1 RT4s2=1 | t4min 0
X k4_certs_4_pure.json.gz#123 35,196,201,44 [[7], [2, 8], [4, 5], [3, 6]] def 1 k 3 | t1=0 t2=1 t3p=0 t3h=0 t4=0 t4s2=0 | R13=0 R134=0 R134s2=0 RT=1 RT4=1 RT4s2=1 | t4min 0
X k4_certs_4_pure.json.gz#123 35,196,217,44 [[7], [2, 8], [4, 5], [3, 6]] def 1 k 3 | t1=0 t2=1 t3p=0 t3h=0 t4=0 t4s2=0 | R13=0 R134=0 R134s2=0 RT=1 RT4=1 RT4s2=1 | t4min 0
X k4_certs_4_pure.json.gz#123 35,196,222,44 [[7], [2, 8], [4, 5], [3, 6]] def 1 k 3 | t1=0 t2=1 t3p=0 t3h=0 t4=0 t4s2=0 | R13=0 R134=0 R134s2=0 RT=1 RT4=1 RT4s2=1 | t4min 0
X k4_certs_4_pure.json.gz#123 35,196,233,44 [[7], [2, 8], [4, 5], [3, 6]] def 1 k 3 | t1=0 t2=1 t3p=0 t3h=0 t4=0 t4s2=0 | R13=0 R134=0 R134s2=0 RT=1 RT4=1 RT4s2=1 | t4min 0
X k4_certs_4_pure.json.gz#123 35,196,234,44 [[7], [2, 8], [4, 5], [3, 6]] def 1 k 3 | t1=0 t2=1 t3p=0 t3h=0 t4=0 t4s2=0 | R13=0 R134=0 R134s2=0 RT=1 RT4=1 RT4s2=1 | t4min 0
X k4_certs_4_pure.json.gz#123 35,196,236,44 [[7], [2, 8], [4, 5], [3, 6]] def 1 k 3 | t1=0 t2=1 t3p=0 t3h=0 t4=0 t4s2=0 | R13=0 R134=0 R134s2=0 RT=1 RT4=1 RT4s2=1 | t4min 0
X k4_certs_4_pure.json.gz#123 35,196,237,44 [[7], [2, 8], [4, 5], [3, 6]] def 1 k 3 | t1=0 t2=1 t3p=0 t3h=0 t4=0 t4s2=0 | R13=0 R134=0 R134s2=0 RT=1 RT4=1 RT4s2=1 | t4min 0
X k4_certs_4_pure.json.gz#123 35,196,241,44 [[7], [2, 8], [4, 5], [3, 6]] def 1 k 3 | t1=0 t2=1 t3p=0 t3h=0 t4=0 t4s2=0 | R13=0 R134=0 R134s2=0 RT=1 RT4=1 RT4s2=1 | t4min 0
X k4_certs_4_pure.json.gz#123 35,196,242,44 [[7], [2, 8], [4, 5], [3, 6]] def 1 k 3 | t1=0 t2=1 t3p=0 t3h=0 t4=0 t4s2=0 | R13=0 R134=0 R134s2=0 RT=1 RT4=1 RT4s2=1 | t4min 0
X k4_certs_4_pure.json.gz#123 35,196,243,44 [[7], [2, 8], [4, 5], [3, 6]] def 1 k 3 | t1=0 t2=1 t3p=0 t3h=0 t4=0 t4s2=0 | R13=0 R134=0 R134s2=0 RT=1 RT4=1 RT4s2=1 | t4min 0
X k4_certs_4_pure.json.gz#123 35,196,245,44 [[7], [2, 8], [4, 5], [3, 6]] def 1 k 3 | t1=0 t2=1 t3p=0 t3h=0 t4=0 t4s2=0 | R13=0 R134=0 R134s2=0 RT=1 RT4=1 RT4s2=1 | t4min 0
X k4_certs_4_pure.json.gz#123 35,196,248,44 [[7], [2, 8], [4, 5], [3, 6]] def 1 k 3 | t1=0 t2=1 t3p=0 t3h=0 t4=0 t4s2=0 | R13=0 R134=0 R134s2=0 RT=1 RT4=1 RT4s2=1 | t4min 0
X k4_certs_4_pure.json.gz#123 35,196,249,44 [[7], [2, 8], [4, 5], [3, 6]] def 1 k 3 | t1=0 t2=1 t3p=0 t3h=0 t4=0 t4s2=0 | R13=0 R134=0 R134s2=0 RT=1 RT4=1 RT4s2=1 | t4min 0
X k4_certs_4_pure.json.gz#123 35,196,250,44 [[7], [2, 8], [4, 5], [3, 6]] def 1 k 3 | t1=0 t2=1 t3p=0 t3h=0 t4=0 t4s2=0 | R13=0 R134=0 R134s2=0 RT=1 RT4=1 RT4s2=1 | t4min 0
X k4_certs_4_pure.json.gz#123 35,196,252,44 [[7], [2, 8], [4, 5], [3, 6]] def 1 k 3 | t1=0 t2=1 t3p=0 t3h=0 t4=0 t4s2=0 | R13=0 R134=0 R134s2=0 RT=1 RT4=1 RT4s2=1 | t4min 0
X k4_certs_4_pure.json.gz#123 35,196,268,44 [[7], [2, 8], [4, 5], [3, 6]] def 1 k 3 | t1=0 t2=1 t3p=0 t3h=0 t4=0 t4s2=0 | R13=0 R134=0 R134s2=0 RT=1 RT4=1 RT4s2=1 | t4min 0
X k4_certs_4_pure.json.gz#123 35,196,269,44 [[7], [2, 8], [4, 5], [3, 6]] def 1 k 3 | t1=0 t2=1 t3p=0 t3h=0 t4=0 t4s2=0 | R13=0 R134=0 R134s2=0 RT=1 RT4=1 RT4s2=1 | t4min 0
X k4_certs_4_pure.json.gz#123 35,196,272,44 [[7], [2, 8], [4, 5], [3, 6]] def 1 k 3 | t1=0 t2=1 t3p=0 t3h=0 t4=0 t4s2=0 | R13=0 R134=0 R134s2=0 RT=1 RT4=1 RT4s2=1 | t4min 0
X k4_certs_4_pure.json.gz#123 35,196,273,44 [[7], [2, 8], [4, 5], [3, 6]] def 1 k 3 | t1=0 t2=1 t3p=0 t3h=0 t4=0 t4s2=0 | R13=0 R134=0 R134s2=0 RT=1 RT4=1 RT4s2=1 | t4min 0
X k4_certs_4_pure.json.gz#123 35,196,282,44 [[7], [2, 8], [4, 5], [3, 6]] def 1 k 3 | t1=0 t2=1 t3p=0 t3h=0 t4=0 t4s2=0 | R13=0 R134=0 R134s2=0 RT=1 RT4=1 RT4s2=1 | t4min 0
X k4_certs_4_pure.json.gz#123 35,196,284,44 [[7], [2, 8], [4, 5], [3, 6]] def 1 k 3 | t1=0 t2=1 t3p=0 t3h=0 t4=0 t4s2=0 | R13=0 R134=0 R134s2=0 RT=1 RT4=1 RT4s2=1 | t4min 0
X k4_certs_4_pure.json.gz#123 35,196,285,44 [[7], [2, 8], [4, 5], [3, 6]] def 1 k 3 | t1=0 t2=1 t3p=0 t3h=0 t4=0 t4s2=0 | R13=0 R134=0 R134s2=0 RT=1 RT4=1 RT4s2=1 | t4min 0
X k4_certs_4_pure.json.gz#123 35,196,286,44 [[7], [2, 8], [4, 5], [3, 6]] def 1 k 3 | t1=0 t2=1 t3p=0 t3h=0 t4=0 t4s2=0 | R13=0 R134=0 R134s2=0 RT=1 RT4=1 RT4s2=1 | t4min 0
X k4_certs_4_pure.json.gz#123 35,196,164,8 [[7], [2, 8], [4, 5], [3, 6]] def 1 k 3 | t1=0 t2=1 t3p=0 t3h=0 t4=0 t4s2=0 | R13=0 R134=0 R134s2=0 RT=1 RT4=1 RT4s2=1 | t4min 0
X k4_certs_4_pure.json.gz#123 35,196,164,14 [[7], [2, 8], [4, 5], [3, 6]] def 1 k 2 | t1=0 t2=1 t3p=0 t3h=0 t4=0 t4s2=0 | R13=0 R134=0 R134s2=0 RT=1 RT4=1 RT4s2=1 | t4min 0
X k4_certs_4_pure.json.gz#123 35,196,164,48 [[7], [2, 8], [4, 5], [3, 6]] def 1 k 2 | t1=0 t2=1 t3p=0 t3h=0 t4=0 t4s2=0 | R13=0 R134=0 R134s2=0 RT=1 RT4=1 RT4s2=1 | t4min 0
X k4_certs_4_pure.json.gz#123 35,196,164,84 [[7], [2, 8], [4, 5], [3, 6]] def 1 k 2 | t1=0 t2=1 t3p=0 t3h=0 t4=0 t4s2=0 | R13=0 R134=0 R134s2=0 RT=1 RT4=1 RT4s2=1 | t4min 0
X k4_certs_4_pure.json.gz#123 35,196,164,90 [[7], [2, 8], [4, 5], [3, 6]] def 1 k 2 | t1=0 t2=1 t3p=0 t3h=0 t4=0 t4s2=0 | R13=0 R134=0 R134s2=0 RT=1 RT4=1 RT4s2=1 | t4min 0
X k4_certs_4_pure.json.gz#123 7,16,11,44 [[7], [2, 8], [4, 5], [3, 6]] def 1 k 3 | t1=0 t2=1 t3p=0 t3h=0 t4=0 t4s2=0 | R13=0 R134=0 R134s2=0 RT=1 RT4=1 RT4s2=1 | t4min 0
X k4_certs_4_pure.json.gz#123 7,16,13,44 [[7], [2, 8], [4, 5], [3, 6]] def 1 k 3 | t1=0 t2=1 t3p=0 t3h=0 t4=0 t4s2=0 | R13=0 R134=0 R134s2=0 RT=1 RT4=1 RT4s2=1 | t4min 0
X k4_certs_4_pure.json.gz#123 7,16,18,44 [[7], [2, 8], [4, 5], [3, 6]] def 1 k 3 | t1=0 t2=1 t3p=0 t3h=0 t4=0 t4s2=0 | R13=0 R134=0 R134s2=0 RT=1 RT4=1 RT4s2=1 | t4min 0
X k4_certs_4_pure.json.gz#123 7,16,25,44 [[7], [2, 8], [4, 5], [3, 6]] def 1 k 3 | t1=0 t2=1 t3p=0 t3h=0 t4=0 t4s2=0 | R13=0 R134=0 R134s2=0 RT=1 RT4=1 RT4s2=1 | t4min 0
X k4_certs_4_pure.json.gz#123 7,16,47,44 [[7], [2, 8], [4, 5], [3, 6]] def 1 k 3 | t1=0 t2=1 t3p=0 t3h=0 t4=0 t4s2=0 | R13=0 R134=0 R134s2=0 RT=1 RT4=1 RT4s2=1 | t4min 0
X k4_certs_4_pure.json.gz#123 7,16,50,44 [[7], [2, 8], [4, 5], [3, 6]] def 1 k 3 | t1=0 t2=1 t3p=0 t3h=0 t4=0 t4s2=0 | R13=0 R134=0 R134s2=0 RT=1 RT4=1 RT4s2=1 | t4min 0
X k4_certs_4_pure.json.gz#123 7,16,55,44 [[7], [2, 8], [4, 5], [3, 6]] def 1 k 3 | t1=0 t2=1 t3p=0 t3h=0 t4=0 t4s2=0 | R13=0 R134=0 R134s2=0 RT=1 RT4=1 RT4s2=1 | t4min 0
X k4_certs_4_pure.json.gz#123 7,16,67,44 [[7], [2, 8], [4, 5], [3, 6]] def 1 k 3 | t1=0 t2=1 t3p=0 t3h=0 t4=0 t4s2=0 | R13=0 R134=0 R134s2=0 RT=1 RT4=1 RT4s2=1 | t4min 0
X k4_certs_4_pure.json.gz#123 7,16,82,44 [[7], [2, 8], [4, 5], [3, 6]] def 1 k 3 | t1=0 t2=1 t3p=0 t3h=0 t4=0 t4s2=0 | R13=0 R134=0 R134s2=0 RT=1 RT4=1 RT4s2=1 | t4min 0
X k4_certs_4_pure.json.gz#123 7,16,89,44 [[7], [2, 8], [4, 5], [3, 6]] def 1 k 3 | t1=0 t2=1 t3p=0 t3h=0 t4=0 t4s2=0 | R13=0 R134=0 R134s2=0 RT=1 RT4=1 RT4s2=1 | t4min 0
X k4_certs_4_pure.json.gz#123 7,16,92,44 [[7], [2, 8], [4, 5], [3, 6]] def 1 k 3 | t1=0 t2=1 t3p=0 t3h=0 t4=0 t4s2=0 | R13=0 R134=0 R134s2=0 RT=1 RT4=1 RT4s2=1 | t4min 0
X k4_certs_4_pure.json.gz#123 7,16,95,44 [[7], [2, 8], [4, 5], [3, 6]] def 1 k 3 | t1=0 t2=1 t3p=0 t3h=0 t4=0 t4s2=0 | R13=0 R134=0 R134s2=0 RT=1 RT4=1 RT4s2=1 | t4min 0
X k4_certs_4_pure.json.gz#123 7,16,99,44 [[7], [2, 8], [4, 5], [3, 6]] def 1 k 3 | t1=0 t2=1 t3p=0 t3h=0 t4=0 t4s2=0 | R13=0 R134=0 R134s2=0 RT=1 RT4=1 RT4s2=1 | t4min 0
X k4_certs_4_pure.json.gz#123 7,16,100,44 [[7], [2, 8], [4, 5], [3, 6]] def 1 k 3 | t1=0 t2=1 t3p=0 t3h=0 t4=0 t4s2=0 | R13=0 R134=0 R134s2=0 RT=1 RT4=1 RT4s2=1 | t4min 0
X k4_certs_4_pure.json.gz#123 7,16,104,44 [[7], [2, 8], [4, 5], [3, 6]] def 1 k 3 | t1=0 t2=1 t3p=0 t3h=0 t4=0 t4s2=0 | R13=0 R134=0 R134s2=0 RT=1 RT4=1 RT4s2=1 | t4min 0
X k4_certs_4_pure.json.gz#123 7,16,114,44 [[7], [2, 8], [4, 5], [3, 6]] def 1 k 3 | t1=0 t2=1 t3p=0 t3h=0 t4=0 t4s2=0 | R13=0 R134=0 R134s2=0 RT=1 RT4=1 RT4s2=1 | t4min 0
X k4_certs_4_pure.json.gz#123 7,16,128,44 [[7], [2, 8], [4, 5], [3, 6]] def 1 k 3 | t1=0 t2=1 t3p=0 t3h=0 t4=0 t4s2=0 | R13=0 R134=0 R134s2=0 RT=1 RT4=1 RT4s2=1 | t4min 0
X k4_certs_4_pure.json.gz#123 7,16,131,44 [[7], [2, 8], [4, 5], [3, 6]] def 1 k 3 | t1=0 t2=1 t3p=0 t3h=0 t4=0 t4s2=0 | R13=0 R134=0 R134s2=0 RT=1 RT4=1 RT4s2=1 | t4min 0
X k4_certs_4_pure.json.gz#123 7,16,134,44 [[7], [2, 8], [4, 5], [3, 6]] def 1 k 3 | t1=0 t2=1 t3p=0 t3h=0 t4=0 t4s2=0 | R13=0 R134=0 R134s2=0 RT=1 RT4=1 RT4s2=1 | t4min 0
X k4_certs_4_pure.json.gz#123 7,16,135,44 [[7], [2, 8], [4, 5], [3, 6]] def 1 k 3 | t1=0 t2=1 t3p=0 t3h=0 t4=0 t4s2=0 | R13=0 R134=0 R134s2=0 RT=1 RT4=1 RT4s2=1 | t4min 0
X k4_certs_4_pure.json.gz#123 7,16,152,44 [[7], [2, 8], [4, 5], [3, 6]] def 1 k 3 | t1=0 t2=1 t3p=0 t3h=0 t4=0 t4s2=0 | R13=0 R134=0 R134s2=0 RT=1 RT4=1 RT4s2=1 | t4min 0
X k4_certs_4_pure.json.gz#123 7,16,155,44 [[7], [2, 8], [4, 5], [3, 6]] def 1 k 3 | t1=0 t2=1 t3p=0 t3h=0 t4=0 t4s2=0 | R13=0 R134=0 R134s2=0 RT=1 RT4=1 RT4s2=1 | t4min 0
X k4_certs_4_pure.json.gz#123 7,16,160,44 [[7], [2, 8], [4, 5], [3, 6]] def 1 k 3 | t1=0 t2=1 t3p=0 t3h=0 t4=0 t4s2=0 | R13=0 R134=0 R134s2=0 RT=1 RT4=1 RT4s2=1 | t4min 0
X k4_certs_4_pure.json.gz#123 7,16,165,44 [[7], [2, 8], [4, 5], [3, 6]] def 1 k 3 | t1=0 t2=1 t3p=0 t3h=0 t4=0 t4s2=0 | R13=0 R134=0 R134s2=0 RT=1 RT4=1 RT4s2=1 | t4min 0
X k4_certs_4_pure.json.gz#123 7,16,174,44 [[7], [2, 8], [4, 5], [3, 6]] def 1 k 3 | t1=0 t2=1 t3p=0 t3h=0 t4=0 t4s2=0 | R13=0 R134=0 R134s2=0 RT=1 RT4=1 RT4s2=1 | t4min 0
X k4_certs_4_pure.json.gz#123 7,16,192,44 [[7], [2, 8], [4, 5], [3, 6]] def 1 k 3 | t1=0 t2=1 t3p=0 t3h=0 t4=0 t4s2=0 | R13=0 R134=0 R134s2=0 RT=1 RT4=1 RT4s2=1 | t4min 0
X k4_certs_4_pure.json.gz#123 7,16,193,44 [[7], [2, 8], [4, 5], [3, 6]] def 1 k 3 | t1=0 t2=1 t3p=0 t3h=0 t4=0 t4s2=0 | R13=0 R134=0 R134s2=0 RT=1 RT4=1 RT4s2=1 | t4min 0
X k4_certs_4_pure.json.gz#123 7,16,198,44 [[7], [2, 8], [4, 5], [3, 6]] def 1 k 3 | t1=0 t2=1 t3p=0 t3h=0 t4=0 t4s2=0 | R13=0 R134=0 R134s2=0 RT=1 RT4=1 RT4s2=1 | t4min 0
X k4_certs_4_pure.json.gz#123 7,16,201,44 [[7], [2, 8], [4, 5], [3, 6]] def 1 k 3 | t1=0 t2=1 t3p=0 t3h=0 t4=0 t4s2=0 | R13=0 R134=0 R134s2=0 RT=1 RT4=1 RT4s2=1 | t4min 0
X k4_certs_4_pure.json.gz#123 7,16,217,44 [[7], [2, 8], [4, 5], [3, 6]] def 1 k 3 | t1=0 t2=1 t3p=0 t3h=0 t4=0 t4s2=0 | R13=0 R134=0 R134s2=0 RT=1 RT4=1 RT4s2=1 | t4min 0
X k4_certs_4_pure.json.gz#123 7,16,222,44 [[7], [2, 8], [4, 5], [3, 6]] def 1 k 3 | t1=0 t2=1 t3p=0 t3h=0 t4=0 t4s2=0 | R13=0 R134=0 R134s2=0 RT=1 RT4=1 RT4s2=1 | t4min 0
X k4_certs_4_pure.json.gz#123 7,16,233,44 [[7], [2, 8], [4, 5], [3, 6]] def 1 k 3 | t1=0 t2=1 t3p=0 t3h=0 t4=0 t4s2=0 | R13=0 R134=0 R134s2=0 RT=1 RT4=1 RT4s2=1 | t4min 0
X k4_certs_4_pure.json.gz#123 7,16,234,44 [[7], [2, 8], [4, 5], [3, 6]] def 1 k 3 | t1=0 t2=1 t3p=0 t3h=0 t4=0 t4s2=0 | R13=0 R134=0 R134s2=0 RT=1 RT4=1 RT4s2=1 | t4min 0
X k4_certs_4_pure.json.gz#123 7,16,236,44 [[7], [2, 8], [4, 5], [3, 6]] def 1 k 3 | t1=0 t2=1 t3p=0 t3h=0 t4=0 t4s2=0 | R13=0 R134=0 R134s2=0 RT=1 RT4=1 RT4s2=1 | t4min 0
X k4_certs_4_pure.json.gz#123 7,16,237,44 [[7], [2, 8], [4, 5], [3, 6]] def 1 k 3 | t1=0 t2=1 t3p=0 t3h=0 t4=0 t4s2=0 | R13=0 R134=0 R134s2=0 RT=1 RT4=1 RT4s2=1 | t4min 0
X k4_certs_4_pure.json.gz#123 7,16,241,44 [[7], [2, 8], [4, 5], [3, 6]] def 1 k 3 | t1=0 t2=1 t3p=0 t3h=0 t4=0 t4s2=0 | R13=0 R134=0 R134s2=0 RT=1 RT4=1 RT4s2=1 | t4min 0
X k4_certs_4_pure.json.gz#123 7,16,242,44 [[7], [2, 8], [4, 5], [3, 6]] def 1 k 3 | t1=0 t2=1 t3p=0 t3h=0 t4=0 t4s2=0 | R13=0 R134=0 R134s2=0 RT=1 RT4=1 RT4s2=1 | t4min 0
X k4_certs_4_pure.json.gz#123 7,16,243,44 [[7], [2, 8], [4, 5], [3, 6]] def 1 k 3 | t1=0 t2=1 t3p=0 t3h=0 t4=0 t4s2=0 | R13=0 R134=0 R134s2=0 RT=1 RT4=1 RT4s2=1 | t4min 0
X k4_certs_4_pure.json.gz#123 7,16,245,44 [[7], [2, 8], [4, 5], [3, 6]] def 1 k 3 | t1=0 t2=1 t3p=0 t3h=0 t4=0 t4s2=0 | R13=0 R134=0 R134s2=0 RT=1 RT4=1 RT4s2=1 | t4min 0
X k4_certs_4_pure.json.gz#123 7,16,248,44 [[7], [2, 8], [4, 5], [3, 6]] def 1 k 3 | t1=0 t2=1 t3p=0 t3h=0 t4=0 t4s2=0 | R13=0 R134=0 R134s2=0 RT=1 RT4=1 RT4s2=1 | t4min 0
X k4_certs_4_pure.json.gz#123 7,16,249,44 [[7], [2, 8], [4, 5], [3, 6]] def 1 k 3 | t1=0 t2=1 t3p=0 t3h=0 t4=0 t4s2=0 | R13=0 R134=0 R134s2=0 RT=1 RT4=1 RT4s2=1 | t4min 0
X k4_certs_4_pure.json.gz#123 7,16,250,44 [[7], [2, 8], [4, 5], [3, 6]] def 1 k 3 | t1=0 t2=1 t3p=0 t3h=0 t4=0 t4s2=0 | R13=0 R134=0 R134s2=0 RT=1 RT4=1 RT4s2=1 | t4min 0
X k4_certs_4_pure.json.gz#123 7,16,252,44 [[7], [2, 8], [4, 5], [3, 6]] def 1 k 3 | t1=0 t2=1 t3p=0 t3h=0 t4=0 t4s2=0 | R13=0 R134=0 R134s2=0 RT=1 RT4=1 RT4s2=1 | t4min 0
X k4_certs_4_pure.json.gz#123 7,16,268,44 [[7], [2, 8], [4, 5], [3, 6]] def 1 k 3 | t1=0 t2=1 t3p=0 t3h=0 t4=0 t4s2=0 | R13=0 R134=0 R134s2=0 RT=1 RT4=1 RT4s2=1 | t4min 0
X k4_certs_4_pure.json.gz#123 7,16,269,44 [[7], [2, 8], [4, 5], [3, 6]] def 1 k 3 | t1=0 t2=1 t3p=0 t3h=0 t4=0 t4s2=0 | R13=0 R134=0 R134s2=0 RT=1 RT4=1 RT4s2=1 | t4min 0
X k4_certs_4_pure.json.gz#123 7,16,272,44 [[7], [2, 8], [4, 5], [3, 6]] def 1 k 3 | t1=0 t2=1 t3p=0 t3h=0 t4=0 t4s2=0 | R13=0 R134=0 R134s2=0 RT=1 RT4=1 RT4s2=1 | t4min 0
X k4_certs_4_pure.json.gz#123 7,16,273,44 [[7], [2, 8], [4, 5], [3, 6]] def 1 k 3 | t1=0 t2=1 t3p=0 t3h=0 t4=0 t4s2=0 | R13=0 R134=0 R134s2=0 RT=1 RT4=1 RT4s2=1 | t4min 0
X k4_certs_4_pure.json.gz#123 7,16,282,44 [[7], [2, 8], [4, 5], [3, 6]] def 1 k 3 | t1=0 t2=1 t3p=0 t3h=0 t4=0 t4s2=0 | R13=0 R134=0 R134s2=0 RT=1 RT4=1 RT4s2=1 | t4min 0
X k4_certs_4_pure.json.gz#123 7,16,284,44 [[7], [2, 8], [4, 5], [3, 6]] def 1 k 3 | t1=0 t2=1 t3p=0 t3h=0 t4=0 t4s2=0 | R13=0 R134=0 R134s2=0 RT=1 RT4=1 RT4s2=1 | t4min 0
X k4_certs_4_pure.json.gz#123 7,16,285,44 [[7], [2, 8], [4, 5], [3, 6]] def 1 k 3 | t1=0 t2=1 t3p=0 t3h=0 t4=0 t4s2=0 | R13=0 R134=0 R134s2=0 RT=1 RT4=1 RT4s2=1 | t4min 0
X k4_certs_4_pure.json.gz#123 7,16,286,44 [[7], [2, 8], [4, 5], [3, 6]] def 1 k 3 | t1=0 t2=1 t3p=0 t3h=0 t4=0 t4s2=0 | R13=0 R134=0 R134s2=0 RT=1 RT4=1 RT4s2=1 | t4min 0
X k4_certs_4_pure.json.gz#123 7,33,11,44 [[7], [2, 8], [4, 5], [3, 6]] def 1 k 3 | t1=0 t2=1 t3p=0 t3h=0 t4=0 t4s2=0 | R13=0 R134=0 R134s2=0 RT=1 RT4=1 RT4s2=1 | t4min 0
X k4_certs_4_pure.json.gz#123 7,33,13,44 [[7], [2, 8], [4, 5], [3, 6]] def 1 k 3 | t1=0 t2=1 t3p=0 t3h=0 t4=0 t4s2=0 | R13=0 R134=0 R134s2=0 RT=1 RT4=1 RT4s2=1 | t4min 0
X k4_certs_4_pure.json.gz#123 7,33,18,44 [[7], [2, 8], [4, 5], [3, 6]] def 1 k 3 | t1=0 t2=1 t3p=0 t3h=0 t4=0 t4s2=0 | R13=0 R134=0 R134s2=0 RT=1 RT4=1 RT4s2=1 | t4min 0
X k4_certs_4_pure.json.gz#123 7,33,25,44 [[7], [2, 8], [4, 5], [3, 6]] def 1 k 3 | t1=0 t2=1 t3p=0 t3h=0 t4=0 t4s2=0 | R13=0 R134=0 R134s2=0 RT=1 RT4=1 RT4s2=1 | t4min 0
X k4_certs_4_pure.json.gz#123 7,33,47,44 [[7], [2, 8], [4, 5], [3, 6]] def 1 k 3 | t1=0 t2=1 t3p=0 t3h=0 t4=0 t4s2=0 | R13=0 R134=0 R134s2=0 RT=1 RT4=1 RT4s2=1 | t4min 0
X k4_certs_4_pure.json.gz#123 7,33,50,44 [[7], [2, 8], [4, 5], [3, 6]] def 1 k 3 | t1=0 t2=1 t3p=0 t3h=0 t4=0 t4s2=0 | R13=0 R134=0 R134s2=0 RT=1 RT4=1 RT4s2=1 | t4min 0
X k4_certs_4_pure.json.gz#123 7,33,55,44 [[7], [2, 8], [4, 5], [3, 6]] def 1 k 3 | t1=0 t2=1 t3p=0 t3h=0 t4=0 t4s2=0 | R13=0 R134=0 R134s2=0 RT=1 RT4=1 RT4s2=1 | t4min 0
X k4_certs_4_pure.json.gz#123 7,33,67,44 [[7], [2, 8], [4, 5], [3, 6]] def 1 k 3 | t1=0 t2=1 t3p=0 t3h=0 t4=0 t4s2=0 | R13=0 R134=0 R134s2=0 RT=1 RT4=1 RT4s2=1 | t4min 0
X k4_certs_4_pure.json.gz#123 7,33,82,44 [[7], [2, 8], [4, 5], [3, 6]] def 1 k 3 | t1=0 t2=1 t3p=0 t3h=0 t4=0 t4s2=0 | R13=0 R134=0 R134s2=0 RT=1 RT4=1 RT4s2=1 | t4min 0
X k4_certs_4_pure.json.gz#123 7,33,89,44 [[7], [2, 8], [4, 5], [3, 6]] def 1 k 3 | t1=0 t2=1 t3p=0 t3h=0 t4=0 t4s2=0 | R13=0 R134=0 R134s2=0 RT=1 RT4=1 RT4s2=1 | t4min 0
X k4_certs_4_pure.json.gz#123 7,33,92,44 [[7], [2, 8], [4, 5], [3, 6]] def 1 k 3 | t1=0 t2=1 t3p=0 t3h=0 t4=0 t4s2=0 | R13=0 R134=0 R134s2=0 RT=1 RT4=1 RT4s2=1 | t4min 0
X k4_certs_4_pure.json.gz#123 7,33,95,44 [[7], [2, 8], [4, 5], [3, 6]] def 1 k 3 | t1=0 t2=1 t3p=0 t3h=0 t4=0 t4s2=0 | R13=0 R134=0 R134s2=0 RT=1 RT4=1 RT4s2=1 | t4min 0
X k4_certs_4_pure.json.gz#123 7,33,99,44 [[7], [2, 8], [4, 5], [3, 6]] def 1 k 3 | t1=0 t2=1 t3p=0 t3h=0 t4=0 t4s2=0 | R13=0 R134=0 R134s2=0 RT=1 RT4=1 RT4s2=1 | t4min 0
X k4_certs_4_pure.json.gz#123 7,33,100,44 [[7], [2, 8], [4, 5], [3, 6]] def 1 k 3 | t1=0 t2=1 t3p=0 t3h=0 t4=0 t4s2=0 | R13=0 R134=0 R134s2=0 RT=1 RT4=1 RT4s2=1 | t4min 0
X k4_certs_4_pure.json.gz#123 7,33,104,44 [[7], [2, 8], [4, 5], [3, 6]] def 1 k 3 | t1=0 t2=1 t3p=0 t3h=0 t4=0 t4s2=0 | R13=0 R134=0 R134s2=0 RT=1 RT4=1 RT4s2=1 | t4min 0
X k4_certs_4_pure.json.gz#123 7,33,114,44 [[7], [2, 8], [4, 5], [3, 6]] def 1 k 3 | t1=0 t2=1 t3p=0 t3h=0 t4=0 t4s2=0 | R13=0 R134=0 R134s2=0 RT=1 RT4=1 RT4s2=1 | t4min 0
X k4_certs_4_pure.json.gz#123 7,33,128,44 [[7], [2, 8], [4, 5], [3, 6]] def 1 k 3 | t1=0 t2=1 t3p=0 t3h=0 t4=0 t4s2=0 | R13=0 R134=0 R134s2=0 RT=1 RT4=1 RT4s2=1 | t4min 0
X k4_certs_4_pure.json.gz#123 7,33,131,44 [[7], [2, 8], [4, 5], [3, 6]] def 1 k 3 | t1=0 t2=1 t3p=0 t3h=0 t4=0 t4s2=0 | R13=0 R134=0 R134s2=0 RT=1 RT4=1 RT4s2=1 | t4min 0
X k4_certs_4_pure.json.gz#123 7,33,134,44 [[7], [2, 8], [4, 5], [3, 6]] def 1 k 3 | t1=0 t2=1 t3p=0 t3h=0 t4=0 t4s2=0 | R13=0 R134=0 R134s2=0 RT=1 RT4=1 RT4s2=1 | t4min 0
X k4_certs_4_pure.json.gz#123 7,33,135,44 [[7], [2, 8], [4, 5], [3, 6]] def 1 k 3 | t1=0 t2=1 t3p=0 t3h=0 t4=0 t4s2=0 | R13=0 R134=0 R134s2=0 RT=1 RT4=1 RT4s2=1 | t4min 0
X k4_certs_4_pure.json.gz#123 7,33,152,44 [[7], [2, 8], [4, 5], [3, 6]] def 1 k 3 | t1=0 t2=1 t3p=0 t3h=0 t4=0 t4s2=0 | R13=0 R134=0 R134s2=0 RT=1 RT4=1 RT4s2=1 | t4min 0
X k4_certs_4_pure.json.gz#123 7,33,155,44 [[7], [2, 8], [4, 5], [3, 6]] def 1 k 3 | t1=0 t2=1 t3p=0 t3h=0 t4=0 t4s2=0 | R13=0 R134=0 R134s2=0 RT=1 RT4=1 RT4s2=1 | t4min 0
X k4_certs_4_pure.json.gz#123 7,33,160,44 [[7], [2, 8], [4, 5], [3, 6]] def 1 k 3 | t1=0 t2=1 t3p=0 t3h=0 t4=0 t4s2=0 | R13=0 R134=0 R134s2=0 RT=1 RT4=1 RT4s2=1 | t4min 0
X k4_certs_4_pure.json.gz#123 7,33,165,44 [[7], [2, 8], [4, 5], [3, 6]] def 1 k 3 | t1=0 t2=1 t3p=0 t3h=0 t4=0 t4s2=0 | R13=0 R134=0 R134s2=0 RT=1 RT4=1 RT4s2=1 | t4min 0
X k4_certs_4_pure.json.gz#123 7,33,174,44 [[7], [2, 8], [4, 5], [3, 6]] def 1 k 3 | t1=0 t2=1 t3p=0 t3h=0 t4=0 t4s2=0 | R13=0 R134=0 R134s2=0 RT=1 RT4=1 RT4s2=1 | t4min 0
X k4_certs_4_pure.json.gz#123 7,33,192,44 [[7], [2, 8], [4, 5], [3, 6]] def 1 k 3 | t1=0 t2=1 t3p=0 t3h=0 t4=0 t4s2=0 | R13=0 R134=0 R134s2=0 RT=1 RT4=1 RT4s2=1 | t4min 0
X k4_certs_4_pure.json.gz#123 7,33,193,44 [[7], [2, 8], [4, 5], [3, 6]] def 1 k 3 | t1=0 t2=1 t3p=0 t3h=0 t4=0 t4s2=0 | R13=0 R134=0 R134s2=0 RT=1 RT4=1 RT4s2=1 | t4min 0
X k4_certs_4_pure.json.gz#123 7,33,198,44 [[7], [2, 8], [4, 5], [3, 6]] def 1 k 3 | t1=0 t2=1 t3p=0 t3h=0 t4=0 t4s2=0 | R13=0 R134=0 R134s2=0 RT=1 RT4=1 RT4s2=1 | t4min 0
X k4_certs_4_pure.json.gz#123 7,33,201,44 [[7], [2, 8], [4, 5], [3, 6]] def 1 k 3 | t1=0 t2=1 t3p=0 t3h=0 t4=0 t4s2=0 | R13=0 R134=0 R134s2=0 RT=1 RT4=1 RT4s2=1 | t4min 0
X k4_certs_4_pure.json.gz#123 7,33,217,44 [[7], [2, 8], [4, 5], [3, 6]] def 1 k 3 | t1=0 t2=1 t3p=0 t3h=0 t4=0 t4s2=0 | R13=0 R134=0 R134s2=0 RT=1 RT4=1 RT4s2=1 | t4min 0
X k4_certs_4_pure.json.gz#123 7,33,222,44 [[7], [2, 8], [4, 5], [3, 6]] def 1 k 3 | t1=0 t2=1 t3p=0 t3h=0 t4=0 t4s2=0 | R13=0 R134=0 R134s2=0 RT=1 RT4=1 RT4s2=1 | t4min 0
X k4_certs_4_pure.json.gz#123 7,33,233,44 [[7], [2, 8], [4, 5], [3, 6]] def 1 k 3 | t1=0 t2=1 t3p=0 t3h=0 t4=0 t4s2=0 | R13=0 R134=0 R134s2=0 RT=1 RT4=1 RT4s2=1 | t4min 0
X k4_certs_4_pure.json.gz#123 7,33,234,44 [[7], [2, 8], [4, 5], [3, 6]] def 1 k 3 | t1=0 t2=1 t3p=0 t3h=0 t4=0 t4s2=0 | R13=0 R134=0 R134s2=0 RT=1 RT4=1 RT4s2=1 | t4min 0
X k4_certs_4_pure.json.gz#123 7,33,236,44 [[7], [2, 8], [4, 5], [3, 6]] def 1 k 3 | t1=0 t2=1 t3p=0 t3h=0 t4=0 t4s2=0 | R13=0 R134=0 R134s2=0 RT=1 RT4=1 RT4s2=1 | t4min 0
X k4_certs_4_pure.json.gz#123 7,33,237,44 [[7], [2, 8], [4, 5], [3, 6]] def 1 k 3 | t1=0 t2=1 t3p=0 t3h=0 t4=0 t4s2=0 | R13=0 R134=0 R134s2=0 RT=1 RT4=1 RT4s2=1 | t4min 0
X k4_certs_4_pure.json.gz#123 7,33,241,44 [[7], [2, 8], [4, 5], [3, 6]] def 1 k 3 | t1=0 t2=1 t3p=0 t3h=0 t4=0 t4s2=0 | R13=0 R134=0 R134s2=0 RT=1 RT4=1 RT4s2=1 | t4min 0
X k4_certs_4_pure.json.gz#123 7,33,242,44 [[7], [2, 8], [4, 5], [3, 6]] def 1 k 3 | t1=0 t2=1 t3p=0 t3h=0 t4=0 t4s2=0 | R13=0 R134=0 R134s2=0 RT=1 RT4=1 RT4s2=1 | t4min 0
X k4_certs_4_pure.json.gz#123 7,33,243,44 [[7], [2, 8], [4, 5], [3, 6]] def 1 k 3 | t1=0 t2=1 t3p=0 t3h=0 t4=0 t4s2=0 | R13=0 R134=0 R134s2=0 RT=1 RT4=1 RT4s2=1 | t4min 0
X k4_certs_4_pure.json.gz#123 7,33,245,44 [[7], [2, 8], [4, 5], [3, 6]] def 1 k 3 | t1=0 t2=1 t3p=0 t3h=0 t4=0 t4s2=0 | R13=0 R134=0 R134s2=0 RT=1 RT4=1 RT4s2=1 | t4min 0
X k4_certs_4_pure.json.gz#123 7,33,248,44 [[7], [2, 8], [4, 5], [3, 6]] def 1 k 3 | t1=0 t2=1 t3p=0 t3h=0 t4=0 t4s2=0 | R13=0 R134=0 R134s2=0 RT=1 RT4=1 RT4s2=1 | t4min 0
X k4_certs_4_pure.json.gz#123 7,33,249,44 [[7], [2, 8], [4, 5], [3, 6]] def 1 k 3 | t1=0 t2=1 t3p=0 t3h=0 t4=0 t4s2=0 | R13=0 R134=0 R134s2=0 RT=1 RT4=1 RT4s2=1 | t4min 0
X k4_certs_4_pure.json.gz#123 7,33,250,44 [[7], [2, 8], [4, 5], [3, 6]] def 1 k 3 | t1=0 t2=1 t3p=0 t3h=0 t4=0 t4s2=0 | R13=0 R134=0 R134s2=0 RT=1 RT4=1 RT4s2=1 | t4min 0
X k4_certs_4_pure.json.gz#123 7,33,252,44 [[7], [2, 8], [4, 5], [3, 6]] def 1 k 3 | t1=0 t2=1 t3p=0 t3h=0 t4=0 t4s2=0 | R13=0 R134=0 R134s2=0 RT=1 RT4=1 RT4s2=1 | t4min 0
X k4_certs_4_pure.json.gz#123 7,33,268,44 [[7], [2, 8], [4, 5], [3, 6]] def 1 k 3 | t1=0 t2=1 t3p=0 t3h=0 t4=0 t4s2=0 | R13=0 R134=0 R134s2=0 RT=1 RT4=1 RT4s2=1 | t4min 0
X k4_certs_4_pure.json.gz#123 7,33,269,44 [[7], [2, 8], [4, 5], [3, 6]] def 1 k 3 | t1=0 t2=1 t3p=0 t3h=0 t4=0 t4s2=0 | R13=0 R134=0 R134s2=0 RT=1 RT4=1 RT4s2=1 | t4min 0
X k4_certs_4_pure.json.gz#123 7,33,272,44 [[7], [2, 8], [4, 5], [3, 6]] def 1 k 3 | t1=0 t2=1 t3p=0 t3h=0 t4=0 t4s2=0 | R13=0 R134=0 R134s2=0 RT=1 RT4=1 RT4s2=1 | t4min 0
X k4_certs_4_pure.json.gz#123 7,33,273,44 [[7], [2, 8], [4, 5], [3, 6]] def 1 k 3 | t1=0 t2=1 t3p=0 t3h=0 t4=0 t4s2=0 | R13=0 R134=0 R134s2=0 RT=1 RT4=1 RT4s2=1 | t4min 0
X k4_certs_4_pure.json.gz#123 7,33,282,44 [[7], [2, 8], [4, 5], [3, 6]] def 1 k 3 | t1=0 t2=1 t3p=0 t3h=0 t4=0 t4s2=0 | R13=0 R134=0 R134s2=0 RT=1 RT4=1 RT4s2=1 | t4min 0
X k4_certs_4_pure.json.gz#123 7,33,284,44 [[7], [2, 8], [4, 5], [3, 6]] def 1 k 3 | t1=0 t2=1 t3p=0 t3h=0 t4=0 t4s2=0 | R13=0 R134=0 R134s2=0 RT=1 RT4=1 RT4s2=1 | t4min 0
X k4_certs_4_pure.json.gz#123 7,33,285,44 [[7], [2, 8], [4, 5], [3, 6]] def 1 k 3 | t1=0 t2=1 t3p=0 t3h=0 t4=0 t4s2=0 | R13=0 R134=0 R134s2=0 RT=1 RT4=1 RT4s2=1 | t4min 0
X k4_certs_4_pure.json.gz#123 7,33,286,44 [[7], [2, 8], [4, 5], [3, 6]] def 1 k 3 | t1=0 t2=1 t3p=0 t3h=0 t4=0 t4s2=0 | R13=0 R134=0 R134s2=0 RT=1 RT4=1 RT4s2=1 | t4min 0
X k4_certs_4_pure.json.gz#123 7,49,11,44 [[7], [2, 8], [4, 5], [3, 6]] def 1 k 3 | t1=0 t2=1 t3p=0 t3h=0 t4=0 t4s2=0 | R13=0 R134=0 R134s2=0 RT=1 RT4=1 RT4s2=1 | t4min 0
X k4_certs_4_pure.json.gz#123 7,49,13,44 [[7], [2, 8], [4, 5], [3, 6]] def 1 k 3 | t1=0 t2=1 t3p=0 t3h=0 t4=0 t4s2=0 | R13=0 R134=0 R134s2=0 RT=1 RT4=1 RT4s2=1 | t4min 0
X k4_certs_4_pure.json.gz#123 7,49,18,44 [[7], [2, 8], [4, 5], [3, 6]] def 1 k 3 | t1=0 t2=1 t3p=0 t3h=0 t4=0 t4s2=0 | R13=0 R134=0 R134s2=0 RT=1 RT4=1 RT4s2=1 | t4min 0
X k4_certs_4_pure.json.gz#123 7,49,25,44 [[7], [2, 8], [4, 5], [3, 6]] def 1 k 3 | t1=0 t2=1 t3p=0 t3h=0 t4=0 t4s2=0 | R13=0 R134=0 R134s2=0 RT=1 RT4=1 RT4s2=1 | t4min 0
X k4_certs_4_pure.json.gz#123 7,49,47,44 [[7], [2, 8], [4, 5], [3, 6]] def 1 k 3 | t1=0 t2=1 t3p=0 t3h=0 t4=0 t4s2=0 | R13=0 R134=0 R134s2=0 RT=1 RT4=1 RT4s2=1 | t4min 0
X k4_certs_4_pure.json.gz#123 7,49,50,44 [[7], [2, 8], [4, 5], [3, 6]] def 1 k 3 | t1=0 t2=1 t3p=0 t3h=0 t4=0 t4s2=0 | R13=0 R134=0 R134s2=0 RT=1 RT4=1 RT4s2=1 | t4min 0
X k4_certs_4_pure.json.gz#123 7,49,55,44 [[7], [2, 8], [4, 5], [3, 6]] def 1 k 3 | t1=0 t2=1 t3p=0 t3h=0 t4=0 t4s2=0 | R13=0 R134=0 R134s2=0 RT=1 RT4=1 RT4s2=1 | t4min 0
X k4_certs_4_pure.json.gz#123 7,49,67,44 [[7], [2, 8], [4, 5], [3, 6]] def 1 k 3 | t1=0 t2=1 t3p=0 t3h=0 t4=0 t4s2=0 | R13=0 R134=0 R134s2=0 RT=1 RT4=1 RT4s2=1 | t4min 0
X k4_certs_4_pure.json.gz#123 7,49,82,44 [[7], [2, 8], [4, 5], [3, 6]] def 1 k 3 | t1=0 t2=1 t3p=0 t3h=0 t4=0 t4s2=0 | R13=0 R134=0 R134s2=0 RT=1 RT4=1 RT4s2=1 | t4min 0
X k4_certs_4_pure.json.gz#123 7,49,89,44 [[7], [2, 8], [4, 5], [3, 6]] def 1 k 3 | t1=0 t2=1 t3p=0 t3h=0 t4=0 t4s2=0 | R13=0 R134=0 R134s2=0 RT=1 RT4=1 RT4s2=1 | t4min 0
X k4_certs_4_pure.json.gz#123 7,49,92,44 [[7], [2, 8], [4, 5], [3, 6]] def 1 k 3 | t1=0 t2=1 t3p=0 t3h=0 t4=0 t4s2=0 | R13=0 R134=0 R134s2=0 RT=1 RT4=1 RT4s2=1 | t4min 0
X k4_certs_4_pure.json.gz#123 7,49,95,44 [[7], [2, 8], [4, 5], [3, 6]] def 1 k 3 | t1=0 t2=1 t3p=0 t3h=0 t4=0 t4s2=0 | R13=0 R134=0 R134s2=0 RT=1 RT4=1 RT4s2=1 | t4min 0
X k4_certs_4_pure.json.gz#123 7,49,99,44 [[7], [2, 8], [4, 5], [3, 6]] def 1 k 3 | t1=0 t2=1 t3p=0 t3h=0 t4=0 t4s2=0 | R13=0 R134=0 R134s2=0 RT=1 RT4=1 RT4s2=1 | t4min 0
X k4_certs_4_pure.json.gz#123 7,49,100,44 [[7], [2, 8], [4, 5], [3, 6]] def 1 k 3 | t1=0 t2=1 t3p=0 t3h=0 t4=0 t4s2=0 | R13=0 R134=0 R134s2=0 RT=1 RT4=1 RT4s2=1 | t4min 0
X k4_certs_4_pure.json.gz#123 7,49,104,44 [[7], [2, 8], [4, 5], [3, 6]] def 1 k 3 | t1=0 t2=1 t3p=0 t3h=0 t4=0 t4s2=0 | R13=0 R134=0 R134s2=0 RT=1 RT4=1 RT4s2=1 | t4min 0
X k4_certs_4_pure.json.gz#123 7,49,114,44 [[7], [2, 8], [4, 5], [3, 6]] def 1 k 3 | t1=0 t2=1 t3p=0 t3h=0 t4=0 t4s2=0 | R13=0 R134=0 R134s2=0 RT=1 RT4=1 RT4s2=1 | t4min 0
X k4_certs_4_pure.json.gz#123 7,49,128,44 [[7], [2, 8], [4, 5], [3, 6]] def 1 k 3 | t1=0 t2=1 t3p=0 t3h=0 t4=0 t4s2=0 | R13=0 R134=0 R134s2=0 RT=1 RT4=1 RT4s2=1 | t4min 0
X k4_certs_4_pure.json.gz#123 7,49,131,44 [[7], [2, 8], [4, 5], [3, 6]] def 1 k 3 | t1=0 t2=1 t3p=0 t3h=0 t4=0 t4s2=0 | R13=0 R134=0 R134s2=0 RT=1 RT4=1 RT4s2=1 | t4min 0
X k4_certs_4_pure.json.gz#123 7,49,134,44 [[7], [2, 8], [4, 5], [3, 6]] def 1 k 3 | t1=0 t2=1 t3p=0 t3h=0 t4=0 t4s2=0 | R13=0 R134=0 R134s2=0 RT=1 RT4=1 RT4s2=1 | t4min 0
X k4_certs_4_pure.json.gz#123 7,49,135,44 [[7], [2, 8], [4, 5], [3, 6]] def 1 k 3 | t1=0 t2=1 t3p=0 t3h=0 t4=0 t4s2=0 | R13=0 R134=0 R134s2=0 RT=1 RT4=1 RT4s2=1 | t4min 0
X k4_certs_4_pure.json.gz#123 7,49,152,44 [[7], [2, 8], [4, 5], [3, 6]] def 1 k 3 | t1=0 t2=1 t3p=0 t3h=0 t4=0 t4s2=0 | R13=0 R134=0 R134s2=0 RT=1 RT4=1 RT4s2=1 | t4min 0
X k4_certs_4_pure.json.gz#123 7,49,155,44 [[7], [2, 8], [4, 5], [3, 6]] def 1 k 3 | t1=0 t2=1 t3p=0 t3h=0 t4=0 t4s2=0 | R13=0 R134=0 R134s2=0 RT=1 RT4=1 RT4s2=1 | t4min 0
X k4_certs_4_pure.json.gz#123 7,49,160,44 [[7], [2, 8], [4, 5], [3, 6]] def 1 k 3 | t1=0 t2=1 t3p=0 t3h=0 t4=0 t4s2=0 | R13=0 R134=0 R134s2=0 RT=1 RT4=1 RT4s2=1 | t4min 0
X k4_certs_4_pure.json.gz#123 7,49,165,44 [[7], [2, 8], [4, 5], [3, 6]] def 1 k 3 | t1=0 t2=1 t3p=0 t3h=0 t4=0 t4s2=0 | R13=0 R134=0 R134s2=0 RT=1 RT4=1 RT4s2=1 | t4min 0
X k4_certs_4_pure.json.gz#123 7,49,174,44 [[7], [2, 8], [4, 5], [3, 6]] def 1 k 3 | t1=0 t2=1 t3p=0 t3h=0 t4=0 t4s2=0 | R13=0 R134=0 R134s2=0 RT=1 RT4=1 RT4s2=1 | t4min 0
X k4_certs_4_pure.json.gz#123 7,49,192,44 [[7], [2, 8], [4, 5], [3, 6]] def 1 k 3 | t1=0 t2=1 t3p=0 t3h=0 t4=0 t4s2=0 | R13=0 R134=0 R134s2=0 RT=1 RT4=1 RT4s2=1 | t4min 0
X k4_certs_4_pure.json.gz#123 7,49,193,44 [[7], [2, 8], [4, 5], [3, 6]] def 1 k 3 | t1=0 t2=1 t3p=0 t3h=0 t4=0 t4s2=0 | R13=0 R134=0 R134s2=0 RT=1 RT4=1 RT4s2=1 | t4min 0
X k4_certs_4_pure.json.gz#123 7,49,198,44 [[7], [2, 8], [4, 5], [3, 6]] def 1 k 3 | t1=0 t2=1 t3p=0 t3h=0 t4=0 t4s2=0 | R13=0 R134=0 R134s2=0 RT=1 RT4=1 RT4s2=1 | t4min 0
X k4_certs_4_pure.json.gz#123 7,49,201,44 [[7], [2, 8], [4, 5], [3, 6]] def 1 k 3 | t1=0 t2=1 t3p=0 t3h=0 t4=0 t4s2=0 | R13=0 R134=0 R134s2=0 RT=1 RT4=1 RT4s2=1 | t4min 0
X k4_certs_4_pure.json.gz#123 7,49,217,44 [[7], [2, 8], [4, 5], [3, 6]] def 1 k 3 | t1=0 t2=1 t3p=0 t3h=0 t4=0 t4s2=0 | R13=0 R134=0 R134s2=0 RT=1 RT4=1 RT4s2=1 | t4min 0
X k4_certs_4_pure.json.gz#123 7,49,222,44 [[7], [2, 8], [4, 5], [3, 6]] def 1 k 3 | t1=0 t2=1 t3p=0 t3h=0 t4=0 t4s2=0 | R13=0 R134=0 R134s2=0 RT=1 RT4=1 RT4s2=1 | t4min 0
X k4_certs_4_pure.json.gz#123 7,49,233,44 [[7], [2, 8], [4, 5], [3, 6]] def 1 k 3 | t1=0 t2=1 t3p=0 t3h=0 t4=0 t4s2=0 | R13=0 R134=0 R134s2=0 RT=1 RT4=1 RT4s2=1 | t4min 0
X k4_certs_4_pure.json.gz#123 7,49,234,44 [[7], [2, 8], [4, 5], [3, 6]] def 1 k 3 | t1=0 t2=1 t3p=0 t3h=0 t4=0 t4s2=0 | R13=0 R134=0 R134s2=0 RT=1 RT4=1 RT4s2=1 | t4min 0
X k4_certs_4_pure.json.gz#123 7,49,236,44 [[7], [2, 8], [4, 5], [3, 6]] def 1 k 3 | t1=0 t2=1 t3p=0 t3h=0 t4=0 t4s2=0 | R13=0 R134=0 R134s2=0 RT=1 RT4=1 RT4s2=1 | t4min 0
X k4_certs_4_pure.json.gz#123 7,49,237,44 [[7], [2, 8], [4, 5], [3, 6]] def 1 k 3 | t1=0 t2=1 t3p=0 t3h=0 t4=0 t4s2=0 | R13=0 R134=0 R134s2=0 RT=1 RT4=1 RT4s2=1 | t4min 0
X k4_certs_4_pure.json.gz#123 7,49,241,44 [[7], [2, 8], [4, 5], [3, 6]] def 1 k 3 | t1=0 t2=1 t3p=0 t3h=0 t4=0 t4s2=0 | R13=0 R134=0 R134s2=0 RT=1 RT4=1 RT4s2=1 | t4min 0
X k4_certs_4_pure.json.gz#123 7,49,242,44 [[7], [2, 8], [4, 5], [3, 6]] def 1 k 3 | t1=0 t2=1 t3p=0 t3h=0 t4=0 t4s2=0 | R13=0 R134=0 R134s2=0 RT=1 RT4=1 RT4s2=1 | t4min 0
X k4_certs_4_pure.json.gz#123 7,49,243,44 [[7], [2, 8], [4, 5], [3, 6]] def 1 k 3 | t1=0 t2=1 t3p=0 t3h=0 t4=0 t4s2=0 | R13=0 R134=0 R134s2=0 RT=1 RT4=1 RT4s2=1 | t4min 0
X k4_certs_4_pure.json.gz#123 7,49,245,44 [[7], [2, 8], [4, 5], [3, 6]] def 1 k 3 | t1=0 t2=1 t3p=0 t3h=0 t4=0 t4s2=0 | R13=0 R134=0 R134s2=0 RT=1 RT4=1 RT4s2=1 | t4min 0
X k4_certs_4_pure.json.gz#123 7,49,248,44 [[7], [2, 8], [4, 5], [3, 6]] def 1 k 3 | t1=0 t2=1 t3p=0 t3h=0 t4=0 t4s2=0 | R13=0 R134=0 R134s2=0 RT=1 RT4=1 RT4s2=1 | t4min 0
X k4_certs_4_pure.json.gz#123 7,49,249,44 [[7], [2, 8], [4, 5], [3, 6]] def 1 k 3 | t1=0 t2=1 t3p=0 t3h=0 t4=0 t4s2=0 | R13=0 R134=0 R134s2=0 RT=1 RT4=1 RT4s2=1 | t4min 0
X k4_certs_4_pure.json.gz#123 7,49,250,44 [[7], [2, 8], [4, 5], [3, 6]] def 1 k 3 | t1=0 t2=1 t3p=0 t3h=0 t4=0 t4s2=0 | R13=0 R134=0 R134s2=0 RT=1 RT4=1 RT4s2=1 | t4min 0
X k4_certs_4_pure.json.gz#123 7,49,252,44 [[7], [2, 8], [4, 5], [3, 6]] def 1 k 3 | t1=0 t2=1 t3p=0 t3h=0 t4=0 t4s2=0 | R13=0 R134=0 R134s2=0 RT=1 RT4=1 RT4s2=1 | t4min 0
X k4_certs_4_pure.json.gz#123 7,49,268,44 [[7], [2, 8], [4, 5], [3, 6]] def 1 k 3 | t1=0 t2=1 t3p=0 t3h=0 t4=0 t4s2=0 | R13=0 R134=0 R134s2=0 RT=1 RT4=1 RT4s2=1 | t4min 0
X k4_certs_4_pure.json.gz#123 7,49,269,44 [[7], [2, 8], [4, 5], [3, 6]] def 1 k 3 | t1=0 t2=1 t3p=0 t3h=0 t4=0 t4s2=0 | R13=0 R134=0 R134s2=0 RT=1 RT4=1 RT4s2=1 | t4min 0
X k4_certs_4_pure.json.gz#123 7,49,272,44 [[7], [2, 8], [4, 5], [3, 6]] def 1 k 3 | t1=0 t2=1 t3p=0 t3h=0 t4=0 t4s2=0 | R13=0 R134=0 R134s2=0 RT=1 RT4=1 RT4s2=1 | t4min 0
X k4_certs_4_pure.json.gz#123 7,49,273,44 [[7], [2, 8], [4, 5], [3, 6]] def 1 k 3 | t1=0 t2=1 t3p=0 t3h=0 t4=0 t4s2=0 | R13=0 R134=0 R134s2=0 RT=1 RT4=1 RT4s2=1 | t4min 0
X k4_certs_4_pure.json.gz#123 7,49,282,44 [[7], [2, 8], [4, 5], [3, 6]] def 1 k 3 | t1=0 t2=1 t3p=0 t3h=0 t4=0 t4s2=0 | R13=0 R134=0 R134s2=0 RT=1 RT4=1 RT4s2=1 | t4min 0
X k4_certs_4_pure.json.gz#123 7,49,284,44 [[7], [2, 8], [4, 5], [3, 6]] def 1 k 3 | t1=0 t2=1 t3p=0 t3h=0 t4=0 t4s2=0 | R13=0 R134=0 R134s2=0 RT=1 RT4=1 RT4s2=1 | t4min 0
X k4_certs_4_pure.json.gz#123 7,49,285,44 [[7], [2, 8], [4, 5], [3, 6]] def 1 k 3 | t1=0 t2=1 t3p=0 t3h=0 t4=0 t4s2=0 | R13=0 R134=0 R134s2=0 RT=1 RT4=1 RT4s2=1 | t4min 0
X k4_certs_4_pure.json.gz#123 7,49,286,44 [[7], [2, 8], [4, 5], [3, 6]] def 1 k 3 | t1=0 t2=1 t3p=0 t3h=0 t4=0 t4s2=0 | R13=0 R134=0 R134s2=0 RT=1 RT4=1 RT4s2=1 | t4min 0
X k4_certs_4_pure.json.gz#123 7,51,11,44 [[7], [2, 8], [4, 5], [3, 6]] def 1 k 3 | t1=0 t2=1 t3p=0 t3h=0 t4=0 t4s2=0 | R13=0 R134=0 R134s2=0 RT=1 RT4=1 RT4s2=1 | t4min 0
X k4_certs_4_pure.json.gz#123 7,51,13,44 [[7], [2, 8], [4, 5], [3, 6]] def 1 k 3 | t1=0 t2=1 t3p=0 t3h=0 t4=0 t4s2=0 | R13=0 R134=0 R134s2=0 RT=1 RT4=1 RT4s2=1 | t4min 0
X k4_certs_4_pure.json.gz#123 7,51,18,44 [[7], [2, 8], [4, 5], [3, 6]] def 1 k 3 | t1=0 t2=1 t3p=0 t3h=0 t4=0 t4s2=0 | R13=0 R134=0 R134s2=0 RT=1 RT4=1 RT4s2=1 | t4min 0
X k4_certs_4_pure.json.gz#123 7,51,25,44 [[7], [2, 8], [4, 5], [3, 6]] def 1 k 3 | t1=0 t2=1 t3p=0 t3h=0 t4=0 t4s2=0 | R13=0 R134=0 R134s2=0 RT=1 RT4=1 RT4s2=1 | t4min 0
X k4_certs_4_pure.json.gz#123 7,51,47,44 [[7], [2, 8], [4, 5], [3, 6]] def 1 k 3 | t1=0 t2=1 t3p=0 t3h=0 t4=0 t4s2=0 | R13=0 R134=0 R134s2=0 RT=1 RT4=1 RT4s2=1 | t4min 0
X k4_certs_4_pure.json.gz#123 7,51,50,44 [[7], [2, 8], [4, 5], [3, 6]] def 1 k 3 | t1=0 t2=1 t3p=0 t3h=0 t4=0 t4s2=0 | R13=0 R134=0 R134s2=0 RT=1 RT4=1 RT4s2=1 | t4min 0
X k4_certs_4_pure.json.gz#123 7,51,55,44 [[7], [2, 8], [4, 5], [3, 6]] def 1 k 3 | t1=0 t2=1 t3p=0 t3h=0 t4=0 t4s2=0 | R13=0 R134=0 R134s2=0 RT=1 RT4=1 RT4s2=1 | t4min 0
X k4_certs_4_pure.json.gz#123 7,51,67,44 [[7], [2, 8], [4, 5], [3, 6]] def 1 k 3 | t1=0 t2=1 t3p=0 t3h=0 t4=0 t4s2=0 | R13=0 R134=0 R134s2=0 RT=1 RT4=1 RT4s2=1 | t4min 0
X k4_certs_4_pure.json.gz#123 7,51,82,44 [[7], [2, 8], [4, 5], [3, 6]] def 1 k 3 | t1=0 t2=1 t3p=0 t3h=0 t4=0 t4s2=0 | R13=0 R134=0 R134s2=0 RT=1 RT4=1 RT4s2=1 | t4min 0
X k4_certs_4_pure.json.gz#123 7,51,89,44 [[7], [2, 8], [4, 5], [3, 6]] def 1 k 3 | t1=0 t2=1 t3p=0 t3h=0 t4=0 t4s2=0 | R13=0 R134=0 R134s2=0 RT=1 RT4=1 RT4s2=1 | t4min 0
X k4_certs_4_pure.json.gz#123 7,51,92,44 [[7], [2, 8], [4, 5], [3, 6]] def 1 k 3 | t1=0 t2=1 t3p=0 t3h=0 t4=0 t4s2=0 | R13=0 R134=0 R134s2=0 RT=1 RT4=1 RT4s2=1 | t4min 0
X k4_certs_4_pure.json.gz#123 7,51,95,44 [[7], [2, 8], [4, 5], [3, 6]] def 1 k 3 | t1=0 t2=1 t3p=0 t3h=0 t4=0 t4s2=0 | R13=0 R134=0 R134s2=0 RT=1 RT4=1 RT4s2=1 | t4min 0
X k4_certs_4_pure.json.gz#123 7,51,99,44 [[7], [2, 8], [4, 5], [3, 6]] def 1 k 3 | t1=0 t2=1 t3p=0 t3h=0 t4=0 t4s2=0 | R13=0 R134=0 R134s2=0 RT=1 RT4=1 RT4s2=1 | t4min 0
X k4_certs_4_pure.json.gz#123 7,51,100,44 [[7], [2, 8], [4, 5], [3, 6]] def 1 k 3 | t1=0 t2=1 t3p=0 t3h=0 t4=0 t4s2=0 | R13=0 R134=0 R134s2=0 RT=1 RT4=1 RT4s2=1 | t4min 0
X k4_certs_4_pure.json.gz#123 7,51,104,44 [[7], [2, 8], [4, 5], [3, 6]] def 1 k 3 | t1=0 t2=1 t3p=0 t3h=0 t4=0 t4s2=0 | R13=0 R134=0 R134s2=0 RT=1 RT4=1 RT4s2=1 | t4min 0
X k4_certs_4_pure.json.gz#123 7,51,114,44 [[7], [2, 8], [4, 5], [3, 6]] def 1 k 3 | t1=0 t2=1 t3p=0 t3h=0 t4=0 t4s2=0 | R13=0 R134=0 R134s2=0 RT=1 RT4=1 RT4s2=1 | t4min 0
X k4_certs_4_pure.json.gz#123 7,51,128,44 [[7], [2, 8], [4, 5], [3, 6]] def 1 k 3 | t1=0 t2=1 t3p=0 t3h=0 t4=0 t4s2=0 | R13=0 R134=0 R134s2=0 RT=1 RT4=1 RT4s2=1 | t4min 0
X k4_certs_4_pure.json.gz#123 7,51,131,44 [[7], [2, 8], [4, 5], [3, 6]] def 1 k 3 | t1=0 t2=1 t3p=0 t3h=0 t4=0 t4s2=0 | R13=0 R134=0 R134s2=0 RT=1 RT4=1 RT4s2=1 | t4min 0
X k4_certs_4_pure.json.gz#123 7,51,134,44 [[7], [2, 8], [4, 5], [3, 6]] def 1 k 3 | t1=0 t2=1 t3p=0 t3h=0 t4=0 t4s2=0 | R13=0 R134=0 R134s2=0 RT=1 RT4=1 RT4s2=1 | t4min 0
X k4_certs_4_pure.json.gz#123 7,51,135,44 [[7], [2, 8], [4, 5], [3, 6]] def 1 k 3 | t1=0 t2=1 t3p=0 t3h=0 t4=0 t4s2=0 | R13=0 R134=0 R134s2=0 RT=1 RT4=1 RT4s2=1 | t4min 0
X k4_certs_4_pure.json.gz#123 7,51,152,44 [[7], [2, 8], [4, 5], [3, 6]] def 1 k 3 | t1=0 t2=1 t3p=0 t3h=0 t4=0 t4s2=0 | R13=0 R134=0 R134s2=0 RT=1 RT4=1 RT4s2=1 | t4min 0
X k4_certs_4_pure.json.gz#123 7,51,155,44 [[7], [2, 8], [4, 5], [3, 6]] def 1 k 3 | t1=0 t2=1 t3p=0 t3h=0 t4=0 t4s2=0 | R13=0 R134=0 R134s2=0 RT=1 RT4=1 RT4s2=1 | t4min 0
X k4_certs_4_pure.json.gz#123 7,51,160,44 [[7], [2, 8], [4, 5], [3, 6]] def 1 k 3 | t1=0 t2=1 t3p=0 t3h=0 t4=0 t4s2=0 | R13=0 R134=0 R134s2=0 RT=1 RT4=1 RT4s2=1 | t4min 0
X k4_certs_4_pure.json.gz#123 7,51,165,44 [[7], [2, 8], [4, 5], [3, 6]] def 1 k 3 | t1=0 t2=1 t3p=0 t3h=0 t4=0 t4s2=0 | R13=0 R134=0 R134s2=0 RT=1 RT4=1 RT4s2=1 | t4min 0
X k4_certs_4_pure.json.gz#123 7,51,174,44 [[7], [2, 8], [4, 5], [3, 6]] def 1 k 3 | t1=0 t2=1 t3p=0 t3h=0 t4=0 t4s2=0 | R13=0 R134=0 R134s2=0 RT=1 RT4=1 RT4s2=1 | t4min 0
X k4_certs_4_pure.json.gz#123 7,51,192,44 [[7], [2, 8], [4, 5], [3, 6]] def 1 k 3 | t1=0 t2=1 t3p=0 t3h=0 t4=0 t4s2=0 | R13=0 R134=0 R134s2=0 RT=1 RT4=1 RT4s2=1 | t4min 0
X k4_certs_4_pure.json.gz#123 7,51,193,44 [[7], [2, 8], [4, 5], [3, 6]] def 1 k 3 | t1=0 t2=1 t3p=0 t3h=0 t4=0 t4s2=0 | R13=0 R134=0 R134s2=0 RT=1 RT4=1 RT4s2=1 | t4min 0
X k4_certs_4_pure.json.gz#123 7,51,198,44 [[7], [2, 8], [4, 5], [3, 6]] def 1 k 3 | t1=0 t2=1 t3p=0 t3h=0 t4=0 t4s2=0 | R13=0 R134=0 R134s2=0 RT=1 RT4=1 RT4s2=1 | t4min 0
X k4_certs_4_pure.json.gz#123 7,51,201,44 [[7], [2, 8], [4, 5], [3, 6]] def 1 k 3 | t1=0 t2=1 t3p=0 t3h=0 t4=0 t4s2=0 | R13=0 R134=0 R134s2=0 RT=1 RT4=1 RT4s2=1 | t4min 0
X k4_certs_4_pure.json.gz#123 7,51,217,44 [[7], [2, 8], [4, 5], [3, 6]] def 1 k 3 | t1=0 t2=1 t3p=0 t3h=0 t4=0 t4s2=0 | R13=0 R134=0 R134s2=0 RT=1 RT4=1 RT4s2=1 | t4min 0
X k4_certs_4_pure.json.gz#123 7,51,222,44 [[7], [2, 8], [4, 5], [3, 6]] def 1 k 3 | t1=0 t2=1 t3p=0 t3h=0 t4=0 t4s2=0 | R13=0 R134=0 R134s2=0 RT=1 RT4=1 RT4s2=1 | t4min 0
X k4_certs_4_pure.json.gz#123 7,51,233,44 [[7], [2, 8], [4, 5], [3, 6]] def 1 k 3 | t1=0 t2=1 t3p=0 t3h=0 t4=0 t4s2=0 | R13=0 R134=0 R134s2=0 RT=1 RT4=1 RT4s2=1 | t4min 0
X k4_certs_4_pure.json.gz#123 7,51,234,44 [[7], [2, 8], [4, 5], [3, 6]] def 1 k 3 | t1=0 t2=1 t3p=0 t3h=0 t4=0 t4s2=0 | R13=0 R134=0 R134s2=0 RT=1 RT4=1 RT4s2=1 | t4min 0
X k4_certs_4_pure.json.gz#123 7,51,236,44 [[7], [2, 8], [4, 5], [3, 6]] def 1 k 3 | t1=0 t2=1 t3p=0 t3h=0 t4=0 t4s2=0 | R13=0 R134=0 R134s2=0 RT=1 RT4=1 RT4s2=1 | t4min 0
X k4_certs_4_pure.json.gz#123 7,51,237,44 [[7], [2, 8], [4, 5], [3, 6]] def 1 k 3 | t1=0 t2=1 t3p=0 t3h=0 t4=0 t4s2=0 | R13=0 R134=0 R134s2=0 RT=1 RT4=1 RT4s2=1 | t4min 0
X k4_certs_4_pure.json.gz#123 7,51,241,44 [[7], [2, 8], [4, 5], [3, 6]] def 1 k 3 | t1=0 t2=1 t3p=0 t3h=0 t4=0 t4s2=0 | R13=0 R134=0 R134s2=0 RT=1 RT4=1 RT4s2=1 | t4min 0
X k4_certs_4_pure.json.gz#123 7,51,242,44 [[7], [2, 8], [4, 5], [3, 6]] def 1 k 3 | t1=0 t2=1 t3p=0 t3h=0 t4=0 t4s2=0 | R13=0 R134=0 R134s2=0 RT=1 RT4=1 RT4s2=1 | t4min 0
X k4_certs_4_pure.json.gz#123 7,51,243,44 [[7], [2, 8], [4, 5], [3, 6]] def 1 k 3 | t1=0 t2=1 t3p=0 t3h=0 t4=0 t4s2=0 | R13=0 R134=0 R134s2=0 RT=1 RT4=1 RT4s2=1 | t4min 0
X k4_certs_4_pure.json.gz#123 7,51,245,44 [[7], [2, 8], [4, 5], [3, 6]] def 1 k 3 | t1=0 t2=1 t3p=0 t3h=0 t4=0 t4s2=0 | R13=0 R134=0 R134s2=0 RT=1 RT4=1 RT4s2=1 | t4min 0
X k4_certs_4_pure.json.gz#123 7,51,248,44 [[7], [2, 8], [4, 5], [3, 6]] def 1 k 3 | t1=0 t2=1 t3p=0 t3h=0 t4=0 t4s2=0 | R13=0 R134=0 R134s2=0 RT=1 RT4=1 RT4s2=1 | t4min 0
X k4_certs_4_pure.json.gz#123 7,51,249,44 [[7], [2, 8], [4, 5], [3, 6]] def 1 k 3 | t1=0 t2=1 t3p=0 t3h=0 t4=0 t4s2=0 | R13=0 R134=0 R134s2=0 RT=1 RT4=1 RT4s2=1 | t4min 0
X k4_certs_4_pure.json.gz#123 7,51,250,44 [[7], [2, 8], [4, 5], [3, 6]] def 1 k 3 | t1=0 t2=1 t3p=0 t3h=0 t4=0 t4s2=0 | R13=0 R134=0 R134s2=0 RT=1 RT4=1 RT4s2=1 | t4min 0
X k4_certs_4_pure.json.gz#123 7,51,252,44 [[7], [2, 8], [4, 5], [3, 6]] def 1 k 3 | t1=0 t2=1 t3p=0 t3h=0 t4=0 t4s2=0 | R13=0 R134=0 R134s2=0 RT=1 RT4=1 RT4s2=1 | t4min 0
X k4_certs_4_pure.json.gz#123 7,51,268,44 [[7], [2, 8], [4, 5], [3, 6]] def 1 k 3 | t1=0 t2=1 t3p=0 t3h=0 t4=0 t4s2=0 | R13=0 R134=0 R134s2=0 RT=1 RT4=1 RT4s2=1 | t4min 0
X k4_certs_4_pure.json.gz#123 7,51,269,44 [[7], [2, 8], [4, 5], [3, 6]] def 1 k 3 | t1=0 t2=1 t3p=0 t3h=0 t4=0 t4s2=0 | R13=0 R134=0 R134s2=0 RT=1 RT4=1 RT4s2=1 | t4min 0
X k4_certs_4_pure.json.gz#123 7,51,272,44 [[7], [2, 8], [4, 5], [3, 6]] def 1 k 3 | t1=0 t2=1 t3p=0 t3h=0 t4=0 t4s2=0 | R13=0 R134=0 R134s2=0 RT=1 RT4=1 RT4s2=1 | t4min 0
X k4_certs_4_pure.json.gz#123 7,51,273,44 [[7], [2, 8], [4, 5], [3, 6]] def 1 k 3 | t1=0 t2=1 t3p=0 t3h=0 t4=0 t4s2=0 | R13=0 R134=0 R134s2=0 RT=1 RT4=1 RT4s2=1 | t4min 0
X k4_certs_4_pure.json.gz#123 7,51,282,44 [[7], [2, 8], [4, 5], [3, 6]] def 1 k 3 | t1=0 t2=1 t3p=0 t3h=0 t4=0 t4s2=0 | R13=0 R134=0 R134s2=0 RT=1 RT4=1 RT4s2=1 | t4min 0
X k4_certs_4_pure.json.gz#123 7,51,284,44 [[7], [2, 8], [4, 5], [3, 6]] def 1 k 3 | t1=0 t2=1 t3p=0 t3h=0 t4=0 t4s2=0 | R13=0 R134=0 R134s2=0 RT=1 RT4=1 RT4s2=1 | t4min 0
X k4_certs_4_pure.json.gz#123 7,51,285,44 [[7], [2, 8], [4, 5], [3, 6]] def 1 k 3 | t1=0 t2=1 t3p=0 t3h=0 t4=0 t4s2=0 | R13=0 R134=0 R134s2=0 RT=1 RT4=1 RT4s2=1 | t4min 0
X k4_certs_4_pure.json.gz#123 7,51,286,44 [[7], [2, 8], [4, 5], [3, 6]] def 1 k 3 | t1=0 t2=1 t3p=0 t3h=0 t4=0 t4s2=0 | R13=0 R134=0 R134s2=0 RT=1 RT4=1 RT4s2=1 | t4min 0
X k4_certs_4_pure.json.gz#123 7,53,11,44 [[7], [2, 8], [4, 5], [3, 6]] def 1 k 3 | t1=0 t2=1 t3p=0 t3h=0 t4=0 t4s2=0 | R13=0 R134=0 R134s2=0 RT=1 RT4=1 RT4s2=1 | t4min 0
X k4_certs_4_pure.json.gz#123 7,53,13,44 [[7], [2, 8], [4, 5], [3, 6]] def 1 k 3 | t1=0 t2=1 t3p=0 t3h=0 t4=0 t4s2=0 | R13=0 R134=0 R134s2=0 RT=1 RT4=1 RT4s2=1 | t4min 0
X k4_certs_4_pure.json.gz#123 7,53,18,44 [[7], [2, 8], [4, 5], [3, 6]] def 1 k 3 | t1=0 t2=1 t3p=0 t3h=0 t4=0 t4s2=0 | R13=0 R134=0 R134s2=0 RT=1 RT4=1 RT4s2=1 | t4min 0
X k4_certs_4_pure.json.gz#123 7,53,25,44 [[7], [2, 8], [4, 5], [3, 6]] def 1 k 3 | t1=0 t2=1 t3p=0 t3h=0 t4=0 t4s2=0 | R13=0 R134=0 R134s2=0 RT=1 RT4=1 RT4s2=1 | t4min 0
X k4_certs_4_pure.json.gz#123 7,53,47,44 [[7], [2, 8], [4, 5], [3, 6]] def 1 k 3 | t1=0 t2=1 t3p=0 t3h=0 t4=0 t4s2=0 | R13=0 R134=0 R134s2=0 RT=1 RT4=1 RT4s2=1 | t4min 0
X k4_certs_4_pure.json.gz#123 7,53,50,44 [[7], [2, 8], [4, 5], [3, 6]] def 1 k 3 | t1=0 t2=1 t3p=0 t3h=0 t4=0 t4s2=0 | R13=0 R134=0 R134s2=0 RT=1 RT4=1 RT4s2=1 | t4min 0
X k4_certs_4_pure.json.gz#123 7,53,55,44 [[7], [2, 8], [4, 5], [3, 6]] def 1 k 3 | t1=0 t2=1 t3p=0 t3h=0 t4=0 t4s2=0 | R13=0 R134=0 R134s2=0 RT=1 RT4=1 RT4s2=1 | t4min 0
X k4_certs_4_pure.json.gz#123 7,53,67,44 [[7], [2, 8], [4, 5], [3, 6]] def 1 k 3 | t1=0 t2=1 t3p=0 t3h=0 t4=0 t4s2=0 | R13=0 R134=0 R134s2=0 RT=1 RT4=1 RT4s2=1 | t4min 0
X k4_certs_4_pure.json.gz#123 7,53,82,44 [[7], [2, 8], [4, 5], [3, 6]] def 1 k 3 | t1=0 t2=1 t3p=0 t3h=0 t4=0 t4s2=0 | R13=0 R134=0 R134s2=0 RT=1 RT4=1 RT4s2=1 | t4min 0
X k4_certs_4_pure.json.gz#123 7,53,89,44 [[7], [2, 8], [4, 5], [3, 6]] def 1 k 3 | t1=0 t2=1 t3p=0 t3h=0 t4=0 t4s2=0 | R13=0 R134=0 R134s2=0 RT=1 RT4=1 RT4s2=1 | t4min 0
X k4_certs_4_pure.json.gz#123 7,53,92,44 [[7], [2, 8], [4, 5], [3, 6]] def 1 k 3 | t1=0 t2=1 t3p=0 t3h=0 t4=0 t4s2=0 | R13=0 R134=0 R134s2=0 RT=1 RT4=1 RT4s2=1 | t4min 0
X k4_certs_4_pure.json.gz#123 7,53,95,44 [[7], [2, 8], [4, 5], [3, 6]] def 1 k 3 | t1=0 t2=1 t3p=0 t3h=0 t4=0 t4s2=0 | R13=0 R134=0 R134s2=0 RT=1 RT4=1 RT4s2=1 | t4min 0
X k4_certs_4_pure.json.gz#123 7,53,99,44 [[7], [2, 8], [4, 5], [3, 6]] def 1 k 3 | t1=0 t2=1 t3p=0 t3h=0 t4=0 t4s2=0 | R13=0 R134=0 R134s2=0 RT=1 RT4=1 RT4s2=1 | t4min 0
X k4_certs_4_pure.json.gz#123 7,53,100,44 [[7], [2, 8], [4, 5], [3, 6]] def 1 k 3 | t1=0 t2=1 t3p=0 t3h=0 t4=0 t4s2=0 | R13=0 R134=0 R134s2=0 RT=1 RT4=1 RT4s2=1 | t4min 0
X k4_certs_4_pure.json.gz#123 7,53,104,44 [[7], [2, 8], [4, 5], [3, 6]] def 1 k 3 | t1=0 t2=1 t3p=0 t3h=0 t4=0 t4s2=0 | R13=0 R134=0 R134s2=0 RT=1 RT4=1 RT4s2=1 | t4min 0
X k4_certs_4_pure.json.gz#123 7,53,114,44 [[7], [2, 8], [4, 5], [3, 6]] def 1 k 3 | t1=0 t2=1 t3p=0 t3h=0 t4=0 t4s2=0 | R13=0 R134=0 R134s2=0 RT=1 RT4=1 RT4s2=1 | t4min 0
X k4_certs_4_pure.json.gz#123 7,53,128,44 [[7], [2, 8], [4, 5], [3, 6]] def 1 k 3 | t1=0 t2=1 t3p=0 t3h=0 t4=0 t4s2=0 | R13=0 R134=0 R134s2=0 RT=1 RT4=1 RT4s2=1 | t4min 0
X k4_certs_4_pure.json.gz#123 7,53,131,44 [[7], [2, 8], [4, 5], [3, 6]] def 1 k 3 | t1=0 t2=1 t3p=0 t3h=0 t4=0 t4s2=0 | R13=0 R134=0 R134s2=0 RT=1 RT4=1 RT4s2=1 | t4min 0
X k4_certs_4_pure.json.gz#123 7,53,134,44 [[7], [2, 8], [4, 5], [3, 6]] def 1 k 3 | t1=0 t2=1 t3p=0 t3h=0 t4=0 t4s2=0 | R13=0 R134=0 R134s2=0 RT=1 RT4=1 RT4s2=1 | t4min 0
X k4_certs_4_pure.json.gz#123 7,53,135,44 [[7], [2, 8], [4, 5], [3, 6]] def 1 k 3 | t1=0 t2=1 t3p=0 t3h=0 t4=0 t4s2=0 | R13=0 R134=0 R134s2=0 RT=1 RT4=1 RT4s2=1 | t4min 0
X k4_certs_4_pure.json.gz#123 7,53,152,44 [[7], [2, 8], [4, 5], [3, 6]] def 1 k 3 | t1=0 t2=1 t3p=0 t3h=0 t4=0 t4s2=0 | R13=0 R134=0 R134s2=0 RT=1 RT4=1 RT4s2=1 | t4min 0
X k4_certs_4_pure.json.gz#123 7,53,155,44 [[7], [2, 8], [4, 5], [3, 6]] def 1 k 3 | t1=0 t2=1 t3p=0 t3h=0 t4=0 t4s2=0 | R13=0 R134=0 R134s2=0 RT=1 RT4=1 RT4s2=1 | t4min 0
X k4_certs_4_pure.json.gz#123 7,53,160,44 [[7], [2, 8], [4, 5], [3, 6]] def 1 k 3 | t1=0 t2=1 t3p=0 t3h=0 t4=0 t4s2=0 | R13=0 R134=0 R134s2=0 RT=1 RT4=1 RT4s2=1 | t4min 0
X k4_certs_4_pure.json.gz#123 7,53,165,44 [[7], [2, 8], [4, 5], [3, 6]] def 1 k 3 | t1=0 t2=1 t3p=0 t3h=0 t4=0 t4s2=0 | R13=0 R134=0 R134s2=0 RT=1 RT4=1 RT4s2=1 | t4min 0
X k4_certs_4_pure.json.gz#123 7,53,174,44 [[7], [2, 8], [4, 5], [3, 6]] def 1 k 3 | t1=0 t2=1 t3p=0 t3h=0 t4=0 t4s2=0 | R13=0 R134=0 R134s2=0 RT=1 RT4=1 RT4s2=1 | t4min 0
X k4_certs_4_pure.json.gz#123 7,53,192,44 [[7], [2, 8], [4, 5], [3, 6]] def 1 k 3 | t1=0 t2=1 t3p=0 t3h=0 t4=0 t4s2=0 | R13=0 R134=0 R134s2=0 RT=1 RT4=1 RT4s2=1 | t4min 0
X k4_certs_4_pure.json.gz#123 7,53,193,44 [[7], [2, 8], [4, 5], [3, 6]] def 1 k 3 | t1=0 t2=1 t3p=0 t3h=0 t4=0 t4s2=0 | R13=0 R134=0 R134s2=0 RT=1 RT4=1 RT4s2=1 | t4min 0
X k4_certs_4_pure.json.gz#123 7,53,198,44 [[7], [2, 8], [4, 5], [3, 6]] def 1 k 3 | t1=0 t2=1 t3p=0 t3h=0 t4=0 t4s2=0 | R13=0 R134=0 R134s2=0 RT=1 RT4=1 RT4s2=1 | t4min 0
X k4_certs_4_pure.json.gz#123 7,53,201,44 [[7], [2, 8], [4, 5], [3, 6]] def 1 k 3 | t1=0 t2=1 t3p=0 t3h=0 t4=0 t4s2=0 | R13=0 R134=0 R134s2=0 RT=1 RT4=1 RT4s2=1 | t4min 0
X k4_certs_4_pure.json.gz#123 7,53,217,44 [[7], [2, 8], [4, 5], [3, 6]] def 1 k 3 | t1=0 t2=1 t3p=0 t3h=0 t4=0 t4s2=0 | R13=0 R134=0 R134s2=0 RT=1 RT4=1 RT4s2=1 | t4min 0
X k4_certs_4_pure.json.gz#123 7,53,222,44 [[7], [2, 8], [4, 5], [3, 6]] def 1 k 3 | t1=0 t2=1 t3p=0 t3h=0 t4=0 t4s2=0 | R13=0 R134=0 R134s2=0 RT=1 RT4=1 RT4s2=1 | t4min 0
X k4_certs_4_pure.json.gz#123 7,53,233,44 [[7], [2, 8], [4, 5], [3, 6]] def 1 k 3 | t1=0 t2=1 t3p=0 t3h=0 t4=0 t4s2=0 | R13=0 R134=0 R134s2=0 RT=1 RT4=1 RT4s2=1 | t4min 0
X k4_certs_4_pure.json.gz#123 7,53,234,44 [[7], [2, 8], [4, 5], [3, 6]] def 1 k 3 | t1=0 t2=1 t3p=0 t3h=0 t4=0 t4s2=0 | R13=0 R134=0 R134s2=0 RT=1 RT4=1 RT4s2=1 | t4min 0
X k4_certs_4_pure.json.gz#123 7,53,236,44 [[7], [2, 8], [4, 5], [3, 6]] def 1 k 3 | t1=0 t2=1 t3p=0 t3h=0 t4=0 t4s2=0 | R13=0 R134=0 R134s2=0 RT=1 RT4=1 RT4s2=1 | t4min 0
X k4_certs_4_pure.json.gz#123 7,53,237,44 [[7], [2, 8], [4, 5], [3, 6]] def 1 k 3 | t1=0 t2=1 t3p=0 t3h=0 t4=0 t4s2=0 | R13=0 R134=0 R134s2=0 RT=1 RT4=1 RT4s2=1 | t4min 0
X k4_certs_4_pure.json.gz#123 7,53,241,44 [[7], [2, 8], [4, 5], [3, 6]] def 1 k 3 | t1=0 t2=1 t3p=0 t3h=0 t4=0 t4s2=0 | R13=0 R134=0 R134s2=0 RT=1 RT4=1 RT4s2=1 | t4min 0
X k4_certs_4_pure.json.gz#123 7,53,242,44 [[7], [2, 8], [4, 5], [3, 6]] def 1 k 3 | t1=0 t2=1 t3p=0 t3h=0 t4=0 t4s2=0 | R13=0 R134=0 R134s2=0 RT=1 RT4=1 RT4s2=1 | t4min 0
X k4_certs_4_pure.json.gz#123 7,53,243,44 [[7], [2, 8], [4, 5], [3, 6]] def 1 k 3 | t1=0 t2=1 t3p=0 t3h=0 t4=0 t4s2=0 | R13=0 R134=0 R134s2=0 RT=1 RT4=1 RT4s2=1 | t4min 0
X k4_certs_4_pure.json.gz#123 7,53,245,44 [[7], [2, 8], [4, 5], [3, 6]] def 1 k 3 | t1=0 t2=1 t3p=0 t3h=0 t4=0 t4s2=0 | R13=0 R134=0 R134s2=0 RT=1 RT4=1 RT4s2=1 | t4min 0
X k4_certs_4_pure.json.gz#123 7,53,248,44 [[7], [2, 8], [4, 5], [3, 6]] def 1 k 3 | t1=0 t2=1 t3p=0 t3h=0 t4=0 t4s2=0 | R13=0 R134=0 R134s2=0 RT=1 RT4=1 RT4s2=1 | t4min 0
X k4_certs_4_pure.json.gz#123 7,53,249,44 [[7], [2, 8], [4, 5], [3, 6]] def 1 k 3 | t1=0 t2=1 t3p=0 t3h=0 t4=0 t4s2=0 | R13=0 R134=0 R134s2=0 RT=1 RT4=1 RT4s2=1 | t4min 0
X k4_certs_4_pure.json.gz#123 7,53,250,44 [[7], [2, 8], [4, 5], [3, 6]] def 1 k 3 | t1=0 t2=1 t3p=0 t3h=0 t4=0 t4s2=0 | R13=0 R134=0 R134s2=0 RT=1 RT4=1 RT4s2=1 | t4min 0
X k4_certs_4_pure.json.gz#123 7,53,252,44 [[7], [2, 8], [4, 5], [3, 6]] def 1 k 3 | t1=0 t2=1 t3p=0 t3h=0 t4=0 t4s2=0 | R13=0 R134=0 R134s2=0 RT=1 RT4=1 RT4s2=1 | t4min 0
X k4_certs_4_pure.json.gz#123 7,53,268,44 [[7], [2, 8], [4, 5], [3, 6]] def 1 k 3 | t1=0 t2=1 t3p=0 t3h=0 t4=0 t4s2=0 | R13=0 R134=0 R134s2=0 RT=1 RT4=1 RT4s2=1 | t4min 0
X k4_certs_4_pure.json.gz#123 7,53,269,44 [[7], [2, 8], [4, 5], [3, 6]] def 1 k 3 | t1=0 t2=1 t3p=0 t3h=0 t4=0 t4s2=0 | R13=0 R134=0 R134s2=0 RT=1 RT4=1 RT4s2=1 | t4min 0
X k4_certs_4_pure.json.gz#123 7,53,272,44 [[7], [2, 8], [4, 5], [3, 6]] def 1 k 3 | t1=0 t2=1 t3p=0 t3h=0 t4=0 t4s2=0 | R13=0 R134=0 R134s2=0 RT=1 RT4=1 RT4s2=1 | t4min 0
X k4_certs_4_pure.json.gz#123 7,53,273,44 [[7], [2, 8], [4, 5], [3, 6]] def 1 k 3 | t1=0 t2=1 t3p=0 t3h=0 t4=0 t4s2=0 | R13=0 R134=0 R134s2=0 RT=1 RT4=1 RT4s2=1 | t4min 0
X k4_certs_4_pure.json.gz#123 7,53,282,44 [[7], [2, 8], [4, 5], [3, 6]] def 1 k 3 | t1=0 t2=1 t3p=0 t3h=0 t4=0 t4s2=0 | R13=0 R134=0 R134s2=0 RT=1 RT4=1 RT4s2=1 | t4min 0
X k4_certs_4_pure.json.gz#123 7,53,284,44 [[7], [2, 8], [4, 5], [3, 6]] def 1 k 3 | t1=0 t2=1 t3p=0 t3h=0 t4=0 t4s2=0 | R13=0 R134=0 R134s2=0 RT=1 RT4=1 RT4s2=1 | t4min 0
X k4_certs_4_pure.json.gz#123 7,53,285,44 [[7], [2, 8], [4, 5], [3, 6]] def 1 k 3 | t1=0 t2=1 t3p=0 t3h=0 t4=0 t4s2=0 | R13=0 R134=0 R134s2=0 RT=1 RT4=1 RT4s2=1 | t4min 0
X k4_certs_4_pure.json.gz#123 7,53,286,44 [[7], [2, 8], [4, 5], [3, 6]] def 1 k 3 | t1=0 t2=1 t3p=0 t3h=0 t4=0 t4s2=0 | R13=0 R134=0 R134s2=0 RT=1 RT4=1 RT4s2=1 | t4min 0
X k4_certs_4_pure.json.gz#123 7,57,11,44 [[7], [2, 8], [4, 5], [3, 6]] def 1 k 3 | t1=0 t2=1 t3p=0 t3h=0 t4=0 t4s2=0 | R13=0 R134=0 R134s2=0 RT=1 RT4=1 RT4s2=1 | t4min 0
X k4_certs_4_pure.json.gz#123 7,57,13,44 [[7], [2, 8], [4, 5], [3, 6]] def 1 k 3 | t1=0 t2=1 t3p=0 t3h=0 t4=0 t4s2=0 | R13=0 R134=0 R134s2=0 RT=1 RT4=1 RT4s2=1 | t4min 0
X k4_certs_4_pure.json.gz#123 7,57,18,44 [[7], [2, 8], [4, 5], [3, 6]] def 1 k 3 | t1=0 t2=1 t3p=0 t3h=0 t4=0 t4s2=0 | R13=0 R134=0 R134s2=0 RT=1 RT4=1 RT4s2=1 | t4min 0
X k4_certs_4_pure.json.gz#123 7,57,25,44 [[7], [2, 8], [4, 5], [3, 6]] def 1 k 3 | t1=0 t2=1 t3p=0 t3h=0 t4=0 t4s2=0 | R13=0 R134=0 R134s2=0 RT=1 RT4=1 RT4s2=1 | t4min 0
X k4_certs_4_pure.json.gz#123 7,57,47,44 [[7], [2, 8], [4, 5], [3, 6]] def 1 k 3 | t1=0 t2=1 t3p=0 t3h=0 t4=0 t4s2=0 | R13=0 R134=0 R134s2=0 RT=1 RT4=1 RT4s2=1 | t4min 0
X k4_certs_4_pure.json.gz#123 7,57,50,44 [[7], [2, 8], [4, 5], [3, 6]] def 1 k 3 | t1=0 t2=1 t3p=0 t3h=0 t4=0 t4s2=0 | R13=0 R134=0 R134s2=0 RT=1 RT4=1 RT4s2=1 | t4min 0
X k4_certs_4_pure.json.gz#123 7,57,55,44 [[7], [2, 8], [4, 5], [3, 6]] def 1 k 3 | t1=0 t2=1 t3p=0 t3h=0 t4=0 t4s2=0 | R13=0 R134=0 R134s2=0 RT=1 RT4=1 RT4s2=1 | t4min 0
X k4_certs_4_pure.json.gz#123 7,57,67,44 [[7], [2, 8], [4, 5], [3, 6]] def 1 k 3 | t1=0 t2=1 t3p=0 t3h=0 t4=0 t4s2=0 | R13=0 R134=0 R134s2=0 RT=1 RT4=1 RT4s2=1 | t4min 0
X k4_certs_4_pure.json.gz#123 7,57,82,44 [[7], [2, 8], [4, 5], [3, 6]] def 1 k 3 | t1=0 t2=1 t3p=0 t3h=0 t4=0 t4s2=0 | R13=0 R134=0 R134s2=0 RT=1 RT4=1 RT4s2=1 | t4min 0
X k4_certs_4_pure.json.gz#123 7,57,89,44 [[7], [2, 8], [4, 5], [3, 6]] def 1 k 3 | t1=0 t2=1 t3p=0 t3h=0 t4=0 t4s2=0 | R13=0 R134=0 R134s2=0 RT=1 RT4=1 RT4s2=1 | t4min 0
X k4_certs_4_pure.json.gz#123 7,57,92,44 [[7], [2, 8], [4, 5], [3, 6]] def 1 k 3 | t1=0 t2=1 t3p=0 t3h=0 t4=0 t4s2=0 | R13=0 R134=0 R134s2=0 RT=1 RT4=1 RT4s2=1 | t4min 0
X k4_certs_4_pure.json.gz#123 7,57,95,44 [[7], [2, 8], [4, 5], [3, 6]] def 1 k 3 | t1=0 t2=1 t3p=0 t3h=0 t4=0 t4s2=0 | R13=0 R134=0 R134s2=0 RT=1 RT4=1 RT4s2=1 | t4min 0
X k4_certs_4_pure.json.gz#123 7,57,99,44 [[7], [2, 8], [4, 5], [3, 6]] def 1 k 3 | t1=0 t2=1 t3p=0 t3h=0 t4=0 t4s2=0 | R13=0 R134=0 R134s2=0 RT=1 RT4=1 RT4s2=1 | t4min 0
X k4_certs_4_pure.json.gz#123 7,57,100,44 [[7], [2, 8], [4, 5], [3, 6]] def 1 k 3 | t1=0 t2=1 t3p=0 t3h=0 t4=0 t4s2=0 | R13=0 R134=0 R134s2=0 RT=1 RT4=1 RT4s2=1 | t4min 0
X k4_certs_4_pure.json.gz#123 7,57,104,44 [[7], [2, 8], [4, 5], [3, 6]] def 1 k 3 | t1=0 t2=1 t3p=0 t3h=0 t4=0 t4s2=0 | R13=0 R134=0 R134s2=0 RT=1 RT4=1 RT4s2=1 | t4min 0
X k4_certs_4_pure.json.gz#123 7,57,114,44 [[7], [2, 8], [4, 5], [3, 6]] def 1 k 3 | t1=0 t2=1 t3p=0 t3h=0 t4=0 t4s2=0 | R13=0 R134=0 R134s2=0 RT=1 RT4=1 RT4s2=1 | t4min 0
X k4_certs_4_pure.json.gz#123 7,57,128,44 [[7], [2, 8], [4, 5], [3, 6]] def 1 k 3 | t1=0 t2=1 t3p=0 t3h=0 t4=0 t4s2=0 | R13=0 R134=0 R134s2=0 RT=1 RT4=1 RT4s2=1 | t4min 0
X k4_certs_4_pure.json.gz#123 7,57,131,44 [[7], [2, 8], [4, 5], [3, 6]] def 1 k 3 | t1=0 t2=1 t3p=0 t3h=0 t4=0 t4s2=0 | R13=0 R134=0 R134s2=0 RT=1 RT4=1 RT4s2=1 | t4min 0
X k4_certs_4_pure.json.gz#123 7,57,134,44 [[7], [2, 8], [4, 5], [3, 6]] def 1 k 3 | t1=0 t2=1 t3p=0 t3h=0 t4=0 t4s2=0 | R13=0 R134=0 R134s2=0 RT=1 RT4=1 RT4s2=1 | t4min 0
X k4_certs_4_pure.json.gz#123 7,57,135,44 [[7], [2, 8], [4, 5], [3, 6]] def 1 k 3 | t1=0 t2=1 t3p=0 t3h=0 t4=0 t4s2=0 | R13=0 R134=0 R134s2=0 RT=1 RT4=1 RT4s2=1 | t4min 0
X k4_certs_4_pure.json.gz#123 7,57,152,44 [[7], [2, 8], [4, 5], [3, 6]] def 1 k 3 | t1=0 t2=1 t3p=0 t3h=0 t4=0 t4s2=0 | R13=0 R134=0 R134s2=0 RT=1 RT4=1 RT4s2=1 | t4min 0
X k4_certs_4_pure.json.gz#123 7,57,155,44 [[7], [2, 8], [4, 5], [3, 6]] def 1 k 3 | t1=0 t2=1 t3p=0 t3h=0 t4=0 t4s2=0 | R13=0 R134=0 R134s2=0 RT=1 RT4=1 RT4s2=1 | t4min 0
X k4_certs_4_pure.json.gz#123 7,57,160,44 [[7], [2, 8], [4, 5], [3, 6]] def 1 k 3 | t1=0 t2=1 t3p=0 t3h=0 t4=0 t4s2=0 | R13=0 R134=0 R134s2=0 RT=1 RT4=1 RT4s2=1 | t4min 0
X k4_certs_4_pure.json.gz#123 7,57,165,44 [[7], [2, 8], [4, 5], [3, 6]] def 1 k 3 | t1=0 t2=1 t3p=0 t3h=0 t4=0 t4s2=0 | R13=0 R134=0 R134s2=0 RT=1 RT4=1 RT4s2=1 | t4min 0
X k4_certs_4_pure.json.gz#123 7,57,174,44 [[7], [2, 8], [4, 5], [3, 6]] def 1 k 3 | t1=0 t2=1 t3p=0 t3h=0 t4=0 t4s2=0 | R13=0 R134=0 R134s2=0 RT=1 RT4=1 RT4s2=1 | t4min 0
X k4_certs_4_pure.json.gz#123 7,57,192,44 [[7], [2, 8], [4, 5], [3, 6]] def 1 k 3 | t1=0 t2=1 t3p=0 t3h=0 t4=0 t4s2=0 | R13=0 R134=0 R134s2=0 RT=1 RT4=1 RT4s2=1 | t4min 0
X k4_certs_4_pure.json.gz#123 7,57,193,44 [[7], [2, 8], [4, 5], [3, 6]] def 1 k 3 | t1=0 t2=1 t3p=0 t3h=0 t4=0 t4s2=0 | R13=0 R134=0 R134s2=0 RT=1 RT4=1 RT4s2=1 | t4min 0
X k4_certs_4_pure.json.gz#123 7,57,198,44 [[7], [2, 8], [4, 5], [3, 6]] def 1 k 3 | t1=0 t2=1 t3p=0 t3h=0 t4=0 t4s2=0 | R13=0 R134=0 R134s2=0 RT=1 RT4=1 RT4s2=1 | t4min 0
X k4_certs_4_pure.json.gz#123 7,57,201,44 [[7], [2, 8], [4, 5], [3, 6]] def 1 k 3 | t1=0 t2=1 t3p=0 t3h=0 t4=0 t4s2=0 | R13=0 R134=0 R134s2=0 RT=1 RT4=1 RT4s2=1 | t4min 0
X k4_certs_4_pure.json.gz#123 7,57,217,44 [[7], [2, 8], [4, 5], [3, 6]] def 1 k 3 | t1=0 t2=1 t3p=0 t3h=0 t4=0 t4s2=0 | R13=0 R134=0 R134s2=0 RT=1 RT4=1 RT4s2=1 | t4min 0
X k4_certs_4_pure.json.gz#123 7,57,222,44 [[7], [2, 8], [4, 5], [3, 6]] def 1 k 3 | t1=0 t2=1 t3p=0 t3h=0 t4=0 t4s2=0 | R13=0 R134=0 R134s2=0 RT=1 RT4=1 RT4s2=1 | t4min 0
X k4_certs_4_pure.json.gz#123 7,57,233,44 [[7], [2, 8], [4, 5], [3, 6]] def 1 k 3 | t1=0 t2=1 t3p=0 t3h=0 t4=0 t4s2=0 | R13=0 R134=0 R134s2=0 RT=1 RT4=1 RT4s2=1 | t4min 0
X k4_certs_4_pure.json.gz#123 7,57,234,44 [[7], [2, 8], [4, 5], [3, 6]] def 1 k 3 | t1=0 t2=1 t3p=0 t3h=0 t4=0 t4s2=0 | R13=0 R134=0 R134s2=0 RT=1 RT4=1 RT4s2=1 | t4min 0
X k4_certs_4_pure.json.gz#123 7,57,236,44 [[7], [2, 8], [4, 5], [3, 6]] def 1 k 3 | t1=0 t2=1 t3p=0 t3h=0 t4=0 t4s2=0 | R13=0 R134=0 R134s2=0 RT=1 RT4=1 RT4s2=1 | t4min 0
X k4_certs_4_pure.json.gz#123 7,57,237,44 [[7], [2, 8], [4, 5], [3, 6]] def 1 k 3 | t1=0 t2=1 t3p=0 t3h=0 t4=0 t4s2=0 | R13=0 R134=0 R134s2=0 RT=1 RT4=1 RT4s2=1 | t4min 0
X k4_certs_4_pure.json.gz#123 7,57,241,44 [[7], [2, 8], [4, 5], [3, 6]] def 1 k 3 | t1=0 t2=1 t3p=0 t3h=0 t4=0 t4s2=0 | R13=0 R134=0 R134s2=0 RT=1 RT4=1 RT4s2=1 | t4min 0
X k4_certs_4_pure.json.gz#123 7,57,242,44 [[7], [2, 8], [4, 5], [3, 6]] def 1 k 3 | t1=0 t2=1 t3p=0 t3h=0 t4=0 t4s2=0 | R13=0 R134=0 R134s2=0 RT=1 RT4=1 RT4s2=1 | t4min 0
X k4_certs_4_pure.json.gz#123 7,57,243,44 [[7], [2, 8], [4, 5], [3, 6]] def 1 k 3 | t1=0 t2=1 t3p=0 t3h=0 t4=0 t4s2=0 | R13=0 R134=0 R134s2=0 RT=1 RT4=1 RT4s2=1 | t4min 0
X k4_certs_4_pure.json.gz#123 7,57,245,44 [[7], [2, 8], [4, 5], [3, 6]] def 1 k 3 | t1=0 t2=1 t3p=0 t3h=0 t4=0 t4s2=0 | R13=0 R134=0 R134s2=0 RT=1 RT4=1 RT4s2=1 | t4min 0
X k4_certs_4_pure.json.gz#123 7,57,248,44 [[7], [2, 8], [4, 5], [3, 6]] def 1 k 3 | t1=0 t2=1 t3p=0 t3h=0 t4=0 t4s2=0 | R13=0 R134=0 R134s2=0 RT=1 RT4=1 RT4s2=1 | t4min 0
X k4_certs_4_pure.json.gz#123 7,57,249,44 [[7], [2, 8], [4, 5], [3, 6]] def 1 k 3 | t1=0 t2=1 t3p=0 t3h=0 t4=0 t4s2=0 | R13=0 R134=0 R134s2=0 RT=1 RT4=1 RT4s2=1 | t4min 0
X k4_certs_4_pure.json.gz#123 7,57,250,44 [[7], [2, 8], [4, 5], [3, 6]] def 1 k 3 | t1=0 t2=1 t3p=0 t3h=0 t4=0 t4s2=0 | R13=0 R134=0 R134s2=0 RT=1 RT4=1 RT4s2=1 | t4min 0
X k4_certs_4_pure.json.gz#123 7,57,252,44 [[7], [2, 8], [4, 5], [3, 6]] def 1 k 3 | t1=0 t2=1 t3p=0 t3h=0 t4=0 t4s2=0 | R13=0 R134=0 R134s2=0 RT=1 RT4=1 RT4s2=1 | t4min 0
X k4_certs_4_pure.json.gz#123 7,57,268,44 [[7], [2, 8], [4, 5], [3, 6]] def 1 k 3 | t1=0 t2=1 t3p=0 t3h=0 t4=0 t4s2=0 | R13=0 R134=0 R134s2=0 RT=1 RT4=1 RT4s2=1 | t4min 0
X k4_certs_4_pure.json.gz#123 7,57,269,44 [[7], [2, 8], [4, 5], [3, 6]] def 1 k 3 | t1=0 t2=1 t3p=0 t3h=0 t4=0 t4s2=0 | R13=0 R134=0 R134s2=0 RT=1 RT4=1 RT4s2=1 | t4min 0
X k4_certs_4_pure.json.gz#123 7,57,272,44 [[7], [2, 8], [4, 5], [3, 6]] def 1 k 3 | t1=0 t2=1 t3p=0 t3h=0 t4=0 t4s2=0 | R13=0 R134=0 R134s2=0 RT=1 RT4=1 RT4s2=1 | t4min 0
X k4_certs_4_pure.json.gz#123 7,57,273,44 [[7], [2, 8], [4, 5], [3, 6]] def 1 k 3 | t1=0 t2=1 t3p=0 t3h=0 t4=0 t4s2=0 | R13=0 R134=0 R134s2=0 RT=1 RT4=1 RT4s2=1 | t4min 0
X k4_certs_4_pure.json.gz#123 7,57,282,44 [[7], [2, 8], [4, 5], [3, 6]] def 1 k 3 | t1=0 t2=1 t3p=0 t3h=0 t4=0 t4s2=0 | R13=0 R134=0 R134s2=0 RT=1 RT4=1 RT4s2=1 | t4min 0
X k4_certs_4_pure.json.gz#123 7,57,284,44 [[7], [2, 8], [4, 5], [3, 6]] def 1 k 3 | t1=0 t2=1 t3p=0 t3h=0 t4=0 t4s2=0 | R13=0 R134=0 R134s2=0 RT=1 RT4=1 RT4s2=1 | t4min 0
X k4_certs_4_pure.json.gz#123 7,57,285,44 [[7], [2, 8], [4, 5], [3, 6]] def 1 k 3 | t1=0 t2=1 t3p=0 t3h=0 t4=0 t4s2=0 | R13=0 R134=0 R134s2=0 RT=1 RT4=1 RT4s2=1 | t4min 0
X k4_certs_4_pure.json.gz#123 7,57,286,44 [[7], [2, 8], [4, 5], [3, 6]] def 1 k 3 | t1=0 t2=1 t3p=0 t3h=0 t4=0 t4s2=0 | R13=0 R134=0 R134s2=0 RT=1 RT4=1 RT4s2=1 | t4min 0
X k4_certs_4_pure.json.gz#123 7,61,11,44 [[7], [2, 8], [4, 5], [3, 6]] def 1 k 3 | t1=0 t2=1 t3p=0 t3h=0 t4=0 t4s2=0 | R13=0 R134=0 R134s2=0 RT=1 RT4=1 RT4s2=1 | t4min 0
X k4_certs_4_pure.json.gz#123 7,61,13,44 [[7], [2, 8], [4, 5], [3, 6]] def 1 k 3 | t1=0 t2=1 t3p=0 t3h=0 t4=0 t4s2=0 | R13=0 R134=0 R134s2=0 RT=1 RT4=1 RT4s2=1 | t4min 0
X k4_certs_4_pure.json.gz#123 7,61,18,44 [[7], [2, 8], [4, 5], [3, 6]] def 1 k 3 | t1=0 t2=1 t3p=0 t3h=0 t4=0 t4s2=0 | R13=0 R134=0 R134s2=0 RT=1 RT4=1 RT4s2=1 | t4min 0
X k4_certs_4_pure.json.gz#123 7,61,25,44 [[7], [2, 8], [4, 5], [3, 6]] def 1 k 3 | t1=0 t2=1 t3p=0 t3h=0 t4=0 t4s2=0 | R13=0 R134=0 R134s2=0 RT=1 RT4=1 RT4s2=1 | t4min 0
X k4_certs_4_pure.json.gz#123 7,61,47,44 [[7], [2, 8], [4, 5], [3, 6]] def 1 k 3 | t1=0 t2=1 t3p=0 t3h=0 t4=0 t4s2=0 | R13=0 R134=0 R134s2=0 RT=1 RT4=1 RT4s2=1 | t4min 0
X k4_certs_4_pure.json.gz#123 7,61,50,44 [[7], [2, 8], [4, 5], [3, 6]] def 1 k 3 | t1=0 t2=1 t3p=0 t3h=0 t4=0 t4s2=0 | R13=0 R134=0 R134s2=0 RT=1 RT4=1 RT4s2=1 | t4min 0
X k4_certs_4_pure.json.gz#123 7,61,55,44 [[7], [2, 8], [4, 5], [3, 6]] def 1 k 3 | t1=0 t2=1 t3p=0 t3h=0 t4=0 t4s2=0 | R13=0 R134=0 R134s2=0 RT=1 RT4=1 RT4s2=1 | t4min 0
X k4_certs_4_pure.json.gz#123 7,61,67,44 [[7], [2, 8], [4, 5], [3, 6]] def 1 k 3 | t1=0 t2=1 t3p=0 t3h=0 t4=0 t4s2=0 | R13=0 R134=0 R134s2=0 RT=1 RT4=1 RT4s2=1 | t4min 0
X k4_certs_4_pure.json.gz#123 7,61,82,44 [[7], [2, 8], [4, 5], [3, 6]] def 1 k 3 | t1=0 t2=1 t3p=0 t3h=0 t4=0 t4s2=0 | R13=0 R134=0 R134s2=0 RT=1 RT4=1 RT4s2=1 | t4min 0
X k4_certs_4_pure.json.gz#123 7,61,89,44 [[7], [2, 8], [4, 5], [3, 6]] def 1 k 3 | t1=0 t2=1 t3p=0 t3h=0 t4=0 t4s2=0 | R13=0 R134=0 R134s2=0 RT=1 RT4=1 RT4s2=1 | t4min 0
X k4_certs_4_pure.json.gz#123 7,61,92,44 [[7], [2, 8], [4, 5], [3, 6]] def 1 k 3 | t1=0 t2=1 t3p=0 t3h=0 t4=0 t4s2=0 | R13=0 R134=0 R134s2=0 RT=1 RT4=1 RT4s2=1 | t4min 0
X k4_certs_4_pure.json.gz#123 7,61,95,44 [[7], [2, 8], [4, 5], [3, 6]] def 1 k 3 | t1=0 t2=1 t3p=0 t3h=0 t4=0 t4s2=0 | R13=0 R134=0 R134s2=0 RT=1 RT4=1 RT4s2=1 | t4min 0
X k4_certs_4_pure.json.gz#123 7,61,99,44 [[7], [2, 8], [4, 5], [3, 6]] def 1 k 3 | t1=0 t2=1 t3p=0 t3h=0 t4=0 t4s2=0 | R13=0 R134=0 R134s2=0 RT=1 RT4=1 RT4s2=1 | t4min 0
X k4_certs_4_pure.json.gz#123 7,61,100,44 [[7], [2, 8], [4, 5], [3, 6]] def 1 k 3 | t1=0 t2=1 t3p=0 t3h=0 t4=0 t4s2=0 | R13=0 R134=0 R134s2=0 RT=1 RT4=1 RT4s2=1 | t4min 0
X k4_certs_4_pure.json.gz#123 7,61,104,44 [[7], [2, 8], [4, 5], [3, 6]] def 1 k 3 | t1=0 t2=1 t3p=0 t3h=0 t4=0 t4s2=0 | R13=0 R134=0 R134s2=0 RT=1 RT4=1 RT4s2=1 | t4min 0
X k4_certs_4_pure.json.gz#123 7,61,114,44 [[7], [2, 8], [4, 5], [3, 6]] def 1 k 3 | t1=0 t2=1 t3p=0 t3h=0 t4=0 t4s2=0 | R13=0 R134=0 R134s2=0 RT=1 RT4=1 RT4s2=1 | t4min 0
X k4_certs_4_pure.json.gz#123 7,61,128,44 [[7], [2, 8], [4, 5], [3, 6]] def 1 k 3 | t1=0 t2=1 t3p=0 t3h=0 t4=0 t4s2=0 | R13=0 R134=0 R134s2=0 RT=1 RT4=1 RT4s2=1 | t4min 0
X k4_certs_4_pure.json.gz#123 7,61,131,44 [[7], [2, 8], [4, 5], [3, 6]] def 1 k 3 | t1=0 t2=1 t3p=0 t3h=0 t4=0 t4s2=0 | R13=0 R134=0 R134s2=0 RT=1 RT4=1 RT4s2=1 | t4min 0
X k4_certs_4_pure.json.gz#123 7,61,134,44 [[7], [2, 8], [4, 5], [3, 6]] def 1 k 3 | t1=0 t2=1 t3p=0 t3h=0 t4=0 t4s2=0 | R13=0 R134=0 R134s2=0 RT=1 RT4=1 RT4s2=1 | t4min 0
X k4_certs_4_pure.json.gz#123 7,61,135,44 [[7], [2, 8], [4, 5], [3, 6]] def 1 k 3 | t1=0 t2=1 t3p=0 t3h=0 t4=0 t4s2=0 | R13=0 R134=0 R134s2=0 RT=1 RT4=1 RT4s2=1 | t4min 0
X k4_certs_4_pure.json.gz#123 7,61,152,44 [[7], [2, 8], [4, 5], [3, 6]] def 1 k 3 | t1=0 t2=1 t3p=0 t3h=0 t4=0 t4s2=0 | R13=0 R134=0 R134s2=0 RT=1 RT4=1 RT4s2=1 | t4min 0
X k4_certs_4_pure.json.gz#123 7,61,155,44 [[7], [2, 8], [4, 5], [3, 6]] def 1 k 3 | t1=0 t2=1 t3p=0 t3h=0 t4=0 t4s2=0 | R13=0 R134=0 R134s2=0 RT=1 RT4=1 RT4s2=1 | t4min 0
X k4_certs_4_pure.json.gz#123 7,61,160,44 [[7], [2, 8], [4, 5], [3, 6]] def 1 k 3 | t1=0 t2=1 t3p=0 t3h=0 t4=0 t4s2=0 | R13=0 R134=0 R134s2=0 RT=1 RT4=1 RT4s2=1 | t4min 0
X k4_certs_4_pure.json.gz#123 7,61,165,44 [[7], [2, 8], [4, 5], [3, 6]] def 1 k 3 | t1=0 t2=1 t3p=0 t3h=0 t4=0 t4s2=0 | R13=0 R134=0 R134s2=0 RT=1 RT4=1 RT4s2=1 | t4min 0
X k4_certs_4_pure.json.gz#123 7,61,174,44 [[7], [2, 8], [4, 5], [3, 6]] def 1 k 3 | t1=0 t2=1 t3p=0 t3h=0 t4=0 t4s2=0 | R13=0 R134=0 R134s2=0 RT=1 RT4=1 RT4s2=1 | t4min 0
X k4_certs_4_pure.json.gz#123 7,61,192,44 [[7], [2, 8], [4, 5], [3, 6]] def 1 k 3 | t1=0 t2=1 t3p=0 t3h=0 t4=0 t4s2=0 | R13=0 R134=0 R134s2=0 RT=1 RT4=1 RT4s2=1 | t4min 0
X k4_certs_4_pure.json.gz#123 7,61,193,44 [[7], [2, 8], [4, 5], [3, 6]] def 1 k 3 | t1=0 t2=1 t3p=0 t3h=0 t4=0 t4s2=0 | R13=0 R134=0 R134s2=0 RT=1 RT4=1 RT4s2=1 | t4min 0
X k4_certs_4_pure.json.gz#123 7,61,198,44 [[7], [2, 8], [4, 5], [3, 6]] def 1 k 3 | t1=0 t2=1 t3p=0 t3h=0 t4=0 t4s2=0 | R13=0 R134=0 R134s2=0 RT=1 RT4=1 RT4s2=1 | t4min 0
X k4_certs_4_pure.json.gz#123 7,61,201,44 [[7], [2, 8], [4, 5], [3, 6]] def 1 k 3 | t1=0 t2=1 t3p=0 t3h=0 t4=0 t4s2=0 | R13=0 R134=0 R134s2=0 RT=1 RT4=1 RT4s2=1 | t4min 0
X k4_certs_4_pure.json.gz#123 7,61,217,44 [[7], [2, 8], [4, 5], [3, 6]] def 1 k 3 | t1=0 t2=1 t3p=0 t3h=0 t4=0 t4s2=0 | R13=0 R134=0 R134s2=0 RT=1 RT4=1 RT4s2=1 | t4min 0
X k4_certs_4_pure.json.gz#123 7,61,222,44 [[7], [2, 8], [4, 5], [3, 6]] def 1 k 3 | t1=0 t2=1 t3p=0 t3h=0 t4=0 t4s2=0 | R13=0 R134=0 R134s2=0 RT=1 RT4=1 RT4s2=1 | t4min 0
X k4_certs_4_pure.json.gz#123 7,61,233,44 [[7], [2, 8], [4, 5], [3, 6]] def 1 k 3 | t1=0 t2=1 t3p=0 t3h=0 t4=0 t4s2=0 | R13=0 R134=0 R134s2=0 RT=1 RT4=1 RT4s2=1 | t4min 0
X k4_certs_4_pure.json.gz#123 7,61,234,44 [[7], [2, 8], [4, 5], [3, 6]] def 1 k 3 | t1=0 t2=1 t3p=0 t3h=0 t4=0 t4s2=0 | R13=0 R134=0 R134s2=0 RT=1 RT4=1 RT4s2=1 | t4min 0
X k4_certs_4_pure.json.gz#123 7,61,236,44 [[7], [2, 8], [4, 5], [3, 6]] def 1 k 3 | t1=0 t2=1 t3p=0 t3h=0 t4=0 t4s2=0 | R13=0 R134=0 R134s2=0 RT=1 RT4=1 RT4s2=1 | t4min 0
X k4_certs_4_pure.json.gz#123 7,61,237,44 [[7], [2, 8], [4, 5], [3, 6]] def 1 k 3 | t1=0 t2=1 t3p=0 t3h=0 t4=0 t4s2=0 | R13=0 R134=0 R134s2=0 RT=1 RT4=1 RT4s2=1 | t4min 0
X k4_certs_4_pure.json.gz#123 7,61,241,44 [[7], [2, 8], [4, 5], [3, 6]] def 1 k 3 | t1=0 t2=1 t3p=0 t3h=0 t4=0 t4s2=0 | R13=0 R134=0 R134s2=0 RT=1 RT4=1 RT4s2=1 | t4min 0
X k4_certs_4_pure.json.gz#123 7,61,242,44 [[7], [2, 8], [4, 5], [3, 6]] def 1 k 3 | t1=0 t2=1 t3p=0 t3h=0 t4=0 t4s2=0 | R13=0 R134=0 R134s2=0 RT=1 RT4=1 RT4s2=1 | t4min 0
X k4_certs_4_pure.json.gz#123 7,61,243,44 [[7], [2, 8], [4, 5], [3, 6]] def 1 k 3 | t1=0 t2=1 t3p=0 t3h=0 t4=0 t4s2=0 | R13=0 R134=0 R134s2=0 RT=1 RT4=1 RT4s2=1 | t4min 0
X k4_certs_4_pure.json.gz#123 7,61,245,44 [[7], [2, 8], [4, 5], [3, 6]] def 1 k 3 | t1=0 t2=1 t3p=0 t3h=0 t4=0 t4s2=0 | R13=0 R134=0 R134s2=0 RT=1 RT4=1 RT4s2=1 | t4min 0
X k4_certs_4_pure.json.gz#123 7,61,248,44 [[7], [2, 8], [4, 5], [3, 6]] def 1 k 3 | t1=0 t2=1 t3p=0 t3h=0 t4=0 t4s2=0 | R13=0 R134=0 R134s2=0 RT=1 RT4=1 RT4s2=1 | t4min 0
X k4_certs_4_pure.json.gz#123 7,61,249,44 [[7], [2, 8], [4, 5], [3, 6]] def 1 k 3 | t1=0 t2=1 t3p=0 t3h=0 t4=0 t4s2=0 | R13=0 R134=0 R134s2=0 RT=1 RT4=1 RT4s2=1 | t4min 0
X k4_certs_4_pure.json.gz#123 7,61,250,44 [[7], [2, 8], [4, 5], [3, 6]] def 1 k 3 | t1=0 t2=1 t3p=0 t3h=0 t4=0 t4s2=0 | R13=0 R134=0 R134s2=0 RT=1 RT4=1 RT4s2=1 | t4min 0
X k4_certs_4_pure.json.gz#123 7,61,252,44 [[7], [2, 8], [4, 5], [3, 6]] def 1 k 3 | t1=0 t2=1 t3p=0 t3h=0 t4=0 t4s2=0 | R13=0 R134=0 R134s2=0 RT=1 RT4=1 RT4s2=1 | t4min 0
X k4_certs_4_pure.json.gz#123 7,61,268,44 [[7], [2, 8], [4, 5], [3, 6]] def 1 k 3 | t1=0 t2=1 t3p=0 t3h=0 t4=0 t4s2=0 | R13=0 R134=0 R134s2=0 RT=1 RT4=1 RT4s2=1 | t4min 0
X k4_certs_4_pure.json.gz#123 7,61,269,44 [[7], [2, 8], [4, 5], [3, 6]] def 1 k 3 | t1=0 t2=1 t3p=0 t3h=0 t4=0 t4s2=0 | R13=0 R134=0 R134s2=0 RT=1 RT4=1 RT4s2=1 | t4min 0
X k4_certs_4_pure.json.gz#123 7,61,272,44 [[7], [2, 8], [4, 5], [3, 6]] def 1 k 3 | t1=0 t2=1 t3p=0 t3h=0 t4=0 t4s2=0 | R13=0 R134=0 R134s2=0 RT=1 RT4=1 RT4s2=1 | t4min 0
X k4_certs_4_pure.json.gz#123 7,61,273,44 [[7], [2, 8], [4, 5], [3, 6]] def 1 k 3 | t1=0 t2=1 t3p=0 t3h=0 t4=0 t4s2=0 | R13=0 R134=0 R134s2=0 RT=1 RT4=1 RT4s2=1 | t4min 0
X k4_certs_4_pure.json.gz#123 7,61,282,44 [[7], [2, 8], [4, 5], [3, 6]] def 1 k 3 | t1=0 t2=1 t3p=0 t3h=0 t4=0 t4s2=0 | R13=0 R134=0 R134s2=0 RT=1 RT4=1 RT4s2=1 | t4min 0
X k4_certs_4_pure.json.gz#123 7,61,284,44 [[7], [2, 8], [4, 5], [3, 6]] def 1 k 3 | t1=0 t2=1 t3p=0 t3h=0 t4=0 t4s2=0 | R13=0 R134=0 R134s2=0 RT=1 RT4=1 RT4s2=1 | t4min 0
X k4_certs_4_pure.json.gz#123 7,61,285,44 [[7], [2, 8], [4, 5], [3, 6]] def 1 k 3 | t1=0 t2=1 t3p=0 t3h=0 t4=0 t4s2=0 | R13=0 R134=0 R134s2=0 RT=1 RT4=1 RT4s2=1 | t4min 0
X k4_certs_4_pure.json.gz#123 7,61,286,44 [[7], [2, 8], [4, 5], [3, 6]] def 1 k 3 | t1=0 t2=1 t3p=0 t3h=0 t4=0 t4s2=0 | R13=0 R134=0 R134s2=0 RT=1 RT4=1 RT4s2=1 | t4min 0
X k4_certs_4_pure.json.gz#123 7,62,11,44 [[7], [2, 8], [4, 5], [3, 6]] def 1 k 3 | t1=0 t2=1 t3p=0 t3h=0 t4=0 t4s2=0 | R13=0 R134=0 R134s2=0 RT=1 RT4=1 RT4s2=1 | t4min 0
X k4_certs_4_pure.json.gz#123 7,62,13,44 [[7], [2, 8], [4, 5], [3, 6]] def 1 k 3 | t1=0 t2=1 t3p=0 t3h=0 t4=0 t4s2=0 | R13=0 R134=0 R134s2=0 RT=1 RT4=1 RT4s2=1 | t4min 0
X k4_certs_4_pure.json.gz#123 7,62,18,44 [[7], [2, 8], [4, 5], [3, 6]] def 1 k 3 | t1=0 t2=1 t3p=0 t3h=0 t4=0 t4s2=0 | R13=0 R134=0 R134s2=0 RT=1 RT4=1 RT4s2=1 | t4min 0
X k4_certs_4_pure.json.gz#123 7,62,25,44 [[7], [2, 8], [4, 5], [3, 6]] def 1 k 3 | t1=0 t2=1 t3p=0 t3h=0 t4=0 t4s2=0 | R13=0 R134=0 R134s2=0 RT=1 RT4=1 RT4s2=1 | t4min 0
X k4_certs_4_pure.json.gz#123 7,62,47,44 [[7], [2, 8], [4, 5], [3, 6]] def 1 k 3 | t1=0 t2=1 t3p=0 t3h=0 t4=0 t4s2=0 | R13=0 R134=0 R134s2=0 RT=1 RT4=1 RT4s2=1 | t4min 0
X k4_certs_4_pure.json.gz#123 7,62,50,44 [[7], [2, 8], [4, 5], [3, 6]] def 1 k 3 | t1=0 t2=1 t3p=0 t3h=0 t4=0 t4s2=0 | R13=0 R134=0 R134s2=0 RT=1 RT4=1 RT4s2=1 | t4min 0
X k4_certs_4_pure.json.gz#123 7,62,55,44 [[7], [2, 8], [4, 5], [3, 6]] def 1 k 3 | t1=0 t2=1 t3p=0 t3h=0 t4=0 t4s2=0 | R13=0 R134=0 R134s2=0 RT=1 RT4=1 RT4s2=1 | t4min 0
X k4_certs_4_pure.json.gz#123 7,62,67,44 [[7], [2, 8], [4, 5], [3, 6]] def 1 k 3 | t1=0 t2=1 t3p=0 t3h=0 t4=0 t4s2=0 | R13=0 R134=0 R134s2=0 RT=1 RT4=1 RT4s2=1 | t4min 0
X k4_certs_4_pure.json.gz#123 7,62,82,44 [[7], [2, 8], [4, 5], [3, 6]] def 1 k 3 | t1=0 t2=1 t3p=0 t3h=0 t4=0 t4s2=0 | R13=0 R134=0 R134s2=0 RT=1 RT4=1 RT4s2=1 | t4min 0
X k4_certs_4_pure.json.gz#123 7,62,89,44 [[7], [2, 8], [4, 5], [3, 6]] def 1 k 3 | t1=0 t2=1 t3p=0 t3h=0 t4=0 t4s2=0 | R13=0 R134=0 R134s2=0 RT=1 RT4=1 RT4s2=1 | t4min 0
X k4_certs_4_pure.json.gz#123 7,62,92,44 [[7], [2, 8], [4, 5], [3, 6]] def 1 k 3 | t1=0 t2=1 t3p=0 t3h=0 t4=0 t4s2=0 | R13=0 R134=0 R134s2=0 RT=1 RT4=1 RT4s2=1 | t4min 0
X k4_certs_4_pure.json.gz#123 7,62,95,44 [[7], [2, 8], [4, 5], [3, 6]] def 1 k 3 | t1=0 t2=1 t3p=0 t3h=0 t4=0 t4s2=0 | R13=0 R134=0 R134s2=0 RT=1 RT4=1 RT4s2=1 | t4min 0
X k4_certs_4_pure.json.gz#123 7,62,99,44 [[7], [2, 8], [4, 5], [3, 6]] def 1 k 3 | t1=0 t2=1 t3p=0 t3h=0 t4=0 t4s2=0 | R13=0 R134=0 R134s2=0 RT=1 RT4=1 RT4s2=1 | t4min 0
X k4_certs_4_pure.json.gz#123 7,62,100,44 [[7], [2, 8], [4, 5], [3, 6]] def 1 k 3 | t1=0 t2=1 t3p=0 t3h=0 t4=0 t4s2=0 | R13=0 R134=0 R134s2=0 RT=1 RT4=1 RT4s2=1 | t4min 0
X k4_certs_4_pure.json.gz#123 7,62,104,44 [[7], [2, 8], [4, 5], [3, 6]] def 1 k 3 | t1=0 t2=1 t3p=0 t3h=0 t4=0 t4s2=0 | R13=0 R134=0 R134s2=0 RT=1 RT4=1 RT4s2=1 | t4min 0
X k4_certs_4_pure.json.gz#123 7,62,114,44 [[7], [2, 8], [4, 5], [3, 6]] def 1 k 3 | t1=0 t2=1 t3p=0 t3h=0 t4=0 t4s2=0 | R13=0 R134=0 R134s2=0 RT=1 RT4=1 RT4s2=1 | t4min 0
X k4_certs_4_pure.json.gz#123 7,62,128,44 [[7], [2, 8], [4, 5], [3, 6]] def 1 k 3 | t1=0 t2=1 t3p=0 t3h=0 t4=0 t4s2=0 | R13=0 R134=0 R134s2=0 RT=1 RT4=1 RT4s2=1 | t4min 0
X k4_certs_4_pure.json.gz#123 7,62,131,44 [[7], [2, 8], [4, 5], [3, 6]] def 1 k 3 | t1=0 t2=1 t3p=0 t3h=0 t4=0 t4s2=0 | R13=0 R134=0 R134s2=0 RT=1 RT4=1 RT4s2=1 | t4min 0
X k4_certs_4_pure.json.gz#123 7,62,134,44 [[7], [2, 8], [4, 5], [3, 6]] def 1 k 3 | t1=0 t2=1 t3p=0 t3h=0 t4=0 t4s2=0 | R13=0 R134=0 R134s2=0 RT=1 RT4=1 RT4s2=1 | t4min 0
X k4_certs_4_pure.json.gz#123 7,62,135,44 [[7], [2, 8], [4, 5], [3, 6]] def 1 k 3 | t1=0 t2=1 t3p=0 t3h=0 t4=0 t4s2=0 | R13=0 R134=0 R134s2=0 RT=1 RT4=1 RT4s2=1 | t4min 0
X k4_certs_4_pure.json.gz#123 7,62,152,44 [[7], [2, 8], [4, 5], [3, 6]] def 1 k 3 | t1=0 t2=1 t3p=0 t3h=0 t4=0 t4s2=0 | R13=0 R134=0 R134s2=0 RT=1 RT4=1 RT4s2=1 | t4min 0
X k4_certs_4_pure.json.gz#123 7,62,155,44 [[7], [2, 8], [4, 5], [3, 6]] def 1 k 3 | t1=0 t2=1 t3p=0 t3h=0 t4=0 t4s2=0 | R13=0 R134=0 R134s2=0 RT=1 RT4=1 RT4s2=1 | t4min 0
X k4_certs_4_pure.json.gz#123 7,62,160,44 [[7], [2, 8], [4, 5], [3, 6]] def 1 k 3 | t1=0 t2=1 t3p=0 t3h=0 t4=0 t4s2=0 | R13=0 R134=0 R134s2=0 RT=1 RT4=1 RT4s2=1 | t4min 0
X k4_certs_4_pure.json.gz#123 7,62,165,44 [[7], [2, 8], [4, 5], [3, 6]] def 1 k 3 | t1=0 t2=1 t3p=0 t3h=0 t4=0 t4s2=0 | R13=0 R134=0 R134s2=0 RT=1 RT4=1 RT4s2=1 | t4min 0
X k4_certs_4_pure.json.gz#123 7,62,174,44 [[7], [2, 8], [4, 5], [3, 6]] def 1 k 3 | t1=0 t2=1 t3p=0 t3h=0 t4=0 t4s2=0 | R13=0 R134=0 R134s2=0 RT=1 RT4=1 RT4s2=1 | t4min 0
X k4_certs_4_pure.json.gz#123 7,62,192,44 [[7], [2, 8], [4, 5], [3, 6]] def 1 k 3 | t1=0 t2=1 t3p=0 t3h=0 t4=0 t4s2=0 | R13=0 R134=0 R134s2=0 RT=1 RT4=1 RT4s2=1 | t4min 0
X k4_certs_4_pure.json.gz#123 7,62,193,44 [[7], [2, 8], [4, 5], [3, 6]] def 1 k 3 | t1=0 t2=1 t3p=0 t3h=0 t4=0 t4s2=0 | R13=0 R134=0 R134s2=0 RT=1 RT4=1 RT4s2=1 | t4min 0
X k4_certs_4_pure.json.gz#123 7,62,198,44 [[7], [2, 8], [4, 5], [3, 6]] def 1 k 3 | t1=0 t2=1 t3p=0 t3h=0 t4=0 t4s2=0 | R13=0 R134=0 R134s2=0 RT=1 RT4=1 RT4s2=1 | t4min 0
X k4_certs_4_pure.json.gz#123 7,62,201,44 [[7], [2, 8], [4, 5], [3, 6]] def 1 k 3 | t1=0 t2=1 t3p=0 t3h=0 t4=0 t4s2=0 | R13=0 R134=0 R134s2=0 RT=1 RT4=1 RT4s2=1 | t4min 0
X k4_certs_4_pure.json.gz#123 7,62,217,44 [[7], [2, 8], [4, 5], [3, 6]] def 1 k 3 | t1=0 t2=1 t3p=0 t3h=0 t4=0 t4s2=0 | R13=0 R134=0 R134s2=0 RT=1 RT4=1 RT4s2=1 | t4min 0
X k4_certs_4_pure.json.gz#123 7,62,222,44 [[7], [2, 8], [4, 5], [3, 6]] def 1 k 3 | t1=0 t2=1 t3p=0 t3h=0 t4=0 t4s2=0 | R13=0 R134=0 R134s2=0 RT=1 RT4=1 RT4s2=1 | t4min 0
X k4_certs_4_pure.json.gz#123 7,62,233,44 [[7], [2, 8], [4, 5], [3, 6]] def 1 k 3 | t1=0 t2=1 t3p=0 t3h=0 t4=0 t4s2=0 | R13=0 R134=0 R134s2=0 RT=1 RT4=1 RT4s2=1 | t4min 0
X k4_certs_4_pure.json.gz#123 7,62,234,44 [[7], [2, 8], [4, 5], [3, 6]] def 1 k 3 | t1=0 t2=1 t3p=0 t3h=0 t4=0 t4s2=0 | R13=0 R134=0 R134s2=0 RT=1 RT4=1 RT4s2=1 | t4min 0
X k4_certs_4_pure.json.gz#123 7,62,236,44 [[7], [2, 8], [4, 5], [3, 6]] def 1 k 3 | t1=0 t2=1 t3p=0 t3h=0 t4=0 t4s2=0 | R13=0 R134=0 R134s2=0 RT=1 RT4=1 RT4s2=1 | t4min 0
X k4_certs_4_pure.json.gz#123 7,62,237,44 [[7], [2, 8], [4, 5], [3, 6]] def 1 k 3 | t1=0 t2=1 t3p=0 t3h=0 t4=0 t4s2=0 | R13=0 R134=0 R134s2=0 RT=1 RT4=1 RT4s2=1 | t4min 0
X k4_certs_4_pure.json.gz#123 7,62,241,44 [[7], [2, 8], [4, 5], [3, 6]] def 1 k 3 | t1=0 t2=1 t3p=0 t3h=0 t4=0 t4s2=0 | R13=0 R134=0 R134s2=0 RT=1 RT4=1 RT4s2=1 | t4min 0
X k4_certs_4_pure.json.gz#123 7,62,242,44 [[7], [2, 8], [4, 5], [3, 6]] def 1 k 3 | t1=0 t2=1 t3p=0 t3h=0 t4=0 t4s2=0 | R13=0 R134=0 R134s2=0 RT=1 RT4=1 RT4s2=1 | t4min 0
X k4_certs_4_pure.json.gz#123 7,62,243,44 [[7], [2, 8], [4, 5], [3, 6]] def 1 k 3 | t1=0 t2=1 t3p=0 t3h=0 t4=0 t4s2=0 | R13=0 R134=0 R134s2=0 RT=1 RT4=1 RT4s2=1 | t4min 0
X k4_certs_4_pure.json.gz#123 7,62,245,44 [[7], [2, 8], [4, 5], [3, 6]] def 1 k 3 | t1=0 t2=1 t3p=0 t3h=0 t4=0 t4s2=0 | R13=0 R134=0 R134s2=0 RT=1 RT4=1 RT4s2=1 | t4min 0
X k4_certs_4_pure.json.gz#123 7,62,248,44 [[7], [2, 8], [4, 5], [3, 6]] def 1 k 3 | t1=0 t2=1 t3p=0 t3h=0 t4=0 t4s2=0 | R13=0 R134=0 R134s2=0 RT=1 RT4=1 RT4s2=1 | t4min 0
X k4_certs_4_pure.json.gz#123 7,62,249,44 [[7], [2, 8], [4, 5], [3, 6]] def 1 k 3 | t1=0 t2=1 t3p=0 t3h=0 t4=0 t4s2=0 | R13=0 R134=0 R134s2=0 RT=1 RT4=1 RT4s2=1 | t4min 0
X k4_certs_4_pure.json.gz#123 7,62,250,44 [[7], [2, 8], [4, 5], [3, 6]] def 1 k 3 | t1=0 t2=1 t3p=0 t3h=0 t4=0 t4s2=0 | R13=0 R134=0 R134s2=0 RT=1 RT4=1 RT4s2=1 | t4min 0
X k4_certs_4_pure.json.gz#123 7,62,252,44 [[7], [2, 8], [4, 5], [3, 6]] def 1 k 3 | t1=0 t2=1 t3p=0 t3h=0 t4=0 t4s2=0 | R13=0 R134=0 R134s2=0 RT=1 RT4=1 RT4s2=1 | t4min 0
X k4_certs_4_pure.json.gz#123 7,62,268,44 [[7], [2, 8], [4, 5], [3, 6]] def 1 k 3 | t1=0 t2=1 t3p=0 t3h=0 t4=0 t4s2=0 | R13=0 R134=0 R134s2=0 RT=1 RT4=1 RT4s2=1 | t4min 0
X k4_certs_4_pure.json.gz#123 7,62,269,44 [[7], [2, 8], [4, 5], [3, 6]] def 1 k 3 | t1=0 t2=1 t3p=0 t3h=0 t4=0 t4s2=0 | R13=0 R134=0 R134s2=0 RT=1 RT4=1 RT4s2=1 | t4min 0
X k4_certs_4_pure.json.gz#123 7,62,272,44 [[7], [2, 8], [4, 5], [3, 6]] def 1 k 3 | t1=0 t2=1 t3p=0 t3h=0 t4=0 t4s2=0 | R13=0 R134=0 R134s2=0 RT=1 RT4=1 RT4s2=1 | t4min 0
X k4_certs_4_pure.json.gz#123 7,62,273,44 [[7], [2, 8], [4, 5], [3, 6]] def 1 k 3 | t1=0 t2=1 t3p=0 t3h=0 t4=0 t4s2=0 | R13=0 R134=0 R134s2=0 RT=1 RT4=1 RT4s2=1 | t4min 0
X k4_certs_4_pure.json.gz#123 7,62,282,44 [[7], [2, 8], [4, 5], [3, 6]] def 1 k 3 | t1=0 t2=1 t3p=0 t3h=0 t4=0 t4s2=0 | R13=0 R134=0 R134s2=0 RT=1 RT4=1 RT4s2=1 | t4min 0
X k4_certs_4_pure.json.gz#123 7,62,284,44 [[7], [2, 8], [4, 5], [3, 6]] def 1 k 3 | t1=0 t2=1 t3p=0 t3h=0 t4=0 t4s2=0 | R13=0 R134=0 R134s2=0 RT=1 RT4=1 RT4s2=1 | t4min 0
X k4_certs_4_pure.json.gz#123 7,62,285,44 [[7], [2, 8], [4, 5], [3, 6]] def 1 k 3 | t1=0 t2=1 t3p=0 t3h=0 t4=0 t4s2=0 | R13=0 R134=0 R134s2=0 RT=1 RT4=1 RT4s2=1 | t4min 0
X k4_certs_4_pure.json.gz#123 7,62,286,44 [[7], [2, 8], [4, 5], [3, 6]] def 1 k 3 | t1=0 t2=1 t3p=0 t3h=0 t4=0 t4s2=0 | R13=0 R134=0 R134s2=0 RT=1 RT4=1 RT4s2=1 | t4min 0
X k4_certs_4_pure.json.gz#123 7,63,11,44 [[7], [2, 8], [4, 5], [3, 6]] def 1 k 3 | t1=0 t2=1 t3p=0 t3h=0 t4=0 t4s2=0 | R13=0 R134=0 R134s2=0 RT=1 RT4=1 RT4s2=1 | t4min 0
X k4_certs_4_pure.json.gz#123 7,63,13,44 [[7], [2, 8], [4, 5], [3, 6]] def 1 k 3 | t1=0 t2=1 t3p=0 t3h=0 t4=0 t4s2=0 | R13=0 R134=0 R134s2=0 RT=1 RT4=1 RT4s2=1 | t4min 0
X k4_certs_4_pure.json.gz#123 7,63,18,44 [[7], [2, 8], [4, 5], [3, 6]] def 1 k 3 | t1=0 t2=1 t3p=0 t3h=0 t4=0 t4s2=0 | R13=0 R134=0 R134s2=0 RT=1 RT4=1 RT4s2=1 | t4min 0
X k4_certs_4_pure.json.gz#123 7,63,25,44 [[7], [2, 8], [4, 5], [3, 6]] def 1 k 3 | t1=0 t2=1 t3p=0 t3h=0 t4=0 t4s2=0 | R13=0 R134=0 R134s2=0 RT=1 RT4=1 RT4s2=1 | t4min 0
X k4_certs_4_pure.json.gz#123 7,63,47,44 [[7], [2, 8], [4, 5], [3, 6]] def 1 k 3 | t1=0 t2=1 t3p=0 t3h=0 t4=0 t4s2=0 | R13=0 R134=0 R134s2=0 RT=1 RT4=1 RT4s2=1 | t4min 0
X k4_certs_4_pure.json.gz#123 7,63,50,44 [[7], [2, 8], [4, 5], [3, 6]] def 1 k 3 | t1=0 t2=1 t3p=0 t3h=0 t4=0 t4s2=0 | R13=0 R134=0 R134s2=0 RT=1 RT4=1 RT4s2=1 | t4min 0
X k4_certs_4_pure.json.gz#123 7,63,55,44 [[7], [2, 8], [4, 5], [3, 6]] def 1 k 3 | t1=0 t2=1 t3p=0 t3h=0 t4=0 t4s2=0 | R13=0 R134=0 R134s2=0 RT=1 RT4=1 RT4s2=1 | t4min 0
X k4_certs_4_pure.json.gz#123 7,63,67,44 [[7], [2, 8], [4, 5], [3, 6]] def 1 k 3 | t1=0 t2=1 t3p=0 t3h=0 t4=0 t4s2=0 | R13=0 R134=0 R134s2=0 RT=1 RT4=1 RT4s2=1 | t4min 0
X k4_certs_4_pure.json.gz#123 7,63,82,44 [[7], [2, 8], [4, 5], [3, 6]] def 1 k 3 | t1=0 t2=1 t3p=0 t3h=0 t4=0 t4s2=0 | R13=0 R134=0 R134s2=0 RT=1 RT4=1 RT4s2=1 | t4min 0
X k4_certs_4_pure.json.gz#123 7,63,89,44 [[7], [2, 8], [4, 5], [3, 6]] def 1 k 3 | t1=0 t2=1 t3p=0 t3h=0 t4=0 t4s2=0 | R13=0 R134=0 R134s2=0 RT=1 RT4=1 RT4s2=1 | t4min 0
X k4_certs_4_pure.json.gz#123 7,63,92,44 [[7], [2, 8], [4, 5], [3, 6]] def 1 k 3 | t1=0 t2=1 t3p=0 t3h=0 t4=0 t4s2=0 | R13=0 R134=0 R134s2=0 RT=1 RT4=1 RT4s2=1 | t4min 0
X k4_certs_4_pure.json.gz#123 7,63,95,44 [[7], [2, 8], [4, 5], [3, 6]] def 1 k 3 | t1=0 t2=1 t3p=0 t3h=0 t4=0 t4s2=0 | R13=0 R134=0 R134s2=0 RT=1 RT4=1 RT4s2=1 | t4min 0
X k4_certs_4_pure.json.gz#123 7,63,99,44 [[7], [2, 8], [4, 5], [3, 6]] def 1 k 3 | t1=0 t2=1 t3p=0 t3h=0 t4=0 t4s2=0 | R13=0 R134=0 R134s2=0 RT=1 RT4=1 RT4s2=1 | t4min 0
X k4_certs_4_pure.json.gz#123 7,63,100,44 [[7], [2, 8], [4, 5], [3, 6]] def 1 k 3 | t1=0 t2=1 t3p=0 t3h=0 t4=0 t4s2=0 | R13=0 R134=0 R134s2=0 RT=1 RT4=1 RT4s2=1 | t4min 0
X k4_certs_4_pure.json.gz#123 7,63,104,44 [[7], [2, 8], [4, 5], [3, 6]] def 1 k 3 | t1=0 t2=1 t3p=0 t3h=0 t4=0 t4s2=0 | R13=0 R134=0 R134s2=0 RT=1 RT4=1 RT4s2=1 | t4min 0
X k4_certs_4_pure.json.gz#123 7,63,114,44 [[7], [2, 8], [4, 5], [3, 6]] def 1 k 3 | t1=0 t2=1 t3p=0 t3h=0 t4=0 t4s2=0 | R13=0 R134=0 R134s2=0 RT=1 RT4=1 RT4s2=1 | t4min 0
X k4_certs_4_pure.json.gz#123 7,63,128,44 [[7], [2, 8], [4, 5], [3, 6]] def 1 k 3 | t1=0 t2=1 t3p=0 t3h=0 t4=0 t4s2=0 | R13=0 R134=0 R134s2=0 RT=1 RT4=1 RT4s2=1 | t4min 0
X k4_certs_4_pure.json.gz#123 7,63,131,44 [[7], [2, 8], [4, 5], [3, 6]] def 1 k 3 | t1=0 t2=1 t3p=0 t3h=0 t4=0 t4s2=0 | R13=0 R134=0 R134s2=0 RT=1 RT4=1 RT4s2=1 | t4min 0
X k4_certs_4_pure.json.gz#123 7,63,134,44 [[7], [2, 8], [4, 5], [3, 6]] def 1 k 3 | t1=0 t2=1 t3p=0 t3h=0 t4=0 t4s2=0 | R13=0 R134=0 R134s2=0 RT=1 RT4=1 RT4s2=1 | t4min 0
X k4_certs_4_pure.json.gz#123 7,63,135,44 [[7], [2, 8], [4, 5], [3, 6]] def 1 k 3 | t1=0 t2=1 t3p=0 t3h=0 t4=0 t4s2=0 | R13=0 R134=0 R134s2=0 RT=1 RT4=1 RT4s2=1 | t4min 0
X k4_certs_4_pure.json.gz#123 7,63,152,44 [[7], [2, 8], [4, 5], [3, 6]] def 1 k 3 | t1=0 t2=1 t3p=0 t3h=0 t4=0 t4s2=0 | R13=0 R134=0 R134s2=0 RT=1 RT4=1 RT4s2=1 | t4min 0
X k4_certs_4_pure.json.gz#123 7,63,155,44 [[7], [2, 8], [4, 5], [3, 6]] def 1 k 3 | t1=0 t2=1 t3p=0 t3h=0 t4=0 t4s2=0 | R13=0 R134=0 R134s2=0 RT=1 RT4=1 RT4s2=1 | t4min 0
X k4_certs_4_pure.json.gz#123 7,63,160,44 [[7], [2, 8], [4, 5], [3, 6]] def 1 k 3 | t1=0 t2=1 t3p=0 t3h=0 t4=0 t4s2=0 | R13=0 R134=0 R134s2=0 RT=1 RT4=1 RT4s2=1 | t4min 0
X k4_certs_4_pure.json.gz#123 7,63,165,44 [[7], [2, 8], [4, 5], [3, 6]] def 1 k 3 | t1=0 t2=1 t3p=0 t3h=0 t4=0 t4s2=0 | R13=0 R134=0 R134s2=0 RT=1 RT4=1 RT4s2=1 | t4min 0
X k4_certs_4_pure.json.gz#123 7,63,174,44 [[7], [2, 8], [4, 5], [3, 6]] def 1 k 3 | t1=0 t2=1 t3p=0 t3h=0 t4=0 t4s2=0 | R13=0 R134=0 R134s2=0 RT=1 RT4=1 RT4s2=1 | t4min 0
X k4_certs_4_pure.json.gz#123 7,63,192,44 [[7], [2, 8], [4, 5], [3, 6]] def 1 k 3 | t1=0 t2=1 t3p=0 t3h=0 t4=0 t4s2=0 | R13=0 R134=0 R134s2=0 RT=1 RT4=1 RT4s2=1 | t4min 0
X k4_certs_4_pure.json.gz#123 7,63,193,44 [[7], [2, 8], [4, 5], [3, 6]] def 1 k 3 | t1=0 t2=1 t3p=0 t3h=0 t4=0 t4s2=0 | R13=0 R134=0 R134s2=0 RT=1 RT4=1 RT4s2=1 | t4min 0
X k4_certs_4_pure.json.gz#123 7,63,198,44 [[7], [2, 8], [4, 5], [3, 6]] def 1 k 3 | t1=0 t2=1 t3p=0 t3h=0 t4=0 t4s2=0 | R13=0 R134=0 R134s2=0 RT=1 RT4=1 RT4s2=1 | t4min 0
X k4_certs_4_pure.json.gz#123 7,63,201,44 [[7], [2, 8], [4, 5], [3, 6]] def 1 k 3 | t1=0 t2=1 t3p=0 t3h=0 t4=0 t4s2=0 | R13=0 R134=0 R134s2=0 RT=1 RT4=1 RT4s2=1 | t4min 0
X k4_certs_4_pure.json.gz#123 7,63,217,44 [[7], [2, 8], [4, 5], [3, 6]] def 1 k 3 | t1=0 t2=1 t3p=0 t3h=0 t4=0 t4s2=0 | R13=0 R134=0 R134s2=0 RT=1 RT4=1 RT4s2=1 | t4min 0
X k4_certs_4_pure.json.gz#123 7,63,222,44 [[7], [2, 8], [4, 5], [3, 6]] def 1 k 3 | t1=0 t2=1 t3p=0 t3h=0 t4=0 t4s2=0 | R13=0 R134=0 R134s2=0 RT=1 RT4=1 RT4s2=1 | t4min 0
X k4_certs_4_pure.json.gz#123 7,63,233,44 [[7], [2, 8], [4, 5], [3, 6]] def 1 k 3 | t1=0 t2=1 t3p=0 t3h=0 t4=0 t4s2=0 | R13=0 R134=0 R134s2=0 RT=1 RT4=1 RT4s2=1 | t4min 0
X k4_certs_4_pure.json.gz#123 7,63,234,44 [[7], [2, 8], [4, 5], [3, 6]] def 1 k 3 | t1=0 t2=1 t3p=0 t3h=0 t4=0 t4s2=0 | R13=0 R134=0 R134s2=0 RT=1 RT4=1 RT4s2=1 | t4min 0
X k4_certs_4_pure.json.gz#123 7,63,236,44 [[7], [2, 8], [4, 5], [3, 6]] def 1 k 3 | t1=0 t2=1 t3p=0 t3h=0 t4=0 t4s2=0 | R13=0 R134=0 R134s2=0 RT=1 RT4=1 RT4s2=1 | t4min 0
X k4_certs_4_pure.json.gz#123 7,63,237,44 [[7], [2, 8], [4, 5], [3, 6]] def 1 k 3 | t1=0 t2=1 t3p=0 t3h=0 t4=0 t4s2=0 | R13=0 R134=0 R134s2=0 RT=1 RT4=1 RT4s2=1 | t4min 0
X k4_certs_4_pure.json.gz#123 7,63,241,44 [[7], [2, 8], [4, 5], [3, 6]] def 1 k 3 | t1=0 t2=1 t3p=0 t3h=0 t4=0 t4s2=0 | R13=0 R134=0 R134s2=0 RT=1 RT4=1 RT4s2=1 | t4min 0
X k4_certs_4_pure.json.gz#123 7,63,242,44 [[7], [2, 8], [4, 5], [3, 6]] def 1 k 3 | t1=0 t2=1 t3p=0 t3h=0 t4=0 t4s2=0 | R13=0 R134=0 R134s2=0 RT=1 RT4=1 RT4s2=1 | t4min 0
X k4_certs_4_pure.json.gz#123 7,63,243,44 [[7], [2, 8], [4, 5], [3, 6]] def 1 k 3 | t1=0 t2=1 t3p=0 t3h=0 t4=0 t4s2=0 | R13=0 R134=0 R134s2=0 RT=1 RT4=1 RT4s2=1 | t4min 0
X k4_certs_4_pure.json.gz#123 7,63,245,44 [[7], [2, 8], [4, 5], [3, 6]] def 1 k 3 | t1=0 t2=1 t3p=0 t3h=0 t4=0 t4s2=0 | R13=0 R134=0 R134s2=0 RT=1 RT4=1 RT4s2=1 | t4min 0
X k4_certs_4_pure.json.gz#123 7,63,248,44 [[7], [2, 8], [4, 5], [3, 6]] def 1 k 3 | t1=0 t2=1 t3p=0 t3h=0 t4=0 t4s2=0 | R13=0 R134=0 R134s2=0 RT=1 RT4=1 RT4s2=1 | t4min 0
X k4_certs_4_pure.json.gz#123 7,63,249,44 [[7], [2, 8], [4, 5], [3, 6]] def 1 k 3 | t1=0 t2=1 t3p=0 t3h=0 t4=0 t4s2=0 | R13=0 R134=0 R134s2=0 RT=1 RT4=1 RT4s2=1 | t4min 0
X k4_certs_4_pure.json.gz#123 7,63,250,44 [[7], [2, 8], [4, 5], [3, 6]] def 1 k 3 | t1=0 t2=1 t3p=0 t3h=0 t4=0 t4s2=0 | R13=0 R134=0 R134s2=0 RT=1 RT4=1 RT4s2=1 | t4min 0
X k4_certs_4_pure.json.gz#123 7,63,252,44 [[7], [2, 8], [4, 5], [3, 6]] def 1 k 3 | t1=0 t2=1 t3p=0 t3h=0 t4=0 t4s2=0 | R13=0 R134=0 R134s2=0 RT=1 RT4=1 RT4s2=1 | t4min 0
X k4_certs_4_pure.json.gz#123 7,63,268,44 [[7], [2, 8], [4, 5], [3, 6]] def 1 k 3 | t1=0 t2=1 t3p=0 t3h=0 t4=0 t4s2=0 | R13=0 R134=0 R134s2=0 RT=1 RT4=1 RT4s2=1 | t4min 0
X k4_certs_4_pure.json.gz#123 7,63,269,44 [[7], [2, 8], [4, 5], [3, 6]] def 1 k 3 | t1=0 t2=1 t3p=0 t3h=0 t4=0 t4s2=0 | R13=0 R134=0 R134s2=0 RT=1 RT4=1 RT4s2=1 | t4min 0
X k4_certs_4_pure.json.gz#123 7,63,272,44 [[7], [2, 8], [4, 5], [3, 6]] def 1 k 3 | t1=0 t2=1 t3p=0 t3h=0 t4=0 t4s2=0 | R13=0 R134=0 R134s2=0 RT=1 RT4=1 RT4s2=1 | t4min 0
X k4_certs_4_pure.json.gz#123 7,63,273,44 [[7], [2, 8], [4, 5], [3, 6]] def 1 k 3 | t1=0 t2=1 t3p=0 t3h=0 t4=0 t4s2=0 | R13=0 R134=0 R134s2=0 RT=1 RT4=1 RT4s2=1 | t4min 0
X k4_certs_4_pure.json.gz#123 7,63,282,44 [[7], [2, 8], [4, 5], [3, 6]] def 1 k 3 | t1=0 t2=1 t3p=0 t3h=0 t4=0 t4s2=0 | R13=0 R134=0 R134s2=0 RT=1 RT4=1 RT4s2=1 | t4min 0
X k4_certs_4_pure.json.gz#123 7,63,284,44 [[7], [2, 8], [4, 5], [3, 6]] def 1 k 3 | t1=0 t2=1 t3p=0 t3h=0 t4=0 t4s2=0 | R13=0 R134=0 R134s2=0 RT=1 RT4=1 RT4s2=1 | t4min 0
X k4_certs_4_pure.json.gz#123 7,63,285,44 [[7], [2, 8], [4, 5], [3, 6]] def 1 k 3 | t1=0 t2=1 t3p=0 t3h=0 t4=0 t4s2=0 | R13=0 R134=0 R134s2=0 RT=1 RT4=1 RT4s2=1 | t4min 0
X k4_certs_4_pure.json.gz#123 7,63,286,44 [[7], [2, 8], [4, 5], [3, 6]] def 1 k 3 | t1=0 t2=1 t3p=0 t3h=0 t4=0 t4s2=0 | R13=0 R134=0 R134s2=0 RT=1 RT4=1 RT4s2=1 | t4min 0
X k4_certs_4_pure.json.gz#123 7,66,11,44 [[7], [2, 8], [4, 5], [3, 6]] def 1 k 3 | t1=0 t2=1 t3p=0 t3h=0 t4=0 t4s2=0 | R13=0 R134=0 R134s2=0 RT=1 RT4=1 RT4s2=1 | t4min 0
X k4_certs_4_pure.json.gz#123 7,66,13,44 [[7], [2, 8], [4, 5], [3, 6]] def 1 k 3 | t1=0 t2=1 t3p=0 t3h=0 t4=0 t4s2=0 | R13=0 R134=0 R134s2=0 RT=1 RT4=1 RT4s2=1 | t4min 0
X k4_certs_4_pure.json.gz#123 7,66,18,44 [[7], [2, 8], [4, 5], [3, 6]] def 1 k 3 | t1=0 t2=1 t3p=0 t3h=0 t4=0 t4s2=0 | R13=0 R134=0 R134s2=0 RT=1 RT4=1 RT4s2=1 | t4min 0
X k4_certs_4_pure.json.gz#123 7,66,25,44 [[7], [2, 8], [4, 5], [3, 6]] def 1 k 3 | t1=0 t2=1 t3p=0 t3h=0 t4=0 t4s2=0 | R13=0 R134=0 R134s2=0 RT=1 RT4=1 RT4s2=1 | t4min 0
X k4_certs_4_pure.json.gz#123 7,66,47,44 [[7], [2, 8], [4, 5], [3, 6]] def 1 k 3 | t1=0 t2=1 t3p=0 t3h=0 t4=0 t4s2=0 | R13=0 R134=0 R134s2=0 RT=1 RT4=1 RT4s2=1 | t4min 0
X k4_certs_4_pure.json.gz#123 7,66,50,44 [[7], [2, 8], [4, 5], [3, 6]] def 1 k 3 | t1=0 t2=1 t3p=0 t3h=0 t4=0 t4s2=0 | R13=0 R134=0 R134s2=0 RT=1 RT4=1 RT4s2=1 | t4min 0
X k4_certs_4_pure.json.gz#123 7,66,55,44 [[7], [2, 8], [4, 5], [3, 6]] def 1 k 3 | t1=0 t2=1 t3p=0 t3h=0 t4=0 t4s2=0 | R13=0 R134=0 R134s2=0 RT=1 RT4=1 RT4s2=1 | t4min 0
X k4_certs_4_pure.json.gz#123 7,66,67,44 [[7], [2, 8], [4, 5], [3, 6]] def 1 k 3 | t1=0 t2=1 t3p=0 t3h=0 t4=0 t4s2=0 | R13=0 R134=0 R134s2=0 RT=1 RT4=1 RT4s2=1 | t4min 0
X k4_certs_4_pure.json.gz#123 7,66,82,44 [[7], [2, 8], [4, 5], [3, 6]] def 1 k 3 | t1=0 t2=1 t3p=0 t3h=0 t4=0 t4s2=0 | R13=0 R134=0 R134s2=0 RT=1 RT4=1 RT4s2=1 | t4min 0
X k4_certs_4_pure.json.gz#123 7,66,89,44 [[7], [2, 8], [4, 5], [3, 6]] def 1 k 3 | t1=0 t2=1 t3p=0 t3h=0 t4=0 t4s2=0 | R13=0 R134=0 R134s2=0 RT=1 RT4=1 RT4s2=1 | t4min 0
X k4_certs_4_pure.json.gz#123 7,66,92,44 [[7], [2, 8], [4, 5], [3, 6]] def 1 k 3 | t1=0 t2=1 t3p=0 t3h=0 t4=0 t4s2=0 | R13=0 R134=0 R134s2=0 RT=1 RT4=1 RT4s2=1 | t4min 0
X k4_certs_4_pure.json.gz#123 7,66,95,44 [[7], [2, 8], [4, 5], [3, 6]] def 1 k 3 | t1=0 t2=1 t3p=0 t3h=0 t4=0 t4s2=0 | R13=0 R134=0 R134s2=0 RT=1 RT4=1 RT4s2=1 | t4min 0
X k4_certs_4_pure.json.gz#123 7,66,99,44 [[7], [2, 8], [4, 5], [3, 6]] def 1 k 3 | t1=0 t2=1 t3p=0 t3h=0 t4=0 t4s2=0 | R13=0 R134=0 R134s2=0 RT=1 RT4=1 RT4s2=1 | t4min 0
X k4_certs_4_pure.json.gz#123 7,66,100,44 [[7], [2, 8], [4, 5], [3, 6]] def 1 k 3 | t1=0 t2=1 t3p=0 t3h=0 t4=0 t4s2=0 | R13=0 R134=0 R134s2=0 RT=1 RT4=1 RT4s2=1 | t4min 0
X k4_certs_4_pure.json.gz#123 7,66,104,44 [[7], [2, 8], [4, 5], [3, 6]] def 1 k 3 | t1=0 t2=1 t3p=0 t3h=0 t4=0 t4s2=0 | R13=0 R134=0 R134s2=0 RT=1 RT4=1 RT4s2=1 | t4min 0
X k4_certs_4_pure.json.gz#123 7,66,114,44 [[7], [2, 8], [4, 5], [3, 6]] def 1 k 3 | t1=0 t2=1 t3p=0 t3h=0 t4=0 t4s2=0 | R13=0 R134=0 R134s2=0 RT=1 RT4=1 RT4s2=1 | t4min 0
X k4_certs_4_pure.json.gz#123 7,66,128,44 [[7], [2, 8], [4, 5], [3, 6]] def 1 k 3 | t1=0 t2=1 t3p=0 t3h=0 t4=0 t4s2=0 | R13=0 R134=0 R134s2=0 RT=1 RT4=1 RT4s2=1 | t4min 0
X k4_certs_4_pure.json.gz#123 7,66,131,44 [[7], [2, 8], [4, 5], [3, 6]] def 1 k 3 | t1=0 t2=1 t3p=0 t3h=0 t4=0 t4s2=0 | R13=0 R134=0 R134s2=0 RT=1 RT4=1 RT4s2=1 | t4min 0
X k4_certs_4_pure.json.gz#123 7,66,134,44 [[7], [2, 8], [4, 5], [3, 6]] def 1 k 3 | t1=0 t2=1 t3p=0 t3h=0 t4=0 t4s2=0 | R13=0 R134=0 R134s2=0 RT=1 RT4=1 RT4s2=1 | t4min 0
X k4_certs_4_pure.json.gz#123 7,66,135,44 [[7], [2, 8], [4, 5], [3, 6]] def 1 k 3 | t1=0 t2=1 t3p=0 t3h=0 t4=0 t4s2=0 | R13=0 R134=0 R134s2=0 RT=1 RT4=1 RT4s2=1 | t4min 0
X k4_certs_4_pure.json.gz#123 7,66,152,44 [[7], [2, 8], [4, 5], [3, 6]] def 1 k 3 | t1=0 t2=1 t3p=0 t3h=0 t4=0 t4s2=0 | R13=0 R134=0 R134s2=0 RT=1 RT4=1 RT4s2=1 | t4min 0
X k4_certs_4_pure.json.gz#123 7,66,155,44 [[7], [2, 8], [4, 5], [3, 6]] def 1 k 3 | t1=0 t2=1 t3p=0 t3h=0 t4=0 t4s2=0 | R13=0 R134=0 R134s2=0 RT=1 RT4=1 RT4s2=1 | t4min 0
X k4_certs_4_pure.json.gz#123 7,66,160,44 [[7], [2, 8], [4, 5], [3, 6]] def 1 k 3 | t1=0 t2=1 t3p=0 t3h=0 t4=0 t4s2=0 | R13=0 R134=0 R134s2=0 RT=1 RT4=1 RT4s2=1 | t4min 0
X k4_certs_4_pure.json.gz#123 7,66,165,44 [[7], [2, 8], [4, 5], [3, 6]] def 1 k 3 | t1=0 t2=1 t3p=0 t3h=0 t4=0 t4s2=0 | R13=0 R134=0 R134s2=0 RT=1 RT4=1 RT4s2=1 | t4min 0
X k4_certs_4_pure.json.gz#123 7,66,174,44 [[7], [2, 8], [4, 5], [3, 6]] def 1 k 3 | t1=0 t2=1 t3p=0 t3h=0 t4=0 t4s2=0 | R13=0 R134=0 R134s2=0 RT=1 RT4=1 RT4s2=1 | t4min 0
X k4_certs_4_pure.json.gz#123 7,66,192,44 [[7], [2, 8], [4, 5], [3, 6]] def 1 k 3 | t1=0 t2=1 t3p=0 t3h=0 t4=0 t4s2=0 | R13=0 R134=0 R134s2=0 RT=1 RT4=1 RT4s2=1 | t4min 0
X k4_certs_4_pure.json.gz#123 7,66,193,44 [[7], [2, 8], [4, 5], [3, 6]] def 1 k 3 | t1=0 t2=1 t3p=0 t3h=0 t4=0 t4s2=0 | R13=0 R134=0 R134s2=0 RT=1 RT4=1 RT4s2=1 | t4min 0
X k4_certs_4_pure.json.gz#123 7,66,198,44 [[7], [2, 8], [4, 5], [3, 6]] def 1 k 3 | t1=0 t2=1 t3p=0 t3h=0 t4=0 t4s2=0 | R13=0 R134=0 R134s2=0 RT=1 RT4=1 RT4s2=1 | t4min 0
X k4_certs_4_pure.json.gz#123 7,66,201,44 [[7], [2, 8], [4, 5], [3, 6]] def 1 k 3 | t1=0 t2=1 t3p=0 t3h=0 t4=0 t4s2=0 | R13=0 R134=0 R134s2=0 RT=1 RT4=1 RT4s2=1 | t4min 0
X k4_certs_4_pure.json.gz#123 7,66,217,44 [[7], [2, 8], [4, 5], [3, 6]] def 1 k 3 | t1=0 t2=1 t3p=0 t3h=0 t4=0 t4s2=0 | R13=0 R134=0 R134s2=0 RT=1 RT4=1 RT4s2=1 | t4min 0
X k4_certs_4_pure.json.gz#123 7,66,222,44 [[7], [2, 8], [4, 5], [3, 6]] def 1 k 3 | t1=0 t2=1 t3p=0 t3h=0 t4=0 t4s2=0 | R13=0 R134=0 R134s2=0 RT=1 RT4=1 RT4s2=1 | t4min 0
X k4_certs_4_pure.json.gz#123 7,66,233,44 [[7], [2, 8], [4, 5], [3, 6]] def 1 k 3 | t1=0 t2=1 t3p=0 t3h=0 t4=0 t4s2=0 | R13=0 R134=0 R134s2=0 RT=1 RT4=1 RT4s2=1 | t4min 0
X k4_certs_4_pure.json.gz#123 7,66,234,44 [[7], [2, 8], [4, 5], [3, 6]] def 1 k 3 | t1=0 t2=1 t3p=0 t3h=0 t4=0 t4s2=0 | R13=0 R134=0 R134s2=0 RT=1 RT4=1 RT4s2=1 | t4min 0
X k4_certs_4_pure.json.gz#123 7,66,236,44 [[7], [2, 8], [4, 5], [3, 6]] def 1 k 3 | t1=0 t2=1 t3p=0 t3h=0 t4=0 t4s2=0 | R13=0 R134=0 R134s2=0 RT=1 RT4=1 RT4s2=1 | t4min 0
X k4_certs_4_pure.json.gz#123 7,66,237,44 [[7], [2, 8], [4, 5], [3, 6]] def 1 k 3 | t1=0 t2=1 t3p=0 t3h=0 t4=0 t4s2=0 | R13=0 R134=0 R134s2=0 RT=1 RT4=1 RT4s2=1 | t4min 0
X k4_certs_4_pure.json.gz#123 7,66,241,44 [[7], [2, 8], [4, 5], [3, 6]] def 1 k 3 | t1=0 t2=1 t3p=0 t3h=0 t4=0 t4s2=0 | R13=0 R134=0 R134s2=0 RT=1 RT4=1 RT4s2=1 | t4min 0
X k4_certs_4_pure.json.gz#123 7,66,242,44 [[7], [2, 8], [4, 5], [3, 6]] def 1 k 3 | t1=0 t2=1 t3p=0 t3h=0 t4=0 t4s2=0 | R13=0 R134=0 R134s2=0 RT=1 RT4=1 RT4s2=1 | t4min 0
X k4_certs_4_pure.json.gz#123 7,66,243,44 [[7], [2, 8], [4, 5], [3, 6]] def 1 k 3 | t1=0 t2=1 t3p=0 t3h=0 t4=0 t4s2=0 | R13=0 R134=0 R134s2=0 RT=1 RT4=1 RT4s2=1 | t4min 0
X k4_certs_4_pure.json.gz#123 7,66,245,44 [[7], [2, 8], [4, 5], [3, 6]] def 1 k 3 | t1=0 t2=1 t3p=0 t3h=0 t4=0 t4s2=0 | R13=0 R134=0 R134s2=0 RT=1 RT4=1 RT4s2=1 | t4min 0
X k4_certs_4_pure.json.gz#123 7,66,248,44 [[7], [2, 8], [4, 5], [3, 6]] def 1 k 3 | t1=0 t2=1 t3p=0 t3h=0 t4=0 t4s2=0 | R13=0 R134=0 R134s2=0 RT=1 RT4=1 RT4s2=1 | t4min 0
X k4_certs_4_pure.json.gz#123 7,66,249,44 [[7], [2, 8], [4, 5], [3, 6]] def 1 k 3 | t1=0 t2=1 t3p=0 t3h=0 t4=0 t4s2=0 | R13=0 R134=0 R134s2=0 RT=1 RT4=1 RT4s2=1 | t4min 0
X k4_certs_4_pure.json.gz#123 7,66,250,44 [[7], [2, 8], [4, 5], [3, 6]] def 1 k 3 | t1=0 t2=1 t3p=0 t3h=0 t4=0 t4s2=0 | R13=0 R134=0 R134s2=0 RT=1 RT4=1 RT4s2=1 | t4min 0
X k4_certs_4_pure.json.gz#123 7,66,252,44 [[7], [2, 8], [4, 5], [3, 6]] def 1 k 3 | t1=0 t2=1 t3p=0 t3h=0 t4=0 t4s2=0 | R13=0 R134=0 R134s2=0 RT=1 RT4=1 RT4s2=1 | t4min 0
X k4_certs_4_pure.json.gz#123 7,66,268,44 [[7], [2, 8], [4, 5], [3, 6]] def 1 k 3 | t1=0 t2=1 t3p=0 t3h=0 t4=0 t4s2=0 | R13=0 R134=0 R134s2=0 RT=1 RT4=1 RT4s2=1 | t4min 0
X k4_certs_4_pure.json.gz#123 7,66,269,44 [[7], [2, 8], [4, 5], [3, 6]] def 1 k 3 | t1=0 t2=1 t3p=0 t3h=0 t4=0 t4s2=0 | R13=0 R134=0 R134s2=0 RT=1 RT4=1 RT4s2=1 | t4min 0
X k4_certs_4_pure.json.gz#123 7,66,272,44 [[7], [2, 8], [4, 5], [3, 6]] def 1 k 3 | t1=0 t2=1 t3p=0 t3h=0 t4=0 t4s2=0 | R13=0 R134=0 R134s2=0 RT=1 RT4=1 RT4s2=1 | t4min 0
X k4_certs_4_pure.json.gz#123 7,66,273,44 [[7], [2, 8], [4, 5], [3, 6]] def 1 k 3 | t1=0 t2=1 t3p=0 t3h=0 t4=0 t4s2=0 | R13=0 R134=0 R134s2=0 RT=1 RT4=1 RT4s2=1 | t4min 0
X k4_certs_4_pure.json.gz#123 7,66,282,44 [[7], [2, 8], [4, 5], [3, 6]] def 1 k 3 | t1=0 t2=1 t3p=0 t3h=0 t4=0 t4s2=0 | R13=0 R134=0 R134s2=0 RT=1 RT4=1 RT4s2=1 | t4min 0
X k4_certs_4_pure.json.gz#123 7,66,284,44 [[7], [2, 8], [4, 5], [3, 6]] def 1 k 3 | t1=0 t2=1 t3p=0 t3h=0 t4=0 t4s2=0 | R13=0 R134=0 R134s2=0 RT=1 RT4=1 RT4s2=1 | t4min 0
X k4_certs_4_pure.json.gz#123 7,66,285,44 [[7], [2, 8], [4, 5], [3, 6]] def 1 k 3 | t1=0 t2=1 t3p=0 t3h=0 t4=0 t4s2=0 | R13=0 R134=0 R134s2=0 RT=1 RT4=1 RT4s2=1 | t4min 0
X k4_certs_4_pure.json.gz#123 7,66,286,44 [[7], [2, 8], [4, 5], [3, 6]] def 1 k 3 | t1=0 t2=1 t3p=0 t3h=0 t4=0 t4s2=0 | R13=0 R134=0 R134s2=0 RT=1 RT4=1 RT4s2=1 | t4min 0
X k4_certs_4_pure.json.gz#123 7,73,11,44 [[7], [2, 8], [4, 5], [3, 6]] def 1 k 3 | t1=0 t2=1 t3p=0 t3h=0 t4=0 t4s2=0 | R13=0 R134=0 R134s2=0 RT=1 RT4=1 RT4s2=1 | t4min 0
X k4_certs_4_pure.json.gz#123 7,73,13,44 [[7], [2, 8], [4, 5], [3, 6]] def 1 k 3 | t1=0 t2=1 t3p=0 t3h=0 t4=0 t4s2=0 | R13=0 R134=0 R134s2=0 RT=1 RT4=1 RT4s2=1 | t4min 0
X k4_certs_4_pure.json.gz#123 7,73,18,44 [[7], [2, 8], [4, 5], [3, 6]] def 1 k 3 | t1=0 t2=1 t3p=0 t3h=0 t4=0 t4s2=0 | R13=0 R134=0 R134s2=0 RT=1 RT4=1 RT4s2=1 | t4min 0
X k4_certs_4_pure.json.gz#123 7,73,25,44 [[7], [2, 8], [4, 5], [3, 6]] def 1 k 3 | t1=0 t2=1 t3p=0 t3h=0 t4=0 t4s2=0 | R13=0 R134=0 R134s2=0 RT=1 RT4=1 RT4s2=1 | t4min 0
X k4_certs_4_pure.json.gz#123 7,73,47,44 [[7], [2, 8], [4, 5], [3, 6]] def 1 k 3 | t1=0 t2=1 t3p=0 t3h=0 t4=0 t4s2=0 | R13=0 R134=0 R134s2=0 RT=1 RT4=1 RT4s2=1 | t4min 0
X k4_certs_4_pure.json.gz#123 7,73,50,44 [[7], [2, 8], [4, 5], [3, 6]] def 1 k 3 | t1=0 t2=1 t3p=0 t3h=0 t4=0 t4s2=0 | R13=0 R134=0 R134s2=0 RT=1 RT4=1 RT4s2=1 | t4min 0
X k4_certs_4_pure.json.gz#123 7,73,55,44 [[7], [2, 8], [4, 5], [3, 6]] def 1 k 3 | t1=0 t2=1 t3p=0 t3h=0 t4=0 t4s2=0 | R13=0 R134=0 R134s2=0 RT=1 RT4=1 RT4s2=1 | t4min 0
X k4_certs_4_pure.json.gz#123 7,73,67,44 [[7], [2, 8], [4, 5], [3, 6]] def 1 k 3 | t1=0 t2=1 t3p=0 t3h=0 t4=0 t4s2=0 | R13=0 R134=0 R134s2=0 RT=1 RT4=1 RT4s2=1 | t4min 0
X k4_certs_4_pure.json.gz#123 7,73,82,44 [[7], [2, 8], [4, 5], [3, 6]] def 1 k 3 | t1=0 t2=1 t3p=0 t3h=0 t4=0 t4s2=0 | R13=0 R134=0 R134s2=0 RT=1 RT4=1 RT4s2=1 | t4min 0
X k4_certs_4_pure.json.gz#123 7,73,89,44 [[7], [2, 8], [4, 5], [3, 6]] def 1 k 3 | t1=0 t2=1 t3p=0 t3h=0 t4=0 t4s2=0 | R13=0 R134=0 R134s2=0 RT=1 RT4=1 RT4s2=1 | t4min 0
X k4_certs_4_pure.json.gz#123 7,73,92,44 [[7], [2, 8], [4, 5], [3, 6]] def 1 k 3 | t1=0 t2=1 t3p=0 t3h=0 t4=0 t4s2=0 | R13=0 R134=0 R134s2=0 RT=1 RT4=1 RT4s2=1 | t4min 0
X k4_certs_4_pure.json.gz#123 7,73,95,44 [[7], [2, 8], [4, 5], [3, 6]] def 1 k 3 | t1=0 t2=1 t3p=0 t3h=0 t4=0 t4s2=0 | R13=0 R134=0 R134s2=0 RT=1 RT4=1 RT4s2=1 | t4min 0
X k4_certs_4_pure.json.gz#123 7,73,99,44 [[7], [2, 8], [4, 5], [3, 6]] def 1 k 3 | t1=0 t2=1 t3p=0 t3h=0 t4=0 t4s2=0 | R13=0 R134=0 R134s2=0 RT=1 RT4=1 RT4s2=1 | t4min 0
X k4_certs_4_pure.json.gz#123 7,73,100,44 [[7], [2, 8], [4, 5], [3, 6]] def 1 k 3 | t1=0 t2=1 t3p=0 t3h=0 t4=0 t4s2=0 | R13=0 R134=0 R134s2=0 RT=1 RT4=1 RT4s2=1 | t4min 0
X k4_certs_4_pure.json.gz#123 7,73,104,44 [[7], [2, 8], [4, 5], [3, 6]] def 1 k 3 | t1=0 t2=1 t3p=0 t3h=0 t4=0 t4s2=0 | R13=0 R134=0 R134s2=0 RT=1 RT4=1 RT4s2=1 | t4min 0
X k4_certs_4_pure.json.gz#123 7,73,114,44 [[7], [2, 8], [4, 5], [3, 6]] def 1 k 3 | t1=0 t2=1 t3p=0 t3h=0 t4=0 t4s2=0 | R13=0 R134=0 R134s2=0 RT=1 RT4=1 RT4s2=1 | t4min 0
X k4_certs_4_pure.json.gz#123 7,73,128,44 [[7], [2, 8], [4, 5], [3, 6]] def 1 k 3 | t1=0 t2=1 t3p=0 t3h=0 t4=0 t4s2=0 | R13=0 R134=0 R134s2=0 RT=1 RT4=1 RT4s2=1 | t4min 0
X k4_certs_4_pure.json.gz#123 7,73,131,44 [[7], [2, 8], [4, 5], [3, 6]] def 1 k 3 | t1=0 t2=1 t3p=0 t3h=0 t4=0 t4s2=0 | R13=0 R134=0 R134s2=0 RT=1 RT4=1 RT4s2=1 | t4min 0
X k4_certs_4_pure.json.gz#123 7,73,134,44 [[7], [2, 8], [4, 5], [3, 6]] def 1 k 3 | t1=0 t2=1 t3p=0 t3h=0 t4=0 t4s2=0 | R13=0 R134=0 R134s2=0 RT=1 RT4=1 RT4s2=1 | t4min 0
X k4_certs_4_pure.json.gz#123 7,73,135,44 [[7], [2, 8], [4, 5], [3, 6]] def 1 k 3 | t1=0 t2=1 t3p=0 t3h=0 t4=0 t4s2=0 | R13=0 R134=0 R134s2=0 RT=1 RT4=1 RT4s2=1 | t4min 0
X k4_certs_4_pure.json.gz#123 7,73,152,44 [[7], [2, 8], [4, 5], [3, 6]] def 1 k 3 | t1=0 t2=1 t3p=0 t3h=0 t4=0 t4s2=0 | R13=0 R134=0 R134s2=0 RT=1 RT4=1 RT4s2=1 | t4min 0
X k4_certs_4_pure.json.gz#123 7,73,155,44 [[7], [2, 8], [4, 5], [3, 6]] def 1 k 3 | t1=0 t2=1 t3p=0 t3h=0 t4=0 t4s2=0 | R13=0 R134=0 R134s2=0 RT=1 RT4=1 RT4s2=1 | t4min 0
X k4_certs_4_pure.json.gz#123 7,73,160,44 [[7], [2, 8], [4, 5], [3, 6]] def 1 k 3 | t1=0 t2=1 t3p=0 t3h=0 t4=0 t4s2=0 | R13=0 R134=0 R134s2=0 RT=1 RT4=1 RT4s2=1 | t4min 0
X k4_certs_4_pure.json.gz#123 7,73,165,44 [[7], [2, 8], [4, 5], [3, 6]] def 1 k 3 | t1=0 t2=1 t3p=0 t3h=0 t4=0 t4s2=0 | R13=0 R134=0 R134s2=0 RT=1 RT4=1 RT4s2=1 | t4min 0
X k4_certs_4_pure.json.gz#123 7,73,174,44 [[7], [2, 8], [4, 5], [3, 6]] def 1 k 3 | t1=0 t2=1 t3p=0 t3h=0 t4=0 t4s2=0 | R13=0 R134=0 R134s2=0 RT=1 RT4=1 RT4s2=1 | t4min 0
X k4_certs_4_pure.json.gz#123 7,73,192,44 [[7], [2, 8], [4, 5], [3, 6]] def 1 k 3 | t1=0 t2=1 t3p=0 t3h=0 t4=0 t4s2=0 | R13=0 R134=0 R134s2=0 RT=1 RT4=1 RT4s2=1 | t4min 0
X k4_certs_4_pure.json.gz#123 7,73,193,44 [[7], [2, 8], [4, 5], [3, 6]] def 1 k 3 | t1=0 t2=1 t3p=0 t3h=0 t4=0 t4s2=0 | R13=0 R134=0 R134s2=0 RT=1 RT4=1 RT4s2=1 | t4min 0
X k4_certs_4_pure.json.gz#123 7,73,198,44 [[7], [2, 8], [4, 5], [3, 6]] def 1 k 3 | t1=0 t2=1 t3p=0 t3h=0 t4=0 t4s2=0 | R13=0 R134=0 R134s2=0 RT=1 RT4=1 RT4s2=1 | t4min 0
X k4_certs_4_pure.json.gz#123 7,73,201,44 [[7], [2, 8], [4, 5], [3, 6]] def 1 k 3 | t1=0 t2=1 t3p=0 t3h=0 t4=0 t4s2=0 | R13=0 R134=0 R134s2=0 RT=1 RT4=1 RT4s2=1 | t4min 0
X k4_certs_4_pure.json.gz#123 7,73,217,44 [[7], [2, 8], [4, 5], [3, 6]] def 1 k 3 | t1=0 t2=1 t3p=0 t3h=0 t4=0 t4s2=0 | R13=0 R134=0 R134s2=0 RT=1 RT4=1 RT4s2=1 | t4min 0
X k4_certs_4_pure.json.gz#123 7,73,222,44 [[7], [2, 8], [4, 5], [3, 6]] def 1 k 3 | t1=0 t2=1 t3p=0 t3h=0 t4=0 t4s2=0 | R13=0 R134=0 R134s2=0 RT=1 RT4=1 RT4s2=1 | t4min 0
X k4_certs_4_pure.json.gz#123 7,73,233,44 [[7], [2, 8], [4, 5], [3, 6]] def 1 k 3 | t1=0 t2=1 t3p=0 t3h=0 t4=0 t4s2=0 | R13=0 R134=0 R134s2=0 RT=1 RT4=1 RT4s2=1 | t4min 0
X k4_certs_4_pure.json.gz#123 7,73,234,44 [[7], [2, 8], [4, 5], [3, 6]] def 1 k 3 | t1=0 t2=1 t3p=0 t3h=0 t4=0 t4s2=0 | R13=0 R134=0 R134s2=0 RT=1 RT4=1 RT4s2=1 | t4min 0
X k4_certs_4_pure.json.gz#123 7,73,236,44 [[7], [2, 8], [4, 5], [3, 6]] def 1 k 3 | t1=0 t2=1 t3p=0 t3h=0 t4=0 t4s2=0 | R13=0 R134=0 R134s2=0 RT=1 RT4=1 RT4s2=1 | t4min 0
X k4_certs_4_pure.json.gz#123 7,73,237,44 [[7], [2, 8], [4, 5], [3, 6]] def 1 k 3 | t1=0 t2=1 t3p=0 t3h=0 t4=0 t4s2=0 | R13=0 R134=0 R134s2=0 RT=1 RT4=1 RT4s2=1 | t4min 0
X k4_certs_4_pure.json.gz#123 7,73,241,44 [[7], [2, 8], [4, 5], [3, 6]] def 1 k 3 | t1=0 t2=1 t3p=0 t3h=0 t4=0 t4s2=0 | R13=0 R134=0 R134s2=0 RT=1 RT4=1 RT4s2=1 | t4min 0
X k4_certs_4_pure.json.gz#123 7,73,242,44 [[7], [2, 8], [4, 5], [3, 6]] def 1 k 3 | t1=0 t2=1 t3p=0 t3h=0 t4=0 t4s2=0 | R13=0 R134=0 R134s2=0 RT=1 RT4=1 RT4s2=1 | t4min 0
X k4_certs_4_pure.json.gz#123 7,73,243,44 [[7], [2, 8], [4, 5], [3, 6]] def 1 k 3 | t1=0 t2=1 t3p=0 t3h=0 t4=0 t4s2=0 | R13=0 R134=0 R134s2=0 RT=1 RT4=1 RT4s2=1 | t4min 0
X k4_certs_4_pure.json.gz#123 7,73,245,44 [[7], [2, 8], [4, 5], [3, 6]] def 1 k 3 | t1=0 t2=1 t3p=0 t3h=0 t4=0 t4s2=0 | R13=0 R134=0 R134s2=0 RT=1 RT4=1 RT4s2=1 | t4min 0
X k4_certs_4_pure.json.gz#123 7,73,248,44 [[7], [2, 8], [4, 5], [3, 6]] def 1 k 3 | t1=0 t2=1 t3p=0 t3h=0 t4=0 t4s2=0 | R13=0 R134=0 R134s2=0 RT=1 RT4=1 RT4s2=1 | t4min 0
X k4_certs_4_pure.json.gz#123 7,73,249,44 [[7], [2, 8], [4, 5], [3, 6]] def 1 k 3 | t1=0 t2=1 t3p=0 t3h=0 t4=0 t4s2=0 | R13=0 R134=0 R134s2=0 RT=1 RT4=1 RT4s2=1 | t4min 0
X k4_certs_4_pure.json.gz#123 7,73,250,44 [[7], [2, 8], [4, 5], [3, 6]] def 1 k 3 | t1=0 t2=1 t3p=0 t3h=0 t4=0 t4s2=0 | R13=0 R134=0 R134s2=0 RT=1 RT4=1 RT4s2=1 | t4min 0
X k4_certs_4_pure.json.gz#123 7,73,252,44 [[7], [2, 8], [4, 5], [3, 6]] def 1 k 3 | t1=0 t2=1 t3p=0 t3h=0 t4=0 t4s2=0 | R13=0 R134=0 R134s2=0 RT=1 RT4=1 RT4s2=1 | t4min 0
X k4_certs_4_pure.json.gz#123 7,73,268,44 [[7], [2, 8], [4, 5], [3, 6]] def 1 k 3 | t1=0 t2=1 t3p=0 t3h=0 t4=0 t4s2=0 | R13=0 R134=0 R134s2=0 RT=1 RT4=1 RT4s2=1 | t4min 0
X k4_certs_4_pure.json.gz#123 7,73,269,44 [[7], [2, 8], [4, 5], [3, 6]] def 1 k 3 | t1=0 t2=1 t3p=0 t3h=0 t4=0 t4s2=0 | R13=0 R134=0 R134s2=0 RT=1 RT4=1 RT4s2=1 | t4min 0
X k4_certs_4_pure.json.gz#123 7,73,272,44 [[7], [2, 8], [4, 5], [3, 6]] def 1 k 3 | t1=0 t2=1 t3p=0 t3h=0 t4=0 t4s2=0 | R13=0 R134=0 R134s2=0 RT=1 RT4=1 RT4s2=1 | t4min 0
X k4_certs_4_pure.json.gz#123 7,73,273,44 [[7], [2, 8], [4, 5], [3, 6]] def 1 k 3 | t1=0 t2=1 t3p=0 t3h=0 t4=0 t4s2=0 | R13=0 R134=0 R134s2=0 RT=1 RT4=1 RT4s2=1 | t4min 0
X k4_certs_4_pure.json.gz#123 7,73,282,44 [[7], [2, 8], [4, 5], [3, 6]] def 1 k 3 | t1=0 t2=1 t3p=0 t3h=0 t4=0 t4s2=0 | R13=0 R134=0 R134s2=0 RT=1 RT4=1 RT4s2=1 | t4min 0
X k4_certs_4_pure.json.gz#123 7,73,284,44 [[7], [2, 8], [4, 5], [3, 6]] def 1 k 3 | t1=0 t2=1 t3p=0 t3h=0 t4=0 t4s2=0 | R13=0 R134=0 R134s2=0 RT=1 RT4=1 RT4s2=1 | t4min 0
X k4_certs_4_pure.json.gz#123 7,73,285,44 [[7], [2, 8], [4, 5], [3, 6]] def 1 k 3 | t1=0 t2=1 t3p=0 t3h=0 t4=0 t4s2=0 | R13=0 R134=0 R134s2=0 RT=1 RT4=1 RT4s2=1 | t4min 0
X k4_certs_4_pure.json.gz#123 7,73,286,44 [[7], [2, 8], [4, 5], [3, 6]] def 1 k 3 | t1=0 t2=1 t3p=0 t3h=0 t4=0 t4s2=0 | R13=0 R134=0 R134s2=0 RT=1 RT4=1 RT4s2=1 | t4min 0
X k4_certs_4_pure.json.gz#123 7,75,11,44 [[7], [2, 8], [4, 5], [3, 6]] def 1 k 3 | t1=0 t2=1 t3p=0 t3h=0 t4=0 t4s2=0 | R13=0 R134=0 R134s2=0 RT=1 RT4=1 RT4s2=1 | t4min 0
X k4_certs_4_pure.json.gz#123 7,75,13,44 [[7], [2, 8], [4, 5], [3, 6]] def 1 k 3 | t1=0 t2=1 t3p=0 t3h=0 t4=0 t4s2=0 | R13=0 R134=0 R134s2=0 RT=1 RT4=1 RT4s2=1 | t4min 0
X k4_certs_4_pure.json.gz#123 7,75,18,44 [[7], [2, 8], [4, 5], [3, 6]] def 1 k 3 | t1=0 t2=1 t3p=0 t3h=0 t4=0 t4s2=0 | R13=0 R134=0 R134s2=0 RT=1 RT4=1 RT4s2=1 | t4min 0
X k4_certs_4_pure.json.gz#123 7,75,25,44 [[7], [2, 8], [4, 5], [3, 6]] def 1 k 3 | t1=0 t2=1 t3p=0 t3h=0 t4=0 t4s2=0 | R13=0 R134=0 R134s2=0 RT=1 RT4=1 RT4s2=1 | t4min 0
X k4_certs_4_pure.json.gz#123 7,75,47,44 [[7], [2, 8], [4, 5], [3, 6]] def 1 k 3 | t1=0 t2=1 t3p=0 t3h=0 t4=0 t4s2=0 | R13=0 R134=0 R134s2=0 RT=1 RT4=1 RT4s2=1 | t4min 0
X k4_certs_4_pure.json.gz#123 7,75,50,44 [[7], [2, 8], [4, 5], [3, 6]] def 1 k 3 | t1=0 t2=1 t3p=0 t3h=0 t4=0 t4s2=0 | R13=0 R134=0 R134s2=0 RT=1 RT4=1 RT4s2=1 | t4min 0
X k4_certs_4_pure.json.gz#123 7,75,55,44 [[7], [2, 8], [4, 5], [3, 6]] def 1 k 3 | t1=0 t2=1 t3p=0 t3h=0 t4=0 t4s2=0 | R13=0 R134=0 R134s2=0 RT=1 RT4=1 RT4s2=1 | t4min 0
X k4_certs_4_pure.json.gz#123 7,75,67,44 [[7], [2, 8], [4, 5], [3, 6]] def 1 k 3 | t1=0 t2=1 t3p=0 t3h=0 t4=0 t4s2=0 | R13=0 R134=0 R134s2=0 RT=1 RT4=1 RT4s2=1 | t4min 0
X k4_certs_4_pure.json.gz#123 7,75,82,44 [[7], [2, 8], [4, 5], [3, 6]] def 1 k 3 | t1=0 t2=1 t3p=0 t3h=0 t4=0 t4s2=0 | R13=0 R134=0 R134s2=0 RT=1 RT4=1 RT4s2=1 | t4min 0
X k4_certs_4_pure.json.gz#123 7,75,89,44 [[7], [2, 8], [4, 5], [3, 6]] def 1 k 3 | t1=0 t2=1 t3p=0 t3h=0 t4=0 t4s2=0 | R13=0 R134=0 R134s2=0 RT=1 RT4=1 RT4s2=1 | t4min 0
X k4_certs_4_pure.json.gz#123 7,75,92,44 [[7], [2, 8], [4, 5], [3, 6]] def 1 k 3 | t1=0 t2=1 t3p=0 t3h=0 t4=0 t4s2=0 | R13=0 R134=0 R134s2=0 RT=1 RT4=1 RT4s2=1 | t4min 0
X k4_certs_4_pure.json.gz#123 7,75,95,44 [[7], [2, 8], [4, 5], [3, 6]] def 1 k 3 | t1=0 t2=1 t3p=0 t3h=0 t4=0 t4s2=0 | R13=0 R134=0 R134s2=0 RT=1 RT4=1 RT4s2=1 | t4min 0
X k4_certs_4_pure.json.gz#123 7,75,99,44 [[7], [2, 8], [4, 5], [3, 6]] def 1 k 3 | t1=0 t2=1 t3p=0 t3h=0 t4=0 t4s2=0 | R13=0 R134=0 R134s2=0 RT=1 RT4=1 RT4s2=1 | t4min 0
X k4_certs_4_pure.json.gz#123 7,75,100,44 [[7], [2, 8], [4, 5], [3, 6]] def 1 k 3 | t1=0 t2=1 t3p=0 t3h=0 t4=0 t4s2=0 | R13=0 R134=0 R134s2=0 RT=1 RT4=1 RT4s2=1 | t4min 0
X k4_certs_4_pure.json.gz#123 7,75,104,44 [[7], [2, 8], [4, 5], [3, 6]] def 1 k 3 | t1=0 t2=1 t3p=0 t3h=0 t4=0 t4s2=0 | R13=0 R134=0 R134s2=0 RT=1 RT4=1 RT4s2=1 | t4min 0
X k4_certs_4_pure.json.gz#123 7,75,114,44 [[7], [2, 8], [4, 5], [3, 6]] def 1 k 3 | t1=0 t2=1 t3p=0 t3h=0 t4=0 t4s2=0 | R13=0 R134=0 R134s2=0 RT=1 RT4=1 RT4s2=1 | t4min 0
X k4_certs_4_pure.json.gz#123 7,75,128,44 [[7], [2, 8], [4, 5], [3, 6]] def 1 k 3 | t1=0 t2=1 t3p=0 t3h=0 t4=0 t4s2=0 | R13=0 R134=0 R134s2=0 RT=1 RT4=1 RT4s2=1 | t4min 0
X k4_certs_4_pure.json.gz#123 7,75,131,44 [[7], [2, 8], [4, 5], [3, 6]] def 1 k 3 | t1=0 t2=1 t3p=0 t3h=0 t4=0 t4s2=0 | R13=0 R134=0 R134s2=0 RT=1 RT4=1 RT4s2=1 | t4min 0
X k4_certs_4_pure.json.gz#123 7,75,134,44 [[7], [2, 8], [4, 5], [3, 6]] def 1 k 3 | t1=0 t2=1 t3p=0 t3h=0 t4=0 t4s2=0 | R13=0 R134=0 R134s2=0 RT=1 RT4=1 RT4s2=1 | t4min 0
X k4_certs_4_pure.json.gz#123 7,75,135,44 [[7], [2, 8], [4, 5], [3, 6]] def 1 k 3 | t1=0 t2=1 t3p=0 t3h=0 t4=0 t4s2=0 | R13=0 R134=0 R134s2=0 RT=1 RT4=1 RT4s2=1 | t4min 0
X k4_certs_4_pure.json.gz#123 7,75,152,44 [[7], [2, 8], [4, 5], [3, 6]] def 1 k 3 | t1=0 t2=1 t3p=0 t3h=0 t4=0 t4s2=0 | R13=0 R134=0 R134s2=0 RT=1 RT4=1 RT4s2=1 | t4min 0
X k4_certs_4_pure.json.gz#123 7,75,155,44 [[7], [2, 8], [4, 5], [3, 6]] def 1 k 3 | t1=0 t2=1 t3p=0 t3h=0 t4=0 t4s2=0 | R13=0 R134=0 R134s2=0 RT=1 RT4=1 RT4s2=1 | t4min 0
X k4_certs_4_pure.json.gz#123 7,75,160,44 [[7], [2, 8], [4, 5], [3, 6]] def 1 k 3 | t1=0 t2=1 t3p=0 t3h=0 t4=0 t4s2=0 | R13=0 R134=0 R134s2=0 RT=1 RT4=1 RT4s2=1 | t4min 0
X k4_certs_4_pure.json.gz#123 7,75,165,44 [[7], [2, 8], [4, 5], [3, 6]] def 1 k 3 | t1=0 t2=1 t3p=0 t3h=0 t4=0 t4s2=0 | R13=0 R134=0 R134s2=0 RT=1 RT4=1 RT4s2=1 | t4min 0
X k4_certs_4_pure.json.gz#123 7,75,174,44 [[7], [2, 8], [4, 5], [3, 6]] def 1 k 3 | t1=0 t2=1 t3p=0 t3h=0 t4=0 t4s2=0 | R13=0 R134=0 R134s2=0 RT=1 RT4=1 RT4s2=1 | t4min 0
X k4_certs_4_pure.json.gz#123 7,75,192,44 [[7], [2, 8], [4, 5], [3, 6]] def 1 k 3 | t1=0 t2=1 t3p=0 t3h=0 t4=0 t4s2=0 | R13=0 R134=0 R134s2=0 RT=1 RT4=1 RT4s2=1 | t4min 0
X k4_certs_4_pure.json.gz#123 7,75,193,44 [[7], [2, 8], [4, 5], [3, 6]] def 1 k 3 | t1=0 t2=1 t3p=0 t3h=0 t4=0 t4s2=0 | R13=0 R134=0 R134s2=0 RT=1 RT4=1 RT4s2=1 | t4min 0
X k4_certs_4_pure.json.gz#123 7,75,198,44 [[7], [2, 8], [4, 5], [3, 6]] def 1 k 3 | t1=0 t2=1 t3p=0 t3h=0 t4=0 t4s2=0 | R13=0 R134=0 R134s2=0 RT=1 RT4=1 RT4s2=1 | t4min 0
X k4_certs_4_pure.json.gz#123 7,75,201,44 [[7], [2, 8], [4, 5], [3, 6]] def 1 k 3 | t1=0 t2=1 t3p=0 t3h=0 t4=0 t4s2=0 | R13=0 R134=0 R134s2=0 RT=1 RT4=1 RT4s2=1 | t4min 0
X k4_certs_4_pure.json.gz#123 7,75,217,44 [[7], [2, 8], [4, 5], [3, 6]] def 1 k 3 | t1=0 t2=1 t3p=0 t3h=0 t4=0 t4s2=0 | R13=0 R134=0 R134s2=0 RT=1 RT4=1 RT4s2=1 | t4min 0
X k4_certs_4_pure.json.gz#123 7,75,222,44 [[7], [2, 8], [4, 5], [3, 6]] def 1 k 3 | t1=0 t2=1 t3p=0 t3h=0 t4=0 t4s2=0 | R13=0 R134=0 R134s2=0 RT=1 RT4=1 RT4s2=1 | t4min 0
X k4_certs_4_pure.json.gz#123 7,75,233,44 [[7], [2, 8], [4, 5], [3, 6]] def 1 k 3 | t1=0 t2=1 t3p=0 t3h=0 t4=0 t4s2=0 | R13=0 R134=0 R134s2=0 RT=1 RT4=1 RT4s2=1 | t4min 0
X k4_certs_4_pure.json.gz#123 7,75,234,44 [[7], [2, 8], [4, 5], [3, 6]] def 1 k 3 | t1=0 t2=1 t3p=0 t3h=0 t4=0 t4s2=0 | R13=0 R134=0 R134s2=0 RT=1 RT4=1 RT4s2=1 | t4min 0
X k4_certs_4_pure.json.gz#123 7,75,236,44 [[7], [2, 8], [4, 5], [3, 6]] def 1 k 3 | t1=0 t2=1 t3p=0 t3h=0 t4=0 t4s2=0 | R13=0 R134=0 R134s2=0 RT=1 RT4=1 RT4s2=1 | t4min 0
X k4_certs_4_pure.json.gz#123 7,75,237,44 [[7], [2, 8], [4, 5], [3, 6]] def 1 k 3 | t1=0 t2=1 t3p=0 t3h=0 t4=0 t4s2=0 | R13=0 R134=0 R134s2=0 RT=1 RT4=1 RT4s2=1 | t4min 0
X k4_certs_4_pure.json.gz#123 7,75,241,44 [[7], [2, 8], [4, 5], [3, 6]] def 1 k 3 | t1=0 t2=1 t3p=0 t3h=0 t4=0 t4s2=0 | R13=0 R134=0 R134s2=0 RT=1 RT4=1 RT4s2=1 | t4min 0
X k4_certs_4_pure.json.gz#123 7,75,242,44 [[7], [2, 8], [4, 5], [3, 6]] def 1 k 3 | t1=0 t2=1 t3p=0 t3h=0 t4=0 t4s2=0 | R13=0 R134=0 R134s2=0 RT=1 RT4=1 RT4s2=1 | t4min 0
X k4_certs_4_pure.json.gz#123 7,75,243,44 [[7], [2, 8], [4, 5], [3, 6]] def 1 k 3 | t1=0 t2=1 t3p=0 t3h=0 t4=0 t4s2=0 | R13=0 R134=0 R134s2=0 RT=1 RT4=1 RT4s2=1 | t4min 0
X k4_certs_4_pure.json.gz#123 7,75,245,44 [[7], [2, 8], [4, 5], [3, 6]] def 1 k 3 | t1=0 t2=1 t3p=0 t3h=0 t4=0 t4s2=0 | R13=0 R134=0 R134s2=0 RT=1 RT4=1 RT4s2=1 | t4min 0
X k4_certs_4_pure.json.gz#123 7,75,248,44 [[7], [2, 8], [4, 5], [3, 6]] def 1 k 3 | t1=0 t2=1 t3p=0 t3h=0 t4=0 t4s2=0 | R13=0 R134=0 R134s2=0 RT=1 RT4=1 RT4s2=1 | t4min 0
X k4_certs_4_pure.json.gz#123 7,75,249,44 [[7], [2, 8], [4, 5], [3, 6]] def 1 k 3 | t1=0 t2=1 t3p=0 t3h=0 t4=0 t4s2=0 | R13=0 R134=0 R134s2=0 RT=1 RT4=1 RT4s2=1 | t4min 0
X k4_certs_4_pure.json.gz#123 7,75,250,44 [[7], [2, 8], [4, 5], [3, 6]] def 1 k 3 | t1=0 t2=1 t3p=0 t3h=0 t4=0 t4s2=0 | R13=0 R134=0 R134s2=0 RT=1 RT4=1 RT4s2=1 | t4min 0
X k4_certs_4_pure.json.gz#123 7,75,252,44 [[7], [2, 8], [4, 5], [3, 6]] def 1 k 3 | t1=0 t2=1 t3p=0 t3h=0 t4=0 t4s2=0 | R13=0 R134=0 R134s2=0 RT=1 RT4=1 RT4s2=1 | t4min 0
X k4_certs_4_pure.json.gz#123 7,75,268,44 [[7], [2, 8], [4, 5], [3, 6]] def 1 k 3 | t1=0 t2=1 t3p=0 t3h=0 t4=0 t4s2=0 | R13=0 R134=0 R134s2=0 RT=1 RT4=1 RT4s2=1 | t4min 0
X k4_certs_4_pure.json.gz#123 7,75,269,44 [[7], [2, 8], [4, 5], [3, 6]] def 1 k 3 | t1=0 t2=1 t3p=0 t3h=0 t4=0 t4s2=0 | R13=0 R134=0 R134s2=0 RT=1 RT4=1 RT4s2=1 | t4min 0
X k4_certs_4_pure.json.gz#123 7,75,272,44 [[7], [2, 8], [4, 5], [3, 6]] def 1 k 3 | t1=0 t2=1 t3p=0 t3h=0 t4=0 t4s2=0 | R13=0 R134=0 R134s2=0 RT=1 RT4=1 RT4s2=1 | t4min 0
X k4_certs_4_pure.json.gz#123 7,75,273,44 [[7], [2, 8], [4, 5], [3, 6]] def 1 k 3 | t1=0 t2=1 t3p=0 t3h=0 t4=0 t4s2=0 | R13=0 R134=0 R134s2=0 RT=1 RT4=1 RT4s2=1 | t4min 0
X k4_certs_4_pure.json.gz#123 7,75,282,44 [[7], [2, 8], [4, 5], [3, 6]] def 1 k 3 | t1=0 t2=1 t3p=0 t3h=0 t4=0 t4s2=0 | R13=0 R134=0 R134s2=0 RT=1 RT4=1 RT4s2=1 | t4min 0
X k4_certs_4_pure.json.gz#123 7,75,284,44 [[7], [2, 8], [4, 5], [3, 6]] def 1 k 3 | t1=0 t2=1 t3p=0 t3h=0 t4=0 t4s2=0 | R13=0 R134=0 R134s2=0 RT=1 RT4=1 RT4s2=1 | t4min 0
X k4_certs_4_pure.json.gz#123 7,75,285,44 [[7], [2, 8], [4, 5], [3, 6]] def 1 k 3 | t1=0 t2=1 t3p=0 t3h=0 t4=0 t4s2=0 | R13=0 R134=0 R134s2=0 RT=1 RT4=1 RT4s2=1 | t4min 0
X k4_certs_4_pure.json.gz#123 7,75,286,44 [[7], [2, 8], [4, 5], [3, 6]] def 1 k 3 | t1=0 t2=1 t3p=0 t3h=0 t4=0 t4s2=0 | R13=0 R134=0 R134s2=0 RT=1 RT4=1 RT4s2=1 | t4min 0
X k4_certs_4_pure.json.gz#123 7,85,11,44 [[7], [2, 8], [4, 5], [3, 6]] def 1 k 3 | t1=0 t2=1 t3p=0 t3h=0 t4=0 t4s2=0 | R13=0 R134=0 R134s2=0 RT=1 RT4=1 RT4s2=1 | t4min 0
X k4_certs_4_pure.json.gz#123 7,85,13,44 [[7], [2, 8], [4, 5], [3, 6]] def 1 k 3 | t1=0 t2=1 t3p=0 t3h=0 t4=0 t4s2=0 | R13=0 R134=0 R134s2=0 RT=1 RT4=1 RT4s2=1 | t4min 0
X k4_certs_4_pure.json.gz#123 7,85,18,44 [[7], [2, 8], [4, 5], [3, 6]] def 1 k 3 | t1=0 t2=1 t3p=0 t3h=0 t4=0 t4s2=0 | R13=0 R134=0 R134s2=0 RT=1 RT4=1 RT4s2=1 | t4min 0
X k4_certs_4_pure.json.gz#123 7,85,25,44 [[7], [2, 8], [4, 5], [3, 6]] def 1 k 3 | t1=0 t2=1 t3p=0 t3h=0 t4=0 t4s2=0 | R13=0 R134=0 R134s2=0 RT=1 RT4=1 RT4s2=1 | t4min 0
X k4_certs_4_pure.json.gz#123 7,85,47,44 [[7], [2, 8], [4, 5], [3, 6]] def 1 k 3 | t1=0 t2=1 t3p=0 t3h=0 t4=0 t4s2=0 | R13=0 R134=0 R134s2=0 RT=1 RT4=1 RT4s2=1 | t4min 0
X k4_certs_4_pure.json.gz#123 7,85,50,44 [[7], [2, 8], [4, 5], [3, 6]] def 1 k 3 | t1=0 t2=1 t3p=0 t3h=0 t4=0 t4s2=0 | R13=0 R134=0 R134s2=0 RT=1 RT4=1 RT4s2=1 | t4min 0
X k4_certs_4_pure.json.gz#123 7,85,55,44 [[7], [2, 8], [4, 5], [3, 6]] def 1 k 3 | t1=0 t2=1 t3p=0 t3h=0 t4=0 t4s2=0 | R13=0 R134=0 R134s2=0 RT=1 RT4=1 RT4s2=1 | t4min 0
X k4_certs_4_pure.json.gz#123 7,85,67,44 [[7], [2, 8], [4, 5], [3, 6]] def 1 k 3 | t1=0 t2=1 t3p=0 t3h=0 t4=0 t4s2=0 | R13=0 R134=0 R134s2=0 RT=1 RT4=1 RT4s2=1 | t4min 0
X k4_certs_4_pure.json.gz#123 7,85,82,44 [[7], [2, 8], [4, 5], [3, 6]] def 1 k 3 | t1=0 t2=1 t3p=0 t3h=0 t4=0 t4s2=0 | R13=0 R134=0 R134s2=0 RT=1 RT4=1 RT4s2=1 | t4min 0
X k4_certs_4_pure.json.gz#123 7,85,89,44 [[7], [2, 8], [4, 5], [3, 6]] def 1 k 3 | t1=0 t2=1 t3p=0 t3h=0 t4=0 t4s2=0 | R13=0 R134=0 R134s2=0 RT=1 RT4=1 RT4s2=1 | t4min 0
X k4_certs_4_pure.json.gz#123 7,85,92,44 [[7], [2, 8], [4, 5], [3, 6]] def 1 k 3 | t1=0 t2=1 t3p=0 t3h=0 t4=0 t4s2=0 | R13=0 R134=0 R134s2=0 RT=1 RT4=1 RT4s2=1 | t4min 0
X k4_certs_4_pure.json.gz#123 7,85,95,44 [[7], [2, 8], [4, 5], [3, 6]] def 1 k 3 | t1=0 t2=1 t3p=0 t3h=0 t4=0 t4s2=0 | R13=0 R134=0 R134s2=0 RT=1 RT4=1 RT4s2=1 | t4min 0
X k4_certs_4_pure.json.gz#123 7,85,99,44 [[7], [2, 8], [4, 5], [3, 6]] def 1 k 3 | t1=0 t2=1 t3p=0 t3h=0 t4=0 t4s2=0 | R13=0 R134=0 R134s2=0 RT=1 RT4=1 RT4s2=1 | t4min 0
X k4_certs_4_pure.json.gz#123 7,85,100,44 [[7], [2, 8], [4, 5], [3, 6]] def 1 k 3 | t1=0 t2=1 t3p=0 t3h=0 t4=0 t4s2=0 | R13=0 R134=0 R134s2=0 RT=1 RT4=1 RT4s2=1 | t4min 0
X k4_certs_4_pure.json.gz#123 7,85,104,44 [[7], [2, 8], [4, 5], [3, 6]] def 1 k 3 | t1=0 t2=1 t3p=0 t3h=0 t4=0 t4s2=0 | R13=0 R134=0 R134s2=0 RT=1 RT4=1 RT4s2=1 | t4min 0
X k4_certs_4_pure.json.gz#123 7,85,114,44 [[7], [2, 8], [4, 5], [3, 6]] def 1 k 3 | t1=0 t2=1 t3p=0 t3h=0 t4=0 t4s2=0 | R13=0 R134=0 R134s2=0 RT=1 RT4=1 RT4s2=1 | t4min 0
X k4_certs_4_pure.json.gz#123 7,85,128,44 [[7], [2, 8], [4, 5], [3, 6]] def 1 k 3 | t1=0 t2=1 t3p=0 t3h=0 t4=0 t4s2=0 | R13=0 R134=0 R134s2=0 RT=1 RT4=1 RT4s2=1 | t4min 0
X k4_certs_4_pure.json.gz#123 7,85,131,44 [[7], [2, 8], [4, 5], [3, 6]] def 1 k 3 | t1=0 t2=1 t3p=0 t3h=0 t4=0 t4s2=0 | R13=0 R134=0 R134s2=0 RT=1 RT4=1 RT4s2=1 | t4min 0
X k4_certs_4_pure.json.gz#123 7,85,134,44 [[7], [2, 8], [4, 5], [3, 6]] def 1 k 3 | t1=0 t2=1 t3p=0 t3h=0 t4=0 t4s2=0 | R13=0 R134=0 R134s2=0 RT=1 RT4=1 RT4s2=1 | t4min 0
X k4_certs_4_pure.json.gz#123 7,85,135,44 [[7], [2, 8], [4, 5], [3, 6]] def 1 k 3 | t1=0 t2=1 t3p=0 t3h=0 t4=0 t4s2=0 | R13=0 R134=0 R134s2=0 RT=1 RT4=1 RT4s2=1 | t4min 0
X k4_certs_4_pure.json.gz#123 7,85,152,44 [[7], [2, 8], [4, 5], [3, 6]] def 1 k 3 | t1=0 t2=1 t3p=0 t3h=0 t4=0 t4s2=0 | R13=0 R134=0 R134s2=0 RT=1 RT4=1 RT4s2=1 | t4min 0
X k4_certs_4_pure.json.gz#123 7,85,155,44 [[7], [2, 8], [4, 5], [3, 6]] def 1 k 3 | t1=0 t2=1 t3p=0 t3h=0 t4=0 t4s2=0 | R13=0 R134=0 R134s2=0 RT=1 RT4=1 RT4s2=1 | t4min 0
X k4_certs_4_pure.json.gz#123 7,85,160,44 [[7], [2, 8], [4, 5], [3, 6]] def 1 k 3 | t1=0 t2=1 t3p=0 t3h=0 t4=0 t4s2=0 | R13=0 R134=0 R134s2=0 RT=1 RT4=1 RT4s2=1 | t4min 0
X k4_certs_4_pure.json.gz#123 7,85,165,44 [[7], [2, 8], [4, 5], [3, 6]] def 1 k 3 | t1=0 t2=1 t3p=0 t3h=0 t4=0 t4s2=0 | R13=0 R134=0 R134s2=0 RT=1 RT4=1 RT4s2=1 | t4min 0
X k4_certs_4_pure.json.gz#123 7,85,174,44 [[7], [2, 8], [4, 5], [3, 6]] def 1 k 3 | t1=0 t2=1 t3p=0 t3h=0 t4=0 t4s2=0 | R13=0 R134=0 R134s2=0 RT=1 RT4=1 RT4s2=1 | t4min 0
X k4_certs_4_pure.json.gz#123 7,85,192,44 [[7], [2, 8], [4, 5], [3, 6]] def 1 k 3 | t1=0 t2=1 t3p=0 t3h=0 t4=0 t4s2=0 | R13=0 R134=0 R134s2=0 RT=1 RT4=1 RT4s2=1 | t4min 0
X k4_certs_4_pure.json.gz#123 7,85,193,44 [[7], [2, 8], [4, 5], [3, 6]] def 1 k 3 | t1=0 t2=1 t3p=0 t3h=0 t4=0 t4s2=0 | R13=0 R134=0 R134s2=0 RT=1 RT4=1 RT4s2=1 | t4min 0
X k4_certs_4_pure.json.gz#123 7,85,198,44 [[7], [2, 8], [4, 5], [3, 6]] def 1 k 3 | t1=0 t2=1 t3p=0 t3h=0 t4=0 t4s2=0 | R13=0 R134=0 R134s2=0 RT=1 RT4=1 RT4s2=1 | t4min 0
X k4_certs_4_pure.json.gz#123 7,85,201,44 [[7], [2, 8], [4, 5], [3, 6]] def 1 k 3 | t1=0 t2=1 t3p=0 t3h=0 t4=0 t4s2=0 | R13=0 R134=0 R134s2=0 RT=1 RT4=1 RT4s2=1 | t4min 0
X k4_certs_4_pure.json.gz#123 7,85,217,44 [[7], [2, 8], [4, 5], [3, 6]] def 1 k 3 | t1=0 t2=1 t3p=0 t3h=0 t4=0 t4s2=0 | R13=0 R134=0 R134s2=0 RT=1 RT4=1 RT4s2=1 | t4min 0
X k4_certs_4_pure.json.gz#123 7,85,222,44 [[7], [2, 8], [4, 5], [3, 6]] def 1 k 3 | t1=0 t2=1 t3p=0 t3h=0 t4=0 t4s2=0 | R13=0 R134=0 R134s2=0 RT=1 RT4=1 RT4s2=1 | t4min 0
X k4_certs_4_pure.json.gz#123 7,85,233,44 [[7], [2, 8], [4, 5], [3, 6]] def 1 k 3 | t1=0 t2=1 t3p=0 t3h=0 t4=0 t4s2=0 | R13=0 R134=0 R134s2=0 RT=1 RT4=1 RT4s2=1 | t4min 0
X k4_certs_4_pure.json.gz#123 7,85,234,44 [[7], [2, 8], [4, 5], [3, 6]] def 1 k 3 | t1=0 t2=1 t3p=0 t3h=0 t4=0 t4s2=0 | R13=0 R134=0 R134s2=0 RT=1 RT4=1 RT4s2=1 | t4min 0
X k4_certs_4_pure.json.gz#123 7,85,236,44 [[7], [2, 8], [4, 5], [3, 6]] def 1 k 3 | t1=0 t2=1 t3p=0 t3h=0 t4=0 t4s2=0 | R13=0 R134=0 R134s2=0 RT=1 RT4=1 RT4s2=1 | t4min 0
X k4_certs_4_pure.json.gz#123 7,85,237,44 [[7], [2, 8], [4, 5], [3, 6]] def 1 k 3 | t1=0 t2=1 t3p=0 t3h=0 t4=0 t4s2=0 | R13=0 R134=0 R134s2=0 RT=1 RT4=1 RT4s2=1 | t4min 0
X k4_certs_4_pure.json.gz#123 7,85,241,44 [[7], [2, 8], [4, 5], [3, 6]] def 1 k 3 | t1=0 t2=1 t3p=0 t3h=0 t4=0 t4s2=0 | R13=0 R134=0 R134s2=0 RT=1 RT4=1 RT4s2=1 | t4min 0
X k4_certs_4_pure.json.gz#123 7,85,242,44 [[7], [2, 8], [4, 5], [3, 6]] def 1 k 3 | t1=0 t2=1 t3p=0 t3h=0 t4=0 t4s2=0 | R13=0 R134=0 R134s2=0 RT=1 RT4=1 RT4s2=1 | t4min 0
X k4_certs_4_pure.json.gz#123 7,85,243,44 [[7], [2, 8], [4, 5], [3, 6]] def 1 k 3 | t1=0 t2=1 t3p=0 t3h=0 t4=0 t4s2=0 | R13=0 R134=0 R134s2=0 RT=1 RT4=1 RT4s2=1 | t4min 0
X k4_certs_4_pure.json.gz#123 7,85,245,44 [[7], [2, 8], [4, 5], [3, 6]] def 1 k 3 | t1=0 t2=1 t3p=0 t3h=0 t4=0 t4s2=0 | R13=0 R134=0 R134s2=0 RT=1 RT4=1 RT4s2=1 | t4min 0
X k4_certs_4_pure.json.gz#123 7,85,248,44 [[7], [2, 8], [4, 5], [3, 6]] def 1 k 3 | t1=0 t2=1 t3p=0 t3h=0 t4=0 t4s2=0 | R13=0 R134=0 R134s2=0 RT=1 RT4=1 RT4s2=1 | t4min 0
X k4_certs_4_pure.json.gz#123 7,85,249,44 [[7], [2, 8], [4, 5], [3, 6]] def 1 k 3 | t1=0 t2=1 t3p=0 t3h=0 t4=0 t4s2=0 | R13=0 R134=0 R134s2=0 RT=1 RT4=1 RT4s2=1 | t4min 0
X k4_certs_4_pure.json.gz#123 7,85,250,44 [[7], [2, 8], [4, 5], [3, 6]] def 1 k 3 | t1=0 t2=1 t3p=0 t3h=0 t4=0 t4s2=0 | R13=0 R134=0 R134s2=0 RT=1 RT4=1 RT4s2=1 | t4min 0
X k4_certs_4_pure.json.gz#123 7,85,252,44 [[7], [2, 8], [4, 5], [3, 6]] def 1 k 3 | t1=0 t2=1 t3p=0 t3h=0 t4=0 t4s2=0 | R13=0 R134=0 R134s2=0 RT=1 RT4=1 RT4s2=1 | t4min 0
X k4_certs_4_pure.json.gz#123 7,85,268,44 [[7], [2, 8], [4, 5], [3, 6]] def 1 k 3 | t1=0 t2=1 t3p=0 t3h=0 t4=0 t4s2=0 | R13=0 R134=0 R134s2=0 RT=1 RT4=1 RT4s2=1 | t4min 0
X k4_certs_4_pure.json.gz#123 7,85,269,44 [[7], [2, 8], [4, 5], [3, 6]] def 1 k 3 | t1=0 t2=1 t3p=0 t3h=0 t4=0 t4s2=0 | R13=0 R134=0 R134s2=0 RT=1 RT4=1 RT4s2=1 | t4min 0
X k4_certs_4_pure.json.gz#123 7,85,272,44 [[7], [2, 8], [4, 5], [3, 6]] def 1 k 3 | t1=0 t2=1 t3p=0 t3h=0 t4=0 t4s2=0 | R13=0 R134=0 R134s2=0 RT=1 RT4=1 RT4s2=1 | t4min 0
X k4_certs_4_pure.json.gz#123 7,85,273,44 [[7], [2, 8], [4, 5], [3, 6]] def 1 k 3 | t1=0 t2=1 t3p=0 t3h=0 t4=0 t4s2=0 | R13=0 R134=0 R134s2=0 RT=1 RT4=1 RT4s2=1 | t4min 0
X k4_certs_4_pure.json.gz#123 7,85,282,44 [[7], [2, 8], [4, 5], [3, 6]] def 1 k 3 | t1=0 t2=1 t3p=0 t3h=0 t4=0 t4s2=0 | R13=0 R134=0 R134s2=0 RT=1 RT4=1 RT4s2=1 | t4min 0
X k4_certs_4_pure.json.gz#123 7,85,284,44 [[7], [2, 8], [4, 5], [3, 6]] def 1 k 3 | t1=0 t2=1 t3p=0 t3h=0 t4=0 t4s2=0 | R13=0 R134=0 R134s2=0 RT=1 RT4=1 RT4s2=1 | t4min 0
X k4_certs_4_pure.json.gz#123 7,85,285,44 [[7], [2, 8], [4, 5], [3, 6]] def 1 k 3 | t1=0 t2=1 t3p=0 t3h=0 t4=0 t4s2=0 | R13=0 R134=0 R134s2=0 RT=1 RT4=1 RT4s2=1 | t4min 0
X k4_certs_4_pure.json.gz#123 7,85,286,44 [[7], [2, 8], [4, 5], [3, 6]] def 1 k 3 | t1=0 t2=1 t3p=0 t3h=0 t4=0 t4s2=0 | R13=0 R134=0 R134s2=0 RT=1 RT4=1 RT4s2=1 | t4min 0
X k4_certs_4_pure.json.gz#123 7,87,11,44 [[7], [2, 8], [4, 5], [3, 6]] def 1 k 3 | t1=0 t2=1 t3p=0 t3h=0 t4=0 t4s2=0 | R13=0 R134=0 R134s2=0 RT=1 RT4=1 RT4s2=1 | t4min 0
X k4_certs_4_pure.json.gz#123 7,87,13,44 [[7], [2, 8], [4, 5], [3, 6]] def 1 k 3 | t1=0 t2=1 t3p=0 t3h=0 t4=0 t4s2=0 | R13=0 R134=0 R134s2=0 RT=1 RT4=1 RT4s2=1 | t4min 0
X k4_certs_4_pure.json.gz#123 7,87,18,44 [[7], [2, 8], [4, 5], [3, 6]] def 1 k 3 | t1=0 t2=1 t3p=0 t3h=0 t4=0 t4s2=0 | R13=0 R134=0 R134s2=0 RT=1 RT4=1 RT4s2=1 | t4min 0
X k4_certs_4_pure.json.gz#123 7,87,25,44 [[7], [2, 8], [4, 5], [3, 6]] def 1 k 3 | t1=0 t2=1 t3p=0 t3h=0 t4=0 t4s2=0 | R13=0 R134=0 R134s2=0 RT=1 RT4=1 RT4s2=1 | t4min 0
X k4_certs_4_pure.json.gz#123 7,87,47,44 [[7], [2, 8], [4, 5], [3, 6]] def 1 k 3 | t1=0 t2=1 t3p=0 t3h=0 t4=0 t4s2=0 | R13=0 R134=0 R134s2=0 RT=1 RT4=1 RT4s2=1 | t4min 0
X k4_certs_4_pure.json.gz#123 7,87,50,44 [[7], [2, 8], [4, 5], [3, 6]] def 1 k 3 | t1=0 t2=1 t3p=0 t3h=0 t4=0 t4s2=0 | R13=0 R134=0 R134s2=0 RT=1 RT4=1 RT4s2=1 | t4min 0
X k4_certs_4_pure.json.gz#123 7,87,55,44 [[7], [2, 8], [4, 5], [3, 6]] def 1 k 3 | t1=0 t2=1 t3p=0 t3h=0 t4=0 t4s2=0 | R13=0 R134=0 R134s2=0 RT=1 RT4=1 RT4s2=1 | t4min 0
X k4_certs_4_pure.json.gz#123 7,87,67,44 [[7], [2, 8], [4, 5], [3, 6]] def 1 k 3 | t1=0 t2=1 t3p=0 t3h=0 t4=0 t4s2=0 | R13=0 R134=0 R134s2=0 RT=1 RT4=1 RT4s2=1 | t4min 0
X k4_certs_4_pure.json.gz#123 7,87,82,44 [[7], [2, 8], [4, 5], [3, 6]] def 1 k 3 | t1=0 t2=1 t3p=0 t3h=0 t4=0 t4s2=0 | R13=0 R134=0 R134s2=0 RT=1 RT4=1 RT4s2=1 | t4min 0
X k4_certs_4_pure.json.gz#123 7,87,89,44 [[7], [2, 8], [4, 5], [3, 6]] def 1 k 3 | t1=0 t2=1 t3p=0 t3h=0 t4=0 t4s2=0 | R13=0 R134=0 R134s2=0 RT=1 RT4=1 RT4s2=1 | t4min 0
X k4_certs_4_pure.json.gz#123 7,87,92,44 [[7], [2, 8], [4, 5], [3, 6]] def 1 k 3 | t1=0 t2=1 t3p=0 t3h=0 t4=0 t4s2=0 | R13=0 R134=0 R134s2=0 RT=1 RT4=1 RT4s2=1 | t4min 0
X k4_certs_4_pure.json.gz#123 7,87,95,44 [[7], [2, 8], [4, 5], [3, 6]] def 1 k 3 | t1=0 t2=1 t3p=0 t3h=0 t4=0 t4s2=0 | R13=0 R134=0 R134s2=0 RT=1 RT4=1 RT4s2=1 | t4min 0
X k4_certs_4_pure.json.gz#123 7,87,99,44 [[7], [2, 8], [4, 5], [3, 6]] def 1 k 3 | t1=0 t2=1 t3p=0 t3h=0 t4=0 t4s2=0 | R13=0 R134=0 R134s2=0 RT=1 RT4=1 RT4s2=1 | t4min 0
X k4_certs_4_pure.json.gz#123 7,87,100,44 [[7], [2, 8], [4, 5], [3, 6]] def 1 k 3 | t1=0 t2=1 t3p=0 t3h=0 t4=0 t4s2=0 | R13=0 R134=0 R134s2=0 RT=1 RT4=1 RT4s2=1 | t4min 0
X k4_certs_4_pure.json.gz#123 7,87,104,44 [[7], [2, 8], [4, 5], [3, 6]] def 1 k 3 | t1=0 t2=1 t3p=0 t3h=0 t4=0 t4s2=0 | R13=0 R134=0 R134s2=0 RT=1 RT4=1 RT4s2=1 | t4min 0
X k4_certs_4_pure.json.gz#123 7,87,114,44 [[7], [2, 8], [4, 5], [3, 6]] def 1 k 3 | t1=0 t2=1 t3p=0 t3h=0 t4=0 t4s2=0 | R13=0 R134=0 R134s2=0 RT=1 RT4=1 RT4s2=1 | t4min 0
X k4_certs_4_pure.json.gz#123 7,87,128,44 [[7], [2, 8], [4, 5], [3, 6]] def 1 k 3 | t1=0 t2=1 t3p=0 t3h=0 t4=0 t4s2=0 | R13=0 R134=0 R134s2=0 RT=1 RT4=1 RT4s2=1 | t4min 0
X k4_certs_4_pure.json.gz#123 7,87,131,44 [[7], [2, 8], [4, 5], [3, 6]] def 1 k 3 | t1=0 t2=1 t3p=0 t3h=0 t4=0 t4s2=0 | R13=0 R134=0 R134s2=0 RT=1 RT4=1 RT4s2=1 | t4min 0
X k4_certs_4_pure.json.gz#123 7,87,134,44 [[7], [2, 8], [4, 5], [3, 6]] def 1 k 3 | t1=0 t2=1 t3p=0 t3h=0 t4=0 t4s2=0 | R13=0 R134=0 R134s2=0 RT=1 RT4=1 RT4s2=1 | t4min 0
X k4_certs_4_pure.json.gz#123 7,87,135,44 [[7], [2, 8], [4, 5], [3, 6]] def 1 k 3 | t1=0 t2=1 t3p=0 t3h=0 t4=0 t4s2=0 | R13=0 R134=0 R134s2=0 RT=1 RT4=1 RT4s2=1 | t4min 0
X k4_certs_4_pure.json.gz#123 7,87,152,44 [[7], [2, 8], [4, 5], [3, 6]] def 1 k 3 | t1=0 t2=1 t3p=0 t3h=0 t4=0 t4s2=0 | R13=0 R134=0 R134s2=0 RT=1 RT4=1 RT4s2=1 | t4min 0
X k4_certs_4_pure.json.gz#123 7,87,155,44 [[7], [2, 8], [4, 5], [3, 6]] def 1 k 3 | t1=0 t2=1 t3p=0 t3h=0 t4=0 t4s2=0 | R13=0 R134=0 R134s2=0 RT=1 RT4=1 RT4s2=1 | t4min 0
X k4_certs_4_pure.json.gz#123 7,87,160,44 [[7], [2, 8], [4, 5], [3, 6]] def 1 k 3 | t1=0 t2=1 t3p=0 t3h=0 t4=0 t4s2=0 | R13=0 R134=0 R134s2=0 RT=1 RT4=1 RT4s2=1 | t4min 0
X k4_certs_4_pure.json.gz#123 7,87,165,44 [[7], [2, 8], [4, 5], [3, 6]] def 1 k 3 | t1=0 t2=1 t3p=0 t3h=0 t4=0 t4s2=0 | R13=0 R134=0 R134s2=0 RT=1 RT4=1 RT4s2=1 | t4min 0
X k4_certs_4_pure.json.gz#123 7,87,174,44 [[7], [2, 8], [4, 5], [3, 6]] def 1 k 3 | t1=0 t2=1 t3p=0 t3h=0 t4=0 t4s2=0 | R13=0 R134=0 R134s2=0 RT=1 RT4=1 RT4s2=1 | t4min 0
X k4_certs_4_pure.json.gz#123 7,87,192,44 [[7], [2, 8], [4, 5], [3, 6]] def 1 k 3 | t1=0 t2=1 t3p=0 t3h=0 t4=0 t4s2=0 | R13=0 R134=0 R134s2=0 RT=1 RT4=1 RT4s2=1 | t4min 0
X k4_certs_4_pure.json.gz#123 7,87,193,44 [[7], [2, 8], [4, 5], [3, 6]] def 1 k 3 | t1=0 t2=1 t3p=0 t3h=0 t4=0 t4s2=0 | R13=0 R134=0 R134s2=0 RT=1 RT4=1 RT4s2=1 | t4min 0
X k4_certs_4_pure.json.gz#123 7,87,198,44 [[7], [2, 8], [4, 5], [3, 6]] def 1 k 3 | t1=0 t2=1 t3p=0 t3h=0 t4=0 t4s2=0 | R13=0 R134=0 R134s2=0 RT=1 RT4=1 RT4s2=1 | t4min 0
X k4_certs_4_pure.json.gz#123 7,87,201,44 [[7], [2, 8], [4, 5], [3, 6]] def 1 k 3 | t1=0 t2=1 t3p=0 t3h=0 t4=0 t4s2=0 | R13=0 R134=0 R134s2=0 RT=1 RT4=1 RT4s2=1 | t4min 0
X k4_certs_4_pure.json.gz#123 7,87,217,44 [[7], [2, 8], [4, 5], [3, 6]] def 1 k 3 | t1=0 t2=1 t3p=0 t3h=0 t4=0 t4s2=0 | R13=0 R134=0 R134s2=0 RT=1 RT4=1 RT4s2=1 | t4min 0
X k4_certs_4_pure.json.gz#123 7,87,222,44 [[7], [2, 8], [4, 5], [3, 6]] def 1 k 3 | t1=0 t2=1 t3p=0 t3h=0 t4=0 t4s2=0 | R13=0 R134=0 R134s2=0 RT=1 RT4=1 RT4s2=1 | t4min 0
X k4_certs_4_pure.json.gz#123 7,87,233,44 [[7], [2, 8], [4, 5], [3, 6]] def 1 k 3 | t1=0 t2=1 t3p=0 t3h=0 t4=0 t4s2=0 | R13=0 R134=0 R134s2=0 RT=1 RT4=1 RT4s2=1 | t4min 0
X k4_certs_4_pure.json.gz#123 7,87,234,44 [[7], [2, 8], [4, 5], [3, 6]] def 1 k 3 | t1=0 t2=1 t3p=0 t3h=0 t4=0 t4s2=0 | R13=0 R134=0 R134s2=0 RT=1 RT4=1 RT4s2=1 | t4min 0
X k4_certs_4_pure.json.gz#123 7,87,236,44 [[7], [2, 8], [4, 5], [3, 6]] def 1 k 3 | t1=0 t2=1 t3p=0 t3h=0 t4=0 t4s2=0 | R13=0 R134=0 R134s2=0 RT=1 RT4=1 RT4s2=1 | t4min 0
X k4_certs_4_pure.json.gz#123 7,87,237,44 [[7], [2, 8], [4, 5], [3, 6]] def 1 k 3 | t1=0 t2=1 t3p=0 t3h=0 t4=0 t4s2=0 | R13=0 R134=0 R134s2=0 RT=1 RT4=1 RT4s2=1 | t4min 0
X k4_certs_4_pure.json.gz#123 7,87,241,44 [[7], [2, 8], [4, 5], [3, 6]] def 1 k 3 | t1=0 t2=1 t3p=0 t3h=0 t4=0 t4s2=0 | R13=0 R134=0 R134s2=0 RT=1 RT4=1 RT4s2=1 | t4min 0
X k4_certs_4_pure.json.gz#123 7,87,242,44 [[7], [2, 8], [4, 5], [3, 6]] def 1 k 3 | t1=0 t2=1 t3p=0 t3h=0 t4=0 t4s2=0 | R13=0 R134=0 R134s2=0 RT=1 RT4=1 RT4s2=1 | t4min 0
X k4_certs_4_pure.json.gz#123 7,87,243,44 [[7], [2, 8], [4, 5], [3, 6]] def 1 k 3 | t1=0 t2=1 t3p=0 t3h=0 t4=0 t4s2=0 | R13=0 R134=0 R134s2=0 RT=1 RT4=1 RT4s2=1 | t4min 0
X k4_certs_4_pure.json.gz#123 7,87,245,44 [[7], [2, 8], [4, 5], [3, 6]] def 1 k 3 | t1=0 t2=1 t3p=0 t3h=0 t4=0 t4s2=0 | R13=0 R134=0 R134s2=0 RT=1 RT4=1 RT4s2=1 | t4min 0
X k4_certs_4_pure.json.gz#123 7,87,248,44 [[7], [2, 8], [4, 5], [3, 6]] def 1 k 3 | t1=0 t2=1 t3p=0 t3h=0 t4=0 t4s2=0 | R13=0 R134=0 R134s2=0 RT=1 RT4=1 RT4s2=1 | t4min 0
X k4_certs_4_pure.json.gz#123 7,87,249,44 [[7], [2, 8], [4, 5], [3, 6]] def 1 k 3 | t1=0 t2=1 t3p=0 t3h=0 t4=0 t4s2=0 | R13=0 R134=0 R134s2=0 RT=1 RT4=1 RT4s2=1 | t4min 0
X k4_certs_4_pure.json.gz#123 7,87,250,44 [[7], [2, 8], [4, 5], [3, 6]] def 1 k 3 | t1=0 t2=1 t3p=0 t3h=0 t4=0 t4s2=0 | R13=0 R134=0 R134s2=0 RT=1 RT4=1 RT4s2=1 | t4min 0
X k4_certs_4_pure.json.gz#123 7,87,252,44 [[7], [2, 8], [4, 5], [3, 6]] def 1 k 3 | t1=0 t2=1 t3p=0 t3h=0 t4=0 t4s2=0 | R13=0 R134=0 R134s2=0 RT=1 RT4=1 RT4s2=1 | t4min 0
X k4_certs_4_pure.json.gz#123 7,87,268,44 [[7], [2, 8], [4, 5], [3, 6]] def 1 k 3 | t1=0 t2=1 t3p=0 t3h=0 t4=0 t4s2=0 | R13=0 R134=0 R134s2=0 RT=1 RT4=1 RT4s2=1 | t4min 0
X k4_certs_4_pure.json.gz#123 7,87,269,44 [[7], [2, 8], [4, 5], [3, 6]] def 1 k 3 | t1=0 t2=1 t3p=0 t3h=0 t4=0 t4s2=0 | R13=0 R134=0 R134s2=0 RT=1 RT4=1 RT4s2=1 | t4min 0
X k4_certs_4_pure.json.gz#123 7,87,272,44 [[7], [2, 8], [4, 5], [3, 6]] def 1 k 3 | t1=0 t2=1 t3p=0 t3h=0 t4=0 t4s2=0 | R13=0 R134=0 R134s2=0 RT=1 RT4=1 RT4s2=1 | t4min 0
X k4_certs_4_pure.json.gz#123 7,87,273,44 [[7], [2, 8], [4, 5], [3, 6]] def 1 k 3 | t1=0 t2=1 t3p=0 t3h=0 t4=0 t4s2=0 | R13=0 R134=0 R134s2=0 RT=1 RT4=1 RT4s2=1 | t4min 0
X k4_certs_4_pure.json.gz#123 7,87,282,44 [[7], [2, 8], [4, 5], [3, 6]] def 1 k 3 | t1=0 t2=1 t3p=0 t3h=0 t4=0 t4s2=0 | R13=0 R134=0 R134s2=0 RT=1 RT4=1 RT4s2=1 | t4min 0
X k4_certs_4_pure.json.gz#123 7,87,284,44 [[7], [2, 8], [4, 5], [3, 6]] def 1 k 3 | t1=0 t2=1 t3p=0 t3h=0 t4=0 t4s2=0 | R13=0 R134=0 R134s2=0 RT=1 RT4=1 RT4s2=1 | t4min 0
X k4_certs_4_pure.json.gz#123 7,87,285,44 [[7], [2, 8], [4, 5], [3, 6]] def 1 k 3 | t1=0 t2=1 t3p=0 t3h=0 t4=0 t4s2=0 | R13=0 R134=0 R134s2=0 RT=1 RT4=1 RT4s2=1 | t4min 0
X k4_certs_4_pure.json.gz#123 7,87,286,44 [[7], [2, 8], [4, 5], [3, 6]] def 1 k 3 | t1=0 t2=1 t3p=0 t3h=0 t4=0 t4s2=0 | R13=0 R134=0 R134s2=0 RT=1 RT4=1 RT4s2=1 | t4min 0
X k4_certs_4_pure.json.gz#123 7,91,11,44 [[7], [2, 8], [4, 5], [3, 6]] def 1 k 3 | t1=0 t2=1 t3p=0 t3h=0 t4=0 t4s2=0 | R13=0 R134=0 R134s2=0 RT=1 RT4=1 RT4s2=1 | t4min 0
X k4_certs_4_pure.json.gz#123 7,91,13,44 [[7], [2, 8], [4, 5], [3, 6]] def 1 k 3 | t1=0 t2=1 t3p=0 t3h=0 t4=0 t4s2=0 | R13=0 R134=0 R134s2=0 RT=1 RT4=1 RT4s2=1 | t4min 0
X k4_certs_4_pure.json.gz#123 7,91,18,44 [[7], [2, 8], [4, 5], [3, 6]] def 1 k 3 | t1=0 t2=1 t3p=0 t3h=0 t4=0 t4s2=0 | R13=0 R134=0 R134s2=0 RT=1 RT4=1 RT4s2=1 | t4min 0
X k4_certs_4_pure.json.gz#123 7,91,25,44 [[7], [2, 8], [4, 5], [3, 6]] def 1 k 3 | t1=0 t2=1 t3p=0 t3h=0 t4=0 t4s2=0 | R13=0 R134=0 R134s2=0 RT=1 RT4=1 RT4s2=1 | t4min 0
X k4_certs_4_pure.json.gz#123 7,91,47,44 [[7], [2, 8], [4, 5], [3, 6]] def 1 k 3 | t1=0 t2=1 t3p=0 t3h=0 t4=0 t4s2=0 | R13=0 R134=0 R134s2=0 RT=1 RT4=1 RT4s2=1 | t4min 0
X k4_certs_4_pure.json.gz#123 7,91,50,44 [[7], [2, 8], [4, 5], [3, 6]] def 1 k 3 | t1=0 t2=1 t3p=0 t3h=0 t4=0 t4s2=0 | R13=0 R134=0 R134s2=0 RT=1 RT4=1 RT4s2=1 | t4min 0
X k4_certs_4_pure.json.gz#123 7,91,55,44 [[7], [2, 8], [4, 5], [3, 6]] def 1 k 3 | t1=0 t2=1 t3p=0 t3h=0 t4=0 t4s2=0 | R13=0 R134=0 R134s2=0 RT=1 RT4=1 RT4s2=1 | t4min 0
X k4_certs_4_pure.json.gz#123 7,91,67,44 [[7], [2, 8], [4, 5], [3, 6]] def 1 k 3 | t1=0 t2=1 t3p=0 t3h=0 t4=0 t4s2=0 | R13=0 R134=0 R134s2=0 RT=1 RT4=1 RT4s2=1 | t4min 0
X k4_certs_4_pure.json.gz#123 7,91,82,44 [[7], [2, 8], [4, 5], [3, 6]] def 1 k 3 | t1=0 t2=1 t3p=0 t3h=0 t4=0 t4s2=0 | R13=0 R134=0 R134s2=0 RT=1 RT4=1 RT4s2=1 | t4min 0
X k4_certs_4_pure.json.gz#123 7,91,89,44 [[7], [2, 8], [4, 5], [3, 6]] def 1 k 3 | t1=0 t2=1 t3p=0 t3h=0 t4=0 t4s2=0 | R13=0 R134=0 R134s2=0 RT=1 RT4=1 RT4s2=1 | t4min 0
X k4_certs_4_pure.json.gz#123 7,91,92,44 [[7], [2, 8], [4, 5], [3, 6]] def 1 k 3 | t1=0 t2=1 t3p=0 t3h=0 t4=0 t4s2=0 | R13=0 R134=0 R134s2=0 RT=1 RT4=1 RT4s2=1 | t4min 0
X k4_certs_4_pure.json.gz#123 7,91,95,44 [[7], [2, 8], [4, 5], [3, 6]] def 1 k 3 | t1=0 t2=1 t3p=0 t3h=0 t4=0 t4s2=0 | R13=0 R134=0 R134s2=0 RT=1 RT4=1 RT4s2=1 | t4min 0
X k4_certs_4_pure.json.gz#123 7,91,99,44 [[7], [2, 8], [4, 5], [3, 6]] def 1 k 3 | t1=0 t2=1 t3p=0 t3h=0 t4=0 t4s2=0 | R13=0 R134=0 R134s2=0 RT=1 RT4=1 RT4s2=1 | t4min 0
X k4_certs_4_pure.json.gz#123 7,91,100,44 [[7], [2, 8], [4, 5], [3, 6]] def 1 k 3 | t1=0 t2=1 t3p=0 t3h=0 t4=0 t4s2=0 | R13=0 R134=0 R134s2=0 RT=1 RT4=1 RT4s2=1 | t4min 0
X k4_certs_4_pure.json.gz#123 7,91,104,44 [[7], [2, 8], [4, 5], [3, 6]] def 1 k 3 | t1=0 t2=1 t3p=0 t3h=0 t4=0 t4s2=0 | R13=0 R134=0 R134s2=0 RT=1 RT4=1 RT4s2=1 | t4min 0
X k4_certs_4_pure.json.gz#123 7,91,114,44 [[7], [2, 8], [4, 5], [3, 6]] def 1 k 3 | t1=0 t2=1 t3p=0 t3h=0 t4=0 t4s2=0 | R13=0 R134=0 R134s2=0 RT=1 RT4=1 RT4s2=1 | t4min 0
X k4_certs_4_pure.json.gz#123 7,91,128,44 [[7], [2, 8], [4, 5], [3, 6]] def 1 k 3 | t1=0 t2=1 t3p=0 t3h=0 t4=0 t4s2=0 | R13=0 R134=0 R134s2=0 RT=1 RT4=1 RT4s2=1 | t4min 0
X k4_certs_4_pure.json.gz#123 7,91,131,44 [[7], [2, 8], [4, 5], [3, 6]] def 1 k 3 | t1=0 t2=1 t3p=0 t3h=0 t4=0 t4s2=0 | R13=0 R134=0 R134s2=0 RT=1 RT4=1 RT4s2=1 | t4min 0
X k4_certs_4_pure.json.gz#123 7,91,134,44 [[7], [2, 8], [4, 5], [3, 6]] def 1 k 3 | t1=0 t2=1 t3p=0 t3h=0 t4=0 t4s2=0 | R13=0 R134=0 R134s2=0 RT=1 RT4=1 RT4s2=1 | t4min 0
X k4_certs_4_pure.json.gz#123 7,91,135,44 [[7], [2, 8], [4, 5], [3, 6]] def 1 k 3 | t1=0 t2=1 t3p=0 t3h=0 t4=0 t4s2=0 | R13=0 R134=0 R134s2=0 RT=1 RT4=1 RT4s2=1 | t4min 0
X k4_certs_4_pure.json.gz#123 7,91,152,44 [[7], [2, 8], [4, 5], [3, 6]] def 1 k 3 | t1=0 t2=1 t3p=0 t3h=0 t4=0 t4s2=0 | R13=0 R134=0 R134s2=0 RT=1 RT4=1 RT4s2=1 | t4min 0
X k4_certs_4_pure.json.gz#123 7,91,155,44 [[7], [2, 8], [4, 5], [3, 6]] def 1 k 3 | t1=0 t2=1 t3p=0 t3h=0 t4=0 t4s2=0 | R13=0 R134=0 R134s2=0 RT=1 RT4=1 RT4s2=1 | t4min 0
X k4_certs_4_pure.json.gz#123 7,91,160,44 [[7], [2, 8], [4, 5], [3, 6]] def 1 k 3 | t1=0 t2=1 t3p=0 t3h=0 t4=0 t4s2=0 | R13=0 R134=0 R134s2=0 RT=1 RT4=1 RT4s2=1 | t4min 0
X k4_certs_4_pure.json.gz#123 7,91,165,44 [[7], [2, 8], [4, 5], [3, 6]] def 1 k 3 | t1=0 t2=1 t3p=0 t3h=0 t4=0 t4s2=0 | R13=0 R134=0 R134s2=0 RT=1 RT4=1 RT4s2=1 | t4min 0
X k4_certs_4_pure.json.gz#123 7,91,174,44 [[7], [2, 8], [4, 5], [3, 6]] def 1 k 3 | t1=0 t2=1 t3p=0 t3h=0 t4=0 t4s2=0 | R13=0 R134=0 R134s2=0 RT=1 RT4=1 RT4s2=1 | t4min 0
X k4_certs_4_pure.json.gz#123 7,91,192,44 [[7], [2, 8], [4, 5], [3, 6]] def 1 k 3 | t1=0 t2=1 t3p=0 t3h=0 t4=0 t4s2=0 | R13=0 R134=0 R134s2=0 RT=1 RT4=1 RT4s2=1 | t4min 0
X k4_certs_4_pure.json.gz#123 7,91,193,44 [[7], [2, 8], [4, 5], [3, 6]] def 1 k 3 | t1=0 t2=1 t3p=0 t3h=0 t4=0 t4s2=0 | R13=0 R134=0 R134s2=0 RT=1 RT4=1 RT4s2=1 | t4min 0
X k4_certs_4_pure.json.gz#123 7,91,198,44 [[7], [2, 8], [4, 5], [3, 6]] def 1 k 3 | t1=0 t2=1 t3p=0 t3h=0 t4=0 t4s2=0 | R13=0 R134=0 R134s2=0 RT=1 RT4=1 RT4s2=1 | t4min 0
X k4_certs_4_pure.json.gz#123 7,91,201,44 [[7], [2, 8], [4, 5], [3, 6]] def 1 k 3 | t1=0 t2=1 t3p=0 t3h=0 t4=0 t4s2=0 | R13=0 R134=0 R134s2=0 RT=1 RT4=1 RT4s2=1 | t4min 0
X k4_certs_4_pure.json.gz#123 7,91,217,44 [[7], [2, 8], [4, 5], [3, 6]] def 1 k 3 | t1=0 t2=1 t3p=0 t3h=0 t4=0 t4s2=0 | R13=0 R134=0 R134s2=0 RT=1 RT4=1 RT4s2=1 | t4min 0
X k4_certs_4_pure.json.gz#123 7,91,222,44 [[7], [2, 8], [4, 5], [3, 6]] def 1 k 3 | t1=0 t2=1 t3p=0 t3h=0 t4=0 t4s2=0 | R13=0 R134=0 R134s2=0 RT=1 RT4=1 RT4s2=1 | t4min 0
X k4_certs_4_pure.json.gz#123 7,91,233,44 [[7], [2, 8], [4, 5], [3, 6]] def 1 k 3 | t1=0 t2=1 t3p=0 t3h=0 t4=0 t4s2=0 | R13=0 R134=0 R134s2=0 RT=1 RT4=1 RT4s2=1 | t4min 0
X k4_certs_4_pure.json.gz#123 7,91,234,44 [[7], [2, 8], [4, 5], [3, 6]] def 1 k 3 | t1=0 t2=1 t3p=0 t3h=0 t4=0 t4s2=0 | R13=0 R134=0 R134s2=0 RT=1 RT4=1 RT4s2=1 | t4min 0
X k4_certs_4_pure.json.gz#123 7,91,236,44 [[7], [2, 8], [4, 5], [3, 6]] def 1 k 3 | t1=0 t2=1 t3p=0 t3h=0 t4=0 t4s2=0 | R13=0 R134=0 R134s2=0 RT=1 RT4=1 RT4s2=1 | t4min 0
X k4_certs_4_pure.json.gz#123 7,91,237,44 [[7], [2, 8], [4, 5], [3, 6]] def 1 k 3 | t1=0 t2=1 t3p=0 t3h=0 t4=0 t4s2=0 | R13=0 R134=0 R134s2=0 RT=1 RT4=1 RT4s2=1 | t4min 0
X k4_certs_4_pure.json.gz#123 7,91,241,44 [[7], [2, 8], [4, 5], [3, 6]] def 1 k 3 | t1=0 t2=1 t3p=0 t3h=0 t4=0 t4s2=0 | R13=0 R134=0 R134s2=0 RT=1 RT4=1 RT4s2=1 | t4min 0
X k4_certs_4_pure.json.gz#123 7,91,242,44 [[7], [2, 8], [4, 5], [3, 6]] def 1 k 3 | t1=0 t2=1 t3p=0 t3h=0 t4=0 t4s2=0 | R13=0 R134=0 R134s2=0 RT=1 RT4=1 RT4s2=1 | t4min 0
X k4_certs_4_pure.json.gz#123 7,91,243,44 [[7], [2, 8], [4, 5], [3, 6]] def 1 k 3 | t1=0 t2=1 t3p=0 t3h=0 t4=0 t4s2=0 | R13=0 R134=0 R134s2=0 RT=1 RT4=1 RT4s2=1 | t4min 0
X k4_certs_4_pure.json.gz#123 7,91,245,44 [[7], [2, 8], [4, 5], [3, 6]] def 1 k 3 | t1=0 t2=1 t3p=0 t3h=0 t4=0 t4s2=0 | R13=0 R134=0 R134s2=0 RT=1 RT4=1 RT4s2=1 | t4min 0
X k4_certs_4_pure.json.gz#123 7,91,248,44 [[7], [2, 8], [4, 5], [3, 6]] def 1 k 3 | t1=0 t2=1 t3p=0 t3h=0 t4=0 t4s2=0 | R13=0 R134=0 R134s2=0 RT=1 RT4=1 RT4s2=1 | t4min 0
X k4_certs_4_pure.json.gz#123 7,91,249,44 [[7], [2, 8], [4, 5], [3, 6]] def 1 k 3 | t1=0 t2=1 t3p=0 t3h=0 t4=0 t4s2=0 | R13=0 R134=0 R134s2=0 RT=1 RT4=1 RT4s2=1 | t4min 0
X k4_certs_4_pure.json.gz#123 7,91,250,44 [[7], [2, 8], [4, 5], [3, 6]] def 1 k 3 | t1=0 t2=1 t3p=0 t3h=0 t4=0 t4s2=0 | R13=0 R134=0 R134s2=0 RT=1 RT4=1 RT4s2=1 | t4min 0
X k4_certs_4_pure.json.gz#123 7,91,252,44 [[7], [2, 8], [4, 5], [3, 6]] def 1 k 3 | t1=0 t2=1 t3p=0 t3h=0 t4=0 t4s2=0 | R13=0 R134=0 R134s2=0 RT=1 RT4=1 RT4s2=1 | t4min 0
X k4_certs_4_pure.json.gz#123 7,91,268,44 [[7], [2, 8], [4, 5], [3, 6]] def 1 k 3 | t1=0 t2=1 t3p=0 t3h=0 t4=0 t4s2=0 | R13=0 R134=0 R134s2=0 RT=1 RT4=1 RT4s2=1 | t4min 0
X k4_certs_4_pure.json.gz#123 7,91,269,44 [[7], [2, 8], [4, 5], [3, 6]] def 1 k 3 | t1=0 t2=1 t3p=0 t3h=0 t4=0 t4s2=0 | R13=0 R134=0 R134s2=0 RT=1 RT4=1 RT4s2=1 | t4min 0
X k4_certs_4_pure.json.gz#123 7,91,272,44 [[7], [2, 8], [4, 5], [3, 6]] def 1 k 3 | t1=0 t2=1 t3p=0 t3h=0 t4=0 t4s2=0 | R13=0 R134=0 R134s2=0 RT=1 RT4=1 RT4s2=1 | t4min 0
X k4_certs_4_pure.json.gz#123 7,91,273,44 [[7], [2, 8], [4, 5], [3, 6]] def 1 k 3 | t1=0 t2=1 t3p=0 t3h=0 t4=0 t4s2=0 | R13=0 R134=0 R134s2=0 RT=1 RT4=1 RT4s2=1 | t4min 0
X k4_certs_4_pure.json.gz#123 7,91,282,44 [[7], [2, 8], [4, 5], [3, 6]] def 1 k 3 | t1=0 t2=1 t3p=0 t3h=0 t4=0 t4s2=0 | R13=0 R134=0 R134s2=0 RT=1 RT4=1 RT4s2=1 | t4min 0
X k4_certs_4_pure.json.gz#123 7,91,284,44 [[7], [2, 8], [4, 5], [3, 6]] def 1 k 3 | t1=0 t2=1 t3p=0 t3h=0 t4=0 t4s2=0 | R13=0 R134=0 R134s2=0 RT=1 RT4=1 RT4s2=1 | t4min 0
X k4_certs_4_pure.json.gz#123 7,91,285,44 [[7], [2, 8], [4, 5], [3, 6]] def 1 k 3 | t1=0 t2=1 t3p=0 t3h=0 t4=0 t4s2=0 | R13=0 R134=0 R134s2=0 RT=1 RT4=1 RT4s2=1 | t4min 0
X k4_certs_4_pure.json.gz#123 7,91,286,44 [[7], [2, 8], [4, 5], [3, 6]] def 1 k 3 | t1=0 t2=1 t3p=0 t3h=0 t4=0 t4s2=0 | R13=0 R134=0 R134s2=0 RT=1 RT4=1 RT4s2=1 | t4min 0
X k4_certs_4_pure.json.gz#123 7,93,11,44 [[7], [2, 8], [4, 5], [3, 6]] def 1 k 3 | t1=0 t2=1 t3p=0 t3h=0 t4=0 t4s2=0 | R13=0 R134=0 R134s2=0 RT=1 RT4=1 RT4s2=1 | t4min 0
X k4_certs_4_pure.json.gz#123 7,93,13,44 [[7], [2, 8], [4, 5], [3, 6]] def 1 k 3 | t1=0 t2=1 t3p=0 t3h=0 t4=0 t4s2=0 | R13=0 R134=0 R134s2=0 RT=1 RT4=1 RT4s2=1 | t4min 0
X k4_certs_4_pure.json.gz#123 7,93,18,44 [[7], [2, 8], [4, 5], [3, 6]] def 1 k 3 | t1=0 t2=1 t3p=0 t3h=0 t4=0 t4s2=0 | R13=0 R134=0 R134s2=0 RT=1 RT4=1 RT4s2=1 | t4min 0
X k4_certs_4_pure.json.gz#123 7,93,25,44 [[7], [2, 8], [4, 5], [3, 6]] def 1 k 3 | t1=0 t2=1 t3p=0 t3h=0 t4=0 t4s2=0 | R13=0 R134=0 R134s2=0 RT=1 RT4=1 RT4s2=1 | t4min 0
X k4_certs_4_pure.json.gz#123 7,93,47,44 [[7], [2, 8], [4, 5], [3, 6]] def 1 k 3 | t1=0 t2=1 t3p=0 t3h=0 t4=0 t4s2=0 | R13=0 R134=0 R134s2=0 RT=1 RT4=1 RT4s2=1 | t4min 0
X k4_certs_4_pure.json.gz#123 7,93,50,44 [[7], [2, 8], [4, 5], [3, 6]] def 1 k 3 | t1=0 t2=1 t3p=0 t3h=0 t4=0 t4s2=0 | R13=0 R134=0 R134s2=0 RT=1 RT4=1 RT4s2=1 | t4min 0
X k4_certs_4_pure.json.gz#123 7,93,55,44 [[7], [2, 8], [4, 5], [3, 6]] def 1 k 3 | t1=0 t2=1 t3p=0 t3h=0 t4=0 t4s2=0 | R13=0 R134=0 R134s2=0 RT=1 RT4=1 RT4s2=1 | t4min 0
X k4_certs_4_pure.json.gz#123 7,93,67,44 [[7], [2, 8], [4, 5], [3, 6]] def 1 k 3 | t1=0 t2=1 t3p=0 t3h=0 t4=0 t4s2=0 | R13=0 R134=0 R134s2=0 RT=1 RT4=1 RT4s2=1 | t4min 0
X k4_certs_4_pure.json.gz#123 7,93,82,44 [[7], [2, 8], [4, 5], [3, 6]] def 1 k 3 | t1=0 t2=1 t3p=0 t3h=0 t4=0 t4s2=0 | R13=0 R134=0 R134s2=0 RT=1 RT4=1 RT4s2=1 | t4min 0
X k4_certs_4_pure.json.gz#123 7,93,89,44 [[7], [2, 8], [4, 5], [3, 6]] def 1 k 3 | t1=0 t2=1 t3p=0 t3h=0 t4=0 t4s2=0 | R13=0 R134=0 R134s2=0 RT=1 RT4=1 RT4s2=1 | t4min 0
X k4_certs_4_pure.json.gz#123 7,93,92,44 [[7], [2, 8], [4, 5], [3, 6]] def 1 k 3 | t1=0 t2=1 t3p=0 t3h=0 t4=0 t4s2=0 | R13=0 R134=0 R134s2=0 RT=1 RT4=1 RT4s2=1 | t4min 0
X k4_certs_4_pure.json.gz#123 7,93,95,44 [[7], [2, 8], [4, 5], [3, 6]] def 1 k 3 | t1=0 t2=1 t3p=0 t3h=0 t4=0 t4s2=0 | R13=0 R134=0 R134s2=0 RT=1 RT4=1 RT4s2=1 | t4min 0
X k4_certs_4_pure.json.gz#123 7,93,99,44 [[7], [2, 8], [4, 5], [3, 6]] def 1 k 3 | t1=0 t2=1 t3p=0 t3h=0 t4=0 t4s2=0 | R13=0 R134=0 R134s2=0 RT=1 RT4=1 RT4s2=1 | t4min 0
X k4_certs_4_pure.json.gz#123 7,93,100,44 [[7], [2, 8], [4, 5], [3, 6]] def 1 k 3 | t1=0 t2=1 t3p=0 t3h=0 t4=0 t4s2=0 | R13=0 R134=0 R134s2=0 RT=1 RT4=1 RT4s2=1 | t4min 0
X k4_certs_4_pure.json.gz#123 7,93,104,44 [[7], [2, 8], [4, 5], [3, 6]] def 1 k 3 | t1=0 t2=1 t3p=0 t3h=0 t4=0 t4s2=0 | R13=0 R134=0 R134s2=0 RT=1 RT4=1 RT4s2=1 | t4min 0
X k4_certs_4_pure.json.gz#123 7,93,114,44 [[7], [2, 8], [4, 5], [3, 6]] def 1 k 3 | t1=0 t2=1 t3p=0 t3h=0 t4=0 t4s2=0 | R13=0 R134=0 R134s2=0 RT=1 RT4=1 RT4s2=1 | t4min 0
X k4_certs_4_pure.json.gz#123 7,93,128,44 [[7], [2, 8], [4, 5], [3, 6]] def 1 k 3 | t1=0 t2=1 t3p=0 t3h=0 t4=0 t4s2=0 | R13=0 R134=0 R134s2=0 RT=1 RT4=1 RT4s2=1 | t4min 0
X k4_certs_4_pure.json.gz#123 7,93,131,44 [[7], [2, 8], [4, 5], [3, 6]] def 1 k 3 | t1=0 t2=1 t3p=0 t3h=0 t4=0 t4s2=0 | R13=0 R134=0 R134s2=0 RT=1 RT4=1 RT4s2=1 | t4min 0
X k4_certs_4_pure.json.gz#123 7,93,134,44 [[7], [2, 8], [4, 5], [3, 6]] def 1 k 3 | t1=0 t2=1 t3p=0 t3h=0 t4=0 t4s2=0 | R13=0 R134=0 R134s2=0 RT=1 RT4=1 RT4s2=1 | t4min 0
X k4_certs_4_pure.json.gz#123 7,93,135,44 [[7], [2, 8], [4, 5], [3, 6]] def 1 k 3 | t1=0 t2=1 t3p=0 t3h=0 t4=0 t4s2=0 | R13=0 R134=0 R134s2=0 RT=1 RT4=1 RT4s2=1 | t4min 0
X k4_certs_4_pure.json.gz#123 7,93,152,44 [[7], [2, 8], [4, 5], [3, 6]] def 1 k 3 | t1=0 t2=1 t3p=0 t3h=0 t4=0 t4s2=0 | R13=0 R134=0 R134s2=0 RT=1 RT4=1 RT4s2=1 | t4min 0
X k4_certs_4_pure.json.gz#123 7,93,155,44 [[7], [2, 8], [4, 5], [3, 6]] def 1 k 3 | t1=0 t2=1 t3p=0 t3h=0 t4=0 t4s2=0 | R13=0 R134=0 R134s2=0 RT=1 RT4=1 RT4s2=1 | t4min 0
X k4_certs_4_pure.json.gz#123 7,93,160,44 [[7], [2, 8], [4, 5], [3, 6]] def 1 k 3 | t1=0 t2=1 t3p=0 t3h=0 t4=0 t4s2=0 | R13=0 R134=0 R134s2=0 RT=1 RT4=1 RT4s2=1 | t4min 0
X k4_certs_4_pure.json.gz#123 7,93,165,44 [[7], [2, 8], [4, 5], [3, 6]] def 1 k 3 | t1=0 t2=1 t3p=0 t3h=0 t4=0 t4s2=0 | R13=0 R134=0 R134s2=0 RT=1 RT4=1 RT4s2=1 | t4min 0
X k4_certs_4_pure.json.gz#123 7,93,174,44 [[7], [2, 8], [4, 5], [3, 6]] def 1 k 3 | t1=0 t2=1 t3p=0 t3h=0 t4=0 t4s2=0 | R13=0 R134=0 R134s2=0 RT=1 RT4=1 RT4s2=1 | t4min 0
X k4_certs_4_pure.json.gz#123 7,93,192,44 [[7], [2, 8], [4, 5], [3, 6]] def 1 k 3 | t1=0 t2=1 t3p=0 t3h=0 t4=0 t4s2=0 | R13=0 R134=0 R134s2=0 RT=1 RT4=1 RT4s2=1 | t4min 0
X k4_certs_4_pure.json.gz#123 7,93,193,44 [[7], [2, 8], [4, 5], [3, 6]] def 1 k 3 | t1=0 t2=1 t3p=0 t3h=0 t4=0 t4s2=0 | R13=0 R134=0 R134s2=0 RT=1 RT4=1 RT4s2=1 | t4min 0
X k4_certs_4_pure.json.gz#123 7,93,198,44 [[7], [2, 8], [4, 5], [3, 6]] def 1 k 3 | t1=0 t2=1 t3p=0 t3h=0 t4=0 t4s2=0 | R13=0 R134=0 R134s2=0 RT=1 RT4=1 RT4s2=1 | t4min 0
X k4_certs_4_pure.json.gz#123 7,93,201,44 [[7], [2, 8], [4, 5], [3, 6]] def 1 k 3 | t1=0 t2=1 t3p=0 t3h=0 t4=0 t4s2=0 | R13=0 R134=0 R134s2=0 RT=1 RT4=1 RT4s2=1 | t4min 0
X k4_certs_4_pure.json.gz#123 7,93,217,44 [[7], [2, 8], [4, 5], [3, 6]] def 1 k 3 | t1=0 t2=1 t3p=0 t3h=0 t4=0 t4s2=0 | R13=0 R134=0 R134s2=0 RT=1 RT4=1 RT4s2=1 | t4min 0
X k4_certs_4_pure.json.gz#123 7,93,222,44 [[7], [2, 8], [4, 5], [3, 6]] def 1 k 3 | t1=0 t2=1 t3p=0 t3h=0 t4=0 t4s2=0 | R13=0 R134=0 R134s2=0 RT=1 RT4=1 RT4s2=1 | t4min 0
X k4_certs_4_pure.json.gz#123 7,93,233,44 [[7], [2, 8], [4, 5], [3, 6]] def 1 k 3 | t1=0 t2=1 t3p=0 t3h=0 t4=0 t4s2=0 | R13=0 R134=0 R134s2=0 RT=1 RT4=1 RT4s2=1 | t4min 0
X k4_certs_4_pure.json.gz#123 7,93,234,44 [[7], [2, 8], [4, 5], [3, 6]] def 1 k 3 | t1=0 t2=1 t3p=0 t3h=0 t4=0 t4s2=0 | R13=0 R134=0 R134s2=0 RT=1 RT4=1 RT4s2=1 | t4min 0
X k4_certs_4_pure.json.gz#123 7,93,236,44 [[7], [2, 8], [4, 5], [3, 6]] def 1 k 3 | t1=0 t2=1 t3p=0 t3h=0 t4=0 t4s2=0 | R13=0 R134=0 R134s2=0 RT=1 RT4=1 RT4s2=1 | t4min 0
X k4_certs_4_pure.json.gz#123 7,93,237,44 [[7], [2, 8], [4, 5], [3, 6]] def 1 k 3 | t1=0 t2=1 t3p=0 t3h=0 t4=0 t4s2=0 | R13=0 R134=0 R134s2=0 RT=1 RT4=1 RT4s2=1 | t4min 0
X k4_certs_4_pure.json.gz#123 7,93,241,44 [[7], [2, 8], [4, 5], [3, 6]] def 1 k 3 | t1=0 t2=1 t3p=0 t3h=0 t4=0 t4s2=0 | R13=0 R134=0 R134s2=0 RT=1 RT4=1 RT4s2=1 | t4min 0
X k4_certs_4_pure.json.gz#123 7,93,242,44 [[7], [2, 8], [4, 5], [3, 6]] def 1 k 3 | t1=0 t2=1 t3p=0 t3h=0 t4=0 t4s2=0 | R13=0 R134=0 R134s2=0 RT=1 RT4=1 RT4s2=1 | t4min 0
X k4_certs_4_pure.json.gz#123 7,93,243,44 [[7], [2, 8], [4, 5], [3, 6]] def 1 k 3 | t1=0 t2=1 t3p=0 t3h=0 t4=0 t4s2=0 | R13=0 R134=0 R134s2=0 RT=1 RT4=1 RT4s2=1 | t4min 0
X k4_certs_4_pure.json.gz#123 7,93,245,44 [[7], [2, 8], [4, 5], [3, 6]] def 1 k 3 | t1=0 t2=1 t3p=0 t3h=0 t4=0 t4s2=0 | R13=0 R134=0 R134s2=0 RT=1 RT4=1 RT4s2=1 | t4min 0
X k4_certs_4_pure.json.gz#123 7,93,248,44 [[7], [2, 8], [4, 5], [3, 6]] def 1 k 3 | t1=0 t2=1 t3p=0 t3h=0 t4=0 t4s2=0 | R13=0 R134=0 R134s2=0 RT=1 RT4=1 RT4s2=1 | t4min 0
X k4_certs_4_pure.json.gz#123 7,93,249,44 [[7], [2, 8], [4, 5], [3, 6]] def 1 k 3 | t1=0 t2=1 t3p=0 t3h=0 t4=0 t4s2=0 | R13=0 R134=0 R134s2=0 RT=1 RT4=1 RT4s2=1 | t4min 0
X k4_certs_4_pure.json.gz#123 7,93,250,44 [[7], [2, 8], [4, 5], [3, 6]] def 1 k 3 | t1=0 t2=1 t3p=0 t3h=0 t4=0 t4s2=0 | R13=0 R134=0 R134s2=0 RT=1 RT4=1 RT4s2=1 | t4min 0
X k4_certs_4_pure.json.gz#123 7,93,252,44 [[7], [2, 8], [4, 5], [3, 6]] def 1 k 3 | t1=0 t2=1 t3p=0 t3h=0 t4=0 t4s2=0 | R13=0 R134=0 R134s2=0 RT=1 RT4=1 RT4s2=1 | t4min 0
X k4_certs_4_pure.json.gz#123 7,93,268,44 [[7], [2, 8], [4, 5], [3, 6]] def 1 k 3 | t1=0 t2=1 t3p=0 t3h=0 t4=0 t4s2=0 | R13=0 R134=0 R134s2=0 RT=1 RT4=1 RT4s2=1 | t4min 0
X k4_certs_4_pure.json.gz#123 7,93,269,44 [[7], [2, 8], [4, 5], [3, 6]] def 1 k 3 | t1=0 t2=1 t3p=0 t3h=0 t4=0 t4s2=0 | R13=0 R134=0 R134s2=0 RT=1 RT4=1 RT4s2=1 | t4min 0
X k4_certs_4_pure.json.gz#123 7,93,272,44 [[7], [2, 8], [4, 5], [3, 6]] def 1 k 3 | t1=0 t2=1 t3p=0 t3h=0 t4=0 t4s2=0 | R13=0 R134=0 R134s2=0 RT=1 RT4=1 RT4s2=1 | t4min 0
X k4_certs_4_pure.json.gz#123 7,93,273,44 [[7], [2, 8], [4, 5], [3, 6]] def 1 k 3 | t1=0 t2=1 t3p=0 t3h=0 t4=0 t4s2=0 | R13=0 R134=0 R134s2=0 RT=1 RT4=1 RT4s2=1 | t4min 0
X k4_certs_4_pure.json.gz#123 7,93,282,44 [[7], [2, 8], [4, 5], [3, 6]] def 1 k 3 | t1=0 t2=1 t3p=0 t3h=0 t4=0 t4s2=0 | R13=0 R134=0 R134s2=0 RT=1 RT4=1 RT4s2=1 | t4min 0
X k4_certs_4_pure.json.gz#123 7,93,284,44 [[7], [2, 8], [4, 5], [3, 6]] def 1 k 3 | t1=0 t2=1 t3p=0 t3h=0 t4=0 t4s2=0 | R13=0 R134=0 R134s2=0 RT=1 RT4=1 RT4s2=1 | t4min 0
X k4_certs_4_pure.json.gz#123 7,93,285,44 [[7], [2, 8], [4, 5], [3, 6]] def 1 k 3 | t1=0 t2=1 t3p=0 t3h=0 t4=0 t4s2=0 | R13=0 R134=0 R134s2=0 RT=1 RT4=1 RT4s2=1 | t4min 0
X k4_certs_4_pure.json.gz#123 7,93,286,44 [[7], [2, 8], [4, 5], [3, 6]] def 1 k 3 | t1=0 t2=1 t3p=0 t3h=0 t4=0 t4s2=0 | R13=0 R134=0 R134s2=0 RT=1 RT4=1 RT4s2=1 | t4min 0
X k4_certs_4_pure.json.gz#123 7,97,11,44 [[7], [2, 8], [4, 5], [3, 6]] def 1 k 3 | t1=0 t2=1 t3p=0 t3h=0 t4=0 t4s2=0 | R13=0 R134=0 R134s2=0 RT=1 RT4=1 RT4s2=1 | t4min 0
X k4_certs_4_pure.json.gz#123 7,97,13,44 [[7], [2, 8], [4, 5], [3, 6]] def 1 k 3 | t1=0 t2=1 t3p=0 t3h=0 t4=0 t4s2=0 | R13=0 R134=0 R134s2=0 RT=1 RT4=1 RT4s2=1 | t4min 0
X k4_certs_4_pure.json.gz#123 7,97,18,44 [[7], [2, 8], [4, 5], [3, 6]] def 1 k 3 | t1=0 t2=1 t3p=0 t3h=0 t4=0 t4s2=0 | R13=0 R134=0 R134s2=0 RT=1 RT4=1 RT4s2=1 | t4min 0
X k4_certs_4_pure.json.gz#123 7,97,25,44 [[7], [2, 8], [4, 5], [3, 6]] def 1 k 3 | t1=0 t2=1 t3p=0 t3h=0 t4=0 t4s2=0 | R13=0 R134=0 R134s2=0 RT=1 RT4=1 RT4s2=1 | t4min 0
X k4_certs_4_pure.json.gz#123 7,97,47,44 [[7], [2, 8], [4, 5], [3, 6]] def 1 k 3 | t1=0 t2=1 t3p=0 t3h=0 t4=0 t4s2=0 | R13=0 R134=0 R134s2=0 RT=1 RT4=1 RT4s2=1 | t4min 0
X k4_certs_4_pure.json.gz#123 7,97,50,44 [[7], [2, 8], [4, 5], [3, 6]] def 1 k 3 | t1=0 t2=1 t3p=0 t3h=0 t4=0 t4s2=0 | R13=0 R134=0 R134s2=0 RT=1 RT4=1 RT4s2=1 | t4min 0
X k4_certs_4_pure.json.gz#123 7,97,55,44 [[7], [2, 8], [4, 5], [3, 6]] def 1 k 3 | t1=0 t2=1 t3p=0 t3h=0 t4=0 t4s2=0 | R13=0 R134=0 R134s2=0 RT=1 RT4=1 RT4s2=1 | t4min 0
X k4_certs_4_pure.json.gz#123 7,97,67,44 [[7], [2, 8], [4, 5], [3, 6]] def 1 k 3 | t1=0 t2=1 t3p=0 t3h=0 t4=0 t4s2=0 | R13=0 R134=0 R134s2=0 RT=1 RT4=1 RT4s2=1 | t4min 0
X k4_certs_4_pure.json.gz#123 7,97,82,44 [[7], [2, 8], [4, 5], [3, 6]] def 1 k 3 | t1=0 t2=1 t3p=0 t3h=0 t4=0 t4s2=0 | R13=0 R134=0 R134s2=0 RT=1 RT4=1 RT4s2=1 | t4min 0
X k4_certs_4_pure.json.gz#123 7,97,89,44 [[7], [2, 8], [4, 5], [3, 6]] def 1 k 3 | t1=0 t2=1 t3p=0 t3h=0 t4=0 t4s2=0 | R13=0 R134=0 R134s2=0 RT=1 RT4=1 RT4s2=1 | t4min 0
X k4_certs_4_pure.json.gz#123 7,97,92,44 [[7], [2, 8], [4, 5], [3, 6]] def 1 k 3 | t1=0 t2=1 t3p=0 t3h=0 t4=0 t4s2=0 | R13=0 R134=0 R134s2=0 RT=1 RT4=1 RT4s2=1 | t4min 0
X k4_certs_4_pure.json.gz#123 7,97,95,44 [[7], [2, 8], [4, 5], [3, 6]] def 1 k 3 | t1=0 t2=1 t3p=0 t3h=0 t4=0 t4s2=0 | R13=0 R134=0 R134s2=0 RT=1 RT4=1 RT4s2=1 | t4min 0
X k4_certs_4_pure.json.gz#123 7,97,99,44 [[7], [2, 8], [4, 5], [3, 6]] def 1 k 3 | t1=0 t2=1 t3p=0 t3h=0 t4=0 t4s2=0 | R13=0 R134=0 R134s2=0 RT=1 RT4=1 RT4s2=1 | t4min 0
X k4_certs_4_pure.json.gz#123 7,97,100,44 [[7], [2, 8], [4, 5], [3, 6]] def 1 k 3 | t1=0 t2=1 t3p=0 t3h=0 t4=0 t4s2=0 | R13=0 R134=0 R134s2=0 RT=1 RT4=1 RT4s2=1 | t4min 0
X k4_certs_4_pure.json.gz#123 7,97,104,44 [[7], [2, 8], [4, 5], [3, 6]] def 1 k 3 | t1=0 t2=1 t3p=0 t3h=0 t4=0 t4s2=0 | R13=0 R134=0 R134s2=0 RT=1 RT4=1 RT4s2=1 | t4min 0
X k4_certs_4_pure.json.gz#123 7,97,114,44 [[7], [2, 8], [4, 5], [3, 6]] def 1 k 3 | t1=0 t2=1 t3p=0 t3h=0 t4=0 t4s2=0 | R13=0 R134=0 R134s2=0 RT=1 RT4=1 RT4s2=1 | t4min 0
X k4_certs_4_pure.json.gz#123 7,97,128,44 [[7], [2, 8], [4, 5], [3, 6]] def 1 k 3 | t1=0 t2=1 t3p=0 t3h=0 t4=0 t4s2=0 | R13=0 R134=0 R134s2=0 RT=1 RT4=1 RT4s2=1 | t4min 0
X k4_certs_4_pure.json.gz#123 7,97,131,44 [[7], [2, 8], [4, 5], [3, 6]] def 1 k 3 | t1=0 t2=1 t3p=0 t3h=0 t4=0 t4s2=0 | R13=0 R134=0 R134s2=0 RT=1 RT4=1 RT4s2=1 | t4min 0
X k4_certs_4_pure.json.gz#123 7,97,134,44 [[7], [2, 8], [4, 5], [3, 6]] def 1 k 3 | t1=0 t2=1 t3p=0 t3h=0 t4=0 t4s2=0 | R13=0 R134=0 R134s2=0 RT=1 RT4=1 RT4s2=1 | t4min 0
X k4_certs_4_pure.json.gz#123 7,97,135,44 [[7], [2, 8], [4, 5], [3, 6]] def 1 k 3 | t1=0 t2=1 t3p=0 t3h=0 t4=0 t4s2=0 | R13=0 R134=0 R134s2=0 RT=1 RT4=1 RT4s2=1 | t4min 0
X k4_certs_4_pure.json.gz#123 7,97,152,44 [[7], [2, 8], [4, 5], [3, 6]] def 1 k 3 | t1=0 t2=1 t3p=0 t3h=0 t4=0 t4s2=0 | R13=0 R134=0 R134s2=0 RT=1 RT4=1 RT4s2=1 | t4min 0
X k4_certs_4_pure.json.gz#123 7,97,155,44 [[7], [2, 8], [4, 5], [3, 6]] def 1 k 3 | t1=0 t2=1 t3p=0 t3h=0 t4=0 t4s2=0 | R13=0 R134=0 R134s2=0 RT=1 RT4=1 RT4s2=1 | t4min 0
X k4_certs_4_pure.json.gz#123 7,97,160,44 [[7], [2, 8], [4, 5], [3, 6]] def 1 k 3 | t1=0 t2=1 t3p=0 t3h=0 t4=0 t4s2=0 | R13=0 R134=0 R134s2=0 RT=1 RT4=1 RT4s2=1 | t4min 0
X k4_certs_4_pure.json.gz#123 7,97,165,44 [[7], [2, 8], [4, 5], [3, 6]] def 1 k 3 | t1=0 t2=1 t3p=0 t3h=0 t4=0 t4s2=0 | R13=0 R134=0 R134s2=0 RT=1 RT4=1 RT4s2=1 | t4min 0
X k4_certs_4_pure.json.gz#123 7,97,174,44 [[7], [2, 8], [4, 5], [3, 6]] def 1 k 3 | t1=0 t2=1 t3p=0 t3h=0 t4=0 t4s2=0 | R13=0 R134=0 R134s2=0 RT=1 RT4=1 RT4s2=1 | t4min 0
X k4_certs_4_pure.json.gz#123 7,97,192,44 [[7], [2, 8], [4, 5], [3, 6]] def 1 k 3 | t1=0 t2=1 t3p=0 t3h=0 t4=0 t4s2=0 | R13=0 R134=0 R134s2=0 RT=1 RT4=1 RT4s2=1 | t4min 0
X k4_certs_4_pure.json.gz#123 7,97,193,44 [[7], [2, 8], [4, 5], [3, 6]] def 1 k 3 | t1=0 t2=1 t3p=0 t3h=0 t4=0 t4s2=0 | R13=0 R134=0 R134s2=0 RT=1 RT4=1 RT4s2=1 | t4min 0
X k4_certs_4_pure.json.gz#123 7,97,198,44 [[7], [2, 8], [4, 5], [3, 6]] def 1 k 3 | t1=0 t2=1 t3p=0 t3h=0 t4=0 t4s2=0 | R13=0 R134=0 R134s2=0 RT=1 RT4=1 RT4s2=1 | t4min 0
X k4_certs_4_pure.json.gz#123 7,97,201,44 [[7], [2, 8], [4, 5], [3, 6]] def 1 k 3 | t1=0 t2=1 t3p=0 t3h=0 t4=0 t4s2=0 | R13=0 R134=0 R134s2=0 RT=1 RT4=1 RT4s2=1 | t4min 0
X k4_certs_4_pure.json.gz#123 7,97,217,44 [[7], [2, 8], [4, 5], [3, 6]] def 1 k 3 | t1=0 t2=1 t3p=0 t3h=0 t4=0 t4s2=0 | R13=0 R134=0 R134s2=0 RT=1 RT4=1 RT4s2=1 | t4min 0
X k4_certs_4_pure.json.gz#123 7,97,222,44 [[7], [2, 8], [4, 5], [3, 6]] def 1 k 3 | t1=0 t2=1 t3p=0 t3h=0 t4=0 t4s2=0 | R13=0 R134=0 R134s2=0 RT=1 RT4=1 RT4s2=1 | t4min 0
X k4_certs_4_pure.json.gz#123 7,97,233,44 [[7], [2, 8], [4, 5], [3, 6]] def 1 k 3 | t1=0 t2=1 t3p=0 t3h=0 t4=0 t4s2=0 | R13=0 R134=0 R134s2=0 RT=1 RT4=1 RT4s2=1 | t4min 0
X k4_certs_4_pure.json.gz#123 7,97,234,44 [[7], [2, 8], [4, 5], [3, 6]] def 1 k 3 | t1=0 t2=1 t3p=0 t3h=0 t4=0 t4s2=0 | R13=0 R134=0 R134s2=0 RT=1 RT4=1 RT4s2=1 | t4min 0
X k4_certs_4_pure.json.gz#123 7,97,236,44 [[7], [2, 8], [4, 5], [3, 6]] def 1 k 3 | t1=0 t2=1 t3p=0 t3h=0 t4=0 t4s2=0 | R13=0 R134=0 R134s2=0 RT=1 RT4=1 RT4s2=1 | t4min 0
X k4_certs_4_pure.json.gz#123 7,97,237,44 [[7], [2, 8], [4, 5], [3, 6]] def 1 k 3 | t1=0 t2=1 t3p=0 t3h=0 t4=0 t4s2=0 | R13=0 R134=0 R134s2=0 RT=1 RT4=1 RT4s2=1 | t4min 0
X k4_certs_4_pure.json.gz#123 7,97,241,44 [[7], [2, 8], [4, 5], [3, 6]] def 1 k 3 | t1=0 t2=1 t3p=0 t3h=0 t4=0 t4s2=0 | R13=0 R134=0 R134s2=0 RT=1 RT4=1 RT4s2=1 | t4min 0
X k4_certs_4_pure.json.gz#123 7,97,242,44 [[7], [2, 8], [4, 5], [3, 6]] def 1 k 3 | t1=0 t2=1 t3p=0 t3h=0 t4=0 t4s2=0 | R13=0 R134=0 R134s2=0 RT=1 RT4=1 RT4s2=1 | t4min 0
X k4_certs_4_pure.json.gz#123 7,97,243,44 [[7], [2, 8], [4, 5], [3, 6]] def 1 k 3 | t1=0 t2=1 t3p=0 t3h=0 t4=0 t4s2=0 | R13=0 R134=0 R134s2=0 RT=1 RT4=1 RT4s2=1 | t4min 0
X k4_certs_4_pure.json.gz#123 7,97,245,44 [[7], [2, 8], [4, 5], [3, 6]] def 1 k 3 | t1=0 t2=1 t3p=0 t3h=0 t4=0 t4s2=0 | R13=0 R134=0 R134s2=0 RT=1 RT4=1 RT4s2=1 | t4min 0
X k4_certs_4_pure.json.gz#123 7,97,248,44 [[7], [2, 8], [4, 5], [3, 6]] def 1 k 3 | t1=0 t2=1 t3p=0 t3h=0 t4=0 t4s2=0 | R13=0 R134=0 R134s2=0 RT=1 RT4=1 RT4s2=1 | t4min 0
X k4_certs_4_pure.json.gz#123 7,97,249,44 [[7], [2, 8], [4, 5], [3, 6]] def 1 k 3 | t1=0 t2=1 t3p=0 t3h=0 t4=0 t4s2=0 | R13=0 R134=0 R134s2=0 RT=1 RT4=1 RT4s2=1 | t4min 0
X k4_certs_4_pure.json.gz#123 7,97,250,44 [[7], [2, 8], [4, 5], [3, 6]] def 1 k 3 | t1=0 t2=1 t3p=0 t3h=0 t4=0 t4s2=0 | R13=0 R134=0 R134s2=0 RT=1 RT4=1 RT4s2=1 | t4min 0
X k4_certs_4_pure.json.gz#123 7,97,252,44 [[7], [2, 8], [4, 5], [3, 6]] def 1 k 3 | t1=0 t2=1 t3p=0 t3h=0 t4=0 t4s2=0 | R13=0 R134=0 R134s2=0 RT=1 RT4=1 RT4s2=1 | t4min 0
X k4_certs_4_pure.json.gz#123 7,97,268,44 [[7], [2, 8], [4, 5], [3, 6]] def 1 k 3 | t1=0 t2=1 t3p=0 t3h=0 t4=0 t4s2=0 | R13=0 R134=0 R134s2=0 RT=1 RT4=1 RT4s2=1 | t4min 0
X k4_certs_4_pure.json.gz#123 7,97,269,44 [[7], [2, 8], [4, 5], [3, 6]] def 1 k 3 | t1=0 t2=1 t3p=0 t3h=0 t4=0 t4s2=0 | R13=0 R134=0 R134s2=0 RT=1 RT4=1 RT4s2=1 | t4min 0
X k4_certs_4_pure.json.gz#123 7,97,272,44 [[7], [2, 8], [4, 5], [3, 6]] def 1 k 3 | t1=0 t2=1 t3p=0 t3h=0 t4=0 t4s2=0 | R13=0 R134=0 R134s2=0 RT=1 RT4=1 RT4s2=1 | t4min 0
X k4_certs_4_pure.json.gz#123 7,97,273,44 [[7], [2, 8], [4, 5], [3, 6]] def 1 k 3 | t1=0 t2=1 t3p=0 t3h=0 t4=0 t4s2=0 | R13=0 R134=0 R134s2=0 RT=1 RT4=1 RT4s2=1 | t4min 0
X k4_certs_4_pure.json.gz#123 7,97,282,44 [[7], [2, 8], [4, 5], [3, 6]] def 1 k 3 | t1=0 t2=1 t3p=0 t3h=0 t4=0 t4s2=0 | R13=0 R134=0 R134s2=0 RT=1 RT4=1 RT4s2=1 | t4min 0
X k4_certs_4_pure.json.gz#123 7,97,284,44 [[7], [2, 8], [4, 5], [3, 6]] def 1 k 3 | t1=0 t2=1 t3p=0 t3h=0 t4=0 t4s2=0 | R13=0 R134=0 R134s2=0 RT=1 RT4=1 RT4s2=1 | t4min 0
X k4_certs_4_pure.json.gz#123 7,97,285,44 [[7], [2, 8], [4, 5], [3, 6]] def 1 k 3 | t1=0 t2=1 t3p=0 t3h=0 t4=0 t4s2=0 | R13=0 R134=0 R134s2=0 RT=1 RT4=1 RT4s2=1 | t4min 0
X k4_certs_4_pure.json.gz#123 7,97,286,44 [[7], [2, 8], [4, 5], [3, 6]] def 1 k 3 | t1=0 t2=1 t3p=0 t3h=0 t4=0 t4s2=0 | R13=0 R134=0 R134s2=0 RT=1 RT4=1 RT4s2=1 | t4min 0
X k4_certs_4_pure.json.gz#123 7,103,11,44 [[7], [2, 8], [4, 5], [3, 6]] def 1 k 3 | t1=0 t2=1 t3p=0 t3h=0 t4=0 t4s2=0 | R13=0 R134=0 R134s2=0 RT=1 RT4=1 RT4s2=1 | t4min 0
X k4_certs_4_pure.json.gz#123 7,103,13,44 [[7], [2, 8], [4, 5], [3, 6]] def 1 k 3 | t1=0 t2=1 t3p=0 t3h=0 t4=0 t4s2=0 | R13=0 R134=0 R134s2=0 RT=1 RT4=1 RT4s2=1 | t4min 0
X k4_certs_4_pure.json.gz#123 7,103,18,44 [[7], [2, 8], [4, 5], [3, 6]] def 1 k 3 | t1=0 t2=1 t3p=0 t3h=0 t4=0 t4s2=0 | R13=0 R134=0 R134s2=0 RT=1 RT4=1 RT4s2=1 | t4min 0
X k4_certs_4_pure.json.gz#123 7,103,25,44 [[7], [2, 8], [4, 5], [3, 6]] def 1 k 3 | t1=0 t2=1 t3p=0 t3h=0 t4=0 t4s2=0 | R13=0 R134=0 R134s2=0 RT=1 RT4=1 RT4s2=1 | t4min 0
X k4_certs_4_pure.json.gz#123 7,103,47,44 [[7], [2, 8], [4, 5], [3, 6]] def 1 k 3 | t1=0 t2=1 t3p=0 t3h=0 t4=0 t4s2=0 | R13=0 R134=0 R134s2=0 RT=1 RT4=1 RT4s2=1 | t4min 0
X k4_certs_4_pure.json.gz#123 7,103,50,44 [[7], [2, 8], [4, 5], [3, 6]] def 1 k 3 | t1=0 t2=1 t3p=0 t3h=0 t4=0 t4s2=0 | R13=0 R134=0 R134s2=0 RT=1 RT4=1 RT4s2=1 | t4min 0
X k4_certs_4_pure.json.gz#123 7,103,55,44 [[7], [2, 8], [4, 5], [3, 6]] def 1 k 3 | t1=0 t2=1 t3p=0 t3h=0 t4=0 t4s2=0 | R13=0 R134=0 R134s2=0 RT=1 RT4=1 RT4s2=1 | t4min 0
X k4_certs_4_pure.json.gz#123 7,103,67,44 [[7], [2, 8], [4, 5], [3, 6]] def 1 k 3 | t1=0 t2=1 t3p=0 t3h=0 t4=0 t4s2=0 | R13=0 R134=0 R134s2=0 RT=1 RT4=1 RT4s2=1 | t4min 0
X k4_certs_4_pure.json.gz#123 7,103,82,44 [[7], [2, 8], [4, 5], [3, 6]] def 1 k 3 | t1=0 t2=1 t3p=0 t3h=0 t4=0 t4s2=0 | R13=0 R134=0 R134s2=0 RT=1 RT4=1 RT4s2=1 | t4min 0
X k4_certs_4_pure.json.gz#123 7,103,89,44 [[7], [2, 8], [4, 5], [3, 6]] def 1 k 3 | t1=0 t2=1 t3p=0 t3h=0 t4=0 t4s2=0 | R13=0 R134=0 R134s2=0 RT=1 RT4=1 RT4s2=1 | t4min 0
X k4_certs_4_pure.json.gz#123 7,103,92,44 [[7], [2, 8], [4, 5], [3, 6]] def 1 k 3 | t1=0 t2=1 t3p=0 t3h=0 t4=0 t4s2=0 | R13=0 R134=0 R134s2=0 RT=1 RT4=1 RT4s2=1 | t4min 0
X k4_certs_4_pure.json.gz#123 7,103,95,44 [[7], [2, 8], [4, 5], [3, 6]] def 1 k 3 | t1=0 t2=1 t3p=0 t3h=0 t4=0 t4s2=0 | R13=0 R134=0 R134s2=0 RT=1 RT4=1 RT4s2=1 | t4min 0
X k4_certs_4_pure.json.gz#123 7,103,99,44 [[7], [2, 8], [4, 5], [3, 6]] def 1 k 3 | t1=0 t2=1 t3p=0 t3h=0 t4=0 t4s2=0 | R13=0 R134=0 R134s2=0 RT=1 RT4=1 RT4s2=1 | t4min 0
X k4_certs_4_pure.json.gz#123 7,103,100,44 [[7], [2, 8], [4, 5], [3, 6]] def 1 k 3 | t1=0 t2=1 t3p=0 t3h=0 t4=0 t4s2=0 | R13=0 R134=0 R134s2=0 RT=1 RT4=1 RT4s2=1 | t4min 0
X k4_certs_4_pure.json.gz#123 7,103,104,44 [[7], [2, 8], [4, 5], [3, 6]] def 1 k 3 | t1=0 t2=1 t3p=0 t3h=0 t4=0 t4s2=0 | R13=0 R134=0 R134s2=0 RT=1 RT4=1 RT4s2=1 | t4min 0
X k4_certs_4_pure.json.gz#123 7,103,114,44 [[7], [2, 8], [4, 5], [3, 6]] def 1 k 3 | t1=0 t2=1 t3p=0 t3h=0 t4=0 t4s2=0 | R13=0 R134=0 R134s2=0 RT=1 RT4=1 RT4s2=1 | t4min 0
X k4_certs_4_pure.json.gz#123 7,103,128,44 [[7], [2, 8], [4, 5], [3, 6]] def 1 k 3 | t1=0 t2=1 t3p=0 t3h=0 t4=0 t4s2=0 | R13=0 R134=0 R134s2=0 RT=1 RT4=1 RT4s2=1 | t4min 0
X k4_certs_4_pure.json.gz#123 7,103,131,44 [[7], [2, 8], [4, 5], [3, 6]] def 1 k 3 | t1=0 t2=1 t3p=0 t3h=0 t4=0 t4s2=0 | R13=0 R134=0 R134s2=0 RT=1 RT4=1 RT4s2=1 | t4min 0
X k4_certs_4_pure.json.gz#123 7,103,134,44 [[7], [2, 8], [4, 5], [3, 6]] def 1 k 3 | t1=0 t2=1 t3p=0 t3h=0 t4=0 t4s2=0 | R13=0 R134=0 R134s2=0 RT=1 RT4=1 RT4s2=1 | t4min 0
X k4_certs_4_pure.json.gz#123 7,103,135,44 [[7], [2, 8], [4, 5], [3, 6]] def 1 k 3 | t1=0 t2=1 t3p=0 t3h=0 t4=0 t4s2=0 | R13=0 R134=0 R134s2=0 RT=1 RT4=1 RT4s2=1 | t4min 0
X k4_certs_4_pure.json.gz#123 7,103,152,44 [[7], [2, 8], [4, 5], [3, 6]] def 1 k 3 | t1=0 t2=1 t3p=0 t3h=0 t4=0 t4s2=0 | R13=0 R134=0 R134s2=0 RT=1 RT4=1 RT4s2=1 | t4min 0
X k4_certs_4_pure.json.gz#123 7,103,155,44 [[7], [2, 8], [4, 5], [3, 6]] def 1 k 3 | t1=0 t2=1 t3p=0 t3h=0 t4=0 t4s2=0 | R13=0 R134=0 R134s2=0 RT=1 RT4=1 RT4s2=1 | t4min 0
X k4_certs_4_pure.json.gz#123 7,103,160,44 [[7], [2, 8], [4, 5], [3, 6]] def 1 k 3 | t1=0 t2=1 t3p=0 t3h=0 t4=0 t4s2=0 | R13=0 R134=0 R134s2=0 RT=1 RT4=1 RT4s2=1 | t4min 0
X k4_certs_4_pure.json.gz#123 7,103,165,44 [[7], [2, 8], [4, 5], [3, 6]] def 1 k 3 | t1=0 t2=1 t3p=0 t3h=0 t4=0 t4s2=0 | R13=0 R134=0 R134s2=0 RT=1 RT4=1 RT4s2=1 | t4min 0
X k4_certs_4_pure.json.gz#123 7,103,174,44 [[7], [2, 8], [4, 5], [3, 6]] def 1 k 3 | t1=0 t2=1 t3p=0 t3h=0 t4=0 t4s2=0 | R13=0 R134=0 R134s2=0 RT=1 RT4=1 RT4s2=1 | t4min 0
X k4_certs_4_pure.json.gz#123 7,103,192,44 [[7], [2, 8], [4, 5], [3, 6]] def 1 k 3 | t1=0 t2=1 t3p=0 t3h=0 t4=0 t4s2=0 | R13=0 R134=0 R134s2=0 RT=1 RT4=1 RT4s2=1 | t4min 0
X k4_certs_4_pure.json.gz#123 7,103,193,44 [[7], [2, 8], [4, 5], [3, 6]] def 1 k 3 | t1=0 t2=1 t3p=0 t3h=0 t4=0 t4s2=0 | R13=0 R134=0 R134s2=0 RT=1 RT4=1 RT4s2=1 | t4min 0
X k4_certs_4_pure.json.gz#123 7,103,198,44 [[7], [2, 8], [4, 5], [3, 6]] def 1 k 3 | t1=0 t2=1 t3p=0 t3h=0 t4=0 t4s2=0 | R13=0 R134=0 R134s2=0 RT=1 RT4=1 RT4s2=1 | t4min 0
X k4_certs_4_pure.json.gz#123 7,103,201,44 [[7], [2, 8], [4, 5], [3, 6]] def 1 k 3 | t1=0 t2=1 t3p=0 t3h=0 t4=0 t4s2=0 | R13=0 R134=0 R134s2=0 RT=1 RT4=1 RT4s2=1 | t4min 0
X k4_certs_4_pure.json.gz#123 7,103,217,44 [[7], [2, 8], [4, 5], [3, 6]] def 1 k 3 | t1=0 t2=1 t3p=0 t3h=0 t4=0 t4s2=0 | R13=0 R134=0 R134s2=0 RT=1 RT4=1 RT4s2=1 | t4min 0
X k4_certs_4_pure.json.gz#123 7,103,222,44 [[7], [2, 8], [4, 5], [3, 6]] def 1 k 3 | t1=0 t2=1 t3p=0 t3h=0 t4=0 t4s2=0 | R13=0 R134=0 R134s2=0 RT=1 RT4=1 RT4s2=1 | t4min 0
X k4_certs_4_pure.json.gz#123 7,103,233,44 [[7], [2, 8], [4, 5], [3, 6]] def 1 k 3 | t1=0 t2=1 t3p=0 t3h=0 t4=0 t4s2=0 | R13=0 R134=0 R134s2=0 RT=1 RT4=1 RT4s2=1 | t4min 0
X k4_certs_4_pure.json.gz#123 7,103,234,44 [[7], [2, 8], [4, 5], [3, 6]] def 1 k 3 | t1=0 t2=1 t3p=0 t3h=0 t4=0 t4s2=0 | R13=0 R134=0 R134s2=0 RT=1 RT4=1 RT4s2=1 | t4min 0
X k4_certs_4_pure.json.gz#123 7,103,236,44 [[7], [2, 8], [4, 5], [3, 6]] def 1 k 3 | t1=0 t2=1 t3p=0 t3h=0 t4=0 t4s2=0 | R13=0 R134=0 R134s2=0 RT=1 RT4=1 RT4s2=1 | t4min 0
X k4_certs_4_pure.json.gz#123 7,103,237,44 [[7], [2, 8], [4, 5], [3, 6]] def 1 k 3 | t1=0 t2=1 t3p=0 t3h=0 t4=0 t4s2=0 | R13=0 R134=0 R134s2=0 RT=1 RT4=1 RT4s2=1 | t4min 0
X k4_certs_4_pure.json.gz#123 7,103,241,44 [[7], [2, 8], [4, 5], [3, 6]] def 1 k 3 | t1=0 t2=1 t3p=0 t3h=0 t4=0 t4s2=0 | R13=0 R134=0 R134s2=0 RT=1 RT4=1 RT4s2=1 | t4min 0
X k4_certs_4_pure.json.gz#123 7,103,242,44 [[7], [2, 8], [4, 5], [3, 6]] def 1 k 3 | t1=0 t2=1 t3p=0 t3h=0 t4=0 t4s2=0 | R13=0 R134=0 R134s2=0 RT=1 RT4=1 RT4s2=1 | t4min 0
X k4_certs_4_pure.json.gz#123 7,103,243,44 [[7], [2, 8], [4, 5], [3, 6]] def 1 k 3 | t1=0 t2=1 t3p=0 t3h=0 t4=0 t4s2=0 | R13=0 R134=0 R134s2=0 RT=1 RT4=1 RT4s2=1 | t4min 0
X k4_certs_4_pure.json.gz#123 7,103,245,44 [[7], [2, 8], [4, 5], [3, 6]] def 1 k 3 | t1=0 t2=1 t3p=0 t3h=0 t4=0 t4s2=0 | R13=0 R134=0 R134s2=0 RT=1 RT4=1 RT4s2=1 | t4min 0
X k4_certs_4_pure.json.gz#123 7,103,248,44 [[7], [2, 8], [4, 5], [3, 6]] def 1 k 3 | t1=0 t2=1 t3p=0 t3h=0 t4=0 t4s2=0 | R13=0 R134=0 R134s2=0 RT=1 RT4=1 RT4s2=1 | t4min 0
X k4_certs_4_pure.json.gz#123 7,103,249,44 [[7], [2, 8], [4, 5], [3, 6]] def 1 k 3 | t1=0 t2=1 t3p=0 t3h=0 t4=0 t4s2=0 | R13=0 R134=0 R134s2=0 RT=1 RT4=1 RT4s2=1 | t4min 0
X k4_certs_4_pure.json.gz#123 7,103,250,44 [[7], [2, 8], [4, 5], [3, 6]] def 1 k 3 | t1=0 t2=1 t3p=0 t3h=0 t4=0 t4s2=0 | R13=0 R134=0 R134s2=0 RT=1 RT4=1 RT4s2=1 | t4min 0
X k4_certs_4_pure.json.gz#123 7,103,252,44 [[7], [2, 8], [4, 5], [3, 6]] def 1 k 3 | t1=0 t2=1 t3p=0 t3h=0 t4=0 t4s2=0 | R13=0 R134=0 R134s2=0 RT=1 RT4=1 RT4s2=1 | t4min 0
X k4_certs_4_pure.json.gz#123 7,103,268,44 [[7], [2, 8], [4, 5], [3, 6]] def 1 k 3 | t1=0 t2=1 t3p=0 t3h=0 t4=0 t4s2=0 | R13=0 R134=0 R134s2=0 RT=1 RT4=1 RT4s2=1 | t4min 0
X k4_certs_4_pure.json.gz#123 7,103,269,44 [[7], [2, 8], [4, 5], [3, 6]] def 1 k 3 | t1=0 t2=1 t3p=0 t3h=0 t4=0 t4s2=0 | R13=0 R134=0 R134s2=0 RT=1 RT4=1 RT4s2=1 | t4min 0
X k4_certs_4_pure.json.gz#123 7,103,272,44 [[7], [2, 8], [4, 5], [3, 6]] def 1 k 3 | t1=0 t2=1 t3p=0 t3h=0 t4=0 t4s2=0 | R13=0 R134=0 R134s2=0 RT=1 RT4=1 RT4s2=1 | t4min 0
X k4_certs_4_pure.json.gz#123 7,103,273,44 [[7], [2, 8], [4, 5], [3, 6]] def 1 k 3 | t1=0 t2=1 t3p=0 t3h=0 t4=0 t4s2=0 | R13=0 R134=0 R134s2=0 RT=1 RT4=1 RT4s2=1 | t4min 0
X k4_certs_4_pure.json.gz#123 7,103,282,44 [[7], [2, 8], [4, 5], [3, 6]] def 1 k 3 | t1=0 t2=1 t3p=0 t3h=0 t4=0 t4s2=0 | R13=0 R134=0 R134s2=0 RT=1 RT4=1 RT4s2=1 | t4min 0
X k4_certs_4_pure.json.gz#123 7,103,284,44 [[7], [2, 8], [4, 5], [3, 6]] def 1 k 3 | t1=0 t2=1 t3p=0 t3h=0 t4=0 t4s2=0 | R13=0 R134=0 R134s2=0 RT=1 RT4=1 RT4s2=1 | t4min 0
X k4_certs_4_pure.json.gz#123 7,103,285,44 [[7], [2, 8], [4, 5], [3, 6]] def 1 k 3 | t1=0 t2=1 t3p=0 t3h=0 t4=0 t4s2=0 | R13=0 R134=0 R134s2=0 RT=1 RT4=1 RT4s2=1 | t4min 0
X k4_certs_4_pure.json.gz#123 7,103,286,44 [[7], [2, 8], [4, 5], [3, 6]] def 1 k 3 | t1=0 t2=1 t3p=0 t3h=0 t4=0 t4s2=0 | R13=0 R134=0 R134s2=0 RT=1 RT4=1 RT4s2=1 | t4min 0
X k4_certs_4_pure.json.gz#123 7,110,11,44 [[7], [2, 8], [4, 5], [3, 6]] def 1 k 3 | t1=0 t2=1 t3p=0 t3h=0 t4=0 t4s2=0 | R13=0 R134=0 R134s2=0 RT=1 RT4=1 RT4s2=1 | t4min 0
X k4_certs_4_pure.json.gz#123 7,110,13,44 [[7], [2, 8], [4, 5], [3, 6]] def 1 k 3 | t1=0 t2=1 t3p=0 t3h=0 t4=0 t4s2=0 | R13=0 R134=0 R134s2=0 RT=1 RT4=1 RT4s2=1 | t4min 0
X k4_certs_4_pure.json.gz#123 7,110,18,44 [[7], [2, 8], [4, 5], [3, 6]] def 1 k 3 | t1=0 t2=1 t3p=0 t3h=0 t4=0 t4s2=0 | R13=0 R134=0 R134s2=0 RT=1 RT4=1 RT4s2=1 | t4min 0
X k4_certs_4_pure.json.gz#123 7,110,25,44 [[7], [2, 8], [4, 5], [3, 6]] def 1 k 3 | t1=0 t2=1 t3p=0 t3h=0 t4=0 t4s2=0 | R13=0 R134=0 R134s2=0 RT=1 RT4=1 RT4s2=1 | t4min 0
X k4_certs_4_pure.json.gz#123 7,110,47,44 [[7], [2, 8], [4, 5], [3, 6]] def 1 k 3 | t1=0 t2=1 t3p=0 t3h=0 t4=0 t4s2=0 | R13=0 R134=0 R134s2=0 RT=1 RT4=1 RT4s2=1 | t4min 0
X k4_certs_4_pure.json.gz#123 7,110,50,44 [[7], [2, 8], [4, 5], [3, 6]] def 1 k 3 | t1=0 t2=1 t3p=0 t3h=0 t4=0 t4s2=0 | R13=0 R134=0 R134s2=0 RT=1 RT4=1 RT4s2=1 | t4min 0
X k4_certs_4_pure.json.gz#123 7,110,55,44 [[7], [2, 8], [4, 5], [3, 6]] def 1 k 3 | t1=0 t2=1 t3p=0 t3h=0 t4=0 t4s2=0 | R13=0 R134=0 R134s2=0 RT=1 RT4=1 RT4s2=1 | t4min 0
X k4_certs_4_pure.json.gz#123 7,110,67,44 [[7], [2, 8], [4, 5], [3, 6]] def 1 k 3 | t1=0 t2=1 t3p=0 t3h=0 t4=0 t4s2=0 | R13=0 R134=0 R134s2=0 RT=1 RT4=1 RT4s2=1 | t4min 0
X k4_certs_4_pure.json.gz#123 7,110,82,44 [[7], [2, 8], [4, 5], [3, 6]] def 1 k 3 | t1=0 t2=1 t3p=0 t3h=0 t4=0 t4s2=0 | R13=0 R134=0 R134s2=0 RT=1 RT4=1 RT4s2=1 | t4min 0
X k4_certs_4_pure.json.gz#123 7,110,89,44 [[7], [2, 8], [4, 5], [3, 6]] def 1 k 3 | t1=0 t2=1 t3p=0 t3h=0 t4=0 t4s2=0 | R13=0 R134=0 R134s2=0 RT=1 RT4=1 RT4s2=1 | t4min 0
X k4_certs_4_pure.json.gz#123 7,110,92,44 [[7], [2, 8], [4, 5], [3, 6]] def 1 k 3 | t1=0 t2=1 t3p=0 t3h=0 t4=0 t4s2=0 | R13=0 R134=0 R134s2=0 RT=1 RT4=1 RT4s2=1 | t4min 0
X k4_certs_4_pure.json.gz#123 7,110,95,44 [[7], [2, 8], [4, 5], [3, 6]] def 1 k 3 | t1=0 t2=1 t3p=0 t3h=0 t4=0 t4s2=0 | R13=0 R134=0 R134s2=0 RT=1 RT4=1 RT4s2=1 | t4min 0
X k4_certs_4_pure.json.gz#123 7,110,99,44 [[7], [2, 8], [4, 5], [3, 6]] def 1 k 3 | t1=0 t2=1 t3p=0 t3h=0 t4=0 t4s2=0 | R13=0 R134=0 R134s2=0 RT=1 RT4=1 RT4s2=1 | t4min 0
X k4_certs_4_pure.json.gz#123 7,110,100,44 [[7], [2, 8], [4, 5], [3, 6]] def 1 k 3 | t1=0 t2=1 t3p=0 t3h=0 t4=0 t4s2=0 | R13=0 R134=0 R134s2=0 RT=1 RT4=1 RT4s2=1 | t4min 0
X k4_certs_4_pure.json.gz#123 7,110,104,44 [[7], [2, 8], [4, 5], [3, 6]] def 1 k 3 | t1=0 t2=1 t3p=0 t3h=0 t4=0 t4s2=0 | R13=0 R134=0 R134s2=0 RT=1 RT4=1 RT4s2=1 | t4min 0
X k4_certs_4_pure.json.gz#123 7,110,114,44 [[7], [2, 8], [4, 5], [3, 6]] def 1 k 3 | t1=0 t2=1 t3p=0 t3h=0 t4=0 t4s2=0 | R13=0 R134=0 R134s2=0 RT=1 RT4=1 RT4s2=1 | t4min 0
X k4_certs_4_pure.json.gz#123 7,110,128,44 [[7], [2, 8], [4, 5], [3, 6]] def 1 k 3 | t1=0 t2=1 t3p=0 t3h=0 t4=0 t4s2=0 | R13=0 R134=0 R134s2=0 RT=1 RT4=1 RT4s2=1 | t4min 0
X k4_certs_4_pure.json.gz#123 7,110,131,44 [[7], [2, 8], [4, 5], [3, 6]] def 1 k 3 | t1=0 t2=1 t3p=0 t3h=0 t4=0 t4s2=0 | R13=0 R134=0 R134s2=0 RT=1 RT4=1 RT4s2=1 | t4min 0
X k4_certs_4_pure.json.gz#123 7,110,134,44 [[7], [2, 8], [4, 5], [3, 6]] def 1 k 3 | t1=0 t2=1 t3p=0 t3h=0 t4=0 t4s2=0 | R13=0 R134=0 R134s2=0 RT=1 RT4=1 RT4s2=1 | t4min 0
X k4_certs_4_pure.json.gz#123 7,110,135,44 [[7], [2, 8], [4, 5], [3, 6]] def 1 k 3 | t1=0 t2=1 t3p=0 t3h=0 t4=0 t4s2=0 | R13=0 R134=0 R134s2=0 RT=1 RT4=1 RT4s2=1 | t4min 0
X k4_certs_4_pure.json.gz#123 7,110,152,44 [[7], [2, 8], [4, 5], [3, 6]] def 1 k 3 | t1=0 t2=1 t3p=0 t3h=0 t4=0 t4s2=0 | R13=0 R134=0 R134s2=0 RT=1 RT4=1 RT4s2=1 | t4min 0
X k4_certs_4_pure.json.gz#123 7,110,155,44 [[7], [2, 8], [4, 5], [3, 6]] def 1 k 3 | t1=0 t2=1 t3p=0 t3h=0 t4=0 t4s2=0 | R13=0 R134=0 R134s2=0 RT=1 RT4=1 RT4s2=1 | t4min 0
X k4_certs_4_pure.json.gz#123 7,110,160,44 [[7], [2, 8], [4, 5], [3, 6]] def 1 k 3 | t1=0 t2=1 t3p=0 t3h=0 t4=0 t4s2=0 | R13=0 R134=0 R134s2=0 RT=1 RT4=1 RT4s2=1 | t4min 0
X k4_certs_4_pure.json.gz#123 7,110,165,44 [[7], [2, 8], [4, 5], [3, 6]] def 1 k 3 | t1=0 t2=1 t3p=0 t3h=0 t4=0 t4s2=0 | R13=0 R134=0 R134s2=0 RT=1 RT4=1 RT4s2=1 | t4min 0
X k4_certs_4_pure.json.gz#123 7,110,174,44 [[7], [2, 8], [4, 5], [3, 6]] def 1 k 3 | t1=0 t2=1 t3p=0 t3h=0 t4=0 t4s2=0 | R13=0 R134=0 R134s2=0 RT=1 RT4=1 RT4s2=1 | t4min 0
X k4_certs_4_pure.json.gz#123 7,110,192,44 [[7], [2, 8], [4, 5], [3, 6]] def 1 k 3 | t1=0 t2=1 t3p=0 t3h=0 t4=0 t4s2=0 | R13=0 R134=0 R134s2=0 RT=1 RT4=1 RT4s2=1 | t4min 0
X k4_certs_4_pure.json.gz#123 7,110,193,44 [[7], [2, 8], [4, 5], [3, 6]] def 1 k 3 | t1=0 t2=1 t3p=0 t3h=0 t4=0 t4s2=0 | R13=0 R134=0 R134s2=0 RT=1 RT4=1 RT4s2=1 | t4min 0
X k4_certs_4_pure.json.gz#123 7,110,198,44 [[7], [2, 8], [4, 5], [3, 6]] def 1 k 3 | t1=0 t2=1 t3p=0 t3h=0 t4=0 t4s2=0 | R13=0 R134=0 R134s2=0 RT=1 RT4=1 RT4s2=1 | t4min 0
X k4_certs_4_pure.json.gz#123 7,110,201,44 [[7], [2, 8], [4, 5], [3, 6]] def 1 k 3 | t1=0 t2=1 t3p=0 t3h=0 t4=0 t4s2=0 | R13=0 R134=0 R134s2=0 RT=1 RT4=1 RT4s2=1 | t4min 0
X k4_certs_4_pure.json.gz#123 7,110,217,44 [[7], [2, 8], [4, 5], [3, 6]] def 1 k 3 | t1=0 t2=1 t3p=0 t3h=0 t4=0 t4s2=0 | R13=0 R134=0 R134s2=0 RT=1 RT4=1 RT4s2=1 | t4min 0
X k4_certs_4_pure.json.gz#123 7,110,222,44 [[7], [2, 8], [4, 5], [3, 6]] def 1 k 3 | t1=0 t2=1 t3p=0 t3h=0 t4=0 t4s2=0 | R13=0 R134=0 R134s2=0 RT=1 RT4=1 RT4s2=1 | t4min 0
X k4_certs_4_pure.json.gz#123 7,110,233,44 [[7], [2, 8], [4, 5], [3, 6]] def 1 k 3 | t1=0 t2=1 t3p=0 t3h=0 t4=0 t4s2=0 | R13=0 R134=0 R134s2=0 RT=1 RT4=1 RT4s2=1 | t4min 0
X k4_certs_4_pure.json.gz#123 7,110,234,44 [[7], [2, 8], [4, 5], [3, 6]] def 1 k 3 | t1=0 t2=1 t3p=0 t3h=0 t4=0 t4s2=0 | R13=0 R134=0 R134s2=0 RT=1 RT4=1 RT4s2=1 | t4min 0
X k4_certs_4_pure.json.gz#123 7,110,236,44 [[7], [2, 8], [4, 5], [3, 6]] def 1 k 3 | t1=0 t2=1 t3p=0 t3h=0 t4=0 t4s2=0 | R13=0 R134=0 R134s2=0 RT=1 RT4=1 RT4s2=1 | t4min 0
X k4_certs_4_pure.json.gz#123 7,110,237,44 [[7], [2, 8], [4, 5], [3, 6]] def 1 k 3 | t1=0 t2=1 t3p=0 t3h=0 t4=0 t4s2=0 | R13=0 R134=0 R134s2=0 RT=1 RT4=1 RT4s2=1 | t4min 0
X k4_certs_4_pure.json.gz#123 7,110,241,44 [[7], [2, 8], [4, 5], [3, 6]] def 1 k 3 | t1=0 t2=1 t3p=0 t3h=0 t4=0 t4s2=0 | R13=0 R134=0 R134s2=0 RT=1 RT4=1 RT4s2=1 | t4min 0
X k4_certs_4_pure.json.gz#123 7,110,242,44 [[7], [2, 8], [4, 5], [3, 6]] def 1 k 3 | t1=0 t2=1 t3p=0 t3h=0 t4=0 t4s2=0 | R13=0 R134=0 R134s2=0 RT=1 RT4=1 RT4s2=1 | t4min 0
X k4_certs_4_pure.json.gz#123 7,110,243,44 [[7], [2, 8], [4, 5], [3, 6]] def 1 k 3 | t1=0 t2=1 t3p=0 t3h=0 t4=0 t4s2=0 | R13=0 R134=0 R134s2=0 RT=1 RT4=1 RT4s2=1 | t4min 0
X k4_certs_4_pure.json.gz#123 7,110,245,44 [[7], [2, 8], [4, 5], [3, 6]] def 1 k 3 | t1=0 t2=1 t3p=0 t3h=0 t4=0 t4s2=0 | R13=0 R134=0 R134s2=0 RT=1 RT4=1 RT4s2=1 | t4min 0
X k4_certs_4_pure.json.gz#123 7,110,248,44 [[7], [2, 8], [4, 5], [3, 6]] def 1 k 3 | t1=0 t2=1 t3p=0 t3h=0 t4=0 t4s2=0 | R13=0 R134=0 R134s2=0 RT=1 RT4=1 RT4s2=1 | t4min 0
X k4_certs_4_pure.json.gz#123 7,110,249,44 [[7], [2, 8], [4, 5], [3, 6]] def 1 k 3 | t1=0 t2=1 t3p=0 t3h=0 t4=0 t4s2=0 | R13=0 R134=0 R134s2=0 RT=1 RT4=1 RT4s2=1 | t4min 0
X k4_certs_4_pure.json.gz#123 7,110,250,44 [[7], [2, 8], [4, 5], [3, 6]] def 1 k 3 | t1=0 t2=1 t3p=0 t3h=0 t4=0 t4s2=0 | R13=0 R134=0 R134s2=0 RT=1 RT4=1 RT4s2=1 | t4min 0
X k4_certs_4_pure.json.gz#123 7,110,252,44 [[7], [2, 8], [4, 5], [3, 6]] def 1 k 3 | t1=0 t2=1 t3p=0 t3h=0 t4=0 t4s2=0 | R13=0 R134=0 R134s2=0 RT=1 RT4=1 RT4s2=1 | t4min 0
X k4_certs_4_pure.json.gz#123 7,110,268,44 [[7], [2, 8], [4, 5], [3, 6]] def 1 k 3 | t1=0 t2=1 t3p=0 t3h=0 t4=0 t4s2=0 | R13=0 R134=0 R134s2=0 RT=1 RT4=1 RT4s2=1 | t4min 0
X k4_certs_4_pure.json.gz#123 7,110,269,44 [[7], [2, 8], [4, 5], [3, 6]] def 1 k 3 | t1=0 t2=1 t3p=0 t3h=0 t4=0 t4s2=0 | R13=0 R134=0 R134s2=0 RT=1 RT4=1 RT4s2=1 | t4min 0
X k4_certs_4_pure.json.gz#123 7,110,272,44 [[7], [2, 8], [4, 5], [3, 6]] def 1 k 3 | t1=0 t2=1 t3p=0 t3h=0 t4=0 t4s2=0 | R13=0 R134=0 R134s2=0 RT=1 RT4=1 RT4s2=1 | t4min 0
X k4_certs_4_pure.json.gz#123 7,110,273,44 [[7], [2, 8], [4, 5], [3, 6]] def 1 k 3 | t1=0 t2=1 t3p=0 t3h=0 t4=0 t4s2=0 | R13=0 R134=0 R134s2=0 RT=1 RT4=1 RT4s2=1 | t4min 0
X k4_certs_4_pure.json.gz#123 7,110,282,44 [[7], [2, 8], [4, 5], [3, 6]] def 1 k 3 | t1=0 t2=1 t3p=0 t3h=0 t4=0 t4s2=0 | R13=0 R134=0 R134s2=0 RT=1 RT4=1 RT4s2=1 | t4min 0
X k4_certs_4_pure.json.gz#123 7,110,284,44 [[7], [2, 8], [4, 5], [3, 6]] def 1 k 3 | t1=0 t2=1 t3p=0 t3h=0 t4=0 t4s2=0 | R13=0 R134=0 R134s2=0 RT=1 RT4=1 RT4s2=1 | t4min 0
X k4_certs_4_pure.json.gz#123 7,110,285,44 [[7], [2, 8], [4, 5], [3, 6]] def 1 k 3 | t1=0 t2=1 t3p=0 t3h=0 t4=0 t4s2=0 | R13=0 R134=0 R134s2=0 RT=1 RT4=1 RT4s2=1 | t4min 0
X k4_certs_4_pure.json.gz#123 7,110,286,44 [[7], [2, 8], [4, 5], [3, 6]] def 1 k 3 | t1=0 t2=1 t3p=0 t3h=0 t4=0 t4s2=0 | R13=0 R134=0 R134s2=0 RT=1 RT4=1 RT4s2=1 | t4min 0
X k4_certs_4_pure.json.gz#123 7,113,11,44 [[7], [2, 8], [4, 5], [3, 6]] def 1 k 3 | t1=0 t2=1 t3p=0 t3h=0 t4=0 t4s2=0 | R13=0 R134=0 R134s2=0 RT=1 RT4=1 RT4s2=1 | t4min 0
X k4_certs_4_pure.json.gz#123 7,113,13,44 [[7], [2, 8], [4, 5], [3, 6]] def 1 k 3 | t1=0 t2=1 t3p=0 t3h=0 t4=0 t4s2=0 | R13=0 R134=0 R134s2=0 RT=1 RT4=1 RT4s2=1 | t4min 0
X k4_certs_4_pure.json.gz#123 7,113,18,44 [[7], [2, 8], [4, 5], [3, 6]] def 1 k 3 | t1=0 t2=1 t3p=0 t3h=0 t4=0 t4s2=0 | R13=0 R134=0 R134s2=0 RT=1 RT4=1 RT4s2=1 | t4min 0
X k4_certs_4_pure.json.gz#123 7,113,25,44 [[7], [2, 8], [4, 5], [3, 6]] def 1 k 3 | t1=0 t2=1 t3p=0 t3h=0 t4=0 t4s2=0 | R13=0 R134=0 R134s2=0 RT=1 RT4=1 RT4s2=1 | t4min 0
X k4_certs_4_pure.json.gz#123 7,113,47,44 [[7], [2, 8], [4, 5], [3, 6]] def 1 k 3 | t1=0 t2=1 t3p=0 t3h=0 t4=0 t4s2=0 | R13=0 R134=0 R134s2=0 RT=1 RT4=1 RT4s2=1 | t4min 0
X k4_certs_4_pure.json.gz#123 7,113,50,44 [[7], [2, 8], [4, 5], [3, 6]] def 1 k 3 | t1=0 t2=1 t3p=0 t3h=0 t4=0 t4s2=0 | R13=0 R134=0 R134s2=0 RT=1 RT4=1 RT4s2=1 | t4min 0
X k4_certs_4_pure.json.gz#123 7,113,55,44 [[7], [2, 8], [4, 5], [3, 6]] def 1 k 3 | t1=0 t2=1 t3p=0 t3h=0 t4=0 t4s2=0 | R13=0 R134=0 R134s2=0 RT=1 RT4=1 RT4s2=1 | t4min 0
X k4_certs_4_pure.json.gz#123 7,113,67,44 [[7], [2, 8], [4, 5], [3, 6]] def 1 k 3 | t1=0 t2=1 t3p=0 t3h=0 t4=0 t4s2=0 | R13=0 R134=0 R134s2=0 RT=1 RT4=1 RT4s2=1 | t4min 0
X k4_certs_4_pure.json.gz#123 7,113,82,44 [[7], [2, 8], [4, 5], [3, 6]] def 1 k 3 | t1=0 t2=1 t3p=0 t3h=0 t4=0 t4s2=0 | R13=0 R134=0 R134s2=0 RT=1 RT4=1 RT4s2=1 | t4min 0
X k4_certs_4_pure.json.gz#123 7,113,89,44 [[7], [2, 8], [4, 5], [3, 6]] def 1 k 3 | t1=0 t2=1 t3p=0 t3h=0 t4=0 t4s2=0 | R13=0 R134=0 R134s2=0 RT=1 RT4=1 RT4s2=1 | t4min 0
X k4_certs_4_pure.json.gz#123 7,113,92,44 [[7], [2, 8], [4, 5], [3, 6]] def 1 k 3 | t1=0 t2=1 t3p=0 t3h=0 t4=0 t4s2=0 | R13=0 R134=0 R134s2=0 RT=1 RT4=1 RT4s2=1 | t4min 0
X k4_certs_4_pure.json.gz#123 7,113,95,44 [[7], [2, 8], [4, 5], [3, 6]] def 1 k 3 | t1=0 t2=1 t3p=0 t3h=0 t4=0 t4s2=0 | R13=0 R134=0 R134s2=0 RT=1 RT4=1 RT4s2=1 | t4min 0
X k4_certs_4_pure.json.gz#123 7,113,99,44 [[7], [2, 8], [4, 5], [3, 6]] def 1 k 3 | t1=0 t2=1 t3p=0 t3h=0 t4=0 t4s2=0 | R13=0 R134=0 R134s2=0 RT=1 RT4=1 RT4s2=1 | t4min 0
X k4_certs_4_pure.json.gz#123 7,113,100,44 [[7], [2, 8], [4, 5], [3, 6]] def 1 k 3 | t1=0 t2=1 t3p=0 t3h=0 t4=0 t4s2=0 | R13=0 R134=0 R134s2=0 RT=1 RT4=1 RT4s2=1 | t4min 0
X k4_certs_4_pure.json.gz#123 7,113,104,44 [[7], [2, 8], [4, 5], [3, 6]] def 1 k 3 | t1=0 t2=1 t3p=0 t3h=0 t4=0 t4s2=0 | R13=0 R134=0 R134s2=0 RT=1 RT4=1 RT4s2=1 | t4min 0
X k4_certs_4_pure.json.gz#123 7,113,114,44 [[7], [2, 8], [4, 5], [3, 6]] def 1 k 3 | t1=0 t2=1 t3p=0 t3h=0 t4=0 t4s2=0 | R13=0 R134=0 R134s2=0 RT=1 RT4=1 RT4s2=1 | t4min 0
X k4_certs_4_pure.json.gz#123 7,113,128,44 [[7], [2, 8], [4, 5], [3, 6]] def 1 k 3 | t1=0 t2=1 t3p=0 t3h=0 t4=0 t4s2=0 | R13=0 R134=0 R134s2=0 RT=1 RT4=1 RT4s2=1 | t4min 0
X k4_certs_4_pure.json.gz#123 7,113,131,44 [[7], [2, 8], [4, 5], [3, 6]] def 1 k 3 | t1=0 t2=1 t3p=0 t3h=0 t4=0 t4s2=0 | R13=0 R134=0 R134s2=0 RT=1 RT4=1 RT4s2=1 | t4min 0
X k4_certs_4_pure.json.gz#123 7,113,134,44 [[7], [2, 8], [4, 5], [3, 6]] def 1 k 3 | t1=0 t2=1 t3p=0 t3h=0 t4=0 t4s2=0 | R13=0 R134=0 R134s2=0 RT=1 RT4=1 RT4s2=1 | t4min 0
X k4_certs_4_pure.json.gz#123 7,113,135,44 [[7], [2, 8], [4, 5], [3, 6]] def 1 k 3 | t1=0 t2=1 t3p=0 t3h=0 t4=0 t4s2=0 | R13=0 R134=0 R134s2=0 RT=1 RT4=1 RT4s2=1 | t4min 0
X k4_certs_4_pure.json.gz#123 7,113,152,44 [[7], [2, 8], [4, 5], [3, 6]] def 1 k 3 | t1=0 t2=1 t3p=0 t3h=0 t4=0 t4s2=0 | R13=0 R134=0 R134s2=0 RT=1 RT4=1 RT4s2=1 | t4min 0
X k4_certs_4_pure.json.gz#123 7,113,155,44 [[7], [2, 8], [4, 5], [3, 6]] def 1 k 3 | t1=0 t2=1 t3p=0 t3h=0 t4=0 t4s2=0 | R13=0 R134=0 R134s2=0 RT=1 RT4=1 RT4s2=1 | t4min 0
X k4_certs_4_pure.json.gz#123 7,113,160,44 [[7], [2, 8], [4, 5], [3, 6]] def 1 k 3 | t1=0 t2=1 t3p=0 t3h=0 t4=0 t4s2=0 | R13=0 R134=0 R134s2=0 RT=1 RT4=1 RT4s2=1 | t4min 0
X k4_certs_4_pure.json.gz#123 7,113,165,44 [[7], [2, 8], [4, 5], [3, 6]] def 1 k 3 | t1=0 t2=1 t3p=0 t3h=0 t4=0 t4s2=0 | R13=0 R134=0 R134s2=0 RT=1 RT4=1 RT4s2=1 | t4min 0
X k4_certs_4_pure.json.gz#123 7,113,174,44 [[7], [2, 8], [4, 5], [3, 6]] def 1 k 3 | t1=0 t2=1 t3p=0 t3h=0 t4=0 t4s2=0 | R13=0 R134=0 R134s2=0 RT=1 RT4=1 RT4s2=1 | t4min 0
X k4_certs_4_pure.json.gz#123 7,113,192,44 [[7], [2, 8], [4, 5], [3, 6]] def 1 k 3 | t1=0 t2=1 t3p=0 t3h=0 t4=0 t4s2=0 | R13=0 R134=0 R134s2=0 RT=1 RT4=1 RT4s2=1 | t4min 0
X k4_certs_4_pure.json.gz#123 7,113,193,44 [[7], [2, 8], [4, 5], [3, 6]] def 1 k 3 | t1=0 t2=1 t3p=0 t3h=0 t4=0 t4s2=0 | R13=0 R134=0 R134s2=0 RT=1 RT4=1 RT4s2=1 | t4min 0
X k4_certs_4_pure.json.gz#123 7,113,198,44 [[7], [2, 8], [4, 5], [3, 6]] def 1 k 3 | t1=0 t2=1 t3p=0 t3h=0 t4=0 t4s2=0 | R13=0 R134=0 R134s2=0 RT=1 RT4=1 RT4s2=1 | t4min 0
X k4_certs_4_pure.json.gz#123 7,113,201,44 [[7], [2, 8], [4, 5], [3, 6]] def 1 k 3 | t1=0 t2=1 t3p=0 t3h=0 t4=0 t4s2=0 | R13=0 R134=0 R134s2=0 RT=1 RT4=1 RT4s2=1 | t4min 0
X k4_certs_4_pure.json.gz#123 7,113,217,44 [[7], [2, 8], [4, 5], [3, 6]] def 1 k 3 | t1=0 t2=1 t3p=0 t3h=0 t4=0 t4s2=0 | R13=0 R134=0 R134s2=0 RT=1 RT4=1 RT4s2=1 | t4min 0
X k4_certs_4_pure.json.gz#123 7,113,222,44 [[7], [2, 8], [4, 5], [3, 6]] def 1 k 3 | t1=0 t2=1 t3p=0 t3h=0 t4=0 t4s2=0 | R13=0 R134=0 R134s2=0 RT=1 RT4=1 RT4s2=1 | t4min 0
X k4_certs_4_pure.json.gz#123 7,113,233,44 [[7], [2, 8], [4, 5], [3, 6]] def 1 k 3 | t1=0 t2=1 t3p=0 t3h=0 t4=0 t4s2=0 | R13=0 R134=0 R134s2=0 RT=1 RT4=1 RT4s2=1 | t4min 0
X k4_certs_4_pure.json.gz#123 7,113,234,44 [[7], [2, 8], [4, 5], [3, 6]] def 1 k 3 | t1=0 t2=1 t3p=0 t3h=0 t4=0 t4s2=0 | R13=0 R134=0 R134s2=0 RT=1 RT4=1 RT4s2=1 | t4min 0
X k4_certs_4_pure.json.gz#123 7,113,236,44 [[7], [2, 8], [4, 5], [3, 6]] def 1 k 3 | t1=0 t2=1 t3p=0 t3h=0 t4=0 t4s2=0 | R13=0 R134=0 R134s2=0 RT=1 RT4=1 RT4s2=1 | t4min 0
X k4_certs_4_pure.json.gz#123 7,113,237,44 [[7], [2, 8], [4, 5], [3, 6]] def 1 k 3 | t1=0 t2=1 t3p=0 t3h=0 t4=0 t4s2=0 | R13=0 R134=0 R134s2=0 RT=1 RT4=1 RT4s2=1 | t4min 0
X k4_certs_4_pure.json.gz#123 7,113,241,44 [[7], [2, 8], [4, 5], [3, 6]] def 1 k 3 | t1=0 t2=1 t3p=0 t3h=0 t4=0 t4s2=0 | R13=0 R134=0 R134s2=0 RT=1 RT4=1 RT4s2=1 | t4min 0
X k4_certs_4_pure.json.gz#123 7,113,242,44 [[7], [2, 8], [4, 5], [3, 6]] def 1 k 3 | t1=0 t2=1 t3p=0 t3h=0 t4=0 t4s2=0 | R13=0 R134=0 R134s2=0 RT=1 RT4=1 RT4s2=1 | t4min 0
X k4_certs_4_pure.json.gz#123 7,113,243,44 [[7], [2, 8], [4, 5], [3, 6]] def 1 k 3 | t1=0 t2=1 t3p=0 t3h=0 t4=0 t4s2=0 | R13=0 R134=0 R134s2=0 RT=1 RT4=1 RT4s2=1 | t4min 0
X k4_certs_4_pure.json.gz#123 7,113,245,44 [[7], [2, 8], [4, 5], [3, 6]] def 1 k 3 | t1=0 t2=1 t3p=0 t3h=0 t4=0 t4s2=0 | R13=0 R134=0 R134s2=0 RT=1 RT4=1 RT4s2=1 | t4min 0
X k4_certs_4_pure.json.gz#123 7,113,248,44 [[7], [2, 8], [4, 5], [3, 6]] def 1 k 3 | t1=0 t2=1 t3p=0 t3h=0 t4=0 t4s2=0 | R13=0 R134=0 R134s2=0 RT=1 RT4=1 RT4s2=1 | t4min 0
X k4_certs_4_pure.json.gz#123 7,113,249,44 [[7], [2, 8], [4, 5], [3, 6]] def 1 k 3 | t1=0 t2=1 t3p=0 t3h=0 t4=0 t4s2=0 | R13=0 R134=0 R134s2=0 RT=1 RT4=1 RT4s2=1 | t4min 0
X k4_certs_4_pure.json.gz#123 7,113,250,44 [[7], [2, 8], [4, 5], [3, 6]] def 1 k 3 | t1=0 t2=1 t3p=0 t3h=0 t4=0 t4s2=0 | R13=0 R134=0 R134s2=0 RT=1 RT4=1 RT4s2=1 | t4min 0
X k4_certs_4_pure.json.gz#123 7,113,252,44 [[7], [2, 8], [4, 5], [3, 6]] def 1 k 3 | t1=0 t2=1 t3p=0 t3h=0 t4=0 t4s2=0 | R13=0 R134=0 R134s2=0 RT=1 RT4=1 RT4s2=1 | t4min 0
X k4_certs_4_pure.json.gz#123 7,113,268,44 [[7], [2, 8], [4, 5], [3, 6]] def 1 k 3 | t1=0 t2=1 t3p=0 t3h=0 t4=0 t4s2=0 | R13=0 R134=0 R134s2=0 RT=1 RT4=1 RT4s2=1 | t4min 0
X k4_certs_4_pure.json.gz#123 7,113,269,44 [[7], [2, 8], [4, 5], [3, 6]] def 1 k 3 | t1=0 t2=1 t3p=0 t3h=0 t4=0 t4s2=0 | R13=0 R134=0 R134s2=0 RT=1 RT4=1 RT4s2=1 | t4min 0
X k4_certs_4_pure.json.gz#123 7,113,272,44 [[7], [2, 8], [4, 5], [3, 6]] def 1 k 3 | t1=0 t2=1 t3p=0 t3h=0 t4=0 t4s2=0 | R13=0 R134=0 R134s2=0 RT=1 RT4=1 RT4s2=1 | t4min 0
X k4_certs_4_pure.json.gz#123 7,113,273,44 [[7], [2, 8], [4, 5], [3, 6]] def 1 k 3 | t1=0 t2=1 t3p=0 t3h=0 t4=0 t4s2=0 | R13=0 R134=0 R134s2=0 RT=1 RT4=1 RT4s2=1 | t4min 0
X k4_certs_4_pure.json.gz#123 7,113,282,44 [[7], [2, 8], [4, 5], [3, 6]] def 1 k 3 | t1=0 t2=1 t3p=0 t3h=0 t4=0 t4s2=0 | R13=0 R134=0 R134s2=0 RT=1 RT4=1 RT4s2=1 | t4min 0
X k4_certs_4_pure.json.gz#123 7,113,284,44 [[7], [2, 8], [4, 5], [3, 6]] def 1 k 3 | t1=0 t2=1 t3p=0 t3h=0 t4=0 t4s2=0 | R13=0 R134=0 R134s2=0 RT=1 RT4=1 RT4s2=1 | t4min 0
X k4_certs_4_pure.json.gz#123 7,113,285,44 [[7], [2, 8], [4, 5], [3, 6]] def 1 k 3 | t1=0 t2=1 t3p=0 t3h=0 t4=0 t4s2=0 | R13=0 R134=0 R134s2=0 RT=1 RT4=1 RT4s2=1 | t4min 0
X k4_certs_4_pure.json.gz#123 7,113,286,44 [[7], [2, 8], [4, 5], [3, 6]] def 1 k 3 | t1=0 t2=1 t3p=0 t3h=0 t4=0 t4s2=0 | R13=0 R134=0 R134s2=0 RT=1 RT4=1 RT4s2=1 | t4min 0
X k4_certs_4_pure.json.gz#123 7,116,11,44 [[7], [2, 8], [4, 5], [3, 6]] def 1 k 3 | t1=0 t2=1 t3p=0 t3h=0 t4=0 t4s2=0 | R13=0 R134=0 R134s2=0 RT=1 RT4=1 RT4s2=1 | t4min 0
X k4_certs_4_pure.json.gz#123 7,116,13,44 [[7], [2, 8], [4, 5], [3, 6]] def 1 k 3 | t1=0 t2=1 t3p=0 t3h=0 t4=0 t4s2=0 | R13=0 R134=0 R134s2=0 RT=1 RT4=1 RT4s2=1 | t4min 0
X k4_certs_4_pure.json.gz#123 7,116,18,44 [[7], [2, 8], [4, 5], [3, 6]] def 1 k 3 | t1=0 t2=1 t3p=0 t3h=0 t4=0 t4s2=0 | R13=0 R134=0 R134s2=0 RT=1 RT4=1 RT4s2=1 | t4min 0
X k4_certs_4_pure.json.gz#123 7,116,25,44 [[7], [2, 8], [4, 5], [3, 6]] def 1 k 3 | t1=0 t2=1 t3p=0 t3h=0 t4=0 t4s2=0 | R13=0 R134=0 R134s2=0 RT=1 RT4=1 RT4s2=1 | t4min 0
X k4_certs_4_pure.json.gz#123 7,116,47,44 [[7], [2, 8], [4, 5], [3, 6]] def 1 k 3 | t1=0 t2=1 t3p=0 t3h=0 t4=0 t4s2=0 | R13=0 R134=0 R134s2=0 RT=1 RT4=1 RT4s2=1 | t4min 0
X k4_certs_4_pure.json.gz#123 7,116,50,44 [[7], [2, 8], [4, 5], [3, 6]] def 1 k 3 | t1=0 t2=1 t3p=0 t3h=0 t4=0 t4s2=0 | R13=0 R134=0 R134s2=0 RT=1 RT4=1 RT4s2=1 | t4min 0
X k4_certs_4_pure.json.gz#123 7,116,55,44 [[7], [2, 8], [4, 5], [3, 6]] def 1 k 3 | t1=0 t2=1 t3p=0 t3h=0 t4=0 t4s2=0 | R13=0 R134=0 R134s2=0 RT=1 RT4=1 RT4s2=1 | t4min 0
X k4_certs_4_pure.json.gz#123 7,116,67,44 [[7], [2, 8], [4, 5], [3, 6]] def 1 k 3 | t1=0 t2=1 t3p=0 t3h=0 t4=0 t4s2=0 | R13=0 R134=0 R134s2=0 RT=1 RT4=1 RT4s2=1 | t4min 0
X k4_certs_4_pure.json.gz#123 7,116,82,44 [[7], [2, 8], [4, 5], [3, 6]] def 1 k 3 | t1=0 t2=1 t3p=0 t3h=0 t4=0 t4s2=0 | R13=0 R134=0 R134s2=0 RT=1 RT4=1 RT4s2=1 | t4min 0
X k4_certs_4_pure.json.gz#123 7,116,89,44 [[7], [2, 8], [4, 5], [3, 6]] def 1 k 3 | t1=0 t2=1 t3p=0 t3h=0 t4=0 t4s2=0 | R13=0 R134=0 R134s2=0 RT=1 RT4=1 RT4s2=1 | t4min 0
X k4_certs_4_pure.json.gz#123 7,116,92,44 [[7], [2, 8], [4, 5], [3, 6]] def 1 k 3 | t1=0 t2=1 t3p=0 t3h=0 t4=0 t4s2=0 | R13=0 R134=0 R134s2=0 RT=1 RT4=1 RT4s2=1 | t4min 0
X k4_certs_4_pure.json.gz#123 7,116,95,44 [[7], [2, 8], [4, 5], [3, 6]] def 1 k 3 | t1=0 t2=1 t3p=0 t3h=0 t4=0 t4s2=0 | R13=0 R134=0 R134s2=0 RT=1 RT4=1 RT4s2=1 | t4min 0
X k4_certs_4_pure.json.gz#123 7,116,99,44 [[7], [2, 8], [4, 5], [3, 6]] def 1 k 3 | t1=0 t2=1 t3p=0 t3h=0 t4=0 t4s2=0 | R13=0 R134=0 R134s2=0 RT=1 RT4=1 RT4s2=1 | t4min 0
X k4_certs_4_pure.json.gz#123 7,116,100,44 [[7], [2, 8], [4, 5], [3, 6]] def 1 k 3 | t1=0 t2=1 t3p=0 t3h=0 t4=0 t4s2=0 | R13=0 R134=0 R134s2=0 RT=1 RT4=1 RT4s2=1 | t4min 0
X k4_certs_4_pure.json.gz#123 7,116,104,44 [[7], [2, 8], [4, 5], [3, 6]] def 1 k 3 | t1=0 t2=1 t3p=0 t3h=0 t4=0 t4s2=0 | R13=0 R134=0 R134s2=0 RT=1 RT4=1 RT4s2=1 | t4min 0
X k4_certs_4_pure.json.gz#123 7,116,114,44 [[7], [2, 8], [4, 5], [3, 6]] def 1 k 3 | t1=0 t2=1 t3p=0 t3h=0 t4=0 t4s2=0 | R13=0 R134=0 R134s2=0 RT=1 RT4=1 RT4s2=1 | t4min 0
X k4_certs_4_pure.json.gz#123 7,116,128,44 [[7], [2, 8], [4, 5], [3, 6]] def 1 k 3 | t1=0 t2=1 t3p=0 t3h=0 t4=0 t4s2=0 | R13=0 R134=0 R134s2=0 RT=1 RT4=1 RT4s2=1 | t4min 0
X k4_certs_4_pure.json.gz#123 7,116,131,44 [[7], [2, 8], [4, 5], [3, 6]] def 1 k 3 | t1=0 t2=1 t3p=0 t3h=0 t4=0 t4s2=0 | R13=0 R134=0 R134s2=0 RT=1 RT4=1 RT4s2=1 | t4min 0
X k4_certs_4_pure.json.gz#123 7,116,134,44 [[7], [2, 8], [4, 5], [3, 6]] def 1 k 3 | t1=0 t2=1 t3p=0 t3h=0 t4=0 t4s2=0 | R13=0 R134=0 R134s2=0 RT=1 RT4=1 RT4s2=1 | t4min 0
X k4_certs_4_pure.json.gz#123 7,116,135,44 [[7], [2, 8], [4, 5], [3, 6]] def 1 k 3 | t1=0 t2=1 t3p=0 t3h=0 t4=0 t4s2=0 | R13=0 R134=0 R134s2=0 RT=1 RT4=1 RT4s2=1 | t4min 0
X k4_certs_4_pure.json.gz#123 7,116,152,44 [[7], [2, 8], [4, 5], [3, 6]] def 1 k 3 | t1=0 t2=1 t3p=0 t3h=0 t4=0 t4s2=0 | R13=0 R134=0 R134s2=0 RT=1 RT4=1 RT4s2=1 | t4min 0
X k4_certs_4_pure.json.gz#123 7,116,155,44 [[7], [2, 8], [4, 5], [3, 6]] def 1 k 3 | t1=0 t2=1 t3p=0 t3h=0 t4=0 t4s2=0 | R13=0 R134=0 R134s2=0 RT=1 RT4=1 RT4s2=1 | t4min 0
X k4_certs_4_pure.json.gz#123 7,116,160,44 [[7], [2, 8], [4, 5], [3, 6]] def 1 k 3 | t1=0 t2=1 t3p=0 t3h=0 t4=0 t4s2=0 | R13=0 R134=0 R134s2=0 RT=1 RT4=1 RT4s2=1 | t4min 0
X k4_certs_4_pure.json.gz#123 7,116,165,44 [[7], [2, 8], [4, 5], [3, 6]] def 1 k 3 | t1=0 t2=1 t3p=0 t3h=0 t4=0 t4s2=0 | R13=0 R134=0 R134s2=0 RT=1 RT4=1 RT4s2=1 | t4min 0
X k4_certs_4_pure.json.gz#123 7,116,174,44 [[7], [2, 8], [4, 5], [3, 6]] def 1 k 3 | t1=0 t2=1 t3p=0 t3h=0 t4=0 t4s2=0 | R13=0 R134=0 R134s2=0 RT=1 RT4=1 RT4s2=1 | t4min 0
X k4_certs_4_pure.json.gz#123 7,116,192,44 [[7], [2, 8], [4, 5], [3, 6]] def 1 k 3 | t1=0 t2=1 t3p=0 t3h=0 t4=0 t4s2=0 | R13=0 R134=0 R134s2=0 RT=1 RT4=1 RT4s2=1 | t4min 0
X k4_certs_4_pure.json.gz#123 7,116,193,44 [[7], [2, 8], [4, 5], [3, 6]] def 1 k 3 | t1=0 t2=1 t3p=0 t3h=0 t4=0 t4s2=0 | R13=0 R134=0 R134s2=0 RT=1 RT4=1 RT4s2=1 | t4min 0
X k4_certs_4_pure.json.gz#123 7,116,198,44 [[7], [2, 8], [4, 5], [3, 6]] def 1 k 3 | t1=0 t2=1 t3p=0 t3h=0 t4=0 t4s2=0 | R13=0 R134=0 R134s2=0 RT=1 RT4=1 RT4s2=1 | t4min 0
X k4_certs_4_pure.json.gz#123 7,116,201,44 [[7], [2, 8], [4, 5], [3, 6]] def 1 k 3 | t1=0 t2=1 t3p=0 t3h=0 t4=0 t4s2=0 | R13=0 R134=0 R134s2=0 RT=1 RT4=1 RT4s2=1 | t4min 0
X k4_certs_4_pure.json.gz#123 7,116,217,44 [[7], [2, 8], [4, 5], [3, 6]] def 1 k 3 | t1=0 t2=1 t3p=0 t3h=0 t4=0 t4s2=0 | R13=0 R134=0 R134s2=0 RT=1 RT4=1 RT4s2=1 | t4min 0
X k4_certs_4_pure.json.gz#123 7,116,222,44 [[7], [2, 8], [4, 5], [3, 6]] def 1 k 3 | t1=0 t2=1 t3p=0 t3h=0 t4=0 t4s2=0 | R13=0 R134=0 R134s2=0 RT=1 RT4=1 RT4s2=1 | t4min 0
X k4_certs_4_pure.json.gz#123 7,116,233,44 [[7], [2, 8], [4, 5], [3, 6]] def 1 k 3 | t1=0 t2=1 t3p=0 t3h=0 t4=0 t4s2=0 | R13=0 R134=0 R134s2=0 RT=1 RT4=1 RT4s2=1 | t4min 0
X k4_certs_4_pure.json.gz#123 7,116,234,44 [[7], [2, 8], [4, 5], [3, 6]] def 1 k 3 | t1=0 t2=1 t3p=0 t3h=0 t4=0 t4s2=0 | R13=0 R134=0 R134s2=0 RT=1 RT4=1 RT4s2=1 | t4min 0
X k4_certs_4_pure.json.gz#123 7,116,236,44 [[7], [2, 8], [4, 5], [3, 6]] def 1 k 3 | t1=0 t2=1 t3p=0 t3h=0 t4=0 t4s2=0 | R13=0 R134=0 R134s2=0 RT=1 RT4=1 RT4s2=1 | t4min 0
X k4_certs_4_pure.json.gz#123 7,116,237,44 [[7], [2, 8], [4, 5], [3, 6]] def 1 k 3 | t1=0 t2=1 t3p=0 t3h=0 t4=0 t4s2=0 | R13=0 R134=0 R134s2=0 RT=1 RT4=1 RT4s2=1 | t4min 0
X k4_certs_4_pure.json.gz#123 7,116,241,44 [[7], [2, 8], [4, 5], [3, 6]] def 1 k 3 | t1=0 t2=1 t3p=0 t3h=0 t4=0 t4s2=0 | R13=0 R134=0 R134s2=0 RT=1 RT4=1 RT4s2=1 | t4min 0
X k4_certs_4_pure.json.gz#123 7,116,242,44 [[7], [2, 8], [4, 5], [3, 6]] def 1 k 3 | t1=0 t2=1 t3p=0 t3h=0 t4=0 t4s2=0 | R13=0 R134=0 R134s2=0 RT=1 RT4=1 RT4s2=1 | t4min 0
X k4_certs_4_pure.json.gz#123 7,116,243,44 [[7], [2, 8], [4, 5], [3, 6]] def 1 k 3 | t1=0 t2=1 t3p=0 t3h=0 t4=0 t4s2=0 | R13=0 R134=0 R134s2=0 RT=1 RT4=1 RT4s2=1 | t4min 0
X k4_certs_4_pure.json.gz#123 7,116,245,44 [[7], [2, 8], [4, 5], [3, 6]] def 1 k 3 | t1=0 t2=1 t3p=0 t3h=0 t4=0 t4s2=0 | R13=0 R134=0 R134s2=0 RT=1 RT4=1 RT4s2=1 | t4min 0
X k4_certs_4_pure.json.gz#123 7,116,248,44 [[7], [2, 8], [4, 5], [3, 6]] def 1 k 3 | t1=0 t2=1 t3p=0 t3h=0 t4=0 t4s2=0 | R13=0 R134=0 R134s2=0 RT=1 RT4=1 RT4s2=1 | t4min 0
X k4_certs_4_pure.json.gz#123 7,116,249,44 [[7], [2, 8], [4, 5], [3, 6]] def 1 k 3 | t1=0 t2=1 t3p=0 t3h=0 t4=0 t4s2=0 | R13=0 R134=0 R134s2=0 RT=1 RT4=1 RT4s2=1 | t4min 0
X k4_certs_4_pure.json.gz#123 7,116,250,44 [[7], [2, 8], [4, 5], [3, 6]] def 1 k 3 | t1=0 t2=1 t3p=0 t3h=0 t4=0 t4s2=0 | R13=0 R134=0 R134s2=0 RT=1 RT4=1 RT4s2=1 | t4min 0
X k4_certs_4_pure.json.gz#123 7,116,252,44 [[7], [2, 8], [4, 5], [3, 6]] def 1 k 3 | t1=0 t2=1 t3p=0 t3h=0 t4=0 t4s2=0 | R13=0 R134=0 R134s2=0 RT=1 RT4=1 RT4s2=1 | t4min 0
X k4_certs_4_pure.json.gz#123 7,116,268,44 [[7], [2, 8], [4, 5], [3, 6]] def 1 k 3 | t1=0 t2=1 t3p=0 t3h=0 t4=0 t4s2=0 | R13=0 R134=0 R134s2=0 RT=1 RT4=1 RT4s2=1 | t4min 0
X k4_certs_4_pure.json.gz#123 7,116,269,44 [[7], [2, 8], [4, 5], [3, 6]] def 1 k 3 | t1=0 t2=1 t3p=0 t3h=0 t4=0 t4s2=0 | R13=0 R134=0 R134s2=0 RT=1 RT4=1 RT4s2=1 | t4min 0
X k4_certs_4_pure.json.gz#123 7,116,272,44 [[7], [2, 8], [4, 5], [3, 6]] def 1 k 3 | t1=0 t2=1 t3p=0 t3h=0 t4=0 t4s2=0 | R13=0 R134=0 R134s2=0 RT=1 RT4=1 RT4s2=1 | t4min 0
X k4_certs_4_pure.json.gz#123 7,116,273,44 [[7], [2, 8], [4, 5], [3, 6]] def 1 k 3 | t1=0 t2=1 t3p=0 t3h=0 t4=0 t4s2=0 | R13=0 R134=0 R134s2=0 RT=1 RT4=1 RT4s2=1 | t4min 0
X k4_certs_4_pure.json.gz#123 7,116,282,44 [[7], [2, 8], [4, 5], [3, 6]] def 1 k 3 | t1=0 t2=1 t3p=0 t3h=0 t4=0 t4s2=0 | R13=0 R134=0 R134s2=0 RT=1 RT4=1 RT4s2=1 | t4min 0
X k4_certs_4_pure.json.gz#123 7,116,284,44 [[7], [2, 8], [4, 5], [3, 6]] def 1 k 3 | t1=0 t2=1 t3p=0 t3h=0 t4=0 t4s2=0 | R13=0 R134=0 R134s2=0 RT=1 RT4=1 RT4s2=1 | t4min 0
X k4_certs_4_pure.json.gz#123 7,116,285,44 [[7], [2, 8], [4, 5], [3, 6]] def 1 k 3 | t1=0 t2=1 t3p=0 t3h=0 t4=0 t4s2=0 | R13=0 R134=0 R134s2=0 RT=1 RT4=1 RT4s2=1 | t4min 0
X k4_certs_4_pure.json.gz#123 7,116,286,44 [[7], [2, 8], [4, 5], [3, 6]] def 1 k 3 | t1=0 t2=1 t3p=0 t3h=0 t4=0 t4s2=0 | R13=0 R134=0 R134s2=0 RT=1 RT4=1 RT4s2=1 | t4min 0
X k4_certs_4_pure.json.gz#123 7,119,11,44 [[7], [2, 8], [4, 5], [3, 6]] def 1 k 3 | t1=0 t2=1 t3p=0 t3h=0 t4=0 t4s2=0 | R13=0 R134=0 R134s2=0 RT=1 RT4=1 RT4s2=1 | t4min 0
X k4_certs_4_pure.json.gz#123 7,119,13,44 [[7], [2, 8], [4, 5], [3, 6]] def 1 k 3 | t1=0 t2=1 t3p=0 t3h=0 t4=0 t4s2=0 | R13=0 R134=0 R134s2=0 RT=1 RT4=1 RT4s2=1 | t4min 0
X k4_certs_4_pure.json.gz#123 7,119,18,44 [[7], [2, 8], [4, 5], [3, 6]] def 1 k 3 | t1=0 t2=1 t3p=0 t3h=0 t4=0 t4s2=0 | R13=0 R134=0 R134s2=0 RT=1 RT4=1 RT4s2=1 | t4min 0
X k4_certs_4_pure.json.gz#123 7,119,25,44 [[7], [2, 8], [4, 5], [3, 6]] def 1 k 3 | t1=0 t2=1 t3p=0 t3h=0 t4=0 t4s2=0 | R13=0 R134=0 R134s2=0 RT=1 RT4=1 RT4s2=1 | t4min 0
X k4_certs_4_pure.json.gz#123 7,119,47,44 [[7], [2, 8], [4, 5], [3, 6]] def 1 k 3 | t1=0 t2=1 t3p=0 t3h=0 t4=0 t4s2=0 | R13=0 R134=0 R134s2=0 RT=1 RT4=1 RT4s2=1 | t4min 0
X k4_certs_4_pure.json.gz#123 7,119,50,44 [[7], [2, 8], [4, 5], [3, 6]] def 1 k 3 | t1=0 t2=1 t3p=0 t3h=0 t4=0 t4s2=0 | R13=0 R134=0 R134s2=0 RT=1 RT4=1 RT4s2=1 | t4min 0
X k4_certs_4_pure.json.gz#123 7,119,55,44 [[7], [2, 8], [4, 5], [3, 6]] def 1 k 3 | t1=0 t2=1 t3p=0 t3h=0 t4=0 t4s2=0 | R13=0 R134=0 R134s2=0 RT=1 RT4=1 RT4s2=1 | t4min 0
X k4_certs_4_pure.json.gz#123 7,119,67,44 [[7], [2, 8], [4, 5], [3, 6]] def 1 k 3 | t1=0 t2=1 t3p=0 t3h=0 t4=0 t4s2=0 | R13=0 R134=0 R134s2=0 RT=1 RT4=1 RT4s2=1 | t4min 0
X k4_certs_4_pure.json.gz#123 7,119,82,44 [[7], [2, 8], [4, 5], [3, 6]] def 1 k 3 | t1=0 t2=1 t3p=0 t3h=0 t4=0 t4s2=0 | R13=0 R134=0 R134s2=0 RT=1 RT4=1 RT4s2=1 | t4min 0
X k4_certs_4_pure.json.gz#123 7,119,89,44 [[7], [2, 8], [4, 5], [3, 6]] def 1 k 3 | t1=0 t2=1 t3p=0 t3h=0 t4=0 t4s2=0 | R13=0 R134=0 R134s2=0 RT=1 RT4=1 RT4s2=1 | t4min 0
X k4_certs_4_pure.json.gz#123 7,119,92,44 [[7], [2, 8], [4, 5], [3, 6]] def 1 k 3 | t1=0 t2=1 t3p=0 t3h=0 t4=0 t4s2=0 | R13=0 R134=0 R134s2=0 RT=1 RT4=1 RT4s2=1 | t4min 0
X k4_certs_4_pure.json.gz#123 7,119,95,44 [[7], [2, 8], [4, 5], [3, 6]] def 1 k 3 | t1=0 t2=1 t3p=0 t3h=0 t4=0 t4s2=0 | R13=0 R134=0 R134s2=0 RT=1 RT4=1 RT4s2=1 | t4min 0
X k4_certs_4_pure.json.gz#123 7,119,99,44 [[7], [2, 8], [4, 5], [3, 6]] def 1 k 3 | t1=0 t2=1 t3p=0 t3h=0 t4=0 t4s2=0 | R13=0 R134=0 R134s2=0 RT=1 RT4=1 RT4s2=1 | t4min 0
X k4_certs_4_pure.json.gz#123 7,119,100,44 [[7], [2, 8], [4, 5], [3, 6]] def 1 k 3 | t1=0 t2=1 t3p=0 t3h=0 t4=0 t4s2=0 | R13=0 R134=0 R134s2=0 RT=1 RT4=1 RT4s2=1 | t4min 0
X k4_certs_4_pure.json.gz#123 7,119,104,44 [[7], [2, 8], [4, 5], [3, 6]] def 1 k 3 | t1=0 t2=1 t3p=0 t3h=0 t4=0 t4s2=0 | R13=0 R134=0 R134s2=0 RT=1 RT4=1 RT4s2=1 | t4min 0
X k4_certs_4_pure.json.gz#123 7,119,114,44 [[7], [2, 8], [4, 5], [3, 6]] def 1 k 3 | t1=0 t2=1 t3p=0 t3h=0 t4=0 t4s2=0 | R13=0 R134=0 R134s2=0 RT=1 RT4=1 RT4s2=1 | t4min 0
X k4_certs_4_pure.json.gz#123 7,119,128,44 [[7], [2, 8], [4, 5], [3, 6]] def 1 k 3 | t1=0 t2=1 t3p=0 t3h=0 t4=0 t4s2=0 | R13=0 R134=0 R134s2=0 RT=1 RT4=1 RT4s2=1 | t4min 0
X k4_certs_4_pure.json.gz#123 7,119,131,44 [[7], [2, 8], [4, 5], [3, 6]] def 1 k 3 | t1=0 t2=1 t3p=0 t3h=0 t4=0 t4s2=0 | R13=0 R134=0 R134s2=0 RT=1 RT4=1 RT4s2=1 | t4min 0
X k4_certs_4_pure.json.gz#123 7,119,134,44 [[7], [2, 8], [4, 5], [3, 6]] def 1 k 3 | t1=0 t2=1 t3p=0 t3h=0 t4=0 t4s2=0 | R13=0 R134=0 R134s2=0 RT=1 RT4=1 RT4s2=1 | t4min 0
X k4_certs_4_pure.json.gz#123 7,119,135,44 [[7], [2, 8], [4, 5], [3, 6]] def 1 k 3 | t1=0 t2=1 t3p=0 t3h=0 t4=0 t4s2=0 | R13=0 R134=0 R134s2=0 RT=1 RT4=1 RT4s2=1 | t4min 0
X k4_certs_4_pure.json.gz#123 7,119,152,44 [[7], [2, 8], [4, 5], [3, 6]] def 1 k 3 | t1=0 t2=1 t3p=0 t3h=0 t4=0 t4s2=0 | R13=0 R134=0 R134s2=0 RT=1 RT4=1 RT4s2=1 | t4min 0
X k4_certs_4_pure.json.gz#123 7,119,155,44 [[7], [2, 8], [4, 5], [3, 6]] def 1 k 3 | t1=0 t2=1 t3p=0 t3h=0 t4=0 t4s2=0 | R13=0 R134=0 R134s2=0 RT=1 RT4=1 RT4s2=1 | t4min 0
X k4_certs_4_pure.json.gz#123 7,119,160,44 [[7], [2, 8], [4, 5], [3, 6]] def 1 k 3 | t1=0 t2=1 t3p=0 t3h=0 t4=0 t4s2=0 | R13=0 R134=0 R134s2=0 RT=1 RT4=1 RT4s2=1 | t4min 0
X k4_certs_4_pure.json.gz#123 7,119,165,44 [[7], [2, 8], [4, 5], [3, 6]] def 1 k 3 | t1=0 t2=1 t3p=0 t3h=0 t4=0 t4s2=0 | R13=0 R134=0 R134s2=0 RT=1 RT4=1 RT4s2=1 | t4min 0
X k4_certs_4_pure.json.gz#123 7,119,174,44 [[7], [2, 8], [4, 5], [3, 6]] def 1 k 3 | t1=0 t2=1 t3p=0 t3h=0 t4=0 t4s2=0 | R13=0 R134=0 R134s2=0 RT=1 RT4=1 RT4s2=1 | t4min 0
X k4_certs_4_pure.json.gz#123 7,119,192,44 [[7], [2, 8], [4, 5], [3, 6]] def 1 k 3 | t1=0 t2=1 t3p=0 t3h=0 t4=0 t4s2=0 | R13=0 R134=0 R134s2=0 RT=1 RT4=1 RT4s2=1 | t4min 0
X k4_certs_4_pure.json.gz#123 7,119,193,44 [[7], [2, 8], [4, 5], [3, 6]] def 1 k 3 | t1=0 t2=1 t3p=0 t3h=0 t4=0 t4s2=0 | R13=0 R134=0 R134s2=0 RT=1 RT4=1 RT4s2=1 | t4min 0
X k4_certs_4_pure.json.gz#123 7,119,198,44 [[7], [2, 8], [4, 5], [3, 6]] def 1 k 3 | t1=0 t2=1 t3p=0 t3h=0 t4=0 t4s2=0 | R13=0 R134=0 R134s2=0 RT=1 RT4=1 RT4s2=1 | t4min 0
X k4_certs_4_pure.json.gz#123 7,119,201,44 [[7], [2, 8], [4, 5], [3, 6]] def 1 k 3 | t1=0 t2=1 t3p=0 t3h=0 t4=0 t4s2=0 | R13=0 R134=0 R134s2=0 RT=1 RT4=1 RT4s2=1 | t4min 0
X k4_certs_4_pure.json.gz#123 7,119,217,44 [[7], [2, 8], [4, 5], [3, 6]] def 1 k 3 | t1=0 t2=1 t3p=0 t3h=0 t4=0 t4s2=0 | R13=0 R134=0 R134s2=0 RT=1 RT4=1 RT4s2=1 | t4min 0
X k4_certs_4_pure.json.gz#123 7,119,222,44 [[7], [2, 8], [4, 5], [3, 6]] def 1 k 3 | t1=0 t2=1 t3p=0 t3h=0 t4=0 t4s2=0 | R13=0 R134=0 R134s2=0 RT=1 RT4=1 RT4s2=1 | t4min 0
X k4_certs_4_pure.json.gz#123 7,119,233,44 [[7], [2, 8], [4, 5], [3, 6]] def 1 k 3 | t1=0 t2=1 t3p=0 t3h=0 t4=0 t4s2=0 | R13=0 R134=0 R134s2=0 RT=1 RT4=1 RT4s2=1 | t4min 0
X k4_certs_4_pure.json.gz#123 7,119,234,44 [[7], [2, 8], [4, 5], [3, 6]] def 1 k 3 | t1=0 t2=1 t3p=0 t3h=0 t4=0 t4s2=0 | R13=0 R134=0 R134s2=0 RT=1 RT4=1 RT4s2=1 | t4min 0
X k4_certs_4_pure.json.gz#123 7,119,236,44 [[7], [2, 8], [4, 5], [3, 6]] def 1 k 3 | t1=0 t2=1 t3p=0 t3h=0 t4=0 t4s2=0 | R13=0 R134=0 R134s2=0 RT=1 RT4=1 RT4s2=1 | t4min 0
X k4_certs_4_pure.json.gz#123 7,119,237,44 [[7], [2, 8], [4, 5], [3, 6]] def 1 k 3 | t1=0 t2=1 t3p=0 t3h=0 t4=0 t4s2=0 | R13=0 R134=0 R134s2=0 RT=1 RT4=1 RT4s2=1 | t4min 0
X k4_certs_4_pure.json.gz#123 7,119,241,44 [[7], [2, 8], [4, 5], [3, 6]] def 1 k 3 | t1=0 t2=1 t3p=0 t3h=0 t4=0 t4s2=0 | R13=0 R134=0 R134s2=0 RT=1 RT4=1 RT4s2=1 | t4min 0
X k4_certs_4_pure.json.gz#123 7,119,242,44 [[7], [2, 8], [4, 5], [3, 6]] def 1 k 3 | t1=0 t2=1 t3p=0 t3h=0 t4=0 t4s2=0 | R13=0 R134=0 R134s2=0 RT=1 RT4=1 RT4s2=1 | t4min 0
X k4_certs_4_pure.json.gz#123 7,119,243,44 [[7], [2, 8], [4, 5], [3, 6]] def 1 k 3 | t1=0 t2=1 t3p=0 t3h=0 t4=0 t4s2=0 | R13=0 R134=0 R134s2=0 RT=1 RT4=1 RT4s2=1 | t4min 0
X k4_certs_4_pure.json.gz#123 7,119,245,44 [[7], [2, 8], [4, 5], [3, 6]] def 1 k 3 | t1=0 t2=1 t3p=0 t3h=0 t4=0 t4s2=0 | R13=0 R134=0 R134s2=0 RT=1 RT4=1 RT4s2=1 | t4min 0
X k4_certs_4_pure.json.gz#123 7,119,248,44 [[7], [2, 8], [4, 5], [3, 6]] def 1 k 3 | t1=0 t2=1 t3p=0 t3h=0 t4=0 t4s2=0 | R13=0 R134=0 R134s2=0 RT=1 RT4=1 RT4s2=1 | t4min 0
X k4_certs_4_pure.json.gz#123 7,119,249,44 [[7], [2, 8], [4, 5], [3, 6]] def 1 k 3 | t1=0 t2=1 t3p=0 t3h=0 t4=0 t4s2=0 | R13=0 R134=0 R134s2=0 RT=1 RT4=1 RT4s2=1 | t4min 0
X k4_certs_4_pure.json.gz#123 7,119,250,44 [[7], [2, 8], [4, 5], [3, 6]] def 1 k 3 | t1=0 t2=1 t3p=0 t3h=0 t4=0 t4s2=0 | R13=0 R134=0 R134s2=0 RT=1 RT4=1 RT4s2=1 | t4min 0
X k4_certs_4_pure.json.gz#123 7,119,252,44 [[7], [2, 8], [4, 5], [3, 6]] def 1 k 3 | t1=0 t2=1 t3p=0 t3h=0 t4=0 t4s2=0 | R13=0 R134=0 R134s2=0 RT=1 RT4=1 RT4s2=1 | t4min 0
X k4_certs_4_pure.json.gz#123 7,119,268,44 [[7], [2, 8], [4, 5], [3, 6]] def 1 k 3 | t1=0 t2=1 t3p=0 t3h=0 t4=0 t4s2=0 | R13=0 R134=0 R134s2=0 RT=1 RT4=1 RT4s2=1 | t4min 0
X k4_certs_4_pure.json.gz#123 7,119,269,44 [[7], [2, 8], [4, 5], [3, 6]] def 1 k 3 | t1=0 t2=1 t3p=0 t3h=0 t4=0 t4s2=0 | R13=0 R134=0 R134s2=0 RT=1 RT4=1 RT4s2=1 | t4min 0
X k4_certs_4_pure.json.gz#123 7,119,272,44 [[7], [2, 8], [4, 5], [3, 6]] def 1 k 3 | t1=0 t2=1 t3p=0 t3h=0 t4=0 t4s2=0 | R13=0 R134=0 R134s2=0 RT=1 RT4=1 RT4s2=1 | t4min 0
X k4_certs_4_pure.json.gz#123 7,119,273,44 [[7], [2, 8], [4, 5], [3, 6]] def 1 k 3 | t1=0 t2=1 t3p=0 t3h=0 t4=0 t4s2=0 | R13=0 R134=0 R134s2=0 RT=1 RT4=1 RT4s2=1 | t4min 0
X k4_certs_4_pure.json.gz#123 7,119,282,44 [[7], [2, 8], [4, 5], [3, 6]] def 1 k 3 | t1=0 t2=1 t3p=0 t3h=0 t4=0 t4s2=0 | R13=0 R134=0 R134s2=0 RT=1 RT4=1 RT4s2=1 | t4min 0
X k4_certs_4_pure.json.gz#123 7,119,284,44 [[7], [2, 8], [4, 5], [3, 6]] def 1 k 3 | t1=0 t2=1 t3p=0 t3h=0 t4=0 t4s2=0 | R13=0 R134=0 R134s2=0 RT=1 RT4=1 RT4s2=1 | t4min 0
X k4_certs_4_pure.json.gz#123 7,119,285,44 [[7], [2, 8], [4, 5], [3, 6]] def 1 k 3 | t1=0 t2=1 t3p=0 t3h=0 t4=0 t4s2=0 | R13=0 R134=0 R134s2=0 RT=1 RT4=1 RT4s2=1 | t4min 0
X k4_certs_4_pure.json.gz#123 7,119,286,44 [[7], [2, 8], [4, 5], [3, 6]] def 1 k 3 | t1=0 t2=1 t3p=0 t3h=0 t4=0 t4s2=0 | R13=0 R134=0 R134s2=0 RT=1 RT4=1 RT4s2=1 | t4min 0
X k4_certs_4_pure.json.gz#123 7,122,11,44 [[7], [2, 8], [4, 5], [3, 6]] def 1 k 3 | t1=0 t2=1 t3p=0 t3h=0 t4=0 t4s2=0 | R13=0 R134=0 R134s2=0 RT=1 RT4=1 RT4s2=1 | t4min 0
X k4_certs_4_pure.json.gz#123 7,122,13,44 [[7], [2, 8], [4, 5], [3, 6]] def 1 k 3 | t1=0 t2=1 t3p=0 t3h=0 t4=0 t4s2=0 | R13=0 R134=0 R134s2=0 RT=1 RT4=1 RT4s2=1 | t4min 0
X k4_certs_4_pure.json.gz#123 7,122,18,44 [[7], [2, 8], [4, 5], [3, 6]] def 1 k 3 | t1=0 t2=1 t3p=0 t3h=0 t4=0 t4s2=0 | R13=0 R134=0 R134s2=0 RT=1 RT4=1 RT4s2=1 | t4min 0
X k4_certs_4_pure.json.gz#123 7,122,25,44 [[7], [2, 8], [4, 5], [3, 6]] def 1 k 3 | t1=0 t2=1 t3p=0 t3h=0 t4=0 t4s2=0 | R13=0 R134=0 R134s2=0 RT=1 RT4=1 RT4s2=1 | t4min 0
X k4_certs_4_pure.json.gz#123 7,122,47,44 [[7], [2, 8], [4, 5], [3, 6]] def 1 k 3 | t1=0 t2=1 t3p=0 t3h=0 t4=0 t4s2=0 | R13=0 R134=0 R134s2=0 RT=1 RT4=1 RT4s2=1 | t4min 0
X k4_certs_4_pure.json.gz#123 7,122,50,44 [[7], [2, 8], [4, 5], [3, 6]] def 1 k 3 | t1=0 t2=1 t3p=0 t3h=0 t4=0 t4s2=0 | R13=0 R134=0 R134s2=0 RT=1 RT4=1 RT4s2=1 | t4min 0
X k4_certs_4_pure.json.gz#123 7,122,55,44 [[7], [2, 8], [4, 5], [3, 6]] def 1 k 3 | t1=0 t2=1 t3p=0 t3h=0 t4=0 t4s2=0 | R13=0 R134=0 R134s2=0 RT=1 RT4=1 RT4s2=1 | t4min 0
X k4_certs_4_pure.json.gz#123 7,122,67,44 [[7], [2, 8], [4, 5], [3, 6]] def 1 k 3 | t1=0 t2=1 t3p=0 t3h=0 t4=0 t4s2=0 | R13=0 R134=0 R134s2=0 RT=1 RT4=1 RT4s2=1 | t4min 0
X k4_certs_4_pure.json.gz#123 7,122,82,44 [[7], [2, 8], [4, 5], [3, 6]] def 1 k 3 | t1=0 t2=1 t3p=0 t3h=0 t4=0 t4s2=0 | R13=0 R134=0 R134s2=0 RT=1 RT4=1 RT4s2=1 | t4min 0
X k4_certs_4_pure.json.gz#123 7,122,89,44 [[7], [2, 8], [4, 5], [3, 6]] def 1 k 3 | t1=0 t2=1 t3p=0 t3h=0 t4=0 t4s2=0 | R13=0 R134=0 R134s2=0 RT=1 RT4=1 RT4s2=1 | t4min 0
X k4_certs_4_pure.json.gz#123 7,122,92,44 [[7], [2, 8], [4, 5], [3, 6]] def 1 k 3 | t1=0 t2=1 t3p=0 t3h=0 t4=0 t4s2=0 | R13=0 R134=0 R134s2=0 RT=1 RT4=1 RT4s2=1 | t4min 0
X k4_certs_4_pure.json.gz#123 7,122,95,44 [[7], [2, 8], [4, 5], [3, 6]] def 1 k 3 | t1=0 t2=1 t3p=0 t3h=0 t4=0 t4s2=0 | R13=0 R134=0 R134s2=0 RT=1 RT4=1 RT4s2=1 | t4min 0
X k4_certs_4_pure.json.gz#123 7,122,99,44 [[7], [2, 8], [4, 5], [3, 6]] def 1 k 3 | t1=0 t2=1 t3p=0 t3h=0 t4=0 t4s2=0 | R13=0 R134=0 R134s2=0 RT=1 RT4=1 RT4s2=1 | t4min 0
X k4_certs_4_pure.json.gz#123 7,122,100,44 [[7], [2, 8], [4, 5], [3, 6]] def 1 k 3 | t1=0 t2=1 t3p=0 t3h=0 t4=0 t4s2=0 | R13=0 R134=0 R134s2=0 RT=1 RT4=1 RT4s2=1 | t4min 0
X k4_certs_4_pure.json.gz#123 7,122,104,44 [[7], [2, 8], [4, 5], [3, 6]] def 1 k 3 | t1=0 t2=1 t3p=0 t3h=0 t4=0 t4s2=0 | R13=0 R134=0 R134s2=0 RT=1 RT4=1 RT4s2=1 | t4min 0
X k4_certs_4_pure.json.gz#123 7,122,114,44 [[7], [2, 8], [4, 5], [3, 6]] def 1 k 3 | t1=0 t2=1 t3p=0 t3h=0 t4=0 t4s2=0 | R13=0 R134=0 R134s2=0 RT=1 RT4=1 RT4s2=1 | t4min 0
X k4_certs_4_pure.json.gz#123 7,122,128,44 [[7], [2, 8], [4, 5], [3, 6]] def 1 k 3 | t1=0 t2=1 t3p=0 t3h=0 t4=0 t4s2=0 | R13=0 R134=0 R134s2=0 RT=1 RT4=1 RT4s2=1 | t4min 0
X k4_certs_4_pure.json.gz#123 7,122,131,44 [[7], [2, 8], [4, 5], [3, 6]] def 1 k 3 | t1=0 t2=1 t3p=0 t3h=0 t4=0 t4s2=0 | R13=0 R134=0 R134s2=0 RT=1 RT4=1 RT4s2=1 | t4min 0
X k4_certs_4_pure.json.gz#123 7,122,134,44 [[7], [2, 8], [4, 5], [3, 6]] def 1 k 3 | t1=0 t2=1 t3p=0 t3h=0 t4=0 t4s2=0 | R13=0 R134=0 R134s2=0 RT=1 RT4=1 RT4s2=1 | t4min 0
X k4_certs_4_pure.json.gz#123 7,122,135,44 [[7], [2, 8], [4, 5], [3, 6]] def 1 k 3 | t1=0 t2=1 t3p=0 t3h=0 t4=0 t4s2=0 | R13=0 R134=0 R134s2=0 RT=1 RT4=1 RT4s2=1 | t4min 0
X k4_certs_4_pure.json.gz#123 7,122,152,44 [[7], [2, 8], [4, 5], [3, 6]] def 1 k 3 | t1=0 t2=1 t3p=0 t3h=0 t4=0 t4s2=0 | R13=0 R134=0 R134s2=0 RT=1 RT4=1 RT4s2=1 | t4min 0
X k4_certs_4_pure.json.gz#123 7,122,155,44 [[7], [2, 8], [4, 5], [3, 6]] def 1 k 3 | t1=0 t2=1 t3p=0 t3h=0 t4=0 t4s2=0 | R13=0 R134=0 R134s2=0 RT=1 RT4=1 RT4s2=1 | t4min 0
X k4_certs_4_pure.json.gz#123 7,122,160,44 [[7], [2, 8], [4, 5], [3, 6]] def 1 k 3 | t1=0 t2=1 t3p=0 t3h=0 t4=0 t4s2=0 | R13=0 R134=0 R134s2=0 RT=1 RT4=1 RT4s2=1 | t4min 0
X k4_certs_4_pure.json.gz#123 7,122,165,44 [[7], [2, 8], [4, 5], [3, 6]] def 1 k 3 | t1=0 t2=1 t3p=0 t3h=0 t4=0 t4s2=0 | R13=0 R134=0 R134s2=0 RT=1 RT4=1 RT4s2=1 | t4min 0
X k4_certs_4_pure.json.gz#123 7,122,174,44 [[7], [2, 8], [4, 5], [3, 6]] def 1 k 3 | t1=0 t2=1 t3p=0 t3h=0 t4=0 t4s2=0 | R13=0 R134=0 R134s2=0 RT=1 RT4=1 RT4s2=1 | t4min 0
X k4_certs_4_pure.json.gz#123 7,122,192,44 [[7], [2, 8], [4, 5], [3, 6]] def 1 k 3 | t1=0 t2=1 t3p=0 t3h=0 t4=0 t4s2=0 | R13=0 R134=0 R134s2=0 RT=1 RT4=1 RT4s2=1 | t4min 0
X k4_certs_4_pure.json.gz#123 7,122,193,44 [[7], [2, 8], [4, 5], [3, 6]] def 1 k 3 | t1=0 t2=1 t3p=0 t3h=0 t4=0 t4s2=0 | R13=0 R134=0 R134s2=0 RT=1 RT4=1 RT4s2=1 | t4min 0
X k4_certs_4_pure.json.gz#123 7,122,198,44 [[7], [2, 8], [4, 5], [3, 6]] def 1 k 3 | t1=0 t2=1 t3p=0 t3h=0 t4=0 t4s2=0 | R13=0 R134=0 R134s2=0 RT=1 RT4=1 RT4s2=1 | t4min 0
X k4_certs_4_pure.json.gz#123 7,122,201,44 [[7], [2, 8], [4, 5], [3, 6]] def 1 k 3 | t1=0 t2=1 t3p=0 t3h=0 t4=0 t4s2=0 | R13=0 R134=0 R134s2=0 RT=1 RT4=1 RT4s2=1 | t4min 0
X k4_certs_4_pure.json.gz#123 7,122,217,44 [[7], [2, 8], [4, 5], [3, 6]] def 1 k 3 | t1=0 t2=1 t3p=0 t3h=0 t4=0 t4s2=0 | R13=0 R134=0 R134s2=0 RT=1 RT4=1 RT4s2=1 | t4min 0
X k4_certs_4_pure.json.gz#123 7,122,222,44 [[7], [2, 8], [4, 5], [3, 6]] def 1 k 3 | t1=0 t2=1 t3p=0 t3h=0 t4=0 t4s2=0 | R13=0 R134=0 R134s2=0 RT=1 RT4=1 RT4s2=1 | t4min 0
X k4_certs_4_pure.json.gz#123 7,122,233,44 [[7], [2, 8], [4, 5], [3, 6]] def 1 k 3 | t1=0 t2=1 t3p=0 t3h=0 t4=0 t4s2=0 | R13=0 R134=0 R134s2=0 RT=1 RT4=1 RT4s2=1 | t4min 0
X k4_certs_4_pure.json.gz#123 7,122,234,44 [[7], [2, 8], [4, 5], [3, 6]] def 1 k 3 | t1=0 t2=1 t3p=0 t3h=0 t4=0 t4s2=0 | R13=0 R134=0 R134s2=0 RT=1 RT4=1 RT4s2=1 | t4min 0
X k4_certs_4_pure.json.gz#123 7,122,236,44 [[7], [2, 8], [4, 5], [3, 6]] def 1 k 3 | t1=0 t2=1 t3p=0 t3h=0 t4=0 t4s2=0 | R13=0 R134=0 R134s2=0 RT=1 RT4=1 RT4s2=1 | t4min 0
X k4_certs_4_pure.json.gz#123 7,122,237,44 [[7], [2, 8], [4, 5], [3, 6]] def 1 k 3 | t1=0 t2=1 t3p=0 t3h=0 t4=0 t4s2=0 | R13=0 R134=0 R134s2=0 RT=1 RT4=1 RT4s2=1 | t4min 0
X k4_certs_4_pure.json.gz#123 7,122,241,44 [[7], [2, 8], [4, 5], [3, 6]] def 1 k 3 | t1=0 t2=1 t3p=0 t3h=0 t4=0 t4s2=0 | R13=0 R134=0 R134s2=0 RT=1 RT4=1 RT4s2=1 | t4min 0
X k4_certs_4_pure.json.gz#123 7,122,242,44 [[7], [2, 8], [4, 5], [3, 6]] def 1 k 3 | t1=0 t2=1 t3p=0 t3h=0 t4=0 t4s2=0 | R13=0 R134=0 R134s2=0 RT=1 RT4=1 RT4s2=1 | t4min 0
X k4_certs_4_pure.json.gz#123 7,122,243,44 [[7], [2, 8], [4, 5], [3, 6]] def 1 k 3 | t1=0 t2=1 t3p=0 t3h=0 t4=0 t4s2=0 | R13=0 R134=0 R134s2=0 RT=1 RT4=1 RT4s2=1 | t4min 0
X k4_certs_4_pure.json.gz#123 7,122,245,44 [[7], [2, 8], [4, 5], [3, 6]] def 1 k 3 | t1=0 t2=1 t3p=0 t3h=0 t4=0 t4s2=0 | R13=0 R134=0 R134s2=0 RT=1 RT4=1 RT4s2=1 | t4min 0
X k4_certs_4_pure.json.gz#123 7,122,248,44 [[7], [2, 8], [4, 5], [3, 6]] def 1 k 3 | t1=0 t2=1 t3p=0 t3h=0 t4=0 t4s2=0 | R13=0 R134=0 R134s2=0 RT=1 RT4=1 RT4s2=1 | t4min 0
X k4_certs_4_pure.json.gz#123 7,122,249,44 [[7], [2, 8], [4, 5], [3, 6]] def 1 k 3 | t1=0 t2=1 t3p=0 t3h=0 t4=0 t4s2=0 | R13=0 R134=0 R134s2=0 RT=1 RT4=1 RT4s2=1 | t4min 0
X k4_certs_4_pure.json.gz#123 7,122,250,44 [[7], [2, 8], [4, 5], [3, 6]] def 1 k 3 | t1=0 t2=1 t3p=0 t3h=0 t4=0 t4s2=0 | R13=0 R134=0 R134s2=0 RT=1 RT4=1 RT4s2=1 | t4min 0
X k4_certs_4_pure.json.gz#123 7,122,252,44 [[7], [2, 8], [4, 5], [3, 6]] def 1 k 3 | t1=0 t2=1 t3p=0 t3h=0 t4=0 t4s2=0 | R13=0 R134=0 R134s2=0 RT=1 RT4=1 RT4s2=1 | t4min 0
X k4_certs_4_pure.json.gz#123 7,122,268,44 [[7], [2, 8], [4, 5], [3, 6]] def 1 k 3 | t1=0 t2=1 t3p=0 t3h=0 t4=0 t4s2=0 | R13=0 R134=0 R134s2=0 RT=1 RT4=1 RT4s2=1 | t4min 0
X k4_certs_4_pure.json.gz#123 7,122,269,44 [[7], [2, 8], [4, 5], [3, 6]] def 1 k 3 | t1=0 t2=1 t3p=0 t3h=0 t4=0 t4s2=0 | R13=0 R134=0 R134s2=0 RT=1 RT4=1 RT4s2=1 | t4min 0
X k4_certs_4_pure.json.gz#123 7,122,272,44 [[7], [2, 8], [4, 5], [3, 6]] def 1 k 3 | t1=0 t2=1 t3p=0 t3h=0 t4=0 t4s2=0 | R13=0 R134=0 R134s2=0 RT=1 RT4=1 RT4s2=1 | t4min 0
X k4_certs_4_pure.json.gz#123 7,122,273,44 [[7], [2, 8], [4, 5], [3, 6]] def 1 k 3 | t1=0 t2=1 t3p=0 t3h=0 t4=0 t4s2=0 | R13=0 R134=0 R134s2=0 RT=1 RT4=1 RT4s2=1 | t4min 0
X k4_certs_4_pure.json.gz#123 7,122,282,44 [[7], [2, 8], [4, 5], [3, 6]] def 1 k 3 | t1=0 t2=1 t3p=0 t3h=0 t4=0 t4s2=0 | R13=0 R134=0 R134s2=0 RT=1 RT4=1 RT4s2=1 | t4min 0
X k4_certs_4_pure.json.gz#123 7,122,284,44 [[7], [2, 8], [4, 5], [3, 6]] def 1 k 3 | t1=0 t2=1 t3p=0 t3h=0 t4=0 t4s2=0 | R13=0 R134=0 R134s2=0 RT=1 RT4=1 RT4s2=1 | t4min 0
X k4_certs_4_pure.json.gz#123 7,122,285,44 [[7], [2, 8], [4, 5], [3, 6]] def 1 k 3 | t1=0 t2=1 t3p=0 t3h=0 t4=0 t4s2=0 | R13=0 R134=0 R134s2=0 RT=1 RT4=1 RT4s2=1 | t4min 0
X k4_certs_4_pure.json.gz#123 7,122,286,44 [[7], [2, 8], [4, 5], [3, 6]] def 1 k 3 | t1=0 t2=1 t3p=0 t3h=0 t4=0 t4s2=0 | R13=0 R134=0 R134s2=0 RT=1 RT4=1 RT4s2=1 | t4min 0
X k4_certs_4_pure.json.gz#123 7,123,11,44 [[7], [2, 8], [4, 5], [3, 6]] def 1 k 3 | t1=0 t2=1 t3p=0 t3h=0 t4=0 t4s2=0 | R13=0 R134=0 R134s2=0 RT=1 RT4=1 RT4s2=1 | t4min 0
X k4_certs_4_pure.json.gz#123 7,123,13,44 [[7], [2, 8], [4, 5], [3, 6]] def 1 k 3 | t1=0 t2=1 t3p=0 t3h=0 t4=0 t4s2=0 | R13=0 R134=0 R134s2=0 RT=1 RT4=1 RT4s2=1 | t4min 0
X k4_certs_4_pure.json.gz#123 7,123,18,44 [[7], [2, 8], [4, 5], [3, 6]] def 1 k 3 | t1=0 t2=1 t3p=0 t3h=0 t4=0 t4s2=0 | R13=0 R134=0 R134s2=0 RT=1 RT4=1 RT4s2=1 | t4min 0
X k4_certs_4_pure.json.gz#123 7,123,25,44 [[7], [2, 8], [4, 5], [3, 6]] def 1 k 3 | t1=0 t2=1 t3p=0 t3h=0 t4=0 t4s2=0 | R13=0 R134=0 R134s2=0 RT=1 RT4=1 RT4s2=1 | t4min 0
X k4_certs_4_pure.json.gz#123 7,123,47,44 [[7], [2, 8], [4, 5], [3, 6]] def 1 k 3 | t1=0 t2=1 t3p=0 t3h=0 t4=0 t4s2=0 | R13=0 R134=0 R134s2=0 RT=1 RT4=1 RT4s2=1 | t4min 0
X k4_certs_4_pure.json.gz#123 7,123,50,44 [[7], [2, 8], [4, 5], [3, 6]] def 1 k 3 | t1=0 t2=1 t3p=0 t3h=0 t4=0 t4s2=0 | R13=0 R134=0 R134s2=0 RT=1 RT4=1 RT4s2=1 | t4min 0
X k4_certs_4_pure.json.gz#123 7,123,55,44 [[7], [2, 8], [4, 5], [3, 6]] def 1 k 3 | t1=0 t2=1 t3p=0 t3h=0 t4=0 t4s2=0 | R13=0 R134=0 R134s2=0 RT=1 RT4=1 RT4s2=1 | t4min 0
X k4_certs_4_pure.json.gz#123 7,123,67,44 [[7], [2, 8], [4, 5], [3, 6]] def 1 k 3 | t1=0 t2=1 t3p=0 t3h=0 t4=0 t4s2=0 | R13=0 R134=0 R134s2=0 RT=1 RT4=1 RT4s2=1 | t4min 0
X k4_certs_4_pure.json.gz#123 7,123,82,44 [[7], [2, 8], [4, 5], [3, 6]] def 1 k 3 | t1=0 t2=1 t3p=0 t3h=0 t4=0 t4s2=0 | R13=0 R134=0 R134s2=0 RT=1 RT4=1 RT4s2=1 | t4min 0
X k4_certs_4_pure.json.gz#123 7,123,89,44 [[7], [2, 8], [4, 5], [3, 6]] def 1 k 3 | t1=0 t2=1 t3p=0 t3h=0 t4=0 t4s2=0 | R13=0 R134=0 R134s2=0 RT=1 RT4=1 RT4s2=1 | t4min 0
X k4_certs_4_pure.json.gz#123 7,123,92,44 [[7], [2, 8], [4, 5], [3, 6]] def 1 k 3 | t1=0 t2=1 t3p=0 t3h=0 t4=0 t4s2=0 | R13=0 R134=0 R134s2=0 RT=1 RT4=1 RT4s2=1 | t4min 0
X k4_certs_4_pure.json.gz#123 7,123,95,44 [[7], [2, 8], [4, 5], [3, 6]] def 1 k 3 | t1=0 t2=1 t3p=0 t3h=0 t4=0 t4s2=0 | R13=0 R134=0 R134s2=0 RT=1 RT4=1 RT4s2=1 | t4min 0
X k4_certs_4_pure.json.gz#123 7,123,99,44 [[7], [2, 8], [4, 5], [3, 6]] def 1 k 3 | t1=0 t2=1 t3p=0 t3h=0 t4=0 t4s2=0 | R13=0 R134=0 R134s2=0 RT=1 RT4=1 RT4s2=1 | t4min 0
X k4_certs_4_pure.json.gz#123 7,123,100,44 [[7], [2, 8], [4, 5], [3, 6]] def 1 k 3 | t1=0 t2=1 t3p=0 t3h=0 t4=0 t4s2=0 | R13=0 R134=0 R134s2=0 RT=1 RT4=1 RT4s2=1 | t4min 0
X k4_certs_4_pure.json.gz#123 7,123,104,44 [[7], [2, 8], [4, 5], [3, 6]] def 1 k 3 | t1=0 t2=1 t3p=0 t3h=0 t4=0 t4s2=0 | R13=0 R134=0 R134s2=0 RT=1 RT4=1 RT4s2=1 | t4min 0
X k4_certs_4_pure.json.gz#123 7,123,114,44 [[7], [2, 8], [4, 5], [3, 6]] def 1 k 3 | t1=0 t2=1 t3p=0 t3h=0 t4=0 t4s2=0 | R13=0 R134=0 R134s2=0 RT=1 RT4=1 RT4s2=1 | t4min 0
X k4_certs_4_pure.json.gz#123 7,123,128,44 [[7], [2, 8], [4, 5], [3, 6]] def 1 k 3 | t1=0 t2=1 t3p=0 t3h=0 t4=0 t4s2=0 | R13=0 R134=0 R134s2=0 RT=1 RT4=1 RT4s2=1 | t4min 0
X k4_certs_4_pure.json.gz#123 7,123,131,44 [[7], [2, 8], [4, 5], [3, 6]] def 1 k 3 | t1=0 t2=1 t3p=0 t3h=0 t4=0 t4s2=0 | R13=0 R134=0 R134s2=0 RT=1 RT4=1 RT4s2=1 | t4min 0
X k4_certs_4_pure.json.gz#123 7,123,134,44 [[7], [2, 8], [4, 5], [3, 6]] def 1 k 3 | t1=0 t2=1 t3p=0 t3h=0 t4=0 t4s2=0 | R13=0 R134=0 R134s2=0 RT=1 RT4=1 RT4s2=1 | t4min 0
X k4_certs_4_pure.json.gz#123 7,123,135,44 [[7], [2, 8], [4, 5], [3, 6]] def 1 k 3 | t1=0 t2=1 t3p=0 t3h=0 t4=0 t4s2=0 | R13=0 R134=0 R134s2=0 RT=1 RT4=1 RT4s2=1 | t4min 0
X k4_certs_4_pure.json.gz#123 7,123,152,44 [[7], [2, 8], [4, 5], [3, 6]] def 1 k 3 | t1=0 t2=1 t3p=0 t3h=0 t4=0 t4s2=0 | R13=0 R134=0 R134s2=0 RT=1 RT4=1 RT4s2=1 | t4min 0
X k4_certs_4_pure.json.gz#123 7,123,155,44 [[7], [2, 8], [4, 5], [3, 6]] def 1 k 3 | t1=0 t2=1 t3p=0 t3h=0 t4=0 t4s2=0 | R13=0 R134=0 R134s2=0 RT=1 RT4=1 RT4s2=1 | t4min 0
X k4_certs_4_pure.json.gz#123 7,123,160,44 [[7], [2, 8], [4, 5], [3, 6]] def 1 k 3 | t1=0 t2=1 t3p=0 t3h=0 t4=0 t4s2=0 | R13=0 R134=0 R134s2=0 RT=1 RT4=1 RT4s2=1 | t4min 0
X k4_certs_4_pure.json.gz#123 7,123,165,44 [[7], [2, 8], [4, 5], [3, 6]] def 1 k 3 | t1=0 t2=1 t3p=0 t3h=0 t4=0 t4s2=0 | R13=0 R134=0 R134s2=0 RT=1 RT4=1 RT4s2=1 | t4min 0
X k4_certs_4_pure.json.gz#123 7,123,174,44 [[7], [2, 8], [4, 5], [3, 6]] def 1 k 3 | t1=0 t2=1 t3p=0 t3h=0 t4=0 t4s2=0 | R13=0 R134=0 R134s2=0 RT=1 RT4=1 RT4s2=1 | t4min 0
X k4_certs_4_pure.json.gz#123 7,123,192,44 [[7], [2, 8], [4, 5], [3, 6]] def 1 k 3 | t1=0 t2=1 t3p=0 t3h=0 t4=0 t4s2=0 | R13=0 R134=0 R134s2=0 RT=1 RT4=1 RT4s2=1 | t4min 0
X k4_certs_4_pure.json.gz#123 7,123,193,44 [[7], [2, 8], [4, 5], [3, 6]] def 1 k 3 | t1=0 t2=1 t3p=0 t3h=0 t4=0 t4s2=0 | R13=0 R134=0 R134s2=0 RT=1 RT4=1 RT4s2=1 | t4min 0
X k4_certs_4_pure.json.gz#123 7,123,198,44 [[7], [2, 8], [4, 5], [3, 6]] def 1 k 3 | t1=0 t2=1 t3p=0 t3h=0 t4=0 t4s2=0 | R13=0 R134=0 R134s2=0 RT=1 RT4=1 RT4s2=1 | t4min 0
X k4_certs_4_pure.json.gz#123 7,123,201,44 [[7], [2, 8], [4, 5], [3, 6]] def 1 k 3 | t1=0 t2=1 t3p=0 t3h=0 t4=0 t4s2=0 | R13=0 R134=0 R134s2=0 RT=1 RT4=1 RT4s2=1 | t4min 0
X k4_certs_4_pure.json.gz#123 7,123,217,44 [[7], [2, 8], [4, 5], [3, 6]] def 1 k 3 | t1=0 t2=1 t3p=0 t3h=0 t4=0 t4s2=0 | R13=0 R134=0 R134s2=0 RT=1 RT4=1 RT4s2=1 | t4min 0
X k4_certs_4_pure.json.gz#123 7,123,222,44 [[7], [2, 8], [4, 5], [3, 6]] def 1 k 3 | t1=0 t2=1 t3p=0 t3h=0 t4=0 t4s2=0 | R13=0 R134=0 R134s2=0 RT=1 RT4=1 RT4s2=1 | t4min 0
X k4_certs_4_pure.json.gz#123 7,123,233,44 [[7], [2, 8], [4, 5], [3, 6]] def 1 k 3 | t1=0 t2=1 t3p=0 t3h=0 t4=0 t4s2=0 | R13=0 R134=0 R134s2=0 RT=1 RT4=1 RT4s2=1 | t4min 0
X k4_certs_4_pure.json.gz#123 7,123,234,44 [[7], [2, 8], [4, 5], [3, 6]] def 1 k 3 | t1=0 t2=1 t3p=0 t3h=0 t4=0 t4s2=0 | R13=0 R134=0 R134s2=0 RT=1 RT4=1 RT4s2=1 | t4min 0
X k4_certs_4_pure.json.gz#123 7,123,236,44 [[7], [2, 8], [4, 5], [3, 6]] def 1 k 3 | t1=0 t2=1 t3p=0 t3h=0 t4=0 t4s2=0 | R13=0 R134=0 R134s2=0 RT=1 RT4=1 RT4s2=1 | t4min 0
X k4_certs_4_pure.json.gz#123 7,123,237,44 [[7], [2, 8], [4, 5], [3, 6]] def 1 k 3 | t1=0 t2=1 t3p=0 t3h=0 t4=0 t4s2=0 | R13=0 R134=0 R134s2=0 RT=1 RT4=1 RT4s2=1 | t4min 0
X k4_certs_4_pure.json.gz#123 7,123,241,44 [[7], [2, 8], [4, 5], [3, 6]] def 1 k 3 | t1=0 t2=1 t3p=0 t3h=0 t4=0 t4s2=0 | R13=0 R134=0 R134s2=0 RT=1 RT4=1 RT4s2=1 | t4min 0
X k4_certs_4_pure.json.gz#123 7,123,242,44 [[7], [2, 8], [4, 5], [3, 6]] def 1 k 3 | t1=0 t2=1 t3p=0 t3h=0 t4=0 t4s2=0 | R13=0 R134=0 R134s2=0 RT=1 RT4=1 RT4s2=1 | t4min 0
X k4_certs_4_pure.json.gz#123 7,123,243,44 [[7], [2, 8], [4, 5], [3, 6]] def 1 k 3 | t1=0 t2=1 t3p=0 t3h=0 t4=0 t4s2=0 | R13=0 R134=0 R134s2=0 RT=1 RT4=1 RT4s2=1 | t4min 0
X k4_certs_4_pure.json.gz#123 7,123,245,44 [[7], [2, 8], [4, 5], [3, 6]] def 1 k 3 | t1=0 t2=1 t3p=0 t3h=0 t4=0 t4s2=0 | R13=0 R134=0 R134s2=0 RT=1 RT4=1 RT4s2=1 | t4min 0
X k4_certs_4_pure.json.gz#123 7,123,248,44 [[7], [2, 8], [4, 5], [3, 6]] def 1 k 3 | t1=0 t2=1 t3p=0 t3h=0 t4=0 t4s2=0 | R13=0 R134=0 R134s2=0 RT=1 RT4=1 RT4s2=1 | t4min 0
X k4_certs_4_pure.json.gz#123 7,123,249,44 [[7], [2, 8], [4, 5], [3, 6]] def 1 k 3 | t1=0 t2=1 t3p=0 t3h=0 t4=0 t4s2=0 | R13=0 R134=0 R134s2=0 RT=1 RT4=1 RT4s2=1 | t4min 0
X k4_certs_4_pure.json.gz#123 7,123,250,44 [[7], [2, 8], [4, 5], [3, 6]] def 1 k 3 | t1=0 t2=1 t3p=0 t3h=0 t4=0 t4s2=0 | R13=0 R134=0 R134s2=0 RT=1 RT4=1 RT4s2=1 | t4min 0
X k4_certs_4_pure.json.gz#123 7,123,252,44 [[7], [2, 8], [4, 5], [3, 6]] def 1 k 3 | t1=0 t2=1 t3p=0 t3h=0 t4=0 t4s2=0 | R13=0 R134=0 R134s2=0 RT=1 RT4=1 RT4s2=1 | t4min 0
X k4_certs_4_pure.json.gz#123 7,123,268,44 [[7], [2, 8], [4, 5], [3, 6]] def 1 k 3 | t1=0 t2=1 t3p=0 t3h=0 t4=0 t4s2=0 | R13=0 R134=0 R134s2=0 RT=1 RT4=1 RT4s2=1 | t4min 0
X k4_certs_4_pure.json.gz#123 7,123,269,44 [[7], [2, 8], [4, 5], [3, 6]] def 1 k 3 | t1=0 t2=1 t3p=0 t3h=0 t4=0 t4s2=0 | R13=0 R134=0 R134s2=0 RT=1 RT4=1 RT4s2=1 | t4min 0
X k4_certs_4_pure.json.gz#123 7,123,272,44 [[7], [2, 8], [4, 5], [3, 6]] def 1 k 3 | t1=0 t2=1 t3p=0 t3h=0 t4=0 t4s2=0 | R13=0 R134=0 R134s2=0 RT=1 RT4=1 RT4s2=1 | t4min 0
X k4_certs_4_pure.json.gz#123 7,123,273,44 [[7], [2, 8], [4, 5], [3, 6]] def 1 k 3 | t1=0 t2=1 t3p=0 t3h=0 t4=0 t4s2=0 | R13=0 R134=0 R134s2=0 RT=1 RT4=1 RT4s2=1 | t4min 0
X k4_certs_4_pure.json.gz#123 7,123,282,44 [[7], [2, 8], [4, 5], [3, 6]] def 1 k 3 | t1=0 t2=1 t3p=0 t3h=0 t4=0 t4s2=0 | R13=0 R134=0 R134s2=0 RT=1 RT4=1 RT4s2=1 | t4min 0
X k4_certs_4_pure.json.gz#123 7,123,284,44 [[7], [2, 8], [4, 5], [3, 6]] def 1 k 3 | t1=0 t2=1 t3p=0 t3h=0 t4=0 t4s2=0 | R13=0 R134=0 R134s2=0 RT=1 RT4=1 RT4s2=1 | t4min 0
X k4_certs_4_pure.json.gz#123 7,123,285,44 [[7], [2, 8], [4, 5], [3, 6]] def 1 k 3 | t1=0 t2=1 t3p=0 t3h=0 t4=0 t4s2=0 | R13=0 R134=0 R134s2=0 RT=1 RT4=1 RT4s2=1 | t4min 0
X k4_certs_4_pure.json.gz#123 7,123,286,44 [[7], [2, 8], [4, 5], [3, 6]] def 1 k 3 | t1=0 t2=1 t3p=0 t3h=0 t4=0 t4s2=0 | R13=0 R134=0 R134s2=0 RT=1 RT4=1 RT4s2=1 | t4min 0
X k4_certs_4_pure.json.gz#123 7,127,11,44 [[7], [2, 8], [4, 5], [3, 6]] def 1 k 3 | t1=0 t2=1 t3p=0 t3h=0 t4=0 t4s2=0 | R13=0 R134=0 R134s2=0 RT=1 RT4=1 RT4s2=1 | t4min 0
X k4_certs_4_pure.json.gz#123 7,127,13,44 [[7], [2, 8], [4, 5], [3, 6]] def 1 k 3 | t1=0 t2=1 t3p=0 t3h=0 t4=0 t4s2=0 | R13=0 R134=0 R134s2=0 RT=1 RT4=1 RT4s2=1 | t4min 0
X k4_certs_4_pure.json.gz#123 7,127,18,44 [[7], [2, 8], [4, 5], [3, 6]] def 1 k 3 | t1=0 t2=1 t3p=0 t3h=0 t4=0 t4s2=0 | R13=0 R134=0 R134s2=0 RT=1 RT4=1 RT4s2=1 | t4min 0
X k4_certs_4_pure.json.gz#123 7,127,25,44 [[7], [2, 8], [4, 5], [3, 6]] def 1 k 3 | t1=0 t2=1 t3p=0 t3h=0 t4=0 t4s2=0 | R13=0 R134=0 R134s2=0 RT=1 RT4=1 RT4s2=1 | t4min 0
X k4_certs_4_pure.json.gz#123 7,127,47,44 [[7], [2, 8], [4, 5], [3, 6]] def 1 k 3 | t1=0 t2=1 t3p=0 t3h=0 t4=0 t4s2=0 | R13=0 R134=0 R134s2=0 RT=1 RT4=1 RT4s2=1 | t4min 0
X k4_certs_4_pure.json.gz#123 7,127,50,44 [[7], [2, 8], [4, 5], [3, 6]] def 1 k 3 | t1=0 t2=1 t3p=0 t3h=0 t4=0 t4s2=0 | R13=0 R134=0 R134s2=0 RT=1 RT4=1 RT4s2=1 | t4min 0
X k4_certs_4_pure.json.gz#123 7,127,55,44 [[7], [2, 8], [4, 5], [3, 6]] def 1 k 3 | t1=0 t2=1 t3p=0 t3h=0 t4=0 t4s2=0 | R13=0 R134=0 R134s2=0 RT=1 RT4=1 RT4s2=1 | t4min 0
X k4_certs_4_pure.json.gz#123 7,127,67,44 [[7], [2, 8], [4, 5], [3, 6]] def 1 k 3 | t1=0 t2=1 t3p=0 t3h=0 t4=0 t4s2=0 | R13=0 R134=0 R134s2=0 RT=1 RT4=1 RT4s2=1 | t4min 0
X k4_certs_4_pure.json.gz#123 7,127,82,44 [[7], [2, 8], [4, 5], [3, 6]] def 1 k 3 | t1=0 t2=1 t3p=0 t3h=0 t4=0 t4s2=0 | R13=0 R134=0 R134s2=0 RT=1 RT4=1 RT4s2=1 | t4min 0
X k4_certs_4_pure.json.gz#123 7,127,89,44 [[7], [2, 8], [4, 5], [3, 6]] def 1 k 3 | t1=0 t2=1 t3p=0 t3h=0 t4=0 t4s2=0 | R13=0 R134=0 R134s2=0 RT=1 RT4=1 RT4s2=1 | t4min 0
X k4_certs_4_pure.json.gz#123 7,127,92,44 [[7], [2, 8], [4, 5], [3, 6]] def 1 k 3 | t1=0 t2=1 t3p=0 t3h=0 t4=0 t4s2=0 | R13=0 R134=0 R134s2=0 RT=1 RT4=1 RT4s2=1 | t4min 0
X k4_certs_4_pure.json.gz#123 7,127,95,44 [[7], [2, 8], [4, 5], [3, 6]] def 1 k 3 | t1=0 t2=1 t3p=0 t3h=0 t4=0 t4s2=0 | R13=0 R134=0 R134s2=0 RT=1 RT4=1 RT4s2=1 | t4min 0
X k4_certs_4_pure.json.gz#123 7,127,99,44 [[7], [2, 8], [4, 5], [3, 6]] def 1 k 3 | t1=0 t2=1 t3p=0 t3h=0 t4=0 t4s2=0 | R13=0 R134=0 R134s2=0 RT=1 RT4=1 RT4s2=1 | t4min 0
X k4_certs_4_pure.json.gz#123 7,127,100,44 [[7], [2, 8], [4, 5], [3, 6]] def 1 k 3 | t1=0 t2=1 t3p=0 t3h=0 t4=0 t4s2=0 | R13=0 R134=0 R134s2=0 RT=1 RT4=1 RT4s2=1 | t4min 0
X k4_certs_4_pure.json.gz#123 7,127,104,44 [[7], [2, 8], [4, 5], [3, 6]] def 1 k 3 | t1=0 t2=1 t3p=0 t3h=0 t4=0 t4s2=0 | R13=0 R134=0 R134s2=0 RT=1 RT4=1 RT4s2=1 | t4min 0
X k4_certs_4_pure.json.gz#123 7,127,114,44 [[7], [2, 8], [4, 5], [3, 6]] def 1 k 3 | t1=0 t2=1 t3p=0 t3h=0 t4=0 t4s2=0 | R13=0 R134=0 R134s2=0 RT=1 RT4=1 RT4s2=1 | t4min 0
X k4_certs_4_pure.json.gz#123 7,127,128,44 [[7], [2, 8], [4, 5], [3, 6]] def 1 k 3 | t1=0 t2=1 t3p=0 t3h=0 t4=0 t4s2=0 | R13=0 R134=0 R134s2=0 RT=1 RT4=1 RT4s2=1 | t4min 0
X k4_certs_4_pure.json.gz#123 7,127,131,44 [[7], [2, 8], [4, 5], [3, 6]] def 1 k 3 | t1=0 t2=1 t3p=0 t3h=0 t4=0 t4s2=0 | R13=0 R134=0 R134s2=0 RT=1 RT4=1 RT4s2=1 | t4min 0
X k4_certs_4_pure.json.gz#123 7,127,134,44 [[7], [2, 8], [4, 5], [3, 6]] def 1 k 3 | t1=0 t2=1 t3p=0 t3h=0 t4=0 t4s2=0 | R13=0 R134=0 R134s2=0 RT=1 RT4=1 RT4s2=1 | t4min 0
X k4_certs_4_pure.json.gz#123 7,127,135,44 [[7], [2, 8], [4, 5], [3, 6]] def 1 k 3 | t1=0 t2=1 t3p=0 t3h=0 t4=0 t4s2=0 | R13=0 R134=0 R134s2=0 RT=1 RT4=1 RT4s2=1 | t4min 0
X k4_certs_4_pure.json.gz#123 7,127,152,44 [[7], [2, 8], [4, 5], [3, 6]] def 1 k 3 | t1=0 t2=1 t3p=0 t3h=0 t4=0 t4s2=0 | R13=0 R134=0 R134s2=0 RT=1 RT4=1 RT4s2=1 | t4min 0
X k4_certs_4_pure.json.gz#123 7,127,155,44 [[7], [2, 8], [4, 5], [3, 6]] def 1 k 3 | t1=0 t2=1 t3p=0 t3h=0 t4=0 t4s2=0 | R13=0 R134=0 R134s2=0 RT=1 RT4=1 RT4s2=1 | t4min 0
X k4_certs_4_pure.json.gz#123 7,127,160,44 [[7], [2, 8], [4, 5], [3, 6]] def 1 k 3 | t1=0 t2=1 t3p=0 t3h=0 t4=0 t4s2=0 | R13=0 R134=0 R134s2=0 RT=1 RT4=1 RT4s2=1 | t4min 0
X k4_certs_4_pure.json.gz#123 7,127,165,44 [[7], [2, 8], [4, 5], [3, 6]] def 1 k 3 | t1=0 t2=1 t3p=0 t3h=0 t4=0 t4s2=0 | R13=0 R134=0 R134s2=0 RT=1 RT4=1 RT4s2=1 | t4min 0
X k4_certs_4_pure.json.gz#123 7,127,174,44 [[7], [2, 8], [4, 5], [3, 6]] def 1 k 3 | t1=0 t2=1 t3p=0 t3h=0 t4=0 t4s2=0 | R13=0 R134=0 R134s2=0 RT=1 RT4=1 RT4s2=1 | t4min 0
X k4_certs_4_pure.json.gz#123 7,127,192,44 [[7], [2, 8], [4, 5], [3, 6]] def 1 k 3 | t1=0 t2=1 t3p=0 t3h=0 t4=0 t4s2=0 | R13=0 R134=0 R134s2=0 RT=1 RT4=1 RT4s2=1 | t4min 0
X k4_certs_4_pure.json.gz#123 7,127,193,44 [[7], [2, 8], [4, 5], [3, 6]] def 1 k 3 | t1=0 t2=1 t3p=0 t3h=0 t4=0 t4s2=0 | R13=0 R134=0 R134s2=0 RT=1 RT4=1 RT4s2=1 | t4min 0
X k4_certs_4_pure.json.gz#123 7,127,198,44 [[7], [2, 8], [4, 5], [3, 6]] def 1 k 3 | t1=0 t2=1 t3p=0 t3h=0 t4=0 t4s2=0 | R13=0 R134=0 R134s2=0 RT=1 RT4=1 RT4s2=1 | t4min 0
X k4_certs_4_pure.json.gz#123 7,127,201,44 [[7], [2, 8], [4, 5], [3, 6]] def 1 k 3 | t1=0 t2=1 t3p=0 t3h=0 t4=0 t4s2=0 | R13=0 R134=0 R134s2=0 RT=1 RT4=1 RT4s2=1 | t4min 0
X k4_certs_4_pure.json.gz#123 7,127,217,44 [[7], [2, 8], [4, 5], [3, 6]] def 1 k 3 | t1=0 t2=1 t3p=0 t3h=0 t4=0 t4s2=0 | R13=0 R134=0 R134s2=0 RT=1 RT4=1 RT4s2=1 | t4min 0
X k4_certs_4_pure.json.gz#123 7,127,222,44 [[7], [2, 8], [4, 5], [3, 6]] def 1 k 3 | t1=0 t2=1 t3p=0 t3h=0 t4=0 t4s2=0 | R13=0 R134=0 R134s2=0 RT=1 RT4=1 RT4s2=1 | t4min 0
X k4_certs_4_pure.json.gz#123 7,127,233,44 [[7], [2, 8], [4, 5], [3, 6]] def 1 k 3 | t1=0 t2=1 t3p=0 t3h=0 t4=0 t4s2=0 | R13=0 R134=0 R134s2=0 RT=1 RT4=1 RT4s2=1 | t4min 0
X k4_certs_4_pure.json.gz#123 7,127,234,44 [[7], [2, 8], [4, 5], [3, 6]] def 1 k 3 | t1=0 t2=1 t3p=0 t3h=0 t4=0 t4s2=0 | R13=0 R134=0 R134s2=0 RT=1 RT4=1 RT4s2=1 | t4min 0
X k4_certs_4_pure.json.gz#123 7,127,236,44 [[7], [2, 8], [4, 5], [3, 6]] def 1 k 3 | t1=0 t2=1 t3p=0 t3h=0 t4=0 t4s2=0 | R13=0 R134=0 R134s2=0 RT=1 RT4=1 RT4s2=1 | t4min 0
X k4_certs_4_pure.json.gz#123 7,127,237,44 [[7], [2, 8], [4, 5], [3, 6]] def 1 k 3 | t1=0 t2=1 t3p=0 t3h=0 t4=0 t4s2=0 | R13=0 R134=0 R134s2=0 RT=1 RT4=1 RT4s2=1 | t4min 0
X k4_certs_4_pure.json.gz#123 7,127,241,44 [[7], [2, 8], [4, 5], [3, 6]] def 1 k 3 | t1=0 t2=1 t3p=0 t3h=0 t4=0 t4s2=0 | R13=0 R134=0 R134s2=0 RT=1 RT4=1 RT4s2=1 | t4min 0
X k4_certs_4_pure.json.gz#123 7,127,242,44 [[7], [2, 8], [4, 5], [3, 6]] def 1 k 3 | t1=0 t2=1 t3p=0 t3h=0 t4=0 t4s2=0 | R13=0 R134=0 R134s2=0 RT=1 RT4=1 RT4s2=1 | t4min 0
X k4_certs_4_pure.json.gz#123 7,127,243,44 [[7], [2, 8], [4, 5], [3, 6]] def 1 k 3 | t1=0 t2=1 t3p=0 t3h=0 t4=0 t4s2=0 | R13=0 R134=0 R134s2=0 RT=1 RT4=1 RT4s2=1 | t4min 0
X k4_certs_4_pure.json.gz#123 7,127,245,44 [[7], [2, 8], [4, 5], [3, 6]] def 1 k 3 | t1=0 t2=1 t3p=0 t3h=0 t4=0 t4s2=0 | R13=0 R134=0 R134s2=0 RT=1 RT4=1 RT4s2=1 | t4min 0
X k4_certs_4_pure.json.gz#123 7,127,248,44 [[7], [2, 8], [4, 5], [3, 6]] def 1 k 3 | t1=0 t2=1 t3p=0 t3h=0 t4=0 t4s2=0 | R13=0 R134=0 R134s2=0 RT=1 RT4=1 RT4s2=1 | t4min 0
X k4_certs_4_pure.json.gz#123 7,127,249,44 [[7], [2, 8], [4, 5], [3, 6]] def 1 k 3 | t1=0 t2=1 t3p=0 t3h=0 t4=0 t4s2=0 | R13=0 R134=0 R134s2=0 RT=1 RT4=1 RT4s2=1 | t4min 0
X k4_certs_4_pure.json.gz#123 7,127,250,44 [[7], [2, 8], [4, 5], [3, 6]] def 1 k 3 | t1=0 t2=1 t3p=0 t3h=0 t4=0 t4s2=0 | R13=0 R134=0 R134s2=0 RT=1 RT4=1 RT4s2=1 | t4min 0
X k4_certs_4_pure.json.gz#123 7,127,252,44 [[7], [2, 8], [4, 5], [3, 6]] def 1 k 3 | t1=0 t2=1 t3p=0 t3h=0 t4=0 t4s2=0 | R13=0 R134=0 R134s2=0 RT=1 RT4=1 RT4s2=1 | t4min 0
X k4_certs_4_pure.json.gz#123 7,127,268,44 [[7], [2, 8], [4, 5], [3, 6]] def 1 k 3 | t1=0 t2=1 t3p=0 t3h=0 t4=0 t4s2=0 | R13=0 R134=0 R134s2=0 RT=1 RT4=1 RT4s2=1 | t4min 0
X k4_certs_4_pure.json.gz#123 7,127,269,44 [[7], [2, 8], [4, 5], [3, 6]] def 1 k 3 | t1=0 t2=1 t3p=0 t3h=0 t4=0 t4s2=0 | R13=0 R134=0 R134s2=0 RT=1 RT4=1 RT4s2=1 | t4min 0
X k4_certs_4_pure.json.gz#123 7,127,272,44 [[7], [2, 8], [4, 5], [3, 6]] def 1 k 3 | t1=0 t2=1 t3p=0 t3h=0 t4=0 t4s2=0 | R13=0 R134=0 R134s2=0 RT=1 RT4=1 RT4s2=1 | t4min 0
X k4_certs_4_pure.json.gz#123 7,127,273,44 [[7], [2, 8], [4, 5], [3, 6]] def 1 k 3 | t1=0 t2=1 t3p=0 t3h=0 t4=0 t4s2=0 | R13=0 R134=0 R134s2=0 RT=1 RT4=1 RT4s2=1 | t4min 0
X k4_certs_4_pure.json.gz#123 7,127,282,44 [[7], [2, 8], [4, 5], [3, 6]] def 1 k 3 | t1=0 t2=1 t3p=0 t3h=0 t4=0 t4s2=0 | R13=0 R134=0 R134s2=0 RT=1 RT4=1 RT4s2=1 | t4min 0
X k4_certs_4_pure.json.gz#123 7,127,284,44 [[7], [2, 8], [4, 5], [3, 6]] def 1 k 3 | t1=0 t2=1 t3p=0 t3h=0 t4=0 t4s2=0 | R13=0 R134=0 R134s2=0 RT=1 RT4=1 RT4s2=1 | t4min 0
X k4_certs_4_pure.json.gz#123 7,127,285,44 [[7], [2, 8], [4, 5], [3, 6]] def 1 k 3 | t1=0 t2=1 t3p=0 t3h=0 t4=0 t4s2=0 | R13=0 R134=0 R134s2=0 RT=1 RT4=1 RT4s2=1 | t4min 0
X k4_certs_4_pure.json.gz#123 7,127,286,44 [[7], [2, 8], [4, 5], [3, 6]] def 1 k 3 | t1=0 t2=1 t3p=0 t3h=0 t4=0 t4s2=0 | R13=0 R134=0 R134s2=0 RT=1 RT4=1 RT4s2=1 | t4min 0
X k4_certs_4_pure.json.gz#123 7,133,11,44 [[7], [2, 8], [4, 5], [3, 6]] def 1 k 3 | t1=0 t2=1 t3p=0 t3h=0 t4=0 t4s2=0 | R13=0 R134=0 R134s2=0 RT=1 RT4=1 RT4s2=1 | t4min 0
X k4_certs_4_pure.json.gz#123 7,133,13,44 [[7], [2, 8], [4, 5], [3, 6]] def 1 k 3 | t1=0 t2=1 t3p=0 t3h=0 t4=0 t4s2=0 | R13=0 R134=0 R134s2=0 RT=1 RT4=1 RT4s2=1 | t4min 0
X k4_certs_4_pure.json.gz#123 7,133,18,44 [[7], [2, 8], [4, 5], [3, 6]] def 1 k 3 | t1=0 t2=1 t3p=0 t3h=0 t4=0 t4s2=0 | R13=0 R134=0 R134s2=0 RT=1 RT4=1 RT4s2=1 | t4min 0
X k4_certs_4_pure.json.gz#123 7,133,25,44 [[7], [2, 8], [4, 5], [3, 6]] def 1 k 3 | t1=0 t2=1 t3p=0 t3h=0 t4=0 t4s2=0 | R13=0 R134=0 R134s2=0 RT=1 RT4=1 RT4s2=1 | t4min 0
X k4_certs_4_pure.json.gz#123 7,133,47,44 [[7], [2, 8], [4, 5], [3, 6]] def 1 k 3 | t1=0 t2=1 t3p=0 t3h=0 t4=0 t4s2=0 | R13=0 R134=0 R134s2=0 RT=1 RT4=1 RT4s2=1 | t4min 0
X k4_certs_4_pure.json.gz#123 7,133,50,44 [[7], [2, 8], [4, 5], [3, 6]] def 1 k 3 | t1=0 t2=1 t3p=0 t3h=0 t4=0 t4s2=0 | R13=0 R134=0 R134s2=0 RT=1 RT4=1 RT4s2=1 | t4min 0
X k4_certs_4_pure.json.gz#123 7,133,55,44 [[7], [2, 8], [4, 5], [3, 6]] def 1 k 3 | t1=0 t2=1 t3p=0 t3h=0 t4=0 t4s2=0 | R13=0 R134=0 R134s2=0 RT=1 RT4=1 RT4s2=1 | t4min 0
X k4_certs_4_pure.json.gz#123 7,133,67,44 [[7], [2, 8], [4, 5], [3, 6]] def 1 k 3 | t1=0 t2=1 t3p=0 t3h=0 t4=0 t4s2=0 | R13=0 R134=0 R134s2=0 RT=1 RT4=1 RT4s2=1 | t4min 0
X k4_certs_4_pure.json.gz#123 7,133,82,44 [[7], [2, 8], [4, 5], [3, 6]] def 1 k 3 | t1=0 t2=1 t3p=0 t3h=0 t4=0 t4s2=0 | R13=0 R134=0 R134s2=0 RT=1 RT4=1 RT4s2=1 | t4min 0
X k4_certs_4_pure.json.gz#123 7,133,89,44 [[7], [2, 8], [4, 5], [3, 6]] def 1 k 3 | t1=0 t2=1 t3p=0 t3h=0 t4=0 t4s2=0 | R13=0 R134=0 R134s2=0 RT=1 RT4=1 RT4s2=1 | t4min 0
X k4_certs_4_pure.json.gz#123 7,133,92,44 [[7], [2, 8], [4, 5], [3, 6]] def 1 k 3 | t1=0 t2=1 t3p=0 t3h=0 t4=0 t4s2=0 | R13=0 R134=0 R134s2=0 RT=1 RT4=1 RT4s2=1 | t4min 0
X k4_certs_4_pure.json.gz#123 7,133,95,44 [[7], [2, 8], [4, 5], [3, 6]] def 1 k 3 | t1=0 t2=1 t3p=0 t3h=0 t4=0 t4s2=0 | R13=0 R134=0 R134s2=0 RT=1 RT4=1 RT4s2=1 | t4min 0
X k4_certs_4_pure.json.gz#123 7,133,99,44 [[7], [2, 8], [4, 5], [3, 6]] def 1 k 3 | t1=0 t2=1 t3p=0 t3h=0 t4=0 t4s2=0 | R13=0 R134=0 R134s2=0 RT=1 RT4=1 RT4s2=1 | t4min 0
X k4_certs_4_pure.json.gz#123 7,133,100,44 [[7], [2, 8], [4, 5], [3, 6]] def 1 k 3 | t1=0 t2=1 t3p=0 t3h=0 t4=0 t4s2=0 | R13=0 R134=0 R134s2=0 RT=1 RT4=1 RT4s2=1 | t4min 0
X k4_certs_4_pure.json.gz#123 7,133,104,44 [[7], [2, 8], [4, 5], [3, 6]] def 1 k 3 | t1=0 t2=1 t3p=0 t3h=0 t4=0 t4s2=0 | R13=0 R134=0 R134s2=0 RT=1 RT4=1 RT4s2=1 | t4min 0
X k4_certs_4_pure.json.gz#123 7,133,114,44 [[7], [2, 8], [4, 5], [3, 6]] def 1 k 3 | t1=0 t2=1 t3p=0 t3h=0 t4=0 t4s2=0 | R13=0 R134=0 R134s2=0 RT=1 RT4=1 RT4s2=1 | t4min 0
X k4_certs_4_pure.json.gz#123 7,133,128,44 [[7], [2, 8], [4, 5], [3, 6]] def 1 k 3 | t1=0 t2=1 t3p=0 t3h=0 t4=0 t4s2=0 | R13=0 R134=0 R134s2=0 RT=1 RT4=1 RT4s2=1 | t4min 0
X k4_certs_4_pure.json.gz#123 7,133,131,44 [[7], [2, 8], [4, 5], [3, 6]] def 1 k 3 | t1=0 t2=1 t3p=0 t3h=0 t4=0 t4s2=0 | R13=0 R134=0 R134s2=0 RT=1 RT4=1 RT4s2=1 | t4min 0
X k4_certs_4_pure.json.gz#123 7,133,134,44 [[7], [2, 8], [4, 5], [3, 6]] def 1 k 3 | t1=0 t2=1 t3p=0 t3h=0 t4=0 t4s2=0 | R13=0 R134=0 R134s2=0 RT=1 RT4=1 RT4s2=1 | t4min 0
X k4_certs_4_pure.json.gz#123 7,133,135,44 [[7], [2, 8], [4, 5], [3, 6]] def 1 k 3 | t1=0 t2=1 t3p=0 t3h=0 t4=0 t4s2=0 | R13=0 R134=0 R134s2=0 RT=1 RT4=1 RT4s2=1 | t4min 0
X k4_certs_4_pure.json.gz#123 7,133,152,44 [[7], [2, 8], [4, 5], [3, 6]] def 1 k 3 | t1=0 t2=1 t3p=0 t3h=0 t4=0 t4s2=0 | R13=0 R134=0 R134s2=0 RT=1 RT4=1 RT4s2=1 | t4min 0
X k4_certs_4_pure.json.gz#123 7,133,155,44 [[7], [2, 8], [4, 5], [3, 6]] def 1 k 3 | t1=0 t2=1 t3p=0 t3h=0 t4=0 t4s2=0 | R13=0 R134=0 R134s2=0 RT=1 RT4=1 RT4s2=1 | t4min 0
X k4_certs_4_pure.json.gz#123 7,133,160,44 [[7], [2, 8], [4, 5], [3, 6]] def 1 k 3 | t1=0 t2=1 t3p=0 t3h=0 t4=0 t4s2=0 | R13=0 R134=0 R134s2=0 RT=1 RT4=1 RT4s2=1 | t4min 0
X k4_certs_4_pure.json.gz#123 7,133,165,44 [[7], [2, 8], [4, 5], [3, 6]] def 1 k 3 | t1=0 t2=1 t3p=0 t3h=0 t4=0 t4s2=0 | R13=0 R134=0 R134s2=0 RT=1 RT4=1 RT4s2=1 | t4min 0
X k4_certs_4_pure.json.gz#123 7,133,174,44 [[7], [2, 8], [4, 5], [3, 6]] def 1 k 3 | t1=0 t2=1 t3p=0 t3h=0 t4=0 t4s2=0 | R13=0 R134=0 R134s2=0 RT=1 RT4=1 RT4s2=1 | t4min 0
X k4_certs_4_pure.json.gz#123 7,133,192,44 [[7], [2, 8], [4, 5], [3, 6]] def 1 k 3 | t1=0 t2=1 t3p=0 t3h=0 t4=0 t4s2=0 | R13=0 R134=0 R134s2=0 RT=1 RT4=1 RT4s2=1 | t4min 0
X k4_certs_4_pure.json.gz#123 7,133,193,44 [[7], [2, 8], [4, 5], [3, 6]] def 1 k 3 | t1=0 t2=1 t3p=0 t3h=0 t4=0 t4s2=0 | R13=0 R134=0 R134s2=0 RT=1 RT4=1 RT4s2=1 | t4min 0
X k4_certs_4_pure.json.gz#123 7,133,198,44 [[7], [2, 8], [4, 5], [3, 6]] def 1 k 3 | t1=0 t2=1 t3p=0 t3h=0 t4=0 t4s2=0 | R13=0 R134=0 R134s2=0 RT=1 RT4=1 RT4s2=1 | t4min 0
X k4_certs_4_pure.json.gz#123 7,133,201,44 [[7], [2, 8], [4, 5], [3, 6]] def 1 k 3 | t1=0 t2=1 t3p=0 t3h=0 t4=0 t4s2=0 | R13=0 R134=0 R134s2=0 RT=1 RT4=1 RT4s2=1 | t4min 0
X k4_certs_4_pure.json.gz#123 7,133,217,44 [[7], [2, 8], [4, 5], [3, 6]] def 1 k 3 | t1=0 t2=1 t3p=0 t3h=0 t4=0 t4s2=0 | R13=0 R134=0 R134s2=0 RT=1 RT4=1 RT4s2=1 | t4min 0
X k4_certs_4_pure.json.gz#123 7,133,222,44 [[7], [2, 8], [4, 5], [3, 6]] def 1 k 3 | t1=0 t2=1 t3p=0 t3h=0 t4=0 t4s2=0 | R13=0 R134=0 R134s2=0 RT=1 RT4=1 RT4s2=1 | t4min 0
X k4_certs_4_pure.json.gz#123 7,133,233,44 [[7], [2, 8], [4, 5], [3, 6]] def 1 k 3 | t1=0 t2=1 t3p=0 t3h=0 t4=0 t4s2=0 | R13=0 R134=0 R134s2=0 RT=1 RT4=1 RT4s2=1 | t4min 0
X k4_certs_4_pure.json.gz#123 7,133,234,44 [[7], [2, 8], [4, 5], [3, 6]] def 1 k 3 | t1=0 t2=1 t3p=0 t3h=0 t4=0 t4s2=0 | R13=0 R134=0 R134s2=0 RT=1 RT4=1 RT4s2=1 | t4min 0
X k4_certs_4_pure.json.gz#123 7,133,236,44 [[7], [2, 8], [4, 5], [3, 6]] def 1 k 3 | t1=0 t2=1 t3p=0 t3h=0 t4=0 t4s2=0 | R13=0 R134=0 R134s2=0 RT=1 RT4=1 RT4s2=1 | t4min 0
X k4_certs_4_pure.json.gz#123 7,133,237,44 [[7], [2, 8], [4, 5], [3, 6]] def 1 k 3 | t1=0 t2=1 t3p=0 t3h=0 t4=0 t4s2=0 | R13=0 R134=0 R134s2=0 RT=1 RT4=1 RT4s2=1 | t4min 0
X k4_certs_4_pure.json.gz#123 7,133,241,44 [[7], [2, 8], [4, 5], [3, 6]] def 1 k 3 | t1=0 t2=1 t3p=0 t3h=0 t4=0 t4s2=0 | R13=0 R134=0 R134s2=0 RT=1 RT4=1 RT4s2=1 | t4min 0
X k4_certs_4_pure.json.gz#123 7,133,242,44 [[7], [2, 8], [4, 5], [3, 6]] def 1 k 3 | t1=0 t2=1 t3p=0 t3h=0 t4=0 t4s2=0 | R13=0 R134=0 R134s2=0 RT=1 RT4=1 RT4s2=1 | t4min 0
X k4_certs_4_pure.json.gz#123 7,133,243,44 [[7], [2, 8], [4, 5], [3, 6]] def 1 k 3 | t1=0 t2=1 t3p=0 t3h=0 t4=0 t4s2=0 | R13=0 R134=0 R134s2=0 RT=1 RT4=1 RT4s2=1 | t4min 0
X k4_certs_4_pure.json.gz#123 7,133,245,44 [[7], [2, 8], [4, 5], [3, 6]] def 1 k 3 | t1=0 t2=1 t3p=0 t3h=0 t4=0 t4s2=0 | R13=0 R134=0 R134s2=0 RT=1 RT4=1 RT4s2=1 | t4min 0
X k4_certs_4_pure.json.gz#123 7,133,248,44 [[7], [2, 8], [4, 5], [3, 6]] def 1 k 3 | t1=0 t2=1 t3p=0 t3h=0 t4=0 t4s2=0 | R13=0 R134=0 R134s2=0 RT=1 RT4=1 RT4s2=1 | t4min 0
X k4_certs_4_pure.json.gz#123 7,133,249,44 [[7], [2, 8], [4, 5], [3, 6]] def 1 k 3 | t1=0 t2=1 t3p=0 t3h=0 t4=0 t4s2=0 | R13=0 R134=0 R134s2=0 RT=1 RT4=1 RT4s2=1 | t4min 0
X k4_certs_4_pure.json.gz#123 7,133,250,44 [[7], [2, 8], [4, 5], [3, 6]] def 1 k 3 | t1=0 t2=1 t3p=0 t3h=0 t4=0 t4s2=0 | R13=0 R134=0 R134s2=0 RT=1 RT4=1 RT4s2=1 | t4min 0
X k4_certs_4_pure.json.gz#123 7,133,252,44 [[7], [2, 8], [4, 5], [3, 6]] def 1 k 3 | t1=0 t2=1 t3p=0 t3h=0 t4=0 t4s2=0 | R13=0 R134=0 R134s2=0 RT=1 RT4=1 RT4s2=1 | t4min 0
X k4_certs_4_pure.json.gz#123 7,133,268,44 [[7], [2, 8], [4, 5], [3, 6]] def 1 k 3 | t1=0 t2=1 t3p=0 t3h=0 t4=0 t4s2=0 | R13=0 R134=0 R134s2=0 RT=1 RT4=1 RT4s2=1 | t4min 0
X k4_certs_4_pure.json.gz#123 7,133,269,44 [[7], [2, 8], [4, 5], [3, 6]] def 1 k 3 | t1=0 t2=1 t3p=0 t3h=0 t4=0 t4s2=0 | R13=0 R134=0 R134s2=0 RT=1 RT4=1 RT4s2=1 | t4min 0
X k4_certs_4_pure.json.gz#123 7,133,272,44 [[7], [2, 8], [4, 5], [3, 6]] def 1 k 3 | t1=0 t2=1 t3p=0 t3h=0 t4=0 t4s2=0 | R13=0 R134=0 R134s2=0 RT=1 RT4=1 RT4s2=1 | t4min 0
X k4_certs_4_pure.json.gz#123 7,133,273,44 [[7], [2, 8], [4, 5], [3, 6]] def 1 k 3 | t1=0 t2=1 t3p=0 t3h=0 t4=0 t4s2=0 | R13=0 R134=0 R134s2=0 RT=1 RT4=1 RT4s2=1 | t4min 0
X k4_certs_4_pure.json.gz#123 7,133,282,44 [[7], [2, 8], [4, 5], [3, 6]] def 1 k 3 | t1=0 t2=1 t3p=0 t3h=0 t4=0 t4s2=0 | R13=0 R134=0 R134s2=0 RT=1 RT4=1 RT4s2=1 | t4min 0
X k4_certs_4_pure.json.gz#123 7,133,284,44 [[7], [2, 8], [4, 5], [3, 6]] def 1 k 3 | t1=0 t2=1 t3p=0 t3h=0 t4=0 t4s2=0 | R13=0 R134=0 R134s2=0 RT=1 RT4=1 RT4s2=1 | t4min 0
X k4_certs_4_pure.json.gz#123 7,133,285,44 [[7], [2, 8], [4, 5], [3, 6]] def 1 k 3 | t1=0 t2=1 t3p=0 t3h=0 t4=0 t4s2=0 | R13=0 R134=0 R134s2=0 RT=1 RT4=1 RT4s2=1 | t4min 0
X k4_certs_4_pure.json.gz#123 7,133,286,44 [[7], [2, 8], [4, 5], [3, 6]] def 1 k 3 | t1=0 t2=1 t3p=0 t3h=0 t4=0 t4s2=0 | R13=0 R134=0 R134s2=0 RT=1 RT4=1 RT4s2=1 | t4min 0
X k4_certs_4_pure.json.gz#123 7,136,11,44 [[7], [2, 8], [4, 5], [3, 6]] def 1 k 3 | t1=0 t2=1 t3p=0 t3h=0 t4=0 t4s2=0 | R13=0 R134=0 R134s2=0 RT=1 RT4=1 RT4s2=1 | t4min 0
X k4_certs_4_pure.json.gz#123 7,136,13,44 [[7], [2, 8], [4, 5], [3, 6]] def 1 k 3 | t1=0 t2=1 t3p=0 t3h=0 t4=0 t4s2=0 | R13=0 R134=0 R134s2=0 RT=1 RT4=1 RT4s2=1 | t4min 0
X k4_certs_4_pure.json.gz#123 7,136,18,44 [[7], [2, 8], [4, 5], [3, 6]] def 1 k 3 | t1=0 t2=1 t3p=0 t3h=0 t4=0 t4s2=0 | R13=0 R134=0 R134s2=0 RT=1 RT4=1 RT4s2=1 | t4min 0
X k4_certs_4_pure.json.gz#123 7,136,25,44 [[7], [2, 8], [4, 5], [3, 6]] def 1 k 3 | t1=0 t2=1 t3p=0 t3h=0 t4=0 t4s2=0 | R13=0 R134=0 R134s2=0 RT=1 RT4=1 RT4s2=1 | t4min 0
X k4_certs_4_pure.json.gz#123 7,136,47,44 [[7], [2, 8], [4, 5], [3, 6]] def 1 k 3 | t1=0 t2=1 t3p=0 t3h=0 t4=0 t4s2=0 | R13=0 R134=0 R134s2=0 RT=1 RT4=1 RT4s2=1 | t4min 0
X k4_certs_4_pure.json.gz#123 7,136,50,44 [[7], [2, 8], [4, 5], [3, 6]] def 1 k 3 | t1=0 t2=1 t3p=0 t3h=0 t4=0 t4s2=0 | R13=0 R134=0 R134s2=0 RT=1 RT4=1 RT4s2=1 | t4min 0
X k4_certs_4_pure.json.gz#123 7,136,55,44 [[7], [2, 8], [4, 5], [3, 6]] def 1 k 3 | t1=0 t2=1 t3p=0 t3h=0 t4=0 t4s2=0 | R13=0 R134=0 R134s2=0 RT=1 RT4=1 RT4s2=1 | t4min 0
X k4_certs_4_pure.json.gz#123 7,136,67,44 [[7], [2, 8], [4, 5], [3, 6]] def 1 k 3 | t1=0 t2=1 t3p=0 t3h=0 t4=0 t4s2=0 | R13=0 R134=0 R134s2=0 RT=1 RT4=1 RT4s2=1 | t4min 0
X k4_certs_4_pure.json.gz#123 7,136,82,44 [[7], [2, 8], [4, 5], [3, 6]] def 1 k 3 | t1=0 t2=1 t3p=0 t3h=0 t4=0 t4s2=0 | R13=0 R134=0 R134s2=0 RT=1 RT4=1 RT4s2=1 | t4min 0
X k4_certs_4_pure.json.gz#123 7,136,89,44 [[7], [2, 8], [4, 5], [3, 6]] def 1 k 3 | t1=0 t2=1 t3p=0 t3h=0 t4=0 t4s2=0 | R13=0 R134=0 R134s2=0 RT=1 RT4=1 RT4s2=1 | t4min 0
X k4_certs_4_pure.json.gz#123 7,136,92,44 [[7], [2, 8], [4, 5], [3, 6]] def 1 k 3 | t1=0 t2=1 t3p=0 t3h=0 t4=0 t4s2=0 | R13=0 R134=0 R134s2=0 RT=1 RT4=1 RT4s2=1 | t4min 0
X k4_certs_4_pure.json.gz#123 7,136,95,44 [[7], [2, 8], [4, 5], [3, 6]] def 1 k 3 | t1=0 t2=1 t3p=0 t3h=0 t4=0 t4s2=0 | R13=0 R134=0 R134s2=0 RT=1 RT4=1 RT4s2=1 | t4min 0
X k4_certs_4_pure.json.gz#123 7,136,99,44 [[7], [2, 8], [4, 5], [3, 6]] def 1 k 3 | t1=0 t2=1 t3p=0 t3h=0 t4=0 t4s2=0 | R13=0 R134=0 R134s2=0 RT=1 RT4=1 RT4s2=1 | t4min 0
X k4_certs_4_pure.json.gz#123 7,136,100,44 [[7], [2, 8], [4, 5], [3, 6]] def 1 k 3 | t1=0 t2=1 t3p=0 t3h=0 t4=0 t4s2=0 | R13=0 R134=0 R134s2=0 RT=1 RT4=1 RT4s2=1 | t4min 0
X k4_certs_4_pure.json.gz#123 7,136,104,44 [[7], [2, 8], [4, 5], [3, 6]] def 1 k 3 | t1=0 t2=1 t3p=0 t3h=0 t4=0 t4s2=0 | R13=0 R134=0 R134s2=0 RT=1 RT4=1 RT4s2=1 | t4min 0
X k4_certs_4_pure.json.gz#123 7,136,114,44 [[7], [2, 8], [4, 5], [3, 6]] def 1 k 3 | t1=0 t2=1 t3p=0 t3h=0 t4=0 t4s2=0 | R13=0 R134=0 R134s2=0 RT=1 RT4=1 RT4s2=1 | t4min 0
X k4_certs_4_pure.json.gz#123 7,136,128,44 [[7], [2, 8], [4, 5], [3, 6]] def 1 k 3 | t1=0 t2=1 t3p=0 t3h=0 t4=0 t4s2=0 | R13=0 R134=0 R134s2=0 RT=1 RT4=1 RT4s2=1 | t4min 0
X k4_certs_4_pure.json.gz#123 7,136,131,44 [[7], [2, 8], [4, 5], [3, 6]] def 1 k 3 | t1=0 t2=1 t3p=0 t3h=0 t4=0 t4s2=0 | R13=0 R134=0 R134s2=0 RT=1 RT4=1 RT4s2=1 | t4min 0
X k4_certs_4_pure.json.gz#123 7,136,134,44 [[7], [2, 8], [4, 5], [3, 6]] def 1 k 3 | t1=0 t2=1 t3p=0 t3h=0 t4=0 t4s2=0 | R13=0 R134=0 R134s2=0 RT=1 RT4=1 RT4s2=1 | t4min 0
X k4_certs_4_pure.json.gz#123 7,136,135,44 [[7], [2, 8], [4, 5], [3, 6]] def 1 k 3 | t1=0 t2=1 t3p=0 t3h=0 t4=0 t4s2=0 | R13=0 R134=0 R134s2=0 RT=1 RT4=1 RT4s2=1 | t4min 0
X k4_certs_4_pure.json.gz#123 7,136,152,44 [[7], [2, 8], [4, 5], [3, 6]] def 1 k 3 | t1=0 t2=1 t3p=0 t3h=0 t4=0 t4s2=0 | R13=0 R134=0 R134s2=0 RT=1 RT4=1 RT4s2=1 | t4min 0
X k4_certs_4_pure.json.gz#123 7,136,155,44 [[7], [2, 8], [4, 5], [3, 6]] def 1 k 3 | t1=0 t2=1 t3p=0 t3h=0 t4=0 t4s2=0 | R13=0 R134=0 R134s2=0 RT=1 RT4=1 RT4s2=1 | t4min 0
X k4_certs_4_pure.json.gz#123 7,136,160,44 [[7], [2, 8], [4, 5], [3, 6]] def 1 k 3 | t1=0 t2=1 t3p=0 t3h=0 t4=0 t4s2=0 | R13=0 R134=0 R134s2=0 RT=1 RT4=1 RT4s2=1 | t4min 0
X k4_certs_4_pure.json.gz#123 7,136,165,44 [[7], [2, 8], [4, 5], [3, 6]] def 1 k 3 | t1=0 t2=1 t3p=0 t3h=0 t4=0 t4s2=0 | R13=0 R134=0 R134s2=0 RT=1 RT4=1 RT4s2=1 | t4min 0
X k4_certs_4_pure.json.gz#123 7,136,174,44 [[7], [2, 8], [4, 5], [3, 6]] def 1 k 3 | t1=0 t2=1 t3p=0 t3h=0 t4=0 t4s2=0 | R13=0 R134=0 R134s2=0 RT=1 RT4=1 RT4s2=1 | t4min 0
X k4_certs_4_pure.json.gz#123 7,136,192,44 [[7], [2, 8], [4, 5], [3, 6]] def 1 k 3 | t1=0 t2=1 t3p=0 t3h=0 t4=0 t4s2=0 | R13=0 R134=0 R134s2=0 RT=1 RT4=1 RT4s2=1 | t4min 0
X k4_certs_4_pure.json.gz#123 7,136,193,44 [[7], [2, 8], [4, 5], [3, 6]] def 1 k 3 | t1=0 t2=1 t3p=0 t3h=0 t4=0 t4s2=0 | R13=0 R134=0 R134s2=0 RT=1 RT4=1 RT4s2=1 | t4min 0
X k4_certs_4_pure.json.gz#123 7,136,198,44 [[7], [2, 8], [4, 5], [3, 6]] def 1 k 3 | t1=0 t2=1 t3p=0 t3h=0 t4=0 t4s2=0 | R13=0 R134=0 R134s2=0 RT=1 RT4=1 RT4s2=1 | t4min 0
X k4_certs_4_pure.json.gz#123 7,136,201,44 [[7], [2, 8], [4, 5], [3, 6]] def 1 k 3 | t1=0 t2=1 t3p=0 t3h=0 t4=0 t4s2=0 | R13=0 R134=0 R134s2=0 RT=1 RT4=1 RT4s2=1 | t4min 0
X k4_certs_4_pure.json.gz#123 7,136,217,44 [[7], [2, 8], [4, 5], [3, 6]] def 1 k 3 | t1=0 t2=1 t3p=0 t3h=0 t4=0 t4s2=0 | R13=0 R134=0 R134s2=0 RT=1 RT4=1 RT4s2=1 | t4min 0
X k4_certs_4_pure.json.gz#123 7,136,222,44 [[7], [2, 8], [4, 5], [3, 6]] def 1 k 3 | t1=0 t2=1 t3p=0 t3h=0 t4=0 t4s2=0 | R13=0 R134=0 R134s2=0 RT=1 RT4=1 RT4s2=1 | t4min 0
X k4_certs_4_pure.json.gz#123 7,136,233,44 [[7], [2, 8], [4, 5], [3, 6]] def 1 k 3 | t1=0 t2=1 t3p=0 t3h=0 t4=0 t4s2=0 | R13=0 R134=0 R134s2=0 RT=1 RT4=1 RT4s2=1 | t4min 0
X k4_certs_4_pure.json.gz#123 7,136,234,44 [[7], [2, 8], [4, 5], [3, 6]] def 1 k 3 | t1=0 t2=1 t3p=0 t3h=0 t4=0 t4s2=0 | R13=0 R134=0 R134s2=0 RT=1 RT4=1 RT4s2=1 | t4min 0
X k4_certs_4_pure.json.gz#123 7,136,236,44 [[7], [2, 8], [4, 5], [3, 6]] def 1 k 3 | t1=0 t2=1 t3p=0 t3h=0 t4=0 t4s2=0 | R13=0 R134=0 R134s2=0 RT=1 RT4=1 RT4s2=1 | t4min 0
X k4_certs_4_pure.json.gz#123 7,136,237,44 [[7], [2, 8], [4, 5], [3, 6]] def 1 k 3 | t1=0 t2=1 t3p=0 t3h=0 t4=0 t4s2=0 | R13=0 R134=0 R134s2=0 RT=1 RT4=1 RT4s2=1 | t4min 0
X k4_certs_4_pure.json.gz#123 7,136,241,44 [[7], [2, 8], [4, 5], [3, 6]] def 1 k 3 | t1=0 t2=1 t3p=0 t3h=0 t4=0 t4s2=0 | R13=0 R134=0 R134s2=0 RT=1 RT4=1 RT4s2=1 | t4min 0
X k4_certs_4_pure.json.gz#123 7,136,242,44 [[7], [2, 8], [4, 5], [3, 6]] def 1 k 3 | t1=0 t2=1 t3p=0 t3h=0 t4=0 t4s2=0 | R13=0 R134=0 R134s2=0 RT=1 RT4=1 RT4s2=1 | t4min 0
X k4_certs_4_pure.json.gz#123 7,136,243,44 [[7], [2, 8], [4, 5], [3, 6]] def 1 k 3 | t1=0 t2=1 t3p=0 t3h=0 t4=0 t4s2=0 | R13=0 R134=0 R134s2=0 RT=1 RT4=1 RT4s2=1 | t4min 0
X k4_certs_4_pure.json.gz#123 7,136,245,44 [[7], [2, 8], [4, 5], [3, 6]] def 1 k 3 | t1=0 t2=1 t3p=0 t3h=0 t4=0 t4s2=0 | R13=0 R134=0 R134s2=0 RT=1 RT4=1 RT4s2=1 | t4min 0
X k4_certs_4_pure.json.gz#123 7,136,248,44 [[7], [2, 8], [4, 5], [3, 6]] def 1 k 3 | t1=0 t2=1 t3p=0 t3h=0 t4=0 t4s2=0 | R13=0 R134=0 R134s2=0 RT=1 RT4=1 RT4s2=1 | t4min 0
X k4_certs_4_pure.json.gz#123 7,136,249,44 [[7], [2, 8], [4, 5], [3, 6]] def 1 k 3 | t1=0 t2=1 t3p=0 t3h=0 t4=0 t4s2=0 | R13=0 R134=0 R134s2=0 RT=1 RT4=1 RT4s2=1 | t4min 0
X k4_certs_4_pure.json.gz#123 7,136,250,44 [[7], [2, 8], [4, 5], [3, 6]] def 1 k 3 | t1=0 t2=1 t3p=0 t3h=0 t4=0 t4s2=0 | R13=0 R134=0 R134s2=0 RT=1 RT4=1 RT4s2=1 | t4min 0
X k4_certs_4_pure.json.gz#123 7,136,252,44 [[7], [2, 8], [4, 5], [3, 6]] def 1 k 3 | t1=0 t2=1 t3p=0 t3h=0 t4=0 t4s2=0 | R13=0 R134=0 R134s2=0 RT=1 RT4=1 RT4s2=1 | t4min 0
X k4_certs_4_pure.json.gz#123 7,136,268,44 [[7], [2, 8], [4, 5], [3, 6]] def 1 k 3 | t1=0 t2=1 t3p=0 t3h=0 t4=0 t4s2=0 | R13=0 R134=0 R134s2=0 RT=1 RT4=1 RT4s2=1 | t4min 0
X k4_certs_4_pure.json.gz#123 7,136,269,44 [[7], [2, 8], [4, 5], [3, 6]] def 1 k 3 | t1=0 t2=1 t3p=0 t3h=0 t4=0 t4s2=0 | R13=0 R134=0 R134s2=0 RT=1 RT4=1 RT4s2=1 | t4min 0
X k4_certs_4_pure.json.gz#123 7,136,272,44 [[7], [2, 8], [4, 5], [3, 6]] def 1 k 3 | t1=0 t2=1 t3p=0 t3h=0 t4=0 t4s2=0 | R13=0 R134=0 R134s2=0 RT=1 RT4=1 RT4s2=1 | t4min 0
X k4_certs_4_pure.json.gz#123 7,136,273,44 [[7], [2, 8], [4, 5], [3, 6]] def 1 k 3 | t1=0 t2=1 t3p=0 t3h=0 t4=0 t4s2=0 | R13=0 R134=0 R134s2=0 RT=1 RT4=1 RT4s2=1 | t4min 0
X k4_certs_4_pure.json.gz#123 7,136,282,44 [[7], [2, 8], [4, 5], [3, 6]] def 1 k 3 | t1=0 t2=1 t3p=0 t3h=0 t4=0 t4s2=0 | R13=0 R134=0 R134s2=0 RT=1 RT4=1 RT4s2=1 | t4min 0
X k4_certs_4_pure.json.gz#123 7,136,284,44 [[7], [2, 8], [4, 5], [3, 6]] def 1 k 3 | t1=0 t2=1 t3p=0 t3h=0 t4=0 t4s2=0 | R13=0 R134=0 R134s2=0 RT=1 RT4=1 RT4s2=1 | t4min 0
X k4_certs_4_pure.json.gz#123 7,136,285,44 [[7], [2, 8], [4, 5], [3, 6]] def 1 k 3 | t1=0 t2=1 t3p=0 t3h=0 t4=0 t4s2=0 | R13=0 R134=0 R134s2=0 RT=1 RT4=1 RT4s2=1 | t4min 0
X k4_certs_4_pure.json.gz#123 7,136,286,44 [[7], [2, 8], [4, 5], [3, 6]] def 1 k 3 | t1=0 t2=1 t3p=0 t3h=0 t4=0 t4s2=0 | R13=0 R134=0 R134s2=0 RT=1 RT4=1 RT4s2=1 | t4min 0
X k4_certs_4_pure.json.gz#123 7,137,11,44 [[7], [2, 8], [4, 5], [3, 6]] def 1 k 3 | t1=0 t2=1 t3p=0 t3h=0 t4=0 t4s2=0 | R13=0 R134=0 R134s2=0 RT=1 RT4=1 RT4s2=1 | t4min 0
X k4_certs_4_pure.json.gz#123 7,137,13,44 [[7], [2, 8], [4, 5], [3, 6]] def 1 k 3 | t1=0 t2=1 t3p=0 t3h=0 t4=0 t4s2=0 | R13=0 R134=0 R134s2=0 RT=1 RT4=1 RT4s2=1 | t4min 0
X k4_certs_4_pure.json.gz#123 7,137,18,44 [[7], [2, 8], [4, 5], [3, 6]] def 1 k 3 | t1=0 t2=1 t3p=0 t3h=0 t4=0 t4s2=0 | R13=0 R134=0 R134s2=0 RT=1 RT4=1 RT4s2=1 | t4min 0
X k4_certs_4_pure.json.gz#123 7,137,25,44 [[7], [2, 8], [4, 5], [3, 6]] def 1 k 3 | t1=0 t2=1 t3p=0 t3h=0 t4=0 t4s2=0 | R13=0 R134=0 R134s2=0 RT=1 RT4=1 RT4s2=1 | t4min 0
X k4_certs_4_pure.json.gz#123 7,137,47,44 [[7], [2, 8], [4, 5], [3, 6]] def 1 k 3 | t1=0 t2=1 t3p=0 t3h=0 t4=0 t4s2=0 | R13=0 R134=0 R134s2=0 RT=1 RT4=1 RT4s2=1 | t4min 0
X k4_certs_4_pure.json.gz#123 7,137,50,44 [[7], [2, 8], [4, 5], [3, 6]] def 1 k 3 | t1=0 t2=1 t3p=0 t3h=0 t4=0 t4s2=0 | R13=0 R134=0 R134s2=0 RT=1 RT4=1 RT4s2=1 | t4min 0
X k4_certs_4_pure.json.gz#123 7,137,55,44 [[7], [2, 8], [4, 5], [3, 6]] def 1 k 3 | t1=0 t2=1 t3p=0 t3h=0 t4=0 t4s2=0 | R13=0 R134=0 R134s2=0 RT=1 RT4=1 RT4s2=1 | t4min 0
X k4_certs_4_pure.json.gz#123 7,137,67,44 [[7], [2, 8], [4, 5], [3, 6]] def 1 k 3 | t1=0 t2=1 t3p=0 t3h=0 t4=0 t4s2=0 | R13=0 R134=0 R134s2=0 RT=1 RT4=1 RT4s2=1 | t4min 0
X k4_certs_4_pure.json.gz#123 7,137,82,44 [[7], [2, 8], [4, 5], [3, 6]] def 1 k 3 | t1=0 t2=1 t3p=0 t3h=0 t4=0 t4s2=0 | R13=0 R134=0 R134s2=0 RT=1 RT4=1 RT4s2=1 | t4min 0
X k4_certs_4_pure.json.gz#123 7,137,89,44 [[7], [2, 8], [4, 5], [3, 6]] def 1 k 3 | t1=0 t2=1 t3p=0 t3h=0 t4=0 t4s2=0 | R13=0 R134=0 R134s2=0 RT=1 RT4=1 RT4s2=1 | t4min 0
X k4_certs_4_pure.json.gz#123 7,137,92,44 [[7], [2, 8], [4, 5], [3, 6]] def 1 k 3 | t1=0 t2=1 t3p=0 t3h=0 t4=0 t4s2=0 | R13=0 R134=0 R134s2=0 RT=1 RT4=1 RT4s2=1 | t4min 0
X k4_certs_4_pure.json.gz#123 7,137,95,44 [[7], [2, 8], [4, 5], [3, 6]] def 1 k 3 | t1=0 t2=1 t3p=0 t3h=0 t4=0 t4s2=0 | R13=0 R134=0 R134s2=0 RT=1 RT4=1 RT4s2=1 | t4min 0
X k4_certs_4_pure.json.gz#123 7,137,99,44 [[7], [2, 8], [4, 5], [3, 6]] def 1 k 3 | t1=0 t2=1 t3p=0 t3h=0 t4=0 t4s2=0 | R13=0 R134=0 R134s2=0 RT=1 RT4=1 RT4s2=1 | t4min 0
X k4_certs_4_pure.json.gz#123 7,137,100,44 [[7], [2, 8], [4, 5], [3, 6]] def 1 k 3 | t1=0 t2=1 t3p=0 t3h=0 t4=0 t4s2=0 | R13=0 R134=0 R134s2=0 RT=1 RT4=1 RT4s2=1 | t4min 0
X k4_certs_4_pure.json.gz#123 7,137,104,44 [[7], [2, 8], [4, 5], [3, 6]] def 1 k 3 | t1=0 t2=1 t3p=0 t3h=0 t4=0 t4s2=0 | R13=0 R134=0 R134s2=0 RT=1 RT4=1 RT4s2=1 | t4min 0
X k4_certs_4_pure.json.gz#123 7,137,114,44 [[7], [2, 8], [4, 5], [3, 6]] def 1 k 3 | t1=0 t2=1 t3p=0 t3h=0 t4=0 t4s2=0 | R13=0 R134=0 R134s2=0 RT=1 RT4=1 RT4s2=1 | t4min 0
X k4_certs_4_pure.json.gz#123 7,137,128,44 [[7], [2, 8], [4, 5], [3, 6]] def 1 k 3 | t1=0 t2=1 t3p=0 t3h=0 t4=0 t4s2=0 | R13=0 R134=0 R134s2=0 RT=1 RT4=1 RT4s2=1 | t4min 0
X k4_certs_4_pure.json.gz#123 7,137,131,44 [[7], [2, 8], [4, 5], [3, 6]] def 1 k 3 | t1=0 t2=1 t3p=0 t3h=0 t4=0 t4s2=0 | R13=0 R134=0 R134s2=0 RT=1 RT4=1 RT4s2=1 | t4min 0
X k4_certs_4_pure.json.gz#123 7,137,134,44 [[7], [2, 8], [4, 5], [3, 6]] def 1 k 3 | t1=0 t2=1 t3p=0 t3h=0 t4=0 t4s2=0 | R13=0 R134=0 R134s2=0 RT=1 RT4=1 RT4s2=1 | t4min 0
X k4_certs_4_pure.json.gz#123 7,137,135,44 [[7], [2, 8], [4, 5], [3, 6]] def 1 k 3 | t1=0 t2=1 t3p=0 t3h=0 t4=0 t4s2=0 | R13=0 R134=0 R134s2=0 RT=1 RT4=1 RT4s2=1 | t4min 0
X k4_certs_4_pure.json.gz#123 7,137,152,44 [[7], [2, 8], [4, 5], [3, 6]] def 1 k 3 | t1=0 t2=1 t3p=0 t3h=0 t4=0 t4s2=0 | R13=0 R134=0 R134s2=0 RT=1 RT4=1 RT4s2=1 | t4min 0
X k4_certs_4_pure.json.gz#123 7,137,155,44 [[7], [2, 8], [4, 5], [3, 6]] def 1 k 3 | t1=0 t2=1 t3p=0 t3h=0 t4=0 t4s2=0 | R13=0 R134=0 R134s2=0 RT=1 RT4=1 RT4s2=1 | t4min 0
X k4_certs_4_pure.json.gz#123 7,137,160,44 [[7], [2, 8], [4, 5], [3, 6]] def 1 k 3 | t1=0 t2=1 t3p=0 t3h=0 t4=0 t4s2=0 | R13=0 R134=0 R134s2=0 RT=1 RT4=1 RT4s2=1 | t4min 0
X k4_certs_4_pure.json.gz#123 7,137,165,44 [[7], [2, 8], [4, 5], [3, 6]] def 1 k 3 | t1=0 t2=1 t3p=0 t3h=0 t4=0 t4s2=0 | R13=0 R134=0 R134s2=0 RT=1 RT4=1 RT4s2=1 | t4min 0
X k4_certs_4_pure.json.gz#123 7,137,174,44 [[7], [2, 8], [4, 5], [3, 6]] def 1 k 3 | t1=0 t2=1 t3p=0 t3h=0 t4=0 t4s2=0 | R13=0 R134=0 R134s2=0 RT=1 RT4=1 RT4s2=1 | t4min 0
X k4_certs_4_pure.json.gz#123 7,137,192,44 [[7], [2, 8], [4, 5], [3, 6]] def 1 k 3 | t1=0 t2=1 t3p=0 t3h=0 t4=0 t4s2=0 | R13=0 R134=0 R134s2=0 RT=1 RT4=1 RT4s2=1 | t4min 0
X k4_certs_4_pure.json.gz#123 7,137,193,44 [[7], [2, 8], [4, 5], [3, 6]] def 1 k 3 | t1=0 t2=1 t3p=0 t3h=0 t4=0 t4s2=0 | R13=0 R134=0 R134s2=0 RT=1 RT4=1 RT4s2=1 | t4min 0
X k4_certs_4_pure.json.gz#123 7,137,198,44 [[7], [2, 8], [4, 5], [3, 6]] def 1 k 3 | t1=0 t2=1 t3p=0 t3h=0 t4=0 t4s2=0 | R13=0 R134=0 R134s2=0 RT=1 RT4=1 RT4s2=1 | t4min 0
X k4_certs_4_pure.json.gz#123 7,137,201,44 [[7], [2, 8], [4, 5], [3, 6]] def 1 k 3 | t1=0 t2=1 t3p=0 t3h=0 t4=0 t4s2=0 | R13=0 R134=0 R134s2=0 RT=1 RT4=1 RT4s2=1 | t4min 0
X k4_certs_4_pure.json.gz#123 7,137,217,44 [[7], [2, 8], [4, 5], [3, 6]] def 1 k 3 | t1=0 t2=1 t3p=0 t3h=0 t4=0 t4s2=0 | R13=0 R134=0 R134s2=0 RT=1 RT4=1 RT4s2=1 | t4min 0
X k4_certs_4_pure.json.gz#123 7,137,222,44 [[7], [2, 8], [4, 5], [3, 6]] def 1 k 3 | t1=0 t2=1 t3p=0 t3h=0 t4=0 t4s2=0 | R13=0 R134=0 R134s2=0 RT=1 RT4=1 RT4s2=1 | t4min 0
X k4_certs_4_pure.json.gz#123 7,137,233,44 [[7], [2, 8], [4, 5], [3, 6]] def 1 k 3 | t1=0 t2=1 t3p=0 t3h=0 t4=0 t4s2=0 | R13=0 R134=0 R134s2=0 RT=1 RT4=1 RT4s2=1 | t4min 0
X k4_certs_4_pure.json.gz#123 7,137,234,44 [[7], [2, 8], [4, 5], [3, 6]] def 1 k 3 | t1=0 t2=1 t3p=0 t3h=0 t4=0 t4s2=0 | R13=0 R134=0 R134s2=0 RT=1 RT4=1 RT4s2=1 | t4min 0
X k4_certs_4_pure.json.gz#123 7,137,236,44 [[7], [2, 8], [4, 5], [3, 6]] def 1 k 3 | t1=0 t2=1 t3p=0 t3h=0 t4=0 t4s2=0 | R13=0 R134=0 R134s2=0 RT=1 RT4=1 RT4s2=1 | t4min 0
X k4_certs_4_pure.json.gz#123 7,137,237,44 [[7], [2, 8], [4, 5], [3, 6]] def 1 k 3 | t1=0 t2=1 t3p=0 t3h=0 t4=0 t4s2=0 | R13=0 R134=0 R134s2=0 RT=1 RT4=1 RT4s2=1 | t4min 0
X k4_certs_4_pure.json.gz#123 7,137,241,44 [[7], [2, 8], [4, 5], [3, 6]] def 1 k 3 | t1=0 t2=1 t3p=0 t3h=0 t4=0 t4s2=0 | R13=0 R134=0 R134s2=0 RT=1 RT4=1 RT4s2=1 | t4min 0
X k4_certs_4_pure.json.gz#123 7,137,242,44 [[7], [2, 8], [4, 5], [3, 6]] def 1 k 3 | t1=0 t2=1 t3p=0 t3h=0 t4=0 t4s2=0 | R13=0 R134=0 R134s2=0 RT=1 RT4=1 RT4s2=1 | t4min 0
X k4_certs_4_pure.json.gz#123 7,137,243,44 [[7], [2, 8], [4, 5], [3, 6]] def 1 k 3 | t1=0 t2=1 t3p=0 t3h=0 t4=0 t4s2=0 | R13=0 R134=0 R134s2=0 RT=1 RT4=1 RT4s2=1 | t4min 0
X k4_certs_4_pure.json.gz#123 7,137,245,44 [[7], [2, 8], [4, 5], [3, 6]] def 1 k 3 | t1=0 t2=1 t3p=0 t3h=0 t4=0 t4s2=0 | R13=0 R134=0 R134s2=0 RT=1 RT4=1 RT4s2=1 | t4min 0
X k4_certs_4_pure.json.gz#123 7,137,248,44 [[7], [2, 8], [4, 5], [3, 6]] def 1 k 3 | t1=0 t2=1 t3p=0 t3h=0 t4=0 t4s2=0 | R13=0 R134=0 R134s2=0 RT=1 RT4=1 RT4s2=1 | t4min 0
X k4_certs_4_pure.json.gz#123 7,137,249,44 [[7], [2, 8], [4, 5], [3, 6]] def 1 k 3 | t1=0 t2=1 t3p=0 t3h=0 t4=0 t4s2=0 | R13=0 R134=0 R134s2=0 RT=1 RT4=1 RT4s2=1 | t4min 0
X k4_certs_4_pure.json.gz#123 7,137,250,44 [[7], [2, 8], [4, 5], [3, 6]] def 1 k 3 | t1=0 t2=1 t3p=0 t3h=0 t4=0 t4s2=0 | R13=0 R134=0 R134s2=0 RT=1 RT4=1 RT4s2=1 | t4min 0
X k4_certs_4_pure.json.gz#123 7,137,252,44 [[7], [2, 8], [4, 5], [3, 6]] def 1 k 3 | t1=0 t2=1 t3p=0 t3h=0 t4=0 t4s2=0 | R13=0 R134=0 R134s2=0 RT=1 RT4=1 RT4s2=1 | t4min 0
X k4_certs_4_pure.json.gz#123 7,137,268,44 [[7], [2, 8], [4, 5], [3, 6]] def 1 k 3 | t1=0 t2=1 t3p=0 t3h=0 t4=0 t4s2=0 | R13=0 R134=0 R134s2=0 RT=1 RT4=1 RT4s2=1 | t4min 0
X k4_certs_4_pure.json.gz#123 7,137,269,44 [[7], [2, 8], [4, 5], [3, 6]] def 1 k 3 | t1=0 t2=1 t3p=0 t3h=0 t4=0 t4s2=0 | R13=0 R134=0 R134s2=0 RT=1 RT4=1 RT4s2=1 | t4min 0
X k4_certs_4_pure.json.gz#123 7,137,272,44 [[7], [2, 8], [4, 5], [3, 6]] def 1 k 3 | t1=0 t2=1 t3p=0 t3h=0 t4=0 t4s2=0 | R13=0 R134=0 R134s2=0 RT=1 RT4=1 RT4s2=1 | t4min 0
X k4_certs_4_pure.json.gz#123 7,137,273,44 [[7], [2, 8], [4, 5], [3, 6]] def 1 k 3 | t1=0 t2=1 t3p=0 t3h=0 t4=0 t4s2=0 | R13=0 R134=0 R134s2=0 RT=1 RT4=1 RT4s2=1 | t4min 0
X k4_certs_4_pure.json.gz#123 7,137,282,44 [[7], [2, 8], [4, 5], [3, 6]] def 1 k 3 | t1=0 t2=1 t3p=0 t3h=0 t4=0 t4s2=0 | R13=0 R134=0 R134s2=0 RT=1 RT4=1 RT4s2=1 | t4min 0
X k4_certs_4_pure.json.gz#123 7,137,284,44 [[7], [2, 8], [4, 5], [3, 6]] def 1 k 3 | t1=0 t2=1 t3p=0 t3h=0 t4=0 t4s2=0 | R13=0 R134=0 R134s2=0 RT=1 RT4=1 RT4s2=1 | t4min 0
X k4_certs_4_pure.json.gz#123 7,137,285,44 [[7], [2, 8], [4, 5], [3, 6]] def 1 k 3 | t1=0 t2=1 t3p=0 t3h=0 t4=0 t4s2=0 | R13=0 R134=0 R134s2=0 RT=1 RT4=1 RT4s2=1 | t4min 0
X k4_certs_4_pure.json.gz#123 7,137,286,44 [[7], [2, 8], [4, 5], [3, 6]] def 1 k 3 | t1=0 t2=1 t3p=0 t3h=0 t4=0 t4s2=0 | R13=0 R134=0 R134s2=0 RT=1 RT4=1 RT4s2=1 | t4min 0
X k4_certs_4_pure.json.gz#123 7,139,11,44 [[7], [2, 8], [4, 5], [3, 6]] def 1 k 3 | t1=0 t2=1 t3p=0 t3h=0 t4=0 t4s2=0 | R13=0 R134=0 R134s2=0 RT=1 RT4=1 RT4s2=1 | t4min 0
X k4_certs_4_pure.json.gz#123 7,139,13,44 [[7], [2, 8], [4, 5], [3, 6]] def 1 k 3 | t1=0 t2=1 t3p=0 t3h=0 t4=0 t4s2=0 | R13=0 R134=0 R134s2=0 RT=1 RT4=1 RT4s2=1 | t4min 0
X k4_certs_4_pure.json.gz#123 7,139,18,44 [[7], [2, 8], [4, 5], [3, 6]] def 1 k 3 | t1=0 t2=1 t3p=0 t3h=0 t4=0 t4s2=0 | R13=0 R134=0 R134s2=0 RT=1 RT4=1 RT4s2=1 | t4min 0
X k4_certs_4_pure.json.gz#123 7,139,25,44 [[7], [2, 8], [4, 5], [3, 6]] def 1 k 3 | t1=0 t2=1 t3p=0 t3h=0 t4=0 t4s2=0 | R13=0 R134=0 R134s2=0 RT=1 RT4=1 RT4s2=1 | t4min 0
X k4_certs_4_pure.json.gz#123 7,139,47,44 [[7], [2, 8], [4, 5], [3, 6]] def 1 k 3 | t1=0 t2=1 t3p=0 t3h=0 t4=0 t4s2=0 | R13=0 R134=0 R134s2=0 RT=1 RT4=1 RT4s2=1 | t4min 0
X k4_certs_4_pure.json.gz#123 7,139,50,44 [[7], [2, 8], [4, 5], [3, 6]] def 1 k 3 | t1=0 t2=1 t3p=0 t3h=0 t4=0 t4s2=0 | R13=0 R134=0 R134s2=0 RT=1 RT4=1 RT4s2=1 | t4min 0
X k4_certs_4_pure.json.gz#123 7,139,55,44 [[7], [2, 8], [4, 5], [3, 6]] def 1 k 3 | t1=0 t2=1 t3p=0 t3h=0 t4=0 t4s2=0 | R13=0 R134=0 R134s2=0 RT=1 RT4=1 RT4s2=1 | t4min 0
X k4_certs_4_pure.json.gz#123 7,139,67,44 [[7], [2, 8], [4, 5], [3, 6]] def 1 k 3 | t1=0 t2=1 t3p=0 t3h=0 t4=0 t4s2=0 | R13=0 R134=0 R134s2=0 RT=1 RT4=1 RT4s2=1 | t4min 0
X k4_certs_4_pure.json.gz#123 7,139,82,44 [[7], [2, 8], [4, 5], [3, 6]] def 1 k 3 | t1=0 t2=1 t3p=0 t3h=0 t4=0 t4s2=0 | R13=0 R134=0 R134s2=0 RT=1 RT4=1 RT4s2=1 | t4min 0
X k4_certs_4_pure.json.gz#123 7,139,89,44 [[7], [2, 8], [4, 5], [3, 6]] def 1 k 3 | t1=0 t2=1 t3p=0 t3h=0 t4=0 t4s2=0 | R13=0 R134=0 R134s2=0 RT=1 RT4=1 RT4s2=1 | t4min 0
X k4_certs_4_pure.json.gz#123 7,139,92,44 [[7], [2, 8], [4, 5], [3, 6]] def 1 k 3 | t1=0 t2=1 t3p=0 t3h=0 t4=0 t4s2=0 | R13=0 R134=0 R134s2=0 RT=1 RT4=1 RT4s2=1 | t4min 0
X k4_certs_4_pure.json.gz#123 7,139,95,44 [[7], [2, 8], [4, 5], [3, 6]] def 1 k 3 | t1=0 t2=1 t3p=0 t3h=0 t4=0 t4s2=0 | R13=0 R134=0 R134s2=0 RT=1 RT4=1 RT4s2=1 | t4min 0
X k4_certs_4_pure.json.gz#123 7,139,99,44 [[7], [2, 8], [4, 5], [3, 6]] def 1 k 3 | t1=0 t2=1 t3p=0 t3h=0 t4=0 t4s2=0 | R13=0 R134=0 R134s2=0 RT=1 RT4=1 RT4s2=1 | t4min 0
X k4_certs_4_pure.json.gz#123 7,139,100,44 [[7], [2, 8], [4, 5], [3, 6]] def 1 k 3 | t1=0 t2=1 t3p=0 t3h=0 t4=0 t4s2=0 | R13=0 R134=0 R134s2=0 RT=1 RT4=1 RT4s2=1 | t4min 0
X k4_certs_4_pure.json.gz#123 7,139,104,44 [[7], [2, 8], [4, 5], [3, 6]] def 1 k 3 | t1=0 t2=1 t3p=0 t3h=0 t4=0 t4s2=0 | R13=0 R134=0 R134s2=0 RT=1 RT4=1 RT4s2=1 | t4min 0
X k4_certs_4_pure.json.gz#123 7,139,114,44 [[7], [2, 8], [4, 5], [3, 6]] def 1 k 3 | t1=0 t2=1 t3p=0 t3h=0 t4=0 t4s2=0 | R13=0 R134=0 R134s2=0 RT=1 RT4=1 RT4s2=1 | t4min 0
X k4_certs_4_pure.json.gz#123 7,139,128,44 [[7], [2, 8], [4, 5], [3, 6]] def 1 k 3 | t1=0 t2=1 t3p=0 t3h=0 t4=0 t4s2=0 | R13=0 R134=0 R134s2=0 RT=1 RT4=1 RT4s2=1 | t4min 0
X k4_certs_4_pure.json.gz#123 7,139,131,44 [[7], [2, 8], [4, 5], [3, 6]] def 1 k 3 | t1=0 t2=1 t3p=0 t3h=0 t4=0 t4s2=0 | R13=0 R134=0 R134s2=0 RT=1 RT4=1 RT4s2=1 | t4min 0
X k4_certs_4_pure.json.gz#123 7,139,134,44 [[7], [2, 8], [4, 5], [3, 6]] def 1 k 3 | t1=0 t2=1 t3p=0 t3h=0 t4=0 t4s2=0 | R13=0 R134=0 R134s2=0 RT=1 RT4=1 RT4s2=1 | t4min 0
X k4_certs_4_pure.json.gz#123 7,139,135,44 [[7], [2, 8], [4, 5], [3, 6]] def 1 k 3 | t1=0 t2=1 t3p=0 t3h=0 t4=0 t4s2=0 | R13=0 R134=0 R134s2=0 RT=1 RT4=1 RT4s2=1 | t4min 0
X k4_certs_4_pure.json.gz#123 7,139,152,44 [[7], [2, 8], [4, 5], [3, 6]] def 1 k 3 | t1=0 t2=1 t3p=0 t3h=0 t4=0 t4s2=0 | R13=0 R134=0 R134s2=0 RT=1 RT4=1 RT4s2=1 | t4min 0
X k4_certs_4_pure.json.gz#123 7,139,155,44 [[7], [2, 8], [4, 5], [3, 6]] def 1 k 3 | t1=0 t2=1 t3p=0 t3h=0 t4=0 t4s2=0 | R13=0 R134=0 R134s2=0 RT=1 RT4=1 RT4s2=1 | t4min 0
X k4_certs_4_pure.json.gz#123 7,139,160,44 [[7], [2, 8], [4, 5], [3, 6]] def 1 k 3 | t1=0 t2=1 t3p=0 t3h=0 t4=0 t4s2=0 | R13=0 R134=0 R134s2=0 RT=1 RT4=1 RT4s2=1 | t4min 0
X k4_certs_4_pure.json.gz#123 7,139,165,44 [[7], [2, 8], [4, 5], [3, 6]] def 1 k 3 | t1=0 t2=1 t3p=0 t3h=0 t4=0 t4s2=0 | R13=0 R134=0 R134s2=0 RT=1 RT4=1 RT4s2=1 | t4min 0
X k4_certs_4_pure.json.gz#123 7,139,174,44 [[7], [2, 8], [4, 5], [3, 6]] def 1 k 3 | t1=0 t2=1 t3p=0 t3h=0 t4=0 t4s2=0 | R13=0 R134=0 R134s2=0 RT=1 RT4=1 RT4s2=1 | t4min 0
X k4_certs_4_pure.json.gz#123 7,139,192,44 [[7], [2, 8], [4, 5], [3, 6]] def 1 k 3 | t1=0 t2=1 t3p=0 t3h=0 t4=0 t4s2=0 | R13=0 R134=0 R134s2=0 RT=1 RT4=1 RT4s2=1 | t4min 0
X k4_certs_4_pure.json.gz#123 7,139,193,44 [[7], [2, 8], [4, 5], [3, 6]] def 1 k 3 | t1=0 t2=1 t3p=0 t3h=0 t4=0 t4s2=0 | R13=0 R134=0 R134s2=0 RT=1 RT4=1 RT4s2=1 | t4min 0
X k4_certs_4_pure.json.gz#123 7,139,198,44 [[7], [2, 8], [4, 5], [3, 6]] def 1 k 3 | t1=0 t2=1 t3p=0 t3h=0 t4=0 t4s2=0 | R13=0 R134=0 R134s2=0 RT=1 RT4=1 RT4s2=1 | t4min 0
X k4_certs_4_pure.json.gz#123 7,139,201,44 [[7], [2, 8], [4, 5], [3, 6]] def 1 k 3 | t1=0 t2=1 t3p=0 t3h=0 t4=0 t4s2=0 | R13=0 R134=0 R134s2=0 RT=1 RT4=1 RT4s2=1 | t4min 0
X k4_certs_4_pure.json.gz#123 7,139,217,44 [[7], [2, 8], [4, 5], [3, 6]] def 1 k 3 | t1=0 t2=1 t3p=0 t3h=0 t4=0 t4s2=0 | R13=0 R134=0 R134s2=0 RT=1 RT4=1 RT4s2=1 | t4min 0
X k4_certs_4_pure.json.gz#123 7,139,222,44 [[7], [2, 8], [4, 5], [3, 6]] def 1 k 3 | t1=0 t2=1 t3p=0 t3h=0 t4=0 t4s2=0 | R13=0 R134=0 R134s2=0 RT=1 RT4=1 RT4s2=1 | t4min 0
X k4_certs_4_pure.json.gz#123 7,139,233,44 [[7], [2, 8], [4, 5], [3, 6]] def 1 k 3 | t1=0 t2=1 t3p=0 t3h=0 t4=0 t4s2=0 | R13=0 R134=0 R134s2=0 RT=1 RT4=1 RT4s2=1 | t4min 0
X k4_certs_4_pure.json.gz#123 7,139,234,44 [[7], [2, 8], [4, 5], [3, 6]] def 1 k 3 | t1=0 t2=1 t3p=0 t3h=0 t4=0 t4s2=0 | R13=0 R134=0 R134s2=0 RT=1 RT4=1 RT4s2=1 | t4min 0
X k4_certs_4_pure.json.gz#123 7,139,236,44 [[7], [2, 8], [4, 5], [3, 6]] def 1 k 3 | t1=0 t2=1 t3p=0 t3h=0 t4=0 t4s2=0 | R13=0 R134=0 R134s2=0 RT=1 RT4=1 RT4s2=1 | t4min 0
X k4_certs_4_pure.json.gz#123 7,139,237,44 [[7], [2, 8], [4, 5], [3, 6]] def 1 k 3 | t1=0 t2=1 t3p=0 t3h=0 t4=0 t4s2=0 | R13=0 R134=0 R134s2=0 RT=1 RT4=1 RT4s2=1 | t4min 0
X k4_certs_4_pure.json.gz#123 7,139,241,44 [[7], [2, 8], [4, 5], [3, 6]] def 1 k 3 | t1=0 t2=1 t3p=0 t3h=0 t4=0 t4s2=0 | R13=0 R134=0 R134s2=0 RT=1 RT4=1 RT4s2=1 | t4min 0
X k4_certs_4_pure.json.gz#123 7,139,242,44 [[7], [2, 8], [4, 5], [3, 6]] def 1 k 3 | t1=0 t2=1 t3p=0 t3h=0 t4=0 t4s2=0 | R13=0 R134=0 R134s2=0 RT=1 RT4=1 RT4s2=1 | t4min 0
X k4_certs_4_pure.json.gz#123 7,139,243,44 [[7], [2, 8], [4, 5], [3, 6]] def 1 k 3 | t1=0 t2=1 t3p=0 t3h=0 t4=0 t4s2=0 | R13=0 R134=0 R134s2=0 RT=1 RT4=1 RT4s2=1 | t4min 0
X k4_certs_4_pure.json.gz#123 7,139,245,44 [[7], [2, 8], [4, 5], [3, 6]] def 1 k 3 | t1=0 t2=1 t3p=0 t3h=0 t4=0 t4s2=0 | R13=0 R134=0 R134s2=0 RT=1 RT4=1 RT4s2=1 | t4min 0
X k4_certs_4_pure.json.gz#123 7,139,248,44 [[7], [2, 8], [4, 5], [3, 6]] def 1 k 3 | t1=0 t2=1 t3p=0 t3h=0 t4=0 t4s2=0 | R13=0 R134=0 R134s2=0 RT=1 RT4=1 RT4s2=1 | t4min 0
X k4_certs_4_pure.json.gz#123 7,139,249,44 [[7], [2, 8], [4, 5], [3, 6]] def 1 k 3 | t1=0 t2=1 t3p=0 t3h=0 t4=0 t4s2=0 | R13=0 R134=0 R134s2=0 RT=1 RT4=1 RT4s2=1 | t4min 0
X k4_certs_4_pure.json.gz#123 7,139,250,44 [[7], [2, 8], [4, 5], [3, 6]] def 1 k 3 | t1=0 t2=1 t3p=0 t3h=0 t4=0 t4s2=0 | R13=0 R134=0 R134s2=0 RT=1 RT4=1 RT4s2=1 | t4min 0
X k4_certs_4_pure.json.gz#123 7,139,252,44 [[7], [2, 8], [4, 5], [3, 6]] def 1 k 3 | t1=0 t2=1 t3p=0 t3h=0 t4=0 t4s2=0 | R13=0 R134=0 R134s2=0 RT=1 RT4=1 RT4s2=1 | t4min 0
X k4_certs_4_pure.json.gz#123 7,139,268,44 [[7], [2, 8], [4, 5], [3, 6]] def 1 k 3 | t1=0 t2=1 t3p=0 t3h=0 t4=0 t4s2=0 | R13=0 R134=0 R134s2=0 RT=1 RT4=1 RT4s2=1 | t4min 0
X k4_certs_4_pure.json.gz#123 7,139,269,44 [[7], [2, 8], [4, 5], [3, 6]] def 1 k 3 | t1=0 t2=1 t3p=0 t3h=0 t4=0 t4s2=0 | R13=0 R134=0 R134s2=0 RT=1 RT4=1 RT4s2=1 | t4min 0
X k4_certs_4_pure.json.gz#123 7,139,272,44 [[7], [2, 8], [4, 5], [3, 6]] def 1 k 3 | t1=0 t2=1 t3p=0 t3h=0 t4=0 t4s2=0 | R13=0 R134=0 R134s2=0 RT=1 RT4=1 RT4s2=1 | t4min 0
X k4_certs_4_pure.json.gz#123 7,139,273,44 [[7], [2, 8], [4, 5], [3, 6]] def 1 k 3 | t1=0 t2=1 t3p=0 t3h=0 t4=0 t4s2=0 | R13=0 R134=0 R134s2=0 RT=1 RT4=1 RT4s2=1 | t4min 0
X k4_certs_4_pure.json.gz#123 7,139,282,44 [[7], [2, 8], [4, 5], [3, 6]] def 1 k 3 | t1=0 t2=1 t3p=0 t3h=0 t4=0 t4s2=0 | R13=0 R134=0 R134s2=0 RT=1 RT4=1 RT4s2=1 | t4min 0
X k4_certs_4_pure.json.gz#123 7,139,284,44 [[7], [2, 8], [4, 5], [3, 6]] def 1 k 3 | t1=0 t2=1 t3p=0 t3h=0 t4=0 t4s2=0 | R13=0 R134=0 R134s2=0 RT=1 RT4=1 RT4s2=1 | t4min 0
X k4_certs_4_pure.json.gz#123 7,139,285,44 [[7], [2, 8], [4, 5], [3, 6]] def 1 k 3 | t1=0 t2=1 t3p=0 t3h=0 t4=0 t4s2=0 | R13=0 R134=0 R134s2=0 RT=1 RT4=1 RT4s2=1 | t4min 0
X k4_certs_4_pure.json.gz#123 7,139,286,44 [[7], [2, 8], [4, 5], [3, 6]] def 1 k 3 | t1=0 t2=1 t3p=0 t3h=0 t4=0 t4s2=0 | R13=0 R134=0 R134s2=0 RT=1 RT4=1 RT4s2=1 | t4min 0
X k4_certs_4_pure.json.gz#123 7,140,11,44 [[7], [2, 8], [4, 5], [3, 6]] def 1 k 3 | t1=0 t2=1 t3p=0 t3h=0 t4=0 t4s2=0 | R13=0 R134=0 R134s2=0 RT=1 RT4=1 RT4s2=1 | t4min 0
X k4_certs_4_pure.json.gz#123 7,140,13,44 [[7], [2, 8], [4, 5], [3, 6]] def 1 k 3 | t1=0 t2=1 t3p=0 t3h=0 t4=0 t4s2=0 | R13=0 R134=0 R134s2=0 RT=1 RT4=1 RT4s2=1 | t4min 0
X k4_certs_4_pure.json.gz#123 7,140,18,44 [[7], [2, 8], [4, 5], [3, 6]] def 1 k 3 | t1=0 t2=1 t3p=0 t3h=0 t4=0 t4s2=0 | R13=0 R134=0 R134s2=0 RT=1 RT4=1 RT4s2=1 | t4min 0
X k4_certs_4_pure.json.gz#123 7,140,25,44 [[7], [2, 8], [4, 5], [3, 6]] def 1 k 3 | t1=0 t2=1 t3p=0 t3h=0 t4=0 t4s2=0 | R13=0 R134=0 R134s2=0 RT=1 RT4=1 RT4s2=1 | t4min 0
X k4_certs_4_pure.json.gz#123 7,140,47,44 [[7], [2, 8], [4, 5], [3, 6]] def 1 k 3 | t1=0 t2=1 t3p=0 t3h=0 t4=0 t4s2=0 | R13=0 R134=0 R134s2=0 RT=1 RT4=1 RT4s2=1 | t4min 0
X k4_certs_4_pure.json.gz#123 7,140,50,44 [[7], [2, 8], [4, 5], [3, 6]] def 1 k 3 | t1=0 t2=1 t3p=0 t3h=0 t4=0 t4s2=0 | R13=0 R134=0 R134s2=0 RT=1 RT4=1 RT4s2=1 | t4min 0
X k4_certs_4_pure.json.gz#123 7,140,55,44 [[7], [2, 8], [4, 5], [3, 6]] def 1 k 3 | t1=0 t2=1 t3p=0 t3h=0 t4=0 t4s2=0 | R13=0 R134=0 R134s2=0 RT=1 RT4=1 RT4s2=1 | t4min 0
X k4_certs_4_pure.json.gz#123 7,140,67,44 [[7], [2, 8], [4, 5], [3, 6]] def 1 k 3 | t1=0 t2=1 t3p=0 t3h=0 t4=0 t4s2=0 | R13=0 R134=0 R134s2=0 RT=1 RT4=1 RT4s2=1 | t4min 0
X k4_certs_4_pure.json.gz#123 7,140,82,44 [[7], [2, 8], [4, 5], [3, 6]] def 1 k 3 | t1=0 t2=1 t3p=0 t3h=0 t4=0 t4s2=0 | R13=0 R134=0 R134s2=0 RT=1 RT4=1 RT4s2=1 | t4min 0
X k4_certs_4_pure.json.gz#123 7,140,89,44 [[7], [2, 8], [4, 5], [3, 6]] def 1 k 3 | t1=0 t2=1 t3p=0 t3h=0 t4=0 t4s2=0 | R13=0 R134=0 R134s2=0 RT=1 RT4=1 RT4s2=1 | t4min 0
X k4_certs_4_pure.json.gz#123 7,140,92,44 [[7], [2, 8], [4, 5], [3, 6]] def 1 k 3 | t1=0 t2=1 t3p=0 t3h=0 t4=0 t4s2=0 | R13=0 R134=0 R134s2=0 RT=1 RT4=1 RT4s2=1 | t4min 0
X k4_certs_4_pure.json.gz#123 7,140,95,44 [[7], [2, 8], [4, 5], [3, 6]] def 1 k 3 | t1=0 t2=1 t3p=0 t3h=0 t4=0 t4s2=0 | R13=0 R134=0 R134s2=0 RT=1 RT4=1 RT4s2=1 | t4min 0
X k4_certs_4_pure.json.gz#123 7,140,99,44 [[7], [2, 8], [4, 5], [3, 6]] def 1 k 3 | t1=0 t2=1 t3p=0 t3h=0 t4=0 t4s2=0 | R13=0 R134=0 R134s2=0 RT=1 RT4=1 RT4s2=1 | t4min 0
X k4_certs_4_pure.json.gz#123 7,140,100,44 [[7], [2, 8], [4, 5], [3, 6]] def 1 k 3 | t1=0 t2=1 t3p=0 t3h=0 t4=0 t4s2=0 | R13=0 R134=0 R134s2=0 RT=1 RT4=1 RT4s2=1 | t4min 0
X k4_certs_4_pure.json.gz#123 7,140,104,44 [[7], [2, 8], [4, 5], [3, 6]] def 1 k 3 | t1=0 t2=1 t3p=0 t3h=0 t4=0 t4s2=0 | R13=0 R134=0 R134s2=0 RT=1 RT4=1 RT4s2=1 | t4min 0
X k4_certs_4_pure.json.gz#123 7,140,114,44 [[7], [2, 8], [4, 5], [3, 6]] def 1 k 3 | t1=0 t2=1 t3p=0 t3h=0 t4=0 t4s2=0 | R13=0 R134=0 R134s2=0 RT=1 RT4=1 RT4s2=1 | t4min 0
X k4_certs_4_pure.json.gz#123 7,140,128,44 [[7], [2, 8], [4, 5], [3, 6]] def 1 k 3 | t1=0 t2=1 t3p=0 t3h=0 t4=0 t4s2=0 | R13=0 R134=0 R134s2=0 RT=1 RT4=1 RT4s2=1 | t4min 0
X k4_certs_4_pure.json.gz#123 7,140,131,44 [[7], [2, 8], [4, 5], [3, 6]] def 1 k 3 | t1=0 t2=1 t3p=0 t3h=0 t4=0 t4s2=0 | R13=0 R134=0 R134s2=0 RT=1 RT4=1 RT4s2=1 | t4min 0
X k4_certs_4_pure.json.gz#123 7,140,134,44 [[7], [2, 8], [4, 5], [3, 6]] def 1 k 3 | t1=0 t2=1 t3p=0 t3h=0 t4=0 t4s2=0 | R13=0 R134=0 R134s2=0 RT=1 RT4=1 RT4s2=1 | t4min 0
X k4_certs_4_pure.json.gz#123 7,140,135,44 [[7], [2, 8], [4, 5], [3, 6]] def 1 k 3 | t1=0 t2=1 t3p=0 t3h=0 t4=0 t4s2=0 | R13=0 R134=0 R134s2=0 RT=1 RT4=1 RT4s2=1 | t4min 0
X k4_certs_4_pure.json.gz#123 7,140,152,44 [[7], [2, 8], [4, 5], [3, 6]] def 1 k 3 | t1=0 t2=1 t3p=0 t3h=0 t4=0 t4s2=0 | R13=0 R134=0 R134s2=0 RT=1 RT4=1 RT4s2=1 | t4min 0
X k4_certs_4_pure.json.gz#123 7,140,155,44 [[7], [2, 8], [4, 5], [3, 6]] def 1 k 3 | t1=0 t2=1 t3p=0 t3h=0 t4=0 t4s2=0 | R13=0 R134=0 R134s2=0 RT=1 RT4=1 RT4s2=1 | t4min 0
X k4_certs_4_pure.json.gz#123 7,140,160,44 [[7], [2, 8], [4, 5], [3, 6]] def 1 k 3 | t1=0 t2=1 t3p=0 t3h=0 t4=0 t4s2=0 | R13=0 R134=0 R134s2=0 RT=1 RT4=1 RT4s2=1 | t4min 0
X k4_certs_4_pure.json.gz#123 7,140,165,44 [[7], [2, 8], [4, 5], [3, 6]] def 1 k 3 | t1=0 t2=1 t3p=0 t3h=0 t4=0 t4s2=0 | R13=0 R134=0 R134s2=0 RT=1 RT4=1 RT4s2=1 | t4min 0
X k4_certs_4_pure.json.gz#123 7,140,174,44 [[7], [2, 8], [4, 5], [3, 6]] def 1 k 3 | t1=0 t2=1 t3p=0 t3h=0 t4=0 t4s2=0 | R13=0 R134=0 R134s2=0 RT=1 RT4=1 RT4s2=1 | t4min 0
X k4_certs_4_pure.json.gz#123 7,140,192,44 [[7], [2, 8], [4, 5], [3, 6]] def 1 k 3 | t1=0 t2=1 t3p=0 t3h=0 t4=0 t4s2=0 | R13=0 R134=0 R134s2=0 RT=1 RT4=1 RT4s2=1 | t4min 0
X k4_certs_4_pure.json.gz#123 7,140,193,44 [[7], [2, 8], [4, 5], [3, 6]] def 1 k 3 | t1=0 t2=1 t3p=0 t3h=0 t4=0 t4s2=0 | R13=0 R134=0 R134s2=0 RT=1 RT4=1 RT4s2=1 | t4min 0
X k4_certs_4_pure.json.gz#123 7,140,198,44 [[7], [2, 8], [4, 5], [3, 6]] def 1 k 3 | t1=0 t2=1 t3p=0 t3h=0 t4=0 t4s2=0 | R13=0 R134=0 R134s2=0 RT=1 RT4=1 RT4s2=1 | t4min 0
X k4_certs_4_pure.json.gz#123 7,140,201,44 [[7], [2, 8], [4, 5], [3, 6]] def 1 k 3 | t1=0 t2=1 t3p=0 t3h=0 t4=0 t4s2=0 | R13=0 R134=0 R134s2=0 RT=1 RT4=1 RT4s2=1 | t4min 0
X k4_certs_4_pure.json.gz#123 7,140,217,44 [[7], [2, 8], [4, 5], [3, 6]] def 1 k 3 | t1=0 t2=1 t3p=0 t3h=0 t4=0 t4s2=0 | R13=0 R134=0 R134s2=0 RT=1 RT4=1 RT4s2=1 | t4min 0
X k4_certs_4_pure.json.gz#123 7,140,222,44 [[7], [2, 8], [4, 5], [3, 6]] def 1 k 3 | t1=0 t2=1 t3p=0 t3h=0 t4=0 t4s2=0 | R13=0 R134=0 R134s2=0 RT=1 RT4=1 RT4s2=1 | t4min 0
X k4_certs_4_pure.json.gz#123 7,140,233,44 [[7], [2, 8], [4, 5], [3, 6]] def 1 k 3 | t1=0 t2=1 t3p=0 t3h=0 t4=0 t4s2=0 | R13=0 R134=0 R134s2=0 RT=1 RT4=1 RT4s2=1 | t4min 0
X k4_certs_4_pure.json.gz#123 7,140,234,44 [[7], [2, 8], [4, 5], [3, 6]] def 1 k 3 | t1=0 t2=1 t3p=0 t3h=0 t4=0 t4s2=0 | R13=0 R134=0 R134s2=0 RT=1 RT4=1 RT4s2=1 | t4min 0
X k4_certs_4_pure.json.gz#123 7,140,236,44 [[7], [2, 8], [4, 5], [3, 6]] def 1 k 3 | t1=0 t2=1 t3p=0 t3h=0 t4=0 t4s2=0 | R13=0 R134=0 R134s2=0 RT=1 RT4=1 RT4s2=1 | t4min 0
X k4_certs_4_pure.json.gz#123 7,140,237,44 [[7], [2, 8], [4, 5], [3, 6]] def 1 k 3 | t1=0 t2=1 t3p=0 t3h=0 t4=0 t4s2=0 | R13=0 R134=0 R134s2=0 RT=1 RT4=1 RT4s2=1 | t4min 0
X k4_certs_4_pure.json.gz#123 7,140,241,44 [[7], [2, 8], [4, 5], [3, 6]] def 1 k 3 | t1=0 t2=1 t3p=0 t3h=0 t4=0 t4s2=0 | R13=0 R134=0 R134s2=0 RT=1 RT4=1 RT4s2=1 | t4min 0
X k4_certs_4_pure.json.gz#123 7,140,242,44 [[7], [2, 8], [4, 5], [3, 6]] def 1 k 3 | t1=0 t2=1 t3p=0 t3h=0 t4=0 t4s2=0 | R13=0 R134=0 R134s2=0 RT=1 RT4=1 RT4s2=1 | t4min 0
X k4_certs_4_pure.json.gz#123 7,140,243,44 [[7], [2, 8], [4, 5], [3, 6]] def 1 k 3 | t1=0 t2=1 t3p=0 t3h=0 t4=0 t4s2=0 | R13=0 R134=0 R134s2=0 RT=1 RT4=1 RT4s2=1 | t4min 0
X k4_certs_4_pure.json.gz#123 7,140,245,44 [[7], [2, 8], [4, 5], [3, 6]] def 1 k 3 | t1=0 t2=1 t3p=0 t3h=0 t4=0 t4s2=0 | R13=0 R134=0 R134s2=0 RT=1 RT4=1 RT4s2=1 | t4min 0
X k4_certs_4_pure.json.gz#123 7,140,248,44 [[7], [2, 8], [4, 5], [3, 6]] def 1 k 3 | t1=0 t2=1 t3p=0 t3h=0 t4=0 t4s2=0 | R13=0 R134=0 R134s2=0 RT=1 RT4=1 RT4s2=1 | t4min 0
X k4_certs_4_pure.json.gz#123 7,140,249,44 [[7], [2, 8], [4, 5], [3, 6]] def 1 k 3 | t1=0 t2=1 t3p=0 t3h=0 t4=0 t4s2=0 | R13=0 R134=0 R134s2=0 RT=1 RT4=1 RT4s2=1 | t4min 0
X k4_certs_4_pure.json.gz#123 7,140,250,44 [[7], [2, 8], [4, 5], [3, 6]] def 1 k 3 | t1=0 t2=1 t3p=0 t3h=0 t4=0 t4s2=0 | R13=0 R134=0 R134s2=0 RT=1 RT4=1 RT4s2=1 | t4min 0
X k4_certs_4_pure.json.gz#123 7,140,252,44 [[7], [2, 8], [4, 5], [3, 6]] def 1 k 3 | t1=0 t2=1 t3p=0 t3h=0 t4=0 t4s2=0 | R13=0 R134=0 R134s2=0 RT=1 RT4=1 RT4s2=1 | t4min 0
X k4_certs_4_pure.json.gz#123 7,140,268,44 [[7], [2, 8], [4, 5], [3, 6]] def 1 k 3 | t1=0 t2=1 t3p=0 t3h=0 t4=0 t4s2=0 | R13=0 R134=0 R134s2=0 RT=1 RT4=1 RT4s2=1 | t4min 0
X k4_certs_4_pure.json.gz#123 7,140,269,44 [[7], [2, 8], [4, 5], [3, 6]] def 1 k 3 | t1=0 t2=1 t3p=0 t3h=0 t4=0 t4s2=0 | R13=0 R134=0 R134s2=0 RT=1 RT4=1 RT4s2=1 | t4min 0
X k4_certs_4_pure.json.gz#123 7,140,272,44 [[7], [2, 8], [4, 5], [3, 6]] def 1 k 3 | t1=0 t2=1 t3p=0 t3h=0 t4=0 t4s2=0 | R13=0 R134=0 R134s2=0 RT=1 RT4=1 RT4s2=1 | t4min 0
X k4_certs_4_pure.json.gz#123 7,140,273,44 [[7], [2, 8], [4, 5], [3, 6]] def 1 k 3 | t1=0 t2=1 t3p=0 t3h=0 t4=0 t4s2=0 | R13=0 R134=0 R134s2=0 RT=1 RT4=1 RT4s2=1 | t4min 0
X k4_certs_4_pure.json.gz#123 7,140,282,44 [[7], [2, 8], [4, 5], [3, 6]] def 1 k 3 | t1=0 t2=1 t3p=0 t3h=0 t4=0 t4s2=0 | R13=0 R134=0 R134s2=0 RT=1 RT4=1 RT4s2=1 | t4min 0
X k4_certs_4_pure.json.gz#123 7,140,284,44 [[7], [2, 8], [4, 5], [3, 6]] def 1 k 3 | t1=0 t2=1 t3p=0 t3h=0 t4=0 t4s2=0 | R13=0 R134=0 R134s2=0 RT=1 RT4=1 RT4s2=1 | t4min 0
X k4_certs_4_pure.json.gz#123 7,140,285,44 [[7], [2, 8], [4, 5], [3, 6]] def 1 k 3 | t1=0 t2=1 t3p=0 t3h=0 t4=0 t4s2=0 | R13=0 R134=0 R134s2=0 RT=1 RT4=1 RT4s2=1 | t4min 0
X k4_certs_4_pure.json.gz#123 7,140,286,44 [[7], [2, 8], [4, 5], [3, 6]] def 1 k 3 | t1=0 t2=1 t3p=0 t3h=0 t4=0 t4s2=0 | R13=0 R134=0 R134s2=0 RT=1 RT4=1 RT4s2=1 | t4min 0
X k4_certs_4_pure.json.gz#123 7,142,11,44 [[7], [2, 8], [4, 5], [3, 6]] def 1 k 3 | t1=0 t2=1 t3p=0 t3h=0 t4=0 t4s2=0 | R13=0 R134=0 R134s2=0 RT=1 RT4=1 RT4s2=1 | t4min 0
X k4_certs_4_pure.json.gz#123 7,142,13,44 [[7], [2, 8], [4, 5], [3, 6]] def 1 k 3 | t1=0 t2=1 t3p=0 t3h=0 t4=0 t4s2=0 | R13=0 R134=0 R134s2=0 RT=1 RT4=1 RT4s2=1 | t4min 0
X k4_certs_4_pure.json.gz#123 7,142,18,44 [[7], [2, 8], [4, 5], [3, 6]] def 1 k 3 | t1=0 t2=1 t3p=0 t3h=0 t4=0 t4s2=0 | R13=0 R134=0 R134s2=0 RT=1 RT4=1 RT4s2=1 | t4min 0
X k4_certs_4_pure.json.gz#123 7,142,25,44 [[7], [2, 8], [4, 5], [3, 6]] def 1 k 3 | t1=0 t2=1 t3p=0 t3h=0 t4=0 t4s2=0 | R13=0 R134=0 R134s2=0 RT=1 RT4=1 RT4s2=1 | t4min 0
X k4_certs_4_pure.json.gz#123 7,142,47,44 [[7], [2, 8], [4, 5], [3, 6]] def 1 k 3 | t1=0 t2=1 t3p=0 t3h=0 t4=0 t4s2=0 | R13=0 R134=0 R134s2=0 RT=1 RT4=1 RT4s2=1 | t4min 0
X k4_certs_4_pure.json.gz#123 7,142,50,44 [[7], [2, 8], [4, 5], [3, 6]] def 1 k 3 | t1=0 t2=1 t3p=0 t3h=0 t4=0 t4s2=0 | R13=0 R134=0 R134s2=0 RT=1 RT4=1 RT4s2=1 | t4min 0
X k4_certs_4_pure.json.gz#123 7,142,55,44 [[7], [2, 8], [4, 5], [3, 6]] def 1 k 3 | t1=0 t2=1 t3p=0 t3h=0 t4=0 t4s2=0 | R13=0 R134=0 R134s2=0 RT=1 RT4=1 RT4s2=1 | t4min 0
X k4_certs_4_pure.json.gz#123 7,142,67,44 [[7], [2, 8], [4, 5], [3, 6]] def 1 k 3 | t1=0 t2=1 t3p=0 t3h=0 t4=0 t4s2=0 | R13=0 R134=0 R134s2=0 RT=1 RT4=1 RT4s2=1 | t4min 0
X k4_certs_4_pure.json.gz#123 7,142,82,44 [[7], [2, 8], [4, 5], [3, 6]] def 1 k 3 | t1=0 t2=1 t3p=0 t3h=0 t4=0 t4s2=0 | R13=0 R134=0 R134s2=0 RT=1 RT4=1 RT4s2=1 | t4min 0
X k4_certs_4_pure.json.gz#123 7,142,89,44 [[7], [2, 8], [4, 5], [3, 6]] def 1 k 3 | t1=0 t2=1 t3p=0 t3h=0 t4=0 t4s2=0 | R13=0 R134=0 R134s2=0 RT=1 RT4=1 RT4s2=1 | t4min 0
X k4_certs_4_pure.json.gz#123 7,142,92,44 [[7], [2, 8], [4, 5], [3, 6]] def 1 k 3 | t1=0 t2=1 t3p=0 t3h=0 t4=0 t4s2=0 | R13=0 R134=0 R134s2=0 RT=1 RT4=1 RT4s2=1 | t4min 0
X k4_certs_4_pure.json.gz#123 7,142,95,44 [[7], [2, 8], [4, 5], [3, 6]] def 1 k 3 | t1=0 t2=1 t3p=0 t3h=0 t4=0 t4s2=0 | R13=0 R134=0 R134s2=0 RT=1 RT4=1 RT4s2=1 | t4min 0
X k4_certs_4_pure.json.gz#123 7,142,99,44 [[7], [2, 8], [4, 5], [3, 6]] def 1 k 3 | t1=0 t2=1 t3p=0 t3h=0 t4=0 t4s2=0 | R13=0 R134=0 R134s2=0 RT=1 RT4=1 RT4s2=1 | t4min 0
X k4_certs_4_pure.json.gz#123 7,142,100,44 [[7], [2, 8], [4, 5], [3, 6]] def 1 k 3 | t1=0 t2=1 t3p=0 t3h=0 t4=0 t4s2=0 | R13=0 R134=0 R134s2=0 RT=1 RT4=1 RT4s2=1 | t4min 0
X k4_certs_4_pure.json.gz#123 7,142,104,44 [[7], [2, 8], [4, 5], [3, 6]] def 1 k 3 | t1=0 t2=1 t3p=0 t3h=0 t4=0 t4s2=0 | R13=0 R134=0 R134s2=0 RT=1 RT4=1 RT4s2=1 | t4min 0
X k4_certs_4_pure.json.gz#123 7,142,114,44 [[7], [2, 8], [4, 5], [3, 6]] def 1 k 3 | t1=0 t2=1 t3p=0 t3h=0 t4=0 t4s2=0 | R13=0 R134=0 R134s2=0 RT=1 RT4=1 RT4s2=1 | t4min 0
X k4_certs_4_pure.json.gz#123 7,142,128,44 [[7], [2, 8], [4, 5], [3, 6]] def 1 k 3 | t1=0 t2=1 t3p=0 t3h=0 t4=0 t4s2=0 | R13=0 R134=0 R134s2=0 RT=1 RT4=1 RT4s2=1 | t4min 0
X k4_certs_4_pure.json.gz#123 7,142,131,44 [[7], [2, 8], [4, 5], [3, 6]] def 1 k 3 | t1=0 t2=1 t3p=0 t3h=0 t4=0 t4s2=0 | R13=0 R134=0 R134s2=0 RT=1 RT4=1 RT4s2=1 | t4min 0
X k4_certs_4_pure.json.gz#123 7,142,134,44 [[7], [2, 8], [4, 5], [3, 6]] def 1 k 3 | t1=0 t2=1 t3p=0 t3h=0 t4=0 t4s2=0 | R13=0 R134=0 R134s2=0 RT=1 RT4=1 RT4s2=1 | t4min 0
X k4_certs_4_pure.json.gz#123 7,142,135,44 [[7], [2, 8], [4, 5], [3, 6]] def 1 k 3 | t1=0 t2=1 t3p=0 t3h=0 t4=0 t4s2=0 | R13=0 R134=0 R134s2=0 RT=1 RT4=1 RT4s2=1 | t4min 0
X k4_certs_4_pure.json.gz#123 7,142,152,44 [[7], [2, 8], [4, 5], [3, 6]] def 1 k 3 | t1=0 t2=1 t3p=0 t3h=0 t4=0 t4s2=0 | R13=0 R134=0 R134s2=0 RT=1 RT4=1 RT4s2=1 | t4min 0
X k4_certs_4_pure.json.gz#123 7,142,155,44 [[7], [2, 8], [4, 5], [3, 6]] def 1 k 3 | t1=0 t2=1 t3p=0 t3h=0 t4=0 t4s2=0 | R13=0 R134=0 R134s2=0 RT=1 RT4=1 RT4s2=1 | t4min 0
X k4_certs_4_pure.json.gz#123 7,142,160,44 [[7], [2, 8], [4, 5], [3, 6]] def 1 k 3 | t1=0 t2=1 t3p=0 t3h=0 t4=0 t4s2=0 | R13=0 R134=0 R134s2=0 RT=1 RT4=1 RT4s2=1 | t4min 0
X k4_certs_4_pure.json.gz#123 7,142,165,44 [[7], [2, 8], [4, 5], [3, 6]] def 1 k 3 | t1=0 t2=1 t3p=0 t3h=0 t4=0 t4s2=0 | R13=0 R134=0 R134s2=0 RT=1 RT4=1 RT4s2=1 | t4min 0
X k4_certs_4_pure.json.gz#123 7,142,174,44 [[7], [2, 8], [4, 5], [3, 6]] def 1 k 3 | t1=0 t2=1 t3p=0 t3h=0 t4=0 t4s2=0 | R13=0 R134=0 R134s2=0 RT=1 RT4=1 RT4s2=1 | t4min 0
X k4_certs_4_pure.json.gz#123 7,142,192,44 [[7], [2, 8], [4, 5], [3, 6]] def 1 k 3 | t1=0 t2=1 t3p=0 t3h=0 t4=0 t4s2=0 | R13=0 R134=0 R134s2=0 RT=1 RT4=1 RT4s2=1 | t4min 0
X k4_certs_4_pure.json.gz#123 7,142,193,44 [[7], [2, 8], [4, 5], [3, 6]] def 1 k 3 | t1=0 t2=1 t3p=0 t3h=0 t4=0 t4s2=0 | R13=0 R134=0 R134s2=0 RT=1 RT4=1 RT4s2=1 | t4min 0
X k4_certs_4_pure.json.gz#123 7,142,198,44 [[7], [2, 8], [4, 5], [3, 6]] def 1 k 3 | t1=0 t2=1 t3p=0 t3h=0 t4=0 t4s2=0 | R13=0 R134=0 R134s2=0 RT=1 RT4=1 RT4s2=1 | t4min 0
X k4_certs_4_pure.json.gz#123 7,142,201,44 [[7], [2, 8], [4, 5], [3, 6]] def 1 k 3 | t1=0 t2=1 t3p=0 t3h=0 t4=0 t4s2=0 | R13=0 R134=0 R134s2=0 RT=1 RT4=1 RT4s2=1 | t4min 0
X k4_certs_4_pure.json.gz#123 7,142,217,44 [[7], [2, 8], [4, 5], [3, 6]] def 1 k 3 | t1=0 t2=1 t3p=0 t3h=0 t4=0 t4s2=0 | R13=0 R134=0 R134s2=0 RT=1 RT4=1 RT4s2=1 | t4min 0
X k4_certs_4_pure.json.gz#123 7,142,222,44 [[7], [2, 8], [4, 5], [3, 6]] def 1 k 3 | t1=0 t2=1 t3p=0 t3h=0 t4=0 t4s2=0 | R13=0 R134=0 R134s2=0 RT=1 RT4=1 RT4s2=1 | t4min 0
X k4_certs_4_pure.json.gz#123 7,142,233,44 [[7], [2, 8], [4, 5], [3, 6]] def 1 k 3 | t1=0 t2=1 t3p=0 t3h=0 t4=0 t4s2=0 | R13=0 R134=0 R134s2=0 RT=1 RT4=1 RT4s2=1 | t4min 0
X k4_certs_4_pure.json.gz#123 7,142,234,44 [[7], [2, 8], [4, 5], [3, 6]] def 1 k 3 | t1=0 t2=1 t3p=0 t3h=0 t4=0 t4s2=0 | R13=0 R134=0 R134s2=0 RT=1 RT4=1 RT4s2=1 | t4min 0
X k4_certs_4_pure.json.gz#123 7,142,236,44 [[7], [2, 8], [4, 5], [3, 6]] def 1 k 3 | t1=0 t2=1 t3p=0 t3h=0 t4=0 t4s2=0 | R13=0 R134=0 R134s2=0 RT=1 RT4=1 RT4s2=1 | t4min 0
X k4_certs_4_pure.json.gz#123 7,142,237,44 [[7], [2, 8], [4, 5], [3, 6]] def 1 k 3 | t1=0 t2=1 t3p=0 t3h=0 t4=0 t4s2=0 | R13=0 R134=0 R134s2=0 RT=1 RT4=1 RT4s2=1 | t4min 0
X k4_certs_4_pure.json.gz#123 7,142,241,44 [[7], [2, 8], [4, 5], [3, 6]] def 1 k 3 | t1=0 t2=1 t3p=0 t3h=0 t4=0 t4s2=0 | R13=0 R134=0 R134s2=0 RT=1 RT4=1 RT4s2=1 | t4min 0
X k4_certs_4_pure.json.gz#123 7,142,242,44 [[7], [2, 8], [4, 5], [3, 6]] def 1 k 3 | t1=0 t2=1 t3p=0 t3h=0 t4=0 t4s2=0 | R13=0 R134=0 R134s2=0 RT=1 RT4=1 RT4s2=1 | t4min 0
X k4_certs_4_pure.json.gz#123 7,142,243,44 [[7], [2, 8], [4, 5], [3, 6]] def 1 k 3 | t1=0 t2=1 t3p=0 t3h=0 t4=0 t4s2=0 | R13=0 R134=0 R134s2=0 RT=1 RT4=1 RT4s2=1 | t4min 0
X k4_certs_4_pure.json.gz#123 7,142,245,44 [[7], [2, 8], [4, 5], [3, 6]] def 1 k 3 | t1=0 t2=1 t3p=0 t3h=0 t4=0 t4s2=0 | R13=0 R134=0 R134s2=0 RT=1 RT4=1 RT4s2=1 | t4min 0
X k4_certs_4_pure.json.gz#123 7,142,248,44 [[7], [2, 8], [4, 5], [3, 6]] def 1 k 3 | t1=0 t2=1 t3p=0 t3h=0 t4=0 t4s2=0 | R13=0 R134=0 R134s2=0 RT=1 RT4=1 RT4s2=1 | t4min 0
X k4_certs_4_pure.json.gz#123 7,142,249,44 [[7], [2, 8], [4, 5], [3, 6]] def 1 k 3 | t1=0 t2=1 t3p=0 t3h=0 t4=0 t4s2=0 | R13=0 R134=0 R134s2=0 RT=1 RT4=1 RT4s2=1 | t4min 0
X k4_certs_4_pure.json.gz#123 7,142,250,44 [[7], [2, 8], [4, 5], [3, 6]] def 1 k 3 | t1=0 t2=1 t3p=0 t3h=0 t4=0 t4s2=0 | R13=0 R134=0 R134s2=0 RT=1 RT4=1 RT4s2=1 | t4min 0
X k4_certs_4_pure.json.gz#123 7,142,252,44 [[7], [2, 8], [4, 5], [3, 6]] def 1 k 3 | t1=0 t2=1 t3p=0 t3h=0 t4=0 t4s2=0 | R13=0 R134=0 R134s2=0 RT=1 RT4=1 RT4s2=1 | t4min 0
X k4_certs_4_pure.json.gz#123 7,142,268,44 [[7], [2, 8], [4, 5], [3, 6]] def 1 k 3 | t1=0 t2=1 t3p=0 t3h=0 t4=0 t4s2=0 | R13=0 R134=0 R134s2=0 RT=1 RT4=1 RT4s2=1 | t4min 0
X k4_certs_4_pure.json.gz#123 7,142,269,44 [[7], [2, 8], [4, 5], [3, 6]] def 1 k 3 | t1=0 t2=1 t3p=0 t3h=0 t4=0 t4s2=0 | R13=0 R134=0 R134s2=0 RT=1 RT4=1 RT4s2=1 | t4min 0
X k4_certs_4_pure.json.gz#123 7,142,272,44 [[7], [2, 8], [4, 5], [3, 6]] def 1 k 3 | t1=0 t2=1 t3p=0 t3h=0 t4=0 t4s2=0 | R13=0 R134=0 R134s2=0 RT=1 RT4=1 RT4s2=1 | t4min 0
X k4_certs_4_pure.json.gz#123 7,142,273,44 [[7], [2, 8], [4, 5], [3, 6]] def 1 k 3 | t1=0 t2=1 t3p=0 t3h=0 t4=0 t4s2=0 | R13=0 R134=0 R134s2=0 RT=1 RT4=1 RT4s2=1 | t4min 0
X k4_certs_4_pure.json.gz#123 7,142,282,44 [[7], [2, 8], [4, 5], [3, 6]] def 1 k 3 | t1=0 t2=1 t3p=0 t3h=0 t4=0 t4s2=0 | R13=0 R134=0 R134s2=0 RT=1 RT4=1 RT4s2=1 | t4min 0
X k4_certs_4_pure.json.gz#123 7,142,284,44 [[7], [2, 8], [4, 5], [3, 6]] def 1 k 3 | t1=0 t2=1 t3p=0 t3h=0 t4=0 t4s2=0 | R13=0 R134=0 R134s2=0 RT=1 RT4=1 RT4s2=1 | t4min 0
X k4_certs_4_pure.json.gz#123 7,142,285,44 [[7], [2, 8], [4, 5], [3, 6]] def 1 k 3 | t1=0 t2=1 t3p=0 t3h=0 t4=0 t4s2=0 | R13=0 R134=0 R134s2=0 RT=1 RT4=1 RT4s2=1 | t4min 0
X k4_certs_4_pure.json.gz#123 7,142,286,44 [[7], [2, 8], [4, 5], [3, 6]] def 1 k 3 | t1=0 t2=1 t3p=0 t3h=0 t4=0 t4s2=0 | R13=0 R134=0 R134s2=0 RT=1 RT4=1 RT4s2=1 | t4min 0
X k4_certs_4_pure.json.gz#123 7,143,11,44 [[7], [2, 8], [4, 5], [3, 6]] def 1 k 3 | t1=0 t2=1 t3p=0 t3h=0 t4=0 t4s2=0 | R13=0 R134=0 R134s2=0 RT=1 RT4=1 RT4s2=1 | t4min 0
X k4_certs_4_pure.json.gz#123 7,143,13,44 [[7], [2, 8], [4, 5], [3, 6]] def 1 k 3 | t1=0 t2=1 t3p=0 t3h=0 t4=0 t4s2=0 | R13=0 R134=0 R134s2=0 RT=1 RT4=1 RT4s2=1 | t4min 0
X k4_certs_4_pure.json.gz#123 7,143,18,44 [[7], [2, 8], [4, 5], [3, 6]] def 1 k 3 | t1=0 t2=1 t3p=0 t3h=0 t4=0 t4s2=0 | R13=0 R134=0 R134s2=0 RT=1 RT4=1 RT4s2=1 | t4min 0
X k4_certs_4_pure.json.gz#123 7,143,25,44 [[7], [2, 8], [4, 5], [3, 6]] def 1 k 3 | t1=0 t2=1 t3p=0 t3h=0 t4=0 t4s2=0 | R13=0 R134=0 R134s2=0 RT=1 RT4=1 RT4s2=1 | t4min 0
X k4_certs_4_pure.json.gz#123 7,143,47,44 [[7], [2, 8], [4, 5], [3, 6]] def 1 k 3 | t1=0 t2=1 t3p=0 t3h=0 t4=0 t4s2=0 | R13=0 R134=0 R134s2=0 RT=1 RT4=1 RT4s2=1 | t4min 0
X k4_certs_4_pure.json.gz#123 7,143,50,44 [[7], [2, 8], [4, 5], [3, 6]] def 1 k 3 | t1=0 t2=1 t3p=0 t3h=0 t4=0 t4s2=0 | R13=0 R134=0 R134s2=0 RT=1 RT4=1 RT4s2=1 | t4min 0
X k4_certs_4_pure.json.gz#123 7,143,55,44 [[7], [2, 8], [4, 5], [3, 6]] def 1 k 3 | t1=0 t2=1 t3p=0 t3h=0 t4=0 t4s2=0 | R13=0 R134=0 R134s2=0 RT=1 RT4=1 RT4s2=1 | t4min 0
X k4_certs_4_pure.json.gz#123 7,143,67,44 [[7], [2, 8], [4, 5], [3, 6]] def 1 k 3 | t1=0 t2=1 t3p=0 t3h=0 t4=0 t4s2=0 | R13=0 R134=0 R134s2=0 RT=1 RT4=1 RT4s2=1 | t4min 0
X k4_certs_4_pure.json.gz#123 7,143,82,44 [[7], [2, 8], [4, 5], [3, 6]] def 1 k 3 | t1=0 t2=1 t3p=0 t3h=0 t4=0 t4s2=0 | R13=0 R134=0 R134s2=0 RT=1 RT4=1 RT4s2=1 | t4min 0
X k4_certs_4_pure.json.gz#123 7,143,89,44 [[7], [2, 8], [4, 5], [3, 6]] def 1 k 3 | t1=0 t2=1 t3p=0 t3h=0 t4=0 t4s2=0 | R13=0 R134=0 R134s2=0 RT=1 RT4=1 RT4s2=1 | t4min 0
X k4_certs_4_pure.json.gz#123 7,143,92,44 [[7], [2, 8], [4, 5], [3, 6]] def 1 k 3 | t1=0 t2=1 t3p=0 t3h=0 t4=0 t4s2=0 | R13=0 R134=0 R134s2=0 RT=1 RT4=1 RT4s2=1 | t4min 0
X k4_certs_4_pure.json.gz#123 7,143,95,44 [[7], [2, 8], [4, 5], [3, 6]] def 1 k 3 | t1=0 t2=1 t3p=0 t3h=0 t4=0 t4s2=0 | R13=0 R134=0 R134s2=0 RT=1 RT4=1 RT4s2=1 | t4min 0
X k4_certs_4_pure.json.gz#123 7,143,99,44 [[7], [2, 8], [4, 5], [3, 6]] def 1 k 3 | t1=0 t2=1 t3p=0 t3h=0 t4=0 t4s2=0 | R13=0 R134=0 R134s2=0 RT=1 RT4=1 RT4s2=1 | t4min 0
X k4_certs_4_pure.json.gz#123 7,143,100,44 [[7], [2, 8], [4, 5], [3, 6]] def 1 k 3 | t1=0 t2=1 t3p=0 t3h=0 t4=0 t4s2=0 | R13=0 R134=0 R134s2=0 RT=1 RT4=1 RT4s2=1 | t4min 0
X k4_certs_4_pure.json.gz#123 7,143,104,44 [[7], [2, 8], [4, 5], [3, 6]] def 1 k 3 | t1=0 t2=1 t3p=0 t3h=0 t4=0 t4s2=0 | R13=0 R134=0 R134s2=0 RT=1 RT4=1 RT4s2=1 | t4min 0
X k4_certs_4_pure.json.gz#123 7,143,114,44 [[7], [2, 8], [4, 5], [3, 6]] def 1 k 3 | t1=0 t2=1 t3p=0 t3h=0 t4=0 t4s2=0 | R13=0 R134=0 R134s2=0 RT=1 RT4=1 RT4s2=1 | t4min 0
X k4_certs_4_pure.json.gz#123 7,143,128,44 [[7], [2, 8], [4, 5], [3, 6]] def 1 k 3 | t1=0 t2=1 t3p=0 t3h=0 t4=0 t4s2=0 | R13=0 R134=0 R134s2=0 RT=1 RT4=1 RT4s2=1 | t4min 0
X k4_certs_4_pure.json.gz#123 7,143,131,44 [[7], [2, 8], [4, 5], [3, 6]] def 1 k 3 | t1=0 t2=1 t3p=0 t3h=0 t4=0 t4s2=0 | R13=0 R134=0 R134s2=0 RT=1 RT4=1 RT4s2=1 | t4min 0
X k4_certs_4_pure.json.gz#123 7,143,134,44 [[7], [2, 8], [4, 5], [3, 6]] def 1 k 3 | t1=0 t2=1 t3p=0 t3h=0 t4=0 t4s2=0 | R13=0 R134=0 R134s2=0 RT=1 RT4=1 RT4s2=1 | t4min 0
X k4_certs_4_pure.json.gz#123 7,143,135,44 [[7], [2, 8], [4, 5], [3, 6]] def 1 k 3 | t1=0 t2=1 t3p=0 t3h=0 t4=0 t4s2=0 | R13=0 R134=0 R134s2=0 RT=1 RT4=1 RT4s2=1 | t4min 0
X k4_certs_4_pure.json.gz#123 7,143,152,44 [[7], [2, 8], [4, 5], [3, 6]] def 1 k 3 | t1=0 t2=1 t3p=0 t3h=0 t4=0 t4s2=0 | R13=0 R134=0 R134s2=0 RT=1 RT4=1 RT4s2=1 | t4min 0
X k4_certs_4_pure.json.gz#123 7,143,155,44 [[7], [2, 8], [4, 5], [3, 6]] def 1 k 3 | t1=0 t2=1 t3p=0 t3h=0 t4=0 t4s2=0 | R13=0 R134=0 R134s2=0 RT=1 RT4=1 RT4s2=1 | t4min 0
X k4_certs_4_pure.json.gz#123 7,143,160,44 [[7], [2, 8], [4, 5], [3, 6]] def 1 k 3 | t1=0 t2=1 t3p=0 t3h=0 t4=0 t4s2=0 | R13=0 R134=0 R134s2=0 RT=1 RT4=1 RT4s2=1 | t4min 0
X k4_certs_4_pure.json.gz#123 7,143,165,44 [[7], [2, 8], [4, 5], [3, 6]] def 1 k 3 | t1=0 t2=1 t3p=0 t3h=0 t4=0 t4s2=0 | R13=0 R134=0 R134s2=0 RT=1 RT4=1 RT4s2=1 | t4min 0
X k4_certs_4_pure.json.gz#123 7,143,174,44 [[7], [2, 8], [4, 5], [3, 6]] def 1 k 3 | t1=0 t2=1 t3p=0 t3h=0 t4=0 t4s2=0 | R13=0 R134=0 R134s2=0 RT=1 RT4=1 RT4s2=1 | t4min 0
X k4_certs_4_pure.json.gz#123 7,143,192,44 [[7], [2, 8], [4, 5], [3, 6]] def 1 k 3 | t1=0 t2=1 t3p=0 t3h=0 t4=0 t4s2=0 | R13=0 R134=0 R134s2=0 RT=1 RT4=1 RT4s2=1 | t4min 0
X k4_certs_4_pure.json.gz#123 7,143,193,44 [[7], [2, 8], [4, 5], [3, 6]] def 1 k 3 | t1=0 t2=1 t3p=0 t3h=0 t4=0 t4s2=0 | R13=0 R134=0 R134s2=0 RT=1 RT4=1 RT4s2=1 | t4min 0
X k4_certs_4_pure.json.gz#123 7,143,198,44 [[7], [2, 8], [4, 5], [3, 6]] def 1 k 3 | t1=0 t2=1 t3p=0 t3h=0 t4=0 t4s2=0 | R13=0 R134=0 R134s2=0 RT=1 RT4=1 RT4s2=1 | t4min 0
X k4_certs_4_pure.json.gz#123 7,143,201,44 [[7], [2, 8], [4, 5], [3, 6]] def 1 k 3 | t1=0 t2=1 t3p=0 t3h=0 t4=0 t4s2=0 | R13=0 R134=0 R134s2=0 RT=1 RT4=1 RT4s2=1 | t4min 0
X k4_certs_4_pure.json.gz#123 7,143,217,44 [[7], [2, 8], [4, 5], [3, 6]] def 1 k 3 | t1=0 t2=1 t3p=0 t3h=0 t4=0 t4s2=0 | R13=0 R134=0 R134s2=0 RT=1 RT4=1 RT4s2=1 | t4min 0
X k4_certs_4_pure.json.gz#123 7,143,222,44 [[7], [2, 8], [4, 5], [3, 6]] def 1 k 3 | t1=0 t2=1 t3p=0 t3h=0 t4=0 t4s2=0 | R13=0 R134=0 R134s2=0 RT=1 RT4=1 RT4s2=1 | t4min 0
X k4_certs_4_pure.json.gz#123 7,143,233,44 [[7], [2, 8], [4, 5], [3, 6]] def 1 k 3 | t1=0 t2=1 t3p=0 t3h=0 t4=0 t4s2=0 | R13=0 R134=0 R134s2=0 RT=1 RT4=1 RT4s2=1 | t4min 0
X k4_certs_4_pure.json.gz#123 7,143,234,44 [[7], [2, 8], [4, 5], [3, 6]] def 1 k 3 | t1=0 t2=1 t3p=0 t3h=0 t4=0 t4s2=0 | R13=0 R134=0 R134s2=0 RT=1 RT4=1 RT4s2=1 | t4min 0
X k4_certs_4_pure.json.gz#123 7,143,236,44 [[7], [2, 8], [4, 5], [3, 6]] def 1 k 3 | t1=0 t2=1 t3p=0 t3h=0 t4=0 t4s2=0 | R13=0 R134=0 R134s2=0 RT=1 RT4=1 RT4s2=1 | t4min 0
X k4_certs_4_pure.json.gz#123 7,143,237,44 [[7], [2, 8], [4, 5], [3, 6]] def 1 k 3 | t1=0 t2=1 t3p=0 t3h=0 t4=0 t4s2=0 | R13=0 R134=0 R134s2=0 RT=1 RT4=1 RT4s2=1 | t4min 0
X k4_certs_4_pure.json.gz#123 7,143,241,44 [[7], [2, 8], [4, 5], [3, 6]] def 1 k 3 | t1=0 t2=1 t3p=0 t3h=0 t4=0 t4s2=0 | R13=0 R134=0 R134s2=0 RT=1 RT4=1 RT4s2=1 | t4min 0
X k4_certs_4_pure.json.gz#123 7,143,242,44 [[7], [2, 8], [4, 5], [3, 6]] def 1 k 3 | t1=0 t2=1 t3p=0 t3h=0 t4=0 t4s2=0 | R13=0 R134=0 R134s2=0 RT=1 RT4=1 RT4s2=1 | t4min 0
X k4_certs_4_pure.json.gz#123 7,143,243,44 [[7], [2, 8], [4, 5], [3, 6]] def 1 k 3 | t1=0 t2=1 t3p=0 t3h=0 t4=0 t4s2=0 | R13=0 R134=0 R134s2=0 RT=1 RT4=1 RT4s2=1 | t4min 0
X k4_certs_4_pure.json.gz#123 7,143,245,44 [[7], [2, 8], [4, 5], [3, 6]] def 1 k 3 | t1=0 t2=1 t3p=0 t3h=0 t4=0 t4s2=0 | R13=0 R134=0 R134s2=0 RT=1 RT4=1 RT4s2=1 | t4min 0
X k4_certs_4_pure.json.gz#123 7,143,248,44 [[7], [2, 8], [4, 5], [3, 6]] def 1 k 3 | t1=0 t2=1 t3p=0 t3h=0 t4=0 t4s2=0 | R13=0 R134=0 R134s2=0 RT=1 RT4=1 RT4s2=1 | t4min 0
X k4_certs_4_pure.json.gz#123 7,143,249,44 [[7], [2, 8], [4, 5], [3, 6]] def 1 k 3 | t1=0 t2=1 t3p=0 t3h=0 t4=0 t4s2=0 | R13=0 R134=0 R134s2=0 RT=1 RT4=1 RT4s2=1 | t4min 0
X k4_certs_4_pure.json.gz#123 7,143,250,44 [[7], [2, 8], [4, 5], [3, 6]] def 1 k 3 | t1=0 t2=1 t3p=0 t3h=0 t4=0 t4s2=0 | R13=0 R134=0 R134s2=0 RT=1 RT4=1 RT4s2=1 | t4min 0
X k4_certs_4_pure.json.gz#123 7,143,252,44 [[7], [2, 8], [4, 5], [3, 6]] def 1 k 3 | t1=0 t2=1 t3p=0 t3h=0 t4=0 t4s2=0 | R13=0 R134=0 R134s2=0 RT=1 RT4=1 RT4s2=1 | t4min 0
X k4_certs_4_pure.json.gz#123 7,143,268,44 [[7], [2, 8], [4, 5], [3, 6]] def 1 k 3 | t1=0 t2=1 t3p=0 t3h=0 t4=0 t4s2=0 | R13=0 R134=0 R134s2=0 RT=1 RT4=1 RT4s2=1 | t4min 0
X k4_certs_4_pure.json.gz#123 7,143,269,44 [[7], [2, 8], [4, 5], [3, 6]] def 1 k 3 | t1=0 t2=1 t3p=0 t3h=0 t4=0 t4s2=0 | R13=0 R134=0 R134s2=0 RT=1 RT4=1 RT4s2=1 | t4min 0
X k4_certs_4_pure.json.gz#123 7,143,272,44 [[7], [2, 8], [4, 5], [3, 6]] def 1 k 3 | t1=0 t2=1 t3p=0 t3h=0 t4=0 t4s2=0 | R13=0 R134=0 R134s2=0 RT=1 RT4=1 RT4s2=1 | t4min 0
X k4_certs_4_pure.json.gz#123 7,143,273,44 [[7], [2, 8], [4, 5], [3, 6]] def 1 k 3 | t1=0 t2=1 t3p=0 t3h=0 t4=0 t4s2=0 | R13=0 R134=0 R134s2=0 RT=1 RT4=1 RT4s2=1 | t4min 0
X k4_certs_4_pure.json.gz#123 7,143,282,44 [[7], [2, 8], [4, 5], [3, 6]] def 1 k 3 | t1=0 t2=1 t3p=0 t3h=0 t4=0 t4s2=0 | R13=0 R134=0 R134s2=0 RT=1 RT4=1 RT4s2=1 | t4min 0
X k4_certs_4_pure.json.gz#123 7,143,284,44 [[7], [2, 8], [4, 5], [3, 6]] def 1 k 3 | t1=0 t2=1 t3p=0 t3h=0 t4=0 t4s2=0 | R13=0 R134=0 R134s2=0 RT=1 RT4=1 RT4s2=1 | t4min 0
X k4_certs_4_pure.json.gz#123 7,143,285,44 [[7], [2, 8], [4, 5], [3, 6]] def 1 k 3 | t1=0 t2=1 t3p=0 t3h=0 t4=0 t4s2=0 | R13=0 R134=0 R134s2=0 RT=1 RT4=1 RT4s2=1 | t4min 0
X k4_certs_4_pure.json.gz#123 7,143,286,44 [[7], [2, 8], [4, 5], [3, 6]] def 1 k 3 | t1=0 t2=1 t3p=0 t3h=0 t4=0 t4s2=0 | R13=0 R134=0 R134s2=0 RT=1 RT4=1 RT4s2=1 | t4min 0
X k4_certs_4_pure.json.gz#123 7,154,11,44 [[7], [2, 8], [4, 5], [3, 6]] def 1 k 3 | t1=0 t2=1 t3p=0 t3h=0 t4=0 t4s2=0 | R13=0 R134=0 R134s2=0 RT=1 RT4=1 RT4s2=1 | t4min 0
X k4_certs_4_pure.json.gz#123 7,154,13,44 [[7], [2, 8], [4, 5], [3, 6]] def 1 k 3 | t1=0 t2=1 t3p=0 t3h=0 t4=0 t4s2=0 | R13=0 R134=0 R134s2=0 RT=1 RT4=1 RT4s2=1 | t4min 0
X k4_certs_4_pure.json.gz#123 7,154,18,44 [[7], [2, 8], [4, 5], [3, 6]] def 1 k 3 | t1=0 t2=1 t3p=0 t3h=0 t4=0 t4s2=0 | R13=0 R134=0 R134s2=0 RT=1 RT4=1 RT4s2=1 | t4min 0
X k4_certs_4_pure.json.gz#123 7,154,25,44 [[7], [2, 8], [4, 5], [3, 6]] def 1 k 3 | t1=0 t2=1 t3p=0 t3h=0 t4=0 t4s2=0 | R13=0 R134=0 R134s2=0 RT=1 RT4=1 RT4s2=1 | t4min 0
X k4_certs_4_pure.json.gz#123 7,154,47,44 [[7], [2, 8], [4, 5], [3, 6]] def 1 k 3 | t1=0 t2=1 t3p=0 t3h=0 t4=0 t4s2=0 | R13=0 R134=0 R134s2=0 RT=1 RT4=1 RT4s2=1 | t4min 0
X k4_certs_4_pure.json.gz#123 7,154,50,44 [[7], [2, 8], [4, 5], [3, 6]] def 1 k 3 | t1=0 t2=1 t3p=0 t3h=0 t4=0 t4s2=0 | R13=0 R134=0 R134s2=0 RT=1 RT4=1 RT4s2=1 | t4min 0
X k4_certs_4_pure.json.gz#123 7,154,55,44 [[7], [2, 8], [4, 5], [3, 6]] def 1 k 3 | t1=0 t2=1 t3p=0 t3h=0 t4=0 t4s2=0 | R13=0 R134=0 R134s2=0 RT=1 RT4=1 RT4s2=1 | t4min 0
X k4_certs_4_pure.json.gz#123 7,154,67,44 [[7], [2, 8], [4, 5], [3, 6]] def 1 k 3 | t1=0 t2=1 t3p=0 t3h=0 t4=0 t4s2=0 | R13=0 R134=0 R134s2=0 RT=1 RT4=1 RT4s2=1 | t4min 0
X k4_certs_4_pure.json.gz#123 7,154,82,44 [[7], [2, 8], [4, 5], [3, 6]] def 1 k 3 | t1=0 t2=1 t3p=0 t3h=0 t4=0 t4s2=0 | R13=0 R134=0 R134s2=0 RT=1 RT4=1 RT4s2=1 | t4min 0
X k4_certs_4_pure.json.gz#123 7,154,89,44 [[7], [2, 8], [4, 5], [3, 6]] def 1 k 3 | t1=0 t2=1 t3p=0 t3h=0 t4=0 t4s2=0 | R13=0 R134=0 R134s2=0 RT=1 RT4=1 RT4s2=1 | t4min 0
X k4_certs_4_pure.json.gz#123 7,154,92,44 [[7], [2, 8], [4, 5], [3, 6]] def 1 k 3 | t1=0 t2=1 t3p=0 t3h=0 t4=0 t4s2=0 | R13=0 R134=0 R134s2=0 RT=1 RT4=1 RT4s2=1 | t4min 0
X k4_certs_4_pure.json.gz#123 7,154,95,44 [[7], [2, 8], [4, 5], [3, 6]] def 1 k 3 | t1=0 t2=1 t3p=0 t3h=0 t4=0 t4s2=0 | R13=0 R134=0 R134s2=0 RT=1 RT4=1 RT4s2=1 | t4min 0
X k4_certs_4_pure.json.gz#123 7,154,99,44 [[7], [2, 8], [4, 5], [3, 6]] def 1 k 3 | t1=0 t2=1 t3p=0 t3h=0 t4=0 t4s2=0 | R13=0 R134=0 R134s2=0 RT=1 RT4=1 RT4s2=1 | t4min 0
X k4_certs_4_pure.json.gz#123 7,154,100,44 [[7], [2, 8], [4, 5], [3, 6]] def 1 k 3 | t1=0 t2=1 t3p=0 t3h=0 t4=0 t4s2=0 | R13=0 R134=0 R134s2=0 RT=1 RT4=1 RT4s2=1 | t4min 0
X k4_certs_4_pure.json.gz#123 7,154,104,44 [[7], [2, 8], [4, 5], [3, 6]] def 1 k 3 | t1=0 t2=1 t3p=0 t3h=0 t4=0 t4s2=0 | R13=0 R134=0 R134s2=0 RT=1 RT4=1 RT4s2=1 | t4min 0
X k4_certs_4_pure.json.gz#123 7,154,114,44 [[7], [2, 8], [4, 5], [3, 6]] def 1 k 3 | t1=0 t2=1 t3p=0 t3h=0 t4=0 t4s2=0 | R13=0 R134=0 R134s2=0 RT=1 RT4=1 RT4s2=1 | t4min 0
X k4_certs_4_pure.json.gz#123 7,154,128,44 [[7], [2, 8], [4, 5], [3, 6]] def 1 k 3 | t1=0 t2=1 t3p=0 t3h=0 t4=0 t4s2=0 | R13=0 R134=0 R134s2=0 RT=1 RT4=1 RT4s2=1 | t4min 0
X k4_certs_4_pure.json.gz#123 7,154,131,44 [[7], [2, 8], [4, 5], [3, 6]] def 1 k 3 | t1=0 t2=1 t3p=0 t3h=0 t4=0 t4s2=0 | R13=0 R134=0 R134s2=0 RT=1 RT4=1 RT4s2=1 | t4min 0
X k4_certs_4_pure.json.gz#123 7,154,134,44 [[7], [2, 8], [4, 5], [3, 6]] def 1 k 3 | t1=0 t2=1 t3p=0 t3h=0 t4=0 t4s2=0 | R13=0 R134=0 R134s2=0 RT=1 RT4=1 RT4s2=1 | t4min 0
X k4_certs_4_pure.json.gz#123 7,154,135,44 [[7], [2, 8], [4, 5], [3, 6]] def 1 k 3 | t1=0 t2=1 t3p=0 t3h=0 t4=0 t4s2=0 | R13=0 R134=0 R134s2=0 RT=1 RT4=1 RT4s2=1 | t4min 0
X k4_certs_4_pure.json.gz#123 7,154,152,44 [[7], [2, 8], [4, 5], [3, 6]] def 1 k 3 | t1=0 t2=1 t3p=0 t3h=0 t4=0 t4s2=0 | R13=0 R134=0 R134s2=0 RT=1 RT4=1 RT4s2=1 | t4min 0
X k4_certs_4_pure.json.gz#123 7,154,155,44 [[7], [2, 8], [4, 5], [3, 6]] def 1 k 3 | t1=0 t2=1 t3p=0 t3h=0 t4=0 t4s2=0 | R13=0 R134=0 R134s2=0 RT=1 RT4=1 RT4s2=1 | t4min 0
X k4_certs_4_pure.json.gz#123 7,154,160,44 [[7], [2, 8], [4, 5], [3, 6]] def 1 k 3 | t1=0 t2=1 t3p=0 t3h=0 t4=0 t4s2=0 | R13=0 R134=0 R134s2=0 RT=1 RT4=1 RT4s2=1 | t4min 0
X k4_certs_4_pure.json.gz#123 7,154,165,44 [[7], [2, 8], [4, 5], [3, 6]] def 1 k 3 | t1=0 t2=1 t3p=0 t3h=0 t4=0 t4s2=0 | R13=0 R134=0 R134s2=0 RT=1 RT4=1 RT4s2=1 | t4min 0
X k4_certs_4_pure.json.gz#123 7,154,174,44 [[7], [2, 8], [4, 5], [3, 6]] def 1 k 3 | t1=0 t2=1 t3p=0 t3h=0 t4=0 t4s2=0 | R13=0 R134=0 R134s2=0 RT=1 RT4=1 RT4s2=1 | t4min 0
X k4_certs_4_pure.json.gz#123 7,154,192,44 [[7], [2, 8], [4, 5], [3, 6]] def 1 k 3 | t1=0 t2=1 t3p=0 t3h=0 t4=0 t4s2=0 | R13=0 R134=0 R134s2=0 RT=1 RT4=1 RT4s2=1 | t4min 0
X k4_certs_4_pure.json.gz#123 7,154,193,44 [[7], [2, 8], [4, 5], [3, 6]] def 1 k 3 | t1=0 t2=1 t3p=0 t3h=0 t4=0 t4s2=0 | R13=0 R134=0 R134s2=0 RT=1 RT4=1 RT4s2=1 | t4min 0
X k4_certs_4_pure.json.gz#123 7,154,198,44 [[7], [2, 8], [4, 5], [3, 6]] def 1 k 3 | t1=0 t2=1 t3p=0 t3h=0 t4=0 t4s2=0 | R13=0 R134=0 R134s2=0 RT=1 RT4=1 RT4s2=1 | t4min 0
X k4_certs_4_pure.json.gz#123 7,154,201,44 [[7], [2, 8], [4, 5], [3, 6]] def 1 k 3 | t1=0 t2=1 t3p=0 t3h=0 t4=0 t4s2=0 | R13=0 R134=0 R134s2=0 RT=1 RT4=1 RT4s2=1 | t4min 0
X k4_certs_4_pure.json.gz#123 7,154,217,44 [[7], [2, 8], [4, 5], [3, 6]] def 1 k 3 | t1=0 t2=1 t3p=0 t3h=0 t4=0 t4s2=0 | R13=0 R134=0 R134s2=0 RT=1 RT4=1 RT4s2=1 | t4min 0
X k4_certs_4_pure.json.gz#123 7,154,222,44 [[7], [2, 8], [4, 5], [3, 6]] def 1 k 3 | t1=0 t2=1 t3p=0 t3h=0 t4=0 t4s2=0 | R13=0 R134=0 R134s2=0 RT=1 RT4=1 RT4s2=1 | t4min 0
X k4_certs_4_pure.json.gz#123 7,154,233,44 [[7], [2, 8], [4, 5], [3, 6]] def 1 k 3 | t1=0 t2=1 t3p=0 t3h=0 t4=0 t4s2=0 | R13=0 R134=0 R134s2=0 RT=1 RT4=1 RT4s2=1 | t4min 0
X k4_certs_4_pure.json.gz#123 7,154,234,44 [[7], [2, 8], [4, 5], [3, 6]] def 1 k 3 | t1=0 t2=1 t3p=0 t3h=0 t4=0 t4s2=0 | R13=0 R134=0 R134s2=0 RT=1 RT4=1 RT4s2=1 | t4min 0
X k4_certs_4_pure.json.gz#123 7,154,236,44 [[7], [2, 8], [4, 5], [3, 6]] def 1 k 3 | t1=0 t2=1 t3p=0 t3h=0 t4=0 t4s2=0 | R13=0 R134=0 R134s2=0 RT=1 RT4=1 RT4s2=1 | t4min 0
X k4_certs_4_pure.json.gz#123 7,154,237,44 [[7], [2, 8], [4, 5], [3, 6]] def 1 k 3 | t1=0 t2=1 t3p=0 t3h=0 t4=0 t4s2=0 | R13=0 R134=0 R134s2=0 RT=1 RT4=1 RT4s2=1 | t4min 0
X k4_certs_4_pure.json.gz#123 7,154,241,44 [[7], [2, 8], [4, 5], [3, 6]] def 1 k 3 | t1=0 t2=1 t3p=0 t3h=0 t4=0 t4s2=0 | R13=0 R134=0 R134s2=0 RT=1 RT4=1 RT4s2=1 | t4min 0
X k4_certs_4_pure.json.gz#123 7,154,242,44 [[7], [2, 8], [4, 5], [3, 6]] def 1 k 3 | t1=0 t2=1 t3p=0 t3h=0 t4=0 t4s2=0 | R13=0 R134=0 R134s2=0 RT=1 RT4=1 RT4s2=1 | t4min 0
X k4_certs_4_pure.json.gz#123 7,154,243,44 [[7], [2, 8], [4, 5], [3, 6]] def 1 k 3 | t1=0 t2=1 t3p=0 t3h=0 t4=0 t4s2=0 | R13=0 R134=0 R134s2=0 RT=1 RT4=1 RT4s2=1 | t4min 0
X k4_certs_4_pure.json.gz#123 7,154,245,44 [[7], [2, 8], [4, 5], [3, 6]] def 1 k 3 | t1=0 t2=1 t3p=0 t3h=0 t4=0 t4s2=0 | R13=0 R134=0 R134s2=0 RT=1 RT4=1 RT4s2=1 | t4min 0
X k4_certs_4_pure.json.gz#123 7,154,248,44 [[7], [2, 8], [4, 5], [3, 6]] def 1 k 3 | t1=0 t2=1 t3p=0 t3h=0 t4=0 t4s2=0 | R13=0 R134=0 R134s2=0 RT=1 RT4=1 RT4s2=1 | t4min 0
X k4_certs_4_pure.json.gz#123 7,154,249,44 [[7], [2, 8], [4, 5], [3, 6]] def 1 k 3 | t1=0 t2=1 t3p=0 t3h=0 t4=0 t4s2=0 | R13=0 R134=0 R134s2=0 RT=1 RT4=1 RT4s2=1 | t4min 0
X k4_certs_4_pure.json.gz#123 7,154,250,44 [[7], [2, 8], [4, 5], [3, 6]] def 1 k 3 | t1=0 t2=1 t3p=0 t3h=0 t4=0 t4s2=0 | R13=0 R134=0 R134s2=0 RT=1 RT4=1 RT4s2=1 | t4min 0
X k4_certs_4_pure.json.gz#123 7,154,252,44 [[7], [2, 8], [4, 5], [3, 6]] def 1 k 3 | t1=0 t2=1 t3p=0 t3h=0 t4=0 t4s2=0 | R13=0 R134=0 R134s2=0 RT=1 RT4=1 RT4s2=1 | t4min 0
X k4_certs_4_pure.json.gz#123 7,154,268,44 [[7], [2, 8], [4, 5], [3, 6]] def 1 k 3 | t1=0 t2=1 t3p=0 t3h=0 t4=0 t4s2=0 | R13=0 R134=0 R134s2=0 RT=1 RT4=1 RT4s2=1 | t4min 0
X k4_certs_4_pure.json.gz#123 7,154,269,44 [[7], [2, 8], [4, 5], [3, 6]] def 1 k 3 | t1=0 t2=1 t3p=0 t3h=0 t4=0 t4s2=0 | R13=0 R134=0 R134s2=0 RT=1 RT4=1 RT4s2=1 | t4min 0
X k4_certs_4_pure.json.gz#123 7,154,272,44 [[7], [2, 8], [4, 5], [3, 6]] def 1 k 3 | t1=0 t2=1 t3p=0 t3h=0 t4=0 t4s2=0 | R13=0 R134=0 R134s2=0 RT=1 RT4=1 RT4s2=1 | t4min 0
X k4_certs_4_pure.json.gz#123 7,154,273,44 [[7], [2, 8], [4, 5], [3, 6]] def 1 k 3 | t1=0 t2=1 t3p=0 t3h=0 t4=0 t4s2=0 | R13=0 R134=0 R134s2=0 RT=1 RT4=1 RT4s2=1 | t4min 0
X k4_certs_4_pure.json.gz#123 7,154,282,44 [[7], [2, 8], [4, 5], [3, 6]] def 1 k 3 | t1=0 t2=1 t3p=0 t3h=0 t4=0 t4s2=0 | R13=0 R134=0 R134s2=0 RT=1 RT4=1 RT4s2=1 | t4min 0
X k4_certs_4_pure.json.gz#123 7,154,284,44 [[7], [2, 8], [4, 5], [3, 6]] def 1 k 3 | t1=0 t2=1 t3p=0 t3h=0 t4=0 t4s2=0 | R13=0 R134=0 R134s2=0 RT=1 RT4=1 RT4s2=1 | t4min 0
X k4_certs_4_pure.json.gz#123 7,154,285,44 [[7], [2, 8], [4, 5], [3, 6]] def 1 k 3 | t1=0 t2=1 t3p=0 t3h=0 t4=0 t4s2=0 | R13=0 R134=0 R134s2=0 RT=1 RT4=1 RT4s2=1 | t4min 0
X k4_certs_4_pure.json.gz#123 7,154,286,44 [[7], [2, 8], [4, 5], [3, 6]] def 1 k 3 | t1=0 t2=1 t3p=0 t3h=0 t4=0 t4s2=0 | R13=0 R134=0 R134s2=0 RT=1 RT4=1 RT4s2=1 | t4min 0
X k4_certs_4_pure.json.gz#123 7,162,11,44 [[7], [2, 8], [4, 5], [3, 6]] def 1 k 3 | t1=0 t2=1 t3p=0 t3h=0 t4=0 t4s2=0 | R13=0 R134=0 R134s2=0 RT=1 RT4=1 RT4s2=1 | t4min 0
X k4_certs_4_pure.json.gz#123 7,162,13,44 [[7], [2, 8], [4, 5], [3, 6]] def 1 k 3 | t1=0 t2=1 t3p=0 t3h=0 t4=0 t4s2=0 | R13=0 R134=0 R134s2=0 RT=1 RT4=1 RT4s2=1 | t4min 0
X k4_certs_4_pure.json.gz#123 7,162,18,44 [[7], [2, 8], [4, 5], [3, 6]] def 1 k 3 | t1=0 t2=1 t3p=0 t3h=0 t4=0 t4s2=0 | R13=0 R134=0 R134s2=0 RT=1 RT4=1 RT4s2=1 | t4min 0
X k4_certs_4_pure.json.gz#123 7,162,25,44 [[7], [2, 8], [4, 5], [3, 6]] def 1 k 3 | t1=0 t2=1 t3p=0 t3h=0 t4=0 t4s2=0 | R13=0 R134=0 R134s2=0 RT=1 RT4=1 RT4s2=1 | t4min 0
X k4_certs_4_pure.json.gz#123 7,162,47,44 [[7], [2, 8], [4, 5], [3, 6]] def 1 k 3 | t1=0 t2=1 t3p=0 t3h=0 t4=0 t4s2=0 | R13=0 R134=0 R134s2=0 RT=1 RT4=1 RT4s2=1 | t4min 0
X k4_certs_4_pure.json.gz#123 7,162,50,44 [[7], [2, 8], [4, 5], [3, 6]] def 1 k 3 | t1=0 t2=1 t3p=0 t3h=0 t4=0 t4s2=0 | R13=0 R134=0 R134s2=0 RT=1 RT4=1 RT4s2=1 | t4min 0
X k4_certs_4_pure.json.gz#123 7,162,55,44 [[7], [2, 8], [4, 5], [3, 6]] def 1 k 3 | t1=0 t2=1 t3p=0 t3h=0 t4=0 t4s2=0 | R13=0 R134=0 R134s2=0 RT=1 RT4=1 RT4s2=1 | t4min 0
X k4_certs_4_pure.json.gz#123 7,162,67,44 [[7], [2, 8], [4, 5], [3, 6]] def 1 k 3 | t1=0 t2=1 t3p=0 t3h=0 t4=0 t4s2=0 | R13=0 R134=0 R134s2=0 RT=1 RT4=1 RT4s2=1 | t4min 0
X k4_certs_4_pure.json.gz#123 7,162,82,44 [[7], [2, 8], [4, 5], [3, 6]] def 1 k 3 | t1=0 t2=1 t3p=0 t3h=0 t4=0 t4s2=0 | R13=0 R134=0 R134s2=0 RT=1 RT4=1 RT4s2=1 | t4min 0
X k4_certs_4_pure.json.gz#123 7,162,89,44 [[7], [2, 8], [4, 5], [3, 6]] def 1 k 3 | t1=0 t2=1 t3p=0 t3h=0 t4=0 t4s2=0 | R13=0 R134=0 R134s2=0 RT=1 RT4=1 RT4s2=1 | t4min 0
X k4_certs_4_pure.json.gz#123 7,162,92,44 [[7], [2, 8], [4, 5], [3, 6]] def 1 k 3 | t1=0 t2=1 t3p=0 t3h=0 t4=0 t4s2=0 | R13=0 R134=0 R134s2=0 RT=1 RT4=1 RT4s2=1 | t4min 0
X k4_certs_4_pure.json.gz#123 7,162,95,44 [[7], [2, 8], [4, 5], [3, 6]] def 1 k 3 | t1=0 t2=1 t3p=0 t3h=0 t4=0 t4s2=0 | R13=0 R134=0 R134s2=0 RT=1 RT4=1 RT4s2=1 | t4min 0
X k4_certs_4_pure.json.gz#123 7,162,99,44 [[7], [2, 8], [4, 5], [3, 6]] def 1 k 3 | t1=0 t2=1 t3p=0 t3h=0 t4=0 t4s2=0 | R13=0 R134=0 R134s2=0 RT=1 RT4=1 RT4s2=1 | t4min 0
X k4_certs_4_pure.json.gz#123 7,162,100,44 [[7], [2, 8], [4, 5], [3, 6]] def 1 k 3 | t1=0 t2=1 t3p=0 t3h=0 t4=0 t4s2=0 | R13=0 R134=0 R134s2=0 RT=1 RT4=1 RT4s2=1 | t4min 0
X k4_certs_4_pure.json.gz#123 7,162,104,44 [[7], [2, 8], [4, 5], [3, 6]] def 1 k 3 | t1=0 t2=1 t3p=0 t3h=0 t4=0 t4s2=0 | R13=0 R134=0 R134s2=0 RT=1 RT4=1 RT4s2=1 | t4min 0
X k4_certs_4_pure.json.gz#123 7,162,114,44 [[7], [2, 8], [4, 5], [3, 6]] def 1 k 3 | t1=0 t2=1 t3p=0 t3h=0 t4=0 t4s2=0 | R13=0 R134=0 R134s2=0 RT=1 RT4=1 RT4s2=1 | t4min 0
X k4_certs_4_pure.json.gz#123 7,162,128,44 [[7], [2, 8], [4, 5], [3, 6]] def 1 k 3 | t1=0 t2=1 t3p=0 t3h=0 t4=0 t4s2=0 | R13=0 R134=0 R134s2=0 RT=1 RT4=1 RT4s2=1 | t4min 0
X k4_certs_4_pure.json.gz#123 7,162,131,44 [[7], [2, 8], [4, 5], [3, 6]] def 1 k 3 | t1=0 t2=1 t3p=0 t3h=0 t4=0 t4s2=0 | R13=0 R134=0 R134s2=0 RT=1 RT4=1 RT4s2=1 | t4min 0
X k4_certs_4_pure.json.gz#123 7,162,134,44 [[7], [2, 8], [4, 5], [3, 6]] def 1 k 3 | t1=0 t2=1 t3p=0 t3h=0 t4=0 t4s2=0 | R13=0 R134=0 R134s2=0 RT=1 RT4=1 RT4s2=1 | t4min 0
X k4_certs_4_pure.json.gz#123 7,162,135,44 [[7], [2, 8], [4, 5], [3, 6]] def 1 k 3 | t1=0 t2=1 t3p=0 t3h=0 t4=0 t4s2=0 | R13=0 R134=0 R134s2=0 RT=1 RT4=1 RT4s2=1 | t4min 0
X k4_certs_4_pure.json.gz#123 7,162,152,44 [[7], [2, 8], [4, 5], [3, 6]] def 1 k 3 | t1=0 t2=1 t3p=0 t3h=0 t4=0 t4s2=0 | R13=0 R134=0 R134s2=0 RT=1 RT4=1 RT4s2=1 | t4min 0
X k4_certs_4_pure.json.gz#123 7,162,155,44 [[7], [2, 8], [4, 5], [3, 6]] def 1 k 3 | t1=0 t2=1 t3p=0 t3h=0 t4=0 t4s2=0 | R13=0 R134=0 R134s2=0 RT=1 RT4=1 RT4s2=1 | t4min 0
X k4_certs_4_pure.json.gz#123 7,162,160,44 [[7], [2, 8], [4, 5], [3, 6]] def 1 k 3 | t1=0 t2=1 t3p=0 t3h=0 t4=0 t4s2=0 | R13=0 R134=0 R134s2=0 RT=1 RT4=1 RT4s2=1 | t4min 0
X k4_certs_4_pure.json.gz#123 7,162,165,44 [[7], [2, 8], [4, 5], [3, 6]] def 1 k 3 | t1=0 t2=1 t3p=0 t3h=0 t4=0 t4s2=0 | R13=0 R134=0 R134s2=0 RT=1 RT4=1 RT4s2=1 | t4min 0
X k4_certs_4_pure.json.gz#123 7,162,174,44 [[7], [2, 8], [4, 5], [3, 6]] def 1 k 3 | t1=0 t2=1 t3p=0 t3h=0 t4=0 t4s2=0 | R13=0 R134=0 R134s2=0 RT=1 RT4=1 RT4s2=1 | t4min 0
X k4_certs_4_pure.json.gz#123 7,162,192,44 [[7], [2, 8], [4, 5], [3, 6]] def 1 k 3 | t1=0 t2=1 t3p=0 t3h=0 t4=0 t4s2=0 | R13=0 R134=0 R134s2=0 RT=1 RT4=1 RT4s2=1 | t4min 0
X k4_certs_4_pure.json.gz#123 7,162,193,44 [[7], [2, 8], [4, 5], [3, 6]] def 1 k 3 | t1=0 t2=1 t3p=0 t3h=0 t4=0 t4s2=0 | R13=0 R134=0 R134s2=0 RT=1 RT4=1 RT4s2=1 | t4min 0
X k4_certs_4_pure.json.gz#123 7,162,198,44 [[7], [2, 8], [4, 5], [3, 6]] def 1 k 3 | t1=0 t2=1 t3p=0 t3h=0 t4=0 t4s2=0 | R13=0 R134=0 R134s2=0 RT=1 RT4=1 RT4s2=1 | t4min 0
X k4_certs_4_pure.json.gz#123 7,162,201,44 [[7], [2, 8], [4, 5], [3, 6]] def 1 k 3 | t1=0 t2=1 t3p=0 t3h=0 t4=0 t4s2=0 | R13=0 R134=0 R134s2=0 RT=1 RT4=1 RT4s2=1 | t4min 0
X k4_certs_4_pure.json.gz#123 7,162,217,44 [[7], [2, 8], [4, 5], [3, 6]] def 1 k 3 | t1=0 t2=1 t3p=0 t3h=0 t4=0 t4s2=0 | R13=0 R134=0 R134s2=0 RT=1 RT4=1 RT4s2=1 | t4min 0
X k4_certs_4_pure.json.gz#123 7,162,222,44 [[7], [2, 8], [4, 5], [3, 6]] def 1 k 3 | t1=0 t2=1 t3p=0 t3h=0 t4=0 t4s2=0 | R13=0 R134=0 R134s2=0 RT=1 RT4=1 RT4s2=1 | t4min 0
X k4_certs_4_pure.json.gz#123 7,162,233,44 [[7], [2, 8], [4, 5], [3, 6]] def 1 k 3 | t1=0 t2=1 t3p=0 t3h=0 t4=0 t4s2=0 | R13=0 R134=0 R134s2=0 RT=1 RT4=1 RT4s2=1 | t4min 0
X k4_certs_4_pure.json.gz#123 7,162,234,44 [[7], [2, 8], [4, 5], [3, 6]] def 1 k 3 | t1=0 t2=1 t3p=0 t3h=0 t4=0 t4s2=0 | R13=0 R134=0 R134s2=0 RT=1 RT4=1 RT4s2=1 | t4min 0
X k4_certs_4_pure.json.gz#123 7,162,236,44 [[7], [2, 8], [4, 5], [3, 6]] def 1 k 3 | t1=0 t2=1 t3p=0 t3h=0 t4=0 t4s2=0 | R13=0 R134=0 R134s2=0 RT=1 RT4=1 RT4s2=1 | t4min 0
X k4_certs_4_pure.json.gz#123 7,162,237,44 [[7], [2, 8], [4, 5], [3, 6]] def 1 k 3 | t1=0 t2=1 t3p=0 t3h=0 t4=0 t4s2=0 | R13=0 R134=0 R134s2=0 RT=1 RT4=1 RT4s2=1 | t4min 0
X k4_certs_4_pure.json.gz#123 7,162,241,44 [[7], [2, 8], [4, 5], [3, 6]] def 1 k 3 | t1=0 t2=1 t3p=0 t3h=0 t4=0 t4s2=0 | R13=0 R134=0 R134s2=0 RT=1 RT4=1 RT4s2=1 | t4min 0
X k4_certs_4_pure.json.gz#123 7,162,242,44 [[7], [2, 8], [4, 5], [3, 6]] def 1 k 3 | t1=0 t2=1 t3p=0 t3h=0 t4=0 t4s2=0 | R13=0 R134=0 R134s2=0 RT=1 RT4=1 RT4s2=1 | t4min 0
X k4_certs_4_pure.json.gz#123 7,162,243,44 [[7], [2, 8], [4, 5], [3, 6]] def 1 k 3 | t1=0 t2=1 t3p=0 t3h=0 t4=0 t4s2=0 | R13=0 R134=0 R134s2=0 RT=1 RT4=1 RT4s2=1 | t4min 0
X k4_certs_4_pure.json.gz#123 7,162,245,44 [[7], [2, 8], [4, 5], [3, 6]] def 1 k 3 | t1=0 t2=1 t3p=0 t3h=0 t4=0 t4s2=0 | R13=0 R134=0 R134s2=0 RT=1 RT4=1 RT4s2=1 | t4min 0
X k4_certs_4_pure.json.gz#123 7,162,248,44 [[7], [2, 8], [4, 5], [3, 6]] def 1 k 3 | t1=0 t2=1 t3p=0 t3h=0 t4=0 t4s2=0 | R13=0 R134=0 R134s2=0 RT=1 RT4=1 RT4s2=1 | t4min 0
X k4_certs_4_pure.json.gz#123 7,162,249,44 [[7], [2, 8], [4, 5], [3, 6]] def 1 k 3 | t1=0 t2=1 t3p=0 t3h=0 t4=0 t4s2=0 | R13=0 R134=0 R134s2=0 RT=1 RT4=1 RT4s2=1 | t4min 0
X k4_certs_4_pure.json.gz#123 7,162,250,44 [[7], [2, 8], [4, 5], [3, 6]] def 1 k 3 | t1=0 t2=1 t3p=0 t3h=0 t4=0 t4s2=0 | R13=0 R134=0 R134s2=0 RT=1 RT4=1 RT4s2=1 | t4min 0
X k4_certs_4_pure.json.gz#123 7,162,252,44 [[7], [2, 8], [4, 5], [3, 6]] def 1 k 3 | t1=0 t2=1 t3p=0 t3h=0 t4=0 t4s2=0 | R13=0 R134=0 R134s2=0 RT=1 RT4=1 RT4s2=1 | t4min 0
X k4_certs_4_pure.json.gz#123 7,162,268,44 [[7], [2, 8], [4, 5], [3, 6]] def 1 k 3 | t1=0 t2=1 t3p=0 t3h=0 t4=0 t4s2=0 | R13=0 R134=0 R134s2=0 RT=1 RT4=1 RT4s2=1 | t4min 0
X k4_certs_4_pure.json.gz#123 7,162,269,44 [[7], [2, 8], [4, 5], [3, 6]] def 1 k 3 | t1=0 t2=1 t3p=0 t3h=0 t4=0 t4s2=0 | R13=0 R134=0 R134s2=0 RT=1 RT4=1 RT4s2=1 | t4min 0
X k4_certs_4_pure.json.gz#123 7,162,272,44 [[7], [2, 8], [4, 5], [3, 6]] def 1 k 3 | t1=0 t2=1 t3p=0 t3h=0 t4=0 t4s2=0 | R13=0 R134=0 R134s2=0 RT=1 RT4=1 RT4s2=1 | t4min 0
X k4_certs_4_pure.json.gz#123 7,162,273,44 [[7], [2, 8], [4, 5], [3, 6]] def 1 k 3 | t1=0 t2=1 t3p=0 t3h=0 t4=0 t4s2=0 | R13=0 R134=0 R134s2=0 RT=1 RT4=1 RT4s2=1 | t4min 0
X k4_certs_4_pure.json.gz#123 7,162,282,44 [[7], [2, 8], [4, 5], [3, 6]] def 1 k 3 | t1=0 t2=1 t3p=0 t3h=0 t4=0 t4s2=0 | R13=0 R134=0 R134s2=0 RT=1 RT4=1 RT4s2=1 | t4min 0
X k4_certs_4_pure.json.gz#123 7,162,284,44 [[7], [2, 8], [4, 5], [3, 6]] def 1 k 3 | t1=0 t2=1 t3p=0 t3h=0 t4=0 t4s2=0 | R13=0 R134=0 R134s2=0 RT=1 RT4=1 RT4s2=1 | t4min 0
X k4_certs_4_pure.json.gz#123 7,162,285,44 [[7], [2, 8], [4, 5], [3, 6]] def 1 k 3 | t1=0 t2=1 t3p=0 t3h=0 t4=0 t4s2=0 | R13=0 R134=0 R134s2=0 RT=1 RT4=1 RT4s2=1 | t4min 0
X k4_certs_4_pure.json.gz#123 7,162,286,44 [[7], [2, 8], [4, 5], [3, 6]] def 1 k 3 | t1=0 t2=1 t3p=0 t3h=0 t4=0 t4s2=0 | R13=0 R134=0 R134s2=0 RT=1 RT4=1 RT4s2=1 | t4min 0
X k4_certs_4_pure.json.gz#123 7,163,11,44 [[7], [2, 8], [4, 5], [3, 6]] def 1 k 3 | t1=0 t2=1 t3p=0 t3h=0 t4=0 t4s2=0 | R13=0 R134=0 R134s2=0 RT=1 RT4=1 RT4s2=1 | t4min 0
X k4_certs_4_pure.json.gz#123 7,163,13,44 [[7], [2, 8], [4, 5], [3, 6]] def 1 k 3 | t1=0 t2=1 t3p=0 t3h=0 t4=0 t4s2=0 | R13=0 R134=0 R134s2=0 RT=1 RT4=1 RT4s2=1 | t4min 0
X k4_certs_4_pure.json.gz#123 7,163,18,44 [[7], [2, 8], [4, 5], [3, 6]] def 1 k 3 | t1=0 t2=1 t3p=0 t3h=0 t4=0 t4s2=0 | R13=0 R134=0 R134s2=0 RT=1 RT4=1 RT4s2=1 | t4min 0
X k4_certs_4_pure.json.gz#123 7,163,25,44 [[7], [2, 8], [4, 5], [3, 6]] def 1 k 3 | t1=0 t2=1 t3p=0 t3h=0 t4=0 t4s2=0 | R13=0 R134=0 R134s2=0 RT=1 RT4=1 RT4s2=1 | t4min 0
X k4_certs_4_pure.json.gz#123 7,163,47,44 [[7], [2, 8], [4, 5], [3, 6]] def 1 k 3 | t1=0 t2=1 t3p=0 t3h=0 t4=0 t4s2=0 | R13=0 R134=0 R134s2=0 RT=1 RT4=1 RT4s2=1 | t4min 0
X k4_certs_4_pure.json.gz#123 7,163,50,44 [[7], [2, 8], [4, 5], [3, 6]] def 1 k 3 | t1=0 t2=1 t3p=0 t3h=0 t4=0 t4s2=0 | R13=0 R134=0 R134s2=0 RT=1 RT4=1 RT4s2=1 | t4min 0
X k4_certs_4_pure.json.gz#123 7,163,55,44 [[7], [2, 8], [4, 5], [3, 6]] def 1 k 3 | t1=0 t2=1 t3p=0 t3h=0 t4=0 t4s2=0 | R13=0 R134=0 R134s2=0 RT=1 RT4=1 RT4s2=1 | t4min 0
X k4_certs_4_pure.json.gz#123 7,163,67,44 [[7], [2, 8], [4, 5], [3, 6]] def 1 k 3 | t1=0 t2=1 t3p=0 t3h=0 t4=0 t4s2=0 | R13=0 R134=0 R134s2=0 RT=1 RT4=1 RT4s2=1 | t4min 0
X k4_certs_4_pure.json.gz#123 7,163,82,44 [[7], [2, 8], [4, 5], [3, 6]] def 1 k 3 | t1=0 t2=1 t3p=0 t3h=0 t4=0 t4s2=0 | R13=0 R134=0 R134s2=0 RT=1 RT4=1 RT4s2=1 | t4min 0
X k4_certs_4_pure.json.gz#123 7,163,89,44 [[7], [2, 8], [4, 5], [3, 6]] def 1 k 3 | t1=0 t2=1 t3p=0 t3h=0 t4=0 t4s2=0 | R13=0 R134=0 R134s2=0 RT=1 RT4=1 RT4s2=1 | t4min 0
X k4_certs_4_pure.json.gz#123 7,163,92,44 [[7], [2, 8], [4, 5], [3, 6]] def 1 k 3 | t1=0 t2=1 t3p=0 t3h=0 t4=0 t4s2=0 | R13=0 R134=0 R134s2=0 RT=1 RT4=1 RT4s2=1 | t4min 0
X k4_certs_4_pure.json.gz#123 7,163,95,44 [[7], [2, 8], [4, 5], [3, 6]] def 1 k 3 | t1=0 t2=1 t3p=0 t3h=0 t4=0 t4s2=0 | R13=0 R134=0 R134s2=0 RT=1 RT4=1 RT4s2=1 | t4min 0
X k4_certs_4_pure.json.gz#123 7,163,99,44 [[7], [2, 8], [4, 5], [3, 6]] def 1 k 3 | t1=0 t2=1 t3p=0 t3h=0 t4=0 t4s2=0 | R13=0 R134=0 R134s2=0 RT=1 RT4=1 RT4s2=1 | t4min 0
X k4_certs_4_pure.json.gz#123 7,163,100,44 [[7], [2, 8], [4, 5], [3, 6]] def 1 k 3 | t1=0 t2=1 t3p=0 t3h=0 t4=0 t4s2=0 | R13=0 R134=0 R134s2=0 RT=1 RT4=1 RT4s2=1 | t4min 0
X k4_certs_4_pure.json.gz#123 7,163,104,44 [[7], [2, 8], [4, 5], [3, 6]] def 1 k 3 | t1=0 t2=1 t3p=0 t3h=0 t4=0 t4s2=0 | R13=0 R134=0 R134s2=0 RT=1 RT4=1 RT4s2=1 | t4min 0
X k4_certs_4_pure.json.gz#123 7,163,114,44 [[7], [2, 8], [4, 5], [3, 6]] def 1 k 3 | t1=0 t2=1 t3p=0 t3h=0 t4=0 t4s2=0 | R13=0 R134=0 R134s2=0 RT=1 RT4=1 RT4s2=1 | t4min 0
X k4_certs_4_pure.json.gz#123 7,163,128,44 [[7], [2, 8], [4, 5], [3, 6]] def 1 k 3 | t1=0 t2=1 t3p=0 t3h=0 t4=0 t4s2=0 | R13=0 R134=0 R134s2=0 RT=1 RT4=1 RT4s2=1 | t4min 0
X k4_certs_4_pure.json.gz#123 7,163,131,44 [[7], [2, 8], [4, 5], [3, 6]] def 1 k 3 | t1=0 t2=1 t3p=0 t3h=0 t4=0 t4s2=0 | R13=0 R134=0 R134s2=0 RT=1 RT4=1 RT4s2=1 | t4min 0
X k4_certs_4_pure.json.gz#123 7,163,134,44 [[7], [2, 8], [4, 5], [3, 6]] def 1 k 3 | t1=0 t2=1 t3p=0 t3h=0 t4=0 t4s2=0 | R13=0 R134=0 R134s2=0 RT=1 RT4=1 RT4s2=1 | t4min 0
X k4_certs_4_pure.json.gz#123 7,163,135,44 [[7], [2, 8], [4, 5], [3, 6]] def 1 k 3 | t1=0 t2=1 t3p=0 t3h=0 t4=0 t4s2=0 | R13=0 R134=0 R134s2=0 RT=1 RT4=1 RT4s2=1 | t4min 0
X k4_certs_4_pure.json.gz#123 7,163,152,44 [[7], [2, 8], [4, 5], [3, 6]] def 1 k 3 | t1=0 t2=1 t3p=0 t3h=0 t4=0 t4s2=0 | R13=0 R134=0 R134s2=0 RT=1 RT4=1 RT4s2=1 | t4min 0
X k4_certs_4_pure.json.gz#123 7,163,155,44 [[7], [2, 8], [4, 5], [3, 6]] def 1 k 3 | t1=0 t2=1 t3p=0 t3h=0 t4=0 t4s2=0 | R13=0 R134=0 R134s2=0 RT=1 RT4=1 RT4s2=1 | t4min 0
X k4_certs_4_pure.json.gz#123 7,163,160,44 [[7], [2, 8], [4, 5], [3, 6]] def 1 k 3 | t1=0 t2=1 t3p=0 t3h=0 t4=0 t4s2=0 | R13=0 R134=0 R134s2=0 RT=1 RT4=1 RT4s2=1 | t4min 0
X k4_certs_4_pure.json.gz#123 7,163,165,44 [[7], [2, 8], [4, 5], [3, 6]] def 1 k 3 | t1=0 t2=1 t3p=0 t3h=0 t4=0 t4s2=0 | R13=0 R134=0 R134s2=0 RT=1 RT4=1 RT4s2=1 | t4min 0
X k4_certs_4_pure.json.gz#123 7,163,174,44 [[7], [2, 8], [4, 5], [3, 6]] def 1 k 3 | t1=0 t2=1 t3p=0 t3h=0 t4=0 t4s2=0 | R13=0 R134=0 R134s2=0 RT=1 RT4=1 RT4s2=1 | t4min 0
X k4_certs_4_pure.json.gz#123 7,163,192,44 [[7], [2, 8], [4, 5], [3, 6]] def 1 k 3 | t1=0 t2=1 t3p=0 t3h=0 t4=0 t4s2=0 | R13=0 R134=0 R134s2=0 RT=1 RT4=1 RT4s2=1 | t4min 0
X k4_certs_4_pure.json.gz#123 7,163,193,44 [[7], [2, 8], [4, 5], [3, 6]] def 1 k 3 | t1=0 t2=1 t3p=0 t3h=0 t4=0 t4s2=0 | R13=0 R134=0 R134s2=0 RT=1 RT4=1 RT4s2=1 | t4min 0
X k4_certs_4_pure.json.gz#123 7,163,198,44 [[7], [2, 8], [4, 5], [3, 6]] def 1 k 3 | t1=0 t2=1 t3p=0 t3h=0 t4=0 t4s2=0 | R13=0 R134=0 R134s2=0 RT=1 RT4=1 RT4s2=1 | t4min 0
X k4_certs_4_pure.json.gz#123 7,163,201,44 [[7], [2, 8], [4, 5], [3, 6]] def 1 k 3 | t1=0 t2=1 t3p=0 t3h=0 t4=0 t4s2=0 | R13=0 R134=0 R134s2=0 RT=1 RT4=1 RT4s2=1 | t4min 0
X k4_certs_4_pure.json.gz#123 7,163,217,44 [[7], [2, 8], [4, 5], [3, 6]] def 1 k 3 | t1=0 t2=1 t3p=0 t3h=0 t4=0 t4s2=0 | R13=0 R134=0 R134s2=0 RT=1 RT4=1 RT4s2=1 | t4min 0
X k4_certs_4_pure.json.gz#123 7,163,222,44 [[7], [2, 8], [4, 5], [3, 6]] def 1 k 3 | t1=0 t2=1 t3p=0 t3h=0 t4=0 t4s2=0 | R13=0 R134=0 R134s2=0 RT=1 RT4=1 RT4s2=1 | t4min 0
X k4_certs_4_pure.json.gz#123 7,163,233,44 [[7], [2, 8], [4, 5], [3, 6]] def 1 k 3 | t1=0 t2=1 t3p=0 t3h=0 t4=0 t4s2=0 | R13=0 R134=0 R134s2=0 RT=1 RT4=1 RT4s2=1 | t4min 0
X k4_certs_4_pure.json.gz#123 7,163,234,44 [[7], [2, 8], [4, 5], [3, 6]] def 1 k 3 | t1=0 t2=1 t3p=0 t3h=0 t4=0 t4s2=0 | R13=0 R134=0 R134s2=0 RT=1 RT4=1 RT4s2=1 | t4min 0
X k4_certs_4_pure.json.gz#123 7,163,236,44 [[7], [2, 8], [4, 5], [3, 6]] def 1 k 3 | t1=0 t2=1 t3p=0 t3h=0 t4=0 t4s2=0 | R13=0 R134=0 R134s2=0 RT=1 RT4=1 RT4s2=1 | t4min 0
X k4_certs_4_pure.json.gz#123 7,163,237,44 [[7], [2, 8], [4, 5], [3, 6]] def 1 k 3 | t1=0 t2=1 t3p=0 t3h=0 t4=0 t4s2=0 | R13=0 R134=0 R134s2=0 RT=1 RT4=1 RT4s2=1 | t4min 0
X k4_certs_4_pure.json.gz#123 7,163,241,44 [[7], [2, 8], [4, 5], [3, 6]] def 1 k 3 | t1=0 t2=1 t3p=0 t3h=0 t4=0 t4s2=0 | R13=0 R134=0 R134s2=0 RT=1 RT4=1 RT4s2=1 | t4min 0
X k4_certs_4_pure.json.gz#123 7,163,242,44 [[7], [2, 8], [4, 5], [3, 6]] def 1 k 3 | t1=0 t2=1 t3p=0 t3h=0 t4=0 t4s2=0 | R13=0 R134=0 R134s2=0 RT=1 RT4=1 RT4s2=1 | t4min 0
X k4_certs_4_pure.json.gz#123 7,163,243,44 [[7], [2, 8], [4, 5], [3, 6]] def 1 k 3 | t1=0 t2=1 t3p=0 t3h=0 t4=0 t4s2=0 | R13=0 R134=0 R134s2=0 RT=1 RT4=1 RT4s2=1 | t4min 0
X k4_certs_4_pure.json.gz#123 7,163,245,44 [[7], [2, 8], [4, 5], [3, 6]] def 1 k 3 | t1=0 t2=1 t3p=0 t3h=0 t4=0 t4s2=0 | R13=0 R134=0 R134s2=0 RT=1 RT4=1 RT4s2=1 | t4min 0
X k4_certs_4_pure.json.gz#123 7,163,248,44 [[7], [2, 8], [4, 5], [3, 6]] def 1 k 3 | t1=0 t2=1 t3p=0 t3h=0 t4=0 t4s2=0 | R13=0 R134=0 R134s2=0 RT=1 RT4=1 RT4s2=1 | t4min 0
X k4_certs_4_pure.json.gz#123 7,163,249,44 [[7], [2, 8], [4, 5], [3, 6]] def 1 k 3 | t1=0 t2=1 t3p=0 t3h=0 t4=0 t4s2=0 | R13=0 R134=0 R134s2=0 RT=1 RT4=1 RT4s2=1 | t4min 0
X k4_certs_4_pure.json.gz#123 7,163,250,44 [[7], [2, 8], [4, 5], [3, 6]] def 1 k 3 | t1=0 t2=1 t3p=0 t3h=0 t4=0 t4s2=0 | R13=0 R134=0 R134s2=0 RT=1 RT4=1 RT4s2=1 | t4min 0
X k4_certs_4_pure.json.gz#123 7,163,252,44 [[7], [2, 8], [4, 5], [3, 6]] def 1 k 3 | t1=0 t2=1 t3p=0 t3h=0 t4=0 t4s2=0 | R13=0 R134=0 R134s2=0 RT=1 RT4=1 RT4s2=1 | t4min 0
X k4_certs_4_pure.json.gz#123 7,163,268,44 [[7], [2, 8], [4, 5], [3, 6]] def 1 k 3 | t1=0 t2=1 t3p=0 t3h=0 t4=0 t4s2=0 | R13=0 R134=0 R134s2=0 RT=1 RT4=1 RT4s2=1 | t4min 0
X k4_certs_4_pure.json.gz#123 7,163,269,44 [[7], [2, 8], [4, 5], [3, 6]] def 1 k 3 | t1=0 t2=1 t3p=0 t3h=0 t4=0 t4s2=0 | R13=0 R134=0 R134s2=0 RT=1 RT4=1 RT4s2=1 | t4min 0
X k4_certs_4_pure.json.gz#123 7,163,272,44 [[7], [2, 8], [4, 5], [3, 6]] def 1 k 3 | t1=0 t2=1 t3p=0 t3h=0 t4=0 t4s2=0 | R13=0 R134=0 R134s2=0 RT=1 RT4=1 RT4s2=1 | t4min 0
X k4_certs_4_pure.json.gz#123 7,163,273,44 [[7], [2, 8], [4, 5], [3, 6]] def 1 k 3 | t1=0 t2=1 t3p=0 t3h=0 t4=0 t4s2=0 | R13=0 R134=0 R134s2=0 RT=1 RT4=1 RT4s2=1 | t4min 0
X k4_certs_4_pure.json.gz#123 7,163,282,44 [[7], [2, 8], [4, 5], [3, 6]] def 1 k 3 | t1=0 t2=1 t3p=0 t3h=0 t4=0 t4s2=0 | R13=0 R134=0 R134s2=0 RT=1 RT4=1 RT4s2=1 | t4min 0
X k4_certs_4_pure.json.gz#123 7,163,284,44 [[7], [2, 8], [4, 5], [3, 6]] def 1 k 3 | t1=0 t2=1 t3p=0 t3h=0 t4=0 t4s2=0 | R13=0 R134=0 R134s2=0 RT=1 RT4=1 RT4s2=1 | t4min 0
X k4_certs_4_pure.json.gz#123 7,163,285,44 [[7], [2, 8], [4, 5], [3, 6]] def 1 k 3 | t1=0 t2=1 t3p=0 t3h=0 t4=0 t4s2=0 | R13=0 R134=0 R134s2=0 RT=1 RT4=1 RT4s2=1 | t4min 0
X k4_certs_4_pure.json.gz#123 7,163,286,44 [[7], [2, 8], [4, 5], [3, 6]] def 1 k 3 | t1=0 t2=1 t3p=0 t3h=0 t4=0 t4s2=0 | R13=0 R134=0 R134s2=0 RT=1 RT4=1 RT4s2=1 | t4min 0
X k4_certs_4_pure.json.gz#123 7,166,11,44 [[7], [2, 8], [4, 5], [3, 6]] def 1 k 3 | t1=0 t2=1 t3p=0 t3h=0 t4=0 t4s2=0 | R13=0 R134=0 R134s2=0 RT=1 RT4=1 RT4s2=1 | t4min 0
X k4_certs_4_pure.json.gz#123 7,166,13,44 [[7], [2, 8], [4, 5], [3, 6]] def 1 k 3 | t1=0 t2=1 t3p=0 t3h=0 t4=0 t4s2=0 | R13=0 R134=0 R134s2=0 RT=1 RT4=1 RT4s2=1 | t4min 0
X k4_certs_4_pure.json.gz#123 7,166,18,44 [[7], [2, 8], [4, 5], [3, 6]] def 1 k 3 | t1=0 t2=1 t3p=0 t3h=0 t4=0 t4s2=0 | R13=0 R134=0 R134s2=0 RT=1 RT4=1 RT4s2=1 | t4min 0
X k4_certs_4_pure.json.gz#123 7,166,25,44 [[7], [2, 8], [4, 5], [3, 6]] def 1 k 3 | t1=0 t2=1 t3p=0 t3h=0 t4=0 t4s2=0 | R13=0 R134=0 R134s2=0 RT=1 RT4=1 RT4s2=1 | t4min 0
X k4_certs_4_pure.json.gz#123 7,166,47,44 [[7], [2, 8], [4, 5], [3, 6]] def 1 k 3 | t1=0 t2=1 t3p=0 t3h=0 t4=0 t4s2=0 | R13=0 R134=0 R134s2=0 RT=1 RT4=1 RT4s2=1 | t4min 0
X k4_certs_4_pure.json.gz#123 7,166,50,44 [[7], [2, 8], [4, 5], [3, 6]] def 1 k 3 | t1=0 t2=1 t3p=0 t3h=0 t4=0 t4s2=0 | R13=0 R134=0 R134s2=0 RT=1 RT4=1 RT4s2=1 | t4min 0
X k4_certs_4_pure.json.gz#123 7,166,55,44 [[7], [2, 8], [4, 5], [3, 6]] def 1 k 3 | t1=0 t2=1 t3p=0 t3h=0 t4=0 t4s2=0 | R13=0 R134=0 R134s2=0 RT=1 RT4=1 RT4s2=1 | t4min 0
X k4_certs_4_pure.json.gz#123 7,166,67,44 [[7], [2, 8], [4, 5], [3, 6]] def 1 k 3 | t1=0 t2=1 t3p=0 t3h=0 t4=0 t4s2=0 | R13=0 R134=0 R134s2=0 RT=1 RT4=1 RT4s2=1 | t4min 0
X k4_certs_4_pure.json.gz#123 7,166,82,44 [[7], [2, 8], [4, 5], [3, 6]] def 1 k 3 | t1=0 t2=1 t3p=0 t3h=0 t4=0 t4s2=0 | R13=0 R134=0 R134s2=0 RT=1 RT4=1 RT4s2=1 | t4min 0
X k4_certs_4_pure.json.gz#123 7,166,89,44 [[7], [2, 8], [4, 5], [3, 6]] def 1 k 3 | t1=0 t2=1 t3p=0 t3h=0 t4=0 t4s2=0 | R13=0 R134=0 R134s2=0 RT=1 RT4=1 RT4s2=1 | t4min 0
X k4_certs_4_pure.json.gz#123 7,166,92,44 [[7], [2, 8], [4, 5], [3, 6]] def 1 k 3 | t1=0 t2=1 t3p=0 t3h=0 t4=0 t4s2=0 | R13=0 R134=0 R134s2=0 RT=1 RT4=1 RT4s2=1 | t4min 0
X k4_certs_4_pure.json.gz#123 7,166,95,44 [[7], [2, 8], [4, 5], [3, 6]] def 1 k 3 | t1=0 t2=1 t3p=0 t3h=0 t4=0 t4s2=0 | R13=0 R134=0 R134s2=0 RT=1 RT4=1 RT4s2=1 | t4min 0
X k4_certs_4_pure.json.gz#123 7,166,99,44 [[7], [2, 8], [4, 5], [3, 6]] def 1 k 3 | t1=0 t2=1 t3p=0 t3h=0 t4=0 t4s2=0 | R13=0 R134=0 R134s2=0 RT=1 RT4=1 RT4s2=1 | t4min 0
X k4_certs_4_pure.json.gz#123 7,166,100,44 [[7], [2, 8], [4, 5], [3, 6]] def 1 k 3 | t1=0 t2=1 t3p=0 t3h=0 t4=0 t4s2=0 | R13=0 R134=0 R134s2=0 RT=1 RT4=1 RT4s2=1 | t4min 0
X k4_certs_4_pure.json.gz#123 7,166,104,44 [[7], [2, 8], [4, 5], [3, 6]] def 1 k 3 | t1=0 t2=1 t3p=0 t3h=0 t4=0 t4s2=0 | R13=0 R134=0 R134s2=0 RT=1 RT4=1 RT4s2=1 | t4min 0
X k4_certs_4_pure.json.gz#123 7,166,114,44 [[7], [2, 8], [4, 5], [3, 6]] def 1 k 3 | t1=0 t2=1 t3p=0 t3h=0 t4=0 t4s2=0 | R13=0 R134=0 R134s2=0 RT=1 RT4=1 RT4s2=1 | t4min 0
X k4_certs_4_pure.json.gz#123 7,166,128,44 [[7], [2, 8], [4, 5], [3, 6]] def 1 k 3 | t1=0 t2=1 t3p=0 t3h=0 t4=0 t4s2=0 | R13=0 R134=0 R134s2=0 RT=1 RT4=1 RT4s2=1 | t4min 0
X k4_certs_4_pure.json.gz#123 7,166,131,44 [[7], [2, 8], [4, 5], [3, 6]] def 1 k 3 | t1=0 t2=1 t3p=0 t3h=0 t4=0 t4s2=0 | R13=0 R134=0 R134s2=0 RT=1 RT4=1 RT4s2=1 | t4min 0
X k4_certs_4_pure.json.gz#123 7,166,134,44 [[7], [2, 8], [4, 5], [3, 6]] def 1 k 3 | t1=0 t2=1 t3p=0 t3h=0 t4=0 t4s2=0 | R13=0 R134=0 R134s2=0 RT=1 RT4=1 RT4s2=1 | t4min 0
X k4_certs_4_pure.json.gz#123 7,166,135,44 [[7], [2, 8], [4, 5], [3, 6]] def 1 k 3 | t1=0 t2=1 t3p=0 t3h=0 t4=0 t4s2=0 | R13=0 R134=0 R134s2=0 RT=1 RT4=1 RT4s2=1 | t4min 0
X k4_certs_4_pure.json.gz#123 7,166,152,44 [[7], [2, 8], [4, 5], [3, 6]] def 1 k 3 | t1=0 t2=1 t3p=0 t3h=0 t4=0 t4s2=0 | R13=0 R134=0 R134s2=0 RT=1 RT4=1 RT4s2=1 | t4min 0
X k4_certs_4_pure.json.gz#123 7,166,155,44 [[7], [2, 8], [4, 5], [3, 6]] def 1 k 3 | t1=0 t2=1 t3p=0 t3h=0 t4=0 t4s2=0 | R13=0 R134=0 R134s2=0 RT=1 RT4=1 RT4s2=1 | t4min 0
X k4_certs_4_pure.json.gz#123 7,166,160,44 [[7], [2, 8], [4, 5], [3, 6]] def 1 k 3 | t1=0 t2=1 t3p=0 t3h=0 t4=0 t4s2=0 | R13=0 R134=0 R134s2=0 RT=1 RT4=1 RT4s2=1 | t4min 0
X k4_certs_4_pure.json.gz#123 7,166,165,44 [[7], [2, 8], [4, 5], [3, 6]] def 1 k 3 | t1=0 t2=1 t3p=0 t3h=0 t4=0 t4s2=0 | R13=0 R134=0 R134s2=0 RT=1 RT4=1 RT4s2=1 | t4min 0
X k4_certs_4_pure.json.gz#123 7,166,174,44 [[7], [2, 8], [4, 5], [3, 6]] def 1 k 3 | t1=0 t2=1 t3p=0 t3h=0 t4=0 t4s2=0 | R13=0 R134=0 R134s2=0 RT=1 RT4=1 RT4s2=1 | t4min 0
X k4_certs_4_pure.json.gz#123 7,166,192,44 [[7], [2, 8], [4, 5], [3, 6]] def 1 k 3 | t1=0 t2=1 t3p=0 t3h=0 t4=0 t4s2=0 | R13=0 R134=0 R134s2=0 RT=1 RT4=1 RT4s2=1 | t4min 0
X k4_certs_4_pure.json.gz#123 7,166,193,44 [[7], [2, 8], [4, 5], [3, 6]] def 1 k 3 | t1=0 t2=1 t3p=0 t3h=0 t4=0 t4s2=0 | R13=0 R134=0 R134s2=0 RT=1 RT4=1 RT4s2=1 | t4min 0
X k4_certs_4_pure.json.gz#123 7,166,198,44 [[7], [2, 8], [4, 5], [3, 6]] def 1 k 3 | t1=0 t2=1 t3p=0 t3h=0 t4=0 t4s2=0 | R13=0 R134=0 R134s2=0 RT=1 RT4=1 RT4s2=1 | t4min 0
X k4_certs_4_pure.json.gz#123 7,166,201,44 [[7], [2, 8], [4, 5], [3, 6]] def 1 k 3 | t1=0 t2=1 t3p=0 t3h=0 t4=0 t4s2=0 | R13=0 R134=0 R134s2=0 RT=1 RT4=1 RT4s2=1 | t4min 0
X k4_certs_4_pure.json.gz#123 7,166,217,44 [[7], [2, 8], [4, 5], [3, 6]] def 1 k 3 | t1=0 t2=1 t3p=0 t3h=0 t4=0 t4s2=0 | R13=0 R134=0 R134s2=0 RT=1 RT4=1 RT4s2=1 | t4min 0
X k4_certs_4_pure.json.gz#123 7,166,222,44 [[7], [2, 8], [4, 5], [3, 6]] def 1 k 3 | t1=0 t2=1 t3p=0 t3h=0 t4=0 t4s2=0 | R13=0 R134=0 R134s2=0 RT=1 RT4=1 RT4s2=1 | t4min 0
X k4_certs_4_pure.json.gz#123 7,166,233,44 [[7], [2, 8], [4, 5], [3, 6]] def 1 k 3 | t1=0 t2=1 t3p=0 t3h=0 t4=0 t4s2=0 | R13=0 R134=0 R134s2=0 RT=1 RT4=1 RT4s2=1 | t4min 0
X k4_certs_4_pure.json.gz#123 7,166,234,44 [[7], [2, 8], [4, 5], [3, 6]] def 1 k 3 | t1=0 t2=1 t3p=0 t3h=0 t4=0 t4s2=0 | R13=0 R134=0 R134s2=0 RT=1 RT4=1 RT4s2=1 | t4min 0
X k4_certs_4_pure.json.gz#123 7,166,236,44 [[7], [2, 8], [4, 5], [3, 6]] def 1 k 3 | t1=0 t2=1 t3p=0 t3h=0 t4=0 t4s2=0 | R13=0 R134=0 R134s2=0 RT=1 RT4=1 RT4s2=1 | t4min 0
X k4_certs_4_pure.json.gz#123 7,166,237,44 [[7], [2, 8], [4, 5], [3, 6]] def 1 k 3 | t1=0 t2=1 t3p=0 t3h=0 t4=0 t4s2=0 | R13=0 R134=0 R134s2=0 RT=1 RT4=1 RT4s2=1 | t4min 0
X k4_certs_4_pure.json.gz#123 7,166,241,44 [[7], [2, 8], [4, 5], [3, 6]] def 1 k 3 | t1=0 t2=1 t3p=0 t3h=0 t4=0 t4s2=0 | R13=0 R134=0 R134s2=0 RT=1 RT4=1 RT4s2=1 | t4min 0
X k4_certs_4_pure.json.gz#123 7,166,242,44 [[7], [2, 8], [4, 5], [3, 6]] def 1 k 3 | t1=0 t2=1 t3p=0 t3h=0 t4=0 t4s2=0 | R13=0 R134=0 R134s2=0 RT=1 RT4=1 RT4s2=1 | t4min 0
X k4_certs_4_pure.json.gz#123 7,166,243,44 [[7], [2, 8], [4, 5], [3, 6]] def 1 k 3 | t1=0 t2=1 t3p=0 t3h=0 t4=0 t4s2=0 | R13=0 R134=0 R134s2=0 RT=1 RT4=1 RT4s2=1 | t4min 0
X k4_certs_4_pure.json.gz#123 7,166,245,44 [[7], [2, 8], [4, 5], [3, 6]] def 1 k 3 | t1=0 t2=1 t3p=0 t3h=0 t4=0 t4s2=0 | R13=0 R134=0 R134s2=0 RT=1 RT4=1 RT4s2=1 | t4min 0
X k4_certs_4_pure.json.gz#123 7,166,248,44 [[7], [2, 8], [4, 5], [3, 6]] def 1 k 3 | t1=0 t2=1 t3p=0 t3h=0 t4=0 t4s2=0 | R13=0 R134=0 R134s2=0 RT=1 RT4=1 RT4s2=1 | t4min 0
X k4_certs_4_pure.json.gz#123 7,166,249,44 [[7], [2, 8], [4, 5], [3, 6]] def 1 k 3 | t1=0 t2=1 t3p=0 t3h=0 t4=0 t4s2=0 | R13=0 R134=0 R134s2=0 RT=1 RT4=1 RT4s2=1 | t4min 0
X k4_certs_4_pure.json.gz#123 7,166,250,44 [[7], [2, 8], [4, 5], [3, 6]] def 1 k 3 | t1=0 t2=1 t3p=0 t3h=0 t4=0 t4s2=0 | R13=0 R134=0 R134s2=0 RT=1 RT4=1 RT4s2=1 | t4min 0
X k4_certs_4_pure.json.gz#123 7,166,252,44 [[7], [2, 8], [4, 5], [3, 6]] def 1 k 3 | t1=0 t2=1 t3p=0 t3h=0 t4=0 t4s2=0 | R13=0 R134=0 R134s2=0 RT=1 RT4=1 RT4s2=1 | t4min 0
X k4_certs_4_pure.json.gz#123 7,166,268,44 [[7], [2, 8], [4, 5], [3, 6]] def 1 k 3 | t1=0 t2=1 t3p=0 t3h=0 t4=0 t4s2=0 | R13=0 R134=0 R134s2=0 RT=1 RT4=1 RT4s2=1 | t4min 0
X k4_certs_4_pure.json.gz#123 7,166,269,44 [[7], [2, 8], [4, 5], [3, 6]] def 1 k 3 | t1=0 t2=1 t3p=0 t3h=0 t4=0 t4s2=0 | R13=0 R134=0 R134s2=0 RT=1 RT4=1 RT4s2=1 | t4min 0
X k4_certs_4_pure.json.gz#123 7,166,272,44 [[7], [2, 8], [4, 5], [3, 6]] def 1 k 3 | t1=0 t2=1 t3p=0 t3h=0 t4=0 t4s2=0 | R13=0 R134=0 R134s2=0 RT=1 RT4=1 RT4s2=1 | t4min 0
X k4_certs_4_pure.json.gz#123 7,166,273,44 [[7], [2, 8], [4, 5], [3, 6]] def 1 k 3 | t1=0 t2=1 t3p=0 t3h=0 t4=0 t4s2=0 | R13=0 R134=0 R134s2=0 RT=1 RT4=1 RT4s2=1 | t4min 0
X k4_certs_4_pure.json.gz#123 7,166,282,44 [[7], [2, 8], [4, 5], [3, 6]] def 1 k 3 | t1=0 t2=1 t3p=0 t3h=0 t4=0 t4s2=0 | R13=0 R134=0 R134s2=0 RT=1 RT4=1 RT4s2=1 | t4min 0
X k4_certs_4_pure.json.gz#123 7,166,284,44 [[7], [2, 8], [4, 5], [3, 6]] def 1 k 3 | t1=0 t2=1 t3p=0 t3h=0 t4=0 t4s2=0 | R13=0 R134=0 R134s2=0 RT=1 RT4=1 RT4s2=1 | t4min 0
X k4_certs_4_pure.json.gz#123 7,166,285,44 [[7], [2, 8], [4, 5], [3, 6]] def 1 k 3 | t1=0 t2=1 t3p=0 t3h=0 t4=0 t4s2=0 | R13=0 R134=0 R134s2=0 RT=1 RT4=1 RT4s2=1 | t4min 0
X k4_certs_4_pure.json.gz#123 7,166,286,44 [[7], [2, 8], [4, 5], [3, 6]] def 1 k 3 | t1=0 t2=1 t3p=0 t3h=0 t4=0 t4s2=0 | R13=0 R134=0 R134s2=0 RT=1 RT4=1 RT4s2=1 | t4min 0
X k4_certs_4_pure.json.gz#123 7,167,11,44 [[7], [2, 8], [4, 5], [3, 6]] def 1 k 3 | t1=0 t2=1 t3p=0 t3h=0 t4=0 t4s2=0 | R13=0 R134=0 R134s2=0 RT=1 RT4=1 RT4s2=1 | t4min 0
X k4_certs_4_pure.json.gz#123 7,167,13,44 [[7], [2, 8], [4, 5], [3, 6]] def 1 k 3 | t1=0 t2=1 t3p=0 t3h=0 t4=0 t4s2=0 | R13=0 R134=0 R134s2=0 RT=1 RT4=1 RT4s2=1 | t4min 0
X k4_certs_4_pure.json.gz#123 7,167,18,44 [[7], [2, 8], [4, 5], [3, 6]] def 1 k 3 | t1=0 t2=1 t3p=0 t3h=0 t4=0 t4s2=0 | R13=0 R134=0 R134s2=0 RT=1 RT4=1 RT4s2=1 | t4min 0
X k4_certs_4_pure.json.gz#123 7,167,25,44 [[7], [2, 8], [4, 5], [3, 6]] def 1 k 3 | t1=0 t2=1 t3p=0 t3h=0 t4=0 t4s2=0 | R13=0 R134=0 R134s2=0 RT=1 RT4=1 RT4s2=1 | t4min 0
X k4_certs_4_pure.json.gz#123 7,167,47,44 [[7], [2, 8], [4, 5], [3, 6]] def 1 k 3 | t1=0 t2=1 t3p=0 t3h=0 t4=0 t4s2=0 | R13=0 R134=0 R134s2=0 RT=1 RT4=1 RT4s2=1 | t4min 0
X k4_certs_4_pure.json.gz#123 7,167,50,44 [[7], [2, 8], [4, 5], [3, 6]] def 1 k 3 | t1=0 t2=1 t3p=0 t3h=0 t4=0 t4s2=0 | R13=0 R134=0 R134s2=0 RT=1 RT4=1 RT4s2=1 | t4min 0
X k4_certs_4_pure.json.gz#123 7,167,55,44 [[7], [2, 8], [4, 5], [3, 6]] def 1 k 3 | t1=0 t2=1 t3p=0 t3h=0 t4=0 t4s2=0 | R13=0 R134=0 R134s2=0 RT=1 RT4=1 RT4s2=1 | t4min 0
X k4_certs_4_pure.json.gz#123 7,167,67,44 [[7], [2, 8], [4, 5], [3, 6]] def 1 k 3 | t1=0 t2=1 t3p=0 t3h=0 t4=0 t4s2=0 | R13=0 R134=0 R134s2=0 RT=1 RT4=1 RT4s2=1 | t4min 0
X k4_certs_4_pure.json.gz#123 7,167,82,44 [[7], [2, 8], [4, 5], [3, 6]] def 1 k 3 | t1=0 t2=1 t3p=0 t3h=0 t4=0 t4s2=0 | R13=0 R134=0 R134s2=0 RT=1 RT4=1 RT4s2=1 | t4min 0
X k4_certs_4_pure.json.gz#123 7,167,89,44 [[7], [2, 8], [4, 5], [3, 6]] def 1 k 3 | t1=0 t2=1 t3p=0 t3h=0 t4=0 t4s2=0 | R13=0 R134=0 R134s2=0 RT=1 RT4=1 RT4s2=1 | t4min 0
X k4_certs_4_pure.json.gz#123 7,167,92,44 [[7], [2, 8], [4, 5], [3, 6]] def 1 k 3 | t1=0 t2=1 t3p=0 t3h=0 t4=0 t4s2=0 | R13=0 R134=0 R134s2=0 RT=1 RT4=1 RT4s2=1 | t4min 0
X k4_certs_4_pure.json.gz#123 7,167,95,44 [[7], [2, 8], [4, 5], [3, 6]] def 1 k 3 | t1=0 t2=1 t3p=0 t3h=0 t4=0 t4s2=0 | R13=0 R134=0 R134s2=0 RT=1 RT4=1 RT4s2=1 | t4min 0
X k4_certs_4_pure.json.gz#123 7,167,99,44 [[7], [2, 8], [4, 5], [3, 6]] def 1 k 3 | t1=0 t2=1 t3p=0 t3h=0 t4=0 t4s2=0 | R13=0 R134=0 R134s2=0 RT=1 RT4=1 RT4s2=1 | t4min 0
X k4_certs_4_pure.json.gz#123 7,167,100,44 [[7], [2, 8], [4, 5], [3, 6]] def 1 k 3 | t1=0 t2=1 t3p=0 t3h=0 t4=0 t4s2=0 | R13=0 R134=0 R134s2=0 RT=1 RT4=1 RT4s2=1 | t4min 0
X k4_certs_4_pure.json.gz#123 7,167,104,44 [[7], [2, 8], [4, 5], [3, 6]] def 1 k 3 | t1=0 t2=1 t3p=0 t3h=0 t4=0 t4s2=0 | R13=0 R134=0 R134s2=0 RT=1 RT4=1 RT4s2=1 | t4min 0
X k4_certs_4_pure.json.gz#123 7,167,114,44 [[7], [2, 8], [4, 5], [3, 6]] def 1 k 3 | t1=0 t2=1 t3p=0 t3h=0 t4=0 t4s2=0 | R13=0 R134=0 R134s2=0 RT=1 RT4=1 RT4s2=1 | t4min 0
X k4_certs_4_pure.json.gz#123 7,167,128,44 [[7], [2, 8], [4, 5], [3, 6]] def 1 k 3 | t1=0 t2=1 t3p=0 t3h=0 t4=0 t4s2=0 | R13=0 R134=0 R134s2=0 RT=1 RT4=1 RT4s2=1 | t4min 0
X k4_certs_4_pure.json.gz#123 7,167,131,44 [[7], [2, 8], [4, 5], [3, 6]] def 1 k 3 | t1=0 t2=1 t3p=0 t3h=0 t4=0 t4s2=0 | R13=0 R134=0 R134s2=0 RT=1 RT4=1 RT4s2=1 | t4min 0
X k4_certs_4_pure.json.gz#123 7,167,134,44 [[7], [2, 8], [4, 5], [3, 6]] def 1 k 3 | t1=0 t2=1 t3p=0 t3h=0 t4=0 t4s2=0 | R13=0 R134=0 R134s2=0 RT=1 RT4=1 RT4s2=1 | t4min 0
X k4_certs_4_pure.json.gz#123 7,167,135,44 [[7], [2, 8], [4, 5], [3, 6]] def 1 k 3 | t1=0 t2=1 t3p=0 t3h=0 t4=0 t4s2=0 | R13=0 R134=0 R134s2=0 RT=1 RT4=1 RT4s2=1 | t4min 0
X k4_certs_4_pure.json.gz#123 7,167,152,44 [[7], [2, 8], [4, 5], [3, 6]] def 1 k 3 | t1=0 t2=1 t3p=0 t3h=0 t4=0 t4s2=0 | R13=0 R134=0 R134s2=0 RT=1 RT4=1 RT4s2=1 | t4min 0
X k4_certs_4_pure.json.gz#123 7,167,155,44 [[7], [2, 8], [4, 5], [3, 6]] def 1 k 3 | t1=0 t2=1 t3p=0 t3h=0 t4=0 t4s2=0 | R13=0 R134=0 R134s2=0 RT=1 RT4=1 RT4s2=1 | t4min 0
X k4_certs_4_pure.json.gz#123 7,167,160,44 [[7], [2, 8], [4, 5], [3, 6]] def 1 k 3 | t1=0 t2=1 t3p=0 t3h=0 t4=0 t4s2=0 | R13=0 R134=0 R134s2=0 RT=1 RT4=1 RT4s2=1 | t4min 0
X k4_certs_4_pure.json.gz#123 7,167,165,44 [[7], [2, 8], [4, 5], [3, 6]] def 1 k 3 | t1=0 t2=1 t3p=0 t3h=0 t4=0 t4s2=0 | R13=0 R134=0 R134s2=0 RT=1 RT4=1 RT4s2=1 | t4min 0
X k4_certs_4_pure.json.gz#123 7,167,174,44 [[7], [2, 8], [4, 5], [3, 6]] def 1 k 3 | t1=0 t2=1 t3p=0 t3h=0 t4=0 t4s2=0 | R13=0 R134=0 R134s2=0 RT=1 RT4=1 RT4s2=1 | t4min 0
X k4_certs_4_pure.json.gz#123 7,167,192,44 [[7], [2, 8], [4, 5], [3, 6]] def 1 k 3 | t1=0 t2=1 t3p=0 t3h=0 t4=0 t4s2=0 | R13=0 R134=0 R134s2=0 RT=1 RT4=1 RT4s2=1 | t4min 0
X k4_certs_4_pure.json.gz#123 7,167,193,44 [[7], [2, 8], [4, 5], [3, 6]] def 1 k 3 | t1=0 t2=1 t3p=0 t3h=0 t4=0 t4s2=0 | R13=0 R134=0 R134s2=0 RT=1 RT4=1 RT4s2=1 | t4min 0
X k4_certs_4_pure.json.gz#123 7,167,198,44 [[7], [2, 8], [4, 5], [3, 6]] def 1 k 3 | t1=0 t2=1 t3p=0 t3h=0 t4=0 t4s2=0 | R13=0 R134=0 R134s2=0 RT=1 RT4=1 RT4s2=1 | t4min 0
X k4_certs_4_pure.json.gz#123 7,167,201,44 [[7], [2, 8], [4, 5], [3, 6]] def 1 k 3 | t1=0 t2=1 t3p=0 t3h=0 t4=0 t4s2=0 | R13=0 R134=0 R134s2=0 RT=1 RT4=1 RT4s2=1 | t4min 0
X k4_certs_4_pure.json.gz#123 7,167,217,44 [[7], [2, 8], [4, 5], [3, 6]] def 1 k 3 | t1=0 t2=1 t3p=0 t3h=0 t4=0 t4s2=0 | R13=0 R134=0 R134s2=0 RT=1 RT4=1 RT4s2=1 | t4min 0
X k4_certs_4_pure.json.gz#123 7,167,222,44 [[7], [2, 8], [4, 5], [3, 6]] def 1 k 3 | t1=0 t2=1 t3p=0 t3h=0 t4=0 t4s2=0 | R13=0 R134=0 R134s2=0 RT=1 RT4=1 RT4s2=1 | t4min 0
X k4_certs_4_pure.json.gz#123 7,167,233,44 [[7], [2, 8], [4, 5], [3, 6]] def 1 k 3 | t1=0 t2=1 t3p=0 t3h=0 t4=0 t4s2=0 | R13=0 R134=0 R134s2=0 RT=1 RT4=1 RT4s2=1 | t4min 0
X k4_certs_4_pure.json.gz#123 7,167,234,44 [[7], [2, 8], [4, 5], [3, 6]] def 1 k 3 | t1=0 t2=1 t3p=0 t3h=0 t4=0 t4s2=0 | R13=0 R134=0 R134s2=0 RT=1 RT4=1 RT4s2=1 | t4min 0
X k4_certs_4_pure.json.gz#123 7,167,236,44 [[7], [2, 8], [4, 5], [3, 6]] def 1 k 3 | t1=0 t2=1 t3p=0 t3h=0 t4=0 t4s2=0 | R13=0 R134=0 R134s2=0 RT=1 RT4=1 RT4s2=1 | t4min 0
X k4_certs_4_pure.json.gz#123 7,167,237,44 [[7], [2, 8], [4, 5], [3, 6]] def 1 k 3 | t1=0 t2=1 t3p=0 t3h=0 t4=0 t4s2=0 | R13=0 R134=0 R134s2=0 RT=1 RT4=1 RT4s2=1 | t4min 0
X k4_certs_4_pure.json.gz#123 7,167,241,44 [[7], [2, 8], [4, 5], [3, 6]] def 1 k 3 | t1=0 t2=1 t3p=0 t3h=0 t4=0 t4s2=0 | R13=0 R134=0 R134s2=0 RT=1 RT4=1 RT4s2=1 | t4min 0
X k4_certs_4_pure.json.gz#123 7,167,242,44 [[7], [2, 8], [4, 5], [3, 6]] def 1 k 3 | t1=0 t2=1 t3p=0 t3h=0 t4=0 t4s2=0 | R13=0 R134=0 R134s2=0 RT=1 RT4=1 RT4s2=1 | t4min 0
X k4_certs_4_pure.json.gz#123 7,167,243,44 [[7], [2, 8], [4, 5], [3, 6]] def 1 k 3 | t1=0 t2=1 t3p=0 t3h=0 t4=0 t4s2=0 | R13=0 R134=0 R134s2=0 RT=1 RT4=1 RT4s2=1 | t4min 0
X k4_certs_4_pure.json.gz#123 7,167,245,44 [[7], [2, 8], [4, 5], [3, 6]] def 1 k 3 | t1=0 t2=1 t3p=0 t3h=0 t4=0 t4s2=0 | R13=0 R134=0 R134s2=0 RT=1 RT4=1 RT4s2=1 | t4min 0
X k4_certs_4_pure.json.gz#123 7,167,248,44 [[7], [2, 8], [4, 5], [3, 6]] def 1 k 3 | t1=0 t2=1 t3p=0 t3h=0 t4=0 t4s2=0 | R13=0 R134=0 R134s2=0 RT=1 RT4=1 RT4s2=1 | t4min 0
X k4_certs_4_pure.json.gz#123 7,167,249,44 [[7], [2, 8], [4, 5], [3, 6]] def 1 k 3 | t1=0 t2=1 t3p=0 t3h=0 t4=0 t4s2=0 | R13=0 R134=0 R134s2=0 RT=1 RT4=1 RT4s2=1 | t4min 0
X k4_certs_4_pure.json.gz#123 7,167,250,44 [[7], [2, 8], [4, 5], [3, 6]] def 1 k 3 | t1=0 t2=1 t3p=0 t3h=0 t4=0 t4s2=0 | R13=0 R134=0 R134s2=0 RT=1 RT4=1 RT4s2=1 | t4min 0
X k4_certs_4_pure.json.gz#123 7,167,252,44 [[7], [2, 8], [4, 5], [3, 6]] def 1 k 3 | t1=0 t2=1 t3p=0 t3h=0 t4=0 t4s2=0 | R13=0 R134=0 R134s2=0 RT=1 RT4=1 RT4s2=1 | t4min 0
X k4_certs_4_pure.json.gz#123 7,167,268,44 [[7], [2, 8], [4, 5], [3, 6]] def 1 k 3 | t1=0 t2=1 t3p=0 t3h=0 t4=0 t4s2=0 | R13=0 R134=0 R134s2=0 RT=1 RT4=1 RT4s2=1 | t4min 0
X k4_certs_4_pure.json.gz#123 7,167,269,44 [[7], [2, 8], [4, 5], [3, 6]] def 1 k 3 | t1=0 t2=1 t3p=0 t3h=0 t4=0 t4s2=0 | R13=0 R134=0 R134s2=0 RT=1 RT4=1 RT4s2=1 | t4min 0
X k4_certs_4_pure.json.gz#123 7,167,272,44 [[7], [2, 8], [4, 5], [3, 6]] def 1 k 3 | t1=0 t2=1 t3p=0 t3h=0 t4=0 t4s2=0 | R13=0 R134=0 R134s2=0 RT=1 RT4=1 RT4s2=1 | t4min 0
X k4_certs_4_pure.json.gz#123 7,167,273,44 [[7], [2, 8], [4, 5], [3, 6]] def 1 k 3 | t1=0 t2=1 t3p=0 t3h=0 t4=0 t4s2=0 | R13=0 R134=0 R134s2=0 RT=1 RT4=1 RT4s2=1 | t4min 0
X k4_certs_4_pure.json.gz#123 7,167,282,44 [[7], [2, 8], [4, 5], [3, 6]] def 1 k 3 | t1=0 t2=1 t3p=0 t3h=0 t4=0 t4s2=0 | R13=0 R134=0 R134s2=0 RT=1 RT4=1 RT4s2=1 | t4min 0
X k4_certs_4_pure.json.gz#123 7,167,284,44 [[7], [2, 8], [4, 5], [3, 6]] def 1 k 3 | t1=0 t2=1 t3p=0 t3h=0 t4=0 t4s2=0 | R13=0 R134=0 R134s2=0 RT=1 RT4=1 RT4s2=1 | t4min 0
X k4_certs_4_pure.json.gz#123 7,167,285,44 [[7], [2, 8], [4, 5], [3, 6]] def 1 k 3 | t1=0 t2=1 t3p=0 t3h=0 t4=0 t4s2=0 | R13=0 R134=0 R134s2=0 RT=1 RT4=1 RT4s2=1 | t4min 0
X k4_certs_4_pure.json.gz#123 7,167,286,44 [[7], [2, 8], [4, 5], [3, 6]] def 1 k 3 | t1=0 t2=1 t3p=0 t3h=0 t4=0 t4s2=0 | R13=0 R134=0 R134s2=0 RT=1 RT4=1 RT4s2=1 | t4min 0
X k4_certs_4_pure.json.gz#123 7,170,11,44 [[7], [2, 8], [4, 5], [3, 6]] def 1 k 3 | t1=0 t2=1 t3p=0 t3h=0 t4=0 t4s2=0 | R13=0 R134=0 R134s2=0 RT=1 RT4=1 RT4s2=1 | t4min 0
X k4_certs_4_pure.json.gz#123 7,170,13,44 [[7], [2, 8], [4, 5], [3, 6]] def 1 k 3 | t1=0 t2=1 t3p=0 t3h=0 t4=0 t4s2=0 | R13=0 R134=0 R134s2=0 RT=1 RT4=1 RT4s2=1 | t4min 0
X k4_certs_4_pure.json.gz#123 7,170,18,44 [[7], [2, 8], [4, 5], [3, 6]] def 1 k 3 | t1=0 t2=1 t3p=0 t3h=0 t4=0 t4s2=0 | R13=0 R134=0 R134s2=0 RT=1 RT4=1 RT4s2=1 | t4min 0
X k4_certs_4_pure.json.gz#123 7,170,25,44 [[7], [2, 8], [4, 5], [3, 6]] def 1 k 3 | t1=0 t2=1 t3p=0 t3h=0 t4=0 t4s2=0 | R13=0 R134=0 R134s2=0 RT=1 RT4=1 RT4s2=1 | t4min 0
X k4_certs_4_pure.json.gz#123 7,170,47,44 [[7], [2, 8], [4, 5], [3, 6]] def 1 k 3 | t1=0 t2=1 t3p=0 t3h=0 t4=0 t4s2=0 | R13=0 R134=0 R134s2=0 RT=1 RT4=1 RT4s2=1 | t4min 0
X k4_certs_4_pure.json.gz#123 7,170,50,44 [[7], [2, 8], [4, 5], [3, 6]] def 1 k 3 | t1=0 t2=1 t3p=0 t3h=0 t4=0 t4s2=0 | R13=0 R134=0 R134s2=0 RT=1 RT4=1 RT4s2=1 | t4min 0
X k4_certs_4_pure.json.gz#123 7,170,55,44 [[7], [2, 8], [4, 5], [3, 6]] def 1 k 3 | t1=0 t2=1 t3p=0 t3h=0 t4=0 t4s2=0 | R13=0 R134=0 R134s2=0 RT=1 RT4=1 RT4s2=1 | t4min 0
X k4_certs_4_pure.json.gz#123 7,170,67,44 [[7], [2, 8], [4, 5], [3, 6]] def 1 k 3 | t1=0 t2=1 t3p=0 t3h=0 t4=0 t4s2=0 | R13=0 R134=0 R134s2=0 RT=1 RT4=1 RT4s2=1 | t4min 0
X k4_certs_4_pure.json.gz#123 7,170,82,44 [[7], [2, 8], [4, 5], [3, 6]] def 1 k 3 | t1=0 t2=1 t3p=0 t3h=0 t4=0 t4s2=0 | R13=0 R134=0 R134s2=0 RT=1 RT4=1 RT4s2=1 | t4min 0
X k4_certs_4_pure.json.gz#123 7,170,89,44 [[7], [2, 8], [4, 5], [3, 6]] def 1 k 3 | t1=0 t2=1 t3p=0 t3h=0 t4=0 t4s2=0 | R13=0 R134=0 R134s2=0 RT=1 RT4=1 RT4s2=1 | t4min 0
X k4_certs_4_pure.json.gz#123 7,170,92,44 [[7], [2, 8], [4, 5], [3, 6]] def 1 k 3 | t1=0 t2=1 t3p=0 t3h=0 t4=0 t4s2=0 | R13=0 R134=0 R134s2=0 RT=1 RT4=1 RT4s2=1 | t4min 0
X k4_certs_4_pure.json.gz#123 7,170,95,44 [[7], [2, 8], [4, 5], [3, 6]] def 1 k 3 | t1=0 t2=1 t3p=0 t3h=0 t4=0 t4s2=0 | R13=0 R134=0 R134s2=0 RT=1 RT4=1 RT4s2=1 | t4min 0
X k4_certs_4_pure.json.gz#123 7,170,99,44 [[7], [2, 8], [4, 5], [3, 6]] def 1 k 3 | t1=0 t2=1 t3p=0 t3h=0 t4=0 t4s2=0 | R13=0 R134=0 R134s2=0 RT=1 RT4=1 RT4s2=1 | t4min 0
X k4_certs_4_pure.json.gz#123 7,170,100,44 [[7], [2, 8], [4, 5], [3, 6]] def 1 k 3 | t1=0 t2=1 t3p=0 t3h=0 t4=0 t4s2=0 | R13=0 R134=0 R134s2=0 RT=1 RT4=1 RT4s2=1 | t4min 0
X k4_certs_4_pure.json.gz#123 7,170,104,44 [[7], [2, 8], [4, 5], [3, 6]] def 1 k 3 | t1=0 t2=1 t3p=0 t3h=0 t4=0 t4s2=0 | R13=0 R134=0 R134s2=0 RT=1 RT4=1 RT4s2=1 | t4min 0
X k4_certs_4_pure.json.gz#123 7,170,114,44 [[7], [2, 8], [4, 5], [3, 6]] def 1 k 3 | t1=0 t2=1 t3p=0 t3h=0 t4=0 t4s2=0 | R13=0 R134=0 R134s2=0 RT=1 RT4=1 RT4s2=1 | t4min 0
X k4_certs_4_pure.json.gz#123 7,170,128,44 [[7], [2, 8], [4, 5], [3, 6]] def 1 k 3 | t1=0 t2=1 t3p=0 t3h=0 t4=0 t4s2=0 | R13=0 R134=0 R134s2=0 RT=1 RT4=1 RT4s2=1 | t4min 0
X k4_certs_4_pure.json.gz#123 7,170,131,44 [[7], [2, 8], [4, 5], [3, 6]] def 1 k 3 | t1=0 t2=1 t3p=0 t3h=0 t4=0 t4s2=0 | R13=0 R134=0 R134s2=0 RT=1 RT4=1 RT4s2=1 | t4min 0
X k4_certs_4_pure.json.gz#123 7,170,134,44 [[7], [2, 8], [4, 5], [3, 6]] def 1 k 3 | t1=0 t2=1 t3p=0 t3h=0 t4=0 t4s2=0 | R13=0 R134=0 R134s2=0 RT=1 RT4=1 RT4s2=1 | t4min 0
X k4_certs_4_pure.json.gz#123 7,170,135,44 [[7], [2, 8], [4, 5], [3, 6]] def 1 k 3 | t1=0 t2=1 t3p=0 t3h=0 t4=0 t4s2=0 | R13=0 R134=0 R134s2=0 RT=1 RT4=1 RT4s2=1 | t4min 0
X k4_certs_4_pure.json.gz#123 7,170,152,44 [[7], [2, 8], [4, 5], [3, 6]] def 1 k 3 | t1=0 t2=1 t3p=0 t3h=0 t4=0 t4s2=0 | R13=0 R134=0 R134s2=0 RT=1 RT4=1 RT4s2=1 | t4min 0
X k4_certs_4_pure.json.gz#123 7,170,155,44 [[7], [2, 8], [4, 5], [3, 6]] def 1 k 3 | t1=0 t2=1 t3p=0 t3h=0 t4=0 t4s2=0 | R13=0 R134=0 R134s2=0 RT=1 RT4=1 RT4s2=1 | t4min 0
X k4_certs_4_pure.json.gz#123 7,170,160,44 [[7], [2, 8], [4, 5], [3, 6]] def 1 k 3 | t1=0 t2=1 t3p=0 t3h=0 t4=0 t4s2=0 | R13=0 R134=0 R134s2=0 RT=1 RT4=1 RT4s2=1 | t4min 0
X k4_certs_4_pure.json.gz#123 7,170,165,44 [[7], [2, 8], [4, 5], [3, 6]] def 1 k 3 | t1=0 t2=1 t3p=0 t3h=0 t4=0 t4s2=0 | R13=0 R134=0 R134s2=0 RT=1 RT4=1 RT4s2=1 | t4min 0
X k4_certs_4_pure.json.gz#123 7,170,174,44 [[7], [2, 8], [4, 5], [3, 6]] def 1 k 3 | t1=0 t2=1 t3p=0 t3h=0 t4=0 t4s2=0 | R13=0 R134=0 R134s2=0 RT=1 RT4=1 RT4s2=1 | t4min 0
X k4_certs_4_pure.json.gz#123 7,170,192,44 [[7], [2, 8], [4, 5], [3, 6]] def 1 k 3 | t1=0 t2=1 t3p=0 t3h=0 t4=0 t4s2=0 | R13=0 R134=0 R134s2=0 RT=1 RT4=1 RT4s2=1 | t4min 0
X k4_certs_4_pure.json.gz#123 7,170,193,44 [[7], [2, 8], [4, 5], [3, 6]] def 1 k 3 | t1=0 t2=1 t3p=0 t3h=0 t4=0 t4s2=0 | R13=0 R134=0 R134s2=0 RT=1 RT4=1 RT4s2=1 | t4min 0
X k4_certs_4_pure.json.gz#123 7,170,198,44 [[7], [2, 8], [4, 5], [3, 6]] def 1 k 3 | t1=0 t2=1 t3p=0 t3h=0 t4=0 t4s2=0 | R13=0 R134=0 R134s2=0 RT=1 RT4=1 RT4s2=1 | t4min 0
X k4_certs_4_pure.json.gz#123 7,170,201,44 [[7], [2, 8], [4, 5], [3, 6]] def 1 k 3 | t1=0 t2=1 t3p=0 t3h=0 t4=0 t4s2=0 | R13=0 R134=0 R134s2=0 RT=1 RT4=1 RT4s2=1 | t4min 0
X k4_certs_4_pure.json.gz#123 7,170,217,44 [[7], [2, 8], [4, 5], [3, 6]] def 1 k 3 | t1=0 t2=1 t3p=0 t3h=0 t4=0 t4s2=0 | R13=0 R134=0 R134s2=0 RT=1 RT4=1 RT4s2=1 | t4min 0
X k4_certs_4_pure.json.gz#123 7,170,222,44 [[7], [2, 8], [4, 5], [3, 6]] def 1 k 3 | t1=0 t2=1 t3p=0 t3h=0 t4=0 t4s2=0 | R13=0 R134=0 R134s2=0 RT=1 RT4=1 RT4s2=1 | t4min 0
X k4_certs_4_pure.json.gz#123 7,170,233,44 [[7], [2, 8], [4, 5], [3, 6]] def 1 k 3 | t1=0 t2=1 t3p=0 t3h=0 t4=0 t4s2=0 | R13=0 R134=0 R134s2=0 RT=1 RT4=1 RT4s2=1 | t4min 0
X k4_certs_4_pure.json.gz#123 7,170,234,44 [[7], [2, 8], [4, 5], [3, 6]] def 1 k 3 | t1=0 t2=1 t3p=0 t3h=0 t4=0 t4s2=0 | R13=0 R134=0 R134s2=0 RT=1 RT4=1 RT4s2=1 | t4min 0
X k4_certs_4_pure.json.gz#123 7,170,236,44 [[7], [2, 8], [4, 5], [3, 6]] def 1 k 3 | t1=0 t2=1 t3p=0 t3h=0 t4=0 t4s2=0 | R13=0 R134=0 R134s2=0 RT=1 RT4=1 RT4s2=1 | t4min 0
X k4_certs_4_pure.json.gz#123 7,170,237,44 [[7], [2, 8], [4, 5], [3, 6]] def 1 k 3 | t1=0 t2=1 t3p=0 t3h=0 t4=0 t4s2=0 | R13=0 R134=0 R134s2=0 RT=1 RT4=1 RT4s2=1 | t4min 0
X k4_certs_4_pure.json.gz#123 7,170,241,44 [[7], [2, 8], [4, 5], [3, 6]] def 1 k 3 | t1=0 t2=1 t3p=0 t3h=0 t4=0 t4s2=0 | R13=0 R134=0 R134s2=0 RT=1 RT4=1 RT4s2=1 | t4min 0
X k4_certs_4_pure.json.gz#123 7,170,242,44 [[7], [2, 8], [4, 5], [3, 6]] def 1 k 3 | t1=0 t2=1 t3p=0 t3h=0 t4=0 t4s2=0 | R13=0 R134=0 R134s2=0 RT=1 RT4=1 RT4s2=1 | t4min 0
X k4_certs_4_pure.json.gz#123 7,170,243,44 [[7], [2, 8], [4, 5], [3, 6]] def 1 k 3 | t1=0 t2=1 t3p=0 t3h=0 t4=0 t4s2=0 | R13=0 R134=0 R134s2=0 RT=1 RT4=1 RT4s2=1 | t4min 0
X k4_certs_4_pure.json.gz#123 7,170,245,44 [[7], [2, 8], [4, 5], [3, 6]] def 1 k 3 | t1=0 t2=1 t3p=0 t3h=0 t4=0 t4s2=0 | R13=0 R134=0 R134s2=0 RT=1 RT4=1 RT4s2=1 | t4min 0
X k4_certs_4_pure.json.gz#123 7,170,248,44 [[7], [2, 8], [4, 5], [3, 6]] def 1 k 3 | t1=0 t2=1 t3p=0 t3h=0 t4=0 t4s2=0 | R13=0 R134=0 R134s2=0 RT=1 RT4=1 RT4s2=1 | t4min 0
X k4_certs_4_pure.json.gz#123 7,170,249,44 [[7], [2, 8], [4, 5], [3, 6]] def 1 k 3 | t1=0 t2=1 t3p=0 t3h=0 t4=0 t4s2=0 | R13=0 R134=0 R134s2=0 RT=1 RT4=1 RT4s2=1 | t4min 0
X k4_certs_4_pure.json.gz#123 7,170,250,44 [[7], [2, 8], [4, 5], [3, 6]] def 1 k 3 | t1=0 t2=1 t3p=0 t3h=0 t4=0 t4s2=0 | R13=0 R134=0 R134s2=0 RT=1 RT4=1 RT4s2=1 | t4min 0
X k4_certs_4_pure.json.gz#123 7,170,252,44 [[7], [2, 8], [4, 5], [3, 6]] def 1 k 3 | t1=0 t2=1 t3p=0 t3h=0 t4=0 t4s2=0 | R13=0 R134=0 R134s2=0 RT=1 RT4=1 RT4s2=1 | t4min 0
X k4_certs_4_pure.json.gz#123 7,170,268,44 [[7], [2, 8], [4, 5], [3, 6]] def 1 k 3 | t1=0 t2=1 t3p=0 t3h=0 t4=0 t4s2=0 | R13=0 R134=0 R134s2=0 RT=1 RT4=1 RT4s2=1 | t4min 0
X k4_certs_4_pure.json.gz#123 7,170,269,44 [[7], [2, 8], [4, 5], [3, 6]] def 1 k 3 | t1=0 t2=1 t3p=0 t3h=0 t4=0 t4s2=0 | R13=0 R134=0 R134s2=0 RT=1 RT4=1 RT4s2=1 | t4min 0
X k4_certs_4_pure.json.gz#123 7,170,272,44 [[7], [2, 8], [4, 5], [3, 6]] def 1 k 3 | t1=0 t2=1 t3p=0 t3h=0 t4=0 t4s2=0 | R13=0 R134=0 R134s2=0 RT=1 RT4=1 RT4s2=1 | t4min 0
X k4_certs_4_pure.json.gz#123 7,170,273,44 [[7], [2, 8], [4, 5], [3, 6]] def 1 k 3 | t1=0 t2=1 t3p=0 t3h=0 t4=0 t4s2=0 | R13=0 R134=0 R134s2=0 RT=1 RT4=1 RT4s2=1 | t4min 0
X k4_certs_4_pure.json.gz#123 7,170,282,44 [[7], [2, 8], [4, 5], [3, 6]] def 1 k 3 | t1=0 t2=1 t3p=0 t3h=0 t4=0 t4s2=0 | R13=0 R134=0 R134s2=0 RT=1 RT4=1 RT4s2=1 | t4min 0
X k4_certs_4_pure.json.gz#123 7,170,284,44 [[7], [2, 8], [4, 5], [3, 6]] def 1 k 3 | t1=0 t2=1 t3p=0 t3h=0 t4=0 t4s2=0 | R13=0 R134=0 R134s2=0 RT=1 RT4=1 RT4s2=1 | t4min 0
X k4_certs_4_pure.json.gz#123 7,170,285,44 [[7], [2, 8], [4, 5], [3, 6]] def 1 k 3 | t1=0 t2=1 t3p=0 t3h=0 t4=0 t4s2=0 | R13=0 R134=0 R134s2=0 RT=1 RT4=1 RT4s2=1 | t4min 0
X k4_certs_4_pure.json.gz#123 7,170,286,44 [[7], [2, 8], [4, 5], [3, 6]] def 1 k 3 | t1=0 t2=1 t3p=0 t3h=0 t4=0 t4s2=0 | R13=0 R134=0 R134s2=0 RT=1 RT4=1 RT4s2=1 | t4min 0
X k4_certs_4_pure.json.gz#123 7,173,11,44 [[7], [2, 8], [4, 5], [3, 6]] def 1 k 3 | t1=0 t2=1 t3p=0 t3h=0 t4=0 t4s2=0 | R13=0 R134=0 R134s2=0 RT=1 RT4=1 RT4s2=1 | t4min 0
X k4_certs_4_pure.json.gz#123 7,173,13,44 [[7], [2, 8], [4, 5], [3, 6]] def 1 k 3 | t1=0 t2=1 t3p=0 t3h=0 t4=0 t4s2=0 | R13=0 R134=0 R134s2=0 RT=1 RT4=1 RT4s2=1 | t4min 0
X k4_certs_4_pure.json.gz#123 7,173,18,44 [[7], [2, 8], [4, 5], [3, 6]] def 1 k 3 | t1=0 t2=1 t3p=0 t3h=0 t4=0 t4s2=0 | R13=0 R134=0 R134s2=0 RT=1 RT4=1 RT4s2=1 | t4min 0
X k4_certs_4_pure.json.gz#123 7,173,25,44 [[7], [2, 8], [4, 5], [3, 6]] def 1 k 3 | t1=0 t2=1 t3p=0 t3h=0 t4=0 t4s2=0 | R13=0 R134=0 R134s2=0 RT=1 RT4=1 RT4s2=1 | t4min 0
X k4_certs_4_pure.json.gz#123 7,173,47,44 [[7], [2, 8], [4, 5], [3, 6]] def 1 k 3 | t1=0 t2=1 t3p=0 t3h=0 t4=0 t4s2=0 | R13=0 R134=0 R134s2=0 RT=1 RT4=1 RT4s2=1 | t4min 0
X k4_certs_4_pure.json.gz#123 7,173,50,44 [[7], [2, 8], [4, 5], [3, 6]] def 1 k 3 | t1=0 t2=1 t3p=0 t3h=0 t4=0 t4s2=0 | R13=0 R134=0 R134s2=0 RT=1 RT4=1 RT4s2=1 | t4min 0
X k4_certs_4_pure.json.gz#123 7,173,55,44 [[7], [2, 8], [4, 5], [3, 6]] def 1 k 3 | t1=0 t2=1 t3p=0 t3h=0 t4=0 t4s2=0 | R13=0 R134=0 R134s2=0 RT=1 RT4=1 RT4s2=1 | t4min 0
X k4_certs_4_pure.json.gz#123 7,173,67,44 [[7], [2, 8], [4, 5], [3, 6]] def 1 k 3 | t1=0 t2=1 t3p=0 t3h=0 t4=0 t4s2=0 | R13=0 R134=0 R134s2=0 RT=1 RT4=1 RT4s2=1 | t4min 0
X k4_certs_4_pure.json.gz#123 7,173,82,44 [[7], [2, 8], [4, 5], [3, 6]] def 1 k 3 | t1=0 t2=1 t3p=0 t3h=0 t4=0 t4s2=0 | R13=0 R134=0 R134s2=0 RT=1 RT4=1 RT4s2=1 | t4min 0
X k4_certs_4_pure.json.gz#123 7,173,89,44 [[7], [2, 8], [4, 5], [3, 6]] def 1 k 3 | t1=0 t2=1 t3p=0 t3h=0 t4=0 t4s2=0 | R13=0 R134=0 R134s2=0 RT=1 RT4=1 RT4s2=1 | t4min 0
X k4_certs_4_pure.json.gz#123 7,173,92,44 [[7], [2, 8], [4, 5], [3, 6]] def 1 k 3 | t1=0 t2=1 t3p=0 t3h=0 t4=0 t4s2=0 | R13=0 R134=0 R134s2=0 RT=1 RT4=1 RT4s2=1 | t4min 0
X k4_certs_4_pure.json.gz#123 7,173,95,44 [[7], [2, 8], [4, 5], [3, 6]] def 1 k 3 | t1=0 t2=1 t3p=0 t3h=0 t4=0 t4s2=0 | R13=0 R134=0 R134s2=0 RT=1 RT4=1 RT4s2=1 | t4min 0
X k4_certs_4_pure.json.gz#123 7,173,99,44 [[7], [2, 8], [4, 5], [3, 6]] def 1 k 3 | t1=0 t2=1 t3p=0 t3h=0 t4=0 t4s2=0 | R13=0 R134=0 R134s2=0 RT=1 RT4=1 RT4s2=1 | t4min 0
X k4_certs_4_pure.json.gz#123 7,173,100,44 [[7], [2, 8], [4, 5], [3, 6]] def 1 k 3 | t1=0 t2=1 t3p=0 t3h=0 t4=0 t4s2=0 | R13=0 R134=0 R134s2=0 RT=1 RT4=1 RT4s2=1 | t4min 0
X k4_certs_4_pure.json.gz#123 7,173,104,44 [[7], [2, 8], [4, 5], [3, 6]] def 1 k 3 | t1=0 t2=1 t3p=0 t3h=0 t4=0 t4s2=0 | R13=0 R134=0 R134s2=0 RT=1 RT4=1 RT4s2=1 | t4min 0
X k4_certs_4_pure.json.gz#123 7,173,114,44 [[7], [2, 8], [4, 5], [3, 6]] def 1 k 3 | t1=0 t2=1 t3p=0 t3h=0 t4=0 t4s2=0 | R13=0 R134=0 R134s2=0 RT=1 RT4=1 RT4s2=1 | t4min 0
X k4_certs_4_pure.json.gz#123 7,173,128,44 [[7], [2, 8], [4, 5], [3, 6]] def 1 k 3 | t1=0 t2=1 t3p=0 t3h=0 t4=0 t4s2=0 | R13=0 R134=0 R134s2=0 RT=1 RT4=1 RT4s2=1 | t4min 0
X k4_certs_4_pure.json.gz#123 7,173,131,44 [[7], [2, 8], [4, 5], [3, 6]] def 1 k 3 | t1=0 t2=1 t3p=0 t3h=0 t4=0 t4s2=0 | R13=0 R134=0 R134s2=0 RT=1 RT4=1 RT4s2=1 | t4min 0
X k4_certs_4_pure.json.gz#123 7,173,134,44 [[7], [2, 8], [4, 5], [3, 6]] def 1 k 3 | t1=0 t2=1 t3p=0 t3h=0 t4=0 t4s2=0 | R13=0 R134=0 R134s2=0 RT=1 RT4=1 RT4s2=1 | t4min 0
X k4_certs_4_pure.json.gz#123 7,173,135,44 [[7], [2, 8], [4, 5], [3, 6]] def 1 k 3 | t1=0 t2=1 t3p=0 t3h=0 t4=0 t4s2=0 | R13=0 R134=0 R134s2=0 RT=1 RT4=1 RT4s2=1 | t4min 0
X k4_certs_4_pure.json.gz#123 7,173,152,44 [[7], [2, 8], [4, 5], [3, 6]] def 1 k 3 | t1=0 t2=1 t3p=0 t3h=0 t4=0 t4s2=0 | R13=0 R134=0 R134s2=0 RT=1 RT4=1 RT4s2=1 | t4min 0
X k4_certs_4_pure.json.gz#123 7,173,155,44 [[7], [2, 8], [4, 5], [3, 6]] def 1 k 3 | t1=0 t2=1 t3p=0 t3h=0 t4=0 t4s2=0 | R13=0 R134=0 R134s2=0 RT=1 RT4=1 RT4s2=1 | t4min 0
X k4_certs_4_pure.json.gz#123 7,173,160,44 [[7], [2, 8], [4, 5], [3, 6]] def 1 k 3 | t1=0 t2=1 t3p=0 t3h=0 t4=0 t4s2=0 | R13=0 R134=0 R134s2=0 RT=1 RT4=1 RT4s2=1 | t4min 0
X k4_certs_4_pure.json.gz#123 7,173,165,44 [[7], [2, 8], [4, 5], [3, 6]] def 1 k 3 | t1=0 t2=1 t3p=0 t3h=0 t4=0 t4s2=0 | R13=0 R134=0 R134s2=0 RT=1 RT4=1 RT4s2=1 | t4min 0
X k4_certs_4_pure.json.gz#123 7,173,174,44 [[7], [2, 8], [4, 5], [3, 6]] def 1 k 3 | t1=0 t2=1 t3p=0 t3h=0 t4=0 t4s2=0 | R13=0 R134=0 R134s2=0 RT=1 RT4=1 RT4s2=1 | t4min 0
X k4_certs_4_pure.json.gz#123 7,173,192,44 [[7], [2, 8], [4, 5], [3, 6]] def 1 k 3 | t1=0 t2=1 t3p=0 t3h=0 t4=0 t4s2=0 | R13=0 R134=0 R134s2=0 RT=1 RT4=1 RT4s2=1 | t4min 0
X k4_certs_4_pure.json.gz#123 7,173,193,44 [[7], [2, 8], [4, 5], [3, 6]] def 1 k 3 | t1=0 t2=1 t3p=0 t3h=0 t4=0 t4s2=0 | R13=0 R134=0 R134s2=0 RT=1 RT4=1 RT4s2=1 | t4min 0
X k4_certs_4_pure.json.gz#123 7,173,198,44 [[7], [2, 8], [4, 5], [3, 6]] def 1 k 3 | t1=0 t2=1 t3p=0 t3h=0 t4=0 t4s2=0 | R13=0 R134=0 R134s2=0 RT=1 RT4=1 RT4s2=1 | t4min 0
X k4_certs_4_pure.json.gz#123 7,173,201,44 [[7], [2, 8], [4, 5], [3, 6]] def 1 k 3 | t1=0 t2=1 t3p=0 t3h=0 t4=0 t4s2=0 | R13=0 R134=0 R134s2=0 RT=1 RT4=1 RT4s2=1 | t4min 0
X k4_certs_4_pure.json.gz#123 7,173,217,44 [[7], [2, 8], [4, 5], [3, 6]] def 1 k 3 | t1=0 t2=1 t3p=0 t3h=0 t4=0 t4s2=0 | R13=0 R134=0 R134s2=0 RT=1 RT4=1 RT4s2=1 | t4min 0
X k4_certs_4_pure.json.gz#123 7,173,222,44 [[7], [2, 8], [4, 5], [3, 6]] def 1 k 3 | t1=0 t2=1 t3p=0 t3h=0 t4=0 t4s2=0 | R13=0 R134=0 R134s2=0 RT=1 RT4=1 RT4s2=1 | t4min 0
X k4_certs_4_pure.json.gz#123 7,173,233,44 [[7], [2, 8], [4, 5], [3, 6]] def 1 k 3 | t1=0 t2=1 t3p=0 t3h=0 t4=0 t4s2=0 | R13=0 R134=0 R134s2=0 RT=1 RT4=1 RT4s2=1 | t4min 0
X k4_certs_4_pure.json.gz#123 7,173,234,44 [[7], [2, 8], [4, 5], [3, 6]] def 1 k 3 | t1=0 t2=1 t3p=0 t3h=0 t4=0 t4s2=0 | R13=0 R134=0 R134s2=0 RT=1 RT4=1 RT4s2=1 | t4min 0
X k4_certs_4_pure.json.gz#123 7,173,236,44 [[7], [2, 8], [4, 5], [3, 6]] def 1 k 3 | t1=0 t2=1 t3p=0 t3h=0 t4=0 t4s2=0 | R13=0 R134=0 R134s2=0 RT=1 RT4=1 RT4s2=1 | t4min 0
X k4_certs_4_pure.json.gz#123 7,173,237,44 [[7], [2, 8], [4, 5], [3, 6]] def 1 k 3 | t1=0 t2=1 t3p=0 t3h=0 t4=0 t4s2=0 | R13=0 R134=0 R134s2=0 RT=1 RT4=1 RT4s2=1 | t4min 0
X k4_certs_4_pure.json.gz#123 7,173,241,44 [[7], [2, 8], [4, 5], [3, 6]] def 1 k 3 | t1=0 t2=1 t3p=0 t3h=0 t4=0 t4s2=0 | R13=0 R134=0 R134s2=0 RT=1 RT4=1 RT4s2=1 | t4min 0
X k4_certs_4_pure.json.gz#123 7,173,242,44 [[7], [2, 8], [4, 5], [3, 6]] def 1 k 3 | t1=0 t2=1 t3p=0 t3h=0 t4=0 t4s2=0 | R13=0 R134=0 R134s2=0 RT=1 RT4=1 RT4s2=1 | t4min 0
X k4_certs_4_pure.json.gz#123 7,173,243,44 [[7], [2, 8], [4, 5], [3, 6]] def 1 k 3 | t1=0 t2=1 t3p=0 t3h=0 t4=0 t4s2=0 | R13=0 R134=0 R134s2=0 RT=1 RT4=1 RT4s2=1 | t4min 0
X k4_certs_4_pure.json.gz#123 7,173,245,44 [[7], [2, 8], [4, 5], [3, 6]] def 1 k 3 | t1=0 t2=1 t3p=0 t3h=0 t4=0 t4s2=0 | R13=0 R134=0 R134s2=0 RT=1 RT4=1 RT4s2=1 | t4min 0
X k4_certs_4_pure.json.gz#123 7,173,248,44 [[7], [2, 8], [4, 5], [3, 6]] def 1 k 3 | t1=0 t2=1 t3p=0 t3h=0 t4=0 t4s2=0 | R13=0 R134=0 R134s2=0 RT=1 RT4=1 RT4s2=1 | t4min 0
X k4_certs_4_pure.json.gz#123 7,173,249,44 [[7], [2, 8], [4, 5], [3, 6]] def 1 k 3 | t1=0 t2=1 t3p=0 t3h=0 t4=0 t4s2=0 | R13=0 R134=0 R134s2=0 RT=1 RT4=1 RT4s2=1 | t4min 0
X k4_certs_4_pure.json.gz#123 7,173,250,44 [[7], [2, 8], [4, 5], [3, 6]] def 1 k 3 | t1=0 t2=1 t3p=0 t3h=0 t4=0 t4s2=0 | R13=0 R134=0 R134s2=0 RT=1 RT4=1 RT4s2=1 | t4min 0
X k4_certs_4_pure.json.gz#123 7,173,252,44 [[7], [2, 8], [4, 5], [3, 6]] def 1 k 3 | t1=0 t2=1 t3p=0 t3h=0 t4=0 t4s2=0 | R13=0 R134=0 R134s2=0 RT=1 RT4=1 RT4s2=1 | t4min 0
X k4_certs_4_pure.json.gz#123 7,173,268,44 [[7], [2, 8], [4, 5], [3, 6]] def 1 k 3 | t1=0 t2=1 t3p=0 t3h=0 t4=0 t4s2=0 | R13=0 R134=0 R134s2=0 RT=1 RT4=1 RT4s2=1 | t4min 0
X k4_certs_4_pure.json.gz#123 7,173,269,44 [[7], [2, 8], [4, 5], [3, 6]] def 1 k 3 | t1=0 t2=1 t3p=0 t3h=0 t4=0 t4s2=0 | R13=0 R134=0 R134s2=0 RT=1 RT4=1 RT4s2=1 | t4min 0
X k4_certs_4_pure.json.gz#123 7,173,272,44 [[7], [2, 8], [4, 5], [3, 6]] def 1 k 3 | t1=0 t2=1 t3p=0 t3h=0 t4=0 t4s2=0 | R13=0 R134=0 R134s2=0 RT=1 RT4=1 RT4s2=1 | t4min 0
X k4_certs_4_pure.json.gz#123 7,173,273,44 [[7], [2, 8], [4, 5], [3, 6]] def 1 k 3 | t1=0 t2=1 t3p=0 t3h=0 t4=0 t4s2=0 | R13=0 R134=0 R134s2=0 RT=1 RT4=1 RT4s2=1 | t4min 0
X k4_certs_4_pure.json.gz#123 7,173,282,44 [[7], [2, 8], [4, 5], [3, 6]] def 1 k 3 | t1=0 t2=1 t3p=0 t3h=0 t4=0 t4s2=0 | R13=0 R134=0 R134s2=0 RT=1 RT4=1 RT4s2=1 | t4min 0
X k4_certs_4_pure.json.gz#123 7,173,284,44 [[7], [2, 8], [4, 5], [3, 6]] def 1 k 3 | t1=0 t2=1 t3p=0 t3h=0 t4=0 t4s2=0 | R13=0 R134=0 R134s2=0 RT=1 RT4=1 RT4s2=1 | t4min 0
X k4_certs_4_pure.json.gz#123 7,173,285,44 [[7], [2, 8], [4, 5], [3, 6]] def 1 k 3 | t1=0 t2=1 t3p=0 t3h=0 t4=0 t4s2=0 | R13=0 R134=0 R134s2=0 RT=1 RT4=1 RT4s2=1 | t4min 0
X k4_certs_4_pure.json.gz#123 7,173,286,44 [[7], [2, 8], [4, 5], [3, 6]] def 1 k 3 | t1=0 t2=1 t3p=0 t3h=0 t4=0 t4s2=0 | R13=0 R134=0 R134s2=0 RT=1 RT4=1 RT4s2=1 | t4min 0
X k4_certs_4_pure.json.gz#123 7,176,11,44 [[7], [2, 8], [4, 5], [3, 6]] def 1 k 3 | t1=0 t2=1 t3p=0 t3h=0 t4=0 t4s2=0 | R13=0 R134=0 R134s2=0 RT=1 RT4=1 RT4s2=1 | t4min 0
X k4_certs_4_pure.json.gz#123 7,176,13,44 [[7], [2, 8], [4, 5], [3, 6]] def 1 k 3 | t1=0 t2=1 t3p=0 t3h=0 t4=0 t4s2=0 | R13=0 R134=0 R134s2=0 RT=1 RT4=1 RT4s2=1 | t4min 0
X k4_certs_4_pure.json.gz#123 7,176,18,44 [[7], [2, 8], [4, 5], [3, 6]] def 1 k 3 | t1=0 t2=1 t3p=0 t3h=0 t4=0 t4s2=0 | R13=0 R134=0 R134s2=0 RT=1 RT4=1 RT4s2=1 | t4min 0
X k4_certs_4_pure.json.gz#123 7,176,25,44 [[7], [2, 8], [4, 5], [3, 6]] def 1 k 3 | t1=0 t2=1 t3p=0 t3h=0 t4=0 t4s2=0 | R13=0 R134=0 R134s2=0 RT=1 RT4=1 RT4s2=1 | t4min 0
X k4_certs_4_pure.json.gz#123 7,176,47,44 [[7], [2, 8], [4, 5], [3, 6]] def 1 k 3 | t1=0 t2=1 t3p=0 t3h=0 t4=0 t4s2=0 | R13=0 R134=0 R134s2=0 RT=1 RT4=1 RT4s2=1 | t4min 0
X k4_certs_4_pure.json.gz#123 7,176,50,44 [[7], [2, 8], [4, 5], [3, 6]] def 1 k 3 | t1=0 t2=1 t3p=0 t3h=0 t4=0 t4s2=0 | R13=0 R134=0 R134s2=0 RT=1 RT4=1 RT4s2=1 | t4min 0
X k4_certs_4_pure.json.gz#123 7,176,55,44 [[7], [2, 8], [4, 5], [3, 6]] def 1 k 3 | t1=0 t2=1 t3p=0 t3h=0 t4=0 t4s2=0 | R13=0 R134=0 R134s2=0 RT=1 RT4=1 RT4s2=1 | t4min 0
X k4_certs_4_pure.json.gz#123 7,176,67,44 [[7], [2, 8], [4, 5], [3, 6]] def 1 k 3 | t1=0 t2=1 t3p=0 t3h=0 t4=0 t4s2=0 | R13=0 R134=0 R134s2=0 RT=1 RT4=1 RT4s2=1 | t4min 0
X k4_certs_4_pure.json.gz#123 7,176,82,44 [[7], [2, 8], [4, 5], [3, 6]] def 1 k 3 | t1=0 t2=1 t3p=0 t3h=0 t4=0 t4s2=0 | R13=0 R134=0 R134s2=0 RT=1 RT4=1 RT4s2=1 | t4min 0
X k4_certs_4_pure.json.gz#123 7,176,89,44 [[7], [2, 8], [4, 5], [3, 6]] def 1 k 3 | t1=0 t2=1 t3p=0 t3h=0 t4=0 t4s2=0 | R13=0 R134=0 R134s2=0 RT=1 RT4=1 RT4s2=1 | t4min 0
X k4_certs_4_pure.json.gz#123 7,176,92,44 [[7], [2, 8], [4, 5], [3, 6]] def 1 k 3 | t1=0 t2=1 t3p=0 t3h=0 t4=0 t4s2=0 | R13=0 R134=0 R134s2=0 RT=1 RT4=1 RT4s2=1 | t4min 0
X k4_certs_4_pure.json.gz#123 7,176,95,44 [[7], [2, 8], [4, 5], [3, 6]] def 1 k 3 | t1=0 t2=1 t3p=0 t3h=0 t4=0 t4s2=0 | R13=0 R134=0 R134s2=0 RT=1 RT4=1 RT4s2=1 | t4min 0
X k4_certs_4_pure.json.gz#123 7,176,99,44 [[7], [2, 8], [4, 5], [3, 6]] def 1 k 3 | t1=0 t2=1 t3p=0 t3h=0 t4=0 t4s2=0 | R13=0 R134=0 R134s2=0 RT=1 RT4=1 RT4s2=1 | t4min 0
X k4_certs_4_pure.json.gz#123 7,176,100,44 [[7], [2, 8], [4, 5], [3, 6]] def 1 k 3 | t1=0 t2=1 t3p=0 t3h=0 t4=0 t4s2=0 | R13=0 R134=0 R134s2=0 RT=1 RT4=1 RT4s2=1 | t4min 0
X k4_certs_4_pure.json.gz#123 7,176,104,44 [[7], [2, 8], [4, 5], [3, 6]] def 1 k 3 | t1=0 t2=1 t3p=0 t3h=0 t4=0 t4s2=0 | R13=0 R134=0 R134s2=0 RT=1 RT4=1 RT4s2=1 | t4min 0
X k4_certs_4_pure.json.gz#123 7,176,114,44 [[7], [2, 8], [4, 5], [3, 6]] def 1 k 3 | t1=0 t2=1 t3p=0 t3h=0 t4=0 t4s2=0 | R13=0 R134=0 R134s2=0 RT=1 RT4=1 RT4s2=1 | t4min 0
X k4_certs_4_pure.json.gz#123 7,176,128,44 [[7], [2, 8], [4, 5], [3, 6]] def 1 k 3 | t1=0 t2=1 t3p=0 t3h=0 t4=0 t4s2=0 | R13=0 R134=0 R134s2=0 RT=1 RT4=1 RT4s2=1 | t4min 0
X k4_certs_4_pure.json.gz#123 7,176,131,44 [[7], [2, 8], [4, 5], [3, 6]] def 1 k 3 | t1=0 t2=1 t3p=0 t3h=0 t4=0 t4s2=0 | R13=0 R134=0 R134s2=0 RT=1 RT4=1 RT4s2=1 | t4min 0
X k4_certs_4_pure.json.gz#123 7,176,134,44 [[7], [2, 8], [4, 5], [3, 6]] def 1 k 3 | t1=0 t2=1 t3p=0 t3h=0 t4=0 t4s2=0 | R13=0 R134=0 R134s2=0 RT=1 RT4=1 RT4s2=1 | t4min 0
X k4_certs_4_pure.json.gz#123 7,176,135,44 [[7], [2, 8], [4, 5], [3, 6]] def 1 k 3 | t1=0 t2=1 t3p=0 t3h=0 t4=0 t4s2=0 | R13=0 R134=0 R134s2=0 RT=1 RT4=1 RT4s2=1 | t4min 0
X k4_certs_4_pure.json.gz#123 7,176,152,44 [[7], [2, 8], [4, 5], [3, 6]] def 1 k 3 | t1=0 t2=1 t3p=0 t3h=0 t4=0 t4s2=0 | R13=0 R134=0 R134s2=0 RT=1 RT4=1 RT4s2=1 | t4min 0
X k4_certs_4_pure.json.gz#123 7,176,155,44 [[7], [2, 8], [4, 5], [3, 6]] def 1 k 3 | t1=0 t2=1 t3p=0 t3h=0 t4=0 t4s2=0 | R13=0 R134=0 R134s2=0 RT=1 RT4=1 RT4s2=1 | t4min 0
X k4_certs_4_pure.json.gz#123 7,176,160,44 [[7], [2, 8], [4, 5], [3, 6]] def 1 k 3 | t1=0 t2=1 t3p=0 t3h=0 t4=0 t4s2=0 | R13=0 R134=0 R134s2=0 RT=1 RT4=1 RT4s2=1 | t4min 0
X k4_certs_4_pure.json.gz#123 7,176,165,44 [[7], [2, 8], [4, 5], [3, 6]] def 1 k 3 | t1=0 t2=1 t3p=0 t3h=0 t4=0 t4s2=0 | R13=0 R134=0 R134s2=0 RT=1 RT4=1 RT4s2=1 | t4min 0
X k4_certs_4_pure.json.gz#123 7,176,174,44 [[7], [2, 8], [4, 5], [3, 6]] def 1 k 3 | t1=0 t2=1 t3p=0 t3h=0 t4=0 t4s2=0 | R13=0 R134=0 R134s2=0 RT=1 RT4=1 RT4s2=1 | t4min 0
X k4_certs_4_pure.json.gz#123 7,176,192,44 [[7], [2, 8], [4, 5], [3, 6]] def 1 k 3 | t1=0 t2=1 t3p=0 t3h=0 t4=0 t4s2=0 | R13=0 R134=0 R134s2=0 RT=1 RT4=1 RT4s2=1 | t4min 0
X k4_certs_4_pure.json.gz#123 7,176,193,44 [[7], [2, 8], [4, 5], [3, 6]] def 1 k 3 | t1=0 t2=1 t3p=0 t3h=0 t4=0 t4s2=0 | R13=0 R134=0 R134s2=0 RT=1 RT4=1 RT4s2=1 | t4min 0
X k4_certs_4_pure.json.gz#123 7,176,198,44 [[7], [2, 8], [4, 5], [3, 6]] def 1 k 3 | t1=0 t2=1 t3p=0 t3h=0 t4=0 t4s2=0 | R13=0 R134=0 R134s2=0 RT=1 RT4=1 RT4s2=1 | t4min 0
X k4_certs_4_pure.json.gz#123 7,176,201,44 [[7], [2, 8], [4, 5], [3, 6]] def 1 k 3 | t1=0 t2=1 t3p=0 t3h=0 t4=0 t4s2=0 | R13=0 R134=0 R134s2=0 RT=1 RT4=1 RT4s2=1 | t4min 0
X k4_certs_4_pure.json.gz#123 7,176,217,44 [[7], [2, 8], [4, 5], [3, 6]] def 1 k 3 | t1=0 t2=1 t3p=0 t3h=0 t4=0 t4s2=0 | R13=0 R134=0 R134s2=0 RT=1 RT4=1 RT4s2=1 | t4min 0
X k4_certs_4_pure.json.gz#123 7,176,222,44 [[7], [2, 8], [4, 5], [3, 6]] def 1 k 3 | t1=0 t2=1 t3p=0 t3h=0 t4=0 t4s2=0 | R13=0 R134=0 R134s2=0 RT=1 RT4=1 RT4s2=1 | t4min 0
X k4_certs_4_pure.json.gz#123 7,176,233,44 [[7], [2, 8], [4, 5], [3, 6]] def 1 k 3 | t1=0 t2=1 t3p=0 t3h=0 t4=0 t4s2=0 | R13=0 R134=0 R134s2=0 RT=1 RT4=1 RT4s2=1 | t4min 0
X k4_certs_4_pure.json.gz#123 7,176,234,44 [[7], [2, 8], [4, 5], [3, 6]] def 1 k 3 | t1=0 t2=1 t3p=0 t3h=0 t4=0 t4s2=0 | R13=0 R134=0 R134s2=0 RT=1 RT4=1 RT4s2=1 | t4min 0
X k4_certs_4_pure.json.gz#123 7,176,236,44 [[7], [2, 8], [4, 5], [3, 6]] def 1 k 3 | t1=0 t2=1 t3p=0 t3h=0 t4=0 t4s2=0 | R13=0 R134=0 R134s2=0 RT=1 RT4=1 RT4s2=1 | t4min 0
X k4_certs_4_pure.json.gz#123 7,176,237,44 [[7], [2, 8], [4, 5], [3, 6]] def 1 k 3 | t1=0 t2=1 t3p=0 t3h=0 t4=0 t4s2=0 | R13=0 R134=0 R134s2=0 RT=1 RT4=1 RT4s2=1 | t4min 0
X k4_certs_4_pure.json.gz#123 7,176,241,44 [[7], [2, 8], [4, 5], [3, 6]] def 1 k 3 | t1=0 t2=1 t3p=0 t3h=0 t4=0 t4s2=0 | R13=0 R134=0 R134s2=0 RT=1 RT4=1 RT4s2=1 | t4min 0
X k4_certs_4_pure.json.gz#123 7,176,242,44 [[7], [2, 8], [4, 5], [3, 6]] def 1 k 3 | t1=0 t2=1 t3p=0 t3h=0 t4=0 t4s2=0 | R13=0 R134=0 R134s2=0 RT=1 RT4=1 RT4s2=1 | t4min 0
X k4_certs_4_pure.json.gz#123 7,176,243,44 [[7], [2, 8], [4, 5], [3, 6]] def 1 k 3 | t1=0 t2=1 t3p=0 t3h=0 t4=0 t4s2=0 | R13=0 R134=0 R134s2=0 RT=1 RT4=1 RT4s2=1 | t4min 0
X k4_certs_4_pure.json.gz#123 7,176,245,44 [[7], [2, 8], [4, 5], [3, 6]] def 1 k 3 | t1=0 t2=1 t3p=0 t3h=0 t4=0 t4s2=0 | R13=0 R134=0 R134s2=0 RT=1 RT4=1 RT4s2=1 | t4min 0
X k4_certs_4_pure.json.gz#123 7,176,248,44 [[7], [2, 8], [4, 5], [3, 6]] def 1 k 3 | t1=0 t2=1 t3p=0 t3h=0 t4=0 t4s2=0 | R13=0 R134=0 R134s2=0 RT=1 RT4=1 RT4s2=1 | t4min 0
X k4_certs_4_pure.json.gz#123 7,176,249,44 [[7], [2, 8], [4, 5], [3, 6]] def 1 k 3 | t1=0 t2=1 t3p=0 t3h=0 t4=0 t4s2=0 | R13=0 R134=0 R134s2=0 RT=1 RT4=1 RT4s2=1 | t4min 0
X k4_certs_4_pure.json.gz#123 7,176,250,44 [[7], [2, 8], [4, 5], [3, 6]] def 1 k 3 | t1=0 t2=1 t3p=0 t3h=0 t4=0 t4s2=0 | R13=0 R134=0 R134s2=0 RT=1 RT4=1 RT4s2=1 | t4min 0
X k4_certs_4_pure.json.gz#123 7,176,252,44 [[7], [2, 8], [4, 5], [3, 6]] def 1 k 3 | t1=0 t2=1 t3p=0 t3h=0 t4=0 t4s2=0 | R13=0 R134=0 R134s2=0 RT=1 RT4=1 RT4s2=1 | t4min 0
X k4_certs_4_pure.json.gz#123 7,176,268,44 [[7], [2, 8], [4, 5], [3, 6]] def 1 k 3 | t1=0 t2=1 t3p=0 t3h=0 t4=0 t4s2=0 | R13=0 R134=0 R134s2=0 RT=1 RT4=1 RT4s2=1 | t4min 0
X k4_certs_4_pure.json.gz#123 7,176,269,44 [[7], [2, 8], [4, 5], [3, 6]] def 1 k 3 | t1=0 t2=1 t3p=0 t3h=0 t4=0 t4s2=0 | R13=0 R134=0 R134s2=0 RT=1 RT4=1 RT4s2=1 | t4min 0
X k4_certs_4_pure.json.gz#123 7,176,272,44 [[7], [2, 8], [4, 5], [3, 6]] def 1 k 3 | t1=0 t2=1 t3p=0 t3h=0 t4=0 t4s2=0 | R13=0 R134=0 R134s2=0 RT=1 RT4=1 RT4s2=1 | t4min 0
X k4_certs_4_pure.json.gz#123 7,176,273,44 [[7], [2, 8], [4, 5], [3, 6]] def 1 k 3 | t1=0 t2=1 t3p=0 t3h=0 t4=0 t4s2=0 | R13=0 R134=0 R134s2=0 RT=1 RT4=1 RT4s2=1 | t4min 0
X k4_certs_4_pure.json.gz#123 7,176,282,44 [[7], [2, 8], [4, 5], [3, 6]] def 1 k 3 | t1=0 t2=1 t3p=0 t3h=0 t4=0 t4s2=0 | R13=0 R134=0 R134s2=0 RT=1 RT4=1 RT4s2=1 | t4min 0
X k4_certs_4_pure.json.gz#123 7,176,284,44 [[7], [2, 8], [4, 5], [3, 6]] def 1 k 3 | t1=0 t2=1 t3p=0 t3h=0 t4=0 t4s2=0 | R13=0 R134=0 R134s2=0 RT=1 RT4=1 RT4s2=1 | t4min 0
X k4_certs_4_pure.json.gz#123 7,176,285,44 [[7], [2, 8], [4, 5], [3, 6]] def 1 k 3 | t1=0 t2=1 t3p=0 t3h=0 t4=0 t4s2=0 | R13=0 R134=0 R134s2=0 RT=1 RT4=1 RT4s2=1 | t4min 0
X k4_certs_4_pure.json.gz#123 7,176,286,44 [[7], [2, 8], [4, 5], [3, 6]] def 1 k 3 | t1=0 t2=1 t3p=0 t3h=0 t4=0 t4s2=0 | R13=0 R134=0 R134s2=0 RT=1 RT4=1 RT4s2=1 | t4min 0
X k4_certs_4_pure.json.gz#123 7,177,11,44 [[7], [2, 8], [4, 5], [3, 6]] def 1 k 3 | t1=0 t2=1 t3p=0 t3h=0 t4=0 t4s2=0 | R13=0 R134=0 R134s2=0 RT=1 RT4=1 RT4s2=1 | t4min 0
X k4_certs_4_pure.json.gz#123 7,177,13,44 [[7], [2, 8], [4, 5], [3, 6]] def 1 k 3 | t1=0 t2=1 t3p=0 t3h=0 t4=0 t4s2=0 | R13=0 R134=0 R134s2=0 RT=1 RT4=1 RT4s2=1 | t4min 0
X k4_certs_4_pure.json.gz#123 7,177,18,44 [[7], [2, 8], [4, 5], [3, 6]] def 1 k 3 | t1=0 t2=1 t3p=0 t3h=0 t4=0 t4s2=0 | R13=0 R134=0 R134s2=0 RT=1 RT4=1 RT4s2=1 | t4min 0
X k4_certs_4_pure.json.gz#123 7,177,25,44 [[7], [2, 8], [4, 5], [3, 6]] def 1 k 3 | t1=0 t2=1 t3p=0 t3h=0 t4=0 t4s2=0 | R13=0 R134=0 R134s2=0 RT=1 RT4=1 RT4s2=1 | t4min 0
X k4_certs_4_pure.json.gz#123 7,177,47,44 [[7], [2, 8], [4, 5], [3, 6]] def 1 k 3 | t1=0 t2=1 t3p=0 t3h=0 t4=0 t4s2=0 | R13=0 R134=0 R134s2=0 RT=1 RT4=1 RT4s2=1 | t4min 0
X k4_certs_4_pure.json.gz#123 7,177,50,44 [[7], [2, 8], [4, 5], [3, 6]] def 1 k 3 | t1=0 t2=1 t3p=0 t3h=0 t4=0 t4s2=0 | R13=0 R134=0 R134s2=0 RT=1 RT4=1 RT4s2=1 | t4min 0
X k4_certs_4_pure.json.gz#123 7,177,55,44 [[7], [2, 8], [4, 5], [3, 6]] def 1 k 3 | t1=0 t2=1 t3p=0 t3h=0 t4=0 t4s2=0 | R13=0 R134=0 R134s2=0 RT=1 RT4=1 RT4s2=1 | t4min 0
X k4_certs_4_pure.json.gz#123 7,177,67,44 [[7], [2, 8], [4, 5], [3, 6]] def 1 k 3 | t1=0 t2=1 t3p=0 t3h=0 t4=0 t4s2=0 | R13=0 R134=0 R134s2=0 RT=1 RT4=1 RT4s2=1 | t4min 0
X k4_certs_4_pure.json.gz#123 7,177,82,44 [[7], [2, 8], [4, 5], [3, 6]] def 1 k 3 | t1=0 t2=1 t3p=0 t3h=0 t4=0 t4s2=0 | R13=0 R134=0 R134s2=0 RT=1 RT4=1 RT4s2=1 | t4min 0
X k4_certs_4_pure.json.gz#123 7,177,89,44 [[7], [2, 8], [4, 5], [3, 6]] def 1 k 3 | t1=0 t2=1 t3p=0 t3h=0 t4=0 t4s2=0 | R13=0 R134=0 R134s2=0 RT=1 RT4=1 RT4s2=1 | t4min 0
X k4_certs_4_pure.json.gz#123 7,177,92,44 [[7], [2, 8], [4, 5], [3, 6]] def 1 k 3 | t1=0 t2=1 t3p=0 t3h=0 t4=0 t4s2=0 | R13=0 R134=0 R134s2=0 RT=1 RT4=1 RT4s2=1 | t4min 0
X k4_certs_4_pure.json.gz#123 7,177,95,44 [[7], [2, 8], [4, 5], [3, 6]] def 1 k 3 | t1=0 t2=1 t3p=0 t3h=0 t4=0 t4s2=0 | R13=0 R134=0 R134s2=0 RT=1 RT4=1 RT4s2=1 | t4min 0
X k4_certs_4_pure.json.gz#123 7,177,99,44 [[7], [2, 8], [4, 5], [3, 6]] def 1 k 3 | t1=0 t2=1 t3p=0 t3h=0 t4=0 t4s2=0 | R13=0 R134=0 R134s2=0 RT=1 RT4=1 RT4s2=1 | t4min 0
X k4_certs_4_pure.json.gz#123 7,177,100,44 [[7], [2, 8], [4, 5], [3, 6]] def 1 k 3 | t1=0 t2=1 t3p=0 t3h=0 t4=0 t4s2=0 | R13=0 R134=0 R134s2=0 RT=1 RT4=1 RT4s2=1 | t4min 0
X k4_certs_4_pure.json.gz#123 7,177,104,44 [[7], [2, 8], [4, 5], [3, 6]] def 1 k 3 | t1=0 t2=1 t3p=0 t3h=0 t4=0 t4s2=0 | R13=0 R134=0 R134s2=0 RT=1 RT4=1 RT4s2=1 | t4min 0
X k4_certs_4_pure.json.gz#123 7,177,114,44 [[7], [2, 8], [4, 5], [3, 6]] def 1 k 3 | t1=0 t2=1 t3p=0 t3h=0 t4=0 t4s2=0 | R13=0 R134=0 R134s2=0 RT=1 RT4=1 RT4s2=1 | t4min 0
X k4_certs_4_pure.json.gz#123 7,177,128,44 [[7], [2, 8], [4, 5], [3, 6]] def 1 k 3 | t1=0 t2=1 t3p=0 t3h=0 t4=0 t4s2=0 | R13=0 R134=0 R134s2=0 RT=1 RT4=1 RT4s2=1 | t4min 0
X k4_certs_4_pure.json.gz#123 7,177,131,44 [[7], [2, 8], [4, 5], [3, 6]] def 1 k 3 | t1=0 t2=1 t3p=0 t3h=0 t4=0 t4s2=0 | R13=0 R134=0 R134s2=0 RT=1 RT4=1 RT4s2=1 | t4min 0
X k4_certs_4_pure.json.gz#123 7,177,134,44 [[7], [2, 8], [4, 5], [3, 6]] def 1 k 3 | t1=0 t2=1 t3p=0 t3h=0 t4=0 t4s2=0 | R13=0 R134=0 R134s2=0 RT=1 RT4=1 RT4s2=1 | t4min 0
X k4_certs_4_pure.json.gz#123 7,177,135,44 [[7], [2, 8], [4, 5], [3, 6]] def 1 k 3 | t1=0 t2=1 t3p=0 t3h=0 t4=0 t4s2=0 | R13=0 R134=0 R134s2=0 RT=1 RT4=1 RT4s2=1 | t4min 0
X k4_certs_4_pure.json.gz#123 7,177,152,44 [[7], [2, 8], [4, 5], [3, 6]] def 1 k 3 | t1=0 t2=1 t3p=0 t3h=0 t4=0 t4s2=0 | R13=0 R134=0 R134s2=0 RT=1 RT4=1 RT4s2=1 | t4min 0
X k4_certs_4_pure.json.gz#123 7,177,155,44 [[7], [2, 8], [4, 5], [3, 6]] def 1 k 3 | t1=0 t2=1 t3p=0 t3h=0 t4=0 t4s2=0 | R13=0 R134=0 R134s2=0 RT=1 RT4=1 RT4s2=1 | t4min 0
X k4_certs_4_pure.json.gz#123 7,177,160,44 [[7], [2, 8], [4, 5], [3, 6]] def 1 k 3 | t1=0 t2=1 t3p=0 t3h=0 t4=0 t4s2=0 | R13=0 R134=0 R134s2=0 RT=1 RT4=1 RT4s2=1 | t4min 0
X k4_certs_4_pure.json.gz#123 7,177,165,44 [[7], [2, 8], [4, 5], [3, 6]] def 1 k 3 | t1=0 t2=1 t3p=0 t3h=0 t4=0 t4s2=0 | R13=0 R134=0 R134s2=0 RT=1 RT4=1 RT4s2=1 | t4min 0
X k4_certs_4_pure.json.gz#123 7,177,174,44 [[7], [2, 8], [4, 5], [3, 6]] def 1 k 3 | t1=0 t2=1 t3p=0 t3h=0 t4=0 t4s2=0 | R13=0 R134=0 R134s2=0 RT=1 RT4=1 RT4s2=1 | t4min 0
X k4_certs_4_pure.json.gz#123 7,177,192,44 [[7], [2, 8], [4, 5], [3, 6]] def 1 k 3 | t1=0 t2=1 t3p=0 t3h=0 t4=0 t4s2=0 | R13=0 R134=0 R134s2=0 RT=1 RT4=1 RT4s2=1 | t4min 0
X k4_certs_4_pure.json.gz#123 7,177,193,44 [[7], [2, 8], [4, 5], [3, 6]] def 1 k 3 | t1=0 t2=1 t3p=0 t3h=0 t4=0 t4s2=0 | R13=0 R134=0 R134s2=0 RT=1 RT4=1 RT4s2=1 | t4min 0
X k4_certs_4_pure.json.gz#123 7,177,198,44 [[7], [2, 8], [4, 5], [3, 6]] def 1 k 3 | t1=0 t2=1 t3p=0 t3h=0 t4=0 t4s2=0 | R13=0 R134=0 R134s2=0 RT=1 RT4=1 RT4s2=1 | t4min 0
X k4_certs_4_pure.json.gz#123 7,177,201,44 [[7], [2, 8], [4, 5], [3, 6]] def 1 k 3 | t1=0 t2=1 t3p=0 t3h=0 t4=0 t4s2=0 | R13=0 R134=0 R134s2=0 RT=1 RT4=1 RT4s2=1 | t4min 0
X k4_certs_4_pure.json.gz#123 7,177,217,44 [[7], [2, 8], [4, 5], [3, 6]] def 1 k 3 | t1=0 t2=1 t3p=0 t3h=0 t4=0 t4s2=0 | R13=0 R134=0 R134s2=0 RT=1 RT4=1 RT4s2=1 | t4min 0
X k4_certs_4_pure.json.gz#123 7,177,222,44 [[7], [2, 8], [4, 5], [3, 6]] def 1 k 3 | t1=0 t2=1 t3p=0 t3h=0 t4=0 t4s2=0 | R13=0 R134=0 R134s2=0 RT=1 RT4=1 RT4s2=1 | t4min 0
X k4_certs_4_pure.json.gz#123 7,177,233,44 [[7], [2, 8], [4, 5], [3, 6]] def 1 k 3 | t1=0 t2=1 t3p=0 t3h=0 t4=0 t4s2=0 | R13=0 R134=0 R134s2=0 RT=1 RT4=1 RT4s2=1 | t4min 0
X k4_certs_4_pure.json.gz#123 7,177,234,44 [[7], [2, 8], [4, 5], [3, 6]] def 1 k 3 | t1=0 t2=1 t3p=0 t3h=0 t4=0 t4s2=0 | R13=0 R134=0 R134s2=0 RT=1 RT4=1 RT4s2=1 | t4min 0
X k4_certs_4_pure.json.gz#123 7,177,236,44 [[7], [2, 8], [4, 5], [3, 6]] def 1 k 3 | t1=0 t2=1 t3p=0 t3h=0 t4=0 t4s2=0 | R13=0 R134=0 R134s2=0 RT=1 RT4=1 RT4s2=1 | t4min 0
X k4_certs_4_pure.json.gz#123 7,177,237,44 [[7], [2, 8], [4, 5], [3, 6]] def 1 k 3 | t1=0 t2=1 t3p=0 t3h=0 t4=0 t4s2=0 | R13=0 R134=0 R134s2=0 RT=1 RT4=1 RT4s2=1 | t4min 0
X k4_certs_4_pure.json.gz#123 7,177,241,44 [[7], [2, 8], [4, 5], [3, 6]] def 1 k 3 | t1=0 t2=1 t3p=0 t3h=0 t4=0 t4s2=0 | R13=0 R134=0 R134s2=0 RT=1 RT4=1 RT4s2=1 | t4min 0
X k4_certs_4_pure.json.gz#123 7,177,242,44 [[7], [2, 8], [4, 5], [3, 6]] def 1 k 3 | t1=0 t2=1 t3p=0 t3h=0 t4=0 t4s2=0 | R13=0 R134=0 R134s2=0 RT=1 RT4=1 RT4s2=1 | t4min 0
X k4_certs_4_pure.json.gz#123 7,177,243,44 [[7], [2, 8], [4, 5], [3, 6]] def 1 k 3 | t1=0 t2=1 t3p=0 t3h=0 t4=0 t4s2=0 | R13=0 R134=0 R134s2=0 RT=1 RT4=1 RT4s2=1 | t4min 0
X k4_certs_4_pure.json.gz#123 7,177,245,44 [[7], [2, 8], [4, 5], [3, 6]] def 1 k 3 | t1=0 t2=1 t3p=0 t3h=0 t4=0 t4s2=0 | R13=0 R134=0 R134s2=0 RT=1 RT4=1 RT4s2=1 | t4min 0
X k4_certs_4_pure.json.gz#123 7,177,248,44 [[7], [2, 8], [4, 5], [3, 6]] def 1 k 3 | t1=0 t2=1 t3p=0 t3h=0 t4=0 t4s2=0 | R13=0 R134=0 R134s2=0 RT=1 RT4=1 RT4s2=1 | t4min 0
X k4_certs_4_pure.json.gz#123 7,177,249,44 [[7], [2, 8], [4, 5], [3, 6]] def 1 k 3 | t1=0 t2=1 t3p=0 t3h=0 t4=0 t4s2=0 | R13=0 R134=0 R134s2=0 RT=1 RT4=1 RT4s2=1 | t4min 0
X k4_certs_4_pure.json.gz#123 7,177,250,44 [[7], [2, 8], [4, 5], [3, 6]] def 1 k 3 | t1=0 t2=1 t3p=0 t3h=0 t4=0 t4s2=0 | R13=0 R134=0 R134s2=0 RT=1 RT4=1 RT4s2=1 | t4min 0
X k4_certs_4_pure.json.gz#123 7,177,252,44 [[7], [2, 8], [4, 5], [3, 6]] def 1 k 3 | t1=0 t2=1 t3p=0 t3h=0 t4=0 t4s2=0 | R13=0 R134=0 R134s2=0 RT=1 RT4=1 RT4s2=1 | t4min 0
X k4_certs_4_pure.json.gz#123 7,177,268,44 [[7], [2, 8], [4, 5], [3, 6]] def 1 k 3 | t1=0 t2=1 t3p=0 t3h=0 t4=0 t4s2=0 | R13=0 R134=0 R134s2=0 RT=1 RT4=1 RT4s2=1 | t4min 0
X k4_certs_4_pure.json.gz#123 7,177,269,44 [[7], [2, 8], [4, 5], [3, 6]] def 1 k 3 | t1=0 t2=1 t3p=0 t3h=0 t4=0 t4s2=0 | R13=0 R134=0 R134s2=0 RT=1 RT4=1 RT4s2=1 | t4min 0
X k4_certs_4_pure.json.gz#123 7,177,272,44 [[7], [2, 8], [4, 5], [3, 6]] def 1 k 3 | t1=0 t2=1 t3p=0 t3h=0 t4=0 t4s2=0 | R13=0 R134=0 R134s2=0 RT=1 RT4=1 RT4s2=1 | t4min 0
X k4_certs_4_pure.json.gz#123 7,177,273,44 [[7], [2, 8], [4, 5], [3, 6]] def 1 k 3 | t1=0 t2=1 t3p=0 t3h=0 t4=0 t4s2=0 | R13=0 R134=0 R134s2=0 RT=1 RT4=1 RT4s2=1 | t4min 0
X k4_certs_4_pure.json.gz#123 7,177,282,44 [[7], [2, 8], [4, 5], [3, 6]] def 1 k 3 | t1=0 t2=1 t3p=0 t3h=0 t4=0 t4s2=0 | R13=0 R134=0 R134s2=0 RT=1 RT4=1 RT4s2=1 | t4min 0
X k4_certs_4_pure.json.gz#123 7,177,284,44 [[7], [2, 8], [4, 5], [3, 6]] def 1 k 3 | t1=0 t2=1 t3p=0 t3h=0 t4=0 t4s2=0 | R13=0 R134=0 R134s2=0 RT=1 RT4=1 RT4s2=1 | t4min 0
X k4_certs_4_pure.json.gz#123 7,177,285,44 [[7], [2, 8], [4, 5], [3, 6]] def 1 k 3 | t1=0 t2=1 t3p=0 t3h=0 t4=0 t4s2=0 | R13=0 R134=0 R134s2=0 RT=1 RT4=1 RT4s2=1 | t4min 0
X k4_certs_4_pure.json.gz#123 7,177,286,44 [[7], [2, 8], [4, 5], [3, 6]] def 1 k 3 | t1=0 t2=1 t3p=0 t3h=0 t4=0 t4s2=0 | R13=0 R134=0 R134s2=0 RT=1 RT4=1 RT4s2=1 | t4min 0
X k4_certs_4_pure.json.gz#123 7,178,11,44 [[7], [2, 8], [4, 5], [3, 6]] def 1 k 3 | t1=0 t2=1 t3p=0 t3h=0 t4=0 t4s2=0 | R13=0 R134=0 R134s2=0 RT=1 RT4=1 RT4s2=1 | t4min 0
X k4_certs_4_pure.json.gz#123 7,178,13,44 [[7], [2, 8], [4, 5], [3, 6]] def 1 k 3 | t1=0 t2=1 t3p=0 t3h=0 t4=0 t4s2=0 | R13=0 R134=0 R134s2=0 RT=1 RT4=1 RT4s2=1 | t4min 0
X k4_certs_4_pure.json.gz#123 7,178,18,44 [[7], [2, 8], [4, 5], [3, 6]] def 1 k 3 | t1=0 t2=1 t3p=0 t3h=0 t4=0 t4s2=0 | R13=0 R134=0 R134s2=0 RT=1 RT4=1 RT4s2=1 | t4min 0
X k4_certs_4_pure.json.gz#123 7,178,25,44 [[7], [2, 8], [4, 5], [3, 6]] def 1 k 3 | t1=0 t2=1 t3p=0 t3h=0 t4=0 t4s2=0 | R13=0 R134=0 R134s2=0 RT=1 RT4=1 RT4s2=1 | t4min 0
X k4_certs_4_pure.json.gz#123 7,178,47,44 [[7], [2, 8], [4, 5], [3, 6]] def 1 k 3 | t1=0 t2=1 t3p=0 t3h=0 t4=0 t4s2=0 | R13=0 R134=0 R134s2=0 RT=1 RT4=1 RT4s2=1 | t4min 0
X k4_certs_4_pure.json.gz#123 7,178,50,44 [[7], [2, 8], [4, 5], [3, 6]] def 1 k 3 | t1=0 t2=1 t3p=0 t3h=0 t4=0 t4s2=0 | R13=0 R134=0 R134s2=0 RT=1 RT4=1 RT4s2=1 | t4min 0
X k4_certs_4_pure.json.gz#123 7,178,55,44 [[7], [2, 8], [4, 5], [3, 6]] def 1 k 3 | t1=0 t2=1 t3p=0 t3h=0 t4=0 t4s2=0 | R13=0 R134=0 R134s2=0 RT=1 RT4=1 RT4s2=1 | t4min 0
X k4_certs_4_pure.json.gz#123 7,178,67,44 [[7], [2, 8], [4, 5], [3, 6]] def 1 k 3 | t1=0 t2=1 t3p=0 t3h=0 t4=0 t4s2=0 | R13=0 R134=0 R134s2=0 RT=1 RT4=1 RT4s2=1 | t4min 0
X k4_certs_4_pure.json.gz#123 7,178,82,44 [[7], [2, 8], [4, 5], [3, 6]] def 1 k 3 | t1=0 t2=1 t3p=0 t3h=0 t4=0 t4s2=0 | R13=0 R134=0 R134s2=0 RT=1 RT4=1 RT4s2=1 | t4min 0
X k4_certs_4_pure.json.gz#123 7,178,89,44 [[7], [2, 8], [4, 5], [3, 6]] def 1 k 3 | t1=0 t2=1 t3p=0 t3h=0 t4=0 t4s2=0 | R13=0 R134=0 R134s2=0 RT=1 RT4=1 RT4s2=1 | t4min 0
X k4_certs_4_pure.json.gz#123 7,178,92,44 [[7], [2, 8], [4, 5], [3, 6]] def 1 k 3 | t1=0 t2=1 t3p=0 t3h=0 t4=0 t4s2=0 | R13=0 R134=0 R134s2=0 RT=1 RT4=1 RT4s2=1 | t4min 0
X k4_certs_4_pure.json.gz#123 7,178,95,44 [[7], [2, 8], [4, 5], [3, 6]] def 1 k 3 | t1=0 t2=1 t3p=0 t3h=0 t4=0 t4s2=0 | R13=0 R134=0 R134s2=0 RT=1 RT4=1 RT4s2=1 | t4min 0
X k4_certs_4_pure.json.gz#123 7,178,99,44 [[7], [2, 8], [4, 5], [3, 6]] def 1 k 3 | t1=0 t2=1 t3p=0 t3h=0 t4=0 t4s2=0 | R13=0 R134=0 R134s2=0 RT=1 RT4=1 RT4s2=1 | t4min 0
X k4_certs_4_pure.json.gz#123 7,178,100,44 [[7], [2, 8], [4, 5], [3, 6]] def 1 k 3 | t1=0 t2=1 t3p=0 t3h=0 t4=0 t4s2=0 | R13=0 R134=0 R134s2=0 RT=1 RT4=1 RT4s2=1 | t4min 0
X k4_certs_4_pure.json.gz#123 7,178,104,44 [[7], [2, 8], [4, 5], [3, 6]] def 1 k 3 | t1=0 t2=1 t3p=0 t3h=0 t4=0 t4s2=0 | R13=0 R134=0 R134s2=0 RT=1 RT4=1 RT4s2=1 | t4min 0
X k4_certs_4_pure.json.gz#123 7,178,114,44 [[7], [2, 8], [4, 5], [3, 6]] def 1 k 3 | t1=0 t2=1 t3p=0 t3h=0 t4=0 t4s2=0 | R13=0 R134=0 R134s2=0 RT=1 RT4=1 RT4s2=1 | t4min 0
X k4_certs_4_pure.json.gz#123 7,178,128,44 [[7], [2, 8], [4, 5], [3, 6]] def 1 k 3 | t1=0 t2=1 t3p=0 t3h=0 t4=0 t4s2=0 | R13=0 R134=0 R134s2=0 RT=1 RT4=1 RT4s2=1 | t4min 0
X k4_certs_4_pure.json.gz#123 7,178,131,44 [[7], [2, 8], [4, 5], [3, 6]] def 1 k 3 | t1=0 t2=1 t3p=0 t3h=0 t4=0 t4s2=0 | R13=0 R134=0 R134s2=0 RT=1 RT4=1 RT4s2=1 | t4min 0
X k4_certs_4_pure.json.gz#123 7,178,134,44 [[7], [2, 8], [4, 5], [3, 6]] def 1 k 3 | t1=0 t2=1 t3p=0 t3h=0 t4=0 t4s2=0 | R13=0 R134=0 R134s2=0 RT=1 RT4=1 RT4s2=1 | t4min 0
X k4_certs_4_pure.json.gz#123 7,178,135,44 [[7], [2, 8], [4, 5], [3, 6]] def 1 k 3 | t1=0 t2=1 t3p=0 t3h=0 t4=0 t4s2=0 | R13=0 R134=0 R134s2=0 RT=1 RT4=1 RT4s2=1 | t4min 0
X k4_certs_4_pure.json.gz#123 7,178,152,44 [[7], [2, 8], [4, 5], [3, 6]] def 1 k 3 | t1=0 t2=1 t3p=0 t3h=0 t4=0 t4s2=0 | R13=0 R134=0 R134s2=0 RT=1 RT4=1 RT4s2=1 | t4min 0
X k4_certs_4_pure.json.gz#123 7,178,155,44 [[7], [2, 8], [4, 5], [3, 6]] def 1 k 3 | t1=0 t2=1 t3p=0 t3h=0 t4=0 t4s2=0 | R13=0 R134=0 R134s2=0 RT=1 RT4=1 RT4s2=1 | t4min 0
X k4_certs_4_pure.json.gz#123 7,178,160,44 [[7], [2, 8], [4, 5], [3, 6]] def 1 k 3 | t1=0 t2=1 t3p=0 t3h=0 t4=0 t4s2=0 | R13=0 R134=0 R134s2=0 RT=1 RT4=1 RT4s2=1 | t4min 0
X k4_certs_4_pure.json.gz#123 7,178,165,44 [[7], [2, 8], [4, 5], [3, 6]] def 1 k 3 | t1=0 t2=1 t3p=0 t3h=0 t4=0 t4s2=0 | R13=0 R134=0 R134s2=0 RT=1 RT4=1 RT4s2=1 | t4min 0
X k4_certs_4_pure.json.gz#123 7,178,174,44 [[7], [2, 8], [4, 5], [3, 6]] def 1 k 3 | t1=0 t2=1 t3p=0 t3h=0 t4=0 t4s2=0 | R13=0 R134=0 R134s2=0 RT=1 RT4=1 RT4s2=1 | t4min 0
X k4_certs_4_pure.json.gz#123 7,178,192,44 [[7], [2, 8], [4, 5], [3, 6]] def 1 k 3 | t1=0 t2=1 t3p=0 t3h=0 t4=0 t4s2=0 | R13=0 R134=0 R134s2=0 RT=1 RT4=1 RT4s2=1 | t4min 0
X k4_certs_4_pure.json.gz#123 7,178,193,44 [[7], [2, 8], [4, 5], [3, 6]] def 1 k 3 | t1=0 t2=1 t3p=0 t3h=0 t4=0 t4s2=0 | R13=0 R134=0 R134s2=0 RT=1 RT4=1 RT4s2=1 | t4min 0
X k4_certs_4_pure.json.gz#123 7,178,198,44 [[7], [2, 8], [4, 5], [3, 6]] def 1 k 3 | t1=0 t2=1 t3p=0 t3h=0 t4=0 t4s2=0 | R13=0 R134=0 R134s2=0 RT=1 RT4=1 RT4s2=1 | t4min 0
X k4_certs_4_pure.json.gz#123 7,178,201,44 [[7], [2, 8], [4, 5], [3, 6]] def 1 k 3 | t1=0 t2=1 t3p=0 t3h=0 t4=0 t4s2=0 | R13=0 R134=0 R134s2=0 RT=1 RT4=1 RT4s2=1 | t4min 0
X k4_certs_4_pure.json.gz#123 7,178,217,44 [[7], [2, 8], [4, 5], [3, 6]] def 1 k 3 | t1=0 t2=1 t3p=0 t3h=0 t4=0 t4s2=0 | R13=0 R134=0 R134s2=0 RT=1 RT4=1 RT4s2=1 | t4min 0
X k4_certs_4_pure.json.gz#123 7,178,222,44 [[7], [2, 8], [4, 5], [3, 6]] def 1 k 3 | t1=0 t2=1 t3p=0 t3h=0 t4=0 t4s2=0 | R13=0 R134=0 R134s2=0 RT=1 RT4=1 RT4s2=1 | t4min 0
X k4_certs_4_pure.json.gz#123 7,178,233,44 [[7], [2, 8], [4, 5], [3, 6]] def 1 k 3 | t1=0 t2=1 t3p=0 t3h=0 t4=0 t4s2=0 | R13=0 R134=0 R134s2=0 RT=1 RT4=1 RT4s2=1 | t4min 0
X k4_certs_4_pure.json.gz#123 7,178,234,44 [[7], [2, 8], [4, 5], [3, 6]] def 1 k 3 | t1=0 t2=1 t3p=0 t3h=0 t4=0 t4s2=0 | R13=0 R134=0 R134s2=0 RT=1 RT4=1 RT4s2=1 | t4min 0
X k4_certs_4_pure.json.gz#123 7,178,236,44 [[7], [2, 8], [4, 5], [3, 6]] def 1 k 3 | t1=0 t2=1 t3p=0 t3h=0 t4=0 t4s2=0 | R13=0 R134=0 R134s2=0 RT=1 RT4=1 RT4s2=1 | t4min 0
X k4_certs_4_pure.json.gz#123 7,178,237,44 [[7], [2, 8], [4, 5], [3, 6]] def 1 k 3 | t1=0 t2=1 t3p=0 t3h=0 t4=0 t4s2=0 | R13=0 R134=0 R134s2=0 RT=1 RT4=1 RT4s2=1 | t4min 0
X k4_certs_4_pure.json.gz#123 7,178,241,44 [[7], [2, 8], [4, 5], [3, 6]] def 1 k 3 | t1=0 t2=1 t3p=0 t3h=0 t4=0 t4s2=0 | R13=0 R134=0 R134s2=0 RT=1 RT4=1 RT4s2=1 | t4min 0
X k4_certs_4_pure.json.gz#123 7,178,242,44 [[7], [2, 8], [4, 5], [3, 6]] def 1 k 3 | t1=0 t2=1 t3p=0 t3h=0 t4=0 t4s2=0 | R13=0 R134=0 R134s2=0 RT=1 RT4=1 RT4s2=1 | t4min 0
X k4_certs_4_pure.json.gz#123 7,178,243,44 [[7], [2, 8], [4, 5], [3, 6]] def 1 k 3 | t1=0 t2=1 t3p=0 t3h=0 t4=0 t4s2=0 | R13=0 R134=0 R134s2=0 RT=1 RT4=1 RT4s2=1 | t4min 0
X k4_certs_4_pure.json.gz#123 7,178,245,44 [[7], [2, 8], [4, 5], [3, 6]] def 1 k 3 | t1=0 t2=1 t3p=0 t3h=0 t4=0 t4s2=0 | R13=0 R134=0 R134s2=0 RT=1 RT4=1 RT4s2=1 | t4min 0
X k4_certs_4_pure.json.gz#123 7,178,248,44 [[7], [2, 8], [4, 5], [3, 6]] def 1 k 3 | t1=0 t2=1 t3p=0 t3h=0 t4=0 t4s2=0 | R13=0 R134=0 R134s2=0 RT=1 RT4=1 RT4s2=1 | t4min 0
X k4_certs_4_pure.json.gz#123 7,178,249,44 [[7], [2, 8], [4, 5], [3, 6]] def 1 k 3 | t1=0 t2=1 t3p=0 t3h=0 t4=0 t4s2=0 | R13=0 R134=0 R134s2=0 RT=1 RT4=1 RT4s2=1 | t4min 0
X k4_certs_4_pure.json.gz#123 7,178,250,44 [[7], [2, 8], [4, 5], [3, 6]] def 1 k 3 | t1=0 t2=1 t3p=0 t3h=0 t4=0 t4s2=0 | R13=0 R134=0 R134s2=0 RT=1 RT4=1 RT4s2=1 | t4min 0
X k4_certs_4_pure.json.gz#123 7,178,252,44 [[7], [2, 8], [4, 5], [3, 6]] def 1 k 3 | t1=0 t2=1 t3p=0 t3h=0 t4=0 t4s2=0 | R13=0 R134=0 R134s2=0 RT=1 RT4=1 RT4s2=1 | t4min 0
X k4_certs_4_pure.json.gz#123 7,178,268,44 [[7], [2, 8], [4, 5], [3, 6]] def 1 k 3 | t1=0 t2=1 t3p=0 t3h=0 t4=0 t4s2=0 | R13=0 R134=0 R134s2=0 RT=1 RT4=1 RT4s2=1 | t4min 0
X k4_certs_4_pure.json.gz#123 7,178,269,44 [[7], [2, 8], [4, 5], [3, 6]] def 1 k 3 | t1=0 t2=1 t3p=0 t3h=0 t4=0 t4s2=0 | R13=0 R134=0 R134s2=0 RT=1 RT4=1 RT4s2=1 | t4min 0
X k4_certs_4_pure.json.gz#123 7,178,272,44 [[7], [2, 8], [4, 5], [3, 6]] def 1 k 3 | t1=0 t2=1 t3p=0 t3h=0 t4=0 t4s2=0 | R13=0 R134=0 R134s2=0 RT=1 RT4=1 RT4s2=1 | t4min 0
X k4_certs_4_pure.json.gz#123 7,178,273,44 [[7], [2, 8], [4, 5], [3, 6]] def 1 k 3 | t1=0 t2=1 t3p=0 t3h=0 t4=0 t4s2=0 | R13=0 R134=0 R134s2=0 RT=1 RT4=1 RT4s2=1 | t4min 0
X k4_certs_4_pure.json.gz#123 7,178,282,44 [[7], [2, 8], [4, 5], [3, 6]] def 1 k 3 | t1=0 t2=1 t3p=0 t3h=0 t4=0 t4s2=0 | R13=0 R134=0 R134s2=0 RT=1 RT4=1 RT4s2=1 | t4min 0
X k4_certs_4_pure.json.gz#123 7,178,284,44 [[7], [2, 8], [4, 5], [3, 6]] def 1 k 3 | t1=0 t2=1 t3p=0 t3h=0 t4=0 t4s2=0 | R13=0 R134=0 R134s2=0 RT=1 RT4=1 RT4s2=1 | t4min 0
X k4_certs_4_pure.json.gz#123 7,178,285,44 [[7], [2, 8], [4, 5], [3, 6]] def 1 k 3 | t1=0 t2=1 t3p=0 t3h=0 t4=0 t4s2=0 | R13=0 R134=0 R134s2=0 RT=1 RT4=1 RT4s2=1 | t4min 0
X k4_certs_4_pure.json.gz#123 7,178,286,44 [[7], [2, 8], [4, 5], [3, 6]] def 1 k 3 | t1=0 t2=1 t3p=0 t3h=0 t4=0 t4s2=0 | R13=0 R134=0 R134s2=0 RT=1 RT4=1 RT4s2=1 | t4min 0
X k4_certs_4_pure.json.gz#123 7,190,11,44 [[7], [2, 8], [4, 5], [3, 6]] def 1 k 3 | t1=0 t2=1 t3p=0 t3h=0 t4=0 t4s2=0 | R13=0 R134=0 R134s2=0 RT=1 RT4=1 RT4s2=1 | t4min 0
X k4_certs_4_pure.json.gz#123 7,190,13,44 [[7], [2, 8], [4, 5], [3, 6]] def 1 k 3 | t1=0 t2=1 t3p=0 t3h=0 t4=0 t4s2=0 | R13=0 R134=0 R134s2=0 RT=1 RT4=1 RT4s2=1 | t4min 0
X k4_certs_4_pure.json.gz#123 7,190,18,44 [[7], [2, 8], [4, 5], [3, 6]] def 1 k 3 | t1=0 t2=1 t3p=0 t3h=0 t4=0 t4s2=0 | R13=0 R134=0 R134s2=0 RT=1 RT4=1 RT4s2=1 | t4min 0
X k4_certs_4_pure.json.gz#123 7,190,25,44 [[7], [2, 8], [4, 5], [3, 6]] def 1 k 3 | t1=0 t2=1 t3p=0 t3h=0 t4=0 t4s2=0 | R13=0 R134=0 R134s2=0 RT=1 RT4=1 RT4s2=1 | t4min 0
X k4_certs_4_pure.json.gz#123 7,190,47,44 [[7], [2, 8], [4, 5], [3, 6]] def 1 k 3 | t1=0 t2=1 t3p=0 t3h=0 t4=0 t4s2=0 | R13=0 R134=0 R134s2=0 RT=1 RT4=1 RT4s2=1 | t4min 0
X k4_certs_4_pure.json.gz#123 7,190,50,44 [[7], [2, 8], [4, 5], [3, 6]] def 1 k 3 | t1=0 t2=1 t3p=0 t3h=0 t4=0 t4s2=0 | R13=0 R134=0 R134s2=0 RT=1 RT4=1 RT4s2=1 | t4min 0
X k4_certs_4_pure.json.gz#123 7,190,55,44 [[7], [2, 8], [4, 5], [3, 6]] def 1 k 3 | t1=0 t2=1 t3p=0 t3h=0 t4=0 t4s2=0 | R13=0 R134=0 R134s2=0 RT=1 RT4=1 RT4s2=1 | t4min 0
X k4_certs_4_pure.json.gz#123 7,190,67,44 [[7], [2, 8], [4, 5], [3, 6]] def 1 k 3 | t1=0 t2=1 t3p=0 t3h=0 t4=0 t4s2=0 | R13=0 R134=0 R134s2=0 RT=1 RT4=1 RT4s2=1 | t4min 0
X k4_certs_4_pure.json.gz#123 7,190,82,44 [[7], [2, 8], [4, 5], [3, 6]] def 1 k 3 | t1=0 t2=1 t3p=0 t3h=0 t4=0 t4s2=0 | R13=0 R134=0 R134s2=0 RT=1 RT4=1 RT4s2=1 | t4min 0
X k4_certs_4_pure.json.gz#123 7,190,89,44 [[7], [2, 8], [4, 5], [3, 6]] def 1 k 3 | t1=0 t2=1 t3p=0 t3h=0 t4=0 t4s2=0 | R13=0 R134=0 R134s2=0 RT=1 RT4=1 RT4s2=1 | t4min 0
X k4_certs_4_pure.json.gz#123 7,190,92,44 [[7], [2, 8], [4, 5], [3, 6]] def 1 k 3 | t1=0 t2=1 t3p=0 t3h=0 t4=0 t4s2=0 | R13=0 R134=0 R134s2=0 RT=1 RT4=1 RT4s2=1 | t4min 0
X k4_certs_4_pure.json.gz#123 7,190,95,44 [[7], [2, 8], [4, 5], [3, 6]] def 1 k 3 | t1=0 t2=1 t3p=0 t3h=0 t4=0 t4s2=0 | R13=0 R134=0 R134s2=0 RT=1 RT4=1 RT4s2=1 | t4min 0
X k4_certs_4_pure.json.gz#123 7,190,99,44 [[7], [2, 8], [4, 5], [3, 6]] def 1 k 3 | t1=0 t2=1 t3p=0 t3h=0 t4=0 t4s2=0 | R13=0 R134=0 R134s2=0 RT=1 RT4=1 RT4s2=1 | t4min 0
X k4_certs_4_pure.json.gz#123 7,190,100,44 [[7], [2, 8], [4, 5], [3, 6]] def 1 k 3 | t1=0 t2=1 t3p=0 t3h=0 t4=0 t4s2=0 | R13=0 R134=0 R134s2=0 RT=1 RT4=1 RT4s2=1 | t4min 0
X k4_certs_4_pure.json.gz#123 7,190,104,44 [[7], [2, 8], [4, 5], [3, 6]] def 1 k 3 | t1=0 t2=1 t3p=0 t3h=0 t4=0 t4s2=0 | R13=0 R134=0 R134s2=0 RT=1 RT4=1 RT4s2=1 | t4min 0
X k4_certs_4_pure.json.gz#123 7,190,114,44 [[7], [2, 8], [4, 5], [3, 6]] def 1 k 3 | t1=0 t2=1 t3p=0 t3h=0 t4=0 t4s2=0 | R13=0 R134=0 R134s2=0 RT=1 RT4=1 RT4s2=1 | t4min 0
X k4_certs_4_pure.json.gz#123 7,190,128,44 [[7], [2, 8], [4, 5], [3, 6]] def 1 k 3 | t1=0 t2=1 t3p=0 t3h=0 t4=0 t4s2=0 | R13=0 R134=0 R134s2=0 RT=1 RT4=1 RT4s2=1 | t4min 0
X k4_certs_4_pure.json.gz#123 7,190,131,44 [[7], [2, 8], [4, 5], [3, 6]] def 1 k 3 | t1=0 t2=1 t3p=0 t3h=0 t4=0 t4s2=0 | R13=0 R134=0 R134s2=0 RT=1 RT4=1 RT4s2=1 | t4min 0
X k4_certs_4_pure.json.gz#123 7,190,134,44 [[7], [2, 8], [4, 5], [3, 6]] def 1 k 3 | t1=0 t2=1 t3p=0 t3h=0 t4=0 t4s2=0 | R13=0 R134=0 R134s2=0 RT=1 RT4=1 RT4s2=1 | t4min 0
X k4_certs_4_pure.json.gz#123 7,190,135,44 [[7], [2, 8], [4, 5], [3, 6]] def 1 k 3 | t1=0 t2=1 t3p=0 t3h=0 t4=0 t4s2=0 | R13=0 R134=0 R134s2=0 RT=1 RT4=1 RT4s2=1 | t4min 0
X k4_certs_4_pure.json.gz#123 7,190,152,44 [[7], [2, 8], [4, 5], [3, 6]] def 1 k 3 | t1=0 t2=1 t3p=0 t3h=0 t4=0 t4s2=0 | R13=0 R134=0 R134s2=0 RT=1 RT4=1 RT4s2=1 | t4min 0
X k4_certs_4_pure.json.gz#123 7,190,155,44 [[7], [2, 8], [4, 5], [3, 6]] def 1 k 3 | t1=0 t2=1 t3p=0 t3h=0 t4=0 t4s2=0 | R13=0 R134=0 R134s2=0 RT=1 RT4=1 RT4s2=1 | t4min 0
X k4_certs_4_pure.json.gz#123 7,190,160,44 [[7], [2, 8], [4, 5], [3, 6]] def 1 k 3 | t1=0 t2=1 t3p=0 t3h=0 t4=0 t4s2=0 | R13=0 R134=0 R134s2=0 RT=1 RT4=1 RT4s2=1 | t4min 0
X k4_certs_4_pure.json.gz#123 7,190,165,44 [[7], [2, 8], [4, 5], [3, 6]] def 1 k 3 | t1=0 t2=1 t3p=0 t3h=0 t4=0 t4s2=0 | R13=0 R134=0 R134s2=0 RT=1 RT4=1 RT4s2=1 | t4min 0
X k4_certs_4_pure.json.gz#123 7,190,174,44 [[7], [2, 8], [4, 5], [3, 6]] def 1 k 3 | t1=0 t2=1 t3p=0 t3h=0 t4=0 t4s2=0 | R13=0 R134=0 R134s2=0 RT=1 RT4=1 RT4s2=1 | t4min 0
X k4_certs_4_pure.json.gz#123 7,190,192,44 [[7], [2, 8], [4, 5], [3, 6]] def 1 k 3 | t1=0 t2=1 t3p=0 t3h=0 t4=0 t4s2=0 | R13=0 R134=0 R134s2=0 RT=1 RT4=1 RT4s2=1 | t4min 0
X k4_certs_4_pure.json.gz#123 7,190,193,44 [[7], [2, 8], [4, 5], [3, 6]] def 1 k 3 | t1=0 t2=1 t3p=0 t3h=0 t4=0 t4s2=0 | R13=0 R134=0 R134s2=0 RT=1 RT4=1 RT4s2=1 | t4min 0
X k4_certs_4_pure.json.gz#123 7,190,198,44 [[7], [2, 8], [4, 5], [3, 6]] def 1 k 3 | t1=0 t2=1 t3p=0 t3h=0 t4=0 t4s2=0 | R13=0 R134=0 R134s2=0 RT=1 RT4=1 RT4s2=1 | t4min 0
X k4_certs_4_pure.json.gz#123 7,190,201,44 [[7], [2, 8], [4, 5], [3, 6]] def 1 k 3 | t1=0 t2=1 t3p=0 t3h=0 t4=0 t4s2=0 | R13=0 R134=0 R134s2=0 RT=1 RT4=1 RT4s2=1 | t4min 0
X k4_certs_4_pure.json.gz#123 7,190,217,44 [[7], [2, 8], [4, 5], [3, 6]] def 1 k 3 | t1=0 t2=1 t3p=0 t3h=0 t4=0 t4s2=0 | R13=0 R134=0 R134s2=0 RT=1 RT4=1 RT4s2=1 | t4min 0
X k4_certs_4_pure.json.gz#123 7,190,222,44 [[7], [2, 8], [4, 5], [3, 6]] def 1 k 3 | t1=0 t2=1 t3p=0 t3h=0 t4=0 t4s2=0 | R13=0 R134=0 R134s2=0 RT=1 RT4=1 RT4s2=1 | t4min 0
X k4_certs_4_pure.json.gz#123 7,190,233,44 [[7], [2, 8], [4, 5], [3, 6]] def 1 k 3 | t1=0 t2=1 t3p=0 t3h=0 t4=0 t4s2=0 | R13=0 R134=0 R134s2=0 RT=1 RT4=1 RT4s2=1 | t4min 0
X k4_certs_4_pure.json.gz#123 7,190,234,44 [[7], [2, 8], [4, 5], [3, 6]] def 1 k 3 | t1=0 t2=1 t3p=0 t3h=0 t4=0 t4s2=0 | R13=0 R134=0 R134s2=0 RT=1 RT4=1 RT4s2=1 | t4min 0
X k4_certs_4_pure.json.gz#123 7,190,236,44 [[7], [2, 8], [4, 5], [3, 6]] def 1 k 3 | t1=0 t2=1 t3p=0 t3h=0 t4=0 t4s2=0 | R13=0 R134=0 R134s2=0 RT=1 RT4=1 RT4s2=1 | t4min 0
X k4_certs_4_pure.json.gz#123 7,190,237,44 [[7], [2, 8], [4, 5], [3, 6]] def 1 k 3 | t1=0 t2=1 t3p=0 t3h=0 t4=0 t4s2=0 | R13=0 R134=0 R134s2=0 RT=1 RT4=1 RT4s2=1 | t4min 0
X k4_certs_4_pure.json.gz#123 7,190,241,44 [[7], [2, 8], [4, 5], [3, 6]] def 1 k 3 | t1=0 t2=1 t3p=0 t3h=0 t4=0 t4s2=0 | R13=0 R134=0 R134s2=0 RT=1 RT4=1 RT4s2=1 | t4min 0
X k4_certs_4_pure.json.gz#123 7,190,242,44 [[7], [2, 8], [4, 5], [3, 6]] def 1 k 3 | t1=0 t2=1 t3p=0 t3h=0 t4=0 t4s2=0 | R13=0 R134=0 R134s2=0 RT=1 RT4=1 RT4s2=1 | t4min 0
X k4_certs_4_pure.json.gz#123 7,190,243,44 [[7], [2, 8], [4, 5], [3, 6]] def 1 k 3 | t1=0 t2=1 t3p=0 t3h=0 t4=0 t4s2=0 | R13=0 R134=0 R134s2=0 RT=1 RT4=1 RT4s2=1 | t4min 0
X k4_certs_4_pure.json.gz#123 7,190,245,44 [[7], [2, 8], [4, 5], [3, 6]] def 1 k 3 | t1=0 t2=1 t3p=0 t3h=0 t4=0 t4s2=0 | R13=0 R134=0 R134s2=0 RT=1 RT4=1 RT4s2=1 | t4min 0
X k4_certs_4_pure.json.gz#123 7,190,248,44 [[7], [2, 8], [4, 5], [3, 6]] def 1 k 3 | t1=0 t2=1 t3p=0 t3h=0 t4=0 t4s2=0 | R13=0 R134=0 R134s2=0 RT=1 RT4=1 RT4s2=1 | t4min 0
X k4_certs_4_pure.json.gz#123 7,190,249,44 [[7], [2, 8], [4, 5], [3, 6]] def 1 k 3 | t1=0 t2=1 t3p=0 t3h=0 t4=0 t4s2=0 | R13=0 R134=0 R134s2=0 RT=1 RT4=1 RT4s2=1 | t4min 0
X k4_certs_4_pure.json.gz#123 7,190,250,44 [[7], [2, 8], [4, 5], [3, 6]] def 1 k 3 | t1=0 t2=1 t3p=0 t3h=0 t4=0 t4s2=0 | R13=0 R134=0 R134s2=0 RT=1 RT4=1 RT4s2=1 | t4min 0
X k4_certs_4_pure.json.gz#123 7,190,252,44 [[7], [2, 8], [4, 5], [3, 6]] def 1 k 3 | t1=0 t2=1 t3p=0 t3h=0 t4=0 t4s2=0 | R13=0 R134=0 R134s2=0 RT=1 RT4=1 RT4s2=1 | t4min 0
X k4_certs_4_pure.json.gz#123 7,190,268,44 [[7], [2, 8], [4, 5], [3, 6]] def 1 k 3 | t1=0 t2=1 t3p=0 t3h=0 t4=0 t4s2=0 | R13=0 R134=0 R134s2=0 RT=1 RT4=1 RT4s2=1 | t4min 0
X k4_certs_4_pure.json.gz#123 7,190,269,44 [[7], [2, 8], [4, 5], [3, 6]] def 1 k 3 | t1=0 t2=1 t3p=0 t3h=0 t4=0 t4s2=0 | R13=0 R134=0 R134s2=0 RT=1 RT4=1 RT4s2=1 | t4min 0
X k4_certs_4_pure.json.gz#123 7,190,272,44 [[7], [2, 8], [4, 5], [3, 6]] def 1 k 3 | t1=0 t2=1 t3p=0 t3h=0 t4=0 t4s2=0 | R13=0 R134=0 R134s2=0 RT=1 RT4=1 RT4s2=1 | t4min 0
X k4_certs_4_pure.json.gz#123 7,190,273,44 [[7], [2, 8], [4, 5], [3, 6]] def 1 k 3 | t1=0 t2=1 t3p=0 t3h=0 t4=0 t4s2=0 | R13=0 R134=0 R134s2=0 RT=1 RT4=1 RT4s2=1 | t4min 0
X k4_certs_4_pure.json.gz#123 7,190,282,44 [[7], [2, 8], [4, 5], [3, 6]] def 1 k 3 | t1=0 t2=1 t3p=0 t3h=0 t4=0 t4s2=0 | R13=0 R134=0 R134s2=0 RT=1 RT4=1 RT4s2=1 | t4min 0
X k4_certs_4_pure.json.gz#123 7,190,284,44 [[7], [2, 8], [4, 5], [3, 6]] def 1 k 3 | t1=0 t2=1 t3p=0 t3h=0 t4=0 t4s2=0 | R13=0 R134=0 R134s2=0 RT=1 RT4=1 RT4s2=1 | t4min 0
X k4_certs_4_pure.json.gz#123 7,190,285,44 [[7], [2, 8], [4, 5], [3, 6]] def 1 k 3 | t1=0 t2=1 t3p=0 t3h=0 t4=0 t4s2=0 | R13=0 R134=0 R134s2=0 RT=1 RT4=1 RT4s2=1 | t4min 0
X k4_certs_4_pure.json.gz#123 7,190,286,44 [[7], [2, 8], [4, 5], [3, 6]] def 1 k 3 | t1=0 t2=1 t3p=0 t3h=0 t4=0 t4s2=0 | R13=0 R134=0 R134s2=0 RT=1 RT4=1 RT4s2=1 | t4min 0
X k4_certs_4_pure.json.gz#123 7,199,11,44 [[7], [2, 8], [4, 5], [3, 6]] def 1 k 2 | t1=0 t2=1 t3p=0 t3h=0 t4=0 t4s2=0 | R13=0 R134=0 R134s2=0 RT=1 RT4=1 RT4s2=1 | t4min 0
X k4_certs_4_pure.json.gz#123 7,199,13,44 [[7], [2, 8], [4, 5], [3, 6]] def 1 k 2 | t1=0 t2=1 t3p=0 t3h=0 t4=0 t4s2=0 | R13=0 R134=0 R134s2=0 RT=1 RT4=1 RT4s2=1 | t4min 0
X k4_certs_4_pure.json.gz#123 7,199,18,44 [[7], [2, 8], [4, 5], [3, 6]] def 1 k 2 | t1=0 t2=1 t3p=0 t3h=0 t4=0 t4s2=0 | R13=0 R134=0 R134s2=0 RT=1 RT4=1 RT4s2=1 | t4min 0
X k4_certs_4_pure.json.gz#123 7,199,25,44 [[7], [2, 8], [4, 5], [3, 6]] def 1 k 2 | t1=0 t2=1 t3p=0 t3h=0 t4=0 t4s2=0 | R13=0 R134=0 R134s2=0 RT=1 RT4=1 RT4s2=1 | t4min 0
X k4_certs_4_pure.json.gz#123 7,199,47,44 [[7], [2, 8], [4, 5], [3, 6]] def 1 k 2 | t1=0 t2=1 t3p=0 t3h=0 t4=0 t4s2=0 | R13=0 R134=0 R134s2=0 RT=1 RT4=1 RT4s2=1 | t4min 0
X k4_certs_4_pure.json.gz#123 7,199,50,44 [[7], [2, 8], [4, 5], [3, 6]] def 1 k 2 | t1=0 t2=1 t3p=0 t3h=0 t4=0 t4s2=0 | R13=0 R134=0 R134s2=0 RT=1 RT4=1 RT4s2=1 | t4min 0
X k4_certs_4_pure.json.gz#123 7,199,55,44 [[7], [2, 8], [4, 5], [3, 6]] def 1 k 2 | t1=0 t2=1 t3p=0 t3h=0 t4=0 t4s2=0 | R13=0 R134=0 R134s2=0 RT=1 RT4=1 RT4s2=1 | t4min 0
X k4_certs_4_pure.json.gz#123 7,199,67,44 [[7], [2, 8], [4, 5], [3, 6]] def 1 k 2 | t1=0 t2=1 t3p=0 t3h=0 t4=0 t4s2=0 | R13=0 R134=0 R134s2=0 RT=1 RT4=1 RT4s2=1 | t4min 0
X k4_certs_4_pure.json.gz#123 7,199,82,44 [[7], [2, 8], [4, 5], [3, 6]] def 1 k 2 | t1=0 t2=1 t3p=0 t3h=0 t4=0 t4s2=0 | R13=0 R134=0 R134s2=0 RT=1 RT4=1 RT4s2=1 | t4min 0
X k4_certs_4_pure.json.gz#123 7,199,89,44 [[7], [2, 8], [4, 5], [3, 6]] def 1 k 2 | t1=0 t2=1 t3p=0 t3h=0 t4=0 t4s2=0 | R13=0 R134=0 R134s2=0 RT=1 RT4=1 RT4s2=1 | t4min 0
X k4_certs_4_pure.json.gz#123 7,199,92,44 [[7], [2, 8], [4, 5], [3, 6]] def 1 k 2 | t1=0 t2=1 t3p=0 t3h=0 t4=0 t4s2=0 | R13=0 R134=0 R134s2=0 RT=1 RT4=1 RT4s2=1 | t4min 0
X k4_certs_4_pure.json.gz#123 7,199,95,44 [[7], [2, 8], [4, 5], [3, 6]] def 1 k 2 | t1=0 t2=1 t3p=0 t3h=0 t4=0 t4s2=0 | R13=0 R134=0 R134s2=0 RT=1 RT4=1 RT4s2=1 | t4min 0
X k4_certs_4_pure.json.gz#123 7,199,99,44 [[7], [2, 8], [4, 5], [3, 6]] def 1 k 2 | t1=0 t2=1 t3p=0 t3h=0 t4=0 t4s2=0 | R13=0 R134=0 R134s2=0 RT=1 RT4=1 RT4s2=1 | t4min 0
X k4_certs_4_pure.json.gz#123 7,199,100,44 [[7], [2, 8], [4, 5], [3, 6]] def 1 k 2 | t1=0 t2=1 t3p=0 t3h=0 t4=0 t4s2=0 | R13=0 R134=0 R134s2=0 RT=1 RT4=1 RT4s2=1 | t4min 0
X k4_certs_4_pure.json.gz#123 7,199,104,44 [[7], [2, 8], [4, 5], [3, 6]] def 1 k 2 | t1=0 t2=1 t3p=0 t3h=0 t4=0 t4s2=0 | R13=0 R134=0 R134s2=0 RT=1 RT4=1 RT4s2=1 | t4min 0
X k4_certs_4_pure.json.gz#123 7,199,114,44 [[7], [2, 8], [4, 5], [3, 6]] def 1 k 2 | t1=0 t2=1 t3p=0 t3h=0 t4=0 t4s2=0 | R13=0 R134=0 R134s2=0 RT=1 RT4=1 RT4s2=1 | t4min 0
X k4_certs_4_pure.json.gz#123 7,199,128,44 [[7], [2, 8], [4, 5], [3, 6]] def 1 k 2 | t1=0 t2=1 t3p=0 t3h=0 t4=0 t4s2=0 | R13=0 R134=0 R134s2=0 RT=1 RT4=1 RT4s2=1 | t4min 0
X k4_certs_4_pure.json.gz#123 7,199,131,44 [[7], [2, 8], [4, 5], [3, 6]] def 1 k 2 | t1=0 t2=1 t3p=0 t3h=0 t4=0 t4s2=0 | R13=0 R134=0 R134s2=0 RT=1 RT4=1 RT4s2=1 | t4min 0
X k4_certs_4_pure.json.gz#123 7,199,134,44 [[7], [2, 8], [4, 5], [3, 6]] def 1 k 2 | t1=0 t2=1 t3p=0 t3h=0 t4=0 t4s2=0 | R13=0 R134=0 R134s2=0 RT=1 RT4=1 RT4s2=1 | t4min 0
X k4_certs_4_pure.json.gz#123 7,199,135,44 [[7], [2, 8], [4, 5], [3, 6]] def 1 k 2 | t1=0 t2=1 t3p=0 t3h=0 t4=0 t4s2=0 | R13=0 R134=0 R134s2=0 RT=1 RT4=1 RT4s2=1 | t4min 0
X k4_certs_4_pure.json.gz#123 7,199,152,44 [[7], [2, 8], [4, 5], [3, 6]] def 1 k 2 | t1=0 t2=1 t3p=0 t3h=0 t4=0 t4s2=0 | R13=0 R134=0 R134s2=0 RT=1 RT4=1 RT4s2=1 | t4min 0
X k4_certs_4_pure.json.gz#123 7,199,155,44 [[7], [2, 8], [4, 5], [3, 6]] def 1 k 2 | t1=0 t2=1 t3p=0 t3h=0 t4=0 t4s2=0 | R13=0 R134=0 R134s2=0 RT=1 RT4=1 RT4s2=1 | t4min 0
X k4_certs_4_pure.json.gz#123 7,199,160,44 [[7], [2, 8], [4, 5], [3, 6]] def 1 k 2 | t1=0 t2=1 t3p=0 t3h=0 t4=0 t4s2=0 | R13=0 R134=0 R134s2=0 RT=1 RT4=1 RT4s2=1 | t4min 0
X k4_certs_4_pure.json.gz#123 7,199,165,44 [[7], [2, 8], [4, 5], [3, 6]] def 1 k 2 | t1=0 t2=1 t3p=0 t3h=0 t4=0 t4s2=0 | R13=0 R134=0 R134s2=0 RT=1 RT4=1 RT4s2=1 | t4min 0
X k4_certs_4_pure.json.gz#123 7,199,174,44 [[7], [2, 8], [4, 5], [3, 6]] def 1 k 2 | t1=0 t2=1 t3p=0 t3h=0 t4=0 t4s2=0 | R13=0 R134=0 R134s2=0 RT=1 RT4=1 RT4s2=1 | t4min 0
X k4_certs_4_pure.json.gz#123 7,199,192,44 [[7], [2, 8], [4, 5], [3, 6]] def 1 k 2 | t1=0 t2=1 t3p=0 t3h=0 t4=0 t4s2=0 | R13=0 R134=0 R134s2=0 RT=1 RT4=1 RT4s2=1 | t4min 0
X k4_certs_4_pure.json.gz#123 7,199,193,44 [[7], [2, 8], [4, 5], [3, 6]] def 1 k 2 | t1=0 t2=1 t3p=0 t3h=0 t4=0 t4s2=0 | R13=0 R134=0 R134s2=0 RT=1 RT4=1 RT4s2=1 | t4min 0
X k4_certs_4_pure.json.gz#123 7,199,198,44 [[7], [2, 8], [4, 5], [3, 6]] def 1 k 2 | t1=0 t2=1 t3p=0 t3h=0 t4=0 t4s2=0 | R13=0 R134=0 R134s2=0 RT=1 RT4=1 RT4s2=1 | t4min 0
X k4_certs_4_pure.json.gz#123 7,199,201,44 [[7], [2, 8], [4, 5], [3, 6]] def 1 k 2 | t1=0 t2=1 t3p=0 t3h=0 t4=0 t4s2=0 | R13=0 R134=0 R134s2=0 RT=1 RT4=1 RT4s2=1 | t4min 0
X k4_certs_4_pure.json.gz#123 7,199,217,44 [[7], [2, 8], [4, 5], [3, 6]] def 1 k 2 | t1=0 t2=1 t3p=0 t3h=0 t4=0 t4s2=0 | R13=0 R134=0 R134s2=0 RT=1 RT4=1 RT4s2=1 | t4min 0
X k4_certs_4_pure.json.gz#123 7,199,222,44 [[7], [2, 8], [4, 5], [3, 6]] def 1 k 2 | t1=0 t2=1 t3p=0 t3h=0 t4=0 t4s2=0 | R13=0 R134=0 R134s2=0 RT=1 RT4=1 RT4s2=1 | t4min 0
X k4_certs_4_pure.json.gz#123 7,199,233,44 [[7], [2, 8], [4, 5], [3, 6]] def 1 k 2 | t1=0 t2=1 t3p=0 t3h=0 t4=0 t4s2=0 | R13=0 R134=0 R134s2=0 RT=1 RT4=1 RT4s2=1 | t4min 0
X k4_certs_4_pure.json.gz#123 7,199,234,44 [[7], [2, 8], [4, 5], [3, 6]] def 1 k 2 | t1=0 t2=1 t3p=0 t3h=0 t4=0 t4s2=0 | R13=0 R134=0 R134s2=0 RT=1 RT4=1 RT4s2=1 | t4min 0
X k4_certs_4_pure.json.gz#123 7,199,236,44 [[7], [2, 8], [4, 5], [3, 6]] def 1 k 2 | t1=0 t2=1 t3p=0 t3h=0 t4=0 t4s2=0 | R13=0 R134=0 R134s2=0 RT=1 RT4=1 RT4s2=1 | t4min 0
X k4_certs_4_pure.json.gz#123 7,199,237,44 [[7], [2, 8], [4, 5], [3, 6]] def 1 k 2 | t1=0 t2=1 t3p=0 t3h=0 t4=0 t4s2=0 | R13=0 R134=0 R134s2=0 RT=1 RT4=1 RT4s2=1 | t4min 0
X k4_certs_4_pure.json.gz#123 7,199,241,44 [[7], [2, 8], [4, 5], [3, 6]] def 1 k 2 | t1=0 t2=1 t3p=0 t3h=0 t4=0 t4s2=0 | R13=0 R134=0 R134s2=0 RT=1 RT4=1 RT4s2=1 | t4min 0
X k4_certs_4_pure.json.gz#123 7,199,242,44 [[7], [2, 8], [4, 5], [3, 6]] def 1 k 2 | t1=0 t2=1 t3p=0 t3h=0 t4=0 t4s2=0 | R13=0 R134=0 R134s2=0 RT=1 RT4=1 RT4s2=1 | t4min 0
X k4_certs_4_pure.json.gz#123 7,199,243,44 [[7], [2, 8], [4, 5], [3, 6]] def 1 k 2 | t1=0 t2=1 t3p=0 t3h=0 t4=0 t4s2=0 | R13=0 R134=0 R134s2=0 RT=1 RT4=1 RT4s2=1 | t4min 0
X k4_certs_4_pure.json.gz#123 7,199,245,44 [[7], [2, 8], [4, 5], [3, 6]] def 1 k 2 | t1=0 t2=1 t3p=0 t3h=0 t4=0 t4s2=0 | R13=0 R134=0 R134s2=0 RT=1 RT4=1 RT4s2=1 | t4min 0
X k4_certs_4_pure.json.gz#123 7,199,248,44 [[7], [2, 8], [4, 5], [3, 6]] def 1 k 2 | t1=0 t2=1 t3p=0 t3h=0 t4=0 t4s2=0 | R13=0 R134=0 R134s2=0 RT=1 RT4=1 RT4s2=1 | t4min 0
X k4_certs_4_pure.json.gz#123 7,199,249,44 [[7], [2, 8], [4, 5], [3, 6]] def 1 k 2 | t1=0 t2=1 t3p=0 t3h=0 t4=0 t4s2=0 | R13=0 R134=0 R134s2=0 RT=1 RT4=1 RT4s2=1 | t4min 0
X k4_certs_4_pure.json.gz#123 7,199,250,44 [[7], [2, 8], [4, 5], [3, 6]] def 1 k 2 | t1=0 t2=1 t3p=0 t3h=0 t4=0 t4s2=0 | R13=0 R134=0 R134s2=0 RT=1 RT4=1 RT4s2=1 | t4min 0
X k4_certs_4_pure.json.gz#123 7,199,252,44 [[7], [2, 8], [4, 5], [3, 6]] def 1 k 2 | t1=0 t2=1 t3p=0 t3h=0 t4=0 t4s2=0 | R13=0 R134=0 R134s2=0 RT=1 RT4=1 RT4s2=1 | t4min 0
X k4_certs_4_pure.json.gz#123 7,199,268,44 [[7], [2, 8], [4, 5], [3, 6]] def 1 k 2 | t1=0 t2=1 t3p=0 t3h=0 t4=0 t4s2=0 | R13=0 R134=0 R134s2=0 RT=1 RT4=1 RT4s2=1 | t4min 0
X k4_certs_4_pure.json.gz#123 7,199,269,44 [[7], [2, 8], [4, 5], [3, 6]] def 1 k 2 | t1=0 t2=1 t3p=0 t3h=0 t4=0 t4s2=0 | R13=0 R134=0 R134s2=0 RT=1 RT4=1 RT4s2=1 | t4min 0
X k4_certs_4_pure.json.gz#123 7,199,272,44 [[7], [2, 8], [4, 5], [3, 6]] def 1 k 2 | t1=0 t2=1 t3p=0 t3h=0 t4=0 t4s2=0 | R13=0 R134=0 R134s2=0 RT=1 RT4=1 RT4s2=1 | t4min 0
X k4_certs_4_pure.json.gz#123 7,199,273,44 [[7], [2, 8], [4, 5], [3, 6]] def 1 k 2 | t1=0 t2=1 t3p=0 t3h=0 t4=0 t4s2=0 | R13=0 R134=0 R134s2=0 RT=1 RT4=1 RT4s2=1 | t4min 0
X k4_certs_4_pure.json.gz#123 7,199,282,44 [[7], [2, 8], [4, 5], [3, 6]] def 1 k 2 | t1=0 t2=1 t3p=0 t3h=0 t4=0 t4s2=0 | R13=0 R134=0 R134s2=0 RT=1 RT4=1 RT4s2=1 | t4min 0
X k4_certs_4_pure.json.gz#123 7,199,284,44 [[7], [2, 8], [4, 5], [3, 6]] def 1 k 2 | t1=0 t2=1 t3p=0 t3h=0 t4=0 t4s2=0 | R13=0 R134=0 R134s2=0 RT=1 RT4=1 RT4s2=1 | t4min 0
X k4_certs_4_pure.json.gz#123 7,199,285,44 [[7], [2, 8], [4, 5], [3, 6]] def 1 k 2 | t1=0 t2=1 t3p=0 t3h=0 t4=0 t4s2=0 | R13=0 R134=0 R134s2=0 RT=1 RT4=1 RT4s2=1 | t4min 0
X k4_certs_4_pure.json.gz#123 7,199,286,44 [[7], [2, 8], [4, 5], [3, 6]] def 1 k 2 | t1=0 t2=1 t3p=0 t3h=0 t4=0 t4s2=0 | R13=0 R134=0 R134s2=0 RT=1 RT4=1 RT4s2=1 | t4min 0
X k4_certs_4_pure.json.gz#123 7,202,11,44 [[7], [2, 8], [4, 5], [3, 6]] def 1 k 2 | t1=0 t2=1 t3p=0 t3h=0 t4=0 t4s2=0 | R13=0 R134=0 R134s2=0 RT=1 RT4=1 RT4s2=1 | t4min 0
X k4_certs_4_pure.json.gz#123 7,202,13,44 [[7], [2, 8], [4, 5], [3, 6]] def 1 k 2 | t1=0 t2=1 t3p=0 t3h=0 t4=0 t4s2=0 | R13=0 R134=0 R134s2=0 RT=1 RT4=1 RT4s2=1 | t4min 0
X k4_certs_4_pure.json.gz#123 7,202,18,44 [[7], [2, 8], [4, 5], [3, 6]] def 1 k 2 | t1=0 t2=1 t3p=0 t3h=0 t4=0 t4s2=0 | R13=0 R134=0 R134s2=0 RT=1 RT4=1 RT4s2=1 | t4min 0
X k4_certs_4_pure.json.gz#123 7,202,25,44 [[7], [2, 8], [4, 5], [3, 6]] def 1 k 2 | t1=0 t2=1 t3p=0 t3h=0 t4=0 t4s2=0 | R13=0 R134=0 R134s2=0 RT=1 RT4=1 RT4s2=1 | t4min 0
X k4_certs_4_pure.json.gz#123 7,202,47,44 [[7], [2, 8], [4, 5], [3, 6]] def 1 k 2 | t1=0 t2=1 t3p=0 t3h=0 t4=0 t4s2=0 | R13=0 R134=0 R134s2=0 RT=1 RT4=1 RT4s2=1 | t4min 0
X k4_certs_4_pure.json.gz#123 7,202,50,44 [[7], [2, 8], [4, 5], [3, 6]] def 1 k 2 | t1=0 t2=1 t3p=0 t3h=0 t4=0 t4s2=0 | R13=0 R134=0 R134s2=0 RT=1 RT4=1 RT4s2=1 | t4min 0
X k4_certs_4_pure.json.gz#123 7,202,55,44 [[7], [2, 8], [4, 5], [3, 6]] def 1 k 2 | t1=0 t2=1 t3p=0 t3h=0 t4=0 t4s2=0 | R13=0 R134=0 R134s2=0 RT=1 RT4=1 RT4s2=1 | t4min 0
X k4_certs_4_pure.json.gz#123 7,202,67,44 [[7], [2, 8], [4, 5], [3, 6]] def 1 k 2 | t1=0 t2=1 t3p=0 t3h=0 t4=0 t4s2=0 | R13=0 R134=0 R134s2=0 RT=1 RT4=1 RT4s2=1 | t4min 0
X k4_certs_4_pure.json.gz#123 7,202,82,44 [[7], [2, 8], [4, 5], [3, 6]] def 1 k 2 | t1=0 t2=1 t3p=0 t3h=0 t4=0 t4s2=0 | R13=0 R134=0 R134s2=0 RT=1 RT4=1 RT4s2=1 | t4min 0
X k4_certs_4_pure.json.gz#123 7,202,89,44 [[7], [2, 8], [4, 5], [3, 6]] def 1 k 2 | t1=0 t2=1 t3p=0 t3h=0 t4=0 t4s2=0 | R13=0 R134=0 R134s2=0 RT=1 RT4=1 RT4s2=1 | t4min 0
X k4_certs_4_pure.json.gz#123 7,202,92,44 [[7], [2, 8], [4, 5], [3, 6]] def 1 k 2 | t1=0 t2=1 t3p=0 t3h=0 t4=0 t4s2=0 | R13=0 R134=0 R134s2=0 RT=1 RT4=1 RT4s2=1 | t4min 0
X k4_certs_4_pure.json.gz#123 7,202,95,44 [[7], [2, 8], [4, 5], [3, 6]] def 1 k 2 | t1=0 t2=1 t3p=0 t3h=0 t4=0 t4s2=0 | R13=0 R134=0 R134s2=0 RT=1 RT4=1 RT4s2=1 | t4min 0
X k4_certs_4_pure.json.gz#123 7,202,99,44 [[7], [2, 8], [4, 5], [3, 6]] def 1 k 2 | t1=0 t2=1 t3p=0 t3h=0 t4=0 t4s2=0 | R13=0 R134=0 R134s2=0 RT=1 RT4=1 RT4s2=1 | t4min 0
X k4_certs_4_pure.json.gz#123 7,202,100,44 [[7], [2, 8], [4, 5], [3, 6]] def 1 k 2 | t1=0 t2=1 t3p=0 t3h=0 t4=0 t4s2=0 | R13=0 R134=0 R134s2=0 RT=1 RT4=1 RT4s2=1 | t4min 0
X k4_certs_4_pure.json.gz#123 7,202,104,44 [[7], [2, 8], [4, 5], [3, 6]] def 1 k 2 | t1=0 t2=1 t3p=0 t3h=0 t4=0 t4s2=0 | R13=0 R134=0 R134s2=0 RT=1 RT4=1 RT4s2=1 | t4min 0
X k4_certs_4_pure.json.gz#123 7,202,114,44 [[7], [2, 8], [4, 5], [3, 6]] def 1 k 2 | t1=0 t2=1 t3p=0 t3h=0 t4=0 t4s2=0 | R13=0 R134=0 R134s2=0 RT=1 RT4=1 RT4s2=1 | t4min 0
X k4_certs_4_pure.json.gz#123 7,202,128,44 [[7], [2, 8], [4, 5], [3, 6]] def 1 k 2 | t1=0 t2=1 t3p=0 t3h=0 t4=0 t4s2=0 | R13=0 R134=0 R134s2=0 RT=1 RT4=1 RT4s2=1 | t4min 0
X k4_certs_4_pure.json.gz#123 7,202,131,44 [[7], [2, 8], [4, 5], [3, 6]] def 1 k 2 | t1=0 t2=1 t3p=0 t3h=0 t4=0 t4s2=0 | R13=0 R134=0 R134s2=0 RT=1 RT4=1 RT4s2=1 | t4min 0
X k4_certs_4_pure.json.gz#123 7,202,134,44 [[7], [2, 8], [4, 5], [3, 6]] def 1 k 2 | t1=0 t2=1 t3p=0 t3h=0 t4=0 t4s2=0 | R13=0 R134=0 R134s2=0 RT=1 RT4=1 RT4s2=1 | t4min 0
X k4_certs_4_pure.json.gz#123 7,202,135,44 [[7], [2, 8], [4, 5], [3, 6]] def 1 k 2 | t1=0 t2=1 t3p=0 t3h=0 t4=0 t4s2=0 | R13=0 R134=0 R134s2=0 RT=1 RT4=1 RT4s2=1 | t4min 0
X k4_certs_4_pure.json.gz#123 7,202,152,44 [[7], [2, 8], [4, 5], [3, 6]] def 1 k 2 | t1=0 t2=1 t3p=0 t3h=0 t4=0 t4s2=0 | R13=0 R134=0 R134s2=0 RT=1 RT4=1 RT4s2=1 | t4min 0
X k4_certs_4_pure.json.gz#123 7,202,155,44 [[7], [2, 8], [4, 5], [3, 6]] def 1 k 2 | t1=0 t2=1 t3p=0 t3h=0 t4=0 t4s2=0 | R13=0 R134=0 R134s2=0 RT=1 RT4=1 RT4s2=1 | t4min 0
X k4_certs_4_pure.json.gz#123 7,202,160,44 [[7], [2, 8], [4, 5], [3, 6]] def 1 k 2 | t1=0 t2=1 t3p=0 t3h=0 t4=0 t4s2=0 | R13=0 R134=0 R134s2=0 RT=1 RT4=1 RT4s2=1 | t4min 0
X k4_certs_4_pure.json.gz#123 7,202,165,44 [[7], [2, 8], [4, 5], [3, 6]] def 1 k 2 | t1=0 t2=1 t3p=0 t3h=0 t4=0 t4s2=0 | R13=0 R134=0 R134s2=0 RT=1 RT4=1 RT4s2=1 | t4min 0
X k4_certs_4_pure.json.gz#123 7,202,174,44 [[7], [2, 8], [4, 5], [3, 6]] def 1 k 2 | t1=0 t2=1 t3p=0 t3h=0 t4=0 t4s2=0 | R13=0 R134=0 R134s2=0 RT=1 RT4=1 RT4s2=1 | t4min 0
X k4_certs_4_pure.json.gz#123 7,202,192,44 [[7], [2, 8], [4, 5], [3, 6]] def 1 k 2 | t1=0 t2=1 t3p=0 t3h=0 t4=0 t4s2=0 | R13=0 R134=0 R134s2=0 RT=1 RT4=1 RT4s2=1 | t4min 0
X k4_certs_4_pure.json.gz#123 7,202,193,44 [[7], [2, 8], [4, 5], [3, 6]] def 1 k 2 | t1=0 t2=1 t3p=0 t3h=0 t4=0 t4s2=0 | R13=0 R134=0 R134s2=0 RT=1 RT4=1 RT4s2=1 | t4min 0
X k4_certs_4_pure.json.gz#123 7,202,198,44 [[7], [2, 8], [4, 5], [3, 6]] def 1 k 2 | t1=0 t2=1 t3p=0 t3h=0 t4=0 t4s2=0 | R13=0 R134=0 R134s2=0 RT=1 RT4=1 RT4s2=1 | t4min 0
X k4_certs_4_pure.json.gz#123 7,202,201,44 [[7], [2, 8], [4, 5], [3, 6]] def 1 k 2 | t1=0 t2=1 t3p=0 t3h=0 t4=0 t4s2=0 | R13=0 R134=0 R134s2=0 RT=1 RT4=1 RT4s2=1 | t4min 0
X k4_certs_4_pure.json.gz#123 7,202,217,44 [[7], [2, 8], [4, 5], [3, 6]] def 1 k 2 | t1=0 t2=1 t3p=0 t3h=0 t4=0 t4s2=0 | R13=0 R134=0 R134s2=0 RT=1 RT4=1 RT4s2=1 | t4min 0
X k4_certs_4_pure.json.gz#123 7,202,222,44 [[7], [2, 8], [4, 5], [3, 6]] def 1 k 2 | t1=0 t2=1 t3p=0 t3h=0 t4=0 t4s2=0 | R13=0 R134=0 R134s2=0 RT=1 RT4=1 RT4s2=1 | t4min 0
X k4_certs_4_pure.json.gz#123 7,202,233,44 [[7], [2, 8], [4, 5], [3, 6]] def 1 k 2 | t1=0 t2=1 t3p=0 t3h=0 t4=0 t4s2=0 | R13=0 R134=0 R134s2=0 RT=1 RT4=1 RT4s2=1 | t4min 0
X k4_certs_4_pure.json.gz#123 7,202,234,44 [[7], [2, 8], [4, 5], [3, 6]] def 1 k 2 | t1=0 t2=1 t3p=0 t3h=0 t4=0 t4s2=0 | R13=0 R134=0 R134s2=0 RT=1 RT4=1 RT4s2=1 | t4min 0
X k4_certs_4_pure.json.gz#123 7,202,236,44 [[7], [2, 8], [4, 5], [3, 6]] def 1 k 2 | t1=0 t2=1 t3p=0 t3h=0 t4=0 t4s2=0 | R13=0 R134=0 R134s2=0 RT=1 RT4=1 RT4s2=1 | t4min 0
X k4_certs_4_pure.json.gz#123 7,202,237,44 [[7], [2, 8], [4, 5], [3, 6]] def 1 k 2 | t1=0 t2=1 t3p=0 t3h=0 t4=0 t4s2=0 | R13=0 R134=0 R134s2=0 RT=1 RT4=1 RT4s2=1 | t4min 0
X k4_certs_4_pure.json.gz#123 7,202,241,44 [[7], [2, 8], [4, 5], [3, 6]] def 1 k 2 | t1=0 t2=1 t3p=0 t3h=0 t4=0 t4s2=0 | R13=0 R134=0 R134s2=0 RT=1 RT4=1 RT4s2=1 | t4min 0
X k4_certs_4_pure.json.gz#123 7,202,242,44 [[7], [2, 8], [4, 5], [3, 6]] def 1 k 2 | t1=0 t2=1 t3p=0 t3h=0 t4=0 t4s2=0 | R13=0 R134=0 R134s2=0 RT=1 RT4=1 RT4s2=1 | t4min 0
X k4_certs_4_pure.json.gz#123 7,202,243,44 [[7], [2, 8], [4, 5], [3, 6]] def 1 k 2 | t1=0 t2=1 t3p=0 t3h=0 t4=0 t4s2=0 | R13=0 R134=0 R134s2=0 RT=1 RT4=1 RT4s2=1 | t4min 0
X k4_certs_4_pure.json.gz#123 7,202,245,44 [[7], [2, 8], [4, 5], [3, 6]] def 1 k 2 | t1=0 t2=1 t3p=0 t3h=0 t4=0 t4s2=0 | R13=0 R134=0 R134s2=0 RT=1 RT4=1 RT4s2=1 | t4min 0
X k4_certs_4_pure.json.gz#123 7,202,248,44 [[7], [2, 8], [4, 5], [3, 6]] def 1 k 2 | t1=0 t2=1 t3p=0 t3h=0 t4=0 t4s2=0 | R13=0 R134=0 R134s2=0 RT=1 RT4=1 RT4s2=1 | t4min 0
X k4_certs_4_pure.json.gz#123 7,202,249,44 [[7], [2, 8], [4, 5], [3, 6]] def 1 k 2 | t1=0 t2=1 t3p=0 t3h=0 t4=0 t4s2=0 | R13=0 R134=0 R134s2=0 RT=1 RT4=1 RT4s2=1 | t4min 0
X k4_certs_4_pure.json.gz#123 7,202,250,44 [[7], [2, 8], [4, 5], [3, 6]] def 1 k 2 | t1=0 t2=1 t3p=0 t3h=0 t4=0 t4s2=0 | R13=0 R134=0 R134s2=0 RT=1 RT4=1 RT4s2=1 | t4min 0
X k4_certs_4_pure.json.gz#123 7,202,252,44 [[7], [2, 8], [4, 5], [3, 6]] def 1 k 2 | t1=0 t2=1 t3p=0 t3h=0 t4=0 t4s2=0 | R13=0 R134=0 R134s2=0 RT=1 RT4=1 RT4s2=1 | t4min 0
X k4_certs_4_pure.json.gz#123 7,202,268,44 [[7], [2, 8], [4, 5], [3, 6]] def 1 k 2 | t1=0 t2=1 t3p=0 t3h=0 t4=0 t4s2=0 | R13=0 R134=0 R134s2=0 RT=1 RT4=1 RT4s2=1 | t4min 0
X k4_certs_4_pure.json.gz#123 7,202,269,44 [[7], [2, 8], [4, 5], [3, 6]] def 1 k 2 | t1=0 t2=1 t3p=0 t3h=0 t4=0 t4s2=0 | R13=0 R134=0 R134s2=0 RT=1 RT4=1 RT4s2=1 | t4min 0
X k4_certs_4_pure.json.gz#123 7,202,272,44 [[7], [2, 8], [4, 5], [3, 6]] def 1 k 2 | t1=0 t2=1 t3p=0 t3h=0 t4=0 t4s2=0 | R13=0 R134=0 R134s2=0 RT=1 RT4=1 RT4s2=1 | t4min 0
X k4_certs_4_pure.json.gz#123 7,202,273,44 [[7], [2, 8], [4, 5], [3, 6]] def 1 k 2 | t1=0 t2=1 t3p=0 t3h=0 t4=0 t4s2=0 | R13=0 R134=0 R134s2=0 RT=1 RT4=1 RT4s2=1 | t4min 0
X k4_certs_4_pure.json.gz#123 7,202,282,44 [[7], [2, 8], [4, 5], [3, 6]] def 1 k 2 | t1=0 t2=1 t3p=0 t3h=0 t4=0 t4s2=0 | R13=0 R134=0 R134s2=0 RT=1 RT4=1 RT4s2=1 | t4min 0
X k4_certs_4_pure.json.gz#123 7,202,284,44 [[7], [2, 8], [4, 5], [3, 6]] def 1 k 2 | t1=0 t2=1 t3p=0 t3h=0 t4=0 t4s2=0 | R13=0 R134=0 R134s2=0 RT=1 RT4=1 RT4s2=1 | t4min 0
X k4_certs_4_pure.json.gz#123 7,202,285,44 [[7], [2, 8], [4, 5], [3, 6]] def 1 k 2 | t1=0 t2=1 t3p=0 t3h=0 t4=0 t4s2=0 | R13=0 R134=0 R134s2=0 RT=1 RT4=1 RT4s2=1 | t4min 0
X k4_certs_4_pure.json.gz#123 7,202,286,44 [[7], [2, 8], [4, 5], [3, 6]] def 1 k 2 | t1=0 t2=1 t3p=0 t3h=0 t4=0 t4s2=0 | R13=0 R134=0 R134s2=0 RT=1 RT4=1 RT4s2=1 | t4min 0
X k4_certs_4_pure.json.gz#123 7,205,11,44 [[7], [2, 8], [4, 5], [3, 6]] def 1 k 3 | t1=0 t2=1 t3p=0 t3h=0 t4=0 t4s2=0 | R13=0 R134=0 R134s2=0 RT=1 RT4=1 RT4s2=1 | t4min 0
X k4_certs_4_pure.json.gz#123 7,205,13,44 [[7], [2, 8], [4, 5], [3, 6]] def 1 k 3 | t1=0 t2=1 t3p=0 t3h=0 t4=0 t4s2=0 | R13=0 R134=0 R134s2=0 RT=1 RT4=1 RT4s2=1 | t4min 0
X k4_certs_4_pure.json.gz#123 7,205,18,44 [[7], [2, 8], [4, 5], [3, 6]] def 1 k 3 | t1=0 t2=1 t3p=0 t3h=0 t4=0 t4s2=0 | R13=0 R134=0 R134s2=0 RT=1 RT4=1 RT4s2=1 | t4min 0
X k4_certs_4_pure.json.gz#123 7,205,25,44 [[7], [2, 8], [4, 5], [3, 6]] def 1 k 3 | t1=0 t2=1 t3p=0 t3h=0 t4=0 t4s2=0 | R13=0 R134=0 R134s2=0 RT=1 RT4=1 RT4s2=1 | t4min 0
X k4_certs_4_pure.json.gz#123 7,205,47,44 [[7], [2, 8], [4, 5], [3, 6]] def 1 k 3 | t1=0 t2=1 t3p=0 t3h=0 t4=0 t4s2=0 | R13=0 R134=0 R134s2=0 RT=1 RT4=1 RT4s2=1 | t4min 0
X k4_certs_4_pure.json.gz#123 7,205,50,44 [[7], [2, 8], [4, 5], [3, 6]] def 1 k 3 | t1=0 t2=1 t3p=0 t3h=0 t4=0 t4s2=0 | R13=0 R134=0 R134s2=0 RT=1 RT4=1 RT4s2=1 | t4min 0
X k4_certs_4_pure.json.gz#123 7,205,55,44 [[7], [2, 8], [4, 5], [3, 6]] def 1 k 3 | t1=0 t2=1 t3p=0 t3h=0 t4=0 t4s2=0 | R13=0 R134=0 R134s2=0 RT=1 RT4=1 RT4s2=1 | t4min 0
X k4_certs_4_pure.json.gz#123 7,205,67,44 [[7], [2, 8], [4, 5], [3, 6]] def 1 k 3 | t1=0 t2=1 t3p=0 t3h=0 t4=0 t4s2=0 | R13=0 R134=0 R134s2=0 RT=1 RT4=1 RT4s2=1 | t4min 0
X k4_certs_4_pure.json.gz#123 7,205,82,44 [[7], [2, 8], [4, 5], [3, 6]] def 1 k 3 | t1=0 t2=1 t3p=0 t3h=0 t4=0 t4s2=0 | R13=0 R134=0 R134s2=0 RT=1 RT4=1 RT4s2=1 | t4min 0
X k4_certs_4_pure.json.gz#123 7,205,89,44 [[7], [2, 8], [4, 5], [3, 6]] def 1 k 3 | t1=0 t2=1 t3p=0 t3h=0 t4=0 t4s2=0 | R13=0 R134=0 R134s2=0 RT=1 RT4=1 RT4s2=1 | t4min 0
X k4_certs_4_pure.json.gz#123 7,205,92,44 [[7], [2, 8], [4, 5], [3, 6]] def 1 k 3 | t1=0 t2=1 t3p=0 t3h=0 t4=0 t4s2=0 | R13=0 R134=0 R134s2=0 RT=1 RT4=1 RT4s2=1 | t4min 0
X k4_certs_4_pure.json.gz#123 7,205,95,44 [[7], [2, 8], [4, 5], [3, 6]] def 1 k 3 | t1=0 t2=1 t3p=0 t3h=0 t4=0 t4s2=0 | R13=0 R134=0 R134s2=0 RT=1 RT4=1 RT4s2=1 | t4min 0
X k4_certs_4_pure.json.gz#123 7,205,99,44 [[7], [2, 8], [4, 5], [3, 6]] def 1 k 3 | t1=0 t2=1 t3p=0 t3h=0 t4=0 t4s2=0 | R13=0 R134=0 R134s2=0 RT=1 RT4=1 RT4s2=1 | t4min 0
X k4_certs_4_pure.json.gz#123 7,205,100,44 [[7], [2, 8], [4, 5], [3, 6]] def 1 k 3 | t1=0 t2=1 t3p=0 t3h=0 t4=0 t4s2=0 | R13=0 R134=0 R134s2=0 RT=1 RT4=1 RT4s2=1 | t4min 0
X k4_certs_4_pure.json.gz#123 7,205,104,44 [[7], [2, 8], [4, 5], [3, 6]] def 1 k 3 | t1=0 t2=1 t3p=0 t3h=0 t4=0 t4s2=0 | R13=0 R134=0 R134s2=0 RT=1 RT4=1 RT4s2=1 | t4min 0
X k4_certs_4_pure.json.gz#123 7,205,114,44 [[7], [2, 8], [4, 5], [3, 6]] def 1 k 3 | t1=0 t2=1 t3p=0 t3h=0 t4=0 t4s2=0 | R13=0 R134=0 R134s2=0 RT=1 RT4=1 RT4s2=1 | t4min 0
X k4_certs_4_pure.json.gz#123 7,205,128,44 [[7], [2, 8], [4, 5], [3, 6]] def 1 k 3 | t1=0 t2=1 t3p=0 t3h=0 t4=0 t4s2=0 | R13=0 R134=0 R134s2=0 RT=1 RT4=1 RT4s2=1 | t4min 0
X k4_certs_4_pure.json.gz#123 7,205,131,44 [[7], [2, 8], [4, 5], [3, 6]] def 1 k 3 | t1=0 t2=1 t3p=0 t3h=0 t4=0 t4s2=0 | R13=0 R134=0 R134s2=0 RT=1 RT4=1 RT4s2=1 | t4min 0
X k4_certs_4_pure.json.gz#123 7,205,134,44 [[7], [2, 8], [4, 5], [3, 6]] def 1 k 3 | t1=0 t2=1 t3p=0 t3h=0 t4=0 t4s2=0 | R13=0 R134=0 R134s2=0 RT=1 RT4=1 RT4s2=1 | t4min 0
X k4_certs_4_pure.json.gz#123 7,205,135,44 [[7], [2, 8], [4, 5], [3, 6]] def 1 k 3 | t1=0 t2=1 t3p=0 t3h=0 t4=0 t4s2=0 | R13=0 R134=0 R134s2=0 RT=1 RT4=1 RT4s2=1 | t4min 0
X k4_certs_4_pure.json.gz#123 7,205,152,44 [[7], [2, 8], [4, 5], [3, 6]] def 1 k 3 | t1=0 t2=1 t3p=0 t3h=0 t4=0 t4s2=0 | R13=0 R134=0 R134s2=0 RT=1 RT4=1 RT4s2=1 | t4min 0
X k4_certs_4_pure.json.gz#123 7,205,155,44 [[7], [2, 8], [4, 5], [3, 6]] def 1 k 3 | t1=0 t2=1 t3p=0 t3h=0 t4=0 t4s2=0 | R13=0 R134=0 R134s2=0 RT=1 RT4=1 RT4s2=1 | t4min 0
X k4_certs_4_pure.json.gz#123 7,205,160,44 [[7], [2, 8], [4, 5], [3, 6]] def 1 k 3 | t1=0 t2=1 t3p=0 t3h=0 t4=0 t4s2=0 | R13=0 R134=0 R134s2=0 RT=1 RT4=1 RT4s2=1 | t4min 0
X k4_certs_4_pure.json.gz#123 7,205,165,44 [[7], [2, 8], [4, 5], [3, 6]] def 1 k 3 | t1=0 t2=1 t3p=0 t3h=0 t4=0 t4s2=0 | R13=0 R134=0 R134s2=0 RT=1 RT4=1 RT4s2=1 | t4min 0
X k4_certs_4_pure.json.gz#123 7,205,174,44 [[7], [2, 8], [4, 5], [3, 6]] def 1 k 3 | t1=0 t2=1 t3p=0 t3h=0 t4=0 t4s2=0 | R13=0 R134=0 R134s2=0 RT=1 RT4=1 RT4s2=1 | t4min 0
X k4_certs_4_pure.json.gz#123 7,205,192,44 [[7], [2, 8], [4, 5], [3, 6]] def 1 k 3 | t1=0 t2=1 t3p=0 t3h=0 t4=0 t4s2=0 | R13=0 R134=0 R134s2=0 RT=1 RT4=1 RT4s2=1 | t4min 0
X k4_certs_4_pure.json.gz#123 7,205,193,44 [[7], [2, 8], [4, 5], [3, 6]] def 1 k 3 | t1=0 t2=1 t3p=0 t3h=0 t4=0 t4s2=0 | R13=0 R134=0 R134s2=0 RT=1 RT4=1 RT4s2=1 | t4min 0
X k4_certs_4_pure.json.gz#123 7,205,198,44 [[7], [2, 8], [4, 5], [3, 6]] def 1 k 3 | t1=0 t2=1 t3p=0 t3h=0 t4=0 t4s2=0 | R13=0 R134=0 R134s2=0 RT=1 RT4=1 RT4s2=1 | t4min 0
X k4_certs_4_pure.json.gz#123 7,205,201,44 [[7], [2, 8], [4, 5], [3, 6]] def 1 k 3 | t1=0 t2=1 t3p=0 t3h=0 t4=0 t4s2=0 | R13=0 R134=0 R134s2=0 RT=1 RT4=1 RT4s2=1 | t4min 0
X k4_certs_4_pure.json.gz#123 7,205,217,44 [[7], [2, 8], [4, 5], [3, 6]] def 1 k 3 | t1=0 t2=1 t3p=0 t3h=0 t4=0 t4s2=0 | R13=0 R134=0 R134s2=0 RT=1 RT4=1 RT4s2=1 | t4min 0
X k4_certs_4_pure.json.gz#123 7,205,222,44 [[7], [2, 8], [4, 5], [3, 6]] def 1 k 3 | t1=0 t2=1 t3p=0 t3h=0 t4=0 t4s2=0 | R13=0 R134=0 R134s2=0 RT=1 RT4=1 RT4s2=1 | t4min 0
X k4_certs_4_pure.json.gz#123 7,205,233,44 [[7], [2, 8], [4, 5], [3, 6]] def 1 k 3 | t1=0 t2=1 t3p=0 t3h=0 t4=0 t4s2=0 | R13=0 R134=0 R134s2=0 RT=1 RT4=1 RT4s2=1 | t4min 0
X k4_certs_4_pure.json.gz#123 7,205,234,44 [[7], [2, 8], [4, 5], [3, 6]] def 1 k 3 | t1=0 t2=1 t3p=0 t3h=0 t4=0 t4s2=0 | R13=0 R134=0 R134s2=0 RT=1 RT4=1 RT4s2=1 | t4min 0
X k4_certs_4_pure.json.gz#123 7,205,236,44 [[7], [2, 8], [4, 5], [3, 6]] def 1 k 3 | t1=0 t2=1 t3p=0 t3h=0 t4=0 t4s2=0 | R13=0 R134=0 R134s2=0 RT=1 RT4=1 RT4s2=1 | t4min 0
X k4_certs_4_pure.json.gz#123 7,205,237,44 [[7], [2, 8], [4, 5], [3, 6]] def 1 k 3 | t1=0 t2=1 t3p=0 t3h=0 t4=0 t4s2=0 | R13=0 R134=0 R134s2=0 RT=1 RT4=1 RT4s2=1 | t4min 0
X k4_certs_4_pure.json.gz#123 7,205,241,44 [[7], [2, 8], [4, 5], [3, 6]] def 1 k 3 | t1=0 t2=1 t3p=0 t3h=0 t4=0 t4s2=0 | R13=0 R134=0 R134s2=0 RT=1 RT4=1 RT4s2=1 | t4min 0
X k4_certs_4_pure.json.gz#123 7,205,242,44 [[7], [2, 8], [4, 5], [3, 6]] def 1 k 3 | t1=0 t2=1 t3p=0 t3h=0 t4=0 t4s2=0 | R13=0 R134=0 R134s2=0 RT=1 RT4=1 RT4s2=1 | t4min 0
X k4_certs_4_pure.json.gz#123 7,205,243,44 [[7], [2, 8], [4, 5], [3, 6]] def 1 k 3 | t1=0 t2=1 t3p=0 t3h=0 t4=0 t4s2=0 | R13=0 R134=0 R134s2=0 RT=1 RT4=1 RT4s2=1 | t4min 0
X k4_certs_4_pure.json.gz#123 7,205,245,44 [[7], [2, 8], [4, 5], [3, 6]] def 1 k 3 | t1=0 t2=1 t3p=0 t3h=0 t4=0 t4s2=0 | R13=0 R134=0 R134s2=0 RT=1 RT4=1 RT4s2=1 | t4min 0
X k4_certs_4_pure.json.gz#123 7,205,248,44 [[7], [2, 8], [4, 5], [3, 6]] def 1 k 3 | t1=0 t2=1 t3p=0 t3h=0 t4=0 t4s2=0 | R13=0 R134=0 R134s2=0 RT=1 RT4=1 RT4s2=1 | t4min 0
X k4_certs_4_pure.json.gz#123 7,205,249,44 [[7], [2, 8], [4, 5], [3, 6]] def 1 k 3 | t1=0 t2=1 t3p=0 t3h=0 t4=0 t4s2=0 | R13=0 R134=0 R134s2=0 RT=1 RT4=1 RT4s2=1 | t4min 0
X k4_certs_4_pure.json.gz#123 7,205,250,44 [[7], [2, 8], [4, 5], [3, 6]] def 1 k 3 | t1=0 t2=1 t3p=0 t3h=0 t4=0 t4s2=0 | R13=0 R134=0 R134s2=0 RT=1 RT4=1 RT4s2=1 | t4min 0
X k4_certs_4_pure.json.gz#123 7,205,252,44 [[7], [2, 8], [4, 5], [3, 6]] def 1 k 3 | t1=0 t2=1 t3p=0 t3h=0 t4=0 t4s2=0 | R13=0 R134=0 R134s2=0 RT=1 RT4=1 RT4s2=1 | t4min 0
X k4_certs_4_pure.json.gz#123 7,205,268,44 [[7], [2, 8], [4, 5], [3, 6]] def 1 k 3 | t1=0 t2=1 t3p=0 t3h=0 t4=0 t4s2=0 | R13=0 R134=0 R134s2=0 RT=1 RT4=1 RT4s2=1 | t4min 0
X k4_certs_4_pure.json.gz#123 7,205,269,44 [[7], [2, 8], [4, 5], [3, 6]] def 1 k 3 | t1=0 t2=1 t3p=0 t3h=0 t4=0 t4s2=0 | R13=0 R134=0 R134s2=0 RT=1 RT4=1 RT4s2=1 | t4min 0
X k4_certs_4_pure.json.gz#123 7,205,272,44 [[7], [2, 8], [4, 5], [3, 6]] def 1 k 3 | t1=0 t2=1 t3p=0 t3h=0 t4=0 t4s2=0 | R13=0 R134=0 R134s2=0 RT=1 RT4=1 RT4s2=1 | t4min 0
X k4_certs_4_pure.json.gz#123 7,205,273,44 [[7], [2, 8], [4, 5], [3, 6]] def 1 k 3 | t1=0 t2=1 t3p=0 t3h=0 t4=0 t4s2=0 | R13=0 R134=0 R134s2=0 RT=1 RT4=1 RT4s2=1 | t4min 0
X k4_certs_4_pure.json.gz#123 7,205,282,44 [[7], [2, 8], [4, 5], [3, 6]] def 1 k 3 | t1=0 t2=1 t3p=0 t3h=0 t4=0 t4s2=0 | R13=0 R134=0 R134s2=0 RT=1 RT4=1 RT4s2=1 | t4min 0
X k4_certs_4_pure.json.gz#123 7,205,284,44 [[7], [2, 8], [4, 5], [3, 6]] def 1 k 3 | t1=0 t2=1 t3p=0 t3h=0 t4=0 t4s2=0 | R13=0 R134=0 R134s2=0 RT=1 RT4=1 RT4s2=1 | t4min 0
X k4_certs_4_pure.json.gz#123 7,205,285,44 [[7], [2, 8], [4, 5], [3, 6]] def 1 k 3 | t1=0 t2=1 t3p=0 t3h=0 t4=0 t4s2=0 | R13=0 R134=0 R134s2=0 RT=1 RT4=1 RT4s2=1 | t4min 0
X k4_certs_4_pure.json.gz#123 7,205,286,44 [[7], [2, 8], [4, 5], [3, 6]] def 1 k 3 | t1=0 t2=1 t3p=0 t3h=0 t4=0 t4s2=0 | R13=0 R134=0 R134s2=0 RT=1 RT4=1 RT4s2=1 | t4min 0
X k4_certs_4_pure.json.gz#123 7,206,11,44 [[7], [2, 8], [4, 5], [3, 6]] def 1 k 3 | t1=0 t2=1 t3p=0 t3h=0 t4=0 t4s2=0 | R13=0 R134=0 R134s2=0 RT=1 RT4=1 RT4s2=1 | t4min 0
X k4_certs_4_pure.json.gz#123 7,206,13,44 [[7], [2, 8], [4, 5], [3, 6]] def 1 k 3 | t1=0 t2=1 t3p=0 t3h=0 t4=0 t4s2=0 | R13=0 R134=0 R134s2=0 RT=1 RT4=1 RT4s2=1 | t4min 0
X k4_certs_4_pure.json.gz#123 7,206,18,44 [[7], [2, 8], [4, 5], [3, 6]] def 1 k 3 | t1=0 t2=1 t3p=0 t3h=0 t4=0 t4s2=0 | R13=0 R134=0 R134s2=0 RT=1 RT4=1 RT4s2=1 | t4min 0
X k4_certs_4_pure.json.gz#123 7,206,25,44 [[7], [2, 8], [4, 5], [3, 6]] def 1 k 3 | t1=0 t2=1 t3p=0 t3h=0 t4=0 t4s2=0 | R13=0 R134=0 R134s2=0 RT=1 RT4=1 RT4s2=1 | t4min 0
X k4_certs_4_pure.json.gz#123 7,206,47,44 [[7], [2, 8], [4, 5], [3, 6]] def 1 k 3 | t1=0 t2=1 t3p=0 t3h=0 t4=0 t4s2=0 | R13=0 R134=0 R134s2=0 RT=1 RT4=1 RT4s2=1 | t4min 0
X k4_certs_4_pure.json.gz#123 7,206,50,44 [[7], [2, 8], [4, 5], [3, 6]] def 1 k 3 | t1=0 t2=1 t3p=0 t3h=0 t4=0 t4s2=0 | R13=0 R134=0 R134s2=0 RT=1 RT4=1 RT4s2=1 | t4min 0
X k4_certs_4_pure.json.gz#123 7,206,55,44 [[7], [2, 8], [4, 5], [3, 6]] def 1 k 3 | t1=0 t2=1 t3p=0 t3h=0 t4=0 t4s2=0 | R13=0 R134=0 R134s2=0 RT=1 RT4=1 RT4s2=1 | t4min 0
X k4_certs_4_pure.json.gz#123 7,206,67,44 [[7], [2, 8], [4, 5], [3, 6]] def 1 k 3 | t1=0 t2=1 t3p=0 t3h=0 t4=0 t4s2=0 | R13=0 R134=0 R134s2=0 RT=1 RT4=1 RT4s2=1 | t4min 0
X k4_certs_4_pure.json.gz#123 7,206,82,44 [[7], [2, 8], [4, 5], [3, 6]] def 1 k 3 | t1=0 t2=1 t3p=0 t3h=0 t4=0 t4s2=0 | R13=0 R134=0 R134s2=0 RT=1 RT4=1 RT4s2=1 | t4min 0
X k4_certs_4_pure.json.gz#123 7,206,89,44 [[7], [2, 8], [4, 5], [3, 6]] def 1 k 3 | t1=0 t2=1 t3p=0 t3h=0 t4=0 t4s2=0 | R13=0 R134=0 R134s2=0 RT=1 RT4=1 RT4s2=1 | t4min 0
X k4_certs_4_pure.json.gz#123 7,206,92,44 [[7], [2, 8], [4, 5], [3, 6]] def 1 k 3 | t1=0 t2=1 t3p=0 t3h=0 t4=0 t4s2=0 | R13=0 R134=0 R134s2=0 RT=1 RT4=1 RT4s2=1 | t4min 0
X k4_certs_4_pure.json.gz#123 7,206,95,44 [[7], [2, 8], [4, 5], [3, 6]] def 1 k 3 | t1=0 t2=1 t3p=0 t3h=0 t4=0 t4s2=0 | R13=0 R134=0 R134s2=0 RT=1 RT4=1 RT4s2=1 | t4min 0
X k4_certs_4_pure.json.gz#123 7,206,99,44 [[7], [2, 8], [4, 5], [3, 6]] def 1 k 3 | t1=0 t2=1 t3p=0 t3h=0 t4=0 t4s2=0 | R13=0 R134=0 R134s2=0 RT=1 RT4=1 RT4s2=1 | t4min 0
X k4_certs_4_pure.json.gz#123 7,206,100,44 [[7], [2, 8], [4, 5], [3, 6]] def 1 k 3 | t1=0 t2=1 t3p=0 t3h=0 t4=0 t4s2=0 | R13=0 R134=0 R134s2=0 RT=1 RT4=1 RT4s2=1 | t4min 0
X k4_certs_4_pure.json.gz#123 7,206,104,44 [[7], [2, 8], [4, 5], [3, 6]] def 1 k 3 | t1=0 t2=1 t3p=0 t3h=0 t4=0 t4s2=0 | R13=0 R134=0 R134s2=0 RT=1 RT4=1 RT4s2=1 | t4min 0
X k4_certs_4_pure.json.gz#123 7,206,114,44 [[7], [2, 8], [4, 5], [3, 6]] def 1 k 3 | t1=0 t2=1 t3p=0 t3h=0 t4=0 t4s2=0 | R13=0 R134=0 R134s2=0 RT=1 RT4=1 RT4s2=1 | t4min 0
X k4_certs_4_pure.json.gz#123 7,206,128,44 [[7], [2, 8], [4, 5], [3, 6]] def 1 k 3 | t1=0 t2=1 t3p=0 t3h=0 t4=0 t4s2=0 | R13=0 R134=0 R134s2=0 RT=1 RT4=1 RT4s2=1 | t4min 0
X k4_certs_4_pure.json.gz#123 7,206,131,44 [[7], [2, 8], [4, 5], [3, 6]] def 1 k 3 | t1=0 t2=1 t3p=0 t3h=0 t4=0 t4s2=0 | R13=0 R134=0 R134s2=0 RT=1 RT4=1 RT4s2=1 | t4min 0
X k4_certs_4_pure.json.gz#123 7,206,134,44 [[7], [2, 8], [4, 5], [3, 6]] def 1 k 3 | t1=0 t2=1 t3p=0 t3h=0 t4=0 t4s2=0 | R13=0 R134=0 R134s2=0 RT=1 RT4=1 RT4s2=1 | t4min 0
X k4_certs_4_pure.json.gz#123 7,206,135,44 [[7], [2, 8], [4, 5], [3, 6]] def 1 k 3 | t1=0 t2=1 t3p=0 t3h=0 t4=0 t4s2=0 | R13=0 R134=0 R134s2=0 RT=1 RT4=1 RT4s2=1 | t4min 0
X k4_certs_4_pure.json.gz#123 7,206,152,44 [[7], [2, 8], [4, 5], [3, 6]] def 1 k 3 | t1=0 t2=1 t3p=0 t3h=0 t4=0 t4s2=0 | R13=0 R134=0 R134s2=0 RT=1 RT4=1 RT4s2=1 | t4min 0
X k4_certs_4_pure.json.gz#123 7,206,155,44 [[7], [2, 8], [4, 5], [3, 6]] def 1 k 3 | t1=0 t2=1 t3p=0 t3h=0 t4=0 t4s2=0 | R13=0 R134=0 R134s2=0 RT=1 RT4=1 RT4s2=1 | t4min 0
X k4_certs_4_pure.json.gz#123 7,206,160,44 [[7], [2, 8], [4, 5], [3, 6]] def 1 k 3 | t1=0 t2=1 t3p=0 t3h=0 t4=0 t4s2=0 | R13=0 R134=0 R134s2=0 RT=1 RT4=1 RT4s2=1 | t4min 0
X k4_certs_4_pure.json.gz#123 7,206,165,44 [[7], [2, 8], [4, 5], [3, 6]] def 1 k 3 | t1=0 t2=1 t3p=0 t3h=0 t4=0 t4s2=0 | R13=0 R134=0 R134s2=0 RT=1 RT4=1 RT4s2=1 | t4min 0
X k4_certs_4_pure.json.gz#123 7,206,174,44 [[7], [2, 8], [4, 5], [3, 6]] def 1 k 3 | t1=0 t2=1 t3p=0 t3h=0 t4=0 t4s2=0 | R13=0 R134=0 R134s2=0 RT=1 RT4=1 RT4s2=1 | t4min 0
X k4_certs_4_pure.json.gz#123 7,206,192,44 [[7], [2, 8], [4, 5], [3, 6]] def 1 k 3 | t1=0 t2=1 t3p=0 t3h=0 t4=0 t4s2=0 | R13=0 R134=0 R134s2=0 RT=1 RT4=1 RT4s2=1 | t4min 0
X k4_certs_4_pure.json.gz#123 7,206,193,44 [[7], [2, 8], [4, 5], [3, 6]] def 1 k 3 | t1=0 t2=1 t3p=0 t3h=0 t4=0 t4s2=0 | R13=0 R134=0 R134s2=0 RT=1 RT4=1 RT4s2=1 | t4min 0
X k4_certs_4_pure.json.gz#123 7,206,198,44 [[7], [2, 8], [4, 5], [3, 6]] def 1 k 3 | t1=0 t2=1 t3p=0 t3h=0 t4=0 t4s2=0 | R13=0 R134=0 R134s2=0 RT=1 RT4=1 RT4s2=1 | t4min 0
X k4_certs_4_pure.json.gz#123 7,206,201,44 [[7], [2, 8], [4, 5], [3, 6]] def 1 k 3 | t1=0 t2=1 t3p=0 t3h=0 t4=0 t4s2=0 | R13=0 R134=0 R134s2=0 RT=1 RT4=1 RT4s2=1 | t4min 0
X k4_certs_4_pure.json.gz#123 7,206,217,44 [[7], [2, 8], [4, 5], [3, 6]] def 1 k 3 | t1=0 t2=1 t3p=0 t3h=0 t4=0 t4s2=0 | R13=0 R134=0 R134s2=0 RT=1 RT4=1 RT4s2=1 | t4min 0
X k4_certs_4_pure.json.gz#123 7,206,222,44 [[7], [2, 8], [4, 5], [3, 6]] def 1 k 3 | t1=0 t2=1 t3p=0 t3h=0 t4=0 t4s2=0 | R13=0 R134=0 R134s2=0 RT=1 RT4=1 RT4s2=1 | t4min 0
X k4_certs_4_pure.json.gz#123 7,206,233,44 [[7], [2, 8], [4, 5], [3, 6]] def 1 k 3 | t1=0 t2=1 t3p=0 t3h=0 t4=0 t4s2=0 | R13=0 R134=0 R134s2=0 RT=1 RT4=1 RT4s2=1 | t4min 0
X k4_certs_4_pure.json.gz#123 7,206,234,44 [[7], [2, 8], [4, 5], [3, 6]] def 1 k 3 | t1=0 t2=1 t3p=0 t3h=0 t4=0 t4s2=0 | R13=0 R134=0 R134s2=0 RT=1 RT4=1 RT4s2=1 | t4min 0
X k4_certs_4_pure.json.gz#123 7,206,236,44 [[7], [2, 8], [4, 5], [3, 6]] def 1 k 3 | t1=0 t2=1 t3p=0 t3h=0 t4=0 t4s2=0 | R13=0 R134=0 R134s2=0 RT=1 RT4=1 RT4s2=1 | t4min 0
X k4_certs_4_pure.json.gz#123 7,206,237,44 [[7], [2, 8], [4, 5], [3, 6]] def 1 k 3 | t1=0 t2=1 t3p=0 t3h=0 t4=0 t4s2=0 | R13=0 R134=0 R134s2=0 RT=1 RT4=1 RT4s2=1 | t4min 0
X k4_certs_4_pure.json.gz#123 7,206,241,44 [[7], [2, 8], [4, 5], [3, 6]] def 1 k 3 | t1=0 t2=1 t3p=0 t3h=0 t4=0 t4s2=0 | R13=0 R134=0 R134s2=0 RT=1 RT4=1 RT4s2=1 | t4min 0
X k4_certs_4_pure.json.gz#123 7,206,242,44 [[7], [2, 8], [4, 5], [3, 6]] def 1 k 3 | t1=0 t2=1 t3p=0 t3h=0 t4=0 t4s2=0 | R13=0 R134=0 R134s2=0 RT=1 RT4=1 RT4s2=1 | t4min 0
X k4_certs_4_pure.json.gz#123 7,206,243,44 [[7], [2, 8], [4, 5], [3, 6]] def 1 k 3 | t1=0 t2=1 t3p=0 t3h=0 t4=0 t4s2=0 | R13=0 R134=0 R134s2=0 RT=1 RT4=1 RT4s2=1 | t4min 0
X k4_certs_4_pure.json.gz#123 7,206,245,44 [[7], [2, 8], [4, 5], [3, 6]] def 1 k 3 | t1=0 t2=1 t3p=0 t3h=0 t4=0 t4s2=0 | R13=0 R134=0 R134s2=0 RT=1 RT4=1 RT4s2=1 | t4min 0
X k4_certs_4_pure.json.gz#123 7,206,248,44 [[7], [2, 8], [4, 5], [3, 6]] def 1 k 3 | t1=0 t2=1 t3p=0 t3h=0 t4=0 t4s2=0 | R13=0 R134=0 R134s2=0 RT=1 RT4=1 RT4s2=1 | t4min 0
X k4_certs_4_pure.json.gz#123 7,206,249,44 [[7], [2, 8], [4, 5], [3, 6]] def 1 k 3 | t1=0 t2=1 t3p=0 t3h=0 t4=0 t4s2=0 | R13=0 R134=0 R134s2=0 RT=1 RT4=1 RT4s2=1 | t4min 0
X k4_certs_4_pure.json.gz#123 7,206,250,44 [[7], [2, 8], [4, 5], [3, 6]] def 1 k 3 | t1=0 t2=1 t3p=0 t3h=0 t4=0 t4s2=0 | R13=0 R134=0 R134s2=0 RT=1 RT4=1 RT4s2=1 | t4min 0
X k4_certs_4_pure.json.gz#123 7,206,252,44 [[7], [2, 8], [4, 5], [3, 6]] def 1 k 3 | t1=0 t2=1 t3p=0 t3h=0 t4=0 t4s2=0 | R13=0 R134=0 R134s2=0 RT=1 RT4=1 RT4s2=1 | t4min 0
X k4_certs_4_pure.json.gz#123 7,206,268,44 [[7], [2, 8], [4, 5], [3, 6]] def 1 k 3 | t1=0 t2=1 t3p=0 t3h=0 t4=0 t4s2=0 | R13=0 R134=0 R134s2=0 RT=1 RT4=1 RT4s2=1 | t4min 0
X k4_certs_4_pure.json.gz#123 7,206,269,44 [[7], [2, 8], [4, 5], [3, 6]] def 1 k 3 | t1=0 t2=1 t3p=0 t3h=0 t4=0 t4s2=0 | R13=0 R134=0 R134s2=0 RT=1 RT4=1 RT4s2=1 | t4min 0
X k4_certs_4_pure.json.gz#123 7,206,272,44 [[7], [2, 8], [4, 5], [3, 6]] def 1 k 3 | t1=0 t2=1 t3p=0 t3h=0 t4=0 t4s2=0 | R13=0 R134=0 R134s2=0 RT=1 RT4=1 RT4s2=1 | t4min 0
X k4_certs_4_pure.json.gz#123 7,206,273,44 [[7], [2, 8], [4, 5], [3, 6]] def 1 k 3 | t1=0 t2=1 t3p=0 t3h=0 t4=0 t4s2=0 | R13=0 R134=0 R134s2=0 RT=1 RT4=1 RT4s2=1 | t4min 0
X k4_certs_4_pure.json.gz#123 7,206,282,44 [[7], [2, 8], [4, 5], [3, 6]] def 1 k 3 | t1=0 t2=1 t3p=0 t3h=0 t4=0 t4s2=0 | R13=0 R134=0 R134s2=0 RT=1 RT4=1 RT4s2=1 | t4min 0
X k4_certs_4_pure.json.gz#123 7,206,284,44 [[7], [2, 8], [4, 5], [3, 6]] def 1 k 3 | t1=0 t2=1 t3p=0 t3h=0 t4=0 t4s2=0 | R13=0 R134=0 R134s2=0 RT=1 RT4=1 RT4s2=1 | t4min 0
X k4_certs_4_pure.json.gz#123 7,206,285,44 [[7], [2, 8], [4, 5], [3, 6]] def 1 k 3 | t1=0 t2=1 t3p=0 t3h=0 t4=0 t4s2=0 | R13=0 R134=0 R134s2=0 RT=1 RT4=1 RT4s2=1 | t4min 0
X k4_certs_4_pure.json.gz#123 7,206,286,44 [[7], [2, 8], [4, 5], [3, 6]] def 1 k 3 | t1=0 t2=1 t3p=0 t3h=0 t4=0 t4s2=0 | R13=0 R134=0 R134s2=0 RT=1 RT4=1 RT4s2=1 | t4min 0
X k4_certs_4_pure.json.gz#123 7,224,11,44 [[7], [2, 8], [4, 5], [3, 6]] def 1 k 3 | t1=0 t2=1 t3p=0 t3h=0 t4=0 t4s2=0 | R13=0 R134=0 R134s2=0 RT=1 RT4=1 RT4s2=1 | t4min 0
X k4_certs_4_pure.json.gz#123 7,224,13,44 [[7], [2, 8], [4, 5], [3, 6]] def 1 k 3 | t1=0 t2=1 t3p=0 t3h=0 t4=0 t4s2=0 | R13=0 R134=0 R134s2=0 RT=1 RT4=1 RT4s2=1 | t4min 0
X k4_certs_4_pure.json.gz#123 7,224,18,44 [[7], [2, 8], [4, 5], [3, 6]] def 1 k 3 | t1=0 t2=1 t3p=0 t3h=0 t4=0 t4s2=0 | R13=0 R134=0 R134s2=0 RT=1 RT4=1 RT4s2=1 | t4min 0
X k4_certs_4_pure.json.gz#123 7,224,25,44 [[7], [2, 8], [4, 5], [3, 6]] def 1 k 3 | t1=0 t2=1 t3p=0 t3h=0 t4=0 t4s2=0 | R13=0 R134=0 R134s2=0 RT=1 RT4=1 RT4s2=1 | t4min 0
X k4_certs_4_pure.json.gz#123 7,224,47,44 [[7], [2, 8], [4, 5], [3, 6]] def 1 k 3 | t1=0 t2=1 t3p=0 t3h=0 t4=0 t4s2=0 | R13=0 R134=0 R134s2=0 RT=1 RT4=1 RT4s2=1 | t4min 0
X k4_certs_4_pure.json.gz#123 7,224,50,44 [[7], [2, 8], [4, 5], [3, 6]] def 1 k 3 | t1=0 t2=1 t3p=0 t3h=0 t4=0 t4s2=0 | R13=0 R134=0 R134s2=0 RT=1 RT4=1 RT4s2=1 | t4min 0
X k4_certs_4_pure.json.gz#123 7,224,55,44 [[7], [2, 8], [4, 5], [3, 6]] def 1 k 3 | t1=0 t2=1 t3p=0 t3h=0 t4=0 t4s2=0 | R13=0 R134=0 R134s2=0 RT=1 RT4=1 RT4s2=1 | t4min 0
X k4_certs_4_pure.json.gz#123 7,224,67,44 [[7], [2, 8], [4, 5], [3, 6]] def 1 k 3 | t1=0 t2=1 t3p=0 t3h=0 t4=0 t4s2=0 | R13=0 R134=0 R134s2=0 RT=1 RT4=1 RT4s2=1 | t4min 0
X k4_certs_4_pure.json.gz#123 7,224,82,44 [[7], [2, 8], [4, 5], [3, 6]] def 1 k 3 | t1=0 t2=1 t3p=0 t3h=0 t4=0 t4s2=0 | R13=0 R134=0 R134s2=0 RT=1 RT4=1 RT4s2=1 | t4min 0
X k4_certs_4_pure.json.gz#123 7,224,89,44 [[7], [2, 8], [4, 5], [3, 6]] def 1 k 3 | t1=0 t2=1 t3p=0 t3h=0 t4=0 t4s2=0 | R13=0 R134=0 R134s2=0 RT=1 RT4=1 RT4s2=1 | t4min 0
X k4_certs_4_pure.json.gz#123 7,224,92,44 [[7], [2, 8], [4, 5], [3, 6]] def 1 k 3 | t1=0 t2=1 t3p=0 t3h=0 t4=0 t4s2=0 | R13=0 R134=0 R134s2=0 RT=1 RT4=1 RT4s2=1 | t4min 0
X k4_certs_4_pure.json.gz#123 7,224,95,44 [[7], [2, 8], [4, 5], [3, 6]] def 1 k 3 | t1=0 t2=1 t3p=0 t3h=0 t4=0 t4s2=0 | R13=0 R134=0 R134s2=0 RT=1 RT4=1 RT4s2=1 | t4min 0
X k4_certs_4_pure.json.gz#123 7,224,99,44 [[7], [2, 8], [4, 5], [3, 6]] def 1 k 3 | t1=0 t2=1 t3p=0 t3h=0 t4=0 t4s2=0 | R13=0 R134=0 R134s2=0 RT=1 RT4=1 RT4s2=1 | t4min 0
X k4_certs_4_pure.json.gz#123 7,224,100,44 [[7], [2, 8], [4, 5], [3, 6]] def 1 k 3 | t1=0 t2=1 t3p=0 t3h=0 t4=0 t4s2=0 | R13=0 R134=0 R134s2=0 RT=1 RT4=1 RT4s2=1 | t4min 0
X k4_certs_4_pure.json.gz#123 7,224,104,44 [[7], [2, 8], [4, 5], [3, 6]] def 1 k 3 | t1=0 t2=1 t3p=0 t3h=0 t4=0 t4s2=0 | R13=0 R134=0 R134s2=0 RT=1 RT4=1 RT4s2=1 | t4min 0
X k4_certs_4_pure.json.gz#123 7,224,114,44 [[7], [2, 8], [4, 5], [3, 6]] def 1 k 3 | t1=0 t2=1 t3p=0 t3h=0 t4=0 t4s2=0 | R13=0 R134=0 R134s2=0 RT=1 RT4=1 RT4s2=1 | t4min 0
X k4_certs_4_pure.json.gz#123 7,224,128,44 [[7], [2, 8], [4, 5], [3, 6]] def 1 k 3 | t1=0 t2=1 t3p=0 t3h=0 t4=0 t4s2=0 | R13=0 R134=0 R134s2=0 RT=1 RT4=1 RT4s2=1 | t4min 0
X k4_certs_4_pure.json.gz#123 7,224,131,44 [[7], [2, 8], [4, 5], [3, 6]] def 1 k 3 | t1=0 t2=1 t3p=0 t3h=0 t4=0 t4s2=0 | R13=0 R134=0 R134s2=0 RT=1 RT4=1 RT4s2=1 | t4min 0
X k4_certs_4_pure.json.gz#123 7,224,134,44 [[7], [2, 8], [4, 5], [3, 6]] def 1 k 3 | t1=0 t2=1 t3p=0 t3h=0 t4=0 t4s2=0 | R13=0 R134=0 R134s2=0 RT=1 RT4=1 RT4s2=1 | t4min 0
X k4_certs_4_pure.json.gz#123 7,224,135,44 [[7], [2, 8], [4, 5], [3, 6]] def 1 k 3 | t1=0 t2=1 t3p=0 t3h=0 t4=0 t4s2=0 | R13=0 R134=0 R134s2=0 RT=1 RT4=1 RT4s2=1 | t4min 0
X k4_certs_4_pure.json.gz#123 7,224,152,44 [[7], [2, 8], [4, 5], [3, 6]] def 1 k 3 | t1=0 t2=1 t3p=0 t3h=0 t4=0 t4s2=0 | R13=0 R134=0 R134s2=0 RT=1 RT4=1 RT4s2=1 | t4min 0
X k4_certs_4_pure.json.gz#123 7,224,155,44 [[7], [2, 8], [4, 5], [3, 6]] def 1 k 3 | t1=0 t2=1 t3p=0 t3h=0 t4=0 t4s2=0 | R13=0 R134=0 R134s2=0 RT=1 RT4=1 RT4s2=1 | t4min 0
X k4_certs_4_pure.json.gz#123 7,224,160,44 [[7], [2, 8], [4, 5], [3, 6]] def 1 k 3 | t1=0 t2=1 t3p=0 t3h=0 t4=0 t4s2=0 | R13=0 R134=0 R134s2=0 RT=1 RT4=1 RT4s2=1 | t4min 0
X k4_certs_4_pure.json.gz#123 7,224,165,44 [[7], [2, 8], [4, 5], [3, 6]] def 1 k 3 | t1=0 t2=1 t3p=0 t3h=0 t4=0 t4s2=0 | R13=0 R134=0 R134s2=0 RT=1 RT4=1 RT4s2=1 | t4min 0
X k4_certs_4_pure.json.gz#123 7,224,174,44 [[7], [2, 8], [4, 5], [3, 6]] def 1 k 3 | t1=0 t2=1 t3p=0 t3h=0 t4=0 t4s2=0 | R13=0 R134=0 R134s2=0 RT=1 RT4=1 RT4s2=1 | t4min 0
X k4_certs_4_pure.json.gz#123 7,224,192,44 [[7], [2, 8], [4, 5], [3, 6]] def 1 k 3 | t1=0 t2=1 t3p=0 t3h=0 t4=0 t4s2=0 | R13=0 R134=0 R134s2=0 RT=1 RT4=1 RT4s2=1 | t4min 0
X k4_certs_4_pure.json.gz#123 7,224,193,44 [[7], [2, 8], [4, 5], [3, 6]] def 1 k 3 | t1=0 t2=1 t3p=0 t3h=0 t4=0 t4s2=0 | R13=0 R134=0 R134s2=0 RT=1 RT4=1 RT4s2=1 | t4min 0
X k4_certs_4_pure.json.gz#123 7,224,198,44 [[7], [2, 8], [4, 5], [3, 6]] def 1 k 3 | t1=0 t2=1 t3p=0 t3h=0 t4=0 t4s2=0 | R13=0 R134=0 R134s2=0 RT=1 RT4=1 RT4s2=1 | t4min 0
X k4_certs_4_pure.json.gz#123 7,224,201,44 [[7], [2, 8], [4, 5], [3, 6]] def 1 k 3 | t1=0 t2=1 t3p=0 t3h=0 t4=0 t4s2=0 | R13=0 R134=0 R134s2=0 RT=1 RT4=1 RT4s2=1 | t4min 0
X k4_certs_4_pure.json.gz#123 7,224,217,44 [[7], [2, 8], [4, 5], [3, 6]] def 1 k 3 | t1=0 t2=1 t3p=0 t3h=0 t4=0 t4s2=0 | R13=0 R134=0 R134s2=0 RT=1 RT4=1 RT4s2=1 | t4min 0
X k4_certs_4_pure.json.gz#123 7,224,222,44 [[7], [2, 8], [4, 5], [3, 6]] def 1 k 3 | t1=0 t2=1 t3p=0 t3h=0 t4=0 t4s2=0 | R13=0 R134=0 R134s2=0 RT=1 RT4=1 RT4s2=1 | t4min 0
X k4_certs_4_pure.json.gz#123 7,224,233,44 [[7], [2, 8], [4, 5], [3, 6]] def 1 k 3 | t1=0 t2=1 t3p=0 t3h=0 t4=0 t4s2=0 | R13=0 R134=0 R134s2=0 RT=1 RT4=1 RT4s2=1 | t4min 0
X k4_certs_4_pure.json.gz#123 7,224,234,44 [[7], [2, 8], [4, 5], [3, 6]] def 1 k 3 | t1=0 t2=1 t3p=0 t3h=0 t4=0 t4s2=0 | R13=0 R134=0 R134s2=0 RT=1 RT4=1 RT4s2=1 | t4min 0
X k4_certs_4_pure.json.gz#123 7,224,236,44 [[7], [2, 8], [4, 5], [3, 6]] def 1 k 3 | t1=0 t2=1 t3p=0 t3h=0 t4=0 t4s2=0 | R13=0 R134=0 R134s2=0 RT=1 RT4=1 RT4s2=1 | t4min 0
X k4_certs_4_pure.json.gz#123 7,224,237,44 [[7], [2, 8], [4, 5], [3, 6]] def 1 k 3 | t1=0 t2=1 t3p=0 t3h=0 t4=0 t4s2=0 | R13=0 R134=0 R134s2=0 RT=1 RT4=1 RT4s2=1 | t4min 0
X k4_certs_4_pure.json.gz#123 7,224,241,44 [[7], [2, 8], [4, 5], [3, 6]] def 1 k 3 | t1=0 t2=1 t3p=0 t3h=0 t4=0 t4s2=0 | R13=0 R134=0 R134s2=0 RT=1 RT4=1 RT4s2=1 | t4min 0
X k4_certs_4_pure.json.gz#123 7,224,242,44 [[7], [2, 8], [4, 5], [3, 6]] def 1 k 3 | t1=0 t2=1 t3p=0 t3h=0 t4=0 t4s2=0 | R13=0 R134=0 R134s2=0 RT=1 RT4=1 RT4s2=1 | t4min 0
X k4_certs_4_pure.json.gz#123 7,224,243,44 [[7], [2, 8], [4, 5], [3, 6]] def 1 k 3 | t1=0 t2=1 t3p=0 t3h=0 t4=0 t4s2=0 | R13=0 R134=0 R134s2=0 RT=1 RT4=1 RT4s2=1 | t4min 0
X k4_certs_4_pure.json.gz#123 7,224,245,44 [[7], [2, 8], [4, 5], [3, 6]] def 1 k 3 | t1=0 t2=1 t3p=0 t3h=0 t4=0 t4s2=0 | R13=0 R134=0 R134s2=0 RT=1 RT4=1 RT4s2=1 | t4min 0
X k4_certs_4_pure.json.gz#123 7,224,248,44 [[7], [2, 8], [4, 5], [3, 6]] def 1 k 3 | t1=0 t2=1 t3p=0 t3h=0 t4=0 t4s2=0 | R13=0 R134=0 R134s2=0 RT=1 RT4=1 RT4s2=1 | t4min 0
X k4_certs_4_pure.json.gz#123 7,224,249,44 [[7], [2, 8], [4, 5], [3, 6]] def 1 k 3 | t1=0 t2=1 t3p=0 t3h=0 t4=0 t4s2=0 | R13=0 R134=0 R134s2=0 RT=1 RT4=1 RT4s2=1 | t4min 0
X k4_certs_4_pure.json.gz#123 7,224,250,44 [[7], [2, 8], [4, 5], [3, 6]] def 1 k 3 | t1=0 t2=1 t3p=0 t3h=0 t4=0 t4s2=0 | R13=0 R134=0 R134s2=0 RT=1 RT4=1 RT4s2=1 | t4min 0
X k4_certs_4_pure.json.gz#123 7,224,252,44 [[7], [2, 8], [4, 5], [3, 6]] def 1 k 3 | t1=0 t2=1 t3p=0 t3h=0 t4=0 t4s2=0 | R13=0 R134=0 R134s2=0 RT=1 RT4=1 RT4s2=1 | t4min 0
X k4_certs_4_pure.json.gz#123 7,224,268,44 [[7], [2, 8], [4, 5], [3, 6]] def 1 k 3 | t1=0 t2=1 t3p=0 t3h=0 t4=0 t4s2=0 | R13=0 R134=0 R134s2=0 RT=1 RT4=1 RT4s2=1 | t4min 0
X k4_certs_4_pure.json.gz#123 7,224,269,44 [[7], [2, 8], [4, 5], [3, 6]] def 1 k 3 | t1=0 t2=1 t3p=0 t3h=0 t4=0 t4s2=0 | R13=0 R134=0 R134s2=0 RT=1 RT4=1 RT4s2=1 | t4min 0
X k4_certs_4_pure.json.gz#123 7,224,272,44 [[7], [2, 8], [4, 5], [3, 6]] def 1 k 3 | t1=0 t2=1 t3p=0 t3h=0 t4=0 t4s2=0 | R13=0 R134=0 R134s2=0 RT=1 RT4=1 RT4s2=1 | t4min 0
X k4_certs_4_pure.json.gz#123 7,224,273,44 [[7], [2, 8], [4, 5], [3, 6]] def 1 k 3 | t1=0 t2=1 t3p=0 t3h=0 t4=0 t4s2=0 | R13=0 R134=0 R134s2=0 RT=1 RT4=1 RT4s2=1 | t4min 0
X k4_certs_4_pure.json.gz#123 7,224,282,44 [[7], [2, 8], [4, 5], [3, 6]] def 1 k 3 | t1=0 t2=1 t3p=0 t3h=0 t4=0 t4s2=0 | R13=0 R134=0 R134s2=0 RT=1 RT4=1 RT4s2=1 | t4min 0
X k4_certs_4_pure.json.gz#123 7,224,284,44 [[7], [2, 8], [4, 5], [3, 6]] def 1 k 3 | t1=0 t2=1 t3p=0 t3h=0 t4=0 t4s2=0 | R13=0 R134=0 R134s2=0 RT=1 RT4=1 RT4s2=1 | t4min 0
X k4_certs_4_pure.json.gz#123 7,224,285,44 [[7], [2, 8], [4, 5], [3, 6]] def 1 k 3 | t1=0 t2=1 t3p=0 t3h=0 t4=0 t4s2=0 | R13=0 R134=0 R134s2=0 RT=1 RT4=1 RT4s2=1 | t4min 0
X k4_certs_4_pure.json.gz#123 7,224,286,44 [[7], [2, 8], [4, 5], [3, 6]] def 1 k 3 | t1=0 t2=1 t3p=0 t3h=0 t4=0 t4s2=0 | R13=0 R134=0 R134s2=0 RT=1 RT4=1 RT4s2=1 | t4min 0
X k4_certs_4_pure.json.gz#123 7,235,11,44 [[7], [2, 8], [4, 5], [3, 6]] def 1 k 2 | t1=0 t2=1 t3p=0 t3h=0 t4=0 t4s2=0 | R13=0 R134=0 R134s2=0 RT=1 RT4=1 RT4s2=1 | t4min 0
X k4_certs_4_pure.json.gz#123 7,235,13,44 [[7], [2, 8], [4, 5], [3, 6]] def 1 k 2 | t1=0 t2=1 t3p=0 t3h=0 t4=0 t4s2=0 | R13=0 R134=0 R134s2=0 RT=1 RT4=1 RT4s2=1 | t4min 0
X k4_certs_4_pure.json.gz#123 7,235,18,44 [[7], [2, 8], [4, 5], [3, 6]] def 1 k 2 | t1=0 t2=1 t3p=0 t3h=0 t4=0 t4s2=0 | R13=0 R134=0 R134s2=0 RT=1 RT4=1 RT4s2=1 | t4min 0
X k4_certs_4_pure.json.gz#123 7,235,25,44 [[7], [2, 8], [4, 5], [3, 6]] def 1 k 2 | t1=0 t2=1 t3p=0 t3h=0 t4=0 t4s2=0 | R13=0 R134=0 R134s2=0 RT=1 RT4=1 RT4s2=1 | t4min 0
X k4_certs_4_pure.json.gz#123 7,235,47,44 [[7], [2, 8], [4, 5], [3, 6]] def 1 k 2 | t1=0 t2=1 t3p=0 t3h=0 t4=0 t4s2=0 | R13=0 R134=0 R134s2=0 RT=1 RT4=1 RT4s2=1 | t4min 0
X k4_certs_4_pure.json.gz#123 7,235,50,44 [[7], [2, 8], [4, 5], [3, 6]] def 1 k 2 | t1=0 t2=1 t3p=0 t3h=0 t4=0 t4s2=0 | R13=0 R134=0 R134s2=0 RT=1 RT4=1 RT4s2=1 | t4min 0
X k4_certs_4_pure.json.gz#123 7,235,55,44 [[7], [2, 8], [4, 5], [3, 6]] def 1 k 2 | t1=0 t2=1 t3p=0 t3h=0 t4=0 t4s2=0 | R13=0 R134=0 R134s2=0 RT=1 RT4=1 RT4s2=1 | t4min 0
X k4_certs_4_pure.json.gz#123 7,235,67,44 [[7], [2, 8], [4, 5], [3, 6]] def 1 k 2 | t1=0 t2=1 t3p=0 t3h=0 t4=0 t4s2=0 | R13=0 R134=0 R134s2=0 RT=1 RT4=1 RT4s2=1 | t4min 0
X k4_certs_4_pure.json.gz#123 7,235,82,44 [[7], [2, 8], [4, 5], [3, 6]] def 1 k 2 | t1=0 t2=1 t3p=0 t3h=0 t4=0 t4s2=0 | R13=0 R134=0 R134s2=0 RT=1 RT4=1 RT4s2=1 | t4min 0
X k4_certs_4_pure.json.gz#123 7,235,89,44 [[7], [2, 8], [4, 5], [3, 6]] def 1 k 2 | t1=0 t2=1 t3p=0 t3h=0 t4=0 t4s2=0 | R13=0 R134=0 R134s2=0 RT=1 RT4=1 RT4s2=1 | t4min 0
X k4_certs_4_pure.json.gz#123 7,235,92,44 [[7], [2, 8], [4, 5], [3, 6]] def 1 k 2 | t1=0 t2=1 t3p=0 t3h=0 t4=0 t4s2=0 | R13=0 R134=0 R134s2=0 RT=1 RT4=1 RT4s2=1 | t4min 0
X k4_certs_4_pure.json.gz#123 7,235,95,44 [[7], [2, 8], [4, 5], [3, 6]] def 1 k 2 | t1=0 t2=1 t3p=0 t3h=0 t4=0 t4s2=0 | R13=0 R134=0 R134s2=0 RT=1 RT4=1 RT4s2=1 | t4min 0
X k4_certs_4_pure.json.gz#123 7,235,99,44 [[7], [2, 8], [4, 5], [3, 6]] def 1 k 2 | t1=0 t2=1 t3p=0 t3h=0 t4=0 t4s2=0 | R13=0 R134=0 R134s2=0 RT=1 RT4=1 RT4s2=1 | t4min 0
X k4_certs_4_pure.json.gz#123 7,235,100,44 [[7], [2, 8], [4, 5], [3, 6]] def 1 k 2 | t1=0 t2=1 t3p=0 t3h=0 t4=0 t4s2=0 | R13=0 R134=0 R134s2=0 RT=1 RT4=1 RT4s2=1 | t4min 0
X k4_certs_4_pure.json.gz#123 7,235,104,44 [[7], [2, 8], [4, 5], [3, 6]] def 1 k 2 | t1=0 t2=1 t3p=0 t3h=0 t4=0 t4s2=0 | R13=0 R134=0 R134s2=0 RT=1 RT4=1 RT4s2=1 | t4min 0
X k4_certs_4_pure.json.gz#123 7,235,114,44 [[7], [2, 8], [4, 5], [3, 6]] def 1 k 2 | t1=0 t2=1 t3p=0 t3h=0 t4=0 t4s2=0 | R13=0 R134=0 R134s2=0 RT=1 RT4=1 RT4s2=1 | t4min 0
X k4_certs_4_pure.json.gz#123 7,235,128,44 [[7], [2, 8], [4, 5], [3, 6]] def 1 k 2 | t1=0 t2=1 t3p=0 t3h=0 t4=0 t4s2=0 | R13=0 R134=0 R134s2=0 RT=1 RT4=1 RT4s2=1 | t4min 0
X k4_certs_4_pure.json.gz#123 7,235,131,44 [[7], [2, 8], [4, 5], [3, 6]] def 1 k 2 | t1=0 t2=1 t3p=0 t3h=0 t4=0 t4s2=0 | R13=0 R134=0 R134s2=0 RT=1 RT4=1 RT4s2=1 | t4min 0
X k4_certs_4_pure.json.gz#123 7,235,134,44 [[7], [2, 8], [4, 5], [3, 6]] def 1 k 2 | t1=0 t2=1 t3p=0 t3h=0 t4=0 t4s2=0 | R13=0 R134=0 R134s2=0 RT=1 RT4=1 RT4s2=1 | t4min 0
X k4_certs_4_pure.json.gz#123 7,235,135,44 [[7], [2, 8], [4, 5], [3, 6]] def 1 k 2 | t1=0 t2=1 t3p=0 t3h=0 t4=0 t4s2=0 | R13=0 R134=0 R134s2=0 RT=1 RT4=1 RT4s2=1 | t4min 0
X k4_certs_4_pure.json.gz#123 7,235,152,44 [[7], [2, 8], [4, 5], [3, 6]] def 1 k 2 | t1=0 t2=1 t3p=0 t3h=0 t4=0 t4s2=0 | R13=0 R134=0 R134s2=0 RT=1 RT4=1 RT4s2=1 | t4min 0
X k4_certs_4_pure.json.gz#123 7,235,155,44 [[7], [2, 8], [4, 5], [3, 6]] def 1 k 2 | t1=0 t2=1 t3p=0 t3h=0 t4=0 t4s2=0 | R13=0 R134=0 R134s2=0 RT=1 RT4=1 RT4s2=1 | t4min 0
X k4_certs_4_pure.json.gz#123 7,235,160,44 [[7], [2, 8], [4, 5], [3, 6]] def 1 k 2 | t1=0 t2=1 t3p=0 t3h=0 t4=0 t4s2=0 | R13=0 R134=0 R134s2=0 RT=1 RT4=1 RT4s2=1 | t4min 0
X k4_certs_4_pure.json.gz#123 7,235,165,44 [[7], [2, 8], [4, 5], [3, 6]] def 1 k 2 | t1=0 t2=1 t3p=0 t3h=0 t4=0 t4s2=0 | R13=0 R134=0 R134s2=0 RT=1 RT4=1 RT4s2=1 | t4min 0
X k4_certs_4_pure.json.gz#123 7,235,174,44 [[7], [2, 8], [4, 5], [3, 6]] def 1 k 2 | t1=0 t2=1 t3p=0 t3h=0 t4=0 t4s2=0 | R13=0 R134=0 R134s2=0 RT=1 RT4=1 RT4s2=1 | t4min 0
X k4_certs_4_pure.json.gz#123 7,235,192,44 [[7], [2, 8], [4, 5], [3, 6]] def 1 k 2 | t1=0 t2=1 t3p=0 t3h=0 t4=0 t4s2=0 | R13=0 R134=0 R134s2=0 RT=1 RT4=1 RT4s2=1 | t4min 0
X k4_certs_4_pure.json.gz#123 7,235,193,44 [[7], [2, 8], [4, 5], [3, 6]] def 1 k 2 | t1=0 t2=1 t3p=0 t3h=0 t4=0 t4s2=0 | R13=0 R134=0 R134s2=0 RT=1 RT4=1 RT4s2=1 | t4min 0
X k4_certs_4_pure.json.gz#123 7,235,198,44 [[7], [2, 8], [4, 5], [3, 6]] def 1 k 2 | t1=0 t2=1 t3p=0 t3h=0 t4=0 t4s2=0 | R13=0 R134=0 R134s2=0 RT=1 RT4=1 RT4s2=1 | t4min 0
X k4_certs_4_pure.json.gz#123 7,235,201,44 [[7], [2, 8], [4, 5], [3, 6]] def 1 k 2 | t1=0 t2=1 t3p=0 t3h=0 t4=0 t4s2=0 | R13=0 R134=0 R134s2=0 RT=1 RT4=1 RT4s2=1 | t4min 0
X k4_certs_4_pure.json.gz#123 7,235,217,44 [[7], [2, 8], [4, 5], [3, 6]] def 1 k 2 | t1=0 t2=1 t3p=0 t3h=0 t4=0 t4s2=0 | R13=0 R134=0 R134s2=0 RT=1 RT4=1 RT4s2=1 | t4min 0
X k4_certs_4_pure.json.gz#123 7,235,222,44 [[7], [2, 8], [4, 5], [3, 6]] def 1 k 2 | t1=0 t2=1 t3p=0 t3h=0 t4=0 t4s2=0 | R13=0 R134=0 R134s2=0 RT=1 RT4=1 RT4s2=1 | t4min 0
X k4_certs_4_pure.json.gz#123 7,235,233,44 [[7], [2, 8], [4, 5], [3, 6]] def 1 k 2 | t1=0 t2=1 t3p=0 t3h=0 t4=0 t4s2=0 | R13=0 R134=0 R134s2=0 RT=1 RT4=1 RT4s2=1 | t4min 0
X k4_certs_4_pure.json.gz#123 7,235,234,44 [[7], [2, 8], [4, 5], [3, 6]] def 1 k 2 | t1=0 t2=1 t3p=0 t3h=0 t4=0 t4s2=0 | R13=0 R134=0 R134s2=0 RT=1 RT4=1 RT4s2=1 | t4min 0
X k4_certs_4_pure.json.gz#123 7,235,236,44 [[7], [2, 8], [4, 5], [3, 6]] def 1 k 2 | t1=0 t2=1 t3p=0 t3h=0 t4=0 t4s2=0 | R13=0 R134=0 R134s2=0 RT=1 RT4=1 RT4s2=1 | t4min 0
X k4_certs_4_pure.json.gz#123 7,235,237,44 [[7], [2, 8], [4, 5], [3, 6]] def 1 k 2 | t1=0 t2=1 t3p=0 t3h=0 t4=0 t4s2=0 | R13=0 R134=0 R134s2=0 RT=1 RT4=1 RT4s2=1 | t4min 0
X k4_certs_4_pure.json.gz#123 7,235,241,44 [[7], [2, 8], [4, 5], [3, 6]] def 1 k 2 | t1=0 t2=1 t3p=0 t3h=0 t4=0 t4s2=0 | R13=0 R134=0 R134s2=0 RT=1 RT4=1 RT4s2=1 | t4min 0
X k4_certs_4_pure.json.gz#123 7,235,242,44 [[7], [2, 8], [4, 5], [3, 6]] def 1 k 2 | t1=0 t2=1 t3p=0 t3h=0 t4=0 t4s2=0 | R13=0 R134=0 R134s2=0 RT=1 RT4=1 RT4s2=1 | t4min 0
X k4_certs_4_pure.json.gz#123 7,235,243,44 [[7], [2, 8], [4, 5], [3, 6]] def 1 k 2 | t1=0 t2=1 t3p=0 t3h=0 t4=0 t4s2=0 | R13=0 R134=0 R134s2=0 RT=1 RT4=1 RT4s2=1 | t4min 0
X k4_certs_4_pure.json.gz#123 7,235,245,44 [[7], [2, 8], [4, 5], [3, 6]] def 1 k 2 | t1=0 t2=1 t3p=0 t3h=0 t4=0 t4s2=0 | R13=0 R134=0 R134s2=0 RT=1 RT4=1 RT4s2=1 | t4min 0
X k4_certs_4_pure.json.gz#123 7,235,248,44 [[7], [2, 8], [4, 5], [3, 6]] def 1 k 2 | t1=0 t2=1 t3p=0 t3h=0 t4=0 t4s2=0 | R13=0 R134=0 R134s2=0 RT=1 RT4=1 RT4s2=1 | t4min 0
X k4_certs_4_pure.json.gz#123 7,235,249,44 [[7], [2, 8], [4, 5], [3, 6]] def 1 k 2 | t1=0 t2=1 t3p=0 t3h=0 t4=0 t4s2=0 | R13=0 R134=0 R134s2=0 RT=1 RT4=1 RT4s2=1 | t4min 0
X k4_certs_4_pure.json.gz#123 7,235,250,44 [[7], [2, 8], [4, 5], [3, 6]] def 1 k 2 | t1=0 t2=1 t3p=0 t3h=0 t4=0 t4s2=0 | R13=0 R134=0 R134s2=0 RT=1 RT4=1 RT4s2=1 | t4min 0
X k4_certs_4_pure.json.gz#123 7,235,252,44 [[7], [2, 8], [4, 5], [3, 6]] def 1 k 2 | t1=0 t2=1 t3p=0 t3h=0 t4=0 t4s2=0 | R13=0 R134=0 R134s2=0 RT=1 RT4=1 RT4s2=1 | t4min 0
X k4_certs_4_pure.json.gz#123 7,235,268,44 [[7], [2, 8], [4, 5], [3, 6]] def 1 k 2 | t1=0 t2=1 t3p=0 t3h=0 t4=0 t4s2=0 | R13=0 R134=0 R134s2=0 RT=1 RT4=1 RT4s2=1 | t4min 0
X k4_certs_4_pure.json.gz#123 7,235,269,44 [[7], [2, 8], [4, 5], [3, 6]] def 1 k 2 | t1=0 t2=1 t3p=0 t3h=0 t4=0 t4s2=0 | R13=0 R134=0 R134s2=0 RT=1 RT4=1 RT4s2=1 | t4min 0
X k4_certs_4_pure.json.gz#123 7,235,272,44 [[7], [2, 8], [4, 5], [3, 6]] def 1 k 2 | t1=0 t2=1 t3p=0 t3h=0 t4=0 t4s2=0 | R13=0 R134=0 R134s2=0 RT=1 RT4=1 RT4s2=1 | t4min 0
X k4_certs_4_pure.json.gz#123 7,235,273,44 [[7], [2, 8], [4, 5], [3, 6]] def 1 k 2 | t1=0 t2=1 t3p=0 t3h=0 t4=0 t4s2=0 | R13=0 R134=0 R134s2=0 RT=1 RT4=1 RT4s2=1 | t4min 0
X k4_certs_4_pure.json.gz#123 7,235,282,44 [[7], [2, 8], [4, 5], [3, 6]] def 1 k 2 | t1=0 t2=1 t3p=0 t3h=0 t4=0 t4s2=0 | R13=0 R134=0 R134s2=0 RT=1 RT4=1 RT4s2=1 | t4min 0
X k4_certs_4_pure.json.gz#123 7,235,284,44 [[7], [2, 8], [4, 5], [3, 6]] def 1 k 2 | t1=0 t2=1 t3p=0 t3h=0 t4=0 t4s2=0 | R13=0 R134=0 R134s2=0 RT=1 RT4=1 RT4s2=1 | t4min 0
X k4_certs_4_pure.json.gz#123 7,235,285,44 [[7], [2, 8], [4, 5], [3, 6]] def 1 k 2 | t1=0 t2=1 t3p=0 t3h=0 t4=0 t4s2=0 | R13=0 R134=0 R134s2=0 RT=1 RT4=1 RT4s2=1 | t4min 0
X k4_certs_4_pure.json.gz#123 7,235,286,44 [[7], [2, 8], [4, 5], [3, 6]] def 1 k 2 | t1=0 t2=1 t3p=0 t3h=0 t4=0 t4s2=0 | R13=0 R134=0 R134s2=0 RT=1 RT4=1 RT4s2=1 | t4min 0
X k4_certs_4_pure.json.gz#123 7,238,11,44 [[7], [2, 8], [4, 5], [3, 6]] def 1 k 2 | t1=0 t2=1 t3p=0 t3h=0 t4=0 t4s2=0 | R13=0 R134=0 R134s2=0 RT=1 RT4=1 RT4s2=1 | t4min 0
X k4_certs_4_pure.json.gz#123 7,238,13,44 [[7], [2, 8], [4, 5], [3, 6]] def 1 k 2 | t1=0 t2=1 t3p=0 t3h=0 t4=0 t4s2=0 | R13=0 R134=0 R134s2=0 RT=1 RT4=1 RT4s2=1 | t4min 0
X k4_certs_4_pure.json.gz#123 7,238,18,44 [[7], [2, 8], [4, 5], [3, 6]] def 1 k 2 | t1=0 t2=1 t3p=0 t3h=0 t4=0 t4s2=0 | R13=0 R134=0 R134s2=0 RT=1 RT4=1 RT4s2=1 | t4min 0
X k4_certs_4_pure.json.gz#123 7,238,25,44 [[7], [2, 8], [4, 5], [3, 6]] def 1 k 2 | t1=0 t2=1 t3p=0 t3h=0 t4=0 t4s2=0 | R13=0 R134=0 R134s2=0 RT=1 RT4=1 RT4s2=1 | t4min 0
X k4_certs_4_pure.json.gz#123 7,238,47,44 [[7], [2, 8], [4, 5], [3, 6]] def 1 k 2 | t1=0 t2=1 t3p=0 t3h=0 t4=0 t4s2=0 | R13=0 R134=0 R134s2=0 RT=1 RT4=1 RT4s2=1 | t4min 0
X k4_certs_4_pure.json.gz#123 7,238,50,44 [[7], [2, 8], [4, 5], [3, 6]] def 1 k 2 | t1=0 t2=1 t3p=0 t3h=0 t4=0 t4s2=0 | R13=0 R134=0 R134s2=0 RT=1 RT4=1 RT4s2=1 | t4min 0
X k4_certs_4_pure.json.gz#123 7,238,55,44 [[7], [2, 8], [4, 5], [3, 6]] def 1 k 2 | t1=0 t2=1 t3p=0 t3h=0 t4=0 t4s2=0 | R13=0 R134=0 R134s2=0 RT=1 RT4=1 RT4s2=1 | t4min 0
X k4_certs_4_pure.json.gz#123 7,238,67,44 [[7], [2, 8], [4, 5], [3, 6]] def 1 k 2 | t1=0 t2=1 t3p=0 t3h=0 t4=0 t4s2=0 | R13=0 R134=0 R134s2=0 RT=1 RT4=1 RT4s2=1 | t4min 0
X k4_certs_4_pure.json.gz#123 7,238,82,44 [[7], [2, 8], [4, 5], [3, 6]] def 1 k 2 | t1=0 t2=1 t3p=0 t3h=0 t4=0 t4s2=0 | R13=0 R134=0 R134s2=0 RT=1 RT4=1 RT4s2=1 | t4min 0
X k4_certs_4_pure.json.gz#123 7,238,89,44 [[7], [2, 8], [4, 5], [3, 6]] def 1 k 2 | t1=0 t2=1 t3p=0 t3h=0 t4=0 t4s2=0 | R13=0 R134=0 R134s2=0 RT=1 RT4=1 RT4s2=1 | t4min 0
X k4_certs_4_pure.json.gz#123 7,238,92,44 [[7], [2, 8], [4, 5], [3, 6]] def 1 k 2 | t1=0 t2=1 t3p=0 t3h=0 t4=0 t4s2=0 | R13=0 R134=0 R134s2=0 RT=1 RT4=1 RT4s2=1 | t4min 0
X k4_certs_4_pure.json.gz#123 7,238,95,44 [[7], [2, 8], [4, 5], [3, 6]] def 1 k 2 | t1=0 t2=1 t3p=0 t3h=0 t4=0 t4s2=0 | R13=0 R134=0 R134s2=0 RT=1 RT4=1 RT4s2=1 | t4min 0
X k4_certs_4_pure.json.gz#123 7,238,99,44 [[7], [2, 8], [4, 5], [3, 6]] def 1 k 2 | t1=0 t2=1 t3p=0 t3h=0 t4=0 t4s2=0 | R13=0 R134=0 R134s2=0 RT=1 RT4=1 RT4s2=1 | t4min 0
X k4_certs_4_pure.json.gz#123 7,238,100,44 [[7], [2, 8], [4, 5], [3, 6]] def 1 k 2 | t1=0 t2=1 t3p=0 t3h=0 t4=0 t4s2=0 | R13=0 R134=0 R134s2=0 RT=1 RT4=1 RT4s2=1 | t4min 0
X k4_certs_4_pure.json.gz#123 7,238,104,44 [[7], [2, 8], [4, 5], [3, 6]] def 1 k 2 | t1=0 t2=1 t3p=0 t3h=0 t4=0 t4s2=0 | R13=0 R134=0 R134s2=0 RT=1 RT4=1 RT4s2=1 | t4min 0
X k4_certs_4_pure.json.gz#123 7,238,114,44 [[7], [2, 8], [4, 5], [3, 6]] def 1 k 2 | t1=0 t2=1 t3p=0 t3h=0 t4=0 t4s2=0 | R13=0 R134=0 R134s2=0 RT=1 RT4=1 RT4s2=1 | t4min 0
X k4_certs_4_pure.json.gz#123 7,238,128,44 [[7], [2, 8], [4, 5], [3, 6]] def 1 k 2 | t1=0 t2=1 t3p=0 t3h=0 t4=0 t4s2=0 | R13=0 R134=0 R134s2=0 RT=1 RT4=1 RT4s2=1 | t4min 0
X k4_certs_4_pure.json.gz#123 7,238,131,44 [[7], [2, 8], [4, 5], [3, 6]] def 1 k 2 | t1=0 t2=1 t3p=0 t3h=0 t4=0 t4s2=0 | R13=0 R134=0 R134s2=0 RT=1 RT4=1 RT4s2=1 | t4min 0
X k4_certs_4_pure.json.gz#123 7,238,134,44 [[7], [2, 8], [4, 5], [3, 6]] def 1 k 2 | t1=0 t2=1 t3p=0 t3h=0 t4=0 t4s2=0 | R13=0 R134=0 R134s2=0 RT=1 RT4=1 RT4s2=1 | t4min 0
X k4_certs_4_pure.json.gz#123 7,238,135,44 [[7], [2, 8], [4, 5], [3, 6]] def 1 k 2 | t1=0 t2=1 t3p=0 t3h=0 t4=0 t4s2=0 | R13=0 R134=0 R134s2=0 RT=1 RT4=1 RT4s2=1 | t4min 0
X k4_certs_4_pure.json.gz#123 7,238,152,44 [[7], [2, 8], [4, 5], [3, 6]] def 1 k 2 | t1=0 t2=1 t3p=0 t3h=0 t4=0 t4s2=0 | R13=0 R134=0 R134s2=0 RT=1 RT4=1 RT4s2=1 | t4min 0
X k4_certs_4_pure.json.gz#123 7,238,155,44 [[7], [2, 8], [4, 5], [3, 6]] def 1 k 2 | t1=0 t2=1 t3p=0 t3h=0 t4=0 t4s2=0 | R13=0 R134=0 R134s2=0 RT=1 RT4=1 RT4s2=1 | t4min 0
X k4_certs_4_pure.json.gz#123 7,238,160,44 [[7], [2, 8], [4, 5], [3, 6]] def 1 k 2 | t1=0 t2=1 t3p=0 t3h=0 t4=0 t4s2=0 | R13=0 R134=0 R134s2=0 RT=1 RT4=1 RT4s2=1 | t4min 0
X k4_certs_4_pure.json.gz#123 7,238,165,44 [[7], [2, 8], [4, 5], [3, 6]] def 1 k 2 | t1=0 t2=1 t3p=0 t3h=0 t4=0 t4s2=0 | R13=0 R134=0 R134s2=0 RT=1 RT4=1 RT4s2=1 | t4min 0
X k4_certs_4_pure.json.gz#123 7,238,174,44 [[7], [2, 8], [4, 5], [3, 6]] def 1 k 2 | t1=0 t2=1 t3p=0 t3h=0 t4=0 t4s2=0 | R13=0 R134=0 R134s2=0 RT=1 RT4=1 RT4s2=1 | t4min 0
X k4_certs_4_pure.json.gz#123 7,238,192,44 [[7], [2, 8], [4, 5], [3, 6]] def 1 k 2 | t1=0 t2=1 t3p=0 t3h=0 t4=0 t4s2=0 | R13=0 R134=0 R134s2=0 RT=1 RT4=1 RT4s2=1 | t4min 0
X k4_certs_4_pure.json.gz#123 7,238,193,44 [[7], [2, 8], [4, 5], [3, 6]] def 1 k 2 | t1=0 t2=1 t3p=0 t3h=0 t4=0 t4s2=0 | R13=0 R134=0 R134s2=0 RT=1 RT4=1 RT4s2=1 | t4min 0
X k4_certs_4_pure.json.gz#123 7,238,198,44 [[7], [2, 8], [4, 5], [3, 6]] def 1 k 2 | t1=0 t2=1 t3p=0 t3h=0 t4=0 t4s2=0 | R13=0 R134=0 R134s2=0 RT=1 RT4=1 RT4s2=1 | t4min 0
X k4_certs_4_pure.json.gz#123 7,238,201,44 [[7], [2, 8], [4, 5], [3, 6]] def 1 k 2 | t1=0 t2=1 t3p=0 t3h=0 t4=0 t4s2=0 | R13=0 R134=0 R134s2=0 RT=1 RT4=1 RT4s2=1 | t4min 0
X k4_certs_4_pure.json.gz#123 7,238,217,44 [[7], [2, 8], [4, 5], [3, 6]] def 1 k 2 | t1=0 t2=1 t3p=0 t3h=0 t4=0 t4s2=0 | R13=0 R134=0 R134s2=0 RT=1 RT4=1 RT4s2=1 | t4min 0
X k4_certs_4_pure.json.gz#123 7,238,222,44 [[7], [2, 8], [4, 5], [3, 6]] def 1 k 2 | t1=0 t2=1 t3p=0 t3h=0 t4=0 t4s2=0 | R13=0 R134=0 R134s2=0 RT=1 RT4=1 RT4s2=1 | t4min 0
X k4_certs_4_pure.json.gz#123 7,238,233,44 [[7], [2, 8], [4, 5], [3, 6]] def 1 k 2 | t1=0 t2=1 t3p=0 t3h=0 t4=0 t4s2=0 | R13=0 R134=0 R134s2=0 RT=1 RT4=1 RT4s2=1 | t4min 0
X k4_certs_4_pure.json.gz#123 7,238,234,44 [[7], [2, 8], [4, 5], [3, 6]] def 1 k 2 | t1=0 t2=1 t3p=0 t3h=0 t4=0 t4s2=0 | R13=0 R134=0 R134s2=0 RT=1 RT4=1 RT4s2=1 | t4min 0
X k4_certs_4_pure.json.gz#123 7,238,236,44 [[7], [2, 8], [4, 5], [3, 6]] def 1 k 2 | t1=0 t2=1 t3p=0 t3h=0 t4=0 t4s2=0 | R13=0 R134=0 R134s2=0 RT=1 RT4=1 RT4s2=1 | t4min 0
X k4_certs_4_pure.json.gz#123 7,238,237,44 [[7], [2, 8], [4, 5], [3, 6]] def 1 k 2 | t1=0 t2=1 t3p=0 t3h=0 t4=0 t4s2=0 | R13=0 R134=0 R134s2=0 RT=1 RT4=1 RT4s2=1 | t4min 0
X k4_certs_4_pure.json.gz#123 7,238,241,44 [[7], [2, 8], [4, 5], [3, 6]] def 1 k 2 | t1=0 t2=1 t3p=0 t3h=0 t4=0 t4s2=0 | R13=0 R134=0 R134s2=0 RT=1 RT4=1 RT4s2=1 | t4min 0
X k4_certs_4_pure.json.gz#123 7,238,242,44 [[7], [2, 8], [4, 5], [3, 6]] def 1 k 2 | t1=0 t2=1 t3p=0 t3h=0 t4=0 t4s2=0 | R13=0 R134=0 R134s2=0 RT=1 RT4=1 RT4s2=1 | t4min 0
X k4_certs_4_pure.json.gz#123 7,238,243,44 [[7], [2, 8], [4, 5], [3, 6]] def 1 k 2 | t1=0 t2=1 t3p=0 t3h=0 t4=0 t4s2=0 | R13=0 R134=0 R134s2=0 RT=1 RT4=1 RT4s2=1 | t4min 0
X k4_certs_4_pure.json.gz#123 7,238,245,44 [[7], [2, 8], [4, 5], [3, 6]] def 1 k 2 | t1=0 t2=1 t3p=0 t3h=0 t4=0 t4s2=0 | R13=0 R134=0 R134s2=0 RT=1 RT4=1 RT4s2=1 | t4min 0
X k4_certs_4_pure.json.gz#123 7,238,248,44 [[7], [2, 8], [4, 5], [3, 6]] def 1 k 2 | t1=0 t2=1 t3p=0 t3h=0 t4=0 t4s2=0 | R13=0 R134=0 R134s2=0 RT=1 RT4=1 RT4s2=1 | t4min 0
X k4_certs_4_pure.json.gz#123 7,238,249,44 [[7], [2, 8], [4, 5], [3, 6]] def 1 k 2 | t1=0 t2=1 t3p=0 t3h=0 t4=0 t4s2=0 | R13=0 R134=0 R134s2=0 RT=1 RT4=1 RT4s2=1 | t4min 0
X k4_certs_4_pure.json.gz#123 7,238,250,44 [[7], [2, 8], [4, 5], [3, 6]] def 1 k 2 | t1=0 t2=1 t3p=0 t3h=0 t4=0 t4s2=0 | R13=0 R134=0 R134s2=0 RT=1 RT4=1 RT4s2=1 | t4min 0
X k4_certs_4_pure.json.gz#123 7,238,252,44 [[7], [2, 8], [4, 5], [3, 6]] def 1 k 2 | t1=0 t2=1 t3p=0 t3h=0 t4=0 t4s2=0 | R13=0 R134=0 R134s2=0 RT=1 RT4=1 RT4s2=1 | t4min 0
X k4_certs_4_pure.json.gz#123 7,238,268,44 [[7], [2, 8], [4, 5], [3, 6]] def 1 k 2 | t1=0 t2=1 t3p=0 t3h=0 t4=0 t4s2=0 | R13=0 R134=0 R134s2=0 RT=1 RT4=1 RT4s2=1 | t4min 0
X k4_certs_4_pure.json.gz#123 7,238,269,44 [[7], [2, 8], [4, 5], [3, 6]] def 1 k 2 | t1=0 t2=1 t3p=0 t3h=0 t4=0 t4s2=0 | R13=0 R134=0 R134s2=0 RT=1 RT4=1 RT4s2=1 | t4min 0
X k4_certs_4_pure.json.gz#123 7,238,272,44 [[7], [2, 8], [4, 5], [3, 6]] def 1 k 2 | t1=0 t2=1 t3p=0 t3h=0 t4=0 t4s2=0 | R13=0 R134=0 R134s2=0 RT=1 RT4=1 RT4s2=1 | t4min 0
X k4_certs_4_pure.json.gz#123 7,238,273,44 [[7], [2, 8], [4, 5], [3, 6]] def 1 k 2 | t1=0 t2=1 t3p=0 t3h=0 t4=0 t4s2=0 | R13=0 R134=0 R134s2=0 RT=1 RT4=1 RT4s2=1 | t4min 0
X k4_certs_4_pure.json.gz#123 7,238,282,44 [[7], [2, 8], [4, 5], [3, 6]] def 1 k 2 | t1=0 t2=1 t3p=0 t3h=0 t4=0 t4s2=0 | R13=0 R134=0 R134s2=0 RT=1 RT4=1 RT4s2=1 | t4min 0
X k4_certs_4_pure.json.gz#123 7,238,284,44 [[7], [2, 8], [4, 5], [3, 6]] def 1 k 2 | t1=0 t2=1 t3p=0 t3h=0 t4=0 t4s2=0 | R13=0 R134=0 R134s2=0 RT=1 RT4=1 RT4s2=1 | t4min 0
X k4_certs_4_pure.json.gz#123 7,238,285,44 [[7], [2, 8], [4, 5], [3, 6]] def 1 k 2 | t1=0 t2=1 t3p=0 t3h=0 t4=0 t4s2=0 | R13=0 R134=0 R134s2=0 RT=1 RT4=1 RT4s2=1 | t4min 0
X k4_certs_4_pure.json.gz#123 7,238,286,44 [[7], [2, 8], [4, 5], [3, 6]] def 1 k 2 | t1=0 t2=1 t3p=0 t3h=0 t4=0 t4s2=0 | R13=0 R134=0 R134s2=0 RT=1 RT4=1 RT4s2=1 | t4min 0
X k4_certs_4_pure.json.gz#123 7,239,11,44 [[7], [2, 8], [4, 5], [3, 6]] def 1 k 3 | t1=0 t2=1 t3p=0 t3h=0 t4=0 t4s2=0 | R13=0 R134=0 R134s2=0 RT=1 RT4=1 RT4s2=1 | t4min 0
X k4_certs_4_pure.json.gz#123 7,239,13,44 [[7], [2, 8], [4, 5], [3, 6]] def 1 k 3 | t1=0 t2=1 t3p=0 t3h=0 t4=0 t4s2=0 | R13=0 R134=0 R134s2=0 RT=1 RT4=1 RT4s2=1 | t4min 0
X k4_certs_4_pure.json.gz#123 7,239,18,44 [[7], [2, 8], [4, 5], [3, 6]] def 1 k 3 | t1=0 t2=1 t3p=0 t3h=0 t4=0 t4s2=0 | R13=0 R134=0 R134s2=0 RT=1 RT4=1 RT4s2=1 | t4min 0
X k4_certs_4_pure.json.gz#123 7,239,25,44 [[7], [2, 8], [4, 5], [3, 6]] def 1 k 3 | t1=0 t2=1 t3p=0 t3h=0 t4=0 t4s2=0 | R13=0 R134=0 R134s2=0 RT=1 RT4=1 RT4s2=1 | t4min 0
X k4_certs_4_pure.json.gz#123 7,239,47,44 [[7], [2, 8], [4, 5], [3, 6]] def 1 k 3 | t1=0 t2=1 t3p=0 t3h=0 t4=0 t4s2=0 | R13=0 R134=0 R134s2=0 RT=1 RT4=1 RT4s2=1 | t4min 0
X k4_certs_4_pure.json.gz#123 7,239,50,44 [[7], [2, 8], [4, 5], [3, 6]] def 1 k 3 | t1=0 t2=1 t3p=0 t3h=0 t4=0 t4s2=0 | R13=0 R134=0 R134s2=0 RT=1 RT4=1 RT4s2=1 | t4min 0
X k4_certs_4_pure.json.gz#123 7,239,55,44 [[7], [2, 8], [4, 5], [3, 6]] def 1 k 3 | t1=0 t2=1 t3p=0 t3h=0 t4=0 t4s2=0 | R13=0 R134=0 R134s2=0 RT=1 RT4=1 RT4s2=1 | t4min 0
X k4_certs_4_pure.json.gz#123 7,239,67,44 [[7], [2, 8], [4, 5], [3, 6]] def 1 k 3 | t1=0 t2=1 t3p=0 t3h=0 t4=0 t4s2=0 | R13=0 R134=0 R134s2=0 RT=1 RT4=1 RT4s2=1 | t4min 0
X k4_certs_4_pure.json.gz#123 7,239,82,44 [[7], [2, 8], [4, 5], [3, 6]] def 1 k 3 | t1=0 t2=1 t3p=0 t3h=0 t4=0 t4s2=0 | R13=0 R134=0 R134s2=0 RT=1 RT4=1 RT4s2=1 | t4min 0
X k4_certs_4_pure.json.gz#123 7,239,89,44 [[7], [2, 8], [4, 5], [3, 6]] def 1 k 3 | t1=0 t2=1 t3p=0 t3h=0 t4=0 t4s2=0 | R13=0 R134=0 R134s2=0 RT=1 RT4=1 RT4s2=1 | t4min 0
X k4_certs_4_pure.json.gz#123 7,239,92,44 [[7], [2, 8], [4, 5], [3, 6]] def 1 k 3 | t1=0 t2=1 t3p=0 t3h=0 t4=0 t4s2=0 | R13=0 R134=0 R134s2=0 RT=1 RT4=1 RT4s2=1 | t4min 0
X k4_certs_4_pure.json.gz#123 7,239,95,44 [[7], [2, 8], [4, 5], [3, 6]] def 1 k 3 | t1=0 t2=1 t3p=0 t3h=0 t4=0 t4s2=0 | R13=0 R134=0 R134s2=0 RT=1 RT4=1 RT4s2=1 | t4min 0
X k4_certs_4_pure.json.gz#123 7,239,99,44 [[7], [2, 8], [4, 5], [3, 6]] def 1 k 3 | t1=0 t2=1 t3p=0 t3h=0 t4=0 t4s2=0 | R13=0 R134=0 R134s2=0 RT=1 RT4=1 RT4s2=1 | t4min 0
X k4_certs_4_pure.json.gz#123 7,239,100,44 [[7], [2, 8], [4, 5], [3, 6]] def 1 k 3 | t1=0 t2=1 t3p=0 t3h=0 t4=0 t4s2=0 | R13=0 R134=0 R134s2=0 RT=1 RT4=1 RT4s2=1 | t4min 0
X k4_certs_4_pure.json.gz#123 7,239,104,44 [[7], [2, 8], [4, 5], [3, 6]] def 1 k 3 | t1=0 t2=1 t3p=0 t3h=0 t4=0 t4s2=0 | R13=0 R134=0 R134s2=0 RT=1 RT4=1 RT4s2=1 | t4min 0
X k4_certs_4_pure.json.gz#123 7,239,114,44 [[7], [2, 8], [4, 5], [3, 6]] def 1 k 3 | t1=0 t2=1 t3p=0 t3h=0 t4=0 t4s2=0 | R13=0 R134=0 R134s2=0 RT=1 RT4=1 RT4s2=1 | t4min 0
X k4_certs_4_pure.json.gz#123 7,239,128,44 [[7], [2, 8], [4, 5], [3, 6]] def 1 k 3 | t1=0 t2=1 t3p=0 t3h=0 t4=0 t4s2=0 | R13=0 R134=0 R134s2=0 RT=1 RT4=1 RT4s2=1 | t4min 0
X k4_certs_4_pure.json.gz#123 7,239,131,44 [[7], [2, 8], [4, 5], [3, 6]] def 1 k 3 | t1=0 t2=1 t3p=0 t3h=0 t4=0 t4s2=0 | R13=0 R134=0 R134s2=0 RT=1 RT4=1 RT4s2=1 | t4min 0
X k4_certs_4_pure.json.gz#123 7,239,134,44 [[7], [2, 8], [4, 5], [3, 6]] def 1 k 3 | t1=0 t2=1 t3p=0 t3h=0 t4=0 t4s2=0 | R13=0 R134=0 R134s2=0 RT=1 RT4=1 RT4s2=1 | t4min 0
X k4_certs_4_pure.json.gz#123 7,239,135,44 [[7], [2, 8], [4, 5], [3, 6]] def 1 k 3 | t1=0 t2=1 t3p=0 t3h=0 t4=0 t4s2=0 | R13=0 R134=0 R134s2=0 RT=1 RT4=1 RT4s2=1 | t4min 0
X k4_certs_4_pure.json.gz#123 7,239,152,44 [[7], [2, 8], [4, 5], [3, 6]] def 1 k 3 | t1=0 t2=1 t3p=0 t3h=0 t4=0 t4s2=0 | R13=0 R134=0 R134s2=0 RT=1 RT4=1 RT4s2=1 | t4min 0
X k4_certs_4_pure.json.gz#123 7,239,155,44 [[7], [2, 8], [4, 5], [3, 6]] def 1 k 3 | t1=0 t2=1 t3p=0 t3h=0 t4=0 t4s2=0 | R13=0 R134=0 R134s2=0 RT=1 RT4=1 RT4s2=1 | t4min 0
X k4_certs_4_pure.json.gz#123 7,239,160,44 [[7], [2, 8], [4, 5], [3, 6]] def 1 k 3 | t1=0 t2=1 t3p=0 t3h=0 t4=0 t4s2=0 | R13=0 R134=0 R134s2=0 RT=1 RT4=1 RT4s2=1 | t4min 0
X k4_certs_4_pure.json.gz#123 7,239,165,44 [[7], [2, 8], [4, 5], [3, 6]] def 1 k 3 | t1=0 t2=1 t3p=0 t3h=0 t4=0 t4s2=0 | R13=0 R134=0 R134s2=0 RT=1 RT4=1 RT4s2=1 | t4min 0
X k4_certs_4_pure.json.gz#123 7,239,174,44 [[7], [2, 8], [4, 5], [3, 6]] def 1 k 3 | t1=0 t2=1 t3p=0 t3h=0 t4=0 t4s2=0 | R13=0 R134=0 R134s2=0 RT=1 RT4=1 RT4s2=1 | t4min 0
X k4_certs_4_pure.json.gz#123 7,239,192,44 [[7], [2, 8], [4, 5], [3, 6]] def 1 k 3 | t1=0 t2=1 t3p=0 t3h=0 t4=0 t4s2=0 | R13=0 R134=0 R134s2=0 RT=1 RT4=1 RT4s2=1 | t4min 0
X k4_certs_4_pure.json.gz#123 7,239,193,44 [[7], [2, 8], [4, 5], [3, 6]] def 1 k 3 | t1=0 t2=1 t3p=0 t3h=0 t4=0 t4s2=0 | R13=0 R134=0 R134s2=0 RT=1 RT4=1 RT4s2=1 | t4min 0
X k4_certs_4_pure.json.gz#123 7,239,198,44 [[7], [2, 8], [4, 5], [3, 6]] def 1 k 3 | t1=0 t2=1 t3p=0 t3h=0 t4=0 t4s2=0 | R13=0 R134=0 R134s2=0 RT=1 RT4=1 RT4s2=1 | t4min 0
X k4_certs_4_pure.json.gz#123 7,239,201,44 [[7], [2, 8], [4, 5], [3, 6]] def 1 k 3 | t1=0 t2=1 t3p=0 t3h=0 t4=0 t4s2=0 | R13=0 R134=0 R134s2=0 RT=1 RT4=1 RT4s2=1 | t4min 0
X k4_certs_4_pure.json.gz#123 7,239,217,44 [[7], [2, 8], [4, 5], [3, 6]] def 1 k 3 | t1=0 t2=1 t3p=0 t3h=0 t4=0 t4s2=0 | R13=0 R134=0 R134s2=0 RT=1 RT4=1 RT4s2=1 | t4min 0
X k4_certs_4_pure.json.gz#123 7,239,222,44 [[7], [2, 8], [4, 5], [3, 6]] def 1 k 3 | t1=0 t2=1 t3p=0 t3h=0 t4=0 t4s2=0 | R13=0 R134=0 R134s2=0 RT=1 RT4=1 RT4s2=1 | t4min 0
X k4_certs_4_pure.json.gz#123 7,239,233,44 [[7], [2, 8], [4, 5], [3, 6]] def 1 k 3 | t1=0 t2=1 t3p=0 t3h=0 t4=0 t4s2=0 | R13=0 R134=0 R134s2=0 RT=1 RT4=1 RT4s2=1 | t4min 0
X k4_certs_4_pure.json.gz#123 7,239,234,44 [[7], [2, 8], [4, 5], [3, 6]] def 1 k 3 | t1=0 t2=1 t3p=0 t3h=0 t4=0 t4s2=0 | R13=0 R134=0 R134s2=0 RT=1 RT4=1 RT4s2=1 | t4min 0
X k4_certs_4_pure.json.gz#123 7,239,236,44 [[7], [2, 8], [4, 5], [3, 6]] def 1 k 3 | t1=0 t2=1 t3p=0 t3h=0 t4=0 t4s2=0 | R13=0 R134=0 R134s2=0 RT=1 RT4=1 RT4s2=1 | t4min 0
X k4_certs_4_pure.json.gz#123 7,239,237,44 [[7], [2, 8], [4, 5], [3, 6]] def 1 k 3 | t1=0 t2=1 t3p=0 t3h=0 t4=0 t4s2=0 | R13=0 R134=0 R134s2=0 RT=1 RT4=1 RT4s2=1 | t4min 0
X k4_certs_4_pure.json.gz#123 7,239,241,44 [[7], [2, 8], [4, 5], [3, 6]] def 1 k 3 | t1=0 t2=1 t3p=0 t3h=0 t4=0 t4s2=0 | R13=0 R134=0 R134s2=0 RT=1 RT4=1 RT4s2=1 | t4min 0
X k4_certs_4_pure.json.gz#123 7,239,242,44 [[7], [2, 8], [4, 5], [3, 6]] def 1 k 3 | t1=0 t2=1 t3p=0 t3h=0 t4=0 t4s2=0 | R13=0 R134=0 R134s2=0 RT=1 RT4=1 RT4s2=1 | t4min 0
X k4_certs_4_pure.json.gz#123 7,239,243,44 [[7], [2, 8], [4, 5], [3, 6]] def 1 k 3 | t1=0 t2=1 t3p=0 t3h=0 t4=0 t4s2=0 | R13=0 R134=0 R134s2=0 RT=1 RT4=1 RT4s2=1 | t4min 0
X k4_certs_4_pure.json.gz#123 7,239,245,44 [[7], [2, 8], [4, 5], [3, 6]] def 1 k 3 | t1=0 t2=1 t3p=0 t3h=0 t4=0 t4s2=0 | R13=0 R134=0 R134s2=0 RT=1 RT4=1 RT4s2=1 | t4min 0
X k4_certs_4_pure.json.gz#123 7,239,248,44 [[7], [2, 8], [4, 5], [3, 6]] def 1 k 3 | t1=0 t2=1 t3p=0 t3h=0 t4=0 t4s2=0 | R13=0 R134=0 R134s2=0 RT=1 RT4=1 RT4s2=1 | t4min 0
X k4_certs_4_pure.json.gz#123 7,239,249,44 [[7], [2, 8], [4, 5], [3, 6]] def 1 k 3 | t1=0 t2=1 t3p=0 t3h=0 t4=0 t4s2=0 | R13=0 R134=0 R134s2=0 RT=1 RT4=1 RT4s2=1 | t4min 0
X k4_certs_4_pure.json.gz#123 7,239,250,44 [[7], [2, 8], [4, 5], [3, 6]] def 1 k 3 | t1=0 t2=1 t3p=0 t3h=0 t4=0 t4s2=0 | R13=0 R134=0 R134s2=0 RT=1 RT4=1 RT4s2=1 | t4min 0
X k4_certs_4_pure.json.gz#123 7,239,252,44 [[7], [2, 8], [4, 5], [3, 6]] def 1 k 3 | t1=0 t2=1 t3p=0 t3h=0 t4=0 t4s2=0 | R13=0 R134=0 R134s2=0 RT=1 RT4=1 RT4s2=1 | t4min 0
X k4_certs_4_pure.json.gz#123 7,239,268,44 [[7], [2, 8], [4, 5], [3, 6]] def 1 k 3 | t1=0 t2=1 t3p=0 t3h=0 t4=0 t4s2=0 | R13=0 R134=0 R134s2=0 RT=1 RT4=1 RT4s2=1 | t4min 0
X k4_certs_4_pure.json.gz#123 7,239,269,44 [[7], [2, 8], [4, 5], [3, 6]] def 1 k 3 | t1=0 t2=1 t3p=0 t3h=0 t4=0 t4s2=0 | R13=0 R134=0 R134s2=0 RT=1 RT4=1 RT4s2=1 | t4min 0
X k4_certs_4_pure.json.gz#123 7,239,272,44 [[7], [2, 8], [4, 5], [3, 6]] def 1 k 3 | t1=0 t2=1 t3p=0 t3h=0 t4=0 t4s2=0 | R13=0 R134=0 R134s2=0 RT=1 RT4=1 RT4s2=1 | t4min 0
X k4_certs_4_pure.json.gz#123 7,239,273,44 [[7], [2, 8], [4, 5], [3, 6]] def 1 k 3 | t1=0 t2=1 t3p=0 t3h=0 t4=0 t4s2=0 | R13=0 R134=0 R134s2=0 RT=1 RT4=1 RT4s2=1 | t4min 0
X k4_certs_4_pure.json.gz#123 7,239,282,44 [[7], [2, 8], [4, 5], [3, 6]] def 1 k 3 | t1=0 t2=1 t3p=0 t3h=0 t4=0 t4s2=0 | R13=0 R134=0 R134s2=0 RT=1 RT4=1 RT4s2=1 | t4min 0
X k4_certs_4_pure.json.gz#123 7,239,284,44 [[7], [2, 8], [4, 5], [3, 6]] def 1 k 3 | t1=0 t2=1 t3p=0 t3h=0 t4=0 t4s2=0 | R13=0 R134=0 R134s2=0 RT=1 RT4=1 RT4s2=1 | t4min 0
X k4_certs_4_pure.json.gz#123 7,239,285,44 [[7], [2, 8], [4, 5], [3, 6]] def 1 k 3 | t1=0 t2=1 t3p=0 t3h=0 t4=0 t4s2=0 | R13=0 R134=0 R134s2=0 RT=1 RT4=1 RT4s2=1 | t4min 0
X k4_certs_4_pure.json.gz#123 7,239,286,44 [[7], [2, 8], [4, 5], [3, 6]] def 1 k 3 | t1=0 t2=1 t3p=0 t3h=0 t4=0 t4s2=0 | R13=0 R134=0 R134s2=0 RT=1 RT4=1 RT4s2=1 | t4min 0
X k4_certs_4_pure.json.gz#123 7,247,11,44 [[7], [2, 8], [4, 5], [3, 6]] def 1 k 2 | t1=0 t2=1 t3p=0 t3h=0 t4=0 t4s2=0 | R13=0 R134=0 R134s2=0 RT=1 RT4=1 RT4s2=1 | t4min 0
X k4_certs_4_pure.json.gz#123 7,247,13,44 [[7], [2, 8], [4, 5], [3, 6]] def 1 k 2 | t1=0 t2=1 t3p=0 t3h=0 t4=0 t4s2=0 | R13=0 R134=0 R134s2=0 RT=1 RT4=1 RT4s2=1 | t4min 0
X k4_certs_4_pure.json.gz#123 7,247,18,44 [[7], [2, 8], [4, 5], [3, 6]] def 1 k 2 | t1=0 t2=1 t3p=0 t3h=0 t4=0 t4s2=0 | R13=0 R134=0 R134s2=0 RT=1 RT4=1 RT4s2=1 | t4min 0
X k4_certs_4_pure.json.gz#123 7,247,25,44 [[7], [2, 8], [4, 5], [3, 6]] def 1 k 2 | t1=0 t2=1 t3p=0 t3h=0 t4=0 t4s2=0 | R13=0 R134=0 R134s2=0 RT=1 RT4=1 RT4s2=1 | t4min 0
X k4_certs_4_pure.json.gz#123 7,247,47,44 [[7], [2, 8], [4, 5], [3, 6]] def 1 k 2 | t1=0 t2=1 t3p=0 t3h=0 t4=0 t4s2=0 | R13=0 R134=0 R134s2=0 RT=1 RT4=1 RT4s2=1 | t4min 0
X k4_certs_4_pure.json.gz#123 7,247,50,44 [[7], [2, 8], [4, 5], [3, 6]] def 1 k 2 | t1=0 t2=1 t3p=0 t3h=0 t4=0 t4s2=0 | R13=0 R134=0 R134s2=0 RT=1 RT4=1 RT4s2=1 | t4min 0
X k4_certs_4_pure.json.gz#123 7,247,55,44 [[7], [2, 8], [4, 5], [3, 6]] def 1 k 2 | t1=0 t2=1 t3p=0 t3h=0 t4=0 t4s2=0 | R13=0 R134=0 R134s2=0 RT=1 RT4=1 RT4s2=1 | t4min 0
X k4_certs_4_pure.json.gz#123 7,247,67,44 [[7], [2, 8], [4, 5], [3, 6]] def 1 k 2 | t1=0 t2=1 t3p=0 t3h=0 t4=0 t4s2=0 | R13=0 R134=0 R134s2=0 RT=1 RT4=1 RT4s2=1 | t4min 0
X k4_certs_4_pure.json.gz#123 7,247,82,44 [[7], [2, 8], [4, 5], [3, 6]] def 1 k 2 | t1=0 t2=1 t3p=0 t3h=0 t4=0 t4s2=0 | R13=0 R134=0 R134s2=0 RT=1 RT4=1 RT4s2=1 | t4min 0
X k4_certs_4_pure.json.gz#123 7,247,89,44 [[7], [2, 8], [4, 5], [3, 6]] def 1 k 2 | t1=0 t2=1 t3p=0 t3h=0 t4=0 t4s2=0 | R13=0 R134=0 R134s2=0 RT=1 RT4=1 RT4s2=1 | t4min 0
X k4_certs_4_pure.json.gz#123 7,247,92,44 [[7], [2, 8], [4, 5], [3, 6]] def 1 k 2 | t1=0 t2=1 t3p=0 t3h=0 t4=0 t4s2=0 | R13=0 R134=0 R134s2=0 RT=1 RT4=1 RT4s2=1 | t4min 0
X k4_certs_4_pure.json.gz#123 7,247,95,44 [[7], [2, 8], [4, 5], [3, 6]] def 1 k 2 | t1=0 t2=1 t3p=0 t3h=0 t4=0 t4s2=0 | R13=0 R134=0 R134s2=0 RT=1 RT4=1 RT4s2=1 | t4min 0
X k4_certs_4_pure.json.gz#123 7,247,99,44 [[7], [2, 8], [4, 5], [3, 6]] def 1 k 2 | t1=0 t2=1 t3p=0 t3h=0 t4=0 t4s2=0 | R13=0 R134=0 R134s2=0 RT=1 RT4=1 RT4s2=1 | t4min 0
X k4_certs_4_pure.json.gz#123 7,247,100,44 [[7], [2, 8], [4, 5], [3, 6]] def 1 k 2 | t1=0 t2=1 t3p=0 t3h=0 t4=0 t4s2=0 | R13=0 R134=0 R134s2=0 RT=1 RT4=1 RT4s2=1 | t4min 0
X k4_certs_4_pure.json.gz#123 7,247,104,44 [[7], [2, 8], [4, 5], [3, 6]] def 1 k 2 | t1=0 t2=1 t3p=0 t3h=0 t4=0 t4s2=0 | R13=0 R134=0 R134s2=0 RT=1 RT4=1 RT4s2=1 | t4min 0
X k4_certs_4_pure.json.gz#123 7,247,114,44 [[7], [2, 8], [4, 5], [3, 6]] def 1 k 2 | t1=0 t2=1 t3p=0 t3h=0 t4=0 t4s2=0 | R13=0 R134=0 R134s2=0 RT=1 RT4=1 RT4s2=1 | t4min 0
X k4_certs_4_pure.json.gz#123 7,247,128,44 [[7], [2, 8], [4, 5], [3, 6]] def 1 k 2 | t1=0 t2=1 t3p=0 t3h=0 t4=0 t4s2=0 | R13=0 R134=0 R134s2=0 RT=1 RT4=1 RT4s2=1 | t4min 0
X k4_certs_4_pure.json.gz#123 7,247,131,44 [[7], [2, 8], [4, 5], [3, 6]] def 1 k 2 | t1=0 t2=1 t3p=0 t3h=0 t4=0 t4s2=0 | R13=0 R134=0 R134s2=0 RT=1 RT4=1 RT4s2=1 | t4min 0
X k4_certs_4_pure.json.gz#123 7,247,134,44 [[7], [2, 8], [4, 5], [3, 6]] def 1 k 2 | t1=0 t2=1 t3p=0 t3h=0 t4=0 t4s2=0 | R13=0 R134=0 R134s2=0 RT=1 RT4=1 RT4s2=1 | t4min 0
X k4_certs_4_pure.json.gz#123 7,247,135,44 [[7], [2, 8], [4, 5], [3, 6]] def 1 k 2 | t1=0 t2=1 t3p=0 t3h=0 t4=0 t4s2=0 | R13=0 R134=0 R134s2=0 RT=1 RT4=1 RT4s2=1 | t4min 0
X k4_certs_4_pure.json.gz#123 7,247,152,44 [[7], [2, 8], [4, 5], [3, 6]] def 1 k 2 | t1=0 t2=1 t3p=0 t3h=0 t4=0 t4s2=0 | R13=0 R134=0 R134s2=0 RT=1 RT4=1 RT4s2=1 | t4min 0
X k4_certs_4_pure.json.gz#123 7,247,155,44 [[7], [2, 8], [4, 5], [3, 6]] def 1 k 2 | t1=0 t2=1 t3p=0 t3h=0 t4=0 t4s2=0 | R13=0 R134=0 R134s2=0 RT=1 RT4=1 RT4s2=1 | t4min 0
X k4_certs_4_pure.json.gz#123 7,247,160,44 [[7], [2, 8], [4, 5], [3, 6]] def 1 k 2 | t1=0 t2=1 t3p=0 t3h=0 t4=0 t4s2=0 | R13=0 R134=0 R134s2=0 RT=1 RT4=1 RT4s2=1 | t4min 0
X k4_certs_4_pure.json.gz#123 7,247,165,44 [[7], [2, 8], [4, 5], [3, 6]] def 1 k 2 | t1=0 t2=1 t3p=0 t3h=0 t4=0 t4s2=0 | R13=0 R134=0 R134s2=0 RT=1 RT4=1 RT4s2=1 | t4min 0
X k4_certs_4_pure.json.gz#123 7,247,174,44 [[7], [2, 8], [4, 5], [3, 6]] def 1 k 2 | t1=0 t2=1 t3p=0 t3h=0 t4=0 t4s2=0 | R13=0 R134=0 R134s2=0 RT=1 RT4=1 RT4s2=1 | t4min 0
X k4_certs_4_pure.json.gz#123 7,247,192,44 [[7], [2, 8], [4, 5], [3, 6]] def 1 k 2 | t1=0 t2=1 t3p=0 t3h=0 t4=0 t4s2=0 | R13=0 R134=0 R134s2=0 RT=1 RT4=1 RT4s2=1 | t4min 0
X k4_certs_4_pure.json.gz#123 7,247,193,44 [[7], [2, 8], [4, 5], [3, 6]] def 1 k 2 | t1=0 t2=1 t3p=0 t3h=0 t4=0 t4s2=0 | R13=0 R134=0 R134s2=0 RT=1 RT4=1 RT4s2=1 | t4min 0
X k4_certs_4_pure.json.gz#123 7,247,198,44 [[7], [2, 8], [4, 5], [3, 6]] def 1 k 2 | t1=0 t2=1 t3p=0 t3h=0 t4=0 t4s2=0 | R13=0 R134=0 R134s2=0 RT=1 RT4=1 RT4s2=1 | t4min 0
X k4_certs_4_pure.json.gz#123 7,247,201,44 [[7], [2, 8], [4, 5], [3, 6]] def 1 k 2 | t1=0 t2=1 t3p=0 t3h=0 t4=0 t4s2=0 | R13=0 R134=0 R134s2=0 RT=1 RT4=1 RT4s2=1 | t4min 0
X k4_certs_4_pure.json.gz#123 7,247,217,44 [[7], [2, 8], [4, 5], [3, 6]] def 1 k 2 | t1=0 t2=1 t3p=0 t3h=0 t4=0 t4s2=0 | R13=0 R134=0 R134s2=0 RT=1 RT4=1 RT4s2=1 | t4min 0
X k4_certs_4_pure.json.gz#123 7,247,222,44 [[7], [2, 8], [4, 5], [3, 6]] def 1 k 2 | t1=0 t2=1 t3p=0 t3h=0 t4=0 t4s2=0 | R13=0 R134=0 R134s2=0 RT=1 RT4=1 RT4s2=1 | t4min 0
X k4_certs_4_pure.json.gz#123 7,247,233,44 [[7], [2, 8], [4, 5], [3, 6]] def 1 k 2 | t1=0 t2=1 t3p=0 t3h=0 t4=0 t4s2=0 | R13=0 R134=0 R134s2=0 RT=1 RT4=1 RT4s2=1 | t4min 0
X k4_certs_4_pure.json.gz#123 7,247,234,44 [[7], [2, 8], [4, 5], [3, 6]] def 1 k 2 | t1=0 t2=1 t3p=0 t3h=0 t4=0 t4s2=0 | R13=0 R134=0 R134s2=0 RT=1 RT4=1 RT4s2=1 | t4min 0
X k4_certs_4_pure.json.gz#123 7,247,236,44 [[7], [2, 8], [4, 5], [3, 6]] def 1 k 2 | t1=0 t2=1 t3p=0 t3h=0 t4=0 t4s2=0 | R13=0 R134=0 R134s2=0 RT=1 RT4=1 RT4s2=1 | t4min 0
X k4_certs_4_pure.json.gz#123 7,247,237,44 [[7], [2, 8], [4, 5], [3, 6]] def 1 k 2 | t1=0 t2=1 t3p=0 t3h=0 t4=0 t4s2=0 | R13=0 R134=0 R134s2=0 RT=1 RT4=1 RT4s2=1 | t4min 0
X k4_certs_4_pure.json.gz#123 7,247,241,44 [[7], [2, 8], [4, 5], [3, 6]] def 1 k 2 | t1=0 t2=1 t3p=0 t3h=0 t4=0 t4s2=0 | R13=0 R134=0 R134s2=0 RT=1 RT4=1 RT4s2=1 | t4min 0
X k4_certs_4_pure.json.gz#123 7,247,242,44 [[7], [2, 8], [4, 5], [3, 6]] def 1 k 2 | t1=0 t2=1 t3p=0 t3h=0 t4=0 t4s2=0 | R13=0 R134=0 R134s2=0 RT=1 RT4=1 RT4s2=1 | t4min 0
X k4_certs_4_pure.json.gz#123 7,247,243,44 [[7], [2, 8], [4, 5], [3, 6]] def 1 k 2 | t1=0 t2=1 t3p=0 t3h=0 t4=0 t4s2=0 | R13=0 R134=0 R134s2=0 RT=1 RT4=1 RT4s2=1 | t4min 0
X k4_certs_4_pure.json.gz#123 7,247,245,44 [[7], [2, 8], [4, 5], [3, 6]] def 1 k 2 | t1=0 t2=1 t3p=0 t3h=0 t4=0 t4s2=0 | R13=0 R134=0 R134s2=0 RT=1 RT4=1 RT4s2=1 | t4min 0
X k4_certs_4_pure.json.gz#123 7,247,248,44 [[7], [2, 8], [4, 5], [3, 6]] def 1 k 2 | t1=0 t2=1 t3p=0 t3h=0 t4=0 t4s2=0 | R13=0 R134=0 R134s2=0 RT=1 RT4=1 RT4s2=1 | t4min 0
X k4_certs_4_pure.json.gz#123 7,247,249,44 [[7], [2, 8], [4, 5], [3, 6]] def 1 k 2 | t1=0 t2=1 t3p=0 t3h=0 t4=0 t4s2=0 | R13=0 R134=0 R134s2=0 RT=1 RT4=1 RT4s2=1 | t4min 0
X k4_certs_4_pure.json.gz#123 7,247,250,44 [[7], [2, 8], [4, 5], [3, 6]] def 1 k 2 | t1=0 t2=1 t3p=0 t3h=0 t4=0 t4s2=0 | R13=0 R134=0 R134s2=0 RT=1 RT4=1 RT4s2=1 | t4min 0
X k4_certs_4_pure.json.gz#123 7,247,252,44 [[7], [2, 8], [4, 5], [3, 6]] def 1 k 2 | t1=0 t2=1 t3p=0 t3h=0 t4=0 t4s2=0 | R13=0 R134=0 R134s2=0 RT=1 RT4=1 RT4s2=1 | t4min 0
X k4_certs_4_pure.json.gz#123 7,247,268,44 [[7], [2, 8], [4, 5], [3, 6]] def 1 k 2 | t1=0 t2=1 t3p=0 t3h=0 t4=0 t4s2=0 | R13=0 R134=0 R134s2=0 RT=1 RT4=1 RT4s2=1 | t4min 0
X k4_certs_4_pure.json.gz#123 7,247,269,44 [[7], [2, 8], [4, 5], [3, 6]] def 1 k 2 | t1=0 t2=1 t3p=0 t3h=0 t4=0 t4s2=0 | R13=0 R134=0 R134s2=0 RT=1 RT4=1 RT4s2=1 | t4min 0
X k4_certs_4_pure.json.gz#123 7,247,272,44 [[7], [2, 8], [4, 5], [3, 6]] def 1 k 2 | t1=0 t2=1 t3p=0 t3h=0 t4=0 t4s2=0 | R13=0 R134=0 R134s2=0 RT=1 RT4=1 RT4s2=1 | t4min 0
X k4_certs_4_pure.json.gz#123 7,247,273,44 [[7], [2, 8], [4, 5], [3, 6]] def 1 k 2 | t1=0 t2=1 t3p=0 t3h=0 t4=0 t4s2=0 | R13=0 R134=0 R134s2=0 RT=1 RT4=1 RT4s2=1 | t4min 0
X k4_certs_4_pure.json.gz#123 7,247,282,44 [[7], [2, 8], [4, 5], [3, 6]] def 1 k 2 | t1=0 t2=1 t3p=0 t3h=0 t4=0 t4s2=0 | R13=0 R134=0 R134s2=0 RT=1 RT4=1 RT4s2=1 | t4min 0
X k4_certs_4_pure.json.gz#123 7,247,284,44 [[7], [2, 8], [4, 5], [3, 6]] def 1 k 2 | t1=0 t2=1 t3p=0 t3h=0 t4=0 t4s2=0 | R13=0 R134=0 R134s2=0 RT=1 RT4=1 RT4s2=1 | t4min 0
X k4_certs_4_pure.json.gz#123 7,247,285,44 [[7], [2, 8], [4, 5], [3, 6]] def 1 k 2 | t1=0 t2=1 t3p=0 t3h=0 t4=0 t4s2=0 | R13=0 R134=0 R134s2=0 RT=1 RT4=1 RT4s2=1 | t4min 0
X k4_certs_4_pure.json.gz#123 7,247,286,44 [[7], [2, 8], [4, 5], [3, 6]] def 1 k 2 | t1=0 t2=1 t3p=0 t3h=0 t4=0 t4s2=0 | R13=0 R134=0 R134s2=0 RT=1 RT4=1 RT4s2=1 | t4min 0
X k4_certs_4_pure.json.gz#123 7,251,11,44 [[7], [2, 8], [4, 5], [3, 6]] def 1 k 3 | t1=0 t2=1 t3p=0 t3h=0 t4=0 t4s2=0 | R13=0 R134=0 R134s2=0 RT=1 RT4=1 RT4s2=1 | t4min 0
X k4_certs_4_pure.json.gz#123 7,251,13,44 [[7], [2, 8], [4, 5], [3, 6]] def 1 k 3 | t1=0 t2=1 t3p=0 t3h=0 t4=0 t4s2=0 | R13=0 R134=0 R134s2=0 RT=1 RT4=1 RT4s2=1 | t4min 0
X k4_certs_4_pure.json.gz#123 7,251,18,44 [[7], [2, 8], [4, 5], [3, 6]] def 1 k 3 | t1=0 t2=1 t3p=0 t3h=0 t4=0 t4s2=0 | R13=0 R134=0 R134s2=0 RT=1 RT4=1 RT4s2=1 | t4min 0
X k4_certs_4_pure.json.gz#123 7,251,25,44 [[7], [2, 8], [4, 5], [3, 6]] def 1 k 3 | t1=0 t2=1 t3p=0 t3h=0 t4=0 t4s2=0 | R13=0 R134=0 R134s2=0 RT=1 RT4=1 RT4s2=1 | t4min 0
X k4_certs_4_pure.json.gz#123 7,251,47,44 [[7], [2, 8], [4, 5], [3, 6]] def 1 k 3 | t1=0 t2=1 t3p=0 t3h=0 t4=0 t4s2=0 | R13=0 R134=0 R134s2=0 RT=1 RT4=1 RT4s2=1 | t4min 0
X k4_certs_4_pure.json.gz#123 7,251,50,44 [[7], [2, 8], [4, 5], [3, 6]] def 1 k 3 | t1=0 t2=1 t3p=0 t3h=0 t4=0 t4s2=0 | R13=0 R134=0 R134s2=0 RT=1 RT4=1 RT4s2=1 | t4min 0
X k4_certs_4_pure.json.gz#123 7,251,55,44 [[7], [2, 8], [4, 5], [3, 6]] def 1 k 3 | t1=0 t2=1 t3p=0 t3h=0 t4=0 t4s2=0 | R13=0 R134=0 R134s2=0 RT=1 RT4=1 RT4s2=1 | t4min 0
X k4_certs_4_pure.json.gz#123 7,251,67,44 [[7], [2, 8], [4, 5], [3, 6]] def 1 k 3 | t1=0 t2=1 t3p=0 t3h=0 t4=0 t4s2=0 | R13=0 R134=0 R134s2=0 RT=1 RT4=1 RT4s2=1 | t4min 0
X k4_certs_4_pure.json.gz#123 7,251,82,44 [[7], [2, 8], [4, 5], [3, 6]] def 1 k 3 | t1=0 t2=1 t3p=0 t3h=0 t4=0 t4s2=0 | R13=0 R134=0 R134s2=0 RT=1 RT4=1 RT4s2=1 | t4min 0
X k4_certs_4_pure.json.gz#123 7,251,89,44 [[7], [2, 8], [4, 5], [3, 6]] def 1 k 3 | t1=0 t2=1 t3p=0 t3h=0 t4=0 t4s2=0 | R13=0 R134=0 R134s2=0 RT=1 RT4=1 RT4s2=1 | t4min 0
X k4_certs_4_pure.json.gz#123 7,251,92,44 [[7], [2, 8], [4, 5], [3, 6]] def 1 k 3 | t1=0 t2=1 t3p=0 t3h=0 t4=0 t4s2=0 | R13=0 R134=0 R134s2=0 RT=1 RT4=1 RT4s2=1 | t4min 0
X k4_certs_4_pure.json.gz#123 7,251,95,44 [[7], [2, 8], [4, 5], [3, 6]] def 1 k 3 | t1=0 t2=1 t3p=0 t3h=0 t4=0 t4s2=0 | R13=0 R134=0 R134s2=0 RT=1 RT4=1 RT4s2=1 | t4min 0
X k4_certs_4_pure.json.gz#123 7,251,99,44 [[7], [2, 8], [4, 5], [3, 6]] def 1 k 3 | t1=0 t2=1 t3p=0 t3h=0 t4=0 t4s2=0 | R13=0 R134=0 R134s2=0 RT=1 RT4=1 RT4s2=1 | t4min 0
X k4_certs_4_pure.json.gz#123 7,251,100,44 [[7], [2, 8], [4, 5], [3, 6]] def 1 k 3 | t1=0 t2=1 t3p=0 t3h=0 t4=0 t4s2=0 | R13=0 R134=0 R134s2=0 RT=1 RT4=1 RT4s2=1 | t4min 0
X k4_certs_4_pure.json.gz#123 7,251,104,44 [[7], [2, 8], [4, 5], [3, 6]] def 1 k 3 | t1=0 t2=1 t3p=0 t3h=0 t4=0 t4s2=0 | R13=0 R134=0 R134s2=0 RT=1 RT4=1 RT4s2=1 | t4min 0
X k4_certs_4_pure.json.gz#123 7,251,114,44 [[7], [2, 8], [4, 5], [3, 6]] def 1 k 3 | t1=0 t2=1 t3p=0 t3h=0 t4=0 t4s2=0 | R13=0 R134=0 R134s2=0 RT=1 RT4=1 RT4s2=1 | t4min 0
X k4_certs_4_pure.json.gz#123 7,251,128,44 [[7], [2, 8], [4, 5], [3, 6]] def 1 k 3 | t1=0 t2=1 t3p=0 t3h=0 t4=0 t4s2=0 | R13=0 R134=0 R134s2=0 RT=1 RT4=1 RT4s2=1 | t4min 0
X k4_certs_4_pure.json.gz#123 7,251,131,44 [[7], [2, 8], [4, 5], [3, 6]] def 1 k 3 | t1=0 t2=1 t3p=0 t3h=0 t4=0 t4s2=0 | R13=0 R134=0 R134s2=0 RT=1 RT4=1 RT4s2=1 | t4min 0
X k4_certs_4_pure.json.gz#123 7,251,134,44 [[7], [2, 8], [4, 5], [3, 6]] def 1 k 3 | t1=0 t2=1 t3p=0 t3h=0 t4=0 t4s2=0 | R13=0 R134=0 R134s2=0 RT=1 RT4=1 RT4s2=1 | t4min 0
X k4_certs_4_pure.json.gz#123 7,251,135,44 [[7], [2, 8], [4, 5], [3, 6]] def 1 k 3 | t1=0 t2=1 t3p=0 t3h=0 t4=0 t4s2=0 | R13=0 R134=0 R134s2=0 RT=1 RT4=1 RT4s2=1 | t4min 0
X k4_certs_4_pure.json.gz#123 7,251,152,44 [[7], [2, 8], [4, 5], [3, 6]] def 1 k 3 | t1=0 t2=1 t3p=0 t3h=0 t4=0 t4s2=0 | R13=0 R134=0 R134s2=0 RT=1 RT4=1 RT4s2=1 | t4min 0
X k4_certs_4_pure.json.gz#123 7,251,155,44 [[7], [2, 8], [4, 5], [3, 6]] def 1 k 3 | t1=0 t2=1 t3p=0 t3h=0 t4=0 t4s2=0 | R13=0 R134=0 R134s2=0 RT=1 RT4=1 RT4s2=1 | t4min 0
X k4_certs_4_pure.json.gz#123 7,251,160,44 [[7], [2, 8], [4, 5], [3, 6]] def 1 k 3 | t1=0 t2=1 t3p=0 t3h=0 t4=0 t4s2=0 | R13=0 R134=0 R134s2=0 RT=1 RT4=1 RT4s2=1 | t4min 0
X k4_certs_4_pure.json.gz#123 7,251,165,44 [[7], [2, 8], [4, 5], [3, 6]] def 1 k 3 | t1=0 t2=1 t3p=0 t3h=0 t4=0 t4s2=0 | R13=0 R134=0 R134s2=0 RT=1 RT4=1 RT4s2=1 | t4min 0
X k4_certs_4_pure.json.gz#123 7,251,174,44 [[7], [2, 8], [4, 5], [3, 6]] def 1 k 3 | t1=0 t2=1 t3p=0 t3h=0 t4=0 t4s2=0 | R13=0 R134=0 R134s2=0 RT=1 RT4=1 RT4s2=1 | t4min 0
X k4_certs_4_pure.json.gz#123 7,251,192,44 [[7], [2, 8], [4, 5], [3, 6]] def 1 k 3 | t1=0 t2=1 t3p=0 t3h=0 t4=0 t4s2=0 | R13=0 R134=0 R134s2=0 RT=1 RT4=1 RT4s2=1 | t4min 0
X k4_certs_4_pure.json.gz#123 7,251,193,44 [[7], [2, 8], [4, 5], [3, 6]] def 1 k 3 | t1=0 t2=1 t3p=0 t3h=0 t4=0 t4s2=0 | R13=0 R134=0 R134s2=0 RT=1 RT4=1 RT4s2=1 | t4min 0
X k4_certs_4_pure.json.gz#123 7,251,198,44 [[7], [2, 8], [4, 5], [3, 6]] def 1 k 3 | t1=0 t2=1 t3p=0 t3h=0 t4=0 t4s2=0 | R13=0 R134=0 R134s2=0 RT=1 RT4=1 RT4s2=1 | t4min 0
X k4_certs_4_pure.json.gz#123 7,251,201,44 [[7], [2, 8], [4, 5], [3, 6]] def 1 k 3 | t1=0 t2=1 t3p=0 t3h=0 t4=0 t4s2=0 | R13=0 R134=0 R134s2=0 RT=1 RT4=1 RT4s2=1 | t4min 0
X k4_certs_4_pure.json.gz#123 7,251,217,44 [[7], [2, 8], [4, 5], [3, 6]] def 1 k 3 | t1=0 t2=1 t3p=0 t3h=0 t4=0 t4s2=0 | R13=0 R134=0 R134s2=0 RT=1 RT4=1 RT4s2=1 | t4min 0
X k4_certs_4_pure.json.gz#123 7,251,222,44 [[7], [2, 8], [4, 5], [3, 6]] def 1 k 3 | t1=0 t2=1 t3p=0 t3h=0 t4=0 t4s2=0 | R13=0 R134=0 R134s2=0 RT=1 RT4=1 RT4s2=1 | t4min 0
X k4_certs_4_pure.json.gz#123 7,251,233,44 [[7], [2, 8], [4, 5], [3, 6]] def 1 k 3 | t1=0 t2=1 t3p=0 t3h=0 t4=0 t4s2=0 | R13=0 R134=0 R134s2=0 RT=1 RT4=1 RT4s2=1 | t4min 0
X k4_certs_4_pure.json.gz#123 7,251,234,44 [[7], [2, 8], [4, 5], [3, 6]] def 1 k 3 | t1=0 t2=1 t3p=0 t3h=0 t4=0 t4s2=0 | R13=0 R134=0 R134s2=0 RT=1 RT4=1 RT4s2=1 | t4min 0
X k4_certs_4_pure.json.gz#123 7,251,236,44 [[7], [2, 8], [4, 5], [3, 6]] def 1 k 3 | t1=0 t2=1 t3p=0 t3h=0 t4=0 t4s2=0 | R13=0 R134=0 R134s2=0 RT=1 RT4=1 RT4s2=1 | t4min 0
X k4_certs_4_pure.json.gz#123 7,251,237,44 [[7], [2, 8], [4, 5], [3, 6]] def 1 k 3 | t1=0 t2=1 t3p=0 t3h=0 t4=0 t4s2=0 | R13=0 R134=0 R134s2=0 RT=1 RT4=1 RT4s2=1 | t4min 0
X k4_certs_4_pure.json.gz#123 7,251,241,44 [[7], [2, 8], [4, 5], [3, 6]] def 1 k 3 | t1=0 t2=1 t3p=0 t3h=0 t4=0 t4s2=0 | R13=0 R134=0 R134s2=0 RT=1 RT4=1 RT4s2=1 | t4min 0
X k4_certs_4_pure.json.gz#123 7,251,242,44 [[7], [2, 8], [4, 5], [3, 6]] def 1 k 3 | t1=0 t2=1 t3p=0 t3h=0 t4=0 t4s2=0 | R13=0 R134=0 R134s2=0 RT=1 RT4=1 RT4s2=1 | t4min 0
X k4_certs_4_pure.json.gz#123 7,251,243,44 [[7], [2, 8], [4, 5], [3, 6]] def 1 k 3 | t1=0 t2=1 t3p=0 t3h=0 t4=0 t4s2=0 | R13=0 R134=0 R134s2=0 RT=1 RT4=1 RT4s2=1 | t4min 0
X k4_certs_4_pure.json.gz#123 7,251,245,44 [[7], [2, 8], [4, 5], [3, 6]] def 1 k 3 | t1=0 t2=1 t3p=0 t3h=0 t4=0 t4s2=0 | R13=0 R134=0 R134s2=0 RT=1 RT4=1 RT4s2=1 | t4min 0
X k4_certs_4_pure.json.gz#123 7,251,248,44 [[7], [2, 8], [4, 5], [3, 6]] def 1 k 3 | t1=0 t2=1 t3p=0 t3h=0 t4=0 t4s2=0 | R13=0 R134=0 R134s2=0 RT=1 RT4=1 RT4s2=1 | t4min 0
X k4_certs_4_pure.json.gz#123 7,251,249,44 [[7], [2, 8], [4, 5], [3, 6]] def 1 k 3 | t1=0 t2=1 t3p=0 t3h=0 t4=0 t4s2=0 | R13=0 R134=0 R134s2=0 RT=1 RT4=1 RT4s2=1 | t4min 0
X k4_certs_4_pure.json.gz#123 7,251,250,44 [[7], [2, 8], [4, 5], [3, 6]] def 1 k 3 | t1=0 t2=1 t3p=0 t3h=0 t4=0 t4s2=0 | R13=0 R134=0 R134s2=0 RT=1 RT4=1 RT4s2=1 | t4min 0
X k4_certs_4_pure.json.gz#123 7,251,252,44 [[7], [2, 8], [4, 5], [3, 6]] def 1 k 3 | t1=0 t2=1 t3p=0 t3h=0 t4=0 t4s2=0 | R13=0 R134=0 R134s2=0 RT=1 RT4=1 RT4s2=1 | t4min 0
X k4_certs_4_pure.json.gz#123 7,251,268,44 [[7], [2, 8], [4, 5], [3, 6]] def 1 k 3 | t1=0 t2=1 t3p=0 t3h=0 t4=0 t4s2=0 | R13=0 R134=0 R134s2=0 RT=1 RT4=1 RT4s2=1 | t4min 0
X k4_certs_4_pure.json.gz#123 7,251,269,44 [[7], [2, 8], [4, 5], [3, 6]] def 1 k 3 | t1=0 t2=1 t3p=0 t3h=0 t4=0 t4s2=0 | R13=0 R134=0 R134s2=0 RT=1 RT4=1 RT4s2=1 | t4min 0
X k4_certs_4_pure.json.gz#123 7,251,272,44 [[7], [2, 8], [4, 5], [3, 6]] def 1 k 3 | t1=0 t2=1 t3p=0 t3h=0 t4=0 t4s2=0 | R13=0 R134=0 R134s2=0 RT=1 RT4=1 RT4s2=1 | t4min 0
X k4_certs_4_pure.json.gz#123 7,251,273,44 [[7], [2, 8], [4, 5], [3, 6]] def 1 k 3 | t1=0 t2=1 t3p=0 t3h=0 t4=0 t4s2=0 | R13=0 R134=0 R134s2=0 RT=1 RT4=1 RT4s2=1 | t4min 0
X k4_certs_4_pure.json.gz#123 7,251,282,44 [[7], [2, 8], [4, 5], [3, 6]] def 1 k 3 | t1=0 t2=1 t3p=0 t3h=0 t4=0 t4s2=0 | R13=0 R134=0 R134s2=0 RT=1 RT4=1 RT4s2=1 | t4min 0
X k4_certs_4_pure.json.gz#123 7,251,284,44 [[7], [2, 8], [4, 5], [3, 6]] def 1 k 3 | t1=0 t2=1 t3p=0 t3h=0 t4=0 t4s2=0 | R13=0 R134=0 R134s2=0 RT=1 RT4=1 RT4s2=1 | t4min 0
X k4_certs_4_pure.json.gz#123 7,251,285,44 [[7], [2, 8], [4, 5], [3, 6]] def 1 k 3 | t1=0 t2=1 t3p=0 t3h=0 t4=0 t4s2=0 | R13=0 R134=0 R134s2=0 RT=1 RT4=1 RT4s2=1 | t4min 0
X k4_certs_4_pure.json.gz#123 7,251,286,44 [[7], [2, 8], [4, 5], [3, 6]] def 1 k 3 | t1=0 t2=1 t3p=0 t3h=0 t4=0 t4s2=0 | R13=0 R134=0 R134s2=0 RT=1 RT4=1 RT4s2=1 | t4min 0
X k4_certs_4_pure.json.gz#123 7,253,11,44 [[7], [2, 8], [4, 5], [3, 6]] def 1 k 2 | t1=0 t2=1 t3p=0 t3h=0 t4=0 t4s2=0 | R13=0 R134=0 R134s2=0 RT=1 RT4=1 RT4s2=1 | t4min 0
X k4_certs_4_pure.json.gz#123 7,253,13,44 [[7], [2, 8], [4, 5], [3, 6]] def 1 k 2 | t1=0 t2=1 t3p=0 t3h=0 t4=0 t4s2=0 | R13=0 R134=0 R134s2=0 RT=1 RT4=1 RT4s2=1 | t4min 0
X k4_certs_4_pure.json.gz#123 7,253,18,44 [[7], [2, 8], [4, 5], [3, 6]] def 1 k 2 | t1=0 t2=1 t3p=0 t3h=0 t4=0 t4s2=0 | R13=0 R134=0 R134s2=0 RT=1 RT4=1 RT4s2=1 | t4min 0
X k4_certs_4_pure.json.gz#123 7,253,25,44 [[7], [2, 8], [4, 5], [3, 6]] def 1 k 2 | t1=0 t2=1 t3p=0 t3h=0 t4=0 t4s2=0 | R13=0 R134=0 R134s2=0 RT=1 RT4=1 RT4s2=1 | t4min 0
X k4_certs_4_pure.json.gz#123 7,253,47,44 [[7], [2, 8], [4, 5], [3, 6]] def 1 k 2 | t1=0 t2=1 t3p=0 t3h=0 t4=0 t4s2=0 | R13=0 R134=0 R134s2=0 RT=1 RT4=1 RT4s2=1 | t4min 0
X k4_certs_4_pure.json.gz#123 7,253,50,44 [[7], [2, 8], [4, 5], [3, 6]] def 1 k 2 | t1=0 t2=1 t3p=0 t3h=0 t4=0 t4s2=0 | R13=0 R134=0 R134s2=0 RT=1 RT4=1 RT4s2=1 | t4min 0
X k4_certs_4_pure.json.gz#123 7,253,55,44 [[7], [2, 8], [4, 5], [3, 6]] def 1 k 2 | t1=0 t2=1 t3p=0 t3h=0 t4=0 t4s2=0 | R13=0 R134=0 R134s2=0 RT=1 RT4=1 RT4s2=1 | t4min 0
X k4_certs_4_pure.json.gz#123 7,253,67,44 [[7], [2, 8], [4, 5], [3, 6]] def 1 k 2 | t1=0 t2=1 t3p=0 t3h=0 t4=0 t4s2=0 | R13=0 R134=0 R134s2=0 RT=1 RT4=1 RT4s2=1 | t4min 0
X k4_certs_4_pure.json.gz#123 7,253,82,44 [[7], [2, 8], [4, 5], [3, 6]] def 1 k 2 | t1=0 t2=1 t3p=0 t3h=0 t4=0 t4s2=0 | R13=0 R134=0 R134s2=0 RT=1 RT4=1 RT4s2=1 | t4min 0
X k4_certs_4_pure.json.gz#123 7,253,89,44 [[7], [2, 8], [4, 5], [3, 6]] def 1 k 2 | t1=0 t2=1 t3p=0 t3h=0 t4=0 t4s2=0 | R13=0 R134=0 R134s2=0 RT=1 RT4=1 RT4s2=1 | t4min 0
X k4_certs_4_pure.json.gz#123 7,253,92,44 [[7], [2, 8], [4, 5], [3, 6]] def 1 k 2 | t1=0 t2=1 t3p=0 t3h=0 t4=0 t4s2=0 | R13=0 R134=0 R134s2=0 RT=1 RT4=1 RT4s2=1 | t4min 0
X k4_certs_4_pure.json.gz#123 7,253,95,44 [[7], [2, 8], [4, 5], [3, 6]] def 1 k 2 | t1=0 t2=1 t3p=0 t3h=0 t4=0 t4s2=0 | R13=0 R134=0 R134s2=0 RT=1 RT4=1 RT4s2=1 | t4min 0
X k4_certs_4_pure.json.gz#123 7,253,99,44 [[7], [2, 8], [4, 5], [3, 6]] def 1 k 2 | t1=0 t2=1 t3p=0 t3h=0 t4=0 t4s2=0 | R13=0 R134=0 R134s2=0 RT=1 RT4=1 RT4s2=1 | t4min 0
X k4_certs_4_pure.json.gz#123 7,253,100,44 [[7], [2, 8], [4, 5], [3, 6]] def 1 k 2 | t1=0 t2=1 t3p=0 t3h=0 t4=0 t4s2=0 | R13=0 R134=0 R134s2=0 RT=1 RT4=1 RT4s2=1 | t4min 0
X k4_certs_4_pure.json.gz#123 7,253,104,44 [[7], [2, 8], [4, 5], [3, 6]] def 1 k 2 | t1=0 t2=1 t3p=0 t3h=0 t4=0 t4s2=0 | R13=0 R134=0 R134s2=0 RT=1 RT4=1 RT4s2=1 | t4min 0
X k4_certs_4_pure.json.gz#123 7,253,114,44 [[7], [2, 8], [4, 5], [3, 6]] def 1 k 2 | t1=0 t2=1 t3p=0 t3h=0 t4=0 t4s2=0 | R13=0 R134=0 R134s2=0 RT=1 RT4=1 RT4s2=1 | t4min 0
X k4_certs_4_pure.json.gz#123 7,253,128,44 [[7], [2, 8], [4, 5], [3, 6]] def 1 k 2 | t1=0 t2=1 t3p=0 t3h=0 t4=0 t4s2=0 | R13=0 R134=0 R134s2=0 RT=1 RT4=1 RT4s2=1 | t4min 0
X k4_certs_4_pure.json.gz#123 7,253,131,44 [[7], [2, 8], [4, 5], [3, 6]] def 1 k 2 | t1=0 t2=1 t3p=0 t3h=0 t4=0 t4s2=0 | R13=0 R134=0 R134s2=0 RT=1 RT4=1 RT4s2=1 | t4min 0
X k4_certs_4_pure.json.gz#123 7,253,134,44 [[7], [2, 8], [4, 5], [3, 6]] def 1 k 2 | t1=0 t2=1 t3p=0 t3h=0 t4=0 t4s2=0 | R13=0 R134=0 R134s2=0 RT=1 RT4=1 RT4s2=1 | t4min 0
X k4_certs_4_pure.json.gz#123 7,253,135,44 [[7], [2, 8], [4, 5], [3, 6]] def 1 k 2 | t1=0 t2=1 t3p=0 t3h=0 t4=0 t4s2=0 | R13=0 R134=0 R134s2=0 RT=1 RT4=1 RT4s2=1 | t4min 0
X k4_certs_4_pure.json.gz#123 7,253,152,44 [[7], [2, 8], [4, 5], [3, 6]] def 1 k 2 | t1=0 t2=1 t3p=0 t3h=0 t4=0 t4s2=0 | R13=0 R134=0 R134s2=0 RT=1 RT4=1 RT4s2=1 | t4min 0
X k4_certs_4_pure.json.gz#123 7,253,155,44 [[7], [2, 8], [4, 5], [3, 6]] def 1 k 2 | t1=0 t2=1 t3p=0 t3h=0 t4=0 t4s2=0 | R13=0 R134=0 R134s2=0 RT=1 RT4=1 RT4s2=1 | t4min 0
X k4_certs_4_pure.json.gz#123 7,253,160,44 [[7], [2, 8], [4, 5], [3, 6]] def 1 k 2 | t1=0 t2=1 t3p=0 t3h=0 t4=0 t4s2=0 | R13=0 R134=0 R134s2=0 RT=1 RT4=1 RT4s2=1 | t4min 0
X k4_certs_4_pure.json.gz#123 7,253,165,44 [[7], [2, 8], [4, 5], [3, 6]] def 1 k 2 | t1=0 t2=1 t3p=0 t3h=0 t4=0 t4s2=0 | R13=0 R134=0 R134s2=0 RT=1 RT4=1 RT4s2=1 | t4min 0
X k4_certs_4_pure.json.gz#123 7,253,174,44 [[7], [2, 8], [4, 5], [3, 6]] def 1 k 2 | t1=0 t2=1 t3p=0 t3h=0 t4=0 t4s2=0 | R13=0 R134=0 R134s2=0 RT=1 RT4=1 RT4s2=1 | t4min 0
X k4_certs_4_pure.json.gz#123 7,253,192,44 [[7], [2, 8], [4, 5], [3, 6]] def 1 k 2 | t1=0 t2=1 t3p=0 t3h=0 t4=0 t4s2=0 | R13=0 R134=0 R134s2=0 RT=1 RT4=1 RT4s2=1 | t4min 0
X k4_certs_4_pure.json.gz#123 7,253,193,44 [[7], [2, 8], [4, 5], [3, 6]] def 1 k 2 | t1=0 t2=1 t3p=0 t3h=0 t4=0 t4s2=0 | R13=0 R134=0 R134s2=0 RT=1 RT4=1 RT4s2=1 | t4min 0
X k4_certs_4_pure.json.gz#123 7,253,198,44 [[7], [2, 8], [4, 5], [3, 6]] def 1 k 2 | t1=0 t2=1 t3p=0 t3h=0 t4=0 t4s2=0 | R13=0 R134=0 R134s2=0 RT=1 RT4=1 RT4s2=1 | t4min 0
X k4_certs_4_pure.json.gz#123 7,253,201,44 [[7], [2, 8], [4, 5], [3, 6]] def 1 k 2 | t1=0 t2=1 t3p=0 t3h=0 t4=0 t4s2=0 | R13=0 R134=0 R134s2=0 RT=1 RT4=1 RT4s2=1 | t4min 0
X k4_certs_4_pure.json.gz#123 7,253,217,44 [[7], [2, 8], [4, 5], [3, 6]] def 1 k 2 | t1=0 t2=1 t3p=0 t3h=0 t4=0 t4s2=0 | R13=0 R134=0 R134s2=0 RT=1 RT4=1 RT4s2=1 | t4min 0
X k4_certs_4_pure.json.gz#123 7,253,222,44 [[7], [2, 8], [4, 5], [3, 6]] def 1 k 2 | t1=0 t2=1 t3p=0 t3h=0 t4=0 t4s2=0 | R13=0 R134=0 R134s2=0 RT=1 RT4=1 RT4s2=1 | t4min 0
X k4_certs_4_pure.json.gz#123 7,253,233,44 [[7], [2, 8], [4, 5], [3, 6]] def 1 k 2 | t1=0 t2=1 t3p=0 t3h=0 t4=0 t4s2=0 | R13=0 R134=0 R134s2=0 RT=1 RT4=1 RT4s2=1 | t4min 0
X k4_certs_4_pure.json.gz#123 7,253,234,44 [[7], [2, 8], [4, 5], [3, 6]] def 1 k 2 | t1=0 t2=1 t3p=0 t3h=0 t4=0 t4s2=0 | R13=0 R134=0 R134s2=0 RT=1 RT4=1 RT4s2=1 | t4min 0
X k4_certs_4_pure.json.gz#123 7,253,236,44 [[7], [2, 8], [4, 5], [3, 6]] def 1 k 2 | t1=0 t2=1 t3p=0 t3h=0 t4=0 t4s2=0 | R13=0 R134=0 R134s2=0 RT=1 RT4=1 RT4s2=1 | t4min 0
X k4_certs_4_pure.json.gz#123 7,253,237,44 [[7], [2, 8], [4, 5], [3, 6]] def 1 k 2 | t1=0 t2=1 t3p=0 t3h=0 t4=0 t4s2=0 | R13=0 R134=0 R134s2=0 RT=1 RT4=1 RT4s2=1 | t4min 0
X k4_certs_4_pure.json.gz#123 7,253,241,44 [[7], [2, 8], [4, 5], [3, 6]] def 1 k 2 | t1=0 t2=1 t3p=0 t3h=0 t4=0 t4s2=0 | R13=0 R134=0 R134s2=0 RT=1 RT4=1 RT4s2=1 | t4min 0
X k4_certs_4_pure.json.gz#123 7,253,242,44 [[7], [2, 8], [4, 5], [3, 6]] def 1 k 2 | t1=0 t2=1 t3p=0 t3h=0 t4=0 t4s2=0 | R13=0 R134=0 R134s2=0 RT=1 RT4=1 RT4s2=1 | t4min 0
X k4_certs_4_pure.json.gz#123 7,253,243,44 [[7], [2, 8], [4, 5], [3, 6]] def 1 k 2 | t1=0 t2=1 t3p=0 t3h=0 t4=0 t4s2=0 | R13=0 R134=0 R134s2=0 RT=1 RT4=1 RT4s2=1 | t4min 0
X k4_certs_4_pure.json.gz#123 7,253,245,44 [[7], [2, 8], [4, 5], [3, 6]] def 1 k 2 | t1=0 t2=1 t3p=0 t3h=0 t4=0 t4s2=0 | R13=0 R134=0 R134s2=0 RT=1 RT4=1 RT4s2=1 | t4min 0
X k4_certs_4_pure.json.gz#123 7,253,248,44 [[7], [2, 8], [4, 5], [3, 6]] def 1 k 2 | t1=0 t2=1 t3p=0 t3h=0 t4=0 t4s2=0 | R13=0 R134=0 R134s2=0 RT=1 RT4=1 RT4s2=1 | t4min 0
X k4_certs_4_pure.json.gz#123 7,253,249,44 [[7], [2, 8], [4, 5], [3, 6]] def 1 k 2 | t1=0 t2=1 t3p=0 t3h=0 t4=0 t4s2=0 | R13=0 R134=0 R134s2=0 RT=1 RT4=1 RT4s2=1 | t4min 0
X k4_certs_4_pure.json.gz#123 7,253,250,44 [[7], [2, 8], [4, 5], [3, 6]] def 1 k 2 | t1=0 t2=1 t3p=0 t3h=0 t4=0 t4s2=0 | R13=0 R134=0 R134s2=0 RT=1 RT4=1 RT4s2=1 | t4min 0
X k4_certs_4_pure.json.gz#123 7,253,252,44 [[7], [2, 8], [4, 5], [3, 6]] def 1 k 2 | t1=0 t2=1 t3p=0 t3h=0 t4=0 t4s2=0 | R13=0 R134=0 R134s2=0 RT=1 RT4=1 RT4s2=1 | t4min 0
X k4_certs_4_pure.json.gz#123 7,253,268,44 [[7], [2, 8], [4, 5], [3, 6]] def 1 k 2 | t1=0 t2=1 t3p=0 t3h=0 t4=0 t4s2=0 | R13=0 R134=0 R134s2=0 RT=1 RT4=1 RT4s2=1 | t4min 0
X k4_certs_4_pure.json.gz#123 7,253,269,44 [[7], [2, 8], [4, 5], [3, 6]] def 1 k 2 | t1=0 t2=1 t3p=0 t3h=0 t4=0 t4s2=0 | R13=0 R134=0 R134s2=0 RT=1 RT4=1 RT4s2=1 | t4min 0
X k4_certs_4_pure.json.gz#123 7,253,272,44 [[7], [2, 8], [4, 5], [3, 6]] def 1 k 2 | t1=0 t2=1 t3p=0 t3h=0 t4=0 t4s2=0 | R13=0 R134=0 R134s2=0 RT=1 RT4=1 RT4s2=1 | t4min 0
X k4_certs_4_pure.json.gz#123 7,253,273,44 [[7], [2, 8], [4, 5], [3, 6]] def 1 k 2 | t1=0 t2=1 t3p=0 t3h=0 t4=0 t4s2=0 | R13=0 R134=0 R134s2=0 RT=1 RT4=1 RT4s2=1 | t4min 0
X k4_certs_4_pure.json.gz#123 7,253,282,44 [[7], [2, 8], [4, 5], [3, 6]] def 1 k 2 | t1=0 t2=1 t3p=0 t3h=0 t4=0 t4s2=0 | R13=0 R134=0 R134s2=0 RT=1 RT4=1 RT4s2=1 | t4min 0
X k4_certs_4_pure.json.gz#123 7,253,284,44 [[7], [2, 8], [4, 5], [3, 6]] def 1 k 2 | t1=0 t2=1 t3p=0 t3h=0 t4=0 t4s2=0 | R13=0 R134=0 R134s2=0 RT=1 RT4=1 RT4s2=1 | t4min 0
X k4_certs_4_pure.json.gz#123 7,253,285,44 [[7], [2, 8], [4, 5], [3, 6]] def 1 k 2 | t1=0 t2=1 t3p=0 t3h=0 t4=0 t4s2=0 | R13=0 R134=0 R134s2=0 RT=1 RT4=1 RT4s2=1 | t4min 0
X k4_certs_4_pure.json.gz#123 7,253,286,44 [[7], [2, 8], [4, 5], [3, 6]] def 1 k 2 | t1=0 t2=1 t3p=0 t3h=0 t4=0 t4s2=0 | R13=0 R134=0 R134s2=0 RT=1 RT4=1 RT4s2=1 | t4min 0
X k4_certs_4_pure.json.gz#123 7,254,11,44 [[7], [2, 8], [4, 5], [3, 6]] def 1 k 3 | t1=0 t2=1 t3p=0 t3h=0 t4=0 t4s2=0 | R13=0 R134=0 R134s2=0 RT=1 RT4=1 RT4s2=1 | t4min 0
X k4_certs_4_pure.json.gz#123 7,254,13,44 [[7], [2, 8], [4, 5], [3, 6]] def 1 k 3 | t1=0 t2=1 t3p=0 t3h=0 t4=0 t4s2=0 | R13=0 R134=0 R134s2=0 RT=1 RT4=1 RT4s2=1 | t4min 0
X k4_certs_4_pure.json.gz#123 7,254,18,44 [[7], [2, 8], [4, 5], [3, 6]] def 1 k 3 | t1=0 t2=1 t3p=0 t3h=0 t4=0 t4s2=0 | R13=0 R134=0 R134s2=0 RT=1 RT4=1 RT4s2=1 | t4min 0
X k4_certs_4_pure.json.gz#123 7,254,25,44 [[7], [2, 8], [4, 5], [3, 6]] def 1 k 3 | t1=0 t2=1 t3p=0 t3h=0 t4=0 t4s2=0 | R13=0 R134=0 R134s2=0 RT=1 RT4=1 RT4s2=1 | t4min 0
X k4_certs_4_pure.json.gz#123 7,254,47,44 [[7], [2, 8], [4, 5], [3, 6]] def 1 k 3 | t1=0 t2=1 t3p=0 t3h=0 t4=0 t4s2=0 | R13=0 R134=0 R134s2=0 RT=1 RT4=1 RT4s2=1 | t4min 0
X k4_certs_4_pure.json.gz#123 7,254,50,44 [[7], [2, 8], [4, 5], [3, 6]] def 1 k 3 | t1=0 t2=1 t3p=0 t3h=0 t4=0 t4s2=0 | R13=0 R134=0 R134s2=0 RT=1 RT4=1 RT4s2=1 | t4min 0
X k4_certs_4_pure.json.gz#123 7,254,55,44 [[7], [2, 8], [4, 5], [3, 6]] def 1 k 3 | t1=0 t2=1 t3p=0 t3h=0 t4=0 t4s2=0 | R13=0 R134=0 R134s2=0 RT=1 RT4=1 RT4s2=1 | t4min 0
X k4_certs_4_pure.json.gz#123 7,254,67,44 [[7], [2, 8], [4, 5], [3, 6]] def 1 k 3 | t1=0 t2=1 t3p=0 t3h=0 t4=0 t4s2=0 | R13=0 R134=0 R134s2=0 RT=1 RT4=1 RT4s2=1 | t4min 0
X k4_certs_4_pure.json.gz#123 7,254,82,44 [[7], [2, 8], [4, 5], [3, 6]] def 1 k 3 | t1=0 t2=1 t3p=0 t3h=0 t4=0 t4s2=0 | R13=0 R134=0 R134s2=0 RT=1 RT4=1 RT4s2=1 | t4min 0
X k4_certs_4_pure.json.gz#123 7,254,89,44 [[7], [2, 8], [4, 5], [3, 6]] def 1 k 3 | t1=0 t2=1 t3p=0 t3h=0 t4=0 t4s2=0 | R13=0 R134=0 R134s2=0 RT=1 RT4=1 RT4s2=1 | t4min 0
X k4_certs_4_pure.json.gz#123 7,254,92,44 [[7], [2, 8], [4, 5], [3, 6]] def 1 k 3 | t1=0 t2=1 t3p=0 t3h=0 t4=0 t4s2=0 | R13=0 R134=0 R134s2=0 RT=1 RT4=1 RT4s2=1 | t4min 0
X k4_certs_4_pure.json.gz#123 7,254,95,44 [[7], [2, 8], [4, 5], [3, 6]] def 1 k 3 | t1=0 t2=1 t3p=0 t3h=0 t4=0 t4s2=0 | R13=0 R134=0 R134s2=0 RT=1 RT4=1 RT4s2=1 | t4min 0
X k4_certs_4_pure.json.gz#123 7,254,99,44 [[7], [2, 8], [4, 5], [3, 6]] def 1 k 3 | t1=0 t2=1 t3p=0 t3h=0 t4=0 t4s2=0 | R13=0 R134=0 R134s2=0 RT=1 RT4=1 RT4s2=1 | t4min 0
X k4_certs_4_pure.json.gz#123 7,254,100,44 [[7], [2, 8], [4, 5], [3, 6]] def 1 k 3 | t1=0 t2=1 t3p=0 t3h=0 t4=0 t4s2=0 | R13=0 R134=0 R134s2=0 RT=1 RT4=1 RT4s2=1 | t4min 0
X k4_certs_4_pure.json.gz#123 7,254,104,44 [[7], [2, 8], [4, 5], [3, 6]] def 1 k 3 | t1=0 t2=1 t3p=0 t3h=0 t4=0 t4s2=0 | R13=0 R134=0 R134s2=0 RT=1 RT4=1 RT4s2=1 | t4min 0
X k4_certs_4_pure.json.gz#123 7,254,114,44 [[7], [2, 8], [4, 5], [3, 6]] def 1 k 3 | t1=0 t2=1 t3p=0 t3h=0 t4=0 t4s2=0 | R13=0 R134=0 R134s2=0 RT=1 RT4=1 RT4s2=1 | t4min 0
X k4_certs_4_pure.json.gz#123 7,254,128,44 [[7], [2, 8], [4, 5], [3, 6]] def 1 k 3 | t1=0 t2=1 t3p=0 t3h=0 t4=0 t4s2=0 | R13=0 R134=0 R134s2=0 RT=1 RT4=1 RT4s2=1 | t4min 0
X k4_certs_4_pure.json.gz#123 7,254,131,44 [[7], [2, 8], [4, 5], [3, 6]] def 1 k 3 | t1=0 t2=1 t3p=0 t3h=0 t4=0 t4s2=0 | R13=0 R134=0 R134s2=0 RT=1 RT4=1 RT4s2=1 | t4min 0
X k4_certs_4_pure.json.gz#123 7,254,134,44 [[7], [2, 8], [4, 5], [3, 6]] def 1 k 3 | t1=0 t2=1 t3p=0 t3h=0 t4=0 t4s2=0 | R13=0 R134=0 R134s2=0 RT=1 RT4=1 RT4s2=1 | t4min 0
X k4_certs_4_pure.json.gz#123 7,254,135,44 [[7], [2, 8], [4, 5], [3, 6]] def 1 k 3 | t1=0 t2=1 t3p=0 t3h=0 t4=0 t4s2=0 | R13=0 R134=0 R134s2=0 RT=1 RT4=1 RT4s2=1 | t4min 0
X k4_certs_4_pure.json.gz#123 7,254,152,44 [[7], [2, 8], [4, 5], [3, 6]] def 1 k 3 | t1=0 t2=1 t3p=0 t3h=0 t4=0 t4s2=0 | R13=0 R134=0 R134s2=0 RT=1 RT4=1 RT4s2=1 | t4min 0
X k4_certs_4_pure.json.gz#123 7,254,155,44 [[7], [2, 8], [4, 5], [3, 6]] def 1 k 3 | t1=0 t2=1 t3p=0 t3h=0 t4=0 t4s2=0 | R13=0 R134=0 R134s2=0 RT=1 RT4=1 RT4s2=1 | t4min 0
X k4_certs_4_pure.json.gz#123 7,254,160,44 [[7], [2, 8], [4, 5], [3, 6]] def 1 k 3 | t1=0 t2=1 t3p=0 t3h=0 t4=0 t4s2=0 | R13=0 R134=0 R134s2=0 RT=1 RT4=1 RT4s2=1 | t4min 0
X k4_certs_4_pure.json.gz#123 7,254,165,44 [[7], [2, 8], [4, 5], [3, 6]] def 1 k 3 | t1=0 t2=1 t3p=0 t3h=0 t4=0 t4s2=0 | R13=0 R134=0 R134s2=0 RT=1 RT4=1 RT4s2=1 | t4min 0
X k4_certs_4_pure.json.gz#123 7,254,174,44 [[7], [2, 8], [4, 5], [3, 6]] def 1 k 3 | t1=0 t2=1 t3p=0 t3h=0 t4=0 t4s2=0 | R13=0 R134=0 R134s2=0 RT=1 RT4=1 RT4s2=1 | t4min 0
X k4_certs_4_pure.json.gz#123 7,254,192,44 [[7], [2, 8], [4, 5], [3, 6]] def 1 k 3 | t1=0 t2=1 t3p=0 t3h=0 t4=0 t4s2=0 | R13=0 R134=0 R134s2=0 RT=1 RT4=1 RT4s2=1 | t4min 0
X k4_certs_4_pure.json.gz#123 7,254,193,44 [[7], [2, 8], [4, 5], [3, 6]] def 1 k 3 | t1=0 t2=1 t3p=0 t3h=0 t4=0 t4s2=0 | R13=0 R134=0 R134s2=0 RT=1 RT4=1 RT4s2=1 | t4min 0
X k4_certs_4_pure.json.gz#123 7,254,198,44 [[7], [2, 8], [4, 5], [3, 6]] def 1 k 3 | t1=0 t2=1 t3p=0 t3h=0 t4=0 t4s2=0 | R13=0 R134=0 R134s2=0 RT=1 RT4=1 RT4s2=1 | t4min 0
X k4_certs_4_pure.json.gz#123 7,254,201,44 [[7], [2, 8], [4, 5], [3, 6]] def 1 k 3 | t1=0 t2=1 t3p=0 t3h=0 t4=0 t4s2=0 | R13=0 R134=0 R134s2=0 RT=1 RT4=1 RT4s2=1 | t4min 0
X k4_certs_4_pure.json.gz#123 7,254,217,44 [[7], [2, 8], [4, 5], [3, 6]] def 1 k 3 | t1=0 t2=1 t3p=0 t3h=0 t4=0 t4s2=0 | R13=0 R134=0 R134s2=0 RT=1 RT4=1 RT4s2=1 | t4min 0
X k4_certs_4_pure.json.gz#123 7,254,222,44 [[7], [2, 8], [4, 5], [3, 6]] def 1 k 3 | t1=0 t2=1 t3p=0 t3h=0 t4=0 t4s2=0 | R13=0 R134=0 R134s2=0 RT=1 RT4=1 RT4s2=1 | t4min 0
X k4_certs_4_pure.json.gz#123 7,254,233,44 [[7], [2, 8], [4, 5], [3, 6]] def 1 k 3 | t1=0 t2=1 t3p=0 t3h=0 t4=0 t4s2=0 | R13=0 R134=0 R134s2=0 RT=1 RT4=1 RT4s2=1 | t4min 0
X k4_certs_4_pure.json.gz#123 7,254,234,44 [[7], [2, 8], [4, 5], [3, 6]] def 1 k 3 | t1=0 t2=1 t3p=0 t3h=0 t4=0 t4s2=0 | R13=0 R134=0 R134s2=0 RT=1 RT4=1 RT4s2=1 | t4min 0
X k4_certs_4_pure.json.gz#123 7,254,236,44 [[7], [2, 8], [4, 5], [3, 6]] def 1 k 3 | t1=0 t2=1 t3p=0 t3h=0 t4=0 t4s2=0 | R13=0 R134=0 R134s2=0 RT=1 RT4=1 RT4s2=1 | t4min 0
X k4_certs_4_pure.json.gz#123 7,254,237,44 [[7], [2, 8], [4, 5], [3, 6]] def 1 k 3 | t1=0 t2=1 t3p=0 t3h=0 t4=0 t4s2=0 | R13=0 R134=0 R134s2=0 RT=1 RT4=1 RT4s2=1 | t4min 0
X k4_certs_4_pure.json.gz#123 7,254,241,44 [[7], [2, 8], [4, 5], [3, 6]] def 1 k 3 | t1=0 t2=1 t3p=0 t3h=0 t4=0 t4s2=0 | R13=0 R134=0 R134s2=0 RT=1 RT4=1 RT4s2=1 | t4min 0
X k4_certs_4_pure.json.gz#123 7,254,242,44 [[7], [2, 8], [4, 5], [3, 6]] def 1 k 3 | t1=0 t2=1 t3p=0 t3h=0 t4=0 t4s2=0 | R13=0 R134=0 R134s2=0 RT=1 RT4=1 RT4s2=1 | t4min 0
X k4_certs_4_pure.json.gz#123 7,254,243,44 [[7], [2, 8], [4, 5], [3, 6]] def 1 k 3 | t1=0 t2=1 t3p=0 t3h=0 t4=0 t4s2=0 | R13=0 R134=0 R134s2=0 RT=1 RT4=1 RT4s2=1 | t4min 0
X k4_certs_4_pure.json.gz#123 7,254,245,44 [[7], [2, 8], [4, 5], [3, 6]] def 1 k 3 | t1=0 t2=1 t3p=0 t3h=0 t4=0 t4s2=0 | R13=0 R134=0 R134s2=0 RT=1 RT4=1 RT4s2=1 | t4min 0
X k4_certs_4_pure.json.gz#123 7,254,248,44 [[7], [2, 8], [4, 5], [3, 6]] def 1 k 3 | t1=0 t2=1 t3p=0 t3h=0 t4=0 t4s2=0 | R13=0 R134=0 R134s2=0 RT=1 RT4=1 RT4s2=1 | t4min 0
X k4_certs_4_pure.json.gz#123 7,254,249,44 [[7], [2, 8], [4, 5], [3, 6]] def 1 k 3 | t1=0 t2=1 t3p=0 t3h=0 t4=0 t4s2=0 | R13=0 R134=0 R134s2=0 RT=1 RT4=1 RT4s2=1 | t4min 0
X k4_certs_4_pure.json.gz#123 7,254,250,44 [[7], [2, 8], [4, 5], [3, 6]] def 1 k 3 | t1=0 t2=1 t3p=0 t3h=0 t4=0 t4s2=0 | R13=0 R134=0 R134s2=0 RT=1 RT4=1 RT4s2=1 | t4min 0
X k4_certs_4_pure.json.gz#123 7,254,252,44 [[7], [2, 8], [4, 5], [3, 6]] def 1 k 3 | t1=0 t2=1 t3p=0 t3h=0 t4=0 t4s2=0 | R13=0 R134=0 R134s2=0 RT=1 RT4=1 RT4s2=1 | t4min 0
X k4_certs_4_pure.json.gz#123 7,254,268,44 [[7], [2, 8], [4, 5], [3, 6]] def 1 k 3 | t1=0 t2=1 t3p=0 t3h=0 t4=0 t4s2=0 | R13=0 R134=0 R134s2=0 RT=1 RT4=1 RT4s2=1 | t4min 0
X k4_certs_4_pure.json.gz#123 7,254,269,44 [[7], [2, 8], [4, 5], [3, 6]] def 1 k 3 | t1=0 t2=1 t3p=0 t3h=0 t4=0 t4s2=0 | R13=0 R134=0 R134s2=0 RT=1 RT4=1 RT4s2=1 | t4min 0
X k4_certs_4_pure.json.gz#123 7,254,272,44 [[7], [2, 8], [4, 5], [3, 6]] def 1 k 3 | t1=0 t2=1 t3p=0 t3h=0 t4=0 t4s2=0 | R13=0 R134=0 R134s2=0 RT=1 RT4=1 RT4s2=1 | t4min 0
X k4_certs_4_pure.json.gz#123 7,254,273,44 [[7], [2, 8], [4, 5], [3, 6]] def 1 k 3 | t1=0 t2=1 t3p=0 t3h=0 t4=0 t4s2=0 | R13=0 R134=0 R134s2=0 RT=1 RT4=1 RT4s2=1 | t4min 0
X k4_certs_4_pure.json.gz#123 7,254,282,44 [[7], [2, 8], [4, 5], [3, 6]] def 1 k 3 | t1=0 t2=1 t3p=0 t3h=0 t4=0 t4s2=0 | R13=0 R134=0 R134s2=0 RT=1 RT4=1 RT4s2=1 | t4min 0
X k4_certs_4_pure.json.gz#123 7,254,284,44 [[7], [2, 8], [4, 5], [3, 6]] def 1 k 3 | t1=0 t2=1 t3p=0 t3h=0 t4=0 t4s2=0 | R13=0 R134=0 R134s2=0 RT=1 RT4=1 RT4s2=1 | t4min 0
X k4_certs_4_pure.json.gz#123 7,254,285,44 [[7], [2, 8], [4, 5], [3, 6]] def 1 k 3 | t1=0 t2=1 t3p=0 t3h=0 t4=0 t4s2=0 | R13=0 R134=0 R134s2=0 RT=1 RT4=1 RT4s2=1 | t4min 0
X k4_certs_4_pure.json.gz#123 7,254,286,44 [[7], [2, 8], [4, 5], [3, 6]] def 1 k 3 | t1=0 t2=1 t3p=0 t3h=0 t4=0 t4s2=0 | R13=0 R134=0 R134s2=0 RT=1 RT4=1 RT4s2=1 | t4min 0
X k4_certs_4_pure.json.gz#123 7,256,11,44 [[7], [2, 8], [4, 5], [3, 6]] def 1 k 3 | t1=0 t2=1 t3p=0 t3h=0 t4=0 t4s2=0 | R13=0 R134=0 R134s2=0 RT=1 RT4=1 RT4s2=1 | t4min 0
X k4_certs_4_pure.json.gz#123 7,256,13,44 [[7], [2, 8], [4, 5], [3, 6]] def 1 k 3 | t1=0 t2=1 t3p=0 t3h=0 t4=0 t4s2=0 | R13=0 R134=0 R134s2=0 RT=1 RT4=1 RT4s2=1 | t4min 0
X k4_certs_4_pure.json.gz#123 7,256,18,44 [[7], [2, 8], [4, 5], [3, 6]] def 1 k 3 | t1=0 t2=1 t3p=0 t3h=0 t4=0 t4s2=0 | R13=0 R134=0 R134s2=0 RT=1 RT4=1 RT4s2=1 | t4min 0
X k4_certs_4_pure.json.gz#123 7,256,25,44 [[7], [2, 8], [4, 5], [3, 6]] def 1 k 3 | t1=0 t2=1 t3p=0 t3h=0 t4=0 t4s2=0 | R13=0 R134=0 R134s2=0 RT=1 RT4=1 RT4s2=1 | t4min 0
X k4_certs_4_pure.json.gz#123 7,256,47,44 [[7], [2, 8], [4, 5], [3, 6]] def 1 k 3 | t1=0 t2=1 t3p=0 t3h=0 t4=0 t4s2=0 | R13=0 R134=0 R134s2=0 RT=1 RT4=1 RT4s2=1 | t4min 0
X k4_certs_4_pure.json.gz#123 7,256,50,44 [[7], [2, 8], [4, 5], [3, 6]] def 1 k 3 | t1=0 t2=1 t3p=0 t3h=0 t4=0 t4s2=0 | R13=0 R134=0 R134s2=0 RT=1 RT4=1 RT4s2=1 | t4min 0
X k4_certs_4_pure.json.gz#123 7,256,55,44 [[7], [2, 8], [4, 5], [3, 6]] def 1 k 3 | t1=0 t2=1 t3p=0 t3h=0 t4=0 t4s2=0 | R13=0 R134=0 R134s2=0 RT=1 RT4=1 RT4s2=1 | t4min 0
X k4_certs_4_pure.json.gz#123 7,256,67,44 [[7], [2, 8], [4, 5], [3, 6]] def 1 k 3 | t1=0 t2=1 t3p=0 t3h=0 t4=0 t4s2=0 | R13=0 R134=0 R134s2=0 RT=1 RT4=1 RT4s2=1 | t4min 0
X k4_certs_4_pure.json.gz#123 7,256,82,44 [[7], [2, 8], [4, 5], [3, 6]] def 1 k 3 | t1=0 t2=1 t3p=0 t3h=0 t4=0 t4s2=0 | R13=0 R134=0 R134s2=0 RT=1 RT4=1 RT4s2=1 | t4min 0
X k4_certs_4_pure.json.gz#123 7,256,89,44 [[7], [2, 8], [4, 5], [3, 6]] def 1 k 3 | t1=0 t2=1 t3p=0 t3h=0 t4=0 t4s2=0 | R13=0 R134=0 R134s2=0 RT=1 RT4=1 RT4s2=1 | t4min 0
X k4_certs_4_pure.json.gz#123 7,256,92,44 [[7], [2, 8], [4, 5], [3, 6]] def 1 k 3 | t1=0 t2=1 t3p=0 t3h=0 t4=0 t4s2=0 | R13=0 R134=0 R134s2=0 RT=1 RT4=1 RT4s2=1 | t4min 0
X k4_certs_4_pure.json.gz#123 7,256,95,44 [[7], [2, 8], [4, 5], [3, 6]] def 1 k 3 | t1=0 t2=1 t3p=0 t3h=0 t4=0 t4s2=0 | R13=0 R134=0 R134s2=0 RT=1 RT4=1 RT4s2=1 | t4min 0
X k4_certs_4_pure.json.gz#123 7,256,99,44 [[7], [2, 8], [4, 5], [3, 6]] def 1 k 3 | t1=0 t2=1 t3p=0 t3h=0 t4=0 t4s2=0 | R13=0 R134=0 R134s2=0 RT=1 RT4=1 RT4s2=1 | t4min 0
X k4_certs_4_pure.json.gz#123 7,256,100,44 [[7], [2, 8], [4, 5], [3, 6]] def 1 k 3 | t1=0 t2=1 t3p=0 t3h=0 t4=0 t4s2=0 | R13=0 R134=0 R134s2=0 RT=1 RT4=1 RT4s2=1 | t4min 0
X k4_certs_4_pure.json.gz#123 7,256,104,44 [[7], [2, 8], [4, 5], [3, 6]] def 1 k 3 | t1=0 t2=1 t3p=0 t3h=0 t4=0 t4s2=0 | R13=0 R134=0 R134s2=0 RT=1 RT4=1 RT4s2=1 | t4min 0
X k4_certs_4_pure.json.gz#123 7,256,114,44 [[7], [2, 8], [4, 5], [3, 6]] def 1 k 3 | t1=0 t2=1 t3p=0 t3h=0 t4=0 t4s2=0 | R13=0 R134=0 R134s2=0 RT=1 RT4=1 RT4s2=1 | t4min 0
X k4_certs_4_pure.json.gz#123 7,256,128,44 [[7], [2, 8], [4, 5], [3, 6]] def 1 k 3 | t1=0 t2=1 t3p=0 t3h=0 t4=0 t4s2=0 | R13=0 R134=0 R134s2=0 RT=1 RT4=1 RT4s2=1 | t4min 0
X k4_certs_4_pure.json.gz#123 7,256,131,44 [[7], [2, 8], [4, 5], [3, 6]] def 1 k 3 | t1=0 t2=1 t3p=0 t3h=0 t4=0 t4s2=0 | R13=0 R134=0 R134s2=0 RT=1 RT4=1 RT4s2=1 | t4min 0
X k4_certs_4_pure.json.gz#123 7,256,134,44 [[7], [2, 8], [4, 5], [3, 6]] def 1 k 3 | t1=0 t2=1 t3p=0 t3h=0 t4=0 t4s2=0 | R13=0 R134=0 R134s2=0 RT=1 RT4=1 RT4s2=1 | t4min 0
X k4_certs_4_pure.json.gz#123 7,256,135,44 [[7], [2, 8], [4, 5], [3, 6]] def 1 k 3 | t1=0 t2=1 t3p=0 t3h=0 t4=0 t4s2=0 | R13=0 R134=0 R134s2=0 RT=1 RT4=1 RT4s2=1 | t4min 0
X k4_certs_4_pure.json.gz#123 7,256,152,44 [[7], [2, 8], [4, 5], [3, 6]] def 1 k 3 | t1=0 t2=1 t3p=0 t3h=0 t4=0 t4s2=0 | R13=0 R134=0 R134s2=0 RT=1 RT4=1 RT4s2=1 | t4min 0
X k4_certs_4_pure.json.gz#123 7,256,155,44 [[7], [2, 8], [4, 5], [3, 6]] def 1 k 3 | t1=0 t2=1 t3p=0 t3h=0 t4=0 t4s2=0 | R13=0 R134=0 R134s2=0 RT=1 RT4=1 RT4s2=1 | t4min 0
X k4_certs_4_pure.json.gz#123 7,256,160,44 [[7], [2, 8], [4, 5], [3, 6]] def 1 k 3 | t1=0 t2=1 t3p=0 t3h=0 t4=0 t4s2=0 | R13=0 R134=0 R134s2=0 RT=1 RT4=1 RT4s2=1 | t4min 0
X k4_certs_4_pure.json.gz#123 7,256,165,44 [[7], [2, 8], [4, 5], [3, 6]] def 1 k 3 | t1=0 t2=1 t3p=0 t3h=0 t4=0 t4s2=0 | R13=0 R134=0 R134s2=0 RT=1 RT4=1 RT4s2=1 | t4min 0
X k4_certs_4_pure.json.gz#123 7,256,174,44 [[7], [2, 8], [4, 5], [3, 6]] def 1 k 3 | t1=0 t2=1 t3p=0 t3h=0 t4=0 t4s2=0 | R13=0 R134=0 R134s2=0 RT=1 RT4=1 RT4s2=1 | t4min 0
X k4_certs_4_pure.json.gz#123 7,256,192,44 [[7], [2, 8], [4, 5], [3, 6]] def 1 k 3 | t1=0 t2=1 t3p=0 t3h=0 t4=0 t4s2=0 | R13=0 R134=0 R134s2=0 RT=1 RT4=1 RT4s2=1 | t4min 0
X k4_certs_4_pure.json.gz#123 7,256,193,44 [[7], [2, 8], [4, 5], [3, 6]] def 1 k 3 | t1=0 t2=1 t3p=0 t3h=0 t4=0 t4s2=0 | R13=0 R134=0 R134s2=0 RT=1 RT4=1 RT4s2=1 | t4min 0
X k4_certs_4_pure.json.gz#123 7,256,198,44 [[7], [2, 8], [4, 5], [3, 6]] def 1 k 3 | t1=0 t2=1 t3p=0 t3h=0 t4=0 t4s2=0 | R13=0 R134=0 R134s2=0 RT=1 RT4=1 RT4s2=1 | t4min 0
X k4_certs_4_pure.json.gz#123 7,256,201,44 [[7], [2, 8], [4, 5], [3, 6]] def 1 k 3 | t1=0 t2=1 t3p=0 t3h=0 t4=0 t4s2=0 | R13=0 R134=0 R134s2=0 RT=1 RT4=1 RT4s2=1 | t4min 0
X k4_certs_4_pure.json.gz#123 7,256,217,44 [[7], [2, 8], [4, 5], [3, 6]] def 1 k 3 | t1=0 t2=1 t3p=0 t3h=0 t4=0 t4s2=0 | R13=0 R134=0 R134s2=0 RT=1 RT4=1 RT4s2=1 | t4min 0
X k4_certs_4_pure.json.gz#123 7,256,222,44 [[7], [2, 8], [4, 5], [3, 6]] def 1 k 3 | t1=0 t2=1 t3p=0 t3h=0 t4=0 t4s2=0 | R13=0 R134=0 R134s2=0 RT=1 RT4=1 RT4s2=1 | t4min 0
X k4_certs_4_pure.json.gz#123 7,256,233,44 [[7], [2, 8], [4, 5], [3, 6]] def 1 k 3 | t1=0 t2=1 t3p=0 t3h=0 t4=0 t4s2=0 | R13=0 R134=0 R134s2=0 RT=1 RT4=1 RT4s2=1 | t4min 0
X k4_certs_4_pure.json.gz#123 7,256,234,44 [[7], [2, 8], [4, 5], [3, 6]] def 1 k 3 | t1=0 t2=1 t3p=0 t3h=0 t4=0 t4s2=0 | R13=0 R134=0 R134s2=0 RT=1 RT4=1 RT4s2=1 | t4min 0
X k4_certs_4_pure.json.gz#123 7,256,236,44 [[7], [2, 8], [4, 5], [3, 6]] def 1 k 3 | t1=0 t2=1 t3p=0 t3h=0 t4=0 t4s2=0 | R13=0 R134=0 R134s2=0 RT=1 RT4=1 RT4s2=1 | t4min 0
X k4_certs_4_pure.json.gz#123 7,256,237,44 [[7], [2, 8], [4, 5], [3, 6]] def 1 k 3 | t1=0 t2=1 t3p=0 t3h=0 t4=0 t4s2=0 | R13=0 R134=0 R134s2=0 RT=1 RT4=1 RT4s2=1 | t4min 0
X k4_certs_4_pure.json.gz#123 7,256,241,44 [[7], [2, 8], [4, 5], [3, 6]] def 1 k 3 | t1=0 t2=1 t3p=0 t3h=0 t4=0 t4s2=0 | R13=0 R134=0 R134s2=0 RT=1 RT4=1 RT4s2=1 | t4min 0
X k4_certs_4_pure.json.gz#123 7,256,242,44 [[7], [2, 8], [4, 5], [3, 6]] def 1 k 3 | t1=0 t2=1 t3p=0 t3h=0 t4=0 t4s2=0 | R13=0 R134=0 R134s2=0 RT=1 RT4=1 RT4s2=1 | t4min 0
X k4_certs_4_pure.json.gz#123 7,256,243,44 [[7], [2, 8], [4, 5], [3, 6]] def 1 k 3 | t1=0 t2=1 t3p=0 t3h=0 t4=0 t4s2=0 | R13=0 R134=0 R134s2=0 RT=1 RT4=1 RT4s2=1 | t4min 0
X k4_certs_4_pure.json.gz#123 7,256,245,44 [[7], [2, 8], [4, 5], [3, 6]] def 1 k 3 | t1=0 t2=1 t3p=0 t3h=0 t4=0 t4s2=0 | R13=0 R134=0 R134s2=0 RT=1 RT4=1 RT4s2=1 | t4min 0
X k4_certs_4_pure.json.gz#123 7,256,248,44 [[7], [2, 8], [4, 5], [3, 6]] def 1 k 3 | t1=0 t2=1 t3p=0 t3h=0 t4=0 t4s2=0 | R13=0 R134=0 R134s2=0 RT=1 RT4=1 RT4s2=1 | t4min 0
X k4_certs_4_pure.json.gz#123 7,256,249,44 [[7], [2, 8], [4, 5], [3, 6]] def 1 k 3 | t1=0 t2=1 t3p=0 t3h=0 t4=0 t4s2=0 | R13=0 R134=0 R134s2=0 RT=1 RT4=1 RT4s2=1 | t4min 0
X k4_certs_4_pure.json.gz#123 7,256,250,44 [[7], [2, 8], [4, 5], [3, 6]] def 1 k 3 | t1=0 t2=1 t3p=0 t3h=0 t4=0 t4s2=0 | R13=0 R134=0 R134s2=0 RT=1 RT4=1 RT4s2=1 | t4min 0
X k4_certs_4_pure.json.gz#123 7,256,252,44 [[7], [2, 8], [4, 5], [3, 6]] def 1 k 3 | t1=0 t2=1 t3p=0 t3h=0 t4=0 t4s2=0 | R13=0 R134=0 R134s2=0 RT=1 RT4=1 RT4s2=1 | t4min 0
X k4_certs_4_pure.json.gz#123 7,256,268,44 [[7], [2, 8], [4, 5], [3, 6]] def 1 k 3 | t1=0 t2=1 t3p=0 t3h=0 t4=0 t4s2=0 | R13=0 R134=0 R134s2=0 RT=1 RT4=1 RT4s2=1 | t4min 0
X k4_certs_4_pure.json.gz#123 7,256,269,44 [[7], [2, 8], [4, 5], [3, 6]] def 1 k 3 | t1=0 t2=1 t3p=0 t3h=0 t4=0 t4s2=0 | R13=0 R134=0 R134s2=0 RT=1 RT4=1 RT4s2=1 | t4min 0
X k4_certs_4_pure.json.gz#123 7,256,272,44 [[7], [2, 8], [4, 5], [3, 6]] def 1 k 3 | t1=0 t2=1 t3p=0 t3h=0 t4=0 t4s2=0 | R13=0 R134=0 R134s2=0 RT=1 RT4=1 RT4s2=1 | t4min 0
X k4_certs_4_pure.json.gz#123 7,256,273,44 [[7], [2, 8], [4, 5], [3, 6]] def 1 k 3 | t1=0 t2=1 t3p=0 t3h=0 t4=0 t4s2=0 | R13=0 R134=0 R134s2=0 RT=1 RT4=1 RT4s2=1 | t4min 0
X k4_certs_4_pure.json.gz#123 7,256,282,44 [[7], [2, 8], [4, 5], [3, 6]] def 1 k 3 | t1=0 t2=1 t3p=0 t3h=0 t4=0 t4s2=0 | R13=0 R134=0 R134s2=0 RT=1 RT4=1 RT4s2=1 | t4min 0
X k4_certs_4_pure.json.gz#123 7,256,284,44 [[7], [2, 8], [4, 5], [3, 6]] def 1 k 3 | t1=0 t2=1 t3p=0 t3h=0 t4=0 t4s2=0 | R13=0 R134=0 R134s2=0 RT=1 RT4=1 RT4s2=1 | t4min 0
X k4_certs_4_pure.json.gz#123 7,256,285,44 [[7], [2, 8], [4, 5], [3, 6]] def 1 k 3 | t1=0 t2=1 t3p=0 t3h=0 t4=0 t4s2=0 | R13=0 R134=0 R134s2=0 RT=1 RT4=1 RT4s2=1 | t4min 0
X k4_certs_4_pure.json.gz#123 7,256,286,44 [[7], [2, 8], [4, 5], [3, 6]] def 1 k 3 | t1=0 t2=1 t3p=0 t3h=0 t4=0 t4s2=0 | R13=0 R134=0 R134s2=0 RT=1 RT4=1 RT4s2=1 | t4min 0
X k4_certs_4_pure.json.gz#123 7,257,11,44 [[7], [2, 8], [4, 5], [3, 6]] def 1 k 3 | t1=0 t2=1 t3p=0 t3h=0 t4=0 t4s2=0 | R13=0 R134=0 R134s2=0 RT=1 RT4=1 RT4s2=1 | t4min 0
X k4_certs_4_pure.json.gz#123 7,257,13,44 [[7], [2, 8], [4, 5], [3, 6]] def 1 k 3 | t1=0 t2=1 t3p=0 t3h=0 t4=0 t4s2=0 | R13=0 R134=0 R134s2=0 RT=1 RT4=1 RT4s2=1 | t4min 0
X k4_certs_4_pure.json.gz#123 7,257,18,44 [[7], [2, 8], [4, 5], [3, 6]] def 1 k 3 | t1=0 t2=1 t3p=0 t3h=0 t4=0 t4s2=0 | R13=0 R134=0 R134s2=0 RT=1 RT4=1 RT4s2=1 | t4min 0
X k4_certs_4_pure.json.gz#123 7,257,25,44 [[7], [2, 8], [4, 5], [3, 6]] def 1 k 3 | t1=0 t2=1 t3p=0 t3h=0 t4=0 t4s2=0 | R13=0 R134=0 R134s2=0 RT=1 RT4=1 RT4s2=1 | t4min 0
X k4_certs_4_pure.json.gz#123 7,257,47,44 [[7], [2, 8], [4, 5], [3, 6]] def 1 k 3 | t1=0 t2=1 t3p=0 t3h=0 t4=0 t4s2=0 | R13=0 R134=0 R134s2=0 RT=1 RT4=1 RT4s2=1 | t4min 0
X k4_certs_4_pure.json.gz#123 7,257,50,44 [[7], [2, 8], [4, 5], [3, 6]] def 1 k 3 | t1=0 t2=1 t3p=0 t3h=0 t4=0 t4s2=0 | R13=0 R134=0 R134s2=0 RT=1 RT4=1 RT4s2=1 | t4min 0
X k4_certs_4_pure.json.gz#123 7,257,55,44 [[7], [2, 8], [4, 5], [3, 6]] def 1 k 3 | t1=0 t2=1 t3p=0 t3h=0 t4=0 t4s2=0 | R13=0 R134=0 R134s2=0 RT=1 RT4=1 RT4s2=1 | t4min 0
X k4_certs_4_pure.json.gz#123 7,257,67,44 [[7], [2, 8], [4, 5], [3, 6]] def 1 k 3 | t1=0 t2=1 t3p=0 t3h=0 t4=0 t4s2=0 | R13=0 R134=0 R134s2=0 RT=1 RT4=1 RT4s2=1 | t4min 0
X k4_certs_4_pure.json.gz#123 7,257,82,44 [[7], [2, 8], [4, 5], [3, 6]] def 1 k 3 | t1=0 t2=1 t3p=0 t3h=0 t4=0 t4s2=0 | R13=0 R134=0 R134s2=0 RT=1 RT4=1 RT4s2=1 | t4min 0
X k4_certs_4_pure.json.gz#123 7,257,89,44 [[7], [2, 8], [4, 5], [3, 6]] def 1 k 3 | t1=0 t2=1 t3p=0 t3h=0 t4=0 t4s2=0 | R13=0 R134=0 R134s2=0 RT=1 RT4=1 RT4s2=1 | t4min 0
X k4_certs_4_pure.json.gz#123 7,257,92,44 [[7], [2, 8], [4, 5], [3, 6]] def 1 k 3 | t1=0 t2=1 t3p=0 t3h=0 t4=0 t4s2=0 | R13=0 R134=0 R134s2=0 RT=1 RT4=1 RT4s2=1 | t4min 0
X k4_certs_4_pure.json.gz#123 7,257,95,44 [[7], [2, 8], [4, 5], [3, 6]] def 1 k 3 | t1=0 t2=1 t3p=0 t3h=0 t4=0 t4s2=0 | R13=0 R134=0 R134s2=0 RT=1 RT4=1 RT4s2=1 | t4min 0
X k4_certs_4_pure.json.gz#123 7,257,99,44 [[7], [2, 8], [4, 5], [3, 6]] def 1 k 3 | t1=0 t2=1 t3p=0 t3h=0 t4=0 t4s2=0 | R13=0 R134=0 R134s2=0 RT=1 RT4=1 RT4s2=1 | t4min 0
X k4_certs_4_pure.json.gz#123 7,257,100,44 [[7], [2, 8], [4, 5], [3, 6]] def 1 k 3 | t1=0 t2=1 t3p=0 t3h=0 t4=0 t4s2=0 | R13=0 R134=0 R134s2=0 RT=1 RT4=1 RT4s2=1 | t4min 0
X k4_certs_4_pure.json.gz#123 7,257,104,44 [[7], [2, 8], [4, 5], [3, 6]] def 1 k 3 | t1=0 t2=1 t3p=0 t3h=0 t4=0 t4s2=0 | R13=0 R134=0 R134s2=0 RT=1 RT4=1 RT4s2=1 | t4min 0
X k4_certs_4_pure.json.gz#123 7,257,114,44 [[7], [2, 8], [4, 5], [3, 6]] def 1 k 3 | t1=0 t2=1 t3p=0 t3h=0 t4=0 t4s2=0 | R13=0 R134=0 R134s2=0 RT=1 RT4=1 RT4s2=1 | t4min 0
X k4_certs_4_pure.json.gz#123 7,257,128,44 [[7], [2, 8], [4, 5], [3, 6]] def 1 k 3 | t1=0 t2=1 t3p=0 t3h=0 t4=0 t4s2=0 | R13=0 R134=0 R134s2=0 RT=1 RT4=1 RT4s2=1 | t4min 0
X k4_certs_4_pure.json.gz#123 7,257,131,44 [[7], [2, 8], [4, 5], [3, 6]] def 1 k 3 | t1=0 t2=1 t3p=0 t3h=0 t4=0 t4s2=0 | R13=0 R134=0 R134s2=0 RT=1 RT4=1 RT4s2=1 | t4min 0
X k4_certs_4_pure.json.gz#123 7,257,134,44 [[7], [2, 8], [4, 5], [3, 6]] def 1 k 3 | t1=0 t2=1 t3p=0 t3h=0 t4=0 t4s2=0 | R13=0 R134=0 R134s2=0 RT=1 RT4=1 RT4s2=1 | t4min 0
X k4_certs_4_pure.json.gz#123 7,257,135,44 [[7], [2, 8], [4, 5], [3, 6]] def 1 k 3 | t1=0 t2=1 t3p=0 t3h=0 t4=0 t4s2=0 | R13=0 R134=0 R134s2=0 RT=1 RT4=1 RT4s2=1 | t4min 0
X k4_certs_4_pure.json.gz#123 7,257,152,44 [[7], [2, 8], [4, 5], [3, 6]] def 1 k 3 | t1=0 t2=1 t3p=0 t3h=0 t4=0 t4s2=0 | R13=0 R134=0 R134s2=0 RT=1 RT4=1 RT4s2=1 | t4min 0
X k4_certs_4_pure.json.gz#123 7,257,155,44 [[7], [2, 8], [4, 5], [3, 6]] def 1 k 3 | t1=0 t2=1 t3p=0 t3h=0 t4=0 t4s2=0 | R13=0 R134=0 R134s2=0 RT=1 RT4=1 RT4s2=1 | t4min 0
X k4_certs_4_pure.json.gz#123 7,257,160,44 [[7], [2, 8], [4, 5], [3, 6]] def 1 k 3 | t1=0 t2=1 t3p=0 t3h=0 t4=0 t4s2=0 | R13=0 R134=0 R134s2=0 RT=1 RT4=1 RT4s2=1 | t4min 0
X k4_certs_4_pure.json.gz#123 7,257,165,44 [[7], [2, 8], [4, 5], [3, 6]] def 1 k 3 | t1=0 t2=1 t3p=0 t3h=0 t4=0 t4s2=0 | R13=0 R134=0 R134s2=0 RT=1 RT4=1 RT4s2=1 | t4min 0
X k4_certs_4_pure.json.gz#123 7,257,174,44 [[7], [2, 8], [4, 5], [3, 6]] def 1 k 3 | t1=0 t2=1 t3p=0 t3h=0 t4=0 t4s2=0 | R13=0 R134=0 R134s2=0 RT=1 RT4=1 RT4s2=1 | t4min 0
X k4_certs_4_pure.json.gz#123 7,257,192,44 [[7], [2, 8], [4, 5], [3, 6]] def 1 k 3 | t1=0 t2=1 t3p=0 t3h=0 t4=0 t4s2=0 | R13=0 R134=0 R134s2=0 RT=1 RT4=1 RT4s2=1 | t4min 0
X k4_certs_4_pure.json.gz#123 7,257,193,44 [[7], [2, 8], [4, 5], [3, 6]] def 1 k 3 | t1=0 t2=1 t3p=0 t3h=0 t4=0 t4s2=0 | R13=0 R134=0 R134s2=0 RT=1 RT4=1 RT4s2=1 | t4min 0
X k4_certs_4_pure.json.gz#123 7,257,198,44 [[7], [2, 8], [4, 5], [3, 6]] def 1 k 3 | t1=0 t2=1 t3p=0 t3h=0 t4=0 t4s2=0 | R13=0 R134=0 R134s2=0 RT=1 RT4=1 RT4s2=1 | t4min 0
X k4_certs_4_pure.json.gz#123 7,257,201,44 [[7], [2, 8], [4, 5], [3, 6]] def 1 k 3 | t1=0 t2=1 t3p=0 t3h=0 t4=0 t4s2=0 | R13=0 R134=0 R134s2=0 RT=1 RT4=1 RT4s2=1 | t4min 0
X k4_certs_4_pure.json.gz#123 7,257,217,44 [[7], [2, 8], [4, 5], [3, 6]] def 1 k 3 | t1=0 t2=1 t3p=0 t3h=0 t4=0 t4s2=0 | R13=0 R134=0 R134s2=0 RT=1 RT4=1 RT4s2=1 | t4min 0
X k4_certs_4_pure.json.gz#123 7,257,222,44 [[7], [2, 8], [4, 5], [3, 6]] def 1 k 3 | t1=0 t2=1 t3p=0 t3h=0 t4=0 t4s2=0 | R13=0 R134=0 R134s2=0 RT=1 RT4=1 RT4s2=1 | t4min 0
X k4_certs_4_pure.json.gz#123 7,257,233,44 [[7], [2, 8], [4, 5], [3, 6]] def 1 k 3 | t1=0 t2=1 t3p=0 t3h=0 t4=0 t4s2=0 | R13=0 R134=0 R134s2=0 RT=1 RT4=1 RT4s2=1 | t4min 0
X k4_certs_4_pure.json.gz#123 7,257,234,44 [[7], [2, 8], [4, 5], [3, 6]] def 1 k 3 | t1=0 t2=1 t3p=0 t3h=0 t4=0 t4s2=0 | R13=0 R134=0 R134s2=0 RT=1 RT4=1 RT4s2=1 | t4min 0
X k4_certs_4_pure.json.gz#123 7,257,236,44 [[7], [2, 8], [4, 5], [3, 6]] def 1 k 3 | t1=0 t2=1 t3p=0 t3h=0 t4=0 t4s2=0 | R13=0 R134=0 R134s2=0 RT=1 RT4=1 RT4s2=1 | t4min 0
X k4_certs_4_pure.json.gz#123 7,257,237,44 [[7], [2, 8], [4, 5], [3, 6]] def 1 k 3 | t1=0 t2=1 t3p=0 t3h=0 t4=0 t4s2=0 | R13=0 R134=0 R134s2=0 RT=1 RT4=1 RT4s2=1 | t4min 0
X k4_certs_4_pure.json.gz#123 7,257,241,44 [[7], [2, 8], [4, 5], [3, 6]] def 1 k 3 | t1=0 t2=1 t3p=0 t3h=0 t4=0 t4s2=0 | R13=0 R134=0 R134s2=0 RT=1 RT4=1 RT4s2=1 | t4min 0
X k4_certs_4_pure.json.gz#123 7,257,242,44 [[7], [2, 8], [4, 5], [3, 6]] def 1 k 3 | t1=0 t2=1 t3p=0 t3h=0 t4=0 t4s2=0 | R13=0 R134=0 R134s2=0 RT=1 RT4=1 RT4s2=1 | t4min 0
X k4_certs_4_pure.json.gz#123 7,257,243,44 [[7], [2, 8], [4, 5], [3, 6]] def 1 k 3 | t1=0 t2=1 t3p=0 t3h=0 t4=0 t4s2=0 | R13=0 R134=0 R134s2=0 RT=1 RT4=1 RT4s2=1 | t4min 0
X k4_certs_4_pure.json.gz#123 7,257,245,44 [[7], [2, 8], [4, 5], [3, 6]] def 1 k 3 | t1=0 t2=1 t3p=0 t3h=0 t4=0 t4s2=0 | R13=0 R134=0 R134s2=0 RT=1 RT4=1 RT4s2=1 | t4min 0
X k4_certs_4_pure.json.gz#123 7,257,248,44 [[7], [2, 8], [4, 5], [3, 6]] def 1 k 3 | t1=0 t2=1 t3p=0 t3h=0 t4=0 t4s2=0 | R13=0 R134=0 R134s2=0 RT=1 RT4=1 RT4s2=1 | t4min 0
X k4_certs_4_pure.json.gz#123 7,257,249,44 [[7], [2, 8], [4, 5], [3, 6]] def 1 k 3 | t1=0 t2=1 t3p=0 t3h=0 t4=0 t4s2=0 | R13=0 R134=0 R134s2=0 RT=1 RT4=1 RT4s2=1 | t4min 0
X k4_certs_4_pure.json.gz#123 7,257,250,44 [[7], [2, 8], [4, 5], [3, 6]] def 1 k 3 | t1=0 t2=1 t3p=0 t3h=0 t4=0 t4s2=0 | R13=0 R134=0 R134s2=0 RT=1 RT4=1 RT4s2=1 | t4min 0
X k4_certs_4_pure.json.gz#123 7,257,252,44 [[7], [2, 8], [4, 5], [3, 6]] def 1 k 3 | t1=0 t2=1 t3p=0 t3h=0 t4=0 t4s2=0 | R13=0 R134=0 R134s2=0 RT=1 RT4=1 RT4s2=1 | t4min 0
X k4_certs_4_pure.json.gz#123 7,257,268,44 [[7], [2, 8], [4, 5], [3, 6]] def 1 k 3 | t1=0 t2=1 t3p=0 t3h=0 t4=0 t4s2=0 | R13=0 R134=0 R134s2=0 RT=1 RT4=1 RT4s2=1 | t4min 0
X k4_certs_4_pure.json.gz#123 7,257,269,44 [[7], [2, 8], [4, 5], [3, 6]] def 1 k 3 | t1=0 t2=1 t3p=0 t3h=0 t4=0 t4s2=0 | R13=0 R134=0 R134s2=0 RT=1 RT4=1 RT4s2=1 | t4min 0
X k4_certs_4_pure.json.gz#123 7,257,272,44 [[7], [2, 8], [4, 5], [3, 6]] def 1 k 3 | t1=0 t2=1 t3p=0 t3h=0 t4=0 t4s2=0 | R13=0 R134=0 R134s2=0 RT=1 RT4=1 RT4s2=1 | t4min 0
X k4_certs_4_pure.json.gz#123 7,257,273,44 [[7], [2, 8], [4, 5], [3, 6]] def 1 k 3 | t1=0 t2=1 t3p=0 t3h=0 t4=0 t4s2=0 | R13=0 R134=0 R134s2=0 RT=1 RT4=1 RT4s2=1 | t4min 0
X k4_certs_4_pure.json.gz#123 7,257,282,44 [[7], [2, 8], [4, 5], [3, 6]] def 1 k 3 | t1=0 t2=1 t3p=0 t3h=0 t4=0 t4s2=0 | R13=0 R134=0 R134s2=0 RT=1 RT4=1 RT4s2=1 | t4min 0
X k4_certs_4_pure.json.gz#123 7,257,284,44 [[7], [2, 8], [4, 5], [3, 6]] def 1 k 3 | t1=0 t2=1 t3p=0 t3h=0 t4=0 t4s2=0 | R13=0 R134=0 R134s2=0 RT=1 RT4=1 RT4s2=1 | t4min 0
X k4_certs_4_pure.json.gz#123 7,257,285,44 [[7], [2, 8], [4, 5], [3, 6]] def 1 k 3 | t1=0 t2=1 t3p=0 t3h=0 t4=0 t4s2=0 | R13=0 R134=0 R134s2=0 RT=1 RT4=1 RT4s2=1 | t4min 0
X k4_certs_4_pure.json.gz#123 7,257,286,44 [[7], [2, 8], [4, 5], [3, 6]] def 1 k 3 | t1=0 t2=1 t3p=0 t3h=0 t4=0 t4s2=0 | R13=0 R134=0 R134s2=0 RT=1 RT4=1 RT4s2=1 | t4min 0
X k4_certs_4_pure.json.gz#123 7,278,11,44 [[7], [2, 8], [4, 5], [3, 6]] def 1 k 2 | t1=0 t2=1 t3p=0 t3h=0 t4=0 t4s2=0 | R13=0 R134=0 R134s2=0 RT=1 RT4=1 RT4s2=1 | t4min 0
X k4_certs_4_pure.json.gz#123 7,278,13,44 [[7], [2, 8], [4, 5], [3, 6]] def 1 k 2 | t1=0 t2=1 t3p=0 t3h=0 t4=0 t4s2=0 | R13=0 R134=0 R134s2=0 RT=1 RT4=1 RT4s2=1 | t4min 0
X k4_certs_4_pure.json.gz#123 7,278,18,44 [[7], [2, 8], [4, 5], [3, 6]] def 1 k 2 | t1=0 t2=1 t3p=0 t3h=0 t4=0 t4s2=0 | R13=0 R134=0 R134s2=0 RT=1 RT4=1 RT4s2=1 | t4min 0
X k4_certs_4_pure.json.gz#123 7,278,25,44 [[7], [2, 8], [4, 5], [3, 6]] def 1 k 2 | t1=0 t2=1 t3p=0 t3h=0 t4=0 t4s2=0 | R13=0 R134=0 R134s2=0 RT=1 RT4=1 RT4s2=1 | t4min 0
X k4_certs_4_pure.json.gz#123 7,278,47,44 [[7], [2, 8], [4, 5], [3, 6]] def 1 k 2 | t1=0 t2=1 t3p=0 t3h=0 t4=0 t4s2=0 | R13=0 R134=0 R134s2=0 RT=1 RT4=1 RT4s2=1 | t4min 0
X k4_certs_4_pure.json.gz#123 7,278,50,44 [[7], [2, 8], [4, 5], [3, 6]] def 1 k 2 | t1=0 t2=1 t3p=0 t3h=0 t4=0 t4s2=0 | R13=0 R134=0 R134s2=0 RT=1 RT4=1 RT4s2=1 | t4min 0
X k4_certs_4_pure.json.gz#123 7,278,55,44 [[7], [2, 8], [4, 5], [3, 6]] def 1 k 2 | t1=0 t2=1 t3p=0 t3h=0 t4=0 t4s2=0 | R13=0 R134=0 R134s2=0 RT=1 RT4=1 RT4s2=1 | t4min 0
X k4_certs_4_pure.json.gz#123 7,278,67,44 [[7], [2, 8], [4, 5], [3, 6]] def 1 k 2 | t1=0 t2=1 t3p=0 t3h=0 t4=0 t4s2=0 | R13=0 R134=0 R134s2=0 RT=1 RT4=1 RT4s2=1 | t4min 0
X k4_certs_4_pure.json.gz#123 7,278,82,44 [[7], [2, 8], [4, 5], [3, 6]] def 1 k 2 | t1=0 t2=1 t3p=0 t3h=0 t4=0 t4s2=0 | R13=0 R134=0 R134s2=0 RT=1 RT4=1 RT4s2=1 | t4min 0
X k4_certs_4_pure.json.gz#123 7,278,89,44 [[7], [2, 8], [4, 5], [3, 6]] def 1 k 2 | t1=0 t2=1 t3p=0 t3h=0 t4=0 t4s2=0 | R13=0 R134=0 R134s2=0 RT=1 RT4=1 RT4s2=1 | t4min 0
X k4_certs_4_pure.json.gz#123 7,278,92,44 [[7], [2, 8], [4, 5], [3, 6]] def 1 k 2 | t1=0 t2=1 t3p=0 t3h=0 t4=0 t4s2=0 | R13=0 R134=0 R134s2=0 RT=1 RT4=1 RT4s2=1 | t4min 0
X k4_certs_4_pure.json.gz#123 7,278,95,44 [[7], [2, 8], [4, 5], [3, 6]] def 1 k 2 | t1=0 t2=1 t3p=0 t3h=0 t4=0 t4s2=0 | R13=0 R134=0 R134s2=0 RT=1 RT4=1 RT4s2=1 | t4min 0
X k4_certs_4_pure.json.gz#123 7,278,99,44 [[7], [2, 8], [4, 5], [3, 6]] def 1 k 2 | t1=0 t2=1 t3p=0 t3h=0 t4=0 t4s2=0 | R13=0 R134=0 R134s2=0 RT=1 RT4=1 RT4s2=1 | t4min 0
X k4_certs_4_pure.json.gz#123 7,278,100,44 [[7], [2, 8], [4, 5], [3, 6]] def 1 k 2 | t1=0 t2=1 t3p=0 t3h=0 t4=0 t4s2=0 | R13=0 R134=0 R134s2=0 RT=1 RT4=1 RT4s2=1 | t4min 0
X k4_certs_4_pure.json.gz#123 7,278,104,44 [[7], [2, 8], [4, 5], [3, 6]] def 1 k 2 | t1=0 t2=1 t3p=0 t3h=0 t4=0 t4s2=0 | R13=0 R134=0 R134s2=0 RT=1 RT4=1 RT4s2=1 | t4min 0
X k4_certs_4_pure.json.gz#123 7,278,114,44 [[7], [2, 8], [4, 5], [3, 6]] def 1 k 2 | t1=0 t2=1 t3p=0 t3h=0 t4=0 t4s2=0 | R13=0 R134=0 R134s2=0 RT=1 RT4=1 RT4s2=1 | t4min 0
X k4_certs_4_pure.json.gz#123 7,278,128,44 [[7], [2, 8], [4, 5], [3, 6]] def 1 k 2 | t1=0 t2=1 t3p=0 t3h=0 t4=0 t4s2=0 | R13=0 R134=0 R134s2=0 RT=1 RT4=1 RT4s2=1 | t4min 0
X k4_certs_4_pure.json.gz#123 7,278,131,44 [[7], [2, 8], [4, 5], [3, 6]] def 1 k 2 | t1=0 t2=1 t3p=0 t3h=0 t4=0 t4s2=0 | R13=0 R134=0 R134s2=0 RT=1 RT4=1 RT4s2=1 | t4min 0
X k4_certs_4_pure.json.gz#123 7,278,134,44 [[7], [2, 8], [4, 5], [3, 6]] def 1 k 2 | t1=0 t2=1 t3p=0 t3h=0 t4=0 t4s2=0 | R13=0 R134=0 R134s2=0 RT=1 RT4=1 RT4s2=1 | t4min 0
X k4_certs_4_pure.json.gz#123 7,278,135,44 [[7], [2, 8], [4, 5], [3, 6]] def 1 k 2 | t1=0 t2=1 t3p=0 t3h=0 t4=0 t4s2=0 | R13=0 R134=0 R134s2=0 RT=1 RT4=1 RT4s2=1 | t4min 0
X k4_certs_4_pure.json.gz#123 7,278,152,44 [[7], [2, 8], [4, 5], [3, 6]] def 1 k 2 | t1=0 t2=1 t3p=0 t3h=0 t4=0 t4s2=0 | R13=0 R134=0 R134s2=0 RT=1 RT4=1 RT4s2=1 | t4min 0
X k4_certs_4_pure.json.gz#123 7,278,155,44 [[7], [2, 8], [4, 5], [3, 6]] def 1 k 2 | t1=0 t2=1 t3p=0 t3h=0 t4=0 t4s2=0 | R13=0 R134=0 R134s2=0 RT=1 RT4=1 RT4s2=1 | t4min 0
X k4_certs_4_pure.json.gz#123 7,278,160,44 [[7], [2, 8], [4, 5], [3, 6]] def 1 k 2 | t1=0 t2=1 t3p=0 t3h=0 t4=0 t4s2=0 | R13=0 R134=0 R134s2=0 RT=1 RT4=1 RT4s2=1 | t4min 0
X k4_certs_4_pure.json.gz#123 7,278,165,44 [[7], [2, 8], [4, 5], [3, 6]] def 1 k 2 | t1=0 t2=1 t3p=0 t3h=0 t4=0 t4s2=0 | R13=0 R134=0 R134s2=0 RT=1 RT4=1 RT4s2=1 | t4min 0
X k4_certs_4_pure.json.gz#123 7,278,174,44 [[7], [2, 8], [4, 5], [3, 6]] def 1 k 2 | t1=0 t2=1 t3p=0 t3h=0 t4=0 t4s2=0 | R13=0 R134=0 R134s2=0 RT=1 RT4=1 RT4s2=1 | t4min 0
X k4_certs_4_pure.json.gz#123 7,278,192,44 [[7], [2, 8], [4, 5], [3, 6]] def 1 k 2 | t1=0 t2=1 t3p=0 t3h=0 t4=0 t4s2=0 | R13=0 R134=0 R134s2=0 RT=1 RT4=1 RT4s2=1 | t4min 0
X k4_certs_4_pure.json.gz#123 7,278,193,44 [[7], [2, 8], [4, 5], [3, 6]] def 1 k 2 | t1=0 t2=1 t3p=0 t3h=0 t4=0 t4s2=0 | R13=0 R134=0 R134s2=0 RT=1 RT4=1 RT4s2=1 | t4min 0
X k4_certs_4_pure.json.gz#123 7,278,198,44 [[7], [2, 8], [4, 5], [3, 6]] def 1 k 2 | t1=0 t2=1 t3p=0 t3h=0 t4=0 t4s2=0 | R13=0 R134=0 R134s2=0 RT=1 RT4=1 RT4s2=1 | t4min 0
X k4_certs_4_pure.json.gz#123 7,278,201,44 [[7], [2, 8], [4, 5], [3, 6]] def 1 k 2 | t1=0 t2=1 t3p=0 t3h=0 t4=0 t4s2=0 | R13=0 R134=0 R134s2=0 RT=1 RT4=1 RT4s2=1 | t4min 0
X k4_certs_4_pure.json.gz#123 7,278,217,44 [[7], [2, 8], [4, 5], [3, 6]] def 1 k 2 | t1=0 t2=1 t3p=0 t3h=0 t4=0 t4s2=0 | R13=0 R134=0 R134s2=0 RT=1 RT4=1 RT4s2=1 | t4min 0
X k4_certs_4_pure.json.gz#123 7,278,222,44 [[7], [2, 8], [4, 5], [3, 6]] def 1 k 2 | t1=0 t2=1 t3p=0 t3h=0 t4=0 t4s2=0 | R13=0 R134=0 R134s2=0 RT=1 RT4=1 RT4s2=1 | t4min 0
X k4_certs_4_pure.json.gz#123 7,278,233,44 [[7], [2, 8], [4, 5], [3, 6]] def 1 k 2 | t1=0 t2=1 t3p=0 t3h=0 t4=0 t4s2=0 | R13=0 R134=0 R134s2=0 RT=1 RT4=1 RT4s2=1 | t4min 0
X k4_certs_4_pure.json.gz#123 7,278,234,44 [[7], [2, 8], [4, 5], [3, 6]] def 1 k 2 | t1=0 t2=1 t3p=0 t3h=0 t4=0 t4s2=0 | R13=0 R134=0 R134s2=0 RT=1 RT4=1 RT4s2=1 | t4min 0
X k4_certs_4_pure.json.gz#123 7,278,236,44 [[7], [2, 8], [4, 5], [3, 6]] def 1 k 2 | t1=0 t2=1 t3p=0 t3h=0 t4=0 t4s2=0 | R13=0 R134=0 R134s2=0 RT=1 RT4=1 RT4s2=1 | t4min 0
X k4_certs_4_pure.json.gz#123 7,278,237,44 [[7], [2, 8], [4, 5], [3, 6]] def 1 k 2 | t1=0 t2=1 t3p=0 t3h=0 t4=0 t4s2=0 | R13=0 R134=0 R134s2=0 RT=1 RT4=1 RT4s2=1 | t4min 0
X k4_certs_4_pure.json.gz#123 7,278,241,44 [[7], [2, 8], [4, 5], [3, 6]] def 1 k 2 | t1=0 t2=1 t3p=0 t3h=0 t4=0 t4s2=0 | R13=0 R134=0 R134s2=0 RT=1 RT4=1 RT4s2=1 | t4min 0
X k4_certs_4_pure.json.gz#123 7,278,242,44 [[7], [2, 8], [4, 5], [3, 6]] def 1 k 2 | t1=0 t2=1 t3p=0 t3h=0 t4=0 t4s2=0 | R13=0 R134=0 R134s2=0 RT=1 RT4=1 RT4s2=1 | t4min 0
X k4_certs_4_pure.json.gz#123 7,278,243,44 [[7], [2, 8], [4, 5], [3, 6]] def 1 k 2 | t1=0 t2=1 t3p=0 t3h=0 t4=0 t4s2=0 | R13=0 R134=0 R134s2=0 RT=1 RT4=1 RT4s2=1 | t4min 0
X k4_certs_4_pure.json.gz#123 7,278,245,44 [[7], [2, 8], [4, 5], [3, 6]] def 1 k 2 | t1=0 t2=1 t3p=0 t3h=0 t4=0 t4s2=0 | R13=0 R134=0 R134s2=0 RT=1 RT4=1 RT4s2=1 | t4min 0
X k4_certs_4_pure.json.gz#123 7,278,248,44 [[7], [2, 8], [4, 5], [3, 6]] def 1 k 2 | t1=0 t2=1 t3p=0 t3h=0 t4=0 t4s2=0 | R13=0 R134=0 R134s2=0 RT=1 RT4=1 RT4s2=1 | t4min 0
X k4_certs_4_pure.json.gz#123 7,278,249,44 [[7], [2, 8], [4, 5], [3, 6]] def 1 k 2 | t1=0 t2=1 t3p=0 t3h=0 t4=0 t4s2=0 | R13=0 R134=0 R134s2=0 RT=1 RT4=1 RT4s2=1 | t4min 0
X k4_certs_4_pure.json.gz#123 7,278,250,44 [[7], [2, 8], [4, 5], [3, 6]] def 1 k 2 | t1=0 t2=1 t3p=0 t3h=0 t4=0 t4s2=0 | R13=0 R134=0 R134s2=0 RT=1 RT4=1 RT4s2=1 | t4min 0
X k4_certs_4_pure.json.gz#123 7,278,252,44 [[7], [2, 8], [4, 5], [3, 6]] def 1 k 2 | t1=0 t2=1 t3p=0 t3h=0 t4=0 t4s2=0 | R13=0 R134=0 R134s2=0 RT=1 RT4=1 RT4s2=1 | t4min 0
X k4_certs_4_pure.json.gz#123 7,278,268,44 [[7], [2, 8], [4, 5], [3, 6]] def 1 k 2 | t1=0 t2=1 t3p=0 t3h=0 t4=0 t4s2=0 | R13=0 R134=0 R134s2=0 RT=1 RT4=1 RT4s2=1 | t4min 0
X k4_certs_4_pure.json.gz#123 7,278,269,44 [[7], [2, 8], [4, 5], [3, 6]] def 1 k 2 | t1=0 t2=1 t3p=0 t3h=0 t4=0 t4s2=0 | R13=0 R134=0 R134s2=0 RT=1 RT4=1 RT4s2=1 | t4min 0
X k4_certs_4_pure.json.gz#123 7,278,272,44 [[7], [2, 8], [4, 5], [3, 6]] def 1 k 2 | t1=0 t2=1 t3p=0 t3h=0 t4=0 t4s2=0 | R13=0 R134=0 R134s2=0 RT=1 RT4=1 RT4s2=1 | t4min 0
X k4_certs_4_pure.json.gz#123 7,278,273,44 [[7], [2, 8], [4, 5], [3, 6]] def 1 k 2 | t1=0 t2=1 t3p=0 t3h=0 t4=0 t4s2=0 | R13=0 R134=0 R134s2=0 RT=1 RT4=1 RT4s2=1 | t4min 0
X k4_certs_4_pure.json.gz#123 7,278,282,44 [[7], [2, 8], [4, 5], [3, 6]] def 1 k 2 | t1=0 t2=1 t3p=0 t3h=0 t4=0 t4s2=0 | R13=0 R134=0 R134s2=0 RT=1 RT4=1 RT4s2=1 | t4min 0
X k4_certs_4_pure.json.gz#123 7,278,284,44 [[7], [2, 8], [4, 5], [3, 6]] def 1 k 2 | t1=0 t2=1 t3p=0 t3h=0 t4=0 t4s2=0 | R13=0 R134=0 R134s2=0 RT=1 RT4=1 RT4s2=1 | t4min 0
X k4_certs_4_pure.json.gz#123 7,278,285,44 [[7], [2, 8], [4, 5], [3, 6]] def 1 k 2 | t1=0 t2=1 t3p=0 t3h=0 t4=0 t4s2=0 | R13=0 R134=0 R134s2=0 RT=1 RT4=1 RT4s2=1 | t4min 0
X k4_certs_4_pure.json.gz#123 7,278,286,44 [[7], [2, 8], [4, 5], [3, 6]] def 1 k 2 | t1=0 t2=1 t3p=0 t3h=0 t4=0 t4s2=0 | R13=0 R134=0 R134s2=0 RT=1 RT4=1 RT4s2=1 | t4min 0
X k4_certs_4_pure.json.gz#123 7,279,11,44 [[7], [2, 8], [4, 5], [3, 6]] def 1 k 2 | t1=0 t2=1 t3p=0 t3h=0 t4=0 t4s2=0 | R13=0 R134=0 R134s2=0 RT=1 RT4=1 RT4s2=1 | t4min 0
X k4_certs_4_pure.json.gz#123 7,279,13,44 [[7], [2, 8], [4, 5], [3, 6]] def 1 k 2 | t1=0 t2=1 t3p=0 t3h=0 t4=0 t4s2=0 | R13=0 R134=0 R134s2=0 RT=1 RT4=1 RT4s2=1 | t4min 0
X k4_certs_4_pure.json.gz#123 7,279,18,44 [[7], [2, 8], [4, 5], [3, 6]] def 1 k 2 | t1=0 t2=1 t3p=0 t3h=0 t4=0 t4s2=0 | R13=0 R134=0 R134s2=0 RT=1 RT4=1 RT4s2=1 | t4min 0
X k4_certs_4_pure.json.gz#123 7,279,25,44 [[7], [2, 8], [4, 5], [3, 6]] def 1 k 2 | t1=0 t2=1 t3p=0 t3h=0 t4=0 t4s2=0 | R13=0 R134=0 R134s2=0 RT=1 RT4=1 RT4s2=1 | t4min 0
X k4_certs_4_pure.json.gz#123 7,279,47,44 [[7], [2, 8], [4, 5], [3, 6]] def 1 k 2 | t1=0 t2=1 t3p=0 t3h=0 t4=0 t4s2=0 | R13=0 R134=0 R134s2=0 RT=1 RT4=1 RT4s2=1 | t4min 0
X k4_certs_4_pure.json.gz#123 7,279,50,44 [[7], [2, 8], [4, 5], [3, 6]] def 1 k 2 | t1=0 t2=1 t3p=0 t3h=0 t4=0 t4s2=0 | R13=0 R134=0 R134s2=0 RT=1 RT4=1 RT4s2=1 | t4min 0
X k4_certs_4_pure.json.gz#123 7,279,55,44 [[7], [2, 8], [4, 5], [3, 6]] def 1 k 2 | t1=0 t2=1 t3p=0 t3h=0 t4=0 t4s2=0 | R13=0 R134=0 R134s2=0 RT=1 RT4=1 RT4s2=1 | t4min 0
X k4_certs_4_pure.json.gz#123 7,279,67,44 [[7], [2, 8], [4, 5], [3, 6]] def 1 k 2 | t1=0 t2=1 t3p=0 t3h=0 t4=0 t4s2=0 | R13=0 R134=0 R134s2=0 RT=1 RT4=1 RT4s2=1 | t4min 0
X k4_certs_4_pure.json.gz#123 7,279,82,44 [[7], [2, 8], [4, 5], [3, 6]] def 1 k 2 | t1=0 t2=1 t3p=0 t3h=0 t4=0 t4s2=0 | R13=0 R134=0 R134s2=0 RT=1 RT4=1 RT4s2=1 | t4min 0
X k4_certs_4_pure.json.gz#123 7,279,89,44 [[7], [2, 8], [4, 5], [3, 6]] def 1 k 2 | t1=0 t2=1 t3p=0 t3h=0 t4=0 t4s2=0 | R13=0 R134=0 R134s2=0 RT=1 RT4=1 RT4s2=1 | t4min 0
X k4_certs_4_pure.json.gz#123 7,279,92,44 [[7], [2, 8], [4, 5], [3, 6]] def 1 k 2 | t1=0 t2=1 t3p=0 t3h=0 t4=0 t4s2=0 | R13=0 R134=0 R134s2=0 RT=1 RT4=1 RT4s2=1 | t4min 0
X k4_certs_4_pure.json.gz#123 7,279,95,44 [[7], [2, 8], [4, 5], [3, 6]] def 1 k 2 | t1=0 t2=1 t3p=0 t3h=0 t4=0 t4s2=0 | R13=0 R134=0 R134s2=0 RT=1 RT4=1 RT4s2=1 | t4min 0
X k4_certs_4_pure.json.gz#123 7,279,99,44 [[7], [2, 8], [4, 5], [3, 6]] def 1 k 2 | t1=0 t2=1 t3p=0 t3h=0 t4=0 t4s2=0 | R13=0 R134=0 R134s2=0 RT=1 RT4=1 RT4s2=1 | t4min 0
X k4_certs_4_pure.json.gz#123 7,279,100,44 [[7], [2, 8], [4, 5], [3, 6]] def 1 k 2 | t1=0 t2=1 t3p=0 t3h=0 t4=0 t4s2=0 | R13=0 R134=0 R134s2=0 RT=1 RT4=1 RT4s2=1 | t4min 0
X k4_certs_4_pure.json.gz#123 7,279,104,44 [[7], [2, 8], [4, 5], [3, 6]] def 1 k 2 | t1=0 t2=1 t3p=0 t3h=0 t4=0 t4s2=0 | R13=0 R134=0 R134s2=0 RT=1 RT4=1 RT4s2=1 | t4min 0
X k4_certs_4_pure.json.gz#123 7,279,114,44 [[7], [2, 8], [4, 5], [3, 6]] def 1 k 2 | t1=0 t2=1 t3p=0 t3h=0 t4=0 t4s2=0 | R13=0 R134=0 R134s2=0 RT=1 RT4=1 RT4s2=1 | t4min 0
X k4_certs_4_pure.json.gz#123 7,279,128,44 [[7], [2, 8], [4, 5], [3, 6]] def 1 k 2 | t1=0 t2=1 t3p=0 t3h=0 t4=0 t4s2=0 | R13=0 R134=0 R134s2=0 RT=1 RT4=1 RT4s2=1 | t4min 0
X k4_certs_4_pure.json.gz#123 7,279,131,44 [[7], [2, 8], [4, 5], [3, 6]] def 1 k 2 | t1=0 t2=1 t3p=0 t3h=0 t4=0 t4s2=0 | R13=0 R134=0 R134s2=0 RT=1 RT4=1 RT4s2=1 | t4min 0
X k4_certs_4_pure.json.gz#123 7,279,134,44 [[7], [2, 8], [4, 5], [3, 6]] def 1 k 2 | t1=0 t2=1 t3p=0 t3h=0 t4=0 t4s2=0 | R13=0 R134=0 R134s2=0 RT=1 RT4=1 RT4s2=1 | t4min 0
X k4_certs_4_pure.json.gz#123 7,279,135,44 [[7], [2, 8], [4, 5], [3, 6]] def 1 k 2 | t1=0 t2=1 t3p=0 t3h=0 t4=0 t4s2=0 | R13=0 R134=0 R134s2=0 RT=1 RT4=1 RT4s2=1 | t4min 0
X k4_certs_4_pure.json.gz#123 7,279,152,44 [[7], [2, 8], [4, 5], [3, 6]] def 1 k 2 | t1=0 t2=1 t3p=0 t3h=0 t4=0 t4s2=0 | R13=0 R134=0 R134s2=0 RT=1 RT4=1 RT4s2=1 | t4min 0
X k4_certs_4_pure.json.gz#123 7,279,155,44 [[7], [2, 8], [4, 5], [3, 6]] def 1 k 2 | t1=0 t2=1 t3p=0 t3h=0 t4=0 t4s2=0 | R13=0 R134=0 R134s2=0 RT=1 RT4=1 RT4s2=1 | t4min 0
X k4_certs_4_pure.json.gz#123 7,279,160,44 [[7], [2, 8], [4, 5], [3, 6]] def 1 k 2 | t1=0 t2=1 t3p=0 t3h=0 t4=0 t4s2=0 | R13=0 R134=0 R134s2=0 RT=1 RT4=1 RT4s2=1 | t4min 0
X k4_certs_4_pure.json.gz#123 7,279,165,44 [[7], [2, 8], [4, 5], [3, 6]] def 1 k 2 | t1=0 t2=1 t3p=0 t3h=0 t4=0 t4s2=0 | R13=0 R134=0 R134s2=0 RT=1 RT4=1 RT4s2=1 | t4min 0
X k4_certs_4_pure.json.gz#123 7,279,174,44 [[7], [2, 8], [4, 5], [3, 6]] def 1 k 2 | t1=0 t2=1 t3p=0 t3h=0 t4=0 t4s2=0 | R13=0 R134=0 R134s2=0 RT=1 RT4=1 RT4s2=1 | t4min 0
X k4_certs_4_pure.json.gz#123 7,279,192,44 [[7], [2, 8], [4, 5], [3, 6]] def 1 k 2 | t1=0 t2=1 t3p=0 t3h=0 t4=0 t4s2=0 | R13=0 R134=0 R134s2=0 RT=1 RT4=1 RT4s2=1 | t4min 0
X k4_certs_4_pure.json.gz#123 7,279,193,44 [[7], [2, 8], [4, 5], [3, 6]] def 1 k 2 | t1=0 t2=1 t3p=0 t3h=0 t4=0 t4s2=0 | R13=0 R134=0 R134s2=0 RT=1 RT4=1 RT4s2=1 | t4min 0
X k4_certs_4_pure.json.gz#123 7,279,198,44 [[7], [2, 8], [4, 5], [3, 6]] def 1 k 2 | t1=0 t2=1 t3p=0 t3h=0 t4=0 t4s2=0 | R13=0 R134=0 R134s2=0 RT=1 RT4=1 RT4s2=1 | t4min 0
X k4_certs_4_pure.json.gz#123 7,279,201,44 [[7], [2, 8], [4, 5], [3, 6]] def 1 k 2 | t1=0 t2=1 t3p=0 t3h=0 t4=0 t4s2=0 | R13=0 R134=0 R134s2=0 RT=1 RT4=1 RT4s2=1 | t4min 0
X k4_certs_4_pure.json.gz#123 7,279,217,44 [[7], [2, 8], [4, 5], [3, 6]] def 1 k 2 | t1=0 t2=1 t3p=0 t3h=0 t4=0 t4s2=0 | R13=0 R134=0 R134s2=0 RT=1 RT4=1 RT4s2=1 | t4min 0
X k4_certs_4_pure.json.gz#123 7,279,222,44 [[7], [2, 8], [4, 5], [3, 6]] def 1 k 2 | t1=0 t2=1 t3p=0 t3h=0 t4=0 t4s2=0 | R13=0 R134=0 R134s2=0 RT=1 RT4=1 RT4s2=1 | t4min 0
X k4_certs_4_pure.json.gz#123 7,279,233,44 [[7], [2, 8], [4, 5], [3, 6]] def 1 k 2 | t1=0 t2=1 t3p=0 t3h=0 t4=0 t4s2=0 | R13=0 R134=0 R134s2=0 RT=1 RT4=1 RT4s2=1 | t4min 0
X k4_certs_4_pure.json.gz#123 7,279,234,44 [[7], [2, 8], [4, 5], [3, 6]] def 1 k 2 | t1=0 t2=1 t3p=0 t3h=0 t4=0 t4s2=0 | R13=0 R134=0 R134s2=0 RT=1 RT4=1 RT4s2=1 | t4min 0
X k4_certs_4_pure.json.gz#123 7,279,236,44 [[7], [2, 8], [4, 5], [3, 6]] def 1 k 2 | t1=0 t2=1 t3p=0 t3h=0 t4=0 t4s2=0 | R13=0 R134=0 R134s2=0 RT=1 RT4=1 RT4s2=1 | t4min 0
X k4_certs_4_pure.json.gz#123 7,279,237,44 [[7], [2, 8], [4, 5], [3, 6]] def 1 k 2 | t1=0 t2=1 t3p=0 t3h=0 t4=0 t4s2=0 | R13=0 R134=0 R134s2=0 RT=1 RT4=1 RT4s2=1 | t4min 0
X k4_certs_4_pure.json.gz#123 7,279,241,44 [[7], [2, 8], [4, 5], [3, 6]] def 1 k 2 | t1=0 t2=1 t3p=0 t3h=0 t4=0 t4s2=0 | R13=0 R134=0 R134s2=0 RT=1 RT4=1 RT4s2=1 | t4min 0
X k4_certs_4_pure.json.gz#123 7,279,242,44 [[7], [2, 8], [4, 5], [3, 6]] def 1 k 2 | t1=0 t2=1 t3p=0 t3h=0 t4=0 t4s2=0 | R13=0 R134=0 R134s2=0 RT=1 RT4=1 RT4s2=1 | t4min 0
X k4_certs_4_pure.json.gz#123 7,279,243,44 [[7], [2, 8], [4, 5], [3, 6]] def 1 k 2 | t1=0 t2=1 t3p=0 t3h=0 t4=0 t4s2=0 | R13=0 R134=0 R134s2=0 RT=1 RT4=1 RT4s2=1 | t4min 0
X k4_certs_4_pure.json.gz#123 7,279,245,44 [[7], [2, 8], [4, 5], [3, 6]] def 1 k 2 | t1=0 t2=1 t3p=0 t3h=0 t4=0 t4s2=0 | R13=0 R134=0 R134s2=0 RT=1 RT4=1 RT4s2=1 | t4min 0
X k4_certs_4_pure.json.gz#123 7,279,248,44 [[7], [2, 8], [4, 5], [3, 6]] def 1 k 2 | t1=0 t2=1 t3p=0 t3h=0 t4=0 t4s2=0 | R13=0 R134=0 R134s2=0 RT=1 RT4=1 RT4s2=1 | t4min 0
X k4_certs_4_pure.json.gz#123 7,279,249,44 [[7], [2, 8], [4, 5], [3, 6]] def 1 k 2 | t1=0 t2=1 t3p=0 t3h=0 t4=0 t4s2=0 | R13=0 R134=0 R134s2=0 RT=1 RT4=1 RT4s2=1 | t4min 0
X k4_certs_4_pure.json.gz#123 7,279,250,44 [[7], [2, 8], [4, 5], [3, 6]] def 1 k 2 | t1=0 t2=1 t3p=0 t3h=0 t4=0 t4s2=0 | R13=0 R134=0 R134s2=0 RT=1 RT4=1 RT4s2=1 | t4min 0
X k4_certs_4_pure.json.gz#123 7,279,252,44 [[7], [2, 8], [4, 5], [3, 6]] def 1 k 2 | t1=0 t2=1 t3p=0 t3h=0 t4=0 t4s2=0 | R13=0 R134=0 R134s2=0 RT=1 RT4=1 RT4s2=1 | t4min 0
X k4_certs_4_pure.json.gz#123 7,279,268,44 [[7], [2, 8], [4, 5], [3, 6]] def 1 k 2 | t1=0 t2=1 t3p=0 t3h=0 t4=0 t4s2=0 | R13=0 R134=0 R134s2=0 RT=1 RT4=1 RT4s2=1 | t4min 0
X k4_certs_4_pure.json.gz#123 7,279,269,44 [[7], [2, 8], [4, 5], [3, 6]] def 1 k 2 | t1=0 t2=1 t3p=0 t3h=0 t4=0 t4s2=0 | R13=0 R134=0 R134s2=0 RT=1 RT4=1 RT4s2=1 | t4min 0
X k4_certs_4_pure.json.gz#123 7,279,272,44 [[7], [2, 8], [4, 5], [3, 6]] def 1 k 2 | t1=0 t2=1 t3p=0 t3h=0 t4=0 t4s2=0 | R13=0 R134=0 R134s2=0 RT=1 RT4=1 RT4s2=1 | t4min 0
X k4_certs_4_pure.json.gz#123 7,279,273,44 [[7], [2, 8], [4, 5], [3, 6]] def 1 k 2 | t1=0 t2=1 t3p=0 t3h=0 t4=0 t4s2=0 | R13=0 R134=0 R134s2=0 RT=1 RT4=1 RT4s2=1 | t4min 0
X k4_certs_4_pure.json.gz#123 7,279,282,44 [[7], [2, 8], [4, 5], [3, 6]] def 1 k 2 | t1=0 t2=1 t3p=0 t3h=0 t4=0 t4s2=0 | R13=0 R134=0 R134s2=0 RT=1 RT4=1 RT4s2=1 | t4min 0
X k4_certs_4_pure.json.gz#123 7,279,284,44 [[7], [2, 8], [4, 5], [3, 6]] def 1 k 2 | t1=0 t2=1 t3p=0 t3h=0 t4=0 t4s2=0 | R13=0 R134=0 R134s2=0 RT=1 RT4=1 RT4s2=1 | t4min 0
X k4_certs_4_pure.json.gz#123 7,279,285,44 [[7], [2, 8], [4, 5], [3, 6]] def 1 k 2 | t1=0 t2=1 t3p=0 t3h=0 t4=0 t4s2=0 | R13=0 R134=0 R134s2=0 RT=1 RT4=1 RT4s2=1 | t4min 0
X k4_certs_4_pure.json.gz#123 7,279,286,44 [[7], [2, 8], [4, 5], [3, 6]] def 1 k 2 | t1=0 t2=1 t3p=0 t3h=0 t4=0 t4s2=0 | R13=0 R134=0 R134s2=0 RT=1 RT4=1 RT4s2=1 | t4min 0
X k4_certs_4_pure.json.gz#123 7,283,11,44 [[7], [2, 8], [4, 5], [3, 6]] def 1 k 2 | t1=0 t2=1 t3p=0 t3h=0 t4=0 t4s2=0 | R13=0 R134=0 R134s2=0 RT=1 RT4=1 RT4s2=1 | t4min 0
X k4_certs_4_pure.json.gz#123 7,283,13,44 [[7], [2, 8], [4, 5], [3, 6]] def 1 k 2 | t1=0 t2=1 t3p=0 t3h=0 t4=0 t4s2=0 | R13=0 R134=0 R134s2=0 RT=1 RT4=1 RT4s2=1 | t4min 0
X k4_certs_4_pure.json.gz#123 7,283,18,44 [[7], [2, 8], [4, 5], [3, 6]] def 1 k 2 | t1=0 t2=1 t3p=0 t3h=0 t4=0 t4s2=0 | R13=0 R134=0 R134s2=0 RT=1 RT4=1 RT4s2=1 | t4min 0
X k4_certs_4_pure.json.gz#123 7,283,25,44 [[7], [2, 8], [4, 5], [3, 6]] def 1 k 2 | t1=0 t2=1 t3p=0 t3h=0 t4=0 t4s2=0 | R13=0 R134=0 R134s2=0 RT=1 RT4=1 RT4s2=1 | t4min 0
X k4_certs_4_pure.json.gz#123 7,283,47,44 [[7], [2, 8], [4, 5], [3, 6]] def 1 k 2 | t1=0 t2=1 t3p=0 t3h=0 t4=0 t4s2=0 | R13=0 R134=0 R134s2=0 RT=1 RT4=1 RT4s2=1 | t4min 0
X k4_certs_4_pure.json.gz#123 7,283,50,44 [[7], [2, 8], [4, 5], [3, 6]] def 1 k 2 | t1=0 t2=1 t3p=0 t3h=0 t4=0 t4s2=0 | R13=0 R134=0 R134s2=0 RT=1 RT4=1 RT4s2=1 | t4min 0
X k4_certs_4_pure.json.gz#123 7,283,55,44 [[7], [2, 8], [4, 5], [3, 6]] def 1 k 2 | t1=0 t2=1 t3p=0 t3h=0 t4=0 t4s2=0 | R13=0 R134=0 R134s2=0 RT=1 RT4=1 RT4s2=1 | t4min 0
X k4_certs_4_pure.json.gz#123 7,283,67,44 [[7], [2, 8], [4, 5], [3, 6]] def 1 k 2 | t1=0 t2=1 t3p=0 t3h=0 t4=0 t4s2=0 | R13=0 R134=0 R134s2=0 RT=1 RT4=1 RT4s2=1 | t4min 0
X k4_certs_4_pure.json.gz#123 7,283,82,44 [[7], [2, 8], [4, 5], [3, 6]] def 1 k 2 | t1=0 t2=1 t3p=0 t3h=0 t4=0 t4s2=0 | R13=0 R134=0 R134s2=0 RT=1 RT4=1 RT4s2=1 | t4min 0
X k4_certs_4_pure.json.gz#123 7,283,89,44 [[7], [2, 8], [4, 5], [3, 6]] def 1 k 2 | t1=0 t2=1 t3p=0 t3h=0 t4=0 t4s2=0 | R13=0 R134=0 R134s2=0 RT=1 RT4=1 RT4s2=1 | t4min 0
X k4_certs_4_pure.json.gz#123 7,283,92,44 [[7], [2, 8], [4, 5], [3, 6]] def 1 k 2 | t1=0 t2=1 t3p=0 t3h=0 t4=0 t4s2=0 | R13=0 R134=0 R134s2=0 RT=1 RT4=1 RT4s2=1 | t4min 0
X k4_certs_4_pure.json.gz#123 7,283,95,44 [[7], [2, 8], [4, 5], [3, 6]] def 1 k 2 | t1=0 t2=1 t3p=0 t3h=0 t4=0 t4s2=0 | R13=0 R134=0 R134s2=0 RT=1 RT4=1 RT4s2=1 | t4min 0
X k4_certs_4_pure.json.gz#123 7,283,99,44 [[7], [2, 8], [4, 5], [3, 6]] def 1 k 2 | t1=0 t2=1 t3p=0 t3h=0 t4=0 t4s2=0 | R13=0 R134=0 R134s2=0 RT=1 RT4=1 RT4s2=1 | t4min 0
X k4_certs_4_pure.json.gz#123 7,283,100,44 [[7], [2, 8], [4, 5], [3, 6]] def 1 k 2 | t1=0 t2=1 t3p=0 t3h=0 t4=0 t4s2=0 | R13=0 R134=0 R134s2=0 RT=1 RT4=1 RT4s2=1 | t4min 0
X k4_certs_4_pure.json.gz#123 7,283,104,44 [[7], [2, 8], [4, 5], [3, 6]] def 1 k 2 | t1=0 t2=1 t3p=0 t3h=0 t4=0 t4s2=0 | R13=0 R134=0 R134s2=0 RT=1 RT4=1 RT4s2=1 | t4min 0
X k4_certs_4_pure.json.gz#123 7,283,114,44 [[7], [2, 8], [4, 5], [3, 6]] def 1 k 2 | t1=0 t2=1 t3p=0 t3h=0 t4=0 t4s2=0 | R13=0 R134=0 R134s2=0 RT=1 RT4=1 RT4s2=1 | t4min 0
X k4_certs_4_pure.json.gz#123 7,283,128,44 [[7], [2, 8], [4, 5], [3, 6]] def 1 k 2 | t1=0 t2=1 t3p=0 t3h=0 t4=0 t4s2=0 | R13=0 R134=0 R134s2=0 RT=1 RT4=1 RT4s2=1 | t4min 0
X k4_certs_4_pure.json.gz#123 7,283,131,44 [[7], [2, 8], [4, 5], [3, 6]] def 1 k 2 | t1=0 t2=1 t3p=0 t3h=0 t4=0 t4s2=0 | R13=0 R134=0 R134s2=0 RT=1 RT4=1 RT4s2=1 | t4min 0
X k4_certs_4_pure.json.gz#123 7,283,134,44 [[7], [2, 8], [4, 5], [3, 6]] def 1 k 2 | t1=0 t2=1 t3p=0 t3h=0 t4=0 t4s2=0 | R13=0 R134=0 R134s2=0 RT=1 RT4=1 RT4s2=1 | t4min 0
X k4_certs_4_pure.json.gz#123 7,283,135,44 [[7], [2, 8], [4, 5], [3, 6]] def 1 k 2 | t1=0 t2=1 t3p=0 t3h=0 t4=0 t4s2=0 | R13=0 R134=0 R134s2=0 RT=1 RT4=1 RT4s2=1 | t4min 0
X k4_certs_4_pure.json.gz#123 7,283,152,44 [[7], [2, 8], [4, 5], [3, 6]] def 1 k 2 | t1=0 t2=1 t3p=0 t3h=0 t4=0 t4s2=0 | R13=0 R134=0 R134s2=0 RT=1 RT4=1 RT4s2=1 | t4min 0
X k4_certs_4_pure.json.gz#123 7,283,155,44 [[7], [2, 8], [4, 5], [3, 6]] def 1 k 2 | t1=0 t2=1 t3p=0 t3h=0 t4=0 t4s2=0 | R13=0 R134=0 R134s2=0 RT=1 RT4=1 RT4s2=1 | t4min 0
X k4_certs_4_pure.json.gz#123 7,283,160,44 [[7], [2, 8], [4, 5], [3, 6]] def 1 k 2 | t1=0 t2=1 t3p=0 t3h=0 t4=0 t4s2=0 | R13=0 R134=0 R134s2=0 RT=1 RT4=1 RT4s2=1 | t4min 0
X k4_certs_4_pure.json.gz#123 7,283,165,44 [[7], [2, 8], [4, 5], [3, 6]] def 1 k 2 | t1=0 t2=1 t3p=0 t3h=0 t4=0 t4s2=0 | R13=0 R134=0 R134s2=0 RT=1 RT4=1 RT4s2=1 | t4min 0
X k4_certs_4_pure.json.gz#123 7,283,174,44 [[7], [2, 8], [4, 5], [3, 6]] def 1 k 2 | t1=0 t2=1 t3p=0 t3h=0 t4=0 t4s2=0 | R13=0 R134=0 R134s2=0 RT=1 RT4=1 RT4s2=1 | t4min 0
X k4_certs_4_pure.json.gz#123 7,283,192,44 [[7], [2, 8], [4, 5], [3, 6]] def 1 k 2 | t1=0 t2=1 t3p=0 t3h=0 t4=0 t4s2=0 | R13=0 R134=0 R134s2=0 RT=1 RT4=1 RT4s2=1 | t4min 0
X k4_certs_4_pure.json.gz#123 7,283,193,44 [[7], [2, 8], [4, 5], [3, 6]] def 1 k 2 | t1=0 t2=1 t3p=0 t3h=0 t4=0 t4s2=0 | R13=0 R134=0 R134s2=0 RT=1 RT4=1 RT4s2=1 | t4min 0
X k4_certs_4_pure.json.gz#123 7,283,198,44 [[7], [2, 8], [4, 5], [3, 6]] def 1 k 2 | t1=0 t2=1 t3p=0 t3h=0 t4=0 t4s2=0 | R13=0 R134=0 R134s2=0 RT=1 RT4=1 RT4s2=1 | t4min 0
X k4_certs_4_pure.json.gz#123 7,283,201,44 [[7], [2, 8], [4, 5], [3, 6]] def 1 k 2 | t1=0 t2=1 t3p=0 t3h=0 t4=0 t4s2=0 | R13=0 R134=0 R134s2=0 RT=1 RT4=1 RT4s2=1 | t4min 0
X k4_certs_4_pure.json.gz#123 7,283,217,44 [[7], [2, 8], [4, 5], [3, 6]] def 1 k 2 | t1=0 t2=1 t3p=0 t3h=0 t4=0 t4s2=0 | R13=0 R134=0 R134s2=0 RT=1 RT4=1 RT4s2=1 | t4min 0
X k4_certs_4_pure.json.gz#123 7,283,222,44 [[7], [2, 8], [4, 5], [3, 6]] def 1 k 2 | t1=0 t2=1 t3p=0 t3h=0 t4=0 t4s2=0 | R13=0 R134=0 R134s2=0 RT=1 RT4=1 RT4s2=1 | t4min 0
X k4_certs_4_pure.json.gz#123 7,283,233,44 [[7], [2, 8], [4, 5], [3, 6]] def 1 k 2 | t1=0 t2=1 t3p=0 t3h=0 t4=0 t4s2=0 | R13=0 R134=0 R134s2=0 RT=1 RT4=1 RT4s2=1 | t4min 0
X k4_certs_4_pure.json.gz#123 7,283,234,44 [[7], [2, 8], [4, 5], [3, 6]] def 1 k 2 | t1=0 t2=1 t3p=0 t3h=0 t4=0 t4s2=0 | R13=0 R134=0 R134s2=0 RT=1 RT4=1 RT4s2=1 | t4min 0
X k4_certs_4_pure.json.gz#123 7,283,236,44 [[7], [2, 8], [4, 5], [3, 6]] def 1 k 2 | t1=0 t2=1 t3p=0 t3h=0 t4=0 t4s2=0 | R13=0 R134=0 R134s2=0 RT=1 RT4=1 RT4s2=1 | t4min 0
X k4_certs_4_pure.json.gz#123 7,283,237,44 [[7], [2, 8], [4, 5], [3, 6]] def 1 k 2 | t1=0 t2=1 t3p=0 t3h=0 t4=0 t4s2=0 | R13=0 R134=0 R134s2=0 RT=1 RT4=1 RT4s2=1 | t4min 0
X k4_certs_4_pure.json.gz#123 7,283,241,44 [[7], [2, 8], [4, 5], [3, 6]] def 1 k 2 | t1=0 t2=1 t3p=0 t3h=0 t4=0 t4s2=0 | R13=0 R134=0 R134s2=0 RT=1 RT4=1 RT4s2=1 | t4min 0
X k4_certs_4_pure.json.gz#123 7,283,242,44 [[7], [2, 8], [4, 5], [3, 6]] def 1 k 2 | t1=0 t2=1 t3p=0 t3h=0 t4=0 t4s2=0 | R13=0 R134=0 R134s2=0 RT=1 RT4=1 RT4s2=1 | t4min 0
X k4_certs_4_pure.json.gz#123 7,283,243,44 [[7], [2, 8], [4, 5], [3, 6]] def 1 k 2 | t1=0 t2=1 t3p=0 t3h=0 t4=0 t4s2=0 | R13=0 R134=0 R134s2=0 RT=1 RT4=1 RT4s2=1 | t4min 0
X k4_certs_4_pure.json.gz#123 7,283,245,44 [[7], [2, 8], [4, 5], [3, 6]] def 1 k 2 | t1=0 t2=1 t3p=0 t3h=0 t4=0 t4s2=0 | R13=0 R134=0 R134s2=0 RT=1 RT4=1 RT4s2=1 | t4min 0
X k4_certs_4_pure.json.gz#123 7,283,248,44 [[7], [2, 8], [4, 5], [3, 6]] def 1 k 2 | t1=0 t2=1 t3p=0 t3h=0 t4=0 t4s2=0 | R13=0 R134=0 R134s2=0 RT=1 RT4=1 RT4s2=1 | t4min 0
X k4_certs_4_pure.json.gz#123 7,283,249,44 [[7], [2, 8], [4, 5], [3, 6]] def 1 k 2 | t1=0 t2=1 t3p=0 t3h=0 t4=0 t4s2=0 | R13=0 R134=0 R134s2=0 RT=1 RT4=1 RT4s2=1 | t4min 0
X k4_certs_4_pure.json.gz#123 7,283,250,44 [[7], [2, 8], [4, 5], [3, 6]] def 1 k 2 | t1=0 t2=1 t3p=0 t3h=0 t4=0 t4s2=0 | R13=0 R134=0 R134s2=0 RT=1 RT4=1 RT4s2=1 | t4min 0
X k4_certs_4_pure.json.gz#123 7,283,252,44 [[7], [2, 8], [4, 5], [3, 6]] def 1 k 2 | t1=0 t2=1 t3p=0 t3h=0 t4=0 t4s2=0 | R13=0 R134=0 R134s2=0 RT=1 RT4=1 RT4s2=1 | t4min 0
X k4_certs_4_pure.json.gz#123 7,283,268,44 [[7], [2, 8], [4, 5], [3, 6]] def 1 k 2 | t1=0 t2=1 t3p=0 t3h=0 t4=0 t4s2=0 | R13=0 R134=0 R134s2=0 RT=1 RT4=1 RT4s2=1 | t4min 0
X k4_certs_4_pure.json.gz#123 7,283,269,44 [[7], [2, 8], [4, 5], [3, 6]] def 1 k 2 | t1=0 t2=1 t3p=0 t3h=0 t4=0 t4s2=0 | R13=0 R134=0 R134s2=0 RT=1 RT4=1 RT4s2=1 | t4min 0
X k4_certs_4_pure.json.gz#123 7,283,272,44 [[7], [2, 8], [4, 5], [3, 6]] def 1 k 2 | t1=0 t2=1 t3p=0 t3h=0 t4=0 t4s2=0 | R13=0 R134=0 R134s2=0 RT=1 RT4=1 RT4s2=1 | t4min 0
X k4_certs_4_pure.json.gz#123 7,283,273,44 [[7], [2, 8], [4, 5], [3, 6]] def 1 k 2 | t1=0 t2=1 t3p=0 t3h=0 t4=0 t4s2=0 | R13=0 R134=0 R134s2=0 RT=1 RT4=1 RT4s2=1 | t4min 0
X k4_certs_4_pure.json.gz#123 7,283,282,44 [[7], [2, 8], [4, 5], [3, 6]] def 1 k 2 | t1=0 t2=1 t3p=0 t3h=0 t4=0 t4s2=0 | R13=0 R134=0 R134s2=0 RT=1 RT4=1 RT4s2=1 | t4min 0
X k4_certs_4_pure.json.gz#123 7,283,284,44 [[7], [2, 8], [4, 5], [3, 6]] def 1 k 2 | t1=0 t2=1 t3p=0 t3h=0 t4=0 t4s2=0 | R13=0 R134=0 R134s2=0 RT=1 RT4=1 RT4s2=1 | t4min 0
X k4_certs_4_pure.json.gz#123 7,283,285,44 [[7], [2, 8], [4, 5], [3, 6]] def 1 k 2 | t1=0 t2=1 t3p=0 t3h=0 t4=0 t4s2=0 | R13=0 R134=0 R134s2=0 RT=1 RT4=1 RT4s2=1 | t4min 0
X k4_certs_4_pure.json.gz#123 7,283,286,44 [[7], [2, 8], [4, 5], [3, 6]] def 1 k 2 | t1=0 t2=1 t3p=0 t3h=0 t4=0 t4s2=0 | R13=0 R134=0 R134s2=0 RT=1 RT4=1 RT4s2=1 | t4min 0
X k4_certs_4_pure.json.gz#123 7,287,11,44 [[7], [2, 8], [4, 5], [3, 6]] def 1 k 2 | t1=0 t2=1 t3p=0 t3h=0 t4=0 t4s2=0 | R13=0 R134=0 R134s2=0 RT=1 RT4=1 RT4s2=1 | t4min 0
X k4_certs_4_pure.json.gz#123 7,287,13,44 [[7], [2, 8], [4, 5], [3, 6]] def 1 k 2 | t1=0 t2=1 t3p=0 t3h=0 t4=0 t4s2=0 | R13=0 R134=0 R134s2=0 RT=1 RT4=1 RT4s2=1 | t4min 0
X k4_certs_4_pure.json.gz#123 7,287,18,44 [[7], [2, 8], [4, 5], [3, 6]] def 1 k 2 | t1=0 t2=1 t3p=0 t3h=0 t4=0 t4s2=0 | R13=0 R134=0 R134s2=0 RT=1 RT4=1 RT4s2=1 | t4min 0
X k4_certs_4_pure.json.gz#123 7,287,25,44 [[7], [2, 8], [4, 5], [3, 6]] def 1 k 2 | t1=0 t2=1 t3p=0 t3h=0 t4=0 t4s2=0 | R13=0 R134=0 R134s2=0 RT=1 RT4=1 RT4s2=1 | t4min 0
X k4_certs_4_pure.json.gz#123 7,287,47,44 [[7], [2, 8], [4, 5], [3, 6]] def 1 k 2 | t1=0 t2=1 t3p=0 t3h=0 t4=0 t4s2=0 | R13=0 R134=0 R134s2=0 RT=1 RT4=1 RT4s2=1 | t4min 0
X k4_certs_4_pure.json.gz#123 7,287,50,44 [[7], [2, 8], [4, 5], [3, 6]] def 1 k 2 | t1=0 t2=1 t3p=0 t3h=0 t4=0 t4s2=0 | R13=0 R134=0 R134s2=0 RT=1 RT4=1 RT4s2=1 | t4min 0
X k4_certs_4_pure.json.gz#123 7,287,55,44 [[7], [2, 8], [4, 5], [3, 6]] def 1 k 2 | t1=0 t2=1 t3p=0 t3h=0 t4=0 t4s2=0 | R13=0 R134=0 R134s2=0 RT=1 RT4=1 RT4s2=1 | t4min 0
X k4_certs_4_pure.json.gz#123 7,287,67,44 [[7], [2, 8], [4, 5], [3, 6]] def 1 k 2 | t1=0 t2=1 t3p=0 t3h=0 t4=0 t4s2=0 | R13=0 R134=0 R134s2=0 RT=1 RT4=1 RT4s2=1 | t4min 0
X k4_certs_4_pure.json.gz#123 7,287,82,44 [[7], [2, 8], [4, 5], [3, 6]] def 1 k 2 | t1=0 t2=1 t3p=0 t3h=0 t4=0 t4s2=0 | R13=0 R134=0 R134s2=0 RT=1 RT4=1 RT4s2=1 | t4min 0
X k4_certs_4_pure.json.gz#123 7,287,89,44 [[7], [2, 8], [4, 5], [3, 6]] def 1 k 2 | t1=0 t2=1 t3p=0 t3h=0 t4=0 t4s2=0 | R13=0 R134=0 R134s2=0 RT=1 RT4=1 RT4s2=1 | t4min 0
X k4_certs_4_pure.json.gz#123 7,287,92,44 [[7], [2, 8], [4, 5], [3, 6]] def 1 k 2 | t1=0 t2=1 t3p=0 t3h=0 t4=0 t4s2=0 | R13=0 R134=0 R134s2=0 RT=1 RT4=1 RT4s2=1 | t4min 0
X k4_certs_4_pure.json.gz#123 7,287,95,44 [[7], [2, 8], [4, 5], [3, 6]] def 1 k 2 | t1=0 t2=1 t3p=0 t3h=0 t4=0 t4s2=0 | R13=0 R134=0 R134s2=0 RT=1 RT4=1 RT4s2=1 | t4min 0
X k4_certs_4_pure.json.gz#123 7,287,99,44 [[7], [2, 8], [4, 5], [3, 6]] def 1 k 2 | t1=0 t2=1 t3p=0 t3h=0 t4=0 t4s2=0 | R13=0 R134=0 R134s2=0 RT=1 RT4=1 RT4s2=1 | t4min 0
X k4_certs_4_pure.json.gz#123 7,287,100,44 [[7], [2, 8], [4, 5], [3, 6]] def 1 k 2 | t1=0 t2=1 t3p=0 t3h=0 t4=0 t4s2=0 | R13=0 R134=0 R134s2=0 RT=1 RT4=1 RT4s2=1 | t4min 0
X k4_certs_4_pure.json.gz#123 7,287,104,44 [[7], [2, 8], [4, 5], [3, 6]] def 1 k 2 | t1=0 t2=1 t3p=0 t3h=0 t4=0 t4s2=0 | R13=0 R134=0 R134s2=0 RT=1 RT4=1 RT4s2=1 | t4min 0
X k4_certs_4_pure.json.gz#123 7,287,114,44 [[7], [2, 8], [4, 5], [3, 6]] def 1 k 2 | t1=0 t2=1 t3p=0 t3h=0 t4=0 t4s2=0 | R13=0 R134=0 R134s2=0 RT=1 RT4=1 RT4s2=1 | t4min 0
X k4_certs_4_pure.json.gz#123 7,287,128,44 [[7], [2, 8], [4, 5], [3, 6]] def 1 k 2 | t1=0 t2=1 t3p=0 t3h=0 t4=0 t4s2=0 | R13=0 R134=0 R134s2=0 RT=1 RT4=1 RT4s2=1 | t4min 0
X k4_certs_4_pure.json.gz#123 7,287,131,44 [[7], [2, 8], [4, 5], [3, 6]] def 1 k 2 | t1=0 t2=1 t3p=0 t3h=0 t4=0 t4s2=0 | R13=0 R134=0 R134s2=0 RT=1 RT4=1 RT4s2=1 | t4min 0
X k4_certs_4_pure.json.gz#123 7,287,134,44 [[7], [2, 8], [4, 5], [3, 6]] def 1 k 2 | t1=0 t2=1 t3p=0 t3h=0 t4=0 t4s2=0 | R13=0 R134=0 R134s2=0 RT=1 RT4=1 RT4s2=1 | t4min 0
X k4_certs_4_pure.json.gz#123 7,287,135,44 [[7], [2, 8], [4, 5], [3, 6]] def 1 k 2 | t1=0 t2=1 t3p=0 t3h=0 t4=0 t4s2=0 | R13=0 R134=0 R134s2=0 RT=1 RT4=1 RT4s2=1 | t4min 0
X k4_certs_4_pure.json.gz#123 7,287,152,44 [[7], [2, 8], [4, 5], [3, 6]] def 1 k 2 | t1=0 t2=1 t3p=0 t3h=0 t4=0 t4s2=0 | R13=0 R134=0 R134s2=0 RT=1 RT4=1 RT4s2=1 | t4min 0
X k4_certs_4_pure.json.gz#123 7,287,155,44 [[7], [2, 8], [4, 5], [3, 6]] def 1 k 2 | t1=0 t2=1 t3p=0 t3h=0 t4=0 t4s2=0 | R13=0 R134=0 R134s2=0 RT=1 RT4=1 RT4s2=1 | t4min 0
X k4_certs_4_pure.json.gz#123 7,287,160,44 [[7], [2, 8], [4, 5], [3, 6]] def 1 k 2 | t1=0 t2=1 t3p=0 t3h=0 t4=0 t4s2=0 | R13=0 R134=0 R134s2=0 RT=1 RT4=1 RT4s2=1 | t4min 0
X k4_certs_4_pure.json.gz#123 7,287,165,44 [[7], [2, 8], [4, 5], [3, 6]] def 1 k 2 | t1=0 t2=1 t3p=0 t3h=0 t4=0 t4s2=0 | R13=0 R134=0 R134s2=0 RT=1 RT4=1 RT4s2=1 | t4min 0
X k4_certs_4_pure.json.gz#123 7,287,174,44 [[7], [2, 8], [4, 5], [3, 6]] def 1 k 2 | t1=0 t2=1 t3p=0 t3h=0 t4=0 t4s2=0 | R13=0 R134=0 R134s2=0 RT=1 RT4=1 RT4s2=1 | t4min 0
X k4_certs_4_pure.json.gz#123 7,287,192,44 [[7], [2, 8], [4, 5], [3, 6]] def 1 k 2 | t1=0 t2=1 t3p=0 t3h=0 t4=0 t4s2=0 | R13=0 R134=0 R134s2=0 RT=1 RT4=1 RT4s2=1 | t4min 0
X k4_certs_4_pure.json.gz#123 7,287,193,44 [[7], [2, 8], [4, 5], [3, 6]] def 1 k 2 | t1=0 t2=1 t3p=0 t3h=0 t4=0 t4s2=0 | R13=0 R134=0 R134s2=0 RT=1 RT4=1 RT4s2=1 | t4min 0
X k4_certs_4_pure.json.gz#123 7,287,198,44 [[7], [2, 8], [4, 5], [3, 6]] def 1 k 2 | t1=0 t2=1 t3p=0 t3h=0 t4=0 t4s2=0 | R13=0 R134=0 R134s2=0 RT=1 RT4=1 RT4s2=1 | t4min 0
X k4_certs_4_pure.json.gz#123 7,287,201,44 [[7], [2, 8], [4, 5], [3, 6]] def 1 k 2 | t1=0 t2=1 t3p=0 t3h=0 t4=0 t4s2=0 | R13=0 R134=0 R134s2=0 RT=1 RT4=1 RT4s2=1 | t4min 0
X k4_certs_4_pure.json.gz#123 7,287,217,44 [[7], [2, 8], [4, 5], [3, 6]] def 1 k 2 | t1=0 t2=1 t3p=0 t3h=0 t4=0 t4s2=0 | R13=0 R134=0 R134s2=0 RT=1 RT4=1 RT4s2=1 | t4min 0
X k4_certs_4_pure.json.gz#123 7,287,222,44 [[7], [2, 8], [4, 5], [3, 6]] def 1 k 2 | t1=0 t2=1 t3p=0 t3h=0 t4=0 t4s2=0 | R13=0 R134=0 R134s2=0 RT=1 RT4=1 RT4s2=1 | t4min 0
X k4_certs_4_pure.json.gz#123 7,287,233,44 [[7], [2, 8], [4, 5], [3, 6]] def 1 k 2 | t1=0 t2=1 t3p=0 t3h=0 t4=0 t4s2=0 | R13=0 R134=0 R134s2=0 RT=1 RT4=1 RT4s2=1 | t4min 0
X k4_certs_4_pure.json.gz#123 7,287,234,44 [[7], [2, 8], [4, 5], [3, 6]] def 1 k 2 | t1=0 t2=1 t3p=0 t3h=0 t4=0 t4s2=0 | R13=0 R134=0 R134s2=0 RT=1 RT4=1 RT4s2=1 | t4min 0
X k4_certs_4_pure.json.gz#123 7,287,236,44 [[7], [2, 8], [4, 5], [3, 6]] def 1 k 2 | t1=0 t2=1 t3p=0 t3h=0 t4=0 t4s2=0 | R13=0 R134=0 R134s2=0 RT=1 RT4=1 RT4s2=1 | t4min 0
X k4_certs_4_pure.json.gz#123 7,287,237,44 [[7], [2, 8], [4, 5], [3, 6]] def 1 k 2 | t1=0 t2=1 t3p=0 t3h=0 t4=0 t4s2=0 | R13=0 R134=0 R134s2=0 RT=1 RT4=1 RT4s2=1 | t4min 0
X k4_certs_4_pure.json.gz#123 7,287,241,44 [[7], [2, 8], [4, 5], [3, 6]] def 1 k 2 | t1=0 t2=1 t3p=0 t3h=0 t4=0 t4s2=0 | R13=0 R134=0 R134s2=0 RT=1 RT4=1 RT4s2=1 | t4min 0
X k4_certs_4_pure.json.gz#123 7,287,242,44 [[7], [2, 8], [4, 5], [3, 6]] def 1 k 2 | t1=0 t2=1 t3p=0 t3h=0 t4=0 t4s2=0 | R13=0 R134=0 R134s2=0 RT=1 RT4=1 RT4s2=1 | t4min 0
X k4_certs_4_pure.json.gz#123 7,287,243,44 [[7], [2, 8], [4, 5], [3, 6]] def 1 k 2 | t1=0 t2=1 t3p=0 t3h=0 t4=0 t4s2=0 | R13=0 R134=0 R134s2=0 RT=1 RT4=1 RT4s2=1 | t4min 0
X k4_certs_4_pure.json.gz#123 7,287,245,44 [[7], [2, 8], [4, 5], [3, 6]] def 1 k 2 | t1=0 t2=1 t3p=0 t3h=0 t4=0 t4s2=0 | R13=0 R134=0 R134s2=0 RT=1 RT4=1 RT4s2=1 | t4min 0
X k4_certs_4_pure.json.gz#123 7,287,248,44 [[7], [2, 8], [4, 5], [3, 6]] def 1 k 2 | t1=0 t2=1 t3p=0 t3h=0 t4=0 t4s2=0 | R13=0 R134=0 R134s2=0 RT=1 RT4=1 RT4s2=1 | t4min 0
X k4_certs_4_pure.json.gz#123 7,287,249,44 [[7], [2, 8], [4, 5], [3, 6]] def 1 k 2 | t1=0 t2=1 t3p=0 t3h=0 t4=0 t4s2=0 | R13=0 R134=0 R134s2=0 RT=1 RT4=1 RT4s2=1 | t4min 0
X k4_certs_4_pure.json.gz#123 7,287,250,44 [[7], [2, 8], [4, 5], [3, 6]] def 1 k 2 | t1=0 t2=1 t3p=0 t3h=0 t4=0 t4s2=0 | R13=0 R134=0 R134s2=0 RT=1 RT4=1 RT4s2=1 | t4min 0
X k4_certs_4_pure.json.gz#123 7,287,252,44 [[7], [2, 8], [4, 5], [3, 6]] def 1 k 2 | t1=0 t2=1 t3p=0 t3h=0 t4=0 t4s2=0 | R13=0 R134=0 R134s2=0 RT=1 RT4=1 RT4s2=1 | t4min 0
X k4_certs_4_pure.json.gz#123 7,287,268,44 [[7], [2, 8], [4, 5], [3, 6]] def 1 k 2 | t1=0 t2=1 t3p=0 t3h=0 t4=0 t4s2=0 | R13=0 R134=0 R134s2=0 RT=1 RT4=1 RT4s2=1 | t4min 0
X k4_certs_4_pure.json.gz#123 7,287,269,44 [[7], [2, 8], [4, 5], [3, 6]] def 1 k 2 | t1=0 t2=1 t3p=0 t3h=0 t4=0 t4s2=0 | R13=0 R134=0 R134s2=0 RT=1 RT4=1 RT4s2=1 | t4min 0
X k4_certs_4_pure.json.gz#123 7,287,272,44 [[7], [2, 8], [4, 5], [3, 6]] def 1 k 2 | t1=0 t2=1 t3p=0 t3h=0 t4=0 t4s2=0 | R13=0 R134=0 R134s2=0 RT=1 RT4=1 RT4s2=1 | t4min 0
X k4_certs_4_pure.json.gz#123 7,287,273,44 [[7], [2, 8], [4, 5], [3, 6]] def 1 k 2 | t1=0 t2=1 t3p=0 t3h=0 t4=0 t4s2=0 | R13=0 R134=0 R134s2=0 RT=1 RT4=1 RT4s2=1 | t4min 0
X k4_certs_4_pure.json.gz#123 7,287,282,44 [[7], [2, 8], [4, 5], [3, 6]] def 1 k 2 | t1=0 t2=1 t3p=0 t3h=0 t4=0 t4s2=0 | R13=0 R134=0 R134s2=0 RT=1 RT4=1 RT4s2=1 | t4min 0
X k4_certs_4_pure.json.gz#123 7,287,284,44 [[7], [2, 8], [4, 5], [3, 6]] def 1 k 2 | t1=0 t2=1 t3p=0 t3h=0 t4=0 t4s2=0 | R13=0 R134=0 R134s2=0 RT=1 RT4=1 RT4s2=1 | t4min 0
X k4_certs_4_pure.json.gz#123 7,287,285,44 [[7], [2, 8], [4, 5], [3, 6]] def 1 k 2 | t1=0 t2=1 t3p=0 t3h=0 t4=0 t4s2=0 | R13=0 R134=0 R134s2=0 RT=1 RT4=1 RT4s2=1 | t4min 0
X k4_certs_4_pure.json.gz#123 7,287,286,44 [[7], [2, 8], [4, 5], [3, 6]] def 1 k 2 | t1=0 t2=1 t3p=0 t3h=0 t4=0 t4s2=0 | R13=0 R134=0 R134s2=0 RT=1 RT4=1 RT4s2=1 | t4min 0
X k4_certs_4_pure.json.gz#123 7,16,164,8 [[7], [2, 8], [4, 5], [3, 6]] def 1 k 3 | t1=0 t2=1 t3p=0 t3h=0 t4=0 t4s2=0 | R13=0 R134=0 R134s2=0 RT=1 RT4=1 RT4s2=1 | t4min 0
X k4_certs_4_pure.json.gz#123 7,16,164,14 [[7], [2, 8], [4, 5], [3, 6]] def 1 k 2 | t1=0 t2=1 t3p=0 t3h=0 t4=0 t4s2=0 | R13=0 R134=0 R134s2=0 RT=1 RT4=1 RT4s2=1 | t4min 0
X k4_certs_4_pure.json.gz#123 7,16,164,48 [[7], [2, 8], [4, 5], [3, 6]] def 1 k 2 | t1=0 t2=1 t3p=0 t3h=0 t4=0 t4s2=0 | R13=0 R134=0 R134s2=0 RT=1 RT4=1 RT4s2=1 | t4min 0
X k4_certs_4_pure.json.gz#123 7,16,164,84 [[7], [2, 8], [4, 5], [3, 6]] def 1 k 2 | t1=0 t2=1 t3p=0 t3h=0 t4=0 t4s2=0 | R13=0 R134=0 R134s2=0 RT=1 RT4=1 RT4s2=1 | t4min 0
X k4_certs_4_pure.json.gz#123 7,16,164,90 [[7], [2, 8], [4, 5], [3, 6]] def 1 k 2 | t1=0 t2=1 t3p=0 t3h=0 t4=0 t4s2=0 | R13=0 R134=0 R134s2=0 RT=1 RT4=1 RT4s2=1 | t4min 0
X k4_certs_4_pure.json.gz#123 7,33,164,8 [[7], [2, 8], [4, 5], [3, 6]] def 1 k 3 | t1=0 t2=1 t3p=0 t3h=0 t4=0 t4s2=0 | R13=0 R134=0 R134s2=0 RT=1 RT4=1 RT4s2=1 | t4min 0
X k4_certs_4_pure.json.gz#123 7,33,164,14 [[7], [2, 8], [4, 5], [3, 6]] def 1 k 2 | t1=0 t2=1 t3p=0 t3h=0 t4=0 t4s2=0 | R13=0 R134=0 R134s2=0 RT=1 RT4=1 RT4s2=1 | t4min 0
X k4_certs_4_pure.json.gz#123 7,33,164,48 [[7], [2, 8], [4, 5], [3, 6]] def 1 k 2 | t1=0 t2=1 t3p=0 t3h=0 t4=0 t4s2=0 | R13=0 R134=0 R134s2=0 RT=1 RT4=1 RT4s2=1 | t4min 0
X k4_certs_4_pure.json.gz#123 7,33,164,84 [[7], [2, 8], [4, 5], [3, 6]] def 1 k 2 | t1=0 t2=1 t3p=0 t3h=0 t4=0 t4s2=0 | R13=0 R134=0 R134s2=0 RT=1 RT4=1 RT4s2=1 | t4min 0
X k4_certs_4_pure.json.gz#123 7,33,164,90 [[7], [2, 8], [4, 5], [3, 6]] def 1 k 2 | t1=0 t2=1 t3p=0 t3h=0 t4=0 t4s2=0 | R13=0 R134=0 R134s2=0 RT=1 RT4=1 RT4s2=1 | t4min 0
X k4_certs_4_pure.json.gz#123 7,49,164,8 [[7], [2, 8], [4, 5], [3, 6]] def 1 k 3 | t1=0 t2=1 t3p=0 t3h=0 t4=0 t4s2=0 | R13=0 R134=0 R134s2=0 RT=1 RT4=1 RT4s2=1 | t4min 0
X k4_certs_4_pure.json.gz#123 7,49,164,14 [[7], [2, 8], [4, 5], [3, 6]] def 1 k 2 | t1=0 t2=1 t3p=0 t3h=0 t4=0 t4s2=0 | R13=0 R134=0 R134s2=0 RT=1 RT4=1 RT4s2=1 | t4min 0
X k4_certs_4_pure.json.gz#123 7,49,164,48 [[7], [2, 8], [4, 5], [3, 6]] def 1 k 2 | t1=0 t2=1 t3p=0 t3h=0 t4=0 t4s2=0 | R13=0 R134=0 R134s2=0 RT=1 RT4=1 RT4s2=1 | t4min 0
X k4_certs_4_pure.json.gz#123 7,49,164,84 [[7], [2, 8], [4, 5], [3, 6]] def 1 k 2 | t1=0 t2=1 t3p=0 t3h=0 t4=0 t4s2=0 | R13=0 R134=0 R134s2=0 RT=1 RT4=1 RT4s2=1 | t4min 0
X k4_certs_4_pure.json.gz#123 7,49,164,90 [[7], [2, 8], [4, 5], [3, 6]] def 1 k 2 | t1=0 t2=1 t3p=0 t3h=0 t4=0 t4s2=0 | R13=0 R134=0 R134s2=0 RT=1 RT4=1 RT4s2=1 | t4min 0
X k4_certs_4_pure.json.gz#123 7,51,164,8 [[7], [2, 8], [4, 5], [3, 6]] def 1 k 3 | t1=0 t2=1 t3p=0 t3h=0 t4=0 t4s2=0 | R13=0 R134=0 R134s2=0 RT=1 RT4=1 RT4s2=1 | t4min 0
X k4_certs_4_pure.json.gz#123 7,51,164,14 [[7], [2, 8], [4, 5], [3, 6]] def 1 k 2 | t1=0 t2=1 t3p=0 t3h=0 t4=0 t4s2=0 | R13=0 R134=0 R134s2=0 RT=1 RT4=1 RT4s2=1 | t4min 0
X k4_certs_4_pure.json.gz#123 7,51,164,48 [[7], [2, 8], [4, 5], [3, 6]] def 1 k 2 | t1=0 t2=1 t3p=0 t3h=0 t4=0 t4s2=0 | R13=0 R134=0 R134s2=0 RT=1 RT4=1 RT4s2=1 | t4min 0
X k4_certs_4_pure.json.gz#123 7,51,164,84 [[7], [2, 8], [4, 5], [3, 6]] def 1 k 2 | t1=0 t2=1 t3p=0 t3h=0 t4=0 t4s2=0 | R13=0 R134=0 R134s2=0 RT=1 RT4=1 RT4s2=1 | t4min 0
X k4_certs_4_pure.json.gz#123 7,51,164,90 [[7], [2, 8], [4, 5], [3, 6]] def 1 k 2 | t1=0 t2=1 t3p=0 t3h=0 t4=0 t4s2=0 | R13=0 R134=0 R134s2=0 RT=1 RT4=1 RT4s2=1 | t4min 0
X k4_certs_4_pure.json.gz#123 7,53,164,8 [[7], [2, 8], [4, 5], [3, 6]] def 1 k 3 | t1=0 t2=1 t3p=0 t3h=0 t4=0 t4s2=0 | R13=0 R134=0 R134s2=0 RT=1 RT4=1 RT4s2=1 | t4min 0
X k4_certs_4_pure.json.gz#123 7,53,164,14 [[7], [2, 8], [4, 5], [3, 6]] def 1 k 2 | t1=0 t2=1 t3p=0 t3h=0 t4=0 t4s2=0 | R13=0 R134=0 R134s2=0 RT=1 RT4=1 RT4s2=1 | t4min 0
X k4_certs_4_pure.json.gz#123 7,53,164,48 [[7], [2, 8], [4, 5], [3, 6]] def 1 k 2 | t1=0 t2=1 t3p=0 t3h=0 t4=0 t4s2=0 | R13=0 R134=0 R134s2=0 RT=1 RT4=1 RT4s2=1 | t4min 0
X k4_certs_4_pure.json.gz#123 7,53,164,84 [[7], [2, 8], [4, 5], [3, 6]] def 1 k 2 | t1=0 t2=1 t3p=0 t3h=0 t4=0 t4s2=0 | R13=0 R134=0 R134s2=0 RT=1 RT4=1 RT4s2=1 | t4min 0
X k4_certs_4_pure.json.gz#123 7,53,164,90 [[7], [2, 8], [4, 5], [3, 6]] def 1 k 2 | t1=0 t2=1 t3p=0 t3h=0 t4=0 t4s2=0 | R13=0 R134=0 R134s2=0 RT=1 RT4=1 RT4s2=1 | t4min 0
X k4_certs_4_pure.json.gz#123 7,57,164,8 [[7], [2, 8], [4, 5], [3, 6]] def 1 k 3 | t1=0 t2=1 t3p=0 t3h=0 t4=0 t4s2=0 | R13=0 R134=0 R134s2=0 RT=1 RT4=1 RT4s2=1 | t4min 0
X k4_certs_4_pure.json.gz#123 7,57,164,14 [[7], [2, 8], [4, 5], [3, 6]] def 1 k 2 | t1=0 t2=1 t3p=0 t3h=0 t4=0 t4s2=0 | R13=0 R134=0 R134s2=0 RT=1 RT4=1 RT4s2=1 | t4min 0
X k4_certs_4_pure.json.gz#123 7,57,164,48 [[7], [2, 8], [4, 5], [3, 6]] def 1 k 2 | t1=0 t2=1 t3p=0 t3h=0 t4=0 t4s2=0 | R13=0 R134=0 R134s2=0 RT=1 RT4=1 RT4s2=1 | t4min 0
X k4_certs_4_pure.json.gz#123 7,57,164,84 [[7], [2, 8], [4, 5], [3, 6]] def 1 k 2 | t1=0 t2=1 t3p=0 t3h=0 t4=0 t4s2=0 | R13=0 R134=0 R134s2=0 RT=1 RT4=1 RT4s2=1 | t4min 0
X k4_certs_4_pure.json.gz#123 7,57,164,90 [[7], [2, 8], [4, 5], [3, 6]] def 1 k 2 | t1=0 t2=1 t3p=0 t3h=0 t4=0 t4s2=0 | R13=0 R134=0 R134s2=0 RT=1 RT4=1 RT4s2=1 | t4min 0
X k4_certs_4_pure.json.gz#123 7,61,164,8 [[7], [2, 8], [4, 5], [3, 6]] def 1 k 3 | t1=0 t2=1 t3p=0 t3h=0 t4=0 t4s2=0 | R13=0 R134=0 R134s2=0 RT=1 RT4=1 RT4s2=1 | t4min 0
X k4_certs_4_pure.json.gz#123 7,61,164,14 [[7], [2, 8], [4, 5], [3, 6]] def 1 k 2 | t1=0 t2=1 t3p=0 t3h=0 t4=0 t4s2=0 | R13=0 R134=0 R134s2=0 RT=1 RT4=1 RT4s2=1 | t4min 0
X k4_certs_4_pure.json.gz#123 7,61,164,48 [[7], [2, 8], [4, 5], [3, 6]] def 1 k 2 | t1=0 t2=1 t3p=0 t3h=0 t4=0 t4s2=0 | R13=0 R134=0 R134s2=0 RT=1 RT4=1 RT4s2=1 | t4min 0
X k4_certs_4_pure.json.gz#123 7,61,164,84 [[7], [2, 8], [4, 5], [3, 6]] def 1 k 2 | t1=0 t2=1 t3p=0 t3h=0 t4=0 t4s2=0 | R13=0 R134=0 R134s2=0 RT=1 RT4=1 RT4s2=1 | t4min 0
X k4_certs_4_pure.json.gz#123 7,61,164,90 [[7], [2, 8], [4, 5], [3, 6]] def 1 k 2 | t1=0 t2=1 t3p=0 t3h=0 t4=0 t4s2=0 | R13=0 R134=0 R134s2=0 RT=1 RT4=1 RT4s2=1 | t4min 0
X k4_certs_4_pure.json.gz#123 7,62,164,8 [[7], [2, 8], [4, 5], [3, 6]] def 1 k 3 | t1=0 t2=1 t3p=0 t3h=0 t4=0 t4s2=0 | R13=0 R134=0 R134s2=0 RT=1 RT4=1 RT4s2=1 | t4min 0
X k4_certs_4_pure.json.gz#123 7,62,164,14 [[7], [2, 8], [4, 5], [3, 6]] def 1 k 2 | t1=0 t2=1 t3p=0 t3h=0 t4=0 t4s2=0 | R13=0 R134=0 R134s2=0 RT=1 RT4=1 RT4s2=1 | t4min 0
X k4_certs_4_pure.json.gz#123 7,62,164,48 [[7], [2, 8], [4, 5], [3, 6]] def 1 k 2 | t1=0 t2=1 t3p=0 t3h=0 t4=0 t4s2=0 | R13=0 R134=0 R134s2=0 RT=1 RT4=1 RT4s2=1 | t4min 0
X k4_certs_4_pure.json.gz#123 7,62,164,84 [[7], [2, 8], [4, 5], [3, 6]] def 1 k 2 | t1=0 t2=1 t3p=0 t3h=0 t4=0 t4s2=0 | R13=0 R134=0 R134s2=0 RT=1 RT4=1 RT4s2=1 | t4min 0
X k4_certs_4_pure.json.gz#123 7,62,164,90 [[7], [2, 8], [4, 5], [3, 6]] def 1 k 2 | t1=0 t2=1 t3p=0 t3h=0 t4=0 t4s2=0 | R13=0 R134=0 R134s2=0 RT=1 RT4=1 RT4s2=1 | t4min 0
X k4_certs_4_pure.json.gz#123 7,63,164,8 [[7], [2, 8], [4, 5], [3, 6]] def 1 k 3 | t1=0 t2=1 t3p=0 t3h=0 t4=0 t4s2=0 | R13=0 R134=0 R134s2=0 RT=1 RT4=1 RT4s2=1 | t4min 0
X k4_certs_4_pure.json.gz#123 7,63,164,14 [[7], [2, 8], [4, 5], [3, 6]] def 1 k 2 | t1=0 t2=1 t3p=0 t3h=0 t4=0 t4s2=0 | R13=0 R134=0 R134s2=0 RT=1 RT4=1 RT4s2=1 | t4min 0
X k4_certs_4_pure.json.gz#123 7,63,164,48 [[7], [2, 8], [4, 5], [3, 6]] def 1 k 2 | t1=0 t2=1 t3p=0 t3h=0 t4=0 t4s2=0 | R13=0 R134=0 R134s2=0 RT=1 RT4=1 RT4s2=1 | t4min 0
X k4_certs_4_pure.json.gz#123 7,63,164,84 [[7], [2, 8], [4, 5], [3, 6]] def 1 k 2 | t1=0 t2=1 t3p=0 t3h=0 t4=0 t4s2=0 | R13=0 R134=0 R134s2=0 RT=1 RT4=1 RT4s2=1 | t4min 0
X k4_certs_4_pure.json.gz#123 7,63,164,90 [[7], [2, 8], [4, 5], [3, 6]] def 1 k 2 | t1=0 t2=1 t3p=0 t3h=0 t4=0 t4s2=0 | R13=0 R134=0 R134s2=0 RT=1 RT4=1 RT4s2=1 | t4min 0
X k4_certs_4_pure.json.gz#123 7,66,164,8 [[7], [2, 8], [4, 5], [3, 6]] def 1 k 3 | t1=0 t2=1 t3p=0 t3h=0 t4=0 t4s2=0 | R13=0 R134=0 R134s2=0 RT=1 RT4=1 RT4s2=1 | t4min 0
X k4_certs_4_pure.json.gz#123 7,66,164,14 [[7], [2, 8], [4, 5], [3, 6]] def 1 k 2 | t1=0 t2=1 t3p=0 t3h=0 t4=0 t4s2=0 | R13=0 R134=0 R134s2=0 RT=1 RT4=1 RT4s2=1 | t4min 0
X k4_certs_4_pure.json.gz#123 7,66,164,48 [[7], [2, 8], [4, 5], [3, 6]] def 1 k 2 | t1=0 t2=1 t3p=0 t3h=0 t4=0 t4s2=0 | R13=0 R134=0 R134s2=0 RT=1 RT4=1 RT4s2=1 | t4min 0
X k4_certs_4_pure.json.gz#123 7,66,164,84 [[7], [2, 8], [4, 5], [3, 6]] def 1 k 2 | t1=0 t2=1 t3p=0 t3h=0 t4=0 t4s2=0 | R13=0 R134=0 R134s2=0 RT=1 RT4=1 RT4s2=1 | t4min 0
X k4_certs_4_pure.json.gz#123 7,66,164,90 [[7], [2, 8], [4, 5], [3, 6]] def 1 k 2 | t1=0 t2=1 t3p=0 t3h=0 t4=0 t4s2=0 | R13=0 R134=0 R134s2=0 RT=1 RT4=1 RT4s2=1 | t4min 0
X k4_certs_4_pure.json.gz#123 7,73,164,8 [[7], [2, 8], [4, 5], [3, 6]] def 1 k 3 | t1=0 t2=1 t3p=0 t3h=0 t4=0 t4s2=0 | R13=0 R134=0 R134s2=0 RT=1 RT4=1 RT4s2=1 | t4min 0
X k4_certs_4_pure.json.gz#123 7,73,164,14 [[7], [2, 8], [4, 5], [3, 6]] def 1 k 2 | t1=0 t2=1 t3p=0 t3h=0 t4=0 t4s2=0 | R13=0 R134=0 R134s2=0 RT=1 RT4=1 RT4s2=1 | t4min 0
X k4_certs_4_pure.json.gz#123 7,73,164,48 [[7], [2, 8], [4, 5], [3, 6]] def 1 k 2 | t1=0 t2=1 t3p=0 t3h=0 t4=0 t4s2=0 | R13=0 R134=0 R134s2=0 RT=1 RT4=1 RT4s2=1 | t4min 0
X k4_certs_4_pure.json.gz#123 7,73,164,84 [[7], [2, 8], [4, 5], [3, 6]] def 1 k 2 | t1=0 t2=1 t3p=0 t3h=0 t4=0 t4s2=0 | R13=0 R134=0 R134s2=0 RT=1 RT4=1 RT4s2=1 | t4min 0
X k4_certs_4_pure.json.gz#123 7,73,164,90 [[7], [2, 8], [4, 5], [3, 6]] def 1 k 2 | t1=0 t2=1 t3p=0 t3h=0 t4=0 t4s2=0 | R13=0 R134=0 R134s2=0 RT=1 RT4=1 RT4s2=1 | t4min 0
X k4_certs_4_pure.json.gz#123 7,75,164,8 [[7], [2, 8], [4, 5], [3, 6]] def 1 k 3 | t1=0 t2=1 t3p=0 t3h=0 t4=0 t4s2=0 | R13=0 R134=0 R134s2=0 RT=1 RT4=1 RT4s2=1 | t4min 0
X k4_certs_4_pure.json.gz#123 7,75,164,14 [[7], [2, 8], [4, 5], [3, 6]] def 1 k 2 | t1=0 t2=1 t3p=0 t3h=0 t4=0 t4s2=0 | R13=0 R134=0 R134s2=0 RT=1 RT4=1 RT4s2=1 | t4min 0
X k4_certs_4_pure.json.gz#123 7,75,164,48 [[7], [2, 8], [4, 5], [3, 6]] def 1 k 2 | t1=0 t2=1 t3p=0 t3h=0 t4=0 t4s2=0 | R13=0 R134=0 R134s2=0 RT=1 RT4=1 RT4s2=1 | t4min 0
X k4_certs_4_pure.json.gz#123 7,75,164,84 [[7], [2, 8], [4, 5], [3, 6]] def 1 k 2 | t1=0 t2=1 t3p=0 t3h=0 t4=0 t4s2=0 | R13=0 R134=0 R134s2=0 RT=1 RT4=1 RT4s2=1 | t4min 0
X k4_certs_4_pure.json.gz#123 7,75,164,90 [[7], [2, 8], [4, 5], [3, 6]] def 1 k 2 | t1=0 t2=1 t3p=0 t3h=0 t4=0 t4s2=0 | R13=0 R134=0 R134s2=0 RT=1 RT4=1 RT4s2=1 | t4min 0
X k4_certs_4_pure.json.gz#123 7,85,164,8 [[7], [2, 8], [4, 5], [3, 6]] def 1 k 3 | t1=0 t2=1 t3p=0 t3h=0 t4=0 t4s2=0 | R13=0 R134=0 R134s2=0 RT=1 RT4=1 RT4s2=1 | t4min 0
X k4_certs_4_pure.json.gz#123 7,85,164,14 [[7], [2, 8], [4, 5], [3, 6]] def 1 k 2 | t1=0 t2=1 t3p=0 t3h=0 t4=0 t4s2=0 | R13=0 R134=0 R134s2=0 RT=1 RT4=1 RT4s2=1 | t4min 0
X k4_certs_4_pure.json.gz#123 7,85,164,48 [[7], [2, 8], [4, 5], [3, 6]] def 1 k 2 | t1=0 t2=1 t3p=0 t3h=0 t4=0 t4s2=0 | R13=0 R134=0 R134s2=0 RT=1 RT4=1 RT4s2=1 | t4min 0
X k4_certs_4_pure.json.gz#123 7,85,164,84 [[7], [2, 8], [4, 5], [3, 6]] def 1 k 2 | t1=0 t2=1 t3p=0 t3h=0 t4=0 t4s2=0 | R13=0 R134=0 R134s2=0 RT=1 RT4=1 RT4s2=1 | t4min 0
X k4_certs_4_pure.json.gz#123 7,85,164,90 [[7], [2, 8], [4, 5], [3, 6]] def 1 k 2 | t1=0 t2=1 t3p=0 t3h=0 t4=0 t4s2=0 | R13=0 R134=0 R134s2=0 RT=1 RT4=1 RT4s2=1 | t4min 0
X k4_certs_4_pure.json.gz#123 7,87,164,8 [[7], [2, 8], [4, 5], [3, 6]] def 1 k 3 | t1=0 t2=1 t3p=0 t3h=0 t4=0 t4s2=0 | R13=0 R134=0 R134s2=0 RT=1 RT4=1 RT4s2=1 | t4min 0
X k4_certs_4_pure.json.gz#123 7,87,164,14 [[7], [2, 8], [4, 5], [3, 6]] def 1 k 2 | t1=0 t2=1 t3p=0 t3h=0 t4=0 t4s2=0 | R13=0 R134=0 R134s2=0 RT=1 RT4=1 RT4s2=1 | t4min 0
X k4_certs_4_pure.json.gz#123 7,87,164,48 [[7], [2, 8], [4, 5], [3, 6]] def 1 k 2 | t1=0 t2=1 t3p=0 t3h=0 t4=0 t4s2=0 | R13=0 R134=0 R134s2=0 RT=1 RT4=1 RT4s2=1 | t4min 0
X k4_certs_4_pure.json.gz#123 7,87,164,84 [[7], [2, 8], [4, 5], [3, 6]] def 1 k 2 | t1=0 t2=1 t3p=0 t3h=0 t4=0 t4s2=0 | R13=0 R134=0 R134s2=0 RT=1 RT4=1 RT4s2=1 | t4min 0
X k4_certs_4_pure.json.gz#123 7,87,164,90 [[7], [2, 8], [4, 5], [3, 6]] def 1 k 2 | t1=0 t2=1 t3p=0 t3h=0 t4=0 t4s2=0 | R13=0 R134=0 R134s2=0 RT=1 RT4=1 RT4s2=1 | t4min 0
X k4_certs_4_pure.json.gz#123 7,91,164,8 [[7], [2, 8], [4, 5], [3, 6]] def 1 k 3 | t1=0 t2=1 t3p=0 t3h=0 t4=0 t4s2=0 | R13=0 R134=0 R134s2=0 RT=1 RT4=1 RT4s2=1 | t4min 0
X k4_certs_4_pure.json.gz#123 7,91,164,14 [[7], [2, 8], [4, 5], [3, 6]] def 1 k 2 | t1=0 t2=1 t3p=0 t3h=0 t4=0 t4s2=0 | R13=0 R134=0 R134s2=0 RT=1 RT4=1 RT4s2=1 | t4min 0
X k4_certs_4_pure.json.gz#123 7,91,164,48 [[7], [2, 8], [4, 5], [3, 6]] def 1 k 2 | t1=0 t2=1 t3p=0 t3h=0 t4=0 t4s2=0 | R13=0 R134=0 R134s2=0 RT=1 RT4=1 RT4s2=1 | t4min 0
X k4_certs_4_pure.json.gz#123 7,91,164,84 [[7], [2, 8], [4, 5], [3, 6]] def 1 k 2 | t1=0 t2=1 t3p=0 t3h=0 t4=0 t4s2=0 | R13=0 R134=0 R134s2=0 RT=1 RT4=1 RT4s2=1 | t4min 0
X k4_certs_4_pure.json.gz#123 7,91,164,90 [[7], [2, 8], [4, 5], [3, 6]] def 1 k 2 | t1=0 t2=1 t3p=0 t3h=0 t4=0 t4s2=0 | R13=0 R134=0 R134s2=0 RT=1 RT4=1 RT4s2=1 | t4min 0
X k4_certs_4_pure.json.gz#123 7,93,164,8 [[7], [2, 8], [4, 5], [3, 6]] def 1 k 3 | t1=0 t2=1 t3p=0 t3h=0 t4=0 t4s2=0 | R13=0 R134=0 R134s2=0 RT=1 RT4=1 RT4s2=1 | t4min 0
X k4_certs_4_pure.json.gz#123 7,93,164,14 [[7], [2, 8], [4, 5], [3, 6]] def 1 k 2 | t1=0 t2=1 t3p=0 t3h=0 t4=0 t4s2=0 | R13=0 R134=0 R134s2=0 RT=1 RT4=1 RT4s2=1 | t4min 0
X k4_certs_4_pure.json.gz#123 7,93,164,48 [[7], [2, 8], [4, 5], [3, 6]] def 1 k 2 | t1=0 t2=1 t3p=0 t3h=0 t4=0 t4s2=0 | R13=0 R134=0 R134s2=0 RT=1 RT4=1 RT4s2=1 | t4min 0
X k4_certs_4_pure.json.gz#123 7,93,164,84 [[7], [2, 8], [4, 5], [3, 6]] def 1 k 2 | t1=0 t2=1 t3p=0 t3h=0 t4=0 t4s2=0 | R13=0 R134=0 R134s2=0 RT=1 RT4=1 RT4s2=1 | t4min 0
X k4_certs_4_pure.json.gz#123 7,93,164,90 [[7], [2, 8], [4, 5], [3, 6]] def 1 k 2 | t1=0 t2=1 t3p=0 t3h=0 t4=0 t4s2=0 | R13=0 R134=0 R134s2=0 RT=1 RT4=1 RT4s2=1 | t4min 0
X k4_certs_4_pure.json.gz#123 7,97,164,8 [[7], [2, 8], [4, 5], [3, 6]] def 1 k 3 | t1=0 t2=1 t3p=0 t3h=0 t4=0 t4s2=0 | R13=0 R134=0 R134s2=0 RT=1 RT4=1 RT4s2=1 | t4min 0
X k4_certs_4_pure.json.gz#123 7,97,164,14 [[7], [2, 8], [4, 5], [3, 6]] def 1 k 2 | t1=0 t2=1 t3p=0 t3h=0 t4=0 t4s2=0 | R13=0 R134=0 R134s2=0 RT=1 RT4=1 RT4s2=1 | t4min 0
X k4_certs_4_pure.json.gz#123 7,97,164,48 [[7], [2, 8], [4, 5], [3, 6]] def 1 k 2 | t1=0 t2=1 t3p=0 t3h=0 t4=0 t4s2=0 | R13=0 R134=0 R134s2=0 RT=1 RT4=1 RT4s2=1 | t4min 0
X k4_certs_4_pure.json.gz#123 7,97,164,84 [[7], [2, 8], [4, 5], [3, 6]] def 1 k 2 | t1=0 t2=1 t3p=0 t3h=0 t4=0 t4s2=0 | R13=0 R134=0 R134s2=0 RT=1 RT4=1 RT4s2=1 | t4min 0
X k4_certs_4_pure.json.gz#123 7,97,164,90 [[7], [2, 8], [4, 5], [3, 6]] def 1 k 2 | t1=0 t2=1 t3p=0 t3h=0 t4=0 t4s2=0 | R13=0 R134=0 R134s2=0 RT=1 RT4=1 RT4s2=1 | t4min 0
X k4_certs_4_pure.json.gz#123 7,103,164,8 [[7], [2, 8], [4, 5], [3, 6]] def 1 k 3 | t1=0 t2=1 t3p=0 t3h=0 t4=0 t4s2=0 | R13=0 R134=0 R134s2=0 RT=1 RT4=1 RT4s2=1 | t4min 0
X k4_certs_4_pure.json.gz#123 7,103,164,14 [[7], [2, 8], [4, 5], [3, 6]] def 1 k 2 | t1=0 t2=1 t3p=0 t3h=0 t4=0 t4s2=0 | R13=0 R134=0 R134s2=0 RT=1 RT4=1 RT4s2=1 | t4min 0
X k4_certs_4_pure.json.gz#123 7,103,164,48 [[7], [2, 8], [4, 5], [3, 6]] def 1 k 2 | t1=0 t2=1 t3p=0 t3h=0 t4=0 t4s2=0 | R13=0 R134=0 R134s2=0 RT=1 RT4=1 RT4s2=1 | t4min 0
X k4_certs_4_pure.json.gz#123 7,103,164,84 [[7], [2, 8], [4, 5], [3, 6]] def 1 k 2 | t1=0 t2=1 t3p=0 t3h=0 t4=0 t4s2=0 | R13=0 R134=0 R134s2=0 RT=1 RT4=1 RT4s2=1 | t4min 0
X k4_certs_4_pure.json.gz#123 7,103,164,90 [[7], [2, 8], [4, 5], [3, 6]] def 1 k 2 | t1=0 t2=1 t3p=0 t3h=0 t4=0 t4s2=0 | R13=0 R134=0 R134s2=0 RT=1 RT4=1 RT4s2=1 | t4min 0
X k4_certs_4_pure.json.gz#123 7,110,164,8 [[7], [2, 8], [4, 5], [3, 6]] def 1 k 3 | t1=0 t2=1 t3p=0 t3h=0 t4=0 t4s2=0 | R13=0 R134=0 R134s2=0 RT=1 RT4=1 RT4s2=1 | t4min 0
X k4_certs_4_pure.json.gz#123 7,110,164,14 [[7], [2, 8], [4, 5], [3, 6]] def 1 k 2 | t1=0 t2=1 t3p=0 t3h=0 t4=0 t4s2=0 | R13=0 R134=0 R134s2=0 RT=1 RT4=1 RT4s2=1 | t4min 0
X k4_certs_4_pure.json.gz#123 7,110,164,48 [[7], [2, 8], [4, 5], [3, 6]] def 1 k 2 | t1=0 t2=1 t3p=0 t3h=0 t4=0 t4s2=0 | R13=0 R134=0 R134s2=0 RT=1 RT4=1 RT4s2=1 | t4min 0
X k4_certs_4_pure.json.gz#123 7,110,164,84 [[7], [2, 8], [4, 5], [3, 6]] def 1 k 2 | t1=0 t2=1 t3p=0 t3h=0 t4=0 t4s2=0 | R13=0 R134=0 R134s2=0 RT=1 RT4=1 RT4s2=1 | t4min 0
X k4_certs_4_pure.json.gz#123 7,110,164,90 [[7], [2, 8], [4, 5], [3, 6]] def 1 k 2 | t1=0 t2=1 t3p=0 t3h=0 t4=0 t4s2=0 | R13=0 R134=0 R134s2=0 RT=1 RT4=1 RT4s2=1 | t4min 0
X k4_certs_4_pure.json.gz#123 7,113,164,8 [[7], [2, 8], [4, 5], [3, 6]] def 1 k 3 | t1=0 t2=1 t3p=0 t3h=0 t4=0 t4s2=0 | R13=0 R134=0 R134s2=0 RT=1 RT4=1 RT4s2=1 | t4min 0
X k4_certs_4_pure.json.gz#123 7,113,164,14 [[7], [2, 8], [4, 5], [3, 6]] def 1 k 2 | t1=0 t2=1 t3p=0 t3h=0 t4=0 t4s2=0 | R13=0 R134=0 R134s2=0 RT=1 RT4=1 RT4s2=1 | t4min 0
X k4_certs_4_pure.json.gz#123 7,113,164,48 [[7], [2, 8], [4, 5], [3, 6]] def 1 k 2 | t1=0 t2=1 t3p=0 t3h=0 t4=0 t4s2=0 | R13=0 R134=0 R134s2=0 RT=1 RT4=1 RT4s2=1 | t4min 0
X k4_certs_4_pure.json.gz#123 7,113,164,84 [[7], [2, 8], [4, 5], [3, 6]] def 1 k 2 | t1=0 t2=1 t3p=0 t3h=0 t4=0 t4s2=0 | R13=0 R134=0 R134s2=0 RT=1 RT4=1 RT4s2=1 | t4min 0
X k4_certs_4_pure.json.gz#123 7,113,164,90 [[7], [2, 8], [4, 5], [3, 6]] def 1 k 2 | t1=0 t2=1 t3p=0 t3h=0 t4=0 t4s2=0 | R13=0 R134=0 R134s2=0 RT=1 RT4=1 RT4s2=1 | t4min 0
X k4_certs_4_pure.json.gz#123 7,116,164,8 [[7], [2, 8], [4, 5], [3, 6]] def 1 k 3 | t1=0 t2=1 t3p=0 t3h=0 t4=0 t4s2=0 | R13=0 R134=0 R134s2=0 RT=1 RT4=1 RT4s2=1 | t4min 0
X k4_certs_4_pure.json.gz#123 7,116,164,14 [[7], [2, 8], [4, 5], [3, 6]] def 1 k 2 | t1=0 t2=1 t3p=0 t3h=0 t4=0 t4s2=0 | R13=0 R134=0 R134s2=0 RT=1 RT4=1 RT4s2=1 | t4min 0
X k4_certs_4_pure.json.gz#123 7,116,164,48 [[7], [2, 8], [4, 5], [3, 6]] def 1 k 2 | t1=0 t2=1 t3p=0 t3h=0 t4=0 t4s2=0 | R13=0 R134=0 R134s2=0 RT=1 RT4=1 RT4s2=1 | t4min 0
X k4_certs_4_pure.json.gz#123 7,116,164,84 [[7], [2, 8], [4, 5], [3, 6]] def 1 k 2 | t1=0 t2=1 t3p=0 t3h=0 t4=0 t4s2=0 | R13=0 R134=0 R134s2=0 RT=1 RT4=1 RT4s2=1 | t4min 0
X k4_certs_4_pure.json.gz#123 7,116,164,90 [[7], [2, 8], [4, 5], [3, 6]] def 1 k 2 | t1=0 t2=1 t3p=0 t3h=0 t4=0 t4s2=0 | R13=0 R134=0 R134s2=0 RT=1 RT4=1 RT4s2=1 | t4min 0
X k4_certs_4_pure.json.gz#123 7,119,164,8 [[7], [2, 8], [4, 5], [3, 6]] def 1 k 3 | t1=0 t2=1 t3p=0 t3h=0 t4=0 t4s2=0 | R13=0 R134=0 R134s2=0 RT=1 RT4=1 RT4s2=1 | t4min 0
X k4_certs_4_pure.json.gz#123 7,119,164,14 [[7], [2, 8], [4, 5], [3, 6]] def 1 k 2 | t1=0 t2=1 t3p=0 t3h=0 t4=0 t4s2=0 | R13=0 R134=0 R134s2=0 RT=1 RT4=1 RT4s2=1 | t4min 0
X k4_certs_4_pure.json.gz#123 7,119,164,48 [[7], [2, 8], [4, 5], [3, 6]] def 1 k 2 | t1=0 t2=1 t3p=0 t3h=0 t4=0 t4s2=0 | R13=0 R134=0 R134s2=0 RT=1 RT4=1 RT4s2=1 | t4min 0
X k4_certs_4_pure.json.gz#123 7,119,164,84 [[7], [2, 8], [4, 5], [3, 6]] def 1 k 2 | t1=0 t2=1 t3p=0 t3h=0 t4=0 t4s2=0 | R13=0 R134=0 R134s2=0 RT=1 RT4=1 RT4s2=1 | t4min 0
X k4_certs_4_pure.json.gz#123 7,119,164,90 [[7], [2, 8], [4, 5], [3, 6]] def 1 k 2 | t1=0 t2=1 t3p=0 t3h=0 t4=0 t4s2=0 | R13=0 R134=0 R134s2=0 RT=1 RT4=1 RT4s2=1 | t4min 0
X k4_certs_4_pure.json.gz#123 7,122,164,8 [[7], [2, 8], [4, 5], [3, 6]] def 1 k 3 | t1=0 t2=1 t3p=0 t3h=0 t4=0 t4s2=0 | R13=0 R134=0 R134s2=0 RT=1 RT4=1 RT4s2=1 | t4min 0
X k4_certs_4_pure.json.gz#123 7,122,164,14 [[7], [2, 8], [4, 5], [3, 6]] def 1 k 2 | t1=0 t2=1 t3p=0 t3h=0 t4=0 t4s2=0 | R13=0 R134=0 R134s2=0 RT=1 RT4=1 RT4s2=1 | t4min 0
X k4_certs_4_pure.json.gz#123 7,122,164,48 [[7], [2, 8], [4, 5], [3, 6]] def 1 k 2 | t1=0 t2=1 t3p=0 t3h=0 t4=0 t4s2=0 | R13=0 R134=0 R134s2=0 RT=1 RT4=1 RT4s2=1 | t4min 0
X k4_certs_4_pure.json.gz#123 7,122,164,84 [[7], [2, 8], [4, 5], [3, 6]] def 1 k 2 | t1=0 t2=1 t3p=0 t3h=0 t4=0 t4s2=0 | R13=0 R134=0 R134s2=0 RT=1 RT4=1 RT4s2=1 | t4min 0
X k4_certs_4_pure.json.gz#123 7,122,164,90 [[7], [2, 8], [4, 5], [3, 6]] def 1 k 2 | t1=0 t2=1 t3p=0 t3h=0 t4=0 t4s2=0 | R13=0 R134=0 R134s2=0 RT=1 RT4=1 RT4s2=1 | t4min 0
X k4_certs_4_pure.json.gz#123 7,123,164,8 [[7], [2, 8], [4, 5], [3, 6]] def 1 k 3 | t1=0 t2=1 t3p=0 t3h=0 t4=0 t4s2=0 | R13=0 R134=0 R134s2=0 RT=1 RT4=1 RT4s2=1 | t4min 0
X k4_certs_4_pure.json.gz#123 7,123,164,14 [[7], [2, 8], [4, 5], [3, 6]] def 1 k 2 | t1=0 t2=1 t3p=0 t3h=0 t4=0 t4s2=0 | R13=0 R134=0 R134s2=0 RT=1 RT4=1 RT4s2=1 | t4min 0
X k4_certs_4_pure.json.gz#123 7,123,164,48 [[7], [2, 8], [4, 5], [3, 6]] def 1 k 2 | t1=0 t2=1 t3p=0 t3h=0 t4=0 t4s2=0 | R13=0 R134=0 R134s2=0 RT=1 RT4=1 RT4s2=1 | t4min 0
X k4_certs_4_pure.json.gz#123 7,123,164,84 [[7], [2, 8], [4, 5], [3, 6]] def 1 k 2 | t1=0 t2=1 t3p=0 t3h=0 t4=0 t4s2=0 | R13=0 R134=0 R134s2=0 RT=1 RT4=1 RT4s2=1 | t4min 0
X k4_certs_4_pure.json.gz#123 7,123,164,90 [[7], [2, 8], [4, 5], [3, 6]] def 1 k 2 | t1=0 t2=1 t3p=0 t3h=0 t4=0 t4s2=0 | R13=0 R134=0 R134s2=0 RT=1 RT4=1 RT4s2=1 | t4min 0
X k4_certs_4_pure.json.gz#123 7,127,164,8 [[7], [2, 8], [4, 5], [3, 6]] def 1 k 3 | t1=0 t2=1 t3p=0 t3h=0 t4=0 t4s2=0 | R13=0 R134=0 R134s2=0 RT=1 RT4=1 RT4s2=1 | t4min 0
X k4_certs_4_pure.json.gz#123 7,127,164,14 [[7], [2, 8], [4, 5], [3, 6]] def 1 k 2 | t1=0 t2=1 t3p=0 t3h=0 t4=0 t4s2=0 | R13=0 R134=0 R134s2=0 RT=1 RT4=1 RT4s2=1 | t4min 0
X k4_certs_4_pure.json.gz#123 7,127,164,48 [[7], [2, 8], [4, 5], [3, 6]] def 1 k 2 | t1=0 t2=1 t3p=0 t3h=0 t4=0 t4s2=0 | R13=0 R134=0 R134s2=0 RT=1 RT4=1 RT4s2=1 | t4min 0
X k4_certs_4_pure.json.gz#123 7,127,164,84 [[7], [2, 8], [4, 5], [3, 6]] def 1 k 2 | t1=0 t2=1 t3p=0 t3h=0 t4=0 t4s2=0 | R13=0 R134=0 R134s2=0 RT=1 RT4=1 RT4s2=1 | t4min 0
X k4_certs_4_pure.json.gz#123 7,127,164,90 [[7], [2, 8], [4, 5], [3, 6]] def 1 k 2 | t1=0 t2=1 t3p=0 t3h=0 t4=0 t4s2=0 | R13=0 R134=0 R134s2=0 RT=1 RT4=1 RT4s2=1 | t4min 0
X k4_certs_4_pure.json.gz#123 7,133,164,8 [[7], [2, 8], [4, 5], [3, 6]] def 1 k 3 | t1=0 t2=1 t3p=0 t3h=0 t4=0 t4s2=0 | R13=0 R134=0 R134s2=0 RT=1 RT4=1 RT4s2=1 | t4min 0
X k4_certs_4_pure.json.gz#123 7,133,164,14 [[7], [2, 8], [4, 5], [3, 6]] def 1 k 2 | t1=0 t2=1 t3p=0 t3h=0 t4=0 t4s2=0 | R13=0 R134=0 R134s2=0 RT=1 RT4=1 RT4s2=1 | t4min 0
X k4_certs_4_pure.json.gz#123 7,133,164,48 [[7], [2, 8], [4, 5], [3, 6]] def 1 k 2 | t1=0 t2=1 t3p=0 t3h=0 t4=0 t4s2=0 | R13=0 R134=0 R134s2=0 RT=1 RT4=1 RT4s2=1 | t4min 0
X k4_certs_4_pure.json.gz#123 7,133,164,84 [[7], [2, 8], [4, 5], [3, 6]] def 1 k 2 | t1=0 t2=1 t3p=0 t3h=0 t4=0 t4s2=0 | R13=0 R134=0 R134s2=0 RT=1 RT4=1 RT4s2=1 | t4min 0
X k4_certs_4_pure.json.gz#123 7,133,164,90 [[7], [2, 8], [4, 5], [3, 6]] def 1 k 2 | t1=0 t2=1 t3p=0 t3h=0 t4=0 t4s2=0 | R13=0 R134=0 R134s2=0 RT=1 RT4=1 RT4s2=1 | t4min 0
X k4_certs_4_pure.json.gz#123 7,136,164,8 [[7], [2, 8], [4, 5], [3, 6]] def 1 k 3 | t1=0 t2=1 t3p=0 t3h=0 t4=0 t4s2=0 | R13=0 R134=0 R134s2=0 RT=1 RT4=1 RT4s2=1 | t4min 0
X k4_certs_4_pure.json.gz#123 7,136,164,14 [[7], [2, 8], [4, 5], [3, 6]] def 1 k 2 | t1=0 t2=1 t3p=0 t3h=0 t4=0 t4s2=0 | R13=0 R134=0 R134s2=0 RT=1 RT4=1 RT4s2=1 | t4min 0
X k4_certs_4_pure.json.gz#123 7,136,164,48 [[7], [2, 8], [4, 5], [3, 6]] def 1 k 2 | t1=0 t2=1 t3p=0 t3h=0 t4=0 t4s2=0 | R13=0 R134=0 R134s2=0 RT=1 RT4=1 RT4s2=1 | t4min 0
X k4_certs_4_pure.json.gz#123 7,136,164,84 [[7], [2, 8], [4, 5], [3, 6]] def 1 k 2 | t1=0 t2=1 t3p=0 t3h=0 t4=0 t4s2=0 | R13=0 R134=0 R134s2=0 RT=1 RT4=1 RT4s2=1 | t4min 0
X k4_certs_4_pure.json.gz#123 7,136,164,90 [[7], [2, 8], [4, 5], [3, 6]] def 1 k 2 | t1=0 t2=1 t3p=0 t3h=0 t4=0 t4s2=0 | R13=0 R134=0 R134s2=0 RT=1 RT4=1 RT4s2=1 | t4min 0
X k4_certs_4_pure.json.gz#123 7,137,164,8 [[7], [2, 8], [4, 5], [3, 6]] def 1 k 3 | t1=0 t2=1 t3p=0 t3h=0 t4=0 t4s2=0 | R13=0 R134=0 R134s2=0 RT=1 RT4=1 RT4s2=1 | t4min 0
X k4_certs_4_pure.json.gz#123 7,137,164,14 [[7], [2, 8], [4, 5], [3, 6]] def 1 k 2 | t1=0 t2=1 t3p=0 t3h=0 t4=0 t4s2=0 | R13=0 R134=0 R134s2=0 RT=1 RT4=1 RT4s2=1 | t4min 0
X k4_certs_4_pure.json.gz#123 7,137,164,48 [[7], [2, 8], [4, 5], [3, 6]] def 1 k 2 | t1=0 t2=1 t3p=0 t3h=0 t4=0 t4s2=0 | R13=0 R134=0 R134s2=0 RT=1 RT4=1 RT4s2=1 | t4min 0
X k4_certs_4_pure.json.gz#123 7,137,164,84 [[7], [2, 8], [4, 5], [3, 6]] def 1 k 2 | t1=0 t2=1 t3p=0 t3h=0 t4=0 t4s2=0 | R13=0 R134=0 R134s2=0 RT=1 RT4=1 RT4s2=1 | t4min 0
X k4_certs_4_pure.json.gz#123 7,137,164,90 [[7], [2, 8], [4, 5], [3, 6]] def 1 k 2 | t1=0 t2=1 t3p=0 t3h=0 t4=0 t4s2=0 | R13=0 R134=0 R134s2=0 RT=1 RT4=1 RT4s2=1 | t4min 0
X k4_certs_4_pure.json.gz#123 7,139,164,8 [[7], [2, 8], [4, 5], [3, 6]] def 1 k 3 | t1=0 t2=1 t3p=0 t3h=0 t4=0 t4s2=0 | R13=0 R134=0 R134s2=0 RT=1 RT4=1 RT4s2=1 | t4min 0
X k4_certs_4_pure.json.gz#123 7,139,164,14 [[7], [2, 8], [4, 5], [3, 6]] def 1 k 2 | t1=0 t2=1 t3p=0 t3h=0 t4=0 t4s2=0 | R13=0 R134=0 R134s2=0 RT=1 RT4=1 RT4s2=1 | t4min 0
X k4_certs_4_pure.json.gz#123 7,139,164,48 [[7], [2, 8], [4, 5], [3, 6]] def 1 k 2 | t1=0 t2=1 t3p=0 t3h=0 t4=0 t4s2=0 | R13=0 R134=0 R134s2=0 RT=1 RT4=1 RT4s2=1 | t4min 0
X k4_certs_4_pure.json.gz#123 7,139,164,84 [[7], [2, 8], [4, 5], [3, 6]] def 1 k 2 | t1=0 t2=1 t3p=0 t3h=0 t4=0 t4s2=0 | R13=0 R134=0 R134s2=0 RT=1 RT4=1 RT4s2=1 | t4min 0
X k4_certs_4_pure.json.gz#123 7,139,164,90 [[7], [2, 8], [4, 5], [3, 6]] def 1 k 2 | t1=0 t2=1 t3p=0 t3h=0 t4=0 t4s2=0 | R13=0 R134=0 R134s2=0 RT=1 RT4=1 RT4s2=1 | t4min 0
X k4_certs_4_pure.json.gz#123 7,140,164,8 [[7], [2, 8], [4, 5], [3, 6]] def 1 k 3 | t1=0 t2=1 t3p=0 t3h=0 t4=0 t4s2=0 | R13=0 R134=0 R134s2=0 RT=1 RT4=1 RT4s2=1 | t4min 0
X k4_certs_4_pure.json.gz#123 7,140,164,14 [[7], [2, 8], [4, 5], [3, 6]] def 1 k 2 | t1=0 t2=1 t3p=0 t3h=0 t4=0 t4s2=0 | R13=0 R134=0 R134s2=0 RT=1 RT4=1 RT4s2=1 | t4min 0
X k4_certs_4_pure.json.gz#123 7,140,164,48 [[7], [2, 8], [4, 5], [3, 6]] def 1 k 2 | t1=0 t2=1 t3p=0 t3h=0 t4=0 t4s2=0 | R13=0 R134=0 R134s2=0 RT=1 RT4=1 RT4s2=1 | t4min 0
X k4_certs_4_pure.json.gz#123 7,140,164,84 [[7], [2, 8], [4, 5], [3, 6]] def 1 k 2 | t1=0 t2=1 t3p=0 t3h=0 t4=0 t4s2=0 | R13=0 R134=0 R134s2=0 RT=1 RT4=1 RT4s2=1 | t4min 0
X k4_certs_4_pure.json.gz#123 7,140,164,90 [[7], [2, 8], [4, 5], [3, 6]] def 1 k 2 | t1=0 t2=1 t3p=0 t3h=0 t4=0 t4s2=0 | R13=0 R134=0 R134s2=0 RT=1 RT4=1 RT4s2=1 | t4min 0
X k4_certs_4_pure.json.gz#123 7,142,164,8 [[7], [2, 8], [4, 5], [3, 6]] def 1 k 3 | t1=0 t2=1 t3p=0 t3h=0 t4=0 t4s2=0 | R13=0 R134=0 R134s2=0 RT=1 RT4=1 RT4s2=1 | t4min 0
X k4_certs_4_pure.json.gz#123 7,142,164,14 [[7], [2, 8], [4, 5], [3, 6]] def 1 k 2 | t1=0 t2=1 t3p=0 t3h=0 t4=0 t4s2=0 | R13=0 R134=0 R134s2=0 RT=1 RT4=1 RT4s2=1 | t4min 0
X k4_certs_4_pure.json.gz#123 7,142,164,48 [[7], [2, 8], [4, 5], [3, 6]] def 1 k 2 | t1=0 t2=1 t3p=0 t3h=0 t4=0 t4s2=0 | R13=0 R134=0 R134s2=0 RT=1 RT4=1 RT4s2=1 | t4min 0
X k4_certs_4_pure.json.gz#123 7,142,164,84 [[7], [2, 8], [4, 5], [3, 6]] def 1 k 2 | t1=0 t2=1 t3p=0 t3h=0 t4=0 t4s2=0 | R13=0 R134=0 R134s2=0 RT=1 RT4=1 RT4s2=1 | t4min 0
X k4_certs_4_pure.json.gz#123 7,142,164,90 [[7], [2, 8], [4, 5], [3, 6]] def 1 k 2 | t1=0 t2=1 t3p=0 t3h=0 t4=0 t4s2=0 | R13=0 R134=0 R134s2=0 RT=1 RT4=1 RT4s2=1 | t4min 0
X k4_certs_4_pure.json.gz#123 7,143,164,8 [[7], [2, 8], [4, 5], [3, 6]] def 1 k 3 | t1=0 t2=1 t3p=0 t3h=0 t4=0 t4s2=0 | R13=0 R134=0 R134s2=0 RT=1 RT4=1 RT4s2=1 | t4min 0
X k4_certs_4_pure.json.gz#123 7,143,164,14 [[7], [2, 8], [4, 5], [3, 6]] def 1 k 2 | t1=0 t2=1 t3p=0 t3h=0 t4=0 t4s2=0 | R13=0 R134=0 R134s2=0 RT=1 RT4=1 RT4s2=1 | t4min 0
X k4_certs_4_pure.json.gz#123 7,143,164,48 [[7], [2, 8], [4, 5], [3, 6]] def 1 k 2 | t1=0 t2=1 t3p=0 t3h=0 t4=0 t4s2=0 | R13=0 R134=0 R134s2=0 RT=1 RT4=1 RT4s2=1 | t4min 0
X k4_certs_4_pure.json.gz#123 7,143,164,84 [[7], [2, 8], [4, 5], [3, 6]] def 1 k 2 | t1=0 t2=1 t3p=0 t3h=0 t4=0 t4s2=0 | R13=0 R134=0 R134s2=0 RT=1 RT4=1 RT4s2=1 | t4min 0
X k4_certs_4_pure.json.gz#123 7,143,164,90 [[7], [2, 8], [4, 5], [3, 6]] def 1 k 2 | t1=0 t2=1 t3p=0 t3h=0 t4=0 t4s2=0 | R13=0 R134=0 R134s2=0 RT=1 RT4=1 RT4s2=1 | t4min 0
X k4_certs_4_pure.json.gz#123 7,154,164,8 [[7], [2, 8], [4, 5], [3, 6]] def 1 k 3 | t1=0 t2=1 t3p=0 t3h=0 t4=0 t4s2=0 | R13=0 R134=0 R134s2=0 RT=1 RT4=1 RT4s2=1 | t4min 0
X k4_certs_4_pure.json.gz#123 7,154,164,14 [[7], [2, 8], [4, 5], [3, 6]] def 1 k 2 | t1=0 t2=1 t3p=0 t3h=0 t4=0 t4s2=0 | R13=0 R134=0 R134s2=0 RT=1 RT4=1 RT4s2=1 | t4min 0
X k4_certs_4_pure.json.gz#123 7,154,164,48 [[7], [2, 8], [4, 5], [3, 6]] def 1 k 2 | t1=0 t2=1 t3p=0 t3h=0 t4=0 t4s2=0 | R13=0 R134=0 R134s2=0 RT=1 RT4=1 RT4s2=1 | t4min 0
X k4_certs_4_pure.json.gz#123 7,154,164,84 [[7], [2, 8], [4, 5], [3, 6]] def 1 k 2 | t1=0 t2=1 t3p=0 t3h=0 t4=0 t4s2=0 | R13=0 R134=0 R134s2=0 RT=1 RT4=1 RT4s2=1 | t4min 0
X k4_certs_4_pure.json.gz#123 7,154,164,90 [[7], [2, 8], [4, 5], [3, 6]] def 1 k 2 | t1=0 t2=1 t3p=0 t3h=0 t4=0 t4s2=0 | R13=0 R134=0 R134s2=0 RT=1 RT4=1 RT4s2=1 | t4min 0
X k4_certs_4_pure.json.gz#123 7,162,164,8 [[7], [2, 8], [4, 5], [3, 6]] def 1 k 3 | t1=0 t2=1 t3p=0 t3h=0 t4=0 t4s2=0 | R13=0 R134=0 R134s2=0 RT=1 RT4=1 RT4s2=1 | t4min 0
X k4_certs_4_pure.json.gz#123 7,162,164,14 [[7], [2, 8], [4, 5], [3, 6]] def 1 k 2 | t1=0 t2=1 t3p=0 t3h=0 t4=0 t4s2=0 | R13=0 R134=0 R134s2=0 RT=1 RT4=1 RT4s2=1 | t4min 0
X k4_certs_4_pure.json.gz#123 7,162,164,48 [[7], [2, 8], [4, 5], [3, 6]] def 1 k 2 | t1=0 t2=1 t3p=0 t3h=0 t4=0 t4s2=0 | R13=0 R134=0 R134s2=0 RT=1 RT4=1 RT4s2=1 | t4min 0
X k4_certs_4_pure.json.gz#123 7,162,164,84 [[7], [2, 8], [4, 5], [3, 6]] def 1 k 2 | t1=0 t2=1 t3p=0 t3h=0 t4=0 t4s2=0 | R13=0 R134=0 R134s2=0 RT=1 RT4=1 RT4s2=1 | t4min 0
X k4_certs_4_pure.json.gz#123 7,162,164,90 [[7], [2, 8], [4, 5], [3, 6]] def 1 k 2 | t1=0 t2=1 t3p=0 t3h=0 t4=0 t4s2=0 | R13=0 R134=0 R134s2=0 RT=1 RT4=1 RT4s2=1 | t4min 0
X k4_certs_4_pure.json.gz#123 7,163,164,8 [[7], [2, 8], [4, 5], [3, 6]] def 1 k 3 | t1=0 t2=1 t3p=0 t3h=0 t4=0 t4s2=0 | R13=0 R134=0 R134s2=0 RT=1 RT4=1 RT4s2=1 | t4min 0
X k4_certs_4_pure.json.gz#123 7,163,164,14 [[7], [2, 8], [4, 5], [3, 6]] def 1 k 2 | t1=0 t2=1 t3p=0 t3h=0 t4=0 t4s2=0 | R13=0 R134=0 R134s2=0 RT=1 RT4=1 RT4s2=1 | t4min 0
X k4_certs_4_pure.json.gz#123 7,163,164,48 [[7], [2, 8], [4, 5], [3, 6]] def 1 k 2 | t1=0 t2=1 t3p=0 t3h=0 t4=0 t4s2=0 | R13=0 R134=0 R134s2=0 RT=1 RT4=1 RT4s2=1 | t4min 0
X k4_certs_4_pure.json.gz#123 7,163,164,84 [[7], [2, 8], [4, 5], [3, 6]] def 1 k 2 | t1=0 t2=1 t3p=0 t3h=0 t4=0 t4s2=0 | R13=0 R134=0 R134s2=0 RT=1 RT4=1 RT4s2=1 | t4min 0
X k4_certs_4_pure.json.gz#123 7,163,164,90 [[7], [2, 8], [4, 5], [3, 6]] def 1 k 2 | t1=0 t2=1 t3p=0 t3h=0 t4=0 t4s2=0 | R13=0 R134=0 R134s2=0 RT=1 RT4=1 RT4s2=1 | t4min 0
X k4_certs_4_pure.json.gz#123 7,166,164,8 [[7], [2, 8], [4, 5], [3, 6]] def 1 k 3 | t1=0 t2=1 t3p=0 t3h=0 t4=0 t4s2=0 | R13=0 R134=0 R134s2=0 RT=1 RT4=1 RT4s2=1 | t4min 0
X k4_certs_4_pure.json.gz#123 7,166,164,14 [[7], [2, 8], [4, 5], [3, 6]] def 1 k 2 | t1=0 t2=1 t3p=0 t3h=0 t4=0 t4s2=0 | R13=0 R134=0 R134s2=0 RT=1 RT4=1 RT4s2=1 | t4min 0
X k4_certs_4_pure.json.gz#123 7,166,164,48 [[7], [2, 8], [4, 5], [3, 6]] def 1 k 2 | t1=0 t2=1 t3p=0 t3h=0 t4=0 t4s2=0 | R13=0 R134=0 R134s2=0 RT=1 RT4=1 RT4s2=1 | t4min 0
X k4_certs_4_pure.json.gz#123 7,166,164,84 [[7], [2, 8], [4, 5], [3, 6]] def 1 k 2 | t1=0 t2=1 t3p=0 t3h=0 t4=0 t4s2=0 | R13=0 R134=0 R134s2=0 RT=1 RT4=1 RT4s2=1 | t4min 0
X k4_certs_4_pure.json.gz#123 7,166,164,90 [[7], [2, 8], [4, 5], [3, 6]] def 1 k 2 | t1=0 t2=1 t3p=0 t3h=0 t4=0 t4s2=0 | R13=0 R134=0 R134s2=0 RT=1 RT4=1 RT4s2=1 | t4min 0
X k4_certs_4_pure.json.gz#123 7,167,164,8 [[7], [2, 8], [4, 5], [3, 6]] def 1 k 3 | t1=0 t2=1 t3p=0 t3h=0 t4=0 t4s2=0 | R13=0 R134=0 R134s2=0 RT=1 RT4=1 RT4s2=1 | t4min 0
X k4_certs_4_pure.json.gz#123 7,167,164,14 [[7], [2, 8], [4, 5], [3, 6]] def 1 k 2 | t1=0 t2=1 t3p=0 t3h=0 t4=0 t4s2=0 | R13=0 R134=0 R134s2=0 RT=1 RT4=1 RT4s2=1 | t4min 0
X k4_certs_4_pure.json.gz#123 7,167,164,48 [[7], [2, 8], [4, 5], [3, 6]] def 1 k 2 | t1=0 t2=1 t3p=0 t3h=0 t4=0 t4s2=0 | R13=0 R134=0 R134s2=0 RT=1 RT4=1 RT4s2=1 | t4min 0
X k4_certs_4_pure.json.gz#123 7,167,164,84 [[7], [2, 8], [4, 5], [3, 6]] def 1 k 2 | t1=0 t2=1 t3p=0 t3h=0 t4=0 t4s2=0 | R13=0 R134=0 R134s2=0 RT=1 RT4=1 RT4s2=1 | t4min 0
X k4_certs_4_pure.json.gz#123 7,167,164,90 [[7], [2, 8], [4, 5], [3, 6]] def 1 k 2 | t1=0 t2=1 t3p=0 t3h=0 t4=0 t4s2=0 | R13=0 R134=0 R134s2=0 RT=1 RT4=1 RT4s2=1 | t4min 0
X k4_certs_4_pure.json.gz#123 7,170,164,8 [[7], [2, 8], [4, 5], [3, 6]] def 1 k 3 | t1=0 t2=1 t3p=0 t3h=0 t4=0 t4s2=0 | R13=0 R134=0 R134s2=0 RT=1 RT4=1 RT4s2=1 | t4min 0
X k4_certs_4_pure.json.gz#123 7,170,164,14 [[7], [2, 8], [4, 5], [3, 6]] def 1 k 2 | t1=0 t2=1 t3p=0 t3h=0 t4=0 t4s2=0 | R13=0 R134=0 R134s2=0 RT=1 RT4=1 RT4s2=1 | t4min 0
X k4_certs_4_pure.json.gz#123 7,170,164,48 [[7], [2, 8], [4, 5], [3, 6]] def 1 k 2 | t1=0 t2=1 t3p=0 t3h=0 t4=0 t4s2=0 | R13=0 R134=0 R134s2=0 RT=1 RT4=1 RT4s2=1 | t4min 0
X k4_certs_4_pure.json.gz#123 7,170,164,84 [[7], [2, 8], [4, 5], [3, 6]] def 1 k 2 | t1=0 t2=1 t3p=0 t3h=0 t4=0 t4s2=0 | R13=0 R134=0 R134s2=0 RT=1 RT4=1 RT4s2=1 | t4min 0
X k4_certs_4_pure.json.gz#123 7,170,164,90 [[7], [2, 8], [4, 5], [3, 6]] def 1 k 2 | t1=0 t2=1 t3p=0 t3h=0 t4=0 t4s2=0 | R13=0 R134=0 R134s2=0 RT=1 RT4=1 RT4s2=1 | t4min 0
X k4_certs_4_pure.json.gz#123 7,173,164,8 [[7], [2, 8], [4, 5], [3, 6]] def 1 k 3 | t1=0 t2=1 t3p=0 t3h=0 t4=0 t4s2=0 | R13=0 R134=0 R134s2=0 RT=1 RT4=1 RT4s2=1 | t4min 0
X k4_certs_4_pure.json.gz#123 7,173,164,14 [[7], [2, 8], [4, 5], [3, 6]] def 1 k 2 | t1=0 t2=1 t3p=0 t3h=0 t4=0 t4s2=0 | R13=0 R134=0 R134s2=0 RT=1 RT4=1 RT4s2=1 | t4min 0
X k4_certs_4_pure.json.gz#123 7,173,164,48 [[7], [2, 8], [4, 5], [3, 6]] def 1 k 2 | t1=0 t2=1 t3p=0 t3h=0 t4=0 t4s2=0 | R13=0 R134=0 R134s2=0 RT=1 RT4=1 RT4s2=1 | t4min 0
X k4_certs_4_pure.json.gz#123 7,173,164,84 [[7], [2, 8], [4, 5], [3, 6]] def 1 k 2 | t1=0 t2=1 t3p=0 t3h=0 t4=0 t4s2=0 | R13=0 R134=0 R134s2=0 RT=1 RT4=1 RT4s2=1 | t4min 0
X k4_certs_4_pure.json.gz#123 7,173,164,90 [[7], [2, 8], [4, 5], [3, 6]] def 1 k 2 | t1=0 t2=1 t3p=0 t3h=0 t4=0 t4s2=0 | R13=0 R134=0 R134s2=0 RT=1 RT4=1 RT4s2=1 | t4min 0
X k4_certs_4_pure.json.gz#123 7,176,164,8 [[7], [2, 8], [4, 5], [3, 6]] def 1 k 3 | t1=0 t2=1 t3p=0 t3h=0 t4=0 t4s2=0 | R13=0 R134=0 R134s2=0 RT=1 RT4=1 RT4s2=1 | t4min 0
X k4_certs_4_pure.json.gz#123 7,176,164,14 [[7], [2, 8], [4, 5], [3, 6]] def 1 k 2 | t1=0 t2=1 t3p=0 t3h=0 t4=0 t4s2=0 | R13=0 R134=0 R134s2=0 RT=1 RT4=1 RT4s2=1 | t4min 0
X k4_certs_4_pure.json.gz#123 7,176,164,48 [[7], [2, 8], [4, 5], [3, 6]] def 1 k 2 | t1=0 t2=1 t3p=0 t3h=0 t4=0 t4s2=0 | R13=0 R134=0 R134s2=0 RT=1 RT4=1 RT4s2=1 | t4min 0
X k4_certs_4_pure.json.gz#123 7,176,164,84 [[7], [2, 8], [4, 5], [3, 6]] def 1 k 2 | t1=0 t2=1 t3p=0 t3h=0 t4=0 t4s2=0 | R13=0 R134=0 R134s2=0 RT=1 RT4=1 RT4s2=1 | t4min 0
X k4_certs_4_pure.json.gz#123 7,176,164,90 [[7], [2, 8], [4, 5], [3, 6]] def 1 k 2 | t1=0 t2=1 t3p=0 t3h=0 t4=0 t4s2=0 | R13=0 R134=0 R134s2=0 RT=1 RT4=1 RT4s2=1 | t4min 0
X k4_certs_4_pure.json.gz#123 7,177,164,8 [[7], [2, 8], [4, 5], [3, 6]] def 1 k 3 | t1=0 t2=1 t3p=0 t3h=0 t4=0 t4s2=0 | R13=0 R134=0 R134s2=0 RT=1 RT4=1 RT4s2=1 | t4min 0
X k4_certs_4_pure.json.gz#123 7,177,164,14 [[7], [2, 8], [4, 5], [3, 6]] def 1 k 2 | t1=0 t2=1 t3p=0 t3h=0 t4=0 t4s2=0 | R13=0 R134=0 R134s2=0 RT=1 RT4=1 RT4s2=1 | t4min 0
X k4_certs_4_pure.json.gz#123 7,177,164,48 [[7], [2, 8], [4, 5], [3, 6]] def 1 k 2 | t1=0 t2=1 t3p=0 t3h=0 t4=0 t4s2=0 | R13=0 R134=0 R134s2=0 RT=1 RT4=1 RT4s2=1 | t4min 0
X k4_certs_4_pure.json.gz#123 7,177,164,84 [[7], [2, 8], [4, 5], [3, 6]] def 1 k 2 | t1=0 t2=1 t3p=0 t3h=0 t4=0 t4s2=0 | R13=0 R134=0 R134s2=0 RT=1 RT4=1 RT4s2=1 | t4min 0
X k4_certs_4_pure.json.gz#123 7,177,164,90 [[7], [2, 8], [4, 5], [3, 6]] def 1 k 2 | t1=0 t2=1 t3p=0 t3h=0 t4=0 t4s2=0 | R13=0 R134=0 R134s2=0 RT=1 RT4=1 RT4s2=1 | t4min 0
X k4_certs_4_pure.json.gz#123 7,178,164,8 [[7], [2, 8], [4, 5], [3, 6]] def 1 k 3 | t1=0 t2=1 t3p=0 t3h=0 t4=0 t4s2=0 | R13=0 R134=0 R134s2=0 RT=1 RT4=1 RT4s2=1 | t4min 0
X k4_certs_4_pure.json.gz#123 7,178,164,14 [[7], [2, 8], [4, 5], [3, 6]] def 1 k 2 | t1=0 t2=1 t3p=0 t3h=0 t4=0 t4s2=0 | R13=0 R134=0 R134s2=0 RT=1 RT4=1 RT4s2=1 | t4min 0
X k4_certs_4_pure.json.gz#123 7,178,164,48 [[7], [2, 8], [4, 5], [3, 6]] def 1 k 2 | t1=0 t2=1 t3p=0 t3h=0 t4=0 t4s2=0 | R13=0 R134=0 R134s2=0 RT=1 RT4=1 RT4s2=1 | t4min 0
X k4_certs_4_pure.json.gz#123 7,178,164,84 [[7], [2, 8], [4, 5], [3, 6]] def 1 k 2 | t1=0 t2=1 t3p=0 t3h=0 t4=0 t4s2=0 | R13=0 R134=0 R134s2=0 RT=1 RT4=1 RT4s2=1 | t4min 0
X k4_certs_4_pure.json.gz#123 7,178,164,90 [[7], [2, 8], [4, 5], [3, 6]] def 1 k 2 | t1=0 t2=1 t3p=0 t3h=0 t4=0 t4s2=0 | R13=0 R134=0 R134s2=0 RT=1 RT4=1 RT4s2=1 | t4min 0
X k4_certs_4_pure.json.gz#123 7,190,164,8 [[7], [2, 8], [4, 5], [3, 6]] def 1 k 3 | t1=0 t2=1 t3p=0 t3h=0 t4=0 t4s2=0 | R13=0 R134=0 R134s2=0 RT=1 RT4=1 RT4s2=1 | t4min 0
X k4_certs_4_pure.json.gz#123 7,190,164,14 [[7], [2, 8], [4, 5], [3, 6]] def 1 k 2 | t1=0 t2=1 t3p=0 t3h=0 t4=0 t4s2=0 | R13=0 R134=0 R134s2=0 RT=1 RT4=1 RT4s2=1 | t4min 0
X k4_certs_4_pure.json.gz#123 7,190,164,48 [[7], [2, 8], [4, 5], [3, 6]] def 1 k 2 | t1=0 t2=1 t3p=0 t3h=0 t4=0 t4s2=0 | R13=0 R134=0 R134s2=0 RT=1 RT4=1 RT4s2=1 | t4min 0
X k4_certs_4_pure.json.gz#123 7,190,164,84 [[7], [2, 8], [4, 5], [3, 6]] def 1 k 2 | t1=0 t2=1 t3p=0 t3h=0 t4=0 t4s2=0 | R13=0 R134=0 R134s2=0 RT=1 RT4=1 RT4s2=1 | t4min 0
X k4_certs_4_pure.json.gz#123 7,190,164,90 [[7], [2, 8], [4, 5], [3, 6]] def 1 k 2 | t1=0 t2=1 t3p=0 t3h=0 t4=0 t4s2=0 | R13=0 R134=0 R134s2=0 RT=1 RT4=1 RT4s2=1 | t4min 0
X k4_certs_4_pure.json.gz#123 7,199,164,8 [[7], [2, 8], [4, 5], [3, 6]] def 1 k 2 | t1=0 t2=1 t3p=0 t3h=0 t4=0 t4s2=0 | R13=0 R134=0 R134s2=0 RT=1 RT4=1 RT4s2=1 | t4min 0
X k4_certs_4_pure.json.gz#123 7,199,164,14 [[7], [2, 8], [4, 5], [3, 6]] def 1 k 2 | t1=0 t2=1 t3p=0 t3h=0 t4=0 t4s2=0 | R13=0 R134=0 R134s2=0 RT=1 RT4=1 RT4s2=1 | t4min 0
X k4_certs_4_pure.json.gz#123 7,199,164,48 [[7], [2, 8], [4, 5], [3, 6]] def 1 k 2 | t1=0 t2=1 t3p=0 t3h=0 t4=0 t4s2=0 | R13=0 R134=0 R134s2=0 RT=1 RT4=1 RT4s2=1 | t4min 0
X k4_certs_4_pure.json.gz#123 7,199,164,84 [[7], [2, 8], [4, 5], [3, 6]] def 1 k 2 | t1=0 t2=1 t3p=0 t3h=0 t4=0 t4s2=0 | R13=0 R134=0 R134s2=0 RT=1 RT4=1 RT4s2=1 | t4min 0
X k4_certs_4_pure.json.gz#123 7,199,164,90 [[7], [2, 8], [4, 5], [3, 6]] def 1 k 2 | t1=0 t2=1 t3p=0 t3h=0 t4=0 t4s2=0 | R13=0 R134=0 R134s2=0 RT=1 RT4=1 RT4s2=1 | t4min 0
X k4_certs_4_pure.json.gz#123 7,202,164,8 [[7], [2, 8], [4, 5], [3, 6]] def 1 k 2 | t1=0 t2=1 t3p=0 t3h=0 t4=0 t4s2=0 | R13=0 R134=0 R134s2=0 RT=1 RT4=1 RT4s2=1 | t4min 0
X k4_certs_4_pure.json.gz#123 7,202,164,14 [[7], [2, 8], [4, 5], [3, 6]] def 1 k 2 | t1=0 t2=1 t3p=0 t3h=0 t4=0 t4s2=0 | R13=0 R134=0 R134s2=0 RT=1 RT4=1 RT4s2=1 | t4min 0
X k4_certs_4_pure.json.gz#123 7,202,164,48 [[7], [2, 8], [4, 5], [3, 6]] def 1 k 2 | t1=0 t2=1 t3p=0 t3h=0 t4=0 t4s2=0 | R13=0 R134=0 R134s2=0 RT=1 RT4=1 RT4s2=1 | t4min 0
X k4_certs_4_pure.json.gz#123 7,202,164,84 [[7], [2, 8], [4, 5], [3, 6]] def 1 k 2 | t1=0 t2=1 t3p=0 t3h=0 t4=0 t4s2=0 | R13=0 R134=0 R134s2=0 RT=1 RT4=1 RT4s2=1 | t4min 0
X k4_certs_4_pure.json.gz#123 7,202,164,90 [[7], [2, 8], [4, 5], [3, 6]] def 1 k 2 | t1=0 t2=1 t3p=0 t3h=0 t4=0 t4s2=0 | R13=0 R134=0 R134s2=0 RT=1 RT4=1 RT4s2=1 | t4min 0
X k4_certs_4_pure.json.gz#123 7,205,164,8 [[7], [2, 8], [4, 5], [3, 6]] def 1 k 3 | t1=0 t2=1 t3p=0 t3h=0 t4=0 t4s2=0 | R13=0 R134=0 R134s2=0 RT=1 RT4=1 RT4s2=1 | t4min 0
X k4_certs_4_pure.json.gz#123 7,205,164,14 [[7], [2, 8], [4, 5], [3, 6]] def 1 k 2 | t1=0 t2=1 t3p=0 t3h=0 t4=0 t4s2=0 | R13=0 R134=0 R134s2=0 RT=1 RT4=1 RT4s2=1 | t4min 0
X k4_certs_4_pure.json.gz#123 7,205,164,48 [[7], [2, 8], [4, 5], [3, 6]] def 1 k 2 | t1=0 t2=1 t3p=0 t3h=0 t4=0 t4s2=0 | R13=0 R134=0 R134s2=0 RT=1 RT4=1 RT4s2=1 | t4min 0
X k4_certs_4_pure.json.gz#123 7,205,164,84 [[7], [2, 8], [4, 5], [3, 6]] def 1 k 2 | t1=0 t2=1 t3p=0 t3h=0 t4=0 t4s2=0 | R13=0 R134=0 R134s2=0 RT=1 RT4=1 RT4s2=1 | t4min 0
X k4_certs_4_pure.json.gz#123 7,205,164,90 [[7], [2, 8], [4, 5], [3, 6]] def 1 k 2 | t1=0 t2=1 t3p=0 t3h=0 t4=0 t4s2=0 | R13=0 R134=0 R134s2=0 RT=1 RT4=1 RT4s2=1 | t4min 0
X k4_certs_4_pure.json.gz#123 7,206,164,8 [[7], [2, 8], [4, 5], [3, 6]] def 1 k 3 | t1=0 t2=1 t3p=0 t3h=0 t4=0 t4s2=0 | R13=0 R134=0 R134s2=0 RT=1 RT4=1 RT4s2=1 | t4min 0
X k4_certs_4_pure.json.gz#123 7,206,164,14 [[7], [2, 8], [4, 5], [3, 6]] def 1 k 2 | t1=0 t2=1 t3p=0 t3h=0 t4=0 t4s2=0 | R13=0 R134=0 R134s2=0 RT=1 RT4=1 RT4s2=1 | t4min 0
X k4_certs_4_pure.json.gz#123 7,206,164,48 [[7], [2, 8], [4, 5], [3, 6]] def 1 k 2 | t1=0 t2=1 t3p=0 t3h=0 t4=0 t4s2=0 | R13=0 R134=0 R134s2=0 RT=1 RT4=1 RT4s2=1 | t4min 0
X k4_certs_4_pure.json.gz#123 7,206,164,84 [[7], [2, 8], [4, 5], [3, 6]] def 1 k 2 | t1=0 t2=1 t3p=0 t3h=0 t4=0 t4s2=0 | R13=0 R134=0 R134s2=0 RT=1 RT4=1 RT4s2=1 | t4min 0
X k4_certs_4_pure.json.gz#123 7,206,164,90 [[7], [2, 8], [4, 5], [3, 6]] def 1 k 2 | t1=0 t2=1 t3p=0 t3h=0 t4=0 t4s2=0 | R13=0 R134=0 R134s2=0 RT=1 RT4=1 RT4s2=1 | t4min 0
X k4_certs_4_pure.json.gz#123 7,224,164,8 [[7], [2, 8], [4, 5], [3, 6]] def 1 k 3 | t1=0 t2=1 t3p=0 t3h=0 t4=0 t4s2=0 | R13=0 R134=0 R134s2=0 RT=1 RT4=1 RT4s2=1 | t4min 0
X k4_certs_4_pure.json.gz#123 7,224,164,14 [[7], [2, 8], [4, 5], [3, 6]] def 1 k 2 | t1=0 t2=1 t3p=0 t3h=0 t4=0 t4s2=0 | R13=0 R134=0 R134s2=0 RT=1 RT4=1 RT4s2=1 | t4min 0
X k4_certs_4_pure.json.gz#123 7,224,164,48 [[7], [2, 8], [4, 5], [3, 6]] def 1 k 2 | t1=0 t2=1 t3p=0 t3h=0 t4=0 t4s2=0 | R13=0 R134=0 R134s2=0 RT=1 RT4=1 RT4s2=1 | t4min 0
X k4_certs_4_pure.json.gz#123 7,224,164,84 [[7], [2, 8], [4, 5], [3, 6]] def 1 k 2 | t1=0 t2=1 t3p=0 t3h=0 t4=0 t4s2=0 | R13=0 R134=0 R134s2=0 RT=1 RT4=1 RT4s2=1 | t4min 0
X k4_certs_4_pure.json.gz#123 7,224,164,90 [[7], [2, 8], [4, 5], [3, 6]] def 1 k 2 | t1=0 t2=1 t3p=0 t3h=0 t4=0 t4s2=0 | R13=0 R134=0 R134s2=0 RT=1 RT4=1 RT4s2=1 | t4min 0
X k4_certs_4_pure.json.gz#123 7,235,164,8 [[7], [2, 8], [4, 5], [3, 6]] def 1 k 2 | t1=0 t2=1 t3p=0 t3h=0 t4=0 t4s2=0 | R13=0 R134=0 R134s2=0 RT=1 RT4=1 RT4s2=1 | t4min 0
X k4_certs_4_pure.json.gz#123 7,235,164,14 [[7], [2, 8], [4, 5], [3, 6]] def 1 k 2 | t1=0 t2=1 t3p=0 t3h=0 t4=0 t4s2=0 | R13=0 R134=0 R134s2=0 RT=1 RT4=1 RT4s2=1 | t4min 0
X k4_certs_4_pure.json.gz#123 7,235,164,48 [[7], [2, 8], [4, 5], [3, 6]] def 1 k 2 | t1=0 t2=1 t3p=0 t3h=0 t4=0 t4s2=0 | R13=0 R134=0 R134s2=0 RT=1 RT4=1 RT4s2=1 | t4min 0
X k4_certs_4_pure.json.gz#123 7,235,164,84 [[7], [2, 8], [4, 5], [3, 6]] def 1 k 2 | t1=0 t2=1 t3p=0 t3h=0 t4=0 t4s2=0 | R13=0 R134=0 R134s2=0 RT=1 RT4=1 RT4s2=1 | t4min 0
X k4_certs_4_pure.json.gz#123 7,235,164,90 [[7], [2, 8], [4, 5], [3, 6]] def 1 k 2 | t1=0 t2=1 t3p=0 t3h=0 t4=0 t4s2=0 | R13=0 R134=0 R134s2=0 RT=1 RT4=1 RT4s2=1 | t4min 0
X k4_certs_4_pure.json.gz#123 7,238,164,8 [[7], [2, 8], [4, 5], [3, 6]] def 1 k 2 | t1=0 t2=1 t3p=0 t3h=0 t4=0 t4s2=0 | R13=0 R134=0 R134s2=0 RT=1 RT4=1 RT4s2=1 | t4min 0
X k4_certs_4_pure.json.gz#123 7,238,164,14 [[7], [2, 8], [4, 5], [3, 6]] def 1 k 2 | t1=0 t2=1 t3p=0 t3h=0 t4=0 t4s2=0 | R13=0 R134=0 R134s2=0 RT=1 RT4=1 RT4s2=1 | t4min 0
X k4_certs_4_pure.json.gz#123 7,238,164,48 [[7], [2, 8], [4, 5], [3, 6]] def 1 k 2 | t1=0 t2=1 t3p=0 t3h=0 t4=0 t4s2=0 | R13=0 R134=0 R134s2=0 RT=1 RT4=1 RT4s2=1 | t4min 0
X k4_certs_4_pure.json.gz#123 7,238,164,84 [[7], [2, 8], [4, 5], [3, 6]] def 1 k 2 | t1=0 t2=1 t3p=0 t3h=0 t4=0 t4s2=0 | R13=0 R134=0 R134s2=0 RT=1 RT4=1 RT4s2=1 | t4min 0
X k4_certs_4_pure.json.gz#123 7,238,164,90 [[7], [2, 8], [4, 5], [3, 6]] def 1 k 2 | t1=0 t2=1 t3p=0 t3h=0 t4=0 t4s2=0 | R13=0 R134=0 R134s2=0 RT=1 RT4=1 RT4s2=1 | t4min 0
X k4_certs_4_pure.json.gz#123 7,239,164,8 [[7], [2, 8], [4, 5], [3, 6]] def 1 k 3 | t1=0 t2=1 t3p=0 t3h=0 t4=0 t4s2=0 | R13=0 R134=0 R134s2=0 RT=1 RT4=1 RT4s2=1 | t4min 0
X k4_certs_4_pure.json.gz#123 7,239,164,14 [[7], [2, 8], [4, 5], [3, 6]] def 1 k 2 | t1=0 t2=1 t3p=0 t3h=0 t4=0 t4s2=0 | R13=0 R134=0 R134s2=0 RT=1 RT4=1 RT4s2=1 | t4min 0
X k4_certs_4_pure.json.gz#123 7,239,164,48 [[7], [2, 8], [4, 5], [3, 6]] def 1 k 2 | t1=0 t2=1 t3p=0 t3h=0 t4=0 t4s2=0 | R13=0 R134=0 R134s2=0 RT=1 RT4=1 RT4s2=1 | t4min 0
X k4_certs_4_pure.json.gz#123 7,239,164,84 [[7], [2, 8], [4, 5], [3, 6]] def 1 k 2 | t1=0 t2=1 t3p=0 t3h=0 t4=0 t4s2=0 | R13=0 R134=0 R134s2=0 RT=1 RT4=1 RT4s2=1 | t4min 0
X k4_certs_4_pure.json.gz#123 7,239,164,90 [[7], [2, 8], [4, 5], [3, 6]] def 1 k 2 | t1=0 t2=1 t3p=0 t3h=0 t4=0 t4s2=0 | R13=0 R134=0 R134s2=0 RT=1 RT4=1 RT4s2=1 | t4min 0
X k4_certs_4_pure.json.gz#123 7,247,164,8 [[7], [2, 8], [4, 5], [3, 6]] def 1 k 2 | t1=0 t2=1 t3p=0 t3h=0 t4=0 t4s2=0 | R13=0 R134=0 R134s2=0 RT=1 RT4=1 RT4s2=1 | t4min 0
X k4_certs_4_pure.json.gz#123 7,247,164,14 [[7], [2, 8], [4, 5], [3, 6]] def 1 k 2 | t1=0 t2=1 t3p=0 t3h=0 t4=0 t4s2=0 | R13=0 R134=0 R134s2=0 RT=1 RT4=1 RT4s2=1 | t4min 0
X k4_certs_4_pure.json.gz#123 7,247,164,48 [[7], [2, 8], [4, 5], [3, 6]] def 1 k 2 | t1=0 t2=1 t3p=0 t3h=0 t4=0 t4s2=0 | R13=0 R134=0 R134s2=0 RT=1 RT4=1 RT4s2=1 | t4min 0
X k4_certs_4_pure.json.gz#123 7,247,164,84 [[7], [2, 8], [4, 5], [3, 6]] def 1 k 2 | t1=0 t2=1 t3p=0 t3h=0 t4=0 t4s2=0 | R13=0 R134=0 R134s2=0 RT=1 RT4=1 RT4s2=1 | t4min 0
X k4_certs_4_pure.json.gz#123 7,247,164,90 [[7], [2, 8], [4, 5], [3, 6]] def 1 k 2 | t1=0 t2=1 t3p=0 t3h=0 t4=0 t4s2=0 | R13=0 R134=0 R134s2=0 RT=1 RT4=1 RT4s2=1 | t4min 0
X k4_certs_4_pure.json.gz#123 7,251,164,8 [[7], [2, 8], [4, 5], [3, 6]] def 1 k 3 | t1=0 t2=1 t3p=0 t3h=0 t4=0 t4s2=0 | R13=0 R134=0 R134s2=0 RT=1 RT4=1 RT4s2=1 | t4min 0
X k4_certs_4_pure.json.gz#123 7,251,164,14 [[7], [2, 8], [4, 5], [3, 6]] def 1 k 2 | t1=0 t2=1 t3p=0 t3h=0 t4=0 t4s2=0 | R13=0 R134=0 R134s2=0 RT=1 RT4=1 RT4s2=1 | t4min 0
X k4_certs_4_pure.json.gz#123 7,251,164,48 [[7], [2, 8], [4, 5], [3, 6]] def 1 k 2 | t1=0 t2=1 t3p=0 t3h=0 t4=0 t4s2=0 | R13=0 R134=0 R134s2=0 RT=1 RT4=1 RT4s2=1 | t4min 0
X k4_certs_4_pure.json.gz#123 7,251,164,84 [[7], [2, 8], [4, 5], [3, 6]] def 1 k 2 | t1=0 t2=1 t3p=0 t3h=0 t4=0 t4s2=0 | R13=0 R134=0 R134s2=0 RT=1 RT4=1 RT4s2=1 | t4min 0
X k4_certs_4_pure.json.gz#123 7,251,164,90 [[7], [2, 8], [4, 5], [3, 6]] def 1 k 2 | t1=0 t2=1 t3p=0 t3h=0 t4=0 t4s2=0 | R13=0 R134=0 R134s2=0 RT=1 RT4=1 RT4s2=1 | t4min 0
X k4_certs_4_pure.json.gz#123 7,253,164,8 [[7], [2, 8], [4, 5], [3, 6]] def 1 k 2 | t1=0 t2=1 t3p=0 t3h=0 t4=0 t4s2=0 | R13=0 R134=0 R134s2=0 RT=1 RT4=1 RT4s2=1 | t4min 0
X k4_certs_4_pure.json.gz#123 7,253,164,14 [[7], [2, 8], [4, 5], [3, 6]] def 1 k 2 | t1=0 t2=1 t3p=0 t3h=0 t4=0 t4s2=0 | R13=0 R134=0 R134s2=0 RT=1 RT4=1 RT4s2=1 | t4min 0
X k4_certs_4_pure.json.gz#123 7,253,164,48 [[7], [2, 8], [4, 5], [3, 6]] def 1 k 2 | t1=0 t2=1 t3p=0 t3h=0 t4=0 t4s2=0 | R13=0 R134=0 R134s2=0 RT=1 RT4=1 RT4s2=1 | t4min 0
X k4_certs_4_pure.json.gz#123 7,253,164,84 [[7], [2, 8], [4, 5], [3, 6]] def 1 k 2 | t1=0 t2=1 t3p=0 t3h=0 t4=0 t4s2=0 | R13=0 R134=0 R134s2=0 RT=1 RT4=1 RT4s2=1 | t4min 0
X k4_certs_4_pure.json.gz#123 7,253,164,90 [[7], [2, 8], [4, 5], [3, 6]] def 1 k 2 | t1=0 t2=1 t3p=0 t3h=0 t4=0 t4s2=0 | R13=0 R134=0 R134s2=0 RT=1 RT4=1 RT4s2=1 | t4min 0
X k4_certs_4_pure.json.gz#123 7,254,164,8 [[7], [2, 8], [4, 5], [3, 6]] def 1 k 3 | t1=0 t2=1 t3p=0 t3h=0 t4=0 t4s2=0 | R13=0 R134=0 R134s2=0 RT=1 RT4=1 RT4s2=1 | t4min 0
X k4_certs_4_pure.json.gz#123 7,254,164,14 [[7], [2, 8], [4, 5], [3, 6]] def 1 k 2 | t1=0 t2=1 t3p=0 t3h=0 t4=0 t4s2=0 | R13=0 R134=0 R134s2=0 RT=1 RT4=1 RT4s2=1 | t4min 0
X k4_certs_4_pure.json.gz#123 7,254,164,48 [[7], [2, 8], [4, 5], [3, 6]] def 1 k 2 | t1=0 t2=1 t3p=0 t3h=0 t4=0 t4s2=0 | R13=0 R134=0 R134s2=0 RT=1 RT4=1 RT4s2=1 | t4min 0
X k4_certs_4_pure.json.gz#123 7,254,164,84 [[7], [2, 8], [4, 5], [3, 6]] def 1 k 2 | t1=0 t2=1 t3p=0 t3h=0 t4=0 t4s2=0 | R13=0 R134=0 R134s2=0 RT=1 RT4=1 RT4s2=1 | t4min 0
X k4_certs_4_pure.json.gz#123 7,254,164,90 [[7], [2, 8], [4, 5], [3, 6]] def 1 k 2 | t1=0 t2=1 t3p=0 t3h=0 t4=0 t4s2=0 | R13=0 R134=0 R134s2=0 RT=1 RT4=1 RT4s2=1 | t4min 0
X k4_certs_4_pure.json.gz#123 7,256,164,8 [[7], [2, 8], [4, 5], [3, 6]] def 1 k 3 | t1=0 t2=1 t3p=0 t3h=0 t4=0 t4s2=0 | R13=0 R134=0 R134s2=0 RT=1 RT4=1 RT4s2=1 | t4min 0
X k4_certs_4_pure.json.gz#123 7,256,164,14 [[7], [2, 8], [4, 5], [3, 6]] def 1 k 2 | t1=0 t2=1 t3p=0 t3h=0 t4=0 t4s2=0 | R13=0 R134=0 R134s2=0 RT=1 RT4=1 RT4s2=1 | t4min 0
X k4_certs_4_pure.json.gz#123 7,256,164,48 [[7], [2, 8], [4, 5], [3, 6]] def 1 k 2 | t1=0 t2=1 t3p=0 t3h=0 t4=0 t4s2=0 | R13=0 R134=0 R134s2=0 RT=1 RT4=1 RT4s2=1 | t4min 0
X k4_certs_4_pure.json.gz#123 7,256,164,84 [[7], [2, 8], [4, 5], [3, 6]] def 1 k 2 | t1=0 t2=1 t3p=0 t3h=0 t4=0 t4s2=0 | R13=0 R134=0 R134s2=0 RT=1 RT4=1 RT4s2=1 | t4min 0
X k4_certs_4_pure.json.gz#123 7,256,164,90 [[7], [2, 8], [4, 5], [3, 6]] def 1 k 2 | t1=0 t2=1 t3p=0 t3h=0 t4=0 t4s2=0 | R13=0 R134=0 R134s2=0 RT=1 RT4=1 RT4s2=1 | t4min 0
X k4_certs_4_pure.json.gz#123 7,257,164,8 [[7], [2, 8], [4, 5], [3, 6]] def 1 k 3 | t1=0 t2=1 t3p=0 t3h=0 t4=0 t4s2=0 | R13=0 R134=0 R134s2=0 RT=1 RT4=1 RT4s2=1 | t4min 0
X k4_certs_4_pure.json.gz#123 7,257,164,14 [[7], [2, 8], [4, 5], [3, 6]] def 1 k 2 | t1=0 t2=1 t3p=0 t3h=0 t4=0 t4s2=0 | R13=0 R134=0 R134s2=0 RT=1 RT4=1 RT4s2=1 | t4min 0
X k4_certs_4_pure.json.gz#123 7,257,164,48 [[7], [2, 8], [4, 5], [3, 6]] def 1 k 2 | t1=0 t2=1 t3p=0 t3h=0 t4=0 t4s2=0 | R13=0 R134=0 R134s2=0 RT=1 RT4=1 RT4s2=1 | t4min 0
X k4_certs_4_pure.json.gz#123 7,257,164,84 [[7], [2, 8], [4, 5], [3, 6]] def 1 k 2 | t1=0 t2=1 t3p=0 t3h=0 t4=0 t4s2=0 | R13=0 R134=0 R134s2=0 RT=1 RT4=1 RT4s2=1 | t4min 0
X k4_certs_4_pure.json.gz#123 7,257,164,90 [[7], [2, 8], [4, 5], [3, 6]] def 1 k 2 | t1=0 t2=1 t3p=0 t3h=0 t4=0 t4s2=0 | R13=0 R134=0 R134s2=0 RT=1 RT4=1 RT4s2=1 | t4min 0
X k4_certs_4_pure.json.gz#123 7,278,164,8 [[7], [2, 8], [4, 5], [3, 6]] def 1 k 2 | t1=0 t2=1 t3p=0 t3h=0 t4=0 t4s2=0 | R13=0 R134=0 R134s2=0 RT=1 RT4=1 RT4s2=1 | t4min 0
X k4_certs_4_pure.json.gz#123 7,278,164,14 [[7], [2, 8], [4, 5], [3, 6]] def 1 k 2 | t1=0 t2=1 t3p=0 t3h=0 t4=0 t4s2=0 | R13=0 R134=0 R134s2=0 RT=1 RT4=1 RT4s2=1 | t4min 0
X k4_certs_4_pure.json.gz#123 7,278,164,48 [[7], [2, 8], [4, 5], [3, 6]] def 1 k 2 | t1=0 t2=1 t3p=0 t3h=0 t4=0 t4s2=0 | R13=0 R134=0 R134s2=0 RT=1 RT4=1 RT4s2=1 | t4min 0
X k4_certs_4_pure.json.gz#123 7,278,164,84 [[7], [2, 8], [4, 5], [3, 6]] def 1 k 2 | t1=0 t2=1 t3p=0 t3h=0 t4=0 t4s2=0 | R13=0 R134=0 R134s2=0 RT=1 RT4=1 RT4s2=1 | t4min 0
X k4_certs_4_pure.json.gz#123 7,278,164,90 [[7], [2, 8], [4, 5], [3, 6]] def 1 k 2 | t1=0 t2=1 t3p=0 t3h=0 t4=0 t4s2=0 | R13=0 R134=0 R134s2=0 RT=1 RT4=1 RT4s2=1 | t4min 0
X k4_certs_4_pure.json.gz#123 7,279,164,8 [[7], [2, 8], [4, 5], [3, 6]] def 1 k 2 | t1=0 t2=1 t3p=0 t3h=0 t4=0 t4s2=0 | R13=0 R134=0 R134s2=0 RT=1 RT4=1 RT4s2=1 | t4min 0
X k4_certs_4_pure.json.gz#123 7,279,164,14 [[7], [2, 8], [4, 5], [3, 6]] def 1 k 2 | t1=0 t2=1 t3p=0 t3h=0 t4=0 t4s2=0 | R13=0 R134=0 R134s2=0 RT=1 RT4=1 RT4s2=1 | t4min 0
X k4_certs_4_pure.json.gz#123 7,279,164,48 [[7], [2, 8], [4, 5], [3, 6]] def 1 k 2 | t1=0 t2=1 t3p=0 t3h=0 t4=0 t4s2=0 | R13=0 R134=0 R134s2=0 RT=1 RT4=1 RT4s2=1 | t4min 0
X k4_certs_4_pure.json.gz#123 7,279,164,84 [[7], [2, 8], [4, 5], [3, 6]] def 1 k 2 | t1=0 t2=1 t3p=0 t3h=0 t4=0 t4s2=0 | R13=0 R134=0 R134s2=0 RT=1 RT4=1 RT4s2=1 | t4min 0
X k4_certs_4_pure.json.gz#123 7,279,164,90 [[7], [2, 8], [4, 5], [3, 6]] def 1 k 2 | t1=0 t2=1 t3p=0 t3h=0 t4=0 t4s2=0 | R13=0 R134=0 R134s2=0 RT=1 RT4=1 RT4s2=1 | t4min 0
X k4_certs_4_pure.json.gz#123 7,283,164,8 [[7], [2, 8], [4, 5], [3, 6]] def 1 k 2 | t1=0 t2=1 t3p=0 t3h=0 t4=0 t4s2=0 | R13=0 R134=0 R134s2=0 RT=1 RT4=1 RT4s2=1 | t4min 0
X k4_certs_4_pure.json.gz#123 7,283,164,14 [[7], [2, 8], [4, 5], [3, 6]] def 1 k 2 | t1=0 t2=1 t3p=0 t3h=0 t4=0 t4s2=0 | R13=0 R134=0 R134s2=0 RT=1 RT4=1 RT4s2=1 | t4min 0
X k4_certs_4_pure.json.gz#123 7,283,164,48 [[7], [2, 8], [4, 5], [3, 6]] def 1 k 2 | t1=0 t2=1 t3p=0 t3h=0 t4=0 t4s2=0 | R13=0 R134=0 R134s2=0 RT=1 RT4=1 RT4s2=1 | t4min 0
X k4_certs_4_pure.json.gz#123 7,283,164,84 [[7], [2, 8], [4, 5], [3, 6]] def 1 k 2 | t1=0 t2=1 t3p=0 t3h=0 t4=0 t4s2=0 | R13=0 R134=0 R134s2=0 RT=1 RT4=1 RT4s2=1 | t4min 0
X k4_certs_4_pure.json.gz#123 7,283,164,90 [[7], [2, 8], [4, 5], [3, 6]] def 1 k 2 | t1=0 t2=1 t3p=0 t3h=0 t4=0 t4s2=0 | R13=0 R134=0 R134s2=0 RT=1 RT4=1 RT4s2=1 | t4min 0
X k4_certs_4_pure.json.gz#123 7,287,164,8 [[7], [2, 8], [4, 5], [3, 6]] def 1 k 2 | t1=0 t2=1 t3p=0 t3h=0 t4=0 t4s2=0 | R13=0 R134=0 R134s2=0 RT=1 RT4=1 RT4s2=1 | t4min 0
X k4_certs_4_pure.json.gz#123 7,287,164,14 [[7], [2, 8], [4, 5], [3, 6]] def 1 k 2 | t1=0 t2=1 t3p=0 t3h=0 t4=0 t4s2=0 | R13=0 R134=0 R134s2=0 RT=1 RT4=1 RT4s2=1 | t4min 0
X k4_certs_4_pure.json.gz#123 7,287,164,48 [[7], [2, 8], [4, 5], [3, 6]] def 1 k 2 | t1=0 t2=1 t3p=0 t3h=0 t4=0 t4s2=0 | R13=0 R134=0 R134s2=0 RT=1 RT4=1 RT4s2=1 | t4min 0
X k4_certs_4_pure.json.gz#123 7,287,164,84 [[7], [2, 8], [4, 5], [3, 6]] def 1 k 2 | t1=0 t2=1 t3p=0 t3h=0 t4=0 t4s2=0 | R13=0 R134=0 R134s2=0 RT=1 RT4=1 RT4s2=1 | t4min 0
X k4_certs_4_pure.json.gz#123 7,287,164,90 [[7], [2, 8], [4, 5], [3, 6]] def 1 k 2 | t1=0 t2=1 t3p=0 t3h=0 t4=0 t4s2=0 | R13=0 R134=0 R134s2=0 RT=1 RT4=1 RT4s2=1 | t4min 0
X k4_certs_4_pure.json.gz#123 7,196,11,8 [[7], [2, 8], [4, 5], [3, 6]] def 1 k 3 | t1=0 t2=1 t3p=0 t3h=0 t4=0 t4s2=0 | R13=0 R134=0 R134s2=0 RT=1 RT4=1 RT4s2=1 | t4min 0
X k4_certs_4_pure.json.gz#123 7,196,11,14 [[7], [2, 8], [4, 5], [6]] def 1 k 3 | t1=0 t2=1 t3p=0 t3h=0 t4=0 t4s2=0 | R13=0 R134=0 R134s2=0 RT=1 RT4=1 RT4s2=1 | t4min 0
X k4_certs_4_pure.json.gz#123 7,196,11,14 [[7], [2, 8], [4, 5], [3, 6]] def 1 k 3 | t1=0 t2=1 t3p=0 t3h=0 t4=0 t4s2=0 | R13=0 R134=0 R134s2=0 RT=1 RT4=1 RT4s2=1 | t4min 0
X k4_certs_4_pure.json.gz#123 7,196,11,15 [[7], [2, 8], [4, 5], [3, 6]] def 1 k 3 | t1=0 t2=1 t3p=0 t3h=0 t4=0 t4s2=0 | R13=0 R134=0 R134s2=0 RT=1 RT4=1 RT4s2=1 | t4min 0
X k4_certs_4_pure.json.gz#123 7,196,11,19 [[7], [2, 8], [4, 5], [6]] def 1 k 3 | t1=0 t2=1 t3p=0 t3h=0 t4=0 t4s2=0 | R13=0 R134=0 R134s2=0 RT=1 RT4=1 RT4s2=1 | t4min 0
X k4_certs_4_pure.json.gz#123 7,196,11,19 [[7], [2, 8], [4, 5], [3, 6]] def 1 k 3 | t1=0 t2=1 t3p=0 t3h=0 t4=0 t4s2=0 | R13=0 R134=0 R134s2=0 RT=1 RT4=1 RT4s2=1 | t4min 0
X k4_certs_4_pure.json.gz#123 7,196,11,23 [[7], [2, 8], [4, 5], [3, 6]] def 1 k 3 | t1=0 t2=1 t3p=0 t3h=0 t4=0 t4s2=0 | R13=0 R134=0 R134s2=0 RT=1 RT4=1 RT4s2=1 | t4min 0
X k4_certs_4_pure.json.gz#123 7,196,11,29 [[7], [2, 8], [4, 5], [6]] def 1 k 3 | t1=0 t2=1 t3p=0 t3h=0 t4=0 t4s2=0 | R13=0 R134=0 R134s2=0 RT=1 RT4=1 RT4s2=1 | t4min 0
X k4_certs_4_pure.json.gz#123 7,196,11,29 [[7], [2, 8], [4, 5], [3, 6]] def 1 k 3 | t1=0 t2=1 t3p=0 t3h=0 t4=0 t4s2=0 | R13=0 R134=0 R134s2=0 RT=1 RT4=1 RT4s2=1 | t4min 0
X k4_certs_4_pure.json.gz#123 7,196,11,48 [[7], [2, 8], [4, 5], [6]] def 1 k 3 | t1=0 t2=1 t3p=0 t3h=0 t4=0 t4s2=0 | R13=0 R134=0 R134s2=0 RT=1 RT4=1 RT4s2=1 | t4min 0
X k4_certs_4_pure.json.gz#123 7,196,11,48 [[7], [2, 8], [4, 5], [3, 6]] def 1 k 3 | t1=0 t2=1 t3p=0 t3h=0 t4=0 t4s2=0 | R13=0 R134=0 R134s2=0 RT=1 RT4=1 RT4s2=1 | t4min 0
X k4_certs_4_pure.json.gz#123 7,196,11,84 [[7], [2, 8], [4, 5], [3, 6]] def 1 k 2 | t1=0 t2=1 t3p=0 t3h=0 t4=0 t4s2=0 | R13=0 R134=0 R134s2=0 RT=1 RT4=1 RT4s2=1 | t4min 0
X k4_certs_4_pure.json.gz#123 7,196,11,90 [[7], [2, 8], [4, 5], [3, 6]] def 1 k 2 | t1=0 t2=1 t3p=0 t3h=0 t4=0 t4s2=0 | R13=0 R134=0 R134s2=0 RT=1 RT4=1 RT4s2=1 | t4min 0
X k4_certs_4_pure.json.gz#123 7,196,13,8 [[7], [2, 8], [4, 5], [3, 6]] def 1 k 3 | t1=0 t2=1 t3p=0 t3h=0 t4=0 t4s2=0 | R13=0 R134=0 R134s2=0 RT=1 RT4=1 RT4s2=1 | t4min 0
X k4_certs_4_pure.json.gz#123 7,196,13,14 [[7], [2, 8], [4, 5], [6]] def 1 k 3 | t1=0 t2=1 t3p=0 t3h=0 t4=0 t4s2=0 | R13=0 R134=0 R134s2=0 RT=1 RT4=1 RT4s2=1 | t4min 0
X k4_certs_4_pure.json.gz#123 7,196,13,14 [[7], [2, 8], [4, 5], [3, 6]] def 1 k 3 | t1=0 t2=1 t3p=0 t3h=0 t4=0 t4s2=0 | R13=0 R134=0 R134s2=0 RT=1 RT4=1 RT4s2=1 | t4min 0
X k4_certs_4_pure.json.gz#123 7,196,13,15 [[7], [2, 8], [4, 5], [3, 6]] def 1 k 3 | t1=0 t2=1 t3p=0 t3h=0 t4=0 t4s2=0 | R13=0 R134=0 R134s2=0 RT=1 RT4=1 RT4s2=1 | t4min 0
X k4_certs_4_pure.json.gz#123 7,196,13,19 [[7], [2, 8], [4, 5], [6]] def 1 k 3 | t1=0 t2=1 t3p=0 t3h=0 t4=0 t4s2=0 | R13=0 R134=0 R134s2=0 RT=1 RT4=1 RT4s2=1 | t4min 0
X k4_certs_4_pure.json.gz#123 7,196,13,19 [[7], [2, 8], [4, 5], [3, 6]] def 1 k 3 | t1=0 t2=1 t3p=0 t3h=0 t4=0 t4s2=0 | R13=0 R134=0 R134s2=0 RT=1 RT4=1 RT4s2=1 | t4min 0
X k4_certs_4_pure.json.gz#123 7,196,13,23 [[7], [2, 8], [4, 5], [3, 6]] def 1 k 3 | t1=0 t2=1 t3p=0 t3h=0 t4=0 t4s2=0 | R13=0 R134=0 R134s2=0 RT=1 RT4=1 RT4s2=1 | t4min 0
X k4_certs_4_pure.json.gz#123 7,196,13,29 [[7], [2, 8], [4, 5], [6]] def 1 k 3 | t1=0 t2=1 t3p=0 t3h=0 t4=0 t4s2=0 | R13=0 R134=0 R134s2=0 RT=1 RT4=1 RT4s2=1 | t4min 0
X k4_certs_4_pure.json.gz#123 7,196,13,29 [[7], [2, 8], [4, 5], [3, 6]] def 1 k 3 | t1=0 t2=1 t3p=0 t3h=0 t4=0 t4s2=0 | R13=0 R134=0 R134s2=0 RT=1 RT4=1 RT4s2=1 | t4min 0
X k4_certs_4_pure.json.gz#123 7,196,13,48 [[7], [2, 8], [4, 5], [6]] def 1 k 3 | t1=0 t2=1 t3p=0 t3h=0 t4=0 t4s2=0 | R13=0 R134=0 R134s2=0 RT=1 RT4=1 RT4s2=1 | t4min 0
X k4_certs_4_pure.json.gz#123 7,196,13,48 [[7], [2, 8], [4, 5], [3, 6]] def 1 k 3 | t1=0 t2=1 t3p=0 t3h=0 t4=0 t4s2=0 | R13=0 R134=0 R134s2=0 RT=1 RT4=1 RT4s2=1 | t4min 0
X k4_certs_4_pure.json.gz#123 7,196,13,84 [[7], [2, 8], [4, 5], [3, 6]] def 1 k 2 | t1=0 t2=1 t3p=0 t3h=0 t4=0 t4s2=0 | R13=0 R134=0 R134s2=0 RT=1 RT4=1 RT4s2=1 | t4min 0
X k4_certs_4_pure.json.gz#123 7,196,13,90 [[7], [2, 8], [4, 5], [3, 6]] def 1 k 2 | t1=0 t2=1 t3p=0 t3h=0 t4=0 t4s2=0 | R13=0 R134=0 R134s2=0 RT=1 RT4=1 RT4s2=1 | t4min 0
X k4_certs_4_pure.json.gz#123 7,196,18,8 [[7], [2, 8], [4, 5], [3, 6]] def 1 k 3 | t1=0 t2=1 t3p=0 t3h=0 t4=0 t4s2=0 | R13=0 R134=0 R134s2=0 RT=1 RT4=1 RT4s2=1 | t4min 0
X k4_certs_4_pure.json.gz#123 7,196,18,14 [[7], [2, 8], [4, 5], [6]] def 1 k 3 | t1=0 t2=1 t3p=0 t3h=0 t4=0 t4s2=0 | R13=0 R134=0 R134s2=0 RT=1 RT4=1 RT4s2=1 | t4min 0
X k4_certs_4_pure.json.gz#123 7,196,18,14 [[7], [2, 8], [4, 5], [3, 6]] def 1 k 3 | t1=0 t2=1 t3p=0 t3h=0 t4=0 t4s2=0 | R13=0 R134=0 R134s2=0 RT=1 RT4=1 RT4s2=1 | t4min 0
X k4_certs_4_pure.json.gz#123 7,196,18,15 [[7], [2, 8], [4, 5], [3, 6]] def 1 k 3 | t1=0 t2=1 t3p=0 t3h=0 t4=0 t4s2=0 | R13=0 R134=0 R134s2=0 RT=1 RT4=1 RT4s2=1 | t4min 0
X k4_certs_4_pure.json.gz#123 7,196,18,19 [[7], [2, 8], [4, 5], [6]] def 1 k 3 | t1=0 t2=1 t3p=0 t3h=0 t4=0 t4s2=0 | R13=0 R134=0 R134s2=0 RT=1 RT4=1 RT4s2=1 | t4min 0
X k4_certs_4_pure.json.gz#123 7,196,18,19 [[7], [2, 8], [4, 5], [3, 6]] def 1 k 3 | t1=0 t2=1 t3p=0 t3h=0 t4=0 t4s2=0 | R13=0 R134=0 R134s2=0 RT=1 RT4=1 RT4s2=1 | t4min 0
X k4_certs_4_pure.json.gz#123 7,196,18,23 [[7], [2, 8], [4, 5], [3, 6]] def 1 k 3 | t1=0 t2=1 t3p=0 t3h=0 t4=0 t4s2=0 | R13=0 R134=0 R134s2=0 RT=1 RT4=1 RT4s2=1 | t4min 0
X k4_certs_4_pure.json.gz#123 7,196,18,29 [[7], [2, 8], [4, 5], [6]] def 1 k 3 | t1=0 t2=1 t3p=0 t3h=0 t4=0 t4s2=0 | R13=0 R134=0 R134s2=0 RT=1 RT4=1 RT4s2=1 | t4min 0
X k4_certs_4_pure.json.gz#123 7,196,18,29 [[7], [2, 8], [4, 5], [3, 6]] def 1 k 3 | t1=0 t2=1 t3p=0 t3h=0 t4=0 t4s2=0 | R13=0 R134=0 R134s2=0 RT=1 RT4=1 RT4s2=1 | t4min 0
X k4_certs_4_pure.json.gz#123 7,196,18,48 [[7], [2, 8], [4, 5], [6]] def 1 k 3 | t1=0 t2=1 t3p=0 t3h=0 t4=0 t4s2=0 | R13=0 R134=0 R134s2=0 RT=1 RT4=1 RT4s2=1 | t4min 0
X k4_certs_4_pure.json.gz#123 7,196,18,48 [[7], [2, 8], [4, 5], [3, 6]] def 1 k 3 | t1=0 t2=1 t3p=0 t3h=0 t4=0 t4s2=0 | R13=0 R134=0 R134s2=0 RT=1 RT4=1 RT4s2=1 | t4min 0
X k4_certs_4_pure.json.gz#123 7,196,18,84 [[7], [2, 8], [4, 5], [3, 6]] def 1 k 2 | t1=0 t2=1 t3p=0 t3h=0 t4=0 t4s2=0 | R13=0 R134=0 R134s2=0 RT=1 RT4=1 RT4s2=1 | t4min 0
X k4_certs_4_pure.json.gz#123 7,196,18,90 [[7], [2, 8], [4, 5], [3, 6]] def 1 k 2 | t1=0 t2=1 t3p=0 t3h=0 t4=0 t4s2=0 | R13=0 R134=0 R134s2=0 RT=1 RT4=1 RT4s2=1 | t4min 0
X k4_certs_4_pure.json.gz#123 7,196,25,8 [[7], [2, 8], [4, 5], [3, 6]] def 1 k 3 | t1=0 t2=1 t3p=0 t3h=0 t4=0 t4s2=0 | R13=0 R134=0 R134s2=0 RT=1 RT4=1 RT4s2=1 | t4min 0
X k4_certs_4_pure.json.gz#123 7,196,25,14 [[7], [2, 8], [4, 5], [6]] def 1 k 3 | t1=0 t2=1 t3p=0 t3h=0 t4=0 t4s2=0 | R13=0 R134=0 R134s2=0 RT=1 RT4=1 RT4s2=1 | t4min 0
X k4_certs_4_pure.json.gz#123 7,196,25,14 [[7], [2, 8], [4, 5], [3, 6]] def 1 k 3 | t1=0 t2=1 t3p=0 t3h=0 t4=0 t4s2=0 | R13=0 R134=0 R134s2=0 RT=1 RT4=1 RT4s2=1 | t4min 0
X k4_certs_4_pure.json.gz#123 7,196,25,15 [[7], [2, 8], [4, 5], [3, 6]] def 1 k 3 | t1=0 t2=1 t3p=0 t3h=0 t4=0 t4s2=0 | R13=0 R134=0 R134s2=0 RT=1 RT4=1 RT4s2=1 | t4min 0
X k4_certs_4_pure.json.gz#123 7,196,25,19 [[7], [2, 8], [4, 5], [6]] def 1 k 3 | t1=0 t2=1 t3p=0 t3h=0 t4=0 t4s2=0 | R13=0 R134=0 R134s2=0 RT=1 RT4=1 RT4s2=1 | t4min 0
X k4_certs_4_pure.json.gz#123 7,196,25,19 [[7], [2, 8], [4, 5], [3, 6]] def 1 k 3 | t1=0 t2=1 t3p=0 t3h=0 t4=0 t4s2=0 | R13=0 R134=0 R134s2=0 RT=1 RT4=1 RT4s2=1 | t4min 0
X k4_certs_4_pure.json.gz#123 7,196,25,23 [[7], [2, 8], [4, 5], [3, 6]] def 1 k 3 | t1=0 t2=1 t3p=0 t3h=0 t4=0 t4s2=0 | R13=0 R134=0 R134s2=0 RT=1 RT4=1 RT4s2=1 | t4min 0
X k4_certs_4_pure.json.gz#123 7,196,25,29 [[7], [2, 8], [4, 5], [6]] def 1 k 3 | t1=0 t2=1 t3p=0 t3h=0 t4=0 t4s2=0 | R13=0 R134=0 R134s2=0 RT=1 RT4=1 RT4s2=1 | t4min 0
X k4_certs_4_pure.json.gz#123 7,196,25,29 [[7], [2, 8], [4, 5], [3, 6]] def 1 k 3 | t1=0 t2=1 t3p=0 t3h=0 t4=0 t4s2=0 | R13=0 R134=0 R134s2=0 RT=1 RT4=1 RT4s2=1 | t4min 0
X k4_certs_4_pure.json.gz#123 7,196,25,48 [[7], [2, 8], [4, 5], [6]] def 1 k 3 | t1=0 t2=1 t3p=0 t3h=0 t4=0 t4s2=0 | R13=0 R134=0 R134s2=0 RT=1 RT4=1 RT4s2=1 | t4min 0
X k4_certs_4_pure.json.gz#123 7,196,25,48 [[7], [2, 8], [4, 5], [3, 6]] def 1 k 3 | t1=0 t2=1 t3p=0 t3h=0 t4=0 t4s2=0 | R13=0 R134=0 R134s2=0 RT=1 RT4=1 RT4s2=1 | t4min 0
X k4_certs_4_pure.json.gz#123 7,196,25,84 [[7], [2, 8], [4, 5], [3, 6]] def 1 k 2 | t1=0 t2=1 t3p=0 t3h=0 t4=0 t4s2=0 | R13=0 R134=0 R134s2=0 RT=1 RT4=1 RT4s2=1 | t4min 0
X k4_certs_4_pure.json.gz#123 7,196,25,90 [[7], [2, 8], [4, 5], [3, 6]] def 1 k 2 | t1=0 t2=1 t3p=0 t3h=0 t4=0 t4s2=0 | R13=0 R134=0 R134s2=0 RT=1 RT4=1 RT4s2=1 | t4min 0
X k4_certs_4_pure.json.gz#123 7,196,47,8 [[7], [2, 8], [4, 5], [3, 6]] def 1 k 3 | t1=0 t2=1 t3p=0 t3h=0 t4=0 t4s2=0 | R13=0 R134=0 R134s2=0 RT=1 RT4=1 RT4s2=1 | t4min 0
X k4_certs_4_pure.json.gz#123 7,196,47,14 [[7], [2, 8], [4, 5], [3, 6]] def 1 k 2 | t1=0 t2=1 t3p=0 t3h=0 t4=0 t4s2=0 | R13=0 R134=0 R134s2=0 RT=1 RT4=1 RT4s2=1 | t4min 0
X k4_certs_4_pure.json.gz#123 7,196,47,48 [[7], [2, 8], [4, 5], [3, 6]] def 1 k 2 | t1=0 t2=1 t3p=0 t3h=0 t4=0 t4s2=0 | R13=0 R134=0 R134s2=0 RT=1 RT4=1 RT4s2=1 | t4min 0
X k4_certs_4_pure.json.gz#123 7,196,47,84 [[7], [2, 8], [4, 5], [3, 6]] def 1 k 2 | t1=0 t2=1 t3p=0 t3h=0 t4=0 t4s2=0 | R13=0 R134=0 R134s2=0 RT=1 RT4=1 RT4s2=1 | t4min 0
X k4_certs_4_pure.json.gz#123 7,196,47,90 [[7], [2, 8], [4, 5], [3, 6]] def 1 k 2 | t1=0 t2=1 t3p=0 t3h=0 t4=0 t4s2=0 | R13=0 R134=0 R134s2=0 RT=1 RT4=1 RT4s2=1 | t4min 0
X k4_certs_4_pure.json.gz#123 7,196,50,8 [[7], [2, 8], [4, 5], [3, 6]] def 1 k 3 | t1=0 t2=1 t3p=0 t3h=0 t4=0 t4s2=0 | R13=0 R134=0 R134s2=0 RT=1 RT4=1 RT4s2=1 | t4min 0
X k4_certs_4_pure.json.gz#123 7,196,50,14 [[7], [2, 8], [4, 5], [3, 6]] def 1 k 2 | t1=0 t2=1 t3p=0 t3h=0 t4=0 t4s2=0 | R13=0 R134=0 R134s2=0 RT=1 RT4=1 RT4s2=1 | t4min 0
X k4_certs_4_pure.json.gz#123 7,196,50,48 [[7], [2, 8], [4, 5], [3, 6]] def 1 k 2 | t1=0 t2=1 t3p=0 t3h=0 t4=0 t4s2=0 | R13=0 R134=0 R134s2=0 RT=1 RT4=1 RT4s2=1 | t4min 0
X k4_certs_4_pure.json.gz#123 7,196,50,84 [[7], [2, 8], [4, 5], [3, 6]] def 1 k 2 | t1=0 t2=1 t3p=0 t3h=0 t4=0 t4s2=0 | R13=0 R134=0 R134s2=0 RT=1 RT4=1 RT4s2=1 | t4min 0
X k4_certs_4_pure.json.gz#123 7,196,50,90 [[7], [2, 8], [4, 5], [3, 6]] def 1 k 2 | t1=0 t2=1 t3p=0 t3h=0 t4=0 t4s2=0 | R13=0 R134=0 R134s2=0 RT=1 RT4=1 RT4s2=1 | t4min 0
X k4_certs_4_pure.json.gz#123 7,196,55,8 [[7], [2, 8], [4, 5], [3, 6]] def 1 k 3 | t1=0 t2=1 t3p=0 t3h=0 t4=0 t4s2=0 | R13=0 R134=0 R134s2=0 RT=1 RT4=1 RT4s2=1 | t4min 0
X k4_certs_4_pure.json.gz#123 7,196,55,14 [[7], [2, 8], [4, 5], [3, 6]] def 1 k 2 | t1=0 t2=1 t3p=0 t3h=0 t4=0 t4s2=0 | R13=0 R134=0 R134s2=0 RT=1 RT4=1 RT4s2=1 | t4min 0
X k4_certs_4_pure.json.gz#123 7,196,55,48 [[7], [2, 8], [4, 5], [3, 6]] def 1 k 2 | t1=0 t2=1 t3p=0 t3h=0 t4=0 t4s2=0 | R13=0 R134=0 R134s2=0 RT=1 RT4=1 RT4s2=1 | t4min 0
X k4_certs_4_pure.json.gz#123 7,196,55,84 [[7], [2, 8], [4, 5], [3, 6]] def 1 k 2 | t1=0 t2=1 t3p=0 t3h=0 t4=0 t4s2=0 | R13=0 R134=0 R134s2=0 RT=1 RT4=1 RT4s2=1 | t4min 0
X k4_certs_4_pure.json.gz#123 7,196,55,90 [[7], [2, 8], [4, 5], [3, 6]] def 1 k 2 | t1=0 t2=1 t3p=0 t3h=0 t4=0 t4s2=0 | R13=0 R134=0 R134s2=0 RT=1 RT4=1 RT4s2=1 | t4min 0
X k4_certs_4_pure.json.gz#123 7,196,67,8 [[7], [2, 8], [4, 5], [3, 6]] def 1 k 3 | t1=0 t2=1 t3p=0 t3h=0 t4=0 t4s2=0 | R13=0 R134=0 R134s2=0 RT=1 RT4=1 RT4s2=1 | t4min 0
X k4_certs_4_pure.json.gz#123 7,196,67,14 [[7], [2, 8], [4, 5], [3, 6]] def 1 k 2 | t1=0 t2=1 t3p=0 t3h=0 t4=0 t4s2=0 | R13=0 R134=0 R134s2=0 RT=1 RT4=1 RT4s2=1 | t4min 0
X k4_certs_4_pure.json.gz#123 7,196,67,48 [[7], [2, 8], [4, 5], [3, 6]] def 1 k 2 | t1=0 t2=1 t3p=0 t3h=0 t4=0 t4s2=0 | R13=0 R134=0 R134s2=0 RT=1 RT4=1 RT4s2=1 | t4min 0
X k4_certs_4_pure.json.gz#123 7,196,67,84 [[7], [2, 8], [4, 5], [3, 6]] def 1 k 2 | t1=0 t2=1 t3p=0 t3h=0 t4=0 t4s2=0 | R13=0 R134=0 R134s2=0 RT=1 RT4=1 RT4s2=1 | t4min 0
X k4_certs_4_pure.json.gz#123 7,196,67,90 [[7], [2, 8], [4, 5], [3, 6]] def 1 k 2 | t1=0 t2=1 t3p=0 t3h=0 t4=0 t4s2=0 | R13=0 R134=0 R134s2=0 RT=1 RT4=1 RT4s2=1 | t4min 0
X k4_certs_4_pure.json.gz#123 7,196,82,8 [[7], [2, 8], [4, 5], [3, 6]] def 1 k 3 | t1=0 t2=1 t3p=0 t3h=0 t4=0 t4s2=0 | R13=0 R134=0 R134s2=0 RT=1 RT4=1 RT4s2=1 | t4min 0
X k4_certs_4_pure.json.gz#123 7,196,82,14 [[7], [2, 8], [4, 5], [3, 6]] def 1 k 2 | t1=0 t2=1 t3p=0 t3h=0 t4=0 t4s2=0 | R13=0 R134=0 R134s2=0 RT=1 RT4=1 RT4s2=1 | t4min 0
X k4_certs_4_pure.json.gz#123 7,196,82,48 [[7], [2, 8], [4, 5], [3, 6]] def 1 k 2 | t1=0 t2=1 t3p=0 t3h=0 t4=0 t4s2=0 | R13=0 R134=0 R134s2=0 RT=1 RT4=1 RT4s2=1 | t4min 0
X k4_certs_4_pure.json.gz#123 7,196,82,84 [[7], [2, 8], [4, 5], [3, 6]] def 1 k 2 | t1=0 t2=1 t3p=0 t3h=0 t4=0 t4s2=0 | R13=0 R134=0 R134s2=0 RT=1 RT4=1 RT4s2=1 | t4min 0
X k4_certs_4_pure.json.gz#123 7,196,82,90 [[7], [2, 8], [4, 5], [3, 6]] def 1 k 2 | t1=0 t2=1 t3p=0 t3h=0 t4=0 t4s2=0 | R13=0 R134=0 R134s2=0 RT=1 RT4=1 RT4s2=1 | t4min 0
X k4_certs_4_pure.json.gz#123 7,196,89,8 [[7], [2, 8], [4, 5], [3, 6]] def 1 k 3 | t1=0 t2=1 t3p=0 t3h=0 t4=0 t4s2=0 | R13=0 R134=0 R134s2=0 RT=1 RT4=1 RT4s2=1 | t4min 0
X k4_certs_4_pure.json.gz#123 7,196,89,14 [[7], [2, 8], [4, 5], [3, 6]] def 1 k 2 | t1=0 t2=1 t3p=0 t3h=0 t4=0 t4s2=0 | R13=0 R134=0 R134s2=0 RT=1 RT4=1 RT4s2=1 | t4min 0
X k4_certs_4_pure.json.gz#123 7,196,89,48 [[7], [2, 8], [4, 5], [3, 6]] def 1 k 2 | t1=0 t2=1 t3p=0 t3h=0 t4=0 t4s2=0 | R13=0 R134=0 R134s2=0 RT=1 RT4=1 RT4s2=1 | t4min 0
X k4_certs_4_pure.json.gz#123 7,196,89,84 [[7], [2, 8], [4, 5], [3, 6]] def 1 k 2 | t1=0 t2=1 t3p=0 t3h=0 t4=0 t4s2=0 | R13=0 R134=0 R134s2=0 RT=1 RT4=1 RT4s2=1 | t4min 0
X k4_certs_4_pure.json.gz#123 7,196,89,90 [[7], [2, 8], [4, 5], [3, 6]] def 1 k 2 | t1=0 t2=1 t3p=0 t3h=0 t4=0 t4s2=0 | R13=0 R134=0 R134s2=0 RT=1 RT4=1 RT4s2=1 | t4min 0
X k4_certs_4_pure.json.gz#123 7,196,92,8 [[7], [2, 8], [4, 5], [3, 6]] def 1 k 3 | t1=0 t2=1 t3p=0 t3h=0 t4=0 t4s2=0 | R13=0 R134=0 R134s2=0 RT=1 RT4=1 RT4s2=1 | t4min 0
X k4_certs_4_pure.json.gz#123 7,196,92,14 [[7], [2, 8], [4, 5], [3, 6]] def 1 k 2 | t1=0 t2=1 t3p=0 t3h=0 t4=0 t4s2=0 | R13=0 R134=0 R134s2=0 RT=1 RT4=1 RT4s2=1 | t4min 0
X k4_certs_4_pure.json.gz#123 7,196,92,48 [[7], [2, 8], [4, 5], [3, 6]] def 1 k 2 | t1=0 t2=1 t3p=0 t3h=0 t4=0 t4s2=0 | R13=0 R134=0 R134s2=0 RT=1 RT4=1 RT4s2=1 | t4min 0
X k4_certs_4_pure.json.gz#123 7,196,92,84 [[7], [2, 8], [4, 5], [3, 6]] def 1 k 2 | t1=0 t2=1 t3p=0 t3h=0 t4=0 t4s2=0 | R13=0 R134=0 R134s2=0 RT=1 RT4=1 RT4s2=1 | t4min 0
X k4_certs_4_pure.json.gz#123 7,196,92,90 [[7], [2, 8], [4, 5], [3, 6]] def 1 k 2 | t1=0 t2=1 t3p=0 t3h=0 t4=0 t4s2=0 | R13=0 R134=0 R134s2=0 RT=1 RT4=1 RT4s2=1 | t4min 0
X k4_certs_4_pure.json.gz#123 7,196,95,8 [[7], [2, 8], [4, 5], [3, 6]] def 1 k 3 | t1=0 t2=1 t3p=0 t3h=0 t4=0 t4s2=0 | R13=0 R134=0 R134s2=0 RT=1 RT4=1 RT4s2=1 | t4min 0
X k4_certs_4_pure.json.gz#123 7,196,95,14 [[7], [2, 8], [4, 5], [3, 6]] def 1 k 2 | t1=0 t2=1 t3p=0 t3h=0 t4=0 t4s2=0 | R13=0 R134=0 R134s2=0 RT=1 RT4=1 RT4s2=1 | t4min 0
X k4_certs_4_pure.json.gz#123 7,196,95,48 [[7], [2, 8], [4, 5], [3, 6]] def 1 k 2 | t1=0 t2=1 t3p=0 t3h=0 t4=0 t4s2=0 | R13=0 R134=0 R134s2=0 RT=1 RT4=1 RT4s2=1 | t4min 0
X k4_certs_4_pure.json.gz#123 7,196,95,84 [[7], [2, 8], [4, 5], [3, 6]] def 1 k 2 | t1=0 t2=1 t3p=0 t3h=0 t4=0 t4s2=0 | R13=0 R134=0 R134s2=0 RT=1 RT4=1 RT4s2=1 | t4min 0
X k4_certs_4_pure.json.gz#123 7,196,95,90 [[7], [2, 8], [4, 5], [3, 6]] def 1 k 2 | t1=0 t2=1 t3p=0 t3h=0 t4=0 t4s2=0 | R13=0 R134=0 R134s2=0 RT=1 RT4=1 RT4s2=1 | t4min 0
X k4_certs_4_pure.json.gz#123 7,196,99,8 [[7], [2, 8], [4, 5], [3, 6]] def 1 k 3 | t1=0 t2=1 t3p=0 t3h=0 t4=0 t4s2=0 | R13=0 R134=0 R134s2=0 RT=1 RT4=1 RT4s2=1 | t4min 0
X k4_certs_4_pure.json.gz#123 7,196,99,14 [[7], [2, 8], [4, 5], [3, 6]] def 1 k 2 | t1=0 t2=1 t3p=0 t3h=0 t4=0 t4s2=0 | R13=0 R134=0 R134s2=0 RT=1 RT4=1 RT4s2=1 | t4min 0
X k4_certs_4_pure.json.gz#123 7,196,99,48 [[7], [2, 8], [4, 5], [3, 6]] def 1 k 2 | t1=0 t2=1 t3p=0 t3h=0 t4=0 t4s2=0 | R13=0 R134=0 R134s2=0 RT=1 RT4=1 RT4s2=1 | t4min 0
X k4_certs_4_pure.json.gz#123 7,196,99,84 [[7], [2, 8], [4, 5], [3, 6]] def 1 k 2 | t1=0 t2=1 t3p=0 t3h=0 t4=0 t4s2=0 | R13=0 R134=0 R134s2=0 RT=1 RT4=1 RT4s2=1 | t4min 0
X k4_certs_4_pure.json.gz#123 7,196,99,90 [[7], [2, 8], [4, 5], [3, 6]] def 1 k 2 | t1=0 t2=1 t3p=0 t3h=0 t4=0 t4s2=0 | R13=0 R134=0 R134s2=0 RT=1 RT4=1 RT4s2=1 | t4min 0
X k4_certs_4_pure.json.gz#123 7,196,100,8 [[7], [2, 8], [4, 5], [3, 6]] def 1 k 3 | t1=0 t2=1 t3p=0 t3h=0 t4=0 t4s2=0 | R13=0 R134=0 R134s2=0 RT=1 RT4=1 RT4s2=1 | t4min 0
X k4_certs_4_pure.json.gz#123 7,196,100,14 [[7], [2, 8], [4, 5], [3, 6]] def 1 k 2 | t1=0 t2=1 t3p=0 t3h=0 t4=0 t4s2=0 | R13=0 R134=0 R134s2=0 RT=1 RT4=1 RT4s2=1 | t4min 0
X k4_certs_4_pure.json.gz#123 7,196,100,48 [[7], [2, 8], [4, 5], [3, 6]] def 1 k 2 | t1=0 t2=1 t3p=0 t3h=0 t4=0 t4s2=0 | R13=0 R134=0 R134s2=0 RT=1 RT4=1 RT4s2=1 | t4min 0
X k4_certs_4_pure.json.gz#123 7,196,100,84 [[7], [2, 8], [4, 5], [3, 6]] def 1 k 2 | t1=0 t2=1 t3p=0 t3h=0 t4=0 t4s2=0 | R13=0 R134=0 R134s2=0 RT=1 RT4=1 RT4s2=1 | t4min 0
X k4_certs_4_pure.json.gz#123 7,196,100,90 [[7], [2, 8], [4, 5], [3, 6]] def 1 k 2 | t1=0 t2=1 t3p=0 t3h=0 t4=0 t4s2=0 | R13=0 R134=0 R134s2=0 RT=1 RT4=1 RT4s2=1 | t4min 0
X k4_certs_4_pure.json.gz#123 7,196,104,8 [[7], [2, 8], [4, 5], [3, 6]] def 1 k 3 | t1=0 t2=1 t3p=0 t3h=0 t4=0 t4s2=0 | R13=0 R134=0 R134s2=0 RT=1 RT4=1 RT4s2=1 | t4min 0
X k4_certs_4_pure.json.gz#123 7,196,104,14 [[7], [2, 8], [4, 5], [3, 6]] def 1 k 2 | t1=0 t2=1 t3p=0 t3h=0 t4=0 t4s2=0 | R13=0 R134=0 R134s2=0 RT=1 RT4=1 RT4s2=1 | t4min 0
X k4_certs_4_pure.json.gz#123 7,196,104,48 [[7], [2, 8], [4, 5], [3, 6]] def 1 k 2 | t1=0 t2=1 t3p=0 t3h=0 t4=0 t4s2=0 | R13=0 R134=0 R134s2=0 RT=1 RT4=1 RT4s2=1 | t4min 0
X k4_certs_4_pure.json.gz#123 7,196,104,84 [[7], [2, 8], [4, 5], [3, 6]] def 1 k 2 | t1=0 t2=1 t3p=0 t3h=0 t4=0 t4s2=0 | R13=0 R134=0 R134s2=0 RT=1 RT4=1 RT4s2=1 | t4min 0
X k4_certs_4_pure.json.gz#123 7,196,104,90 [[7], [2, 8], [4, 5], [3, 6]] def 1 k 2 | t1=0 t2=1 t3p=0 t3h=0 t4=0 t4s2=0 | R13=0 R134=0 R134s2=0 RT=1 RT4=1 RT4s2=1 | t4min 0
X k4_certs_4_pure.json.gz#123 7,196,114,8 [[7], [2, 8], [4, 5], [3, 6]] def 1 k 3 | t1=0 t2=1 t3p=0 t3h=0 t4=0 t4s2=0 | R13=0 R134=0 R134s2=0 RT=1 RT4=1 RT4s2=1 | t4min 0
X k4_certs_4_pure.json.gz#123 7,196,114,14 [[7], [2, 8], [4, 5], [3, 6]] def 1 k 2 | t1=0 t2=1 t3p=0 t3h=0 t4=0 t4s2=0 | R13=0 R134=0 R134s2=0 RT=1 RT4=1 RT4s2=1 | t4min 0
X k4_certs_4_pure.json.gz#123 7,196,114,48 [[7], [2, 8], [4, 5], [3, 6]] def 1 k 2 | t1=0 t2=1 t3p=0 t3h=0 t4=0 t4s2=0 | R13=0 R134=0 R134s2=0 RT=1 RT4=1 RT4s2=1 | t4min 0
X k4_certs_4_pure.json.gz#123 7,196,114,84 [[7], [2, 8], [4, 5], [3, 6]] def 1 k 2 | t1=0 t2=1 t3p=0 t3h=0 t4=0 t4s2=0 | R13=0 R134=0 R134s2=0 RT=1 RT4=1 RT4s2=1 | t4min 0
X k4_certs_4_pure.json.gz#123 7,196,114,90 [[7], [2, 8], [4, 5], [3, 6]] def 1 k 2 | t1=0 t2=1 t3p=0 t3h=0 t4=0 t4s2=0 | R13=0 R134=0 R134s2=0 RT=1 RT4=1 RT4s2=1 | t4min 0
X k4_certs_4_pure.json.gz#123 7,196,128,8 [[7], [2, 8], [4, 5], [3, 6]] def 1 k 3 | t1=0 t2=1 t3p=0 t3h=0 t4=0 t4s2=0 | R13=0 R134=0 R134s2=0 RT=1 RT4=1 RT4s2=1 | t4min 0
X k4_certs_4_pure.json.gz#123 7,196,128,14 [[7], [2, 8], [4, 5], [3, 6]] def 1 k 2 | t1=0 t2=1 t3p=0 t3h=0 t4=0 t4s2=0 | R13=0 R134=0 R134s2=0 RT=1 RT4=1 RT4s2=1 | t4min 0
X k4_certs_4_pure.json.gz#123 7,196,128,48 [[7], [2, 8], [4, 5], [3, 6]] def 1 k 2 | t1=0 t2=1 t3p=0 t3h=0 t4=0 t4s2=0 | R13=0 R134=0 R134s2=0 RT=1 RT4=1 RT4s2=1 | t4min 0
X k4_certs_4_pure.json.gz#123 7,196,128,84 [[7], [2, 8], [4, 5], [3, 6]] def 1 k 2 | t1=0 t2=1 t3p=0 t3h=0 t4=0 t4s2=0 | R13=0 R134=0 R134s2=0 RT=1 RT4=1 RT4s2=1 | t4min 0
X k4_certs_4_pure.json.gz#123 7,196,128,90 [[7], [2, 8], [4, 5], [3, 6]] def 1 k 2 | t1=0 t2=1 t3p=0 t3h=0 t4=0 t4s2=0 | R13=0 R134=0 R134s2=0 RT=1 RT4=1 RT4s2=1 | t4min 0
X k4_certs_4_pure.json.gz#123 7,196,131,8 [[7], [2, 8], [4, 5], [3, 6]] def 1 k 3 | t1=0 t2=1 t3p=0 t3h=0 t4=0 t4s2=0 | R13=0 R134=0 R134s2=0 RT=1 RT4=1 RT4s2=1 | t4min 0
X k4_certs_4_pure.json.gz#123 7,196,131,14 [[7], [2, 8], [4, 5], [3, 6]] def 1 k 2 | t1=0 t2=1 t3p=0 t3h=0 t4=0 t4s2=0 | R13=0 R134=0 R134s2=0 RT=1 RT4=1 RT4s2=1 | t4min 0
X k4_certs_4_pure.json.gz#123 7,196,131,48 [[7], [2, 8], [4, 5], [3, 6]] def 1 k 2 | t1=0 t2=1 t3p=0 t3h=0 t4=0 t4s2=0 | R13=0 R134=0 R134s2=0 RT=1 RT4=1 RT4s2=1 | t4min 0
X k4_certs_4_pure.json.gz#123 7,196,131,84 [[7], [2, 8], [4, 5], [3, 6]] def 1 k 2 | t1=0 t2=1 t3p=0 t3h=0 t4=0 t4s2=0 | R13=0 R134=0 R134s2=0 RT=1 RT4=1 RT4s2=1 | t4min 0
X k4_certs_4_pure.json.gz#123 7,196,131,90 [[7], [2, 8], [4, 5], [3, 6]] def 1 k 2 | t1=0 t2=1 t3p=0 t3h=0 t4=0 t4s2=0 | R13=0 R134=0 R134s2=0 RT=1 RT4=1 RT4s2=1 | t4min 0
X k4_certs_4_pure.json.gz#123 7,196,134,8 [[7], [2, 8], [4, 5], [3, 6]] def 1 k 3 | t1=0 t2=1 t3p=0 t3h=0 t4=0 t4s2=0 | R13=0 R134=0 R134s2=0 RT=1 RT4=1 RT4s2=1 | t4min 0
X k4_certs_4_pure.json.gz#123 7,196,134,14 [[7], [2, 8], [4, 5], [3, 6]] def 1 k 2 | t1=0 t2=1 t3p=0 t3h=0 t4=0 t4s2=0 | R13=0 R134=0 R134s2=0 RT=1 RT4=1 RT4s2=1 | t4min 0
X k4_certs_4_pure.json.gz#123 7,196,134,48 [[7], [2, 8], [4, 5], [3, 6]] def 1 k 2 | t1=0 t2=1 t3p=0 t3h=0 t4=0 t4s2=0 | R13=0 R134=0 R134s2=0 RT=1 RT4=1 RT4s2=1 | t4min 0
X k4_certs_4_pure.json.gz#123 7,196,134,84 [[7], [2, 8], [4, 5], [3, 6]] def 1 k 2 | t1=0 t2=1 t3p=0 t3h=0 t4=0 t4s2=0 | R13=0 R134=0 R134s2=0 RT=1 RT4=1 RT4s2=1 | t4min 0
X k4_certs_4_pure.json.gz#123 7,196,134,90 [[7], [2, 8], [4, 5], [3, 6]] def 1 k 2 | t1=0 t2=1 t3p=0 t3h=0 t4=0 t4s2=0 | R13=0 R134=0 R134s2=0 RT=1 RT4=1 RT4s2=1 | t4min 0
X k4_certs_4_pure.json.gz#123 7,196,135,8 [[7], [2, 8], [4, 5], [3, 6]] def 1 k 3 | t1=0 t2=1 t3p=0 t3h=0 t4=0 t4s2=0 | R13=0 R134=0 R134s2=0 RT=1 RT4=1 RT4s2=1 | t4min 0
X k4_certs_4_pure.json.gz#123 7,196,135,14 [[7], [2, 8], [4, 5], [3, 6]] def 1 k 2 | t1=0 t2=1 t3p=0 t3h=0 t4=0 t4s2=0 | R13=0 R134=0 R134s2=0 RT=1 RT4=1 RT4s2=1 | t4min 0
X k4_certs_4_pure.json.gz#123 7,196,135,48 [[7], [2, 8], [4, 5], [3, 6]] def 1 k 2 | t1=0 t2=1 t3p=0 t3h=0 t4=0 t4s2=0 | R13=0 R134=0 R134s2=0 RT=1 RT4=1 RT4s2=1 | t4min 0
X k4_certs_4_pure.json.gz#123 7,196,135,84 [[7], [2, 8], [4, 5], [3, 6]] def 1 k 2 | t1=0 t2=1 t3p=0 t3h=0 t4=0 t4s2=0 | R13=0 R134=0 R134s2=0 RT=1 RT4=1 RT4s2=1 | t4min 0
X k4_certs_4_pure.json.gz#123 7,196,135,90 [[7], [2, 8], [4, 5], [3, 6]] def 1 k 2 | t1=0 t2=1 t3p=0 t3h=0 t4=0 t4s2=0 | R13=0 R134=0 R134s2=0 RT=1 RT4=1 RT4s2=1 | t4min 0
X k4_certs_4_pure.json.gz#123 7,196,152,8 [[7], [2, 8], [4, 5], [3, 6]] def 1 k 3 | t1=0 t2=1 t3p=0 t3h=0 t4=0 t4s2=0 | R13=0 R134=0 R134s2=0 RT=1 RT4=1 RT4s2=1 | t4min 0
X k4_certs_4_pure.json.gz#123 7,196,152,14 [[7], [2, 8], [4, 5], [3, 6]] def 1 k 2 | t1=0 t2=1 t3p=0 t3h=0 t4=0 t4s2=0 | R13=0 R134=0 R134s2=0 RT=1 RT4=1 RT4s2=1 | t4min 0
X k4_certs_4_pure.json.gz#123 7,196,152,48 [[7], [2, 8], [4, 5], [3, 6]] def 1 k 2 | t1=0 t2=1 t3p=0 t3h=0 t4=0 t4s2=0 | R13=0 R134=0 R134s2=0 RT=1 RT4=1 RT4s2=1 | t4min 0
X k4_certs_4_pure.json.gz#123 7,196,152,84 [[7], [2, 8], [4, 5], [3, 6]] def 1 k 2 | t1=0 t2=1 t3p=0 t3h=0 t4=0 t4s2=0 | R13=0 R134=0 R134s2=0 RT=1 RT4=1 RT4s2=1 | t4min 0
X k4_certs_4_pure.json.gz#123 7,196,152,90 [[7], [2, 8], [4, 5], [3, 6]] def 1 k 2 | t1=0 t2=1 t3p=0 t3h=0 t4=0 t4s2=0 | R13=0 R134=0 R134s2=0 RT=1 RT4=1 RT4s2=1 | t4min 0
X k4_certs_4_pure.json.gz#123 7,196,155,8 [[7], [2, 8], [4, 5], [3, 6]] def 1 k 3 | t1=0 t2=1 t3p=0 t3h=0 t4=0 t4s2=0 | R13=0 R134=0 R134s2=0 RT=1 RT4=1 RT4s2=1 | t4min 0
X k4_certs_4_pure.json.gz#123 7,196,155,14 [[7], [2, 8], [4, 5], [3, 6]] def 1 k 2 | t1=0 t2=1 t3p=0 t3h=0 t4=0 t4s2=0 | R13=0 R134=0 R134s2=0 RT=1 RT4=1 RT4s2=1 | t4min 0
X k4_certs_4_pure.json.gz#123 7,196,155,48 [[7], [2, 8], [4, 5], [3, 6]] def 1 k 2 | t1=0 t2=1 t3p=0 t3h=0 t4=0 t4s2=0 | R13=0 R134=0 R134s2=0 RT=1 RT4=1 RT4s2=1 | t4min 0
X k4_certs_4_pure.json.gz#123 7,196,155,84 [[7], [2, 8], [4, 5], [3, 6]] def 1 k 2 | t1=0 t2=1 t3p=0 t3h=0 t4=0 t4s2=0 | R13=0 R134=0 R134s2=0 RT=1 RT4=1 RT4s2=1 | t4min 0
X k4_certs_4_pure.json.gz#123 7,196,155,90 [[7], [2, 8], [4, 5], [3, 6]] def 1 k 2 | t1=0 t2=1 t3p=0 t3h=0 t4=0 t4s2=0 | R13=0 R134=0 R134s2=0 RT=1 RT4=1 RT4s2=1 | t4min 0
X k4_certs_4_pure.json.gz#123 7,196,160,8 [[7], [2, 8], [4, 5], [3, 6]] def 1 k 3 | t1=0 t2=1 t3p=0 t3h=0 t4=0 t4s2=0 | R13=0 R134=0 R134s2=0 RT=1 RT4=1 RT4s2=1 | t4min 0
X k4_certs_4_pure.json.gz#123 7,196,160,14 [[7], [2, 8], [4, 5], [3, 6]] def 1 k 2 | t1=0 t2=1 t3p=0 t3h=0 t4=0 t4s2=0 | R13=0 R134=0 R134s2=0 RT=1 RT4=1 RT4s2=1 | t4min 0
X k4_certs_4_pure.json.gz#123 7,196,160,48 [[7], [2, 8], [4, 5], [3, 6]] def 1 k 2 | t1=0 t2=1 t3p=0 t3h=0 t4=0 t4s2=0 | R13=0 R134=0 R134s2=0 RT=1 RT4=1 RT4s2=1 | t4min 0
X k4_certs_4_pure.json.gz#123 7,196,160,84 [[7], [2, 8], [4, 5], [3, 6]] def 1 k 2 | t1=0 t2=1 t3p=0 t3h=0 t4=0 t4s2=0 | R13=0 R134=0 R134s2=0 RT=1 RT4=1 RT4s2=1 | t4min 0
X k4_certs_4_pure.json.gz#123 7,196,160,90 [[7], [2, 8], [4, 5], [3, 6]] def 1 k 2 | t1=0 t2=1 t3p=0 t3h=0 t4=0 t4s2=0 | R13=0 R134=0 R134s2=0 RT=1 RT4=1 RT4s2=1 | t4min 0
X k4_certs_4_pure.json.gz#123 7,196,165,8 [[7], [2, 8], [4, 5], [3, 6]] def 1 k 3 | t1=0 t2=1 t3p=0 t3h=0 t4=0 t4s2=0 | R13=0 R134=0 R134s2=0 RT=1 RT4=1 RT4s2=1 | t4min 0
X k4_certs_4_pure.json.gz#123 7,196,165,14 [[7], [2, 8], [4, 5], [3, 6]] def 1 k 2 | t1=0 t2=1 t3p=0 t3h=0 t4=0 t4s2=0 | R13=0 R134=0 R134s2=0 RT=1 RT4=1 RT4s2=1 | t4min 0
X k4_certs_4_pure.json.gz#123 7,196,165,48 [[7], [2, 8], [4, 5], [3, 6]] def 1 k 2 | t1=0 t2=1 t3p=0 t3h=0 t4=0 t4s2=0 | R13=0 R134=0 R134s2=0 RT=1 RT4=1 RT4s2=1 | t4min 0
X k4_certs_4_pure.json.gz#123 7,196,165,84 [[7], [2, 8], [4, 5], [3, 6]] def 1 k 2 | t1=0 t2=1 t3p=0 t3h=0 t4=0 t4s2=0 | R13=0 R134=0 R134s2=0 RT=1 RT4=1 RT4s2=1 | t4min 0
X k4_certs_4_pure.json.gz#123 7,196,165,90 [[7], [2, 8], [4, 5], [3, 6]] def 1 k 2 | t1=0 t2=1 t3p=0 t3h=0 t4=0 t4s2=0 | R13=0 R134=0 R134s2=0 RT=1 RT4=1 RT4s2=1 | t4min 0
X k4_certs_4_pure.json.gz#123 7,196,174,8 [[7], [2, 8], [4, 5], [3, 6]] def 1 k 3 | t1=0 t2=1 t3p=0 t3h=0 t4=0 t4s2=0 | R13=0 R134=0 R134s2=0 RT=1 RT4=1 RT4s2=1 | t4min 0
X k4_certs_4_pure.json.gz#123 7,196,174,14 [[7], [2, 8], [4, 5], [3, 6]] def 1 k 2 | t1=0 t2=1 t3p=0 t3h=0 t4=0 t4s2=0 | R13=0 R134=0 R134s2=0 RT=1 RT4=1 RT4s2=1 | t4min 0
X k4_certs_4_pure.json.gz#123 7,196,174,48 [[7], [2, 8], [4, 5], [3, 6]] def 1 k 2 | t1=0 t2=1 t3p=0 t3h=0 t4=0 t4s2=0 | R13=0 R134=0 R134s2=0 RT=1 RT4=1 RT4s2=1 | t4min 0
X k4_certs_4_pure.json.gz#123 7,196,174,84 [[7], [2, 8], [4, 5], [3, 6]] def 1 k 2 | t1=0 t2=1 t3p=0 t3h=0 t4=0 t4s2=0 | R13=0 R134=0 R134s2=0 RT=1 RT4=1 RT4s2=1 | t4min 0
X k4_certs_4_pure.json.gz#123 7,196,174,90 [[7], [2, 8], [4, 5], [3, 6]] def 1 k 2 | t1=0 t2=1 t3p=0 t3h=0 t4=0 t4s2=0 | R13=0 R134=0 R134s2=0 RT=1 RT4=1 RT4s2=1 | t4min 0
X k4_certs_4_pure.json.gz#123 7,196,192,8 [[7], [2, 8], [4, 5], [3, 6]] def 1 k 3 | t1=0 t2=1 t3p=0 t3h=0 t4=0 t4s2=0 | R13=0 R134=0 R134s2=0 RT=1 RT4=1 RT4s2=1 | t4min 0
X k4_certs_4_pure.json.gz#123 7,196,192,14 [[7], [2, 8], [4, 5], [3, 6]] def 1 k 2 | t1=0 t2=1 t3p=0 t3h=0 t4=0 t4s2=0 | R13=0 R134=0 R134s2=0 RT=1 RT4=1 RT4s2=1 | t4min 0
X k4_certs_4_pure.json.gz#123 7,196,192,48 [[7], [2, 8], [4, 5], [3, 6]] def 1 k 2 | t1=0 t2=1 t3p=0 t3h=0 t4=0 t4s2=0 | R13=0 R134=0 R134s2=0 RT=1 RT4=1 RT4s2=1 | t4min 0
X k4_certs_4_pure.json.gz#123 7,196,192,84 [[7], [2, 8], [4, 5], [3, 6]] def 1 k 2 | t1=0 t2=1 t3p=0 t3h=0 t4=0 t4s2=0 | R13=0 R134=0 R134s2=0 RT=1 RT4=1 RT4s2=1 | t4min 0
X k4_certs_4_pure.json.gz#123 7,196,192,90 [[7], [2, 8], [4, 5], [3, 6]] def 1 k 2 | t1=0 t2=1 t3p=0 t3h=0 t4=0 t4s2=0 | R13=0 R134=0 R134s2=0 RT=1 RT4=1 RT4s2=1 | t4min 0
X k4_certs_4_pure.json.gz#123 7,196,193,8 [[7], [2, 8], [4, 5], [3, 6]] def 1 k 3 | t1=0 t2=1 t3p=0 t3h=0 t4=0 t4s2=0 | R13=0 R134=0 R134s2=0 RT=1 RT4=1 RT4s2=1 | t4min 0
X k4_certs_4_pure.json.gz#123 7,196,193,14 [[7], [2, 8], [4, 5], [3, 6]] def 1 k 2 | t1=0 t2=1 t3p=0 t3h=0 t4=0 t4s2=0 | R13=0 R134=0 R134s2=0 RT=1 RT4=1 RT4s2=1 | t4min 0
X k4_certs_4_pure.json.gz#123 7,196,193,48 [[7], [2, 8], [4, 5], [3, 6]] def 1 k 2 | t1=0 t2=1 t3p=0 t3h=0 t4=0 t4s2=0 | R13=0 R134=0 R134s2=0 RT=1 RT4=1 RT4s2=1 | t4min 0
X k4_certs_4_pure.json.gz#123 7,196,193,84 [[7], [2, 8], [4, 5], [3, 6]] def 1 k 2 | t1=0 t2=1 t3p=0 t3h=0 t4=0 t4s2=0 | R13=0 R134=0 R134s2=0 RT=1 RT4=1 RT4s2=1 | t4min 0
X k4_certs_4_pure.json.gz#123 7,196,193,90 [[7], [2, 8], [4, 5], [3, 6]] def 1 k 2 | t1=0 t2=1 t3p=0 t3h=0 t4=0 t4s2=0 | R13=0 R134=0 R134s2=0 RT=1 RT4=1 RT4s2=1 | t4min 0
X k4_certs_4_pure.json.gz#123 7,196,198,8 [[7], [2, 8], [4, 5], [3, 6]] def 1 k 3 | t1=0 t2=1 t3p=0 t3h=0 t4=0 t4s2=0 | R13=0 R134=0 R134s2=0 RT=1 RT4=1 RT4s2=1 | t4min 0
X k4_certs_4_pure.json.gz#123 7,196,198,14 [[7], [2, 8], [4, 5], [3, 6]] def 1 k 2 | t1=0 t2=1 t3p=0 t3h=0 t4=0 t4s2=0 | R13=0 R134=0 R134s2=0 RT=1 RT4=1 RT4s2=1 | t4min 0
X k4_certs_4_pure.json.gz#123 7,196,198,48 [[7], [2, 8], [4, 5], [3, 6]] def 1 k 2 | t1=0 t2=1 t3p=0 t3h=0 t4=0 t4s2=0 | R13=0 R134=0 R134s2=0 RT=1 RT4=1 RT4s2=1 | t4min 0
X k4_certs_4_pure.json.gz#123 7,196,198,84 [[7], [2, 8], [4, 5], [3, 6]] def 1 k 2 | t1=0 t2=1 t3p=0 t3h=0 t4=0 t4s2=0 | R13=0 R134=0 R134s2=0 RT=1 RT4=1 RT4s2=1 | t4min 0
X k4_certs_4_pure.json.gz#123 7,196,198,90 [[7], [2, 8], [4, 5], [3, 6]] def 1 k 2 | t1=0 t2=1 t3p=0 t3h=0 t4=0 t4s2=0 | R13=0 R134=0 R134s2=0 RT=1 RT4=1 RT4s2=1 | t4min 0
X k4_certs_4_pure.json.gz#123 7,196,201,8 [[7], [2, 8], [4, 5], [3, 6]] def 1 k 3 | t1=0 t2=1 t3p=0 t3h=0 t4=0 t4s2=0 | R13=0 R134=0 R134s2=0 RT=1 RT4=1 RT4s2=1 | t4min 0
X k4_certs_4_pure.json.gz#123 7,196,201,14 [[7], [2, 8], [4, 5], [3, 6]] def 1 k 2 | t1=0 t2=1 t3p=0 t3h=0 t4=0 t4s2=0 | R13=0 R134=0 R134s2=0 RT=1 RT4=1 RT4s2=1 | t4min 0
X k4_certs_4_pure.json.gz#123 7,196,201,48 [[7], [2, 8], [4, 5], [3, 6]] def 1 k 2 | t1=0 t2=1 t3p=0 t3h=0 t4=0 t4s2=0 | R13=0 R134=0 R134s2=0 RT=1 RT4=1 RT4s2=1 | t4min 0
X k4_certs_4_pure.json.gz#123 7,196,201,84 [[7], [2, 8], [4, 5], [3, 6]] def 1 k 2 | t1=0 t2=1 t3p=0 t3h=0 t4=0 t4s2=0 | R13=0 R134=0 R134s2=0 RT=1 RT4=1 RT4s2=1 | t4min 0
X k4_certs_4_pure.json.gz#123 7,196,201,90 [[7], [2, 8], [4, 5], [3, 6]] def 1 k 2 | t1=0 t2=1 t3p=0 t3h=0 t4=0 t4s2=0 | R13=0 R134=0 R134s2=0 RT=1 RT4=1 RT4s2=1 | t4min 0
X k4_certs_4_pure.json.gz#123 7,196,217,8 [[7], [2, 8], [4, 5], [3, 6]] def 1 k 3 | t1=0 t2=1 t3p=0 t3h=0 t4=0 t4s2=0 | R13=0 R134=0 R134s2=0 RT=1 RT4=1 RT4s2=1 | t4min 0
X k4_certs_4_pure.json.gz#123 7,196,217,14 [[7], [2, 8], [4, 5], [3, 6]] def 1 k 2 | t1=0 t2=1 t3p=0 t3h=0 t4=0 t4s2=0 | R13=0 R134=0 R134s2=0 RT=1 RT4=1 RT4s2=1 | t4min 0
X k4_certs_4_pure.json.gz#123 7,196,217,48 [[7], [2, 8], [4, 5], [3, 6]] def 1 k 2 | t1=0 t2=1 t3p=0 t3h=0 t4=0 t4s2=0 | R13=0 R134=0 R134s2=0 RT=1 RT4=1 RT4s2=1 | t4min 0
X k4_certs_4_pure.json.gz#123 7,196,217,84 [[7], [2, 8], [4, 5], [3, 6]] def 1 k 2 | t1=0 t2=1 t3p=0 t3h=0 t4=0 t4s2=0 | R13=0 R134=0 R134s2=0 RT=1 RT4=1 RT4s2=1 | t4min 0
X k4_certs_4_pure.json.gz#123 7,196,217,90 [[7], [2, 8], [4, 5], [3, 6]] def 1 k 2 | t1=0 t2=1 t3p=0 t3h=0 t4=0 t4s2=0 | R13=0 R134=0 R134s2=0 RT=1 RT4=1 RT4s2=1 | t4min 0
X k4_certs_4_pure.json.gz#123 7,196,222,8 [[7], [2, 8], [4, 5], [3, 6]] def 1 k 3 | t1=0 t2=1 t3p=0 t3h=0 t4=0 t4s2=0 | R13=0 R134=0 R134s2=0 RT=1 RT4=1 RT4s2=1 | t4min 0
X k4_certs_4_pure.json.gz#123 7,196,222,14 [[7], [2, 8], [4, 5], [3, 6]] def 1 k 2 | t1=0 t2=1 t3p=0 t3h=0 t4=0 t4s2=0 | R13=0 R134=0 R134s2=0 RT=1 RT4=1 RT4s2=1 | t4min 0
X k4_certs_4_pure.json.gz#123 7,196,222,48 [[7], [2, 8], [4, 5], [3, 6]] def 1 k 2 | t1=0 t2=1 t3p=0 t3h=0 t4=0 t4s2=0 | R13=0 R134=0 R134s2=0 RT=1 RT4=1 RT4s2=1 | t4min 0
X k4_certs_4_pure.json.gz#123 7,196,222,84 [[7], [2, 8], [4, 5], [3, 6]] def 1 k 2 | t1=0 t2=1 t3p=0 t3h=0 t4=0 t4s2=0 | R13=0 R134=0 R134s2=0 RT=1 RT4=1 RT4s2=1 | t4min 0
X k4_certs_4_pure.json.gz#123 7,196,222,90 [[7], [2, 8], [4, 5], [3, 6]] def 1 k 2 | t1=0 t2=1 t3p=0 t3h=0 t4=0 t4s2=0 | R13=0 R134=0 R134s2=0 RT=1 RT4=1 RT4s2=1 | t4min 0
X k4_certs_4_pure.json.gz#123 7,196,233,8 [[7], [2, 8], [4, 5], [3, 6]] def 1 k 3 | t1=0 t2=1 t3p=0 t3h=0 t4=0 t4s2=0 | R13=0 R134=0 R134s2=0 RT=1 RT4=1 RT4s2=1 | t4min 0
X k4_certs_4_pure.json.gz#123 7,196,233,14 [[7], [2, 8], [4, 5], [3, 6]] def 1 k 2 | t1=0 t2=1 t3p=0 t3h=0 t4=0 t4s2=0 | R13=0 R134=0 R134s2=0 RT=1 RT4=1 RT4s2=1 | t4min 0
X k4_certs_4_pure.json.gz#123 7,196,233,48 [[7], [2, 8], [4, 5], [3, 6]] def 1 k 2 | t1=0 t2=1 t3p=0 t3h=0 t4=0 t4s2=0 | R13=0 R134=0 R134s2=0 RT=1 RT4=1 RT4s2=1 | t4min 0
X k4_certs_4_pure.json.gz#123 7,196,233,84 [[7], [2, 8], [4, 5], [3]] def 1 k 3 | t1=0 t2=1 t3p=0 t3h=0 t4=0 t4s2=0 | R13=0 R134=0 R134s2=0 RT=1 RT4=1 RT4s2=1 | t4min 0
X k4_certs_4_pure.json.gz#123 7,196,233,84 [[7], [2, 8], [4, 5], [3, 6]] def 1 k 3 | t1=0 t2=1 t3p=0 t3h=0 t4=0 t4s2=0 | R13=0 R134=0 R134s2=0 RT=1 RT4=1 RT4s2=1 | t4min 0
X k4_certs_4_pure.json.gz#123 7,196,233,85 [[7], [2, 8], [4, 5], [3, 6]] def 1 k 3 | t1=0 t2=1 t3p=0 t3h=0 t4=0 t4s2=0 | R13=0 R134=0 R134s2=0 RT=1 RT4=1 RT4s2=1 | t4min 0
X k4_certs_4_pure.json.gz#123 7,196,233,90 [[7], [2, 8], [4, 5], [3]] def 1 k 3 | t1=0 t2=1 t3p=0 t3h=0 t4=0 t4s2=0 | R13=0 R134=0 R134s2=0 RT=1 RT4=1 RT4s2=1 | t4min 0
X k4_certs_4_pure.json.gz#123 7,196,233,90 [[7], [2, 8], [4, 5], [3, 6]] def 1 k 3 | t1=0 t2=1 t3p=0 t3h=0 t4=0 t4s2=0 | R13=0 R134=0 R134s2=0 RT=1 RT4=1 RT4s2=1 | t4min 0
X k4_certs_4_pure.json.gz#123 7,196,233,127 [[7], [2, 8], [4, 5], [3]] def 1 k 3 | t1=0 t2=1 t3p=0 t3h=0 t4=0 t4s2=0 | R13=0 R134=0 R134s2=0 RT=1 RT4=1 RT4s2=1 | t4min 0
X k4_certs_4_pure.json.gz#123 7,196,233,127 [[7], [2, 8], [4, 5], [3, 6]] def 1 k 3 | t1=0 t2=1 t3p=0 t3h=0 t4=0 t4s2=0 | R13=0 R134=0 R134s2=0 RT=1 RT4=1 RT4s2=1 | t4min 0
X k4_certs_4_pure.json.gz#123 7,196,233,149 [[7], [2, 8], [4, 5], [3, 6]] def 1 k 3 | t1=0 t2=1 t3p=0 t3h=0 t4=0 t4s2=0 | R13=0 R134=0 R134s2=0 RT=1 RT4=1 RT4s2=1 | t4min 0
X k4_certs_4_pure.json.gz#123 7,196,233,191 [[7], [2, 8], [4, 5], [3]] def 1 k 3 | t1=0 t2=1 t3p=0 t3h=0 t4=0 t4s2=0 | R13=0 R134=0 R134s2=0 RT=1 RT4=1 RT4s2=1 | t4min 0
X k4_certs_4_pure.json.gz#123 7,196,233,191 [[7], [2, 8], [4, 5], [3, 6]] def 1 k 3 | t1=0 t2=1 t3p=0 t3h=0 t4=0 t4s2=0 | R13=0 R134=0 R134s2=0 RT=1 RT4=1 RT4s2=1 | t4min 0
X k4_certs_4_pure.json.gz#123 7,196,234,8 [[7], [2, 8], [4, 5], [3, 6]] def 1 k 3 | t1=0 t2=1 t3p=0 t3h=0 t4=0 t4s2=0 | R13=0 R134=0 R134s2=0 RT=1 RT4=1 RT4s2=1 | t4min 0
X k4_certs_4_pure.json.gz#123 7,196,234,14 [[7], [2, 8], [4, 5], [3, 6]] def 1 k 2 | t1=0 t2=1 t3p=0 t3h=0 t4=0 t4s2=0 | R13=0 R134=0 R134s2=0 RT=1 RT4=1 RT4s2=1 | t4min 0
X k4_certs_4_pure.json.gz#123 7,196,234,48 [[7], [2, 8], [4, 5], [3, 6]] def 1 k 2 | t1=0 t2=1 t3p=0 t3h=0 t4=0 t4s2=0 | R13=0 R134=0 R134s2=0 RT=1 RT4=1 RT4s2=1 | t4min 0
X k4_certs_4_pure.json.gz#123 7,196,234,84 [[7], [2, 8], [4, 5], [3, 6]] def 1 k 2 | t1=0 t2=1 t3p=0 t3h=0 t4=0 t4s2=0 | R13=0 R134=0 R134s2=0 RT=1 RT4=1 RT4s2=1 | t4min 0
X k4_certs_4_pure.json.gz#123 7,196,234,90 [[7], [2, 8], [4, 5], [3, 6]] def 1 k 2 | t1=0 t2=1 t3p=0 t3h=0 t4=0 t4s2=0 | R13=0 R134=0 R134s2=0 RT=1 RT4=1 RT4s2=1 | t4min 0
X k4_certs_4_pure.json.gz#123 7,196,236,8 [[7], [2, 8], [4, 5], [3, 6]] def 1 k 3 | t1=0 t2=1 t3p=0 t3h=0 t4=0 t4s2=0 | R13=0 R134=0 R134s2=0 RT=1 RT4=1 RT4s2=1 | t4min 0
X k4_certs_4_pure.json.gz#123 7,196,236,14 [[7], [2, 8], [4, 5], [3, 6]] def 1 k 2 | t1=0 t2=1 t3p=0 t3h=0 t4=0 t4s2=0 | R13=0 R134=0 R134s2=0 RT=1 RT4=1 RT4s2=1 | t4min 0
X k4_certs_4_pure.json.gz#123 7,196,236,48 [[7], [2, 8], [4, 5], [3, 6]] def 1 k 2 | t1=0 t2=1 t3p=0 t3h=0 t4=0 t4s2=0 | R13=0 R134=0 R134s2=0 RT=1 RT4=1 RT4s2=1 | t4min 0
X k4_certs_4_pure.json.gz#123 7,196,236,84 [[7], [2, 8], [4, 5], [3, 6]] def 1 k 2 | t1=0 t2=1 t3p=0 t3h=0 t4=0 t4s2=0 | R13=0 R134=0 R134s2=0 RT=1 RT4=1 RT4s2=1 | t4min 0
X k4_certs_4_pure.json.gz#123 7,196,236,90 [[7], [2, 8], [4, 5], [3, 6]] def 1 k 2 | t1=0 t2=1 t3p=0 t3h=0 t4=0 t4s2=0 | R13=0 R134=0 R134s2=0 RT=1 RT4=1 RT4s2=1 | t4min 0
X k4_certs_4_pure.json.gz#123 7,196,237,8 [[7], [2, 8], [4, 5], [3, 6]] def 1 k 3 | t1=0 t2=1 t3p=0 t3h=0 t4=0 t4s2=0 | R13=0 R134=0 R134s2=0 RT=1 RT4=1 RT4s2=1 | t4min 0
X k4_certs_4_pure.json.gz#123 7,196,237,14 [[7], [2, 8], [4, 5], [3, 6]] def 1 k 2 | t1=0 t2=1 t3p=0 t3h=0 t4=0 t4s2=0 | R13=0 R134=0 R134s2=0 RT=1 RT4=1 RT4s2=1 | t4min 0
X k4_certs_4_pure.json.gz#123 7,196,237,48 [[7], [2, 8], [4, 5], [3, 6]] def 1 k 2 | t1=0 t2=1 t3p=0 t3h=0 t4=0 t4s2=0 | R13=0 R134=0 R134s2=0 RT=1 RT4=1 RT4s2=1 | t4min 0
X k4_certs_4_pure.json.gz#123 7,196,237,84 [[7], [2, 8], [4, 5], [3, 6]] def 1 k 2 | t1=0 t2=1 t3p=0 t3h=0 t4=0 t4s2=0 | R13=0 R134=0 R134s2=0 RT=1 RT4=1 RT4s2=1 | t4min 0
X k4_certs_4_pure.json.gz#123 7,196,237,90 [[7], [2, 8], [4, 5], [3, 6]] def 1 k 2 | t1=0 t2=1 t3p=0 t3h=0 t4=0 t4s2=0 | R13=0 R134=0 R134s2=0 RT=1 RT4=1 RT4s2=1 | t4min 0
X k4_certs_4_pure.json.gz#123 7,196,241,8 [[7], [2, 8], [4, 5], [3, 6]] def 1 k 3 | t1=0 t2=1 t3p=0 t3h=0 t4=0 t4s2=0 | R13=0 R134=0 R134s2=0 RT=1 RT4=1 RT4s2=1 | t4min 0
X k4_certs_4_pure.json.gz#123 7,196,241,14 [[7], [2, 8], [4, 5], [3, 6]] def 1 k 2 | t1=0 t2=1 t3p=0 t3h=0 t4=0 t4s2=0 | R13=0 R134=0 R134s2=0 RT=1 RT4=1 RT4s2=1 | t4min 0
X k4_certs_4_pure.json.gz#123 7,196,241,48 [[7], [2, 8], [4, 5], [3, 6]] def 1 k 2 | t1=0 t2=1 t3p=0 t3h=0 t4=0 t4s2=0 | R13=0 R134=0 R134s2=0 RT=1 RT4=1 RT4s2=1 | t4min 0
X k4_certs_4_pure.json.gz#123 7,196,241,84 [[7], [2, 8], [4, 5], [3]] def 1 k 3 | t1=0 t2=1 t3p=0 t3h=0 t4=0 t4s2=0 | R13=0 R134=0 R134s2=0 RT=1 RT4=1 RT4s2=1 | t4min 0
X k4_certs_4_pure.json.gz#123 7,196,241,84 [[7], [2, 8], [4, 5], [3, 6]] def 1 k 3 | t1=0 t2=1 t3p=0 t3h=0 t4=0 t4s2=0 | R13=0 R134=0 R134s2=0 RT=1 RT4=1 RT4s2=1 | t4min 0
X k4_certs_4_pure.json.gz#123 7,196,241,85 [[7], [2, 8], [4, 5], [3, 6]] def 1 k 3 | t1=0 t2=1 t3p=0 t3h=0 t4=0 t4s2=0 | R13=0 R134=0 R134s2=0 RT=1 RT4=1 RT4s2=1 | t4min 0
X k4_certs_4_pure.json.gz#123 7,196,241,90 [[7], [2, 8], [4, 5], [3]] def 1 k 3 | t1=0 t2=1 t3p=0 t3h=0 t4=0 t4s2=0 | R13=0 R134=0 R134s2=0 RT=1 RT4=1 RT4s2=1 | t4min 0
X k4_certs_4_pure.json.gz#123 7,196,241,90 [[7], [2, 8], [4, 5], [3, 6]] def 1 k 3 | t1=0 t2=1 t3p=0 t3h=0 t4=0 t4s2=0 | R13=0 R134=0 R134s2=0 RT=1 RT4=1 RT4s2=1 | t4min 0
X k4_certs_4_pure.json.gz#123 7,196,241,127 [[7], [2, 8], [4, 5], [3]] def 1 k 3 | t1=0 t2=1 t3p=0 t3h=0 t4=0 t4s2=0 | R13=0 R134=0 R134s2=0 RT=1 RT4=1 RT4s2=1 | t4min 0
X k4_certs_4_pure.json.gz#123 7,196,241,127 [[7], [2, 8], [4, 5], [3, 6]] def 1 k 3 | t1=0 t2=1 t3p=0 t3h=0 t4=0 t4s2=0 | R13=0 R134=0 R134s2=0 RT=1 RT4=1 RT4s2=1 | t4min 0
X k4_certs_4_pure.json.gz#123 7,196,241,149 [[7], [2, 8], [4, 5], [3, 6]] def 1 k 3 | t1=0 t2=1 t3p=0 t3h=0 t4=0 t4s2=0 | R13=0 R134=0 R134s2=0 RT=1 RT4=1 RT4s2=1 | t4min 0
X k4_certs_4_pure.json.gz#123 7,196,241,191 [[7], [2, 8], [4, 5], [3]] def 1 k 3 | t1=0 t2=1 t3p=0 t3h=0 t4=0 t4s2=0 | R13=0 R134=0 R134s2=0 RT=1 RT4=1 RT4s2=1 | t4min 0
X k4_certs_4_pure.json.gz#123 7,196,241,191 [[7], [2, 8], [4, 5], [3, 6]] def 1 k 3 | t1=0 t2=1 t3p=0 t3h=0 t4=0 t4s2=0 | R13=0 R134=0 R134s2=0 RT=1 RT4=1 RT4s2=1 | t4min 0
X k4_certs_4_pure.json.gz#123 7,196,242,8 [[7], [2, 8], [4, 5], [3, 6]] def 1 k 3 | t1=0 t2=1 t3p=0 t3h=0 t4=0 t4s2=0 | R13=0 R134=0 R134s2=0 RT=1 RT4=1 RT4s2=1 | t4min 0
X k4_certs_4_pure.json.gz#123 7,196,242,14 [[7], [2, 8], [4, 5], [3, 6]] def 1 k 2 | t1=0 t2=1 t3p=0 t3h=0 t4=0 t4s2=0 | R13=0 R134=0 R134s2=0 RT=1 RT4=1 RT4s2=1 | t4min 0
X k4_certs_4_pure.json.gz#123 7,196,242,48 [[7], [2, 8], [4, 5], [3, 6]] def 1 k 2 | t1=0 t2=1 t3p=0 t3h=0 t4=0 t4s2=0 | R13=0 R134=0 R134s2=0 RT=1 RT4=1 RT4s2=1 | t4min 0
X k4_certs_4_pure.json.gz#123 7,196,242,84 [[7], [2, 8], [4, 5], [3, 6]] def 1 k 2 | t1=0 t2=1 t3p=0 t3h=0 t4=0 t4s2=0 | R13=0 R134=0 R134s2=0 RT=1 RT4=1 RT4s2=1 | t4min 0
X k4_certs_4_pure.json.gz#123 7,196,242,90 [[7], [2, 8], [4, 5], [3, 6]] def 1 k 2 | t1=0 t2=1 t3p=0 t3h=0 t4=0 t4s2=0 | R13=0 R134=0 R134s2=0 RT=1 RT4=1 RT4s2=1 | t4min 0
X k4_certs_4_pure.json.gz#123 7,196,243,8 [[7], [2, 8], [4, 5], [3, 6]] def 1 k 3 | t1=0 t2=1 t3p=0 t3h=0 t4=0 t4s2=0 | R13=0 R134=0 R134s2=0 RT=1 RT4=1 RT4s2=1 | t4min 0
X k4_certs_4_pure.json.gz#123 7,196,243,14 [[7], [2, 8], [4, 5], [3, 6]] def 1 k 2 | t1=0 t2=1 t3p=0 t3h=0 t4=0 t4s2=0 | R13=0 R134=0 R134s2=0 RT=1 RT4=1 RT4s2=1 | t4min 0
X k4_certs_4_pure.json.gz#123 7,196,243,48 [[7], [2, 8], [4, 5], [3, 6]] def 1 k 2 | t1=0 t2=1 t3p=0 t3h=0 t4=0 t4s2=0 | R13=0 R134=0 R134s2=0 RT=1 RT4=1 RT4s2=1 | t4min 0
X k4_certs_4_pure.json.gz#123 7,196,243,84 [[7], [2, 8], [4, 5], [3, 6]] def 1 k 2 | t1=0 t2=1 t3p=0 t3h=0 t4=0 t4s2=0 | R13=0 R134=0 R134s2=0 RT=1 RT4=1 RT4s2=1 | t4min 0
X k4_certs_4_pure.json.gz#123 7,196,243,90 [[7], [2, 8], [4, 5], [3, 6]] def 1 k 2 | t1=0 t2=1 t3p=0 t3h=0 t4=0 t4s2=0 | R13=0 R134=0 R134s2=0 RT=1 RT4=1 RT4s2=1 | t4min 0
X k4_certs_4_pure.json.gz#123 7,196,245,8 [[7], [2, 8], [4, 5], [3, 6]] def 1 k 3 | t1=0 t2=1 t3p=0 t3h=0 t4=0 t4s2=0 | R13=0 R134=0 R134s2=0 RT=1 RT4=1 RT4s2=1 | t4min 0
X k4_certs_4_pure.json.gz#123 7,196,245,14 [[7], [2, 8], [4, 5], [3, 6]] def 1 k 2 | t1=0 t2=1 t3p=0 t3h=0 t4=0 t4s2=0 | R13=0 R134=0 R134s2=0 RT=1 RT4=1 RT4s2=1 | t4min 0
X k4_certs_4_pure.json.gz#123 7,196,245,48 [[7], [2, 8], [4, 5], [3, 6]] def 1 k 2 | t1=0 t2=1 t3p=0 t3h=0 t4=0 t4s2=0 | R13=0 R134=0 R134s2=0 RT=1 RT4=1 RT4s2=1 | t4min 0
X k4_certs_4_pure.json.gz#123 7,196,245,84 [[7], [2, 8], [4, 5], [3, 6]] def 1 k 2 | t1=0 t2=1 t3p=0 t3h=0 t4=0 t4s2=0 | R13=0 R134=0 R134s2=0 RT=1 RT4=1 RT4s2=1 | t4min 0
X k4_certs_4_pure.json.gz#123 7,196,245,90 [[7], [2, 8], [4, 5], [3, 6]] def 1 k 2 | t1=0 t2=1 t3p=0 t3h=0 t4=0 t4s2=0 | R13=0 R134=0 R134s2=0 RT=1 RT4=1 RT4s2=1 | t4min 0
X k4_certs_4_pure.json.gz#123 7,196,248,8 [[7], [2, 8], [4, 5], [3, 6]] def 1 k 3 | t1=0 t2=1 t3p=0 t3h=0 t4=0 t4s2=0 | R13=0 R134=0 R134s2=0 RT=1 RT4=1 RT4s2=1 | t4min 0
X k4_certs_4_pure.json.gz#123 7,196,248,14 [[7], [2, 8], [4, 5], [3, 6]] def 1 k 2 | t1=0 t2=1 t3p=0 t3h=0 t4=0 t4s2=0 | R13=0 R134=0 R134s2=0 RT=1 RT4=1 RT4s2=1 | t4min 0
X k4_certs_4_pure.json.gz#123 7,196,248,48 [[7], [2, 8], [4, 5], [3, 6]] def 1 k 2 | t1=0 t2=1 t3p=0 t3h=0 t4=0 t4s2=0 | R13=0 R134=0 R134s2=0 RT=1 RT4=1 RT4s2=1 | t4min 0
X k4_certs_4_pure.json.gz#123 7,196,248,84 [[7], [2, 8], [4, 5], [3, 6]] def 1 k 2 | t1=0 t2=1 t3p=0 t3h=0 t4=0 t4s2=0 | R13=0 R134=0 R134s2=0 RT=1 RT4=1 RT4s2=1 | t4min 0
X k4_certs_4_pure.json.gz#123 7,196,248,90 [[7], [2, 8], [4, 5], [3, 6]] def 1 k 2 | t1=0 t2=1 t3p=0 t3h=0 t4=0 t4s2=0 | R13=0 R134=0 R134s2=0 RT=1 RT4=1 RT4s2=1 | t4min 0
X k4_certs_4_pure.json.gz#123 7,196,249,8 [[7], [2, 8], [4, 5], [3, 6]] def 1 k 3 | t1=0 t2=1 t3p=0 t3h=0 t4=0 t4s2=0 | R13=0 R134=0 R134s2=0 RT=1 RT4=1 RT4s2=1 | t4min 0
X k4_certs_4_pure.json.gz#123 7,196,249,14 [[7], [2, 8], [4, 5], [3, 6]] def 1 k 2 | t1=0 t2=1 t3p=0 t3h=0 t4=0 t4s2=0 | R13=0 R134=0 R134s2=0 RT=1 RT4=1 RT4s2=1 | t4min 0
X k4_certs_4_pure.json.gz#123 7,196,249,48 [[7], [2, 8], [4, 5], [3, 6]] def 1 k 2 | t1=0 t2=1 t3p=0 t3h=0 t4=0 t4s2=0 | R13=0 R134=0 R134s2=0 RT=1 RT4=1 RT4s2=1 | t4min 0
X k4_certs_4_pure.json.gz#123 7,196,249,84 [[7], [2, 8], [4, 5], [3, 6]] def 1 k 2 | t1=0 t2=1 t3p=0 t3h=0 t4=0 t4s2=0 | R13=0 R134=0 R134s2=0 RT=1 RT4=1 RT4s2=1 | t4min 0
X k4_certs_4_pure.json.gz#123 7,196,249,90 [[7], [2, 8], [4, 5], [3, 6]] def 1 k 2 | t1=0 t2=1 t3p=0 t3h=0 t4=0 t4s2=0 | R13=0 R134=0 R134s2=0 RT=1 RT4=1 RT4s2=1 | t4min 0
X k4_certs_4_pure.json.gz#123 7,196,250,8 [[7], [2, 8], [4, 5], [3, 6]] def 1 k 3 | t1=0 t2=1 t3p=0 t3h=0 t4=0 t4s2=0 | R13=0 R134=0 R134s2=0 RT=1 RT4=1 RT4s2=1 | t4min 0
X k4_certs_4_pure.json.gz#123 7,196,250,14 [[7], [2, 8], [4, 5], [3, 6]] def 1 k 2 | t1=0 t2=1 t3p=0 t3h=0 t4=0 t4s2=0 | R13=0 R134=0 R134s2=0 RT=1 RT4=1 RT4s2=1 | t4min 0
X k4_certs_4_pure.json.gz#123 7,196,250,48 [[7], [2, 8], [4, 5], [3, 6]] def 1 k 2 | t1=0 t2=1 t3p=0 t3h=0 t4=0 t4s2=0 | R13=0 R134=0 R134s2=0 RT=1 RT4=1 RT4s2=1 | t4min 0
X k4_certs_4_pure.json.gz#123 7,196,250,84 [[7], [2, 8], [4, 5], [3, 6]] def 1 k 2 | t1=0 t2=1 t3p=0 t3h=0 t4=0 t4s2=0 | R13=0 R134=0 R134s2=0 RT=1 RT4=1 RT4s2=1 | t4min 0
X k4_certs_4_pure.json.gz#123 7,196,250,90 [[7], [2, 8], [4, 5], [3, 6]] def 1 k 2 | t1=0 t2=1 t3p=0 t3h=0 t4=0 t4s2=0 | R13=0 R134=0 R134s2=0 RT=1 RT4=1 RT4s2=1 | t4min 0
X k4_certs_4_pure.json.gz#123 7,196,252,8 [[7], [2, 8], [4, 5], [3, 6]] def 1 k 3 | t1=0 t2=1 t3p=0 t3h=0 t4=0 t4s2=0 | R13=0 R134=0 R134s2=0 RT=1 RT4=1 RT4s2=1 | t4min 0
X k4_certs_4_pure.json.gz#123 7,196,252,14 [[7], [2, 8], [4, 5], [3, 6]] def 1 k 2 | t1=0 t2=1 t3p=0 t3h=0 t4=0 t4s2=0 | R13=0 R134=0 R134s2=0 RT=1 RT4=1 RT4s2=1 | t4min 0
X k4_certs_4_pure.json.gz#123 7,196,252,48 [[7], [2, 8], [4, 5], [3, 6]] def 1 k 2 | t1=0 t2=1 t3p=0 t3h=0 t4=0 t4s2=0 | R13=0 R134=0 R134s2=0 RT=1 RT4=1 RT4s2=1 | t4min 0
X k4_certs_4_pure.json.gz#123 7,196,252,84 [[7], [2, 8], [4, 5], [3, 6]] def 1 k 2 | t1=0 t2=1 t3p=0 t3h=0 t4=0 t4s2=0 | R13=0 R134=0 R134s2=0 RT=1 RT4=1 RT4s2=1 | t4min 0
X k4_certs_4_pure.json.gz#123 7,196,252,90 [[7], [2, 8], [4, 5], [3, 6]] def 1 k 2 | t1=0 t2=1 t3p=0 t3h=0 t4=0 t4s2=0 | R13=0 R134=0 R134s2=0 RT=1 RT4=1 RT4s2=1 | t4min 0
X k4_certs_4_pure.json.gz#123 7,196,268,8 [[7], [2, 8], [4, 5], [3, 6]] def 1 k 3 | t1=0 t2=1 t3p=0 t3h=0 t4=0 t4s2=0 | R13=0 R134=0 R134s2=0 RT=1 RT4=1 RT4s2=1 | t4min 0
X k4_certs_4_pure.json.gz#123 7,196,268,14 [[7], [2, 8], [4, 5], [3, 6]] def 1 k 2 | t1=0 t2=1 t3p=0 t3h=0 t4=0 t4s2=0 | R13=0 R134=0 R134s2=0 RT=1 RT4=1 RT4s2=1 | t4min 0
X k4_certs_4_pure.json.gz#123 7,196,268,48 [[7], [2, 8], [4, 5], [3, 6]] def 1 k 2 | t1=0 t2=1 t3p=0 t3h=0 t4=0 t4s2=0 | R13=0 R134=0 R134s2=0 RT=1 RT4=1 RT4s2=1 | t4min 0
X k4_certs_4_pure.json.gz#123 7,196,268,84 [[7], [2, 8], [4, 5], [3, 6]] def 1 k 2 | t1=0 t2=1 t3p=0 t3h=0 t4=0 t4s2=0 | R13=0 R134=0 R134s2=0 RT=1 RT4=1 RT4s2=1 | t4min 0
X k4_certs_4_pure.json.gz#123 7,196,268,90 [[7], [2, 8], [4, 5], [3, 6]] def 1 k 2 | t1=0 t2=1 t3p=0 t3h=0 t4=0 t4s2=0 | R13=0 R134=0 R134s2=0 RT=1 RT4=1 RT4s2=1 | t4min 0
X k4_certs_4_pure.json.gz#123 7,196,269,8 [[7], [2, 8], [4, 5], [3, 6]] def 1 k 3 | t1=0 t2=1 t3p=0 t3h=0 t4=0 t4s2=0 | R13=0 R134=0 R134s2=0 RT=1 RT4=1 RT4s2=1 | t4min 0
X k4_certs_4_pure.json.gz#123 7,196,269,14 [[7], [2, 8], [4, 5], [3, 6]] def 1 k 2 | t1=0 t2=1 t3p=0 t3h=0 t4=0 t4s2=0 | R13=0 R134=0 R134s2=0 RT=1 RT4=1 RT4s2=1 | t4min 0
X k4_certs_4_pure.json.gz#123 7,196,269,48 [[7], [2, 8], [4, 5], [3, 6]] def 1 k 2 | t1=0 t2=1 t3p=0 t3h=0 t4=0 t4s2=0 | R13=0 R134=0 R134s2=0 RT=1 RT4=1 RT4s2=1 | t4min 0
X k4_certs_4_pure.json.gz#123 7,196,269,84 [[7], [2, 8], [4, 5], [3, 6]] def 1 k 2 | t1=0 t2=1 t3p=0 t3h=0 t4=0 t4s2=0 | R13=0 R134=0 R134s2=0 RT=1 RT4=1 RT4s2=1 | t4min 0
X k4_certs_4_pure.json.gz#123 7,196,269,90 [[7], [2, 8], [4, 5], [3, 6]] def 1 k 2 | t1=0 t2=1 t3p=0 t3h=0 t4=0 t4s2=0 | R13=0 R134=0 R134s2=0 RT=1 RT4=1 RT4s2=1 | t4min 0
X k4_certs_4_pure.json.gz#123 7,196,272,8 [[7], [2, 8], [4, 5], [3, 6]] def 1 k 3 | t1=0 t2=1 t3p=0 t3h=0 t4=0 t4s2=0 | R13=0 R134=0 R134s2=0 RT=1 RT4=1 RT4s2=1 | t4min 0
X k4_certs_4_pure.json.gz#123 7,196,272,14 [[7], [2, 8], [4, 5], [3, 6]] def 1 k 2 | t1=0 t2=1 t3p=0 t3h=0 t4=0 t4s2=0 | R13=0 R134=0 R134s2=0 RT=1 RT4=1 RT4s2=1 | t4min 0
X k4_certs_4_pure.json.gz#123 7,196,272,48 [[7], [2, 8], [4, 5], [3, 6]] def 1 k 2 | t1=0 t2=1 t3p=0 t3h=0 t4=0 t4s2=0 | R13=0 R134=0 R134s2=0 RT=1 RT4=1 RT4s2=1 | t4min 0
X k4_certs_4_pure.json.gz#123 7,196,272,84 [[7], [2, 8], [4, 5], [3]] def 1 k 3 | t1=0 t2=1 t3p=0 t3h=0 t4=0 t4s2=0 | R13=0 R134=0 R134s2=0 RT=1 RT4=1 RT4s2=1 | t4min 0
X k4_certs_4_pure.json.gz#123 7,196,272,84 [[7], [2, 8], [4, 5], [3, 6]] def 1 k 3 | t1=0 t2=1 t3p=0 t3h=0 t4=0 t4s2=0 | R13=0 R134=0 R134s2=0 RT=1 RT4=1 RT4s2=1 | t4min 0
X k4_certs_4_pure.json.gz#123 7,196,272,85 [[7], [2, 8], [4, 5], [3, 6]] def 1 k 3 | t1=0 t2=1 t3p=0 t3h=0 t4=0 t4s2=0 | R13=0 R134=0 R134s2=0 RT=1 RT4=1 RT4s2=1 | t4min 0
X k4_certs_4_pure.json.gz#123 7,196,272,90 [[7], [2, 8], [4, 5], [3]] def 1 k 3 | t1=0 t2=1 t3p=0 t3h=0 t4=0 t4s2=0 | R13=0 R134=0 R134s2=0 RT=1 RT4=1 RT4s2=1 | t4min 0
X k4_certs_4_pure.json.gz#123 7,196,272,90 [[7], [2, 8], [4, 5], [3, 6]] def 1 k 3 | t1=0 t2=1 t3p=0 t3h=0 t4=0 t4s2=0 | R13=0 R134=0 R134s2=0 RT=1 RT4=1 RT4s2=1 | t4min 0
X k4_certs_4_pure.json.gz#123 7,196,272,127 [[7], [2, 8], [4, 5], [3]] def 1 k 3 | t1=0 t2=1 t3p=0 t3h=0 t4=0 t4s2=0 | R13=0 R134=0 R134s2=0 RT=1 RT4=1 RT4s2=1 | t4min 0
X k4_certs_4_pure.json.gz#123 7,196,272,127 [[7], [2, 8], [4, 5], [3, 6]] def 1 k 3 | t1=0 t2=1 t3p=0 t3h=0 t4=0 t4s2=0 | R13=0 R134=0 R134s2=0 RT=1 RT4=1 RT4s2=1 | t4min 0
X k4_certs_4_pure.json.gz#123 7,196,272,149 [[7], [2, 8], [4, 5], [3, 6]] def 1 k 3 | t1=0 t2=1 t3p=0 t3h=0 t4=0 t4s2=0 | R13=0 R134=0 R134s2=0 RT=1 RT4=1 RT4s2=1 | t4min 0
X k4_certs_4_pure.json.gz#123 7,196,272,191 [[7], [2, 8], [4, 5], [3]] def 1 k 3 | t1=0 t2=1 t3p=0 t3h=0 t4=0 t4s2=0 | R13=0 R134=0 R134s2=0 RT=1 RT4=1 RT4s2=1 | t4min 0
X k4_certs_4_pure.json.gz#123 7,196,272,191 [[7], [2, 8], [4, 5], [3, 6]] def 1 k 3 | t1=0 t2=1 t3p=0 t3h=0 t4=0 t4s2=0 | R13=0 R134=0 R134s2=0 RT=1 RT4=1 RT4s2=1 | t4min 0
X k4_certs_4_pure.json.gz#123 7,196,273,8 [[7], [2, 8], [4, 5], [3, 6]] def 1 k 3 | t1=0 t2=1 t3p=0 t3h=0 t4=0 t4s2=0 | R13=0 R134=0 R134s2=0 RT=1 RT4=1 RT4s2=1 | t4min 0
X k4_certs_4_pure.json.gz#123 7,196,273,14 [[7], [2, 8], [4, 5], [3, 6]] def 1 k 2 | t1=0 t2=1 t3p=0 t3h=0 t4=0 t4s2=0 | R13=0 R134=0 R134s2=0 RT=1 RT4=1 RT4s2=1 | t4min 0
X k4_certs_4_pure.json.gz#123 7,196,273,48 [[7], [2, 8], [4, 5], [3, 6]] def 1 k 2 | t1=0 t2=1 t3p=0 t3h=0 t4=0 t4s2=0 | R13=0 R134=0 R134s2=0 RT=1 RT4=1 RT4s2=1 | t4min 0
X k4_certs_4_pure.json.gz#123 7,196,273,84 [[7], [2, 8], [4, 5], [3, 6]] def 1 k 2 | t1=0 t2=1 t3p=0 t3h=0 t4=0 t4s2=0 | R13=0 R134=0 R134s2=0 RT=1 RT4=1 RT4s2=1 | t4min 0
X k4_certs_4_pure.json.gz#123 7,196,273,90 [[7], [2, 8], [4, 5], [3, 6]] def 1 k 2 | t1=0 t2=1 t3p=0 t3h=0 t4=0 t4s2=0 | R13=0 R134=0 R134s2=0 RT=1 RT4=1 RT4s2=1 | t4min 0
X k4_certs_4_pure.json.gz#123 7,196,282,8 [[7], [2, 8], [4, 5], [3, 6]] def 1 k 3 | t1=0 t2=1 t3p=0 t3h=0 t4=0 t4s2=0 | R13=0 R134=0 R134s2=0 RT=1 RT4=1 RT4s2=1 | t4min 0
X k4_certs_4_pure.json.gz#123 7,196,282,14 [[7], [2, 8], [4, 5], [3, 6]] def 1 k 2 | t1=0 t2=1 t3p=0 t3h=0 t4=0 t4s2=0 | R13=0 R134=0 R134s2=0 RT=1 RT4=1 RT4s2=1 | t4min 0
X k4_certs_4_pure.json.gz#123 7,196,282,48 [[7], [2, 8], [4, 5], [3, 6]] def 1 k 2 | t1=0 t2=1 t3p=0 t3h=0 t4=0 t4s2=0 | R13=0 R134=0 R134s2=0 RT=1 RT4=1 RT4s2=1 | t4min 0
X k4_certs_4_pure.json.gz#123 7,196,282,84 [[7], [2, 8], [4, 5], [3]] def 1 k 3 | t1=0 t2=1 t3p=0 t3h=0 t4=0 t4s2=0 | R13=0 R134=0 R134s2=0 RT=1 RT4=1 RT4s2=1 | t4min 0
X k4_certs_4_pure.json.gz#123 7,196,282,84 [[7], [2, 8], [4, 5], [3, 6]] def 1 k 3 | t1=0 t2=1 t3p=0 t3h=0 t4=0 t4s2=0 | R13=0 R134=0 R134s2=0 RT=1 RT4=1 RT4s2=1 | t4min 0
X k4_certs_4_pure.json.gz#123 7,196,282,85 [[7], [2, 8], [4, 5], [3, 6]] def 1 k 3 | t1=0 t2=1 t3p=0 t3h=0 t4=0 t4s2=0 | R13=0 R134=0 R134s2=0 RT=1 RT4=1 RT4s2=1 | t4min 0
X k4_certs_4_pure.json.gz#123 7,196,282,90 [[7], [2, 8], [4, 5], [3]] def 1 k 3 | t1=0 t2=1 t3p=0 t3h=0 t4=0 t4s2=0 | R13=0 R134=0 R134s2=0 RT=1 RT4=1 RT4s2=1 | t4min 0
X k4_certs_4_pure.json.gz#123 7,196,282,90 [[7], [2, 8], [4, 5], [3, 6]] def 1 k 3 | t1=0 t2=1 t3p=0 t3h=0 t4=0 t4s2=0 | R13=0 R134=0 R134s2=0 RT=1 RT4=1 RT4s2=1 | t4min 0
X k4_certs_4_pure.json.gz#123 7,196,282,127 [[7], [2, 8], [4, 5], [3]] def 1 k 3 | t1=0 t2=1 t3p=0 t3h=0 t4=0 t4s2=0 | R13=0 R134=0 R134s2=0 RT=1 RT4=1 RT4s2=1 | t4min 0
X k4_certs_4_pure.json.gz#123 7,196,282,127 [[7], [2, 8], [4, 5], [3, 6]] def 1 k 3 | t1=0 t2=1 t3p=0 t3h=0 t4=0 t4s2=0 | R13=0 R134=0 R134s2=0 RT=1 RT4=1 RT4s2=1 | t4min 0
X k4_certs_4_pure.json.gz#123 7,196,282,149 [[7], [2, 8], [4, 5], [3, 6]] def 1 k 3 | t1=0 t2=1 t3p=0 t3h=0 t4=0 t4s2=0 | R13=0 R134=0 R134s2=0 RT=1 RT4=1 RT4s2=1 | t4min 0
X k4_certs_4_pure.json.gz#123 7,196,282,191 [[7], [2, 8], [4, 5], [3]] def 1 k 3 | t1=0 t2=1 t3p=0 t3h=0 t4=0 t4s2=0 | R13=0 R134=0 R134s2=0 RT=1 RT4=1 RT4s2=1 | t4min 0
X k4_certs_4_pure.json.gz#123 7,196,282,191 [[7], [2, 8], [4, 5], [3, 6]] def 1 k 3 | t1=0 t2=1 t3p=0 t3h=0 t4=0 t4s2=0 | R13=0 R134=0 R134s2=0 RT=1 RT4=1 RT4s2=1 | t4min 0
X k4_certs_4_pure.json.gz#123 7,196,284,8 [[7], [2, 8], [4, 5], [3, 6]] def 1 k 3 | t1=0 t2=1 t3p=0 t3h=0 t4=0 t4s2=0 | R13=0 R134=0 R134s2=0 RT=1 RT4=1 RT4s2=1 | t4min 0
X k4_certs_4_pure.json.gz#123 7,196,284,14 [[7], [2, 8], [4, 5], [3, 6]] def 1 k 2 | t1=0 t2=1 t3p=0 t3h=0 t4=0 t4s2=0 | R13=0 R134=0 R134s2=0 RT=1 RT4=1 RT4s2=1 | t4min 0
X k4_certs_4_pure.json.gz#123 7,196,284,48 [[7], [2, 8], [4, 5], [3, 6]] def 1 k 2 | t1=0 t2=1 t3p=0 t3h=0 t4=0 t4s2=0 | R13=0 R134=0 R134s2=0 RT=1 RT4=1 RT4s2=1 | t4min 0
X k4_certs_4_pure.json.gz#123 7,196,284,84 [[7], [2, 8], [4, 5], [3, 6]] def 1 k 2 | t1=0 t2=1 t3p=0 t3h=0 t4=0 t4s2=0 | R13=0 R134=0 R134s2=0 RT=1 RT4=1 RT4s2=1 | t4min 0
X k4_certs_4_pure.json.gz#123 7,196,284,90 [[7], [2, 8], [4, 5], [3, 6]] def 1 k 2 | t1=0 t2=1 t3p=0 t3h=0 t4=0 t4s2=0 | R13=0 R134=0 R134s2=0 RT=1 RT4=1 RT4s2=1 | t4min 0
X k4_certs_4_pure.json.gz#123 7,196,285,8 [[7], [2, 8], [4, 5], [3, 6]] def 1 k 3 | t1=0 t2=1 t3p=0 t3h=0 t4=0 t4s2=0 | R13=0 R134=0 R134s2=0 RT=1 RT4=1 RT4s2=1 | t4min 0
X k4_certs_4_pure.json.gz#123 7,196,285,14 [[7], [2, 8], [4, 5], [3, 6]] def 1 k 2 | t1=0 t2=1 t3p=0 t3h=0 t4=0 t4s2=0 | R13=0 R134=0 R134s2=0 RT=1 RT4=1 RT4s2=1 | t4min 0
X k4_certs_4_pure.json.gz#123 7,196,285,48 [[7], [2, 8], [4, 5], [3, 6]] def 1 k 2 | t1=0 t2=1 t3p=0 t3h=0 t4=0 t4s2=0 | R13=0 R134=0 R134s2=0 RT=1 RT4=1 RT4s2=1 | t4min 0
X k4_certs_4_pure.json.gz#123 7,196,285,84 [[7], [2, 8], [4, 5], [3, 6]] def 1 k 2 | t1=0 t2=1 t3p=0 t3h=0 t4=0 t4s2=0 | R13=0 R134=0 R134s2=0 RT=1 RT4=1 RT4s2=1 | t4min 0
X k4_certs_4_pure.json.gz#123 7,196,285,90 [[7], [2, 8], [4, 5], [3, 6]] def 1 k 2 | t1=0 t2=1 t3p=0 t3h=0 t4=0 t4s2=0 | R13=0 R134=0 R134s2=0 RT=1 RT4=1 RT4s2=1 | t4min 0
X k4_certs_4_pure.json.gz#123 7,196,286,8 [[7], [2, 8], [4, 5], [3, 6]] def 1 k 3 | t1=0 t2=1 t3p=0 t3h=0 t4=0 t4s2=0 | R13=0 R134=0 R134s2=0 RT=1 RT4=1 RT4s2=1 | t4min 0
X k4_certs_4_pure.json.gz#123 7,196,286,14 [[7], [2, 8], [4, 5], [3, 6]] def 1 k 2 | t1=0 t2=1 t3p=0 t3h=0 t4=0 t4s2=0 | R13=0 R134=0 R134s2=0 RT=1 RT4=1 RT4s2=1 | t4min 0
X k4_certs_4_pure.json.gz#123 7,196,286,48 [[7], [2, 8], [4, 5], [3, 6]] def 1 k 2 | t1=0 t2=1 t3p=0 t3h=0 t4=0 t4s2=0 | R13=0 R134=0 R134s2=0 RT=1 RT4=1 RT4s2=1 | t4min 0
X k4_certs_4_pure.json.gz#123 7,196,286,84 [[7], [2, 8], [4, 5], [3, 6]] def 1 k 2 | t1=0 t2=1 t3p=0 t3h=0 t4=0 t4s2=0 | R13=0 R134=0 R134s2=0 RT=1 RT4=1 RT4s2=1 | t4min 0
X k4_certs_4_pure.json.gz#123 7,196,286,90 [[7], [2, 8], [4, 5], [3, 6]] def 1 k 2 | t1=0 t2=1 t3p=0 t3h=0 t4=0 t4s2=0 | R13=0 R134=0 R134s2=0 RT=1 RT4=1 RT4s2=1 | t4min 0
X ?#{'climb': 42, 'pos': 42, 'start': 'k4_certs_4_n4_3.json.gz#58:11,82,34,5'} 34,22,122,3 [[5], [4], [3], [6]] def 1 k 2 | t1=0 t2=0 t3p=0 t3h=0 t4=1 t4s2=1 | R13=0 R134=1 R134s2=1 RT=0 RT4=1 RT4s2=1 | t4min 2
X ?#{'climb': 42, 'pos': 42, 'start': 'k4_certs_4_n4_3.json.gz#58:11,82,34,5'} 34,22,122,3 [[5], [6], [3], [4]] def 1 k 2 | t1=0 t2=0 t3p=0 t3h=0 t4=1 t4s2=1 | R13=0 R134=1 R134s2=1 RT=0 RT4=1 RT4s2=1 | t4min 2
X ?#{'climb': 828, 'pos': 828, 'start': 'k4_certs_4_n4_3.json.gz#151:73,71,97,4'} 73,71,5,5 [[5], [1], [6], [7]] def 1 k 2 | t1=0 t2=0 t3p=0 t3h=0 t4=1 t4s2=1 | R13=0 R134=1 R134s2=1 RT=0 RT4=1 RT4s2=1 | t4min 2
X ?#{'climb': 828, 'pos': 828, 'start': 'k4_certs_4_n4_3.json.gz#151:73,71,97,4'} 73,71,5,5 [[5], [1], [7], [6]] def 1 k 2 | t1=0 t2=0 t3p=0 t3h=0 t4=1 t4s2=1 | R13=0 R134=1 R134s2=1 RT=0 RT4=1 RT4s2=1 | t4min 2
X ?#{'climb': 828, 'pos': 828, 'start': 'k4_certs_4_n4_3.json.gz#151:73,71,97,4'} 73,71,5,5 [[5], [1, 4], [6], [7]] def 1 k 2 | t1=0 t2=0 t3p=0 t3h=0 t4=1 t4s2=1 | R13=0 R134=1 R134s2=1 RT=0 RT4=1 RT4s2=1 | t4min 2
X ?#{'climb': 828, 'pos': 828, 'start': 'k4_certs_4_n4_3.json.gz#151:73,71,97,4'} 73,71,5,5 [[5], [1, 4], [7], [6]] def 1 k 2 | t1=0 t2=0 t3p=0 t3h=0 t4=1 t4s2=1 | R13=0 R134=1 R134s2=1 RT=0 RT4=1 RT4s2=1 | t4min 2
X ?#{'climb': 195, 'pos': 195, 'start': 'k4_certs_4_pure.json.gz#26:10,142,119,45'} 39,14,72,27 [[5], [4], [3], [6]] def 1 k 2 | t1=0 t2=0 t3p=0 t3h=0 t4=1 t4s2=1 | R13=0 R134=1 R134s2=1 RT=0 RT4=1 RT4s2=1 | t4min 2
X ?#{'climb': 195, 'pos': 195, 'start': 'k4_certs_4_pure.json.gz#26:10,142,119,45'} 39,14,72,27 [[5], [6], [3], [4]] def 1 k 2 | t1=0 t2=0 t3p=0 t3h=0 t4=1 t4s2=1 | R13=0 R134=1 R134s2=1 RT=0 RT4=1 RT4s2=1 | t4min 2
X ?#{'climb': 195, 'pos': 195, 'start': 'k4_certs_4_pure.json.gz#26:10,142,119,45'} 39,108,28,27 [[5], [1], [4], [6]] def 1 k 2 | t1=0 t2=0 t3p=0 t3h=0 t4=1 t4s2=1 | R13=0 R134=1 R134s2=1 RT=0 RT4=1 RT4s2=1 | t4min 2
X ?#{'climb': 195, 'pos': 195, 'start': 'k4_certs_4_pure.json.gz#26:10,142,119,45'} 39,108,28,27 [[5], [1], [6], [4]] def 1 k 2 | t1=0 t2=0 t3p=0 t3h=0 t4=1 t4s2=1 | R13=0 R134=1 R134s2=1 RT=0 RT4=1 RT4s2=1 | t4min 2
X ?#{'climb': 195, 'pos': 195, 'start': 'k4_certs_4_pure.json.gz#26:10,142,119,45'} 39,14,28,64 [[5], [4], [6], [3]] def 1 k 2 | t1=0 t2=0 t3p=0 t3h=0 t4=1 t4s2=1 | R13=0 R134=1 R134s2=1 RT=0 RT4=1 RT4s2=1 | t4min 2
X ?#{'climb': 195, 'pos': 195, 'start': 'k4_certs_4_pure.json.gz#26:10,142,119,45'} 39,14,28,64 [[5], [6], [4], [3]] def 1 k 2 | t1=0 t2=0 t3p=0 t3h=0 t4=1 t4s2=1 | R13=0 R134=1 R134s2=1 RT=0 RT4=1 RT4s2=1 | t4min 2
X ?#{'climb': 728, 'pos': 728, 'start': 'k4_certs_4_pure.json.gz#71:53,241,2,188'} 36,67,69,74 [[7], [5], [6], [4]] def 1 k 2 | t1=0 t2=0 t3p=0 t3h=0 t4=1 t4s2=1 | R13=0 R134=1 R134s2=1 RT=0 RT4=1 RT4s2=1 | t4min 2
X ?#{'climb': 728, 'pos': 728, 'start': 'k4_certs_4_pure.json.gz#71:53,241,2,188'} 36,67,69,74 [[7], [6], [5], [4]] def 1 k 2 | t1=0 t2=0 t3p=0 t3h=0 t4=1 t4s2=1 | R13=0 R134=1 R134s2=1 RT=0 RT4=1 RT4s2=1 | t4min 2
X ?#{'climb': 837, 'pos': 837, 'start': 'k4_certs_4_pure.json.gz#99:143,21,10,264'} 19,0,46,128 [[2, 6], [7], [3], [4, 5]] def 1 k 2 | t1=0 t2=1 t3p=0 t3h=0 t4=0 t4s2=0 | R13=0 R134=0 R134s2=0 RT=1 RT4=1 RT4s2=1 | t4min 0
X ?#{'climb': 870, 'pos': 870, 'start': 'k4_certs_4_pure.json.gz#74:21,28,4,19'} 21,1,22,19 [[6], [4], [5], [7]] def 1 k 2 | t1=0 t2=0 t3p=0 t3h=0 t4=1 t4s2=1 | R13=0 R134=1 R134s2=1 RT=0 RT4=1 RT4s2=1 | t4min 2
X ?#{'climb': 870, 'pos': 870, 'start': 'k4_certs_4_pure.json.gz#74:21,28,4,19'} 21,1,22,19 [[6], [4], [7], [5]] def 1 k 2 | t1=0 t2=0 t3p=0 t3h=0 t4=1 t4s2=1 | R13=0 R134=1 R134s2=1 RT=0 RT4=1 RT4s2=1 | t4min 2
X ?#{'climb': 870, 'pos': 870, 'start': 'k4_certs_4_pure.json.gz#74:21,28,4,19'} 21,1,22,19 [[6], [1, 4], [5], [7]] def 1 k 2 | t1=0 t2=0 t3p=0 t3h=0 t4=1 t4s2=1 | R13=0 R134=1 R134s2=1 RT=0 RT4=1 RT4s2=1 | t4min 2
X ?#{'climb': 870, 'pos': 870, 'start': 'k4_certs_4_pure.json.gz#74:21,28,4,19'} 21,1,22,19 [[6], [1, 4], [7], [5]] def 1 k 2 | t1=0 t2=0 t3p=0 t3h=0 t4=1 t4s2=1 | R13=0 R134=1 R134s2=1 RT=0 RT4=1 RT4s2=1 | t4min 2
X ?#{'climb': 59, 'pos': 15, 'file': 'k4_certs_4_n4_3.json.gz'} 71,6,84,4 [[2], [4], [5], [3]] def 1 k 2 | t1=0 t2=0 t3p=0 t3h=0 t4=1 t4s2=1 | R13=0 R134=1 R134s2=1 RT=0 RT4=1 RT4s2=1 | t4min 2
X ?#{'climb': 59, 'pos': 15, 'file': 'k4_certs_4_n4_3.json.gz'} 71,6,84,4 [[5], [4], [2], [3]] def 1 k 2 | t1=0 t2=0 t3p=0 t3h=0 t4=1 t4s2=1 | R13=0 R134=1 R134s2=1 RT=0 RT4=1 RT4s2=1 | t4min 2
X ?#{'climb': 74, 'pos': 9, 'file': 'k4_certs_4_n4_3.json.gz'} 34,64,58,3 [[4], [2], [3], [5]] def 1 k 2 | t1=0 t2=0 t3p=0 t3h=0 t4=1 t4s2=1 | R13=0 R134=1 R134s2=1 RT=0 RT4=1 RT4s2=1 | t4min 2
X ?#{'climb': 74, 'pos': 9, 'file': 'k4_certs_4_n4_3.json.gz'} 34,64,58,3 [[4], [2], [5], [3]] def 1 k 2 | t1=0 t2=0 t3p=0 t3h=0 t4=1 t4s2=1 | R13=0 R134=1 R134s2=1 RT=0 RT4=1 RT4s2=1 | t4min 2
X ?#{'climb': 92, 'pos': 9, 'file': 'k4_certs_4_n4_3.json.gz'} 6,142,19,3 [[4], [2], [3], [5]] def 1 k 2 | t1=0 t2=0 t3p=0 t3h=0 t4=1 t4s2=1 | R13=0 R134=1 R134s2=1 RT=0 RT4=1 RT4s2=1 | t4min 2
X ?#{'climb': 92, 'pos': 9, 'file': 'k4_certs_4_n4_3.json.gz'} 6,142,19,3 [[4], [2], [5], [3]] def 1 k 2 | t1=0 t2=0 t3p=0 t3h=0 t4=1 t4s2=1 | R13=0 R134=1 R134s2=1 RT=0 RT4=1 RT4s2=1 | t4min 2
X ?#{'climb': 126, 'pos': 12, 'file': 'k4_certs_4_n4_3.json.gz'} 8,74,20,2 [[5], [1], [3], [4]] def 1 k 2 | t1=0 t2=0 t3p=0 t3h=0 t4=1 t4s2=1 | R13=0 R134=1 R134s2=1 RT=0 RT4=1 RT4s2=1 | t4min 2
X ?#{'climb': 126, 'pos': 12, 'file': 'k4_certs_4_n4_3.json.gz'} 8,74,20,2 [[5], [1], [4], [3]] def 1 k 2 | t1=0 t2=0 t3p=0 t3h=0 t4=1 t4s2=1 | R13=0 R134=1 R134s2=1 RT=0 RT4=1 RT4s2=1 | t4min 2
X ?#{'climb': 131, 'pos': 16, 'file': 'k4_certs_4_n4_3.json.gz'} 42,1,70,22 [[4], [1], [3], [5]] def 1 k 2 | t1=0 t2=0 t3p=0 t3h=0 t4=1 t4s2=1 | R13=0 R134=1 R134s2=1 RT=0 RT4=1 RT4s2=1 | t4min 2
X ?#{'climb': 131, 'pos': 16, 'file': 'k4_certs_4_n4_3.json.gz'} 42,1,70,22 [[4], [1], [5], [3]] def 1 k 2 | t1=0 t2=0 t3p=0 t3h=0 t4=1 t4s2=1 | R13=0 R134=1 R134s2=1 RT=0 RT4=1 RT4s2=1 | t4min 2
X ?#{'climb': 211, 'pos': 9, 'file': 'k4_certs_4_n4_3.json.gz'} 6,183,19,3 [[4], [2], [3], [5]] def 1 k 2 | t1=0 t2=0 t3p=0 t3h=0 t4=1 t4s2=1 | R13=0 R134=1 R134s2=1 RT=0 RT4=1 RT4s2=1 | t4min 2
X ?#{'climb': 211, 'pos': 9, 'file': 'k4_certs_4_n4_3.json.gz'} 6,183,19,3 [[4], [2], [5], [3]] def 1 k 2 | t1=0 t2=0 t3p=0 t3h=0 t4=1 t4s2=1 | R13=0 R134=1 R134s2=1 RT=0 RT4=1 RT4s2=1 | t4min 2
X ?#{'climb': 326, 'pos': 9, 'file': 'k4_certs_4_n4_3.json.gz'} 8,20,74,2 [[5], [3], [2], [4]] def 1 k 2 | t1=0 t2=0 t3p=0 t3h=0 t4=1 t4s2=1 | R13=0 R134=1 R134s2=1 RT=0 RT4=1 RT4s2=1 | t4min 2
X ?#{'climb': 326, 'pos': 9, 'file': 'k4_certs_4_n4_3.json.gz'} 8,20,74,2 [[5], [4], [2], [3]] def 1 k 2 | t1=0 t2=0 t3p=0 t3h=0 t4=1 t4s2=1 | R13=0 R134=1 R134s2=1 RT=0 RT4=1 RT4s2=1 | t4min 2
X ?#{'climb': 328, 'pos': 12, 'file': 'k4_certs_4_n4_3.json.gz'} 8,10,65,2 [[5], [3], [2], [4]] def 1 k 2 | t1=0 t2=0 t3p=0 t3h=0 t4=1 t4s2=1 | R13=0 R134=1 R134s2=1 RT=0 RT4=1 RT4s2=1 | t4min 2
X ?#{'climb': 328, 'pos': 12, 'file': 'k4_certs_4_n4_3.json.gz'} 8,10,65,2 [[5], [4], [2], [3]] def 1 k 2 | t1=0 t2=0 t3p=0 t3h=0 t4=1 t4s2=1 | R13=0 R134=1 R134s2=1 RT=0 RT4=1 RT4s2=1 | t4min 2
X ?#{'climb': 330, 'pos': 9, 'file': 'k4_certs_4_n4_3.json.gz'} 36,139,69,2 [[5], [2], [3], [4]] def 1 k 2 | t1=0 t2=0 t3p=0 t3h=0 t4=1 t4s2=1 | R13=0 R134=1 R134s2=1 RT=0 RT4=1 RT4s2=1 | t4min 2
X ?#{'climb': 330, 'pos': 9, 'file': 'k4_certs_4_n4_3.json.gz'} 36,139,69,2 [[5], [2], [4], [3]] def 1 k 2 | t1=0 t2=0 t3p=0 t3h=0 t4=1 t4s2=1 | R13=0 R134=1 R134s2=1 RT=0 RT4=1 RT4s2=1 | t4min 2
X ?#{'climb': 344, 'pos': 16, 'file': 'k4_certs_4_n4_3.json.gz'} 42,1,27,14 [[4], [1], [3], [5]] def 1 k 2 | t1=0 t2=0 t3p=0 t3h=0 t4=1 t4s2=1 | R13=0 R134=1 R134s2=1 RT=0 RT4=1 RT4s2=1 | t4min 2
X ?#{'climb': 344, 'pos': 16, 'file': 'k4_certs_4_n4_3.json.gz'} 42,1,27,14 [[4], [1], [5], [3]] def 1 k 2 | t1=0 t2=0 t3p=0 t3h=0 t4=1 t4s2=1 | R13=0 R134=1 R134s2=1 RT=0 RT4=1 RT4s2=1 | t4min 2
X ?#{'climb': 358, 'pos': 29, 'file': 'k4_certs_4_n4_3.json.gz'} 22,42,57,1 [[3], [4], [5], [2]] def 1 k 2 | t1=0 t2=0 t3p=0 t3h=0 t4=1 t4s2=1 | R13=0 R134=1 R134s2=1 RT=0 RT4=1 RT4s2=1 | t4min 2
X ?#{'climb': 358, 'pos': 29, 'file': 'k4_certs_4_n4_3.json.gz'} 22,42,57,1 [[5], [4], [3], [2]] def 1 k 2 | t1=0 t2=0 t3p=0 t3h=0 t4=1 t4s2=1 | R13=0 R134=1 R134s2=1 RT=0 RT4=1 RT4s2=1 | t4min 2
X ?#{'climb': 3, 'pos': 8, 'file': 'k4_certs_4_pure.json.gz'} 8,25,65,55 [[5], [3], [2], [4]] def 1 k 2 | t1=0 t2=0 t3p=0 t3h=0 t4=1 t4s2=1 | R13=0 R134=1 R134s2=1 RT=0 RT4=1 RT4s2=1 | t4min 2
X ?#{'climb': 3, 'pos': 8, 'file': 'k4_certs_4_pure.json.gz'} 8,25,65,55 [[5], [4], [2], [3]] def 1 k 2 | t1=0 t2=0 t3p=0 t3h=0 t4=1 t4s2=1 | R13=0 R134=1 R134s2=1 RT=0 RT4=1 RT4s2=1 | t4min 2
X ?#{'climb': 15, 'pos': 7, 'file': 'k4_certs_4_pure.json.gz'} 6,14,22,72 [[4], [3], [5], [2]] def 1 k 2 | t1=0 t2=0 t3p=0 t3h=0 t4=1 t4s2=1 | R13=0 R134=1 R134s2=1 RT=0 RT4=1 RT4s2=1 | t4min 2
X ?#{'climb': 15, 'pos': 7, 'file': 'k4_certs_4_pure.json.gz'} 6,14,22,72 [[4], [5], [3], [2]] def 1 k 2 | t1=0 t2=0 t3p=0 t3h=0 t4=1 t4s2=1 | R13=0 R134=1 R134s2=1 RT=0 RT4=1 RT4s2=1 | t4min 2
X ?#{'climb': 24, 'pos': 5, 'file': 'k4_certs_4_pure.json.gz'} 51,148,198,191 [[4], [2], [3], [5]] def 1 k 2 | t1=0 t2=0 t3p=0 t3h=0 t4=1 t4s2=1 | R13=0 R134=1 R134s2=1 RT=0 RT4=1 RT4s2=1 | t4min 2
X ?#{'climb': 24, 'pos': 5, 'file': 'k4_certs_4_pure.json.gz'} 51,148,198,191 [[4], [5], [3], [2]] def 1 k 2 | t1=0 t2=0 t3p=0 t3h=0 t4=1 t4s2=1 | R13=0 R134=1 R134s2=1 RT=0 RT4=1 RT4s2=1 | t4min 2
X ?#{'climb': 48, 'pos': 7, 'file': 'k4_certs_4_pure.json.gz'} 42,58,103,64 [[4], [3], [5], [2]] def 1 k 2 | t1=0 t2=0 t3p=0 t3h=0 t4=1 t4s2=1 | R13=0 R134=1 R134s2=1 RT=0 RT4=1 RT4s2=1 | t4min 2
X ?#{'climb': 48, 'pos': 7, 'file': 'k4_certs_4_pure.json.gz'} 42,58,103,64 [[4], [5], [3], [2]] def 1 k 2 | t1=0 t2=0 t3p=0 t3h=0 t4=1 t4s2=1 | R13=0 R134=1 R134s2=1 RT=0 RT4=1 RT4s2=1 | t4min 2
X ?#{'climb': 54, 'pos': 5, 'file': 'k4_certs_4_pure.json.gz'} 8,160,80,219 [[5], [2], [4], [3]] def 1 k 2 | t1=0 t2=0 t3p=0 t3h=0 t4=1 t4s2=1 | R13=0 R134=1 R134s2=1 RT=0 RT4=1 RT4s2=1 | t4min 2
X ?#{'climb': 54, 'pos': 5, 'file': 'k4_certs_4_pure.json.gz'} 8,160,80,219 [[5], [4], [2], [3]] def 1 k 2 | t1=0 t2=0 t3p=0 t3h=0 t4=1 t4s2=1 | R13=0 R134=1 R134s2=1 RT=0 RT4=1 RT4s2=1 | t4min 2
X ?#{'climb': 58, 'pos': 11, 'file': 'k4_certs_4_pure.json.gz'} 58,72,46,109 [[2], [1], [3], [5]] def 1 k 2 | t1=0 t2=0 t3p=0 t3h=0 t4=1 t4s2=1 | R13=0 R134=1 R134s2=1 RT=0 RT4=1 RT4s2=1 | t4min 2
X ?#{'climb': 58, 'pos': 11, 'file': 'k4_certs_4_pure.json.gz'} 58,72,46,109 [[2], [1, 4], [3], [5]] def 1 k 2 | t1=0 t2=0 t3p=0 t3h=0 t4=1 t4s2=1 | R13=0 R134=1 R134s2=1 RT=0 RT4=1 RT4s2=1 | t4min 2
X ?#{'climb': 58, 'pos': 11, 'file': 'k4_certs_4_pure.json.gz'} 58,72,46,109 [[5], [1], [3], [2]] def 1 k 2 | t1=0 t2=0 t3p=0 t3h=0 t4=1 t4s2=1 | R13=0 R134=1 R134s2=1 RT=0 RT4=1 RT4s2=1 | t4min 2
X ?#{'climb': 58, 'pos': 11, 'file': 'k4_certs_4_pure.json.gz'} 58,72,46,109 [[5], [1, 4], [3], [2]] def 1 k 2 | t1=0 t2=0 t3p=0 t3h=0 t4=1 t4s2=1 | R13=0 R134=1 R134s2=1 RT=0 RT4=1 RT4s2=1 | t4min 2
X ?#{'climb': 72, 'pos': 8, 'file': 'k4_certs_4_pure.json.gz'} 21,22,72,70 [[4], [3], [2], [5]] def 1 k 2 | t1=0 t2=0 t3p=0 t3h=0 t4=1 t4s2=1 | R13=0 R134=1 R134s2=1 RT=0 RT4=1 RT4s2=1 | t4min 2
X ?#{'climb': 72, 'pos': 8, 'file': 'k4_certs_4_pure.json.gz'} 21,22,72,70 [[4], [5], [2], [3]] def 1 k 2 | t1=0 t2=0 t3p=0 t3h=0 t4=1 t4s2=1 | R13=0 R134=1 R134s2=1 RT=0 RT4=1 RT4s2=1 | t4min 2
X ?#{'climb': 91, 'pos': 5, 'file': 'k4_certs_4_pure.json.gz'} 6,218,163,148 [[4], [3], [2], [5]] def 1 k 2 | t1=0 t2=0 t3p=0 t3h=0 t4=1 t4s2=1 | R13=0 R134=1 R134s2=1 RT=0 RT4=1 RT4s2=1 | t4min 2
X ?#{'climb': 91, 'pos': 5, 'file': 'k4_certs_4_pure.json.gz'} 6,218,163,148 [[4], [3], [5], [2]] def 1 k 2 | t1=0 t2=0 t3p=0 t3h=0 t4=1 t4s2=1 | R13=0 R134=1 R134s2=1 RT=0 RT4=1 RT4s2=1 | t4min 2
X ?#{'climb': 91, 'pos': 5, 'file': 'k4_certs_4_pure.json.gz'} 6,148,163,218 [[4], [2], [5], [3]] def 1 k 2 | t1=0 t2=0 t3p=0 t3h=0 t4=1 t4s2=1 | R13=0 R134=1 R134s2=1 RT=0 RT4=1 RT4s2=1 | t4min 2
X ?#{'climb': 91, 'pos': 5, 'file': 'k4_certs_4_pure.json.gz'} 6,148,163,218 [[4], [5], [2], [3]] def 1 k 2 | t1=0 t2=0 t3p=0 t3h=0 t4=1 t4s2=1 | R13=0 R134=1 R134s2=1 RT=0 RT4=1 RT4s2=1 | t4min 2
X ?#{'climb': 95, 'pos': 5, 'file': 'k4_certs_4_pure.json.gz'} 21,70,72,71 [[4], [3], [2], [5]] def 1 k 2 | t1=0 t2=0 t3p=0 t3h=0 t4=1 t4s2=1 | R13=0 R134=1 R134s2=1 RT=0 RT4=1 RT4s2=1 | t4min 2
X ?#{'climb': 95, 'pos': 5, 'file': 'k4_certs_4_pure.json.gz'} 21,70,72,71 [[4], [5], [2], [3]] def 1 k 2 | t1=0 t2=0 t3p=0 t3h=0 t4=1 t4s2=1 | R13=0 R134=1 R134s2=1 RT=0 RT4=1 RT4s2=1 | t4min 2
X ?#{'climb': 121, 'pos': 7, 'file': 'k4_certs_4_pure.json.gz'} 89,72,22,29 [[4], [1], [3], [5]] def 1 k 2 | t1=0 t2=0 t3p=0 t3h=0 t4=1 t4s2=1 | R13=0 R134=1 R134s2=1 RT=0 RT4=1 RT4s2=1 | t4min 2
X ?#{'climb': 121, 'pos': 7, 'file': 'k4_certs_4_pure.json.gz'} 89,72,22,29 [[4], [1], [5], [3]] def 1 k 2 | t1=0 t2=0 t3p=0 t3h=0 t4=1 t4s2=1 | R13=0 R134=1 R134s2=1 RT=0 RT4=1 RT4s2=1 | t4min 2
X ?#{'climb': 140, 'pos': 7, 'file': 'k4_certs_4_pure.json.gz'} 42,71,22,72 [[4], [3], [5], [2]] def 1 k 2 | t1=0 t2=0 t3p=0 t3h=0 t4=1 t4s2=1 | R13=0 R134=1 R134s2=1 RT=0 RT4=1 RT4s2=1 | t4min 2
X ?#{'climb': 140, 'pos': 7, 'file': 'k4_certs_4_pure.json.gz'} 42,71,22,72 [[4], [5], [3], [2]] def 1 k 2 | t1=0 t2=0 t3p=0 t3h=0 t4=1 t4s2=1 | R13=0 R134=1 R134s2=1 RT=0 RT4=1 RT4s2=1 | t4min 2
X ?#{'climb': 157, 'pos': 5, 'file': 'k4_certs_4_pure.json.gz'} 36,10,20,65 [[5], [3], [4], [2]] def 1 k 2 | t1=0 t2=0 t3p=0 t3h=0 t4=1 t4s2=1 | R13=0 R134=1 R134s2=1 RT=0 RT4=1 RT4s2=1 | t4min 2
X ?#{'climb': 157, 'pos': 5, 'file': 'k4_certs_4_pure.json.gz'} 36,10,20,65 [[5], [4], [3], [2]] def 1 k 2 | t1=0 t2=0 t3p=0 t3h=0 t4=1 t4s2=1 | R13=0 R134=1 R134s2=1 RT=0 RT4=1 RT4s2=1 | t4min 2
X ?#{'climb': 195, 'pos': 5, 'file': 'k4_certs_4_pure.json.gz'} 113,219,146,80 [[5], [3], [2], [4]] def 1 k 2 | t1=0 t2=0 t3p=0 t3h=0 t4=1 t4s2=1 | R13=0 R134=1 R134s2=1 RT=0 RT4=1 RT4s2=1 | t4min 2
X ?#{'climb': 195, 'pos': 5, 'file': 'k4_certs_4_pure.json.gz'} 113,219,146,80 [[5], [3], [4], [2]] def 1 k 2 | t1=0 t2=0 t3p=0 t3h=0 t4=1 t4s2=1 | R13=0 R134=1 R134s2=1 RT=0 RT4=1 RT4s2=1 | t4min 2
X ?#{'climb': 236, 'pos': 7, 'file': 'k4_certs_4_pure.json.gz'} 3,6,264,224 [[2], [4], [3], [5]] def 1 k 2 | t1=0 t2=0 t3p=0 t3h=0 t4=1 t4s2=1 | R13=0 R134=1 R134s2=1 RT=0 RT4=1 RT4s2=1 | t4min 2
X ?#{'climb': 236, 'pos': 7, 'file': 'k4_certs_4_pure.json.gz'} 3,6,264,224 [[5], [4], [3], [2]] def 1 k 2 | t1=0 t2=0 t3p=0 t3h=0 t4=1 t4s2=1 | R13=0 R134=1 R134s2=1 RT=0 RT4=1 RT4s2=1 | t4min 2
X ?#{'climb': 236, 'pos': 7, 'file': 'k4_certs_4_pure.json.gz'} 3,6,218,224 [[2], [4], [3], [5]] def 1 k 2 | t1=0 t2=0 t3p=0 t3h=0 t4=1 t4s2=1 | R13=0 R134=1 R134s2=1 RT=0 RT4=1 RT4s2=1 | t4min 2
X ?#{'climb': 236, 'pos': 7, 'file': 'k4_certs_4_pure.json.gz'} 3,6,218,224 [[5], [4], [3], [2]] def 1 k 2 | t1=0 t2=0 t3p=0 t3h=0 t4=1 t4s2=1 | R13=0 R134=1 R134s2=1 RT=0 RT4=1 RT4s2=1 | t4min 2
X ?#{'climb': 244, 'pos': 5, 'file': 'k4_certs_4_pure.json.gz'} 6,264,163,127 [[4], [3], [2], [5]] def 1 k 2 | t1=0 t2=0 t3p=0 t3h=0 t4=1 t4s2=1 | R13=0 R134=1 R134s2=1 RT=0 RT4=1 RT4s2=1 | t4min 2
X ?#{'climb': 244, 'pos': 5, 'file': 'k4_certs_4_pure.json.gz'} 6,264,163,127 [[4], [3], [5], [2]] def 1 k 2 | t1=0 t2=0 t3p=0 t3h=0 t4=1 t4s2=1 | R13=0 R134=1 R134s2=1 RT=0 RT4=1 RT4s2=1 | t4min 2
X ?#{'climb': 244, 'pos': 5, 'file': 'k4_certs_4_pure.json.gz'} 6,218,163,127 [[4], [3], [2], [5]] def 1 k 2 | t1=0 t2=0 t3p=0 t3h=0 t4=1 t4s2=1 | R13=0 R134=1 R134s2=1 RT=0 RT4=1 RT4s2=1 | t4min 2
X ?#{'climb': 244, 'pos': 5, 'file': 'k4_certs_4_pure.json.gz'} 6,218,163,127 [[4], [3], [5], [2]] def 1 k 2 | t1=0 t2=0 t3p=0 t3h=0 t4=1 t4s2=1 | R13=0 R134=1 R134s2=1 RT=0 RT4=1 RT4s2=1 | t4min 2
X ?#{'climb': 265, 'pos': 7, 'file': 'k4_certs_4_pure.json.gz'} 42,113,57,14 [[4], [1], [3], [5]] def 1 k 2 | t1=0 t2=0 t3p=0 t3h=0 t4=1 t4s2=1 | R13=0 R134=1 R134s2=1 RT=0 RT4=1 RT4s2=1 | t4min 2
X ?#{'climb': 265, 'pos': 7, 'file': 'k4_certs_4_pure.json.gz'} 42,113,57,14 [[4], [1], [5], [3]] def 1 k 2 | t1=0 t2=0 t3p=0 t3h=0 t4=1 t4s2=1 | R13=0 R134=1 R134s2=1 RT=0 RT4=1 RT4s2=1 | t4min 2
X ?#{'climb': 267, 'pos': 10, 'file': 'k4_certs_4_pure.json.gz'} 71,11,71,64 [[3], [4], [5], [2]] def 1 k 2 | t1=0 t2=0 t3p=0 t3h=0 t4=1 t4s2=1 | R13=0 R134=1 R134s2=1 RT=0 RT4=1 RT4s2=1 | t4min 2
X ?#{'climb': 267, 'pos': 10, 'file': 'k4_certs_4_pure.json.gz'} 71,11,71,64 [[5], [4], [3], [2]] def 1 k 2 | t1=0 t2=0 t3p=0 t3h=0 t4=1 t4s2=1 | R13=0 R134=1 R134s2=1 RT=0 RT4=1 RT4s2=1 | t4min 2
X ?#{'climb': 290, 'pos': 7, 'file': 'k4_certs_4_pure.json.gz'} 42,138,19,22 [[4], [1], [3], [5]] def 1 k 2 | t1=0 t2=0 t3p=0 t3h=0 t4=1 t4s2=1 | R13=0 R134=1 R134s2=1 RT=0 RT4=1 RT4s2=1 | t4min 2
X ?#{'climb': 290, 'pos': 7, 'file': 'k4_certs_4_pure.json.gz'} 42,138,19,22 [[4], [1], [5], [3]] def 1 k 2 | t1=0 t2=0 t3p=0 t3h=0 t4=1 t4s2=1 | R13=0 R134=1 R134s2=1 RT=0 RT4=1 RT4s2=1 | t4min 2
X ?#{'climb': 306, 'pos': 7, 'file': 'k4_certs_4_pure.json.gz'} 42,64,70,14 [[4], [1], [3], [5]] def 1 k 2 | t1=0 t2=0 t3p=0 t3h=0 t4=1 t4s2=1 | R13=0 R134=1 R134s2=1 RT=0 RT4=1 RT4s2=1 | t4min 2
X ?#{'climb': 306, 'pos': 7, 'file': 'k4_certs_4_pure.json.gz'} 42,64,70,14 [[4], [1], [5], [3]] def 1 k 2 | t1=0 t2=0 t3p=0 t3h=0 t4=1 t4s2=1 | R13=0 R134=1 R134s2=1 RT=0 RT4=1 RT4s2=1 | t4min 2
X ?#{'climb': 314, 'pos': 5, 'file': 'k4_certs_4_pure.json.gz'} 36,144,236,80 [[5], [2], [3], [4]] def 1 k 2 | t1=0 t2=0 t3p=0 t3h=0 t4=1 t4s2=1 | R13=0 R134=1 R134s2=1 RT=0 RT4=1 RT4s2=1 | t4min 2
X ?#{'climb': 314, 'pos': 5, 'file': 'k4_certs_4_pure.json.gz'} 36,144,236,80 [[5], [4], [3], [2]] def 1 k 2 | t1=0 t2=0 t3p=0 t3h=0 t4=1 t4s2=1 | R13=0 R134=1 R134s2=1 RT=0 RT4=1 RT4s2=1 | t4min 2
X ?#{'climb': 375, 'pos': 5, 'file': 'k4_certs_4_pure.json.gz'} 34,14,14,64 [[4], [3], [5], [2]] def 1 k 2 | t1=0 t2=0 t3p=0 t3h=0 t4=1 t4s2=1 | R13=0 R134=1 R134s2=1 RT=0 RT4=1 RT4s2=1 | t4min 2
X ?#{'climb': 375, 'pos': 5, 'file': 'k4_certs_4_pure.json.gz'} 34,14,14,64 [[4], [5], [3], [2]] def 1 k 2 | t1=0 t2=0 t3p=0 t3h=0 t4=1 t4s2=1 | R13=0 R134=1 R134s2=1 RT=0 RT4=1 RT4s2=1 | t4min 2
X ?#{'climb': 379, 'pos': 7, 'file': 'k4_certs_4_pure.json.gz'} 124,8,146,80 [[0], [5], [2], [4]] def 1 k 2 | t1=0 t2=0 t3p=0 t3h=0 t4=1 t4s2=1 | R13=0 R134=1 R134s2=1 RT=0 RT4=1 RT4s2=1 | t4min 2
X ?#{'climb': 379, 'pos': 7, 'file': 'k4_certs_4_pure.json.gz'} 124,8,146,80 [[0], [5], [4], [2]] def 1 k 2 | t1=0 t2=0 t3p=0 t3h=0 t4=1 t4s2=1 | R13=0 R134=1 R134s2=1 RT=0 RT4=1 RT4s2=1 | t4min 2
X ?#{'climb': 385, 'pos': 7, 'file': 'k4_certs_4_pure.json.gz'} 27,6,226,84 [[2], [4], [3], [5]] def 1 k 2 | t1=0 t2=0 t3p=0 t3h=0 t4=1 t4s2=1 | R13=0 R134=1 R134s2=1 RT=0 RT4=1 RT4s2=1 | t4min 2
X ?#{'climb': 385, 'pos': 7, 'file': 'k4_certs_4_pure.json.gz'} 27,6,226,84 [[5], [4], [3], [2]] def 1 k 2 | t1=0 t2=0 t3p=0 t3h=0 t4=1 t4s2=1 | R13=0 R134=1 R134s2=1 RT=0 RT4=1 RT4s2=1 | t4min 2
X ?#{'climb': 387, 'pos': 8, 'file': 'k4_certs_4_pure.json.gz'} 91,10,65,20 [[5], [3], [2], [4]] def 1 k 2 | t1=0 t2=0 t3p=0 t3h=0 t4=1 t4s2=1 | R13=0 R134=1 R134s2=1 RT=0 RT4=1 RT4s2=1 | t4min 2
X ?#{'climb': 387, 'pos': 8, 'file': 'k4_certs_4_pure.json.gz'} 91,10,65,20 [[5], [4], [2], [3]] def 1 k 2 | t1=0 t2=0 t3p=0 t3h=0 t4=1 t4s2=1 | R13=0 R134=1 R134s2=1 RT=0 RT4=1 RT4s2=1 | t4min 2
states 4068; R13 holds 0 / fails 4068, R134 holds 96 / fails 3972, R134s2 holds 96 / fails 3972, RT holds 3972 / fails 96, RT4 holds 4068 / fails 0, RT4s2 holds 4068 / fails 0
improving move kinds available (states): t2: 3972, t4+t4s2: 96
least |ch| of an improving T4 move (states with one): {2: 96}
R13 and RT against rel_B: 0 mismatches; profiles whose dumped failing states are not all found: 0
