# command: python3 k4/dl13_hunt.py catalog results/k4_gap/gap_n4_pure_s4000.json.gz --mmax=8 --max=1000 --steps=60 --nb=48 --patience=15 --bt --seed=1 --jobs=1 --out=results/k4_dl13/hunt_pure_m8.jsonl.gz --ckpt=results/k4_dl13/ckpt_hunt.jsonl --tables=results/k4_dl13/tables_hunt_pure_m8.json
# dl13u.c sha256 e5ab32ae961795db80db8cd6222a99f5f4ad5396fead9f8d319369b8725e5615
# 1000 climbs to run, 0 from the checkpoint; steps <= 60, 48 neighbours per step, patience 15, big-top bias True
#   climb {'climb': 0, 'pos': 0, 'start': 'k4_certs_4_pure.json.gz#79:112,112,186,101'}: best score [1000000000, 0, 0] after 0 steps, 243 profiles, 0 f >= 1 states, DL13 failures 0 [0.0 s]
#   climb {'climb': 1, 'pos': 1, 'start': 'k4_certs_4_pure.json.gz#107:54,51,54,156'}: best score [3, 0, 0] after 39 steps, 1963 profiles, 548 f >= 1 states, DL13 failures 0 [0.4 s]
#   climb {'climb': 2, 'pos': 2, 'start': 'k4_certs_4_pure.json.gz#65:10,2,72,11'}: best score [8, 0, 0] after 18 steps, 1014 profiles, 100 f >= 1 states, DL13 failures 0 [0.1 s]
#   climb {'climb': 3, 'pos': 3, 'start': 'k4_certs_4_pure.json.gz#72:72,5,59,59'}: best score [1000000000, 0, 0] after 0 steps, 251 profiles, 0 f >= 1 states, DL13 failures 0 [0.0 s]
#   climb {'climb': 4, 'pos': 4, 'start': 'k4_certs_4_pure.json.gz#70:57,40,5,239'}: best score [1000000000, 0, 0] after 0 steps, 248 profiles, 0 f >= 1 states, DL13 failures 0 [0.0 s]
#   climb {'climb': 5, 'pos': 5, 'start': 'k4_certs_4_pure.json.gz#91:30,168,43,60'}: best score [1000000000, 0, 0] after 0 steps, 251 profiles, 0 f >= 1 states, DL13 failures 0 [0.0 s]
#   climb {'climb': 6, 'pos': 6, 'start': 'k4_certs_4_pure.json.gz#68:19,16,220,48'}: best score [5, 0, 0] after 19 steps, 1078 profiles, 598 f >= 1 states, DL13 failures 0 [0.1 s]
#   climb {'climb': 7, 'pos': 7, 'start': 'k4_certs_4_pure.json.gz#79:3,45,227,54'}: best score [1000000000, 0, 0] after 0 steps, 250 profiles, 0 f >= 1 states, DL13 failures 0 [0.0 s]
#   climb {'climb': 8, 'pos': 8, 'start': 'k4_certs_4_pure.json.gz#78:28,26,265,229'}: best score [1000000000, 0, 0] after 0 steps, 247 profiles, 0 f >= 1 states, DL13 failures 0 [0.0 s]
#   climb {'climb': 9, 'pos': 9, 'start': 'k4_certs_4_pure.json.gz#66:74,104,61,103'}: best score [1000000000, 0, 0] after 0 steps, 248 profiles, 0 f >= 1 states, DL13 failures 0 [0.0 s]
#   climb {'climb': 10, 'pos': 10, 'start': 'k4_certs_4_pure.json.gz#71:84,112,112,43'}: best score [1000000000, 0, 0] after 0 steps, 254 profiles, 0 f >= 1 states, DL13 failures 0 [0.0 s]
#   climb {'climb': 11, 'pos': 11, 'start': 'k4_certs_4_pure.json.gz#113:148,168,83,57'}: best score [1, -2, -3] after 20 steps, 988 profiles, 602 f >= 1 states, DL13 failures 0 [0.1 s]
#   climb {'climb': 12, 'pos': 12, 'start': 'k4_certs_4_pure.json.gz#88:49,29,257,111'}: best score [4, 0, -9] after 31 steps, 1507 profiles, 497 f >= 1 states, DL13 failures 0 [0.2 s]
#   climb {'climb': 13, 'pos': 13, 'start': 'k4_certs_4_pure.json.gz#64:106,58,104,113'}: best score [11, 0, 0] after 16 steps, 934 profiles, 82 f >= 1 states, DL13 failures 0 [0.1 s]
#   climb {'climb': 14, 'pos': 14, 'start': 'k4_certs_4_pure.json.gz#76:0,207,168,34'}: best score [1000000000, 0, 0] after 0 steps, 250 profiles, 0 f >= 1 states, DL13 failures 0 [0.0 s]
#   climb {'climb': 15, 'pos': 15, 'start': 'k4_certs_4_pure.json.gz#69:63,72,23,169'}: best score [12, 0, 0] after 18 steps, 1022 profiles, 140 f >= 1 states, DL13 failures 0 [0.1 s]
#   climb {'climb': 16, 'pos': 16, 'start': 'k4_certs_4_pure.json.gz#74:20,141,5,282'}: best score [5, 0, 0] after 17 steps, 933 profiles, 95 f >= 1 states, DL13 failures 0 [0.1 s]
#   climb {'climb': 17, 'pos': 17, 'start': 'k4_certs_4_pure.json.gz#68:124,64,186,233'}: best score [2, 0, -6] after 38 steps, 1838 profiles, 901 f >= 1 states, DL13 failures 0 [0.2 s]
#   climb {'climb': 18, 'pos': 18, 'start': 'k4_certs_4_pure.json.gz#79:87,125,157,76'}: best score [8, 0, 0] after 21 steps, 1098 profiles, 183 f >= 1 states, DL13 failures 0 [0.1 s]
#   climb {'climb': 19, 'pos': 19, 'start': 'k4_certs_4_pure.json.gz#84:12,14,44,133'}: best score [3, 0, -6] after 20 steps, 1074 profiles, 560 f >= 1 states, DL13 failures 0 [0.1 s]
#   climb {'climb': 20, 'pos': 20, 'start': 'k4_certs_4_pure.json.gz#87:2,84,225,60'}: best score [1000000000, 0, 0] after 0 steps, 250 profiles, 0 f >= 1 states, DL13 failures 0 [0.0 s]
#   climb {'climb': 21, 'pos': 21, 'start': 'k4_certs_4_pure.json.gz#118:85,42,44,270'}: best score [1000000000, 0, 0] after 0 steps, 245 profiles, 0 f >= 1 states, DL13 failures 0 [0.0 s]
#   climb {'climb': 22, 'pos': 22, 'start': 'k4_certs_4_pure.json.gz#71:90,14,140,0'}: best score [1000000000, 0, 0] after 0 steps, 243 profiles, 0 f >= 1 states, DL13 failures 0 [0.0 s]
#   climb {'climb': 23, 'pos': 23, 'start': 'k4_certs_4_pure.json.gz#71:53,61,91,170'}: best score [2, 0, -9] after 19 steps, 1037 profiles, 661 f >= 1 states, DL13 failures 0 [0.1 s]
#   climb {'climb': 24, 'pos': 24, 'start': 'k4_certs_4_pure.json.gz#71:43,187,142,141'}: best score [1000000000, 0, 0] after 0 steps, 250 profiles, 0 f >= 1 states, DL13 failures 0 [0.0 s]
#   climb {'climb': 25, 'pos': 25, 'start': 'k4_certs_4_pure.json.gz#68:122,91,97,245'}: best score [1000000000, 0, 0] after 0 steps, 246 profiles, 0 f >= 1 states, DL13 failures 0 [0.0 s]
#   climb {'climb': 26, 'pos': 26, 'start': 'k4_certs_4_pure.json.gz#107:156,77,211,8'}: best score [8, 0, 0] after 17 steps, 990 profiles, 63 f >= 1 states, DL13 failures 0 [0.1 s]
#   climb {'climb': 27, 'pos': 27, 'start': 'k4_certs_4_pure.json.gz#112:1,154,89,8'}: best score [1000000000, 0, 0] after 0 steps, 247 profiles, 0 f >= 1 states, DL13 failures 0 [0.0 s]
#   climb {'climb': 28, 'pos': 28, 'start': 'k4_certs_4_pure.json.gz#69:68,56,169,4'}: best score [7, 0, 0] after 28 steps, 1388 profiles, 429 f >= 1 states, DL13 failures 0 [0.2 s]
#   climb {'climb': 29, 'pos': 29, 'start': 'k4_certs_4_pure.json.gz#37:9,12,74,60'}: best score [1000000000, 0, 0] after 0 steps, 247 profiles, 0 f >= 1 states, DL13 failures 0 [0.0 s]
#   climb {'climb': 30, 'pos': 30, 'start': 'k4_certs_4_pure.json.gz#93:216,20,19,8'}: best score [1000000000, 0, 0] after 0 steps, 251 profiles, 0 f >= 1 states, DL13 failures 0 [0.0 s]
#   climb {'climb': 31, 'pos': 31, 'start': 'k4_certs_4_pure.json.gz#74:40,115,160,179'}: best score [1000000000, 0, 0] after 0 steps, 246 profiles, 0 f >= 1 states, DL13 failures 0 [0.0 s]
#   climb {'climb': 32, 'pos': 32, 'start': 'k4_certs_4_pure.json.gz#68:134,67,49,18'}: best score [3, 0, 0] after 17 steps, 962 profiles, 706 f >= 1 states, DL13 failures 0 [0.1 s]
#   climb {'climb': 33, 'pos': 33, 'start': 'k4_certs_4_pure.json.gz#94:43,64,111,214'}: best score [1000000000, 0, 0] after 0 steps, 251 profiles, 0 f >= 1 states, DL13 failures 0 [0.0 s]
#   climb {'climb': 34, 'pos': 34, 'start': 'k4_certs_4_pure.json.gz#91:264,51,109,121'}: best score [1000000000, 0, 0] after 0 steps, 254 profiles, 0 f >= 1 states, DL13 failures 0 [0.0 s]
#   climb {'climb': 35, 'pos': 35, 'start': 'k4_certs_4_pure.json.gz#73:15,245,157,54'}: best score [3, 0, 0] after 17 steps, 972 profiles, 275 f >= 1 states, DL13 failures 0 [0.1 s]
#   climb {'climb': 36, 'pos': 36, 'start': 'k4_certs_4_pure.json.gz#70:106,48,171,93'}: best score [10, 0, 0] after 19 steps, 1023 profiles, 99 f >= 1 states, DL13 failures 0 [0.2 s]
#   climb {'climb': 37, 'pos': 37, 'start': 'k4_certs_4_pure.json.gz#69:101,28,89,39'}: best score [1000000000, 0, 0] after 0 steps, 249 profiles, 0 f >= 1 states, DL13 failures 0 [0.0 s]
#   climb {'climb': 38, 'pos': 38, 'start': 'k4_certs_4_pure.json.gz#68:119,14,11,60'}: best score [2, 0, -6] after 17 steps, 925 profiles, 289 f >= 1 states, DL13 failures 0 [0.1 s]
#   climb {'climb': 39, 'pos': 39, 'start': 'k4_certs_4_pure.json.gz#70:38,110,9,149'}: best score [1000000000, 0, 0] after 0 steps, 238 profiles, 0 f >= 1 states, DL13 failures 0 [0.0 s]
#   climb {'climb': 40, 'pos': 40, 'start': 'k4_certs_4_pure.json.gz#88:64,110,149,92'}: best score [5, 0, 0] after 18 steps, 1031 profiles, 111 f >= 1 states, DL13 failures 0 [0.1 s]
#   climb {'climb': 41, 'pos': 41, 'start': 'k4_certs_4_pure.json.gz#115:245,43,212,7'}: best score [1000000000, 0, 0] after 0 steps, 252 profiles, 0 f >= 1 states, DL13 failures 0 [0.0 s]
#   climb {'climb': 42, 'pos': 42, 'start': 'k4_certs_4_pure.json.gz#70:11,41,274,84'}: best score [6, 0, 0] after 18 steps, 1012 profiles, 253 f >= 1 states, DL13 failures 0 [0.1 s]
#   climb {'climb': 43, 'pos': 43, 'start': 'k4_certs_4_pure.json.gz#100:268,150,19,186'}: best score [1000000000, 0, 0] after 0 steps, 248 profiles, 0 f >= 1 states, DL13 failures 0 [0.0 s]
#   climb {'climb': 44, 'pos': 44, 'start': 'k4_certs_4_pure.json.gz#72:131,70,115,120'}: best score [1000000000, 0, 0] after 0 steps, 247 profiles, 0 f >= 1 states, DL13 failures 0 [0.0 s]
#   climb {'climb': 45, 'pos': 45, 'start': 'k4_certs_4_pure.json.gz#73:54,267,150,6'}: best score [1000000000, 0, 0] after 0 steps, 249 profiles, 0 f >= 1 states, DL13 failures 0 [0.0 s]
#   climb {'climb': 46, 'pos': 46, 'start': 'k4_certs_4_pure.json.gz#82:101,168,214,84'}: best score [1000000000, 0, 0] after 0 steps, 252 profiles, 0 f >= 1 states, DL13 failures 0 [0.0 s]
#   climb {'climb': 47, 'pos': 47, 'start': 'k4_certs_4_pure.json.gz#82:125,7,257,128'}: best score [1000000000, 0, 0] after 0 steps, 248 profiles, 0 f >= 1 states, DL13 failures 0 [0.0 s]
#   climb {'climb': 48, 'pos': 48, 'start': 'k4_certs_4_pure.json.gz#76:109,22,20,6'}: best score [3, 0, 0] after 18 steps, 1016 profiles, 313 f >= 1 states, DL13 failures 0 [0.1 s]
#   climb {'climb': 49, 'pos': 49, 'start': 'k4_certs_4_pure.json.gz#68:38,92,83,278'}: best score [7, 0, -5] after 18 steps, 979 profiles, 280 f >= 1 states, DL13 failures 0 [0.1 s]
#   climb {'climb': 50, 'pos': 50, 'start': 'k4_certs_4_pure.json.gz#94:198,16,2,61'}: best score [3, 0, -2] after 21 steps, 1145 profiles, 546 f >= 1 states, DL13 failures 0 [0.2 s]
#   climb {'climb': 51, 'pos': 51, 'start': 'k4_certs_4_pure.json.gz#23:53,83,120,99'}: best score [1000000000, 0, 0] after 0 steps, 247 profiles, 0 f >= 1 states, DL13 failures 0 [0.0 s]
#   climb {'climb': 52, 'pos': 52, 'start': 'k4_certs_4_pure.json.gz#71:70,95,185,251'}: best score [1000000000, 0, 0] after 0 steps, 249 profiles, 0 f >= 1 states, DL13 failures 0 [0.0 s]
#   climb {'climb': 53, 'pos': 53, 'start': 'k4_certs_4_pure.json.gz#30:67,50,44,214'}: best score [1000000000, 0, 0] after 0 steps, 247 profiles, 0 f >= 1 states, DL13 failures 0 [0.0 s]
#   climb {'climb': 54, 'pos': 54, 'start': 'k4_certs_4_pure.json.gz#68:44,105,49,83'}: best score [4, 0, -1] after 17 steps, 888 profiles, 413 f >= 1 states, DL13 failures 0 [0.1 s]
#   climb {'climb': 55, 'pos': 55, 'start': 'k4_certs_4_pure.json.gz#88:22,213,120,41'}: best score [1000000000, 0, 0] after 0 steps, 247 profiles, 0 f >= 1 states, DL13 failures 0 [0.0 s]
#   climb {'climb': 56, 'pos': 56, 'start': 'k4_certs_4_pure.json.gz#88:160,29,44,106'}: best score [1000000000, 0, 0] after 0 steps, 250 profiles, 0 f >= 1 states, DL13 failures 0 [0.0 s]
#   climb {'climb': 57, 'pos': 57, 'start': 'k4_certs_4_pure.json.gz#91:23,46,34,34'}: best score [2, 0, 0] after 29 steps, 1462 profiles, 339 f >= 1 states, DL13 failures 0 [0.1 s]
#   climb {'climb': 58, 'pos': 58, 'start': 'k4_certs_4_pure.json.gz#75:5,223,48,87'}: best score [1000000000, 0, 0] after 0 steps, 250 profiles, 0 f >= 1 states, DL13 failures 0 [0.0 s]
#   climb {'climb': 59, 'pos': 59, 'start': 'k4_certs_4_pure.json.gz#108:59,181,148,65'}: best score [1000000000, 0, 0] after 0 steps, 241 profiles, 0 f >= 1 states, DL13 failures 0 [0.0 s]
#   climb {'climb': 60, 'pos': 60, 'start': 'k4_certs_4_pure.json.gz#70:16,12,209,112'}: best score [6, 0, 0] after 26 steps, 1337 profiles, 246 f >= 1 states, DL13 failures 0 [0.1 s]
#   climb {'climb': 61, 'pos': 61, 'start': 'k4_certs_4_pure.json.gz#92:206,118,60,127'}: best score [1000000000, 0, 0] after 0 steps, 247 profiles, 0 f >= 1 states, DL13 failures 0 [0.0 s]
#   climb {'climb': 62, 'pos': 62, 'start': 'k4_certs_4_pure.json.gz#84:14,176,258,88'}: best score [8, 0, -7] after 19 steps, 1013 profiles, 201 f >= 1 states, DL13 failures 0 [0.1 s]
#   climb {'climb': 63, 'pos': 63, 'start': 'k4_certs_4_pure.json.gz#113:46,50,159,274'}: best score [10, 0, 0] after 16 steps, 959 profiles, 274 f >= 1 states, DL13 failures 0 [0.1 s]
#   climb {'climb': 64, 'pos': 64, 'start': 'k4_certs_4_pure.json.gz#95:21,42,91,109'}: best score [1000000000, 0, 0] after 0 steps, 251 profiles, 0 f >= 1 states, DL13 failures 0 [0.0 s]
#   climb {'climb': 65, 'pos': 65, 'start': 'k4_certs_4_pure.json.gz#80:6,227,150,209'}: best score [1000000000, 0, 0] after 0 steps, 245 profiles, 0 f >= 1 states, DL13 failures 0 [0.0 s]
#   climb {'climb': 66, 'pos': 66, 'start': 'k4_certs_4_pure.json.gz#74:28,9,77,82'}: best score [7, 0, 0] after 15 steps, 879 profiles, 53 f >= 1 states, DL13 failures 0 [0.1 s]
#   climb {'climb': 67, 'pos': 67, 'start': 'k4_certs_4_pure.json.gz#94:10,159,137,8'}: best score [7, 0, 0] after 16 steps, 944 profiles, 124 f >= 1 states, DL13 failures 0 [0.1 s]
#   climb {'climb': 68, 'pos': 68, 'start': 'k4_certs_4_pure.json.gz#70:86,8,8,3'}: best score [4, 0, -8] after 23 steps, 1170 profiles, 363 f >= 1 states, DL13 failures 0 [0.1 s]
#   climb {'climb': 69, 'pos': 69, 'start': 'k4_certs_4_pure.json.gz#83:8,98,48,251'}: best score [1000000000, 0, 0] after 0 steps, 254 profiles, 0 f >= 1 states, DL13 failures 0 [0.0 s]
#   climb {'climb': 70, 'pos': 70, 'start': 'k4_certs_4_pure.json.gz#105:96,6,55,212'}: best score [1000000000, 0, 0] after 0 steps, 254 profiles, 0 f >= 1 states, DL13 failures 0 [0.0 s]
#   climb {'climb': 71, 'pos': 71, 'start': 'k4_certs_4_pure.json.gz#81:69,180,232,216'}: best score [1000000000, 0, 0] after 0 steps, 243 profiles, 0 f >= 1 states, DL13 failures 0 [0.0 s]
#   climb {'climb': 72, 'pos': 72, 'start': 'k4_certs_4_pure.json.gz#109:12,8,26,173'}: best score [4, 0, -13] after 22 steps, 1139 profiles, 483 f >= 1 states, DL13 failures 0 [0.1 s]
#   climb {'climb': 73, 'pos': 73, 'start': 'k4_certs_4_pure.json.gz#69:52,113,207,73'}: best score [1000000000, 0, 0] after 0 steps, 246 profiles, 0 f >= 1 states, DL13 failures 0 [0.0 s]
#   climb {'climb': 74, 'pos': 74, 'start': 'k4_certs_4_pure.json.gz#83:46,10,189,48'}: best score [1000000000, 0, 0] after 0 steps, 245 profiles, 0 f >= 1 states, DL13 failures 0 [0.0 s]
#   climb {'climb': 75, 'pos': 75, 'start': 'k4_certs_4_pure.json.gz#88:2,13,200,239'}: best score [1000000000, 0, 0] after 0 steps, 253 profiles, 0 f >= 1 states, DL13 failures 0 [0.0 s]
#   climb {'climb': 76, 'pos': 76, 'start': 'k4_certs_4_pure.json.gz#85:102,31,4,200'}: best score [1000000000, 0, 0] after 0 steps, 248 profiles, 0 f >= 1 states, DL13 failures 0 [0.0 s]
#   climb {'climb': 77, 'pos': 77, 'start': 'k4_certs_4_pure.json.gz#78:14,75,219,55'}: best score [1000000000, 0, 0] after 0 steps, 246 profiles, 0 f >= 1 states, DL13 failures 0 [0.0 s]
#   climb {'climb': 78, 'pos': 78, 'start': 'k4_certs_4_pure.json.gz#114:279,80,151,159'}: best score [1000000000, 0, 0] after 0 steps, 250 profiles, 0 f >= 1 states, DL13 failures 0 [0.0 s]
#   climb {'climb': 79, 'pos': 79, 'start': 'k4_certs_4_pure.json.gz#87:194,119,7,43'}: best score [1000000000, 0, 0] after 0 steps, 245 profiles, 0 f >= 1 states, DL13 failures 0 [0.0 s]
#   climb {'climb': 80, 'pos': 80, 'start': 'k4_certs_4_pure.json.gz#70:38,122,53,139'}: best score [1000000000, 0, 0] after 0 steps, 246 profiles, 0 f >= 1 states, DL13 failures 0 [0.0 s]
#   climb {'climb': 81, 'pos': 81, 'start': 'k4_certs_4_pure.json.gz#91:54,191,184,96'}: best score [2, 0, 0] after 22 steps, 1194 profiles, 183 f >= 1 states, DL13 failures 0 [0.1 s]
#   climb {'climb': 82, 'pos': 82, 'start': 'k4_certs_4_pure.json.gz#67:72,47,29,43'}: best score [1000000000, 0, 0] after 0 steps, 249 profiles, 0 f >= 1 states, DL13 failures 0 [0.0 s]
#   climb {'climb': 83, 'pos': 83, 'start': 'k4_certs_4_pure.json.gz#112:42,96,8,84'}: best score [5, 0, -2] after 19 steps, 1033 profiles, 626 f >= 1 states, DL13 failures 0 [0.1 s]
#   climb {'climb': 84, 'pos': 84, 'start': 'k4_certs_4_pure.json.gz#73:91,0,279,87'}: best score [6, 0, 0] after 17 steps, 989 profiles, 263 f >= 1 states, DL13 failures 0 [0.1 s]
#   climb {'climb': 85, 'pos': 85, 'start': 'k4_certs_4_pure.json.gz#84:102,81,175,23'}: best score [5, 0, 0] after 33 steps, 1590 profiles, 871 f >= 1 states, DL13 failures 0 [0.2 s]
#   climb {'climb': 86, 'pos': 86, 'start': 'k4_certs_4_pure.json.gz#115:38,246,46,111'}: best score [1000000000, 0, 0] after 0 steps, 252 profiles, 0 f >= 1 states, DL13 failures 0 [0.0 s]
#   climb {'climb': 87, 'pos': 87, 'start': 'k4_certs_4_pure.json.gz#103:77,190,80,8'}: best score [1000000000, 0, 0] after 0 steps, 246 profiles, 0 f >= 1 states, DL13 failures 0 [0.0 s]
#   climb {'climb': 88, 'pos': 88, 'start': 'k4_certs_4_pure.json.gz#62:72,149,34,208'}: best score [1000000000, 0, 0] after 0 steps, 250 profiles, 0 f >= 1 states, DL13 failures 0 [0.0 s]
#   climb {'climb': 89, 'pos': 89, 'start': 'k4_certs_4_pure.json.gz#93:149,76,197,14'}: best score [6, -2, -2] after 21 steps, 1097 profiles, 92 f >= 1 states, DL13 failures 0 [0.1 s]
#   climb {'climb': 90, 'pos': 90, 'start': 'k4_certs_4_pure.json.gz#90:37,247,150,10'}: best score [1000000000, 0, 0] after 0 steps, 252 profiles, 0 f >= 1 states, DL13 failures 0 [0.0 s]
#   climb {'climb': 91, 'pos': 91, 'start': 'k4_certs_4_pure.json.gz#68:23,69,115,45'}: best score [4, 0, -1] after 21 steps, 1142 profiles, 578 f >= 1 states, DL13 failures 0 [0.1 s]
#   climb {'climb': 92, 'pos': 92, 'start': 'k4_certs_4_pure.json.gz#76:62,124,259,214'}: best score [1000000000, 0, 0] after 0 steps, 249 profiles, 0 f >= 1 states, DL13 failures 0 [0.0 s]
#   climb {'climb': 93, 'pos': 93, 'start': 'k4_certs_4_pure.json.gz#94:99,54,191,78'}: best score [3, 0, 0] after 18 steps, 1053 profiles, 203 f >= 1 states, DL13 failures 0 [0.1 s]
#   climb {'climb': 94, 'pos': 94, 'start': 'k4_certs_4_pure.json.gz#75:41,11,205,89'}: best score [1000000000, 0, 0] after 0 steps, 245 profiles, 0 f >= 1 states, DL13 failures 0 [0.0 s]
#   climb {'climb': 95, 'pos': 95, 'start': 'k4_certs_4_pure.json.gz#77:35,126,185,3'}: best score [7, 0, 0] after 20 steps, 1070 profiles, 178 f >= 1 states, DL13 failures 0 [0.1 s]
#   climb {'climb': 96, 'pos': 96, 'start': 'k4_certs_4_pure.json.gz#87:81,144,30,26'}: best score [4, 0, -8] after 16 steps, 896 profiles, 496 f >= 1 states, DL13 failures 0 [0.1 s]
#   climb {'climb': 97, 'pos': 97, 'start': 'k4_certs_4_pure.json.gz#107:59,155,187,1'}: best score [3, 0, 0] after 24 steps, 1303 profiles, 288 f >= 1 states, DL13 failures 0 [0.2 s]
#   climb {'climb': 98, 'pos': 98, 'start': 'k4_certs_4_pure.json.gz#68:20,101,223,2'}: best score [3, 0, 0] after 17 steps, 981 profiles, 559 f >= 1 states, DL13 failures 0 [0.1 s]
#   climb {'climb': 99, 'pos': 99, 'start': 'k4_certs_4_pure.json.gz#102:7,272,11,87'}: best score [4, 0, -9] after 21 steps, 1108 profiles, 594 f >= 1 states, DL13 failures 0 [0.1 s]
#   climb {'climb': 100, 'pos': 100, 'start': 'k4_certs_4_pure.json.gz#70:104,113,246,204'}: best score [1000000000, 0, 0] after 0 steps, 245 profiles, 0 f >= 1 states, DL13 failures 0 [0.0 s]
#   climb {'climb': 101, 'pos': 101, 'start': 'k4_certs_4_pure.json.gz#70:36,101,169,259'}: best score [6, 0, 0] after 15 steps, 864 profiles, 216 f >= 1 states, DL13 failures 0 [0.1 s]
#   climb {'climb': 102, 'pos': 102, 'start': 'k4_certs_4_pure.json.gz#85:10,88,66,14'}: best score [1000000000, 0, 0] after 0 steps, 249 profiles, 0 f >= 1 states, DL13 failures 0 [0.0 s]
#   climb {'climb': 103, 'pos': 103, 'start': 'k4_certs_4_pure.json.gz#68:25,112,171,104'}: best score [5, 0, 0] after 17 steps, 966 profiles, 576 f >= 1 states, DL13 failures 0 [0.1 s]
#   climb {'climb': 104, 'pos': 104, 'start': 'k4_certs_4_pure.json.gz#78:22,131,268,63'}: best score [1000000000, 0, 0] after 0 steps, 248 profiles, 0 f >= 1 states, DL13 failures 0 [0.0 s]
#   climb {'climb': 105, 'pos': 105, 'start': 'k4_certs_4_pure.json.gz#88:18,91,134,191'}: best score [1000000000, 0, 0] after 0 steps, 249 profiles, 0 f >= 1 states, DL13 failures 0 [0.0 s]
#   climb {'climb': 106, 'pos': 106, 'start': 'k4_certs_4_pure.json.gz#85:2,42,46,277'}: best score [2, 0, -10] after 25 steps, 1312 profiles, 880 f >= 1 states, DL13 failures 0 [0.1 s]
#   climb {'climb': 107, 'pos': 107, 'start': 'k4_certs_4_pure.json.gz#81:138,42,105,15'}: best score [4, 0, 0] after 17 steps, 969 profiles, 108 f >= 1 states, DL13 failures 0 [0.1 s]
#   climb {'climb': 108, 'pos': 108, 'start': 'k4_certs_4_pure.json.gz#107:191,23,58,189'}: best score [3, 0, 0] after 23 steps, 1222 profiles, 223 f >= 1 states, DL13 failures 0 [0.1 s]
#   climb {'climb': 109, 'pos': 109, 'start': 'k4_certs_4_pure.json.gz#72:38,120,120,144'}: best score [1000000000, 0, 0] after 0 steps, 247 profiles, 0 f >= 1 states, DL13 failures 0 [0.0 s]
#   climb {'climb': 110, 'pos': 110, 'start': 'k4_certs_4_pure.json.gz#109:201,112,64,219'}: best score [4, 0, 0] after 18 steps, 958 profiles, 70 f >= 1 states, DL13 failures 0 [0.1 s]
#   climb {'climb': 111, 'pos': 111, 'start': 'k4_certs_4_pure.json.gz#70:46,44,259,266'}: best score [1000000000, 0, 0] after 0 steps, 247 profiles, 0 f >= 1 states, DL13 failures 0 [0.0 s]
#   climb {'climb': 112, 'pos': 112, 'start': 'k4_certs_4_pure.json.gz#80:69,187,81,114'}: best score [1000000000, 0, 0] after 0 steps, 249 profiles, 0 f >= 1 states, DL13 failures 0 [0.0 s]
#   climb {'climb': 113, 'pos': 113, 'start': 'k4_certs_4_pure.json.gz#69:37,34,83,26'}: best score [8, 0, 0] after 16 steps, 913 profiles, 165 f >= 1 states, DL13 failures 0 [0.1 s]
#   climb {'climb': 114, 'pos': 114, 'start': 'k4_certs_4_pure.json.gz#93:11,212,54,54'}: best score [12, 0, 0] after 17 steps, 972 profiles, 99 f >= 1 states, DL13 failures 0 [0.1 s]
#   climb {'climb': 115, 'pos': 115, 'start': 'k4_certs_4_pure.json.gz#68:43,34,260,47'}: best score [2, 0, -6] after 15 steps, 811 profiles, 201 f >= 1 states, DL13 failures 0 [0.1 s]
#   climb {'climb': 116, 'pos': 116, 'start': 'k4_certs_4_pure.json.gz#90:104,224,7,54'}: best score [1000000000, 0, 0] after 0 steps, 252 profiles, 0 f >= 1 states, DL13 failures 0 [0.0 s]
#   climb {'climb': 117, 'pos': 117, 'start': 'k4_certs_4_pure.json.gz#79:44,23,92,29'}: best score [1000000000, 0, 0] after 0 steps, 251 profiles, 0 f >= 1 states, DL13 failures 0 [0.0 s]
#   climb {'climb': 118, 'pos': 118, 'start': 'k4_certs_4_pure.json.gz#28:145,56,256,12'}: best score [1000000000, 0, 0] after 0 steps, 250 profiles, 0 f >= 1 states, DL13 failures 0 [0.0 s]
#   climb {'climb': 119, 'pos': 119, 'start': 'k4_certs_4_pure.json.gz#73:11,80,11,46'}: best score [3, 0, 0] after 17 steps, 973 profiles, 294 f >= 1 states, DL13 failures 0 [0.1 s]
#   climb {'climb': 120, 'pos': 120, 'start': 'k4_certs_4_pure.json.gz#69:73,38,194,197'}: best score [12, 0, 0] after 17 steps, 968 profiles, 128 f >= 1 states, DL13 failures 0 [0.1 s]
#   climb {'climb': 121, 'pos': 121, 'start': 'k4_certs_4_pure.json.gz#30:93,25,153,117'}: best score [1000000000, 0, 0] after 0 steps, 248 profiles, 0 f >= 1 states, DL13 failures 0 [0.0 s]
#   climb {'climb': 122, 'pos': 122, 'start': 'k4_certs_4_pure.json.gz#74:19,161,46,58'}: best score [1000000000, 0, 0] after 0 steps, 247 profiles, 0 f >= 1 states, DL13 failures 0 [0.0 s]
#   climb {'climb': 123, 'pos': 123, 'start': 'k4_certs_4_pure.json.gz#82:6,62,286,88'}: best score [1000000000, 0, 0] after 0 steps, 249 profiles, 0 f >= 1 states, DL13 failures 0 [0.0 s]
#   climb {'climb': 124, 'pos': 124, 'start': 'k4_certs_4_pure.json.gz#83:6,2,76,116'}: best score [4, 0, -8] after 35 steps, 1623 profiles, 343 f >= 1 states, DL13 failures 0 [0.2 s]
#   climb {'climb': 125, 'pos': 125, 'start': 'k4_certs_4_pure.json.gz#102:88,144,26,136'}: best score [1000000000, 0, 0] after 0 steps, 253 profiles, 0 f >= 1 states, DL13 failures 0 [0.0 s]
#   climb {'climb': 126, 'pos': 126, 'start': 'k4_certs_4_pure.json.gz#98:149,73,42,244'}: best score [9, 0, 0] after 25 steps, 1299 profiles, 114 f >= 1 states, DL13 failures 0 [0.2 s]
#   climb {'climb': 127, 'pos': 127, 'start': 'k4_certs_4_pure.json.gz#68:36,121,205,176'}: best score [4, 0, -1] after 17 steps, 944 profiles, 346 f >= 1 states, DL13 failures 0 [0.1 s]
#   climb {'climb': 128, 'pos': 128, 'start': 'k4_certs_4_pure.json.gz#70:94,112,183,68'}: best score [1000000000, 0, 0] after 0 steps, 245 profiles, 0 f >= 1 states, DL13 failures 0 [0.0 s]
#   climb {'climb': 129, 'pos': 129, 'start': 'k4_certs_4_pure.json.gz#115:44,39,21,146'}: best score [1000000000, 0, 0] after 0 steps, 246 profiles, 0 f >= 1 states, DL13 failures 0 [0.0 s]
#   climb {'climb': 130, 'pos': 130, 'start': 'k4_certs_4_pure.json.gz#69:72,41,194,122'}: best score [6, 0, -5] after 18 steps, 973 profiles, 856 f >= 1 states, DL13 failures 0 [0.1 s]
#   climb {'climb': 131, 'pos': 131, 'start': 'k4_certs_4_pure.json.gz#84:67,79,209,186'}: best score [3, 0, -6] after 24 steps, 1288 profiles, 564 f >= 1 states, DL13 failures 0 [0.2 s]
#   climb {'climb': 132, 'pos': 132, 'start': 'k4_certs_4_pure.json.gz#68:54,9,86,132'}: best score [2, 0, -6] after 17 steps, 936 profiles, 273 f >= 1 states, DL13 failures 0 [0.1 s]
#   climb {'climb': 133, 'pos': 133, 'start': 'k4_certs_4_pure.json.gz#80:71,101,20,187'}: best score [1000000000, 0, 0] after 0 steps, 249 profiles, 0 f >= 1 states, DL13 failures 0 [0.0 s]
#   climb {'climb': 134, 'pos': 134, 'start': 'k4_certs_4_pure.json.gz#73:46,76,1,287'}: best score [3, 0, 0] after 22 steps, 1154 profiles, 243 f >= 1 states, DL13 failures 0 [0.1 s]
#   climb {'climb': 135, 'pos': 135, 'start': 'k4_certs_4_pure.json.gz#118:158,74,31,218'}: best score [1000000000, 0, 0] after 0 steps, 253 profiles, 0 f >= 1 states, DL13 failures 0 [0.0 s]
#   climb {'climb': 136, 'pos': 136, 'start': 'k4_certs_4_pure.json.gz#95:199,43,43,185'}: best score [4, 0, -3] after 32 steps, 1556 profiles, 286 f >= 1 states, DL13 failures 0 [0.2 s]
#   climb {'climb': 137, 'pos': 137, 'start': 'k4_certs_4_pure.json.gz#65:112,273,148,132'}: best score [1000000000, 0, 0] after 0 steps, 243 profiles, 0 f >= 1 states, DL13 failures 0 [0.0 s]
#   climb {'climb': 138, 'pos': 138, 'start': 'k4_certs_4_pure.json.gz#85:8,27,87,132'}: best score [4, 0, -11] after 25 steps, 1268 profiles, 633 f >= 1 states, DL13 failures 0 [0.2 s]
#   climb {'climb': 139, 'pos': 139, 'start': 'k4_certs_4_pure.json.gz#69:55,68,60,169'}: best score [1000000000, 0, 0] after 0 steps, 249 profiles, 0 f >= 1 states, DL13 failures 0 [0.0 s]
#   climb {'climb': 140, 'pos': 140, 'start': 'k4_certs_4_pure.json.gz#95:94,6,132,88'}: best score [7, 0, -5] after 25 steps, 1245 profiles, 251 f >= 1 states, DL13 failures 0 [0.1 s]
#   climb {'climb': 141, 'pos': 141, 'start': 'k4_certs_4_pure.json.gz#71:25,101,125,53'}: best score [1000000000, 0, 0] after 0 steps, 248 profiles, 0 f >= 1 states, DL13 failures 0 [0.0 s]
#   climb {'climb': 142, 'pos': 142, 'start': 'k4_certs_4_pure.json.gz#72:69,18,31,98'}: best score [1000000000, 0, 0] after 0 steps, 248 profiles, 0 f >= 1 states, DL13 failures 0 [0.0 s]
#   climb {'climb': 143, 'pos': 143, 'start': 'k4_certs_4_pure.json.gz#89:181,164,71,156'}: best score [1000000000, 0, 0] after 0 steps, 249 profiles, 0 f >= 1 states, DL13 failures 0 [0.0 s]
#   climb {'climb': 144, 'pos': 144, 'start': 'k4_certs_4_pure.json.gz#76:116,162,213,258'}: best score [1000000000, 0, 0] after 0 steps, 247 profiles, 0 f >= 1 states, DL13 failures 0 [0.0 s]
#   climb {'climb': 145, 'pos': 145, 'start': 'k4_certs_4_pure.json.gz#70:67,25,106,242'}: best score [6, 0, 0] after 19 steps, 1033 profiles, 219 f >= 1 states, DL13 failures 0 [0.1 s]
#   climb {'climb': 146, 'pos': 146, 'start': 'k4_certs_4_pure.json.gz#71:72,4,266,25'}: best score [1000000000, 0, 0] after 0 steps, 247 profiles, 0 f >= 1 states, DL13 failures 0 [0.0 s]
#   climb {'climb': 147, 'pos': 147, 'start': 'k4_certs_4_pure.json.gz#62:128,54,148,85'}: best score [1000000000, 0, 0] after 0 steps, 252 profiles, 0 f >= 1 states, DL13 failures 0 [0.0 s]
#   climb {'climb': 148, 'pos': 148, 'start': 'k4_certs_4_pure.json.gz#105:6,176,59,191'}: best score [1000000000, 0, 0] after 0 steps, 251 profiles, 0 f >= 1 states, DL13 failures 0 [0.0 s]
#   climb {'climb': 149, 'pos': 149, 'start': 'k4_certs_4_pure.json.gz#62:43,212,276,261'}: best score [1000000000, 0, 0] after 0 steps, 246 profiles, 0 f >= 1 states, DL13 failures 0 [0.0 s]
#   climb {'climb': 150, 'pos': 150, 'start': 'k4_certs_4_pure.json.gz#96:146,110,88,58'}: best score [9, 0, 0] after 24 steps, 1272 profiles, 181 f >= 1 states, DL13 failures 0 [0.2 s]
#   climb {'climb': 151, 'pos': 151, 'start': 'k4_certs_4_pure.json.gz#71:70,196,75,128'}: best score [2, 0, -6] after 16 steps, 928 profiles, 436 f >= 1 states, DL13 failures 0 [0.1 s]
#   climb {'climb': 152, 'pos': 152, 'start': 'k4_certs_4_pure.json.gz#69:52,4,207,125'}: best score [1000000000, 0, 0] after 0 steps, 249 profiles, 0 f >= 1 states, DL13 failures 0 [0.0 s]
#   climb {'climb': 153, 'pos': 153, 'start': 'k4_certs_4_pure.json.gz#73:36,31,138,85'}: best score [2, 0, -6] after 30 steps, 1496 profiles, 385 f >= 1 states, DL13 failures 0 [0.2 s]
#   climb {'climb': 154, 'pos': 154, 'start': 'k4_certs_4_pure.json.gz#95:31,173,6,210'}: best score [1000000000, 0, 0] after 0 steps, 249 profiles, 0 f >= 1 states, DL13 failures 0 [0.0 s]
#   climb {'climb': 155, 'pos': 155, 'start': 'k4_certs_4_pure.json.gz#120:173,161,230,87'}: best score [3, 0, 0] after 29 steps, 1450 profiles, 323 f >= 1 states, DL13 failures 0 [0.2 s]
#   climb {'climb': 156, 'pos': 156, 'start': 'k4_certs_4_pure.json.gz#93:8,22,6,169'}: best score [1000000000, 0, 0] after 0 steps, 252 profiles, 0 f >= 1 states, DL13 failures 0 [0.0 s]
#   climb {'climb': 157, 'pos': 157, 'start': 'k4_certs_4_pure.json.gz#92:29,44,14,189'}: best score [5, 0, -7] after 21 steps, 1129 profiles, 471 f >= 1 states, DL13 failures 0 [0.2 s]
#   climb {'climb': 158, 'pos': 158, 'start': 'k4_certs_4_pure.json.gz#70:21,55,282,278'}: best score [1000000000, 0, 0] after 0 steps, 250 profiles, 0 f >= 1 states, DL13 failures 0 [0.0 s]
#   climb {'climb': 159, 'pos': 159, 'start': 'k4_certs_4_pure.json.gz#95:8,94,50,110'}: best score [1000000000, 0, 0] after 0 steps, 246 profiles, 0 f >= 1 states, DL13 failures 0 [0.0 s]
#   climb {'climb': 160, 'pos': 160, 'start': 'k4_certs_4_pure.json.gz#69:25,135,4,24'}: best score [4, 0, -8] after 30 steps, 1468 profiles, 1153 f >= 1 states, DL13 failures 0 [0.2 s]
#   climb {'climb': 161, 'pos': 161, 'start': 'k4_certs_4_pure.json.gz#63:59,6,267,54'}: best score [15, 0, 0] after 29 steps, 1410 profiles, 121 f >= 1 states, DL13 failures 0 [0.2 s]
#   climb {'climb': 162, 'pos': 162, 'start': 'k4_certs_4_pure.json.gz#68:72,61,62,11'}: best score [2, 0, -6] after 17 steps, 982 profiles, 294 f >= 1 states, DL13 failures 0 [0.1 s]
#   climb {'climb': 163, 'pos': 163, 'start': 'k4_certs_4_pure.json.gz#90:156,124,42,215'}: best score [1000000000, 0, 0] after 0 steps, 250 profiles, 0 f >= 1 states, DL13 failures 0 [0.0 s]
#   climb {'climb': 164, 'pos': 164, 'start': 'k4_certs_4_pure.json.gz#73:26,26,4,53'}: best score [1000000000, 0, 0] after 0 steps, 245 profiles, 0 f >= 1 states, DL13 failures 0 [0.0 s]
#   climb {'climb': 165, 'pos': 165, 'start': 'k4_certs_4_pure.json.gz#71:20,21,223,167'}: best score [1000000000, 0, 0] after 0 steps, 246 profiles, 0 f >= 1 states, DL13 failures 0 [0.0 s]
#   climb {'climb': 166, 'pos': 166, 'start': 'k4_certs_4_pure.json.gz#62:13,78,59,0'}: best score [1000000000, 0, 0] after 0 steps, 251 profiles, 0 f >= 1 states, DL13 failures 0 [0.0 s]
#   climb {'climb': 167, 'pos': 167, 'start': 'k4_certs_4_pure.json.gz#113:40,144,266,159'}: best score [1000000000, 0, 0] after 0 steps, 250 profiles, 0 f >= 1 states, DL13 failures 0 [0.0 s]
#   climb {'climb': 168, 'pos': 168, 'start': 'k4_certs_4_pure.json.gz#75:131,112,84,276'}: best score [1000000000, 0, 0] after 0 steps, 249 profiles, 0 f >= 1 states, DL13 failures 0 [0.0 s]
#   climb {'climb': 169, 'pos': 169, 'start': 'k4_certs_4_pure.json.gz#28:85,96,138,68'}: best score [1000000000, 0, 0] after 0 steps, 245 profiles, 0 f >= 1 states, DL13 failures 0 [0.0 s]
#   climb {'climb': 170, 'pos': 170, 'start': 'k4_certs_4_pure.json.gz#69:8,119,148,209'}: best score [1000000000, 0, 0] after 0 steps, 248 profiles, 0 f >= 1 states, DL13 failures 0 [0.0 s]
#   climb {'climb': 171, 'pos': 171, 'start': 'k4_certs_4_pure.json.gz#89:162,22,112,39'}: best score [1000000000, 0, 0] after 0 steps, 250 profiles, 0 f >= 1 states, DL13 failures 0 [0.0 s]
#   climb {'climb': 172, 'pos': 172, 'start': 'k4_certs_4_pure.json.gz#86:52,123,287,94'}: best score [1000000000, 0, 0] after 0 steps, 254 profiles, 0 f >= 1 states, DL13 failures 0 [0.0 s]
#   climb {'climb': 173, 'pos': 173, 'start': 'k4_certs_4_pure.json.gz#66:75,15,42,84'}: best score [1000000000, 0, 0] after 0 steps, 246 profiles, 0 f >= 1 states, DL13 failures 0 [0.0 s]
#   climb {'climb': 174, 'pos': 174, 'start': 'k4_certs_4_pure.json.gz#91:28,79,77,44'}: best score [1000000000, 0, 0] after 0 steps, 249 profiles, 0 f >= 1 states, DL13 failures 0 [0.0 s]
#   climb {'climb': 175, 'pos': 175, 'start': 'k4_certs_4_pure.json.gz#78:56,184,118,58'}: best score [1000000000, 0, 0] after 0 steps, 248 profiles, 0 f >= 1 states, DL13 failures 0 [0.0 s]
#   climb {'climb': 176, 'pos': 176, 'start': 'k4_certs_4_pure.json.gz#76:46,230,26,17'}: best score [3, 0, 0] after 17 steps, 945 profiles, 498 f >= 1 states, DL13 failures 0 [0.1 s]
#   climb {'climb': 177, 'pos': 177, 'start': 'k4_certs_4_pure.json.gz#90:146,7,260,23'}: best score [2, 0, 0] after 25 steps, 1330 profiles, 404 f >= 1 states, DL13 failures 0 [0.1 s]
#   climb {'climb': 178, 'pos': 178, 'start': 'k4_certs_4_pure.json.gz#69:4,41,14,188'}: best score [1000000000, 0, 0] after 0 steps, 245 profiles, 0 f >= 1 states, DL13 failures 0 [0.0 s]
#   climb {'climb': 179, 'pos': 179, 'start': 'k4_certs_4_pure.json.gz#102:113,83,44,8'}: best score [3, 0, 0] after 33 steps, 1679 profiles, 413 f >= 1 states, DL13 failures 0 [0.2 s]
#   climb {'climb': 180, 'pos': 180, 'start': 'k4_certs_4_pure.json.gz#74:23,83,127,78'}: best score [3, 0, -6] after 17 steps, 957 profiles, 381 f >= 1 states, DL13 failures 0 [0.1 s]
#   climb {'climb': 181, 'pos': 181, 'start': 'k4_certs_4_pure.json.gz#84:38,130,213,87'}: best score [1000000000, 0, 0] after 0 steps, 248 profiles, 0 f >= 1 states, DL13 failures 0 [0.0 s]
#   climb {'climb': 182, 'pos': 182, 'start': 'k4_certs_4_pure.json.gz#93:192,148,44,189'}: best score [1000000000, 0, 0] after 0 steps, 250 profiles, 0 f >= 1 states, DL13 failures 0 [0.0 s]
#   climb {'climb': 183, 'pos': 183, 'start': 'k4_certs_4_pure.json.gz#115:145,80,151,200'}: best score [12, 0, 0] after 22 steps, 1130 profiles, 130 f >= 1 states, DL13 failures 0 [0.1 s]
#   climb {'climb': 184, 'pos': 184, 'start': 'k4_certs_4_pure.json.gz#78:40,36,107,109'}: best score [3, 0, 0] after 15 steps, 861 profiles, 141 f >= 1 states, DL13 failures 0 [0.1 s]
#   climb {'climb': 185, 'pos': 185, 'start': 'k4_certs_4_pure.json.gz#77:81,46,252,203'}: best score [1000000000, 0, 0] after 0 steps, 252 profiles, 0 f >= 1 states, DL13 failures 0 [0.0 s]
#   climb {'climb': 186, 'pos': 186, 'start': 'k4_certs_4_pure.json.gz#74:113,158,82,251'}: best score [5, 0, -10] after 17 steps, 963 profiles, 892 f >= 1 states, DL13 failures 0 [0.1 s]
#   climb {'climb': 187, 'pos': 187, 'start': 'k4_certs_4_pure.json.gz#87:20,83,53,63'}: best score [1000000000, 0, 0] after 0 steps, 249 profiles, 0 f >= 1 states, DL13 failures 0 [0.0 s]
#   climb {'climb': 188, 'pos': 188, 'start': 'k4_certs_4_pure.json.gz#84:20,94,202,283'}: best score [1000000000, 0, 0] after 0 steps, 244 profiles, 0 f >= 1 states, DL13 failures 0 [0.0 s]
#   climb {'climb': 189, 'pos': 189, 'start': 'k4_certs_4_pure.json.gz#78:3,156,10,85'}: best score [1000000000, 0, 0] after 0 steps, 248 profiles, 0 f >= 1 states, DL13 failures 0 [0.0 s]
#   climb {'climb': 190, 'pos': 190, 'start': 'k4_certs_4_pure.json.gz#68:112,138,102,106'}: best score [1000000000, 0, 0] after 0 steps, 242 profiles, 0 f >= 1 states, DL13 failures 0 [0.0 s]
#   climb {'climb': 191, 'pos': 191, 'start': 'k4_certs_4_pure.json.gz#79:20,97,46,208'}: best score [1000000000, 0, 0] after 0 steps, 249 profiles, 0 f >= 1 states, DL13 failures 0 [0.0 s]
#   climb {'climb': 192, 'pos': 192, 'start': 'k4_certs_4_pure.json.gz#85:6,25,244,245'}: best score [1000000000, 0, 0] after 0 steps, 246 profiles, 0 f >= 1 states, DL13 failures 0 [0.0 s]
#   climb {'climb': 193, 'pos': 193, 'start': 'k4_certs_4_pure.json.gz#51:78,43,75,145'}: best score [1000000000, 0, 0] after 0 steps, 243 profiles, 0 f >= 1 states, DL13 failures 0 [0.0 s]
#   climb {'climb': 194, 'pos': 194, 'start': 'k4_certs_4_pure.json.gz#120:50,155,227,230'}: best score [1000000000, 0, 0] after 0 steps, 249 profiles, 0 f >= 1 states, DL13 failures 0 [0.0 s]
#   climb {'climb': 195, 'pos': 195, 'start': 'k4_certs_4_pure.json.gz#26:10,142,119,45'}: best score [0, 0, -4] after 8 steps, 598 profiles, 240 f >= 1 states, DL13 failures 6 [0.0 s]
#   DL13 FAILS in climb {'climb': 195, 'pos': 195, 'start': 'k4_certs_4_pure.json.gz#26:10,142,119,45'}: {'tag': 195, 'prof': [39, 14, 72, 27], 'f': 3, 'omega': 2, 'nmin': 18, 'B': [[5], [4], [3], [6]], 'def': 1, 'k': 2, 'nn': 2, 'pm': 0, 'sig': 'G', 'br': 'none', 'r13d': -1, 'dT1': -1, 'dT3': -1, 't1types': [], 't3types': [], 'frozen': [0, 1, 3], 'J': [0, 1, 2], 'own': [[2, 1]], 'exp': [[2, 0, 'G']], 'better': [{'B': [[2], [4], [6], [5]], 'def': 0}, {'B': [[2], [5], [4], [6]], 'def': 0}, {'B': [[2], [5], [6], [4]], 'def': 0}, {'B': [[2], [6], [4], [5]], 'def': 0}, {'B': [[0, 2], [4], [6], [5]], 'def': 0}, {'B': [[0, 2], [5], [4], [6]], 'def': 0}, {'B': [[0, 2], [5], [6], [4]], 'def': 0}, {'B': [[0, 2], [6], [4], [5]], 'def': 0}, {'B': [[6], [1], [4], [5]], 'def': 0}, {'B': [[6], [4], [3], [5]], 'def': 0}, {'B': [[6], [5], [3], [4]], 'def': 0}, {'B': [[6], [5], [4], [3]], 'def': 0}], 'vals': [[3, 4, 6, 8], [2, 4, 8, 3], [3, 10, 2, 6], [2, 7, 8, 4]], 'core': {'key': {'climb': 195, 'pos': 195, 'start': 'k4_certs_4_pure.json.gz#26:10,142,119,45'}, 'm': 7, 'sets': [[0, 2, 5, 6], [1, 4, 5, 6], [3, 4, 5, 6], [3, 4, 5, 6]]}}
#   climb {'climb': 196, 'pos': 196, 'start': 'k4_certs_4_pure.json.gz#88:21,2,119,138'}: best score [1000000000, 0, 0] after 0 steps, 250 profiles, 0 f >= 1 states, DL13 failures 0 [0.0 s]
#   climb {'climb': 197, 'pos': 197, 'start': 'k4_certs_4_pure.json.gz#82:127,20,29,155'}: best score [3, 0, -4] after 23 steps, 1218 profiles, 359 f >= 1 states, DL13 failures 0 [0.2 s]
#   climb {'climb': 198, 'pos': 198, 'start': 'k4_certs_4_pure.json.gz#70:134,65,183,64'}: best score [6, 0, 0] after 15 steps, 880 profiles, 246 f >= 1 states, DL13 failures 0 [0.1 s]
#   climb {'climb': 199, 'pos': 199, 'start': 'k4_certs_4_pure.json.gz#27:66,72,80,199'}: best score [1000000000, 0, 0] after 0 steps, 250 profiles, 0 f >= 1 states, DL13 failures 0 [0.0 s]
#   climb {'climb': 200, 'pos': 200, 'start': 'k4_certs_4_pure.json.gz#75:28,26,91,49'}: best score [1000000000, 0, 0] after 0 steps, 250 profiles, 0 f >= 1 states, DL13 failures 0 [0.0 s]
#   climb {'climb': 201, 'pos': 201, 'start': 'k4_certs_4_pure.json.gz#65:127,21,9,8'}: best score [1000000000, 0, 0] after 0 steps, 254 profiles, 0 f >= 1 states, DL13 failures 0 [0.0 s]
#   climb {'climb': 202, 'pos': 202, 'start': 'k4_certs_4_pure.json.gz#81:75,25,21,134'}: best score [1000000000, 0, 0] after 0 steps, 250 profiles, 0 f >= 1 states, DL13 failures 0 [0.0 s]
#   climb {'climb': 203, 'pos': 203, 'start': 'k4_certs_4_pure.json.gz#68:15,101,6,102'}: best score [3, 0, 0] after 15 steps, 863 profiles, 635 f >= 1 states, DL13 failures 0 [0.1 s]
#   climb {'climb': 204, 'pos': 204, 'start': 'k4_certs_4_pure.json.gz#63:102,268,12,79'}: best score [9, 0, 0] after 22 steps, 1182 profiles, 224 f >= 1 states, DL13 failures 0 [0.1 s]
#   climb {'climb': 205, 'pos': 205, 'start': 'k4_certs_4_pure.json.gz#78:53,0,105,128'}: best score [1000000000, 0, 0] after 0 steps, 246 profiles, 0 f >= 1 states, DL13 failures 0 [0.0 s]
#   climb {'climb': 206, 'pos': 206, 'start': 'k4_certs_4_pure.json.gz#70:110,112,109,93'}: best score [1000000000, 0, 0] after 0 steps, 246 profiles, 0 f >= 1 states, DL13 failures 0 [0.0 s]
#   climb {'climb': 207, 'pos': 207, 'start': 'k4_certs_4_pure.json.gz#74:130,146,42,19'}: best score [3, 0, -3] after 22 steps, 1156 profiles, 416 f >= 1 states, DL13 failures 0 [0.1 s]
#   climb {'climb': 208, 'pos': 208, 'start': 'k4_certs_4_pure.json.gz#70:35,126,37,68'}: best score [1000000000, 0, 0] after 0 steps, 249 profiles, 0 f >= 1 states, DL13 failures 0 [0.0 s]
#   climb {'climb': 209, 'pos': 209, 'start': 'k4_certs_4_pure.json.gz#82:104,86,65,203'}: best score [1000000000, 0, 0] after 0 steps, 250 profiles, 0 f >= 1 states, DL13 failures 0 [0.0 s]
#   climb {'climb': 210, 'pos': 210, 'start': 'k4_certs_4_pure.json.gz#99:110,150,26,148'}: best score [2, 0, 0] after 31 steps, 1568 profiles, 626 f >= 1 states, DL13 failures 0 [0.2 s]
#   climb {'climb': 211, 'pos': 211, 'start': 'k4_certs_4_pure.json.gz#86:51,171,189,17'}: best score [1000000000, 0, 0] after 0 steps, 250 profiles, 0 f >= 1 states, DL13 failures 0 [0.0 s]
#   climb {'climb': 212, 'pos': 212, 'start': 'k4_certs_4_pure.json.gz#85:111,23,82,196'}: best score [1000000000, 0, 0] after 0 steps, 245 profiles, 0 f >= 1 states, DL13 failures 0 [0.0 s]
#   climb {'climb': 213, 'pos': 213, 'start': 'k4_certs_4_pure.json.gz#28:128,121,105,206'}: best score [1000000000, 0, 0] after 0 steps, 248 profiles, 0 f >= 1 states, DL13 failures 0 [0.0 s]
#   climb {'climb': 214, 'pos': 214, 'start': 'k4_certs_4_pure.json.gz#90:60,189,4,281'}: best score [2, 0, 0] after 36 steps, 1773 profiles, 312 f >= 1 states, DL13 failures 0 [0.2 s]
#   climb {'climb': 215, 'pos': 215, 'start': 'k4_certs_4_pure.json.gz#62:5,148,87,29'}: best score [1000000000, 0, 0] after 0 steps, 250 profiles, 0 f >= 1 states, DL13 failures 0 [0.0 s]
#   climb {'climb': 216, 'pos': 216, 'start': 'k4_certs_4_pure.json.gz#110:84,45,241,43'}: best score [9, 0, 0] after 16 steps, 929 profiles, 220 f >= 1 states, DL13 failures 0 [0.1 s]
#   climb {'climb': 217, 'pos': 217, 'start': 'k4_certs_4_pure.json.gz#68:37,65,3,272'}: best score [2, 0, -6] after 25 steps, 1301 profiles, 698 f >= 1 states, DL13 failures 0 [0.1 s]
#   climb {'climb': 218, 'pos': 218, 'start': 'k4_certs_4_pure.json.gz#98:144,46,1,191'}: best score [1000000000, 0, 0] after 0 steps, 250 profiles, 0 f >= 1 states, DL13 failures 0 [0.0 s]
#   climb {'climb': 219, 'pos': 219, 'start': 'k4_certs_4_pure.json.gz#93:42,43,91,111'}: best score [1, -2, -2] after 22 steps, 1112 profiles, 966 f >= 1 states, DL13 failures 0 [0.1 s]
#   climb {'climb': 220, 'pos': 220, 'start': 'k4_certs_4_pure.json.gz#70:51,11,182,26'}: best score [6, 0, 0] after 31 steps, 1575 profiles, 373 f >= 1 states, DL13 failures 0 [0.2 s]
#   climb {'climb': 221, 'pos': 221, 'start': 'k4_certs_4_pure.json.gz#23:22,119,222,211'}: best score [1000000000, 0, 0] after 0 steps, 251 profiles, 0 f >= 1 states, DL13 failures 0 [0.0 s]
#   climb {'climb': 222, 'pos': 222, 'start': 'k4_certs_4_pure.json.gz#72:64,132,126,164'}: best score [1000000000, 0, 0] after 0 steps, 241 profiles, 0 f >= 1 states, DL13 failures 0 [0.0 s]
#   climb {'climb': 223, 'pos': 223, 'start': 'k4_certs_4_pure.json.gz#73:15,89,99,50'}: best score [4, 0, -6] after 15 steps, 905 profiles, 495 f >= 1 states, DL13 failures 0 [0.1 s]
#   climb {'climb': 224, 'pos': 224, 'start': 'k4_certs_4_pure.json.gz#28:5,157,103,15'}: best score [1000000000, 0, 0] after 0 steps, 248 profiles, 0 f >= 1 states, DL13 failures 0 [0.0 s]
#   climb {'climb': 225, 'pos': 225, 'start': 'k4_certs_4_pure.json.gz#87:144,28,11,67'}: best score [2, 0, -6] after 19 steps, 1096 profiles, 333 f >= 1 states, DL13 failures 0 [0.1 s]
#   climb {'climb': 226, 'pos': 226, 'start': 'k4_certs_4_pure.json.gz#71:62,145,66,63'}: best score [1000000000, 0, 0] after 0 steps, 246 profiles, 0 f >= 1 states, DL13 failures 0 [0.0 s]
#   climb {'climb': 227, 'pos': 227, 'start': 'k4_certs_4_pure.json.gz#102:72,243,213,30'}: best score [4, 0, 0] after 19 steps, 1072 profiles, 194 f >= 1 states, DL13 failures 0 [0.1 s]
#   climb {'climb': 228, 'pos': 228, 'start': 'k4_certs_4_pure.json.gz#94:143,112,104,195'}: best score [1000000000, 0, 0] after 0 steps, 248 profiles, 0 f >= 1 states, DL13 failures 0 [0.0 s]
#   climb {'climb': 229, 'pos': 229, 'start': 'k4_certs_4_pure.json.gz#70:73,18,195,10'}: best score [6, 0, 0] after 16 steps, 925 profiles, 293 f >= 1 states, DL13 failures 0 [0.1 s]
#   climb {'climb': 230, 'pos': 230, 'start': 'k4_certs_4_pure.json.gz#71:124,39,148,152'}: best score [1000000000, 0, 0] after 0 steps, 250 profiles, 0 f >= 1 states, DL13 failures 0 [0.0 s]
#   climb {'climb': 231, 'pos': 231, 'start': 'k4_certs_4_pure.json.gz#28:10,56,82,178'}: best score [1000000000, 0, 0] after 0 steps, 248 profiles, 0 f >= 1 states, DL13 failures 0 [0.0 s]
#   climb {'climb': 232, 'pos': 232, 'start': 'k4_certs_4_pure.json.gz#93:73,16,48,27'}: best score [1000000000, 0, 0] after 0 steps, 251 profiles, 0 f >= 1 states, DL13 failures 0 [0.0 s]
#   climb {'climb': 233, 'pos': 233, 'start': 'k4_certs_4_pure.json.gz#46:46,211,267,93'}: best score [1000000000, 0, 0] after 0 steps, 249 profiles, 0 f >= 1 states, DL13 failures 0 [0.0 s]
#   climb {'climb': 234, 'pos': 234, 'start': 'k4_certs_4_pure.json.gz#22:35,235,272,85'}: best score [1000000000, 0, 0] after 0 steps, 246 profiles, 0 f >= 1 states, DL13 failures 0 [0.0 s]
#   climb {'climb': 235, 'pos': 235, 'start': 'k4_certs_4_pure.json.gz#68:23,16,142,173'}: best score [1000000000, 0, 0] after 0 steps, 246 profiles, 0 f >= 1 states, DL13 failures 0 [0.0 s]
#   climb {'climb': 236, 'pos': 236, 'start': 'k4_certs_4_pure.json.gz#67:76,31,105,264'}: best score [1000000000, 0, 0] after 0 steps, 249 profiles, 0 f >= 1 states, DL13 failures 0 [0.0 s]
#   climb {'climb': 237, 'pos': 237, 'start': 'k4_certs_4_pure.json.gz#120:69,45,219,262'}: best score [1000000000, 0, 0] after 0 steps, 252 profiles, 0 f >= 1 states, DL13 failures 0 [0.0 s]
#   climb {'climb': 238, 'pos': 238, 'start': 'k4_certs_4_pure.json.gz#64:102,227,122,34'}: best score [1000000000, 0, 0] after 0 steps, 246 profiles, 0 f >= 1 states, DL13 failures 0 [0.0 s]
#   climb {'climb': 239, 'pos': 239, 'start': 'k4_certs_4_pure.json.gz#69:2,69,153,137'}: best score [1000000000, 0, 0] after 0 steps, 246 profiles, 0 f >= 1 states, DL13 failures 0 [0.0 s]
#   climb {'climb': 240, 'pos': 240, 'start': 'k4_certs_4_pure.json.gz#71:23,11,149,4'}: best score [2, 0, -9] after 20 steps, 1064 profiles, 578 f >= 1 states, DL13 failures 0 [0.1 s]
#   climb {'climb': 241, 'pos': 241, 'start': 'k4_certs_4_pure.json.gz#74:49,88,56,0'}: best score [1000000000, 0, 0] after 0 steps, 251 profiles, 0 f >= 1 states, DL13 failures 0 [0.0 s]
#   climb {'climb': 242, 'pos': 242, 'start': 'k4_certs_4_pure.json.gz#92:241,221,20,46'}: best score [6, 0, 0] after 35 steps, 1693 profiles, 139 f >= 1 states, DL13 failures 0 [0.2 s]
#   climb {'climb': 243, 'pos': 243, 'start': 'k4_certs_4_pure.json.gz#87:42,54,92,231'}: best score [1000000000, 0, 0] after 0 steps, 249 profiles, 0 f >= 1 states, DL13 failures 0 [0.0 s]
#   climb {'climb': 244, 'pos': 244, 'start': 'k4_certs_4_pure.json.gz#66:6,264,232,3'}: best score [1000000000, 0, 0] after 0 steps, 248 profiles, 0 f >= 1 states, DL13 failures 0 [0.0 s]
#   climb {'climb': 245, 'pos': 245, 'start': 'k4_certs_4_pure.json.gz#115:131,132,44,60'}: best score [2, 0, 0] after 20 steps, 1136 profiles, 178 f >= 1 states, DL13 failures 0 [0.1 s]
#   climb {'climb': 246, 'pos': 246, 'start': 'k4_certs_4_pure.json.gz#70:104,7,110,142'}: best score [6, 0, 0] after 15 steps, 898 profiles, 210 f >= 1 states, DL13 failures 0 [0.1 s]
#   climb {'climb': 247, 'pos': 247, 'start': 'k4_certs_4_pure.json.gz#100:7,158,150,269'}: best score [1000000000, 0, 0] after 0 steps, 252 profiles, 0 f >= 1 states, DL13 failures 0 [0.0 s]
#   climb {'climb': 248, 'pos': 248, 'start': 'k4_certs_4_pure.json.gz#103:91,161,150,180'}: best score [1000000000, 0, 0] after 0 steps, 255 profiles, 0 f >= 1 states, DL13 failures 0 [0.0 s]
#   climb {'climb': 249, 'pos': 249, 'start': 'k4_certs_4_pure.json.gz#68:60,6,11,62'}: best score [4, 0, -1] after 21 steps, 1118 profiles, 535 f >= 1 states, DL13 failures 0 [0.1 s]
#   climb {'climb': 250, 'pos': 250, 'start': 'k4_certs_4_pure.json.gz#89:172,34,29,171'}: best score [1000000000, 0, 0] after 0 steps, 251 profiles, 0 f >= 1 states, DL13 failures 0 [0.0 s]
#   climb {'climb': 251, 'pos': 251, 'start': 'k4_certs_4_pure.json.gz#93:148,9,146,38'}: best score [1000000000, 0, 0] after 0 steps, 242 profiles, 0 f >= 1 states, DL13 failures 0 [0.0 s]
#   climb {'climb': 252, 'pos': 252, 'start': 'k4_certs_4_pure.json.gz#98:41,180,197,171'}: best score [1000000000, 0, 0] after 0 steps, 249 profiles, 0 f >= 1 states, DL13 failures 0 [0.0 s]
#   climb {'climb': 253, 'pos': 253, 'start': 'k4_certs_4_pure.json.gz#93:45,1,153,27'}: best score [1000000000, 0, 0] after 0 steps, 248 profiles, 0 f >= 1 states, DL13 failures 0 [0.0 s]
#   climb {'climb': 254, 'pos': 254, 'start': 'k4_certs_4_pure.json.gz#111:112,5,277,246'}: best score [1000000000, 0, 0] after 0 steps, 250 profiles, 0 f >= 1 states, DL13 failures 0 [0.0 s]
#   climb {'climb': 255, 'pos': 255, 'start': 'k4_certs_4_pure.json.gz#64:27,164,180,180'}: best score [1000000000, 0, 0] after 0 steps, 246 profiles, 0 f >= 1 states, DL13 failures 0 [0.0 s]
#   climb {'climb': 256, 'pos': 256, 'start': 'k4_certs_4_pure.json.gz#74:28,76,89,48'}: best score [1000000000, 0, 0] after 0 steps, 250 profiles, 0 f >= 1 states, DL13 failures 0 [0.0 s]
#   climb {'climb': 257, 'pos': 257, 'start': 'k4_certs_4_pure.json.gz#71:17,153,3,90'}: best score [1000000000, 0, 0] after 0 steps, 248 profiles, 0 f >= 1 states, DL13 failures 0 [0.0 s]
#   climb {'climb': 258, 'pos': 258, 'start': 'k4_certs_4_pure.json.gz#89:279,249,88,43'}: best score [1000000000, 0, 0] after 0 steps, 247 profiles, 0 f >= 1 states, DL13 failures 0 [0.0 s]
#   climb {'climb': 259, 'pos': 259, 'start': 'k4_certs_4_pure.json.gz#68:104,4,117,29'}: best score [1000000000, 0, 0] after 0 steps, 245 profiles, 0 f >= 1 states, DL13 failures 0 [0.0 s]
#   climb {'climb': 260, 'pos': 260, 'start': 'k4_certs_4_pure.json.gz#28:12,256,174,51'}: best score [1000000000, 0, 0] after 0 steps, 250 profiles, 0 f >= 1 states, DL13 failures 0 [0.0 s]
#   climb {'climb': 261, 'pos': 261, 'start': 'k4_certs_4_pure.json.gz#86:69,107,155,87'}: best score [2, 0, -9] after 26 steps, 1302 profiles, 853 f >= 1 states, DL13 failures 0 [0.1 s]
#   climb {'climb': 262, 'pos': 262, 'start': 'k4_certs_4_pure.json.gz#110:88,16,43,49'}: best score [3, 0, 0] after 16 steps, 950 profiles, 365 f >= 1 states, DL13 failures 0 [0.1 s]
#   climb {'climb': 263, 'pos': 263, 'start': 'k4_certs_4_pure.json.gz#107:67,29,218,51'}: best score [1000000000, 0, 0] after 0 steps, 252 profiles, 0 f >= 1 states, DL13 failures 0 [0.0 s]
#   climb {'climb': 264, 'pos': 264, 'start': 'k4_certs_4_pure.json.gz#37:87,50,138,82'}: best score [1000000000, 0, 0] after 0 steps, 247 profiles, 0 f >= 1 states, DL13 failures 0 [0.0 s]
#   climb {'climb': 265, 'pos': 265, 'start': 'k4_certs_4_pure.json.gz#82:91,0,131,56'}: best score [1000000000, 0, 0] after 0 steps, 249 profiles, 0 f >= 1 states, DL13 failures 0 [0.0 s]
#   climb {'climb': 266, 'pos': 266, 'start': 'k4_certs_4_pure.json.gz#90:190,79,26,262'}: best score [1000000000, 0, 0] after 0 steps, 251 profiles, 0 f >= 1 states, DL13 failures 0 [0.0 s]
#   climb {'climb': 267, 'pos': 267, 'start': 'k4_certs_4_pure.json.gz#70:35,2,178,68'}: best score [6, 0, 0] after 17 steps, 969 profiles, 186 f >= 1 states, DL13 failures 0 [0.1 s]
#   climb {'climb': 268, 'pos': 268, 'start': 'k4_certs_4_pure.json.gz#118:150,60,167,88'}: best score [8, 0, -9] after 15 steps, 907 profiles, 443 f >= 1 states, DL13 failures 0 [0.1 s]
#   climb {'climb': 269, 'pos': 269, 'start': 'k4_certs_4_pure.json.gz#74:102,28,247,37'}: best score [6, 0, 0] after 18 steps, 1016 profiles, 123 f >= 1 states, DL13 failures 0 [0.1 s]
#   climb {'climb': 270, 'pos': 270, 'start': 'k4_certs_4_pure.json.gz#119:158,148,100,7'}: best score [3, 0, 0] after 23 steps, 1256 profiles, 199 f >= 1 states, DL13 failures 0 [0.1 s]
#   climb {'climb': 271, 'pos': 271, 'start': 'k4_certs_4_pure.json.gz#80:6,235,42,98'}: best score [1000000000, 0, 0] after 0 steps, 245 profiles, 0 f >= 1 states, DL13 failures 0 [0.0 s]
#   climb {'climb': 272, 'pos': 272, 'start': 'k4_certs_4_pure.json.gz#62:10,134,0,244'}: best score [1000000000, 0, 0] after 0 steps, 245 profiles, 0 f >= 1 states, DL13 failures 0 [0.0 s]
#   climb {'climb': 273, 'pos': 273, 'start': 'k4_certs_4_pure.json.gz#41:190,53,78,83'}: best score [1000000000, 0, 0] after 0 steps, 245 profiles, 0 f >= 1 states, DL13 failures 0 [0.0 s]
#   climb {'climb': 274, 'pos': 274, 'start': 'k4_certs_4_pure.json.gz#82:106,86,126,83'}: best score [1000000000, 0, 0] after 0 steps, 252 profiles, 0 f >= 1 states, DL13 failures 0 [0.0 s]
#   climb {'climb': 275, 'pos': 275, 'start': 'k4_certs_4_pure.json.gz#87:81,124,12,54'}: best score [1000000000, 0, 0] after 0 steps, 245 profiles, 0 f >= 1 states, DL13 failures 0 [0.0 s]
#   climb {'climb': 276, 'pos': 276, 'start': 'k4_certs_4_pure.json.gz#70:37,90,180,250'}: best score [6, 0, 0] after 17 steps, 966 profiles, 209 f >= 1 states, DL13 failures 0 [0.1 s]
#   climb {'climb': 277, 'pos': 277, 'start': 'k4_certs_4_pure.json.gz#72:74,66,147,259'}: best score [1000000000, 0, 0] after 0 steps, 253 profiles, 0 f >= 1 states, DL13 failures 0 [0.0 s]
#   climb {'climb': 278, 'pos': 278, 'start': 'k4_certs_4_pure.json.gz#82:124,115,18,59'}: best score [1000000000, 0, 0] after 0 steps, 253 profiles, 0 f >= 1 states, DL13 failures 0 [0.0 s]
#   climb {'climb': 279, 'pos': 279, 'start': 'k4_certs_4_pure.json.gz#72:24,182,183,130'}: best score [1000000000, 0, 0] after 0 steps, 250 profiles, 0 f >= 1 states, DL13 failures 0 [0.0 s]
#   climb {'climb': 280, 'pos': 280, 'start': 'k4_certs_4_pure.json.gz#69:113,125,196,88'}: best score [1000000000, 0, 0] after 0 steps, 247 profiles, 0 f >= 1 states, DL13 failures 0 [0.0 s]
#   climb {'climb': 281, 'pos': 281, 'start': 'k4_certs_4_pure.json.gz#68:18,122,147,87'}: best score [4, 0, -1] after 17 steps, 942 profiles, 423 f >= 1 states, DL13 failures 0 [0.1 s]
#   climb {'climb': 282, 'pos': 282, 'start': 'k4_certs_4_pure.json.gz#79:64,21,178,17'}: best score [6, 0, 0] after 18 steps, 1022 profiles, 129 f >= 1 states, DL13 failures 0 [0.1 s]
#   climb {'climb': 283, 'pos': 283, 'start': 'k4_certs_4_pure.json.gz#72:77,73,20,268'}: best score [8, 0, 0] after 25 steps, 1294 profiles, 293 f >= 1 states, DL13 failures 0 [0.1 s]
#   climb {'climb': 284, 'pos': 284, 'start': 'k4_certs_4_pure.json.gz#69:72,23,241,247'}: best score [6, 0, 0] after 18 steps, 994 profiles, 415 f >= 1 states, DL13 failures 0 [0.1 s]
#   climb {'climb': 285, 'pos': 285, 'start': 'k4_certs_4_pure.json.gz#62:83,149,154,29'}: best score [1000000000, 0, 0] after 0 steps, 249 profiles, 0 f >= 1 states, DL13 failures 0 [0.0 s]
#   climb {'climb': 286, 'pos': 286, 'start': 'k4_certs_4_pure.json.gz#68:15,19,263,189'}: best score [3, 0, 0] after 18 steps, 992 profiles, 728 f >= 1 states, DL13 failures 0 [0.1 s]
#   climb {'climb': 287, 'pos': 287, 'start': 'k4_certs_4_pure.json.gz#101:170,208,88,30'}: best score [1000000000, 0, 0] after 0 steps, 249 profiles, 0 f >= 1 states, DL13 failures 0 [0.0 s]
#   climb {'climb': 288, 'pos': 288, 'start': 'k4_certs_4_pure.json.gz#75:130,146,4,54'}: best score [1000000000, 0, 0] after 0 steps, 246 profiles, 0 f >= 1 states, DL13 failures 0 [0.0 s]
#   climb {'climb': 289, 'pos': 289, 'start': 'k4_certs_4_pure.json.gz#101:79,26,158,7'}: best score [1000000000, 0, 0] after 0 steps, 250 profiles, 0 f >= 1 states, DL13 failures 0 [0.0 s]
#   climb {'climb': 290, 'pos': 290, 'start': 'k4_certs_4_pure.json.gz#80:43,287,42,221'}: best score [8, 0, -6] after 20 steps, 1055 profiles, 234 f >= 1 states, DL13 failures 0 [0.1 s]
#   climb {'climb': 291, 'pos': 291, 'start': 'k4_certs_4_pure.json.gz#111:8,10,67,204'}: best score [1000000000, 0, 0] after 0 steps, 245 profiles, 0 f >= 1 states, DL13 failures 0 [0.0 s]
#   climb {'climb': 292, 'pos': 292, 'start': 'k4_certs_4_pure.json.gz#83:53,146,22,124'}: best score [4, 0, -11] after 27 steps, 1337 profiles, 486 f >= 1 states, DL13 failures 0 [0.2 s]
#   climb {'climb': 293, 'pos': 293, 'start': 'k4_certs_4_pure.json.gz#83:26,80,58,156'}: best score [1000000000, 0, 0] after 0 steps, 249 profiles, 0 f >= 1 states, DL13 failures 0 [0.0 s]
#   climb {'climb': 294, 'pos': 294, 'start': 'k4_certs_4_pure.json.gz#70:9,16,40,47'}: best score [6, 0, 0] after 18 steps, 994 profiles, 248 f >= 1 states, DL13 failures 0 [0.1 s]
#   climb {'climb': 295, 'pos': 295, 'start': 'k4_certs_4_pure.json.gz#72:106,62,128,59'}: best score [1000000000, 0, 0] after 0 steps, 253 profiles, 0 f >= 1 states, DL13 failures 0 [0.0 s]
#   climb {'climb': 296, 'pos': 296, 'start': 'k4_certs_4_pure.json.gz#68:8,69,189,185'}: best score [2, 0, -6] after 21 steps, 1113 profiles, 376 f >= 1 states, DL13 failures 0 [0.1 s]
#   climb {'climb': 297, 'pos': 297, 'start': 'k4_certs_4_pure.json.gz#73:10,17,82,105'}: best score [2, 0, -6] after 19 steps, 1057 profiles, 226 f >= 1 states, DL13 failures 0 [0.1 s]
#   climb {'climb': 298, 'pos': 298, 'start': 'k4_certs_4_pure.json.gz#101:110,92,94,47'}: best score [1000000000, 0, 0] after 0 steps, 252 profiles, 0 f >= 1 states, DL13 failures 0 [0.0 s]
#   climb {'climb': 299, 'pos': 299, 'start': 'k4_certs_4_pure.json.gz#101:42,65,18,164'}: best score [2, 0, 0] after 41 steps, 1749 profiles, 526 f >= 1 states, DL13 failures 0 [0.2 s]
#   climb {'climb': 300, 'pos': 300, 'start': 'k4_certs_4_pure.json.gz#56:227,251,6,51'}: best score [10, 0, -2] after 30 steps, 1528 profiles, 117 f >= 1 states, DL13 failures 0 [0.1 s]
#   climb {'climb': 301, 'pos': 301, 'start': 'k4_certs_4_pure.json.gz#100:100,146,48,43'}: best score [7, 0, 0] after 22 steps, 1195 profiles, 508 f >= 1 states, DL13 failures 0 [0.1 s]
#   climb {'climb': 302, 'pos': 302, 'start': 'k4_certs_4_pure.json.gz#118:67,226,188,108'}: best score [1, 0, 0] after 25 steps, 1278 profiles, 187 f >= 1 states, DL13 failures 0 [0.1 s]
#   climb {'climb': 303, 'pos': 303, 'start': 'k4_certs_4_pure.json.gz#24:35,218,286,108'}: best score [3, 0, -6] after 15 steps, 881 profiles, 300 f >= 1 states, DL13 failures 0 [0.1 s]
#   climb {'climb': 304, 'pos': 304, 'start': 'k4_certs_4_pure.json.gz#66:23,48,187,13'}: best score [2, 0, -5] after 17 steps, 967 profiles, 417 f >= 1 states, DL13 failures 0 [0.1 s]
#   climb {'climb': 305, 'pos': 305, 'start': 'k4_certs_4_pure.json.gz#66:40,277,35,84'}: best score [1000000000, 0, 0] after 0 steps, 246 profiles, 0 f >= 1 states, DL13 failures 0 [0.0 s]
#   climb {'climb': 306, 'pos': 306, 'start': 'k4_certs_4_pure.json.gz#120:20,155,195,191'}: best score [2, 0, 0] after 23 steps, 1250 profiles, 194 f >= 1 states, DL13 failures 0 [0.1 s]
#   climb {'climb': 307, 'pos': 307, 'start': 'k4_certs_4_pure.json.gz#71:29,124,95,206'}: best score [1000000000, 0, 0] after 0 steps, 248 profiles, 0 f >= 1 states, DL13 failures 0 [0.0 s]
#   climb {'climb': 308, 'pos': 308, 'start': 'k4_certs_4_pure.json.gz#87:64,167,59,81'}: best score [1000000000, 0, 0] after 0 steps, 250 profiles, 0 f >= 1 states, DL13 failures 0 [0.0 s]
#   climb {'climb': 309, 'pos': 309, 'start': 'k4_certs_4_pure.json.gz#68:21,26,23,230'}: best score [3, 0, 0] after 15 steps, 876 profiles, 668 f >= 1 states, DL13 failures 0 [0.1 s]
#   climb {'climb': 310, 'pos': 310, 'start': 'k4_certs_4_pure.json.gz#75:26,45,98,149'}: best score [7, 0, -1] after 24 steps, 1227 profiles, 144 f >= 1 states, DL13 failures 0 [0.1 s]
#   climb {'climb': 311, 'pos': 311, 'start': 'k4_certs_4_pure.json.gz#96:121,70,8,74'}: best score [3, 0, 0] after 21 steps, 1148 profiles, 235 f >= 1 states, DL13 failures 0 [0.1 s]
#   climb {'climb': 312, 'pos': 312, 'start': 'k4_certs_4_pure.json.gz#72:71,12,126,221'}: best score [8, 0, 0] after 45 steps, 2129 profiles, 473 f >= 1 states, DL13 failures 0 [0.2 s]
#   climb {'climb': 313, 'pos': 313, 'start': 'k4_certs_4_pure.json.gz#94:88,1,65,166'}: best score [3, 0, 0] after 24 steps, 1280 profiles, 245 f >= 1 states, DL13 failures 0 [0.2 s]
#   climb {'climb': 314, 'pos': 314, 'start': 'k4_certs_4_pure.json.gz#61:33,44,179,124'}: best score [1000000000, 0, 0] after 0 steps, 247 profiles, 0 f >= 1 states, DL13 failures 0 [0.0 s]
#   climb {'climb': 315, 'pos': 315, 'start': 'k4_certs_4_pure.json.gz#70:16,73,69,6'}: best score [1000000000, 0, 0] after 0 steps, 245 profiles, 0 f >= 1 states, DL13 failures 0 [0.0 s]
#   climb {'climb': 316, 'pos': 316, 'start': 'k4_certs_4_pure.json.gz#81:10,121,148,42'}: best score [1000000000, 0, 0] after 0 steps, 250 profiles, 0 f >= 1 states, DL13 failures 0 [0.0 s]
#   climb {'climb': 317, 'pos': 317, 'start': 'k4_certs_4_pure.json.gz#69:126,58,156,14'}: best score [1000000000, 0, 0] after 0 steps, 252 profiles, 0 f >= 1 states, DL13 failures 0 [0.0 s]
#   climb {'climb': 318, 'pos': 318, 'start': 'k4_certs_4_pure.json.gz#77:6,132,111,130'}: best score [4, 0, -12] after 17 steps, 974 profiles, 670 f >= 1 states, DL13 failures 0 [0.1 s]
#   climb {'climb': 319, 'pos': 319, 'start': 'k4_certs_4_pure.json.gz#105:1,46,264,88'}: best score [1000000000, 0, 0] after 0 steps, 252 profiles, 0 f >= 1 states, DL13 failures 0 [0.0 s]
#   climb {'climb': 320, 'pos': 320, 'start': 'k4_certs_4_pure.json.gz#78:28,20,177,55'}: best score [1000000000, 0, 0] after 0 steps, 246 profiles, 0 f >= 1 states, DL13 failures 0 [0.0 s]
#   climb {'climb': 321, 'pos': 321, 'start': 'k4_certs_4_pure.json.gz#67:13,149,84,81'}: best score [1000000000, 0, 0] after 0 steps, 252 profiles, 0 f >= 1 states, DL13 failures 0 [0.0 s]
#   climb {'climb': 322, 'pos': 322, 'start': 'k4_certs_4_pure.json.gz#95:228,72,158,182'}: best score [1000000000, 0, 0] after 0 steps, 251 profiles, 0 f >= 1 states, DL13 failures 0 [0.0 s]
#   climb {'climb': 323, 'pos': 323, 'start': 'k4_certs_4_pure.json.gz#68:69,112,44,127'}: best score [3, 0, 0] after 16 steps, 919 profiles, 408 f >= 1 states, DL13 failures 0 [0.1 s]
#   climb {'climb': 324, 'pos': 324, 'start': 'k4_certs_4_pure.json.gz#88:60,221,177,41'}: best score [1000000000, 0, 0] after 0 steps, 251 profiles, 0 f >= 1 states, DL13 failures 0 [0.0 s]
#   climb {'climb': 325, 'pos': 325, 'start': 'k4_certs_4_pure.json.gz#89:1,12,175,195'}: best score [1000000000, 0, 0] after 0 steps, 250 profiles, 0 f >= 1 states, DL13 failures 0 [0.0 s]
#   climb {'climb': 326, 'pos': 326, 'start': 'k4_certs_4_pure.json.gz#90:45,43,29,16'}: best score [9, 0, 0] after 15 steps, 916 profiles, 76 f >= 1 states, DL13 failures 0 [0.1 s]
#   climb {'climb': 327, 'pos': 327, 'start': 'k4_certs_4_pure.json.gz#83:124,135,42,13'}: best score [2, 0, -5] after 25 steps, 1302 profiles, 503 f >= 1 states, DL13 failures 0 [0.2 s]
#   climb {'climb': 328, 'pos': 328, 'start': 'k4_certs_4_pure.json.gz#64:112,142,148,154'}: best score [1000000000, 0, 0] after 0 steps, 247 profiles, 0 f >= 1 states, DL13 failures 0 [0.0 s]
#   climb {'climb': 329, 'pos': 329, 'start': 'k4_certs_4_pure.json.gz#68:121,63,245,27'}: best score [5, 0, 0] after 15 steps, 873 profiles, 493 f >= 1 states, DL13 failures 0 [0.1 s]
#   climb {'climb': 330, 'pos': 330, 'start': 'k4_certs_4_pure.json.gz#68:10,115,46,206'}: best score [1000000000, 0, 0] after 0 steps, 241 profiles, 0 f >= 1 states, DL13 failures 0 [0.0 s]
#   climb {'climb': 331, 'pos': 331, 'start': 'k4_certs_4_pure.json.gz#108:172,69,126,3'}: best score [1000000000, 0, 0] after 0 steps, 249 profiles, 0 f >= 1 states, DL13 failures 0 [0.0 s]
#   climb {'climb': 332, 'pos': 332, 'start': 'k4_certs_4_pure.json.gz#71:47,90,34,184'}: best score [1000000000, 0, 0] after 0 steps, 247 profiles, 0 f >= 1 states, DL13 failures 0 [0.0 s]
#   climb {'climb': 333, 'pos': 333, 'start': 'k4_certs_4_pure.json.gz#80:34,88,62,178'}: best score [1000000000, 0, 0] after 0 steps, 242 profiles, 0 f >= 1 states, DL13 failures 0 [0.0 s]
#   climb {'climb': 334, 'pos': 334, 'start': 'k4_certs_4_pure.json.gz#87:29,16,267,51'}: best score [1000000000, 0, 0] after 0 steps, 250 profiles, 0 f >= 1 states, DL13 failures 0 [0.0 s]
#   climb {'climb': 335, 'pos': 335, 'start': 'k4_certs_4_pure.json.gz#101:43,7,18,110'}: best score [2, 0, -11] after 22 steps, 1216 profiles, 968 f >= 1 states, DL13 failures 0 [0.1 s]
#   climb {'climb': 336, 'pos': 336, 'start': 'k4_certs_4_pure.json.gz#84:64,208,98,94'}: best score [1000000000, 0, 0] after 0 steps, 252 profiles, 0 f >= 1 states, DL13 failures 0 [0.0 s]
#   climb {'climb': 337, 'pos': 337, 'start': 'k4_certs_4_pure.json.gz#82:12,208,188,59'}: best score [1000000000, 0, 0] after 0 steps, 241 profiles, 0 f >= 1 states, DL13 failures 0 [0.0 s]
#   climb {'climb': 338, 'pos': 338, 'start': 'k4_certs_4_pure.json.gz#65:5,83,196,9'}: best score [1000000000, 0, 0] after 0 steps, 254 profiles, 0 f >= 1 states, DL13 failures 0 [0.0 s]
#   climb {'climb': 339, 'pos': 339, 'start': 'k4_certs_4_pure.json.gz#71:3,234,2,14'}: best score [1000000000, 0, 0] after 0 steps, 246 profiles, 0 f >= 1 states, DL13 failures 0 [0.0 s]
#   climb {'climb': 340, 'pos': 340, 'start': 'k4_certs_4_pure.json.gz#66:51,143,20,46'}: best score [3, 0, -1] after 17 steps, 969 profiles, 102 f >= 1 states, DL13 failures 0 [0.1 s]
#   climb {'climb': 341, 'pos': 341, 'start': 'k4_certs_4_pure.json.gz#98:14,2,187,82'}: best score [2, 0, -6] after 28 steps, 1444 profiles, 615 f >= 1 states, DL13 failures 0 [0.2 s]
#   climb {'climb': 342, 'pos': 342, 'start': 'k4_certs_4_pure.json.gz#45:22,54,271,158'}: best score [1000000000, 0, 0] after 0 steps, 249 profiles, 0 f >= 1 states, DL13 failures 0 [0.0 s]
#   climb {'climb': 343, 'pos': 343, 'start': 'k4_certs_4_pure.json.gz#83:104,147,7,102'}: best score [2, 0, -3] after 22 steps, 1148 profiles, 385 f >= 1 states, DL13 failures 0 [0.1 s]
#   climb {'climb': 344, 'pos': 344, 'start': 'k4_certs_4_pure.json.gz#90:20,104,61,15'}: best score [2, 0, 0] after 15 steps, 901 profiles, 330 f >= 1 states, DL13 failures 0 [0.1 s]
#   climb {'climb': 345, 'pos': 345, 'start': 'k4_certs_4_pure.json.gz#97:60,36,126,53'}: best score [5, 0, 0] after 20 steps, 1022 profiles, 79 f >= 1 states, DL13 failures 0 [0.1 s]
#   climb {'climb': 346, 'pos': 346, 'start': 'k4_certs_4_pure.json.gz#80:125,38,258,149'}: best score [1000000000, 0, 0] after 0 steps, 249 profiles, 0 f >= 1 states, DL13 failures 0 [0.0 s]
#   climb {'climb': 347, 'pos': 347, 'start': 'k4_certs_4_pure.json.gz#108:3,97,7,10'}: best score [1000000000, 0, 0] after 0 steps, 248 profiles, 0 f >= 1 states, DL13 failures 0 [0.0 s]
#   climb {'climb': 348, 'pos': 348, 'start': 'k4_certs_4_pure.json.gz#89:158,31,43,47'}: best score [1000000000, 0, 0] after 0 steps, 241 profiles, 0 f >= 1 states, DL13 failures 0 [0.0 s]
#   climb {'climb': 349, 'pos': 349, 'start': 'k4_certs_4_pure.json.gz#83:66,4,263,222'}: best score [1000000000, 0, 0] after 0 steps, 249 profiles, 0 f >= 1 states, DL13 failures 0 [0.0 s]
#   climb {'climb': 350, 'pos': 350, 'start': 'k4_certs_4_pure.json.gz#71:71,175,60,72'}: best score [1000000000, 0, 0] after 0 steps, 247 profiles, 0 f >= 1 states, DL13 failures 0 [0.0 s]
#   climb {'climb': 351, 'pos': 351, 'start': 'k4_certs_4_pure.json.gz#87:150,119,67,39'}: best score [1000000000, 0, 0] after 0 steps, 251 profiles, 0 f >= 1 states, DL13 failures 0 [0.0 s]
#   climb {'climb': 352, 'pos': 352, 'start': 'k4_certs_4_pure.json.gz#78:54,65,58,84'}: best score [1000000000, 0, 0] after 0 steps, 247 profiles, 0 f >= 1 states, DL13 failures 0 [0.0 s]
#   climb {'climb': 353, 'pos': 353, 'start': 'k4_certs_4_pure.json.gz#27:43,189,246,53'}: best score [1000000000, 0, 0] after 0 steps, 249 profiles, 0 f >= 1 states, DL13 failures 0 [0.0 s]
#   climb {'climb': 354, 'pos': 354, 'start': 'k4_certs_4_pure.json.gz#29:188,57,86,206'}: best score [1000000000, 0, 0] after 0 steps, 249 profiles, 0 f >= 1 states, DL13 failures 0 [0.0 s]
#   climb {'climb': 355, 'pos': 355, 'start': 'k4_certs_4_pure.json.gz#78:116,146,61,29'}: best score [1000000000, 0, 0] after 0 steps, 246 profiles, 0 f >= 1 states, DL13 failures 0 [0.0 s]
#   climb {'climb': 356, 'pos': 356, 'start': 'k4_certs_4_pure.json.gz#94:81,181,105,123'}: best score [1000000000, 0, 0] after 0 steps, 247 profiles, 0 f >= 1 states, DL13 failures 0 [0.0 s]
#   climb {'climb': 357, 'pos': 357, 'start': 'k4_certs_4_pure.json.gz#86:25,55,93,157'}: best score [1000000000, 0, 0] after 0 steps, 243 profiles, 0 f >= 1 states, DL13 failures 0 [0.0 s]
#   climb {'climb': 358, 'pos': 358, 'start': 'k4_certs_4_pure.json.gz#80:112,8,96,270'}: best score [1000000000, 0, 0] after 0 steps, 245 profiles, 0 f >= 1 states, DL13 failures 0 [0.0 s]
#   climb {'climb': 359, 'pos': 359, 'start': 'k4_certs_4_pure.json.gz#68:46,66,68,22'}: best score [2, 0, -6] after 42 steps, 1952 profiles, 929 f >= 1 states, DL13 failures 0 [0.2 s]
#   climb {'climb': 360, 'pos': 360, 'start': 'k4_certs_4_pure.json.gz#107:18,40,20,185'}: best score [1000000000, 0, 0] after 0 steps, 251 profiles, 0 f >= 1 states, DL13 failures 0 [0.0 s]
#   climb {'climb': 361, 'pos': 361, 'start': 'k4_certs_4_pure.json.gz#85:121,160,150,28'}: best score [1000000000, 0, 0] after 0 steps, 244 profiles, 0 f >= 1 states, DL13 failures 0 [0.0 s]
#   climb {'climb': 362, 'pos': 362, 'start': 'k4_certs_4_pure.json.gz#74:2,155,12,190'}: best score [7, 0, 0] after 20 steps, 1092 profiles, 231 f >= 1 states, DL13 failures 0 [0.1 s]
#   climb {'climb': 363, 'pos': 363, 'start': 'k4_certs_4_pure.json.gz#73:25,20,231,43'}: best score [1000000000, 0, 0] after 0 steps, 246 profiles, 0 f >= 1 states, DL13 failures 0 [0.0 s]
#   climb {'climb': 364, 'pos': 364, 'start': 'k4_certs_4_pure.json.gz#105:43,124,25,51'}: best score [2, 0, 0] after 34 steps, 1667 profiles, 305 f >= 1 states, DL13 failures 0 [0.2 s]
#   climb {'climb': 365, 'pos': 365, 'start': 'k4_certs_4_pure.json.gz#73:14,114,34,103'}: best score [1000000000, 0, 0] after 0 steps, 246 profiles, 0 f >= 1 states, DL13 failures 0 [0.0 s]
#   climb {'climb': 366, 'pos': 366, 'start': 'k4_certs_4_pure.json.gz#63:93,42,46,4'}: best score [9, 0, 0] after 16 steps, 907 profiles, 145 f >= 1 states, DL13 failures 0 [0.1 s]
#   climb {'climb': 367, 'pos': 367, 'start': 'k4_certs_4_pure.json.gz#77:42,161,111,99'}: best score [1000000000, 0, 0] after 0 steps, 245 profiles, 0 f >= 1 states, DL13 failures 0 [0.0 s]
#   climb {'climb': 368, 'pos': 368, 'start': 'k4_certs_4_pure.json.gz#78:15,32,251,64'}: best score [1000000000, 0, 0] after 0 steps, 246 profiles, 0 f >= 1 states, DL13 failures 0 [0.0 s]
#   climb {'climb': 369, 'pos': 369, 'start': 'k4_certs_4_pure.json.gz#82:67,43,40,195'}: best score [1000000000, 0, 0] after 0 steps, 247 profiles, 0 f >= 1 states, DL13 failures 0 [0.0 s]
#   climb {'climb': 370, 'pos': 370, 'start': 'k4_certs_4_pure.json.gz#69:62,54,80,158'}: best score [1000000000, 0, 0] after 0 steps, 250 profiles, 0 f >= 1 states, DL13 failures 0 [0.0 s]
#   climb {'climb': 371, 'pos': 371, 'start': 'k4_certs_4_pure.json.gz#68:52,22,69,183'}: best score [1000000000, 0, 0] after 0 steps, 241 profiles, 0 f >= 1 states, DL13 failures 0 [0.0 s]
#   climb {'climb': 372, 'pos': 372, 'start': 'k4_certs_4_pure.json.gz#112:160,18,90,79'}: best score [1000000000, 0, 0] after 0 steps, 248 profiles, 0 f >= 1 states, DL13 failures 0 [0.0 s]
#   climb {'climb': 373, 'pos': 373, 'start': 'k4_certs_4_pure.json.gz#78:63,13,174,4'}: best score [1000000000, 0, 0] after 0 steps, 245 profiles, 0 f >= 1 states, DL13 failures 0 [0.0 s]
#   climb {'climb': 374, 'pos': 374, 'start': 'k4_certs_4_pure.json.gz#108:60,60,252,153'}: best score [1000000000, 0, 0] after 0 steps, 248 profiles, 0 f >= 1 states, DL13 failures 0 [0.0 s]
#   climb {'climb': 375, 'pos': 375, 'start': 'k4_certs_4_pure.json.gz#66:72,77,25,134'}: best score [1000000000, 0, 0] after 0 steps, 244 profiles, 0 f >= 1 states, DL13 failures 0 [0.0 s]
#   climb {'climb': 376, 'pos': 376, 'start': 'k4_certs_4_pure.json.gz#68:8,29,43,189'}: best score [3, 0, 0] after 18 steps, 989 profiles, 648 f >= 1 states, DL13 failures 0 [0.1 s]
#   climb {'climb': 377, 'pos': 377, 'start': 'k4_certs_4_pure.json.gz#66:14,33,74,109'}: best score [7, 0, 0] after 16 steps, 659 profiles, 116 f >= 1 states, DL13 failures 0 [0.1 s]
#   climb {'climb': 378, 'pos': 378, 'start': 'k4_certs_4_pure.json.gz#72:16,203,102,85'}: best score [1000000000, 0, 0] after 0 steps, 245 profiles, 0 f >= 1 states, DL13 failures 0 [0.0 s]
#   climb {'climb': 379, 'pos': 379, 'start': 'k4_certs_4_pure.json.gz#27:52,86,143,100'}: best score [1000000000, 0, 0] after 0 steps, 246 profiles, 0 f >= 1 states, DL13 failures 0 [0.0 s]
#   climb {'climb': 380, 'pos': 380, 'start': 'k4_certs_4_pure.json.gz#96:178,150,18,23'}: best score [1000000000, 0, 0] after 0 steps, 246 profiles, 0 f >= 1 states, DL13 failures 0 [0.0 s]
#   climb {'climb': 381, 'pos': 381, 'start': 'k4_certs_4_pure.json.gz#69:56,36,123,156'}: best score [1000000000, 0, 0] after 0 steps, 241 profiles, 0 f >= 1 states, DL13 failures 0 [0.0 s]
#   climb {'climb': 382, 'pos': 382, 'start': 'k4_certs_4_pure.json.gz#75:77,99,73,249'}: best score [1000000000, 0, 0] after 0 steps, 249 profiles, 0 f >= 1 states, DL13 failures 0 [0.0 s]
#   climb {'climb': 383, 'pos': 383, 'start': 'k4_certs_4_pure.json.gz#90:194,144,13,29'}: best score [4, 0, -10] after 26 steps, 1334 profiles, 533 f >= 1 states, DL13 failures 0 [0.2 s]
#   climb {'climb': 384, 'pos': 384, 'start': 'k4_certs_4_pure.json.gz#72:40,80,109,76'}: best score [1000000000, 0, 0] after 0 steps, 247 profiles, 0 f >= 1 states, DL13 failures 0 [0.0 s]
#   climb {'climb': 385, 'pos': 385, 'start': 'k4_certs_4_pure.json.gz#70:37,70,286,41'}: best score [6, 0, 0] after 19 steps, 1025 profiles, 288 f >= 1 states, DL13 failures 0 [0.1 s]
#   climb {'climb': 386, 'pos': 386, 'start': 'k4_certs_4_pure.json.gz#104:146,20,11,19'}: best score [3, 0, 0] after 21 steps, 1111 profiles, 76 f >= 1 states, DL13 failures 0 [0.1 s]
#   climb {'climb': 387, 'pos': 387, 'start': 'k4_certs_4_pure.json.gz#108:146,64,79,254'}: best score [1000000000, 0, 0] after 0 steps, 249 profiles, 0 f >= 1 states, DL13 failures 0 [0.0 s]
#   climb {'climb': 388, 'pos': 388, 'start': 'k4_certs_4_pure.json.gz#115:104,14,112,197'}: best score [1000000000, 0, 0] after 0 steps, 250 profiles, 0 f >= 1 states, DL13 failures 0 [0.0 s]
#   climb {'climb': 389, 'pos': 389, 'start': 'k4_certs_4_pure.json.gz#70:109,125,25,183'}: best score [6, 0, 0] after 15 steps, 884 profiles, 173 f >= 1 states, DL13 failures 0 [0.2 s]
#   climb {'climb': 390, 'pos': 390, 'start': 'k4_certs_4_pure.json.gz#98:84,180,109,209'}: best score [8, 0, 0] after 20 steps, 1086 profiles, 91 f >= 1 states, DL13 failures 0 [0.2 s]
#   climb {'climb': 391, 'pos': 391, 'start': 'k4_certs_4_pure.json.gz#81:100,18,112,91'}: best score [6, 0, 0] after 31 steps, 1553 profiles, 177 f >= 1 states, DL13 failures 0 [0.2 s]
#   climb {'climb': 392, 'pos': 392, 'start': 'k4_certs_4_pure.json.gz#89:146,59,191,9'}: best score [1000000000, 0, 0] after 0 steps, 249 profiles, 0 f >= 1 states, DL13 failures 0 [0.0 s]
#   climb {'climb': 393, 'pos': 393, 'start': 'k4_certs_4_pure.json.gz#80:68,112,79,127'}: best score [5, 0, 0] after 16 steps, 942 profiles, 128 f >= 1 states, DL13 failures 0 [0.1 s]
#   climb {'climb': 394, 'pos': 394, 'start': 'k4_certs_4_pure.json.gz#68:42,52,86,237'}: best score [2, 0, -6] after 16 steps, 900 profiles, 177 f >= 1 states, DL13 failures 0 [0.1 s]
#   climb {'climb': 395, 'pos': 395, 'start': 'k4_certs_4_pure.json.gz#71:75,22,19,237'}: best score [1000000000, 0, 0] after 0 steps, 245 profiles, 0 f >= 1 states, DL13 failures 0 [0.0 s]
#   climb {'climb': 396, 'pos': 396, 'start': 'k4_certs_4_pure.json.gz#69:37,77,160,169'}: best score [3, 0, 0] after 25 steps, 1311 profiles, 465 f >= 1 states, DL13 failures 0 [0.1 s]
#   climb {'climb': 397, 'pos': 397, 'start': 'k4_certs_4_pure.json.gz#99:22,261,74,174'}: best score [1000000000, 0, 0] after 0 steps, 249 profiles, 0 f >= 1 states, DL13 failures 0 [0.0 s]
#   climb {'climb': 398, 'pos': 398, 'start': 'k4_certs_4_pure.json.gz#85:29,13,87,86'}: best score [1000000000, 0, 0] after 0 steps, 253 profiles, 0 f >= 1 states, DL13 failures 0 [0.0 s]
#   climb {'climb': 399, 'pos': 399, 'start': 'k4_certs_4_pure.json.gz#95:180,20,172,249'}: best score [5, 0, 0] after 16 steps, 936 profiles, 99 f >= 1 states, DL13 failures 0 [0.1 s]
#   climb {'climb': 400, 'pos': 400, 'start': 'k4_certs_4_pure.json.gz#92:64,249,141,258'}: best score [1000000000, 0, 0] after 0 steps, 251 profiles, 0 f >= 1 states, DL13 failures 0 [0.0 s]
#   climb {'climb': 401, 'pos': 401, 'start': 'k4_certs_4_pure.json.gz#105:148,44,30,240'}: best score [8, 0, 0] after 18 steps, 1045 profiles, 74 f >= 1 states, DL13 failures 0 [0.1 s]
#   climb {'climb': 402, 'pos': 402, 'start': 'k4_certs_4_pure.json.gz#111:43,196,150,167'}: best score [9, 0, 0] after 16 steps, 922 profiles, 275 f >= 1 states, DL13 failures 0 [0.1 s]
#   climb {'climb': 403, 'pos': 403, 'start': 'k4_certs_4_pure.json.gz#70:46,81,141,22'}: best score [1000000000, 0, 0] after 0 steps, 249 profiles, 0 f >= 1 states, DL13 failures 0 [0.0 s]
#   climb {'climb': 404, 'pos': 404, 'start': 'k4_certs_4_pure.json.gz#62:6,161,213,171'}: best score [1000000000, 0, 0] after 0 steps, 245 profiles, 0 f >= 1 states, DL13 failures 0 [0.0 s]
#   climb {'climb': 405, 'pos': 405, 'start': 'k4_certs_4_pure.json.gz#28:145,41,185,2'}: best score [1000000000, 0, 0] after 0 steps, 248 profiles, 0 f >= 1 states, DL13 failures 0 [0.0 s]
#   climb {'climb': 406, 'pos': 406, 'start': 'k4_certs_4_pure.json.gz#109:146,83,146,265'}: best score [1000000000, 0, 0] after 0 steps, 248 profiles, 0 f >= 1 states, DL13 failures 0 [0.0 s]
#   climb {'climb': 407, 'pos': 407, 'start': 'k4_certs_4_pure.json.gz#87:153,100,191,42'}: best score [1000000000, 0, 0] after 0 steps, 251 profiles, 0 f >= 1 states, DL13 failures 0 [0.0 s]
#   climb {'climb': 408, 'pos': 408, 'start': 'k4_certs_4_pure.json.gz#70:74,52,114,230'}: best score [10, 0, 0] after 23 steps, 1135 profiles, 85 f >= 1 states, DL13 failures 0 [0.1 s]
#   climb {'climb': 409, 'pos': 409, 'start': 'k4_certs_4_pure.json.gz#75:37,75,148,56'}: best score [1000000000, 0, 0] after 0 steps, 247 profiles, 0 f >= 1 states, DL13 failures 0 [0.0 s]
#   climb {'climb': 410, 'pos': 410, 'start': 'k4_certs_4_pure.json.gz#68:134,35,161,59'}: best score [5, 0, 0] after 15 steps, 877 profiles, 547 f >= 1 states, DL13 failures 0 [0.1 s]
#   climb {'climb': 411, 'pos': 411, 'start': 'k4_certs_4_pure.json.gz#75:16,37,31,216'}: best score [6, 0, 0] after 20 steps, 1056 profiles, 190 f >= 1 states, DL13 failures 0 [0.1 s]
#   climb {'climb': 412, 'pos': 412, 'start': 'k4_certs_4_pure.json.gz#74:7,19,135,182'}: best score [1000000000, 0, 0] after 0 steps, 246 profiles, 0 f >= 1 states, DL13 failures 0 [0.0 s]
#   climb {'climb': 413, 'pos': 413, 'start': 'k4_certs_4_pure.json.gz#103:20,7,73,241'}: best score [11, 0, 0] after 15 steps, 905 profiles, 70 f >= 1 states, DL13 failures 0 [0.1 s]
#   climb {'climb': 414, 'pos': 414, 'start': 'k4_certs_4_pure.json.gz#58:271,264,8,15'}: best score [14, 0, 0] after 15 steps, 842 profiles, 20 f >= 1 states, DL13 failures 0 [0.1 s]
#   climb {'climb': 415, 'pos': 415, 'start': 'k4_certs_4_pure.json.gz#83:38,93,14,71'}: best score [8, -1, -1] after 23 steps, 1166 profiles, 292 f >= 1 states, DL13 failures 0 [0.1 s]
#   climb {'climb': 416, 'pos': 416, 'start': 'k4_certs_4_pure.json.gz#93:73,142,90,44'}: best score [5, 0, -2] after 20 steps, 1042 profiles, 168 f >= 1 states, DL13 failures 0 [0.1 s]
#   climb {'climb': 417, 'pos': 417, 'start': 'k4_certs_4_pure.json.gz#101:80,92,47,187'}: best score [1000000000, 0, 0] after 0 steps, 247 profiles, 0 f >= 1 states, DL13 failures 0 [0.0 s]
#   climb {'climb': 418, 'pos': 418, 'start': 'k4_certs_4_pure.json.gz#68:18,68,104,259'}: best score [1000000000, 0, 0] after 0 steps, 250 profiles, 0 f >= 1 states, DL13 failures 0 [0.0 s]
#   climb {'climb': 419, 'pos': 419, 'start': 'k4_certs_4_pure.json.gz#77:51,20,85,21'}: best score [3, 0, 0] after 16 steps, 947 profiles, 206 f >= 1 states, DL13 failures 0 [0.1 s]
#   climb {'climb': 420, 'pos': 420, 'start': 'k4_certs_4_pure.json.gz#71:76,127,103,172'}: best score [1000000000, 0, 0] after 0 steps, 250 profiles, 0 f >= 1 states, DL13 failures 0 [0.0 s]
#   climb {'climb': 421, 'pos': 421, 'start': 'k4_certs_4_pure.json.gz#94:1,155,93,56'}: best score [3, 0, 0] after 17 steps, 748 profiles, 245 f >= 1 states, DL13 failures 0 [0.1 s]
#   climb {'climb': 422, 'pos': 422, 'start': 'k4_certs_4_pure.json.gz#86:45,7,271,246'}: best score [7, 0, 0] after 16 steps, 931 profiles, 184 f >= 1 states, DL13 failures 0 [0.1 s]
#   climb {'climb': 423, 'pos': 423, 'start': 'k4_certs_4_pure.json.gz#72:70,7,272,223'}: best score [1000000000, 0, 0] after 0 steps, 251 profiles, 0 f >= 1 states, DL13 failures 0 [0.0 s]
#   climb {'climb': 424, 'pos': 424, 'start': 'k4_certs_4_pure.json.gz#79:106,96,6,55'}: best score [1000000000, 0, 0] after 0 steps, 248 profiles, 0 f >= 1 states, DL13 failures 0 [0.0 s]
#   climb {'climb': 425, 'pos': 425, 'start': 'k4_certs_4_pure.json.gz#65:20,30,237,6'}: best score [9, 0, 0] after 17 steps, 940 profiles, 152 f >= 1 states, DL13 failures 0 [0.1 s]
#   climb {'climb': 426, 'pos': 426, 'start': 'k4_certs_4_pure.json.gz#71:121,190,162,176'}: best score [1000000000, 0, 0] after 0 steps, 243 profiles, 0 f >= 1 states, DL13 failures 0 [0.0 s]
#   climb {'climb': 427, 'pos': 427, 'start': 'k4_certs_4_pure.json.gz#84:25,33,112,214'}: best score [6, 0, 0] after 18 steps, 1018 profiles, 86 f >= 1 states, DL13 failures 0 [0.1 s]
#   climb {'climb': 428, 'pos': 428, 'start': 'k4_certs_4_pure.json.gz#64:125,174,26,48'}: best score [1000000000, 0, 0] after 0 steps, 245 profiles, 0 f >= 1 states, DL13 failures 0 [0.0 s]
#   climb {'climb': 429, 'pos': 429, 'start': 'k4_certs_4_pure.json.gz#69:79,121,266,266'}: best score [1000000000, 0, 0] after 0 steps, 241 profiles, 0 f >= 1 states, DL13 failures 0 [0.0 s]
#   climb {'climb': 430, 'pos': 430, 'start': 'k4_certs_4_pure.json.gz#72:55,78,21,92'}: best score [1000000000, 0, 0] after 0 steps, 248 profiles, 0 f >= 1 states, DL13 failures 0 [0.0 s]
#   climb {'climb': 431, 'pos': 431, 'start': 'k4_certs_4_pure.json.gz#72:0,11,60,194'}: best score [1000000000, 0, 0] after 0 steps, 248 profiles, 0 f >= 1 states, DL13 failures 0 [0.0 s]
#   climb {'climb': 432, 'pos': 432, 'start': 'k4_certs_4_pure.json.gz#106:19,181,112,88'}: best score [1000000000, 0, 0] after 0 steps, 249 profiles, 0 f >= 1 states, DL13 failures 0 [0.0 s]
#   climb {'climb': 433, 'pos': 433, 'start': 'k4_certs_4_pure.json.gz#73:20,267,46,139'}: best score [1000000000, 0, 0] after 0 steps, 241 profiles, 0 f >= 1 states, DL13 failures 0 [0.0 s]
#   climb {'climb': 434, 'pos': 434, 'start': 'k4_certs_4_pure.json.gz#89:37,125,28,8'}: best score [1000000000, 0, 0] after 0 steps, 253 profiles, 0 f >= 1 states, DL13 failures 0 [0.0 s]
#   climb {'climb': 435, 'pos': 435, 'start': 'k4_certs_4_pure.json.gz#109:158,226,38,218'}: best score [1000000000, 0, 0] after 0 steps, 250 profiles, 0 f >= 1 states, DL13 failures 0 [0.0 s]
#   climb {'climb': 436, 'pos': 436, 'start': 'k4_certs_4_pure.json.gz#70:28,77,270,102'}: best score [6, 0, 0] after 24 steps, 1251 profiles, 221 f >= 1 states, DL13 failures 0 [0.1 s]
#   climb {'climb': 437, 'pos': 437, 'start': 'k4_certs_4_pure.json.gz#87:115,54,72,10'}: best score [1000000000, 0, 0] after 0 steps, 250 profiles, 0 f >= 1 states, DL13 failures 0 [0.0 s]
#   climb {'climb': 438, 'pos': 438, 'start': 'k4_certs_4_pure.json.gz#24:46,116,207,198'}: best score [1000000000, 0, 0] after 0 steps, 248 profiles, 0 f >= 1 states, DL13 failures 0 [0.0 s]
#   climb {'climb': 439, 'pos': 439, 'start': 'k4_certs_4_pure.json.gz#88:192,20,88,158'}: best score [1000000000, 0, 0] after 0 steps, 253 profiles, 0 f >= 1 states, DL13 failures 0 [0.0 s]
#   climb {'climb': 440, 'pos': 440, 'start': 'k4_certs_4_pure.json.gz#64:28,64,151,26'}: best score [1000000000, 0, 0] after 0 steps, 245 profiles, 0 f >= 1 states, DL13 failures 0 [0.0 s]
#   climb {'climb': 441, 'pos': 441, 'start': 'k4_certs_4_pure.json.gz#75:111,39,88,238'}: best score [1000000000, 0, 0] after 0 steps, 248 profiles, 0 f >= 1 states, DL13 failures 0 [0.0 s]
#   climb {'climb': 442, 'pos': 442, 'start': 'k4_certs_4_pure.json.gz#26:63,7,206,69'}: best score [1000000000, 0, 0] after 0 steps, 250 profiles, 0 f >= 1 states, DL13 failures 0 [0.0 s]
#   climb {'climb': 443, 'pos': 443, 'start': 'k4_certs_4_pure.json.gz#71:90,162,84,106'}: best score [1000000000, 0, 0] after 0 steps, 249 profiles, 0 f >= 1 states, DL13 failures 0 [0.0 s]
#   climb {'climb': 444, 'pos': 444, 'start': 'k4_certs_4_pure.json.gz#83:41,118,147,79'}: best score [2, 0, -5] after 15 steps, 888 profiles, 311 f >= 1 states, DL13 failures 0 [0.1 s]
#   climb {'climb': 445, 'pos': 445, 'start': 'k4_certs_4_pure.json.gz#69:84,104,222,274'}: best score [1000000000, 0, 0] after 0 steps, 243 profiles, 0 f >= 1 states, DL13 failures 0 [0.0 s]
#   climb {'climb': 446, 'pos': 446, 'start': 'k4_certs_4_pure.json.gz#61:36,251,170,44'}: best score [3, 0, 0] after 16 steps, 921 profiles, 614 f >= 1 states, DL13 failures 0 [0.1 s]
#   climb {'climb': 447, 'pos': 447, 'start': 'k4_certs_4_pure.json.gz#92:106,107,30,256'}: best score [8, 0, 0] after 18 steps, 766 profiles, 128 f >= 1 states, DL13 failures 0 [0.1 s]
#   climb {'climb': 448, 'pos': 448, 'start': 'k4_certs_4_pure.json.gz#103:31,17,234,190'}: best score [1000000000, 0, 0] after 0 steps, 246 profiles, 0 f >= 1 states, DL13 failures 0 [0.0 s]
#   climb {'climb': 449, 'pos': 449, 'start': 'k4_certs_4_pure.json.gz#84:21,145,140,54'}: best score [1000000000, 0, 0] after 0 steps, 251 profiles, 0 f >= 1 states, DL13 failures 0 [0.0 s]
#   climb {'climb': 450, 'pos': 450, 'start': 'k4_certs_4_pure.json.gz#85:67,81,12,2'}: best score [1000000000, 0, 0] after 0 steps, 249 profiles, 0 f >= 1 states, DL13 failures 0 [0.0 s]
#   climb {'climb': 451, 'pos': 451, 'start': 'k4_certs_4_pure.json.gz#68:13,72,101,96'}: best score [1000000000, 0, 0] after 0 steps, 247 profiles, 0 f >= 1 states, DL13 failures 0 [0.0 s]
#   climb {'climb': 452, 'pos': 452, 'start': 'k4_certs_4_pure.json.gz#63:70,172,9,86'}: best score [1000000000, 0, 0] after 0 steps, 250 profiles, 0 f >= 1 states, DL13 failures 0 [0.0 s]
#   climb {'climb': 453, 'pos': 453, 'start': 'k4_certs_4_pure.json.gz#72:21,32,7,259'}: best score [8, 0, 0] after 33 steps, 1643 profiles, 384 f >= 1 states, DL13 failures 0 [0.2 s]
#   climb {'climb': 454, 'pos': 454, 'start': 'k4_certs_4_pure.json.gz#76:118,14,107,23'}: best score [1000000000, 0, 0] after 0 steps, 247 profiles, 0 f >= 1 states, DL13 failures 0 [0.0 s]
#   climb {'climb': 455, 'pos': 455, 'start': 'k4_certs_4_pure.json.gz#75:94,13,80,54'}: best score [1000000000, 0, 0] after 0 steps, 249 profiles, 0 f >= 1 states, DL13 failures 0 [0.0 s]
#   climb {'climb': 456, 'pos': 456, 'start': 'k4_certs_4_pure.json.gz#112:53,29,54,182'}: best score [5, 0, 0] after 20 steps, 1092 profiles, 597 f >= 1 states, DL13 failures 0 [0.1 s]
#   climb {'climb': 457, 'pos': 457, 'start': 'k4_certs_4_pure.json.gz#65:143,44,7,277'}: best score [7, 0, 0] after 32 steps, 1581 profiles, 449 f >= 1 states, DL13 failures 0 [0.2 s]
#   climb {'climb': 458, 'pos': 458, 'start': 'k4_certs_4_pure.json.gz#74:119,144,36,110'}: best score [1000000000, 0, 0] after 0 steps, 249 profiles, 0 f >= 1 states, DL13 failures 0 [0.0 s]
#   climb {'climb': 459, 'pos': 459, 'start': 'k4_certs_4_pure.json.gz#63:38,243,172,108'}: best score [9, 0, 0] after 18 steps, 1013 profiles, 289 f >= 1 states, DL13 failures 0 [0.1 s]
#   climb {'climb': 460, 'pos': 460, 'start': 'k4_certs_4_pure.json.gz#110:219,146,212,267'}: best score [1000000000, 0, 0] after 0 steps, 248 profiles, 0 f >= 1 states, DL13 failures 0 [0.0 s]
#   climb {'climb': 461, 'pos': 461, 'start': 'k4_certs_4_pure.json.gz#73:100,13,199,84'}: best score [3, 0, 0] after 18 steps, 1026 profiles, 316 f >= 1 states, DL13 failures 0 [0.1 s]
#   climb {'climb': 462, 'pos': 462, 'start': 'k4_certs_4_pure.json.gz#34:83,155,31,216'}: best score [2, 0, -6] after 15 steps, 912 profiles, 114 f >= 1 states, DL13 failures 0 [0.1 s]
#   climb {'climb': 463, 'pos': 463, 'start': 'k4_certs_4_pure.json.gz#93:27,149,93,174'}: best score [1000000000, 0, 0] after 0 steps, 252 profiles, 0 f >= 1 states, DL13 failures 0 [0.0 s]
#   climb {'climb': 464, 'pos': 464, 'start': 'k4_certs_4_pure.json.gz#62:40,65,95,249'}: best score [1000000000, 0, 0] after 0 steps, 246 profiles, 0 f >= 1 states, DL13 failures 0 [0.0 s]
#   climb {'climb': 465, 'pos': 465, 'start': 'k4_certs_4_pure.json.gz#79:9,40,253,224'}: best score [1000000000, 0, 0] after 0 steps, 246 profiles, 0 f >= 1 states, DL13 failures 0 [0.0 s]
#   climb {'climb': 466, 'pos': 466, 'start': 'k4_certs_4_pure.json.gz#90:26,225,146,29'}: best score [1000000000, 0, 0] after 0 steps, 247 profiles, 0 f >= 1 states, DL13 failures 0 [0.0 s]
#   climb {'climb': 467, 'pos': 467, 'start': 'k4_certs_4_pure.json.gz#24:64,215,250,38'}: best score [1000000000, 0, 0] after 0 steps, 245 profiles, 0 f >= 1 states, DL13 failures 0 [0.0 s]
#   climb {'climb': 468, 'pos': 468, 'start': 'k4_certs_4_pure.json.gz#78:122,155,260,263'}: best score [1000000000, 0, 0] after 0 steps, 253 profiles, 0 f >= 1 states, DL13 failures 0 [0.0 s]
#   climb {'climb': 469, 'pos': 469, 'start': 'k4_certs_4_pure.json.gz#119:2,219,230,185'}: best score [2, 0, 0] after 41 steps, 1779 profiles, 164 f >= 1 states, DL13 failures 0 [0.2 s]
#   climb {'climb': 470, 'pos': 470, 'start': 'k4_certs_4_pure.json.gz#82:65,26,96,61'}: best score [3, 0, 0] after 17 steps, 960 profiles, 354 f >= 1 states, DL13 failures 0 [0.1 s]
#   climb {'climb': 471, 'pos': 471, 'start': 'k4_certs_4_pure.json.gz#66:74,3,93,11'}: best score [2, 0, -5] after 20 steps, 1090 profiles, 551 f >= 1 states, DL13 failures 0 [0.1 s]
#   climb {'climb': 472, 'pos': 472, 'start': 'k4_certs_4_pure.json.gz#68:62,14,269,54'}: best score [10, 0, 0] after 16 steps, 939 profiles, 159 f >= 1 states, DL13 failures 0 [0.1 s]
#   climb {'climb': 473, 'pos': 473, 'start': 'k4_certs_4_pure.json.gz#88:26,23,83,21'}: best score [6, 0, 0] after 15 steps, 887 profiles, 47 f >= 1 states, DL13 failures 0 [0.1 s]
#   climb {'climb': 474, 'pos': 474, 'start': 'k4_certs_4_pure.json.gz#89:191,44,275,9'}: best score [1000000000, 0, 0] after 0 steps, 254 profiles, 0 f >= 1 states, DL13 failures 0 [0.0 s]
#   climb {'climb': 475, 'pos': 475, 'start': 'k4_certs_4_pure.json.gz#68:10,103,249,162'}: best score [3, 0, 0] after 15 steps, 862 profiles, 583 f >= 1 states, DL13 failures 0 [0.1 s]
#   climb {'climb': 476, 'pos': 476, 'start': 'k4_certs_4_pure.json.gz#61:44,10,78,51'}: best score [3, 0, 0] after 18 steps, 990 profiles, 699 f >= 1 states, DL13 failures 0 [0.1 s]
#   climb {'climb': 477, 'pos': 477, 'start': 'k4_certs_4_pure.json.gz#96:32,14,40,42'}: best score [4, -1, -8] after 21 steps, 1118 profiles, 510 f >= 1 states, DL13 failures 0 [0.1 s]
#   climb {'climb': 478, 'pos': 478, 'start': 'k4_certs_4_pure.json.gz#99:265,80,25,2'}: best score [8, 0, 0] after 28 steps, 1206 profiles, 173 f >= 1 states, DL13 failures 0 [0.1 s]
#   climb {'climb': 479, 'pos': 479, 'start': 'k4_certs_4_pure.json.gz#74:35,124,41,116'}: best score [1000000000, 0, 0] after 0 steps, 250 profiles, 0 f >= 1 states, DL13 failures 0 [0.0 s]
#   climb {'climb': 480, 'pos': 480, 'start': 'k4_certs_4_pure.json.gz#26:1,78,122,117'}: best score [1000000000, 0, 0] after 0 steps, 246 profiles, 0 f >= 1 states, DL13 failures 0 [0.0 s]
#   climb {'climb': 481, 'pos': 481, 'start': 'k4_certs_4_pure.json.gz#67:38,250,113,46'}: best score [7, 0, 0] after 18 steps, 962 profiles, 82 f >= 1 states, DL13 failures 0 [0.1 s]
#   climb {'climb': 482, 'pos': 482, 'start': 'k4_certs_4_pure.json.gz#107:32,44,219,223'}: best score [1000000000, 0, 0] after 0 steps, 248 profiles, 0 f >= 1 states, DL13 failures 0 [0.0 s]
#   climb {'climb': 483, 'pos': 483, 'start': 'k4_certs_4_pure.json.gz#72:36,62,13,242'}: best score [1000000000, 0, 0] after 0 steps, 247 profiles, 0 f >= 1 states, DL13 failures 0 [0.0 s]
#   climb {'climb': 484, 'pos': 484, 'start': 'k4_certs_4_pure.json.gz#71:71,129,148,207'}: best score [1000000000, 0, 0] after 0 steps, 247 profiles, 0 f >= 1 states, DL13 failures 0 [0.0 s]
#   climb {'climb': 485, 'pos': 485, 'start': 'k4_certs_4_pure.json.gz#95:86,53,127,73'}: best score [6, 0, 0] after 16 steps, 909 profiles, 37 f >= 1 states, DL13 failures 0 [0.1 s]
#   climb {'climb': 486, 'pos': 486, 'start': 'k4_certs_4_pure.json.gz#63:2,219,212,246'}: best score [9, 0, 0] after 15 steps, 895 profiles, 93 f >= 1 states, DL13 failures 0 [0.1 s]
#   climb {'climb': 487, 'pos': 487, 'start': 'k4_certs_4_pure.json.gz#76:52,101,131,17'}: best score [7, 0, 0] after 17 steps, 987 profiles, 182 f >= 1 states, DL13 failures 0 [0.1 s]
#   climb {'climb': 488, 'pos': 488, 'start': 'k4_certs_4_pure.json.gz#63:40,4,272,216'}: best score [1000000000, 0, 0] after 0 steps, 252 profiles, 0 f >= 1 states, DL13 failures 0 [0.0 s]
#   climb {'climb': 489, 'pos': 489, 'start': 'k4_certs_4_pure.json.gz#110:124,13,39,26'}: best score [1000000000, 0, 0] after 0 steps, 255 profiles, 0 f >= 1 states, DL13 failures 0 [0.0 s]
#   climb {'climb': 490, 'pos': 490, 'start': 'k4_certs_4_pure.json.gz#84:21,44,184,84'}: best score [4, 0, -2] after 16 steps, 924 profiles, 419 f >= 1 states, DL13 failures 0 [0.1 s]
#   climb {'climb': 491, 'pos': 491, 'start': 'k4_certs_4_pure.json.gz#104:54,25,32,85'}: best score [6, 0, 0] after 16 steps, 942 profiles, 88 f >= 1 states, DL13 failures 0 [0.1 s]
#   climb {'climb': 492, 'pos': 492, 'start': 'k4_certs_4_pure.json.gz#65:60,222,96,8'}: best score [1000000000, 0, 0] after 0 steps, 243 profiles, 0 f >= 1 states, DL13 failures 0 [0.0 s]
#   climb {'climb': 493, 'pos': 493, 'start': 'k4_certs_4_pure.json.gz#69:111,67,137,119'}: best score [3, 0, 0] after 21 steps, 1139 profiles, 622 f >= 1 states, DL13 failures 0 [0.2 s]
#   climb {'climb': 494, 'pos': 494, 'start': 'k4_certs_4_pure.json.gz#68:77,111,119,4'}: best score [2, 0, -6] after 15 steps, 862 profiles, 270 f >= 1 states, DL13 failures 0 [0.1 s]
#   climb {'climb': 495, 'pos': 495, 'start': 'k4_certs_4_pure.json.gz#79:67,140,189,200'}: best score [4, 0, 0] after 18 steps, 1020 profiles, 127 f >= 1 states, DL13 failures 0 [0.1 s]
#   climb {'climb': 496, 'pos': 496, 'start': 'k4_certs_4_pure.json.gz#69:37,40,91,39'}: best score [4, 0, -8] after 23 steps, 1194 profiles, 558 f >= 1 states, DL13 failures 0 [0.1 s]
#   climb {'climb': 497, 'pos': 497, 'start': 'k4_certs_4_pure.json.gz#68:34,121,140,65'}: best score [5, 0, 0] after 16 steps, 935 profiles, 584 f >= 1 states, DL13 failures 0 [0.1 s]
#   climb {'climb': 498, 'pos': 498, 'start': 'k4_certs_4_pure.json.gz#79:89,209,64,219'}: best score [1000000000, 0, 0] after 0 steps, 244 profiles, 0 f >= 1 states, DL13 failures 0 [0.0 s]
#   climb {'climb': 499, 'pos': 499, 'start': 'k4_certs_4_pure.json.gz#73:38,282,26,197'}: best score [1000000000, 0, 0] after 0 steps, 248 profiles, 0 f >= 1 states, DL13 failures 0 [0.0 s]
#   climb {'climb': 500, 'pos': 500, 'start': 'k4_certs_4_pure.json.gz#103:65,167,213,70'}: best score [2, 0, 0] after 25 steps, 1323 profiles, 162 f >= 1 states, DL13 failures 0 [0.1 s]
#   climb {'climb': 501, 'pos': 501, 'start': 'k4_certs_4_pure.json.gz#66:72,96,220,227'}: best score [1000000000, 0, 0] after 0 steps, 249 profiles, 0 f >= 1 states, DL13 failures 0 [0.0 s]
#   climb {'climb': 502, 'pos': 502, 'start': 'k4_certs_4_pure.json.gz#79:12,23,6,47'}: best score [4, 0, 0] after 19 steps, 1008 profiles, 118 f >= 1 states, DL13 failures 0 [0.1 s]
#   climb {'climb': 503, 'pos': 503, 'start': 'k4_certs_4_pure.json.gz#104:95,41,90,80'}: best score [5, 0, 0] after 31 steps, 1533 profiles, 230 f >= 1 states, DL13 failures 0 [0.2 s]
#   climb {'climb': 504, 'pos': 504, 'start': 'k4_certs_4_pure.json.gz#86:124,36,269,276'}: best score [1000000000, 0, 0] after 0 steps, 248 profiles, 0 f >= 1 states, DL13 failures 0 [0.0 s]
#   climb {'climb': 505, 'pos': 505, 'start': 'k4_certs_4_pure.json.gz#73:72,15,114,17'}: best score [3, 0, 0] after 17 steps, 954 profiles, 244 f >= 1 states, DL13 failures 0 [0.1 s]
#   climb {'climb': 506, 'pos': 506, 'start': 'k4_certs_4_pure.json.gz#93:180,148,9,133'}: best score [1000000000, 0, 0] after 0 steps, 248 profiles, 0 f >= 1 states, DL13 failures 0 [0.0 s]
#   climb {'climb': 507, 'pos': 507, 'start': 'k4_certs_4_pure.json.gz#114:88,20,239,130'}: best score [1000000000, 0, 0] after 0 steps, 244 profiles, 0 f >= 1 states, DL13 failures 0 [0.0 s]
#   climb {'climb': 508, 'pos': 508, 'start': 'k4_certs_4_pure.json.gz#61:9,61,82,157'}: best score [3, 0, 0] after 17 steps, 955 profiles, 618 f >= 1 states, DL13 failures 0 [0.1 s]
#   climb {'climb': 509, 'pos': 509, 'start': 'k4_certs_4_pure.json.gz#93:54,165,208,0'}: best score [1000000000, 0, 0] after 0 steps, 254 profiles, 0 f >= 1 states, DL13 failures 0 [0.0 s]
#   climb {'climb': 510, 'pos': 510, 'start': 'k4_certs_4_pure.json.gz#91:263,148,209,8'}: best score [1000000000, 0, 0] after 0 steps, 250 profiles, 0 f >= 1 states, DL13 failures 0 [0.0 s]
#   climb {'climb': 511, 'pos': 511, 'start': 'k4_certs_4_pure.json.gz#66:103,28,87,58'}: best score [2, 0, -5] after 16 steps, 933 profiles, 507 f >= 1 states, DL13 failures 0 [0.1 s]
#   climb {'climb': 512, 'pos': 512, 'start': 'k4_certs_4_pure.json.gz#71:34,67,99,66'}: best score [2, 0, -9] after 24 steps, 1225 profiles, 840 f >= 1 states, DL13 failures 0 [0.1 s]
#   climb {'climb': 513, 'pos': 513, 'start': 'k4_certs_4_pure.json.gz#85:22,284,97,90'}: best score [1000000000, 0, 0] after 0 steps, 244 profiles, 0 f >= 1 states, DL13 failures 0 [0.0 s]
#   climb {'climb': 514, 'pos': 514, 'start': 'k4_certs_4_pure.json.gz#89:24,34,39,178'}: best score [1000000000, 0, 0] after 0 steps, 247 profiles, 0 f >= 1 states, DL13 failures 0 [0.0 s]
#   climb {'climb': 515, 'pos': 515, 'start': 'k4_certs_4_pure.json.gz#85:74,64,67,162'}: best score [1000000000, 0, 0] after 0 steps, 251 profiles, 0 f >= 1 states, DL13 failures 0 [0.0 s]
#   climb {'climb': 516, 'pos': 516, 'start': 'k4_certs_4_pure.json.gz#80:43,45,0,258'}: best score [8, 0, 0] after 27 steps, 1353 profiles, 222 f >= 1 states, DL13 failures 0 [0.2 s]
#   climb {'climb': 517, 'pos': 517, 'start': 'k4_certs_4_pure.json.gz#79:64,40,143,143'}: best score [1000000000, 0, 0] after 0 steps, 249 profiles, 0 f >= 1 states, DL13 failures 0 [0.0 s]
#   climb {'climb': 518, 'pos': 518, 'start': 'k4_certs_4_pure.json.gz#71:41,101,10,3'}: best score [2, 0, -9] after 25 steps, 1288 profiles, 710 f >= 1 states, DL13 failures 0 [0.1 s]
#   climb {'climb': 519, 'pos': 519, 'start': 'k4_certs_4_pure.json.gz#70:64,119,49,78'}: best score [10, 0, 0] after 22 steps, 1145 profiles, 122 f >= 1 states, DL13 failures 0 [0.1 s]
#   climb {'climb': 520, 'pos': 520, 'start': 'k4_certs_4_pure.json.gz#72:13,144,182,120'}: best score [1000000000, 0, 0] after 0 steps, 243 profiles, 0 f >= 1 states, DL13 failures 0 [0.0 s]
#   climb {'climb': 521, 'pos': 521, 'start': 'k4_certs_4_pure.json.gz#80:135,45,54,29'}: best score [1000000000, 0, 0] after 0 steps, 249 profiles, 0 f >= 1 states, DL13 failures 0 [0.0 s]
#   climb {'climb': 522, 'pos': 522, 'start': 'k4_certs_4_pure.json.gz#113:55,46,130,11'}: best score [1, -2, -3] after 25 steps, 1294 profiles, 647 f >= 1 states, DL13 failures 0 [0.1 s]
#   climb {'climb': 523, 'pos': 523, 'start': 'k4_certs_4_pure.json.gz#117:157,150,146,104'}: best score [8, 0, 0] after 19 steps, 1074 profiles, 133 f >= 1 states, DL13 failures 0 [0.1 s]
#   climb {'climb': 524, 'pos': 524, 'start': 'k4_certs_4_pure.json.gz#87:111,108,24,66'}: best score [1000000000, 0, 0] after 0 steps, 249 profiles, 0 f >= 1 states, DL13 failures 0 [0.0 s]
#   climb {'climb': 525, 'pos': 525, 'start': 'k4_certs_4_pure.json.gz#97:15,21,13,99'}: best score [1000000000, 0, 0] after 0 steps, 249 profiles, 0 f >= 1 states, DL13 failures 0 [0.0 s]
#   climb {'climb': 526, 'pos': 526, 'start': 'k4_certs_4_pure.json.gz#75:10,159,5,168'}: best score [1000000000, 0, 0] after 0 steps, 247 profiles, 0 f >= 1 states, DL13 failures 0 [0.0 s]
#   climb {'climb': 527, 'pos': 527, 'start': 'k4_certs_4_pure.json.gz#69:43,37,41,78'}: best score [6, 0, 0] after 22 steps, 1176 profiles, 376 f >= 1 states, DL13 failures 0 [0.1 s]
#   climb {'climb': 528, 'pos': 528, 'start': 'k4_certs_4_pure.json.gz#82:21,148,32,40'}: best score [3, 0, 0] after 21 steps, 1135 profiles, 584 f >= 1 states, DL13 failures 0 [0.1 s]
#   climb {'climb': 529, 'pos': 529, 'start': 'k4_certs_4_pure.json.gz#114:42,192,258,31'}: best score [1000000000, 0, 0] after 0 steps, 251 profiles, 0 f >= 1 states, DL13 failures 0 [0.0 s]
#   climb {'climb': 530, 'pos': 530, 'start': 'k4_certs_4_pure.json.gz#117:167,31,43,244'}: best score [1000000000, 0, 0] after 0 steps, 253 profiles, 0 f >= 1 states, DL13 failures 0 [0.0 s]
#   climb {'climb': 531, 'pos': 531, 'start': 'k4_certs_4_pure.json.gz#65:108,42,0,90'}: best score [3, 0, -4] after 18 steps, 986 profiles, 354 f >= 1 states, DL13 failures 0 [0.1 s]
#   climb {'climb': 532, 'pos': 532, 'start': 'k4_certs_4_pure.json.gz#79:72,110,48,90'}: best score [7, 0, 0] after 16 steps, 931 profiles, 127 f >= 1 states, DL13 failures 0 [0.1 s]
#   climb {'climb': 533, 'pos': 533, 'start': 'k4_certs_4_pure.json.gz#81:121,59,41,136'}: best score [1000000000, 0, 0] after 0 steps, 247 profiles, 0 f >= 1 states, DL13 failures 0 [0.0 s]
#   climb {'climb': 534, 'pos': 534, 'start': 'k4_certs_4_pure.json.gz#68:101,102,62,58'}: best score [1000000000, 0, 0] after 0 steps, 244 profiles, 0 f >= 1 states, DL13 failures 0 [0.0 s]
#   climb {'climb': 535, 'pos': 535, 'start': 'k4_certs_4_pure.json.gz#122:96,90,149,215'}: best score [5, 0, 0] after 20 steps, 1045 profiles, 93 f >= 1 states, DL13 failures 0 [0.1 s]
#   climb {'climb': 536, 'pos': 536, 'start': 'k4_certs_4_pure.json.gz#83:121,129,10,79'}: best score [1000000000, 0, 0] after 0 steps, 251 profiles, 0 f >= 1 states, DL13 failures 0 [0.0 s]
#   climb {'climb': 537, 'pos': 537, 'start': 'k4_certs_4_pure.json.gz#65:40,178,102,34'}: best score [1000000000, 0, 0] after 0 steps, 250 profiles, 0 f >= 1 states, DL13 failures 0 [0.0 s]
#   climb {'climb': 538, 'pos': 538, 'start': 'k4_certs_4_pure.json.gz#61:13,105,88,273'}: best score [1000000000, 0, 0] after 0 steps, 249 profiles, 0 f >= 1 states, DL13 failures 0 [0.0 s]
#   climb {'climb': 539, 'pos': 539, 'start': 'k4_certs_4_pure.json.gz#65:17,150,90,209'}: best score [1000000000, 0, 0] after 0 steps, 241 profiles, 0 f >= 1 states, DL13 failures 0 [0.0 s]
#   climb {'climb': 540, 'pos': 540, 'start': 'k4_certs_4_pure.json.gz#69:26,73,10,52'}: best score [1000000000, 0, 0] after 0 steps, 246 profiles, 0 f >= 1 states, DL13 failures 0 [0.0 s]
#   climb {'climb': 541, 'pos': 541, 'start': 'k4_certs_4_pure.json.gz#71:105,73,197,129'}: best score [1000000000, 0, 0] after 0 steps, 249 profiles, 0 f >= 1 states, DL13 failures 0 [0.0 s]
#   climb {'climb': 542, 'pos': 542, 'start': 'k4_certs_4_pure.json.gz#71:0,221,28,52'}: best score [1000000000, 0, 0] after 0 steps, 249 profiles, 0 f >= 1 states, DL13 failures 0 [0.0 s]
#   climb {'climb': 543, 'pos': 543, 'start': 'k4_certs_4_pure.json.gz#70:4,106,165,7'}: best score [1000000000, 0, 0] after 0 steps, 249 profiles, 0 f >= 1 states, DL13 failures 0 [0.0 s]
#   climb {'climb': 544, 'pos': 544, 'start': 'k4_certs_4_pure.json.gz#94:62,10,43,226'}: best score [5, 0, 0] after 17 steps, 937 profiles, 113 f >= 1 states, DL13 failures 0 [0.1 s]
#   climb {'climb': 545, 'pos': 545, 'start': 'k4_certs_4_pure.json.gz#104:17,14,134,70'}: best score [1000000000, 0, 0] after 0 steps, 248 profiles, 0 f >= 1 states, DL13 failures 0 [0.0 s]
#   climb {'climb': 546, 'pos': 546, 'start': 'k4_certs_4_pure.json.gz#66:17,10,49,113'}: best score [3, 0, -1] after 15 steps, 863 profiles, 119 f >= 1 states, DL13 failures 0 [0.1 s]
#   climb {'climb': 547, 'pos': 547, 'start': 'k4_certs_4_pure.json.gz#74:29,10,67,156'}: best score [1000000000, 0, 0] after 0 steps, 247 profiles, 0 f >= 1 states, DL13 failures 0 [0.0 s]
#   climb {'climb': 548, 'pos': 548, 'start': 'k4_certs_4_pure.json.gz#121:32,31,154,270'}: best score [4, 0, 0] after 20 steps, 1131 profiles, 134 f >= 1 states, DL13 failures 0 [0.1 s]
#   climb {'climb': 549, 'pos': 549, 'start': 'k4_certs_4_pure.json.gz#74:14,155,247,17'}: best score [1000000000, 0, 0] after 0 steps, 248 profiles, 0 f >= 1 states, DL13 failures 0 [0.0 s]
#   climb {'climb': 550, 'pos': 550, 'start': 'k4_certs_4_pure.json.gz#70:139,35,147,237'}: best score [1000000000, 0, 0] after 0 steps, 249 profiles, 0 f >= 1 states, DL13 failures 0 [0.0 s]
#   climb {'climb': 551, 'pos': 551, 'start': 'k4_certs_4_pure.json.gz#70:17,26,142,35'}: best score [6, 0, 0] after 15 steps, 885 profiles, 225 f >= 1 states, DL13 failures 0 [0.1 s]
#   climb {'climb': 552, 'pos': 552, 'start': 'k4_certs_4_pure.json.gz#109:184,60,226,28'}: best score [3, -1, -2] after 20 steps, 1071 profiles, 417 f >= 1 states, DL13 failures 0 [0.1 s]
#   climb {'climb': 553, 'pos': 553, 'start': 'k4_certs_4_pure.json.gz#96:8,215,23,17'}: best score [3, 0, 0] after 45 steps, 2146 profiles, 367 f >= 1 states, DL13 failures 0 [0.2 s]
#   climb {'climb': 554, 'pos': 554, 'start': 'k4_certs_4_pure.json.gz#63:125,171,188,214'}: best score [9, 0, 0] after 16 steps, 924 profiles, 124 f >= 1 states, DL13 failures 0 [0.1 s]
#   climb {'climb': 555, 'pos': 555, 'start': 'k4_certs_4_pure.json.gz#87:44,100,71,28'}: best score [1000000000, 0, 0] after 0 steps, 252 profiles, 0 f >= 1 states, DL13 failures 0 [0.0 s]
#   climb {'climb': 556, 'pos': 556, 'start': 'k4_certs_4_pure.json.gz#70:102,2,185,118'}: best score [6, 0, 0] after 16 steps, 903 profiles, 199 f >= 1 states, DL13 failures 0 [0.1 s]
#   climb {'climb': 557, 'pos': 557, 'start': 'k4_certs_4_pure.json.gz#28:5,121,155,129'}: best score [1000000000, 0, 0] after 0 steps, 248 profiles, 0 f >= 1 states, DL13 failures 0 [0.0 s]
#   climb {'climb': 558, 'pos': 558, 'start': 'k4_certs_4_pure.json.gz#84:36,63,217,1'}: best score [1000000000, 0, 0] after 0 steps, 249 profiles, 0 f >= 1 states, DL13 failures 0 [0.0 s]
#   climb {'climb': 559, 'pos': 559, 'start': 'k4_certs_4_pure.json.gz#72:6,44,54,161'}: best score [1000000000, 0, 0] after 0 steps, 252 profiles, 0 f >= 1 states, DL13 failures 0 [0.0 s]
#   climb {'climb': 560, 'pos': 560, 'start': 'k4_certs_4_pure.json.gz#69:74,106,76,170'}: best score [1000000000, 0, 0] after 0 steps, 244 profiles, 0 f >= 1 states, DL13 failures 0 [0.0 s]
#   climb {'climb': 561, 'pos': 561, 'start': 'k4_certs_4_pure.json.gz#68:46,122,127,284'}: best score [3, 0, 0] after 17 steps, 950 profiles, 473 f >= 1 states, DL13 failures 0 [0.1 s]
#   climb {'climb': 562, 'pos': 562, 'start': 'k4_certs_4_pure.json.gz#96:148,226,34,127'}: best score [3, 0, -1] after 31 steps, 1550 profiles, 85 f >= 1 states, DL13 failures 0 [0.1 s]
#   climb {'climb': 563, 'pos': 563, 'start': 'k4_certs_4_pure.json.gz#84:46,112,100,100'}: best score [1000000000, 0, 0] after 0 steps, 248 profiles, 0 f >= 1 states, DL13 failures 0 [0.0 s]
#   climb {'climb': 564, 'pos': 564, 'start': 'k4_certs_4_pure.json.gz#109:64,257,258,185'}: best score [1000000000, 0, 0] after 0 steps, 249 profiles, 0 f >= 1 states, DL13 failures 0 [0.0 s]
#   climb {'climb': 565, 'pos': 565, 'start': 'k4_certs_4_pure.json.gz#66:39,274,121,13'}: best score [1000000000, 0, 0] after 0 steps, 248 profiles, 0 f >= 1 states, DL13 failures 0 [0.0 s]
#   climb {'climb': 566, 'pos': 566, 'start': 'k4_certs_4_pure.json.gz#71:106,45,142,161'}: best score [1000000000, 0, 0] after 0 steps, 247 profiles, 0 f >= 1 states, DL13 failures 0 [0.0 s]
#   climb {'climb': 567, 'pos': 567, 'start': 'k4_certs_4_pure.json.gz#67:104,54,75,142'}: best score [1000000000, 0, 0] after 0 steps, 249 profiles, 0 f >= 1 states, DL13 failures 0 [0.0 s]
#   climb {'climb': 568, 'pos': 568, 'start': 'k4_certs_4_pure.json.gz#87:219,39,72,65'}: best score [1000000000, 0, 0] after 0 steps, 247 profiles, 0 f >= 1 states, DL13 failures 0 [0.0 s]
#   climb {'climb': 569, 'pos': 569, 'start': 'k4_certs_4_pure.json.gz#28:76,72,138,70'}: best score [1000000000, 0, 0] after 0 steps, 251 profiles, 0 f >= 1 states, DL13 failures 0 [0.0 s]
#   climb {'climb': 570, 'pos': 570, 'start': 'k4_certs_4_pure.json.gz#75:96,61,22,18'}: best score [1000000000, 0, 0] after 0 steps, 244 profiles, 0 f >= 1 states, DL13 failures 0 [0.0 s]
#   climb {'climb': 571, 'pos': 571, 'start': 'k4_certs_4_pure.json.gz#80:106,29,255,77'}: best score [3, 0, -6] after 15 steps, 869 profiles, 266 f >= 1 states, DL13 failures 0 [0.1 s]
#   climb {'climb': 572, 'pos': 572, 'start': 'k4_certs_4_pure.json.gz#69:52,36,12,162'}: best score [1000000000, 0, 0] after 0 steps, 247 profiles, 0 f >= 1 states, DL13 failures 0 [0.0 s]
#   climb {'climb': 573, 'pos': 573, 'start': 'k4_certs_4_pure.json.gz#71:68,130,39,25'}: best score [1000000000, 0, 0] after 0 steps, 251 profiles, 0 f >= 1 states, DL13 failures 0 [0.0 s]
#   climb {'climb': 574, 'pos': 574, 'start': 'k4_certs_4_pure.json.gz#82:142,155,88,271'}: best score [1000000000, 0, 0] after 0 steps, 244 profiles, 0 f >= 1 states, DL13 failures 0 [0.0 s]
#   climb {'climb': 575, 'pos': 575, 'start': 'k4_certs_4_pure.json.gz#61:97,101,44,60'}: best score [3, 0, 0] after 29 steps, 1440 profiles, 242 f >= 1 states, DL13 failures 0 [0.2 s]
#   climb {'climb': 576, 'pos': 576, 'start': 'k4_certs_4_pure.json.gz#110:140,30,86,80'}: best score [8, 0, -3] after 16 steps, 946 profiles, 164 f >= 1 states, DL13 failures 0 [0.1 s]
#   climb {'climb': 577, 'pos': 577, 'start': 'k4_certs_4_pure.json.gz#61:75,43,48,84'}: best score [1000000000, 0, 0] after 0 steps, 242 profiles, 0 f >= 1 states, DL13 failures 0 [0.0 s]
#   climb {'climb': 578, 'pos': 578, 'start': 'k4_certs_4_pure.json.gz#75:121,31,115,96'}: best score [6, 0, 0] after 16 steps, 882 profiles, 121 f >= 1 states, DL13 failures 0 [0.1 s]
#   climb {'climb': 579, 'pos': 579, 'start': 'k4_certs_4_pure.json.gz#81:23,54,259,9'}: best score [1000000000, 0, 0] after 0 steps, 246 profiles, 0 f >= 1 states, DL13 failures 0 [0.0 s]
#   climb {'climb': 580, 'pos': 580, 'start': 'k4_certs_4_pure.json.gz#68:111,41,231,232'}: best score [5, 0, 0] after 16 steps, 936 profiles, 453 f >= 1 states, DL13 failures 0 [0.1 s]
#   climb {'climb': 581, 'pos': 581, 'start': 'k4_certs_4_pure.json.gz#82:65,147,126,126'}: best score [1000000000, 0, 0] after 0 steps, 250 profiles, 0 f >= 1 states, DL13 failures 0 [0.0 s]
#   climb {'climb': 582, 'pos': 582, 'start': 'k4_certs_4_pure.json.gz#73:124,59,118,145'}: best score [10, 0, 0] after 21 steps, 1162 profiles, 129 f >= 1 states, DL13 failures 0 [0.1 s]
#   climb {'climb': 583, 'pos': 583, 'start': 'k4_certs_4_pure.json.gz#71:121,125,80,60'}: best score [1000000000, 0, 0] after 0 steps, 248 profiles, 0 f >= 1 states, DL13 failures 0 [0.0 s]
#   climb {'climb': 584, 'pos': 584, 'start': 'k4_certs_4_pure.json.gz#115:262,146,183,4'}: best score [1000000000, 0, 0] after 0 steps, 251 profiles, 0 f >= 1 states, DL13 failures 0 [0.0 s]
#   climb {'climb': 585, 'pos': 585, 'start': 'k4_certs_4_pure.json.gz#73:71,143,48,202'}: best score [1000000000, 0, 0] after 0 steps, 249 profiles, 0 f >= 1 states, DL13 failures 0 [0.0 s]
#   climb {'climb': 586, 'pos': 586, 'start': 'k4_certs_4_pure.json.gz#88:196,118,20,21'}: best score [1000000000, 0, 0] after 0 steps, 247 profiles, 0 f >= 1 states, DL13 failures 0 [0.0 s]
#   climb {'climb': 587, 'pos': 587, 'start': 'k4_certs_4_pure.json.gz#77:20,114,96,147'}: best score [1000000000, 0, 0] after 0 steps, 246 profiles, 0 f >= 1 states, DL13 failures 0 [0.0 s]
#   climb {'climb': 588, 'pos': 588, 'start': 'k4_certs_4_pure.json.gz#72:46,88,144,17'}: best score [8, 0, -7] after 17 steps, 940 profiles, 350 f >= 1 states, DL13 failures 0 [0.1 s]
#   climb {'climb': 589, 'pos': 589, 'start': 'k4_certs_4_pure.json.gz#70:34,43,267,228'}: best score [1000000000, 0, 0] after 0 steps, 244 profiles, 0 f >= 1 states, DL13 failures 0 [0.0 s]
#   climb {'climb': 590, 'pos': 590, 'start': 'k4_certs_4_pure.json.gz#74:2,156,65,35'}: best score [1000000000, 0, 0] after 0 steps, 247 profiles, 0 f >= 1 states, DL13 failures 0 [0.0 s]
#   climb {'climb': 591, 'pos': 591, 'start': 'k4_certs_4_pure.json.gz#88:80,26,222,13'}: best score [1000000000, 0, 0] after 0 steps, 247 profiles, 0 f >= 1 states, DL13 failures 0 [0.0 s]
#   climb {'climb': 592, 'pos': 592, 'start': 'k4_certs_4_pure.json.gz#68:44,104,132,234'}: best score [2, 0, -6] after 25 steps, 1303 profiles, 490 f >= 1 states, DL13 failures 0 [0.1 s]
#   climb {'climb': 593, 'pos': 593, 'start': 'k4_certs_4_pure.json.gz#113:234,6,277,168'}: best score [1, -2, -3] after 26 steps, 1111 profiles, 679 f >= 1 states, DL13 failures 0 [0.1 s]
#   climb {'climb': 594, 'pos': 594, 'start': 'k4_certs_4_pure.json.gz#34:93,97,87,177'}: best score [1000000000, 0, 0] after 0 steps, 252 profiles, 0 f >= 1 states, DL13 failures 0 [0.0 s]
#   climb {'climb': 595, 'pos': 595, 'start': 'k4_certs_4_pure.json.gz#115:48,185,84,109'}: best score [1000000000, 0, 0] after 0 steps, 252 profiles, 0 f >= 1 states, DL13 failures 0 [0.0 s]
#   climb {'climb': 596, 'pos': 596, 'start': 'k4_certs_4_pure.json.gz#70:2,75,151,155'}: best score [6, 0, 0] after 16 steps, 903 profiles, 254 f >= 1 states, DL13 failures 0 [0.1 s]
#   climb {'climb': 597, 'pos': 597, 'start': 'k4_certs_4_pure.json.gz#97:224,88,68,10'}: best score [1000000000, 0, 0] after 0 steps, 251 profiles, 0 f >= 1 states, DL13 failures 0 [0.0 s]
#   climb {'climb': 598, 'pos': 598, 'start': 'k4_certs_4_pure.json.gz#71:16,3,278,2'}: best score [1000000000, 0, 0] after 0 steps, 244 profiles, 0 f >= 1 states, DL13 failures 0 [0.0 s]
#   climb {'climb': 599, 'pos': 599, 'start': 'k4_certs_4_pure.json.gz#70:104,67,233,67'}: best score [6, 0, 0] after 15 steps, 870 profiles, 230 f >= 1 states, DL13 failures 0 [0.1 s]
#   climb {'climb': 600, 'pos': 600, 'start': 'k4_certs_4_pure.json.gz#64:20,258,94,9'}: best score [1000000000, 0, 0] after 0 steps, 250 profiles, 0 f >= 1 states, DL13 failures 0 [0.0 s]
#   climb {'climb': 601, 'pos': 601, 'start': 'k4_certs_4_pure.json.gz#84:10,49,98,56'}: best score [3, 0, -11] after 21 steps, 1057 profiles, 701 f >= 1 states, DL13 failures 0 [0.1 s]
#   climb {'climb': 602, 'pos': 602, 'start': 'k4_certs_4_pure.json.gz#74:7,197,207,125'}: best score [1000000000, 0, 0] after 0 steps, 246 profiles, 0 f >= 1 states, DL13 failures 0 [0.0 s]
#   climb {'climb': 603, 'pos': 603, 'start': 'k4_certs_4_pure.json.gz#84:2,80,150,210'}: best score [1000000000, 0, 0] after 0 steps, 246 profiles, 0 f >= 1 states, DL13 failures 0 [0.0 s]
#   climb {'climb': 604, 'pos': 604, 'start': 'k4_certs_4_pure.json.gz#118:25,63,46,127'}: best score [1, 0, 0] after 38 steps, 1618 profiles, 482 f >= 1 states, DL13 failures 0 [0.2 s]
#   climb {'climb': 605, 'pos': 605, 'start': 'k4_certs_4_pure.json.gz#72:72,59,33,200'}: best score [1000000000, 0, 0] after 0 steps, 244 profiles, 0 f >= 1 states, DL13 failures 0 [0.0 s]
#   climb {'climb': 606, 'pos': 606, 'start': 'k4_certs_4_pure.json.gz#98:188,78,17,6'}: best score [8, 0, 0] after 27 steps, 1369 profiles, 91 f >= 1 states, DL13 failures 0 [0.1 s]
#   climb {'climb': 607, 'pos': 607, 'start': 'k4_certs_4_pure.json.gz#77:68,184,40,83'}: best score [1000000000, 0, 0] after 0 steps, 249 profiles, 0 f >= 1 states, DL13 failures 0 [0.0 s]
#   climb {'climb': 608, 'pos': 608, 'start': 'k4_certs_4_pure.json.gz#95:10,112,154,180'}: best score [8, 0, 0] after 17 steps, 994 profiles, 67 f >= 1 states, DL13 failures 0 [0.1 s]
#   climb {'climb': 609, 'pos': 609, 'start': 'k4_certs_4_pure.json.gz#103:6,30,90,185'}: best score [9, 0, 0] after 15 steps, 902 profiles, 112 f >= 1 states, DL13 failures 0 [0.1 s]
#   climb {'climb': 610, 'pos': 610, 'start': 'k4_certs_4_pure.json.gz#89:95,42,46,129'}: best score [1000000000, 0, 0] after 0 steps, 249 profiles, 0 f >= 1 states, DL13 failures 0 [0.0 s]
#   climb {'climb': 611, 'pos': 611, 'start': 'k4_certs_4_pure.json.gz#109:280,54,218,42'}: best score [8, 0, 0] after 19 steps, 1055 profiles, 253 f >= 1 states, DL13 failures 0 [0.1 s]
#   climb {'climb': 612, 'pos': 612, 'start': 'k4_certs_4_pure.json.gz#102:7,44,177,109'}: best score [1000000000, 0, 0] after 0 steps, 247 profiles, 0 f >= 1 states, DL13 failures 0 [0.0 s]
#   climb {'climb': 613, 'pos': 613, 'start': 'k4_certs_4_pure.json.gz#75:124,200,72,56'}: best score [1000000000, 0, 0] after 0 steps, 248 profiles, 0 f >= 1 states, DL13 failures 0 [0.0 s]
#   climb {'climb': 614, 'pos': 614, 'start': 'k4_certs_4_pure.json.gz#69:104,20,75,134'}: best score [3, 0, 0] after 31 steps, 1514 profiles, 729 f >= 1 states, DL13 failures 0 [0.2 s]
#   climb {'climb': 615, 'pos': 615, 'start': 'k4_certs_4_pure.json.gz#105:146,165,8,226'}: best score [6, 0, 0] after 22 steps, 1193 profiles, 154 f >= 1 states, DL13 failures 0 [0.2 s]
#   climb {'climb': 616, 'pos': 616, 'start': 'k4_certs_4_pure.json.gz#80:72,221,130,173'}: best score [1000000000, 0, 0] after 0 steps, 252 profiles, 0 f >= 1 states, DL13 failures 0 [0.0 s]
#   climb {'climb': 617, 'pos': 617, 'start': 'k4_certs_4_pure.json.gz#66:21,90,38,258'}: best score [1000000000, 0, 0] after 0 steps, 255 profiles, 0 f >= 1 states, DL13 failures 0 [0.0 s]
#   climb {'climb': 618, 'pos': 618, 'start': 'k4_certs_4_pure.json.gz#99:22,49,182,177'}: best score [1000000000, 0, 0] after 0 steps, 246 profiles, 0 f >= 1 states, DL13 failures 0 [0.0 s]
#   climb {'climb': 619, 'pos': 619, 'start': 'k4_certs_4_pure.json.gz#94:195,3,88,17'}: best score [1000000000, 0, 0] after 0 steps, 254 profiles, 0 f >= 1 states, DL13 failures 0 [0.0 s]
#   climb {'climb': 620, 'pos': 620, 'start': 'k4_certs_4_pure.json.gz#87:94,98,7,211'}: best score [2, 0, -6] after 26 steps, 1344 profiles, 193 f >= 1 states, DL13 failures 0 [0.1 s]
#   climb {'climb': 621, 'pos': 621, 'start': 'k4_certs_4_pure.json.gz#103:139,20,178,6'}: best score [1000000000, 0, 0] after 0 steps, 247 profiles, 0 f >= 1 states, DL13 failures 0 [0.0 s]
#   climb {'climb': 622, 'pos': 622, 'start': 'k4_certs_4_pure.json.gz#72:22,33,66,13'}: best score [4, 0, -7] after 22 steps, 1199 profiles, 376 f >= 1 states, DL13 failures 0 [0.1 s]
#   climb {'climb': 623, 'pos': 623, 'start': 'k4_certs_4_pure.json.gz#66:74,183,60,69'}: best score [1000000000, 0, 0] after 0 steps, 247 profiles, 0 f >= 1 states, DL13 failures 0 [0.0 s]
#   climb {'climb': 624, 'pos': 624, 'start': 'k4_certs_4_pure.json.gz#119:44,146,20,36'}: best score [5, 0, -12] after 20 steps, 1106 profiles, 958 f >= 1 states, DL13 failures 0 [0.2 s]
#   climb {'climb': 625, 'pos': 625, 'start': 'k4_certs_4_pure.json.gz#29:20,33,57,85'}: best score [1000000000, 0, 0] after 0 steps, 245 profiles, 0 f >= 1 states, DL13 failures 0 [0.0 s]
#   climb {'climb': 626, 'pos': 626, 'start': 'k4_certs_4_pure.json.gz#107:82,11,65,14'}: best score [3, 0, 0] after 30 steps, 1542 profiles, 505 f >= 1 states, DL13 failures 0 [0.2 s]
#   climb {'climb': 627, 'pos': 627, 'start': 'k4_certs_4_pure.json.gz#72:143,117,1,180'}: best score [1000000000, 0, 0] after 0 steps, 246 profiles, 0 f >= 1 states, DL13 failures 0 [0.0 s]
#   climb {'climb': 628, 'pos': 628, 'start': 'k4_certs_4_pure.json.gz#71:35,61,205,164'}: best score [1000000000, 0, 0] after 0 steps, 247 profiles, 0 f >= 1 states, DL13 failures 0 [0.0 s]
#   climb {'climb': 629, 'pos': 629, 'start': 'k4_certs_4_pure.json.gz#67:92,263,209,180'}: best score [1000000000, 0, 0] after 0 steps, 246 profiles, 0 f >= 1 states, DL13 failures 0 [0.0 s]
#   climb {'climb': 630, 'pos': 630, 'start': 'k4_certs_4_pure.json.gz#108:54,148,84,55'}: best score [1000000000, 0, 0] after 0 steps, 251 profiles, 0 f >= 1 states, DL13 failures 0 [0.0 s]
#   climb {'climb': 631, 'pos': 631, 'start': 'k4_certs_4_pure.json.gz#74:46,25,151,164'}: best score [1000000000, 0, 0] after 0 steps, 247 profiles, 0 f >= 1 states, DL13 failures 0 [0.0 s]
#   climb {'climb': 632, 'pos': 632, 'start': 'k4_certs_4_pure.json.gz#74:3,92,157,155'}: best score [3, 0, -6] after 19 steps, 1028 profiles, 393 f >= 1 states, DL13 failures 0 [0.1 s]
#   climb {'climb': 633, 'pos': 633, 'start': 'k4_certs_4_pure.json.gz#82:67,6,31,174'}: best score [1000000000, 0, 0] after 0 steps, 250 profiles, 0 f >= 1 states, DL13 failures 0 [0.0 s]
#   climb {'climb': 634, 'pos': 634, 'start': 'k4_certs_4_pure.json.gz#75:9,18,50,202'}: best score [1000000000, 0, 0] after 0 steps, 250 profiles, 0 f >= 1 states, DL13 failures 0 [0.0 s]
#   climb {'climb': 635, 'pos': 635, 'start': 'k4_certs_4_pure.json.gz#74:91,118,89,83'}: best score [5, 0, -10] after 27 steps, 1342 profiles, 783 f >= 1 states, DL13 failures 0 [0.1 s]
#   climb {'climb': 636, 'pos': 636, 'start': 'k4_certs_4_pure.json.gz#79:106,6,200,74'}: best score [1000000000, 0, 0] after 0 steps, 243 profiles, 0 f >= 1 states, DL13 failures 0 [0.0 s]
#   climb {'climb': 637, 'pos': 637, 'start': 'k4_certs_4_pure.json.gz#77:6,144,136,90'}: best score [1000000000, 0, 0] after 0 steps, 253 profiles, 0 f >= 1 states, DL13 failures 0 [0.0 s]
#   climb {'climb': 638, 'pos': 638, 'start': 'k4_certs_4_pure.json.gz#65:42,78,88,181'}: best score [3, 0, 0] after 16 steps, 911 profiles, 139 f >= 1 states, DL13 failures 0 [0.1 s]
#   climb {'climb': 639, 'pos': 639, 'start': 'k4_certs_4_pure.json.gz#108:43,37,23,43'}: best score [8, 0, 0] after 18 steps, 1041 profiles, 150 f >= 1 states, DL13 failures 0 [0.1 s]
#   climb {'climb': 640, 'pos': 640, 'start': 'k4_certs_4_pure.json.gz#71:35,130,238,2'}: best score [1000000000, 0, 0] after 0 steps, 248 profiles, 0 f >= 1 states, DL13 failures 0 [0.0 s]
#   climb {'climb': 641, 'pos': 641, 'start': 'k4_certs_4_pure.json.gz#78:36,85,211,19'}: best score [1000000000, 0, 0] after 0 steps, 248 profiles, 0 f >= 1 states, DL13 failures 0 [0.0 s]
#   climb {'climb': 642, 'pos': 642, 'start': 'k4_certs_4_pure.json.gz#70:40,29,59,33'}: best score [1000000000, 0, 0] after 0 steps, 245 profiles, 0 f >= 1 states, DL13 failures 0 [0.0 s]
#   climb {'climb': 643, 'pos': 643, 'start': 'k4_certs_4_pure.json.gz#63:11,8,280,274'}: best score [1000000000, 0, 0] after 0 steps, 249 profiles, 0 f >= 1 states, DL13 failures 0 [0.0 s]
#   climb {'climb': 644, 'pos': 644, 'start': 'k4_certs_4_pure.json.gz#71:29,177,118,68'}: best score [1000000000, 0, 0] after 0 steps, 251 profiles, 0 f >= 1 states, DL13 failures 0 [0.0 s]
#   climb {'climb': 645, 'pos': 645, 'start': 'k4_certs_4_pure.json.gz#111:127,45,48,51'}: best score [1000000000, 0, 0] after 0 steps, 253 profiles, 0 f >= 1 states, DL13 failures 0 [0.0 s]
#   climb {'climb': 646, 'pos': 646, 'start': 'k4_certs_4_pure.json.gz#94:107,20,146,149'}: best score [3, 0, -2] after 18 steps, 1035 profiles, 457 f >= 1 states, DL13 failures 0 [0.1 s]
#   climb {'climb': 647, 'pos': 647, 'start': 'k4_certs_4_pure.json.gz#122:264,258,202,31'}: best score [6, 0, 0] after 22 steps, 1198 profiles, 84 f >= 1 states, DL13 failures 0 [0.1 s]
#   climb {'climb': 648, 'pos': 648, 'start': 'k4_certs_4_pure.json.gz#83:62,12,11,53'}: best score [2, 0, -6] after 29 steps, 1508 profiles, 416 f >= 1 states, DL13 failures 0 [0.2 s]
#   climb {'climb': 649, 'pos': 649, 'start': 'k4_certs_4_pure.json.gz#100:45,112,5,63'}: best score [1000000000, 0, 0] after 0 steps, 252 profiles, 0 f >= 1 states, DL13 failures 0 [0.0 s]
#   climb {'climb': 650, 'pos': 650, 'start': 'k4_certs_4_pure.json.gz#95:54,140,68,5'}: best score [1000000000, 0, 0] after 0 steps, 251 profiles, 0 f >= 1 states, DL13 failures 0 [0.0 s]
#   climb {'climb': 651, 'pos': 651, 'start': 'k4_certs_4_pure.json.gz#73:43,148,246,41'}: best score [1000000000, 0, 0] after 0 steps, 249 profiles, 0 f >= 1 states, DL13 failures 0 [0.0 s]
#   climb {'climb': 652, 'pos': 652, 'start': 'k4_certs_4_pure.json.gz#76:28,257,90,6'}: best score [3, 0, 0] after 17 steps, 957 profiles, 240 f >= 1 states, DL13 failures 0 [0.1 s]
#   climb {'climb': 653, 'pos': 653, 'start': 'k4_certs_4_pure.json.gz#89:43,168,109,61'}: best score [1000000000, 0, 0] after 0 steps, 251 profiles, 0 f >= 1 states, DL13 failures 0 [0.0 s]
#   climb {'climb': 654, 'pos': 654, 'start': 'k4_certs_4_pure.json.gz#100:94,243,221,20'}: best score [1000000000, 0, 0] after 0 steps, 249 profiles, 0 f >= 1 states, DL13 failures 0 [0.0 s]
#   climb {'climb': 655, 'pos': 655, 'start': 'k4_certs_4_pure.json.gz#75:70,98,104,186'}: best score [9, 0, 0] after 16 steps, 908 profiles, 178 f >= 1 states, DL13 failures 0 [0.1 s]
#   climb {'climb': 656, 'pos': 656, 'start': 'k4_certs_4_pure.json.gz#104:181,20,18,83'}: best score [1000000000, 0, 0] after 0 steps, 250 profiles, 0 f >= 1 states, DL13 failures 0 [0.0 s]
#   climb {'climb': 657, 'pos': 657, 'start': 'k4_certs_4_pure.json.gz#70:59,112,34,184'}: best score [4, 0, -8] after 16 steps, 902 profiles, 473 f >= 1 states, DL13 failures 0 [0.1 s]
#   climb {'climb': 658, 'pos': 658, 'start': 'k4_certs_4_pure.json.gz#28:39,67,93,89'}: best score [1000000000, 0, 0] after 0 steps, 256 profiles, 0 f >= 1 states, DL13 failures 0 [0.0 s]
#   climb {'climb': 659, 'pos': 659, 'start': 'k4_certs_4_pure.json.gz#66:141,283,161,84'}: best score [1000000000, 0, 0] after 0 steps, 243 profiles, 0 f >= 1 states, DL13 failures 0 [0.0 s]
#   climb {'climb': 660, 'pos': 660, 'start': 'k4_certs_4_pure.json.gz#70:66,35,6,203'}: best score [6, 0, 0] after 20 steps, 1107 profiles, 243 f >= 1 states, DL13 failures 0 [0.1 s]
#   climb {'climb': 661, 'pos': 661, 'start': 'k4_certs_4_pure.json.gz#81:82,44,207,13'}: best score [1000000000, 0, 0] after 0 steps, 249 profiles, 0 f >= 1 states, DL13 failures 0 [0.0 s]
#   climb {'climb': 662, 'pos': 662, 'start': 'k4_certs_4_pure.json.gz#73:104,285,165,60'}: best score [2, 0, -6] after 41 steps, 2046 profiles, 508 f >= 1 states, DL13 failures 0 [0.2 s]
#   climb {'climb': 663, 'pos': 663, 'start': 'k4_certs_4_pure.json.gz#121:90,106,37,72'}: best score [1000000000, 0, 0] after 0 steps, 252 profiles, 0 f >= 1 states, DL13 failures 0 [0.0 s]
#   climb {'climb': 664, 'pos': 664, 'start': 'k4_certs_4_pure.json.gz#112:89,47,104,36'}: best score [1000000000, 0, 0] after 0 steps, 249 profiles, 0 f >= 1 states, DL13 failures 0 [0.0 s]
#   climb {'climb': 665, 'pos': 665, 'start': 'k4_certs_4_pure.json.gz#80:95,2,75,74'}: best score [1000000000, 0, 0] after 0 steps, 245 profiles, 0 f >= 1 states, DL13 failures 0 [0.0 s]
#   climb {'climb': 666, 'pos': 666, 'start': 'k4_certs_4_pure.json.gz#74:66,145,185,166'}: best score [1000000000, 0, 0] after 0 steps, 248 profiles, 0 f >= 1 states, DL13 failures 0 [0.0 s]
#   climb {'climb': 667, 'pos': 667, 'start': 'k4_certs_4_pure.json.gz#70:112,25,42,276'}: best score [6, 0, 0] after 18 steps, 1000 profiles, 225 f >= 1 states, DL13 failures 0 [0.1 s]
#   climb {'climb': 668, 'pos': 668, 'start': 'k4_certs_4_pure.json.gz#81:23,80,156,198'}: best score [1000000000, 0, 0] after 0 steps, 251 profiles, 0 f >= 1 states, DL13 failures 0 [0.0 s]
#   climb {'climb': 669, 'pos': 669, 'start': 'k4_certs_4_pure.json.gz#68:119,10,0,132'}: best score [4, 0, -1] after 22 steps, 1162 profiles, 578 f >= 1 states, DL13 failures 0 [0.1 s]
#   climb {'climb': 670, 'pos': 670, 'start': 'k4_certs_4_pure.json.gz#64:6,266,277,58'}: best score [9, 0, 0] after 16 steps, 869 profiles, 63 f >= 1 states, DL13 failures 0 [0.1 s]
#   climb {'climb': 671, 'pos': 671, 'start': 'k4_certs_4_pure.json.gz#62:8,58,49,11'}: best score [1000000000, 0, 0] after 0 steps, 247 profiles, 0 f >= 1 states, DL13 failures 0 [0.0 s]
#   climb {'climb': 672, 'pos': 672, 'start': 'k4_certs_4_pure.json.gz#89:78,23,0,128'}: best score [1000000000, 0, 0] after 0 steps, 248 profiles, 0 f >= 1 states, DL13 failures 0 [0.0 s]
#   climb {'climb': 673, 'pos': 673, 'start': 'k4_certs_4_pure.json.gz#72:76,43,26,150'}: best score [1000000000, 0, 0] after 0 steps, 252 profiles, 0 f >= 1 states, DL13 failures 0 [0.0 s]
#   climb {'climb': 674, 'pos': 674, 'start': 'k4_certs_4_pure.json.gz#66:135,180,109,36'}: best score [1000000000, 0, 0] after 0 steps, 245 profiles, 0 f >= 1 states, DL13 failures 0 [0.0 s]
#   climb {'climb': 675, 'pos': 675, 'start': 'k4_certs_4_pure.json.gz#62:106,21,123,214'}: best score [1000000000, 0, 0] after 0 steps, 245 profiles, 0 f >= 1 states, DL13 failures 0 [0.0 s]
#   climb {'climb': 676, 'pos': 676, 'start': 'k4_certs_4_pure.json.gz#84:106,145,11,131'}: best score [6, 0, 0] after 18 steps, 1030 profiles, 368 f >= 1 states, DL13 failures 0 [0.1 s]
#   climb {'climb': 677, 'pos': 677, 'start': 'k4_certs_4_pure.json.gz#115:264,20,264,240'}: best score [1000000000, 0, 0] after 0 steps, 250 profiles, 0 f >= 1 states, DL13 failures 0 [0.0 s]
#   climb {'climb': 678, 'pos': 678, 'start': 'k4_certs_4_pure.json.gz#96:29,29,8,62'}: best score [2, 0, 0] after 16 steps, 901 profiles, 157 f >= 1 states, DL13 failures 0 [0.1 s]
#   climb {'climb': 679, 'pos': 679, 'start': 'k4_certs_4_pure.json.gz#73:121,20,107,18'}: best score [1000000000, 0, 0] after 0 steps, 246 profiles, 0 f >= 1 states, DL13 failures 0 [0.0 s]
#   climb {'climb': 680, 'pos': 680, 'start': 'k4_certs_4_pure.json.gz#84:62,1,105,272'}: best score [6, 0, 0] after 29 steps, 1499 profiles, 544 f >= 1 states, DL13 failures 0 [0.1 s]
#   climb {'climb': 681, 'pos': 681, 'start': 'k4_certs_4_pure.json.gz#115:8,5,101,140'}: best score [1000000000, 0, 0] after 0 steps, 246 profiles, 0 f >= 1 states, DL13 failures 0 [0.0 s]
#   climb {'climb': 682, 'pos': 682, 'start': 'k4_certs_4_pure.json.gz#80:141,9,148,76'}: best score [1000000000, 0, 0] after 0 steps, 246 profiles, 0 f >= 1 states, DL13 failures 0 [0.0 s]
#   climb {'climb': 683, 'pos': 683, 'start': 'k4_certs_4_pure.json.gz#85:34,189,110,43'}: best score [1000000000, 0, 0] after 0 steps, 253 profiles, 0 f >= 1 states, DL13 failures 0 [0.0 s]
#   climb {'climb': 684, 'pos': 684, 'start': 'k4_certs_4_pure.json.gz#105:182,54,45,91'}: best score [1000000000, 0, 0] after 0 steps, 252 profiles, 0 f >= 1 states, DL13 failures 0 [0.0 s]
#   climb {'climb': 685, 'pos': 685, 'start': 'k4_certs_4_pure.json.gz#106:46,190,112,277'}: best score [1000000000, 0, 0] after 0 steps, 252 profiles, 0 f >= 1 states, DL13 failures 0 [0.0 s]
#   climb {'climb': 686, 'pos': 686, 'start': 'k4_certs_4_pure.json.gz#72:46,197,46,85'}: best score [1000000000, 0, 0] after 0 steps, 250 profiles, 0 f >= 1 states, DL13 failures 0 [0.0 s]
#   climb {'climb': 687, 'pos': 687, 'start': 'k4_certs_4_pure.json.gz#120:148,68,84,23'}: best score [1000000000, 0, 0] after 0 steps, 246 profiles, 0 f >= 1 states, DL13 failures 0 [0.0 s]
#   climb {'climb': 688, 'pos': 688, 'start': 'k4_certs_4_pure.json.gz#86:75,124,44,209'}: best score [1000000000, 0, 0] after 0 steps, 247 profiles, 0 f >= 1 states, DL13 failures 0 [0.0 s]
#   climb {'climb': 689, 'pos': 689, 'start': 'k4_certs_4_pure.json.gz#63:102,24,7,255'}: best score [1000000000, 0, 0] after 0 steps, 248 profiles, 0 f >= 1 states, DL13 failures 0 [0.0 s]
#   climb {'climb': 690, 'pos': 690, 'start': 'k4_certs_4_pure.json.gz#81:31,191,60,72'}: best score [1000000000, 0, 0] after 0 steps, 248 profiles, 0 f >= 1 states, DL13 failures 0 [0.0 s]
#   climb {'climb': 691, 'pos': 691, 'start': 'k4_certs_4_pure.json.gz#75:34,2,158,274'}: best score [1000000000, 0, 0] after 0 steps, 250 profiles, 0 f >= 1 states, DL13 failures 0 [0.0 s]
#   climb {'climb': 692, 'pos': 692, 'start': 'k4_certs_4_pure.json.gz#70:107,22,82,32'}: best score [6, 0, 0] after 19 steps, 1069 profiles, 205 f >= 1 states, DL13 failures 0 [0.1 s]
#   climb {'climb': 693, 'pos': 693, 'start': 'k4_certs_4_pure.json.gz#78:19,20,235,221'}: best score [1000000000, 0, 0] after 0 steps, 249 profiles, 0 f >= 1 states, DL13 failures 0 [0.0 s]
#   climb {'climb': 694, 'pos': 694, 'start': 'k4_certs_4_pure.json.gz#85:25,274,112,218'}: best score [1000000000, 0, 0] after 0 steps, 246 profiles, 0 f >= 1 states, DL13 failures 0 [0.0 s]
#   climb {'climb': 695, 'pos': 695, 'start': 'k4_certs_4_pure.json.gz#69:46,18,207,121'}: best score [3, 0, 0] after 17 steps, 938 profiles, 299 f >= 1 states, DL13 failures 0 [0.1 s]
#   climb {'climb': 696, 'pos': 696, 'start': 'k4_certs_4_pure.json.gz#83:9,135,22,11'}: best score [8, -1, -1] after 17 steps, 960 profiles, 299 f >= 1 states, DL13 failures 0 [0.1 s]
#   climb {'climb': 697, 'pos': 697, 'start': 'k4_certs_4_pure.json.gz#87:139,19,145,157'}: best score [1000000000, 0, 0] after 0 steps, 252 profiles, 0 f >= 1 states, DL13 failures 0 [0.0 s]
#   climb {'climb': 698, 'pos': 698, 'start': 'k4_certs_4_pure.json.gz#94:155,190,1,43'}: best score [3, 0, -2] after 20 steps, 1121 profiles, 375 f >= 1 states, DL13 failures 0 [0.1 s]
#   climb {'climb': 699, 'pos': 699, 'start': 'k4_certs_4_pure.json.gz#71:103,45,82,255'}: best score [2, 0, -9] after 29 steps, 1386 profiles, 804 f >= 1 states, DL13 failures 0 [0.2 s]
#   climb {'climb': 700, 'pos': 700, 'start': 'k4_certs_4_pure.json.gz#111:110,74,175,26'}: best score [1000000000, 0, 0] after 0 steps, 251 profiles, 0 f >= 1 states, DL13 failures 0 [0.0 s]
#   climb {'climb': 701, 'pos': 701, 'start': 'k4_certs_4_pure.json.gz#73:32,149,20,156'}: best score [3, 0, 0] after 20 steps, 1078 profiles, 293 f >= 1 states, DL13 failures 0 [0.1 s]
#   climb {'climb': 702, 'pos': 702, 'start': 'k4_certs_4_pure.json.gz#71:52,173,50,99'}: best score [1000000000, 0, 0] after 0 steps, 249 profiles, 0 f >= 1 states, DL13 failures 0 [0.0 s]
#   climb {'climb': 703, 'pos': 703, 'start': 'k4_certs_4_pure.json.gz#26:40,114,52,81'}: best score [1000000000, 0, 0] after 0 steps, 239 profiles, 0 f >= 1 states, DL13 failures 0 [0.0 s]
#   climb {'climb': 704, 'pos': 704, 'start': 'k4_certs_4_pure.json.gz#111:65,183,158,110'}: best score [1000000000, 0, 0] after 0 steps, 251 profiles, 0 f >= 1 states, DL13 failures 0 [0.0 s]
#   climb {'climb': 705, 'pos': 705, 'start': 'k4_certs_4_pure.json.gz#76:13,108,108,88'}: best score [1000000000, 0, 0] after 0 steps, 246 profiles, 0 f >= 1 states, DL13 failures 0 [0.0 s]
#   climb {'climb': 706, 'pos': 706, 'start': 'k4_certs_4_pure.json.gz#78:74,95,234,73'}: best score [1000000000, 0, 0] after 0 steps, 249 profiles, 0 f >= 1 states, DL13 failures 0 [0.0 s]
#   climb {'climb': 707, 'pos': 707, 'start': 'k4_certs_4_pure.json.gz#88:112,64,222,204'}: best score [1000000000, 0, 0] after 0 steps, 252 profiles, 0 f >= 1 states, DL13 failures 0 [0.0 s]
#   climb {'climb': 708, 'pos': 708, 'start': 'k4_certs_4_pure.json.gz#79:7,28,131,80'}: best score [4, 0, 0] after 17 steps, 971 profiles, 113 f >= 1 states, DL13 failures 0 [0.1 s]
#   climb {'climb': 709, 'pos': 709, 'start': 'k4_certs_4_pure.json.gz#87:28,132,148,5'}: best score [1000000000, 0, 0] after 0 steps, 250 profiles, 0 f >= 1 states, DL13 failures 0 [0.0 s]
#   climb {'climb': 710, 'pos': 710, 'start': 'k4_certs_4_pure.json.gz#70:7,113,92,225'}: best score [6, 0, 0] after 16 steps, 918 profiles, 189 f >= 1 states, DL13 failures 0 [0.1 s]
#   climb {'climb': 711, 'pos': 711, 'start': 'k4_certs_4_pure.json.gz#63:62,163,7,212'}: best score [1000000000, 0, 0] after 0 steps, 248 profiles, 0 f >= 1 states, DL13 failures 0 [0.0 s]
#   climb {'climb': 712, 'pos': 712, 'start': 'k4_certs_4_pure.json.gz#95:105,108,64,91'}: best score [9, 0, 0] after 17 steps, 680 profiles, 69 f >= 1 states, DL13 failures 0 [0.1 s]
#   climb {'climb': 713, 'pos': 713, 'start': 'k4_certs_4_pure.json.gz#69:8,110,166,32'}: best score [6, 0, 0] after 16 steps, 915 profiles, 366 f >= 1 states, DL13 failures 0 [0.1 s]
#   climb {'climb': 714, 'pos': 714, 'start': 'k4_certs_4_pure.json.gz#108:43,39,128,100'}: best score [1000000000, 0, 0] after 0 steps, 250 profiles, 0 f >= 1 states, DL13 failures 0 [0.0 s]
#   climb {'climb': 715, 'pos': 715, 'start': 'k4_certs_4_pure.json.gz#82:6,20,12,80'}: best score [3, 0, -4] after 23 steps, 1234 profiles, 475 f >= 1 states, DL13 failures 0 [0.1 s]
#   climb {'climb': 716, 'pos': 716, 'start': 'k4_certs_4_pure.json.gz#105:220,46,199,43'}: best score [1000000000, 0, 0] after 0 steps, 248 profiles, 0 f >= 1 states, DL13 failures 0 [0.0 s]
#   climb {'climb': 717, 'pos': 717, 'start': 'k4_certs_4_pure.json.gz#84:36,76,212,264'}: best score [5, 0, -2] after 16 steps, 934 profiles, 144 f >= 1 states, DL13 failures 0 [0.1 s]
#   climb {'climb': 718, 'pos': 718, 'start': 'k4_certs_4_pure.json.gz#108:89,28,26,250'}: best score [1000000000, 0, 0] after 0 steps, 249 profiles, 0 f >= 1 states, DL13 failures 0 [0.0 s]
#   climb {'climb': 719, 'pos': 719, 'start': 'k4_certs_4_pure.json.gz#62:119,0,11,14'}: best score [1000000000, 0, 0] after 0 steps, 240 profiles, 0 f >= 1 states, DL13 failures 0 [0.0 s]
#   climb {'climb': 720, 'pos': 720, 'start': 'k4_certs_4_pure.json.gz#101:54,188,244,190'}: best score [1000000000, 0, 0] after 0 steps, 247 profiles, 0 f >= 1 states, DL13 failures 0 [0.0 s]
#   climb {'climb': 721, 'pos': 721, 'start': 'k4_certs_4_pure.json.gz#80:75,90,47,191'}: best score [1000000000, 0, 0] after 0 steps, 245 profiles, 0 f >= 1 states, DL13 failures 0 [0.0 s]
#   climb {'climb': 722, 'pos': 722, 'start': 'k4_certs_4_pure.json.gz#81:102,216,160,2'}: best score [1000000000, 0, 0] after 0 steps, 246 profiles, 0 f >= 1 states, DL13 failures 0 [0.0 s]
#   climb {'climb': 723, 'pos': 723, 'start': 'k4_certs_4_pure.json.gz#67:22,281,262,150'}: best score [1000000000, 0, 0] after 0 steps, 246 profiles, 0 f >= 1 states, DL13 failures 0 [0.0 s]
#   climb {'climb': 724, 'pos': 724, 'start': 'k4_certs_4_pure.json.gz#76:32,149,12,23'}: best score [3, 0, 0] after 18 steps, 1033 profiles, 474 f >= 1 states, DL13 failures 0 [0.1 s]
#   climb {'climb': 725, 'pos': 725, 'start': 'k4_certs_4_pure.json.gz#77:106,20,257,114'}: best score [1000000000, 0, 0] after 0 steps, 247 profiles, 0 f >= 1 states, DL13 failures 0 [0.0 s]
#   climb {'climb': 726, 'pos': 726, 'start': 'k4_certs_4_pure.json.gz#98:124,22,37,45'}: best score [1000000000, 0, 0] after 0 steps, 251 profiles, 0 f >= 1 states, DL13 failures 0 [0.0 s]
#   climb {'climb': 727, 'pos': 727, 'start': 'k4_certs_4_pure.json.gz#78:62,2,119,67'}: best score [1000000000, 0, 0] after 0 steps, 251 profiles, 0 f >= 1 states, DL13 failures 0 [0.0 s]
#   climb {'climb': 728, 'pos': 728, 'start': 'k4_certs_4_pure.json.gz#71:53,241,2,188'}: best score [0, 0, -4] after 10 steps, 685 profiles, 259 f >= 1 states, DL13 failures 2 [0.1 s]
#   DL13 FAILS in climb {'climb': 728, 'pos': 728, 'start': 'k4_certs_4_pure.json.gz#71:53,241,2,188'}: {'tag': 728, 'prof': [36, 67, 69, 74], 'f': 3, 'omega': 3, 'nmin': 18, 'B': [[7], [5], [6], [4]], 'def': 1, 'k': 2, 'nn': 2, 'pm': 0, 'sig': 'G', 'br': 'none', 'r13d': -1, 'dT1': -1, 'dT3': -1, 't1types': [], 't3types': [], 'frozen': [0, 1, 2], 'J': [0, 1, 2, 3], 'own': [[3, 1]], 'exp': [[3, 0, 'G']], 'better': [{'B': [[0], [5], [7], [6]], 'def': 0}, {'B': [[0], [6], [7], [5]], 'def': 0}, {'B': [[0], [7], [5], [6]], 'def': 0}, {'B': [[0], [7], [6], [5]], 'def': 0}, {'B': [[0, 2], [5], [7], [6]], 'def': 0}, {'B': [[0, 2], [6], [7], [5]], 'def': 0}, {'B': [[0, 2], [7], [5], [6]], 'def': 0}, {'B': [[0, 2], [7], [6], [5]], 'def': 0}, {'B': [[6], [1], [7], [5]], 'def': 0}, {'B': [[6], [5], [7], [4]], 'def': 0}, {'B': [[6], [7], [3], [5]], 'def': 0}, {'B': [[6], [7], [5], [4]], 'def': 0}], 'vals': [[3, 2, 8, 4], [3, 8, 4, 10], [3, 8, 6, 10], [3, 10, 6, 2]], 'core': {'key': {'climb': 728, 'pos': 728, 'start': 'k4_certs_4_pure.json.gz#71:53,241,2,188'}, 'm': 8, 'sets': [[0, 2, 6, 7], [1, 5, 6, 7], [3, 5, 6, 7], [4, 5, 6, 7]]}}
#   climb {'climb': 729, 'pos': 729, 'start': 'k4_certs_4_pure.json.gz#80:1,186,180,108'}: best score [8, 0, 0] after 16 steps, 901 profiles, 185 f >= 1 states, DL13 failures 0 [0.1 s]
#   climb {'climb': 730, 'pos': 730, 'start': 'k4_certs_4_pure.json.gz#79:22,36,258,276'}: best score [1000000000, 0, 0] after 0 steps, 250 profiles, 0 f >= 1 states, DL13 failures 0 [0.0 s]
#   climb {'climb': 731, 'pos': 731, 'start': 'k4_certs_4_pure.json.gz#109:126,8,144,123'}: best score [1000000000, 0, 0] after 0 steps, 249 profiles, 0 f >= 1 states, DL13 failures 0 [0.0 s]
#   climb {'climb': 732, 'pos': 732, 'start': 'k4_certs_4_pure.json.gz#82:9,108,143,115'}: best score [5, 0, 0] after 18 steps, 1014 profiles, 160 f >= 1 states, DL13 failures 0 [0.1 s]
#   climb {'climb': 733, 'pos': 733, 'start': 'k4_certs_4_pure.json.gz#78:140,96,120,19'}: best score [1000000000, 0, 0] after 0 steps, 243 profiles, 0 f >= 1 states, DL13 failures 0 [0.0 s]
#   climb {'climb': 734, 'pos': 734, 'start': 'k4_certs_4_pure.json.gz#83:10,75,109,140'}: best score [1000000000, 0, 0] after 0 steps, 247 profiles, 0 f >= 1 states, DL13 failures 0 [0.0 s]
#   climb {'climb': 735, 'pos': 735, 'start': 'k4_certs_4_pure.json.gz#71:101,146,147,155'}: best score [2, 0, -9] after 15 steps, 850 profiles, 692 f >= 1 states, DL13 failures 0 [0.1 s]
#   climb {'climb': 736, 'pos': 736, 'start': 'k4_certs_4_pure.json.gz#115:54,31,89,279'}: best score [1000000000, 0, 0] after 0 steps, 252 profiles, 0 f >= 1 states, DL13 failures 0 [0.0 s]
#   climb {'climb': 737, 'pos': 737, 'start': 'k4_certs_4_pure.json.gz#110:150,153,154,210'}: best score [6, 0, 0] after 23 steps, 1239 profiles, 212 f >= 1 states, DL13 failures 0 [0.1 s]
#   climb {'climb': 738, 'pos': 738, 'start': 'k4_certs_4_pure.json.gz#70:92,66,32,130'}: best score [6, 0, 0] after 20 steps, 1083 profiles, 188 f >= 1 states, DL13 failures 0 [0.1 s]
#   climb {'climb': 739, 'pos': 739, 'start': 'k4_certs_4_pure.json.gz#68:38,67,100,270'}: best score [10, 0, 0] after 16 steps, 922 profiles, 126 f >= 1 states, DL13 failures 0 [0.1 s]
#   climb {'climb': 740, 'pos': 740, 'start': 'k4_certs_4_pure.json.gz#71:87,0,76,43'}: best score [2, 0, -9] after 47 steps, 2224 profiles, 968 f >= 1 states, DL13 failures 0 [0.3 s]
#   climb {'climb': 741, 'pos': 741, 'start': 'k4_certs_4_pure.json.gz#84:106,99,219,62'}: best score [1000000000, 0, 0] after 0 steps, 249 profiles, 0 f >= 1 states, DL13 failures 0 [0.0 s]
#   climb {'climb': 742, 'pos': 742, 'start': 'k4_certs_4_pure.json.gz#67:59,218,230,107'}: best score [1000000000, 0, 0] after 0 steps, 248 profiles, 0 f >= 1 states, DL13 failures 0 [0.0 s]
#   climb {'climb': 743, 'pos': 743, 'start': 'k4_certs_4_pure.json.gz#75:112,158,126,10'}: best score [1000000000, 0, 0] after 0 steps, 248 profiles, 0 f >= 1 states, DL13 failures 0 [0.0 s]
#   climb {'climb': 744, 'pos': 744, 'start': 'k4_certs_4_pure.json.gz#90:123,42,2,19'}: best score [1000000000, 0, 0] after 0 steps, 250 profiles, 0 f >= 1 states, DL13 failures 0 [0.0 s]
#   climb {'climb': 745, 'pos': 745, 'start': 'k4_certs_4_pure.json.gz#111:31,34,6,145'}: best score [1000000000, 0, 0] after 0 steps, 247 profiles, 0 f >= 1 states, DL13 failures 0 [0.0 s]
#   climb {'climb': 746, 'pos': 746, 'start': 'k4_certs_4_pure.json.gz#73:141,37,36,176'}: best score [1000000000, 0, 0] after 0 steps, 247 profiles, 0 f >= 1 states, DL13 failures 0 [0.0 s]
#   climb {'climb': 747, 'pos': 747, 'start': 'k4_certs_4_pure.json.gz#77:137,42,9,79'}: best score [1000000000, 0, 0] after 0 steps, 252 profiles, 0 f >= 1 states, DL13 failures 0 [0.0 s]
#   climb {'climb': 748, 'pos': 748, 'start': 'k4_certs_4_pure.json.gz#79:127,137,22,41'}: best score [1000000000, 0, 0] after 0 steps, 247 profiles, 0 f >= 1 states, DL13 failures 0 [0.0 s]
#   climb {'climb': 749, 'pos': 749, 'start': 'k4_certs_4_pure.json.gz#95:46,61,129,46'}: best score [4, 0, -3] after 21 steps, 1137 profiles, 228 f >= 1 states, DL13 failures 0 [0.1 s]
#   climb {'climb': 750, 'pos': 750, 'start': 'k4_certs_4_pure.json.gz#77:40,42,60,227'}: best score [1000000000, 0, 0] after 0 steps, 246 profiles, 0 f >= 1 states, DL13 failures 0 [0.0 s]
#   climb {'climb': 751, 'pos': 751, 'start': 'k4_certs_4_pure.json.gz#85:14,32,210,172'}: best score [1000000000, 0, 0] after 0 steps, 246 profiles, 0 f >= 1 states, DL13 failures 0 [0.0 s]
#   climb {'climb': 752, 'pos': 752, 'start': 'k4_certs_4_pure.json.gz#98:90,18,68,88'}: best score [3, 0, 0] after 27 steps, 1386 profiles, 233 f >= 1 states, DL13 failures 0 [0.2 s]
#   climb {'climb': 753, 'pos': 753, 'start': 'k4_certs_4_pure.json.gz#87:16,17,201,149'}: best score [4, 0, -8] after 16 steps, 912 profiles, 543 f >= 1 states, DL13 failures 0 [0.1 s]
#   climb {'climb': 754, 'pos': 754, 'start': 'k4_certs_4_pure.json.gz#120:72,72,239,38'}: best score [2, 0, 0] after 20 steps, 1091 profiles, 171 f >= 1 states, DL13 failures 0 [0.1 s]
#   climb {'climb': 755, 'pos': 755, 'start': 'k4_certs_4_pure.json.gz#69:48,112,96,124'}: best score [1000000000, 0, 0] after 0 steps, 249 profiles, 0 f >= 1 states, DL13 failures 0 [0.0 s]
#   climb {'climb': 756, 'pos': 756, 'start': 'k4_certs_4_pure.json.gz#75:73,200,24,258'}: best score [1000000000, 0, 0] after 0 steps, 251 profiles, 0 f >= 1 states, DL13 failures 0 [0.0 s]
#   climb {'climb': 757, 'pos': 757, 'start': 'k4_certs_4_pure.json.gz#62:35,60,140,133'}: best score [1000000000, 0, 0] after 0 steps, 251 profiles, 0 f >= 1 states, DL13 failures 0 [0.0 s]
#   climb {'climb': 758, 'pos': 758, 'start': 'k4_certs_4_pure.json.gz#82:20,34,192,130'}: best score [1000000000, 0, 0] after 0 steps, 248 profiles, 0 f >= 1 states, DL13 failures 0 [0.0 s]
#   climb {'climb': 759, 'pos': 759, 'start': 'k4_certs_4_pure.json.gz#70:98,100,183,110'}: best score [6, 0, 0] after 15 steps, 890 profiles, 179 f >= 1 states, DL13 failures 0 [0.1 s]
#   climb {'climb': 760, 'pos': 760, 'start': 'k4_certs_4_pure.json.gz#69:77,65,143,136'}: best score [3, 0, 0] after 19 steps, 982 profiles, 381 f >= 1 states, DL13 failures 0 [0.1 s]
#   climb {'climb': 761, 'pos': 761, 'start': 'k4_certs_4_pure.json.gz#85:102,81,257,138'}: best score [6, 0, 0] after 23 steps, 1225 profiles, 559 f >= 1 states, DL13 failures 0 [0.1 s]
#   climb {'climb': 762, 'pos': 762, 'start': 'k4_certs_4_pure.json.gz#69:106,16,129,272'}: best score [3, 0, 0] after 23 steps, 1216 profiles, 460 f >= 1 states, DL13 failures 0 [0.1 s]
#   climb {'climb': 763, 'pos': 763, 'start': 'k4_certs_4_pure.json.gz#61:105,203,90,171'}: best score [3, 0, 0] after 19 steps, 1040 profiles, 591 f >= 1 states, DL13 failures 0 [0.1 s]
#   climb {'climb': 764, 'pos': 764, 'start': 'k4_certs_4_pure.json.gz#64:12,109,15,190'}: best score [1000000000, 0, 0] after 0 steps, 248 profiles, 0 f >= 1 states, DL13 failures 0 [0.0 s]
#   climb {'climb': 765, 'pos': 765, 'start': 'k4_certs_4_pure.json.gz#72:37,110,195,266'}: best score [1000000000, 0, 0] after 0 steps, 246 profiles, 0 f >= 1 states, DL13 failures 0 [0.0 s]
#   climb {'climb': 766, 'pos': 766, 'start': 'k4_certs_4_pure.json.gz#64:127,22,184,218'}: best score [1000000000, 0, 0] after 0 steps, 251 profiles, 0 f >= 1 states, DL13 failures 0 [0.0 s]
#   climb {'climb': 767, 'pos': 767, 'start': 'k4_certs_4_pure.json.gz#92:226,48,88,109'}: best score [1000000000, 0, 0] after 0 steps, 248 profiles, 0 f >= 1 states, DL13 failures 0 [0.0 s]
#   climb {'climb': 768, 'pos': 768, 'start': 'k4_certs_4_pure.json.gz#68:67,131,263,214'}: best score [10, 0, 0] after 18 steps, 1007 profiles, 195 f >= 1 states, DL13 failures 0 [0.1 s]
#   climb {'climb': 769, 'pos': 769, 'start': 'k4_certs_4_pure.json.gz#28:86,5,95,55'}: best score [1000000000, 0, 0] after 0 steps, 252 profiles, 0 f >= 1 states, DL13 failures 0 [0.0 s]
#   climb {'climb': 770, 'pos': 770, 'start': 'k4_certs_4_pure.json.gz#71:17,63,57,130'}: best score [1000000000, 0, 0] after 0 steps, 248 profiles, 0 f >= 1 states, DL13 failures 0 [0.0 s]
#   climb {'climb': 771, 'pos': 771, 'start': 'k4_certs_4_pure.json.gz#87:280,10,93,148'}: best score [1000000000, 0, 0] after 0 steps, 251 profiles, 0 f >= 1 states, DL13 failures 0 [0.0 s]
#   climb {'climb': 772, 'pos': 772, 'start': 'k4_certs_4_pure.json.gz#95:92,5,102,72'}: best score [1000000000, 0, 0] after 0 steps, 252 profiles, 0 f >= 1 states, DL13 failures 0 [0.0 s]
#   climb {'climb': 773, 'pos': 773, 'start': 'k4_certs_4_pure.json.gz#75:118,18,3,93'}: best score [1000000000, 0, 0] after 0 steps, 247 profiles, 0 f >= 1 states, DL13 failures 0 [0.0 s]
#   climb {'climb': 774, 'pos': 774, 'start': 'k4_certs_4_pure.json.gz#95:182,72,61,180'}: best score [1000000000, 0, 0] after 0 steps, 244 profiles, 0 f >= 1 states, DL13 failures 0 [0.0 s]
#   climb {'climb': 775, 'pos': 775, 'start': 'k4_certs_4_pure.json.gz#87:260,42,157,10'}: best score [4, 0, -4] after 17 steps, 1003 profiles, 269 f >= 1 states, DL13 failures 0 [0.1 s]
#   climb {'climb': 776, 'pos': 776, 'start': 'k4_certs_4_pure.json.gz#84:52,16,131,136'}: best score [1000000000, 0, 0] after 0 steps, 248 profiles, 0 f >= 1 states, DL13 failures 0 [0.0 s]
#   climb {'climb': 777, 'pos': 777, 'start': 'k4_certs_4_pure.json.gz#67:51,20,15,15'}: best score [4, 0, -4] after 18 steps, 1019 profiles, 585 f >= 1 states, DL13 failures 0 [0.1 s]
#   climb {'climb': 778, 'pos': 778, 'start': 'k4_certs_4_pure.json.gz#119:32,159,82,7'}: best score [1000000000, 0, 0] after 0 steps, 251 profiles, 0 f >= 1 states, DL13 failures 0 [0.0 s]
#   climb {'climb': 779, 'pos': 779, 'start': 'k4_certs_4_pure.json.gz#117:146,113,147,145'}: best score [1000000000, 0, 0] after 0 steps, 252 profiles, 0 f >= 1 states, DL13 failures 0 [0.0 s]
#   climb {'climb': 780, 'pos': 780, 'start': 'k4_certs_4_pure.json.gz#81:62,88,124,255'}: best score [6, 0, 0] after 15 steps, 880 profiles, 174 f >= 1 states, DL13 failures 0 [0.1 s]
#   climb {'climb': 781, 'pos': 781, 'start': 'k4_certs_4_pure.json.gz#86:72,144,80,251'}: best score [3, 0, 0] after 19 steps, 1040 profiles, 269 f >= 1 states, DL13 failures 0 [0.1 s]
#   climb {'climb': 782, 'pos': 782, 'start': 'k4_certs_4_pure.json.gz#87:210,14,34,84'}: best score [1000000000, 0, 0] after 0 steps, 245 profiles, 0 f >= 1 states, DL13 failures 0 [0.0 s]
#   climb {'climb': 783, 'pos': 783, 'start': 'k4_certs_4_pure.json.gz#82:11,112,213,97'}: best score [1000000000, 0, 0] after 0 steps, 251 profiles, 0 f >= 1 states, DL13 failures 0 [0.0 s]
#   climb {'climb': 784, 'pos': 784, 'start': 'k4_certs_4_pure.json.gz#74:26,114,90,21'}: best score [7, 0, 0] after 20 steps, 1111 profiles, 169 f >= 1 states, DL13 failures 0 [0.1 s]
#   climb {'climb': 785, 'pos': 785, 'start': 'k4_certs_4_pure.json.gz#88:75,123,93,88'}: best score [1000000000, 0, 0] after 0 steps, 247 profiles, 0 f >= 1 states, DL13 failures 0 [0.0 s]
#   climb {'climb': 786, 'pos': 786, 'start': 'k4_certs_4_pure.json.gz#77:19,118,10,122'}: best score [10, 0, -4] after 25 steps, 1260 profiles, 540 f >= 1 states, DL13 failures 0 [0.1 s]
#   climb {'climb': 787, 'pos': 787, 'start': 'k4_certs_4_pure.json.gz#69:12,71,131,110'}: best score [4, 0, -8] after 22 steps, 1165 profiles, 404 f >= 1 states, DL13 failures 0 [0.1 s]
#   climb {'climb': 788, 'pos': 788, 'start': 'k4_certs_4_pure.json.gz#75:46,2,41,18'}: best score [1000000000, 0, 0] after 0 steps, 250 profiles, 0 f >= 1 states, DL13 failures 0 [0.0 s]
#   climb {'climb': 789, 'pos': 789, 'start': 'k4_certs_4_pure.json.gz#120:38,30,0,279'}: best score [1000000000, 0, 0] after 0 steps, 248 profiles, 0 f >= 1 states, DL13 failures 0 [0.0 s]
#   climb {'climb': 790, 'pos': 790, 'start': 'k4_certs_4_pure.json.gz#109:285,150,148,112'}: best score [1000000000, 0, 0] after 0 steps, 249 profiles, 0 f >= 1 states, DL13 failures 0 [0.0 s]
#   climb {'climb': 791, 'pos': 791, 'start': 'k4_certs_4_pure.json.gz#102:177,156,150,38'}: best score [1000000000, 0, 0] after 0 steps, 254 profiles, 0 f >= 1 states, DL13 failures 0 [0.0 s]
#   climb {'climb': 792, 'pos': 792, 'start': 'k4_certs_4_pure.json.gz#87:60,149,255,256'}: best score [1000000000, 0, 0] after 0 steps, 247 profiles, 0 f >= 1 states, DL13 failures 0 [0.0 s]
#   climb {'climb': 793, 'pos': 793, 'start': 'k4_certs_4_pure.json.gz#69:28,43,11,184'}: best score [1000000000, 0, 0] after 0 steps, 247 profiles, 0 f >= 1 states, DL13 failures 0 [0.0 s]
#   climb {'climb': 794, 'pos': 794, 'start': 'k4_certs_4_pure.json.gz#73:121,42,227,155'}: best score [3, 0, 0] after 21 steps, 1142 profiles, 285 f >= 1 states, DL13 failures 0 [0.1 s]
#   climb {'climb': 795, 'pos': 795, 'start': 'k4_certs_4_pure.json.gz#86:33,53,260,218'}: best score [1000000000, 0, 0] after 0 steps, 242 profiles, 0 f >= 1 states, DL13 failures 0 [0.0 s]
#   climb {'climb': 796, 'pos': 796, 'start': 'k4_certs_4_pure.json.gz#68:8,14,87,18'}: best score [3, 0, 0] after 16 steps, 924 profiles, 661 f >= 1 states, DL13 failures 0 [0.1 s]
#   climb {'climb': 797, 'pos': 797, 'start': 'k4_certs_4_pure.json.gz#80:109,53,14,60'}: best score [1000000000, 0, 0] after 0 steps, 248 profiles, 0 f >= 1 states, DL13 failures 0 [0.0 s]
#   climb {'climb': 798, 'pos': 798, 'start': 'k4_certs_4_pure.json.gz#79:64,203,232,147'}: best score [4, 0, 0] after 26 steps, 1360 profiles, 174 f >= 1 states, DL13 failures 0 [0.1 s]
#   climb {'climb': 799, 'pos': 799, 'start': 'k4_certs_4_pure.json.gz#75:23,162,0,24'}: best score [5, 0, 0] after 34 steps, 1655 profiles, 182 f >= 1 states, DL13 failures 0 [0.2 s]
#   climb {'climb': 800, 'pos': 800, 'start': 'k4_certs_4_pure.json.gz#70:67,72,276,6'}: best score [1000000000, 0, 0] after 0 steps, 242 profiles, 0 f >= 1 states, DL13 failures 0 [0.0 s]
#   climb {'climb': 801, 'pos': 801, 'start': 'k4_certs_4_pure.json.gz#73:94,116,80,10'}: best score [1000000000, 0, 0] after 0 steps, 248 profiles, 0 f >= 1 states, DL13 failures 0 [0.0 s]
#   climb {'climb': 802, 'pos': 802, 'start': 'k4_certs_4_pure.json.gz#28:45,85,52,4'}: best score [1000000000, 0, 0] after 0 steps, 252 profiles, 0 f >= 1 states, DL13 failures 0 [0.0 s]
#   climb {'climb': 803, 'pos': 803, 'start': 'k4_certs_4_pure.json.gz#84:22,54,58,69'}: best score [1000000000, 0, 0] after 0 steps, 251 profiles, 0 f >= 1 states, DL13 failures 0 [0.0 s]
#   climb {'climb': 804, 'pos': 804, 'start': 'k4_certs_4_pure.json.gz#100:266,94,156,274'}: best score [1000000000, 0, 0] after 0 steps, 253 profiles, 0 f >= 1 states, DL13 failures 0 [0.0 s]
#   climb {'climb': 805, 'pos': 805, 'start': 'k4_certs_4_pure.json.gz#69:74,15,205,243'}: best score [1000000000, 0, 0] after 0 steps, 239 profiles, 0 f >= 1 states, DL13 failures 0 [0.0 s]
#   climb {'climb': 806, 'pos': 806, 'start': 'k4_certs_4_pure.json.gz#105:152,230,156,8'}: best score [9, 0, 0] after 31 steps, 1562 profiles, 128 f >= 1 states, DL13 failures 0 [0.2 s]
#   climb {'climb': 807, 'pos': 807, 'start': 'k4_certs_4_pure.json.gz#76:102,48,174,29'}: best score [3, 0, 0] after 19 steps, 1042 profiles, 308 f >= 1 states, DL13 failures 0 [0.1 s]
#   climb {'climb': 808, 'pos': 808, 'start': 'k4_certs_4_pure.json.gz#75:7,184,97,172'}: best score [6, 0, 0] after 20 steps, 1101 profiles, 168 f >= 1 states, DL13 failures 0 [0.1 s]
#   climb {'climb': 809, 'pos': 809, 'start': 'k4_certs_4_pure.json.gz#73:12,46,27,73'}: best score [3, 0, 0] after 25 steps, 1319 profiles, 382 f >= 1 states, DL13 failures 0 [0.2 s]
#   climb {'climb': 810, 'pos': 810, 'start': 'k4_certs_4_pure.json.gz#72:86,112,171,37'}: best score [1000000000, 0, 0] after 0 steps, 249 profiles, 0 f >= 1 states, DL13 failures 0 [0.0 s]
#   climb {'climb': 811, 'pos': 811, 'start': 'k4_certs_4_pure.json.gz#107:3,92,138,91'}: best score [7, 0, 0] after 17 steps, 922 profiles, 359 f >= 1 states, DL13 failures 0 [0.1 s]
#   climb {'climb': 812, 'pos': 812, 'start': 'k4_certs_4_pure.json.gz#88:266,47,187,93'}: best score [1000000000, 0, 0] after 0 steps, 252 profiles, 0 f >= 1 states, DL13 failures 0 [0.0 s]
#   climb {'climb': 813, 'pos': 813, 'start': 'k4_certs_4_pure.json.gz#68:3,71,132,144'}: best score [2, 0, -6] after 26 steps, 1358 profiles, 649 f >= 1 states, DL13 failures 0 [0.1 s]
#   climb {'climb': 814, 'pos': 814, 'start': 'k4_certs_4_pure.json.gz#64:7,106,42,51'}: best score [1000000000, 0, 0] after 0 steps, 247 profiles, 0 f >= 1 states, DL13 failures 0 [0.0 s]
#   climb {'climb': 815, 'pos': 815, 'start': 'k4_certs_4_pure.json.gz#108:42,11,6,61'}: best score [1000000000, 0, 0] after 0 steps, 250 profiles, 0 f >= 1 states, DL13 failures 0 [0.0 s]
#   climb {'climb': 816, 'pos': 816, 'start': 'k4_certs_4_pure.json.gz#120:45,106,15,183'}: best score [2, 0, 0] after 41 steps, 1986 profiles, 516 f >= 1 states, DL13 failures 0 [0.3 s]
#   climb {'climb': 817, 'pos': 817, 'start': 'k4_certs_4_pure.json.gz#24:7,211,227,2'}: best score [3, 0, -6] after 15 steps, 866 profiles, 270 f >= 1 states, DL13 failures 0 [0.1 s]
#   climb {'climb': 818, 'pos': 818, 'start': 'k4_certs_4_pure.json.gz#90:18,122,282,46'}: best score [1000000000, 0, 0] after 0 steps, 246 profiles, 0 f >= 1 states, DL13 failures 0 [0.0 s]
#   climb {'climb': 819, 'pos': 819, 'start': 'k4_certs_4_pure.json.gz#70:123,51,31,21'}: best score [1000000000, 0, 0] after 0 steps, 249 profiles, 0 f >= 1 states, DL13 failures 0 [0.0 s]
#   climb {'climb': 820, 'pos': 820, 'start': 'k4_certs_4_pure.json.gz#71:11,122,196,46'}: best score [1000000000, 0, 0] after 0 steps, 245 profiles, 0 f >= 1 states, DL13 failures 0 [0.0 s]
#   climb {'climb': 821, 'pos': 821, 'start': 'k4_certs_4_pure.json.gz#62:37,37,256,69'}: best score [1000000000, 0, 0] after 0 steps, 251 profiles, 0 f >= 1 states, DL13 failures 0 [0.0 s]
#   climb {'climb': 822, 'pos': 822, 'start': 'k4_certs_4_pure.json.gz#42:7,3,206,7'}: best score [3, 0, -1] after 15 steps, 880 profiles, 104 f >= 1 states, DL13 failures 0 [0.1 s]
#   climb {'climb': 823, 'pos': 823, 'start': 'k4_certs_4_pure.json.gz#68:64,7,38,31'}: best score [10, 0, 0] after 17 steps, 966 profiles, 151 f >= 1 states, DL13 failures 0 [0.1 s]
#   climb {'climb': 824, 'pos': 824, 'start': 'k4_certs_4_pure.json.gz#69:132,40,129,251'}: best score [1000000000, 0, 0] after 0 steps, 246 profiles, 0 f >= 1 states, DL13 failures 0 [0.0 s]
#   climb {'climb': 825, 'pos': 825, 'start': 'k4_certs_4_pure.json.gz#69:91,17,41,85'}: best score [3, 0, 0] after 21 steps, 1119 profiles, 370 f >= 1 states, DL13 failures 0 [0.2 s]
#   climb {'climb': 826, 'pos': 826, 'start': 'k4_certs_4_pure.json.gz#77:35,193,110,43'}: best score [1000000000, 0, 0] after 0 steps, 247 profiles, 0 f >= 1 states, DL13 failures 0 [0.0 s]
#   climb {'climb': 827, 'pos': 827, 'start': 'k4_certs_4_pure.json.gz#73:63,47,59,6'}: best score [4, 0, -6] after 18 steps, 957 profiles, 485 f >= 1 states, DL13 failures 0 [0.2 s]
#   climb {'climb': 828, 'pos': 828, 'start': 'k4_certs_4_pure.json.gz#83:64,0,120,254'}: best score [1000000000, 0, 0] after 0 steps, 249 profiles, 0 f >= 1 states, DL13 failures 0 [0.0 s]
#   climb {'climb': 829, 'pos': 829, 'start': 'k4_certs_4_pure.json.gz#99:36,45,226,104'}: best score [2, 0, 0] after 15 steps, 893 profiles, 138 f >= 1 states, DL13 failures 0 [0.1 s]
#   climb {'climb': 830, 'pos': 830, 'start': 'k4_certs_4_pure.json.gz#97:166,42,11,146'}: best score [1000000000, 0, 0] after 0 steps, 252 profiles, 0 f >= 1 states, DL13 failures 0 [0.0 s]
#   climb {'climb': 831, 'pos': 831, 'start': 'k4_certs_4_pure.json.gz#85:46,207,216,9'}: best score [1000000000, 0, 0] after 0 steps, 243 profiles, 0 f >= 1 states, DL13 failures 0 [0.0 s]
#   climb {'climb': 832, 'pos': 832, 'start': 'k4_certs_4_pure.json.gz#93:189,84,80,100'}: best score [1000000000, 0, 0] after 0 steps, 250 profiles, 0 f >= 1 states, DL13 failures 0 [0.0 s]
#   climb {'climb': 833, 'pos': 833, 'start': 'k4_certs_4_pure.json.gz#87:53,195,84,17'}: best score [4, 0, -8] after 19 steps, 1031 profiles, 587 f >= 1 states, DL13 failures 0 [0.2 s]
#   climb {'climb': 834, 'pos': 834, 'start': 'k4_certs_4_pure.json.gz#96:6,7,207,130'}: best score [1000000000, 0, 0] after 0 steps, 252 profiles, 0 f >= 1 states, DL13 failures 0 [0.0 s]
#   climb {'climb': 835, 'pos': 835, 'start': 'k4_certs_4_pure.json.gz#73:102,10,65,147'}: best score [1000000000, 0, 0] after 0 steps, 246 profiles, 0 f >= 1 states, DL13 failures 0 [0.0 s]
#   climb {'climb': 836, 'pos': 836, 'start': 'k4_certs_4_pure.json.gz#74:8,103,164,166'}: best score [1000000000, 0, 0] after 0 steps, 250 profiles, 0 f >= 1 states, DL13 failures 0 [0.0 s]
#   climb {'climb': 837, 'pos': 837, 'start': 'k4_certs_4_pure.json.gz#99:143,21,10,264'}: best score [0, 0, 0] after 9 steps, 644 profiles, 122 f >= 1 states, DL13 failures 1 [0.1 s]
#   DL13 FAILS in climb {'climb': 837, 'pos': 837, 'start': 'k4_certs_4_pure.json.gz#99:143,21,10,264'}: {'tag': 837, 'prof': [19, 0, 46, 128], 'f': 1, 'omega': 1, 'nmin': 27, 'B': [[2, 6], [7], [3], [4, 5]], 'def': 1, 'k': 2, 'nn': 2, 'pm': 0, 'sig': 'e1,e2,L', 'br': 'none', 'r13d': -1, 'dT1': -1, 'dT3': -1, 't1types': [], 't3types': [], 'frozen': [1], 'J': [0, 1], 'own': [[0, 1], [2, 1], [3, 1]], 'exp': [[0, 2, 'e1'], [2, 0, 'e2'], [3, 1, 'L']], 'better': [{'B': [[3], [5], [2, 6], [7]], 'def': -1}, {'B': [[3], [5], [7], [6]], 'def': -2}, {'B': [[3], [5], [7], [4, 6]], 'def': -1}, {'B': [[3], [1, 5], [2, 6], [7]], 'def': 0}, {'B': [[3], [1, 5], [7], [6]], 'def': -1}, {'B': [[3], [1, 5], [7], [4, 6]], 'def': -1}, {'B': [[3], [4, 5], [2, 6], [7]], 'def': 0}, {'B': [[3], [4, 5], [7], [6]], 'def': -1}, {'B': [[3], [7], [2, 6], [4, 5]], 'def': 0}, {'B': [[0, 3], [5], [2, 6], [7]], 'def': -1}, {'B': [[0, 3], [5], [7], [6]], 'def': -2}, {'B': [[0, 3], [5], [7], [4, 6]], 'def': -1}, {'B': [[0, 3], [1, 5], [2, 6], [7]], 'def': 0}, {'B': [[0, 3], [1, 5], [7], [6]], 'def': -1}, {'B': [[0, 3], [1, 5], [7], [4, 6]], 'def': 0}, {'B': [[0, 3], [4, 5], [2, 6], [7]], 'def': 0}, {'B': [[0, 3], [4, 5], [7], [6]], 'def': -1}, {'B': [[0, 3], [7], [2, 6], [4, 5]], 'def': 0}, {'B': [[2, 3], [5], [7], [6]], 'def': -2}, {'B': [[2, 3], [5], [7], [4, 6]], 'def': -1}, {'B': [[2, 3], [1, 5], [7], [6]], 'def': -1}, {'B': [[2, 3], [1, 5], [7], [4, 6]], 'def': 0}, {'B': [[2, 3], [4, 5], [7], [6]], 'def': -1}, {'B': [[2, 6], [5], [3], [7]], 'def': 0}, {'B': [[2, 6], [1, 5], [3], [7]], 'def': 0}], 'vals': [[2, 5, 8, 4], [1, 4, 6, 8], [3, 4, 2, 8], [5, 3, 6, 7]], 'core': {'key': {'climb': 837, 'pos': 837, 'start': 'k4_certs_4_pure.json.gz#99:143,21,10,264'}, 'm': 8, 'sets': [[0, 2, 3, 6], [1, 4, 5, 7], [2, 3, 6, 7], [4, 5, 6, 7]]}}
#   climb {'climb': 838, 'pos': 838, 'start': 'k4_certs_4_pure.json.gz#71:102,223,255,94'}: best score [1000000000, 0, 0] after 0 steps, 250 profiles, 0 f >= 1 states, DL13 failures 0 [0.0 s]
#   climb {'climb': 839, 'pos': 839, 'start': 'k4_certs_4_pure.json.gz#105:115,111,150,110'}: best score [1000000000, 0, 0] after 0 steps, 252 profiles, 0 f >= 1 states, DL13 failures 0 [0.0 s]
#   climb {'climb': 840, 'pos': 840, 'start': 'k4_certs_4_pure.json.gz#100:233,30,165,72'}: best score [1000000000, 0, 0] after 0 steps, 254 profiles, 0 f >= 1 states, DL13 failures 0 [0.0 s]
#   climb {'climb': 841, 'pos': 841, 'start': 'k4_certs_4_pure.json.gz#67:32,156,29,24'}: best score [1000000000, 0, 0] after 0 steps, 248 profiles, 0 f >= 1 states, DL13 failures 0 [0.0 s]
#   climb {'climb': 842, 'pos': 842, 'start': 'k4_certs_4_pure.json.gz#81:87,72,78,80'}: best score [1000000000, 0, 0] after 0 steps, 246 profiles, 0 f >= 1 states, DL13 failures 0 [0.0 s]
#   climb {'climb': 843, 'pos': 843, 'start': 'k4_certs_4_pure.json.gz#74:32,14,144,65'}: best score [1000000000, 0, 0] after 0 steps, 252 profiles, 0 f >= 1 states, DL13 failures 0 [0.0 s]
#   climb {'climb': 844, 'pos': 844, 'start': 'k4_certs_4_pure.json.gz#115:10,168,123,30'}: best score [1000000000, 0, 0] after 0 steps, 251 profiles, 0 f >= 1 states, DL13 failures 0 [0.0 s]
#   climb {'climb': 845, 'pos': 845, 'start': 'k4_certs_4_pure.json.gz#117:210,8,5,7'}: best score [8, 0, 0] after 15 steps, 918 profiles, 119 f >= 1 states, DL13 failures 0 [0.1 s]
#   climb {'climb': 846, 'pos': 846, 'start': 'k4_certs_4_pure.json.gz#74:18,42,112,173'}: best score [1000000000, 0, 0] after 0 steps, 242 profiles, 0 f >= 1 states, DL13 failures 0 [0.0 s]
#   climb {'climb': 847, 'pos': 847, 'start': 'k4_certs_4_pure.json.gz#73:8,55,287,127'}: best score [5, 0, -2] after 16 steps, 923 profiles, 340 f >= 1 states, DL13 failures 0 [0.1 s]
#   climb {'climb': 848, 'pos': 848, 'start': 'k4_certs_4_pure.json.gz#61:20,113,187,84'}: best score [1000000000, 0, 0] after 0 steps, 252 profiles, 0 f >= 1 states, DL13 failures 0 [0.0 s]
#   climb {'climb': 849, 'pos': 849, 'start': 'k4_certs_4_pure.json.gz#83:19,5,154,157'}: best score [1000000000, 0, 0] after 0 steps, 247 profiles, 0 f >= 1 states, DL13 failures 0 [0.0 s]
#   climb {'climb': 850, 'pos': 850, 'start': 'k4_certs_4_pure.json.gz#69:23,70,64,13'}: best score [6, 0, 0] after 17 steps, 944 profiles, 376 f >= 1 states, DL13 failures 0 [0.1 s]
#   climb {'climb': 851, 'pos': 851, 'start': 'k4_certs_4_pure.json.gz#106:19,21,262,150'}: best score [1000000000, 0, 0] after 0 steps, 250 profiles, 0 f >= 1 states, DL13 failures 0 [0.0 s]
#   climb {'climb': 852, 'pos': 852, 'start': 'k4_certs_4_pure.json.gz#74:28,126,196,114'}: best score [1000000000, 0, 0] after 0 steps, 249 profiles, 0 f >= 1 states, DL13 failures 0 [0.0 s]
#   climb {'climb': 853, 'pos': 853, 'start': 'k4_certs_4_pure.json.gz#79:33,45,38,127'}: best score [1000000000, 0, 0] after 0 steps, 246 profiles, 0 f >= 1 states, DL13 failures 0 [0.0 s]
#   climb {'climb': 854, 'pos': 854, 'start': 'k4_certs_4_pure.json.gz#68:60,10,99,187'}: best score [4, 0, -1] after 17 steps, 941 profiles, 324 f >= 1 states, DL13 failures 0 [0.1 s]
#   climb {'climb': 855, 'pos': 855, 'start': 'k4_certs_4_pure.json.gz#74:64,158,43,32'}: best score [5, 0, 0] after 19 steps, 1051 profiles, 273 f >= 1 states, DL13 failures 0 [0.1 s]
#   climb {'climb': 856, 'pos': 856, 'start': 'k4_certs_4_pure.json.gz#108:20,7,267,261'}: best score [9, 0, 0] after 16 steps, 930 profiles, 134 f >= 1 states, DL13 failures 0 [0.1 s]
#   climb {'climb': 857, 'pos': 857, 'start': 'k4_certs_4_pure.json.gz#73:38,253,42,232'}: best score [1000000000, 0, 0] after 0 steps, 251 profiles, 0 f >= 1 states, DL13 failures 0 [0.0 s]
#   climb {'climb': 858, 'pos': 858, 'start': 'k4_certs_4_pure.json.gz#104:38,181,219,0'}: best score [1000000000, 0, 0] after 0 steps, 253 profiles, 0 f >= 1 states, DL13 failures 0 [0.0 s]
#   climb {'climb': 859, 'pos': 859, 'start': 'k4_certs_4_pure.json.gz#75:49,6,109,7'}: best score [1000000000, 0, 0] after 0 steps, 245 profiles, 0 f >= 1 states, DL13 failures 0 [0.0 s]
#   climb {'climb': 860, 'pos': 860, 'start': 'k4_certs_4_pure.json.gz#76:46,89,246,148'}: best score [3, 0, -6] after 29 steps, 1465 profiles, 494 f >= 1 states, DL13 failures 0 [0.2 s]
#   climb {'climb': 861, 'pos': 861, 'start': 'k4_certs_4_pure.json.gz#80:120,54,63,46'}: best score [1000000000, 0, 0] after 0 steps, 245 profiles, 0 f >= 1 states, DL13 failures 0 [0.0 s]
#   climb {'climb': 862, 'pos': 862, 'start': 'k4_certs_4_pure.json.gz#70:35,38,238,69'}: best score [1000000000, 0, 0] after 0 steps, 248 profiles, 0 f >= 1 states, DL13 failures 0 [0.0 s]
#   climb {'climb': 863, 'pos': 863, 'start': 'k4_certs_4_pure.json.gz#115:49,197,230,213'}: best score [1000000000, 0, 0] after 0 steps, 248 profiles, 0 f >= 1 states, DL13 failures 0 [0.0 s]
#   climb {'climb': 864, 'pos': 864, 'start': 'k4_certs_4_pure.json.gz#74:20,166,55,77'}: best score [1000000000, 0, 0] after 0 steps, 249 profiles, 0 f >= 1 states, DL13 failures 0 [0.0 s]
#   climb {'climb': 865, 'pos': 865, 'start': 'k4_certs_4_pure.json.gz#108:157,144,7,112'}: best score [1000000000, 0, 0] after 0 steps, 253 profiles, 0 f >= 1 states, DL13 failures 0 [0.0 s]
#   climb {'climb': 866, 'pos': 866, 'start': 'k4_certs_4_pure.json.gz#68:100,125,36,50'}: best score [3, 0, 0] after 21 steps, 1141 profiles, 510 f >= 1 states, DL13 failures 0 [0.1 s]
#   climb {'climb': 867, 'pos': 867, 'start': 'k4_certs_4_pure.json.gz#95:126,191,10,31'}: best score [1000000000, 0, 0] after 0 steps, 251 profiles, 0 f >= 1 states, DL13 failures 0 [0.0 s]
#   climb {'climb': 868, 'pos': 868, 'start': 'k4_certs_4_pure.json.gz#73:61,25,86,81'}: best score [3, 0, 0] after 16 steps, 886 profiles, 237 f >= 1 states, DL13 failures 0 [0.1 s]
#   climb {'climb': 869, 'pos': 869, 'start': 'k4_certs_4_pure.json.gz#88:192,26,8,155'}: best score [1000000000, 0, 0] after 0 steps, 249 profiles, 0 f >= 1 states, DL13 failures 0 [0.0 s]
#   climb {'climb': 870, 'pos': 870, 'start': 'k4_certs_4_pure.json.gz#74:21,28,4,19'}: best score [0, 0, -4] after 0 steps, 251 profiles, 8 f >= 1 states, DL13 failures 4 [0.0 s]
#   DL13 FAILS in climb {'climb': 870, 'pos': 870, 'start': 'k4_certs_4_pure.json.gz#74:21,28,4,19'}: {'tag': 870, 'prof': [21, 1, 22, 19], 'f': 3, 'omega': 3, 'nmin': 22, 'B': [[6], [4], [5], [7]], 'def': 1, 'k': 2, 'nn': 1, 'pm': 0, 'sig': 'G', 'br': 'none', 'r13d': -1, 'dT1': -1, 'dT3': -1, 't1types': [], 't3types': [], 'frozen': [0, 2, 3], 'J': [0, 1, 2, 3], 'own': [[1, 1]], 'exp': [[1, 0, 'G']], 'better': [{'B': [[2], [5], [6], [7]], 'def': 0}, {'B': [[2], [5], [7], [6]], 'def': 0}, {'B': [[2], [7], [5], [6]], 'def': 0}, {'B': [[2], [7], [6], [5]], 'def': 0}, {'B': [[0, 2], [5], [6], [7]], 'def': 0}, {'B': [[0, 2], [5], [7], [6]], 'def': 0}, {'B': [[0, 2], [7], [5], [6]], 'def': 0}, {'B': [[0, 2], [7], [6], [5]], 'def': 0}, {'B': [[7], [4], [5], [6]], 'def': 0}, {'B': [[7], [4], [6], [5]], 'def': 0}, {'B': [[7], [1, 4], [5], [6]], 'def': 0}, {'B': [[7], [1, 4], [6], [5]], 'def': 0}, {'B': [[7], [5], [3], [6]], 'def': 0}, {'B': [[7], [5], [6], [4]], 'def': 0}], 'vals': [[2, 6, 7, 10], [1, 4, 8, 6], [2, 6, 10, 3], [2, 5, 8, 4]], 'core': {'key': {'climb': 870, 'pos': 870, 'start': 'k4_certs_4_pure.json.gz#74:21,28,4,19'}, 'm': 8, 'sets': [[0, 2, 6, 7], [1, 4, 5, 7], [3, 5, 6, 7], [4, 5, 6, 7]]}}
#   climb {'climb': 871, 'pos': 871, 'start': 'k4_certs_4_pure.json.gz#81:26,61,43,56'}: best score [1000000000, 0, 0] after 0 steps, 249 profiles, 0 f >= 1 states, DL13 failures 0 [0.0 s]
#   climb {'climb': 872, 'pos': 872, 'start': 'k4_certs_4_pure.json.gz#66:10,231,130,68'}: best score [1000000000, 0, 0] after 0 steps, 253 profiles, 0 f >= 1 states, DL13 failures 0 [0.0 s]
#   climb {'climb': 873, 'pos': 873, 'start': 'k4_certs_4_pure.json.gz#104:31,190,218,71'}: best score [1000000000, 0, 0] after 0 steps, 247 profiles, 0 f >= 1 states, DL13 failures 0 [0.0 s]
#   climb {'climb': 874, 'pos': 874, 'start': 'k4_certs_4_pure.json.gz#68:46,92,69,158'}: best score [1000000000, 0, 0] after 0 steps, 246 profiles, 0 f >= 1 states, DL13 failures 0 [0.0 s]
#   climb {'climb': 875, 'pos': 875, 'start': 'k4_certs_4_pure.json.gz#112:193,150,212,78'}: best score [8, 0, -9] after 19 steps, 1086 profiles, 529 f >= 1 states, DL13 failures 0 [0.1 s]
#   climb {'climb': 876, 'pos': 876, 'start': 'k4_certs_4_pure.json.gz#68:39,52,204,137'}: best score [5, 0, 0] after 17 steps, 960 profiles, 482 f >= 1 states, DL13 failures 0 [0.1 s]
#   climb {'climb': 877, 'pos': 877, 'start': 'k4_certs_4_pure.json.gz#67:66,266,230,71'}: best score [1000000000, 0, 0] after 0 steps, 250 profiles, 0 f >= 1 states, DL13 failures 0 [0.0 s]
#   climb {'climb': 878, 'pos': 878, 'start': 'k4_certs_4_pure.json.gz#87:12,29,179,182'}: best score [4, 0, -8] after 21 steps, 1150 profiles, 648 f >= 1 states, DL13 failures 0 [0.1 s]
#   climb {'climb': 879, 'pos': 879, 'start': 'k4_certs_4_pure.json.gz#68:56,64,159,135'}: best score [1000000000, 0, 0] after 0 steps, 239 profiles, 0 f >= 1 states, DL13 failures 0 [0.0 s]
#   climb {'climb': 880, 'pos': 880, 'start': 'k4_certs_4_pure.json.gz#88:85,78,118,67'}: best score [1000000000, 0, 0] after 0 steps, 246 profiles, 0 f >= 1 states, DL13 failures 0 [0.0 s]
#   climb {'climb': 881, 'pos': 881, 'start': 'k4_certs_4_pure.json.gz#96:42,22,149,281'}: best score [1000000000, 0, 0] after 0 steps, 251 profiles, 0 f >= 1 states, DL13 failures 0 [0.0 s]
#   climb {'climb': 882, 'pos': 882, 'start': 'k4_certs_4_pure.json.gz#71:46,106,107,196'}: best score [1000000000, 0, 0] after 0 steps, 248 profiles, 0 f >= 1 states, DL13 failures 0 [0.0 s]
#   climb {'climb': 883, 'pos': 883, 'start': 'k4_certs_4_pure.json.gz#101:126,84,238,44'}: best score [5, 0, 0] after 33 steps, 1651 profiles, 375 f >= 1 states, DL13 failures 0 [0.2 s]
#   climb {'climb': 884, 'pos': 884, 'start': 'k4_certs_4_pure.json.gz#70:68,74,132,176'}: best score [10, 0, 0] after 24 steps, 1120 profiles, 100 f >= 1 states, DL13 failures 0 [0.2 s]
#   climb {'climb': 885, 'pos': 885, 'start': 'k4_certs_4_pure.json.gz#79:67,257,127,5'}: best score [1000000000, 0, 0] after 0 steps, 246 profiles, 0 f >= 1 states, DL13 failures 0 [0.0 s]
#   climb {'climb': 886, 'pos': 886, 'start': 'k4_certs_4_pure.json.gz#67:102,173,34,33'}: best score [4, 0, -1] after 21 steps, 1120 profiles, 418 f >= 1 states, DL13 failures 0 [0.1 s]
#   climb {'climb': 887, 'pos': 887, 'start': 'k4_certs_4_pure.json.gz#69:69,102,90,223'}: best score [6, 0, 0] after 20 steps, 1102 profiles, 393 f >= 1 states, DL13 failures 0 [0.1 s]
#   climb {'climb': 888, 'pos': 888, 'start': 'k4_certs_4_pure.json.gz#69:64,111,45,110'}: best score [3, 0, 0] after 30 steps, 1523 profiles, 782 f >= 1 states, DL13 failures 0 [0.2 s]
#   climb {'climb': 889, 'pos': 889, 'start': 'k4_certs_4_pure.json.gz#80:22,152,162,236'}: best score [1000000000, 0, 0] after 0 steps, 253 profiles, 0 f >= 1 states, DL13 failures 0 [0.0 s]
#   climb {'climb': 890, 'pos': 890, 'start': 'k4_certs_4_pure.json.gz#120:219,266,46,236'}: best score [1000000000, 0, 0] after 0 steps, 249 profiles, 0 f >= 1 states, DL13 failures 0 [0.0 s]
#   climb {'climb': 891, 'pos': 891, 'start': 'k4_certs_4_pure.json.gz#112:135,17,43,31'}: best score [1000000000, 0, 0] after 0 steps, 251 profiles, 0 f >= 1 states, DL13 failures 0 [0.0 s]
#   climb {'climb': 892, 'pos': 892, 'start': 'k4_certs_4_pure.json.gz#103:112,250,276,246'}: best score [1000000000, 0, 0] after 0 steps, 247 profiles, 0 f >= 1 states, DL13 failures 0 [0.0 s]
#   climb {'climb': 893, 'pos': 893, 'start': 'k4_certs_4_pure.json.gz#121:158,109,43,225'}: best score [4, 0, 0] after 18 steps, 1001 profiles, 108 f >= 1 states, DL13 failures 0 [0.1 s]
#   climb {'climb': 894, 'pos': 894, 'start': 'k4_certs_4_pure.json.gz#71:1,150,121,191'}: best score [1000000000, 0, 0] after 0 steps, 253 profiles, 0 f >= 1 states, DL13 failures 0 [0.0 s]
#   climb {'climb': 895, 'pos': 895, 'start': 'k4_certs_4_pure.json.gz#93:145,145,43,170'}: best score [1000000000, 0, 0] after 0 steps, 253 profiles, 0 f >= 1 states, DL13 failures 0 [0.0 s]
#   climb {'climb': 896, 'pos': 896, 'start': 'k4_certs_4_pure.json.gz#81:41,264,88,211'}: best score [1000000000, 0, 0] after 0 steps, 246 profiles, 0 f >= 1 states, DL13 failures 0 [0.0 s]
#   climb {'climb': 897, 'pos': 897, 'start': 'k4_certs_4_pure.json.gz#94:39,45,111,251'}: best score [1000000000, 0, 0] after 0 steps, 248 profiles, 0 f >= 1 states, DL13 failures 0 [0.0 s]
#   climb {'climb': 898, 'pos': 898, 'start': 'k4_certs_4_pure.json.gz#73:104,44,111,73'}: best score [9, 0, 0] after 23 steps, 1175 profiles, 157 f >= 1 states, DL13 failures 0 [0.1 s]
#   climb {'climb': 899, 'pos': 899, 'start': 'k4_certs_4_pure.json.gz#88:191,126,53,32'}: best score [1000000000, 0, 0] after 0 steps, 248 profiles, 0 f >= 1 states, DL13 failures 0 [0.0 s]
#   climb {'climb': 900, 'pos': 900, 'start': 'k4_certs_4_pure.json.gz#79:45,14,78,41'}: best score [1000000000, 0, 0] after 0 steps, 246 profiles, 0 f >= 1 states, DL13 failures 0 [0.0 s]
#   climb {'climb': 901, 'pos': 901, 'start': 'k4_certs_4_pure.json.gz#83:1,148,143,201'}: best score [1000000000, 0, 0] after 0 steps, 245 profiles, 0 f >= 1 states, DL13 failures 0 [0.0 s]
#   climb {'climb': 902, 'pos': 902, 'start': 'k4_certs_4_pure.json.gz#75:28,18,206,66'}: best score [1000000000, 0, 0] after 0 steps, 246 profiles, 0 f >= 1 states, DL13 failures 0 [0.0 s]
#   climb {'climb': 903, 'pos': 903, 'start': 'k4_certs_4_pure.json.gz#81:68,25,189,45'}: best score [7, 0, 0] after 15 steps, 891 profiles, 110 f >= 1 states, DL13 failures 0 [0.1 s]
#   climb {'climb': 904, 'pos': 904, 'start': 'k4_certs_4_pure.json.gz#91:108,48,117,112'}: best score [1000000000, 0, 0] after 0 steps, 252 profiles, 0 f >= 1 states, DL13 failures 0 [0.0 s]
#   climb {'climb': 905, 'pos': 905, 'start': 'k4_certs_4_pure.json.gz#64:82,23,180,124'}: best score [1000000000, 0, 0] after 0 steps, 247 profiles, 0 f >= 1 states, DL13 failures 0 [0.0 s]
#   climb {'climb': 906, 'pos': 906, 'start': 'k4_certs_4_pure.json.gz#102:283,112,80,42'}: best score [3, 0, 0] after 27 steps, 1375 profiles, 196 f >= 1 states, DL13 failures 0 [0.1 s]
#   climb {'climb': 907, 'pos': 907, 'start': 'k4_certs_4_pure.json.gz#98:277,47,50,147'}: best score [1000000000, 0, 0] after 0 steps, 250 profiles, 0 f >= 1 states, DL13 failures 0 [0.0 s]
#   climb {'climb': 908, 'pos': 908, 'start': 'k4_certs_4_pure.json.gz#70:38,17,195,20'}: best score [6, 0, 0] after 16 steps, 919 profiles, 254 f >= 1 states, DL13 failures 0 [0.1 s]
#   climb {'climb': 909, 'pos': 909, 'start': 'k4_certs_4_pure.json.gz#75:65,72,34,17'}: best score [3, 0, -8] after 22 steps, 1144 profiles, 564 f >= 1 states, DL13 failures 0 [0.2 s]
#   climb {'climb': 910, 'pos': 910, 'start': 'k4_certs_4_pure.json.gz#68:66,91,27,130'}: best score [2, 0, -6] after 31 steps, 1549 profiles, 816 f >= 1 states, DL13 failures 0 [0.2 s]
#   climb {'climb': 911, 'pos': 911, 'start': 'k4_certs_4_pure.json.gz#70:38,48,162,60'}: best score [1000000000, 0, 0] after 0 steps, 248 profiles, 0 f >= 1 states, DL13 failures 0 [0.0 s]
#   climb {'climb': 912, 'pos': 912, 'start': 'k4_certs_4_pure.json.gz#69:14,100,198,193'}: best score [1000000000, 0, 0] after 0 steps, 250 profiles, 0 f >= 1 states, DL13 failures 0 [0.0 s]
#   climb {'climb': 913, 'pos': 913, 'start': 'k4_certs_4_pure.json.gz#96:83,7,213,44'}: best score [1000000000, 0, 0] after 0 steps, 247 profiles, 0 f >= 1 states, DL13 failures 0 [0.0 s]
#   climb {'climb': 914, 'pos': 914, 'start': 'k4_certs_4_pure.json.gz#93:21,4,104,165'}: best score [1000000000, 0, 0] after 0 steps, 255 profiles, 0 f >= 1 states, DL13 failures 0 [0.0 s]
#   climb {'climb': 915, 'pos': 915, 'start': 'k4_certs_4_pure.json.gz#111:0,184,81,28'}: best score [1000000000, 0, 0] after 0 steps, 248 profiles, 0 f >= 1 states, DL13 failures 0 [0.0 s]
#   climb {'climb': 916, 'pos': 916, 'start': 'k4_certs_4_pure.json.gz#74:34,237,80,242'}: best score [1000000000, 0, 0] after 0 steps, 248 profiles, 0 f >= 1 states, DL13 failures 0 [0.0 s]
#   climb {'climb': 917, 'pos': 917, 'start': 'k4_certs_4_pure.json.gz#70:74,61,23,282'}: best score [1000000000, 0, 0] after 0 steps, 248 profiles, 0 f >= 1 states, DL13 failures 0 [0.0 s]
#   climb {'climb': 918, 'pos': 918, 'start': 'k4_certs_4_pure.json.gz#84:37,74,70,156'}: best score [1000000000, 0, 0] after 0 steps, 248 profiles, 0 f >= 1 states, DL13 failures 0 [0.0 s]
#   climb {'climb': 919, 'pos': 919, 'start': 'k4_certs_4_pure.json.gz#75:65,35,185,44'}: best score [1000000000, 0, 0] after 0 steps, 247 profiles, 0 f >= 1 states, DL13 failures 0 [0.0 s]
#   climb {'climb': 920, 'pos': 920, 'start': 'k4_certs_4_pure.json.gz#69:64,101,87,4'}: best score [6, 0, 0] after 30 steps, 1507 profiles, 596 f >= 1 states, DL13 failures 0 [0.2 s]
#   climb {'climb': 921, 'pos': 921, 'start': 'k4_certs_4_pure.json.gz#70:59,64,13,188'}: best score [10, 0, 0] after 28 steps, 1359 profiles, 133 f >= 1 states, DL13 failures 0 [0.2 s]
#   climb {'climb': 922, 'pos': 922, 'start': 'k4_certs_4_pure.json.gz#26:124,68,92,111'}: best score [1000000000, 0, 0] after 0 steps, 248 profiles, 0 f >= 1 states, DL13 failures 0 [0.0 s]
#   climb {'climb': 923, 'pos': 923, 'start': 'k4_certs_4_pure.json.gz#80:106,26,25,238'}: best score [1000000000, 0, 0] after 0 steps, 248 profiles, 0 f >= 1 states, DL13 failures 0 [0.0 s]
#   climb {'climb': 924, 'pos': 924, 'start': 'k4_certs_4_pure.json.gz#70:100,53,98,221'}: best score [6, 0, 0] after 15 steps, 872 profiles, 195 f >= 1 states, DL13 failures 0 [0.1 s]
#   climb {'climb': 925, 'pos': 925, 'start': 'k4_certs_4_pure.json.gz#70:72,53,120,196'}: best score [1000000000, 0, 0] after 0 steps, 241 profiles, 0 f >= 1 states, DL13 failures 0 [0.0 s]
#   climb {'climb': 926, 'pos': 926, 'start': 'k4_certs_4_pure.json.gz#118:206,276,230,116'}: best score [1000000000, 0, 0] after 0 steps, 251 profiles, 0 f >= 1 states, DL13 failures 0 [0.0 s]
#   climb {'climb': 927, 'pos': 927, 'start': 'k4_certs_4_pure.json.gz#80:48,74,226,73'}: best score [1000000000, 0, 0] after 0 steps, 244 profiles, 0 f >= 1 states, DL13 failures 0 [0.0 s]
#   climb {'climb': 928, 'pos': 928, 'start': 'k4_certs_4_pure.json.gz#99:191,61,180,1'}: best score [1000000000, 0, 0] after 0 steps, 248 profiles, 0 f >= 1 states, DL13 failures 0 [0.0 s]
#   climb {'climb': 929, 'pos': 929, 'start': 'k4_certs_4_pure.json.gz#71:28,9,165,64'}: best score [1000000000, 0, 0] after 0 steps, 243 profiles, 0 f >= 1 states, DL13 failures 0 [0.0 s]
#   climb {'climb': 930, 'pos': 930, 'start': 'k4_certs_4_pure.json.gz#65:63,230,263,188'}: best score [1000000000, 0, 0] after 0 steps, 243 profiles, 0 f >= 1 states, DL13 failures 0 [0.0 s]
#   climb {'climb': 931, 'pos': 931, 'start': 'k4_certs_4_pure.json.gz#89:80,246,152,60'}: best score [1000000000, 0, 0] after 0 steps, 251 profiles, 0 f >= 1 states, DL13 failures 0 [0.0 s]
#   climb {'climb': 932, 'pos': 932, 'start': 'k4_certs_4_pure.json.gz#93:171,59,2,46'}: best score [1000000000, 0, 0] after 0 steps, 247 profiles, 0 f >= 1 states, DL13 failures 0 [0.0 s]
#   climb {'climb': 933, 'pos': 933, 'start': 'k4_certs_4_pure.json.gz#69:60,9,216,60'}: best score [3, 0, 0] after 31 steps, 1548 profiles, 537 f >= 1 states, DL13 failures 0 [0.2 s]
#   climb {'climb': 934, 'pos': 934, 'start': 'k4_certs_4_pure.json.gz#70:70,39,193,3'}: best score [6, 0, 0] after 20 steps, 813 profiles, 246 f >= 1 states, DL13 failures 0 [0.1 s]
#   climb {'climb': 935, 'pos': 935, 'start': 'k4_certs_4_pure.json.gz#96:231,38,31,115'}: best score [8, 0, 0] after 17 steps, 978 profiles, 93 f >= 1 states, DL13 failures 0 [0.1 s]
#   climb {'climb': 936, 'pos': 936, 'start': 'k4_certs_4_pure.json.gz#82:102,82,151,126'}: best score [1000000000, 0, 0] after 0 steps, 247 profiles, 0 f >= 1 states, DL13 failures 0 [0.0 s]
#   climb {'climb': 937, 'pos': 937, 'start': 'k4_certs_4_pure.json.gz#92:54,217,227,44'}: best score [1000000000, 0, 0] after 0 steps, 248 profiles, 0 f >= 1 states, DL13 failures 0 [0.0 s]
#   climb {'climb': 938, 'pos': 938, 'start': 'k4_certs_4_pure.json.gz#76:131,86,155,22'}: best score [3, 0, 0] after 17 steps, 998 profiles, 245 f >= 1 states, DL13 failures 0 [0.1 s]
#   climb {'climb': 939, 'pos': 939, 'start': 'k4_certs_4_pure.json.gz#90:47,91,13,94'}: best score [6, 0, 0] after 20 steps, 1097 profiles, 147 f >= 1 states, DL13 failures 0 [0.1 s]
#   climb {'climb': 940, 'pos': 940, 'start': 'k4_certs_4_pure.json.gz#113:150,84,102,218'}: best score [1000000000, 0, 0] after 0 steps, 254 profiles, 0 f >= 1 states, DL13 failures 0 [0.0 s]
#   climb {'climb': 941, 'pos': 941, 'start': 'k4_certs_4_pure.json.gz#76:104,39,236,69'}: best score [1000000000, 0, 0] after 0 steps, 248 profiles, 0 f >= 1 states, DL13 failures 0 [0.0 s]
#   climb {'climb': 942, 'pos': 942, 'start': 'k4_certs_4_pure.json.gz#76:46,171,67,2'}: best score [1000000000, 0, 0] after 0 steps, 247 profiles, 0 f >= 1 states, DL13 failures 0 [0.0 s]
#   climb {'climb': 943, 'pos': 943, 'start': 'k4_certs_4_pure.json.gz#97:233,60,148,88'}: best score [1000000000, 0, 0] after 0 steps, 248 profiles, 0 f >= 1 states, DL13 failures 0 [0.0 s]
#   climb {'climb': 944, 'pos': 944, 'start': 'k4_certs_4_pure.json.gz#78:23,61,81,157'}: best score [1000000000, 0, 0] after 0 steps, 250 profiles, 0 f >= 1 states, DL13 failures 0 [0.0 s]
#   climb {'climb': 945, 'pos': 945, 'start': 'k4_certs_4_pure.json.gz#80:38,17,161,146'}: best score [7, 0, -5] after 32 steps, 1571 profiles, 893 f >= 1 states, DL13 failures 0 [0.2 s]
#   climb {'climb': 946, 'pos': 946, 'start': 'k4_certs_4_pure.json.gz#93:41,48,8,191'}: best score [1000000000, 0, 0] after 0 steps, 251 profiles, 0 f >= 1 states, DL13 failures 0 [0.0 s]
#   climb {'climb': 947, 'pos': 947, 'start': 'k4_certs_4_pure.json.gz#122:205,64,59,30'}: best score [1000000000, 0, 0] after 0 steps, 250 profiles, 0 f >= 1 states, DL13 failures 0 [0.0 s]
#   climb {'climb': 948, 'pos': 948, 'start': 'k4_certs_4_pure.json.gz#82:35,14,101,188'}: best score [1000000000, 0, 0] after 0 steps, 252 profiles, 0 f >= 1 states, DL13 failures 0 [0.0 s]
#   climb {'climb': 949, 'pos': 949, 'start': 'k4_certs_4_pure.json.gz#82:52,263,148,90'}: best score [1000000000, 0, 0] after 0 steps, 251 profiles, 0 f >= 1 states, DL13 failures 0 [0.0 s]
#   climb {'climb': 950, 'pos': 950, 'start': 'k4_certs_4_pure.json.gz#90:22,218,74,247'}: best score [4, 0, -1] after 23 steps, 1223 profiles, 219 f >= 1 states, DL13 failures 0 [0.1 s]
#   climb {'climb': 951, 'pos': 951, 'start': 'k4_certs_4_pure.json.gz#80:137,137,22,22'}: best score [1000000000, 0, 0] after 0 steps, 248 profiles, 0 f >= 1 states, DL13 failures 0 [0.0 s]
#   climb {'climb': 952, 'pos': 952, 'start': 'k4_certs_4_pure.json.gz#103:201,146,150,45'}: best score [1000000000, 0, 0] after 0 steps, 251 profiles, 0 f >= 1 states, DL13 failures 0 [0.0 s]
#   climb {'climb': 953, 'pos': 953, 'start': 'k4_certs_4_pure.json.gz#68:10,105,137,178'}: best score [5, 0, 0] after 16 steps, 904 profiles, 609 f >= 1 states, DL13 failures 0 [0.1 s]
#   climb {'climb': 954, 'pos': 954, 'start': 'k4_certs_4_pure.json.gz#110:33,25,190,157'}: best score [4, 0, 0] after 33 steps, 1625 profiles, 255 f >= 1 states, DL13 failures 0 [0.2 s]
#   climb {'climb': 955, 'pos': 955, 'start': 'k4_certs_4_pure.json.gz#68:27,106,78,28'}: best score [4, 0, -1] after 17 steps, 940 profiles, 400 f >= 1 states, DL13 failures 0 [0.1 s]
#   climb {'climb': 956, 'pos': 956, 'start': 'k4_certs_4_pure.json.gz#120:219,196,99,156'}: best score [2, 0, 0] after 17 steps, 939 profiles, 97 f >= 1 states, DL13 failures 0 [0.1 s]
#   climb {'climb': 957, 'pos': 957, 'start': 'k4_certs_4_pure.json.gz#93:73,10,47,189'}: best score [14, 0, 0] after 23 steps, 1235 profiles, 104 f >= 1 states, DL13 failures 0 [0.1 s]
#   climb {'climb': 958, 'pos': 958, 'start': 'k4_certs_4_pure.json.gz#72:106,274,140,146'}: best score [1000000000, 0, 0] after 0 steps, 247 profiles, 0 f >= 1 states, DL13 failures 0 [0.0 s]
#   climb {'climb': 959, 'pos': 959, 'start': 'k4_certs_4_pure.json.gz#73:2,132,145,214'}: best score [1000000000, 0, 0] after 0 steps, 244 profiles, 0 f >= 1 states, DL13 failures 0 [0.0 s]
#   climb {'climb': 960, 'pos': 960, 'start': 'k4_certs_4_pure.json.gz#74:102,205,18,175'}: best score [1000000000, 0, 0] after 0 steps, 246 profiles, 0 f >= 1 states, DL13 failures 0 [0.0 s]
#   climb {'climb': 961, 'pos': 961, 'start': 'k4_certs_4_pure.json.gz#76:102,31,138,168'}: best score [1000000000, 0, 0] after 0 steps, 246 profiles, 0 f >= 1 states, DL13 failures 0 [0.0 s]
#   climb {'climb': 962, 'pos': 962, 'start': 'k4_certs_4_pure.json.gz#76:53,60,194,85'}: best score [1000000000, 0, 0] after 0 steps, 251 profiles, 0 f >= 1 states, DL13 failures 0 [0.0 s]
#   climb {'climb': 963, 'pos': 963, 'start': 'k4_certs_4_pure.json.gz#75:3,65,32,86'}: best score [1000000000, 0, 0] after 0 steps, 244 profiles, 0 f >= 1 states, DL13 failures 0 [0.0 s]
#   climb {'climb': 964, 'pos': 964, 'start': 'k4_certs_4_pure.json.gz#68:61,38,0,85'}: best score [3, 0, 0] after 16 steps, 909 profiles, 598 f >= 1 states, DL13 failures 0 [0.1 s]
#   climb {'climb': 965, 'pos': 965, 'start': 'k4_certs_4_pure.json.gz#75:20,63,225,33'}: best score [1000000000, 0, 0] after 0 steps, 250 profiles, 0 f >= 1 states, DL13 failures 0 [0.0 s]
#   climb {'climb': 966, 'pos': 966, 'start': 'k4_certs_4_pure.json.gz#79:7,88,261,66'}: best score [1000000000, 0, 0] after 0 steps, 251 profiles, 0 f >= 1 states, DL13 failures 0 [0.0 s]
#   climb {'climb': 967, 'pos': 967, 'start': 'k4_certs_4_pure.json.gz#90:16,7,120,219'}: best score [1000000000, 0, 0] after 0 steps, 247 profiles, 0 f >= 1 states, DL13 failures 0 [0.0 s]
#   climb {'climb': 968, 'pos': 968, 'start': 'k4_certs_4_pure.json.gz#72:34,105,168,11'}: best score [13, 0, 0] after 15 steps, 867 profiles, 66 f >= 1 states, DL13 failures 0 [0.1 s]
#   climb {'climb': 969, 'pos': 969, 'start': 'k4_certs_4_pure.json.gz#71:2,144,110,40'}: best score [1000000000, 0, 0] after 0 steps, 248 profiles, 0 f >= 1 states, DL13 failures 0 [0.0 s]
#   climb {'climb': 970, 'pos': 970, 'start': 'k4_certs_4_pure.json.gz#118:3,212,81,59'}: best score [2, 0, 0] after 17 steps, 976 profiles, 189 f >= 1 states, DL13 failures 0 [0.1 s]
#   climb {'climb': 971, 'pos': 971, 'start': 'k4_certs_4_pure.json.gz#88:47,156,189,90'}: best score [1000000000, 0, 0] after 0 steps, 251 profiles, 0 f >= 1 states, DL13 failures 0 [0.0 s]
#   climb {'climb': 972, 'pos': 972, 'start': 'k4_certs_4_pure.json.gz#62:47,87,85,147'}: best score [12, 0, 0] after 20 steps, 1075 profiles, 169 f >= 1 states, DL13 failures 0 [0.1 s]
#   climb {'climb': 973, 'pos': 973, 'start': 'k4_certs_4_pure.json.gz#108:17,182,138,22'}: best score [4, 0, 0] after 40 steps, 1884 profiles, 120 f >= 1 states, DL13 failures 0 [0.2 s]
#   climb {'climb': 974, 'pos': 974, 'start': 'k4_certs_4_pure.json.gz#95:144,187,14,85'}: best score [1000000000, 0, 0] after 0 steps, 251 profiles, 0 f >= 1 states, DL13 failures 0 [0.0 s]
#   climb {'climb': 975, 'pos': 975, 'start': 'k4_certs_4_pure.json.gz#76:103,207,74,182'}: best score [1000000000, 0, 0] after 0 steps, 250 profiles, 0 f >= 1 states, DL13 failures 0 [0.0 s]
#   climb {'climb': 976, 'pos': 976, 'start': 'k4_certs_4_pure.json.gz#67:51,190,83,148'}: best score [1000000000, 0, 0] after 0 steps, 247 profiles, 0 f >= 1 states, DL13 failures 0 [0.0 s]
#   climb {'climb': 977, 'pos': 977, 'start': 'k4_certs_4_pure.json.gz#73:38,75,157,54'}: best score [1000000000, 0, 0] after 0 steps, 243 profiles, 0 f >= 1 states, DL13 failures 0 [0.0 s]
#   climb {'climb': 978, 'pos': 978, 'start': 'k4_certs_4_pure.json.gz#68:79,12,6,87'}: best score [2, 0, -6] after 29 steps, 1444 profiles, 654 f >= 1 states, DL13 failures 0 [0.1 s]
#   climb {'climb': 979, 'pos': 979, 'start': 'k4_certs_4_pure.json.gz#71:7,43,71,173'}: best score [1000000000, 0, 0] after 0 steps, 248 profiles, 0 f >= 1 states, DL13 failures 0 [0.0 s]
#   climb {'climb': 980, 'pos': 980, 'start': 'k4_certs_4_pure.json.gz#29:83,119,107,40'}: best score [1000000000, 0, 0] after 0 steps, 248 profiles, 0 f >= 1 states, DL13 failures 0 [0.0 s]
#   climb {'climb': 981, 'pos': 981, 'start': 'k4_certs_4_pure.json.gz#106:36,47,211,55'}: best score [8, 0, 0] after 22 steps, 1167 profiles, 133 f >= 1 states, DL13 failures 0 [0.1 s]
#   climb {'climb': 982, 'pos': 982, 'start': 'k4_certs_4_pure.json.gz#84:106,190,52,90'}: best score [1000000000, 0, 0] after 0 steps, 240 profiles, 0 f >= 1 states, DL13 failures 0 [0.0 s]
#   climb {'climb': 983, 'pos': 983, 'start': 'k4_certs_4_pure.json.gz#122:218,273,44,63'}: best score [1000000000, 0, 0] after 0 steps, 250 profiles, 0 f >= 1 states, DL13 failures 0 [0.0 s]
#   climb {'climb': 984, 'pos': 984, 'start': 'k4_certs_4_pure.json.gz#107:28,51,20,59'}: best score [1000000000, 0, 0] after 0 steps, 250 profiles, 0 f >= 1 states, DL13 failures 0 [0.0 s]
#   climb {'climb': 985, 'pos': 985, 'start': 'k4_certs_4_pure.json.gz#90:75,168,20,228'}: best score [1000000000, 0, 0] after 0 steps, 249 profiles, 0 f >= 1 states, DL13 failures 0 [0.0 s]
#   climb {'climb': 986, 'pos': 986, 'start': 'k4_certs_4_pure.json.gz#70:60,6,84,26'}: best score [1000000000, 0, 0] after 0 steps, 243 profiles, 0 f >= 1 states, DL13 failures 0 [0.0 s]
#   climb {'climb': 987, 'pos': 987, 'start': 'k4_certs_4_pure.json.gz#96:285,8,94,146'}: best score [1000000000, 0, 0] after 0 steps, 246 profiles, 0 f >= 1 states, DL13 failures 0 [0.0 s]
#   climb {'climb': 988, 'pos': 988, 'start': 'k4_certs_4_pure.json.gz#89:23,9,27,68'}: best score [2, 0, 0] after 29 steps, 1458 profiles, 242 f >= 1 states, DL13 failures 0 [0.2 s]
#   climb {'climb': 989, 'pos': 989, 'start': 'k4_certs_4_pure.json.gz#87:90,80,101,3'}: best score [1000000000, 0, 0] after 0 steps, 247 profiles, 0 f >= 1 states, DL13 failures 0 [0.0 s]
#   climb {'climb': 990, 'pos': 990, 'start': 'k4_certs_4_pure.json.gz#111:94,43,31,6'}: best score [1000000000, 0, 0] after 0 steps, 250 profiles, 0 f >= 1 states, DL13 failures 0 [0.0 s]
#   climb {'climb': 991, 'pos': 991, 'start': 'k4_certs_4_pure.json.gz#64:62,18,9,14'}: best score [1000000000, 0, 0] after 0 steps, 248 profiles, 0 f >= 1 states, DL13 failures 0 [0.0 s]
#   climb {'climb': 992, 'pos': 992, 'start': 'k4_certs_4_pure.json.gz#100:12,80,33,263'}: best score [1000000000, 0, 0] after 0 steps, 250 profiles, 0 f >= 1 states, DL13 failures 0 [0.0 s]
#   climb {'climb': 993, 'pos': 993, 'start': 'k4_certs_4_pure.json.gz#88:8,48,79,81'}: best score [4, 0, -9] after 21 steps, 1070 profiles, 375 f >= 1 states, DL13 failures 0 [0.1 s]
#   climb {'climb': 994, 'pos': 994, 'start': 'k4_certs_4_pure.json.gz#74:112,84,233,41'}: best score [7, 0, 0] after 19 steps, 1016 profiles, 73 f >= 1 states, DL13 failures 0 [0.1 s]
#   climb {'climb': 995, 'pos': 995, 'start': 'k4_certs_4_pure.json.gz#81:8,46,115,140'}: best score [7, 0, 0] after 20 steps, 1084 profiles, 102 f >= 1 states, DL13 failures 0 [0.1 s]
#   climb {'climb': 996, 'pos': 996, 'start': 'k4_certs_4_pure.json.gz#104:78,10,39,66'}: best score [3, 0, 0] after 35 steps, 1752 profiles, 307 f >= 1 states, DL13 failures 0 [0.2 s]
#   climb {'climb': 997, 'pos': 997, 'start': 'k4_certs_4_pure.json.gz#69:106,1,34,239'}: best score [6, 0, 0] after 18 steps, 1006 profiles, 341 f >= 1 states, DL13 failures 0 [0.1 s]
#   climb {'climb': 998, 'pos': 998, 'start': 'k4_certs_4_pure.json.gz#81:143,124,38,31'}: best score [6, 0, 0] after 15 steps, 861 profiles, 94 f >= 1 states, DL13 failures 0 [0.1 s]
#   climb {'climb': 999, 'pos': 999, 'start': 'k4_certs_4_pure.json.gz#69:112,96,21,73'}: best score [1000000000, 0, 0] after 0 steps, 244 profiles, 0 f >= 1 states, DL13 failures 0 [0.0 s]
hunt catalog results/k4_gap/gap_n4_pure_s4000.json.gz: profiles 579172, omega >= 1: 340227; k* = 0: 290100, 1: 42403, 2: 7698, 3: 26, >= 4: 0, inf: 0; P with def > 0: 127022, at distance 1: 92175, 2: 34792, 3: 55, >= 4: 0, inf: 0; Pareto-maximal: 4702; largest least deficit 0
  DL13: states (def > 0) with f = 0: 0 (R_13 fails at 0), with f >= 1: 127022; DL13 FAILS at 13 of the f >= 1 states; T1 only 3634, T3 only 34834 (of which T3 with a helper only 528), both 88541; with a plain T3 move 114661, with a helper T3 move 105607; nearest R_13 improvement at distance 1 / 2 / 3: 92175 / 34306 / 528; anomalies 0 [58 s]
# profiles evaluated in this session (distinct within a climb): 579172; the 5 smallest scores: [((0, 0, -4), {'climb': 195, 'pos': 195, 'start': 'k4_certs_4_pure.json.gz#26:10,142,119,45'}), ((0, 0, -4), {'climb': 728, 'pos': 728, 'start': 'k4_certs_4_pure.json.gz#71:53,241,2,188'}), ((0, 0, -4), {'climb': 870, 'pos': 870, 'start': 'k4_certs_4_pure.json.gz#74:21,28,4,19'}), ((0, 0, 0), {'climb': 837, 'pos': 837, 'start': 'k4_certs_4_pure.json.gz#99:143,21,10,264'}), ((1, -2, -3), {'climb': 11, 'pos': 11, 'start': 'k4_certs_4_pure.json.gz#113:148,168,83,57'})]
table B: f >= 1 states by f | signature | branch : count
  B 2|G,D2|T1+T3p+T3h : 41046
  B 2|G,D2|T3p+T3h : 8441
  B 2|G,D2|T3p : 4842
  B 2|G,O,D2|T3p+T3h : 4306
  B 2|fO,L|T1+T3p+T3h : 4205
  B 3|G|T3p : 4117
  B 2|fO,L|T1+T3h : 3866
  B 2|G,O,D2|T1+T3p+T3h : 3558
  B 2|fO,G,D2|T1+T3p+T3h : 2579
  B 2|G,L,D2|T1+T3p+T3h : 2501
  B 2|G1|T1+T3p+T3h : 2258
  B 2|G,D2|T1+T3p : 2071
  B 2|fO,L|T1+T3p : 1810
  B 1|fO,L,D2|T1 : 1783
  B 2|O|T1+T3p+T3h : 1765
  B 1|e1,G,D2|T1+T3p+T3h : 1703
  B 2|G,L,D2|T3p+T3h : 1515
  B 2|L|T1+T3p+T3h : 1434
  B 2|G1,O|T1+T3p+T3h : 1409
  B 2|fO,G,D2|T3p+T3h : 1329
  B 2|G,G1,D2|T1+T3p+T3h : 1283
  B 2|G1,PM|T1+T3p+T3h : 1161
  B 2|L,O|T1+T3p+T3h : 1071
  B 2|O|T3p+T3h : 1013
  B 1|e1,fO,L|T1+T3h : 890
  B 2|fO,G,O,D2|T3p+T3h : 864
  B 1|e1,e2,L|T1+T3h : 783
  B 2|G,G1,D2|T3p+T3h : 758
  B 2|fO,G,G1,D2|T3p+T3h : 710
  B 1|fO,L,O,D2|T1+T3p+T3h : 708
  B 2|L,PM|T1+T3p+T3h : 649
  B 2|G,O,D2|T1+T3p : 645
  B 1|fO,L,D2|T1+T3h : 630
  B 1|e3,L,O,D2|T1+T3p+T3h : 597
  B 2|G,D2,PM|T1+T3p+T3h : 575
  B 1|e1,e2,L|T1 : 563
  B 2|O,D2|T1+T3p+T3h : 542
  B 2|G,O,D2|T3p : 513
  B 1|e3,fO,L|T1+T3h : 485
  B 2|G1,L,PM|T1+T3p+T3h : 476
  B 2|fO,G,L,D2|T3p : 458
  B 1|fO,L,D2|T1+T3p+T3h : 451
  B 1|e3,fO,L|T1 : 446
  B 2|fO|T1+T3h : 416
  B 2|fO,G,O,D2|T1+T3p+T3h : 407
  B 3|G1,PM|T3p : 405
  B 2|fO,G,D2|T3p : 404
  B 2|G1,L|T1+T3p+T3h : 389
  B 2|L,O|T3p+T3h : 377
  B 1|e1,fO,L|T1 : 370
  B 2|L,PM|T1+T3h : 367
  B 1|e3,fO,L|T1+T3p+T3h : 356
  B 2|G1,O|T3p+T3h : 355
  B 2|G1|T1+T3p : 353
  B 2|fO,G,G1,D2|T1+T3p+T3h : 346
  B 2|fO,G1,O|T1+T3p+T3h : 324
  B 2|L|T1+T3p : 321
  B 2|O,D2|T3p+T3h : 316
  B 1|e1,G,D2|T3p+T3h : 315
  B 1|fO,L|T1 : 308
  B 3|G,PM|T3p : 303
  B 2|fO,G1,O|T3p+T3h : 285
  B 1|e1,e2,O|T1+T3p+T3h : 281
  B 2|O|T1+T3h : 277
  B 2|G,D2,PM|T3p+T3h : 242
  B 1|e1,fO,G,D2|T1+T3p+T3h : 237
  B 1|fO,G,D2|T1+T3p+T3h : 233
  B 1|e1,e2,L|T3h : 224
  B 2|fO,G,L,D2|T3p+T3h : 222
  B 2|fO|T1+T3p+T3h : 212
  B 2|fO,L,O|T1+T3p : 210
  B 2|G1,PM|T3p+T3h : 208
  B 1|fO,L|T1+T3h : 195
  B 3|O|T3p : 193
  B 1|e1,e2,O|T3p+T3h : 176
  B 2|fO,G,D2|T1+T3p : 165
  B 2|G1|T3p+T3h : 161
  B 3|G1|T3p : 160
  B 2|fO,G1,L|T1+T3p : 151
  B 1|e3,fO,L,O,D2|T1+T3p+T3h : 147
  B 2|O|T3h : 133
  B 2|fO,G,L,D2|T1+T3p+T3h : 132
  B 2|G,L,D2,PM|T1+T3p+T3h : 129
  B 1|e1,fO,O|T1+T3p+T3h : 120
  B 1|e3,L,O,D2|T3p+T3h : 118
  B 2|fO,O|T1+T3p+T3h : 109
  B 1|e1,e2,G,D2|T3p+T3h : 96
  B 1|e1,e3,O|T3p : 89
  B 2|fO,G,O,D2|T3p : 89
  B 2|fO,O|T3p+T3h : 87
  B 2|e1,G,O,D2|T1+T3p+T3h : 86
  B 2|fO,G1,O|T1+T3p : 79
  B 2|e2|T3h : 78
  B 1|e1,e2,fO,G,D2|T3p+T3h : 76
  B 1|e1,e2,O|T1+T3p : 72
  B 1|e1,e2,L|T3p+T3h : 67
  B 1|e1,e3,O|T1+T3p+T3h : 64
  B 2|e2,L|T1+T3p+T3h : 64
  B 1|e1,fO,G,D2|T3p+T3h : 62
  B 1|e2,L,O,D2|T1+T3p+T3h : 61
  B 1|e2,fO,L|T1 : 60
  B 2|L,PM|T3p+T3h : 59
  B 2|O|T1+T3p : 58
  B 1|e1,e2,fO,L|T1+T3h : 56
  B 2|O|T1 : 55
  B 2|L|T3p+T3h : 54
  B 2|fO,L,O|T3p+T3h : 53
  B 1|e1,e3,fO|T1+T3p+T3h : 52
  B 1|e3,fO,L,O,D2|T3p+T3h : 52
  B 2|fO,O|T1+T3h : 51
  B 2|fO,L|T3p+T3h : 50
  B 2|fO,G1,L|T1+T3p+T3h : 49
  B 2|G1,L,PM|T3p+T3h : 48
  B 1|e1,e2,fO,O|T1+T3p+T3h : 47
  B 2|G,G1,D2|T3p : 47
  B 1|fO,L,D2|T1+T3p : 45
  B 2|L|T1+T3h : 41
  B 2|fO,G,O,D2|T1+T3p : 41
  B 1|e1,fO,L|T1+T3p+T3h : 38
  B 2|e1,O|T1+T3p+T3h : 38
  B 2|e2,L,PM|T1+T3p+T3h : 38
  B 2|fO,L,O|T1+T3p+T3h : 38
  B 2|fO,L,O|T3p : 38
  B 1|e1,fO,O,D2|T1+T3p+T3h : 34
  B 1|e1,e2,O,D2|T1+T3p+T3h : 33
  B 2|fO,G1|T1+T3p+T3h : 33
  B 2|fO,O,D2|T1+T3p+T3h : 33
  B 2|fO,O,D2|T3p+T3h : 32
  B 2|e2,L|T1+T3h : 31
  B 1|e1,e2,fO,O|T1+T3h : 30
  B 2|fO,L|T3h : 30
  B 1|e1,e3,G,D2|T3p+T3h : 28
  B 1|e1,fO,O|T1+T3h : 27
  B 2|fO,O|T3h : 27
  B 2|fO|T3p+T3h : 27
  B 2|e2,G,D2|T1+T3p+T3h : 23
  B 1|e1,e2,L|T1+T3p+T3h : 22
  B 2|e2,L|T3p+T3h : 21
  B 1|e1,e3,O|T3p+T3h : 20
  B 1|e2,fO,L,D2|T1 : 19
  B 1|e3,G,D2|T1+T3p+T3h : 19
  B 2|e2|T3p+T3h : 19
  B 2|L,PM|T1 : 18
  B 1|e1,e2,G,D2|T1+T3p+T3h : 17
  B 1|e3,fO,G,D2|T1+T3p+T3h : 16
  B 1|e3,fO,G,D2|T3p+T3h : 15
  B 1|fO,L|T1+T3p+T3h : 15
  B 2|G1,PM|T1+T3p : 15
  B 2|e2|T1+T3h : 15
  B 2|e2,L|T3h : 14
  B 2|fO|T3h : 14
  B 1|e3,G,D2|T3p+T3h : 13
  B 2|G1,O,D2|T1+T3p+T3h : 13
  B 1|e1,e3,fO,L|T1+T3p+T3h : 12
  B 1|e2,fO,L|T1+T3h : 12
  B 1|e3,fO,L,D2|T1 : 12
  B 2|fO,O|T1+T3p : 12
  B 3|G|none : 12
  B 1|e1,e2,O,D2|T3p : 11
  B 1|e2,fO,L,D2|T1+T3p : 11
  B 1|e1,e2,O|T3p : 10
  B 2|e1,G,D2|T3p+T3h : 9
  B 1|e1,e2,fO,L|T1+T3p+T3h : 8
  B 1|e3,fO,L,D2|T1+T3p+T3h : 8
  B 2|G1,O|T1+T3p : 8
  B 1|e1,e3,fO,L|T1+T3p : 7
  B 1|e1,e3,fO|T1+T3h : 7
  B 1|e2,L,O,D2|T3p+T3h : 6
  B 1|e2,fO,L|T1+T3p+T3h : 6
  B 2|fO,O|T3p : 6
  B 2|G,L,D2,PM|T3p+T3h : 5
  B 1|e1,e2,O,D2|T3p+T3h : 4
  B 1|e1,fO,L|T3h : 4
  B 1|e2,fO,L,D2|T1+T3p+T3h : 4
  B 2|G1,O,D2|T3p+T3h : 4
  B 1|e1,e3,G,D2|T1+T3p+T3h : 3
  B 1|e2,fO,G,D2|T1+T3p+T3h : 3
  B 1|e2,fO,L,D2|T1+T3h : 3
  B 1|e2,fO,L|T1+T3p : 3
  B 1|e3,fO,L,D2|T1+T3h : 3
  B 2|G,D2,PM|T1+T3p : 3
  B 2|G,L,D2|T3h : 3
  B 2|fO,G1,L|T3p+T3h : 3
  B 2|G,L,D2|T1+T3p : 2
  B 1|e1,e2,L|none : 1
  B 2|L|T3h : 1
  B 2|e1,G,D2|T1+T3p+T3h : 1
  B 2|e2,L,PM|T1+T3h : 1
  B 2|e2|T1+T3p+T3h : 1
  B 2|fO|T1+T3p : 1
table G: f >= 1 states by f | nearest distance k | branch : count
  G 2|1|T1+T3p+T3h : 68977
  G 2|2|T3p+T3h : 21573
  G 2|2|T3p : 6397
  G 2|1|T1+T3p : 5945
  G 1|1|T1+T3p+T3h : 5295
  G 3|2|T3p : 5178
  G 2|1|T1+T3h : 5065
  G 1|1|T1 : 3561
  G 1|1|T1+T3h : 3121
  G 1|2|T3p+T3h : 1048
  G 2|2|T3h : 299
  G 1|2|T3h : 174
  G 1|1|T1+T3p : 138
  G 1|2|T3p : 110
  G 2|1|T1 : 73
  G 1|3|T3h : 54
  G 3|2|none : 12
  G 1|2|none : 1
  G 2|3|T3h : 1
table Y: f >= 1 states by f | branch | move type available : count
  Y 2|T1+T3p+T3h|T1:rel : 66529
  Y 2|T1+T3p+T3h|T3:xJ.h- : 63054
  Y 2|T1+T3p+T3h|T3:xJ.hR : 56711
  Y 2|T1+T3p+T3h|T3:xZ.h- : 23855
  Y 2|T1+T3p+T3h|T1:pool : 21571
  Y 2|T3p+T3h|T3:xJ.h- : 19797
  Y 2|T1+T3p+T3h|T3:xZ.hR : 16890
  Y 2|T3p+T3h|T3:xJ.hR : 14978
  Y 2|T1+T3p+T3h|T3:xJ.hZ : 13495
  Y 2|T1+T3p+T3h|T3:xH.hR : 12596
  Y 2|T1+T3p+T3h|T3:xJ.hJ : 11390
  Y 2|T3p+T3h|T3:xZ.h- : 9252
  Y 2|T3p+T3h|T3:xJ.hZ : 7565
  Y 2|T3p+T3h|T3:xH.hR : 7448
  Y 2|T1+T3p+T3h|T3:xH.hJ : 7333
  Y 2|T1+T3p+T3h|T3:xZ.hJ : 6745
  Y 2|T3p|T3:xJ.h- : 6371
  Y 2|T1+T3p|T1:rel : 5493
  Y 2|T3p+T3h|T3:xJ.hJ : 5391
  Y 3|T3p|T3:xJ.h- : 4936
  Y 2|T1+T3p|T3:xJ.h- : 4915
  Y 2|T1+T3h|T1:rel : 4609
  Y 2|T1+T3h|T1:pool : 4413
  Y 2|T3p+T3h|T3:xZ.hR : 4407
  Y 1|T1+T3p+T3h|T1:rel : 4392
  Y 2|T1+T3h|T3:xH.hJ : 4109
  Y 1|T1+T3p+T3h|T1:pool : 3984
  Y 2|T3p+T3h|T3:xH.hJ : 3599
  Y 1|T1+T3p+T3h|T3:xZ.h- : 3565
  Y 1|T1|T1:rel : 3508
  Y 1|T1+T3p+T3h|T3:xJ.h- : 3442
  Y 2|T1+T3p+T3h|T3:xH.hZ : 3383
  Y 1|T1+T3p+T3h|T3:xJ.hZ : 3289
  Y 1|T1|T1:pool : 3174
  Y 1|T1+T3h|T1:pool : 2935
  Y 2|T3p+T3h|T3:xH.hZ : 2905
  Y 1|T1+T3p+T3h|T3:xJ.hR : 2832
  Y 2|T1+T3p|T1:pool : 2493
  Y 2|T1+T3p+T3h|T3:xZ.hZ : 2418
  Y 1|T1+T3h|T1:rel : 2395
  Y 1|T1+T3h|T3:xH.hJ : 2320
  Y 1|T1+T3p+T3h|T3:xZ.hR : 2193
  Y 1|T1+T3p+T3h|T3:xH.hJ : 2130
  Y 2|T1+T3p|T3:xZ.h- : 1733
  Y 2|T3p+T3h|T3:xZ.hJ : 1670
  Y 1|T1+T3p+T3h|T3:xH.hZ : 1466
  Y 2|T3p+T3h|T3:xZ.hZ : 1296
  Y 1|T1+T3p+T3h|T3:xZ.hJ : 1252
  Y 2|T1+T3h|T3:xH.hZ : 1156
  Y 1|T1+T3h|T3:xH.hR : 1111
  Y 1|T1+T3p+T3h|T3:xH.hR : 861
  Y 1|T3p+T3h|T3:xJ.h- : 775
  Y 1|T3p+T3h|T3:xJ.hZ : 775
  Y 3|T3p|T3:xZ.h- : 758
  Y 2|T3p|T3:xZ.h- : 697
  Y 1|T1+T3h|T3:xH.hZ : 691
  Y 2|T1+T3h|T3:xH.hR : 533
  Y 1|T3p+T3h|T3:xZ.h- : 522
  Y 1|T1+T3p+T3h|T3:xZ.hZ : 456
  Y 2|T1+T3p+T3h|T1:grow : 446
  Y 1|T3p+T3h|T3:xH.hZ : 389
  Y 1|T3p+T3h|T3:xH.hR : 373
  Y 2|T1+T3h|T3:xJ.hJ : 333
  Y 2|T1+T3h|T3:xJ.hR : 319
  Y 1|T3p+T3h|T3:xJ.hR : 308
  Y 1|T1+T3p+T3h|T3:xJ.hJ : 282
  Y 2|T1+T3h|T3:xJ.hZ : 239
  Y 1|T3p+T3h|T3:xH.hJ : 218
  Y 2|T3h|T3:xH.hZ : 177
  Y 2|T3h|T3:xH.hJ : 169
  Y 1|T3h|T3:xH.hR : 152
  Y 2|T3h|T3:xH.hR : 143
  Y 1|T1+T3p+T3h|T1:grow : 141
  Y 2|T1+T3h|T3:xZ.hJ : 134
  Y 1|T1+T3p|T1:rel : 110
  Y 1|T3h|T3:xH.hJ : 110
  Y 1|T3p|T3:xZ.h- : 110
  Y 2|T1+T3h|T3:xZ.hR : 98
  Y 1|T1+T3p|T3:xZ.h- : 79
  Y 1|T1+T3p|T1:pool : 74
  Y 2|T1|T1:rel : 73
  Y 2|T3h|T3:xJ.hZ : 70
  Y 1|T1+T3p|T3:xJ.h- : 66
  Y 1|T3h|T3:xH.hZ : 54
  Y 2|T1+T3h|T3:xZ.hZ : 41
  Y 2|T1+T3h|T1:grow : 30
  Y 1|T1+T3h|T3:xZ.hJ : 28
  Y 2|T3h|T3:xJ.hJ : 19
  Y 1|T1+T3h|T1:grow : 17
  Y 2|T3h|T3:xZ.hJ : 14
  Y 2|T3h|T3:xZ.hR : 13
  Y 1|T3p+T3h|T3:xZ.hZ : 12
  Y 2|T3h|T3:xJ.hR : 11
  Y 2|T1|T1:pool : 10
  Y 1|T3p+T3h|T3:xZ.hR : 8
  Y 1|T1+T3h|T3:xZ.hR : 7
  Y 1|T3p+T3h|T3:xJ.hJ : 4
  Y 1|T1|T1:grow : 2
  Y 2|T1+T3p|T1:grow : 1
