file	pos	idx	m	sets	profile	vals	nstates	bases	nearest
k4_certs_4_n4_2.json.gz	20	2	6	[[0, 1, 3, 5], [2, 3, 4, 5], [2, 4, 5], [3, 4, 5]]	6,5,1,5	[[2, 3, 4, 8], [1, 8, 6, 4], [2, 4, 3], [4, 3, 2]]	2	[[[3], [4], [2], [5]], [[3], [5], [2], [4]]]	k2:FF=NA;k2:FF=NA
k4_certs_4_n4_2.json.gz	20	2	6	[[0, 1, 3, 5], [2, 3, 4, 5], [2, 4, 5], [3, 4, 5]]	6,31,1,5	[[2, 3, 4, 8], [2, 8, 4, 3], [2, 4, 3], [4, 3, 2]]	2	[[[3], [4], [2], [5]], [[3], [5], [2], [4]]]	k2:FF=NA;k2:FF=NA
k4_certs_4_n4_2.json.gz	20	2	6	[[0, 1, 3, 5], [2, 3, 4, 5], [2, 4, 5], [3, 4, 5]]	6,34,1,5	[[2, 3, 4, 8], [2, 8, 5, 4], [2, 4, 3], [4, 3, 2]]	2	[[[3], [4], [2], [5]], [[3], [5], [2], [4]]]	k2:FF=NA;k2:FF=NA
k4_certs_4_n4_2.json.gz	20	2	6	[[0, 1, 3, 5], [2, 3, 4, 5], [2, 4, 5], [3, 4, 5]]	6,35,1,5	[[2, 3, 4, 8], [2, 8, 7, 4], [2, 4, 3], [4, 3, 2]]	2	[[[3], [4], [2], [5]], [[3], [5], [2], [4]]]	k2:FF=NA;k2:FF=NA
k4_certs_4_n4_2.json.gz	20	2	6	[[0, 1, 3, 5], [2, 3, 4, 5], [2, 4, 5], [3, 4, 5]]	6,38,1,5	[[2, 3, 4, 8], [2, 10, 6, 3], [2, 4, 3], [4, 3, 2]]	2	[[[3], [4], [2], [5]], [[3], [5], [2], [4]]]	k2:FF=NA;k2:FF=NA
k4_certs_4_n4_2.json.gz	20	2	6	[[0, 1, 3, 5], [2, 3, 4, 5], [2, 4, 5], [3, 4, 5]]	6,40,1,5	[[2, 3, 4, 8], [2, 10, 7, 4], [2, 4, 3], [4, 3, 2]]	2	[[[3], [4], [2], [5]], [[3], [5], [2], [4]]]	k2:FF=NA;k2:FF=NA
k4_certs_4_n4_2.json.gz	20	2	6	[[0, 1, 3, 5], [2, 3, 4, 5], [2, 4, 5], [3, 4, 5]]	6,41,1,5	[[2, 3, 4, 8], [2, 10, 7, 6], [2, 4, 3], [4, 3, 2]]	2	[[[3], [4], [2], [5]], [[3], [5], [2], [4]]]	k2:FF=NA;k2:FF=NA
k4_certs_4_n4_2.json.gz	20	2	6	[[0, 1, 3, 5], [2, 3, 4, 5], [2, 4, 5], [3, 4, 5]]	6,63,1,5	[[2, 3, 4, 8], [3, 7, 6, 5], [2, 4, 3], [4, 3, 2]]	2	[[[3], [4], [2], [5]], [[3], [5], [2], [4]]]	k2:FF=NA;k2:FF=NA
k4_certs_4_n4_2.json.gz	20	2	6	[[0, 1, 3, 5], [2, 3, 4, 5], [2, 4, 5], [3, 4, 5]]	6,68,1,5	[[2, 3, 4, 8], [3, 8, 6, 4], [2, 4, 3], [4, 3, 2]]	2	[[[3], [4], [2], [5]], [[3], [5], [2], [4]]]	k2:FF=NA;k2:FF=NA
k4_certs_4_n4_2.json.gz	20	2	6	[[0, 1, 3, 5], [2, 3, 4, 5], [2, 4, 5], [3, 4, 5]]	6,76,1,5	[[2, 3, 4, 8], [3, 10, 8, 4], [2, 4, 3], [4, 3, 2]]	2	[[[3], [4], [2], [5]], [[3], [5], [2], [4]]]	k2:FF=NA;k2:FF=NA
k4_certs_4_n4_2.json.gz	20	2	6	[[0, 1, 3, 5], [2, 3, 4, 5], [2, 4, 5], [3, 4, 5]]	6,77,1,5	[[2, 3, 4, 8], [3, 10, 8, 6], [2, 4, 3], [4, 3, 2]]	2	[[[3], [4], [2], [5]], [[3], [5], [2], [4]]]	k2:FF=NA;k2:FF=NA
k4_certs_4_n4_2.json.gz	20	2	6	[[0, 1, 3, 5], [2, 3, 4, 5], [2, 4, 5], [3, 4, 5]]	6,119,1,5	[[2, 3, 4, 8], [4, 8, 6, 5], [2, 4, 3], [4, 3, 2]]	2	[[[3], [4], [2], [5]], [[3], [5], [2], [4]]]	k2:FF=NA;k2:FF=NA
k4_certs_4_n4_2.json.gz	20	2	6	[[0, 1, 3, 5], [2, 3, 4, 5], [2, 4, 5], [3, 4, 5]]	11,5,1,5	[[2, 4, 5, 8], [1, 8, 6, 4], [2, 4, 3], [4, 3, 2]]	2	[[[3], [4], [2], [5]], [[3], [5], [2], [4]]]	k2:FF=NA;k2:FF=NA
k4_certs_4_n4_2.json.gz	20	2	6	[[0, 1, 3, 5], [2, 3, 4, 5], [2, 4, 5], [3, 4, 5]]	11,31,1,5	[[2, 4, 5, 8], [2, 8, 4, 3], [2, 4, 3], [4, 3, 2]]	2	[[[3], [4], [2], [5]], [[3], [5], [2], [4]]]	k2:FF=NA;k2:FF=NA
k4_certs_4_n4_2.json.gz	20	2	6	[[0, 1, 3, 5], [2, 3, 4, 5], [2, 4, 5], [3, 4, 5]]	11,34,1,5	[[2, 4, 5, 8], [2, 8, 5, 4], [2, 4, 3], [4, 3, 2]]	2	[[[3], [4], [2], [5]], [[3], [5], [2], [4]]]	k2:FF=NA;k2:FF=NA
k4_certs_4_n4_2.json.gz	20	2	6	[[0, 1, 3, 5], [2, 3, 4, 5], [2, 4, 5], [3, 4, 5]]	11,35,1,5	[[2, 4, 5, 8], [2, 8, 7, 4], [2, 4, 3], [4, 3, 2]]	2	[[[3], [4], [2], [5]], [[3], [5], [2], [4]]]	k2:FF=NA;k2:FF=NA
k4_certs_4_n4_2.json.gz	20	2	6	[[0, 1, 3, 5], [2, 3, 4, 5], [2, 4, 5], [3, 4, 5]]	11,38,1,5	[[2, 4, 5, 8], [2, 10, 6, 3], [2, 4, 3], [4, 3, 2]]	2	[[[3], [4], [2], [5]], [[3], [5], [2], [4]]]	k2:FF=NA;k2:FF=NA
k4_certs_4_n4_2.json.gz	20	2	6	[[0, 1, 3, 5], [2, 3, 4, 5], [2, 4, 5], [3, 4, 5]]	11,40,1,5	[[2, 4, 5, 8], [2, 10, 7, 4], [2, 4, 3], [4, 3, 2]]	2	[[[3], [4], [2], [5]], [[3], [5], [2], [4]]]	k2:FF=NA;k2:FF=NA
k4_certs_4_n4_2.json.gz	20	2	6	[[0, 1, 3, 5], [2, 3, 4, 5], [2, 4, 5], [3, 4, 5]]	11,41,1,5	[[2, 4, 5, 8], [2, 10, 7, 6], [2, 4, 3], [4, 3, 2]]	2	[[[3], [4], [2], [5]], [[3], [5], [2], [4]]]	k2:FF=NA;k2:FF=NA
k4_certs_4_n4_2.json.gz	20	2	6	[[0, 1, 3, 5], [2, 3, 4, 5], [2, 4, 5], [3, 4, 5]]	11,63,1,5	[[2, 4, 5, 8], [3, 7, 6, 5], [2, 4, 3], [4, 3, 2]]	2	[[[3], [4], [2], [5]], [[3], [5], [2], [4]]]	k2:FF=NA;k2:FF=NA
k4_certs_4_n4_2.json.gz	20	2	6	[[0, 1, 3, 5], [2, 3, 4, 5], [2, 4, 5], [3, 4, 5]]	11,68,1,5	[[2, 4, 5, 8], [3, 8, 6, 4], [2, 4, 3], [4, 3, 2]]	2	[[[3], [4], [2], [5]], [[3], [5], [2], [4]]]	k2:FF=NA;k2:FF=NA
k4_certs_4_n4_2.json.gz	20	2	6	[[0, 1, 3, 5], [2, 3, 4, 5], [2, 4, 5], [3, 4, 5]]	11,76,1,5	[[2, 4, 5, 8], [3, 10, 8, 4], [2, 4, 3], [4, 3, 2]]	2	[[[3], [4], [2], [5]], [[3], [5], [2], [4]]]	k2:FF=NA;k2:FF=NA
k4_certs_4_n4_2.json.gz	20	2	6	[[0, 1, 3, 5], [2, 3, 4, 5], [2, 4, 5], [3, 4, 5]]	11,77,1,5	[[2, 4, 5, 8], [3, 10, 8, 6], [2, 4, 3], [4, 3, 2]]	2	[[[3], [4], [2], [5]], [[3], [5], [2], [4]]]	k2:FF=NA;k2:FF=NA
k4_certs_4_n4_2.json.gz	20	2	6	[[0, 1, 3, 5], [2, 3, 4, 5], [2, 4, 5], [3, 4, 5]]	11,119,1,5	[[2, 4, 5, 8], [4, 8, 6, 5], [2, 4, 3], [4, 3, 2]]	2	[[[3], [4], [2], [5]], [[3], [5], [2], [4]]]	k2:FF=NA;k2:FF=NA
k4_certs_4_n4_2.json.gz	20	2	6	[[0, 1, 3, 5], [2, 3, 4, 5], [2, 4, 5], [3, 4, 5]]	21,5,1,5	[[2, 6, 7, 10], [1, 8, 6, 4], [2, 4, 3], [4, 3, 2]]	2	[[[3], [4], [2], [5]], [[3], [5], [2], [4]]]	k2:FF=NA;k2:FF=NA
k4_certs_4_n4_2.json.gz	20	2	6	[[0, 1, 3, 5], [2, 3, 4, 5], [2, 4, 5], [3, 4, 5]]	21,31,1,5	[[2, 6, 7, 10], [2, 8, 4, 3], [2, 4, 3], [4, 3, 2]]	2	[[[3], [4], [2], [5]], [[3], [5], [2], [4]]]	k2:FF=NA;k2:FF=NA
k4_certs_4_n4_2.json.gz	20	2	6	[[0, 1, 3, 5], [2, 3, 4, 5], [2, 4, 5], [3, 4, 5]]	21,34,1,5	[[2, 6, 7, 10], [2, 8, 5, 4], [2, 4, 3], [4, 3, 2]]	2	[[[3], [4], [2], [5]], [[3], [5], [2], [4]]]	k2:FF=NA;k2:FF=NA
k4_certs_4_n4_2.json.gz	20	2	6	[[0, 1, 3, 5], [2, 3, 4, 5], [2, 4, 5], [3, 4, 5]]	21,35,1,5	[[2, 6, 7, 10], [2, 8, 7, 4], [2, 4, 3], [4, 3, 2]]	2	[[[3], [4], [2], [5]], [[3], [5], [2], [4]]]	k2:FF=NA;k2:FF=NA
k4_certs_4_n4_2.json.gz	20	2	6	[[0, 1, 3, 5], [2, 3, 4, 5], [2, 4, 5], [3, 4, 5]]	21,38,1,5	[[2, 6, 7, 10], [2, 10, 6, 3], [2, 4, 3], [4, 3, 2]]	2	[[[3], [4], [2], [5]], [[3], [5], [2], [4]]]	k2:FF=NA;k2:FF=NA
k4_certs_4_n4_2.json.gz	20	2	6	[[0, 1, 3, 5], [2, 3, 4, 5], [2, 4, 5], [3, 4, 5]]	21,40,1,5	[[2, 6, 7, 10], [2, 10, 7, 4], [2, 4, 3], [4, 3, 2]]	2	[[[3], [4], [2], [5]], [[3], [5], [2], [4]]]	k2:FF=NA;k2:FF=NA
k4_certs_4_n4_2.json.gz	20	2	6	[[0, 1, 3, 5], [2, 3, 4, 5], [2, 4, 5], [3, 4, 5]]	21,41,1,5	[[2, 6, 7, 10], [2, 10, 7, 6], [2, 4, 3], [4, 3, 2]]	2	[[[3], [4], [2], [5]], [[3], [5], [2], [4]]]	k2:FF=NA;k2:FF=NA
k4_certs_4_n4_2.json.gz	20	2	6	[[0, 1, 3, 5], [2, 3, 4, 5], [2, 4, 5], [3, 4, 5]]	21,63,1,5	[[2, 6, 7, 10], [3, 7, 6, 5], [2, 4, 3], [4, 3, 2]]	2	[[[3], [4], [2], [5]], [[3], [5], [2], [4]]]	k2:FF=NA;k2:FF=NA
k4_certs_4_n4_2.json.gz	20	2	6	[[0, 1, 3, 5], [2, 3, 4, 5], [2, 4, 5], [3, 4, 5]]	21,68,1,5	[[2, 6, 7, 10], [3, 8, 6, 4], [2, 4, 3], [4, 3, 2]]	2	[[[3], [4], [2], [5]], [[3], [5], [2], [4]]]	k2:FF=NA;k2:FF=NA
k4_certs_4_n4_2.json.gz	20	2	6	[[0, 1, 3, 5], [2, 3, 4, 5], [2, 4, 5], [3, 4, 5]]	21,76,1,5	[[2, 6, 7, 10], [3, 10, 8, 4], [2, 4, 3], [4, 3, 2]]	2	[[[3], [4], [2], [5]], [[3], [5], [2], [4]]]	k2:FF=NA;k2:FF=NA
k4_certs_4_n4_2.json.gz	20	2	6	[[0, 1, 3, 5], [2, 3, 4, 5], [2, 4, 5], [3, 4, 5]]	21,77,1,5	[[2, 6, 7, 10], [3, 10, 8, 6], [2, 4, 3], [4, 3, 2]]	2	[[[3], [4], [2], [5]], [[3], [5], [2], [4]]]	k2:FF=NA;k2:FF=NA
k4_certs_4_n4_2.json.gz	20	2	6	[[0, 1, 3, 5], [2, 3, 4, 5], [2, 4, 5], [3, 4, 5]]	21,119,1,5	[[2, 6, 7, 10], [4, 8, 6, 5], [2, 4, 3], [4, 3, 2]]	2	[[[3], [4], [2], [5]], [[3], [5], [2], [4]]]	k2:FF=NA;k2:FF=NA
k4_certs_4_n4_2.json.gz	20	2	6	[[0, 1, 3, 5], [2, 3, 4, 5], [2, 4, 5], [3, 4, 5]]	34,5,1,5	[[3, 2, 4, 8], [1, 8, 6, 4], [2, 4, 3], [4, 3, 2]]	2	[[[3], [4], [2], [5]], [[3], [5], [2], [4]]]	k2:FF=NA;k2:FF=NA
k4_certs_4_n4_2.json.gz	20	2	6	[[0, 1, 3, 5], [2, 3, 4, 5], [2, 4, 5], [3, 4, 5]]	34,31,1,5	[[3, 2, 4, 8], [2, 8, 4, 3], [2, 4, 3], [4, 3, 2]]	2	[[[3], [4], [2], [5]], [[3], [5], [2], [4]]]	k2:FF=NA;k2:FF=NA
k4_certs_4_n4_2.json.gz	20	2	6	[[0, 1, 3, 5], [2, 3, 4, 5], [2, 4, 5], [3, 4, 5]]	34,34,1,5	[[3, 2, 4, 8], [2, 8, 5, 4], [2, 4, 3], [4, 3, 2]]	2	[[[3], [4], [2], [5]], [[3], [5], [2], [4]]]	k2:FF=NA;k2:FF=NA
k4_certs_4_n4_2.json.gz	20	2	6	[[0, 1, 3, 5], [2, 3, 4, 5], [2, 4, 5], [3, 4, 5]]	34,35,1,5	[[3, 2, 4, 8], [2, 8, 7, 4], [2, 4, 3], [4, 3, 2]]	2	[[[3], [4], [2], [5]], [[3], [5], [2], [4]]]	k2:FF=NA;k2:FF=NA
k4_certs_4_n4_2.json.gz	20	2	6	[[0, 1, 3, 5], [2, 3, 4, 5], [2, 4, 5], [3, 4, 5]]	34,38,1,5	[[3, 2, 4, 8], [2, 10, 6, 3], [2, 4, 3], [4, 3, 2]]	2	[[[3], [4], [2], [5]], [[3], [5], [2], [4]]]	k2:FF=NA;k2:FF=NA
k4_certs_4_n4_2.json.gz	20	2	6	[[0, 1, 3, 5], [2, 3, 4, 5], [2, 4, 5], [3, 4, 5]]	34,40,1,5	[[3, 2, 4, 8], [2, 10, 7, 4], [2, 4, 3], [4, 3, 2]]	2	[[[3], [4], [2], [5]], [[3], [5], [2], [4]]]	k2:FF=NA;k2:FF=NA
k4_certs_4_n4_2.json.gz	20	2	6	[[0, 1, 3, 5], [2, 3, 4, 5], [2, 4, 5], [3, 4, 5]]	34,41,1,5	[[3, 2, 4, 8], [2, 10, 7, 6], [2, 4, 3], [4, 3, 2]]	2	[[[3], [4], [2], [5]], [[3], [5], [2], [4]]]	k2:FF=NA;k2:FF=NA
k4_certs_4_n4_2.json.gz	20	2	6	[[0, 1, 3, 5], [2, 3, 4, 5], [2, 4, 5], [3, 4, 5]]	34,63,1,5	[[3, 2, 4, 8], [3, 7, 6, 5], [2, 4, 3], [4, 3, 2]]	2	[[[3], [4], [2], [5]], [[3], [5], [2], [4]]]	k2:FF=NA;k2:FF=NA
k4_certs_4_n4_2.json.gz	20	2	6	[[0, 1, 3, 5], [2, 3, 4, 5], [2, 4, 5], [3, 4, 5]]	34,68,1,5	[[3, 2, 4, 8], [3, 8, 6, 4], [2, 4, 3], [4, 3, 2]]	2	[[[3], [4], [2], [5]], [[3], [5], [2], [4]]]	k2:FF=NA;k2:FF=NA
k4_certs_4_n4_2.json.gz	20	2	6	[[0, 1, 3, 5], [2, 3, 4, 5], [2, 4, 5], [3, 4, 5]]	34,76,1,5	[[3, 2, 4, 8], [3, 10, 8, 4], [2, 4, 3], [4, 3, 2]]	2	[[[3], [4], [2], [5]], [[3], [5], [2], [4]]]	k2:FF=NA;k2:FF=NA
k4_certs_4_n4_2.json.gz	20	2	6	[[0, 1, 3, 5], [2, 3, 4, 5], [2, 4, 5], [3, 4, 5]]	34,77,1,5	[[3, 2, 4, 8], [3, 10, 8, 6], [2, 4, 3], [4, 3, 2]]	2	[[[3], [4], [2], [5]], [[3], [5], [2], [4]]]	k2:FF=NA;k2:FF=NA
k4_certs_4_n4_2.json.gz	20	2	6	[[0, 1, 3, 5], [2, 3, 4, 5], [2, 4, 5], [3, 4, 5]]	34,119,1,5	[[3, 2, 4, 8], [4, 8, 6, 5], [2, 4, 3], [4, 3, 2]]	2	[[[3], [4], [2], [5]], [[3], [5], [2], [4]]]	k2:FF=NA;k2:FF=NA
k4_certs_4_n4_2.json.gz	20	2	6	[[0, 1, 3, 5], [2, 3, 4, 5], [2, 4, 5], [3, 4, 5]]	39,5,1,5	[[3, 4, 6, 8], [1, 8, 6, 4], [2, 4, 3], [4, 3, 2]]	2	[[[3], [4], [2], [5]], [[3], [5], [2], [4]]]	k2:FF=NA;k2:FF=NA
k4_certs_4_n4_2.json.gz	20	2	6	[[0, 1, 3, 5], [2, 3, 4, 5], [2, 4, 5], [3, 4, 5]]	39,31,1,5	[[3, 4, 6, 8], [2, 8, 4, 3], [2, 4, 3], [4, 3, 2]]	2	[[[3], [4], [2], [5]], [[3], [5], [2], [4]]]	k2:FF=NA;k2:FF=NA
k4_certs_4_n4_2.json.gz	20	2	6	[[0, 1, 3, 5], [2, 3, 4, 5], [2, 4, 5], [3, 4, 5]]	39,34,1,5	[[3, 4, 6, 8], [2, 8, 5, 4], [2, 4, 3], [4, 3, 2]]	2	[[[3], [4], [2], [5]], [[3], [5], [2], [4]]]	k2:FF=NA;k2:FF=NA
k4_certs_4_n4_2.json.gz	20	2	6	[[0, 1, 3, 5], [2, 3, 4, 5], [2, 4, 5], [3, 4, 5]]	39,35,1,5	[[3, 4, 6, 8], [2, 8, 7, 4], [2, 4, 3], [4, 3, 2]]	2	[[[3], [4], [2], [5]], [[3], [5], [2], [4]]]	k2:FF=NA;k2:FF=NA
k4_certs_4_n4_2.json.gz	20	2	6	[[0, 1, 3, 5], [2, 3, 4, 5], [2, 4, 5], [3, 4, 5]]	39,38,1,5	[[3, 4, 6, 8], [2, 10, 6, 3], [2, 4, 3], [4, 3, 2]]	2	[[[3], [4], [2], [5]], [[3], [5], [2], [4]]]	k2:FF=NA;k2:FF=NA
k4_certs_4_n4_2.json.gz	20	2	6	[[0, 1, 3, 5], [2, 3, 4, 5], [2, 4, 5], [3, 4, 5]]	39,40,1,5	[[3, 4, 6, 8], [2, 10, 7, 4], [2, 4, 3], [4, 3, 2]]	2	[[[3], [4], [2], [5]], [[3], [5], [2], [4]]]	k2:FF=NA;k2:FF=NA
k4_certs_4_n4_2.json.gz	20	2	6	[[0, 1, 3, 5], [2, 3, 4, 5], [2, 4, 5], [3, 4, 5]]	39,41,1,5	[[3, 4, 6, 8], [2, 10, 7, 6], [2, 4, 3], [4, 3, 2]]	2	[[[3], [4], [2], [5]], [[3], [5], [2], [4]]]	k2:FF=NA;k2:FF=NA
k4_certs_4_n4_2.json.gz	20	2	6	[[0, 1, 3, 5], [2, 3, 4, 5], [2, 4, 5], [3, 4, 5]]	39,63,1,5	[[3, 4, 6, 8], [3, 7, 6, 5], [2, 4, 3], [4, 3, 2]]	2	[[[3], [4], [2], [5]], [[3], [5], [2], [4]]]	k2:FF=NA;k2:FF=NA
k4_certs_4_n4_2.json.gz	20	2	6	[[0, 1, 3, 5], [2, 3, 4, 5], [2, 4, 5], [3, 4, 5]]	39,68,1,5	[[3, 4, 6, 8], [3, 8, 6, 4], [2, 4, 3], [4, 3, 2]]	2	[[[3], [4], [2], [5]], [[3], [5], [2], [4]]]	k2:FF=NA;k2:FF=NA
k4_certs_4_n4_2.json.gz	20	2	6	[[0, 1, 3, 5], [2, 3, 4, 5], [2, 4, 5], [3, 4, 5]]	39,76,1,5	[[3, 4, 6, 8], [3, 10, 8, 4], [2, 4, 3], [4, 3, 2]]	2	[[[3], [4], [2], [5]], [[3], [5], [2], [4]]]	k2:FF=NA;k2:FF=NA
k4_certs_4_n4_2.json.gz	20	2	6	[[0, 1, 3, 5], [2, 3, 4, 5], [2, 4, 5], [3, 4, 5]]	39,77,1,5	[[3, 4, 6, 8], [3, 10, 8, 6], [2, 4, 3], [4, 3, 2]]	2	[[[3], [4], [2], [5]], [[3], [5], [2], [4]]]	k2:FF=NA;k2:FF=NA
k4_certs_4_n4_2.json.gz	20	2	6	[[0, 1, 3, 5], [2, 3, 4, 5], [2, 4, 5], [3, 4, 5]]	39,119,1,5	[[3, 4, 6, 8], [4, 8, 6, 5], [2, 4, 3], [4, 3, 2]]	2	[[[3], [4], [2], [5]], [[3], [5], [2], [4]]]	k2:FF=NA;k2:FF=NA
k4_certs_4_n4_2.json.gz	20	2	6	[[0, 1, 3, 5], [2, 3, 4, 5], [2, 4, 5], [3, 4, 5]]	51,5,1,5	[[3, 6, 8, 10], [1, 8, 6, 4], [2, 4, 3], [4, 3, 2]]	2	[[[3], [4], [2], [5]], [[3], [5], [2], [4]]]	k2:FF=NA;k2:FF=NA
k4_certs_4_n4_2.json.gz	20	2	6	[[0, 1, 3, 5], [2, 3, 4, 5], [2, 4, 5], [3, 4, 5]]	51,31,1,5	[[3, 6, 8, 10], [2, 8, 4, 3], [2, 4, 3], [4, 3, 2]]	2	[[[3], [4], [2], [5]], [[3], [5], [2], [4]]]	k2:FF=NA;k2:FF=NA
k4_certs_4_n4_2.json.gz	20	2	6	[[0, 1, 3, 5], [2, 3, 4, 5], [2, 4, 5], [3, 4, 5]]	51,34,1,5	[[3, 6, 8, 10], [2, 8, 5, 4], [2, 4, 3], [4, 3, 2]]	2	[[[3], [4], [2], [5]], [[3], [5], [2], [4]]]	k2:FF=NA;k2:FF=NA
k4_certs_4_n4_2.json.gz	20	2	6	[[0, 1, 3, 5], [2, 3, 4, 5], [2, 4, 5], [3, 4, 5]]	51,35,1,5	[[3, 6, 8, 10], [2, 8, 7, 4], [2, 4, 3], [4, 3, 2]]	2	[[[3], [4], [2], [5]], [[3], [5], [2], [4]]]	k2:FF=NA;k2:FF=NA
k4_certs_4_n4_2.json.gz	20	2	6	[[0, 1, 3, 5], [2, 3, 4, 5], [2, 4, 5], [3, 4, 5]]	51,38,1,5	[[3, 6, 8, 10], [2, 10, 6, 3], [2, 4, 3], [4, 3, 2]]	2	[[[3], [4], [2], [5]], [[3], [5], [2], [4]]]	k2:FF=NA;k2:FF=NA
k4_certs_4_n4_2.json.gz	20	2	6	[[0, 1, 3, 5], [2, 3, 4, 5], [2, 4, 5], [3, 4, 5]]	51,40,1,5	[[3, 6, 8, 10], [2, 10, 7, 4], [2, 4, 3], [4, 3, 2]]	2	[[[3], [4], [2], [5]], [[3], [5], [2], [4]]]	k2:FF=NA;k2:FF=NA
k4_certs_4_n4_2.json.gz	20	2	6	[[0, 1, 3, 5], [2, 3, 4, 5], [2, 4, 5], [3, 4, 5]]	51,41,1,5	[[3, 6, 8, 10], [2, 10, 7, 6], [2, 4, 3], [4, 3, 2]]	2	[[[3], [4], [2], [5]], [[3], [5], [2], [4]]]	k2:FF=NA;k2:FF=NA
k4_certs_4_n4_2.json.gz	20	2	6	[[0, 1, 3, 5], [2, 3, 4, 5], [2, 4, 5], [3, 4, 5]]	51,63,1,5	[[3, 6, 8, 10], [3, 7, 6, 5], [2, 4, 3], [4, 3, 2]]	2	[[[3], [4], [2], [5]], [[3], [5], [2], [4]]]	k2:FF=NA;k2:FF=NA
k4_certs_4_n4_2.json.gz	20	2	6	[[0, 1, 3, 5], [2, 3, 4, 5], [2, 4, 5], [3, 4, 5]]	51,68,1,5	[[3, 6, 8, 10], [3, 8, 6, 4], [2, 4, 3], [4, 3, 2]]	2	[[[3], [4], [2], [5]], [[3], [5], [2], [4]]]	k2:FF=NA;k2:FF=NA
k4_certs_4_n4_2.json.gz	20	2	6	[[0, 1, 3, 5], [2, 3, 4, 5], [2, 4, 5], [3, 4, 5]]	51,76,1,5	[[3, 6, 8, 10], [3, 10, 8, 4], [2, 4, 3], [4, 3, 2]]	2	[[[3], [4], [2], [5]], [[3], [5], [2], [4]]]	k2:FF=NA;k2:FF=NA
k4_certs_4_n4_2.json.gz	20	2	6	[[0, 1, 3, 5], [2, 3, 4, 5], [2, 4, 5], [3, 4, 5]]	51,77,1,5	[[3, 6, 8, 10], [3, 10, 8, 6], [2, 4, 3], [4, 3, 2]]	2	[[[3], [4], [2], [5]], [[3], [5], [2], [4]]]	k2:FF=NA;k2:FF=NA
k4_certs_4_n4_2.json.gz	20	2	6	[[0, 1, 3, 5], [2, 3, 4, 5], [2, 4, 5], [3, 4, 5]]	51,119,1,5	[[3, 6, 8, 10], [4, 8, 6, 5], [2, 4, 3], [4, 3, 2]]	2	[[[3], [4], [2], [5]], [[3], [5], [2], [4]]]	k2:FF=NA;k2:FF=NA
k4_certs_4_n4_2.json.gz	20	2	6	[[0, 1, 3, 5], [2, 3, 4, 5], [2, 4, 5], [3, 4, 5]]	65,5,1,5	[[4, 2, 5, 8], [1, 8, 6, 4], [2, 4, 3], [4, 3, 2]]	2	[[[3], [4], [2], [5]], [[3], [5], [2], [4]]]	k2:FF=NA;k2:FF=NA
k4_certs_4_n4_2.json.gz	20	2	6	[[0, 1, 3, 5], [2, 3, 4, 5], [2, 4, 5], [3, 4, 5]]	65,31,1,5	[[4, 2, 5, 8], [2, 8, 4, 3], [2, 4, 3], [4, 3, 2]]	2	[[[3], [4], [2], [5]], [[3], [5], [2], [4]]]	k2:FF=NA;k2:FF=NA
k4_certs_4_n4_2.json.gz	20	2	6	[[0, 1, 3, 5], [2, 3, 4, 5], [2, 4, 5], [3, 4, 5]]	65,34,1,5	[[4, 2, 5, 8], [2, 8, 5, 4], [2, 4, 3], [4, 3, 2]]	2	[[[3], [4], [2], [5]], [[3], [5], [2], [4]]]	k2:FF=NA;k2:FF=NA
k4_certs_4_n4_2.json.gz	20	2	6	[[0, 1, 3, 5], [2, 3, 4, 5], [2, 4, 5], [3, 4, 5]]	65,35,1,5	[[4, 2, 5, 8], [2, 8, 7, 4], [2, 4, 3], [4, 3, 2]]	2	[[[3], [4], [2], [5]], [[3], [5], [2], [4]]]	k2:FF=NA;k2:FF=NA
k4_certs_4_n4_2.json.gz	20	2	6	[[0, 1, 3, 5], [2, 3, 4, 5], [2, 4, 5], [3, 4, 5]]	65,38,1,5	[[4, 2, 5, 8], [2, 10, 6, 3], [2, 4, 3], [4, 3, 2]]	2	[[[3], [4], [2], [5]], [[3], [5], [2], [4]]]	k2:FF=NA;k2:FF=NA
k4_certs_4_n4_2.json.gz	20	2	6	[[0, 1, 3, 5], [2, 3, 4, 5], [2, 4, 5], [3, 4, 5]]	65,40,1,5	[[4, 2, 5, 8], [2, 10, 7, 4], [2, 4, 3], [4, 3, 2]]	2	[[[3], [4], [2], [5]], [[3], [5], [2], [4]]]	k2:FF=NA;k2:FF=NA
k4_certs_4_n4_2.json.gz	20	2	6	[[0, 1, 3, 5], [2, 3, 4, 5], [2, 4, 5], [3, 4, 5]]	65,41,1,5	[[4, 2, 5, 8], [2, 10, 7, 6], [2, 4, 3], [4, 3, 2]]	2	[[[3], [4], [2], [5]], [[3], [5], [2], [4]]]	k2:FF=NA;k2:FF=NA
k4_certs_4_n4_2.json.gz	20	2	6	[[0, 1, 3, 5], [2, 3, 4, 5], [2, 4, 5], [3, 4, 5]]	65,63,1,5	[[4, 2, 5, 8], [3, 7, 6, 5], [2, 4, 3], [4, 3, 2]]	2	[[[3], [4], [2], [5]], [[3], [5], [2], [4]]]	k2:FF=NA;k2:FF=NA
k4_certs_4_n4_2.json.gz	20	2	6	[[0, 1, 3, 5], [2, 3, 4, 5], [2, 4, 5], [3, 4, 5]]	65,68,1,5	[[4, 2, 5, 8], [3, 8, 6, 4], [2, 4, 3], [4, 3, 2]]	2	[[[3], [4], [2], [5]], [[3], [5], [2], [4]]]	k2:FF=NA;k2:FF=NA
k4_certs_4_n4_2.json.gz	20	2	6	[[0, 1, 3, 5], [2, 3, 4, 5], [2, 4, 5], [3, 4, 5]]	65,76,1,5	[[4, 2, 5, 8], [3, 10, 8, 4], [2, 4, 3], [4, 3, 2]]	2	[[[3], [4], [2], [5]], [[3], [5], [2], [4]]]	k2:FF=NA;k2:FF=NA
k4_certs_4_n4_2.json.gz	20	2	6	[[0, 1, 3, 5], [2, 3, 4, 5], [2, 4, 5], [3, 4, 5]]	65,77,1,5	[[4, 2, 5, 8], [3, 10, 8, 6], [2, 4, 3], [4, 3, 2]]	2	[[[3], [4], [2], [5]], [[3], [5], [2], [4]]]	k2:FF=NA;k2:FF=NA
k4_certs_4_n4_2.json.gz	20	2	6	[[0, 1, 3, 5], [2, 3, 4, 5], [2, 4, 5], [3, 4, 5]]	65,119,1,5	[[4, 2, 5, 8], [4, 8, 6, 5], [2, 4, 3], [4, 3, 2]]	2	[[[3], [4], [2], [5]], [[3], [5], [2], [4]]]	k2:FF=NA;k2:FF=NA
k4_certs_4_n4_2.json.gz	20	2	6	[[0, 1, 3, 5], [2, 3, 4, 5], [2, 4, 5], [3, 4, 5]]	73,5,1,5	[[4, 3, 6, 8], [1, 8, 6, 4], [2, 4, 3], [4, 3, 2]]	2	[[[3], [4], [2], [5]], [[3], [5], [2], [4]]]	k2:FF=NA;k2:FF=NA
k4_certs_4_n4_2.json.gz	20	2	6	[[0, 1, 3, 5], [2, 3, 4, 5], [2, 4, 5], [3, 4, 5]]	73,31,1,5	[[4, 3, 6, 8], [2, 8, 4, 3], [2, 4, 3], [4, 3, 2]]	2	[[[3], [4], [2], [5]], [[3], [5], [2], [4]]]	k2:FF=NA;k2:FF=NA
k4_certs_4_n4_2.json.gz	20	2	6	[[0, 1, 3, 5], [2, 3, 4, 5], [2, 4, 5], [3, 4, 5]]	73,34,1,5	[[4, 3, 6, 8], [2, 8, 5, 4], [2, 4, 3], [4, 3, 2]]	2	[[[3], [4], [2], [5]], [[3], [5], [2], [4]]]	k2:FF=NA;k2:FF=NA
k4_certs_4_n4_2.json.gz	20	2	6	[[0, 1, 3, 5], [2, 3, 4, 5], [2, 4, 5], [3, 4, 5]]	73,35,1,5	[[4, 3, 6, 8], [2, 8, 7, 4], [2, 4, 3], [4, 3, 2]]	2	[[[3], [4], [2], [5]], [[3], [5], [2], [4]]]	k2:FF=NA;k2:FF=NA
k4_certs_4_n4_2.json.gz	20	2	6	[[0, 1, 3, 5], [2, 3, 4, 5], [2, 4, 5], [3, 4, 5]]	73,38,1,5	[[4, 3, 6, 8], [2, 10, 6, 3], [2, 4, 3], [4, 3, 2]]	2	[[[3], [4], [2], [5]], [[3], [5], [2], [4]]]	k2:FF=NA;k2:FF=NA
k4_certs_4_n4_2.json.gz	20	2	6	[[0, 1, 3, 5], [2, 3, 4, 5], [2, 4, 5], [3, 4, 5]]	73,40,1,5	[[4, 3, 6, 8], [2, 10, 7, 4], [2, 4, 3], [4, 3, 2]]	2	[[[3], [4], [2], [5]], [[3], [5], [2], [4]]]	k2:FF=NA;k2:FF=NA
k4_certs_4_n4_2.json.gz	20	2	6	[[0, 1, 3, 5], [2, 3, 4, 5], [2, 4, 5], [3, 4, 5]]	73,41,1,5	[[4, 3, 6, 8], [2, 10, 7, 6], [2, 4, 3], [4, 3, 2]]	2	[[[3], [4], [2], [5]], [[3], [5], [2], [4]]]	k2:FF=NA;k2:FF=NA
k4_certs_4_n4_2.json.gz	20	2	6	[[0, 1, 3, 5], [2, 3, 4, 5], [2, 4, 5], [3, 4, 5]]	73,63,1,5	[[4, 3, 6, 8], [3, 7, 6, 5], [2, 4, 3], [4, 3, 2]]	2	[[[3], [4], [2], [5]], [[3], [5], [2], [4]]]	k2:FF=NA;k2:FF=NA
k4_certs_4_n4_2.json.gz	20	2	6	[[0, 1, 3, 5], [2, 3, 4, 5], [2, 4, 5], [3, 4, 5]]	73,68,1,5	[[4, 3, 6, 8], [3, 8, 6, 4], [2, 4, 3], [4, 3, 2]]	2	[[[3], [4], [2], [5]], [[3], [5], [2], [4]]]	k2:FF=NA;k2:FF=NA
k4_certs_4_n4_2.json.gz	20	2	6	[[0, 1, 3, 5], [2, 3, 4, 5], [2, 4, 5], [3, 4, 5]]	73,76,1,5	[[4, 3, 6, 8], [3, 10, 8, 4], [2, 4, 3], [4, 3, 2]]	2	[[[3], [4], [2], [5]], [[3], [5], [2], [4]]]	k2:FF=NA;k2:FF=NA
k4_certs_4_n4_2.json.gz	20	2	6	[[0, 1, 3, 5], [2, 3, 4, 5], [2, 4, 5], [3, 4, 5]]	73,77,1,5	[[4, 3, 6, 8], [3, 10, 8, 6], [2, 4, 3], [4, 3, 2]]	2	[[[3], [4], [2], [5]], [[3], [5], [2], [4]]]	k2:FF=NA;k2:FF=NA
k4_certs_4_n4_2.json.gz	20	2	6	[[0, 1, 3, 5], [2, 3, 4, 5], [2, 4, 5], [3, 4, 5]]	73,119,1,5	[[4, 3, 6, 8], [4, 8, 6, 5], [2, 4, 3], [4, 3, 2]]	2	[[[3], [4], [2], [5]], [[3], [5], [2], [4]]]	k2:FF=NA;k2:FF=NA
k4_certs_4_n4_2.json.gz	20	2	6	[[0, 1, 3, 5], [2, 3, 4, 5], [2, 4, 5], [3, 4, 5]]	103,5,1,5	[[6, 2, 7, 10], [1, 8, 6, 4], [2, 4, 3], [4, 3, 2]]	2	[[[3], [4], [2], [5]], [[3], [5], [2], [4]]]	k2:FF=NA;k2:FF=NA
k4_certs_4_n4_2.json.gz	20	2	6	[[0, 1, 3, 5], [2, 3, 4, 5], [2, 4, 5], [3, 4, 5]]	103,31,1,5	[[6, 2, 7, 10], [2, 8, 4, 3], [2, 4, 3], [4, 3, 2]]	2	[[[3], [4], [2], [5]], [[3], [5], [2], [4]]]	k2:FF=NA;k2:FF=NA
k4_certs_4_n4_2.json.gz	20	2	6	[[0, 1, 3, 5], [2, 3, 4, 5], [2, 4, 5], [3, 4, 5]]	103,34,1,5	[[6, 2, 7, 10], [2, 8, 5, 4], [2, 4, 3], [4, 3, 2]]	2	[[[3], [4], [2], [5]], [[3], [5], [2], [4]]]	k2:FF=NA;k2:FF=NA
k4_certs_4_n4_2.json.gz	20	2	6	[[0, 1, 3, 5], [2, 3, 4, 5], [2, 4, 5], [3, 4, 5]]	103,35,1,5	[[6, 2, 7, 10], [2, 8, 7, 4], [2, 4, 3], [4, 3, 2]]	2	[[[3], [4], [2], [5]], [[3], [5], [2], [4]]]	k2:FF=NA;k2:FF=NA
k4_certs_4_n4_2.json.gz	20	2	6	[[0, 1, 3, 5], [2, 3, 4, 5], [2, 4, 5], [3, 4, 5]]	103,38,1,5	[[6, 2, 7, 10], [2, 10, 6, 3], [2, 4, 3], [4, 3, 2]]	2	[[[3], [4], [2], [5]], [[3], [5], [2], [4]]]	k2:FF=NA;k2:FF=NA
k4_certs_4_n4_2.json.gz	20	2	6	[[0, 1, 3, 5], [2, 3, 4, 5], [2, 4, 5], [3, 4, 5]]	103,40,1,5	[[6, 2, 7, 10], [2, 10, 7, 4], [2, 4, 3], [4, 3, 2]]	2	[[[3], [4], [2], [5]], [[3], [5], [2], [4]]]	k2:FF=NA;k2:FF=NA
k4_certs_4_n4_2.json.gz	20	2	6	[[0, 1, 3, 5], [2, 3, 4, 5], [2, 4, 5], [3, 4, 5]]	103,41,1,5	[[6, 2, 7, 10], [2, 10, 7, 6], [2, 4, 3], [4, 3, 2]]	2	[[[3], [4], [2], [5]], [[3], [5], [2], [4]]]	k2:FF=NA;k2:FF=NA
k4_certs_4_n4_2.json.gz	20	2	6	[[0, 1, 3, 5], [2, 3, 4, 5], [2, 4, 5], [3, 4, 5]]	103,63,1,5	[[6, 2, 7, 10], [3, 7, 6, 5], [2, 4, 3], [4, 3, 2]]	2	[[[3], [4], [2], [5]], [[3], [5], [2], [4]]]	k2:FF=NA;k2:FF=NA
k4_certs_4_n4_2.json.gz	20	2	6	[[0, 1, 3, 5], [2, 3, 4, 5], [2, 4, 5], [3, 4, 5]]	103,68,1,5	[[6, 2, 7, 10], [3, 8, 6, 4], [2, 4, 3], [4, 3, 2]]	2	[[[3], [4], [2], [5]], [[3], [5], [2], [4]]]	k2:FF=NA;k2:FF=NA
k4_certs_4_n4_2.json.gz	20	2	6	[[0, 1, 3, 5], [2, 3, 4, 5], [2, 4, 5], [3, 4, 5]]	103,76,1,5	[[6, 2, 7, 10], [3, 10, 8, 4], [2, 4, 3], [4, 3, 2]]	2	[[[3], [4], [2], [5]], [[3], [5], [2], [4]]]	k2:FF=NA;k2:FF=NA
k4_certs_4_n4_2.json.gz	20	2	6	[[0, 1, 3, 5], [2, 3, 4, 5], [2, 4, 5], [3, 4, 5]]	103,77,1,5	[[6, 2, 7, 10], [3, 10, 8, 6], [2, 4, 3], [4, 3, 2]]	2	[[[3], [4], [2], [5]], [[3], [5], [2], [4]]]	k2:FF=NA;k2:FF=NA
k4_certs_4_n4_2.json.gz	20	2	6	[[0, 1, 3, 5], [2, 3, 4, 5], [2, 4, 5], [3, 4, 5]]	103,119,1,5	[[6, 2, 7, 10], [4, 8, 6, 5], [2, 4, 3], [4, 3, 2]]	2	[[[3], [4], [2], [5]], [[3], [5], [2], [4]]]	k2:FF=NA;k2:FF=NA
k4_certs_4_n4_2.json.gz	20	2	6	[[0, 1, 3, 5], [2, 3, 4, 5], [2, 4, 5], [3, 4, 5]]	111,5,1,5	[[6, 3, 8, 10], [1, 8, 6, 4], [2, 4, 3], [4, 3, 2]]	2	[[[3], [4], [2], [5]], [[3], [5], [2], [4]]]	k2:FF=NA;k2:FF=NA
k4_certs_4_n4_2.json.gz	20	2	6	[[0, 1, 3, 5], [2, 3, 4, 5], [2, 4, 5], [3, 4, 5]]	111,31,1,5	[[6, 3, 8, 10], [2, 8, 4, 3], [2, 4, 3], [4, 3, 2]]	2	[[[3], [4], [2], [5]], [[3], [5], [2], [4]]]	k2:FF=NA;k2:FF=NA
k4_certs_4_n4_2.json.gz	20	2	6	[[0, 1, 3, 5], [2, 3, 4, 5], [2, 4, 5], [3, 4, 5]]	111,34,1,5	[[6, 3, 8, 10], [2, 8, 5, 4], [2, 4, 3], [4, 3, 2]]	2	[[[3], [4], [2], [5]], [[3], [5], [2], [4]]]	k2:FF=NA;k2:FF=NA
k4_certs_4_n4_2.json.gz	20	2	6	[[0, 1, 3, 5], [2, 3, 4, 5], [2, 4, 5], [3, 4, 5]]	111,35,1,5	[[6, 3, 8, 10], [2, 8, 7, 4], [2, 4, 3], [4, 3, 2]]	2	[[[3], [4], [2], [5]], [[3], [5], [2], [4]]]	k2:FF=NA;k2:FF=NA
k4_certs_4_n4_2.json.gz	20	2	6	[[0, 1, 3, 5], [2, 3, 4, 5], [2, 4, 5], [3, 4, 5]]	111,38,1,5	[[6, 3, 8, 10], [2, 10, 6, 3], [2, 4, 3], [4, 3, 2]]	2	[[[3], [4], [2], [5]], [[3], [5], [2], [4]]]	k2:FF=NA;k2:FF=NA
k4_certs_4_n4_2.json.gz	20	2	6	[[0, 1, 3, 5], [2, 3, 4, 5], [2, 4, 5], [3, 4, 5]]	111,40,1,5	[[6, 3, 8, 10], [2, 10, 7, 4], [2, 4, 3], [4, 3, 2]]	2	[[[3], [4], [2], [5]], [[3], [5], [2], [4]]]	k2:FF=NA;k2:FF=NA
k4_certs_4_n4_2.json.gz	20	2	6	[[0, 1, 3, 5], [2, 3, 4, 5], [2, 4, 5], [3, 4, 5]]	111,41,1,5	[[6, 3, 8, 10], [2, 10, 7, 6], [2, 4, 3], [4, 3, 2]]	2	[[[3], [4], [2], [5]], [[3], [5], [2], [4]]]	k2:FF=NA;k2:FF=NA
k4_certs_4_n4_2.json.gz	20	2	6	[[0, 1, 3, 5], [2, 3, 4, 5], [2, 4, 5], [3, 4, 5]]	111,63,1,5	[[6, 3, 8, 10], [3, 7, 6, 5], [2, 4, 3], [4, 3, 2]]	2	[[[3], [4], [2], [5]], [[3], [5], [2], [4]]]	k2:FF=NA;k2:FF=NA
k4_certs_4_n4_2.json.gz	20	2	6	[[0, 1, 3, 5], [2, 3, 4, 5], [2, 4, 5], [3, 4, 5]]	111,68,1,5	[[6, 3, 8, 10], [3, 8, 6, 4], [2, 4, 3], [4, 3, 2]]	2	[[[3], [4], [2], [5]], [[3], [5], [2], [4]]]	k2:FF=NA;k2:FF=NA
k4_certs_4_n4_2.json.gz	20	2	6	[[0, 1, 3, 5], [2, 3, 4, 5], [2, 4, 5], [3, 4, 5]]	111,76,1,5	[[6, 3, 8, 10], [3, 10, 8, 4], [2, 4, 3], [4, 3, 2]]	2	[[[3], [4], [2], [5]], [[3], [5], [2], [4]]]	k2:FF=NA;k2:FF=NA
k4_certs_4_n4_2.json.gz	20	2	6	[[0, 1, 3, 5], [2, 3, 4, 5], [2, 4, 5], [3, 4, 5]]	111,77,1,5	[[6, 3, 8, 10], [3, 10, 8, 6], [2, 4, 3], [4, 3, 2]]	2	[[[3], [4], [2], [5]], [[3], [5], [2], [4]]]	k2:FF=NA;k2:FF=NA
k4_certs_4_n4_2.json.gz	20	2	6	[[0, 1, 3, 5], [2, 3, 4, 5], [2, 4, 5], [3, 4, 5]]	111,119,1,5	[[6, 3, 8, 10], [4, 8, 6, 5], [2, 4, 3], [4, 3, 2]]	2	[[[3], [4], [2], [5]], [[3], [5], [2], [4]]]	k2:FF=NA;k2:FF=NA
k4_certs_4_n4_2.json.gz	22	4	6	[[0, 2, 4, 5], [1, 3, 4, 5], [3, 4, 5], [3, 4, 5]]	6,64,3,3	[[2, 3, 4, 8], [3, 8, 2, 4], [3, 4, 2], [3, 4, 2]]	2	[[[4], [1], [3], [5]], [[4], [1], [5], [3]]]	k2:FF=NA;k2:FF=NA
k4_certs_4_n4_2.json.gz	22	4	6	[[0, 2, 4, 5], [1, 3, 4, 5], [3, 4, 5], [3, 4, 5]]	6,72,3,3	[[2, 3, 4, 8], [3, 10, 2, 6], [3, 4, 2], [3, 4, 2]]	2	[[[4], [1], [3], [5]], [[4], [1], [5], [3]]]	k2:FF=NA;k2:FF=NA
k4_certs_4_n4_2.json.gz	22	4	6	[[0, 2, 4, 5], [1, 3, 4, 5], [3, 4, 5], [3, 4, 5]]	6,108,3,3	[[2, 3, 4, 8], [4, 8, 1, 6], [3, 4, 2], [3, 4, 2]]	2	[[[4], [1], [3], [5]], [[4], [1], [5], [3]]]	k2:FF=NA;k2:FF=NA
k4_certs_4_n4_2.json.gz	22	4	6	[[0, 2, 4, 5], [1, 3, 4, 5], [3, 4, 5], [3, 4, 5]]	6,110,3,3	[[2, 3, 4, 8], [4, 8, 2, 5], [3, 4, 2], [3, 4, 2]]	2	[[[4], [1], [3], [5]], [[4], [1], [5], [3]]]	k2:FF=NA;k2:FF=NA
k4_certs_4_n4_2.json.gz	22	4	6	[[0, 2, 4, 5], [1, 3, 4, 5], [3, 4, 5], [3, 4, 5]]	6,111,3,3	[[2, 3, 4, 8], [4, 8, 2, 7], [3, 4, 2], [3, 4, 2]]	2	[[[4], [1], [3], [5]], [[4], [1], [5], [3]]]	k2:FF=NA;k2:FF=NA
k4_certs_4_n4_2.json.gz	22	4	6	[[0, 2, 4, 5], [1, 3, 4, 5], [3, 4, 5], [3, 4, 5]]	6,113,3,3	[[2, 3, 4, 8], [4, 8, 3, 6], [3, 4, 2], [3, 4, 2]]	2	[[[4], [1], [3], [5]], [[4], [1], [5], [3]]]	k2:FF=NA;k2:FF=NA
k4_certs_4_n4_2.json.gz	22	4	6	[[0, 2, 4, 5], [1, 3, 4, 5], [3, 4, 5], [3, 4, 5]]	6,122,3,3	[[2, 3, 4, 8], [4, 10, 2, 7], [3, 4, 2], [3, 4, 2]]	2	[[[4], [1], [3], [5]], [[4], [1], [5], [3]]]	k2:FF=NA;k2:FF=NA
k4_certs_4_n4_2.json.gz	22	4	6	[[0, 2, 4, 5], [1, 3, 4, 5], [3, 4, 5], [3, 4, 5]]	6,123,3,3	[[2, 3, 4, 8], [4, 10, 3, 8], [3, 4, 2], [3, 4, 2]]	2	[[[4], [1], [3], [5]], [[4], [1], [5], [3]]]	k2:FF=NA;k2:FF=NA
k4_certs_4_n4_2.json.gz	22	4	6	[[0, 2, 4, 5], [1, 3, 4, 5], [3, 4, 5], [3, 4, 5]]	6,138,3,3	[[2, 3, 4, 8], [5, 7, 3, 6], [3, 4, 2], [3, 4, 2]]	2	[[[4], [1], [3], [5]], [[4], [1], [5], [3]]]	k2:FF=NA;k2:FF=NA
k4_certs_4_n4_2.json.gz	22	4	6	[[0, 2, 4, 5], [1, 3, 4, 5], [3, 4, 5], [3, 4, 5]]	6,142,3,3	[[2, 3, 4, 8], [5, 8, 4, 6], [3, 4, 2], [3, 4, 2]]	2	[[[4], [1], [3], [5]], [[4], [1], [5], [3]]]	k2:FF=NA;k2:FF=NA
k4_certs_4_n4_2.json.gz	22	4	6	[[0, 2, 4, 5], [1, 3, 4, 5], [3, 4, 5], [3, 4, 5]]	6,181,3,3	[[2, 3, 4, 8], [6, 10, 2, 7], [3, 4, 2], [3, 4, 2]]	2	[[[4], [1], [3], [5]], [[4], [1], [5], [3]]]	k2:FF=NA;k2:FF=NA
k4_certs_4_n4_2.json.gz	22	4	6	[[0, 2, 4, 5], [1, 3, 4, 5], [3, 4, 5], [3, 4, 5]]	6,183,3,3	[[2, 3, 4, 8], [6, 10, 3, 8], [3, 4, 2], [3, 4, 2]]	2	[[[4], [1], [3], [5]], [[4], [1], [5], [3]]]	k2:FF=NA;k2:FF=NA
k4_certs_4_n4_2.json.gz	22	4	6	[[0, 2, 4, 5], [1, 3, 4, 5], [3, 4, 5], [3, 4, 5]]	8,65,2,2	[[2, 3, 8, 4], [3, 8, 4, 2], [3, 2, 4], [3, 2, 4]]	2	[[[5], [1], [3], [4]], [[5], [1], [4], [3]]]	k2:FF=NA;k2:FF=NA
k4_certs_4_n4_2.json.gz	22	4	6	[[0, 2, 4, 5], [1, 3, 4, 5], [3, 4, 5], [3, 4, 5]]	8,74,2,2	[[2, 3, 8, 4], [3, 10, 6, 2], [3, 2, 4], [3, 2, 4]]	2	[[[5], [1], [3], [4]], [[5], [1], [4], [3]]]	k2:FF=NA;k2:FF=NA
k4_certs_4_n4_2.json.gz	22	4	6	[[0, 2, 4, 5], [1, 3, 4, 5], [3, 4, 5], [3, 4, 5]]	8,115,2,2	[[2, 3, 8, 4], [4, 8, 5, 2], [3, 2, 4], [3, 2, 4]]	2	[[[5], [1], [3], [4]], [[5], [1], [4], [3]]]	k2:FF=NA;k2:FF=NA
k4_certs_4_n4_2.json.gz	22	4	6	[[0, 2, 4, 5], [1, 3, 4, 5], [3, 4, 5], [3, 4, 5]]	8,117,2,2	[[2, 3, 8, 4], [4, 8, 6, 1], [3, 2, 4], [3, 2, 4]]	2	[[[5], [1], [3], [4]], [[5], [1], [4], [3]]]	k2:FF=NA;k2:FF=NA
k4_certs_4_n4_2.json.gz	22	4	6	[[0, 2, 4, 5], [1, 3, 4, 5], [3, 4, 5], [3, 4, 5]]	8,118,2,2	[[2, 3, 8, 4], [4, 8, 6, 3], [3, 2, 4], [3, 2, 4]]	2	[[[5], [1], [3], [4]], [[5], [1], [4], [3]]]	k2:FF=NA;k2:FF=NA
k4_certs_4_n4_2.json.gz	22	4	6	[[0, 2, 4, 5], [1, 3, 4, 5], [3, 4, 5], [3, 4, 5]]	8,120,2,2	[[2, 3, 8, 4], [4, 8, 7, 2], [3, 2, 4], [3, 2, 4]]	2	[[[5], [1], [3], [4]], [[5], [1], [4], [3]]]	k2:FF=NA;k2:FF=NA
k4_certs_4_n4_2.json.gz	22	4	6	[[0, 2, 4, 5], [1, 3, 4, 5], [3, 4, 5], [3, 4, 5]]	8,124,2,2	[[2, 3, 8, 4], [4, 10, 7, 2], [3, 2, 4], [3, 2, 4]]	2	[[[5], [1], [3], [4]], [[5], [1], [4], [3]]]	k2:FF=NA;k2:FF=NA
k4_certs_4_n4_2.json.gz	22	4	6	[[0, 2, 4, 5], [1, 3, 4, 5], [3, 4, 5], [3, 4, 5]]	8,125,2,2	[[2, 3, 8, 4], [4, 10, 8, 3], [3, 2, 4], [3, 2, 4]]	2	[[[5], [1], [3], [4]], [[5], [1], [4], [3]]]	k2:FF=NA;k2:FF=NA
k4_certs_4_n4_2.json.gz	22	4	6	[[0, 2, 4, 5], [1, 3, 4, 5], [3, 4, 5], [3, 4, 5]]	8,139,2,2	[[2, 3, 8, 4], [5, 7, 6, 3], [3, 2, 4], [3, 2, 4]]	2	[[[5], [1], [3], [4]], [[5], [1], [4], [3]]]	k2:FF=NA;k2:FF=NA
k4_certs_4_n4_2.json.gz	22	4	6	[[0, 2, 4, 5], [1, 3, 4, 5], [3, 4, 5], [3, 4, 5]]	8,143,2,2	[[2, 3, 8, 4], [5, 8, 6, 4], [3, 2, 4], [3, 2, 4]]	2	[[[5], [1], [3], [4]], [[5], [1], [4], [3]]]	k2:FF=NA;k2:FF=NA
k4_certs_4_n4_2.json.gz	22	4	6	[[0, 2, 4, 5], [1, 3, 4, 5], [3, 4, 5], [3, 4, 5]]	8,184,2,2	[[2, 3, 8, 4], [6, 10, 7, 2], [3, 2, 4], [3, 2, 4]]	2	[[[5], [1], [3], [4]], [[5], [1], [4], [3]]]	k2:FF=NA;k2:FF=NA
k4_certs_4_n4_2.json.gz	22	4	6	[[0, 2, 4, 5], [1, 3, 4, 5], [3, 4, 5], [3, 4, 5]]	8,185,2,2	[[2, 3, 8, 4], [6, 10, 8, 3], [3, 2, 4], [3, 2, 4]]	2	[[[5], [1], [3], [4]], [[5], [1], [4], [3]]]	k2:FF=NA;k2:FF=NA
k4_certs_4_n4_2.json.gz	22	4	6	[[0, 2, 4, 5], [1, 3, 4, 5], [3, 4, 5], [3, 4, 5]]	11,64,3,3	[[2, 4, 5, 8], [3, 8, 2, 4], [3, 4, 2], [3, 4, 2]]	2	[[[4], [1], [3], [5]], [[4], [1], [5], [3]]]	k2:FF=NA;k2:FF=NA
k4_certs_4_n4_2.json.gz	22	4	6	[[0, 2, 4, 5], [1, 3, 4, 5], [3, 4, 5], [3, 4, 5]]	11,72,3,3	[[2, 4, 5, 8], [3, 10, 2, 6], [3, 4, 2], [3, 4, 2]]	2	[[[4], [1], [3], [5]], [[4], [1], [5], [3]]]	k2:FF=NA;k2:FF=NA
k4_certs_4_n4_2.json.gz	22	4	6	[[0, 2, 4, 5], [1, 3, 4, 5], [3, 4, 5], [3, 4, 5]]	11,108,3,3	[[2, 4, 5, 8], [4, 8, 1, 6], [3, 4, 2], [3, 4, 2]]	2	[[[4], [1], [3], [5]], [[4], [1], [5], [3]]]	k2:FF=NA;k2:FF=NA
k4_certs_4_n4_2.json.gz	22	4	6	[[0, 2, 4, 5], [1, 3, 4, 5], [3, 4, 5], [3, 4, 5]]	11,110,3,3	[[2, 4, 5, 8], [4, 8, 2, 5], [3, 4, 2], [3, 4, 2]]	2	[[[4], [1], [3], [5]], [[4], [1], [5], [3]]]	k2:FF=NA;k2:FF=NA
k4_certs_4_n4_2.json.gz	22	4	6	[[0, 2, 4, 5], [1, 3, 4, 5], [3, 4, 5], [3, 4, 5]]	11,111,3,3	[[2, 4, 5, 8], [4, 8, 2, 7], [3, 4, 2], [3, 4, 2]]	2	[[[4], [1], [3], [5]], [[4], [1], [5], [3]]]	k2:FF=NA;k2:FF=NA
k4_certs_4_n4_2.json.gz	22	4	6	[[0, 2, 4, 5], [1, 3, 4, 5], [3, 4, 5], [3, 4, 5]]	11,113,3,3	[[2, 4, 5, 8], [4, 8, 3, 6], [3, 4, 2], [3, 4, 2]]	2	[[[4], [1], [3], [5]], [[4], [1], [5], [3]]]	k2:FF=NA;k2:FF=NA
k4_certs_4_n4_2.json.gz	22	4	6	[[0, 2, 4, 5], [1, 3, 4, 5], [3, 4, 5], [3, 4, 5]]	11,122,3,3	[[2, 4, 5, 8], [4, 10, 2, 7], [3, 4, 2], [3, 4, 2]]	2	[[[4], [1], [3], [5]], [[4], [1], [5], [3]]]	k2:FF=NA;k2:FF=NA
k4_certs_4_n4_2.json.gz	22	4	6	[[0, 2, 4, 5], [1, 3, 4, 5], [3, 4, 5], [3, 4, 5]]	11,123,3,3	[[2, 4, 5, 8], [4, 10, 3, 8], [3, 4, 2], [3, 4, 2]]	2	[[[4], [1], [3], [5]], [[4], [1], [5], [3]]]	k2:FF=NA;k2:FF=NA
k4_certs_4_n4_2.json.gz	22	4	6	[[0, 2, 4, 5], [1, 3, 4, 5], [3, 4, 5], [3, 4, 5]]	11,138,3,3	[[2, 4, 5, 8], [5, 7, 3, 6], [3, 4, 2], [3, 4, 2]]	2	[[[4], [1], [3], [5]], [[4], [1], [5], [3]]]	k2:FF=NA;k2:FF=NA
k4_certs_4_n4_2.json.gz	22	4	6	[[0, 2, 4, 5], [1, 3, 4, 5], [3, 4, 5], [3, 4, 5]]	11,142,3,3	[[2, 4, 5, 8], [5, 8, 4, 6], [3, 4, 2], [3, 4, 2]]	2	[[[4], [1], [3], [5]], [[4], [1], [5], [3]]]	k2:FF=NA;k2:FF=NA
k4_certs_4_n4_2.json.gz	22	4	6	[[0, 2, 4, 5], [1, 3, 4, 5], [3, 4, 5], [3, 4, 5]]	11,181,3,3	[[2, 4, 5, 8], [6, 10, 2, 7], [3, 4, 2], [3, 4, 2]]	2	[[[4], [1], [3], [5]], [[4], [1], [5], [3]]]	k2:FF=NA;k2:FF=NA
k4_certs_4_n4_2.json.gz	22	4	6	[[0, 2, 4, 5], [1, 3, 4, 5], [3, 4, 5], [3, 4, 5]]	11,183,3,3	[[2, 4, 5, 8], [6, 10, 3, 8], [3, 4, 2], [3, 4, 2]]	2	[[[4], [1], [3], [5]], [[4], [1], [5], [3]]]	k2:FF=NA;k2:FF=NA
k4_certs_4_n4_2.json.gz	22	4	6	[[0, 2, 4, 5], [1, 3, 4, 5], [3, 4, 5], [3, 4, 5]]	15,65,2,2	[[2, 4, 8, 5], [3, 8, 4, 2], [3, 2, 4], [3, 2, 4]]	2	[[[5], [1], [3], [4]], [[5], [1], [4], [3]]]	k2:FF=NA;k2:FF=NA
k4_certs_4_n4_2.json.gz	22	4	6	[[0, 2, 4, 5], [1, 3, 4, 5], [3, 4, 5], [3, 4, 5]]	15,74,2,2	[[2, 4, 8, 5], [3, 10, 6, 2], [3, 2, 4], [3, 2, 4]]	2	[[[5], [1], [3], [4]], [[5], [1], [4], [3]]]	k2:FF=NA;k2:FF=NA
k4_certs_4_n4_2.json.gz	22	4	6	[[0, 2, 4, 5], [1, 3, 4, 5], [3, 4, 5], [3, 4, 5]]	15,115,2,2	[[2, 4, 8, 5], [4, 8, 5, 2], [3, 2, 4], [3, 2, 4]]	2	[[[5], [1], [3], [4]], [[5], [1], [4], [3]]]	k2:FF=NA;k2:FF=NA
k4_certs_4_n4_2.json.gz	22	4	6	[[0, 2, 4, 5], [1, 3, 4, 5], [3, 4, 5], [3, 4, 5]]	15,117,2,2	[[2, 4, 8, 5], [4, 8, 6, 1], [3, 2, 4], [3, 2, 4]]	2	[[[5], [1], [3], [4]], [[5], [1], [4], [3]]]	k2:FF=NA;k2:FF=NA
k4_certs_4_n4_2.json.gz	22	4	6	[[0, 2, 4, 5], [1, 3, 4, 5], [3, 4, 5], [3, 4, 5]]	15,118,2,2	[[2, 4, 8, 5], [4, 8, 6, 3], [3, 2, 4], [3, 2, 4]]	2	[[[5], [1], [3], [4]], [[5], [1], [4], [3]]]	k2:FF=NA;k2:FF=NA
k4_certs_4_n4_2.json.gz	22	4	6	[[0, 2, 4, 5], [1, 3, 4, 5], [3, 4, 5], [3, 4, 5]]	15,120,2,2	[[2, 4, 8, 5], [4, 8, 7, 2], [3, 2, 4], [3, 2, 4]]	2	[[[5], [1], [3], [4]], [[5], [1], [4], [3]]]	k2:FF=NA;k2:FF=NA
k4_certs_4_n4_2.json.gz	22	4	6	[[0, 2, 4, 5], [1, 3, 4, 5], [3, 4, 5], [3, 4, 5]]	15,124,2,2	[[2, 4, 8, 5], [4, 10, 7, 2], [3, 2, 4], [3, 2, 4]]	2	[[[5], [1], [3], [4]], [[5], [1], [4], [3]]]	k2:FF=NA;k2:FF=NA
k4_certs_4_n4_2.json.gz	22	4	6	[[0, 2, 4, 5], [1, 3, 4, 5], [3, 4, 5], [3, 4, 5]]	15,125,2,2	[[2, 4, 8, 5], [4, 10, 8, 3], [3, 2, 4], [3, 2, 4]]	2	[[[5], [1], [3], [4]], [[5], [1], [4], [3]]]	k2:FF=NA;k2:FF=NA
k4_certs_4_n4_2.json.gz	22	4	6	[[0, 2, 4, 5], [1, 3, 4, 5], [3, 4, 5], [3, 4, 5]]	15,139,2,2	[[2, 4, 8, 5], [5, 7, 6, 3], [3, 2, 4], [3, 2, 4]]	2	[[[5], [1], [3], [4]], [[5], [1], [4], [3]]]	k2:FF=NA;k2:FF=NA
k4_certs_4_n4_2.json.gz	22	4	6	[[0, 2, 4, 5], [1, 3, 4, 5], [3, 4, 5], [3, 4, 5]]	15,143,2,2	[[2, 4, 8, 5], [5, 8, 6, 4], [3, 2, 4], [3, 2, 4]]	2	[[[5], [1], [3], [4]], [[5], [1], [4], [3]]]	k2:FF=NA;k2:FF=NA
k4_certs_4_n4_2.json.gz	22	4	6	[[0, 2, 4, 5], [1, 3, 4, 5], [3, 4, 5], [3, 4, 5]]	15,184,2,2	[[2, 4, 8, 5], [6, 10, 7, 2], [3, 2, 4], [3, 2, 4]]	2	[[[5], [1], [3], [4]], [[5], [1], [4], [3]]]	k2:FF=NA;k2:FF=NA
k4_certs_4_n4_2.json.gz	22	4	6	[[0, 2, 4, 5], [1, 3, 4, 5], [3, 4, 5], [3, 4, 5]]	15,185,2,2	[[2, 4, 8, 5], [6, 10, 8, 3], [3, 2, 4], [3, 2, 4]]	2	[[[5], [1], [3], [4]], [[5], [1], [4], [3]]]	k2:FF=NA;k2:FF=NA
k4_certs_4_n4_2.json.gz	22	4	6	[[0, 2, 4, 5], [1, 3, 4, 5], [3, 4, 5], [3, 4, 5]]	21,64,3,3	[[2, 6, 7, 10], [3, 8, 2, 4], [3, 4, 2], [3, 4, 2]]	2	[[[4], [1], [3], [5]], [[4], [1], [5], [3]]]	k2:FF=NA;k2:FF=NA
k4_certs_4_n4_2.json.gz	22	4	6	[[0, 2, 4, 5], [1, 3, 4, 5], [3, 4, 5], [3, 4, 5]]	21,72,3,3	[[2, 6, 7, 10], [3, 10, 2, 6], [3, 4, 2], [3, 4, 2]]	2	[[[4], [1], [3], [5]], [[4], [1], [5], [3]]]	k2:FF=NA;k2:FF=NA
k4_certs_4_n4_2.json.gz	22	4	6	[[0, 2, 4, 5], [1, 3, 4, 5], [3, 4, 5], [3, 4, 5]]	21,108,3,3	[[2, 6, 7, 10], [4, 8, 1, 6], [3, 4, 2], [3, 4, 2]]	2	[[[4], [1], [3], [5]], [[4], [1], [5], [3]]]	k2:FF=NA;k2:FF=NA
k4_certs_4_n4_2.json.gz	22	4	6	[[0, 2, 4, 5], [1, 3, 4, 5], [3, 4, 5], [3, 4, 5]]	21,110,3,3	[[2, 6, 7, 10], [4, 8, 2, 5], [3, 4, 2], [3, 4, 2]]	2	[[[4], [1], [3], [5]], [[4], [1], [5], [3]]]	k2:FF=NA;k2:FF=NA
k4_certs_4_n4_2.json.gz	22	4	6	[[0, 2, 4, 5], [1, 3, 4, 5], [3, 4, 5], [3, 4, 5]]	21,111,3,3	[[2, 6, 7, 10], [4, 8, 2, 7], [3, 4, 2], [3, 4, 2]]	2	[[[4], [1], [3], [5]], [[4], [1], [5], [3]]]	k2:FF=NA;k2:FF=NA
k4_certs_4_n4_2.json.gz	22	4	6	[[0, 2, 4, 5], [1, 3, 4, 5], [3, 4, 5], [3, 4, 5]]	21,113,3,3	[[2, 6, 7, 10], [4, 8, 3, 6], [3, 4, 2], [3, 4, 2]]	2	[[[4], [1], [3], [5]], [[4], [1], [5], [3]]]	k2:FF=NA;k2:FF=NA
k4_certs_4_n4_2.json.gz	22	4	6	[[0, 2, 4, 5], [1, 3, 4, 5], [3, 4, 5], [3, 4, 5]]	21,122,3,3	[[2, 6, 7, 10], [4, 10, 2, 7], [3, 4, 2], [3, 4, 2]]	2	[[[4], [1], [3], [5]], [[4], [1], [5], [3]]]	k2:FF=NA;k2:FF=NA
k4_certs_4_n4_2.json.gz	22	4	6	[[0, 2, 4, 5], [1, 3, 4, 5], [3, 4, 5], [3, 4, 5]]	21,123,3,3	[[2, 6, 7, 10], [4, 10, 3, 8], [3, 4, 2], [3, 4, 2]]	2	[[[4], [1], [3], [5]], [[4], [1], [5], [3]]]	k2:FF=NA;k2:FF=NA
k4_certs_4_n4_2.json.gz	22	4	6	[[0, 2, 4, 5], [1, 3, 4, 5], [3, 4, 5], [3, 4, 5]]	21,138,3,3	[[2, 6, 7, 10], [5, 7, 3, 6], [3, 4, 2], [3, 4, 2]]	2	[[[4], [1], [3], [5]], [[4], [1], [5], [3]]]	k2:FF=NA;k2:FF=NA
k4_certs_4_n4_2.json.gz	22	4	6	[[0, 2, 4, 5], [1, 3, 4, 5], [3, 4, 5], [3, 4, 5]]	21,142,3,3	[[2, 6, 7, 10], [5, 8, 4, 6], [3, 4, 2], [3, 4, 2]]	2	[[[4], [1], [3], [5]], [[4], [1], [5], [3]]]	k2:FF=NA;k2:FF=NA
k4_certs_4_n4_2.json.gz	22	4	6	[[0, 2, 4, 5], [1, 3, 4, 5], [3, 4, 5], [3, 4, 5]]	21,181,3,3	[[2, 6, 7, 10], [6, 10, 2, 7], [3, 4, 2], [3, 4, 2]]	2	[[[4], [1], [3], [5]], [[4], [1], [5], [3]]]	k2:FF=NA;k2:FF=NA
k4_certs_4_n4_2.json.gz	22	4	6	[[0, 2, 4, 5], [1, 3, 4, 5], [3, 4, 5], [3, 4, 5]]	21,183,3,3	[[2, 6, 7, 10], [6, 10, 3, 8], [3, 4, 2], [3, 4, 2]]	2	[[[4], [1], [3], [5]], [[4], [1], [5], [3]]]	k2:FF=NA;k2:FF=NA
k4_certs_4_n4_2.json.gz	22	4	6	[[0, 2, 4, 5], [1, 3, 4, 5], [3, 4, 5], [3, 4, 5]]	23,65,2,2	[[2, 6, 10, 7], [3, 8, 4, 2], [3, 2, 4], [3, 2, 4]]	2	[[[5], [1], [3], [4]], [[5], [1], [4], [3]]]	k2:FF=NA;k2:FF=NA
k4_certs_4_n4_2.json.gz	22	4	6	[[0, 2, 4, 5], [1, 3, 4, 5], [3, 4, 5], [3, 4, 5]]	23,74,2,2	[[2, 6, 10, 7], [3, 10, 6, 2], [3, 2, 4], [3, 2, 4]]	2	[[[5], [1], [3], [4]], [[5], [1], [4], [3]]]	k2:FF=NA;k2:FF=NA
k4_certs_4_n4_2.json.gz	22	4	6	[[0, 2, 4, 5], [1, 3, 4, 5], [3, 4, 5], [3, 4, 5]]	23,115,2,2	[[2, 6, 10, 7], [4, 8, 5, 2], [3, 2, 4], [3, 2, 4]]	2	[[[5], [1], [3], [4]], [[5], [1], [4], [3]]]	k2:FF=NA;k2:FF=NA
k4_certs_4_n4_2.json.gz	22	4	6	[[0, 2, 4, 5], [1, 3, 4, 5], [3, 4, 5], [3, 4, 5]]	23,117,2,2	[[2, 6, 10, 7], [4, 8, 6, 1], [3, 2, 4], [3, 2, 4]]	2	[[[5], [1], [3], [4]], [[5], [1], [4], [3]]]	k2:FF=NA;k2:FF=NA
k4_certs_4_n4_2.json.gz	22	4	6	[[0, 2, 4, 5], [1, 3, 4, 5], [3, 4, 5], [3, 4, 5]]	23,118,2,2	[[2, 6, 10, 7], [4, 8, 6, 3], [3, 2, 4], [3, 2, 4]]	2	[[[5], [1], [3], [4]], [[5], [1], [4], [3]]]	k2:FF=NA;k2:FF=NA
k4_certs_4_n4_2.json.gz	22	4	6	[[0, 2, 4, 5], [1, 3, 4, 5], [3, 4, 5], [3, 4, 5]]	23,120,2,2	[[2, 6, 10, 7], [4, 8, 7, 2], [3, 2, 4], [3, 2, 4]]	2	[[[5], [1], [3], [4]], [[5], [1], [4], [3]]]	k2:FF=NA;k2:FF=NA
k4_certs_4_n4_2.json.gz	22	4	6	[[0, 2, 4, 5], [1, 3, 4, 5], [3, 4, 5], [3, 4, 5]]	23,124,2,2	[[2, 6, 10, 7], [4, 10, 7, 2], [3, 2, 4], [3, 2, 4]]	2	[[[5], [1], [3], [4]], [[5], [1], [4], [3]]]	k2:FF=NA;k2:FF=NA
k4_certs_4_n4_2.json.gz	22	4	6	[[0, 2, 4, 5], [1, 3, 4, 5], [3, 4, 5], [3, 4, 5]]	23,125,2,2	[[2, 6, 10, 7], [4, 10, 8, 3], [3, 2, 4], [3, 2, 4]]	2	[[[5], [1], [3], [4]], [[5], [1], [4], [3]]]	k2:FF=NA;k2:FF=NA
k4_certs_4_n4_2.json.gz	22	4	6	[[0, 2, 4, 5], [1, 3, 4, 5], [3, 4, 5], [3, 4, 5]]	23,139,2,2	[[2, 6, 10, 7], [5, 7, 6, 3], [3, 2, 4], [3, 2, 4]]	2	[[[5], [1], [3], [4]], [[5], [1], [4], [3]]]	k2:FF=NA;k2:FF=NA
k4_certs_4_n4_2.json.gz	22	4	6	[[0, 2, 4, 5], [1, 3, 4, 5], [3, 4, 5], [3, 4, 5]]	23,143,2,2	[[2, 6, 10, 7], [5, 8, 6, 4], [3, 2, 4], [3, 2, 4]]	2	[[[5], [1], [3], [4]], [[5], [1], [4], [3]]]	k2:FF=NA;k2:FF=NA
k4_certs_4_n4_2.json.gz	22	4	6	[[0, 2, 4, 5], [1, 3, 4, 5], [3, 4, 5], [3, 4, 5]]	23,184,2,2	[[2, 6, 10, 7], [6, 10, 7, 2], [3, 2, 4], [3, 2, 4]]	2	[[[5], [1], [3], [4]], [[5], [1], [4], [3]]]	k2:FF=NA;k2:FF=NA
k4_certs_4_n4_2.json.gz	22	4	6	[[0, 2, 4, 5], [1, 3, 4, 5], [3, 4, 5], [3, 4, 5]]	23,185,2,2	[[2, 6, 10, 7], [6, 10, 8, 3], [3, 2, 4], [3, 2, 4]]	2	[[[5], [1], [3], [4]], [[5], [1], [4], [3]]]	k2:FF=NA;k2:FF=NA
k4_certs_4_n4_2.json.gz	22	4	6	[[0, 2, 4, 5], [1, 3, 4, 5], [3, 4, 5], [3, 4, 5]]	34,64,3,3	[[3, 2, 4, 8], [3, 8, 2, 4], [3, 4, 2], [3, 4, 2]]	2	[[[4], [1], [3], [5]], [[4], [1], [5], [3]]]	k2:FF=NA;k2:FF=NA
k4_certs_4_n4_2.json.gz	22	4	6	[[0, 2, 4, 5], [1, 3, 4, 5], [3, 4, 5], [3, 4, 5]]	34,72,3,3	[[3, 2, 4, 8], [3, 10, 2, 6], [3, 4, 2], [3, 4, 2]]	2	[[[4], [1], [3], [5]], [[4], [1], [5], [3]]]	k2:FF=NA;k2:FF=NA
k4_certs_4_n4_2.json.gz	22	4	6	[[0, 2, 4, 5], [1, 3, 4, 5], [3, 4, 5], [3, 4, 5]]	34,108,3,3	[[3, 2, 4, 8], [4, 8, 1, 6], [3, 4, 2], [3, 4, 2]]	2	[[[4], [1], [3], [5]], [[4], [1], [5], [3]]]	k2:FF=NA;k2:FF=NA
k4_certs_4_n4_2.json.gz	22	4	6	[[0, 2, 4, 5], [1, 3, 4, 5], [3, 4, 5], [3, 4, 5]]	34,110,3,3	[[3, 2, 4, 8], [4, 8, 2, 5], [3, 4, 2], [3, 4, 2]]	2	[[[4], [1], [3], [5]], [[4], [1], [5], [3]]]	k2:FF=NA;k2:FF=NA
k4_certs_4_n4_2.json.gz	22	4	6	[[0, 2, 4, 5], [1, 3, 4, 5], [3, 4, 5], [3, 4, 5]]	34,111,3,3	[[3, 2, 4, 8], [4, 8, 2, 7], [3, 4, 2], [3, 4, 2]]	2	[[[4], [1], [3], [5]], [[4], [1], [5], [3]]]	k2:FF=NA;k2:FF=NA
k4_certs_4_n4_2.json.gz	22	4	6	[[0, 2, 4, 5], [1, 3, 4, 5], [3, 4, 5], [3, 4, 5]]	34,113,3,3	[[3, 2, 4, 8], [4, 8, 3, 6], [3, 4, 2], [3, 4, 2]]	2	[[[4], [1], [3], [5]], [[4], [1], [5], [3]]]	k2:FF=NA;k2:FF=NA
k4_certs_4_n4_2.json.gz	22	4	6	[[0, 2, 4, 5], [1, 3, 4, 5], [3, 4, 5], [3, 4, 5]]	34,122,3,3	[[3, 2, 4, 8], [4, 10, 2, 7], [3, 4, 2], [3, 4, 2]]	2	[[[4], [1], [3], [5]], [[4], [1], [5], [3]]]	k2:FF=NA;k2:FF=NA
k4_certs_4_n4_2.json.gz	22	4	6	[[0, 2, 4, 5], [1, 3, 4, 5], [3, 4, 5], [3, 4, 5]]	34,123,3,3	[[3, 2, 4, 8], [4, 10, 3, 8], [3, 4, 2], [3, 4, 2]]	2	[[[4], [1], [3], [5]], [[4], [1], [5], [3]]]	k2:FF=NA;k2:FF=NA
k4_certs_4_n4_2.json.gz	22	4	6	[[0, 2, 4, 5], [1, 3, 4, 5], [3, 4, 5], [3, 4, 5]]	34,138,3,3	[[3, 2, 4, 8], [5, 7, 3, 6], [3, 4, 2], [3, 4, 2]]	2	[[[4], [1], [3], [5]], [[4], [1], [5], [3]]]	k2:FF=NA;k2:FF=NA
k4_certs_4_n4_2.json.gz	22	4	6	[[0, 2, 4, 5], [1, 3, 4, 5], [3, 4, 5], [3, 4, 5]]	34,142,3,3	[[3, 2, 4, 8], [5, 8, 4, 6], [3, 4, 2], [3, 4, 2]]	2	[[[4], [1], [3], [5]], [[4], [1], [5], [3]]]	k2:FF=NA;k2:FF=NA
k4_certs_4_n4_2.json.gz	22	4	6	[[0, 2, 4, 5], [1, 3, 4, 5], [3, 4, 5], [3, 4, 5]]	34,181,3,3	[[3, 2, 4, 8], [6, 10, 2, 7], [3, 4, 2], [3, 4, 2]]	2	[[[4], [1], [3], [5]], [[4], [1], [5], [3]]]	k2:FF=NA;k2:FF=NA
k4_certs_4_n4_2.json.gz	22	4	6	[[0, 2, 4, 5], [1, 3, 4, 5], [3, 4, 5], [3, 4, 5]]	34,183,3,3	[[3, 2, 4, 8], [6, 10, 3, 8], [3, 4, 2], [3, 4, 2]]	2	[[[4], [1], [3], [5]], [[4], [1], [5], [3]]]	k2:FF=NA;k2:FF=NA
k4_certs_4_n4_2.json.gz	22	4	6	[[0, 2, 4, 5], [1, 3, 4, 5], [3, 4, 5], [3, 4, 5]]	36,65,2,2	[[3, 2, 8, 4], [3, 8, 4, 2], [3, 2, 4], [3, 2, 4]]	2	[[[5], [1], [3], [4]], [[5], [1], [4], [3]]]	k2:FF=NA;k2:FF=NA
k4_certs_4_n4_2.json.gz	22	4	6	[[0, 2, 4, 5], [1, 3, 4, 5], [3, 4, 5], [3, 4, 5]]	36,74,2,2	[[3, 2, 8, 4], [3, 10, 6, 2], [3, 2, 4], [3, 2, 4]]	2	[[[5], [1], [3], [4]], [[5], [1], [4], [3]]]	k2:FF=NA;k2:FF=NA
k4_certs_4_n4_2.json.gz	22	4	6	[[0, 2, 4, 5], [1, 3, 4, 5], [3, 4, 5], [3, 4, 5]]	36,115,2,2	[[3, 2, 8, 4], [4, 8, 5, 2], [3, 2, 4], [3, 2, 4]]	2	[[[5], [1], [3], [4]], [[5], [1], [4], [3]]]	k2:FF=NA;k2:FF=NA
k4_certs_4_n4_2.json.gz	22	4	6	[[0, 2, 4, 5], [1, 3, 4, 5], [3, 4, 5], [3, 4, 5]]	36,117,2,2	[[3, 2, 8, 4], [4, 8, 6, 1], [3, 2, 4], [3, 2, 4]]	2	[[[5], [1], [3], [4]], [[5], [1], [4], [3]]]	k2:FF=NA;k2:FF=NA
k4_certs_4_n4_2.json.gz	22	4	6	[[0, 2, 4, 5], [1, 3, 4, 5], [3, 4, 5], [3, 4, 5]]	36,118,2,2	[[3, 2, 8, 4], [4, 8, 6, 3], [3, 2, 4], [3, 2, 4]]	2	[[[5], [1], [3], [4]], [[5], [1], [4], [3]]]	k2:FF=NA;k2:FF=NA
k4_certs_4_n4_2.json.gz	22	4	6	[[0, 2, 4, 5], [1, 3, 4, 5], [3, 4, 5], [3, 4, 5]]	36,120,2,2	[[3, 2, 8, 4], [4, 8, 7, 2], [3, 2, 4], [3, 2, 4]]	2	[[[5], [1], [3], [4]], [[5], [1], [4], [3]]]	k2:FF=NA;k2:FF=NA
k4_certs_4_n4_2.json.gz	22	4	6	[[0, 2, 4, 5], [1, 3, 4, 5], [3, 4, 5], [3, 4, 5]]	36,124,2,2	[[3, 2, 8, 4], [4, 10, 7, 2], [3, 2, 4], [3, 2, 4]]	2	[[[5], [1], [3], [4]], [[5], [1], [4], [3]]]	k2:FF=NA;k2:FF=NA
k4_certs_4_n4_2.json.gz	22	4	6	[[0, 2, 4, 5], [1, 3, 4, 5], [3, 4, 5], [3, 4, 5]]	36,125,2,2	[[3, 2, 8, 4], [4, 10, 8, 3], [3, 2, 4], [3, 2, 4]]	2	[[[5], [1], [3], [4]], [[5], [1], [4], [3]]]	k2:FF=NA;k2:FF=NA
k4_certs_4_n4_2.json.gz	22	4	6	[[0, 2, 4, 5], [1, 3, 4, 5], [3, 4, 5], [3, 4, 5]]	36,139,2,2	[[3, 2, 8, 4], [5, 7, 6, 3], [3, 2, 4], [3, 2, 4]]	2	[[[5], [1], [3], [4]], [[5], [1], [4], [3]]]	k2:FF=NA;k2:FF=NA
k4_certs_4_n4_2.json.gz	22	4	6	[[0, 2, 4, 5], [1, 3, 4, 5], [3, 4, 5], [3, 4, 5]]	36,143,2,2	[[3, 2, 8, 4], [5, 8, 6, 4], [3, 2, 4], [3, 2, 4]]	2	[[[5], [1], [3], [4]], [[5], [1], [4], [3]]]	k2:FF=NA;k2:FF=NA
k4_certs_4_n4_2.json.gz	22	4	6	[[0, 2, 4, 5], [1, 3, 4, 5], [3, 4, 5], [3, 4, 5]]	36,184,2,2	[[3, 2, 8, 4], [6, 10, 7, 2], [3, 2, 4], [3, 2, 4]]	2	[[[5], [1], [3], [4]], [[5], [1], [4], [3]]]	k2:FF=NA;k2:FF=NA
k4_certs_4_n4_2.json.gz	22	4	6	[[0, 2, 4, 5], [1, 3, 4, 5], [3, 4, 5], [3, 4, 5]]	36,185,2,2	[[3, 2, 8, 4], [6, 10, 8, 3], [3, 2, 4], [3, 2, 4]]	2	[[[5], [1], [3], [4]], [[5], [1], [4], [3]]]	k2:FF=NA;k2:FF=NA
k4_certs_4_n4_2.json.gz	22	4	6	[[0, 2, 4, 5], [1, 3, 4, 5], [3, 4, 5], [3, 4, 5]]	39,64,3,3	[[3, 4, 6, 8], [3, 8, 2, 4], [3, 4, 2], [3, 4, 2]]	2	[[[4], [1], [3], [5]], [[4], [1], [5], [3]]]	k2:FF=NA;k2:FF=NA
k4_certs_4_n4_2.json.gz	22	4	6	[[0, 2, 4, 5], [1, 3, 4, 5], [3, 4, 5], [3, 4, 5]]	39,72,3,3	[[3, 4, 6, 8], [3, 10, 2, 6], [3, 4, 2], [3, 4, 2]]	2	[[[4], [1], [3], [5]], [[4], [1], [5], [3]]]	k2:FF=NA;k2:FF=NA
k4_certs_4_n4_2.json.gz	22	4	6	[[0, 2, 4, 5], [1, 3, 4, 5], [3, 4, 5], [3, 4, 5]]	39,108,3,3	[[3, 4, 6, 8], [4, 8, 1, 6], [3, 4, 2], [3, 4, 2]]	2	[[[4], [1], [3], [5]], [[4], [1], [5], [3]]]	k2:FF=NA;k2:FF=NA
k4_certs_4_n4_2.json.gz	22	4	6	[[0, 2, 4, 5], [1, 3, 4, 5], [3, 4, 5], [3, 4, 5]]	39,110,3,3	[[3, 4, 6, 8], [4, 8, 2, 5], [3, 4, 2], [3, 4, 2]]	2	[[[4], [1], [3], [5]], [[4], [1], [5], [3]]]	k2:FF=NA;k2:FF=NA
k4_certs_4_n4_2.json.gz	22	4	6	[[0, 2, 4, 5], [1, 3, 4, 5], [3, 4, 5], [3, 4, 5]]	39,111,3,3	[[3, 4, 6, 8], [4, 8, 2, 7], [3, 4, 2], [3, 4, 2]]	2	[[[4], [1], [3], [5]], [[4], [1], [5], [3]]]	k2:FF=NA;k2:FF=NA
k4_certs_4_n4_2.json.gz	22	4	6	[[0, 2, 4, 5], [1, 3, 4, 5], [3, 4, 5], [3, 4, 5]]	39,113,3,3	[[3, 4, 6, 8], [4, 8, 3, 6], [3, 4, 2], [3, 4, 2]]	2	[[[4], [1], [3], [5]], [[4], [1], [5], [3]]]	k2:FF=NA;k2:FF=NA
k4_certs_4_n4_2.json.gz	22	4	6	[[0, 2, 4, 5], [1, 3, 4, 5], [3, 4, 5], [3, 4, 5]]	39,122,3,3	[[3, 4, 6, 8], [4, 10, 2, 7], [3, 4, 2], [3, 4, 2]]	2	[[[4], [1], [3], [5]], [[4], [1], [5], [3]]]	k2:FF=NA;k2:FF=NA
k4_certs_4_n4_2.json.gz	22	4	6	[[0, 2, 4, 5], [1, 3, 4, 5], [3, 4, 5], [3, 4, 5]]	39,123,3,3	[[3, 4, 6, 8], [4, 10, 3, 8], [3, 4, 2], [3, 4, 2]]	2	[[[4], [1], [3], [5]], [[4], [1], [5], [3]]]	k2:FF=NA;k2:FF=NA
k4_certs_4_n4_2.json.gz	22	4	6	[[0, 2, 4, 5], [1, 3, 4, 5], [3, 4, 5], [3, 4, 5]]	39,138,3,3	[[3, 4, 6, 8], [5, 7, 3, 6], [3, 4, 2], [3, 4, 2]]	2	[[[4], [1], [3], [5]], [[4], [1], [5], [3]]]	k2:FF=NA;k2:FF=NA
k4_certs_4_n4_2.json.gz	22	4	6	[[0, 2, 4, 5], [1, 3, 4, 5], [3, 4, 5], [3, 4, 5]]	39,142,3,3	[[3, 4, 6, 8], [5, 8, 4, 6], [3, 4, 2], [3, 4, 2]]	2	[[[4], [1], [3], [5]], [[4], [1], [5], [3]]]	k2:FF=NA;k2:FF=NA
k4_certs_4_n4_2.json.gz	22	4	6	[[0, 2, 4, 5], [1, 3, 4, 5], [3, 4, 5], [3, 4, 5]]	39,181,3,3	[[3, 4, 6, 8], [6, 10, 2, 7], [3, 4, 2], [3, 4, 2]]	2	[[[4], [1], [3], [5]], [[4], [1], [5], [3]]]	k2:FF=NA;k2:FF=NA
k4_certs_4_n4_2.json.gz	22	4	6	[[0, 2, 4, 5], [1, 3, 4, 5], [3, 4, 5], [3, 4, 5]]	39,183,3,3	[[3, 4, 6, 8], [6, 10, 3, 8], [3, 4, 2], [3, 4, 2]]	2	[[[4], [1], [3], [5]], [[4], [1], [5], [3]]]	k2:FF=NA;k2:FF=NA
k4_certs_4_n4_2.json.gz	22	4	6	[[0, 2, 4, 5], [1, 3, 4, 5], [3, 4, 5], [3, 4, 5]]	41,65,2,2	[[3, 4, 8, 6], [3, 8, 4, 2], [3, 2, 4], [3, 2, 4]]	2	[[[5], [1], [3], [4]], [[5], [1], [4], [3]]]	k2:FF=NA;k2:FF=NA
k4_certs_4_n4_2.json.gz	22	4	6	[[0, 2, 4, 5], [1, 3, 4, 5], [3, 4, 5], [3, 4, 5]]	41,74,2,2	[[3, 4, 8, 6], [3, 10, 6, 2], [3, 2, 4], [3, 2, 4]]	2	[[[5], [1], [3], [4]], [[5], [1], [4], [3]]]	k2:FF=NA;k2:FF=NA
k4_certs_4_n4_2.json.gz	22	4	6	[[0, 2, 4, 5], [1, 3, 4, 5], [3, 4, 5], [3, 4, 5]]	41,115,2,2	[[3, 4, 8, 6], [4, 8, 5, 2], [3, 2, 4], [3, 2, 4]]	2	[[[5], [1], [3], [4]], [[5], [1], [4], [3]]]	k2:FF=NA;k2:FF=NA
k4_certs_4_n4_2.json.gz	22	4	6	[[0, 2, 4, 5], [1, 3, 4, 5], [3, 4, 5], [3, 4, 5]]	41,117,2,2	[[3, 4, 8, 6], [4, 8, 6, 1], [3, 2, 4], [3, 2, 4]]	2	[[[5], [1], [3], [4]], [[5], [1], [4], [3]]]	k2:FF=NA;k2:FF=NA
k4_certs_4_n4_2.json.gz	22	4	6	[[0, 2, 4, 5], [1, 3, 4, 5], [3, 4, 5], [3, 4, 5]]	41,118,2,2	[[3, 4, 8, 6], [4, 8, 6, 3], [3, 2, 4], [3, 2, 4]]	2	[[[5], [1], [3], [4]], [[5], [1], [4], [3]]]	k2:FF=NA;k2:FF=NA
k4_certs_4_n4_2.json.gz	22	4	6	[[0, 2, 4, 5], [1, 3, 4, 5], [3, 4, 5], [3, 4, 5]]	41,120,2,2	[[3, 4, 8, 6], [4, 8, 7, 2], [3, 2, 4], [3, 2, 4]]	2	[[[5], [1], [3], [4]], [[5], [1], [4], [3]]]	k2:FF=NA;k2:FF=NA
k4_certs_4_n4_2.json.gz	22	4	6	[[0, 2, 4, 5], [1, 3, 4, 5], [3, 4, 5], [3, 4, 5]]	41,124,2,2	[[3, 4, 8, 6], [4, 10, 7, 2], [3, 2, 4], [3, 2, 4]]	2	[[[5], [1], [3], [4]], [[5], [1], [4], [3]]]	k2:FF=NA;k2:FF=NA
k4_certs_4_n4_2.json.gz	22	4	6	[[0, 2, 4, 5], [1, 3, 4, 5], [3, 4, 5], [3, 4, 5]]	41,125,2,2	[[3, 4, 8, 6], [4, 10, 8, 3], [3, 2, 4], [3, 2, 4]]	2	[[[5], [1], [3], [4]], [[5], [1], [4], [3]]]	k2:FF=NA;k2:FF=NA
k4_certs_4_n4_2.json.gz	22	4	6	[[0, 2, 4, 5], [1, 3, 4, 5], [3, 4, 5], [3, 4, 5]]	41,139,2,2	[[3, 4, 8, 6], [5, 7, 6, 3], [3, 2, 4], [3, 2, 4]]	2	[[[5], [1], [3], [4]], [[5], [1], [4], [3]]]	k2:FF=NA;k2:FF=NA
k4_certs_4_n4_2.json.gz	22	4	6	[[0, 2, 4, 5], [1, 3, 4, 5], [3, 4, 5], [3, 4, 5]]	41,143,2,2	[[3, 4, 8, 6], [5, 8, 6, 4], [3, 2, 4], [3, 2, 4]]	2	[[[5], [1], [3], [4]], [[5], [1], [4], [3]]]	k2:FF=NA;k2:FF=NA
k4_certs_4_n4_2.json.gz	22	4	6	[[0, 2, 4, 5], [1, 3, 4, 5], [3, 4, 5], [3, 4, 5]]	41,184,2,2	[[3, 4, 8, 6], [6, 10, 7, 2], [3, 2, 4], [3, 2, 4]]	2	[[[5], [1], [3], [4]], [[5], [1], [4], [3]]]	k2:FF=NA;k2:FF=NA
k4_certs_4_n4_2.json.gz	22	4	6	[[0, 2, 4, 5], [1, 3, 4, 5], [3, 4, 5], [3, 4, 5]]	41,185,2,2	[[3, 4, 8, 6], [6, 10, 8, 3], [3, 2, 4], [3, 2, 4]]	2	[[[5], [1], [3], [4]], [[5], [1], [4], [3]]]	k2:FF=NA;k2:FF=NA
k4_certs_4_n4_2.json.gz	22	4	6	[[0, 2, 4, 5], [1, 3, 4, 5], [3, 4, 5], [3, 4, 5]]	51,64,3,3	[[3, 6, 8, 10], [3, 8, 2, 4], [3, 4, 2], [3, 4, 2]]	2	[[[4], [1], [3], [5]], [[4], [1], [5], [3]]]	k2:FF=NA;k2:FF=NA
k4_certs_4_n4_2.json.gz	22	4	6	[[0, 2, 4, 5], [1, 3, 4, 5], [3, 4, 5], [3, 4, 5]]	51,72,3,3	[[3, 6, 8, 10], [3, 10, 2, 6], [3, 4, 2], [3, 4, 2]]	2	[[[4], [1], [3], [5]], [[4], [1], [5], [3]]]	k2:FF=NA;k2:FF=NA
k4_certs_4_n4_2.json.gz	22	4	6	[[0, 2, 4, 5], [1, 3, 4, 5], [3, 4, 5], [3, 4, 5]]	51,108,3,3	[[3, 6, 8, 10], [4, 8, 1, 6], [3, 4, 2], [3, 4, 2]]	2	[[[4], [1], [3], [5]], [[4], [1], [5], [3]]]	k2:FF=NA;k2:FF=NA
k4_certs_4_n4_2.json.gz	22	4	6	[[0, 2, 4, 5], [1, 3, 4, 5], [3, 4, 5], [3, 4, 5]]	51,110,3,3	[[3, 6, 8, 10], [4, 8, 2, 5], [3, 4, 2], [3, 4, 2]]	2	[[[4], [1], [3], [5]], [[4], [1], [5], [3]]]	k2:FF=NA;k2:FF=NA
k4_certs_4_n4_2.json.gz	22	4	6	[[0, 2, 4, 5], [1, 3, 4, 5], [3, 4, 5], [3, 4, 5]]	51,111,3,3	[[3, 6, 8, 10], [4, 8, 2, 7], [3, 4, 2], [3, 4, 2]]	2	[[[4], [1], [3], [5]], [[4], [1], [5], [3]]]	k2:FF=NA;k2:FF=NA
k4_certs_4_n4_2.json.gz	22	4	6	[[0, 2, 4, 5], [1, 3, 4, 5], [3, 4, 5], [3, 4, 5]]	51,113,3,3	[[3, 6, 8, 10], [4, 8, 3, 6], [3, 4, 2], [3, 4, 2]]	2	[[[4], [1], [3], [5]], [[4], [1], [5], [3]]]	k2:FF=NA;k2:FF=NA
k4_certs_4_n4_2.json.gz	22	4	6	[[0, 2, 4, 5], [1, 3, 4, 5], [3, 4, 5], [3, 4, 5]]	51,122,3,3	[[3, 6, 8, 10], [4, 10, 2, 7], [3, 4, 2], [3, 4, 2]]	2	[[[4], [1], [3], [5]], [[4], [1], [5], [3]]]	k2:FF=NA;k2:FF=NA
k4_certs_4_n4_2.json.gz	22	4	6	[[0, 2, 4, 5], [1, 3, 4, 5], [3, 4, 5], [3, 4, 5]]	51,123,3,3	[[3, 6, 8, 10], [4, 10, 3, 8], [3, 4, 2], [3, 4, 2]]	2	[[[4], [1], [3], [5]], [[4], [1], [5], [3]]]	k2:FF=NA;k2:FF=NA
k4_certs_4_n4_2.json.gz	22	4	6	[[0, 2, 4, 5], [1, 3, 4, 5], [3, 4, 5], [3, 4, 5]]	51,138,3,3	[[3, 6, 8, 10], [5, 7, 3, 6], [3, 4, 2], [3, 4, 2]]	2	[[[4], [1], [3], [5]], [[4], [1], [5], [3]]]	k2:FF=NA;k2:FF=NA
k4_certs_4_n4_2.json.gz	22	4	6	[[0, 2, 4, 5], [1, 3, 4, 5], [3, 4, 5], [3, 4, 5]]	51,142,3,3	[[3, 6, 8, 10], [5, 8, 4, 6], [3, 4, 2], [3, 4, 2]]	2	[[[4], [1], [3], [5]], [[4], [1], [5], [3]]]	k2:FF=NA;k2:FF=NA
k4_certs_4_n4_2.json.gz	22	4	6	[[0, 2, 4, 5], [1, 3, 4, 5], [3, 4, 5], [3, 4, 5]]	51,181,3,3	[[3, 6, 8, 10], [6, 10, 2, 7], [3, 4, 2], [3, 4, 2]]	2	[[[4], [1], [3], [5]], [[4], [1], [5], [3]]]	k2:FF=NA;k2:FF=NA
k4_certs_4_n4_2.json.gz	22	4	6	[[0, 2, 4, 5], [1, 3, 4, 5], [3, 4, 5], [3, 4, 5]]	51,183,3,3	[[3, 6, 8, 10], [6, 10, 3, 8], [3, 4, 2], [3, 4, 2]]	2	[[[4], [1], [3], [5]], [[4], [1], [5], [3]]]	k2:FF=NA;k2:FF=NA
k4_certs_4_n4_2.json.gz	22	4	6	[[0, 2, 4, 5], [1, 3, 4, 5], [3, 4, 5], [3, 4, 5]]	53,65,2,2	[[3, 6, 10, 8], [3, 8, 4, 2], [3, 2, 4], [3, 2, 4]]	2	[[[5], [1], [3], [4]], [[5], [1], [4], [3]]]	k2:FF=NA;k2:FF=NA
k4_certs_4_n4_2.json.gz	22	4	6	[[0, 2, 4, 5], [1, 3, 4, 5], [3, 4, 5], [3, 4, 5]]	53,74,2,2	[[3, 6, 10, 8], [3, 10, 6, 2], [3, 2, 4], [3, 2, 4]]	2	[[[5], [1], [3], [4]], [[5], [1], [4], [3]]]	k2:FF=NA;k2:FF=NA
k4_certs_4_n4_2.json.gz	22	4	6	[[0, 2, 4, 5], [1, 3, 4, 5], [3, 4, 5], [3, 4, 5]]	53,115,2,2	[[3, 6, 10, 8], [4, 8, 5, 2], [3, 2, 4], [3, 2, 4]]	2	[[[5], [1], [3], [4]], [[5], [1], [4], [3]]]	k2:FF=NA;k2:FF=NA
k4_certs_4_n4_2.json.gz	22	4	6	[[0, 2, 4, 5], [1, 3, 4, 5], [3, 4, 5], [3, 4, 5]]	53,117,2,2	[[3, 6, 10, 8], [4, 8, 6, 1], [3, 2, 4], [3, 2, 4]]	2	[[[5], [1], [3], [4]], [[5], [1], [4], [3]]]	k2:FF=NA;k2:FF=NA
k4_certs_4_n4_2.json.gz	22	4	6	[[0, 2, 4, 5], [1, 3, 4, 5], [3, 4, 5], [3, 4, 5]]	53,118,2,2	[[3, 6, 10, 8], [4, 8, 6, 3], [3, 2, 4], [3, 2, 4]]	2	[[[5], [1], [3], [4]], [[5], [1], [4], [3]]]	k2:FF=NA;k2:FF=NA
k4_certs_4_n4_2.json.gz	22	4	6	[[0, 2, 4, 5], [1, 3, 4, 5], [3, 4, 5], [3, 4, 5]]	53,120,2,2	[[3, 6, 10, 8], [4, 8, 7, 2], [3, 2, 4], [3, 2, 4]]	2	[[[5], [1], [3], [4]], [[5], [1], [4], [3]]]	k2:FF=NA;k2:FF=NA
k4_certs_4_n4_2.json.gz	22	4	6	[[0, 2, 4, 5], [1, 3, 4, 5], [3, 4, 5], [3, 4, 5]]	53,124,2,2	[[3, 6, 10, 8], [4, 10, 7, 2], [3, 2, 4], [3, 2, 4]]	2	[[[5], [1], [3], [4]], [[5], [1], [4], [3]]]	k2:FF=NA;k2:FF=NA
k4_certs_4_n4_2.json.gz	22	4	6	[[0, 2, 4, 5], [1, 3, 4, 5], [3, 4, 5], [3, 4, 5]]	53,125,2,2	[[3, 6, 10, 8], [4, 10, 8, 3], [3, 2, 4], [3, 2, 4]]	2	[[[5], [1], [3], [4]], [[5], [1], [4], [3]]]	k2:FF=NA;k2:FF=NA
k4_certs_4_n4_2.json.gz	22	4	6	[[0, 2, 4, 5], [1, 3, 4, 5], [3, 4, 5], [3, 4, 5]]	53,139,2,2	[[3, 6, 10, 8], [5, 7, 6, 3], [3, 2, 4], [3, 2, 4]]	2	[[[5], [1], [3], [4]], [[5], [1], [4], [3]]]	k2:FF=NA;k2:FF=NA
k4_certs_4_n4_2.json.gz	22	4	6	[[0, 2, 4, 5], [1, 3, 4, 5], [3, 4, 5], [3, 4, 5]]	53,143,2,2	[[3, 6, 10, 8], [5, 8, 6, 4], [3, 2, 4], [3, 2, 4]]	2	[[[5], [1], [3], [4]], [[5], [1], [4], [3]]]	k2:FF=NA;k2:FF=NA
k4_certs_4_n4_2.json.gz	22	4	6	[[0, 2, 4, 5], [1, 3, 4, 5], [3, 4, 5], [3, 4, 5]]	53,184,2,2	[[3, 6, 10, 8], [6, 10, 7, 2], [3, 2, 4], [3, 2, 4]]	2	[[[5], [1], [3], [4]], [[5], [1], [4], [3]]]	k2:FF=NA;k2:FF=NA
k4_certs_4_n4_2.json.gz	22	4	6	[[0, 2, 4, 5], [1, 3, 4, 5], [3, 4, 5], [3, 4, 5]]	53,185,2,2	[[3, 6, 10, 8], [6, 10, 8, 3], [3, 2, 4], [3, 2, 4]]	2	[[[5], [1], [3], [4]], [[5], [1], [4], [3]]]	k2:FF=NA;k2:FF=NA
k4_certs_4_n4_2.json.gz	22	4	6	[[0, 2, 4, 5], [1, 3, 4, 5], [3, 4, 5], [3, 4, 5]]	65,64,3,3	[[4, 2, 5, 8], [3, 8, 2, 4], [3, 4, 2], [3, 4, 2]]	2	[[[4], [1], [3], [5]], [[4], [1], [5], [3]]]	k2:FF=NA;k2:FF=NA
k4_certs_4_n4_2.json.gz	22	4	6	[[0, 2, 4, 5], [1, 3, 4, 5], [3, 4, 5], [3, 4, 5]]	65,72,3,3	[[4, 2, 5, 8], [3, 10, 2, 6], [3, 4, 2], [3, 4, 2]]	2	[[[4], [1], [3], [5]], [[4], [1], [5], [3]]]	k2:FF=NA;k2:FF=NA
k4_certs_4_n4_2.json.gz	22	4	6	[[0, 2, 4, 5], [1, 3, 4, 5], [3, 4, 5], [3, 4, 5]]	65,108,3,3	[[4, 2, 5, 8], [4, 8, 1, 6], [3, 4, 2], [3, 4, 2]]	2	[[[4], [1], [3], [5]], [[4], [1], [5], [3]]]	k2:FF=NA;k2:FF=NA
k4_certs_4_n4_2.json.gz	22	4	6	[[0, 2, 4, 5], [1, 3, 4, 5], [3, 4, 5], [3, 4, 5]]	65,110,3,3	[[4, 2, 5, 8], [4, 8, 2, 5], [3, 4, 2], [3, 4, 2]]	2	[[[4], [1], [3], [5]], [[4], [1], [5], [3]]]	k2:FF=NA;k2:FF=NA
k4_certs_4_n4_2.json.gz	22	4	6	[[0, 2, 4, 5], [1, 3, 4, 5], [3, 4, 5], [3, 4, 5]]	65,111,3,3	[[4, 2, 5, 8], [4, 8, 2, 7], [3, 4, 2], [3, 4, 2]]	2	[[[4], [1], [3], [5]], [[4], [1], [5], [3]]]	k2:FF=NA;k2:FF=NA
k4_certs_4_n4_2.json.gz	22	4	6	[[0, 2, 4, 5], [1, 3, 4, 5], [3, 4, 5], [3, 4, 5]]	65,113,3,3	[[4, 2, 5, 8], [4, 8, 3, 6], [3, 4, 2], [3, 4, 2]]	2	[[[4], [1], [3], [5]], [[4], [1], [5], [3]]]	k2:FF=NA;k2:FF=NA
k4_certs_4_n4_2.json.gz	22	4	6	[[0, 2, 4, 5], [1, 3, 4, 5], [3, 4, 5], [3, 4, 5]]	65,122,3,3	[[4, 2, 5, 8], [4, 10, 2, 7], [3, 4, 2], [3, 4, 2]]	2	[[[4], [1], [3], [5]], [[4], [1], [5], [3]]]	k2:FF=NA;k2:FF=NA
k4_certs_4_n4_2.json.gz	22	4	6	[[0, 2, 4, 5], [1, 3, 4, 5], [3, 4, 5], [3, 4, 5]]	65,123,3,3	[[4, 2, 5, 8], [4, 10, 3, 8], [3, 4, 2], [3, 4, 2]]	2	[[[4], [1], [3], [5]], [[4], [1], [5], [3]]]	k2:FF=NA;k2:FF=NA
k4_certs_4_n4_2.json.gz	22	4	6	[[0, 2, 4, 5], [1, 3, 4, 5], [3, 4, 5], [3, 4, 5]]	65,138,3,3	[[4, 2, 5, 8], [5, 7, 3, 6], [3, 4, 2], [3, 4, 2]]	2	[[[4], [1], [3], [5]], [[4], [1], [5], [3]]]	k2:FF=NA;k2:FF=NA
k4_certs_4_n4_2.json.gz	22	4	6	[[0, 2, 4, 5], [1, 3, 4, 5], [3, 4, 5], [3, 4, 5]]	65,142,3,3	[[4, 2, 5, 8], [5, 8, 4, 6], [3, 4, 2], [3, 4, 2]]	2	[[[4], [1], [3], [5]], [[4], [1], [5], [3]]]	k2:FF=NA;k2:FF=NA
k4_certs_4_n4_2.json.gz	22	4	6	[[0, 2, 4, 5], [1, 3, 4, 5], [3, 4, 5], [3, 4, 5]]	65,181,3,3	[[4, 2, 5, 8], [6, 10, 2, 7], [3, 4, 2], [3, 4, 2]]	2	[[[4], [1], [3], [5]], [[4], [1], [5], [3]]]	k2:FF=NA;k2:FF=NA
k4_certs_4_n4_2.json.gz	22	4	6	[[0, 2, 4, 5], [1, 3, 4, 5], [3, 4, 5], [3, 4, 5]]	65,183,3,3	[[4, 2, 5, 8], [6, 10, 3, 8], [3, 4, 2], [3, 4, 2]]	2	[[[4], [1], [3], [5]], [[4], [1], [5], [3]]]	k2:FF=NA;k2:FF=NA
k4_certs_4_n4_2.json.gz	22	4	6	[[0, 2, 4, 5], [1, 3, 4, 5], [3, 4, 5], [3, 4, 5]]	69,65,2,2	[[4, 2, 8, 5], [3, 8, 4, 2], [3, 2, 4], [3, 2, 4]]	2	[[[5], [1], [3], [4]], [[5], [1], [4], [3]]]	k2:FF=NA;k2:FF=NA
k4_certs_4_n4_2.json.gz	22	4	6	[[0, 2, 4, 5], [1, 3, 4, 5], [3, 4, 5], [3, 4, 5]]	69,74,2,2	[[4, 2, 8, 5], [3, 10, 6, 2], [3, 2, 4], [3, 2, 4]]	2	[[[5], [1], [3], [4]], [[5], [1], [4], [3]]]	k2:FF=NA;k2:FF=NA
k4_certs_4_n4_2.json.gz	22	4	6	[[0, 2, 4, 5], [1, 3, 4, 5], [3, 4, 5], [3, 4, 5]]	69,115,2,2	[[4, 2, 8, 5], [4, 8, 5, 2], [3, 2, 4], [3, 2, 4]]	2	[[[5], [1], [3], [4]], [[5], [1], [4], [3]]]	k2:FF=NA;k2:FF=NA
k4_certs_4_n4_2.json.gz	22	4	6	[[0, 2, 4, 5], [1, 3, 4, 5], [3, 4, 5], [3, 4, 5]]	69,117,2,2	[[4, 2, 8, 5], [4, 8, 6, 1], [3, 2, 4], [3, 2, 4]]	2	[[[5], [1], [3], [4]], [[5], [1], [4], [3]]]	k2:FF=NA;k2:FF=NA
k4_certs_4_n4_2.json.gz	22	4	6	[[0, 2, 4, 5], [1, 3, 4, 5], [3, 4, 5], [3, 4, 5]]	69,118,2,2	[[4, 2, 8, 5], [4, 8, 6, 3], [3, 2, 4], [3, 2, 4]]	2	[[[5], [1], [3], [4]], [[5], [1], [4], [3]]]	k2:FF=NA;k2:FF=NA
k4_certs_4_n4_2.json.gz	22	4	6	[[0, 2, 4, 5], [1, 3, 4, 5], [3, 4, 5], [3, 4, 5]]	69,120,2,2	[[4, 2, 8, 5], [4, 8, 7, 2], [3, 2, 4], [3, 2, 4]]	2	[[[5], [1], [3], [4]], [[5], [1], [4], [3]]]	k2:FF=NA;k2:FF=NA
k4_certs_4_n4_2.json.gz	22	4	6	[[0, 2, 4, 5], [1, 3, 4, 5], [3, 4, 5], [3, 4, 5]]	69,124,2,2	[[4, 2, 8, 5], [4, 10, 7, 2], [3, 2, 4], [3, 2, 4]]	2	[[[5], [1], [3], [4]], [[5], [1], [4], [3]]]	k2:FF=NA;k2:FF=NA
k4_certs_4_n4_2.json.gz	22	4	6	[[0, 2, 4, 5], [1, 3, 4, 5], [3, 4, 5], [3, 4, 5]]	69,125,2,2	[[4, 2, 8, 5], [4, 10, 8, 3], [3, 2, 4], [3, 2, 4]]	2	[[[5], [1], [3], [4]], [[5], [1], [4], [3]]]	k2:FF=NA;k2:FF=NA
k4_certs_4_n4_2.json.gz	22	4	6	[[0, 2, 4, 5], [1, 3, 4, 5], [3, 4, 5], [3, 4, 5]]	69,139,2,2	[[4, 2, 8, 5], [5, 7, 6, 3], [3, 2, 4], [3, 2, 4]]	2	[[[5], [1], [3], [4]], [[5], [1], [4], [3]]]	k2:FF=NA;k2:FF=NA
k4_certs_4_n4_2.json.gz	22	4	6	[[0, 2, 4, 5], [1, 3, 4, 5], [3, 4, 5], [3, 4, 5]]	69,143,2,2	[[4, 2, 8, 5], [5, 8, 6, 4], [3, 2, 4], [3, 2, 4]]	2	[[[5], [1], [3], [4]], [[5], [1], [4], [3]]]	k2:FF=NA;k2:FF=NA
k4_certs_4_n4_2.json.gz	22	4	6	[[0, 2, 4, 5], [1, 3, 4, 5], [3, 4, 5], [3, 4, 5]]	69,184,2,2	[[4, 2, 8, 5], [6, 10, 7, 2], [3, 2, 4], [3, 2, 4]]	2	[[[5], [1], [3], [4]], [[5], [1], [4], [3]]]	k2:FF=NA;k2:FF=NA
k4_certs_4_n4_2.json.gz	22	4	6	[[0, 2, 4, 5], [1, 3, 4, 5], [3, 4, 5], [3, 4, 5]]	69,185,2,2	[[4, 2, 8, 5], [6, 10, 8, 3], [3, 2, 4], [3, 2, 4]]	2	[[[5], [1], [3], [4]], [[5], [1], [4], [3]]]	k2:FF=NA;k2:FF=NA
k4_certs_4_n4_2.json.gz	22	4	6	[[0, 2, 4, 5], [1, 3, 4, 5], [3, 4, 5], [3, 4, 5]]	73,64,3,3	[[4, 3, 6, 8], [3, 8, 2, 4], [3, 4, 2], [3, 4, 2]]	2	[[[4], [1], [3], [5]], [[4], [1], [5], [3]]]	k2:FF=NA;k2:FF=NA
k4_certs_4_n4_2.json.gz	22	4	6	[[0, 2, 4, 5], [1, 3, 4, 5], [3, 4, 5], [3, 4, 5]]	73,72,3,3	[[4, 3, 6, 8], [3, 10, 2, 6], [3, 4, 2], [3, 4, 2]]	2	[[[4], [1], [3], [5]], [[4], [1], [5], [3]]]	k2:FF=NA;k2:FF=NA
k4_certs_4_n4_2.json.gz	22	4	6	[[0, 2, 4, 5], [1, 3, 4, 5], [3, 4, 5], [3, 4, 5]]	73,108,3,3	[[4, 3, 6, 8], [4, 8, 1, 6], [3, 4, 2], [3, 4, 2]]	2	[[[4], [1], [3], [5]], [[4], [1], [5], [3]]]	k2:FF=NA;k2:FF=NA
k4_certs_4_n4_2.json.gz	22	4	6	[[0, 2, 4, 5], [1, 3, 4, 5], [3, 4, 5], [3, 4, 5]]	73,110,3,3	[[4, 3, 6, 8], [4, 8, 2, 5], [3, 4, 2], [3, 4, 2]]	2	[[[4], [1], [3], [5]], [[4], [1], [5], [3]]]	k2:FF=NA;k2:FF=NA
k4_certs_4_n4_2.json.gz	22	4	6	[[0, 2, 4, 5], [1, 3, 4, 5], [3, 4, 5], [3, 4, 5]]	73,111,3,3	[[4, 3, 6, 8], [4, 8, 2, 7], [3, 4, 2], [3, 4, 2]]	2	[[[4], [1], [3], [5]], [[4], [1], [5], [3]]]	k2:FF=NA;k2:FF=NA
k4_certs_4_n4_2.json.gz	22	4	6	[[0, 2, 4, 5], [1, 3, 4, 5], [3, 4, 5], [3, 4, 5]]	73,113,3,3	[[4, 3, 6, 8], [4, 8, 3, 6], [3, 4, 2], [3, 4, 2]]	2	[[[4], [1], [3], [5]], [[4], [1], [5], [3]]]	k2:FF=NA;k2:FF=NA
k4_certs_4_n4_2.json.gz	22	4	6	[[0, 2, 4, 5], [1, 3, 4, 5], [3, 4, 5], [3, 4, 5]]	73,122,3,3	[[4, 3, 6, 8], [4, 10, 2, 7], [3, 4, 2], [3, 4, 2]]	2	[[[4], [1], [3], [5]], [[4], [1], [5], [3]]]	k2:FF=NA;k2:FF=NA
k4_certs_4_n4_2.json.gz	22	4	6	[[0, 2, 4, 5], [1, 3, 4, 5], [3, 4, 5], [3, 4, 5]]	73,123,3,3	[[4, 3, 6, 8], [4, 10, 3, 8], [3, 4, 2], [3, 4, 2]]	2	[[[4], [1], [3], [5]], [[4], [1], [5], [3]]]	k2:FF=NA;k2:FF=NA
k4_certs_4_n4_2.json.gz	22	4	6	[[0, 2, 4, 5], [1, 3, 4, 5], [3, 4, 5], [3, 4, 5]]	73,138,3,3	[[4, 3, 6, 8], [5, 7, 3, 6], [3, 4, 2], [3, 4, 2]]	2	[[[4], [1], [3], [5]], [[4], [1], [5], [3]]]	k2:FF=NA;k2:FF=NA
k4_certs_4_n4_2.json.gz	22	4	6	[[0, 2, 4, 5], [1, 3, 4, 5], [3, 4, 5], [3, 4, 5]]	73,142,3,3	[[4, 3, 6, 8], [5, 8, 4, 6], [3, 4, 2], [3, 4, 2]]	2	[[[4], [1], [3], [5]], [[4], [1], [5], [3]]]	k2:FF=NA;k2:FF=NA
k4_certs_4_n4_2.json.gz	22	4	6	[[0, 2, 4, 5], [1, 3, 4, 5], [3, 4, 5], [3, 4, 5]]	73,181,3,3	[[4, 3, 6, 8], [6, 10, 2, 7], [3, 4, 2], [3, 4, 2]]	2	[[[4], [1], [3], [5]], [[4], [1], [5], [3]]]	k2:FF=NA;k2:FF=NA
k4_certs_4_n4_2.json.gz	22	4	6	[[0, 2, 4, 5], [1, 3, 4, 5], [3, 4, 5], [3, 4, 5]]	73,183,3,3	[[4, 3, 6, 8], [6, 10, 3, 8], [3, 4, 2], [3, 4, 2]]	2	[[[4], [1], [3], [5]], [[4], [1], [5], [3]]]	k2:FF=NA;k2:FF=NA
k4_certs_4_n4_2.json.gz	22	4	6	[[0, 2, 4, 5], [1, 3, 4, 5], [3, 4, 5], [3, 4, 5]]	75,65,2,2	[[4, 3, 8, 6], [3, 8, 4, 2], [3, 2, 4], [3, 2, 4]]	2	[[[5], [1], [3], [4]], [[5], [1], [4], [3]]]	k2:FF=NA;k2:FF=NA
k4_certs_4_n4_2.json.gz	22	4	6	[[0, 2, 4, 5], [1, 3, 4, 5], [3, 4, 5], [3, 4, 5]]	75,74,2,2	[[4, 3, 8, 6], [3, 10, 6, 2], [3, 2, 4], [3, 2, 4]]	2	[[[5], [1], [3], [4]], [[5], [1], [4], [3]]]	k2:FF=NA;k2:FF=NA
k4_certs_4_n4_2.json.gz	22	4	6	[[0, 2, 4, 5], [1, 3, 4, 5], [3, 4, 5], [3, 4, 5]]	75,115,2,2	[[4, 3, 8, 6], [4, 8, 5, 2], [3, 2, 4], [3, 2, 4]]	2	[[[5], [1], [3], [4]], [[5], [1], [4], [3]]]	k2:FF=NA;k2:FF=NA
k4_certs_4_n4_2.json.gz	22	4	6	[[0, 2, 4, 5], [1, 3, 4, 5], [3, 4, 5], [3, 4, 5]]	75,117,2,2	[[4, 3, 8, 6], [4, 8, 6, 1], [3, 2, 4], [3, 2, 4]]	2	[[[5], [1], [3], [4]], [[5], [1], [4], [3]]]	k2:FF=NA;k2:FF=NA
k4_certs_4_n4_2.json.gz	22	4	6	[[0, 2, 4, 5], [1, 3, 4, 5], [3, 4, 5], [3, 4, 5]]	75,118,2,2	[[4, 3, 8, 6], [4, 8, 6, 3], [3, 2, 4], [3, 2, 4]]	2	[[[5], [1], [3], [4]], [[5], [1], [4], [3]]]	k2:FF=NA;k2:FF=NA
k4_certs_4_n4_2.json.gz	22	4	6	[[0, 2, 4, 5], [1, 3, 4, 5], [3, 4, 5], [3, 4, 5]]	75,120,2,2	[[4, 3, 8, 6], [4, 8, 7, 2], [3, 2, 4], [3, 2, 4]]	2	[[[5], [1], [3], [4]], [[5], [1], [4], [3]]]	k2:FF=NA;k2:FF=NA
k4_certs_4_n4_2.json.gz	22	4	6	[[0, 2, 4, 5], [1, 3, 4, 5], [3, 4, 5], [3, 4, 5]]	75,124,2,2	[[4, 3, 8, 6], [4, 10, 7, 2], [3, 2, 4], [3, 2, 4]]	2	[[[5], [1], [3], [4]], [[5], [1], [4], [3]]]	k2:FF=NA;k2:FF=NA
k4_certs_4_n4_2.json.gz	22	4	6	[[0, 2, 4, 5], [1, 3, 4, 5], [3, 4, 5], [3, 4, 5]]	75,125,2,2	[[4, 3, 8, 6], [4, 10, 8, 3], [3, 2, 4], [3, 2, 4]]	2	[[[5], [1], [3], [4]], [[5], [1], [4], [3]]]	k2:FF=NA;k2:FF=NA
k4_certs_4_n4_2.json.gz	22	4	6	[[0, 2, 4, 5], [1, 3, 4, 5], [3, 4, 5], [3, 4, 5]]	75,139,2,2	[[4, 3, 8, 6], [5, 7, 6, 3], [3, 2, 4], [3, 2, 4]]	2	[[[5], [1], [3], [4]], [[5], [1], [4], [3]]]	k2:FF=NA;k2:FF=NA
k4_certs_4_n4_2.json.gz	22	4	6	[[0, 2, 4, 5], [1, 3, 4, 5], [3, 4, 5], [3, 4, 5]]	75,143,2,2	[[4, 3, 8, 6], [5, 8, 6, 4], [3, 2, 4], [3, 2, 4]]	2	[[[5], [1], [3], [4]], [[5], [1], [4], [3]]]	k2:FF=NA;k2:FF=NA
k4_certs_4_n4_2.json.gz	22	4	6	[[0, 2, 4, 5], [1, 3, 4, 5], [3, 4, 5], [3, 4, 5]]	75,184,2,2	[[4, 3, 8, 6], [6, 10, 7, 2], [3, 2, 4], [3, 2, 4]]	2	[[[5], [1], [3], [4]], [[5], [1], [4], [3]]]	k2:FF=NA;k2:FF=NA
k4_certs_4_n4_2.json.gz	22	4	6	[[0, 2, 4, 5], [1, 3, 4, 5], [3, 4, 5], [3, 4, 5]]	75,185,2,2	[[4, 3, 8, 6], [6, 10, 8, 3], [3, 2, 4], [3, 2, 4]]	2	[[[5], [1], [3], [4]], [[5], [1], [4], [3]]]	k2:FF=NA;k2:FF=NA
k4_certs_4_n4_2.json.gz	22	4	6	[[0, 2, 4, 5], [1, 3, 4, 5], [3, 4, 5], [3, 4, 5]]	103,64,3,3	[[6, 2, 7, 10], [3, 8, 2, 4], [3, 4, 2], [3, 4, 2]]	2	[[[4], [1], [3], [5]], [[4], [1], [5], [3]]]	k2:FF=NA;k2:FF=NA
k4_certs_4_n4_2.json.gz	22	4	6	[[0, 2, 4, 5], [1, 3, 4, 5], [3, 4, 5], [3, 4, 5]]	103,72,3,3	[[6, 2, 7, 10], [3, 10, 2, 6], [3, 4, 2], [3, 4, 2]]	2	[[[4], [1], [3], [5]], [[4], [1], [5], [3]]]	k2:FF=NA;k2:FF=NA
k4_certs_4_n4_2.json.gz	22	4	6	[[0, 2, 4, 5], [1, 3, 4, 5], [3, 4, 5], [3, 4, 5]]	103,108,3,3	[[6, 2, 7, 10], [4, 8, 1, 6], [3, 4, 2], [3, 4, 2]]	2	[[[4], [1], [3], [5]], [[4], [1], [5], [3]]]	k2:FF=NA;k2:FF=NA
k4_certs_4_n4_2.json.gz	22	4	6	[[0, 2, 4, 5], [1, 3, 4, 5], [3, 4, 5], [3, 4, 5]]	103,110,3,3	[[6, 2, 7, 10], [4, 8, 2, 5], [3, 4, 2], [3, 4, 2]]	2	[[[4], [1], [3], [5]], [[4], [1], [5], [3]]]	k2:FF=NA;k2:FF=NA
k4_certs_4_n4_2.json.gz	22	4	6	[[0, 2, 4, 5], [1, 3, 4, 5], [3, 4, 5], [3, 4, 5]]	103,111,3,3	[[6, 2, 7, 10], [4, 8, 2, 7], [3, 4, 2], [3, 4, 2]]	2	[[[4], [1], [3], [5]], [[4], [1], [5], [3]]]	k2:FF=NA;k2:FF=NA
k4_certs_4_n4_2.json.gz	22	4	6	[[0, 2, 4, 5], [1, 3, 4, 5], [3, 4, 5], [3, 4, 5]]	103,113,3,3	[[6, 2, 7, 10], [4, 8, 3, 6], [3, 4, 2], [3, 4, 2]]	2	[[[4], [1], [3], [5]], [[4], [1], [5], [3]]]	k2:FF=NA;k2:FF=NA
k4_certs_4_n4_2.json.gz	22	4	6	[[0, 2, 4, 5], [1, 3, 4, 5], [3, 4, 5], [3, 4, 5]]	103,122,3,3	[[6, 2, 7, 10], [4, 10, 2, 7], [3, 4, 2], [3, 4, 2]]	2	[[[4], [1], [3], [5]], [[4], [1], [5], [3]]]	k2:FF=NA;k2:FF=NA
k4_certs_4_n4_2.json.gz	22	4	6	[[0, 2, 4, 5], [1, 3, 4, 5], [3, 4, 5], [3, 4, 5]]	103,123,3,3	[[6, 2, 7, 10], [4, 10, 3, 8], [3, 4, 2], [3, 4, 2]]	2	[[[4], [1], [3], [5]], [[4], [1], [5], [3]]]	k2:FF=NA;k2:FF=NA
k4_certs_4_n4_2.json.gz	22	4	6	[[0, 2, 4, 5], [1, 3, 4, 5], [3, 4, 5], [3, 4, 5]]	103,138,3,3	[[6, 2, 7, 10], [5, 7, 3, 6], [3, 4, 2], [3, 4, 2]]	2	[[[4], [1], [3], [5]], [[4], [1], [5], [3]]]	k2:FF=NA;k2:FF=NA
k4_certs_4_n4_2.json.gz	22	4	6	[[0, 2, 4, 5], [1, 3, 4, 5], [3, 4, 5], [3, 4, 5]]	103,142,3,3	[[6, 2, 7, 10], [5, 8, 4, 6], [3, 4, 2], [3, 4, 2]]	2	[[[4], [1], [3], [5]], [[4], [1], [5], [3]]]	k2:FF=NA;k2:FF=NA
k4_certs_4_n4_2.json.gz	22	4	6	[[0, 2, 4, 5], [1, 3, 4, 5], [3, 4, 5], [3, 4, 5]]	103,181,3,3	[[6, 2, 7, 10], [6, 10, 2, 7], [3, 4, 2], [3, 4, 2]]	2	[[[4], [1], [3], [5]], [[4], [1], [5], [3]]]	k2:FF=NA;k2:FF=NA
k4_certs_4_n4_2.json.gz	22	4	6	[[0, 2, 4, 5], [1, 3, 4, 5], [3, 4, 5], [3, 4, 5]]	103,183,3,3	[[6, 2, 7, 10], [6, 10, 3, 8], [3, 4, 2], [3, 4, 2]]	2	[[[4], [1], [3], [5]], [[4], [1], [5], [3]]]	k2:FF=NA;k2:FF=NA
k4_certs_4_n4_2.json.gz	22	4	6	[[0, 2, 4, 5], [1, 3, 4, 5], [3, 4, 5], [3, 4, 5]]	105,65,2,2	[[6, 2, 10, 7], [3, 8, 4, 2], [3, 2, 4], [3, 2, 4]]	2	[[[5], [1], [3], [4]], [[5], [1], [4], [3]]]	k2:FF=NA;k2:FF=NA
k4_certs_4_n4_2.json.gz	22	4	6	[[0, 2, 4, 5], [1, 3, 4, 5], [3, 4, 5], [3, 4, 5]]	105,74,2,2	[[6, 2, 10, 7], [3, 10, 6, 2], [3, 2, 4], [3, 2, 4]]	2	[[[5], [1], [3], [4]], [[5], [1], [4], [3]]]	k2:FF=NA;k2:FF=NA
k4_certs_4_n4_2.json.gz	22	4	6	[[0, 2, 4, 5], [1, 3, 4, 5], [3, 4, 5], [3, 4, 5]]	105,115,2,2	[[6, 2, 10, 7], [4, 8, 5, 2], [3, 2, 4], [3, 2, 4]]	2	[[[5], [1], [3], [4]], [[5], [1], [4], [3]]]	k2:FF=NA;k2:FF=NA
k4_certs_4_n4_2.json.gz	22	4	6	[[0, 2, 4, 5], [1, 3, 4, 5], [3, 4, 5], [3, 4, 5]]	105,117,2,2	[[6, 2, 10, 7], [4, 8, 6, 1], [3, 2, 4], [3, 2, 4]]	2	[[[5], [1], [3], [4]], [[5], [1], [4], [3]]]	k2:FF=NA;k2:FF=NA
k4_certs_4_n4_2.json.gz	22	4	6	[[0, 2, 4, 5], [1, 3, 4, 5], [3, 4, 5], [3, 4, 5]]	105,118,2,2	[[6, 2, 10, 7], [4, 8, 6, 3], [3, 2, 4], [3, 2, 4]]	2	[[[5], [1], [3], [4]], [[5], [1], [4], [3]]]	k2:FF=NA;k2:FF=NA
k4_certs_4_n4_2.json.gz	22	4	6	[[0, 2, 4, 5], [1, 3, 4, 5], [3, 4, 5], [3, 4, 5]]	105,120,2,2	[[6, 2, 10, 7], [4, 8, 7, 2], [3, 2, 4], [3, 2, 4]]	2	[[[5], [1], [3], [4]], [[5], [1], [4], [3]]]	k2:FF=NA;k2:FF=NA
k4_certs_4_n4_2.json.gz	22	4	6	[[0, 2, 4, 5], [1, 3, 4, 5], [3, 4, 5], [3, 4, 5]]	105,124,2,2	[[6, 2, 10, 7], [4, 10, 7, 2], [3, 2, 4], [3, 2, 4]]	2	[[[5], [1], [3], [4]], [[5], [1], [4], [3]]]	k2:FF=NA;k2:FF=NA
k4_certs_4_n4_2.json.gz	22	4	6	[[0, 2, 4, 5], [1, 3, 4, 5], [3, 4, 5], [3, 4, 5]]	105,125,2,2	[[6, 2, 10, 7], [4, 10, 8, 3], [3, 2, 4], [3, 2, 4]]	2	[[[5], [1], [3], [4]], [[5], [1], [4], [3]]]	k2:FF=NA;k2:FF=NA
k4_certs_4_n4_2.json.gz	22	4	6	[[0, 2, 4, 5], [1, 3, 4, 5], [3, 4, 5], [3, 4, 5]]	105,139,2,2	[[6, 2, 10, 7], [5, 7, 6, 3], [3, 2, 4], [3, 2, 4]]	2	[[[5], [1], [3], [4]], [[5], [1], [4], [3]]]	k2:FF=NA;k2:FF=NA
k4_certs_4_n4_2.json.gz	22	4	6	[[0, 2, 4, 5], [1, 3, 4, 5], [3, 4, 5], [3, 4, 5]]	105,143,2,2	[[6, 2, 10, 7], [5, 8, 6, 4], [3, 2, 4], [3, 2, 4]]	2	[[[5], [1], [3], [4]], [[5], [1], [4], [3]]]	k2:FF=NA;k2:FF=NA
k4_certs_4_n4_2.json.gz	22	4	6	[[0, 2, 4, 5], [1, 3, 4, 5], [3, 4, 5], [3, 4, 5]]	105,184,2,2	[[6, 2, 10, 7], [6, 10, 7, 2], [3, 2, 4], [3, 2, 4]]	2	[[[5], [1], [3], [4]], [[5], [1], [4], [3]]]	k2:FF=NA;k2:FF=NA
k4_certs_4_n4_2.json.gz	22	4	6	[[0, 2, 4, 5], [1, 3, 4, 5], [3, 4, 5], [3, 4, 5]]	105,185,2,2	[[6, 2, 10, 7], [6, 10, 8, 3], [3, 2, 4], [3, 2, 4]]	2	[[[5], [1], [3], [4]], [[5], [1], [4], [3]]]	k2:FF=NA;k2:FF=NA
k4_certs_4_n4_2.json.gz	22	4	6	[[0, 2, 4, 5], [1, 3, 4, 5], [3, 4, 5], [3, 4, 5]]	111,64,3,3	[[6, 3, 8, 10], [3, 8, 2, 4], [3, 4, 2], [3, 4, 2]]	2	[[[4], [1], [3], [5]], [[4], [1], [5], [3]]]	k2:FF=NA;k2:FF=NA
k4_certs_4_n4_2.json.gz	22	4	6	[[0, 2, 4, 5], [1, 3, 4, 5], [3, 4, 5], [3, 4, 5]]	111,72,3,3	[[6, 3, 8, 10], [3, 10, 2, 6], [3, 4, 2], [3, 4, 2]]	2	[[[4], [1], [3], [5]], [[4], [1], [5], [3]]]	k2:FF=NA;k2:FF=NA
k4_certs_4_n4_2.json.gz	22	4	6	[[0, 2, 4, 5], [1, 3, 4, 5], [3, 4, 5], [3, 4, 5]]	111,108,3,3	[[6, 3, 8, 10], [4, 8, 1, 6], [3, 4, 2], [3, 4, 2]]	2	[[[4], [1], [3], [5]], [[4], [1], [5], [3]]]	k2:FF=NA;k2:FF=NA
k4_certs_4_n4_2.json.gz	22	4	6	[[0, 2, 4, 5], [1, 3, 4, 5], [3, 4, 5], [3, 4, 5]]	111,110,3,3	[[6, 3, 8, 10], [4, 8, 2, 5], [3, 4, 2], [3, 4, 2]]	2	[[[4], [1], [3], [5]], [[4], [1], [5], [3]]]	k2:FF=NA;k2:FF=NA
k4_certs_4_n4_2.json.gz	22	4	6	[[0, 2, 4, 5], [1, 3, 4, 5], [3, 4, 5], [3, 4, 5]]	111,111,3,3	[[6, 3, 8, 10], [4, 8, 2, 7], [3, 4, 2], [3, 4, 2]]	2	[[[4], [1], [3], [5]], [[4], [1], [5], [3]]]	k2:FF=NA;k2:FF=NA
k4_certs_4_n4_2.json.gz	22	4	6	[[0, 2, 4, 5], [1, 3, 4, 5], [3, 4, 5], [3, 4, 5]]	111,113,3,3	[[6, 3, 8, 10], [4, 8, 3, 6], [3, 4, 2], [3, 4, 2]]	2	[[[4], [1], [3], [5]], [[4], [1], [5], [3]]]	k2:FF=NA;k2:FF=NA
k4_certs_4_n4_2.json.gz	22	4	6	[[0, 2, 4, 5], [1, 3, 4, 5], [3, 4, 5], [3, 4, 5]]	111,122,3,3	[[6, 3, 8, 10], [4, 10, 2, 7], [3, 4, 2], [3, 4, 2]]	2	[[[4], [1], [3], [5]], [[4], [1], [5], [3]]]	k2:FF=NA;k2:FF=NA
k4_certs_4_n4_2.json.gz	22	4	6	[[0, 2, 4, 5], [1, 3, 4, 5], [3, 4, 5], [3, 4, 5]]	111,123,3,3	[[6, 3, 8, 10], [4, 10, 3, 8], [3, 4, 2], [3, 4, 2]]	2	[[[4], [1], [3], [5]], [[4], [1], [5], [3]]]	k2:FF=NA;k2:FF=NA
k4_certs_4_n4_2.json.gz	22	4	6	[[0, 2, 4, 5], [1, 3, 4, 5], [3, 4, 5], [3, 4, 5]]	111,138,3,3	[[6, 3, 8, 10], [5, 7, 3, 6], [3, 4, 2], [3, 4, 2]]	2	[[[4], [1], [3], [5]], [[4], [1], [5], [3]]]	k2:FF=NA;k2:FF=NA
k4_certs_4_n4_2.json.gz	22	4	6	[[0, 2, 4, 5], [1, 3, 4, 5], [3, 4, 5], [3, 4, 5]]	111,142,3,3	[[6, 3, 8, 10], [5, 8, 4, 6], [3, 4, 2], [3, 4, 2]]	2	[[[4], [1], [3], [5]], [[4], [1], [5], [3]]]	k2:FF=NA;k2:FF=NA
k4_certs_4_n4_2.json.gz	22	4	6	[[0, 2, 4, 5], [1, 3, 4, 5], [3, 4, 5], [3, 4, 5]]	111,181,3,3	[[6, 3, 8, 10], [6, 10, 2, 7], [3, 4, 2], [3, 4, 2]]	2	[[[4], [1], [3], [5]], [[4], [1], [5], [3]]]	k2:FF=NA;k2:FF=NA
k4_certs_4_n4_2.json.gz	22	4	6	[[0, 2, 4, 5], [1, 3, 4, 5], [3, 4, 5], [3, 4, 5]]	111,183,3,3	[[6, 3, 8, 10], [6, 10, 3, 8], [3, 4, 2], [3, 4, 2]]	2	[[[4], [1], [3], [5]], [[4], [1], [5], [3]]]	k2:FF=NA;k2:FF=NA
k4_certs_4_n4_2.json.gz	22	4	6	[[0, 2, 4, 5], [1, 3, 4, 5], [3, 4, 5], [3, 4, 5]]	113,65,2,2	[[6, 3, 10, 8], [3, 8, 4, 2], [3, 2, 4], [3, 2, 4]]	2	[[[5], [1], [3], [4]], [[5], [1], [4], [3]]]	k2:FF=NA;k2:FF=NA
k4_certs_4_n4_2.json.gz	22	4	6	[[0, 2, 4, 5], [1, 3, 4, 5], [3, 4, 5], [3, 4, 5]]	113,74,2,2	[[6, 3, 10, 8], [3, 10, 6, 2], [3, 2, 4], [3, 2, 4]]	2	[[[5], [1], [3], [4]], [[5], [1], [4], [3]]]	k2:FF=NA;k2:FF=NA
k4_certs_4_n4_2.json.gz	22	4	6	[[0, 2, 4, 5], [1, 3, 4, 5], [3, 4, 5], [3, 4, 5]]	113,115,2,2	[[6, 3, 10, 8], [4, 8, 5, 2], [3, 2, 4], [3, 2, 4]]	2	[[[5], [1], [3], [4]], [[5], [1], [4], [3]]]	k2:FF=NA;k2:FF=NA
k4_certs_4_n4_2.json.gz	22	4	6	[[0, 2, 4, 5], [1, 3, 4, 5], [3, 4, 5], [3, 4, 5]]	113,117,2,2	[[6, 3, 10, 8], [4, 8, 6, 1], [3, 2, 4], [3, 2, 4]]	2	[[[5], [1], [3], [4]], [[5], [1], [4], [3]]]	k2:FF=NA;k2:FF=NA
k4_certs_4_n4_2.json.gz	22	4	6	[[0, 2, 4, 5], [1, 3, 4, 5], [3, 4, 5], [3, 4, 5]]	113,118,2,2	[[6, 3, 10, 8], [4, 8, 6, 3], [3, 2, 4], [3, 2, 4]]	2	[[[5], [1], [3], [4]], [[5], [1], [4], [3]]]	k2:FF=NA;k2:FF=NA
k4_certs_4_n4_2.json.gz	22	4	6	[[0, 2, 4, 5], [1, 3, 4, 5], [3, 4, 5], [3, 4, 5]]	113,120,2,2	[[6, 3, 10, 8], [4, 8, 7, 2], [3, 2, 4], [3, 2, 4]]	2	[[[5], [1], [3], [4]], [[5], [1], [4], [3]]]	k2:FF=NA;k2:FF=NA
k4_certs_4_n4_2.json.gz	22	4	6	[[0, 2, 4, 5], [1, 3, 4, 5], [3, 4, 5], [3, 4, 5]]	113,124,2,2	[[6, 3, 10, 8], [4, 10, 7, 2], [3, 2, 4], [3, 2, 4]]	2	[[[5], [1], [3], [4]], [[5], [1], [4], [3]]]	k2:FF=NA;k2:FF=NA
k4_certs_4_n4_2.json.gz	22	4	6	[[0, 2, 4, 5], [1, 3, 4, 5], [3, 4, 5], [3, 4, 5]]	113,125,2,2	[[6, 3, 10, 8], [4, 10, 8, 3], [3, 2, 4], [3, 2, 4]]	2	[[[5], [1], [3], [4]], [[5], [1], [4], [3]]]	k2:FF=NA;k2:FF=NA
k4_certs_4_n4_2.json.gz	22	4	6	[[0, 2, 4, 5], [1, 3, 4, 5], [3, 4, 5], [3, 4, 5]]	113,139,2,2	[[6, 3, 10, 8], [5, 7, 6, 3], [3, 2, 4], [3, 2, 4]]	2	[[[5], [1], [3], [4]], [[5], [1], [4], [3]]]	k2:FF=NA;k2:FF=NA
k4_certs_4_n4_2.json.gz	22	4	6	[[0, 2, 4, 5], [1, 3, 4, 5], [3, 4, 5], [3, 4, 5]]	113,143,2,2	[[6, 3, 10, 8], [5, 8, 6, 4], [3, 2, 4], [3, 2, 4]]	2	[[[5], [1], [3], [4]], [[5], [1], [4], [3]]]	k2:FF=NA;k2:FF=NA
k4_certs_4_n4_2.json.gz	22	4	6	[[0, 2, 4, 5], [1, 3, 4, 5], [3, 4, 5], [3, 4, 5]]	113,184,2,2	[[6, 3, 10, 8], [6, 10, 7, 2], [3, 2, 4], [3, 2, 4]]	2	[[[5], [1], [3], [4]], [[5], [1], [4], [3]]]	k2:FF=NA;k2:FF=NA
k4_certs_4_n4_2.json.gz	22	4	6	[[0, 2, 4, 5], [1, 3, 4, 5], [3, 4, 5], [3, 4, 5]]	113,185,2,2	[[6, 3, 10, 8], [6, 10, 8, 3], [3, 2, 4], [3, 2, 4]]	2	[[[5], [1], [3], [4]], [[5], [1], [4], [3]]]	k2:FF=NA;k2:FF=NA
k4_certs_4_n4_2.json.gz	24	6	6	[[0, 2, 3, 5], [1, 2, 4, 5], [3, 4, 5], [3, 4, 5]]	1,6,3,3	[[1, 4, 8, 6], [2, 3, 4, 8], [3, 4, 2], [3, 4, 2]]	4	[[[2], [4], [3], [5]], [[2], [4], [5], [3]], [[0, 2], [4], [3], [5]], [[0, 2], [4], [5], [3]]]	k2:FF=NA;k2:FF=NA;k2:FF=NA;k2:FF=NA
k4_certs_4_n4_2.json.gz	24	6	6	[[0, 2, 3, 5], [1, 2, 4, 5], [3, 4, 5], [3, 4, 5]]	1,11,3,3	[[1, 4, 8, 6], [2, 4, 5, 8], [3, 4, 2], [3, 4, 2]]	4	[[[2], [4], [3], [5]], [[2], [4], [5], [3]], [[0, 2], [4], [3], [5]], [[0, 2], [4], [5], [3]]]	k2:FF=NA;k2:FF=NA;k2:FF=NA;k2:FF=NA
k4_certs_4_n4_2.json.gz	24	6	6	[[0, 2, 3, 5], [1, 2, 4, 5], [3, 4, 5], [3, 4, 5]]	1,21,3,3	[[1, 4, 8, 6], [2, 6, 7, 10], [3, 4, 2], [3, 4, 2]]	4	[[[2], [4], [3], [5]], [[2], [4], [5], [3]], [[0, 2], [4], [3], [5]], [[0, 2], [4], [5], [3]]]	k2:FF=NA;k2:FF=NA;k2:FF=NA;k2:FF=NA
k4_certs_4_n4_2.json.gz	24	6	6	[[0, 2, 3, 5], [1, 2, 4, 5], [3, 4, 5], [3, 4, 5]]	1,42,3,3	[[1, 4, 8, 6], [3, 2, 4, 8], [3, 4, 2], [3, 4, 2]]	4	[[[2], [4], [3], [5]], [[2], [4], [5], [3]], [[0, 2], [4], [3], [5]], [[0, 2], [4], [5], [3]]]	k2:FF=NA;k2:FF=NA;k2:FF=NA;k2:FF=NA
k4_certs_4_n4_2.json.gz	24	6	6	[[0, 2, 3, 5], [1, 2, 4, 5], [3, 4, 5], [3, 4, 5]]	1,47,3,3	[[1, 4, 8, 6], [3, 4, 6, 8], [3, 4, 2], [3, 4, 2]]	4	[[[2], [4], [3], [5]], [[2], [4], [5], [3]], [[0, 2], [4], [3], [5]], [[0, 2], [4], [5], [3]]]	k2:FF=NA;k2:FF=NA;k2:FF=NA;k2:FF=NA
k4_certs_4_n4_2.json.gz	24	6	6	[[0, 2, 3, 5], [1, 2, 4, 5], [3, 4, 5], [3, 4, 5]]	1,59,3,3	[[1, 4, 8, 6], [3, 6, 8, 10], [3, 4, 2], [3, 4, 2]]	4	[[[2], [4], [3], [5]], [[2], [4], [5], [3]], [[0, 2], [4], [3], [5]], [[0, 2], [4], [5], [3]]]	k2:FF=NA;k2:FF=NA;k2:FF=NA;k2:FF=NA
k4_certs_4_n4_2.json.gz	24	6	6	[[0, 2, 3, 5], [1, 2, 4, 5], [3, 4, 5], [3, 4, 5]]	1,81,3,3	[[1, 4, 8, 6], [4, 2, 5, 8], [3, 4, 2], [3, 4, 2]]	4	[[[2], [4], [3], [5]], [[2], [4], [5], [3]], [[0, 2], [4], [3], [5]], [[0, 2], [4], [5], [3]]]	k2:FF=NA;k2:FF=NA;k2:FF=NA;k2:FF=NA
k4_certs_4_n4_2.json.gz	24	6	6	[[0, 2, 3, 5], [1, 2, 4, 5], [3, 4, 5], [3, 4, 5]]	1,89,3,3	[[1, 4, 8, 6], [4, 3, 6, 8], [3, 4, 2], [3, 4, 2]]	4	[[[2], [4], [3], [5]], [[2], [4], [5], [3]], [[0, 2], [4], [3], [5]], [[0, 2], [4], [5], [3]]]	k2:FF=NA;k2:FF=NA;k2:FF=NA;k2:FF=NA
k4_certs_4_n4_2.json.gz	24	6	6	[[0, 2, 3, 5], [1, 2, 4, 5], [3, 4, 5], [3, 4, 5]]	1,147,3,3	[[1, 4, 8, 6], [6, 2, 7, 10], [3, 4, 2], [3, 4, 2]]	4	[[[2], [4], [3], [5]], [[2], [4], [5], [3]], [[0, 2], [4], [3], [5]], [[0, 2], [4], [5], [3]]]	k2:FF=NA;k2:FF=NA;k2:FF=NA;k2:FF=NA
k4_certs_4_n4_2.json.gz	24	6	6	[[0, 2, 3, 5], [1, 2, 4, 5], [3, 4, 5], [3, 4, 5]]	1,155,3,3	[[1, 4, 8, 6], [6, 3, 8, 10], [3, 4, 2], [3, 4, 2]]	4	[[[2], [4], [3], [5]], [[2], [4], [5], [3]], [[0, 2], [4], [3], [5]], [[0, 2], [4], [5], [3]]]	k2:FF=NA;k2:FF=NA;k2:FF=NA;k2:FF=NA
k4_certs_4_n4_2.json.gz	24	6	6	[[0, 2, 3, 5], [1, 2, 4, 5], [3, 4, 5], [3, 4, 5]]	6,1,5,5	[[2, 3, 4, 8], [1, 4, 8, 6], [4, 3, 2], [4, 3, 2]]	4	[[[3], [2], [4], [5]], [[3], [2], [5], [4]], [[3], [1, 2], [4], [5]], [[3], [1, 2], [5], [4]]]	k2:FF=NA;k2:FF=NA;k2:FF=NA;k2:FF=NA
k4_certs_4_n4_2.json.gz	24	6	6	[[0, 2, 3, 5], [1, 2, 4, 5], [3, 4, 5], [3, 4, 5]]	6,9,5,5	[[2, 3, 4, 8], [2, 3, 10, 6], [4, 3, 2], [4, 3, 2]]	4	[[[3], [2], [4], [5]], [[3], [2], [5], [4]], [[3], [1, 2], [4], [5]], [[3], [1, 2], [5], [4]]]	k2:FF=NA;k2:FF=NA;k2:FF=NA;k2:FF=NA
k4_certs_4_n4_2.json.gz	24	6	6	[[0, 2, 3, 5], [1, 2, 4, 5], [3, 4, 5], [3, 4, 5]]	6,16,5,5	[[2, 3, 4, 8], [2, 4, 8, 7], [4, 3, 2], [4, 3, 2]]	4	[[[3], [2], [4], [5]], [[3], [2], [5], [4]], [[3], [1, 2], [4], [5]], [[3], [1, 2], [5], [4]]]	k2:FF=NA;k2:FF=NA;k2:FF=NA;k2:FF=NA
k4_certs_4_n4_2.json.gz	24	6	6	[[0, 2, 3, 5], [1, 2, 4, 5], [3, 4, 5], [3, 4, 5]]	6,17,5,5	[[2, 3, 4, 8], [2, 4, 10, 7], [4, 3, 2], [4, 3, 2]]	4	[[[3], [2], [4], [5]], [[3], [2], [5], [4]], [[3], [1, 2], [4], [5]], [[3], [1, 2], [5], [4]]]	k2:FF=NA;k2:FF=NA;k2:FF=NA;k2:FF=NA
k4_certs_4_n4_2.json.gz	24	6	6	[[0, 2, 3, 5], [1, 2, 4, 5], [3, 4, 5], [3, 4, 5]]	6,45,5,5	[[2, 3, 4, 8], [3, 2, 10, 6], [4, 3, 2], [4, 3, 2]]	4	[[[3], [1], [4], [5]], [[3], [1], [5], [4]], [[3], [1, 2], [4], [5]], [[3], [1, 2], [5], [4]]]	k2:FF=NA;k2:FF=NA;k2:FF=NA;k2:FF=NA
k4_certs_4_n4_2.json.gz	24	6	6	[[0, 2, 3, 5], [1, 2, 4, 5], [3, 4, 5], [3, 4, 5]]	6,51,5,5	[[2, 3, 4, 8], [3, 4, 10, 8], [4, 3, 2], [4, 3, 2]]	4	[[[3], [2], [4], [5]], [[3], [2], [5], [4]], [[3], [1, 2], [4], [5]], [[3], [1, 2], [5], [4]]]	k2:FF=NA;k2:FF=NA;k2:FF=NA;k2:FF=NA
k4_certs_4_n4_2.json.gz	24	6	6	[[0, 2, 3, 5], [1, 2, 4, 5], [3, 4, 5], [3, 4, 5]]	6,79,5,5	[[2, 3, 4, 8], [4, 1, 8, 6], [4, 3, 2], [4, 3, 2]]	4	[[[3], [1], [4], [5]], [[3], [1], [5], [4]], [[3], [1, 2], [4], [5]], [[3], [1, 2], [5], [4]]]	k2:FF=NA;k2:FF=NA;k2:FF=NA;k2:FF=NA
k4_certs_4_n4_2.json.gz	24	6	6	[[0, 2, 3, 5], [1, 2, 4, 5], [3, 4, 5], [3, 4, 5]]	6,86,5,5	[[2, 3, 4, 8], [4, 2, 8, 7], [4, 3, 2], [4, 3, 2]]	4	[[[3], [1], [4], [5]], [[3], [1], [5], [4]], [[3], [1, 2], [4], [5]], [[3], [1, 2], [5], [4]]]	k2:FF=NA;k2:FF=NA;k2:FF=NA;k2:FF=NA
k4_certs_4_n4_2.json.gz	24	6	6	[[0, 2, 3, 5], [1, 2, 4, 5], [3, 4, 5], [3, 4, 5]]	6,87,5,5	[[2, 3, 4, 8], [4, 2, 10, 7], [4, 3, 2], [4, 3, 2]]	4	[[[3], [1], [4], [5]], [[3], [1], [5], [4]], [[3], [1, 2], [4], [5]], [[3], [1, 2], [5], [4]]]	k2:FF=NA;k2:FF=NA;k2:FF=NA;k2:FF=NA
k4_certs_4_n4_2.json.gz	24	6	6	[[0, 2, 3, 5], [1, 2, 4, 5], [3, 4, 5], [3, 4, 5]]	6,93,5,5	[[2, 3, 4, 8], [4, 3, 10, 8], [4, 3, 2], [4, 3, 2]]	4	[[[3], [1], [4], [5]], [[3], [1], [5], [4]], [[3], [1, 2], [4], [5]], [[3], [1, 2], [5], [4]]]	k2:FF=NA;k2:FF=NA;k2:FF=NA;k2:FF=NA
k4_certs_4_n4_2.json.gz	24	6	6	[[0, 2, 3, 5], [1, 2, 4, 5], [3, 4, 5], [3, 4, 5]]	9,6,3,3	[[2, 3, 10, 6], [2, 3, 4, 8], [3, 4, 2], [3, 4, 2]]	4	[[[2], [4], [3], [5]], [[2], [4], [5], [3]], [[0, 2], [4], [3], [5]], [[0, 2], [4], [5], [3]]]	k2:FF=NA;k2:FF=NA;k2:FF=NA;k2:FF=NA
k4_certs_4_n4_2.json.gz	24	6	6	[[0, 2, 3, 5], [1, 2, 4, 5], [3, 4, 5], [3, 4, 5]]	9,11,3,3	[[2, 3, 10, 6], [2, 4, 5, 8], [3, 4, 2], [3, 4, 2]]	4	[[[2], [4], [3], [5]], [[2], [4], [5], [3]], [[0, 2], [4], [3], [5]], [[0, 2], [4], [5], [3]]]	k2:FF=NA;k2:FF=NA;k2:FF=NA;k2:FF=NA
k4_certs_4_n4_2.json.gz	24	6	6	[[0, 2, 3, 5], [1, 2, 4, 5], [3, 4, 5], [3, 4, 5]]	9,21,3,3	[[2, 3, 10, 6], [2, 6, 7, 10], [3, 4, 2], [3, 4, 2]]	4	[[[2], [4], [3], [5]], [[2], [4], [5], [3]], [[0, 2], [4], [3], [5]], [[0, 2], [4], [5], [3]]]	k2:FF=NA;k2:FF=NA;k2:FF=NA;k2:FF=NA
k4_certs_4_n4_2.json.gz	24	6	6	[[0, 2, 3, 5], [1, 2, 4, 5], [3, 4, 5], [3, 4, 5]]	9,42,3,3	[[2, 3, 10, 6], [3, 2, 4, 8], [3, 4, 2], [3, 4, 2]]	4	[[[2], [4], [3], [5]], [[2], [4], [5], [3]], [[0, 2], [4], [3], [5]], [[0, 2], [4], [5], [3]]]	k2:FF=NA;k2:FF=NA;k2:FF=NA;k2:FF=NA
k4_certs_4_n4_2.json.gz	24	6	6	[[0, 2, 3, 5], [1, 2, 4, 5], [3, 4, 5], [3, 4, 5]]	9,47,3,3	[[2, 3, 10, 6], [3, 4, 6, 8], [3, 4, 2], [3, 4, 2]]	4	[[[2], [4], [3], [5]], [[2], [4], [5], [3]], [[0, 2], [4], [3], [5]], [[0, 2], [4], [5], [3]]]	k2:FF=NA;k2:FF=NA;k2:FF=NA;k2:FF=NA
k4_certs_4_n4_2.json.gz	24	6	6	[[0, 2, 3, 5], [1, 2, 4, 5], [3, 4, 5], [3, 4, 5]]	9,59,3,3	[[2, 3, 10, 6], [3, 6, 8, 10], [3, 4, 2], [3, 4, 2]]	4	[[[2], [4], [3], [5]], [[2], [4], [5], [3]], [[0, 2], [4], [3], [5]], [[0, 2], [4], [5], [3]]]	k2:FF=NA;k2:FF=NA;k2:FF=NA;k2:FF=NA
k4_certs_4_n4_2.json.gz	24	6	6	[[0, 2, 3, 5], [1, 2, 4, 5], [3, 4, 5], [3, 4, 5]]	9,81,3,3	[[2, 3, 10, 6], [4, 2, 5, 8], [3, 4, 2], [3, 4, 2]]	4	[[[2], [4], [3], [5]], [[2], [4], [5], [3]], [[0, 2], [4], [3], [5]], [[0, 2], [4], [5], [3]]]	k2:FF=NA;k2:FF=NA;k2:FF=NA;k2:FF=NA
k4_certs_4_n4_2.json.gz	24	6	6	[[0, 2, 3, 5], [1, 2, 4, 5], [3, 4, 5], [3, 4, 5]]	9,89,3,3	[[2, 3, 10, 6], [4, 3, 6, 8], [3, 4, 2], [3, 4, 2]]	4	[[[2], [4], [3], [5]], [[2], [4], [5], [3]], [[0, 2], [4], [3], [5]], [[0, 2], [4], [5], [3]]]	k2:FF=NA;k2:FF=NA;k2:FF=NA;k2:FF=NA
k4_certs_4_n4_2.json.gz	24	6	6	[[0, 2, 3, 5], [1, 2, 4, 5], [3, 4, 5], [3, 4, 5]]	9,147,3,3	[[2, 3, 10, 6], [6, 2, 7, 10], [3, 4, 2], [3, 4, 2]]	4	[[[2], [4], [3], [5]], [[2], [4], [5], [3]], [[0, 2], [4], [3], [5]], [[0, 2], [4], [5], [3]]]	k2:FF=NA;k2:FF=NA;k2:FF=NA;k2:FF=NA
k4_certs_4_n4_2.json.gz	24	6	6	[[0, 2, 3, 5], [1, 2, 4, 5], [3, 4, 5], [3, 4, 5]]	9,155,3,3	[[2, 3, 10, 6], [6, 3, 8, 10], [3, 4, 2], [3, 4, 2]]	4	[[[2], [4], [3], [5]], [[2], [4], [5], [3]], [[0, 2], [4], [3], [5]], [[0, 2], [4], [5], [3]]]	k2:FF=NA;k2:FF=NA;k2:FF=NA;k2:FF=NA
k4_certs_4_n4_2.json.gz	24	6	6	[[0, 2, 3, 5], [1, 2, 4, 5], [3, 4, 5], [3, 4, 5]]	11,1,5,5	[[2, 4, 5, 8], [1, 4, 8, 6], [4, 3, 2], [4, 3, 2]]	4	[[[3], [2], [4], [5]], [[3], [2], [5], [4]], [[3], [1, 2], [4], [5]], [[3], [1, 2], [5], [4]]]	k2:FF=NA;k2:FF=NA;k2:FF=NA;k2:FF=NA
k4_certs_4_n4_2.json.gz	24	6	6	[[0, 2, 3, 5], [1, 2, 4, 5], [3, 4, 5], [3, 4, 5]]	11,9,5,5	[[2, 4, 5, 8], [2, 3, 10, 6], [4, 3, 2], [4, 3, 2]]	4	[[[3], [2], [4], [5]], [[3], [2], [5], [4]], [[3], [1, 2], [4], [5]], [[3], [1, 2], [5], [4]]]	k2:FF=NA;k2:FF=NA;k2:FF=NA;k2:FF=NA
k4_certs_4_n4_2.json.gz	24	6	6	[[0, 2, 3, 5], [1, 2, 4, 5], [3, 4, 5], [3, 4, 5]]	11,16,5,5	[[2, 4, 5, 8], [2, 4, 8, 7], [4, 3, 2], [4, 3, 2]]	4	[[[3], [2], [4], [5]], [[3], [2], [5], [4]], [[3], [1, 2], [4], [5]], [[3], [1, 2], [5], [4]]]	k2:FF=NA;k2:FF=NA;k2:FF=NA;k2:FF=NA
k4_certs_4_n4_2.json.gz	24	6	6	[[0, 2, 3, 5], [1, 2, 4, 5], [3, 4, 5], [3, 4, 5]]	11,17,5,5	[[2, 4, 5, 8], [2, 4, 10, 7], [4, 3, 2], [4, 3, 2]]	4	[[[3], [2], [4], [5]], [[3], [2], [5], [4]], [[3], [1, 2], [4], [5]], [[3], [1, 2], [5], [4]]]	k2:FF=NA;k2:FF=NA;k2:FF=NA;k2:FF=NA
k4_certs_4_n4_2.json.gz	24	6	6	[[0, 2, 3, 5], [1, 2, 4, 5], [3, 4, 5], [3, 4, 5]]	11,45,5,5	[[2, 4, 5, 8], [3, 2, 10, 6], [4, 3, 2], [4, 3, 2]]	4	[[[3], [1], [4], [5]], [[3], [1], [5], [4]], [[3], [1, 2], [4], [5]], [[3], [1, 2], [5], [4]]]	k2:FF=NA;k2:FF=NA;k2:FF=NA;k2:FF=NA
k4_certs_4_n4_2.json.gz	24	6	6	[[0, 2, 3, 5], [1, 2, 4, 5], [3, 4, 5], [3, 4, 5]]	11,51,5,5	[[2, 4, 5, 8], [3, 4, 10, 8], [4, 3, 2], [4, 3, 2]]	4	[[[3], [2], [4], [5]], [[3], [2], [5], [4]], [[3], [1, 2], [4], [5]], [[3], [1, 2], [5], [4]]]	k2:FF=NA;k2:FF=NA;k2:FF=NA;k2:FF=NA
k4_certs_4_n4_2.json.gz	24	6	6	[[0, 2, 3, 5], [1, 2, 4, 5], [3, 4, 5], [3, 4, 5]]	11,79,5,5	[[2, 4, 5, 8], [4, 1, 8, 6], [4, 3, 2], [4, 3, 2]]	4	[[[3], [1], [4], [5]], [[3], [1], [5], [4]], [[3], [1, 2], [4], [5]], [[3], [1, 2], [5], [4]]]	k2:FF=NA;k2:FF=NA;k2:FF=NA;k2:FF=NA
k4_certs_4_n4_2.json.gz	24	6	6	[[0, 2, 3, 5], [1, 2, 4, 5], [3, 4, 5], [3, 4, 5]]	11,86,5,5	[[2, 4, 5, 8], [4, 2, 8, 7], [4, 3, 2], [4, 3, 2]]	4	[[[3], [1], [4], [5]], [[3], [1], [5], [4]], [[3], [1, 2], [4], [5]], [[3], [1, 2], [5], [4]]]	k2:FF=NA;k2:FF=NA;k2:FF=NA;k2:FF=NA
k4_certs_4_n4_2.json.gz	24	6	6	[[0, 2, 3, 5], [1, 2, 4, 5], [3, 4, 5], [3, 4, 5]]	11,87,5,5	[[2, 4, 5, 8], [4, 2, 10, 7], [4, 3, 2], [4, 3, 2]]	4	[[[3], [1], [4], [5]], [[3], [1], [5], [4]], [[3], [1, 2], [4], [5]], [[3], [1, 2], [5], [4]]]	k2:FF=NA;k2:FF=NA;k2:FF=NA;k2:FF=NA
k4_certs_4_n4_2.json.gz	24	6	6	[[0, 2, 3, 5], [1, 2, 4, 5], [3, 4, 5], [3, 4, 5]]	11,93,5,5	[[2, 4, 5, 8], [4, 3, 10, 8], [4, 3, 2], [4, 3, 2]]	4	[[[3], [1], [4], [5]], [[3], [1], [5], [4]], [[3], [1, 2], [4], [5]], [[3], [1, 2], [5], [4]]]	k2:FF=NA;k2:FF=NA;k2:FF=NA;k2:FF=NA
k4_certs_4_n4_2.json.gz	24	6	6	[[0, 2, 3, 5], [1, 2, 4, 5], [3, 4, 5], [3, 4, 5]]	16,6,3,3	[[2, 4, 8, 7], [2, 3, 4, 8], [3, 4, 2], [3, 4, 2]]	4	[[[2], [4], [3], [5]], [[2], [4], [5], [3]], [[0, 2], [4], [3], [5]], [[0, 2], [4], [5], [3]]]	k2:FF=NA;k2:FF=NA;k2:FF=NA;k2:FF=NA
k4_certs_4_n4_2.json.gz	24	6	6	[[0, 2, 3, 5], [1, 2, 4, 5], [3, 4, 5], [3, 4, 5]]	16,11,3,3	[[2, 4, 8, 7], [2, 4, 5, 8], [3, 4, 2], [3, 4, 2]]	4	[[[2], [4], [3], [5]], [[2], [4], [5], [3]], [[0, 2], [4], [3], [5]], [[0, 2], [4], [5], [3]]]	k2:FF=NA;k2:FF=NA;k2:FF=NA;k2:FF=NA
k4_certs_4_n4_2.json.gz	24	6	6	[[0, 2, 3, 5], [1, 2, 4, 5], [3, 4, 5], [3, 4, 5]]	16,21,3,3	[[2, 4, 8, 7], [2, 6, 7, 10], [3, 4, 2], [3, 4, 2]]	4	[[[2], [4], [3], [5]], [[2], [4], [5], [3]], [[0, 2], [4], [3], [5]], [[0, 2], [4], [5], [3]]]	k2:FF=NA;k2:FF=NA;k2:FF=NA;k2:FF=NA
k4_certs_4_n4_2.json.gz	24	6	6	[[0, 2, 3, 5], [1, 2, 4, 5], [3, 4, 5], [3, 4, 5]]	16,42,3,3	[[2, 4, 8, 7], [3, 2, 4, 8], [3, 4, 2], [3, 4, 2]]	4	[[[2], [4], [3], [5]], [[2], [4], [5], [3]], [[0, 2], [4], [3], [5]], [[0, 2], [4], [5], [3]]]	k2:FF=NA;k2:FF=NA;k2:FF=NA;k2:FF=NA
k4_certs_4_n4_2.json.gz	24	6	6	[[0, 2, 3, 5], [1, 2, 4, 5], [3, 4, 5], [3, 4, 5]]	16,47,3,3	[[2, 4, 8, 7], [3, 4, 6, 8], [3, 4, 2], [3, 4, 2]]	4	[[[2], [4], [3], [5]], [[2], [4], [5], [3]], [[0, 2], [4], [3], [5]], [[0, 2], [4], [5], [3]]]	k2:FF=NA;k2:FF=NA;k2:FF=NA;k2:FF=NA
k4_certs_4_n4_2.json.gz	24	6	6	[[0, 2, 3, 5], [1, 2, 4, 5], [3, 4, 5], [3, 4, 5]]	16,59,3,3	[[2, 4, 8, 7], [3, 6, 8, 10], [3, 4, 2], [3, 4, 2]]	4	[[[2], [4], [3], [5]], [[2], [4], [5], [3]], [[0, 2], [4], [3], [5]], [[0, 2], [4], [5], [3]]]	k2:FF=NA;k2:FF=NA;k2:FF=NA;k2:FF=NA
k4_certs_4_n4_2.json.gz	24	6	6	[[0, 2, 3, 5], [1, 2, 4, 5], [3, 4, 5], [3, 4, 5]]	16,81,3,3	[[2, 4, 8, 7], [4, 2, 5, 8], [3, 4, 2], [3, 4, 2]]	4	[[[2], [4], [3], [5]], [[2], [4], [5], [3]], [[0, 2], [4], [3], [5]], [[0, 2], [4], [5], [3]]]	k2:FF=NA;k2:FF=NA;k2:FF=NA;k2:FF=NA
k4_certs_4_n4_2.json.gz	24	6	6	[[0, 2, 3, 5], [1, 2, 4, 5], [3, 4, 5], [3, 4, 5]]	16,89,3,3	[[2, 4, 8, 7], [4, 3, 6, 8], [3, 4, 2], [3, 4, 2]]	4	[[[2], [4], [3], [5]], [[2], [4], [5], [3]], [[0, 2], [4], [3], [5]], [[0, 2], [4], [5], [3]]]	k2:FF=NA;k2:FF=NA;k2:FF=NA;k2:FF=NA
k4_certs_4_n4_2.json.gz	24	6	6	[[0, 2, 3, 5], [1, 2, 4, 5], [3, 4, 5], [3, 4, 5]]	16,147,3,3	[[2, 4, 8, 7], [6, 2, 7, 10], [3, 4, 2], [3, 4, 2]]	4	[[[2], [4], [3], [5]], [[2], [4], [5], [3]], [[0, 2], [4], [3], [5]], [[0, 2], [4], [5], [3]]]	k2:FF=NA;k2:FF=NA;k2:FF=NA;k2:FF=NA
k4_certs_4_n4_2.json.gz	24	6	6	[[0, 2, 3, 5], [1, 2, 4, 5], [3, 4, 5], [3, 4, 5]]	16,155,3,3	[[2, 4, 8, 7], [6, 3, 8, 10], [3, 4, 2], [3, 4, 2]]	4	[[[2], [4], [3], [5]], [[2], [4], [5], [3]], [[0, 2], [4], [3], [5]], [[0, 2], [4], [5], [3]]]	k2:FF=NA;k2:FF=NA;k2:FF=NA;k2:FF=NA
k4_certs_4_n4_2.json.gz	24	6	6	[[0, 2, 3, 5], [1, 2, 4, 5], [3, 4, 5], [3, 4, 5]]	17,6,3,3	[[2, 4, 10, 7], [2, 3, 4, 8], [3, 4, 2], [3, 4, 2]]	4	[[[2], [4], [3], [5]], [[2], [4], [5], [3]], [[0, 2], [4], [3], [5]], [[0, 2], [4], [5], [3]]]	k2:FF=NA;k2:FF=NA;k2:FF=NA;k2:FF=NA
k4_certs_4_n4_2.json.gz	24	6	6	[[0, 2, 3, 5], [1, 2, 4, 5], [3, 4, 5], [3, 4, 5]]	17,11,3,3	[[2, 4, 10, 7], [2, 4, 5, 8], [3, 4, 2], [3, 4, 2]]	4	[[[2], [4], [3], [5]], [[2], [4], [5], [3]], [[0, 2], [4], [3], [5]], [[0, 2], [4], [5], [3]]]	k2:FF=NA;k2:FF=NA;k2:FF=NA;k2:FF=NA
k4_certs_4_n4_2.json.gz	24	6	6	[[0, 2, 3, 5], [1, 2, 4, 5], [3, 4, 5], [3, 4, 5]]	17,21,3,3	[[2, 4, 10, 7], [2, 6, 7, 10], [3, 4, 2], [3, 4, 2]]	4	[[[2], [4], [3], [5]], [[2], [4], [5], [3]], [[0, 2], [4], [3], [5]], [[0, 2], [4], [5], [3]]]	k2:FF=NA;k2:FF=NA;k2:FF=NA;k2:FF=NA
k4_certs_4_n4_2.json.gz	24	6	6	[[0, 2, 3, 5], [1, 2, 4, 5], [3, 4, 5], [3, 4, 5]]	17,42,3,3	[[2, 4, 10, 7], [3, 2, 4, 8], [3, 4, 2], [3, 4, 2]]	4	[[[2], [4], [3], [5]], [[2], [4], [5], [3]], [[0, 2], [4], [3], [5]], [[0, 2], [4], [5], [3]]]	k2:FF=NA;k2:FF=NA;k2:FF=NA;k2:FF=NA
k4_certs_4_n4_2.json.gz	24	6	6	[[0, 2, 3, 5], [1, 2, 4, 5], [3, 4, 5], [3, 4, 5]]	17,47,3,3	[[2, 4, 10, 7], [3, 4, 6, 8], [3, 4, 2], [3, 4, 2]]	4	[[[2], [4], [3], [5]], [[2], [4], [5], [3]], [[0, 2], [4], [3], [5]], [[0, 2], [4], [5], [3]]]	k2:FF=NA;k2:FF=NA;k2:FF=NA;k2:FF=NA
k4_certs_4_n4_2.json.gz	24	6	6	[[0, 2, 3, 5], [1, 2, 4, 5], [3, 4, 5], [3, 4, 5]]	17,59,3,3	[[2, 4, 10, 7], [3, 6, 8, 10], [3, 4, 2], [3, 4, 2]]	4	[[[2], [4], [3], [5]], [[2], [4], [5], [3]], [[0, 2], [4], [3], [5]], [[0, 2], [4], [5], [3]]]	k2:FF=NA;k2:FF=NA;k2:FF=NA;k2:FF=NA
k4_certs_4_n4_2.json.gz	24	6	6	[[0, 2, 3, 5], [1, 2, 4, 5], [3, 4, 5], [3, 4, 5]]	17,81,3,3	[[2, 4, 10, 7], [4, 2, 5, 8], [3, 4, 2], [3, 4, 2]]	4	[[[2], [4], [3], [5]], [[2], [4], [5], [3]], [[0, 2], [4], [3], [5]], [[0, 2], [4], [5], [3]]]	k2:FF=NA;k2:FF=NA;k2:FF=NA;k2:FF=NA
k4_certs_4_n4_2.json.gz	24	6	6	[[0, 2, 3, 5], [1, 2, 4, 5], [3, 4, 5], [3, 4, 5]]	17,89,3,3	[[2, 4, 10, 7], [4, 3, 6, 8], [3, 4, 2], [3, 4, 2]]	4	[[[2], [4], [3], [5]], [[2], [4], [5], [3]], [[0, 2], [4], [3], [5]], [[0, 2], [4], [5], [3]]]	k2:FF=NA;k2:FF=NA;k2:FF=NA;k2:FF=NA
k4_certs_4_n4_2.json.gz	24	6	6	[[0, 2, 3, 5], [1, 2, 4, 5], [3, 4, 5], [3, 4, 5]]	17,147,3,3	[[2, 4, 10, 7], [6, 2, 7, 10], [3, 4, 2], [3, 4, 2]]	4	[[[2], [4], [3], [5]], [[2], [4], [5], [3]], [[0, 2], [4], [3], [5]], [[0, 2], [4], [5], [3]]]	k2:FF=NA;k2:FF=NA;k2:FF=NA;k2:FF=NA
k4_certs_4_n4_2.json.gz	24	6	6	[[0, 2, 3, 5], [1, 2, 4, 5], [3, 4, 5], [3, 4, 5]]	17,155,3,3	[[2, 4, 10, 7], [6, 3, 8, 10], [3, 4, 2], [3, 4, 2]]	4	[[[2], [4], [3], [5]], [[2], [4], [5], [3]], [[0, 2], [4], [3], [5]], [[0, 2], [4], [5], [3]]]	k2:FF=NA;k2:FF=NA;k2:FF=NA;k2:FF=NA
k4_certs_4_n4_2.json.gz	24	6	6	[[0, 2, 3, 5], [1, 2, 4, 5], [3, 4, 5], [3, 4, 5]]	21,1,5,5	[[2, 6, 7, 10], [1, 4, 8, 6], [4, 3, 2], [4, 3, 2]]	4	[[[3], [2], [4], [5]], [[3], [2], [5], [4]], [[3], [1, 2], [4], [5]], [[3], [1, 2], [5], [4]]]	k2:FF=NA;k2:FF=NA;k2:FF=NA;k2:FF=NA
k4_certs_4_n4_2.json.gz	24	6	6	[[0, 2, 3, 5], [1, 2, 4, 5], [3, 4, 5], [3, 4, 5]]	21,9,5,5	[[2, 6, 7, 10], [2, 3, 10, 6], [4, 3, 2], [4, 3, 2]]	4	[[[3], [2], [4], [5]], [[3], [2], [5], [4]], [[3], [1, 2], [4], [5]], [[3], [1, 2], [5], [4]]]	k2:FF=NA;k2:FF=NA;k2:FF=NA;k2:FF=NA
k4_certs_4_n4_2.json.gz	24	6	6	[[0, 2, 3, 5], [1, 2, 4, 5], [3, 4, 5], [3, 4, 5]]	21,16,5,5	[[2, 6, 7, 10], [2, 4, 8, 7], [4, 3, 2], [4, 3, 2]]	4	[[[3], [2], [4], [5]], [[3], [2], [5], [4]], [[3], [1, 2], [4], [5]], [[3], [1, 2], [5], [4]]]	k2:FF=NA;k2:FF=NA;k2:FF=NA;k2:FF=NA
k4_certs_4_n4_2.json.gz	24	6	6	[[0, 2, 3, 5], [1, 2, 4, 5], [3, 4, 5], [3, 4, 5]]	21,17,5,5	[[2, 6, 7, 10], [2, 4, 10, 7], [4, 3, 2], [4, 3, 2]]	4	[[[3], [2], [4], [5]], [[3], [2], [5], [4]], [[3], [1, 2], [4], [5]], [[3], [1, 2], [5], [4]]]	k2:FF=NA;k2:FF=NA;k2:FF=NA;k2:FF=NA
k4_certs_4_n4_2.json.gz	24	6	6	[[0, 2, 3, 5], [1, 2, 4, 5], [3, 4, 5], [3, 4, 5]]	21,45,5,5	[[2, 6, 7, 10], [3, 2, 10, 6], [4, 3, 2], [4, 3, 2]]	4	[[[3], [1], [4], [5]], [[3], [1], [5], [4]], [[3], [1, 2], [4], [5]], [[3], [1, 2], [5], [4]]]	k2:FF=NA;k2:FF=NA;k2:FF=NA;k2:FF=NA
k4_certs_4_n4_2.json.gz	24	6	6	[[0, 2, 3, 5], [1, 2, 4, 5], [3, 4, 5], [3, 4, 5]]	21,51,5,5	[[2, 6, 7, 10], [3, 4, 10, 8], [4, 3, 2], [4, 3, 2]]	4	[[[3], [2], [4], [5]], [[3], [2], [5], [4]], [[3], [1, 2], [4], [5]], [[3], [1, 2], [5], [4]]]	k2:FF=NA;k2:FF=NA;k2:FF=NA;k2:FF=NA
k4_certs_4_n4_2.json.gz	24	6	6	[[0, 2, 3, 5], [1, 2, 4, 5], [3, 4, 5], [3, 4, 5]]	21,79,5,5	[[2, 6, 7, 10], [4, 1, 8, 6], [4, 3, 2], [4, 3, 2]]	4	[[[3], [1], [4], [5]], [[3], [1], [5], [4]], [[3], [1, 2], [4], [5]], [[3], [1, 2], [5], [4]]]	k2:FF=NA;k2:FF=NA;k2:FF=NA;k2:FF=NA
k4_certs_4_n4_2.json.gz	24	6	6	[[0, 2, 3, 5], [1, 2, 4, 5], [3, 4, 5], [3, 4, 5]]	21,86,5,5	[[2, 6, 7, 10], [4, 2, 8, 7], [4, 3, 2], [4, 3, 2]]	4	[[[3], [1], [4], [5]], [[3], [1], [5], [4]], [[3], [1, 2], [4], [5]], [[3], [1, 2], [5], [4]]]	k2:FF=NA;k2:FF=NA;k2:FF=NA;k2:FF=NA
k4_certs_4_n4_2.json.gz	24	6	6	[[0, 2, 3, 5], [1, 2, 4, 5], [3, 4, 5], [3, 4, 5]]	21,87,5,5	[[2, 6, 7, 10], [4, 2, 10, 7], [4, 3, 2], [4, 3, 2]]	4	[[[3], [1], [4], [5]], [[3], [1], [5], [4]], [[3], [1, 2], [4], [5]], [[3], [1, 2], [5], [4]]]	k2:FF=NA;k2:FF=NA;k2:FF=NA;k2:FF=NA
k4_certs_4_n4_2.json.gz	24	6	6	[[0, 2, 3, 5], [1, 2, 4, 5], [3, 4, 5], [3, 4, 5]]	21,93,5,5	[[2, 6, 7, 10], [4, 3, 10, 8], [4, 3, 2], [4, 3, 2]]	4	[[[3], [1], [4], [5]], [[3], [1], [5], [4]], [[3], [1, 2], [4], [5]], [[3], [1, 2], [5], [4]]]	k2:FF=NA;k2:FF=NA;k2:FF=NA;k2:FF=NA
k4_certs_4_n4_2.json.gz	24	6	6	[[0, 2, 3, 5], [1, 2, 4, 5], [3, 4, 5], [3, 4, 5]]	42,1,5,5	[[3, 2, 4, 8], [1, 4, 8, 6], [4, 3, 2], [4, 3, 2]]	4	[[[3], [2], [4], [5]], [[3], [2], [5], [4]], [[3], [1, 2], [4], [5]], [[3], [1, 2], [5], [4]]]	k2:FF=NA;k2:FF=NA;k2:FF=NA;k2:FF=NA
k4_certs_4_n4_2.json.gz	24	6	6	[[0, 2, 3, 5], [1, 2, 4, 5], [3, 4, 5], [3, 4, 5]]	42,9,5,5	[[3, 2, 4, 8], [2, 3, 10, 6], [4, 3, 2], [4, 3, 2]]	4	[[[3], [2], [4], [5]], [[3], [2], [5], [4]], [[3], [1, 2], [4], [5]], [[3], [1, 2], [5], [4]]]	k2:FF=NA;k2:FF=NA;k2:FF=NA;k2:FF=NA
k4_certs_4_n4_2.json.gz	24	6	6	[[0, 2, 3, 5], [1, 2, 4, 5], [3, 4, 5], [3, 4, 5]]	42,16,5,5	[[3, 2, 4, 8], [2, 4, 8, 7], [4, 3, 2], [4, 3, 2]]	4	[[[3], [2], [4], [5]], [[3], [2], [5], [4]], [[3], [1, 2], [4], [5]], [[3], [1, 2], [5], [4]]]	k2:FF=NA;k2:FF=NA;k2:FF=NA;k2:FF=NA
k4_certs_4_n4_2.json.gz	24	6	6	[[0, 2, 3, 5], [1, 2, 4, 5], [3, 4, 5], [3, 4, 5]]	42,17,5,5	[[3, 2, 4, 8], [2, 4, 10, 7], [4, 3, 2], [4, 3, 2]]	4	[[[3], [2], [4], [5]], [[3], [2], [5], [4]], [[3], [1, 2], [4], [5]], [[3], [1, 2], [5], [4]]]	k2:FF=NA;k2:FF=NA;k2:FF=NA;k2:FF=NA
k4_certs_4_n4_2.json.gz	24	6	6	[[0, 2, 3, 5], [1, 2, 4, 5], [3, 4, 5], [3, 4, 5]]	42,45,5,5	[[3, 2, 4, 8], [3, 2, 10, 6], [4, 3, 2], [4, 3, 2]]	4	[[[3], [1], [4], [5]], [[3], [1], [5], [4]], [[3], [1, 2], [4], [5]], [[3], [1, 2], [5], [4]]]	k2:FF=NA;k2:FF=NA;k2:FF=NA;k2:FF=NA
k4_certs_4_n4_2.json.gz	24	6	6	[[0, 2, 3, 5], [1, 2, 4, 5], [3, 4, 5], [3, 4, 5]]	42,51,5,5	[[3, 2, 4, 8], [3, 4, 10, 8], [4, 3, 2], [4, 3, 2]]	4	[[[3], [2], [4], [5]], [[3], [2], [5], [4]], [[3], [1, 2], [4], [5]], [[3], [1, 2], [5], [4]]]	k2:FF=NA;k2:FF=NA;k2:FF=NA;k2:FF=NA
k4_certs_4_n4_2.json.gz	24	6	6	[[0, 2, 3, 5], [1, 2, 4, 5], [3, 4, 5], [3, 4, 5]]	42,79,5,5	[[3, 2, 4, 8], [4, 1, 8, 6], [4, 3, 2], [4, 3, 2]]	4	[[[3], [1], [4], [5]], [[3], [1], [5], [4]], [[3], [1, 2], [4], [5]], [[3], [1, 2], [5], [4]]]	k2:FF=NA;k2:FF=NA;k2:FF=NA;k2:FF=NA
k4_certs_4_n4_2.json.gz	24	6	6	[[0, 2, 3, 5], [1, 2, 4, 5], [3, 4, 5], [3, 4, 5]]	42,86,5,5	[[3, 2, 4, 8], [4, 2, 8, 7], [4, 3, 2], [4, 3, 2]]	4	[[[3], [1], [4], [5]], [[3], [1], [5], [4]], [[3], [1, 2], [4], [5]], [[3], [1, 2], [5], [4]]]	k2:FF=NA;k2:FF=NA;k2:FF=NA;k2:FF=NA
k4_certs_4_n4_2.json.gz	24	6	6	[[0, 2, 3, 5], [1, 2, 4, 5], [3, 4, 5], [3, 4, 5]]	42,87,5,5	[[3, 2, 4, 8], [4, 2, 10, 7], [4, 3, 2], [4, 3, 2]]	4	[[[3], [1], [4], [5]], [[3], [1], [5], [4]], [[3], [1, 2], [4], [5]], [[3], [1, 2], [5], [4]]]	k2:FF=NA;k2:FF=NA;k2:FF=NA;k2:FF=NA
k4_certs_4_n4_2.json.gz	24	6	6	[[0, 2, 3, 5], [1, 2, 4, 5], [3, 4, 5], [3, 4, 5]]	42,93,5,5	[[3, 2, 4, 8], [4, 3, 10, 8], [4, 3, 2], [4, 3, 2]]	4	[[[3], [1], [4], [5]], [[3], [1], [5], [4]], [[3], [1, 2], [4], [5]], [[3], [1, 2], [5], [4]]]	k2:FF=NA;k2:FF=NA;k2:FF=NA;k2:FF=NA
k4_certs_4_n4_2.json.gz	24	6	6	[[0, 2, 3, 5], [1, 2, 4, 5], [3, 4, 5], [3, 4, 5]]	45,6,3,3	[[3, 2, 10, 6], [2, 3, 4, 8], [3, 4, 2], [3, 4, 2]]	4	[[[0], [4], [3], [5]], [[0], [4], [5], [3]], [[0, 2], [4], [3], [5]], [[0, 2], [4], [5], [3]]]	k2:FF=NA;k2:FF=NA;k2:FF=NA;k2:FF=NA
k4_certs_4_n4_2.json.gz	24	6	6	[[0, 2, 3, 5], [1, 2, 4, 5], [3, 4, 5], [3, 4, 5]]	45,11,3,3	[[3, 2, 10, 6], [2, 4, 5, 8], [3, 4, 2], [3, 4, 2]]	4	[[[0], [4], [3], [5]], [[0], [4], [5], [3]], [[0, 2], [4], [3], [5]], [[0, 2], [4], [5], [3]]]	k2:FF=NA;k2:FF=NA;k2:FF=NA;k2:FF=NA
k4_certs_4_n4_2.json.gz	24	6	6	[[0, 2, 3, 5], [1, 2, 4, 5], [3, 4, 5], [3, 4, 5]]	45,21,3,3	[[3, 2, 10, 6], [2, 6, 7, 10], [3, 4, 2], [3, 4, 2]]	4	[[[0], [4], [3], [5]], [[0], [4], [5], [3]], [[0, 2], [4], [3], [5]], [[0, 2], [4], [5], [3]]]	k2:FF=NA;k2:FF=NA;k2:FF=NA;k2:FF=NA
k4_certs_4_n4_2.json.gz	24	6	6	[[0, 2, 3, 5], [1, 2, 4, 5], [3, 4, 5], [3, 4, 5]]	45,42,3,3	[[3, 2, 10, 6], [3, 2, 4, 8], [3, 4, 2], [3, 4, 2]]	4	[[[0], [4], [3], [5]], [[0], [4], [5], [3]], [[0, 2], [4], [3], [5]], [[0, 2], [4], [5], [3]]]	k2:FF=NA;k2:FF=NA;k2:FF=NA;k2:FF=NA
k4_certs_4_n4_2.json.gz	24	6	6	[[0, 2, 3, 5], [1, 2, 4, 5], [3, 4, 5], [3, 4, 5]]	45,47,3,3	[[3, 2, 10, 6], [3, 4, 6, 8], [3, 4, 2], [3, 4, 2]]	4	[[[0], [4], [3], [5]], [[0], [4], [5], [3]], [[0, 2], [4], [3], [5]], [[0, 2], [4], [5], [3]]]	k2:FF=NA;k2:FF=NA;k2:FF=NA;k2:FF=NA
k4_certs_4_n4_2.json.gz	24	6	6	[[0, 2, 3, 5], [1, 2, 4, 5], [3, 4, 5], [3, 4, 5]]	45,59,3,3	[[3, 2, 10, 6], [3, 6, 8, 10], [3, 4, 2], [3, 4, 2]]	4	[[[0], [4], [3], [5]], [[0], [4], [5], [3]], [[0, 2], [4], [3], [5]], [[0, 2], [4], [5], [3]]]	k2:FF=NA;k2:FF=NA;k2:FF=NA;k2:FF=NA
k4_certs_4_n4_2.json.gz	24	6	6	[[0, 2, 3, 5], [1, 2, 4, 5], [3, 4, 5], [3, 4, 5]]	45,81,3,3	[[3, 2, 10, 6], [4, 2, 5, 8], [3, 4, 2], [3, 4, 2]]	4	[[[0], [4], [3], [5]], [[0], [4], [5], [3]], [[0, 2], [4], [3], [5]], [[0, 2], [4], [5], [3]]]	k2:FF=NA;k2:FF=NA;k2:FF=NA;k2:FF=NA
k4_certs_4_n4_2.json.gz	24	6	6	[[0, 2, 3, 5], [1, 2, 4, 5], [3, 4, 5], [3, 4, 5]]	45,89,3,3	[[3, 2, 10, 6], [4, 3, 6, 8], [3, 4, 2], [3, 4, 2]]	4	[[[0], [4], [3], [5]], [[0], [4], [5], [3]], [[0, 2], [4], [3], [5]], [[0, 2], [4], [5], [3]]]	k2:FF=NA;k2:FF=NA;k2:FF=NA;k2:FF=NA
k4_certs_4_n4_2.json.gz	24	6	6	[[0, 2, 3, 5], [1, 2, 4, 5], [3, 4, 5], [3, 4, 5]]	45,147,3,3	[[3, 2, 10, 6], [6, 2, 7, 10], [3, 4, 2], [3, 4, 2]]	4	[[[0], [4], [3], [5]], [[0], [4], [5], [3]], [[0, 2], [4], [3], [5]], [[0, 2], [4], [5], [3]]]	k2:FF=NA;k2:FF=NA;k2:FF=NA;k2:FF=NA
k4_certs_4_n4_2.json.gz	24	6	6	[[0, 2, 3, 5], [1, 2, 4, 5], [3, 4, 5], [3, 4, 5]]	45,155,3,3	[[3, 2, 10, 6], [6, 3, 8, 10], [3, 4, 2], [3, 4, 2]]	4	[[[0], [4], [3], [5]], [[0], [4], [5], [3]], [[0, 2], [4], [3], [5]], [[0, 2], [4], [5], [3]]]	k2:FF=NA;k2:FF=NA;k2:FF=NA;k2:FF=NA
k4_certs_4_n4_2.json.gz	24	6	6	[[0, 2, 3, 5], [1, 2, 4, 5], [3, 4, 5], [3, 4, 5]]	47,1,5,5	[[3, 4, 6, 8], [1, 4, 8, 6], [4, 3, 2], [4, 3, 2]]	4	[[[3], [2], [4], [5]], [[3], [2], [5], [4]], [[3], [1, 2], [4], [5]], [[3], [1, 2], [5], [4]]]	k2:FF=NA;k2:FF=NA;k2:FF=NA;k2:FF=NA
k4_certs_4_n4_2.json.gz	24	6	6	[[0, 2, 3, 5], [1, 2, 4, 5], [3, 4, 5], [3, 4, 5]]	47,9,5,5	[[3, 4, 6, 8], [2, 3, 10, 6], [4, 3, 2], [4, 3, 2]]	4	[[[3], [2], [4], [5]], [[3], [2], [5], [4]], [[3], [1, 2], [4], [5]], [[3], [1, 2], [5], [4]]]	k2:FF=NA;k2:FF=NA;k2:FF=NA;k2:FF=NA
k4_certs_4_n4_2.json.gz	24	6	6	[[0, 2, 3, 5], [1, 2, 4, 5], [3, 4, 5], [3, 4, 5]]	47,16,5,5	[[3, 4, 6, 8], [2, 4, 8, 7], [4, 3, 2], [4, 3, 2]]	4	[[[3], [2], [4], [5]], [[3], [2], [5], [4]], [[3], [1, 2], [4], [5]], [[3], [1, 2], [5], [4]]]	k2:FF=NA;k2:FF=NA;k2:FF=NA;k2:FF=NA
k4_certs_4_n4_2.json.gz	24	6	6	[[0, 2, 3, 5], [1, 2, 4, 5], [3, 4, 5], [3, 4, 5]]	47,17,5,5	[[3, 4, 6, 8], [2, 4, 10, 7], [4, 3, 2], [4, 3, 2]]	4	[[[3], [2], [4], [5]], [[3], [2], [5], [4]], [[3], [1, 2], [4], [5]], [[3], [1, 2], [5], [4]]]	k2:FF=NA;k2:FF=NA;k2:FF=NA;k2:FF=NA
k4_certs_4_n4_2.json.gz	24	6	6	[[0, 2, 3, 5], [1, 2, 4, 5], [3, 4, 5], [3, 4, 5]]	47,45,5,5	[[3, 4, 6, 8], [3, 2, 10, 6], [4, 3, 2], [4, 3, 2]]	4	[[[3], [1], [4], [5]], [[3], [1], [5], [4]], [[3], [1, 2], [4], [5]], [[3], [1, 2], [5], [4]]]	k2:FF=NA;k2:FF=NA;k2:FF=NA;k2:FF=NA
k4_certs_4_n4_2.json.gz	24	6	6	[[0, 2, 3, 5], [1, 2, 4, 5], [3, 4, 5], [3, 4, 5]]	47,51,5,5	[[3, 4, 6, 8], [3, 4, 10, 8], [4, 3, 2], [4, 3, 2]]	4	[[[3], [2], [4], [5]], [[3], [2], [5], [4]], [[3], [1, 2], [4], [5]], [[3], [1, 2], [5], [4]]]	k2:FF=NA;k2:FF=NA;k2:FF=NA;k2:FF=NA
k4_certs_4_n4_2.json.gz	24	6	6	[[0, 2, 3, 5], [1, 2, 4, 5], [3, 4, 5], [3, 4, 5]]	47,79,5,5	[[3, 4, 6, 8], [4, 1, 8, 6], [4, 3, 2], [4, 3, 2]]	4	[[[3], [1], [4], [5]], [[3], [1], [5], [4]], [[3], [1, 2], [4], [5]], [[3], [1, 2], [5], [4]]]	k2:FF=NA;k2:FF=NA;k2:FF=NA;k2:FF=NA
k4_certs_4_n4_2.json.gz	24	6	6	[[0, 2, 3, 5], [1, 2, 4, 5], [3, 4, 5], [3, 4, 5]]	47,86,5,5	[[3, 4, 6, 8], [4, 2, 8, 7], [4, 3, 2], [4, 3, 2]]	4	[[[3], [1], [4], [5]], [[3], [1], [5], [4]], [[3], [1, 2], [4], [5]], [[3], [1, 2], [5], [4]]]	k2:FF=NA;k2:FF=NA;k2:FF=NA;k2:FF=NA
k4_certs_4_n4_2.json.gz	24	6	6	[[0, 2, 3, 5], [1, 2, 4, 5], [3, 4, 5], [3, 4, 5]]	47,87,5,5	[[3, 4, 6, 8], [4, 2, 10, 7], [4, 3, 2], [4, 3, 2]]	4	[[[3], [1], [4], [5]], [[3], [1], [5], [4]], [[3], [1, 2], [4], [5]], [[3], [1, 2], [5], [4]]]	k2:FF=NA;k2:FF=NA;k2:FF=NA;k2:FF=NA
k4_certs_4_n4_2.json.gz	24	6	6	[[0, 2, 3, 5], [1, 2, 4, 5], [3, 4, 5], [3, 4, 5]]	47,93,5,5	[[3, 4, 6, 8], [4, 3, 10, 8], [4, 3, 2], [4, 3, 2]]	4	[[[3], [1], [4], [5]], [[3], [1], [5], [4]], [[3], [1, 2], [4], [5]], [[3], [1, 2], [5], [4]]]	k2:FF=NA;k2:FF=NA;k2:FF=NA;k2:FF=NA
k4_certs_4_n4_2.json.gz	24	6	6	[[0, 2, 3, 5], [1, 2, 4, 5], [3, 4, 5], [3, 4, 5]]	51,6,3,3	[[3, 4, 10, 8], [2, 3, 4, 8], [3, 4, 2], [3, 4, 2]]	4	[[[2], [4], [3], [5]], [[2], [4], [5], [3]], [[0, 2], [4], [3], [5]], [[0, 2], [4], [5], [3]]]	k2:FF=NA;k2:FF=NA;k2:FF=NA;k2:FF=NA
k4_certs_4_n4_2.json.gz	24	6	6	[[0, 2, 3, 5], [1, 2, 4, 5], [3, 4, 5], [3, 4, 5]]	51,11,3,3	[[3, 4, 10, 8], [2, 4, 5, 8], [3, 4, 2], [3, 4, 2]]	4	[[[2], [4], [3], [5]], [[2], [4], [5], [3]], [[0, 2], [4], [3], [5]], [[0, 2], [4], [5], [3]]]	k2:FF=NA;k2:FF=NA;k2:FF=NA;k2:FF=NA
k4_certs_4_n4_2.json.gz	24	6	6	[[0, 2, 3, 5], [1, 2, 4, 5], [3, 4, 5], [3, 4, 5]]	51,21,3,3	[[3, 4, 10, 8], [2, 6, 7, 10], [3, 4, 2], [3, 4, 2]]	4	[[[2], [4], [3], [5]], [[2], [4], [5], [3]], [[0, 2], [4], [3], [5]], [[0, 2], [4], [5], [3]]]	k2:FF=NA;k2:FF=NA;k2:FF=NA;k2:FF=NA
k4_certs_4_n4_2.json.gz	24	6	6	[[0, 2, 3, 5], [1, 2, 4, 5], [3, 4, 5], [3, 4, 5]]	51,42,3,3	[[3, 4, 10, 8], [3, 2, 4, 8], [3, 4, 2], [3, 4, 2]]	4	[[[2], [4], [3], [5]], [[2], [4], [5], [3]], [[0, 2], [4], [3], [5]], [[0, 2], [4], [5], [3]]]	k2:FF=NA;k2:FF=NA;k2:FF=NA;k2:FF=NA
k4_certs_4_n4_2.json.gz	24	6	6	[[0, 2, 3, 5], [1, 2, 4, 5], [3, 4, 5], [3, 4, 5]]	51,47,3,3	[[3, 4, 10, 8], [3, 4, 6, 8], [3, 4, 2], [3, 4, 2]]	4	[[[2], [4], [3], [5]], [[2], [4], [5], [3]], [[0, 2], [4], [3], [5]], [[0, 2], [4], [5], [3]]]	k2:FF=NA;k2:FF=NA;k2:FF=NA;k2:FF=NA
k4_certs_4_n4_2.json.gz	24	6	6	[[0, 2, 3, 5], [1, 2, 4, 5], [3, 4, 5], [3, 4, 5]]	51,59,3,3	[[3, 4, 10, 8], [3, 6, 8, 10], [3, 4, 2], [3, 4, 2]]	4	[[[2], [4], [3], [5]], [[2], [4], [5], [3]], [[0, 2], [4], [3], [5]], [[0, 2], [4], [5], [3]]]	k2:FF=NA;k2:FF=NA;k2:FF=NA;k2:FF=NA
k4_certs_4_n4_2.json.gz	24	6	6	[[0, 2, 3, 5], [1, 2, 4, 5], [3, 4, 5], [3, 4, 5]]	51,81,3,3	[[3, 4, 10, 8], [4, 2, 5, 8], [3, 4, 2], [3, 4, 2]]	4	[[[2], [4], [3], [5]], [[2], [4], [5], [3]], [[0, 2], [4], [3], [5]], [[0, 2], [4], [5], [3]]]	k2:FF=NA;k2:FF=NA;k2:FF=NA;k2:FF=NA
k4_certs_4_n4_2.json.gz	24	6	6	[[0, 2, 3, 5], [1, 2, 4, 5], [3, 4, 5], [3, 4, 5]]	51,89,3,3	[[3, 4, 10, 8], [4, 3, 6, 8], [3, 4, 2], [3, 4, 2]]	4	[[[2], [4], [3], [5]], [[2], [4], [5], [3]], [[0, 2], [4], [3], [5]], [[0, 2], [4], [5], [3]]]	k2:FF=NA;k2:FF=NA;k2:FF=NA;k2:FF=NA
k4_certs_4_n4_2.json.gz	24	6	6	[[0, 2, 3, 5], [1, 2, 4, 5], [3, 4, 5], [3, 4, 5]]	51,147,3,3	[[3, 4, 10, 8], [6, 2, 7, 10], [3, 4, 2], [3, 4, 2]]	4	[[[2], [4], [3], [5]], [[2], [4], [5], [3]], [[0, 2], [4], [3], [5]], [[0, 2], [4], [5], [3]]]	k2:FF=NA;k2:FF=NA;k2:FF=NA;k2:FF=NA
k4_certs_4_n4_2.json.gz	24	6	6	[[0, 2, 3, 5], [1, 2, 4, 5], [3, 4, 5], [3, 4, 5]]	51,155,3,3	[[3, 4, 10, 8], [6, 3, 8, 10], [3, 4, 2], [3, 4, 2]]	4	[[[2], [4], [3], [5]], [[2], [4], [5], [3]], [[0, 2], [4], [3], [5]], [[0, 2], [4], [5], [3]]]	k2:FF=NA;k2:FF=NA;k2:FF=NA;k2:FF=NA
k4_certs_4_n4_2.json.gz	24	6	6	[[0, 2, 3, 5], [1, 2, 4, 5], [3, 4, 5], [3, 4, 5]]	59,1,5,5	[[3, 6, 8, 10], [1, 4, 8, 6], [4, 3, 2], [4, 3, 2]]	4	[[[3], [2], [4], [5]], [[3], [2], [5], [4]], [[3], [1, 2], [4], [5]], [[3], [1, 2], [5], [4]]]	k2:FF=NA;k2:FF=NA;k2:FF=NA;k2:FF=NA
k4_certs_4_n4_2.json.gz	24	6	6	[[0, 2, 3, 5], [1, 2, 4, 5], [3, 4, 5], [3, 4, 5]]	59,9,5,5	[[3, 6, 8, 10], [2, 3, 10, 6], [4, 3, 2], [4, 3, 2]]	4	[[[3], [2], [4], [5]], [[3], [2], [5], [4]], [[3], [1, 2], [4], [5]], [[3], [1, 2], [5], [4]]]	k2:FF=NA;k2:FF=NA;k2:FF=NA;k2:FF=NA
k4_certs_4_n4_2.json.gz	24	6	6	[[0, 2, 3, 5], [1, 2, 4, 5], [3, 4, 5], [3, 4, 5]]	59,16,5,5	[[3, 6, 8, 10], [2, 4, 8, 7], [4, 3, 2], [4, 3, 2]]	4	[[[3], [2], [4], [5]], [[3], [2], [5], [4]], [[3], [1, 2], [4], [5]], [[3], [1, 2], [5], [4]]]	k2:FF=NA;k2:FF=NA;k2:FF=NA;k2:FF=NA
k4_certs_4_n4_2.json.gz	24	6	6	[[0, 2, 3, 5], [1, 2, 4, 5], [3, 4, 5], [3, 4, 5]]	59,17,5,5	[[3, 6, 8, 10], [2, 4, 10, 7], [4, 3, 2], [4, 3, 2]]	4	[[[3], [2], [4], [5]], [[3], [2], [5], [4]], [[3], [1, 2], [4], [5]], [[3], [1, 2], [5], [4]]]	k2:FF=NA;k2:FF=NA;k2:FF=NA;k2:FF=NA
k4_certs_4_n4_2.json.gz	24	6	6	[[0, 2, 3, 5], [1, 2, 4, 5], [3, 4, 5], [3, 4, 5]]	59,45,5,5	[[3, 6, 8, 10], [3, 2, 10, 6], [4, 3, 2], [4, 3, 2]]	4	[[[3], [1], [4], [5]], [[3], [1], [5], [4]], [[3], [1, 2], [4], [5]], [[3], [1, 2], [5], [4]]]	k2:FF=NA;k2:FF=NA;k2:FF=NA;k2:FF=NA
k4_certs_4_n4_2.json.gz	24	6	6	[[0, 2, 3, 5], [1, 2, 4, 5], [3, 4, 5], [3, 4, 5]]	59,51,5,5	[[3, 6, 8, 10], [3, 4, 10, 8], [4, 3, 2], [4, 3, 2]]	4	[[[3], [2], [4], [5]], [[3], [2], [5], [4]], [[3], [1, 2], [4], [5]], [[3], [1, 2], [5], [4]]]	k2:FF=NA;k2:FF=NA;k2:FF=NA;k2:FF=NA
k4_certs_4_n4_2.json.gz	24	6	6	[[0, 2, 3, 5], [1, 2, 4, 5], [3, 4, 5], [3, 4, 5]]	59,79,5,5	[[3, 6, 8, 10], [4, 1, 8, 6], [4, 3, 2], [4, 3, 2]]	4	[[[3], [1], [4], [5]], [[3], [1], [5], [4]], [[3], [1, 2], [4], [5]], [[3], [1, 2], [5], [4]]]	k2:FF=NA;k2:FF=NA;k2:FF=NA;k2:FF=NA
k4_certs_4_n4_2.json.gz	24	6	6	[[0, 2, 3, 5], [1, 2, 4, 5], [3, 4, 5], [3, 4, 5]]	59,86,5,5	[[3, 6, 8, 10], [4, 2, 8, 7], [4, 3, 2], [4, 3, 2]]	4	[[[3], [1], [4], [5]], [[3], [1], [5], [4]], [[3], [1, 2], [4], [5]], [[3], [1, 2], [5], [4]]]	k2:FF=NA;k2:FF=NA;k2:FF=NA;k2:FF=NA
k4_certs_4_n4_2.json.gz	24	6	6	[[0, 2, 3, 5], [1, 2, 4, 5], [3, 4, 5], [3, 4, 5]]	59,87,5,5	[[3, 6, 8, 10], [4, 2, 10, 7], [4, 3, 2], [4, 3, 2]]	4	[[[3], [1], [4], [5]], [[3], [1], [5], [4]], [[3], [1, 2], [4], [5]], [[3], [1, 2], [5], [4]]]	k2:FF=NA;k2:FF=NA;k2:FF=NA;k2:FF=NA
k4_certs_4_n4_2.json.gz	24	6	6	[[0, 2, 3, 5], [1, 2, 4, 5], [3, 4, 5], [3, 4, 5]]	59,93,5,5	[[3, 6, 8, 10], [4, 3, 10, 8], [4, 3, 2], [4, 3, 2]]	4	[[[3], [1], [4], [5]], [[3], [1], [5], [4]], [[3], [1, 2], [4], [5]], [[3], [1, 2], [5], [4]]]	k2:FF=NA;k2:FF=NA;k2:FF=NA;k2:FF=NA
k4_certs_4_n4_2.json.gz	24	6	6	[[0, 2, 3, 5], [1, 2, 4, 5], [3, 4, 5], [3, 4, 5]]	79,6,3,3	[[4, 1, 8, 6], [2, 3, 4, 8], [3, 4, 2], [3, 4, 2]]	4	[[[0], [4], [3], [5]], [[0], [4], [5], [3]], [[0, 2], [4], [3], [5]], [[0, 2], [4], [5], [3]]]	k2:FF=NA;k2:FF=NA;k2:FF=NA;k2:FF=NA
k4_certs_4_n4_2.json.gz	24	6	6	[[0, 2, 3, 5], [1, 2, 4, 5], [3, 4, 5], [3, 4, 5]]	79,11,3,3	[[4, 1, 8, 6], [2, 4, 5, 8], [3, 4, 2], [3, 4, 2]]	4	[[[0], [4], [3], [5]], [[0], [4], [5], [3]], [[0, 2], [4], [3], [5]], [[0, 2], [4], [5], [3]]]	k2:FF=NA;k2:FF=NA;k2:FF=NA;k2:FF=NA
k4_certs_4_n4_2.json.gz	24	6	6	[[0, 2, 3, 5], [1, 2, 4, 5], [3, 4, 5], [3, 4, 5]]	79,21,3,3	[[4, 1, 8, 6], [2, 6, 7, 10], [3, 4, 2], [3, 4, 2]]	4	[[[0], [4], [3], [5]], [[0], [4], [5], [3]], [[0, 2], [4], [3], [5]], [[0, 2], [4], [5], [3]]]	k2:FF=NA;k2:FF=NA;k2:FF=NA;k2:FF=NA
k4_certs_4_n4_2.json.gz	24	6	6	[[0, 2, 3, 5], [1, 2, 4, 5], [3, 4, 5], [3, 4, 5]]	79,42,3,3	[[4, 1, 8, 6], [3, 2, 4, 8], [3, 4, 2], [3, 4, 2]]	4	[[[0], [4], [3], [5]], [[0], [4], [5], [3]], [[0, 2], [4], [3], [5]], [[0, 2], [4], [5], [3]]]	k2:FF=NA;k2:FF=NA;k2:FF=NA;k2:FF=NA
k4_certs_4_n4_2.json.gz	24	6	6	[[0, 2, 3, 5], [1, 2, 4, 5], [3, 4, 5], [3, 4, 5]]	79,47,3,3	[[4, 1, 8, 6], [3, 4, 6, 8], [3, 4, 2], [3, 4, 2]]	4	[[[0], [4], [3], [5]], [[0], [4], [5], [3]], [[0, 2], [4], [3], [5]], [[0, 2], [4], [5], [3]]]	k2:FF=NA;k2:FF=NA;k2:FF=NA;k2:FF=NA
k4_certs_4_n4_2.json.gz	24	6	6	[[0, 2, 3, 5], [1, 2, 4, 5], [3, 4, 5], [3, 4, 5]]	79,59,3,3	[[4, 1, 8, 6], [3, 6, 8, 10], [3, 4, 2], [3, 4, 2]]	4	[[[0], [4], [3], [5]], [[0], [4], [5], [3]], [[0, 2], [4], [3], [5]], [[0, 2], [4], [5], [3]]]	k2:FF=NA;k2:FF=NA;k2:FF=NA;k2:FF=NA
k4_certs_4_n4_2.json.gz	24	6	6	[[0, 2, 3, 5], [1, 2, 4, 5], [3, 4, 5], [3, 4, 5]]	79,81,3,3	[[4, 1, 8, 6], [4, 2, 5, 8], [3, 4, 2], [3, 4, 2]]	4	[[[0], [4], [3], [5]], [[0], [4], [5], [3]], [[0, 2], [4], [3], [5]], [[0, 2], [4], [5], [3]]]	k2:FF=NA;k2:FF=NA;k2:FF=NA;k2:FF=NA
k4_certs_4_n4_2.json.gz	24	6	6	[[0, 2, 3, 5], [1, 2, 4, 5], [3, 4, 5], [3, 4, 5]]	79,89,3,3	[[4, 1, 8, 6], [4, 3, 6, 8], [3, 4, 2], [3, 4, 2]]	4	[[[0], [4], [3], [5]], [[0], [4], [5], [3]], [[0, 2], [4], [3], [5]], [[0, 2], [4], [5], [3]]]	k2:FF=NA;k2:FF=NA;k2:FF=NA;k2:FF=NA
k4_certs_4_n4_2.json.gz	24	6	6	[[0, 2, 3, 5], [1, 2, 4, 5], [3, 4, 5], [3, 4, 5]]	79,147,3,3	[[4, 1, 8, 6], [6, 2, 7, 10], [3, 4, 2], [3, 4, 2]]	4	[[[0], [4], [3], [5]], [[0], [4], [5], [3]], [[0, 2], [4], [3], [5]], [[0, 2], [4], [5], [3]]]	k2:FF=NA;k2:FF=NA;k2:FF=NA;k2:FF=NA
k4_certs_4_n4_2.json.gz	24	6	6	[[0, 2, 3, 5], [1, 2, 4, 5], [3, 4, 5], [3, 4, 5]]	79,155,3,3	[[4, 1, 8, 6], [6, 3, 8, 10], [3, 4, 2], [3, 4, 2]]	4	[[[0], [4], [3], [5]], [[0], [4], [5], [3]], [[0, 2], [4], [3], [5]], [[0, 2], [4], [5], [3]]]	k2:FF=NA;k2:FF=NA;k2:FF=NA;k2:FF=NA
k4_certs_4_n4_2.json.gz	24	6	6	[[0, 2, 3, 5], [1, 2, 4, 5], [3, 4, 5], [3, 4, 5]]	81,1,5,5	[[4, 2, 5, 8], [1, 4, 8, 6], [4, 3, 2], [4, 3, 2]]	4	[[[3], [2], [4], [5]], [[3], [2], [5], [4]], [[3], [1, 2], [4], [5]], [[3], [1, 2], [5], [4]]]	k2:FF=NA;k2:FF=NA;k2:FF=NA;k2:FF=NA
k4_certs_4_n4_2.json.gz	24	6	6	[[0, 2, 3, 5], [1, 2, 4, 5], [3, 4, 5], [3, 4, 5]]	81,9,5,5	[[4, 2, 5, 8], [2, 3, 10, 6], [4, 3, 2], [4, 3, 2]]	4	[[[3], [2], [4], [5]], [[3], [2], [5], [4]], [[3], [1, 2], [4], [5]], [[3], [1, 2], [5], [4]]]	k2:FF=NA;k2:FF=NA;k2:FF=NA;k2:FF=NA
k4_certs_4_n4_2.json.gz	24	6	6	[[0, 2, 3, 5], [1, 2, 4, 5], [3, 4, 5], [3, 4, 5]]	81,16,5,5	[[4, 2, 5, 8], [2, 4, 8, 7], [4, 3, 2], [4, 3, 2]]	4	[[[3], [2], [4], [5]], [[3], [2], [5], [4]], [[3], [1, 2], [4], [5]], [[3], [1, 2], [5], [4]]]	k2:FF=NA;k2:FF=NA;k2:FF=NA;k2:FF=NA
k4_certs_4_n4_2.json.gz	24	6	6	[[0, 2, 3, 5], [1, 2, 4, 5], [3, 4, 5], [3, 4, 5]]	81,17,5,5	[[4, 2, 5, 8], [2, 4, 10, 7], [4, 3, 2], [4, 3, 2]]	4	[[[3], [2], [4], [5]], [[3], [2], [5], [4]], [[3], [1, 2], [4], [5]], [[3], [1, 2], [5], [4]]]	k2:FF=NA;k2:FF=NA;k2:FF=NA;k2:FF=NA
k4_certs_4_n4_2.json.gz	24	6	6	[[0, 2, 3, 5], [1, 2, 4, 5], [3, 4, 5], [3, 4, 5]]	81,45,5,5	[[4, 2, 5, 8], [3, 2, 10, 6], [4, 3, 2], [4, 3, 2]]	4	[[[3], [1], [4], [5]], [[3], [1], [5], [4]], [[3], [1, 2], [4], [5]], [[3], [1, 2], [5], [4]]]	k2:FF=NA;k2:FF=NA;k2:FF=NA;k2:FF=NA
k4_certs_4_n4_2.json.gz	24	6	6	[[0, 2, 3, 5], [1, 2, 4, 5], [3, 4, 5], [3, 4, 5]]	81,51,5,5	[[4, 2, 5, 8], [3, 4, 10, 8], [4, 3, 2], [4, 3, 2]]	4	[[[3], [2], [4], [5]], [[3], [2], [5], [4]], [[3], [1, 2], [4], [5]], [[3], [1, 2], [5], [4]]]	k2:FF=NA;k2:FF=NA;k2:FF=NA;k2:FF=NA
k4_certs_4_n4_2.json.gz	24	6	6	[[0, 2, 3, 5], [1, 2, 4, 5], [3, 4, 5], [3, 4, 5]]	81,79,5,5	[[4, 2, 5, 8], [4, 1, 8, 6], [4, 3, 2], [4, 3, 2]]	4	[[[3], [1], [4], [5]], [[3], [1], [5], [4]], [[3], [1, 2], [4], [5]], [[3], [1, 2], [5], [4]]]	k2:FF=NA;k2:FF=NA;k2:FF=NA;k2:FF=NA
k4_certs_4_n4_2.json.gz	24	6	6	[[0, 2, 3, 5], [1, 2, 4, 5], [3, 4, 5], [3, 4, 5]]	81,86,5,5	[[4, 2, 5, 8], [4, 2, 8, 7], [4, 3, 2], [4, 3, 2]]	4	[[[3], [1], [4], [5]], [[3], [1], [5], [4]], [[3], [1, 2], [4], [5]], [[3], [1, 2], [5], [4]]]	k2:FF=NA;k2:FF=NA;k2:FF=NA;k2:FF=NA
k4_certs_4_n4_2.json.gz	24	6	6	[[0, 2, 3, 5], [1, 2, 4, 5], [3, 4, 5], [3, 4, 5]]	81,87,5,5	[[4, 2, 5, 8], [4, 2, 10, 7], [4, 3, 2], [4, 3, 2]]	4	[[[3], [1], [4], [5]], [[3], [1], [5], [4]], [[3], [1, 2], [4], [5]], [[3], [1, 2], [5], [4]]]	k2:FF=NA;k2:FF=NA;k2:FF=NA;k2:FF=NA
k4_certs_4_n4_2.json.gz	24	6	6	[[0, 2, 3, 5], [1, 2, 4, 5], [3, 4, 5], [3, 4, 5]]	81,93,5,5	[[4, 2, 5, 8], [4, 3, 10, 8], [4, 3, 2], [4, 3, 2]]	4	[[[3], [1], [4], [5]], [[3], [1], [5], [4]], [[3], [1, 2], [4], [5]], [[3], [1, 2], [5], [4]]]	k2:FF=NA;k2:FF=NA;k2:FF=NA;k2:FF=NA
k4_certs_4_n4_2.json.gz	24	6	6	[[0, 2, 3, 5], [1, 2, 4, 5], [3, 4, 5], [3, 4, 5]]	86,6,3,3	[[4, 2, 8, 7], [2, 3, 4, 8], [3, 4, 2], [3, 4, 2]]	4	[[[0], [4], [3], [5]], [[0], [4], [5], [3]], [[0, 2], [4], [3], [5]], [[0, 2], [4], [5], [3]]]	k2:FF=NA;k2:FF=NA;k2:FF=NA;k2:FF=NA
k4_certs_4_n4_2.json.gz	24	6	6	[[0, 2, 3, 5], [1, 2, 4, 5], [3, 4, 5], [3, 4, 5]]	86,11,3,3	[[4, 2, 8, 7], [2, 4, 5, 8], [3, 4, 2], [3, 4, 2]]	4	[[[0], [4], [3], [5]], [[0], [4], [5], [3]], [[0, 2], [4], [3], [5]], [[0, 2], [4], [5], [3]]]	k2:FF=NA;k2:FF=NA;k2:FF=NA;k2:FF=NA
k4_certs_4_n4_2.json.gz	24	6	6	[[0, 2, 3, 5], [1, 2, 4, 5], [3, 4, 5], [3, 4, 5]]	86,21,3,3	[[4, 2, 8, 7], [2, 6, 7, 10], [3, 4, 2], [3, 4, 2]]	4	[[[0], [4], [3], [5]], [[0], [4], [5], [3]], [[0, 2], [4], [3], [5]], [[0, 2], [4], [5], [3]]]	k2:FF=NA;k2:FF=NA;k2:FF=NA;k2:FF=NA
k4_certs_4_n4_2.json.gz	24	6	6	[[0, 2, 3, 5], [1, 2, 4, 5], [3, 4, 5], [3, 4, 5]]	86,42,3,3	[[4, 2, 8, 7], [3, 2, 4, 8], [3, 4, 2], [3, 4, 2]]	4	[[[0], [4], [3], [5]], [[0], [4], [5], [3]], [[0, 2], [4], [3], [5]], [[0, 2], [4], [5], [3]]]	k2:FF=NA;k2:FF=NA;k2:FF=NA;k2:FF=NA
k4_certs_4_n4_2.json.gz	24	6	6	[[0, 2, 3, 5], [1, 2, 4, 5], [3, 4, 5], [3, 4, 5]]	86,47,3,3	[[4, 2, 8, 7], [3, 4, 6, 8], [3, 4, 2], [3, 4, 2]]	4	[[[0], [4], [3], [5]], [[0], [4], [5], [3]], [[0, 2], [4], [3], [5]], [[0, 2], [4], [5], [3]]]	k2:FF=NA;k2:FF=NA;k2:FF=NA;k2:FF=NA
k4_certs_4_n4_2.json.gz	24	6	6	[[0, 2, 3, 5], [1, 2, 4, 5], [3, 4, 5], [3, 4, 5]]	86,59,3,3	[[4, 2, 8, 7], [3, 6, 8, 10], [3, 4, 2], [3, 4, 2]]	4	[[[0], [4], [3], [5]], [[0], [4], [5], [3]], [[0, 2], [4], [3], [5]], [[0, 2], [4], [5], [3]]]	k2:FF=NA;k2:FF=NA;k2:FF=NA;k2:FF=NA
k4_certs_4_n4_2.json.gz	24	6	6	[[0, 2, 3, 5], [1, 2, 4, 5], [3, 4, 5], [3, 4, 5]]	86,81,3,3	[[4, 2, 8, 7], [4, 2, 5, 8], [3, 4, 2], [3, 4, 2]]	4	[[[0], [4], [3], [5]], [[0], [4], [5], [3]], [[0, 2], [4], [3], [5]], [[0, 2], [4], [5], [3]]]	k2:FF=NA;k2:FF=NA;k2:FF=NA;k2:FF=NA
k4_certs_4_n4_2.json.gz	24	6	6	[[0, 2, 3, 5], [1, 2, 4, 5], [3, 4, 5], [3, 4, 5]]	86,89,3,3	[[4, 2, 8, 7], [4, 3, 6, 8], [3, 4, 2], [3, 4, 2]]	4	[[[0], [4], [3], [5]], [[0], [4], [5], [3]], [[0, 2], [4], [3], [5]], [[0, 2], [4], [5], [3]]]	k2:FF=NA;k2:FF=NA;k2:FF=NA;k2:FF=NA
k4_certs_4_n4_2.json.gz	24	6	6	[[0, 2, 3, 5], [1, 2, 4, 5], [3, 4, 5], [3, 4, 5]]	86,147,3,3	[[4, 2, 8, 7], [6, 2, 7, 10], [3, 4, 2], [3, 4, 2]]	4	[[[0], [4], [3], [5]], [[0], [4], [5], [3]], [[0, 2], [4], [3], [5]], [[0, 2], [4], [5], [3]]]	k2:FF=NA;k2:FF=NA;k2:FF=NA;k2:FF=NA
k4_certs_4_n4_2.json.gz	24	6	6	[[0, 2, 3, 5], [1, 2, 4, 5], [3, 4, 5], [3, 4, 5]]	86,155,3,3	[[4, 2, 8, 7], [6, 3, 8, 10], [3, 4, 2], [3, 4, 2]]	4	[[[0], [4], [3], [5]], [[0], [4], [5], [3]], [[0, 2], [4], [3], [5]], [[0, 2], [4], [5], [3]]]	k2:FF=NA;k2:FF=NA;k2:FF=NA;k2:FF=NA
k4_certs_4_n4_2.json.gz	24	6	6	[[0, 2, 3, 5], [1, 2, 4, 5], [3, 4, 5], [3, 4, 5]]	87,6,3,3	[[4, 2, 10, 7], [2, 3, 4, 8], [3, 4, 2], [3, 4, 2]]	4	[[[0], [4], [3], [5]], [[0], [4], [5], [3]], [[0, 2], [4], [3], [5]], [[0, 2], [4], [5], [3]]]	k2:FF=NA;k2:FF=NA;k2:FF=NA;k2:FF=NA
k4_certs_4_n4_2.json.gz	24	6	6	[[0, 2, 3, 5], [1, 2, 4, 5], [3, 4, 5], [3, 4, 5]]	87,11,3,3	[[4, 2, 10, 7], [2, 4, 5, 8], [3, 4, 2], [3, 4, 2]]	4	[[[0], [4], [3], [5]], [[0], [4], [5], [3]], [[0, 2], [4], [3], [5]], [[0, 2], [4], [5], [3]]]	k2:FF=NA;k2:FF=NA;k2:FF=NA;k2:FF=NA
k4_certs_4_n4_2.json.gz	24	6	6	[[0, 2, 3, 5], [1, 2, 4, 5], [3, 4, 5], [3, 4, 5]]	87,21,3,3	[[4, 2, 10, 7], [2, 6, 7, 10], [3, 4, 2], [3, 4, 2]]	4	[[[0], [4], [3], [5]], [[0], [4], [5], [3]], [[0, 2], [4], [3], [5]], [[0, 2], [4], [5], [3]]]	k2:FF=NA;k2:FF=NA;k2:FF=NA;k2:FF=NA
k4_certs_4_n4_2.json.gz	24	6	6	[[0, 2, 3, 5], [1, 2, 4, 5], [3, 4, 5], [3, 4, 5]]	87,42,3,3	[[4, 2, 10, 7], [3, 2, 4, 8], [3, 4, 2], [3, 4, 2]]	4	[[[0], [4], [3], [5]], [[0], [4], [5], [3]], [[0, 2], [4], [3], [5]], [[0, 2], [4], [5], [3]]]	k2:FF=NA;k2:FF=NA;k2:FF=NA;k2:FF=NA
k4_certs_4_n4_2.json.gz	24	6	6	[[0, 2, 3, 5], [1, 2, 4, 5], [3, 4, 5], [3, 4, 5]]	87,47,3,3	[[4, 2, 10, 7], [3, 4, 6, 8], [3, 4, 2], [3, 4, 2]]	4	[[[0], [4], [3], [5]], [[0], [4], [5], [3]], [[0, 2], [4], [3], [5]], [[0, 2], [4], [5], [3]]]	k2:FF=NA;k2:FF=NA;k2:FF=NA;k2:FF=NA
k4_certs_4_n4_2.json.gz	24	6	6	[[0, 2, 3, 5], [1, 2, 4, 5], [3, 4, 5], [3, 4, 5]]	87,59,3,3	[[4, 2, 10, 7], [3, 6, 8, 10], [3, 4, 2], [3, 4, 2]]	4	[[[0], [4], [3], [5]], [[0], [4], [5], [3]], [[0, 2], [4], [3], [5]], [[0, 2], [4], [5], [3]]]	k2:FF=NA;k2:FF=NA;k2:FF=NA;k2:FF=NA
k4_certs_4_n4_2.json.gz	24	6	6	[[0, 2, 3, 5], [1, 2, 4, 5], [3, 4, 5], [3, 4, 5]]	87,81,3,3	[[4, 2, 10, 7], [4, 2, 5, 8], [3, 4, 2], [3, 4, 2]]	4	[[[0], [4], [3], [5]], [[0], [4], [5], [3]], [[0, 2], [4], [3], [5]], [[0, 2], [4], [5], [3]]]	k2:FF=NA;k2:FF=NA;k2:FF=NA;k2:FF=NA
k4_certs_4_n4_2.json.gz	24	6	6	[[0, 2, 3, 5], [1, 2, 4, 5], [3, 4, 5], [3, 4, 5]]	87,89,3,3	[[4, 2, 10, 7], [4, 3, 6, 8], [3, 4, 2], [3, 4, 2]]	4	[[[0], [4], [3], [5]], [[0], [4], [5], [3]], [[0, 2], [4], [3], [5]], [[0, 2], [4], [5], [3]]]	k2:FF=NA;k2:FF=NA;k2:FF=NA;k2:FF=NA
k4_certs_4_n4_2.json.gz	24	6	6	[[0, 2, 3, 5], [1, 2, 4, 5], [3, 4, 5], [3, 4, 5]]	87,147,3,3	[[4, 2, 10, 7], [6, 2, 7, 10], [3, 4, 2], [3, 4, 2]]	4	[[[0], [4], [3], [5]], [[0], [4], [5], [3]], [[0, 2], [4], [3], [5]], [[0, 2], [4], [5], [3]]]	k2:FF=NA;k2:FF=NA;k2:FF=NA;k2:FF=NA
k4_certs_4_n4_2.json.gz	24	6	6	[[0, 2, 3, 5], [1, 2, 4, 5], [3, 4, 5], [3, 4, 5]]	87,155,3,3	[[4, 2, 10, 7], [6, 3, 8, 10], [3, 4, 2], [3, 4, 2]]	4	[[[0], [4], [3], [5]], [[0], [4], [5], [3]], [[0, 2], [4], [3], [5]], [[0, 2], [4], [5], [3]]]	k2:FF=NA;k2:FF=NA;k2:FF=NA;k2:FF=NA
k4_certs_4_n4_2.json.gz	24	6	6	[[0, 2, 3, 5], [1, 2, 4, 5], [3, 4, 5], [3, 4, 5]]	89,1,5,5	[[4, 3, 6, 8], [1, 4, 8, 6], [4, 3, 2], [4, 3, 2]]	4	[[[3], [2], [4], [5]], [[3], [2], [5], [4]], [[3], [1, 2], [4], [5]], [[3], [1, 2], [5], [4]]]	k2:FF=NA;k2:FF=NA;k2:FF=NA;k2:FF=NA
k4_certs_4_n4_2.json.gz	24	6	6	[[0, 2, 3, 5], [1, 2, 4, 5], [3, 4, 5], [3, 4, 5]]	89,9,5,5	[[4, 3, 6, 8], [2, 3, 10, 6], [4, 3, 2], [4, 3, 2]]	4	[[[3], [2], [4], [5]], [[3], [2], [5], [4]], [[3], [1, 2], [4], [5]], [[3], [1, 2], [5], [4]]]	k2:FF=NA;k2:FF=NA;k2:FF=NA;k2:FF=NA
k4_certs_4_n4_2.json.gz	24	6	6	[[0, 2, 3, 5], [1, 2, 4, 5], [3, 4, 5], [3, 4, 5]]	89,16,5,5	[[4, 3, 6, 8], [2, 4, 8, 7], [4, 3, 2], [4, 3, 2]]	4	[[[3], [2], [4], [5]], [[3], [2], [5], [4]], [[3], [1, 2], [4], [5]], [[3], [1, 2], [5], [4]]]	k2:FF=NA;k2:FF=NA;k2:FF=NA;k2:FF=NA
k4_certs_4_n4_2.json.gz	24	6	6	[[0, 2, 3, 5], [1, 2, 4, 5], [3, 4, 5], [3, 4, 5]]	89,17,5,5	[[4, 3, 6, 8], [2, 4, 10, 7], [4, 3, 2], [4, 3, 2]]	4	[[[3], [2], [4], [5]], [[3], [2], [5], [4]], [[3], [1, 2], [4], [5]], [[3], [1, 2], [5], [4]]]	k2:FF=NA;k2:FF=NA;k2:FF=NA;k2:FF=NA
k4_certs_4_n4_2.json.gz	24	6	6	[[0, 2, 3, 5], [1, 2, 4, 5], [3, 4, 5], [3, 4, 5]]	89,45,5,5	[[4, 3, 6, 8], [3, 2, 10, 6], [4, 3, 2], [4, 3, 2]]	4	[[[3], [1], [4], [5]], [[3], [1], [5], [4]], [[3], [1, 2], [4], [5]], [[3], [1, 2], [5], [4]]]	k2:FF=NA;k2:FF=NA;k2:FF=NA;k2:FF=NA
k4_certs_4_n4_2.json.gz	24	6	6	[[0, 2, 3, 5], [1, 2, 4, 5], [3, 4, 5], [3, 4, 5]]	89,51,5,5	[[4, 3, 6, 8], [3, 4, 10, 8], [4, 3, 2], [4, 3, 2]]	4	[[[3], [2], [4], [5]], [[3], [2], [5], [4]], [[3], [1, 2], [4], [5]], [[3], [1, 2], [5], [4]]]	k2:FF=NA;k2:FF=NA;k2:FF=NA;k2:FF=NA
k4_certs_4_n4_2.json.gz	24	6	6	[[0, 2, 3, 5], [1, 2, 4, 5], [3, 4, 5], [3, 4, 5]]	89,79,5,5	[[4, 3, 6, 8], [4, 1, 8, 6], [4, 3, 2], [4, 3, 2]]	4	[[[3], [1], [4], [5]], [[3], [1], [5], [4]], [[3], [1, 2], [4], [5]], [[3], [1, 2], [5], [4]]]	k2:FF=NA;k2:FF=NA;k2:FF=NA;k2:FF=NA
k4_certs_4_n4_2.json.gz	24	6	6	[[0, 2, 3, 5], [1, 2, 4, 5], [3, 4, 5], [3, 4, 5]]	89,86,5,5	[[4, 3, 6, 8], [4, 2, 8, 7], [4, 3, 2], [4, 3, 2]]	4	[[[3], [1], [4], [5]], [[3], [1], [5], [4]], [[3], [1, 2], [4], [5]], [[3], [1, 2], [5], [4]]]	k2:FF=NA;k2:FF=NA;k2:FF=NA;k2:FF=NA
k4_certs_4_n4_2.json.gz	24	6	6	[[0, 2, 3, 5], [1, 2, 4, 5], [3, 4, 5], [3, 4, 5]]	89,87,5,5	[[4, 3, 6, 8], [4, 2, 10, 7], [4, 3, 2], [4, 3, 2]]	4	[[[3], [1], [4], [5]], [[3], [1], [5], [4]], [[3], [1, 2], [4], [5]], [[3], [1, 2], [5], [4]]]	k2:FF=NA;k2:FF=NA;k2:FF=NA;k2:FF=NA
k4_certs_4_n4_2.json.gz	24	6	6	[[0, 2, 3, 5], [1, 2, 4, 5], [3, 4, 5], [3, 4, 5]]	89,93,5,5	[[4, 3, 6, 8], [4, 3, 10, 8], [4, 3, 2], [4, 3, 2]]	4	[[[3], [1], [4], [5]], [[3], [1], [5], [4]], [[3], [1, 2], [4], [5]], [[3], [1, 2], [5], [4]]]	k2:FF=NA;k2:FF=NA;k2:FF=NA;k2:FF=NA
k4_certs_4_n4_2.json.gz	24	6	6	[[0, 2, 3, 5], [1, 2, 4, 5], [3, 4, 5], [3, 4, 5]]	93,6,3,3	[[4, 3, 10, 8], [2, 3, 4, 8], [3, 4, 2], [3, 4, 2]]	4	[[[0], [4], [3], [5]], [[0], [4], [5], [3]], [[0, 2], [4], [3], [5]], [[0, 2], [4], [5], [3]]]	k2:FF=NA;k2:FF=NA;k2:FF=NA;k2:FF=NA
k4_certs_4_n4_2.json.gz	24	6	6	[[0, 2, 3, 5], [1, 2, 4, 5], [3, 4, 5], [3, 4, 5]]	93,11,3,3	[[4, 3, 10, 8], [2, 4, 5, 8], [3, 4, 2], [3, 4, 2]]	4	[[[0], [4], [3], [5]], [[0], [4], [5], [3]], [[0, 2], [4], [3], [5]], [[0, 2], [4], [5], [3]]]	k2:FF=NA;k2:FF=NA;k2:FF=NA;k2:FF=NA
k4_certs_4_n4_2.json.gz	24	6	6	[[0, 2, 3, 5], [1, 2, 4, 5], [3, 4, 5], [3, 4, 5]]	93,21,3,3	[[4, 3, 10, 8], [2, 6, 7, 10], [3, 4, 2], [3, 4, 2]]	4	[[[0], [4], [3], [5]], [[0], [4], [5], [3]], [[0, 2], [4], [3], [5]], [[0, 2], [4], [5], [3]]]	k2:FF=NA;k2:FF=NA;k2:FF=NA;k2:FF=NA
k4_certs_4_n4_2.json.gz	24	6	6	[[0, 2, 3, 5], [1, 2, 4, 5], [3, 4, 5], [3, 4, 5]]	93,42,3,3	[[4, 3, 10, 8], [3, 2, 4, 8], [3, 4, 2], [3, 4, 2]]	4	[[[0], [4], [3], [5]], [[0], [4], [5], [3]], [[0, 2], [4], [3], [5]], [[0, 2], [4], [5], [3]]]	k2:FF=NA;k2:FF=NA;k2:FF=NA;k2:FF=NA
k4_certs_4_n4_2.json.gz	24	6	6	[[0, 2, 3, 5], [1, 2, 4, 5], [3, 4, 5], [3, 4, 5]]	93,47,3,3	[[4, 3, 10, 8], [3, 4, 6, 8], [3, 4, 2], [3, 4, 2]]	4	[[[0], [4], [3], [5]], [[0], [4], [5], [3]], [[0, 2], [4], [3], [5]], [[0, 2], [4], [5], [3]]]	k2:FF=NA;k2:FF=NA;k2:FF=NA;k2:FF=NA
k4_certs_4_n4_2.json.gz	24	6	6	[[0, 2, 3, 5], [1, 2, 4, 5], [3, 4, 5], [3, 4, 5]]	93,59,3,3	[[4, 3, 10, 8], [3, 6, 8, 10], [3, 4, 2], [3, 4, 2]]	4	[[[0], [4], [3], [5]], [[0], [4], [5], [3]], [[0, 2], [4], [3], [5]], [[0, 2], [4], [5], [3]]]	k2:FF=NA;k2:FF=NA;k2:FF=NA;k2:FF=NA
k4_certs_4_n4_2.json.gz	24	6	6	[[0, 2, 3, 5], [1, 2, 4, 5], [3, 4, 5], [3, 4, 5]]	93,81,3,3	[[4, 3, 10, 8], [4, 2, 5, 8], [3, 4, 2], [3, 4, 2]]	4	[[[0], [4], [3], [5]], [[0], [4], [5], [3]], [[0, 2], [4], [3], [5]], [[0, 2], [4], [5], [3]]]	k2:FF=NA;k2:FF=NA;k2:FF=NA;k2:FF=NA
k4_certs_4_n4_2.json.gz	24	6	6	[[0, 2, 3, 5], [1, 2, 4, 5], [3, 4, 5], [3, 4, 5]]	93,89,3,3	[[4, 3, 10, 8], [4, 3, 6, 8], [3, 4, 2], [3, 4, 2]]	4	[[[0], [4], [3], [5]], [[0], [4], [5], [3]], [[0, 2], [4], [3], [5]], [[0, 2], [4], [5], [3]]]	k2:FF=NA;k2:FF=NA;k2:FF=NA;k2:FF=NA
k4_certs_4_n4_2.json.gz	24	6	6	[[0, 2, 3, 5], [1, 2, 4, 5], [3, 4, 5], [3, 4, 5]]	93,147,3,3	[[4, 3, 10, 8], [6, 2, 7, 10], [3, 4, 2], [3, 4, 2]]	4	[[[0], [4], [3], [5]], [[0], [4], [5], [3]], [[0, 2], [4], [3], [5]], [[0, 2], [4], [5], [3]]]	k2:FF=NA;k2:FF=NA;k2:FF=NA;k2:FF=NA
k4_certs_4_n4_2.json.gz	24	6	6	[[0, 2, 3, 5], [1, 2, 4, 5], [3, 4, 5], [3, 4, 5]]	93,155,3,3	[[4, 3, 10, 8], [6, 3, 8, 10], [3, 4, 2], [3, 4, 2]]	4	[[[0], [4], [3], [5]], [[0], [4], [5], [3]], [[0, 2], [4], [3], [5]], [[0, 2], [4], [5], [3]]]	k2:FF=NA;k2:FF=NA;k2:FF=NA;k2:FF=NA
k4_certs_4_n4_2.json.gz	24	6	6	[[0, 2, 3, 5], [1, 2, 4, 5], [3, 4, 5], [3, 4, 5]]	147,1,5,5	[[6, 2, 7, 10], [1, 4, 8, 6], [4, 3, 2], [4, 3, 2]]	4	[[[3], [2], [4], [5]], [[3], [2], [5], [4]], [[3], [1, 2], [4], [5]], [[3], [1, 2], [5], [4]]]	k2:FF=NA;k2:FF=NA;k2:FF=NA;k2:FF=NA
k4_certs_4_n4_2.json.gz	24	6	6	[[0, 2, 3, 5], [1, 2, 4, 5], [3, 4, 5], [3, 4, 5]]	147,9,5,5	[[6, 2, 7, 10], [2, 3, 10, 6], [4, 3, 2], [4, 3, 2]]	4	[[[3], [2], [4], [5]], [[3], [2], [5], [4]], [[3], [1, 2], [4], [5]], [[3], [1, 2], [5], [4]]]	k2:FF=NA;k2:FF=NA;k2:FF=NA;k2:FF=NA
k4_certs_4_n4_2.json.gz	24	6	6	[[0, 2, 3, 5], [1, 2, 4, 5], [3, 4, 5], [3, 4, 5]]	147,16,5,5	[[6, 2, 7, 10], [2, 4, 8, 7], [4, 3, 2], [4, 3, 2]]	4	[[[3], [2], [4], [5]], [[3], [2], [5], [4]], [[3], [1, 2], [4], [5]], [[3], [1, 2], [5], [4]]]	k2:FF=NA;k2:FF=NA;k2:FF=NA;k2:FF=NA
k4_certs_4_n4_2.json.gz	24	6	6	[[0, 2, 3, 5], [1, 2, 4, 5], [3, 4, 5], [3, 4, 5]]	147,17,5,5	[[6, 2, 7, 10], [2, 4, 10, 7], [4, 3, 2], [4, 3, 2]]	4	[[[3], [2], [4], [5]], [[3], [2], [5], [4]], [[3], [1, 2], [4], [5]], [[3], [1, 2], [5], [4]]]	k2:FF=NA;k2:FF=NA;k2:FF=NA;k2:FF=NA
k4_certs_4_n4_2.json.gz	24	6	6	[[0, 2, 3, 5], [1, 2, 4, 5], [3, 4, 5], [3, 4, 5]]	147,45,5,5	[[6, 2, 7, 10], [3, 2, 10, 6], [4, 3, 2], [4, 3, 2]]	4	[[[3], [1], [4], [5]], [[3], [1], [5], [4]], [[3], [1, 2], [4], [5]], [[3], [1, 2], [5], [4]]]	k2:FF=NA;k2:FF=NA;k2:FF=NA;k2:FF=NA
k4_certs_4_n4_2.json.gz	24	6	6	[[0, 2, 3, 5], [1, 2, 4, 5], [3, 4, 5], [3, 4, 5]]	147,51,5,5	[[6, 2, 7, 10], [3, 4, 10, 8], [4, 3, 2], [4, 3, 2]]	4	[[[3], [2], [4], [5]], [[3], [2], [5], [4]], [[3], [1, 2], [4], [5]], [[3], [1, 2], [5], [4]]]	k2:FF=NA;k2:FF=NA;k2:FF=NA;k2:FF=NA
k4_certs_4_n4_2.json.gz	24	6	6	[[0, 2, 3, 5], [1, 2, 4, 5], [3, 4, 5], [3, 4, 5]]	147,79,5,5	[[6, 2, 7, 10], [4, 1, 8, 6], [4, 3, 2], [4, 3, 2]]	4	[[[3], [1], [4], [5]], [[3], [1], [5], [4]], [[3], [1, 2], [4], [5]], [[3], [1, 2], [5], [4]]]	k2:FF=NA;k2:FF=NA;k2:FF=NA;k2:FF=NA
k4_certs_4_n4_2.json.gz	24	6	6	[[0, 2, 3, 5], [1, 2, 4, 5], [3, 4, 5], [3, 4, 5]]	147,86,5,5	[[6, 2, 7, 10], [4, 2, 8, 7], [4, 3, 2], [4, 3, 2]]	4	[[[3], [1], [4], [5]], [[3], [1], [5], [4]], [[3], [1, 2], [4], [5]], [[3], [1, 2], [5], [4]]]	k2:FF=NA;k2:FF=NA;k2:FF=NA;k2:FF=NA
k4_certs_4_n4_2.json.gz	24	6	6	[[0, 2, 3, 5], [1, 2, 4, 5], [3, 4, 5], [3, 4, 5]]	147,87,5,5	[[6, 2, 7, 10], [4, 2, 10, 7], [4, 3, 2], [4, 3, 2]]	4	[[[3], [1], [4], [5]], [[3], [1], [5], [4]], [[3], [1, 2], [4], [5]], [[3], [1, 2], [5], [4]]]	k2:FF=NA;k2:FF=NA;k2:FF=NA;k2:FF=NA
k4_certs_4_n4_2.json.gz	24	6	6	[[0, 2, 3, 5], [1, 2, 4, 5], [3, 4, 5], [3, 4, 5]]	147,93,5,5	[[6, 2, 7, 10], [4, 3, 10, 8], [4, 3, 2], [4, 3, 2]]	4	[[[3], [1], [4], [5]], [[3], [1], [5], [4]], [[3], [1, 2], [4], [5]], [[3], [1, 2], [5], [4]]]	k2:FF=NA;k2:FF=NA;k2:FF=NA;k2:FF=NA
k4_certs_4_n4_2.json.gz	24	6	6	[[0, 2, 3, 5], [1, 2, 4, 5], [3, 4, 5], [3, 4, 5]]	155,1,5,5	[[6, 3, 8, 10], [1, 4, 8, 6], [4, 3, 2], [4, 3, 2]]	4	[[[3], [2], [4], [5]], [[3], [2], [5], [4]], [[3], [1, 2], [4], [5]], [[3], [1, 2], [5], [4]]]	k2:FF=NA;k2:FF=NA;k2:FF=NA;k2:FF=NA
k4_certs_4_n4_2.json.gz	24	6	6	[[0, 2, 3, 5], [1, 2, 4, 5], [3, 4, 5], [3, 4, 5]]	155,9,5,5	[[6, 3, 8, 10], [2, 3, 10, 6], [4, 3, 2], [4, 3, 2]]	4	[[[3], [2], [4], [5]], [[3], [2], [5], [4]], [[3], [1, 2], [4], [5]], [[3], [1, 2], [5], [4]]]	k2:FF=NA;k2:FF=NA;k2:FF=NA;k2:FF=NA
k4_certs_4_n4_2.json.gz	24	6	6	[[0, 2, 3, 5], [1, 2, 4, 5], [3, 4, 5], [3, 4, 5]]	155,16,5,5	[[6, 3, 8, 10], [2, 4, 8, 7], [4, 3, 2], [4, 3, 2]]	4	[[[3], [2], [4], [5]], [[3], [2], [5], [4]], [[3], [1, 2], [4], [5]], [[3], [1, 2], [5], [4]]]	k2:FF=NA;k2:FF=NA;k2:FF=NA;k2:FF=NA
k4_certs_4_n4_2.json.gz	24	6	6	[[0, 2, 3, 5], [1, 2, 4, 5], [3, 4, 5], [3, 4, 5]]	155,17,5,5	[[6, 3, 8, 10], [2, 4, 10, 7], [4, 3, 2], [4, 3, 2]]	4	[[[3], [2], [4], [5]], [[3], [2], [5], [4]], [[3], [1, 2], [4], [5]], [[3], [1, 2], [5], [4]]]	k2:FF=NA;k2:FF=NA;k2:FF=NA;k2:FF=NA
k4_certs_4_n4_2.json.gz	24	6	6	[[0, 2, 3, 5], [1, 2, 4, 5], [3, 4, 5], [3, 4, 5]]	155,45,5,5	[[6, 3, 8, 10], [3, 2, 10, 6], [4, 3, 2], [4, 3, 2]]	4	[[[3], [1], [4], [5]], [[3], [1], [5], [4]], [[3], [1, 2], [4], [5]], [[3], [1, 2], [5], [4]]]	k2:FF=NA;k2:FF=NA;k2:FF=NA;k2:FF=NA
k4_certs_4_n4_2.json.gz	24	6	6	[[0, 2, 3, 5], [1, 2, 4, 5], [3, 4, 5], [3, 4, 5]]	155,51,5,5	[[6, 3, 8, 10], [3, 4, 10, 8], [4, 3, 2], [4, 3, 2]]	4	[[[3], [2], [4], [5]], [[3], [2], [5], [4]], [[3], [1, 2], [4], [5]], [[3], [1, 2], [5], [4]]]	k2:FF=NA;k2:FF=NA;k2:FF=NA;k2:FF=NA
k4_certs_4_n4_2.json.gz	24	6	6	[[0, 2, 3, 5], [1, 2, 4, 5], [3, 4, 5], [3, 4, 5]]	155,79,5,5	[[6, 3, 8, 10], [4, 1, 8, 6], [4, 3, 2], [4, 3, 2]]	4	[[[3], [1], [4], [5]], [[3], [1], [5], [4]], [[3], [1, 2], [4], [5]], [[3], [1, 2], [5], [4]]]	k2:FF=NA;k2:FF=NA;k2:FF=NA;k2:FF=NA
k4_certs_4_n4_2.json.gz	24	6	6	[[0, 2, 3, 5], [1, 2, 4, 5], [3, 4, 5], [3, 4, 5]]	155,86,5,5	[[6, 3, 8, 10], [4, 2, 8, 7], [4, 3, 2], [4, 3, 2]]	4	[[[3], [1], [4], [5]], [[3], [1], [5], [4]], [[3], [1, 2], [4], [5]], [[3], [1, 2], [5], [4]]]	k2:FF=NA;k2:FF=NA;k2:FF=NA;k2:FF=NA
k4_certs_4_n4_2.json.gz	24	6	6	[[0, 2, 3, 5], [1, 2, 4, 5], [3, 4, 5], [3, 4, 5]]	155,87,5,5	[[6, 3, 8, 10], [4, 2, 10, 7], [4, 3, 2], [4, 3, 2]]	4	[[[3], [1], [4], [5]], [[3], [1], [5], [4]], [[3], [1, 2], [4], [5]], [[3], [1, 2], [5], [4]]]	k2:FF=NA;k2:FF=NA;k2:FF=NA;k2:FF=NA
k4_certs_4_n4_2.json.gz	24	6	6	[[0, 2, 3, 5], [1, 2, 4, 5], [3, 4, 5], [3, 4, 5]]	155,93,5,5	[[6, 3, 8, 10], [4, 3, 10, 8], [4, 3, 2], [4, 3, 2]]	4	[[[3], [1], [4], [5]], [[3], [1], [5], [4]], [[3], [1, 2], [4], [5]], [[3], [1, 2], [5], [4]]]	k2:FF=NA;k2:FF=NA;k2:FF=NA;k2:FF=NA
k4_certs_4_n4_2.json.gz	27	9	6	[[0, 2, 3, 5], [1, 3, 4, 5], [2, 4, 5], [3, 4, 5]]	6,5,1,5	[[2, 3, 4, 8], [1, 8, 6, 4], [2, 4, 3], [4, 3, 2]]	2	[[[3], [4], [2], [5]], [[3], [5], [2], [4]]]	k2:FF=NA;k2:FF=NA
k4_certs_4_n4_2.json.gz	27	9	6	[[0, 2, 3, 5], [1, 3, 4, 5], [2, 4, 5], [3, 4, 5]]	6,31,1,5	[[2, 3, 4, 8], [2, 8, 4, 3], [2, 4, 3], [4, 3, 2]]	2	[[[3], [4], [2], [5]], [[3], [5], [2], [4]]]	k2:FF=NA;k2:FF=NA
k4_certs_4_n4_2.json.gz	27	9	6	[[0, 2, 3, 5], [1, 3, 4, 5], [2, 4, 5], [3, 4, 5]]	6,34,1,5	[[2, 3, 4, 8], [2, 8, 5, 4], [2, 4, 3], [4, 3, 2]]	2	[[[3], [4], [2], [5]], [[3], [5], [2], [4]]]	k2:FF=NA;k2:FF=NA
k4_certs_4_n4_2.json.gz	27	9	6	[[0, 2, 3, 5], [1, 3, 4, 5], [2, 4, 5], [3, 4, 5]]	6,35,1,5	[[2, 3, 4, 8], [2, 8, 7, 4], [2, 4, 3], [4, 3, 2]]	2	[[[3], [4], [2], [5]], [[3], [5], [2], [4]]]	k2:FF=NA;k2:FF=NA
k4_certs_4_n4_2.json.gz	27	9	6	[[0, 2, 3, 5], [1, 3, 4, 5], [2, 4, 5], [3, 4, 5]]	6,38,1,5	[[2, 3, 4, 8], [2, 10, 6, 3], [2, 4, 3], [4, 3, 2]]	2	[[[3], [4], [2], [5]], [[3], [5], [2], [4]]]	k2:FF=NA;k2:FF=NA
k4_certs_4_n4_2.json.gz	27	9	6	[[0, 2, 3, 5], [1, 3, 4, 5], [2, 4, 5], [3, 4, 5]]	6,40,1,5	[[2, 3, 4, 8], [2, 10, 7, 4], [2, 4, 3], [4, 3, 2]]	2	[[[3], [4], [2], [5]], [[3], [5], [2], [4]]]	k2:FF=NA;k2:FF=NA
k4_certs_4_n4_2.json.gz	27	9	6	[[0, 2, 3, 5], [1, 3, 4, 5], [2, 4, 5], [3, 4, 5]]	6,41,1,5	[[2, 3, 4, 8], [2, 10, 7, 6], [2, 4, 3], [4, 3, 2]]	2	[[[3], [4], [2], [5]], [[3], [5], [2], [4]]]	k2:FF=NA;k2:FF=NA
k4_certs_4_n4_2.json.gz	27	9	6	[[0, 2, 3, 5], [1, 3, 4, 5], [2, 4, 5], [3, 4, 5]]	6,63,1,5	[[2, 3, 4, 8], [3, 7, 6, 5], [2, 4, 3], [4, 3, 2]]	2	[[[3], [4], [2], [5]], [[3], [5], [2], [4]]]	k2:FF=NA;k2:FF=NA
k4_certs_4_n4_2.json.gz	27	9	6	[[0, 2, 3, 5], [1, 3, 4, 5], [2, 4, 5], [3, 4, 5]]	6,68,1,5	[[2, 3, 4, 8], [3, 8, 6, 4], [2, 4, 3], [4, 3, 2]]	2	[[[3], [4], [2], [5]], [[3], [5], [2], [4]]]	k2:FF=NA;k2:FF=NA
k4_certs_4_n4_2.json.gz	27	9	6	[[0, 2, 3, 5], [1, 3, 4, 5], [2, 4, 5], [3, 4, 5]]	6,76,1,5	[[2, 3, 4, 8], [3, 10, 8, 4], [2, 4, 3], [4, 3, 2]]	2	[[[3], [4], [2], [5]], [[3], [5], [2], [4]]]	k2:FF=NA;k2:FF=NA
k4_certs_4_n4_2.json.gz	27	9	6	[[0, 2, 3, 5], [1, 3, 4, 5], [2, 4, 5], [3, 4, 5]]	6,77,1,5	[[2, 3, 4, 8], [3, 10, 8, 6], [2, 4, 3], [4, 3, 2]]	2	[[[3], [4], [2], [5]], [[3], [5], [2], [4]]]	k2:FF=NA;k2:FF=NA
k4_certs_4_n4_2.json.gz	27	9	6	[[0, 2, 3, 5], [1, 3, 4, 5], [2, 4, 5], [3, 4, 5]]	6,119,1,5	[[2, 3, 4, 8], [4, 8, 6, 5], [2, 4, 3], [4, 3, 2]]	2	[[[3], [4], [2], [5]], [[3], [5], [2], [4]]]	k2:FF=NA;k2:FF=NA
k4_certs_4_n4_2.json.gz	27	9	6	[[0, 2, 3, 5], [1, 3, 4, 5], [2, 4, 5], [3, 4, 5]]	11,5,1,5	[[2, 4, 5, 8], [1, 8, 6, 4], [2, 4, 3], [4, 3, 2]]	2	[[[3], [4], [2], [5]], [[3], [5], [2], [4]]]	k2:FF=NA;k2:FF=NA
k4_certs_4_n4_2.json.gz	27	9	6	[[0, 2, 3, 5], [1, 3, 4, 5], [2, 4, 5], [3, 4, 5]]	11,31,1,5	[[2, 4, 5, 8], [2, 8, 4, 3], [2, 4, 3], [4, 3, 2]]	2	[[[3], [4], [2], [5]], [[3], [5], [2], [4]]]	k2:FF=NA;k2:FF=NA
k4_certs_4_n4_2.json.gz	27	9	6	[[0, 2, 3, 5], [1, 3, 4, 5], [2, 4, 5], [3, 4, 5]]	11,34,1,5	[[2, 4, 5, 8], [2, 8, 5, 4], [2, 4, 3], [4, 3, 2]]	2	[[[3], [4], [2], [5]], [[3], [5], [2], [4]]]	k2:FF=NA;k2:FF=NA
k4_certs_4_n4_2.json.gz	27	9	6	[[0, 2, 3, 5], [1, 3, 4, 5], [2, 4, 5], [3, 4, 5]]	11,35,1,5	[[2, 4, 5, 8], [2, 8, 7, 4], [2, 4, 3], [4, 3, 2]]	2	[[[3], [4], [2], [5]], [[3], [5], [2], [4]]]	k2:FF=NA;k2:FF=NA
k4_certs_4_n4_2.json.gz	27	9	6	[[0, 2, 3, 5], [1, 3, 4, 5], [2, 4, 5], [3, 4, 5]]	11,38,1,5	[[2, 4, 5, 8], [2, 10, 6, 3], [2, 4, 3], [4, 3, 2]]	2	[[[3], [4], [2], [5]], [[3], [5], [2], [4]]]	k2:FF=NA;k2:FF=NA
k4_certs_4_n4_2.json.gz	27	9	6	[[0, 2, 3, 5], [1, 3, 4, 5], [2, 4, 5], [3, 4, 5]]	11,40,1,5	[[2, 4, 5, 8], [2, 10, 7, 4], [2, 4, 3], [4, 3, 2]]	2	[[[3], [4], [2], [5]], [[3], [5], [2], [4]]]	k2:FF=NA;k2:FF=NA
k4_certs_4_n4_2.json.gz	27	9	6	[[0, 2, 3, 5], [1, 3, 4, 5], [2, 4, 5], [3, 4, 5]]	11,41,1,5	[[2, 4, 5, 8], [2, 10, 7, 6], [2, 4, 3], [4, 3, 2]]	2	[[[3], [4], [2], [5]], [[3], [5], [2], [4]]]	k2:FF=NA;k2:FF=NA
k4_certs_4_n4_2.json.gz	27	9	6	[[0, 2, 3, 5], [1, 3, 4, 5], [2, 4, 5], [3, 4, 5]]	11,63,1,5	[[2, 4, 5, 8], [3, 7, 6, 5], [2, 4, 3], [4, 3, 2]]	2	[[[3], [4], [2], [5]], [[3], [5], [2], [4]]]	k2:FF=NA;k2:FF=NA
k4_certs_4_n4_2.json.gz	27	9	6	[[0, 2, 3, 5], [1, 3, 4, 5], [2, 4, 5], [3, 4, 5]]	11,68,1,5	[[2, 4, 5, 8], [3, 8, 6, 4], [2, 4, 3], [4, 3, 2]]	2	[[[3], [4], [2], [5]], [[3], [5], [2], [4]]]	k2:FF=NA;k2:FF=NA
k4_certs_4_n4_2.json.gz	27	9	6	[[0, 2, 3, 5], [1, 3, 4, 5], [2, 4, 5], [3, 4, 5]]	11,76,1,5	[[2, 4, 5, 8], [3, 10, 8, 4], [2, 4, 3], [4, 3, 2]]	2	[[[3], [4], [2], [5]], [[3], [5], [2], [4]]]	k2:FF=NA;k2:FF=NA
k4_certs_4_n4_2.json.gz	27	9	6	[[0, 2, 3, 5], [1, 3, 4, 5], [2, 4, 5], [3, 4, 5]]	11,77,1,5	[[2, 4, 5, 8], [3, 10, 8, 6], [2, 4, 3], [4, 3, 2]]	2	[[[3], [4], [2], [5]], [[3], [5], [2], [4]]]	k2:FF=NA;k2:FF=NA
k4_certs_4_n4_2.json.gz	27	9	6	[[0, 2, 3, 5], [1, 3, 4, 5], [2, 4, 5], [3, 4, 5]]	11,119,1,5	[[2, 4, 5, 8], [4, 8, 6, 5], [2, 4, 3], [4, 3, 2]]	2	[[[3], [4], [2], [5]], [[3], [5], [2], [4]]]	k2:FF=NA;k2:FF=NA
k4_certs_4_n4_2.json.gz	27	9	6	[[0, 2, 3, 5], [1, 3, 4, 5], [2, 4, 5], [3, 4, 5]]	21,5,1,5	[[2, 6, 7, 10], [1, 8, 6, 4], [2, 4, 3], [4, 3, 2]]	2	[[[3], [4], [2], [5]], [[3], [5], [2], [4]]]	k2:FF=NA;k2:FF=NA
k4_certs_4_n4_2.json.gz	27	9	6	[[0, 2, 3, 5], [1, 3, 4, 5], [2, 4, 5], [3, 4, 5]]	21,31,1,5	[[2, 6, 7, 10], [2, 8, 4, 3], [2, 4, 3], [4, 3, 2]]	2	[[[3], [4], [2], [5]], [[3], [5], [2], [4]]]	k2:FF=NA;k2:FF=NA
k4_certs_4_n4_2.json.gz	27	9	6	[[0, 2, 3, 5], [1, 3, 4, 5], [2, 4, 5], [3, 4, 5]]	21,34,1,5	[[2, 6, 7, 10], [2, 8, 5, 4], [2, 4, 3], [4, 3, 2]]	2	[[[3], [4], [2], [5]], [[3], [5], [2], [4]]]	k2:FF=NA;k2:FF=NA
k4_certs_4_n4_2.json.gz	27	9	6	[[0, 2, 3, 5], [1, 3, 4, 5], [2, 4, 5], [3, 4, 5]]	21,35,1,5	[[2, 6, 7, 10], [2, 8, 7, 4], [2, 4, 3], [4, 3, 2]]	2	[[[3], [4], [2], [5]], [[3], [5], [2], [4]]]	k2:FF=NA;k2:FF=NA
k4_certs_4_n4_2.json.gz	27	9	6	[[0, 2, 3, 5], [1, 3, 4, 5], [2, 4, 5], [3, 4, 5]]	21,38,1,5	[[2, 6, 7, 10], [2, 10, 6, 3], [2, 4, 3], [4, 3, 2]]	2	[[[3], [4], [2], [5]], [[3], [5], [2], [4]]]	k2:FF=NA;k2:FF=NA
k4_certs_4_n4_2.json.gz	27	9	6	[[0, 2, 3, 5], [1, 3, 4, 5], [2, 4, 5], [3, 4, 5]]	21,40,1,5	[[2, 6, 7, 10], [2, 10, 7, 4], [2, 4, 3], [4, 3, 2]]	2	[[[3], [4], [2], [5]], [[3], [5], [2], [4]]]	k2:FF=NA;k2:FF=NA
k4_certs_4_n4_2.json.gz	27	9	6	[[0, 2, 3, 5], [1, 3, 4, 5], [2, 4, 5], [3, 4, 5]]	21,41,1,5	[[2, 6, 7, 10], [2, 10, 7, 6], [2, 4, 3], [4, 3, 2]]	2	[[[3], [4], [2], [5]], [[3], [5], [2], [4]]]	k2:FF=NA;k2:FF=NA
k4_certs_4_n4_2.json.gz	27	9	6	[[0, 2, 3, 5], [1, 3, 4, 5], [2, 4, 5], [3, 4, 5]]	21,63,1,5	[[2, 6, 7, 10], [3, 7, 6, 5], [2, 4, 3], [4, 3, 2]]	2	[[[3], [4], [2], [5]], [[3], [5], [2], [4]]]	k2:FF=NA;k2:FF=NA
k4_certs_4_n4_2.json.gz	27	9	6	[[0, 2, 3, 5], [1, 3, 4, 5], [2, 4, 5], [3, 4, 5]]	21,68,1,5	[[2, 6, 7, 10], [3, 8, 6, 4], [2, 4, 3], [4, 3, 2]]	2	[[[3], [4], [2], [5]], [[3], [5], [2], [4]]]	k2:FF=NA;k2:FF=NA
k4_certs_4_n4_2.json.gz	27	9	6	[[0, 2, 3, 5], [1, 3, 4, 5], [2, 4, 5], [3, 4, 5]]	21,76,1,5	[[2, 6, 7, 10], [3, 10, 8, 4], [2, 4, 3], [4, 3, 2]]	2	[[[3], [4], [2], [5]], [[3], [5], [2], [4]]]	k2:FF=NA;k2:FF=NA
k4_certs_4_n4_2.json.gz	27	9	6	[[0, 2, 3, 5], [1, 3, 4, 5], [2, 4, 5], [3, 4, 5]]	21,77,1,5	[[2, 6, 7, 10], [3, 10, 8, 6], [2, 4, 3], [4, 3, 2]]	2	[[[3], [4], [2], [5]], [[3], [5], [2], [4]]]	k2:FF=NA;k2:FF=NA
k4_certs_4_n4_2.json.gz	27	9	6	[[0, 2, 3, 5], [1, 3, 4, 5], [2, 4, 5], [3, 4, 5]]	21,119,1,5	[[2, 6, 7, 10], [4, 8, 6, 5], [2, 4, 3], [4, 3, 2]]	2	[[[3], [4], [2], [5]], [[3], [5], [2], [4]]]	k2:FF=NA;k2:FF=NA
k4_certs_4_n4_2.json.gz	27	9	6	[[0, 2, 3, 5], [1, 3, 4, 5], [2, 4, 5], [3, 4, 5]]	42,5,1,5	[[3, 2, 4, 8], [1, 8, 6, 4], [2, 4, 3], [4, 3, 2]]	2	[[[3], [4], [2], [5]], [[3], [5], [2], [4]]]	k2:FF=NA;k2:FF=NA
k4_certs_4_n4_2.json.gz	27	9	6	[[0, 2, 3, 5], [1, 3, 4, 5], [2, 4, 5], [3, 4, 5]]	42,31,1,5	[[3, 2, 4, 8], [2, 8, 4, 3], [2, 4, 3], [4, 3, 2]]	2	[[[3], [4], [2], [5]], [[3], [5], [2], [4]]]	k2:FF=NA;k2:FF=NA
k4_certs_4_n4_2.json.gz	27	9	6	[[0, 2, 3, 5], [1, 3, 4, 5], [2, 4, 5], [3, 4, 5]]	42,34,1,5	[[3, 2, 4, 8], [2, 8, 5, 4], [2, 4, 3], [4, 3, 2]]	2	[[[3], [4], [2], [5]], [[3], [5], [2], [4]]]	k2:FF=NA;k2:FF=NA
k4_certs_4_n4_2.json.gz	27	9	6	[[0, 2, 3, 5], [1, 3, 4, 5], [2, 4, 5], [3, 4, 5]]	42,35,1,5	[[3, 2, 4, 8], [2, 8, 7, 4], [2, 4, 3], [4, 3, 2]]	2	[[[3], [4], [2], [5]], [[3], [5], [2], [4]]]	k2:FF=NA;k2:FF=NA
k4_certs_4_n4_2.json.gz	27	9	6	[[0, 2, 3, 5], [1, 3, 4, 5], [2, 4, 5], [3, 4, 5]]	42,38,1,5	[[3, 2, 4, 8], [2, 10, 6, 3], [2, 4, 3], [4, 3, 2]]	2	[[[3], [4], [2], [5]], [[3], [5], [2], [4]]]	k2:FF=NA;k2:FF=NA
k4_certs_4_n4_2.json.gz	27	9	6	[[0, 2, 3, 5], [1, 3, 4, 5], [2, 4, 5], [3, 4, 5]]	42,40,1,5	[[3, 2, 4, 8], [2, 10, 7, 4], [2, 4, 3], [4, 3, 2]]	2	[[[3], [4], [2], [5]], [[3], [5], [2], [4]]]	k2:FF=NA;k2:FF=NA
k4_certs_4_n4_2.json.gz	27	9	6	[[0, 2, 3, 5], [1, 3, 4, 5], [2, 4, 5], [3, 4, 5]]	42,41,1,5	[[3, 2, 4, 8], [2, 10, 7, 6], [2, 4, 3], [4, 3, 2]]	2	[[[3], [4], [2], [5]], [[3], [5], [2], [4]]]	k2:FF=NA;k2:FF=NA
k4_certs_4_n4_2.json.gz	27	9	6	[[0, 2, 3, 5], [1, 3, 4, 5], [2, 4, 5], [3, 4, 5]]	42,63,1,5	[[3, 2, 4, 8], [3, 7, 6, 5], [2, 4, 3], [4, 3, 2]]	2	[[[3], [4], [2], [5]], [[3], [5], [2], [4]]]	k2:FF=NA;k2:FF=NA
k4_certs_4_n4_2.json.gz	27	9	6	[[0, 2, 3, 5], [1, 3, 4, 5], [2, 4, 5], [3, 4, 5]]	42,68,1,5	[[3, 2, 4, 8], [3, 8, 6, 4], [2, 4, 3], [4, 3, 2]]	2	[[[3], [4], [2], [5]], [[3], [5], [2], [4]]]	k2:FF=NA;k2:FF=NA
k4_certs_4_n4_2.json.gz	27	9	6	[[0, 2, 3, 5], [1, 3, 4, 5], [2, 4, 5], [3, 4, 5]]	42,76,1,5	[[3, 2, 4, 8], [3, 10, 8, 4], [2, 4, 3], [4, 3, 2]]	2	[[[3], [4], [2], [5]], [[3], [5], [2], [4]]]	k2:FF=NA;k2:FF=NA
k4_certs_4_n4_2.json.gz	27	9	6	[[0, 2, 3, 5], [1, 3, 4, 5], [2, 4, 5], [3, 4, 5]]	42,77,1,5	[[3, 2, 4, 8], [3, 10, 8, 6], [2, 4, 3], [4, 3, 2]]	2	[[[3], [4], [2], [5]], [[3], [5], [2], [4]]]	k2:FF=NA;k2:FF=NA
k4_certs_4_n4_2.json.gz	27	9	6	[[0, 2, 3, 5], [1, 3, 4, 5], [2, 4, 5], [3, 4, 5]]	42,119,1,5	[[3, 2, 4, 8], [4, 8, 6, 5], [2, 4, 3], [4, 3, 2]]	2	[[[3], [4], [2], [5]], [[3], [5], [2], [4]]]	k2:FF=NA;k2:FF=NA
k4_certs_4_n4_2.json.gz	27	9	6	[[0, 2, 3, 5], [1, 3, 4, 5], [2, 4, 5], [3, 4, 5]]	47,5,1,5	[[3, 4, 6, 8], [1, 8, 6, 4], [2, 4, 3], [4, 3, 2]]	2	[[[3], [4], [2], [5]], [[3], [5], [2], [4]]]	k2:FF=NA;k2:FF=NA
k4_certs_4_n4_2.json.gz	27	9	6	[[0, 2, 3, 5], [1, 3, 4, 5], [2, 4, 5], [3, 4, 5]]	47,31,1,5	[[3, 4, 6, 8], [2, 8, 4, 3], [2, 4, 3], [4, 3, 2]]	2	[[[3], [4], [2], [5]], [[3], [5], [2], [4]]]	k2:FF=NA;k2:FF=NA
k4_certs_4_n4_2.json.gz	27	9	6	[[0, 2, 3, 5], [1, 3, 4, 5], [2, 4, 5], [3, 4, 5]]	47,34,1,5	[[3, 4, 6, 8], [2, 8, 5, 4], [2, 4, 3], [4, 3, 2]]	2	[[[3], [4], [2], [5]], [[3], [5], [2], [4]]]	k2:FF=NA;k2:FF=NA
k4_certs_4_n4_2.json.gz	27	9	6	[[0, 2, 3, 5], [1, 3, 4, 5], [2, 4, 5], [3, 4, 5]]	47,35,1,5	[[3, 4, 6, 8], [2, 8, 7, 4], [2, 4, 3], [4, 3, 2]]	2	[[[3], [4], [2], [5]], [[3], [5], [2], [4]]]	k2:FF=NA;k2:FF=NA
k4_certs_4_n4_2.json.gz	27	9	6	[[0, 2, 3, 5], [1, 3, 4, 5], [2, 4, 5], [3, 4, 5]]	47,38,1,5	[[3, 4, 6, 8], [2, 10, 6, 3], [2, 4, 3], [4, 3, 2]]	2	[[[3], [4], [2], [5]], [[3], [5], [2], [4]]]	k2:FF=NA;k2:FF=NA
k4_certs_4_n4_2.json.gz	27	9	6	[[0, 2, 3, 5], [1, 3, 4, 5], [2, 4, 5], [3, 4, 5]]	47,40,1,5	[[3, 4, 6, 8], [2, 10, 7, 4], [2, 4, 3], [4, 3, 2]]	2	[[[3], [4], [2], [5]], [[3], [5], [2], [4]]]	k2:FF=NA;k2:FF=NA
k4_certs_4_n4_2.json.gz	27	9	6	[[0, 2, 3, 5], [1, 3, 4, 5], [2, 4, 5], [3, 4, 5]]	47,41,1,5	[[3, 4, 6, 8], [2, 10, 7, 6], [2, 4, 3], [4, 3, 2]]	2	[[[3], [4], [2], [5]], [[3], [5], [2], [4]]]	k2:FF=NA;k2:FF=NA
k4_certs_4_n4_2.json.gz	27	9	6	[[0, 2, 3, 5], [1, 3, 4, 5], [2, 4, 5], [3, 4, 5]]	47,63,1,5	[[3, 4, 6, 8], [3, 7, 6, 5], [2, 4, 3], [4, 3, 2]]	2	[[[3], [4], [2], [5]], [[3], [5], [2], [4]]]	k2:FF=NA;k2:FF=NA
k4_certs_4_n4_2.json.gz	27	9	6	[[0, 2, 3, 5], [1, 3, 4, 5], [2, 4, 5], [3, 4, 5]]	47,68,1,5	[[3, 4, 6, 8], [3, 8, 6, 4], [2, 4, 3], [4, 3, 2]]	2	[[[3], [4], [2], [5]], [[3], [5], [2], [4]]]	k2:FF=NA;k2:FF=NA
k4_certs_4_n4_2.json.gz	27	9	6	[[0, 2, 3, 5], [1, 3, 4, 5], [2, 4, 5], [3, 4, 5]]	47,76,1,5	[[3, 4, 6, 8], [3, 10, 8, 4], [2, 4, 3], [4, 3, 2]]	2	[[[3], [4], [2], [5]], [[3], [5], [2], [4]]]	k2:FF=NA;k2:FF=NA
k4_certs_4_n4_2.json.gz	27	9	6	[[0, 2, 3, 5], [1, 3, 4, 5], [2, 4, 5], [3, 4, 5]]	47,77,1,5	[[3, 4, 6, 8], [3, 10, 8, 6], [2, 4, 3], [4, 3, 2]]	2	[[[3], [4], [2], [5]], [[3], [5], [2], [4]]]	k2:FF=NA;k2:FF=NA
k4_certs_4_n4_2.json.gz	27	9	6	[[0, 2, 3, 5], [1, 3, 4, 5], [2, 4, 5], [3, 4, 5]]	47,119,1,5	[[3, 4, 6, 8], [4, 8, 6, 5], [2, 4, 3], [4, 3, 2]]	2	[[[3], [4], [2], [5]], [[3], [5], [2], [4]]]	k2:FF=NA;k2:FF=NA
k4_certs_4_n4_2.json.gz	27	9	6	[[0, 2, 3, 5], [1, 3, 4, 5], [2, 4, 5], [3, 4, 5]]	59,5,1,5	[[3, 6, 8, 10], [1, 8, 6, 4], [2, 4, 3], [4, 3, 2]]	2	[[[3], [4], [2], [5]], [[3], [5], [2], [4]]]	k2:FF=NA;k2:FF=NA
k4_certs_4_n4_2.json.gz	27	9	6	[[0, 2, 3, 5], [1, 3, 4, 5], [2, 4, 5], [3, 4, 5]]	59,31,1,5	[[3, 6, 8, 10], [2, 8, 4, 3], [2, 4, 3], [4, 3, 2]]	2	[[[3], [4], [2], [5]], [[3], [5], [2], [4]]]	k2:FF=NA;k2:FF=NA
k4_certs_4_n4_2.json.gz	27	9	6	[[0, 2, 3, 5], [1, 3, 4, 5], [2, 4, 5], [3, 4, 5]]	59,34,1,5	[[3, 6, 8, 10], [2, 8, 5, 4], [2, 4, 3], [4, 3, 2]]	2	[[[3], [4], [2], [5]], [[3], [5], [2], [4]]]	k2:FF=NA;k2:FF=NA
k4_certs_4_n4_2.json.gz	27	9	6	[[0, 2, 3, 5], [1, 3, 4, 5], [2, 4, 5], [3, 4, 5]]	59,35,1,5	[[3, 6, 8, 10], [2, 8, 7, 4], [2, 4, 3], [4, 3, 2]]	2	[[[3], [4], [2], [5]], [[3], [5], [2], [4]]]	k2:FF=NA;k2:FF=NA
k4_certs_4_n4_2.json.gz	27	9	6	[[0, 2, 3, 5], [1, 3, 4, 5], [2, 4, 5], [3, 4, 5]]	59,38,1,5	[[3, 6, 8, 10], [2, 10, 6, 3], [2, 4, 3], [4, 3, 2]]	2	[[[3], [4], [2], [5]], [[3], [5], [2], [4]]]	k2:FF=NA;k2:FF=NA
k4_certs_4_n4_2.json.gz	27	9	6	[[0, 2, 3, 5], [1, 3, 4, 5], [2, 4, 5], [3, 4, 5]]	59,40,1,5	[[3, 6, 8, 10], [2, 10, 7, 4], [2, 4, 3], [4, 3, 2]]	2	[[[3], [4], [2], [5]], [[3], [5], [2], [4]]]	k2:FF=NA;k2:FF=NA
k4_certs_4_n4_2.json.gz	27	9	6	[[0, 2, 3, 5], [1, 3, 4, 5], [2, 4, 5], [3, 4, 5]]	59,41,1,5	[[3, 6, 8, 10], [2, 10, 7, 6], [2, 4, 3], [4, 3, 2]]	2	[[[3], [4], [2], [5]], [[3], [5], [2], [4]]]	k2:FF=NA;k2:FF=NA
k4_certs_4_n4_2.json.gz	27	9	6	[[0, 2, 3, 5], [1, 3, 4, 5], [2, 4, 5], [3, 4, 5]]	59,63,1,5	[[3, 6, 8, 10], [3, 7, 6, 5], [2, 4, 3], [4, 3, 2]]	2	[[[3], [4], [2], [5]], [[3], [5], [2], [4]]]	k2:FF=NA;k2:FF=NA
k4_certs_4_n4_2.json.gz	27	9	6	[[0, 2, 3, 5], [1, 3, 4, 5], [2, 4, 5], [3, 4, 5]]	59,68,1,5	[[3, 6, 8, 10], [3, 8, 6, 4], [2, 4, 3], [4, 3, 2]]	2	[[[3], [4], [2], [5]], [[3], [5], [2], [4]]]	k2:FF=NA;k2:FF=NA
k4_certs_4_n4_2.json.gz	27	9	6	[[0, 2, 3, 5], [1, 3, 4, 5], [2, 4, 5], [3, 4, 5]]	59,76,1,5	[[3, 6, 8, 10], [3, 10, 8, 4], [2, 4, 3], [4, 3, 2]]	2	[[[3], [4], [2], [5]], [[3], [5], [2], [4]]]	k2:FF=NA;k2:FF=NA
k4_certs_4_n4_2.json.gz	27	9	6	[[0, 2, 3, 5], [1, 3, 4, 5], [2, 4, 5], [3, 4, 5]]	59,77,1,5	[[3, 6, 8, 10], [3, 10, 8, 6], [2, 4, 3], [4, 3, 2]]	2	[[[3], [4], [2], [5]], [[3], [5], [2], [4]]]	k2:FF=NA;k2:FF=NA
k4_certs_4_n4_2.json.gz	27	9	6	[[0, 2, 3, 5], [1, 3, 4, 5], [2, 4, 5], [3, 4, 5]]	59,119,1,5	[[3, 6, 8, 10], [4, 8, 6, 5], [2, 4, 3], [4, 3, 2]]	2	[[[3], [4], [2], [5]], [[3], [5], [2], [4]]]	k2:FF=NA;k2:FF=NA
k4_certs_4_n4_2.json.gz	27	9	6	[[0, 2, 3, 5], [1, 3, 4, 5], [2, 4, 5], [3, 4, 5]]	81,5,1,5	[[4, 2, 5, 8], [1, 8, 6, 4], [2, 4, 3], [4, 3, 2]]	2	[[[3], [4], [2], [5]], [[3], [5], [2], [4]]]	k2:FF=NA;k2:FF=NA
k4_certs_4_n4_2.json.gz	27	9	6	[[0, 2, 3, 5], [1, 3, 4, 5], [2, 4, 5], [3, 4, 5]]	81,31,1,5	[[4, 2, 5, 8], [2, 8, 4, 3], [2, 4, 3], [4, 3, 2]]	2	[[[3], [4], [2], [5]], [[3], [5], [2], [4]]]	k2:FF=NA;k2:FF=NA
k4_certs_4_n4_2.json.gz	27	9	6	[[0, 2, 3, 5], [1, 3, 4, 5], [2, 4, 5], [3, 4, 5]]	81,34,1,5	[[4, 2, 5, 8], [2, 8, 5, 4], [2, 4, 3], [4, 3, 2]]	2	[[[3], [4], [2], [5]], [[3], [5], [2], [4]]]	k2:FF=NA;k2:FF=NA
k4_certs_4_n4_2.json.gz	27	9	6	[[0, 2, 3, 5], [1, 3, 4, 5], [2, 4, 5], [3, 4, 5]]	81,35,1,5	[[4, 2, 5, 8], [2, 8, 7, 4], [2, 4, 3], [4, 3, 2]]	2	[[[3], [4], [2], [5]], [[3], [5], [2], [4]]]	k2:FF=NA;k2:FF=NA
k4_certs_4_n4_2.json.gz	27	9	6	[[0, 2, 3, 5], [1, 3, 4, 5], [2, 4, 5], [3, 4, 5]]	81,38,1,5	[[4, 2, 5, 8], [2, 10, 6, 3], [2, 4, 3], [4, 3, 2]]	2	[[[3], [4], [2], [5]], [[3], [5], [2], [4]]]	k2:FF=NA;k2:FF=NA
k4_certs_4_n4_2.json.gz	27	9	6	[[0, 2, 3, 5], [1, 3, 4, 5], [2, 4, 5], [3, 4, 5]]	81,40,1,5	[[4, 2, 5, 8], [2, 10, 7, 4], [2, 4, 3], [4, 3, 2]]	2	[[[3], [4], [2], [5]], [[3], [5], [2], [4]]]	k2:FF=NA;k2:FF=NA
k4_certs_4_n4_2.json.gz	27	9	6	[[0, 2, 3, 5], [1, 3, 4, 5], [2, 4, 5], [3, 4, 5]]	81,41,1,5	[[4, 2, 5, 8], [2, 10, 7, 6], [2, 4, 3], [4, 3, 2]]	2	[[[3], [4], [2], [5]], [[3], [5], [2], [4]]]	k2:FF=NA;k2:FF=NA
k4_certs_4_n4_2.json.gz	27	9	6	[[0, 2, 3, 5], [1, 3, 4, 5], [2, 4, 5], [3, 4, 5]]	81,63,1,5	[[4, 2, 5, 8], [3, 7, 6, 5], [2, 4, 3], [4, 3, 2]]	2	[[[3], [4], [2], [5]], [[3], [5], [2], [4]]]	k2:FF=NA;k2:FF=NA
k4_certs_4_n4_2.json.gz	27	9	6	[[0, 2, 3, 5], [1, 3, 4, 5], [2, 4, 5], [3, 4, 5]]	81,68,1,5	[[4, 2, 5, 8], [3, 8, 6, 4], [2, 4, 3], [4, 3, 2]]	2	[[[3], [4], [2], [5]], [[3], [5], [2], [4]]]	k2:FF=NA;k2:FF=NA
k4_certs_4_n4_2.json.gz	27	9	6	[[0, 2, 3, 5], [1, 3, 4, 5], [2, 4, 5], [3, 4, 5]]	81,76,1,5	[[4, 2, 5, 8], [3, 10, 8, 4], [2, 4, 3], [4, 3, 2]]	2	[[[3], [4], [2], [5]], [[3], [5], [2], [4]]]	k2:FF=NA;k2:FF=NA
k4_certs_4_n4_2.json.gz	27	9	6	[[0, 2, 3, 5], [1, 3, 4, 5], [2, 4, 5], [3, 4, 5]]	81,77,1,5	[[4, 2, 5, 8], [3, 10, 8, 6], [2, 4, 3], [4, 3, 2]]	2	[[[3], [4], [2], [5]], [[3], [5], [2], [4]]]	k2:FF=NA;k2:FF=NA
k4_certs_4_n4_2.json.gz	27	9	6	[[0, 2, 3, 5], [1, 3, 4, 5], [2, 4, 5], [3, 4, 5]]	81,119,1,5	[[4, 2, 5, 8], [4, 8, 6, 5], [2, 4, 3], [4, 3, 2]]	2	[[[3], [4], [2], [5]], [[3], [5], [2], [4]]]	k2:FF=NA;k2:FF=NA
k4_certs_4_n4_2.json.gz	27	9	6	[[0, 2, 3, 5], [1, 3, 4, 5], [2, 4, 5], [3, 4, 5]]	89,5,1,5	[[4, 3, 6, 8], [1, 8, 6, 4], [2, 4, 3], [4, 3, 2]]	2	[[[3], [4], [2], [5]], [[3], [5], [2], [4]]]	k2:FF=NA;k2:FF=NA
k4_certs_4_n4_2.json.gz	27	9	6	[[0, 2, 3, 5], [1, 3, 4, 5], [2, 4, 5], [3, 4, 5]]	89,31,1,5	[[4, 3, 6, 8], [2, 8, 4, 3], [2, 4, 3], [4, 3, 2]]	2	[[[3], [4], [2], [5]], [[3], [5], [2], [4]]]	k2:FF=NA;k2:FF=NA
k4_certs_4_n4_2.json.gz	27	9	6	[[0, 2, 3, 5], [1, 3, 4, 5], [2, 4, 5], [3, 4, 5]]	89,34,1,5	[[4, 3, 6, 8], [2, 8, 5, 4], [2, 4, 3], [4, 3, 2]]	2	[[[3], [4], [2], [5]], [[3], [5], [2], [4]]]	k2:FF=NA;k2:FF=NA
k4_certs_4_n4_2.json.gz	27	9	6	[[0, 2, 3, 5], [1, 3, 4, 5], [2, 4, 5], [3, 4, 5]]	89,35,1,5	[[4, 3, 6, 8], [2, 8, 7, 4], [2, 4, 3], [4, 3, 2]]	2	[[[3], [4], [2], [5]], [[3], [5], [2], [4]]]	k2:FF=NA;k2:FF=NA
k4_certs_4_n4_2.json.gz	27	9	6	[[0, 2, 3, 5], [1, 3, 4, 5], [2, 4, 5], [3, 4, 5]]	89,38,1,5	[[4, 3, 6, 8], [2, 10, 6, 3], [2, 4, 3], [4, 3, 2]]	2	[[[3], [4], [2], [5]], [[3], [5], [2], [4]]]	k2:FF=NA;k2:FF=NA
k4_certs_4_n4_2.json.gz	27	9	6	[[0, 2, 3, 5], [1, 3, 4, 5], [2, 4, 5], [3, 4, 5]]	89,40,1,5	[[4, 3, 6, 8], [2, 10, 7, 4], [2, 4, 3], [4, 3, 2]]	2	[[[3], [4], [2], [5]], [[3], [5], [2], [4]]]	k2:FF=NA;k2:FF=NA
k4_certs_4_n4_2.json.gz	27	9	6	[[0, 2, 3, 5], [1, 3, 4, 5], [2, 4, 5], [3, 4, 5]]	89,41,1,5	[[4, 3, 6, 8], [2, 10, 7, 6], [2, 4, 3], [4, 3, 2]]	2	[[[3], [4], [2], [5]], [[3], [5], [2], [4]]]	k2:FF=NA;k2:FF=NA
k4_certs_4_n4_2.json.gz	27	9	6	[[0, 2, 3, 5], [1, 3, 4, 5], [2, 4, 5], [3, 4, 5]]	89,63,1,5	[[4, 3, 6, 8], [3, 7, 6, 5], [2, 4, 3], [4, 3, 2]]	2	[[[3], [4], [2], [5]], [[3], [5], [2], [4]]]	k2:FF=NA;k2:FF=NA
k4_certs_4_n4_2.json.gz	27	9	6	[[0, 2, 3, 5], [1, 3, 4, 5], [2, 4, 5], [3, 4, 5]]	89,68,1,5	[[4, 3, 6, 8], [3, 8, 6, 4], [2, 4, 3], [4, 3, 2]]	2	[[[3], [4], [2], [5]], [[3], [5], [2], [4]]]	k2:FF=NA;k2:FF=NA
k4_certs_4_n4_2.json.gz	27	9	6	[[0, 2, 3, 5], [1, 3, 4, 5], [2, 4, 5], [3, 4, 5]]	89,76,1,5	[[4, 3, 6, 8], [3, 10, 8, 4], [2, 4, 3], [4, 3, 2]]	2	[[[3], [4], [2], [5]], [[3], [5], [2], [4]]]	k2:FF=NA;k2:FF=NA
k4_certs_4_n4_2.json.gz	27	9	6	[[0, 2, 3, 5], [1, 3, 4, 5], [2, 4, 5], [3, 4, 5]]	89,77,1,5	[[4, 3, 6, 8], [3, 10, 8, 6], [2, 4, 3], [4, 3, 2]]	2	[[[3], [4], [2], [5]], [[3], [5], [2], [4]]]	k2:FF=NA;k2:FF=NA
k4_certs_4_n4_2.json.gz	27	9	6	[[0, 2, 3, 5], [1, 3, 4, 5], [2, 4, 5], [3, 4, 5]]	89,119,1,5	[[4, 3, 6, 8], [4, 8, 6, 5], [2, 4, 3], [4, 3, 2]]	2	[[[3], [4], [2], [5]], [[3], [5], [2], [4]]]	k2:FF=NA;k2:FF=NA
k4_certs_4_n4_2.json.gz	27	9	6	[[0, 2, 3, 5], [1, 3, 4, 5], [2, 4, 5], [3, 4, 5]]	147,5,1,5	[[6, 2, 7, 10], [1, 8, 6, 4], [2, 4, 3], [4, 3, 2]]	2	[[[3], [4], [2], [5]], [[3], [5], [2], [4]]]	k2:FF=NA;k2:FF=NA
k4_certs_4_n4_2.json.gz	27	9	6	[[0, 2, 3, 5], [1, 3, 4, 5], [2, 4, 5], [3, 4, 5]]	147,31,1,5	[[6, 2, 7, 10], [2, 8, 4, 3], [2, 4, 3], [4, 3, 2]]	2	[[[3], [4], [2], [5]], [[3], [5], [2], [4]]]	k2:FF=NA;k2:FF=NA
k4_certs_4_n4_2.json.gz	27	9	6	[[0, 2, 3, 5], [1, 3, 4, 5], [2, 4, 5], [3, 4, 5]]	147,34,1,5	[[6, 2, 7, 10], [2, 8, 5, 4], [2, 4, 3], [4, 3, 2]]	2	[[[3], [4], [2], [5]], [[3], [5], [2], [4]]]	k2:FF=NA;k2:FF=NA
k4_certs_4_n4_2.json.gz	27	9	6	[[0, 2, 3, 5], [1, 3, 4, 5], [2, 4, 5], [3, 4, 5]]	147,35,1,5	[[6, 2, 7, 10], [2, 8, 7, 4], [2, 4, 3], [4, 3, 2]]	2	[[[3], [4], [2], [5]], [[3], [5], [2], [4]]]	k2:FF=NA;k2:FF=NA
k4_certs_4_n4_2.json.gz	27	9	6	[[0, 2, 3, 5], [1, 3, 4, 5], [2, 4, 5], [3, 4, 5]]	147,38,1,5	[[6, 2, 7, 10], [2, 10, 6, 3], [2, 4, 3], [4, 3, 2]]	2	[[[3], [4], [2], [5]], [[3], [5], [2], [4]]]	k2:FF=NA;k2:FF=NA
k4_certs_4_n4_2.json.gz	27	9	6	[[0, 2, 3, 5], [1, 3, 4, 5], [2, 4, 5], [3, 4, 5]]	147,40,1,5	[[6, 2, 7, 10], [2, 10, 7, 4], [2, 4, 3], [4, 3, 2]]	2	[[[3], [4], [2], [5]], [[3], [5], [2], [4]]]	k2:FF=NA;k2:FF=NA
k4_certs_4_n4_2.json.gz	27	9	6	[[0, 2, 3, 5], [1, 3, 4, 5], [2, 4, 5], [3, 4, 5]]	147,41,1,5	[[6, 2, 7, 10], [2, 10, 7, 6], [2, 4, 3], [4, 3, 2]]	2	[[[3], [4], [2], [5]], [[3], [5], [2], [4]]]	k2:FF=NA;k2:FF=NA
k4_certs_4_n4_2.json.gz	27	9	6	[[0, 2, 3, 5], [1, 3, 4, 5], [2, 4, 5], [3, 4, 5]]	147,63,1,5	[[6, 2, 7, 10], [3, 7, 6, 5], [2, 4, 3], [4, 3, 2]]	2	[[[3], [4], [2], [5]], [[3], [5], [2], [4]]]	k2:FF=NA;k2:FF=NA
k4_certs_4_n4_2.json.gz	27	9	6	[[0, 2, 3, 5], [1, 3, 4, 5], [2, 4, 5], [3, 4, 5]]	147,68,1,5	[[6, 2, 7, 10], [3, 8, 6, 4], [2, 4, 3], [4, 3, 2]]	2	[[[3], [4], [2], [5]], [[3], [5], [2], [4]]]	k2:FF=NA;k2:FF=NA
k4_certs_4_n4_2.json.gz	27	9	6	[[0, 2, 3, 5], [1, 3, 4, 5], [2, 4, 5], [3, 4, 5]]	147,76,1,5	[[6, 2, 7, 10], [3, 10, 8, 4], [2, 4, 3], [4, 3, 2]]	2	[[[3], [4], [2], [5]], [[3], [5], [2], [4]]]	k2:FF=NA;k2:FF=NA
k4_certs_4_n4_2.json.gz	27	9	6	[[0, 2, 3, 5], [1, 3, 4, 5], [2, 4, 5], [3, 4, 5]]	147,77,1,5	[[6, 2, 7, 10], [3, 10, 8, 6], [2, 4, 3], [4, 3, 2]]	2	[[[3], [4], [2], [5]], [[3], [5], [2], [4]]]	k2:FF=NA;k2:FF=NA
k4_certs_4_n4_2.json.gz	27	9	6	[[0, 2, 3, 5], [1, 3, 4, 5], [2, 4, 5], [3, 4, 5]]	147,119,1,5	[[6, 2, 7, 10], [4, 8, 6, 5], [2, 4, 3], [4, 3, 2]]	2	[[[3], [4], [2], [5]], [[3], [5], [2], [4]]]	k2:FF=NA;k2:FF=NA
k4_certs_4_n4_2.json.gz	27	9	6	[[0, 2, 3, 5], [1, 3, 4, 5], [2, 4, 5], [3, 4, 5]]	155,5,1,5	[[6, 3, 8, 10], [1, 8, 6, 4], [2, 4, 3], [4, 3, 2]]	2	[[[3], [4], [2], [5]], [[3], [5], [2], [4]]]	k2:FF=NA;k2:FF=NA
k4_certs_4_n4_2.json.gz	27	9	6	[[0, 2, 3, 5], [1, 3, 4, 5], [2, 4, 5], [3, 4, 5]]	155,31,1,5	[[6, 3, 8, 10], [2, 8, 4, 3], [2, 4, 3], [4, 3, 2]]	2	[[[3], [4], [2], [5]], [[3], [5], [2], [4]]]	k2:FF=NA;k2:FF=NA
k4_certs_4_n4_2.json.gz	27	9	6	[[0, 2, 3, 5], [1, 3, 4, 5], [2, 4, 5], [3, 4, 5]]	155,34,1,5	[[6, 3, 8, 10], [2, 8, 5, 4], [2, 4, 3], [4, 3, 2]]	2	[[[3], [4], [2], [5]], [[3], [5], [2], [4]]]	k2:FF=NA;k2:FF=NA
k4_certs_4_n4_2.json.gz	27	9	6	[[0, 2, 3, 5], [1, 3, 4, 5], [2, 4, 5], [3, 4, 5]]	155,35,1,5	[[6, 3, 8, 10], [2, 8, 7, 4], [2, 4, 3], [4, 3, 2]]	2	[[[3], [4], [2], [5]], [[3], [5], [2], [4]]]	k2:FF=NA;k2:FF=NA
k4_certs_4_n4_2.json.gz	27	9	6	[[0, 2, 3, 5], [1, 3, 4, 5], [2, 4, 5], [3, 4, 5]]	155,38,1,5	[[6, 3, 8, 10], [2, 10, 6, 3], [2, 4, 3], [4, 3, 2]]	2	[[[3], [4], [2], [5]], [[3], [5], [2], [4]]]	k2:FF=NA;k2:FF=NA
k4_certs_4_n4_2.json.gz	27	9	6	[[0, 2, 3, 5], [1, 3, 4, 5], [2, 4, 5], [3, 4, 5]]	155,40,1,5	[[6, 3, 8, 10], [2, 10, 7, 4], [2, 4, 3], [4, 3, 2]]	2	[[[3], [4], [2], [5]], [[3], [5], [2], [4]]]	k2:FF=NA;k2:FF=NA
k4_certs_4_n4_2.json.gz	27	9	6	[[0, 2, 3, 5], [1, 3, 4, 5], [2, 4, 5], [3, 4, 5]]	155,41,1,5	[[6, 3, 8, 10], [2, 10, 7, 6], [2, 4, 3], [4, 3, 2]]	2	[[[3], [4], [2], [5]], [[3], [5], [2], [4]]]	k2:FF=NA;k2:FF=NA
k4_certs_4_n4_2.json.gz	27	9	6	[[0, 2, 3, 5], [1, 3, 4, 5], [2, 4, 5], [3, 4, 5]]	155,63,1,5	[[6, 3, 8, 10], [3, 7, 6, 5], [2, 4, 3], [4, 3, 2]]	2	[[[3], [4], [2], [5]], [[3], [5], [2], [4]]]	k2:FF=NA;k2:FF=NA
k4_certs_4_n4_2.json.gz	27	9	6	[[0, 2, 3, 5], [1, 3, 4, 5], [2, 4, 5], [3, 4, 5]]	155,68,1,5	[[6, 3, 8, 10], [3, 8, 6, 4], [2, 4, 3], [4, 3, 2]]	2	[[[3], [4], [2], [5]], [[3], [5], [2], [4]]]	k2:FF=NA;k2:FF=NA
k4_certs_4_n4_2.json.gz	27	9	6	[[0, 2, 3, 5], [1, 3, 4, 5], [2, 4, 5], [3, 4, 5]]	155,76,1,5	[[6, 3, 8, 10], [3, 10, 8, 4], [2, 4, 3], [4, 3, 2]]	2	[[[3], [4], [2], [5]], [[3], [5], [2], [4]]]	k2:FF=NA;k2:FF=NA
k4_certs_4_n4_2.json.gz	27	9	6	[[0, 2, 3, 5], [1, 3, 4, 5], [2, 4, 5], [3, 4, 5]]	155,77,1,5	[[6, 3, 8, 10], [3, 10, 8, 6], [2, 4, 3], [4, 3, 2]]	2	[[[3], [4], [2], [5]], [[3], [5], [2], [4]]]	k2:FF=NA;k2:FF=NA
k4_certs_4_n4_2.json.gz	27	9	6	[[0, 2, 3, 5], [1, 3, 4, 5], [2, 4, 5], [3, 4, 5]]	155,119,1,5	[[6, 3, 8, 10], [4, 8, 6, 5], [2, 4, 3], [4, 3, 2]]	2	[[[3], [4], [2], [5]], [[3], [5], [2], [4]]]	k2:FF=NA;k2:FF=NA
k4_certs_4_n4_2.json.gz	28	10	6	[[0, 2, 3, 5], [1, 4, 5], [2, 3, 4, 5], [3, 4, 5]]	6,1,5,5	[[2, 3, 4, 8], [2, 4, 3], [1, 8, 6, 4], [4, 3, 2]]	2	[[[3], [1], [4], [5]], [[3], [1], [5], [4]]]	k2:FF=NA;k2:FF=NA
k4_certs_4_n4_2.json.gz	28	10	6	[[0, 2, 3, 5], [1, 4, 5], [2, 3, 4, 5], [3, 4, 5]]	6,1,31,5	[[2, 3, 4, 8], [2, 4, 3], [2, 8, 4, 3], [4, 3, 2]]	2	[[[3], [1], [4], [5]], [[3], [1], [5], [4]]]	k2:FF=NA;k2:FF=NA
k4_certs_4_n4_2.json.gz	28	10	6	[[0, 2, 3, 5], [1, 4, 5], [2, 3, 4, 5], [3, 4, 5]]	6,1,34,5	[[2, 3, 4, 8], [2, 4, 3], [2, 8, 5, 4], [4, 3, 2]]	2	[[[3], [1], [4], [5]], [[3], [1], [5], [4]]]	k2:FF=NA;k2:FF=NA
k4_certs_4_n4_2.json.gz	28	10	6	[[0, 2, 3, 5], [1, 4, 5], [2, 3, 4, 5], [3, 4, 5]]	6,1,35,5	[[2, 3, 4, 8], [2, 4, 3], [2, 8, 7, 4], [4, 3, 2]]	2	[[[3], [1], [4], [5]], [[3], [1], [5], [4]]]	k2:FF=NA;k2:FF=NA
k4_certs_4_n4_2.json.gz	28	10	6	[[0, 2, 3, 5], [1, 4, 5], [2, 3, 4, 5], [3, 4, 5]]	6,1,38,5	[[2, 3, 4, 8], [2, 4, 3], [2, 10, 6, 3], [4, 3, 2]]	2	[[[3], [1], [4], [5]], [[3], [1], [5], [4]]]	k2:FF=NA;k2:FF=NA
k4_certs_4_n4_2.json.gz	28	10	6	[[0, 2, 3, 5], [1, 4, 5], [2, 3, 4, 5], [3, 4, 5]]	6,1,40,5	[[2, 3, 4, 8], [2, 4, 3], [2, 10, 7, 4], [4, 3, 2]]	2	[[[3], [1], [4], [5]], [[3], [1], [5], [4]]]	k2:FF=NA;k2:FF=NA
k4_certs_4_n4_2.json.gz	28	10	6	[[0, 2, 3, 5], [1, 4, 5], [2, 3, 4, 5], [3, 4, 5]]	6,1,41,5	[[2, 3, 4, 8], [2, 4, 3], [2, 10, 7, 6], [4, 3, 2]]	2	[[[3], [1], [4], [5]], [[3], [1], [5], [4]]]	k2:FF=NA;k2:FF=NA
k4_certs_4_n4_2.json.gz	28	10	6	[[0, 2, 3, 5], [1, 4, 5], [2, 3, 4, 5], [3, 4, 5]]	6,1,63,5	[[2, 3, 4, 8], [2, 4, 3], [3, 7, 6, 5], [4, 3, 2]]	2	[[[3], [1], [4], [5]], [[3], [1], [5], [4]]]	k2:FF=NA;k2:FF=NA
k4_certs_4_n4_2.json.gz	28	10	6	[[0, 2, 3, 5], [1, 4, 5], [2, 3, 4, 5], [3, 4, 5]]	6,1,68,5	[[2, 3, 4, 8], [2, 4, 3], [3, 8, 6, 4], [4, 3, 2]]	2	[[[3], [1], [4], [5]], [[3], [1], [5], [4]]]	k2:FF=NA;k2:FF=NA
k4_certs_4_n4_2.json.gz	28	10	6	[[0, 2, 3, 5], [1, 4, 5], [2, 3, 4, 5], [3, 4, 5]]	6,1,76,5	[[2, 3, 4, 8], [2, 4, 3], [3, 10, 8, 4], [4, 3, 2]]	2	[[[3], [1], [4], [5]], [[3], [1], [5], [4]]]	k2:FF=NA;k2:FF=NA
k4_certs_4_n4_2.json.gz	28	10	6	[[0, 2, 3, 5], [1, 4, 5], [2, 3, 4, 5], [3, 4, 5]]	6,1,77,5	[[2, 3, 4, 8], [2, 4, 3], [3, 10, 8, 6], [4, 3, 2]]	2	[[[3], [1], [4], [5]], [[3], [1], [5], [4]]]	k2:FF=NA;k2:FF=NA
k4_certs_4_n4_2.json.gz	28	10	6	[[0, 2, 3, 5], [1, 4, 5], [2, 3, 4, 5], [3, 4, 5]]	6,1,119,5	[[2, 3, 4, 8], [2, 4, 3], [4, 8, 6, 5], [4, 3, 2]]	2	[[[3], [1], [4], [5]], [[3], [1], [5], [4]]]	k2:FF=NA;k2:FF=NA
k4_certs_4_n4_2.json.gz	28	10	6	[[0, 2, 3, 5], [1, 4, 5], [2, 3, 4, 5], [3, 4, 5]]	11,1,5,5	[[2, 4, 5, 8], [2, 4, 3], [1, 8, 6, 4], [4, 3, 2]]	2	[[[3], [1], [4], [5]], [[3], [1], [5], [4]]]	k2:FF=NA;k2:FF=NA
k4_certs_4_n4_2.json.gz	28	10	6	[[0, 2, 3, 5], [1, 4, 5], [2, 3, 4, 5], [3, 4, 5]]	11,1,31,5	[[2, 4, 5, 8], [2, 4, 3], [2, 8, 4, 3], [4, 3, 2]]	2	[[[3], [1], [4], [5]], [[3], [1], [5], [4]]]	k2:FF=NA;k2:FF=NA
k4_certs_4_n4_2.json.gz	28	10	6	[[0, 2, 3, 5], [1, 4, 5], [2, 3, 4, 5], [3, 4, 5]]	11,1,34,5	[[2, 4, 5, 8], [2, 4, 3], [2, 8, 5, 4], [4, 3, 2]]	2	[[[3], [1], [4], [5]], [[3], [1], [5], [4]]]	k2:FF=NA;k2:FF=NA
k4_certs_4_n4_2.json.gz	28	10	6	[[0, 2, 3, 5], [1, 4, 5], [2, 3, 4, 5], [3, 4, 5]]	11,1,35,5	[[2, 4, 5, 8], [2, 4, 3], [2, 8, 7, 4], [4, 3, 2]]	2	[[[3], [1], [4], [5]], [[3], [1], [5], [4]]]	k2:FF=NA;k2:FF=NA
k4_certs_4_n4_2.json.gz	28	10	6	[[0, 2, 3, 5], [1, 4, 5], [2, 3, 4, 5], [3, 4, 5]]	11,1,38,5	[[2, 4, 5, 8], [2, 4, 3], [2, 10, 6, 3], [4, 3, 2]]	2	[[[3], [1], [4], [5]], [[3], [1], [5], [4]]]	k2:FF=NA;k2:FF=NA
k4_certs_4_n4_2.json.gz	28	10	6	[[0, 2, 3, 5], [1, 4, 5], [2, 3, 4, 5], [3, 4, 5]]	11,1,40,5	[[2, 4, 5, 8], [2, 4, 3], [2, 10, 7, 4], [4, 3, 2]]	2	[[[3], [1], [4], [5]], [[3], [1], [5], [4]]]	k2:FF=NA;k2:FF=NA
k4_certs_4_n4_2.json.gz	28	10	6	[[0, 2, 3, 5], [1, 4, 5], [2, 3, 4, 5], [3, 4, 5]]	11,1,41,5	[[2, 4, 5, 8], [2, 4, 3], [2, 10, 7, 6], [4, 3, 2]]	2	[[[3], [1], [4], [5]], [[3], [1], [5], [4]]]	k2:FF=NA;k2:FF=NA
k4_certs_4_n4_2.json.gz	28	10	6	[[0, 2, 3, 5], [1, 4, 5], [2, 3, 4, 5], [3, 4, 5]]	11,1,63,5	[[2, 4, 5, 8], [2, 4, 3], [3, 7, 6, 5], [4, 3, 2]]	2	[[[3], [1], [4], [5]], [[3], [1], [5], [4]]]	k2:FF=NA;k2:FF=NA
k4_certs_4_n4_2.json.gz	28	10	6	[[0, 2, 3, 5], [1, 4, 5], [2, 3, 4, 5], [3, 4, 5]]	11,1,68,5	[[2, 4, 5, 8], [2, 4, 3], [3, 8, 6, 4], [4, 3, 2]]	2	[[[3], [1], [4], [5]], [[3], [1], [5], [4]]]	k2:FF=NA;k2:FF=NA
k4_certs_4_n4_2.json.gz	28	10	6	[[0, 2, 3, 5], [1, 4, 5], [2, 3, 4, 5], [3, 4, 5]]	11,1,76,5	[[2, 4, 5, 8], [2, 4, 3], [3, 10, 8, 4], [4, 3, 2]]	2	[[[3], [1], [4], [5]], [[3], [1], [5], [4]]]	k2:FF=NA;k2:FF=NA
k4_certs_4_n4_2.json.gz	28	10	6	[[0, 2, 3, 5], [1, 4, 5], [2, 3, 4, 5], [3, 4, 5]]	11,1,77,5	[[2, 4, 5, 8], [2, 4, 3], [3, 10, 8, 6], [4, 3, 2]]	2	[[[3], [1], [4], [5]], [[3], [1], [5], [4]]]	k2:FF=NA;k2:FF=NA
k4_certs_4_n4_2.json.gz	28	10	6	[[0, 2, 3, 5], [1, 4, 5], [2, 3, 4, 5], [3, 4, 5]]	11,1,119,5	[[2, 4, 5, 8], [2, 4, 3], [4, 8, 6, 5], [4, 3, 2]]	2	[[[3], [1], [4], [5]], [[3], [1], [5], [4]]]	k2:FF=NA;k2:FF=NA
k4_certs_4_n4_2.json.gz	28	10	6	[[0, 2, 3, 5], [1, 4, 5], [2, 3, 4, 5], [3, 4, 5]]	21,1,5,5	[[2, 6, 7, 10], [2, 4, 3], [1, 8, 6, 4], [4, 3, 2]]	2	[[[3], [1], [4], [5]], [[3], [1], [5], [4]]]	k2:FF=NA;k2:FF=NA
k4_certs_4_n4_2.json.gz	28	10	6	[[0, 2, 3, 5], [1, 4, 5], [2, 3, 4, 5], [3, 4, 5]]	21,1,31,5	[[2, 6, 7, 10], [2, 4, 3], [2, 8, 4, 3], [4, 3, 2]]	2	[[[3], [1], [4], [5]], [[3], [1], [5], [4]]]	k2:FF=NA;k2:FF=NA
k4_certs_4_n4_2.json.gz	28	10	6	[[0, 2, 3, 5], [1, 4, 5], [2, 3, 4, 5], [3, 4, 5]]	21,1,34,5	[[2, 6, 7, 10], [2, 4, 3], [2, 8, 5, 4], [4, 3, 2]]	2	[[[3], [1], [4], [5]], [[3], [1], [5], [4]]]	k2:FF=NA;k2:FF=NA
k4_certs_4_n4_2.json.gz	28	10	6	[[0, 2, 3, 5], [1, 4, 5], [2, 3, 4, 5], [3, 4, 5]]	21,1,35,5	[[2, 6, 7, 10], [2, 4, 3], [2, 8, 7, 4], [4, 3, 2]]	2	[[[3], [1], [4], [5]], [[3], [1], [5], [4]]]	k2:FF=NA;k2:FF=NA
k4_certs_4_n4_2.json.gz	28	10	6	[[0, 2, 3, 5], [1, 4, 5], [2, 3, 4, 5], [3, 4, 5]]	21,1,38,5	[[2, 6, 7, 10], [2, 4, 3], [2, 10, 6, 3], [4, 3, 2]]	2	[[[3], [1], [4], [5]], [[3], [1], [5], [4]]]	k2:FF=NA;k2:FF=NA
k4_certs_4_n4_2.json.gz	28	10	6	[[0, 2, 3, 5], [1, 4, 5], [2, 3, 4, 5], [3, 4, 5]]	21,1,40,5	[[2, 6, 7, 10], [2, 4, 3], [2, 10, 7, 4], [4, 3, 2]]	2	[[[3], [1], [4], [5]], [[3], [1], [5], [4]]]	k2:FF=NA;k2:FF=NA
k4_certs_4_n4_2.json.gz	28	10	6	[[0, 2, 3, 5], [1, 4, 5], [2, 3, 4, 5], [3, 4, 5]]	21,1,41,5	[[2, 6, 7, 10], [2, 4, 3], [2, 10, 7, 6], [4, 3, 2]]	2	[[[3], [1], [4], [5]], [[3], [1], [5], [4]]]	k2:FF=NA;k2:FF=NA
k4_certs_4_n4_2.json.gz	28	10	6	[[0, 2, 3, 5], [1, 4, 5], [2, 3, 4, 5], [3, 4, 5]]	21,1,63,5	[[2, 6, 7, 10], [2, 4, 3], [3, 7, 6, 5], [4, 3, 2]]	2	[[[3], [1], [4], [5]], [[3], [1], [5], [4]]]	k2:FF=NA;k2:FF=NA
k4_certs_4_n4_2.json.gz	28	10	6	[[0, 2, 3, 5], [1, 4, 5], [2, 3, 4, 5], [3, 4, 5]]	21,1,68,5	[[2, 6, 7, 10], [2, 4, 3], [3, 8, 6, 4], [4, 3, 2]]	2	[[[3], [1], [4], [5]], [[3], [1], [5], [4]]]	k2:FF=NA;k2:FF=NA
k4_certs_4_n4_2.json.gz	28	10	6	[[0, 2, 3, 5], [1, 4, 5], [2, 3, 4, 5], [3, 4, 5]]	21,1,76,5	[[2, 6, 7, 10], [2, 4, 3], [3, 10, 8, 4], [4, 3, 2]]	2	[[[3], [1], [4], [5]], [[3], [1], [5], [4]]]	k2:FF=NA;k2:FF=NA
k4_certs_4_n4_2.json.gz	28	10	6	[[0, 2, 3, 5], [1, 4, 5], [2, 3, 4, 5], [3, 4, 5]]	21,1,77,5	[[2, 6, 7, 10], [2, 4, 3], [3, 10, 8, 6], [4, 3, 2]]	2	[[[3], [1], [4], [5]], [[3], [1], [5], [4]]]	k2:FF=NA;k2:FF=NA
k4_certs_4_n4_2.json.gz	28	10	6	[[0, 2, 3, 5], [1, 4, 5], [2, 3, 4, 5], [3, 4, 5]]	21,1,119,5	[[2, 6, 7, 10], [2, 4, 3], [4, 8, 6, 5], [4, 3, 2]]	2	[[[3], [1], [4], [5]], [[3], [1], [5], [4]]]	k2:FF=NA;k2:FF=NA
k4_certs_4_n4_2.json.gz	28	10	6	[[0, 2, 3, 5], [1, 4, 5], [2, 3, 4, 5], [3, 4, 5]]	42,1,5,5	[[3, 2, 4, 8], [2, 4, 3], [1, 8, 6, 4], [4, 3, 2]]	2	[[[3], [1], [4], [5]], [[3], [1], [5], [4]]]	k2:FF=NA;k2:FF=NA
k4_certs_4_n4_2.json.gz	28	10	6	[[0, 2, 3, 5], [1, 4, 5], [2, 3, 4, 5], [3, 4, 5]]	42,1,31,5	[[3, 2, 4, 8], [2, 4, 3], [2, 8, 4, 3], [4, 3, 2]]	2	[[[3], [1], [4], [5]], [[3], [1], [5], [4]]]	k2:FF=NA;k2:FF=NA
k4_certs_4_n4_2.json.gz	28	10	6	[[0, 2, 3, 5], [1, 4, 5], [2, 3, 4, 5], [3, 4, 5]]	42,1,34,5	[[3, 2, 4, 8], [2, 4, 3], [2, 8, 5, 4], [4, 3, 2]]	2	[[[3], [1], [4], [5]], [[3], [1], [5], [4]]]	k2:FF=NA;k2:FF=NA
k4_certs_4_n4_2.json.gz	28	10	6	[[0, 2, 3, 5], [1, 4, 5], [2, 3, 4, 5], [3, 4, 5]]	42,1,35,5	[[3, 2, 4, 8], [2, 4, 3], [2, 8, 7, 4], [4, 3, 2]]	2	[[[3], [1], [4], [5]], [[3], [1], [5], [4]]]	k2:FF=NA;k2:FF=NA
k4_certs_4_n4_2.json.gz	28	10	6	[[0, 2, 3, 5], [1, 4, 5], [2, 3, 4, 5], [3, 4, 5]]	42,1,38,5	[[3, 2, 4, 8], [2, 4, 3], [2, 10, 6, 3], [4, 3, 2]]	2	[[[3], [1], [4], [5]], [[3], [1], [5], [4]]]	k2:FF=NA;k2:FF=NA
k4_certs_4_n4_2.json.gz	28	10	6	[[0, 2, 3, 5], [1, 4, 5], [2, 3, 4, 5], [3, 4, 5]]	42,1,40,5	[[3, 2, 4, 8], [2, 4, 3], [2, 10, 7, 4], [4, 3, 2]]	2	[[[3], [1], [4], [5]], [[3], [1], [5], [4]]]	k2:FF=NA;k2:FF=NA
k4_certs_4_n4_2.json.gz	28	10	6	[[0, 2, 3, 5], [1, 4, 5], [2, 3, 4, 5], [3, 4, 5]]	42,1,41,5	[[3, 2, 4, 8], [2, 4, 3], [2, 10, 7, 6], [4, 3, 2]]	2	[[[3], [1], [4], [5]], [[3], [1], [5], [4]]]	k2:FF=NA;k2:FF=NA
k4_certs_4_n4_2.json.gz	28	10	6	[[0, 2, 3, 5], [1, 4, 5], [2, 3, 4, 5], [3, 4, 5]]	42,1,63,5	[[3, 2, 4, 8], [2, 4, 3], [3, 7, 6, 5], [4, 3, 2]]	2	[[[3], [1], [4], [5]], [[3], [1], [5], [4]]]	k2:FF=NA;k2:FF=NA
k4_certs_4_n4_2.json.gz	28	10	6	[[0, 2, 3, 5], [1, 4, 5], [2, 3, 4, 5], [3, 4, 5]]	42,1,68,5	[[3, 2, 4, 8], [2, 4, 3], [3, 8, 6, 4], [4, 3, 2]]	2	[[[3], [1], [4], [5]], [[3], [1], [5], [4]]]	k2:FF=NA;k2:FF=NA
k4_certs_4_n4_2.json.gz	28	10	6	[[0, 2, 3, 5], [1, 4, 5], [2, 3, 4, 5], [3, 4, 5]]	42,1,76,5	[[3, 2, 4, 8], [2, 4, 3], [3, 10, 8, 4], [4, 3, 2]]	2	[[[3], [1], [4], [5]], [[3], [1], [5], [4]]]	k2:FF=NA;k2:FF=NA
k4_certs_4_n4_2.json.gz	28	10	6	[[0, 2, 3, 5], [1, 4, 5], [2, 3, 4, 5], [3, 4, 5]]	42,1,77,5	[[3, 2, 4, 8], [2, 4, 3], [3, 10, 8, 6], [4, 3, 2]]	2	[[[3], [1], [4], [5]], [[3], [1], [5], [4]]]	k2:FF=NA;k2:FF=NA
k4_certs_4_n4_2.json.gz	28	10	6	[[0, 2, 3, 5], [1, 4, 5], [2, 3, 4, 5], [3, 4, 5]]	42,1,119,5	[[3, 2, 4, 8], [2, 4, 3], [4, 8, 6, 5], [4, 3, 2]]	2	[[[3], [1], [4], [5]], [[3], [1], [5], [4]]]	k2:FF=NA;k2:FF=NA
k4_certs_4_n4_2.json.gz	28	10	6	[[0, 2, 3, 5], [1, 4, 5], [2, 3, 4, 5], [3, 4, 5]]	47,1,5,5	[[3, 4, 6, 8], [2, 4, 3], [1, 8, 6, 4], [4, 3, 2]]	2	[[[3], [1], [4], [5]], [[3], [1], [5], [4]]]	k2:FF=NA;k2:FF=NA
k4_certs_4_n4_2.json.gz	28	10	6	[[0, 2, 3, 5], [1, 4, 5], [2, 3, 4, 5], [3, 4, 5]]	47,1,31,5	[[3, 4, 6, 8], [2, 4, 3], [2, 8, 4, 3], [4, 3, 2]]	2	[[[3], [1], [4], [5]], [[3], [1], [5], [4]]]	k2:FF=NA;k2:FF=NA
k4_certs_4_n4_2.json.gz	28	10	6	[[0, 2, 3, 5], [1, 4, 5], [2, 3, 4, 5], [3, 4, 5]]	47,1,34,5	[[3, 4, 6, 8], [2, 4, 3], [2, 8, 5, 4], [4, 3, 2]]	2	[[[3], [1], [4], [5]], [[3], [1], [5], [4]]]	k2:FF=NA;k2:FF=NA
k4_certs_4_n4_2.json.gz	28	10	6	[[0, 2, 3, 5], [1, 4, 5], [2, 3, 4, 5], [3, 4, 5]]	47,1,35,5	[[3, 4, 6, 8], [2, 4, 3], [2, 8, 7, 4], [4, 3, 2]]	2	[[[3], [1], [4], [5]], [[3], [1], [5], [4]]]	k2:FF=NA;k2:FF=NA
k4_certs_4_n4_2.json.gz	28	10	6	[[0, 2, 3, 5], [1, 4, 5], [2, 3, 4, 5], [3, 4, 5]]	47,1,38,5	[[3, 4, 6, 8], [2, 4, 3], [2, 10, 6, 3], [4, 3, 2]]	2	[[[3], [1], [4], [5]], [[3], [1], [5], [4]]]	k2:FF=NA;k2:FF=NA
k4_certs_4_n4_2.json.gz	28	10	6	[[0, 2, 3, 5], [1, 4, 5], [2, 3, 4, 5], [3, 4, 5]]	47,1,40,5	[[3, 4, 6, 8], [2, 4, 3], [2, 10, 7, 4], [4, 3, 2]]	2	[[[3], [1], [4], [5]], [[3], [1], [5], [4]]]	k2:FF=NA;k2:FF=NA
k4_certs_4_n4_2.json.gz	28	10	6	[[0, 2, 3, 5], [1, 4, 5], [2, 3, 4, 5], [3, 4, 5]]	47,1,41,5	[[3, 4, 6, 8], [2, 4, 3], [2, 10, 7, 6], [4, 3, 2]]	2	[[[3], [1], [4], [5]], [[3], [1], [5], [4]]]	k2:FF=NA;k2:FF=NA
k4_certs_4_n4_2.json.gz	28	10	6	[[0, 2, 3, 5], [1, 4, 5], [2, 3, 4, 5], [3, 4, 5]]	47,1,63,5	[[3, 4, 6, 8], [2, 4, 3], [3, 7, 6, 5], [4, 3, 2]]	2	[[[3], [1], [4], [5]], [[3], [1], [5], [4]]]	k2:FF=NA;k2:FF=NA
k4_certs_4_n4_2.json.gz	28	10	6	[[0, 2, 3, 5], [1, 4, 5], [2, 3, 4, 5], [3, 4, 5]]	47,1,68,5	[[3, 4, 6, 8], [2, 4, 3], [3, 8, 6, 4], [4, 3, 2]]	2	[[[3], [1], [4], [5]], [[3], [1], [5], [4]]]	k2:FF=NA;k2:FF=NA
k4_certs_4_n4_2.json.gz	28	10	6	[[0, 2, 3, 5], [1, 4, 5], [2, 3, 4, 5], [3, 4, 5]]	47,1,76,5	[[3, 4, 6, 8], [2, 4, 3], [3, 10, 8, 4], [4, 3, 2]]	2	[[[3], [1], [4], [5]], [[3], [1], [5], [4]]]	k2:FF=NA;k2:FF=NA
k4_certs_4_n4_2.json.gz	28	10	6	[[0, 2, 3, 5], [1, 4, 5], [2, 3, 4, 5], [3, 4, 5]]	47,1,77,5	[[3, 4, 6, 8], [2, 4, 3], [3, 10, 8, 6], [4, 3, 2]]	2	[[[3], [1], [4], [5]], [[3], [1], [5], [4]]]	k2:FF=NA;k2:FF=NA
k4_certs_4_n4_2.json.gz	28	10	6	[[0, 2, 3, 5], [1, 4, 5], [2, 3, 4, 5], [3, 4, 5]]	47,1,119,5	[[3, 4, 6, 8], [2, 4, 3], [4, 8, 6, 5], [4, 3, 2]]	2	[[[3], [1], [4], [5]], [[3], [1], [5], [4]]]	k2:FF=NA;k2:FF=NA
k4_certs_4_n4_2.json.gz	28	10	6	[[0, 2, 3, 5], [1, 4, 5], [2, 3, 4, 5], [3, 4, 5]]	59,1,5,5	[[3, 6, 8, 10], [2, 4, 3], [1, 8, 6, 4], [4, 3, 2]]	2	[[[3], [1], [4], [5]], [[3], [1], [5], [4]]]	k2:FF=NA;k2:FF=NA
k4_certs_4_n4_2.json.gz	28	10	6	[[0, 2, 3, 5], [1, 4, 5], [2, 3, 4, 5], [3, 4, 5]]	59,1,31,5	[[3, 6, 8, 10], [2, 4, 3], [2, 8, 4, 3], [4, 3, 2]]	2	[[[3], [1], [4], [5]], [[3], [1], [5], [4]]]	k2:FF=NA;k2:FF=NA
k4_certs_4_n4_2.json.gz	28	10	6	[[0, 2, 3, 5], [1, 4, 5], [2, 3, 4, 5], [3, 4, 5]]	59,1,34,5	[[3, 6, 8, 10], [2, 4, 3], [2, 8, 5, 4], [4, 3, 2]]	2	[[[3], [1], [4], [5]], [[3], [1], [5], [4]]]	k2:FF=NA;k2:FF=NA
k4_certs_4_n4_2.json.gz	28	10	6	[[0, 2, 3, 5], [1, 4, 5], [2, 3, 4, 5], [3, 4, 5]]	59,1,35,5	[[3, 6, 8, 10], [2, 4, 3], [2, 8, 7, 4], [4, 3, 2]]	2	[[[3], [1], [4], [5]], [[3], [1], [5], [4]]]	k2:FF=NA;k2:FF=NA
k4_certs_4_n4_2.json.gz	28	10	6	[[0, 2, 3, 5], [1, 4, 5], [2, 3, 4, 5], [3, 4, 5]]	59,1,38,5	[[3, 6, 8, 10], [2, 4, 3], [2, 10, 6, 3], [4, 3, 2]]	2	[[[3], [1], [4], [5]], [[3], [1], [5], [4]]]	k2:FF=NA;k2:FF=NA
k4_certs_4_n4_2.json.gz	28	10	6	[[0, 2, 3, 5], [1, 4, 5], [2, 3, 4, 5], [3, 4, 5]]	59,1,40,5	[[3, 6, 8, 10], [2, 4, 3], [2, 10, 7, 4], [4, 3, 2]]	2	[[[3], [1], [4], [5]], [[3], [1], [5], [4]]]	k2:FF=NA;k2:FF=NA
k4_certs_4_n4_2.json.gz	28	10	6	[[0, 2, 3, 5], [1, 4, 5], [2, 3, 4, 5], [3, 4, 5]]	59,1,41,5	[[3, 6, 8, 10], [2, 4, 3], [2, 10, 7, 6], [4, 3, 2]]	2	[[[3], [1], [4], [5]], [[3], [1], [5], [4]]]	k2:FF=NA;k2:FF=NA
k4_certs_4_n4_2.json.gz	28	10	6	[[0, 2, 3, 5], [1, 4, 5], [2, 3, 4, 5], [3, 4, 5]]	59,1,63,5	[[3, 6, 8, 10], [2, 4, 3], [3, 7, 6, 5], [4, 3, 2]]	2	[[[3], [1], [4], [5]], [[3], [1], [5], [4]]]	k2:FF=NA;k2:FF=NA
k4_certs_4_n4_2.json.gz	28	10	6	[[0, 2, 3, 5], [1, 4, 5], [2, 3, 4, 5], [3, 4, 5]]	59,1,68,5	[[3, 6, 8, 10], [2, 4, 3], [3, 8, 6, 4], [4, 3, 2]]	2	[[[3], [1], [4], [5]], [[3], [1], [5], [4]]]	k2:FF=NA;k2:FF=NA
k4_certs_4_n4_2.json.gz	28	10	6	[[0, 2, 3, 5], [1, 4, 5], [2, 3, 4, 5], [3, 4, 5]]	59,1,76,5	[[3, 6, 8, 10], [2, 4, 3], [3, 10, 8, 4], [4, 3, 2]]	2	[[[3], [1], [4], [5]], [[3], [1], [5], [4]]]	k2:FF=NA;k2:FF=NA
k4_certs_4_n4_2.json.gz	28	10	6	[[0, 2, 3, 5], [1, 4, 5], [2, 3, 4, 5], [3, 4, 5]]	59,1,77,5	[[3, 6, 8, 10], [2, 4, 3], [3, 10, 8, 6], [4, 3, 2]]	2	[[[3], [1], [4], [5]], [[3], [1], [5], [4]]]	k2:FF=NA;k2:FF=NA
k4_certs_4_n4_2.json.gz	28	10	6	[[0, 2, 3, 5], [1, 4, 5], [2, 3, 4, 5], [3, 4, 5]]	59,1,119,5	[[3, 6, 8, 10], [2, 4, 3], [4, 8, 6, 5], [4, 3, 2]]	2	[[[3], [1], [4], [5]], [[3], [1], [5], [4]]]	k2:FF=NA;k2:FF=NA
k4_certs_4_n4_2.json.gz	28	10	6	[[0, 2, 3, 5], [1, 4, 5], [2, 3, 4, 5], [3, 4, 5]]	81,1,5,5	[[4, 2, 5, 8], [2, 4, 3], [1, 8, 6, 4], [4, 3, 2]]	2	[[[3], [1], [4], [5]], [[3], [1], [5], [4]]]	k2:FF=NA;k2:FF=NA
k4_certs_4_n4_2.json.gz	28	10	6	[[0, 2, 3, 5], [1, 4, 5], [2, 3, 4, 5], [3, 4, 5]]	81,1,31,5	[[4, 2, 5, 8], [2, 4, 3], [2, 8, 4, 3], [4, 3, 2]]	2	[[[3], [1], [4], [5]], [[3], [1], [5], [4]]]	k2:FF=NA;k2:FF=NA
k4_certs_4_n4_2.json.gz	28	10	6	[[0, 2, 3, 5], [1, 4, 5], [2, 3, 4, 5], [3, 4, 5]]	81,1,34,5	[[4, 2, 5, 8], [2, 4, 3], [2, 8, 5, 4], [4, 3, 2]]	2	[[[3], [1], [4], [5]], [[3], [1], [5], [4]]]	k2:FF=NA;k2:FF=NA
k4_certs_4_n4_2.json.gz	28	10	6	[[0, 2, 3, 5], [1, 4, 5], [2, 3, 4, 5], [3, 4, 5]]	81,1,35,5	[[4, 2, 5, 8], [2, 4, 3], [2, 8, 7, 4], [4, 3, 2]]	2	[[[3], [1], [4], [5]], [[3], [1], [5], [4]]]	k2:FF=NA;k2:FF=NA
k4_certs_4_n4_2.json.gz	28	10	6	[[0, 2, 3, 5], [1, 4, 5], [2, 3, 4, 5], [3, 4, 5]]	81,1,38,5	[[4, 2, 5, 8], [2, 4, 3], [2, 10, 6, 3], [4, 3, 2]]	2	[[[3], [1], [4], [5]], [[3], [1], [5], [4]]]	k2:FF=NA;k2:FF=NA
k4_certs_4_n4_2.json.gz	28	10	6	[[0, 2, 3, 5], [1, 4, 5], [2, 3, 4, 5], [3, 4, 5]]	81,1,40,5	[[4, 2, 5, 8], [2, 4, 3], [2, 10, 7, 4], [4, 3, 2]]	2	[[[3], [1], [4], [5]], [[3], [1], [5], [4]]]	k2:FF=NA;k2:FF=NA
k4_certs_4_n4_2.json.gz	28	10	6	[[0, 2, 3, 5], [1, 4, 5], [2, 3, 4, 5], [3, 4, 5]]	81,1,41,5	[[4, 2, 5, 8], [2, 4, 3], [2, 10, 7, 6], [4, 3, 2]]	2	[[[3], [1], [4], [5]], [[3], [1], [5], [4]]]	k2:FF=NA;k2:FF=NA
k4_certs_4_n4_2.json.gz	28	10	6	[[0, 2, 3, 5], [1, 4, 5], [2, 3, 4, 5], [3, 4, 5]]	81,1,63,5	[[4, 2, 5, 8], [2, 4, 3], [3, 7, 6, 5], [4, 3, 2]]	2	[[[3], [1], [4], [5]], [[3], [1], [5], [4]]]	k2:FF=NA;k2:FF=NA
k4_certs_4_n4_2.json.gz	28	10	6	[[0, 2, 3, 5], [1, 4, 5], [2, 3, 4, 5], [3, 4, 5]]	81,1,68,5	[[4, 2, 5, 8], [2, 4, 3], [3, 8, 6, 4], [4, 3, 2]]	2	[[[3], [1], [4], [5]], [[3], [1], [5], [4]]]	k2:FF=NA;k2:FF=NA
k4_certs_4_n4_2.json.gz	28	10	6	[[0, 2, 3, 5], [1, 4, 5], [2, 3, 4, 5], [3, 4, 5]]	81,1,76,5	[[4, 2, 5, 8], [2, 4, 3], [3, 10, 8, 4], [4, 3, 2]]	2	[[[3], [1], [4], [5]], [[3], [1], [5], [4]]]	k2:FF=NA;k2:FF=NA
k4_certs_4_n4_2.json.gz	28	10	6	[[0, 2, 3, 5], [1, 4, 5], [2, 3, 4, 5], [3, 4, 5]]	81,1,77,5	[[4, 2, 5, 8], [2, 4, 3], [3, 10, 8, 6], [4, 3, 2]]	2	[[[3], [1], [4], [5]], [[3], [1], [5], [4]]]	k2:FF=NA;k2:FF=NA
k4_certs_4_n4_2.json.gz	28	10	6	[[0, 2, 3, 5], [1, 4, 5], [2, 3, 4, 5], [3, 4, 5]]	81,1,119,5	[[4, 2, 5, 8], [2, 4, 3], [4, 8, 6, 5], [4, 3, 2]]	2	[[[3], [1], [4], [5]], [[3], [1], [5], [4]]]	k2:FF=NA;k2:FF=NA
k4_certs_4_n4_2.json.gz	28	10	6	[[0, 2, 3, 5], [1, 4, 5], [2, 3, 4, 5], [3, 4, 5]]	89,1,5,5	[[4, 3, 6, 8], [2, 4, 3], [1, 8, 6, 4], [4, 3, 2]]	2	[[[3], [1], [4], [5]], [[3], [1], [5], [4]]]	k2:FF=NA;k2:FF=NA
k4_certs_4_n4_2.json.gz	28	10	6	[[0, 2, 3, 5], [1, 4, 5], [2, 3, 4, 5], [3, 4, 5]]	89,1,31,5	[[4, 3, 6, 8], [2, 4, 3], [2, 8, 4, 3], [4, 3, 2]]	2	[[[3], [1], [4], [5]], [[3], [1], [5], [4]]]	k2:FF=NA;k2:FF=NA
k4_certs_4_n4_2.json.gz	28	10	6	[[0, 2, 3, 5], [1, 4, 5], [2, 3, 4, 5], [3, 4, 5]]	89,1,34,5	[[4, 3, 6, 8], [2, 4, 3], [2, 8, 5, 4], [4, 3, 2]]	2	[[[3], [1], [4], [5]], [[3], [1], [5], [4]]]	k2:FF=NA;k2:FF=NA
k4_certs_4_n4_2.json.gz	28	10	6	[[0, 2, 3, 5], [1, 4, 5], [2, 3, 4, 5], [3, 4, 5]]	89,1,35,5	[[4, 3, 6, 8], [2, 4, 3], [2, 8, 7, 4], [4, 3, 2]]	2	[[[3], [1], [4], [5]], [[3], [1], [5], [4]]]	k2:FF=NA;k2:FF=NA
k4_certs_4_n4_2.json.gz	28	10	6	[[0, 2, 3, 5], [1, 4, 5], [2, 3, 4, 5], [3, 4, 5]]	89,1,38,5	[[4, 3, 6, 8], [2, 4, 3], [2, 10, 6, 3], [4, 3, 2]]	2	[[[3], [1], [4], [5]], [[3], [1], [5], [4]]]	k2:FF=NA;k2:FF=NA
k4_certs_4_n4_2.json.gz	28	10	6	[[0, 2, 3, 5], [1, 4, 5], [2, 3, 4, 5], [3, 4, 5]]	89,1,40,5	[[4, 3, 6, 8], [2, 4, 3], [2, 10, 7, 4], [4, 3, 2]]	2	[[[3], [1], [4], [5]], [[3], [1], [5], [4]]]	k2:FF=NA;k2:FF=NA
k4_certs_4_n4_2.json.gz	28	10	6	[[0, 2, 3, 5], [1, 4, 5], [2, 3, 4, 5], [3, 4, 5]]	89,1,41,5	[[4, 3, 6, 8], [2, 4, 3], [2, 10, 7, 6], [4, 3, 2]]	2	[[[3], [1], [4], [5]], [[3], [1], [5], [4]]]	k2:FF=NA;k2:FF=NA
k4_certs_4_n4_2.json.gz	28	10	6	[[0, 2, 3, 5], [1, 4, 5], [2, 3, 4, 5], [3, 4, 5]]	89,1,63,5	[[4, 3, 6, 8], [2, 4, 3], [3, 7, 6, 5], [4, 3, 2]]	2	[[[3], [1], [4], [5]], [[3], [1], [5], [4]]]	k2:FF=NA;k2:FF=NA
k4_certs_4_n4_2.json.gz	28	10	6	[[0, 2, 3, 5], [1, 4, 5], [2, 3, 4, 5], [3, 4, 5]]	89,1,68,5	[[4, 3, 6, 8], [2, 4, 3], [3, 8, 6, 4], [4, 3, 2]]	2	[[[3], [1], [4], [5]], [[3], [1], [5], [4]]]	k2:FF=NA;k2:FF=NA
k4_certs_4_n4_2.json.gz	28	10	6	[[0, 2, 3, 5], [1, 4, 5], [2, 3, 4, 5], [3, 4, 5]]	89,1,76,5	[[4, 3, 6, 8], [2, 4, 3], [3, 10, 8, 4], [4, 3, 2]]	2	[[[3], [1], [4], [5]], [[3], [1], [5], [4]]]	k2:FF=NA;k2:FF=NA
k4_certs_4_n4_2.json.gz	28	10	6	[[0, 2, 3, 5], [1, 4, 5], [2, 3, 4, 5], [3, 4, 5]]	89,1,77,5	[[4, 3, 6, 8], [2, 4, 3], [3, 10, 8, 6], [4, 3, 2]]	2	[[[3], [1], [4], [5]], [[3], [1], [5], [4]]]	k2:FF=NA;k2:FF=NA
k4_certs_4_n4_2.json.gz	28	10	6	[[0, 2, 3, 5], [1, 4, 5], [2, 3, 4, 5], [3, 4, 5]]	89,1,119,5	[[4, 3, 6, 8], [2, 4, 3], [4, 8, 6, 5], [4, 3, 2]]	2	[[[3], [1], [4], [5]], [[3], [1], [5], [4]]]	k2:FF=NA;k2:FF=NA
k4_certs_4_n4_2.json.gz	28	10	6	[[0, 2, 3, 5], [1, 4, 5], [2, 3, 4, 5], [3, 4, 5]]	147,1,5,5	[[6, 2, 7, 10], [2, 4, 3], [1, 8, 6, 4], [4, 3, 2]]	2	[[[3], [1], [4], [5]], [[3], [1], [5], [4]]]	k2:FF=NA;k2:FF=NA
k4_certs_4_n4_2.json.gz	28	10	6	[[0, 2, 3, 5], [1, 4, 5], [2, 3, 4, 5], [3, 4, 5]]	147,1,31,5	[[6, 2, 7, 10], [2, 4, 3], [2, 8, 4, 3], [4, 3, 2]]	2	[[[3], [1], [4], [5]], [[3], [1], [5], [4]]]	k2:FF=NA;k2:FF=NA
k4_certs_4_n4_2.json.gz	28	10	6	[[0, 2, 3, 5], [1, 4, 5], [2, 3, 4, 5], [3, 4, 5]]	147,1,34,5	[[6, 2, 7, 10], [2, 4, 3], [2, 8, 5, 4], [4, 3, 2]]	2	[[[3], [1], [4], [5]], [[3], [1], [5], [4]]]	k2:FF=NA;k2:FF=NA
k4_certs_4_n4_2.json.gz	28	10	6	[[0, 2, 3, 5], [1, 4, 5], [2, 3, 4, 5], [3, 4, 5]]	147,1,35,5	[[6, 2, 7, 10], [2, 4, 3], [2, 8, 7, 4], [4, 3, 2]]	2	[[[3], [1], [4], [5]], [[3], [1], [5], [4]]]	k2:FF=NA;k2:FF=NA
k4_certs_4_n4_2.json.gz	28	10	6	[[0, 2, 3, 5], [1, 4, 5], [2, 3, 4, 5], [3, 4, 5]]	147,1,38,5	[[6, 2, 7, 10], [2, 4, 3], [2, 10, 6, 3], [4, 3, 2]]	2	[[[3], [1], [4], [5]], [[3], [1], [5], [4]]]	k2:FF=NA;k2:FF=NA
k4_certs_4_n4_2.json.gz	28	10	6	[[0, 2, 3, 5], [1, 4, 5], [2, 3, 4, 5], [3, 4, 5]]	147,1,40,5	[[6, 2, 7, 10], [2, 4, 3], [2, 10, 7, 4], [4, 3, 2]]	2	[[[3], [1], [4], [5]], [[3], [1], [5], [4]]]	k2:FF=NA;k2:FF=NA
k4_certs_4_n4_2.json.gz	28	10	6	[[0, 2, 3, 5], [1, 4, 5], [2, 3, 4, 5], [3, 4, 5]]	147,1,41,5	[[6, 2, 7, 10], [2, 4, 3], [2, 10, 7, 6], [4, 3, 2]]	2	[[[3], [1], [4], [5]], [[3], [1], [5], [4]]]	k2:FF=NA;k2:FF=NA
k4_certs_4_n4_2.json.gz	28	10	6	[[0, 2, 3, 5], [1, 4, 5], [2, 3, 4, 5], [3, 4, 5]]	147,1,63,5	[[6, 2, 7, 10], [2, 4, 3], [3, 7, 6, 5], [4, 3, 2]]	2	[[[3], [1], [4], [5]], [[3], [1], [5], [4]]]	k2:FF=NA;k2:FF=NA
k4_certs_4_n4_2.json.gz	28	10	6	[[0, 2, 3, 5], [1, 4, 5], [2, 3, 4, 5], [3, 4, 5]]	147,1,68,5	[[6, 2, 7, 10], [2, 4, 3], [3, 8, 6, 4], [4, 3, 2]]	2	[[[3], [1], [4], [5]], [[3], [1], [5], [4]]]	k2:FF=NA;k2:FF=NA
k4_certs_4_n4_2.json.gz	28	10	6	[[0, 2, 3, 5], [1, 4, 5], [2, 3, 4, 5], [3, 4, 5]]	147,1,76,5	[[6, 2, 7, 10], [2, 4, 3], [3, 10, 8, 4], [4, 3, 2]]	2	[[[3], [1], [4], [5]], [[3], [1], [5], [4]]]	k2:FF=NA;k2:FF=NA
k4_certs_4_n4_2.json.gz	28	10	6	[[0, 2, 3, 5], [1, 4, 5], [2, 3, 4, 5], [3, 4, 5]]	147,1,77,5	[[6, 2, 7, 10], [2, 4, 3], [3, 10, 8, 6], [4, 3, 2]]	2	[[[3], [1], [4], [5]], [[3], [1], [5], [4]]]	k2:FF=NA;k2:FF=NA
k4_certs_4_n4_2.json.gz	28	10	6	[[0, 2, 3, 5], [1, 4, 5], [2, 3, 4, 5], [3, 4, 5]]	147,1,119,5	[[6, 2, 7, 10], [2, 4, 3], [4, 8, 6, 5], [4, 3, 2]]	2	[[[3], [1], [4], [5]], [[3], [1], [5], [4]]]	k2:FF=NA;k2:FF=NA
k4_certs_4_n4_2.json.gz	28	10	6	[[0, 2, 3, 5], [1, 4, 5], [2, 3, 4, 5], [3, 4, 5]]	155,1,5,5	[[6, 3, 8, 10], [2, 4, 3], [1, 8, 6, 4], [4, 3, 2]]	2	[[[3], [1], [4], [5]], [[3], [1], [5], [4]]]	k2:FF=NA;k2:FF=NA
k4_certs_4_n4_2.json.gz	28	10	6	[[0, 2, 3, 5], [1, 4, 5], [2, 3, 4, 5], [3, 4, 5]]	155,1,31,5	[[6, 3, 8, 10], [2, 4, 3], [2, 8, 4, 3], [4, 3, 2]]	2	[[[3], [1], [4], [5]], [[3], [1], [5], [4]]]	k2:FF=NA;k2:FF=NA
k4_certs_4_n4_2.json.gz	28	10	6	[[0, 2, 3, 5], [1, 4, 5], [2, 3, 4, 5], [3, 4, 5]]	155,1,34,5	[[6, 3, 8, 10], [2, 4, 3], [2, 8, 5, 4], [4, 3, 2]]	2	[[[3], [1], [4], [5]], [[3], [1], [5], [4]]]	k2:FF=NA;k2:FF=NA
k4_certs_4_n4_2.json.gz	28	10	6	[[0, 2, 3, 5], [1, 4, 5], [2, 3, 4, 5], [3, 4, 5]]	155,1,35,5	[[6, 3, 8, 10], [2, 4, 3], [2, 8, 7, 4], [4, 3, 2]]	2	[[[3], [1], [4], [5]], [[3], [1], [5], [4]]]	k2:FF=NA;k2:FF=NA
k4_certs_4_n4_2.json.gz	28	10	6	[[0, 2, 3, 5], [1, 4, 5], [2, 3, 4, 5], [3, 4, 5]]	155,1,38,5	[[6, 3, 8, 10], [2, 4, 3], [2, 10, 6, 3], [4, 3, 2]]	2	[[[3], [1], [4], [5]], [[3], [1], [5], [4]]]	k2:FF=NA;k2:FF=NA
k4_certs_4_n4_2.json.gz	28	10	6	[[0, 2, 3, 5], [1, 4, 5], [2, 3, 4, 5], [3, 4, 5]]	155,1,40,5	[[6, 3, 8, 10], [2, 4, 3], [2, 10, 7, 4], [4, 3, 2]]	2	[[[3], [1], [4], [5]], [[3], [1], [5], [4]]]	k2:FF=NA;k2:FF=NA
k4_certs_4_n4_2.json.gz	28	10	6	[[0, 2, 3, 5], [1, 4, 5], [2, 3, 4, 5], [3, 4, 5]]	155,1,41,5	[[6, 3, 8, 10], [2, 4, 3], [2, 10, 7, 6], [4, 3, 2]]	2	[[[3], [1], [4], [5]], [[3], [1], [5], [4]]]	k2:FF=NA;k2:FF=NA
k4_certs_4_n4_2.json.gz	28	10	6	[[0, 2, 3, 5], [1, 4, 5], [2, 3, 4, 5], [3, 4, 5]]	155,1,63,5	[[6, 3, 8, 10], [2, 4, 3], [3, 7, 6, 5], [4, 3, 2]]	2	[[[3], [1], [4], [5]], [[3], [1], [5], [4]]]	k2:FF=NA;k2:FF=NA
k4_certs_4_n4_2.json.gz	28	10	6	[[0, 2, 3, 5], [1, 4, 5], [2, 3, 4, 5], [3, 4, 5]]	155,1,68,5	[[6, 3, 8, 10], [2, 4, 3], [3, 8, 6, 4], [4, 3, 2]]	2	[[[3], [1], [4], [5]], [[3], [1], [5], [4]]]	k2:FF=NA;k2:FF=NA
k4_certs_4_n4_2.json.gz	28	10	6	[[0, 2, 3, 5], [1, 4, 5], [2, 3, 4, 5], [3, 4, 5]]	155,1,76,5	[[6, 3, 8, 10], [2, 4, 3], [3, 10, 8, 4], [4, 3, 2]]	2	[[[3], [1], [4], [5]], [[3], [1], [5], [4]]]	k2:FF=NA;k2:FF=NA
k4_certs_4_n4_2.json.gz	28	10	6	[[0, 2, 3, 5], [1, 4, 5], [2, 3, 4, 5], [3, 4, 5]]	155,1,77,5	[[6, 3, 8, 10], [2, 4, 3], [3, 10, 8, 6], [4, 3, 2]]	2	[[[3], [1], [4], [5]], [[3], [1], [5], [4]]]	k2:FF=NA;k2:FF=NA
k4_certs_4_n4_2.json.gz	28	10	6	[[0, 2, 3, 5], [1, 4, 5], [2, 3, 4, 5], [3, 4, 5]]	155,1,119,5	[[6, 3, 8, 10], [2, 4, 3], [4, 8, 6, 5], [4, 3, 2]]	2	[[[3], [1], [4], [5]], [[3], [1], [5], [4]]]	k2:FF=NA;k2:FF=NA
k4_certs_4_n4_2.json.gz	92	12	7	[[0, 2, 4, 6], [1, 3, 5, 6], [4, 5, 6], [4, 5, 6]]	1,6,3,3	[[1, 4, 8, 6], [2, 3, 4, 8], [3, 4, 2], [3, 4, 2]]	4	[[[2], [5], [4], [6]], [[2], [5], [6], [4]], [[0, 2], [5], [4], [6]], [[0, 2], [5], [6], [4]]]	k2:FF=NA;k2:FF=NA;k2:FF=NA;k2:FF=NA
k4_certs_4_n4_2.json.gz	92	12	7	[[0, 2, 4, 6], [1, 3, 5, 6], [4, 5, 6], [4, 5, 6]]	1,11,3,3	[[1, 4, 8, 6], [2, 4, 5, 8], [3, 4, 2], [3, 4, 2]]	4	[[[2], [5], [4], [6]], [[2], [5], [6], [4]], [[0, 2], [5], [4], [6]], [[0, 2], [5], [6], [4]]]	k2:FF=NA;k2:FF=NA;k2:FF=NA;k2:FF=NA
k4_certs_4_n4_2.json.gz	92	12	7	[[0, 2, 4, 6], [1, 3, 5, 6], [4, 5, 6], [4, 5, 6]]	1,21,3,3	[[1, 4, 8, 6], [2, 6, 7, 10], [3, 4, 2], [3, 4, 2]]	4	[[[2], [5], [4], [6]], [[2], [5], [6], [4]], [[0, 2], [5], [4], [6]], [[0, 2], [5], [6], [4]]]	k2:FF=NA;k2:FF=NA;k2:FF=NA;k2:FF=NA
k4_certs_4_n4_2.json.gz	92	12	7	[[0, 2, 4, 6], [1, 3, 5, 6], [4, 5, 6], [4, 5, 6]]	1,34,3,3	[[1, 4, 8, 6], [3, 2, 4, 8], [3, 4, 2], [3, 4, 2]]	4	[[[2], [5], [4], [6]], [[2], [5], [6], [4]], [[0, 2], [5], [4], [6]], [[0, 2], [5], [6], [4]]]	k2:FF=NA;k2:FF=NA;k2:FF=NA;k2:FF=NA
k4_certs_4_n4_2.json.gz	92	12	7	[[0, 2, 4, 6], [1, 3, 5, 6], [4, 5, 6], [4, 5, 6]]	1,39,3,3	[[1, 4, 8, 6], [3, 4, 6, 8], [3, 4, 2], [3, 4, 2]]	4	[[[2], [5], [4], [6]], [[2], [5], [6], [4]], [[0, 2], [5], [4], [6]], [[0, 2], [5], [6], [4]]]	k2:FF=NA;k2:FF=NA;k2:FF=NA;k2:FF=NA
k4_certs_4_n4_2.json.gz	92	12	7	[[0, 2, 4, 6], [1, 3, 5, 6], [4, 5, 6], [4, 5, 6]]	1,51,3,3	[[1, 4, 8, 6], [3, 6, 8, 10], [3, 4, 2], [3, 4, 2]]	4	[[[2], [5], [4], [6]], [[2], [5], [6], [4]], [[0, 2], [5], [4], [6]], [[0, 2], [5], [6], [4]]]	k2:FF=NA;k2:FF=NA;k2:FF=NA;k2:FF=NA
k4_certs_4_n4_2.json.gz	92	12	7	[[0, 2, 4, 6], [1, 3, 5, 6], [4, 5, 6], [4, 5, 6]]	1,65,3,3	[[1, 4, 8, 6], [4, 2, 5, 8], [3, 4, 2], [3, 4, 2]]	4	[[[2], [5], [4], [6]], [[2], [5], [6], [4]], [[0, 2], [5], [4], [6]], [[0, 2], [5], [6], [4]]]	k2:FF=NA;k2:FF=NA;k2:FF=NA;k2:FF=NA
k4_certs_4_n4_2.json.gz	92	12	7	[[0, 2, 4, 6], [1, 3, 5, 6], [4, 5, 6], [4, 5, 6]]	1,73,3,3	[[1, 4, 8, 6], [4, 3, 6, 8], [3, 4, 2], [3, 4, 2]]	4	[[[2], [5], [4], [6]], [[2], [5], [6], [4]], [[0, 2], [5], [4], [6]], [[0, 2], [5], [6], [4]]]	k2:FF=NA;k2:FF=NA;k2:FF=NA;k2:FF=NA
k4_certs_4_n4_2.json.gz	92	12	7	[[0, 2, 4, 6], [1, 3, 5, 6], [4, 5, 6], [4, 5, 6]]	1,103,3,3	[[1, 4, 8, 6], [6, 2, 7, 10], [3, 4, 2], [3, 4, 2]]	4	[[[2], [5], [4], [6]], [[2], [5], [6], [4]], [[0, 2], [5], [4], [6]], [[0, 2], [5], [6], [4]]]	k2:FF=NA;k2:FF=NA;k2:FF=NA;k2:FF=NA
k4_certs_4_n4_2.json.gz	92	12	7	[[0, 2, 4, 6], [1, 3, 5, 6], [4, 5, 6], [4, 5, 6]]	1,111,3,3	[[1, 4, 8, 6], [6, 3, 8, 10], [3, 4, 2], [3, 4, 2]]	4	[[[2], [5], [4], [6]], [[2], [5], [6], [4]], [[0, 2], [5], [4], [6]], [[0, 2], [5], [6], [4]]]	k2:FF=NA;k2:FF=NA;k2:FF=NA;k2:FF=NA
k4_certs_4_n4_2.json.gz	92	12	7	[[0, 2, 4, 6], [1, 3, 5, 6], [4, 5, 6], [4, 5, 6]]	6,1,5,5	[[2, 3, 4, 8], [1, 4, 8, 6], [4, 3, 2], [4, 3, 2]]	4	[[[4], [3], [5], [6]], [[4], [3], [6], [5]], [[4], [1, 3], [5], [6]], [[4], [1, 3], [6], [5]]]	k2:FF=NA;k2:FF=NA;k2:FF=NA;k2:FF=NA
k4_certs_4_n4_2.json.gz	92	12	7	[[0, 2, 4, 6], [1, 3, 5, 6], [4, 5, 6], [4, 5, 6]]	6,9,5,5	[[2, 3, 4, 8], [2, 3, 10, 6], [4, 3, 2], [4, 3, 2]]	4	[[[4], [3], [5], [6]], [[4], [3], [6], [5]], [[4], [1, 3], [5], [6]], [[4], [1, 3], [6], [5]]]	k2:FF=NA;k2:FF=NA;k2:FF=NA;k2:FF=NA
k4_certs_4_n4_2.json.gz	92	12	7	[[0, 2, 4, 6], [1, 3, 5, 6], [4, 5, 6], [4, 5, 6]]	6,16,5,5	[[2, 3, 4, 8], [2, 4, 8, 7], [4, 3, 2], [4, 3, 2]]	4	[[[4], [3], [5], [6]], [[4], [3], [6], [5]], [[4], [1, 3], [5], [6]], [[4], [1, 3], [6], [5]]]	k2:FF=NA;k2:FF=NA;k2:FF=NA;k2:FF=NA
k4_certs_4_n4_2.json.gz	92	12	7	[[0, 2, 4, 6], [1, 3, 5, 6], [4, 5, 6], [4, 5, 6]]	6,17,5,5	[[2, 3, 4, 8], [2, 4, 10, 7], [4, 3, 2], [4, 3, 2]]	4	[[[4], [3], [5], [6]], [[4], [3], [6], [5]], [[4], [1, 3], [5], [6]], [[4], [1, 3], [6], [5]]]	k2:FF=NA;k2:FF=NA;k2:FF=NA;k2:FF=NA
k4_certs_4_n4_2.json.gz	92	12	7	[[0, 2, 4, 6], [1, 3, 5, 6], [4, 5, 6], [4, 5, 6]]	6,37,5,5	[[2, 3, 4, 8], [3, 2, 10, 6], [4, 3, 2], [4, 3, 2]]	4	[[[4], [1], [5], [6]], [[4], [1], [6], [5]], [[4], [1, 3], [5], [6]], [[4], [1, 3], [6], [5]]]	k2:FF=NA;k2:FF=NA;k2:FF=NA;k2:FF=NA
k4_certs_4_n4_2.json.gz	92	12	7	[[0, 2, 4, 6], [1, 3, 5, 6], [4, 5, 6], [4, 5, 6]]	6,43,5,5	[[2, 3, 4, 8], [3, 4, 10, 8], [4, 3, 2], [4, 3, 2]]	4	[[[4], [3], [5], [6]], [[4], [3], [6], [5]], [[4], [1, 3], [5], [6]], [[4], [1, 3], [6], [5]]]	k2:FF=NA;k2:FF=NA;k2:FF=NA;k2:FF=NA
k4_certs_4_n4_2.json.gz	92	12	7	[[0, 2, 4, 6], [1, 3, 5, 6], [4, 5, 6], [4, 5, 6]]	6,63,5,5	[[2, 3, 4, 8], [4, 1, 8, 6], [4, 3, 2], [4, 3, 2]]	4	[[[4], [1], [5], [6]], [[4], [1], [6], [5]], [[4], [1, 3], [5], [6]], [[4], [1, 3], [6], [5]]]	k2:FF=NA;k2:FF=NA;k2:FF=NA;k2:FF=NA
k4_certs_4_n4_2.json.gz	92	12	7	[[0, 2, 4, 6], [1, 3, 5, 6], [4, 5, 6], [4, 5, 6]]	6,70,5,5	[[2, 3, 4, 8], [4, 2, 8, 7], [4, 3, 2], [4, 3, 2]]	4	[[[4], [1], [5], [6]], [[4], [1], [6], [5]], [[4], [1, 3], [5], [6]], [[4], [1, 3], [6], [5]]]	k2:FF=NA;k2:FF=NA;k2:FF=NA;k2:FF=NA
k4_certs_4_n4_2.json.gz	92	12	7	[[0, 2, 4, 6], [1, 3, 5, 6], [4, 5, 6], [4, 5, 6]]	6,71,5,5	[[2, 3, 4, 8], [4, 2, 10, 7], [4, 3, 2], [4, 3, 2]]	4	[[[4], [1], [5], [6]], [[4], [1], [6], [5]], [[4], [1, 3], [5], [6]], [[4], [1, 3], [6], [5]]]	k2:FF=NA;k2:FF=NA;k2:FF=NA;k2:FF=NA
k4_certs_4_n4_2.json.gz	92	12	7	[[0, 2, 4, 6], [1, 3, 5, 6], [4, 5, 6], [4, 5, 6]]	6,77,5,5	[[2, 3, 4, 8], [4, 3, 10, 8], [4, 3, 2], [4, 3, 2]]	4	[[[4], [1], [5], [6]], [[4], [1], [6], [5]], [[4], [1, 3], [5], [6]], [[4], [1, 3], [6], [5]]]	k2:FF=NA;k2:FF=NA;k2:FF=NA;k2:FF=NA
k4_certs_4_n4_2.json.gz	92	12	7	[[0, 2, 4, 6], [1, 3, 5, 6], [4, 5, 6], [4, 5, 6]]	9,6,3,3	[[2, 3, 10, 6], [2, 3, 4, 8], [3, 4, 2], [3, 4, 2]]	4	[[[2], [5], [4], [6]], [[2], [5], [6], [4]], [[0, 2], [5], [4], [6]], [[0, 2], [5], [6], [4]]]	k2:FF=NA;k2:FF=NA;k2:FF=NA;k2:FF=NA
k4_certs_4_n4_2.json.gz	92	12	7	[[0, 2, 4, 6], [1, 3, 5, 6], [4, 5, 6], [4, 5, 6]]	9,11,3,3	[[2, 3, 10, 6], [2, 4, 5, 8], [3, 4, 2], [3, 4, 2]]	4	[[[2], [5], [4], [6]], [[2], [5], [6], [4]], [[0, 2], [5], [4], [6]], [[0, 2], [5], [6], [4]]]	k2:FF=NA;k2:FF=NA;k2:FF=NA;k2:FF=NA
k4_certs_4_n4_2.json.gz	92	12	7	[[0, 2, 4, 6], [1, 3, 5, 6], [4, 5, 6], [4, 5, 6]]	9,21,3,3	[[2, 3, 10, 6], [2, 6, 7, 10], [3, 4, 2], [3, 4, 2]]	4	[[[2], [5], [4], [6]], [[2], [5], [6], [4]], [[0, 2], [5], [4], [6]], [[0, 2], [5], [6], [4]]]	k2:FF=NA;k2:FF=NA;k2:FF=NA;k2:FF=NA
k4_certs_4_n4_2.json.gz	92	12	7	[[0, 2, 4, 6], [1, 3, 5, 6], [4, 5, 6], [4, 5, 6]]	9,34,3,3	[[2, 3, 10, 6], [3, 2, 4, 8], [3, 4, 2], [3, 4, 2]]	4	[[[2], [5], [4], [6]], [[2], [5], [6], [4]], [[0, 2], [5], [4], [6]], [[0, 2], [5], [6], [4]]]	k2:FF=NA;k2:FF=NA;k2:FF=NA;k2:FF=NA
k4_certs_4_n4_2.json.gz	92	12	7	[[0, 2, 4, 6], [1, 3, 5, 6], [4, 5, 6], [4, 5, 6]]	9,39,3,3	[[2, 3, 10, 6], [3, 4, 6, 8], [3, 4, 2], [3, 4, 2]]	4	[[[2], [5], [4], [6]], [[2], [5], [6], [4]], [[0, 2], [5], [4], [6]], [[0, 2], [5], [6], [4]]]	k2:FF=NA;k2:FF=NA;k2:FF=NA;k2:FF=NA
k4_certs_4_n4_2.json.gz	92	12	7	[[0, 2, 4, 6], [1, 3, 5, 6], [4, 5, 6], [4, 5, 6]]	9,51,3,3	[[2, 3, 10, 6], [3, 6, 8, 10], [3, 4, 2], [3, 4, 2]]	4	[[[2], [5], [4], [6]], [[2], [5], [6], [4]], [[0, 2], [5], [4], [6]], [[0, 2], [5], [6], [4]]]	k2:FF=NA;k2:FF=NA;k2:FF=NA;k2:FF=NA
k4_certs_4_n4_2.json.gz	92	12	7	[[0, 2, 4, 6], [1, 3, 5, 6], [4, 5, 6], [4, 5, 6]]	9,65,3,3	[[2, 3, 10, 6], [4, 2, 5, 8], [3, 4, 2], [3, 4, 2]]	4	[[[2], [5], [4], [6]], [[2], [5], [6], [4]], [[0, 2], [5], [4], [6]], [[0, 2], [5], [6], [4]]]	k2:FF=NA;k2:FF=NA;k2:FF=NA;k2:FF=NA
k4_certs_4_n4_2.json.gz	92	12	7	[[0, 2, 4, 6], [1, 3, 5, 6], [4, 5, 6], [4, 5, 6]]	9,73,3,3	[[2, 3, 10, 6], [4, 3, 6, 8], [3, 4, 2], [3, 4, 2]]	4	[[[2], [5], [4], [6]], [[2], [5], [6], [4]], [[0, 2], [5], [4], [6]], [[0, 2], [5], [6], [4]]]	k2:FF=NA;k2:FF=NA;k2:FF=NA;k2:FF=NA
k4_certs_4_n4_2.json.gz	92	12	7	[[0, 2, 4, 6], [1, 3, 5, 6], [4, 5, 6], [4, 5, 6]]	9,103,3,3	[[2, 3, 10, 6], [6, 2, 7, 10], [3, 4, 2], [3, 4, 2]]	4	[[[2], [5], [4], [6]], [[2], [5], [6], [4]], [[0, 2], [5], [4], [6]], [[0, 2], [5], [6], [4]]]	k2:FF=NA;k2:FF=NA;k2:FF=NA;k2:FF=NA
k4_certs_4_n4_2.json.gz	92	12	7	[[0, 2, 4, 6], [1, 3, 5, 6], [4, 5, 6], [4, 5, 6]]	9,111,3,3	[[2, 3, 10, 6], [6, 3, 8, 10], [3, 4, 2], [3, 4, 2]]	4	[[[2], [5], [4], [6]], [[2], [5], [6], [4]], [[0, 2], [5], [4], [6]], [[0, 2], [5], [6], [4]]]	k2:FF=NA;k2:FF=NA;k2:FF=NA;k2:FF=NA
k4_certs_4_n4_2.json.gz	92	12	7	[[0, 2, 4, 6], [1, 3, 5, 6], [4, 5, 6], [4, 5, 6]]	11,1,5,5	[[2, 4, 5, 8], [1, 4, 8, 6], [4, 3, 2], [4, 3, 2]]	4	[[[4], [3], [5], [6]], [[4], [3], [6], [5]], [[4], [1, 3], [5], [6]], [[4], [1, 3], [6], [5]]]	k2:FF=NA;k2:FF=NA;k2:FF=NA;k2:FF=NA
k4_certs_4_n4_2.json.gz	92	12	7	[[0, 2, 4, 6], [1, 3, 5, 6], [4, 5, 6], [4, 5, 6]]	11,9,5,5	[[2, 4, 5, 8], [2, 3, 10, 6], [4, 3, 2], [4, 3, 2]]	4	[[[4], [3], [5], [6]], [[4], [3], [6], [5]], [[4], [1, 3], [5], [6]], [[4], [1, 3], [6], [5]]]	k2:FF=NA;k2:FF=NA;k2:FF=NA;k2:FF=NA
k4_certs_4_n4_2.json.gz	92	12	7	[[0, 2, 4, 6], [1, 3, 5, 6], [4, 5, 6], [4, 5, 6]]	11,16,5,5	[[2, 4, 5, 8], [2, 4, 8, 7], [4, 3, 2], [4, 3, 2]]	4	[[[4], [3], [5], [6]], [[4], [3], [6], [5]], [[4], [1, 3], [5], [6]], [[4], [1, 3], [6], [5]]]	k2:FF=NA;k2:FF=NA;k2:FF=NA;k2:FF=NA
k4_certs_4_n4_2.json.gz	92	12	7	[[0, 2, 4, 6], [1, 3, 5, 6], [4, 5, 6], [4, 5, 6]]	11,17,5,5	[[2, 4, 5, 8], [2, 4, 10, 7], [4, 3, 2], [4, 3, 2]]	4	[[[4], [3], [5], [6]], [[4], [3], [6], [5]], [[4], [1, 3], [5], [6]], [[4], [1, 3], [6], [5]]]	k2:FF=NA;k2:FF=NA;k2:FF=NA;k2:FF=NA
k4_certs_4_n4_2.json.gz	92	12	7	[[0, 2, 4, 6], [1, 3, 5, 6], [4, 5, 6], [4, 5, 6]]	11,37,5,5	[[2, 4, 5, 8], [3, 2, 10, 6], [4, 3, 2], [4, 3, 2]]	4	[[[4], [1], [5], [6]], [[4], [1], [6], [5]], [[4], [1, 3], [5], [6]], [[4], [1, 3], [6], [5]]]	k2:FF=NA;k2:FF=NA;k2:FF=NA;k2:FF=NA
k4_certs_4_n4_2.json.gz	92	12	7	[[0, 2, 4, 6], [1, 3, 5, 6], [4, 5, 6], [4, 5, 6]]	11,43,5,5	[[2, 4, 5, 8], [3, 4, 10, 8], [4, 3, 2], [4, 3, 2]]	4	[[[4], [3], [5], [6]], [[4], [3], [6], [5]], [[4], [1, 3], [5], [6]], [[4], [1, 3], [6], [5]]]	k2:FF=NA;k2:FF=NA;k2:FF=NA;k2:FF=NA
k4_certs_4_n4_2.json.gz	92	12	7	[[0, 2, 4, 6], [1, 3, 5, 6], [4, 5, 6], [4, 5, 6]]	11,63,5,5	[[2, 4, 5, 8], [4, 1, 8, 6], [4, 3, 2], [4, 3, 2]]	4	[[[4], [1], [5], [6]], [[4], [1], [6], [5]], [[4], [1, 3], [5], [6]], [[4], [1, 3], [6], [5]]]	k2:FF=NA;k2:FF=NA;k2:FF=NA;k2:FF=NA
k4_certs_4_n4_2.json.gz	92	12	7	[[0, 2, 4, 6], [1, 3, 5, 6], [4, 5, 6], [4, 5, 6]]	11,70,5,5	[[2, 4, 5, 8], [4, 2, 8, 7], [4, 3, 2], [4, 3, 2]]	4	[[[4], [1], [5], [6]], [[4], [1], [6], [5]], [[4], [1, 3], [5], [6]], [[4], [1, 3], [6], [5]]]	k2:FF=NA;k2:FF=NA;k2:FF=NA;k2:FF=NA
k4_certs_4_n4_2.json.gz	92	12	7	[[0, 2, 4, 6], [1, 3, 5, 6], [4, 5, 6], [4, 5, 6]]	11,71,5,5	[[2, 4, 5, 8], [4, 2, 10, 7], [4, 3, 2], [4, 3, 2]]	4	[[[4], [1], [5], [6]], [[4], [1], [6], [5]], [[4], [1, 3], [5], [6]], [[4], [1, 3], [6], [5]]]	k2:FF=NA;k2:FF=NA;k2:FF=NA;k2:FF=NA
k4_certs_4_n4_2.json.gz	92	12	7	[[0, 2, 4, 6], [1, 3, 5, 6], [4, 5, 6], [4, 5, 6]]	11,77,5,5	[[2, 4, 5, 8], [4, 3, 10, 8], [4, 3, 2], [4, 3, 2]]	4	[[[4], [1], [5], [6]], [[4], [1], [6], [5]], [[4], [1, 3], [5], [6]], [[4], [1, 3], [6], [5]]]	k2:FF=NA;k2:FF=NA;k2:FF=NA;k2:FF=NA
k4_certs_4_n4_2.json.gz	92	12	7	[[0, 2, 4, 6], [1, 3, 5, 6], [4, 5, 6], [4, 5, 6]]	16,6,3,3	[[2, 4, 8, 7], [2, 3, 4, 8], [3, 4, 2], [3, 4, 2]]	4	[[[2], [5], [4], [6]], [[2], [5], [6], [4]], [[0, 2], [5], [4], [6]], [[0, 2], [5], [6], [4]]]	k2:FF=NA;k2:FF=NA;k2:FF=NA;k2:FF=NA
k4_certs_4_n4_2.json.gz	92	12	7	[[0, 2, 4, 6], [1, 3, 5, 6], [4, 5, 6], [4, 5, 6]]	16,11,3,3	[[2, 4, 8, 7], [2, 4, 5, 8], [3, 4, 2], [3, 4, 2]]	4	[[[2], [5], [4], [6]], [[2], [5], [6], [4]], [[0, 2], [5], [4], [6]], [[0, 2], [5], [6], [4]]]	k2:FF=NA;k2:FF=NA;k2:FF=NA;k2:FF=NA
k4_certs_4_n4_2.json.gz	92	12	7	[[0, 2, 4, 6], [1, 3, 5, 6], [4, 5, 6], [4, 5, 6]]	16,21,3,3	[[2, 4, 8, 7], [2, 6, 7, 10], [3, 4, 2], [3, 4, 2]]	4	[[[2], [5], [4], [6]], [[2], [5], [6], [4]], [[0, 2], [5], [4], [6]], [[0, 2], [5], [6], [4]]]	k2:FF=NA;k2:FF=NA;k2:FF=NA;k2:FF=NA
k4_certs_4_n4_2.json.gz	92	12	7	[[0, 2, 4, 6], [1, 3, 5, 6], [4, 5, 6], [4, 5, 6]]	16,34,3,3	[[2, 4, 8, 7], [3, 2, 4, 8], [3, 4, 2], [3, 4, 2]]	4	[[[2], [5], [4], [6]], [[2], [5], [6], [4]], [[0, 2], [5], [4], [6]], [[0, 2], [5], [6], [4]]]	k2:FF=NA;k2:FF=NA;k2:FF=NA;k2:FF=NA
k4_certs_4_n4_2.json.gz	92	12	7	[[0, 2, 4, 6], [1, 3, 5, 6], [4, 5, 6], [4, 5, 6]]	16,39,3,3	[[2, 4, 8, 7], [3, 4, 6, 8], [3, 4, 2], [3, 4, 2]]	4	[[[2], [5], [4], [6]], [[2], [5], [6], [4]], [[0, 2], [5], [4], [6]], [[0, 2], [5], [6], [4]]]	k2:FF=NA;k2:FF=NA;k2:FF=NA;k2:FF=NA
k4_certs_4_n4_2.json.gz	92	12	7	[[0, 2, 4, 6], [1, 3, 5, 6], [4, 5, 6], [4, 5, 6]]	16,51,3,3	[[2, 4, 8, 7], [3, 6, 8, 10], [3, 4, 2], [3, 4, 2]]	4	[[[2], [5], [4], [6]], [[2], [5], [6], [4]], [[0, 2], [5], [4], [6]], [[0, 2], [5], [6], [4]]]	k2:FF=NA;k2:FF=NA;k2:FF=NA;k2:FF=NA
k4_certs_4_n4_2.json.gz	92	12	7	[[0, 2, 4, 6], [1, 3, 5, 6], [4, 5, 6], [4, 5, 6]]	16,65,3,3	[[2, 4, 8, 7], [4, 2, 5, 8], [3, 4, 2], [3, 4, 2]]	4	[[[2], [5], [4], [6]], [[2], [5], [6], [4]], [[0, 2], [5], [4], [6]], [[0, 2], [5], [6], [4]]]	k2:FF=NA;k2:FF=NA;k2:FF=NA;k2:FF=NA
k4_certs_4_n4_2.json.gz	92	12	7	[[0, 2, 4, 6], [1, 3, 5, 6], [4, 5, 6], [4, 5, 6]]	16,73,3,3	[[2, 4, 8, 7], [4, 3, 6, 8], [3, 4, 2], [3, 4, 2]]	4	[[[2], [5], [4], [6]], [[2], [5], [6], [4]], [[0, 2], [5], [4], [6]], [[0, 2], [5], [6], [4]]]	k2:FF=NA;k2:FF=NA;k2:FF=NA;k2:FF=NA
k4_certs_4_n4_2.json.gz	92	12	7	[[0, 2, 4, 6], [1, 3, 5, 6], [4, 5, 6], [4, 5, 6]]	16,103,3,3	[[2, 4, 8, 7], [6, 2, 7, 10], [3, 4, 2], [3, 4, 2]]	4	[[[2], [5], [4], [6]], [[2], [5], [6], [4]], [[0, 2], [5], [4], [6]], [[0, 2], [5], [6], [4]]]	k2:FF=NA;k2:FF=NA;k2:FF=NA;k2:FF=NA
k4_certs_4_n4_2.json.gz	92	12	7	[[0, 2, 4, 6], [1, 3, 5, 6], [4, 5, 6], [4, 5, 6]]	16,111,3,3	[[2, 4, 8, 7], [6, 3, 8, 10], [3, 4, 2], [3, 4, 2]]	4	[[[2], [5], [4], [6]], [[2], [5], [6], [4]], [[0, 2], [5], [4], [6]], [[0, 2], [5], [6], [4]]]	k2:FF=NA;k2:FF=NA;k2:FF=NA;k2:FF=NA
k4_certs_4_n4_2.json.gz	92	12	7	[[0, 2, 4, 6], [1, 3, 5, 6], [4, 5, 6], [4, 5, 6]]	17,6,3,3	[[2, 4, 10, 7], [2, 3, 4, 8], [3, 4, 2], [3, 4, 2]]	4	[[[2], [5], [4], [6]], [[2], [5], [6], [4]], [[0, 2], [5], [4], [6]], [[0, 2], [5], [6], [4]]]	k2:FF=NA;k2:FF=NA;k2:FF=NA;k2:FF=NA
k4_certs_4_n4_2.json.gz	92	12	7	[[0, 2, 4, 6], [1, 3, 5, 6], [4, 5, 6], [4, 5, 6]]	17,11,3,3	[[2, 4, 10, 7], [2, 4, 5, 8], [3, 4, 2], [3, 4, 2]]	4	[[[2], [5], [4], [6]], [[2], [5], [6], [4]], [[0, 2], [5], [4], [6]], [[0, 2], [5], [6], [4]]]	k2:FF=NA;k2:FF=NA;k2:FF=NA;k2:FF=NA
k4_certs_4_n4_2.json.gz	92	12	7	[[0, 2, 4, 6], [1, 3, 5, 6], [4, 5, 6], [4, 5, 6]]	17,21,3,3	[[2, 4, 10, 7], [2, 6, 7, 10], [3, 4, 2], [3, 4, 2]]	4	[[[2], [5], [4], [6]], [[2], [5], [6], [4]], [[0, 2], [5], [4], [6]], [[0, 2], [5], [6], [4]]]	k2:FF=NA;k2:FF=NA;k2:FF=NA;k2:FF=NA
k4_certs_4_n4_2.json.gz	92	12	7	[[0, 2, 4, 6], [1, 3, 5, 6], [4, 5, 6], [4, 5, 6]]	17,34,3,3	[[2, 4, 10, 7], [3, 2, 4, 8], [3, 4, 2], [3, 4, 2]]	4	[[[2], [5], [4], [6]], [[2], [5], [6], [4]], [[0, 2], [5], [4], [6]], [[0, 2], [5], [6], [4]]]	k2:FF=NA;k2:FF=NA;k2:FF=NA;k2:FF=NA
k4_certs_4_n4_2.json.gz	92	12	7	[[0, 2, 4, 6], [1, 3, 5, 6], [4, 5, 6], [4, 5, 6]]	17,39,3,3	[[2, 4, 10, 7], [3, 4, 6, 8], [3, 4, 2], [3, 4, 2]]	4	[[[2], [5], [4], [6]], [[2], [5], [6], [4]], [[0, 2], [5], [4], [6]], [[0, 2], [5], [6], [4]]]	k2:FF=NA;k2:FF=NA;k2:FF=NA;k2:FF=NA
k4_certs_4_n4_2.json.gz	92	12	7	[[0, 2, 4, 6], [1, 3, 5, 6], [4, 5, 6], [4, 5, 6]]	17,51,3,3	[[2, 4, 10, 7], [3, 6, 8, 10], [3, 4, 2], [3, 4, 2]]	4	[[[2], [5], [4], [6]], [[2], [5], [6], [4]], [[0, 2], [5], [4], [6]], [[0, 2], [5], [6], [4]]]	k2:FF=NA;k2:FF=NA;k2:FF=NA;k2:FF=NA
k4_certs_4_n4_2.json.gz	92	12	7	[[0, 2, 4, 6], [1, 3, 5, 6], [4, 5, 6], [4, 5, 6]]	17,65,3,3	[[2, 4, 10, 7], [4, 2, 5, 8], [3, 4, 2], [3, 4, 2]]	4	[[[2], [5], [4], [6]], [[2], [5], [6], [4]], [[0, 2], [5], [4], [6]], [[0, 2], [5], [6], [4]]]	k2:FF=NA;k2:FF=NA;k2:FF=NA;k2:FF=NA
k4_certs_4_n4_2.json.gz	92	12	7	[[0, 2, 4, 6], [1, 3, 5, 6], [4, 5, 6], [4, 5, 6]]	17,73,3,3	[[2, 4, 10, 7], [4, 3, 6, 8], [3, 4, 2], [3, 4, 2]]	4	[[[2], [5], [4], [6]], [[2], [5], [6], [4]], [[0, 2], [5], [4], [6]], [[0, 2], [5], [6], [4]]]	k2:FF=NA;k2:FF=NA;k2:FF=NA;k2:FF=NA
k4_certs_4_n4_2.json.gz	92	12	7	[[0, 2, 4, 6], [1, 3, 5, 6], [4, 5, 6], [4, 5, 6]]	17,103,3,3	[[2, 4, 10, 7], [6, 2, 7, 10], [3, 4, 2], [3, 4, 2]]	4	[[[2], [5], [4], [6]], [[2], [5], [6], [4]], [[0, 2], [5], [4], [6]], [[0, 2], [5], [6], [4]]]	k2:FF=NA;k2:FF=NA;k2:FF=NA;k2:FF=NA
k4_certs_4_n4_2.json.gz	92	12	7	[[0, 2, 4, 6], [1, 3, 5, 6], [4, 5, 6], [4, 5, 6]]	17,111,3,3	[[2, 4, 10, 7], [6, 3, 8, 10], [3, 4, 2], [3, 4, 2]]	4	[[[2], [5], [4], [6]], [[2], [5], [6], [4]], [[0, 2], [5], [4], [6]], [[0, 2], [5], [6], [4]]]	k2:FF=NA;k2:FF=NA;k2:FF=NA;k2:FF=NA
k4_certs_4_n4_2.json.gz	92	12	7	[[0, 2, 4, 6], [1, 3, 5, 6], [4, 5, 6], [4, 5, 6]]	21,1,5,5	[[2, 6, 7, 10], [1, 4, 8, 6], [4, 3, 2], [4, 3, 2]]	4	[[[4], [3], [5], [6]], [[4], [3], [6], [5]], [[4], [1, 3], [5], [6]], [[4], [1, 3], [6], [5]]]	k2:FF=NA;k2:FF=NA;k2:FF=NA;k2:FF=NA
k4_certs_4_n4_2.json.gz	92	12	7	[[0, 2, 4, 6], [1, 3, 5, 6], [4, 5, 6], [4, 5, 6]]	21,9,5,5	[[2, 6, 7, 10], [2, 3, 10, 6], [4, 3, 2], [4, 3, 2]]	4	[[[4], [3], [5], [6]], [[4], [3], [6], [5]], [[4], [1, 3], [5], [6]], [[4], [1, 3], [6], [5]]]	k2:FF=NA;k2:FF=NA;k2:FF=NA;k2:FF=NA
k4_certs_4_n4_2.json.gz	92	12	7	[[0, 2, 4, 6], [1, 3, 5, 6], [4, 5, 6], [4, 5, 6]]	21,16,5,5	[[2, 6, 7, 10], [2, 4, 8, 7], [4, 3, 2], [4, 3, 2]]	4	[[[4], [3], [5], [6]], [[4], [3], [6], [5]], [[4], [1, 3], [5], [6]], [[4], [1, 3], [6], [5]]]	k2:FF=NA;k2:FF=NA;k2:FF=NA;k2:FF=NA
k4_certs_4_n4_2.json.gz	92	12	7	[[0, 2, 4, 6], [1, 3, 5, 6], [4, 5, 6], [4, 5, 6]]	21,17,5,5	[[2, 6, 7, 10], [2, 4, 10, 7], [4, 3, 2], [4, 3, 2]]	4	[[[4], [3], [5], [6]], [[4], [3], [6], [5]], [[4], [1, 3], [5], [6]], [[4], [1, 3], [6], [5]]]	k2:FF=NA;k2:FF=NA;k2:FF=NA;k2:FF=NA
k4_certs_4_n4_2.json.gz	92	12	7	[[0, 2, 4, 6], [1, 3, 5, 6], [4, 5, 6], [4, 5, 6]]	21,37,5,5	[[2, 6, 7, 10], [3, 2, 10, 6], [4, 3, 2], [4, 3, 2]]	4	[[[4], [1], [5], [6]], [[4], [1], [6], [5]], [[4], [1, 3], [5], [6]], [[4], [1, 3], [6], [5]]]	k2:FF=NA;k2:FF=NA;k2:FF=NA;k2:FF=NA
k4_certs_4_n4_2.json.gz	92	12	7	[[0, 2, 4, 6], [1, 3, 5, 6], [4, 5, 6], [4, 5, 6]]	21,43,5,5	[[2, 6, 7, 10], [3, 4, 10, 8], [4, 3, 2], [4, 3, 2]]	4	[[[4], [3], [5], [6]], [[4], [3], [6], [5]], [[4], [1, 3], [5], [6]], [[4], [1, 3], [6], [5]]]	k2:FF=NA;k2:FF=NA;k2:FF=NA;k2:FF=NA
k4_certs_4_n4_2.json.gz	92	12	7	[[0, 2, 4, 6], [1, 3, 5, 6], [4, 5, 6], [4, 5, 6]]	21,63,5,5	[[2, 6, 7, 10], [4, 1, 8, 6], [4, 3, 2], [4, 3, 2]]	4	[[[4], [1], [5], [6]], [[4], [1], [6], [5]], [[4], [1, 3], [5], [6]], [[4], [1, 3], [6], [5]]]	k2:FF=NA;k2:FF=NA;k2:FF=NA;k2:FF=NA
k4_certs_4_n4_2.json.gz	92	12	7	[[0, 2, 4, 6], [1, 3, 5, 6], [4, 5, 6], [4, 5, 6]]	21,70,5,5	[[2, 6, 7, 10], [4, 2, 8, 7], [4, 3, 2], [4, 3, 2]]	4	[[[4], [1], [5], [6]], [[4], [1], [6], [5]], [[4], [1, 3], [5], [6]], [[4], [1, 3], [6], [5]]]	k2:FF=NA;k2:FF=NA;k2:FF=NA;k2:FF=NA
k4_certs_4_n4_2.json.gz	92	12	7	[[0, 2, 4, 6], [1, 3, 5, 6], [4, 5, 6], [4, 5, 6]]	21,71,5,5	[[2, 6, 7, 10], [4, 2, 10, 7], [4, 3, 2], [4, 3, 2]]	4	[[[4], [1], [5], [6]], [[4], [1], [6], [5]], [[4], [1, 3], [5], [6]], [[4], [1, 3], [6], [5]]]	k2:FF=NA;k2:FF=NA;k2:FF=NA;k2:FF=NA
k4_certs_4_n4_2.json.gz	92	12	7	[[0, 2, 4, 6], [1, 3, 5, 6], [4, 5, 6], [4, 5, 6]]	21,77,5,5	[[2, 6, 7, 10], [4, 3, 10, 8], [4, 3, 2], [4, 3, 2]]	4	[[[4], [1], [5], [6]], [[4], [1], [6], [5]], [[4], [1, 3], [5], [6]], [[4], [1, 3], [6], [5]]]	k2:FF=NA;k2:FF=NA;k2:FF=NA;k2:FF=NA
k4_certs_4_n4_2.json.gz	92	12	7	[[0, 2, 4, 6], [1, 3, 5, 6], [4, 5, 6], [4, 5, 6]]	34,1,5,5	[[3, 2, 4, 8], [1, 4, 8, 6], [4, 3, 2], [4, 3, 2]]	4	[[[4], [3], [5], [6]], [[4], [3], [6], [5]], [[4], [1, 3], [5], [6]], [[4], [1, 3], [6], [5]]]	k2:FF=NA;k2:FF=NA;k2:FF=NA;k2:FF=NA
k4_certs_4_n4_2.json.gz	92	12	7	[[0, 2, 4, 6], [1, 3, 5, 6], [4, 5, 6], [4, 5, 6]]	34,9,5,5	[[3, 2, 4, 8], [2, 3, 10, 6], [4, 3, 2], [4, 3, 2]]	4	[[[4], [3], [5], [6]], [[4], [3], [6], [5]], [[4], [1, 3], [5], [6]], [[4], [1, 3], [6], [5]]]	k2:FF=NA;k2:FF=NA;k2:FF=NA;k2:FF=NA
k4_certs_4_n4_2.json.gz	92	12	7	[[0, 2, 4, 6], [1, 3, 5, 6], [4, 5, 6], [4, 5, 6]]	34,16,5,5	[[3, 2, 4, 8], [2, 4, 8, 7], [4, 3, 2], [4, 3, 2]]	4	[[[4], [3], [5], [6]], [[4], [3], [6], [5]], [[4], [1, 3], [5], [6]], [[4], [1, 3], [6], [5]]]	k2:FF=NA;k2:FF=NA;k2:FF=NA;k2:FF=NA
k4_certs_4_n4_2.json.gz	92	12	7	[[0, 2, 4, 6], [1, 3, 5, 6], [4, 5, 6], [4, 5, 6]]	34,17,5,5	[[3, 2, 4, 8], [2, 4, 10, 7], [4, 3, 2], [4, 3, 2]]	4	[[[4], [3], [5], [6]], [[4], [3], [6], [5]], [[4], [1, 3], [5], [6]], [[4], [1, 3], [6], [5]]]	k2:FF=NA;k2:FF=NA;k2:FF=NA;k2:FF=NA
k4_certs_4_n4_2.json.gz	92	12	7	[[0, 2, 4, 6], [1, 3, 5, 6], [4, 5, 6], [4, 5, 6]]	34,37,5,5	[[3, 2, 4, 8], [3, 2, 10, 6], [4, 3, 2], [4, 3, 2]]	4	[[[4], [1], [5], [6]], [[4], [1], [6], [5]], [[4], [1, 3], [5], [6]], [[4], [1, 3], [6], [5]]]	k2:FF=NA;k2:FF=NA;k2:FF=NA;k2:FF=NA
k4_certs_4_n4_2.json.gz	92	12	7	[[0, 2, 4, 6], [1, 3, 5, 6], [4, 5, 6], [4, 5, 6]]	34,43,5,5	[[3, 2, 4, 8], [3, 4, 10, 8], [4, 3, 2], [4, 3, 2]]	4	[[[4], [3], [5], [6]], [[4], [3], [6], [5]], [[4], [1, 3], [5], [6]], [[4], [1, 3], [6], [5]]]	k2:FF=NA;k2:FF=NA;k2:FF=NA;k2:FF=NA
k4_certs_4_n4_2.json.gz	92	12	7	[[0, 2, 4, 6], [1, 3, 5, 6], [4, 5, 6], [4, 5, 6]]	34,63,5,5	[[3, 2, 4, 8], [4, 1, 8, 6], [4, 3, 2], [4, 3, 2]]	4	[[[4], [1], [5], [6]], [[4], [1], [6], [5]], [[4], [1, 3], [5], [6]], [[4], [1, 3], [6], [5]]]	k2:FF=NA;k2:FF=NA;k2:FF=NA;k2:FF=NA
k4_certs_4_n4_2.json.gz	92	12	7	[[0, 2, 4, 6], [1, 3, 5, 6], [4, 5, 6], [4, 5, 6]]	34,70,5,5	[[3, 2, 4, 8], [4, 2, 8, 7], [4, 3, 2], [4, 3, 2]]	4	[[[4], [1], [5], [6]], [[4], [1], [6], [5]], [[4], [1, 3], [5], [6]], [[4], [1, 3], [6], [5]]]	k2:FF=NA;k2:FF=NA;k2:FF=NA;k2:FF=NA
k4_certs_4_n4_2.json.gz	92	12	7	[[0, 2, 4, 6], [1, 3, 5, 6], [4, 5, 6], [4, 5, 6]]	34,71,5,5	[[3, 2, 4, 8], [4, 2, 10, 7], [4, 3, 2], [4, 3, 2]]	4	[[[4], [1], [5], [6]], [[4], [1], [6], [5]], [[4], [1, 3], [5], [6]], [[4], [1, 3], [6], [5]]]	k2:FF=NA;k2:FF=NA;k2:FF=NA;k2:FF=NA
k4_certs_4_n4_2.json.gz	92	12	7	[[0, 2, 4, 6], [1, 3, 5, 6], [4, 5, 6], [4, 5, 6]]	34,77,5,5	[[3, 2, 4, 8], [4, 3, 10, 8], [4, 3, 2], [4, 3, 2]]	4	[[[4], [1], [5], [6]], [[4], [1], [6], [5]], [[4], [1, 3], [5], [6]], [[4], [1, 3], [6], [5]]]	k2:FF=NA;k2:FF=NA;k2:FF=NA;k2:FF=NA
k4_certs_4_n4_2.json.gz	92	12	7	[[0, 2, 4, 6], [1, 3, 5, 6], [4, 5, 6], [4, 5, 6]]	37,6,3,3	[[3, 2, 10, 6], [2, 3, 4, 8], [3, 4, 2], [3, 4, 2]]	4	[[[0], [5], [4], [6]], [[0], [5], [6], [4]], [[0, 2], [5], [4], [6]], [[0, 2], [5], [6], [4]]]	k2:FF=NA;k2:FF=NA;k2:FF=NA;k2:FF=NA
k4_certs_4_n4_2.json.gz	92	12	7	[[0, 2, 4, 6], [1, 3, 5, 6], [4, 5, 6], [4, 5, 6]]	37,11,3,3	[[3, 2, 10, 6], [2, 4, 5, 8], [3, 4, 2], [3, 4, 2]]	4	[[[0], [5], [4], [6]], [[0], [5], [6], [4]], [[0, 2], [5], [4], [6]], [[0, 2], [5], [6], [4]]]	k2:FF=NA;k2:FF=NA;k2:FF=NA;k2:FF=NA
k4_certs_4_n4_2.json.gz	92	12	7	[[0, 2, 4, 6], [1, 3, 5, 6], [4, 5, 6], [4, 5, 6]]	37,21,3,3	[[3, 2, 10, 6], [2, 6, 7, 10], [3, 4, 2], [3, 4, 2]]	4	[[[0], [5], [4], [6]], [[0], [5], [6], [4]], [[0, 2], [5], [4], [6]], [[0, 2], [5], [6], [4]]]	k2:FF=NA;k2:FF=NA;k2:FF=NA;k2:FF=NA
k4_certs_4_n4_2.json.gz	92	12	7	[[0, 2, 4, 6], [1, 3, 5, 6], [4, 5, 6], [4, 5, 6]]	37,34,3,3	[[3, 2, 10, 6], [3, 2, 4, 8], [3, 4, 2], [3, 4, 2]]	4	[[[0], [5], [4], [6]], [[0], [5], [6], [4]], [[0, 2], [5], [4], [6]], [[0, 2], [5], [6], [4]]]	k2:FF=NA;k2:FF=NA;k2:FF=NA;k2:FF=NA
k4_certs_4_n4_2.json.gz	92	12	7	[[0, 2, 4, 6], [1, 3, 5, 6], [4, 5, 6], [4, 5, 6]]	37,39,3,3	[[3, 2, 10, 6], [3, 4, 6, 8], [3, 4, 2], [3, 4, 2]]	4	[[[0], [5], [4], [6]], [[0], [5], [6], [4]], [[0, 2], [5], [4], [6]], [[0, 2], [5], [6], [4]]]	k2:FF=NA;k2:FF=NA;k2:FF=NA;k2:FF=NA
k4_certs_4_n4_2.json.gz	92	12	7	[[0, 2, 4, 6], [1, 3, 5, 6], [4, 5, 6], [4, 5, 6]]	37,51,3,3	[[3, 2, 10, 6], [3, 6, 8, 10], [3, 4, 2], [3, 4, 2]]	4	[[[0], [5], [4], [6]], [[0], [5], [6], [4]], [[0, 2], [5], [4], [6]], [[0, 2], [5], [6], [4]]]	k2:FF=NA;k2:FF=NA;k2:FF=NA;k2:FF=NA
k4_certs_4_n4_2.json.gz	92	12	7	[[0, 2, 4, 6], [1, 3, 5, 6], [4, 5, 6], [4, 5, 6]]	37,65,3,3	[[3, 2, 10, 6], [4, 2, 5, 8], [3, 4, 2], [3, 4, 2]]	4	[[[0], [5], [4], [6]], [[0], [5], [6], [4]], [[0, 2], [5], [4], [6]], [[0, 2], [5], [6], [4]]]	k2:FF=NA;k2:FF=NA;k2:FF=NA;k2:FF=NA
k4_certs_4_n4_2.json.gz	92	12	7	[[0, 2, 4, 6], [1, 3, 5, 6], [4, 5, 6], [4, 5, 6]]	37,73,3,3	[[3, 2, 10, 6], [4, 3, 6, 8], [3, 4, 2], [3, 4, 2]]	4	[[[0], [5], [4], [6]], [[0], [5], [6], [4]], [[0, 2], [5], [4], [6]], [[0, 2], [5], [6], [4]]]	k2:FF=NA;k2:FF=NA;k2:FF=NA;k2:FF=NA
k4_certs_4_n4_2.json.gz	92	12	7	[[0, 2, 4, 6], [1, 3, 5, 6], [4, 5, 6], [4, 5, 6]]	37,103,3,3	[[3, 2, 10, 6], [6, 2, 7, 10], [3, 4, 2], [3, 4, 2]]	4	[[[0], [5], [4], [6]], [[0], [5], [6], [4]], [[0, 2], [5], [4], [6]], [[0, 2], [5], [6], [4]]]	k2:FF=NA;k2:FF=NA;k2:FF=NA;k2:FF=NA
k4_certs_4_n4_2.json.gz	92	12	7	[[0, 2, 4, 6], [1, 3, 5, 6], [4, 5, 6], [4, 5, 6]]	37,111,3,3	[[3, 2, 10, 6], [6, 3, 8, 10], [3, 4, 2], [3, 4, 2]]	4	[[[0], [5], [4], [6]], [[0], [5], [6], [4]], [[0, 2], [5], [4], [6]], [[0, 2], [5], [6], [4]]]	k2:FF=NA;k2:FF=NA;k2:FF=NA;k2:FF=NA
k4_certs_4_n4_2.json.gz	92	12	7	[[0, 2, 4, 6], [1, 3, 5, 6], [4, 5, 6], [4, 5, 6]]	39,1,5,5	[[3, 4, 6, 8], [1, 4, 8, 6], [4, 3, 2], [4, 3, 2]]	4	[[[4], [3], [5], [6]], [[4], [3], [6], [5]], [[4], [1, 3], [5], [6]], [[4], [1, 3], [6], [5]]]	k2:FF=NA;k2:FF=NA;k2:FF=NA;k2:FF=NA
k4_certs_4_n4_2.json.gz	92	12	7	[[0, 2, 4, 6], [1, 3, 5, 6], [4, 5, 6], [4, 5, 6]]	39,9,5,5	[[3, 4, 6, 8], [2, 3, 10, 6], [4, 3, 2], [4, 3, 2]]	4	[[[4], [3], [5], [6]], [[4], [3], [6], [5]], [[4], [1, 3], [5], [6]], [[4], [1, 3], [6], [5]]]	k2:FF=NA;k2:FF=NA;k2:FF=NA;k2:FF=NA
k4_certs_4_n4_2.json.gz	92	12	7	[[0, 2, 4, 6], [1, 3, 5, 6], [4, 5, 6], [4, 5, 6]]	39,16,5,5	[[3, 4, 6, 8], [2, 4, 8, 7], [4, 3, 2], [4, 3, 2]]	4	[[[4], [3], [5], [6]], [[4], [3], [6], [5]], [[4], [1, 3], [5], [6]], [[4], [1, 3], [6], [5]]]	k2:FF=NA;k2:FF=NA;k2:FF=NA;k2:FF=NA
k4_certs_4_n4_2.json.gz	92	12	7	[[0, 2, 4, 6], [1, 3, 5, 6], [4, 5, 6], [4, 5, 6]]	39,17,5,5	[[3, 4, 6, 8], [2, 4, 10, 7], [4, 3, 2], [4, 3, 2]]	4	[[[4], [3], [5], [6]], [[4], [3], [6], [5]], [[4], [1, 3], [5], [6]], [[4], [1, 3], [6], [5]]]	k2:FF=NA;k2:FF=NA;k2:FF=NA;k2:FF=NA
k4_certs_4_n4_2.json.gz	92	12	7	[[0, 2, 4, 6], [1, 3, 5, 6], [4, 5, 6], [4, 5, 6]]	39,37,5,5	[[3, 4, 6, 8], [3, 2, 10, 6], [4, 3, 2], [4, 3, 2]]	4	[[[4], [1], [5], [6]], [[4], [1], [6], [5]], [[4], [1, 3], [5], [6]], [[4], [1, 3], [6], [5]]]	k2:FF=NA;k2:FF=NA;k2:FF=NA;k2:FF=NA
k4_certs_4_n4_2.json.gz	92	12	7	[[0, 2, 4, 6], [1, 3, 5, 6], [4, 5, 6], [4, 5, 6]]	39,43,5,5	[[3, 4, 6, 8], [3, 4, 10, 8], [4, 3, 2], [4, 3, 2]]	4	[[[4], [3], [5], [6]], [[4], [3], [6], [5]], [[4], [1, 3], [5], [6]], [[4], [1, 3], [6], [5]]]	k2:FF=NA;k2:FF=NA;k2:FF=NA;k2:FF=NA
k4_certs_4_n4_2.json.gz	92	12	7	[[0, 2, 4, 6], [1, 3, 5, 6], [4, 5, 6], [4, 5, 6]]	39,63,5,5	[[3, 4, 6, 8], [4, 1, 8, 6], [4, 3, 2], [4, 3, 2]]	4	[[[4], [1], [5], [6]], [[4], [1], [6], [5]], [[4], [1, 3], [5], [6]], [[4], [1, 3], [6], [5]]]	k2:FF=NA;k2:FF=NA;k2:FF=NA;k2:FF=NA
k4_certs_4_n4_2.json.gz	92	12	7	[[0, 2, 4, 6], [1, 3, 5, 6], [4, 5, 6], [4, 5, 6]]	39,70,5,5	[[3, 4, 6, 8], [4, 2, 8, 7], [4, 3, 2], [4, 3, 2]]	4	[[[4], [1], [5], [6]], [[4], [1], [6], [5]], [[4], [1, 3], [5], [6]], [[4], [1, 3], [6], [5]]]	k2:FF=NA;k2:FF=NA;k2:FF=NA;k2:FF=NA
k4_certs_4_n4_2.json.gz	92	12	7	[[0, 2, 4, 6], [1, 3, 5, 6], [4, 5, 6], [4, 5, 6]]	39,71,5,5	[[3, 4, 6, 8], [4, 2, 10, 7], [4, 3, 2], [4, 3, 2]]	4	[[[4], [1], [5], [6]], [[4], [1], [6], [5]], [[4], [1, 3], [5], [6]], [[4], [1, 3], [6], [5]]]	k2:FF=NA;k2:FF=NA;k2:FF=NA;k2:FF=NA
k4_certs_4_n4_2.json.gz	92	12	7	[[0, 2, 4, 6], [1, 3, 5, 6], [4, 5, 6], [4, 5, 6]]	39,77,5,5	[[3, 4, 6, 8], [4, 3, 10, 8], [4, 3, 2], [4, 3, 2]]	4	[[[4], [1], [5], [6]], [[4], [1], [6], [5]], [[4], [1, 3], [5], [6]], [[4], [1, 3], [6], [5]]]	k2:FF=NA;k2:FF=NA;k2:FF=NA;k2:FF=NA
k4_certs_4_n4_2.json.gz	92	12	7	[[0, 2, 4, 6], [1, 3, 5, 6], [4, 5, 6], [4, 5, 6]]	43,6,3,3	[[3, 4, 10, 8], [2, 3, 4, 8], [3, 4, 2], [3, 4, 2]]	4	[[[2], [5], [4], [6]], [[2], [5], [6], [4]], [[0, 2], [5], [4], [6]], [[0, 2], [5], [6], [4]]]	k2:FF=NA;k2:FF=NA;k2:FF=NA;k2:FF=NA
k4_certs_4_n4_2.json.gz	92	12	7	[[0, 2, 4, 6], [1, 3, 5, 6], [4, 5, 6], [4, 5, 6]]	43,11,3,3	[[3, 4, 10, 8], [2, 4, 5, 8], [3, 4, 2], [3, 4, 2]]	4	[[[2], [5], [4], [6]], [[2], [5], [6], [4]], [[0, 2], [5], [4], [6]], [[0, 2], [5], [6], [4]]]	k2:FF=NA;k2:FF=NA;k2:FF=NA;k2:FF=NA
k4_certs_4_n4_2.json.gz	92	12	7	[[0, 2, 4, 6], [1, 3, 5, 6], [4, 5, 6], [4, 5, 6]]	43,21,3,3	[[3, 4, 10, 8], [2, 6, 7, 10], [3, 4, 2], [3, 4, 2]]	4	[[[2], [5], [4], [6]], [[2], [5], [6], [4]], [[0, 2], [5], [4], [6]], [[0, 2], [5], [6], [4]]]	k2:FF=NA;k2:FF=NA;k2:FF=NA;k2:FF=NA
k4_certs_4_n4_2.json.gz	92	12	7	[[0, 2, 4, 6], [1, 3, 5, 6], [4, 5, 6], [4, 5, 6]]	43,34,3,3	[[3, 4, 10, 8], [3, 2, 4, 8], [3, 4, 2], [3, 4, 2]]	4	[[[2], [5], [4], [6]], [[2], [5], [6], [4]], [[0, 2], [5], [4], [6]], [[0, 2], [5], [6], [4]]]	k2:FF=NA;k2:FF=NA;k2:FF=NA;k2:FF=NA
k4_certs_4_n4_2.json.gz	92	12	7	[[0, 2, 4, 6], [1, 3, 5, 6], [4, 5, 6], [4, 5, 6]]	43,39,3,3	[[3, 4, 10, 8], [3, 4, 6, 8], [3, 4, 2], [3, 4, 2]]	4	[[[2], [5], [4], [6]], [[2], [5], [6], [4]], [[0, 2], [5], [4], [6]], [[0, 2], [5], [6], [4]]]	k2:FF=NA;k2:FF=NA;k2:FF=NA;k2:FF=NA
k4_certs_4_n4_2.json.gz	92	12	7	[[0, 2, 4, 6], [1, 3, 5, 6], [4, 5, 6], [4, 5, 6]]	43,51,3,3	[[3, 4, 10, 8], [3, 6, 8, 10], [3, 4, 2], [3, 4, 2]]	4	[[[2], [5], [4], [6]], [[2], [5], [6], [4]], [[0, 2], [5], [4], [6]], [[0, 2], [5], [6], [4]]]	k2:FF=NA;k2:FF=NA;k2:FF=NA;k2:FF=NA
k4_certs_4_n4_2.json.gz	92	12	7	[[0, 2, 4, 6], [1, 3, 5, 6], [4, 5, 6], [4, 5, 6]]	43,65,3,3	[[3, 4, 10, 8], [4, 2, 5, 8], [3, 4, 2], [3, 4, 2]]	4	[[[2], [5], [4], [6]], [[2], [5], [6], [4]], [[0, 2], [5], [4], [6]], [[0, 2], [5], [6], [4]]]	k2:FF=NA;k2:FF=NA;k2:FF=NA;k2:FF=NA
k4_certs_4_n4_2.json.gz	92	12	7	[[0, 2, 4, 6], [1, 3, 5, 6], [4, 5, 6], [4, 5, 6]]	43,73,3,3	[[3, 4, 10, 8], [4, 3, 6, 8], [3, 4, 2], [3, 4, 2]]	4	[[[2], [5], [4], [6]], [[2], [5], [6], [4]], [[0, 2], [5], [4], [6]], [[0, 2], [5], [6], [4]]]	k2:FF=NA;k2:FF=NA;k2:FF=NA;k2:FF=NA
k4_certs_4_n4_2.json.gz	92	12	7	[[0, 2, 4, 6], [1, 3, 5, 6], [4, 5, 6], [4, 5, 6]]	43,103,3,3	[[3, 4, 10, 8], [6, 2, 7, 10], [3, 4, 2], [3, 4, 2]]	4	[[[2], [5], [4], [6]], [[2], [5], [6], [4]], [[0, 2], [5], [4], [6]], [[0, 2], [5], [6], [4]]]	k2:FF=NA;k2:FF=NA;k2:FF=NA;k2:FF=NA
k4_certs_4_n4_2.json.gz	92	12	7	[[0, 2, 4, 6], [1, 3, 5, 6], [4, 5, 6], [4, 5, 6]]	43,111,3,3	[[3, 4, 10, 8], [6, 3, 8, 10], [3, 4, 2], [3, 4, 2]]	4	[[[2], [5], [4], [6]], [[2], [5], [6], [4]], [[0, 2], [5], [4], [6]], [[0, 2], [5], [6], [4]]]	k2:FF=NA;k2:FF=NA;k2:FF=NA;k2:FF=NA
k4_certs_4_n4_2.json.gz	92	12	7	[[0, 2, 4, 6], [1, 3, 5, 6], [4, 5, 6], [4, 5, 6]]	51,1,5,5	[[3, 6, 8, 10], [1, 4, 8, 6], [4, 3, 2], [4, 3, 2]]	4	[[[4], [3], [5], [6]], [[4], [3], [6], [5]], [[4], [1, 3], [5], [6]], [[4], [1, 3], [6], [5]]]	k2:FF=NA;k2:FF=NA;k2:FF=NA;k2:FF=NA
k4_certs_4_n4_2.json.gz	92	12	7	[[0, 2, 4, 6], [1, 3, 5, 6], [4, 5, 6], [4, 5, 6]]	51,9,5,5	[[3, 6, 8, 10], [2, 3, 10, 6], [4, 3, 2], [4, 3, 2]]	4	[[[4], [3], [5], [6]], [[4], [3], [6], [5]], [[4], [1, 3], [5], [6]], [[4], [1, 3], [6], [5]]]	k2:FF=NA;k2:FF=NA;k2:FF=NA;k2:FF=NA
k4_certs_4_n4_2.json.gz	92	12	7	[[0, 2, 4, 6], [1, 3, 5, 6], [4, 5, 6], [4, 5, 6]]	51,16,5,5	[[3, 6, 8, 10], [2, 4, 8, 7], [4, 3, 2], [4, 3, 2]]	4	[[[4], [3], [5], [6]], [[4], [3], [6], [5]], [[4], [1, 3], [5], [6]], [[4], [1, 3], [6], [5]]]	k2:FF=NA;k2:FF=NA;k2:FF=NA;k2:FF=NA
k4_certs_4_n4_2.json.gz	92	12	7	[[0, 2, 4, 6], [1, 3, 5, 6], [4, 5, 6], [4, 5, 6]]	51,17,5,5	[[3, 6, 8, 10], [2, 4, 10, 7], [4, 3, 2], [4, 3, 2]]	4	[[[4], [3], [5], [6]], [[4], [3], [6], [5]], [[4], [1, 3], [5], [6]], [[4], [1, 3], [6], [5]]]	k2:FF=NA;k2:FF=NA;k2:FF=NA;k2:FF=NA
k4_certs_4_n4_2.json.gz	92	12	7	[[0, 2, 4, 6], [1, 3, 5, 6], [4, 5, 6], [4, 5, 6]]	51,37,5,5	[[3, 6, 8, 10], [3, 2, 10, 6], [4, 3, 2], [4, 3, 2]]	4	[[[4], [1], [5], [6]], [[4], [1], [6], [5]], [[4], [1, 3], [5], [6]], [[4], [1, 3], [6], [5]]]	k2:FF=NA;k2:FF=NA;k2:FF=NA;k2:FF=NA
k4_certs_4_n4_2.json.gz	92	12	7	[[0, 2, 4, 6], [1, 3, 5, 6], [4, 5, 6], [4, 5, 6]]	51,43,5,5	[[3, 6, 8, 10], [3, 4, 10, 8], [4, 3, 2], [4, 3, 2]]	4	[[[4], [3], [5], [6]], [[4], [3], [6], [5]], [[4], [1, 3], [5], [6]], [[4], [1, 3], [6], [5]]]	k2:FF=NA;k2:FF=NA;k2:FF=NA;k2:FF=NA
k4_certs_4_n4_2.json.gz	92	12	7	[[0, 2, 4, 6], [1, 3, 5, 6], [4, 5, 6], [4, 5, 6]]	51,63,5,5	[[3, 6, 8, 10], [4, 1, 8, 6], [4, 3, 2], [4, 3, 2]]	4	[[[4], [1], [5], [6]], [[4], [1], [6], [5]], [[4], [1, 3], [5], [6]], [[4], [1, 3], [6], [5]]]	k2:FF=NA;k2:FF=NA;k2:FF=NA;k2:FF=NA
k4_certs_4_n4_2.json.gz	92	12	7	[[0, 2, 4, 6], [1, 3, 5, 6], [4, 5, 6], [4, 5, 6]]	51,70,5,5	[[3, 6, 8, 10], [4, 2, 8, 7], [4, 3, 2], [4, 3, 2]]	4	[[[4], [1], [5], [6]], [[4], [1], [6], [5]], [[4], [1, 3], [5], [6]], [[4], [1, 3], [6], [5]]]	k2:FF=NA;k2:FF=NA;k2:FF=NA;k2:FF=NA
k4_certs_4_n4_2.json.gz	92	12	7	[[0, 2, 4, 6], [1, 3, 5, 6], [4, 5, 6], [4, 5, 6]]	51,71,5,5	[[3, 6, 8, 10], [4, 2, 10, 7], [4, 3, 2], [4, 3, 2]]	4	[[[4], [1], [5], [6]], [[4], [1], [6], [5]], [[4], [1, 3], [5], [6]], [[4], [1, 3], [6], [5]]]	k2:FF=NA;k2:FF=NA;k2:FF=NA;k2:FF=NA
k4_certs_4_n4_2.json.gz	92	12	7	[[0, 2, 4, 6], [1, 3, 5, 6], [4, 5, 6], [4, 5, 6]]	51,77,5,5	[[3, 6, 8, 10], [4, 3, 10, 8], [4, 3, 2], [4, 3, 2]]	4	[[[4], [1], [5], [6]], [[4], [1], [6], [5]], [[4], [1, 3], [5], [6]], [[4], [1, 3], [6], [5]]]	k2:FF=NA;k2:FF=NA;k2:FF=NA;k2:FF=NA
k4_certs_4_n4_2.json.gz	92	12	7	[[0, 2, 4, 6], [1, 3, 5, 6], [4, 5, 6], [4, 5, 6]]	63,6,3,3	[[4, 1, 8, 6], [2, 3, 4, 8], [3, 4, 2], [3, 4, 2]]	4	[[[0], [5], [4], [6]], [[0], [5], [6], [4]], [[0, 2], [5], [4], [6]], [[0, 2], [5], [6], [4]]]	k2:FF=NA;k2:FF=NA;k2:FF=NA;k2:FF=NA
k4_certs_4_n4_2.json.gz	92	12	7	[[0, 2, 4, 6], [1, 3, 5, 6], [4, 5, 6], [4, 5, 6]]	63,11,3,3	[[4, 1, 8, 6], [2, 4, 5, 8], [3, 4, 2], [3, 4, 2]]	4	[[[0], [5], [4], [6]], [[0], [5], [6], [4]], [[0, 2], [5], [4], [6]], [[0, 2], [5], [6], [4]]]	k2:FF=NA;k2:FF=NA;k2:FF=NA;k2:FF=NA
k4_certs_4_n4_2.json.gz	92	12	7	[[0, 2, 4, 6], [1, 3, 5, 6], [4, 5, 6], [4, 5, 6]]	63,21,3,3	[[4, 1, 8, 6], [2, 6, 7, 10], [3, 4, 2], [3, 4, 2]]	4	[[[0], [5], [4], [6]], [[0], [5], [6], [4]], [[0, 2], [5], [4], [6]], [[0, 2], [5], [6], [4]]]	k2:FF=NA;k2:FF=NA;k2:FF=NA;k2:FF=NA
k4_certs_4_n4_2.json.gz	92	12	7	[[0, 2, 4, 6], [1, 3, 5, 6], [4, 5, 6], [4, 5, 6]]	63,34,3,3	[[4, 1, 8, 6], [3, 2, 4, 8], [3, 4, 2], [3, 4, 2]]	4	[[[0], [5], [4], [6]], [[0], [5], [6], [4]], [[0, 2], [5], [4], [6]], [[0, 2], [5], [6], [4]]]	k2:FF=NA;k2:FF=NA;k2:FF=NA;k2:FF=NA
k4_certs_4_n4_2.json.gz	92	12	7	[[0, 2, 4, 6], [1, 3, 5, 6], [4, 5, 6], [4, 5, 6]]	63,39,3,3	[[4, 1, 8, 6], [3, 4, 6, 8], [3, 4, 2], [3, 4, 2]]	4	[[[0], [5], [4], [6]], [[0], [5], [6], [4]], [[0, 2], [5], [4], [6]], [[0, 2], [5], [6], [4]]]	k2:FF=NA;k2:FF=NA;k2:FF=NA;k2:FF=NA
k4_certs_4_n4_2.json.gz	92	12	7	[[0, 2, 4, 6], [1, 3, 5, 6], [4, 5, 6], [4, 5, 6]]	63,51,3,3	[[4, 1, 8, 6], [3, 6, 8, 10], [3, 4, 2], [3, 4, 2]]	4	[[[0], [5], [4], [6]], [[0], [5], [6], [4]], [[0, 2], [5], [4], [6]], [[0, 2], [5], [6], [4]]]	k2:FF=NA;k2:FF=NA;k2:FF=NA;k2:FF=NA
k4_certs_4_n4_2.json.gz	92	12	7	[[0, 2, 4, 6], [1, 3, 5, 6], [4, 5, 6], [4, 5, 6]]	63,65,3,3	[[4, 1, 8, 6], [4, 2, 5, 8], [3, 4, 2], [3, 4, 2]]	4	[[[0], [5], [4], [6]], [[0], [5], [6], [4]], [[0, 2], [5], [4], [6]], [[0, 2], [5], [6], [4]]]	k2:FF=NA;k2:FF=NA;k2:FF=NA;k2:FF=NA
k4_certs_4_n4_2.json.gz	92	12	7	[[0, 2, 4, 6], [1, 3, 5, 6], [4, 5, 6], [4, 5, 6]]	63,73,3,3	[[4, 1, 8, 6], [4, 3, 6, 8], [3, 4, 2], [3, 4, 2]]	4	[[[0], [5], [4], [6]], [[0], [5], [6], [4]], [[0, 2], [5], [4], [6]], [[0, 2], [5], [6], [4]]]	k2:FF=NA;k2:FF=NA;k2:FF=NA;k2:FF=NA
k4_certs_4_n4_2.json.gz	92	12	7	[[0, 2, 4, 6], [1, 3, 5, 6], [4, 5, 6], [4, 5, 6]]	63,103,3,3	[[4, 1, 8, 6], [6, 2, 7, 10], [3, 4, 2], [3, 4, 2]]	4	[[[0], [5], [4], [6]], [[0], [5], [6], [4]], [[0, 2], [5], [4], [6]], [[0, 2], [5], [6], [4]]]	k2:FF=NA;k2:FF=NA;k2:FF=NA;k2:FF=NA
k4_certs_4_n4_2.json.gz	92	12	7	[[0, 2, 4, 6], [1, 3, 5, 6], [4, 5, 6], [4, 5, 6]]	63,111,3,3	[[4, 1, 8, 6], [6, 3, 8, 10], [3, 4, 2], [3, 4, 2]]	4	[[[0], [5], [4], [6]], [[0], [5], [6], [4]], [[0, 2], [5], [4], [6]], [[0, 2], [5], [6], [4]]]	k2:FF=NA;k2:FF=NA;k2:FF=NA;k2:FF=NA
k4_certs_4_n4_2.json.gz	92	12	7	[[0, 2, 4, 6], [1, 3, 5, 6], [4, 5, 6], [4, 5, 6]]	65,1,5,5	[[4, 2, 5, 8], [1, 4, 8, 6], [4, 3, 2], [4, 3, 2]]	4	[[[4], [3], [5], [6]], [[4], [3], [6], [5]], [[4], [1, 3], [5], [6]], [[4], [1, 3], [6], [5]]]	k2:FF=NA;k2:FF=NA;k2:FF=NA;k2:FF=NA
k4_certs_4_n4_2.json.gz	92	12	7	[[0, 2, 4, 6], [1, 3, 5, 6], [4, 5, 6], [4, 5, 6]]	65,9,5,5	[[4, 2, 5, 8], [2, 3, 10, 6], [4, 3, 2], [4, 3, 2]]	4	[[[4], [3], [5], [6]], [[4], [3], [6], [5]], [[4], [1, 3], [5], [6]], [[4], [1, 3], [6], [5]]]	k2:FF=NA;k2:FF=NA;k2:FF=NA;k2:FF=NA
k4_certs_4_n4_2.json.gz	92	12	7	[[0, 2, 4, 6], [1, 3, 5, 6], [4, 5, 6], [4, 5, 6]]	65,16,5,5	[[4, 2, 5, 8], [2, 4, 8, 7], [4, 3, 2], [4, 3, 2]]	4	[[[4], [3], [5], [6]], [[4], [3], [6], [5]], [[4], [1, 3], [5], [6]], [[4], [1, 3], [6], [5]]]	k2:FF=NA;k2:FF=NA;k2:FF=NA;k2:FF=NA
k4_certs_4_n4_2.json.gz	92	12	7	[[0, 2, 4, 6], [1, 3, 5, 6], [4, 5, 6], [4, 5, 6]]	65,17,5,5	[[4, 2, 5, 8], [2, 4, 10, 7], [4, 3, 2], [4, 3, 2]]	4	[[[4], [3], [5], [6]], [[4], [3], [6], [5]], [[4], [1, 3], [5], [6]], [[4], [1, 3], [6], [5]]]	k2:FF=NA;k2:FF=NA;k2:FF=NA;k2:FF=NA
k4_certs_4_n4_2.json.gz	92	12	7	[[0, 2, 4, 6], [1, 3, 5, 6], [4, 5, 6], [4, 5, 6]]	65,37,5,5	[[4, 2, 5, 8], [3, 2, 10, 6], [4, 3, 2], [4, 3, 2]]	4	[[[4], [1], [5], [6]], [[4], [1], [6], [5]], [[4], [1, 3], [5], [6]], [[4], [1, 3], [6], [5]]]	k2:FF=NA;k2:FF=NA;k2:FF=NA;k2:FF=NA
k4_certs_4_n4_2.json.gz	92	12	7	[[0, 2, 4, 6], [1, 3, 5, 6], [4, 5, 6], [4, 5, 6]]	65,43,5,5	[[4, 2, 5, 8], [3, 4, 10, 8], [4, 3, 2], [4, 3, 2]]	4	[[[4], [3], [5], [6]], [[4], [3], [6], [5]], [[4], [1, 3], [5], [6]], [[4], [1, 3], [6], [5]]]	k2:FF=NA;k2:FF=NA;k2:FF=NA;k2:FF=NA
k4_certs_4_n4_2.json.gz	92	12	7	[[0, 2, 4, 6], [1, 3, 5, 6], [4, 5, 6], [4, 5, 6]]	65,63,5,5	[[4, 2, 5, 8], [4, 1, 8, 6], [4, 3, 2], [4, 3, 2]]	4	[[[4], [1], [5], [6]], [[4], [1], [6], [5]], [[4], [1, 3], [5], [6]], [[4], [1, 3], [6], [5]]]	k2:FF=NA;k2:FF=NA;k2:FF=NA;k2:FF=NA
k4_certs_4_n4_2.json.gz	92	12	7	[[0, 2, 4, 6], [1, 3, 5, 6], [4, 5, 6], [4, 5, 6]]	65,70,5,5	[[4, 2, 5, 8], [4, 2, 8, 7], [4, 3, 2], [4, 3, 2]]	4	[[[4], [1], [5], [6]], [[4], [1], [6], [5]], [[4], [1, 3], [5], [6]], [[4], [1, 3], [6], [5]]]	k2:FF=NA;k2:FF=NA;k2:FF=NA;k2:FF=NA
k4_certs_4_n4_2.json.gz	92	12	7	[[0, 2, 4, 6], [1, 3, 5, 6], [4, 5, 6], [4, 5, 6]]	65,71,5,5	[[4, 2, 5, 8], [4, 2, 10, 7], [4, 3, 2], [4, 3, 2]]	4	[[[4], [1], [5], [6]], [[4], [1], [6], [5]], [[4], [1, 3], [5], [6]], [[4], [1, 3], [6], [5]]]	k2:FF=NA;k2:FF=NA;k2:FF=NA;k2:FF=NA
k4_certs_4_n4_2.json.gz	92	12	7	[[0, 2, 4, 6], [1, 3, 5, 6], [4, 5, 6], [4, 5, 6]]	65,77,5,5	[[4, 2, 5, 8], [4, 3, 10, 8], [4, 3, 2], [4, 3, 2]]	4	[[[4], [1], [5], [6]], [[4], [1], [6], [5]], [[4], [1, 3], [5], [6]], [[4], [1, 3], [6], [5]]]	k2:FF=NA;k2:FF=NA;k2:FF=NA;k2:FF=NA
k4_certs_4_n4_2.json.gz	92	12	7	[[0, 2, 4, 6], [1, 3, 5, 6], [4, 5, 6], [4, 5, 6]]	70,6,3,3	[[4, 2, 8, 7], [2, 3, 4, 8], [3, 4, 2], [3, 4, 2]]	4	[[[0], [5], [4], [6]], [[0], [5], [6], [4]], [[0, 2], [5], [4], [6]], [[0, 2], [5], [6], [4]]]	k2:FF=NA;k2:FF=NA;k2:FF=NA;k2:FF=NA
k4_certs_4_n4_2.json.gz	92	12	7	[[0, 2, 4, 6], [1, 3, 5, 6], [4, 5, 6], [4, 5, 6]]	70,11,3,3	[[4, 2, 8, 7], [2, 4, 5, 8], [3, 4, 2], [3, 4, 2]]	4	[[[0], [5], [4], [6]], [[0], [5], [6], [4]], [[0, 2], [5], [4], [6]], [[0, 2], [5], [6], [4]]]	k2:FF=NA;k2:FF=NA;k2:FF=NA;k2:FF=NA
k4_certs_4_n4_2.json.gz	92	12	7	[[0, 2, 4, 6], [1, 3, 5, 6], [4, 5, 6], [4, 5, 6]]	70,21,3,3	[[4, 2, 8, 7], [2, 6, 7, 10], [3, 4, 2], [3, 4, 2]]	4	[[[0], [5], [4], [6]], [[0], [5], [6], [4]], [[0, 2], [5], [4], [6]], [[0, 2], [5], [6], [4]]]	k2:FF=NA;k2:FF=NA;k2:FF=NA;k2:FF=NA
k4_certs_4_n4_2.json.gz	92	12	7	[[0, 2, 4, 6], [1, 3, 5, 6], [4, 5, 6], [4, 5, 6]]	70,34,3,3	[[4, 2, 8, 7], [3, 2, 4, 8], [3, 4, 2], [3, 4, 2]]	4	[[[0], [5], [4], [6]], [[0], [5], [6], [4]], [[0, 2], [5], [4], [6]], [[0, 2], [5], [6], [4]]]	k2:FF=NA;k2:FF=NA;k2:FF=NA;k2:FF=NA
k4_certs_4_n4_2.json.gz	92	12	7	[[0, 2, 4, 6], [1, 3, 5, 6], [4, 5, 6], [4, 5, 6]]	70,39,3,3	[[4, 2, 8, 7], [3, 4, 6, 8], [3, 4, 2], [3, 4, 2]]	4	[[[0], [5], [4], [6]], [[0], [5], [6], [4]], [[0, 2], [5], [4], [6]], [[0, 2], [5], [6], [4]]]	k2:FF=NA;k2:FF=NA;k2:FF=NA;k2:FF=NA
k4_certs_4_n4_2.json.gz	92	12	7	[[0, 2, 4, 6], [1, 3, 5, 6], [4, 5, 6], [4, 5, 6]]	70,51,3,3	[[4, 2, 8, 7], [3, 6, 8, 10], [3, 4, 2], [3, 4, 2]]	4	[[[0], [5], [4], [6]], [[0], [5], [6], [4]], [[0, 2], [5], [4], [6]], [[0, 2], [5], [6], [4]]]	k2:FF=NA;k2:FF=NA;k2:FF=NA;k2:FF=NA
k4_certs_4_n4_2.json.gz	92	12	7	[[0, 2, 4, 6], [1, 3, 5, 6], [4, 5, 6], [4, 5, 6]]	70,65,3,3	[[4, 2, 8, 7], [4, 2, 5, 8], [3, 4, 2], [3, 4, 2]]	4	[[[0], [5], [4], [6]], [[0], [5], [6], [4]], [[0, 2], [5], [4], [6]], [[0, 2], [5], [6], [4]]]	k2:FF=NA;k2:FF=NA;k2:FF=NA;k2:FF=NA
k4_certs_4_n4_2.json.gz	92	12	7	[[0, 2, 4, 6], [1, 3, 5, 6], [4, 5, 6], [4, 5, 6]]	70,73,3,3	[[4, 2, 8, 7], [4, 3, 6, 8], [3, 4, 2], [3, 4, 2]]	4	[[[0], [5], [4], [6]], [[0], [5], [6], [4]], [[0, 2], [5], [4], [6]], [[0, 2], [5], [6], [4]]]	k2:FF=NA;k2:FF=NA;k2:FF=NA;k2:FF=NA
k4_certs_4_n4_2.json.gz	92	12	7	[[0, 2, 4, 6], [1, 3, 5, 6], [4, 5, 6], [4, 5, 6]]	70,103,3,3	[[4, 2, 8, 7], [6, 2, 7, 10], [3, 4, 2], [3, 4, 2]]	4	[[[0], [5], [4], [6]], [[0], [5], [6], [4]], [[0, 2], [5], [4], [6]], [[0, 2], [5], [6], [4]]]	k2:FF=NA;k2:FF=NA;k2:FF=NA;k2:FF=NA
k4_certs_4_n4_2.json.gz	92	12	7	[[0, 2, 4, 6], [1, 3, 5, 6], [4, 5, 6], [4, 5, 6]]	70,111,3,3	[[4, 2, 8, 7], [6, 3, 8, 10], [3, 4, 2], [3, 4, 2]]	4	[[[0], [5], [4], [6]], [[0], [5], [6], [4]], [[0, 2], [5], [4], [6]], [[0, 2], [5], [6], [4]]]	k2:FF=NA;k2:FF=NA;k2:FF=NA;k2:FF=NA
k4_certs_4_n4_2.json.gz	92	12	7	[[0, 2, 4, 6], [1, 3, 5, 6], [4, 5, 6], [4, 5, 6]]	71,6,3,3	[[4, 2, 10, 7], [2, 3, 4, 8], [3, 4, 2], [3, 4, 2]]	4	[[[0], [5], [4], [6]], [[0], [5], [6], [4]], [[0, 2], [5], [4], [6]], [[0, 2], [5], [6], [4]]]	k2:FF=NA;k2:FF=NA;k2:FF=NA;k2:FF=NA
k4_certs_4_n4_2.json.gz	92	12	7	[[0, 2, 4, 6], [1, 3, 5, 6], [4, 5, 6], [4, 5, 6]]	71,11,3,3	[[4, 2, 10, 7], [2, 4, 5, 8], [3, 4, 2], [3, 4, 2]]	4	[[[0], [5], [4], [6]], [[0], [5], [6], [4]], [[0, 2], [5], [4], [6]], [[0, 2], [5], [6], [4]]]	k2:FF=NA;k2:FF=NA;k2:FF=NA;k2:FF=NA
k4_certs_4_n4_2.json.gz	92	12	7	[[0, 2, 4, 6], [1, 3, 5, 6], [4, 5, 6], [4, 5, 6]]	71,21,3,3	[[4, 2, 10, 7], [2, 6, 7, 10], [3, 4, 2], [3, 4, 2]]	4	[[[0], [5], [4], [6]], [[0], [5], [6], [4]], [[0, 2], [5], [4], [6]], [[0, 2], [5], [6], [4]]]	k2:FF=NA;k2:FF=NA;k2:FF=NA;k2:FF=NA
k4_certs_4_n4_2.json.gz	92	12	7	[[0, 2, 4, 6], [1, 3, 5, 6], [4, 5, 6], [4, 5, 6]]	71,34,3,3	[[4, 2, 10, 7], [3, 2, 4, 8], [3, 4, 2], [3, 4, 2]]	4	[[[0], [5], [4], [6]], [[0], [5], [6], [4]], [[0, 2], [5], [4], [6]], [[0, 2], [5], [6], [4]]]	k2:FF=NA;k2:FF=NA;k2:FF=NA;k2:FF=NA
k4_certs_4_n4_2.json.gz	92	12	7	[[0, 2, 4, 6], [1, 3, 5, 6], [4, 5, 6], [4, 5, 6]]	71,39,3,3	[[4, 2, 10, 7], [3, 4, 6, 8], [3, 4, 2], [3, 4, 2]]	4	[[[0], [5], [4], [6]], [[0], [5], [6], [4]], [[0, 2], [5], [4], [6]], [[0, 2], [5], [6], [4]]]	k2:FF=NA;k2:FF=NA;k2:FF=NA;k2:FF=NA
k4_certs_4_n4_2.json.gz	92	12	7	[[0, 2, 4, 6], [1, 3, 5, 6], [4, 5, 6], [4, 5, 6]]	71,51,3,3	[[4, 2, 10, 7], [3, 6, 8, 10], [3, 4, 2], [3, 4, 2]]	4	[[[0], [5], [4], [6]], [[0], [5], [6], [4]], [[0, 2], [5], [4], [6]], [[0, 2], [5], [6], [4]]]	k2:FF=NA;k2:FF=NA;k2:FF=NA;k2:FF=NA
k4_certs_4_n4_2.json.gz	92	12	7	[[0, 2, 4, 6], [1, 3, 5, 6], [4, 5, 6], [4, 5, 6]]	71,65,3,3	[[4, 2, 10, 7], [4, 2, 5, 8], [3, 4, 2], [3, 4, 2]]	4	[[[0], [5], [4], [6]], [[0], [5], [6], [4]], [[0, 2], [5], [4], [6]], [[0, 2], [5], [6], [4]]]	k2:FF=NA;k2:FF=NA;k2:FF=NA;k2:FF=NA
k4_certs_4_n4_2.json.gz	92	12	7	[[0, 2, 4, 6], [1, 3, 5, 6], [4, 5, 6], [4, 5, 6]]	71,73,3,3	[[4, 2, 10, 7], [4, 3, 6, 8], [3, 4, 2], [3, 4, 2]]	4	[[[0], [5], [4], [6]], [[0], [5], [6], [4]], [[0, 2], [5], [4], [6]], [[0, 2], [5], [6], [4]]]	k2:FF=NA;k2:FF=NA;k2:FF=NA;k2:FF=NA
k4_certs_4_n4_2.json.gz	92	12	7	[[0, 2, 4, 6], [1, 3, 5, 6], [4, 5, 6], [4, 5, 6]]	71,103,3,3	[[4, 2, 10, 7], [6, 2, 7, 10], [3, 4, 2], [3, 4, 2]]	4	[[[0], [5], [4], [6]], [[0], [5], [6], [4]], [[0, 2], [5], [4], [6]], [[0, 2], [5], [6], [4]]]	k2:FF=NA;k2:FF=NA;k2:FF=NA;k2:FF=NA
k4_certs_4_n4_2.json.gz	92	12	7	[[0, 2, 4, 6], [1, 3, 5, 6], [4, 5, 6], [4, 5, 6]]	71,111,3,3	[[4, 2, 10, 7], [6, 3, 8, 10], [3, 4, 2], [3, 4, 2]]	4	[[[0], [5], [4], [6]], [[0], [5], [6], [4]], [[0, 2], [5], [4], [6]], [[0, 2], [5], [6], [4]]]	k2:FF=NA;k2:FF=NA;k2:FF=NA;k2:FF=NA
k4_certs_4_n4_2.json.gz	92	12	7	[[0, 2, 4, 6], [1, 3, 5, 6], [4, 5, 6], [4, 5, 6]]	73,1,5,5	[[4, 3, 6, 8], [1, 4, 8, 6], [4, 3, 2], [4, 3, 2]]	4	[[[4], [3], [5], [6]], [[4], [3], [6], [5]], [[4], [1, 3], [5], [6]], [[4], [1, 3], [6], [5]]]	k2:FF=NA;k2:FF=NA;k2:FF=NA;k2:FF=NA
k4_certs_4_n4_2.json.gz	92	12	7	[[0, 2, 4, 6], [1, 3, 5, 6], [4, 5, 6], [4, 5, 6]]	73,9,5,5	[[4, 3, 6, 8], [2, 3, 10, 6], [4, 3, 2], [4, 3, 2]]	4	[[[4], [3], [5], [6]], [[4], [3], [6], [5]], [[4], [1, 3], [5], [6]], [[4], [1, 3], [6], [5]]]	k2:FF=NA;k2:FF=NA;k2:FF=NA;k2:FF=NA
k4_certs_4_n4_2.json.gz	92	12	7	[[0, 2, 4, 6], [1, 3, 5, 6], [4, 5, 6], [4, 5, 6]]	73,16,5,5	[[4, 3, 6, 8], [2, 4, 8, 7], [4, 3, 2], [4, 3, 2]]	4	[[[4], [3], [5], [6]], [[4], [3], [6], [5]], [[4], [1, 3], [5], [6]], [[4], [1, 3], [6], [5]]]	k2:FF=NA;k2:FF=NA;k2:FF=NA;k2:FF=NA
k4_certs_4_n4_2.json.gz	92	12	7	[[0, 2, 4, 6], [1, 3, 5, 6], [4, 5, 6], [4, 5, 6]]	73,17,5,5	[[4, 3, 6, 8], [2, 4, 10, 7], [4, 3, 2], [4, 3, 2]]	4	[[[4], [3], [5], [6]], [[4], [3], [6], [5]], [[4], [1, 3], [5], [6]], [[4], [1, 3], [6], [5]]]	k2:FF=NA;k2:FF=NA;k2:FF=NA;k2:FF=NA
k4_certs_4_n4_2.json.gz	92	12	7	[[0, 2, 4, 6], [1, 3, 5, 6], [4, 5, 6], [4, 5, 6]]	73,37,5,5	[[4, 3, 6, 8], [3, 2, 10, 6], [4, 3, 2], [4, 3, 2]]	4	[[[4], [1], [5], [6]], [[4], [1], [6], [5]], [[4], [1, 3], [5], [6]], [[4], [1, 3], [6], [5]]]	k2:FF=NA;k2:FF=NA;k2:FF=NA;k2:FF=NA
k4_certs_4_n4_2.json.gz	92	12	7	[[0, 2, 4, 6], [1, 3, 5, 6], [4, 5, 6], [4, 5, 6]]	73,43,5,5	[[4, 3, 6, 8], [3, 4, 10, 8], [4, 3, 2], [4, 3, 2]]	4	[[[4], [3], [5], [6]], [[4], [3], [6], [5]], [[4], [1, 3], [5], [6]], [[4], [1, 3], [6], [5]]]	k2:FF=NA;k2:FF=NA;k2:FF=NA;k2:FF=NA
k4_certs_4_n4_2.json.gz	92	12	7	[[0, 2, 4, 6], [1, 3, 5, 6], [4, 5, 6], [4, 5, 6]]	73,63,5,5	[[4, 3, 6, 8], [4, 1, 8, 6], [4, 3, 2], [4, 3, 2]]	4	[[[4], [1], [5], [6]], [[4], [1], [6], [5]], [[4], [1, 3], [5], [6]], [[4], [1, 3], [6], [5]]]	k2:FF=NA;k2:FF=NA;k2:FF=NA;k2:FF=NA
k4_certs_4_n4_2.json.gz	92	12	7	[[0, 2, 4, 6], [1, 3, 5, 6], [4, 5, 6], [4, 5, 6]]	73,70,5,5	[[4, 3, 6, 8], [4, 2, 8, 7], [4, 3, 2], [4, 3, 2]]	4	[[[4], [1], [5], [6]], [[4], [1], [6], [5]], [[4], [1, 3], [5], [6]], [[4], [1, 3], [6], [5]]]	k2:FF=NA;k2:FF=NA;k2:FF=NA;k2:FF=NA
k4_certs_4_n4_2.json.gz	92	12	7	[[0, 2, 4, 6], [1, 3, 5, 6], [4, 5, 6], [4, 5, 6]]	73,71,5,5	[[4, 3, 6, 8], [4, 2, 10, 7], [4, 3, 2], [4, 3, 2]]	4	[[[4], [1], [5], [6]], [[4], [1], [6], [5]], [[4], [1, 3], [5], [6]], [[4], [1, 3], [6], [5]]]	k2:FF=NA;k2:FF=NA;k2:FF=NA;k2:FF=NA
k4_certs_4_n4_2.json.gz	92	12	7	[[0, 2, 4, 6], [1, 3, 5, 6], [4, 5, 6], [4, 5, 6]]	73,77,5,5	[[4, 3, 6, 8], [4, 3, 10, 8], [4, 3, 2], [4, 3, 2]]	4	[[[4], [1], [5], [6]], [[4], [1], [6], [5]], [[4], [1, 3], [5], [6]], [[4], [1, 3], [6], [5]]]	k2:FF=NA;k2:FF=NA;k2:FF=NA;k2:FF=NA
k4_certs_4_n4_2.json.gz	92	12	7	[[0, 2, 4, 6], [1, 3, 5, 6], [4, 5, 6], [4, 5, 6]]	77,6,3,3	[[4, 3, 10, 8], [2, 3, 4, 8], [3, 4, 2], [3, 4, 2]]	4	[[[0], [5], [4], [6]], [[0], [5], [6], [4]], [[0, 2], [5], [4], [6]], [[0, 2], [5], [6], [4]]]	k2:FF=NA;k2:FF=NA;k2:FF=NA;k2:FF=NA
k4_certs_4_n4_2.json.gz	92	12	7	[[0, 2, 4, 6], [1, 3, 5, 6], [4, 5, 6], [4, 5, 6]]	77,11,3,3	[[4, 3, 10, 8], [2, 4, 5, 8], [3, 4, 2], [3, 4, 2]]	4	[[[0], [5], [4], [6]], [[0], [5], [6], [4]], [[0, 2], [5], [4], [6]], [[0, 2], [5], [6], [4]]]	k2:FF=NA;k2:FF=NA;k2:FF=NA;k2:FF=NA
k4_certs_4_n4_2.json.gz	92	12	7	[[0, 2, 4, 6], [1, 3, 5, 6], [4, 5, 6], [4, 5, 6]]	77,21,3,3	[[4, 3, 10, 8], [2, 6, 7, 10], [3, 4, 2], [3, 4, 2]]	4	[[[0], [5], [4], [6]], [[0], [5], [6], [4]], [[0, 2], [5], [4], [6]], [[0, 2], [5], [6], [4]]]	k2:FF=NA;k2:FF=NA;k2:FF=NA;k2:FF=NA
k4_certs_4_n4_2.json.gz	92	12	7	[[0, 2, 4, 6], [1, 3, 5, 6], [4, 5, 6], [4, 5, 6]]	77,34,3,3	[[4, 3, 10, 8], [3, 2, 4, 8], [3, 4, 2], [3, 4, 2]]	4	[[[0], [5], [4], [6]], [[0], [5], [6], [4]], [[0, 2], [5], [4], [6]], [[0, 2], [5], [6], [4]]]	k2:FF=NA;k2:FF=NA;k2:FF=NA;k2:FF=NA
k4_certs_4_n4_2.json.gz	92	12	7	[[0, 2, 4, 6], [1, 3, 5, 6], [4, 5, 6], [4, 5, 6]]	77,39,3,3	[[4, 3, 10, 8], [3, 4, 6, 8], [3, 4, 2], [3, 4, 2]]	4	[[[0], [5], [4], [6]], [[0], [5], [6], [4]], [[0, 2], [5], [4], [6]], [[0, 2], [5], [6], [4]]]	k2:FF=NA;k2:FF=NA;k2:FF=NA;k2:FF=NA
k4_certs_4_n4_2.json.gz	92	12	7	[[0, 2, 4, 6], [1, 3, 5, 6], [4, 5, 6], [4, 5, 6]]	77,51,3,3	[[4, 3, 10, 8], [3, 6, 8, 10], [3, 4, 2], [3, 4, 2]]	4	[[[0], [5], [4], [6]], [[0], [5], [6], [4]], [[0, 2], [5], [4], [6]], [[0, 2], [5], [6], [4]]]	k2:FF=NA;k2:FF=NA;k2:FF=NA;k2:FF=NA
k4_certs_4_n4_2.json.gz	92	12	7	[[0, 2, 4, 6], [1, 3, 5, 6], [4, 5, 6], [4, 5, 6]]	77,65,3,3	[[4, 3, 10, 8], [4, 2, 5, 8], [3, 4, 2], [3, 4, 2]]	4	[[[0], [5], [4], [6]], [[0], [5], [6], [4]], [[0, 2], [5], [4], [6]], [[0, 2], [5], [6], [4]]]	k2:FF=NA;k2:FF=NA;k2:FF=NA;k2:FF=NA
k4_certs_4_n4_2.json.gz	92	12	7	[[0, 2, 4, 6], [1, 3, 5, 6], [4, 5, 6], [4, 5, 6]]	77,73,3,3	[[4, 3, 10, 8], [4, 3, 6, 8], [3, 4, 2], [3, 4, 2]]	4	[[[0], [5], [4], [6]], [[0], [5], [6], [4]], [[0, 2], [5], [4], [6]], [[0, 2], [5], [6], [4]]]	k2:FF=NA;k2:FF=NA;k2:FF=NA;k2:FF=NA
k4_certs_4_n4_2.json.gz	92	12	7	[[0, 2, 4, 6], [1, 3, 5, 6], [4, 5, 6], [4, 5, 6]]	77,103,3,3	[[4, 3, 10, 8], [6, 2, 7, 10], [3, 4, 2], [3, 4, 2]]	4	[[[0], [5], [4], [6]], [[0], [5], [6], [4]], [[0, 2], [5], [4], [6]], [[0, 2], [5], [6], [4]]]	k2:FF=NA;k2:FF=NA;k2:FF=NA;k2:FF=NA
k4_certs_4_n4_2.json.gz	92	12	7	[[0, 2, 4, 6], [1, 3, 5, 6], [4, 5, 6], [4, 5, 6]]	77,111,3,3	[[4, 3, 10, 8], [6, 3, 8, 10], [3, 4, 2], [3, 4, 2]]	4	[[[0], [5], [4], [6]], [[0], [5], [6], [4]], [[0, 2], [5], [4], [6]], [[0, 2], [5], [6], [4]]]	k2:FF=NA;k2:FF=NA;k2:FF=NA;k2:FF=NA
k4_certs_4_n4_2.json.gz	92	12	7	[[0, 2, 4, 6], [1, 3, 5, 6], [4, 5, 6], [4, 5, 6]]	103,1,5,5	[[6, 2, 7, 10], [1, 4, 8, 6], [4, 3, 2], [4, 3, 2]]	4	[[[4], [3], [5], [6]], [[4], [3], [6], [5]], [[4], [1, 3], [5], [6]], [[4], [1, 3], [6], [5]]]	k2:FF=NA;k2:FF=NA;k2:FF=NA;k2:FF=NA
k4_certs_4_n4_2.json.gz	92	12	7	[[0, 2, 4, 6], [1, 3, 5, 6], [4, 5, 6], [4, 5, 6]]	103,9,5,5	[[6, 2, 7, 10], [2, 3, 10, 6], [4, 3, 2], [4, 3, 2]]	4	[[[4], [3], [5], [6]], [[4], [3], [6], [5]], [[4], [1, 3], [5], [6]], [[4], [1, 3], [6], [5]]]	k2:FF=NA;k2:FF=NA;k2:FF=NA;k2:FF=NA
k4_certs_4_n4_2.json.gz	92	12	7	[[0, 2, 4, 6], [1, 3, 5, 6], [4, 5, 6], [4, 5, 6]]	103,16,5,5	[[6, 2, 7, 10], [2, 4, 8, 7], [4, 3, 2], [4, 3, 2]]	4	[[[4], [3], [5], [6]], [[4], [3], [6], [5]], [[4], [1, 3], [5], [6]], [[4], [1, 3], [6], [5]]]	k2:FF=NA;k2:FF=NA;k2:FF=NA;k2:FF=NA
k4_certs_4_n4_2.json.gz	92	12	7	[[0, 2, 4, 6], [1, 3, 5, 6], [4, 5, 6], [4, 5, 6]]	103,17,5,5	[[6, 2, 7, 10], [2, 4, 10, 7], [4, 3, 2], [4, 3, 2]]	4	[[[4], [3], [5], [6]], [[4], [3], [6], [5]], [[4], [1, 3], [5], [6]], [[4], [1, 3], [6], [5]]]	k2:FF=NA;k2:FF=NA;k2:FF=NA;k2:FF=NA
k4_certs_4_n4_2.json.gz	92	12	7	[[0, 2, 4, 6], [1, 3, 5, 6], [4, 5, 6], [4, 5, 6]]	103,37,5,5	[[6, 2, 7, 10], [3, 2, 10, 6], [4, 3, 2], [4, 3, 2]]	4	[[[4], [1], [5], [6]], [[4], [1], [6], [5]], [[4], [1, 3], [5], [6]], [[4], [1, 3], [6], [5]]]	k2:FF=NA;k2:FF=NA;k2:FF=NA;k2:FF=NA
k4_certs_4_n4_2.json.gz	92	12	7	[[0, 2, 4, 6], [1, 3, 5, 6], [4, 5, 6], [4, 5, 6]]	103,43,5,5	[[6, 2, 7, 10], [3, 4, 10, 8], [4, 3, 2], [4, 3, 2]]	4	[[[4], [3], [5], [6]], [[4], [3], [6], [5]], [[4], [1, 3], [5], [6]], [[4], [1, 3], [6], [5]]]	k2:FF=NA;k2:FF=NA;k2:FF=NA;k2:FF=NA
k4_certs_4_n4_2.json.gz	92	12	7	[[0, 2, 4, 6], [1, 3, 5, 6], [4, 5, 6], [4, 5, 6]]	103,63,5,5	[[6, 2, 7, 10], [4, 1, 8, 6], [4, 3, 2], [4, 3, 2]]	4	[[[4], [1], [5], [6]], [[4], [1], [6], [5]], [[4], [1, 3], [5], [6]], [[4], [1, 3], [6], [5]]]	k2:FF=NA;k2:FF=NA;k2:FF=NA;k2:FF=NA
k4_certs_4_n4_2.json.gz	92	12	7	[[0, 2, 4, 6], [1, 3, 5, 6], [4, 5, 6], [4, 5, 6]]	103,70,5,5	[[6, 2, 7, 10], [4, 2, 8, 7], [4, 3, 2], [4, 3, 2]]	4	[[[4], [1], [5], [6]], [[4], [1], [6], [5]], [[4], [1, 3], [5], [6]], [[4], [1, 3], [6], [5]]]	k2:FF=NA;k2:FF=NA;k2:FF=NA;k2:FF=NA
k4_certs_4_n4_2.json.gz	92	12	7	[[0, 2, 4, 6], [1, 3, 5, 6], [4, 5, 6], [4, 5, 6]]	103,71,5,5	[[6, 2, 7, 10], [4, 2, 10, 7], [4, 3, 2], [4, 3, 2]]	4	[[[4], [1], [5], [6]], [[4], [1], [6], [5]], [[4], [1, 3], [5], [6]], [[4], [1, 3], [6], [5]]]	k2:FF=NA;k2:FF=NA;k2:FF=NA;k2:FF=NA
k4_certs_4_n4_2.json.gz	92	12	7	[[0, 2, 4, 6], [1, 3, 5, 6], [4, 5, 6], [4, 5, 6]]	103,77,5,5	[[6, 2, 7, 10], [4, 3, 10, 8], [4, 3, 2], [4, 3, 2]]	4	[[[4], [1], [5], [6]], [[4], [1], [6], [5]], [[4], [1, 3], [5], [6]], [[4], [1, 3], [6], [5]]]	k2:FF=NA;k2:FF=NA;k2:FF=NA;k2:FF=NA
k4_certs_4_n4_2.json.gz	92	12	7	[[0, 2, 4, 6], [1, 3, 5, 6], [4, 5, 6], [4, 5, 6]]	111,1,5,5	[[6, 3, 8, 10], [1, 4, 8, 6], [4, 3, 2], [4, 3, 2]]	4	[[[4], [3], [5], [6]], [[4], [3], [6], [5]], [[4], [1, 3], [5], [6]], [[4], [1, 3], [6], [5]]]	k2:FF=NA;k2:FF=NA;k2:FF=NA;k2:FF=NA
k4_certs_4_n4_2.json.gz	92	12	7	[[0, 2, 4, 6], [1, 3, 5, 6], [4, 5, 6], [4, 5, 6]]	111,9,5,5	[[6, 3, 8, 10], [2, 3, 10, 6], [4, 3, 2], [4, 3, 2]]	4	[[[4], [3], [5], [6]], [[4], [3], [6], [5]], [[4], [1, 3], [5], [6]], [[4], [1, 3], [6], [5]]]	k2:FF=NA;k2:FF=NA;k2:FF=NA;k2:FF=NA
k4_certs_4_n4_2.json.gz	92	12	7	[[0, 2, 4, 6], [1, 3, 5, 6], [4, 5, 6], [4, 5, 6]]	111,16,5,5	[[6, 3, 8, 10], [2, 4, 8, 7], [4, 3, 2], [4, 3, 2]]	4	[[[4], [3], [5], [6]], [[4], [3], [6], [5]], [[4], [1, 3], [5], [6]], [[4], [1, 3], [6], [5]]]	k2:FF=NA;k2:FF=NA;k2:FF=NA;k2:FF=NA
k4_certs_4_n4_2.json.gz	92	12	7	[[0, 2, 4, 6], [1, 3, 5, 6], [4, 5, 6], [4, 5, 6]]	111,17,5,5	[[6, 3, 8, 10], [2, 4, 10, 7], [4, 3, 2], [4, 3, 2]]	4	[[[4], [3], [5], [6]], [[4], [3], [6], [5]], [[4], [1, 3], [5], [6]], [[4], [1, 3], [6], [5]]]	k2:FF=NA;k2:FF=NA;k2:FF=NA;k2:FF=NA
k4_certs_4_n4_2.json.gz	92	12	7	[[0, 2, 4, 6], [1, 3, 5, 6], [4, 5, 6], [4, 5, 6]]	111,37,5,5	[[6, 3, 8, 10], [3, 2, 10, 6], [4, 3, 2], [4, 3, 2]]	4	[[[4], [1], [5], [6]], [[4], [1], [6], [5]], [[4], [1, 3], [5], [6]], [[4], [1, 3], [6], [5]]]	k2:FF=NA;k2:FF=NA;k2:FF=NA;k2:FF=NA
k4_certs_4_n4_2.json.gz	92	12	7	[[0, 2, 4, 6], [1, 3, 5, 6], [4, 5, 6], [4, 5, 6]]	111,43,5,5	[[6, 3, 8, 10], [3, 4, 10, 8], [4, 3, 2], [4, 3, 2]]	4	[[[4], [3], [5], [6]], [[4], [3], [6], [5]], [[4], [1, 3], [5], [6]], [[4], [1, 3], [6], [5]]]	k2:FF=NA;k2:FF=NA;k2:FF=NA;k2:FF=NA
k4_certs_4_n4_2.json.gz	92	12	7	[[0, 2, 4, 6], [1, 3, 5, 6], [4, 5, 6], [4, 5, 6]]	111,63,5,5	[[6, 3, 8, 10], [4, 1, 8, 6], [4, 3, 2], [4, 3, 2]]	4	[[[4], [1], [5], [6]], [[4], [1], [6], [5]], [[4], [1, 3], [5], [6]], [[4], [1, 3], [6], [5]]]	k2:FF=NA;k2:FF=NA;k2:FF=NA;k2:FF=NA
k4_certs_4_n4_2.json.gz	92	12	7	[[0, 2, 4, 6], [1, 3, 5, 6], [4, 5, 6], [4, 5, 6]]	111,70,5,5	[[6, 3, 8, 10], [4, 2, 8, 7], [4, 3, 2], [4, 3, 2]]	4	[[[4], [1], [5], [6]], [[4], [1], [6], [5]], [[4], [1, 3], [5], [6]], [[4], [1, 3], [6], [5]]]	k2:FF=NA;k2:FF=NA;k2:FF=NA;k2:FF=NA
k4_certs_4_n4_2.json.gz	92	12	7	[[0, 2, 4, 6], [1, 3, 5, 6], [4, 5, 6], [4, 5, 6]]	111,71,5,5	[[6, 3, 8, 10], [4, 2, 10, 7], [4, 3, 2], [4, 3, 2]]	4	[[[4], [1], [5], [6]], [[4], [1], [6], [5]], [[4], [1, 3], [5], [6]], [[4], [1, 3], [6], [5]]]	k2:FF=NA;k2:FF=NA;k2:FF=NA;k2:FF=NA
k4_certs_4_n4_2.json.gz	92	12	7	[[0, 2, 4, 6], [1, 3, 5, 6], [4, 5, 6], [4, 5, 6]]	111,77,5,5	[[6, 3, 8, 10], [4, 3, 10, 8], [4, 3, 2], [4, 3, 2]]	4	[[[4], [1], [5], [6]], [[4], [1], [6], [5]], [[4], [1, 3], [5], [6]], [[4], [1, 3], [6], [5]]]	k2:FF=NA;k2:FF=NA;k2:FF=NA;k2:FF=NA
k4_certs_4_n4_2.json.gz	94	14	7	[[0, 2, 5, 6], [1, 4, 5, 6], [3, 4, 6], [4, 5, 6]]	6,3,1,3	[[2, 3, 4, 8], [1, 6, 8, 4], [2, 4, 3], [3, 4, 2]]	2	[[[5], [4], [3], [6]], [[5], [6], [3], [4]]]	k2:FF=NA;k2:FF=NA
k4_certs_4_n4_2.json.gz	94	14	7	[[0, 2, 5, 6], [1, 4, 5, 6], [3, 4, 6], [4, 5, 6]]	6,14,1,3	[[2, 3, 4, 8], [2, 4, 8, 3], [2, 4, 3], [3, 4, 2]]	2	[[[5], [4], [3], [6]], [[5], [6], [3], [4]]]	k2:FF=NA;k2:FF=NA
k4_certs_4_n4_2.json.gz	94	14	7	[[0, 2, 5, 6], [1, 4, 5, 6], [3, 4, 6], [4, 5, 6]]	6,19,1,3	[[2, 3, 4, 8], [2, 5, 8, 4], [2, 4, 3], [3, 4, 2]]	2	[[[5], [4], [3], [6]], [[5], [6], [3], [4]]]	k2:FF=NA;k2:FF=NA
k4_certs_4_n4_2.json.gz	94	14	7	[[0, 2, 5, 6], [1, 4, 5, 6], [3, 4, 6], [4, 5, 6]]	6,22,1,3	[[2, 3, 4, 8], [2, 6, 10, 3], [2, 4, 3], [3, 4, 2]]	2	[[[5], [4], [3], [6]], [[5], [6], [3], [4]]]	k2:FF=NA;k2:FF=NA
k4_certs_4_n4_2.json.gz	94	14	7	[[0, 2, 5, 6], [1, 4, 5, 6], [3, 4, 6], [4, 5, 6]]	6,27,1,3	[[2, 3, 4, 8], [2, 7, 8, 4], [2, 4, 3], [3, 4, 2]]	2	[[[5], [4], [3], [6]], [[5], [6], [3], [4]]]	k2:FF=NA;k2:FF=NA
k4_certs_4_n4_2.json.gz	94	14	7	[[0, 2, 5, 6], [1, 4, 5, 6], [3, 4, 6], [4, 5, 6]]	6,28,1,3	[[2, 3, 4, 8], [2, 7, 10, 4], [2, 4, 3], [3, 4, 2]]	2	[[[5], [4], [3], [6]], [[5], [6], [3], [4]]]	k2:FF=NA;k2:FF=NA
k4_certs_4_n4_2.json.gz	94	14	7	[[0, 2, 5, 6], [1, 4, 5, 6], [3, 4, 6], [4, 5, 6]]	6,29,1,3	[[2, 3, 4, 8], [2, 7, 10, 6], [2, 4, 3], [3, 4, 2]]	2	[[[5], [4], [3], [6]], [[5], [6], [3], [4]]]	k2:FF=NA;k2:FF=NA
k4_certs_4_n4_2.json.gz	94	14	7	[[0, 2, 5, 6], [1, 4, 5, 6], [3, 4, 6], [4, 5, 6]]	6,57,1,3	[[2, 3, 4, 8], [3, 6, 7, 5], [2, 4, 3], [3, 4, 2]]	2	[[[5], [4], [3], [6]], [[5], [6], [3], [4]]]	k2:FF=NA;k2:FF=NA
k4_certs_4_n4_2.json.gz	94	14	7	[[0, 2, 5, 6], [1, 4, 5, 6], [3, 4, 6], [4, 5, 6]]	6,58,1,3	[[2, 3, 4, 8], [3, 6, 8, 4], [2, 4, 3], [3, 4, 2]]	2	[[[5], [4], [3], [6]], [[5], [6], [3], [4]]]	k2:FF=NA;k2:FF=NA
k4_certs_4_n4_2.json.gz	94	14	7	[[0, 2, 5, 6], [1, 4, 5, 6], [3, 4, 6], [4, 5, 6]]	6,70,1,3	[[2, 3, 4, 8], [3, 8, 10, 4], [2, 4, 3], [3, 4, 2]]	2	[[[5], [4], [3], [6]], [[5], [6], [3], [4]]]	k2:FF=NA;k2:FF=NA
k4_certs_4_n4_2.json.gz	94	14	7	[[0, 2, 5, 6], [1, 4, 5, 6], [3, 4, 6], [4, 5, 6]]	6,71,1,3	[[2, 3, 4, 8], [3, 8, 10, 6], [2, 4, 3], [3, 4, 2]]	2	[[[5], [4], [3], [6]], [[5], [6], [3], [4]]]	k2:FF=NA;k2:FF=NA
k4_certs_4_n4_2.json.gz	94	14	7	[[0, 2, 5, 6], [1, 4, 5, 6], [3, 4, 6], [4, 5, 6]]	6,103,1,3	[[2, 3, 4, 8], [4, 6, 8, 5], [2, 4, 3], [3, 4, 2]]	2	[[[5], [4], [3], [6]], [[5], [6], [3], [4]]]	k2:FF=NA;k2:FF=NA
k4_certs_4_n4_2.json.gz	94	14	7	[[0, 2, 5, 6], [1, 4, 5, 6], [3, 4, 6], [4, 5, 6]]	11,3,1,3	[[2, 4, 5, 8], [1, 6, 8, 4], [2, 4, 3], [3, 4, 2]]	2	[[[5], [4], [3], [6]], [[5], [6], [3], [4]]]	k2:FF=NA;k2:FF=NA
k4_certs_4_n4_2.json.gz	94	14	7	[[0, 2, 5, 6], [1, 4, 5, 6], [3, 4, 6], [4, 5, 6]]	11,14,1,3	[[2, 4, 5, 8], [2, 4, 8, 3], [2, 4, 3], [3, 4, 2]]	2	[[[5], [4], [3], [6]], [[5], [6], [3], [4]]]	k2:FF=NA;k2:FF=NA
k4_certs_4_n4_2.json.gz	94	14	7	[[0, 2, 5, 6], [1, 4, 5, 6], [3, 4, 6], [4, 5, 6]]	11,19,1,3	[[2, 4, 5, 8], [2, 5, 8, 4], [2, 4, 3], [3, 4, 2]]	2	[[[5], [4], [3], [6]], [[5], [6], [3], [4]]]	k2:FF=NA;k2:FF=NA
k4_certs_4_n4_2.json.gz	94	14	7	[[0, 2, 5, 6], [1, 4, 5, 6], [3, 4, 6], [4, 5, 6]]	11,22,1,3	[[2, 4, 5, 8], [2, 6, 10, 3], [2, 4, 3], [3, 4, 2]]	2	[[[5], [4], [3], [6]], [[5], [6], [3], [4]]]	k2:FF=NA;k2:FF=NA
k4_certs_4_n4_2.json.gz	94	14	7	[[0, 2, 5, 6], [1, 4, 5, 6], [3, 4, 6], [4, 5, 6]]	11,27,1,3	[[2, 4, 5, 8], [2, 7, 8, 4], [2, 4, 3], [3, 4, 2]]	2	[[[5], [4], [3], [6]], [[5], [6], [3], [4]]]	k2:FF=NA;k2:FF=NA
k4_certs_4_n4_2.json.gz	94	14	7	[[0, 2, 5, 6], [1, 4, 5, 6], [3, 4, 6], [4, 5, 6]]	11,28,1,3	[[2, 4, 5, 8], [2, 7, 10, 4], [2, 4, 3], [3, 4, 2]]	2	[[[5], [4], [3], [6]], [[5], [6], [3], [4]]]	k2:FF=NA;k2:FF=NA
k4_certs_4_n4_2.json.gz	94	14	7	[[0, 2, 5, 6], [1, 4, 5, 6], [3, 4, 6], [4, 5, 6]]	11,29,1,3	[[2, 4, 5, 8], [2, 7, 10, 6], [2, 4, 3], [3, 4, 2]]	2	[[[5], [4], [3], [6]], [[5], [6], [3], [4]]]	k2:FF=NA;k2:FF=NA
k4_certs_4_n4_2.json.gz	94	14	7	[[0, 2, 5, 6], [1, 4, 5, 6], [3, 4, 6], [4, 5, 6]]	11,57,1,3	[[2, 4, 5, 8], [3, 6, 7, 5], [2, 4, 3], [3, 4, 2]]	2	[[[5], [4], [3], [6]], [[5], [6], [3], [4]]]	k2:FF=NA;k2:FF=NA
k4_certs_4_n4_2.json.gz	94	14	7	[[0, 2, 5, 6], [1, 4, 5, 6], [3, 4, 6], [4, 5, 6]]	11,58,1,3	[[2, 4, 5, 8], [3, 6, 8, 4], [2, 4, 3], [3, 4, 2]]	2	[[[5], [4], [3], [6]], [[5], [6], [3], [4]]]	k2:FF=NA;k2:FF=NA
k4_certs_4_n4_2.json.gz	94	14	7	[[0, 2, 5, 6], [1, 4, 5, 6], [3, 4, 6], [4, 5, 6]]	11,70,1,3	[[2, 4, 5, 8], [3, 8, 10, 4], [2, 4, 3], [3, 4, 2]]	2	[[[5], [4], [3], [6]], [[5], [6], [3], [4]]]	k2:FF=NA;k2:FF=NA
k4_certs_4_n4_2.json.gz	94	14	7	[[0, 2, 5, 6], [1, 4, 5, 6], [3, 4, 6], [4, 5, 6]]	11,71,1,3	[[2, 4, 5, 8], [3, 8, 10, 6], [2, 4, 3], [3, 4, 2]]	2	[[[5], [4], [3], [6]], [[5], [6], [3], [4]]]	k2:FF=NA;k2:FF=NA
k4_certs_4_n4_2.json.gz	94	14	7	[[0, 2, 5, 6], [1, 4, 5, 6], [3, 4, 6], [4, 5, 6]]	11,103,1,3	[[2, 4, 5, 8], [4, 6, 8, 5], [2, 4, 3], [3, 4, 2]]	2	[[[5], [4], [3], [6]], [[5], [6], [3], [4]]]	k2:FF=NA;k2:FF=NA
k4_certs_4_n4_2.json.gz	94	14	7	[[0, 2, 5, 6], [1, 4, 5, 6], [3, 4, 6], [4, 5, 6]]	21,3,1,3	[[2, 6, 7, 10], [1, 6, 8, 4], [2, 4, 3], [3, 4, 2]]	2	[[[5], [4], [3], [6]], [[5], [6], [3], [4]]]	k2:FF=NA;k2:FF=NA
k4_certs_4_n4_2.json.gz	94	14	7	[[0, 2, 5, 6], [1, 4, 5, 6], [3, 4, 6], [4, 5, 6]]	21,14,1,3	[[2, 6, 7, 10], [2, 4, 8, 3], [2, 4, 3], [3, 4, 2]]	2	[[[5], [4], [3], [6]], [[5], [6], [3], [4]]]	k2:FF=NA;k2:FF=NA
k4_certs_4_n4_2.json.gz	94	14	7	[[0, 2, 5, 6], [1, 4, 5, 6], [3, 4, 6], [4, 5, 6]]	21,19,1,3	[[2, 6, 7, 10], [2, 5, 8, 4], [2, 4, 3], [3, 4, 2]]	2	[[[5], [4], [3], [6]], [[5], [6], [3], [4]]]	k2:FF=NA;k2:FF=NA
k4_certs_4_n4_2.json.gz	94	14	7	[[0, 2, 5, 6], [1, 4, 5, 6], [3, 4, 6], [4, 5, 6]]	21,22,1,3	[[2, 6, 7, 10], [2, 6, 10, 3], [2, 4, 3], [3, 4, 2]]	2	[[[5], [4], [3], [6]], [[5], [6], [3], [4]]]	k2:FF=NA;k2:FF=NA
k4_certs_4_n4_2.json.gz	94	14	7	[[0, 2, 5, 6], [1, 4, 5, 6], [3, 4, 6], [4, 5, 6]]	21,27,1,3	[[2, 6, 7, 10], [2, 7, 8, 4], [2, 4, 3], [3, 4, 2]]	2	[[[5], [4], [3], [6]], [[5], [6], [3], [4]]]	k2:FF=NA;k2:FF=NA
k4_certs_4_n4_2.json.gz	94	14	7	[[0, 2, 5, 6], [1, 4, 5, 6], [3, 4, 6], [4, 5, 6]]	21,28,1,3	[[2, 6, 7, 10], [2, 7, 10, 4], [2, 4, 3], [3, 4, 2]]	2	[[[5], [4], [3], [6]], [[5], [6], [3], [4]]]	k2:FF=NA;k2:FF=NA
k4_certs_4_n4_2.json.gz	94	14	7	[[0, 2, 5, 6], [1, 4, 5, 6], [3, 4, 6], [4, 5, 6]]	21,29,1,3	[[2, 6, 7, 10], [2, 7, 10, 6], [2, 4, 3], [3, 4, 2]]	2	[[[5], [4], [3], [6]], [[5], [6], [3], [4]]]	k2:FF=NA;k2:FF=NA
k4_certs_4_n4_2.json.gz	94	14	7	[[0, 2, 5, 6], [1, 4, 5, 6], [3, 4, 6], [4, 5, 6]]	21,57,1,3	[[2, 6, 7, 10], [3, 6, 7, 5], [2, 4, 3], [3, 4, 2]]	2	[[[5], [4], [3], [6]], [[5], [6], [3], [4]]]	k2:FF=NA;k2:FF=NA
k4_certs_4_n4_2.json.gz	94	14	7	[[0, 2, 5, 6], [1, 4, 5, 6], [3, 4, 6], [4, 5, 6]]	21,58,1,3	[[2, 6, 7, 10], [3, 6, 8, 4], [2, 4, 3], [3, 4, 2]]	2	[[[5], [4], [3], [6]], [[5], [6], [3], [4]]]	k2:FF=NA;k2:FF=NA
k4_certs_4_n4_2.json.gz	94	14	7	[[0, 2, 5, 6], [1, 4, 5, 6], [3, 4, 6], [4, 5, 6]]	21,70,1,3	[[2, 6, 7, 10], [3, 8, 10, 4], [2, 4, 3], [3, 4, 2]]	2	[[[5], [4], [3], [6]], [[5], [6], [3], [4]]]	k2:FF=NA;k2:FF=NA
k4_certs_4_n4_2.json.gz	94	14	7	[[0, 2, 5, 6], [1, 4, 5, 6], [3, 4, 6], [4, 5, 6]]	21,71,1,3	[[2, 6, 7, 10], [3, 8, 10, 6], [2, 4, 3], [3, 4, 2]]	2	[[[5], [4], [3], [6]], [[5], [6], [3], [4]]]	k2:FF=NA;k2:FF=NA
k4_certs_4_n4_2.json.gz	94	14	7	[[0, 2, 5, 6], [1, 4, 5, 6], [3, 4, 6], [4, 5, 6]]	21,103,1,3	[[2, 6, 7, 10], [4, 6, 8, 5], [2, 4, 3], [3, 4, 2]]	2	[[[5], [4], [3], [6]], [[5], [6], [3], [4]]]	k2:FF=NA;k2:FF=NA
k4_certs_4_n4_2.json.gz	94	14	7	[[0, 2, 5, 6], [1, 4, 5, 6], [3, 4, 6], [4, 5, 6]]	34,3,1,3	[[3, 2, 4, 8], [1, 6, 8, 4], [2, 4, 3], [3, 4, 2]]	2	[[[5], [4], [3], [6]], [[5], [6], [3], [4]]]	k2:FF=NA;k2:FF=NA
k4_certs_4_n4_2.json.gz	94	14	7	[[0, 2, 5, 6], [1, 4, 5, 6], [3, 4, 6], [4, 5, 6]]	34,14,1,3	[[3, 2, 4, 8], [2, 4, 8, 3], [2, 4, 3], [3, 4, 2]]	2	[[[5], [4], [3], [6]], [[5], [6], [3], [4]]]	k2:FF=NA;k2:FF=NA
k4_certs_4_n4_2.json.gz	94	14	7	[[0, 2, 5, 6], [1, 4, 5, 6], [3, 4, 6], [4, 5, 6]]	34,19,1,3	[[3, 2, 4, 8], [2, 5, 8, 4], [2, 4, 3], [3, 4, 2]]	2	[[[5], [4], [3], [6]], [[5], [6], [3], [4]]]	k2:FF=NA;k2:FF=NA
k4_certs_4_n4_2.json.gz	94	14	7	[[0, 2, 5, 6], [1, 4, 5, 6], [3, 4, 6], [4, 5, 6]]	34,22,1,3	[[3, 2, 4, 8], [2, 6, 10, 3], [2, 4, 3], [3, 4, 2]]	2	[[[5], [4], [3], [6]], [[5], [6], [3], [4]]]	k2:FF=NA;k2:FF=NA
k4_certs_4_n4_2.json.gz	94	14	7	[[0, 2, 5, 6], [1, 4, 5, 6], [3, 4, 6], [4, 5, 6]]	34,27,1,3	[[3, 2, 4, 8], [2, 7, 8, 4], [2, 4, 3], [3, 4, 2]]	2	[[[5], [4], [3], [6]], [[5], [6], [3], [4]]]	k2:FF=NA;k2:FF=NA
k4_certs_4_n4_2.json.gz	94	14	7	[[0, 2, 5, 6], [1, 4, 5, 6], [3, 4, 6], [4, 5, 6]]	34,28,1,3	[[3, 2, 4, 8], [2, 7, 10, 4], [2, 4, 3], [3, 4, 2]]	2	[[[5], [4], [3], [6]], [[5], [6], [3], [4]]]	k2:FF=NA;k2:FF=NA
k4_certs_4_n4_2.json.gz	94	14	7	[[0, 2, 5, 6], [1, 4, 5, 6], [3, 4, 6], [4, 5, 6]]	34,29,1,3	[[3, 2, 4, 8], [2, 7, 10, 6], [2, 4, 3], [3, 4, 2]]	2	[[[5], [4], [3], [6]], [[5], [6], [3], [4]]]	k2:FF=NA;k2:FF=NA
k4_certs_4_n4_2.json.gz	94	14	7	[[0, 2, 5, 6], [1, 4, 5, 6], [3, 4, 6], [4, 5, 6]]	34,57,1,3	[[3, 2, 4, 8], [3, 6, 7, 5], [2, 4, 3], [3, 4, 2]]	2	[[[5], [4], [3], [6]], [[5], [6], [3], [4]]]	k2:FF=NA;k2:FF=NA
k4_certs_4_n4_2.json.gz	94	14	7	[[0, 2, 5, 6], [1, 4, 5, 6], [3, 4, 6], [4, 5, 6]]	34,58,1,3	[[3, 2, 4, 8], [3, 6, 8, 4], [2, 4, 3], [3, 4, 2]]	2	[[[5], [4], [3], [6]], [[5], [6], [3], [4]]]	k2:FF=NA;k2:FF=NA
k4_certs_4_n4_2.json.gz	94	14	7	[[0, 2, 5, 6], [1, 4, 5, 6], [3, 4, 6], [4, 5, 6]]	34,70,1,3	[[3, 2, 4, 8], [3, 8, 10, 4], [2, 4, 3], [3, 4, 2]]	2	[[[5], [4], [3], [6]], [[5], [6], [3], [4]]]	k2:FF=NA;k2:FF=NA
k4_certs_4_n4_2.json.gz	94	14	7	[[0, 2, 5, 6], [1, 4, 5, 6], [3, 4, 6], [4, 5, 6]]	34,71,1,3	[[3, 2, 4, 8], [3, 8, 10, 6], [2, 4, 3], [3, 4, 2]]	2	[[[5], [4], [3], [6]], [[5], [6], [3], [4]]]	k2:FF=NA;k2:FF=NA
k4_certs_4_n4_2.json.gz	94	14	7	[[0, 2, 5, 6], [1, 4, 5, 6], [3, 4, 6], [4, 5, 6]]	34,103,1,3	[[3, 2, 4, 8], [4, 6, 8, 5], [2, 4, 3], [3, 4, 2]]	2	[[[5], [4], [3], [6]], [[5], [6], [3], [4]]]	k2:FF=NA;k2:FF=NA
k4_certs_4_n4_2.json.gz	94	14	7	[[0, 2, 5, 6], [1, 4, 5, 6], [3, 4, 6], [4, 5, 6]]	39,3,1,3	[[3, 4, 6, 8], [1, 6, 8, 4], [2, 4, 3], [3, 4, 2]]	2	[[[5], [4], [3], [6]], [[5], [6], [3], [4]]]	k2:FF=NA;k2:FF=NA
k4_certs_4_n4_2.json.gz	94	14	7	[[0, 2, 5, 6], [1, 4, 5, 6], [3, 4, 6], [4, 5, 6]]	39,14,1,3	[[3, 4, 6, 8], [2, 4, 8, 3], [2, 4, 3], [3, 4, 2]]	2	[[[5], [4], [3], [6]], [[5], [6], [3], [4]]]	k2:FF=NA;k2:FF=NA
k4_certs_4_n4_2.json.gz	94	14	7	[[0, 2, 5, 6], [1, 4, 5, 6], [3, 4, 6], [4, 5, 6]]	39,19,1,3	[[3, 4, 6, 8], [2, 5, 8, 4], [2, 4, 3], [3, 4, 2]]	2	[[[5], [4], [3], [6]], [[5], [6], [3], [4]]]	k2:FF=NA;k2:FF=NA
k4_certs_4_n4_2.json.gz	94	14	7	[[0, 2, 5, 6], [1, 4, 5, 6], [3, 4, 6], [4, 5, 6]]	39,22,1,3	[[3, 4, 6, 8], [2, 6, 10, 3], [2, 4, 3], [3, 4, 2]]	2	[[[5], [4], [3], [6]], [[5], [6], [3], [4]]]	k2:FF=NA;k2:FF=NA
k4_certs_4_n4_2.json.gz	94	14	7	[[0, 2, 5, 6], [1, 4, 5, 6], [3, 4, 6], [4, 5, 6]]	39,27,1,3	[[3, 4, 6, 8], [2, 7, 8, 4], [2, 4, 3], [3, 4, 2]]	2	[[[5], [4], [3], [6]], [[5], [6], [3], [4]]]	k2:FF=NA;k2:FF=NA
k4_certs_4_n4_2.json.gz	94	14	7	[[0, 2, 5, 6], [1, 4, 5, 6], [3, 4, 6], [4, 5, 6]]	39,28,1,3	[[3, 4, 6, 8], [2, 7, 10, 4], [2, 4, 3], [3, 4, 2]]	2	[[[5], [4], [3], [6]], [[5], [6], [3], [4]]]	k2:FF=NA;k2:FF=NA
k4_certs_4_n4_2.json.gz	94	14	7	[[0, 2, 5, 6], [1, 4, 5, 6], [3, 4, 6], [4, 5, 6]]	39,29,1,3	[[3, 4, 6, 8], [2, 7, 10, 6], [2, 4, 3], [3, 4, 2]]	2	[[[5], [4], [3], [6]], [[5], [6], [3], [4]]]	k2:FF=NA;k2:FF=NA
k4_certs_4_n4_2.json.gz	94	14	7	[[0, 2, 5, 6], [1, 4, 5, 6], [3, 4, 6], [4, 5, 6]]	39,57,1,3	[[3, 4, 6, 8], [3, 6, 7, 5], [2, 4, 3], [3, 4, 2]]	2	[[[5], [4], [3], [6]], [[5], [6], [3], [4]]]	k2:FF=NA;k2:FF=NA
k4_certs_4_n4_2.json.gz	94	14	7	[[0, 2, 5, 6], [1, 4, 5, 6], [3, 4, 6], [4, 5, 6]]	39,58,1,3	[[3, 4, 6, 8], [3, 6, 8, 4], [2, 4, 3], [3, 4, 2]]	2	[[[5], [4], [3], [6]], [[5], [6], [3], [4]]]	k2:FF=NA;k2:FF=NA
k4_certs_4_n4_2.json.gz	94	14	7	[[0, 2, 5, 6], [1, 4, 5, 6], [3, 4, 6], [4, 5, 6]]	39,70,1,3	[[3, 4, 6, 8], [3, 8, 10, 4], [2, 4, 3], [3, 4, 2]]	2	[[[5], [4], [3], [6]], [[5], [6], [3], [4]]]	k2:FF=NA;k2:FF=NA
k4_certs_4_n4_2.json.gz	94	14	7	[[0, 2, 5, 6], [1, 4, 5, 6], [3, 4, 6], [4, 5, 6]]	39,71,1,3	[[3, 4, 6, 8], [3, 8, 10, 6], [2, 4, 3], [3, 4, 2]]	2	[[[5], [4], [3], [6]], [[5], [6], [3], [4]]]	k2:FF=NA;k2:FF=NA
k4_certs_4_n4_2.json.gz	94	14	7	[[0, 2, 5, 6], [1, 4, 5, 6], [3, 4, 6], [4, 5, 6]]	39,103,1,3	[[3, 4, 6, 8], [4, 6, 8, 5], [2, 4, 3], [3, 4, 2]]	2	[[[5], [4], [3], [6]], [[5], [6], [3], [4]]]	k2:FF=NA;k2:FF=NA
k4_certs_4_n4_2.json.gz	94	14	7	[[0, 2, 5, 6], [1, 4, 5, 6], [3, 4, 6], [4, 5, 6]]	51,3,1,3	[[3, 6, 8, 10], [1, 6, 8, 4], [2, 4, 3], [3, 4, 2]]	2	[[[5], [4], [3], [6]], [[5], [6], [3], [4]]]	k2:FF=NA;k2:FF=NA
k4_certs_4_n4_2.json.gz	94	14	7	[[0, 2, 5, 6], [1, 4, 5, 6], [3, 4, 6], [4, 5, 6]]	51,14,1,3	[[3, 6, 8, 10], [2, 4, 8, 3], [2, 4, 3], [3, 4, 2]]	2	[[[5], [4], [3], [6]], [[5], [6], [3], [4]]]	k2:FF=NA;k2:FF=NA
k4_certs_4_n4_2.json.gz	94	14	7	[[0, 2, 5, 6], [1, 4, 5, 6], [3, 4, 6], [4, 5, 6]]	51,19,1,3	[[3, 6, 8, 10], [2, 5, 8, 4], [2, 4, 3], [3, 4, 2]]	2	[[[5], [4], [3], [6]], [[5], [6], [3], [4]]]	k2:FF=NA;k2:FF=NA
k4_certs_4_n4_2.json.gz	94	14	7	[[0, 2, 5, 6], [1, 4, 5, 6], [3, 4, 6], [4, 5, 6]]	51,22,1,3	[[3, 6, 8, 10], [2, 6, 10, 3], [2, 4, 3], [3, 4, 2]]	2	[[[5], [4], [3], [6]], [[5], [6], [3], [4]]]	k2:FF=NA;k2:FF=NA
k4_certs_4_n4_2.json.gz	94	14	7	[[0, 2, 5, 6], [1, 4, 5, 6], [3, 4, 6], [4, 5, 6]]	51,27,1,3	[[3, 6, 8, 10], [2, 7, 8, 4], [2, 4, 3], [3, 4, 2]]	2	[[[5], [4], [3], [6]], [[5], [6], [3], [4]]]	k2:FF=NA;k2:FF=NA
k4_certs_4_n4_2.json.gz	94	14	7	[[0, 2, 5, 6], [1, 4, 5, 6], [3, 4, 6], [4, 5, 6]]	51,28,1,3	[[3, 6, 8, 10], [2, 7, 10, 4], [2, 4, 3], [3, 4, 2]]	2	[[[5], [4], [3], [6]], [[5], [6], [3], [4]]]	k2:FF=NA;k2:FF=NA
k4_certs_4_n4_2.json.gz	94	14	7	[[0, 2, 5, 6], [1, 4, 5, 6], [3, 4, 6], [4, 5, 6]]	51,29,1,3	[[3, 6, 8, 10], [2, 7, 10, 6], [2, 4, 3], [3, 4, 2]]	2	[[[5], [4], [3], [6]], [[5], [6], [3], [4]]]	k2:FF=NA;k2:FF=NA
k4_certs_4_n4_2.json.gz	94	14	7	[[0, 2, 5, 6], [1, 4, 5, 6], [3, 4, 6], [4, 5, 6]]	51,57,1,3	[[3, 6, 8, 10], [3, 6, 7, 5], [2, 4, 3], [3, 4, 2]]	2	[[[5], [4], [3], [6]], [[5], [6], [3], [4]]]	k2:FF=NA;k2:FF=NA
k4_certs_4_n4_2.json.gz	94	14	7	[[0, 2, 5, 6], [1, 4, 5, 6], [3, 4, 6], [4, 5, 6]]	51,58,1,3	[[3, 6, 8, 10], [3, 6, 8, 4], [2, 4, 3], [3, 4, 2]]	2	[[[5], [4], [3], [6]], [[5], [6], [3], [4]]]	k2:FF=NA;k2:FF=NA
k4_certs_4_n4_2.json.gz	94	14	7	[[0, 2, 5, 6], [1, 4, 5, 6], [3, 4, 6], [4, 5, 6]]	51,70,1,3	[[3, 6, 8, 10], [3, 8, 10, 4], [2, 4, 3], [3, 4, 2]]	2	[[[5], [4], [3], [6]], [[5], [6], [3], [4]]]	k2:FF=NA;k2:FF=NA
k4_certs_4_n4_2.json.gz	94	14	7	[[0, 2, 5, 6], [1, 4, 5, 6], [3, 4, 6], [4, 5, 6]]	51,71,1,3	[[3, 6, 8, 10], [3, 8, 10, 6], [2, 4, 3], [3, 4, 2]]	2	[[[5], [4], [3], [6]], [[5], [6], [3], [4]]]	k2:FF=NA;k2:FF=NA
k4_certs_4_n4_2.json.gz	94	14	7	[[0, 2, 5, 6], [1, 4, 5, 6], [3, 4, 6], [4, 5, 6]]	51,103,1,3	[[3, 6, 8, 10], [4, 6, 8, 5], [2, 4, 3], [3, 4, 2]]	2	[[[5], [4], [3], [6]], [[5], [6], [3], [4]]]	k2:FF=NA;k2:FF=NA
k4_certs_4_n4_2.json.gz	94	14	7	[[0, 2, 5, 6], [1, 4, 5, 6], [3, 4, 6], [4, 5, 6]]	65,3,1,3	[[4, 2, 5, 8], [1, 6, 8, 4], [2, 4, 3], [3, 4, 2]]	2	[[[5], [4], [3], [6]], [[5], [6], [3], [4]]]	k2:FF=NA;k2:FF=NA
k4_certs_4_n4_2.json.gz	94	14	7	[[0, 2, 5, 6], [1, 4, 5, 6], [3, 4, 6], [4, 5, 6]]	65,14,1,3	[[4, 2, 5, 8], [2, 4, 8, 3], [2, 4, 3], [3, 4, 2]]	2	[[[5], [4], [3], [6]], [[5], [6], [3], [4]]]	k2:FF=NA;k2:FF=NA
k4_certs_4_n4_2.json.gz	94	14	7	[[0, 2, 5, 6], [1, 4, 5, 6], [3, 4, 6], [4, 5, 6]]	65,19,1,3	[[4, 2, 5, 8], [2, 5, 8, 4], [2, 4, 3], [3, 4, 2]]	2	[[[5], [4], [3], [6]], [[5], [6], [3], [4]]]	k2:FF=NA;k2:FF=NA
k4_certs_4_n4_2.json.gz	94	14	7	[[0, 2, 5, 6], [1, 4, 5, 6], [3, 4, 6], [4, 5, 6]]	65,22,1,3	[[4, 2, 5, 8], [2, 6, 10, 3], [2, 4, 3], [3, 4, 2]]	2	[[[5], [4], [3], [6]], [[5], [6], [3], [4]]]	k2:FF=NA;k2:FF=NA
k4_certs_4_n4_2.json.gz	94	14	7	[[0, 2, 5, 6], [1, 4, 5, 6], [3, 4, 6], [4, 5, 6]]	65,27,1,3	[[4, 2, 5, 8], [2, 7, 8, 4], [2, 4, 3], [3, 4, 2]]	2	[[[5], [4], [3], [6]], [[5], [6], [3], [4]]]	k2:FF=NA;k2:FF=NA
k4_certs_4_n4_2.json.gz	94	14	7	[[0, 2, 5, 6], [1, 4, 5, 6], [3, 4, 6], [4, 5, 6]]	65,28,1,3	[[4, 2, 5, 8], [2, 7, 10, 4], [2, 4, 3], [3, 4, 2]]	2	[[[5], [4], [3], [6]], [[5], [6], [3], [4]]]	k2:FF=NA;k2:FF=NA
k4_certs_4_n4_2.json.gz	94	14	7	[[0, 2, 5, 6], [1, 4, 5, 6], [3, 4, 6], [4, 5, 6]]	65,29,1,3	[[4, 2, 5, 8], [2, 7, 10, 6], [2, 4, 3], [3, 4, 2]]	2	[[[5], [4], [3], [6]], [[5], [6], [3], [4]]]	k2:FF=NA;k2:FF=NA
k4_certs_4_n4_2.json.gz	94	14	7	[[0, 2, 5, 6], [1, 4, 5, 6], [3, 4, 6], [4, 5, 6]]	65,57,1,3	[[4, 2, 5, 8], [3, 6, 7, 5], [2, 4, 3], [3, 4, 2]]	2	[[[5], [4], [3], [6]], [[5], [6], [3], [4]]]	k2:FF=NA;k2:FF=NA
k4_certs_4_n4_2.json.gz	94	14	7	[[0, 2, 5, 6], [1, 4, 5, 6], [3, 4, 6], [4, 5, 6]]	65,58,1,3	[[4, 2, 5, 8], [3, 6, 8, 4], [2, 4, 3], [3, 4, 2]]	2	[[[5], [4], [3], [6]], [[5], [6], [3], [4]]]	k2:FF=NA;k2:FF=NA
k4_certs_4_n4_2.json.gz	94	14	7	[[0, 2, 5, 6], [1, 4, 5, 6], [3, 4, 6], [4, 5, 6]]	65,70,1,3	[[4, 2, 5, 8], [3, 8, 10, 4], [2, 4, 3], [3, 4, 2]]	2	[[[5], [4], [3], [6]], [[5], [6], [3], [4]]]	k2:FF=NA;k2:FF=NA
k4_certs_4_n4_2.json.gz	94	14	7	[[0, 2, 5, 6], [1, 4, 5, 6], [3, 4, 6], [4, 5, 6]]	65,71,1,3	[[4, 2, 5, 8], [3, 8, 10, 6], [2, 4, 3], [3, 4, 2]]	2	[[[5], [4], [3], [6]], [[5], [6], [3], [4]]]	k2:FF=NA;k2:FF=NA
k4_certs_4_n4_2.json.gz	94	14	7	[[0, 2, 5, 6], [1, 4, 5, 6], [3, 4, 6], [4, 5, 6]]	65,103,1,3	[[4, 2, 5, 8], [4, 6, 8, 5], [2, 4, 3], [3, 4, 2]]	2	[[[5], [4], [3], [6]], [[5], [6], [3], [4]]]	k2:FF=NA;k2:FF=NA
k4_certs_4_n4_2.json.gz	94	14	7	[[0, 2, 5, 6], [1, 4, 5, 6], [3, 4, 6], [4, 5, 6]]	73,3,1,3	[[4, 3, 6, 8], [1, 6, 8, 4], [2, 4, 3], [3, 4, 2]]	2	[[[5], [4], [3], [6]], [[5], [6], [3], [4]]]	k2:FF=NA;k2:FF=NA
k4_certs_4_n4_2.json.gz	94	14	7	[[0, 2, 5, 6], [1, 4, 5, 6], [3, 4, 6], [4, 5, 6]]	73,14,1,3	[[4, 3, 6, 8], [2, 4, 8, 3], [2, 4, 3], [3, 4, 2]]	2	[[[5], [4], [3], [6]], [[5], [6], [3], [4]]]	k2:FF=NA;k2:FF=NA
k4_certs_4_n4_2.json.gz	94	14	7	[[0, 2, 5, 6], [1, 4, 5, 6], [3, 4, 6], [4, 5, 6]]	73,19,1,3	[[4, 3, 6, 8], [2, 5, 8, 4], [2, 4, 3], [3, 4, 2]]	2	[[[5], [4], [3], [6]], [[5], [6], [3], [4]]]	k2:FF=NA;k2:FF=NA
k4_certs_4_n4_2.json.gz	94	14	7	[[0, 2, 5, 6], [1, 4, 5, 6], [3, 4, 6], [4, 5, 6]]	73,22,1,3	[[4, 3, 6, 8], [2, 6, 10, 3], [2, 4, 3], [3, 4, 2]]	2	[[[5], [4], [3], [6]], [[5], [6], [3], [4]]]	k2:FF=NA;k2:FF=NA
k4_certs_4_n4_2.json.gz	94	14	7	[[0, 2, 5, 6], [1, 4, 5, 6], [3, 4, 6], [4, 5, 6]]	73,27,1,3	[[4, 3, 6, 8], [2, 7, 8, 4], [2, 4, 3], [3, 4, 2]]	2	[[[5], [4], [3], [6]], [[5], [6], [3], [4]]]	k2:FF=NA;k2:FF=NA
k4_certs_4_n4_2.json.gz	94	14	7	[[0, 2, 5, 6], [1, 4, 5, 6], [3, 4, 6], [4, 5, 6]]	73,28,1,3	[[4, 3, 6, 8], [2, 7, 10, 4], [2, 4, 3], [3, 4, 2]]	2	[[[5], [4], [3], [6]], [[5], [6], [3], [4]]]	k2:FF=NA;k2:FF=NA
k4_certs_4_n4_2.json.gz	94	14	7	[[0, 2, 5, 6], [1, 4, 5, 6], [3, 4, 6], [4, 5, 6]]	73,29,1,3	[[4, 3, 6, 8], [2, 7, 10, 6], [2, 4, 3], [3, 4, 2]]	2	[[[5], [4], [3], [6]], [[5], [6], [3], [4]]]	k2:FF=NA;k2:FF=NA
k4_certs_4_n4_2.json.gz	94	14	7	[[0, 2, 5, 6], [1, 4, 5, 6], [3, 4, 6], [4, 5, 6]]	73,57,1,3	[[4, 3, 6, 8], [3, 6, 7, 5], [2, 4, 3], [3, 4, 2]]	2	[[[5], [4], [3], [6]], [[5], [6], [3], [4]]]	k2:FF=NA;k2:FF=NA
k4_certs_4_n4_2.json.gz	94	14	7	[[0, 2, 5, 6], [1, 4, 5, 6], [3, 4, 6], [4, 5, 6]]	73,58,1,3	[[4, 3, 6, 8], [3, 6, 8, 4], [2, 4, 3], [3, 4, 2]]	2	[[[5], [4], [3], [6]], [[5], [6], [3], [4]]]	k2:FF=NA;k2:FF=NA
k4_certs_4_n4_2.json.gz	94	14	7	[[0, 2, 5, 6], [1, 4, 5, 6], [3, 4, 6], [4, 5, 6]]	73,70,1,3	[[4, 3, 6, 8], [3, 8, 10, 4], [2, 4, 3], [3, 4, 2]]	2	[[[5], [4], [3], [6]], [[5], [6], [3], [4]]]	k2:FF=NA;k2:FF=NA
k4_certs_4_n4_2.json.gz	94	14	7	[[0, 2, 5, 6], [1, 4, 5, 6], [3, 4, 6], [4, 5, 6]]	73,71,1,3	[[4, 3, 6, 8], [3, 8, 10, 6], [2, 4, 3], [3, 4, 2]]	2	[[[5], [4], [3], [6]], [[5], [6], [3], [4]]]	k2:FF=NA;k2:FF=NA
k4_certs_4_n4_2.json.gz	94	14	7	[[0, 2, 5, 6], [1, 4, 5, 6], [3, 4, 6], [4, 5, 6]]	73,103,1,3	[[4, 3, 6, 8], [4, 6, 8, 5], [2, 4, 3], [3, 4, 2]]	2	[[[5], [4], [3], [6]], [[5], [6], [3], [4]]]	k2:FF=NA;k2:FF=NA
k4_certs_4_n4_2.json.gz	94	14	7	[[0, 2, 5, 6], [1, 4, 5, 6], [3, 4, 6], [4, 5, 6]]	103,3,1,3	[[6, 2, 7, 10], [1, 6, 8, 4], [2, 4, 3], [3, 4, 2]]	2	[[[5], [4], [3], [6]], [[5], [6], [3], [4]]]	k2:FF=NA;k2:FF=NA
k4_certs_4_n4_2.json.gz	94	14	7	[[0, 2, 5, 6], [1, 4, 5, 6], [3, 4, 6], [4, 5, 6]]	103,14,1,3	[[6, 2, 7, 10], [2, 4, 8, 3], [2, 4, 3], [3, 4, 2]]	2	[[[5], [4], [3], [6]], [[5], [6], [3], [4]]]	k2:FF=NA;k2:FF=NA
k4_certs_4_n4_2.json.gz	94	14	7	[[0, 2, 5, 6], [1, 4, 5, 6], [3, 4, 6], [4, 5, 6]]	103,19,1,3	[[6, 2, 7, 10], [2, 5, 8, 4], [2, 4, 3], [3, 4, 2]]	2	[[[5], [4], [3], [6]], [[5], [6], [3], [4]]]	k2:FF=NA;k2:FF=NA
k4_certs_4_n4_2.json.gz	94	14	7	[[0, 2, 5, 6], [1, 4, 5, 6], [3, 4, 6], [4, 5, 6]]	103,22,1,3	[[6, 2, 7, 10], [2, 6, 10, 3], [2, 4, 3], [3, 4, 2]]	2	[[[5], [4], [3], [6]], [[5], [6], [3], [4]]]	k2:FF=NA;k2:FF=NA
k4_certs_4_n4_2.json.gz	94	14	7	[[0, 2, 5, 6], [1, 4, 5, 6], [3, 4, 6], [4, 5, 6]]	103,27,1,3	[[6, 2, 7, 10], [2, 7, 8, 4], [2, 4, 3], [3, 4, 2]]	2	[[[5], [4], [3], [6]], [[5], [6], [3], [4]]]	k2:FF=NA;k2:FF=NA
k4_certs_4_n4_2.json.gz	94	14	7	[[0, 2, 5, 6], [1, 4, 5, 6], [3, 4, 6], [4, 5, 6]]	103,28,1,3	[[6, 2, 7, 10], [2, 7, 10, 4], [2, 4, 3], [3, 4, 2]]	2	[[[5], [4], [3], [6]], [[5], [6], [3], [4]]]	k2:FF=NA;k2:FF=NA
k4_certs_4_n4_2.json.gz	94	14	7	[[0, 2, 5, 6], [1, 4, 5, 6], [3, 4, 6], [4, 5, 6]]	103,29,1,3	[[6, 2, 7, 10], [2, 7, 10, 6], [2, 4, 3], [3, 4, 2]]	2	[[[5], [4], [3], [6]], [[5], [6], [3], [4]]]	k2:FF=NA;k2:FF=NA
k4_certs_4_n4_2.json.gz	94	14	7	[[0, 2, 5, 6], [1, 4, 5, 6], [3, 4, 6], [4, 5, 6]]	103,57,1,3	[[6, 2, 7, 10], [3, 6, 7, 5], [2, 4, 3], [3, 4, 2]]	2	[[[5], [4], [3], [6]], [[5], [6], [3], [4]]]	k2:FF=NA;k2:FF=NA
k4_certs_4_n4_2.json.gz	94	14	7	[[0, 2, 5, 6], [1, 4, 5, 6], [3, 4, 6], [4, 5, 6]]	103,58,1,3	[[6, 2, 7, 10], [3, 6, 8, 4], [2, 4, 3], [3, 4, 2]]	2	[[[5], [4], [3], [6]], [[5], [6], [3], [4]]]	k2:FF=NA;k2:FF=NA
k4_certs_4_n4_2.json.gz	94	14	7	[[0, 2, 5, 6], [1, 4, 5, 6], [3, 4, 6], [4, 5, 6]]	103,70,1,3	[[6, 2, 7, 10], [3, 8, 10, 4], [2, 4, 3], [3, 4, 2]]	2	[[[5], [4], [3], [6]], [[5], [6], [3], [4]]]	k2:FF=NA;k2:FF=NA
k4_certs_4_n4_2.json.gz	94	14	7	[[0, 2, 5, 6], [1, 4, 5, 6], [3, 4, 6], [4, 5, 6]]	103,71,1,3	[[6, 2, 7, 10], [3, 8, 10, 6], [2, 4, 3], [3, 4, 2]]	2	[[[5], [4], [3], [6]], [[5], [6], [3], [4]]]	k2:FF=NA;k2:FF=NA
k4_certs_4_n4_2.json.gz	94	14	7	[[0, 2, 5, 6], [1, 4, 5, 6], [3, 4, 6], [4, 5, 6]]	103,103,1,3	[[6, 2, 7, 10], [4, 6, 8, 5], [2, 4, 3], [3, 4, 2]]	2	[[[5], [4], [3], [6]], [[5], [6], [3], [4]]]	k2:FF=NA;k2:FF=NA
k4_certs_4_n4_2.json.gz	94	14	7	[[0, 2, 5, 6], [1, 4, 5, 6], [3, 4, 6], [4, 5, 6]]	111,3,1,3	[[6, 3, 8, 10], [1, 6, 8, 4], [2, 4, 3], [3, 4, 2]]	2	[[[5], [4], [3], [6]], [[5], [6], [3], [4]]]	k2:FF=NA;k2:FF=NA
k4_certs_4_n4_2.json.gz	94	14	7	[[0, 2, 5, 6], [1, 4, 5, 6], [3, 4, 6], [4, 5, 6]]	111,14,1,3	[[6, 3, 8, 10], [2, 4, 8, 3], [2, 4, 3], [3, 4, 2]]	2	[[[5], [4], [3], [6]], [[5], [6], [3], [4]]]	k2:FF=NA;k2:FF=NA
k4_certs_4_n4_2.json.gz	94	14	7	[[0, 2, 5, 6], [1, 4, 5, 6], [3, 4, 6], [4, 5, 6]]	111,19,1,3	[[6, 3, 8, 10], [2, 5, 8, 4], [2, 4, 3], [3, 4, 2]]	2	[[[5], [4], [3], [6]], [[5], [6], [3], [4]]]	k2:FF=NA;k2:FF=NA
k4_certs_4_n4_2.json.gz	94	14	7	[[0, 2, 5, 6], [1, 4, 5, 6], [3, 4, 6], [4, 5, 6]]	111,22,1,3	[[6, 3, 8, 10], [2, 6, 10, 3], [2, 4, 3], [3, 4, 2]]	2	[[[5], [4], [3], [6]], [[5], [6], [3], [4]]]	k2:FF=NA;k2:FF=NA
k4_certs_4_n4_2.json.gz	94	14	7	[[0, 2, 5, 6], [1, 4, 5, 6], [3, 4, 6], [4, 5, 6]]	111,27,1,3	[[6, 3, 8, 10], [2, 7, 8, 4], [2, 4, 3], [3, 4, 2]]	2	[[[5], [4], [3], [6]], [[5], [6], [3], [4]]]	k2:FF=NA;k2:FF=NA
k4_certs_4_n4_2.json.gz	94	14	7	[[0, 2, 5, 6], [1, 4, 5, 6], [3, 4, 6], [4, 5, 6]]	111,28,1,3	[[6, 3, 8, 10], [2, 7, 10, 4], [2, 4, 3], [3, 4, 2]]	2	[[[5], [4], [3], [6]], [[5], [6], [3], [4]]]	k2:FF=NA;k2:FF=NA
k4_certs_4_n4_2.json.gz	94	14	7	[[0, 2, 5, 6], [1, 4, 5, 6], [3, 4, 6], [4, 5, 6]]	111,29,1,3	[[6, 3, 8, 10], [2, 7, 10, 6], [2, 4, 3], [3, 4, 2]]	2	[[[5], [4], [3], [6]], [[5], [6], [3], [4]]]	k2:FF=NA;k2:FF=NA
k4_certs_4_n4_2.json.gz	94	14	7	[[0, 2, 5, 6], [1, 4, 5, 6], [3, 4, 6], [4, 5, 6]]	111,57,1,3	[[6, 3, 8, 10], [3, 6, 7, 5], [2, 4, 3], [3, 4, 2]]	2	[[[5], [4], [3], [6]], [[5], [6], [3], [4]]]	k2:FF=NA;k2:FF=NA
k4_certs_4_n4_2.json.gz	94	14	7	[[0, 2, 5, 6], [1, 4, 5, 6], [3, 4, 6], [4, 5, 6]]	111,58,1,3	[[6, 3, 8, 10], [3, 6, 8, 4], [2, 4, 3], [3, 4, 2]]	2	[[[5], [4], [3], [6]], [[5], [6], [3], [4]]]	k2:FF=NA;k2:FF=NA
k4_certs_4_n4_2.json.gz	94	14	7	[[0, 2, 5, 6], [1, 4, 5, 6], [3, 4, 6], [4, 5, 6]]	111,70,1,3	[[6, 3, 8, 10], [3, 8, 10, 4], [2, 4, 3], [3, 4, 2]]	2	[[[5], [4], [3], [6]], [[5], [6], [3], [4]]]	k2:FF=NA;k2:FF=NA
k4_certs_4_n4_2.json.gz	94	14	7	[[0, 2, 5, 6], [1, 4, 5, 6], [3, 4, 6], [4, 5, 6]]	111,71,1,3	[[6, 3, 8, 10], [3, 8, 10, 6], [2, 4, 3], [3, 4, 2]]	2	[[[5], [4], [3], [6]], [[5], [6], [3], [4]]]	k2:FF=NA;k2:FF=NA
k4_certs_4_n4_2.json.gz	94	14	7	[[0, 2, 5, 6], [1, 4, 5, 6], [3, 4, 6], [4, 5, 6]]	111,103,1,3	[[6, 3, 8, 10], [4, 6, 8, 5], [2, 4, 3], [3, 4, 2]]	2	[[[5], [4], [3], [6]], [[5], [6], [3], [4]]]	k2:FF=NA;k2:FF=NA
