# command: python3 k4/rulef_hunt_check.py results/k4_rulef_hunt/xcheck/k1_text_597.jsonl.gz --nwork=5 --jobs=4
k4_certs_5_n4_4.json.gz:7942 nwork C=5 python=5 classes C=[0, 1, 1, 0, 1] python=[0, 1, 1, 0, 1] RK3 python=[0, 1, 1, 0, 1] deficits(shrink,envyFree,none)=[['neg', '-2', '-2'], ['1', '1', '1'], ['1', '1', '1'], ['neg', '-2', '-2'], ['1', '1', '1']] agree witness failures 0 time 0.0s
k4_certs_5_n4_4.json.gz:7942 nwork C=5 python=5 classes C=[0, 1, 1, 0, 1] python=[0, 1, 1, 0, 1] RK3 python=[0, 1, 1, 0, 1] deficits(shrink,envyFree,none)=[['neg', '-2', '-2'], ['1', '1', '1'], ['1', '1', '1'], ['neg', '-2', '-2'], ['1', '1', '1']] agree witness failures 0 time 0.0s
k4_certs_5_pure.json.gz:1767 nwork C=2 python=2 classes C=[1, 9, 9, 1, 9] python=[1, 9, 9, 1, 9] RK3 python=[0, 9, 9, 1, 9] deficits(shrink,envyFree,none)=[['1', '1', '0'], ['1', '1', '1'], ['1', '1', '1'], ['1', '1', '1'], ['1', '1', '1']] agree witness failures 0 time 0.0s
k4_certs_5_pure.json.gz:1767 nwork C=2 python=2 classes C=[0, 9, 9, 1, 9] python=[0, 9, 9, 1, 9] RK3 python=[0, 9, 9, 1, 9] deficits(shrink,envyFree,none)=[['1', '0', '0'], ['1', '1', '1'], ['1', '1', '1'], ['1', '1', '1'], ['1', '1', '1']] agree witness failures 0 time 0.0s
k4_certs_5_pure.json.gz:1947 nwork C=2 python=2 classes C=[9, 1, 9, 1, 9] python=[9, 1, 9, 1, 9] RK3 python=[9, 1, 9, 1, 9] deficits(shrink,envyFree,none)=[['1', '1', '1'], ['2', '2', '2'], ['1', '1', '1'], ['2', '2', '2'], ['1', '1', '1']] agree witness failures 0 time 0.0s
k4_certs_5_pure.json.gz:1947 nwork C=2 python=2 classes C=[9, 1, 9, 1, 9] python=[9, 1, 9, 1, 9] RK3 python=[9, 1, 9, 1, 9] deficits(shrink,envyFree,none)=[['1', '1', '1'], ['2', '2', '2'], ['1', '1', '1'], ['2', '2', '2'], ['1', '1', '1']] agree witness failures 0 time 0.0s
k4_certs_5_pure.json.gz:1947 nwork C=5 python=5 classes C=[0, 0, 0, 1, 0] python=[0, 0, 0, 1, 0] RK3 python=[0, 0, 0, 1, 0] deficits(shrink,envyFree,none)=[['-1', '-1', '-1'], ['0', '0', '0'], ['-1', '-1', '-1'], ['1', '1', '1'], ['-2', '-2', '-2']] agree witness failures 0 time 0.0s
k4_certs_5_pure.json.gz:1947 nwork C=2 python=2 classes C=[9, 1, 9, 1, 9] python=[9, 1, 9, 1, 9] RK3 python=[9, 1, 9, 1, 9] deficits(shrink,envyFree,none)=[['1', '1', '1'], ['2', '2', '2'], ['1', '1', '1'], ['2', '2', '2'], ['1', '1', '1']] agree witness failures 0 time 0.0s
k4_certs_5_pure.json.gz:1587 nwork C=2 python=2 classes C=[9, 9, 1, 0, 9] python=[9, 9, 1, 0, 9] RK3 python=[9, 9, 1, 0, 9] deficits(shrink,envyFree,none)=[['1', '1', '1'], ['1', '1', '1'], ['1', '1', '1'], ['neg', '-1', '-1'], ['1', '1', '1']] agree witness failures 0 time 0.0s
k4_certs_5_pure.json.gz:1587 nwork C=4 python=4 classes C=[1, 1, 0, 0, 9] python=[1, 1, 0, 0, 9] RK3 python=[1, 1, 0, 0, 9] deficits(shrink,envyFree,none)=[['1', '1', '1'], ['1', '1', '1'], ['-1', '-1', '-1'], ['neg', '-2', '-2'], ['1', '1', '1']] agree witness failures 0 time 0.0s
k4_certs_5_n4_4.json.gz:4342 nwork C=5 python=5 classes C=[0, 1, 1, 0, 1] python=[0, 1, 1, 0, 1] RK3 python=[0, 1, 1, 0, 1] deficits(shrink,envyFree,none)=[['0', '0', '0'], ['1', '1', '1'], ['1', '1', '1'], ['neg', '-3', '-3'], ['1', '1', '1']] agree witness failures 0 time 0.0s
k4_certs_5_n4_4.json.gz:4342 nwork C=5 python=5 classes C=[0, 1, 1, 0, 0] python=[0, 1, 1, 0, 0] RK3 python=[0, 1, 1, 0, 0] deficits(shrink,envyFree,none)=[['0', '0', '0'], ['1', '1', '1'], ['1', '1', '1'], ['neg', 'neg', '-3'], ['neg', 'neg', '-3']] agree witness failures 0 time 0.0s
k4_certs_5_n4_4.json.gz:7942 nwork C=5 python=5 classes C=[0, 1, 1, 0, 1] python=[0, 1, 1, 0, 1] RK3 python=[0, 1, 1, 0, 1] deficits(shrink,envyFree,none)=[['neg', '-2', '-2'], ['1', '1', '1'], ['1', '1', '1'], ['neg', '-2', '-2'], ['1', '1', '1']] agree witness failures 0 time 0.0s
k4_certs_5_n4_4.json.gz:7942 nwork C=5 python=5 classes C=[0, 0, 1, 0, 1] python=[0, 0, 1, 0, 1] RK3 python=[0, 0, 1, 0, 1] deficits(shrink,envyFree,none)=[['neg', '-2', '-2'], ['neg', '-2', '-2'], ['1', '1', '1'], ['neg', '-2', '-2'], ['1', '1', '1']] agree witness failures 0 time 0.0s
k4_certs_5_pure.json.gz:4047 nwork C=3 python=3 classes C=[9, 1, 1, 9, 1] python=[9, 1, 1, 9, 1] RK3 python=[9, 0, 1, 9, 1] deficits(shrink,envyFree,none)=[['1', '1', '1'], ['1', '1', '0'], ['1', '1', '1'], ['1', '1', '1'], ['1', '1', '1']] agree witness failures 0 time 0.0s
k4_certs_5_n4_4.json.gz:5602 nwork C=3 python=3 classes C=[1, 0, 9, 9, 1] python=[1, 0, 9, 9, 1] RK3 python=[1, 0, 9, 9, 1] deficits(shrink,envyFree,none)=[['2', '2', '2'], ['0', '0', '0'], ['1', '1', '1'], ['1', '1', '1'], ['2', '2', '2']] agree witness failures 0 time 0.0s
k4_certs_5_n4_4.json.gz:5602 nwork C=5 python=5 classes C=[1, 0, 0, 0, 1] python=[1, 0, 0, 0, 1] RK3 python=[1, 0, 0, 0, 1] deficits(shrink,envyFree,none)=[['1', '1', '1'], ['0', '0', '0'], ['neg', 'neg', '-1'], ['neg', 'neg', '-1'], ['1', '1', '1']] agree witness failures 0 time 0.0s
k4_certs_5_n4_4.json.gz:5602 nwork C=5 python=5 classes C=[1, 0, 0, 0, 0] python=[1, 0, 0, 0, 0] RK3 python=[1, 0, 0, 0, 0] deficits(shrink,envyFree,none)=[['2', '2', '2'], ['neg', '0', '0'], ['neg', '-2', '-2'], ['neg', '-2', '-2'], ['neg', '-2', '-2']] agree witness failures 0 time 0.0s
k4_certs_5_n4_4.json.gz:7402 nwork C=3 python=3 classes C=[0, 9, 9, 1, 1] python=[0, 9, 9, 1, 1] RK3 python=[0, 9, 9, 1, 1] deficits(shrink,envyFree,none)=[['0', '0', '0'], ['1', '1', '1'], ['1', '1', '1'], ['2', '2', '2'], ['2', '2', '2']] agree witness failures 0 time 0.0s
k4_certs_5_n4_4.json.gz:4762 nwork C=3 python=3 classes C=[0, 1, 9, 1, 9] python=[0, 1, 9, 1, 9] RK3 python=[0, 1, 9, 1, 9] deficits(shrink,envyFree,none)=[['0', '0', '0'], ['1', '1', '1'], ['1', '1', '1'], ['1', '1', '1'], ['1', '1', '1']] agree witness failures 0 time 0.0s
k4_certs_5_n4_4.json.gz:4762 nwork C=5 python=5 classes C=[0, 1, 0, 1, 0] python=[0, 1, 0, 1, 0] RK3 python=[0, 1, 0, 1, 0] deficits(shrink,envyFree,none)=[['-1', '-1', '-1'], ['1', '1', '1'], ['0', '0', '0'], ['1', '1', '1'], ['0', '0', '0']] agree witness failures 0 time 0.0s
k4_certs_5_n4_4.json.gz:4762 nwork C=5 python=5 classes C=[0, 1, 0, 0, 0] python=[0, 1, 0, 0, 0] RK3 python=[0, 1, 0, 0, 0] deficits(shrink,envyFree,none)=[['-1', '0', '0'], ['2', '2', '2'], ['-2', '-2', '-2'], ['-2', '-2', '-2'], ['-2', '-2', '-2']] agree witness failures 0 time 0.0s
k4_certs_5_n4_4.json.gz:4762 nwork C=3 python=3 classes C=[0, 1, 9, 1, 9] python=[0, 1, 9, 1, 9] RK3 python=[0, 1, 9, 1, 9] deficits(shrink,envyFree,none)=[['0', '0', '0'], ['1', '1', '1'], ['1', '1', '1'], ['1', '1', '1'], ['1', '1', '1']] agree witness failures 0 time 0.0s
k4_certs_5_n4_3.json.gz:4346 nwork C=5 python=5 classes C=[1, 0, 1, 0, 0] python=[1, 0, 1, 0, 0] RK3 python=[1, 0, 1, 0, 0] deficits(shrink,envyFree,none)=[['1', '1', '1'], ['neg', 'neg', '-3'], ['1', '1', '1'], ['neg', 'neg', '-3'], ['neg', 'neg', '-3']] agree witness failures 0 time 0.0s
k4_certs_5_n4_3.json.gz:4346 nwork C=5 python=5 classes C=[1, 0, 1, 0, 0] python=[1, 0, 1, 0, 0] RK3 python=[1, 0, 1, 0, 0] deficits(shrink,envyFree,none)=[['1', '1', '1'], ['neg', 'neg', '-3'], ['1', '1', '1'], ['neg', 'neg', '-3'], ['neg', 'neg', '-3']] agree witness failures 0 time 0.0s
k4_certs_5_n4_3.json.gz:4346 nwork C=5 python=5 classes C=[1, 0, 1, 0, 0] python=[1, 0, 1, 0, 0] RK3 python=[1, 0, 1, 0, 0] deficits(shrink,envyFree,none)=[['1', '1', '1'], ['neg', 'neg', '-3'], ['1', '1', '1'], ['neg', 'neg', '-3'], ['neg', 'neg', '-3']] agree witness failures 0 time 0.0s
k4_certs_5_pure.json.gz:3327 nwork C=3 python=3 classes C=[1, 9, 9, 1, 1] python=[1, 9, 9, 1, 1] RK3 python=[0, 9, 9, 1, 1] deficits(shrink,envyFree,none)=[['1', '1', '0'], ['1', '1', '1'], ['1', '1', '1'], ['1', '1', '1'], ['1', '1', '1']] agree witness failures 0 time 0.1s
k4_certs_5_pure.json.gz:3327 nwork C=5 python=5 classes C=[0, 0, 1, 1, 0] python=[0, 0, 1, 1, 0] RK3 python=[0, 0, 1, 1, 0] deficits(shrink,envyFree,none)=[['-1', '0', '0'], ['-1', '0', '0'], ['1', '1', '1'], ['2', '2', '2'], ['-2', '-2', '-2']] agree witness failures 0 time 0.0s
k4_certs_5_pure.json.gz:3327 nwork C=5 python=5 classes C=[1, 0, 0, 0, 0] python=[1, 0, 0, 0, 0] RK3 python=[0, 0, 0, 0, 0] deficits(shrink,envyFree,none)=[['1', '1', '0'], ['0', '0', '0'], ['0', '0', '0'], ['0', '0', '0'], ['0', '0', '0']] agree witness failures 0 time 0.0s
k4_certs_5_pure.json.gz:3327 nwork C=5 python=5 classes C=[0, 0, 0, 1, 1] python=[0, 0, 0, 1, 1] RK3 python=[0, 0, 0, 1, 1] deficits(shrink,envyFree,none)=[['-2', '-2', '-1'], ['-2', '-2', '-1'], ['-2', '-2', '-1'], ['1', '1', '1'], ['1', '1', '1']] agree witness failures 0 time 0.0s
k4_certs_5_n4_4.json.gz:5602 nwork C=3 python=3 classes C=[1, 0, 9, 9, 1] python=[1, 0, 9, 9, 1] RK3 python=[1, 0, 9, 9, 1] deficits(shrink,envyFree,none)=[['1', '1', '1'], ['0', '0', '0'], ['1', '1', '1'], ['1', '1', '1'], ['1', '1', '1']] agree witness failures 0 time 0.0s
k4_certs_5_n4_4.json.gz:5602 nwork C=5 python=5 classes C=[0, 0, 0, 0, 1] python=[0, 0, 0, 0, 1] RK3 python=[0, 0, 0, 0, 1] deficits(shrink,envyFree,none)=[['neg', 'neg', '-1'], ['neg', 'neg', '-2'], ['neg', 'neg', '-1'], ['neg', 'neg', '-1'], ['1', '1', '1']] agree witness failures 0 time 0.0s
k4_certs_5_n4_4.json.gz:5602 nwork C=5 python=5 classes C=[1, 0, 0, 0, 1] python=[1, 0, 0, 0, 1] RK3 python=[1, 0, 0, 0, 1] deficits(shrink,envyFree,none)=[['1', '1', '1'], ['neg', 'neg', '-2'], ['neg', 'neg', '0'], ['neg', 'neg', '0'], ['1', '1', '1']] agree witness failures 0 time 0.0s
k4_certs_5_n4_4.json.gz:5182 nwork C=3 python=3 classes C=[9, 1, 0, 9, 1] python=[9, 1, 0, 9, 1] RK3 python=[9, 1, 0, 9, 1] deficits(shrink,envyFree,none)=[['1', '1', '1'], ['1', '1', '1'], ['0', '0', '0'], ['1', '1', '1'], ['1', '1', '1']] agree witness failures 0 time 0.0s
k4_certs_5_n4_4.json.gz:5182 nwork C=3 python=3 classes C=[9, 1, 0, 9, 1] python=[9, 1, 0, 9, 1] RK3 python=[9, 1, 0, 9, 1] deficits(shrink,envyFree,none)=[['1', '1', '1'], ['1', '1', '1'], ['-1', '-1', '-1'], ['1', '1', '1'], ['1', '1', '1']] agree witness failures 0 time 0.0s
k4_certs_5_n4_4.json.gz:5182 nwork C=3 python=3 classes C=[9, 1, 0, 9, 1] python=[9, 1, 0, 9, 1] RK3 python=[9, 1, 0, 9, 1] deficits(shrink,envyFree,none)=[['1', '1', '1'], ['1', '1', '1'], ['0', '0', '0'], ['1', '1', '1'], ['1', '1', '1']] agree witness failures 0 time 0.0s
k4_certs_5_n4_4.json.gz:5602 nwork C=3 python=3 classes C=[1, 0, 9, 9, 1] python=[1, 0, 9, 9, 1] RK3 python=[1, 0, 9, 9, 1] deficits(shrink,envyFree,none)=[['1', '1', '1'], ['0', '0', '0'], ['1', '1', '1'], ['1', '1', '1'], ['1', '1', '1']] agree witness failures 0 time 0.0s
k4_certs_5_n4_4.json.gz:5602 nwork C=3 python=3 classes C=[1, 0, 9, 9, 1] python=[1, 0, 9, 9, 1] RK3 python=[1, 0, 9, 9, 1] deficits(shrink,envyFree,none)=[['1', '1', '1'], ['0', '0', '0'], ['1', '1', '1'], ['1', '1', '1'], ['1', '1', '1']] agree witness failures 0 time 0.0s
k4_certs_5_n4_4.json.gz:5602 nwork C=5 python=5 classes C=[0, 0, 1, 1, 1] python=[0, 0, 1, 1, 1] RK3 python=[0, 0, 1, 1, 1] deficits(shrink,envyFree,none)=[['0', '0', '0'], ['neg', 'neg', '-3'], ['1', '1', '1'], ['1', '1', '1'], ['1', '1', '1']] agree witness failures 0 time 0.0s
k4_certs_5_pure.json.gz:1827 nwork C=3 python=3 classes C=[0, 9, 9, 1, 1] python=[0, 9, 9, 1, 1] RK3 python=[0, 9, 9, 1, 1] deficits(shrink,envyFree,none)=[['0', '0', '0'], ['1', '1', '1'], ['1', '1', '1'], ['1', '1', '1'], ['1', '1', '1']] agree witness failures 0 time 0.0s
k4_certs_5_pure.json.gz:1827 nwork C=3 python=3 classes C=[0, 9, 9, 1, 1] python=[0, 9, 9, 1, 1] RK3 python=[0, 9, 9, 1, 1] deficits(shrink,envyFree,none)=[['0', '0', '0'], ['1', '1', '1'], ['1', '1', '1'], ['1', '1', '1'], ['1', '1', '1']] agree witness failures 0 time 0.0s
k4_certs_5_pure.json.gz:1827 nwork C=3 python=3 classes C=[0, 9, 9, 1, 1] python=[0, 9, 9, 1, 1] RK3 python=[0, 9, 9, 1, 1] deficits(shrink,envyFree,none)=[['0', '0', '0'], ['1', '1', '1'], ['1', '1', '1'], ['1', '1', '1'], ['1', '1', '1']] agree witness failures 0 time 0.0s
k4_certs_5_pure.json.gz:1827 nwork C=5 python=5 classes C=[1, 0, 0, 1, 1] python=[1, 0, 0, 1, 1] RK3 python=[0, 0, 0, 1, 1] deficits(shrink,envyFree,none)=[['1', '1', '0'], ['0', '0', '0'], ['0', '0', '0'], ['1', '1', '1'], ['1', '1', '1']] agree witness failures 0 time 0.0s
k4_certs_5_pure.json.gz:1827 nwork C=5 python=5 classes C=[0, 0, 0, 1, 1] python=[0, 0, 0, 1, 1] RK3 python=[0, 0, 0, 0, 0] deficits(shrink,envyFree,none)=[['0', '0', '-1'], ['0', '0', '0'], ['0', '0', '0'], ['1', '1', '0'], ['1', '1', '0']] agree witness failures 0 time 0.0s
k4_certs_5_pure.json.gz:3087 nwork C=3 python=3 classes C=[1, 9, 9, 0, 1] python=[1, 9, 9, 0, 1] RK3 python=[1, 1, 1, 0, 1] deficits(shrink,envyFree,none)=[['1', '1', '1'], ['1', '1', '1'], ['1', '1', '1'], ['-1', '-1', '-1'], ['1', '1', '1']] agree witness failures 0 time 0.0s
k4_certs_5_pure.json.gz:3087 nwork C=5 python=5 classes C=[0, 0, 0, 0, 1] python=[0, 0, 0, 0, 1] RK3 python=[0, 0, 0, 0, 1] deficits(shrink,envyFree,none)=[['-1', '-1', '-1'], ['-1', '0', '0'], ['-1', '0', '0'], ['-1', '0', '0'], ['1', '1', '1']] agree witness failures 0 time 0.0s
k4_certs_5_pure.json.gz:3087 nwork C=5 python=5 classes C=[1, 0, 0, 0, 0] python=[1, 0, 0, 0, 0] RK3 python=[0, 0, 0, 0, 0] deficits(shrink,envyFree,none)=[['1', '1', '0'], ['-1', '-1', '0'], ['-1', '-1', '0'], ['-1', '-1', '-1'], ['neg', '-1', '-1']] agree witness failures 0 time 0.0s
k4_certs_5_pure.json.gz:3087 nwork C=5 python=5 classes C=[1, 0, 1, 0, 0] python=[1, 0, 1, 0, 0] RK3 python=[1, 0, 1, 0, 0] deficits(shrink,envyFree,none)=[['1', '1', '1'], ['neg', 'neg', '-1'], ['1', '1', '1'], ['0', '0', '0'], ['neg', 'neg', '-1']] agree witness failures 0 time 0.1s
k4_certs_5_n4_4.json.gz:5542 nwork C=5 python=5 classes C=[0, 1, 1, 1, 1] python=[0, 1, 1, 1, 1] RK3 python=[0, 1, 1, 1, 1] deficits(shrink,envyFree,none)=[['1', '0', '0'], ['1', '1', '1'], ['1', '1', '1'], ['1', '1', '1'], ['1', '1', '1']] agree witness failures 0 time 0.0s
k4_certs_5_n4_4.json.gz:5542 nwork C=5 python=5 classes C=[0, 0, 0, 1, 0] python=[0, 0, 0, 1, 0] RK3 python=[0, 0, 0, 1, 0] deficits(shrink,envyFree,none)=[['0', '0', '0'], ['neg', '-2', '-2'], ['neg', '-2', '-2'], ['2', '2', '2'], ['0', '0', '0']] agree witness failures 0 time 0.0s
k4_certs_5_n4_4.json.gz:5542 nwork C=5 python=5 classes C=[0, 1, 1, 0, 0] python=[0, 1, 1, 0, 0] RK3 python=[0, 1, 1, 0, 0] deficits(shrink,envyFree,none)=[['-1', '-1', '-1'], ['1', '1', '1'], ['1', '1', '1'], ['0', '0', '0'], ['0', '0', '0']] agree witness failures 0 time 0.0s
k4_certs_5_n4_4.json.gz:5542 nwork C=5 python=5 classes C=[1, 0, 0, 0, 0] python=[1, 0, 0, 0, 0] RK3 python=[1, 0, 0, 0, 0] deficits(shrink,envyFree,none)=[['1', '1', '1'], ['neg', 'neg', '-2'], ['neg', 'neg', '-2'], ['0', '0', '0'], ['0', '0', '0']] agree witness failures 0 time 0.0s
k4_certs_5_pure.json.gz:1827 nwork C=3 python=3 classes C=[0, 9, 9, 1, 1] python=[0, 9, 9, 1, 1] RK3 python=[0, 9, 9, 1, 1] deficits(shrink,envyFree,none)=[['0', '0', '0'], ['1', '1', '1'], ['1', '1', '1'], ['1', '1', '1'], ['1', '1', '1']] agree witness failures 0 time 0.0s
k4_certs_5_pure.json.gz:1827 nwork C=5 python=5 classes C=[0, 1, 1, 1, 1] python=[0, 1, 1, 1, 1] RK3 python=[0, 1, 1, 1, 1] deficits(shrink,envyFree,none)=[['0', '0', '0'], ['1', '1', '1'], ['1', '1', '1'], ['1', '1', '1'], ['1', '1', '1']] agree witness failures 0 time 0.0s
k4_certs_5_pure.json.gz:3447 nwork C=5 python=5 classes C=[1, 1, 0, 1, 1] python=[1, 1, 0, 1, 1] RK3 python=[1, 1, 0, 1, 0] deficits(shrink,envyFree,none)=[['3', '3', '3'], ['3', '3', '3'], ['-2', '-2', '-1'], ['1', '1', '1'], ['1', '1', '0']] agree witness failures 0 time 0.1s
k4_certs_5_pure.json.gz:3447 nwork C=5 python=5 classes C=[1, 1, 0, 1, 1] python=[1, 1, 0, 1, 1] RK3 python=[1, 1, 0, 1, 0] deficits(shrink,envyFree,none)=[['3', '3', '3'], ['3', '3', '3'], ['-2', '-2', '-1'], ['1', '1', '1'], ['1', '1', '0']] agree witness failures 0 time 0.1s
k4_certs_5_pure.json.gz:3447 nwork C=5 python=5 classes C=[0, 1, 0, 0, 0] python=[0, 1, 0, 0, 0] RK3 python=[0, 1, 0, 0, 0] deficits(shrink,envyFree,none)=[['1', '0', '0'], ['3', '3', '3'], ['-2', '-2', '-1'], ['1', '0', '0'], ['-2', '-2', '-1']] agree witness failures 0 time 0.0s
k4_certs_5_pure.json.gz:3447 nwork C=5 python=5 classes C=[1, 1, 1, 0, 0] python=[1, 1, 1, 0, 0] RK3 python=[1, 1, 1, 0, 0] deficits(shrink,envyFree,none)=[['2', '2', '2'], ['2', '2', '2'], ['2', '2', '2'], ['-1', '0', '0'], ['-2', '-1', '-1']] agree witness failures 0 time 0.1s
k4_certs_5_pure.json.gz:3447 nwork C=5 python=5 classes C=[0, 0, 1, 0, 0] python=[0, 0, 1, 0, 0] RK3 python=[0, 0, 1, 0, 0] deficits(shrink,envyFree,none)=[['-1', '-1', '-1'], ['-1', '-1', '-1'], ['1', '1', '1'], ['-1', '-1', '-1'], ['-1', '-1', '-1']] agree witness failures 0 time 0.1s
k4_certs_5_pure.json.gz:3447 nwork C=5 python=5 classes C=[0, 0, 1, 0, 0] python=[0, 0, 1, 0, 0] RK3 python=[0, 0, 1, 0, 0] deficits(shrink,envyFree,none)=[['-1', '-1', '-1'], ['-1', '-1', '-1'], ['1', '1', '1'], ['-1', '-1', '-1'], ['-1', '-1', '-1']] agree witness failures 0 time 0.1s
k4_certs_5_pure.json.gz:3987 nwork C=3 python=3 classes C=[0, 9, 0, 1, 9] python=[0, 9, 0, 1, 9] RK3 python=[0, 9, 0, 1, 9] deficits(shrink,envyFree,none)=[['-1', '-1', '-1'], ['1', '1', '1'], ['-1', '-1', '-1'], ['1', '1', '1'], ['1', '1', '1']] agree witness failures 0 time 0.1s
k4_certs_5_n4_4.json.gz:5422 nwork C=3 python=3 classes C=[0, 9, 0, 9, 1] python=[0, 9, 0, 9, 1] RK3 python=[0, 9, 0, 9, 1] deficits(shrink,envyFree,none)=[['-1', '-1', '-1'], ['1', '1', '1'], ['-1', '-1', '-1'], ['1', '1', '1'], ['1', '1', '1']] agree witness failures 0 time 0.0s
k4_certs_5_n4_4.json.gz:5422 nwork C=5 python=5 classes C=[0, 0, 0, 0, 1] python=[0, 0, 0, 0, 1] RK3 python=[0, 0, 0, 0, 1] deficits(shrink,envyFree,none)=[['0', '0', '0'], ['neg', '1', '1'], ['0', '0', '0'], ['neg', '1', '1'], ['1', '1', '1']] agree witness failures 0 time 0.0s
k4_certs_5_n4_4.json.gz:5422 nwork C=5 python=5 classes C=[0, 0, 0, 0, 1] python=[0, 0, 0, 0, 1] RK3 python=[0, 0, 0, 0, 1] deficits(shrink,envyFree,none)=[['neg', 'neg', '-1'], ['neg', 'neg', '0'], ['neg', 'neg', '-1'], ['neg', 'neg', '0'], ['1', '1', '1']] agree witness failures 0 time 0.0s
k4_certs_5_pure.json.gz:4527 nwork C=5 python=5 classes C=[1, 1, 0, 0, 1] python=[1, 1, 0, 0, 1] RK3 python=[1, 1, 0, 0, 1] deficits(shrink,envyFree,none)=[['1', '1', '1'], ['1', '1', '1'], ['-2', '-2', '-2'], ['-2', '-2', '-2'], ['1', '1', '1']] agree witness failures 0 time 0.1s
k4_certs_5_pure.json.gz:4527 nwork C=5 python=5 classes C=[1, 1, 0, 0, 0] python=[1, 1, 0, 0, 0] RK3 python=[1, 1, 0, 0, 0] deficits(shrink,envyFree,none)=[['1', '1', '1'], ['1', '1', '1'], ['-2', '-2', '-2'], ['-2', '-2', '-2'], ['-2', '-2', '-2']] agree witness failures 0 time 0.1s
k4_certs_5_n4_4.json.gz:4642 nwork C=5 python=5 classes C=[1, 0, 0, 0, 1] python=[1, 0, 0, 0, 1] RK3 python=[1, 0, 0, 0, 1] deficits(shrink,envyFree,none)=[['1', '1', '1'], ['-2', '-2', '-3'], ['-2', '-2', '-3'], ['-2', '-2', '-3'], ['1', '1', '1']] agree witness failures 0 time 0.0s
k4_certs_5_n4_4.json.gz:4642 nwork C=5 python=5 classes C=[1, 0, 0, 0, 1] python=[1, 0, 0, 0, 1] RK3 python=[1, 0, 0, 0, 1] deficits(shrink,envyFree,none)=[['1', '1', '1'], ['-2', '-2', '-2'], ['-2', '-2', '-3'], ['-2', '-2', '-2'], ['1', '1', '1']] agree witness failures 0 time 0.0s
k4_certs_5_n4_4.json.gz:4642 nwork C=5 python=5 classes C=[1, 0, 0, 0, 1] python=[1, 0, 0, 0, 1] RK3 python=[1, 0, 0, 0, 1] deficits(shrink,envyFree,none)=[['1', '1', '1'], ['-2', '-2', '-2'], ['-2', '-2', '-3'], ['-2', '-2', '-2'], ['1', '1', '1']] agree witness failures 0 time 0.0s
k4_certs_5_n4_3.json.gz:6218 nwork C=3 python=3 classes C=[9, 0, 9, 0, 0] python=[9, 0, 9, 0, 0] RK3 python=[9, 0, 9, 0, 0] deficits(shrink,envyFree,none)=[['1', '1', '1'], ['neg', 'neg', '-3'], ['1', '1', '1'], ['neg', 'neg', '-3'], ['neg', 'neg', '-3']] agree witness failures 0 time 0.0s
k4_certs_5_n4_3.json.gz:6218 nwork C=3 python=3 classes C=[9, 0, 9, 0, 0] python=[9, 0, 9, 0, 0] RK3 python=[9, 0, 9, 0, 0] deficits(shrink,envyFree,none)=[['1', '1', '1'], ['neg', 'neg', '-3'], ['1', '1', '1'], ['neg', 'neg', '-3'], ['neg', 'neg', '-3']] agree witness failures 0 time 0.0s
k4_certs_5_n4_3.json.gz:6218 nwork C=5 python=5 classes C=[1, 0, 0, 0, 0] python=[1, 0, 0, 0, 0] RK3 python=[1, 0, 0, 0, 0] deficits(shrink,envyFree,none)=[['2', '2', '2'], ['neg', '-3', '-3'], ['neg', '-3', '-3'], ['neg', '-3', '-3'], ['-1', '-1', '-1']] agree witness failures 0 time 0.0s
k4_certs_5_n4_3.json.gz:6218 nwork C=3 python=3 classes C=[9, 0, 9, 0, 0] python=[9, 0, 9, 0, 0] RK3 python=[9, 0, 9, 0, 0] deficits(shrink,envyFree,none)=[['1', '1', '1'], ['neg', 'neg', '-3'], ['1', '1', '1'], ['neg', 'neg', '-3'], ['neg', 'neg', '-3']] agree witness failures 0 time 0.0s
k4_certs_5_n4_3.json.gz:6218 nwork C=3 python=3 classes C=[9, 0, 9, 0, 0] python=[9, 0, 9, 0, 0] RK3 python=[9, 0, 9, 0, 0] deficits(shrink,envyFree,none)=[['1', '1', '1'], ['neg', 'neg', '-3'], ['1', '1', '1'], ['neg', 'neg', '-3'], ['neg', 'neg', '-3']] agree witness failures 0 time 0.0s
k4_certs_5_n4_3.json.gz:6758 nwork C=3 python=3 classes C=[0, 9, 9, 0, 0] python=[0, 9, 9, 0, 0] RK3 python=[0, 9, 9, 0, 0] deficits(shrink,envyFree,none)=[['neg', 'neg', '-2'], ['1', '1', '1'], ['1', '1', '1'], ['neg', 'neg', '-2'], ['neg', 'neg', '-2']] agree witness failures 0 time 0.0s
k4_certs_5_n4_4.json.gz:7702 nwork C=3 python=3 classes C=[9, 9, 0, 0, 0] python=[9, 9, 0, 0, 0] RK3 python=[9, 9, 0, 0, 0] deficits(shrink,envyFree,none)=[['1', '1', '1'], ['1', '1', '1'], ['neg', '-3', '-3'], ['neg', '-3', '-3'], ['neg', '-3', '-3']] agree witness failures 0 time 0.0s
k4_certs_5_n4_4.json.gz:7702 nwork C=5 python=5 classes C=[1, 1, 0, 0, 0] python=[1, 1, 0, 0, 0] RK3 python=[1, 1, 0, 0, 0] deficits(shrink,envyFree,none)=[['1', '1', '1'], ['1', '1', '1'], ['-2', '-2', '-2'], ['neg', '-2', '-2'], ['neg', '-2', '-2']] agree witness failures 0 time 0.0s
k4_certs_5_n4_4.json.gz:7702 nwork C=3 python=3 classes C=[9, 9, 0, 0, 0] python=[9, 9, 0, 0, 0] RK3 python=[9, 9, 0, 0, 0] deficits(shrink,envyFree,none)=[['1', '1', '1'], ['1', '1', '1'], ['neg', '-3', '-3'], ['neg', '-3', '-3'], ['neg', '-3', '-3']] agree witness failures 0 time 0.0s
k4_certs_5_pure.json.gz:2127 nwork C=5 python=5 classes C=[1, 1, 1, 1, 1] python=[1, 1, 1, 1, 1] RK3 python=[1, 1, 1, 1, 1] deficits(shrink,envyFree,none)=[['2', '2', '2'], ['2', '2', '2'], ['3', '3', '3'], ['2', '2', '2'], ['2', '2', '2']] agree witness failures 0 time 0.1s
k4_certs_5_pure.json.gz:2127 nwork C=5 python=5 classes C=[0, 1, 0, 1, 0] python=[0, 1, 0, 1, 0] RK3 python=[0, 1, 0, 1, 0] deficits(shrink,envyFree,none)=[['neg', '-3', '-3'], ['1', '1', '1'], ['neg', '-3', '-3'], ['1', '1', '1'], ['neg', '-3', '-3']] agree witness failures 0 time 0.0s
k4_certs_5_pure.json.gz:2127 nwork C=5 python=5 classes C=[1, 1, 1, 0, 1] python=[1, 1, 1, 0, 1] RK3 python=[1, 1, 1, 0, 1] deficits(shrink,envyFree,none)=[['2', '2', '2'], ['2', '2', '2'], ['3', '3', '3'], ['-1', '-1', '-1'], ['2', '2', '2']] agree witness failures 0 time 0.1s
k4_certs_5_pure.json.gz:2127 nwork C=5 python=5 classes C=[0, 0, 1, 0, 1] python=[0, 0, 1, 0, 1] RK3 python=[0, 0, 1, 0, 1] deficits(shrink,envyFree,none)=[['-2', '-2', '-1'], ['-1', '-1', '0'], ['3', '3', '3'], ['-1', '-1', '-1'], ['1', '1', '1']] agree witness failures 0 time 0.0s
k4_certs_5_pure.json.gz:2127 nwork C=5 python=5 classes C=[1, 1, 1, 1, 1] python=[1, 1, 1, 1, 1] RK3 python=[1, 1, 1, 1, 1] deficits(shrink,envyFree,none)=[['2', '2', '2'], ['2', '2', '2'], ['3', '3', '3'], ['2', '2', '2'], ['2', '2', '2']] agree witness failures 0 time 0.1s
k4_certs_5_pure.json.gz:2127 nwork C=5 python=5 classes C=[0, 0, 1, 1, 0] python=[0, 0, 1, 1, 0] RK3 python=[0, 0, 1, 1, 0] deficits(shrink,envyFree,none)=[['-1', '-1', '-1'], ['-2', '-2', '-1'], ['2', '2', '2'], ['1', '1', '1'], ['0', '0', '0']] agree witness failures 0 time 0.0s
k4_certs_5_pure.json.gz:4227 nwork C=4 python=4 classes C=[1, 1, 1, 9, 1] python=[1, 1, 1, 9, 1] RK3 python=[1, 1, 1, 9, 1] deficits(shrink,envyFree,none)=[['1', '1', '1'], ['3', '3', '3'], ['3', '3', '3'], ['2', '2', '2'], ['1', '1', '1']] agree witness failures 0 time 0.1s
k4_certs_5_pure.json.gz:4227 nwork C=5 python=5 classes C=[0, 0, 0, 1, 0] python=[0, 0, 0, 1, 0] RK3 python=[0, 0, 0, 1, 0] deficits(shrink,envyFree,none)=[['-2', '-2', '-2'], ['-2', '-2', '-2'], ['-3', '-3', '-2'], ['1', '1', '1'], ['-3', '-3', '-2']] agree witness failures 0 time 0.0s
k4_certs_5_pure.json.gz:4227 nwork C=5 python=5 classes C=[0, 1, 1, 0, 0] python=[0, 1, 1, 0, 0] RK3 python=[0, 1, 1, 0, 0] deficits(shrink,envyFree,none)=[['0', '0', '0'], ['3', '3', '3'], ['3', '3', '3'], ['0', '0', '0'], ['0', '0', '0']] agree witness failures 0 time 0.1s
k4_certs_5_pure.json.gz:4227 nwork C=5 python=5 classes C=[0, 1, 1, 1, 0] python=[0, 1, 1, 1, 0] RK3 python=[0, 1, 1, 1, 0] deficits(shrink,envyFree,none)=[['0', '0', '0'], ['2', '2', '2'], ['2', '2', '2'], ['1', '1', '1'], ['0', '0', '0']] agree witness failures 0 time 0.1s
k4_certs_5_pure.json.gz:4227 nwork C=5 python=5 classes C=[0, 1, 0, 1, 0] python=[0, 1, 0, 1, 0] RK3 python=[0, 1, 0, 1, 0] deficits(shrink,envyFree,none)=[['0', '0', '0'], ['2', '2', '2'], ['-2', '-2', '-1'], ['1', '1', '1'], ['0', '0', '0']] agree witness failures 0 time 0.0s
k4_certs_5_pure.json.gz:4227 nwork C=5 python=5 classes C=[1, 1, 1, 1, 1] python=[1, 1, 1, 1, 1] RK3 python=[1, 1, 1, 1, 1] deficits(shrink,envyFree,none)=[['1', '1', '1'], ['1', '1', '1'], ['1', '1', '1'], ['1', '1', '1'], ['1', '1', '1']] agree witness failures 0 time 0.1s
k4_certs_5_pure.json.gz:4467 nwork C=4 python=4 classes C=[1, 1, 1, 9, 1] python=[1, 1, 1, 9, 1] RK3 python=[1, 1, 1, 9, 1] deficits(shrink,envyFree,none)=[['2', '2', '2'], ['1', '1', '1'], ['1', '1', '1'], ['3', '3', '3'], ['1', '1', '1']] agree witness failures 0 time 0.2s
k4_certs_5_pure.json.gz:4467 nwork C=5 python=5 classes C=[0, 1, 1, 1, 0] python=[0, 1, 1, 1, 0] RK3 python=[0, 1, 1, 1, 0] deficits(shrink,envyFree,none)=[['-2', '-1', '-1'], ['1', '1', '1'], ['1', '1', '1'], ['1', '1', '1'], ['-2', '-1', '-1']] agree witness failures 0 time 0.1s
k4_certs_5_pure.json.gz:4467 nwork C=5 python=5 classes C=[0, 0, 0, 1, 1] python=[0, 0, 0, 1, 1] RK3 python=[0, 0, 0, 1, 1] deficits(shrink,envyFree,none)=[['2', '0', '0'], ['1', '-1', '-1'], ['1', '-1', '-1'], ['1', '1', '1'], ['1', '1', '1']] agree witness failures 0 time 0.1s
k4_certs_5_pure.json.gz:4467 nwork C=5 python=5 classes C=[0, 0, 0, 1, 0] python=[0, 0, 0, 1, 0] RK3 python=[0, 0, 0, 1, 0] deficits(shrink,envyFree,none)=[['-1', '0', '0'], ['-2', '-1', '-1'], ['-2', '-1', '-1'], ['2', '2', '2'], ['-1', '0', '0']] agree witness failures 0 time 0.1s
k4_certs_5_pure.json.gz:4467 nwork C=5 python=5 classes C=[0, 1, 0, 1, 0] python=[0, 1, 0, 1, 0] RK3 python=[0, 1, 0, 1, 0] deficits(shrink,envyFree,none)=[['-2', '-1', '-1'], ['1', '1', '1'], ['-2', '-1', '-1'], ['1', '1', '1'], ['-2', '-1', '-1']] agree witness failures 0 time 0.1s
k4_certs_5_pure.json.gz:4467 nwork C=5 python=5 classes C=[0, 1, 1, 1, 0] python=[0, 1, 1, 1, 0] RK3 python=[0, 1, 1, 1, 0] deficits(shrink,envyFree,none)=[['-2', '-1', '-1'], ['1', '1', '1'], ['1', '1', '1'], ['1', '1', '1'], ['-2', '-1', '-1']] agree witness failures 0 time 0.1s
k4_certs_5_pure.json.gz:3987 nwork C=4 python=4 classes C=[1, 9, 1, 1, 1] python=[1, 9, 1, 1, 1] RK3 python=[1, 9, 1, 1, 1] deficits(shrink,envyFree,none)=[['1', '1', '1'], ['3', '3', '3'], ['1', '1', '1'], ['1', '1', '1'], ['1', '1', '1']] agree witness failures 0 time 0.1s
k4_certs_5_pure.json.gz:3987 nwork C=5 python=5 classes C=[0, 1, 0, 0, 0] python=[0, 1, 0, 0, 0] RK3 python=[0, 1, 0, 0, 0] deficits(shrink,envyFree,none)=[['0', '0', '0'], ['2', '2', '2'], ['-2', '-1', '-1'], ['0', '0', '0'], ['0', '0', '0']] agree witness failures 0 time 0.0s
k4_certs_5_pure.json.gz:3987 nwork C=5 python=5 classes C=[0, 1, 0, 0, 0] python=[0, 1, 0, 0, 0] RK3 python=[0, 1, 0, 0, 0] deficits(shrink,envyFree,none)=[['0', '0', '0'], ['2', '2', '2'], ['-1', '-1', '-1'], ['0', '0', '0'], ['0', '0', '0']] agree witness failures 0 time 0.1s
k4_certs_5_pure.json.gz:3987 nwork C=5 python=5 classes C=[1, 0, 0, 0, 0] python=[1, 0, 0, 0, 0] RK3 python=[1, 0, 0, 0, 0] deficits(shrink,envyFree,none)=[['1', '1', '1'], ['-2', '-2', '-2'], ['-2', '-2', '-2'], ['-2', '-2', '-2'], ['-3', '-3', '-2']] agree witness failures 0 time 0.1s
k4_certs_5_pure.json.gz:3867 nwork C=5 python=5 classes C=[1, 1, 1, 1, 1] python=[1, 1, 1, 1, 1] RK3 python=[1, 1, 1, 1, 1] deficits(shrink,envyFree,none)=[['1', '1', '1'], ['2', '2', '2'], ['1', '1', '1'], ['1', '1', '1'], ['1', '1', '1']] agree witness failures 0 time 0.1s
k4_certs_5_pure.json.gz:3867 nwork C=5 python=5 classes C=[0, 1, 0, 1, 0] python=[0, 1, 0, 1, 0] RK3 python=[0, 1, 0, 1, 0] deficits(shrink,envyFree,none)=[['0', '0', '0'], ['2', '2', '2'], ['0', '0', '0'], ['2', '2', '2'], ['0', '0', '0']] agree witness failures 0 time 0.1s
k4_certs_5_pure.json.gz:3867 nwork C=5 python=5 classes C=[1, 1, 1, 1, 1] python=[1, 1, 1, 1, 1] RK3 python=[1, 1, 1, 1, 1] deficits(shrink,envyFree,none)=[['1', '1', '1'], ['2', '2', '2'], ['1', '1', '1'], ['1', '1', '1'], ['1', '1', '1']] agree witness failures 0 time 0.1s
k4_certs_5_pure.json.gz:3867 nwork C=5 python=5 classes C=[0, 1, 0, 1, 0] python=[0, 1, 0, 1, 0] RK3 python=[0, 1, 0, 1, 0] deficits(shrink,envyFree,none)=[['-2', '-2', '-1'], ['1', '1', '1'], ['-2', '-1', '-1'], ['1', '1', '1'], ['-2', '-2', '-1']] agree witness failures 0 time 0.1s
k4_certs_5_pure.json.gz:3867 nwork C=5 python=5 classes C=[1, 1, 1, 1, 1] python=[1, 1, 1, 1, 1] RK3 python=[1, 1, 1, 1, 1] deficits(shrink,envyFree,none)=[['1', '1', '1'], ['2', '2', '2'], ['1', '1', '1'], ['1', '1', '1'], ['1', '1', '1']] agree witness failures 0 time 0.1s
k4_certs_5_n4_4.json.gz:6562 nwork C=4 python=4 classes C=[1, 9, 0, 0, 0] python=[1, 9, 0, 0, 0] RK3 python=[1, 9, 0, 0, 0] deficits(shrink,envyFree,none)=[['1', '1', '1'], ['1', '1', '1'], ['-2', '-2', '-2'], ['-2', '-2', '-2'], ['-2', '-2', '-2']] agree witness failures 0 time 0.0s
k4_certs_5_n4_4.json.gz:6562 nwork C=4 python=4 classes C=[1, 9, 0, 0, 0] python=[1, 9, 0, 0, 0] RK3 python=[1, 9, 0, 0, 0] deficits(shrink,envyFree,none)=[['1', '1', '1'], ['1', '1', '1'], ['-1', '-1', '-2'], ['-2', '-2', '-2'], ['-2', '-2', '-2']] agree witness failures 0 time 0.0s
k4_certs_5_n4_4.json.gz:6562 nwork C=5 python=5 classes C=[1, 0, 0, 0, 0] python=[1, 0, 0, 0, 0] RK3 python=[1, 0, 0, 0, 0] deficits(shrink,envyFree,none)=[['1', '1', '1'], ['-2', '-2', '-2'], ['-2', '-2', '-2'], ['-2', '-2', '-2'], ['-2', '-2', '-2']] agree witness failures 0 time 0.0s
k4_certs_5_n4_4.json.gz:6562 nwork C=5 python=5 classes C=[1, 0, 0, 0, 0] python=[1, 0, 0, 0, 0] RK3 python=[1, 0, 0, 0, 0] deficits(shrink,envyFree,none)=[['1', '1', '1'], ['-1', '-1', '-1'], ['-2', '-2', '-2'], ['-2', '-2', '-2'], ['-2', '-2', '-2']] agree witness failures 0 time 0.0s
k4_certs_5_n4_3.json.gz:4701 nwork C=4 python=4 classes C=[9, 1, 0, 0, 0] python=[9, 1, 0, 0, 0] RK3 python=[9, 1, 0, 0, 0] deficits(shrink,envyFree,none)=[['1', '1', '1'], ['1', '1', '1'], ['neg', 'neg', '-3'], ['neg', 'neg', '-3'], ['neg', 'neg', '-3']] agree witness failures 0 time 0.0s
k4_certs_5_n4_3.json.gz:4701 nwork C=5 python=5 classes C=[0, 1, 0, 0, 0] python=[0, 1, 0, 0, 0] RK3 python=[0, 1, 0, 0, 0] deficits(shrink,envyFree,none)=[['neg', 'neg', 'neg'], ['1', '1', '1'], ['neg', 'neg', 'neg'], ['neg', 'neg', 'neg'], ['neg', 'neg', 'neg']] agree witness failures 0 time 0.0s
k4_certs_5_n4_3.json.gz:4701 nwork C=5 python=5 classes C=[1, 1, 0, 0, 0] python=[1, 1, 0, 0, 0] RK3 python=[1, 1, 0, 0, 0] deficits(shrink,envyFree,none)=[['1', '1', '1'], ['1', '1', '1'], ['neg', 'neg', '-3'], ['neg', 'neg', '-3'], ['neg', 'neg', '-3']] agree witness failures 0 time 0.0s
k4_certs_5_n4_3.json.gz:4701 nwork C=5 python=5 classes C=[1, 1, 0, 0, 0] python=[1, 1, 0, 0, 0] RK3 python=[1, 1, 0, 0, 0] deficits(shrink,envyFree,none)=[['1', '1', '1'], ['1', '1', '1'], ['neg', 'neg', '-3'], ['neg', 'neg', '-3'], ['neg', 'neg', '-3']] agree witness failures 0 time 0.0s
k4_certs_5_n4_3.json.gz:4382 nwork C=5 python=5 classes C=[0, 1, 0, 0, 0] python=[0, 1, 0, 0, 0] RK3 python=[0, 1, 0, 0, 0] deficits(shrink,envyFree,none)=[['-1', '-1', '-1'], ['1', '1', '1'], ['neg', 'neg', '-3'], ['neg', 'neg', '-3'], ['neg', 'neg', '-3']] agree witness failures 0 time 0.0s
k4_certs_5_n4_3.json.gz:4382 nwork C=5 python=5 classes C=[0, 1, 0, 0, 0] python=[0, 1, 0, 0, 0] RK3 python=[0, 1, 0, 0, 0] deficits(shrink,envyFree,none)=[['-1', '-1', '-1'], ['1', '1', '1'], ['neg', 'neg', '-3'], ['neg', 'neg', '-3'], ['neg', 'neg', '-3']] agree witness failures 0 time 0.0s
k4_certs_5_n4_3.json.gz:4382 nwork C=5 python=5 classes C=[0, 1, 0, 0, 0] python=[0, 1, 0, 0, 0] RK3 python=[0, 1, 0, 0, 0] deficits(shrink,envyFree,none)=[['-1', '-1', '-1'], ['1', '1', '1'], ['neg', 'neg', '-3'], ['neg', 'neg', '-3'], ['neg', 'neg', '-3']] agree witness failures 0 time 0.0s
k4_certs_5_pure.json.gz:4467 nwork C=4 python=4 classes C=[1, 1, 9, 1, 1] python=[1, 1, 9, 1, 1] RK3 python=[1, 1, 9, 1, 1] deficits(shrink,envyFree,none)=[['1', '1', '1'], ['1', '1', '1'], ['2', '2', '2'], ['1', '1', '1'], ['1', '1', '1']] agree witness failures 0 time 0.1s
k4_certs_5_pure.json.gz:4467 nwork C=5 python=5 classes C=[0, 0, 1, 0, 1] python=[0, 0, 1, 0, 1] RK3 python=[0, 0, 1, 0, 1] deficits(shrink,envyFree,none)=[['0', '-1', '0'], ['0', '-1', '0'], ['2', '1', '1'], ['0', '0', '1'], ['1', '1', '1']] agree witness failures 0 time 0.1s
k4_certs_5_pure.json.gz:4467 nwork C=5 python=5 classes C=[0, 1, 1, 0, 0] python=[0, 1, 1, 0, 0] RK3 python=[0, 1, 1, 0, 0] deficits(shrink,envyFree,none)=[['0', '0', '0'], ['1', '1', '1'], ['1', '1', '1'], ['-1', '-1', '-1'], ['-2', '-1', '0']] agree witness failures 0 time 0.1s
k4_certs_5_pure.json.gz:4467 nwork C=5 python=5 classes C=[0, 0, 1, 0, 1] python=[0, 0, 1, 0, 1] RK3 python=[0, 0, 1, 0, 1] deficits(shrink,envyFree,none)=[['-2', '-2', '-1'], ['-2', '-2', '-1'], ['1', '1', '1'], ['-2', '-2', '-1'], ['1', '1', '1']] agree witness failures 0 time 0.1s
k4_certs_5_pure.json.gz:4467 nwork C=5 python=5 classes C=[1, 1, 1, 1, 1] python=[1, 1, 1, 1, 1] RK3 python=[1, 1, 1, 1, 1] deficits(shrink,envyFree,none)=[['1', '1', '1'], ['1', '1', '1'], ['1', '1', '1'], ['1', '1', '1'], ['1', '1', '1']] agree witness failures 0 time 0.1s
k4_certs_5_pure.json.gz:2127 nwork C=4 python=4 classes C=[9, 1, 1, 1, 1] python=[9, 1, 1, 1, 1] RK3 python=[9, 1, 1, 1, 1] deficits(shrink,envyFree,none)=[['3', '3', '3'], ['1', '1', '1'], ['1', '1', '1'], ['1', '1', '1'], ['1', '1', '1']] agree witness failures 0 time 0.1s
k4_certs_5_pure.json.gz:2127 nwork C=5 python=5 classes C=[1, 1, 1, 0, 0] python=[1, 1, 1, 0, 0] RK3 python=[1, 1, 1, 0, 0] deficits(shrink,envyFree,none)=[['2', '2', '2'], ['1', '1', '1'], ['1', '1', '1'], ['neg', '-2', '-2'], ['neg', '-2', '-2']] agree witness failures 0 time 0.0s
k4_certs_5_pure.json.gz:2127 nwork C=5 python=5 classes C=[1, 1, 1, 0, 1] python=[1, 1, 1, 0, 1] RK3 python=[1, 1, 1, 0, 1] deficits(shrink,envyFree,none)=[['1', '1', '1'], ['1', '1', '1'], ['1', '1', '1'], ['neg', 'neg', '-1'], ['1', '1', '1']] agree witness failures 0 time 0.1s
k4_certs_5_pure.json.gz:2127 nwork C=5 python=5 classes C=[1, 0, 0, 0, 0] python=[1, 0, 0, 0, 0] RK3 python=[1, 0, 0, 0, 0] deficits(shrink,envyFree,none)=[['2', '2', '2'], ['-1', '-1', '-1'], ['-1', '-1', '-1'], ['neg', '-3', '-3'], ['-1', '-1', '-1']] agree witness failures 0 time 0.0s
k4_certs_5_pure.json.gz:2127 nwork C=5 python=5 classes C=[1, 0, 0, 1, 0] python=[1, 0, 0, 1, 0] RK3 python=[1, 0, 0, 1, 0] deficits(shrink,envyFree,none)=[['3', '3', '3'], ['0', '0', '0'], ['-1', '0', '0'], ['1', '1', '1'], ['-1', '0', '0']] agree witness failures 0 time 0.0s
k4_certs_5_pure.json.gz:2127 nwork C=5 python=5 classes C=[1, 0, 1, 0, 0] python=[1, 0, 1, 0, 0] RK3 python=[1, 0, 1, 0, 0] deficits(shrink,envyFree,none)=[['1', '1', '1'], ['1', '0', '0'], ['1', '1', '1'], ['neg', '-2', '-2'], ['0', '0', '0']] agree witness failures 0 time 0.0s
k4_certs_5_pure.json.gz:4467 nwork C=4 python=4 classes C=[1, 1, 1, 1, 9] python=[1, 1, 1, 1, 9] RK3 python=[1, 1, 1, 1, 9] deficits(shrink,envyFree,none)=[['1', '1', '1'], ['1', '1', '1'], ['1', '1', '1'], ['1', '1', '1'], ['2', '2', '2']] agree witness failures 0 time 0.1s
k4_certs_5_pure.json.gz:4467 nwork C=5 python=5 classes C=[0, 0, 1, 0, 1] python=[0, 0, 1, 0, 1] RK3 python=[0, 0, 1, 0, 1] deficits(shrink,envyFree,none)=[['-1', '-1', '1'], ['-1', '-1', '1'], ['1', '1', '1'], ['-1', '0', '1'], ['2', '2', '2']] agree witness failures 0 time 0.1s
k4_certs_5_pure.json.gz:4467 nwork C=5 python=5 classes C=[0, 0, 0, 0, 1] python=[0, 0, 0, 0, 1] RK3 python=[0, 0, 0, 0, 1] deficits(shrink,envyFree,none)=[['0', '0', '0'], ['-1', '-1', '-1'], ['0', '0', '0'], ['-2', '-2', '-1'], ['2', '2', '2']] agree witness failures 0 time 0.1s
k4_certs_5_pure.json.gz:4467 nwork C=5 python=5 classes C=[1, 1, 1, 1, 1] python=[1, 1, 1, 1, 1] RK3 python=[1, 1, 1, 1, 1] deficits(shrink,envyFree,none)=[['1', '1', '1'], ['1', '1', '1'], ['1', '1', '1'], ['1', '1', '1'], ['1', '1', '1']] agree witness failures 0 time 0.1s
k4_certs_5_pure.json.gz:4467 nwork C=5 python=5 classes C=[0, 0, 0, 0, 1] python=[0, 0, 0, 0, 1] RK3 python=[0, 0, 0, 0, 1] deficits(shrink,envyFree,none)=[['-1', '-1', '-1'], ['-1', '-1', '-1'], ['-1', '-1', '-1'], ['-1', '-1', '-1'], ['1', '1', '1']] agree witness failures 0 time 0.1s
k4_certs_5_pure.json.gz:4467 nwork C=5 python=5 classes C=[0, 0, 0, 0, 1] python=[0, 0, 0, 0, 1] RK3 python=[0, 0, 0, 0, 1] deficits(shrink,envyFree,none)=[['-1', '-1', '0'], ['-1', '-1', '0'], ['-1', '-1', '0'], ['-2', '-2', '-1'], ['1', '1', '1']] agree witness failures 0 time 0.1s
k4_certs_5_pure.json.gz:3687 nwork C=4 python=4 classes C=[9, 1, 1, 1, 1] python=[9, 1, 1, 1, 1] RK3 python=[9, 1, 1, 1, 1] deficits(shrink,envyFree,none)=[['2', '2', '2'], ['1', '1', '1'], ['1', '1', '1'], ['1', '1', '1'], ['1', '1', '1']] agree witness failures 0 time 0.1s
k4_certs_5_pure.json.gz:3687 nwork C=5 python=5 classes C=[1, 0, 1, 0, 0] python=[1, 0, 1, 0, 0] RK3 python=[1, 0, 1, 0, 0] deficits(shrink,envyFree,none)=[['1', '1', '1'], ['0', '0', '0'], ['1', '1', '1'], ['-2', '-1', '-1'], ['-3', '-3', '-2']] agree witness failures 0 time 0.0s
k4_certs_5_pure.json.gz:3687 nwork C=5 python=5 classes C=[1, 1, 0, 1, 1] python=[1, 1, 0, 1, 1] RK3 python=[1, 1, 0, 1, 1] deficits(shrink,envyFree,none)=[['1', '1', '1'], ['1', '1', '1'], ['-2', '-2', '-2'], ['1', '1', '1'], ['1', '1', '1']] agree witness failures 0 time 0.1s
k4_certs_5_pure.json.gz:3687 nwork C=5 python=5 classes C=[1, 1, 1, 0, 0] python=[1, 1, 1, 0, 0] RK3 python=[1, 1, 1, 0, 0] deficits(shrink,envyFree,none)=[['1', '1', '1'], ['1', '1', '1'], ['1', '1', '1'], ['-2', '-1', '-1'], ['-3', '-3', '-2']] agree witness failures 0 time 0.1s
k4_certs_5_pure.json.gz:3687 nwork C=5 python=5 classes C=[1, 1, 0, 0, 0] python=[1, 1, 0, 0, 0] RK3 python=[1, 1, 0, 0, 0] deficits(shrink,envyFree,none)=[['1', '1', '1'], ['1', '1', '1'], ['-2', '-2', '-2'], ['-2', '-2', '-2'], ['-2', '-2', '-2']] agree witness failures 0 time 0.1s
k4_certs_5_pure.json.gz:3027 nwork C=4 python=4 classes C=[1, 1, 1, 1, 9] python=[1, 1, 1, 1, 9] RK3 python=[1, 0, 1, 1, 9] deficits(shrink,envyFree,none)=[['1', '1', '1'], ['1', '1', '0'], ['1', '1', '1'], ['1', '1', '1'], ['1', '1', '1']] agree witness failures 0 time 0.0s
k4_certs_5_pure.json.gz:4227 nwork C=4 python=4 classes C=[1, 1, 1, 9, 1] python=[1, 1, 1, 9, 1] RK3 python=[1, 1, 1, 9, 1] deficits(shrink,envyFree,none)=[['1', '1', '1'], ['1', '1', '1'], ['1', '1', '1'], ['2', '2', '2'], ['1', '1', '1']] agree witness failures 0 time 0.1s
k4_certs_5_pure.json.gz:4227 nwork C=5 python=5 classes C=[0, 0, 0, 1, 0] python=[0, 0, 0, 1, 0] RK3 python=[0, 0, 0, 1, 0] deficits(shrink,envyFree,none)=[['0', '0', '0'], ['0', '0', '0'], ['-1', '-1', '-1'], ['1', '1', '1'], ['0', '0', '0']] agree witness failures 0 time 0.0s
k4_certs_5_pure.json.gz:4227 nwork C=5 python=5 classes C=[0, 0, 0, 1, 0] python=[0, 0, 0, 1, 0] RK3 python=[0, 0, 0, 1, 0] deficits(shrink,envyFree,none)=[['-1', '-1', '-1'], ['-1', '-1', '-1'], ['-1', '-1', '-1'], ['2', '2', '2'], ['-2', '-2', '-1']] agree witness failures 0 time 0.1s
k4_certs_5_pure.json.gz:4227 nwork C=5 python=5 classes C=[0, 0, 0, 1, 0] python=[0, 0, 0, 1, 0] RK3 python=[0, 0, 0, 1, 0] deficits(shrink,envyFree,none)=[['-2', '-2', '-2'], ['-2', '-2', '-2'], ['-2', '-2', '-2'], ['1', '1', '1'], ['-3', '-3', '-2']] agree witness failures 0 time 0.0s
k4_certs_5_pure.json.gz:3987 nwork C=4 python=4 classes C=[1, 9, 1, 1, 1] python=[1, 9, 1, 1, 1] RK3 python=[1, 9, 1, 1, 1] deficits(shrink,envyFree,none)=[['1', '1', '1'], ['3', '3', '3'], ['1', '1', '1'], ['1', '1', '1'], ['1', '1', '1']] agree witness failures 0 time 0.1s
k4_certs_5_pure.json.gz:3987 nwork C=5 python=5 classes C=[0, 0, 1, 0, 0] python=[0, 0, 1, 0, 0] RK3 python=[0, 0, 1, 0, 0] deficits(shrink,envyFree,none)=[['-1', '1', '1'], ['0', '2', '2'], ['1', '1', '1'], ['-1', '1', '1'], ['-1', '1', '1']] agree witness failures 0 time 0.1s
k4_certs_5_pure.json.gz:3987 nwork C=5 python=5 classes C=[1, 1, 1, 1, 0] python=[1, 1, 1, 1, 0] RK3 python=[1, 1, 1, 1, 0] deficits(shrink,envyFree,none)=[['1', '1', '1'], ['3', '3', '3'], ['1', '1', '1'], ['1', '1', '1'], ['-1', '-1', '-1']] agree witness failures 0 time 0.1s
k4_certs_5_pure.json.gz:4227 nwork C=4 python=4 classes C=[1, 1, 1, 9, 0] python=[1, 1, 1, 9, 0] RK3 python=[1, 1, 1, 9, 0] deficits(shrink,envyFree,none)=[['1', '1', '1'], ['2', '2', '2'], ['1', '1', '1'], ['2', '2', '2'], ['0', '1', '1']] agree witness failures 0 time 0.1s
k4_certs_5_pure.json.gz:4227 nwork C=5 python=5 classes C=[0, 1, 1, 1, 0] python=[0, 1, 1, 1, 0] RK3 python=[0, 1, 1, 1, 0] deficits(shrink,envyFree,none)=[['0', '0', '0'], ['1', '1', '1'], ['1', '1', '1'], ['2', '2', '2'], ['-1', '0', '0']] agree witness failures 0 time 0.1s
k4_certs_5_pure.json.gz:4227 nwork C=5 python=5 classes C=[0, 1, 0, 0, 0] python=[0, 1, 0, 0, 0] RK3 python=[0, 1, 0, 0, 0] deficits(shrink,envyFree,none)=[['0', '0', '0'], ['1', '1', '1'], ['0', '0', '0'], ['1', '0', '0'], ['0', '0', '0']] agree witness failures 0 time 0.0s
k4_certs_5_pure.json.gz:4227 nwork C=4 python=4 classes C=[1, 1, 1, 9, 0] python=[1, 1, 1, 9, 0] RK3 python=[1, 1, 1, 9, 0] deficits(shrink,envyFree,none)=[['1', '1', '1'], ['2', '2', '2'], ['1', '1', '1'], ['2', '2', '2'], ['-1', '-1', '0']] agree witness failures 0 time 0.1s
k4_certs_5_n4_3.json.gz:8738 nwork C=4 python=4 classes C=[1, 0, 1, 9, 1] python=[1, 0, 1, 9, 1] RK3 python=[1, 0, 1, 9, 1] deficits(shrink,envyFree,none)=[['1', '1', '1'], ['0', '0', '0'], ['1', '1', '1'], ['1', '1', '1'], ['1', '1', '1']] agree witness failures 0 time 0.0s
k4_certs_5_n4_3.json.gz:8738 nwork C=5 python=5 classes C=[1, 0, 1, 0, 0] python=[1, 0, 1, 0, 0] RK3 python=[1, 0, 1, 0, 0] deficits(shrink,envyFree,none)=[['2', '2', '2'], ['0', '0', '0'], ['1', '1', '1'], ['-1', '-1', '-1'], ['neg', '-3', '-3']] agree witness failures 0 time 0.0s
k4_certs_5_pure.json.gz:3207 nwork C=4 python=4 classes C=[1, 0, 9, 1, 1] python=[1, 0, 9, 1, 1] RK3 python=[1, 0, 9, 1, 1] deficits(shrink,envyFree,none)=[['1', '1', '1'], ['-3', '-3', '-3'], ['1', '1', '1'], ['1', '1', '1'], ['1', '1', '1']] agree witness failures 0 time 0.0s
k4_certs_5_pure.json.gz:3207 nwork C=5 python=5 classes C=[1, 0, 1, 0, 1] python=[1, 0, 1, 0, 1] RK3 python=[1, 0, 1, 0, 1] deficits(shrink,envyFree,none)=[['1', '1', '1'], ['-2', '-2', '-2'], ['1', '1', '1'], ['-1', '0', '0'], ['1', '1', '1']] agree witness failures 0 time 0.0s
k4_certs_5_n4_4.json.gz:5362 nwork C=4 python=4 classes C=[0, 9, 1, 1, 1] python=[0, 9, 1, 1, 1] RK3 python=[0, 9, 1, 1, 1] deficits(shrink,envyFree,none)=[['neg', 'neg', '-3'], ['1', '1', '1'], ['1', '1', '1'], ['1', '1', '1'], ['1', '1', '1']] agree witness failures 0 time 0.0s
k4_certs_5_n4_4.json.gz:5362 nwork C=5 python=5 classes C=[0, 1, 1, 1, 0] python=[0, 1, 1, 1, 0] RK3 python=[0, 1, 1, 1, 0] deficits(shrink,envyFree,none)=[['neg', '-2', '-2'], ['1', '1', '1'], ['1', '1', '1'], ['1', '1', '1'], ['-1', '-1', '-1']] agree witness failures 0 time 0.0s
k4_certs_5_n4_3.json.gz:8138 nwork C=5 python=5 classes C=[0, 1, 1, 0, 1] python=[0, 1, 1, 0, 1] RK3 python=[0, 1, 0, 0, 1] deficits(shrink,envyFree,none)=[['-1', '-1', '-1'], ['1', '1', '1'], ['1', '1', '0'], ['-1', '-1', '-1'], ['1', '1', '1']] agree witness failures 0 time 0.0s
k4_certs_5_n4_3.json.gz:8138 nwork C=5 python=5 classes C=[0, 1, 1, 0, 0] python=[0, 1, 1, 0, 0] RK3 python=[0, 1, 1, 0, 0] deficits(shrink,envyFree,none)=[['-1', '-1', '-1'], ['1', '1', '1'], ['1', '1', '1'], ['-1', '-1', '-1'], ['0', '0', '0']] agree witness failures 0 time 0.0s
k4_certs_5_n4_3.json.gz:8138 nwork C=5 python=5 classes C=[0, 0, 0, 0, 1] python=[0, 0, 0, 0, 1] RK3 python=[0, 0, 0, 0, 1] deficits(shrink,envyFree,none)=[['-2', '-2', '-3'], ['-1', '-1', '-2'], ['-1', '-1', '-2'], ['-2', '-2', '-3'], ['1', '1', '1']] agree witness failures 0 time 0.0s
k4_certs_5_n4_4.json.gz:3082 nwork C=4 python=4 classes C=[1, 9, 0, 0, 0] python=[1, 9, 0, 0, 0] RK3 python=[1, 9, 0, 0, 0] deficits(shrink,envyFree,none)=[['1', '1', '1'], ['1', '1', '1'], ['neg', 'neg', '-2'], ['-1', '-1', '-2'], ['neg', 'neg', '-2']] agree witness failures 0 time 0.0s
k4_certs_5_n4_4.json.gz:3082 nwork C=4 python=4 classes C=[1, 9, 0, 0, 0] python=[1, 9, 0, 0, 0] RK3 python=[1, 9, 0, 0, 0] deficits(shrink,envyFree,none)=[['1', '1', '1'], ['1', '1', '1'], ['neg', 'neg', '-2'], ['neg', 'neg', '-2'], ['neg', 'neg', '-2']] agree witness failures 0 time 0.0s
k4_certs_5_n4_4.json.gz:3082 nwork C=5 python=5 classes C=[1, 0, 0, 0, 0] python=[1, 0, 0, 0, 0] RK3 python=[1, 0, 0, 0, 0] deficits(shrink,envyFree,none)=[['1', '1', '1'], ['neg', 'neg', '-3'], ['-2', '-2', '-2'], ['-2', '-2', '-2'], ['neg', 'neg', '-3']] agree witness failures 0 time 0.0s
k4_certs_5_n4_4.json.gz:3082 nwork C=4 python=4 classes C=[1, 9, 0, 0, 0] python=[1, 9, 0, 0, 0] RK3 python=[1, 9, 0, 0, 0] deficits(shrink,envyFree,none)=[['1', '1', '1'], ['1', '1', '1'], ['neg', '-2', '-2'], ['-1', '-2', '-2'], ['neg', '-2', '-2']] agree witness failures 0 time 0.0s
k4_certs_5_n4_4.json.gz:3082 nwork C=4 python=4 classes C=[1, 9, 0, 0, 0] python=[1, 9, 0, 0, 0] RK3 python=[1, 9, 0, 0, 0] deficits(shrink,envyFree,none)=[['1', '1', '1'], ['1', '1', '1'], ['neg', '-2', '-2'], ['neg', '-2', '-2'], ['neg', '-2', '-2']] agree witness failures 0 time 0.0s
k4_certs_5_n4_4.json.gz:3082 nwork C=5 python=5 classes C=[1, 0, 0, 0, 0] python=[1, 0, 0, 0, 0] RK3 python=[1, 0, 0, 0, 0] deficits(shrink,envyFree,none)=[['1', '1', '1'], ['0', '0', '0'], ['neg', 'neg', '-3'], ['neg', 'neg', '-3'], ['neg', 'neg', '-3']] agree witness failures 0 time 0.0s
k4_certs_5_n4_4.json.gz:3082 nwork C=4 python=4 classes C=[1, 9, 0, 0, 0] python=[1, 9, 0, 0, 0] RK3 python=[1, 9, 0, 0, 0] deficits(shrink,envyFree,none)=[['1', '1', '1'], ['1', '1', '1'], ['neg', '-2', '-2'], ['-1', '-2', '-2'], ['neg', '-2', '-2']] agree witness failures 0 time 0.0s
k4_certs_5_n4_4.json.gz:3082 nwork C=4 python=4 classes C=[1, 9, 0, 0, 0] python=[1, 9, 0, 0, 0] RK3 python=[1, 9, 0, 0, 0] deficits(shrink,envyFree,none)=[['1', '1', '1'], ['1', '1', '1'], ['neg', '-2', '-2'], ['-1', '-2', '-2'], ['neg', '-2', '-2']] agree witness failures 0 time 0.0s
k4_certs_5_n4_4.json.gz:4942 nwork C=5 python=5 classes C=[0, 0, 1, 0, 1] python=[0, 0, 1, 0, 1] RK3 python=[0, 0, 1, 0, 1] deficits(shrink,envyFree,none)=[['-1', '-2', '-2'], ['neg', 'neg', '-3'], ['1', '1', '1'], ['neg', 'neg', '-3'], ['2', '2', '2']] agree witness failures 0 time 0.0s
k4_certs_5_n4_4.json.gz:4942 nwork C=5 python=5 classes C=[0, 0, 0, 0, 1] python=[0, 0, 0, 0, 1] RK3 python=[0, 0, 0, 0, 1] deficits(shrink,envyFree,none)=[['-1', '-1', '-1'], ['neg', 'neg', '-2'], ['0', '0', '0'], ['neg', 'neg', '-2'], ['2', '2', '2']] agree witness failures 0 time 0.0s
k4_certs_5_pure.json.gz:3387 nwork C=5 python=5 classes C=[1, 1, 1, 1, 1] python=[1, 1, 1, 1, 1] RK3 python=[1, 1, 1, 1, 1] deficits(shrink,envyFree,none)=[['3', '3', '3'], ['3', '3', '3'], ['3', '3', '3'], ['3', '3', '3'], ['3', '3', '3']] agree witness failures 0 time 0.1s
k4_certs_5_pure.json.gz:3387 nwork C=5 python=5 classes C=[0, 1, 0, 0, 0] python=[0, 1, 0, 0, 0] RK3 python=[0, 1, 0, 0, 0] deficits(shrink,envyFree,none)=[['0', '1', '1'], ['3', '3', '3'], ['-2', '-2', '-2'], ['-2', '-2', '-2'], ['-1', '-2', '-1']] agree witness failures 0 time 0.1s
k4_certs_5_pure.json.gz:3687 nwork C=5 python=5 classes C=[1, 1, 1, 1, 1] python=[1, 1, 1, 1, 1] RK3 python=[1, 1, 1, 1, 1] deficits(shrink,envyFree,none)=[['3', '3', '3'], ['3', '3', '3'], ['3', '3', '3'], ['3', '3', '3'], ['3', '3', '3']] agree witness failures 0 time 0.1s
k4_certs_5_pure.json.gz:3687 nwork C=5 python=5 classes C=[1, 1, 0, 0, 0] python=[1, 1, 0, 0, 0] RK3 python=[1, 1, 0, 0, 0] deficits(shrink,envyFree,none)=[['1', '1', '1'], ['1', '1', '1'], ['-1', '0', '0'], ['-1', '0', '0'], ['-1', '-1', '-1']] agree witness failures 0 time 0.1s
k4_certs_5_pure.json.gz:3687 nwork C=5 python=5 classes C=[1, 1, 1, 1, 0] python=[1, 1, 1, 1, 0] RK3 python=[1, 1, 1, 1, 0] deficits(shrink,envyFree,none)=[['1', '1', '1'], ['1', '1', '1'], ['1', '1', '1'], ['1', '1', '1'], ['0', '0', '0']] agree witness failures 0 time 0.1s
k4_certs_5_pure.json.gz:3747 nwork C=5 python=5 classes C=[1, 1, 1, 1, 1] python=[1, 1, 1, 1, 1] RK3 python=[1, 1, 1, 1, 1] deficits(shrink,envyFree,none)=[['3', '3', '3'], ['3', '3', '3'], ['3', '3', '3'], ['3', '3', '3'], ['3', '3', '3']] agree witness failures 0 time 0.1s
k4_certs_5_pure.json.gz:3747 nwork C=5 python=5 classes C=[0, 1, 1, 0, 0] python=[0, 1, 1, 0, 0] RK3 python=[0, 1, 1, 0, 0] deficits(shrink,envyFree,none)=[['-2', '-1', '-1'], ['3', '3', '3'], ['3', '3', '3'], ['-1', '-1', '-1'], ['-2', '0', '0']] agree witness failures 0 time 0.0s
k4_certs_5_pure.json.gz:3747 nwork C=5 python=5 classes C=[1, 1, 1, 0, 1] python=[1, 1, 1, 0, 1] RK3 python=[1, 1, 1, 0, 1] deficits(shrink,envyFree,none)=[['1', '1', '1'], ['3', '3', '3'], ['3', '3', '3'], ['-1', '-1', '-1'], ['1', '1', '1']] agree witness failures 0 time 0.1s
k4_certs_5_pure.json.gz:3747 nwork C=5 python=5 classes C=[1, 0, 1, 0, 1] python=[1, 0, 1, 0, 1] RK3 python=[1, 0, 1, 0, 1] deficits(shrink,envyFree,none)=[['3', '3', '3'], ['0', '0', '0'], ['2', '2', '2'], ['0', '0', '0'], ['3', '3', '3']] agree witness failures 0 time 0.1s
k4_certs_5_pure.json.gz:3747 nwork C=5 python=5 classes C=[1, 1, 0, 1, 0] python=[1, 1, 0, 1, 0] RK3 python=[1, 1, 0, 1, 0] deficits(shrink,envyFree,none)=[['1', '1', '1'], ['1', '1', '1'], ['-3', '-3', '-3'], ['1', '1', '1'], ['-3', '-2', '-2']] agree witness failures 0 time 0.1s
k4_certs_5_pure.json.gz:3747 nwork C=5 python=5 classes C=[0, 0, 1, 0, 1] python=[0, 0, 1, 0, 1] RK3 python=[0, 0, 1, 0, 1] deficits(shrink,envyFree,none)=[['-1', '-1', '-1'], ['-1', '-1', '-1'], ['2', '2', '2'], ['-1', '-1', '-1'], ['3', '3', '3']] agree witness failures 0 time 0.1s
k4_certs_5_pure.json.gz:1167 nwork C=5 python=5 classes C=[1, 1, 1, 1, 1] python=[1, 1, 1, 1, 1] RK3 python=[1, 1, 1, 1, 1] deficits(shrink,envyFree,none)=[['3', '3', '3'], ['3', '3', '3'], ['3', '3', '3'], ['2', '2', '2'], ['2', '2', '2']] agree witness failures 0 time 0.1s
k4_certs_5_pure.json.gz:1167 nwork C=5 python=5 classes C=[1, 1, 0, 1, 1] python=[1, 1, 0, 1, 1] RK3 python=[1, 1, 0, 1, 1] deficits(shrink,envyFree,none)=[['3', '3', '3'], ['3', '3', '3'], ['-1', '-1', '-1'], ['2', '2', '2'], ['2', '2', '2']] agree witness failures 0 time 0.0s
k4_certs_5_pure.json.gz:1167 nwork C=5 python=5 classes C=[0, 0, 0, 0, 1] python=[0, 0, 0, 0, 1] RK3 python=[0, 0, 0, 0, 1] deficits(shrink,envyFree,none)=[['0', '0', '0'], ['0', '0', '0'], ['neg', '-1', '-1'], ['0', '0', '0'], ['2', '2', '2']] agree witness failures 0 time 0.0s
k4_certs_5_pure.json.gz:2307 nwork C=5 python=5 classes C=[1, 1, 1, 1, 1] python=[1, 1, 1, 1, 1] RK3 python=[1, 1, 1, 1, 1] deficits(shrink,envyFree,none)=[['2', '2', '2'], ['3', '3', '3'], ['3', '3', '3'], ['3', '3', '3'], ['2', '2', '2']] agree witness failures 0 time 0.1s
k4_certs_5_pure.json.gz:2307 nwork C=5 python=5 classes C=[0, 1, 0, 1, 0] python=[0, 1, 0, 1, 0] RK3 python=[0, 1, 0, 1, 0] deficits(shrink,envyFree,none)=[['-2', '-2', '-2'], ['1', '1', '1'], ['-2', '-2', '-2'], ['1', '1', '1'], ['neg', '-1', '-1']] agree witness failures 0 time 0.0s
k4_certs_5_pure.json.gz:2307 nwork C=5 python=5 classes C=[0, 1, 0, 1, 0] python=[0, 1, 0, 1, 0] RK3 python=[0, 1, 0, 1, 0] deficits(shrink,envyFree,none)=[['-2', '-2', '-2'], ['1', '1', '1'], ['-2', '-2', '-2'], ['1', '1', '1'], ['neg', '-1', '-1']] agree witness failures 0 time 0.0s
k4_certs_5_pure.json.gz:2307 nwork C=5 python=5 classes C=[1, 1, 0, 0, 0] python=[1, 1, 0, 0, 0] RK3 python=[1, 1, 0, 0, 0] deficits(shrink,envyFree,none)=[['2', '2', '2'], ['2', '2', '2'], ['0', '0', '0'], ['0', '1', '1'], ['0', '-1', '-1']] agree witness failures 0 time 0.1s
k4_certs_5_pure.json.gz:2307 nwork C=5 python=5 classes C=[1, 1, 0, 1, 0] python=[1, 1, 0, 1, 0] RK3 python=[1, 1, 0, 1, 0] deficits(shrink,envyFree,none)=[['2', '2', '2'], ['3', '3', '3'], ['-1', '-1', '0'], ['1', '1', '1'], ['neg', '0', '-1']] agree witness failures 0 time 0.0s
k4_certs_5_n4_3.json.gz:4658 nwork C=5 python=5 classes C=[1, 1, 1, 1, 1] python=[1, 1, 1, 1, 1] RK3 python=[1, 1, 1, 1, 1] deficits(shrink,envyFree,none)=[['2', '2', '2'], ['2', '2', '2'], ['2', '2', '2'], ['2', '2', '2'], ['2', '2', '2']] agree witness failures 0 time 0.0s
k4_certs_5_n4_3.json.gz:4658 nwork C=5 python=5 classes C=[1, 1, 1, 1, 1] python=[1, 1, 1, 1, 1] RK3 python=[1, 1, 1, 1, 1] deficits(shrink,envyFree,none)=[['1', '1', '1'], ['2', '2', '2'], ['1', '1', '1'], ['1', '1', '1'], ['1', '1', '1']] agree witness failures 0 time 0.0s
k4_certs_5_n4_3.json.gz:4658 nwork C=5 python=5 classes C=[1, 1, 1, 1, 1] python=[1, 1, 1, 1, 1] RK3 python=[1, 1, 1, 1, 1] deficits(shrink,envyFree,none)=[['2', '2', '2'], ['2', '2', '2'], ['2', '2', '2'], ['2', '2', '2'], ['2', '2', '2']] agree witness failures 0 time 0.0s
k4_certs_5_n4_3.json.gz:5618 nwork C=5 python=5 classes C=[1, 1, 1, 1, 1] python=[1, 1, 1, 1, 1] RK3 python=[1, 1, 1, 1, 1] deficits(shrink,envyFree,none)=[['2', '2', '2'], ['2', '2', '2'], ['2', '2', '2'], ['2', '2', '2'], ['2', '2', '2']] agree witness failures 0 time 0.0s
k4_certs_5_n4_3.json.gz:5618 nwork C=5 python=5 classes C=[0, 0, 1, 0, 1] python=[0, 0, 1, 0, 1] RK3 python=[0, 0, 1, 0, 1] deficits(shrink,envyFree,none)=[['-1', '0', '0'], ['-1', '0', '0'], ['1', '1', '1'], ['0', '0', '0'], ['2', '2', '2']] agree witness failures 0 time 0.0s
k4_certs_5_n4_3.json.gz:5618 nwork C=5 python=5 classes C=[0, 0, 1, 1, 0] python=[0, 0, 1, 1, 0] RK3 python=[0, 0, 1, 1, 0] deficits(shrink,envyFree,none)=[['0', '0', '0'], ['0', '0', '0'], ['1', '1', '1'], ['1', '1', '1'], ['0', '0', '0']] agree witness failures 0 time 0.0s
k4_certs_5_n4_3.json.gz:5618 nwork C=5 python=5 classes C=[0, 0, 1, 0, 1] python=[0, 0, 1, 0, 1] RK3 python=[0, 0, 1, 0, 1] deficits(shrink,envyFree,none)=[['-1', '0', '0'], ['-1', '0', '0'], ['1', '1', '1'], ['0', '0', '0'], ['2', '2', '2']] agree witness failures 0 time 0.0s
k4_certs_5_n4_3.json.gz:5618 nwork C=5 python=5 classes C=[1, 0, 1, 1, 0] python=[1, 0, 1, 1, 0] RK3 python=[1, 0, 1, 1, 0] deficits(shrink,envyFree,none)=[['2', '2', '2'], ['neg', '-3', '-3'], ['2', '2', '2'], ['2', '2', '2'], ['neg', '-3', '-3']] agree witness failures 0 time 0.0s
k4_certs_5_n4_3.json.gz:7358 nwork C=5 python=5 classes C=[1, 1, 1, 1, 1] python=[1, 1, 1, 1, 1] RK3 python=[1, 1, 1, 1, 1] deficits(shrink,envyFree,none)=[['2', '2', '2'], ['2', '2', '2'], ['2', '2', '2'], ['2', '2', '2'], ['2', '2', '2']] agree witness failures 0 time 0.0s
k4_certs_5_n4_3.json.gz:7358 nwork C=5 python=5 classes C=[1, 1, 1, 1, 1] python=[1, 1, 1, 1, 1] RK3 python=[1, 1, 1, 1, 1] deficits(shrink,envyFree,none)=[['2', '2', '2'], ['2', '2', '2'], ['2', '2', '2'], ['2', '2', '2'], ['2', '2', '2']] agree witness failures 0 time 0.0s
k4_certs_5_n4_3.json.gz:7358 nwork C=5 python=5 classes C=[1, 0, 0, 0, 0] python=[1, 0, 0, 0, 0] RK3 python=[1, 0, 0, 0, 0] deficits(shrink,envyFree,none)=[['2', '2', '2'], ['0', '0', '0'], ['neg', '-3', '-3'], ['neg', '-3', '-3'], ['neg', '-3', '-3']] agree witness failures 0 time 0.0s
k4_certs_5_n4_3.json.gz:7358 nwork C=5 python=5 classes C=[1, 1, 1, 1, 1] python=[1, 1, 1, 1, 1] RK3 python=[1, 1, 1, 1, 1] deficits(shrink,envyFree,none)=[['2', '2', '2'], ['2', '2', '2'], ['2', '2', '2'], ['2', '2', '2'], ['2', '2', '2']] agree witness failures 0 time 0.0s
k4_certs_5_n4_3.json.gz:7358 nwork C=5 python=5 classes C=[1, 1, 0, 0, 0] python=[1, 1, 0, 0, 0] RK3 python=[1, 1, 0, 0, 0] deficits(shrink,envyFree,none)=[['2', '2', '2'], ['2', '2', '2'], ['neg', '-3', '-3'], ['neg', '-3', '-3'], ['neg', '-3', '-3']] agree witness failures 0 time 0.0s
k4_certs_5_n4_3.json.gz:9458 nwork C=5 python=5 classes C=[1, 1, 1, 1, 1] python=[1, 1, 1, 1, 1] RK3 python=[1, 1, 1, 1, 1] deficits(shrink,envyFree,none)=[['2', '2', '2'], ['2', '2', '2'], ['2', '2', '2'], ['2', '2', '2'], ['2', '2', '2']] agree witness failures 0 time 0.0s
k4_certs_5_n4_3.json.gz:9458 nwork C=5 python=5 classes C=[1, 0, 1, 0, 0] python=[1, 0, 1, 0, 0] RK3 python=[1, 0, 1, 0, 0] deficits(shrink,envyFree,none)=[['1', '1', '1'], ['-2', '-2', '-2'], ['1', '1', '1'], ['-2', '-2', '-2'], ['-2', '-2', '-2']] agree witness failures 0 time 0.0s
k4_certs_5_n4_3.json.gz:9458 nwork C=5 python=5 classes C=[0, 1, 0, 1, 1] python=[0, 1, 0, 1, 1] RK3 python=[0, 1, 0, 1, 1] deficits(shrink,envyFree,none)=[['-1', '-1', '-1'], ['2', '2', '2'], ['-2', '-1', '-1'], ['2', '2', '2'], ['2', '2', '2']] agree witness failures 0 time 0.0s
k4_certs_5_n4_3.json.gz:9458 nwork C=5 python=5 classes C=[1, 1, 1, 0, 0] python=[1, 1, 1, 0, 0] RK3 python=[1, 1, 1, 0, 0] deficits(shrink,envyFree,none)=[['2', '2', '2'], ['1', '1', '1'], ['2', '2', '2'], ['-3', '-3', '-3'], ['-3', '-3', '-3']] agree witness failures 0 time 0.0s
k4_certs_5_n4_4.json.gz:3262 nwork C=5 python=5 classes C=[1, 1, 1, 1, 1] python=[1, 1, 1, 1, 1] RK3 python=[1, 1, 1, 1, 1] deficits(shrink,envyFree,none)=[['2', '2', '2'], ['2', '2', '2'], ['2', '2', '2'], ['2', '2', '2'], ['2', '2', '2']] agree witness failures 0 time 0.0s
k4_certs_5_n4_4.json.gz:3262 nwork C=5 python=5 classes C=[1, 0, 1, 1, 0] python=[1, 0, 1, 1, 0] RK3 python=[1, 0, 1, 1, 0] deficits(shrink,envyFree,none)=[['1', '1', '1'], ['-1', '0', '0'], ['2', '2', '2'], ['1', '1', '1'], ['-1', '0', '0']] agree witness failures 0 time 0.0s
k4_certs_5_n4_4.json.gz:3262 nwork C=5 python=5 classes C=[1, 1, 1, 0, 1] python=[1, 1, 1, 0, 1] RK3 python=[1, 1, 1, 0, 1] deficits(shrink,envyFree,none)=[['1', '1', '1'], ['1', '1', '1'], ['1', '1', '1'], ['neg', '-1', '-1'], ['1', '1', '1']] agree witness failures 0 time 0.0s
k4_certs_5_n4_4.json.gz:3262 nwork C=5 python=5 classes C=[1, 0, 1, 1, 0] python=[1, 0, 1, 1, 0] RK3 python=[1, 0, 1, 1, 0] deficits(shrink,envyFree,none)=[['1', '1', '1'], ['neg', '-1', '-1'], ['1', '1', '1'], ['1', '1', '1'], ['neg', '-2', '-1']] agree witness failures 0 time 0.0s
k4_certs_5_n4_4.json.gz:3262 nwork C=5 python=5 classes C=[1, 1, 0, 1, 1] python=[1, 1, 0, 1, 1] RK3 python=[1, 1, 0, 1, 1] deficits(shrink,envyFree,none)=[['2', '2', '2'], ['1', '1', '1'], ['neg', '-3', '-2'], ['2', '2', '2'], ['1', '1', '1']] agree witness failures 0 time 0.0s
k4_certs_5_n4_4.json.gz:3142 nwork C=5 python=5 classes C=[1, 1, 1, 1, 1] python=[1, 1, 1, 1, 1] RK3 python=[1, 1, 1, 1, 1] deficits(shrink,envyFree,none)=[['2', '2', '2'], ['2', '2', '2'], ['2', '2', '2'], ['2', '2', '2'], ['2', '2', '2']] agree witness failures 0 time 0.0s
k4_certs_5_n4_4.json.gz:3142 nwork C=5 python=5 classes C=[1, 1, 1, 1, 1] python=[1, 1, 1, 1, 1] RK3 python=[1, 1, 1, 1, 1] deficits(shrink,envyFree,none)=[['2', '2', '2'], ['1', '1', '1'], ['2', '2', '2'], ['2', '2', '2'], ['2', '2', '2']] agree witness failures 0 time 0.0s
k4_certs_5_n4_4.json.gz:3142 nwork C=5 python=5 classes C=[0, 1, 0, 0, 0] python=[0, 1, 0, 0, 0] RK3 python=[0, 1, 0, 0, 0] deficits(shrink,envyFree,none)=[['0', '0', '0'], ['2', '2', '2'], ['-1', '-1', '-1'], ['-1', '-2', '-2'], ['-1', '-2', '-2']] agree witness failures 0 time 0.0s
k4_certs_5_n4_4.json.gz:3142 nwork C=5 python=5 classes C=[1, 0, 0, 0, 0] python=[1, 0, 0, 0, 0] RK3 python=[1, 0, 0, 0, 0] deficits(shrink,envyFree,none)=[['2', '2', '2'], ['-1', '-1', '-1'], ['-1', '-1', '-1'], ['0', '0', '0'], ['0', '0', '0']] agree witness failures 0 time 0.0s
k4_certs_5_n4_4.json.gz:3142 nwork C=5 python=5 classes C=[1, 1, 1, 1, 1] python=[1, 1, 1, 1, 1] RK3 python=[1, 1, 1, 1, 1] deficits(shrink,envyFree,none)=[['1', '1', '1'], ['1', '1', '1'], ['1', '1', '1'], ['1', '1', '1'], ['1', '1', '1']] agree witness failures 0 time 0.0s
k4_certs_5_n4_4.json.gz:4282 nwork C=5 python=5 classes C=[1, 1, 1, 1, 1] python=[1, 1, 1, 1, 1] RK3 python=[1, 1, 1, 1, 1] deficits(shrink,envyFree,none)=[['2', '2', '2'], ['2', '2', '2'], ['2', '2', '2'], ['2', '2', '2'], ['2', '2', '2']] agree witness failures 0 time 0.0s
k4_certs_5_n4_4.json.gz:4282 nwork C=5 python=5 classes C=[0, 1, 0, 1, 0] python=[0, 1, 0, 1, 0] RK3 python=[0, 1, 0, 1, 0] deficits(shrink,envyFree,none)=[['neg', '-2', '-2'], ['2', '2', '2'], ['0', '0', '0'], ['2', '2', '2'], ['0', '0', '0']] agree witness failures 0 time 0.0s
k4_certs_5_n4_4.json.gz:4282 nwork C=5 python=5 classes C=[0, 0, 1, 0, 0] python=[0, 0, 1, 0, 0] RK3 python=[0, 0, 1, 0, 0] deficits(shrink,envyFree,none)=[['neg', '-1', '-1'], ['neg', '-1', '-1'], ['2', '2', '2'], ['neg', '-2', '0'], ['neg', '-1', '-1']] agree witness failures 0 time 0.0s
k4_certs_5_n4_4.json.gz:4282 nwork C=5 python=5 classes C=[1, 0, 0, 0, 0] python=[1, 0, 0, 0, 0] RK3 python=[1, 0, 0, 0, 0] deficits(shrink,envyFree,none)=[['2', '2', '2'], ['-1', '-1', '-1'], ['-1', '-1', '-1'], ['neg', '-2', '-2'], ['-1', '-1', '-1']] agree witness failures 0 time 0.0s
k4_certs_5_n4_4.json.gz:4342 nwork C=5 python=5 classes C=[1, 1, 1, 1, 1] python=[1, 1, 1, 1, 1] RK3 python=[1, 1, 1, 1, 1] deficits(shrink,envyFree,none)=[['2', '2', '2'], ['2', '2', '2'], ['2', '2', '2'], ['2', '2', '2'], ['2', '2', '2']] agree witness failures 0 time 0.0s
k4_certs_5_n4_4.json.gz:4342 nwork C=5 python=5 classes C=[1, 0, 0, 1, 0] python=[1, 0, 0, 1, 0] RK3 python=[1, 0, 0, 1, 0] deficits(shrink,envyFree,none)=[['2', '2', '2'], ['0', '0', '-1'], ['0', '1', '1'], ['2', '2', '2'], ['neg', '-2', '-2']] agree witness failures 0 time 0.0s
k4_certs_5_n4_4.json.gz:4342 nwork C=5 python=5 classes C=[1, 1, 0, 1, 1] python=[1, 1, 0, 1, 1] RK3 python=[1, 1, 0, 1, 1] deficits(shrink,envyFree,none)=[['2', '2', '2'], ['2', '2', '2'], ['-1', '-1', '-1'], ['2', '2', '2'], ['2', '2', '2']] agree witness failures 0 time 0.0s
k4_certs_5_n4_4.json.gz:4402 nwork C=5 python=5 classes C=[1, 1, 1, 1, 1] python=[1, 1, 1, 1, 1] RK3 python=[1, 1, 1, 1, 1] deficits(shrink,envyFree,none)=[['2', '2', '2'], ['2', '2', '2'], ['2', '2', '2'], ['2', '2', '2'], ['2', '2', '2']] agree witness failures 0 time 0.1s
k4_certs_5_n4_4.json.gz:4402 nwork C=5 python=5 classes C=[1, 0, 0, 0, 0] python=[1, 0, 0, 0, 0] RK3 python=[1, 0, 0, 0, 0] deficits(shrink,envyFree,none)=[['2', '2', '2'], ['-1', '-1', '-1'], ['0', '0', '0'], ['0', '0', '0'], ['-1', '-1', '-1']] agree witness failures 0 time 0.0s
k4_certs_5_n4_4.json.gz:4402 nwork C=5 python=5 classes C=[0, 1, 1, 1, 0] python=[0, 1, 1, 1, 0] RK3 python=[0, 1, 1, 1, 0] deficits(shrink,envyFree,none)=[['-1', '0', '0'], ['2', '2', '2'], ['2', '2', '2'], ['2', '2', '2'], ['neg', '-1', '-1']] agree witness failures 0 time 0.0s
k4_certs_5_n4_4.json.gz:4402 nwork C=5 python=5 classes C=[1, 1, 0, 1, 0] python=[1, 1, 0, 1, 0] RK3 python=[1, 1, 0, 1, 0] deficits(shrink,envyFree,none)=[['1', '1', '1'], ['1', '1', '1'], ['neg', '-1', '-2'], ['1', '1', '1'], ['neg', '-2', '-2']] agree witness failures 0 time 0.0s
k4_certs_5_n4_4.json.gz:4402 nwork C=5 python=5 classes C=[1, 1, 1, 1, 1] python=[1, 1, 1, 1, 1] RK3 python=[1, 1, 1, 1, 1] deficits(shrink,envyFree,none)=[['2', '2', '2'], ['2', '2', '2'], ['2', '2', '2'], ['2', '2', '2'], ['2', '2', '2']] agree witness failures 0 time 0.0s
k4_certs_5_n4_4.json.gz:6382 nwork C=5 python=5 classes C=[1, 1, 1, 1, 1] python=[1, 1, 1, 1, 1] RK3 python=[1, 1, 1, 1, 1] deficits(shrink,envyFree,none)=[['2', '2', '2'], ['2', '2', '2'], ['2', '2', '2'], ['2', '2', '2'], ['2', '2', '2']] agree witness failures 0 time 0.1s
k4_certs_5_n4_4.json.gz:6382 nwork C=5 python=5 classes C=[1, 0, 1, 0, 1] python=[1, 0, 1, 0, 1] RK3 python=[1, 0, 1, 0, 1] deficits(shrink,envyFree,none)=[['1', '1', '1'], ['-1', '-1', '-1'], ['1', '1', '1'], ['-2', '-2', '-1'], ['1', '1', '1']] agree witness failures 0 time 0.0s
k4_certs_5_n4_4.json.gz:6382 nwork C=5 python=5 classes C=[1, 1, 1, 1, 1] python=[1, 1, 1, 1, 1] RK3 python=[1, 1, 1, 1, 1] deficits(shrink,envyFree,none)=[['2', '2', '2'], ['2', '2', '2'], ['2', '2', '2'], ['2', '2', '2'], ['2', '2', '2']] agree witness failures 0 time 0.1s
k4_certs_5_pure.json.gz:1047 nwork C=5 python=5 classes C=[1, 1, 1, 1, 1] python=[1, 1, 1, 1, 1] RK3 python=[1, 1, 1, 1, 1] deficits(shrink,envyFree,none)=[['2', '2', '2'], ['2', '2', '2'], ['2', '2', '2'], ['2', '2', '2'], ['2', '2', '2']] agree witness failures 0 time 0.0s
k4_certs_5_pure.json.gz:1047 nwork C=5 python=5 classes C=[1, 0, 0, 0, 1] python=[1, 0, 0, 0, 1] RK3 python=[1, 0, 0, 0, 1] deficits(shrink,envyFree,none)=[['1', '1', '1'], ['-1', '-1', '-1'], ['-1', '-1', '-1'], ['-1', '-1', '-1'], ['2', '2', '2']] agree witness failures 0 time 0.0s
k4_certs_5_pure.json.gz:1047 nwork C=5 python=5 classes C=[1, 0, 0, 0, 0] python=[1, 0, 0, 0, 0] RK3 python=[1, 0, 0, 0, 0] deficits(shrink,envyFree,none)=[['1', '1', '1'], ['neg', 'neg', 'neg'], ['neg', 'neg', 'neg'], ['neg', 'neg', 'neg'], ['neg', 'neg', 'neg']] agree witness failures 0 time 0.0s
k4_certs_5_pure.json.gz:1047 nwork C=5 python=5 classes C=[1, 0, 0, 0, 1] python=[1, 0, 0, 0, 1] RK3 python=[1, 0, 0, 0, 1] deficits(shrink,envyFree,none)=[['1', '1', '1'], ['-1', '-1', '-1'], ['-1', '-1', '-1'], ['-1', '-1', '-1'], ['2', '2', '2']] agree witness failures 0 time 0.0s
k4_certs_5_pure.json.gz:1047 nwork C=5 python=5 classes C=[1, 1, 0, 0, 1] python=[1, 1, 0, 0, 1] RK3 python=[1, 1, 0, 0, 1] deficits(shrink,envyFree,none)=[['2', '2', '2'], ['2', '2', '2'], ['neg', '-3', '-3'], ['neg', '-3', '-3'], ['2', '2', '2']] agree witness failures 0 time 0.0s
k4_certs_5_pure.json.gz:1047 nwork C=5 python=5 classes C=[1, 0, 0, 0, 0] python=[1, 0, 0, 0, 0] RK3 python=[1, 0, 0, 0, 0] deficits(shrink,envyFree,none)=[['2', '2', '2'], ['neg', '-3', '-3'], ['-1', '-1', '-1'], ['-1', '-1', '-1'], ['neg', '-3', '-3']] agree witness failures 0 time 0.0s
k4_certs_5_pure.json.gz:1107 nwork C=5 python=5 classes C=[1, 1, 1, 1, 1] python=[1, 1, 1, 1, 1] RK3 python=[1, 1, 1, 1, 1] deficits(shrink,envyFree,none)=[['2', '2', '2'], ['2', '2', '2'], ['2', '2', '2'], ['2', '2', '2'], ['2', '2', '2']] agree witness failures 0 time 0.0s
k4_certs_5_pure.json.gz:1107 nwork C=5 python=5 classes C=[1, 0, 0, 0, 0] python=[1, 0, 0, 0, 0] RK3 python=[1, 0, 0, 0, 0] deficits(shrink,envyFree,none)=[['1', '1', '1'], ['neg', '-2', '-2'], ['neg', '-2', '-2'], ['neg', '-3', '-3'], ['neg', '-3', '-3']] agree witness failures 0 time 0.0s
k4_certs_5_pure.json.gz:1107 nwork C=5 python=5 classes C=[1, 0, 0, 1, 1] python=[1, 0, 0, 1, 1] RK3 python=[1, 0, 0, 1, 1] deficits(shrink,envyFree,none)=[['1', '1', '1'], ['neg', '-3', '-3'], ['neg', '-3', '-3'], ['1', '1', '1'], ['1', '1', '1']] agree witness failures 0 time 0.0s
k4_certs_5_pure.json.gz:1287 nwork C=5 python=5 classes C=[1, 1, 1, 1, 1] python=[1, 1, 1, 1, 1] RK3 python=[1, 1, 1, 1, 1] deficits(shrink,envyFree,none)=[['2', '2', '2'], ['2', '2', '2'], ['2', '2', '2'], ['2', '2', '2'], ['2', '2', '2']] agree witness failures 0 time 0.0s
k4_certs_5_pure.json.gz:1287 nwork C=5 python=5 classes C=[0, 1, 1, 0, 1] python=[0, 1, 1, 0, 1] RK3 python=[0, 1, 1, 0, 1] deficits(shrink,envyFree,none)=[['-1', '-1', '-1'], ['1', '1', '1'], ['1', '1', '1'], ['-1', '-1', '-1'], ['2', '2', '2']] agree witness failures 0 time 0.0s
k4_certs_5_pure.json.gz:1287 nwork C=5 python=5 classes C=[0, 1, 1, 0, 0] python=[0, 1, 1, 0, 0] RK3 python=[0, 1, 1, 0, 0] deficits(shrink,envyFree,none)=[['0', '0', '0'], ['2', '2', '2'], ['2', '2', '2'], ['0', '0', '0'], ['0', '-1', '-1']] agree witness failures 0 time 0.0s
k4_certs_5_pure.json.gz:1407 nwork C=5 python=5 classes C=[1, 1, 1, 1, 1] python=[1, 1, 1, 1, 1] RK3 python=[1, 1, 1, 1, 1] deficits(shrink,envyFree,none)=[['2', '2', '2'], ['2', '2', '2'], ['2', '2', '2'], ['2', '2', '2'], ['2', '2', '2']] agree witness failures 0 time 0.0s
k4_certs_5_pure.json.gz:1407 nwork C=5 python=5 classes C=[1, 1, 1, 1, 1] python=[1, 1, 1, 1, 1] RK3 python=[1, 1, 1, 1, 1] deficits(shrink,envyFree,none)=[['1', '1', '1'], ['1', '1', '1'], ['1', '1', '1'], ['1', '1', '1'], ['1', '1', '1']] agree witness failures 0 time 0.0s
k4_certs_5_pure.json.gz:1407 nwork C=5 python=5 classes C=[0, 1, 1, 1, 0] python=[0, 1, 1, 1, 0] RK3 python=[0, 1, 1, 1, 0] deficits(shrink,envyFree,none)=[['-1', '1', '1'], ['2', '2', '2'], ['2', '2', '2'], ['2', '2', '2'], ['neg', '-2', '-2']] agree witness failures 0 time 0.0s
k4_certs_5_pure.json.gz:1467 nwork C=5 python=5 classes C=[1, 1, 1, 1, 1] python=[1, 1, 1, 1, 1] RK3 python=[1, 1, 1, 1, 1] deficits(shrink,envyFree,none)=[['2', '2', '2'], ['2', '2', '2'], ['2', '2', '2'], ['2', '2', '2'], ['2', '2', '2']] agree witness failures 0 time 0.0s
k4_certs_5_pure.json.gz:1467 nwork C=5 python=5 classes C=[1, 1, 0, 0, 1] python=[1, 1, 0, 0, 1] RK3 python=[1, 1, 0, 0, 1] deficits(shrink,envyFree,none)=[['2', '2', '2'], ['2', '2', '2'], ['neg', '-2', '-2'], ['-1', '-2', '-2'], ['2', '2', '2']] agree witness failures 0 time 0.0s
k4_certs_5_pure.json.gz:1467 nwork C=5 python=5 classes C=[0, 0, 0, 1, 0] python=[0, 0, 0, 1, 0] RK3 python=[0, 0, 0, 1, 0] deficits(shrink,envyFree,none)=[['0', '0', '0'], ['-1', '-1', '-1'], ['0', '0', '0'], ['2', '2', '2'], ['neg', '-2', '-2']] agree witness failures 0 time 0.0s
k4_certs_5_pure.json.gz:1767 nwork C=5 python=5 classes C=[1, 1, 1, 1, 1] python=[1, 1, 1, 1, 1] RK3 python=[1, 1, 1, 1, 1] deficits(shrink,envyFree,none)=[['2', '2', '2'], ['2', '2', '2'], ['2', '2', '2'], ['2', '2', '2'], ['2', '2', '2']] agree witness failures 0 time 0.0s
k4_certs_5_pure.json.gz:1767 nwork C=5 python=5 classes C=[1, 0, 1, 0, 0] python=[1, 0, 1, 0, 0] RK3 python=[1, 0, 1, 0, 0] deficits(shrink,envyFree,none)=[['2', '2', '2'], ['neg', '-3', '-3'], ['2', '2', '2'], ['0', '0', '0'], ['0', '0', '0']] agree witness failures 0 time 0.0s
k4_certs_5_pure.json.gz:1767 nwork C=5 python=5 classes C=[1, 1, 1, 1, 1] python=[1, 1, 1, 1, 1] RK3 python=[1, 1, 1, 1, 1] deficits(shrink,envyFree,none)=[['1', '1', '1'], ['1', '1', '1'], ['1', '1', '1'], ['1', '1', '1'], ['1', '1', '1']] agree witness failures 0 time 0.0s
k4_certs_5_pure.json.gz:2187 nwork C=5 python=5 classes C=[1, 1, 1, 1, 1] python=[1, 1, 1, 1, 1] RK3 python=[1, 1, 1, 1, 1] deficits(shrink,envyFree,none)=[['2', '2', '2'], ['2', '2', '2'], ['2', '2', '2'], ['2', '2', '2'], ['2', '2', '2']] agree witness failures 0 time 0.0s
k4_certs_5_pure.json.gz:2187 nwork C=5 python=5 classes C=[1, 1, 1, 1, 1] python=[1, 1, 1, 1, 1] RK3 python=[1, 1, 1, 1, 1] deficits(shrink,envyFree,none)=[['1', '1', '1'], ['1', '1', '1'], ['1', '1', '1'], ['1', '1', '1'], ['1', '1', '1']] agree witness failures 0 time 0.0s
k4_certs_5_pure.json.gz:2187 nwork C=5 python=5 classes C=[0, 1, 0, 0, 0] python=[0, 1, 0, 0, 0] RK3 python=[0, 1, 0, 0, 0] deficits(shrink,envyFree,none)=[['0', '0', '0'], ['1', '1', '1'], ['0', '0', '0'], ['0', '0', '0'], ['0', '0', '0']] agree witness failures 0 time 0.0s
k4_certs_5_pure.json.gz:2247 nwork C=5 python=5 classes C=[1, 1, 1, 1, 1] python=[1, 1, 1, 1, 1] RK3 python=[1, 1, 1, 1, 1] deficits(shrink,envyFree,none)=[['2', '2', '2'], ['2', '2', '2'], ['2', '2', '2'], ['2', '2', '2'], ['2', '2', '2']] agree witness failures 0 time 0.0s
k4_certs_5_pure.json.gz:2247 nwork C=5 python=5 classes C=[1, 1, 0, 0, 0] python=[1, 1, 0, 0, 0] RK3 python=[1, 1, 0, 0, 0] deficits(shrink,envyFree,none)=[['1', '1', '1'], ['1', '1', '1'], ['neg', '-3', '-3'], ['neg', '-3', '-3'], ['neg', '-3', '-3']] agree witness failures 0 time 0.0s
k4_certs_5_pure.json.gz:2247 nwork C=5 python=5 classes C=[1, 1, 0, 0, 1] python=[1, 1, 0, 0, 1] RK3 python=[1, 1, 0, 0, 1] deficits(shrink,envyFree,none)=[['2', '2', '2'], ['2', '2', '2'], ['-2', '-2', '-2'], ['-2', '-2', '-2'], ['2', '2', '2']] agree witness failures 0 time 0.0s
k4_certs_5_pure.json.gz:2247 nwork C=5 python=5 classes C=[0, 1, 0, 0, 0] python=[0, 1, 0, 0, 0] RK3 python=[0, 1, 0, 0, 0] deficits(shrink,envyFree,none)=[['1', '0', '0'], ['1', '1', '1'], ['1', '0', '0'], ['0', '0', '0'], ['0', '0', '0']] agree witness failures 0 time 0.0s
k4_certs_5_pure.json.gz:3087 nwork C=5 python=5 classes C=[1, 1, 1, 1, 1] python=[1, 1, 1, 1, 1] RK3 python=[1, 1, 1, 1, 1] deficits(shrink,envyFree,none)=[['2', '2', '2'], ['2', '2', '2'], ['2', '2', '2'], ['2', '2', '2'], ['2', '2', '2']] agree witness failures 0 time 0.1s
k4_certs_5_pure.json.gz:3087 nwork C=5 python=5 classes C=[0, 0, 1, 1, 1] python=[0, 0, 1, 1, 1] RK3 python=[0, 0, 1, 1, 1] deficits(shrink,envyFree,none)=[['-1', '-1', '-1'], ['-2', '-1', '-1'], ['2', '2', '2'], ['2', '2', '2'], ['2', '2', '2']] agree witness failures 0 time 0.0s
k4_certs_5_pure.json.gz:3087 nwork C=5 python=5 classes C=[1, 1, 1, 0, 0] python=[1, 1, 1, 0, 0] RK3 python=[1, 1, 1, 0, 0] deficits(shrink,envyFree,none)=[['2', '2', '2'], ['2', '2', '2'], ['1', '1', '1'], ['0', '0', '1'], ['neg', '-3', '-3']] agree witness failures 0 time 0.0s
k4_certs_5_pure.json.gz:3087 nwork C=5 python=5 classes C=[1, 1, 1, 0, 0] python=[1, 1, 1, 0, 0] RK3 python=[1, 1, 1, 0, 0] deficits(shrink,envyFree,none)=[['1', '1', '1'], ['1', '1', '1'], ['1', '1', '1'], ['0', '0', '0'], ['0', '0', '0']] agree witness failures 0 time 0.1s
k4_certs_5_pure.json.gz:3087 nwork C=5 python=5 classes C=[0, 0, 1, 0, 1] python=[0, 0, 1, 0, 1] RK3 python=[0, 0, 1, 0, 1] deficits(shrink,envyFree,none)=[['0', '2', '2'], ['0', '2', '2'], ['2', '2', '2'], ['0', '2', '2'], ['2', '2', '2']] agree witness failures 0 time 0.1s
k4_certs_5_pure.json.gz:3327 nwork C=5 python=5 classes C=[1, 1, 1, 1, 1] python=[1, 1, 1, 1, 1] RK3 python=[1, 1, 1, 1, 1] deficits(shrink,envyFree,none)=[['2', '2', '1'], ['2', '2', '1'], ['2', '2', '2'], ['2', '2', '2'], ['2', '2', '2']] agree witness failures 0 time 0.1s
k4_certs_5_pure.json.gz:3327 nwork C=5 python=5 classes C=[1, 1, 1, 0, 0] python=[1, 1, 1, 0, 0] RK3 python=[1, 1, 1, 0, 0] deficits(shrink,envyFree,none)=[['1', '1', '1'], ['1', '1', '1'], ['1', '1', '1'], ['-1', '-1', '0'], ['-3', '-3', '-2']] agree witness failures 0 time 0.1s
k4_certs_5_pure.json.gz:3327 nwork C=5 python=5 classes C=[1, 1, 1, 0, 1] python=[1, 1, 1, 0, 1] RK3 python=[0, 1, 1, 0, 1] deficits(shrink,envyFree,none)=[['1', '1', '0'], ['1', '1', '1'], ['1', '1', '1'], ['0', '0', '0'], ['1', '1', '1']] agree witness failures 0 time 0.1s
k4_certs_5_pure.json.gz:3327 nwork C=5 python=5 classes C=[1, 1, 0, 1, 1] python=[1, 1, 0, 1, 1] RK3 python=[0, 0, 0, 1, 1] deficits(shrink,envyFree,none)=[['2', '2', '0'], ['2', '2', '0'], ['-1', '1', '1'], ['2', '2', '2'], ['2', '2', '2']] agree witness failures 0 time 0.1s
k4_certs_5_pure.json.gz:3327 nwork C=5 python=5 classes C=[1, 1, 1, 0, 0] python=[1, 1, 1, 0, 0] RK3 python=[1, 1, 1, 0, 0] deficits(shrink,envyFree,none)=[['1', '1', '1'], ['3', '3', '3'], ['1', '1', '1'], ['0', '0', '0'], ['0', '0', '0']] agree witness failures 0 time 0.1s
k4_certs_5_pure.json.gz:3327 nwork C=5 python=5 classes C=[1, 1, 1, 0, 0] python=[1, 1, 1, 0, 0] RK3 python=[1, 1, 1, 0, 0] deficits(shrink,envyFree,none)=[['1', '1', '1'], ['3', '3', '3'], ['1', '1', '1'], ['0', '0', '0'], ['0', '0', '0']] agree witness failures 0 time 0.1s
k4_certs_5_pure.json.gz:3627 nwork C=5 python=5 classes C=[1, 1, 1, 1, 1] python=[1, 1, 1, 1, 1] RK3 python=[1, 1, 1, 1, 1] deficits(shrink,envyFree,none)=[['2', '2', '2'], ['2', '2', '2'], ['2', '2', '2'], ['2', '2', '2'], ['2', '2', '2']] agree witness failures 0 time 0.1s
k4_certs_5_pure.json.gz:3627 nwork C=5 python=5 classes C=[1, 1, 1, 1, 1] python=[1, 1, 1, 1, 1] RK3 python=[1, 1, 1, 1, 1] deficits(shrink,envyFree,none)=[['1', '1', '1'], ['1', '1', '1'], ['1', '1', '1'], ['1', '1', '1'], ['1', '1', '1']] agree witness failures 0 time 0.0s
k4_certs_5_pure.json.gz:3627 nwork C=5 python=5 classes C=[1, 1, 1, 1, 1] python=[1, 1, 1, 1, 1] RK3 python=[1, 1, 1, 1, 1] deficits(shrink,envyFree,none)=[['1', '1', '1'], ['1', '1', '1'], ['1', '1', '1'], ['1', '1', '1'], ['1', '1', '1']] agree witness failures 0 time 0.1s
k4_certs_5_pure.json.gz:3627 nwork C=5 python=5 classes C=[0, 1, 0, 0, 0] python=[0, 1, 0, 0, 0] RK3 python=[0, 1, 0, 0, 0] deficits(shrink,envyFree,none)=[['0', '0', '0'], ['1', '1', '1'], ['-2', '-2', '-2'], ['-3', '-3', '-2'], ['-3', '-3', '-2']] agree witness failures 0 time 0.0s
k4_certs_5_pure.json.gz:3627 nwork C=5 python=5 classes C=[1, 0, 0, 0, 0] python=[1, 0, 0, 0, 0] RK3 python=[1, 0, 0, 0, 0] deficits(shrink,envyFree,none)=[['1', '1', '1'], ['-2', '-1', '-1'], ['-2', '-1', '-1'], ['-2', '-1', '-1'], ['-1', '-1', '-1']] agree witness failures 0 time 0.0s
k4_certs_5_n4_3.json.gz:4412 nwork C=5 python=5 classes C=[1, 1, 1, 1, 1] python=[1, 1, 1, 1, 1] RK3 python=[1, 1, 1, 1, 1] deficits(shrink,envyFree,none)=[['2', '2', '2'], ['2', '2', '2'], ['2', '2', '2'], ['2', '2', '2'], ['2', '2', '2']] agree witness failures 0 time 0.0s
k4_certs_5_n4_3.json.gz:4412 nwork C=5 python=5 classes C=[1, 1, 1, 1, 1] python=[1, 1, 1, 1, 1] RK3 python=[1, 1, 1, 1, 1] deficits(shrink,envyFree,none)=[['1', '1', '1'], ['1', '1', '1'], ['2', '2', '2'], ['2', '2', '2'], ['2', '2', '2']] agree witness failures 0 time 0.0s
k4_certs_5_n4_3.json.gz:4412 nwork C=5 python=5 classes C=[1, 1, 1, 1, 1] python=[1, 1, 1, 1, 1] RK3 python=[1, 1, 1, 1, 1] deficits(shrink,envyFree,none)=[['2', '2', '2'], ['2', '2', '2'], ['2', '2', '2'], ['2', '2', '2'], ['2', '2', '2']] agree witness failures 0 time 0.0s
k4_certs_5_n4_3.json.gz:4412 nwork C=5 python=5 classes C=[1, 1, 0, 0, 0] python=[1, 1, 0, 0, 0] RK3 python=[1, 1, 0, 0, 0] deficits(shrink,envyFree,none)=[['2', '2', '2'], ['1', '1', '1'], ['neg', '-3', '-3'], ['neg', '-3', '-3'], ['neg', '-3', '-3']] agree witness failures 0 time 0.0s
k4_certs_5_n4_3.json.gz:4412 nwork C=5 python=5 classes C=[1, 0, 0, 0, 0] python=[1, 0, 0, 0, 0] RK3 python=[1, 0, 0, 0, 0] deficits(shrink,envyFree,none)=[['1', '1', '1'], ['neg', 'neg', '-2'], ['neg', 'neg', '-2'], ['neg', 'neg', '-2'], ['neg', 'neg', '-2']] agree witness failures 0 time 0.0s
k4_certs_5_n4_3.json.gz:4427 nwork C=5 python=5 classes C=[1, 1, 1, 1, 1] python=[1, 1, 1, 1, 1] RK3 python=[1, 1, 1, 1, 1] deficits(shrink,envyFree,none)=[['2', '2', '2'], ['2', '2', '2'], ['2', '2', '2'], ['2', '2', '2'], ['2', '2', '2']] agree witness failures 0 time 0.0s
k4_certs_5_n4_3.json.gz:4427 nwork C=5 python=5 classes C=[1, 1, 1, 1, 0] python=[1, 1, 1, 1, 0] RK3 python=[1, 1, 1, 1, 0] deficits(shrink,envyFree,none)=[['2', '2', '2'], ['2', '2', '2'], ['2', '2', '2'], ['2', '2', '2'], ['neg', '-1', '-1']] agree witness failures 0 time 0.0s
k4_certs_5_n4_3.json.gz:4427 nwork C=5 python=5 classes C=[1, 0, 1, 1, 1] python=[1, 0, 1, 1, 1] RK3 python=[1, 0, 1, 1, 1] deficits(shrink,envyFree,none)=[['1', '1', '1'], ['neg', '-3', '-3'], ['1', '1', '1'], ['1', '1', '1'], ['1', '1', '1']] agree witness failures 0 time 0.0s
k4_certs_5_n4_3.json.gz:4443 nwork C=5 python=5 classes C=[1, 1, 1, 1, 1] python=[1, 1, 1, 1, 1] RK3 python=[1, 1, 1, 1, 1] deficits(shrink,envyFree,none)=[['2', '2', '2'], ['2', '2', '2'], ['2', '2', '2'], ['2', '2', '2'], ['2', '2', '2']] agree witness failures 0 time 0.0s
k4_certs_5_n4_3.json.gz:4443 nwork C=5 python=5 classes C=[1, 1, 1, 1, 1] python=[1, 1, 1, 1, 1] RK3 python=[1, 1, 1, 1, 1] deficits(shrink,envyFree,none)=[['1', '1', '1'], ['1', '1', '1'], ['2', '2', '2'], ['1', '1', '1'], ['1', '1', '1']] agree witness failures 0 time 0.0s
k4_certs_5_n4_3.json.gz:4443 nwork C=5 python=5 classes C=[1, 0, 0, 0, 0] python=[1, 0, 0, 0, 0] RK3 python=[1, 0, 0, 0, 0] deficits(shrink,envyFree,none)=[['1', '1', '1'], ['-1', '-1', '-1'], ['-1', '-1', '-1'], ['neg', 'neg', '-2'], ['neg', 'neg', '-2']] agree witness failures 0 time 0.0s
k4_certs_5_n4_3.json.gz:4443 nwork C=5 python=5 classes C=[1, 0, 0, 0, 0] python=[1, 0, 0, 0, 0] RK3 python=[1, 0, 0, 0, 0] deficits(shrink,envyFree,none)=[['1', '1', '1'], ['0', '0', '0'], ['0', '0', '0'], ['neg', 'neg', '-2'], ['neg', 'neg', '-2']] agree witness failures 0 time 0.0s
k4_certs_5_n4_3.json.gz:4443 nwork C=5 python=5 classes C=[1, 1, 1, 1, 1] python=[1, 1, 1, 1, 1] RK3 python=[1, 1, 1, 1, 1] deficits(shrink,envyFree,none)=[['2', '2', '2'], ['1', '1', '1'], ['2', '2', '2'], ['1', '1', '1'], ['1', '1', '1']] agree witness failures 0 time 0.0s
k4_certs_5_n4_3.json.gz:4443 nwork C=5 python=5 classes C=[0, 1, 0, 1, 1] python=[0, 1, 0, 1, 1] RK3 python=[0, 1, 0, 1, 1] deficits(shrink,envyFree,none)=[['neg', '-1', '-1'], ['2', '2', '2'], ['neg', '-1', '-1'], ['2', '2', '2'], ['2', '2', '2']] agree witness failures 0 time 0.0s
k4_certs_5_n4_3.json.gz:4455 nwork C=5 python=5 classes C=[1, 1, 1, 1, 1] python=[1, 1, 1, 1, 1] RK3 python=[1, 1, 1, 1, 1] deficits(shrink,envyFree,none)=[['2', '2', '2'], ['2', '2', '2'], ['2', '2', '2'], ['2', '2', '2'], ['2', '2', '2']] agree witness failures 0 time 0.0s
k4_certs_5_n4_3.json.gz:4455 nwork C=5 python=5 classes C=[0, 0, 1, 1, 1] python=[0, 0, 1, 1, 1] RK3 python=[0, 0, 1, 1, 1] deficits(shrink,envyFree,none)=[['-1', '-1', '-1'], ['0', '0', '0'], ['2', '2', '2'], ['1', '1', '1'], ['1', '1', '1']] agree witness failures 0 time 0.0s
k4_certs_5_n4_3.json.gz:4455 nwork C=5 python=5 classes C=[1, 1, 0, 1, 1] python=[1, 1, 0, 1, 1] RK3 python=[1, 1, 0, 1, 1] deficits(shrink,envyFree,none)=[['2', '2', '2'], ['2', '2', '2'], ['-1', '-1', '-1'], ['2', '2', '2'], ['2', '2', '2']] agree witness failures 0 time 0.0s
k4_certs_5_n4_3.json.gz:4455 nwork C=5 python=5 classes C=[1, 1, 0, 1, 1] python=[1, 1, 0, 1, 1] RK3 python=[1, 1, 0, 1, 1] deficits(shrink,envyFree,none)=[['2', '2', '2'], ['2', '2', '2'], ['-1', '-1', '-1'], ['2', '2', '2'], ['2', '2', '2']] agree witness failures 0 time 0.0s
k4_certs_5_n4_3.json.gz:4455 nwork C=5 python=5 classes C=[1, 1, 1, 1, 1] python=[1, 1, 1, 1, 1] RK3 python=[1, 1, 1, 1, 1] deficits(shrink,envyFree,none)=[['2', '2', '2'], ['2', '2', '2'], ['2', '2', '2'], ['2', '2', '2'], ['2', '2', '2']] agree witness failures 0 time 0.1s
k4_certs_5_n4_3.json.gz:4457 nwork C=5 python=5 classes C=[1, 1, 1, 1, 1] python=[1, 1, 1, 1, 1] RK3 python=[1, 1, 1, 1, 1] deficits(shrink,envyFree,none)=[['2', '2', '2'], ['2', '2', '2'], ['2', '2', '2'], ['2', '2', '2'], ['2', '2', '2']] agree witness failures 0 time 0.0s
k4_certs_5_n4_3.json.gz:4457 nwork C=5 python=5 classes C=[0, 1, 0, 1, 1] python=[0, 1, 0, 1, 1] RK3 python=[0, 1, 0, 1, 1] deficits(shrink,envyFree,none)=[['-1', '-1', '-1'], ['2', '2', '2'], ['-1', '-1', '-1'], ['2', '2', '2'], ['2', '2', '2']] agree witness failures 0 time 0.0s
k4_certs_5_n4_3.json.gz:4457 nwork C=5 python=5 classes C=[1, 1, 0, 1, 1] python=[1, 1, 0, 1, 1] RK3 python=[1, 1, 0, 1, 1] deficits(shrink,envyFree,none)=[['1', '1', '1'], ['1', '1', '1'], ['0', '0', '0'], ['1', '1', '1'], ['1', '1', '1']] agree witness failures 0 time 0.0s
k4_certs_5_n4_3.json.gz:4457 nwork C=5 python=5 classes C=[0, 1, 1, 0, 0] python=[0, 1, 1, 0, 0] RK3 python=[0, 1, 1, 0, 0] deficits(shrink,envyFree,none)=[['-1', '-1', '-1'], ['1', '1', '1'], ['2', '2', '2'], ['-1', '-1', '-1'], ['-1', '-1', '-1']] agree witness failures 0 time 0.0s
k4_certs_5_n4_3.json.gz:4457 nwork C=5 python=5 classes C=[0, 1, 0, 1, 1] python=[0, 1, 0, 1, 1] RK3 python=[0, 1, 0, 1, 1] deficits(shrink,envyFree,none)=[['-1', '-1', '-1'], ['1', '1', '1'], ['-1', '-1', '-1'], ['2', '2', '2'], ['2', '2', '2']] agree witness failures 0 time 0.0s
k4_certs_5_n4_3.json.gz:4458 nwork C=5 python=5 classes C=[1, 1, 1, 1, 1] python=[1, 1, 1, 1, 1] RK3 python=[1, 1, 1, 1, 1] deficits(shrink,envyFree,none)=[['2', '2', '2'], ['2', '2', '2'], ['2', '2', '2'], ['2', '2', '2'], ['2', '2', '2']] agree witness failures 0 time 0.0s
k4_certs_5_n4_3.json.gz:4458 nwork C=5 python=5 classes C=[0, 0, 1, 0, 0] python=[0, 0, 1, 0, 0] RK3 python=[0, 0, 1, 0, 0] deficits(shrink,envyFree,none)=[['-1', '-1', '-1'], ['-1', '-1', '-1'], ['2', '2', '2'], ['-1', '-1', '-1'], ['-1', '-1', '-1']] agree witness failures 0 time 0.0s
k4_certs_5_n4_3.json.gz:4461 nwork C=5 python=5 classes C=[1, 1, 1, 1, 1] python=[1, 1, 1, 1, 1] RK3 python=[1, 1, 1, 1, 1] deficits(shrink,envyFree,none)=[['2', '2', '2'], ['2', '2', '2'], ['2', '2', '2'], ['2', '2', '2'], ['2', '2', '2']] agree witness failures 0 time 0.0s
k4_certs_5_n4_3.json.gz:4461 nwork C=5 python=5 classes C=[0, 1, 0, 0, 0] python=[0, 1, 0, 0, 0] RK3 python=[0, 1, 0, 0, 0] deficits(shrink,envyFree,none)=[['neg', '-2', '-2'], ['1', '1', '1'], ['-1', '-1', '-1'], ['-1', '-1', '-1'], ['neg', '-2', '-2']] agree witness failures 0 time 0.0s
k4_certs_5_n4_3.json.gz:4461 nwork C=5 python=5 classes C=[0, 1, 0, 1, 1] python=[0, 1, 0, 1, 1] RK3 python=[0, 1, 0, 1, 1] deficits(shrink,envyFree,none)=[['-1', '-1', '-1'], ['1', '1', '1'], ['0', '0', '0'], ['2', '2', '2'], ['2', '2', '2']] agree witness failures 0 time 0.0s
k4_certs_5_n4_3.json.gz:4461 nwork C=5 python=5 classes C=[1, 1, 1, 1, 1] python=[1, 1, 1, 1, 1] RK3 python=[1, 1, 1, 1, 1] deficits(shrink,envyFree,none)=[['2', '2', '2'], ['2', '2', '2'], ['2', '2', '2'], ['2', '2', '2'], ['2', '2', '2']] agree witness failures 0 time 0.0s
k4_certs_5_n4_3.json.gz:4463 nwork C=5 python=5 classes C=[1, 1, 1, 1, 1] python=[1, 1, 1, 1, 1] RK3 python=[1, 1, 1, 1, 1] deficits(shrink,envyFree,none)=[['2', '2', '2'], ['2', '2', '2'], ['2', '2', '2'], ['2', '2', '2'], ['2', '2', '2']] agree witness failures 0 time 0.0s
k4_certs_5_n4_3.json.gz:4463 nwork C=5 python=5 classes C=[0, 0, 1, 0, 0] python=[0, 0, 1, 0, 0] RK3 python=[0, 0, 1, 0, 0] deficits(shrink,envyFree,none)=[['neg', '-2', '-2'], ['0', '0', '0'], ['1', '1', '1'], ['neg', '-2', '-2'], ['0', '0', '0']] agree witness failures 0 time 0.0s
k4_certs_5_n4_3.json.gz:4463 nwork C=5 python=5 classes C=[0, 1, 0, 0, 0] python=[0, 1, 0, 0, 0] RK3 python=[0, 1, 0, 0, 0] deficits(shrink,envyFree,none)=[['0', '0', '0'], ['1', '1', '1'], ['-1', '-1', '-1'], ['neg', 'neg', '-2'], ['0', '0', '0']] agree witness failures 0 time 0.0s
k4_certs_5_n4_3.json.gz:4463 nwork C=5 python=5 classes C=[0, 1, 0, 0, 0] python=[0, 1, 0, 0, 0] RK3 python=[0, 1, 0, 0, 0] deficits(shrink,envyFree,none)=[['neg', '-2', '-2'], ['2', '2', '2'], ['-1', '-1', '-1'], ['neg', '-2', '-2'], ['neg', '-2', '-2']] agree witness failures 0 time 0.0s
k4_certs_5_n4_3.json.gz:4463 nwork C=5 python=5 classes C=[1, 0, 1, 1, 0] python=[1, 0, 1, 1, 0] RK3 python=[1, 0, 1, 1, 0] deficits(shrink,envyFree,none)=[['1', '1', '1'], ['neg', '-2', '-2'], ['1', '1', '1'], ['2', '2', '2'], ['neg', '-2', '-2']] agree witness failures 0 time 0.0s
k4_certs_5_n4_3.json.gz:4476 nwork C=5 python=5 classes C=[1, 1, 1, 1, 1] python=[1, 1, 1, 1, 1] RK3 python=[1, 1, 1, 1, 1] deficits(shrink,envyFree,none)=[['2', '2', '2'], ['2', '2', '2'], ['2', '2', '2'], ['2', '2', '2'], ['2', '2', '2']] agree witness failures 0 time 0.0s
k4_certs_5_n4_3.json.gz:4476 nwork C=5 python=5 classes C=[1, 1, 0, 0, 0] python=[1, 1, 0, 0, 0] RK3 python=[1, 1, 0, 0, 0] deficits(shrink,envyFree,none)=[['2', '2', '2'], ['2', '2', '2'], ['-1', '-2', '-2'], ['-1', '-1', '-1'], ['-1', '-2', '-2']] agree witness failures 0 time 0.0s
k4_certs_5_n4_3.json.gz:4476 nwork C=5 python=5 classes C=[0, 1, 1, 1, 1] python=[0, 1, 1, 1, 1] RK3 python=[0, 1, 1, 1, 1] deficits(shrink,envyFree,none)=[['-1', '-1', '-1'], ['2', '2', '2'], ['2', '2', '2'], ['2', '2', '2'], ['2', '2', '2']] agree witness failures 0 time 0.0s
k4_certs_5_n4_3.json.gz:4492 nwork C=5 python=5 classes C=[1, 1, 1, 1, 1] python=[1, 1, 1, 1, 1] RK3 python=[1, 1, 1, 1, 1] deficits(shrink,envyFree,none)=[['2', '2', '2'], ['2', '2', '2'], ['2', '2', '2'], ['2', '2', '2'], ['2', '2', '2']] agree witness failures 0 time 0.0s
k4_certs_5_n4_3.json.gz:4492 nwork C=5 python=5 classes C=[0, 1, 1, 0, 0] python=[0, 1, 1, 0, 0] RK3 python=[0, 1, 1, 0, 0] deficits(shrink,envyFree,none)=[['0', '0', '0'], ['1', '1', '1'], ['1', '1', '1'], ['0', '0', '0'], ['0', '0', '0']] agree witness failures 0 time 0.0s
k4_certs_5_n4_3.json.gz:4492 nwork C=5 python=5 classes C=[1, 0, 1, 1, 1] python=[1, 0, 1, 1, 1] RK3 python=[1, 0, 1, 1, 1] deficits(shrink,envyFree,none)=[['1', '1', '1'], ['-1', '-1', '-1'], ['2', '2', '2'], ['2', '2', '2'], ['2', '2', '2']] agree witness failures 0 time 0.0s
k4_certs_5_n4_3.json.gz:4492 nwork C=5 python=5 classes C=[1, 0, 0, 0, 0] python=[1, 0, 0, 0, 0] RK3 python=[1, 0, 0, 0, 0] deficits(shrink,envyFree,none)=[['2', '2', '2'], ['0', '-1', '-1'], ['-1', '-1', '-1'], ['neg', '0', '0'], ['neg', '0', '0']] agree witness failures 0 time 0.0s
k4_certs_5_n4_3.json.gz:4492 nwork C=5 python=5 classes C=[1, 1, 0, 1, 1] python=[1, 1, 0, 1, 1] RK3 python=[1, 1, 0, 1, 1] deficits(shrink,envyFree,none)=[['2', '2', '2'], ['2', '2', '2'], ['-1', '-1', '-1'], ['2', '2', '2'], ['2', '2', '2']] agree witness failures 0 time 0.0s
k4_certs_5_n4_3.json.gz:4492 nwork C=5 python=5 classes C=[1, 1, 1, 1, 1] python=[1, 1, 1, 1, 1] RK3 python=[1, 1, 1, 1, 1] deficits(shrink,envyFree,none)=[['2', '2', '2'], ['2', '2', '2'], ['2', '2', '2'], ['2', '2', '2'], ['2', '2', '2']] agree witness failures 0 time 0.0s
k4_certs_5_n4_3.json.gz:4503 nwork C=5 python=5 classes C=[1, 1, 1, 1, 1] python=[1, 1, 1, 1, 1] RK3 python=[1, 1, 1, 1, 1] deficits(shrink,envyFree,none)=[['2', '2', '2'], ['2', '2', '2'], ['2', '2', '2'], ['2', '2', '2'], ['2', '2', '2']] agree witness failures 0 time 0.0s
k4_certs_5_n4_3.json.gz:4503 nwork C=5 python=5 classes C=[1, 1, 1, 1, 1] python=[1, 1, 1, 1, 1] RK3 python=[1, 1, 1, 1, 1] deficits(shrink,envyFree,none)=[['2', '2', '2'], ['2', '2', '2'], ['2', '2', '2'], ['2', '2', '2'], ['2', '2', '2']] agree witness failures 0 time 0.0s
k4_certs_5_n4_3.json.gz:4503 nwork C=5 python=5 classes C=[1, 0, 0, 0, 0] python=[1, 0, 0, 0, 0] RK3 python=[1, 0, 0, 0, 0] deficits(shrink,envyFree,none)=[['2', '2', '2'], ['-1', '-1', '-1'], ['-1', '-1', '-1'], ['-1', '-1', '-1'], ['-1', '-1', '-1']] agree witness failures 0 time 0.0s
k4_certs_5_n4_3.json.gz:4503 nwork C=5 python=5 classes C=[1, 0, 1, 0, 0] python=[1, 0, 1, 0, 0] RK3 python=[1, 0, 1, 0, 0] deficits(shrink,envyFree,none)=[['1', '1', '1'], ['neg', '-2', '-2'], ['1', '1', '1'], ['neg', '-2', '-2'], ['neg', '-2', '-2']] agree witness failures 0 time 0.0s
k4_certs_5_n4_3.json.gz:4503 nwork C=5 python=5 classes C=[1, 0, 0, 0, 0] python=[1, 0, 0, 0, 0] RK3 python=[1, 0, 0, 0, 0] deficits(shrink,envyFree,none)=[['2', '2', '2'], ['-1', '-1', '-1'], ['-1', '-1', '-1'], ['-1', '-1', '-1'], ['-1', '-1', '-1']] agree witness failures 0 time 0.0s
k4_certs_5_n4_3.json.gz:4504 nwork C=5 python=5 classes C=[1, 1, 1, 1, 1] python=[1, 1, 1, 1, 1] RK3 python=[1, 1, 1, 1, 1] deficits(shrink,envyFree,none)=[['2', '2', '2'], ['2', '2', '2'], ['2', '2', '2'], ['2', '2', '2'], ['2', '2', '2']] agree witness failures 0 time 0.0s
k4_certs_5_n4_3.json.gz:4504 nwork C=5 python=5 classes C=[1, 1, 1, 1, 1] python=[1, 1, 1, 1, 1] RK3 python=[1, 1, 1, 1, 1] deficits(shrink,envyFree,none)=[['1', '1', '1'], ['1', '1', '1'], ['1', '1', '1'], ['1', '1', '1'], ['1', '1', '1']] agree witness failures 0 time 0.0s
k4_certs_5_n4_3.json.gz:4504 nwork C=5 python=5 classes C=[1, 1, 0, 1, 1] python=[1, 1, 0, 1, 1] RK3 python=[1, 1, 0, 1, 1] deficits(shrink,envyFree,none)=[['2', '2', '2'], ['2', '2', '2'], ['-1', '-1', '-1'], ['2', '2', '2'], ['2', '2', '2']] agree witness failures 0 time 0.0s
k4_certs_5_n4_3.json.gz:4504 nwork C=5 python=5 classes C=[0, 1, 0, 0, 0] python=[0, 1, 0, 0, 0] RK3 python=[0, 1, 0, 0, 0] deficits(shrink,envyFree,none)=[['0', '0', '0'], ['2', '2', '2'], ['0', '0', '0'], ['0', '0', '0'], ['0', '0', '0']] agree witness failures 0 time 0.0s
k4_certs_5_n4_3.json.gz:4505 nwork C=5 python=5 classes C=[1, 1, 1, 1, 1] python=[1, 1, 1, 1, 1] RK3 python=[1, 1, 1, 1, 1] deficits(shrink,envyFree,none)=[['2', '2', '2'], ['2', '2', '2'], ['2', '2', '2'], ['2', '2', '2'], ['2', '2', '2']] agree witness failures 0 time 0.0s
k4_certs_5_n4_3.json.gz:4505 nwork C=5 python=5 classes C=[0, 1, 0, 0, 0] python=[0, 1, 0, 0, 0] RK3 python=[0, 1, 0, 0, 0] deficits(shrink,envyFree,none)=[['0', '0', '0'], ['1', '1', '1'], ['neg', 'neg', '-3'], ['neg', 'neg', '-3'], ['neg', 'neg', '-3']] agree witness failures 0 time 0.0s
k4_certs_5_n4_3.json.gz:4505 nwork C=5 python=5 classes C=[1, 1, 1, 1, 0] python=[1, 1, 1, 1, 0] RK3 python=[1, 1, 1, 1, 0] deficits(shrink,envyFree,none)=[['2', '2', '2'], ['2', '2', '2'], ['2', '2', '2'], ['2', '2', '2'], ['neg', '-2', '-2']] agree witness failures 0 time 0.0s
k4_certs_5_n4_3.json.gz:4505 nwork C=5 python=5 classes C=[1, 1, 1, 1, 1] python=[1, 1, 1, 1, 1] RK3 python=[1, 1, 1, 1, 1] deficits(shrink,envyFree,none)=[['1', '1', '1'], ['2', '2', '2'], ['2', '2', '2'], ['2', '2', '2'], ['2', '2', '2']] agree witness failures 0 time 0.0s
k4_certs_5_n4_3.json.gz:4505 nwork C=5 python=5 classes C=[0, 1, 0, 1, 1] python=[0, 1, 0, 1, 1] RK3 python=[0, 1, 0, 1, 1] deficits(shrink,envyFree,none)=[['-1', '-1', '-1'], ['2', '2', '2'], ['-1', '-1', '-1'], ['2', '2', '2'], ['2', '2', '2']] agree witness failures 0 time 0.0s
k4_certs_5_n4_3.json.gz:4506 nwork C=5 python=5 classes C=[1, 1, 1, 1, 1] python=[1, 1, 1, 1, 1] RK3 python=[1, 1, 1, 1, 1] deficits(shrink,envyFree,none)=[['2', '2', '2'], ['2', '2', '2'], ['2', '2', '2'], ['2', '2', '2'], ['2', '2', '2']] agree witness failures 0 time 0.0s
k4_certs_5_n4_3.json.gz:4506 nwork C=5 python=5 classes C=[1, 0, 1, 0, 0] python=[1, 0, 1, 0, 0] RK3 python=[1, 0, 1, 0, 0] deficits(shrink,envyFree,none)=[['2', '2', '2'], ['neg', '-3', '-3'], ['2', '2', '2'], ['-1', '-1', '-1'], ['-1', '-1', '-1']] agree witness failures 0 time 0.0s
k4_certs_5_n4_3.json.gz:4506 nwork C=5 python=5 classes C=[1, 0, 1, 0, 1] python=[1, 0, 1, 0, 1] RK3 python=[1, 0, 1, 0, 1] deficits(shrink,envyFree,none)=[['2', '2', '2'], ['neg', '-2', '-2'], ['2', '2', '2'], ['neg', '-2', '-2'], ['2', '2', '2']] agree witness failures 0 time 0.0s
k4_certs_5_n4_3.json.gz:4506 nwork C=5 python=5 classes C=[1, 1, 1, 1, 0] python=[1, 1, 1, 1, 0] RK3 python=[1, 1, 1, 1, 0] deficits(shrink,envyFree,none)=[['2', '2', '2'], ['2', '2', '2'], ['2', '2', '2'], ['2', '2', '2'], ['neg', '-2', '-2']] agree witness failures 0 time 0.0s
k4_certs_5_n4_3.json.gz:4507 nwork C=5 python=5 classes C=[1, 1, 1, 1, 1] python=[1, 1, 1, 1, 1] RK3 python=[1, 1, 1, 1, 1] deficits(shrink,envyFree,none)=[['2', '2', '2'], ['2', '2', '2'], ['2', '2', '2'], ['2', '2', '2'], ['2', '2', '2']] agree witness failures 0 time 0.0s
k4_certs_5_n4_3.json.gz:4507 nwork C=5 python=5 classes C=[1, 1, 1, 1, 1] python=[1, 1, 1, 1, 1] RK3 python=[1, 1, 1, 1, 1] deficits(shrink,envyFree,none)=[['2', '2', '2'], ['2', '2', '2'], ['2', '2', '2'], ['2', '2', '2'], ['2', '2', '2']] agree witness failures 0 time 0.0s
k4_certs_5_n4_3.json.gz:4507 nwork C=5 python=5 classes C=[1, 0, 1, 0, 0] python=[1, 0, 1, 0, 0] RK3 python=[1, 0, 1, 0, 0] deficits(shrink,envyFree,none)=[['2', '2', '2'], ['neg', '-3', '-3'], ['2', '2', '2'], ['neg', '-3', '-3'], ['neg', '-3', '-3']] agree witness failures 0 time 0.0s
k4_certs_5_n4_3.json.gz:4507 nwork C=5 python=5 classes C=[1, 1, 1, 1, 1] python=[1, 1, 1, 1, 1] RK3 python=[1, 1, 1, 1, 1] deficits(shrink,envyFree,none)=[['2', '2', '2'], ['2', '2', '2'], ['2', '2', '2'], ['2', '2', '2'], ['2', '2', '2']] agree witness failures 0 time 0.0s
k4_certs_5_n4_3.json.gz:4508 nwork C=5 python=5 classes C=[1, 1, 1, 1, 1] python=[1, 1, 1, 1, 1] RK3 python=[1, 1, 1, 1, 1] deficits(shrink,envyFree,none)=[['2', '2', '2'], ['2', '2', '2'], ['2', '2', '2'], ['2', '2', '2'], ['2', '2', '2']] agree witness failures 0 time 0.0s
k4_certs_5_n4_3.json.gz:4508 nwork C=5 python=5 classes C=[0, 1, 0, 0, 0] python=[0, 1, 0, 0, 0] RK3 python=[0, 1, 0, 0, 0] deficits(shrink,envyFree,none)=[['neg', '-2', '-2'], ['2', '2', '2'], ['0', '0', '0'], ['neg', '-2', '-2'], ['neg', '-2', '-2']] agree witness failures 0 time 0.0s
k4_certs_5_n4_3.json.gz:4508 nwork C=5 python=5 classes C=[1, 1, 1, 1, 1] python=[1, 1, 1, 1, 1] RK3 python=[1, 1, 1, 1, 1] deficits(shrink,envyFree,none)=[['1', '1', '1'], ['1', '1', '1'], ['1', '1', '1'], ['1', '1', '1'], ['1', '1', '1']] agree witness failures 0 time 0.0s
k4_certs_5_n4_3.json.gz:4508 nwork C=5 python=5 classes C=[1, 0, 1, 1, 1] python=[1, 0, 1, 1, 1] RK3 python=[1, 0, 1, 1, 1] deficits(shrink,envyFree,none)=[['2', '2', '2'], ['neg', '-3', '-3'], ['2', '2', '2'], ['1', '1', '1'], ['1', '1', '1']] agree witness failures 0 time 0.0s
k4_certs_5_n4_3.json.gz:4508 nwork C=5 python=5 classes C=[0, 1, 0, 0, 0] python=[0, 1, 0, 0, 0] RK3 python=[0, 1, 0, 0, 0] deficits(shrink,envyFree,none)=[['-1', '-1', '-1'], ['2', '2', '2'], ['0', '0', '0'], ['-1', '-1', '-1'], ['-1', '-1', '-1']] agree witness failures 0 time 0.0s
k4_certs_5_n4_3.json.gz:4508 nwork C=5 python=5 classes C=[1, 1, 1, 1, 1] python=[1, 1, 1, 1, 1] RK3 python=[1, 1, 1, 1, 1] deficits(shrink,envyFree,none)=[['2', '2', '2'], ['2', '2', '2'], ['2', '2', '2'], ['2', '2', '2'], ['2', '2', '2']] agree witness failures 0 time 0.0s
k4_certs_5_n4_3.json.gz:4510 nwork C=5 python=5 classes C=[1, 1, 1, 1, 1] python=[1, 1, 1, 1, 1] RK3 python=[1, 1, 1, 1, 1] deficits(shrink,envyFree,none)=[['2', '2', '2'], ['2', '2', '2'], ['2', '2', '2'], ['2', '2', '2'], ['2', '2', '2']] agree witness failures 0 time 0.0s
k4_certs_5_n4_3.json.gz:4510 nwork C=5 python=5 classes C=[1, 1, 1, 1, 1] python=[1, 1, 1, 1, 1] RK3 python=[1, 1, 1, 1, 1] deficits(shrink,envyFree,none)=[['2', '2', '2'], ['2', '2', '2'], ['2', '2', '2'], ['2', '2', '2'], ['2', '2', '2']] agree witness failures 0 time 0.0s
k4_certs_5_n4_3.json.gz:4510 nwork C=5 python=5 classes C=[1, 0, 0, 0, 0] python=[1, 0, 0, 0, 0] RK3 python=[1, 0, 0, 0, 0] deficits(shrink,envyFree,none)=[['2', '2', '2'], ['neg', '-3', '-3'], ['neg', '-3', '-3'], ['-1', '-1', '-1'], ['neg', '-3', '-3']] agree witness failures 0 time 0.0s
k4_certs_5_n4_3.json.gz:4510 nwork C=5 python=5 classes C=[1, 1, 0, 1, 1] python=[1, 1, 0, 1, 1] RK3 python=[1, 1, 0, 1, 1] deficits(shrink,envyFree,none)=[['1', '1', '1'], ['1', '1', '1'], ['0', '0', '0'], ['1', '1', '1'], ['1', '1', '1']] agree witness failures 0 time 0.0s
k4_certs_5_n4_3.json.gz:4510 nwork C=5 python=5 classes C=[1, 0, 0, 0, 0] python=[1, 0, 0, 0, 0] RK3 python=[1, 0, 0, 0, 0] deficits(shrink,envyFree,none)=[['2', '2', '2'], ['neg', '-2', '-2'], ['neg', 'neg', '-2'], ['neg', 'neg', '-2'], ['neg', '-2', '-2']] agree witness failures 0 time 0.0s
k4_certs_5_n4_3.json.gz:4510 nwork C=5 python=5 classes C=[1, 0, 0, 0, 0] python=[1, 0, 0, 0, 0] RK3 python=[1, 0, 0, 0, 0] deficits(shrink,envyFree,none)=[['1', '1', '1'], ['-1', '-1', '-1'], ['neg', 'neg', '-3'], ['neg', 'neg', '-3'], ['-1', '-1', '-1']] agree witness failures 0 time 0.0s
k4_certs_5_n4_3.json.gz:4512 nwork C=5 python=5 classes C=[1, 1, 1, 1, 1] python=[1, 1, 1, 1, 1] RK3 python=[1, 1, 1, 1, 1] deficits(shrink,envyFree,none)=[['2', '2', '2'], ['2', '2', '2'], ['2', '2', '2'], ['2', '2', '2'], ['2', '2', '2']] agree witness failures 0 time 0.0s
k4_certs_5_n4_3.json.gz:4512 nwork C=5 python=5 classes C=[0, 1, 0, 0, 1] python=[0, 1, 0, 0, 1] RK3 python=[0, 1, 0, 0, 1] deficits(shrink,envyFree,none)=[['-1', '-1', '-1'], ['1', '1', '1'], ['neg', '-2', '-2'], ['neg', '-2', '-2'], ['2', '2', '2']] agree witness failures 0 time 0.0s
k4_certs_5_n4_3.json.gz:4512 nwork C=5 python=5 classes C=[1, 0, 0, 1, 0] python=[1, 0, 0, 1, 0] RK3 python=[1, 0, 0, 1, 0] deficits(shrink,envyFree,none)=[['2', '2', '2'], ['neg', '-3', '-3'], ['neg', '-3', '-3'], ['2', '2', '2'], ['neg', '-3', '-3']] agree witness failures 0 time 0.0s
k4_certs_5_n4_3.json.gz:4512 nwork C=5 python=5 classes C=[1, 0, 0, 0, 0] python=[1, 0, 0, 0, 0] RK3 python=[1, 0, 0, 0, 0] deficits(shrink,envyFree,none)=[['2', '2', '2'], ['-1', '-1', '-1'], ['-1', '-1', '-1'], ['-1', '-1', '-1'], ['-1', '-1', '-1']] agree witness failures 0 time 0.0s
k4_certs_5_n4_3.json.gz:4512 nwork C=5 python=5 classes C=[1, 0, 0, 0, 0] python=[1, 0, 0, 0, 0] RK3 python=[1, 0, 0, 0, 0] deficits(shrink,envyFree,none)=[['2', '2', '2'], ['-1', '-1', '-1'], ['-1', '-1', '-1'], ['-1', '-1', '-1'], ['-1', '-1', '-1']] agree witness failures 0 time 0.0s
k4_certs_5_n4_3.json.gz:4525 nwork C=5 python=5 classes C=[1, 1, 1, 1, 1] python=[1, 1, 1, 1, 1] RK3 python=[1, 1, 1, 1, 1] deficits(shrink,envyFree,none)=[['2', '2', '2'], ['2', '2', '2'], ['2', '2', '2'], ['2', '2', '2'], ['2', '2', '2']] agree witness failures 0 time 0.0s
k4_certs_5_n4_3.json.gz:4525 nwork C=5 python=5 classes C=[1, 1, 1, 1, 1] python=[1, 1, 1, 1, 1] RK3 python=[1, 1, 1, 1, 1] deficits(shrink,envyFree,none)=[['1', '1', '1'], ['1', '1', '1'], ['1', '1', '1'], ['1', '1', '1'], ['1', '1', '1']] agree witness failures 0 time 0.0s
k4_certs_5_n4_3.json.gz:4525 nwork C=5 python=5 classes C=[1, 0, 0, 0, 0] python=[1, 0, 0, 0, 0] RK3 python=[1, 0, 0, 0, 0] deficits(shrink,envyFree,none)=[['2', '2', '2'], ['neg', 'neg', '-2'], ['neg', '-2', '-2'], ['neg', 'neg', '-2'], ['neg', 'neg', '-2']] agree witness failures 0 time 0.0s
k4_certs_5_n4_3.json.gz:4525 nwork C=5 python=5 classes C=[1, 1, 0, 1, 1] python=[1, 1, 0, 1, 1] RK3 python=[1, 1, 0, 1, 1] deficits(shrink,envyFree,none)=[['2', '2', '2'], ['2', '2', '2'], ['neg', '-2', '-2'], ['2', '2', '2'], ['2', '2', '2']] agree witness failures 0 time 0.0s
k4_certs_5_n4_3.json.gz:4525 nwork C=5 python=5 classes C=[1, 1, 1, 1, 1] python=[1, 1, 1, 1, 1] RK3 python=[1, 1, 1, 1, 1] deficits(shrink,envyFree,none)=[['1', '1', '1'], ['1', '1', '1'], ['1', '1', '1'], ['1', '1', '1'], ['1', '1', '1']] agree witness failures 0 time 0.0s
k4_certs_5_n4_3.json.gz:4527 nwork C=5 python=5 classes C=[1, 1, 1, 1, 1] python=[1, 1, 1, 1, 1] RK3 python=[1, 1, 1, 1, 1] deficits(shrink,envyFree,none)=[['2', '2', '2'], ['2', '2', '2'], ['2', '2', '2'], ['2', '2', '2'], ['2', '2', '2']] agree witness failures 0 time 0.0s
k4_certs_5_n4_3.json.gz:4527 nwork C=5 python=5 classes C=[1, 1, 1, 1, 1] python=[1, 1, 1, 1, 1] RK3 python=[1, 1, 1, 1, 1] deficits(shrink,envyFree,none)=[['1', '1', '1'], ['1', '1', '1'], ['1', '1', '1'], ['1', '1', '1'], ['1', '1', '1']] agree witness failures 0 time 0.0s
k4_certs_5_n4_3.json.gz:4527 nwork C=5 python=5 classes C=[1, 1, 0, 0, 1] python=[1, 1, 0, 0, 1] RK3 python=[1, 1, 0, 0, 1] deficits(shrink,envyFree,none)=[['2', '2', '2'], ['2', '2', '2'], ['0', '0', '0'], ['0', '0', '0'], ['2', '2', '2']] agree witness failures 0 time 0.0s
k4_certs_5_n4_3.json.gz:4527 nwork C=5 python=5 classes C=[1, 0, 0, 0, 0] python=[1, 0, 0, 0, 0] RK3 python=[1, 0, 0, 0, 0] deficits(shrink,envyFree,none)=[['2', '2', '2'], ['neg', 'neg', '-2'], ['neg', '-2', '-2'], ['neg', 'neg', '-2'], ['neg', 'neg', '-2']] agree witness failures 0 time 0.0s
k4_certs_5_n4_3.json.gz:4527 nwork C=5 python=5 classes C=[0, 1, 0, 0, 0] python=[0, 1, 0, 0, 0] RK3 python=[0, 1, 0, 0, 0] deficits(shrink,envyFree,none)=[['neg', 'neg', 'neg'], ['2', '2', '2'], ['neg', 'neg', 'neg'], ['neg', 'neg', 'neg'], ['neg', 'neg', 'neg']] agree witness failures 0 time 0.0s
k4_certs_5_n4_3.json.gz:4532 nwork C=5 python=5 classes C=[1, 1, 1, 1, 1] python=[1, 1, 1, 1, 1] RK3 python=[1, 1, 1, 1, 1] deficits(shrink,envyFree,none)=[['2', '2', '2'], ['2', '2', '2'], ['2', '2', '2'], ['2', '2', '2'], ['2', '2', '2']] agree witness failures 0 time 0.0s
k4_certs_5_n4_3.json.gz:4532 nwork C=5 python=5 classes C=[1, 1, 0, 0, 0] python=[1, 1, 0, 0, 0] RK3 python=[1, 1, 0, 0, 0] deficits(shrink,envyFree,none)=[['1', '1', '1'], ['1', '1', '1'], ['neg', '-3', '-3'], ['neg', '-3', '-3'], ['neg', '-3', '-3']] agree witness failures 0 time 0.0s
k4_certs_5_n4_3.json.gz:4532 nwork C=5 python=5 classes C=[1, 0, 0, 0, 0] python=[1, 0, 0, 0, 0] RK3 python=[1, 0, 0, 0, 0] deficits(shrink,envyFree,none)=[['2', '2', '2'], ['-1', '-1', '-1'], ['-1', '-1', '-1'], ['0', '0', '0'], ['0', '0', '0']] agree witness failures 0 time 0.0s
k4_certs_5_n4_3.json.gz:4532 nwork C=5 python=5 classes C=[1, 1, 0, 0, 0] python=[1, 1, 0, 0, 0] RK3 python=[1, 1, 0, 0, 0] deficits(shrink,envyFree,none)=[['1', '1', '1'], ['1', '1', '1'], ['-2', '-2', '-2'], ['-2', '-2', '-2'], ['-2', '-2', '-2']] agree witness failures 0 time 0.0s
k4_certs_5_n4_3.json.gz:4545 nwork C=5 python=5 classes C=[1, 1, 1, 1, 1] python=[1, 1, 1, 1, 1] RK3 python=[1, 1, 1, 1, 1] deficits(shrink,envyFree,none)=[['2', '2', '2'], ['2', '2', '2'], ['2', '2', '2'], ['2', '2', '2'], ['2', '2', '2']] agree witness failures 0 time 0.0s
k4_certs_5_n4_3.json.gz:4545 nwork C=5 python=5 classes C=[0, 1, 0, 0, 0] python=[0, 1, 0, 0, 0] RK3 python=[0, 1, 0, 0, 0] deficits(shrink,envyFree,none)=[['-1', '-1', '-1'], ['2', '2', '2'], ['neg', 'neg', '-3'], ['neg', 'neg', '-3'], ['0', '0', '0']] agree witness failures 0 time 0.0s
k4_certs_5_n4_3.json.gz:4545 nwork C=5 python=5 classes C=[0, 1, 0, 0, 0] python=[0, 1, 0, 0, 0] RK3 python=[0, 1, 0, 0, 0] deficits(shrink,envyFree,none)=[['-1', '-1', '-1'], ['2', '2', '2'], ['neg', '-2', '-2'], ['neg', 'neg', '-2'], ['neg', 'neg', '-2']] agree witness failures 0 time 0.0s
k4_certs_5_n4_3.json.gz:4545 nwork C=5 python=5 classes C=[1, 1, 1, 1, 1] python=[1, 1, 1, 1, 1] RK3 python=[1, 1, 1, 1, 1] deficits(shrink,envyFree,none)=[['2', '2', '2'], ['2', '2', '2'], ['2', '2', '2'], ['2', '2', '2'], ['2', '2', '2']] agree witness failures 0 time 0.0s
k4_certs_5_n4_3.json.gz:4545 nwork C=5 python=5 classes C=[0, 1, 0, 0, 0] python=[0, 1, 0, 0, 0] RK3 python=[0, 1, 0, 0, 0] deficits(shrink,envyFree,none)=[['-1', '-1', '-1'], ['1', '1', '1'], ['neg', 'neg', '-3'], ['neg', 'neg', '-3'], ['0', '0', '0']] agree witness failures 0 time 0.0s
k4_certs_5_n4_3.json.gz:4547 nwork C=5 python=5 classes C=[1, 1, 1, 1, 1] python=[1, 1, 1, 1, 1] RK3 python=[1, 1, 1, 1, 1] deficits(shrink,envyFree,none)=[['2', '2', '2'], ['2', '2', '2'], ['2', '2', '2'], ['2', '2', '2'], ['2', '2', '2']] agree witness failures 0 time 0.0s
k4_certs_5_n4_3.json.gz:4547 nwork C=5 python=5 classes C=[1, 1, 0, 1, 1] python=[1, 1, 0, 1, 1] RK3 python=[1, 1, 0, 1, 1] deficits(shrink,envyFree,none)=[['2', '2', '2'], ['2', '2', '2'], ['neg', '-2', '-2'], ['2', '2', '2'], ['2', '2', '2']] agree witness failures 0 time 0.0s
k4_certs_5_n4_3.json.gz:4547 nwork C=5 python=5 classes C=[0, 1, 0, 0, 0] python=[0, 1, 0, 0, 0] RK3 python=[0, 1, 0, 0, 0] deficits(shrink,envyFree,none)=[['neg', '-2', '-2'], ['2', '2', '2'], ['neg', 'neg', '-3'], ['neg', 'neg', '-3'], ['neg', '-2', '-2']] agree witness failures 0 time 0.0s
k4_certs_5_n4_3.json.gz:4547 nwork C=5 python=5 classes C=[1, 1, 1, 1, 1] python=[1, 1, 1, 1, 1] RK3 python=[1, 1, 1, 1, 1] deficits(shrink,envyFree,none)=[['1', '1', '1'], ['1', '1', '1'], ['1', '1', '1'], ['1', '1', '1'], ['1', '1', '1']] agree witness failures 0 time 0.0s
k4_certs_5_n4_3.json.gz:4550 nwork C=5 python=5 classes C=[1, 1, 1, 1, 1] python=[1, 1, 1, 1, 1] RK3 python=[1, 1, 1, 1, 1] deficits(shrink,envyFree,none)=[['2', '2', '2'], ['2', '2', '2'], ['2', '2', '2'], ['2', '2', '2'], ['2', '2', '2']] agree witness failures 0 time 0.0s
k4_certs_5_n4_3.json.gz:4550 nwork C=5 python=5 classes C=[0, 1, 0, 0, 0] python=[0, 1, 0, 0, 0] RK3 python=[0, 1, 0, 0, 0] deficits(shrink,envyFree,none)=[['0', '-1', '-1'], ['2', '2', '2'], ['0', '0', '0'], ['neg', 'neg', '-1'], ['neg', 'neg', '-1']] agree witness failures 0 time 0.0s
k4_certs_5_n4_3.json.gz:4550 nwork C=5 python=5 classes C=[1, 1, 1, 0, 1] python=[1, 1, 1, 0, 1] RK3 python=[1, 1, 1, 0, 1] deficits(shrink,envyFree,none)=[['2', '2', '2'], ['2', '2', '2'], ['2', '2', '2'], ['neg', '-2', '-2'], ['2', '2', '2']] agree witness failures 0 time 0.0s
k4_certs_5_n4_3.json.gz:4550 nwork C=5 python=5 classes C=[1, 0, 1, 0, 0] python=[1, 0, 1, 0, 0] RK3 python=[1, 0, 1, 0, 0] deficits(shrink,envyFree,none)=[['2', '2', '2'], ['neg', '-3', '-3'], ['2', '2', '2'], ['neg', '-3', '-3'], ['neg', '-3', '-3']] agree witness failures 0 time 0.0s
k4_certs_5_n4_3.json.gz:4550 nwork C=5 python=5 classes C=[1, 0, 1, 0, 0] python=[1, 0, 1, 0, 0] RK3 python=[1, 0, 1, 0, 0] deficits(shrink,envyFree,none)=[['1', '1', '1'], ['-1', '-1', '-1'], ['1', '1', '1'], ['-1', '-1', '-1'], ['-1', '-1', '-1']] agree witness failures 0 time 0.0s
k4_certs_5_n4_3.json.gz:4550 nwork C=5 python=5 classes C=[0, 1, 0, 0, 0] python=[0, 1, 0, 0, 0] RK3 python=[0, 1, 0, 0, 0] deficits(shrink,envyFree,none)=[['0', '-1', '-1'], ['2', '2', '2'], ['0', '0', '0'], ['neg', 'neg', '-1'], ['neg', 'neg', '-1']] agree witness failures 0 time 0.0s
k4_certs_5_n4_3.json.gz:4551 nwork C=5 python=5 classes C=[1, 1, 1, 1, 1] python=[1, 1, 1, 1, 1] RK3 python=[1, 1, 1, 1, 1] deficits(shrink,envyFree,none)=[['2', '2', '2'], ['2', '2', '2'], ['2', '2', '2'], ['2', '2', '2'], ['2', '2', '2']] agree witness failures 0 time 0.0s
k4_certs_5_n4_3.json.gz:4551 nwork C=5 python=5 classes C=[1, 1, 1, 1, 1] python=[1, 1, 1, 1, 1] RK3 python=[1, 1, 1, 1, 1] deficits(shrink,envyFree,none)=[['1', '1', '1'], ['1', '1', '1'], ['1', '1', '1'], ['1', '1', '1'], ['1', '1', '1']] agree witness failures 0 time 0.0s
k4_certs_5_n4_3.json.gz:4551 nwork C=5 python=5 classes C=[1, 1, 1, 1, 1] python=[1, 1, 1, 1, 1] RK3 python=[1, 1, 1, 1, 1] deficits(shrink,envyFree,none)=[['1', '1', '1'], ['1', '1', '1'], ['1', '1', '1'], ['1', '1', '1'], ['1', '1', '1']] agree witness failures 0 time 0.0s
k4_certs_5_n4_3.json.gz:4552 nwork C=5 python=5 classes C=[1, 1, 1, 1, 1] python=[1, 1, 1, 1, 1] RK3 python=[1, 1, 1, 1, 1] deficits(shrink,envyFree,none)=[['2', '2', '2'], ['2', '2', '2'], ['2', '2', '2'], ['2', '2', '2'], ['2', '2', '2']] agree witness failures 0 time 0.0s
k4_certs_5_n4_3.json.gz:4552 nwork C=5 python=5 classes C=[0, 0, 1, 1, 0] python=[0, 0, 1, 1, 0] RK3 python=[0, 0, 1, 1, 0] deficits(shrink,envyFree,none)=[['0', '0', '0'], ['0', '0', '0'], ['2', '2', '2'], ['2', '2', '2'], ['-1', '-1', '-1']] agree witness failures 0 time 0.0s
k4_certs_5_n4_3.json.gz:4552 nwork C=5 python=5 classes C=[1, 1, 1, 1, 1] python=[1, 1, 1, 1, 1] RK3 python=[1, 1, 1, 1, 1] deficits(shrink,envyFree,none)=[['2', '2', '2'], ['2', '2', '2'], ['2', '2', '2'], ['2', '2', '2'], ['2', '2', '2']] agree witness failures 0 time 0.0s
k4_certs_5_n4_3.json.gz:4552 nwork C=5 python=5 classes C=[1, 1, 1, 0, 1] python=[1, 1, 1, 0, 1] RK3 python=[1, 1, 1, 0, 1] deficits(shrink,envyFree,none)=[['2', '2', '2'], ['2', '2', '2'], ['2', '2', '2'], ['-1', '-1', '-1'], ['2', '2', '2']] agree witness failures 0 time 0.0s
k4_certs_5_n4_3.json.gz:4552 nwork C=5 python=5 classes C=[1, 0, 1, 0, 1] python=[1, 0, 1, 0, 1] RK3 python=[1, 0, 1, 0, 1] deficits(shrink,envyFree,none)=[['2', '2', '2'], ['-1', '-1', '-1'], ['2', '2', '2'], ['0', '0', '0'], ['2', '2', '2']] agree witness failures 0 time 0.0s
k4_certs_5_n4_3.json.gz:4552 nwork C=5 python=5 classes C=[1, 1, 1, 1, 0] python=[1, 1, 1, 1, 0] RK3 python=[1, 1, 1, 1, 0] deficits(shrink,envyFree,none)=[['2', '2', '2'], ['2', '2', '2'], ['2', '2', '2'], ['2', '2', '2'], ['-1', '-1', '-1']] agree witness failures 0 time 0.0s
k4_certs_5_n4_3.json.gz:4553 nwork C=5 python=5 classes C=[1, 1, 1, 1, 1] python=[1, 1, 1, 1, 1] RK3 python=[1, 1, 1, 1, 1] deficits(shrink,envyFree,none)=[['2', '2', '2'], ['2', '2', '2'], ['2', '2', '2'], ['2', '2', '1'], ['2', '2', '2']] agree witness failures 0 time 0.0s
k4_certs_5_n4_3.json.gz:4553 nwork C=5 python=5 classes C=[1, 1, 1, 1, 1] python=[1, 1, 1, 1, 1] RK3 python=[1, 1, 1, 0, 1] deficits(shrink,envyFree,none)=[['1', '1', '1'], ['1', '1', '1'], ['1', '1', '1'], ['1', '1', '0'], ['1', '1', '1']] agree witness failures 0 time 0.0s
k4_certs_5_n4_3.json.gz:4553 nwork C=5 python=5 classes C=[1, 1, 1, 1, 1] python=[1, 1, 1, 1, 1] RK3 python=[1, 1, 1, 0, 1] deficits(shrink,envyFree,none)=[['1', '1', '1'], ['1', '1', '1'], ['1', '1', '1'], ['1', '1', '0'], ['1', '1', '1']] agree witness failures 0 time 0.0s
k4_certs_5_n4_3.json.gz:4553 nwork C=5 python=5 classes C=[1, 0, 0, 0, 0] python=[1, 0, 0, 0, 0] RK3 python=[1, 0, 0, 0, 0] deficits(shrink,envyFree,none)=[['2', '2', '1'], ['neg', 'neg', '-2'], ['neg', '-2', '-1'], ['neg', 'neg', '-2'], ['neg', 'neg', '-2']] agree witness failures 0 time 0.0s
k4_certs_5_n4_3.json.gz:4553 nwork C=5 python=5 classes C=[1, 0, 0, 0, 0] python=[1, 0, 0, 0, 0] RK3 python=[1, 0, 0, 0, 0] deficits(shrink,envyFree,none)=[['2', '2', '1'], ['neg', 'neg', '-2'], ['neg', '-2', '-1'], ['neg', 'neg', '-2'], ['neg', 'neg', '-2']] agree witness failures 0 time 0.0s
k4_certs_5_n4_3.json.gz:4553 nwork C=5 python=5 classes C=[0, 1, 1, 0, 0] python=[0, 1, 1, 0, 0] RK3 python=[0, 1, 1, 0, 0] deficits(shrink,envyFree,none)=[['neg', '-2', '-2'], ['1', '1', '1'], ['2', '2', '2'], ['neg', '-2', '-2'], ['neg', '-2', '-2']] agree witness failures 0 time 0.0s
k4_certs_5_n4_3.json.gz:4669 nwork C=5 python=5 classes C=[1, 1, 1, 1, 1] python=[1, 1, 1, 1, 1] RK3 python=[1, 1, 1, 1, 1] deficits(shrink,envyFree,none)=[['2', '2', '2'], ['2', '2', '2'], ['2', '2', '2'], ['2', '2', '2'], ['2', '2', '2']] agree witness failures 0 time 0.0s
k4_certs_5_n4_3.json.gz:4669 nwork C=5 python=5 classes C=[0, 0, 1, 1, 1] python=[0, 0, 1, 1, 1] RK3 python=[0, 0, 1, 1, 1] deficits(shrink,envyFree,none)=[['-1', '-1', '-1'], ['neg', '-1', '-1'], ['1', '1', '1'], ['1', '1', '1'], ['1', '1', '1']] agree witness failures 0 time 0.0s
k4_certs_5_n4_3.json.gz:4669 nwork C=5 python=5 classes C=[1, 1, 0, 0, 0] python=[1, 1, 0, 0, 0] RK3 python=[1, 1, 0, 0, 0] deficits(shrink,envyFree,none)=[['2', '2', '2'], ['2', '2', '2'], ['-1', '-1', '-1'], ['-1', '-1', '-1'], ['-1', '-1', '-1']] agree witness failures 0 time 0.0s
k4_certs_5_n4_3.json.gz:4669 nwork C=5 python=5 classes C=[1, 1, 0, 0, 0] python=[1, 1, 0, 0, 0] RK3 python=[1, 1, 0, 0, 0] deficits(shrink,envyFree,none)=[['2', '2', '2'], ['2', '2', '2'], ['-1', '-1', '-1'], ['-1', '-1', '-1'], ['-1', '-1', '-1']] agree witness failures 0 time 0.0s
k4_certs_5_n4_3.json.gz:4669 nwork C=5 python=5 classes C=[1, 1, 1, 1, 1] python=[1, 1, 1, 1, 1] RK3 python=[1, 1, 1, 1, 1] deficits(shrink,envyFree,none)=[['2', '2', '2'], ['2', '2', '2'], ['2', '2', '2'], ['2', '2', '2'], ['2', '2', '2']] agree witness failures 0 time 0.0s
k4_certs_5_n4_3.json.gz:4669 nwork C=5 python=5 classes C=[1, 1, 0, 0, 0] python=[1, 1, 0, 0, 0] RK3 python=[1, 1, 0, 0, 0] deficits(shrink,envyFree,none)=[['1', '1', '1'], ['1', '1', '1'], ['-1', '-1', '-1'], ['neg', '-1', '-1'], ['neg', '-1', '-1']] agree witness failures 0 time 0.0s
k4_certs_5_n4_3.json.gz:4670 nwork C=5 python=5 classes C=[1, 1, 1, 1, 1] python=[1, 1, 1, 1, 1] RK3 python=[1, 1, 1, 1, 1] deficits(shrink,envyFree,none)=[['2', '2', '2'], ['2', '2', '2'], ['2', '2', '2'], ['2', '2', '2'], ['2', '2', '2']] agree witness failures 0 time 0.0s
k4_certs_5_n4_3.json.gz:4670 nwork C=5 python=5 classes C=[0, 0, 1, 1, 1] python=[0, 0, 1, 1, 1] RK3 python=[0, 0, 1, 1, 1] deficits(shrink,envyFree,none)=[['-1', '-1', '-1'], ['-1', '-1', '-1'], ['1', '1', '1'], ['1', '1', '1'], ['1', '1', '1']] agree witness failures 0 time 0.0s
k4_certs_5_n4_3.json.gz:4670 nwork C=5 python=5 classes C=[1, 1, 1, 1, 0] python=[1, 1, 1, 1, 0] RK3 python=[1, 1, 1, 1, 0] deficits(shrink,envyFree,none)=[['2', '2', '2'], ['2', '2', '2'], ['2', '2', '2'], ['2', '2', '2'], ['neg', '-2', '-2']] agree witness failures 0 time 0.0s
k4_certs_5_n4_3.json.gz:4670 nwork C=5 python=5 classes C=[1, 1, 1, 1, 1] python=[1, 1, 1, 1, 1] RK3 python=[1, 1, 1, 1, 1] deficits(shrink,envyFree,none)=[['1', '1', '1'], ['2', '2', '2'], ['1', '1', '1'], ['1', '1', '1'], ['1', '1', '1']] agree witness failures 0 time 0.0s
k4_certs_5_n4_3.json.gz:4670 nwork C=5 python=5 classes C=[1, 0, 1, 1, 1] python=[1, 0, 1, 1, 1] RK3 python=[1, 0, 1, 1, 1] deficits(shrink,envyFree,none)=[['2', '2', '2'], ['-1', '-1', '-1'], ['2', '2', '2'], ['2', '2', '2'], ['2', '2', '2']] agree witness failures 0 time 0.0s
k4_certs_5_n4_3.json.gz:4671 nwork C=5 python=5 classes C=[1, 1, 1, 1, 1] python=[1, 1, 1, 1, 1] RK3 python=[1, 1, 1, 1, 1] deficits(shrink,envyFree,none)=[['2', '2', '2'], ['2', '2', '2'], ['2', '2', '2'], ['2', '2', '2'], ['2', '2', '2']] agree witness failures 0 time 0.1s
k4_certs_5_n4_3.json.gz:4671 nwork C=5 python=5 classes C=[1, 1, 1, 1, 0] python=[1, 1, 1, 1, 0] RK3 python=[1, 1, 1, 1, 0] deficits(shrink,envyFree,none)=[['2', '2', '2'], ['2', '2', '2'], ['2', '2', '2'], ['2', '2', '2'], ['neg', '-2', '-2']] agree witness failures 0 time 0.0s
k4_certs_5_n4_3.json.gz:4671 nwork C=5 python=5 classes C=[1, 1, 1, 0, 0] python=[1, 1, 1, 0, 0] RK3 python=[1, 1, 1, 0, 0] deficits(shrink,envyFree,none)=[['2', '2', '2'], ['1', '1', '1'], ['2', '2', '2'], ['neg', '0', '0'], ['neg', '0', '0']] agree witness failures 0 time 0.1s
k4_certs_5_n4_3.json.gz:4671 nwork C=5 python=5 classes C=[1, 1, 0, 0, 0] python=[1, 1, 0, 0, 0] RK3 python=[1, 1, 0, 0, 0] deficits(shrink,envyFree,none)=[['2', '2', '2'], ['2', '2', '2'], ['neg', '-3', '-3'], ['neg', '-3', '-3'], ['neg', '-3', '-3']] agree witness failures 0 time 0.0s
k4_certs_5_n4_3.json.gz:4671 nwork C=5 python=5 classes C=[0, 1, 0, 0, 0] python=[0, 1, 0, 0, 0] RK3 python=[0, 1, 0, 0, 0] deficits(shrink,envyFree,none)=[['neg', '-1', '-1'], ['1', '1', '1'], ['neg', '-1', '-1'], ['neg', '-1', '-1'], ['neg', '-1', '-1']] agree witness failures 0 time 0.0s
k4_certs_5_n4_3.json.gz:4673 nwork C=5 python=5 classes C=[1, 1, 1, 1, 1] python=[1, 1, 1, 1, 1] RK3 python=[1, 1, 1, 1, 1] deficits(shrink,envyFree,none)=[['2', '2', '2'], ['2', '2', '2'], ['2', '2', '2'], ['2', '2', '2'], ['2', '2', '2']] agree witness failures 0 time 0.0s
k4_certs_5_n4_3.json.gz:4673 nwork C=5 python=5 classes C=[1, 1, 1, 1, 1] python=[1, 1, 1, 1, 1] RK3 python=[1, 1, 1, 1, 1] deficits(shrink,envyFree,none)=[['2', '2', '2'], ['2', '2', '2'], ['2', '2', '2'], ['2', '2', '2'], ['2', '2', '2']] agree witness failures 0 time 0.0s
k4_certs_5_n4_3.json.gz:4673 nwork C=5 python=5 classes C=[1, 1, 1, 1, 0] python=[1, 1, 1, 1, 0] RK3 python=[1, 1, 1, 1, 0] deficits(shrink,envyFree,none)=[['2', '2', '2'], ['2', '2', '2'], ['2', '2', '2'], ['2', '2', '2'], ['0', '0', '0']] agree witness failures 0 time 0.0s
k4_certs_5_n4_3.json.gz:4673 nwork C=5 python=5 classes C=[0, 1, 0, 0, 0] python=[0, 1, 0, 0, 0] RK3 python=[0, 1, 0, 0, 0] deficits(shrink,envyFree,none)=[['-1', '0', '0'], ['2', '2', '2'], ['-1', '0', '0'], ['-1', '0', '0'], ['-1', '0', '0']] agree witness failures 0 time 0.0s
k4_certs_5_n4_3.json.gz:4672 nwork C=5 python=5 classes C=[1, 1, 1, 1, 1] python=[1, 1, 1, 1, 1] RK3 python=[1, 1, 1, 1, 1] deficits(shrink,envyFree,none)=[['2', '2', '2'], ['2', '2', '2'], ['2', '2', '2'], ['2', '2', '2'], ['2', '2', '2']] agree witness failures 0 time 0.1s
k4_certs_5_n4_3.json.gz:4672 nwork C=5 python=5 classes C=[1, 0, 1, 1, 1] python=[1, 0, 1, 1, 1] RK3 python=[1, 0, 1, 1, 1] deficits(shrink,envyFree,none)=[['2', '2', '2'], ['-1', '-1', '-1'], ['2', '2', '2'], ['2', '2', '2'], ['2', '2', '2']] agree witness failures 0 time 0.0s
k4_certs_5_n4_3.json.gz:4672 nwork C=5 python=5 classes C=[1, 1, 0, 0, 0] python=[1, 1, 0, 0, 0] RK3 python=[1, 1, 0, 0, 0] deficits(shrink,envyFree,none)=[['2', '2', '2'], ['2', '2', '2'], ['neg', '-1', '-1'], ['neg', '-1', '-1'], ['neg', '-1', '-1']] agree witness failures 0 time 0.0s
k4_certs_5_n4_3.json.gz:4674 nwork C=5 python=5 classes C=[1, 1, 1, 1, 1] python=[1, 1, 1, 1, 1] RK3 python=[1, 1, 1, 1, 1] deficits(shrink,envyFree,none)=[['2', '2', '2'], ['2', '2', '2'], ['2', '2', '2'], ['2', '2', '2'], ['2', '2', '2']] agree witness failures 0 time 0.0s
k4_certs_5_n4_3.json.gz:4674 nwork C=5 python=5 classes C=[0, 1, 1, 0, 0] python=[0, 1, 1, 0, 0] RK3 python=[0, 1, 1, 0, 0] deficits(shrink,envyFree,none)=[['-1', '-1', '-1'], ['2', '2', '2'], ['2', '2', '2'], ['-1', '-1', '-1'], ['-1', '-1', '-1']] agree witness failures 0 time 0.0s
k4_certs_5_n4_3.json.gz:4674 nwork C=5 python=5 classes C=[1, 1, 1, 1, 1] python=[1, 1, 1, 1, 1] RK3 python=[1, 1, 1, 1, 1] deficits(shrink,envyFree,none)=[['1', '1', '1'], ['1', '1', '1'], ['1', '1', '1'], ['1', '1', '1'], ['1', '1', '1']] agree witness failures 0 time 0.0s
k4_certs_5_n4_3.json.gz:4674 nwork C=5 python=5 classes C=[0, 1, 1, 0, 0] python=[0, 1, 1, 0, 0] RK3 python=[0, 1, 1, 0, 0] deficits(shrink,envyFree,none)=[['-1', '-1', '-1'], ['2', '2', '2'], ['2', '2', '2'], ['-1', '-1', '-1'], ['-1', '-1', '-1']] agree witness failures 0 time 0.0s
k4_certs_5_n4_3.json.gz:4674 nwork C=5 python=5 classes C=[1, 0, 0, 1, 1] python=[1, 0, 0, 1, 1] RK3 python=[1, 0, 0, 1, 1] deficits(shrink,envyFree,none)=[['1', '1', '1'], ['0', '0', '0'], ['0', '0', '0'], ['1', '1', '1'], ['1', '1', '1']] agree witness failures 0 time 0.0s
k4_certs_5_n4_3.json.gz:4675 nwork C=5 python=5 classes C=[1, 1, 1, 1, 1] python=[1, 1, 1, 1, 1] RK3 python=[1, 1, 1, 1, 1] deficits(shrink,envyFree,none)=[['2', '2', '2'], ['2', '2', '2'], ['2', '2', '2'], ['2', '2', '2'], ['2', '2', '2']] agree witness failures 0 time 0.0s
k4_certs_5_n4_3.json.gz:4675 nwork C=5 python=5 classes C=[1, 1, 1, 1, 1] python=[1, 1, 1, 1, 1] RK3 python=[1, 1, 1, 1, 1] deficits(shrink,envyFree,none)=[['2', '2', '2'], ['2', '2', '2'], ['2', '2', '2'], ['2', '2', '2'], ['2', '2', '2']] agree witness failures 0 time 0.0s
k4_certs_5_n4_3.json.gz:4675 nwork C=5 python=5 classes C=[0, 1, 1, 0, 0] python=[0, 1, 1, 0, 0] RK3 python=[0, 1, 1, 0, 0] deficits(shrink,envyFree,none)=[['neg', '-2', '-2'], ['2', '2', '2'], ['2', '2', '2'], ['neg', '-2', '-2'], ['neg', '-2', '-2']] agree witness failures 0 time 0.0s
k4_certs_5_n4_3.json.gz:4675 nwork C=5 python=5 classes C=[1, 0, 0, 0, 0] python=[1, 0, 0, 0, 0] RK3 python=[1, 0, 0, 0, 0] deficits(shrink,envyFree,none)=[['1', '1', '1'], ['0', '0', '0'], ['neg', '-3', '-3'], ['neg', '-3', '-3'], ['neg', '-3', '-3']] agree witness failures 0 time 0.0s
k4_certs_5_n4_3.json.gz:4675 nwork C=5 python=5 classes C=[1, 1, 1, 1, 1] python=[1, 1, 1, 1, 1] RK3 python=[1, 1, 1, 1, 1] deficits(shrink,envyFree,none)=[['1', '1', '1'], ['2', '2', '2'], ['1', '1', '1'], ['1', '1', '1'], ['1', '1', '1']] agree witness failures 0 time 0.0s
k4_certs_5_n4_3.json.gz:4679 nwork C=5 python=5 classes C=[1, 1, 1, 1, 1] python=[1, 1, 1, 1, 1] RK3 python=[1, 1, 1, 1, 1] deficits(shrink,envyFree,none)=[['2', '2', '2'], ['2', '2', '2'], ['2', '2', '2'], ['2', '2', '2'], ['2', '2', '2']] agree witness failures 0 time 0.0s
k4_certs_5_n4_3.json.gz:4679 nwork C=5 python=5 classes C=[0, 0, 1, 0, 0] python=[0, 0, 1, 0, 0] RK3 python=[0, 0, 1, 0, 0] deficits(shrink,envyFree,none)=[['neg', 'neg', '-2'], ['neg', 'neg', '-2'], ['1', '1', '1'], ['neg', 'neg', '-2'], ['neg', 'neg', '-2']] agree witness failures 0 time 0.0s
k4_certs_5_n4_3.json.gz:4679 nwork C=5 python=5 classes C=[1, 0, 1, 1, 0] python=[1, 0, 1, 1, 0] RK3 python=[1, 0, 1, 1, 0] deficits(shrink,envyFree,none)=[['2', '2', '2'], ['-1', '-1', '-1'], ['2', '2', '2'], ['2', '2', '2'], ['0', '0', '0']] agree witness failures 0 time 0.0s
k4_certs_5_n4_3.json.gz:4679 nwork C=5 python=5 classes C=[1, 1, 0, 0, 0] python=[1, 1, 0, 0, 0] RK3 python=[1, 1, 0, 0, 0] deficits(shrink,envyFree,none)=[['2', '2', '2'], ['2', '2', '2'], ['-1', '-1', '-1'], ['-1', '-1', '-1'], ['-1', '-1', '-1']] agree witness failures 0 time 0.0s
k4_certs_5_n4_3.json.gz:4679 nwork C=5 python=5 classes C=[0, 1, 0, 0, 0] python=[0, 1, 0, 0, 0] RK3 python=[0, 1, 0, 0, 0] deficits(shrink,envyFree,none)=[['-1', '-1', '-1'], ['1', '1', '1'], ['-1', '-1', '-1'], ['-1', '-1', '-1'], ['-1', '-1', '-1']] agree witness failures 0 time 0.0s
k4_certs_5_n4_3.json.gz:4679 nwork C=5 python=5 classes C=[0, 1, 0, 0, 0] python=[0, 1, 0, 0, 0] RK3 python=[0, 1, 0, 0, 0] deficits(shrink,envyFree,none)=[['-1', '0', '0'], ['2', '2', '2'], ['-1', '0', '0'], ['-1', '0', '0'], ['-1', '0', '0']] agree witness failures 0 time 0.0s
k4_certs_5_n4_3.json.gz:4683 nwork C=5 python=5 classes C=[1, 1, 1, 1, 1] python=[1, 1, 1, 1, 1] RK3 python=[1, 1, 1, 1, 1] deficits(shrink,envyFree,none)=[['2', '2', '2'], ['2', '2', '2'], ['2', '2', '2'], ['2', '2', '2'], ['2', '2', '2']] agree witness failures 0 time 0.0s
k4_certs_5_n4_3.json.gz:4683 nwork C=5 python=5 classes C=[1, 0, 0, 0, 0] python=[1, 0, 0, 0, 0] RK3 python=[1, 0, 0, 0, 0] deficits(shrink,envyFree,none)=[['2', '2', '2'], ['neg', '-2', '-2'], ['neg', 'neg', '-2'], ['neg', '-2', '-2'], ['neg', '-2', '-2']] agree witness failures 0 time 0.0s
k4_certs_5_n4_3.json.gz:4683 nwork C=5 python=5 classes C=[1, 1, 1, 1, 1] python=[1, 1, 1, 1, 1] RK3 python=[1, 1, 1, 1, 1] deficits(shrink,envyFree,none)=[['2', '2', '2'], ['2', '2', '2'], ['2', '2', '2'], ['2', '2', '2'], ['2', '2', '2']] agree witness failures 0 time 0.0s
k4_certs_5_n4_3.json.gz:4683 nwork C=5 python=5 classes C=[1, 1, 1, 1, 1] python=[1, 1, 1, 1, 1] RK3 python=[1, 1, 1, 1, 1] deficits(shrink,envyFree,none)=[['1', '1', '1'], ['1', '1', '1'], ['1', '1', '1'], ['1', '1', '1'], ['1', '1', '1']] agree witness failures 0 time 0.0s
k4_certs_5_n4_3.json.gz:4683 nwork C=5 python=5 classes C=[0, 0, 0, 0, 1] python=[0, 0, 0, 0, 1] RK3 python=[0, 0, 0, 0, 1] deficits(shrink,envyFree,none)=[['0', '0', '0'], ['0', '0', '0'], ['neg', '-2', '-2'], ['0', '0', '0'], ['2', '2', '2']] agree witness failures 0 time 0.0s
k4_certs_5_n4_3.json.gz:4736 nwork C=5 python=5 classes C=[1, 1, 1, 1, 1] python=[1, 1, 1, 1, 1] RK3 python=[1, 1, 1, 1, 1] deficits(shrink,envyFree,none)=[['2', '2', '2'], ['2', '2', '2'], ['2', '2', '2'], ['2', '2', '2'], ['2', '2', '2']] agree witness failures 0 time 0.0s
k4_certs_5_n4_3.json.gz:4736 nwork C=5 python=5 classes C=[1, 1, 1, 1, 1] python=[1, 1, 1, 1, 1] RK3 python=[1, 1, 1, 1, 1] deficits(shrink,envyFree,none)=[['2', '2', '2'], ['2', '2', '2'], ['2', '2', '2'], ['2', '2', '2'], ['2', '2', '2']] agree witness failures 0 time 0.0s
k4_certs_5_n4_3.json.gz:4736 nwork C=5 python=5 classes C=[1, 1, 1, 1, 1] python=[1, 1, 1, 1, 1] RK3 python=[1, 1, 1, 1, 1] deficits(shrink,envyFree,none)=[['2', '2', '2'], ['2', '2', '2'], ['2', '2', '2'], ['2', '2', '2'], ['2', '2', '2']] agree witness failures 0 time 0.0s
k4_certs_5_n4_3.json.gz:4736 nwork C=5 python=5 classes C=[1, 1, 0, 1, 0] python=[1, 1, 0, 1, 0] RK3 python=[1, 1, 0, 1, 0] deficits(shrink,envyFree,none)=[['2', '2', '2'], ['1', '1', '1'], ['neg', '-3', '-3'], ['2', '2', '2'], ['neg', '-3', '-3']] agree witness failures 0 time 0.0s
k4_certs_5_n4_3.json.gz:4742 nwork C=5 python=5 classes C=[1, 1, 1, 1, 1] python=[1, 1, 1, 1, 1] RK3 python=[1, 1, 1, 1, 1] deficits(shrink,envyFree,none)=[['2', '2', '2'], ['2', '2', '2'], ['2', '2', '2'], ['2', '2', '2'], ['2', '2', '2']] agree witness failures 0 time 0.0s
k4_certs_5_n4_3.json.gz:4742 nwork C=5 python=5 classes C=[1, 1, 0, 0, 0] python=[1, 1, 0, 0, 0] RK3 python=[1, 1, 0, 0, 0] deficits(shrink,envyFree,none)=[['2', '2', '2'], ['2', '2', '2'], ['neg', '-3', '-3'], ['neg', '-3', '-3'], ['neg', '-3', '-3']] agree witness failures 0 time 0.0s
k4_certs_5_n4_3.json.gz:4742 nwork C=5 python=5 classes C=[1, 0, 1, 0, 0] python=[1, 0, 1, 0, 0] RK3 python=[1, 0, 1, 0, 0] deficits(shrink,envyFree,none)=[['1', '1', '1'], ['neg', '-2', '-2'], ['2', '2', '2'], ['neg', '-2', '-2'], ['neg', '-2', '-2']] agree witness failures 0 time 0.0s
k4_certs_5_n4_3.json.gz:4742 nwork C=5 python=5 classes C=[1, 0, 0, 0, 0] python=[1, 0, 0, 0, 0] RK3 python=[1, 0, 0, 0, 0] deficits(shrink,envyFree,none)=[['1', '1', '1'], ['0', '0', '0'], ['0', '0', '0'], ['0', '0', '0'], ['0', '0', '0']] agree witness failures 0 time 0.0s
k4_certs_5_n4_3.json.gz:4742 nwork C=5 python=5 classes C=[1, 0, 1, 0, 0] python=[1, 0, 1, 0, 0] RK3 python=[1, 0, 1, 0, 0] deficits(shrink,envyFree,none)=[['1', '1', '1'], ['neg', 'neg', 'neg'], ['1', '1', '1'], ['neg', 'neg', 'neg'], ['neg', 'neg', 'neg']] agree witness failures 0 time 0.0s
k4_certs_5_n4_3.json.gz:4743 nwork C=5 python=5 classes C=[1, 1, 1, 1, 1] python=[1, 1, 1, 1, 1] RK3 python=[1, 1, 1, 1, 1] deficits(shrink,envyFree,none)=[['2', '2', '2'], ['2', '2', '2'], ['2', '2', '2'], ['2', '2', '2'], ['2', '2', '2']] agree witness failures 0 time 0.0s
k4_certs_5_n4_3.json.gz:4743 nwork C=5 python=5 classes C=[0, 1, 0, 0, 0] python=[0, 1, 0, 0, 0] RK3 python=[0, 1, 0, 0, 0] deficits(shrink,envyFree,none)=[['neg', 'neg', 'neg'], ['1', '1', '1'], ['neg', 'neg', 'neg'], ['neg', 'neg', 'neg'], ['neg', 'neg', 'neg']] agree witness failures 0 time 0.0s
k4_certs_5_n4_3.json.gz:4743 nwork C=5 python=5 classes C=[0, 1, 1, 1, 0] python=[0, 1, 1, 1, 0] RK3 python=[0, 1, 1, 1, 0] deficits(shrink,envyFree,none)=[['-1', '-1', '-1'], ['2', '2', '2'], ['2', '2', '2'], ['2', '2', '2'], ['-1', '-1', '-1']] agree witness failures 0 time 0.0s
k4_certs_5_n4_3.json.gz:4743 nwork C=5 python=5 classes C=[1, 1, 0, 0, 0] python=[1, 1, 0, 0, 0] RK3 python=[1, 1, 0, 0, 0] deficits(shrink,envyFree,none)=[['2', '2', '2'], ['2', '2', '2'], ['neg', '-3', '-3'], ['neg', '-3', '-3'], ['neg', '-3', '-3']] agree witness failures 0 time 0.0s
k4_certs_5_n4_3.json.gz:4743 nwork C=5 python=5 classes C=[0, 1, 0, 0, 0] python=[0, 1, 0, 0, 0] RK3 python=[0, 1, 0, 0, 0] deficits(shrink,envyFree,none)=[['-1', '-1', '-1'], ['2', '2', '2'], ['neg', '-2', '-2'], ['neg', '-2', '-2'], ['-1', '-1', '-1']] agree witness failures 0 time 0.0s
k4_certs_5_n4_3.json.gz:4745 nwork C=5 python=5 classes C=[1, 1, 1, 1, 1] python=[1, 1, 1, 1, 1] RK3 python=[1, 1, 1, 1, 1] deficits(shrink,envyFree,none)=[['2', '2', '2'], ['2', '2', '2'], ['2', '2', '2'], ['2', '2', '2'], ['2', '2', '2']] agree witness failures 0 time 0.0s
k4_certs_5_n4_3.json.gz:4745 nwork C=5 python=5 classes C=[0, 1, 0, 1, 0] python=[0, 1, 0, 1, 0] RK3 python=[0, 1, 0, 1, 0] deficits(shrink,envyFree,none)=[['neg', 'neg', '-2'], ['1', '1', '1'], ['neg', '-2', '-2'], ['1', '1', '1'], ['neg', '-2', '-2']] agree witness failures 0 time 0.0s
k4_certs_5_n4_3.json.gz:4744 nwork C=5 python=5 classes C=[1, 1, 1, 1, 1] python=[1, 1, 1, 1, 1] RK3 python=[1, 1, 1, 1, 1] deficits(shrink,envyFree,none)=[['2', '2', '2'], ['2', '2', '2'], ['2', '2', '2'], ['2', '2', '2'], ['2', '2', '2']] agree witness failures 0 time 0.0s
k4_certs_5_n4_3.json.gz:4744 nwork C=5 python=5 classes C=[1, 0, 1, 0, 0] python=[1, 0, 1, 0, 0] RK3 python=[1, 0, 1, 0, 0] deficits(shrink,envyFree,none)=[['1', '1', '1'], ['neg', '-2', '-2'], ['2', '2', '2'], ['neg', '-2', '-2'], ['neg', '-2', '-2']] agree witness failures 0 time 0.0s
k4_certs_5_n4_3.json.gz:4744 nwork C=5 python=5 classes C=[1, 1, 1, 0, 1] python=[1, 1, 1, 0, 1] RK3 python=[1, 1, 1, 0, 1] deficits(shrink,envyFree,none)=[['1', '1', '1'], ['1', '1', '1'], ['1', '1', '1'], ['0', '0', '0'], ['1', '1', '1']] agree witness failures 0 time 0.0s
k4_certs_5_n4_3.json.gz:4744 nwork C=5 python=5 classes C=[1, 1, 1, 1, 1] python=[1, 1, 1, 1, 1] RK3 python=[1, 1, 1, 1, 1] deficits(shrink,envyFree,none)=[['2', '2', '2'], ['2', '2', '2'], ['2', '2', '2'], ['2', '2', '2'], ['2', '2', '2']] agree witness failures 0 time 0.0s
k4_certs_5_n4_3.json.gz:4744 nwork C=5 python=5 classes C=[1, 1, 1, 0, 1] python=[1, 1, 1, 0, 1] RK3 python=[1, 1, 1, 0, 1] deficits(shrink,envyFree,none)=[['1', '1', '1'], ['1', '1', '1'], ['1', '1', '1'], ['0', '0', '0'], ['1', '1', '1']] agree witness failures 0 time 0.0s
k4_certs_5_n4_3.json.gz:4753 nwork C=5 python=5 classes C=[1, 1, 1, 1, 1] python=[1, 1, 1, 1, 1] RK3 python=[1, 1, 1, 1, 1] deficits(shrink,envyFree,none)=[['2', '2', '2'], ['2', '2', '2'], ['2', '2', '2'], ['2', '2', '2'], ['2', '2', '2']] agree witness failures 0 time 0.0s
k4_certs_5_n4_3.json.gz:4753 nwork C=5 python=5 classes C=[1, 1, 1, 1, 1] python=[1, 1, 1, 1, 1] RK3 python=[1, 1, 1, 1, 1] deficits(shrink,envyFree,none)=[['2', '2', '2'], ['2', '2', '2'], ['2', '2', '2'], ['2', '2', '2'], ['2', '2', '2']] agree witness failures 0 time 0.1s
k4_certs_5_n4_3.json.gz:4753 nwork C=5 python=5 classes C=[1, 1, 1, 1, 1] python=[1, 1, 1, 1, 1] RK3 python=[1, 1, 1, 1, 1] deficits(shrink,envyFree,none)=[['2', '2', '2'], ['2', '2', '2'], ['2', '2', '2'], ['2', '2', '2'], ['2', '2', '2']] agree witness failures 0 time 0.0s
k4_certs_5_n4_3.json.gz:4753 nwork C=5 python=5 classes C=[1, 1, 1, 0, 0] python=[1, 1, 1, 0, 0] RK3 python=[1, 1, 1, 0, 0] deficits(shrink,envyFree,none)=[['1', '1', '1'], ['2', '2', '2'], ['2', '2', '2'], ['-1', '-1', '-1'], ['-1', '-1', '-1']] agree witness failures 0 time 0.0s
k4_certs_5_n4_3.json.gz:4755 nwork C=5 python=5 classes C=[1, 1, 1, 1, 1] python=[1, 1, 1, 1, 1] RK3 python=[1, 1, 1, 1, 1] deficits(shrink,envyFree,none)=[['2', '2', '2'], ['2', '2', '2'], ['2', '2', '2'], ['2', '2', '2'], ['2', '2', '2']] agree witness failures 0 time 0.0s
k4_certs_5_n4_3.json.gz:4755 nwork C=5 python=5 classes C=[1, 0, 1, 1, 1] python=[1, 0, 1, 1, 1] RK3 python=[1, 0, 1, 1, 1] deficits(shrink,envyFree,none)=[['2', '2', '2'], ['neg', '-3', '-2'], ['2', '2', '2'], ['1', '1', '1'], ['1', '1', '1']] agree witness failures 0 time 0.0s
k4_certs_5_n4_3.json.gz:4755 nwork C=5 python=5 classes C=[1, 1, 1, 1, 1] python=[1, 1, 1, 1, 1] RK3 python=[1, 1, 1, 1, 1] deficits(shrink,envyFree,none)=[['1', '1', '1'], ['2', '2', '2'], ['1', '1', '1'], ['2', '2', '2'], ['2', '2', '2']] agree witness failures 0 time 0.0s
k4_certs_5_n4_3.json.gz:4756 nwork C=5 python=5 classes C=[1, 1, 1, 1, 1] python=[1, 1, 1, 1, 1] RK3 python=[1, 1, 1, 1, 1] deficits(shrink,envyFree,none)=[['2', '2', '2'], ['2', '2', '2'], ['2', '2', '2'], ['2', '2', '2'], ['2', '2', '2']] agree witness failures 0 time 0.0s
k4_certs_5_n4_3.json.gz:4756 nwork C=5 python=5 classes C=[1, 0, 0, 0, 0] python=[1, 0, 0, 0, 0] RK3 python=[1, 0, 0, 0, 0] deficits(shrink,envyFree,none)=[['2', '2', '2'], ['-1', '-1', '-1'], ['-1', '-1', '-1'], ['-1', '-1', '-1'], ['-1', '-1', '-1']] agree witness failures 0 time 0.0s
k4_certs_5_n4_3.json.gz:4756 nwork C=5 python=5 classes C=[1, 1, 1, 1, 1] python=[1, 1, 1, 1, 1] RK3 python=[1, 1, 1, 1, 1] deficits(shrink,envyFree,none)=[['2', '2', '2'], ['2', '2', '2'], ['2', '2', '2'], ['2', '2', '2'], ['2', '2', '2']] agree witness failures 0 time 0.0s
k4_certs_5_n4_3.json.gz:4756 nwork C=5 python=5 classes C=[1, 0, 1, 0, 0] python=[1, 0, 1, 0, 0] RK3 python=[1, 0, 1, 0, 0] deficits(shrink,envyFree,none)=[['2', '2', '2'], ['neg', '-3', '-3'], ['2', '2', '2'], ['neg', '-3', '-3'], ['neg', '-3', '-3']] agree witness failures 0 time 0.0s
k4_certs_5_n4_3.json.gz:4759 nwork C=5 python=5 classes C=[1, 1, 1, 1, 1] python=[1, 1, 1, 1, 1] RK3 python=[1, 1, 1, 1, 1] deficits(shrink,envyFree,none)=[['2', '2', '2'], ['2', '2', '2'], ['2', '2', '2'], ['2', '2', '2'], ['2', '2', '2']] agree witness failures 0 time 0.0s
k4_certs_5_n4_3.json.gz:4759 nwork C=5 python=5 classes C=[1, 1, 1, 1, 1] python=[1, 1, 1, 1, 1] RK3 python=[1, 1, 1, 1, 1] deficits(shrink,envyFree,none)=[['2', '2', '2'], ['2', '2', '2'], ['2', '2', '2'], ['2', '2', '2'], ['2', '2', '2']] agree witness failures 0 time 0.0s
k4_certs_5_n4_3.json.gz:4759 nwork C=5 python=5 classes C=[0, 0, 1, 0, 0] python=[0, 0, 1, 0, 0] RK3 python=[0, 0, 1, 0, 0] deficits(shrink,envyFree,none)=[['-1', '-1', '-1'], ['neg', '-3', '-3'], ['2', '2', '2'], ['neg', '-3', '-3'], ['0', '0', '0']] agree witness failures 0 time 0.0s
k4_certs_5_n4_3.json.gz:4759 nwork C=5 python=5 classes C=[1, 1, 1, 1, 1] python=[1, 1, 1, 1, 1] RK3 python=[1, 1, 1, 1, 1] deficits(shrink,envyFree,none)=[['1', '1', '1'], ['1', '1', '1'], ['2', '2', '2'], ['1', '1', '1'], ['1', '1', '1']] agree witness failures 0 time 0.0s
k4_certs_5_n4_3.json.gz:4759 nwork C=5 python=5 classes C=[1, 0, 1, 0, 0] python=[1, 0, 1, 0, 0] RK3 python=[1, 0, 1, 0, 0] deficits(shrink,envyFree,none)=[['2', '2', '2'], ['neg', '-3', '-3'], ['2', '2', '2'], ['neg', '-3', '-3'], ['neg', '-3', '-3']] agree witness failures 0 time 0.0s
k4_certs_5_n4_3.json.gz:4759 nwork C=5 python=5 classes C=[0, 1, 0, 1, 1] python=[0, 1, 0, 1, 1] RK3 python=[0, 1, 0, 1, 1] deficits(shrink,envyFree,none)=[['0', '0', '0'], ['2', '2', '2'], ['0', '0', '0'], ['2', '2', '2'], ['2', '2', '2']] agree witness failures 0 time 0.0s
k4_certs_5_n4_3.json.gz:4762 nwork C=5 python=5 classes C=[1, 1, 1, 1, 1] python=[1, 1, 1, 1, 1] RK3 python=[1, 1, 1, 1, 1] deficits(shrink,envyFree,none)=[['2', '2', '2'], ['2', '2', '2'], ['2', '2', '2'], ['2', '2', '2'], ['2', '2', '2']] agree witness failures 0 time 0.0s
k4_certs_5_n4_3.json.gz:4762 nwork C=5 python=5 classes C=[0, 1, 0, 0, 1] python=[0, 1, 0, 0, 1] RK3 python=[0, 1, 0, 0, 1] deficits(shrink,envyFree,none)=[['neg', '-2', '-2'], ['1', '1', '1'], ['-1', '-1', '-1'], ['neg', '-2', '-2'], ['1', '1', '1']] agree witness failures 0 time 0.0s
k4_certs_5_n4_3.json.gz:4762 nwork C=5 python=5 classes C=[1, 1, 1, 0, 0] python=[1, 1, 1, 0, 0] RK3 python=[1, 1, 1, 0, 0] deficits(shrink,envyFree,none)=[['2', '2', '2'], ['1', '1', '1'], ['2', '2', '2'], ['0', '0', '0'], ['0', '0', '0']] agree witness failures 0 time 0.0s
k4_certs_5_n4_3.json.gz:4762 nwork C=5 python=5 classes C=[1, 1, 1, 1, 1] python=[1, 1, 1, 1, 1] RK3 python=[1, 1, 1, 1, 1] deficits(shrink,envyFree,none)=[['2', '2', '2'], ['2', '2', '2'], ['2', '2', '2'], ['2', '2', '2'], ['2', '2', '2']] agree witness failures 0 time 0.0s
k4_certs_5_n4_3.json.gz:4762 nwork C=5 python=5 classes C=[1, 1, 1, 1, 1] python=[1, 1, 1, 1, 1] RK3 python=[1, 1, 1, 1, 1] deficits(shrink,envyFree,none)=[['1', '1', '1'], ['1', '1', '1'], ['1', '1', '1'], ['1', '1', '1'], ['1', '1', '1']] agree witness failures 0 time 0.0s
k4_certs_5_n4_3.json.gz:4768 nwork C=5 python=5 classes C=[1, 1, 1, 1, 1] python=[1, 1, 1, 1, 1] RK3 python=[1, 1, 1, 1, 1] deficits(shrink,envyFree,none)=[['2', '2', '2'], ['2', '2', '2'], ['2', '2', '2'], ['2', '2', '2'], ['2', '2', '2']] agree witness failures 0 time 0.0s
k4_certs_5_n4_3.json.gz:4768 nwork C=5 python=5 classes C=[1, 0, 0, 0, 0] python=[1, 0, 0, 0, 0] RK3 python=[1, 0, 0, 0, 0] deficits(shrink,envyFree,none)=[['1', '1', '1'], ['neg', 'neg', '-3'], ['neg', 'neg', '-3'], ['neg', 'neg', '-3'], ['neg', 'neg', '-3']] agree witness failures 0 time 0.0s
k4_certs_5_n4_3.json.gz:4768 nwork C=5 python=5 classes C=[0, 1, 1, 0, 0] python=[0, 1, 1, 0, 0] RK3 python=[0, 1, 1, 0, 0] deficits(shrink,envyFree,none)=[['neg', '-2', '-2'], ['2', '2', '2'], ['2', '2', '2'], ['neg', '-2', '-2'], ['neg', '-2', '-2']] agree witness failures 0 time 0.0s
k4_certs_5_n4_3.json.gz:4768 nwork C=5 python=5 classes C=[1, 0, 0, 0, 1] python=[1, 0, 0, 0, 1] RK3 python=[1, 0, 0, 0, 1] deficits(shrink,envyFree,none)=[['2', '2', '2'], ['-1', '-1', '-1'], ['neg', '-1', '-1'], ['neg', '-1', '-1'], ['2', '2', '2']] agree witness failures 0 time 0.0s
k4_certs_5_n4_3.json.gz:4772 nwork C=5 python=5 classes C=[1, 1, 1, 1, 1] python=[1, 1, 1, 1, 1] RK3 python=[1, 1, 1, 1, 1] deficits(shrink,envyFree,none)=[['2', '2', '2'], ['2', '2', '2'], ['2', '2', '2'], ['2', '2', '2'], ['2', '2', '2']] agree witness failures 0 time 0.0s
k4_certs_5_n4_3.json.gz:4772 nwork C=5 python=5 classes C=[1, 0, 0, 0, 0] python=[1, 0, 0, 0, 0] RK3 python=[1, 0, 0, 0, 0] deficits(shrink,envyFree,none)=[['2', '2', '2'], ['neg', 'neg', '-2'], ['neg', '-1', '-1'], ['neg', 'neg', '-2'], ['neg', 'neg', '-2']] agree witness failures 0 time 0.0s
k4_certs_5_n4_3.json.gz:4772 nwork C=5 python=5 classes C=[0, 0, 1, 0, 0] python=[0, 0, 1, 0, 0] RK3 python=[0, 0, 1, 0, 0] deficits(shrink,envyFree,none)=[['neg', '-1', '-1'], ['neg', '-1', '-1'], ['2', '2', '2'], ['-1', '-1', '-1'], ['neg', '-1', '-1']] agree witness failures 0 time 0.0s
k4_certs_5_n4_3.json.gz:4772 nwork C=5 python=5 classes C=[0, 0, 0, 1, 0] python=[0, 0, 0, 1, 0] RK3 python=[0, 0, 0, 1, 0] deficits(shrink,envyFree,none)=[['neg', 'neg', '-2'], ['neg', 'neg', '-2'], ['-2', '-2', '-2'], ['2', '2', '2'], ['neg', 'neg', '-2']] agree witness failures 0 time 0.0s
k4_certs_5_n4_3.json.gz:4772 nwork C=5 python=5 classes C=[0, 1, 1, 0, 0] python=[0, 1, 1, 0, 0] RK3 python=[0, 1, 1, 0, 0] deficits(shrink,envyFree,none)=[['neg', '-3', '-3'], ['2', '2', '2'], ['2', '2', '2'], ['neg', '-3', '-3'], ['neg', '-3', '-3']] agree witness failures 0 time 0.0s
k4_certs_5_n4_3.json.gz:4771 nwork C=5 python=5 classes C=[1, 1, 1, 1, 1] python=[1, 1, 1, 1, 1] RK3 python=[1, 1, 1, 1, 1] deficits(shrink,envyFree,none)=[['2', '2', '2'], ['2', '2', '2'], ['2', '2', '2'], ['2', '2', '2'], ['2', '2', '2']] agree witness failures 0 time 0.0s
k4_certs_5_n4_3.json.gz:4771 nwork C=5 python=5 classes C=[1, 1, 0, 1, 1] python=[1, 1, 0, 1, 1] RK3 python=[1, 1, 0, 1, 1] deficits(shrink,envyFree,none)=[['2', '2', '2'], ['2', '2', '2'], ['-1', '-1', '-1'], ['1', '1', '1'], ['1', '1', '1']] agree witness failures 0 time 0.0s
k4_certs_5_n4_3.json.gz:4771 nwork C=5 python=5 classes C=[1, 1, 1, 1, 1] python=[1, 1, 1, 1, 1] RK3 python=[1, 1, 1, 1, 1] deficits(shrink,envyFree,none)=[['2', '2', '2'], ['2', '2', '2'], ['2', '2', '2'], ['2', '2', '2'], ['2', '2', '2']] agree witness failures 0 time 0.0s
k4_certs_5_n4_3.json.gz:4771 nwork C=5 python=5 classes C=[1, 1, 0, 1, 0] python=[1, 1, 0, 1, 0] RK3 python=[1, 1, 0, 1, 0] deficits(shrink,envyFree,none)=[['2', '2', '2'], ['2', '2', '2'], ['-2', '-2', '-2'], ['2', '2', '2'], ['neg', '-2', '-2']] agree witness failures 0 time 0.0s
k4_certs_5_n4_3.json.gz:4771 nwork C=5 python=5 classes C=[1, 0, 0, 0, 0] python=[1, 0, 0, 0, 0] RK3 python=[1, 0, 0, 0, 0] deficits(shrink,envyFree,none)=[['2', '2', '2'], ['0', '0', '0'], ['0', '0', '0'], ['0', '0', '0'], ['0', '0', '0']] agree witness failures 0 time 0.0s
k4_certs_5_n4_3.json.gz:4771 nwork C=5 python=5 classes C=[0, 1, 1, 1, 1] python=[0, 1, 1, 1, 1] RK3 python=[0, 1, 1, 1, 1] deficits(shrink,envyFree,none)=[['-1', '-1', '-1'], ['1', '1', '1'], ['1', '1', '1'], ['1', '1', '1'], ['1', '1', '1']] agree witness failures 0 time 0.0s
k4_certs_5_n4_3.json.gz:4774 nwork C=5 python=5 classes C=[1, 1, 1, 1, 1] python=[1, 1, 1, 1, 1] RK3 python=[1, 1, 1, 1, 1] deficits(shrink,envyFree,none)=[['2', '2', '2'], ['2', '2', '2'], ['2', '2', '2'], ['2', '2', '2'], ['2', '2', '2']] agree witness failures 0 time 0.0s
k4_certs_5_n4_3.json.gz:4774 nwork C=5 python=5 classes C=[1, 0, 0, 0, 1] python=[1, 0, 0, 0, 1] RK3 python=[1, 0, 0, 0, 1] deficits(shrink,envyFree,none)=[['1', '1', '1'], ['neg', '-2', '-2'], ['neg', '-2', '-1'], ['neg', '-2', '-2'], ['1', '1', '1']] agree witness failures 0 time 0.0s
k4_certs_5_n4_3.json.gz:4774 nwork C=5 python=5 classes C=[1, 0, 0, 0, 0] python=[1, 0, 0, 0, 0] RK3 python=[1, 0, 0, 0, 0] deficits(shrink,envyFree,none)=[['1', '1', '1'], ['neg', 'neg', '-3'], ['-2', '-2', '-2'], ['neg', 'neg', '-3'], ['neg', 'neg', '-3']] agree witness failures 0 time 0.0s
k4_certs_5_n4_3.json.gz:4774 nwork C=5 python=5 classes C=[1, 0, 0, 0, 1] python=[1, 0, 0, 0, 1] RK3 python=[1, 0, 0, 0, 1] deficits(shrink,envyFree,none)=[['2', '2', '2'], ['-1', '-1', '-1'], ['-1', '-1', '-1'], ['-1', '-1', '-1'], ['2', '2', '2']] agree witness failures 0 time 0.0s
k4_certs_5_n4_3.json.gz:4776 nwork C=5 python=5 classes C=[1, 1, 1, 1, 1] python=[1, 1, 1, 1, 1] RK3 python=[1, 1, 1, 1, 1] deficits(shrink,envyFree,none)=[['2', '2', '2'], ['2', '2', '2'], ['2', '2', '2'], ['2', '2', '2'], ['2', '2', '2']] agree witness failures 0 time 0.0s
k4_certs_5_n4_3.json.gz:4776 nwork C=5 python=5 classes C=[0, 1, 1, 0, 0] python=[0, 1, 1, 0, 0] RK3 python=[0, 1, 1, 0, 0] deficits(shrink,envyFree,none)=[['neg', '-3', '-3'], ['1', '1', '1'], ['2', '2', '2'], ['neg', '-3', '-3'], ['neg', '-3', '-3']] agree witness failures 0 time 0.0s
k4_certs_5_n4_3.json.gz:4776 nwork C=5 python=5 classes C=[1, 0, 0, 0, 0] python=[1, 0, 0, 0, 0] RK3 python=[1, 0, 0, 0, 0] deficits(shrink,envyFree,none)=[['1', '1', '1'], ['neg', 'neg', '-2'], ['neg', '-1', '-1'], ['neg', 'neg', '-2'], ['neg', 'neg', '-2']] agree witness failures 0 time 0.0s
k4_certs_5_n4_3.json.gz:4776 nwork C=5 python=5 classes C=[1, 0, 0, 0, 0] python=[1, 0, 0, 0, 0] RK3 python=[1, 0, 0, 0, 0] deficits(shrink,envyFree,none)=[['1', '1', '1'], ['neg', '-1', '-1'], ['-1', '-1', '-1'], ['neg', 'neg', '-2'], ['neg', '-1', '-1']] agree witness failures 0 time 0.0s
k4_certs_5_n4_3.json.gz:4776 nwork C=5 python=5 classes C=[1, 0, 0, 0, 0] python=[1, 0, 0, 0, 0] RK3 python=[1, 0, 0, 0, 0] deficits(shrink,envyFree,none)=[['2', '2', '2'], ['neg', '-1', '-1'], ['-1', '-1', '-1'], ['neg', 'neg', '-2'], ['neg', '-1', '-1']] agree witness failures 0 time 0.0s
k4_certs_5_n4_3.json.gz:4782 nwork C=5 python=5 classes C=[1, 1, 1, 1, 1] python=[1, 1, 1, 1, 1] RK3 python=[1, 1, 1, 1, 1] deficits(shrink,envyFree,none)=[['2', '2', '2'], ['2', '2', '2'], ['2', '2', '2'], ['2', '2', '2'], ['2', '2', '2']] agree witness failures 0 time 0.0s
k4_certs_5_n4_3.json.gz:4782 nwork C=5 python=5 classes C=[0, 1, 0, 1, 0] python=[0, 1, 0, 1, 0] RK3 python=[0, 1, 0, 1, 0] deficits(shrink,envyFree,none)=[['-1', '-1', '1'], ['2', '2', '2'], ['-1', '-1', '-1'], ['2', '2', '2'], ['neg', '-1', '-1']] agree witness failures 0 time 0.0s
k4_certs_5_n4_3.json.gz:4789 nwork C=5 python=5 classes C=[1, 1, 1, 1, 1] python=[1, 1, 1, 1, 1] RK3 python=[1, 1, 1, 1, 1] deficits(shrink,envyFree,none)=[['2', '2', '2'], ['2', '2', '2'], ['2', '2', '2'], ['2', '2', '2'], ['2', '2', '2']] agree witness failures 0 time 0.0s
k4_certs_5_n4_3.json.gz:4789 nwork C=5 python=5 classes C=[1, 0, 0, 1, 0] python=[1, 0, 0, 1, 0] RK3 python=[1, 0, 0, 1, 0] deficits(shrink,envyFree,none)=[['2', '2', '2'], ['neg', '-3', '-3'], ['neg', '-3', '-3'], ['2', '2', '2'], ['neg', '-3', '-3']] agree witness failures 0 time 0.0s
k4_certs_5_n4_3.json.gz:4789 nwork C=5 python=5 classes C=[1, 1, 1, 1, 1] python=[1, 1, 1, 1, 1] RK3 python=[1, 1, 1, 1, 1] deficits(shrink,envyFree,none)=[['2', '2', '2'], ['2', '2', '2'], ['2', '2', '2'], ['2', '2', '2'], ['2', '2', '2']] agree witness failures 0 time 0.0s
k4_certs_5_n4_3.json.gz:4789 nwork C=5 python=5 classes C=[1, 1, 1, 0, 1] python=[1, 1, 1, 0, 1] RK3 python=[1, 1, 1, 0, 1] deficits(shrink,envyFree,none)=[['2', '2', '2'], ['2', '2', '2'], ['2', '2', '2'], ['neg', '-1', '-1'], ['2', '2', '2']] agree witness failures 0 time 0.0s
k4_certs_5_n4_3.json.gz:4792 nwork C=5 python=5 classes C=[1, 1, 1, 1, 1] python=[1, 1, 1, 1, 1] RK3 python=[1, 1, 1, 1, 1] deficits(shrink,envyFree,none)=[['2', '2', '2'], ['2', '2', '2'], ['2', '2', '2'], ['2', '2', '2'], ['2', '2', '2']] agree witness failures 0 time 0.0s
k4_certs_5_n4_3.json.gz:4792 nwork C=5 python=5 classes C=[1, 1, 0, 1, 1] python=[1, 1, 0, 1, 1] RK3 python=[1, 1, 0, 1, 1] deficits(shrink,envyFree,none)=[['2', '2', '2'], ['2', '2', '2'], ['-1', '-1', '-1'], ['2', '2', '2'], ['2', '2', '2']] agree witness failures 0 time 0.0s
k4_certs_5_n4_3.json.gz:4792 nwork C=5 python=5 classes C=[1, 1, 1, 1, 1] python=[1, 1, 1, 1, 1] RK3 python=[1, 1, 1, 1, 1] deficits(shrink,envyFree,none)=[['1', '1', '1'], ['1', '1', '1'], ['1', '1', '1'], ['2', '2', '2'], ['1', '1', '1']] agree witness failures 0 time 0.0s
k4_certs_5_n4_3.json.gz:4792 nwork C=5 python=5 classes C=[1, 1, 1, 1, 1] python=[1, 1, 1, 1, 1] RK3 python=[1, 1, 1, 1, 1] deficits(shrink,envyFree,none)=[['2', '2', '2'], ['2', '2', '2'], ['2', '2', '2'], ['2', '2', '2'], ['2', '2', '2']] agree witness failures 0 time 0.0s
k4_certs_5_n4_3.json.gz:4792 nwork C=5 python=5 classes C=[1, 0, 0, 1, 0] python=[1, 0, 0, 1, 0] RK3 python=[1, 0, 0, 1, 0] deficits(shrink,envyFree,none)=[['1', '1', '1'], ['neg', 'neg', 'neg'], ['neg', 'neg', 'neg'], ['1', '1', '1'], ['neg', 'neg', 'neg']] agree witness failures 0 time 0.0s
k4_certs_5_n4_3.json.gz:4793 nwork C=5 python=5 classes C=[1, 1, 1, 1, 1] python=[1, 1, 1, 1, 1] RK3 python=[1, 1, 1, 1, 1] deficits(shrink,envyFree,none)=[['2', '2', '2'], ['2', '2', '2'], ['2', '2', '2'], ['2', '2', '2'], ['2', '2', '2']] agree witness failures 0 time 0.0s
k4_certs_5_n4_3.json.gz:4793 nwork C=5 python=5 classes C=[0, 1, 0, 0, 1] python=[0, 1, 0, 0, 1] RK3 python=[0, 1, 0, 0, 1] deficits(shrink,envyFree,none)=[['-1', '-1', '-1'], ['2', '2', '2'], ['neg', '-2', '-1'], ['neg', '-2', '-1'], ['2', '2', '2']] agree witness failures 0 time 0.0s
k4_certs_5_n4_3.json.gz:4793 nwork C=5 python=5 classes C=[1, 1, 1, 1, 1] python=[1, 1, 1, 1, 1] RK3 python=[1, 1, 1, 1, 1] deficits(shrink,envyFree,none)=[['2', '2', '2'], ['2', '2', '2'], ['2', '2', '2'], ['2', '2', '2'], ['2', '2', '2']] agree witness failures 0 time 0.0s
k4_certs_5_n4_3.json.gz:4796 nwork C=5 python=5 classes C=[1, 1, 1, 1, 1] python=[1, 1, 1, 1, 1] RK3 python=[1, 1, 1, 1, 1] deficits(shrink,envyFree,none)=[['2', '2', '2'], ['2', '2', '2'], ['2', '2', '2'], ['2', '2', '2'], ['2', '2', '2']] agree witness failures 0 time 0.0s
k4_certs_5_n4_3.json.gz:4796 nwork C=5 python=5 classes C=[1, 1, 1, 0, 1] python=[1, 1, 1, 0, 1] RK3 python=[1, 1, 1, 0, 1] deficits(shrink,envyFree,none)=[['2', '2', '2'], ['2', '2', '2'], ['2', '2', '2'], ['neg', '-1', '-1'], ['2', '2', '2']] agree witness failures 0 time 0.0s
k4_certs_5_n4_3.json.gz:4796 nwork C=5 python=5 classes C=[0, 1, 0, 0, 0] python=[0, 1, 0, 0, 0] RK3 python=[0, 1, 0, 0, 0] deficits(shrink,envyFree,none)=[['neg', '-2', '-2'], ['1', '1', '1'], ['neg', '-2', '-2'], ['-1', '-1', '-1'], ['neg', '-2', '-2']] agree witness failures 0 time 0.0s
k4_certs_5_n4_3.json.gz:4796 nwork C=5 python=5 classes C=[0, 1, 0, 1, 0] python=[0, 1, 0, 1, 0] RK3 python=[0, 1, 0, 1, 0] deficits(shrink,envyFree,none)=[['-1', '-1', '-1'], ['1', '1', '1'], ['neg', '-2', '-2'], ['2', '2', '2'], ['0', '0', '0']] agree witness failures 0 time 0.0s
k4_certs_5_n4_3.json.gz:4796 nwork C=5 python=5 classes C=[1, 1, 0, 1, 1] python=[1, 1, 0, 1, 1] RK3 python=[1, 1, 0, 1, 1] deficits(shrink,envyFree,none)=[['2', '2', '2'], ['1', '1', '1'], ['0', '0', '0'], ['2', '2', '2'], ['1', '1', '1']] agree witness failures 0 time 0.0s
k4_certs_5_n4_3.json.gz:4799 nwork C=5 python=5 classes C=[1, 1, 1, 1, 1] python=[1, 1, 1, 1, 1] RK3 python=[1, 1, 1, 1, 1] deficits(shrink,envyFree,none)=[['2', '2', '2'], ['2', '2', '2'], ['2', '2', '2'], ['2', '2', '2'], ['2', '2', '2']] agree witness failures 0 time 0.0s
k4_certs_5_n4_3.json.gz:4799 nwork C=5 python=5 classes C=[1, 1, 1, 0, 1] python=[1, 1, 1, 0, 1] RK3 python=[1, 1, 1, 0, 1] deficits(shrink,envyFree,none)=[['2', '2', '2'], ['2', '2', '2'], ['2', '2', '2'], ['-1', '-1', '-1'], ['2', '2', '2']] agree witness failures 0 time 0.0s
k4_certs_5_n4_3.json.gz:4799 nwork C=5 python=5 classes C=[1, 0, 1, 0, 0] python=[1, 0, 1, 0, 0] RK3 python=[1, 0, 1, 0, 0] deficits(shrink,envyFree,none)=[['2', '2', '2'], ['0', '1', '1'], ['2', '2', '2'], ['-1', '-1', '-1'], ['neg', '-1', '-1']] agree witness failures 0 time 0.0s
k4_certs_5_n4_3.json.gz:4805 nwork C=5 python=5 classes C=[1, 1, 1, 1, 1] python=[1, 1, 1, 1, 1] RK3 python=[1, 1, 1, 1, 1] deficits(shrink,envyFree,none)=[['2', '2', '2'], ['2', '2', '2'], ['2', '2', '2'], ['2', '2', '2'], ['2', '2', '2']] agree witness failures 0 time 0.0s
k4_certs_5_n4_3.json.gz:4805 nwork C=5 python=5 classes C=[0, 1, 0, 1, 0] python=[0, 1, 0, 1, 0] RK3 python=[0, 1, 0, 1, 0] deficits(shrink,envyFree,none)=[['neg', '-2', '-2'], ['2', '2', '2'], ['neg', '-2', '-2'], ['2', '2', '2'], ['neg', '-2', '-2']] agree witness failures 0 time 0.0s
k4_certs_5_n4_3.json.gz:4805 nwork C=5 python=5 classes C=[0, 0, 1, 0, 1] python=[0, 0, 1, 0, 1] RK3 python=[0, 0, 1, 0, 1] deficits(shrink,envyFree,none)=[['0', '0', '0'], ['-1', '-1', '-1'], ['1', '1', '1'], ['-1', '-1', '-1'], ['1', '1', '1']] agree witness failures 0 time 0.0s
k4_certs_5_n4_3.json.gz:4813 nwork C=5 python=5 classes C=[1, 1, 1, 1, 1] python=[1, 1, 1, 1, 1] RK3 python=[1, 1, 1, 1, 1] deficits(shrink,envyFree,none)=[['2', '2', '2'], ['2', '2', '2'], ['2', '2', '2'], ['2', '2', '2'], ['2', '2', '2']] agree witness failures 0 time 0.0s
k4_certs_5_n4_3.json.gz:4813 nwork C=5 python=5 classes C=[1, 0, 1, 0, 1] python=[1, 0, 1, 0, 1] RK3 python=[1, 0, 1, 0, 1] deficits(shrink,envyFree,none)=[['2', '2', '2'], ['0', '0', '0'], ['2', '2', '2'], ['0', '0', '0'], ['2', '2', '2']] agree witness failures 0 time 0.0s
k4_certs_5_n4_3.json.gz:4813 nwork C=5 python=5 classes C=[0, 1, 0, 1, 1] python=[0, 1, 0, 1, 1] RK3 python=[0, 1, 0, 1, 0] deficits(shrink,envyFree,none)=[['neg', '-3', '-3'], ['1', '1', '1'], ['0', '0', '0'], ['1', '1', '1'], ['1', '1', '0']] agree witness failures 0 time 0.0s
k4_certs_5_n4_3.json.gz:4813 nwork C=5 python=5 classes C=[1, 1, 1, 1, 1] python=[1, 1, 1, 1, 1] RK3 python=[1, 1, 1, 1, 1] deficits(shrink,envyFree,none)=[['1', '1', '1'], ['1', '1', '1'], ['1', '1', '1'], ['2', '2', '2'], ['1', '1', '1']] agree witness failures 0 time 0.0s
k4_certs_5_n4_3.json.gz:4814 nwork C=5 python=5 classes C=[1, 1, 1, 1, 1] python=[1, 1, 1, 1, 1] RK3 python=[1, 1, 1, 1, 1] deficits(shrink,envyFree,none)=[['2', '2', '2'], ['2', '2', '2'], ['2', '2', '2'], ['2', '2', '2'], ['2', '2', '2']] agree witness failures 0 time 0.0s
k4_certs_5_n4_3.json.gz:4814 nwork C=5 python=5 classes C=[1, 1, 1, 1, 1] python=[1, 1, 1, 1, 1] RK3 python=[1, 1, 1, 1, 1] deficits(shrink,envyFree,none)=[['2', '2', '2'], ['2', '2', '2'], ['2', '2', '2'], ['2', '2', '2'], ['2', '2', '2']] agree witness failures 0 time 0.0s
k4_certs_5_n4_3.json.gz:4814 nwork C=5 python=5 classes C=[1, 1, 1, 1, 1] python=[1, 1, 1, 1, 1] RK3 python=[1, 1, 1, 1, 1] deficits(shrink,envyFree,none)=[['2', '2', '2'], ['2', '2', '2'], ['2', '2', '2'], ['2', '2', '2'], ['2', '2', '2']] agree witness failures 0 time 0.0s
k4_certs_5_n4_3.json.gz:4814 nwork C=5 python=5 classes C=[1, 1, 1, 0, 1] python=[1, 1, 1, 0, 1] RK3 python=[1, 1, 1, 0, 1] deficits(shrink,envyFree,none)=[['2', '2', '2'], ['2', '2', '2'], ['2', '2', '2'], ['neg', 'neg', '-2'], ['2', '2', '2']] agree witness failures 0 time 0.0s
k4_certs_5_n4_3.json.gz:4814 nwork C=5 python=5 classes C=[0, 0, 0, 1, 0] python=[0, 0, 0, 1, 0] RK3 python=[0, 0, 0, 1, 0] deficits(shrink,envyFree,none)=[['neg', '-3', '-3'], ['-1', '-1', '-1'], ['neg', '-3', '-3'], ['2', '2', '2'], ['neg', '-3', '-3']] agree witness failures 0 time 0.0s
k4_certs_5_n4_3.json.gz:4812 nwork C=5 python=5 classes C=[1, 1, 1, 1, 1] python=[1, 1, 1, 1, 1] RK3 python=[1, 1, 1, 1, 1] deficits(shrink,envyFree,none)=[['2', '2', '2'], ['2', '2', '2'], ['2', '2', '2'], ['2', '2', '2'], ['2', '2', '2']] agree witness failures 0 time 0.0s
k4_certs_5_n4_3.json.gz:4812 nwork C=5 python=5 classes C=[0, 1, 0, 1, 0] python=[0, 1, 0, 1, 0] RK3 python=[0, 1, 0, 1, 0] deficits(shrink,envyFree,none)=[['neg', '-3', '-3'], ['2', '2', '2'], ['neg', '-3', '-3'], ['2', '2', '2'], ['neg', '-3', '-3']] agree witness failures 0 time 0.0s
k4_certs_5_n4_3.json.gz:4812 nwork C=5 python=5 classes C=[1, 1, 1, 1, 1] python=[1, 1, 1, 1, 1] RK3 python=[1, 1, 1, 1, 1] deficits(shrink,envyFree,none)=[['2', '2', '2'], ['2', '2', '2'], ['2', '2', '2'], ['2', '2', '2'], ['2', '2', '2']] agree witness failures 0 time 0.0s
k4_certs_5_n4_3.json.gz:4812 nwork C=5 python=5 classes C=[1, 1, 1, 0, 1] python=[1, 1, 1, 0, 1] RK3 python=[1, 1, 1, 0, 1] deficits(shrink,envyFree,none)=[['2', '2', '2'], ['2', '2', '2'], ['2', '2', '2'], ['neg', '-1', '-1'], ['2', '2', '2']] agree witness failures 0 time 0.0s
k4_certs_5_n4_3.json.gz:4812 nwork C=5 python=5 classes C=[0, 1, 0, 1, 0] python=[0, 1, 0, 1, 0] RK3 python=[0, 1, 0, 1, 0] deficits(shrink,envyFree,none)=[['neg', '-3', '-3'], ['2', '2', '2'], ['neg', '-3', '-3'], ['2', '2', '2'], ['-2', '-2', '-2']] agree witness failures 0 time 0.0s
k4_certs_5_n4_3.json.gz:4817 nwork C=5 python=5 classes C=[1, 1, 1, 1, 1] python=[1, 1, 1, 1, 1] RK3 python=[1, 1, 1, 1, 1] deficits(shrink,envyFree,none)=[['2', '2', '2'], ['2', '2', '2'], ['2', '2', '2'], ['2', '2', '2'], ['2', '2', '2']] agree witness failures 0 time 0.0s
k4_certs_5_n4_3.json.gz:4817 nwork C=5 python=5 classes C=[1, 0, 0, 0, 0] python=[1, 0, 0, 0, 0] RK3 python=[1, 0, 0, 0, 0] deficits(shrink,envyFree,none)=[['2', '2', '2'], ['neg', 'neg', '-2'], ['neg', 'neg', '-2'], ['0', '0', '0'], ['neg', 'neg', '-2']] agree witness failures 0 time 0.0s
k4_certs_5_n4_3.json.gz:4817 nwork C=5 python=5 classes C=[1, 1, 1, 1, 1] python=[1, 1, 1, 1, 1] RK3 python=[1, 1, 1, 1, 1] deficits(shrink,envyFree,none)=[['1', '1', '1'], ['1', '1', '1'], ['1', '1', '1'], ['1', '1', '1'], ['1', '1', '1']] agree witness failures 0 time 0.0s
k4_certs_5_n4_3.json.gz:4817 nwork C=5 python=5 classes C=[1, 1, 1, 1, 1] python=[1, 1, 1, 1, 1] RK3 python=[1, 1, 1, 1, 1] deficits(shrink,envyFree,none)=[['2', '2', '2'], ['2', '2', '2'], ['2', '2', '2'], ['2', '2', '2'], ['2', '2', '2']] agree witness failures 0 time 0.0s
k4_certs_5_n4_3.json.gz:4817 nwork C=5 python=5 classes C=[1, 1, 1, 1, 1] python=[1, 1, 1, 1, 1] RK3 python=[1, 1, 1, 1, 1] deficits(shrink,envyFree,none)=[['2', '2', '2'], ['2', '2', '2'], ['2', '2', '2'], ['2', '2', '2'], ['2', '2', '2']] agree witness failures 0 time 0.0s
k4_certs_5_n4_3.json.gz:4817 nwork C=5 python=5 classes C=[1, 0, 0, 0, 0] python=[1, 0, 0, 0, 0] RK3 python=[1, 0, 0, 0, 0] deficits(shrink,envyFree,none)=[['1', '1', '1'], ['neg', 'neg', '-2'], ['neg', 'neg', '-2'], ['0', '0', '0'], ['neg', 'neg', '-2']] agree witness failures 0 time 0.0s
k4_certs_5_n4_3.json.gz:4820 nwork C=5 python=5 classes C=[1, 1, 1, 1, 1] python=[1, 1, 1, 1, 1] RK3 python=[1, 1, 1, 1, 1] deficits(shrink,envyFree,none)=[['2', '2', '2'], ['2', '2', '2'], ['2', '2', '2'], ['2', '2', '2'], ['2', '2', '2']] agree witness failures 0 time 0.0s
k4_certs_5_n4_3.json.gz:4820 nwork C=5 python=5 classes C=[1, 1, 1, 0, 1] python=[1, 1, 1, 0, 1] RK3 python=[1, 1, 1, 0, 1] deficits(shrink,envyFree,none)=[['2', '2', '2'], ['2', '2', '2'], ['2', '2', '2'], ['0', '0', '0'], ['2', '2', '2']] agree witness failures 0 time 0.0s
k4_certs_5_n4_3.json.gz:4820 nwork C=5 python=5 classes C=[1, 1, 1, 0, 1] python=[1, 1, 1, 0, 1] RK3 python=[1, 1, 1, 0, 1] deficits(shrink,envyFree,none)=[['2', '2', '2'], ['2', '2', '2'], ['2', '2', '2'], ['neg', 'neg', '-2'], ['2', '2', '2']] agree witness failures 0 time 0.0s
k4_certs_5_n4_3.json.gz:4820 nwork C=5 python=5 classes C=[1, 1, 1, 1, 1] python=[1, 1, 1, 1, 1] RK3 python=[1, 1, 1, 1, 1] deficits(shrink,envyFree,none)=[['2', '2', '2'], ['2', '2', '2'], ['2', '2', '2'], ['2', '2', '2'], ['2', '2', '2']] agree witness failures 0 time 0.0s
k4_certs_5_n4_3.json.gz:4867 nwork C=5 python=5 classes C=[1, 1, 1, 1, 1] python=[1, 1, 1, 1, 1] RK3 python=[1, 1, 1, 1, 1] deficits(shrink,envyFree,none)=[['2', '2', '2'], ['2', '2', '2'], ['2', '2', '2'], ['2', '2', '2'], ['2', '2', '2']] agree witness failures 0 time 0.0s
k4_certs_5_n4_3.json.gz:4867 nwork C=5 python=5 classes C=[1, 0, 0, 0, 1] python=[1, 0, 0, 0, 1] RK3 python=[1, 0, 0, 0, 1] deficits(shrink,envyFree,none)=[['1', '1', '1'], ['neg', '-1', '-1'], ['neg', 'neg', 'neg'], ['neg', 'neg', 'neg'], ['1', '1', '1']] agree witness failures 0 time 0.0s
k4_certs_5_n4_3.json.gz:4892 nwork C=5 python=5 classes C=[1, 1, 1, 1, 1] python=[1, 1, 1, 1, 1] RK3 python=[1, 1, 1, 1, 1] deficits(shrink,envyFree,none)=[['2', '2', '2'], ['2', '2', '2'], ['2', '2', '2'], ['2', '2', '2'], ['2', '2', '2']] agree witness failures 0 time 0.0s
k4_certs_5_n4_3.json.gz:4892 nwork C=5 python=5 classes C=[0, 0, 1, 0, 1] python=[0, 0, 1, 0, 1] RK3 python=[0, 0, 1, 0, 1] deficits(shrink,envyFree,none)=[['-1', '-1', '-1'], ['0', '0', '0'], ['1', '1', '1'], ['0', '0', '0'], ['1', '1', '1']] agree witness failures 0 time 0.0s
k4_certs_5_n4_3.json.gz:4892 nwork C=5 python=5 classes C=[0, 0, 1, 0, 1] python=[0, 0, 1, 0, 1] RK3 python=[0, 0, 1, 0, 1] deficits(shrink,envyFree,none)=[['0', '0', '0'], ['neg', 'neg', '-2'], ['1', '1', '1'], ['neg', 'neg', '-2'], ['1', '1', '1']] agree witness failures 0 time 0.0s
k4_certs_5_n4_3.json.gz:4892 nwork C=5 python=5 classes C=[1, 1, 0, 1, 0] python=[1, 1, 0, 1, 0] RK3 python=[1, 1, 0, 1, 0] deficits(shrink,envyFree,none)=[['2', '2', '2'], ['2', '2', '2'], ['0', '0', '0'], ['2', '2', '2'], ['0', '0', '0']] agree witness failures 0 time 0.0s
k4_certs_5_n4_3.json.gz:4893 nwork C=5 python=5 classes C=[1, 1, 1, 1, 1] python=[1, 1, 1, 1, 1] RK3 python=[1, 1, 1, 1, 1] deficits(shrink,envyFree,none)=[['2', '2', '2'], ['2', '2', '2'], ['2', '2', '2'], ['2', '2', '2'], ['2', '2', '2']] agree witness failures 0 time 0.0s
k4_certs_5_n4_3.json.gz:4893 nwork C=5 python=5 classes C=[1, 1, 0, 0, 1] python=[1, 1, 0, 0, 1] RK3 python=[1, 1, 0, 0, 1] deficits(shrink,envyFree,none)=[['2', '2', '2'], ['2', '2', '2'], ['neg', '-2', '-2'], ['neg', '-2', '-2'], ['2', '2', '2']] agree witness failures 0 time 0.0s
k4_certs_5_n4_3.json.gz:4893 nwork C=5 python=5 classes C=[1, 1, 0, 0, 1] python=[1, 1, 0, 0, 1] RK3 python=[1, 1, 0, 0, 1] deficits(shrink,envyFree,none)=[['2', '2', '2'], ['2', '2', '2'], ['neg', '-2', '-2'], ['neg', '-2', '-2'], ['2', '2', '2']] agree witness failures 0 time 0.0s
k4_certs_5_n4_3.json.gz:4893 nwork C=5 python=5 classes C=[1, 1, 1, 1, 1] python=[1, 1, 1, 1, 1] RK3 python=[1, 1, 1, 1, 1] deficits(shrink,envyFree,none)=[['1', '1', '1'], ['1', '1', '1'], ['2', '2', '2'], ['2', '2', '2'], ['2', '2', '2']] agree witness failures 0 time 0.0s
k4_certs_5_n4_3.json.gz:4915 nwork C=5 python=5 classes C=[1, 1, 1, 1, 1] python=[1, 1, 1, 1, 1] RK3 python=[1, 1, 1, 1, 1] deficits(shrink,envyFree,none)=[['2', '2', '2'], ['2', '2', '2'], ['2', '2', '2'], ['2', '2', '2'], ['2', '2', '2']] agree witness failures 0 time 0.0s
k4_certs_5_n4_3.json.gz:4915 nwork C=5 python=5 classes C=[1, 0, 1, 1, 1] python=[1, 0, 1, 1, 1] RK3 python=[1, 0, 1, 1, 1] deficits(shrink,envyFree,none)=[['2', '2', '2'], ['neg', '-2', '-2'], ['2', '2', '2'], ['2', '2', '2'], ['2', '2', '2']] agree witness failures 0 time 0.0s
k4_certs_5_n4_3.json.gz:4915 nwork C=5 python=5 classes C=[1, 1, 1, 1, 1] python=[1, 1, 1, 1, 1] RK3 python=[1, 1, 1, 1, 1] deficits(shrink,envyFree,none)=[['2', '2', '2'], ['2', '2', '2'], ['2', '2', '2'], ['1', '1', '1'], ['1', '1', '1']] agree witness failures 0 time 0.0s
k4_certs_5_n4_3.json.gz:4915 nwork C=5 python=5 classes C=[1, 0, 1, 1, 1] python=[1, 0, 1, 1, 1] RK3 python=[1, 0, 1, 1, 1] deficits(shrink,envyFree,none)=[['2', '2', '2'], ['neg', '-2', '-2'], ['2', '2', '2'], ['2', '2', '2'], ['2', '2', '2']] agree witness failures 0 time 0.0s
k4_certs_5_n4_3.json.gz:4921 nwork C=5 python=5 classes C=[1, 1, 1, 1, 1] python=[1, 1, 1, 1, 1] RK3 python=[1, 1, 1, 1, 1] deficits(shrink,envyFree,none)=[['2', '2', '2'], ['2', '2', '2'], ['2', '2', '2'], ['2', '2', '2'], ['2', '2', '2']] agree witness failures 0 time 0.0s
k4_certs_5_n4_3.json.gz:4921 nwork C=5 python=5 classes C=[1, 0, 0, 1, 1] python=[1, 0, 0, 1, 1] RK3 python=[1, 0, 0, 1, 1] deficits(shrink,envyFree,none)=[['2', '2', '2'], ['-1', '-1', '-1'], ['-1', '-1', '-1'], ['2', '2', '2'], ['2', '2', '2']] agree witness failures 0 time 0.0s
k4_certs_5_n4_3.json.gz:4921 nwork C=5 python=5 classes C=[1, 1, 0, 1, 1] python=[1, 1, 0, 1, 1] RK3 python=[1, 1, 0, 1, 1] deficits(shrink,envyFree,none)=[['2', '2', '2'], ['2', '2', '2'], ['-1', '-1', '-1'], ['2', '2', '2'], ['2', '2', '2']] agree witness failures 0 time 0.0s
k4_certs_5_n4_3.json.gz:4921 nwork C=5 python=5 classes C=[1, 1, 1, 1, 1] python=[1, 1, 1, 1, 1] RK3 python=[1, 1, 1, 1, 1] deficits(shrink,envyFree,none)=[['1', '1', '1'], ['1', '1', '1'], ['1', '1', '1'], ['1', '1', '1'], ['1', '1', '1']] agree witness failures 0 time 0.0s
k4_certs_5_n4_3.json.gz:4942 nwork C=5 python=5 classes C=[1, 1, 1, 1, 1] python=[1, 1, 1, 1, 1] RK3 python=[1, 1, 1, 1, 1] deficits(shrink,envyFree,none)=[['2', '2', '2'], ['2', '2', '2'], ['2', '2', '2'], ['2', '2', '2'], ['2', '2', '2']] agree witness failures 0 time 0.0s
k4_certs_5_n4_3.json.gz:4942 nwork C=5 python=5 classes C=[1, 1, 0, 0, 0] python=[1, 1, 0, 0, 0] RK3 python=[1, 1, 0, 0, 0] deficits(shrink,envyFree,none)=[['1', '1', '1'], ['1', '1', '1'], ['neg', '-3', '-3'], ['neg', '-3', '-3'], ['neg', '-3', '-3']] agree witness failures 0 time 0.0s
k4_certs_5_n4_3.json.gz:4942 nwork C=5 python=5 classes C=[1, 0, 0, 0, 0] python=[1, 0, 0, 0, 0] RK3 python=[1, 0, 0, 0, 0] deficits(shrink,envyFree,none)=[['1', '1', '1'], ['0', '0', '0'], ['0', '0', '0'], ['0', '0', '0'], ['0', '0', '0']] agree witness failures 0 time 0.0s
k4_certs_5_n4_3.json.gz:4943 nwork C=5 python=5 classes C=[1, 1, 1, 1, 1] python=[1, 1, 1, 1, 1] RK3 python=[1, 1, 1, 1, 1] deficits(shrink,envyFree,none)=[['2', '2', '2'], ['2', '2', '2'], ['2', '2', '2'], ['2', '2', '2'], ['2', '2', '2']] agree witness failures 0 time 0.0s
k4_certs_5_n4_3.json.gz:4943 nwork C=5 python=5 classes C=[1, 1, 0, 0, 1] python=[1, 1, 0, 0, 1] RK3 python=[1, 1, 0, 0, 1] deficits(shrink,envyFree,none)=[['2', '2', '2'], ['2', '2', '2'], ['neg', '-2', '-2'], ['neg', '-2', '-2'], ['2', '2', '2']] agree witness failures 0 time 0.0s
k4_certs_5_n4_3.json.gz:4943 nwork C=5 python=5 classes C=[1, 1, 1, 1, 1] python=[1, 1, 1, 1, 1] RK3 python=[1, 1, 1, 1, 1] deficits(shrink,envyFree,none)=[['2', '2', '2'], ['2', '2', '2'], ['2', '2', '2'], ['2', '2', '2'], ['2', '2', '2']] agree witness failures 0 time 0.0s
k4_certs_5_n4_3.json.gz:4943 nwork C=5 python=5 classes C=[0, 0, 0, 1, 1] python=[0, 0, 0, 1, 1] RK3 python=[0, 0, 0, 1, 1] deficits(shrink,envyFree,none)=[['0', '0', '0'], ['0', '0', '0'], ['-1', '-1', '-1'], ['1', '1', '1'], ['1', '1', '1']] agree witness failures 0 time 0.0s
k4_certs_5_n4_3.json.gz:5006 nwork C=5 python=5 classes C=[1, 1, 1, 1, 1] python=[1, 1, 1, 1, 1] RK3 python=[1, 1, 1, 1, 1] deficits(shrink,envyFree,none)=[['2', '2', '2'], ['2', '2', '2'], ['2', '2', '2'], ['2', '2', '2'], ['2', '2', '2']] agree witness failures 0 time 0.0s
k4_certs_5_n4_3.json.gz:5006 nwork C=5 python=5 classes C=[1, 1, 1, 1, 1] python=[1, 1, 1, 1, 1] RK3 python=[1, 1, 1, 1, 1] deficits(shrink,envyFree,none)=[['2', '2', '2'], ['2', '2', '2'], ['2', '2', '2'], ['2', '2', '2'], ['2', '2', '2']] agree witness failures 0 time 0.0s
k4_certs_5_n4_3.json.gz:5006 nwork C=5 python=5 classes C=[1, 1, 1, 0, 0] python=[1, 1, 1, 0, 0] RK3 python=[1, 1, 1, 0, 0] deficits(shrink,envyFree,none)=[['1', '1', '1'], ['1', '1', '1'], ['1', '1', '1'], ['0', '0', '0'], ['0', '0', '0']] agree witness failures 0 time 0.0s
k4_certs_5_n4_3.json.gz:5008 nwork C=5 python=5 classes C=[1, 1, 1, 1, 1] python=[1, 1, 1, 1, 1] RK3 python=[1, 1, 1, 1, 1] deficits(shrink,envyFree,none)=[['2', '2', '2'], ['2', '2', '2'], ['2', '2', '2'], ['2', '2', '2'], ['2', '2', '2']] agree witness failures 0 time 0.0s
k4_certs_5_n4_3.json.gz:5008 nwork C=5 python=5 classes C=[0, 0, 1, 0, 0] python=[0, 0, 1, 0, 0] RK3 python=[0, 0, 1, 0, 0] deficits(shrink,envyFree,none)=[['0', '0', '0'], ['0', '0', '0'], ['2', '2', '2'], ['neg', '-1', '-1'], ['neg', '-1', '-1']] agree witness failures 0 time 0.0s
k4_certs_5_n4_3.json.gz:5008 nwork C=5 python=5 classes C=[0, 0, 0, 0, 1] python=[0, 0, 0, 0, 1] RK3 python=[0, 0, 0, 0, 1] deficits(shrink,envyFree,none)=[['0', '0', '0'], ['0', '0', '0'], ['neg', '-2', '-2'], ['0', '0', '0'], ['2', '2', '2']] agree witness failures 0 time 0.0s
k4_certs_5_n4_3.json.gz:5008 nwork C=5 python=5 classes C=[1, 0, 1, 1, 1] python=[1, 0, 1, 1, 1] RK3 python=[1, 0, 1, 1, 1] deficits(shrink,envyFree,none)=[['2', '2', '2'], ['-1', '-1', '-1'], ['2', '2', '2'], ['1', '1', '1'], ['1', '1', '1']] agree witness failures 0 time 0.0s
k4_certs_5_n4_3.json.gz:5008 nwork C=5 python=5 classes C=[1, 1, 0, 1, 0] python=[1, 1, 0, 1, 0] RK3 python=[1, 1, 0, 1, 0] deficits(shrink,envyFree,none)=[['2', '2', '2'], ['2', '2', '2'], ['0', '0', '0'], ['2', '2', '2'], ['neg', '-2', '-2']] agree witness failures 0 time 0.0s
k4_certs_5_n4_3.json.gz:5011 nwork C=5 python=5 classes C=[1, 1, 1, 1, 1] python=[1, 1, 1, 1, 1] RK3 python=[1, 1, 1, 1, 1] deficits(shrink,envyFree,none)=[['2', '2', '2'], ['2', '2', '2'], ['2', '2', '2'], ['2', '2', '2'], ['2', '2', '2']] agree witness failures 0 time 0.0s
k4_certs_5_n4_3.json.gz:5011 nwork C=5 python=5 classes C=[1, 1, 1, 1, 1] python=[1, 1, 1, 1, 1] RK3 python=[1, 1, 1, 1, 1] deficits(shrink,envyFree,none)=[['2', '2', '2'], ['1', '1', '1'], ['2', '2', '2'], ['2', '2', '2'], ['2', '2', '2']] agree witness failures 0 time 0.0s
k4_certs_5_n4_3.json.gz:5011 nwork C=5 python=5 classes C=[1, 1, 1, 0, 1] python=[1, 1, 1, 0, 1] RK3 python=[1, 1, 1, 0, 1] deficits(shrink,envyFree,none)=[['2', '2', '2'], ['2', '2', '2'], ['2', '2', '2'], ['-1', '-1', '-1'], ['2', '2', '2']] agree witness failures 0 time 0.0s
# profiles 597: classes agree 597, disagree 0, witness failures 0, no first agent in K0 or K1 by the second implementation: 0
