# samples: random strict profiles per core (seeded), potentials (-frozen,-deficit), leximin, (sumlev3,sumlev4)
# command: python3 k4/c4x_run.py results/k4_certs_4_n4_3.json.gz -R -p "6,17;3;18,19;6" --rand=5000 --seed=11 -x 2
# command: python3 k4/c4x_run.py results/k4_certs_4_pure.json.gz -R -p "6,17;3;18,19;6" --rand=5000 --seed=12 -x 2
# command: python3 k4/c4x_run.py results/k4_certs_5_n4_1.json.gz -R -p "6,17;3;18,19;6" --rand=1000 --seed=13 -x 2
# command: python3 k4/c4x_run.py results/k4_certs_5_n4_2.json.gz -R -p "6,17;3;18,19;6" --rand=100 --seed=14 -x 2
# (the four outputs follow in this order)
core 9: EX every (-frozen): types [0:2,1:3,4:8,5:4] [2:2,3:8,4:4,5:5] [2:1,3:8,4:4,5:6] [3:2,4:3,5:4] bases {5} {2} {3} {4} J {0,1}
core 9: EX every (-frozen): types [0:3,1:4,4:6,5:8] [2:2,3:4,4:10,5:7] [2:2,3:10,4:6,5:3] [3:4,4:3,5:2] bases {4} {2} {3} {5} J {0,1}
core 12: EX every (-frozen): types [0:3,2:6,4:8,5:10] [1:2,3:10,4:7,5:6] [2:2,3:10,4:7,5:6] [3:2,4:4,5:3] bases {4} {1} {3} {5} J {0,2}
core 15: EX every (-frozen): types [0:4,2:10,4:3,5:8] [1:3,3:4,4:2,5:8] [2:7,3:10,4:2,5:4] [2:3,3:4,5:2] bases {0} {3} {2} {5} J {1,4}
core 18: EX every (-frozen): types [0:4,1:2,4:5,5:8] [1:2,3:8,4:5,5:4] [2:2,3:10,4:7,5:6] [2:2,4:4,5:3] bases {4} {1} {3} {5} J {0,2}
core 20: EX every (-frozen): types [0:2,1:6,4:7,5:10] [1:1,3:6,4:8,5:4] [2:2,3:7,4:10,5:4] [2:2,3:4,5:3] bases {4} {1} {3} {5} J {0,2}
core 48: EX every (sumlev3,sumlev4): types [0:2,1:4,2:3,6:8] [2:3,4:8,5:10,6:4] [3:5,4:8,5:4,6:6] [3:3,5:4,6:2] bases {6} {4} {3} {5} J {0,1,2}
core 48: EX every (sumlev3,sumlev4): types [0:4,1:3,2:2,6:8] [2:3,4:8,5:10,6:6] [3:4,4:10,5:2,6:7] [3:2,5:4,6:3] bases {6} {2} {4} {5} J {0,1,3}
core 48: EX every (-frozen): types [0:4,1:3,2:8,6:10] [2:6,4:3,5:4,6:8] [3:10,4:3,5:4,6:8] [3:4,5:2,6:3] bases {6} {2} {4,5} {3} J {0,1}
core 49: EX every (sumlev3,sumlev4): types [0:2,1:3,2:4,6:8] [2:2,5:4,6:3] [3:3,4:8,5:10,6:4] [3:2,4:10,5:4,6:7] bases {6} {5} {3} {4} J {0,1,2}
core 49: EX every (-frozen): types [0:2,1:4,2:7,6:10] [2:2,5:4,6:3] [3:3,4:2,5:10,6:6] [3:3,4:6,5:8,6:10] bases {6} {2} {3,4} {5} J {0,1}
core 49: EX every (-frozen): types [0:2,1:4,2:7,6:8] [2:3,5:4,6:2] [3:3,4:6,5:8,6:10] [3:4,4:3,5:10,6:8] bases {6} {2} {5} {3,4} J {0,1}
core 49: EX every (sumlev3,sumlev4): types [0:2,1:3,2:4,6:8] [2:2,5:4,6:3] [3:3,4:8,5:2,6:4] [3:3,4:8,5:10,6:4] bases {6} {5} {4} {3} J {0,1,2}
core 50: EX every (sumlev3,sumlev4): types [0:2,1:6,2:3,4:10] [2:2,4:7,5:8,6:4] [3:3,4:6,5:8,6:10] [3:3,5:2,6:4] bases {4} {5} {3} {6} J {0,1,2}
core 50: EX every (sumlev3,sumlev4): types [0:3,1:2,2:6,4:10] [2:2,4:6,5:3,6:10] [3:7,4:5,5:3,6:6] [3:4,5:2,6:3] bases {4} {6} {5} {3} J {0,1,2}
core 51: EX every (sumlev3,sumlev4): types [0:4,1:3,2:2,4:8] [2:3,5:4,6:2] [3:5,4:6,5:3,6:7] [3:2,4:4,5:10,6:7] bases {4} {5} {3} {6} J {0,1,2}
core 51: EX every (sumlev3,sumlev4): types [0:3,1:2,2:4,4:8] [2:3,5:4,6:2] [3:2,4:6,5:10,6:7] [3:2,4:4,5:5,6:8] bases {4} {5} {3} {6} J {0,1,2}
core 53: EX every (-frozen): types [0:3,1:4,5:6,6:8] [2:4,3:8,4:6,6:5] [2:5,3:4,5:8,6:6] [4:2,5:4,6:3] bases {5} {3} {6} {4} J {0,1,2}
core 53: EX every (-frozen): types [0:4,1:3,5:6,6:8] [2:8,3:3,4:6,6:10] [2:3,3:2,5:10,6:6] [4:2,5:4,6:3] bases {5} {6} {2,3} {4} J {0,1}
core 54: EX every (-frozen): types [0:2,1:6,4:7,5:10] [2:2,3:3,4:4,6:8] [2:3,3:2,5:10,6:6] [4:2,5:4,6:3] bases {5} {4} {2,3} {6} J {0,1}
core 54: EX every (-frozen): types [0:6,1:3,4:10,5:8] [2:7,3:6,4:10,6:2] [2:6,3:3,5:10,6:2] [4:3,5:4,6:2] bases {5} {4} {2,3} {6} J {0,1}
core 57: EX every (-frozen): types [0:3,1:4,4:6,5:8] [2:3,3:2,6:4] [2:3,4:10,5:6,6:2] [3:5,4:8,5:6,6:4] bases {4} {6} {2} {5} J {0,1,3}
core 58: EX every (-frozen): types [0:3,2:6,5:10,6:8] [1:2,4:7,5:4,6:8] [3:3,4:8,5:4,6:6] [4:4,5:2,6:3] bases {6} {1} {4} {5} J {0,2,3}
core 58: EX every (-frozen): types [0:5,2:4,5:6,6:8] [1:2,4:7,5:4,6:8] [3:4,4:10,5:2,6:7] [4:3,5:2,6:4] bases {6} {1,5} {3} {4} J {0,2}
core 59: EX every (sumlev3,sumlev4): types [0:2,2:3,3:6,6:10] [1:3,4:8,5:2,6:4] [3:2,4:6,5:10,6:3] [4:3,5:4,6:2] bases {6} {4} {3} {5} J {0,1,2}
core 59: EX every (-frozen): types [0:2,2:3,3:6,6:10] [1:3,4:8,5:2,6:4] [3:2,4:6,5:10,6:3] [4:3,5:4,6:2] bases {6} {1} {4} {5} J {0,2,3}
core 59: EX every (sumlev3,sumlev4): types [0:3,2:6,3:2,6:10] [1:2,4:7,5:10,6:4] [3:1,4:6,5:8,6:4] [4:2,5:4,6:3] bases {6} {1} {4} {5} J {0,2,3}
core 59: EX every (-frozen): types [0:3,2:4,3:2,6:8] [1:4,4:8,5:5,6:6] [3:3,4:6,5:8,6:4] [4:3,5:4,6:2] bases {6} {1} {4} {5} J {0,2,3}
core 60: EX every (sumlev3,sumlev4): types [0:2,2:3,5:8,6:4] [1:1,3:8,5:6,6:4] [3:6,4:8,5:4,6:3] [4:4,5:2,6:3] bases {5} {3} {6} {4} J {0,1,2}
core 61: EX every (sumlev3,sumlev4): types [0:2,2:3,5:6,6:10] [1:2,3:8,4:4,6:3] [3:8,4:10,5:3,6:4] [4:4,5:3,6:2] bases {6} {3} {5} {4} J {0,1,2}
core 61: EX every (sumlev3,sumlev4): types [0:2,2:6,5:3,6:10] [1:4,3:6,4:8,6:5] [3:10,4:3,5:2,6:6] [4:4,5:3,6:2] bases {6} {1} {3} {4} J {0,2,5}
core 61: EX every (-frozen): types [0:4,2:3,5:8,6:6] [1:4,3:3,4:2,6:8] [3:4,4:2,5:5,6:8] [4:3,5:4,6:2] bases {6} {1} {3,4} {5} J {0,2}
core 61: EX every (-frozen): types [0:3,2:6,5:8,6:10] [1:6,3:3,4:4,6:8] [3:6,4:3,5:10,6:8] [4:2,5:4,6:3] bases {5} {1} {3,4} {6} J {0,2}
core 62: EX every (-frozen): types [0:6,2:3,5:8,6:10] [1:2,5:4,6:3] [3:8,4:4,5:6,6:5] [3:10,4:2,5:7,6:4] bases {5} {1} {3} {6} J {0,2,4}
core 62: EX every (-frozen): types [0:6,2:2,5:10,6:7] [1:2,5:3,6:4] [3:3,4:2,5:4,6:8] [3:10,4:8,5:3,6:4] bases {6} {1} {5} {3,4} J {0,2}
core 63: EX every (-frozen): types [0:5,2:6,4:4,6:8] [1:4,4:2,5:7,6:10] [3:3,4:6,5:10,6:2] [3:2,5:3,6:4] bases {6} {1} {3,4} {5} J {0,2}
core 63: EX every (-frozen): types [0:4,2:6,4:5,6:8] [1:3,4:2,5:10,6:6] [3:3,4:4,5:8,6:10] [3:2,5:4,6:3] bases {6} {1} {3,4} {5} J {0,2}
core 64: EX every (-frozen): types [0:6,2:5,5:4,6:8] [1:2,4:3,6:4] [3:4,4:8,5:2,6:7] [3:4,4:6,5:1,6:8] bases {6} {1} {3} {4} J {0,2,5}
core 64: EX every (sumlev3,sumlev4): types [0:3,2:6,5:2,6:10] [1:2,4:4,6:3] [3:7,4:10,5:2,6:4] [3:10,4:6,5:3,6:8] bases {6} {4} {5} {3} J {0,1,2}
core 64: EX every (-frozen): types [0:6,2:3,5:5,6:7] [1:3,4:4,6:2] [3:3,4:8,5:4,6:10] [3:2,4:7,5:4,6:8] bases {6} {1} {4} {3,5} J {0,2}
core 64: EX every (sumlev3,sumlev4): types [0:6,2:2,5:3,6:10] [1:2,4:4,6:3] [3:7,4:10,5:2,6:4] [3:8,4:2,5:4,6:5] bases {6} {4} {5} {3} J {0,1,2}
core 65: EX every (sumlev3,sumlev4): types [0:2,2:4,3:8,6:3] [1:2,3:4,4:8,5:5] [3:5,4:6,5:7,6:3] [4:4,5:2,6:3] bases {3} {1} {5} {4} J {0,2,6}
core 65: EX every (sumlev3,sumlev4): types [0:2,2:4,3:8,6:3] [1:2,3:4,4:7,5:10] [3:4,4:8,5:2,6:3] [4:2,5:4,6:3] bases {3} {1} {4} {5} J {0,2,6}
core 66: EX every (-frozen): types [0:3,2:2,4:4,5:8] [1:4,3:3,6:2] [3:1,4:8,5:6,6:4] [3:3,4:10,5:8,6:4] bases {4} {1} {5} {3,6} J {0,2}
core 66: EX every (sumlev3,sumlev4): types [0:2,2:4,4:3,5:8] [1:2,3:3,6:4] [3:10,4:3,5:8,6:6] [3:5,4:2,5:4,6:8] bases {5} {6} {3} {4} J {0,1,2}
core 66: EX every (sumlev3,sumlev4): types [0:3,2:4,4:8,5:2] [1:3,3:4,6:2] [3:5,4:6,5:3,6:7] [3:7,4:5,5:3,6:6] bases {4} {3} {6} {5} J {0,1,2}
core 66: EX every (-frozen): types [0:3,2:4,4:8,5:6] [1:4,3:3,6:2] [3:2,4:7,5:10,6:4] [3:4,4:6,5:8,6:1] bases {5} {1} {4} {3,6} J {0,2}
core 68: EX every (-frozen): types [0:6,3:5,4:4,6:8] [1:2,3:3,5:10,6:6] [2:4,4:2,5:7,6:10] [4:2,5:4,6:3] bases {6} {1,3} {2} {5} J {0,4}
core 68: EX every (-frozen): types [0:2,3:3,4:10,6:6] [1:6,3:5,5:4,6:8] [2:3,4:8,5:6,6:10] [4:4,5:2,6:3] bases {0,3} {6} {2,5} {4} J {1}
core 71: EX every (-frozen): types [0:5,3:4,4:6,6:8] [1:2,4:4,5:10,6:7] [2:6,4:1,5:4,6:8] [3:2,5:4,6:3] bases {6} {1,4} {2} {5} J {0,3}
core 71: EX every (-frozen): types [0:3,3:6,4:5,6:7] [1:3,4:2,5:8,6:4] [2:2,4:3,5:6,6:10] [3:2,5:3,6:4] bases {6} {1} {2,4} {5} J {0,3}
core 72: EX every (-frozen): types [0:4,3:6,4:5,6:8] [1:2,4:4,5:7,6:10] [2:2,5:3,6:4] [3:4,4:2,5:7,6:8] bases {6} {1,4} {2} {5} J {0,3}
core 74: EX every (-frozen): types [0:2,3:3,4:6,5:10] [1:3,3:5,5:7,6:6] [2:4,4:8,5:10,6:3] [3:3,4:4,6:2] bases {0,3} {5} {2} {4} J {1,6}
core 75: EX every (-frozen): types [0:3,3:6,4:7,5:5] [1:2,3:6,5:7,6:10] [2:2,4:4,6:3] [3:4,4:8,5:2,6:5] bases {4} {1,3} {2} {6} J {0,5}
core 76: EX every (-frozen): types [0:3,2:8,3:4,6:6] [1:2,3:3,4:10,5:6] [2:5,4:4,5:8,6:6] [4:4,5:3,6:2] bases {0,6} {1,3} {5} {4} J {2}
core 76: EX every (-frozen): types [0:10,2:3,3:8,6:6] [1:1,3:4,4:6,5:8] [2:3,4:8,5:4,6:2] [4:3,5:4,6:2] bases {0,2} {1,3} {5} {4} J {6}
core 77: EX every (-frozen): types [0:2,2:5,3:8,6:4] [1:4,4:2,5:5,6:8] [2:6,3:3,5:10,6:8] [4:2,5:4,6:3] bases {2,3} {5} {6} {4} J {0,1}
core 77: EX every (-frozen): types [0:3,2:5,3:6,6:7] [1:3,4:2,5:4,6:8] [2:3,3:4,5:8,6:6] [4:2,5:4,6:3] bases {2,3} {5} {6} {4} J {0,1}
core 77: EX every (sumlev3,sumlev4): types [0:3,2:4,3:2,6:8] [1:3,4:6,5:7,6:5] [2:2,3:3,5:10,6:6] [4:4,5:3,6:2] bases {6} {1} {5} {4} J {0,2,3}
core 78: EX every (-frozen): types [0:3,2:8,3:10,6:6] [1:4,4:6,5:8,6:1] [2:6,3:3,4:8,5:4] [4:3,5:4,6:2] bases {0,2} {1,6} {4} {5} J {3}
core 78: EX every (-frozen): types [0:3,2:10,3:8,6:4] [1:2,4:10,5:7,6:4] [2:6,3:3,4:10,5:8] [4:3,5:4,6:2] bases {0,3} {1,6} {5} {4} J {2}
core 79: EX every (-frozen): types [0:5,2:4,4:6,6:8] [1:4,3:1,5:6,6:8] [2:2,3:4,5:8,6:7] [4:2,5:3,6:4] bases {6} {1} {3} {5} J {0,2,4}
core 80: EX every (-frozen): types [0:4,2:2,4:8,6:7] [1:7,3:4,5:2,6:10] [2:4,3:7,4:8,5:2] [4:4,5:2,6:3] bases {0,2} {1,5} {4} {6} J {3}
core 80: EX every (-frozen): types [0:2,2:7,4:6,6:10] [1:2,3:10,5:4,6:7] [2:4,3:10,4:7,5:2] [4:3,5:2,6:4] bases {0,2} {1,5} {3} {6} J {4}
core 81: EX every (sumlev3,sumlev4): types [0:3,2:6,3:2,6:10] [1:2,5:4,6:3] [2:2,4:5,5:8,6:4] [3:2,4:7,5:8,6:4] bases {6} {5} {2} {4} J {0,1,3}
core 81: EX every (-frozen): types [0:5,2:6,3:3,6:7] [1:2,5:4,6:3] [2:4,4:1,5:8,6:6] [3:1,4:4,5:8,6:6] bases {6} {1} {2,4} {5} J {0,3}
core 81: EX every (-frozen): types [0:5,2:6,3:4,6:8] [1:2,5:3,6:4] [2:4,4:2,5:7,6:10] [3:2,4:3,5:8,6:4] bases {6} {1} {2,4} {5} J {0,3}
core 82: EX every (sumlev3,sumlev4): types [0:3,2:2,3:6,4:10] [1:2,4:4,5:3,6:8] [2:2,4:3,5:8,6:4] [3:2,5:4,6:3] bases {4} {6} {2} {5} J {0,1,3}
core 82: EX every (sumlev3,sumlev4): types [0:6,2:3,3:2,4:10] [1:3,4:6,5:10,6:8] [2:2,4:4,5:10,6:7] [3:2,5:3,6:4] bases {4} {1} {5} {6} J {0,2,3}
core 83: EX every (-frozen): types [0:6,2:4,3:1,5:8] [1:2,4:4,6:3] [2:2,4:8,5:4,6:7] [3:3,4:8,5:6,6:10] bases {3,5} {1} {6} {4} J {0,2}
core 83: EX every (-frozen): types [0:10,2:7,3:2,5:4] [1:2,4:3,6:4] [2:2,4:8,5:4,6:5] [3:4,4:7,5:2,6:10] bases {2,5} {1} {6} {4} J {0,3}
core 87: EX every (-frozen): types [0:3,2:6,4:5,6:7] [1:4,4:2,5:7,6:8] [2:1,3:4,5:8,6:6] [3:2,5:4,6:3] bases {6} {1} {3} {5} J {0,2,4}
core 88: EX every (leximin): types [0:6,2:10,5:2,6:7] [1:2,4:6,5:3,6:10] [2:10,3:7,4:6,6:2] [3:3,5:2,6:4] bases {0,5} {1,4} {2} {6} J {3}
core 88: EX every (-frozen): types [0:6,2:10,5:2,6:7] [1:2,4:6,5:3,6:10] [2:10,3:7,4:6,6:2] [3:3,5:2,6:4] bases {0,5} {1,4} {2} {6} J {3}
core 88: EX every (-frozen): types [0:4,2:3,5:8,6:10] [1:5,4:2,5:8,6:4] [2:4,3:6,4:5,6:8] [3:2,5:3,6:4] bases {0} {1} {6} {5} J {2,3,4}
core 89: EX every (-frozen): types [0:2,2:4,5:8,6:7] [1:3,4:2,5:6,6:10] [2:2,3:6,5:7,6:10] [3:3,4:2,6:4] bases {0,2} {1,4} {5} {6} J {3}
core 89: EX every (leximin): types [0:2,2:4,5:3,6:8] [1:2,4:7,5:10,6:6] [2:8,3:3,5:10,6:6] [3:2,4:3,6:4] bases {0,2} {1,4} {5} {6} J {3}
core 89: EX some (leximin): types [0:2,2:4,5:3,6:8] [1:2,4:7,5:10,6:6] [2:8,3:3,5:10,6:6] [3:2,4:3,6:4] bases {0,2} {1,4} {5} {6} J {3}
core 90: EX every (-frozen): types [0:1,2:4,5:8,6:6] [1:3,4:4,6:2] [2:3,3:6,5:8,6:10] [3:3,4:2,5:8,6:4] bases {0,2} {1,4} {5} {6} J {3}
core 90: EX every (-frozen): types [0:7,2:4,5:2,6:10] [1:2,4:4,6:3] [2:4,3:3,5:2,6:8] [3:3,4:10,5:4,6:8] bases {6} {4} {2} {3,5} J {0,1}
core 91: EX every (-frozen): types [0:3,2:4,5:8,6:6] [1:2,5:3,6:4] [2:8,3:10,4:3,6:4] [3:6,4:2,5:7,6:10] bases {6} {1} {3,4} {5} J {0,2}
core 91: EX every (-frozen): types [0:2,2:6,5:10,6:7] [1:2,5:3,6:4] [2:3,3:8,4:6,6:10] [3:6,4:2,5:7,6:10] bases {6} {1} {3,4} {5} J {0,2}
core 92: EX every (-frozen): types [0:6,2:3,4:10,6:2] [1:2,4:6,5:10,6:3] [2:4,3:5,4:6,5:8] [3:3,5:4,6:2] bases {0,2} {1,6} {4} {5} J {3}
core 93: EX every (leximin): types [0:2,2:6,4:10,5:3] [1:4,4:5,5:2,6:8] [2:2,3:3,6:4] [3:8,4:10,5:3,6:4] bases {0,2} {1,5} {6} {4} J {3}
core 93: EX some (leximin): types [0:2,2:6,4:10,5:3] [1:4,4:5,5:2,6:8] [2:2,3:3,6:4] [3:8,4:10,5:3,6:4] bases {0,2} {1,5} {6} {4} J {3}
core 93: EX every (-frozen): types [0:2,2:6,4:10,5:3] [1:4,4:5,5:2,6:8] [2:2,3:3,6:4] [3:8,4:10,5:3,6:4] bases {0,2} {1,5} {6} {4} J {3}
core 94: EX every (-frozen): types [0:2,2:3,5:4,6:8] [1:2,4:4,6:3] [2:5,3:4,4:8,5:6] [3:6,4:10,5:2,6:7] bases {0,2} {1} {4} {6} J {3,5}
core 95: EX every (-frozen): types [0:2,2:3,6:4] [1:4,4:2,5:7,6:10] [2:6,3:3,4:4,5:8] [3:2,4:4,5:7,6:8] bases {6} {5} {2} {3,4} J {0,1}
core 98: EX every (-frozen): types [0:3,4:6,5:2,6:10] [1:6,4:4,5:3,6:8] [2:3,3:10,5:2,6:6] [2:2,3:4,6:3] bases {0,4} {6} {2,5} {3} J {1}
core 99: EX every (-frozen): types [0:2,4:8,5:4,6:5] [1:2,4:4,6:3] [2:2,3:3,5:4,6:8] [2:2,3:3,5:4,6:8] bases {6} {4} {2,3} {5} J {0,1}
core 100: EX every (-frozen): types [0:3,4:8,5:10,6:6] [1:2,4:8,5:7,6:4] [2:4,3:2,4:8,5:7] [2:3,3:2,6:4] bases {4} {5} {2,3} {6} J {0,1}
core 102: EX every (-frozen): types [0:1,1:8,2:4,4:6] [1:3,2:5,5:7,6:6] [3:2,4:4,5:5,6:8] [3:2,5:4,6:3] bases {0,1} {5} {3,4} {6} J {2}
core 102: EX every (-frozen): types [0:4,1:10,2:2,4:7] [1:2,2:3,5:10,6:6] [3:3,4:2,5:4,6:8] [3:2,5:4,6:3] bases {0,4} {1,2} {5} {6} J {3}
core 106: EX every (-frozen): types [0:2,1:10,2:6,5:7] [1:3,2:2,6:4] [3:10,4:4,5:3,6:8] [3:8,4:2,5:4,6:7] bases {0,1} {6} {3} {4,5} J {2}
core 110: EX every (-frozen): types [0:2,1:10,4:3,6:6] [1:8,3:2,5:4,6:7] [2:8,3:2,4:4,5:7] [2:3,5:2,6:4] bases {0,4} {1} {2,3} {6} J {5}
core 112: EX every (-frozen): types [0:4,1:10,4:3,6:8] [1:4,5:2,6:3] [2:7,3:6,4:2,5:10] [2:3,3:4,5:6,6:8] bases {0} {1} {4,5} {6} J {2,3}
core 112: EX every (-frozen): types [0:1,1:8,4:4,6:6] [1:4,5:2,6:3] [2:4,3:5,4:2,5:8] [2:2,3:3,5:4,6:8] bases {1} {6} {2,3} {5} J {0,4}
core 113: EX every (-frozen): types [0:4,1:2,5:10,6:7] [1:2,5:4,6:3] [2:4,3:6,4:5,5:8] [2:6,3:7,4:2,6:10] bases {0} {1} {5} {6} J {2,3,4}
core 115: EX every (sumlev3,sumlev4): types [0:2,2:8,3:4,6:7] [1:10,2:7,5:2,6:6] [1:4,4:2,6:3] [3:6,4:2,5:3,6:10] bases {2} {5} {1} {6} J {0,3,4}
core 115: EX every (leximin): types [0:3,2:10,3:2,6:6] [1:3,2:8,5:6,6:4] [1:3,4:4,6:2] [3:2,4:10,5:7,6:6] bases {0,6} {2} {4} {3,5} J {1}
core 115: EX some (leximin): types [0:3,2:10,3:2,6:6] [1:3,2:8,5:6,6:4] [1:3,4:4,6:2] [3:2,4:10,5:7,6:6] bases {0,6} {2} {4} {3,5} J {1}
core 115: EX every (leximin): types [0:3,2:2,3:4,6:8] [1:4,2:3,5:8,6:2] [1:3,4:2,6:4] [3:4,4:6,5:8,6:1] bases {0,3} {1,2} {6} {5} J {4}
core 115: EX some (leximin): types [0:3,2:2,3:4,6:8] [1:4,2:3,5:8,6:2] [1:3,4:2,6:4] [3:4,4:6,5:8,6:1] bases {0,3} {1,2} {6} {5} J {4}
core 119: EX every (sumlev3,sumlev4): types [0:3,2:4,6:2] [1:7,2:10,3:2,6:4] [1:10,4:3,5:2,6:6] [3:4,4:2,5:3,6:8] bases {2} {3} {1} {6} J {0,4,5}
core 123: EX every (-frozen): types [0:6,4:2,5:7,6:10] [1:8,2:7,3:4,4:2] [1:1,3:4,5:8,6:6] [2:2,5:4,6:3] bases {5} {2,4} {1,3} {6} J {0}
core 123: EX every (-frozen): types [0:2,4:4,5:7,6:8] [1:6,2:4,3:8,4:3] [1:2,3:3,5:4,6:8] [2:2,5:4,6:3] bases {0,4} {1,2} {5} {6} J {3}
core 124: EX every (-frozen): types [0:2,4:10,5:4,6:7] [1:10,2:2,3:7,5:6] [1:5,3:4,5:2,6:8] [2:2,4:4,6:3] bases {0,5} {1,2} {6} {4} J {3}
core 126: EX every (-frozen): types [0:2,4:4,5:5,6:8] [1:3,2:2,3:4] [1:3,3:6,5:10,6:8] [2:2,4:3,5:10,6:6] bases {5} {3} {6} {2,4} J {0,1}
core 126: EX every (-frozen): types [0:6,4:3,5:8,6:10] [1:3,2:4,3:2] [1:1,3:4,5:8,6:6] [2:2,4:4,5:8,6:7] bases {5} {2} {1,3} {6} J {0,4}
core 128: EX every (-frozen): types [0:2,5:4,6:3] [1:4,2:8,3:6,4:3] [1:4,3:2,5:5,6:8] [2:1,4:4,5:8,6:6] bases {0} {1,3} {5} {6} J {2,4}
core 137: EX every (-frozen): types [0:2,1:6,2:10,3:3] [2:7,3:4,6:2,7:8] [4:10,5:3,6:6,7:2] [4:3,5:2,7:4] bases {2} {3} {4,5} {7} J {0,1,6}
core 137: EX every (sumlev3,sumlev4): types [0:6,1:2,2:10,3:3] [2:6,3:1,6:8,7:4] [4:7,5:4,6:8,7:2] [4:3,5:4,7:2] bases {2} {3,7} {6} {4,5} J {0,1}
core 137: EX every (sumlev3,sumlev4): types [0:2,1:6,2:3,3:10] [2:2,3:7,6:4,7:10] [4:6,5:8,6:1,7:4] [4:3,5:2,7:4] bases {3} {2,6} {4,5} {7} J {0,1}
core 137: EX every (-frozen): types [0:2,1:6,2:10,3:3] [2:6,3:3,6:2,7:10] [4:1,5:6,6:4,7:8] [4:2,5:3,7:4] bases {2} {3} {4,5} {7} J {0,1,6}
core 138: EX every (-frozen): types [0:3,1:4,2:2,3:8] [2:2,3:3,7:4] [4:7,5:4,6:2,7:10] [4:8,5:3,6:2,7:4] bases {3} {2} {7} {4,5} J {0,1,6}
core 138: EX every (-frozen): types [0:4,1:2,2:8,3:3] [2:3,3:2,7:4] [4:4,5:8,6:3,7:10] [4:2,5:8,6:4,7:7] bases {2} {3} {7} {4,5} J {0,1,6}
core 139: EX every (-frozen): types [0:3,1:6,2:2,7:10] [2:4,4:8,5:3,6:10] [3:3,4:10,5:6,7:2] [3:2,6:4,7:3] bases {7} {6} {4,5} {3} J {0,1,2}
core 140: EX every (sumlev3,sumlev4): types [0:3,1:6,2:2,7:10] [2:2,4:3,5:10,7:6] [3:5,4:3,5:7,6:6] [3:4,6:2,7:3] bases {7} {2,4} {5} {3,6} J {0,1}
core 140: EX every (sumlev3,sumlev4): types [0:2,1:4,2:3,7:8] [2:1,4:4,5:8,7:6] [3:6,4:5,5:7,6:3] [3:4,6:2,7:3] bases {7} {2,4} {5} {3,6} J {0,1}
core 141: EX every (sumlev3,sumlev4): types [0:3,1:4,3:8,4:2] [2:8,3:6,6:5,7:4] [2:10,5:7,6:2,7:6] [4:2,5:3,7:4] bases {3} {6} {2} {5,7} J {0,1,4}
core 141: EX every (-frozen): types [0:3,1:4,3:2,4:8] [2:8,3:5,6:2,7:4] [2:7,5:4,6:2,7:8] [4:3,5:2,7:4] bases {4} {2,6} {7} {5} J {0,1,3}
core 142: EX every (sumlev3,sumlev4): types [0:2,1:6,3:3,4:10] [2:7,3:2,6:8,7:4] [2:3,5:2,7:4] [4:8,5:6,6:10,7:3] bases {4} {6} {2,7} {5} J {0,1,3}
core 143: EX every (sumlev3,sumlev4): types [0:3,1:2,3:8,7:4] [2:10,3:7,4:2,7:4] [2:8,5:4,6:5,7:2] [4:2,5:3,6:4] bases {3} {4,7} {2} {5,6} J {0,1}
core 143: EX every (sumlev3,sumlev4): types [0:3,1:6,3:2,7:10] [2:8,3:4,4:1,7:6] [2:10,5:4,6:8,7:3] [4:2,5:4,6:3] bases {7} {3,4} {2} {5,6} J {0,1}
core 144: EX every (sumlev3,sumlev4): types [0:2,1:6,3:10,7:3] [2:4,3:2,4:3] [2:10,5:3,6:8,7:4] [4:2,5:3,6:8,7:4] bases {1,3} {2} {5,7} {6} J {0,4}
core 144: EX every (sumlev3,sumlev4): types [0:3,1:4,3:8,7:6] [2:3,3:2,4:4] [2:4,5:2,6:3,7:8] [4:8,5:2,6:4,7:7] bases {1,3} {4} {7} {5,6} J {0,2}
core 145: EX every (-frozen): types [0:3,1:6,6:2,7:10] [2:6,3:1,4:4,5:8] [2:10,3:2,4:6,7:7] [5:4,6:2,7:3] bases {7} {5} {2,4} {6} J {0,1,3}
core 145: EX every (-frozen): types [0:1,1:4,6:8,7:6] [2:4,3:2,4:7,5:10] [2:3,3:2,4:4,7:8] [5:2,6:4,7:3] bases {0,1} {2,4} {7} {6} J {3,5}
core 146: EX every (-frozen): types [0:6,2:4,4:5,7:8] [1:2,3:3,6:8,7:4] [4:2,5:3,6:6,7:10] [5:2,6:3,7:4] bases {0} {7} {4,5} {6} J {1,2,3}
core 146: EX every (sumlev3,sumlev4): types [0:6,2:3,4:2,7:10] [1:4,3:2,6:10,7:7] [4:2,5:8,6:5,7:4] [5:4,6:3,7:2] bases {7} {6} {4} {5} J {0,1,2,3}
core 146: EX every (-frozen): types [0:6,2:3,4:2,7:10] [1:4,3:2,6:10,7:7] [4:2,5:8,6:5,7:4] [5:4,6:3,7:2] bases {7} {1} {5} {6} J {0,2,3,4}
core 147: EX every (-frozen): types [0:7,2:2,4:6,5:10] [1:4,3:2,6:10,7:7] [4:3,5:4,6:8,7:6] [5:2,6:3,7:4] bases {2,5} {1,3} {7} {6} J {0,4}
core 147: EX every (-frozen): types [0:2,2:4,4:8,5:7] [1:4,3:3,6:10,7:8] [4:8,5:4,6:3,7:2] [5:4,6:2,7:3] bases {0,2} {1,7} {4} {5} J {3,6}
core 148: EX every (-frozen): types [0:4,2:3,6:10,7:8] [1:3,3:2,6:6,7:10] [4:5,5:6,6:7,7:3] [4:3,5:2,7:4] bases {0,2} {1,3} {6} {7} J {4,5}
core 148: EX every (-frozen): types [0:2,2:4,6:7,7:10] [1:3,3:4,6:8,7:10] [4:3,5:5,6:6,7:7] [4:2,5:3,7:4] bases {0,2} {1,3} {6} {7} J {4,5}
core 149: EX every (sumlev3,sumlev4): types [0:2,2:3,5:8,6:4] [1:2,3:4,5:7,7:8] [4:8,5:4,6:2,7:5] [4:4,6:2,7:3] bases {5} {1,3} {7} {4} J {0,2,6}
core 149: EX every (-frozen): types [0:4,2:3,5:2,6:8] [1:3,3:4,5:2,7:8] [4:6,5:3,6:10,7:8] [4:2,6:3,7:4] bases {0,2} {1,3} {7} {6} J {4,5}
core 149: EX every (-frozen): types [0:4,2:3,5:8,6:10] [1:3,3:4,5:8,7:2] [4:3,5:6,6:10,7:2] [4:3,6:4,7:2] bases {0,2} {1,3} {5} {6} J {4,7}
core 149: EX every (sumlev3,sumlev4): types [0:2,2:3,5:8,6:4] [1:4,3:3,5:8,7:10] [4:7,5:5,6:3,7:6] [4:4,6:2,7:3] bases {5} {1,3} {7} {4} J {0,2,6}
core 150: EX every (-frozen): types [0:4,2:3,6:8,7:10] [1:7,4:2,6:10,7:4] [3:6,5:3,6:8,7:4] [5:2,6:3,7:4] bases {0,2} {1,4} {6} {7} J {3,5}
core 150: EX every (-frozen): types [0:2,2:4,6:8,7:5] [1:1,4:4,6:6,7:8] [3:4,5:3,6:6,7:8] [5:3,6:2,7:4] bases {0,2} {1,4} {6} {7} J {3,5}
core 151: EX every (-frozen): types [0:3,2:2,5:8,7:4] [1:4,4:5,6:8,7:2] [3:3,5:6,6:2,7:10] [5:3,6:2,7:4] bases {7} {1,4} {3,6} {5} J {0,2}
core 151: EX every (-frozen): types [0:6,2:4,5:5,7:8] [1:4,4:2,6:7,7:10] [3:6,5:3,6:10,7:8] [5:2,6:3,7:4] bases {0,2} {1,4} {7} {6} J {3,5}
core 152: EX every (-frozen): types [0:4,2:3,6:8,7:6] [1:4,5:2,6:5,7:8] [3:5,5:6,6:4,7:8] [4:2,6:3,7:4] bases {7} {6} {3,5} {4} J {0,1,2}
core 152: EX every (-frozen): types [0:3,2:2,6:4,7:8] [1:2,5:6,6:10,7:7] [3:2,5:7,6:10,7:6] [4:2,6:4,7:3] bases {6} {7} {3,5} {4} J {0,1,2}
core 153: EX every (-frozen): types [0:6,2:2,5:7,7:10] [1:4,5:10,6:3,7:8] [3:2,5:10,6:7,7:6] [4:2,6:3,7:4] bases {5} {1} {3,6} {7} J {0,2,4}
core 154: EX every (-frozen): types [0:7,2:2,4:6,7:10] [1:4,4:3,6:8,7:6] [3:4,5:1,6:6,7:8] [5:2,6:3,7:4] bases {0,2} {7} {3,5} {6} J {1,4}
core 154: EX every (-frozen): types [0:6,2:5,4:4,7:8] [1:4,4:2,6:3,7:8] [3:6,5:3,6:5,7:7] [5:2,6:3,7:4] bases {7} {1} {3} {5,6} J {0,2,4}
core 155: EX every (-frozen): types [0:4,2:5,4:8,7:2] [1:1,4:4,5:6,6:8] [3:2,5:10,6:7,7:6] [5:3,6:4,7:2] bases {0,2} {1,4} {6} {5} J {3,7}
core 155: EX every (-frozen): types [0:3,2:8,4:10,7:6] [1:2,4:3,5:6,6:10] [3:2,5:8,6:4,7:3] [5:3,6:4,7:2] bases {0,2} {1,4} {6} {5} J {3,7}
core 156: EX every (-frozen): types [0:2,2:4,6:7,7:8] [1:4,4:2,5:7,7:10] [3:2,4:4,6:10,7:7] [5:3,6:4,7:2] bases {0,2} {7} {3,4} {6} J {1,5}
core 156: EX every (-frozen): types [0:4,2:2,6:10,7:7] [1:3,4:6,5:10,7:2] [3:3,4:6,6:8,7:10] [5:2,6:4,7:3] bases {0,2} {1,5} {6} {7} J {3,4}
core 157: EX every (-frozen): types [0:3,2:4,5:10,6:8] [1:4,4:7,5:10,7:2] [3:4,4:5,6:8,7:2] [5:4,6:3,7:2] bases {0,2} {5} {3,7} {6} J {1,4}
core 157: EX every (-frozen): types [0:1,2:4,5:6,6:8] [1:4,4:3,5:8,7:2] [3:5,4:2,6:8,7:4] [5:3,6:4,7:2] bases {0,2} {1,4} {6} {5} J {3,7}
core 158: EX every (-frozen): types [0:2,2:4,4:10,7:7] [1:3,5:2,6:4,7:8] [3:4,5:6,6:3,7:8] [4:4,6:2,7:3] bases {0,2} {1,6} {7} {4} J {3,5}
core 158: EX every (sumlev3,sumlev4): types [0:3,2:2,4:6,7:10] [1:2,5:7,6:10,7:6] [3:1,5:8,6:4,7:6] [4:2,6:4,7:3] bases {7} {1} {5} {6} J {0,2,3,4}
core 158: EX every (-frozen): types [0:5,2:3,4:6,7:7] [1:2,5:4,6:7,7:10] [3:6,5:3,6:10,7:8] [4:2,6:3,7:4] bases {7} {5} {3} {6} J {0,1,2,4}
core 158: EX every (sumlev3,sumlev4): types [0:2,2:4,4:3,7:8] [1:2,5:4,6:8,7:3] [3:4,5:6,6:8,7:5] [4:3,6:4,7:2] bases {7} {1} {5} {6} J {0,2,3,4}
core 159: EX every (sumlev3,sumlev4): types [0:6,2:3,4:2,5:10] [1:3,5:4,6:8,7:2] [3:4,5:5,6:6,7:8] [4:2,6:3,7:4] bases {5} {6} {3} {7} J {0,1,2,4}
core 159: EX every (sumlev3,sumlev4): types [0:3,2:2,4:6,5:10] [1:6,5:8,6:10,7:3] [3:3,5:6,6:8,7:10] [4:2,6:3,7:4] bases {5} {6} {3} {7} J {0,1,2,4}
core 160: EX every (sumlev3,sumlev4): types [0:4,2:2,4:3,6:8] [1:2,5:10,6:4,7:7] [3:2,5:3,7:4] [4:3,5:8,6:4,7:10] bases {6} {5} {7} {4} J {0,1,2,3}
core 160: EX every (sumlev3,sumlev4): types [0:6,2:3,4:2,6:10] [1:3,5:6,6:5,7:7] [3:3,5:2,7:4] [4:2,5:10,6:3,7:6] bases {6} {1} {7} {5} J {0,2,3,4}
core 160: EX every (-frozen): types [0:6,2:3,4:5,6:7] [1:4,5:3,6:8,7:2] [3:4,5:2,7:3] [4:4,5:2,6:8,7:3] bases {6} {1} {3} {5,7} J {0,2,4}
core 161: EX every (-frozen): types [0:2,2:3,5:10,7:6] [1:3,4:4,6:6,7:8] [3:2,6:3,7:4] [4:3,5:10,6:4,7:8] bases {0,2} {1,4} {7} {5} J {3,6}
core 161: EX every (sumlev3,sumlev4): types [0:3,2:2,5:6,7:10] [1:3,4:10,6:8,7:6] [3:3,6:4,7:2] [4:5,5:2,6:8,7:4] bases {7} {4} {6} {5} J {0,1,2,3}
core 161: EX every (-frozen): types [0:2,2:4,5:8,7:7] [1:2,4:4,6:5,7:8] [3:2,6:3,7:4] [4:2,5:8,6:3,7:4] bases {0,2} {1,4} {7} {5} J {3,6}
core 162: EX every (-frozen): types [0:2,2:4,6:7,7:8] [1:6,4:5,5:4,7:8] [3:2,6:3,7:4] [4:2,5:3,6:6,7:10] bases {2} {7} {3} {6} J {0,1,4,5}
core 162: EX every (-frozen): types [0:2,2:4,6:3,7:8] [1:1,4:4,5:8,7:6] [3:2,6:3,7:4] [4:6,5:10,6:2,7:7] bases {0,2} {1,4} {7} {5} J {3,6}
core 163: EX every (-frozen): types [0:2,2:4,6:10,7:7] [1:3,4:8,6:10,7:4] [3:4,5:1,6:6,7:8] [4:3,5:2,7:4] bases {0,2} {6} {3,5} {7} J {1,4}
core 163: EX every (-frozen): types [0:2,2:4,6:8,7:7] [1:3,4:4,6:8,7:2] [3:4,5:3,6:6,7:8] [4:2,5:3,7:4] bases {0,2} {1,4} {6} {7} J {3,5}
core 164: EX every (-frozen): types [0:2,2:6,6:7,7:10] [1:1,4:4,6:8,7:6] [3:2,5:4,7:3] [4:5,5:3,6:7,7:6] bases {6} {1,4} {3,5} {7} J {0,2}
core 164: EX every (-frozen): types [0:3,2:4,6:8,7:10] [1:5,4:2,6:8,7:4] [3:2,5:3,7:4] [4:2,5:4,6:5,7:8] bases {0,2} {1,4} {7} {6} J {3,5}
core 166: EX every (-frozen): types [0:4,2:2,5:7,6:8] [1:4,4:2,7:3] [3:3,5:8,6:4,7:2] [4:4,5:7,6:10,7:2] bases {0,2} {1,4} {6} {5} J {3,7}
core 166: EX every (-frozen): types [0:4,2:3,5:6,6:8] [1:3,4:4,7:2] [3:3,5:10,6:8,7:4] [4:5,5:7,6:6,7:3] bases {5} {4} {3,7} {6} J {0,1,2}
core 166: EX every (sumlev3,sumlev4): types [0:4,2:2,5:3,6:8] [1:2,4:4,7:3] [3:4,5:2,6:7,7:10] [4:8,5:2,6:3,7:4] bases {6} {4} {7} {5} J {0,1,2,3}
core 167: EX every (-frozen): types [0:3,2:4,6:8,7:10] [1:6,4:2,5:3,6:10] [3:2,5:3,7:4] [4:3,5:4,6:6,7:8] bases {0,2} {1,4} {7} {6} J {3,5}
core 168: EX every (-frozen): types [0:2,2:4,3:5,7:8] [1:2,3:3,7:4] [4:8,5:4,6:1,7:6] [4:8,5:2,6:4,7:7] bases {0,2} {7} {4} {5,6} J {1,3}
core 168: EX every (-frozen): types [0:4,2:6,3:5,7:8] [1:2,3:4,7:3] [4:2,5:3,6:4,7:8] [4:4,5:3,6:2,7:8] bases {7} {1,3} {6} {4,5} J {0,2}
core 169: EX every (sumlev3,sumlev4): types [0:6,2:2,3:3,6:10] [1:2,3:3,6:6,7:10] [4:6,5:4,6:3,7:8] [4:4,5:2,7:3] bases {6} {1,3} {7} {4,5} J {0,2}
core 169: EX every (-frozen): types [0:6,2:2,3:3,6:10] [1:2,3:3,6:6,7:10] [4:6,5:4,6:3,7:8] [4:4,5:2,7:3] bases {6} {3} {7} {4,5} J {0,1,2}
core 169: EX every (sumlev3,sumlev4): types [0:2,2:3,3:4,6:8] [1:3,3:2,6:6,7:10] [4:8,5:2,6:4,7:5] [4:3,5:2,7:4] bases {6} {1,3} {4,5} {7} J {0,2}
core 169: EX every (-frozen): types [0:2,2:3,3:4,6:8] [1:3,3:2,6:6,7:10] [4:8,5:2,6:4,7:5] [4:3,5:2,7:4] bases {6} {1} {4,5} {7} J {0,2,3}
core 171: EX every (-frozen): types [0:3,2:5,3:6,4:7] [1:3,5:6,6:10,7:8] [3:4,4:3,6:8,7:10] [5:2,6:3,7:4] bases {0,2} {7} {3,4} {6} J {1,5}
core 171: EX every (sumlev3,sumlev4): types [0:6,2:2,3:10,4:3] [1:3,5:6,6:10,7:8] [3:4,4:3,6:8,7:2] [5:4,6:3,7:2] bases {3} {6} {4} {5,7} J {0,1,2}
core 171: EX every (-frozen): types [0:3,2:8,3:10,4:4] [1:2,5:4,6:5,7:8] [3:4,4:2,6:8,7:7] [5:2,6:4,7:3] bases {0,2} {6} {3,4} {7} J {1,5}
core 171: EX every (sumlev3,sumlev4): types [0:6,2:2,3:10,4:3] [1:4,5:2,6:8,7:7] [3:6,4:4,6:8,7:3] [5:3,6:2,7:4] bases {3} {6} {4} {5,7} J {0,1,2}
core 173: EX every (sumlev3,sumlev4): types [0:3,2:6,3:2,5:10] [1:3,5:4,6:8,7:2] [3:4,4:8,6:10,7:3] [4:4,6:3,7:2] bases {5} {1} {6} {4,7} J {0,2,3}
core 173: EX every (sumlev3,sumlev4): types [0:3,2:2,3:4,5:8] [1:4,5:5,6:8,7:2] [3:3,4:6,6:7,7:5] [4:4,6:3,7:2] bases {5} {1} {6} {4,7} J {0,2,3}
core 173: EX every (-frozen): types [0:10,2:3,3:8,5:6] [1:6,5:3,6:10,7:8] [3:2,4:3,6:6,7:10] [4:2,6:3,7:4] bases {0,2} {7} {3,4} {6} J {1,5}
core 173: EX every (-frozen): types [0:3,2:2,3:6,5:10] [1:4,5:5,6:8,7:2] [3:2,4:4,6:5,7:8] [4:2,6:4,7:3] bases {5} {1} {4,7} {6} J {0,2,3}
core 174: EX every (-frozen): types [0:7,2:2,3:6,7:10] [1:2,6:3,7:4] [3:4,4:3,5:2,6:8] [4:4,5:3,6:8,7:10] bases {7} {6} {3} {4,5} J {0,1,2}
core 174: EX every (-frozen): types [0:6,2:2,3:3,7:10] [1:2,6:4,7:3] [3:4,4:7,5:2,6:8] [4:8,5:3,6:10,7:4] bases {7} {1} {4,5} {6} J {0,2,3}
core 176: EX every (sumlev3,sumlev4): types [0:3,2:2,4:8,7:4] [1:3,3:10,5:8,6:4] [3:7,4:6,6:3,7:5] [5:4,6:3,7:2] bases {4} {3} {7} {5,6} J {0,1,2}
core 176: EX every (-frozen): types [0:4,2:3,4:2,7:8] [1:4,3:3,5:6,6:8] [3:2,4:4,6:8,7:7] [5:2,6:4,7:3] bases {0} {6} {3,4} {7} J {1,2,5}
core 177: EX every (-frozen): types [0:3,2:5,4:6,7:7] [1:4,3:2,6:8,7:7] [3:3,4:2,5:4,7:8] [5:2,6:4,7:3] bases {7} {1} {3,4} {6} J {0,2,5}
core 177: EX every (-frozen): types [0:1,2:6,4:4,7:8] [1:4,3:2,6:10,7:7] [3:3,4:6,5:4,7:8] [5:2,6:4,7:3] bases {0,2} {1,3} {7} {6} J {4,5}
core 177: EX every (sumlev3,sumlev4): types [0:6,2:3,4:2,7:10] [1:2,3:6,6:10,7:3] [3:10,4:4,5:2,7:7] [5:2,6:4,7:3] bases {7} {1} {3} {6} J {0,2,4,5}
core 178: EX every (sumlev3,sumlev4): types [0:4,2:3,4:2,7:8] [1:6,3:10,6:2,7:7] [3:8,4:3,5:4,6:6] [5:2,6:3,7:4] bases {7} {1} {3} {5,6} J {0,2,4}
core 178: EX every (-frozen): types [0:2,2:3,4:4,7:8] [1:4,3:8,6:1,7:6] [3:10,4:4,5:8,6:3] [5:4,6:3,7:2] bases {7} {1} {3} {5,6} J {0,2,4}
core 178: EX every (-frozen): types [0:3,2:2,4:6,7:10] [1:1,3:4,6:8,7:6] [3:3,4:6,5:8,6:10] [5:2,6:4,7:3] bases {0,4} {1,3} {6} {7} J {2,5}
core 179: EX every (-frozen): types [0:3,2:6,5:10,7:8] [1:2,3:8,4:4,6:7] [3:8,4:4,6:6,7:1] [5:2,6:4,7:3] bases {0,5} {1,4} {3} {6} J {2,7}
core 179: EX every (-frozen): types [0:3,2:2,5:6,7:10] [1:4,3:2,4:3,6:8] [3:4,4:3,6:8,7:10] [5:3,6:4,7:2] bases {7} {1} {3,4} {6} J {0,2,5}
core 180: EX every (-frozen): types [0:4,2:2,6:7,7:8] [1:2,3:7,4:10,5:4] [3:3,4:6,6:8,7:4] [5:2,6:3,7:4] bases {0,2} {3,5} {6} {7} J {1,4}
core 180: EX every (-frozen): types [0:2,2:3,6:10,7:6] [1:10,3:7,4:2,5:4] [3:3,4:6,6:8,7:10] [5:2,6:4,7:3] bases {0,2} {1,5} {6} {7} J {3,4}
core 181: EX every (-frozen): types [0:2,2:6,6:3,7:10] [1:4,3:2,4:8,7:7] [3:3,4:8,5:2,7:4] [5:3,6:2,7:4] bases {0,2} {1,3} {4} {7} J {5,6}
core 181: EX every (-frozen): types [0:3,2:4,6:2,7:8] [1:4,3:8,4:3,7:6] [3:6,4:5,5:8,7:4] [5:4,6:2,7:3] bases {7} {3,4} {5} {6} J {0,1,2}
core 181: EX every (sumlev3,sumlev4): types [0:6,2:2,6:3,7:10] [1:4,3:1,4:8,7:6] [3:2,4:5,5:8,7:4] [5:4,6:3,7:2] bases {7} {4} {3} {5} J {0,1,2,6}
core 182: EX every (-frozen): types [0:2,2:3,6:6,7:10] [1:1,3:8,4:4,7:6] [3:8,4:4,5:10,6:3] [5:4,6:2,7:3] bases {7} {3,4} {5} {6} J {0,1,2}
core 182: EX every (-frozen): types [0:3,2:6,6:10,7:2] [1:2,3:8,4:3,7:4] [3:6,4:4,5:8,6:3] [5:4,6:3,7:2] bases {6} {3,4} {5} {7} J {0,1,2}
core 183: EX every (-frozen): types [0:4,2:2,4:3,7:8] [1:2,3:4,7:3] [3:10,5:3,6:6,7:8] [4:6,5:3,6:5,7:7] bases {0} {1} {3} {7} J {2,4,5,6}
core 183: EX every (-frozen): types [0:4,2:2,4:7,7:10] [1:2,3:4,7:3] [3:10,5:2,6:3,7:6] [4:8,5:6,6:3,7:10] bases {7} {3} {5,6} {4} J {0,1,2}
core 184: EX every (-frozen): types [0:4,2:6,4:5,6:8] [1:4,3:3,6:8,7:2] [3:2,5:4,6:10,7:7] [4:3,5:2,7:4] bases {6} {1} {3,7} {4,5} J {0,2}
core 185: EX every (sumlev3,sumlev4): types [0:4,2:2,4:3,6:8] [1:4,3:8,6:5,7:6] [3:4,5:2,7:3] [4:4,5:3,6:8,7:10] bases {6} {1} {3} {7} J {0,2,4,5}
core 186: EX every (sumlev3,sumlev4): types [0:6,2:3,4:10,6:2] [1:2,3:3,7:4] [3:3,5:10,6:6,7:8] [4:6,5:8,6:5,7:4] bases {4} {3,7} {5} {6} J {0,1,2}
core 186: EX every (-frozen): types [0:4,2:2,4:3,6:8] [1:2,3:3,7:4] [3:3,5:4,6:8,7:10] [4:4,5:3,6:8,7:10] bases {0} {7} {6} {4,5} J {1,2,3}
core 187: EX every (-frozen): types [0:3,2:4,6:8,7:10] [1:2,3:7,4:4,6:10] [3:3,5:2,6:6,7:10] [4:3,5:2,7:4] bases {0,2} {1,3} {6} {7} J {4,5}
core 188: EX every (-frozen): types [0:3,2:4,6:10,7:8] [1:2,3:4,4:3] [3:4,5:2,6:10,7:7] [4:6,5:2,6:7,7:10] bases {0,2} {1,3} {7} {6} J {4,5}
core 188: EX every (-frozen): types [0:4,2:2,6:7,7:8] [1:2,3:3,4:4] [3:4,5:2,6:7,7:10] [4:3,5:2,6:8,7:4] bases {0,2} {1,3} {6} {7} J {4,5}
core 189: EX every (-frozen): types [0:6,2:3,5:2,7:10] [1:6,3:8,5:4,6:5] [3:2,4:10,6:3,7:6] [4:4,6:2,7:3] bases {7} {1,5} {3,6} {4} J {0,2}
core 189: EX every (-frozen): types [0:3,2:2,5:4,7:8] [1:3,3:6,5:4,6:8] [3:4,4:8,6:5,7:6] [4:4,6:2,7:3] bases {0,2} {3,5} {4} {7} J {1,6}
core 190: EX every (-frozen): types [0:6,2:3,6:2,7:10] [1:6,3:3,6:8,7:10] [3:2,4:8,5:4,7:7] [4:4,5:2,7:3] bases {0,2} {7} {3,5} {4} J {1,6}
core 190: EX every (sumlev3,sumlev4): types [0:4,2:3,6:2,7:8] [1:4,3:10,6:3,7:8] [3:8,4:2,5:7,7:4] [4:4,5:2,7:3] bases {7} {1,6} {3} {4,5} J {0,2}
core 190: EX every (sumlev3,sumlev4): types [0:6,2:2,6:3,7:10] [1:4,3:8,6:1,7:6] [3:8,4:5,5:4,7:2] [4:3,5:4,7:2] bases {7} {1,6} {3} {4,5} J {0,2}
core 191: EX every (sumlev3,sumlev4): types [0:2,2:3,6:4,7:8] [1:4,3:8,6:2,7:7] [3:8,4:4,5:6,6:5] [4:4,5:2,7:3] bases {7} {1,6} {3} {4,5} J {0,2}
core 191: EX every (sumlev3,sumlev4): types [0:6,2:2,6:3,7:10] [1:4,3:10,6:2,7:7] [3:8,4:6,5:4,6:1] [4:2,5:4,7:3] bases {7} {1,6} {3} {4,5} J {0,2}
core 191: EX every (-frozen): types [0:3,2:4,6:10,7:8] [1:4,3:2,6:8,7:7] [3:2,4:4,5:5,6:8] [4:2,5:3,7:4] bases {0,2} {1,3} {6} {7} J {4,5}
core 191: EX every (-frozen): types [0:4,2:3,6:2,7:8] [1:4,3:2,6:8,7:7] [3:3,4:6,5:2,6:10] [4:2,5:3,7:4] bases {0,2} {1,3} {6} {7} J {4,5}
core 192: EX every (sumlev3,sumlev4): types [0:2,2:3,6:8,7:4] [1:4,3:8,6:6,7:1] [3:4,4:3,5:2] [4:8,5:4,6:2,7:5] bases {6} {1,7} {3} {4,5} J {0,2}
core 192: EX every (sumlev3,sumlev4): types [0:3,2:2,6:6,7:10] [1:2,3:10,6:4,7:7] [3:4,4:3,5:2] [4:10,5:2,6:4,7:7] bases {7} {1,6} {3} {4,5} J {0,2}
core 192: EX every (-frozen): types [0:3,2:2,6:6,7:10] [1:2,3:10,6:4,7:7] [3:4,4:3,5:2] [4:10,5:2,6:4,7:7] bases {7} {6} {3} {4,5} J {0,1,2}
core 192: EX every (-frozen): types [0:4,2:2,6:5,7:8] [1:4,3:3,6:10,7:8] [3:4,4:3,5:2] [4:4,5:1,6:8,7:6] bases {6} {1,3} {4,5} {7} J {0,2}
core 193: EX every (-frozen): types [0:3,2:2,6:4,7:8] [1:2,3:4,7:3] [3:10,4:4,5:7,6:2] [4:2,5:10,6:6,7:3] bases {7} {1} {3} {4,5} J {0,2,6}
core 193: EX every (-frozen): types [0:3,2:2,6:6,7:10] [1:2,3:4,7:3] [3:8,4:2,5:7,6:4] [4:3,5:10,6:6,7:2] bases {7} {1} {3} {4,5} J {0,2,6}
core 195: EX every (-frozen): types [0:2,4:4,5:7,7:10] [1:2,4:6,6:10,7:7] [2:5,5:6,6:8,7:4] [3:2,6:3,7:4] bases {0,5} {7} {6} {3} J {1,2,4}
core 195: EX every (-frozen): types [0:6,4:5,5:4,7:8] [1:2,4:4,6:7,7:8] [2:2,5:6,6:10,7:3] [3:2,6:3,7:4] bases {7} {1,4} {2,5} {6} J {0,3}
core 196: EX every (-frozen): types [0:2,4:6,6:7,7:10] [1:4,4:2,6:8,7:7] [2:2,5:6,6:10,7:7] [3:3,5:2,7:4] bases {6} {1} {2,5} {7} J {0,3,4}
core 196: EX every (-frozen): types [0:1,4:4,6:6,7:8] [1:3,4:2,6:8,7:4] [2:2,5:3,6:4,7:8] [3:2,5:4,7:3] bases {0,4} {7} {6} {3,5} J {1,2}
core 199: EX every (-frozen): types [0:2,3:7,4:8,5:4] [1:1,3:8,6:4,7:6] [2:3,5:2,6:6,7:10] [4:4,6:2,7:3] bases {4} {1,3} {7} {6} J {0,2,5}
core 199: EX every (-frozen): types [0:8,3:6,4:4,5:5] [1:2,3:4,6:7,7:10] [2:6,5:2,6:10,7:7] [4:2,6:3,7:4] bases {0,4} {1,3} {7} {6} J {2,5}
core 200: EX every (-frozen): types [0:3,3:4,4:8,5:6] [1:7,3:2,6:6,7:10] [2:2,6:4,7:3] [4:6,5:5,6:4,7:8] bases {0,5} {1,3} {2,6} {7} J {4}
core 200: EX every (sumlev3,sumlev4): types [0:2,3:4,4:8,5:3] [1:3,3:4,6:8,7:10] [2:3,6:2,7:4] [4:4,5:3,6:2,7:8] bases {4} {7} {2,6} {5} J {0,1,3}
core 200: EX every (-frozen): types [0:6,3:10,4:2,5:3] [1:3,3:6,6:10,7:8] [2:2,6:4,7:3] [4:6,5:3,6:8,7:10] bases {0,3} {7} {2} {6} J {1,4,5}
core 201: EX every (-frozen): types [0:6,3:3,4:10,7:2] [1:10,3:7,6:2,7:6] [2:2,5:10,6:7,7:6] [4:4,5:2,7:3] bases {0,3} {1,6} {2,5} {4} J {7}
core 201: EX every (-frozen): types [0:2,3:6,4:10,7:7] [1:2,3:8,6:7,7:4] [2:3,5:8,6:4,7:2] [4:2,5:4,7:3] bases {0,4} {1,3} {2,6} {5} J {7}
core 202: EX every (-frozen): types [0:2,3:3,4:4,6:8] [1:2,3:4,6:7,7:8] [2:4,5:2,6:5,7:8] [4:2,5:3,7:4] bases {4} {1,3} {6} {7} J {0,2,5}
core 202: EX every (-frozen): types [0:6,3:10,4:2,6:3] [1:4,3:6,6:1,7:8] [2:2,5:7,6:4,7:8] [4:2,5:3,7:4] bases {3} {1,6} {2,5} {7} J {0,4}
core 203: EX every (-frozen): types [0:2,3:4,4:7,6:8] [1:2,3:3,6:4,7:8] [2:2,5:4,7:3] [4:5,5:6,6:4,7:8] bases {0,4} {1,3} {2,5} {7} J {6}
core 203: EX every (-frozen): types [0:6,3:3,4:10,6:2] [1:2,3:7,6:6,7:10] [2:2,5:4,7:3] [4:8,5:5,6:6,7:4] bases {0,3} {1,7} {2,5} {4} J {6}
core 203: EX every (sumlev3,sumlev4): types [0:3,3:2,4:6,6:10] [1:2,3:3,6:6,7:10] [2:3,5:4,7:2] [4:3,5:7,6:5,7:6] bases {6} {7} {5} {4} J {0,1,2,3}
core 205: EX every (sumlev3,sumlev4): types [0:3,3:2,4:4] [1:4,3:8,6:2,7:7] [2:3,5:4,6:2,7:8] [4:10,5:4,6:3,7:8] bases {4} {1,3} {7} {5,6} J {0,2}
core 205: EX every (sumlev3,sumlev4): types [0:2,3:3,4:4] [1:4,3:8,6:2,7:5] [2:3,5:2,6:6,7:10] [4:10,5:3,6:4,7:8] bases {4} {1,3} {7} {5,6} J {0,2}
core 205: EX every (-frozen): types [0:2,3:3,4:4] [1:4,3:8,6:2,7:5] [2:3,5:2,6:6,7:10] [4:10,5:3,6:4,7:8] bases {4} {1,3} {7} {5,6} J {0,2}
core 205: EX every (-frozen): types [0:2,3:4,4:3] [1:2,3:4,6:7,7:8] [2:2,5:6,6:10,7:7] [4:2,5:3,6:6,7:10] bases {0,4} {1,3} {7} {6} J {2,5}
core 207: EX every (-frozen): types [0:6,3:3,6:10,7:8] [1:6,4:2,5:3,6:10] [2:2,4:6,5:3,7:10] [3:2,6:3,7:4] bases {7} {1,5} {2,4} {6} J {0,3}
core 207: EX every (-frozen): types [0:3,3:10,6:6,7:8] [1:3,4:2,5:10,6:6] [2:2,4:3,5:6,7:10] [3:3,6:2,7:4] bases {0,3} {5} {2,4} {7} J {1,6}
core 207: EX every (sumlev3,sumlev4): types [0:5,3:8,6:4,7:6] [1:3,4:2,5:8,6:4] [2:3,4:2,5:6,7:10] [3:3,6:2,7:4] bases {0,3} {5} {2,4} {7} J {1,6}
core 207: EX every (sumlev3,sumlev4): types [0:3,3:10,6:6,7:2] [1:4,4:3,5:8,6:10] [2:4,4:2,5:8,7:3] [3:2,6:4,7:3] bases {0,3} {1,4} {5} {6} J {2,7}
core 208: EX every (-frozen): types [0:5,3:4,4:2,7:8] [1:6,5:5,6:3,7:7] [2:3,5:6,6:2,7:10] [3:4,4:2,7:3] bases {0} {7} {2,5} {3,4} J {1,6}
core 208: EX every (-frozen): types [0:4,3:2,4:10,7:7] [1:3,5:4,6:6,7:8] [2:2,5:4,6:7,7:8] [3:2,4:4,7:3] bases {0,3} {1,5} {7} {4} J {2,6}
core 211: EX every (sumlev3,sumlev4): types [0:3,3:2,4:8,6:4] [1:4,5:8,6:2,7:7] [2:2,5:3,7:4] [3:1,4:6,6:4,7:8] bases {4} {1,5} {7} {3,6} J {0,2}
core 211: EX every (-frozen): types [0:3,3:2,4:8,6:4] [1:4,5:8,6:2,7:7] [2:2,5:3,7:4] [3:1,4:6,6:4,7:8] bases {4} {1,5} {7} {3,6} J {0,2}
core 211: EX every (sumlev3,sumlev4): types [0:4,3:2,4:3,6:8] [1:5,5:6,6:4,7:8] [2:4,5:3,7:2] [3:2,4:3,6:6,7:10] bases {6} {7} {2,5} {3,4} J {0,1}
core 211: EX every (-frozen): types [0:3,3:4,4:2,6:8] [1:4,5:8,6:7,7:2] [2:2,5:3,7:4] [3:2,4:4,6:7,7:10] bases {6} {1,5} {7} {3,4} J {0,2}
core 212: EX every (-frozen): types [0:4,3:3,4:2] [1:3,5:4,6:2,7:8] [2:5,5:3,6:6,7:7] [3:6,4:2,6:3,7:10] bases {0} {1,5} {7} {3,4} J {2,6}
core 212: EX every (-frozen): types [0:4,3:3,4:2] [1:5,5:3,6:7,7:6] [2:2,5:3,6:8,7:4] [3:6,4:2,6:10,7:3] bases {0} {6} {2,5} {3,4} J {1,7}
core 213: EX every (-frozen): types [0:3,3:2,5:6,6:10] [1:6,4:1,5:4,7:8] [2:2,6:4,7:3] [3:2,4:3,6:4,7:8] bases {0,5} {7} {2} {6} J {1,3,4}
core 213: EX every (sumlev3,sumlev4): types [0:4,3:8,5:2,6:7] [1:4,4:8,5:2,7:3] [2:3,6:4,7:2] [3:10,4:7,6:2,7:6] bases {3} {4} {2,6} {7} J {0,1,5}
core 213: EX every (-frozen): types [0:2,3:7,5:6,6:10] [1:2,4:8,5:4,7:5] [2:2,6:4,7:3] [3:4,4:8,6:6,7:5] bases {0,6} {1,5} {2,7} {4} J {3}
core 214: EX every (-frozen): types [0:3,3:6,5:2,6:10] [1:6,4:8,6:4,7:5] [2:2,6:3,7:4] [3:4,4:8,5:3,7:10] bases {6} {1,4} {2} {7} J {0,3,5}
core 215: EX every (sumlev3,sumlev4): types [0:3,3:2,6:6,7:10] [1:2,4:10,6:4,7:7] [2:4,5:3,7:2] [3:6,4:10,5:8,7:3] bases {7} {1,6} {2,5} {4} J {0,3}
core 215: EX every (-frozen): types [0:2,3:6,6:7,7:10] [1:3,4:10,6:6,7:2] [2:3,5:2,7:4] [3:8,4:10,5:6,7:3] bases {0,7} {1,6} {2,5} {4} J {3}
core 215: EX every (sumlev3,sumlev4): types [0:3,3:2,6:4,7:8] [1:4,4:8,6:2,7:7] [2:2,5:4,7:3] [3:5,4:7,5:3,7:6] bases {7} {1,6} {2,5} {4} J {0,3}
core 215: EX every (-frozen): types [0:3,3:2,6:4,7:8] [1:4,4:8,6:2,7:7] [2:2,5:4,7:3] [3:5,4:7,5:3,7:6] bases {7} {1,6} {2,5} {4} J {0,3}
core 216: EX every (sumlev3,sumlev4): types [0:3,3:10,6:8,7:4] [1:2,4:6,6:10,7:3] [2:4,5:8,6:3,7:2] [3:4,4:2,5:3] bases {0,7} {6} {2,5} {3} J {1,4}
core 216: EX every (-frozen): types [0:3,3:10,6:8,7:4] [1:2,4:6,6:10,7:3] [2:4,5:8,6:3,7:2] [3:4,4:2,5:3] bases {0,7} {6} {2,5} {3} J {1,4}
core 216: EX every (sumlev3,sumlev4): types [0:2,3:10,6:3,7:6] [1:2,4:3,6:4,7:8] [2:6,5:10,6:3,7:2] [3:4,4:3,5:2] bases {0,6} {7} {2,5} {3} J {1,4}
core 216: EX every (-frozen): types [0:3,3:6,6:10,7:2] [1:4,4:8,6:7,7:2] [2:3,5:10,6:6,7:2] [3:2,4:3,5:4] bases {6} {1,4} {2,7} {5} J {0,3}
core 216: EX every (leximin): types [0:2,3:6,6:3,7:10] [1:7,4:10,6:2,7:6] [2:2,5:7,6:4,7:10] [3:3,4:4,5:2] bases {7} {1,6} {2,5} {4} J {0,3}
core 216: EX some (leximin): types [0:2,3:6,6:3,7:10] [1:7,4:10,6:2,7:6] [2:2,5:7,6:4,7:10] [3:3,4:4,5:2] bases {7} {1,6} {2,5} {4} J {0,3}
core 217: EX every (sumlev3,sumlev4): types [0:3,3:6,6:2,7:10] [1:2,4:10,6:3,7:6] [2:3,5:2,7:4] [3:4,4:10,5:8,6:3] bases {7} {1,6} {2,5} {4} J {0,3}
core 217: EX every (sumlev3,sumlev4): types [0:3,3:4,6:2,7:8] [1:4,4:10,6:2,7:7] [2:4,5:2,7:3] [3:4,4:10,5:8,6:3] bases {7} {1,6} {2,5} {4} J {0,3}
core 218: EX every (sumlev3,sumlev4): types [0:4,2:8,3:6,4:1] [1:3,3:4,7:2] [2:8,5:7,6:4,7:2] [4:3,5:8,6:2,7:4] bases {2} {1,3} {6,7} {5} J {0,4}
core 219: EX every (-frozen): types [0:7,2:10,3:6,4:2] [1:4,5:10,6:3,7:8] [2:4,3:5,4:2,7:8] [5:2,6:3,7:4] bases {2,4} {5,6} {3} {7} J {0,1}
core 219: EX every (-frozen): types [0:2,2:7,3:10,4:6] [1:4,5:2,6:10,7:7] [2:3,3:6,4:2,7:10] [5:2,6:4,7:3] bases {0,3} {1,5} {7} {6} J {2,4}
core 219: EX every (sumlev3,sumlev4): types [0:4,2:2,3:3,4:8] [1:2,5:8,6:4,7:3] [2:3,3:4,4:8,7:10] [5:2,6:3,7:4] bases {4} {5,6} {2,3} {7} J {0,1}
core 219: EX every (sumlev3,sumlev4): types [0:2,2:8,3:4,4:3] [1:4,5:2,6:7,7:8] [2:6,3:3,4:2,7:10] [5:3,6:4,7:2] bases {2} {7} {3,4} {5,6} J {0,1}
core 220: EX every (-frozen): types [0:4,2:3,3:2,5:8] [1:2,4:4,7:3] [2:4,3:2,6:8,7:7] [4:2,5:8,6:7,7:4] bases {0,2} {1,4} {3,7} {5} J {6}
core 220: EX every (-frozen): types [0:3,2:2,3:4,5:8] [1:3,4:4,7:2] [2:3,3:4,6:8,7:6] [4:4,5:8,6:6,7:5] bases {0,2} {1,4} {3,7} {5} J {6}
core 221: EX every (-frozen): types [0:2,2:4,3:7,5:8] [1:2,5:6,6:7,7:10] [2:2,3:5,4:8,7:4] [4:4,6:2,7:3] bases {0,5} {1,7} {2,3} {4} J {6}
core 221: EX every (-frozen): types [0:4,2:5,3:8,5:6] [1:4,5:3,6:6,7:8] [2:3,3:6,4:10,7:2] [4:4,6:2,7:3] bases {0,5} {1,6} {2,3} {4} J {7}
core 222: EX every (-frozen): types [0:2,2:7,3:4,7:10] [1:2,5:8,6:4,7:3] [2:6,3:2,4:10,7:7] [4:4,5:2,6:3] bases {2,3} {5,6} {7} {4} J {0,1}
core 222: EX every (sumlev3,sumlev4): types [0:3,2:6,3:2,7:10] [1:4,5:10,6:2,7:7] [2:3,3:4,4:10,7:8] [4:4,5:3,6:2] bases {7} {1,5} {2,3} {4} J {0,6}
core 222: EX every (-frozen): types [0:3,2:6,3:2,7:10] [1:4,5:10,6:2,7:7] [2:3,3:4,4:10,7:8] [4:4,5:3,6:2] bases {7} {1,5} {2,3} {4} J {0,6}
core 223: EX every (-frozen): types [0:7,2:8,3:2,7:4] [1:2,5:4,6:3] [2:2,3:3,4:8,7:4] [4:10,5:7,6:4,7:2] bases {2,3} {5,6} {7} {4} J {0,1}
core 224: EX every (-frozen): types [0:6,2:3,3:2,7:10] [1:2,6:4,7:3] [2:4,3:2,4:5,5:8] [4:3,5:2,6:8,7:4] bases {0,3} {6} {2,4} {7} J {1,5}
core 224: EX every (-frozen): types [0:6,2:3,3:2,7:10] [1:2,6:3,7:4] [2:6,3:1,4:4,5:8] [4:6,5:3,6:4,7:8] bases {0,2} {1,6} {3,5} {7} J {4}
core 225: EX every (-frozen): types [0:6,2:3,4:2,6:10] [1:5,3:2,5:4,7:8] [2:6,3:8,4:3,7:10] [5:3,6:4,7:2] bases {0,2} {1,5} {3,4} {6} J {7}
core 225: EX every (-frozen): types [0:4,2:3,4:2,6:8] [1:4,3:3,5:6,7:8] [2:3,3:5,4:7,7:6] [5:3,6:4,7:2] bases {0,4} {1,5} {2,3} {6} J {7}
core 226: EX every (-frozen): types [0:2,2:7,4:4,7:10] [1:4,3:2,5:8,6:3] [2:8,3:3,4:4,7:10] [5:3,6:2,7:4] bases {0,2} {5} {7} {6} J {1,3,4}
core 227: EX every (-frozen): types [0:2,2:4,4:7,7:10] [1:2,3:5,6:8,7:4] [2:2,3:6,4:10,5:3] [5:2,6:3,7:4] bases {0,2} {1,6} {4} {7} J {3,5}
core 228: EX every (-frozen): types [0:2,2:3,5:4,6:8] [1:8,4:1,5:4,7:6] [2:2,3:10,4:7,7:6] [3:3,6:4,7:2] bases {0,5} {1,4} {2,3} {6} J {7}
core 228: EX every (-frozen): types [0:4,2:3,5:2,6:8] [1:2,4:10,5:7,7:6] [2:6,3:5,4:8,7:4] [3:2,6:4,7:3] bases {0,5} {1,4} {2,3} {6} J {7}
core 229: EX every (-frozen): types [0:2,2:4,5:7,7:8] [1:4,4:3,6:10,7:8] [2:3,3:6,4:2,7:10] [3:2,5:3,6:4] bases {0,5} {1,4} {7} {6} J {2,3}
core 229: EX every (sumlev3,sumlev4): types [0:4,2:2,5:8,7:3] [1:3,4:8,6:2,7:4] [2:1,3:8,4:6,7:4] [3:4,5:2,6:3] bases {0,5} {4} {2,7} {3} J {1,6}
core 229: EX every (-frozen): types [0:4,2:2,5:8,7:3] [1:1,4:4,6:8,7:6] [2:6,3:10,4:8,7:3] [3:2,5:4,6:3] bases {0,2} {1,6} {4,7} {5} J {3}
core 230: EX every (sumlev3,sumlev4): types [0:3,2:2,5:4,7:8] [1:3,4:4,6:2] [2:4,3:8,4:7,7:2] [3:8,5:2,6:4,7:7] bases {7} {1,4} {3} {5,6} J {0,2}
core 231: EX every (-frozen): types [0:6,2:8,5:10,6:3] [1:4,5:3,6:2,7:8] [2:3,3:10,4:6,7:8] [3:2,4:3,7:4] bases {5,6} {1} {3,4} {7} J {0,2}
core 231: EX every (-frozen): types [0:4,2:2,5:3,6:8] [1:2,5:4,6:7,7:8] [2:7,3:2,4:10,7:4] [3:2,4:3,7:4] bases {6} {5} {3,4} {7} J {0,1,2}
core 231: EX every (sumlev3,sumlev4): types [0:2,2:8,5:4,6:7] [1:4,5:2,6:8,7:3] [2:8,3:3,4:4,7:2] [3:4,4:3,7:2] bases {0,5} {6} {2} {3,4} J {1,7}
core 231: EX every (sumlev3,sumlev4): types [0:3,2:2,5:4,6:8] [1:4,5:1,6:6,7:8] [2:5,3:3,4:6,7:7] [3:4,4:3,7:2] bases {6} {1,5} {7} {3,4} J {0,2}
core 232: EX every (sumlev3,sumlev4): types [0:2,2:10,6:6,7:3] [1:6,5:3,6:10,7:2] [2:8,3:5,4:2,5:4] [3:4,4:3,7:2] bases {0,7} {6} {2} {3,4} J {1,5}
core 232: EX every (sumlev3,sumlev4): types [0:2,2:10,6:4,7:7] [1:4,5:2,6:3,7:8] [2:8,3:6,4:4,5:1] [3:4,4:2,7:3] bases {0,6} {7} {2} {3,4} J {1,5}
core 232: EX every (-frozen): types [0:2,2:10,6:4,7:7] [1:4,5:2,6:3,7:8] [2:8,3:6,4:4,5:1] [3:4,4:2,7:3] bases {6} {7} {2} {3,4} J {0,1,5}
core 232: EX every (-frozen): types [0:4,2:3,6:8,7:10] [1:2,5:4,6:8,7:7] [2:4,3:8,4:3,5:2] [3:3,4:2,7:4] bases {7} {1,6} {3} {4} J {0,2,5}
core 234: EX every (-frozen): types [0:7,2:6,6:5,7:3] [1:4,5:8,6:3,7:2] [2:4,3:8,4:3,7:2] [3:3,4:2,5:4] bases {6,7} {1} {3,4} {5} J {0,2}
core 234: EX every (-frozen): types [0:2,2:4,6:3,7:8] [1:6,5:3,6:5,7:7] [2:4,3:3,4:2,7:8] [3:4,4:3,5:2] bases {0,6} {7} {2} {3,4} J {1,5}
core 234: EX every (sumlev3,sumlev4): types [0:1,2:8,6:6,7:4] [1:6,5:2,6:10,7:3] [2:8,3:4,4:6,7:1] [3:4,4:3,5:2] bases {0,7} {6} {2} {3,4} J {1,5}
core 236: EX every (-frozen): types [0:3,2:6,6:8,7:10] [1:3,6:2,7:4] [2:4,3:6,4:8,5:3] [3:3,4:4,5:2,7:8] bases {7} {1,6} {3,5} {4} J {0,2}
core 236: EX every (sumlev3,sumlev4): types [0:1,2:4,6:6,7:8] [1:2,6:3,7:4] [2:3,3:4,4:2,5:8] [3:4,4:2,5:7,7:10] bases {7} {1,6} {5} {3,4} J {0,2}
core 236: EX every (-frozen): types [0:1,2:4,6:6,7:8] [1:2,6:3,7:4] [2:3,3:4,4:2,5:8] [3:4,4:2,5:7,7:10] bases {0,6} {7} {5} {3,4} J {1,2}
core 236: EX every (sumlev3,sumlev4): types [0:2,2:3,6:6,7:10] [1:2,6:4,7:3] [2:4,3:3,4:8,5:2] [3:4,4:6,5:1,7:8] bases {7} {1,6} {4} {3,5} J {0,2}
core 237: EX every (-frozen): types [0:2,5:4,6:5,7:8] [1:5,5:6,6:3,7:7] [2:2,3:3,4:4,7:8] [2:2,3:4,4:3] bases {0,5} {7} {4} {2,3} J {1,6}
core 237: EX every (-frozen): types [0:2,5:4,6:7,7:10] [1:5,5:6,6:3,7:7] [2:2,3:3,4:6,7:10] [2:4,3:2,4:3] bases {0,6} {7} {3,4} {2} J {1,5}
core 239: EX every (-frozen): types [0:8,1:6,2:5,6:4] [1:2,2:3,5:8,6:4] [3:2,4:6,5:10,7:7] [3:3,4:4,7:2] bases {1,2} {6} {5} {4,7} J {0,3}
core 239: EX every (-frozen): types [0:4,1:6,2:1,6:8] [1:7,2:2,5:10,6:6] [3:6,4:7,5:10,7:2] [3:4,4:3,7:2] bases {2,6} {1} {5} {3,4} J {0,7}
core 239: EX every (sumlev3,sumlev4): types [0:2,1:3,2:8,6:4] [1:4,2:7,5:10,6:2] [3:3,4:2,5:10,7:6] [3:2,4:3,7:4] bases {2} {1,6} {5} {4,7} J {0,3}
core 240: EX every (-frozen): types [0:10,1:7,2:4,6:2] [1:3,2:2,5:4,7:8] [3:6,4:8,5:1,6:4] [3:2,4:3,7:4] bases {1,2} {5} {3,4} {7} J {0,6}
core 240: EX every (sumlev3,sumlev4): types [0:2,1:8,2:3,6:4] [1:8,2:3,5:10,7:4] [3:6,4:3,5:7,6:5] [3:4,4:3,7:2] bases {1} {2,7} {5} {3,4} J {0,6}
core 242: EX every (sumlev3,sumlev4): types [0:6,2:3,3:10,6:2] [1:7,2:2,5:4,7:8] [1:10,4:6,5:2,6:3] [3:3,4:2,7:4] bases {0,3} {2,5} {1} {7} J {4,6}
core 242: EX every (-frozen): types [0:6,2:3,3:10,6:2] [1:7,2:2,5:4,7:8] [1:10,4:6,5:2,6:3] [3:3,4:2,7:4] bases {3} {7} {1,5} {4} J {0,2,6}
core 242: EX every (-frozen): types [0:6,2:3,3:10,6:2] [1:5,2:2,5:4,7:8] [1:4,4:8,5:10,6:3] [3:4,4:2,7:3] bases {0,2} {1,5} {4,6} {3} J {7}
core 243: EX every (sumlev3,sumlev4): types [0:2,2:3,3:4,7:8] [1:3,2:2,5:6,6:10] [1:3,4:10,5:4,6:8] [3:2,4:4,7:3] bases {3,7} {6} {1,5} {4} J {0,2}
core 243: EX every (-frozen): types [0:2,2:3,3:4,7:8] [1:3,2:2,5:6,6:10] [1:3,4:10,5:4,6:8] [3:2,4:4,7:3] bases {7} {1,6} {4} {3} J {0,2,5}
core 243: EX every (-frozen): types [0:4,2:3,3:8,7:6] [1:2,2:4,5:5,6:8] [1:2,4:10,5:7,6:6] [3:3,4:4,7:2] bases {0,7} {2,5} {1,6} {4} J {3}
core 243: EX every (sumlev3,sumlev4): types [0:2,2:8,3:4,7:5] [1:4,2:10,5:2,6:7] [1:6,4:2,5:3,6:10] [3:4,4:2,7:3] bases {2} {1,5} {6} {3,7} J {0,4}
core 244: EX every (sumlev3,sumlev4): types [0:3,2:4,7:2] [1:4,2:7,3:8,6:2] [1:2,4:3,5:8,6:4] [3:10,4:3,5:6,7:2] bases {0,2} {3} {5} {4,7} J {1,6}
core 244: EX every (-frozen): types [0:2,2:3,7:4] [1:2,2:8,3:4,6:3] [1:6,4:2,5:10,6:3] [3:3,4:4,5:8,7:10] bases {0} {2} {4,5} {7} J {1,3,6}
core 244: EX every (sumlev3,sumlev4): types [0:4,2:2,7:3] [1:7,2:2,3:8,6:4] [1:8,4:4,5:2,6:3] [3:8,4:4,5:1,7:6] bases {0,7} {2,6} {1} {3} J {4,5}
core 245: EX every (sumlev3,sumlev4): types [0:2,2:4,7:3] [1:4,2:6,3:8,7:5] [1:4,4:2,5:3,6:8] [3:10,4:2,5:3,6:6] bases {2,7} {3} {6} {4,5} J {0,1}
core 245: EX every (sumlev3,sumlev4): types [0:2,2:4,7:3] [1:8,2:2,3:3,7:4] [1:8,4:6,5:4,6:1] [3:3,4:8,5:2,6:4] bases {2,7} {1} {5,6} {4} J {0,3}
core 246: EX every (-frozen): types [0:1,2:8,4:6,5:4] [1:2,3:3,7:4,8:8] [4:2,5:4,6:5,8:8] [6:2,7:3,8:4] bases {0,2} {1,3} {4,5} {8} J {6,7}
core 246: EX every (-frozen): types [0:4,2:5,4:8,5:6] [1:4,3:2,7:8,8:7] [4:6,5:3,6:2,8:10] [6:2,7:4,8:3] bases {0,2} {1,3} {8} {7} J {4,5,6}
core 247: EX every (-frozen): types [0:4,2:3,4:8,7:2] [1:2,3:5,6:8,8:4] [4:8,5:2,6:7,8:4] [5:4,7:2,8:3] bases {0,2} {3,8} {4} {5,7} J {1,6}
core 247: EX every (-frozen): types [0:3,2:2,4:4,7:8] [1:4,3:2,6:8,8:5] [4:6,5:3,6:5,8:7] [5:3,7:4,8:2] bases {0,2} {1,8} {4,5} {7} J {3,6}
core 248: EX every (sumlev3,sumlev4): types [0:3,2:2,4:6,7:10] [1:3,3:4,7:8,8:10] [4:2,5:7,6:4,8:8] [5:3,6:2,8:4] bases {7} {1,3} {8} {5,6} J {0,2,4}
core 248: EX every (-frozen): types [0:3,2:2,4:6,7:10] [1:3,3:4,7:8,8:10] [4:2,5:7,6:4,8:8] [5:3,6:2,8:4] bases {7} {3} {5,6} {8} J {0,1,2,4}
core 248: EX every (-frozen): types [0:5,2:3,4:7,7:6] [1:4,3:3,7:2,8:8] [4:4,5:10,6:3,8:8] [5:4,6:2,8:3] bases {0,2} {8} {4,6} {5} J {1,3,7}
core 248: EX every (sumlev3,sumlev4): types [0:4,2:2,4:10,7:7] [1:2,3:3,7:10,8:6] [4:8,5:7,6:4,8:2] [5:3,6:4,8:2] bases {0,2} {7} {4} {5,6} J {1,3,8}
core 249: EX every (-frozen): types [0:2,2:4,4:3,8:8] [1:2,3:6,7:3,8:10] [4:4,5:5,6:2,7:8] [5:2,6:3,8:4] bases {0,2} {1,3} {4,5} {8} J {6,7}
core 249: EX every (-frozen): types [0:2,2:4,4:3,8:8] [1:3,3:6,7:4,8:8] [4:2,5:10,6:7,7:6] [5:2,6:3,8:4] bases {0,2} {1,3} {4,5} {8} J {6,7}
core 249: EX every (sumlev3,sumlev4): types [0:2,2:4,4:8,8:7] [1:3,3:4,7:2,8:8] [4:7,5:3,6:6,7:5] [5:3,6:4,8:2] bases {0,2} {8} {4} {5,6} J {1,3,7}
core 249: EX every (sumlev3,sumlev4): types [0:4,2:1,4:8,8:6] [1:6,3:2,7:3,8:10] [4:10,5:6,6:2,7:3] [5:2,6:3,8:4] bases {0,2} {8} {4} {5,6} J {1,3,7}
core 250: EX every (-frozen): types [0:3,2:6,4:2,8:10] [1:4,3:5,7:2,8:8] [4:6,5:2,6:3,8:10] [5:2,6:4,7:3] bases {0,2} {8} {4,5} {6,7} J {1,3}
core 250: EX every (-frozen): types [0:3,2:6,4:2,8:10] [1:2,3:4,7:3,8:8] [4:5,5:6,6:3,8:7] [5:2,6:4,7:3] bases {0,2} {1,3} {8} {5,7} J {4,6}
core 250: EX every (sumlev3,sumlev4): types [0:3,2:4,4:2,8:8] [1:2,3:3,7:10,8:6] [4:2,5:5,6:8,8:4] [5:3,6:2,7:4] bases {8} {1,3} {5,6} {7} J {0,2,4}
core 250: EX every (sumlev3,sumlev4): types [0:2,2:3,4:4,8:8] [1:1,3:4,7:8,8:6] [4:1,5:6,6:8,8:4] [5:2,6:3,7:4] bases {8} {1,3} {5,6} {7} J {0,2,4}
core 251: EX every (-frozen): types [0:6,2:4,7:5,8:8] [1:2,3:3,7:4,8:8] [4:7,5:4,6:2,8:10] [4:4,5:3,6:2] bases {8} {1,3} {4} {5,6} J {0,2,7}
core 251: EX every (-frozen): types [0:2,2:6,7:3,8:10] [1:3,3:6,7:5,8:7] [4:4,5:3,6:6,8:8] [4:3,5:2,6:4] bases {2} {8} {4,5} {6} J {0,1,3,7}
core 252: EX every (-frozen): types [0:2,2:3,6:6,8:10] [1:2,4:4,7:8,8:7] [3:2,5:3,7:6,8:10] [6:2,7:3,8:4] bases {8} {1,4} {3,5} {7} J {0,2,6}
core 252: EX every (-frozen): types [0:3,2:6,6:5,8:7] [1:2,4:4,7:3,8:8] [3:4,5:3,7:2,8:8] [6:3,7:4,8:2] bases {8} {1,4} {3,5} {7} J {0,2,6}
core 252: EX every (sumlev3,sumlev4): types [0:2,2:6,6:3,8:10] [1:3,4:4,7:8,8:6] [3:4,5:2,7:10,8:7] [6:2,7:4,8:3] bases {8} {1,4} {3,5} {7} J {0,2,6}
core 252: EX every (sumlev3,sumlev4): types [0:3,2:2,6:6,8:10] [1:4,4:2,7:10,8:7] [3:3,5:5,7:7,8:6] [6:3,7:4,8:2] bases {8} {1,4} {3,5} {7} J {0,2,6}
core 252: EX every (leximin): types [0:6,2:3,6:2,8:10] [1:6,4:3,7:2,8:10] [3:4,5:3,7:8,8:2] [6:3,7:4,8:2] bases {8} {1,4} {3,5} {7} J {0,2,6}
core 252: EX every (leximin): types [0:3,2:2,6:6,8:10] [1:3,4:4,7:2,8:8] [3:2,5:7,7:10,8:6] [6:2,7:4,8:3] bases {8} {1,4} {3,5} {7} J {0,2,6}
core 253: EX every (-frozen): types [0:3,2:6,6:10,7:8] [1:2,4:4,6:8,8:5] [3:1,5:4,7:6,8:8] [6:4,7:3,8:2] bases {0,2} {1,4} {3,8} {6} J {5,7}
core 253: EX every (-frozen): types [0:3,2:2,6:4,7:8] [1:6,4:3,6:8,8:4] [3:1,5:6,7:8,8:4] [6:2,7:4,8:3] bases {0,2} {1,4} {3,5} {7} J {6,8}
core 253: EX every (sumlev3,sumlev4): types [0:3,2:2,6:8,7:4] [1:4,4:2,6:7,8:8] [3:5,5:4,7:2,8:8] [6:3,7:2,8:4] bases {6} {1,4} {3,5} {8} J {0,2,7}
core 253: EX every (sumlev3,sumlev4): types [0:4,2:3,6:2,7:8] [1:6,4:2,6:3,8:10] [3:2,5:4,7:8,8:7] [6:3,7:4,8:2] bases {0,2} {8} {3,5} {7} J {1,4,6}
core 254: EX every (-frozen): types [0:2,2:6,5:3,6:10] [1:4,4:1,7:6,8:8] [3:10,5:3,7:4,8:8] [6:4,7:3,8:2] bases {0,2} {4,8} {3,5} {6} J {1,7}
core 254: EX every (-frozen): types [0:5,2:4,5:6,6:8] [1:2,4:7,7:4,8:10] [3:3,5:4,7:2,8:8] [6:2,7:3,8:4] bases {0,2} {1,4} {3,5} {8} J {6,7}
core 255: EX every (-frozen): types [0:3,2:4,5:2,7:8] [1:1,4:6,6:8,8:4] [3:8,5:5,7:2,8:4] [6:2,7:4,8:3] bases {0,2} {1,6} {3,5} {7} J {4,8}
core 255: EX every (-frozen): types [0:2,2:3,5:4,7:8] [1:3,4:6,6:8,8:10] [3:10,5:2,7:6,8:3] [6:3,7:4,8:2] bases {0,2} {1,6} {3,5} {7} J {4,8}
core 255: EX every (sumlev3,sumlev4): types [0:6,2:5,5:4,7:8] [1:3,4:2,6:4,8:8] [3:4,5:1,7:8,8:6] [6:2,7:4,8:3] bases {0,2} {8} {3,5} {7} J {1,4,6}
core 256: EX every (-frozen): types [0:6,2:2,5:3,8:10] [1:2,4:6,7:3,8:10] [3:10,5:2,6:3,8:6] [6:2,7:3,8:4] bases {0,2} {1,4} {3,5} {8} J {6,7}
core 256: EX every (-frozen): types [0:2,2:10,5:7,8:6] [1:2,4:3,7:10,8:6] [3:3,5:6,6:2,8:10] [6:2,7:4,8:3] bases {0,2} {1,4} {8} {7} J {3,5,6}
core 256: EX every (sumlev3,sumlev4): types [0:3,2:4,5:2,8:8] [1:3,4:4,7:10,8:8] [3:7,5:2,6:6,8:10] [6:2,7:4,8:3] bases {8} {1,4} {3,6} {7} J {0,2,5}
core 256: EX every (sumlev3,sumlev4): types [0:4,2:3,5:2,8:8] [1:4,4:2,7:10,8:7] [3:8,5:3,6:6,8:10] [6:3,7:4,8:2] bases {8} {1,4} {3,6} {7} J {0,2,5}
core 256: EX every (leximin): types [0:3,2:6,5:2,8:10] [1:2,4:6,7:3,8:10] [3:2,5:7,6:10,8:6] [6:4,7:2,8:3] bases {0,2} {8} {3,5} {6} J {1,4,7}
core 257: EX every (-frozen): types [0:10,2:3,5:8,8:6] [1:2,4:5,7:8,8:4] [3:4,5:2,6:3,7:8] [6:3,7:4,8:2] bases {0,2} {1,4} {3,5} {7} J {6,8}
core 257: EX every (-frozen): types [0:2,2:7,5:4,8:10] [1:4,4:2,7:3,8:8] [3:7,5:10,6:2,7:4] [6:3,7:2,8:4] bases {0,2} {1,4} {3,5} {8} J {6,7}
core 257: EX every (sumlev3,sumlev4): types [0:2,2:4,5:3,8:8] [1:4,4:3,7:10,8:8] [3:4,5:3,6:6,7:8] [6:3,7:4,8:2] bases {8} {1,4} {3,6} {7} J {0,2,5}
core 257: EX every (sumlev3,sumlev4): types [0:3,2:4,5:2,8:8] [1:2,4:3,7:10,8:6] [3:6,5:3,6:10,7:2] [6:3,7:4,8:2] bases {8} {1,4} {3,6} {7} J {0,2,5}
core 258: EX every (-frozen): types [0:6,2:1,5:8,6:4] [1:3,4:4,7:6,8:8] [3:2,7:3,8:4] [5:7,6:4,7:2,8:10] bases {2,5} {1,4} {3,7} {8} J {0,6}
core 258: EX every (-frozen): types [0:3,2:8,5:4,6:10] [1:7,4:2,7:4,8:10] [3:3,7:2,8:4] [5:2,6:6,7:7,8:10] bases {0,2} {1,4} {8} {5,6} J {3,7}
core 258: EX every (sumlev3,sumlev4): types [0:3,2:2,5:10,6:6] [1:4,4:3,7:10,8:8] [3:2,7:4,8:3] [5:8,6:6,7:10,8:3] bases {5} {7} {3,8} {6} J {0,1,2,4}
core 259: EX every (-frozen): types [0:3,2:5,5:7,7:6] [1:3,4:4,6:2,8:8] [3:3,7:2,8:4] [5:2,6:3,7:4,8:8] bases {0,2} {1,4} {8} {5,6} J {3,7}
core 259: EX every (-frozen): types [0:3,2:6,5:10,7:2] [1:4,4:2,6:7,8:8] [3:2,7:4,8:3] [5:8,6:4,7:5,8:6] bases {0,2} {4,6} {3,7} {5} J {1,8}
core 259: EX every (sumlev3,sumlev4): types [0:4,2:3,5:10,7:8] [1:2,4:6,6:3,8:10] [3:2,7:3,8:4] [5:10,6:6,7:3,8:8] bases {5} {8} {3,7} {6} J {0,1,2,4}
core 260: EX every (sumlev3,sumlev4): types [0:3,2:2,6:4,7:8] [1:4,4:3,6:2,8:8] [3:4,5:2,7:7,8:10] [5:2,7:3,8:4] bases {7} {1,4} {3,5} {8} J {0,2,6}
core 260: EX every (-frozen): types [0:3,2:2,6:4,7:8] [1:4,4:3,6:2,8:8] [3:4,5:2,7:7,8:10] [5:2,7:3,8:4] bases {0,2} {8} {3,5} {7} J {1,4,6}
core 260: EX every (-frozen): types [0:3,2:2,6:6,7:10] [1:5,4:4,6:2,8:8] [3:1,5:8,7:6,8:4] [5:4,7:3,8:2] bases {7} {1,4} {3,8} {5} J {0,2,6}
core 260: EX every (sumlev3,sumlev4): types [0:3,2:2,6:6,7:10] [1:4,4:3,6:8,8:2] [3:6,5:8,7:5,8:4] [5:3,7:4,8:2] bases {0,2} {6} {3,5} {7} J {1,4,8}
core 261: EX every (-frozen): types [0:2,2:3,6:4,8:8] [1:8,4:4,7:10,8:3] [3:2,5:3,8:4] [5:2,6:6,7:3,8:10] bases {0,2} {1,4} {8} {6,7} J {3,5}
core 261: EX every (-frozen): types [0:7,2:2,6:6,8:10] [1:2,4:6,7:3,8:10] [3:2,5:3,8:4] [5:4,6:10,7:7,8:2] bases {0,2} {1,4} {8} {6,7} J {3,5}
core 261: EX every (sumlev3,sumlev4): types [0:2,2:4,6:8,8:7] [1:2,4:3,7:4,8:8] [3:3,5:2,8:4] [5:8,6:10,7:3,8:6] bases {0,2} {8} {3,5} {6} J {1,4,7}
core 261: EX every (sumlev3,sumlev4): types [0:6,2:2,6:3,8:10] [1:1,4:4,7:8,8:6] [3:2,5:4,8:3] [5:4,6:2,7:8,8:5] bases {8} {1,4} {3,5} {7} J {0,2,6}
core 262: EX every (-frozen): types [0:3,2:6,6:2,7:10] [1:2,4:7,7:10,8:6] [3:4,5:2,7:10,8:7] [5:3,6:4,8:2] bases {0,2} {1,4} {7} {5,6} J {3,8}
core 262: EX every (-frozen): types [0:2,2:6,6:3,7:10] [1:3,4:6,7:10,8:2] [3:3,5:4,7:8,8:6] [5:3,6:4,8:2] bases {0,2} {1,4} {7} {5,6} J {3,8}
core 262: EX every (sumlev3,sumlev4): types [0:4,2:3,6:10,7:8] [1:6,4:3,7:10,8:2] [3:6,5:10,7:7,8:2] [5:3,6:4,8:2] bases {0,2} {7} {3,5} {6} J {1,4,8}
core 262: EX every (sumlev3,sumlev4): types [0:3,2:6,6:2,7:10] [1:3,4:2,7:6,8:10] [3:3,5:8,7:4,8:6] [5:2,6:3,8:4] bases {7} {1,4} {3,5} {8} J {0,2,6}
core 263: EX every (-frozen): types [0:2,2:4,6:3,7:8] [1:6,4:3,7:8,8:4] [3:3,5:2,8:4] [5:2,6:4,7:8,8:3] bases {0,2} {7} {3,5} {6,8} J {1,4}
core 263: EX every (sumlev3,sumlev4): types [0:2,2:3,6:6,7:10] [1:4,4:3,7:8,8:10] [3:3,5:4,8:2] [5:6,6:5,7:3,8:7] bases {7} {1,4} {3,5} {8} J {0,2,6}
core 263: EX every (-frozen): types [0:2,2:3,6:6,7:10] [1:4,4:3,7:8,8:10] [3:3,5:4,8:2] [5:6,6:5,7:3,8:7] bases {7} {1,4} {3,5} {8} J {0,2,6}
core 263: EX every (sumlev3,sumlev4): types [0:3,2:6,6:2,7:10] [1:2,4:4,7:7,8:10] [3:4,5:3,8:2] [5:7,6:6,7:2,8:10] bases {7} {1,4} {3,5} {8} J {0,2,6}
core 264: EX every (sumlev3,sumlev4): types [0:4,2:5,7:2,8:8] [1:3,4:2,7:6,8:10] [3:2,5:10,6:3,8:6] [5:4,6:2,8:3] bases {0,2} {8} {3,6} {5} J {1,4,7}
core 264: EX every (-frozen): types [0:4,2:5,7:2,8:8] [1:3,4:2,7:6,8:10] [3:2,5:10,6:3,8:6] [5:4,6:2,8:3] bases {0,2} {8} {3,6} {5} J {1,4,7}
core 264: EX every (sumlev3,sumlev4): types [0:4,2:3,7:2,8:8] [1:6,4:4,7:3,8:8] [3:3,5:10,6:4,8:8] [5:4,6:2,8:3] bases {8} {1,4} {3,6} {5} J {0,2,7}
core 264: EX every (-frozen): types [0:4,2:3,7:2,8:8] [1:6,4:4,7:3,8:8] [3:3,5:10,6:4,8:8] [5:4,6:2,8:3] bases {0} {8} {3,6} {5} J {1,2,4,7}
core 265: EX every (-frozen): types [0:3,2:2,7:10,8:6] [1:4,4:2,7:3,8:8] [3:3,5:6,6:2,7:10] [5:3,6:2,8:4] bases {0,2} {1,4} {7} {8} J {3,5,6}
core 265: EX every (-frozen): types [0:5,2:2,7:4,8:8] [1:3,4:6,7:8,8:10] [3:5,5:6,6:4,7:8] [5:3,6:2,8:4] bases {0,2} {1,4} {3,5} {8} J {6,7}
core 266: EX every (-frozen): types [0:4,2:3,7:2,8:8] [1:6,4:3,7:2,8:10] [3:4,5:3,6:2] [5:6,6:1,7:4,8:8] bases {0,2} {1,4} {3,6} {8} J {5,7}
core 266: EX every (-frozen): types [0:3,2:6,7:8,8:10] [1:1,4:6,7:4,8:8] [3:2,5:3,6:4] [5:3,6:6,7:8,8:10] bases {0,2} {1,4} {3,5} {8} J {6,7}
core 267: EX every (-frozen): types [0:2,2:5,7:4,8:8] [1:8,5:3,7:6,8:10] [3:2,6:6,7:3,8:10] [4:2,7:4,8:3] bases {0,2} {8} {3,6} {4,7} J {1,5}
core 267: EX every (-frozen): types [0:2,2:3,7:10,8:6] [1:2,5:3,7:4,8:8] [3:2,6:10,7:6,8:7] [4:2,7:4,8:3] bases {0,2} {7} {3,6} {8} J {1,4,5}
core 268: EX every (-frozen): types [0:3,2:7,6:6,8:5] [1:2,5:6,7:7,8:10] [3:6,6:3,7:2,8:10] [4:3,7:2,8:4] bases {0,2} {1,5} {3,6} {8} J {4,7}
core 268: EX every (-frozen): types [0:10,2:3,6:6,8:8] [1:6,5:3,7:2,8:10] [3:2,6:5,7:4,8:8] [4:3,7:2,8:4] bases {0,2} {1,5} {3,6} {8} J {4,7}
core 269: EX every (-frozen): types [0:2,2:4,7:3,8:8] [1:4,5:2,7:5,8:8] [3:6,6:8,7:4,8:5] [4:2,6:3,8:4] bases {0,2} {1,5} {3,7} {8} J {4,6}
core 269: EX every (-frozen): types [0:4,2:2,7:8,8:5] [1:2,5:4,7:8,8:5] [3:4,6:1,7:8,8:6] [4:3,6:4,8:2] bases {0,2} {1,5} {7} {4,6} J {3,8}
core 270: EX every (-frozen): types [0:6,2:2,6:3,7:10] [1:7,5:4,6:10,8:2] [3:4,6:3,7:8,8:2] [4:3,7:4,8:2] bases {0,2} {1,5} {3,6} {7} J {4,8}
core 270: EX every (-frozen): types [0:4,2:2,6:8,7:3] [1:4,5:1,6:6,8:8] [3:4,6:6,7:3,8:8] [4:2,7:3,8:4] bases {0,2} {1,5} {6} {8} J {3,4,7}
core 271: EX every (-frozen): types [0:8,2:1,5:6,6:4] [1:2,5:7,7:4,8:10] [3:5,6:2,7:4,8:8] [4:3,7:2,8:4] bases {0,2} {1,5} {3,6} {8} J {4,7}
core 271: EX every (-frozen): types [0:6,2:3,5:10,6:2] [1:3,5:4,7:6,8:8] [3:2,6:3,7:8,8:4] [4:2,7:3,8:4] bases {0,5} {7} {8} {4} J {1,2,3,6}
core 271: EX every (sumlev3,sumlev4): types [0:2,2:3,5:4,6:8] [1:2,5:4,7:7,8:8] [3:6,6:7,7:2,8:10] [4:4,7:3,8:2] bases {6} {8} {3} {4,7} J {0,1,2,5}
core 272: EX every (-frozen): types [0:4,2:6,5:5,8:8] [1:2,5:3,7:4,8:8] [3:4,6:2,7:3,8:8] [4:4,6:2,8:3] bases {8} {1,5} {3} {4,6} J {0,2,7}
core 272: EX every (-frozen): types [0:5,2:4,5:6,8:8] [1:3,5:2,7:6,8:10] [3:4,6:8,7:2,8:3] [4:3,6:2,8:4] bases {8} {1,7} {3,6} {4} J {0,2,5}
core 272: EX every (sumlev3,sumlev4): types [0:2,2:3,5:4,8:8] [1:4,5:2,7:8,8:7] [3:3,6:5,7:7,8:6] [4:3,6:4,8:2] bases {8} {1,5} {7} {4,6} J {0,2,3}
core 273: EX every (-frozen): types [0:2,2:7,5:4,8:10] [1:2,5:3,8:4] [3:3,6:2,7:4,8:8] [4:3,6:2,7:4,8:8] bases {0,2} {8} {3,6} {4,7} J {1,5}
core 273: EX every (-frozen): types [0:7,2:2,5:4,8:10] [1:2,5:3,8:4] [3:2,6:8,7:5,8:4] [4:2,6:4,7:5,8:8] bases {0,2} {8} {3,6} {4,7} J {1,5}
core 274: EX every (-frozen): types [0:8,2:4,5:3,7:10] [1:3,5:4,7:8,8:2] [3:2,6:3,7:8,8:4] [4:2,6:3,8:4] bases {7} {1,5} {3,6} {4,8} J {0,2}
core 274: EX every (-frozen): types [0:3,2:2,5:4,7:8] [1:4,5:3,7:8,8:6] [3:5,6:4,7:8,8:2] [4:3,6:2,8:4] bases {0,2} {1,5} {7} {4,8} J {3,6}
core 274: EX every (sumlev3,sumlev4): types [0:6,2:3,5:2,7:10] [1:2,5:4,7:7,8:8] [3:8,6:10,7:6,8:3] [4:2,6:3,8:4] bases {7} {1,5} {3,6} {8} J {0,2,4}
core 274: EX every (sumlev3,sumlev4): types [0:6,2:3,5:2,7:10] [1:4,5:1,7:6,8:8] [3:4,6:7,7:2,8:8] [4:4,6:2,8:3] bases {7} {1,5} {8} {4,6} J {0,2,3}
core 275: EX every (-frozen): types [0:3,2:2,5:4,7:8] [1:2,5:4,8:3] [3:3,6:2,7:10,8:6] [4:5,6:6,7:8,8:4] bases {0,2} {1,5} {3,8} {7} J {4,6}
core 275: EX every (-frozen): types [0:2,2:4,5:3,7:8] [1:3,5:4,8:2] [3:2,6:4,7:10,8:7] [4:4,6:6,7:8,8:5] bases {2} {1,5} {3,8} {7} J {0,4,6}
core 275: EX every (sumlev3,sumlev4): types [0:3,2:2,5:4,7:8] [1:4,5:2,8:3] [3:6,6:10,7:7,8:2] [4:3,6:8,7:4,8:6] bases {7} {1,8} {3} {6} J {0,2,4,5}
core 276: EX every (-frozen): types [0:8,2:4,6:3,8:10] [1:6,5:2,6:3,7:10] [3:2,5:4,7:8,8:3] [4:2,7:4,8:3] bases {0,2} {1,6} {3,5} {7} J {4,8}
core 276: EX every (-frozen): types [0:3,2:4,6:2,8:8] [1:4,5:3,6:8,7:6] [3:6,5:2,7:7,8:10] [4:3,7:2,8:4] bases {0,2} {1,6} {3,5} {8} J {4,7}
core 277: EX every (-frozen): types [0:2,2:7,7:10,8:4] [1:4,5:2,6:3,7:8] [3:3,5:4,6:8,8:10] [4:3,7:4,8:2] bases {0,2} {1,5} {3,6} {7} J {4,8}
core 277: EX every (-frozen): types [0:4,2:3,7:2,8:8] [1:8,5:6,6:3,7:10] [3:2,5:6,6:3,8:10] [4:2,7:3,8:4] bases {0,2} {1,6} {3,5} {8} J {4,7}
core 278: EX every (-frozen): types [0:3,2:6,7:2,8:10] [1:7,5:8,6:4,7:2] [3:4,5:3,7:2,8:8] [4:3,6:2,8:4] bases {0,2} {1,5} {3,7} {8} J {4,6}
core 278: EX every (-frozen): types [0:2,2:7,7:10,8:4] [1:6,5:2,6:7,7:10] [3:7,5:2,7:10,8:4] [4:3,6:4,8:2] bases {0,2} {1,5} {7} {4,6} J {3,8}
core 279: EX every (-frozen): types [0:2,2:7,7:6,8:10] [1:2,5:4,6:3] [3:6,5:2,7:7,8:10] [4:4,6:2,7:5,8:8] bases {0,2} {1,5} {8} {4,6} J {3,7}
core 279: EX every (-frozen): types [0:3,2:4,7:8,8:6] [1:2,5:4,6:3] [3:2,5:7,7:10,8:6] [4:5,6:2,7:8,8:4] bases {0,2} {1,6} {3,5} {7} J {4,8}
core 279: EX every (sumlev3,sumlev4): types [0:2,2:3,7:8,8:4] [1:2,5:4,6:3] [3:4,5:8,7:6,8:1] [4:6,6:10,7:3,8:2] bases {7} {5} {3,8} {4,6} J {0,1,2}
core 280: EX every (-frozen): types [0:6,2:5,4:8,5:4] [1:4,4:2,6:5,8:8] [3:2,5:4,7:3,8:8] [6:2,7:3,8:4] bases {0,2} {1,4} {3,5} {8} J {6,7}
core 280: EX every (-frozen): types [0:3,2:5,4:7,5:6] [1:4,4:2,6:8,8:3] [3:4,5:3,7:8,8:6] [6:4,7:3,8:2] bases {0,2} {1,4} {3,8} {6} J {5,7}
core 281: EX every (-frozen): types [0:6,2:3,4:8,5:10] [1:4,4:8,7:3,8:2] [3:4,6:8,7:3,8:6] [5:4,6:2,8:3] bases {0,2} {1,4} {3,8} {5} J {6,7}
core 281: EX every (-frozen): types [0:4,2:3,4:2,5:8] [1:8,4:5,7:4,8:6] [3:4,6:10,7:3,8:8] [5:4,6:3,8:2] bases {0,2} {1,4} {3,8} {5} J {6,7}
core 281: EX every (sumlev3,sumlev4): types [0:3,2:2,4:10,5:6] [1:4,4:6,7:8,8:3] [3:3,6:2,7:10,8:6] [5:2,6:3,8:4] bases {4} {1} {7} {6,8} J {0,2,3,5}
core 282: EX every (-frozen): types [0:3,2:4,4:8,6:10] [1:1,4:6,6:4,8:8] [3:4,5:8,7:2,8:5] [5:4,7:3,8:2] bases {0,4} {1,8} {3,7} {5} J {2,6}
core 282: EX every (sumlev3,sumlev4): types [0:6,2:3,4:10,6:2] [1:2,4:7,6:4,8:8] [3:3,5:6,7:8,8:10] [5:3,7:2,8:4] bases {4} {1,6} {8} {5,7} J {0,2,3}
core 282: EX every (sumlev3,sumlev4): types [0:2,2:6,4:10,6:3] [1:2,4:7,6:4,8:10] [3:4,5:8,7:3,8:10] [5:2,7:4,8:3] bases {4} {1,6} {8} {5,7} J {0,2,3}
core 282: EX every (-frozen): types [0:2,2:7,4:10,6:4] [1:2,4:6,6:7,8:10] [3:6,5:3,7:10,8:2] [5:3,7:4,8:2] bases {2,6} {1,8} {3,5} {7} J {0,4}
core 283: EX every (-frozen): types [0:6,2:3,4:2,8:10] [1:10,4:4,6:7,7:2] [3:7,5:6,6:2,8:10] [5:3,7:2,8:4] bases {0,2} {1,4} {3,6} {8} J {5,7}
core 283: EX every (-frozen): types [0:2,2:4,4:10,8:7] [1:3,4:8,6:6,7:10] [3:2,5:8,6:4,8:3] [5:4,7:2,8:3] bases {2,8} {1,4} {3,6} {5} J {0,7}
core 284: EX every (-frozen): types [0:6,2:3,4:8,8:10] [1:2,4:10,6:7,8:6] [3:4,5:8,6:1,7:6] [5:2,7:3,8:4] bases {0,2} {1,4} {5,6} {8} J {3,7}
core 284: EX every (-frozen): types [0:6,2:3,4:2,8:10] [1:10,4:6,6:2,8:7] [3:4,5:5,6:2,7:8] [5:2,7:3,8:4] bases {0,2} {1,4} {3,5} {8} J {6,7}
core 284: EX every (sumlev3,sumlev4): types [0:3,2:2,4:8,8:4] [1:2,4:6,6:10,8:3] [3:3,5:6,6:8,7:4] [5:4,7:3,8:2] bases {4} {1,8} {6} {5,7} J {0,2,3}
core 285: EX every (-frozen): types [0:3,2:6,4:10,7:2] [1:4,4:8,6:3,8:10] [3:2,5:3,8:4] [5:8,6:2,7:4,8:5] bases {4} {1} {8} {5,6} J {0,2,3,7}
core 285: EX every (sumlev3,sumlev4): types [0:4,2:2,4:7,7:8] [1:2,4:10,6:6,8:3] [3:4,5:3,8:2] [5:6,6:1,7:8,8:4] bases {0,2} {4} {3,5} {7} J {1,6,8}
core 285: EX every (-frozen): types [0:2,2:4,4:3,7:8] [1:4,4:3,6:6,8:8] [3:2,5:3,8:4] [5:5,6:6,7:7,8:3] bases {0,2} {4,6} {3,5} {7} J {1,8}
core 286: EX every (-frozen): types [0:3,2:6,4:2,8:10] [1:3,4:8,6:6,7:4] [3:3,5:2,8:4] [5:6,6:7,7:2,8:10] bases {0,2} {1,4} {8} {6,7} J {3,5}
core 286: EX every (-frozen): types [0:6,2:2,4:3,8:10] [1:7,4:6,6:2,7:10] [3:2,5:3,8:4] [5:6,6:4,7:3,8:8] bases {0,2} {1,4} {8} {6,7} J {3,5}
core 286: EX every (sumlev3,sumlev4): types [0:2,2:3,4:8,8:4] [1:3,4:6,6:10,7:2] [3:3,5:4,8:2] [5:6,6:8,7:1,8:4] bases {4} {1,7} {3,5} {6} J {0,2,8}
core 287: EX every (-frozen): types [0:4,2:2,4:3,7:8] [1:4,4:2,8:3] [3:3,5:8,6:6,8:4] [5:4,6:7,7:10,8:2] bases {0,2} {1,4} {3,6} {7} J {5,8}
core 287: EX every (-frozen): types [0:6,2:2,4:3,7:10] [1:4,4:2,8:3] [3:8,5:3,6:10,8:6] [5:2,6:3,7:10,8:6] bases {0,2} {1,4} {3,5} {7} J {6,8}
core 287: EX every (sumlev3,sumlev4): types [0:4,2:1,4:6,7:8] [1:3,4:4,8:2] [3:3,5:8,6:2,8:4] [5:8,6:4,7:10,8:3] bases {7} {1,4} {5} {6,8} J {0,2,3}
core 288: EX every (-frozen): types [0:3,2:4,4:10,8:8] [1:3,4:2,7:8,8:4] [3:7,5:10,6:4,8:2] [5:2,6:3,7:4] bases {0,8} {1,4} {3,6} {7} J {2,5}
core 288: EX every (-frozen): types [0:3,2:2,4:4,8:8] [1:4,4:6,7:5,8:8] [3:2,5:6,6:7,8:10] [5:2,6:4,7:3] bases {0,2} {8} {3,5} {6} J {1,4,7}
core 288: EX every (sumlev3,sumlev4): types [0:2,2:3,4:6,8:10] [1:3,4:2,7:8,8:4] [3:1,5:8,6:4,8:6] [5:4,6:3,7:2] bases {8} {1,7} {3,6} {5} J {0,2,4}
core 288: EX every (sumlev3,sumlev4): types [0:3,2:2,4:10,8:6] [1:2,4:7,7:8,8:4] [3:4,5:8,6:10,8:3] [5:3,6:2,7:4] bases {4} {1,8} {5,6} {7} J {0,2,3}
core 289: EX every (-frozen): types [0:6,2:4,4:3,8:8] [1:3,4:4,7:2,8:8] [3:4,5:2,6:3] [5:3,6:6,7:2,8:10] bases {8} {1,4} {3,5} {6,7} J {0,2}
core 289: EX every (sumlev3,sumlev4): types [0:3,2:6,4:2,8:10] [1:2,4:4,7:8,8:7] [3:4,5:2,6:3] [5:3,6:8,7:10,8:4] bases {8} {1,4} {3,6} {7} J {0,2,5}
core 289: EX every (-frozen): types [0:5,2:2,4:4,8:8] [1:4,4:6,7:1,8:8] [3:2,5:4,6:3] [5:4,6:2,7:3,8:8] bases {0,2} {8} {3,5} {6,7} J {1,4}
core 289: EX every (sumlev3,sumlev4): types [0:6,2:3,4:10,8:2] [1:2,4:7,7:10,8:4] [3:2,5:3,6:4] [5:6,6:3,7:7,8:5] bases {4} {1,8} {5,6} {7} J {0,2,3}
core 290: EX every (-frozen): types [0:3,2:4,4:2,8:8] [1:4,4:3,7:2] [3:4,5:5,6:6,8:8] [5:2,6:3,7:4,8:8] bases {2} {1,4} {8} {7} J {0,3,5,6}
core 290: EX every (-frozen): types [0:2,2:3,4:4,8:8] [1:2,4:3,7:4] [3:6,5:7,6:2,8:10] [5:7,6:2,7:4,8:10] bases {0,2} {1,4} {3,6} {8} J {5,7}
core 290: EX every (sumlev3,sumlev4): types [0:2,2:3,4:8,8:4] [1:2,4:3,7:4] [3:6,5:3,6:2,8:10] [5:4,6:3,7:10,8:8] bases {2,4} {7} {8} {5,6} J {0,1,3}
core 290: EX every (sumlev3,sumlev4): types [0:3,2:6,4:2,8:10] [1:4,4:2,7:3] [3:2,5:10,6:4,8:7] [5:7,6:5,7:6,8:3] bases {8} {1,7} {3,6} {5} J {0,2,4}
core 291: EX every (-frozen): types [0:2,2:7,4:6,8:10] [1:3,4:2,8:4] [3:3,5:4,6:8,7:6] [5:3,6:2,7:6,8:10] bases {0,2} {1,4} {3,7} {8} J {5,6}
core 291: EX every (sumlev3,sumlev4): types [0:4,2:2,4:8,8:7] [1:2,4:3,8:4] [3:2,5:10,6:6,7:3] [5:7,6:4,7:2,8:8] bases {0,4} {8} {5} {6,7} J {1,2,3}
core 291: EX every (-frozen): types [0:4,2:2,4:8,8:7] [1:2,4:3,8:4] [3:2,5:10,6:6,7:3] [5:7,6:4,7:2,8:8] bases {0,4} {8} {5} {6,7} J {1,2,3}
core 291: EX every (sumlev3,sumlev4): types [0:5,2:2,4:8,8:4] [1:2,4:3,8:4] [3:2,5:8,6:3,7:4] [5:6,6:1,7:4,8:8] bases {0,4} {8} {5} {6,7} J {1,2,3}
core 292: EX every (-frozen): types [0:4,2:3,7:2,8:8] [1:10,4:4,5:7,6:2] [3:3,4:2,5:6,8:10] [6:3,7:2,8:4] bases {0,2} {1,4} {3,5} {8} J {6,7}
core 292: EX every (-frozen): types [0:3,2:2,7:10,8:6] [1:2,4:3,5:4,6:8] [3:2,4:4,5:3,8:8] [6:3,7:4,8:2] bases {0,2} {1,6} {8} {7} J {3,4,5}
core 292: EX every (sumlev3,sumlev4): types [0:2,2:4,7:8,8:3] [1:6,4:2,5:10,6:3] [3:4,4:3,5:8,8:10] [6:2,7:3,8:4] bases {2,7} {5} {3,4} {8} J {0,1,6}
core 293: EX every (-frozen): types [0:2,2:5,6:8,7:4] [1:2,4:3,5:8,8:4] [3:4,4:2,8:3] [5:8,6:4,7:6,8:1] bases {2,7} {1,4} {3,8} {5} J {0,6}
core 293: EX every (-frozen): types [0:4,2:3,6:8,7:10] [1:2,4:4,5:3,8:8] [3:4,4:3,8:2] [5:2,6:7,7:6,8:10] bases {0,6} {1,5} {3,4} {8} J {2,7}
core 293: EX every (sumlev3,sumlev4): types [0:3,2:6,6:2,7:10] [1:4,4:8,5:3,8:2] [3:3,4:2,8:4] [5:4,6:3,7:8,8:10] bases {7} {1,4} {8} {5,6} J {0,2,3}
core 294: EX every (-frozen): types [0:3,2:6,7:2,8:10] [1:4,4:7,5:10,6:2] [3:3,4:2,8:4] [5:6,6:2,7:7,8:10] bases {0,2} {1,5} {8} {6,7} J {3,4}
core 294: EX every (-frozen): types [0:6,2:2,7:3,8:10] [1:4,4:10,5:2,6:7] [3:3,4:2,8:4] [5:6,6:7,7:2,8:10] bases {0,2} {1,6} {8} {5,7} J {3,4}
core 295: EX every (-frozen): types [0:6,2:3,4:8,5:10] [1:5,6:8,7:4,8:2] [3:2,6:7,7:4,8:10] [4:3,5:2,8:4] bases {2,4} {1,7} {3,6} {8} J {0,5}
core 295: EX every (-frozen): types [0:7,2:2,4:6,5:10] [1:2,6:5,7:4,8:8] [3:3,6:8,7:2,8:4] [4:2,5:3,8:4] bases {2,5} {1,7} {3,6} {8} J {0,4}
core 296: EX every (-frozen): types [0:3,2:6,5:2,8:10] [1:2,4:4,7:5,8:8] [3:4,6:7,7:2,8:10] [4:3,5:2,6:4] bases {0,2} {1,7} {8} {4,5} J {3,6}
core 296: EX every (sumlev3,sumlev4): types [0:3,2:6,5:2,8:10] [1:3,4:10,7:2,8:6] [3:6,6:10,7:2,8:7] [4:4,5:2,6:3] bases {8} {1,7} {3,6} {4} J {0,2,5}
core 296: EX every (-frozen): types [0:3,2:6,5:2,8:10] [1:3,4:10,7:2,8:6] [3:6,6:10,7:2,8:7] [4:4,5:2,6:3] bases {8} {1,7} {3,6} {4} J {0,2,5}
core 296: EX every (sumlev3,sumlev4): types [0:3,2:4,5:8,8:2] [1:3,4:2,7:8,8:4] [3:2,6:8,7:7,8:4] [4:2,5:3,6:4] bases {2,5} {7} {3,8} {6} J {0,1,4}
core 297: EX every (-frozen): types [0:4,2:3,5:8,8:2] [1:4,4:8,7:3,8:6] [3:4,6:2,7:3] [4:5,5:8,6:2,8:4] bases {0,2} {1,8} {3,6} {5} J {4,7}
core 297: EX every (-frozen): types [0:6,2:2,5:3,8:10] [1:4,4:2,7:7,8:8] [3:2,6:4,7:3] [4:4,5:2,6:5,8:8] bases {0,2} {8} {3,6} {4,5} J {1,7}
core 297: EX every (sumlev3,sumlev4): types [0:2,2:4,5:3,8:8] [1:4,4:2,7:8,8:3] [3:2,6:4,7:3] [4:4,5:2,6:8,8:7] bases {8} {1,7} {6} {4,5} J {0,2,3}
core 298: EX every (-frozen): types [0:2,2:6,7:3,8:10] [1:6,4:2,6:3,8:10] [3:3,5:2,8:4] [4:8,5:4,6:2,7:3] bases {0,2} {1,6} {8} {4,7} J {3,5}
core 298: EX every (-frozen): types [0:3,2:6,7:2,8:10] [1:2,4:4,6:5,8:8] [3:3,5:2,8:4] [4:4,5:8,6:2,7:5] bases {0,2} {1,6} {8} {4,7} J {3,5}
core 298: EX every (sumlev3,sumlev4): types [0:3,2:2,7:4,8:8] [1:4,4:10,6:2,8:7] [3:2,5:4,8:3] [4:8,5:7,6:4,7:2] bases {8} {1,6} {3,5} {4} J {0,2,7}
core 299: EX every (sumlev3,sumlev4): types [0:2,2:3,3:10,4:6] [1:2,7:3,8:4] [3:8,4:4,5:10,6:3] [5:8,6:4,7:7,8:2] bases {3} {7,8} {4,6} {5} J {0,1,2}
core 299: EX every (-frozen): types [0:4,2:2,3:8,4:3] [1:4,7:2,8:3] [3:8,4:3,5:2,6:4] [5:6,6:7,7:5,8:3] bases {3} {1} {5,6} {7,8} J {0,2,4}
core 299: EX every (-frozen): types [0:7,2:2,3:10,4:4] [1:2,7:4,8:3] [3:4,4:6,5:8,6:1] [5:8,6:1,7:4,8:6] bases {0,4} {1,7} {5} {6,8} J {2,3}
core 299: EX every (sumlev3,sumlev4): types [0:4,2:3,3:2,4:8] [1:2,7:4,8:3] [3:3,4:8,5:4,6:10] [5:3,6:10,7:4,8:8] bases {4} {7,8} {3,5} {6} J {0,1,2}
core 300: EX every (-frozen): types [0:3,2:2,3:8,7:4] [1:3,7:2,8:4] [3:8,4:4,5:3,6:6] [4:6,5:7,6:10,8:2] bases {0,2} {1,7} {3} {6,8} J {4,5}
core 300: EX every (-frozen): types [0:6,2:2,3:10,7:3] [1:4,7:3,8:2] [3:10,4:6,5:3,6:2] [4:6,5:5,6:8,8:4] bases {0,2} {1,7} {3} {4,5} J {6,8}
core 300: EX every (sumlev3,sumlev4): types [0:1,2:4,3:8,7:6] [1:4,7:3,8:2] [3:10,4:7,5:4,6:2] [4:10,5:3,6:2,8:6] bases {3} {1,7} {5,6} {4} J {0,2,8}
core 300: EX every (sumlev3,sumlev4): types [0:2,2:3,3:10,7:6] [1:4,7:2,8:3] [3:6,4:2,5:3,6:10] [4:2,5:4,6:8,8:7] bases {3} {1,8} {4,5} {6} J {0,2,7}
core 301: EX every (-frozen): types [0:3,2:6,4:8,5:10] [1:2,3:10,7:7,8:4] [3:8,4:6,5:4,6:1] [6:3,7:4,8:2] bases {0,4} {1,7} {3} {6,8} J {2,5}
core 301: EX every (sumlev3,sumlev4): types [0:3,2:6,4:10,5:2] [1:2,3:6,7:7,8:10] [3:2,4:7,5:4,6:8] [6:4,7:2,8:3] bases {4} {7,8} {3,5} {6} J {0,1,2}
core 301: EX every (-frozen): types [0:5,2:2,4:4,5:8] [1:4,3:8,7:2,8:3] [3:8,4:5,5:4,6:2] [6:2,7:4,8:3] bases {0,4} {1,7} {3} {6,8} J {2,5}
core 301: EX every (sumlev3,sumlev4): types [0:3,2:2,4:8,5:4] [1:3,3:6,7:10,8:8] [3:2,4:7,5:4,6:10] [6:4,7:2,8:3] bases {4} {7,8} {3,5} {6} J {0,1,2}
core 302: EX every (-frozen): types [0:6,2:1,4:8,7:4] [1:4,3:3,7:2,8:8] [3:5,4:2,5:4,6:8] [5:2,6:3,8:4] bases {2,4} {1,7} {3,5} {8} J {0,6}
core 302: EX every (-frozen): types [0:3,2:8,4:4,7:10] [1:2,3:3,7:6,8:10] [3:2,4:7,5:10,6:6] [5:3,6:2,8:4] bases {0,2} {1,7} {3,5} {8} J {4,6}
core 303: EX every (sumlev3,sumlev4): types [0:2,2:3,4:10,7:6] [1:4,3:2,8:3] [3:1,4:6,5:4,6:8] [5:3,6:10,7:4,8:8] bases {4} {1,8} {3,5} {6} J {0,2,7}
core 303: EX every (-frozen): types [0:4,2:2,4:3,7:8] [1:3,3:2,8:4] [3:2,4:4,5:8,6:5] [5:6,6:4,7:8,8:1] bases {0,2} {1,8} {4,6} {7} J {3,5}
core 303: EX every (sumlev3,sumlev4): types [0:3,2:4,4:8,7:10] [1:4,3:2,8:3] [3:3,4:10,5:2,6:6] [5:4,6:1,7:8,8:6] bases {0,2} {1,8} {4} {7} J {3,5,6}
core 303: EX every (-frozen): types [0:6,2:2,4:10,7:3] [1:3,3:4,8:2] [3:1,4:8,5:4,6:6] [5:7,6:8,7:2,8:4] bases {0,2} {1,3} {4} {5,7} J {6,8}
core 304: EX every (sumlev3,sumlev4): types [0:4,2:3,5:2,8:8] [1:4,3:2,4:7,7:10] [3:2,4:8,5:4,6:3] [6:3,7:4,8:2] bases {0,8} {1,3} {4} {7} J {2,5,6}
core 304: EX every (sumlev3,sumlev4): types [0:4,2:3,5:2,8:8] [1:6,3:2,4:10,7:3] [3:3,4:8,5:4,6:10] [6:4,7:2,8:3] bases {0,8} {4} {3,5} {6} J {1,2,7}
core 304: EX every (-frozen): types [0:4,2:3,5:2,8:8] [1:6,3:2,4:10,7:3] [3:3,4:8,5:4,6:10] [6:4,7:2,8:3] bases {8} {4} {3,5} {6} J {0,1,2,7}
core 304: EX every (-frozen): types [0:3,2:6,5:10,8:2] [1:4,3:8,4:10,7:3] [3:6,4:7,5:10,6:2] [6:4,7:3,8:2] bases {0,2} {1,3} {5} {6,8} J {4,7}
core 305: EX every (sumlev3,sumlev4): types [0:5,2:2,7:4,8:8] [1:2,3:6,4:3,5:10] [3:4,4:1,5:6,6:8] [6:4,7:3,8:2] bases {0,8} {5} {3,4} {6} J {1,2,7}
core 305: EX every (-frozen): types [0:1,2:6,7:4,8:8] [1:6,3:10,4:8,5:3] [3:3,4:2,5:4,6:8] [6:4,7:2,8:3] bases {0,8} {1,3} {4,5} {6} J {2,7}
core 305: EX every (-frozen): types [0:4,2:2,7:7,8:8] [1:3,3:8,4:10,5:6] [3:6,4:4,5:1,6:8] [6:4,7:2,8:3] bases {2,7} {1,4} {3,5} {6} J {0,8}
core 305: EX every (sumlev3,sumlev4): types [0:2,2:3,7:10,8:6] [1:2,3:6,4:3,5:10] [3:2,4:4,5:7,6:10] [6:4,7:3,8:2] bases {7,8} {5} {3,4} {6} J {0,1,2}
core 306: EX every (-frozen): types [0:3,2:6,7:2,8:10] [1:6,3:2,4:10,7:7] [3:5,4:2,5:4,6:8] [5:2,6:3,8:4] bases {0,2} {1,7} {3,5} {8} J {4,6}
core 306: EX every (sumlev3,sumlev4): types [0:4,2:3,7:8,8:2] [1:1,3:8,4:4,7:6] [3:10,4:3,5:2,6:6] [5:4,6:3,8:2] bases {7} {1,4} {3} {5,6} J {0,2,8}
core 306: EX every (-frozen): types [0:2,2:6,7:3,8:10] [1:3,3:4,4:8,7:6] [3:4,4:1,5:6,6:8] [5:3,6:2,8:4] bases {0,2} {1,7} {4,6} {8} J {3,5}
core 307: EX every (sumlev3,sumlev4): types [0:2,2:4,6:8,7:3] [1:2,3:10,6:7,7:4] [3:8,4:3,5:4,8:6] [4:2,5:4,8:3] bases {6} {1,7} {3} {5,8} J {0,2,4}
core 307: EX every (sumlev3,sumlev4): types [0:4,2:3,6:2,7:8] [1:3,3:10,6:4,7:8] [3:8,4:4,5:1,8:6] [4:2,5:4,8:3] bases {7} {1,6} {3} {5,8} J {0,2,4}
core 308: EX every (sumlev3,sumlev4): types [0:3,4:8,5:2,6:4] [1:4,4:8,6:3,8:10] [2:3,5:4,7:8,8:10] [3:4,7:2,8:3] bases {4} {1,6} {8} {3,7} J {0,2,5}
core 308: EX every (-frozen): types [0:4,4:8,5:3,6:6] [1:6,4:2,6:3,8:10] [2:4,5:2,7:10,8:7] [3:2,7:4,8:3] bases {0,6} {8} {2,5} {7} J {1,3,4}
core 308: EX every (sumlev3,sumlev4): types [0:3,4:4,5:2,6:8] [1:4,4:2,6:7,8:10] [2:4,5:2,7:7,8:8] [3:2,7:3,8:4] bases {6} {1,4} {8} {3,7} J {0,2,5}
core 308: EX every (-frozen): types [0:3,4:4,5:2,6:8] [1:4,4:2,6:7,8:10] [2:4,5:2,7:7,8:8] [3:2,7:3,8:4] bases {6} {1} {2,7} {8} J {0,3,4,5}
core 309: EX every (-frozen): types [0:4,4:3,5:8,6:2] [1:3,4:2,7:4,8:8] [2:5,5:4,7:2,8:8] [3:3,6:2,8:4] bases {0,5} {1,4} {2,7} {8} J {3,6}
core 309: EX every (sumlev3,sumlev4): types [0:2,4:4,5:8,6:7] [1:2,4:3,7:10,8:6] [2:2,5:10,7:7,8:4] [3:3,6:4,8:2] bases {5} {7} {2,8} {3,6} J {0,1,4}
core 309: EX every (-frozen): types [0:7,4:4,5:2,6:10] [1:2,4:5,7:4,8:8] [2:6,5:3,7:2,8:10] [3:2,6:3,8:4] bases {0,4} {1,7} {2,5} {8} J {3,6}
core 310: EX every (-frozen): types [0:3,4:4,6:2,8:8] [1:3,4:6,6:2,8:10] [2:3,5:8,7:4,8:10] [3:4,5:3,7:2] bases {0,6} {1,4} {8} {3,7} J {2,5}
core 310: EX every (-frozen): types [0:3,4:2,6:4,8:8] [1:4,4:2,6:3,8:8] [2:4,5:6,7:3,8:8] [3:2,5:4,7:3] bases {0,4} {1,6} {8} {3,7} J {2,5}
core 311: EX every (-frozen): types [0:4,4:3,6:6,8:8] [1:2,4:3,7:4,8:8] [2:2,5:5,6:4,8:8] [3:4,5:3,7:2] bases {8} {1,4} {2,5} {3,7} J {0,6}
core 311: EX every (-frozen): types [0:3,4:2,6:4,8:8] [1:6,4:4,7:1,8:8] [2:4,5:3,6:2,8:8] [3:2,5:3,7:4] bases {0,6} {8} {2,5} {3,7} J {1,4}
core 312: EX every (sumlev3,sumlev4): types [0:6,3:7,4:2,7:10] [1:2,3:10,6:6,8:3] [2:2,5:7,6:4,7:8] [4:3,5:4,8:2] bases {0} {3} {7} {4,5} J {1,2,6,8}
core 312: EX every (sumlev3,sumlev4): types [0:4,3:2,4:8,7:3] [1:3,3:4,6:8,8:2] [2:4,5:8,6:7,7:2] [4:2,5:4,8:3] bases {0,4} {6} {2,7} {5} J {1,3,8}
core 313: EX every (-frozen): types [0:4,3:8,4:5,7:2] [1:8,5:5,6:4,7:2] [2:2,5:4,6:3,8:8] [3:3,4:2,8:4] bases {0,4} {1,5} {2,6} {8} J {3,7}
core 313: EX every (-frozen): types [0:2,3:10,4:7,7:4] [1:2,5:10,6:6,7:7] [2:1,5:4,6:6,8:8] [3:2,4:3,8:4] bases {4,7} {1,5} {2,6} {8} J {0,3}
core 313: EX every (sumlev3,sumlev4): types [0:3,3:2,4:6,7:10] [1:1,5:6,6:4,7:8] [2:6,5:10,6:2,8:3] [3:4,4:3,8:2] bases {7} {1,6} {5} {3,4} J {0,2,8}
core 313: EX every (sumlev3,sumlev4): types [0:4,3:8,4:5,7:2] [1:4,5:8,6:3,7:2] [2:2,5:6,6:3,8:10] [3:2,4:3,8:4] bases {3,4} {5} {2,6} {8} J {0,1,7}
core 314: EX every (sumlev3,sumlev4): types [0:2,3:7,4:4,7:10] [1:1,5:6,6:4,7:8] [2:4,5:3,8:2] [3:10,4:6,6:3,8:2] bases {0,4} {7} {2,5} {3} J {1,6,8}
core 315: EX every (-frozen): types [0:8,3:2,4:7,7:4] [1:4,5:3,6:8,8:2] [2:2,5:3,8:4] [3:3,4:2,6:10,7:6] bases {0,3} {1,5} {2,8} {6} J {4,7}
core 315: EX every (-frozen): types [0:7,3:10,4:4,7:2] [1:2,5:4,6:8,8:3] [2:4,5:2,8:3] [3:2,4:3,6:8,7:4] bases {0,4} {1,5} {2,8} {6} J {3,7}
core 315: EX every (sumlev3,sumlev4): types [0:6,3:10,4:2,7:3] [1:4,5:7,6:10,8:2] [2:3,5:4,8:2] [3:6,4:4,6:8,7:1] bases {3} {6} {2,5} {4,7} J {0,1,8}
core 315: EX every (sumlev3,sumlev4): types [0:4,3:8,4:3,7:2] [1:3,5:6,6:7,8:5] [2:2,5:3,8:4] [3:6,4:1,6:8,7:4] bases {3} {6} {5,8} {4,7} J {0,1,2}
core 316: EX every (-frozen): types [0:6,3:2,4:10,8:3] [1:2,5:7,6:6,7:10] [2:4,5:2,8:3] [3:2,4:8,6:4,7:5] bases {0,3} {1,7} {2,8} {4} J {5,6}
core 316: EX every (sumlev3,sumlev4): types [0:4,3:3,4:2,8:8] [1:2,5:8,6:4,7:7] [2:2,5:4,8:3] [3:6,4:2,6:3,7:10] bases {0,8} {1,6} {5} {7} J {2,3,4}
core 316: EX every (-frozen): types [0:4,3:3,4:2,8:8] [1:2,5:8,6:4,7:7] [2:2,5:4,8:3] [3:6,4:2,6:3,7:10] bases {8} {5} {2} {6,7} J {0,1,3,4}
core 317: EX every (sumlev3,sumlev4): types [0:4,3:10,6:7,7:2] [1:2,4:6,6:10,7:3] [2:4,5:3,8:2] [3:10,4:2,5:7,8:4] bases {0,7} {6} {2,5} {3} J {1,4,8}
core 317: EX every (sumlev3,sumlev4): types [0:2,3:10,6:3,7:6] [1:6,4:3,6:2,7:10] [2:3,5:4,8:2] [3:8,4:4,5:6,8:1] bases {0,6} {7} {2,5} {3} J {1,4,8}
core 318: EX every (sumlev3,sumlev4): types [0:3,2:2,6:10,7:6] [1:4,4:2,6:7,9:8] [3:3,5:2,8:10,9:6] [7:3,8:2,9:4] bases {6} {1,4} {3,8} {9} J {0,2,5,7}
core 318: EX every (-frozen): types [0:6,2:1,6:4,7:8] [1:4,4:3,6:8,9:2] [3:6,5:3,8:10,9:8] [7:4,8:2,9:3] bases {0,2} {1,6} {5,8} {7} J {3,4,9}
core 318: EX every (-frozen): types [0:7,2:4,6:2,7:10] [1:3,4:6,6:2,9:10] [3:2,5:3,8:4,9:8] [7:2,8:4,9:3] bases {0,2} {9} {3,5} {7,8} J {1,4,6}
core 318: EX every (sumlev3,sumlev4): types [0:2,2:4,6:8,7:3] [1:3,4:4,6:8,9:10] [3:1,5:6,8:8,9:4] [7:3,8:2,9:4] bases {6} {1,4} {5,8} {9} J {0,2,3,7}
core 318: EX every (leximin): types [0:4,2:8,6:3,7:10] [1:3,4:2,6:6,9:10] [3:3,5:4,8:2,9:8] [7:3,8:2,9:4] bases {0,2} {9} {3,5} {7,8} J {1,4,6}
core 319: EX every (-frozen): types [0:6,2:5,6:8,7:4] [1:2,4:8,8:7,9:4] [3:4,5:6,8:5,9:8] [6:4,7:3,9:2] bases {0,2} {1,4} {3,5} {6,7} J {8,9}
core 319: EX every (-frozen): types [0:4,2:6,6:8,7:5] [1:8,4:1,8:6,9:4] [3:5,5:2,8:4,9:8] [6:4,7:3,9:2] bases {0,2} {1,4} {3,8} {6,7} J {5,9}
core 320: EX every (-frozen): types [0:2,2:4,6:3,9:8] [1:2,4:7,7:4,9:10] [3:2,5:4,8:7,9:8] [6:3,7:2,8:4] bases {0,2} {1,4} {9} {6,7} J {3,5,8}
core 320: EX every (-frozen): types [0:3,2:4,6:10,9:8] [1:5,4:2,7:4,9:8] [3:3,5:4,8:8,9:2] [6:2,7:3,8:4] bases {0,9} {1,7} {3,5} {8} J {2,4,6}
core 320: EX every (sumlev3,sumlev4): types [0:3,2:4,6:6,9:8] [1:3,4:2,7:6,9:10] [3:2,5:10,8:6,9:7] [6:4,7:2,8:3] bases {0,2} {9} {3,5} {6,8} J {1,4,7}
core 320: EX every (sumlev3,sumlev4): types [0:8,2:3,6:10,9:6] [1:2,4:3,7:4,9:8] [3:2,5:5,8:4,9:8] [6:3,7:2,8:4] bases {0,2} {9} {3,5} {6,8} J {1,4,7}
core 320: EX every (leximin): types [0:3,2:2,6:4,9:8] [1:3,4:6,7:2,9:10] [3:4,5:6,8:5,9:8] [6:2,7:3,8:4] bases {9} {1,4} {3,5} {7,8} J {0,2,6}
core 320: EX every (leximin): types [0:2,2:8,6:4,9:7] [1:4,4:3,7:2,9:8] [3:2,5:6,8:3,9:10] [6:3,7:4,8:2] bases {0,2} {1,4} {9} {6,7} J {3,5,8}
core 321: EX every (-frozen): types [0:4,2:6,5:5,6:8] [1:7,4:4,8:10,9:2] [3:4,5:6,6:8,7:5] [7:3,8:4,9:2] bases {0,2} {1,4} {3,5} {8,9} J {6,7}
core 321: EX every (-frozen): types [0:6,2:3,5:4,6:8] [1:3,4:8,8:6,9:10] [3:4,5:5,6:8,7:6] [7:2,8:4,9:3] bases {0,2} {1,4} {3,5} {8,9} J {6,7}
core 321: EX every (sumlev3,sumlev4): types [0:4,2:2,5:8,6:3] [1:4,4:2,8:3,9:8] [3:4,5:7,6:2,7:8] [7:4,8:2,9:3] bases {5} {1,9} {3,6} {7} J {0,2,4,8}
core 321: EX every (sumlev3,sumlev4): types [0:3,2:2,5:4,6:8] [1:2,4:7,8:6,9:10] [3:2,5:3,6:6,7:10] [7:4,8:3,9:2] bases {6} {4,9} {3,5} {7} J {0,1,2,8}
core 322: EX every (-frozen): types [0:4,2:5,5:2,8:8] [1:8,4:3,6:10,7:6] [3:4,5:3,9:2] [6:4,7:10,8:3,9:8] bases {0,2} {1,4} {3,5} {6,9} J {7,8}
core 322: EX every (-frozen): types [0:2,2:7,5:4,8:8] [1:4,4:6,6:5,7:8] [3:2,5:4,9:3] [6:6,7:3,8:7,9:5] bases {0,2} {1,4} {3,5} {6,7} J {8,9}
core 322: EX every (sumlev3,sumlev4): types [0:2,2:3,5:6,8:10] [1:2,4:3,6:10,7:6] [3:4,5:3,9:2] [6:7,7:2,8:8,9:4] bases {8} {6} {3,5} {7,9} J {0,1,2,4}
core 323: EX every (-frozen): types [0:6,2:2,5:10,8:3] [1:4,4:5,7:6,9:8] [3:2,5:8,6:4,7:3] [6:2,8:4,9:3] bases {0,2} {1,4} {5} {8,9} J {3,6,7}
core 323: EX every (sumlev3,sumlev4): types [0:3,2:2,5:10,8:6] [1:4,4:3,7:8,9:2] [3:4,5:8,6:3,7:6] [6:3,8:4,9:2] bases {5} {7} {3} {6,8} J {0,1,2,4,9}
core 323: EX every (-frozen): types [0:2,2:3,5:8,8:4] [1:3,4:8,7:4,9:10] [3:3,5:10,6:6,7:2] [6:3,8:2,9:4] bases {0,2} {1,4} {5} {8,9} J {3,6,7}
core 323: EX every (sumlev3,sumlev4): types [0:2,2:4,5:8,8:7] [1:2,4:6,7:10,9:3] [3:6,5:10,6:3,7:8] [6:4,8:3,9:2] bases {5} {7} {3} {6,8} J {0,1,2,4,9}
core 324: EX every (-frozen): types [0:2,2:3,5:6,8:10] [1:2,4:4,8:5,9:8] [3:7,5:2,6:4,7:10] [6:3,7:2,9:4] bases {0,8} {1,4} {3,6} {9} J {2,5,7}
core 324: EX every (-frozen): types [0:3,2:2,5:6,8:10] [1:4,4:2,8:8,9:3] [3:5,5:7,6:6,7:3] [6:3,7:2,9:4] bases {8} {1,4} {3,6} {7,9} J {0,2,5}
core 324: EX every (sumlev3,sumlev4): types [0:3,2:2,5:4,8:8] [1:7,4:2,8:10,9:4] [3:6,5:3,6:7,7:5] [6:3,7:2,9:4] bases {8} {1,4} {3,7} {6,9} J {0,2,5}
core 324: EX every (sumlev3,sumlev4): types [0:2,2:6,5:3,8:10] [1:7,4:2,8:10,9:6] [3:10,5:4,6:2,7:7] [6:4,7:2,9:3] bases {8} {1,4} {3,7} {6,9} J {0,2,5}
core 324: EX every (leximin): types [0:3,2:6,5:2,8:10] [1:3,4:6,8:10,9:2] [3:4,5:8,6:6,7:1] [6:4,7:3,9:2] bases {0,2} {8} {3,5} {6,7} J {1,4,9}
core 324: EX every (leximin): types [0:2,2:4,5:8,8:3] [1:8,4:4,8:3,9:10] [3:3,5:8,6:4,7:2] [6:2,7:3,9:4] bases {5} {1,4} {3,6} {7,9} J {0,2,8}
core 325: EX every (-frozen): types [0:4,2:2,6:3,8:8] [1:6,4:1,7:4,8:8] [3:4,5:3,9:2] [5:4,6:3,7:8,9:2] bases {8} {1,4} {3,5} {7,9} J {0,2,6}
core 325: EX every (sumlev3,sumlev4): types [0:6,2:3,6:2,8:10] [1:7,4:2,7:4,8:10] [3:3,5:4,9:2] [5:6,6:1,7:8,9:4] bases {8} {1,4} {3,5} {7,9} J {0,2,6}
core 325: EX every (-frozen): types [0:6,2:3,6:2,8:10] [1:7,4:2,7:4,8:10] [3:3,5:4,9:2] [5:6,6:1,7:8,9:4] bases {8} {1,4} {3,5} {7,9} J {0,2,6}
core 325: EX every (sumlev3,sumlev4): types [0:2,2:3,6:6,8:10] [1:2,4:7,7:4,8:10] [3:4,5:3,9:2] [5:4,6:3,7:8,9:6] bases {8} {1,4} {3,5} {7,9} J {0,2,6}
core 325: EX every (leximin): types [0:3,2:6,6:2,8:10] [1:3,4:6,7:2,8:10] [3:4,5:3,9:2] [5:6,6:3,7:4,9:8] bases {8} {1,4} {3,5} {7,9} J {0,2,6}
core 325: EX every (leximin): types [0:3,2:6,6:2,8:10] [1:2,4:3,7:6,8:10] [3:4,5:3,9:2] [5:2,6:10,7:3,9:6] bases {0,2} {8} {3,5} {6,9} J {1,4,7}
core 326: EX every (-frozen): types [0:2,2:6,7:10,8:3] [1:3,5:4,7:8,9:2] [3:8,6:1,8:6,9:4] [4:4,8:3,9:2] bases {0,2} {7} {3,6} {4,8} J {1,5,9}
core 326: EX every (-frozen): types [0:6,2:2,7:3,8:10] [1:2,5:3,7:4,9:8] [3:2,6:3,8:4,9:8] [4:3,8:4,9:2] bases {0} {9} {8} {4} J {1,2,3,5,6,7}
core 326: EX every (sumlev3,sumlev4): types [0:4,2:2,7:3,8:8] [1:7,5:4,7:2,9:10] [3:7,6:2,8:10,9:6] [4:2,8:4,9:3] bases {8} {1,5} {3,6} {4,9} J {0,2,7}
core 326: EX every (leximin): types [0:6,2:3,7:2,8:10] [1:5,5:6,7:4,9:8] [3:6,6:3,8:10,9:2] [4:2,8:4,9:3] bases {8} {1,5} {3,6} {4,9} J {0,2,7}
core 326: EX every (sumlev3,sumlev4): types [0:6,2:3,7:2,8:10] [1:5,5:6,7:4,9:8] [3:6,6:3,8:10,9:2] [4:2,8:4,9:3] bases {8} {1,5} {3,6} {4,9} J {0,2,7}
core 326: EX every (leximin): types [0:2,2:3,7:6,8:10] [1:8,5:4,7:3,9:10] [3:6,6:3,8:10,9:2] [4:2,8:3,9:4] bases {8} {1,5} {3,6} {4,9} J {0,2,7}
core 327: EX every (-frozen): types [0:3,2:8,7:6,9:10] [1:10,5:3,8:6,9:8] [3:3,6:8,8:6,9:10] [4:2,7:3,9:4] bases {0,2} {1,5} {3,6} {4,7} J {8,9}
core 327: EX every (-frozen): types [0:3,2:6,7:5,9:7] [1:5,5:6,8:8,9:4] [3:3,6:4,8:6,9:8] [4:4,7:3,9:2] bases {0,2} {1,5} {3,8} {4,7} J {6,9}
core 327: EX every (sumlev3,sumlev4): types [0:2,2:5,7:4,9:8] [1:8,5:4,8:3,9:10] [3:3,6:4,8:2,9:8] [4:2,7:4,9:3] bases {0,2} {1,5} {9} {4,7} J {3,6,8}
core 327: EX every (sumlev3,sumlev4): types [0:6,2:3,7:8,9:10] [1:5,5:4,8:2,9:8] [3:3,6:2,8:4,9:8] [4:4,7:2,9:3] bases {0,2} {1,5} {9} {4,7} J {3,6,8}
core 327: EX every (leximin): types [0:6,2:3,7:2,9:10] [1:4,5:6,8:3,9:8] [3:4,6:2,8:3,9:8] [4:3,7:4,9:2] bases {0,2} {1,5} {9} {4,7} J {3,6,8}
core 328: EX every (-frozen): types [0:8,2:4,7:10,8:3] [1:4,5:5,8:2,9:8] [3:6,6:4,8:8,9:3] [4:3,7:2,9:4] bases {0,2} {1,5} {3,6} {4,7} J {8,9}
core 328: EX every (-frozen): types [0:6,2:2,7:3,8:10] [1:3,5:6,8:10,9:8] [3:7,6:2,8:10,9:6] [4:3,7:4,9:2] bases {0,2} {1,5} {8} {4,7} J {3,6,9}
core 328: EX every (sumlev3,sumlev4): types [0:4,2:3,7:2,8:8] [1:2,5:5,8:8,9:4] [3:3,6:6,8:5,9:7] [4:4,7:2,9:3] bases {8} {1,5} {3,6} {4,9} J {0,2,7}
core 328: EX every (sumlev3,sumlev4): types [0:3,2:6,7:2,8:10] [1:3,5:4,8:8,9:6] [3:3,6:8,8:4,9:10] [4:3,7:2,9:4] bases {8} {1,5} {3,6} {4,9} J {0,2,7}
core 328: EX every (leximin): types [0:3,2:6,7:2,8:10] [1:2,5:3,8:10,9:6] [3:5,6:6,8:8,9:4] [4:4,7:3,9:2] bases {0,2} {8} {3,6} {4,7} J {1,5,9}
core 328: EX every (leximin): types [0:4,2:3,7:2,8:8] [1:3,5:4,8:8,9:2] [3:8,6:4,8:3,9:10] [4:4,7:2,9:3] bases {8} {1,5} {3,6} {4,9} J {0,2,7}
core 329: EX every (sumlev3,sumlev4): types [0:6,2:3,6:10,7:2] [1:5,5:2,8:8,9:4] [3:4,6:7,7:2,9:10] [4:2,8:3,9:4] bases {6} {1,8} {3,7} {9} J {0,2,4,5}
core 329: EX every (-frozen): types [0:6,2:3,6:10,7:2] [1:5,5:2,8:8,9:4] [3:4,6:7,7:2,9:10] [4:2,8:3,9:4] bases {6} {1,8} {3} {9} J {0,2,4,5,7}
core 329: EX every (-frozen): types [0:2,2:8,6:4,7:7] [1:3,5:4,8:2,9:8] [3:6,6:3,7:2,9:10] [4:2,8:3,9:4] bases {2} {1,5} {3,6} {9} J {0,4,7,8}
core 329: EX every (sumlev3,sumlev4): types [0:2,2:3,6:4,7:8] [1:3,5:2,8:8,9:4] [3:3,6:4,7:8,9:10] [4:3,8:2,9:4] bases {7} {1,8} {3,6} {9} J {0,2,4,5}
core 330: EX every (-frozen): types [0:1,2:8,6:6,8:4] [1:7,5:2,7:10,9:4] [3:3,6:7,7:5,9:6] [4:4,8:2,9:3] bases {0,2} {1,9} {3,6} {4,8} J {5,7}
core 330: EX every (-frozen): types [0:5,2:6,6:4,8:8] [1:3,5:6,7:10,9:8] [3:6,6:4,7:3,9:8] [4:3,8:4,9:2] bases {0,2} {1,7} {3,6} {4,8} J {5,9}
core 330: EX every (sumlev3,sumlev4): types [0:2,2:4,6:10,8:7] [1:2,5:3,7:4,9:8] [3:1,6:8,7:4,9:6] [4:2,8:3,9:4] bases {6} {9} {3,7} {4,8} J {0,1,2,5}
core 331: EX every (-frozen): types [0:6,2:3,6:2,8:10] [1:2,5:3,8:8,9:4] [3:8,6:2,7:3,9:4] [4:2,7:4,9:3] bases {0,2} {8} {3,6} {4,7} J {1,5,9}
core 331: EX every (-frozen): types [0:2,2:3,6:6,8:10] [1:4,5:2,8:8,9:3] [3:5,6:8,7:4,9:6] [4:2,7:3,9:4] bases {8} {1,5} {3,7} {4,9} J {0,2,6}
core 331: EX every (sumlev3,sumlev4): types [0:3,2:6,6:2,8:10] [1:5,5:2,8:8,9:4] [3:7,6:3,7:5,9:6] [4:4,7:2,9:3] bases {8} {1,5} {3,7} {4,9} J {0,2,6}
core 331: EX every (sumlev3,sumlev4): types [0:2,2:3,6:4,8:8] [1:2,5:7,8:10,9:4] [3:4,6:2,7:8,9:3] [4:3,7:2,9:4] bases {8} {1,5} {3,7} {4,9} J {0,2,6}
core 331: EX every (leximin): types [0:3,2:4,6:2,8:8] [1:6,5:3,8:10,9:2] [3:4,6:7,7:10,9:2] [4:3,7:4,9:2] bases {0,2} {8} {3,6} {4,7} J {1,5,9}
core 331: EX every (leximin): types [0:3,2:6,6:2,8:10] [1:3,5:4,8:8,9:2] [3:7,6:3,7:6,9:5] [4:4,7:2,9:3] bases {8} {1,5} {3,7} {4,9} J {0,2,6}
core 332: EX every (-frozen): types [0:2,2:6,6:3,9:10] [1:4,5:3,8:2,9:8] [3:8,6:10,7:3,8:4] [4:4,7:3,9:2] bases {0,2} {9} {3,6} {4,7} J {1,5,8}
core 332: EX every (-frozen): types [0:1,2:6,6:4,9:8] [1:6,5:2,8:3,9:10] [3:2,6:10,7:7,8:6] [4:2,7:4,9:3] bases {0,2} {9} {3,6} {4,7} J {1,5,8}
core 332: EX every (leximin): types [0:3,2:4,6:2,9:8] [1:2,5:3,8:4,9:8] [3:8,6:6,7:5,8:4] [4:3,7:4,9:2] bases {0,2} {9} {3,6} {4,7} J {1,5,8}
core 332: EX every (sumlev3,sumlev4): types [0:3,2:4,6:2,9:8] [1:2,5:3,8:4,9:8] [3:8,6:6,7:5,8:4] [4:3,7:4,9:2] bases {0,2} {9} {3,6} {4,7} J {1,5,8}
core 332: EX every (leximin): types [0:4,2:3,6:8,9:2] [1:6,5:4,8:3,9:8] [3:2,6:10,7:3,8:6] [4:4,7:2,9:3] bases {0,2} {1,5} {6} {4,9} J {3,7,8}
core 332: EX every (sumlev3,sumlev4): types [0:4,2:3,6:8,9:2] [1:6,5:4,8:3,9:8] [3:2,6:10,7:3,8:6] [4:4,7:2,9:3] bases {0,2} {1,5} {6} {4,9} J {3,7,8}
core 333: EX every (-frozen): types [0:4,2:6,6:8,9:3] [1:10,5:2,8:7,9:6] [3:7,6:8,7:2,9:4] [4:4,7:2,8:3] bases {0,2} {1,5} {3,7} {4,8} J {6,9}
core 333: EX every (-frozen): types [0:5,2:6,6:4,9:8] [1:8,5:3,8:6,9:10] [3:4,6:6,7:8,9:1] [4:2,7:4,8:3] bases {0,2} {1,5} {7,9} {4,8} J {3,6}
core 333: EX every (sumlev3,sumlev4): types [0:3,2:6,6:2,9:10] [1:7,5:2,8:6,9:10] [3:3,6:2,7:4,9:8] [4:4,7:2,8:3] bases {0,2} {1,5} {9} {4,8} J {3,6,7}
core 333: EX every (leximin): types [0:4,2:3,6:2,9:8] [1:2,5:3,8:4,9:8] [3:3,6:10,7:6,9:8] [4:4,7:3,8:2] bases {0,2} {9} {3,6} {4,7} J {1,5,8}
core 333: EX every (sumlev3,sumlev4): types [0:4,2:3,6:2,9:8] [1:2,5:3,8:4,9:8] [3:3,6:10,7:6,9:8] [4:4,7:3,8:2] bases {0,2} {9} {3,6} {4,7} J {1,5,8}
core 333: EX every (leximin): types [0:6,2:3,6:2,9:10] [1:4,5:3,8:2,9:8] [3:6,6:3,7:2,9:10] [4:4,7:2,8:3] bases {0,2} {1,5} {9} {4,8} J {3,6,7}
core 334: EX every (-frozen): types [0:8,2:4,8:3,9:10] [1:2,5:7,8:4,9:8] [3:3,6:6,7:10,9:8] [4:3,6:2,7:4] bases {0,2} {1,5} {3,7} {4,6} J {8,9}
core 334: EX every (-frozen): types [0:3,2:5,8:6,9:7] [1:1,5:6,8:4,9:8] [3:2,6:7,7:10,9:4] [4:2,6:4,7:3] bases {0,2} {1,9} {3,7} {4,6} J {5,8}
core 334: EX every (sumlev3,sumlev4): types [0:4,2:3,8:2,9:8] [1:3,5:2,8:4,9:8] [3:2,6:7,7:6,9:10] [4:3,6:2,7:4] bases {0,2} {9} {3,6} {4,7} J {1,5,8}
core 334: EX every (sumlev3,sumlev4): types [0:4,2:3,8:2,9:8] [1:4,5:2,8:3,9:8] [3:7,6:2,7:4,9:10] [4:3,6:2,7:4] bases {0,2} {9} {3,6} {4,7} J {1,5,8}
core 334: EX every (leximin): types [0:3,2:6,8:2,9:10] [1:4,5:5,8:2,9:8] [3:3,6:2,7:4,9:8] [4:4,6:3,7:2] bases {9} {1,5} {3,7} {4,6} J {0,2,8}
core 335: EX every (-frozen): types [0:4,2:3,5:8,6:2] [1:2,5:8,7:4,8:3] [3:4,6:8,7:6,9:5] [4:4,8:2,9:3] bases {0,2} {5} {3,6} {4,9} J {1,7,8}
core 335: EX every (-frozen): types [0:2,2:6,5:3,6:10] [1:8,5:10,7:6,8:3] [3:4,6:8,7:2,9:3] [4:4,8:2,9:3] bases {0,2} {1,5} {6} {4,8} J {3,7,9}
core 335: EX every (sumlev3,sumlev4): types [0:2,2:3,5:10,6:6] [1:4,5:5,7:8,8:2] [3:4,6:3,7:10,9:8] [4:2,8:4,9:3] bases {5} {1} {7} {8,9} J {0,2,3,4,6}
core 335: EX every (leximin): types [0:6,2:3,5:2,6:10] [1:4,5:8,7:3,8:2] [3:3,6:8,7:4,9:2] [4:3,8:4,9:2] bases {0,2} {1,5} {6} {4,8} J {3,7,9}
core 335: EX every (sumlev3,sumlev4): types [0:6,2:3,5:2,6:10] [1:4,5:8,7:3,8:2] [3:3,6:8,7:4,9:2] [4:3,8:4,9:2] bases {0,2} {1,5} {6} {4,8} J {3,7,9}
core 335: EX every (leximin): types [0:6,2:3,5:10,6:2] [1:2,5:8,7:4,8:3] [3:6,6:7,7:2,9:10] [4:3,8:2,9:4] bases {0,2} {5} {3,6} {4,9} J {1,7,8}
core 336: EX every (-frozen): types [0:4,2:5,5:6,8:8] [1:2,5:10,7:7,8:4] [3:4,6:10,7:3,9:8] [4:4,6:3,9:2] bases {0,2} {7,8} {3,6} {4,9} J {1,5}
core 336: EX every (-frozen): types [0:5,2:6,5:4,8:8] [1:6,5:4,7:8,8:1] [3:8,6:4,7:3,9:2] [4:2,6:3,9:4] bases {0,2} {7,8} {3,6} {4,9} J {1,5}
core 337: EX every (-frozen): types [0:7,2:3,5:6,9:5] [1:3,5:5,7:6,8:7] [3:4,6:10,7:3,8:8] [4:3,6:4,9:2] bases {0} {1,5} {7,8} {4,9} J {2,3,6}
core 337: EX every (-frozen): types [0:3,2:10,5:6,9:8] [1:6,5:7,7:2,8:10] [3:6,6:4,7:8,8:3] [4:3,6:2,9:4] bases {0,2} {7,8} {3,6} {4,9} J {1,5}
core 337: EX every (sumlev3,sumlev4): types [0:3,2:4,5:8,9:6] [1:4,5:8,7:3,8:2] [3:8,6:5,7:2,8:4] [4:4,6:2,9:3] bases {0,2} {5} {3,6} {4,9} J {1,7,8}
core 338: EX every (-frozen): types [0:5,2:4,7:2,9:8] [1:6,5:2,8:7,9:10] [3:5,6:3,8:6,10:7] [4:4,7:3,10:2] bases {0,2} {5,9} {3,6} {4} J {1,7,8,10}
core 338: EX every (-frozen): types [0:7,2:4,7:10,9:2] [1:8,5:1,8:6,9:4] [3:3,6:10,8:8,10:6] [4:3,7:4,10:2] bases {0,2} {1,5} {3,6} {4,7} J {8,9,10}
core 338: EX every (leximin): types [0:3,2:4,7:2,9:8] [1:2,5:4,8:3,9:8] [3:6,6:4,8:3,10:8] [4:3,7:4,10:2] bases {0,2} {9} {3,10} {4,7} J {1,5,6,8}
core 338: EX every (sumlev3,sumlev4): types [0:3,2:4,7:2,9:8] [1:2,5:4,8:3,9:8] [3:6,6:4,8:3,10:8] [4:3,7:4,10:2] bases {0,2} {9} {3,10} {4,7} J {1,5,6,8}
core 338: EX every (sumlev3,sumlev4): types [0:6,2:2,7:10,9:3] [1:2,5:4,8:8,9:3] [3:2,6:7,8:10,10:6] [4:4,7:3,10:2] bases {0,7} {8} {3,6} {4,10} J {1,2,5,9}
core 338: EX every (leximin): types [0:1,2:8,7:6,9:4] [1:3,5:4,8:8,9:2] [3:2,6:6,8:10,10:3] [4:3,7:4,10:2] bases {2,9} {1,5} {8} {4,7} J {0,3,6,10}
FILE results/k4_certs_4_n4_3.json.gz cores 339 profiles 1695000 valid 80077904 tested 54649578 nocomp 0 ronone 0 ronone_any 0 paretomax 0 paretofail 0
  (-frozen,-rodef)                 every-max fails            0   some-max fails            0
  (leximin)                        every-max fails           78   some-max fails            5
  (sumlev3,sumlev4)                every-max fails          604   some-max fails            0
  (-frozen)                        every-max fails        23942   some-max fails            0
core 5: EX every (-frozen): types [0:3,1:4,4:8,5:6] [2:8,3:2,4:4,5:7] [2:6,3:3,4:4,5:8] [2:7,3:2,4:4,5:8] bases {5} {2} {3} {4} J {0,1}
core 8: EX every (-frozen): types [0:4,1:2,4:5,5:8] [1:1,3:8,4:6,5:4] [2:2,3:4,4:8,5:3] [2:1,3:8,4:6,5:4] bases {4} {1} {3} {5} J {0,2}
core 21: EX every (-frozen): types [0:3,1:6,2:5,6:7] [2:1,4:6,5:4,6:8] [3:3,4:8,5:4,6:2] [3:4,4:7,5:2,6:8] bases {6} {4} {5} {3} J {0,1,2}
core 21: EX every (-frozen): types [0:2,1:4,2:7,6:10] [2:8,4:3,5:6,6:10] [3:8,4:2,5:4,6:7] [3:10,4:3,5:2,6:6] bases {6} {2} {3} {4,5} J {0,1}
core 23: EX every (-frozen): types [0:6,1:3,5:8,6:10] [2:2,3:4,5:8,6:7] [2:2,4:8,5:5,6:4] [3:4,4:8,5:6,6:5] bases {5} {3} {4} {6} J {0,1,2}
core 24: EX every (-frozen): types [0:2,1:6,5:10,6:7] [2:1,3:6,4:8,6:4] [2:6,4:2,5:7,6:10] [3:3,4:2,5:4,6:8] bases {6} {2,4} {5} {3} J {0,1}
core 24: EX every (-frozen): types [0:2,1:4,5:7,6:8] [2:2,3:8,4:4,6:7] [2:3,4:2,5:4,6:8] [3:8,4:4,5:7,6:2] bases {6} {2,4} {5} {3} J {0,1}
core 26: EX every (-frozen): types [0:6,2:3,5:8,6:10] [1:4,4:1,5:8,6:6] [3:8,4:4,5:2,6:3] [3:2,4:3,5:8,6:4] bases {5} {1} {3,4} {6} J {0,2}
core 26: EX every (-frozen): types [0:6,2:3,5:10,6:8] [1:4,4:2,5:7,6:8] [3:8,4:3,5:4,6:6] [3:8,4:2,5:4,6:7] bases {6} {1} {3} {5} J {0,2,4}
core 30: EX every (-frozen): types [0:2,3:6,4:7,6:10] [1:4,3:2,5:8,6:7] [2:2,4:8,5:7,6:4] [3:3,4:8,5:6,6:4] bases {4} {1} {5} {6} J {0,2,3}
core 31: EX every (-frozen): types [0:4,2:1,3:8,5:6] [1:4,2:3,4:10,6:8] [3:4,4:6,5:8,6:3] [3:7,4:3,5:6,6:5] bases {0,2} {1,6} {5} {3} J {4}
core 31: EX every (-frozen): types [0:3,2:4,3:10,5:8] [1:1,2:6,4:8,6:4] [3:2,4:6,5:3,6:10] [3:5,4:6,5:3,6:7] bases {0,5} {1,2} {4} {6} J {3}
core 33: EX every (-frozen): types [0:3,2:4,4:10,6:8] [1:2,3:8,5:7,6:4] [2:3,4:4,5:2,6:8] [3:5,4:8,5:4,6:6] bases {0,2} {1,3} {4} {6} J {5}
core 33: EX every (-frozen): types [0:4,2:1,4:8,6:6] [1:4,3:2,5:5,6:8] [2:2,4:10,5:6,6:7] [3:3,4:8,5:6,6:10] bases {0,2} {1,3} {6} {4} J {5}
core 34: EX every (-frozen): types [0:2,2:4,5:3,6:8] [1:4,4:2,5:10,6:7] [2:4,3:6,5:8,6:1] [3:7,4:2,5:4,6:8] bases {0,2} {1,4} {5} {6} J {3}
core 34: EX every (-frozen): types [0:2,2:5,5:8,6:4] [1:2,4:4,5:7,6:10] [2:4,3:6,5:3,6:8] [3:6,4:2,5:7,6:10] bases {0,2} {1,4} {6} {5} J {3}
core 35: EX every (-frozen): types [0:3,2:2,5:10,6:6] [1:6,4:2,5:3,6:10] [2:6,3:3,4:5,6:7] [3:4,4:2,5:8,6:7] bases {0} {1} {6} {5} J {2,3,4}
core 35: EX every (-frozen): types [0:4,2:2,5:7,6:10] [1:2,4:7,5:10,6:4] [2:3,3:5,4:6,6:7] [3:6,4:3,5:8,6:10] bases {0} {1,4} {6} {5} J {2,3}
core 36: EX every (-frozen): types [0:6,2:5,3:3,4:7] [1:6,3:2,5:7,6:10] [2:4,4:2,5:8,6:7] [3:3,4:2,5:10,6:6] bases {0,3} {5} {2,4} {6} J {1}
core 36: EX every (leximin): types [0:5,2:8,3:4,4:2] [1:4,3:8,5:2,6:3] [2:8,4:1,5:4,6:6] [3:8,4:6,5:4,6:3] bases {0,4} {1,6} {2} {3} J {5}
core 36: EX some (leximin): types [0:5,2:8,3:4,4:2] [1:4,3:8,5:2,6:3] [2:8,4:1,5:4,6:6] [3:8,4:6,5:4,6:3] bases {0,4} {1,6} {2} {3} J {5}
core 36: EX every (-frozen): types [0:4,2:2,3:5,4:8] [1:6,3:3,5:8,6:10] [2:3,4:4,5:10,6:8] [3:3,4:2,5:8,6:4] bases {0,3} {5} {2,4} {6} J {1}
core 37: EX every (-frozen): types [0:5,3:4,4:6,6:8] [1:4,3:8,5:3,6:6] [2:3,4:10,5:6,6:8] [2:1,4:6,5:4,6:8] bases {4} {3} {6} {2,5} J {0,1}
core 37: EX every (-frozen): types [0:4,3:3,4:2,6:8] [1:3,3:6,5:10,6:8] [2:3,4:4,5:10,6:8] [2:2,4:3,5:4,6:8] bases {0} {6} {2,4} {5} J {1,3}
core 38: EX every (-frozen): types [0:4,4:2,5:8,6:7] [1:2,4:3,5:4,6:8] [2:4,3:5,5:8,6:6] [2:5,3:8,5:2,6:4] bases {0} {5} {6} {2,3} J {1,4}
core 38: EX every (-frozen): types [0:2,4:3,5:8,6:4] [1:6,4:3,5:8,6:10] [2:4,3:3,5:2,6:8] [2:2,3:6,5:10,6:7] bases {4} {5} {2,3} {6} J {0,1}
core 39: EX every (-frozen): types [0:3,4:4,5:10,6:8] [1:3,4:6,5:8,6:10] [2:6,3:10,4:3,6:2] [2:2,3:4,5:8,6:5] bases {4} {5} {2,3} {6} J {0,1}
core 39: EX every (-frozen): types [0:2,4:4,5:8,6:7] [1:6,4:4,5:5,6:8] [2:2,3:4,4:5,6:8] [2:2,3:4,5:10,6:7] bases {5} {6} {4} {2,3} J {0,1}
core 40: EX every (leximin): types [0:1,3:8,5:4,6:6] [1:3,4:8,5:4,6:2] [2:3,3:8,4:4,5:6] [2:2,3:4,4:8,6:7] bases {0,6} {1,5} {3} {4} J {2}
core 40: EX some (leximin): types [0:1,3:8,5:4,6:6] [1:3,4:8,5:4,6:2] [2:3,3:8,4:4,5:6] [2:2,3:4,4:8,6:7] bases {0,6} {1,5} {3} {4} J {2}
core 41: EX every (-frozen): types [0:4,1:6,2:1,6:8] [1:4,2:2,5:8,6:5] [3:3,4:4,5:10,6:8] [3:3,4:4,5:6,6:8] bases {1} {6} {3,4} {5} J {0,2}
core 41: EX every (-frozen): types [0:3,1:6,2:8,6:10] [1:2,2:3,5:4,6:8] [3:4,4:2,5:7,6:8] [3:6,4:3,5:10,6:8] bases {0,1} {5} {3,4} {6} J {2}
core 42: EX every (-frozen): types [0:6,1:8,2:5,6:4] [1:3,2:4,4:8,5:10] [3:4,4:7,5:8,6:2] [3:3,4:8,5:6,6:4] bases {0,6} {1,2} {4} {5} J {3}
core 42: EX every (-frozen): types [0:2,1:8,2:3,6:4] [1:3,2:6,4:8,5:10] [3:3,4:10,5:8,6:6] [3:1,4:6,5:8,6:4] bases {1} {4} {5} {3,6} J {0,2}
core 45: EX every (-frozen): types [0:2,1:10,4:7,5:4] [1:8,4:6,5:1,6:4] [2:4,3:2,4:8,6:3] [2:4,3:6,5:8,6:5] bases {1} {4} {2} {3,6} J {0,5}
core 45: EX every (leximin): types [0:3,1:6,4:10,5:2] [1:7,4:2,5:8,6:4] [2:2,3:4,4:8,6:7] [2:4,3:3,5:8,6:2] bases {0,1} {5} {4} {2,3} J {6}
core 45: EX some (leximin): types [0:3,1:6,4:10,5:2] [1:7,4:2,5:8,6:4] [2:2,3:4,4:8,6:7] [2:4,3:3,5:8,6:2] bases {0,1} {5} {4} {2,3} J {6}
core 46: EX every (leximin): types [0:3,2:6,3:2,6:10] [1:8,2:3,5:10,6:6] [1:4,4:7,5:2,6:10] [3:1,4:6,5:8,6:4] bases {0,2} {5} {6} {3,4} J {1}
core 46: EX some (leximin): types [0:3,2:6,3:2,6:10] [1:8,2:3,5:10,6:6] [1:4,4:7,5:2,6:10] [3:1,4:6,5:8,6:4] bases {0,2} {5} {6} {3,4} J {1}
core 46: EX every (-frozen): types [0:6,2:3,3:2,6:10] [1:3,2:2,5:8,6:4] [1:4,4:2,5:5,6:8] [3:3,4:2,5:8,6:4] bases {0,2} {6} {5} {3,4} J {1}
core 47: EX every (-frozen): types [0:2,2:6,3:3,6:10] [1:4,2:6,4:1,5:8] [1:6,4:3,5:10,6:8] [3:4,4:2,5:7,6:8] bases {0,2} {5} {6} {3,4} J {1}
core 47: EX every (-frozen): types [0:3,2:8,3:4,6:10] [1:4,2:5,4:2,5:8] [1:1,4:4,5:6,6:8] [3:4,4:1,5:6,6:8] bases {6} {2} {1,4} {5} J {0,3}
core 48: EX every (-frozen): types [0:4,2:1,5:8,6:6] [1:4,2:2,3:7,6:8] [1:3,4:6,5:2,6:10] [3:8,4:3,5:10,6:6] bases {0,2} {6} {1,4} {5} J {3}
core 48: EX every (-frozen): types [0:4,2:1,5:8,6:6] [1:6,2:3,3:4,6:8] [1:2,4:3,5:10,6:6] [3:4,4:2,5:8,6:7] bases {0,2} {6} {5} {3,4} J {1}
core 49: EX every (-frozen): types [0:1,2:4,5:6,6:8] [1:4,2:6,3:5,4:8] [1:4,4:2,5:7,6:8] [3:2,4:4,5:8,6:5] bases {0,2} {1,3} {5} {6} J {4}
core 49: EX every (-frozen): types [0:6,2:2,5:10,6:3] [1:10,2:2,3:4,4:7] [1:6,4:3,5:8,6:10] [3:1,4:4,5:6,6:8] bases {0,2} {3,4} {5} {6} J {1}
core 50: EX every (-frozen): types [0:2,4:3,5:10,6:6] [1:2,2:3,3:10,6:6] [1:2,3:3,5:8,6:4] [2:6,4:3,5:8,6:10] bases {4} {1,3} {6} {5} J {0,2}
core 50: EX every (-frozen): types [0:2,4:3,5:6,6:10] [1:4,2:7,3:2,6:8] [1:4,3:3,5:8,6:10] [2:5,4:6,5:8,6:4] bases {0,4} {6} {1,3} {5} J {2}
core 51: EX every (-frozen): types [0:2,4:7,5:10,6:4] [1:7,2:4,3:10,6:2] [1:7,3:4,4:10,5:2] [2:4,4:7,5:10,6:2] bases {0,6} {1,2} {4} {5} J {3}
core 52: EX every (-frozen): types [0:4,4:7,5:10,6:2] [1:4,2:3,4:8,5:10] [1:6,3:3,4:10,6:2] [2:8,3:3,5:10,6:4] bases {0,6} {4} {1,3} {5} J {2}
core 52: EX every (-frozen): types [0:2,4:4,5:7,6:10] [1:3,2:4,4:2,5:8] [1:4,3:6,4:5,6:8] [2:2,3:3,5:6,6:10] bases {0,4} {2} {6} {5} J {1,3}
core 53: EX every (-frozen): types [0:8,1:10,2:3,3:4] [0:2,2:4,5:5,6:8] [1:1,4:4,5:8,6:6] [3:2,4:4,5:8,6:7] bases {0,2} {5} {4} {6} J {1,3}
core 53: EX every (-frozen): types [0:6,1:2,2:10,3:7] [0:4,2:5,5:6,6:8] [1:2,4:3,5:8,6:4] [3:2,4:3,5:6,6:10] bases {2} {5} {6} {3,4} J {0,1}
core 61: EX every (-frozen): types [0:2,1:6,2:10,3:7] [2:4,3:8,6:10,7:3] [4:3,5:4,6:8,7:10] [4:4,5:2,6:7,7:10] bases {0,2} {6} {4,5} {7} J {1,3}
core 61: EX every (-frozen): types [0:2,1:7,2:10,3:4] [2:3,3:5,6:7,7:6] [4:3,5:2,6:4,7:8] [4:4,5:3,6:10,7:8] bases {2} {7} {6} {4,5} J {0,1,3}
core 62: EX every (sumlev3,sumlev4): types [0:4,1:3,3:2,4:8] [2:3,3:4,6:8,7:10] [2:4,5:1,6:8,7:6] [4:6,5:5,6:3,7:7] bases {4} {7} {2,6} {5} J {0,1,3}
core 62: EX every (-frozen): types [0:4,1:3,3:2,4:8] [2:3,3:4,6:8,7:10] [2:4,5:1,6:8,7:6] [4:6,5:5,6:3,7:7] bases {4} {7} {2,6} {5} J {0,1,3}
core 63: EX every (-frozen): types [0:3,1:2,3:4,7:8] [2:5,3:3,4:6,7:7] [2:2,5:4,6:8,7:7] [4:4,5:1,6:8,7:6] bases {0,1} {7} {5} {6} J {2,3,4}
core 64: EX every (-frozen): types [0:4,1:2,3:3,7:8] [2:4,3:7,4:10,6:2] [2:1,5:8,6:4,7:6] [4:4,5:8,6:2,7:7] bases {7} {2,3} {5} {4,6} J {0,1}
core 64: EX every (-frozen): types [0:3,1:2,3:10,7:6] [2:3,3:6,4:8,6:4] [2:3,5:2,6:8,7:4] [4:10,5:4,6:7,7:2] bases {3} {4} {6} {5,7} J {0,1,2}
core 65: EX every (-frozen): types [0:2,1:4,5:3,7:8] [2:8,3:3,4:10,6:6] [2:4,3:1,6:8,7:6] [4:4,5:3,6:10,7:8] bases {7} {4} {2,3} {6} J {0,1,5}
core 66: EX every (-frozen): types [0:6,1:1,6:4,7:8] [2:5,3:4,4:2,5:8] [2:6,3:2,6:7,7:10] [4:2,5:7,6:6,7:10] bases {7} {2,3} {6} {4,5} J {0,1}
core 66: EX every (-frozen): types [0:2,1:4,6:8,7:7] [2:6,3:10,4:8,5:3] [2:3,3:6,6:8,7:10] [4:4,5:2,6:8,7:7] bases {0,1} {3,5} {6} {7} J {2,4}
core 67: EX every (-frozen): types [0:2,1:6,6:10,7:3] [2:6,3:3,5:2,6:10] [2:3,4:2,5:6,7:10] [3:6,4:3,6:8,7:10] bases {0,1} {2,5} {7} {6} J {3,4}
core 67: EX every (-frozen): types [0:5,1:4,6:6,7:8] [2:7,3:3,5:6,6:5] [2:4,4:2,5:3,7:8] [3:3,4:6,6:2,7:10] bases {7} {3,6} {2,5} {4} J {0,1}
core 68: EX every (-frozen): types [0:7,2:2,6:10,7:4] [1:2,3:3,6:6,7:10] [4:4,5:5,6:8,7:2] [4:6,5:2,6:7,7:10] bases {0,2} {1,3} {6} {7} J {4,5}
core 68: EX every (-frozen): types [0:1,2:4,6:8,7:6] [1:3,3:2,6:4,7:8] [4:4,5:8,6:6,7:1] [4:4,5:2,6:10,7:7] bases {0,2} {6} {4,5} {7} J {1,3}
core 69: EX every (-frozen): types [0:4,2:1,5:8,7:6] [1:2,3:4,6:3,7:8] [4:6,5:3,6:5,7:7] [4:2,5:10,6:4,7:7] bases {0,2} {1,3} {7} {5} J {4,6}
core 69: EX every (-frozen): types [0:6,2:2,5:10,7:3] [1:6,3:2,6:10,7:3] [4:6,5:7,6:10,7:2] [4:3,5:10,6:6,7:2] bases {0,2} {1,3} {5} {6} J {4,7}
core 70: EX every (-frozen): types [0:2,2:7,4:10,6:6] [1:2,3:4,5:8,7:7] [4:6,5:3,6:4,7:8] [4:3,5:10,6:4,7:8] bases {0,4} {1,3} {7} {5} J {2,6}
core 70: EX every (-frozen): types [0:4,2:2,4:7,6:10] [1:4,3:1,5:6,7:8] [4:7,5:8,6:2,7:4] [4:2,5:6,6:3,7:10] bases {0,4} {1,3} {5} {7} J {2,6}
core 71: EX every (-frozen): types [0:6,2:3,6:8,7:10] [1:4,5:3,6:10,7:8] [3:2,5:10,6:7,7:6] [4:2,5:10,6:6,7:3] bases {6} {1} {5} {7} J {0,2,3,4}
core 71: EX every (-frozen): types [0:3,2:6,6:8,7:10] [1:3,5:2,6:8,7:4] [3:2,5:10,6:6,7:3] [4:4,5:2,6:10,7:7] bases {6} {7} {3,5} {4} J {0,1,2}
core 72: EX every (-frozen): types [0:3,2:2,4:10,7:6] [1:6,5:8,6:3,7:10] [3:2,5:6,6:7,7:10] [4:10,5:3,6:2,7:6] bases {0,2} {7} {3,6} {4} J {1,5}
core 72: EX every (-frozen): types [0:5,2:4,4:6,7:8] [1:3,5:8,6:4,7:10] [3:4,5:8,6:1,7:6] [4:2,5:7,6:4,7:10] bases {7} {5} {3} {6} J {0,1,2,4}
core 73: EX every (-frozen): types [0:6,2:2,6:10,7:7] [1:3,4:4,6:6,7:8] [3:7,5:2,6:10,7:6] [4:3,5:2,6:4,7:8] bases {0,2} {6} {3,5} {7} J {1,4}
core 73: EX every (-frozen): types [0:2,2:4,6:8,7:5] [1:6,4:2,6:3,7:10] [3:4,5:3,6:8,7:10] [4:2,5:3,6:10,7:6] bases {7} {1,4} {3,5} {6} J {0,2}
core 74: EX every (-frozen): types [0:3,2:6,6:2,7:10] [1:4,4:2,5:7,7:10] [3:3,5:8,6:4,7:6] [4:2,5:10,6:3,7:6] bases {0,2} {1,4} {7} {5} J {3,6}
core 74: EX every (-frozen): types [0:4,2:3,6:6,7:8] [1:3,4:4,5:10,7:8] [3:4,5:8,6:3,7:6] [4:4,5:7,6:2,7:8] bases {0,2} {1,4} {7} {5} J {3,6}
core 75: EX every (-frozen): types [0:4,2:2,4:5,5:8] [1:3,4:6,6:2,7:10] [3:2,5:8,6:4,7:5] [4:3,5:8,6:6,7:10] bases {0,2} {1,4} {7} {5} J {3,6}
core 76: EX every (-frozen): types [0:4,2:3,3:2,7:8] [1:3,3:4,6:8,7:6] [4:3,5:4,6:2,7:8] [4:4,5:3,6:8,7:2] bases {0,2} {7} {4,5} {6} J {1,3}
core 76: EX every (-frozen): types [0:3,2:2,3:6,7:10] [1:2,3:4,6:10,7:7] [4:2,5:3,6:10,7:6] [4:3,5:8,6:10,7:4] bases {7} {3} {4,5} {6} J {0,1,2}
core 76: EX every (sumlev3,sumlev4): types [0:2,2:3,3:4,7:8] [1:3,3:4,6:10,7:8] [4:6,5:7,6:5,7:3] [4:6,5:4,6:8,7:3] bases {7} {1,3} {4,5} {6} J {0,2}
core 76: EX every (sumlev3,sumlev4): types [0:3,2:6,3:2,7:10] [1:4,3:3,6:10,7:8] [4:2,5:8,6:4,7:7] [4:2,5:7,6:8,7:4] bases {7} {1,3} {4,5} {6} J {0,2}
core 79: EX every (-frozen): types [0:4,2:2,3:3,7:8] [1:4,5:8,6:1,7:6] [3:6,4:7,5:2,6:10] [4:5,5:7,6:3,7:6] bases {7} {1} {4,6} {5} J {0,2,3}
core 79: EX every (-frozen): types [0:6,2:4,3:5,7:8] [1:4,5:3,6:2,7:8] [3:8,4:4,5:7,6:2] [4:6,5:3,6:2,7:10] bases {7} {1} {3,6} {4,5} J {0,2}
core 80: EX every (-frozen): types [0:3,2:5,4:6,7:7] [1:4,3:2,6:3,7:8] [3:10,5:2,6:4,7:7] [4:2,5:4,6:3,7:8] bases {7} {1} {3,6} {5} J {0,2,4}
core 80: EX every (-frozen): types [0:4,2:1,4:6,7:8] [1:3,3:2,6:10,7:6] [3:3,5:4,6:6,7:8] [4:5,5:3,6:7,7:6] bases {0,4} {1,3} {6} {7} J {2,5}
core 81: EX every (-frozen): types [0:3,2:4,4:2,7:8] [1:3,3:4,5:8,6:2] [3:2,5:4,6:3,7:8] [4:4,5:8,6:2,7:5] bases {2} {1,3} {5} {7} J {0,4,6}
core 81: EX every (-frozen): types [0:6,2:3,4:8,7:10] [1:1,3:4,5:8,6:6] [3:4,5:8,6:7,7:2] [4:3,5:10,6:8,7:6] bases {2,4} {1,3} {5} {6} J {0,7}
core 81: EX every (sumlev3,sumlev4): types [0:3,2:4,4:2,7:8] [1:6,3:3,5:8,6:10] [3:7,5:8,6:4,7:2] [4:6,5:3,6:10,7:8] bases {7} {6} {3,5} {4} J {0,1,2}
core 82: EX every (-frozen): types [0:2,2:4,6:3,7:8] [1:5,3:3,4:6,7:7] [3:2,5:8,6:4,7:7] [4:4,5:10,6:2,7:7] bases {2} {7} {5} {4,6} J {0,1,3}
core 82: EX every (-frozen): types [0:4,2:2,6:7,7:8] [1:4,3:2,4:7,7:10] [3:2,5:3,6:10,7:6] [4:5,5:4,6:6,7:8] bases {0,2} {7} {3,5} {6} J {1,4}
core 83: EX every (-frozen): types [0:3,2:4,6:10,7:8] [1:3,3:10,4:4,5:8] [3:5,5:4,6:8,7:6] [4:6,5:1,6:4,7:8] bases {0,2} {1,5} {6} {7} J {3,4}
core 83: EX every (-frozen): types [0:2,2:3,6:10,7:6] [1:6,3:1,4:8,5:4] [3:2,5:4,6:10,7:7] [4:6,5:5,6:4,7:8] bases {0,2} {3,4} {6} {7} J {1,5}
core 84: EX every (-frozen): types [0:3,2:6,6:10,7:8] [1:3,3:2,6:6,7:10] [3:6,4:10,5:3,7:2] [4:4,5:2,6:7,7:8] bases {7} {1,3} {4,5} {6} J {0,2}
core 84: EX every (-frozen): types [0:6,2:3,6:10,7:8] [1:1,3:4,6:6,7:8] [3:2,4:6,5:3,7:10] [4:4,5:3,6:6,7:8] bases {0,2} {1,3} {7} {6} J {4,5}
core 85: EX every (-frozen): types [0:6,2:2,6:3,7:10] [1:2,3:3,5:8,7:4] [3:2,4:8,5:7,6:4] [4:8,5:1,6:4,7:6] bases {7} {3,5} {4} {6} J {0,1,2}
core 85: EX every (-frozen): types [0:4,2:2,6:8,7:7] [1:6,3:3,5:8,7:10] [3:2,4:4,5:7,6:10] [4:4,5:3,6:10,7:8] bases {0,2} {1,3} {6} {7} J {4,5}
core 86: EX every (-frozen): types [0:6,2:5,5:8,6:4] [1:4,5:8,6:3,7:2] [3:4,4:2,5:10,7:7] [3:10,4:4,6:3,7:8] bases {5} {1,6} {4,7} {3} J {0,2}
core 86: EX every (-frozen): types [0:6,2:2,5:10,6:7] [1:2,5:3,6:10,7:6] [3:5,4:2,5:8,7:4] [3:3,4:2,6:8,7:4] bases {6} {1,7} {5} {3,4} J {0,2}
core 87: EX every (-frozen): types [0:4,4:2,6:10,7:7] [1:2,4:4,6:8,7:5] [2:3,5:6,6:8,7:10] [3:2,5:5,6:4,7:8] bases {0} {7} {6} {3,5} J {1,2,4}
core 87: EX every (-frozen): types [0:2,4:4,6:5,7:8] [1:1,4:4,6:8,7:6] [2:4,5:6,6:1,7:8] [3:2,5:4,6:8,7:3] bases {6} {1,4} {7} {3,5} J {0,2}
core 88: EX every (-frozen): types [0:2,4:3,5:8,7:4] [1:4,4:2,6:7,7:10] [2:4,5:6,6:1,7:8] [3:2,5:5,6:4,7:8] bases {7} {1,6} {2} {5} J {0,3,4}
core 88: EX every (-frozen): types [0:3,4:6,5:8,7:10] [1:6,4:2,6:10,7:3] [2:4,5:8,6:5,7:6] [3:3,5:8,6:2,7:4] bases {5} {1,6} {7} {3} J {0,2,4}
core 90: EX every (-frozen): types [0:2,3:4,4:7,7:8] [1:6,3:5,6:8,7:4] [2:3,5:8,6:2,7:4] [4:4,5:10,6:2,7:7] bases {0,4} {1,3} {2,6} {5} J {7}
core 90: EX every (-frozen): types [0:2,3:7,4:10,7:6] [1:4,3:3,6:8,7:6] [2:4,5:2,6:7,7:10] [4:4,5:3,6:8,7:10] bases {0,4} {7} {2,5} {6} J {1,3}
core 91: EX every (-frozen): types [0:2,3:7,4:10,7:6] [1:3,3:6,5:10,6:2] [2:8,5:6,6:10,7:3] [4:4,5:8,6:2,7:7] bases {0,4} {1,3} {2,6} {5} J {7}
core 91: EX every (-frozen): types [0:7,3:2,4:4,7:10] [1:7,3:2,5:10,6:6] [2:2,5:7,6:10,7:4] [4:4,5:5,6:8,7:2] bases {0,4} {1,3} {6} {5} J {2,7}
core 92: EX every (-frozen): types [0:4,3:5,5:6,6:8] [1:2,4:10,5:4,7:7] [2:4,4:8,6:2,7:7] [3:3,5:2,6:4,7:8] bases {3,5} {4} {7} {6} J {0,1,2}
core 92: EX every (-frozen): types [0:4,3:2,5:3,6:8] [1:2,4:7,5:4,7:10] [2:6,4:5,6:8,7:4] [3:6,5:2,6:10,7:3] bases {0} {1,7} {6} {3,5} J {2,4}
core 93: EX every (-frozen): types [0:8,3:4,4:3,7:10] [1:4,5:1,6:8,7:6] [2:6,5:3,6:8,7:10] [3:2,4:4,6:10,7:7] bases {7} {1} {6} {4} J {0,2,3,5}
core 93: EX every (-frozen): types [0:10,3:6,4:8,7:3] [1:1,5:6,6:8,7:4] [2:8,5:6,6:10,7:3] [3:2,4:6,6:10,7:3] bases {0,7} {1,5} {6} {3,4} J {2}
core 93: EX every (sumlev3,sumlev4): types [0:2,3:3,4:4,7:8] [1:6,5:8,6:4,7:1] [2:4,5:6,6:8,7:5] [3:4,4:1,6:8,7:6] bases {7} {1,5} {6} {3,4} J {0,2}
core 94: EX every (-frozen): types [0:1,3:6,4:4,5:8] [1:3,5:2,6:4,7:8] [2:5,5:6,6:3,7:7] [3:7,4:2,6:4,7:10] bases {0,5} {6} {7} {3,4} J {1,2}
core 94: EX every (-frozen): types [0:3,3:8,4:10,5:6] [1:4,5:2,6:7,7:8] [2:4,5:3,6:8,7:2] [3:2,4:3,6:4,7:8] bases {0,3} {7} {2,5} {6} J {1,4}
core 95: EX every (-frozen): types [0:2,3:8,6:4,7:7] [1:4,4:8,6:2,7:3] [2:2,5:8,6:4,7:3] [3:3,4:4,5:10,7:8] bases {0,3} {1,4} {2,6} {5} J {7}
core 95: EX every (-frozen): types [0:4,3:3,6:10,7:8] [1:5,4:3,6:7,7:6] [2:3,5:2,6:6,7:10] [3:2,4:6,5:3,7:10] bases {0,3} {6} {2,5} {7} J {1,4}
core 96: EX every (-frozen): types [0:7,3:10,5:4,7:2] [1:2,4:8,6:3,7:4] [2:3,5:8,6:6,7:4] [3:3,4:10,5:8,6:6] bases {0,3} {1,7} {2,6} {4} J {5}
core 96: EX every (-frozen): types [0:6,3:10,5:3,7:2] [1:2,4:7,6:8,7:4] [2:4,5:8,6:2,7:5] [3:8,4:6,5:1,6:4] bases {0,5} {1,4} {2,7} {3} J {6}
core 97: EX every (-frozen): types [0:2,2:3,3:4,4:8] [1:1,3:6,6:4,7:8] [2:4,5:5,6:2,7:8] [4:8,5:6,6:4,7:3] bases {0,3} {1,7} {2,5} {4} J {6}
core 97: EX every (-frozen): types [0:6,2:3,3:10,4:2] [1:3,3:6,6:10,7:8] [2:4,5:2,6:10,7:7] [4:2,5:6,6:7,7:10] bases {0,3} {7} {2} {6} J {1,4,5}
core 98: EX every (-frozen): types [0:3,2:8,3:10,5:4] [1:4,4:3,6:6,7:8] [2:5,3:6,6:8,7:4] [4:2,5:7,6:10,7:4] bases {0,2} {1,7} {6} {4,5} J {3}
core 98: EX every (-frozen): types [0:8,2:7,3:2,5:4] [1:4,4:3,6:8,7:2] [2:3,3:8,6:10,7:6] [4:2,5:3,6:8,7:4] bases {2,3} {1} {6} {4,7} J {0,5}
core 99: EX every (-frozen): types [0:8,2:5,3:4,6:6] [1:3,4:6,5:4,7:8] [2:2,3:3,6:4,7:8] [4:8,5:4,6:2,7:3] bases {2,3} {7} {6} {4,5} J {0,1}
core 99: EX every (-frozen): types [0:7,2:5,3:6,6:3] [1:2,4:7,5:4,7:10] [2:2,3:6,6:3,7:10] [4:3,5:6,6:4,7:8] bases {0,6} {1,4} {2,3} {7} J {5}
core 100: EX every (-frozen): types [0:2,2:8,3:3,7:4] [1:7,5:10,6:2,7:6] [2:6,3:7,4:10,7:2] [4:8,5:2,6:3,7:4] bases {2,3} {5,6} {4} {7} J {0,1}
core 100: EX every (-frozen): types [0:3,2:4,3:2,7:8] [1:4,5:10,6:2,7:7] [2:4,3:3,4:6,7:8] [4:4,5:10,6:2,7:7] bases {0,2} {1,6} {7} {5} J {3,4}
core 101: EX every (-frozen): types [0:3,2:4,3:6,7:8] [1:6,5:10,6:2,7:3] [2:8,3:6,4:4,6:5] [4:2,5:8,6:3,7:4] bases {2,3} {5} {4,6} {7} J {0,1}
core 101: EX every (-frozen): types [0:6,2:3,3:2,7:10] [1:6,5:10,6:7,7:2] [2:5,3:2,4:4,6:8] [4:4,5:6,6:5,7:8] bases {0,3} {1,5} {2,4} {7} J {6}
core 102: EX every (-frozen): types [0:1,2:6,4:8,6:4] [1:6,3:2,5:10,7:3] [2:4,3:1,6:8,7:6] [4:8,5:6,6:5,7:4] bases {0,2} {1,5} {3,6} {4} J {7}
core 102: EX every (-frozen): types [0:2,2:3,4:6,6:10] [1:3,3:2,5:6,7:10] [2:2,3:3,6:10,7:6] [4:2,5:6,6:10,7:7] bases {6} {1,5} {2,3} {7} J {0,4}
core 102: EX every (sumlev3,sumlev4): types [0:2,2:4,4:3,6:8] [1:4,3:3,5:8,7:2] [2:4,3:2,6:7,7:8] [4:4,5:6,6:5,7:8] bases {6} {1,5} {2,3} {7} J {0,4}
core 103: EX every (-frozen): types [0:6,2:10,5:3,7:2] [1:3,4:10,6:4,7:8] [2:4,3:8,4:6,7:3] [3:10,5:6,6:3,7:2] bases {0,2} {1,7} {3} {5,6} J {4}
core 103: EX every (-frozen): types [0:3,2:4,5:2,7:8] [1:3,4:4,6:2,7:8] [2:2,3:10,4:3,7:6] [3:8,5:4,6:3,7:6] bases {0,2} {1,4} {3} {7} J {5,6}
core 104: EX every (-frozen): types [0:3,2:6,5:4,7:8] [1:2,4:4,6:3,7:8] [2:4,3:5,4:2,6:8] [3:3,5:4,6:6,7:8] bases {0,5} {1,4} {2,3} {7} J {6}
core 104: EX every (-frozen): types [0:4,2:2,5:3,7:8] [1:1,4:6,6:4,7:8] [2:2,3:7,4:6,6:10] [3:7,5:2,6:4,7:8] bases {0,5} {1,4} {2,6} {7} J {3}
core 105: EX every (-frozen): types [0:3,2:2,5:6,6:10] [1:4,4:10,5:3,7:8] [2:5,3:8,6:6,7:4] [3:4,4:6,6:8,7:5] bases {0,5} {1,7} {2,3} {6} J {4}
core 105: EX every (-frozen): types [0:5,2:6,5:4,6:8] [1:10,4:7,5:6,7:2] [2:2,3:3,6:10,7:6] [3:3,4:4,6:8,7:2] bases {6} {1} {3,7} {4} J {0,2,5}
core 106: EX every (-frozen): types [0:2,2:4,5:3,7:8] [1:4,5:2,6:7,7:8] [2:2,3:6,4:3,6:10] [3:6,4:2,6:10,7:7] bases {2} {1,5} {6} {7} J {0,3,4}
core 106: EX every (-frozen): types [0:6,2:5,5:4,7:8] [1:3,5:6,6:2,7:10] [2:7,3:10,4:2,6:6] [3:4,4:2,6:5,7:8] bases {7} {1,5} {3,4} {6} J {0,2}
core 107: EX every (-frozen): types [0:3,2:4,6:10,7:8] [1:6,5:3,6:8,7:10] [2:8,3:4,4:6,5:1] [3:2,4:4,6:10,7:7] bases {0,2} {6} {3,4} {7} J {1,5}
core 107: EX every (-frozen): types [0:7,2:10,6:4,7:2] [1:4,5:8,6:3,7:2] [2:4,3:3,4:8,5:10] [3:4,4:10,6:7,7:2] bases {0,2} {1,7} {5} {3,6} J {4}
core 107: EX every (sumlev3,sumlev4): types [0:5,2:8,6:2,7:4] [1:6,5:3,6:2,7:10] [2:7,3:2,4:8,5:4] [3:4,4:10,6:3,7:8] bases {0,2} {7} {4} {3,6} J {1,5}
core 108: EX every (-frozen): types [0:2,2:10,6:6,7:3] [1:10,5:3,6:8,7:6] [2:10,3:2,4:4,7:7] [3:2,4:8,5:4,7:7] bases {0,6} {1,5} {2} {3,4} J {7}
core 108: EX every (-frozen): types [0:4,2:8,6:3,7:2] [1:2,5:10,6:4,7:7] [2:10,3:4,4:8,7:3] [3:4,4:10,5:7,7:2] bases {0} {6,7} {2} {3,4} J {1,5}
core 109: EX every (-frozen): types [0:2,2:4,6:5,7:8] [1:2,5:10,6:4,7:7] [2:5,3:6,4:4,6:8] [3:4,4:2,5:8,7:5] bases {2,6} {5} {3,4} {7} J {0,1}
core 109: EX every (-frozen): types [0:2,2:3,6:10,7:6] [1:4,5:2,6:8,7:7] [2:6,3:7,4:2,6:10] [3:3,4:4,5:2,7:8] bases {0,2} {1,5} {6} {7} J {3,4}
core 110: EX every (-frozen): types [0:8,4:3,5:6,6:4] [1:4,4:3,5:2,7:8] [2:3,3:6,6:4,7:8] [2:2,3:8,6:4,7:7] bases {4,5} {1} {7} {2,3} J {0,6}
core 110: EX every (-frozen): types [0:4,4:5,5:6,6:8] [1:4,4:2,5:3,7:8] [2:2,3:8,6:7,7:4] [2:4,3:7,6:2,7:8] bases {4,5} {1} {2,3} {7} J {0,6}
core 111: EX every (-frozen): types [0:3,5:2,6:4,7:8] [1:4,5:6,6:5,7:8] [2:4,3:3,4:2,7:8] [2:5,3:2,4:4,7:8] bases {0,5} {7} {2} {3,4} J {1,6}
core 111: EX every (-frozen): types [0:2,5:4,6:5,7:8] [1:6,5:4,6:5,7:8] [2:6,3:2,4:7,7:10] [2:7,3:6,4:5,7:3] bases {0,5} {7} {4} {2,3} J {1,6}
core 112: EX every (-frozen): types [0:2,5:4,6:8,7:7] [1:4,5:2,6:5,7:8] [2:2,3:3,4:6,6:10] [2:4,3:2,4:7,7:8] bases {5} {6} {2,4} {7} J {0,1,3}
core 112: EX every (-frozen): types [0:1,5:8,6:4,7:6] [1:4,5:7,6:8,7:2] [2:4,3:8,4:3,6:10] [2:4,3:8,4:2,7:3] bases {0,5} {6} {2} {3} J {1,4,7}
core 113: EX every (-frozen): types [0:3,1:8,2:4,3:10] [1:3,2:2,3:4,7:8] [4:7,5:6,6:2,7:10] [4:7,5:4,6:2,7:8] bases {1,2} {3} {4} {7} J {0,5,6}
core 113: EX every (-frozen): types [0:2,1:8,2:5,3:4] [1:8,2:3,3:6,7:10] [4:4,5:2,6:7,7:8] [4:4,5:7,6:2,7:8] bases {2,3} {1} {5,6} {7} J {0,4}
core 114: EX every (-frozen): types [0:3,1:8,4:4,5:2] [1:10,3:4,6:2,7:7] [2:2,3:4,4:7,7:10] [2:5,5:6,6:3,7:7] bases {0,5} {1} {3,4} {2,6} J {7}
core 114: EX every (-frozen): types [0:2,1:4,4:3,5:8] [1:6,3:3,6:10,7:8] [2:8,3:4,4:2,7:5] [2:5,5:7,6:6,7:3] bases {0,1} {3,6} {2,4} {5} J {7}
core 115: EX every (-frozen): types [0:3,1:10,4:2,5:6] [1:7,5:4,6:2,7:8] [2:6,3:10,4:3,7:8] [2:2,3:7,6:4,7:8] bases {1} {5} {2,3} {7} J {0,4,6}
core 115: EX every (-frozen): types [0:3,1:8,4:4,5:10] [1:6,5:4,6:1,7:8] [2:2,3:8,4:4,7:3] [2:3,3:10,6:6,7:8] bases {0,1} {6,7} {2,4} {3} J {5}
core 116: EX every (-frozen): types [0:2,2:3,3:8,7:4] [1:1,2:6,3:4,4:8] [1:5,5:3,6:7,7:6] [4:8,5:2,6:4,7:3] bases {2,3} {4} {5,7} {6} J {0,1}
core 116: EX every (-frozen): types [0:4,2:1,3:6,7:8] [1:4,2:3,3:8,4:2] [1:3,5:2,6:6,7:10] [4:4,5:2,6:7,7:8] bases {0} {3} {5,6} {7} J {1,2,4}
core 117: EX every (-frozen): types [0:2,4:10,5:7,7:4] [1:3,2:4,3:2,4:8] [1:6,3:4,6:3,7:8] [2:6,5:7,6:2,7:10] bases {4} {2} {1,3} {6,7} J {0,5}
core 117: EX every (-frozen): types [0:3,4:4,5:8,7:10] [1:3,2:4,3:8,4:2] [1:2,3:6,6:3,7:10] [2:4,5:6,6:1,7:8] bases {0,5} {3} {1,6} {7} J {2,4}
core 118: EX every (-frozen): types [0:2,4:7,6:4,7:10] [1:4,2:8,3:5,5:6] [1:3,3:2,5:4,7:8] [2:3,4:2,6:4,7:8] bases {7} {1,3} {5} {4,6} J {0,2}
core 118: EX every (-frozen): types [0:1,4:6,6:4,7:8] [1:8,2:4,3:6,5:1] [1:4,3:5,5:2,7:8] [2:2,4:6,6:10,7:3] bases {7} {1,5} {3} {4,6} J {0,2}
core 119: EX every (-frozen): types [0:2,5:5,6:8,7:4] [1:3,2:4,3:2,4:8] [1:8,3:1,5:6,7:4] [2:3,4:8,6:4,7:2] bases {5,7} {2} {1,3} {4} J {0,6}
core 119: EX every (-frozen): types [0:6,5:2,6:3,7:10] [1:4,2:2,3:8,4:3] [1:2,3:4,5:5,7:8] [2:3,4:5,6:6,7:7] bases {0} {1,3} {5} {7} J {2,4,6}
core 120: EX every (-frozen): types [0:3,2:10,4:6,6:2] [0:4,2:8,5:10,6:3] [1:2,3:3,4:4,7:8] [1:2,3:3,5:10,7:6] bases {2} {0,6} {1,7} {5} J {3,4}
core 120: EX every (-frozen): types [0:3,2:6,4:8,6:10] [0:2,2:3,5:10,6:6] [1:6,3:8,4:4,7:3] [1:4,3:7,5:10,7:2] bases {0,4} {2,6} {1,7} {5} J {3}
core 121: EX every (-frozen): types [0:1,2:8,4:6,6:4] [0:3,2:8,5:4,7:10] [1:4,3:2,4:7,6:10] [1:4,3:3,5:2,7:8] bases {0,2} {7} {1,4} {3,5} J {6}
core 121: EX every (-frozen): types [0:10,2:8,4:4,6:3] [0:7,2:4,5:2,7:8] [1:8,3:2,4:3,6:4] [1:8,3:1,5:6,7:4] bases {2,4} {5,7} {6} {1} J {0,3}
core 122: EX every (-frozen): types [0:3,2:4,5:2,6:8] [0:6,3:10,4:2,6:7] [1:3,2:5,4:6,7:7] [1:3,3:8,5:4,7:2] bases {0,6} {3} {1,7} {5} J {2,4}
core 122: EX every (sumlev3,sumlev4): types [0:10,2:3,5:4,6:8] [0:6,3:3,4:10,6:2] [1:4,2:3,4:10,7:8] [1:3,3:4,5:2,7:8] bases {0,6} {4} {1,2} {7} J {3,5}
core 122: EX every (sumlev3,sumlev4): types [0:8,2:3,5:10,6:4] [0:8,3:4,4:2,6:3] [1:10,2:4,4:2,7:7] [1:6,3:1,5:8,7:4] bases {2,6} {0} {1,7} {5} J {3,4}
core 122: EX every (-frozen): types [0:8,2:4,5:2,6:5] [0:6,3:2,4:10,6:7] [1:6,2:3,4:10,7:2] [1:8,3:5,5:6,7:4] bases {2,6} {4} {1,7} {3,5} J {0}
core 123: EX every (-frozen): types [0:2,1:4,2:3,7:8] [2:5,4:8,5:6,8:4] [3:5,4:3,5:7,6:6] [3:3,6:6,7:10,8:2] bases {1} {2,8} {4,5} {7} J {0,3,6}
core 123: EX every (-frozen): types [0:2,1:6,2:10,7:3] [2:10,4:2,5:6,8:3] [3:4,4:8,5:3,6:6] [3:8,6:4,7:6,8:3] bases {0,1} {2} {3,6} {7,8} J {4,5}
core 124: EX every (-frozen): types [0:2,1:4,3:8,4:5] [2:2,3:4,4:5,5:8] [2:3,6:2,7:6,8:10] [5:10,6:6,7:3,8:8] bases {1,4} {5} {2,8} {6,7} J {0,3}
core 124: EX every (-frozen): types [0:4,1:3,3:8,4:10] [2:4,3:2,4:8,5:5] [2:4,6:3,7:2,8:8] [5:3,6:2,7:4,8:8] bases {0,3} {2,5} {6,7} {8} J {1,4}
core 125: EX every (-frozen): types [0:3,2:6,4:10,5:2] [1:2,3:7,7:4,8:10] [4:10,6:4,7:2,8:7] [5:2,6:7,7:8,8:4] bases {0,2} {3,7} {4} {5,6} J {1,8}
core 125: EX every (-frozen): types [0:3,2:6,4:2,5:10] [1:4,3:6,7:8,8:5] [4:5,6:8,7:4,8:2] [5:10,6:2,7:6,8:3] bases {0,2} {1,3} {4,7} {5} J {6,8}
core 126: EX every (-frozen): types [0:2,2:3,4:8,7:4] [1:1,3:6,6:4,8:8] [4:10,5:4,7:3,8:8] [5:4,6:10,7:7,8:2] bases {0,2} {1,8} {4} {5,7} J {3,6}
core 126: EX every (-frozen): types [0:6,2:2,4:10,7:3] [1:7,3:3,6:5,8:6] [4:8,5:3,7:4,8:2] [5:7,6:5,7:6,8:3] bases {0,2} {1,3} {4} {7,8} J {5,6}
core 127: EX every (-frozen): types [0:6,2:5,4:4,8:8] [1:2,3:6,7:10,8:3] [4:7,5:6,6:2,8:10] [5:3,6:2,7:10,8:6] bases {0,2} {1,3} {6,8} {7} J {4,5}
core 127: EX every (-frozen): types [0:3,2:6,4:10,8:2] [1:3,3:6,7:7,8:5] [4:8,5:1,6:6,8:4] [5:2,6:10,7:7,8:4] bases {0,2} {1,3} {4} {7,8} J {5,6}
core 127: EX every (sumlev3,sumlev4): types [0:3,2:4,4:2,8:8] [1:1,3:4,7:8,8:6] [4:2,5:7,6:10,8:4] [5:4,6:7,7:10,8:2] bases {8} {1,3} {5,6} {7} J {0,2,4}
core 127: EX every (sumlev3,sumlev4): types [0:3,2:6,4:2,8:10] [1:4,3:3,7:10,8:8] [4:2,5:4,6:3,8:8] [5:3,6:4,7:10,8:8] bases {0,2} {1,3} {8} {7} J {4,5,6}
core 128: EX every (-frozen): types [0:3,2:4,4:6,8:8] [1:6,3:1,7:4,8:8] [4:7,5:2,6:4,7:10] [5:7,6:2,7:6,8:10] bases {0,2} {1,3} {4,6} {8} J {5,7}
core 128: EX every (-frozen): types [0:3,2:4,4:2,8:8] [1:3,3:6,7:2,8:10] [4:4,5:3,6:10,7:8] [5:6,6:2,7:7,8:10] bases {0,2} {1,3} {4,6} {8} J {5,7}
core 129: EX every (-frozen): types [0:5,2:4,6:6,7:8] [1:6,3:3,6:2,8:10] [4:4,5:2,7:10,8:7] [4:2,5:4,7:8,8:7] bases {0,2} {8} {4,5} {7} J {1,3,6}
core 129: EX every (-frozen): types [0:2,2:8,6:4,7:7] [1:2,3:4,6:3,8:8] [4:4,5:2,7:8,8:7] [4:4,5:1,7:8,8:6] bases {0,2} {8} {4,5} {7} J {1,3,6}
core 129: EX every (sumlev3,sumlev4): types [0:4,2:3,6:8,7:2] [1:4,3:2,6:7,8:8] [4:3,5:6,7:2,8:10] [4:10,5:8,7:3,8:6] bases {6} {1,3} {8} {4,5} J {0,2,7}
core 129: EX every (sumlev3,sumlev4): types [0:4,2:3,6:8,7:10] [1:3,3:2,6:10,8:6] [4:7,5:2,7:10,8:6] [4:10,5:6,7:3,8:2] bases {0,2} {6} {7} {4,5} J {1,3,8}
core 130: EX every (-frozen): types [0:4,2:2,7:3,8:8] [1:8,3:2,7:7,8:4] [4:4,5:1,6:8,8:6] [4:1,5:4,6:8,8:6] bases {8} {1,3} {4,5} {6} J {0,2,7}
core 130: EX every (-frozen): types [0:4,2:6,7:5,8:8] [1:3,3:2,7:6,8:10] [4:4,5:2,6:10,8:7] [4:3,5:4,6:10,8:8] bases {0,2} {8} {4,5} {6} J {1,3,7}
core 131: EX every (-frozen): types [0:7,2:2,7:8,8:4] [1:6,3:3,7:10,8:8] [4:8,5:3,6:2,7:4] [4:10,5:2,6:3,8:6] bases {0,2} {3,7} {5,6} {4} J {1,8}
core 131: EX every (-frozen): types [0:4,2:2,7:3,8:8] [1:2,3:7,7:6,8:10] [4:6,5:3,6:4,7:8] [4:4,5:3,6:8,8:10] bases {0,2} {1,3} {4,5} {8} J {6,7}
core 132: EX every (-frozen): types [0:4,2:3,5:8,6:2] [1:2,4:5,7:4,8:8] [3:8,6:10,7:4,8:3] [5:10,6:2,7:4,8:7] bases {0,2} {4,7} {3,6} {5} J {1,8}
core 132: EX every (sumlev3,sumlev4): types [0:3,2:6,5:2,6:10] [1:4,4:8,7:3,8:10] [3:3,6:8,7:4,8:10] [5:4,6:8,7:3,8:10] bases {6} {1,4} {3,7} {8} J {0,2,5}
core 132: EX every (-frozen): types [0:3,2:6,5:2,6:10] [1:4,4:8,7:3,8:10] [3:3,6:8,7:4,8:10] [5:4,6:8,7:3,8:10] bases {0,2} {8} {6} {5,7} J {1,3,4}
core 133: EX every (-frozen): types [0:2,2:6,6:3,8:10] [1:3,4:6,7:8,8:10] [3:3,5:6,7:7,8:5] [5:4,6:7,7:2,8:10] bases {0,2} {1,4} {3,7} {8} J {5,6}
core 133: EX every (-frozen): types [0:6,2:2,6:3,8:10] [1:7,4:2,7:4,8:10] [3:8,5:3,7:4,8:10] [5:3,6:4,7:8,8:2] bases {0,2} {1,4} {8} {6,7} J {3,5}
core 133: EX every (sumlev3,sumlev4): types [0:2,2:4,6:3,8:8] [1:3,4:2,7:10,8:6] [3:3,5:10,7:8,8:6] [5:10,6:2,7:7,8:6] bases {8} {7} {3} {5} J {0,1,2,4,6}
core 133: EX every (sumlev3,sumlev4): types [0:2,2:4,6:3,8:8] [1:3,4:2,7:10,8:6] [3:8,5:6,7:4,8:5] [5:2,6:3,7:10,8:6] bases {8} {1,4} {3,5} {7} J {0,2,6}
core 134: EX every (-frozen): types [0:4,2:2,7:5,8:8] [1:4,4:2,7:5,8:8] [3:5,5:7,6:3,8:6] [5:4,6:2,7:7,8:8] bases {0,2} {1,4} {3,5} {8} J {6,7}
core 134: EX every (-frozen): types [0:8,2:3,7:10,8:4] [1:6,4:3,7:2,8:10] [3:6,5:5,6:4,8:8] [5:3,6:6,7:2,8:10] bases {0,2} {1,4} {8} {6,7} J {3,5}
core 134: EX every (sumlev3,sumlev4): types [0:4,2:3,7:10,8:8] [1:4,4:5,7:8,8:2] [3:4,5:2,6:3,8:8] [5:4,6:3,7:10,8:8] bases {0,2} {1,4} {8} {7} J {3,5,6}
core 135: EX every (-frozen): types [0:6,2:2,6:7,8:10] [1:6,4:1,7:8,8:4] [3:2,5:7,6:4,7:10] [5:4,6:2,7:8,8:7] bases {2,8} {1,4} {3,5} {7} J {0,6}
core 135: EX every (-frozen): types [0:3,2:4,6:8,8:6] [1:4,4:2,7:8,8:7] [3:6,5:2,6:10,7:7] [5:3,6:10,7:6,8:8] bases {0,2} {4,7} {3,5} {6} J {1,8}
core 135: EX every (sumlev3,sumlev4): types [0:4,2:2,6:8,8:7] [1:3,4:6,7:2,8:10] [3:7,5:10,6:2,7:4] [5:4,6:8,7:2,8:5] bases {0,2} {8} {3,5} {6} J {1,4,7}
core 136: EX every (-frozen): types [0:4,2:2,7:8,8:3] [1:2,5:6,7:10,8:3] [3:1,6:8,7:6,8:4] [4:4,6:2,7:10,8:7] bases {0,2} {1,5} {3,6} {7} J {4,8}
core 136: EX every (-frozen): types [0:4,2:8,7:3,8:10] [1:3,5:4,7:8,8:2] [3:7,6:6,7:10,8:2] [4:7,6:6,7:10,8:2] bases {0,2} {1,5} {7} {4,8} J {3,6}
core 137: EX every (-frozen): types [0:3,2:4,6:6,8:8] [1:3,5:6,7:7,8:5] [3:6,6:8,7:3,8:10] [4:2,6:7,7:6,8:10] bases {0,2} {1,5} {8} {4,7} J {3,6}
core 137: EX every (-frozen): types [0:5,2:4,6:6,8:8] [1:2,5:4,7:10,8:7] [3:4,6:1,7:8,8:6] [4:3,6:6,7:8,8:10] bases {0,2} {1,5} {8} {7} J {3,4,6}
core 138: EX every (-frozen): types [0:2,2:5,5:4,8:8] [1:5,5:8,7:2,8:4] [3:3,6:8,7:4,8:10] [4:6,6:4,7:1,8:8] bases {0,2} {1,5} {8} {4,7} J {3,6}
core 138: EX every (-frozen): types [0:7,2:2,5:6,8:10] [1:4,5:3,7:2,8:8] [3:6,6:3,7:2,8:10] [4:4,6:2,7:5,8:8] bases {0,2} {1,5} {3,6} {8} J {4,7}
core 139: EX every (-frozen): types [0:3,2:6,5:2,6:10] [1:5,5:3,7:7,8:6] [3:5,6:8,7:2,8:4] [4:4,6:10,7:2,8:7] bases {0,2} {1,5} {3,7} {6} J {4,8}
core 139: EX every (-frozen): types [0:7,2:3,5:5,6:6] [1:3,5:4,7:2,8:8] [3:4,6:2,7:3,8:8] [4:6,6:8,7:3,8:10] bases {0,2} {1,5} {3,7} {8} J {4,6}
core 139: EX every (sumlev3,sumlev4): types [0:4,2:2,5:3,6:8] [1:4,5:1,7:8,8:6] [3:6,6:8,7:10,8:3] [4:4,6:1,7:8,8:6] bases {6} {7} {3} {4,8} J {0,1,2,5}
core 140: EX every (-frozen): types [0:2,2:5,7:4,8:8] [1:3,5:2,6:4,8:8] [3:7,5:2,7:6,8:10] [4:6,6:7,7:5,8:3] bases {0,2} {1,5} {8} {4,6} J {3,7}
core 140: EX every (-frozen): types [0:4,2:6,7:5,8:8] [1:4,5:2,6:3,8:8] [3:8,5:4,7:5,8:6] [4:2,6:6,7:3,8:10] bases {8} {1} {3} {4,6} J {0,2,5,7}
core 141: EX every (-frozen): types [0:4,2:2,6:8,7:3] [1:8,5:3,6:10,8:4] [3:1,5:4,7:8,8:6] [4:6,6:10,7:7,8:2] bases {0} {6} {3,7} {4,8} J {1,2,5}
core 141: EX every (-frozen): types [0:2,2:6,6:10,7:7] [1:2,5:5,6:8,8:4] [3:3,5:2,7:6,8:10] [4:6,6:7,7:5,8:3] bases {0,2} {1,5} {3,8} {6} J {4,7}
core 141: EX every (sumlev3,sumlev4): types [0:3,2:2,6:6,7:10] [1:4,5:8,6:3,8:6] [3:3,5:6,7:5,8:7] [4:4,6:3,7:8,8:10] bases {7} {1,5} {8} {4,6} J {0,2,3}
core 142: EX every (-frozen): types [0:3,2:8,4:10,5:4] [1:3,4:2,7:4,8:8] [3:4,6:2,7:7,8:10] [5:6,6:3,7:8,8:10] bases {0,2} {1,4} {8} {5,6} J {3,7}
core 142: EX every (-frozen): types [0:4,2:2,4:3,5:8] [1:8,4:6,7:4,8:3] [3:2,6:7,7:10,8:4] [5:10,6:4,7:8,8:3] bases {0,2} {1,4} {6,8} {5} J {3,7}
core 143: EX every (-frozen): types [0:3,2:6,4:2,8:10] [1:6,4:8,6:4,7:5] [3:1,5:6,7:4,8:8] [5:2,6:7,7:6,8:10] bases {0,2} {1,4} {3,5} {8} J {6,7}
core 143: EX every (-frozen): types [0:5,2:4,4:2,8:8] [1:2,4:3,6:8,7:4] [3:3,5:10,7:8,8:6] [5:5,6:8,7:4,8:2] bases {0,2} {1,4} {3,7} {6} J {5,8}
core 144: EX every (-frozen): types [0:4,2:2,4:3,8:8] [1:8,4:3,7:10,8:4] [3:3,5:8,6:6,8:10] [5:8,6:3,7:6,8:10] bases {0,2} {1,4} {3,6} {8} J {5,7}
core 144: EX every (-frozen): types [0:5,2:2,4:4,8:8] [1:2,4:7,7:4,8:8] [3:6,5:2,6:7,8:10] [5:3,6:8,7:4,8:10] bases {0,2} {1,4} {3,5} {8} J {6,7}
core 145: EX every (-frozen): types [0:10,2:2,4:6,8:7] [1:7,4:6,7:10,8:2] [3:3,5:2,6:6,7:10] [5:3,6:2,7:10,8:6] bases {0,2} {7} {3,6} {5,8} J {1,4}
core 145: EX every (-frozen): types [0:3,2:2,4:4,8:8] [1:2,4:10,7:6,8:3] [3:2,5:7,6:10,7:4] [5:6,6:3,7:2,8:10] bases {0,2} {1,4} {5,7} {8} J {3,6}
core 145: EX every (sumlev3,sumlev4): types [0:2,2:3,4:8,8:4] [1:3,4:8,7:10,8:4] [3:2,5:7,6:10,7:6] [5:4,6:6,7:8,8:3] bases {4} {1,8} {5,6} {7} J {0,2,3}
core 145: EX every (sumlev3,sumlev4): types [0:3,2:6,4:10,8:2] [1:3,4:5,7:6,8:7] [3:6,5:3,6:2,7:10] [5:2,6:4,7:7,8:8] bases {2,4} {8} {7} {5,6} J {0,1,3}
core 146: EX every (-frozen): types [0:1,2:4,6:8,8:6] [1:2,4:6,5:10,7:3] [3:8,4:3,7:10,8:4] [5:10,6:7,7:2,8:6] bases {0,6} {1,4} {3,7} {5} J {2,8}
core 146: EX every (-frozen): types [0:2,2:3,6:8,8:4] [1:3,4:6,5:10,7:8] [3:4,4:2,7:8,8:5] [5:6,6:8,7:3,8:4] bases {0,2} {1,5} {3,8} {6} J {4,7}
core 147: EX every (-frozen): types [0:3,2:4,7:8,8:2] [1:4,4:8,5:3,6:10] [3:3,4:8,7:10,8:6] [5:6,6:2,7:10,8:3] bases {0,2} {1,6} {7} {5,8} J {3,4}
core 147: EX every (-frozen): types [0:3,2:6,7:10,8:8] [1:8,4:7,5:2,6:4] [3:3,4:6,7:10,8:2] [5:6,6:2,7:10,8:7] bases {0,2} {1,6} {3,4} {7} J {5,8}
core 148: EX every (-frozen): types [0:4,2:3,4:10,5:8] [1:4,6:3,7:8,8:2] [3:4,6:3,7:6,8:8] [4:6,5:5,7:3,8:7] bases {0,5} {1,7} {3,6} {8} J {2,4}
core 148: EX every (-frozen): types [0:2,2:4,4:10,5:7] [1:6,6:4,7:5,8:8] [3:4,6:2,7:8,8:3] [4:6,5:7,7:10,8:2] bases {2,5} {1,6} {3,8} {7} J {0,4}
core 149: EX every (-frozen): types [0:3,2:6,5:10,8:2] [1:10,4:3,7:6,8:8] [3:2,6:10,7:7,8:6] [4:6,5:10,6:3,8:2] bases {0,2} {4,8} {3,6} {5} J {1,7}
core 149: EX every (-frozen): types [0:3,2:4,5:2,8:8] [1:10,4:7,7:2,8:4] [3:1,6:4,7:6,8:8] [4:2,5:4,6:5,8:8] bases {0,2} {1,4} {3,7} {8} J {5,6}
core 149: EX every (sumlev3,sumlev4): types [0:2,2:4,5:10,8:7] [1:6,4:3,7:2,8:10] [3:4,6:8,7:2,8:3] [4:2,5:10,6:4,8:7] bases {0,2} {8} {3,6} {5} J {1,4,7}
core 150: EX every (-frozen): types [0:3,2:2,5:6,7:10] [1:2,4:7,7:6,8:10] [3:4,6:2,7:8,8:7] [4:2,5:7,6:4,8:10] bases {7} {1,4} {3,6} {8} J {0,2,5}
core 150: EX every (-frozen): types [0:4,2:3,5:8,7:2] [1:2,4:8,7:4,8:5] [3:6,6:4,7:1,8:8] [4:6,5:8,6:3,8:4] bases {0,2} {7,8} {3,6} {5} J {1,4}
core 150: EX every (sumlev3,sumlev4): types [0:3,2:2,5:4,7:8] [1:1,4:6,7:4,8:8] [3:7,6:2,7:10,8:4] [4:4,5:3,6:2,8:8] bases {7} {1,4} {3,6} {8} J {0,2,5}
core 151: EX every (sumlev3,sumlev4): types [0:4,2:3,7:10,8:8] [1:4,4:10,6:2,7:7] [3:3,5:6,6:2,8:10] [4:4,5:3,7:8,8:2] bases {0,2} {1,4} {8} {7} J {3,5,6}
core 151: EX every (-frozen): types [0:4,2:3,7:10,8:8] [1:4,4:10,6:2,7:7] [3:3,5:6,6:2,8:10] [4:4,5:3,7:8,8:2] bases {0,2} {1,4} {8} {7} J {3,5,6}
core 151: EX every (-frozen): types [0:3,2:2,7:8,8:4] [1:5,4:3,6:6,7:7] [3:4,5:2,6:7,8:10] [4:6,5:1,7:8,8:4] bases {0,2} {7} {3,8} {4,5} J {1,6}
core 152: EX every (-frozen): types [0:5,2:4,7:2,8:8] [1:3,4:4,6:8,7:2] [3:7,5:3,7:6,8:5] [4:2,5:6,6:10,8:3] bases {0,2} {1,4} {5,7} {6} J {3,8}
core 152: EX every (-frozen): types [0:2,2:6,7:10,8:7] [1:2,4:3,6:6,7:10] [3:7,5:2,7:10,8:6] [4:6,5:5,6:3,8:7] bases {0,2} {1,6} {7} {4,5} J {3,8}
core 153: EX every (-frozen): types [0:2,2:4,3:3,4:8] [1:2,3:6,4:10,8:3] [5:10,6:8,7:6,8:3] [5:6,6:8,7:1,8:4] bases {4} {3} {5,8} {6,7} J {0,1,2}
core 153: EX every (-frozen): types [0:2,2:6,3:3,4:10] [1:3,3:6,4:10,8:2] [5:5,6:7,7:6,8:3] [5:5,6:3,7:6,8:7] bases {4} {3} {5,8} {6,7} J {0,1,2}
core 153: EX every (sumlev3,sumlev4): types [0:3,2:6,3:2,4:10] [1:4,3:3,4:8,8:10] [5:1,6:6,7:4,8:8] [5:7,6:10,7:4,8:2] bases {4} {1,3} {8} {5,6} J {0,2,7}
core 153: EX every (sumlev3,sumlev4): types [0:2,2:3,3:6,4:10] [1:4,3:3,4:8,8:10] [5:2,6:3,7:6,8:10] [5:2,6:4,7:7,8:10] bases {4} {1,3} {8} {6,7} J {0,2,5}
core 154: EX every (-frozen): types [0:6,2:2,4:3,5:10] [1:3,3:8,4:10,8:4] [3:10,6:4,7:3,8:8] [5:10,6:3,7:2,8:6] bases {0,2} {1,4} {6,8} {5} J {3,7}
core 154: EX every (-frozen): types [0:3,2:8,4:4,5:10] [1:4,3:3,4:2,8:8] [3:3,6:6,7:5,8:7] [5:2,6:7,7:4,8:10] bases {0,2} {1,4} {8} {5,6} J {3,7}
core 155: EX every (-frozen): types [0:2,2:5,4:4,8:8] [1:2,3:7,4:10,5:6] [3:6,6:7,7:2,8:10] [5:6,6:4,7:1,8:8] bases {0,2} {1,4} {3,7} {8} J {5,6}
core 155: EX every (-frozen): types [0:3,2:4,4:2,8:8] [1:7,3:2,4:10,5:4] [3:2,6:4,7:7,8:10] [5:8,6:3,7:4,8:10] bases {0,2} {1,4} {3,7} {8} J {5,6}
core 156: EX every (-frozen): types [0:2,2:4,4:3,6:8] [1:8,3:6,5:3,8:10] [3:8,4:1,7:4,8:6] [5:3,6:10,7:6,8:2] bases {0,2} {1,5} {3,4} {6} J {7,8}
core 156: EX every (-frozen): types [0:2,2:3,4:4,6:8] [1:2,3:8,5:5,8:4] [3:10,4:3,7:8,8:6] [5:5,6:8,7:4,8:2] bases {0,2} {5,8} {4,7} {6} J {1,3}
core 157: EX every (-frozen): types [0:2,2:4,4:3,8:8] [1:7,3:2,7:6,8:10] [3:4,4:8,5:6,6:1] [5:4,6:2,7:7,8:10] bases {0,2} {1,3} {4,6} {8} J {5,7}
core 157: EX every (-frozen): types [0:6,2:3,4:2,8:10] [1:2,3:4,7:5,8:8] [3:8,4:4,5:5,6:6] [5:4,6:6,7:1,8:8] bases {0,2} {1,7} {3,4} {8} J {5,6}
core 158: EX every (-frozen): types [0:1,2:4,5:6,6:8] [1:4,3:2,4:3,8:8] [3:3,4:2,7:8,8:4] [5:7,6:4,7:10,8:2] bases {0,6} {1,8} {3,4} {7} J {2,5}
core 158: EX every (-frozen): types [0:3,2:6,5:7,6:5] [1:2,3:3,4:8,8:4] [3:4,4:8,7:2,8:3] [5:8,6:2,7:4,8:7] bases {0,2} {1,3} {4} {6,8} J {5,7}
core 159: EX every (-frozen): types [0:6,2:3,6:2,8:10] [1:7,3:4,4:10,5:2] [3:4,4:5,7:6,8:8] [5:3,6:2,7:4,8:8] bases {0,2} {1,3} {8} {5,6} J {4,7}
core 159: EX every (-frozen): types [0:3,2:2,6:4,8:8] [1:4,3:2,4:8,5:3] [3:2,4:8,7:3,8:4] [5:4,6:2,7:3,8:8] bases {0,2} {4} {8} {5,6} J {1,3,7}
core 160: EX every (-frozen): types [0:3,2:2,7:8,8:4] [1:4,3:10,4:2,8:7] [3:7,4:2,5:8,6:4] [5:3,6:2,7:10,8:6] bases {0,2} {1,8} {3,4} {7} J {5,6}
core 160: EX every (-frozen): types [0:8,2:1,7:6,8:4] [1:4,3:8,4:3,8:2] [3:8,4:3,5:4,6:2] [5:8,6:10,7:6,8:3] bases {0,2} {1,4} {3} {5,8} J {6,7}
core 161: EX every (-frozen): types [0:2,2:6,7:3,8:10] [1:7,3:4,7:2,8:10] [3:4,4:6,5:8,6:5] [4:3,5:4,6:2,8:8] bases {0,2} {1,7} {3,4} {8} J {5,6}
core 161: EX every (-frozen): types [0:2,2:6,7:3,8:10] [1:10,3:4,7:3,8:8] [3:2,4:4,5:8,6:7] [4:2,5:6,6:7,8:10] bases {0,2} {1,7} {3,5} {8} J {4,6}
core 161: EX every (sumlev3,sumlev4): types [0:4,2:3,7:2,8:8] [1:2,3:8,7:4,8:7] [3:10,4:3,5:2,6:6] [4:2,5:10,6:7,8:6] bases {8} {1,7} {3} {5,6} J {0,2,4}
core 161: EX every (sumlev3,sumlev4): types [0:3,2:2,7:4,8:8] [1:4,3:8,7:1,8:6] [3:10,4:6,5:7,6:2] [4:2,5:10,6:7,8:6] bases {8} {1,7} {3} {5,6} J {0,2,4}
core 162: EX every (-frozen): types [0:10,4:3,5:2,6:6] [1:4,4:1,7:6,8:8] [2:4,5:3,7:2,8:8] [3:6,6:3,7:8,8:10] bases {0,4} {8} {2,5} {3,6} J {1,7}
core 162: EX every (-frozen): types [0:7,4:2,5:4,6:8] [1:4,4:1,7:8,8:6] [2:2,5:4,7:8,8:5] [3:6,6:3,7:10,8:2] bases {0,4} {7} {2,5} {3,6} J {1,8}
core 163: EX every (-frozen): types [0:6,4:7,6:2,8:10] [1:3,4:8,6:4,8:10] [2:7,5:6,7:2,8:10] [3:2,5:8,7:4,8:5] bases {0,6} {8} {2,7} {3,5} J {1,4}
core 163: EX every (-frozen): types [0:6,4:3,6:5,8:7] [1:8,4:10,6:3,8:6] [2:3,5:5,7:7,8:6] [3:2,5:6,7:10,8:7] bases {0,4} {1,6} {2,5} {3,7} J {8}
core 164: EX every (-frozen): types [0:2,4:5,6:8,7:4] [1:2,4:6,6:10,8:3] [2:1,5:4,7:8,8:6] [3:3,5:10,7:6,8:8] bases {0,4} {6} {2,7} {3,5} J {1,8}
core 164: EX every (-frozen): types [0:10,4:6,6:2,7:7] [1:2,4:6,6:3,8:10] [2:3,5:6,7:8,8:10] [3:6,5:2,7:7,8:10] bases {0,6} {1,4} {2,5} {8} J {3,7}
core 165: EX every (-frozen): types [0:6,4:8,6:4,8:5] [1:2,4:7,7:8,8:4] [2:3,5:7,6:5,8:6] [3:3,5:10,7:8,8:6] bases {0,6} {1,4} {2,5} {3,7} J {8}
core 165: EX every (-frozen): types [0:2,4:4,6:3,8:8] [1:7,4:2,7:4,8:8] [2:6,5:8,6:3,8:10] [3:2,5:10,7:6,8:7] bases {0,4} {8} {2,6} {3,5} J {1,7}
core 165: EX every (sumlev3,sumlev4): types [0:3,4:8,6:6,8:4] [1:3,4:10,7:4,8:8] [2:4,5:3,6:8,8:6] [3:3,5:2,7:6,8:10] bases {4} {1,7} {2,6} {8} J {0,3,5}
core 166: EX every (sumlev3,sumlev4): types [0:2,4:8,6:4,7:3] [1:2,4:7,7:4,8:10] [2:4,5:7,6:2,8:8] [3:6,5:10,7:3,8:2] bases {4} {1,7} {8} {3,5} J {0,2,6}
core 166: EX every (-frozen): types [0:2,4:8,6:4,7:3] [1:2,4:7,7:4,8:10] [2:4,5:7,6:2,8:8] [3:6,5:10,7:3,8:2] bases {4} {7} {8} {3,5} J {0,1,2,6}
core 166: EX every (-frozen): types [0:4,4:2,6:7,7:10] [1:2,4:3,7:4,8:8] [2:2,5:6,6:3,8:10] [3:6,5:1,7:4,8:8] bases {0,6} {1,4} {2,5} {8} J {3,7}
core 167: EX every (-frozen): types [0:3,3:6,4:5,5:7] [1:3,3:7,7:5,8:6] [2:4,6:6,7:3,8:8] [4:7,5:2,6:8,8:4] bases {0,3} {1,7} {2,6} {4,5} J {8}
core 167: EX every (-frozen): types [0:2,3:10,4:6,5:7] [1:3,3:6,7:10,8:8] [2:10,6:2,7:6,8:7] [4:4,5:5,6:2,8:8] bases {0,3} {1,7} {2,6} {4,5} J {8}
core 168: EX every (-frozen): types [0:3,3:6,5:4,8:8] [1:7,4:8,5:4,6:2] [2:2,4:6,7:3,8:10] [3:6,6:7,7:2,8:10] bases {8} {1,5} {2,4} {6,7} J {0,3}
core 168: EX every (-frozen): types [0:2,3:4,5:3,8:8] [1:6,4:10,5:2,6:7] [2:6,4:8,7:3,8:10] [3:4,6:7,7:2,8:8] bases {0,5} {1,4} {2,7} {8} J {3,6}
core 169: EX every (-frozen): types [0:4,3:2,7:3,8:8] [1:4,4:8,5:3,6:6] [2:7,4:4,5:2,8:8] [3:4,6:2,7:3,8:8] bases {0,3} {1,4} {8} {6,7} J {2,5}
core 169: EX every (-frozen): types [0:10,3:4,7:7,8:2] [1:3,4:2,5:4,6:8] [2:5,4:6,5:4,8:8] [3:4,6:8,7:3,8:2] bases {3,7} {1,4} {2,5} {6} J {0,8}
core 170: EX every (-frozen): types [0:3,3:6,4:8,5:10] [1:8,6:2,7:4,8:7] [2:6,6:3,7:4,8:8] [3:5,4:8,5:4,8:6] bases {0,4} {1,6} {2,7} {3,5} J {8}
core 170: EX every (-frozen): types [0:3,3:8,4:4,5:6] [1:4,6:6,7:3,8:8] [2:6,6:8,7:4,8:5] [3:3,4:8,5:10,8:4] bases {0,5} {1,6} {2,7} {3,4} J {8}
core 170: EX every (sumlev3,sumlev4): types [0:3,3:2,4:10,5:6] [1:2,6:8,7:4,8:3] [2:2,6:6,7:3,8:10] [3:4,4:7,5:2,8:10] bases {4} {6,7} {8} {3,5} J {0,1,2}
core 170: EX every (sumlev3,sumlev4): types [0:3,3:6,4:2,5:10] [1:1,6:6,7:4,8:8] [2:2,6:7,7:4,8:8] [3:4,4:2,5:7,8:8] bases {5} {8} {6,7} {3,4} J {0,1,2}
core 171: EX every (-frozen): types [0:2,3:4,5:8,8:3] [1:1,4:8,7:6,8:4] [2:4,6:2,7:8,8:5] [3:2,4:7,5:10,6:6] bases {0,3} {1,4} {2,8} {5} J {6,7}
core 171: EX every (-frozen): types [0:3,3:2,5:4,8:8] [1:2,4:6,7:3,8:10] [2:4,6:3,7:6,8:8] [3:4,4:1,5:8,6:6] bases {0,3} {1,4} {8} {5,6} J {2,7}
core 172: EX every (-frozen): types [0:2,2:6,3:10,4:7] [1:10,6:7,7:2,8:6] [2:3,3:8,4:6,5:4] [5:8,6:6,7:3,8:4] bases {0,3} {1,7} {2,4} {6,8} J {5}
core 172: EX every (-frozen): types [0:8,2:4,3:10,4:3] [1:4,6:10,7:7,8:2] [2:4,3:2,4:7,5:8] [5:8,6:6,7:3,8:4] bases {0,2} {1,7} {3,4} {6,8} J {5}
core 173: EX every (-frozen): types [0:8,2:10,3:6,8:3] [1:7,6:2,7:8,8:4] [2:8,3:3,4:10,5:6] [4:8,5:3,6:6,7:10] bases {0,8} {1,6} {2,3} {4,5} J {7}
core 173: EX every (-frozen): types [0:4,2:10,3:8,8:3] [1:4,6:8,7:5,8:6] [2:8,3:2,4:4,5:5] [4:5,5:6,6:7,7:3] bases {0,3} {1,8} {4,5} {6,7} J {2}
core 174: EX every (-frozen): types [0:3,2:5,4:7,8:6] [1:4,3:5,6:8,7:2] [2:6,3:4,4:5,5:8] [5:7,6:6,7:3,8:5] bases {0,8} {1,3} {2,4} {6,7} J {5}
core 174: EX every (-frozen): types [0:5,2:6,4:8,8:4] [1:10,3:3,6:6,7:8] [2:3,3:10,4:8,5:6] [5:6,6:5,7:3,8:7] bases {0,8} {1,3} {2,4} {6,7} J {5}
core 175: EX every (-frozen): types [0:4,2:2,6:5,8:8] [1:3,5:8,7:2,8:4] [2:6,3:3,4:2,5:10] [3:2,4:7,6:4,7:8] bases {0,6} {1,8} {5} {3,7} J {2,4}
core 175: EX every (-frozen): types [0:10,2:3,6:6,8:8] [1:3,5:4,7:8,8:2] [2:6,3:8,4:4,5:1] [3:6,4:2,6:3,7:10] bases {0,2} {1,8} {3,5} {7} J {4,6}
core 176: EX every (-frozen): types [0:4,2:2,7:7,8:8] [1:3,6:10,7:6,8:2] [2:2,3:8,4:5,5:4] [3:2,4:3,5:6,6:10] bases {0,8} {1,7} {4,5} {6} J {2,3}
core 176: EX every (-frozen): types [0:5,2:6,7:8,8:4] [1:2,6:8,7:3,8:4] [2:2,3:10,4:7,5:6] [3:8,4:6,5:3,6:10] bases {7} {8} {2,3} {6} J {0,1,4,5}
core 177: EX every (-frozen): types [0:2,2:7,4:8,5:4] [1:3,3:6,8:7,9:5] [4:4,5:2,6:5,7:8] [6:10,7:6,8:8,9:3] bases {0,2} {1,3} {4,6} {8,9} J {5,7}
core 177: EX every (-frozen): types [0:4,2:5,4:8,5:2] [1:2,3:4,8:10,9:7] [4:8,5:6,6:4,7:1] [6:6,7:3,8:5,9:7] bases {0,2} {3,9} {4,5} {6,7} J {1,8}
core 178: EX every (-frozen): types [0:3,2:8,4:10,8:6] [1:5,3:4,7:8,9:2] [4:7,5:2,6:10,7:6] [5:6,6:8,8:5,9:4] bases {0,2} {1,3} {5,6} {8,9} J {4,7}
core 178: EX every (-frozen): types [0:10,2:2,4:6,8:7] [1:10,3:3,7:8,9:6] [4:5,5:6,6:8,7:4] [5:8,6:7,8:4,9:2] bases {0,2} {1,3} {4,7} {5,9} J {6,8}
core 178: EX every (sumlev3,sumlev4): types [0:4,2:3,4:10,8:8] [1:4,3:3,7:8,9:2] [4:8,5:1,6:4,7:6] [5:6,6:3,8:10,9:2] bases {0,2} {1,7} {4} {8} J {3,5,6,9}
core 179: EX every (leximin): types [0:4,2:2,4:8,9:3] [1:4,3:7,8:10,9:2] [4:8,5:2,6:3,7:4] [5:8,6:4,7:3,8:10] bases {4} {1,3} {6,7} {5,8} J {0,2,9}
core 179: EX every (sumlev3,sumlev4): types [0:4,2:2,4:8,9:3] [1:4,3:7,8:10,9:2] [4:8,5:2,6:3,7:4] [5:8,6:4,7:3,8:10] bases {4} {1,3} {6,7} {5,8} J {0,2,9}
core 179: EX every (-frozen): types [0:4,2:2,4:8,9:3] [1:4,3:7,8:10,9:2] [4:8,5:2,6:3,7:4] [5:8,6:4,7:3,8:10] bases {4} {1,3} {5,6} {7,8} J {0,2,9}
core 179: EX every (-frozen): types [0:3,2:4,4:2,9:8] [1:3,3:4,8:2,9:8] [4:6,5:2,6:3,7:10] [5:8,6:2,7:3,8:4] bases {0,2} {9} {4,7} {5,6} J {1,3,8}
core 179: EX every (sumlev3,sumlev4): types [0:2,2:3,4:4,9:8] [1:3,3:6,8:2,9:10] [4:4,5:8,6:6,7:3] [5:5,6:4,7:8,8:2] bases {9} {1,3} {5,6} {7,8} J {0,2,4}
core 179: EX every (leximin): types [0:3,2:4,4:2,9:8] [1:4,3:2,8:3,9:8] [4:3,5:7,6:6,7:5] [5:8,6:4,7:6,8:1] bases {0,2} {9} {4,5} {6,7} J {1,3,8}
core 180: EX every (-frozen): types [0:5,2:6,6:4,7:8] [1:3,4:5,8:7,9:6] [3:3,5:4,8:8,9:10] [6:2,7:10,8:6,9:7] bases {0,2} {1,4} {3,8} {6,7} J {5,9}
core 180: EX every (-frozen): types [0:8,2:3,6:4,7:10] [1:5,4:6,8:8,9:4] [3:3,5:8,8:4,9:10] [6:3,7:4,8:10,9:8] bases {0,2} {1,4} {3,5} {6,9} J {7,8}
core 181: EX every (-frozen): types [0:7,2:4,6:2,9:10] [1:7,4:2,7:10,9:4] [3:4,5:6,8:3,9:8] [6:5,7:2,8:4,9:8] bases {0,2} {1,9} {3,5} {6,8} J {4,7}
core 181: EX every (-frozen): types [0:3,2:2,6:6,9:10] [1:2,4:6,7:3,9:10] [3:4,5:5,8:6,9:8] [6:6,7:5,8:8,9:4] bases {0,6} {1,4} {9} {7,8} J {2,3,5}
core 181: EX every (leximin): types [0:3,2:4,6:2,9:8] [1:7,4:3,7:5,9:6] [3:3,5:2,8:6,9:10] [6:4,7:7,8:2,9:10] bases {0,2} {1,4} {9} {6,7} J {3,5,8}
core 181: EX every (sumlev3,sumlev4): types [0:3,2:4,6:2,9:8] [1:7,4:3,7:5,9:6] [3:3,5:2,8:6,9:10] [6:4,7:7,8:2,9:10] bases {0,2} {1,4} {9} {6,7} J {3,5,8}
core 181: EX every (sumlev3,sumlev4): types [0:1,2:4,6:6,9:8] [1:3,4:2,7:10,9:6] [3:3,5:2,8:6,9:10] [6:8,7:10,8:3,9:6] bases {2,6} {1,4} {9} {7} J {0,3,5,8}
core 181: EX every (leximin): types [0:5,2:3,6:7,9:6] [1:2,4:6,7:3,9:10] [3:3,5:4,8:2,9:8] [6:10,7:3,8:4,9:8] bases {0,2} {9} {3,5} {6,8} J {1,4,7}
core 182: EX every (-frozen): types [0:5,2:3,6:7,8:6] [1:2,4:4,7:10,9:7] [3:3,5:2,8:8,9:4] [6:1,7:4,8:8,9:6] bases {0,2} {4,9} {3,5} {8} J {1,6,7}
core 182: EX every (-frozen): types [0:6,2:3,6:10,8:2] [1:4,4:2,7:8,9:7] [3:1,5:4,8:8,9:6] [6:8,7:5,8:6,9:4] bases {0,2} {1,7} {3,8} {6} J {4,5,9}
core 182: EX every (sumlev3,sumlev4): types [0:3,2:2,6:4,8:8] [1:5,4:6,7:8,9:4] [3:1,5:4,8:6,9:8] [6:1,7:4,8:6,9:8] bases {8} {4,7} {3,5} {9} J {0,1,2,6}
core 182: EX every (sumlev3,sumlev4): types [0:3,2:2,6:6,8:10] [1:3,4:2,7:10,9:6] [3:1,5:4,8:6,9:8] [6:3,7:2,8:6,9:10] bases {8} {1,7} {3,5} {9} J {0,2,4,6}
core 183: EX every (-frozen): types [0:4,2:8,5:3,8:10] [1:6,4:4,7:3,9:8] [3:2,5:4,6:5,9:8] [6:6,7:1,8:8,9:4] bases {0,2} {1,4} {5,6} {7,8} J {3,9}
core 183: EX every (-frozen): types [0:8,2:2,5:7,8:4] [1:4,4:2,7:5,9:8] [3:10,5:4,6:2,9:7] [6:6,7:8,8:4,9:3] bases {0,2} {1,7} {3,5} {6,8} J {4,9}
core 183: EX every (sumlev3,sumlev4): types [0:6,2:2,5:3,8:10] [1:1,4:4,7:8,9:6] [3:2,5:6,6:3,9:10] [6:2,7:10,8:6,9:3] bases {0,8} {1,4} {9} {7} J {2,3,5,6}
core 184: EX every (-frozen): types [0:3,2:6,5:2,9:10] [1:6,4:2,7:7,8:10] [3:4,5:2,6:8,9:5] [6:10,7:8,8:3,9:4] bases {0,9} {4,8} {3,5} {6} J {1,2,7}
core 184: EX every (-frozen): types [0:4,2:5,5:8,9:2] [1:10,4:2,7:7,8:6] [3:8,5:3,6:2,9:4] [6:6,7:4,8:1,9:8] bases {0,2} {1,4} {3,5} {8,9} J {6,7}
core 184: EX every (sumlev3,sumlev4): types [0:2,2:6,5:3,9:10] [1:6,4:3,7:2,8:10] [3:3,5:4,6:10,9:8] [6:8,7:4,8:5,9:6] bases {9} {1,8} {3,5} {6} J {0,2,4,7}
core 185: EX every (-frozen): types [0:6,2:3,5:4,9:8] [1:4,4:7,8:10,9:2] [3:10,5:2,6:6,7:7] [6:2,7:4,8:5,9:8] bases {0,2} {1,4} {3,5} {7,8} J {6,9}
core 185: EX every (-frozen): types [0:2,2:8,5:7,9:4] [1:8,4:3,8:10,9:4] [3:3,5:5,6:6,7:7] [6:3,7:4,8:8,9:6] bases {0,2} {1,4} {3,5} {6,9} J {7,8}
core 185: EX every (sumlev3,sumlev4): types [0:3,2:6,5:2,9:10] [1:4,4:3,8:6,9:8] [3:10,5:4,6:8,7:3] [6:3,7:4,8:8,9:2] bases {9} {1,4} {3,6} {7,8} J {0,2,5}
core 185: EX every (sumlev3,sumlev4): types [0:4,2:3,5:8,9:10] [1:3,4:2,8:8,9:4] [3:2,5:8,6:4,7:3] [6:2,7:3,8:6,9:10] bases {0,2} {1,8} {5} {9} J {3,4,6,7}
core 185: EX every (leximin): types [0:3,2:2,5:4,9:8] [1:3,4:6,8:2,9:10] [3:4,5:3,6:10,7:8] [6:7,7:2,8:4,9:8] bases {9} {1,4} {3,7} {6,8} J {0,2,5}
core 185: EX every (leximin): types [0:2,2:3,5:6,9:10] [1:3,4:6,8:2,9:10] [3:7,5:2,6:10,7:6] [6:6,7:1,8:4,9:8] bases {9} {1,4} {3,7} {6,8} J {0,2,5}
core 186: EX every (-frozen): types [0:6,2:3,7:2,8:10] [1:6,4:4,7:3,9:8] [3:2,5:3,6:8,9:4] [5:7,6:6,8:10,9:2] bases {8} {1,4} {3,6} {5,9} J {0,2,7}
core 186: EX every (-frozen): types [0:1,2:4,7:6,8:8] [1:3,4:6,7:7,9:5] [3:2,5:8,6:3,9:4] [5:8,6:3,8:2,9:4] bases {0,8} {1,9} {3,6} {5} J {2,4,7}
core 186: EX every (sumlev3,sumlev4): types [0:2,2:3,7:10,8:6] [1:5,4:2,7:8,9:4] [3:2,5:7,6:10,9:4] [5:7,6:6,8:2,9:10] bases {7} {1,4} {3,6} {5,9} J {0,2,8}
core 186: EX every (leximin): types [0:3,2:2,7:8,8:4] [1:3,4:6,7:10,9:2] [3:5,5:6,6:8,9:4] [5:2,6:8,8:4,9:5] bases {7} {1,4} {3,5} {6,9} J {0,2,8}
core 186: EX every (sumlev3,sumlev4): types [0:3,2:2,7:8,8:4] [1:3,4:6,7:10,9:2] [3:5,5:6,6:8,9:4] [5:2,6:8,8:4,9:5] bases {7} {1,4} {3,5} {6,9} J {0,2,8}
core 186: EX every (leximin): types [0:2,2:6,7:10,8:3] [1:3,4:4,7:8,9:2] [3:8,5:2,6:3,9:4] [5:10,6:4,8:2,9:7] bases {7} {1,4} {3,6} {5,9} J {0,2,8}
core 187: EX every (-frozen): types [0:7,2:3,7:5,9:6] [1:4,4:6,8:8,9:3] [3:8,5:4,6:3,9:10] [5:5,6:7,7:3,8:6] bases {0,2} {1,4} {3,5} {7,8} J {6,9}
core 187: EX every (-frozen): types [0:8,2:4,7:3,9:10] [1:7,4:4,8:10,9:2] [3:4,5:3,6:8,9:6] [5:6,6:3,7:5,8:7] bases {0,2} {1,4} {3,9} {5,6} J {7,8}
core 187: EX every (sumlev3,sumlev4): types [0:4,2:1,7:8,9:6] [1:3,4:2,8:6,9:10] [3:3,5:10,6:4,9:8] [5:10,6:2,7:6,8:3] bases {0,7} {9} {3,6} {5} J {1,2,4,8}
core 187: EX every (sumlev3,sumlev4): types [0:2,2:4,7:3,9:8] [1:7,4:2,8:4,9:10] [3:4,5:2,6:5,9:8] [5:6,6:2,7:3,8:10] bases {9} {1,4} {3,6} {5,8} J {0,2,7}
core 187: EX every (leximin): types [0:2,2:3,7:4,9:8] [1:3,4:4,8:2,9:8] [3:10,5:8,6:3,9:4] [5:6,6:8,7:3,8:4] bases {9} {1,4} {3,5} {6,8} J {0,2,7}
core 187: EX every (leximin): types [0:6,2:3,7:2,9:10] [1:2,4:3,8:4,9:8] [3:7,5:4,6:10,9:2] [5:6,6:5,7:7,8:3] bases {0,2} {9} {3,6} {5,7} J {1,4,8}
core 188: EX every (-frozen): types [0:2,2:4,8:5,9:8] [1:8,4:1,8:6,9:4] [3:7,5:4,6:8,7:2] [5:10,6:4,7:7,9:2] bases {2,8} {1,4} {3,5} {6,7} J {0,9}
core 188: EX every (-frozen): types [0:2,2:4,8:8,9:5] [1:6,4:5,8:8,9:4] [3:2,5:8,6:7,7:4] [5:10,6:4,7:7,9:2] bases {2,9} {1,4} {3,5} {6,7} J {0,8}
core 188: EX every (sumlev3,sumlev4): types [0:4,2:3,8:8,9:2] [1:2,4:3,8:6,9:10] [3:6,5:3,6:10,7:2] [5:4,6:7,7:2,9:10] bases {0,8} {9} {6} {5,7} J {1,2,3,4}
core 188: EX every (leximin): types [0:4,2:3,8:2,9:8] [1:6,4:4,8:3,9:8] [3:7,5:10,6:2,7:4] [5:2,6:3,7:6,9:10] bases {9} {1,4} {3,5} {6,7} J {0,2,8}
core 188: EX every (sumlev3,sumlev4): types [0:4,2:3,8:2,9:8] [1:6,4:4,8:3,9:8] [3:7,5:10,6:2,7:4] [5:2,6:3,7:6,9:10] bases {9} {1,4} {3,5} {6,7} J {0,2,8}
core 189: EX every (-frozen): types [0:6,2:5,8:8,9:4] [1:10,5:2,8:7,9:6] [3:3,6:6,8:10,9:8] [4:10,7:3,8:8,9:6] bases {0,2} {1,5} {3,8} {4,7} J {6,9}
core 189: EX every (-frozen): types [0:3,2:6,8:10,9:8] [1:6,5:3,8:10,9:8] [3:4,6:8,8:3,9:10] [4:3,7:4,8:10,9:8] bases {0,2} {1,5} {3,6} {8} J {4,7,9}
core 189: EX every (leximin): types [0:4,2:3,8:8,9:2] [1:2,5:6,8:10,9:3] [3:3,6:4,8:8,9:2] [4:3,7:4,8:8,9:2] bases {0,2} {8} {3,6} {4,7} J {1,5,9}
core 189: EX every (sumlev3,sumlev4): types [0:4,2:3,8:8,9:2] [1:2,5:6,8:10,9:3] [3:3,6:4,8:8,9:2] [4:3,7:4,8:8,9:2] bases {0,2} {8} {3,6} {4,7} J {1,5,9}
core 190: EX every (-frozen): types [0:4,2:6,7:5,9:8] [1:5,5:4,8:2,9:8] [3:5,6:3,8:6,9:7] [4:10,7:2,8:4,9:7] bases {0,2} {1,5} {3,6} {4,7} J {8,9}
core 190: EX every (-frozen): types [0:6,2:5,7:8,9:4] [1:2,5:7,8:4,9:8] [3:4,6:2,8:7,9:8] [4:6,7:8,8:4,9:5] bases {0,2} {1,5} {6,8} {4,7} J {3,9}
core 190: EX every (sumlev3,sumlev4): types [0:2,2:3,7:4,9:8] [1:3,5:10,8:8,9:6] [3:1,6:6,8:4,9:8] [4:6,7:2,8:10,9:7] bases {9} {1,5} {3,6} {4,8} J {0,2,7}
core 190: EX every (sumlev3,sumlev4): types [0:3,2:4,7:2,9:8] [1:7,5:2,8:4,9:10] [3:5,6:4,8:8,9:2] [4:3,7:2,8:10,9:6] bases {9} {1,5} {3,6} {4,8} J {0,2,7}
core 190: EX every (leximin): types [0:6,2:3,7:2,9:10] [1:6,5:3,8:2,9:10] [3:4,6:6,8:3,9:8] [4:7,7:2,8:4,9:8] bases {9} {1,5} {3,6} {4,8} J {0,2,7}
core 191: EX every (-frozen): types [0:3,2:8,7:10,8:4] [1:4,5:8,7:10,9:3] [3:4,6:8,8:3,9:10] [4:10,7:4,8:3,9:8] bases {0,2} {1,5} {3,6} {7,9} J {4,8}
core 191: EX every (-frozen): types [0:7,2:2,7:6,8:10] [1:3,5:6,7:5,9:7] [3:5,6:3,8:6,9:7] [4:3,7:4,8:10,9:8] bases {2,8} {1,5} {3,6} {4,9} J {0,7}
core 191: EX every (sumlev3,sumlev4): types [0:5,2:6,7:8,8:4] [1:2,5:7,7:6,9:10] [3:6,6:2,8:3,9:10] [4:7,7:10,8:2,9:4] bases {0,2} {1,5} {9} {4,7} J {3,6,8}
core 192: EX every (-frozen): types [0:2,2:8,6:4,7:7] [1:4,5:6,8:8,9:3] [3:4,6:8,8:3,9:10] [4:6,7:3,8:8,9:10] bases {0,2} {1,5} {3,6} {7,8} J {4,9}
core 192: EX every (-frozen): types [0:6,2:3,6:7,7:5] [1:8,5:3,8:10,9:4] [3:4,6:1,8:6,9:8] [4:7,7:3,8:6,9:5] bases {0,2} {1,5} {6,9} {4,7} J {3,8}
core 193: EX every (-frozen): types [0:4,2:7,6:10,8:2] [1:5,5:4,7:8,9:2] [3:6,6:3,8:8,9:10] [4:8,7:3,8:4,9:10] bases {0,2} {1,5} {6,8} {4,7} J {3,9}
core 193: EX every (-frozen): types [0:6,2:4,6:8,8:3] [1:7,5:2,7:4,9:8] [3:8,6:6,8:4,9:1] [4:8,7:3,8:4,9:2] bases {0,2} {1,5} {3,9} {4,7} J {6,8}
core 193: EX every (sumlev3,sumlev4): types [0:3,2:2,6:4,8:8] [1:2,5:3,7:6,9:10] [3:5,6:2,8:4,9:8] [4:2,7:7,8:10,9:4] bases {8} {9} {3,6} {4,7} J {0,1,2,5}
core 193: EX every (sumlev3,sumlev4): types [0:2,2:3,6:6,8:10] [1:3,5:2,7:6,9:10] [3:6,6:8,8:4,9:5] [4:4,7:2,8:8,9:7] bases {8} {9} {3,6} {4,7} J {0,1,2,5}
core 194: EX every (-frozen): types [0:3,2:10,6:8,9:6] [1:5,5:3,8:6,9:7] [3:3,6:6,7:4,9:8] [4:5,7:6,8:7,9:3] bases {0,2} {1,5} {3,6} {4,8} J {7,9}
core 194: EX every (-frozen): types [0:7,2:4,6:2,9:10] [1:6,5:4,8:8,9:3] [3:3,6:10,7:8,9:6] [4:6,7:10,8:8,9:3] bases {0,2} {1,5} {3,6} {4,8} J {7,9}
core 194: EX every (leximin): types [0:2,2:3,6:4,9:8] [1:3,5:4,8:2,9:8] [3:4,6:2,7:8,9:7] [4:7,7:2,8:4,9:10] bases {9} {1,5} {3,7} {4,8} J {0,2,6}
core 194: EX every (sumlev3,sumlev4): types [0:2,2:3,6:4,9:8] [1:3,5:4,8:2,9:8] [3:4,6:2,7:8,9:7] [4:7,7:2,8:4,9:10] bases {9} {1,5} {3,7} {4,8} J {0,2,6}
core 194: EX every (sumlev3,sumlev4): types [0:1,2:6,6:4,9:8] [1:3,5:6,8:2,9:10] [3:8,6:10,7:3,9:4] [4:7,7:5,8:3,9:6] bases {0,2} {9} {3,6} {4,7} J {1,5,8}
core 194: EX every (leximin): types [0:4,2:2,6:3,9:8] [1:6,5:3,8:2,9:10] [3:7,6:2,7:6,9:10] [4:8,7:3,8:10,9:6] bases {9} {1,5} {3,7} {4,8} J {0,2,6}
core 195: EX every (-frozen): types [0:10,2:2,6:7,9:6] [1:2,5:8,8:7,9:4] [3:6,6:7,7:10,8:2] [4:8,7:6,8:4,9:3] bases {0,2} {1,5} {3,6} {7,8} J {4,9}
core 195: EX every (-frozen): types [0:3,2:7,6:5,9:6] [1:3,5:5,8:7,9:6] [3:3,6:7,7:6,8:5] [4:2,7:10,8:6,9:7] bases {0,2} {1,5} {3,6} {4,7} J {8,9}
core 195: EX every (leximin): types [0:2,2:3,6:6,9:10] [1:3,5:4,8:2,9:8] [3:5,6:2,7:4,8:8] [4:8,7:4,8:5,9:2] bases {9} {1,5} {3,8} {4,7} J {0,2,6}
core 195: EX every (sumlev3,sumlev4): types [0:2,2:3,6:6,9:10] [1:3,5:4,8:2,9:8] [3:5,6:2,7:4,8:8] [4:8,7:4,8:5,9:2] bases {9} {1,5} {3,8} {4,7} J {0,2,6}
core 195: EX every (sumlev3,sumlev4): types [0:2,2:3,6:6,9:10] [1:2,5:5,8:4,9:8] [3:4,6:3,7:10,8:8] [4:4,7:6,8:8,9:5] bases {9} {1,5} {3,7} {4,8} J {0,2,6}
core 195: EX every (leximin): types [0:2,2:3,6:4,9:8] [1:3,5:4,8:2,9:8] [3:4,6:2,7:8,8:5] [4:7,7:3,8:5,9:6] bases {9} {1,5} {3,7} {4,8} J {0,2,6}
core 196: EX every (-frozen): types [0:3,2:2,7:10,8:6] [1:2,5:7,7:10,9:6] [3:3,6:8,8:4,9:10] [4:4,6:3,8:2,9:8] bases {7} {1,5} {3,6} {4,9} J {0,2,8}
core 196: EX every (-frozen): types [0:2,2:3,7:8,8:4] [1:3,5:2,7:8,9:4] [3:3,6:6,8:8,9:4] [4:10,6:7,8:4,9:2] bases {0,2} {7} {3,6} {4,8} J {1,5,9}
core 196: EX every (sumlev3,sumlev4): types [0:4,2:3,7:8,8:2] [1:2,5:7,7:10,9:4] [3:3,6:6,8:2,9:10] [4:7,6:10,8:6,9:2] bases {7} {1,5} {3,9} {4,6} J {0,2,8}
core 196: EX every (leximin): types [0:3,2:6,7:10,8:2] [1:4,5:3,7:8,9:2] [3:8,6:10,8:3,9:6] [4:6,6:4,8:8,9:5] bases {0,2} {7} {3,6} {4,8} J {1,5,9}
core 196: EX every (sumlev3,sumlev4): types [0:3,2:6,7:10,8:2] [1:4,5:3,7:8,9:2] [3:8,6:10,8:3,9:6] [4:6,6:4,8:8,9:5] bases {0,2} {7} {3,6} {4,8} J {1,5,9}
core 196: EX every (leximin): types [0:3,2:4,7:8,8:2] [1:4,5:3,7:8,9:2] [3:8,6:7,8:4,9:2] [4:4,6:8,8:3,9:10] bases {7} {1,5} {3,6} {4,9} J {0,2,8}
core 197: EX every (-frozen): types [0:4,2:2,8:8,9:5] [1:3,5:6,8:7,9:5] [3:7,6:10,7:2,9:6] [4:10,6:3,7:6,9:8] bases {0,9} {1,5} {3,6} {4,7} J {2,8}
core 197: EX every (-frozen): types [0:2,2:7,8:4,9:8] [1:8,5:1,8:6,9:4] [3:8,6:2,7:3,9:4] [4:4,6:2,7:10,9:7] bases {0,2} {1,5} {3,6} {4,7} J {8,9}
core 197: EX every (leximin): types [0:6,2:4,8:3,9:8] [1:4,5:3,8:2,9:8] [3:5,6:4,7:2,9:8] [4:3,6:2,7:6,9:10] bases {0,2} {9} {3,6} {4,7} J {1,5,8}
core 197: EX every (sumlev3,sumlev4): types [0:6,2:4,8:3,9:8] [1:4,5:3,8:2,9:8] [3:5,6:4,7:2,9:8] [4:3,6:2,7:6,9:10] bases {0,2} {9} {3,6} {4,7} J {1,5,8}
core 197: EX every (sumlev3,sumlev4): types [0:2,2:3,8:4,9:8] [1:3,5:4,8:2,9:8] [3:3,6:2,7:10,9:6] [4:2,6:5,7:4,9:8] bases {9} {1,5} {3,7} {4,6} J {0,2,8}
core 198: EX every (-frozen): types [0:7,2:3,8:6,9:5] [1:4,5:2,8:8,9:5] [3:6,6:8,7:3,8:4] [4:2,6:10,7:7,9:4] bases {0,2} {1,9} {3,7} {4,6} J {5,8}
core 198: EX every (-frozen): types [0:6,2:1,8:8,9:4] [1:5,5:4,8:8,9:6] [3:4,6:8,7:5,8:2] [4:4,6:8,7:2,9:7] bases {2,8} {1,5} {3,7} {4,6} J {0,9}
core 198: EX every (sumlev3,sumlev4): types [0:3,2:4,8:2,9:8] [1:2,5:6,8:3,9:10] [3:10,6:8,7:3,8:4] [4:5,6:4,7:2,9:8] bases {0,2} {9} {3,6} {4,7} J {1,5,8}
core 198: EX every (sumlev3,sumlev4): types [0:2,2:7,8:8,9:4] [1:4,5:3,8:8,9:2] [3:4,6:3,7:2,8:8] [4:7,6:6,7:2,9:10] bases {0,2} {1,5} {8} {4,9} J {3,6,7}
core 198: EX every (leximin): types [0:4,2:3,8:8,9:2] [1:10,5:3,8:6,9:8] [3:3,6:4,7:2,8:8] [4:6,6:2,7:3,9:10] bases {0,2} {1,5} {8} {4,9} J {3,6,7}
core 199: EX every (-frozen): types [0:6,2:4,5:5,6:8] [1:8,5:4,6:5,9:2] [3:7,7:2,8:10,9:6] [4:4,7:6,8:8,9:3] bases {0,2} {5,6} {3,8} {4,7} J {1,9}
core 199: EX every (-frozen): types [0:6,2:3,5:7,6:5] [1:3,5:7,6:6,9:5] [3:4,7:8,8:6,9:1] [4:3,7:8,8:4,9:6] bases {0,2} {1,5} {3,8} {4,7} J {6,9}
core 200: EX every (-frozen): types [0:6,2:3,6:4,7:8] [1:3,5:4,6:8,9:10] [3:2,5:10,8:4,9:7] [4:4,7:8,8:3,9:6] bases {0,2} {1,6} {8,9} {4,7} J {3,5}
core 200: EX every (-frozen): types [0:2,2:10,6:7,7:6] [1:3,5:4,6:10,9:8] [3:6,5:8,8:4,9:3] [4:2,7:8,8:4,9:7] bases {0,2} {1,6} {3,8} {4,7} J {5,9}
core 200: EX every (sumlev3,sumlev4): types [0:2,2:7,6:6,7:10] [1:4,5:2,6:8,9:3] [3:8,5:4,8:3,9:2] [4:4,7:8,8:2,9:3] bases {0,2} {1,6} {3,5} {7} J {4,8,9}
core 200: EX every (leximin): types [0:3,2:4,6:2,7:8] [1:8,5:7,6:2,9:4] [3:6,5:5,8:3,9:7] [4:6,7:10,8:3,9:2] bases {7} {1,5} {3,9} {4,8} J {0,2,6}
core 200: EX every (sumlev3,sumlev4): types [0:3,2:4,6:2,7:8] [1:8,5:7,6:2,9:4] [3:6,5:5,8:3,9:7] [4:6,7:10,8:3,9:2] bases {7} {1,5} {3,9} {4,8} J {0,2,6}
core 201: EX every (-frozen): types [0:6,2:5,6:8,9:4] [1:3,5:4,6:8,7:6] [3:5,5:4,8:8,9:2] [4:5,7:8,8:2,9:4] bases {0,2} {1,6} {3,5} {4,9} J {7,8}
core 201: EX every (-frozen): types [0:6,2:3,6:7,9:5] [1:5,5:4,6:8,7:2] [3:10,5:3,8:8,9:6] [4:2,7:8,8:4,9:5] bases {0,2} {1,6} {3,5} {8,9} J {4,7}
core 201: EX every (sumlev3,sumlev4): types [0:3,2:2,6:4,9:8] [1:8,5:7,6:2,7:4] [3:2,5:6,8:10,9:7] [4:3,7:6,8:8,9:10] bases {9} {1,5} {3,8} {4,7} J {0,2,6}
core 201: EX every (leximin): types [0:3,2:4,6:8,9:2] [1:6,5:3,6:10,7:2] [3:5,5:4,8:8,9:2] [4:8,7:4,8:2,9:5] bases {0,2} {6} {3,8} {4,9} J {1,5,7}
core 201: EX every (sumlev3,sumlev4): types [0:3,2:4,6:8,9:2] [1:6,5:3,6:10,7:2] [3:5,5:4,8:8,9:2] [4:8,7:4,8:2,9:5] bases {0,2} {6} {3,8} {4,9} J {1,5,7}
core 201: EX every (leximin): types [0:3,2:2,6:10,9:6] [1:3,5:2,6:10,7:6] [3:6,5:8,8:4,9:3] [4:10,7:6,8:7,9:2] bases {6} {1,7} {3,5} {4,8} J {0,2,9}
core 202: EX every (-frozen): types [0:3,2:8,8:10,9:4] [1:3,5:8,6:4,7:10] [3:8,5:4,6:2,9:3] [4:8,7:2,8:4,9:7] bases {0,2} {1,5} {3,6} {4,7} J {8,9}
core 202: EX every (-frozen): types [0:8,2:2,8:4,9:7] [1:10,5:8,6:4,7:3] [3:10,5:8,6:3,9:6] [4:3,7:10,8:6,9:8] bases {0,2} {1,5} {3,6} {4,7} J {8,9}
core 202: EX every (sumlev3,sumlev4): types [0:2,2:7,8:4,9:10] [1:10,5:3,6:6,7:8] [3:2,5:6,6:3,9:10] [4:4,7:2,8:8,9:5] bases {0,2} {1,7} {9} {4,8} J {3,5,6}
core 202: EX every (leximin): types [0:3,2:6,8:2,9:10] [1:8,5:10,6:3,7:4] [3:3,5:2,6:4,9:8] [4:8,7:6,8:5,9:4] bases {9} {1,5} {3,6} {4,7} J {0,2,8}
core 202: EX every (sumlev3,sumlev4): types [0:3,2:6,8:2,9:10] [1:8,5:10,6:3,7:4] [3:3,5:2,6:4,9:8] [4:8,7:6,8:5,9:4] bases {9} {1,5} {3,6} {4,7} J {0,2,8}
core 202: EX every (leximin): types [0:3,2:2,8:4,9:8] [1:10,5:7,6:4,7:2] [3:3,5:2,6:4,9:8] [4:8,7:4,8:3,9:2] bases {9} {1,5} {3,6} {4,7} J {0,2,8}
core 203: EX every (leximin): types [0:3,2:2,4:8,5:4] [1:3,4:10,6:2,8:6] [3:4,5:3,7:8,9:6] [6:6,7:1,8:4,9:8] bases {4} {1,8} {3,7} {6,9} J {0,2,5}
core 203: EX every (sumlev3,sumlev4): types [0:3,2:2,4:8,5:4] [1:3,4:10,6:2,8:6] [3:4,5:3,7:8,9:6] [6:6,7:1,8:4,9:8] bases {4} {1,8} {3,7} {6,9} J {0,2,5}
core 203: EX every (-frozen): types [0:3,2:2,4:8,5:4] [1:3,4:10,6:2,8:6] [3:4,5:3,7:8,9:6] [6:6,7:1,8:4,9:8] bases {4} {1,8} {3,7} {6,9} J {0,2,5}
core 203: EX every (-frozen): types [0:2,2:10,4:7,5:6] [1:10,4:6,6:8,8:3] [3:7,5:8,7:4,9:2] [6:8,7:6,8:3,9:10] bases {0,2} {1,4} {3,9} {6,8} J {5,7}
core 203: EX every (leximin): types [0:3,2:6,4:10,5:2] [1:3,4:8,6:2,8:4] [3:4,5:2,7:8,9:3] [6:7,7:4,8:2,9:8] bases {4} {1,8} {3,7} {6,9} J {0,2,5}
core 203: EX every (sumlev3,sumlev4): types [0:3,2:6,4:10,5:2] [1:3,4:8,6:2,8:4] [3:4,5:2,7:8,9:3] [6:7,7:4,8:2,9:8] bases {4} {1,8} {3,7} {6,9} J {0,2,5}
core 204: EX every (-frozen): types [0:8,2:3,4:10,6:4] [1:2,4:10,6:7,9:4] [3:7,5:6,7:5,8:3] [5:8,7:2,8:7,9:4] bases {0,2} {6,9} {3,5} {7,8} J {1,4}
core 204: EX every (-frozen): types [0:3,2:8,4:10,6:6] [1:5,4:3,6:7,9:6] [3:2,5:4,7:5,8:8] [5:7,7:6,8:5,9:3] bases {0,2} {1,4} {3,8} {5,7} J {6,9}
core 205: EX every (-frozen): types [0:7,2:4,4:10,7:2] [1:3,4:10,8:8,9:6] [3:5,5:8,6:4,9:6] [5:4,6:8,7:5,8:6] bases {0,2} {1,4} {3,6} {7,8} J {5,9}
core 205: EX every (-frozen): types [0:2,2:8,4:4,7:7] [1:8,4:5,8:4,9:2] [3:8,5:2,6:7,9:4] [5:5,6:8,7:4,8:6] bases {0,2} {1,4} {3,5} {7,8} J {6,9}
core 205: EX every (leximin): types [0:3,2:2,4:8,7:4] [1:6,4:10,8:3,9:2] [3:6,5:3,6:2,9:10] [5:7,6:6,7:3,8:5] bases {4} {1,8} {3,9} {5,6} J {0,2,7}
core 205: EX every (sumlev3,sumlev4): types [0:3,2:2,4:8,7:4] [1:6,4:10,8:3,9:2] [3:6,5:3,6:2,9:10] [5:7,6:6,7:3,8:5] bases {4} {1,8} {3,9} {5,6} J {0,2,7}
core 205: EX every (leximin): types [0:3,2:6,4:10,7:2] [1:3,4:8,8:2,9:4] [3:10,5:7,6:2,9:6] [5:6,6:10,7:2,8:7] bases {4} {1,9} {3,5} {6,8} J {0,2,7}
core 205: EX every (sumlev3,sumlev4): types [0:3,2:6,4:10,7:2] [1:3,4:8,8:2,9:4] [3:10,5:7,6:2,9:6] [5:6,6:10,7:2,8:7] bases {4} {1,9} {3,5} {6,8} J {0,2,7}
core 206: EX every (-frozen): types [0:4,2:6,5:8,6:5] [1:2,4:4,8:8,9:7] [3:10,7:2,8:4,9:7] [4:5,5:7,6:6,7:3] bases {0,2} {1,8} {3,9} {4,7} J {5,6}
core 206: EX every (-frozen): types [0:6,2:4,5:8,6:5] [1:8,4:6,8:3,9:4] [3:1,7:6,8:8,9:4] [4:2,5:7,6:10,7:4] bases {0,2} {1,9} {3,8} {5,7} J {4,6}
core 206: EX every (sumlev3,sumlev4): types [0:3,2:2,5:10,6:6] [1:2,4:8,8:7,9:4] [3:2,7:6,8:10,9:3] [4:8,5:6,6:1,7:4] bases {5,6} {1,9} {8} {4} J {0,2,3,7}
core 207: EX every (-frozen): types [0:5,4:8,6:4,8:6] [1:7,4:2,6:8,9:4] [2:10,5:8,7:4,8:3] [3:5,5:8,7:2,9:4] bases {0,4} {6} {5,7} {3,9} J {1,2,8}
core 207: EX every (-frozen): types [0:10,4:3,6:8,8:6] [1:3,4:10,6:2,9:6] [2:3,5:6,7:7,8:5] [3:7,5:8,7:4,9:2] bases {0,6} {1,4} {2,5} {3,9} J {7,8}
core 208: EX every (-frozen): types [0:2,4:7,6:8,9:4] [1:2,4:8,7:7,8:4] [2:8,5:3,6:4,8:10] [3:8,5:4,7:1,9:6] bases {0,6} {1,4} {2,5} {3,7} J {8,9}
core 208: EX every (-frozen): types [0:6,4:4,6:3,9:8] [1:8,4:4,7:6,8:1] [2:4,5:5,6:8,8:6] [3:7,5:6,7:5,9:3] bases {0,4} {1,8} {2,5} {3,9} J {6,7}
core 208: EX every (sumlev3,sumlev4): types [0:1,4:8,6:6,9:4] [1:3,4:8,7:2,8:4] [2:6,5:7,6:5,8:3] [3:6,5:4,7:1,9:8] bases {0,6} {4} {2,5} {3,9} J {1,7,8}
core 208: EX every (leximin): types [0:2,4:4,6:3,9:8] [1:8,4:2,7:4,8:5] [2:10,5:4,6:2,8:7] [3:4,5:3,7:2,9:8] bases {9} {1,7} {2,8} {3,5} J {0,4,6}
core 208: EX every (sumlev3,sumlev4): types [0:2,4:4,6:3,9:8] [1:8,4:2,7:4,8:5] [2:10,5:4,6:2,8:7] [3:4,5:3,7:2,9:8] bases {9} {1,7} {2,8} {3,5} J {0,4,6}
core 209: EX every (-frozen): types [0:6,2:3,6:5,8:7] [1:8,4:1,7:6,10:4] [3:3,5:4,9:6,10:8] [6:8,7:5,8:4,9:2] bases {0,2} {1,4} {3,9} {6,8} J {5,7,10}
core 209: EX every (-frozen): types [0:7,2:2,6:8,8:4] [1:4,4:6,7:3,10:8] [3:7,5:2,9:10,10:4] [6:3,7:2,8:8,9:4] bases {0,2} {1,4} {3,10} {6,8} J {5,7,9}
core 209: EX every (sumlev3,sumlev4): types [0:2,2:3,6:10,8:6] [1:2,4:4,7:3,10:8] [3:4,5:3,9:10,10:8] [6:7,7:2,8:4,9:10] bases {6,8} {10} {3,5} {9} J {0,1,2,4,7}
core 209: EX every (leximin): types [0:3,2:5,6:7,8:6] [1:4,4:3,7:2,10:8] [3:3,5:6,9:2,10:10] [6:10,7:3,8:6,9:8] bases {2,8} {10} {3,5} {6,9} J {0,1,4,7}
core 209: EX every (sumlev3,sumlev4): types [0:3,2:5,6:7,8:6] [1:4,4:3,7:2,10:8] [3:3,5:6,9:2,10:10] [6:10,7:3,8:6,9:8] bases {2,8} {10} {3,5} {6,9} J {0,1,4,7}
core 209: EX every (leximin): types [0:6,2:4,6:8,8:5] [1:6,4:2,7:3,10:10] [3:3,5:6,9:2,10:10] [6:5,7:4,8:8,9:6] bases {0,6} {10} {3,5} {8,9} J {1,2,4,7}
core 210: EX every (-frozen): types [0:2,2:6,8:10,10:7] [1:4,5:6,8:5,10:8] [3:7,6:2,9:10,10:6] [4:8,7:3,9:6,10:10] bases {0,8} {1,5} {3,9} {4,7} J {2,6,10}
core 210: EX every (-frozen): types [0:3,2:8,8:4,10:10] [1:2,5:10,8:7,10:6] [3:1,6:8,9:6,10:4] [4:4,7:3,9:10,10:8] bases {0,2} {1,5} {3,6} {4,9} J {7,8,10}
core 210: EX every (sumlev3,sumlev4): types [0:7,2:2,8:6,10:10] [1:6,5:3,8:8,10:10] [3:6,6:2,9:3,10:10] [4:8,7:4,9:3,10:10] bases {0,2} {1,8} {10} {4,7} J {3,5,6,9}
core 210: EX every (leximin): types [0:3,2:4,8:2,10:8] [1:7,5:2,8:6,10:10] [3:3,6:2,9:4,10:8] [4:6,7:4,9:3,10:8] bases {0,2} {1,8} {10} {4,7} J {3,5,6,9}
core 210: EX every (sumlev3,sumlev4): types [0:3,2:4,8:2,10:8] [1:7,5:2,8:6,10:10] [3:3,6:2,9:4,10:8] [4:6,7:4,9:3,10:8] bases {0,2} {1,8} {10} {4,7} J {3,5,6,9}
core 210: EX every (leximin): types [0:2,2:6,8:3,10:10] [1:4,5:8,8:3,10:10] [3:4,6:3,9:10,10:8] [4:3,7:4,9:2,10:8] bases {10} {1,5} {3,9} {4,7} J {0,2,6,8}
core 211: EX every (-frozen): types [0:2,2:4,8:8,9:3] [1:2,5:4,8:3,10:8] [3:2,6:7,9:6,10:10] [4:4,7:1,9:6,10:8] bases {0,8} {1,5} {3,6} {10} J {2,4,7,9}
core 211: EX every (-frozen): types [0:2,2:3,8:4,9:8] [1:6,5:3,8:5,10:7] [3:3,6:2,9:10,10:6] [4:3,7:7,9:6,10:5] bases {0,2} {1,8} {9} {4,7} J {3,5,6,10}
core 211: EX every (leximin): types [0:4,2:3,8:2,9:8] [1:4,5:2,8:3,10:8] [3:8,6:1,9:4,10:6] [4:3,7:6,9:2,10:10] bases {0,9} {10} {3,6} {4,7} J {1,2,5,8}
core 211: EX every (sumlev3,sumlev4): types [0:4,2:3,8:2,9:8] [1:4,5:2,8:3,10:8] [3:8,6:1,9:4,10:6] [4:3,7:6,9:2,10:10] bases {0,9} {10} {3,6} {4,7} J {1,2,5,8}
core 211: EX every (sumlev3,sumlev4): types [0:3,2:2,8:6,9:10] [1:2,5:4,8:3,10:8] [3:6,6:3,9:4,10:8] [4:2,7:5,9:8,10:4] bases {9} {5,10} {3,6} {4,7} J {0,1,2,8}
core 211: EX every (leximin): types [0:3,2:6,8:4,9:8] [1:6,5:2,8:3,10:10] [3:3,6:7,9:5,10:6] [4:3,7:6,9:2,10:10] bases {2,9} {10} {3,6} {4,7} J {0,1,5,8}
core 212: EX every (-frozen): types [0:4,2:1,7:8,8:6] [1:2,5:7,7:6,10:10] [3:8,6:3,9:10,10:6] [4:8,8:2,9:3,10:4] bases {2,7} {1,10} {3,6} {4,9} J {0,5,8}
core 212: EX every (-frozen): types [0:5,2:4,7:2,8:8] [1:1,5:6,7:4,10:8] [3:5,6:3,9:6,10:7] [4:7,8:8,9:4,10:2] bases {0,2} {5,7} {3,6} {4,10} J {1,8,9}
core 212: EX every (sumlev3,sumlev4): types [0:3,2:7,7:5,8:6] [1:6,5:2,7:3,10:10] [3:5,6:2,9:4,10:8] [4:4,8:2,9:8,10:5] bases {2,8} {10} {3,6} {4,9} J {0,1,5,7}
core 212: EX every (sumlev3,sumlev4): types [0:8,2:3,7:6,8:10] [1:2,5:3,7:6,10:10] [3:2,6:7,9:6,10:10] [4:4,8:3,9:8,10:2] bases {0,8} {10} {3,6} {4,9} J {1,2,5,7}
core 212: EX every (leximin): types [0:3,2:6,7:10,8:2] [1:6,5:3,7:10,10:2] [3:6,6:5,9:8,10:4] [4:4,8:8,9:6,10:1] bases {0,2} {7} {3,9} {4,8} J {1,5,6,10}
core 212: EX every (leximin): types [0:3,2:6,7:10,8:2] [1:4,5:3,7:8,10:2] [3:4,6:3,9:6,10:8] [4:8,8:2,9:5,10:4] bases {7} {1,5} {3,10} {4,9} J {0,2,6,8}
core 213: EX every (-frozen): types [0:10,2:2,7:7,8:6] [1:8,5:1,9:6,10:4] [3:5,6:4,9:8,10:6] [4:8,7:4,8:2,10:3] bases {0,2} {1,5} {3,6} {4,7} J {8,9,10}
core 213: EX every (-frozen): types [0:2,2:5,7:8,8:4] [1:2,5:5,9:8,10:4] [3:1,6:8,9:6,10:4] [4:4,7:8,8:2,10:5] bases {2,8} {1,9} {3,6} {4,10} J {0,5,7}
core 213: EX every (sumlev3,sumlev4): types [0:2,2:7,7:10,8:6] [1:3,5:6,9:2,10:10] [3:2,6:3,9:4,10:8] [4:7,7:4,8:2,10:10] bases {2,7} {1,5} {10} {4,8} J {0,3,6,9}
core 213: EX every (sumlev3,sumlev4): types [0:6,2:2,7:3,8:10] [1:2,5:3,9:6,10:10] [3:2,6:6,9:10,10:3] [4:4,7:1,8:6,10:8] bases {8} {10} {6,9} {4,7} J {0,1,2,3,5}
core 214: EX every (-frozen): types [0:7,2:2,7:10,10:4] [1:6,5:3,8:5,10:7] [3:4,6:5,9:8,10:2] [4:3,7:4,8:2,9:8] bases {0,10} {1,5} {3,6} {4,9} J {2,7,8}
core 214: EX every (-frozen): types [0:6,2:2,7:10,10:7] [1:2,5:4,8:7,10:8] [3:3,6:10,9:6,10:8] [4:4,7:3,8:2,9:8] bases {2,7} {1,8} {3,6} {4,9} J {0,5,10}
core 214: EX every (sumlev3,sumlev4): types [0:2,2:7,7:4,10:10] [1:4,5:2,8:8,10:3] [3:3,6:2,9:4,10:8] [4:3,7:8,8:4,9:2] bases {0,2} {1,8} {10} {4,7} J {3,5,6,9}
core 214: EX every (leximin): types [0:2,2:8,7:7,10:4] [1:2,5:3,8:6,10:10] [3:6,6:3,9:2,10:10] [4:7,7:10,8:2,9:4] bases {2,7} {10} {3,6} {4,9} J {0,1,5,8}
core 214: EX every (sumlev3,sumlev4): types [0:2,2:8,7:7,10:4] [1:2,5:3,8:6,10:10] [3:6,6:3,9:2,10:10] [4:7,7:10,8:2,9:4] bases {2,7} {10} {3,6} {4,9} J {0,1,5,8}
core 214: EX every (leximin): types [0:3,2:2,7:4,10:8] [1:4,5:3,8:2,10:8] [3:2,6:4,9:8,10:3] [4:8,7:1,8:6,9:4] bases {10} {1,5} {6,9} {4,8} J {0,2,3,7}
core 215: EX every (-frozen): types [0:6,2:3,6:8,7:10] [1:3,5:5,9:6,10:7] [3:6,6:8,7:5,8:4] [4:8,8:4,9:2,10:3] bases {2,6} {1,5} {3,8} {4,9} J {0,7,10}
core 215: EX every (-frozen): types [0:1,2:8,6:4,7:6] [1:4,5:2,9:10,10:7] [3:4,6:8,7:6,8:5] [4:3,8:10,9:6,10:8] bases {0,2} {1,9} {3,7} {4,10} J {5,6,8}
core 216: EX every (-frozen): types [0:7,2:4,6:2,9:10] [1:8,5:3,8:10,10:4] [3:8,6:4,7:7,8:2] [4:6,7:5,9:4,10:8] bases {0,2} {1,5} {3,6} {4,7} J {8,9,10}
core 216: EX every (-frozen): types [0:8,2:2,6:4,9:7] [1:2,5:4,8:8,10:5] [3:8,6:5,7:6,8:4] [4:8,7:6,9:4,10:1] bases {0,2} {5,10} {6,7} {4,9} J {1,3,8}
core 216: EX every (leximin): types [0:3,2:6,6:2,9:10] [1:3,5:2,8:10,10:6] [3:3,6:6,7:2,8:10] [4:7,7:6,9:3,10:5] bases {2,9} {8} {3,6} {4,7} J {0,1,5,10}
core 216: EX every (sumlev3,sumlev4): types [0:3,2:6,6:2,9:10] [1:3,5:2,8:10,10:6] [3:3,6:6,7:2,8:10] [4:7,7:6,9:3,10:5] bases {2,9} {8} {3,6} {4,7} J {0,1,5,10}
core 216: EX every (leximin): types [0:4,2:6,6:5,9:8] [1:6,5:2,8:10,10:3] [3:3,6:6,7:2,8:10] [4:4,7:6,9:8,10:1] bases {2,9} {8} {3,6} {4,7} J {0,1,5,10}
core 216: EX every (sumlev3,sumlev4): types [0:6,2:3,6:2,9:10] [1:6,5:3,8:10,10:8] [3:4,6:3,7:2,8:8] [4:2,7:7,9:10,10:4] bases {9} {1,10} {3,8} {4,7} J {0,2,5,6}
core 217: EX every (-frozen): types [0:4,2:6,6:8,10:5] [1:4,5:5,9:6,10:8] [3:2,6:4,7:8,8:7] [4:8,7:2,8:3,9:4] bases {0,2} {1,5} {3,7} {4,8} J {6,9,10}
core 217: EX every (-frozen): types [0:2,2:7,6:10,10:6] [1:3,5:4,9:8,10:6] [3:4,6:5,7:6,8:8] [4:6,7:4,8:3,9:8] bases {0,6} {1,10} {3,7} {4,8} J {2,5,9}
core 217: EX every (leximin): types [0:6,2:3,6:10,10:2] [1:5,5:4,9:8,10:2] [3:4,6:8,7:2,8:3] [4:2,7:5,8:4,9:8] bases {6} {1,5} {3,8} {7,9} J {0,2,4,10}
core 217: EX every (sumlev3,sumlev4): types [0:6,2:3,6:10,10:2] [1:5,5:4,9:8,10:2] [3:4,6:8,7:2,8:3] [4:2,7:5,8:4,9:8] bases {6} {1,5} {3,8} {7,9} J {0,2,4,10}
core 217: EX every (leximin): types [0:6,2:3,6:2,10:10] [1:2,5:3,9:6,10:10] [3:6,6:8,7:4,8:3] [4:3,7:10,8:8,9:6] bases {0,2} {10} {3,6} {7,8} J {1,4,5,9}
core 217: EX every (sumlev3,sumlev4): types [0:6,2:3,6:2,10:10] [1:2,5:3,9:6,10:10] [3:6,6:8,7:4,8:3] [4:3,7:10,8:8,9:6] bases {0,2} {10} {3,6} {7,8} J {1,4,5,9}
core 218: EX every (-frozen): types [0:3,2:7,8:6,10:5] [1:3,5:4,8:8,11:10] [3:4,6:3,9:10,10:8] [4:3,7:4,9:6,11:8] bases {2} {1,8} {3,10} {4,9} J {0,5,6,7,11}
core 218: EX every (-frozen): types [0:5,2:4,8:8,10:6] [1:3,5:6,8:10,11:2] [3:6,6:3,9:10,10:8] [4:7,7:2,9:10,11:4] bases {0,2} {1,8} {6,9} {4,11} J {3,5,7,10}
core 218: EX every (leximin): types [0:3,2:4,8:6,10:8] [1:6,5:4,8:8,11:5] [3:3,6:6,9:10,10:2] [4:3,7:4,9:8,11:2] bases {2,10} {1,8} {3,6} {9} J {0,4,5,7,11}
core 218: EX every (sumlev3,sumlev4): types [0:3,2:4,8:6,10:8] [1:6,5:4,8:8,11:5] [3:3,6:6,9:10,10:2] [4:3,7:4,9:8,11:2] bases {2,10} {1,8} {3,6} {9} J {0,4,5,7,11}
core 218: EX every (leximin): types [0:4,2:3,8:2,10:8] [1:5,5:4,8:6,11:8] [3:6,6:2,9:3,10:10] [4:6,7:4,9:3,11:8] bases {0,2} {1,8} {10} {4,11} J {3,5,6,7,9}
core 218: EX every (sumlev3,sumlev4): types [0:4,2:3,8:2,10:8] [1:5,5:4,8:6,11:8] [3:6,6:2,9:3,10:10] [4:6,7:4,9:3,11:8] bases {0,2} {1,8} {10} {4,11} J {3,5,6,7,9}
FILE results/k4_certs_4_pure.json.gz cores 219 profiles 1095000 valid 78623554 tested 56857967 nocomp 0 ronone 0 ronone_any 0 paretomax 0 paretofail 0
  (-frozen,-rodef)                 every-max fails            0   some-max fails            0
  (leximin)                        every-max fails          182   some-max fails            4
  (sumlev3,sumlev4)                every-max fails          407   some-max fails            0
  (-frozen)                        every-max fails        73946   some-max fails            0
core 887: EX every (-frozen): types [0:6,2:4,5:5,7:8] [1:2,4:4,7:3] [3:2,6:4,7:3] [4:4,6:2,7:3] [5:2,6:4,7:3] bases {7} {1} {3} {4} {6} J {0,2,5}
FILE results/k4_certs_5_n4_1.json.gz cores 1735 profiles 1735000 valid 52315767 tested 23248320 nocomp 0 ronone 0 ronone_any 0 paretomax 0 paretofail 0
  (-frozen,-rodef)                 every-max fails            0   some-max fails            0
  (leximin)                        every-max fails            0   some-max fails            0
  (sumlev3,sumlev4)                every-max fails            0   some-max fails            0
  (-frozen)                        every-max fails            1   some-max fails            0
core 1811: EX every (sumlev3,sumlev4): types [0:3,2:2,3:10,4:6] [1:2,6:4,7:3] [3:3,5:10,6:6,7:8] [4:2,5:3,7:4] [5:3,6:4,7:2] bases {3} {6} {} {7} {5} J {0,1,2,4}
core 1930: EX every (sumlev3,sumlev4): types [0:6,2:3,4:10,5:2] [1:2,6:4,7:3] [3:10,4:3,6:6,7:8] [3:3,6:4,7:2] [5:3,6:2,7:4] bases {4} {6} {} {3} {7} J {0,1,2,5}
core 2575: EX every (leximin): types [0:1,2:8,6:4,7:6] [1:4,3:7,5:2,6:8] [2:4,4:3,5:2] [3:4,4:3,7:2] [5:2,6:4,7:3] bases {0,7} {1,5} {2} {3} {6} J {4}
core 2575: EX some (leximin): types [0:1,2:8,6:4,7:6] [1:4,3:7,5:2,6:8] [2:4,4:3,5:2] [3:4,4:3,7:2] [5:2,6:4,7:3] bases {0,7} {1,5} {2} {3} {6} J {4}
core 2584: EX every (leximin): types [0:1,2:4,4:6,7:8] [1:2,3:5,6:8,7:4] [2:2,5:3,6:4] [3:2,5:3,7:4] [4:4,6:3,7:2] bases {0,2} {1,3} {6} {7} {4} J {5}
core 2584: EX some (leximin): types [0:1,2:4,4:6,7:8] [1:2,3:5,6:8,7:4] [2:2,5:3,6:4] [3:2,5:3,7:4] [4:4,6:3,7:2] bases {0,2} {1,3} {6} {7} {4} J {5}
core 3384: EX every (sumlev3,sumlev4): types [0:6,1:3,4:2,5:10] [2:8,3:2,4:4,5:7] [2:3,3:2,8:4] [6:2,7:3,8:4] [6:2,7:3,8:4] bases {5} {3,4} {2} {6,7} {8} J {0,1}
core 3576: EX every (-frozen): types [0:5,2:4,4:6,7:8] [1:1,4:4,7:8,8:6] [3:2,7:3,8:4] [5:2,6:3,8:4] [5:3,6:4,8:2] bases {7} {1,4} {3} {8} {5,6} J {0,2}
core 3851: EX every (sumlev3,sumlev4): types [0:3,2:2,3:4,4:8] [1:3,7:2,8:4] [3:2,4:6,7:10,8:7] [5:3,6:2,7:4] [5:4,6:3,8:2] bases {4} {8} {3} {7} {5,6} J {0,1,2}
core 3869: EX every (sumlev3,sumlev4): types [0:2,2:3,4:10,8:6] [1:4,3:8,4:6,7:3] [3:3,7:4,8:2] [5:3,6:2,7:4] [5:4,6:3,8:2] bases {4} {1} {3} {7} {5,6} J {0,2,8}
core 3937: EX every (sumlev3,sumlev4): types [0:6,2:3,5:2,7:10] [1:2,3:8,4:7,7:4] [3:4,5:2,8:3] [4:4,6:2,8:3] [6:2,7:3,8:4] bases {7} {1} {3} {4} {6,8} J {0,2,5}
core 4762: EX every (sumlev3,sumlev4): types [0:2,5:10,6:3,7:6] [1:4,5:8,6:3,8:10] [2:3,3:2,4:4] [2:4,3:2,8:3] [4:4,7:2,8:3] bases {5} {1,6} {4} {2,3} {8} J {0,7}
core 4818: EX every (sumlev3,sumlev4): types [0:3,2:2,7:8,8:4] [1:3,3:2,7:6,9:10] [4:3,5:2,6:4] [4:2,5:4,9:3] [6:4,8:2,9:3] bases {7} {1,3} {6} {4,5} {9} J {0,2,8}
core 4827: EX every (-frozen): types [0:4,2:6,6:5,9:8] [1:2,4:4,8:7,9:8] [3:4,6:2,7:3] [5:2,8:3,9:4] [7:2,8:4,9:3] bases {9} {1,4} {3,7} {5} {8} J {0,2,6}
core 4834: EX every (-frozen): types [0:6,2:3,8:2,9:10] [1:2,4:3,8:10,9:6] [3:2,6:4,7:3] [5:2,6:3,9:4] [7:2,8:4,9:3] bases {0,2} {1,4} {3,7} {9} {8} J {5,6}
core 4835: EX every (-frozen): types [0:3,2:4,7:10,8:8] [1:4,4:2,7:5,8:8] [3:3,6:4,9:2] [5:3,6:4,9:2] [7:4,8:3,9:2] bases {0,2} {7} {3,6} {5,9} {8} J {1,4}
core 4835: EX every (-frozen): types [0:6,2:3,7:10,8:8] [1:4,4:1,7:6,8:8] [3:2,6:3,9:4] [5:2,6:4,9:3] [7:3,8:4,9:2] bases {8} {1,4} {3,6} {5,9} {7} J {0,2}
core 4838: EX every (-frozen): types [0:3,2:2,6:10,9:6] [1:4,4:3,8:6,9:8] [3:2,7:3,8:4] [5:2,7:3,9:4] [6:4,8:3,9:2] bases {0,2} {1,4} {3,8} {9} {6} J {5,7}
core 4857: EX every (-frozen): types [0:4,2:2,7:7,8:10] [1:3,4:2,7:8,9:4] [3:2,6:3,7:4] [5:2,8:4,9:3] [6:2,8:4,9:3] bases {0,2} {1,4} {7} {5,9} {8} J {3,6}
core 4889: EX every (-frozen): types [0:4,2:2,5:10,9:7] [1:3,4:4,8:2,9:8] [3:2,8:3,9:4] [5:4,6:3,7:2] [6:4,7:3,9:2] bases {0,2} {1,4} {9} {5} {6,7} J {3,8}
core 4898: EX every (sumlev3,sumlev4): types [0:3,2:4,6:2,8:8] [1:4,4:2,7:10,8:7] [3:2,5:4,9:3] [5:3,6:2,9:4] [7:3,8:2,9:4] bases {8} {1,4} {3,5} {9} {7} J {0,2,6}
core 5001: EX every (-frozen): types [0:3,2:4,5:2,9:8] [1:2,5:3,9:4] [3:4,6:8,8:1,9:6] [4:3,7:4,8:2] [6:4,7:2,9:3] bases {0,2} {9} {3,8} {4,7} {6} J {1,5}
core 5021: EX every (-frozen): types [0:6,2:3,8:10,9:8] [1:4,5:1,6:8,7:6] [3:4,5:2,6:3] [4:2,8:3,9:4] [7:2,8:3,9:4] bases {9} {5,6} {3} {4} {8} J {0,1,2,7}
core 5126: EX every (-frozen): types [0:2,2:5,5:4,6:8] [1:2,4:7,8:4,9:10] [3:2,7:3,9:4] [4:4,5:3,6:2] [7:3,8:2,9:4] bases {2,5} {1,8} {3,7} {4} {9} J {0,6}
core 5384: EX every (-frozen): types [0:6,2:2,6:3,10:10] [1:3,4:2,9:4,10:8] [3:2,6:3,8:4] [5:4,7:2,9:3] [7:3,8:2,10:4] bases {0,2} {1,4} {3,6} {5,9} {10} J {7,8}
core 5385: EX every (-frozen): types [0:2,2:6,6:3,10:10] [1:7,4:2,9:6,10:10] [3:2,6:3,8:4] [5:2,7:3,10:4] [7:2,8:3,9:4] bases {0,2} {1,4} {3,6} {10} {8,9} J {5,7}
core 5388: EX every (-frozen): types [0:6,2:1,6:4,10:8] [1:4,4:2,9:3,10:8] [3:2,6:3,10:4] [5:2,7:4,8:3] [7:3,8:4,9:2] bases {0,2} {1,4} {10} {5,7} {8,9} J {3,6}
core 5390: EX every (-frozen): types [0:3,2:2,7:4,10:8] [1:3,4:4,8:10,9:8] [3:3,6:2,7:4] [5:3,6:4,10:2] [8:2,9:3,10:4] bases {0,2} {1,9} {3,7} {5,6} {10} J {4,8}
core 5390: EX every (-frozen): types [0:4,2:2,7:3,10:8] [1:3,4:4,8:6,9:8] [3:3,6:4,7:2] [5:2,6:3,10:4] [8:3,9:2,10:4] bases {0,2} {1,8} {3,7} {5,6} {10} J {4,9}
core 5394: EX every (-frozen): types [0:6,2:1,6:8,8:4] [1:2,4:3,7:8,10:4] [3:4,9:2,10:3] [5:2,9:3,10:4] [6:2,7:4,8:3] bases {2,6} {1,4} {3,9} {5,10} {7} J {0,8}
core 5394: EX every (-frozen): types [0:4,2:3,6:8,8:6] [1:4,4:2,7:7,10:8] [3:3,9:4,10:2] [5:2,9:3,10:4] [6:2,7:4,8:3] bases {0,8} {1,4} {3,9} {10} {7} J {2,5,6}
core 5398: EX every (-frozen): types [0:2,2:4,7:5,10:8] [1:6,4:2,8:3,10:10] [3:2,6:4,9:3] [5:2,8:4,9:3] [6:3,7:2,10:4] bases {0,2} {1,4} {3,9} {5,8} {10} J {6,7}
core 5421: EX every (-frozen): types [0:2,2:6,7:3,9:10] [1:4,6:3,9:8,10:2] [3:4,7:2,10:3] [4:3,8:2,9:4] [5:2,8:3,10:4] bases {0,2} {1,6} {3,7} {9} {5,10} J {4,8}
core 5425: EX every (-frozen): types [0:6,2:3,9:10,10:2] [1:2,6:7,9:10,10:6] [3:3,7:4,8:2] [4:2,7:3,9:4] [5:2,8:3,10:4] bases {0,2} {1,6} {3,8} {9} {5,10} J {4,7}
core 5425: EX every (-frozen): types [0:4,2:2,9:8,10:3] [1:2,6:6,9:10,10:3] [3:2,7:3,8:4] [4:3,7:2,9:4] [5:3,8:2,10:4] bases {0,2} {1,6} {3,8} {9} {5,10} J {4,7}
core 5456: EX every (-frozen): types [0:4,2:2,7:7,8:8] [1:6,5:2,6:10,9:3] [3:2,5:3,10:4] [4:2,9:4,10:3] [6:4,7:3,8:2] bases {2,7} {1,5} {3,10} {4,9} {6} J {0,8}
core 5458: EX every (-frozen): types [0:6,2:2,8:10,9:3] [1:4,5:2,6:5,7:8] [3:3,5:2,10:4] [4:4,9:3,10:2] [6:2,7:3,8:4] bases {0,2} {1,6} {3,10} {4,9} {8} J {5,7}
FILE results/k4_certs_5_n4_2.json.gz cores 5468 profiles 546800 valid 24388721 tested 11862862 nocomp 0 ronone 0 ronone_any 0 paretomax 0 paretofail 0
  (-frozen,-rodef)                 every-max fails            0   some-max fails            0
  (leximin)                        every-max fails            2   some-max fails            2
  (sumlev3,sumlev4)                every-max fails            9   some-max fails            0
  (-frozen)                        every-max fails           24   some-max fails            0
