# gm4_run.py --around=../results/k4_gm4_w2_seeds_4.txt --vary=2 --prog=gm4_fast --defs=-DW=2
# 192 neighbourhood tasks around 32 profiles
GMFAIL 1,6,8,4 1,6,4,8 4,5,2,8 5,4,8,2 | 5 18 64 32 | 8 # m=7 sets=[[0,2,5,6],[1,4,5,6],[2,3,4,6],[3,4,5,6]]
GMFAIL 2,5,8,4 1,6,4,8 4,5,2,8 5,4,8,2 | 5 18 64 32 | 8 # m=7 sets=[[0,2,5,6],[1,4,5,6],[2,3,4,6],[3,4,5,6]]
GMFAIL 2,7,10,4 1,6,4,8 4,5,2,8 5,4,8,2 | 5 18 64 32 | 8 # m=7 sets=[[0,2,5,6],[1,4,5,6],[2,3,4,6],[3,4,5,6]]
GMFAIL 2,7,10,6 1,6,4,8 4,5,2,8 5,4,8,2 | 5 18 64 32 | 8 # m=7 sets=[[0,2,5,6],[1,4,5,6],[2,3,4,6],[3,4,5,6]]
GMFAIL 1,6,8,4 1,6,4,8 4,6,1,8 5,4,8,2 | 5 18 64 32 | 8 # m=7 sets=[[0,2,5,6],[1,4,5,6],[2,3,4,6],[3,4,5,6]]
GMFAIL 2,5,8,4 1,6,4,8 4,6,1,8 5,4,8,2 | 5 18 64 32 | 8 # m=7 sets=[[0,2,5,6],[1,4,5,6],[2,3,4,6],[3,4,5,6]]
GMFAIL 2,7,10,4 1,6,4,8 4,6,1,8 5,4,8,2 | 5 18 64 32 | 8 # m=7 sets=[[0,2,5,6],[1,4,5,6],[2,3,4,6],[3,4,5,6]]
GMFAIL 2,7,10,6 1,6,4,8 4,6,1,8 5,4,8,2 | 5 18 64 32 | 8 # m=7 sets=[[0,2,5,6],[1,4,5,6],[2,3,4,6],[3,4,5,6]]
GMFAIL 1,6,8,4 1,6,4,8 4,7,2,10 5,4,8,2 | 5 18 64 32 | 8 # m=7 sets=[[0,2,5,6],[1,4,5,6],[2,3,4,6],[3,4,5,6]]
GMFAIL 2,5,8,4 1,6,4,8 4,7,2,10 5,4,8,2 | 5 18 64 32 | 8 # m=7 sets=[[0,2,5,6],[1,4,5,6],[2,3,4,6],[3,4,5,6]]
GMFAIL 2,7,10,4 1,6,4,8 4,7,2,10 5,4,8,2 | 5 18 64 32 | 8 # m=7 sets=[[0,2,5,6],[1,4,5,6],[2,3,4,6],[3,4,5,6]]
GMFAIL 2,7,10,6 1,6,4,8 4,7,2,10 5,4,8,2 | 5 18 64 32 | 8 # m=7 sets=[[0,2,5,6],[1,4,5,6],[2,3,4,6],[3,4,5,6]]
GMFAIL 1,6,8,4 1,6,4,8 6,7,2,10 5,4,8,2 | 5 18 64 32 | 8 # m=7 sets=[[0,2,5,6],[1,4,5,6],[2,3,4,6],[3,4,5,6]]
GMFAIL 2,5,8,4 1,6,4,8 6,7,2,10 5,4,8,2 | 5 18 64 32 | 8 # m=7 sets=[[0,2,5,6],[1,4,5,6],[2,3,4,6],[3,4,5,6]]
GMFAIL 2,7,10,4 1,6,4,8 6,7,2,10 5,4,8,2 | 5 18 64 32 | 8 # m=7 sets=[[0,2,5,6],[1,4,5,6],[2,3,4,6],[3,4,5,6]]
GMFAIL 2,7,10,6 1,6,4,8 6,7,2,10 5,4,8,2 | 5 18 64 32 | 8 # m=7 sets=[[0,2,5,6],[1,4,5,6],[2,3,4,6],[3,4,5,6]]
GMFAIL 1,6,8,4 1,6,4,8 4,5,2,8 5,4,8,2 | 5 18 64 32 | 8 # m=7 sets=[[0,2,5,6],[1,4,5,6],[2,3,4,6],[3,4,5,6]]
GMFAIL 2,5,8,4 1,6,4,8 4,5,2,8 5,4,8,2 | 5 18 64 32 | 8 # m=7 sets=[[0,2,5,6],[1,4,5,6],[2,3,4,6],[3,4,5,6]]
GMFAIL 2,7,10,4 1,6,4,8 4,5,2,8 5,4,8,2 | 5 18 64 32 | 8 # m=7 sets=[[0,2,5,6],[1,4,5,6],[2,3,4,6],[3,4,5,6]]
GMFAIL 2,7,10,6 1,6,4,8 4,5,2,8 5,4,8,2 | 5 18 64 32 | 8 # m=7 sets=[[0,2,5,6],[1,4,5,6],[2,3,4,6],[3,4,5,6]]
GMFAIL 1,6,8,4 1,6,4,8 4,5,2,8 6,4,8,1 | 5 18 64 32 | 8 # m=7 sets=[[0,2,5,6],[1,4,5,6],[2,3,4,6],[3,4,5,6]]
GMFAIL 2,5,8,4 1,6,4,8 4,5,2,8 6,4,8,1 | 5 18 64 32 | 8 # m=7 sets=[[0,2,5,6],[1,4,5,6],[2,3,4,6],[3,4,5,6]]
GMFAIL 2,7,10,4 1,6,4,8 4,5,2,8 6,4,8,1 | 5 18 64 32 | 8 # m=7 sets=[[0,2,5,6],[1,4,5,6],[2,3,4,6],[3,4,5,6]]
GMFAIL 2,7,10,6 1,6,4,8 4,5,2,8 6,4,8,1 | 5 18 64 32 | 8 # m=7 sets=[[0,2,5,6],[1,4,5,6],[2,3,4,6],[3,4,5,6]]
GMFAIL 1,6,8,4 1,6,4,8 4,5,2,8 7,4,10,2 | 5 18 64 32 | 8 # m=7 sets=[[0,2,5,6],[1,4,5,6],[2,3,4,6],[3,4,5,6]]
GMFAIL 2,5,8,4 1,6,4,8 4,5,2,8 7,4,10,2 | 5 18 64 32 | 8 # m=7 sets=[[0,2,5,6],[1,4,5,6],[2,3,4,6],[3,4,5,6]]
GMFAIL 2,7,10,4 1,6,4,8 4,5,2,8 7,4,10,2 | 5 18 64 32 | 8 # m=7 sets=[[0,2,5,6],[1,4,5,6],[2,3,4,6],[3,4,5,6]]
GMFAIL 2,7,10,6 1,6,4,8 4,5,2,8 7,4,10,2 | 5 18 64 32 | 8 # m=7 sets=[[0,2,5,6],[1,4,5,6],[2,3,4,6],[3,4,5,6]]
GMFAIL 1,6,8,4 1,6,4,8 4,5,2,8 7,6,10,2 | 5 18 64 32 | 8 # m=7 sets=[[0,2,5,6],[1,4,5,6],[2,3,4,6],[3,4,5,6]]
GMFAIL 2,5,8,4 1,6,4,8 4,5,2,8 7,6,10,2 | 5 18 64 32 | 8 # m=7 sets=[[0,2,5,6],[1,4,5,6],[2,3,4,6],[3,4,5,6]]
GMFAIL 2,7,10,4 1,6,4,8 4,5,2,8 7,6,10,2 | 5 18 64 32 | 8 # m=7 sets=[[0,2,5,6],[1,4,5,6],[2,3,4,6],[3,4,5,6]]
GMFAIL 2,7,10,6 1,6,4,8 4,5,2,8 7,6,10,2 | 5 18 64 32 | 8 # m=7 sets=[[0,2,5,6],[1,4,5,6],[2,3,4,6],[3,4,5,6]]
GMFAIL 1,6,8,4 1,6,4,8 4,5,2,8 5,4,8,2 | 5 18 64 32 | 8 # m=7 sets=[[0,2,5,6],[1,4,5,6],[2,3,4,6],[3,4,5,6]]
GMFAIL 1,6,8,4 2,5,4,8 4,5,2,8 5,4,8,2 | 5 18 64 32 | 8 # m=7 sets=[[0,2,5,6],[1,4,5,6],[2,3,4,6],[3,4,5,6]]
GMFAIL 1,6,8,4 2,7,4,10 4,5,2,8 5,4,8,2 | 5 18 64 32 | 8 # m=7 sets=[[0,2,5,6],[1,4,5,6],[2,3,4,6],[3,4,5,6]]
GMFAIL 1,6,8,4 2,7,6,10 4,5,2,8 5,4,8,2 | 5 18 64 32 | 8 # m=7 sets=[[0,2,5,6],[1,4,5,6],[2,3,4,6],[3,4,5,6]]
GMFAIL 1,6,8,4 1,6,4,8 4,6,1,8 5,4,8,2 | 5 18 64 32 | 8 # m=7 sets=[[0,2,5,6],[1,4,5,6],[2,3,4,6],[3,4,5,6]]
GMFAIL 1,6,8,4 2,5,4,8 4,6,1,8 5,4,8,2 | 5 18 64 32 | 8 # m=7 sets=[[0,2,5,6],[1,4,5,6],[2,3,4,6],[3,4,5,6]]
GMFAIL 1,6,8,4 2,7,4,10 4,6,1,8 5,4,8,2 | 5 18 64 32 | 8 # m=7 sets=[[0,2,5,6],[1,4,5,6],[2,3,4,6],[3,4,5,6]]
GMFAIL 1,6,8,4 2,7,6,10 4,6,1,8 5,4,8,2 | 5 18 64 32 | 8 # m=7 sets=[[0,2,5,6],[1,4,5,6],[2,3,4,6],[3,4,5,6]]
GMFAIL 1,6,8,4 1,6,4,8 4,7,2,10 5,4,8,2 | 5 18 64 32 | 8 # m=7 sets=[[0,2,5,6],[1,4,5,6],[2,3,4,6],[3,4,5,6]]
GMFAIL 1,6,8,4 2,5,4,8 4,7,2,10 5,4,8,2 | 5 18 64 32 | 8 # m=7 sets=[[0,2,5,6],[1,4,5,6],[2,3,4,6],[3,4,5,6]]
GMFAIL 1,6,8,4 2,7,4,10 4,7,2,10 5,4,8,2 | 5 18 64 32 | 8 # m=7 sets=[[0,2,5,6],[1,4,5,6],[2,3,4,6],[3,4,5,6]]
GMFAIL 1,6,8,4 2,7,6,10 4,7,2,10 5,4,8,2 | 5 18 64 32 | 8 # m=7 sets=[[0,2,5,6],[1,4,5,6],[2,3,4,6],[3,4,5,6]]
GMFAIL 1,6,8,4 1,6,4,8 6,7,2,10 5,4,8,2 | 5 18 64 32 | 8 # m=7 sets=[[0,2,5,6],[1,4,5,6],[2,3,4,6],[3,4,5,6]]
GMFAIL 1,6,8,4 2,5,4,8 6,7,2,10 5,4,8,2 | 5 18 64 32 | 8 # m=7 sets=[[0,2,5,6],[1,4,5,6],[2,3,4,6],[3,4,5,6]]
GMFAIL 1,6,8,4 2,7,4,10 6,7,2,10 5,4,8,2 | 5 18 64 32 | 8 # m=7 sets=[[0,2,5,6],[1,4,5,6],[2,3,4,6],[3,4,5,6]]
GMFAIL 1,6,8,4 2,7,6,10 6,7,2,10 5,4,8,2 | 5 18 64 32 | 8 # m=7 sets=[[0,2,5,6],[1,4,5,6],[2,3,4,6],[3,4,5,6]]
GMFAIL 1,6,8,4 1,6,4,8 4,5,2,8 5,4,8,2 | 5 18 64 32 | 8 # m=7 sets=[[0,2,5,6],[1,4,5,6],[2,3,4,6],[3,4,5,6]]
GMFAIL 2,5,8,4 1,6,4,8 4,5,2,8 5,4,8,2 | 5 18 64 32 | 8 # m=7 sets=[[0,2,5,6],[1,4,5,6],[2,3,4,6],[3,4,5,6]]
GMFAIL 2,7,10,4 1,6,4,8 4,5,2,8 5,4,8,2 | 5 18 64 32 | 8 # m=7 sets=[[0,2,5,6],[1,4,5,6],[2,3,4,6],[3,4,5,6]]
GMFAIL 2,7,10,6 1,6,4,8 4,5,2,8 5,4,8,2 | 5 18 64 32 | 8 # m=7 sets=[[0,2,5,6],[1,4,5,6],[2,3,4,6],[3,4,5,6]]
GMFAIL 1,6,8,4 2,5,4,8 4,5,2,8 5,4,8,2 | 5 18 64 32 | 8 # m=7 sets=[[0,2,5,6],[1,4,5,6],[2,3,4,6],[3,4,5,6]]
GMFAIL 2,5,8,4 2,5,4,8 4,5,2,8 5,4,8,2 | 5 18 64 32 | 8 # m=7 sets=[[0,2,5,6],[1,4,5,6],[2,3,4,6],[3,4,5,6]]
GMFAIL 2,7,10,4 2,5,4,8 4,5,2,8 5,4,8,2 | 5 18 64 32 | 8 # m=7 sets=[[0,2,5,6],[1,4,5,6],[2,3,4,6],[3,4,5,6]]
GMFAIL 2,7,10,6 2,5,4,8 4,5,2,8 5,4,8,2 | 5 18 64 32 | 8 # m=7 sets=[[0,2,5,6],[1,4,5,6],[2,3,4,6],[3,4,5,6]]
GMFAIL 1,6,8,4 2,7,4,10 4,5,2,8 5,4,8,2 | 5 18 64 32 | 8 # m=7 sets=[[0,2,5,6],[1,4,5,6],[2,3,4,6],[3,4,5,6]]
GMFAIL 2,5,8,4 2,7,4,10 4,5,2,8 5,4,8,2 | 5 18 64 32 | 8 # m=7 sets=[[0,2,5,6],[1,4,5,6],[2,3,4,6],[3,4,5,6]]
GMFAIL 2,7,10,4 2,7,4,10 4,5,2,8 5,4,8,2 | 5 18 64 32 | 8 # m=7 sets=[[0,2,5,6],[1,4,5,6],[2,3,4,6],[3,4,5,6]]
GMFAIL 2,7,10,6 2,7,4,10 4,5,2,8 5,4,8,2 | 5 18 64 32 | 8 # m=7 sets=[[0,2,5,6],[1,4,5,6],[2,3,4,6],[3,4,5,6]]
GMFAIL 1,6,8,4 2,7,6,10 4,5,2,8 5,4,8,2 | 5 18 64 32 | 8 # m=7 sets=[[0,2,5,6],[1,4,5,6],[2,3,4,6],[3,4,5,6]]
GMFAIL 2,5,8,4 2,7,6,10 4,5,2,8 5,4,8,2 | 5 18 64 32 | 8 # m=7 sets=[[0,2,5,6],[1,4,5,6],[2,3,4,6],[3,4,5,6]]
GMFAIL 2,7,10,4 2,7,6,10 4,5,2,8 5,4,8,2 | 5 18 64 32 | 8 # m=7 sets=[[0,2,5,6],[1,4,5,6],[2,3,4,6],[3,4,5,6]]
GMFAIL 2,7,10,6 2,7,6,10 4,5,2,8 5,4,8,2 | 5 18 64 32 | 8 # m=7 sets=[[0,2,5,6],[1,4,5,6],[2,3,4,6],[3,4,5,6]]
GMFAIL 1,6,8,4 1,6,4,8 4,5,2,8 5,4,8,2 | 5 18 64 32 | 8 # m=7 sets=[[0,2,5,6],[1,4,5,6],[2,3,4,6],[3,4,5,6]]
GMFAIL 1,6,8,4 1,6,4,8 4,6,1,8 5,4,8,2 | 5 18 64 32 | 8 # m=7 sets=[[0,2,5,6],[1,4,5,6],[2,3,4,6],[3,4,5,6]]
GMFAIL 1,6,8,4 1,6,4,8 4,7,2,10 5,4,8,2 | 5 18 64 32 | 8 # m=7 sets=[[0,2,5,6],[1,4,5,6],[2,3,4,6],[3,4,5,6]]
GMFAIL 1,6,8,4 1,6,4,8 6,7,2,10 5,4,8,2 | 5 18 64 32 | 8 # m=7 sets=[[0,2,5,6],[1,4,5,6],[2,3,4,6],[3,4,5,6]]
GMFAIL 1,6,8,4 1,6,4,8 4,5,2,8 6,4,8,1 | 5 18 64 32 | 8 # m=7 sets=[[0,2,5,6],[1,4,5,6],[2,3,4,6],[3,4,5,6]]
GMFAIL 1,6,8,4 1,6,4,8 4,6,1,8 6,4,8,1 | 5 18 64 32 | 8 # m=7 sets=[[0,2,5,6],[1,4,5,6],[2,3,4,6],[3,4,5,6]]
GMFAIL 1,6,8,4 1,6,4,8 4,7,2,10 6,4,8,1 | 5 18 64 32 | 8 # m=7 sets=[[0,2,5,6],[1,4,5,6],[2,3,4,6],[3,4,5,6]]
GMFAIL 1,6,8,4 1,6,4,8 6,7,2,10 6,4,8,1 | 5 18 64 32 | 8 # m=7 sets=[[0,2,5,6],[1,4,5,6],[2,3,4,6],[3,4,5,6]]
GMFAIL 1,6,8,4 1,6,4,8 4,5,2,8 7,4,10,2 | 5 18 64 32 | 8 # m=7 sets=[[0,2,5,6],[1,4,5,6],[2,3,4,6],[3,4,5,6]]
GMFAIL 1,6,8,4 1,6,4,8 4,6,1,8 7,4,10,2 | 5 18 64 32 | 8 # m=7 sets=[[0,2,5,6],[1,4,5,6],[2,3,4,6],[3,4,5,6]]
GMFAIL 1,6,8,4 1,6,4,8 4,7,2,10 7,4,10,2 | 5 18 64 32 | 8 # m=7 sets=[[0,2,5,6],[1,4,5,6],[2,3,4,6],[3,4,5,6]]
GMFAIL 1,6,8,4 1,6,4,8 6,7,2,10 7,4,10,2 | 5 18 64 32 | 8 # m=7 sets=[[0,2,5,6],[1,4,5,6],[2,3,4,6],[3,4,5,6]]
GMFAIL 1,6,8,4 1,6,4,8 4,5,2,8 7,6,10,2 | 5 18 64 32 | 8 # m=7 sets=[[0,2,5,6],[1,4,5,6],[2,3,4,6],[3,4,5,6]]
GMFAIL 1,6,8,4 1,6,4,8 4,6,1,8 7,6,10,2 | 5 18 64 32 | 8 # m=7 sets=[[0,2,5,6],[1,4,5,6],[2,3,4,6],[3,4,5,6]]
GMFAIL 1,6,8,4 1,6,4,8 4,7,2,10 7,6,10,2 | 5 18 64 32 | 8 # m=7 sets=[[0,2,5,6],[1,4,5,6],[2,3,4,6],[3,4,5,6]]
GMFAIL 1,6,8,4 1,6,4,8 6,7,2,10 7,6,10,2 | 5 18 64 32 | 8 # m=7 sets=[[0,2,5,6],[1,4,5,6],[2,3,4,6],[3,4,5,6]]
GMFAIL 1,6,8,4 1,4,6,8 1,6,4,8 5,4,8,2 | 5 64 18 32 | 8 # m=7 sets=[[0,2,5,6],[1,2,3,6],[1,4,5,6],[3,4,5,6]]
GMFAIL 2,5,8,4 1,4,6,8 1,6,4,8 5,4,8,2 | 5 64 18 32 | 8 # m=7 sets=[[0,2,5,6],[1,2,3,6],[1,4,5,6],[3,4,5,6]]
GMFAIL 2,7,10,4 1,4,6,8 1,6,4,8 5,4,8,2 | 5 64 18 32 | 8 # m=7 sets=[[0,2,5,6],[1,2,3,6],[1,4,5,6],[3,4,5,6]]
GMFAIL 2,7,10,6 1,4,6,8 1,6,4,8 5,4,8,2 | 5 64 18 32 | 8 # m=7 sets=[[0,2,5,6],[1,2,3,6],[1,4,5,6],[3,4,5,6]]
GMFAIL 1,6,8,4 2,4,7,10 1,6,4,8 5,4,8,2 | 5 64 18 32 | 8 # m=7 sets=[[0,2,5,6],[1,2,3,6],[1,4,5,6],[3,4,5,6]]
GMFAIL 2,5,8,4 2,4,7,10 1,6,4,8 5,4,8,2 | 5 64 18 32 | 8 # m=7 sets=[[0,2,5,6],[1,2,3,6],[1,4,5,6],[3,4,5,6]]
GMFAIL 2,7,10,4 2,4,7,10 1,6,4,8 5,4,8,2 | 5 64 18 32 | 8 # m=7 sets=[[0,2,5,6],[1,2,3,6],[1,4,5,6],[3,4,5,6]]
GMFAIL 2,7,10,6 2,4,7,10 1,6,4,8 5,4,8,2 | 5 64 18 32 | 8 # m=7 sets=[[0,2,5,6],[1,2,3,6],[1,4,5,6],[3,4,5,6]]
GMFAIL 1,6,8,4 1,6,4,8 4,5,2,8 5,4,8,2 | 5 18 64 32 | 8 # m=7 sets=[[0,2,5,6],[1,4,5,6],[2,3,4,6],[3,4,5,6]]
GMFAIL 1,6,8,4 2,5,4,8 4,5,2,8 5,4,8,2 | 5 18 64 32 | 8 # m=7 sets=[[0,2,5,6],[1,4,5,6],[2,3,4,6],[3,4,5,6]]
GMFAIL 1,6,8,4 2,7,4,10 4,5,2,8 5,4,8,2 | 5 18 64 32 | 8 # m=7 sets=[[0,2,5,6],[1,4,5,6],[2,3,4,6],[3,4,5,6]]
GMFAIL 1,6,8,4 2,7,6,10 4,5,2,8 5,4,8,2 | 5 18 64 32 | 8 # m=7 sets=[[0,2,5,6],[1,4,5,6],[2,3,4,6],[3,4,5,6]]
GMFAIL 1,6,8,4 1,6,4,8 4,5,2,8 6,4,8,1 | 5 18 64 32 | 8 # m=7 sets=[[0,2,5,6],[1,4,5,6],[2,3,4,6],[3,4,5,6]]
GMFAIL 1,6,8,4 2,5,4,8 4,5,2,8 6,4,8,1 | 5 18 64 32 | 8 # m=7 sets=[[0,2,5,6],[1,4,5,6],[2,3,4,6],[3,4,5,6]]
GMFAIL 1,6,8,4 2,7,4,10 4,5,2,8 6,4,8,1 | 5 18 64 32 | 8 # m=7 sets=[[0,2,5,6],[1,4,5,6],[2,3,4,6],[3,4,5,6]]
GMFAIL 1,6,8,4 2,7,6,10 4,5,2,8 6,4,8,1 | 5 18 64 32 | 8 # m=7 sets=[[0,2,5,6],[1,4,5,6],[2,3,4,6],[3,4,5,6]]
GMFAIL 1,6,8,4 1,6,4,8 4,5,2,8 7,4,10,2 | 5 18 64 32 | 8 # m=7 sets=[[0,2,5,6],[1,4,5,6],[2,3,4,6],[3,4,5,6]]
GMFAIL 1,6,8,4 2,5,4,8 4,5,2,8 7,4,10,2 | 5 18 64 32 | 8 # m=7 sets=[[0,2,5,6],[1,4,5,6],[2,3,4,6],[3,4,5,6]]
GMFAIL 1,6,8,4 2,7,4,10 4,5,2,8 7,4,10,2 | 5 18 64 32 | 8 # m=7 sets=[[0,2,5,6],[1,4,5,6],[2,3,4,6],[3,4,5,6]]
GMFAIL 1,6,8,4 2,7,6,10 4,5,2,8 7,4,10,2 | 5 18 64 32 | 8 # m=7 sets=[[0,2,5,6],[1,4,5,6],[2,3,4,6],[3,4,5,6]]
GMFAIL 1,6,8,4 1,6,4,8 4,5,2,8 7,6,10,2 | 5 18 64 32 | 8 # m=7 sets=[[0,2,5,6],[1,4,5,6],[2,3,4,6],[3,4,5,6]]
GMFAIL 1,6,8,4 2,5,4,8 4,5,2,8 7,6,10,2 | 5 18 64 32 | 8 # m=7 sets=[[0,2,5,6],[1,4,5,6],[2,3,4,6],[3,4,5,6]]
GMFAIL 1,6,8,4 2,7,4,10 4,5,2,8 7,6,10,2 | 5 18 64 32 | 8 # m=7 sets=[[0,2,5,6],[1,4,5,6],[2,3,4,6],[3,4,5,6]]
GMFAIL 1,6,8,4 2,7,6,10 4,5,2,8 7,6,10,2 | 5 18 64 32 | 8 # m=7 sets=[[0,2,5,6],[1,4,5,6],[2,3,4,6],[3,4,5,6]]
GMFAIL 1,6,8,4 2,4,7,10 1,6,4,8 5,4,8,2 | 5 64 18 32 | 8 # m=7 sets=[[0,2,5,6],[1,2,3,6],[1,4,5,6],[3,4,5,6]]
GMFAIL 2,5,8,4 2,4,7,10 1,6,4,8 5,4,8,2 | 5 64 18 32 | 8 # m=7 sets=[[0,2,5,6],[1,2,3,6],[1,4,5,6],[3,4,5,6]]
GMFAIL 2,7,10,4 2,4,7,10 1,6,4,8 5,4,8,2 | 5 64 18 32 | 8 # m=7 sets=[[0,2,5,6],[1,2,3,6],[1,4,5,6],[3,4,5,6]]
GMFAIL 2,7,10,6 2,4,7,10 1,6,4,8 5,4,8,2 | 5 64 18 32 | 8 # m=7 sets=[[0,2,5,6],[1,2,3,6],[1,4,5,6],[3,4,5,6]]
GMFAIL 1,6,8,4 2,4,7,10 2,5,4,8 5,4,8,2 | 5 64 18 32 | 8 # m=7 sets=[[0,2,5,6],[1,2,3,6],[1,4,5,6],[3,4,5,6]]
GMFAIL 2,5,8,4 2,4,7,10 2,5,4,8 5,4,8,2 | 5 64 18 32 | 8 # m=7 sets=[[0,2,5,6],[1,2,3,6],[1,4,5,6],[3,4,5,6]]
GMFAIL 2,7,10,4 2,4,7,10 2,5,4,8 5,4,8,2 | 5 64 18 32 | 8 # m=7 sets=[[0,2,5,6],[1,2,3,6],[1,4,5,6],[3,4,5,6]]
GMFAIL 2,7,10,6 2,4,7,10 2,5,4,8 5,4,8,2 | 5 64 18 32 | 8 # m=7 sets=[[0,2,5,6],[1,2,3,6],[1,4,5,6],[3,4,5,6]]
GMFAIL 1,6,8,4 2,4,7,10 2,7,4,10 5,4,8,2 | 5 64 18 32 | 8 # m=7 sets=[[0,2,5,6],[1,2,3,6],[1,4,5,6],[3,4,5,6]]
GMFAIL 2,5,8,4 2,4,7,10 2,7,4,10 5,4,8,2 | 5 64 18 32 | 8 # m=7 sets=[[0,2,5,6],[1,2,3,6],[1,4,5,6],[3,4,5,6]]
GMFAIL 2,7,10,4 2,4,7,10 2,7,4,10 5,4,8,2 | 5 64 18 32 | 8 # m=7 sets=[[0,2,5,6],[1,2,3,6],[1,4,5,6],[3,4,5,6]]
GMFAIL 2,7,10,6 2,4,7,10 2,7,4,10 5,4,8,2 | 5 64 18 32 | 8 # m=7 sets=[[0,2,5,6],[1,2,3,6],[1,4,5,6],[3,4,5,6]]
GMFAIL 1,6,8,4 2,4,7,10 2,7,6,10 5,4,8,2 | 5 64 18 32 | 8 # m=7 sets=[[0,2,5,6],[1,2,3,6],[1,4,5,6],[3,4,5,6]]
GMFAIL 2,5,8,4 2,4,7,10 2,7,6,10 5,4,8,2 | 5 64 18 32 | 8 # m=7 sets=[[0,2,5,6],[1,2,3,6],[1,4,5,6],[3,4,5,6]]
GMFAIL 2,7,10,4 2,4,7,10 2,7,6,10 5,4,8,2 | 5 64 18 32 | 8 # m=7 sets=[[0,2,5,6],[1,2,3,6],[1,4,5,6],[3,4,5,6]]
GMFAIL 2,7,10,6 2,4,7,10 2,7,6,10 5,4,8,2 | 5 64 18 32 | 8 # m=7 sets=[[0,2,5,6],[1,2,3,6],[1,4,5,6],[3,4,5,6]]
GMFAIL 1,6,8,4 1,4,6,8 1,6,4,8 5,4,8,2 | 5 64 18 32 | 8 # m=7 sets=[[0,2,5,6],[1,2,3,6],[1,4,5,6],[3,4,5,6]]
GMFAIL 1,6,8,4 2,4,7,10 1,6,4,8 5,4,8,2 | 5 64 18 32 | 8 # m=7 sets=[[0,2,5,6],[1,2,3,6],[1,4,5,6],[3,4,5,6]]
GMFAIL 1,6,8,4 1,4,6,8 1,6,4,8 6,4,8,1 | 5 64 18 32 | 8 # m=7 sets=[[0,2,5,6],[1,2,3,6],[1,4,5,6],[3,4,5,6]]
GMFAIL 1,6,8,4 2,4,7,10 1,6,4,8 6,4,8,1 | 5 64 18 32 | 8 # m=7 sets=[[0,2,5,6],[1,2,3,6],[1,4,5,6],[3,4,5,6]]
GMFAIL 1,6,8,4 1,4,6,8 1,6,4,8 7,4,10,2 | 5 64 18 32 | 8 # m=7 sets=[[0,2,5,6],[1,2,3,6],[1,4,5,6],[3,4,5,6]]
GMFAIL 1,6,8,4 2,4,7,10 1,6,4,8 7,4,10,2 | 5 64 18 32 | 8 # m=7 sets=[[0,2,5,6],[1,2,3,6],[1,4,5,6],[3,4,5,6]]
GMFAIL 1,6,8,4 1,4,6,8 1,6,4,8 7,6,10,2 | 5 64 18 32 | 8 # m=7 sets=[[0,2,5,6],[1,2,3,6],[1,4,5,6],[3,4,5,6]]
GMFAIL 1,6,8,4 2,4,7,10 1,6,4,8 7,6,10,2 | 5 64 18 32 | 8 # m=7 sets=[[0,2,5,6],[1,2,3,6],[1,4,5,6],[3,4,5,6]]
GMFAIL 1,6,8,4 2,4,7,10 1,6,4,8 5,4,8,2 | 5 64 18 32 | 8 # m=7 sets=[[0,2,5,6],[1,2,3,6],[1,4,5,6],[3,4,5,6]]
GMFAIL 2,5,8,4 2,4,7,10 1,6,4,8 5,4,8,2 | 5 64 18 32 | 8 # m=7 sets=[[0,2,5,6],[1,2,3,6],[1,4,5,6],[3,4,5,6]]
GMFAIL 2,7,10,4 2,4,7,10 1,6,4,8 5,4,8,2 | 5 64 18 32 | 8 # m=7 sets=[[0,2,5,6],[1,2,3,6],[1,4,5,6],[3,4,5,6]]
GMFAIL 2,7,10,6 2,4,7,10 1,6,4,8 5,4,8,2 | 5 64 18 32 | 8 # m=7 sets=[[0,2,5,6],[1,2,3,6],[1,4,5,6],[3,4,5,6]]
GMFAIL 1,6,8,4 2,4,7,10 1,6,4,8 6,4,8,1 | 5 64 18 32 | 8 # m=7 sets=[[0,2,5,6],[1,2,3,6],[1,4,5,6],[3,4,5,6]]
GMFAIL 2,5,8,4 2,4,7,10 1,6,4,8 6,4,8,1 | 5 64 18 32 | 8 # m=7 sets=[[0,2,5,6],[1,2,3,6],[1,4,5,6],[3,4,5,6]]
GMFAIL 2,7,10,4 2,4,7,10 1,6,4,8 6,4,8,1 | 5 64 18 32 | 8 # m=7 sets=[[0,2,5,6],[1,2,3,6],[1,4,5,6],[3,4,5,6]]
GMFAIL 2,7,10,6 2,4,7,10 1,6,4,8 6,4,8,1 | 5 64 18 32 | 8 # m=7 sets=[[0,2,5,6],[1,2,3,6],[1,4,5,6],[3,4,5,6]]
GMFAIL 1,6,8,4 2,4,7,10 1,6,4,8 7,4,10,2 | 5 64 18 32 | 8 # m=7 sets=[[0,2,5,6],[1,2,3,6],[1,4,5,6],[3,4,5,6]]
GMFAIL 2,5,8,4 2,4,7,10 1,6,4,8 7,4,10,2 | 5 64 18 32 | 8 # m=7 sets=[[0,2,5,6],[1,2,3,6],[1,4,5,6],[3,4,5,6]]
GMFAIL 2,7,10,4 2,4,7,10 1,6,4,8 7,4,10,2 | 5 64 18 32 | 8 # m=7 sets=[[0,2,5,6],[1,2,3,6],[1,4,5,6],[3,4,5,6]]
GMFAIL 2,7,10,6 2,4,7,10 1,6,4,8 7,4,10,2 | 5 64 18 32 | 8 # m=7 sets=[[0,2,5,6],[1,2,3,6],[1,4,5,6],[3,4,5,6]]
GMFAIL 1,6,8,4 2,4,7,10 1,6,4,8 7,6,10,2 | 5 64 18 32 | 8 # m=7 sets=[[0,2,5,6],[1,2,3,6],[1,4,5,6],[3,4,5,6]]
GMFAIL 2,5,8,4 2,4,7,10 1,6,4,8 7,6,10,2 | 5 64 18 32 | 8 # m=7 sets=[[0,2,5,6],[1,2,3,6],[1,4,5,6],[3,4,5,6]]
GMFAIL 2,7,10,4 2,4,7,10 1,6,4,8 7,6,10,2 | 5 64 18 32 | 8 # m=7 sets=[[0,2,5,6],[1,2,3,6],[1,4,5,6],[3,4,5,6]]
GMFAIL 2,7,10,6 2,4,7,10 1,6,4,8 7,6,10,2 | 5 64 18 32 | 8 # m=7 sets=[[0,2,5,6],[1,2,3,6],[1,4,5,6],[3,4,5,6]]
GMFAIL 1,6,8,4 1,4,6,8 1,6,4,8 5,4,8,2 | 5 64 18 32 | 8 # m=7 sets=[[0,2,5,6],[1,2,3,6],[1,4,5,6],[3,4,5,6]]
GMFAIL 1,6,8,4 2,4,7,10 1,6,4,8 5,4,8,2 | 5 64 18 32 | 8 # m=7 sets=[[0,2,5,6],[1,2,3,6],[1,4,5,6],[3,4,5,6]]
GMFAIL 1,6,8,4 1,4,6,8 2,5,4,8 5,4,8,2 | 5 64 18 32 | 8 # m=7 sets=[[0,2,5,6],[1,2,3,6],[1,4,5,6],[3,4,5,6]]
GMFAIL 1,6,8,4 2,4,7,10 2,5,4,8 5,4,8,2 | 5 64 18 32 | 8 # m=7 sets=[[0,2,5,6],[1,2,3,6],[1,4,5,6],[3,4,5,6]]
GMFAIL 1,6,8,4 1,4,6,8 2,7,4,10 5,4,8,2 | 5 64 18 32 | 8 # m=7 sets=[[0,2,5,6],[1,2,3,6],[1,4,5,6],[3,4,5,6]]
GMFAIL 1,6,8,4 2,4,7,10 2,7,4,10 5,4,8,2 | 5 64 18 32 | 8 # m=7 sets=[[0,2,5,6],[1,2,3,6],[1,4,5,6],[3,4,5,6]]
GMFAIL 1,6,8,4 1,4,6,8 2,7,6,10 5,4,8,2 | 5 64 18 32 | 8 # m=7 sets=[[0,2,5,6],[1,2,3,6],[1,4,5,6],[3,4,5,6]]
GMFAIL 1,6,8,4 2,4,7,10 2,7,6,10 5,4,8,2 | 5 64 18 32 | 8 # m=7 sets=[[0,2,5,6],[1,2,3,6],[1,4,5,6],[3,4,5,6]]
GMFAIL 1,6,8,4 2,4,7,10 1,6,4,8 5,4,8,2 | 5 64 18 32 | 8 # m=7 sets=[[0,2,5,6],[1,2,3,6],[1,4,5,6],[3,4,5,6]]
GMFAIL 1,6,8,4 2,4,7,10 2,5,4,8 5,4,8,2 | 5 64 18 32 | 8 # m=7 sets=[[0,2,5,6],[1,2,3,6],[1,4,5,6],[3,4,5,6]]
GMFAIL 1,6,8,4 2,4,7,10 2,7,4,10 5,4,8,2 | 5 64 18 32 | 8 # m=7 sets=[[0,2,5,6],[1,2,3,6],[1,4,5,6],[3,4,5,6]]
GMFAIL 1,6,8,4 2,4,7,10 2,7,6,10 5,4,8,2 | 5 64 18 32 | 8 # m=7 sets=[[0,2,5,6],[1,2,3,6],[1,4,5,6],[3,4,5,6]]
GMFAIL 1,6,8,4 2,4,7,10 1,6,4,8 6,4,8,1 | 5 64 18 32 | 8 # m=7 sets=[[0,2,5,6],[1,2,3,6],[1,4,5,6],[3,4,5,6]]
GMFAIL 1,6,8,4 2,4,7,10 2,5,4,8 6,4,8,1 | 5 64 18 32 | 8 # m=7 sets=[[0,2,5,6],[1,2,3,6],[1,4,5,6],[3,4,5,6]]
GMFAIL 1,6,8,4 2,4,7,10 2,7,4,10 6,4,8,1 | 5 64 18 32 | 8 # m=7 sets=[[0,2,5,6],[1,2,3,6],[1,4,5,6],[3,4,5,6]]
GMFAIL 1,6,8,4 2,4,7,10 2,7,6,10 6,4,8,1 | 5 64 18 32 | 8 # m=7 sets=[[0,2,5,6],[1,2,3,6],[1,4,5,6],[3,4,5,6]]
GMFAIL 1,6,8,4 2,4,7,10 1,6,4,8 7,4,10,2 | 5 64 18 32 | 8 # m=7 sets=[[0,2,5,6],[1,2,3,6],[1,4,5,6],[3,4,5,6]]
GMFAIL 1,6,8,4 2,4,7,10 2,5,4,8 7,4,10,2 | 5 64 18 32 | 8 # m=7 sets=[[0,2,5,6],[1,2,3,6],[1,4,5,6],[3,4,5,6]]
GMFAIL 1,6,8,4 2,4,7,10 2,7,4,10 7,4,10,2 | 5 64 18 32 | 8 # m=7 sets=[[0,2,5,6],[1,2,3,6],[1,4,5,6],[3,4,5,6]]
GMFAIL 1,6,8,4 2,4,7,10 2,7,6,10 7,4,10,2 | 5 64 18 32 | 8 # m=7 sets=[[0,2,5,6],[1,2,3,6],[1,4,5,6],[3,4,5,6]]
GMFAIL 1,6,8,4 2,4,7,10 1,6,4,8 7,6,10,2 | 5 64 18 32 | 8 # m=7 sets=[[0,2,5,6],[1,2,3,6],[1,4,5,6],[3,4,5,6]]
GMFAIL 1,6,8,4 2,4,7,10 2,5,4,8 7,6,10,2 | 5 64 18 32 | 8 # m=7 sets=[[0,2,5,6],[1,2,3,6],[1,4,5,6],[3,4,5,6]]
GMFAIL 1,6,8,4 2,4,7,10 2,7,4,10 7,6,10,2 | 5 64 18 32 | 8 # m=7 sets=[[0,2,5,6],[1,2,3,6],[1,4,5,6],[3,4,5,6]]
GMFAIL 1,6,8,4 2,4,7,10 2,7,6,10 7,6,10,2 | 5 64 18 32 | 8 # m=7 sets=[[0,2,5,6],[1,2,3,6],[1,4,5,6],[3,4,5,6]]
GMFAIL 1,6,8,4 2,4,7,10 1,6,4,8 6,4,8,1 | 5 64 18 32 | 8 # m=7 sets=[[0,2,5,6],[1,2,3,6],[1,4,5,6],[3,4,5,6]]
GMFAIL 2,5,8,4 2,4,7,10 1,6,4,8 6,4,8,1 | 5 64 18 32 | 8 # m=7 sets=[[0,2,5,6],[1,2,3,6],[1,4,5,6],[3,4,5,6]]
GMFAIL 2,7,10,4 2,4,7,10 1,6,4,8 6,4,8,1 | 5 64 18 32 | 8 # m=7 sets=[[0,2,5,6],[1,2,3,6],[1,4,5,6],[3,4,5,6]]
GMFAIL 2,7,10,6 2,4,7,10 1,6,4,8 6,4,8,1 | 5 64 18 32 | 8 # m=7 sets=[[0,2,5,6],[1,2,3,6],[1,4,5,6],[3,4,5,6]]
GMFAIL 1,6,8,4 2,4,7,10 2,5,4,8 6,4,8,1 | 5 64 18 32 | 8 # m=7 sets=[[0,2,5,6],[1,2,3,6],[1,4,5,6],[3,4,5,6]]
GMFAIL 2,5,8,4 2,4,7,10 2,5,4,8 6,4,8,1 | 5 64 18 32 | 8 # m=7 sets=[[0,2,5,6],[1,2,3,6],[1,4,5,6],[3,4,5,6]]
GMFAIL 2,7,10,4 2,4,7,10 2,5,4,8 6,4,8,1 | 5 64 18 32 | 8 # m=7 sets=[[0,2,5,6],[1,2,3,6],[1,4,5,6],[3,4,5,6]]
GMFAIL 2,7,10,6 2,4,7,10 2,5,4,8 6,4,8,1 | 5 64 18 32 | 8 # m=7 sets=[[0,2,5,6],[1,2,3,6],[1,4,5,6],[3,4,5,6]]
GMFAIL 1,6,8,4 2,4,7,10 2,7,4,10 6,4,8,1 | 5 64 18 32 | 8 # m=7 sets=[[0,2,5,6],[1,2,3,6],[1,4,5,6],[3,4,5,6]]
GMFAIL 2,5,8,4 2,4,7,10 2,7,4,10 6,4,8,1 | 5 64 18 32 | 8 # m=7 sets=[[0,2,5,6],[1,2,3,6],[1,4,5,6],[3,4,5,6]]
GMFAIL 2,7,10,4 2,4,7,10 2,7,4,10 6,4,8,1 | 5 64 18 32 | 8 # m=7 sets=[[0,2,5,6],[1,2,3,6],[1,4,5,6],[3,4,5,6]]
GMFAIL 2,7,10,6 2,4,7,10 2,7,4,10 6,4,8,1 | 5 64 18 32 | 8 # m=7 sets=[[0,2,5,6],[1,2,3,6],[1,4,5,6],[3,4,5,6]]
GMFAIL 1,6,8,4 2,4,7,10 2,7,6,10 6,4,8,1 | 5 64 18 32 | 8 # m=7 sets=[[0,2,5,6],[1,2,3,6],[1,4,5,6],[3,4,5,6]]
GMFAIL 2,5,8,4 2,4,7,10 2,7,6,10 6,4,8,1 | 5 64 18 32 | 8 # m=7 sets=[[0,2,5,6],[1,2,3,6],[1,4,5,6],[3,4,5,6]]
GMFAIL 2,7,10,4 2,4,7,10 2,7,6,10 6,4,8,1 | 5 64 18 32 | 8 # m=7 sets=[[0,2,5,6],[1,2,3,6],[1,4,5,6],[3,4,5,6]]
GMFAIL 2,7,10,6 2,4,7,10 2,7,6,10 6,4,8,1 | 5 64 18 32 | 8 # m=7 sets=[[0,2,5,6],[1,2,3,6],[1,4,5,6],[3,4,5,6]]
GMFAIL 1,6,8,4 1,4,6,8 1,6,4,8 6,4,8,1 | 5 64 18 32 | 8 # m=7 sets=[[0,2,5,6],[1,2,3,6],[1,4,5,6],[3,4,5,6]]
GMFAIL 2,5,8,4 1,4,6,8 1,6,4,8 6,4,8,1 | 5 64 18 32 | 8 # m=7 sets=[[0,2,5,6],[1,2,3,6],[1,4,5,6],[3,4,5,6]]
GMFAIL 2,7,10,4 1,4,6,8 1,6,4,8 6,4,8,1 | 5 64 18 32 | 8 # m=7 sets=[[0,2,5,6],[1,2,3,6],[1,4,5,6],[3,4,5,6]]
GMFAIL 2,7,10,6 1,4,6,8 1,6,4,8 6,4,8,1 | 5 64 18 32 | 8 # m=7 sets=[[0,2,5,6],[1,2,3,6],[1,4,5,6],[3,4,5,6]]
GMFAIL 1,6,8,4 2,4,7,10 1,6,4,8 6,4,8,1 | 5 64 18 32 | 8 # m=7 sets=[[0,2,5,6],[1,2,3,6],[1,4,5,6],[3,4,5,6]]
GMFAIL 2,5,8,4 2,4,7,10 1,6,4,8 6,4,8,1 | 5 64 18 32 | 8 # m=7 sets=[[0,2,5,6],[1,2,3,6],[1,4,5,6],[3,4,5,6]]
GMFAIL 2,7,10,4 2,4,7,10 1,6,4,8 6,4,8,1 | 5 64 18 32 | 8 # m=7 sets=[[0,2,5,6],[1,2,3,6],[1,4,5,6],[3,4,5,6]]
GMFAIL 2,7,10,6 2,4,7,10 1,6,4,8 6,4,8,1 | 5 64 18 32 | 8 # m=7 sets=[[0,2,5,6],[1,2,3,6],[1,4,5,6],[3,4,5,6]]
GMFAIL 1,6,8,4 2,4,7,10 1,6,4,8 5,4,8,2 | 5 64 18 32 | 8 # m=7 sets=[[0,2,5,6],[1,2,3,6],[1,4,5,6],[3,4,5,6]]
GMFAIL 2,5,8,4 2,4,7,10 1,6,4,8 5,4,8,2 | 5 64 18 32 | 8 # m=7 sets=[[0,2,5,6],[1,2,3,6],[1,4,5,6],[3,4,5,6]]
GMFAIL 2,7,10,4 2,4,7,10 1,6,4,8 5,4,8,2 | 5 64 18 32 | 8 # m=7 sets=[[0,2,5,6],[1,2,3,6],[1,4,5,6],[3,4,5,6]]
GMFAIL 2,7,10,6 2,4,7,10 1,6,4,8 5,4,8,2 | 5 64 18 32 | 8 # m=7 sets=[[0,2,5,6],[1,2,3,6],[1,4,5,6],[3,4,5,6]]
GMFAIL 1,6,8,4 2,4,7,10 1,6,4,8 6,4,8,1 | 5 64 18 32 | 8 # m=7 sets=[[0,2,5,6],[1,2,3,6],[1,4,5,6],[3,4,5,6]]
GMFAIL 2,5,8,4 2,4,7,10 1,6,4,8 6,4,8,1 | 5 64 18 32 | 8 # m=7 sets=[[0,2,5,6],[1,2,3,6],[1,4,5,6],[3,4,5,6]]
GMFAIL 2,7,10,4 2,4,7,10 1,6,4,8 6,4,8,1 | 5 64 18 32 | 8 # m=7 sets=[[0,2,5,6],[1,2,3,6],[1,4,5,6],[3,4,5,6]]
GMFAIL 2,7,10,6 2,4,7,10 1,6,4,8 6,4,8,1 | 5 64 18 32 | 8 # m=7 sets=[[0,2,5,6],[1,2,3,6],[1,4,5,6],[3,4,5,6]]
GMFAIL 1,6,8,4 2,4,7,10 1,6,4,8 7,4,10,2 | 5 64 18 32 | 8 # m=7 sets=[[0,2,5,6],[1,2,3,6],[1,4,5,6],[3,4,5,6]]
GMFAIL 2,5,8,4 2,4,7,10 1,6,4,8 7,4,10,2 | 5 64 18 32 | 8 # m=7 sets=[[0,2,5,6],[1,2,3,6],[1,4,5,6],[3,4,5,6]]
GMFAIL 2,7,10,4 2,4,7,10 1,6,4,8 7,4,10,2 | 5 64 18 32 | 8 # m=7 sets=[[0,2,5,6],[1,2,3,6],[1,4,5,6],[3,4,5,6]]
GMFAIL 2,7,10,6 2,4,7,10 1,6,4,8 7,4,10,2 | 5 64 18 32 | 8 # m=7 sets=[[0,2,5,6],[1,2,3,6],[1,4,5,6],[3,4,5,6]]
GMFAIL 1,6,8,4 2,4,7,10 1,6,4,8 7,6,10,2 | 5 64 18 32 | 8 # m=7 sets=[[0,2,5,6],[1,2,3,6],[1,4,5,6],[3,4,5,6]]
GMFAIL 2,5,8,4 2,4,7,10 1,6,4,8 7,6,10,2 | 5 64 18 32 | 8 # m=7 sets=[[0,2,5,6],[1,2,3,6],[1,4,5,6],[3,4,5,6]]
GMFAIL 2,7,10,4 2,4,7,10 1,6,4,8 7,6,10,2 | 5 64 18 32 | 8 # m=7 sets=[[0,2,5,6],[1,2,3,6],[1,4,5,6],[3,4,5,6]]
GMFAIL 2,7,10,6 2,4,7,10 1,6,4,8 7,6,10,2 | 5 64 18 32 | 8 # m=7 sets=[[0,2,5,6],[1,2,3,6],[1,4,5,6],[3,4,5,6]]
GMFAIL 1,6,8,4 1,4,6,8 1,6,4,8 6,4,8,1 | 5 64 18 32 | 8 # m=7 sets=[[0,2,5,6],[1,2,3,6],[1,4,5,6],[3,4,5,6]]
GMFAIL 1,6,8,4 2,4,7,10 1,6,4,8 6,4,8,1 | 5 64 18 32 | 8 # m=7 sets=[[0,2,5,6],[1,2,3,6],[1,4,5,6],[3,4,5,6]]
GMFAIL 1,6,8,4 1,4,6,8 2,5,4,8 6,4,8,1 | 5 64 18 32 | 8 # m=7 sets=[[0,2,5,6],[1,2,3,6],[1,4,5,6],[3,4,5,6]]
GMFAIL 1,6,8,4 2,4,7,10 2,5,4,8 6,4,8,1 | 5 64 18 32 | 8 # m=7 sets=[[0,2,5,6],[1,2,3,6],[1,4,5,6],[3,4,5,6]]
GMFAIL 1,6,8,4 1,4,6,8 2,7,4,10 6,4,8,1 | 5 64 18 32 | 8 # m=7 sets=[[0,2,5,6],[1,2,3,6],[1,4,5,6],[3,4,5,6]]
GMFAIL 1,6,8,4 2,4,7,10 2,7,4,10 6,4,8,1 | 5 64 18 32 | 8 # m=7 sets=[[0,2,5,6],[1,2,3,6],[1,4,5,6],[3,4,5,6]]
GMFAIL 1,6,8,4 1,4,6,8 2,7,6,10 6,4,8,1 | 5 64 18 32 | 8 # m=7 sets=[[0,2,5,6],[1,2,3,6],[1,4,5,6],[3,4,5,6]]
GMFAIL 1,6,8,4 2,4,7,10 2,7,6,10 6,4,8,1 | 5 64 18 32 | 8 # m=7 sets=[[0,2,5,6],[1,2,3,6],[1,4,5,6],[3,4,5,6]]
GMFAIL 1,6,8,4 2,4,7,10 1,6,4,8 5,4,8,2 | 5 64 18 32 | 8 # m=7 sets=[[0,2,5,6],[1,2,3,6],[1,4,5,6],[3,4,5,6]]
GMFAIL 1,6,8,4 2,4,7,10 2,5,4,8 5,4,8,2 | 5 64 18 32 | 8 # m=7 sets=[[0,2,5,6],[1,2,3,6],[1,4,5,6],[3,4,5,6]]
GMFAIL 1,6,8,4 2,4,7,10 2,7,4,10 5,4,8,2 | 5 64 18 32 | 8 # m=7 sets=[[0,2,5,6],[1,2,3,6],[1,4,5,6],[3,4,5,6]]
GMFAIL 1,6,8,4 2,4,7,10 2,7,6,10 5,4,8,2 | 5 64 18 32 | 8 # m=7 sets=[[0,2,5,6],[1,2,3,6],[1,4,5,6],[3,4,5,6]]
GMFAIL 1,6,8,4 2,4,7,10 1,6,4,8 6,4,8,1 | 5 64 18 32 | 8 # m=7 sets=[[0,2,5,6],[1,2,3,6],[1,4,5,6],[3,4,5,6]]
GMFAIL 1,6,8,4 2,4,7,10 2,5,4,8 6,4,8,1 | 5 64 18 32 | 8 # m=7 sets=[[0,2,5,6],[1,2,3,6],[1,4,5,6],[3,4,5,6]]
GMFAIL 1,6,8,4 2,4,7,10 2,7,4,10 6,4,8,1 | 5 64 18 32 | 8 # m=7 sets=[[0,2,5,6],[1,2,3,6],[1,4,5,6],[3,4,5,6]]
GMFAIL 1,6,8,4 2,4,7,10 2,7,6,10 6,4,8,1 | 5 64 18 32 | 8 # m=7 sets=[[0,2,5,6],[1,2,3,6],[1,4,5,6],[3,4,5,6]]
GMFAIL 1,6,8,4 2,4,7,10 1,6,4,8 7,4,10,2 | 5 64 18 32 | 8 # m=7 sets=[[0,2,5,6],[1,2,3,6],[1,4,5,6],[3,4,5,6]]
GMFAIL 1,6,8,4 2,4,7,10 2,5,4,8 7,4,10,2 | 5 64 18 32 | 8 # m=7 sets=[[0,2,5,6],[1,2,3,6],[1,4,5,6],[3,4,5,6]]
GMFAIL 1,6,8,4 2,4,7,10 2,7,4,10 7,4,10,2 | 5 64 18 32 | 8 # m=7 sets=[[0,2,5,6],[1,2,3,6],[1,4,5,6],[3,4,5,6]]
GMFAIL 1,6,8,4 2,4,7,10 2,7,6,10 7,4,10,2 | 5 64 18 32 | 8 # m=7 sets=[[0,2,5,6],[1,2,3,6],[1,4,5,6],[3,4,5,6]]
GMFAIL 1,6,8,4 2,4,7,10 1,6,4,8 7,6,10,2 | 5 64 18 32 | 8 # m=7 sets=[[0,2,5,6],[1,2,3,6],[1,4,5,6],[3,4,5,6]]
GMFAIL 1,6,8,4 2,4,7,10 2,5,4,8 7,6,10,2 | 5 64 18 32 | 8 # m=7 sets=[[0,2,5,6],[1,2,3,6],[1,4,5,6],[3,4,5,6]]
GMFAIL 1,6,8,4 2,4,7,10 2,7,4,10 7,6,10,2 | 5 64 18 32 | 8 # m=7 sets=[[0,2,5,6],[1,2,3,6],[1,4,5,6],[3,4,5,6]]
GMFAIL 1,6,8,4 2,4,7,10 2,7,6,10 7,6,10,2 | 5 64 18 32 | 8 # m=7 sets=[[0,2,5,6],[1,2,3,6],[1,4,5,6],[3,4,5,6]]
GMFAIL 1,6,8,4 1,4,6,8 1,6,4,8 5,4,8,2 | 5 64 18 32 | 8 # m=7 sets=[[0,2,5,6],[1,2,3,6],[1,4,5,6],[3,4,5,6]]
GMFAIL 1,6,8,4 2,4,7,10 1,6,4,8 5,4,8,2 | 5 64 18 32 | 8 # m=7 sets=[[0,2,5,6],[1,2,3,6],[1,4,5,6],[3,4,5,6]]
GMFAIL 1,6,8,4 1,4,6,8 1,6,4,8 6,4,8,1 | 5 64 18 32 | 8 # m=7 sets=[[0,2,5,6],[1,2,3,6],[1,4,5,6],[3,4,5,6]]
GMFAIL 1,6,8,4 2,4,7,10 1,6,4,8 6,4,8,1 | 5 64 18 32 | 8 # m=7 sets=[[0,2,5,6],[1,2,3,6],[1,4,5,6],[3,4,5,6]]
GMFAIL 1,6,8,4 1,4,6,8 1,6,4,8 7,4,10,2 | 5 64 18 32 | 8 # m=7 sets=[[0,2,5,6],[1,2,3,6],[1,4,5,6],[3,4,5,6]]
GMFAIL 1,6,8,4 2,4,7,10 1,6,4,8 7,4,10,2 | 5 64 18 32 | 8 # m=7 sets=[[0,2,5,6],[1,2,3,6],[1,4,5,6],[3,4,5,6]]
GMFAIL 1,6,8,4 1,4,6,8 1,6,4,8 7,6,10,2 | 5 64 18 32 | 8 # m=7 sets=[[0,2,5,6],[1,2,3,6],[1,4,5,6],[3,4,5,6]]
GMFAIL 1,6,8,4 2,4,7,10 1,6,4,8 7,6,10,2 | 5 64 18 32 | 8 # m=7 sets=[[0,2,5,6],[1,2,3,6],[1,4,5,6],[3,4,5,6]]
GMFAIL 1,6,8,4 1,4,6,8 1,6,4,8 7,4,10,2 | 5 64 18 32 | 8 # m=7 sets=[[0,2,5,6],[1,2,3,6],[1,4,5,6],[3,4,5,6]]
GMFAIL 2,5,8,4 1,4,6,8 1,6,4,8 7,4,10,2 | 5 64 18 32 | 8 # m=7 sets=[[0,2,5,6],[1,2,3,6],[1,4,5,6],[3,4,5,6]]
GMFAIL 2,7,10,4 1,4,6,8 1,6,4,8 7,4,10,2 | 5 64 18 32 | 8 # m=7 sets=[[0,2,5,6],[1,2,3,6],[1,4,5,6],[3,4,5,6]]
GMFAIL 2,7,10,6 1,4,6,8 1,6,4,8 7,4,10,2 | 5 64 18 32 | 8 # m=7 sets=[[0,2,5,6],[1,2,3,6],[1,4,5,6],[3,4,5,6]]
GMFAIL 1,6,8,4 2,4,7,10 1,6,4,8 7,4,10,2 | 5 64 18 32 | 8 # m=7 sets=[[0,2,5,6],[1,2,3,6],[1,4,5,6],[3,4,5,6]]
GMFAIL 2,5,8,4 2,4,7,10 1,6,4,8 7,4,10,2 | 5 64 18 32 | 8 # m=7 sets=[[0,2,5,6],[1,2,3,6],[1,4,5,6],[3,4,5,6]]
GMFAIL 2,7,10,4 2,4,7,10 1,6,4,8 7,4,10,2 | 5 64 18 32 | 8 # m=7 sets=[[0,2,5,6],[1,2,3,6],[1,4,5,6],[3,4,5,6]]
GMFAIL 2,7,10,6 2,4,7,10 1,6,4,8 7,4,10,2 | 5 64 18 32 | 8 # m=7 sets=[[0,2,5,6],[1,2,3,6],[1,4,5,6],[3,4,5,6]]
GMFAIL 1,6,8,4 2,4,7,10 1,6,4,8 7,4,10,2 | 5 64 18 32 | 8 # m=7 sets=[[0,2,5,6],[1,2,3,6],[1,4,5,6],[3,4,5,6]]
GMFAIL 2,5,8,4 2,4,7,10 1,6,4,8 7,4,10,2 | 5 64 18 32 | 8 # m=7 sets=[[0,2,5,6],[1,2,3,6],[1,4,5,6],[3,4,5,6]]
GMFAIL 2,7,10,4 2,4,7,10 1,6,4,8 7,4,10,2 | 5 64 18 32 | 8 # m=7 sets=[[0,2,5,6],[1,2,3,6],[1,4,5,6],[3,4,5,6]]
GMFAIL 2,7,10,6 2,4,7,10 1,6,4,8 7,4,10,2 | 5 64 18 32 | 8 # m=7 sets=[[0,2,5,6],[1,2,3,6],[1,4,5,6],[3,4,5,6]]
GMFAIL 1,6,8,4 2,4,7,10 2,5,4,8 7,4,10,2 | 5 64 18 32 | 8 # m=7 sets=[[0,2,5,6],[1,2,3,6],[1,4,5,6],[3,4,5,6]]
GMFAIL 2,5,8,4 2,4,7,10 2,5,4,8 7,4,10,2 | 5 64 18 32 | 8 # m=7 sets=[[0,2,5,6],[1,2,3,6],[1,4,5,6],[3,4,5,6]]
GMFAIL 2,7,10,4 2,4,7,10 2,5,4,8 7,4,10,2 | 5 64 18 32 | 8 # m=7 sets=[[0,2,5,6],[1,2,3,6],[1,4,5,6],[3,4,5,6]]
GMFAIL 2,7,10,6 2,4,7,10 2,5,4,8 7,4,10,2 | 5 64 18 32 | 8 # m=7 sets=[[0,2,5,6],[1,2,3,6],[1,4,5,6],[3,4,5,6]]
GMFAIL 1,6,8,4 2,4,7,10 2,7,4,10 7,4,10,2 | 5 64 18 32 | 8 # m=7 sets=[[0,2,5,6],[1,2,3,6],[1,4,5,6],[3,4,5,6]]
GMFAIL 2,5,8,4 2,4,7,10 2,7,4,10 7,4,10,2 | 5 64 18 32 | 8 # m=7 sets=[[0,2,5,6],[1,2,3,6],[1,4,5,6],[3,4,5,6]]
GMFAIL 2,7,10,4 2,4,7,10 2,7,4,10 7,4,10,2 | 5 64 18 32 | 8 # m=7 sets=[[0,2,5,6],[1,2,3,6],[1,4,5,6],[3,4,5,6]]
GMFAIL 2,7,10,6 2,4,7,10 2,7,4,10 7,4,10,2 | 5 64 18 32 | 8 # m=7 sets=[[0,2,5,6],[1,2,3,6],[1,4,5,6],[3,4,5,6]]
GMFAIL 1,6,8,4 2,4,7,10 2,7,6,10 7,4,10,2 | 5 64 18 32 | 8 # m=7 sets=[[0,2,5,6],[1,2,3,6],[1,4,5,6],[3,4,5,6]]
GMFAIL 2,5,8,4 2,4,7,10 2,7,6,10 7,4,10,2 | 5 64 18 32 | 8 # m=7 sets=[[0,2,5,6],[1,2,3,6],[1,4,5,6],[3,4,5,6]]
GMFAIL 2,7,10,4 2,4,7,10 2,7,6,10 7,4,10,2 | 5 64 18 32 | 8 # m=7 sets=[[0,2,5,6],[1,2,3,6],[1,4,5,6],[3,4,5,6]]
GMFAIL 2,7,10,6 2,4,7,10 2,7,6,10 7,4,10,2 | 5 64 18 32 | 8 # m=7 sets=[[0,2,5,6],[1,2,3,6],[1,4,5,6],[3,4,5,6]]
GMFAIL 1,6,8,4 2,4,7,10 1,6,4,8 5,4,8,2 | 5 64 18 32 | 8 # m=7 sets=[[0,2,5,6],[1,2,3,6],[1,4,5,6],[3,4,5,6]]
GMFAIL 2,5,8,4 2,4,7,10 1,6,4,8 5,4,8,2 | 5 64 18 32 | 8 # m=7 sets=[[0,2,5,6],[1,2,3,6],[1,4,5,6],[3,4,5,6]]
GMFAIL 2,7,10,4 2,4,7,10 1,6,4,8 5,4,8,2 | 5 64 18 32 | 8 # m=7 sets=[[0,2,5,6],[1,2,3,6],[1,4,5,6],[3,4,5,6]]
GMFAIL 2,7,10,6 2,4,7,10 1,6,4,8 5,4,8,2 | 5 64 18 32 | 8 # m=7 sets=[[0,2,5,6],[1,2,3,6],[1,4,5,6],[3,4,5,6]]
GMFAIL 1,6,8,4 2,4,7,10 1,6,4,8 6,4,8,1 | 5 64 18 32 | 8 # m=7 sets=[[0,2,5,6],[1,2,3,6],[1,4,5,6],[3,4,5,6]]
GMFAIL 2,5,8,4 2,4,7,10 1,6,4,8 6,4,8,1 | 5 64 18 32 | 8 # m=7 sets=[[0,2,5,6],[1,2,3,6],[1,4,5,6],[3,4,5,6]]
GMFAIL 2,7,10,4 2,4,7,10 1,6,4,8 6,4,8,1 | 5 64 18 32 | 8 # m=7 sets=[[0,2,5,6],[1,2,3,6],[1,4,5,6],[3,4,5,6]]
GMFAIL 2,7,10,6 2,4,7,10 1,6,4,8 6,4,8,1 | 5 64 18 32 | 8 # m=7 sets=[[0,2,5,6],[1,2,3,6],[1,4,5,6],[3,4,5,6]]
GMFAIL 1,6,8,4 2,4,7,10 1,6,4,8 7,4,10,2 | 5 64 18 32 | 8 # m=7 sets=[[0,2,5,6],[1,2,3,6],[1,4,5,6],[3,4,5,6]]
GMFAIL 2,5,8,4 2,4,7,10 1,6,4,8 7,4,10,2 | 5 64 18 32 | 8 # m=7 sets=[[0,2,5,6],[1,2,3,6],[1,4,5,6],[3,4,5,6]]
GMFAIL 2,7,10,4 2,4,7,10 1,6,4,8 7,4,10,2 | 5 64 18 32 | 8 # m=7 sets=[[0,2,5,6],[1,2,3,6],[1,4,5,6],[3,4,5,6]]
GMFAIL 2,7,10,6 2,4,7,10 1,6,4,8 7,4,10,2 | 5 64 18 32 | 8 # m=7 sets=[[0,2,5,6],[1,2,3,6],[1,4,5,6],[3,4,5,6]]
GMFAIL 1,6,8,4 2,4,7,10 1,6,4,8 7,6,10,2 | 5 64 18 32 | 8 # m=7 sets=[[0,2,5,6],[1,2,3,6],[1,4,5,6],[3,4,5,6]]
GMFAIL 2,5,8,4 2,4,7,10 1,6,4,8 7,6,10,2 | 5 64 18 32 | 8 # m=7 sets=[[0,2,5,6],[1,2,3,6],[1,4,5,6],[3,4,5,6]]
GMFAIL 2,7,10,4 2,4,7,10 1,6,4,8 7,6,10,2 | 5 64 18 32 | 8 # m=7 sets=[[0,2,5,6],[1,2,3,6],[1,4,5,6],[3,4,5,6]]
GMFAIL 2,7,10,6 2,4,7,10 1,6,4,8 7,6,10,2 | 5 64 18 32 | 8 # m=7 sets=[[0,2,5,6],[1,2,3,6],[1,4,5,6],[3,4,5,6]]
GMFAIL 1,6,8,4 1,4,6,8 1,6,4,8 7,4,10,2 | 5 64 18 32 | 8 # m=7 sets=[[0,2,5,6],[1,2,3,6],[1,4,5,6],[3,4,5,6]]
GMFAIL 1,6,8,4 2,4,7,10 1,6,4,8 7,4,10,2 | 5 64 18 32 | 8 # m=7 sets=[[0,2,5,6],[1,2,3,6],[1,4,5,6],[3,4,5,6]]
GMFAIL 1,6,8,4 1,4,6,8 2,5,4,8 7,4,10,2 | 5 64 18 32 | 8 # m=7 sets=[[0,2,5,6],[1,2,3,6],[1,4,5,6],[3,4,5,6]]
GMFAIL 1,6,8,4 2,4,7,10 2,5,4,8 7,4,10,2 | 5 64 18 32 | 8 # m=7 sets=[[0,2,5,6],[1,2,3,6],[1,4,5,6],[3,4,5,6]]
GMFAIL 1,6,8,4 1,4,6,8 2,7,4,10 7,4,10,2 | 5 64 18 32 | 8 # m=7 sets=[[0,2,5,6],[1,2,3,6],[1,4,5,6],[3,4,5,6]]
GMFAIL 1,6,8,4 2,4,7,10 2,7,4,10 7,4,10,2 | 5 64 18 32 | 8 # m=7 sets=[[0,2,5,6],[1,2,3,6],[1,4,5,6],[3,4,5,6]]
GMFAIL 1,6,8,4 1,4,6,8 2,7,6,10 7,4,10,2 | 5 64 18 32 | 8 # m=7 sets=[[0,2,5,6],[1,2,3,6],[1,4,5,6],[3,4,5,6]]
GMFAIL 1,6,8,4 2,4,7,10 2,7,6,10 7,4,10,2 | 5 64 18 32 | 8 # m=7 sets=[[0,2,5,6],[1,2,3,6],[1,4,5,6],[3,4,5,6]]
GMFAIL 1,6,8,4 1,4,6,8 1,6,4,8 5,4,8,2 | 5 64 18 32 | 8 # m=7 sets=[[0,2,5,6],[1,2,3,6],[1,4,5,6],[3,4,5,6]]
GMFAIL 1,6,8,4 2,4,7,10 1,6,4,8 5,4,8,2 | 5 64 18 32 | 8 # m=7 sets=[[0,2,5,6],[1,2,3,6],[1,4,5,6],[3,4,5,6]]
GMFAIL 1,6,8,4 1,4,6,8 1,6,4,8 6,4,8,1 | 5 64 18 32 | 8 # m=7 sets=[[0,2,5,6],[1,2,3,6],[1,4,5,6],[3,4,5,6]]
GMFAIL 1,6,8,4 2,4,7,10 1,6,4,8 6,4,8,1 | 5 64 18 32 | 8 # m=7 sets=[[0,2,5,6],[1,2,3,6],[1,4,5,6],[3,4,5,6]]
GMFAIL 1,6,8,4 1,4,6,8 1,6,4,8 7,4,10,2 | 5 64 18 32 | 8 # m=7 sets=[[0,2,5,6],[1,2,3,6],[1,4,5,6],[3,4,5,6]]
GMFAIL 1,6,8,4 2,4,7,10 1,6,4,8 7,4,10,2 | 5 64 18 32 | 8 # m=7 sets=[[0,2,5,6],[1,2,3,6],[1,4,5,6],[3,4,5,6]]
GMFAIL 1,6,8,4 1,4,6,8 1,6,4,8 7,6,10,2 | 5 64 18 32 | 8 # m=7 sets=[[0,2,5,6],[1,2,3,6],[1,4,5,6],[3,4,5,6]]
GMFAIL 1,6,8,4 2,4,7,10 1,6,4,8 7,6,10,2 | 5 64 18 32 | 8 # m=7 sets=[[0,2,5,6],[1,2,3,6],[1,4,5,6],[3,4,5,6]]
GMFAIL 1,6,8,4 2,4,7,10 1,6,4,8 5,4,8,2 | 5 64 18 32 | 8 # m=7 sets=[[0,2,5,6],[1,2,3,6],[1,4,5,6],[3,4,5,6]]
GMFAIL 1,6,8,4 2,4,7,10 2,5,4,8 5,4,8,2 | 5 64 18 32 | 8 # m=7 sets=[[0,2,5,6],[1,2,3,6],[1,4,5,6],[3,4,5,6]]
GMFAIL 1,6,8,4 2,4,7,10 2,7,4,10 5,4,8,2 | 5 64 18 32 | 8 # m=7 sets=[[0,2,5,6],[1,2,3,6],[1,4,5,6],[3,4,5,6]]
GMFAIL 1,6,8,4 2,4,7,10 2,7,6,10 5,4,8,2 | 5 64 18 32 | 8 # m=7 sets=[[0,2,5,6],[1,2,3,6],[1,4,5,6],[3,4,5,6]]
GMFAIL 1,6,8,4 2,4,7,10 1,6,4,8 6,4,8,1 | 5 64 18 32 | 8 # m=7 sets=[[0,2,5,6],[1,2,3,6],[1,4,5,6],[3,4,5,6]]
GMFAIL 1,6,8,4 2,4,7,10 2,5,4,8 6,4,8,1 | 5 64 18 32 | 8 # m=7 sets=[[0,2,5,6],[1,2,3,6],[1,4,5,6],[3,4,5,6]]
GMFAIL 1,6,8,4 2,4,7,10 2,7,4,10 6,4,8,1 | 5 64 18 32 | 8 # m=7 sets=[[0,2,5,6],[1,2,3,6],[1,4,5,6],[3,4,5,6]]
GMFAIL 1,6,8,4 2,4,7,10 2,7,6,10 6,4,8,1 | 5 64 18 32 | 8 # m=7 sets=[[0,2,5,6],[1,2,3,6],[1,4,5,6],[3,4,5,6]]
GMFAIL 1,6,8,4 2,4,7,10 1,6,4,8 7,4,10,2 | 5 64 18 32 | 8 # m=7 sets=[[0,2,5,6],[1,2,3,6],[1,4,5,6],[3,4,5,6]]
GMFAIL 1,6,8,4 2,4,7,10 2,5,4,8 7,4,10,2 | 5 64 18 32 | 8 # m=7 sets=[[0,2,5,6],[1,2,3,6],[1,4,5,6],[3,4,5,6]]
GMFAIL 1,6,8,4 2,4,7,10 2,7,4,10 7,4,10,2 | 5 64 18 32 | 8 # m=7 sets=[[0,2,5,6],[1,2,3,6],[1,4,5,6],[3,4,5,6]]
GMFAIL 1,6,8,4 2,4,7,10 2,7,6,10 7,4,10,2 | 5 64 18 32 | 8 # m=7 sets=[[0,2,5,6],[1,2,3,6],[1,4,5,6],[3,4,5,6]]
GMFAIL 1,6,8,4 2,4,7,10 1,6,4,8 7,6,10,2 | 5 64 18 32 | 8 # m=7 sets=[[0,2,5,6],[1,2,3,6],[1,4,5,6],[3,4,5,6]]
GMFAIL 1,6,8,4 2,4,7,10 2,5,4,8 7,6,10,2 | 5 64 18 32 | 8 # m=7 sets=[[0,2,5,6],[1,2,3,6],[1,4,5,6],[3,4,5,6]]
GMFAIL 1,6,8,4 2,4,7,10 2,7,4,10 7,6,10,2 | 5 64 18 32 | 8 # m=7 sets=[[0,2,5,6],[1,2,3,6],[1,4,5,6],[3,4,5,6]]
GMFAIL 1,6,8,4 2,4,7,10 2,7,6,10 7,6,10,2 | 5 64 18 32 | 8 # m=7 sets=[[0,2,5,6],[1,2,3,6],[1,4,5,6],[3,4,5,6]]
GMFAIL 1,6,8,4 2,4,7,10 1,6,4,8 7,6,10,2 | 5 64 18 32 | 8 # m=7 sets=[[0,2,5,6],[1,2,3,6],[1,4,5,6],[3,4,5,6]]
GMFAIL 2,5,8,4 2,4,7,10 1,6,4,8 7,6,10,2 | 5 64 18 32 | 8 # m=7 sets=[[0,2,5,6],[1,2,3,6],[1,4,5,6],[3,4,5,6]]
GMFAIL 2,7,10,4 2,4,7,10 1,6,4,8 7,6,10,2 | 5 64 18 32 | 8 # m=7 sets=[[0,2,5,6],[1,2,3,6],[1,4,5,6],[3,4,5,6]]
GMFAIL 2,7,10,6 2,4,7,10 1,6,4,8 7,6,10,2 | 5 64 18 32 | 8 # m=7 sets=[[0,2,5,6],[1,2,3,6],[1,4,5,6],[3,4,5,6]]
GMFAIL 1,6,8,4 2,4,7,10 2,5,4,8 7,6,10,2 | 5 64 18 32 | 8 # m=7 sets=[[0,2,5,6],[1,2,3,6],[1,4,5,6],[3,4,5,6]]
GMFAIL 2,5,8,4 2,4,7,10 2,5,4,8 7,6,10,2 | 5 64 18 32 | 8 # m=7 sets=[[0,2,5,6],[1,2,3,6],[1,4,5,6],[3,4,5,6]]
GMFAIL 2,7,10,4 2,4,7,10 2,5,4,8 7,6,10,2 | 5 64 18 32 | 8 # m=7 sets=[[0,2,5,6],[1,2,3,6],[1,4,5,6],[3,4,5,6]]
GMFAIL 2,7,10,6 2,4,7,10 2,5,4,8 7,6,10,2 | 5 64 18 32 | 8 # m=7 sets=[[0,2,5,6],[1,2,3,6],[1,4,5,6],[3,4,5,6]]
GMFAIL 1,6,8,4 2,4,7,10 2,7,4,10 7,6,10,2 | 5 64 18 32 | 8 # m=7 sets=[[0,2,5,6],[1,2,3,6],[1,4,5,6],[3,4,5,6]]
GMFAIL 2,5,8,4 2,4,7,10 2,7,4,10 7,6,10,2 | 5 64 18 32 | 8 # m=7 sets=[[0,2,5,6],[1,2,3,6],[1,4,5,6],[3,4,5,6]]
GMFAIL 2,7,10,4 2,4,7,10 2,7,4,10 7,6,10,2 | 5 64 18 32 | 8 # m=7 sets=[[0,2,5,6],[1,2,3,6],[1,4,5,6],[3,4,5,6]]
GMFAIL 2,7,10,6 2,4,7,10 2,7,4,10 7,6,10,2 | 5 64 18 32 | 8 # m=7 sets=[[0,2,5,6],[1,2,3,6],[1,4,5,6],[3,4,5,6]]
GMFAIL 1,6,8,4 2,4,7,10 2,7,6,10 7,6,10,2 | 5 64 18 32 | 8 # m=7 sets=[[0,2,5,6],[1,2,3,6],[1,4,5,6],[3,4,5,6]]
GMFAIL 2,5,8,4 2,4,7,10 2,7,6,10 7,6,10,2 | 5 64 18 32 | 8 # m=7 sets=[[0,2,5,6],[1,2,3,6],[1,4,5,6],[3,4,5,6]]
GMFAIL 2,7,10,4 2,4,7,10 2,7,6,10 7,6,10,2 | 5 64 18 32 | 8 # m=7 sets=[[0,2,5,6],[1,2,3,6],[1,4,5,6],[3,4,5,6]]
GMFAIL 2,7,10,6 2,4,7,10 2,7,6,10 7,6,10,2 | 5 64 18 32 | 8 # m=7 sets=[[0,2,5,6],[1,2,3,6],[1,4,5,6],[3,4,5,6]]
GMFAIL 1,6,8,4 1,4,6,8 1,6,4,8 7,6,10,2 | 5 64 18 32 | 8 # m=7 sets=[[0,2,5,6],[1,2,3,6],[1,4,5,6],[3,4,5,6]]
GMFAIL 2,5,8,4 1,4,6,8 1,6,4,8 7,6,10,2 | 5 64 18 32 | 8 # m=7 sets=[[0,2,5,6],[1,2,3,6],[1,4,5,6],[3,4,5,6]]
GMFAIL 2,7,10,4 1,4,6,8 1,6,4,8 7,6,10,2 | 5 64 18 32 | 8 # m=7 sets=[[0,2,5,6],[1,2,3,6],[1,4,5,6],[3,4,5,6]]
GMFAIL 2,7,10,6 1,4,6,8 1,6,4,8 7,6,10,2 | 5 64 18 32 | 8 # m=7 sets=[[0,2,5,6],[1,2,3,6],[1,4,5,6],[3,4,5,6]]
GMFAIL 1,6,8,4 2,4,7,10 1,6,4,8 7,6,10,2 | 5 64 18 32 | 8 # m=7 sets=[[0,2,5,6],[1,2,3,6],[1,4,5,6],[3,4,5,6]]
GMFAIL 2,5,8,4 2,4,7,10 1,6,4,8 7,6,10,2 | 5 64 18 32 | 8 # m=7 sets=[[0,2,5,6],[1,2,3,6],[1,4,5,6],[3,4,5,6]]
GMFAIL 2,7,10,4 2,4,7,10 1,6,4,8 7,6,10,2 | 5 64 18 32 | 8 # m=7 sets=[[0,2,5,6],[1,2,3,6],[1,4,5,6],[3,4,5,6]]
GMFAIL 2,7,10,6 2,4,7,10 1,6,4,8 7,6,10,2 | 5 64 18 32 | 8 # m=7 sets=[[0,2,5,6],[1,2,3,6],[1,4,5,6],[3,4,5,6]]
GMFAIL 1,6,8,4 2,4,7,10 1,6,4,8 5,4,8,2 | 5 64 18 32 | 8 # m=7 sets=[[0,2,5,6],[1,2,3,6],[1,4,5,6],[3,4,5,6]]
GMFAIL 2,5,8,4 2,4,7,10 1,6,4,8 5,4,8,2 | 5 64 18 32 | 8 # m=7 sets=[[0,2,5,6],[1,2,3,6],[1,4,5,6],[3,4,5,6]]
GMFAIL 2,7,10,4 2,4,7,10 1,6,4,8 5,4,8,2 | 5 64 18 32 | 8 # m=7 sets=[[0,2,5,6],[1,2,3,6],[1,4,5,6],[3,4,5,6]]
GMFAIL 2,7,10,6 2,4,7,10 1,6,4,8 5,4,8,2 | 5 64 18 32 | 8 # m=7 sets=[[0,2,5,6],[1,2,3,6],[1,4,5,6],[3,4,5,6]]
GMFAIL 1,6,8,4 2,4,7,10 1,6,4,8 6,4,8,1 | 5 64 18 32 | 8 # m=7 sets=[[0,2,5,6],[1,2,3,6],[1,4,5,6],[3,4,5,6]]
GMFAIL 2,5,8,4 2,4,7,10 1,6,4,8 6,4,8,1 | 5 64 18 32 | 8 # m=7 sets=[[0,2,5,6],[1,2,3,6],[1,4,5,6],[3,4,5,6]]
GMFAIL 2,7,10,4 2,4,7,10 1,6,4,8 6,4,8,1 | 5 64 18 32 | 8 # m=7 sets=[[0,2,5,6],[1,2,3,6],[1,4,5,6],[3,4,5,6]]
GMFAIL 2,7,10,6 2,4,7,10 1,6,4,8 6,4,8,1 | 5 64 18 32 | 8 # m=7 sets=[[0,2,5,6],[1,2,3,6],[1,4,5,6],[3,4,5,6]]
GMFAIL 1,6,8,4 2,4,7,10 1,6,4,8 7,4,10,2 | 5 64 18 32 | 8 # m=7 sets=[[0,2,5,6],[1,2,3,6],[1,4,5,6],[3,4,5,6]]
GMFAIL 2,5,8,4 2,4,7,10 1,6,4,8 7,4,10,2 | 5 64 18 32 | 8 # m=7 sets=[[0,2,5,6],[1,2,3,6],[1,4,5,6],[3,4,5,6]]
GMFAIL 2,7,10,4 2,4,7,10 1,6,4,8 7,4,10,2 | 5 64 18 32 | 8 # m=7 sets=[[0,2,5,6],[1,2,3,6],[1,4,5,6],[3,4,5,6]]
GMFAIL 2,7,10,6 2,4,7,10 1,6,4,8 7,4,10,2 | 5 64 18 32 | 8 # m=7 sets=[[0,2,5,6],[1,2,3,6],[1,4,5,6],[3,4,5,6]]
GMFAIL 1,6,8,4 2,4,7,10 1,6,4,8 7,6,10,2 | 5 64 18 32 | 8 # m=7 sets=[[0,2,5,6],[1,2,3,6],[1,4,5,6],[3,4,5,6]]
GMFAIL 2,5,8,4 2,4,7,10 1,6,4,8 7,6,10,2 | 5 64 18 32 | 8 # m=7 sets=[[0,2,5,6],[1,2,3,6],[1,4,5,6],[3,4,5,6]]
GMFAIL 2,7,10,4 2,4,7,10 1,6,4,8 7,6,10,2 | 5 64 18 32 | 8 # m=7 sets=[[0,2,5,6],[1,2,3,6],[1,4,5,6],[3,4,5,6]]
GMFAIL 2,7,10,6 2,4,7,10 1,6,4,8 7,6,10,2 | 5 64 18 32 | 8 # m=7 sets=[[0,2,5,6],[1,2,3,6],[1,4,5,6],[3,4,5,6]]
GMFAIL 1,6,8,4 1,4,6,8 1,6,4,8 7,6,10,2 | 5 64 18 32 | 8 # m=7 sets=[[0,2,5,6],[1,2,3,6],[1,4,5,6],[3,4,5,6]]
GMFAIL 1,6,8,4 2,4,7,10 1,6,4,8 7,6,10,2 | 5 64 18 32 | 8 # m=7 sets=[[0,2,5,6],[1,2,3,6],[1,4,5,6],[3,4,5,6]]
GMFAIL 1,6,8,4 1,4,6,8 2,5,4,8 7,6,10,2 | 5 64 18 32 | 8 # m=7 sets=[[0,2,5,6],[1,2,3,6],[1,4,5,6],[3,4,5,6]]
GMFAIL 1,6,8,4 2,4,7,10 2,5,4,8 7,6,10,2 | 5 64 18 32 | 8 # m=7 sets=[[0,2,5,6],[1,2,3,6],[1,4,5,6],[3,4,5,6]]
GMFAIL 1,6,8,4 1,4,6,8 2,7,4,10 7,6,10,2 | 5 64 18 32 | 8 # m=7 sets=[[0,2,5,6],[1,2,3,6],[1,4,5,6],[3,4,5,6]]
GMFAIL 1,6,8,4 2,4,7,10 2,7,4,10 7,6,10,2 | 5 64 18 32 | 8 # m=7 sets=[[0,2,5,6],[1,2,3,6],[1,4,5,6],[3,4,5,6]]
GMFAIL 1,6,8,4 1,4,6,8 2,7,6,10 7,6,10,2 | 5 64 18 32 | 8 # m=7 sets=[[0,2,5,6],[1,2,3,6],[1,4,5,6],[3,4,5,6]]
GMFAIL 1,6,8,4 2,4,7,10 2,7,6,10 7,6,10,2 | 5 64 18 32 | 8 # m=7 sets=[[0,2,5,6],[1,2,3,6],[1,4,5,6],[3,4,5,6]]
GMFAIL 1,6,8,4 1,4,6,8 1,6,4,8 5,4,8,2 | 5 64 18 32 | 8 # m=7 sets=[[0,2,5,6],[1,2,3,6],[1,4,5,6],[3,4,5,6]]
GMFAIL 1,6,8,4 2,4,7,10 1,6,4,8 5,4,8,2 | 5 64 18 32 | 8 # m=7 sets=[[0,2,5,6],[1,2,3,6],[1,4,5,6],[3,4,5,6]]
GMFAIL 1,6,8,4 1,4,6,8 1,6,4,8 6,4,8,1 | 5 64 18 32 | 8 # m=7 sets=[[0,2,5,6],[1,2,3,6],[1,4,5,6],[3,4,5,6]]
GMFAIL 1,6,8,4 2,4,7,10 1,6,4,8 6,4,8,1 | 5 64 18 32 | 8 # m=7 sets=[[0,2,5,6],[1,2,3,6],[1,4,5,6],[3,4,5,6]]
GMFAIL 1,6,8,4 1,4,6,8 1,6,4,8 7,4,10,2 | 5 64 18 32 | 8 # m=7 sets=[[0,2,5,6],[1,2,3,6],[1,4,5,6],[3,4,5,6]]
GMFAIL 1,6,8,4 2,4,7,10 1,6,4,8 7,4,10,2 | 5 64 18 32 | 8 # m=7 sets=[[0,2,5,6],[1,2,3,6],[1,4,5,6],[3,4,5,6]]
GMFAIL 1,6,8,4 1,4,6,8 1,6,4,8 7,6,10,2 | 5 64 18 32 | 8 # m=7 sets=[[0,2,5,6],[1,2,3,6],[1,4,5,6],[3,4,5,6]]
GMFAIL 1,6,8,4 2,4,7,10 1,6,4,8 7,6,10,2 | 5 64 18 32 | 8 # m=7 sets=[[0,2,5,6],[1,2,3,6],[1,4,5,6],[3,4,5,6]]
GMFAIL 1,6,8,4 2,4,7,10 1,6,4,8 5,4,8,2 | 5 64 18 32 | 8 # m=7 sets=[[0,2,5,6],[1,2,3,6],[1,4,5,6],[3,4,5,6]]
GMFAIL 1,6,8,4 2,4,7,10 2,5,4,8 5,4,8,2 | 5 64 18 32 | 8 # m=7 sets=[[0,2,5,6],[1,2,3,6],[1,4,5,6],[3,4,5,6]]
GMFAIL 1,6,8,4 2,4,7,10 2,7,4,10 5,4,8,2 | 5 64 18 32 | 8 # m=7 sets=[[0,2,5,6],[1,2,3,6],[1,4,5,6],[3,4,5,6]]
GMFAIL 1,6,8,4 2,4,7,10 2,7,6,10 5,4,8,2 | 5 64 18 32 | 8 # m=7 sets=[[0,2,5,6],[1,2,3,6],[1,4,5,6],[3,4,5,6]]
GMFAIL 1,6,8,4 2,4,7,10 1,6,4,8 6,4,8,1 | 5 64 18 32 | 8 # m=7 sets=[[0,2,5,6],[1,2,3,6],[1,4,5,6],[3,4,5,6]]
GMFAIL 1,6,8,4 2,4,7,10 2,5,4,8 6,4,8,1 | 5 64 18 32 | 8 # m=7 sets=[[0,2,5,6],[1,2,3,6],[1,4,5,6],[3,4,5,6]]
GMFAIL 1,6,8,4 2,4,7,10 2,7,4,10 6,4,8,1 | 5 64 18 32 | 8 # m=7 sets=[[0,2,5,6],[1,2,3,6],[1,4,5,6],[3,4,5,6]]
GMFAIL 1,6,8,4 2,4,7,10 2,7,6,10 6,4,8,1 | 5 64 18 32 | 8 # m=7 sets=[[0,2,5,6],[1,2,3,6],[1,4,5,6],[3,4,5,6]]
GMFAIL 1,6,8,4 2,4,7,10 1,6,4,8 7,4,10,2 | 5 64 18 32 | 8 # m=7 sets=[[0,2,5,6],[1,2,3,6],[1,4,5,6],[3,4,5,6]]
GMFAIL 1,6,8,4 2,4,7,10 2,5,4,8 7,4,10,2 | 5 64 18 32 | 8 # m=7 sets=[[0,2,5,6],[1,2,3,6],[1,4,5,6],[3,4,5,6]]
GMFAIL 1,6,8,4 2,4,7,10 2,7,4,10 7,4,10,2 | 5 64 18 32 | 8 # m=7 sets=[[0,2,5,6],[1,2,3,6],[1,4,5,6],[3,4,5,6]]
GMFAIL 1,6,8,4 2,4,7,10 2,7,6,10 7,4,10,2 | 5 64 18 32 | 8 # m=7 sets=[[0,2,5,6],[1,2,3,6],[1,4,5,6],[3,4,5,6]]
GMFAIL 1,6,8,4 2,4,7,10 1,6,4,8 7,6,10,2 | 5 64 18 32 | 8 # m=7 sets=[[0,2,5,6],[1,2,3,6],[1,4,5,6],[3,4,5,6]]
GMFAIL 1,6,8,4 2,4,7,10 2,5,4,8 7,6,10,2 | 5 64 18 32 | 8 # m=7 sets=[[0,2,5,6],[1,2,3,6],[1,4,5,6],[3,4,5,6]]
GMFAIL 1,6,8,4 2,4,7,10 2,7,4,10 7,6,10,2 | 5 64 18 32 | 8 # m=7 sets=[[0,2,5,6],[1,2,3,6],[1,4,5,6],[3,4,5,6]]
GMFAIL 1,6,8,4 2,4,7,10 2,7,6,10 7,6,10,2 | 5 64 18 32 | 8 # m=7 sets=[[0,2,5,6],[1,2,3,6],[1,4,5,6],[3,4,5,6]]
GMFAIL 1,6,8,4 1,6,4,8 4,5,2,8 5,4,8,2 | 5 18 64 32 | 8 # m=7 sets=[[0,2,5,6],[1,4,5,6],[2,3,4,6],[3,4,5,6]]
GMFAIL 2,5,8,4 1,6,4,8 4,5,2,8 5,4,8,2 | 5 18 64 32 | 8 # m=7 sets=[[0,2,5,6],[1,4,5,6],[2,3,4,6],[3,4,5,6]]
GMFAIL 2,7,10,4 1,6,4,8 4,5,2,8 5,4,8,2 | 5 18 64 32 | 8 # m=7 sets=[[0,2,5,6],[1,4,5,6],[2,3,4,6],[3,4,5,6]]
GMFAIL 2,7,10,6 1,6,4,8 4,5,2,8 5,4,8,2 | 5 18 64 32 | 8 # m=7 sets=[[0,2,5,6],[1,4,5,6],[2,3,4,6],[3,4,5,6]]
GMFAIL 1,6,8,4 2,5,4,8 4,5,2,8 5,4,8,2 | 5 18 64 32 | 8 # m=7 sets=[[0,2,5,6],[1,4,5,6],[2,3,4,6],[3,4,5,6]]
GMFAIL 2,5,8,4 2,5,4,8 4,5,2,8 5,4,8,2 | 5 18 64 32 | 8 # m=7 sets=[[0,2,5,6],[1,4,5,6],[2,3,4,6],[3,4,5,6]]
GMFAIL 2,7,10,4 2,5,4,8 4,5,2,8 5,4,8,2 | 5 18 64 32 | 8 # m=7 sets=[[0,2,5,6],[1,4,5,6],[2,3,4,6],[3,4,5,6]]
GMFAIL 2,7,10,6 2,5,4,8 4,5,2,8 5,4,8,2 | 5 18 64 32 | 8 # m=7 sets=[[0,2,5,6],[1,4,5,6],[2,3,4,6],[3,4,5,6]]
GMFAIL 1,6,8,4 2,7,4,10 4,5,2,8 5,4,8,2 | 5 18 64 32 | 8 # m=7 sets=[[0,2,5,6],[1,4,5,6],[2,3,4,6],[3,4,5,6]]
GMFAIL 2,5,8,4 2,7,4,10 4,5,2,8 5,4,8,2 | 5 18 64 32 | 8 # m=7 sets=[[0,2,5,6],[1,4,5,6],[2,3,4,6],[3,4,5,6]]
GMFAIL 2,7,10,4 2,7,4,10 4,5,2,8 5,4,8,2 | 5 18 64 32 | 8 # m=7 sets=[[0,2,5,6],[1,4,5,6],[2,3,4,6],[3,4,5,6]]
GMFAIL 2,7,10,6 2,7,4,10 4,5,2,8 5,4,8,2 | 5 18 64 32 | 8 # m=7 sets=[[0,2,5,6],[1,4,5,6],[2,3,4,6],[3,4,5,6]]
GMFAIL 1,6,8,4 2,7,6,10 4,5,2,8 5,4,8,2 | 5 18 64 32 | 8 # m=7 sets=[[0,2,5,6],[1,4,5,6],[2,3,4,6],[3,4,5,6]]
GMFAIL 2,5,8,4 2,7,6,10 4,5,2,8 5,4,8,2 | 5 18 64 32 | 8 # m=7 sets=[[0,2,5,6],[1,4,5,6],[2,3,4,6],[3,4,5,6]]
GMFAIL 2,7,10,4 2,7,6,10 4,5,2,8 5,4,8,2 | 5 18 64 32 | 8 # m=7 sets=[[0,2,5,6],[1,4,5,6],[2,3,4,6],[3,4,5,6]]
GMFAIL 2,7,10,6 2,7,6,10 4,5,2,8 5,4,8,2 | 5 18 64 32 | 8 # m=7 sets=[[0,2,5,6],[1,4,5,6],[2,3,4,6],[3,4,5,6]]
GMFAIL 1,6,8,4 2,5,4,8 4,5,2,8 5,4,8,2 | 5 18 64 32 | 8 # m=7 sets=[[0,2,5,6],[1,4,5,6],[2,3,4,6],[3,4,5,6]]
GMFAIL 2,5,8,4 2,5,4,8 4,5,2,8 5,4,8,2 | 5 18 64 32 | 8 # m=7 sets=[[0,2,5,6],[1,4,5,6],[2,3,4,6],[3,4,5,6]]
GMFAIL 2,7,10,4 2,5,4,8 4,5,2,8 5,4,8,2 | 5 18 64 32 | 8 # m=7 sets=[[0,2,5,6],[1,4,5,6],[2,3,4,6],[3,4,5,6]]
GMFAIL 2,7,10,6 2,5,4,8 4,5,2,8 5,4,8,2 | 5 18 64 32 | 8 # m=7 sets=[[0,2,5,6],[1,4,5,6],[2,3,4,6],[3,4,5,6]]
GMFAIL 1,6,8,4 2,5,4,8 4,6,1,8 5,4,8,2 | 5 18 64 32 | 8 # m=7 sets=[[0,2,5,6],[1,4,5,6],[2,3,4,6],[3,4,5,6]]
GMFAIL 2,5,8,4 2,5,4,8 4,6,1,8 5,4,8,2 | 5 18 64 32 | 8 # m=7 sets=[[0,2,5,6],[1,4,5,6],[2,3,4,6],[3,4,5,6]]
GMFAIL 2,7,10,4 2,5,4,8 4,6,1,8 5,4,8,2 | 5 18 64 32 | 8 # m=7 sets=[[0,2,5,6],[1,4,5,6],[2,3,4,6],[3,4,5,6]]
GMFAIL 2,7,10,6 2,5,4,8 4,6,1,8 5,4,8,2 | 5 18 64 32 | 8 # m=7 sets=[[0,2,5,6],[1,4,5,6],[2,3,4,6],[3,4,5,6]]
GMFAIL 1,6,8,4 2,5,4,8 4,7,2,10 5,4,8,2 | 5 18 64 32 | 8 # m=7 sets=[[0,2,5,6],[1,4,5,6],[2,3,4,6],[3,4,5,6]]
GMFAIL 2,5,8,4 2,5,4,8 4,7,2,10 5,4,8,2 | 5 18 64 32 | 8 # m=7 sets=[[0,2,5,6],[1,4,5,6],[2,3,4,6],[3,4,5,6]]
GMFAIL 2,7,10,4 2,5,4,8 4,7,2,10 5,4,8,2 | 5 18 64 32 | 8 # m=7 sets=[[0,2,5,6],[1,4,5,6],[2,3,4,6],[3,4,5,6]]
GMFAIL 2,7,10,6 2,5,4,8 4,7,2,10 5,4,8,2 | 5 18 64 32 | 8 # m=7 sets=[[0,2,5,6],[1,4,5,6],[2,3,4,6],[3,4,5,6]]
GMFAIL 1,6,8,4 2,5,4,8 6,7,2,10 5,4,8,2 | 5 18 64 32 | 8 # m=7 sets=[[0,2,5,6],[1,4,5,6],[2,3,4,6],[3,4,5,6]]
GMFAIL 2,5,8,4 2,5,4,8 6,7,2,10 5,4,8,2 | 5 18 64 32 | 8 # m=7 sets=[[0,2,5,6],[1,4,5,6],[2,3,4,6],[3,4,5,6]]
GMFAIL 2,7,10,4 2,5,4,8 6,7,2,10 5,4,8,2 | 5 18 64 32 | 8 # m=7 sets=[[0,2,5,6],[1,4,5,6],[2,3,4,6],[3,4,5,6]]
GMFAIL 2,7,10,6 2,5,4,8 6,7,2,10 5,4,8,2 | 5 18 64 32 | 8 # m=7 sets=[[0,2,5,6],[1,4,5,6],[2,3,4,6],[3,4,5,6]]
GMFAIL 1,6,8,4 2,5,4,8 4,5,2,8 5,4,8,2 | 5 18 64 32 | 8 # m=7 sets=[[0,2,5,6],[1,4,5,6],[2,3,4,6],[3,4,5,6]]
GMFAIL 2,5,8,4 2,5,4,8 4,5,2,8 5,4,8,2 | 5 18 64 32 | 8 # m=7 sets=[[0,2,5,6],[1,4,5,6],[2,3,4,6],[3,4,5,6]]
GMFAIL 2,7,10,4 2,5,4,8 4,5,2,8 5,4,8,2 | 5 18 64 32 | 8 # m=7 sets=[[0,2,5,6],[1,4,5,6],[2,3,4,6],[3,4,5,6]]
GMFAIL 2,7,10,6 2,5,4,8 4,5,2,8 5,4,8,2 | 5 18 64 32 | 8 # m=7 sets=[[0,2,5,6],[1,4,5,6],[2,3,4,6],[3,4,5,6]]
GMFAIL 1,6,8,4 2,5,4,8 4,5,2,8 6,4,8,1 | 5 18 64 32 | 8 # m=7 sets=[[0,2,5,6],[1,4,5,6],[2,3,4,6],[3,4,5,6]]
GMFAIL 2,5,8,4 2,5,4,8 4,5,2,8 6,4,8,1 | 5 18 64 32 | 8 # m=7 sets=[[0,2,5,6],[1,4,5,6],[2,3,4,6],[3,4,5,6]]
GMFAIL 2,7,10,4 2,5,4,8 4,5,2,8 6,4,8,1 | 5 18 64 32 | 8 # m=7 sets=[[0,2,5,6],[1,4,5,6],[2,3,4,6],[3,4,5,6]]
GMFAIL 2,7,10,6 2,5,4,8 4,5,2,8 6,4,8,1 | 5 18 64 32 | 8 # m=7 sets=[[0,2,5,6],[1,4,5,6],[2,3,4,6],[3,4,5,6]]
GMFAIL 1,6,8,4 2,5,4,8 4,5,2,8 7,4,10,2 | 5 18 64 32 | 8 # m=7 sets=[[0,2,5,6],[1,4,5,6],[2,3,4,6],[3,4,5,6]]
GMFAIL 2,5,8,4 2,5,4,8 4,5,2,8 7,4,10,2 | 5 18 64 32 | 8 # m=7 sets=[[0,2,5,6],[1,4,5,6],[2,3,4,6],[3,4,5,6]]
GMFAIL 2,7,10,4 2,5,4,8 4,5,2,8 7,4,10,2 | 5 18 64 32 | 8 # m=7 sets=[[0,2,5,6],[1,4,5,6],[2,3,4,6],[3,4,5,6]]
GMFAIL 2,7,10,6 2,5,4,8 4,5,2,8 7,4,10,2 | 5 18 64 32 | 8 # m=7 sets=[[0,2,5,6],[1,4,5,6],[2,3,4,6],[3,4,5,6]]
GMFAIL 1,6,8,4 2,5,4,8 4,5,2,8 7,6,10,2 | 5 18 64 32 | 8 # m=7 sets=[[0,2,5,6],[1,4,5,6],[2,3,4,6],[3,4,5,6]]
GMFAIL 2,5,8,4 2,5,4,8 4,5,2,8 7,6,10,2 | 5 18 64 32 | 8 # m=7 sets=[[0,2,5,6],[1,4,5,6],[2,3,4,6],[3,4,5,6]]
GMFAIL 2,7,10,4 2,5,4,8 4,5,2,8 7,6,10,2 | 5 18 64 32 | 8 # m=7 sets=[[0,2,5,6],[1,4,5,6],[2,3,4,6],[3,4,5,6]]
GMFAIL 2,7,10,6 2,5,4,8 4,5,2,8 7,6,10,2 | 5 18 64 32 | 8 # m=7 sets=[[0,2,5,6],[1,4,5,6],[2,3,4,6],[3,4,5,6]]
GMFAIL 1,6,8,4 1,6,4,8 4,5,2,8 5,4,8,2 | 5 18 64 32 | 8 # m=7 sets=[[0,2,5,6],[1,4,5,6],[2,3,4,6],[3,4,5,6]]
GMFAIL 1,6,8,4 2,5,4,8 4,5,2,8 5,4,8,2 | 5 18 64 32 | 8 # m=7 sets=[[0,2,5,6],[1,4,5,6],[2,3,4,6],[3,4,5,6]]
GMFAIL 1,6,8,4 2,7,4,10 4,5,2,8 5,4,8,2 | 5 18 64 32 | 8 # m=7 sets=[[0,2,5,6],[1,4,5,6],[2,3,4,6],[3,4,5,6]]
GMFAIL 1,6,8,4 2,7,6,10 4,5,2,8 5,4,8,2 | 5 18 64 32 | 8 # m=7 sets=[[0,2,5,6],[1,4,5,6],[2,3,4,6],[3,4,5,6]]
GMFAIL 1,6,8,4 1,6,4,8 4,6,1,8 5,4,8,2 | 5 18 64 32 | 8 # m=7 sets=[[0,2,5,6],[1,4,5,6],[2,3,4,6],[3,4,5,6]]
GMFAIL 1,6,8,4 2,5,4,8 4,6,1,8 5,4,8,2 | 5 18 64 32 | 8 # m=7 sets=[[0,2,5,6],[1,4,5,6],[2,3,4,6],[3,4,5,6]]
GMFAIL 1,6,8,4 2,7,4,10 4,6,1,8 5,4,8,2 | 5 18 64 32 | 8 # m=7 sets=[[0,2,5,6],[1,4,5,6],[2,3,4,6],[3,4,5,6]]
GMFAIL 1,6,8,4 2,7,6,10 4,6,1,8 5,4,8,2 | 5 18 64 32 | 8 # m=7 sets=[[0,2,5,6],[1,4,5,6],[2,3,4,6],[3,4,5,6]]
GMFAIL 1,6,8,4 1,6,4,8 4,7,2,10 5,4,8,2 | 5 18 64 32 | 8 # m=7 sets=[[0,2,5,6],[1,4,5,6],[2,3,4,6],[3,4,5,6]]
GMFAIL 1,6,8,4 2,5,4,8 4,7,2,10 5,4,8,2 | 5 18 64 32 | 8 # m=7 sets=[[0,2,5,6],[1,4,5,6],[2,3,4,6],[3,4,5,6]]
GMFAIL 1,6,8,4 2,7,4,10 4,7,2,10 5,4,8,2 | 5 18 64 32 | 8 # m=7 sets=[[0,2,5,6],[1,4,5,6],[2,3,4,6],[3,4,5,6]]
GMFAIL 1,6,8,4 2,7,6,10 4,7,2,10 5,4,8,2 | 5 18 64 32 | 8 # m=7 sets=[[0,2,5,6],[1,4,5,6],[2,3,4,6],[3,4,5,6]]
GMFAIL 1,6,8,4 1,6,4,8 6,7,2,10 5,4,8,2 | 5 18 64 32 | 8 # m=7 sets=[[0,2,5,6],[1,4,5,6],[2,3,4,6],[3,4,5,6]]
GMFAIL 1,6,8,4 2,5,4,8 6,7,2,10 5,4,8,2 | 5 18 64 32 | 8 # m=7 sets=[[0,2,5,6],[1,4,5,6],[2,3,4,6],[3,4,5,6]]
GMFAIL 1,6,8,4 2,7,4,10 6,7,2,10 5,4,8,2 | 5 18 64 32 | 8 # m=7 sets=[[0,2,5,6],[1,4,5,6],[2,3,4,6],[3,4,5,6]]
GMFAIL 1,6,8,4 2,7,6,10 6,7,2,10 5,4,8,2 | 5 18 64 32 | 8 # m=7 sets=[[0,2,5,6],[1,4,5,6],[2,3,4,6],[3,4,5,6]]
GMFAIL 1,6,8,4 1,6,4,8 4,5,2,8 5,4,8,2 | 5 18 64 32 | 8 # m=7 sets=[[0,2,5,6],[1,4,5,6],[2,3,4,6],[3,4,5,6]]
GMFAIL 1,6,8,4 2,5,4,8 4,5,2,8 5,4,8,2 | 5 18 64 32 | 8 # m=7 sets=[[0,2,5,6],[1,4,5,6],[2,3,4,6],[3,4,5,6]]
GMFAIL 1,6,8,4 2,7,4,10 4,5,2,8 5,4,8,2 | 5 18 64 32 | 8 # m=7 sets=[[0,2,5,6],[1,4,5,6],[2,3,4,6],[3,4,5,6]]
GMFAIL 1,6,8,4 2,7,6,10 4,5,2,8 5,4,8,2 | 5 18 64 32 | 8 # m=7 sets=[[0,2,5,6],[1,4,5,6],[2,3,4,6],[3,4,5,6]]
GMFAIL 1,6,8,4 1,6,4,8 4,5,2,8 6,4,8,1 | 5 18 64 32 | 8 # m=7 sets=[[0,2,5,6],[1,4,5,6],[2,3,4,6],[3,4,5,6]]
GMFAIL 1,6,8,4 2,5,4,8 4,5,2,8 6,4,8,1 | 5 18 64 32 | 8 # m=7 sets=[[0,2,5,6],[1,4,5,6],[2,3,4,6],[3,4,5,6]]
GMFAIL 1,6,8,4 2,7,4,10 4,5,2,8 6,4,8,1 | 5 18 64 32 | 8 # m=7 sets=[[0,2,5,6],[1,4,5,6],[2,3,4,6],[3,4,5,6]]
GMFAIL 1,6,8,4 2,7,6,10 4,5,2,8 6,4,8,1 | 5 18 64 32 | 8 # m=7 sets=[[0,2,5,6],[1,4,5,6],[2,3,4,6],[3,4,5,6]]
GMFAIL 1,6,8,4 1,6,4,8 4,5,2,8 7,4,10,2 | 5 18 64 32 | 8 # m=7 sets=[[0,2,5,6],[1,4,5,6],[2,3,4,6],[3,4,5,6]]
GMFAIL 1,6,8,4 2,5,4,8 4,5,2,8 7,4,10,2 | 5 18 64 32 | 8 # m=7 sets=[[0,2,5,6],[1,4,5,6],[2,3,4,6],[3,4,5,6]]
GMFAIL 1,6,8,4 2,7,4,10 4,5,2,8 7,4,10,2 | 5 18 64 32 | 8 # m=7 sets=[[0,2,5,6],[1,4,5,6],[2,3,4,6],[3,4,5,6]]
GMFAIL 1,6,8,4 2,7,6,10 4,5,2,8 7,4,10,2 | 5 18 64 32 | 8 # m=7 sets=[[0,2,5,6],[1,4,5,6],[2,3,4,6],[3,4,5,6]]
GMFAIL 1,6,8,4 1,6,4,8 4,5,2,8 7,6,10,2 | 5 18 64 32 | 8 # m=7 sets=[[0,2,5,6],[1,4,5,6],[2,3,4,6],[3,4,5,6]]
GMFAIL 1,6,8,4 2,5,4,8 4,5,2,8 7,6,10,2 | 5 18 64 32 | 8 # m=7 sets=[[0,2,5,6],[1,4,5,6],[2,3,4,6],[3,4,5,6]]
GMFAIL 1,6,8,4 2,7,4,10 4,5,2,8 7,6,10,2 | 5 18 64 32 | 8 # m=7 sets=[[0,2,5,6],[1,4,5,6],[2,3,4,6],[3,4,5,6]]
GMFAIL 1,6,8,4 2,7,6,10 4,5,2,8 7,6,10,2 | 5 18 64 32 | 8 # m=7 sets=[[0,2,5,6],[1,4,5,6],[2,3,4,6],[3,4,5,6]]
GMFAIL 1,6,8,4 2,5,4,8 4,5,2,8 5,4,8,2 | 5 18 64 32 | 8 # m=7 sets=[[0,2,5,6],[1,4,5,6],[2,3,4,6],[3,4,5,6]]
GMFAIL 1,6,8,4 2,5,4,8 4,6,1,8 5,4,8,2 | 5 18 64 32 | 8 # m=7 sets=[[0,2,5,6],[1,4,5,6],[2,3,4,6],[3,4,5,6]]
GMFAIL 1,6,8,4 2,5,4,8 4,7,2,10 5,4,8,2 | 5 18 64 32 | 8 # m=7 sets=[[0,2,5,6],[1,4,5,6],[2,3,4,6],[3,4,5,6]]
GMFAIL 1,6,8,4 2,5,4,8 6,7,2,10 5,4,8,2 | 5 18 64 32 | 8 # m=7 sets=[[0,2,5,6],[1,4,5,6],[2,3,4,6],[3,4,5,6]]
GMFAIL 1,6,8,4 2,5,4,8 4,5,2,8 6,4,8,1 | 5 18 64 32 | 8 # m=7 sets=[[0,2,5,6],[1,4,5,6],[2,3,4,6],[3,4,5,6]]
GMFAIL 1,6,8,4 2,5,4,8 4,6,1,8 6,4,8,1 | 5 18 64 32 | 8 # m=7 sets=[[0,2,5,6],[1,4,5,6],[2,3,4,6],[3,4,5,6]]
GMFAIL 1,6,8,4 2,5,4,8 4,7,2,10 6,4,8,1 | 5 18 64 32 | 8 # m=7 sets=[[0,2,5,6],[1,4,5,6],[2,3,4,6],[3,4,5,6]]
GMFAIL 1,6,8,4 2,5,4,8 6,7,2,10 6,4,8,1 | 5 18 64 32 | 8 # m=7 sets=[[0,2,5,6],[1,4,5,6],[2,3,4,6],[3,4,5,6]]
GMFAIL 1,6,8,4 2,5,4,8 4,5,2,8 7,4,10,2 | 5 18 64 32 | 8 # m=7 sets=[[0,2,5,6],[1,4,5,6],[2,3,4,6],[3,4,5,6]]
GMFAIL 1,6,8,4 2,5,4,8 4,6,1,8 7,4,10,2 | 5 18 64 32 | 8 # m=7 sets=[[0,2,5,6],[1,4,5,6],[2,3,4,6],[3,4,5,6]]
GMFAIL 1,6,8,4 2,5,4,8 4,7,2,10 7,4,10,2 | 5 18 64 32 | 8 # m=7 sets=[[0,2,5,6],[1,4,5,6],[2,3,4,6],[3,4,5,6]]
GMFAIL 1,6,8,4 2,5,4,8 6,7,2,10 7,4,10,2 | 5 18 64 32 | 8 # m=7 sets=[[0,2,5,6],[1,4,5,6],[2,3,4,6],[3,4,5,6]]
GMFAIL 1,6,8,4 2,5,4,8 4,5,2,8 7,6,10,2 | 5 18 64 32 | 8 # m=7 sets=[[0,2,5,6],[1,4,5,6],[2,3,4,6],[3,4,5,6]]
GMFAIL 1,6,8,4 2,5,4,8 4,6,1,8 7,6,10,2 | 5 18 64 32 | 8 # m=7 sets=[[0,2,5,6],[1,4,5,6],[2,3,4,6],[3,4,5,6]]
GMFAIL 1,6,8,4 2,5,4,8 4,7,2,10 7,6,10,2 | 5 18 64 32 | 8 # m=7 sets=[[0,2,5,6],[1,4,5,6],[2,3,4,6],[3,4,5,6]]
GMFAIL 1,6,8,4 2,5,4,8 6,7,2,10 7,6,10,2 | 5 18 64 32 | 8 # m=7 sets=[[0,2,5,6],[1,4,5,6],[2,3,4,6],[3,4,5,6]]
GMFAIL 1,6,8,4 1,6,4,8 4,5,2,8 5,4,8,2 | 5 18 64 32 | 8 # m=7 sets=[[0,2,5,6],[1,4,5,6],[2,3,4,6],[3,4,5,6]]
GMFAIL 2,5,8,4 1,6,4,8 4,5,2,8 5,4,8,2 | 5 18 64 32 | 8 # m=7 sets=[[0,2,5,6],[1,4,5,6],[2,3,4,6],[3,4,5,6]]
GMFAIL 2,7,10,4 1,6,4,8 4,5,2,8 5,4,8,2 | 5 18 64 32 | 8 # m=7 sets=[[0,2,5,6],[1,4,5,6],[2,3,4,6],[3,4,5,6]]
GMFAIL 2,7,10,6 1,6,4,8 4,5,2,8 5,4,8,2 | 5 18 64 32 | 8 # m=7 sets=[[0,2,5,6],[1,4,5,6],[2,3,4,6],[3,4,5,6]]
GMFAIL 1,6,8,4 2,5,4,8 4,5,2,8 5,4,8,2 | 5 18 64 32 | 8 # m=7 sets=[[0,2,5,6],[1,4,5,6],[2,3,4,6],[3,4,5,6]]
GMFAIL 2,5,8,4 2,5,4,8 4,5,2,8 5,4,8,2 | 5 18 64 32 | 8 # m=7 sets=[[0,2,5,6],[1,4,5,6],[2,3,4,6],[3,4,5,6]]
GMFAIL 2,7,10,4 2,5,4,8 4,5,2,8 5,4,8,2 | 5 18 64 32 | 8 # m=7 sets=[[0,2,5,6],[1,4,5,6],[2,3,4,6],[3,4,5,6]]
GMFAIL 2,7,10,6 2,5,4,8 4,5,2,8 5,4,8,2 | 5 18 64 32 | 8 # m=7 sets=[[0,2,5,6],[1,4,5,6],[2,3,4,6],[3,4,5,6]]
GMFAIL 1,6,8,4 2,7,4,10 4,5,2,8 5,4,8,2 | 5 18 64 32 | 8 # m=7 sets=[[0,2,5,6],[1,4,5,6],[2,3,4,6],[3,4,5,6]]
GMFAIL 2,5,8,4 2,7,4,10 4,5,2,8 5,4,8,2 | 5 18 64 32 | 8 # m=7 sets=[[0,2,5,6],[1,4,5,6],[2,3,4,6],[3,4,5,6]]
GMFAIL 2,7,10,4 2,7,4,10 4,5,2,8 5,4,8,2 | 5 18 64 32 | 8 # m=7 sets=[[0,2,5,6],[1,4,5,6],[2,3,4,6],[3,4,5,6]]
GMFAIL 2,7,10,6 2,7,4,10 4,5,2,8 5,4,8,2 | 5 18 64 32 | 8 # m=7 sets=[[0,2,5,6],[1,4,5,6],[2,3,4,6],[3,4,5,6]]
GMFAIL 1,6,8,4 2,7,6,10 4,5,2,8 5,4,8,2 | 5 18 64 32 | 8 # m=7 sets=[[0,2,5,6],[1,4,5,6],[2,3,4,6],[3,4,5,6]]
GMFAIL 2,5,8,4 2,7,6,10 4,5,2,8 5,4,8,2 | 5 18 64 32 | 8 # m=7 sets=[[0,2,5,6],[1,4,5,6],[2,3,4,6],[3,4,5,6]]
GMFAIL 2,7,10,4 2,7,6,10 4,5,2,8 5,4,8,2 | 5 18 64 32 | 8 # m=7 sets=[[0,2,5,6],[1,4,5,6],[2,3,4,6],[3,4,5,6]]
GMFAIL 2,7,10,6 2,7,6,10 4,5,2,8 5,4,8,2 | 5 18 64 32 | 8 # m=7 sets=[[0,2,5,6],[1,4,5,6],[2,3,4,6],[3,4,5,6]]
GMFAIL 1,6,8,4 2,7,4,10 4,5,2,8 5,4,8,2 | 5 18 64 32 | 8 # m=7 sets=[[0,2,5,6],[1,4,5,6],[2,3,4,6],[3,4,5,6]]
GMFAIL 2,5,8,4 2,7,4,10 4,5,2,8 5,4,8,2 | 5 18 64 32 | 8 # m=7 sets=[[0,2,5,6],[1,4,5,6],[2,3,4,6],[3,4,5,6]]
GMFAIL 2,7,10,4 2,7,4,10 4,5,2,8 5,4,8,2 | 5 18 64 32 | 8 # m=7 sets=[[0,2,5,6],[1,4,5,6],[2,3,4,6],[3,4,5,6]]
GMFAIL 2,7,10,6 2,7,4,10 4,5,2,8 5,4,8,2 | 5 18 64 32 | 8 # m=7 sets=[[0,2,5,6],[1,4,5,6],[2,3,4,6],[3,4,5,6]]
GMFAIL 1,6,8,4 2,7,4,10 4,6,1,8 5,4,8,2 | 5 18 64 32 | 8 # m=7 sets=[[0,2,5,6],[1,4,5,6],[2,3,4,6],[3,4,5,6]]
GMFAIL 2,5,8,4 2,7,4,10 4,6,1,8 5,4,8,2 | 5 18 64 32 | 8 # m=7 sets=[[0,2,5,6],[1,4,5,6],[2,3,4,6],[3,4,5,6]]
GMFAIL 2,7,10,4 2,7,4,10 4,6,1,8 5,4,8,2 | 5 18 64 32 | 8 # m=7 sets=[[0,2,5,6],[1,4,5,6],[2,3,4,6],[3,4,5,6]]
GMFAIL 2,7,10,6 2,7,4,10 4,6,1,8 5,4,8,2 | 5 18 64 32 | 8 # m=7 sets=[[0,2,5,6],[1,4,5,6],[2,3,4,6],[3,4,5,6]]
GMFAIL 1,6,8,4 2,7,4,10 4,7,2,10 5,4,8,2 | 5 18 64 32 | 8 # m=7 sets=[[0,2,5,6],[1,4,5,6],[2,3,4,6],[3,4,5,6]]
GMFAIL 2,5,8,4 2,7,4,10 4,7,2,10 5,4,8,2 | 5 18 64 32 | 8 # m=7 sets=[[0,2,5,6],[1,4,5,6],[2,3,4,6],[3,4,5,6]]
GMFAIL 2,7,10,4 2,7,4,10 4,7,2,10 5,4,8,2 | 5 18 64 32 | 8 # m=7 sets=[[0,2,5,6],[1,4,5,6],[2,3,4,6],[3,4,5,6]]
GMFAIL 2,7,10,6 2,7,4,10 4,7,2,10 5,4,8,2 | 5 18 64 32 | 8 # m=7 sets=[[0,2,5,6],[1,4,5,6],[2,3,4,6],[3,4,5,6]]
GMFAIL 1,6,8,4 2,7,4,10 6,7,2,10 5,4,8,2 | 5 18 64 32 | 8 # m=7 sets=[[0,2,5,6],[1,4,5,6],[2,3,4,6],[3,4,5,6]]
GMFAIL 2,5,8,4 2,7,4,10 6,7,2,10 5,4,8,2 | 5 18 64 32 | 8 # m=7 sets=[[0,2,5,6],[1,4,5,6],[2,3,4,6],[3,4,5,6]]
GMFAIL 2,7,10,4 2,7,4,10 6,7,2,10 5,4,8,2 | 5 18 64 32 | 8 # m=7 sets=[[0,2,5,6],[1,4,5,6],[2,3,4,6],[3,4,5,6]]
GMFAIL 2,7,10,6 2,7,4,10 6,7,2,10 5,4,8,2 | 5 18 64 32 | 8 # m=7 sets=[[0,2,5,6],[1,4,5,6],[2,3,4,6],[3,4,5,6]]
GMFAIL 1,6,8,4 2,7,4,10 4,5,2,8 5,4,8,2 | 5 18 64 32 | 8 # m=7 sets=[[0,2,5,6],[1,4,5,6],[2,3,4,6],[3,4,5,6]]
GMFAIL 2,5,8,4 2,7,4,10 4,5,2,8 5,4,8,2 | 5 18 64 32 | 8 # m=7 sets=[[0,2,5,6],[1,4,5,6],[2,3,4,6],[3,4,5,6]]
GMFAIL 2,7,10,4 2,7,4,10 4,5,2,8 5,4,8,2 | 5 18 64 32 | 8 # m=7 sets=[[0,2,5,6],[1,4,5,6],[2,3,4,6],[3,4,5,6]]
GMFAIL 2,7,10,6 2,7,4,10 4,5,2,8 5,4,8,2 | 5 18 64 32 | 8 # m=7 sets=[[0,2,5,6],[1,4,5,6],[2,3,4,6],[3,4,5,6]]
GMFAIL 1,6,8,4 2,7,4,10 4,5,2,8 6,4,8,1 | 5 18 64 32 | 8 # m=7 sets=[[0,2,5,6],[1,4,5,6],[2,3,4,6],[3,4,5,6]]
GMFAIL 2,5,8,4 2,7,4,10 4,5,2,8 6,4,8,1 | 5 18 64 32 | 8 # m=7 sets=[[0,2,5,6],[1,4,5,6],[2,3,4,6],[3,4,5,6]]
GMFAIL 2,7,10,4 2,7,4,10 4,5,2,8 6,4,8,1 | 5 18 64 32 | 8 # m=7 sets=[[0,2,5,6],[1,4,5,6],[2,3,4,6],[3,4,5,6]]
GMFAIL 2,7,10,6 2,7,4,10 4,5,2,8 6,4,8,1 | 5 18 64 32 | 8 # m=7 sets=[[0,2,5,6],[1,4,5,6],[2,3,4,6],[3,4,5,6]]
GMFAIL 1,6,8,4 2,7,4,10 4,5,2,8 7,4,10,2 | 5 18 64 32 | 8 # m=7 sets=[[0,2,5,6],[1,4,5,6],[2,3,4,6],[3,4,5,6]]
GMFAIL 2,5,8,4 2,7,4,10 4,5,2,8 7,4,10,2 | 5 18 64 32 | 8 # m=7 sets=[[0,2,5,6],[1,4,5,6],[2,3,4,6],[3,4,5,6]]
GMFAIL 2,7,10,4 2,7,4,10 4,5,2,8 7,4,10,2 | 5 18 64 32 | 8 # m=7 sets=[[0,2,5,6],[1,4,5,6],[2,3,4,6],[3,4,5,6]]
GMFAIL 2,7,10,6 2,7,4,10 4,5,2,8 7,4,10,2 | 5 18 64 32 | 8 # m=7 sets=[[0,2,5,6],[1,4,5,6],[2,3,4,6],[3,4,5,6]]
GMFAIL 1,6,8,4 2,7,4,10 4,5,2,8 7,6,10,2 | 5 18 64 32 | 8 # m=7 sets=[[0,2,5,6],[1,4,5,6],[2,3,4,6],[3,4,5,6]]
GMFAIL 2,5,8,4 2,7,4,10 4,5,2,8 7,6,10,2 | 5 18 64 32 | 8 # m=7 sets=[[0,2,5,6],[1,4,5,6],[2,3,4,6],[3,4,5,6]]
GMFAIL 2,7,10,4 2,7,4,10 4,5,2,8 7,6,10,2 | 5 18 64 32 | 8 # m=7 sets=[[0,2,5,6],[1,4,5,6],[2,3,4,6],[3,4,5,6]]
GMFAIL 2,7,10,6 2,7,4,10 4,5,2,8 7,6,10,2 | 5 18 64 32 | 8 # m=7 sets=[[0,2,5,6],[1,4,5,6],[2,3,4,6],[3,4,5,6]]
GMFAIL 1,6,8,4 1,6,4,8 4,5,2,8 5,4,8,2 | 5 18 64 32 | 8 # m=7 sets=[[0,2,5,6],[1,4,5,6],[2,3,4,6],[3,4,5,6]]
GMFAIL 1,6,8,4 2,5,4,8 4,5,2,8 5,4,8,2 | 5 18 64 32 | 8 # m=7 sets=[[0,2,5,6],[1,4,5,6],[2,3,4,6],[3,4,5,6]]
GMFAIL 1,6,8,4 2,7,4,10 4,5,2,8 5,4,8,2 | 5 18 64 32 | 8 # m=7 sets=[[0,2,5,6],[1,4,5,6],[2,3,4,6],[3,4,5,6]]
GMFAIL 1,6,8,4 2,7,6,10 4,5,2,8 5,4,8,2 | 5 18 64 32 | 8 # m=7 sets=[[0,2,5,6],[1,4,5,6],[2,3,4,6],[3,4,5,6]]
GMFAIL 1,6,8,4 1,6,4,8 4,6,1,8 5,4,8,2 | 5 18 64 32 | 8 # m=7 sets=[[0,2,5,6],[1,4,5,6],[2,3,4,6],[3,4,5,6]]
GMFAIL 1,6,8,4 2,5,4,8 4,6,1,8 5,4,8,2 | 5 18 64 32 | 8 # m=7 sets=[[0,2,5,6],[1,4,5,6],[2,3,4,6],[3,4,5,6]]
GMFAIL 1,6,8,4 2,7,4,10 4,6,1,8 5,4,8,2 | 5 18 64 32 | 8 # m=7 sets=[[0,2,5,6],[1,4,5,6],[2,3,4,6],[3,4,5,6]]
GMFAIL 1,6,8,4 2,7,6,10 4,6,1,8 5,4,8,2 | 5 18 64 32 | 8 # m=7 sets=[[0,2,5,6],[1,4,5,6],[2,3,4,6],[3,4,5,6]]
GMFAIL 1,6,8,4 1,6,4,8 4,7,2,10 5,4,8,2 | 5 18 64 32 | 8 # m=7 sets=[[0,2,5,6],[1,4,5,6],[2,3,4,6],[3,4,5,6]]
GMFAIL 1,6,8,4 2,5,4,8 4,7,2,10 5,4,8,2 | 5 18 64 32 | 8 # m=7 sets=[[0,2,5,6],[1,4,5,6],[2,3,4,6],[3,4,5,6]]
GMFAIL 1,6,8,4 2,7,4,10 4,7,2,10 5,4,8,2 | 5 18 64 32 | 8 # m=7 sets=[[0,2,5,6],[1,4,5,6],[2,3,4,6],[3,4,5,6]]
GMFAIL 1,6,8,4 2,7,6,10 4,7,2,10 5,4,8,2 | 5 18 64 32 | 8 # m=7 sets=[[0,2,5,6],[1,4,5,6],[2,3,4,6],[3,4,5,6]]
GMFAIL 1,6,8,4 1,6,4,8 6,7,2,10 5,4,8,2 | 5 18 64 32 | 8 # m=7 sets=[[0,2,5,6],[1,4,5,6],[2,3,4,6],[3,4,5,6]]
GMFAIL 1,6,8,4 2,5,4,8 6,7,2,10 5,4,8,2 | 5 18 64 32 | 8 # m=7 sets=[[0,2,5,6],[1,4,5,6],[2,3,4,6],[3,4,5,6]]
GMFAIL 1,6,8,4 2,7,4,10 6,7,2,10 5,4,8,2 | 5 18 64 32 | 8 # m=7 sets=[[0,2,5,6],[1,4,5,6],[2,3,4,6],[3,4,5,6]]
GMFAIL 1,6,8,4 2,7,6,10 6,7,2,10 5,4,8,2 | 5 18 64 32 | 8 # m=7 sets=[[0,2,5,6],[1,4,5,6],[2,3,4,6],[3,4,5,6]]
GMFAIL 1,6,8,4 1,6,4,8 4,5,2,8 5,4,8,2 | 5 18 64 32 | 8 # m=7 sets=[[0,2,5,6],[1,4,5,6],[2,3,4,6],[3,4,5,6]]
GMFAIL 1,6,8,4 2,5,4,8 4,5,2,8 5,4,8,2 | 5 18 64 32 | 8 # m=7 sets=[[0,2,5,6],[1,4,5,6],[2,3,4,6],[3,4,5,6]]
GMFAIL 1,6,8,4 2,7,4,10 4,5,2,8 5,4,8,2 | 5 18 64 32 | 8 # m=7 sets=[[0,2,5,6],[1,4,5,6],[2,3,4,6],[3,4,5,6]]
GMFAIL 1,6,8,4 2,7,6,10 4,5,2,8 5,4,8,2 | 5 18 64 32 | 8 # m=7 sets=[[0,2,5,6],[1,4,5,6],[2,3,4,6],[3,4,5,6]]
GMFAIL 1,6,8,4 1,6,4,8 4,5,2,8 6,4,8,1 | 5 18 64 32 | 8 # m=7 sets=[[0,2,5,6],[1,4,5,6],[2,3,4,6],[3,4,5,6]]
GMFAIL 1,6,8,4 2,5,4,8 4,5,2,8 6,4,8,1 | 5 18 64 32 | 8 # m=7 sets=[[0,2,5,6],[1,4,5,6],[2,3,4,6],[3,4,5,6]]
GMFAIL 1,6,8,4 2,7,4,10 4,5,2,8 6,4,8,1 | 5 18 64 32 | 8 # m=7 sets=[[0,2,5,6],[1,4,5,6],[2,3,4,6],[3,4,5,6]]
GMFAIL 1,6,8,4 2,7,6,10 4,5,2,8 6,4,8,1 | 5 18 64 32 | 8 # m=7 sets=[[0,2,5,6],[1,4,5,6],[2,3,4,6],[3,4,5,6]]
GMFAIL 1,6,8,4 1,6,4,8 4,5,2,8 7,4,10,2 | 5 18 64 32 | 8 # m=7 sets=[[0,2,5,6],[1,4,5,6],[2,3,4,6],[3,4,5,6]]
GMFAIL 1,6,8,4 2,5,4,8 4,5,2,8 7,4,10,2 | 5 18 64 32 | 8 # m=7 sets=[[0,2,5,6],[1,4,5,6],[2,3,4,6],[3,4,5,6]]
GMFAIL 1,6,8,4 2,7,4,10 4,5,2,8 7,4,10,2 | 5 18 64 32 | 8 # m=7 sets=[[0,2,5,6],[1,4,5,6],[2,3,4,6],[3,4,5,6]]
GMFAIL 1,6,8,4 2,7,6,10 4,5,2,8 7,4,10,2 | 5 18 64 32 | 8 # m=7 sets=[[0,2,5,6],[1,4,5,6],[2,3,4,6],[3,4,5,6]]
GMFAIL 1,6,8,4 1,6,4,8 4,5,2,8 7,6,10,2 | 5 18 64 32 | 8 # m=7 sets=[[0,2,5,6],[1,4,5,6],[2,3,4,6],[3,4,5,6]]
GMFAIL 1,6,8,4 2,5,4,8 4,5,2,8 7,6,10,2 | 5 18 64 32 | 8 # m=7 sets=[[0,2,5,6],[1,4,5,6],[2,3,4,6],[3,4,5,6]]
GMFAIL 1,6,8,4 2,7,4,10 4,5,2,8 7,6,10,2 | 5 18 64 32 | 8 # m=7 sets=[[0,2,5,6],[1,4,5,6],[2,3,4,6],[3,4,5,6]]
GMFAIL 1,6,8,4 2,7,6,10 4,5,2,8 7,6,10,2 | 5 18 64 32 | 8 # m=7 sets=[[0,2,5,6],[1,4,5,6],[2,3,4,6],[3,4,5,6]]
GMFAIL 1,6,8,4 2,7,4,10 4,5,2,8 5,4,8,2 | 5 18 64 32 | 8 # m=7 sets=[[0,2,5,6],[1,4,5,6],[2,3,4,6],[3,4,5,6]]
GMFAIL 1,6,8,4 2,7,4,10 4,6,1,8 5,4,8,2 | 5 18 64 32 | 8 # m=7 sets=[[0,2,5,6],[1,4,5,6],[2,3,4,6],[3,4,5,6]]
GMFAIL 1,6,8,4 2,7,4,10 4,7,2,10 5,4,8,2 | 5 18 64 32 | 8 # m=7 sets=[[0,2,5,6],[1,4,5,6],[2,3,4,6],[3,4,5,6]]
GMFAIL 1,6,8,4 2,7,4,10 6,7,2,10 5,4,8,2 | 5 18 64 32 | 8 # m=7 sets=[[0,2,5,6],[1,4,5,6],[2,3,4,6],[3,4,5,6]]
GMFAIL 1,6,8,4 2,7,4,10 4,5,2,8 6,4,8,1 | 5 18 64 32 | 8 # m=7 sets=[[0,2,5,6],[1,4,5,6],[2,3,4,6],[3,4,5,6]]
GMFAIL 1,6,8,4 2,7,4,10 4,6,1,8 6,4,8,1 | 5 18 64 32 | 8 # m=7 sets=[[0,2,5,6],[1,4,5,6],[2,3,4,6],[3,4,5,6]]
GMFAIL 1,6,8,4 2,7,4,10 4,7,2,10 6,4,8,1 | 5 18 64 32 | 8 # m=7 sets=[[0,2,5,6],[1,4,5,6],[2,3,4,6],[3,4,5,6]]
GMFAIL 1,6,8,4 2,7,4,10 6,7,2,10 6,4,8,1 | 5 18 64 32 | 8 # m=7 sets=[[0,2,5,6],[1,4,5,6],[2,3,4,6],[3,4,5,6]]
GMFAIL 1,6,8,4 2,7,4,10 4,5,2,8 7,4,10,2 | 5 18 64 32 | 8 # m=7 sets=[[0,2,5,6],[1,4,5,6],[2,3,4,6],[3,4,5,6]]
GMFAIL 1,6,8,4 2,7,4,10 4,6,1,8 7,4,10,2 | 5 18 64 32 | 8 # m=7 sets=[[0,2,5,6],[1,4,5,6],[2,3,4,6],[3,4,5,6]]
GMFAIL 1,6,8,4 2,7,4,10 4,7,2,10 7,4,10,2 | 5 18 64 32 | 8 # m=7 sets=[[0,2,5,6],[1,4,5,6],[2,3,4,6],[3,4,5,6]]
GMFAIL 1,6,8,4 2,7,4,10 6,7,2,10 7,4,10,2 | 5 18 64 32 | 8 # m=7 sets=[[0,2,5,6],[1,4,5,6],[2,3,4,6],[3,4,5,6]]
GMFAIL 1,6,8,4 2,7,4,10 4,5,2,8 7,6,10,2 | 5 18 64 32 | 8 # m=7 sets=[[0,2,5,6],[1,4,5,6],[2,3,4,6],[3,4,5,6]]
GMFAIL 1,6,8,4 2,7,4,10 4,6,1,8 7,6,10,2 | 5 18 64 32 | 8 # m=7 sets=[[0,2,5,6],[1,4,5,6],[2,3,4,6],[3,4,5,6]]
GMFAIL 1,6,8,4 2,7,4,10 4,7,2,10 7,6,10,2 | 5 18 64 32 | 8 # m=7 sets=[[0,2,5,6],[1,4,5,6],[2,3,4,6],[3,4,5,6]]
GMFAIL 1,6,8,4 2,7,4,10 6,7,2,10 7,6,10,2 | 5 18 64 32 | 8 # m=7 sets=[[0,2,5,6],[1,4,5,6],[2,3,4,6],[3,4,5,6]]
GMFAIL 1,6,8,4 1,6,4,8 4,5,2,8 5,4,8,2 | 5 18 64 32 | 8 # m=7 sets=[[0,2,5,6],[1,4,5,6],[2,3,4,6],[3,4,5,6]]
GMFAIL 2,5,8,4 1,6,4,8 4,5,2,8 5,4,8,2 | 5 18 64 32 | 8 # m=7 sets=[[0,2,5,6],[1,4,5,6],[2,3,4,6],[3,4,5,6]]
GMFAIL 2,7,10,4 1,6,4,8 4,5,2,8 5,4,8,2 | 5 18 64 32 | 8 # m=7 sets=[[0,2,5,6],[1,4,5,6],[2,3,4,6],[3,4,5,6]]
GMFAIL 2,7,10,6 1,6,4,8 4,5,2,8 5,4,8,2 | 5 18 64 32 | 8 # m=7 sets=[[0,2,5,6],[1,4,5,6],[2,3,4,6],[3,4,5,6]]
GMFAIL 1,6,8,4 2,5,4,8 4,5,2,8 5,4,8,2 | 5 18 64 32 | 8 # m=7 sets=[[0,2,5,6],[1,4,5,6],[2,3,4,6],[3,4,5,6]]
GMFAIL 2,5,8,4 2,5,4,8 4,5,2,8 5,4,8,2 | 5 18 64 32 | 8 # m=7 sets=[[0,2,5,6],[1,4,5,6],[2,3,4,6],[3,4,5,6]]
GMFAIL 2,7,10,4 2,5,4,8 4,5,2,8 5,4,8,2 | 5 18 64 32 | 8 # m=7 sets=[[0,2,5,6],[1,4,5,6],[2,3,4,6],[3,4,5,6]]
GMFAIL 2,7,10,6 2,5,4,8 4,5,2,8 5,4,8,2 | 5 18 64 32 | 8 # m=7 sets=[[0,2,5,6],[1,4,5,6],[2,3,4,6],[3,4,5,6]]
GMFAIL 1,6,8,4 2,7,4,10 4,5,2,8 5,4,8,2 | 5 18 64 32 | 8 # m=7 sets=[[0,2,5,6],[1,4,5,6],[2,3,4,6],[3,4,5,6]]
GMFAIL 2,5,8,4 2,7,4,10 4,5,2,8 5,4,8,2 | 5 18 64 32 | 8 # m=7 sets=[[0,2,5,6],[1,4,5,6],[2,3,4,6],[3,4,5,6]]
GMFAIL 2,7,10,4 2,7,4,10 4,5,2,8 5,4,8,2 | 5 18 64 32 | 8 # m=7 sets=[[0,2,5,6],[1,4,5,6],[2,3,4,6],[3,4,5,6]]
GMFAIL 2,7,10,6 2,7,4,10 4,5,2,8 5,4,8,2 | 5 18 64 32 | 8 # m=7 sets=[[0,2,5,6],[1,4,5,6],[2,3,4,6],[3,4,5,6]]
GMFAIL 1,6,8,4 2,7,6,10 4,5,2,8 5,4,8,2 | 5 18 64 32 | 8 # m=7 sets=[[0,2,5,6],[1,4,5,6],[2,3,4,6],[3,4,5,6]]
GMFAIL 2,5,8,4 2,7,6,10 4,5,2,8 5,4,8,2 | 5 18 64 32 | 8 # m=7 sets=[[0,2,5,6],[1,4,5,6],[2,3,4,6],[3,4,5,6]]
GMFAIL 2,7,10,4 2,7,6,10 4,5,2,8 5,4,8,2 | 5 18 64 32 | 8 # m=7 sets=[[0,2,5,6],[1,4,5,6],[2,3,4,6],[3,4,5,6]]
GMFAIL 2,7,10,6 2,7,6,10 4,5,2,8 5,4,8,2 | 5 18 64 32 | 8 # m=7 sets=[[0,2,5,6],[1,4,5,6],[2,3,4,6],[3,4,5,6]]
GMFAIL 1,6,8,4 2,7,6,10 4,5,2,8 5,4,8,2 | 5 18 64 32 | 8 # m=7 sets=[[0,2,5,6],[1,4,5,6],[2,3,4,6],[3,4,5,6]]
GMFAIL 2,5,8,4 2,7,6,10 4,5,2,8 5,4,8,2 | 5 18 64 32 | 8 # m=7 sets=[[0,2,5,6],[1,4,5,6],[2,3,4,6],[3,4,5,6]]
GMFAIL 2,7,10,4 2,7,6,10 4,5,2,8 5,4,8,2 | 5 18 64 32 | 8 # m=7 sets=[[0,2,5,6],[1,4,5,6],[2,3,4,6],[3,4,5,6]]
GMFAIL 2,7,10,6 2,7,6,10 4,5,2,8 5,4,8,2 | 5 18 64 32 | 8 # m=7 sets=[[0,2,5,6],[1,4,5,6],[2,3,4,6],[3,4,5,6]]
GMFAIL 1,6,8,4 2,7,6,10 4,6,1,8 5,4,8,2 | 5 18 64 32 | 8 # m=7 sets=[[0,2,5,6],[1,4,5,6],[2,3,4,6],[3,4,5,6]]
GMFAIL 2,5,8,4 2,7,6,10 4,6,1,8 5,4,8,2 | 5 18 64 32 | 8 # m=7 sets=[[0,2,5,6],[1,4,5,6],[2,3,4,6],[3,4,5,6]]
GMFAIL 2,7,10,4 2,7,6,10 4,6,1,8 5,4,8,2 | 5 18 64 32 | 8 # m=7 sets=[[0,2,5,6],[1,4,5,6],[2,3,4,6],[3,4,5,6]]
GMFAIL 2,7,10,6 2,7,6,10 4,6,1,8 5,4,8,2 | 5 18 64 32 | 8 # m=7 sets=[[0,2,5,6],[1,4,5,6],[2,3,4,6],[3,4,5,6]]
GMFAIL 1,6,8,4 2,7,6,10 4,7,2,10 5,4,8,2 | 5 18 64 32 | 8 # m=7 sets=[[0,2,5,6],[1,4,5,6],[2,3,4,6],[3,4,5,6]]
GMFAIL 2,5,8,4 2,7,6,10 4,7,2,10 5,4,8,2 | 5 18 64 32 | 8 # m=7 sets=[[0,2,5,6],[1,4,5,6],[2,3,4,6],[3,4,5,6]]
GMFAIL 2,7,10,4 2,7,6,10 4,7,2,10 5,4,8,2 | 5 18 64 32 | 8 # m=7 sets=[[0,2,5,6],[1,4,5,6],[2,3,4,6],[3,4,5,6]]
GMFAIL 2,7,10,6 2,7,6,10 4,7,2,10 5,4,8,2 | 5 18 64 32 | 8 # m=7 sets=[[0,2,5,6],[1,4,5,6],[2,3,4,6],[3,4,5,6]]
GMFAIL 1,6,8,4 2,7,6,10 6,7,2,10 5,4,8,2 | 5 18 64 32 | 8 # m=7 sets=[[0,2,5,6],[1,4,5,6],[2,3,4,6],[3,4,5,6]]
GMFAIL 2,5,8,4 2,7,6,10 6,7,2,10 5,4,8,2 | 5 18 64 32 | 8 # m=7 sets=[[0,2,5,6],[1,4,5,6],[2,3,4,6],[3,4,5,6]]
GMFAIL 2,7,10,4 2,7,6,10 6,7,2,10 5,4,8,2 | 5 18 64 32 | 8 # m=7 sets=[[0,2,5,6],[1,4,5,6],[2,3,4,6],[3,4,5,6]]
GMFAIL 2,7,10,6 2,7,6,10 6,7,2,10 5,4,8,2 | 5 18 64 32 | 8 # m=7 sets=[[0,2,5,6],[1,4,5,6],[2,3,4,6],[3,4,5,6]]
GMFAIL 1,6,8,4 2,7,6,10 4,5,2,8 5,4,8,2 | 5 18 64 32 | 8 # m=7 sets=[[0,2,5,6],[1,4,5,6],[2,3,4,6],[3,4,5,6]]
GMFAIL 2,5,8,4 2,7,6,10 4,5,2,8 5,4,8,2 | 5 18 64 32 | 8 # m=7 sets=[[0,2,5,6],[1,4,5,6],[2,3,4,6],[3,4,5,6]]
GMFAIL 2,7,10,4 2,7,6,10 4,5,2,8 5,4,8,2 | 5 18 64 32 | 8 # m=7 sets=[[0,2,5,6],[1,4,5,6],[2,3,4,6],[3,4,5,6]]
GMFAIL 2,7,10,6 2,7,6,10 4,5,2,8 5,4,8,2 | 5 18 64 32 | 8 # m=7 sets=[[0,2,5,6],[1,4,5,6],[2,3,4,6],[3,4,5,6]]
GMFAIL 1,6,8,4 2,7,6,10 4,5,2,8 6,4,8,1 | 5 18 64 32 | 8 # m=7 sets=[[0,2,5,6],[1,4,5,6],[2,3,4,6],[3,4,5,6]]
GMFAIL 2,5,8,4 2,7,6,10 4,5,2,8 6,4,8,1 | 5 18 64 32 | 8 # m=7 sets=[[0,2,5,6],[1,4,5,6],[2,3,4,6],[3,4,5,6]]
GMFAIL 2,7,10,4 2,7,6,10 4,5,2,8 6,4,8,1 | 5 18 64 32 | 8 # m=7 sets=[[0,2,5,6],[1,4,5,6],[2,3,4,6],[3,4,5,6]]
GMFAIL 2,7,10,6 2,7,6,10 4,5,2,8 6,4,8,1 | 5 18 64 32 | 8 # m=7 sets=[[0,2,5,6],[1,4,5,6],[2,3,4,6],[3,4,5,6]]
GMFAIL 1,6,8,4 2,7,6,10 4,5,2,8 7,4,10,2 | 5 18 64 32 | 8 # m=7 sets=[[0,2,5,6],[1,4,5,6],[2,3,4,6],[3,4,5,6]]
GMFAIL 2,5,8,4 2,7,6,10 4,5,2,8 7,4,10,2 | 5 18 64 32 | 8 # m=7 sets=[[0,2,5,6],[1,4,5,6],[2,3,4,6],[3,4,5,6]]
GMFAIL 2,7,10,4 2,7,6,10 4,5,2,8 7,4,10,2 | 5 18 64 32 | 8 # m=7 sets=[[0,2,5,6],[1,4,5,6],[2,3,4,6],[3,4,5,6]]
GMFAIL 2,7,10,6 2,7,6,10 4,5,2,8 7,4,10,2 | 5 18 64 32 | 8 # m=7 sets=[[0,2,5,6],[1,4,5,6],[2,3,4,6],[3,4,5,6]]
GMFAIL 1,6,8,4 2,7,6,10 4,5,2,8 7,6,10,2 | 5 18 64 32 | 8 # m=7 sets=[[0,2,5,6],[1,4,5,6],[2,3,4,6],[3,4,5,6]]
GMFAIL 2,5,8,4 2,7,6,10 4,5,2,8 7,6,10,2 | 5 18 64 32 | 8 # m=7 sets=[[0,2,5,6],[1,4,5,6],[2,3,4,6],[3,4,5,6]]
GMFAIL 2,7,10,4 2,7,6,10 4,5,2,8 7,6,10,2 | 5 18 64 32 | 8 # m=7 sets=[[0,2,5,6],[1,4,5,6],[2,3,4,6],[3,4,5,6]]
GMFAIL 2,7,10,6 2,7,6,10 4,5,2,8 7,6,10,2 | 5 18 64 32 | 8 # m=7 sets=[[0,2,5,6],[1,4,5,6],[2,3,4,6],[3,4,5,6]]
GMFAIL 1,6,8,4 1,6,4,8 4,5,2,8 5,4,8,2 | 5 18 64 32 | 8 # m=7 sets=[[0,2,5,6],[1,4,5,6],[2,3,4,6],[3,4,5,6]]
GMFAIL 1,6,8,4 2,5,4,8 4,5,2,8 5,4,8,2 | 5 18 64 32 | 8 # m=7 sets=[[0,2,5,6],[1,4,5,6],[2,3,4,6],[3,4,5,6]]
GMFAIL 1,6,8,4 2,7,4,10 4,5,2,8 5,4,8,2 | 5 18 64 32 | 8 # m=7 sets=[[0,2,5,6],[1,4,5,6],[2,3,4,6],[3,4,5,6]]
GMFAIL 1,6,8,4 2,7,6,10 4,5,2,8 5,4,8,2 | 5 18 64 32 | 8 # m=7 sets=[[0,2,5,6],[1,4,5,6],[2,3,4,6],[3,4,5,6]]
GMFAIL 1,6,8,4 1,6,4,8 4,6,1,8 5,4,8,2 | 5 18 64 32 | 8 # m=7 sets=[[0,2,5,6],[1,4,5,6],[2,3,4,6],[3,4,5,6]]
GMFAIL 1,6,8,4 2,5,4,8 4,6,1,8 5,4,8,2 | 5 18 64 32 | 8 # m=7 sets=[[0,2,5,6],[1,4,5,6],[2,3,4,6],[3,4,5,6]]
GMFAIL 1,6,8,4 2,7,4,10 4,6,1,8 5,4,8,2 | 5 18 64 32 | 8 # m=7 sets=[[0,2,5,6],[1,4,5,6],[2,3,4,6],[3,4,5,6]]
GMFAIL 1,6,8,4 2,7,6,10 4,6,1,8 5,4,8,2 | 5 18 64 32 | 8 # m=7 sets=[[0,2,5,6],[1,4,5,6],[2,3,4,6],[3,4,5,6]]
GMFAIL 1,6,8,4 1,6,4,8 4,7,2,10 5,4,8,2 | 5 18 64 32 | 8 # m=7 sets=[[0,2,5,6],[1,4,5,6],[2,3,4,6],[3,4,5,6]]
GMFAIL 1,6,8,4 2,5,4,8 4,7,2,10 5,4,8,2 | 5 18 64 32 | 8 # m=7 sets=[[0,2,5,6],[1,4,5,6],[2,3,4,6],[3,4,5,6]]
GMFAIL 1,6,8,4 2,7,4,10 4,7,2,10 5,4,8,2 | 5 18 64 32 | 8 # m=7 sets=[[0,2,5,6],[1,4,5,6],[2,3,4,6],[3,4,5,6]]
GMFAIL 1,6,8,4 2,7,6,10 4,7,2,10 5,4,8,2 | 5 18 64 32 | 8 # m=7 sets=[[0,2,5,6],[1,4,5,6],[2,3,4,6],[3,4,5,6]]
GMFAIL 1,6,8,4 1,6,4,8 6,7,2,10 5,4,8,2 | 5 18 64 32 | 8 # m=7 sets=[[0,2,5,6],[1,4,5,6],[2,3,4,6],[3,4,5,6]]
GMFAIL 1,6,8,4 2,5,4,8 6,7,2,10 5,4,8,2 | 5 18 64 32 | 8 # m=7 sets=[[0,2,5,6],[1,4,5,6],[2,3,4,6],[3,4,5,6]]
GMFAIL 1,6,8,4 2,7,4,10 6,7,2,10 5,4,8,2 | 5 18 64 32 | 8 # m=7 sets=[[0,2,5,6],[1,4,5,6],[2,3,4,6],[3,4,5,6]]
GMFAIL 1,6,8,4 2,7,6,10 6,7,2,10 5,4,8,2 | 5 18 64 32 | 8 # m=7 sets=[[0,2,5,6],[1,4,5,6],[2,3,4,6],[3,4,5,6]]
GMFAIL 1,6,8,4 1,6,4,8 4,5,2,8 5,4,8,2 | 5 18 64 32 | 8 # m=7 sets=[[0,2,5,6],[1,4,5,6],[2,3,4,6],[3,4,5,6]]
GMFAIL 1,6,8,4 2,5,4,8 4,5,2,8 5,4,8,2 | 5 18 64 32 | 8 # m=7 sets=[[0,2,5,6],[1,4,5,6],[2,3,4,6],[3,4,5,6]]
GMFAIL 1,6,8,4 2,7,4,10 4,5,2,8 5,4,8,2 | 5 18 64 32 | 8 # m=7 sets=[[0,2,5,6],[1,4,5,6],[2,3,4,6],[3,4,5,6]]
GMFAIL 1,6,8,4 2,7,6,10 4,5,2,8 5,4,8,2 | 5 18 64 32 | 8 # m=7 sets=[[0,2,5,6],[1,4,5,6],[2,3,4,6],[3,4,5,6]]
GMFAIL 1,6,8,4 1,6,4,8 4,5,2,8 6,4,8,1 | 5 18 64 32 | 8 # m=7 sets=[[0,2,5,6],[1,4,5,6],[2,3,4,6],[3,4,5,6]]
GMFAIL 1,6,8,4 2,5,4,8 4,5,2,8 6,4,8,1 | 5 18 64 32 | 8 # m=7 sets=[[0,2,5,6],[1,4,5,6],[2,3,4,6],[3,4,5,6]]
GMFAIL 1,6,8,4 2,7,4,10 4,5,2,8 6,4,8,1 | 5 18 64 32 | 8 # m=7 sets=[[0,2,5,6],[1,4,5,6],[2,3,4,6],[3,4,5,6]]
GMFAIL 1,6,8,4 2,7,6,10 4,5,2,8 6,4,8,1 | 5 18 64 32 | 8 # m=7 sets=[[0,2,5,6],[1,4,5,6],[2,3,4,6],[3,4,5,6]]
GMFAIL 1,6,8,4 1,6,4,8 4,5,2,8 7,4,10,2 | 5 18 64 32 | 8 # m=7 sets=[[0,2,5,6],[1,4,5,6],[2,3,4,6],[3,4,5,6]]
GMFAIL 1,6,8,4 2,5,4,8 4,5,2,8 7,4,10,2 | 5 18 64 32 | 8 # m=7 sets=[[0,2,5,6],[1,4,5,6],[2,3,4,6],[3,4,5,6]]
GMFAIL 1,6,8,4 2,7,4,10 4,5,2,8 7,4,10,2 | 5 18 64 32 | 8 # m=7 sets=[[0,2,5,6],[1,4,5,6],[2,3,4,6],[3,4,5,6]]
GMFAIL 1,6,8,4 2,7,6,10 4,5,2,8 7,4,10,2 | 5 18 64 32 | 8 # m=7 sets=[[0,2,5,6],[1,4,5,6],[2,3,4,6],[3,4,5,6]]
GMFAIL 1,6,8,4 1,6,4,8 4,5,2,8 7,6,10,2 | 5 18 64 32 | 8 # m=7 sets=[[0,2,5,6],[1,4,5,6],[2,3,4,6],[3,4,5,6]]
GMFAIL 1,6,8,4 2,5,4,8 4,5,2,8 7,6,10,2 | 5 18 64 32 | 8 # m=7 sets=[[0,2,5,6],[1,4,5,6],[2,3,4,6],[3,4,5,6]]
GMFAIL 1,6,8,4 2,7,4,10 4,5,2,8 7,6,10,2 | 5 18 64 32 | 8 # m=7 sets=[[0,2,5,6],[1,4,5,6],[2,3,4,6],[3,4,5,6]]
GMFAIL 1,6,8,4 2,7,6,10 4,5,2,8 7,6,10,2 | 5 18 64 32 | 8 # m=7 sets=[[0,2,5,6],[1,4,5,6],[2,3,4,6],[3,4,5,6]]
GMFAIL 1,6,8,4 2,7,6,10 4,5,2,8 5,4,8,2 | 5 18 64 32 | 8 # m=7 sets=[[0,2,5,6],[1,4,5,6],[2,3,4,6],[3,4,5,6]]
GMFAIL 1,6,8,4 2,7,6,10 4,6,1,8 5,4,8,2 | 5 18 64 32 | 8 # m=7 sets=[[0,2,5,6],[1,4,5,6],[2,3,4,6],[3,4,5,6]]
GMFAIL 1,6,8,4 2,7,6,10 4,7,2,10 5,4,8,2 | 5 18 64 32 | 8 # m=7 sets=[[0,2,5,6],[1,4,5,6],[2,3,4,6],[3,4,5,6]]
GMFAIL 1,6,8,4 2,7,6,10 6,7,2,10 5,4,8,2 | 5 18 64 32 | 8 # m=7 sets=[[0,2,5,6],[1,4,5,6],[2,3,4,6],[3,4,5,6]]
GMFAIL 1,6,8,4 2,7,6,10 4,5,2,8 6,4,8,1 | 5 18 64 32 | 8 # m=7 sets=[[0,2,5,6],[1,4,5,6],[2,3,4,6],[3,4,5,6]]
GMFAIL 1,6,8,4 2,7,6,10 4,6,1,8 6,4,8,1 | 5 18 64 32 | 8 # m=7 sets=[[0,2,5,6],[1,4,5,6],[2,3,4,6],[3,4,5,6]]
GMFAIL 1,6,8,4 2,7,6,10 4,7,2,10 6,4,8,1 | 5 18 64 32 | 8 # m=7 sets=[[0,2,5,6],[1,4,5,6],[2,3,4,6],[3,4,5,6]]
GMFAIL 1,6,8,4 2,7,6,10 6,7,2,10 6,4,8,1 | 5 18 64 32 | 8 # m=7 sets=[[0,2,5,6],[1,4,5,6],[2,3,4,6],[3,4,5,6]]
GMFAIL 1,6,8,4 2,7,6,10 4,5,2,8 7,4,10,2 | 5 18 64 32 | 8 # m=7 sets=[[0,2,5,6],[1,4,5,6],[2,3,4,6],[3,4,5,6]]
GMFAIL 1,6,8,4 2,7,6,10 4,6,1,8 7,4,10,2 | 5 18 64 32 | 8 # m=7 sets=[[0,2,5,6],[1,4,5,6],[2,3,4,6],[3,4,5,6]]
GMFAIL 1,6,8,4 2,7,6,10 4,7,2,10 7,4,10,2 | 5 18 64 32 | 8 # m=7 sets=[[0,2,5,6],[1,4,5,6],[2,3,4,6],[3,4,5,6]]
GMFAIL 1,6,8,4 2,7,6,10 6,7,2,10 7,4,10,2 | 5 18 64 32 | 8 # m=7 sets=[[0,2,5,6],[1,4,5,6],[2,3,4,6],[3,4,5,6]]
GMFAIL 1,6,8,4 2,7,6,10 4,5,2,8 7,6,10,2 | 5 18 64 32 | 8 # m=7 sets=[[0,2,5,6],[1,4,5,6],[2,3,4,6],[3,4,5,6]]
GMFAIL 1,6,8,4 2,7,6,10 4,6,1,8 7,6,10,2 | 5 18 64 32 | 8 # m=7 sets=[[0,2,5,6],[1,4,5,6],[2,3,4,6],[3,4,5,6]]
GMFAIL 1,6,8,4 2,7,6,10 4,7,2,10 7,6,10,2 | 5 18 64 32 | 8 # m=7 sets=[[0,2,5,6],[1,4,5,6],[2,3,4,6],[3,4,5,6]]
GMFAIL 1,6,8,4 2,7,6,10 6,7,2,10 7,6,10,2 | 5 18 64 32 | 8 # m=7 sets=[[0,2,5,6],[1,4,5,6],[2,3,4,6],[3,4,5,6]]
GMFAIL 1,6,8,4 1,6,4,8 4,5,2,8 5,4,8,2 | 5 18 64 32 | 8 # m=7 sets=[[0,2,5,6],[1,4,5,6],[2,3,4,6],[3,4,5,6]]
GMFAIL 2,5,8,4 1,6,4,8 4,5,2,8 5,4,8,2 | 5 18 64 32 | 8 # m=7 sets=[[0,2,5,6],[1,4,5,6],[2,3,4,6],[3,4,5,6]]
GMFAIL 2,7,10,4 1,6,4,8 4,5,2,8 5,4,8,2 | 5 18 64 32 | 8 # m=7 sets=[[0,2,5,6],[1,4,5,6],[2,3,4,6],[3,4,5,6]]
GMFAIL 2,7,10,6 1,6,4,8 4,5,2,8 5,4,8,2 | 5 18 64 32 | 8 # m=7 sets=[[0,2,5,6],[1,4,5,6],[2,3,4,6],[3,4,5,6]]
GMFAIL 1,6,8,4 2,5,4,8 4,5,2,8 5,4,8,2 | 5 18 64 32 | 8 # m=7 sets=[[0,2,5,6],[1,4,5,6],[2,3,4,6],[3,4,5,6]]
GMFAIL 2,5,8,4 2,5,4,8 4,5,2,8 5,4,8,2 | 5 18 64 32 | 8 # m=7 sets=[[0,2,5,6],[1,4,5,6],[2,3,4,6],[3,4,5,6]]
GMFAIL 2,7,10,4 2,5,4,8 4,5,2,8 5,4,8,2 | 5 18 64 32 | 8 # m=7 sets=[[0,2,5,6],[1,4,5,6],[2,3,4,6],[3,4,5,6]]
GMFAIL 2,7,10,6 2,5,4,8 4,5,2,8 5,4,8,2 | 5 18 64 32 | 8 # m=7 sets=[[0,2,5,6],[1,4,5,6],[2,3,4,6],[3,4,5,6]]
GMFAIL 1,6,8,4 2,7,4,10 4,5,2,8 5,4,8,2 | 5 18 64 32 | 8 # m=7 sets=[[0,2,5,6],[1,4,5,6],[2,3,4,6],[3,4,5,6]]
GMFAIL 2,5,8,4 2,7,4,10 4,5,2,8 5,4,8,2 | 5 18 64 32 | 8 # m=7 sets=[[0,2,5,6],[1,4,5,6],[2,3,4,6],[3,4,5,6]]
GMFAIL 2,7,10,4 2,7,4,10 4,5,2,8 5,4,8,2 | 5 18 64 32 | 8 # m=7 sets=[[0,2,5,6],[1,4,5,6],[2,3,4,6],[3,4,5,6]]
GMFAIL 2,7,10,6 2,7,4,10 4,5,2,8 5,4,8,2 | 5 18 64 32 | 8 # m=7 sets=[[0,2,5,6],[1,4,5,6],[2,3,4,6],[3,4,5,6]]
GMFAIL 1,6,8,4 2,7,6,10 4,5,2,8 5,4,8,2 | 5 18 64 32 | 8 # m=7 sets=[[0,2,5,6],[1,4,5,6],[2,3,4,6],[3,4,5,6]]
GMFAIL 2,5,8,4 2,7,6,10 4,5,2,8 5,4,8,2 | 5 18 64 32 | 8 # m=7 sets=[[0,2,5,6],[1,4,5,6],[2,3,4,6],[3,4,5,6]]
GMFAIL 2,7,10,4 2,7,6,10 4,5,2,8 5,4,8,2 | 5 18 64 32 | 8 # m=7 sets=[[0,2,5,6],[1,4,5,6],[2,3,4,6],[3,4,5,6]]
GMFAIL 2,7,10,6 2,7,6,10 4,5,2,8 5,4,8,2 | 5 18 64 32 | 8 # m=7 sets=[[0,2,5,6],[1,4,5,6],[2,3,4,6],[3,4,5,6]]
GMFAIL 1,6,8,4 1,6,4,8 4,5,2,8 5,4,8,2 | 5 18 64 32 | 8 # m=7 sets=[[0,2,5,6],[1,4,5,6],[2,3,4,6],[3,4,5,6]]
GMFAIL 2,5,8,4 1,6,4,8 4,5,2,8 5,4,8,2 | 5 18 64 32 | 8 # m=7 sets=[[0,2,5,6],[1,4,5,6],[2,3,4,6],[3,4,5,6]]
GMFAIL 2,7,10,4 1,6,4,8 4,5,2,8 5,4,8,2 | 5 18 64 32 | 8 # m=7 sets=[[0,2,5,6],[1,4,5,6],[2,3,4,6],[3,4,5,6]]
GMFAIL 2,7,10,6 1,6,4,8 4,5,2,8 5,4,8,2 | 5 18 64 32 | 8 # m=7 sets=[[0,2,5,6],[1,4,5,6],[2,3,4,6],[3,4,5,6]]
GMFAIL 1,6,8,4 1,6,4,8 4,6,1,8 5,4,8,2 | 5 18 64 32 | 8 # m=7 sets=[[0,2,5,6],[1,4,5,6],[2,3,4,6],[3,4,5,6]]
GMFAIL 2,5,8,4 1,6,4,8 4,6,1,8 5,4,8,2 | 5 18 64 32 | 8 # m=7 sets=[[0,2,5,6],[1,4,5,6],[2,3,4,6],[3,4,5,6]]
GMFAIL 2,7,10,4 1,6,4,8 4,6,1,8 5,4,8,2 | 5 18 64 32 | 8 # m=7 sets=[[0,2,5,6],[1,4,5,6],[2,3,4,6],[3,4,5,6]]
GMFAIL 2,7,10,6 1,6,4,8 4,6,1,8 5,4,8,2 | 5 18 64 32 | 8 # m=7 sets=[[0,2,5,6],[1,4,5,6],[2,3,4,6],[3,4,5,6]]
GMFAIL 1,6,8,4 1,6,4,8 4,7,2,10 5,4,8,2 | 5 18 64 32 | 8 # m=7 sets=[[0,2,5,6],[1,4,5,6],[2,3,4,6],[3,4,5,6]]
GMFAIL 2,5,8,4 1,6,4,8 4,7,2,10 5,4,8,2 | 5 18 64 32 | 8 # m=7 sets=[[0,2,5,6],[1,4,5,6],[2,3,4,6],[3,4,5,6]]
GMFAIL 2,7,10,4 1,6,4,8 4,7,2,10 5,4,8,2 | 5 18 64 32 | 8 # m=7 sets=[[0,2,5,6],[1,4,5,6],[2,3,4,6],[3,4,5,6]]
GMFAIL 2,7,10,6 1,6,4,8 4,7,2,10 5,4,8,2 | 5 18 64 32 | 8 # m=7 sets=[[0,2,5,6],[1,4,5,6],[2,3,4,6],[3,4,5,6]]
GMFAIL 1,6,8,4 1,6,4,8 6,7,2,10 5,4,8,2 | 5 18 64 32 | 8 # m=7 sets=[[0,2,5,6],[1,4,5,6],[2,3,4,6],[3,4,5,6]]
GMFAIL 2,5,8,4 1,6,4,8 6,7,2,10 5,4,8,2 | 5 18 64 32 | 8 # m=7 sets=[[0,2,5,6],[1,4,5,6],[2,3,4,6],[3,4,5,6]]
GMFAIL 2,7,10,4 1,6,4,8 6,7,2,10 5,4,8,2 | 5 18 64 32 | 8 # m=7 sets=[[0,2,5,6],[1,4,5,6],[2,3,4,6],[3,4,5,6]]
GMFAIL 2,7,10,6 1,6,4,8 6,7,2,10 5,4,8,2 | 5 18 64 32 | 8 # m=7 sets=[[0,2,5,6],[1,4,5,6],[2,3,4,6],[3,4,5,6]]
GMFAIL 1,6,8,4 1,6,4,8 4,5,2,8 5,4,8,2 | 5 18 64 32 | 8 # m=7 sets=[[0,2,5,6],[1,4,5,6],[2,3,4,6],[3,4,5,6]]
GMFAIL 2,5,8,4 1,6,4,8 4,5,2,8 5,4,8,2 | 5 18 64 32 | 8 # m=7 sets=[[0,2,5,6],[1,4,5,6],[2,3,4,6],[3,4,5,6]]
GMFAIL 2,7,10,4 1,6,4,8 4,5,2,8 5,4,8,2 | 5 18 64 32 | 8 # m=7 sets=[[0,2,5,6],[1,4,5,6],[2,3,4,6],[3,4,5,6]]
GMFAIL 2,7,10,6 1,6,4,8 4,5,2,8 5,4,8,2 | 5 18 64 32 | 8 # m=7 sets=[[0,2,5,6],[1,4,5,6],[2,3,4,6],[3,4,5,6]]
GMFAIL 1,6,8,4 1,6,4,8 4,5,2,8 6,4,8,1 | 5 18 64 32 | 8 # m=7 sets=[[0,2,5,6],[1,4,5,6],[2,3,4,6],[3,4,5,6]]
GMFAIL 2,5,8,4 1,6,4,8 4,5,2,8 6,4,8,1 | 5 18 64 32 | 8 # m=7 sets=[[0,2,5,6],[1,4,5,6],[2,3,4,6],[3,4,5,6]]
GMFAIL 2,7,10,4 1,6,4,8 4,5,2,8 6,4,8,1 | 5 18 64 32 | 8 # m=7 sets=[[0,2,5,6],[1,4,5,6],[2,3,4,6],[3,4,5,6]]
GMFAIL 2,7,10,6 1,6,4,8 4,5,2,8 6,4,8,1 | 5 18 64 32 | 8 # m=7 sets=[[0,2,5,6],[1,4,5,6],[2,3,4,6],[3,4,5,6]]
GMFAIL 1,6,8,4 1,6,4,8 4,5,2,8 7,4,10,2 | 5 18 64 32 | 8 # m=7 sets=[[0,2,5,6],[1,4,5,6],[2,3,4,6],[3,4,5,6]]
GMFAIL 2,5,8,4 1,6,4,8 4,5,2,8 7,4,10,2 | 5 18 64 32 | 8 # m=7 sets=[[0,2,5,6],[1,4,5,6],[2,3,4,6],[3,4,5,6]]
GMFAIL 2,7,10,4 1,6,4,8 4,5,2,8 7,4,10,2 | 5 18 64 32 | 8 # m=7 sets=[[0,2,5,6],[1,4,5,6],[2,3,4,6],[3,4,5,6]]
GMFAIL 2,7,10,6 1,6,4,8 4,5,2,8 7,4,10,2 | 5 18 64 32 | 8 # m=7 sets=[[0,2,5,6],[1,4,5,6],[2,3,4,6],[3,4,5,6]]
GMFAIL 1,6,8,4 1,6,4,8 4,5,2,8 7,6,10,2 | 5 18 64 32 | 8 # m=7 sets=[[0,2,5,6],[1,4,5,6],[2,3,4,6],[3,4,5,6]]
GMFAIL 2,5,8,4 1,6,4,8 4,5,2,8 7,6,10,2 | 5 18 64 32 | 8 # m=7 sets=[[0,2,5,6],[1,4,5,6],[2,3,4,6],[3,4,5,6]]
GMFAIL 2,7,10,4 1,6,4,8 4,5,2,8 7,6,10,2 | 5 18 64 32 | 8 # m=7 sets=[[0,2,5,6],[1,4,5,6],[2,3,4,6],[3,4,5,6]]
GMFAIL 2,7,10,6 1,6,4,8 4,5,2,8 7,6,10,2 | 5 18 64 32 | 8 # m=7 sets=[[0,2,5,6],[1,4,5,6],[2,3,4,6],[3,4,5,6]]
GMFAIL 2,5,8,4 1,6,4,8 4,5,2,8 5,4,8,2 | 5 18 64 32 | 8 # m=7 sets=[[0,2,5,6],[1,4,5,6],[2,3,4,6],[3,4,5,6]]
GMFAIL 2,5,8,4 2,5,4,8 4,5,2,8 5,4,8,2 | 5 18 64 32 | 8 # m=7 sets=[[0,2,5,6],[1,4,5,6],[2,3,4,6],[3,4,5,6]]
GMFAIL 2,5,8,4 2,7,4,10 4,5,2,8 5,4,8,2 | 5 18 64 32 | 8 # m=7 sets=[[0,2,5,6],[1,4,5,6],[2,3,4,6],[3,4,5,6]]
GMFAIL 2,5,8,4 2,7,6,10 4,5,2,8 5,4,8,2 | 5 18 64 32 | 8 # m=7 sets=[[0,2,5,6],[1,4,5,6],[2,3,4,6],[3,4,5,6]]
GMFAIL 2,5,8,4 1,6,4,8 4,6,1,8 5,4,8,2 | 5 18 64 32 | 8 # m=7 sets=[[0,2,5,6],[1,4,5,6],[2,3,4,6],[3,4,5,6]]
GMFAIL 2,5,8,4 2,5,4,8 4,6,1,8 5,4,8,2 | 5 18 64 32 | 8 # m=7 sets=[[0,2,5,6],[1,4,5,6],[2,3,4,6],[3,4,5,6]]
GMFAIL 2,5,8,4 2,7,4,10 4,6,1,8 5,4,8,2 | 5 18 64 32 | 8 # m=7 sets=[[0,2,5,6],[1,4,5,6],[2,3,4,6],[3,4,5,6]]
GMFAIL 2,5,8,4 2,7,6,10 4,6,1,8 5,4,8,2 | 5 18 64 32 | 8 # m=7 sets=[[0,2,5,6],[1,4,5,6],[2,3,4,6],[3,4,5,6]]
GMFAIL 2,5,8,4 1,6,4,8 4,7,2,10 5,4,8,2 | 5 18 64 32 | 8 # m=7 sets=[[0,2,5,6],[1,4,5,6],[2,3,4,6],[3,4,5,6]]
GMFAIL 2,5,8,4 2,5,4,8 4,7,2,10 5,4,8,2 | 5 18 64 32 | 8 # m=7 sets=[[0,2,5,6],[1,4,5,6],[2,3,4,6],[3,4,5,6]]
GMFAIL 2,5,8,4 2,7,4,10 4,7,2,10 5,4,8,2 | 5 18 64 32 | 8 # m=7 sets=[[0,2,5,6],[1,4,5,6],[2,3,4,6],[3,4,5,6]]
GMFAIL 2,5,8,4 2,7,6,10 4,7,2,10 5,4,8,2 | 5 18 64 32 | 8 # m=7 sets=[[0,2,5,6],[1,4,5,6],[2,3,4,6],[3,4,5,6]]
GMFAIL 2,5,8,4 1,6,4,8 6,7,2,10 5,4,8,2 | 5 18 64 32 | 8 # m=7 sets=[[0,2,5,6],[1,4,5,6],[2,3,4,6],[3,4,5,6]]
GMFAIL 2,5,8,4 2,5,4,8 6,7,2,10 5,4,8,2 | 5 18 64 32 | 8 # m=7 sets=[[0,2,5,6],[1,4,5,6],[2,3,4,6],[3,4,5,6]]
GMFAIL 2,5,8,4 2,7,4,10 6,7,2,10 5,4,8,2 | 5 18 64 32 | 8 # m=7 sets=[[0,2,5,6],[1,4,5,6],[2,3,4,6],[3,4,5,6]]
GMFAIL 2,5,8,4 2,7,6,10 6,7,2,10 5,4,8,2 | 5 18 64 32 | 8 # m=7 sets=[[0,2,5,6],[1,4,5,6],[2,3,4,6],[3,4,5,6]]
GMFAIL 2,5,8,4 1,6,4,8 4,5,2,8 5,4,8,2 | 5 18 64 32 | 8 # m=7 sets=[[0,2,5,6],[1,4,5,6],[2,3,4,6],[3,4,5,6]]
GMFAIL 2,5,8,4 2,5,4,8 4,5,2,8 5,4,8,2 | 5 18 64 32 | 8 # m=7 sets=[[0,2,5,6],[1,4,5,6],[2,3,4,6],[3,4,5,6]]
GMFAIL 2,5,8,4 2,7,4,10 4,5,2,8 5,4,8,2 | 5 18 64 32 | 8 # m=7 sets=[[0,2,5,6],[1,4,5,6],[2,3,4,6],[3,4,5,6]]
GMFAIL 2,5,8,4 2,7,6,10 4,5,2,8 5,4,8,2 | 5 18 64 32 | 8 # m=7 sets=[[0,2,5,6],[1,4,5,6],[2,3,4,6],[3,4,5,6]]
GMFAIL 2,5,8,4 1,6,4,8 4,5,2,8 6,4,8,1 | 5 18 64 32 | 8 # m=7 sets=[[0,2,5,6],[1,4,5,6],[2,3,4,6],[3,4,5,6]]
GMFAIL 2,5,8,4 2,5,4,8 4,5,2,8 6,4,8,1 | 5 18 64 32 | 8 # m=7 sets=[[0,2,5,6],[1,4,5,6],[2,3,4,6],[3,4,5,6]]
GMFAIL 2,5,8,4 2,7,4,10 4,5,2,8 6,4,8,1 | 5 18 64 32 | 8 # m=7 sets=[[0,2,5,6],[1,4,5,6],[2,3,4,6],[3,4,5,6]]
GMFAIL 2,5,8,4 2,7,6,10 4,5,2,8 6,4,8,1 | 5 18 64 32 | 8 # m=7 sets=[[0,2,5,6],[1,4,5,6],[2,3,4,6],[3,4,5,6]]
GMFAIL 2,5,8,4 1,6,4,8 4,5,2,8 7,4,10,2 | 5 18 64 32 | 8 # m=7 sets=[[0,2,5,6],[1,4,5,6],[2,3,4,6],[3,4,5,6]]
GMFAIL 2,5,8,4 2,5,4,8 4,5,2,8 7,4,10,2 | 5 18 64 32 | 8 # m=7 sets=[[0,2,5,6],[1,4,5,6],[2,3,4,6],[3,4,5,6]]
GMFAIL 2,5,8,4 2,7,4,10 4,5,2,8 7,4,10,2 | 5 18 64 32 | 8 # m=7 sets=[[0,2,5,6],[1,4,5,6],[2,3,4,6],[3,4,5,6]]
GMFAIL 2,5,8,4 2,7,6,10 4,5,2,8 7,4,10,2 | 5 18 64 32 | 8 # m=7 sets=[[0,2,5,6],[1,4,5,6],[2,3,4,6],[3,4,5,6]]
GMFAIL 2,5,8,4 1,6,4,8 4,5,2,8 7,6,10,2 | 5 18 64 32 | 8 # m=7 sets=[[0,2,5,6],[1,4,5,6],[2,3,4,6],[3,4,5,6]]
GMFAIL 2,5,8,4 2,5,4,8 4,5,2,8 7,6,10,2 | 5 18 64 32 | 8 # m=7 sets=[[0,2,5,6],[1,4,5,6],[2,3,4,6],[3,4,5,6]]
GMFAIL 2,5,8,4 2,7,4,10 4,5,2,8 7,6,10,2 | 5 18 64 32 | 8 # m=7 sets=[[0,2,5,6],[1,4,5,6],[2,3,4,6],[3,4,5,6]]
GMFAIL 2,5,8,4 2,7,6,10 4,5,2,8 7,6,10,2 | 5 18 64 32 | 8 # m=7 sets=[[0,2,5,6],[1,4,5,6],[2,3,4,6],[3,4,5,6]]
GMFAIL 2,5,8,4 1,6,4,8 4,5,2,8 5,4,8,2 | 5 18 64 32 | 8 # m=7 sets=[[0,2,5,6],[1,4,5,6],[2,3,4,6],[3,4,5,6]]
GMFAIL 2,5,8,4 1,6,4,8 4,6,1,8 5,4,8,2 | 5 18 64 32 | 8 # m=7 sets=[[0,2,5,6],[1,4,5,6],[2,3,4,6],[3,4,5,6]]
GMFAIL 2,5,8,4 1,6,4,8 4,7,2,10 5,4,8,2 | 5 18 64 32 | 8 # m=7 sets=[[0,2,5,6],[1,4,5,6],[2,3,4,6],[3,4,5,6]]
GMFAIL 2,5,8,4 1,6,4,8 6,7,2,10 5,4,8,2 | 5 18 64 32 | 8 # m=7 sets=[[0,2,5,6],[1,4,5,6],[2,3,4,6],[3,4,5,6]]
GMFAIL 2,5,8,4 1,6,4,8 4,5,2,8 6,4,8,1 | 5 18 64 32 | 8 # m=7 sets=[[0,2,5,6],[1,4,5,6],[2,3,4,6],[3,4,5,6]]
GMFAIL 2,5,8,4 1,6,4,8 4,6,1,8 6,4,8,1 | 5 18 64 32 | 8 # m=7 sets=[[0,2,5,6],[1,4,5,6],[2,3,4,6],[3,4,5,6]]
GMFAIL 2,5,8,4 1,6,4,8 4,7,2,10 6,4,8,1 | 5 18 64 32 | 8 # m=7 sets=[[0,2,5,6],[1,4,5,6],[2,3,4,6],[3,4,5,6]]
GMFAIL 2,5,8,4 1,6,4,8 6,7,2,10 6,4,8,1 | 5 18 64 32 | 8 # m=7 sets=[[0,2,5,6],[1,4,5,6],[2,3,4,6],[3,4,5,6]]
GMFAIL 2,5,8,4 1,6,4,8 4,5,2,8 7,4,10,2 | 5 18 64 32 | 8 # m=7 sets=[[0,2,5,6],[1,4,5,6],[2,3,4,6],[3,4,5,6]]
GMFAIL 2,5,8,4 1,6,4,8 4,6,1,8 7,4,10,2 | 5 18 64 32 | 8 # m=7 sets=[[0,2,5,6],[1,4,5,6],[2,3,4,6],[3,4,5,6]]
GMFAIL 2,5,8,4 1,6,4,8 4,7,2,10 7,4,10,2 | 5 18 64 32 | 8 # m=7 sets=[[0,2,5,6],[1,4,5,6],[2,3,4,6],[3,4,5,6]]
GMFAIL 2,5,8,4 1,6,4,8 6,7,2,10 7,4,10,2 | 5 18 64 32 | 8 # m=7 sets=[[0,2,5,6],[1,4,5,6],[2,3,4,6],[3,4,5,6]]
GMFAIL 2,5,8,4 1,6,4,8 4,5,2,8 7,6,10,2 | 5 18 64 32 | 8 # m=7 sets=[[0,2,5,6],[1,4,5,6],[2,3,4,6],[3,4,5,6]]
GMFAIL 2,5,8,4 1,6,4,8 4,6,1,8 7,6,10,2 | 5 18 64 32 | 8 # m=7 sets=[[0,2,5,6],[1,4,5,6],[2,3,4,6],[3,4,5,6]]
GMFAIL 2,5,8,4 1,6,4,8 4,7,2,10 7,6,10,2 | 5 18 64 32 | 8 # m=7 sets=[[0,2,5,6],[1,4,5,6],[2,3,4,6],[3,4,5,6]]
GMFAIL 2,5,8,4 1,6,4,8 6,7,2,10 7,6,10,2 | 5 18 64 32 | 8 # m=7 sets=[[0,2,5,6],[1,4,5,6],[2,3,4,6],[3,4,5,6]]
GMFAIL 1,6,8,4 1,4,6,8 1,6,4,8 5,4,8,2 | 5 64 18 32 | 8 # m=7 sets=[[0,2,5,6],[1,2,3,6],[1,4,5,6],[3,4,5,6]]
GMFAIL 2,5,8,4 1,4,6,8 1,6,4,8 5,4,8,2 | 5 64 18 32 | 8 # m=7 sets=[[0,2,5,6],[1,2,3,6],[1,4,5,6],[3,4,5,6]]
GMFAIL 2,7,10,4 1,4,6,8 1,6,4,8 5,4,8,2 | 5 64 18 32 | 8 # m=7 sets=[[0,2,5,6],[1,2,3,6],[1,4,5,6],[3,4,5,6]]
GMFAIL 2,7,10,6 1,4,6,8 1,6,4,8 5,4,8,2 | 5 64 18 32 | 8 # m=7 sets=[[0,2,5,6],[1,2,3,6],[1,4,5,6],[3,4,5,6]]
GMFAIL 1,6,8,4 2,4,7,10 1,6,4,8 5,4,8,2 | 5 64 18 32 | 8 # m=7 sets=[[0,2,5,6],[1,2,3,6],[1,4,5,6],[3,4,5,6]]
GMFAIL 2,5,8,4 2,4,7,10 1,6,4,8 5,4,8,2 | 5 64 18 32 | 8 # m=7 sets=[[0,2,5,6],[1,2,3,6],[1,4,5,6],[3,4,5,6]]
GMFAIL 2,7,10,4 2,4,7,10 1,6,4,8 5,4,8,2 | 5 64 18 32 | 8 # m=7 sets=[[0,2,5,6],[1,2,3,6],[1,4,5,6],[3,4,5,6]]
GMFAIL 2,7,10,6 2,4,7,10 1,6,4,8 5,4,8,2 | 5 64 18 32 | 8 # m=7 sets=[[0,2,5,6],[1,2,3,6],[1,4,5,6],[3,4,5,6]]
GMFAIL 1,6,8,4 2,4,7,10 1,6,4,8 5,4,8,2 | 5 64 18 32 | 8 # m=7 sets=[[0,2,5,6],[1,2,3,6],[1,4,5,6],[3,4,5,6]]
GMFAIL 2,5,8,4 2,4,7,10 1,6,4,8 5,4,8,2 | 5 64 18 32 | 8 # m=7 sets=[[0,2,5,6],[1,2,3,6],[1,4,5,6],[3,4,5,6]]
GMFAIL 2,7,10,4 2,4,7,10 1,6,4,8 5,4,8,2 | 5 64 18 32 | 8 # m=7 sets=[[0,2,5,6],[1,2,3,6],[1,4,5,6],[3,4,5,6]]
GMFAIL 2,7,10,6 2,4,7,10 1,6,4,8 5,4,8,2 | 5 64 18 32 | 8 # m=7 sets=[[0,2,5,6],[1,2,3,6],[1,4,5,6],[3,4,5,6]]
GMFAIL 1,6,8,4 2,4,7,10 2,5,4,8 5,4,8,2 | 5 64 18 32 | 8 # m=7 sets=[[0,2,5,6],[1,2,3,6],[1,4,5,6],[3,4,5,6]]
GMFAIL 2,5,8,4 2,4,7,10 2,5,4,8 5,4,8,2 | 5 64 18 32 | 8 # m=7 sets=[[0,2,5,6],[1,2,3,6],[1,4,5,6],[3,4,5,6]]
GMFAIL 2,7,10,4 2,4,7,10 2,5,4,8 5,4,8,2 | 5 64 18 32 | 8 # m=7 sets=[[0,2,5,6],[1,2,3,6],[1,4,5,6],[3,4,5,6]]
GMFAIL 2,7,10,6 2,4,7,10 2,5,4,8 5,4,8,2 | 5 64 18 32 | 8 # m=7 sets=[[0,2,5,6],[1,2,3,6],[1,4,5,6],[3,4,5,6]]
GMFAIL 1,6,8,4 2,4,7,10 2,7,4,10 5,4,8,2 | 5 64 18 32 | 8 # m=7 sets=[[0,2,5,6],[1,2,3,6],[1,4,5,6],[3,4,5,6]]
GMFAIL 2,5,8,4 2,4,7,10 2,7,4,10 5,4,8,2 | 5 64 18 32 | 8 # m=7 sets=[[0,2,5,6],[1,2,3,6],[1,4,5,6],[3,4,5,6]]
GMFAIL 2,7,10,4 2,4,7,10 2,7,4,10 5,4,8,2 | 5 64 18 32 | 8 # m=7 sets=[[0,2,5,6],[1,2,3,6],[1,4,5,6],[3,4,5,6]]
GMFAIL 2,7,10,6 2,4,7,10 2,7,4,10 5,4,8,2 | 5 64 18 32 | 8 # m=7 sets=[[0,2,5,6],[1,2,3,6],[1,4,5,6],[3,4,5,6]]
GMFAIL 1,6,8,4 2,4,7,10 2,7,6,10 5,4,8,2 | 5 64 18 32 | 8 # m=7 sets=[[0,2,5,6],[1,2,3,6],[1,4,5,6],[3,4,5,6]]
GMFAIL 2,5,8,4 2,4,7,10 2,7,6,10 5,4,8,2 | 5 64 18 32 | 8 # m=7 sets=[[0,2,5,6],[1,2,3,6],[1,4,5,6],[3,4,5,6]]
GMFAIL 2,7,10,4 2,4,7,10 2,7,6,10 5,4,8,2 | 5 64 18 32 | 8 # m=7 sets=[[0,2,5,6],[1,2,3,6],[1,4,5,6],[3,4,5,6]]
GMFAIL 2,7,10,6 2,4,7,10 2,7,6,10 5,4,8,2 | 5 64 18 32 | 8 # m=7 sets=[[0,2,5,6],[1,2,3,6],[1,4,5,6],[3,4,5,6]]
GMFAIL 1,6,8,4 2,4,7,10 1,6,4,8 5,4,8,2 | 5 64 18 32 | 8 # m=7 sets=[[0,2,5,6],[1,2,3,6],[1,4,5,6],[3,4,5,6]]
GMFAIL 2,5,8,4 2,4,7,10 1,6,4,8 5,4,8,2 | 5 64 18 32 | 8 # m=7 sets=[[0,2,5,6],[1,2,3,6],[1,4,5,6],[3,4,5,6]]
GMFAIL 2,7,10,4 2,4,7,10 1,6,4,8 5,4,8,2 | 5 64 18 32 | 8 # m=7 sets=[[0,2,5,6],[1,2,3,6],[1,4,5,6],[3,4,5,6]]
GMFAIL 2,7,10,6 2,4,7,10 1,6,4,8 5,4,8,2 | 5 64 18 32 | 8 # m=7 sets=[[0,2,5,6],[1,2,3,6],[1,4,5,6],[3,4,5,6]]
GMFAIL 1,6,8,4 2,4,7,10 1,6,4,8 6,4,8,1 | 5 64 18 32 | 8 # m=7 sets=[[0,2,5,6],[1,2,3,6],[1,4,5,6],[3,4,5,6]]
GMFAIL 2,5,8,4 2,4,7,10 1,6,4,8 6,4,8,1 | 5 64 18 32 | 8 # m=7 sets=[[0,2,5,6],[1,2,3,6],[1,4,5,6],[3,4,5,6]]
GMFAIL 2,7,10,4 2,4,7,10 1,6,4,8 6,4,8,1 | 5 64 18 32 | 8 # m=7 sets=[[0,2,5,6],[1,2,3,6],[1,4,5,6],[3,4,5,6]]
GMFAIL 2,7,10,6 2,4,7,10 1,6,4,8 6,4,8,1 | 5 64 18 32 | 8 # m=7 sets=[[0,2,5,6],[1,2,3,6],[1,4,5,6],[3,4,5,6]]
GMFAIL 1,6,8,4 2,4,7,10 1,6,4,8 7,4,10,2 | 5 64 18 32 | 8 # m=7 sets=[[0,2,5,6],[1,2,3,6],[1,4,5,6],[3,4,5,6]]
GMFAIL 2,5,8,4 2,4,7,10 1,6,4,8 7,4,10,2 | 5 64 18 32 | 8 # m=7 sets=[[0,2,5,6],[1,2,3,6],[1,4,5,6],[3,4,5,6]]
GMFAIL 2,7,10,4 2,4,7,10 1,6,4,8 7,4,10,2 | 5 64 18 32 | 8 # m=7 sets=[[0,2,5,6],[1,2,3,6],[1,4,5,6],[3,4,5,6]]
GMFAIL 2,7,10,6 2,4,7,10 1,6,4,8 7,4,10,2 | 5 64 18 32 | 8 # m=7 sets=[[0,2,5,6],[1,2,3,6],[1,4,5,6],[3,4,5,6]]
GMFAIL 1,6,8,4 2,4,7,10 1,6,4,8 7,6,10,2 | 5 64 18 32 | 8 # m=7 sets=[[0,2,5,6],[1,2,3,6],[1,4,5,6],[3,4,5,6]]
GMFAIL 2,5,8,4 2,4,7,10 1,6,4,8 7,6,10,2 | 5 64 18 32 | 8 # m=7 sets=[[0,2,5,6],[1,2,3,6],[1,4,5,6],[3,4,5,6]]
GMFAIL 2,7,10,4 2,4,7,10 1,6,4,8 7,6,10,2 | 5 64 18 32 | 8 # m=7 sets=[[0,2,5,6],[1,2,3,6],[1,4,5,6],[3,4,5,6]]
GMFAIL 2,7,10,6 2,4,7,10 1,6,4,8 7,6,10,2 | 5 64 18 32 | 8 # m=7 sets=[[0,2,5,6],[1,2,3,6],[1,4,5,6],[3,4,5,6]]
GMFAIL 2,5,8,4 1,4,6,8 1,6,4,8 5,4,8,2 | 5 64 18 32 | 8 # m=7 sets=[[0,2,5,6],[1,2,3,6],[1,4,5,6],[3,4,5,6]]
GMFAIL 2,5,8,4 2,4,7,10 1,6,4,8 5,4,8,2 | 5 64 18 32 | 8 # m=7 sets=[[0,2,5,6],[1,2,3,6],[1,4,5,6],[3,4,5,6]]
GMFAIL 2,5,8,4 1,4,6,8 2,5,4,8 5,4,8,2 | 5 64 18 32 | 8 # m=7 sets=[[0,2,5,6],[1,2,3,6],[1,4,5,6],[3,4,5,6]]
GMFAIL 2,5,8,4 2,4,7,10 2,5,4,8 5,4,8,2 | 5 64 18 32 | 8 # m=7 sets=[[0,2,5,6],[1,2,3,6],[1,4,5,6],[3,4,5,6]]
GMFAIL 2,5,8,4 1,4,6,8 2,7,4,10 5,4,8,2 | 5 64 18 32 | 8 # m=7 sets=[[0,2,5,6],[1,2,3,6],[1,4,5,6],[3,4,5,6]]
GMFAIL 2,5,8,4 2,4,7,10 2,7,4,10 5,4,8,2 | 5 64 18 32 | 8 # m=7 sets=[[0,2,5,6],[1,2,3,6],[1,4,5,6],[3,4,5,6]]
GMFAIL 2,5,8,4 1,4,6,8 2,7,6,10 5,4,8,2 | 5 64 18 32 | 8 # m=7 sets=[[0,2,5,6],[1,2,3,6],[1,4,5,6],[3,4,5,6]]
GMFAIL 2,5,8,4 2,4,7,10 2,7,6,10 5,4,8,2 | 5 64 18 32 | 8 # m=7 sets=[[0,2,5,6],[1,2,3,6],[1,4,5,6],[3,4,5,6]]
GMFAIL 2,5,8,4 1,4,6,8 1,6,4,8 5,4,8,2 | 5 64 18 32 | 8 # m=7 sets=[[0,2,5,6],[1,2,3,6],[1,4,5,6],[3,4,5,6]]
GMFAIL 2,5,8,4 2,4,7,10 1,6,4,8 5,4,8,2 | 5 64 18 32 | 8 # m=7 sets=[[0,2,5,6],[1,2,3,6],[1,4,5,6],[3,4,5,6]]
GMFAIL 2,5,8,4 1,4,6,8 1,6,4,8 6,4,8,1 | 5 64 18 32 | 8 # m=7 sets=[[0,2,5,6],[1,2,3,6],[1,4,5,6],[3,4,5,6]]
GMFAIL 2,5,8,4 2,4,7,10 1,6,4,8 6,4,8,1 | 5 64 18 32 | 8 # m=7 sets=[[0,2,5,6],[1,2,3,6],[1,4,5,6],[3,4,5,6]]
GMFAIL 2,5,8,4 1,4,6,8 1,6,4,8 7,4,10,2 | 5 64 18 32 | 8 # m=7 sets=[[0,2,5,6],[1,2,3,6],[1,4,5,6],[3,4,5,6]]
GMFAIL 2,5,8,4 2,4,7,10 1,6,4,8 7,4,10,2 | 5 64 18 32 | 8 # m=7 sets=[[0,2,5,6],[1,2,3,6],[1,4,5,6],[3,4,5,6]]
GMFAIL 2,5,8,4 1,4,6,8 1,6,4,8 7,6,10,2 | 5 64 18 32 | 8 # m=7 sets=[[0,2,5,6],[1,2,3,6],[1,4,5,6],[3,4,5,6]]
GMFAIL 2,5,8,4 2,4,7,10 1,6,4,8 7,6,10,2 | 5 64 18 32 | 8 # m=7 sets=[[0,2,5,6],[1,2,3,6],[1,4,5,6],[3,4,5,6]]
GMFAIL 2,5,8,4 2,4,7,10 1,6,4,8 5,4,8,2 | 5 64 18 32 | 8 # m=7 sets=[[0,2,5,6],[1,2,3,6],[1,4,5,6],[3,4,5,6]]
GMFAIL 2,5,8,4 2,4,7,10 2,5,4,8 5,4,8,2 | 5 64 18 32 | 8 # m=7 sets=[[0,2,5,6],[1,2,3,6],[1,4,5,6],[3,4,5,6]]
GMFAIL 2,5,8,4 2,4,7,10 2,7,4,10 5,4,8,2 | 5 64 18 32 | 8 # m=7 sets=[[0,2,5,6],[1,2,3,6],[1,4,5,6],[3,4,5,6]]
GMFAIL 2,5,8,4 2,4,7,10 2,7,6,10 5,4,8,2 | 5 64 18 32 | 8 # m=7 sets=[[0,2,5,6],[1,2,3,6],[1,4,5,6],[3,4,5,6]]
GMFAIL 2,5,8,4 2,4,7,10 1,6,4,8 6,4,8,1 | 5 64 18 32 | 8 # m=7 sets=[[0,2,5,6],[1,2,3,6],[1,4,5,6],[3,4,5,6]]
GMFAIL 2,5,8,4 2,4,7,10 2,5,4,8 6,4,8,1 | 5 64 18 32 | 8 # m=7 sets=[[0,2,5,6],[1,2,3,6],[1,4,5,6],[3,4,5,6]]
GMFAIL 2,5,8,4 2,4,7,10 2,7,4,10 6,4,8,1 | 5 64 18 32 | 8 # m=7 sets=[[0,2,5,6],[1,2,3,6],[1,4,5,6],[3,4,5,6]]
GMFAIL 2,5,8,4 2,4,7,10 2,7,6,10 6,4,8,1 | 5 64 18 32 | 8 # m=7 sets=[[0,2,5,6],[1,2,3,6],[1,4,5,6],[3,4,5,6]]
GMFAIL 2,5,8,4 2,4,7,10 1,6,4,8 7,4,10,2 | 5 64 18 32 | 8 # m=7 sets=[[0,2,5,6],[1,2,3,6],[1,4,5,6],[3,4,5,6]]
GMFAIL 2,5,8,4 2,4,7,10 2,5,4,8 7,4,10,2 | 5 64 18 32 | 8 # m=7 sets=[[0,2,5,6],[1,2,3,6],[1,4,5,6],[3,4,5,6]]
GMFAIL 2,5,8,4 2,4,7,10 2,7,4,10 7,4,10,2 | 5 64 18 32 | 8 # m=7 sets=[[0,2,5,6],[1,2,3,6],[1,4,5,6],[3,4,5,6]]
GMFAIL 2,5,8,4 2,4,7,10 2,7,6,10 7,4,10,2 | 5 64 18 32 | 8 # m=7 sets=[[0,2,5,6],[1,2,3,6],[1,4,5,6],[3,4,5,6]]
GMFAIL 2,5,8,4 2,4,7,10 1,6,4,8 7,6,10,2 | 5 64 18 32 | 8 # m=7 sets=[[0,2,5,6],[1,2,3,6],[1,4,5,6],[3,4,5,6]]
GMFAIL 2,5,8,4 2,4,7,10 2,5,4,8 7,6,10,2 | 5 64 18 32 | 8 # m=7 sets=[[0,2,5,6],[1,2,3,6],[1,4,5,6],[3,4,5,6]]
GMFAIL 2,5,8,4 2,4,7,10 2,7,4,10 7,6,10,2 | 5 64 18 32 | 8 # m=7 sets=[[0,2,5,6],[1,2,3,6],[1,4,5,6],[3,4,5,6]]
GMFAIL 2,5,8,4 2,4,7,10 2,7,6,10 7,6,10,2 | 5 64 18 32 | 8 # m=7 sets=[[0,2,5,6],[1,2,3,6],[1,4,5,6],[3,4,5,6]]
GMFAIL 1,6,8,4 2,4,7,10 1,6,4,8 6,4,8,1 | 5 64 18 32 | 8 # m=7 sets=[[0,2,5,6],[1,2,3,6],[1,4,5,6],[3,4,5,6]]
GMFAIL 2,5,8,4 2,4,7,10 1,6,4,8 6,4,8,1 | 5 64 18 32 | 8 # m=7 sets=[[0,2,5,6],[1,2,3,6],[1,4,5,6],[3,4,5,6]]
GMFAIL 2,7,10,4 2,4,7,10 1,6,4,8 6,4,8,1 | 5 64 18 32 | 8 # m=7 sets=[[0,2,5,6],[1,2,3,6],[1,4,5,6],[3,4,5,6]]
GMFAIL 2,7,10,6 2,4,7,10 1,6,4,8 6,4,8,1 | 5 64 18 32 | 8 # m=7 sets=[[0,2,5,6],[1,2,3,6],[1,4,5,6],[3,4,5,6]]
GMFAIL 1,6,8,4 2,4,7,10 2,5,4,8 6,4,8,1 | 5 64 18 32 | 8 # m=7 sets=[[0,2,5,6],[1,2,3,6],[1,4,5,6],[3,4,5,6]]
GMFAIL 2,5,8,4 2,4,7,10 2,5,4,8 6,4,8,1 | 5 64 18 32 | 8 # m=7 sets=[[0,2,5,6],[1,2,3,6],[1,4,5,6],[3,4,5,6]]
GMFAIL 2,7,10,4 2,4,7,10 2,5,4,8 6,4,8,1 | 5 64 18 32 | 8 # m=7 sets=[[0,2,5,6],[1,2,3,6],[1,4,5,6],[3,4,5,6]]
GMFAIL 2,7,10,6 2,4,7,10 2,5,4,8 6,4,8,1 | 5 64 18 32 | 8 # m=7 sets=[[0,2,5,6],[1,2,3,6],[1,4,5,6],[3,4,5,6]]
GMFAIL 1,6,8,4 2,4,7,10 2,7,4,10 6,4,8,1 | 5 64 18 32 | 8 # m=7 sets=[[0,2,5,6],[1,2,3,6],[1,4,5,6],[3,4,5,6]]
GMFAIL 2,5,8,4 2,4,7,10 2,7,4,10 6,4,8,1 | 5 64 18 32 | 8 # m=7 sets=[[0,2,5,6],[1,2,3,6],[1,4,5,6],[3,4,5,6]]
GMFAIL 2,7,10,4 2,4,7,10 2,7,4,10 6,4,8,1 | 5 64 18 32 | 8 # m=7 sets=[[0,2,5,6],[1,2,3,6],[1,4,5,6],[3,4,5,6]]
GMFAIL 2,7,10,6 2,4,7,10 2,7,4,10 6,4,8,1 | 5 64 18 32 | 8 # m=7 sets=[[0,2,5,6],[1,2,3,6],[1,4,5,6],[3,4,5,6]]
GMFAIL 1,6,8,4 2,4,7,10 2,7,6,10 6,4,8,1 | 5 64 18 32 | 8 # m=7 sets=[[0,2,5,6],[1,2,3,6],[1,4,5,6],[3,4,5,6]]
GMFAIL 2,5,8,4 2,4,7,10 2,7,6,10 6,4,8,1 | 5 64 18 32 | 8 # m=7 sets=[[0,2,5,6],[1,2,3,6],[1,4,5,6],[3,4,5,6]]
GMFAIL 2,7,10,4 2,4,7,10 2,7,6,10 6,4,8,1 | 5 64 18 32 | 8 # m=7 sets=[[0,2,5,6],[1,2,3,6],[1,4,5,6],[3,4,5,6]]
GMFAIL 2,7,10,6 2,4,7,10 2,7,6,10 6,4,8,1 | 5 64 18 32 | 8 # m=7 sets=[[0,2,5,6],[1,2,3,6],[1,4,5,6],[3,4,5,6]]
GMFAIL 1,6,8,4 1,4,6,8 1,6,4,8 6,4,8,1 | 5 64 18 32 | 8 # m=7 sets=[[0,2,5,6],[1,2,3,6],[1,4,5,6],[3,4,5,6]]
GMFAIL 2,5,8,4 1,4,6,8 1,6,4,8 6,4,8,1 | 5 64 18 32 | 8 # m=7 sets=[[0,2,5,6],[1,2,3,6],[1,4,5,6],[3,4,5,6]]
GMFAIL 2,7,10,4 1,4,6,8 1,6,4,8 6,4,8,1 | 5 64 18 32 | 8 # m=7 sets=[[0,2,5,6],[1,2,3,6],[1,4,5,6],[3,4,5,6]]
GMFAIL 2,7,10,6 1,4,6,8 1,6,4,8 6,4,8,1 | 5 64 18 32 | 8 # m=7 sets=[[0,2,5,6],[1,2,3,6],[1,4,5,6],[3,4,5,6]]
GMFAIL 1,6,8,4 2,4,7,10 1,6,4,8 6,4,8,1 | 5 64 18 32 | 8 # m=7 sets=[[0,2,5,6],[1,2,3,6],[1,4,5,6],[3,4,5,6]]
GMFAIL 2,5,8,4 2,4,7,10 1,6,4,8 6,4,8,1 | 5 64 18 32 | 8 # m=7 sets=[[0,2,5,6],[1,2,3,6],[1,4,5,6],[3,4,5,6]]
GMFAIL 2,7,10,4 2,4,7,10 1,6,4,8 6,4,8,1 | 5 64 18 32 | 8 # m=7 sets=[[0,2,5,6],[1,2,3,6],[1,4,5,6],[3,4,5,6]]
GMFAIL 2,7,10,6 2,4,7,10 1,6,4,8 6,4,8,1 | 5 64 18 32 | 8 # m=7 sets=[[0,2,5,6],[1,2,3,6],[1,4,5,6],[3,4,5,6]]
GMFAIL 1,6,8,4 2,4,7,10 1,6,4,8 5,4,8,2 | 5 64 18 32 | 8 # m=7 sets=[[0,2,5,6],[1,2,3,6],[1,4,5,6],[3,4,5,6]]
GMFAIL 2,5,8,4 2,4,7,10 1,6,4,8 5,4,8,2 | 5 64 18 32 | 8 # m=7 sets=[[0,2,5,6],[1,2,3,6],[1,4,5,6],[3,4,5,6]]
GMFAIL 2,7,10,4 2,4,7,10 1,6,4,8 5,4,8,2 | 5 64 18 32 | 8 # m=7 sets=[[0,2,5,6],[1,2,3,6],[1,4,5,6],[3,4,5,6]]
GMFAIL 2,7,10,6 2,4,7,10 1,6,4,8 5,4,8,2 | 5 64 18 32 | 8 # m=7 sets=[[0,2,5,6],[1,2,3,6],[1,4,5,6],[3,4,5,6]]
GMFAIL 1,6,8,4 2,4,7,10 1,6,4,8 6,4,8,1 | 5 64 18 32 | 8 # m=7 sets=[[0,2,5,6],[1,2,3,6],[1,4,5,6],[3,4,5,6]]
GMFAIL 2,5,8,4 2,4,7,10 1,6,4,8 6,4,8,1 | 5 64 18 32 | 8 # m=7 sets=[[0,2,5,6],[1,2,3,6],[1,4,5,6],[3,4,5,6]]
GMFAIL 2,7,10,4 2,4,7,10 1,6,4,8 6,4,8,1 | 5 64 18 32 | 8 # m=7 sets=[[0,2,5,6],[1,2,3,6],[1,4,5,6],[3,4,5,6]]
GMFAIL 2,7,10,6 2,4,7,10 1,6,4,8 6,4,8,1 | 5 64 18 32 | 8 # m=7 sets=[[0,2,5,6],[1,2,3,6],[1,4,5,6],[3,4,5,6]]
GMFAIL 1,6,8,4 2,4,7,10 1,6,4,8 7,4,10,2 | 5 64 18 32 | 8 # m=7 sets=[[0,2,5,6],[1,2,3,6],[1,4,5,6],[3,4,5,6]]
GMFAIL 2,5,8,4 2,4,7,10 1,6,4,8 7,4,10,2 | 5 64 18 32 | 8 # m=7 sets=[[0,2,5,6],[1,2,3,6],[1,4,5,6],[3,4,5,6]]
GMFAIL 2,7,10,4 2,4,7,10 1,6,4,8 7,4,10,2 | 5 64 18 32 | 8 # m=7 sets=[[0,2,5,6],[1,2,3,6],[1,4,5,6],[3,4,5,6]]
GMFAIL 2,7,10,6 2,4,7,10 1,6,4,8 7,4,10,2 | 5 64 18 32 | 8 # m=7 sets=[[0,2,5,6],[1,2,3,6],[1,4,5,6],[3,4,5,6]]
GMFAIL 1,6,8,4 2,4,7,10 1,6,4,8 7,6,10,2 | 5 64 18 32 | 8 # m=7 sets=[[0,2,5,6],[1,2,3,6],[1,4,5,6],[3,4,5,6]]
GMFAIL 2,5,8,4 2,4,7,10 1,6,4,8 7,6,10,2 | 5 64 18 32 | 8 # m=7 sets=[[0,2,5,6],[1,2,3,6],[1,4,5,6],[3,4,5,6]]
GMFAIL 2,7,10,4 2,4,7,10 1,6,4,8 7,6,10,2 | 5 64 18 32 | 8 # m=7 sets=[[0,2,5,6],[1,2,3,6],[1,4,5,6],[3,4,5,6]]
GMFAIL 2,7,10,6 2,4,7,10 1,6,4,8 7,6,10,2 | 5 64 18 32 | 8 # m=7 sets=[[0,2,5,6],[1,2,3,6],[1,4,5,6],[3,4,5,6]]
GMFAIL 2,5,8,4 1,4,6,8 1,6,4,8 6,4,8,1 | 5 64 18 32 | 8 # m=7 sets=[[0,2,5,6],[1,2,3,6],[1,4,5,6],[3,4,5,6]]
GMFAIL 2,5,8,4 2,4,7,10 1,6,4,8 6,4,8,1 | 5 64 18 32 | 8 # m=7 sets=[[0,2,5,6],[1,2,3,6],[1,4,5,6],[3,4,5,6]]
GMFAIL 2,5,8,4 1,4,6,8 2,5,4,8 6,4,8,1 | 5 64 18 32 | 8 # m=7 sets=[[0,2,5,6],[1,2,3,6],[1,4,5,6],[3,4,5,6]]
GMFAIL 2,5,8,4 2,4,7,10 2,5,4,8 6,4,8,1 | 5 64 18 32 | 8 # m=7 sets=[[0,2,5,6],[1,2,3,6],[1,4,5,6],[3,4,5,6]]
GMFAIL 2,5,8,4 1,4,6,8 2,7,4,10 6,4,8,1 | 5 64 18 32 | 8 # m=7 sets=[[0,2,5,6],[1,2,3,6],[1,4,5,6],[3,4,5,6]]
GMFAIL 2,5,8,4 2,4,7,10 2,7,4,10 6,4,8,1 | 5 64 18 32 | 8 # m=7 sets=[[0,2,5,6],[1,2,3,6],[1,4,5,6],[3,4,5,6]]
GMFAIL 2,5,8,4 1,4,6,8 2,7,6,10 6,4,8,1 | 5 64 18 32 | 8 # m=7 sets=[[0,2,5,6],[1,2,3,6],[1,4,5,6],[3,4,5,6]]
GMFAIL 2,5,8,4 2,4,7,10 2,7,6,10 6,4,8,1 | 5 64 18 32 | 8 # m=7 sets=[[0,2,5,6],[1,2,3,6],[1,4,5,6],[3,4,5,6]]
GMFAIL 2,5,8,4 1,4,6,8 1,6,4,8 5,4,8,2 | 5 64 18 32 | 8 # m=7 sets=[[0,2,5,6],[1,2,3,6],[1,4,5,6],[3,4,5,6]]
GMFAIL 2,5,8,4 2,4,7,10 1,6,4,8 5,4,8,2 | 5 64 18 32 | 8 # m=7 sets=[[0,2,5,6],[1,2,3,6],[1,4,5,6],[3,4,5,6]]
GMFAIL 2,5,8,4 1,4,6,8 1,6,4,8 6,4,8,1 | 5 64 18 32 | 8 # m=7 sets=[[0,2,5,6],[1,2,3,6],[1,4,5,6],[3,4,5,6]]
GMFAIL 2,5,8,4 2,4,7,10 1,6,4,8 6,4,8,1 | 5 64 18 32 | 8 # m=7 sets=[[0,2,5,6],[1,2,3,6],[1,4,5,6],[3,4,5,6]]
GMFAIL 2,5,8,4 1,4,6,8 1,6,4,8 7,4,10,2 | 5 64 18 32 | 8 # m=7 sets=[[0,2,5,6],[1,2,3,6],[1,4,5,6],[3,4,5,6]]
GMFAIL 2,5,8,4 2,4,7,10 1,6,4,8 7,4,10,2 | 5 64 18 32 | 8 # m=7 sets=[[0,2,5,6],[1,2,3,6],[1,4,5,6],[3,4,5,6]]
GMFAIL 2,5,8,4 1,4,6,8 1,6,4,8 7,6,10,2 | 5 64 18 32 | 8 # m=7 sets=[[0,2,5,6],[1,2,3,6],[1,4,5,6],[3,4,5,6]]
GMFAIL 2,5,8,4 2,4,7,10 1,6,4,8 7,6,10,2 | 5 64 18 32 | 8 # m=7 sets=[[0,2,5,6],[1,2,3,6],[1,4,5,6],[3,4,5,6]]
GMFAIL 2,5,8,4 2,4,7,10 1,6,4,8 5,4,8,2 | 5 64 18 32 | 8 # m=7 sets=[[0,2,5,6],[1,2,3,6],[1,4,5,6],[3,4,5,6]]
GMFAIL 2,5,8,4 2,4,7,10 2,5,4,8 5,4,8,2 | 5 64 18 32 | 8 # m=7 sets=[[0,2,5,6],[1,2,3,6],[1,4,5,6],[3,4,5,6]]
GMFAIL 2,5,8,4 2,4,7,10 2,7,4,10 5,4,8,2 | 5 64 18 32 | 8 # m=7 sets=[[0,2,5,6],[1,2,3,6],[1,4,5,6],[3,4,5,6]]
GMFAIL 2,5,8,4 2,4,7,10 2,7,6,10 5,4,8,2 | 5 64 18 32 | 8 # m=7 sets=[[0,2,5,6],[1,2,3,6],[1,4,5,6],[3,4,5,6]]
GMFAIL 2,5,8,4 2,4,7,10 1,6,4,8 6,4,8,1 | 5 64 18 32 | 8 # m=7 sets=[[0,2,5,6],[1,2,3,6],[1,4,5,6],[3,4,5,6]]
GMFAIL 2,5,8,4 2,4,7,10 2,5,4,8 6,4,8,1 | 5 64 18 32 | 8 # m=7 sets=[[0,2,5,6],[1,2,3,6],[1,4,5,6],[3,4,5,6]]
GMFAIL 2,5,8,4 2,4,7,10 2,7,4,10 6,4,8,1 | 5 64 18 32 | 8 # m=7 sets=[[0,2,5,6],[1,2,3,6],[1,4,5,6],[3,4,5,6]]
GMFAIL 2,5,8,4 2,4,7,10 2,7,6,10 6,4,8,1 | 5 64 18 32 | 8 # m=7 sets=[[0,2,5,6],[1,2,3,6],[1,4,5,6],[3,4,5,6]]
GMFAIL 2,5,8,4 2,4,7,10 1,6,4,8 7,4,10,2 | 5 64 18 32 | 8 # m=7 sets=[[0,2,5,6],[1,2,3,6],[1,4,5,6],[3,4,5,6]]
GMFAIL 2,5,8,4 2,4,7,10 2,5,4,8 7,4,10,2 | 5 64 18 32 | 8 # m=7 sets=[[0,2,5,6],[1,2,3,6],[1,4,5,6],[3,4,5,6]]
GMFAIL 2,5,8,4 2,4,7,10 2,7,4,10 7,4,10,2 | 5 64 18 32 | 8 # m=7 sets=[[0,2,5,6],[1,2,3,6],[1,4,5,6],[3,4,5,6]]
GMFAIL 2,5,8,4 2,4,7,10 2,7,6,10 7,4,10,2 | 5 64 18 32 | 8 # m=7 sets=[[0,2,5,6],[1,2,3,6],[1,4,5,6],[3,4,5,6]]
GMFAIL 2,5,8,4 2,4,7,10 1,6,4,8 7,6,10,2 | 5 64 18 32 | 8 # m=7 sets=[[0,2,5,6],[1,2,3,6],[1,4,5,6],[3,4,5,6]]
GMFAIL 2,5,8,4 2,4,7,10 2,5,4,8 7,6,10,2 | 5 64 18 32 | 8 # m=7 sets=[[0,2,5,6],[1,2,3,6],[1,4,5,6],[3,4,5,6]]
GMFAIL 2,5,8,4 2,4,7,10 2,7,4,10 7,6,10,2 | 5 64 18 32 | 8 # m=7 sets=[[0,2,5,6],[1,2,3,6],[1,4,5,6],[3,4,5,6]]
GMFAIL 2,5,8,4 2,4,7,10 2,7,6,10 7,6,10,2 | 5 64 18 32 | 8 # m=7 sets=[[0,2,5,6],[1,2,3,6],[1,4,5,6],[3,4,5,6]]
GMFAIL 1,6,8,4 1,4,6,8 1,6,4,8 7,4,10,2 | 5 64 18 32 | 8 # m=7 sets=[[0,2,5,6],[1,2,3,6],[1,4,5,6],[3,4,5,6]]
GMFAIL 2,5,8,4 1,4,6,8 1,6,4,8 7,4,10,2 | 5 64 18 32 | 8 # m=7 sets=[[0,2,5,6],[1,2,3,6],[1,4,5,6],[3,4,5,6]]
GMFAIL 2,7,10,4 1,4,6,8 1,6,4,8 7,4,10,2 | 5 64 18 32 | 8 # m=7 sets=[[0,2,5,6],[1,2,3,6],[1,4,5,6],[3,4,5,6]]
GMFAIL 2,7,10,6 1,4,6,8 1,6,4,8 7,4,10,2 | 5 64 18 32 | 8 # m=7 sets=[[0,2,5,6],[1,2,3,6],[1,4,5,6],[3,4,5,6]]
GMFAIL 1,6,8,4 2,4,7,10 1,6,4,8 7,4,10,2 | 5 64 18 32 | 8 # m=7 sets=[[0,2,5,6],[1,2,3,6],[1,4,5,6],[3,4,5,6]]
GMFAIL 2,5,8,4 2,4,7,10 1,6,4,8 7,4,10,2 | 5 64 18 32 | 8 # m=7 sets=[[0,2,5,6],[1,2,3,6],[1,4,5,6],[3,4,5,6]]
GMFAIL 2,7,10,4 2,4,7,10 1,6,4,8 7,4,10,2 | 5 64 18 32 | 8 # m=7 sets=[[0,2,5,6],[1,2,3,6],[1,4,5,6],[3,4,5,6]]
GMFAIL 2,7,10,6 2,4,7,10 1,6,4,8 7,4,10,2 | 5 64 18 32 | 8 # m=7 sets=[[0,2,5,6],[1,2,3,6],[1,4,5,6],[3,4,5,6]]
GMFAIL 1,6,8,4 2,4,7,10 1,6,4,8 7,4,10,2 | 5 64 18 32 | 8 # m=7 sets=[[0,2,5,6],[1,2,3,6],[1,4,5,6],[3,4,5,6]]
GMFAIL 2,5,8,4 2,4,7,10 1,6,4,8 7,4,10,2 | 5 64 18 32 | 8 # m=7 sets=[[0,2,5,6],[1,2,3,6],[1,4,5,6],[3,4,5,6]]
GMFAIL 2,7,10,4 2,4,7,10 1,6,4,8 7,4,10,2 | 5 64 18 32 | 8 # m=7 sets=[[0,2,5,6],[1,2,3,6],[1,4,5,6],[3,4,5,6]]
GMFAIL 2,7,10,6 2,4,7,10 1,6,4,8 7,4,10,2 | 5 64 18 32 | 8 # m=7 sets=[[0,2,5,6],[1,2,3,6],[1,4,5,6],[3,4,5,6]]
GMFAIL 1,6,8,4 2,4,7,10 2,5,4,8 7,4,10,2 | 5 64 18 32 | 8 # m=7 sets=[[0,2,5,6],[1,2,3,6],[1,4,5,6],[3,4,5,6]]
GMFAIL 2,5,8,4 2,4,7,10 2,5,4,8 7,4,10,2 | 5 64 18 32 | 8 # m=7 sets=[[0,2,5,6],[1,2,3,6],[1,4,5,6],[3,4,5,6]]
GMFAIL 2,7,10,4 2,4,7,10 2,5,4,8 7,4,10,2 | 5 64 18 32 | 8 # m=7 sets=[[0,2,5,6],[1,2,3,6],[1,4,5,6],[3,4,5,6]]
GMFAIL 2,7,10,6 2,4,7,10 2,5,4,8 7,4,10,2 | 5 64 18 32 | 8 # m=7 sets=[[0,2,5,6],[1,2,3,6],[1,4,5,6],[3,4,5,6]]
GMFAIL 1,6,8,4 2,4,7,10 2,7,4,10 7,4,10,2 | 5 64 18 32 | 8 # m=7 sets=[[0,2,5,6],[1,2,3,6],[1,4,5,6],[3,4,5,6]]
GMFAIL 2,5,8,4 2,4,7,10 2,7,4,10 7,4,10,2 | 5 64 18 32 | 8 # m=7 sets=[[0,2,5,6],[1,2,3,6],[1,4,5,6],[3,4,5,6]]
GMFAIL 2,7,10,4 2,4,7,10 2,7,4,10 7,4,10,2 | 5 64 18 32 | 8 # m=7 sets=[[0,2,5,6],[1,2,3,6],[1,4,5,6],[3,4,5,6]]
GMFAIL 2,7,10,6 2,4,7,10 2,7,4,10 7,4,10,2 | 5 64 18 32 | 8 # m=7 sets=[[0,2,5,6],[1,2,3,6],[1,4,5,6],[3,4,5,6]]
GMFAIL 1,6,8,4 2,4,7,10 2,7,6,10 7,4,10,2 | 5 64 18 32 | 8 # m=7 sets=[[0,2,5,6],[1,2,3,6],[1,4,5,6],[3,4,5,6]]
GMFAIL 2,5,8,4 2,4,7,10 2,7,6,10 7,4,10,2 | 5 64 18 32 | 8 # m=7 sets=[[0,2,5,6],[1,2,3,6],[1,4,5,6],[3,4,5,6]]
GMFAIL 2,7,10,4 2,4,7,10 2,7,6,10 7,4,10,2 | 5 64 18 32 | 8 # m=7 sets=[[0,2,5,6],[1,2,3,6],[1,4,5,6],[3,4,5,6]]
GMFAIL 2,7,10,6 2,4,7,10 2,7,6,10 7,4,10,2 | 5 64 18 32 | 8 # m=7 sets=[[0,2,5,6],[1,2,3,6],[1,4,5,6],[3,4,5,6]]
GMFAIL 1,6,8,4 2,4,7,10 1,6,4,8 5,4,8,2 | 5 64 18 32 | 8 # m=7 sets=[[0,2,5,6],[1,2,3,6],[1,4,5,6],[3,4,5,6]]
GMFAIL 2,5,8,4 2,4,7,10 1,6,4,8 5,4,8,2 | 5 64 18 32 | 8 # m=7 sets=[[0,2,5,6],[1,2,3,6],[1,4,5,6],[3,4,5,6]]
GMFAIL 2,7,10,4 2,4,7,10 1,6,4,8 5,4,8,2 | 5 64 18 32 | 8 # m=7 sets=[[0,2,5,6],[1,2,3,6],[1,4,5,6],[3,4,5,6]]
GMFAIL 2,7,10,6 2,4,7,10 1,6,4,8 5,4,8,2 | 5 64 18 32 | 8 # m=7 sets=[[0,2,5,6],[1,2,3,6],[1,4,5,6],[3,4,5,6]]
GMFAIL 1,6,8,4 2,4,7,10 1,6,4,8 6,4,8,1 | 5 64 18 32 | 8 # m=7 sets=[[0,2,5,6],[1,2,3,6],[1,4,5,6],[3,4,5,6]]
GMFAIL 2,5,8,4 2,4,7,10 1,6,4,8 6,4,8,1 | 5 64 18 32 | 8 # m=7 sets=[[0,2,5,6],[1,2,3,6],[1,4,5,6],[3,4,5,6]]
GMFAIL 2,7,10,4 2,4,7,10 1,6,4,8 6,4,8,1 | 5 64 18 32 | 8 # m=7 sets=[[0,2,5,6],[1,2,3,6],[1,4,5,6],[3,4,5,6]]
GMFAIL 2,7,10,6 2,4,7,10 1,6,4,8 6,4,8,1 | 5 64 18 32 | 8 # m=7 sets=[[0,2,5,6],[1,2,3,6],[1,4,5,6],[3,4,5,6]]
GMFAIL 1,6,8,4 2,4,7,10 1,6,4,8 7,4,10,2 | 5 64 18 32 | 8 # m=7 sets=[[0,2,5,6],[1,2,3,6],[1,4,5,6],[3,4,5,6]]
GMFAIL 2,5,8,4 2,4,7,10 1,6,4,8 7,4,10,2 | 5 64 18 32 | 8 # m=7 sets=[[0,2,5,6],[1,2,3,6],[1,4,5,6],[3,4,5,6]]
GMFAIL 2,7,10,4 2,4,7,10 1,6,4,8 7,4,10,2 | 5 64 18 32 | 8 # m=7 sets=[[0,2,5,6],[1,2,3,6],[1,4,5,6],[3,4,5,6]]
GMFAIL 2,7,10,6 2,4,7,10 1,6,4,8 7,4,10,2 | 5 64 18 32 | 8 # m=7 sets=[[0,2,5,6],[1,2,3,6],[1,4,5,6],[3,4,5,6]]
GMFAIL 1,6,8,4 2,4,7,10 1,6,4,8 7,6,10,2 | 5 64 18 32 | 8 # m=7 sets=[[0,2,5,6],[1,2,3,6],[1,4,5,6],[3,4,5,6]]
GMFAIL 2,5,8,4 2,4,7,10 1,6,4,8 7,6,10,2 | 5 64 18 32 | 8 # m=7 sets=[[0,2,5,6],[1,2,3,6],[1,4,5,6],[3,4,5,6]]
GMFAIL 2,7,10,4 2,4,7,10 1,6,4,8 7,6,10,2 | 5 64 18 32 | 8 # m=7 sets=[[0,2,5,6],[1,2,3,6],[1,4,5,6],[3,4,5,6]]
GMFAIL 2,7,10,6 2,4,7,10 1,6,4,8 7,6,10,2 | 5 64 18 32 | 8 # m=7 sets=[[0,2,5,6],[1,2,3,6],[1,4,5,6],[3,4,5,6]]
GMFAIL 2,5,8,4 1,4,6,8 1,6,4,8 7,4,10,2 | 5 64 18 32 | 8 # m=7 sets=[[0,2,5,6],[1,2,3,6],[1,4,5,6],[3,4,5,6]]
GMFAIL 2,5,8,4 2,4,7,10 1,6,4,8 7,4,10,2 | 5 64 18 32 | 8 # m=7 sets=[[0,2,5,6],[1,2,3,6],[1,4,5,6],[3,4,5,6]]
GMFAIL 2,5,8,4 1,4,6,8 2,5,4,8 7,4,10,2 | 5 64 18 32 | 8 # m=7 sets=[[0,2,5,6],[1,2,3,6],[1,4,5,6],[3,4,5,6]]
GMFAIL 2,5,8,4 2,4,7,10 2,5,4,8 7,4,10,2 | 5 64 18 32 | 8 # m=7 sets=[[0,2,5,6],[1,2,3,6],[1,4,5,6],[3,4,5,6]]
GMFAIL 2,5,8,4 1,4,6,8 2,7,4,10 7,4,10,2 | 5 64 18 32 | 8 # m=7 sets=[[0,2,5,6],[1,2,3,6],[1,4,5,6],[3,4,5,6]]
GMFAIL 2,5,8,4 2,4,7,10 2,7,4,10 7,4,10,2 | 5 64 18 32 | 8 # m=7 sets=[[0,2,5,6],[1,2,3,6],[1,4,5,6],[3,4,5,6]]
GMFAIL 2,5,8,4 1,4,6,8 2,7,6,10 7,4,10,2 | 5 64 18 32 | 8 # m=7 sets=[[0,2,5,6],[1,2,3,6],[1,4,5,6],[3,4,5,6]]
GMFAIL 2,5,8,4 2,4,7,10 2,7,6,10 7,4,10,2 | 5 64 18 32 | 8 # m=7 sets=[[0,2,5,6],[1,2,3,6],[1,4,5,6],[3,4,5,6]]
GMFAIL 2,5,8,4 1,4,6,8 1,6,4,8 5,4,8,2 | 5 64 18 32 | 8 # m=7 sets=[[0,2,5,6],[1,2,3,6],[1,4,5,6],[3,4,5,6]]
GMFAIL 2,5,8,4 2,4,7,10 1,6,4,8 5,4,8,2 | 5 64 18 32 | 8 # m=7 sets=[[0,2,5,6],[1,2,3,6],[1,4,5,6],[3,4,5,6]]
GMFAIL 2,5,8,4 1,4,6,8 1,6,4,8 6,4,8,1 | 5 64 18 32 | 8 # m=7 sets=[[0,2,5,6],[1,2,3,6],[1,4,5,6],[3,4,5,6]]
GMFAIL 2,5,8,4 2,4,7,10 1,6,4,8 6,4,8,1 | 5 64 18 32 | 8 # m=7 sets=[[0,2,5,6],[1,2,3,6],[1,4,5,6],[3,4,5,6]]
GMFAIL 2,5,8,4 1,4,6,8 1,6,4,8 7,4,10,2 | 5 64 18 32 | 8 # m=7 sets=[[0,2,5,6],[1,2,3,6],[1,4,5,6],[3,4,5,6]]
GMFAIL 2,5,8,4 2,4,7,10 1,6,4,8 7,4,10,2 | 5 64 18 32 | 8 # m=7 sets=[[0,2,5,6],[1,2,3,6],[1,4,5,6],[3,4,5,6]]
GMFAIL 2,5,8,4 1,4,6,8 1,6,4,8 7,6,10,2 | 5 64 18 32 | 8 # m=7 sets=[[0,2,5,6],[1,2,3,6],[1,4,5,6],[3,4,5,6]]
GMFAIL 2,5,8,4 2,4,7,10 1,6,4,8 7,6,10,2 | 5 64 18 32 | 8 # m=7 sets=[[0,2,5,6],[1,2,3,6],[1,4,5,6],[3,4,5,6]]
GMFAIL 2,5,8,4 2,4,7,10 1,6,4,8 5,4,8,2 | 5 64 18 32 | 8 # m=7 sets=[[0,2,5,6],[1,2,3,6],[1,4,5,6],[3,4,5,6]]
GMFAIL 2,5,8,4 2,4,7,10 2,5,4,8 5,4,8,2 | 5 64 18 32 | 8 # m=7 sets=[[0,2,5,6],[1,2,3,6],[1,4,5,6],[3,4,5,6]]
GMFAIL 2,5,8,4 2,4,7,10 2,7,4,10 5,4,8,2 | 5 64 18 32 | 8 # m=7 sets=[[0,2,5,6],[1,2,3,6],[1,4,5,6],[3,4,5,6]]
GMFAIL 2,5,8,4 2,4,7,10 2,7,6,10 5,4,8,2 | 5 64 18 32 | 8 # m=7 sets=[[0,2,5,6],[1,2,3,6],[1,4,5,6],[3,4,5,6]]
GMFAIL 2,5,8,4 2,4,7,10 1,6,4,8 6,4,8,1 | 5 64 18 32 | 8 # m=7 sets=[[0,2,5,6],[1,2,3,6],[1,4,5,6],[3,4,5,6]]
GMFAIL 2,5,8,4 2,4,7,10 2,5,4,8 6,4,8,1 | 5 64 18 32 | 8 # m=7 sets=[[0,2,5,6],[1,2,3,6],[1,4,5,6],[3,4,5,6]]
GMFAIL 2,5,8,4 2,4,7,10 2,7,4,10 6,4,8,1 | 5 64 18 32 | 8 # m=7 sets=[[0,2,5,6],[1,2,3,6],[1,4,5,6],[3,4,5,6]]
GMFAIL 2,5,8,4 2,4,7,10 2,7,6,10 6,4,8,1 | 5 64 18 32 | 8 # m=7 sets=[[0,2,5,6],[1,2,3,6],[1,4,5,6],[3,4,5,6]]
GMFAIL 2,5,8,4 2,4,7,10 1,6,4,8 7,4,10,2 | 5 64 18 32 | 8 # m=7 sets=[[0,2,5,6],[1,2,3,6],[1,4,5,6],[3,4,5,6]]
GMFAIL 2,5,8,4 2,4,7,10 2,5,4,8 7,4,10,2 | 5 64 18 32 | 8 # m=7 sets=[[0,2,5,6],[1,2,3,6],[1,4,5,6],[3,4,5,6]]
GMFAIL 2,5,8,4 2,4,7,10 2,7,4,10 7,4,10,2 | 5 64 18 32 | 8 # m=7 sets=[[0,2,5,6],[1,2,3,6],[1,4,5,6],[3,4,5,6]]
GMFAIL 2,5,8,4 2,4,7,10 2,7,6,10 7,4,10,2 | 5 64 18 32 | 8 # m=7 sets=[[0,2,5,6],[1,2,3,6],[1,4,5,6],[3,4,5,6]]
GMFAIL 2,5,8,4 2,4,7,10 1,6,4,8 7,6,10,2 | 5 64 18 32 | 8 # m=7 sets=[[0,2,5,6],[1,2,3,6],[1,4,5,6],[3,4,5,6]]
GMFAIL 2,5,8,4 2,4,7,10 2,5,4,8 7,6,10,2 | 5 64 18 32 | 8 # m=7 sets=[[0,2,5,6],[1,2,3,6],[1,4,5,6],[3,4,5,6]]
GMFAIL 2,5,8,4 2,4,7,10 2,7,4,10 7,6,10,2 | 5 64 18 32 | 8 # m=7 sets=[[0,2,5,6],[1,2,3,6],[1,4,5,6],[3,4,5,6]]
GMFAIL 2,5,8,4 2,4,7,10 2,7,6,10 7,6,10,2 | 5 64 18 32 | 8 # m=7 sets=[[0,2,5,6],[1,2,3,6],[1,4,5,6],[3,4,5,6]]
GMFAIL 1,6,8,4 1,4,6,8 1,6,4,8 7,6,10,2 | 5 64 18 32 | 8 # m=7 sets=[[0,2,5,6],[1,2,3,6],[1,4,5,6],[3,4,5,6]]
GMFAIL 2,5,8,4 1,4,6,8 1,6,4,8 7,6,10,2 | 5 64 18 32 | 8 # m=7 sets=[[0,2,5,6],[1,2,3,6],[1,4,5,6],[3,4,5,6]]
GMFAIL 2,7,10,4 1,4,6,8 1,6,4,8 7,6,10,2 | 5 64 18 32 | 8 # m=7 sets=[[0,2,5,6],[1,2,3,6],[1,4,5,6],[3,4,5,6]]
GMFAIL 2,7,10,6 1,4,6,8 1,6,4,8 7,6,10,2 | 5 64 18 32 | 8 # m=7 sets=[[0,2,5,6],[1,2,3,6],[1,4,5,6],[3,4,5,6]]
GMFAIL 1,6,8,4 2,4,7,10 1,6,4,8 7,6,10,2 | 5 64 18 32 | 8 # m=7 sets=[[0,2,5,6],[1,2,3,6],[1,4,5,6],[3,4,5,6]]
GMFAIL 2,5,8,4 2,4,7,10 1,6,4,8 7,6,10,2 | 5 64 18 32 | 8 # m=7 sets=[[0,2,5,6],[1,2,3,6],[1,4,5,6],[3,4,5,6]]
GMFAIL 2,7,10,4 2,4,7,10 1,6,4,8 7,6,10,2 | 5 64 18 32 | 8 # m=7 sets=[[0,2,5,6],[1,2,3,6],[1,4,5,6],[3,4,5,6]]
GMFAIL 2,7,10,6 2,4,7,10 1,6,4,8 7,6,10,2 | 5 64 18 32 | 8 # m=7 sets=[[0,2,5,6],[1,2,3,6],[1,4,5,6],[3,4,5,6]]
GMFAIL 1,6,8,4 2,4,7,10 1,6,4,8 7,6,10,2 | 5 64 18 32 | 8 # m=7 sets=[[0,2,5,6],[1,2,3,6],[1,4,5,6],[3,4,5,6]]
GMFAIL 2,5,8,4 2,4,7,10 1,6,4,8 7,6,10,2 | 5 64 18 32 | 8 # m=7 sets=[[0,2,5,6],[1,2,3,6],[1,4,5,6],[3,4,5,6]]
GMFAIL 2,7,10,4 2,4,7,10 1,6,4,8 7,6,10,2 | 5 64 18 32 | 8 # m=7 sets=[[0,2,5,6],[1,2,3,6],[1,4,5,6],[3,4,5,6]]
GMFAIL 2,7,10,6 2,4,7,10 1,6,4,8 7,6,10,2 | 5 64 18 32 | 8 # m=7 sets=[[0,2,5,6],[1,2,3,6],[1,4,5,6],[3,4,5,6]]
GMFAIL 1,6,8,4 2,4,7,10 2,5,4,8 7,6,10,2 | 5 64 18 32 | 8 # m=7 sets=[[0,2,5,6],[1,2,3,6],[1,4,5,6],[3,4,5,6]]
GMFAIL 2,5,8,4 2,4,7,10 2,5,4,8 7,6,10,2 | 5 64 18 32 | 8 # m=7 sets=[[0,2,5,6],[1,2,3,6],[1,4,5,6],[3,4,5,6]]
GMFAIL 2,7,10,4 2,4,7,10 2,5,4,8 7,6,10,2 | 5 64 18 32 | 8 # m=7 sets=[[0,2,5,6],[1,2,3,6],[1,4,5,6],[3,4,5,6]]
GMFAIL 2,7,10,6 2,4,7,10 2,5,4,8 7,6,10,2 | 5 64 18 32 | 8 # m=7 sets=[[0,2,5,6],[1,2,3,6],[1,4,5,6],[3,4,5,6]]
GMFAIL 1,6,8,4 2,4,7,10 2,7,4,10 7,6,10,2 | 5 64 18 32 | 8 # m=7 sets=[[0,2,5,6],[1,2,3,6],[1,4,5,6],[3,4,5,6]]
GMFAIL 2,5,8,4 2,4,7,10 2,7,4,10 7,6,10,2 | 5 64 18 32 | 8 # m=7 sets=[[0,2,5,6],[1,2,3,6],[1,4,5,6],[3,4,5,6]]
GMFAIL 2,7,10,4 2,4,7,10 2,7,4,10 7,6,10,2 | 5 64 18 32 | 8 # m=7 sets=[[0,2,5,6],[1,2,3,6],[1,4,5,6],[3,4,5,6]]
GMFAIL 2,7,10,6 2,4,7,10 2,7,4,10 7,6,10,2 | 5 64 18 32 | 8 # m=7 sets=[[0,2,5,6],[1,2,3,6],[1,4,5,6],[3,4,5,6]]
GMFAIL 1,6,8,4 2,4,7,10 2,7,6,10 7,6,10,2 | 5 64 18 32 | 8 # m=7 sets=[[0,2,5,6],[1,2,3,6],[1,4,5,6],[3,4,5,6]]
GMFAIL 2,5,8,4 2,4,7,10 2,7,6,10 7,6,10,2 | 5 64 18 32 | 8 # m=7 sets=[[0,2,5,6],[1,2,3,6],[1,4,5,6],[3,4,5,6]]
GMFAIL 2,7,10,4 2,4,7,10 2,7,6,10 7,6,10,2 | 5 64 18 32 | 8 # m=7 sets=[[0,2,5,6],[1,2,3,6],[1,4,5,6],[3,4,5,6]]
GMFAIL 2,7,10,6 2,4,7,10 2,7,6,10 7,6,10,2 | 5 64 18 32 | 8 # m=7 sets=[[0,2,5,6],[1,2,3,6],[1,4,5,6],[3,4,5,6]]
GMFAIL 1,6,8,4 2,4,7,10 1,6,4,8 5,4,8,2 | 5 64 18 32 | 8 # m=7 sets=[[0,2,5,6],[1,2,3,6],[1,4,5,6],[3,4,5,6]]
GMFAIL 2,5,8,4 2,4,7,10 1,6,4,8 5,4,8,2 | 5 64 18 32 | 8 # m=7 sets=[[0,2,5,6],[1,2,3,6],[1,4,5,6],[3,4,5,6]]
GMFAIL 2,7,10,4 2,4,7,10 1,6,4,8 5,4,8,2 | 5 64 18 32 | 8 # m=7 sets=[[0,2,5,6],[1,2,3,6],[1,4,5,6],[3,4,5,6]]
GMFAIL 2,7,10,6 2,4,7,10 1,6,4,8 5,4,8,2 | 5 64 18 32 | 8 # m=7 sets=[[0,2,5,6],[1,2,3,6],[1,4,5,6],[3,4,5,6]]
GMFAIL 1,6,8,4 2,4,7,10 1,6,4,8 6,4,8,1 | 5 64 18 32 | 8 # m=7 sets=[[0,2,5,6],[1,2,3,6],[1,4,5,6],[3,4,5,6]]
GMFAIL 2,5,8,4 2,4,7,10 1,6,4,8 6,4,8,1 | 5 64 18 32 | 8 # m=7 sets=[[0,2,5,6],[1,2,3,6],[1,4,5,6],[3,4,5,6]]
GMFAIL 2,7,10,4 2,4,7,10 1,6,4,8 6,4,8,1 | 5 64 18 32 | 8 # m=7 sets=[[0,2,5,6],[1,2,3,6],[1,4,5,6],[3,4,5,6]]
GMFAIL 2,7,10,6 2,4,7,10 1,6,4,8 6,4,8,1 | 5 64 18 32 | 8 # m=7 sets=[[0,2,5,6],[1,2,3,6],[1,4,5,6],[3,4,5,6]]
GMFAIL 1,6,8,4 2,4,7,10 1,6,4,8 7,4,10,2 | 5 64 18 32 | 8 # m=7 sets=[[0,2,5,6],[1,2,3,6],[1,4,5,6],[3,4,5,6]]
GMFAIL 2,5,8,4 2,4,7,10 1,6,4,8 7,4,10,2 | 5 64 18 32 | 8 # m=7 sets=[[0,2,5,6],[1,2,3,6],[1,4,5,6],[3,4,5,6]]
GMFAIL 2,7,10,4 2,4,7,10 1,6,4,8 7,4,10,2 | 5 64 18 32 | 8 # m=7 sets=[[0,2,5,6],[1,2,3,6],[1,4,5,6],[3,4,5,6]]
GMFAIL 2,7,10,6 2,4,7,10 1,6,4,8 7,4,10,2 | 5 64 18 32 | 8 # m=7 sets=[[0,2,5,6],[1,2,3,6],[1,4,5,6],[3,4,5,6]]
GMFAIL 1,6,8,4 2,4,7,10 1,6,4,8 7,6,10,2 | 5 64 18 32 | 8 # m=7 sets=[[0,2,5,6],[1,2,3,6],[1,4,5,6],[3,4,5,6]]
GMFAIL 2,5,8,4 2,4,7,10 1,6,4,8 7,6,10,2 | 5 64 18 32 | 8 # m=7 sets=[[0,2,5,6],[1,2,3,6],[1,4,5,6],[3,4,5,6]]
GMFAIL 2,7,10,4 2,4,7,10 1,6,4,8 7,6,10,2 | 5 64 18 32 | 8 # m=7 sets=[[0,2,5,6],[1,2,3,6],[1,4,5,6],[3,4,5,6]]
GMFAIL 2,7,10,6 2,4,7,10 1,6,4,8 7,6,10,2 | 5 64 18 32 | 8 # m=7 sets=[[0,2,5,6],[1,2,3,6],[1,4,5,6],[3,4,5,6]]
GMFAIL 2,5,8,4 1,4,6,8 1,6,4,8 7,6,10,2 | 5 64 18 32 | 8 # m=7 sets=[[0,2,5,6],[1,2,3,6],[1,4,5,6],[3,4,5,6]]
GMFAIL 2,5,8,4 2,4,7,10 1,6,4,8 7,6,10,2 | 5 64 18 32 | 8 # m=7 sets=[[0,2,5,6],[1,2,3,6],[1,4,5,6],[3,4,5,6]]
GMFAIL 2,5,8,4 1,4,6,8 2,5,4,8 7,6,10,2 | 5 64 18 32 | 8 # m=7 sets=[[0,2,5,6],[1,2,3,6],[1,4,5,6],[3,4,5,6]]
GMFAIL 2,5,8,4 2,4,7,10 2,5,4,8 7,6,10,2 | 5 64 18 32 | 8 # m=7 sets=[[0,2,5,6],[1,2,3,6],[1,4,5,6],[3,4,5,6]]
GMFAIL 2,5,8,4 1,4,6,8 2,7,4,10 7,6,10,2 | 5 64 18 32 | 8 # m=7 sets=[[0,2,5,6],[1,2,3,6],[1,4,5,6],[3,4,5,6]]
GMFAIL 2,5,8,4 2,4,7,10 2,7,4,10 7,6,10,2 | 5 64 18 32 | 8 # m=7 sets=[[0,2,5,6],[1,2,3,6],[1,4,5,6],[3,4,5,6]]
GMFAIL 2,5,8,4 1,4,6,8 2,7,6,10 7,6,10,2 | 5 64 18 32 | 8 # m=7 sets=[[0,2,5,6],[1,2,3,6],[1,4,5,6],[3,4,5,6]]
GMFAIL 2,5,8,4 2,4,7,10 2,7,6,10 7,6,10,2 | 5 64 18 32 | 8 # m=7 sets=[[0,2,5,6],[1,2,3,6],[1,4,5,6],[3,4,5,6]]
GMFAIL 2,5,8,4 1,4,6,8 1,6,4,8 5,4,8,2 | 5 64 18 32 | 8 # m=7 sets=[[0,2,5,6],[1,2,3,6],[1,4,5,6],[3,4,5,6]]
GMFAIL 2,5,8,4 2,4,7,10 1,6,4,8 5,4,8,2 | 5 64 18 32 | 8 # m=7 sets=[[0,2,5,6],[1,2,3,6],[1,4,5,6],[3,4,5,6]]
GMFAIL 2,5,8,4 1,4,6,8 1,6,4,8 6,4,8,1 | 5 64 18 32 | 8 # m=7 sets=[[0,2,5,6],[1,2,3,6],[1,4,5,6],[3,4,5,6]]
GMFAIL 2,5,8,4 2,4,7,10 1,6,4,8 6,4,8,1 | 5 64 18 32 | 8 # m=7 sets=[[0,2,5,6],[1,2,3,6],[1,4,5,6],[3,4,5,6]]
GMFAIL 2,5,8,4 1,4,6,8 1,6,4,8 7,4,10,2 | 5 64 18 32 | 8 # m=7 sets=[[0,2,5,6],[1,2,3,6],[1,4,5,6],[3,4,5,6]]
GMFAIL 2,5,8,4 2,4,7,10 1,6,4,8 7,4,10,2 | 5 64 18 32 | 8 # m=7 sets=[[0,2,5,6],[1,2,3,6],[1,4,5,6],[3,4,5,6]]
GMFAIL 2,5,8,4 1,4,6,8 1,6,4,8 7,6,10,2 | 5 64 18 32 | 8 # m=7 sets=[[0,2,5,6],[1,2,3,6],[1,4,5,6],[3,4,5,6]]
GMFAIL 2,5,8,4 2,4,7,10 1,6,4,8 7,6,10,2 | 5 64 18 32 | 8 # m=7 sets=[[0,2,5,6],[1,2,3,6],[1,4,5,6],[3,4,5,6]]
GMFAIL 2,5,8,4 2,4,7,10 1,6,4,8 5,4,8,2 | 5 64 18 32 | 8 # m=7 sets=[[0,2,5,6],[1,2,3,6],[1,4,5,6],[3,4,5,6]]
GMFAIL 2,5,8,4 2,4,7,10 2,5,4,8 5,4,8,2 | 5 64 18 32 | 8 # m=7 sets=[[0,2,5,6],[1,2,3,6],[1,4,5,6],[3,4,5,6]]
GMFAIL 2,5,8,4 2,4,7,10 2,7,4,10 5,4,8,2 | 5 64 18 32 | 8 # m=7 sets=[[0,2,5,6],[1,2,3,6],[1,4,5,6],[3,4,5,6]]
GMFAIL 2,5,8,4 2,4,7,10 2,7,6,10 5,4,8,2 | 5 64 18 32 | 8 # m=7 sets=[[0,2,5,6],[1,2,3,6],[1,4,5,6],[3,4,5,6]]
GMFAIL 2,5,8,4 2,4,7,10 1,6,4,8 6,4,8,1 | 5 64 18 32 | 8 # m=7 sets=[[0,2,5,6],[1,2,3,6],[1,4,5,6],[3,4,5,6]]
GMFAIL 2,5,8,4 2,4,7,10 2,5,4,8 6,4,8,1 | 5 64 18 32 | 8 # m=7 sets=[[0,2,5,6],[1,2,3,6],[1,4,5,6],[3,4,5,6]]
GMFAIL 2,5,8,4 2,4,7,10 2,7,4,10 6,4,8,1 | 5 64 18 32 | 8 # m=7 sets=[[0,2,5,6],[1,2,3,6],[1,4,5,6],[3,4,5,6]]
GMFAIL 2,5,8,4 2,4,7,10 2,7,6,10 6,4,8,1 | 5 64 18 32 | 8 # m=7 sets=[[0,2,5,6],[1,2,3,6],[1,4,5,6],[3,4,5,6]]
GMFAIL 2,5,8,4 2,4,7,10 1,6,4,8 7,4,10,2 | 5 64 18 32 | 8 # m=7 sets=[[0,2,5,6],[1,2,3,6],[1,4,5,6],[3,4,5,6]]
GMFAIL 2,5,8,4 2,4,7,10 2,5,4,8 7,4,10,2 | 5 64 18 32 | 8 # m=7 sets=[[0,2,5,6],[1,2,3,6],[1,4,5,6],[3,4,5,6]]
GMFAIL 2,5,8,4 2,4,7,10 2,7,4,10 7,4,10,2 | 5 64 18 32 | 8 # m=7 sets=[[0,2,5,6],[1,2,3,6],[1,4,5,6],[3,4,5,6]]
GMFAIL 2,5,8,4 2,4,7,10 2,7,6,10 7,4,10,2 | 5 64 18 32 | 8 # m=7 sets=[[0,2,5,6],[1,2,3,6],[1,4,5,6],[3,4,5,6]]
GMFAIL 2,5,8,4 2,4,7,10 1,6,4,8 7,6,10,2 | 5 64 18 32 | 8 # m=7 sets=[[0,2,5,6],[1,2,3,6],[1,4,5,6],[3,4,5,6]]
GMFAIL 2,5,8,4 2,4,7,10 2,5,4,8 7,6,10,2 | 5 64 18 32 | 8 # m=7 sets=[[0,2,5,6],[1,2,3,6],[1,4,5,6],[3,4,5,6]]
GMFAIL 2,5,8,4 2,4,7,10 2,7,4,10 7,6,10,2 | 5 64 18 32 | 8 # m=7 sets=[[0,2,5,6],[1,2,3,6],[1,4,5,6],[3,4,5,6]]
GMFAIL 2,5,8,4 2,4,7,10 2,7,6,10 7,6,10,2 | 5 64 18 32 | 8 # m=7 sets=[[0,2,5,6],[1,2,3,6],[1,4,5,6],[3,4,5,6]]
GMFAIL 1,6,8,4 1,6,4,8 4,5,2,8 5,4,8,2 | 5 18 64 32 | 8 # m=7 sets=[[0,2,5,6],[1,4,5,6],[2,3,4,6],[3,4,5,6]]
GMFAIL 2,5,8,4 1,6,4,8 4,5,2,8 5,4,8,2 | 5 18 64 32 | 8 # m=7 sets=[[0,2,5,6],[1,4,5,6],[2,3,4,6],[3,4,5,6]]
GMFAIL 2,7,10,4 1,6,4,8 4,5,2,8 5,4,8,2 | 5 18 64 32 | 8 # m=7 sets=[[0,2,5,6],[1,4,5,6],[2,3,4,6],[3,4,5,6]]
GMFAIL 2,7,10,6 1,6,4,8 4,5,2,8 5,4,8,2 | 5 18 64 32 | 8 # m=7 sets=[[0,2,5,6],[1,4,5,6],[2,3,4,6],[3,4,5,6]]
GMFAIL 1,6,8,4 2,5,4,8 4,5,2,8 5,4,8,2 | 5 18 64 32 | 8 # m=7 sets=[[0,2,5,6],[1,4,5,6],[2,3,4,6],[3,4,5,6]]
GMFAIL 2,5,8,4 2,5,4,8 4,5,2,8 5,4,8,2 | 5 18 64 32 | 8 # m=7 sets=[[0,2,5,6],[1,4,5,6],[2,3,4,6],[3,4,5,6]]
GMFAIL 2,7,10,4 2,5,4,8 4,5,2,8 5,4,8,2 | 5 18 64 32 | 8 # m=7 sets=[[0,2,5,6],[1,4,5,6],[2,3,4,6],[3,4,5,6]]
GMFAIL 2,7,10,6 2,5,4,8 4,5,2,8 5,4,8,2 | 5 18 64 32 | 8 # m=7 sets=[[0,2,5,6],[1,4,5,6],[2,3,4,6],[3,4,5,6]]
GMFAIL 1,6,8,4 2,7,4,10 4,5,2,8 5,4,8,2 | 5 18 64 32 | 8 # m=7 sets=[[0,2,5,6],[1,4,5,6],[2,3,4,6],[3,4,5,6]]
GMFAIL 2,5,8,4 2,7,4,10 4,5,2,8 5,4,8,2 | 5 18 64 32 | 8 # m=7 sets=[[0,2,5,6],[1,4,5,6],[2,3,4,6],[3,4,5,6]]
GMFAIL 2,7,10,4 2,7,4,10 4,5,2,8 5,4,8,2 | 5 18 64 32 | 8 # m=7 sets=[[0,2,5,6],[1,4,5,6],[2,3,4,6],[3,4,5,6]]
GMFAIL 2,7,10,6 2,7,4,10 4,5,2,8 5,4,8,2 | 5 18 64 32 | 8 # m=7 sets=[[0,2,5,6],[1,4,5,6],[2,3,4,6],[3,4,5,6]]
GMFAIL 1,6,8,4 2,7,6,10 4,5,2,8 5,4,8,2 | 5 18 64 32 | 8 # m=7 sets=[[0,2,5,6],[1,4,5,6],[2,3,4,6],[3,4,5,6]]
GMFAIL 2,5,8,4 2,7,6,10 4,5,2,8 5,4,8,2 | 5 18 64 32 | 8 # m=7 sets=[[0,2,5,6],[1,4,5,6],[2,3,4,6],[3,4,5,6]]
GMFAIL 2,7,10,4 2,7,6,10 4,5,2,8 5,4,8,2 | 5 18 64 32 | 8 # m=7 sets=[[0,2,5,6],[1,4,5,6],[2,3,4,6],[3,4,5,6]]
GMFAIL 2,7,10,6 2,7,6,10 4,5,2,8 5,4,8,2 | 5 18 64 32 | 8 # m=7 sets=[[0,2,5,6],[1,4,5,6],[2,3,4,6],[3,4,5,6]]
GMFAIL 1,6,8,4 2,5,4,8 4,5,2,8 5,4,8,2 | 5 18 64 32 | 8 # m=7 sets=[[0,2,5,6],[1,4,5,6],[2,3,4,6],[3,4,5,6]]
GMFAIL 2,5,8,4 2,5,4,8 4,5,2,8 5,4,8,2 | 5 18 64 32 | 8 # m=7 sets=[[0,2,5,6],[1,4,5,6],[2,3,4,6],[3,4,5,6]]
GMFAIL 2,7,10,4 2,5,4,8 4,5,2,8 5,4,8,2 | 5 18 64 32 | 8 # m=7 sets=[[0,2,5,6],[1,4,5,6],[2,3,4,6],[3,4,5,6]]
GMFAIL 2,7,10,6 2,5,4,8 4,5,2,8 5,4,8,2 | 5 18 64 32 | 8 # m=7 sets=[[0,2,5,6],[1,4,5,6],[2,3,4,6],[3,4,5,6]]
GMFAIL 1,6,8,4 2,5,4,8 4,6,1,8 5,4,8,2 | 5 18 64 32 | 8 # m=7 sets=[[0,2,5,6],[1,4,5,6],[2,3,4,6],[3,4,5,6]]
GMFAIL 2,5,8,4 2,5,4,8 4,6,1,8 5,4,8,2 | 5 18 64 32 | 8 # m=7 sets=[[0,2,5,6],[1,4,5,6],[2,3,4,6],[3,4,5,6]]
GMFAIL 2,7,10,4 2,5,4,8 4,6,1,8 5,4,8,2 | 5 18 64 32 | 8 # m=7 sets=[[0,2,5,6],[1,4,5,6],[2,3,4,6],[3,4,5,6]]
GMFAIL 2,7,10,6 2,5,4,8 4,6,1,8 5,4,8,2 | 5 18 64 32 | 8 # m=7 sets=[[0,2,5,6],[1,4,5,6],[2,3,4,6],[3,4,5,6]]
GMFAIL 1,6,8,4 2,5,4,8 4,7,2,10 5,4,8,2 | 5 18 64 32 | 8 # m=7 sets=[[0,2,5,6],[1,4,5,6],[2,3,4,6],[3,4,5,6]]
GMFAIL 2,5,8,4 2,5,4,8 4,7,2,10 5,4,8,2 | 5 18 64 32 | 8 # m=7 sets=[[0,2,5,6],[1,4,5,6],[2,3,4,6],[3,4,5,6]]
GMFAIL 2,7,10,4 2,5,4,8 4,7,2,10 5,4,8,2 | 5 18 64 32 | 8 # m=7 sets=[[0,2,5,6],[1,4,5,6],[2,3,4,6],[3,4,5,6]]
GMFAIL 2,7,10,6 2,5,4,8 4,7,2,10 5,4,8,2 | 5 18 64 32 | 8 # m=7 sets=[[0,2,5,6],[1,4,5,6],[2,3,4,6],[3,4,5,6]]
GMFAIL 1,6,8,4 2,5,4,8 6,7,2,10 5,4,8,2 | 5 18 64 32 | 8 # m=7 sets=[[0,2,5,6],[1,4,5,6],[2,3,4,6],[3,4,5,6]]
GMFAIL 2,5,8,4 2,5,4,8 6,7,2,10 5,4,8,2 | 5 18 64 32 | 8 # m=7 sets=[[0,2,5,6],[1,4,5,6],[2,3,4,6],[3,4,5,6]]
GMFAIL 2,7,10,4 2,5,4,8 6,7,2,10 5,4,8,2 | 5 18 64 32 | 8 # m=7 sets=[[0,2,5,6],[1,4,5,6],[2,3,4,6],[3,4,5,6]]
GMFAIL 2,7,10,6 2,5,4,8 6,7,2,10 5,4,8,2 | 5 18 64 32 | 8 # m=7 sets=[[0,2,5,6],[1,4,5,6],[2,3,4,6],[3,4,5,6]]
GMFAIL 1,6,8,4 2,5,4,8 4,5,2,8 5,4,8,2 | 5 18 64 32 | 8 # m=7 sets=[[0,2,5,6],[1,4,5,6],[2,3,4,6],[3,4,5,6]]
GMFAIL 2,5,8,4 2,5,4,8 4,5,2,8 5,4,8,2 | 5 18 64 32 | 8 # m=7 sets=[[0,2,5,6],[1,4,5,6],[2,3,4,6],[3,4,5,6]]
GMFAIL 2,7,10,4 2,5,4,8 4,5,2,8 5,4,8,2 | 5 18 64 32 | 8 # m=7 sets=[[0,2,5,6],[1,4,5,6],[2,3,4,6],[3,4,5,6]]
GMFAIL 2,7,10,6 2,5,4,8 4,5,2,8 5,4,8,2 | 5 18 64 32 | 8 # m=7 sets=[[0,2,5,6],[1,4,5,6],[2,3,4,6],[3,4,5,6]]
GMFAIL 1,6,8,4 2,5,4,8 4,5,2,8 6,4,8,1 | 5 18 64 32 | 8 # m=7 sets=[[0,2,5,6],[1,4,5,6],[2,3,4,6],[3,4,5,6]]
GMFAIL 2,5,8,4 2,5,4,8 4,5,2,8 6,4,8,1 | 5 18 64 32 | 8 # m=7 sets=[[0,2,5,6],[1,4,5,6],[2,3,4,6],[3,4,5,6]]
GMFAIL 2,7,10,4 2,5,4,8 4,5,2,8 6,4,8,1 | 5 18 64 32 | 8 # m=7 sets=[[0,2,5,6],[1,4,5,6],[2,3,4,6],[3,4,5,6]]
GMFAIL 2,7,10,6 2,5,4,8 4,5,2,8 6,4,8,1 | 5 18 64 32 | 8 # m=7 sets=[[0,2,5,6],[1,4,5,6],[2,3,4,6],[3,4,5,6]]
GMFAIL 1,6,8,4 2,5,4,8 4,5,2,8 7,4,10,2 | 5 18 64 32 | 8 # m=7 sets=[[0,2,5,6],[1,4,5,6],[2,3,4,6],[3,4,5,6]]
GMFAIL 2,5,8,4 2,5,4,8 4,5,2,8 7,4,10,2 | 5 18 64 32 | 8 # m=7 sets=[[0,2,5,6],[1,4,5,6],[2,3,4,6],[3,4,5,6]]
GMFAIL 2,7,10,4 2,5,4,8 4,5,2,8 7,4,10,2 | 5 18 64 32 | 8 # m=7 sets=[[0,2,5,6],[1,4,5,6],[2,3,4,6],[3,4,5,6]]
GMFAIL 2,7,10,6 2,5,4,8 4,5,2,8 7,4,10,2 | 5 18 64 32 | 8 # m=7 sets=[[0,2,5,6],[1,4,5,6],[2,3,4,6],[3,4,5,6]]
GMFAIL 1,6,8,4 2,5,4,8 4,5,2,8 7,6,10,2 | 5 18 64 32 | 8 # m=7 sets=[[0,2,5,6],[1,4,5,6],[2,3,4,6],[3,4,5,6]]
GMFAIL 2,5,8,4 2,5,4,8 4,5,2,8 7,6,10,2 | 5 18 64 32 | 8 # m=7 sets=[[0,2,5,6],[1,4,5,6],[2,3,4,6],[3,4,5,6]]
GMFAIL 2,7,10,4 2,5,4,8 4,5,2,8 7,6,10,2 | 5 18 64 32 | 8 # m=7 sets=[[0,2,5,6],[1,4,5,6],[2,3,4,6],[3,4,5,6]]
GMFAIL 2,7,10,6 2,5,4,8 4,5,2,8 7,6,10,2 | 5 18 64 32 | 8 # m=7 sets=[[0,2,5,6],[1,4,5,6],[2,3,4,6],[3,4,5,6]]
GMFAIL 2,5,8,4 1,6,4,8 4,5,2,8 5,4,8,2 | 5 18 64 32 | 8 # m=7 sets=[[0,2,5,6],[1,4,5,6],[2,3,4,6],[3,4,5,6]]
GMFAIL 2,5,8,4 2,5,4,8 4,5,2,8 5,4,8,2 | 5 18 64 32 | 8 # m=7 sets=[[0,2,5,6],[1,4,5,6],[2,3,4,6],[3,4,5,6]]
GMFAIL 2,5,8,4 2,7,4,10 4,5,2,8 5,4,8,2 | 5 18 64 32 | 8 # m=7 sets=[[0,2,5,6],[1,4,5,6],[2,3,4,6],[3,4,5,6]]
GMFAIL 2,5,8,4 2,7,6,10 4,5,2,8 5,4,8,2 | 5 18 64 32 | 8 # m=7 sets=[[0,2,5,6],[1,4,5,6],[2,3,4,6],[3,4,5,6]]
GMFAIL 2,5,8,4 1,6,4,8 4,6,1,8 5,4,8,2 | 5 18 64 32 | 8 # m=7 sets=[[0,2,5,6],[1,4,5,6],[2,3,4,6],[3,4,5,6]]
GMFAIL 2,5,8,4 2,5,4,8 4,6,1,8 5,4,8,2 | 5 18 64 32 | 8 # m=7 sets=[[0,2,5,6],[1,4,5,6],[2,3,4,6],[3,4,5,6]]
GMFAIL 2,5,8,4 2,7,4,10 4,6,1,8 5,4,8,2 | 5 18 64 32 | 8 # m=7 sets=[[0,2,5,6],[1,4,5,6],[2,3,4,6],[3,4,5,6]]
GMFAIL 2,5,8,4 2,7,6,10 4,6,1,8 5,4,8,2 | 5 18 64 32 | 8 # m=7 sets=[[0,2,5,6],[1,4,5,6],[2,3,4,6],[3,4,5,6]]
GMFAIL 2,5,8,4 1,6,4,8 4,7,2,10 5,4,8,2 | 5 18 64 32 | 8 # m=7 sets=[[0,2,5,6],[1,4,5,6],[2,3,4,6],[3,4,5,6]]
GMFAIL 2,5,8,4 2,5,4,8 4,7,2,10 5,4,8,2 | 5 18 64 32 | 8 # m=7 sets=[[0,2,5,6],[1,4,5,6],[2,3,4,6],[3,4,5,6]]
GMFAIL 2,5,8,4 2,7,4,10 4,7,2,10 5,4,8,2 | 5 18 64 32 | 8 # m=7 sets=[[0,2,5,6],[1,4,5,6],[2,3,4,6],[3,4,5,6]]
GMFAIL 2,5,8,4 2,7,6,10 4,7,2,10 5,4,8,2 | 5 18 64 32 | 8 # m=7 sets=[[0,2,5,6],[1,4,5,6],[2,3,4,6],[3,4,5,6]]
GMFAIL 2,5,8,4 1,6,4,8 6,7,2,10 5,4,8,2 | 5 18 64 32 | 8 # m=7 sets=[[0,2,5,6],[1,4,5,6],[2,3,4,6],[3,4,5,6]]
GMFAIL 2,5,8,4 2,5,4,8 6,7,2,10 5,4,8,2 | 5 18 64 32 | 8 # m=7 sets=[[0,2,5,6],[1,4,5,6],[2,3,4,6],[3,4,5,6]]
GMFAIL 2,5,8,4 2,7,4,10 6,7,2,10 5,4,8,2 | 5 18 64 32 | 8 # m=7 sets=[[0,2,5,6],[1,4,5,6],[2,3,4,6],[3,4,5,6]]
GMFAIL 2,5,8,4 2,7,6,10 6,7,2,10 5,4,8,2 | 5 18 64 32 | 8 # m=7 sets=[[0,2,5,6],[1,4,5,6],[2,3,4,6],[3,4,5,6]]
GMFAIL 2,5,8,4 2,5,4,8 4,5,2,8 5,4,8,2 | 5 18 64 32 | 8 # m=7 sets=[[0,2,5,6],[1,4,5,6],[2,3,4,6],[3,4,5,6]]
GMFAIL 2,5,8,4 2,5,4,8 4,6,1,8 5,4,8,2 | 5 18 64 32 | 8 # m=7 sets=[[0,2,5,6],[1,4,5,6],[2,3,4,6],[3,4,5,6]]
GMFAIL 2,5,8,4 2,5,4,8 4,7,2,10 5,4,8,2 | 5 18 64 32 | 8 # m=7 sets=[[0,2,5,6],[1,4,5,6],[2,3,4,6],[3,4,5,6]]
GMFAIL 2,5,8,4 2,5,4,8 6,7,2,10 5,4,8,2 | 5 18 64 32 | 8 # m=7 sets=[[0,2,5,6],[1,4,5,6],[2,3,4,6],[3,4,5,6]]
GMFAIL 2,5,8,4 2,5,4,8 4,5,2,8 6,4,8,1 | 5 18 64 32 | 8 # m=7 sets=[[0,2,5,6],[1,4,5,6],[2,3,4,6],[3,4,5,6]]
GMFAIL 2,5,8,4 2,5,4,8 4,6,1,8 6,4,8,1 | 5 18 64 32 | 8 # m=7 sets=[[0,2,5,6],[1,4,5,6],[2,3,4,6],[3,4,5,6]]
GMFAIL 2,5,8,4 2,5,4,8 4,7,2,10 6,4,8,1 | 5 18 64 32 | 8 # m=7 sets=[[0,2,5,6],[1,4,5,6],[2,3,4,6],[3,4,5,6]]
GMFAIL 2,5,8,4 2,5,4,8 6,7,2,10 6,4,8,1 | 5 18 64 32 | 8 # m=7 sets=[[0,2,5,6],[1,4,5,6],[2,3,4,6],[3,4,5,6]]
GMFAIL 2,5,8,4 2,5,4,8 4,5,2,8 7,4,10,2 | 5 18 64 32 | 8 # m=7 sets=[[0,2,5,6],[1,4,5,6],[2,3,4,6],[3,4,5,6]]
GMFAIL 2,5,8,4 2,5,4,8 4,6,1,8 7,4,10,2 | 5 18 64 32 | 8 # m=7 sets=[[0,2,5,6],[1,4,5,6],[2,3,4,6],[3,4,5,6]]
GMFAIL 2,5,8,4 2,5,4,8 4,7,2,10 7,4,10,2 | 5 18 64 32 | 8 # m=7 sets=[[0,2,5,6],[1,4,5,6],[2,3,4,6],[3,4,5,6]]
GMFAIL 2,5,8,4 2,5,4,8 6,7,2,10 7,4,10,2 | 5 18 64 32 | 8 # m=7 sets=[[0,2,5,6],[1,4,5,6],[2,3,4,6],[3,4,5,6]]
GMFAIL 2,5,8,4 2,5,4,8 4,5,2,8 7,6,10,2 | 5 18 64 32 | 8 # m=7 sets=[[0,2,5,6],[1,4,5,6],[2,3,4,6],[3,4,5,6]]
GMFAIL 2,5,8,4 2,5,4,8 4,6,1,8 7,6,10,2 | 5 18 64 32 | 8 # m=7 sets=[[0,2,5,6],[1,4,5,6],[2,3,4,6],[3,4,5,6]]
GMFAIL 2,5,8,4 2,5,4,8 4,7,2,10 7,6,10,2 | 5 18 64 32 | 8 # m=7 sets=[[0,2,5,6],[1,4,5,6],[2,3,4,6],[3,4,5,6]]
GMFAIL 2,5,8,4 2,5,4,8 6,7,2,10 7,6,10,2 | 5 18 64 32 | 8 # m=7 sets=[[0,2,5,6],[1,4,5,6],[2,3,4,6],[3,4,5,6]]
GMFAIL 2,5,8,4 1,6,4,8 4,5,2,8 5,4,8,2 | 5 18 64 32 | 8 # m=7 sets=[[0,2,5,6],[1,4,5,6],[2,3,4,6],[3,4,5,6]]
GMFAIL 2,5,8,4 2,5,4,8 4,5,2,8 5,4,8,2 | 5 18 64 32 | 8 # m=7 sets=[[0,2,5,6],[1,4,5,6],[2,3,4,6],[3,4,5,6]]
GMFAIL 2,5,8,4 2,7,4,10 4,5,2,8 5,4,8,2 | 5 18 64 32 | 8 # m=7 sets=[[0,2,5,6],[1,4,5,6],[2,3,4,6],[3,4,5,6]]
GMFAIL 2,5,8,4 2,7,6,10 4,5,2,8 5,4,8,2 | 5 18 64 32 | 8 # m=7 sets=[[0,2,5,6],[1,4,5,6],[2,3,4,6],[3,4,5,6]]
GMFAIL 2,5,8,4 1,6,4,8 4,5,2,8 6,4,8,1 | 5 18 64 32 | 8 # m=7 sets=[[0,2,5,6],[1,4,5,6],[2,3,4,6],[3,4,5,6]]
GMFAIL 2,5,8,4 2,5,4,8 4,5,2,8 6,4,8,1 | 5 18 64 32 | 8 # m=7 sets=[[0,2,5,6],[1,4,5,6],[2,3,4,6],[3,4,5,6]]
GMFAIL 2,5,8,4 2,7,4,10 4,5,2,8 6,4,8,1 | 5 18 64 32 | 8 # m=7 sets=[[0,2,5,6],[1,4,5,6],[2,3,4,6],[3,4,5,6]]
GMFAIL 2,5,8,4 2,7,6,10 4,5,2,8 6,4,8,1 | 5 18 64 32 | 8 # m=7 sets=[[0,2,5,6],[1,4,5,6],[2,3,4,6],[3,4,5,6]]
GMFAIL 2,5,8,4 1,6,4,8 4,5,2,8 7,4,10,2 | 5 18 64 32 | 8 # m=7 sets=[[0,2,5,6],[1,4,5,6],[2,3,4,6],[3,4,5,6]]
GMFAIL 2,5,8,4 2,5,4,8 4,5,2,8 7,4,10,2 | 5 18 64 32 | 8 # m=7 sets=[[0,2,5,6],[1,4,5,6],[2,3,4,6],[3,4,5,6]]
GMFAIL 2,5,8,4 2,7,4,10 4,5,2,8 7,4,10,2 | 5 18 64 32 | 8 # m=7 sets=[[0,2,5,6],[1,4,5,6],[2,3,4,6],[3,4,5,6]]
GMFAIL 2,5,8,4 2,7,6,10 4,5,2,8 7,4,10,2 | 5 18 64 32 | 8 # m=7 sets=[[0,2,5,6],[1,4,5,6],[2,3,4,6],[3,4,5,6]]
GMFAIL 2,5,8,4 1,6,4,8 4,5,2,8 7,6,10,2 | 5 18 64 32 | 8 # m=7 sets=[[0,2,5,6],[1,4,5,6],[2,3,4,6],[3,4,5,6]]
GMFAIL 2,5,8,4 2,5,4,8 4,5,2,8 7,6,10,2 | 5 18 64 32 | 8 # m=7 sets=[[0,2,5,6],[1,4,5,6],[2,3,4,6],[3,4,5,6]]
GMFAIL 2,5,8,4 2,7,4,10 4,5,2,8 7,6,10,2 | 5 18 64 32 | 8 # m=7 sets=[[0,2,5,6],[1,4,5,6],[2,3,4,6],[3,4,5,6]]
GMFAIL 2,5,8,4 2,7,6,10 4,5,2,8 7,6,10,2 | 5 18 64 32 | 8 # m=7 sets=[[0,2,5,6],[1,4,5,6],[2,3,4,6],[3,4,5,6]]
GMFAIL 1,6,8,4 1,6,4,8 4,5,2,8 5,4,8,2 | 5 18 64 32 | 8 # m=7 sets=[[0,2,5,6],[1,4,5,6],[2,3,4,6],[3,4,5,6]]
GMFAIL 2,5,8,4 1,6,4,8 4,5,2,8 5,4,8,2 | 5 18 64 32 | 8 # m=7 sets=[[0,2,5,6],[1,4,5,6],[2,3,4,6],[3,4,5,6]]
GMFAIL 2,7,10,4 1,6,4,8 4,5,2,8 5,4,8,2 | 5 18 64 32 | 8 # m=7 sets=[[0,2,5,6],[1,4,5,6],[2,3,4,6],[3,4,5,6]]
GMFAIL 2,7,10,6 1,6,4,8 4,5,2,8 5,4,8,2 | 5 18 64 32 | 8 # m=7 sets=[[0,2,5,6],[1,4,5,6],[2,3,4,6],[3,4,5,6]]
GMFAIL 1,6,8,4 2,5,4,8 4,5,2,8 5,4,8,2 | 5 18 64 32 | 8 # m=7 sets=[[0,2,5,6],[1,4,5,6],[2,3,4,6],[3,4,5,6]]
GMFAIL 2,5,8,4 2,5,4,8 4,5,2,8 5,4,8,2 | 5 18 64 32 | 8 # m=7 sets=[[0,2,5,6],[1,4,5,6],[2,3,4,6],[3,4,5,6]]
GMFAIL 2,7,10,4 2,5,4,8 4,5,2,8 5,4,8,2 | 5 18 64 32 | 8 # m=7 sets=[[0,2,5,6],[1,4,5,6],[2,3,4,6],[3,4,5,6]]
GMFAIL 2,7,10,6 2,5,4,8 4,5,2,8 5,4,8,2 | 5 18 64 32 | 8 # m=7 sets=[[0,2,5,6],[1,4,5,6],[2,3,4,6],[3,4,5,6]]
GMFAIL 1,6,8,4 2,7,4,10 4,5,2,8 5,4,8,2 | 5 18 64 32 | 8 # m=7 sets=[[0,2,5,6],[1,4,5,6],[2,3,4,6],[3,4,5,6]]
GMFAIL 2,5,8,4 2,7,4,10 4,5,2,8 5,4,8,2 | 5 18 64 32 | 8 # m=7 sets=[[0,2,5,6],[1,4,5,6],[2,3,4,6],[3,4,5,6]]
GMFAIL 2,7,10,4 2,7,4,10 4,5,2,8 5,4,8,2 | 5 18 64 32 | 8 # m=7 sets=[[0,2,5,6],[1,4,5,6],[2,3,4,6],[3,4,5,6]]
GMFAIL 2,7,10,6 2,7,4,10 4,5,2,8 5,4,8,2 | 5 18 64 32 | 8 # m=7 sets=[[0,2,5,6],[1,4,5,6],[2,3,4,6],[3,4,5,6]]
GMFAIL 1,6,8,4 2,7,6,10 4,5,2,8 5,4,8,2 | 5 18 64 32 | 8 # m=7 sets=[[0,2,5,6],[1,4,5,6],[2,3,4,6],[3,4,5,6]]
GMFAIL 2,5,8,4 2,7,6,10 4,5,2,8 5,4,8,2 | 5 18 64 32 | 8 # m=7 sets=[[0,2,5,6],[1,4,5,6],[2,3,4,6],[3,4,5,6]]
GMFAIL 2,7,10,4 2,7,6,10 4,5,2,8 5,4,8,2 | 5 18 64 32 | 8 # m=7 sets=[[0,2,5,6],[1,4,5,6],[2,3,4,6],[3,4,5,6]]
GMFAIL 2,7,10,6 2,7,6,10 4,5,2,8 5,4,8,2 | 5 18 64 32 | 8 # m=7 sets=[[0,2,5,6],[1,4,5,6],[2,3,4,6],[3,4,5,6]]
GMFAIL 1,6,8,4 2,7,4,10 4,5,2,8 5,4,8,2 | 5 18 64 32 | 8 # m=7 sets=[[0,2,5,6],[1,4,5,6],[2,3,4,6],[3,4,5,6]]
GMFAIL 2,5,8,4 2,7,4,10 4,5,2,8 5,4,8,2 | 5 18 64 32 | 8 # m=7 sets=[[0,2,5,6],[1,4,5,6],[2,3,4,6],[3,4,5,6]]
GMFAIL 2,7,10,4 2,7,4,10 4,5,2,8 5,4,8,2 | 5 18 64 32 | 8 # m=7 sets=[[0,2,5,6],[1,4,5,6],[2,3,4,6],[3,4,5,6]]
GMFAIL 2,7,10,6 2,7,4,10 4,5,2,8 5,4,8,2 | 5 18 64 32 | 8 # m=7 sets=[[0,2,5,6],[1,4,5,6],[2,3,4,6],[3,4,5,6]]
GMFAIL 1,6,8,4 2,7,4,10 4,6,1,8 5,4,8,2 | 5 18 64 32 | 8 # m=7 sets=[[0,2,5,6],[1,4,5,6],[2,3,4,6],[3,4,5,6]]
GMFAIL 2,5,8,4 2,7,4,10 4,6,1,8 5,4,8,2 | 5 18 64 32 | 8 # m=7 sets=[[0,2,5,6],[1,4,5,6],[2,3,4,6],[3,4,5,6]]
GMFAIL 2,7,10,4 2,7,4,10 4,6,1,8 5,4,8,2 | 5 18 64 32 | 8 # m=7 sets=[[0,2,5,6],[1,4,5,6],[2,3,4,6],[3,4,5,6]]
GMFAIL 2,7,10,6 2,7,4,10 4,6,1,8 5,4,8,2 | 5 18 64 32 | 8 # m=7 sets=[[0,2,5,6],[1,4,5,6],[2,3,4,6],[3,4,5,6]]
GMFAIL 1,6,8,4 2,7,4,10 4,7,2,10 5,4,8,2 | 5 18 64 32 | 8 # m=7 sets=[[0,2,5,6],[1,4,5,6],[2,3,4,6],[3,4,5,6]]
GMFAIL 2,5,8,4 2,7,4,10 4,7,2,10 5,4,8,2 | 5 18 64 32 | 8 # m=7 sets=[[0,2,5,6],[1,4,5,6],[2,3,4,6],[3,4,5,6]]
GMFAIL 2,7,10,4 2,7,4,10 4,7,2,10 5,4,8,2 | 5 18 64 32 | 8 # m=7 sets=[[0,2,5,6],[1,4,5,6],[2,3,4,6],[3,4,5,6]]
GMFAIL 2,7,10,6 2,7,4,10 4,7,2,10 5,4,8,2 | 5 18 64 32 | 8 # m=7 sets=[[0,2,5,6],[1,4,5,6],[2,3,4,6],[3,4,5,6]]
GMFAIL 1,6,8,4 2,7,4,10 6,7,2,10 5,4,8,2 | 5 18 64 32 | 8 # m=7 sets=[[0,2,5,6],[1,4,5,6],[2,3,4,6],[3,4,5,6]]
GMFAIL 2,5,8,4 2,7,4,10 6,7,2,10 5,4,8,2 | 5 18 64 32 | 8 # m=7 sets=[[0,2,5,6],[1,4,5,6],[2,3,4,6],[3,4,5,6]]
GMFAIL 2,7,10,4 2,7,4,10 6,7,2,10 5,4,8,2 | 5 18 64 32 | 8 # m=7 sets=[[0,2,5,6],[1,4,5,6],[2,3,4,6],[3,4,5,6]]
GMFAIL 2,7,10,6 2,7,4,10 6,7,2,10 5,4,8,2 | 5 18 64 32 | 8 # m=7 sets=[[0,2,5,6],[1,4,5,6],[2,3,4,6],[3,4,5,6]]
GMFAIL 1,6,8,4 2,7,4,10 4,5,2,8 5,4,8,2 | 5 18 64 32 | 8 # m=7 sets=[[0,2,5,6],[1,4,5,6],[2,3,4,6],[3,4,5,6]]
GMFAIL 2,5,8,4 2,7,4,10 4,5,2,8 5,4,8,2 | 5 18 64 32 | 8 # m=7 sets=[[0,2,5,6],[1,4,5,6],[2,3,4,6],[3,4,5,6]]
GMFAIL 2,7,10,4 2,7,4,10 4,5,2,8 5,4,8,2 | 5 18 64 32 | 8 # m=7 sets=[[0,2,5,6],[1,4,5,6],[2,3,4,6],[3,4,5,6]]
GMFAIL 2,7,10,6 2,7,4,10 4,5,2,8 5,4,8,2 | 5 18 64 32 | 8 # m=7 sets=[[0,2,5,6],[1,4,5,6],[2,3,4,6],[3,4,5,6]]
GMFAIL 1,6,8,4 2,7,4,10 4,5,2,8 6,4,8,1 | 5 18 64 32 | 8 # m=7 sets=[[0,2,5,6],[1,4,5,6],[2,3,4,6],[3,4,5,6]]
GMFAIL 2,5,8,4 2,7,4,10 4,5,2,8 6,4,8,1 | 5 18 64 32 | 8 # m=7 sets=[[0,2,5,6],[1,4,5,6],[2,3,4,6],[3,4,5,6]]
GMFAIL 2,7,10,4 2,7,4,10 4,5,2,8 6,4,8,1 | 5 18 64 32 | 8 # m=7 sets=[[0,2,5,6],[1,4,5,6],[2,3,4,6],[3,4,5,6]]
GMFAIL 2,7,10,6 2,7,4,10 4,5,2,8 6,4,8,1 | 5 18 64 32 | 8 # m=7 sets=[[0,2,5,6],[1,4,5,6],[2,3,4,6],[3,4,5,6]]
GMFAIL 1,6,8,4 2,7,4,10 4,5,2,8 7,4,10,2 | 5 18 64 32 | 8 # m=7 sets=[[0,2,5,6],[1,4,5,6],[2,3,4,6],[3,4,5,6]]
GMFAIL 2,5,8,4 2,7,4,10 4,5,2,8 7,4,10,2 | 5 18 64 32 | 8 # m=7 sets=[[0,2,5,6],[1,4,5,6],[2,3,4,6],[3,4,5,6]]
GMFAIL 2,7,10,4 2,7,4,10 4,5,2,8 7,4,10,2 | 5 18 64 32 | 8 # m=7 sets=[[0,2,5,6],[1,4,5,6],[2,3,4,6],[3,4,5,6]]
GMFAIL 2,7,10,6 2,7,4,10 4,5,2,8 7,4,10,2 | 5 18 64 32 | 8 # m=7 sets=[[0,2,5,6],[1,4,5,6],[2,3,4,6],[3,4,5,6]]
GMFAIL 1,6,8,4 2,7,4,10 4,5,2,8 7,6,10,2 | 5 18 64 32 | 8 # m=7 sets=[[0,2,5,6],[1,4,5,6],[2,3,4,6],[3,4,5,6]]
GMFAIL 2,5,8,4 2,7,4,10 4,5,2,8 7,6,10,2 | 5 18 64 32 | 8 # m=7 sets=[[0,2,5,6],[1,4,5,6],[2,3,4,6],[3,4,5,6]]
GMFAIL 2,7,10,4 2,7,4,10 4,5,2,8 7,6,10,2 | 5 18 64 32 | 8 # m=7 sets=[[0,2,5,6],[1,4,5,6],[2,3,4,6],[3,4,5,6]]
GMFAIL 2,7,10,6 2,7,4,10 4,5,2,8 7,6,10,2 | 5 18 64 32 | 8 # m=7 sets=[[0,2,5,6],[1,4,5,6],[2,3,4,6],[3,4,5,6]]
GMFAIL 2,5,8,4 1,6,4,8 4,5,2,8 5,4,8,2 | 5 18 64 32 | 8 # m=7 sets=[[0,2,5,6],[1,4,5,6],[2,3,4,6],[3,4,5,6]]
GMFAIL 2,5,8,4 2,5,4,8 4,5,2,8 5,4,8,2 | 5 18 64 32 | 8 # m=7 sets=[[0,2,5,6],[1,4,5,6],[2,3,4,6],[3,4,5,6]]
GMFAIL 2,5,8,4 2,7,4,10 4,5,2,8 5,4,8,2 | 5 18 64 32 | 8 # m=7 sets=[[0,2,5,6],[1,4,5,6],[2,3,4,6],[3,4,5,6]]
GMFAIL 2,5,8,4 2,7,6,10 4,5,2,8 5,4,8,2 | 5 18 64 32 | 8 # m=7 sets=[[0,2,5,6],[1,4,5,6],[2,3,4,6],[3,4,5,6]]
GMFAIL 2,5,8,4 1,6,4,8 4,6,1,8 5,4,8,2 | 5 18 64 32 | 8 # m=7 sets=[[0,2,5,6],[1,4,5,6],[2,3,4,6],[3,4,5,6]]
GMFAIL 2,5,8,4 2,5,4,8 4,6,1,8 5,4,8,2 | 5 18 64 32 | 8 # m=7 sets=[[0,2,5,6],[1,4,5,6],[2,3,4,6],[3,4,5,6]]
GMFAIL 2,5,8,4 2,7,4,10 4,6,1,8 5,4,8,2 | 5 18 64 32 | 8 # m=7 sets=[[0,2,5,6],[1,4,5,6],[2,3,4,6],[3,4,5,6]]
GMFAIL 2,5,8,4 2,7,6,10 4,6,1,8 5,4,8,2 | 5 18 64 32 | 8 # m=7 sets=[[0,2,5,6],[1,4,5,6],[2,3,4,6],[3,4,5,6]]
GMFAIL 2,5,8,4 1,6,4,8 4,7,2,10 5,4,8,2 | 5 18 64 32 | 8 # m=7 sets=[[0,2,5,6],[1,4,5,6],[2,3,4,6],[3,4,5,6]]
GMFAIL 2,5,8,4 2,5,4,8 4,7,2,10 5,4,8,2 | 5 18 64 32 | 8 # m=7 sets=[[0,2,5,6],[1,4,5,6],[2,3,4,6],[3,4,5,6]]
GMFAIL 2,5,8,4 2,7,4,10 4,7,2,10 5,4,8,2 | 5 18 64 32 | 8 # m=7 sets=[[0,2,5,6],[1,4,5,6],[2,3,4,6],[3,4,5,6]]
GMFAIL 2,5,8,4 2,7,6,10 4,7,2,10 5,4,8,2 | 5 18 64 32 | 8 # m=7 sets=[[0,2,5,6],[1,4,5,6],[2,3,4,6],[3,4,5,6]]
GMFAIL 2,5,8,4 1,6,4,8 6,7,2,10 5,4,8,2 | 5 18 64 32 | 8 # m=7 sets=[[0,2,5,6],[1,4,5,6],[2,3,4,6],[3,4,5,6]]
GMFAIL 2,5,8,4 2,5,4,8 6,7,2,10 5,4,8,2 | 5 18 64 32 | 8 # m=7 sets=[[0,2,5,6],[1,4,5,6],[2,3,4,6],[3,4,5,6]]
GMFAIL 2,5,8,4 2,7,4,10 6,7,2,10 5,4,8,2 | 5 18 64 32 | 8 # m=7 sets=[[0,2,5,6],[1,4,5,6],[2,3,4,6],[3,4,5,6]]
GMFAIL 2,5,8,4 2,7,6,10 6,7,2,10 5,4,8,2 | 5 18 64 32 | 8 # m=7 sets=[[0,2,5,6],[1,4,5,6],[2,3,4,6],[3,4,5,6]]
GMFAIL 2,5,8,4 2,7,4,10 4,5,2,8 5,4,8,2 | 5 18 64 32 | 8 # m=7 sets=[[0,2,5,6],[1,4,5,6],[2,3,4,6],[3,4,5,6]]
GMFAIL 2,5,8,4 2,7,4,10 4,6,1,8 5,4,8,2 | 5 18 64 32 | 8 # m=7 sets=[[0,2,5,6],[1,4,5,6],[2,3,4,6],[3,4,5,6]]
GMFAIL 2,5,8,4 2,7,4,10 4,7,2,10 5,4,8,2 | 5 18 64 32 | 8 # m=7 sets=[[0,2,5,6],[1,4,5,6],[2,3,4,6],[3,4,5,6]]
GMFAIL 2,5,8,4 2,7,4,10 6,7,2,10 5,4,8,2 | 5 18 64 32 | 8 # m=7 sets=[[0,2,5,6],[1,4,5,6],[2,3,4,6],[3,4,5,6]]
GMFAIL 2,5,8,4 2,7,4,10 4,5,2,8 6,4,8,1 | 5 18 64 32 | 8 # m=7 sets=[[0,2,5,6],[1,4,5,6],[2,3,4,6],[3,4,5,6]]
GMFAIL 2,5,8,4 2,7,4,10 4,6,1,8 6,4,8,1 | 5 18 64 32 | 8 # m=7 sets=[[0,2,5,6],[1,4,5,6],[2,3,4,6],[3,4,5,6]]
GMFAIL 2,5,8,4 2,7,4,10 4,7,2,10 6,4,8,1 | 5 18 64 32 | 8 # m=7 sets=[[0,2,5,6],[1,4,5,6],[2,3,4,6],[3,4,5,6]]
GMFAIL 2,5,8,4 2,7,4,10 6,7,2,10 6,4,8,1 | 5 18 64 32 | 8 # m=7 sets=[[0,2,5,6],[1,4,5,6],[2,3,4,6],[3,4,5,6]]
GMFAIL 2,5,8,4 2,7,4,10 4,5,2,8 7,4,10,2 | 5 18 64 32 | 8 # m=7 sets=[[0,2,5,6],[1,4,5,6],[2,3,4,6],[3,4,5,6]]
GMFAIL 2,5,8,4 2,7,4,10 4,6,1,8 7,4,10,2 | 5 18 64 32 | 8 # m=7 sets=[[0,2,5,6],[1,4,5,6],[2,3,4,6],[3,4,5,6]]
GMFAIL 2,5,8,4 2,7,4,10 4,7,2,10 7,4,10,2 | 5 18 64 32 | 8 # m=7 sets=[[0,2,5,6],[1,4,5,6],[2,3,4,6],[3,4,5,6]]
GMFAIL 2,5,8,4 2,7,4,10 6,7,2,10 7,4,10,2 | 5 18 64 32 | 8 # m=7 sets=[[0,2,5,6],[1,4,5,6],[2,3,4,6],[3,4,5,6]]
GMFAIL 2,5,8,4 2,7,4,10 4,5,2,8 7,6,10,2 | 5 18 64 32 | 8 # m=7 sets=[[0,2,5,6],[1,4,5,6],[2,3,4,6],[3,4,5,6]]
GMFAIL 2,5,8,4 2,7,4,10 4,6,1,8 7,6,10,2 | 5 18 64 32 | 8 # m=7 sets=[[0,2,5,6],[1,4,5,6],[2,3,4,6],[3,4,5,6]]
GMFAIL 2,5,8,4 2,7,4,10 4,7,2,10 7,6,10,2 | 5 18 64 32 | 8 # m=7 sets=[[0,2,5,6],[1,4,5,6],[2,3,4,6],[3,4,5,6]]
GMFAIL 2,5,8,4 2,7,4,10 6,7,2,10 7,6,10,2 | 5 18 64 32 | 8 # m=7 sets=[[0,2,5,6],[1,4,5,6],[2,3,4,6],[3,4,5,6]]
GMFAIL 2,5,8,4 1,6,4,8 4,5,2,8 5,4,8,2 | 5 18 64 32 | 8 # m=7 sets=[[0,2,5,6],[1,4,5,6],[2,3,4,6],[3,4,5,6]]
GMFAIL 2,5,8,4 2,5,4,8 4,5,2,8 5,4,8,2 | 5 18 64 32 | 8 # m=7 sets=[[0,2,5,6],[1,4,5,6],[2,3,4,6],[3,4,5,6]]
GMFAIL 2,5,8,4 2,7,4,10 4,5,2,8 5,4,8,2 | 5 18 64 32 | 8 # m=7 sets=[[0,2,5,6],[1,4,5,6],[2,3,4,6],[3,4,5,6]]
GMFAIL 2,5,8,4 2,7,6,10 4,5,2,8 5,4,8,2 | 5 18 64 32 | 8 # m=7 sets=[[0,2,5,6],[1,4,5,6],[2,3,4,6],[3,4,5,6]]
GMFAIL 2,5,8,4 1,6,4,8 4,5,2,8 6,4,8,1 | 5 18 64 32 | 8 # m=7 sets=[[0,2,5,6],[1,4,5,6],[2,3,4,6],[3,4,5,6]]
GMFAIL 2,5,8,4 2,5,4,8 4,5,2,8 6,4,8,1 | 5 18 64 32 | 8 # m=7 sets=[[0,2,5,6],[1,4,5,6],[2,3,4,6],[3,4,5,6]]
GMFAIL 2,5,8,4 2,7,4,10 4,5,2,8 6,4,8,1 | 5 18 64 32 | 8 # m=7 sets=[[0,2,5,6],[1,4,5,6],[2,3,4,6],[3,4,5,6]]
GMFAIL 2,5,8,4 2,7,6,10 4,5,2,8 6,4,8,1 | 5 18 64 32 | 8 # m=7 sets=[[0,2,5,6],[1,4,5,6],[2,3,4,6],[3,4,5,6]]
GMFAIL 2,5,8,4 1,6,4,8 4,5,2,8 7,4,10,2 | 5 18 64 32 | 8 # m=7 sets=[[0,2,5,6],[1,4,5,6],[2,3,4,6],[3,4,5,6]]
GMFAIL 2,5,8,4 2,5,4,8 4,5,2,8 7,4,10,2 | 5 18 64 32 | 8 # m=7 sets=[[0,2,5,6],[1,4,5,6],[2,3,4,6],[3,4,5,6]]
GMFAIL 2,5,8,4 2,7,4,10 4,5,2,8 7,4,10,2 | 5 18 64 32 | 8 # m=7 sets=[[0,2,5,6],[1,4,5,6],[2,3,4,6],[3,4,5,6]]
GMFAIL 2,5,8,4 2,7,6,10 4,5,2,8 7,4,10,2 | 5 18 64 32 | 8 # m=7 sets=[[0,2,5,6],[1,4,5,6],[2,3,4,6],[3,4,5,6]]
GMFAIL 2,5,8,4 1,6,4,8 4,5,2,8 7,6,10,2 | 5 18 64 32 | 8 # m=7 sets=[[0,2,5,6],[1,4,5,6],[2,3,4,6],[3,4,5,6]]
GMFAIL 2,5,8,4 2,5,4,8 4,5,2,8 7,6,10,2 | 5 18 64 32 | 8 # m=7 sets=[[0,2,5,6],[1,4,5,6],[2,3,4,6],[3,4,5,6]]
GMFAIL 2,5,8,4 2,7,4,10 4,5,2,8 7,6,10,2 | 5 18 64 32 | 8 # m=7 sets=[[0,2,5,6],[1,4,5,6],[2,3,4,6],[3,4,5,6]]
GMFAIL 2,5,8,4 2,7,6,10 4,5,2,8 7,6,10,2 | 5 18 64 32 | 8 # m=7 sets=[[0,2,5,6],[1,4,5,6],[2,3,4,6],[3,4,5,6]]
GMFAIL 1,6,8,4 1,6,4,8 4,5,2,8 5,4,8,2 | 5 18 64 32 | 8 # m=7 sets=[[0,2,5,6],[1,4,5,6],[2,3,4,6],[3,4,5,6]]
GMFAIL 2,5,8,4 1,6,4,8 4,5,2,8 5,4,8,2 | 5 18 64 32 | 8 # m=7 sets=[[0,2,5,6],[1,4,5,6],[2,3,4,6],[3,4,5,6]]
GMFAIL 2,7,10,4 1,6,4,8 4,5,2,8 5,4,8,2 | 5 18 64 32 | 8 # m=7 sets=[[0,2,5,6],[1,4,5,6],[2,3,4,6],[3,4,5,6]]
GMFAIL 2,7,10,6 1,6,4,8 4,5,2,8 5,4,8,2 | 5 18 64 32 | 8 # m=7 sets=[[0,2,5,6],[1,4,5,6],[2,3,4,6],[3,4,5,6]]
GMFAIL 1,6,8,4 2,5,4,8 4,5,2,8 5,4,8,2 | 5 18 64 32 | 8 # m=7 sets=[[0,2,5,6],[1,4,5,6],[2,3,4,6],[3,4,5,6]]
GMFAIL 2,5,8,4 2,5,4,8 4,5,2,8 5,4,8,2 | 5 18 64 32 | 8 # m=7 sets=[[0,2,5,6],[1,4,5,6],[2,3,4,6],[3,4,5,6]]
GMFAIL 2,7,10,4 2,5,4,8 4,5,2,8 5,4,8,2 | 5 18 64 32 | 8 # m=7 sets=[[0,2,5,6],[1,4,5,6],[2,3,4,6],[3,4,5,6]]
GMFAIL 2,7,10,6 2,5,4,8 4,5,2,8 5,4,8,2 | 5 18 64 32 | 8 # m=7 sets=[[0,2,5,6],[1,4,5,6],[2,3,4,6],[3,4,5,6]]
GMFAIL 1,6,8,4 2,7,4,10 4,5,2,8 5,4,8,2 | 5 18 64 32 | 8 # m=7 sets=[[0,2,5,6],[1,4,5,6],[2,3,4,6],[3,4,5,6]]
GMFAIL 2,5,8,4 2,7,4,10 4,5,2,8 5,4,8,2 | 5 18 64 32 | 8 # m=7 sets=[[0,2,5,6],[1,4,5,6],[2,3,4,6],[3,4,5,6]]
GMFAIL 2,7,10,4 2,7,4,10 4,5,2,8 5,4,8,2 | 5 18 64 32 | 8 # m=7 sets=[[0,2,5,6],[1,4,5,6],[2,3,4,6],[3,4,5,6]]
GMFAIL 2,7,10,6 2,7,4,10 4,5,2,8 5,4,8,2 | 5 18 64 32 | 8 # m=7 sets=[[0,2,5,6],[1,4,5,6],[2,3,4,6],[3,4,5,6]]
GMFAIL 1,6,8,4 2,7,6,10 4,5,2,8 5,4,8,2 | 5 18 64 32 | 8 # m=7 sets=[[0,2,5,6],[1,4,5,6],[2,3,4,6],[3,4,5,6]]
GMFAIL 2,5,8,4 2,7,6,10 4,5,2,8 5,4,8,2 | 5 18 64 32 | 8 # m=7 sets=[[0,2,5,6],[1,4,5,6],[2,3,4,6],[3,4,5,6]]
GMFAIL 2,7,10,4 2,7,6,10 4,5,2,8 5,4,8,2 | 5 18 64 32 | 8 # m=7 sets=[[0,2,5,6],[1,4,5,6],[2,3,4,6],[3,4,5,6]]
GMFAIL 2,7,10,6 2,7,6,10 4,5,2,8 5,4,8,2 | 5 18 64 32 | 8 # m=7 sets=[[0,2,5,6],[1,4,5,6],[2,3,4,6],[3,4,5,6]]
GMFAIL 1,6,8,4 2,7,6,10 4,5,2,8 5,4,8,2 | 5 18 64 32 | 8 # m=7 sets=[[0,2,5,6],[1,4,5,6],[2,3,4,6],[3,4,5,6]]
GMFAIL 2,5,8,4 2,7,6,10 4,5,2,8 5,4,8,2 | 5 18 64 32 | 8 # m=7 sets=[[0,2,5,6],[1,4,5,6],[2,3,4,6],[3,4,5,6]]
GMFAIL 2,7,10,4 2,7,6,10 4,5,2,8 5,4,8,2 | 5 18 64 32 | 8 # m=7 sets=[[0,2,5,6],[1,4,5,6],[2,3,4,6],[3,4,5,6]]
GMFAIL 2,7,10,6 2,7,6,10 4,5,2,8 5,4,8,2 | 5 18 64 32 | 8 # m=7 sets=[[0,2,5,6],[1,4,5,6],[2,3,4,6],[3,4,5,6]]
GMFAIL 1,6,8,4 2,7,6,10 4,6,1,8 5,4,8,2 | 5 18 64 32 | 8 # m=7 sets=[[0,2,5,6],[1,4,5,6],[2,3,4,6],[3,4,5,6]]
GMFAIL 2,5,8,4 2,7,6,10 4,6,1,8 5,4,8,2 | 5 18 64 32 | 8 # m=7 sets=[[0,2,5,6],[1,4,5,6],[2,3,4,6],[3,4,5,6]]
GMFAIL 2,7,10,4 2,7,6,10 4,6,1,8 5,4,8,2 | 5 18 64 32 | 8 # m=7 sets=[[0,2,5,6],[1,4,5,6],[2,3,4,6],[3,4,5,6]]
GMFAIL 2,7,10,6 2,7,6,10 4,6,1,8 5,4,8,2 | 5 18 64 32 | 8 # m=7 sets=[[0,2,5,6],[1,4,5,6],[2,3,4,6],[3,4,5,6]]
GMFAIL 1,6,8,4 2,7,6,10 4,7,2,10 5,4,8,2 | 5 18 64 32 | 8 # m=7 sets=[[0,2,5,6],[1,4,5,6],[2,3,4,6],[3,4,5,6]]
GMFAIL 2,5,8,4 2,7,6,10 4,7,2,10 5,4,8,2 | 5 18 64 32 | 8 # m=7 sets=[[0,2,5,6],[1,4,5,6],[2,3,4,6],[3,4,5,6]]
GMFAIL 2,7,10,4 2,7,6,10 4,7,2,10 5,4,8,2 | 5 18 64 32 | 8 # m=7 sets=[[0,2,5,6],[1,4,5,6],[2,3,4,6],[3,4,5,6]]
GMFAIL 2,7,10,6 2,7,6,10 4,7,2,10 5,4,8,2 | 5 18 64 32 | 8 # m=7 sets=[[0,2,5,6],[1,4,5,6],[2,3,4,6],[3,4,5,6]]
GMFAIL 1,6,8,4 2,7,6,10 6,7,2,10 5,4,8,2 | 5 18 64 32 | 8 # m=7 sets=[[0,2,5,6],[1,4,5,6],[2,3,4,6],[3,4,5,6]]
GMFAIL 2,5,8,4 2,7,6,10 6,7,2,10 5,4,8,2 | 5 18 64 32 | 8 # m=7 sets=[[0,2,5,6],[1,4,5,6],[2,3,4,6],[3,4,5,6]]
GMFAIL 2,7,10,4 2,7,6,10 6,7,2,10 5,4,8,2 | 5 18 64 32 | 8 # m=7 sets=[[0,2,5,6],[1,4,5,6],[2,3,4,6],[3,4,5,6]]
GMFAIL 2,7,10,6 2,7,6,10 6,7,2,10 5,4,8,2 | 5 18 64 32 | 8 # m=7 sets=[[0,2,5,6],[1,4,5,6],[2,3,4,6],[3,4,5,6]]
GMFAIL 1,6,8,4 2,7,6,10 4,5,2,8 5,4,8,2 | 5 18 64 32 | 8 # m=7 sets=[[0,2,5,6],[1,4,5,6],[2,3,4,6],[3,4,5,6]]
GMFAIL 2,5,8,4 2,7,6,10 4,5,2,8 5,4,8,2 | 5 18 64 32 | 8 # m=7 sets=[[0,2,5,6],[1,4,5,6],[2,3,4,6],[3,4,5,6]]
GMFAIL 2,7,10,4 2,7,6,10 4,5,2,8 5,4,8,2 | 5 18 64 32 | 8 # m=7 sets=[[0,2,5,6],[1,4,5,6],[2,3,4,6],[3,4,5,6]]
GMFAIL 2,7,10,6 2,7,6,10 4,5,2,8 5,4,8,2 | 5 18 64 32 | 8 # m=7 sets=[[0,2,5,6],[1,4,5,6],[2,3,4,6],[3,4,5,6]]
GMFAIL 1,6,8,4 2,7,6,10 4,5,2,8 6,4,8,1 | 5 18 64 32 | 8 # m=7 sets=[[0,2,5,6],[1,4,5,6],[2,3,4,6],[3,4,5,6]]
GMFAIL 2,5,8,4 2,7,6,10 4,5,2,8 6,4,8,1 | 5 18 64 32 | 8 # m=7 sets=[[0,2,5,6],[1,4,5,6],[2,3,4,6],[3,4,5,6]]
GMFAIL 2,7,10,4 2,7,6,10 4,5,2,8 6,4,8,1 | 5 18 64 32 | 8 # m=7 sets=[[0,2,5,6],[1,4,5,6],[2,3,4,6],[3,4,5,6]]
GMFAIL 2,7,10,6 2,7,6,10 4,5,2,8 6,4,8,1 | 5 18 64 32 | 8 # m=7 sets=[[0,2,5,6],[1,4,5,6],[2,3,4,6],[3,4,5,6]]
GMFAIL 1,6,8,4 2,7,6,10 4,5,2,8 7,4,10,2 | 5 18 64 32 | 8 # m=7 sets=[[0,2,5,6],[1,4,5,6],[2,3,4,6],[3,4,5,6]]
GMFAIL 2,5,8,4 2,7,6,10 4,5,2,8 7,4,10,2 | 5 18 64 32 | 8 # m=7 sets=[[0,2,5,6],[1,4,5,6],[2,3,4,6],[3,4,5,6]]
GMFAIL 2,7,10,4 2,7,6,10 4,5,2,8 7,4,10,2 | 5 18 64 32 | 8 # m=7 sets=[[0,2,5,6],[1,4,5,6],[2,3,4,6],[3,4,5,6]]
GMFAIL 2,7,10,6 2,7,6,10 4,5,2,8 7,4,10,2 | 5 18 64 32 | 8 # m=7 sets=[[0,2,5,6],[1,4,5,6],[2,3,4,6],[3,4,5,6]]
GMFAIL 1,6,8,4 2,7,6,10 4,5,2,8 7,6,10,2 | 5 18 64 32 | 8 # m=7 sets=[[0,2,5,6],[1,4,5,6],[2,3,4,6],[3,4,5,6]]
GMFAIL 2,5,8,4 2,7,6,10 4,5,2,8 7,6,10,2 | 5 18 64 32 | 8 # m=7 sets=[[0,2,5,6],[1,4,5,6],[2,3,4,6],[3,4,5,6]]
GMFAIL 2,7,10,4 2,7,6,10 4,5,2,8 7,6,10,2 | 5 18 64 32 | 8 # m=7 sets=[[0,2,5,6],[1,4,5,6],[2,3,4,6],[3,4,5,6]]
GMFAIL 2,7,10,6 2,7,6,10 4,5,2,8 7,6,10,2 | 5 18 64 32 | 8 # m=7 sets=[[0,2,5,6],[1,4,5,6],[2,3,4,6],[3,4,5,6]]
GMFAIL 2,5,8,4 1,6,4,8 4,5,2,8 5,4,8,2 | 5 18 64 32 | 8 # m=7 sets=[[0,2,5,6],[1,4,5,6],[2,3,4,6],[3,4,5,6]]
GMFAIL 2,5,8,4 2,5,4,8 4,5,2,8 5,4,8,2 | 5 18 64 32 | 8 # m=7 sets=[[0,2,5,6],[1,4,5,6],[2,3,4,6],[3,4,5,6]]
GMFAIL 2,5,8,4 2,7,4,10 4,5,2,8 5,4,8,2 | 5 18 64 32 | 8 # m=7 sets=[[0,2,5,6],[1,4,5,6],[2,3,4,6],[3,4,5,6]]
GMFAIL 2,5,8,4 2,7,6,10 4,5,2,8 5,4,8,2 | 5 18 64 32 | 8 # m=7 sets=[[0,2,5,6],[1,4,5,6],[2,3,4,6],[3,4,5,6]]
GMFAIL 2,5,8,4 1,6,4,8 4,6,1,8 5,4,8,2 | 5 18 64 32 | 8 # m=7 sets=[[0,2,5,6],[1,4,5,6],[2,3,4,6],[3,4,5,6]]
GMFAIL 2,5,8,4 2,5,4,8 4,6,1,8 5,4,8,2 | 5 18 64 32 | 8 # m=7 sets=[[0,2,5,6],[1,4,5,6],[2,3,4,6],[3,4,5,6]]
GMFAIL 2,5,8,4 2,7,4,10 4,6,1,8 5,4,8,2 | 5 18 64 32 | 8 # m=7 sets=[[0,2,5,6],[1,4,5,6],[2,3,4,6],[3,4,5,6]]
GMFAIL 2,5,8,4 2,7,6,10 4,6,1,8 5,4,8,2 | 5 18 64 32 | 8 # m=7 sets=[[0,2,5,6],[1,4,5,6],[2,3,4,6],[3,4,5,6]]
GMFAIL 2,5,8,4 1,6,4,8 4,7,2,10 5,4,8,2 | 5 18 64 32 | 8 # m=7 sets=[[0,2,5,6],[1,4,5,6],[2,3,4,6],[3,4,5,6]]
GMFAIL 2,5,8,4 2,5,4,8 4,7,2,10 5,4,8,2 | 5 18 64 32 | 8 # m=7 sets=[[0,2,5,6],[1,4,5,6],[2,3,4,6],[3,4,5,6]]
GMFAIL 2,5,8,4 2,7,4,10 4,7,2,10 5,4,8,2 | 5 18 64 32 | 8 # m=7 sets=[[0,2,5,6],[1,4,5,6],[2,3,4,6],[3,4,5,6]]
GMFAIL 2,5,8,4 2,7,6,10 4,7,2,10 5,4,8,2 | 5 18 64 32 | 8 # m=7 sets=[[0,2,5,6],[1,4,5,6],[2,3,4,6],[3,4,5,6]]
GMFAIL 2,5,8,4 1,6,4,8 6,7,2,10 5,4,8,2 | 5 18 64 32 | 8 # m=7 sets=[[0,2,5,6],[1,4,5,6],[2,3,4,6],[3,4,5,6]]
GMFAIL 2,5,8,4 2,5,4,8 6,7,2,10 5,4,8,2 | 5 18 64 32 | 8 # m=7 sets=[[0,2,5,6],[1,4,5,6],[2,3,4,6],[3,4,5,6]]
GMFAIL 2,5,8,4 2,7,4,10 6,7,2,10 5,4,8,2 | 5 18 64 32 | 8 # m=7 sets=[[0,2,5,6],[1,4,5,6],[2,3,4,6],[3,4,5,6]]
GMFAIL 2,5,8,4 2,7,6,10 6,7,2,10 5,4,8,2 | 5 18 64 32 | 8 # m=7 sets=[[0,2,5,6],[1,4,5,6],[2,3,4,6],[3,4,5,6]]
GMFAIL 2,5,8,4 1,6,4,8 4,5,2,8 5,4,8,2 | 5 18 64 32 | 8 # m=7 sets=[[0,2,5,6],[1,4,5,6],[2,3,4,6],[3,4,5,6]]
GMFAIL 2,5,8,4 2,5,4,8 4,5,2,8 5,4,8,2 | 5 18 64 32 | 8 # m=7 sets=[[0,2,5,6],[1,4,5,6],[2,3,4,6],[3,4,5,6]]
GMFAIL 2,5,8,4 2,7,4,10 4,5,2,8 5,4,8,2 | 5 18 64 32 | 8 # m=7 sets=[[0,2,5,6],[1,4,5,6],[2,3,4,6],[3,4,5,6]]
GMFAIL 2,5,8,4 2,7,6,10 4,5,2,8 5,4,8,2 | 5 18 64 32 | 8 # m=7 sets=[[0,2,5,6],[1,4,5,6],[2,3,4,6],[3,4,5,6]]
GMFAIL 2,5,8,4 1,6,4,8 4,5,2,8 6,4,8,1 | 5 18 64 32 | 8 # m=7 sets=[[0,2,5,6],[1,4,5,6],[2,3,4,6],[3,4,5,6]]
GMFAIL 2,5,8,4 2,5,4,8 4,5,2,8 6,4,8,1 | 5 18 64 32 | 8 # m=7 sets=[[0,2,5,6],[1,4,5,6],[2,3,4,6],[3,4,5,6]]
GMFAIL 2,5,8,4 2,7,4,10 4,5,2,8 6,4,8,1 | 5 18 64 32 | 8 # m=7 sets=[[0,2,5,6],[1,4,5,6],[2,3,4,6],[3,4,5,6]]
GMFAIL 2,5,8,4 2,7,6,10 4,5,2,8 6,4,8,1 | 5 18 64 32 | 8 # m=7 sets=[[0,2,5,6],[1,4,5,6],[2,3,4,6],[3,4,5,6]]
GMFAIL 2,5,8,4 1,6,4,8 4,5,2,8 7,4,10,2 | 5 18 64 32 | 8 # m=7 sets=[[0,2,5,6],[1,4,5,6],[2,3,4,6],[3,4,5,6]]
GMFAIL 2,5,8,4 2,5,4,8 4,5,2,8 7,4,10,2 | 5 18 64 32 | 8 # m=7 sets=[[0,2,5,6],[1,4,5,6],[2,3,4,6],[3,4,5,6]]
GMFAIL 2,5,8,4 2,7,4,10 4,5,2,8 7,4,10,2 | 5 18 64 32 | 8 # m=7 sets=[[0,2,5,6],[1,4,5,6],[2,3,4,6],[3,4,5,6]]
GMFAIL 2,5,8,4 2,7,6,10 4,5,2,8 7,4,10,2 | 5 18 64 32 | 8 # m=7 sets=[[0,2,5,6],[1,4,5,6],[2,3,4,6],[3,4,5,6]]
GMFAIL 2,5,8,4 1,6,4,8 4,5,2,8 7,6,10,2 | 5 18 64 32 | 8 # m=7 sets=[[0,2,5,6],[1,4,5,6],[2,3,4,6],[3,4,5,6]]
GMFAIL 2,5,8,4 2,5,4,8 4,5,2,8 7,6,10,2 | 5 18 64 32 | 8 # m=7 sets=[[0,2,5,6],[1,4,5,6],[2,3,4,6],[3,4,5,6]]
GMFAIL 2,5,8,4 2,7,4,10 4,5,2,8 7,6,10,2 | 5 18 64 32 | 8 # m=7 sets=[[0,2,5,6],[1,4,5,6],[2,3,4,6],[3,4,5,6]]
GMFAIL 2,5,8,4 2,7,6,10 4,5,2,8 7,6,10,2 | 5 18 64 32 | 8 # m=7 sets=[[0,2,5,6],[1,4,5,6],[2,3,4,6],[3,4,5,6]]
GMFAIL 2,5,8,4 2,7,6,10 4,5,2,8 5,4,8,2 | 5 18 64 32 | 8 # m=7 sets=[[0,2,5,6],[1,4,5,6],[2,3,4,6],[3,4,5,6]]
GMFAIL 2,5,8,4 2,7,6,10 4,6,1,8 5,4,8,2 | 5 18 64 32 | 8 # m=7 sets=[[0,2,5,6],[1,4,5,6],[2,3,4,6],[3,4,5,6]]
GMFAIL 2,5,8,4 2,7,6,10 4,7,2,10 5,4,8,2 | 5 18 64 32 | 8 # m=7 sets=[[0,2,5,6],[1,4,5,6],[2,3,4,6],[3,4,5,6]]
GMFAIL 2,5,8,4 2,7,6,10 6,7,2,10 5,4,8,2 | 5 18 64 32 | 8 # m=7 sets=[[0,2,5,6],[1,4,5,6],[2,3,4,6],[3,4,5,6]]
GMFAIL 2,5,8,4 2,7,6,10 4,5,2,8 6,4,8,1 | 5 18 64 32 | 8 # m=7 sets=[[0,2,5,6],[1,4,5,6],[2,3,4,6],[3,4,5,6]]
GMFAIL 2,5,8,4 2,7,6,10 4,6,1,8 6,4,8,1 | 5 18 64 32 | 8 # m=7 sets=[[0,2,5,6],[1,4,5,6],[2,3,4,6],[3,4,5,6]]
GMFAIL 2,5,8,4 2,7,6,10 4,7,2,10 6,4,8,1 | 5 18 64 32 | 8 # m=7 sets=[[0,2,5,6],[1,4,5,6],[2,3,4,6],[3,4,5,6]]
GMFAIL 2,5,8,4 2,7,6,10 6,7,2,10 6,4,8,1 | 5 18 64 32 | 8 # m=7 sets=[[0,2,5,6],[1,4,5,6],[2,3,4,6],[3,4,5,6]]
GMFAIL 2,5,8,4 2,7,6,10 4,5,2,8 7,4,10,2 | 5 18 64 32 | 8 # m=7 sets=[[0,2,5,6],[1,4,5,6],[2,3,4,6],[3,4,5,6]]
GMFAIL 2,5,8,4 2,7,6,10 4,6,1,8 7,4,10,2 | 5 18 64 32 | 8 # m=7 sets=[[0,2,5,6],[1,4,5,6],[2,3,4,6],[3,4,5,6]]
GMFAIL 2,5,8,4 2,7,6,10 4,7,2,10 7,4,10,2 | 5 18 64 32 | 8 # m=7 sets=[[0,2,5,6],[1,4,5,6],[2,3,4,6],[3,4,5,6]]
GMFAIL 2,5,8,4 2,7,6,10 6,7,2,10 7,4,10,2 | 5 18 64 32 | 8 # m=7 sets=[[0,2,5,6],[1,4,5,6],[2,3,4,6],[3,4,5,6]]
GMFAIL 2,5,8,4 2,7,6,10 4,5,2,8 7,6,10,2 | 5 18 64 32 | 8 # m=7 sets=[[0,2,5,6],[1,4,5,6],[2,3,4,6],[3,4,5,6]]
GMFAIL 2,5,8,4 2,7,6,10 4,6,1,8 7,6,10,2 | 5 18 64 32 | 8 # m=7 sets=[[0,2,5,6],[1,4,5,6],[2,3,4,6],[3,4,5,6]]
GMFAIL 2,5,8,4 2,7,6,10 4,7,2,10 7,6,10,2 | 5 18 64 32 | 8 # m=7 sets=[[0,2,5,6],[1,4,5,6],[2,3,4,6],[3,4,5,6]]
GMFAIL 2,5,8,4 2,7,6,10 6,7,2,10 7,6,10,2 | 5 18 64 32 | 8 # m=7 sets=[[0,2,5,6],[1,4,5,6],[2,3,4,6],[3,4,5,6]]
GMFAIL 1,6,8,4 1,6,4,8 4,5,2,8 5,4,8,2 | 5 18 64 32 | 8 # m=7 sets=[[0,2,5,6],[1,4,5,6],[2,3,4,6],[3,4,5,6]]
GMFAIL 2,5,8,4 1,6,4,8 4,5,2,8 5,4,8,2 | 5 18 64 32 | 8 # m=7 sets=[[0,2,5,6],[1,4,5,6],[2,3,4,6],[3,4,5,6]]
GMFAIL 2,7,10,4 1,6,4,8 4,5,2,8 5,4,8,2 | 5 18 64 32 | 8 # m=7 sets=[[0,2,5,6],[1,4,5,6],[2,3,4,6],[3,4,5,6]]
GMFAIL 2,7,10,6 1,6,4,8 4,5,2,8 5,4,8,2 | 5 18 64 32 | 8 # m=7 sets=[[0,2,5,6],[1,4,5,6],[2,3,4,6],[3,4,5,6]]
GMFAIL 1,6,8,4 2,5,4,8 4,5,2,8 5,4,8,2 | 5 18 64 32 | 8 # m=7 sets=[[0,2,5,6],[1,4,5,6],[2,3,4,6],[3,4,5,6]]
GMFAIL 2,5,8,4 2,5,4,8 4,5,2,8 5,4,8,2 | 5 18 64 32 | 8 # m=7 sets=[[0,2,5,6],[1,4,5,6],[2,3,4,6],[3,4,5,6]]
GMFAIL 2,7,10,4 2,5,4,8 4,5,2,8 5,4,8,2 | 5 18 64 32 | 8 # m=7 sets=[[0,2,5,6],[1,4,5,6],[2,3,4,6],[3,4,5,6]]
GMFAIL 2,7,10,6 2,5,4,8 4,5,2,8 5,4,8,2 | 5 18 64 32 | 8 # m=7 sets=[[0,2,5,6],[1,4,5,6],[2,3,4,6],[3,4,5,6]]
GMFAIL 1,6,8,4 2,7,4,10 4,5,2,8 5,4,8,2 | 5 18 64 32 | 8 # m=7 sets=[[0,2,5,6],[1,4,5,6],[2,3,4,6],[3,4,5,6]]
GMFAIL 2,5,8,4 2,7,4,10 4,5,2,8 5,4,8,2 | 5 18 64 32 | 8 # m=7 sets=[[0,2,5,6],[1,4,5,6],[2,3,4,6],[3,4,5,6]]
GMFAIL 2,7,10,4 2,7,4,10 4,5,2,8 5,4,8,2 | 5 18 64 32 | 8 # m=7 sets=[[0,2,5,6],[1,4,5,6],[2,3,4,6],[3,4,5,6]]
GMFAIL 2,7,10,6 2,7,4,10 4,5,2,8 5,4,8,2 | 5 18 64 32 | 8 # m=7 sets=[[0,2,5,6],[1,4,5,6],[2,3,4,6],[3,4,5,6]]
GMFAIL 1,6,8,4 2,7,6,10 4,5,2,8 5,4,8,2 | 5 18 64 32 | 8 # m=7 sets=[[0,2,5,6],[1,4,5,6],[2,3,4,6],[3,4,5,6]]
GMFAIL 2,5,8,4 2,7,6,10 4,5,2,8 5,4,8,2 | 5 18 64 32 | 8 # m=7 sets=[[0,2,5,6],[1,4,5,6],[2,3,4,6],[3,4,5,6]]
GMFAIL 2,7,10,4 2,7,6,10 4,5,2,8 5,4,8,2 | 5 18 64 32 | 8 # m=7 sets=[[0,2,5,6],[1,4,5,6],[2,3,4,6],[3,4,5,6]]
GMFAIL 2,7,10,6 2,7,6,10 4,5,2,8 5,4,8,2 | 5 18 64 32 | 8 # m=7 sets=[[0,2,5,6],[1,4,5,6],[2,3,4,6],[3,4,5,6]]
GMFAIL 1,6,8,4 1,6,4,8 4,5,2,8 5,4,8,2 | 5 18 64 32 | 8 # m=7 sets=[[0,2,5,6],[1,4,5,6],[2,3,4,6],[3,4,5,6]]
GMFAIL 2,5,8,4 1,6,4,8 4,5,2,8 5,4,8,2 | 5 18 64 32 | 8 # m=7 sets=[[0,2,5,6],[1,4,5,6],[2,3,4,6],[3,4,5,6]]
GMFAIL 2,7,10,4 1,6,4,8 4,5,2,8 5,4,8,2 | 5 18 64 32 | 8 # m=7 sets=[[0,2,5,6],[1,4,5,6],[2,3,4,6],[3,4,5,6]]
GMFAIL 2,7,10,6 1,6,4,8 4,5,2,8 5,4,8,2 | 5 18 64 32 | 8 # m=7 sets=[[0,2,5,6],[1,4,5,6],[2,3,4,6],[3,4,5,6]]
GMFAIL 1,6,8,4 1,6,4,8 4,6,1,8 5,4,8,2 | 5 18 64 32 | 8 # m=7 sets=[[0,2,5,6],[1,4,5,6],[2,3,4,6],[3,4,5,6]]
GMFAIL 2,5,8,4 1,6,4,8 4,6,1,8 5,4,8,2 | 5 18 64 32 | 8 # m=7 sets=[[0,2,5,6],[1,4,5,6],[2,3,4,6],[3,4,5,6]]
GMFAIL 2,7,10,4 1,6,4,8 4,6,1,8 5,4,8,2 | 5 18 64 32 | 8 # m=7 sets=[[0,2,5,6],[1,4,5,6],[2,3,4,6],[3,4,5,6]]
GMFAIL 2,7,10,6 1,6,4,8 4,6,1,8 5,4,8,2 | 5 18 64 32 | 8 # m=7 sets=[[0,2,5,6],[1,4,5,6],[2,3,4,6],[3,4,5,6]]
GMFAIL 1,6,8,4 1,6,4,8 4,7,2,10 5,4,8,2 | 5 18 64 32 | 8 # m=7 sets=[[0,2,5,6],[1,4,5,6],[2,3,4,6],[3,4,5,6]]
GMFAIL 2,5,8,4 1,6,4,8 4,7,2,10 5,4,8,2 | 5 18 64 32 | 8 # m=7 sets=[[0,2,5,6],[1,4,5,6],[2,3,4,6],[3,4,5,6]]
GMFAIL 2,7,10,4 1,6,4,8 4,7,2,10 5,4,8,2 | 5 18 64 32 | 8 # m=7 sets=[[0,2,5,6],[1,4,5,6],[2,3,4,6],[3,4,5,6]]
GMFAIL 2,7,10,6 1,6,4,8 4,7,2,10 5,4,8,2 | 5 18 64 32 | 8 # m=7 sets=[[0,2,5,6],[1,4,5,6],[2,3,4,6],[3,4,5,6]]
GMFAIL 1,6,8,4 1,6,4,8 6,7,2,10 5,4,8,2 | 5 18 64 32 | 8 # m=7 sets=[[0,2,5,6],[1,4,5,6],[2,3,4,6],[3,4,5,6]]
GMFAIL 2,5,8,4 1,6,4,8 6,7,2,10 5,4,8,2 | 5 18 64 32 | 8 # m=7 sets=[[0,2,5,6],[1,4,5,6],[2,3,4,6],[3,4,5,6]]
GMFAIL 2,7,10,4 1,6,4,8 6,7,2,10 5,4,8,2 | 5 18 64 32 | 8 # m=7 sets=[[0,2,5,6],[1,4,5,6],[2,3,4,6],[3,4,5,6]]
GMFAIL 2,7,10,6 1,6,4,8 6,7,2,10 5,4,8,2 | 5 18 64 32 | 8 # m=7 sets=[[0,2,5,6],[1,4,5,6],[2,3,4,6],[3,4,5,6]]
GMFAIL 1,6,8,4 1,6,4,8 4,5,2,8 5,4,8,2 | 5 18 64 32 | 8 # m=7 sets=[[0,2,5,6],[1,4,5,6],[2,3,4,6],[3,4,5,6]]
GMFAIL 2,5,8,4 1,6,4,8 4,5,2,8 5,4,8,2 | 5 18 64 32 | 8 # m=7 sets=[[0,2,5,6],[1,4,5,6],[2,3,4,6],[3,4,5,6]]
GMFAIL 2,7,10,4 1,6,4,8 4,5,2,8 5,4,8,2 | 5 18 64 32 | 8 # m=7 sets=[[0,2,5,6],[1,4,5,6],[2,3,4,6],[3,4,5,6]]
GMFAIL 2,7,10,6 1,6,4,8 4,5,2,8 5,4,8,2 | 5 18 64 32 | 8 # m=7 sets=[[0,2,5,6],[1,4,5,6],[2,3,4,6],[3,4,5,6]]
GMFAIL 1,6,8,4 1,6,4,8 4,5,2,8 6,4,8,1 | 5 18 64 32 | 8 # m=7 sets=[[0,2,5,6],[1,4,5,6],[2,3,4,6],[3,4,5,6]]
GMFAIL 2,5,8,4 1,6,4,8 4,5,2,8 6,4,8,1 | 5 18 64 32 | 8 # m=7 sets=[[0,2,5,6],[1,4,5,6],[2,3,4,6],[3,4,5,6]]
GMFAIL 2,7,10,4 1,6,4,8 4,5,2,8 6,4,8,1 | 5 18 64 32 | 8 # m=7 sets=[[0,2,5,6],[1,4,5,6],[2,3,4,6],[3,4,5,6]]
GMFAIL 2,7,10,6 1,6,4,8 4,5,2,8 6,4,8,1 | 5 18 64 32 | 8 # m=7 sets=[[0,2,5,6],[1,4,5,6],[2,3,4,6],[3,4,5,6]]
GMFAIL 1,6,8,4 1,6,4,8 4,5,2,8 7,4,10,2 | 5 18 64 32 | 8 # m=7 sets=[[0,2,5,6],[1,4,5,6],[2,3,4,6],[3,4,5,6]]
GMFAIL 2,5,8,4 1,6,4,8 4,5,2,8 7,4,10,2 | 5 18 64 32 | 8 # m=7 sets=[[0,2,5,6],[1,4,5,6],[2,3,4,6],[3,4,5,6]]
GMFAIL 2,7,10,4 1,6,4,8 4,5,2,8 7,4,10,2 | 5 18 64 32 | 8 # m=7 sets=[[0,2,5,6],[1,4,5,6],[2,3,4,6],[3,4,5,6]]
GMFAIL 2,7,10,6 1,6,4,8 4,5,2,8 7,4,10,2 | 5 18 64 32 | 8 # m=7 sets=[[0,2,5,6],[1,4,5,6],[2,3,4,6],[3,4,5,6]]
GMFAIL 1,6,8,4 1,6,4,8 4,5,2,8 7,6,10,2 | 5 18 64 32 | 8 # m=7 sets=[[0,2,5,6],[1,4,5,6],[2,3,4,6],[3,4,5,6]]
GMFAIL 2,5,8,4 1,6,4,8 4,5,2,8 7,6,10,2 | 5 18 64 32 | 8 # m=7 sets=[[0,2,5,6],[1,4,5,6],[2,3,4,6],[3,4,5,6]]
GMFAIL 2,7,10,4 1,6,4,8 4,5,2,8 7,6,10,2 | 5 18 64 32 | 8 # m=7 sets=[[0,2,5,6],[1,4,5,6],[2,3,4,6],[3,4,5,6]]
GMFAIL 2,7,10,6 1,6,4,8 4,5,2,8 7,6,10,2 | 5 18 64 32 | 8 # m=7 sets=[[0,2,5,6],[1,4,5,6],[2,3,4,6],[3,4,5,6]]
GMFAIL 2,7,10,4 1,6,4,8 4,5,2,8 5,4,8,2 | 5 18 64 32 | 8 # m=7 sets=[[0,2,5,6],[1,4,5,6],[2,3,4,6],[3,4,5,6]]
GMFAIL 2,7,10,4 2,5,4,8 4,5,2,8 5,4,8,2 | 5 18 64 32 | 8 # m=7 sets=[[0,2,5,6],[1,4,5,6],[2,3,4,6],[3,4,5,6]]
GMFAIL 2,7,10,4 2,7,4,10 4,5,2,8 5,4,8,2 | 5 18 64 32 | 8 # m=7 sets=[[0,2,5,6],[1,4,5,6],[2,3,4,6],[3,4,5,6]]
GMFAIL 2,7,10,4 2,7,6,10 4,5,2,8 5,4,8,2 | 5 18 64 32 | 8 # m=7 sets=[[0,2,5,6],[1,4,5,6],[2,3,4,6],[3,4,5,6]]
GMFAIL 2,7,10,4 1,6,4,8 4,6,1,8 5,4,8,2 | 5 18 64 32 | 8 # m=7 sets=[[0,2,5,6],[1,4,5,6],[2,3,4,6],[3,4,5,6]]
GMFAIL 2,7,10,4 2,5,4,8 4,6,1,8 5,4,8,2 | 5 18 64 32 | 8 # m=7 sets=[[0,2,5,6],[1,4,5,6],[2,3,4,6],[3,4,5,6]]
GMFAIL 2,7,10,4 2,7,4,10 4,6,1,8 5,4,8,2 | 5 18 64 32 | 8 # m=7 sets=[[0,2,5,6],[1,4,5,6],[2,3,4,6],[3,4,5,6]]
GMFAIL 2,7,10,4 2,7,6,10 4,6,1,8 5,4,8,2 | 5 18 64 32 | 8 # m=7 sets=[[0,2,5,6],[1,4,5,6],[2,3,4,6],[3,4,5,6]]
GMFAIL 2,7,10,4 1,6,4,8 4,7,2,10 5,4,8,2 | 5 18 64 32 | 8 # m=7 sets=[[0,2,5,6],[1,4,5,6],[2,3,4,6],[3,4,5,6]]
GMFAIL 2,7,10,4 2,5,4,8 4,7,2,10 5,4,8,2 | 5 18 64 32 | 8 # m=7 sets=[[0,2,5,6],[1,4,5,6],[2,3,4,6],[3,4,5,6]]
GMFAIL 2,7,10,4 2,7,4,10 4,7,2,10 5,4,8,2 | 5 18 64 32 | 8 # m=7 sets=[[0,2,5,6],[1,4,5,6],[2,3,4,6],[3,4,5,6]]
GMFAIL 2,7,10,4 2,7,6,10 4,7,2,10 5,4,8,2 | 5 18 64 32 | 8 # m=7 sets=[[0,2,5,6],[1,4,5,6],[2,3,4,6],[3,4,5,6]]
GMFAIL 2,7,10,4 1,6,4,8 6,7,2,10 5,4,8,2 | 5 18 64 32 | 8 # m=7 sets=[[0,2,5,6],[1,4,5,6],[2,3,4,6],[3,4,5,6]]
GMFAIL 2,7,10,4 2,5,4,8 6,7,2,10 5,4,8,2 | 5 18 64 32 | 8 # m=7 sets=[[0,2,5,6],[1,4,5,6],[2,3,4,6],[3,4,5,6]]
GMFAIL 2,7,10,4 2,7,4,10 6,7,2,10 5,4,8,2 | 5 18 64 32 | 8 # m=7 sets=[[0,2,5,6],[1,4,5,6],[2,3,4,6],[3,4,5,6]]
GMFAIL 2,7,10,4 2,7,6,10 6,7,2,10 5,4,8,2 | 5 18 64 32 | 8 # m=7 sets=[[0,2,5,6],[1,4,5,6],[2,3,4,6],[3,4,5,6]]
GMFAIL 2,7,10,4 1,6,4,8 4,5,2,8 5,4,8,2 | 5 18 64 32 | 8 # m=7 sets=[[0,2,5,6],[1,4,5,6],[2,3,4,6],[3,4,5,6]]
GMFAIL 2,7,10,4 2,5,4,8 4,5,2,8 5,4,8,2 | 5 18 64 32 | 8 # m=7 sets=[[0,2,5,6],[1,4,5,6],[2,3,4,6],[3,4,5,6]]
GMFAIL 2,7,10,4 2,7,4,10 4,5,2,8 5,4,8,2 | 5 18 64 32 | 8 # m=7 sets=[[0,2,5,6],[1,4,5,6],[2,3,4,6],[3,4,5,6]]
GMFAIL 2,7,10,4 2,7,6,10 4,5,2,8 5,4,8,2 | 5 18 64 32 | 8 # m=7 sets=[[0,2,5,6],[1,4,5,6],[2,3,4,6],[3,4,5,6]]
GMFAIL 2,7,10,4 1,6,4,8 4,5,2,8 6,4,8,1 | 5 18 64 32 | 8 # m=7 sets=[[0,2,5,6],[1,4,5,6],[2,3,4,6],[3,4,5,6]]
GMFAIL 2,7,10,4 2,5,4,8 4,5,2,8 6,4,8,1 | 5 18 64 32 | 8 # m=7 sets=[[0,2,5,6],[1,4,5,6],[2,3,4,6],[3,4,5,6]]
GMFAIL 2,7,10,4 2,7,4,10 4,5,2,8 6,4,8,1 | 5 18 64 32 | 8 # m=7 sets=[[0,2,5,6],[1,4,5,6],[2,3,4,6],[3,4,5,6]]
GMFAIL 2,7,10,4 2,7,6,10 4,5,2,8 6,4,8,1 | 5 18 64 32 | 8 # m=7 sets=[[0,2,5,6],[1,4,5,6],[2,3,4,6],[3,4,5,6]]
GMFAIL 2,7,10,4 1,6,4,8 4,5,2,8 7,4,10,2 | 5 18 64 32 | 8 # m=7 sets=[[0,2,5,6],[1,4,5,6],[2,3,4,6],[3,4,5,6]]
GMFAIL 2,7,10,4 2,5,4,8 4,5,2,8 7,4,10,2 | 5 18 64 32 | 8 # m=7 sets=[[0,2,5,6],[1,4,5,6],[2,3,4,6],[3,4,5,6]]
GMFAIL 2,7,10,4 2,7,4,10 4,5,2,8 7,4,10,2 | 5 18 64 32 | 8 # m=7 sets=[[0,2,5,6],[1,4,5,6],[2,3,4,6],[3,4,5,6]]
GMFAIL 2,7,10,4 2,7,6,10 4,5,2,8 7,4,10,2 | 5 18 64 32 | 8 # m=7 sets=[[0,2,5,6],[1,4,5,6],[2,3,4,6],[3,4,5,6]]
GMFAIL 2,7,10,4 1,6,4,8 4,5,2,8 7,6,10,2 | 5 18 64 32 | 8 # m=7 sets=[[0,2,5,6],[1,4,5,6],[2,3,4,6],[3,4,5,6]]
GMFAIL 2,7,10,4 2,5,4,8 4,5,2,8 7,6,10,2 | 5 18 64 32 | 8 # m=7 sets=[[0,2,5,6],[1,4,5,6],[2,3,4,6],[3,4,5,6]]
GMFAIL 2,7,10,4 2,7,4,10 4,5,2,8 7,6,10,2 | 5 18 64 32 | 8 # m=7 sets=[[0,2,5,6],[1,4,5,6],[2,3,4,6],[3,4,5,6]]
GMFAIL 2,7,10,4 2,7,6,10 4,5,2,8 7,6,10,2 | 5 18 64 32 | 8 # m=7 sets=[[0,2,5,6],[1,4,5,6],[2,3,4,6],[3,4,5,6]]
GMFAIL 2,7,10,4 1,6,4,8 4,5,2,8 5,4,8,2 | 5 18 64 32 | 8 # m=7 sets=[[0,2,5,6],[1,4,5,6],[2,3,4,6],[3,4,5,6]]
GMFAIL 2,7,10,4 1,6,4,8 4,6,1,8 5,4,8,2 | 5 18 64 32 | 8 # m=7 sets=[[0,2,5,6],[1,4,5,6],[2,3,4,6],[3,4,5,6]]
GMFAIL 2,7,10,4 1,6,4,8 4,7,2,10 5,4,8,2 | 5 18 64 32 | 8 # m=7 sets=[[0,2,5,6],[1,4,5,6],[2,3,4,6],[3,4,5,6]]
GMFAIL 2,7,10,4 1,6,4,8 6,7,2,10 5,4,8,2 | 5 18 64 32 | 8 # m=7 sets=[[0,2,5,6],[1,4,5,6],[2,3,4,6],[3,4,5,6]]
GMFAIL 2,7,10,4 1,6,4,8 4,5,2,8 6,4,8,1 | 5 18 64 32 | 8 # m=7 sets=[[0,2,5,6],[1,4,5,6],[2,3,4,6],[3,4,5,6]]
GMFAIL 2,7,10,4 1,6,4,8 4,6,1,8 6,4,8,1 | 5 18 64 32 | 8 # m=7 sets=[[0,2,5,6],[1,4,5,6],[2,3,4,6],[3,4,5,6]]
GMFAIL 2,7,10,4 1,6,4,8 4,7,2,10 6,4,8,1 | 5 18 64 32 | 8 # m=7 sets=[[0,2,5,6],[1,4,5,6],[2,3,4,6],[3,4,5,6]]
GMFAIL 2,7,10,4 1,6,4,8 6,7,2,10 6,4,8,1 | 5 18 64 32 | 8 # m=7 sets=[[0,2,5,6],[1,4,5,6],[2,3,4,6],[3,4,5,6]]
GMFAIL 2,7,10,4 1,6,4,8 4,5,2,8 7,4,10,2 | 5 18 64 32 | 8 # m=7 sets=[[0,2,5,6],[1,4,5,6],[2,3,4,6],[3,4,5,6]]
GMFAIL 2,7,10,4 1,6,4,8 4,6,1,8 7,4,10,2 | 5 18 64 32 | 8 # m=7 sets=[[0,2,5,6],[1,4,5,6],[2,3,4,6],[3,4,5,6]]
GMFAIL 2,7,10,4 1,6,4,8 4,7,2,10 7,4,10,2 | 5 18 64 32 | 8 # m=7 sets=[[0,2,5,6],[1,4,5,6],[2,3,4,6],[3,4,5,6]]
GMFAIL 2,7,10,4 1,6,4,8 6,7,2,10 7,4,10,2 | 5 18 64 32 | 8 # m=7 sets=[[0,2,5,6],[1,4,5,6],[2,3,4,6],[3,4,5,6]]
GMFAIL 2,7,10,4 1,6,4,8 4,5,2,8 7,6,10,2 | 5 18 64 32 | 8 # m=7 sets=[[0,2,5,6],[1,4,5,6],[2,3,4,6],[3,4,5,6]]
GMFAIL 2,7,10,4 1,6,4,8 4,6,1,8 7,6,10,2 | 5 18 64 32 | 8 # m=7 sets=[[0,2,5,6],[1,4,5,6],[2,3,4,6],[3,4,5,6]]
GMFAIL 2,7,10,4 1,6,4,8 4,7,2,10 7,6,10,2 | 5 18 64 32 | 8 # m=7 sets=[[0,2,5,6],[1,4,5,6],[2,3,4,6],[3,4,5,6]]
GMFAIL 2,7,10,4 1,6,4,8 6,7,2,10 7,6,10,2 | 5 18 64 32 | 8 # m=7 sets=[[0,2,5,6],[1,4,5,6],[2,3,4,6],[3,4,5,6]]
GMFAIL 1,6,8,4 1,4,6,8 1,6,4,8 5,4,8,2 | 5 64 18 32 | 8 # m=7 sets=[[0,2,5,6],[1,2,3,6],[1,4,5,6],[3,4,5,6]]
GMFAIL 2,5,8,4 1,4,6,8 1,6,4,8 5,4,8,2 | 5 64 18 32 | 8 # m=7 sets=[[0,2,5,6],[1,2,3,6],[1,4,5,6],[3,4,5,6]]
GMFAIL 2,7,10,4 1,4,6,8 1,6,4,8 5,4,8,2 | 5 64 18 32 | 8 # m=7 sets=[[0,2,5,6],[1,2,3,6],[1,4,5,6],[3,4,5,6]]
GMFAIL 2,7,10,6 1,4,6,8 1,6,4,8 5,4,8,2 | 5 64 18 32 | 8 # m=7 sets=[[0,2,5,6],[1,2,3,6],[1,4,5,6],[3,4,5,6]]
GMFAIL 1,6,8,4 2,4,7,10 1,6,4,8 5,4,8,2 | 5 64 18 32 | 8 # m=7 sets=[[0,2,5,6],[1,2,3,6],[1,4,5,6],[3,4,5,6]]
GMFAIL 2,5,8,4 2,4,7,10 1,6,4,8 5,4,8,2 | 5 64 18 32 | 8 # m=7 sets=[[0,2,5,6],[1,2,3,6],[1,4,5,6],[3,4,5,6]]
GMFAIL 2,7,10,4 2,4,7,10 1,6,4,8 5,4,8,2 | 5 64 18 32 | 8 # m=7 sets=[[0,2,5,6],[1,2,3,6],[1,4,5,6],[3,4,5,6]]
GMFAIL 2,7,10,6 2,4,7,10 1,6,4,8 5,4,8,2 | 5 64 18 32 | 8 # m=7 sets=[[0,2,5,6],[1,2,3,6],[1,4,5,6],[3,4,5,6]]
GMFAIL 1,6,8,4 2,4,7,10 1,6,4,8 5,4,8,2 | 5 64 18 32 | 8 # m=7 sets=[[0,2,5,6],[1,2,3,6],[1,4,5,6],[3,4,5,6]]
GMFAIL 2,5,8,4 2,4,7,10 1,6,4,8 5,4,8,2 | 5 64 18 32 | 8 # m=7 sets=[[0,2,5,6],[1,2,3,6],[1,4,5,6],[3,4,5,6]]
GMFAIL 2,7,10,4 2,4,7,10 1,6,4,8 5,4,8,2 | 5 64 18 32 | 8 # m=7 sets=[[0,2,5,6],[1,2,3,6],[1,4,5,6],[3,4,5,6]]
GMFAIL 2,7,10,6 2,4,7,10 1,6,4,8 5,4,8,2 | 5 64 18 32 | 8 # m=7 sets=[[0,2,5,6],[1,2,3,6],[1,4,5,6],[3,4,5,6]]
GMFAIL 1,6,8,4 2,4,7,10 2,5,4,8 5,4,8,2 | 5 64 18 32 | 8 # m=7 sets=[[0,2,5,6],[1,2,3,6],[1,4,5,6],[3,4,5,6]]
GMFAIL 2,5,8,4 2,4,7,10 2,5,4,8 5,4,8,2 | 5 64 18 32 | 8 # m=7 sets=[[0,2,5,6],[1,2,3,6],[1,4,5,6],[3,4,5,6]]
GMFAIL 2,7,10,4 2,4,7,10 2,5,4,8 5,4,8,2 | 5 64 18 32 | 8 # m=7 sets=[[0,2,5,6],[1,2,3,6],[1,4,5,6],[3,4,5,6]]
GMFAIL 2,7,10,6 2,4,7,10 2,5,4,8 5,4,8,2 | 5 64 18 32 | 8 # m=7 sets=[[0,2,5,6],[1,2,3,6],[1,4,5,6],[3,4,5,6]]
GMFAIL 1,6,8,4 2,4,7,10 2,7,4,10 5,4,8,2 | 5 64 18 32 | 8 # m=7 sets=[[0,2,5,6],[1,2,3,6],[1,4,5,6],[3,4,5,6]]
GMFAIL 2,5,8,4 2,4,7,10 2,7,4,10 5,4,8,2 | 5 64 18 32 | 8 # m=7 sets=[[0,2,5,6],[1,2,3,6],[1,4,5,6],[3,4,5,6]]
GMFAIL 2,7,10,4 2,4,7,10 2,7,4,10 5,4,8,2 | 5 64 18 32 | 8 # m=7 sets=[[0,2,5,6],[1,2,3,6],[1,4,5,6],[3,4,5,6]]
GMFAIL 2,7,10,6 2,4,7,10 2,7,4,10 5,4,8,2 | 5 64 18 32 | 8 # m=7 sets=[[0,2,5,6],[1,2,3,6],[1,4,5,6],[3,4,5,6]]
GMFAIL 1,6,8,4 2,4,7,10 2,7,6,10 5,4,8,2 | 5 64 18 32 | 8 # m=7 sets=[[0,2,5,6],[1,2,3,6],[1,4,5,6],[3,4,5,6]]
GMFAIL 2,5,8,4 2,4,7,10 2,7,6,10 5,4,8,2 | 5 64 18 32 | 8 # m=7 sets=[[0,2,5,6],[1,2,3,6],[1,4,5,6],[3,4,5,6]]
GMFAIL 2,7,10,4 2,4,7,10 2,7,6,10 5,4,8,2 | 5 64 18 32 | 8 # m=7 sets=[[0,2,5,6],[1,2,3,6],[1,4,5,6],[3,4,5,6]]
GMFAIL 2,7,10,6 2,4,7,10 2,7,6,10 5,4,8,2 | 5 64 18 32 | 8 # m=7 sets=[[0,2,5,6],[1,2,3,6],[1,4,5,6],[3,4,5,6]]
GMFAIL 1,6,8,4 2,4,7,10 1,6,4,8 5,4,8,2 | 5 64 18 32 | 8 # m=7 sets=[[0,2,5,6],[1,2,3,6],[1,4,5,6],[3,4,5,6]]
GMFAIL 2,5,8,4 2,4,7,10 1,6,4,8 5,4,8,2 | 5 64 18 32 | 8 # m=7 sets=[[0,2,5,6],[1,2,3,6],[1,4,5,6],[3,4,5,6]]
GMFAIL 2,7,10,4 2,4,7,10 1,6,4,8 5,4,8,2 | 5 64 18 32 | 8 # m=7 sets=[[0,2,5,6],[1,2,3,6],[1,4,5,6],[3,4,5,6]]
GMFAIL 2,7,10,6 2,4,7,10 1,6,4,8 5,4,8,2 | 5 64 18 32 | 8 # m=7 sets=[[0,2,5,6],[1,2,3,6],[1,4,5,6],[3,4,5,6]]
GMFAIL 1,6,8,4 2,4,7,10 1,6,4,8 6,4,8,1 | 5 64 18 32 | 8 # m=7 sets=[[0,2,5,6],[1,2,3,6],[1,4,5,6],[3,4,5,6]]
GMFAIL 2,5,8,4 2,4,7,10 1,6,4,8 6,4,8,1 | 5 64 18 32 | 8 # m=7 sets=[[0,2,5,6],[1,2,3,6],[1,4,5,6],[3,4,5,6]]
GMFAIL 2,7,10,4 2,4,7,10 1,6,4,8 6,4,8,1 | 5 64 18 32 | 8 # m=7 sets=[[0,2,5,6],[1,2,3,6],[1,4,5,6],[3,4,5,6]]
GMFAIL 2,7,10,6 2,4,7,10 1,6,4,8 6,4,8,1 | 5 64 18 32 | 8 # m=7 sets=[[0,2,5,6],[1,2,3,6],[1,4,5,6],[3,4,5,6]]
GMFAIL 1,6,8,4 2,4,7,10 1,6,4,8 7,4,10,2 | 5 64 18 32 | 8 # m=7 sets=[[0,2,5,6],[1,2,3,6],[1,4,5,6],[3,4,5,6]]
GMFAIL 2,5,8,4 2,4,7,10 1,6,4,8 7,4,10,2 | 5 64 18 32 | 8 # m=7 sets=[[0,2,5,6],[1,2,3,6],[1,4,5,6],[3,4,5,6]]
GMFAIL 2,7,10,4 2,4,7,10 1,6,4,8 7,4,10,2 | 5 64 18 32 | 8 # m=7 sets=[[0,2,5,6],[1,2,3,6],[1,4,5,6],[3,4,5,6]]
GMFAIL 2,7,10,6 2,4,7,10 1,6,4,8 7,4,10,2 | 5 64 18 32 | 8 # m=7 sets=[[0,2,5,6],[1,2,3,6],[1,4,5,6],[3,4,5,6]]
GMFAIL 1,6,8,4 2,4,7,10 1,6,4,8 7,6,10,2 | 5 64 18 32 | 8 # m=7 sets=[[0,2,5,6],[1,2,3,6],[1,4,5,6],[3,4,5,6]]
GMFAIL 2,5,8,4 2,4,7,10 1,6,4,8 7,6,10,2 | 5 64 18 32 | 8 # m=7 sets=[[0,2,5,6],[1,2,3,6],[1,4,5,6],[3,4,5,6]]
GMFAIL 2,7,10,4 2,4,7,10 1,6,4,8 7,6,10,2 | 5 64 18 32 | 8 # m=7 sets=[[0,2,5,6],[1,2,3,6],[1,4,5,6],[3,4,5,6]]
GMFAIL 2,7,10,6 2,4,7,10 1,6,4,8 7,6,10,2 | 5 64 18 32 | 8 # m=7 sets=[[0,2,5,6],[1,2,3,6],[1,4,5,6],[3,4,5,6]]
GMFAIL 2,7,10,4 1,4,6,8 1,6,4,8 5,4,8,2 | 5 64 18 32 | 8 # m=7 sets=[[0,2,5,6],[1,2,3,6],[1,4,5,6],[3,4,5,6]]
GMFAIL 2,7,10,4 2,4,7,10 1,6,4,8 5,4,8,2 | 5 64 18 32 | 8 # m=7 sets=[[0,2,5,6],[1,2,3,6],[1,4,5,6],[3,4,5,6]]
GMFAIL 2,7,10,4 1,4,6,8 2,5,4,8 5,4,8,2 | 5 64 18 32 | 8 # m=7 sets=[[0,2,5,6],[1,2,3,6],[1,4,5,6],[3,4,5,6]]
GMFAIL 2,7,10,4 2,4,7,10 2,5,4,8 5,4,8,2 | 5 64 18 32 | 8 # m=7 sets=[[0,2,5,6],[1,2,3,6],[1,4,5,6],[3,4,5,6]]
GMFAIL 2,7,10,4 1,4,6,8 2,7,4,10 5,4,8,2 | 5 64 18 32 | 8 # m=7 sets=[[0,2,5,6],[1,2,3,6],[1,4,5,6],[3,4,5,6]]
GMFAIL 2,7,10,4 2,4,7,10 2,7,4,10 5,4,8,2 | 5 64 18 32 | 8 # m=7 sets=[[0,2,5,6],[1,2,3,6],[1,4,5,6],[3,4,5,6]]
GMFAIL 2,7,10,4 1,4,6,8 2,7,6,10 5,4,8,2 | 5 64 18 32 | 8 # m=7 sets=[[0,2,5,6],[1,2,3,6],[1,4,5,6],[3,4,5,6]]
GMFAIL 2,7,10,4 2,4,7,10 2,7,6,10 5,4,8,2 | 5 64 18 32 | 8 # m=7 sets=[[0,2,5,6],[1,2,3,6],[1,4,5,6],[3,4,5,6]]
GMFAIL 2,7,10,4 1,4,6,8 1,6,4,8 5,4,8,2 | 5 64 18 32 | 8 # m=7 sets=[[0,2,5,6],[1,2,3,6],[1,4,5,6],[3,4,5,6]]
GMFAIL 2,7,10,4 2,4,7,10 1,6,4,8 5,4,8,2 | 5 64 18 32 | 8 # m=7 sets=[[0,2,5,6],[1,2,3,6],[1,4,5,6],[3,4,5,6]]
GMFAIL 2,7,10,4 1,4,6,8 1,6,4,8 6,4,8,1 | 5 64 18 32 | 8 # m=7 sets=[[0,2,5,6],[1,2,3,6],[1,4,5,6],[3,4,5,6]]
GMFAIL 2,7,10,4 2,4,7,10 1,6,4,8 6,4,8,1 | 5 64 18 32 | 8 # m=7 sets=[[0,2,5,6],[1,2,3,6],[1,4,5,6],[3,4,5,6]]
GMFAIL 2,7,10,4 1,4,6,8 1,6,4,8 7,4,10,2 | 5 64 18 32 | 8 # m=7 sets=[[0,2,5,6],[1,2,3,6],[1,4,5,6],[3,4,5,6]]
GMFAIL 2,7,10,4 2,4,7,10 1,6,4,8 7,4,10,2 | 5 64 18 32 | 8 # m=7 sets=[[0,2,5,6],[1,2,3,6],[1,4,5,6],[3,4,5,6]]
GMFAIL 2,7,10,4 1,4,6,8 1,6,4,8 7,6,10,2 | 5 64 18 32 | 8 # m=7 sets=[[0,2,5,6],[1,2,3,6],[1,4,5,6],[3,4,5,6]]
GMFAIL 2,7,10,4 2,4,7,10 1,6,4,8 7,6,10,2 | 5 64 18 32 | 8 # m=7 sets=[[0,2,5,6],[1,2,3,6],[1,4,5,6],[3,4,5,6]]
GMFAIL 2,7,10,4 2,4,7,10 1,6,4,8 5,4,8,2 | 5 64 18 32 | 8 # m=7 sets=[[0,2,5,6],[1,2,3,6],[1,4,5,6],[3,4,5,6]]
GMFAIL 2,7,10,4 2,4,7,10 2,5,4,8 5,4,8,2 | 5 64 18 32 | 8 # m=7 sets=[[0,2,5,6],[1,2,3,6],[1,4,5,6],[3,4,5,6]]
GMFAIL 2,7,10,4 2,4,7,10 2,7,4,10 5,4,8,2 | 5 64 18 32 | 8 # m=7 sets=[[0,2,5,6],[1,2,3,6],[1,4,5,6],[3,4,5,6]]
GMFAIL 2,7,10,4 2,4,7,10 2,7,6,10 5,4,8,2 | 5 64 18 32 | 8 # m=7 sets=[[0,2,5,6],[1,2,3,6],[1,4,5,6],[3,4,5,6]]
GMFAIL 2,7,10,4 2,4,7,10 1,6,4,8 6,4,8,1 | 5 64 18 32 | 8 # m=7 sets=[[0,2,5,6],[1,2,3,6],[1,4,5,6],[3,4,5,6]]
GMFAIL 2,7,10,4 2,4,7,10 2,5,4,8 6,4,8,1 | 5 64 18 32 | 8 # m=7 sets=[[0,2,5,6],[1,2,3,6],[1,4,5,6],[3,4,5,6]]
GMFAIL 2,7,10,4 2,4,7,10 2,7,4,10 6,4,8,1 | 5 64 18 32 | 8 # m=7 sets=[[0,2,5,6],[1,2,3,6],[1,4,5,6],[3,4,5,6]]
GMFAIL 2,7,10,4 2,4,7,10 2,7,6,10 6,4,8,1 | 5 64 18 32 | 8 # m=7 sets=[[0,2,5,6],[1,2,3,6],[1,4,5,6],[3,4,5,6]]
GMFAIL 2,7,10,4 2,4,7,10 1,6,4,8 7,4,10,2 | 5 64 18 32 | 8 # m=7 sets=[[0,2,5,6],[1,2,3,6],[1,4,5,6],[3,4,5,6]]
GMFAIL 2,7,10,4 2,4,7,10 2,5,4,8 7,4,10,2 | 5 64 18 32 | 8 # m=7 sets=[[0,2,5,6],[1,2,3,6],[1,4,5,6],[3,4,5,6]]
GMFAIL 2,7,10,4 2,4,7,10 2,7,4,10 7,4,10,2 | 5 64 18 32 | 8 # m=7 sets=[[0,2,5,6],[1,2,3,6],[1,4,5,6],[3,4,5,6]]
GMFAIL 2,7,10,4 2,4,7,10 2,7,6,10 7,4,10,2 | 5 64 18 32 | 8 # m=7 sets=[[0,2,5,6],[1,2,3,6],[1,4,5,6],[3,4,5,6]]
GMFAIL 2,7,10,4 2,4,7,10 1,6,4,8 7,6,10,2 | 5 64 18 32 | 8 # m=7 sets=[[0,2,5,6],[1,2,3,6],[1,4,5,6],[3,4,5,6]]
GMFAIL 2,7,10,4 2,4,7,10 2,5,4,8 7,6,10,2 | 5 64 18 32 | 8 # m=7 sets=[[0,2,5,6],[1,2,3,6],[1,4,5,6],[3,4,5,6]]
GMFAIL 2,7,10,4 2,4,7,10 2,7,4,10 7,6,10,2 | 5 64 18 32 | 8 # m=7 sets=[[0,2,5,6],[1,2,3,6],[1,4,5,6],[3,4,5,6]]
GMFAIL 2,7,10,4 2,4,7,10 2,7,6,10 7,6,10,2 | 5 64 18 32 | 8 # m=7 sets=[[0,2,5,6],[1,2,3,6],[1,4,5,6],[3,4,5,6]]
GMFAIL 1,6,8,4 1,4,6,8 1,6,4,8 6,4,8,1 | 5 64 18 32 | 8 # m=7 sets=[[0,2,5,6],[1,2,3,6],[1,4,5,6],[3,4,5,6]]
GMFAIL 2,5,8,4 1,4,6,8 1,6,4,8 6,4,8,1 | 5 64 18 32 | 8 # m=7 sets=[[0,2,5,6],[1,2,3,6],[1,4,5,6],[3,4,5,6]]
GMFAIL 2,7,10,4 1,4,6,8 1,6,4,8 6,4,8,1 | 5 64 18 32 | 8 # m=7 sets=[[0,2,5,6],[1,2,3,6],[1,4,5,6],[3,4,5,6]]
GMFAIL 2,7,10,6 1,4,6,8 1,6,4,8 6,4,8,1 | 5 64 18 32 | 8 # m=7 sets=[[0,2,5,6],[1,2,3,6],[1,4,5,6],[3,4,5,6]]
GMFAIL 1,6,8,4 2,4,7,10 1,6,4,8 6,4,8,1 | 5 64 18 32 | 8 # m=7 sets=[[0,2,5,6],[1,2,3,6],[1,4,5,6],[3,4,5,6]]
GMFAIL 2,5,8,4 2,4,7,10 1,6,4,8 6,4,8,1 | 5 64 18 32 | 8 # m=7 sets=[[0,2,5,6],[1,2,3,6],[1,4,5,6],[3,4,5,6]]
GMFAIL 2,7,10,4 2,4,7,10 1,6,4,8 6,4,8,1 | 5 64 18 32 | 8 # m=7 sets=[[0,2,5,6],[1,2,3,6],[1,4,5,6],[3,4,5,6]]
GMFAIL 2,7,10,6 2,4,7,10 1,6,4,8 6,4,8,1 | 5 64 18 32 | 8 # m=7 sets=[[0,2,5,6],[1,2,3,6],[1,4,5,6],[3,4,5,6]]
GMFAIL 1,6,8,4 2,4,7,10 1,6,4,8 6,4,8,1 | 5 64 18 32 | 8 # m=7 sets=[[0,2,5,6],[1,2,3,6],[1,4,5,6],[3,4,5,6]]
GMFAIL 2,5,8,4 2,4,7,10 1,6,4,8 6,4,8,1 | 5 64 18 32 | 8 # m=7 sets=[[0,2,5,6],[1,2,3,6],[1,4,5,6],[3,4,5,6]]
GMFAIL 2,7,10,4 2,4,7,10 1,6,4,8 6,4,8,1 | 5 64 18 32 | 8 # m=7 sets=[[0,2,5,6],[1,2,3,6],[1,4,5,6],[3,4,5,6]]
GMFAIL 2,7,10,6 2,4,7,10 1,6,4,8 6,4,8,1 | 5 64 18 32 | 8 # m=7 sets=[[0,2,5,6],[1,2,3,6],[1,4,5,6],[3,4,5,6]]
GMFAIL 1,6,8,4 2,4,7,10 2,5,4,8 6,4,8,1 | 5 64 18 32 | 8 # m=7 sets=[[0,2,5,6],[1,2,3,6],[1,4,5,6],[3,4,5,6]]
GMFAIL 2,5,8,4 2,4,7,10 2,5,4,8 6,4,8,1 | 5 64 18 32 | 8 # m=7 sets=[[0,2,5,6],[1,2,3,6],[1,4,5,6],[3,4,5,6]]
GMFAIL 2,7,10,4 2,4,7,10 2,5,4,8 6,4,8,1 | 5 64 18 32 | 8 # m=7 sets=[[0,2,5,6],[1,2,3,6],[1,4,5,6],[3,4,5,6]]
GMFAIL 2,7,10,6 2,4,7,10 2,5,4,8 6,4,8,1 | 5 64 18 32 | 8 # m=7 sets=[[0,2,5,6],[1,2,3,6],[1,4,5,6],[3,4,5,6]]
GMFAIL 1,6,8,4 2,4,7,10 2,7,4,10 6,4,8,1 | 5 64 18 32 | 8 # m=7 sets=[[0,2,5,6],[1,2,3,6],[1,4,5,6],[3,4,5,6]]
GMFAIL 2,5,8,4 2,4,7,10 2,7,4,10 6,4,8,1 | 5 64 18 32 | 8 # m=7 sets=[[0,2,5,6],[1,2,3,6],[1,4,5,6],[3,4,5,6]]
GMFAIL 2,7,10,4 2,4,7,10 2,7,4,10 6,4,8,1 | 5 64 18 32 | 8 # m=7 sets=[[0,2,5,6],[1,2,3,6],[1,4,5,6],[3,4,5,6]]
GMFAIL 2,7,10,6 2,4,7,10 2,7,4,10 6,4,8,1 | 5 64 18 32 | 8 # m=7 sets=[[0,2,5,6],[1,2,3,6],[1,4,5,6],[3,4,5,6]]
GMFAIL 1,6,8,4 2,4,7,10 2,7,6,10 6,4,8,1 | 5 64 18 32 | 8 # m=7 sets=[[0,2,5,6],[1,2,3,6],[1,4,5,6],[3,4,5,6]]
GMFAIL 2,5,8,4 2,4,7,10 2,7,6,10 6,4,8,1 | 5 64 18 32 | 8 # m=7 sets=[[0,2,5,6],[1,2,3,6],[1,4,5,6],[3,4,5,6]]
GMFAIL 2,7,10,4 2,4,7,10 2,7,6,10 6,4,8,1 | 5 64 18 32 | 8 # m=7 sets=[[0,2,5,6],[1,2,3,6],[1,4,5,6],[3,4,5,6]]
GMFAIL 2,7,10,6 2,4,7,10 2,7,6,10 6,4,8,1 | 5 64 18 32 | 8 # m=7 sets=[[0,2,5,6],[1,2,3,6],[1,4,5,6],[3,4,5,6]]
GMFAIL 1,6,8,4 2,4,7,10 1,6,4,8 5,4,8,2 | 5 64 18 32 | 8 # m=7 sets=[[0,2,5,6],[1,2,3,6],[1,4,5,6],[3,4,5,6]]
GMFAIL 2,5,8,4 2,4,7,10 1,6,4,8 5,4,8,2 | 5 64 18 32 | 8 # m=7 sets=[[0,2,5,6],[1,2,3,6],[1,4,5,6],[3,4,5,6]]
GMFAIL 2,7,10,4 2,4,7,10 1,6,4,8 5,4,8,2 | 5 64 18 32 | 8 # m=7 sets=[[0,2,5,6],[1,2,3,6],[1,4,5,6],[3,4,5,6]]
GMFAIL 2,7,10,6 2,4,7,10 1,6,4,8 5,4,8,2 | 5 64 18 32 | 8 # m=7 sets=[[0,2,5,6],[1,2,3,6],[1,4,5,6],[3,4,5,6]]
GMFAIL 1,6,8,4 2,4,7,10 1,6,4,8 6,4,8,1 | 5 64 18 32 | 8 # m=7 sets=[[0,2,5,6],[1,2,3,6],[1,4,5,6],[3,4,5,6]]
GMFAIL 2,5,8,4 2,4,7,10 1,6,4,8 6,4,8,1 | 5 64 18 32 | 8 # m=7 sets=[[0,2,5,6],[1,2,3,6],[1,4,5,6],[3,4,5,6]]
GMFAIL 2,7,10,4 2,4,7,10 1,6,4,8 6,4,8,1 | 5 64 18 32 | 8 # m=7 sets=[[0,2,5,6],[1,2,3,6],[1,4,5,6],[3,4,5,6]]
GMFAIL 2,7,10,6 2,4,7,10 1,6,4,8 6,4,8,1 | 5 64 18 32 | 8 # m=7 sets=[[0,2,5,6],[1,2,3,6],[1,4,5,6],[3,4,5,6]]
GMFAIL 1,6,8,4 2,4,7,10 1,6,4,8 7,4,10,2 | 5 64 18 32 | 8 # m=7 sets=[[0,2,5,6],[1,2,3,6],[1,4,5,6],[3,4,5,6]]
GMFAIL 2,5,8,4 2,4,7,10 1,6,4,8 7,4,10,2 | 5 64 18 32 | 8 # m=7 sets=[[0,2,5,6],[1,2,3,6],[1,4,5,6],[3,4,5,6]]
GMFAIL 2,7,10,4 2,4,7,10 1,6,4,8 7,4,10,2 | 5 64 18 32 | 8 # m=7 sets=[[0,2,5,6],[1,2,3,6],[1,4,5,6],[3,4,5,6]]
GMFAIL 2,7,10,6 2,4,7,10 1,6,4,8 7,4,10,2 | 5 64 18 32 | 8 # m=7 sets=[[0,2,5,6],[1,2,3,6],[1,4,5,6],[3,4,5,6]]
GMFAIL 1,6,8,4 2,4,7,10 1,6,4,8 7,6,10,2 | 5 64 18 32 | 8 # m=7 sets=[[0,2,5,6],[1,2,3,6],[1,4,5,6],[3,4,5,6]]
GMFAIL 2,5,8,4 2,4,7,10 1,6,4,8 7,6,10,2 | 5 64 18 32 | 8 # m=7 sets=[[0,2,5,6],[1,2,3,6],[1,4,5,6],[3,4,5,6]]
GMFAIL 2,7,10,4 2,4,7,10 1,6,4,8 7,6,10,2 | 5 64 18 32 | 8 # m=7 sets=[[0,2,5,6],[1,2,3,6],[1,4,5,6],[3,4,5,6]]
GMFAIL 2,7,10,6 2,4,7,10 1,6,4,8 7,6,10,2 | 5 64 18 32 | 8 # m=7 sets=[[0,2,5,6],[1,2,3,6],[1,4,5,6],[3,4,5,6]]
GMFAIL 2,7,10,4 1,4,6,8 1,6,4,8 6,4,8,1 | 5 64 18 32 | 8 # m=7 sets=[[0,2,5,6],[1,2,3,6],[1,4,5,6],[3,4,5,6]]
GMFAIL 2,7,10,4 2,4,7,10 1,6,4,8 6,4,8,1 | 5 64 18 32 | 8 # m=7 sets=[[0,2,5,6],[1,2,3,6],[1,4,5,6],[3,4,5,6]]
GMFAIL 2,7,10,4 1,4,6,8 2,5,4,8 6,4,8,1 | 5 64 18 32 | 8 # m=7 sets=[[0,2,5,6],[1,2,3,6],[1,4,5,6],[3,4,5,6]]
GMFAIL 2,7,10,4 2,4,7,10 2,5,4,8 6,4,8,1 | 5 64 18 32 | 8 # m=7 sets=[[0,2,5,6],[1,2,3,6],[1,4,5,6],[3,4,5,6]]
GMFAIL 2,7,10,4 1,4,6,8 2,7,4,10 6,4,8,1 | 5 64 18 32 | 8 # m=7 sets=[[0,2,5,6],[1,2,3,6],[1,4,5,6],[3,4,5,6]]
GMFAIL 2,7,10,4 2,4,7,10 2,7,4,10 6,4,8,1 | 5 64 18 32 | 8 # m=7 sets=[[0,2,5,6],[1,2,3,6],[1,4,5,6],[3,4,5,6]]
GMFAIL 2,7,10,4 1,4,6,8 2,7,6,10 6,4,8,1 | 5 64 18 32 | 8 # m=7 sets=[[0,2,5,6],[1,2,3,6],[1,4,5,6],[3,4,5,6]]
GMFAIL 2,7,10,4 2,4,7,10 2,7,6,10 6,4,8,1 | 5 64 18 32 | 8 # m=7 sets=[[0,2,5,6],[1,2,3,6],[1,4,5,6],[3,4,5,6]]
GMFAIL 2,7,10,4 1,4,6,8 1,6,4,8 5,4,8,2 | 5 64 18 32 | 8 # m=7 sets=[[0,2,5,6],[1,2,3,6],[1,4,5,6],[3,4,5,6]]
GMFAIL 2,7,10,4 2,4,7,10 1,6,4,8 5,4,8,2 | 5 64 18 32 | 8 # m=7 sets=[[0,2,5,6],[1,2,3,6],[1,4,5,6],[3,4,5,6]]
GMFAIL 2,7,10,4 1,4,6,8 1,6,4,8 6,4,8,1 | 5 64 18 32 | 8 # m=7 sets=[[0,2,5,6],[1,2,3,6],[1,4,5,6],[3,4,5,6]]
GMFAIL 2,7,10,4 2,4,7,10 1,6,4,8 6,4,8,1 | 5 64 18 32 | 8 # m=7 sets=[[0,2,5,6],[1,2,3,6],[1,4,5,6],[3,4,5,6]]
GMFAIL 2,7,10,4 1,4,6,8 1,6,4,8 7,4,10,2 | 5 64 18 32 | 8 # m=7 sets=[[0,2,5,6],[1,2,3,6],[1,4,5,6],[3,4,5,6]]
GMFAIL 2,7,10,4 2,4,7,10 1,6,4,8 7,4,10,2 | 5 64 18 32 | 8 # m=7 sets=[[0,2,5,6],[1,2,3,6],[1,4,5,6],[3,4,5,6]]
GMFAIL 2,7,10,4 1,4,6,8 1,6,4,8 7,6,10,2 | 5 64 18 32 | 8 # m=7 sets=[[0,2,5,6],[1,2,3,6],[1,4,5,6],[3,4,5,6]]
GMFAIL 2,7,10,4 2,4,7,10 1,6,4,8 7,6,10,2 | 5 64 18 32 | 8 # m=7 sets=[[0,2,5,6],[1,2,3,6],[1,4,5,6],[3,4,5,6]]
GMFAIL 2,7,10,4 2,4,7,10 1,6,4,8 5,4,8,2 | 5 64 18 32 | 8 # m=7 sets=[[0,2,5,6],[1,2,3,6],[1,4,5,6],[3,4,5,6]]
GMFAIL 2,7,10,4 2,4,7,10 2,5,4,8 5,4,8,2 | 5 64 18 32 | 8 # m=7 sets=[[0,2,5,6],[1,2,3,6],[1,4,5,6],[3,4,5,6]]
GMFAIL 2,7,10,4 2,4,7,10 2,7,4,10 5,4,8,2 | 5 64 18 32 | 8 # m=7 sets=[[0,2,5,6],[1,2,3,6],[1,4,5,6],[3,4,5,6]]
GMFAIL 2,7,10,4 2,4,7,10 2,7,6,10 5,4,8,2 | 5 64 18 32 | 8 # m=7 sets=[[0,2,5,6],[1,2,3,6],[1,4,5,6],[3,4,5,6]]
GMFAIL 2,7,10,4 2,4,7,10 1,6,4,8 6,4,8,1 | 5 64 18 32 | 8 # m=7 sets=[[0,2,5,6],[1,2,3,6],[1,4,5,6],[3,4,5,6]]
GMFAIL 2,7,10,4 2,4,7,10 2,5,4,8 6,4,8,1 | 5 64 18 32 | 8 # m=7 sets=[[0,2,5,6],[1,2,3,6],[1,4,5,6],[3,4,5,6]]
GMFAIL 2,7,10,4 2,4,7,10 2,7,4,10 6,4,8,1 | 5 64 18 32 | 8 # m=7 sets=[[0,2,5,6],[1,2,3,6],[1,4,5,6],[3,4,5,6]]
GMFAIL 2,7,10,4 2,4,7,10 2,7,6,10 6,4,8,1 | 5 64 18 32 | 8 # m=7 sets=[[0,2,5,6],[1,2,3,6],[1,4,5,6],[3,4,5,6]]
GMFAIL 2,7,10,4 2,4,7,10 1,6,4,8 7,4,10,2 | 5 64 18 32 | 8 # m=7 sets=[[0,2,5,6],[1,2,3,6],[1,4,5,6],[3,4,5,6]]
GMFAIL 2,7,10,4 2,4,7,10 2,5,4,8 7,4,10,2 | 5 64 18 32 | 8 # m=7 sets=[[0,2,5,6],[1,2,3,6],[1,4,5,6],[3,4,5,6]]
GMFAIL 2,7,10,4 2,4,7,10 2,7,4,10 7,4,10,2 | 5 64 18 32 | 8 # m=7 sets=[[0,2,5,6],[1,2,3,6],[1,4,5,6],[3,4,5,6]]
GMFAIL 2,7,10,4 2,4,7,10 2,7,6,10 7,4,10,2 | 5 64 18 32 | 8 # m=7 sets=[[0,2,5,6],[1,2,3,6],[1,4,5,6],[3,4,5,6]]
GMFAIL 2,7,10,4 2,4,7,10 1,6,4,8 7,6,10,2 | 5 64 18 32 | 8 # m=7 sets=[[0,2,5,6],[1,2,3,6],[1,4,5,6],[3,4,5,6]]
GMFAIL 2,7,10,4 2,4,7,10 2,5,4,8 7,6,10,2 | 5 64 18 32 | 8 # m=7 sets=[[0,2,5,6],[1,2,3,6],[1,4,5,6],[3,4,5,6]]
GMFAIL 2,7,10,4 2,4,7,10 2,7,4,10 7,6,10,2 | 5 64 18 32 | 8 # m=7 sets=[[0,2,5,6],[1,2,3,6],[1,4,5,6],[3,4,5,6]]
GMFAIL 2,7,10,4 2,4,7,10 2,7,6,10 7,6,10,2 | 5 64 18 32 | 8 # m=7 sets=[[0,2,5,6],[1,2,3,6],[1,4,5,6],[3,4,5,6]]
GMFAIL 1,6,8,4 1,4,6,8 1,6,4,8 7,4,10,2 | 5 64 18 32 | 8 # m=7 sets=[[0,2,5,6],[1,2,3,6],[1,4,5,6],[3,4,5,6]]
GMFAIL 2,5,8,4 1,4,6,8 1,6,4,8 7,4,10,2 | 5 64 18 32 | 8 # m=7 sets=[[0,2,5,6],[1,2,3,6],[1,4,5,6],[3,4,5,6]]
GMFAIL 2,7,10,4 1,4,6,8 1,6,4,8 7,4,10,2 | 5 64 18 32 | 8 # m=7 sets=[[0,2,5,6],[1,2,3,6],[1,4,5,6],[3,4,5,6]]
GMFAIL 2,7,10,6 1,4,6,8 1,6,4,8 7,4,10,2 | 5 64 18 32 | 8 # m=7 sets=[[0,2,5,6],[1,2,3,6],[1,4,5,6],[3,4,5,6]]
GMFAIL 1,6,8,4 2,4,7,10 1,6,4,8 7,4,10,2 | 5 64 18 32 | 8 # m=7 sets=[[0,2,5,6],[1,2,3,6],[1,4,5,6],[3,4,5,6]]
GMFAIL 2,5,8,4 2,4,7,10 1,6,4,8 7,4,10,2 | 5 64 18 32 | 8 # m=7 sets=[[0,2,5,6],[1,2,3,6],[1,4,5,6],[3,4,5,6]]
GMFAIL 2,7,10,4 2,4,7,10 1,6,4,8 7,4,10,2 | 5 64 18 32 | 8 # m=7 sets=[[0,2,5,6],[1,2,3,6],[1,4,5,6],[3,4,5,6]]
GMFAIL 2,7,10,6 2,4,7,10 1,6,4,8 7,4,10,2 | 5 64 18 32 | 8 # m=7 sets=[[0,2,5,6],[1,2,3,6],[1,4,5,6],[3,4,5,6]]
GMFAIL 1,6,8,4 2,4,7,10 1,6,4,8 7,4,10,2 | 5 64 18 32 | 8 # m=7 sets=[[0,2,5,6],[1,2,3,6],[1,4,5,6],[3,4,5,6]]
GMFAIL 2,5,8,4 2,4,7,10 1,6,4,8 7,4,10,2 | 5 64 18 32 | 8 # m=7 sets=[[0,2,5,6],[1,2,3,6],[1,4,5,6],[3,4,5,6]]
GMFAIL 2,7,10,4 2,4,7,10 1,6,4,8 7,4,10,2 | 5 64 18 32 | 8 # m=7 sets=[[0,2,5,6],[1,2,3,6],[1,4,5,6],[3,4,5,6]]
GMFAIL 2,7,10,6 2,4,7,10 1,6,4,8 7,4,10,2 | 5 64 18 32 | 8 # m=7 sets=[[0,2,5,6],[1,2,3,6],[1,4,5,6],[3,4,5,6]]
GMFAIL 1,6,8,4 2,4,7,10 2,5,4,8 7,4,10,2 | 5 64 18 32 | 8 # m=7 sets=[[0,2,5,6],[1,2,3,6],[1,4,5,6],[3,4,5,6]]
GMFAIL 2,5,8,4 2,4,7,10 2,5,4,8 7,4,10,2 | 5 64 18 32 | 8 # m=7 sets=[[0,2,5,6],[1,2,3,6],[1,4,5,6],[3,4,5,6]]
GMFAIL 2,7,10,4 2,4,7,10 2,5,4,8 7,4,10,2 | 5 64 18 32 | 8 # m=7 sets=[[0,2,5,6],[1,2,3,6],[1,4,5,6],[3,4,5,6]]
GMFAIL 2,7,10,6 2,4,7,10 2,5,4,8 7,4,10,2 | 5 64 18 32 | 8 # m=7 sets=[[0,2,5,6],[1,2,3,6],[1,4,5,6],[3,4,5,6]]
GMFAIL 1,6,8,4 2,4,7,10 2,7,4,10 7,4,10,2 | 5 64 18 32 | 8 # m=7 sets=[[0,2,5,6],[1,2,3,6],[1,4,5,6],[3,4,5,6]]
GMFAIL 2,5,8,4 2,4,7,10 2,7,4,10 7,4,10,2 | 5 64 18 32 | 8 # m=7 sets=[[0,2,5,6],[1,2,3,6],[1,4,5,6],[3,4,5,6]]
GMFAIL 2,7,10,4 2,4,7,10 2,7,4,10 7,4,10,2 | 5 64 18 32 | 8 # m=7 sets=[[0,2,5,6],[1,2,3,6],[1,4,5,6],[3,4,5,6]]
GMFAIL 2,7,10,6 2,4,7,10 2,7,4,10 7,4,10,2 | 5 64 18 32 | 8 # m=7 sets=[[0,2,5,6],[1,2,3,6],[1,4,5,6],[3,4,5,6]]
GMFAIL 1,6,8,4 2,4,7,10 2,7,6,10 7,4,10,2 | 5 64 18 32 | 8 # m=7 sets=[[0,2,5,6],[1,2,3,6],[1,4,5,6],[3,4,5,6]]
GMFAIL 2,5,8,4 2,4,7,10 2,7,6,10 7,4,10,2 | 5 64 18 32 | 8 # m=7 sets=[[0,2,5,6],[1,2,3,6],[1,4,5,6],[3,4,5,6]]
GMFAIL 2,7,10,4 2,4,7,10 2,7,6,10 7,4,10,2 | 5 64 18 32 | 8 # m=7 sets=[[0,2,5,6],[1,2,3,6],[1,4,5,6],[3,4,5,6]]
GMFAIL 2,7,10,6 2,4,7,10 2,7,6,10 7,4,10,2 | 5 64 18 32 | 8 # m=7 sets=[[0,2,5,6],[1,2,3,6],[1,4,5,6],[3,4,5,6]]
GMFAIL 2,7,10,4 2,4,7,10 1,6,4,8 5,4,8,2 | 5 64 18 32 | 8 # m=7 sets=[[0,2,5,6],[1,2,3,6],[1,4,5,6],[3,4,5,6]]
GMFAIL 2,7,10,4 2,4,7,10 2,5,4,8 5,4,8,2 | 5 64 18 32 | 8 # m=7 sets=[[0,2,5,6],[1,2,3,6],[1,4,5,6],[3,4,5,6]]
GMFAIL 2,7,10,4 2,4,7,10 2,7,4,10 5,4,8,2 | 5 64 18 32 | 8 # m=7 sets=[[0,2,5,6],[1,2,3,6],[1,4,5,6],[3,4,5,6]]
GMFAIL 2,7,10,4 2,4,7,10 2,7,6,10 5,4,8,2 | 5 64 18 32 | 8 # m=7 sets=[[0,2,5,6],[1,2,3,6],[1,4,5,6],[3,4,5,6]]
GMFAIL 2,7,10,4 2,4,7,10 1,6,4,8 6,4,8,1 | 5 64 18 32 | 8 # m=7 sets=[[0,2,5,6],[1,2,3,6],[1,4,5,6],[3,4,5,6]]
GMFAIL 2,7,10,4 2,4,7,10 2,5,4,8 6,4,8,1 | 5 64 18 32 | 8 # m=7 sets=[[0,2,5,6],[1,2,3,6],[1,4,5,6],[3,4,5,6]]
GMFAIL 2,7,10,4 2,4,7,10 2,7,4,10 6,4,8,1 | 5 64 18 32 | 8 # m=7 sets=[[0,2,5,6],[1,2,3,6],[1,4,5,6],[3,4,5,6]]
GMFAIL 2,7,10,4 2,4,7,10 2,7,6,10 6,4,8,1 | 5 64 18 32 | 8 # m=7 sets=[[0,2,5,6],[1,2,3,6],[1,4,5,6],[3,4,5,6]]
GMFAIL 2,7,10,4 2,4,7,10 1,6,4,8 7,4,10,2 | 5 64 18 32 | 8 # m=7 sets=[[0,2,5,6],[1,2,3,6],[1,4,5,6],[3,4,5,6]]
GMFAIL 2,7,10,4 2,4,7,10 2,5,4,8 7,4,10,2 | 5 64 18 32 | 8 # m=7 sets=[[0,2,5,6],[1,2,3,6],[1,4,5,6],[3,4,5,6]]
GMFAIL 2,7,10,4 2,4,7,10 2,7,4,10 7,4,10,2 | 5 64 18 32 | 8 # m=7 sets=[[0,2,5,6],[1,2,3,6],[1,4,5,6],[3,4,5,6]]
GMFAIL 2,7,10,4 2,4,7,10 2,7,6,10 7,4,10,2 | 5 64 18 32 | 8 # m=7 sets=[[0,2,5,6],[1,2,3,6],[1,4,5,6],[3,4,5,6]]
GMFAIL 2,7,10,4 2,4,7,10 1,6,4,8 7,6,10,2 | 5 64 18 32 | 8 # m=7 sets=[[0,2,5,6],[1,2,3,6],[1,4,5,6],[3,4,5,6]]
GMFAIL 2,7,10,4 2,4,7,10 2,5,4,8 7,6,10,2 | 5 64 18 32 | 8 # m=7 sets=[[0,2,5,6],[1,2,3,6],[1,4,5,6],[3,4,5,6]]
GMFAIL 2,7,10,4 2,4,7,10 2,7,4,10 7,6,10,2 | 5 64 18 32 | 8 # m=7 sets=[[0,2,5,6],[1,2,3,6],[1,4,5,6],[3,4,5,6]]
GMFAIL 2,7,10,4 2,4,7,10 2,7,6,10 7,6,10,2 | 5 64 18 32 | 8 # m=7 sets=[[0,2,5,6],[1,2,3,6],[1,4,5,6],[3,4,5,6]]
GMFAIL 1,6,8,4 2,4,7,10 1,6,4,8 5,4,8,2 | 5 64 18 32 | 8 # m=7 sets=[[0,2,5,6],[1,2,3,6],[1,4,5,6],[3,4,5,6]]
GMFAIL 2,5,8,4 2,4,7,10 1,6,4,8 5,4,8,2 | 5 64 18 32 | 8 # m=7 sets=[[0,2,5,6],[1,2,3,6],[1,4,5,6],[3,4,5,6]]
GMFAIL 2,7,10,4 2,4,7,10 1,6,4,8 5,4,8,2 | 5 64 18 32 | 8 # m=7 sets=[[0,2,5,6],[1,2,3,6],[1,4,5,6],[3,4,5,6]]
GMFAIL 2,7,10,6 2,4,7,10 1,6,4,8 5,4,8,2 | 5 64 18 32 | 8 # m=7 sets=[[0,2,5,6],[1,2,3,6],[1,4,5,6],[3,4,5,6]]
GMFAIL 1,6,8,4 2,4,7,10 1,6,4,8 6,4,8,1 | 5 64 18 32 | 8 # m=7 sets=[[0,2,5,6],[1,2,3,6],[1,4,5,6],[3,4,5,6]]
GMFAIL 2,5,8,4 2,4,7,10 1,6,4,8 6,4,8,1 | 5 64 18 32 | 8 # m=7 sets=[[0,2,5,6],[1,2,3,6],[1,4,5,6],[3,4,5,6]]
GMFAIL 2,7,10,4 2,4,7,10 1,6,4,8 6,4,8,1 | 5 64 18 32 | 8 # m=7 sets=[[0,2,5,6],[1,2,3,6],[1,4,5,6],[3,4,5,6]]
GMFAIL 2,7,10,6 2,4,7,10 1,6,4,8 6,4,8,1 | 5 64 18 32 | 8 # m=7 sets=[[0,2,5,6],[1,2,3,6],[1,4,5,6],[3,4,5,6]]
GMFAIL 1,6,8,4 2,4,7,10 1,6,4,8 7,4,10,2 | 5 64 18 32 | 8 # m=7 sets=[[0,2,5,6],[1,2,3,6],[1,4,5,6],[3,4,5,6]]
GMFAIL 2,5,8,4 2,4,7,10 1,6,4,8 7,4,10,2 | 5 64 18 32 | 8 # m=7 sets=[[0,2,5,6],[1,2,3,6],[1,4,5,6],[3,4,5,6]]
GMFAIL 2,7,10,4 2,4,7,10 1,6,4,8 7,4,10,2 | 5 64 18 32 | 8 # m=7 sets=[[0,2,5,6],[1,2,3,6],[1,4,5,6],[3,4,5,6]]
GMFAIL 2,7,10,6 2,4,7,10 1,6,4,8 7,4,10,2 | 5 64 18 32 | 8 # m=7 sets=[[0,2,5,6],[1,2,3,6],[1,4,5,6],[3,4,5,6]]
GMFAIL 1,6,8,4 2,4,7,10 1,6,4,8 7,6,10,2 | 5 64 18 32 | 8 # m=7 sets=[[0,2,5,6],[1,2,3,6],[1,4,5,6],[3,4,5,6]]
GMFAIL 2,5,8,4 2,4,7,10 1,6,4,8 7,6,10,2 | 5 64 18 32 | 8 # m=7 sets=[[0,2,5,6],[1,2,3,6],[1,4,5,6],[3,4,5,6]]
GMFAIL 2,7,10,4 2,4,7,10 1,6,4,8 7,6,10,2 | 5 64 18 32 | 8 # m=7 sets=[[0,2,5,6],[1,2,3,6],[1,4,5,6],[3,4,5,6]]
GMFAIL 2,7,10,6 2,4,7,10 1,6,4,8 7,6,10,2 | 5 64 18 32 | 8 # m=7 sets=[[0,2,5,6],[1,2,3,6],[1,4,5,6],[3,4,5,6]]
GMFAIL 2,7,10,4 1,4,6,8 1,6,4,8 7,4,10,2 | 5 64 18 32 | 8 # m=7 sets=[[0,2,5,6],[1,2,3,6],[1,4,5,6],[3,4,5,6]]
GMFAIL 2,7,10,4 2,4,7,10 1,6,4,8 7,4,10,2 | 5 64 18 32 | 8 # m=7 sets=[[0,2,5,6],[1,2,3,6],[1,4,5,6],[3,4,5,6]]
GMFAIL 2,7,10,4 1,4,6,8 2,5,4,8 7,4,10,2 | 5 64 18 32 | 8 # m=7 sets=[[0,2,5,6],[1,2,3,6],[1,4,5,6],[3,4,5,6]]
GMFAIL 2,7,10,4 2,4,7,10 2,5,4,8 7,4,10,2 | 5 64 18 32 | 8 # m=7 sets=[[0,2,5,6],[1,2,3,6],[1,4,5,6],[3,4,5,6]]
GMFAIL 2,7,10,4 1,4,6,8 2,7,4,10 7,4,10,2 | 5 64 18 32 | 8 # m=7 sets=[[0,2,5,6],[1,2,3,6],[1,4,5,6],[3,4,5,6]]
GMFAIL 2,7,10,4 2,4,7,10 2,7,4,10 7,4,10,2 | 5 64 18 32 | 8 # m=7 sets=[[0,2,5,6],[1,2,3,6],[1,4,5,6],[3,4,5,6]]
GMFAIL 2,7,10,4 1,4,6,8 2,7,6,10 7,4,10,2 | 5 64 18 32 | 8 # m=7 sets=[[0,2,5,6],[1,2,3,6],[1,4,5,6],[3,4,5,6]]
GMFAIL 2,7,10,4 2,4,7,10 2,7,6,10 7,4,10,2 | 5 64 18 32 | 8 # m=7 sets=[[0,2,5,6],[1,2,3,6],[1,4,5,6],[3,4,5,6]]
GMFAIL 2,7,10,4 1,4,6,8 1,6,4,8 5,4,8,2 | 5 64 18 32 | 8 # m=7 sets=[[0,2,5,6],[1,2,3,6],[1,4,5,6],[3,4,5,6]]
GMFAIL 2,7,10,4 2,4,7,10 1,6,4,8 5,4,8,2 | 5 64 18 32 | 8 # m=7 sets=[[0,2,5,6],[1,2,3,6],[1,4,5,6],[3,4,5,6]]
GMFAIL 2,7,10,4 1,4,6,8 1,6,4,8 6,4,8,1 | 5 64 18 32 | 8 # m=7 sets=[[0,2,5,6],[1,2,3,6],[1,4,5,6],[3,4,5,6]]
GMFAIL 2,7,10,4 2,4,7,10 1,6,4,8 6,4,8,1 | 5 64 18 32 | 8 # m=7 sets=[[0,2,5,6],[1,2,3,6],[1,4,5,6],[3,4,5,6]]
GMFAIL 2,7,10,4 1,4,6,8 1,6,4,8 7,4,10,2 | 5 64 18 32 | 8 # m=7 sets=[[0,2,5,6],[1,2,3,6],[1,4,5,6],[3,4,5,6]]
GMFAIL 2,7,10,4 2,4,7,10 1,6,4,8 7,4,10,2 | 5 64 18 32 | 8 # m=7 sets=[[0,2,5,6],[1,2,3,6],[1,4,5,6],[3,4,5,6]]
GMFAIL 2,7,10,4 1,4,6,8 1,6,4,8 7,6,10,2 | 5 64 18 32 | 8 # m=7 sets=[[0,2,5,6],[1,2,3,6],[1,4,5,6],[3,4,5,6]]
GMFAIL 2,7,10,4 2,4,7,10 1,6,4,8 7,6,10,2 | 5 64 18 32 | 8 # m=7 sets=[[0,2,5,6],[1,2,3,6],[1,4,5,6],[3,4,5,6]]
GMFAIL 1,6,8,4 1,4,6,8 1,6,4,8 7,6,10,2 | 5 64 18 32 | 8 # m=7 sets=[[0,2,5,6],[1,2,3,6],[1,4,5,6],[3,4,5,6]]
GMFAIL 2,5,8,4 1,4,6,8 1,6,4,8 7,6,10,2 | 5 64 18 32 | 8 # m=7 sets=[[0,2,5,6],[1,2,3,6],[1,4,5,6],[3,4,5,6]]
GMFAIL 2,7,10,4 1,4,6,8 1,6,4,8 7,6,10,2 | 5 64 18 32 | 8 # m=7 sets=[[0,2,5,6],[1,2,3,6],[1,4,5,6],[3,4,5,6]]
GMFAIL 2,7,10,6 1,4,6,8 1,6,4,8 7,6,10,2 | 5 64 18 32 | 8 # m=7 sets=[[0,2,5,6],[1,2,3,6],[1,4,5,6],[3,4,5,6]]
GMFAIL 1,6,8,4 2,4,7,10 1,6,4,8 7,6,10,2 | 5 64 18 32 | 8 # m=7 sets=[[0,2,5,6],[1,2,3,6],[1,4,5,6],[3,4,5,6]]
GMFAIL 2,5,8,4 2,4,7,10 1,6,4,8 7,6,10,2 | 5 64 18 32 | 8 # m=7 sets=[[0,2,5,6],[1,2,3,6],[1,4,5,6],[3,4,5,6]]
GMFAIL 2,7,10,4 2,4,7,10 1,6,4,8 7,6,10,2 | 5 64 18 32 | 8 # m=7 sets=[[0,2,5,6],[1,2,3,6],[1,4,5,6],[3,4,5,6]]
GMFAIL 2,7,10,6 2,4,7,10 1,6,4,8 7,6,10,2 | 5 64 18 32 | 8 # m=7 sets=[[0,2,5,6],[1,2,3,6],[1,4,5,6],[3,4,5,6]]
GMFAIL 1,6,8,4 2,4,7,10 1,6,4,8 7,6,10,2 | 5 64 18 32 | 8 # m=7 sets=[[0,2,5,6],[1,2,3,6],[1,4,5,6],[3,4,5,6]]
GMFAIL 2,5,8,4 2,4,7,10 1,6,4,8 7,6,10,2 | 5 64 18 32 | 8 # m=7 sets=[[0,2,5,6],[1,2,3,6],[1,4,5,6],[3,4,5,6]]
GMFAIL 2,7,10,4 2,4,7,10 1,6,4,8 7,6,10,2 | 5 64 18 32 | 8 # m=7 sets=[[0,2,5,6],[1,2,3,6],[1,4,5,6],[3,4,5,6]]
GMFAIL 2,7,10,6 2,4,7,10 1,6,4,8 7,6,10,2 | 5 64 18 32 | 8 # m=7 sets=[[0,2,5,6],[1,2,3,6],[1,4,5,6],[3,4,5,6]]
GMFAIL 1,6,8,4 2,4,7,10 2,5,4,8 7,6,10,2 | 5 64 18 32 | 8 # m=7 sets=[[0,2,5,6],[1,2,3,6],[1,4,5,6],[3,4,5,6]]
GMFAIL 2,5,8,4 2,4,7,10 2,5,4,8 7,6,10,2 | 5 64 18 32 | 8 # m=7 sets=[[0,2,5,6],[1,2,3,6],[1,4,5,6],[3,4,5,6]]
GMFAIL 2,7,10,4 2,4,7,10 2,5,4,8 7,6,10,2 | 5 64 18 32 | 8 # m=7 sets=[[0,2,5,6],[1,2,3,6],[1,4,5,6],[3,4,5,6]]
GMFAIL 2,7,10,6 2,4,7,10 2,5,4,8 7,6,10,2 | 5 64 18 32 | 8 # m=7 sets=[[0,2,5,6],[1,2,3,6],[1,4,5,6],[3,4,5,6]]
GMFAIL 1,6,8,4 2,4,7,10 2,7,4,10 7,6,10,2 | 5 64 18 32 | 8 # m=7 sets=[[0,2,5,6],[1,2,3,6],[1,4,5,6],[3,4,5,6]]
GMFAIL 2,5,8,4 2,4,7,10 2,7,4,10 7,6,10,2 | 5 64 18 32 | 8 # m=7 sets=[[0,2,5,6],[1,2,3,6],[1,4,5,6],[3,4,5,6]]
GMFAIL 2,7,10,4 2,4,7,10 2,7,4,10 7,6,10,2 | 5 64 18 32 | 8 # m=7 sets=[[0,2,5,6],[1,2,3,6],[1,4,5,6],[3,4,5,6]]
GMFAIL 2,7,10,6 2,4,7,10 2,7,4,10 7,6,10,2 | 5 64 18 32 | 8 # m=7 sets=[[0,2,5,6],[1,2,3,6],[1,4,5,6],[3,4,5,6]]
GMFAIL 1,6,8,4 2,4,7,10 2,7,6,10 7,6,10,2 | 5 64 18 32 | 8 # m=7 sets=[[0,2,5,6],[1,2,3,6],[1,4,5,6],[3,4,5,6]]
GMFAIL 2,5,8,4 2,4,7,10 2,7,6,10 7,6,10,2 | 5 64 18 32 | 8 # m=7 sets=[[0,2,5,6],[1,2,3,6],[1,4,5,6],[3,4,5,6]]
GMFAIL 2,7,10,4 2,4,7,10 2,7,6,10 7,6,10,2 | 5 64 18 32 | 8 # m=7 sets=[[0,2,5,6],[1,2,3,6],[1,4,5,6],[3,4,5,6]]
GMFAIL 2,7,10,6 2,4,7,10 2,7,6,10 7,6,10,2 | 5 64 18 32 | 8 # m=7 sets=[[0,2,5,6],[1,2,3,6],[1,4,5,6],[3,4,5,6]]
GMFAIL 2,7,10,4 1,4,6,8 1,6,4,8 7,6,10,2 | 5 64 18 32 | 8 # m=7 sets=[[0,2,5,6],[1,2,3,6],[1,4,5,6],[3,4,5,6]]
GMFAIL 2,7,10,4 2,4,7,10 1,6,4,8 7,6,10,2 | 5 64 18 32 | 8 # m=7 sets=[[0,2,5,6],[1,2,3,6],[1,4,5,6],[3,4,5,6]]
GMFAIL 2,7,10,4 1,4,6,8 2,5,4,8 7,6,10,2 | 5 64 18 32 | 8 # m=7 sets=[[0,2,5,6],[1,2,3,6],[1,4,5,6],[3,4,5,6]]
GMFAIL 2,7,10,4 2,4,7,10 2,5,4,8 7,6,10,2 | 5 64 18 32 | 8 # m=7 sets=[[0,2,5,6],[1,2,3,6],[1,4,5,6],[3,4,5,6]]
GMFAIL 2,7,10,4 1,4,6,8 2,7,4,10 7,6,10,2 | 5 64 18 32 | 8 # m=7 sets=[[0,2,5,6],[1,2,3,6],[1,4,5,6],[3,4,5,6]]
GMFAIL 2,7,10,4 2,4,7,10 2,7,4,10 7,6,10,2 | 5 64 18 32 | 8 # m=7 sets=[[0,2,5,6],[1,2,3,6],[1,4,5,6],[3,4,5,6]]
GMFAIL 2,7,10,4 1,4,6,8 2,7,6,10 7,6,10,2 | 5 64 18 32 | 8 # m=7 sets=[[0,2,5,6],[1,2,3,6],[1,4,5,6],[3,4,5,6]]
GMFAIL 2,7,10,4 2,4,7,10 2,7,6,10 7,6,10,2 | 5 64 18 32 | 8 # m=7 sets=[[0,2,5,6],[1,2,3,6],[1,4,5,6],[3,4,5,6]]
GMFAIL 1,6,8,4 2,4,7,10 1,6,4,8 5,4,8,2 | 5 64 18 32 | 8 # m=7 sets=[[0,2,5,6],[1,2,3,6],[1,4,5,6],[3,4,5,6]]
GMFAIL 2,5,8,4 2,4,7,10 1,6,4,8 5,4,8,2 | 5 64 18 32 | 8 # m=7 sets=[[0,2,5,6],[1,2,3,6],[1,4,5,6],[3,4,5,6]]
GMFAIL 2,7,10,4 2,4,7,10 1,6,4,8 5,4,8,2 | 5 64 18 32 | 8 # m=7 sets=[[0,2,5,6],[1,2,3,6],[1,4,5,6],[3,4,5,6]]
GMFAIL 2,7,10,6 2,4,7,10 1,6,4,8 5,4,8,2 | 5 64 18 32 | 8 # m=7 sets=[[0,2,5,6],[1,2,3,6],[1,4,5,6],[3,4,5,6]]
GMFAIL 1,6,8,4 2,4,7,10 1,6,4,8 6,4,8,1 | 5 64 18 32 | 8 # m=7 sets=[[0,2,5,6],[1,2,3,6],[1,4,5,6],[3,4,5,6]]
GMFAIL 2,5,8,4 2,4,7,10 1,6,4,8 6,4,8,1 | 5 64 18 32 | 8 # m=7 sets=[[0,2,5,6],[1,2,3,6],[1,4,5,6],[3,4,5,6]]
GMFAIL 2,7,10,4 2,4,7,10 1,6,4,8 6,4,8,1 | 5 64 18 32 | 8 # m=7 sets=[[0,2,5,6],[1,2,3,6],[1,4,5,6],[3,4,5,6]]
GMFAIL 2,7,10,6 2,4,7,10 1,6,4,8 6,4,8,1 | 5 64 18 32 | 8 # m=7 sets=[[0,2,5,6],[1,2,3,6],[1,4,5,6],[3,4,5,6]]
GMFAIL 1,6,8,4 2,4,7,10 1,6,4,8 7,4,10,2 | 5 64 18 32 | 8 # m=7 sets=[[0,2,5,6],[1,2,3,6],[1,4,5,6],[3,4,5,6]]
GMFAIL 2,5,8,4 2,4,7,10 1,6,4,8 7,4,10,2 | 5 64 18 32 | 8 # m=7 sets=[[0,2,5,6],[1,2,3,6],[1,4,5,6],[3,4,5,6]]
GMFAIL 2,7,10,4 2,4,7,10 1,6,4,8 7,4,10,2 | 5 64 18 32 | 8 # m=7 sets=[[0,2,5,6],[1,2,3,6],[1,4,5,6],[3,4,5,6]]
GMFAIL 2,7,10,6 2,4,7,10 1,6,4,8 7,4,10,2 | 5 64 18 32 | 8 # m=7 sets=[[0,2,5,6],[1,2,3,6],[1,4,5,6],[3,4,5,6]]
GMFAIL 1,6,8,4 2,4,7,10 1,6,4,8 7,6,10,2 | 5 64 18 32 | 8 # m=7 sets=[[0,2,5,6],[1,2,3,6],[1,4,5,6],[3,4,5,6]]
GMFAIL 2,5,8,4 2,4,7,10 1,6,4,8 7,6,10,2 | 5 64 18 32 | 8 # m=7 sets=[[0,2,5,6],[1,2,3,6],[1,4,5,6],[3,4,5,6]]
GMFAIL 2,7,10,4 2,4,7,10 1,6,4,8 7,6,10,2 | 5 64 18 32 | 8 # m=7 sets=[[0,2,5,6],[1,2,3,6],[1,4,5,6],[3,4,5,6]]
GMFAIL 2,7,10,6 2,4,7,10 1,6,4,8 7,6,10,2 | 5 64 18 32 | 8 # m=7 sets=[[0,2,5,6],[1,2,3,6],[1,4,5,6],[3,4,5,6]]
GMFAIL 2,7,10,4 2,4,7,10 1,6,4,8 5,4,8,2 | 5 64 18 32 | 8 # m=7 sets=[[0,2,5,6],[1,2,3,6],[1,4,5,6],[3,4,5,6]]
GMFAIL 2,7,10,4 2,4,7,10 2,5,4,8 5,4,8,2 | 5 64 18 32 | 8 # m=7 sets=[[0,2,5,6],[1,2,3,6],[1,4,5,6],[3,4,5,6]]
GMFAIL 2,7,10,4 2,4,7,10 2,7,4,10 5,4,8,2 | 5 64 18 32 | 8 # m=7 sets=[[0,2,5,6],[1,2,3,6],[1,4,5,6],[3,4,5,6]]
GMFAIL 2,7,10,4 2,4,7,10 2,7,6,10 5,4,8,2 | 5 64 18 32 | 8 # m=7 sets=[[0,2,5,6],[1,2,3,6],[1,4,5,6],[3,4,5,6]]
GMFAIL 2,7,10,4 2,4,7,10 1,6,4,8 6,4,8,1 | 5 64 18 32 | 8 # m=7 sets=[[0,2,5,6],[1,2,3,6],[1,4,5,6],[3,4,5,6]]
GMFAIL 2,7,10,4 2,4,7,10 2,5,4,8 6,4,8,1 | 5 64 18 32 | 8 # m=7 sets=[[0,2,5,6],[1,2,3,6],[1,4,5,6],[3,4,5,6]]
GMFAIL 2,7,10,4 2,4,7,10 2,7,4,10 6,4,8,1 | 5 64 18 32 | 8 # m=7 sets=[[0,2,5,6],[1,2,3,6],[1,4,5,6],[3,4,5,6]]
GMFAIL 2,7,10,4 2,4,7,10 2,7,6,10 6,4,8,1 | 5 64 18 32 | 8 # m=7 sets=[[0,2,5,6],[1,2,3,6],[1,4,5,6],[3,4,5,6]]
GMFAIL 2,7,10,4 2,4,7,10 1,6,4,8 7,4,10,2 | 5 64 18 32 | 8 # m=7 sets=[[0,2,5,6],[1,2,3,6],[1,4,5,6],[3,4,5,6]]
GMFAIL 2,7,10,4 2,4,7,10 2,5,4,8 7,4,10,2 | 5 64 18 32 | 8 # m=7 sets=[[0,2,5,6],[1,2,3,6],[1,4,5,6],[3,4,5,6]]
GMFAIL 2,7,10,4 2,4,7,10 2,7,4,10 7,4,10,2 | 5 64 18 32 | 8 # m=7 sets=[[0,2,5,6],[1,2,3,6],[1,4,5,6],[3,4,5,6]]
GMFAIL 2,7,10,4 2,4,7,10 2,7,6,10 7,4,10,2 | 5 64 18 32 | 8 # m=7 sets=[[0,2,5,6],[1,2,3,6],[1,4,5,6],[3,4,5,6]]
GMFAIL 2,7,10,4 2,4,7,10 1,6,4,8 7,6,10,2 | 5 64 18 32 | 8 # m=7 sets=[[0,2,5,6],[1,2,3,6],[1,4,5,6],[3,4,5,6]]
GMFAIL 2,7,10,4 2,4,7,10 2,5,4,8 7,6,10,2 | 5 64 18 32 | 8 # m=7 sets=[[0,2,5,6],[1,2,3,6],[1,4,5,6],[3,4,5,6]]
GMFAIL 2,7,10,4 2,4,7,10 2,7,4,10 7,6,10,2 | 5 64 18 32 | 8 # m=7 sets=[[0,2,5,6],[1,2,3,6],[1,4,5,6],[3,4,5,6]]
GMFAIL 2,7,10,4 2,4,7,10 2,7,6,10 7,6,10,2 | 5 64 18 32 | 8 # m=7 sets=[[0,2,5,6],[1,2,3,6],[1,4,5,6],[3,4,5,6]]
GMFAIL 2,7,10,4 1,4,6,8 1,6,4,8 5,4,8,2 | 5 64 18 32 | 8 # m=7 sets=[[0,2,5,6],[1,2,3,6],[1,4,5,6],[3,4,5,6]]
GMFAIL 2,7,10,4 2,4,7,10 1,6,4,8 5,4,8,2 | 5 64 18 32 | 8 # m=7 sets=[[0,2,5,6],[1,2,3,6],[1,4,5,6],[3,4,5,6]]
GMFAIL 2,7,10,4 1,4,6,8 1,6,4,8 6,4,8,1 | 5 64 18 32 | 8 # m=7 sets=[[0,2,5,6],[1,2,3,6],[1,4,5,6],[3,4,5,6]]
GMFAIL 2,7,10,4 2,4,7,10 1,6,4,8 6,4,8,1 | 5 64 18 32 | 8 # m=7 sets=[[0,2,5,6],[1,2,3,6],[1,4,5,6],[3,4,5,6]]
GMFAIL 2,7,10,4 1,4,6,8 1,6,4,8 7,4,10,2 | 5 64 18 32 | 8 # m=7 sets=[[0,2,5,6],[1,2,3,6],[1,4,5,6],[3,4,5,6]]
GMFAIL 2,7,10,4 2,4,7,10 1,6,4,8 7,4,10,2 | 5 64 18 32 | 8 # m=7 sets=[[0,2,5,6],[1,2,3,6],[1,4,5,6],[3,4,5,6]]
GMFAIL 2,7,10,4 1,4,6,8 1,6,4,8 7,6,10,2 | 5 64 18 32 | 8 # m=7 sets=[[0,2,5,6],[1,2,3,6],[1,4,5,6],[3,4,5,6]]
GMFAIL 2,7,10,4 2,4,7,10 1,6,4,8 7,6,10,2 | 5 64 18 32 | 8 # m=7 sets=[[0,2,5,6],[1,2,3,6],[1,4,5,6],[3,4,5,6]]
GMFAIL 1,6,8,4 2,5,4,8 4,5,2,8 5,4,8,2 | 5 18 64 32 | 8 # m=7 sets=[[0,2,5,6],[1,4,5,6],[2,3,4,6],[3,4,5,6]]
GMFAIL 2,5,8,4 2,5,4,8 4,5,2,8 5,4,8,2 | 5 18 64 32 | 8 # m=7 sets=[[0,2,5,6],[1,4,5,6],[2,3,4,6],[3,4,5,6]]
GMFAIL 2,7,10,4 2,5,4,8 4,5,2,8 5,4,8,2 | 5 18 64 32 | 8 # m=7 sets=[[0,2,5,6],[1,4,5,6],[2,3,4,6],[3,4,5,6]]
GMFAIL 2,7,10,6 2,5,4,8 4,5,2,8 5,4,8,2 | 5 18 64 32 | 8 # m=7 sets=[[0,2,5,6],[1,4,5,6],[2,3,4,6],[3,4,5,6]]
GMFAIL 1,6,8,4 2,5,4,8 4,6,1,8 5,4,8,2 | 5 18 64 32 | 8 # m=7 sets=[[0,2,5,6],[1,4,5,6],[2,3,4,6],[3,4,5,6]]
GMFAIL 2,5,8,4 2,5,4,8 4,6,1,8 5,4,8,2 | 5 18 64 32 | 8 # m=7 sets=[[0,2,5,6],[1,4,5,6],[2,3,4,6],[3,4,5,6]]
GMFAIL 2,7,10,4 2,5,4,8 4,6,1,8 5,4,8,2 | 5 18 64 32 | 8 # m=7 sets=[[0,2,5,6],[1,4,5,6],[2,3,4,6],[3,4,5,6]]
GMFAIL 2,7,10,6 2,5,4,8 4,6,1,8 5,4,8,2 | 5 18 64 32 | 8 # m=7 sets=[[0,2,5,6],[1,4,5,6],[2,3,4,6],[3,4,5,6]]
GMFAIL 1,6,8,4 2,5,4,8 4,7,2,10 5,4,8,2 | 5 18 64 32 | 8 # m=7 sets=[[0,2,5,6],[1,4,5,6],[2,3,4,6],[3,4,5,6]]
GMFAIL 2,5,8,4 2,5,4,8 4,7,2,10 5,4,8,2 | 5 18 64 32 | 8 # m=7 sets=[[0,2,5,6],[1,4,5,6],[2,3,4,6],[3,4,5,6]]
GMFAIL 2,7,10,4 2,5,4,8 4,7,2,10 5,4,8,2 | 5 18 64 32 | 8 # m=7 sets=[[0,2,5,6],[1,4,5,6],[2,3,4,6],[3,4,5,6]]
GMFAIL 2,7,10,6 2,5,4,8 4,7,2,10 5,4,8,2 | 5 18 64 32 | 8 # m=7 sets=[[0,2,5,6],[1,4,5,6],[2,3,4,6],[3,4,5,6]]
GMFAIL 1,6,8,4 2,5,4,8 6,7,2,10 5,4,8,2 | 5 18 64 32 | 8 # m=7 sets=[[0,2,5,6],[1,4,5,6],[2,3,4,6],[3,4,5,6]]
GMFAIL 2,5,8,4 2,5,4,8 6,7,2,10 5,4,8,2 | 5 18 64 32 | 8 # m=7 sets=[[0,2,5,6],[1,4,5,6],[2,3,4,6],[3,4,5,6]]
GMFAIL 2,7,10,4 2,5,4,8 6,7,2,10 5,4,8,2 | 5 18 64 32 | 8 # m=7 sets=[[0,2,5,6],[1,4,5,6],[2,3,4,6],[3,4,5,6]]
GMFAIL 2,7,10,6 2,5,4,8 6,7,2,10 5,4,8,2 | 5 18 64 32 | 8 # m=7 sets=[[0,2,5,6],[1,4,5,6],[2,3,4,6],[3,4,5,6]]
GMFAIL 1,6,8,4 1,6,4,8 4,5,2,8 5,4,8,2 | 5 18 64 32 | 8 # m=7 sets=[[0,2,5,6],[1,4,5,6],[2,3,4,6],[3,4,5,6]]
GMFAIL 2,5,8,4 1,6,4,8 4,5,2,8 5,4,8,2 | 5 18 64 32 | 8 # m=7 sets=[[0,2,5,6],[1,4,5,6],[2,3,4,6],[3,4,5,6]]
GMFAIL 2,7,10,4 1,6,4,8 4,5,2,8 5,4,8,2 | 5 18 64 32 | 8 # m=7 sets=[[0,2,5,6],[1,4,5,6],[2,3,4,6],[3,4,5,6]]
GMFAIL 2,7,10,6 1,6,4,8 4,5,2,8 5,4,8,2 | 5 18 64 32 | 8 # m=7 sets=[[0,2,5,6],[1,4,5,6],[2,3,4,6],[3,4,5,6]]
GMFAIL 1,6,8,4 2,5,4,8 4,5,2,8 5,4,8,2 | 5 18 64 32 | 8 # m=7 sets=[[0,2,5,6],[1,4,5,6],[2,3,4,6],[3,4,5,6]]
GMFAIL 2,5,8,4 2,5,4,8 4,5,2,8 5,4,8,2 | 5 18 64 32 | 8 # m=7 sets=[[0,2,5,6],[1,4,5,6],[2,3,4,6],[3,4,5,6]]
GMFAIL 2,7,10,4 2,5,4,8 4,5,2,8 5,4,8,2 | 5 18 64 32 | 8 # m=7 sets=[[0,2,5,6],[1,4,5,6],[2,3,4,6],[3,4,5,6]]
GMFAIL 2,7,10,6 2,5,4,8 4,5,2,8 5,4,8,2 | 5 18 64 32 | 8 # m=7 sets=[[0,2,5,6],[1,4,5,6],[2,3,4,6],[3,4,5,6]]
GMFAIL 1,6,8,4 2,7,4,10 4,5,2,8 5,4,8,2 | 5 18 64 32 | 8 # m=7 sets=[[0,2,5,6],[1,4,5,6],[2,3,4,6],[3,4,5,6]]
GMFAIL 2,5,8,4 2,7,4,10 4,5,2,8 5,4,8,2 | 5 18 64 32 | 8 # m=7 sets=[[0,2,5,6],[1,4,5,6],[2,3,4,6],[3,4,5,6]]
GMFAIL 2,7,10,4 2,7,4,10 4,5,2,8 5,4,8,2 | 5 18 64 32 | 8 # m=7 sets=[[0,2,5,6],[1,4,5,6],[2,3,4,6],[3,4,5,6]]
GMFAIL 2,7,10,6 2,7,4,10 4,5,2,8 5,4,8,2 | 5 18 64 32 | 8 # m=7 sets=[[0,2,5,6],[1,4,5,6],[2,3,4,6],[3,4,5,6]]
GMFAIL 1,6,8,4 2,7,6,10 4,5,2,8 5,4,8,2 | 5 18 64 32 | 8 # m=7 sets=[[0,2,5,6],[1,4,5,6],[2,3,4,6],[3,4,5,6]]
GMFAIL 2,5,8,4 2,7,6,10 4,5,2,8 5,4,8,2 | 5 18 64 32 | 8 # m=7 sets=[[0,2,5,6],[1,4,5,6],[2,3,4,6],[3,4,5,6]]
GMFAIL 2,7,10,4 2,7,6,10 4,5,2,8 5,4,8,2 | 5 18 64 32 | 8 # m=7 sets=[[0,2,5,6],[1,4,5,6],[2,3,4,6],[3,4,5,6]]
GMFAIL 2,7,10,6 2,7,6,10 4,5,2,8 5,4,8,2 | 5 18 64 32 | 8 # m=7 sets=[[0,2,5,6],[1,4,5,6],[2,3,4,6],[3,4,5,6]]
GMFAIL 2,7,10,4 2,5,4,8 4,5,2,8 5,4,8,2 | 5 18 64 32 | 8 # m=7 sets=[[0,2,5,6],[1,4,5,6],[2,3,4,6],[3,4,5,6]]
GMFAIL 2,7,10,4 2,5,4,8 4,6,1,8 5,4,8,2 | 5 18 64 32 | 8 # m=7 sets=[[0,2,5,6],[1,4,5,6],[2,3,4,6],[3,4,5,6]]
GMFAIL 2,7,10,4 2,5,4,8 4,7,2,10 5,4,8,2 | 5 18 64 32 | 8 # m=7 sets=[[0,2,5,6],[1,4,5,6],[2,3,4,6],[3,4,5,6]]
GMFAIL 2,7,10,4 2,5,4,8 6,7,2,10 5,4,8,2 | 5 18 64 32 | 8 # m=7 sets=[[0,2,5,6],[1,4,5,6],[2,3,4,6],[3,4,5,6]]
GMFAIL 2,7,10,4 2,5,4,8 4,5,2,8 6,4,8,1 | 5 18 64 32 | 8 # m=7 sets=[[0,2,5,6],[1,4,5,6],[2,3,4,6],[3,4,5,6]]
GMFAIL 2,7,10,4 2,5,4,8 4,6,1,8 6,4,8,1 | 5 18 64 32 | 8 # m=7 sets=[[0,2,5,6],[1,4,5,6],[2,3,4,6],[3,4,5,6]]
GMFAIL 2,7,10,4 2,5,4,8 4,7,2,10 6,4,8,1 | 5 18 64 32 | 8 # m=7 sets=[[0,2,5,6],[1,4,5,6],[2,3,4,6],[3,4,5,6]]
GMFAIL 2,7,10,4 2,5,4,8 6,7,2,10 6,4,8,1 | 5 18 64 32 | 8 # m=7 sets=[[0,2,5,6],[1,4,5,6],[2,3,4,6],[3,4,5,6]]
GMFAIL 2,7,10,4 2,5,4,8 4,5,2,8 7,4,10,2 | 5 18 64 32 | 8 # m=7 sets=[[0,2,5,6],[1,4,5,6],[2,3,4,6],[3,4,5,6]]
GMFAIL 2,7,10,4 2,5,4,8 4,6,1,8 7,4,10,2 | 5 18 64 32 | 8 # m=7 sets=[[0,2,5,6],[1,4,5,6],[2,3,4,6],[3,4,5,6]]
GMFAIL 2,7,10,4 2,5,4,8 4,7,2,10 7,4,10,2 | 5 18 64 32 | 8 # m=7 sets=[[0,2,5,6],[1,4,5,6],[2,3,4,6],[3,4,5,6]]
GMFAIL 2,7,10,4 2,5,4,8 6,7,2,10 7,4,10,2 | 5 18 64 32 | 8 # m=7 sets=[[0,2,5,6],[1,4,5,6],[2,3,4,6],[3,4,5,6]]
GMFAIL 2,7,10,4 2,5,4,8 4,5,2,8 7,6,10,2 | 5 18 64 32 | 8 # m=7 sets=[[0,2,5,6],[1,4,5,6],[2,3,4,6],[3,4,5,6]]
GMFAIL 2,7,10,4 2,5,4,8 4,6,1,8 7,6,10,2 | 5 18 64 32 | 8 # m=7 sets=[[0,2,5,6],[1,4,5,6],[2,3,4,6],[3,4,5,6]]
GMFAIL 2,7,10,4 2,5,4,8 4,7,2,10 7,6,10,2 | 5 18 64 32 | 8 # m=7 sets=[[0,2,5,6],[1,4,5,6],[2,3,4,6],[3,4,5,6]]
GMFAIL 2,7,10,4 2,5,4,8 6,7,2,10 7,6,10,2 | 5 18 64 32 | 8 # m=7 sets=[[0,2,5,6],[1,4,5,6],[2,3,4,6],[3,4,5,6]]
GMFAIL 1,6,8,4 2,5,4,8 4,5,2,8 5,4,8,2 | 5 18 64 32 | 8 # m=7 sets=[[0,2,5,6],[1,4,5,6],[2,3,4,6],[3,4,5,6]]
GMFAIL 2,5,8,4 2,5,4,8 4,5,2,8 5,4,8,2 | 5 18 64 32 | 8 # m=7 sets=[[0,2,5,6],[1,4,5,6],[2,3,4,6],[3,4,5,6]]
GMFAIL 2,7,10,4 2,5,4,8 4,5,2,8 5,4,8,2 | 5 18 64 32 | 8 # m=7 sets=[[0,2,5,6],[1,4,5,6],[2,3,4,6],[3,4,5,6]]
GMFAIL 2,7,10,6 2,5,4,8 4,5,2,8 5,4,8,2 | 5 18 64 32 | 8 # m=7 sets=[[0,2,5,6],[1,4,5,6],[2,3,4,6],[3,4,5,6]]
GMFAIL 1,6,8,4 2,5,4,8 4,5,2,8 6,4,8,1 | 5 18 64 32 | 8 # m=7 sets=[[0,2,5,6],[1,4,5,6],[2,3,4,6],[3,4,5,6]]
GMFAIL 2,5,8,4 2,5,4,8 4,5,2,8 6,4,8,1 | 5 18 64 32 | 8 # m=7 sets=[[0,2,5,6],[1,4,5,6],[2,3,4,6],[3,4,5,6]]
GMFAIL 2,7,10,4 2,5,4,8 4,5,2,8 6,4,8,1 | 5 18 64 32 | 8 # m=7 sets=[[0,2,5,6],[1,4,5,6],[2,3,4,6],[3,4,5,6]]
GMFAIL 2,7,10,6 2,5,4,8 4,5,2,8 6,4,8,1 | 5 18 64 32 | 8 # m=7 sets=[[0,2,5,6],[1,4,5,6],[2,3,4,6],[3,4,5,6]]
GMFAIL 1,6,8,4 2,5,4,8 4,5,2,8 7,4,10,2 | 5 18 64 32 | 8 # m=7 sets=[[0,2,5,6],[1,4,5,6],[2,3,4,6],[3,4,5,6]]
GMFAIL 2,5,8,4 2,5,4,8 4,5,2,8 7,4,10,2 | 5 18 64 32 | 8 # m=7 sets=[[0,2,5,6],[1,4,5,6],[2,3,4,6],[3,4,5,6]]
GMFAIL 2,7,10,4 2,5,4,8 4,5,2,8 7,4,10,2 | 5 18 64 32 | 8 # m=7 sets=[[0,2,5,6],[1,4,5,6],[2,3,4,6],[3,4,5,6]]
GMFAIL 2,7,10,6 2,5,4,8 4,5,2,8 7,4,10,2 | 5 18 64 32 | 8 # m=7 sets=[[0,2,5,6],[1,4,5,6],[2,3,4,6],[3,4,5,6]]
GMFAIL 1,6,8,4 2,5,4,8 4,5,2,8 7,6,10,2 | 5 18 64 32 | 8 # m=7 sets=[[0,2,5,6],[1,4,5,6],[2,3,4,6],[3,4,5,6]]
GMFAIL 2,5,8,4 2,5,4,8 4,5,2,8 7,6,10,2 | 5 18 64 32 | 8 # m=7 sets=[[0,2,5,6],[1,4,5,6],[2,3,4,6],[3,4,5,6]]
GMFAIL 2,7,10,4 2,5,4,8 4,5,2,8 7,6,10,2 | 5 18 64 32 | 8 # m=7 sets=[[0,2,5,6],[1,4,5,6],[2,3,4,6],[3,4,5,6]]
GMFAIL 2,7,10,6 2,5,4,8 4,5,2,8 7,6,10,2 | 5 18 64 32 | 8 # m=7 sets=[[0,2,5,6],[1,4,5,6],[2,3,4,6],[3,4,5,6]]
GMFAIL 2,7,10,4 1,6,4,8 4,5,2,8 5,4,8,2 | 5 18 64 32 | 8 # m=7 sets=[[0,2,5,6],[1,4,5,6],[2,3,4,6],[3,4,5,6]]
GMFAIL 2,7,10,4 2,5,4,8 4,5,2,8 5,4,8,2 | 5 18 64 32 | 8 # m=7 sets=[[0,2,5,6],[1,4,5,6],[2,3,4,6],[3,4,5,6]]
GMFAIL 2,7,10,4 2,7,4,10 4,5,2,8 5,4,8,2 | 5 18 64 32 | 8 # m=7 sets=[[0,2,5,6],[1,4,5,6],[2,3,4,6],[3,4,5,6]]
GMFAIL 2,7,10,4 2,7,6,10 4,5,2,8 5,4,8,2 | 5 18 64 32 | 8 # m=7 sets=[[0,2,5,6],[1,4,5,6],[2,3,4,6],[3,4,5,6]]
GMFAIL 2,7,10,4 1,6,4,8 4,5,2,8 6,4,8,1 | 5 18 64 32 | 8 # m=7 sets=[[0,2,5,6],[1,4,5,6],[2,3,4,6],[3,4,5,6]]
GMFAIL 2,7,10,4 2,5,4,8 4,5,2,8 6,4,8,1 | 5 18 64 32 | 8 # m=7 sets=[[0,2,5,6],[1,4,5,6],[2,3,4,6],[3,4,5,6]]
GMFAIL 2,7,10,4 2,7,4,10 4,5,2,8 6,4,8,1 | 5 18 64 32 | 8 # m=7 sets=[[0,2,5,6],[1,4,5,6],[2,3,4,6],[3,4,5,6]]
GMFAIL 2,7,10,4 2,7,6,10 4,5,2,8 6,4,8,1 | 5 18 64 32 | 8 # m=7 sets=[[0,2,5,6],[1,4,5,6],[2,3,4,6],[3,4,5,6]]
GMFAIL 2,7,10,4 1,6,4,8 4,5,2,8 7,4,10,2 | 5 18 64 32 | 8 # m=7 sets=[[0,2,5,6],[1,4,5,6],[2,3,4,6],[3,4,5,6]]
GMFAIL 2,7,10,4 2,5,4,8 4,5,2,8 7,4,10,2 | 5 18 64 32 | 8 # m=7 sets=[[0,2,5,6],[1,4,5,6],[2,3,4,6],[3,4,5,6]]
GMFAIL 2,7,10,4 2,7,4,10 4,5,2,8 7,4,10,2 | 5 18 64 32 | 8 # m=7 sets=[[0,2,5,6],[1,4,5,6],[2,3,4,6],[3,4,5,6]]
GMFAIL 2,7,10,4 2,7,6,10 4,5,2,8 7,4,10,2 | 5 18 64 32 | 8 # m=7 sets=[[0,2,5,6],[1,4,5,6],[2,3,4,6],[3,4,5,6]]
GMFAIL 2,7,10,4 1,6,4,8 4,5,2,8 7,6,10,2 | 5 18 64 32 | 8 # m=7 sets=[[0,2,5,6],[1,4,5,6],[2,3,4,6],[3,4,5,6]]
GMFAIL 2,7,10,4 2,5,4,8 4,5,2,8 7,6,10,2 | 5 18 64 32 | 8 # m=7 sets=[[0,2,5,6],[1,4,5,6],[2,3,4,6],[3,4,5,6]]
GMFAIL 2,7,10,4 2,7,4,10 4,5,2,8 7,6,10,2 | 5 18 64 32 | 8 # m=7 sets=[[0,2,5,6],[1,4,5,6],[2,3,4,6],[3,4,5,6]]
GMFAIL 2,7,10,4 2,7,6,10 4,5,2,8 7,6,10,2 | 5 18 64 32 | 8 # m=7 sets=[[0,2,5,6],[1,4,5,6],[2,3,4,6],[3,4,5,6]]
GMFAIL 2,7,10,4 1,6,4,8 4,5,2,8 5,4,8,2 | 5 18 64 32 | 8 # m=7 sets=[[0,2,5,6],[1,4,5,6],[2,3,4,6],[3,4,5,6]]
GMFAIL 2,7,10,4 2,5,4,8 4,5,2,8 5,4,8,2 | 5 18 64 32 | 8 # m=7 sets=[[0,2,5,6],[1,4,5,6],[2,3,4,6],[3,4,5,6]]
GMFAIL 2,7,10,4 2,7,4,10 4,5,2,8 5,4,8,2 | 5 18 64 32 | 8 # m=7 sets=[[0,2,5,6],[1,4,5,6],[2,3,4,6],[3,4,5,6]]
GMFAIL 2,7,10,4 2,7,6,10 4,5,2,8 5,4,8,2 | 5 18 64 32 | 8 # m=7 sets=[[0,2,5,6],[1,4,5,6],[2,3,4,6],[3,4,5,6]]
GMFAIL 2,7,10,4 1,6,4,8 4,6,1,8 5,4,8,2 | 5 18 64 32 | 8 # m=7 sets=[[0,2,5,6],[1,4,5,6],[2,3,4,6],[3,4,5,6]]
GMFAIL 2,7,10,4 2,5,4,8 4,6,1,8 5,4,8,2 | 5 18 64 32 | 8 # m=7 sets=[[0,2,5,6],[1,4,5,6],[2,3,4,6],[3,4,5,6]]
GMFAIL 2,7,10,4 2,7,4,10 4,6,1,8 5,4,8,2 | 5 18 64 32 | 8 # m=7 sets=[[0,2,5,6],[1,4,5,6],[2,3,4,6],[3,4,5,6]]
GMFAIL 2,7,10,4 2,7,6,10 4,6,1,8 5,4,8,2 | 5 18 64 32 | 8 # m=7 sets=[[0,2,5,6],[1,4,5,6],[2,3,4,6],[3,4,5,6]]
GMFAIL 2,7,10,4 1,6,4,8 4,7,2,10 5,4,8,2 | 5 18 64 32 | 8 # m=7 sets=[[0,2,5,6],[1,4,5,6],[2,3,4,6],[3,4,5,6]]
GMFAIL 2,7,10,4 2,5,4,8 4,7,2,10 5,4,8,2 | 5 18 64 32 | 8 # m=7 sets=[[0,2,5,6],[1,4,5,6],[2,3,4,6],[3,4,5,6]]
GMFAIL 2,7,10,4 2,7,4,10 4,7,2,10 5,4,8,2 | 5 18 64 32 | 8 # m=7 sets=[[0,2,5,6],[1,4,5,6],[2,3,4,6],[3,4,5,6]]
GMFAIL 2,7,10,4 2,7,6,10 4,7,2,10 5,4,8,2 | 5 18 64 32 | 8 # m=7 sets=[[0,2,5,6],[1,4,5,6],[2,3,4,6],[3,4,5,6]]
GMFAIL 2,7,10,4 1,6,4,8 6,7,2,10 5,4,8,2 | 5 18 64 32 | 8 # m=7 sets=[[0,2,5,6],[1,4,5,6],[2,3,4,6],[3,4,5,6]]
GMFAIL 2,7,10,4 2,5,4,8 6,7,2,10 5,4,8,2 | 5 18 64 32 | 8 # m=7 sets=[[0,2,5,6],[1,4,5,6],[2,3,4,6],[3,4,5,6]]
GMFAIL 2,7,10,4 2,7,4,10 6,7,2,10 5,4,8,2 | 5 18 64 32 | 8 # m=7 sets=[[0,2,5,6],[1,4,5,6],[2,3,4,6],[3,4,5,6]]
GMFAIL 2,7,10,4 2,7,6,10 6,7,2,10 5,4,8,2 | 5 18 64 32 | 8 # m=7 sets=[[0,2,5,6],[1,4,5,6],[2,3,4,6],[3,4,5,6]]
GMFAIL 1,6,8,4 2,7,4,10 4,5,2,8 5,4,8,2 | 5 18 64 32 | 8 # m=7 sets=[[0,2,5,6],[1,4,5,6],[2,3,4,6],[3,4,5,6]]
GMFAIL 2,5,8,4 2,7,4,10 4,5,2,8 5,4,8,2 | 5 18 64 32 | 8 # m=7 sets=[[0,2,5,6],[1,4,5,6],[2,3,4,6],[3,4,5,6]]
GMFAIL 2,7,10,4 2,7,4,10 4,5,2,8 5,4,8,2 | 5 18 64 32 | 8 # m=7 sets=[[0,2,5,6],[1,4,5,6],[2,3,4,6],[3,4,5,6]]
GMFAIL 2,7,10,6 2,7,4,10 4,5,2,8 5,4,8,2 | 5 18 64 32 | 8 # m=7 sets=[[0,2,5,6],[1,4,5,6],[2,3,4,6],[3,4,5,6]]
GMFAIL 1,6,8,4 2,7,4,10 4,5,2,8 6,4,8,1 | 5 18 64 32 | 8 # m=7 sets=[[0,2,5,6],[1,4,5,6],[2,3,4,6],[3,4,5,6]]
GMFAIL 2,5,8,4 2,7,4,10 4,5,2,8 6,4,8,1 | 5 18 64 32 | 8 # m=7 sets=[[0,2,5,6],[1,4,5,6],[2,3,4,6],[3,4,5,6]]
GMFAIL 2,7,10,4 2,7,4,10 4,5,2,8 6,4,8,1 | 5 18 64 32 | 8 # m=7 sets=[[0,2,5,6],[1,4,5,6],[2,3,4,6],[3,4,5,6]]
GMFAIL 2,7,10,6 2,7,4,10 4,5,2,8 6,4,8,1 | 5 18 64 32 | 8 # m=7 sets=[[0,2,5,6],[1,4,5,6],[2,3,4,6],[3,4,5,6]]
GMFAIL 1,6,8,4 2,7,4,10 4,5,2,8 7,4,10,2 | 5 18 64 32 | 8 # m=7 sets=[[0,2,5,6],[1,4,5,6],[2,3,4,6],[3,4,5,6]]
GMFAIL 2,5,8,4 2,7,4,10 4,5,2,8 7,4,10,2 | 5 18 64 32 | 8 # m=7 sets=[[0,2,5,6],[1,4,5,6],[2,3,4,6],[3,4,5,6]]
GMFAIL 2,7,10,4 2,7,4,10 4,5,2,8 7,4,10,2 | 5 18 64 32 | 8 # m=7 sets=[[0,2,5,6],[1,4,5,6],[2,3,4,6],[3,4,5,6]]
GMFAIL 2,7,10,6 2,7,4,10 4,5,2,8 7,4,10,2 | 5 18 64 32 | 8 # m=7 sets=[[0,2,5,6],[1,4,5,6],[2,3,4,6],[3,4,5,6]]
GMFAIL 1,6,8,4 2,7,4,10 4,5,2,8 7,6,10,2 | 5 18 64 32 | 8 # m=7 sets=[[0,2,5,6],[1,4,5,6],[2,3,4,6],[3,4,5,6]]
GMFAIL 2,5,8,4 2,7,4,10 4,5,2,8 7,6,10,2 | 5 18 64 32 | 8 # m=7 sets=[[0,2,5,6],[1,4,5,6],[2,3,4,6],[3,4,5,6]]
GMFAIL 2,7,10,4 2,7,4,10 4,5,2,8 7,6,10,2 | 5 18 64 32 | 8 # m=7 sets=[[0,2,5,6],[1,4,5,6],[2,3,4,6],[3,4,5,6]]
GMFAIL 2,7,10,6 2,7,4,10 4,5,2,8 7,6,10,2 | 5 18 64 32 | 8 # m=7 sets=[[0,2,5,6],[1,4,5,6],[2,3,4,6],[3,4,5,6]]
GMFAIL 2,7,10,4 1,6,4,8 4,5,2,8 5,4,8,2 | 5 18 64 32 | 8 # m=7 sets=[[0,2,5,6],[1,4,5,6],[2,3,4,6],[3,4,5,6]]
GMFAIL 2,7,10,4 2,5,4,8 4,5,2,8 5,4,8,2 | 5 18 64 32 | 8 # m=7 sets=[[0,2,5,6],[1,4,5,6],[2,3,4,6],[3,4,5,6]]
GMFAIL 2,7,10,4 2,7,4,10 4,5,2,8 5,4,8,2 | 5 18 64 32 | 8 # m=7 sets=[[0,2,5,6],[1,4,5,6],[2,3,4,6],[3,4,5,6]]
GMFAIL 2,7,10,4 2,7,6,10 4,5,2,8 5,4,8,2 | 5 18 64 32 | 8 # m=7 sets=[[0,2,5,6],[1,4,5,6],[2,3,4,6],[3,4,5,6]]
GMFAIL 2,7,10,4 1,6,4,8 4,6,1,8 5,4,8,2 | 5 18 64 32 | 8 # m=7 sets=[[0,2,5,6],[1,4,5,6],[2,3,4,6],[3,4,5,6]]
GMFAIL 2,7,10,4 2,5,4,8 4,6,1,8 5,4,8,2 | 5 18 64 32 | 8 # m=7 sets=[[0,2,5,6],[1,4,5,6],[2,3,4,6],[3,4,5,6]]
GMFAIL 2,7,10,4 2,7,4,10 4,6,1,8 5,4,8,2 | 5 18 64 32 | 8 # m=7 sets=[[0,2,5,6],[1,4,5,6],[2,3,4,6],[3,4,5,6]]
GMFAIL 2,7,10,4 2,7,6,10 4,6,1,8 5,4,8,2 | 5 18 64 32 | 8 # m=7 sets=[[0,2,5,6],[1,4,5,6],[2,3,4,6],[3,4,5,6]]
GMFAIL 2,7,10,4 1,6,4,8 4,7,2,10 5,4,8,2 | 5 18 64 32 | 8 # m=7 sets=[[0,2,5,6],[1,4,5,6],[2,3,4,6],[3,4,5,6]]
GMFAIL 2,7,10,4 2,5,4,8 4,7,2,10 5,4,8,2 | 5 18 64 32 | 8 # m=7 sets=[[0,2,5,6],[1,4,5,6],[2,3,4,6],[3,4,5,6]]
GMFAIL 2,7,10,4 2,7,4,10 4,7,2,10 5,4,8,2 | 5 18 64 32 | 8 # m=7 sets=[[0,2,5,6],[1,4,5,6],[2,3,4,6],[3,4,5,6]]
GMFAIL 2,7,10,4 2,7,6,10 4,7,2,10 5,4,8,2 | 5 18 64 32 | 8 # m=7 sets=[[0,2,5,6],[1,4,5,6],[2,3,4,6],[3,4,5,6]]
GMFAIL 2,7,10,4 1,6,4,8 6,7,2,10 5,4,8,2 | 5 18 64 32 | 8 # m=7 sets=[[0,2,5,6],[1,4,5,6],[2,3,4,6],[3,4,5,6]]
GMFAIL 2,7,10,4 2,5,4,8 6,7,2,10 5,4,8,2 | 5 18 64 32 | 8 # m=7 sets=[[0,2,5,6],[1,4,5,6],[2,3,4,6],[3,4,5,6]]
GMFAIL 2,7,10,4 2,7,4,10 6,7,2,10 5,4,8,2 | 5 18 64 32 | 8 # m=7 sets=[[0,2,5,6],[1,4,5,6],[2,3,4,6],[3,4,5,6]]
GMFAIL 2,7,10,4 2,7,6,10 6,7,2,10 5,4,8,2 | 5 18 64 32 | 8 # m=7 sets=[[0,2,5,6],[1,4,5,6],[2,3,4,6],[3,4,5,6]]
GMFAIL 1,6,8,4 1,6,4,8 4,5,2,8 5,4,8,2 | 5 18 64 32 | 8 # m=7 sets=[[0,2,5,6],[1,4,5,6],[2,3,4,6],[3,4,5,6]]
GMFAIL 2,5,8,4 1,6,4,8 4,5,2,8 5,4,8,2 | 5 18 64 32 | 8 # m=7 sets=[[0,2,5,6],[1,4,5,6],[2,3,4,6],[3,4,5,6]]
GMFAIL 2,7,10,4 1,6,4,8 4,5,2,8 5,4,8,2 | 5 18 64 32 | 8 # m=7 sets=[[0,2,5,6],[1,4,5,6],[2,3,4,6],[3,4,5,6]]
GMFAIL 2,7,10,6 1,6,4,8 4,5,2,8 5,4,8,2 | 5 18 64 32 | 8 # m=7 sets=[[0,2,5,6],[1,4,5,6],[2,3,4,6],[3,4,5,6]]
GMFAIL 1,6,8,4 2,5,4,8 4,5,2,8 5,4,8,2 | 5 18 64 32 | 8 # m=7 sets=[[0,2,5,6],[1,4,5,6],[2,3,4,6],[3,4,5,6]]
GMFAIL 2,5,8,4 2,5,4,8 4,5,2,8 5,4,8,2 | 5 18 64 32 | 8 # m=7 sets=[[0,2,5,6],[1,4,5,6],[2,3,4,6],[3,4,5,6]]
GMFAIL 2,7,10,4 2,5,4,8 4,5,2,8 5,4,8,2 | 5 18 64 32 | 8 # m=7 sets=[[0,2,5,6],[1,4,5,6],[2,3,4,6],[3,4,5,6]]
GMFAIL 2,7,10,6 2,5,4,8 4,5,2,8 5,4,8,2 | 5 18 64 32 | 8 # m=7 sets=[[0,2,5,6],[1,4,5,6],[2,3,4,6],[3,4,5,6]]
GMFAIL 1,6,8,4 2,7,4,10 4,5,2,8 5,4,8,2 | 5 18 64 32 | 8 # m=7 sets=[[0,2,5,6],[1,4,5,6],[2,3,4,6],[3,4,5,6]]
GMFAIL 2,5,8,4 2,7,4,10 4,5,2,8 5,4,8,2 | 5 18 64 32 | 8 # m=7 sets=[[0,2,5,6],[1,4,5,6],[2,3,4,6],[3,4,5,6]]
GMFAIL 2,7,10,4 2,7,4,10 4,5,2,8 5,4,8,2 | 5 18 64 32 | 8 # m=7 sets=[[0,2,5,6],[1,4,5,6],[2,3,4,6],[3,4,5,6]]
GMFAIL 2,7,10,6 2,7,4,10 4,5,2,8 5,4,8,2 | 5 18 64 32 | 8 # m=7 sets=[[0,2,5,6],[1,4,5,6],[2,3,4,6],[3,4,5,6]]
GMFAIL 1,6,8,4 2,7,6,10 4,5,2,8 5,4,8,2 | 5 18 64 32 | 8 # m=7 sets=[[0,2,5,6],[1,4,5,6],[2,3,4,6],[3,4,5,6]]
GMFAIL 2,5,8,4 2,7,6,10 4,5,2,8 5,4,8,2 | 5 18 64 32 | 8 # m=7 sets=[[0,2,5,6],[1,4,5,6],[2,3,4,6],[3,4,5,6]]
GMFAIL 2,7,10,4 2,7,6,10 4,5,2,8 5,4,8,2 | 5 18 64 32 | 8 # m=7 sets=[[0,2,5,6],[1,4,5,6],[2,3,4,6],[3,4,5,6]]
GMFAIL 2,7,10,6 2,7,6,10 4,5,2,8 5,4,8,2 | 5 18 64 32 | 8 # m=7 sets=[[0,2,5,6],[1,4,5,6],[2,3,4,6],[3,4,5,6]]
GMFAIL 1,6,8,4 2,7,4,10 4,5,2,8 5,4,8,2 | 5 18 64 32 | 8 # m=7 sets=[[0,2,5,6],[1,4,5,6],[2,3,4,6],[3,4,5,6]]
GMFAIL 2,5,8,4 2,7,4,10 4,5,2,8 5,4,8,2 | 5 18 64 32 | 8 # m=7 sets=[[0,2,5,6],[1,4,5,6],[2,3,4,6],[3,4,5,6]]
GMFAIL 2,7,10,4 2,7,4,10 4,5,2,8 5,4,8,2 | 5 18 64 32 | 8 # m=7 sets=[[0,2,5,6],[1,4,5,6],[2,3,4,6],[3,4,5,6]]
GMFAIL 2,7,10,6 2,7,4,10 4,5,2,8 5,4,8,2 | 5 18 64 32 | 8 # m=7 sets=[[0,2,5,6],[1,4,5,6],[2,3,4,6],[3,4,5,6]]
GMFAIL 1,6,8,4 2,7,4,10 4,6,1,8 5,4,8,2 | 5 18 64 32 | 8 # m=7 sets=[[0,2,5,6],[1,4,5,6],[2,3,4,6],[3,4,5,6]]
GMFAIL 2,5,8,4 2,7,4,10 4,6,1,8 5,4,8,2 | 5 18 64 32 | 8 # m=7 sets=[[0,2,5,6],[1,4,5,6],[2,3,4,6],[3,4,5,6]]
GMFAIL 2,7,10,4 2,7,4,10 4,6,1,8 5,4,8,2 | 5 18 64 32 | 8 # m=7 sets=[[0,2,5,6],[1,4,5,6],[2,3,4,6],[3,4,5,6]]
GMFAIL 2,7,10,6 2,7,4,10 4,6,1,8 5,4,8,2 | 5 18 64 32 | 8 # m=7 sets=[[0,2,5,6],[1,4,5,6],[2,3,4,6],[3,4,5,6]]
GMFAIL 1,6,8,4 2,7,4,10 4,7,2,10 5,4,8,2 | 5 18 64 32 | 8 # m=7 sets=[[0,2,5,6],[1,4,5,6],[2,3,4,6],[3,4,5,6]]
GMFAIL 2,5,8,4 2,7,4,10 4,7,2,10 5,4,8,2 | 5 18 64 32 | 8 # m=7 sets=[[0,2,5,6],[1,4,5,6],[2,3,4,6],[3,4,5,6]]
GMFAIL 2,7,10,4 2,7,4,10 4,7,2,10 5,4,8,2 | 5 18 64 32 | 8 # m=7 sets=[[0,2,5,6],[1,4,5,6],[2,3,4,6],[3,4,5,6]]
GMFAIL 2,7,10,6 2,7,4,10 4,7,2,10 5,4,8,2 | 5 18 64 32 | 8 # m=7 sets=[[0,2,5,6],[1,4,5,6],[2,3,4,6],[3,4,5,6]]
GMFAIL 1,6,8,4 2,7,4,10 6,7,2,10 5,4,8,2 | 5 18 64 32 | 8 # m=7 sets=[[0,2,5,6],[1,4,5,6],[2,3,4,6],[3,4,5,6]]
GMFAIL 2,5,8,4 2,7,4,10 6,7,2,10 5,4,8,2 | 5 18 64 32 | 8 # m=7 sets=[[0,2,5,6],[1,4,5,6],[2,3,4,6],[3,4,5,6]]
GMFAIL 2,7,10,4 2,7,4,10 6,7,2,10 5,4,8,2 | 5 18 64 32 | 8 # m=7 sets=[[0,2,5,6],[1,4,5,6],[2,3,4,6],[3,4,5,6]]
GMFAIL 2,7,10,6 2,7,4,10 6,7,2,10 5,4,8,2 | 5 18 64 32 | 8 # m=7 sets=[[0,2,5,6],[1,4,5,6],[2,3,4,6],[3,4,5,6]]
GMFAIL 2,7,10,4 1,6,4,8 4,5,2,8 5,4,8,2 | 5 18 64 32 | 8 # m=7 sets=[[0,2,5,6],[1,4,5,6],[2,3,4,6],[3,4,5,6]]
GMFAIL 2,7,10,4 2,5,4,8 4,5,2,8 5,4,8,2 | 5 18 64 32 | 8 # m=7 sets=[[0,2,5,6],[1,4,5,6],[2,3,4,6],[3,4,5,6]]
GMFAIL 2,7,10,4 2,7,4,10 4,5,2,8 5,4,8,2 | 5 18 64 32 | 8 # m=7 sets=[[0,2,5,6],[1,4,5,6],[2,3,4,6],[3,4,5,6]]
GMFAIL 2,7,10,4 2,7,6,10 4,5,2,8 5,4,8,2 | 5 18 64 32 | 8 # m=7 sets=[[0,2,5,6],[1,4,5,6],[2,3,4,6],[3,4,5,6]]
GMFAIL 2,7,10,4 1,6,4,8 4,5,2,8 6,4,8,1 | 5 18 64 32 | 8 # m=7 sets=[[0,2,5,6],[1,4,5,6],[2,3,4,6],[3,4,5,6]]
GMFAIL 2,7,10,4 2,5,4,8 4,5,2,8 6,4,8,1 | 5 18 64 32 | 8 # m=7 sets=[[0,2,5,6],[1,4,5,6],[2,3,4,6],[3,4,5,6]]
GMFAIL 2,7,10,4 2,7,4,10 4,5,2,8 6,4,8,1 | 5 18 64 32 | 8 # m=7 sets=[[0,2,5,6],[1,4,5,6],[2,3,4,6],[3,4,5,6]]
GMFAIL 2,7,10,4 2,7,6,10 4,5,2,8 6,4,8,1 | 5 18 64 32 | 8 # m=7 sets=[[0,2,5,6],[1,4,5,6],[2,3,4,6],[3,4,5,6]]
GMFAIL 2,7,10,4 1,6,4,8 4,5,2,8 7,4,10,2 | 5 18 64 32 | 8 # m=7 sets=[[0,2,5,6],[1,4,5,6],[2,3,4,6],[3,4,5,6]]
GMFAIL 2,7,10,4 2,5,4,8 4,5,2,8 7,4,10,2 | 5 18 64 32 | 8 # m=7 sets=[[0,2,5,6],[1,4,5,6],[2,3,4,6],[3,4,5,6]]
GMFAIL 2,7,10,4 2,7,4,10 4,5,2,8 7,4,10,2 | 5 18 64 32 | 8 # m=7 sets=[[0,2,5,6],[1,4,5,6],[2,3,4,6],[3,4,5,6]]
GMFAIL 2,7,10,4 2,7,6,10 4,5,2,8 7,4,10,2 | 5 18 64 32 | 8 # m=7 sets=[[0,2,5,6],[1,4,5,6],[2,3,4,6],[3,4,5,6]]
GMFAIL 2,7,10,4 1,6,4,8 4,5,2,8 7,6,10,2 | 5 18 64 32 | 8 # m=7 sets=[[0,2,5,6],[1,4,5,6],[2,3,4,6],[3,4,5,6]]
GMFAIL 2,7,10,4 2,5,4,8 4,5,2,8 7,6,10,2 | 5 18 64 32 | 8 # m=7 sets=[[0,2,5,6],[1,4,5,6],[2,3,4,6],[3,4,5,6]]
GMFAIL 2,7,10,4 2,7,4,10 4,5,2,8 7,6,10,2 | 5 18 64 32 | 8 # m=7 sets=[[0,2,5,6],[1,4,5,6],[2,3,4,6],[3,4,5,6]]
GMFAIL 2,7,10,4 2,7,6,10 4,5,2,8 7,6,10,2 | 5 18 64 32 | 8 # m=7 sets=[[0,2,5,6],[1,4,5,6],[2,3,4,6],[3,4,5,6]]
GMFAIL 2,7,10,4 2,7,4,10 4,5,2,8 5,4,8,2 | 5 18 64 32 | 8 # m=7 sets=[[0,2,5,6],[1,4,5,6],[2,3,4,6],[3,4,5,6]]
GMFAIL 2,7,10,4 2,7,4,10 4,6,1,8 5,4,8,2 | 5 18 64 32 | 8 # m=7 sets=[[0,2,5,6],[1,4,5,6],[2,3,4,6],[3,4,5,6]]
GMFAIL 2,7,10,4 2,7,4,10 4,7,2,10 5,4,8,2 | 5 18 64 32 | 8 # m=7 sets=[[0,2,5,6],[1,4,5,6],[2,3,4,6],[3,4,5,6]]
GMFAIL 2,7,10,4 2,7,4,10 6,7,2,10 5,4,8,2 | 5 18 64 32 | 8 # m=7 sets=[[0,2,5,6],[1,4,5,6],[2,3,4,6],[3,4,5,6]]
GMFAIL 2,7,10,4 2,7,4,10 4,5,2,8 6,4,8,1 | 5 18 64 32 | 8 # m=7 sets=[[0,2,5,6],[1,4,5,6],[2,3,4,6],[3,4,5,6]]
GMFAIL 2,7,10,4 2,7,4,10 4,6,1,8 6,4,8,1 | 5 18 64 32 | 8 # m=7 sets=[[0,2,5,6],[1,4,5,6],[2,3,4,6],[3,4,5,6]]
GMFAIL 2,7,10,4 2,7,4,10 4,7,2,10 6,4,8,1 | 5 18 64 32 | 8 # m=7 sets=[[0,2,5,6],[1,4,5,6],[2,3,4,6],[3,4,5,6]]
GMFAIL 2,7,10,4 2,7,4,10 6,7,2,10 6,4,8,1 | 5 18 64 32 | 8 # m=7 sets=[[0,2,5,6],[1,4,5,6],[2,3,4,6],[3,4,5,6]]
GMFAIL 2,7,10,4 2,7,4,10 4,5,2,8 7,4,10,2 | 5 18 64 32 | 8 # m=7 sets=[[0,2,5,6],[1,4,5,6],[2,3,4,6],[3,4,5,6]]
GMFAIL 2,7,10,4 2,7,4,10 4,6,1,8 7,4,10,2 | 5 18 64 32 | 8 # m=7 sets=[[0,2,5,6],[1,4,5,6],[2,3,4,6],[3,4,5,6]]
GMFAIL 2,7,10,4 2,7,4,10 4,7,2,10 7,4,10,2 | 5 18 64 32 | 8 # m=7 sets=[[0,2,5,6],[1,4,5,6],[2,3,4,6],[3,4,5,6]]
GMFAIL 2,7,10,4 2,7,4,10 6,7,2,10 7,4,10,2 | 5 18 64 32 | 8 # m=7 sets=[[0,2,5,6],[1,4,5,6],[2,3,4,6],[3,4,5,6]]
GMFAIL 2,7,10,4 2,7,4,10 4,5,2,8 7,6,10,2 | 5 18 64 32 | 8 # m=7 sets=[[0,2,5,6],[1,4,5,6],[2,3,4,6],[3,4,5,6]]
GMFAIL 2,7,10,4 2,7,4,10 4,6,1,8 7,6,10,2 | 5 18 64 32 | 8 # m=7 sets=[[0,2,5,6],[1,4,5,6],[2,3,4,6],[3,4,5,6]]
GMFAIL 2,7,10,4 2,7,4,10 4,7,2,10 7,6,10,2 | 5 18 64 32 | 8 # m=7 sets=[[0,2,5,6],[1,4,5,6],[2,3,4,6],[3,4,5,6]]
GMFAIL 2,7,10,4 2,7,4,10 6,7,2,10 7,6,10,2 | 5 18 64 32 | 8 # m=7 sets=[[0,2,5,6],[1,4,5,6],[2,3,4,6],[3,4,5,6]]
GMFAIL 1,6,8,4 1,6,4,8 4,5,2,8 5,4,8,2 | 5 18 64 32 | 8 # m=7 sets=[[0,2,5,6],[1,4,5,6],[2,3,4,6],[3,4,5,6]]
GMFAIL 2,5,8,4 1,6,4,8 4,5,2,8 5,4,8,2 | 5 18 64 32 | 8 # m=7 sets=[[0,2,5,6],[1,4,5,6],[2,3,4,6],[3,4,5,6]]
GMFAIL 2,7,10,4 1,6,4,8 4,5,2,8 5,4,8,2 | 5 18 64 32 | 8 # m=7 sets=[[0,2,5,6],[1,4,5,6],[2,3,4,6],[3,4,5,6]]
GMFAIL 2,7,10,6 1,6,4,8 4,5,2,8 5,4,8,2 | 5 18 64 32 | 8 # m=7 sets=[[0,2,5,6],[1,4,5,6],[2,3,4,6],[3,4,5,6]]
GMFAIL 1,6,8,4 2,5,4,8 4,5,2,8 5,4,8,2 | 5 18 64 32 | 8 # m=7 sets=[[0,2,5,6],[1,4,5,6],[2,3,4,6],[3,4,5,6]]
GMFAIL 2,5,8,4 2,5,4,8 4,5,2,8 5,4,8,2 | 5 18 64 32 | 8 # m=7 sets=[[0,2,5,6],[1,4,5,6],[2,3,4,6],[3,4,5,6]]
GMFAIL 2,7,10,4 2,5,4,8 4,5,2,8 5,4,8,2 | 5 18 64 32 | 8 # m=7 sets=[[0,2,5,6],[1,4,5,6],[2,3,4,6],[3,4,5,6]]
GMFAIL 2,7,10,6 2,5,4,8 4,5,2,8 5,4,8,2 | 5 18 64 32 | 8 # m=7 sets=[[0,2,5,6],[1,4,5,6],[2,3,4,6],[3,4,5,6]]
GMFAIL 1,6,8,4 2,7,4,10 4,5,2,8 5,4,8,2 | 5 18 64 32 | 8 # m=7 sets=[[0,2,5,6],[1,4,5,6],[2,3,4,6],[3,4,5,6]]
GMFAIL 2,5,8,4 2,7,4,10 4,5,2,8 5,4,8,2 | 5 18 64 32 | 8 # m=7 sets=[[0,2,5,6],[1,4,5,6],[2,3,4,6],[3,4,5,6]]
GMFAIL 2,7,10,4 2,7,4,10 4,5,2,8 5,4,8,2 | 5 18 64 32 | 8 # m=7 sets=[[0,2,5,6],[1,4,5,6],[2,3,4,6],[3,4,5,6]]
GMFAIL 2,7,10,6 2,7,4,10 4,5,2,8 5,4,8,2 | 5 18 64 32 | 8 # m=7 sets=[[0,2,5,6],[1,4,5,6],[2,3,4,6],[3,4,5,6]]
GMFAIL 1,6,8,4 2,7,6,10 4,5,2,8 5,4,8,2 | 5 18 64 32 | 8 # m=7 sets=[[0,2,5,6],[1,4,5,6],[2,3,4,6],[3,4,5,6]]
GMFAIL 2,5,8,4 2,7,6,10 4,5,2,8 5,4,8,2 | 5 18 64 32 | 8 # m=7 sets=[[0,2,5,6],[1,4,5,6],[2,3,4,6],[3,4,5,6]]
GMFAIL 2,7,10,4 2,7,6,10 4,5,2,8 5,4,8,2 | 5 18 64 32 | 8 # m=7 sets=[[0,2,5,6],[1,4,5,6],[2,3,4,6],[3,4,5,6]]
GMFAIL 2,7,10,6 2,7,6,10 4,5,2,8 5,4,8,2 | 5 18 64 32 | 8 # m=7 sets=[[0,2,5,6],[1,4,5,6],[2,3,4,6],[3,4,5,6]]
GMFAIL 1,6,8,4 2,7,6,10 4,5,2,8 5,4,8,2 | 5 18 64 32 | 8 # m=7 sets=[[0,2,5,6],[1,4,5,6],[2,3,4,6],[3,4,5,6]]
GMFAIL 2,5,8,4 2,7,6,10 4,5,2,8 5,4,8,2 | 5 18 64 32 | 8 # m=7 sets=[[0,2,5,6],[1,4,5,6],[2,3,4,6],[3,4,5,6]]
GMFAIL 2,7,10,4 2,7,6,10 4,5,2,8 5,4,8,2 | 5 18 64 32 | 8 # m=7 sets=[[0,2,5,6],[1,4,5,6],[2,3,4,6],[3,4,5,6]]
GMFAIL 2,7,10,6 2,7,6,10 4,5,2,8 5,4,8,2 | 5 18 64 32 | 8 # m=7 sets=[[0,2,5,6],[1,4,5,6],[2,3,4,6],[3,4,5,6]]
GMFAIL 1,6,8,4 2,7,6,10 4,6,1,8 5,4,8,2 | 5 18 64 32 | 8 # m=7 sets=[[0,2,5,6],[1,4,5,6],[2,3,4,6],[3,4,5,6]]
GMFAIL 2,5,8,4 2,7,6,10 4,6,1,8 5,4,8,2 | 5 18 64 32 | 8 # m=7 sets=[[0,2,5,6],[1,4,5,6],[2,3,4,6],[3,4,5,6]]
GMFAIL 2,7,10,4 2,7,6,10 4,6,1,8 5,4,8,2 | 5 18 64 32 | 8 # m=7 sets=[[0,2,5,6],[1,4,5,6],[2,3,4,6],[3,4,5,6]]
GMFAIL 2,7,10,6 2,7,6,10 4,6,1,8 5,4,8,2 | 5 18 64 32 | 8 # m=7 sets=[[0,2,5,6],[1,4,5,6],[2,3,4,6],[3,4,5,6]]
GMFAIL 1,6,8,4 2,7,6,10 4,7,2,10 5,4,8,2 | 5 18 64 32 | 8 # m=7 sets=[[0,2,5,6],[1,4,5,6],[2,3,4,6],[3,4,5,6]]
GMFAIL 2,5,8,4 2,7,6,10 4,7,2,10 5,4,8,2 | 5 18 64 32 | 8 # m=7 sets=[[0,2,5,6],[1,4,5,6],[2,3,4,6],[3,4,5,6]]
GMFAIL 2,7,10,4 2,7,6,10 4,7,2,10 5,4,8,2 | 5 18 64 32 | 8 # m=7 sets=[[0,2,5,6],[1,4,5,6],[2,3,4,6],[3,4,5,6]]
GMFAIL 2,7,10,6 2,7,6,10 4,7,2,10 5,4,8,2 | 5 18 64 32 | 8 # m=7 sets=[[0,2,5,6],[1,4,5,6],[2,3,4,6],[3,4,5,6]]
GMFAIL 1,6,8,4 2,7,6,10 6,7,2,10 5,4,8,2 | 5 18 64 32 | 8 # m=7 sets=[[0,2,5,6],[1,4,5,6],[2,3,4,6],[3,4,5,6]]
GMFAIL 2,5,8,4 2,7,6,10 6,7,2,10 5,4,8,2 | 5 18 64 32 | 8 # m=7 sets=[[0,2,5,6],[1,4,5,6],[2,3,4,6],[3,4,5,6]]
GMFAIL 2,7,10,4 2,7,6,10 6,7,2,10 5,4,8,2 | 5 18 64 32 | 8 # m=7 sets=[[0,2,5,6],[1,4,5,6],[2,3,4,6],[3,4,5,6]]
GMFAIL 2,7,10,6 2,7,6,10 6,7,2,10 5,4,8,2 | 5 18 64 32 | 8 # m=7 sets=[[0,2,5,6],[1,4,5,6],[2,3,4,6],[3,4,5,6]]
GMFAIL 1,6,8,4 2,7,6,10 4,5,2,8 5,4,8,2 | 5 18 64 32 | 8 # m=7 sets=[[0,2,5,6],[1,4,5,6],[2,3,4,6],[3,4,5,6]]
GMFAIL 2,5,8,4 2,7,6,10 4,5,2,8 5,4,8,2 | 5 18 64 32 | 8 # m=7 sets=[[0,2,5,6],[1,4,5,6],[2,3,4,6],[3,4,5,6]]
GMFAIL 2,7,10,4 2,7,6,10 4,5,2,8 5,4,8,2 | 5 18 64 32 | 8 # m=7 sets=[[0,2,5,6],[1,4,5,6],[2,3,4,6],[3,4,5,6]]
GMFAIL 2,7,10,6 2,7,6,10 4,5,2,8 5,4,8,2 | 5 18 64 32 | 8 # m=7 sets=[[0,2,5,6],[1,4,5,6],[2,3,4,6],[3,4,5,6]]
GMFAIL 1,6,8,4 2,7,6,10 4,5,2,8 6,4,8,1 | 5 18 64 32 | 8 # m=7 sets=[[0,2,5,6],[1,4,5,6],[2,3,4,6],[3,4,5,6]]
GMFAIL 2,5,8,4 2,7,6,10 4,5,2,8 6,4,8,1 | 5 18 64 32 | 8 # m=7 sets=[[0,2,5,6],[1,4,5,6],[2,3,4,6],[3,4,5,6]]
GMFAIL 2,7,10,4 2,7,6,10 4,5,2,8 6,4,8,1 | 5 18 64 32 | 8 # m=7 sets=[[0,2,5,6],[1,4,5,6],[2,3,4,6],[3,4,5,6]]
GMFAIL 2,7,10,6 2,7,6,10 4,5,2,8 6,4,8,1 | 5 18 64 32 | 8 # m=7 sets=[[0,2,5,6],[1,4,5,6],[2,3,4,6],[3,4,5,6]]
GMFAIL 1,6,8,4 2,7,6,10 4,5,2,8 7,4,10,2 | 5 18 64 32 | 8 # m=7 sets=[[0,2,5,6],[1,4,5,6],[2,3,4,6],[3,4,5,6]]
GMFAIL 2,5,8,4 2,7,6,10 4,5,2,8 7,4,10,2 | 5 18 64 32 | 8 # m=7 sets=[[0,2,5,6],[1,4,5,6],[2,3,4,6],[3,4,5,6]]
GMFAIL 2,7,10,4 2,7,6,10 4,5,2,8 7,4,10,2 | 5 18 64 32 | 8 # m=7 sets=[[0,2,5,6],[1,4,5,6],[2,3,4,6],[3,4,5,6]]
GMFAIL 2,7,10,6 2,7,6,10 4,5,2,8 7,4,10,2 | 5 18 64 32 | 8 # m=7 sets=[[0,2,5,6],[1,4,5,6],[2,3,4,6],[3,4,5,6]]
GMFAIL 1,6,8,4 2,7,6,10 4,5,2,8 7,6,10,2 | 5 18 64 32 | 8 # m=7 sets=[[0,2,5,6],[1,4,5,6],[2,3,4,6],[3,4,5,6]]
GMFAIL 2,5,8,4 2,7,6,10 4,5,2,8 7,6,10,2 | 5 18 64 32 | 8 # m=7 sets=[[0,2,5,6],[1,4,5,6],[2,3,4,6],[3,4,5,6]]
GMFAIL 2,7,10,4 2,7,6,10 4,5,2,8 7,6,10,2 | 5 18 64 32 | 8 # m=7 sets=[[0,2,5,6],[1,4,5,6],[2,3,4,6],[3,4,5,6]]
GMFAIL 2,7,10,6 2,7,6,10 4,5,2,8 7,6,10,2 | 5 18 64 32 | 8 # m=7 sets=[[0,2,5,6],[1,4,5,6],[2,3,4,6],[3,4,5,6]]
GMFAIL 2,7,10,4 1,6,4,8 4,5,2,8 5,4,8,2 | 5 18 64 32 | 8 # m=7 sets=[[0,2,5,6],[1,4,5,6],[2,3,4,6],[3,4,5,6]]
GMFAIL 2,7,10,4 2,5,4,8 4,5,2,8 5,4,8,2 | 5 18 64 32 | 8 # m=7 sets=[[0,2,5,6],[1,4,5,6],[2,3,4,6],[3,4,5,6]]
GMFAIL 2,7,10,4 2,7,4,10 4,5,2,8 5,4,8,2 | 5 18 64 32 | 8 # m=7 sets=[[0,2,5,6],[1,4,5,6],[2,3,4,6],[3,4,5,6]]
GMFAIL 2,7,10,4 2,7,6,10 4,5,2,8 5,4,8,2 | 5 18 64 32 | 8 # m=7 sets=[[0,2,5,6],[1,4,5,6],[2,3,4,6],[3,4,5,6]]
GMFAIL 2,7,10,4 1,6,4,8 4,6,1,8 5,4,8,2 | 5 18 64 32 | 8 # m=7 sets=[[0,2,5,6],[1,4,5,6],[2,3,4,6],[3,4,5,6]]
GMFAIL 2,7,10,4 2,5,4,8 4,6,1,8 5,4,8,2 | 5 18 64 32 | 8 # m=7 sets=[[0,2,5,6],[1,4,5,6],[2,3,4,6],[3,4,5,6]]
GMFAIL 2,7,10,4 2,7,4,10 4,6,1,8 5,4,8,2 | 5 18 64 32 | 8 # m=7 sets=[[0,2,5,6],[1,4,5,6],[2,3,4,6],[3,4,5,6]]
GMFAIL 2,7,10,4 2,7,6,10 4,6,1,8 5,4,8,2 | 5 18 64 32 | 8 # m=7 sets=[[0,2,5,6],[1,4,5,6],[2,3,4,6],[3,4,5,6]]
GMFAIL 2,7,10,4 1,6,4,8 4,7,2,10 5,4,8,2 | 5 18 64 32 | 8 # m=7 sets=[[0,2,5,6],[1,4,5,6],[2,3,4,6],[3,4,5,6]]
GMFAIL 2,7,10,4 2,5,4,8 4,7,2,10 5,4,8,2 | 5 18 64 32 | 8 # m=7 sets=[[0,2,5,6],[1,4,5,6],[2,3,4,6],[3,4,5,6]]
GMFAIL 2,7,10,4 2,7,4,10 4,7,2,10 5,4,8,2 | 5 18 64 32 | 8 # m=7 sets=[[0,2,5,6],[1,4,5,6],[2,3,4,6],[3,4,5,6]]
GMFAIL 2,7,10,4 2,7,6,10 4,7,2,10 5,4,8,2 | 5 18 64 32 | 8 # m=7 sets=[[0,2,5,6],[1,4,5,6],[2,3,4,6],[3,4,5,6]]
GMFAIL 2,7,10,4 1,6,4,8 6,7,2,10 5,4,8,2 | 5 18 64 32 | 8 # m=7 sets=[[0,2,5,6],[1,4,5,6],[2,3,4,6],[3,4,5,6]]
GMFAIL 2,7,10,4 2,5,4,8 6,7,2,10 5,4,8,2 | 5 18 64 32 | 8 # m=7 sets=[[0,2,5,6],[1,4,5,6],[2,3,4,6],[3,4,5,6]]
GMFAIL 2,7,10,4 2,7,4,10 6,7,2,10 5,4,8,2 | 5 18 64 32 | 8 # m=7 sets=[[0,2,5,6],[1,4,5,6],[2,3,4,6],[3,4,5,6]]
GMFAIL 2,7,10,4 2,7,6,10 6,7,2,10 5,4,8,2 | 5 18 64 32 | 8 # m=7 sets=[[0,2,5,6],[1,4,5,6],[2,3,4,6],[3,4,5,6]]
GMFAIL 2,7,10,4 1,6,4,8 4,5,2,8 5,4,8,2 | 5 18 64 32 | 8 # m=7 sets=[[0,2,5,6],[1,4,5,6],[2,3,4,6],[3,4,5,6]]
GMFAIL 2,7,10,4 2,5,4,8 4,5,2,8 5,4,8,2 | 5 18 64 32 | 8 # m=7 sets=[[0,2,5,6],[1,4,5,6],[2,3,4,6],[3,4,5,6]]
GMFAIL 2,7,10,4 2,7,4,10 4,5,2,8 5,4,8,2 | 5 18 64 32 | 8 # m=7 sets=[[0,2,5,6],[1,4,5,6],[2,3,4,6],[3,4,5,6]]
GMFAIL 2,7,10,4 2,7,6,10 4,5,2,8 5,4,8,2 | 5 18 64 32 | 8 # m=7 sets=[[0,2,5,6],[1,4,5,6],[2,3,4,6],[3,4,5,6]]
GMFAIL 2,7,10,4 1,6,4,8 4,5,2,8 6,4,8,1 | 5 18 64 32 | 8 # m=7 sets=[[0,2,5,6],[1,4,5,6],[2,3,4,6],[3,4,5,6]]
GMFAIL 2,7,10,4 2,5,4,8 4,5,2,8 6,4,8,1 | 5 18 64 32 | 8 # m=7 sets=[[0,2,5,6],[1,4,5,6],[2,3,4,6],[3,4,5,6]]
GMFAIL 2,7,10,4 2,7,4,10 4,5,2,8 6,4,8,1 | 5 18 64 32 | 8 # m=7 sets=[[0,2,5,6],[1,4,5,6],[2,3,4,6],[3,4,5,6]]
GMFAIL 2,7,10,4 2,7,6,10 4,5,2,8 6,4,8,1 | 5 18 64 32 | 8 # m=7 sets=[[0,2,5,6],[1,4,5,6],[2,3,4,6],[3,4,5,6]]
GMFAIL 2,7,10,4 1,6,4,8 4,5,2,8 7,4,10,2 | 5 18 64 32 | 8 # m=7 sets=[[0,2,5,6],[1,4,5,6],[2,3,4,6],[3,4,5,6]]
GMFAIL 2,7,10,4 2,5,4,8 4,5,2,8 7,4,10,2 | 5 18 64 32 | 8 # m=7 sets=[[0,2,5,6],[1,4,5,6],[2,3,4,6],[3,4,5,6]]
GMFAIL 2,7,10,4 2,7,4,10 4,5,2,8 7,4,10,2 | 5 18 64 32 | 8 # m=7 sets=[[0,2,5,6],[1,4,5,6],[2,3,4,6],[3,4,5,6]]
GMFAIL 2,7,10,4 2,7,6,10 4,5,2,8 7,4,10,2 | 5 18 64 32 | 8 # m=7 sets=[[0,2,5,6],[1,4,5,6],[2,3,4,6],[3,4,5,6]]
GMFAIL 2,7,10,4 1,6,4,8 4,5,2,8 7,6,10,2 | 5 18 64 32 | 8 # m=7 sets=[[0,2,5,6],[1,4,5,6],[2,3,4,6],[3,4,5,6]]
GMFAIL 2,7,10,4 2,5,4,8 4,5,2,8 7,6,10,2 | 5 18 64 32 | 8 # m=7 sets=[[0,2,5,6],[1,4,5,6],[2,3,4,6],[3,4,5,6]]
GMFAIL 2,7,10,4 2,7,4,10 4,5,2,8 7,6,10,2 | 5 18 64 32 | 8 # m=7 sets=[[0,2,5,6],[1,4,5,6],[2,3,4,6],[3,4,5,6]]
GMFAIL 2,7,10,4 2,7,6,10 4,5,2,8 7,6,10,2 | 5 18 64 32 | 8 # m=7 sets=[[0,2,5,6],[1,4,5,6],[2,3,4,6],[3,4,5,6]]
GMFAIL 2,7,10,4 2,7,6,10 4,5,2,8 5,4,8,2 | 5 18 64 32 | 8 # m=7 sets=[[0,2,5,6],[1,4,5,6],[2,3,4,6],[3,4,5,6]]
GMFAIL 2,7,10,4 2,7,6,10 4,6,1,8 5,4,8,2 | 5 18 64 32 | 8 # m=7 sets=[[0,2,5,6],[1,4,5,6],[2,3,4,6],[3,4,5,6]]
GMFAIL 2,7,10,4 2,7,6,10 4,7,2,10 5,4,8,2 | 5 18 64 32 | 8 # m=7 sets=[[0,2,5,6],[1,4,5,6],[2,3,4,6],[3,4,5,6]]
GMFAIL 2,7,10,4 2,7,6,10 6,7,2,10 5,4,8,2 | 5 18 64 32 | 8 # m=7 sets=[[0,2,5,6],[1,4,5,6],[2,3,4,6],[3,4,5,6]]
GMFAIL 2,7,10,4 2,7,6,10 4,5,2,8 6,4,8,1 | 5 18 64 32 | 8 # m=7 sets=[[0,2,5,6],[1,4,5,6],[2,3,4,6],[3,4,5,6]]
GMFAIL 2,7,10,4 2,7,6,10 4,6,1,8 6,4,8,1 | 5 18 64 32 | 8 # m=7 sets=[[0,2,5,6],[1,4,5,6],[2,3,4,6],[3,4,5,6]]
GMFAIL 2,7,10,4 2,7,6,10 4,7,2,10 6,4,8,1 | 5 18 64 32 | 8 # m=7 sets=[[0,2,5,6],[1,4,5,6],[2,3,4,6],[3,4,5,6]]
GMFAIL 2,7,10,4 2,7,6,10 6,7,2,10 6,4,8,1 | 5 18 64 32 | 8 # m=7 sets=[[0,2,5,6],[1,4,5,6],[2,3,4,6],[3,4,5,6]]
GMFAIL 2,7,10,4 2,7,6,10 4,5,2,8 7,4,10,2 | 5 18 64 32 | 8 # m=7 sets=[[0,2,5,6],[1,4,5,6],[2,3,4,6],[3,4,5,6]]
GMFAIL 2,7,10,4 2,7,6,10 4,6,1,8 7,4,10,2 | 5 18 64 32 | 8 # m=7 sets=[[0,2,5,6],[1,4,5,6],[2,3,4,6],[3,4,5,6]]
GMFAIL 2,7,10,4 2,7,6,10 4,7,2,10 7,4,10,2 | 5 18 64 32 | 8 # m=7 sets=[[0,2,5,6],[1,4,5,6],[2,3,4,6],[3,4,5,6]]
GMFAIL 2,7,10,4 2,7,6,10 6,7,2,10 7,4,10,2 | 5 18 64 32 | 8 # m=7 sets=[[0,2,5,6],[1,4,5,6],[2,3,4,6],[3,4,5,6]]
GMFAIL 2,7,10,4 2,7,6,10 4,5,2,8 7,6,10,2 | 5 18 64 32 | 8 # m=7 sets=[[0,2,5,6],[1,4,5,6],[2,3,4,6],[3,4,5,6]]
GMFAIL 2,7,10,4 2,7,6,10 4,6,1,8 7,6,10,2 | 5 18 64 32 | 8 # m=7 sets=[[0,2,5,6],[1,4,5,6],[2,3,4,6],[3,4,5,6]]
GMFAIL 2,7,10,4 2,7,6,10 4,7,2,10 7,6,10,2 | 5 18 64 32 | 8 # m=7 sets=[[0,2,5,6],[1,4,5,6],[2,3,4,6],[3,4,5,6]]
GMFAIL 2,7,10,4 2,7,6,10 6,7,2,10 7,6,10,2 | 5 18 64 32 | 8 # m=7 sets=[[0,2,5,6],[1,4,5,6],[2,3,4,6],[3,4,5,6]]
GMFAIL 1,6,8,4 1,6,4,8 4,5,2,8 5,4,8,2 | 5 18 64 32 | 8 # m=7 sets=[[0,2,5,6],[1,4,5,6],[2,3,4,6],[3,4,5,6]]
GMFAIL 2,5,8,4 1,6,4,8 4,5,2,8 5,4,8,2 | 5 18 64 32 | 8 # m=7 sets=[[0,2,5,6],[1,4,5,6],[2,3,4,6],[3,4,5,6]]
GMFAIL 2,7,10,4 1,6,4,8 4,5,2,8 5,4,8,2 | 5 18 64 32 | 8 # m=7 sets=[[0,2,5,6],[1,4,5,6],[2,3,4,6],[3,4,5,6]]
GMFAIL 2,7,10,6 1,6,4,8 4,5,2,8 5,4,8,2 | 5 18 64 32 | 8 # m=7 sets=[[0,2,5,6],[1,4,5,6],[2,3,4,6],[3,4,5,6]]
GMFAIL 1,6,8,4 2,5,4,8 4,5,2,8 5,4,8,2 | 5 18 64 32 | 8 # m=7 sets=[[0,2,5,6],[1,4,5,6],[2,3,4,6],[3,4,5,6]]
GMFAIL 2,5,8,4 2,5,4,8 4,5,2,8 5,4,8,2 | 5 18 64 32 | 8 # m=7 sets=[[0,2,5,6],[1,4,5,6],[2,3,4,6],[3,4,5,6]]
GMFAIL 2,7,10,4 2,5,4,8 4,5,2,8 5,4,8,2 | 5 18 64 32 | 8 # m=7 sets=[[0,2,5,6],[1,4,5,6],[2,3,4,6],[3,4,5,6]]
GMFAIL 2,7,10,6 2,5,4,8 4,5,2,8 5,4,8,2 | 5 18 64 32 | 8 # m=7 sets=[[0,2,5,6],[1,4,5,6],[2,3,4,6],[3,4,5,6]]
GMFAIL 1,6,8,4 2,7,4,10 4,5,2,8 5,4,8,2 | 5 18 64 32 | 8 # m=7 sets=[[0,2,5,6],[1,4,5,6],[2,3,4,6],[3,4,5,6]]
GMFAIL 2,5,8,4 2,7,4,10 4,5,2,8 5,4,8,2 | 5 18 64 32 | 8 # m=7 sets=[[0,2,5,6],[1,4,5,6],[2,3,4,6],[3,4,5,6]]
GMFAIL 2,7,10,4 2,7,4,10 4,5,2,8 5,4,8,2 | 5 18 64 32 | 8 # m=7 sets=[[0,2,5,6],[1,4,5,6],[2,3,4,6],[3,4,5,6]]
GMFAIL 2,7,10,6 2,7,4,10 4,5,2,8 5,4,8,2 | 5 18 64 32 | 8 # m=7 sets=[[0,2,5,6],[1,4,5,6],[2,3,4,6],[3,4,5,6]]
GMFAIL 1,6,8,4 2,7,6,10 4,5,2,8 5,4,8,2 | 5 18 64 32 | 8 # m=7 sets=[[0,2,5,6],[1,4,5,6],[2,3,4,6],[3,4,5,6]]
GMFAIL 2,5,8,4 2,7,6,10 4,5,2,8 5,4,8,2 | 5 18 64 32 | 8 # m=7 sets=[[0,2,5,6],[1,4,5,6],[2,3,4,6],[3,4,5,6]]
GMFAIL 2,7,10,4 2,7,6,10 4,5,2,8 5,4,8,2 | 5 18 64 32 | 8 # m=7 sets=[[0,2,5,6],[1,4,5,6],[2,3,4,6],[3,4,5,6]]
GMFAIL 2,7,10,6 2,7,6,10 4,5,2,8 5,4,8,2 | 5 18 64 32 | 8 # m=7 sets=[[0,2,5,6],[1,4,5,6],[2,3,4,6],[3,4,5,6]]
GMFAIL 1,6,8,4 1,6,4,8 4,5,2,8 5,4,8,2 | 5 18 64 32 | 8 # m=7 sets=[[0,2,5,6],[1,4,5,6],[2,3,4,6],[3,4,5,6]]
GMFAIL 2,5,8,4 1,6,4,8 4,5,2,8 5,4,8,2 | 5 18 64 32 | 8 # m=7 sets=[[0,2,5,6],[1,4,5,6],[2,3,4,6],[3,4,5,6]]
GMFAIL 2,7,10,4 1,6,4,8 4,5,2,8 5,4,8,2 | 5 18 64 32 | 8 # m=7 sets=[[0,2,5,6],[1,4,5,6],[2,3,4,6],[3,4,5,6]]
GMFAIL 2,7,10,6 1,6,4,8 4,5,2,8 5,4,8,2 | 5 18 64 32 | 8 # m=7 sets=[[0,2,5,6],[1,4,5,6],[2,3,4,6],[3,4,5,6]]
GMFAIL 1,6,8,4 1,6,4,8 4,5,2,8 6,4,8,1 | 5 18 64 32 | 8 # m=7 sets=[[0,2,5,6],[1,4,5,6],[2,3,4,6],[3,4,5,6]]
GMFAIL 2,5,8,4 1,6,4,8 4,5,2,8 6,4,8,1 | 5 18 64 32 | 8 # m=7 sets=[[0,2,5,6],[1,4,5,6],[2,3,4,6],[3,4,5,6]]
GMFAIL 2,7,10,4 1,6,4,8 4,5,2,8 6,4,8,1 | 5 18 64 32 | 8 # m=7 sets=[[0,2,5,6],[1,4,5,6],[2,3,4,6],[3,4,5,6]]
GMFAIL 2,7,10,6 1,6,4,8 4,5,2,8 6,4,8,1 | 5 18 64 32 | 8 # m=7 sets=[[0,2,5,6],[1,4,5,6],[2,3,4,6],[3,4,5,6]]
GMFAIL 1,6,8,4 1,6,4,8 4,5,2,8 7,4,10,2 | 5 18 64 32 | 8 # m=7 sets=[[0,2,5,6],[1,4,5,6],[2,3,4,6],[3,4,5,6]]
GMFAIL 2,5,8,4 1,6,4,8 4,5,2,8 7,4,10,2 | 5 18 64 32 | 8 # m=7 sets=[[0,2,5,6],[1,4,5,6],[2,3,4,6],[3,4,5,6]]
GMFAIL 2,7,10,4 1,6,4,8 4,5,2,8 7,4,10,2 | 5 18 64 32 | 8 # m=7 sets=[[0,2,5,6],[1,4,5,6],[2,3,4,6],[3,4,5,6]]
GMFAIL 2,7,10,6 1,6,4,8 4,5,2,8 7,4,10,2 | 5 18 64 32 | 8 # m=7 sets=[[0,2,5,6],[1,4,5,6],[2,3,4,6],[3,4,5,6]]
GMFAIL 1,6,8,4 1,6,4,8 4,5,2,8 7,6,10,2 | 5 18 64 32 | 8 # m=7 sets=[[0,2,5,6],[1,4,5,6],[2,3,4,6],[3,4,5,6]]
GMFAIL 2,5,8,4 1,6,4,8 4,5,2,8 7,6,10,2 | 5 18 64 32 | 8 # m=7 sets=[[0,2,5,6],[1,4,5,6],[2,3,4,6],[3,4,5,6]]
GMFAIL 2,7,10,4 1,6,4,8 4,5,2,8 7,6,10,2 | 5 18 64 32 | 8 # m=7 sets=[[0,2,5,6],[1,4,5,6],[2,3,4,6],[3,4,5,6]]
GMFAIL 2,7,10,6 1,6,4,8 4,5,2,8 7,6,10,2 | 5 18 64 32 | 8 # m=7 sets=[[0,2,5,6],[1,4,5,6],[2,3,4,6],[3,4,5,6]]
GMFAIL 2,7,10,6 1,6,4,8 4,5,2,8 5,4,8,2 | 5 18 64 32 | 8 # m=7 sets=[[0,2,5,6],[1,4,5,6],[2,3,4,6],[3,4,5,6]]
GMFAIL 2,7,10,6 2,5,4,8 4,5,2,8 5,4,8,2 | 5 18 64 32 | 8 # m=7 sets=[[0,2,5,6],[1,4,5,6],[2,3,4,6],[3,4,5,6]]
GMFAIL 2,7,10,6 2,7,4,10 4,5,2,8 5,4,8,2 | 5 18 64 32 | 8 # m=7 sets=[[0,2,5,6],[1,4,5,6],[2,3,4,6],[3,4,5,6]]
GMFAIL 2,7,10,6 2,7,6,10 4,5,2,8 5,4,8,2 | 5 18 64 32 | 8 # m=7 sets=[[0,2,5,6],[1,4,5,6],[2,3,4,6],[3,4,5,6]]
GMFAIL 2,7,10,6 1,6,4,8 4,6,1,8 5,4,8,2 | 5 18 64 32 | 8 # m=7 sets=[[0,2,5,6],[1,4,5,6],[2,3,4,6],[3,4,5,6]]
GMFAIL 2,7,10,6 2,5,4,8 4,6,1,8 5,4,8,2 | 5 18 64 32 | 8 # m=7 sets=[[0,2,5,6],[1,4,5,6],[2,3,4,6],[3,4,5,6]]
GMFAIL 2,7,10,6 2,7,4,10 4,6,1,8 5,4,8,2 | 5 18 64 32 | 8 # m=7 sets=[[0,2,5,6],[1,4,5,6],[2,3,4,6],[3,4,5,6]]
GMFAIL 2,7,10,6 2,7,6,10 4,6,1,8 5,4,8,2 | 5 18 64 32 | 8 # m=7 sets=[[0,2,5,6],[1,4,5,6],[2,3,4,6],[3,4,5,6]]
GMFAIL 2,7,10,6 1,6,4,8 4,7,2,10 5,4,8,2 | 5 18 64 32 | 8 # m=7 sets=[[0,2,5,6],[1,4,5,6],[2,3,4,6],[3,4,5,6]]
GMFAIL 2,7,10,6 2,5,4,8 4,7,2,10 5,4,8,2 | 5 18 64 32 | 8 # m=7 sets=[[0,2,5,6],[1,4,5,6],[2,3,4,6],[3,4,5,6]]
GMFAIL 2,7,10,6 2,7,4,10 4,7,2,10 5,4,8,2 | 5 18 64 32 | 8 # m=7 sets=[[0,2,5,6],[1,4,5,6],[2,3,4,6],[3,4,5,6]]
GMFAIL 2,7,10,6 2,7,6,10 4,7,2,10 5,4,8,2 | 5 18 64 32 | 8 # m=7 sets=[[0,2,5,6],[1,4,5,6],[2,3,4,6],[3,4,5,6]]
GMFAIL 2,7,10,6 1,6,4,8 6,7,2,10 5,4,8,2 | 5 18 64 32 | 8 # m=7 sets=[[0,2,5,6],[1,4,5,6],[2,3,4,6],[3,4,5,6]]
GMFAIL 2,7,10,6 2,5,4,8 6,7,2,10 5,4,8,2 | 5 18 64 32 | 8 # m=7 sets=[[0,2,5,6],[1,4,5,6],[2,3,4,6],[3,4,5,6]]
GMFAIL 2,7,10,6 2,7,4,10 6,7,2,10 5,4,8,2 | 5 18 64 32 | 8 # m=7 sets=[[0,2,5,6],[1,4,5,6],[2,3,4,6],[3,4,5,6]]
GMFAIL 2,7,10,6 2,7,6,10 6,7,2,10 5,4,8,2 | 5 18 64 32 | 8 # m=7 sets=[[0,2,5,6],[1,4,5,6],[2,3,4,6],[3,4,5,6]]
GMFAIL 1,6,8,4 1,6,4,8 4,5,2,8 5,4,8,2 | 5 18 64 32 | 8 # m=7 sets=[[0,2,5,6],[1,4,5,6],[2,3,4,6],[3,4,5,6]]
GMFAIL 2,5,8,4 1,6,4,8 4,5,2,8 5,4,8,2 | 5 18 64 32 | 8 # m=7 sets=[[0,2,5,6],[1,4,5,6],[2,3,4,6],[3,4,5,6]]
GMFAIL 2,7,10,4 1,6,4,8 4,5,2,8 5,4,8,2 | 5 18 64 32 | 8 # m=7 sets=[[0,2,5,6],[1,4,5,6],[2,3,4,6],[3,4,5,6]]
GMFAIL 2,7,10,6 1,6,4,8 4,5,2,8 5,4,8,2 | 5 18 64 32 | 8 # m=7 sets=[[0,2,5,6],[1,4,5,6],[2,3,4,6],[3,4,5,6]]
GMFAIL 1,6,8,4 1,6,4,8 4,6,1,8 5,4,8,2 | 5 18 64 32 | 8 # m=7 sets=[[0,2,5,6],[1,4,5,6],[2,3,4,6],[3,4,5,6]]
GMFAIL 2,5,8,4 1,6,4,8 4,6,1,8 5,4,8,2 | 5 18 64 32 | 8 # m=7 sets=[[0,2,5,6],[1,4,5,6],[2,3,4,6],[3,4,5,6]]
GMFAIL 2,7,10,4 1,6,4,8 4,6,1,8 5,4,8,2 | 5 18 64 32 | 8 # m=7 sets=[[0,2,5,6],[1,4,5,6],[2,3,4,6],[3,4,5,6]]
GMFAIL 2,7,10,6 1,6,4,8 4,6,1,8 5,4,8,2 | 5 18 64 32 | 8 # m=7 sets=[[0,2,5,6],[1,4,5,6],[2,3,4,6],[3,4,5,6]]
GMFAIL 1,6,8,4 1,6,4,8 4,7,2,10 5,4,8,2 | 5 18 64 32 | 8 # m=7 sets=[[0,2,5,6],[1,4,5,6],[2,3,4,6],[3,4,5,6]]
GMFAIL 2,5,8,4 1,6,4,8 4,7,2,10 5,4,8,2 | 5 18 64 32 | 8 # m=7 sets=[[0,2,5,6],[1,4,5,6],[2,3,4,6],[3,4,5,6]]
GMFAIL 2,7,10,4 1,6,4,8 4,7,2,10 5,4,8,2 | 5 18 64 32 | 8 # m=7 sets=[[0,2,5,6],[1,4,5,6],[2,3,4,6],[3,4,5,6]]
GMFAIL 2,7,10,6 1,6,4,8 4,7,2,10 5,4,8,2 | 5 18 64 32 | 8 # m=7 sets=[[0,2,5,6],[1,4,5,6],[2,3,4,6],[3,4,5,6]]
GMFAIL 1,6,8,4 1,6,4,8 6,7,2,10 5,4,8,2 | 5 18 64 32 | 8 # m=7 sets=[[0,2,5,6],[1,4,5,6],[2,3,4,6],[3,4,5,6]]
GMFAIL 2,5,8,4 1,6,4,8 6,7,2,10 5,4,8,2 | 5 18 64 32 | 8 # m=7 sets=[[0,2,5,6],[1,4,5,6],[2,3,4,6],[3,4,5,6]]
GMFAIL 2,7,10,4 1,6,4,8 6,7,2,10 5,4,8,2 | 5 18 64 32 | 8 # m=7 sets=[[0,2,5,6],[1,4,5,6],[2,3,4,6],[3,4,5,6]]
GMFAIL 2,7,10,6 1,6,4,8 6,7,2,10 5,4,8,2 | 5 18 64 32 | 8 # m=7 sets=[[0,2,5,6],[1,4,5,6],[2,3,4,6],[3,4,5,6]]
GMFAIL 2,7,10,6 1,6,4,8 4,5,2,8 5,4,8,2 | 5 18 64 32 | 8 # m=7 sets=[[0,2,5,6],[1,4,5,6],[2,3,4,6],[3,4,5,6]]
GMFAIL 2,7,10,6 2,5,4,8 4,5,2,8 5,4,8,2 | 5 18 64 32 | 8 # m=7 sets=[[0,2,5,6],[1,4,5,6],[2,3,4,6],[3,4,5,6]]
GMFAIL 2,7,10,6 2,7,4,10 4,5,2,8 5,4,8,2 | 5 18 64 32 | 8 # m=7 sets=[[0,2,5,6],[1,4,5,6],[2,3,4,6],[3,4,5,6]]
GMFAIL 2,7,10,6 2,7,6,10 4,5,2,8 5,4,8,2 | 5 18 64 32 | 8 # m=7 sets=[[0,2,5,6],[1,4,5,6],[2,3,4,6],[3,4,5,6]]
GMFAIL 2,7,10,6 1,6,4,8 4,5,2,8 6,4,8,1 | 5 18 64 32 | 8 # m=7 sets=[[0,2,5,6],[1,4,5,6],[2,3,4,6],[3,4,5,6]]
GMFAIL 2,7,10,6 2,5,4,8 4,5,2,8 6,4,8,1 | 5 18 64 32 | 8 # m=7 sets=[[0,2,5,6],[1,4,5,6],[2,3,4,6],[3,4,5,6]]
GMFAIL 2,7,10,6 2,7,4,10 4,5,2,8 6,4,8,1 | 5 18 64 32 | 8 # m=7 sets=[[0,2,5,6],[1,4,5,6],[2,3,4,6],[3,4,5,6]]
GMFAIL 2,7,10,6 2,7,6,10 4,5,2,8 6,4,8,1 | 5 18 64 32 | 8 # m=7 sets=[[0,2,5,6],[1,4,5,6],[2,3,4,6],[3,4,5,6]]
GMFAIL 2,7,10,6 1,6,4,8 4,5,2,8 7,4,10,2 | 5 18 64 32 | 8 # m=7 sets=[[0,2,5,6],[1,4,5,6],[2,3,4,6],[3,4,5,6]]
GMFAIL 2,7,10,6 2,5,4,8 4,5,2,8 7,4,10,2 | 5 18 64 32 | 8 # m=7 sets=[[0,2,5,6],[1,4,5,6],[2,3,4,6],[3,4,5,6]]
GMFAIL 2,7,10,6 2,7,4,10 4,5,2,8 7,4,10,2 | 5 18 64 32 | 8 # m=7 sets=[[0,2,5,6],[1,4,5,6],[2,3,4,6],[3,4,5,6]]
GMFAIL 2,7,10,6 2,7,6,10 4,5,2,8 7,4,10,2 | 5 18 64 32 | 8 # m=7 sets=[[0,2,5,6],[1,4,5,6],[2,3,4,6],[3,4,5,6]]
GMFAIL 2,7,10,6 1,6,4,8 4,5,2,8 7,6,10,2 | 5 18 64 32 | 8 # m=7 sets=[[0,2,5,6],[1,4,5,6],[2,3,4,6],[3,4,5,6]]
GMFAIL 2,7,10,6 2,5,4,8 4,5,2,8 7,6,10,2 | 5 18 64 32 | 8 # m=7 sets=[[0,2,5,6],[1,4,5,6],[2,3,4,6],[3,4,5,6]]
GMFAIL 2,7,10,6 2,7,4,10 4,5,2,8 7,6,10,2 | 5 18 64 32 | 8 # m=7 sets=[[0,2,5,6],[1,4,5,6],[2,3,4,6],[3,4,5,6]]
GMFAIL 2,7,10,6 2,7,6,10 4,5,2,8 7,6,10,2 | 5 18 64 32 | 8 # m=7 sets=[[0,2,5,6],[1,4,5,6],[2,3,4,6],[3,4,5,6]]
GMFAIL 2,7,10,6 1,6,4,8 4,5,2,8 5,4,8,2 | 5 18 64 32 | 8 # m=7 sets=[[0,2,5,6],[1,4,5,6],[2,3,4,6],[3,4,5,6]]
GMFAIL 2,7,10,6 1,6,4,8 4,6,1,8 5,4,8,2 | 5 18 64 32 | 8 # m=7 sets=[[0,2,5,6],[1,4,5,6],[2,3,4,6],[3,4,5,6]]
GMFAIL 2,7,10,6 1,6,4,8 4,7,2,10 5,4,8,2 | 5 18 64 32 | 8 # m=7 sets=[[0,2,5,6],[1,4,5,6],[2,3,4,6],[3,4,5,6]]
GMFAIL 2,7,10,6 1,6,4,8 6,7,2,10 5,4,8,2 | 5 18 64 32 | 8 # m=7 sets=[[0,2,5,6],[1,4,5,6],[2,3,4,6],[3,4,5,6]]
GMFAIL 2,7,10,6 1,6,4,8 4,5,2,8 6,4,8,1 | 5 18 64 32 | 8 # m=7 sets=[[0,2,5,6],[1,4,5,6],[2,3,4,6],[3,4,5,6]]
GMFAIL 2,7,10,6 1,6,4,8 4,6,1,8 6,4,8,1 | 5 18 64 32 | 8 # m=7 sets=[[0,2,5,6],[1,4,5,6],[2,3,4,6],[3,4,5,6]]
GMFAIL 2,7,10,6 1,6,4,8 4,7,2,10 6,4,8,1 | 5 18 64 32 | 8 # m=7 sets=[[0,2,5,6],[1,4,5,6],[2,3,4,6],[3,4,5,6]]
GMFAIL 2,7,10,6 1,6,4,8 6,7,2,10 6,4,8,1 | 5 18 64 32 | 8 # m=7 sets=[[0,2,5,6],[1,4,5,6],[2,3,4,6],[3,4,5,6]]
GMFAIL 2,7,10,6 1,6,4,8 4,5,2,8 7,4,10,2 | 5 18 64 32 | 8 # m=7 sets=[[0,2,5,6],[1,4,5,6],[2,3,4,6],[3,4,5,6]]
GMFAIL 2,7,10,6 1,6,4,8 4,6,1,8 7,4,10,2 | 5 18 64 32 | 8 # m=7 sets=[[0,2,5,6],[1,4,5,6],[2,3,4,6],[3,4,5,6]]
GMFAIL 2,7,10,6 1,6,4,8 4,7,2,10 7,4,10,2 | 5 18 64 32 | 8 # m=7 sets=[[0,2,5,6],[1,4,5,6],[2,3,4,6],[3,4,5,6]]
GMFAIL 2,7,10,6 1,6,4,8 6,7,2,10 7,4,10,2 | 5 18 64 32 | 8 # m=7 sets=[[0,2,5,6],[1,4,5,6],[2,3,4,6],[3,4,5,6]]
GMFAIL 2,7,10,6 1,6,4,8 4,5,2,8 7,6,10,2 | 5 18 64 32 | 8 # m=7 sets=[[0,2,5,6],[1,4,5,6],[2,3,4,6],[3,4,5,6]]
GMFAIL 2,7,10,6 1,6,4,8 4,6,1,8 7,6,10,2 | 5 18 64 32 | 8 # m=7 sets=[[0,2,5,6],[1,4,5,6],[2,3,4,6],[3,4,5,6]]
GMFAIL 2,7,10,6 1,6,4,8 4,7,2,10 7,6,10,2 | 5 18 64 32 | 8 # m=7 sets=[[0,2,5,6],[1,4,5,6],[2,3,4,6],[3,4,5,6]]
GMFAIL 2,7,10,6 1,6,4,8 6,7,2,10 7,6,10,2 | 5 18 64 32 | 8 # m=7 sets=[[0,2,5,6],[1,4,5,6],[2,3,4,6],[3,4,5,6]]
GMFAIL 1,6,8,4 1,4,6,8 1,6,4,8 5,4,8,2 | 5 64 18 32 | 8 # m=7 sets=[[0,2,5,6],[1,2,3,6],[1,4,5,6],[3,4,5,6]]
GMFAIL 2,5,8,4 1,4,6,8 1,6,4,8 5,4,8,2 | 5 64 18 32 | 8 # m=7 sets=[[0,2,5,6],[1,2,3,6],[1,4,5,6],[3,4,5,6]]
GMFAIL 2,7,10,4 1,4,6,8 1,6,4,8 5,4,8,2 | 5 64 18 32 | 8 # m=7 sets=[[0,2,5,6],[1,2,3,6],[1,4,5,6],[3,4,5,6]]
GMFAIL 2,7,10,6 1,4,6,8 1,6,4,8 5,4,8,2 | 5 64 18 32 | 8 # m=7 sets=[[0,2,5,6],[1,2,3,6],[1,4,5,6],[3,4,5,6]]
GMFAIL 1,6,8,4 2,4,7,10 1,6,4,8 5,4,8,2 | 5 64 18 32 | 8 # m=7 sets=[[0,2,5,6],[1,2,3,6],[1,4,5,6],[3,4,5,6]]
GMFAIL 2,5,8,4 2,4,7,10 1,6,4,8 5,4,8,2 | 5 64 18 32 | 8 # m=7 sets=[[0,2,5,6],[1,2,3,6],[1,4,5,6],[3,4,5,6]]
GMFAIL 2,7,10,4 2,4,7,10 1,6,4,8 5,4,8,2 | 5 64 18 32 | 8 # m=7 sets=[[0,2,5,6],[1,2,3,6],[1,4,5,6],[3,4,5,6]]
GMFAIL 2,7,10,6 2,4,7,10 1,6,4,8 5,4,8,2 | 5 64 18 32 | 8 # m=7 sets=[[0,2,5,6],[1,2,3,6],[1,4,5,6],[3,4,5,6]]
GMFAIL 1,6,8,4 2,4,7,10 1,6,4,8 5,4,8,2 | 5 64 18 32 | 8 # m=7 sets=[[0,2,5,6],[1,2,3,6],[1,4,5,6],[3,4,5,6]]
GMFAIL 2,5,8,4 2,4,7,10 1,6,4,8 5,4,8,2 | 5 64 18 32 | 8 # m=7 sets=[[0,2,5,6],[1,2,3,6],[1,4,5,6],[3,4,5,6]]
GMFAIL 2,7,10,4 2,4,7,10 1,6,4,8 5,4,8,2 | 5 64 18 32 | 8 # m=7 sets=[[0,2,5,6],[1,2,3,6],[1,4,5,6],[3,4,5,6]]
GMFAIL 2,7,10,6 2,4,7,10 1,6,4,8 5,4,8,2 | 5 64 18 32 | 8 # m=7 sets=[[0,2,5,6],[1,2,3,6],[1,4,5,6],[3,4,5,6]]
GMFAIL 1,6,8,4 2,4,7,10 2,5,4,8 5,4,8,2 | 5 64 18 32 | 8 # m=7 sets=[[0,2,5,6],[1,2,3,6],[1,4,5,6],[3,4,5,6]]
GMFAIL 2,5,8,4 2,4,7,10 2,5,4,8 5,4,8,2 | 5 64 18 32 | 8 # m=7 sets=[[0,2,5,6],[1,2,3,6],[1,4,5,6],[3,4,5,6]]
GMFAIL 2,7,10,4 2,4,7,10 2,5,4,8 5,4,8,2 | 5 64 18 32 | 8 # m=7 sets=[[0,2,5,6],[1,2,3,6],[1,4,5,6],[3,4,5,6]]
GMFAIL 2,7,10,6 2,4,7,10 2,5,4,8 5,4,8,2 | 5 64 18 32 | 8 # m=7 sets=[[0,2,5,6],[1,2,3,6],[1,4,5,6],[3,4,5,6]]
GMFAIL 1,6,8,4 2,4,7,10 2,7,4,10 5,4,8,2 | 5 64 18 32 | 8 # m=7 sets=[[0,2,5,6],[1,2,3,6],[1,4,5,6],[3,4,5,6]]
GMFAIL 2,5,8,4 2,4,7,10 2,7,4,10 5,4,8,2 | 5 64 18 32 | 8 # m=7 sets=[[0,2,5,6],[1,2,3,6],[1,4,5,6],[3,4,5,6]]
GMFAIL 2,7,10,4 2,4,7,10 2,7,4,10 5,4,8,2 | 5 64 18 32 | 8 # m=7 sets=[[0,2,5,6],[1,2,3,6],[1,4,5,6],[3,4,5,6]]
GMFAIL 2,7,10,6 2,4,7,10 2,7,4,10 5,4,8,2 | 5 64 18 32 | 8 # m=7 sets=[[0,2,5,6],[1,2,3,6],[1,4,5,6],[3,4,5,6]]
GMFAIL 1,6,8,4 2,4,7,10 2,7,6,10 5,4,8,2 | 5 64 18 32 | 8 # m=7 sets=[[0,2,5,6],[1,2,3,6],[1,4,5,6],[3,4,5,6]]
GMFAIL 2,5,8,4 2,4,7,10 2,7,6,10 5,4,8,2 | 5 64 18 32 | 8 # m=7 sets=[[0,2,5,6],[1,2,3,6],[1,4,5,6],[3,4,5,6]]
GMFAIL 2,7,10,4 2,4,7,10 2,7,6,10 5,4,8,2 | 5 64 18 32 | 8 # m=7 sets=[[0,2,5,6],[1,2,3,6],[1,4,5,6],[3,4,5,6]]
GMFAIL 2,7,10,6 2,4,7,10 2,7,6,10 5,4,8,2 | 5 64 18 32 | 8 # m=7 sets=[[0,2,5,6],[1,2,3,6],[1,4,5,6],[3,4,5,6]]
GMFAIL 1,6,8,4 2,4,7,10 1,6,4,8 5,4,8,2 | 5 64 18 32 | 8 # m=7 sets=[[0,2,5,6],[1,2,3,6],[1,4,5,6],[3,4,5,6]]
GMFAIL 2,5,8,4 2,4,7,10 1,6,4,8 5,4,8,2 | 5 64 18 32 | 8 # m=7 sets=[[0,2,5,6],[1,2,3,6],[1,4,5,6],[3,4,5,6]]
GMFAIL 2,7,10,4 2,4,7,10 1,6,4,8 5,4,8,2 | 5 64 18 32 | 8 # m=7 sets=[[0,2,5,6],[1,2,3,6],[1,4,5,6],[3,4,5,6]]
GMFAIL 2,7,10,6 2,4,7,10 1,6,4,8 5,4,8,2 | 5 64 18 32 | 8 # m=7 sets=[[0,2,5,6],[1,2,3,6],[1,4,5,6],[3,4,5,6]]
GMFAIL 1,6,8,4 2,4,7,10 1,6,4,8 6,4,8,1 | 5 64 18 32 | 8 # m=7 sets=[[0,2,5,6],[1,2,3,6],[1,4,5,6],[3,4,5,6]]
GMFAIL 2,5,8,4 2,4,7,10 1,6,4,8 6,4,8,1 | 5 64 18 32 | 8 # m=7 sets=[[0,2,5,6],[1,2,3,6],[1,4,5,6],[3,4,5,6]]
GMFAIL 2,7,10,4 2,4,7,10 1,6,4,8 6,4,8,1 | 5 64 18 32 | 8 # m=7 sets=[[0,2,5,6],[1,2,3,6],[1,4,5,6],[3,4,5,6]]
GMFAIL 2,7,10,6 2,4,7,10 1,6,4,8 6,4,8,1 | 5 64 18 32 | 8 # m=7 sets=[[0,2,5,6],[1,2,3,6],[1,4,5,6],[3,4,5,6]]
GMFAIL 1,6,8,4 2,4,7,10 1,6,4,8 7,4,10,2 | 5 64 18 32 | 8 # m=7 sets=[[0,2,5,6],[1,2,3,6],[1,4,5,6],[3,4,5,6]]
GMFAIL 2,5,8,4 2,4,7,10 1,6,4,8 7,4,10,2 | 5 64 18 32 | 8 # m=7 sets=[[0,2,5,6],[1,2,3,6],[1,4,5,6],[3,4,5,6]]
GMFAIL 2,7,10,4 2,4,7,10 1,6,4,8 7,4,10,2 | 5 64 18 32 | 8 # m=7 sets=[[0,2,5,6],[1,2,3,6],[1,4,5,6],[3,4,5,6]]
GMFAIL 2,7,10,6 2,4,7,10 1,6,4,8 7,4,10,2 | 5 64 18 32 | 8 # m=7 sets=[[0,2,5,6],[1,2,3,6],[1,4,5,6],[3,4,5,6]]
GMFAIL 1,6,8,4 2,4,7,10 1,6,4,8 7,6,10,2 | 5 64 18 32 | 8 # m=7 sets=[[0,2,5,6],[1,2,3,6],[1,4,5,6],[3,4,5,6]]
GMFAIL 2,5,8,4 2,4,7,10 1,6,4,8 7,6,10,2 | 5 64 18 32 | 8 # m=7 sets=[[0,2,5,6],[1,2,3,6],[1,4,5,6],[3,4,5,6]]
GMFAIL 2,7,10,4 2,4,7,10 1,6,4,8 7,6,10,2 | 5 64 18 32 | 8 # m=7 sets=[[0,2,5,6],[1,2,3,6],[1,4,5,6],[3,4,5,6]]
GMFAIL 2,7,10,6 2,4,7,10 1,6,4,8 7,6,10,2 | 5 64 18 32 | 8 # m=7 sets=[[0,2,5,6],[1,2,3,6],[1,4,5,6],[3,4,5,6]]
GMFAIL 2,7,10,6 1,4,6,8 1,6,4,8 5,4,8,2 | 5 64 18 32 | 8 # m=7 sets=[[0,2,5,6],[1,2,3,6],[1,4,5,6],[3,4,5,6]]
GMFAIL 2,7,10,6 2,4,7,10 1,6,4,8 5,4,8,2 | 5 64 18 32 | 8 # m=7 sets=[[0,2,5,6],[1,2,3,6],[1,4,5,6],[3,4,5,6]]
GMFAIL 2,7,10,6 1,4,6,8 2,5,4,8 5,4,8,2 | 5 64 18 32 | 8 # m=7 sets=[[0,2,5,6],[1,2,3,6],[1,4,5,6],[3,4,5,6]]
GMFAIL 2,7,10,6 2,4,7,10 2,5,4,8 5,4,8,2 | 5 64 18 32 | 8 # m=7 sets=[[0,2,5,6],[1,2,3,6],[1,4,5,6],[3,4,5,6]]
GMFAIL 2,7,10,6 1,4,6,8 2,7,4,10 5,4,8,2 | 5 64 18 32 | 8 # m=7 sets=[[0,2,5,6],[1,2,3,6],[1,4,5,6],[3,4,5,6]]
GMFAIL 2,7,10,6 2,4,7,10 2,7,4,10 5,4,8,2 | 5 64 18 32 | 8 # m=7 sets=[[0,2,5,6],[1,2,3,6],[1,4,5,6],[3,4,5,6]]
GMFAIL 2,7,10,6 1,4,6,8 2,7,6,10 5,4,8,2 | 5 64 18 32 | 8 # m=7 sets=[[0,2,5,6],[1,2,3,6],[1,4,5,6],[3,4,5,6]]
GMFAIL 2,7,10,6 2,4,7,10 2,7,6,10 5,4,8,2 | 5 64 18 32 | 8 # m=7 sets=[[0,2,5,6],[1,2,3,6],[1,4,5,6],[3,4,5,6]]
GMFAIL 2,7,10,6 2,4,7,10 1,6,4,8 5,4,8,2 | 5 64 18 32 | 8 # m=7 sets=[[0,2,5,6],[1,2,3,6],[1,4,5,6],[3,4,5,6]]
GMFAIL 2,7,10,6 2,4,7,10 2,5,4,8 5,4,8,2 | 5 64 18 32 | 8 # m=7 sets=[[0,2,5,6],[1,2,3,6],[1,4,5,6],[3,4,5,6]]
GMFAIL 2,7,10,6 2,4,7,10 2,7,4,10 5,4,8,2 | 5 64 18 32 | 8 # m=7 sets=[[0,2,5,6],[1,2,3,6],[1,4,5,6],[3,4,5,6]]
GMFAIL 2,7,10,6 2,4,7,10 2,7,6,10 5,4,8,2 | 5 64 18 32 | 8 # m=7 sets=[[0,2,5,6],[1,2,3,6],[1,4,5,6],[3,4,5,6]]
GMFAIL 2,7,10,6 2,4,7,10 1,6,4,8 6,4,8,1 | 5 64 18 32 | 8 # m=7 sets=[[0,2,5,6],[1,2,3,6],[1,4,5,6],[3,4,5,6]]
GMFAIL 2,7,10,6 2,4,7,10 2,5,4,8 6,4,8,1 | 5 64 18 32 | 8 # m=7 sets=[[0,2,5,6],[1,2,3,6],[1,4,5,6],[3,4,5,6]]
GMFAIL 2,7,10,6 2,4,7,10 2,7,4,10 6,4,8,1 | 5 64 18 32 | 8 # m=7 sets=[[0,2,5,6],[1,2,3,6],[1,4,5,6],[3,4,5,6]]
GMFAIL 2,7,10,6 2,4,7,10 2,7,6,10 6,4,8,1 | 5 64 18 32 | 8 # m=7 sets=[[0,2,5,6],[1,2,3,6],[1,4,5,6],[3,4,5,6]]
GMFAIL 2,7,10,6 2,4,7,10 1,6,4,8 7,4,10,2 | 5 64 18 32 | 8 # m=7 sets=[[0,2,5,6],[1,2,3,6],[1,4,5,6],[3,4,5,6]]
GMFAIL 2,7,10,6 2,4,7,10 2,5,4,8 7,4,10,2 | 5 64 18 32 | 8 # m=7 sets=[[0,2,5,6],[1,2,3,6],[1,4,5,6],[3,4,5,6]]
GMFAIL 2,7,10,6 2,4,7,10 2,7,4,10 7,4,10,2 | 5 64 18 32 | 8 # m=7 sets=[[0,2,5,6],[1,2,3,6],[1,4,5,6],[3,4,5,6]]
GMFAIL 2,7,10,6 2,4,7,10 2,7,6,10 7,4,10,2 | 5 64 18 32 | 8 # m=7 sets=[[0,2,5,6],[1,2,3,6],[1,4,5,6],[3,4,5,6]]
GMFAIL 2,7,10,6 2,4,7,10 1,6,4,8 7,6,10,2 | 5 64 18 32 | 8 # m=7 sets=[[0,2,5,6],[1,2,3,6],[1,4,5,6],[3,4,5,6]]
GMFAIL 2,7,10,6 2,4,7,10 2,5,4,8 7,6,10,2 | 5 64 18 32 | 8 # m=7 sets=[[0,2,5,6],[1,2,3,6],[1,4,5,6],[3,4,5,6]]
GMFAIL 2,7,10,6 2,4,7,10 2,7,4,10 7,6,10,2 | 5 64 18 32 | 8 # m=7 sets=[[0,2,5,6],[1,2,3,6],[1,4,5,6],[3,4,5,6]]
GMFAIL 2,7,10,6 2,4,7,10 2,7,6,10 7,6,10,2 | 5 64 18 32 | 8 # m=7 sets=[[0,2,5,6],[1,2,3,6],[1,4,5,6],[3,4,5,6]]
GMFAIL 2,7,10,6 1,4,6,8 1,6,4,8 5,4,8,2 | 5 64 18 32 | 8 # m=7 sets=[[0,2,5,6],[1,2,3,6],[1,4,5,6],[3,4,5,6]]
GMFAIL 2,7,10,6 2,4,7,10 1,6,4,8 5,4,8,2 | 5 64 18 32 | 8 # m=7 sets=[[0,2,5,6],[1,2,3,6],[1,4,5,6],[3,4,5,6]]
GMFAIL 2,7,10,6 1,4,6,8 1,6,4,8 6,4,8,1 | 5 64 18 32 | 8 # m=7 sets=[[0,2,5,6],[1,2,3,6],[1,4,5,6],[3,4,5,6]]
GMFAIL 2,7,10,6 2,4,7,10 1,6,4,8 6,4,8,1 | 5 64 18 32 | 8 # m=7 sets=[[0,2,5,6],[1,2,3,6],[1,4,5,6],[3,4,5,6]]
GMFAIL 2,7,10,6 1,4,6,8 1,6,4,8 7,4,10,2 | 5 64 18 32 | 8 # m=7 sets=[[0,2,5,6],[1,2,3,6],[1,4,5,6],[3,4,5,6]]
GMFAIL 2,7,10,6 2,4,7,10 1,6,4,8 7,4,10,2 | 5 64 18 32 | 8 # m=7 sets=[[0,2,5,6],[1,2,3,6],[1,4,5,6],[3,4,5,6]]
GMFAIL 2,7,10,6 1,4,6,8 1,6,4,8 7,6,10,2 | 5 64 18 32 | 8 # m=7 sets=[[0,2,5,6],[1,2,3,6],[1,4,5,6],[3,4,5,6]]
GMFAIL 2,7,10,6 2,4,7,10 1,6,4,8 7,6,10,2 | 5 64 18 32 | 8 # m=7 sets=[[0,2,5,6],[1,2,3,6],[1,4,5,6],[3,4,5,6]]
GMFAIL 1,6,8,4 1,4,6,8 1,6,4,8 6,4,8,1 | 5 64 18 32 | 8 # m=7 sets=[[0,2,5,6],[1,2,3,6],[1,4,5,6],[3,4,5,6]]
GMFAIL 2,5,8,4 1,4,6,8 1,6,4,8 6,4,8,1 | 5 64 18 32 | 8 # m=7 sets=[[0,2,5,6],[1,2,3,6],[1,4,5,6],[3,4,5,6]]
GMFAIL 2,7,10,4 1,4,6,8 1,6,4,8 6,4,8,1 | 5 64 18 32 | 8 # m=7 sets=[[0,2,5,6],[1,2,3,6],[1,4,5,6],[3,4,5,6]]
GMFAIL 2,7,10,6 1,4,6,8 1,6,4,8 6,4,8,1 | 5 64 18 32 | 8 # m=7 sets=[[0,2,5,6],[1,2,3,6],[1,4,5,6],[3,4,5,6]]
GMFAIL 1,6,8,4 2,4,7,10 1,6,4,8 6,4,8,1 | 5 64 18 32 | 8 # m=7 sets=[[0,2,5,6],[1,2,3,6],[1,4,5,6],[3,4,5,6]]
GMFAIL 2,5,8,4 2,4,7,10 1,6,4,8 6,4,8,1 | 5 64 18 32 | 8 # m=7 sets=[[0,2,5,6],[1,2,3,6],[1,4,5,6],[3,4,5,6]]
GMFAIL 2,7,10,4 2,4,7,10 1,6,4,8 6,4,8,1 | 5 64 18 32 | 8 # m=7 sets=[[0,2,5,6],[1,2,3,6],[1,4,5,6],[3,4,5,6]]
GMFAIL 2,7,10,6 2,4,7,10 1,6,4,8 6,4,8,1 | 5 64 18 32 | 8 # m=7 sets=[[0,2,5,6],[1,2,3,6],[1,4,5,6],[3,4,5,6]]
GMFAIL 1,6,8,4 2,4,7,10 1,6,4,8 6,4,8,1 | 5 64 18 32 | 8 # m=7 sets=[[0,2,5,6],[1,2,3,6],[1,4,5,6],[3,4,5,6]]
GMFAIL 2,5,8,4 2,4,7,10 1,6,4,8 6,4,8,1 | 5 64 18 32 | 8 # m=7 sets=[[0,2,5,6],[1,2,3,6],[1,4,5,6],[3,4,5,6]]
GMFAIL 2,7,10,4 2,4,7,10 1,6,4,8 6,4,8,1 | 5 64 18 32 | 8 # m=7 sets=[[0,2,5,6],[1,2,3,6],[1,4,5,6],[3,4,5,6]]
GMFAIL 2,7,10,6 2,4,7,10 1,6,4,8 6,4,8,1 | 5 64 18 32 | 8 # m=7 sets=[[0,2,5,6],[1,2,3,6],[1,4,5,6],[3,4,5,6]]
GMFAIL 1,6,8,4 2,4,7,10 2,5,4,8 6,4,8,1 | 5 64 18 32 | 8 # m=7 sets=[[0,2,5,6],[1,2,3,6],[1,4,5,6],[3,4,5,6]]
GMFAIL 2,5,8,4 2,4,7,10 2,5,4,8 6,4,8,1 | 5 64 18 32 | 8 # m=7 sets=[[0,2,5,6],[1,2,3,6],[1,4,5,6],[3,4,5,6]]
GMFAIL 2,7,10,4 2,4,7,10 2,5,4,8 6,4,8,1 | 5 64 18 32 | 8 # m=7 sets=[[0,2,5,6],[1,2,3,6],[1,4,5,6],[3,4,5,6]]
GMFAIL 2,7,10,6 2,4,7,10 2,5,4,8 6,4,8,1 | 5 64 18 32 | 8 # m=7 sets=[[0,2,5,6],[1,2,3,6],[1,4,5,6],[3,4,5,6]]
GMFAIL 1,6,8,4 2,4,7,10 2,7,4,10 6,4,8,1 | 5 64 18 32 | 8 # m=7 sets=[[0,2,5,6],[1,2,3,6],[1,4,5,6],[3,4,5,6]]
GMFAIL 2,5,8,4 2,4,7,10 2,7,4,10 6,4,8,1 | 5 64 18 32 | 8 # m=7 sets=[[0,2,5,6],[1,2,3,6],[1,4,5,6],[3,4,5,6]]
GMFAIL 2,7,10,4 2,4,7,10 2,7,4,10 6,4,8,1 | 5 64 18 32 | 8 # m=7 sets=[[0,2,5,6],[1,2,3,6],[1,4,5,6],[3,4,5,6]]
GMFAIL 2,7,10,6 2,4,7,10 2,7,4,10 6,4,8,1 | 5 64 18 32 | 8 # m=7 sets=[[0,2,5,6],[1,2,3,6],[1,4,5,6],[3,4,5,6]]
GMFAIL 1,6,8,4 2,4,7,10 2,7,6,10 6,4,8,1 | 5 64 18 32 | 8 # m=7 sets=[[0,2,5,6],[1,2,3,6],[1,4,5,6],[3,4,5,6]]
GMFAIL 2,5,8,4 2,4,7,10 2,7,6,10 6,4,8,1 | 5 64 18 32 | 8 # m=7 sets=[[0,2,5,6],[1,2,3,6],[1,4,5,6],[3,4,5,6]]
GMFAIL 2,7,10,4 2,4,7,10 2,7,6,10 6,4,8,1 | 5 64 18 32 | 8 # m=7 sets=[[0,2,5,6],[1,2,3,6],[1,4,5,6],[3,4,5,6]]
GMFAIL 2,7,10,6 2,4,7,10 2,7,6,10 6,4,8,1 | 5 64 18 32 | 8 # m=7 sets=[[0,2,5,6],[1,2,3,6],[1,4,5,6],[3,4,5,6]]
GMFAIL 2,7,10,6 1,4,6,8 1,6,4,8 6,4,8,1 | 5 64 18 32 | 8 # m=7 sets=[[0,2,5,6],[1,2,3,6],[1,4,5,6],[3,4,5,6]]
GMFAIL 2,7,10,6 2,4,7,10 1,6,4,8 6,4,8,1 | 5 64 18 32 | 8 # m=7 sets=[[0,2,5,6],[1,2,3,6],[1,4,5,6],[3,4,5,6]]
GMFAIL 2,7,10,6 1,4,6,8 2,5,4,8 6,4,8,1 | 5 64 18 32 | 8 # m=7 sets=[[0,2,5,6],[1,2,3,6],[1,4,5,6],[3,4,5,6]]
GMFAIL 2,7,10,6 2,4,7,10 2,5,4,8 6,4,8,1 | 5 64 18 32 | 8 # m=7 sets=[[0,2,5,6],[1,2,3,6],[1,4,5,6],[3,4,5,6]]
GMFAIL 2,7,10,6 1,4,6,8 2,7,4,10 6,4,8,1 | 5 64 18 32 | 8 # m=7 sets=[[0,2,5,6],[1,2,3,6],[1,4,5,6],[3,4,5,6]]
GMFAIL 2,7,10,6 2,4,7,10 2,7,4,10 6,4,8,1 | 5 64 18 32 | 8 # m=7 sets=[[0,2,5,6],[1,2,3,6],[1,4,5,6],[3,4,5,6]]
GMFAIL 2,7,10,6 1,4,6,8 2,7,6,10 6,4,8,1 | 5 64 18 32 | 8 # m=7 sets=[[0,2,5,6],[1,2,3,6],[1,4,5,6],[3,4,5,6]]
GMFAIL 2,7,10,6 2,4,7,10 2,7,6,10 6,4,8,1 | 5 64 18 32 | 8 # m=7 sets=[[0,2,5,6],[1,2,3,6],[1,4,5,6],[3,4,5,6]]
GMFAIL 1,6,8,4 2,4,7,10 1,6,4,8 5,4,8,2 | 5 64 18 32 | 8 # m=7 sets=[[0,2,5,6],[1,2,3,6],[1,4,5,6],[3,4,5,6]]
GMFAIL 2,5,8,4 2,4,7,10 1,6,4,8 5,4,8,2 | 5 64 18 32 | 8 # m=7 sets=[[0,2,5,6],[1,2,3,6],[1,4,5,6],[3,4,5,6]]
GMFAIL 2,7,10,4 2,4,7,10 1,6,4,8 5,4,8,2 | 5 64 18 32 | 8 # m=7 sets=[[0,2,5,6],[1,2,3,6],[1,4,5,6],[3,4,5,6]]
GMFAIL 2,7,10,6 2,4,7,10 1,6,4,8 5,4,8,2 | 5 64 18 32 | 8 # m=7 sets=[[0,2,5,6],[1,2,3,6],[1,4,5,6],[3,4,5,6]]
GMFAIL 1,6,8,4 2,4,7,10 1,6,4,8 6,4,8,1 | 5 64 18 32 | 8 # m=7 sets=[[0,2,5,6],[1,2,3,6],[1,4,5,6],[3,4,5,6]]
GMFAIL 2,5,8,4 2,4,7,10 1,6,4,8 6,4,8,1 | 5 64 18 32 | 8 # m=7 sets=[[0,2,5,6],[1,2,3,6],[1,4,5,6],[3,4,5,6]]
GMFAIL 2,7,10,4 2,4,7,10 1,6,4,8 6,4,8,1 | 5 64 18 32 | 8 # m=7 sets=[[0,2,5,6],[1,2,3,6],[1,4,5,6],[3,4,5,6]]
GMFAIL 2,7,10,6 2,4,7,10 1,6,4,8 6,4,8,1 | 5 64 18 32 | 8 # m=7 sets=[[0,2,5,6],[1,2,3,6],[1,4,5,6],[3,4,5,6]]
GMFAIL 1,6,8,4 2,4,7,10 1,6,4,8 7,4,10,2 | 5 64 18 32 | 8 # m=7 sets=[[0,2,5,6],[1,2,3,6],[1,4,5,6],[3,4,5,6]]
GMFAIL 2,5,8,4 2,4,7,10 1,6,4,8 7,4,10,2 | 5 64 18 32 | 8 # m=7 sets=[[0,2,5,6],[1,2,3,6],[1,4,5,6],[3,4,5,6]]
GMFAIL 2,7,10,4 2,4,7,10 1,6,4,8 7,4,10,2 | 5 64 18 32 | 8 # m=7 sets=[[0,2,5,6],[1,2,3,6],[1,4,5,6],[3,4,5,6]]
GMFAIL 2,7,10,6 2,4,7,10 1,6,4,8 7,4,10,2 | 5 64 18 32 | 8 # m=7 sets=[[0,2,5,6],[1,2,3,6],[1,4,5,6],[3,4,5,6]]
GMFAIL 1,6,8,4 2,4,7,10 1,6,4,8 7,6,10,2 | 5 64 18 32 | 8 # m=7 sets=[[0,2,5,6],[1,2,3,6],[1,4,5,6],[3,4,5,6]]
GMFAIL 2,5,8,4 2,4,7,10 1,6,4,8 7,6,10,2 | 5 64 18 32 | 8 # m=7 sets=[[0,2,5,6],[1,2,3,6],[1,4,5,6],[3,4,5,6]]
GMFAIL 2,7,10,4 2,4,7,10 1,6,4,8 7,6,10,2 | 5 64 18 32 | 8 # m=7 sets=[[0,2,5,6],[1,2,3,6],[1,4,5,6],[3,4,5,6]]
GMFAIL 2,7,10,6 2,4,7,10 1,6,4,8 7,6,10,2 | 5 64 18 32 | 8 # m=7 sets=[[0,2,5,6],[1,2,3,6],[1,4,5,6],[3,4,5,6]]
GMFAIL 2,7,10,6 1,4,6,8 1,6,4,8 5,4,8,2 | 5 64 18 32 | 8 # m=7 sets=[[0,2,5,6],[1,2,3,6],[1,4,5,6],[3,4,5,6]]
GMFAIL 2,7,10,6 2,4,7,10 1,6,4,8 5,4,8,2 | 5 64 18 32 | 8 # m=7 sets=[[0,2,5,6],[1,2,3,6],[1,4,5,6],[3,4,5,6]]
GMFAIL 2,7,10,6 1,4,6,8 1,6,4,8 6,4,8,1 | 5 64 18 32 | 8 # m=7 sets=[[0,2,5,6],[1,2,3,6],[1,4,5,6],[3,4,5,6]]
GMFAIL 2,7,10,6 2,4,7,10 1,6,4,8 6,4,8,1 | 5 64 18 32 | 8 # m=7 sets=[[0,2,5,6],[1,2,3,6],[1,4,5,6],[3,4,5,6]]
GMFAIL 2,7,10,6 1,4,6,8 1,6,4,8 7,4,10,2 | 5 64 18 32 | 8 # m=7 sets=[[0,2,5,6],[1,2,3,6],[1,4,5,6],[3,4,5,6]]
GMFAIL 2,7,10,6 2,4,7,10 1,6,4,8 7,4,10,2 | 5 64 18 32 | 8 # m=7 sets=[[0,2,5,6],[1,2,3,6],[1,4,5,6],[3,4,5,6]]
GMFAIL 2,7,10,6 1,4,6,8 1,6,4,8 7,6,10,2 | 5 64 18 32 | 8 # m=7 sets=[[0,2,5,6],[1,2,3,6],[1,4,5,6],[3,4,5,6]]
GMFAIL 2,7,10,6 2,4,7,10 1,6,4,8 7,6,10,2 | 5 64 18 32 | 8 # m=7 sets=[[0,2,5,6],[1,2,3,6],[1,4,5,6],[3,4,5,6]]
GMFAIL 2,7,10,6 2,4,7,10 1,6,4,8 5,4,8,2 | 5 64 18 32 | 8 # m=7 sets=[[0,2,5,6],[1,2,3,6],[1,4,5,6],[3,4,5,6]]
GMFAIL 2,7,10,6 2,4,7,10 2,5,4,8 5,4,8,2 | 5 64 18 32 | 8 # m=7 sets=[[0,2,5,6],[1,2,3,6],[1,4,5,6],[3,4,5,6]]
GMFAIL 2,7,10,6 2,4,7,10 2,7,4,10 5,4,8,2 | 5 64 18 32 | 8 # m=7 sets=[[0,2,5,6],[1,2,3,6],[1,4,5,6],[3,4,5,6]]
GMFAIL 2,7,10,6 2,4,7,10 2,7,6,10 5,4,8,2 | 5 64 18 32 | 8 # m=7 sets=[[0,2,5,6],[1,2,3,6],[1,4,5,6],[3,4,5,6]]
GMFAIL 2,7,10,6 2,4,7,10 1,6,4,8 6,4,8,1 | 5 64 18 32 | 8 # m=7 sets=[[0,2,5,6],[1,2,3,6],[1,4,5,6],[3,4,5,6]]
GMFAIL 2,7,10,6 2,4,7,10 2,5,4,8 6,4,8,1 | 5 64 18 32 | 8 # m=7 sets=[[0,2,5,6],[1,2,3,6],[1,4,5,6],[3,4,5,6]]
GMFAIL 2,7,10,6 2,4,7,10 2,7,4,10 6,4,8,1 | 5 64 18 32 | 8 # m=7 sets=[[0,2,5,6],[1,2,3,6],[1,4,5,6],[3,4,5,6]]
GMFAIL 2,7,10,6 2,4,7,10 2,7,6,10 6,4,8,1 | 5 64 18 32 | 8 # m=7 sets=[[0,2,5,6],[1,2,3,6],[1,4,5,6],[3,4,5,6]]
GMFAIL 2,7,10,6 2,4,7,10 1,6,4,8 7,4,10,2 | 5 64 18 32 | 8 # m=7 sets=[[0,2,5,6],[1,2,3,6],[1,4,5,6],[3,4,5,6]]
GMFAIL 2,7,10,6 2,4,7,10 2,5,4,8 7,4,10,2 | 5 64 18 32 | 8 # m=7 sets=[[0,2,5,6],[1,2,3,6],[1,4,5,6],[3,4,5,6]]
GMFAIL 2,7,10,6 2,4,7,10 2,7,4,10 7,4,10,2 | 5 64 18 32 | 8 # m=7 sets=[[0,2,5,6],[1,2,3,6],[1,4,5,6],[3,4,5,6]]
GMFAIL 2,7,10,6 2,4,7,10 2,7,6,10 7,4,10,2 | 5 64 18 32 | 8 # m=7 sets=[[0,2,5,6],[1,2,3,6],[1,4,5,6],[3,4,5,6]]
GMFAIL 2,7,10,6 2,4,7,10 1,6,4,8 7,6,10,2 | 5 64 18 32 | 8 # m=7 sets=[[0,2,5,6],[1,2,3,6],[1,4,5,6],[3,4,5,6]]
GMFAIL 2,7,10,6 2,4,7,10 2,5,4,8 7,6,10,2 | 5 64 18 32 | 8 # m=7 sets=[[0,2,5,6],[1,2,3,6],[1,4,5,6],[3,4,5,6]]
GMFAIL 2,7,10,6 2,4,7,10 2,7,4,10 7,6,10,2 | 5 64 18 32 | 8 # m=7 sets=[[0,2,5,6],[1,2,3,6],[1,4,5,6],[3,4,5,6]]
GMFAIL 2,7,10,6 2,4,7,10 2,7,6,10 7,6,10,2 | 5 64 18 32 | 8 # m=7 sets=[[0,2,5,6],[1,2,3,6],[1,4,5,6],[3,4,5,6]]
GMFAIL 1,6,8,4 1,4,6,8 1,6,4,8 7,4,10,2 | 5 64 18 32 | 8 # m=7 sets=[[0,2,5,6],[1,2,3,6],[1,4,5,6],[3,4,5,6]]
GMFAIL 2,5,8,4 1,4,6,8 1,6,4,8 7,4,10,2 | 5 64 18 32 | 8 # m=7 sets=[[0,2,5,6],[1,2,3,6],[1,4,5,6],[3,4,5,6]]
GMFAIL 2,7,10,4 1,4,6,8 1,6,4,8 7,4,10,2 | 5 64 18 32 | 8 # m=7 sets=[[0,2,5,6],[1,2,3,6],[1,4,5,6],[3,4,5,6]]
GMFAIL 2,7,10,6 1,4,6,8 1,6,4,8 7,4,10,2 | 5 64 18 32 | 8 # m=7 sets=[[0,2,5,6],[1,2,3,6],[1,4,5,6],[3,4,5,6]]
GMFAIL 1,6,8,4 2,4,7,10 1,6,4,8 7,4,10,2 | 5 64 18 32 | 8 # m=7 sets=[[0,2,5,6],[1,2,3,6],[1,4,5,6],[3,4,5,6]]
GMFAIL 2,5,8,4 2,4,7,10 1,6,4,8 7,4,10,2 | 5 64 18 32 | 8 # m=7 sets=[[0,2,5,6],[1,2,3,6],[1,4,5,6],[3,4,5,6]]
GMFAIL 2,7,10,4 2,4,7,10 1,6,4,8 7,4,10,2 | 5 64 18 32 | 8 # m=7 sets=[[0,2,5,6],[1,2,3,6],[1,4,5,6],[3,4,5,6]]
GMFAIL 2,7,10,6 2,4,7,10 1,6,4,8 7,4,10,2 | 5 64 18 32 | 8 # m=7 sets=[[0,2,5,6],[1,2,3,6],[1,4,5,6],[3,4,5,6]]
GMFAIL 1,6,8,4 2,4,7,10 1,6,4,8 7,4,10,2 | 5 64 18 32 | 8 # m=7 sets=[[0,2,5,6],[1,2,3,6],[1,4,5,6],[3,4,5,6]]
GMFAIL 2,5,8,4 2,4,7,10 1,6,4,8 7,4,10,2 | 5 64 18 32 | 8 # m=7 sets=[[0,2,5,6],[1,2,3,6],[1,4,5,6],[3,4,5,6]]
GMFAIL 2,7,10,4 2,4,7,10 1,6,4,8 7,4,10,2 | 5 64 18 32 | 8 # m=7 sets=[[0,2,5,6],[1,2,3,6],[1,4,5,6],[3,4,5,6]]
GMFAIL 2,7,10,6 2,4,7,10 1,6,4,8 7,4,10,2 | 5 64 18 32 | 8 # m=7 sets=[[0,2,5,6],[1,2,3,6],[1,4,5,6],[3,4,5,6]]
GMFAIL 1,6,8,4 2,4,7,10 2,5,4,8 7,4,10,2 | 5 64 18 32 | 8 # m=7 sets=[[0,2,5,6],[1,2,3,6],[1,4,5,6],[3,4,5,6]]
GMFAIL 2,5,8,4 2,4,7,10 2,5,4,8 7,4,10,2 | 5 64 18 32 | 8 # m=7 sets=[[0,2,5,6],[1,2,3,6],[1,4,5,6],[3,4,5,6]]
GMFAIL 2,7,10,4 2,4,7,10 2,5,4,8 7,4,10,2 | 5 64 18 32 | 8 # m=7 sets=[[0,2,5,6],[1,2,3,6],[1,4,5,6],[3,4,5,6]]
GMFAIL 2,7,10,6 2,4,7,10 2,5,4,8 7,4,10,2 | 5 64 18 32 | 8 # m=7 sets=[[0,2,5,6],[1,2,3,6],[1,4,5,6],[3,4,5,6]]
GMFAIL 1,6,8,4 2,4,7,10 2,7,4,10 7,4,10,2 | 5 64 18 32 | 8 # m=7 sets=[[0,2,5,6],[1,2,3,6],[1,4,5,6],[3,4,5,6]]
GMFAIL 2,5,8,4 2,4,7,10 2,7,4,10 7,4,10,2 | 5 64 18 32 | 8 # m=7 sets=[[0,2,5,6],[1,2,3,6],[1,4,5,6],[3,4,5,6]]
GMFAIL 2,7,10,4 2,4,7,10 2,7,4,10 7,4,10,2 | 5 64 18 32 | 8 # m=7 sets=[[0,2,5,6],[1,2,3,6],[1,4,5,6],[3,4,5,6]]
GMFAIL 2,7,10,6 2,4,7,10 2,7,4,10 7,4,10,2 | 5 64 18 32 | 8 # m=7 sets=[[0,2,5,6],[1,2,3,6],[1,4,5,6],[3,4,5,6]]
GMFAIL 1,6,8,4 2,4,7,10 2,7,6,10 7,4,10,2 | 5 64 18 32 | 8 # m=7 sets=[[0,2,5,6],[1,2,3,6],[1,4,5,6],[3,4,5,6]]
GMFAIL 2,5,8,4 2,4,7,10 2,7,6,10 7,4,10,2 | 5 64 18 32 | 8 # m=7 sets=[[0,2,5,6],[1,2,3,6],[1,4,5,6],[3,4,5,6]]
GMFAIL 2,7,10,4 2,4,7,10 2,7,6,10 7,4,10,2 | 5 64 18 32 | 8 # m=7 sets=[[0,2,5,6],[1,2,3,6],[1,4,5,6],[3,4,5,6]]
GMFAIL 2,7,10,6 2,4,7,10 2,7,6,10 7,4,10,2 | 5 64 18 32 | 8 # m=7 sets=[[0,2,5,6],[1,2,3,6],[1,4,5,6],[3,4,5,6]]
GMFAIL 1,6,8,4 2,4,7,10 1,6,4,8 5,4,8,2 | 5 64 18 32 | 8 # m=7 sets=[[0,2,5,6],[1,2,3,6],[1,4,5,6],[3,4,5,6]]
GMFAIL 2,5,8,4 2,4,7,10 1,6,4,8 5,4,8,2 | 5 64 18 32 | 8 # m=7 sets=[[0,2,5,6],[1,2,3,6],[1,4,5,6],[3,4,5,6]]
GMFAIL 2,7,10,4 2,4,7,10 1,6,4,8 5,4,8,2 | 5 64 18 32 | 8 # m=7 sets=[[0,2,5,6],[1,2,3,6],[1,4,5,6],[3,4,5,6]]
GMFAIL 2,7,10,6 2,4,7,10 1,6,4,8 5,4,8,2 | 5 64 18 32 | 8 # m=7 sets=[[0,2,5,6],[1,2,3,6],[1,4,5,6],[3,4,5,6]]
GMFAIL 1,6,8,4 2,4,7,10 1,6,4,8 6,4,8,1 | 5 64 18 32 | 8 # m=7 sets=[[0,2,5,6],[1,2,3,6],[1,4,5,6],[3,4,5,6]]
GMFAIL 2,5,8,4 2,4,7,10 1,6,4,8 6,4,8,1 | 5 64 18 32 | 8 # m=7 sets=[[0,2,5,6],[1,2,3,6],[1,4,5,6],[3,4,5,6]]
GMFAIL 2,7,10,4 2,4,7,10 1,6,4,8 6,4,8,1 | 5 64 18 32 | 8 # m=7 sets=[[0,2,5,6],[1,2,3,6],[1,4,5,6],[3,4,5,6]]
GMFAIL 2,7,10,6 2,4,7,10 1,6,4,8 6,4,8,1 | 5 64 18 32 | 8 # m=7 sets=[[0,2,5,6],[1,2,3,6],[1,4,5,6],[3,4,5,6]]
GMFAIL 1,6,8,4 2,4,7,10 1,6,4,8 7,4,10,2 | 5 64 18 32 | 8 # m=7 sets=[[0,2,5,6],[1,2,3,6],[1,4,5,6],[3,4,5,6]]
GMFAIL 2,5,8,4 2,4,7,10 1,6,4,8 7,4,10,2 | 5 64 18 32 | 8 # m=7 sets=[[0,2,5,6],[1,2,3,6],[1,4,5,6],[3,4,5,6]]
GMFAIL 2,7,10,4 2,4,7,10 1,6,4,8 7,4,10,2 | 5 64 18 32 | 8 # m=7 sets=[[0,2,5,6],[1,2,3,6],[1,4,5,6],[3,4,5,6]]
GMFAIL 2,7,10,6 2,4,7,10 1,6,4,8 7,4,10,2 | 5 64 18 32 | 8 # m=7 sets=[[0,2,5,6],[1,2,3,6],[1,4,5,6],[3,4,5,6]]
GMFAIL 1,6,8,4 2,4,7,10 1,6,4,8 7,6,10,2 | 5 64 18 32 | 8 # m=7 sets=[[0,2,5,6],[1,2,3,6],[1,4,5,6],[3,4,5,6]]
GMFAIL 2,5,8,4 2,4,7,10 1,6,4,8 7,6,10,2 | 5 64 18 32 | 8 # m=7 sets=[[0,2,5,6],[1,2,3,6],[1,4,5,6],[3,4,5,6]]
GMFAIL 2,7,10,4 2,4,7,10 1,6,4,8 7,6,10,2 | 5 64 18 32 | 8 # m=7 sets=[[0,2,5,6],[1,2,3,6],[1,4,5,6],[3,4,5,6]]
GMFAIL 2,7,10,6 2,4,7,10 1,6,4,8 7,6,10,2 | 5 64 18 32 | 8 # m=7 sets=[[0,2,5,6],[1,2,3,6],[1,4,5,6],[3,4,5,6]]
GMFAIL 2,7,10,6 1,4,6,8 1,6,4,8 7,4,10,2 | 5 64 18 32 | 8 # m=7 sets=[[0,2,5,6],[1,2,3,6],[1,4,5,6],[3,4,5,6]]
GMFAIL 2,7,10,6 2,4,7,10 1,6,4,8 7,4,10,2 | 5 64 18 32 | 8 # m=7 sets=[[0,2,5,6],[1,2,3,6],[1,4,5,6],[3,4,5,6]]
GMFAIL 2,7,10,6 1,4,6,8 2,5,4,8 7,4,10,2 | 5 64 18 32 | 8 # m=7 sets=[[0,2,5,6],[1,2,3,6],[1,4,5,6],[3,4,5,6]]
GMFAIL 2,7,10,6 2,4,7,10 2,5,4,8 7,4,10,2 | 5 64 18 32 | 8 # m=7 sets=[[0,2,5,6],[1,2,3,6],[1,4,5,6],[3,4,5,6]]
GMFAIL 2,7,10,6 1,4,6,8 2,7,4,10 7,4,10,2 | 5 64 18 32 | 8 # m=7 sets=[[0,2,5,6],[1,2,3,6],[1,4,5,6],[3,4,5,6]]
GMFAIL 2,7,10,6 2,4,7,10 2,7,4,10 7,4,10,2 | 5 64 18 32 | 8 # m=7 sets=[[0,2,5,6],[1,2,3,6],[1,4,5,6],[3,4,5,6]]
GMFAIL 2,7,10,6 1,4,6,8 2,7,6,10 7,4,10,2 | 5 64 18 32 | 8 # m=7 sets=[[0,2,5,6],[1,2,3,6],[1,4,5,6],[3,4,5,6]]
GMFAIL 2,7,10,6 2,4,7,10 2,7,6,10 7,4,10,2 | 5 64 18 32 | 8 # m=7 sets=[[0,2,5,6],[1,2,3,6],[1,4,5,6],[3,4,5,6]]
GMFAIL 2,7,10,6 2,4,7,10 1,6,4,8 5,4,8,2 | 5 64 18 32 | 8 # m=7 sets=[[0,2,5,6],[1,2,3,6],[1,4,5,6],[3,4,5,6]]
GMFAIL 2,7,10,6 2,4,7,10 2,5,4,8 5,4,8,2 | 5 64 18 32 | 8 # m=7 sets=[[0,2,5,6],[1,2,3,6],[1,4,5,6],[3,4,5,6]]
GMFAIL 2,7,10,6 2,4,7,10 2,7,4,10 5,4,8,2 | 5 64 18 32 | 8 # m=7 sets=[[0,2,5,6],[1,2,3,6],[1,4,5,6],[3,4,5,6]]
GMFAIL 2,7,10,6 2,4,7,10 2,7,6,10 5,4,8,2 | 5 64 18 32 | 8 # m=7 sets=[[0,2,5,6],[1,2,3,6],[1,4,5,6],[3,4,5,6]]
GMFAIL 2,7,10,6 2,4,7,10 1,6,4,8 6,4,8,1 | 5 64 18 32 | 8 # m=7 sets=[[0,2,5,6],[1,2,3,6],[1,4,5,6],[3,4,5,6]]
GMFAIL 2,7,10,6 2,4,7,10 2,5,4,8 6,4,8,1 | 5 64 18 32 | 8 # m=7 sets=[[0,2,5,6],[1,2,3,6],[1,4,5,6],[3,4,5,6]]
GMFAIL 2,7,10,6 2,4,7,10 2,7,4,10 6,4,8,1 | 5 64 18 32 | 8 # m=7 sets=[[0,2,5,6],[1,2,3,6],[1,4,5,6],[3,4,5,6]]
GMFAIL 2,7,10,6 2,4,7,10 2,7,6,10 6,4,8,1 | 5 64 18 32 | 8 # m=7 sets=[[0,2,5,6],[1,2,3,6],[1,4,5,6],[3,4,5,6]]
GMFAIL 2,7,10,6 2,4,7,10 1,6,4,8 7,4,10,2 | 5 64 18 32 | 8 # m=7 sets=[[0,2,5,6],[1,2,3,6],[1,4,5,6],[3,4,5,6]]
GMFAIL 2,7,10,6 2,4,7,10 2,5,4,8 7,4,10,2 | 5 64 18 32 | 8 # m=7 sets=[[0,2,5,6],[1,2,3,6],[1,4,5,6],[3,4,5,6]]
GMFAIL 2,7,10,6 2,4,7,10 2,7,4,10 7,4,10,2 | 5 64 18 32 | 8 # m=7 sets=[[0,2,5,6],[1,2,3,6],[1,4,5,6],[3,4,5,6]]
GMFAIL 2,7,10,6 2,4,7,10 2,7,6,10 7,4,10,2 | 5 64 18 32 | 8 # m=7 sets=[[0,2,5,6],[1,2,3,6],[1,4,5,6],[3,4,5,6]]
GMFAIL 2,7,10,6 2,4,7,10 1,6,4,8 7,6,10,2 | 5 64 18 32 | 8 # m=7 sets=[[0,2,5,6],[1,2,3,6],[1,4,5,6],[3,4,5,6]]
GMFAIL 2,7,10,6 2,4,7,10 2,5,4,8 7,6,10,2 | 5 64 18 32 | 8 # m=7 sets=[[0,2,5,6],[1,2,3,6],[1,4,5,6],[3,4,5,6]]
GMFAIL 2,7,10,6 2,4,7,10 2,7,4,10 7,6,10,2 | 5 64 18 32 | 8 # m=7 sets=[[0,2,5,6],[1,2,3,6],[1,4,5,6],[3,4,5,6]]
GMFAIL 2,7,10,6 2,4,7,10 2,7,6,10 7,6,10,2 | 5 64 18 32 | 8 # m=7 sets=[[0,2,5,6],[1,2,3,6],[1,4,5,6],[3,4,5,6]]
GMFAIL 2,7,10,6 1,4,6,8 1,6,4,8 5,4,8,2 | 5 64 18 32 | 8 # m=7 sets=[[0,2,5,6],[1,2,3,6],[1,4,5,6],[3,4,5,6]]
GMFAIL 2,7,10,6 2,4,7,10 1,6,4,8 5,4,8,2 | 5 64 18 32 | 8 # m=7 sets=[[0,2,5,6],[1,2,3,6],[1,4,5,6],[3,4,5,6]]
GMFAIL 2,7,10,6 1,4,6,8 1,6,4,8 6,4,8,1 | 5 64 18 32 | 8 # m=7 sets=[[0,2,5,6],[1,2,3,6],[1,4,5,6],[3,4,5,6]]
GMFAIL 2,7,10,6 2,4,7,10 1,6,4,8 6,4,8,1 | 5 64 18 32 | 8 # m=7 sets=[[0,2,5,6],[1,2,3,6],[1,4,5,6],[3,4,5,6]]
GMFAIL 2,7,10,6 1,4,6,8 1,6,4,8 7,4,10,2 | 5 64 18 32 | 8 # m=7 sets=[[0,2,5,6],[1,2,3,6],[1,4,5,6],[3,4,5,6]]
GMFAIL 2,7,10,6 2,4,7,10 1,6,4,8 7,4,10,2 | 5 64 18 32 | 8 # m=7 sets=[[0,2,5,6],[1,2,3,6],[1,4,5,6],[3,4,5,6]]
GMFAIL 2,7,10,6 1,4,6,8 1,6,4,8 7,6,10,2 | 5 64 18 32 | 8 # m=7 sets=[[0,2,5,6],[1,2,3,6],[1,4,5,6],[3,4,5,6]]
GMFAIL 2,7,10,6 2,4,7,10 1,6,4,8 7,6,10,2 | 5 64 18 32 | 8 # m=7 sets=[[0,2,5,6],[1,2,3,6],[1,4,5,6],[3,4,5,6]]
GMFAIL 1,6,8,4 1,4,6,8 1,6,4,8 7,6,10,2 | 5 64 18 32 | 8 # m=7 sets=[[0,2,5,6],[1,2,3,6],[1,4,5,6],[3,4,5,6]]
GMFAIL 2,5,8,4 1,4,6,8 1,6,4,8 7,6,10,2 | 5 64 18 32 | 8 # m=7 sets=[[0,2,5,6],[1,2,3,6],[1,4,5,6],[3,4,5,6]]
GMFAIL 2,7,10,4 1,4,6,8 1,6,4,8 7,6,10,2 | 5 64 18 32 | 8 # m=7 sets=[[0,2,5,6],[1,2,3,6],[1,4,5,6],[3,4,5,6]]
GMFAIL 2,7,10,6 1,4,6,8 1,6,4,8 7,6,10,2 | 5 64 18 32 | 8 # m=7 sets=[[0,2,5,6],[1,2,3,6],[1,4,5,6],[3,4,5,6]]
GMFAIL 1,6,8,4 2,4,7,10 1,6,4,8 7,6,10,2 | 5 64 18 32 | 8 # m=7 sets=[[0,2,5,6],[1,2,3,6],[1,4,5,6],[3,4,5,6]]
GMFAIL 2,5,8,4 2,4,7,10 1,6,4,8 7,6,10,2 | 5 64 18 32 | 8 # m=7 sets=[[0,2,5,6],[1,2,3,6],[1,4,5,6],[3,4,5,6]]
GMFAIL 2,7,10,4 2,4,7,10 1,6,4,8 7,6,10,2 | 5 64 18 32 | 8 # m=7 sets=[[0,2,5,6],[1,2,3,6],[1,4,5,6],[3,4,5,6]]
GMFAIL 2,7,10,6 2,4,7,10 1,6,4,8 7,6,10,2 | 5 64 18 32 | 8 # m=7 sets=[[0,2,5,6],[1,2,3,6],[1,4,5,6],[3,4,5,6]]
GMFAIL 1,6,8,4 2,4,7,10 1,6,4,8 7,6,10,2 | 5 64 18 32 | 8 # m=7 sets=[[0,2,5,6],[1,2,3,6],[1,4,5,6],[3,4,5,6]]
GMFAIL 2,5,8,4 2,4,7,10 1,6,4,8 7,6,10,2 | 5 64 18 32 | 8 # m=7 sets=[[0,2,5,6],[1,2,3,6],[1,4,5,6],[3,4,5,6]]
GMFAIL 2,7,10,4 2,4,7,10 1,6,4,8 7,6,10,2 | 5 64 18 32 | 8 # m=7 sets=[[0,2,5,6],[1,2,3,6],[1,4,5,6],[3,4,5,6]]
GMFAIL 2,7,10,6 2,4,7,10 1,6,4,8 7,6,10,2 | 5 64 18 32 | 8 # m=7 sets=[[0,2,5,6],[1,2,3,6],[1,4,5,6],[3,4,5,6]]
GMFAIL 1,6,8,4 2,4,7,10 2,5,4,8 7,6,10,2 | 5 64 18 32 | 8 # m=7 sets=[[0,2,5,6],[1,2,3,6],[1,4,5,6],[3,4,5,6]]
GMFAIL 2,5,8,4 2,4,7,10 2,5,4,8 7,6,10,2 | 5 64 18 32 | 8 # m=7 sets=[[0,2,5,6],[1,2,3,6],[1,4,5,6],[3,4,5,6]]
GMFAIL 2,7,10,4 2,4,7,10 2,5,4,8 7,6,10,2 | 5 64 18 32 | 8 # m=7 sets=[[0,2,5,6],[1,2,3,6],[1,4,5,6],[3,4,5,6]]
GMFAIL 2,7,10,6 2,4,7,10 2,5,4,8 7,6,10,2 | 5 64 18 32 | 8 # m=7 sets=[[0,2,5,6],[1,2,3,6],[1,4,5,6],[3,4,5,6]]
GMFAIL 1,6,8,4 2,4,7,10 2,7,4,10 7,6,10,2 | 5 64 18 32 | 8 # m=7 sets=[[0,2,5,6],[1,2,3,6],[1,4,5,6],[3,4,5,6]]
GMFAIL 2,5,8,4 2,4,7,10 2,7,4,10 7,6,10,2 | 5 64 18 32 | 8 # m=7 sets=[[0,2,5,6],[1,2,3,6],[1,4,5,6],[3,4,5,6]]
GMFAIL 2,7,10,4 2,4,7,10 2,7,4,10 7,6,10,2 | 5 64 18 32 | 8 # m=7 sets=[[0,2,5,6],[1,2,3,6],[1,4,5,6],[3,4,5,6]]
GMFAIL 2,7,10,6 2,4,7,10 2,7,4,10 7,6,10,2 | 5 64 18 32 | 8 # m=7 sets=[[0,2,5,6],[1,2,3,6],[1,4,5,6],[3,4,5,6]]
GMFAIL 1,6,8,4 2,4,7,10 2,7,6,10 7,6,10,2 | 5 64 18 32 | 8 # m=7 sets=[[0,2,5,6],[1,2,3,6],[1,4,5,6],[3,4,5,6]]
GMFAIL 2,5,8,4 2,4,7,10 2,7,6,10 7,6,10,2 | 5 64 18 32 | 8 # m=7 sets=[[0,2,5,6],[1,2,3,6],[1,4,5,6],[3,4,5,6]]
GMFAIL 2,7,10,4 2,4,7,10 2,7,6,10 7,6,10,2 | 5 64 18 32 | 8 # m=7 sets=[[0,2,5,6],[1,2,3,6],[1,4,5,6],[3,4,5,6]]
GMFAIL 2,7,10,6 2,4,7,10 2,7,6,10 7,6,10,2 | 5 64 18 32 | 8 # m=7 sets=[[0,2,5,6],[1,2,3,6],[1,4,5,6],[3,4,5,6]]
GMFAIL 1,6,8,4 2,4,7,10 1,6,4,8 5,4,8,2 | 5 64 18 32 | 8 # m=7 sets=[[0,2,5,6],[1,2,3,6],[1,4,5,6],[3,4,5,6]]
GMFAIL 2,5,8,4 2,4,7,10 1,6,4,8 5,4,8,2 | 5 64 18 32 | 8 # m=7 sets=[[0,2,5,6],[1,2,3,6],[1,4,5,6],[3,4,5,6]]
GMFAIL 2,7,10,4 2,4,7,10 1,6,4,8 5,4,8,2 | 5 64 18 32 | 8 # m=7 sets=[[0,2,5,6],[1,2,3,6],[1,4,5,6],[3,4,5,6]]
GMFAIL 2,7,10,6 2,4,7,10 1,6,4,8 5,4,8,2 | 5 64 18 32 | 8 # m=7 sets=[[0,2,5,6],[1,2,3,6],[1,4,5,6],[3,4,5,6]]
GMFAIL 1,6,8,4 2,4,7,10 1,6,4,8 6,4,8,1 | 5 64 18 32 | 8 # m=7 sets=[[0,2,5,6],[1,2,3,6],[1,4,5,6],[3,4,5,6]]
GMFAIL 2,5,8,4 2,4,7,10 1,6,4,8 6,4,8,1 | 5 64 18 32 | 8 # m=7 sets=[[0,2,5,6],[1,2,3,6],[1,4,5,6],[3,4,5,6]]
GMFAIL 2,7,10,4 2,4,7,10 1,6,4,8 6,4,8,1 | 5 64 18 32 | 8 # m=7 sets=[[0,2,5,6],[1,2,3,6],[1,4,5,6],[3,4,5,6]]
GMFAIL 2,7,10,6 2,4,7,10 1,6,4,8 6,4,8,1 | 5 64 18 32 | 8 # m=7 sets=[[0,2,5,6],[1,2,3,6],[1,4,5,6],[3,4,5,6]]
GMFAIL 1,6,8,4 2,4,7,10 1,6,4,8 7,4,10,2 | 5 64 18 32 | 8 # m=7 sets=[[0,2,5,6],[1,2,3,6],[1,4,5,6],[3,4,5,6]]
GMFAIL 2,5,8,4 2,4,7,10 1,6,4,8 7,4,10,2 | 5 64 18 32 | 8 # m=7 sets=[[0,2,5,6],[1,2,3,6],[1,4,5,6],[3,4,5,6]]
GMFAIL 2,7,10,4 2,4,7,10 1,6,4,8 7,4,10,2 | 5 64 18 32 | 8 # m=7 sets=[[0,2,5,6],[1,2,3,6],[1,4,5,6],[3,4,5,6]]
GMFAIL 2,7,10,6 2,4,7,10 1,6,4,8 7,4,10,2 | 5 64 18 32 | 8 # m=7 sets=[[0,2,5,6],[1,2,3,6],[1,4,5,6],[3,4,5,6]]
GMFAIL 1,6,8,4 2,4,7,10 1,6,4,8 7,6,10,2 | 5 64 18 32 | 8 # m=7 sets=[[0,2,5,6],[1,2,3,6],[1,4,5,6],[3,4,5,6]]
GMFAIL 2,5,8,4 2,4,7,10 1,6,4,8 7,6,10,2 | 5 64 18 32 | 8 # m=7 sets=[[0,2,5,6],[1,2,3,6],[1,4,5,6],[3,4,5,6]]
GMFAIL 2,7,10,4 2,4,7,10 1,6,4,8 7,6,10,2 | 5 64 18 32 | 8 # m=7 sets=[[0,2,5,6],[1,2,3,6],[1,4,5,6],[3,4,5,6]]
GMFAIL 2,7,10,6 2,4,7,10 1,6,4,8 7,6,10,2 | 5 64 18 32 | 8 # m=7 sets=[[0,2,5,6],[1,2,3,6],[1,4,5,6],[3,4,5,6]]
GMFAIL 2,7,10,6 1,4,6,8 1,6,4,8 7,6,10,2 | 5 64 18 32 | 8 # m=7 sets=[[0,2,5,6],[1,2,3,6],[1,4,5,6],[3,4,5,6]]
GMFAIL 2,7,10,6 2,4,7,10 1,6,4,8 7,6,10,2 | 5 64 18 32 | 8 # m=7 sets=[[0,2,5,6],[1,2,3,6],[1,4,5,6],[3,4,5,6]]
GMFAIL 2,7,10,6 1,4,6,8 2,5,4,8 7,6,10,2 | 5 64 18 32 | 8 # m=7 sets=[[0,2,5,6],[1,2,3,6],[1,4,5,6],[3,4,5,6]]
GMFAIL 2,7,10,6 2,4,7,10 2,5,4,8 7,6,10,2 | 5 64 18 32 | 8 # m=7 sets=[[0,2,5,6],[1,2,3,6],[1,4,5,6],[3,4,5,6]]
GMFAIL 2,7,10,6 1,4,6,8 2,7,4,10 7,6,10,2 | 5 64 18 32 | 8 # m=7 sets=[[0,2,5,6],[1,2,3,6],[1,4,5,6],[3,4,5,6]]
GMFAIL 2,7,10,6 2,4,7,10 2,7,4,10 7,6,10,2 | 5 64 18 32 | 8 # m=7 sets=[[0,2,5,6],[1,2,3,6],[1,4,5,6],[3,4,5,6]]
GMFAIL 2,7,10,6 1,4,6,8 2,7,6,10 7,6,10,2 | 5 64 18 32 | 8 # m=7 sets=[[0,2,5,6],[1,2,3,6],[1,4,5,6],[3,4,5,6]]
GMFAIL 2,7,10,6 2,4,7,10 2,7,6,10 7,6,10,2 | 5 64 18 32 | 8 # m=7 sets=[[0,2,5,6],[1,2,3,6],[1,4,5,6],[3,4,5,6]]
GMFAIL 2,7,10,6 1,4,6,8 1,6,4,8 5,4,8,2 | 5 64 18 32 | 8 # m=7 sets=[[0,2,5,6],[1,2,3,6],[1,4,5,6],[3,4,5,6]]
GMFAIL 2,7,10,6 2,4,7,10 1,6,4,8 5,4,8,2 | 5 64 18 32 | 8 # m=7 sets=[[0,2,5,6],[1,2,3,6],[1,4,5,6],[3,4,5,6]]
GMFAIL 2,7,10,6 1,4,6,8 1,6,4,8 6,4,8,1 | 5 64 18 32 | 8 # m=7 sets=[[0,2,5,6],[1,2,3,6],[1,4,5,6],[3,4,5,6]]
GMFAIL 2,7,10,6 2,4,7,10 1,6,4,8 6,4,8,1 | 5 64 18 32 | 8 # m=7 sets=[[0,2,5,6],[1,2,3,6],[1,4,5,6],[3,4,5,6]]
GMFAIL 2,7,10,6 1,4,6,8 1,6,4,8 7,4,10,2 | 5 64 18 32 | 8 # m=7 sets=[[0,2,5,6],[1,2,3,6],[1,4,5,6],[3,4,5,6]]
GMFAIL 2,7,10,6 2,4,7,10 1,6,4,8 7,4,10,2 | 5 64 18 32 | 8 # m=7 sets=[[0,2,5,6],[1,2,3,6],[1,4,5,6],[3,4,5,6]]
GMFAIL 2,7,10,6 1,4,6,8 1,6,4,8 7,6,10,2 | 5 64 18 32 | 8 # m=7 sets=[[0,2,5,6],[1,2,3,6],[1,4,5,6],[3,4,5,6]]
GMFAIL 2,7,10,6 2,4,7,10 1,6,4,8 7,6,10,2 | 5 64 18 32 | 8 # m=7 sets=[[0,2,5,6],[1,2,3,6],[1,4,5,6],[3,4,5,6]]
GMFAIL 2,7,10,6 2,4,7,10 1,6,4,8 5,4,8,2 | 5 64 18 32 | 8 # m=7 sets=[[0,2,5,6],[1,2,3,6],[1,4,5,6],[3,4,5,6]]
GMFAIL 2,7,10,6 2,4,7,10 2,5,4,8 5,4,8,2 | 5 64 18 32 | 8 # m=7 sets=[[0,2,5,6],[1,2,3,6],[1,4,5,6],[3,4,5,6]]
GMFAIL 2,7,10,6 2,4,7,10 2,7,4,10 5,4,8,2 | 5 64 18 32 | 8 # m=7 sets=[[0,2,5,6],[1,2,3,6],[1,4,5,6],[3,4,5,6]]
GMFAIL 2,7,10,6 2,4,7,10 2,7,6,10 5,4,8,2 | 5 64 18 32 | 8 # m=7 sets=[[0,2,5,6],[1,2,3,6],[1,4,5,6],[3,4,5,6]]
GMFAIL 2,7,10,6 2,4,7,10 1,6,4,8 6,4,8,1 | 5 64 18 32 | 8 # m=7 sets=[[0,2,5,6],[1,2,3,6],[1,4,5,6],[3,4,5,6]]
GMFAIL 2,7,10,6 2,4,7,10 2,5,4,8 6,4,8,1 | 5 64 18 32 | 8 # m=7 sets=[[0,2,5,6],[1,2,3,6],[1,4,5,6],[3,4,5,6]]
GMFAIL 2,7,10,6 2,4,7,10 2,7,4,10 6,4,8,1 | 5 64 18 32 | 8 # m=7 sets=[[0,2,5,6],[1,2,3,6],[1,4,5,6],[3,4,5,6]]
GMFAIL 2,7,10,6 2,4,7,10 2,7,6,10 6,4,8,1 | 5 64 18 32 | 8 # m=7 sets=[[0,2,5,6],[1,2,3,6],[1,4,5,6],[3,4,5,6]]
GMFAIL 2,7,10,6 2,4,7,10 1,6,4,8 7,4,10,2 | 5 64 18 32 | 8 # m=7 sets=[[0,2,5,6],[1,2,3,6],[1,4,5,6],[3,4,5,6]]
GMFAIL 2,7,10,6 2,4,7,10 2,5,4,8 7,4,10,2 | 5 64 18 32 | 8 # m=7 sets=[[0,2,5,6],[1,2,3,6],[1,4,5,6],[3,4,5,6]]
GMFAIL 2,7,10,6 2,4,7,10 2,7,4,10 7,4,10,2 | 5 64 18 32 | 8 # m=7 sets=[[0,2,5,6],[1,2,3,6],[1,4,5,6],[3,4,5,6]]
GMFAIL 2,7,10,6 2,4,7,10 2,7,6,10 7,4,10,2 | 5 64 18 32 | 8 # m=7 sets=[[0,2,5,6],[1,2,3,6],[1,4,5,6],[3,4,5,6]]
GMFAIL 2,7,10,6 2,4,7,10 1,6,4,8 7,6,10,2 | 5 64 18 32 | 8 # m=7 sets=[[0,2,5,6],[1,2,3,6],[1,4,5,6],[3,4,5,6]]
GMFAIL 2,7,10,6 2,4,7,10 2,5,4,8 7,6,10,2 | 5 64 18 32 | 8 # m=7 sets=[[0,2,5,6],[1,2,3,6],[1,4,5,6],[3,4,5,6]]
GMFAIL 2,7,10,6 2,4,7,10 2,7,4,10 7,6,10,2 | 5 64 18 32 | 8 # m=7 sets=[[0,2,5,6],[1,2,3,6],[1,4,5,6],[3,4,5,6]]
GMFAIL 2,7,10,6 2,4,7,10 2,7,6,10 7,6,10,2 | 5 64 18 32 | 8 # m=7 sets=[[0,2,5,6],[1,2,3,6],[1,4,5,6],[3,4,5,6]]
GMFAIL 1,6,8,4 1,6,4,8 4,5,2,8 5,4,8,2 | 5 18 64 32 | 8 # m=7 sets=[[0,2,5,6],[1,4,5,6],[2,3,4,6],[3,4,5,6]]
GMFAIL 2,5,8,4 1,6,4,8 4,5,2,8 5,4,8,2 | 5 18 64 32 | 8 # m=7 sets=[[0,2,5,6],[1,4,5,6],[2,3,4,6],[3,4,5,6]]
GMFAIL 2,7,10,4 1,6,4,8 4,5,2,8 5,4,8,2 | 5 18 64 32 | 8 # m=7 sets=[[0,2,5,6],[1,4,5,6],[2,3,4,6],[3,4,5,6]]
GMFAIL 2,7,10,6 1,6,4,8 4,5,2,8 5,4,8,2 | 5 18 64 32 | 8 # m=7 sets=[[0,2,5,6],[1,4,5,6],[2,3,4,6],[3,4,5,6]]
GMFAIL 1,6,8,4 2,5,4,8 4,5,2,8 5,4,8,2 | 5 18 64 32 | 8 # m=7 sets=[[0,2,5,6],[1,4,5,6],[2,3,4,6],[3,4,5,6]]
GMFAIL 2,5,8,4 2,5,4,8 4,5,2,8 5,4,8,2 | 5 18 64 32 | 8 # m=7 sets=[[0,2,5,6],[1,4,5,6],[2,3,4,6],[3,4,5,6]]
GMFAIL 2,7,10,4 2,5,4,8 4,5,2,8 5,4,8,2 | 5 18 64 32 | 8 # m=7 sets=[[0,2,5,6],[1,4,5,6],[2,3,4,6],[3,4,5,6]]
GMFAIL 2,7,10,6 2,5,4,8 4,5,2,8 5,4,8,2 | 5 18 64 32 | 8 # m=7 sets=[[0,2,5,6],[1,4,5,6],[2,3,4,6],[3,4,5,6]]
GMFAIL 1,6,8,4 2,7,4,10 4,5,2,8 5,4,8,2 | 5 18 64 32 | 8 # m=7 sets=[[0,2,5,6],[1,4,5,6],[2,3,4,6],[3,4,5,6]]
GMFAIL 2,5,8,4 2,7,4,10 4,5,2,8 5,4,8,2 | 5 18 64 32 | 8 # m=7 sets=[[0,2,5,6],[1,4,5,6],[2,3,4,6],[3,4,5,6]]
GMFAIL 2,7,10,4 2,7,4,10 4,5,2,8 5,4,8,2 | 5 18 64 32 | 8 # m=7 sets=[[0,2,5,6],[1,4,5,6],[2,3,4,6],[3,4,5,6]]
GMFAIL 2,7,10,6 2,7,4,10 4,5,2,8 5,4,8,2 | 5 18 64 32 | 8 # m=7 sets=[[0,2,5,6],[1,4,5,6],[2,3,4,6],[3,4,5,6]]
GMFAIL 1,6,8,4 2,7,6,10 4,5,2,8 5,4,8,2 | 5 18 64 32 | 8 # m=7 sets=[[0,2,5,6],[1,4,5,6],[2,3,4,6],[3,4,5,6]]
GMFAIL 2,5,8,4 2,7,6,10 4,5,2,8 5,4,8,2 | 5 18 64 32 | 8 # m=7 sets=[[0,2,5,6],[1,4,5,6],[2,3,4,6],[3,4,5,6]]
GMFAIL 2,7,10,4 2,7,6,10 4,5,2,8 5,4,8,2 | 5 18 64 32 | 8 # m=7 sets=[[0,2,5,6],[1,4,5,6],[2,3,4,6],[3,4,5,6]]
GMFAIL 2,7,10,6 2,7,6,10 4,5,2,8 5,4,8,2 | 5 18 64 32 | 8 # m=7 sets=[[0,2,5,6],[1,4,5,6],[2,3,4,6],[3,4,5,6]]
GMFAIL 1,6,8,4 2,5,4,8 4,5,2,8 5,4,8,2 | 5 18 64 32 | 8 # m=7 sets=[[0,2,5,6],[1,4,5,6],[2,3,4,6],[3,4,5,6]]
GMFAIL 2,5,8,4 2,5,4,8 4,5,2,8 5,4,8,2 | 5 18 64 32 | 8 # m=7 sets=[[0,2,5,6],[1,4,5,6],[2,3,4,6],[3,4,5,6]]
GMFAIL 2,7,10,4 2,5,4,8 4,5,2,8 5,4,8,2 | 5 18 64 32 | 8 # m=7 sets=[[0,2,5,6],[1,4,5,6],[2,3,4,6],[3,4,5,6]]
GMFAIL 2,7,10,6 2,5,4,8 4,5,2,8 5,4,8,2 | 5 18 64 32 | 8 # m=7 sets=[[0,2,5,6],[1,4,5,6],[2,3,4,6],[3,4,5,6]]
GMFAIL 1,6,8,4 2,5,4,8 4,6,1,8 5,4,8,2 | 5 18 64 32 | 8 # m=7 sets=[[0,2,5,6],[1,4,5,6],[2,3,4,6],[3,4,5,6]]
GMFAIL 2,5,8,4 2,5,4,8 4,6,1,8 5,4,8,2 | 5 18 64 32 | 8 # m=7 sets=[[0,2,5,6],[1,4,5,6],[2,3,4,6],[3,4,5,6]]
GMFAIL 2,7,10,4 2,5,4,8 4,6,1,8 5,4,8,2 | 5 18 64 32 | 8 # m=7 sets=[[0,2,5,6],[1,4,5,6],[2,3,4,6],[3,4,5,6]]
GMFAIL 2,7,10,6 2,5,4,8 4,6,1,8 5,4,8,2 | 5 18 64 32 | 8 # m=7 sets=[[0,2,5,6],[1,4,5,6],[2,3,4,6],[3,4,5,6]]
GMFAIL 1,6,8,4 2,5,4,8 4,7,2,10 5,4,8,2 | 5 18 64 32 | 8 # m=7 sets=[[0,2,5,6],[1,4,5,6],[2,3,4,6],[3,4,5,6]]
GMFAIL 2,5,8,4 2,5,4,8 4,7,2,10 5,4,8,2 | 5 18 64 32 | 8 # m=7 sets=[[0,2,5,6],[1,4,5,6],[2,3,4,6],[3,4,5,6]]
GMFAIL 2,7,10,4 2,5,4,8 4,7,2,10 5,4,8,2 | 5 18 64 32 | 8 # m=7 sets=[[0,2,5,6],[1,4,5,6],[2,3,4,6],[3,4,5,6]]
GMFAIL 2,7,10,6 2,5,4,8 4,7,2,10 5,4,8,2 | 5 18 64 32 | 8 # m=7 sets=[[0,2,5,6],[1,4,5,6],[2,3,4,6],[3,4,5,6]]
GMFAIL 1,6,8,4 2,5,4,8 6,7,2,10 5,4,8,2 | 5 18 64 32 | 8 # m=7 sets=[[0,2,5,6],[1,4,5,6],[2,3,4,6],[3,4,5,6]]
GMFAIL 2,5,8,4 2,5,4,8 6,7,2,10 5,4,8,2 | 5 18 64 32 | 8 # m=7 sets=[[0,2,5,6],[1,4,5,6],[2,3,4,6],[3,4,5,6]]
GMFAIL 2,7,10,4 2,5,4,8 6,7,2,10 5,4,8,2 | 5 18 64 32 | 8 # m=7 sets=[[0,2,5,6],[1,4,5,6],[2,3,4,6],[3,4,5,6]]
GMFAIL 2,7,10,6 2,5,4,8 6,7,2,10 5,4,8,2 | 5 18 64 32 | 8 # m=7 sets=[[0,2,5,6],[1,4,5,6],[2,3,4,6],[3,4,5,6]]
GMFAIL 1,6,8,4 2,5,4,8 4,5,2,8 5,4,8,2 | 5 18 64 32 | 8 # m=7 sets=[[0,2,5,6],[1,4,5,6],[2,3,4,6],[3,4,5,6]]
GMFAIL 2,5,8,4 2,5,4,8 4,5,2,8 5,4,8,2 | 5 18 64 32 | 8 # m=7 sets=[[0,2,5,6],[1,4,5,6],[2,3,4,6],[3,4,5,6]]
GMFAIL 2,7,10,4 2,5,4,8 4,5,2,8 5,4,8,2 | 5 18 64 32 | 8 # m=7 sets=[[0,2,5,6],[1,4,5,6],[2,3,4,6],[3,4,5,6]]
GMFAIL 2,7,10,6 2,5,4,8 4,5,2,8 5,4,8,2 | 5 18 64 32 | 8 # m=7 sets=[[0,2,5,6],[1,4,5,6],[2,3,4,6],[3,4,5,6]]
GMFAIL 1,6,8,4 2,5,4,8 4,5,2,8 6,4,8,1 | 5 18 64 32 | 8 # m=7 sets=[[0,2,5,6],[1,4,5,6],[2,3,4,6],[3,4,5,6]]
GMFAIL 2,5,8,4 2,5,4,8 4,5,2,8 6,4,8,1 | 5 18 64 32 | 8 # m=7 sets=[[0,2,5,6],[1,4,5,6],[2,3,4,6],[3,4,5,6]]
GMFAIL 2,7,10,4 2,5,4,8 4,5,2,8 6,4,8,1 | 5 18 64 32 | 8 # m=7 sets=[[0,2,5,6],[1,4,5,6],[2,3,4,6],[3,4,5,6]]
GMFAIL 2,7,10,6 2,5,4,8 4,5,2,8 6,4,8,1 | 5 18 64 32 | 8 # m=7 sets=[[0,2,5,6],[1,4,5,6],[2,3,4,6],[3,4,5,6]]
GMFAIL 1,6,8,4 2,5,4,8 4,5,2,8 7,4,10,2 | 5 18 64 32 | 8 # m=7 sets=[[0,2,5,6],[1,4,5,6],[2,3,4,6],[3,4,5,6]]
GMFAIL 2,5,8,4 2,5,4,8 4,5,2,8 7,4,10,2 | 5 18 64 32 | 8 # m=7 sets=[[0,2,5,6],[1,4,5,6],[2,3,4,6],[3,4,5,6]]
GMFAIL 2,7,10,4 2,5,4,8 4,5,2,8 7,4,10,2 | 5 18 64 32 | 8 # m=7 sets=[[0,2,5,6],[1,4,5,6],[2,3,4,6],[3,4,5,6]]
GMFAIL 2,7,10,6 2,5,4,8 4,5,2,8 7,4,10,2 | 5 18 64 32 | 8 # m=7 sets=[[0,2,5,6],[1,4,5,6],[2,3,4,6],[3,4,5,6]]
GMFAIL 1,6,8,4 2,5,4,8 4,5,2,8 7,6,10,2 | 5 18 64 32 | 8 # m=7 sets=[[0,2,5,6],[1,4,5,6],[2,3,4,6],[3,4,5,6]]
GMFAIL 2,5,8,4 2,5,4,8 4,5,2,8 7,6,10,2 | 5 18 64 32 | 8 # m=7 sets=[[0,2,5,6],[1,4,5,6],[2,3,4,6],[3,4,5,6]]
GMFAIL 2,7,10,4 2,5,4,8 4,5,2,8 7,6,10,2 | 5 18 64 32 | 8 # m=7 sets=[[0,2,5,6],[1,4,5,6],[2,3,4,6],[3,4,5,6]]
GMFAIL 2,7,10,6 2,5,4,8 4,5,2,8 7,6,10,2 | 5 18 64 32 | 8 # m=7 sets=[[0,2,5,6],[1,4,5,6],[2,3,4,6],[3,4,5,6]]
GMFAIL 2,7,10,6 1,6,4,8 4,5,2,8 5,4,8,2 | 5 18 64 32 | 8 # m=7 sets=[[0,2,5,6],[1,4,5,6],[2,3,4,6],[3,4,5,6]]
GMFAIL 2,7,10,6 2,5,4,8 4,5,2,8 5,4,8,2 | 5 18 64 32 | 8 # m=7 sets=[[0,2,5,6],[1,4,5,6],[2,3,4,6],[3,4,5,6]]
GMFAIL 2,7,10,6 2,7,4,10 4,5,2,8 5,4,8,2 | 5 18 64 32 | 8 # m=7 sets=[[0,2,5,6],[1,4,5,6],[2,3,4,6],[3,4,5,6]]
GMFAIL 2,7,10,6 2,7,6,10 4,5,2,8 5,4,8,2 | 5 18 64 32 | 8 # m=7 sets=[[0,2,5,6],[1,4,5,6],[2,3,4,6],[3,4,5,6]]
GMFAIL 2,7,10,6 1,6,4,8 4,6,1,8 5,4,8,2 | 5 18 64 32 | 8 # m=7 sets=[[0,2,5,6],[1,4,5,6],[2,3,4,6],[3,4,5,6]]
GMFAIL 2,7,10,6 2,5,4,8 4,6,1,8 5,4,8,2 | 5 18 64 32 | 8 # m=7 sets=[[0,2,5,6],[1,4,5,6],[2,3,4,6],[3,4,5,6]]
GMFAIL 2,7,10,6 2,7,4,10 4,6,1,8 5,4,8,2 | 5 18 64 32 | 8 # m=7 sets=[[0,2,5,6],[1,4,5,6],[2,3,4,6],[3,4,5,6]]
GMFAIL 2,7,10,6 2,7,6,10 4,6,1,8 5,4,8,2 | 5 18 64 32 | 8 # m=7 sets=[[0,2,5,6],[1,4,5,6],[2,3,4,6],[3,4,5,6]]
GMFAIL 2,7,10,6 1,6,4,8 4,7,2,10 5,4,8,2 | 5 18 64 32 | 8 # m=7 sets=[[0,2,5,6],[1,4,5,6],[2,3,4,6],[3,4,5,6]]
GMFAIL 2,7,10,6 2,5,4,8 4,7,2,10 5,4,8,2 | 5 18 64 32 | 8 # m=7 sets=[[0,2,5,6],[1,4,5,6],[2,3,4,6],[3,4,5,6]]
GMFAIL 2,7,10,6 2,7,4,10 4,7,2,10 5,4,8,2 | 5 18 64 32 | 8 # m=7 sets=[[0,2,5,6],[1,4,5,6],[2,3,4,6],[3,4,5,6]]
GMFAIL 2,7,10,6 2,7,6,10 4,7,2,10 5,4,8,2 | 5 18 64 32 | 8 # m=7 sets=[[0,2,5,6],[1,4,5,6],[2,3,4,6],[3,4,5,6]]
GMFAIL 2,7,10,6 1,6,4,8 6,7,2,10 5,4,8,2 | 5 18 64 32 | 8 # m=7 sets=[[0,2,5,6],[1,4,5,6],[2,3,4,6],[3,4,5,6]]
GMFAIL 2,7,10,6 2,5,4,8 6,7,2,10 5,4,8,2 | 5 18 64 32 | 8 # m=7 sets=[[0,2,5,6],[1,4,5,6],[2,3,4,6],[3,4,5,6]]
GMFAIL 2,7,10,6 2,7,4,10 6,7,2,10 5,4,8,2 | 5 18 64 32 | 8 # m=7 sets=[[0,2,5,6],[1,4,5,6],[2,3,4,6],[3,4,5,6]]
GMFAIL 2,7,10,6 2,7,6,10 6,7,2,10 5,4,8,2 | 5 18 64 32 | 8 # m=7 sets=[[0,2,5,6],[1,4,5,6],[2,3,4,6],[3,4,5,6]]
GMFAIL 2,7,10,6 1,6,4,8 4,5,2,8 5,4,8,2 | 5 18 64 32 | 8 # m=7 sets=[[0,2,5,6],[1,4,5,6],[2,3,4,6],[3,4,5,6]]
GMFAIL 2,7,10,6 2,5,4,8 4,5,2,8 5,4,8,2 | 5 18 64 32 | 8 # m=7 sets=[[0,2,5,6],[1,4,5,6],[2,3,4,6],[3,4,5,6]]
GMFAIL 2,7,10,6 2,7,4,10 4,5,2,8 5,4,8,2 | 5 18 64 32 | 8 # m=7 sets=[[0,2,5,6],[1,4,5,6],[2,3,4,6],[3,4,5,6]]
GMFAIL 2,7,10,6 2,7,6,10 4,5,2,8 5,4,8,2 | 5 18 64 32 | 8 # m=7 sets=[[0,2,5,6],[1,4,5,6],[2,3,4,6],[3,4,5,6]]
GMFAIL 2,7,10,6 1,6,4,8 4,5,2,8 6,4,8,1 | 5 18 64 32 | 8 # m=7 sets=[[0,2,5,6],[1,4,5,6],[2,3,4,6],[3,4,5,6]]
GMFAIL 2,7,10,6 2,5,4,8 4,5,2,8 6,4,8,1 | 5 18 64 32 | 8 # m=7 sets=[[0,2,5,6],[1,4,5,6],[2,3,4,6],[3,4,5,6]]
GMFAIL 2,7,10,6 2,7,4,10 4,5,2,8 6,4,8,1 | 5 18 64 32 | 8 # m=7 sets=[[0,2,5,6],[1,4,5,6],[2,3,4,6],[3,4,5,6]]
GMFAIL 2,7,10,6 2,7,6,10 4,5,2,8 6,4,8,1 | 5 18 64 32 | 8 # m=7 sets=[[0,2,5,6],[1,4,5,6],[2,3,4,6],[3,4,5,6]]
GMFAIL 2,7,10,6 1,6,4,8 4,5,2,8 7,4,10,2 | 5 18 64 32 | 8 # m=7 sets=[[0,2,5,6],[1,4,5,6],[2,3,4,6],[3,4,5,6]]
GMFAIL 2,7,10,6 2,5,4,8 4,5,2,8 7,4,10,2 | 5 18 64 32 | 8 # m=7 sets=[[0,2,5,6],[1,4,5,6],[2,3,4,6],[3,4,5,6]]
GMFAIL 2,7,10,6 2,7,4,10 4,5,2,8 7,4,10,2 | 5 18 64 32 | 8 # m=7 sets=[[0,2,5,6],[1,4,5,6],[2,3,4,6],[3,4,5,6]]
GMFAIL 2,7,10,6 2,7,6,10 4,5,2,8 7,4,10,2 | 5 18 64 32 | 8 # m=7 sets=[[0,2,5,6],[1,4,5,6],[2,3,4,6],[3,4,5,6]]
GMFAIL 2,7,10,6 1,6,4,8 4,5,2,8 7,6,10,2 | 5 18 64 32 | 8 # m=7 sets=[[0,2,5,6],[1,4,5,6],[2,3,4,6],[3,4,5,6]]
GMFAIL 2,7,10,6 2,5,4,8 4,5,2,8 7,6,10,2 | 5 18 64 32 | 8 # m=7 sets=[[0,2,5,6],[1,4,5,6],[2,3,4,6],[3,4,5,6]]
GMFAIL 2,7,10,6 2,7,4,10 4,5,2,8 7,6,10,2 | 5 18 64 32 | 8 # m=7 sets=[[0,2,5,6],[1,4,5,6],[2,3,4,6],[3,4,5,6]]
GMFAIL 2,7,10,6 2,7,6,10 4,5,2,8 7,6,10,2 | 5 18 64 32 | 8 # m=7 sets=[[0,2,5,6],[1,4,5,6],[2,3,4,6],[3,4,5,6]]
GMFAIL 2,7,10,6 2,5,4,8 4,5,2,8 5,4,8,2 | 5 18 64 32 | 8 # m=7 sets=[[0,2,5,6],[1,4,5,6],[2,3,4,6],[3,4,5,6]]
GMFAIL 2,7,10,6 2,5,4,8 4,6,1,8 5,4,8,2 | 5 18 64 32 | 8 # m=7 sets=[[0,2,5,6],[1,4,5,6],[2,3,4,6],[3,4,5,6]]
GMFAIL 2,7,10,6 2,5,4,8 4,7,2,10 5,4,8,2 | 5 18 64 32 | 8 # m=7 sets=[[0,2,5,6],[1,4,5,6],[2,3,4,6],[3,4,5,6]]
GMFAIL 2,7,10,6 2,5,4,8 6,7,2,10 5,4,8,2 | 5 18 64 32 | 8 # m=7 sets=[[0,2,5,6],[1,4,5,6],[2,3,4,6],[3,4,5,6]]
GMFAIL 2,7,10,6 2,5,4,8 4,5,2,8 6,4,8,1 | 5 18 64 32 | 8 # m=7 sets=[[0,2,5,6],[1,4,5,6],[2,3,4,6],[3,4,5,6]]
GMFAIL 2,7,10,6 2,5,4,8 4,6,1,8 6,4,8,1 | 5 18 64 32 | 8 # m=7 sets=[[0,2,5,6],[1,4,5,6],[2,3,4,6],[3,4,5,6]]
GMFAIL 2,7,10,6 2,5,4,8 4,7,2,10 6,4,8,1 | 5 18 64 32 | 8 # m=7 sets=[[0,2,5,6],[1,4,5,6],[2,3,4,6],[3,4,5,6]]
GMFAIL 2,7,10,6 2,5,4,8 6,7,2,10 6,4,8,1 | 5 18 64 32 | 8 # m=7 sets=[[0,2,5,6],[1,4,5,6],[2,3,4,6],[3,4,5,6]]
GMFAIL 2,7,10,6 2,5,4,8 4,5,2,8 7,4,10,2 | 5 18 64 32 | 8 # m=7 sets=[[0,2,5,6],[1,4,5,6],[2,3,4,6],[3,4,5,6]]
GMFAIL 2,7,10,6 2,5,4,8 4,6,1,8 7,4,10,2 | 5 18 64 32 | 8 # m=7 sets=[[0,2,5,6],[1,4,5,6],[2,3,4,6],[3,4,5,6]]
GMFAIL 2,7,10,6 2,5,4,8 4,7,2,10 7,4,10,2 | 5 18 64 32 | 8 # m=7 sets=[[0,2,5,6],[1,4,5,6],[2,3,4,6],[3,4,5,6]]
GMFAIL 2,7,10,6 2,5,4,8 6,7,2,10 7,4,10,2 | 5 18 64 32 | 8 # m=7 sets=[[0,2,5,6],[1,4,5,6],[2,3,4,6],[3,4,5,6]]
GMFAIL 2,7,10,6 2,5,4,8 4,5,2,8 7,6,10,2 | 5 18 64 32 | 8 # m=7 sets=[[0,2,5,6],[1,4,5,6],[2,3,4,6],[3,4,5,6]]
GMFAIL 2,7,10,6 2,5,4,8 4,6,1,8 7,6,10,2 | 5 18 64 32 | 8 # m=7 sets=[[0,2,5,6],[1,4,5,6],[2,3,4,6],[3,4,5,6]]
GMFAIL 2,7,10,6 2,5,4,8 4,7,2,10 7,6,10,2 | 5 18 64 32 | 8 # m=7 sets=[[0,2,5,6],[1,4,5,6],[2,3,4,6],[3,4,5,6]]
GMFAIL 2,7,10,6 2,5,4,8 6,7,2,10 7,6,10,2 | 5 18 64 32 | 8 # m=7 sets=[[0,2,5,6],[1,4,5,6],[2,3,4,6],[3,4,5,6]]
GMFAIL 1,6,8,4 1,6,4,8 4,5,2,8 5,4,8,2 | 5 18 64 32 | 8 # m=7 sets=[[0,2,5,6],[1,4,5,6],[2,3,4,6],[3,4,5,6]]
GMFAIL 2,5,8,4 1,6,4,8 4,5,2,8 5,4,8,2 | 5 18 64 32 | 8 # m=7 sets=[[0,2,5,6],[1,4,5,6],[2,3,4,6],[3,4,5,6]]
GMFAIL 2,7,10,4 1,6,4,8 4,5,2,8 5,4,8,2 | 5 18 64 32 | 8 # m=7 sets=[[0,2,5,6],[1,4,5,6],[2,3,4,6],[3,4,5,6]]
GMFAIL 2,7,10,6 1,6,4,8 4,5,2,8 5,4,8,2 | 5 18 64 32 | 8 # m=7 sets=[[0,2,5,6],[1,4,5,6],[2,3,4,6],[3,4,5,6]]
GMFAIL 1,6,8,4 2,5,4,8 4,5,2,8 5,4,8,2 | 5 18 64 32 | 8 # m=7 sets=[[0,2,5,6],[1,4,5,6],[2,3,4,6],[3,4,5,6]]
GMFAIL 2,5,8,4 2,5,4,8 4,5,2,8 5,4,8,2 | 5 18 64 32 | 8 # m=7 sets=[[0,2,5,6],[1,4,5,6],[2,3,4,6],[3,4,5,6]]
GMFAIL 2,7,10,4 2,5,4,8 4,5,2,8 5,4,8,2 | 5 18 64 32 | 8 # m=7 sets=[[0,2,5,6],[1,4,5,6],[2,3,4,6],[3,4,5,6]]
GMFAIL 2,7,10,6 2,5,4,8 4,5,2,8 5,4,8,2 | 5 18 64 32 | 8 # m=7 sets=[[0,2,5,6],[1,4,5,6],[2,3,4,6],[3,4,5,6]]
GMFAIL 1,6,8,4 2,7,4,10 4,5,2,8 5,4,8,2 | 5 18 64 32 | 8 # m=7 sets=[[0,2,5,6],[1,4,5,6],[2,3,4,6],[3,4,5,6]]
GMFAIL 2,5,8,4 2,7,4,10 4,5,2,8 5,4,8,2 | 5 18 64 32 | 8 # m=7 sets=[[0,2,5,6],[1,4,5,6],[2,3,4,6],[3,4,5,6]]
GMFAIL 2,7,10,4 2,7,4,10 4,5,2,8 5,4,8,2 | 5 18 64 32 | 8 # m=7 sets=[[0,2,5,6],[1,4,5,6],[2,3,4,6],[3,4,5,6]]
GMFAIL 2,7,10,6 2,7,4,10 4,5,2,8 5,4,8,2 | 5 18 64 32 | 8 # m=7 sets=[[0,2,5,6],[1,4,5,6],[2,3,4,6],[3,4,5,6]]
GMFAIL 1,6,8,4 2,7,6,10 4,5,2,8 5,4,8,2 | 5 18 64 32 | 8 # m=7 sets=[[0,2,5,6],[1,4,5,6],[2,3,4,6],[3,4,5,6]]
GMFAIL 2,5,8,4 2,7,6,10 4,5,2,8 5,4,8,2 | 5 18 64 32 | 8 # m=7 sets=[[0,2,5,6],[1,4,5,6],[2,3,4,6],[3,4,5,6]]
GMFAIL 2,7,10,4 2,7,6,10 4,5,2,8 5,4,8,2 | 5 18 64 32 | 8 # m=7 sets=[[0,2,5,6],[1,4,5,6],[2,3,4,6],[3,4,5,6]]
GMFAIL 2,7,10,6 2,7,6,10 4,5,2,8 5,4,8,2 | 5 18 64 32 | 8 # m=7 sets=[[0,2,5,6],[1,4,5,6],[2,3,4,6],[3,4,5,6]]
GMFAIL 1,6,8,4 2,7,4,10 4,5,2,8 5,4,8,2 | 5 18 64 32 | 8 # m=7 sets=[[0,2,5,6],[1,4,5,6],[2,3,4,6],[3,4,5,6]]
GMFAIL 2,5,8,4 2,7,4,10 4,5,2,8 5,4,8,2 | 5 18 64 32 | 8 # m=7 sets=[[0,2,5,6],[1,4,5,6],[2,3,4,6],[3,4,5,6]]
GMFAIL 2,7,10,4 2,7,4,10 4,5,2,8 5,4,8,2 | 5 18 64 32 | 8 # m=7 sets=[[0,2,5,6],[1,4,5,6],[2,3,4,6],[3,4,5,6]]
GMFAIL 2,7,10,6 2,7,4,10 4,5,2,8 5,4,8,2 | 5 18 64 32 | 8 # m=7 sets=[[0,2,5,6],[1,4,5,6],[2,3,4,6],[3,4,5,6]]
GMFAIL 1,6,8,4 2,7,4,10 4,6,1,8 5,4,8,2 | 5 18 64 32 | 8 # m=7 sets=[[0,2,5,6],[1,4,5,6],[2,3,4,6],[3,4,5,6]]
GMFAIL 2,5,8,4 2,7,4,10 4,6,1,8 5,4,8,2 | 5 18 64 32 | 8 # m=7 sets=[[0,2,5,6],[1,4,5,6],[2,3,4,6],[3,4,5,6]]
GMFAIL 2,7,10,4 2,7,4,10 4,6,1,8 5,4,8,2 | 5 18 64 32 | 8 # m=7 sets=[[0,2,5,6],[1,4,5,6],[2,3,4,6],[3,4,5,6]]
GMFAIL 2,7,10,6 2,7,4,10 4,6,1,8 5,4,8,2 | 5 18 64 32 | 8 # m=7 sets=[[0,2,5,6],[1,4,5,6],[2,3,4,6],[3,4,5,6]]
GMFAIL 1,6,8,4 2,7,4,10 4,7,2,10 5,4,8,2 | 5 18 64 32 | 8 # m=7 sets=[[0,2,5,6],[1,4,5,6],[2,3,4,6],[3,4,5,6]]
GMFAIL 2,5,8,4 2,7,4,10 4,7,2,10 5,4,8,2 | 5 18 64 32 | 8 # m=7 sets=[[0,2,5,6],[1,4,5,6],[2,3,4,6],[3,4,5,6]]
GMFAIL 2,7,10,4 2,7,4,10 4,7,2,10 5,4,8,2 | 5 18 64 32 | 8 # m=7 sets=[[0,2,5,6],[1,4,5,6],[2,3,4,6],[3,4,5,6]]
GMFAIL 2,7,10,6 2,7,4,10 4,7,2,10 5,4,8,2 | 5 18 64 32 | 8 # m=7 sets=[[0,2,5,6],[1,4,5,6],[2,3,4,6],[3,4,5,6]]
GMFAIL 1,6,8,4 2,7,4,10 6,7,2,10 5,4,8,2 | 5 18 64 32 | 8 # m=7 sets=[[0,2,5,6],[1,4,5,6],[2,3,4,6],[3,4,5,6]]
GMFAIL 2,5,8,4 2,7,4,10 6,7,2,10 5,4,8,2 | 5 18 64 32 | 8 # m=7 sets=[[0,2,5,6],[1,4,5,6],[2,3,4,6],[3,4,5,6]]
GMFAIL 2,7,10,4 2,7,4,10 6,7,2,10 5,4,8,2 | 5 18 64 32 | 8 # m=7 sets=[[0,2,5,6],[1,4,5,6],[2,3,4,6],[3,4,5,6]]
GMFAIL 2,7,10,6 2,7,4,10 6,7,2,10 5,4,8,2 | 5 18 64 32 | 8 # m=7 sets=[[0,2,5,6],[1,4,5,6],[2,3,4,6],[3,4,5,6]]
GMFAIL 1,6,8,4 2,7,4,10 4,5,2,8 5,4,8,2 | 5 18 64 32 | 8 # m=7 sets=[[0,2,5,6],[1,4,5,6],[2,3,4,6],[3,4,5,6]]
GMFAIL 2,5,8,4 2,7,4,10 4,5,2,8 5,4,8,2 | 5 18 64 32 | 8 # m=7 sets=[[0,2,5,6],[1,4,5,6],[2,3,4,6],[3,4,5,6]]
GMFAIL 2,7,10,4 2,7,4,10 4,5,2,8 5,4,8,2 | 5 18 64 32 | 8 # m=7 sets=[[0,2,5,6],[1,4,5,6],[2,3,4,6],[3,4,5,6]]
GMFAIL 2,7,10,6 2,7,4,10 4,5,2,8 5,4,8,2 | 5 18 64 32 | 8 # m=7 sets=[[0,2,5,6],[1,4,5,6],[2,3,4,6],[3,4,5,6]]
GMFAIL 1,6,8,4 2,7,4,10 4,5,2,8 6,4,8,1 | 5 18 64 32 | 8 # m=7 sets=[[0,2,5,6],[1,4,5,6],[2,3,4,6],[3,4,5,6]]
GMFAIL 2,5,8,4 2,7,4,10 4,5,2,8 6,4,8,1 | 5 18 64 32 | 8 # m=7 sets=[[0,2,5,6],[1,4,5,6],[2,3,4,6],[3,4,5,6]]
GMFAIL 2,7,10,4 2,7,4,10 4,5,2,8 6,4,8,1 | 5 18 64 32 | 8 # m=7 sets=[[0,2,5,6],[1,4,5,6],[2,3,4,6],[3,4,5,6]]
GMFAIL 2,7,10,6 2,7,4,10 4,5,2,8 6,4,8,1 | 5 18 64 32 | 8 # m=7 sets=[[0,2,5,6],[1,4,5,6],[2,3,4,6],[3,4,5,6]]
GMFAIL 1,6,8,4 2,7,4,10 4,5,2,8 7,4,10,2 | 5 18 64 32 | 8 # m=7 sets=[[0,2,5,6],[1,4,5,6],[2,3,4,6],[3,4,5,6]]
GMFAIL 2,5,8,4 2,7,4,10 4,5,2,8 7,4,10,2 | 5 18 64 32 | 8 # m=7 sets=[[0,2,5,6],[1,4,5,6],[2,3,4,6],[3,4,5,6]]
GMFAIL 2,7,10,4 2,7,4,10 4,5,2,8 7,4,10,2 | 5 18 64 32 | 8 # m=7 sets=[[0,2,5,6],[1,4,5,6],[2,3,4,6],[3,4,5,6]]
GMFAIL 2,7,10,6 2,7,4,10 4,5,2,8 7,4,10,2 | 5 18 64 32 | 8 # m=7 sets=[[0,2,5,6],[1,4,5,6],[2,3,4,6],[3,4,5,6]]
GMFAIL 1,6,8,4 2,7,4,10 4,5,2,8 7,6,10,2 | 5 18 64 32 | 8 # m=7 sets=[[0,2,5,6],[1,4,5,6],[2,3,4,6],[3,4,5,6]]
GMFAIL 2,5,8,4 2,7,4,10 4,5,2,8 7,6,10,2 | 5 18 64 32 | 8 # m=7 sets=[[0,2,5,6],[1,4,5,6],[2,3,4,6],[3,4,5,6]]
GMFAIL 2,7,10,4 2,7,4,10 4,5,2,8 7,6,10,2 | 5 18 64 32 | 8 # m=7 sets=[[0,2,5,6],[1,4,5,6],[2,3,4,6],[3,4,5,6]]
GMFAIL 2,7,10,6 2,7,4,10 4,5,2,8 7,6,10,2 | 5 18 64 32 | 8 # m=7 sets=[[0,2,5,6],[1,4,5,6],[2,3,4,6],[3,4,5,6]]
GMFAIL 2,7,10,6 1,6,4,8 4,5,2,8 5,4,8,2 | 5 18 64 32 | 8 # m=7 sets=[[0,2,5,6],[1,4,5,6],[2,3,4,6],[3,4,5,6]]
GMFAIL 2,7,10,6 2,5,4,8 4,5,2,8 5,4,8,2 | 5 18 64 32 | 8 # m=7 sets=[[0,2,5,6],[1,4,5,6],[2,3,4,6],[3,4,5,6]]
GMFAIL 2,7,10,6 2,7,4,10 4,5,2,8 5,4,8,2 | 5 18 64 32 | 8 # m=7 sets=[[0,2,5,6],[1,4,5,6],[2,3,4,6],[3,4,5,6]]
GMFAIL 2,7,10,6 2,7,6,10 4,5,2,8 5,4,8,2 | 5 18 64 32 | 8 # m=7 sets=[[0,2,5,6],[1,4,5,6],[2,3,4,6],[3,4,5,6]]
GMFAIL 2,7,10,6 1,6,4,8 4,6,1,8 5,4,8,2 | 5 18 64 32 | 8 # m=7 sets=[[0,2,5,6],[1,4,5,6],[2,3,4,6],[3,4,5,6]]
GMFAIL 2,7,10,6 2,5,4,8 4,6,1,8 5,4,8,2 | 5 18 64 32 | 8 # m=7 sets=[[0,2,5,6],[1,4,5,6],[2,3,4,6],[3,4,5,6]]
GMFAIL 2,7,10,6 2,7,4,10 4,6,1,8 5,4,8,2 | 5 18 64 32 | 8 # m=7 sets=[[0,2,5,6],[1,4,5,6],[2,3,4,6],[3,4,5,6]]
GMFAIL 2,7,10,6 2,7,6,10 4,6,1,8 5,4,8,2 | 5 18 64 32 | 8 # m=7 sets=[[0,2,5,6],[1,4,5,6],[2,3,4,6],[3,4,5,6]]
GMFAIL 2,7,10,6 1,6,4,8 4,7,2,10 5,4,8,2 | 5 18 64 32 | 8 # m=7 sets=[[0,2,5,6],[1,4,5,6],[2,3,4,6],[3,4,5,6]]
GMFAIL 2,7,10,6 2,5,4,8 4,7,2,10 5,4,8,2 | 5 18 64 32 | 8 # m=7 sets=[[0,2,5,6],[1,4,5,6],[2,3,4,6],[3,4,5,6]]
GMFAIL 2,7,10,6 2,7,4,10 4,7,2,10 5,4,8,2 | 5 18 64 32 | 8 # m=7 sets=[[0,2,5,6],[1,4,5,6],[2,3,4,6],[3,4,5,6]]
GMFAIL 2,7,10,6 2,7,6,10 4,7,2,10 5,4,8,2 | 5 18 64 32 | 8 # m=7 sets=[[0,2,5,6],[1,4,5,6],[2,3,4,6],[3,4,5,6]]
GMFAIL 2,7,10,6 1,6,4,8 6,7,2,10 5,4,8,2 | 5 18 64 32 | 8 # m=7 sets=[[0,2,5,6],[1,4,5,6],[2,3,4,6],[3,4,5,6]]
GMFAIL 2,7,10,6 2,5,4,8 6,7,2,10 5,4,8,2 | 5 18 64 32 | 8 # m=7 sets=[[0,2,5,6],[1,4,5,6],[2,3,4,6],[3,4,5,6]]
GMFAIL 2,7,10,6 2,7,4,10 6,7,2,10 5,4,8,2 | 5 18 64 32 | 8 # m=7 sets=[[0,2,5,6],[1,4,5,6],[2,3,4,6],[3,4,5,6]]
GMFAIL 2,7,10,6 2,7,6,10 6,7,2,10 5,4,8,2 | 5 18 64 32 | 8 # m=7 sets=[[0,2,5,6],[1,4,5,6],[2,3,4,6],[3,4,5,6]]
GMFAIL 2,7,10,6 1,6,4,8 4,5,2,8 5,4,8,2 | 5 18 64 32 | 8 # m=7 sets=[[0,2,5,6],[1,4,5,6],[2,3,4,6],[3,4,5,6]]
GMFAIL 2,7,10,6 2,5,4,8 4,5,2,8 5,4,8,2 | 5 18 64 32 | 8 # m=7 sets=[[0,2,5,6],[1,4,5,6],[2,3,4,6],[3,4,5,6]]
GMFAIL 2,7,10,6 2,7,4,10 4,5,2,8 5,4,8,2 | 5 18 64 32 | 8 # m=7 sets=[[0,2,5,6],[1,4,5,6],[2,3,4,6],[3,4,5,6]]
GMFAIL 2,7,10,6 2,7,6,10 4,5,2,8 5,4,8,2 | 5 18 64 32 | 8 # m=7 sets=[[0,2,5,6],[1,4,5,6],[2,3,4,6],[3,4,5,6]]
GMFAIL 2,7,10,6 1,6,4,8 4,5,2,8 6,4,8,1 | 5 18 64 32 | 8 # m=7 sets=[[0,2,5,6],[1,4,5,6],[2,3,4,6],[3,4,5,6]]
GMFAIL 2,7,10,6 2,5,4,8 4,5,2,8 6,4,8,1 | 5 18 64 32 | 8 # m=7 sets=[[0,2,5,6],[1,4,5,6],[2,3,4,6],[3,4,5,6]]
GMFAIL 2,7,10,6 2,7,4,10 4,5,2,8 6,4,8,1 | 5 18 64 32 | 8 # m=7 sets=[[0,2,5,6],[1,4,5,6],[2,3,4,6],[3,4,5,6]]
GMFAIL 2,7,10,6 2,7,6,10 4,5,2,8 6,4,8,1 | 5 18 64 32 | 8 # m=7 sets=[[0,2,5,6],[1,4,5,6],[2,3,4,6],[3,4,5,6]]
GMFAIL 2,7,10,6 1,6,4,8 4,5,2,8 7,4,10,2 | 5 18 64 32 | 8 # m=7 sets=[[0,2,5,6],[1,4,5,6],[2,3,4,6],[3,4,5,6]]
GMFAIL 2,7,10,6 2,5,4,8 4,5,2,8 7,4,10,2 | 5 18 64 32 | 8 # m=7 sets=[[0,2,5,6],[1,4,5,6],[2,3,4,6],[3,4,5,6]]
GMFAIL 2,7,10,6 2,7,4,10 4,5,2,8 7,4,10,2 | 5 18 64 32 | 8 # m=7 sets=[[0,2,5,6],[1,4,5,6],[2,3,4,6],[3,4,5,6]]
GMFAIL 2,7,10,6 2,7,6,10 4,5,2,8 7,4,10,2 | 5 18 64 32 | 8 # m=7 sets=[[0,2,5,6],[1,4,5,6],[2,3,4,6],[3,4,5,6]]
GMFAIL 2,7,10,6 1,6,4,8 4,5,2,8 7,6,10,2 | 5 18 64 32 | 8 # m=7 sets=[[0,2,5,6],[1,4,5,6],[2,3,4,6],[3,4,5,6]]
GMFAIL 2,7,10,6 2,5,4,8 4,5,2,8 7,6,10,2 | 5 18 64 32 | 8 # m=7 sets=[[0,2,5,6],[1,4,5,6],[2,3,4,6],[3,4,5,6]]
GMFAIL 2,7,10,6 2,7,4,10 4,5,2,8 7,6,10,2 | 5 18 64 32 | 8 # m=7 sets=[[0,2,5,6],[1,4,5,6],[2,3,4,6],[3,4,5,6]]
GMFAIL 2,7,10,6 2,7,6,10 4,5,2,8 7,6,10,2 | 5 18 64 32 | 8 # m=7 sets=[[0,2,5,6],[1,4,5,6],[2,3,4,6],[3,4,5,6]]
GMFAIL 2,7,10,6 2,7,4,10 4,5,2,8 5,4,8,2 | 5 18 64 32 | 8 # m=7 sets=[[0,2,5,6],[1,4,5,6],[2,3,4,6],[3,4,5,6]]
GMFAIL 2,7,10,6 2,7,4,10 4,6,1,8 5,4,8,2 | 5 18 64 32 | 8 # m=7 sets=[[0,2,5,6],[1,4,5,6],[2,3,4,6],[3,4,5,6]]
GMFAIL 2,7,10,6 2,7,4,10 4,7,2,10 5,4,8,2 | 5 18 64 32 | 8 # m=7 sets=[[0,2,5,6],[1,4,5,6],[2,3,4,6],[3,4,5,6]]
GMFAIL 2,7,10,6 2,7,4,10 6,7,2,10 5,4,8,2 | 5 18 64 32 | 8 # m=7 sets=[[0,2,5,6],[1,4,5,6],[2,3,4,6],[3,4,5,6]]
GMFAIL 2,7,10,6 2,7,4,10 4,5,2,8 6,4,8,1 | 5 18 64 32 | 8 # m=7 sets=[[0,2,5,6],[1,4,5,6],[2,3,4,6],[3,4,5,6]]
GMFAIL 2,7,10,6 2,7,4,10 4,6,1,8 6,4,8,1 | 5 18 64 32 | 8 # m=7 sets=[[0,2,5,6],[1,4,5,6],[2,3,4,6],[3,4,5,6]]
GMFAIL 2,7,10,6 2,7,4,10 4,7,2,10 6,4,8,1 | 5 18 64 32 | 8 # m=7 sets=[[0,2,5,6],[1,4,5,6],[2,3,4,6],[3,4,5,6]]
GMFAIL 2,7,10,6 2,7,4,10 6,7,2,10 6,4,8,1 | 5 18 64 32 | 8 # m=7 sets=[[0,2,5,6],[1,4,5,6],[2,3,4,6],[3,4,5,6]]
GMFAIL 2,7,10,6 2,7,4,10 4,5,2,8 7,4,10,2 | 5 18 64 32 | 8 # m=7 sets=[[0,2,5,6],[1,4,5,6],[2,3,4,6],[3,4,5,6]]
GMFAIL 2,7,10,6 2,7,4,10 4,6,1,8 7,4,10,2 | 5 18 64 32 | 8 # m=7 sets=[[0,2,5,6],[1,4,5,6],[2,3,4,6],[3,4,5,6]]
GMFAIL 2,7,10,6 2,7,4,10 4,7,2,10 7,4,10,2 | 5 18 64 32 | 8 # m=7 sets=[[0,2,5,6],[1,4,5,6],[2,3,4,6],[3,4,5,6]]
GMFAIL 2,7,10,6 2,7,4,10 6,7,2,10 7,4,10,2 | 5 18 64 32 | 8 # m=7 sets=[[0,2,5,6],[1,4,5,6],[2,3,4,6],[3,4,5,6]]
GMFAIL 2,7,10,6 2,7,4,10 4,5,2,8 7,6,10,2 | 5 18 64 32 | 8 # m=7 sets=[[0,2,5,6],[1,4,5,6],[2,3,4,6],[3,4,5,6]]
GMFAIL 2,7,10,6 2,7,4,10 4,6,1,8 7,6,10,2 | 5 18 64 32 | 8 # m=7 sets=[[0,2,5,6],[1,4,5,6],[2,3,4,6],[3,4,5,6]]
GMFAIL 2,7,10,6 2,7,4,10 4,7,2,10 7,6,10,2 | 5 18 64 32 | 8 # m=7 sets=[[0,2,5,6],[1,4,5,6],[2,3,4,6],[3,4,5,6]]
GMFAIL 2,7,10,6 2,7,4,10 6,7,2,10 7,6,10,2 | 5 18 64 32 | 8 # m=7 sets=[[0,2,5,6],[1,4,5,6],[2,3,4,6],[3,4,5,6]]
GMFAIL 1,6,8,4 1,6,4,8 4,5,2,8 5,4,8,2 | 5 18 64 32 | 8 # m=7 sets=[[0,2,5,6],[1,4,5,6],[2,3,4,6],[3,4,5,6]]
GMFAIL 2,5,8,4 1,6,4,8 4,5,2,8 5,4,8,2 | 5 18 64 32 | 8 # m=7 sets=[[0,2,5,6],[1,4,5,6],[2,3,4,6],[3,4,5,6]]
GMFAIL 2,7,10,4 1,6,4,8 4,5,2,8 5,4,8,2 | 5 18 64 32 | 8 # m=7 sets=[[0,2,5,6],[1,4,5,6],[2,3,4,6],[3,4,5,6]]
GMFAIL 2,7,10,6 1,6,4,8 4,5,2,8 5,4,8,2 | 5 18 64 32 | 8 # m=7 sets=[[0,2,5,6],[1,4,5,6],[2,3,4,6],[3,4,5,6]]
GMFAIL 1,6,8,4 2,5,4,8 4,5,2,8 5,4,8,2 | 5 18 64 32 | 8 # m=7 sets=[[0,2,5,6],[1,4,5,6],[2,3,4,6],[3,4,5,6]]
GMFAIL 2,5,8,4 2,5,4,8 4,5,2,8 5,4,8,2 | 5 18 64 32 | 8 # m=7 sets=[[0,2,5,6],[1,4,5,6],[2,3,4,6],[3,4,5,6]]
GMFAIL 2,7,10,4 2,5,4,8 4,5,2,8 5,4,8,2 | 5 18 64 32 | 8 # m=7 sets=[[0,2,5,6],[1,4,5,6],[2,3,4,6],[3,4,5,6]]
GMFAIL 2,7,10,6 2,5,4,8 4,5,2,8 5,4,8,2 | 5 18 64 32 | 8 # m=7 sets=[[0,2,5,6],[1,4,5,6],[2,3,4,6],[3,4,5,6]]
GMFAIL 1,6,8,4 2,7,4,10 4,5,2,8 5,4,8,2 | 5 18 64 32 | 8 # m=7 sets=[[0,2,5,6],[1,4,5,6],[2,3,4,6],[3,4,5,6]]
GMFAIL 2,5,8,4 2,7,4,10 4,5,2,8 5,4,8,2 | 5 18 64 32 | 8 # m=7 sets=[[0,2,5,6],[1,4,5,6],[2,3,4,6],[3,4,5,6]]
GMFAIL 2,7,10,4 2,7,4,10 4,5,2,8 5,4,8,2 | 5 18 64 32 | 8 # m=7 sets=[[0,2,5,6],[1,4,5,6],[2,3,4,6],[3,4,5,6]]
GMFAIL 2,7,10,6 2,7,4,10 4,5,2,8 5,4,8,2 | 5 18 64 32 | 8 # m=7 sets=[[0,2,5,6],[1,4,5,6],[2,3,4,6],[3,4,5,6]]
GMFAIL 1,6,8,4 2,7,6,10 4,5,2,8 5,4,8,2 | 5 18 64 32 | 8 # m=7 sets=[[0,2,5,6],[1,4,5,6],[2,3,4,6],[3,4,5,6]]
GMFAIL 2,5,8,4 2,7,6,10 4,5,2,8 5,4,8,2 | 5 18 64 32 | 8 # m=7 sets=[[0,2,5,6],[1,4,5,6],[2,3,4,6],[3,4,5,6]]
GMFAIL 2,7,10,4 2,7,6,10 4,5,2,8 5,4,8,2 | 5 18 64 32 | 8 # m=7 sets=[[0,2,5,6],[1,4,5,6],[2,3,4,6],[3,4,5,6]]
GMFAIL 2,7,10,6 2,7,6,10 4,5,2,8 5,4,8,2 | 5 18 64 32 | 8 # m=7 sets=[[0,2,5,6],[1,4,5,6],[2,3,4,6],[3,4,5,6]]
GMFAIL 1,6,8,4 2,7,6,10 4,5,2,8 5,4,8,2 | 5 18 64 32 | 8 # m=7 sets=[[0,2,5,6],[1,4,5,6],[2,3,4,6],[3,4,5,6]]
GMFAIL 2,5,8,4 2,7,6,10 4,5,2,8 5,4,8,2 | 5 18 64 32 | 8 # m=7 sets=[[0,2,5,6],[1,4,5,6],[2,3,4,6],[3,4,5,6]]
GMFAIL 2,7,10,4 2,7,6,10 4,5,2,8 5,4,8,2 | 5 18 64 32 | 8 # m=7 sets=[[0,2,5,6],[1,4,5,6],[2,3,4,6],[3,4,5,6]]
GMFAIL 2,7,10,6 2,7,6,10 4,5,2,8 5,4,8,2 | 5 18 64 32 | 8 # m=7 sets=[[0,2,5,6],[1,4,5,6],[2,3,4,6],[3,4,5,6]]
GMFAIL 1,6,8,4 2,7,6,10 4,6,1,8 5,4,8,2 | 5 18 64 32 | 8 # m=7 sets=[[0,2,5,6],[1,4,5,6],[2,3,4,6],[3,4,5,6]]
GMFAIL 2,5,8,4 2,7,6,10 4,6,1,8 5,4,8,2 | 5 18 64 32 | 8 # m=7 sets=[[0,2,5,6],[1,4,5,6],[2,3,4,6],[3,4,5,6]]
GMFAIL 2,7,10,4 2,7,6,10 4,6,1,8 5,4,8,2 | 5 18 64 32 | 8 # m=7 sets=[[0,2,5,6],[1,4,5,6],[2,3,4,6],[3,4,5,6]]
GMFAIL 2,7,10,6 2,7,6,10 4,6,1,8 5,4,8,2 | 5 18 64 32 | 8 # m=7 sets=[[0,2,5,6],[1,4,5,6],[2,3,4,6],[3,4,5,6]]
GMFAIL 1,6,8,4 2,7,6,10 4,7,2,10 5,4,8,2 | 5 18 64 32 | 8 # m=7 sets=[[0,2,5,6],[1,4,5,6],[2,3,4,6],[3,4,5,6]]
GMFAIL 2,5,8,4 2,7,6,10 4,7,2,10 5,4,8,2 | 5 18 64 32 | 8 # m=7 sets=[[0,2,5,6],[1,4,5,6],[2,3,4,6],[3,4,5,6]]
GMFAIL 2,7,10,4 2,7,6,10 4,7,2,10 5,4,8,2 | 5 18 64 32 | 8 # m=7 sets=[[0,2,5,6],[1,4,5,6],[2,3,4,6],[3,4,5,6]]
GMFAIL 2,7,10,6 2,7,6,10 4,7,2,10 5,4,8,2 | 5 18 64 32 | 8 # m=7 sets=[[0,2,5,6],[1,4,5,6],[2,3,4,6],[3,4,5,6]]
GMFAIL 1,6,8,4 2,7,6,10 6,7,2,10 5,4,8,2 | 5 18 64 32 | 8 # m=7 sets=[[0,2,5,6],[1,4,5,6],[2,3,4,6],[3,4,5,6]]
GMFAIL 2,5,8,4 2,7,6,10 6,7,2,10 5,4,8,2 | 5 18 64 32 | 8 # m=7 sets=[[0,2,5,6],[1,4,5,6],[2,3,4,6],[3,4,5,6]]
GMFAIL 2,7,10,4 2,7,6,10 6,7,2,10 5,4,8,2 | 5 18 64 32 | 8 # m=7 sets=[[0,2,5,6],[1,4,5,6],[2,3,4,6],[3,4,5,6]]
GMFAIL 2,7,10,6 2,7,6,10 6,7,2,10 5,4,8,2 | 5 18 64 32 | 8 # m=7 sets=[[0,2,5,6],[1,4,5,6],[2,3,4,6],[3,4,5,6]]
GMFAIL 1,6,8,4 2,7,6,10 4,5,2,8 5,4,8,2 | 5 18 64 32 | 8 # m=7 sets=[[0,2,5,6],[1,4,5,6],[2,3,4,6],[3,4,5,6]]
GMFAIL 2,5,8,4 2,7,6,10 4,5,2,8 5,4,8,2 | 5 18 64 32 | 8 # m=7 sets=[[0,2,5,6],[1,4,5,6],[2,3,4,6],[3,4,5,6]]
GMFAIL 2,7,10,4 2,7,6,10 4,5,2,8 5,4,8,2 | 5 18 64 32 | 8 # m=7 sets=[[0,2,5,6],[1,4,5,6],[2,3,4,6],[3,4,5,6]]
GMFAIL 2,7,10,6 2,7,6,10 4,5,2,8 5,4,8,2 | 5 18 64 32 | 8 # m=7 sets=[[0,2,5,6],[1,4,5,6],[2,3,4,6],[3,4,5,6]]
GMFAIL 1,6,8,4 2,7,6,10 4,5,2,8 6,4,8,1 | 5 18 64 32 | 8 # m=7 sets=[[0,2,5,6],[1,4,5,6],[2,3,4,6],[3,4,5,6]]
GMFAIL 2,5,8,4 2,7,6,10 4,5,2,8 6,4,8,1 | 5 18 64 32 | 8 # m=7 sets=[[0,2,5,6],[1,4,5,6],[2,3,4,6],[3,4,5,6]]
GMFAIL 2,7,10,4 2,7,6,10 4,5,2,8 6,4,8,1 | 5 18 64 32 | 8 # m=7 sets=[[0,2,5,6],[1,4,5,6],[2,3,4,6],[3,4,5,6]]
GMFAIL 2,7,10,6 2,7,6,10 4,5,2,8 6,4,8,1 | 5 18 64 32 | 8 # m=7 sets=[[0,2,5,6],[1,4,5,6],[2,3,4,6],[3,4,5,6]]
GMFAIL 1,6,8,4 2,7,6,10 4,5,2,8 7,4,10,2 | 5 18 64 32 | 8 # m=7 sets=[[0,2,5,6],[1,4,5,6],[2,3,4,6],[3,4,5,6]]
GMFAIL 2,5,8,4 2,7,6,10 4,5,2,8 7,4,10,2 | 5 18 64 32 | 8 # m=7 sets=[[0,2,5,6],[1,4,5,6],[2,3,4,6],[3,4,5,6]]
GMFAIL 2,7,10,4 2,7,6,10 4,5,2,8 7,4,10,2 | 5 18 64 32 | 8 # m=7 sets=[[0,2,5,6],[1,4,5,6],[2,3,4,6],[3,4,5,6]]
GMFAIL 2,7,10,6 2,7,6,10 4,5,2,8 7,4,10,2 | 5 18 64 32 | 8 # m=7 sets=[[0,2,5,6],[1,4,5,6],[2,3,4,6],[3,4,5,6]]
GMFAIL 1,6,8,4 2,7,6,10 4,5,2,8 7,6,10,2 | 5 18 64 32 | 8 # m=7 sets=[[0,2,5,6],[1,4,5,6],[2,3,4,6],[3,4,5,6]]
GMFAIL 2,5,8,4 2,7,6,10 4,5,2,8 7,6,10,2 | 5 18 64 32 | 8 # m=7 sets=[[0,2,5,6],[1,4,5,6],[2,3,4,6],[3,4,5,6]]
GMFAIL 2,7,10,4 2,7,6,10 4,5,2,8 7,6,10,2 | 5 18 64 32 | 8 # m=7 sets=[[0,2,5,6],[1,4,5,6],[2,3,4,6],[3,4,5,6]]
GMFAIL 2,7,10,6 2,7,6,10 4,5,2,8 7,6,10,2 | 5 18 64 32 | 8 # m=7 sets=[[0,2,5,6],[1,4,5,6],[2,3,4,6],[3,4,5,6]]
GMFAIL 2,7,10,6 1,6,4,8 4,5,2,8 5,4,8,2 | 5 18 64 32 | 8 # m=7 sets=[[0,2,5,6],[1,4,5,6],[2,3,4,6],[3,4,5,6]]
GMFAIL 2,7,10,6 2,5,4,8 4,5,2,8 5,4,8,2 | 5 18 64 32 | 8 # m=7 sets=[[0,2,5,6],[1,4,5,6],[2,3,4,6],[3,4,5,6]]
GMFAIL 2,7,10,6 2,7,4,10 4,5,2,8 5,4,8,2 | 5 18 64 32 | 8 # m=7 sets=[[0,2,5,6],[1,4,5,6],[2,3,4,6],[3,4,5,6]]
GMFAIL 2,7,10,6 2,7,6,10 4,5,2,8 5,4,8,2 | 5 18 64 32 | 8 # m=7 sets=[[0,2,5,6],[1,4,5,6],[2,3,4,6],[3,4,5,6]]
GMFAIL 2,7,10,6 1,6,4,8 4,6,1,8 5,4,8,2 | 5 18 64 32 | 8 # m=7 sets=[[0,2,5,6],[1,4,5,6],[2,3,4,6],[3,4,5,6]]
GMFAIL 2,7,10,6 2,5,4,8 4,6,1,8 5,4,8,2 | 5 18 64 32 | 8 # m=7 sets=[[0,2,5,6],[1,4,5,6],[2,3,4,6],[3,4,5,6]]
GMFAIL 2,7,10,6 2,7,4,10 4,6,1,8 5,4,8,2 | 5 18 64 32 | 8 # m=7 sets=[[0,2,5,6],[1,4,5,6],[2,3,4,6],[3,4,5,6]]
GMFAIL 2,7,10,6 2,7,6,10 4,6,1,8 5,4,8,2 | 5 18 64 32 | 8 # m=7 sets=[[0,2,5,6],[1,4,5,6],[2,3,4,6],[3,4,5,6]]
GMFAIL 2,7,10,6 1,6,4,8 4,7,2,10 5,4,8,2 | 5 18 64 32 | 8 # m=7 sets=[[0,2,5,6],[1,4,5,6],[2,3,4,6],[3,4,5,6]]
GMFAIL 2,7,10,6 2,5,4,8 4,7,2,10 5,4,8,2 | 5 18 64 32 | 8 # m=7 sets=[[0,2,5,6],[1,4,5,6],[2,3,4,6],[3,4,5,6]]
GMFAIL 2,7,10,6 2,7,4,10 4,7,2,10 5,4,8,2 | 5 18 64 32 | 8 # m=7 sets=[[0,2,5,6],[1,4,5,6],[2,3,4,6],[3,4,5,6]]
GMFAIL 2,7,10,6 2,7,6,10 4,7,2,10 5,4,8,2 | 5 18 64 32 | 8 # m=7 sets=[[0,2,5,6],[1,4,5,6],[2,3,4,6],[3,4,5,6]]
GMFAIL 2,7,10,6 1,6,4,8 6,7,2,10 5,4,8,2 | 5 18 64 32 | 8 # m=7 sets=[[0,2,5,6],[1,4,5,6],[2,3,4,6],[3,4,5,6]]
GMFAIL 2,7,10,6 2,5,4,8 6,7,2,10 5,4,8,2 | 5 18 64 32 | 8 # m=7 sets=[[0,2,5,6],[1,4,5,6],[2,3,4,6],[3,4,5,6]]
GMFAIL 2,7,10,6 2,7,4,10 6,7,2,10 5,4,8,2 | 5 18 64 32 | 8 # m=7 sets=[[0,2,5,6],[1,4,5,6],[2,3,4,6],[3,4,5,6]]
GMFAIL 2,7,10,6 2,7,6,10 6,7,2,10 5,4,8,2 | 5 18 64 32 | 8 # m=7 sets=[[0,2,5,6],[1,4,5,6],[2,3,4,6],[3,4,5,6]]
GMFAIL 2,7,10,6 2,7,6,10 4,5,2,8 5,4,8,2 | 5 18 64 32 | 8 # m=7 sets=[[0,2,5,6],[1,4,5,6],[2,3,4,6],[3,4,5,6]]
GMFAIL 2,7,10,6 2,7,6,10 4,6,1,8 5,4,8,2 | 5 18 64 32 | 8 # m=7 sets=[[0,2,5,6],[1,4,5,6],[2,3,4,6],[3,4,5,6]]
GMFAIL 2,7,10,6 2,7,6,10 4,7,2,10 5,4,8,2 | 5 18 64 32 | 8 # m=7 sets=[[0,2,5,6],[1,4,5,6],[2,3,4,6],[3,4,5,6]]
GMFAIL 2,7,10,6 2,7,6,10 6,7,2,10 5,4,8,2 | 5 18 64 32 | 8 # m=7 sets=[[0,2,5,6],[1,4,5,6],[2,3,4,6],[3,4,5,6]]
GMFAIL 2,7,10,6 2,7,6,10 4,5,2,8 6,4,8,1 | 5 18 64 32 | 8 # m=7 sets=[[0,2,5,6],[1,4,5,6],[2,3,4,6],[3,4,5,6]]
GMFAIL 2,7,10,6 2,7,6,10 4,6,1,8 6,4,8,1 | 5 18 64 32 | 8 # m=7 sets=[[0,2,5,6],[1,4,5,6],[2,3,4,6],[3,4,5,6]]
GMFAIL 2,7,10,6 2,7,6,10 4,7,2,10 6,4,8,1 | 5 18 64 32 | 8 # m=7 sets=[[0,2,5,6],[1,4,5,6],[2,3,4,6],[3,4,5,6]]
GMFAIL 2,7,10,6 2,7,6,10 6,7,2,10 6,4,8,1 | 5 18 64 32 | 8 # m=7 sets=[[0,2,5,6],[1,4,5,6],[2,3,4,6],[3,4,5,6]]
GMFAIL 2,7,10,6 2,7,6,10 4,5,2,8 7,4,10,2 | 5 18 64 32 | 8 # m=7 sets=[[0,2,5,6],[1,4,5,6],[2,3,4,6],[3,4,5,6]]
GMFAIL 2,7,10,6 2,7,6,10 4,6,1,8 7,4,10,2 | 5 18 64 32 | 8 # m=7 sets=[[0,2,5,6],[1,4,5,6],[2,3,4,6],[3,4,5,6]]
GMFAIL 2,7,10,6 2,7,6,10 4,7,2,10 7,4,10,2 | 5 18 64 32 | 8 # m=7 sets=[[0,2,5,6],[1,4,5,6],[2,3,4,6],[3,4,5,6]]
GMFAIL 2,7,10,6 2,7,6,10 6,7,2,10 7,4,10,2 | 5 18 64 32 | 8 # m=7 sets=[[0,2,5,6],[1,4,5,6],[2,3,4,6],[3,4,5,6]]
GMFAIL 2,7,10,6 2,7,6,10 4,5,2,8 7,6,10,2 | 5 18 64 32 | 8 # m=7 sets=[[0,2,5,6],[1,4,5,6],[2,3,4,6],[3,4,5,6]]
GMFAIL 2,7,10,6 2,7,6,10 4,6,1,8 7,6,10,2 | 5 18 64 32 | 8 # m=7 sets=[[0,2,5,6],[1,4,5,6],[2,3,4,6],[3,4,5,6]]
GMFAIL 2,7,10,6 2,7,6,10 4,7,2,10 7,6,10,2 | 5 18 64 32 | 8 # m=7 sets=[[0,2,5,6],[1,4,5,6],[2,3,4,6],[3,4,5,6]]
GMFAIL 2,7,10,6 2,7,6,10 6,7,2,10 7,6,10,2 | 5 18 64 32 | 8 # m=7 sets=[[0,2,5,6],[1,4,5,6],[2,3,4,6],[3,4,5,6]]
GMFAIL 2,7,10,6 1,6,4,8 4,5,2,8 5,4,8,2 | 5 18 64 32 | 8 # m=7 sets=[[0,2,5,6],[1,4,5,6],[2,3,4,6],[3,4,5,6]]
GMFAIL 2,7,10,6 2,5,4,8 4,5,2,8 5,4,8,2 | 5 18 64 32 | 8 # m=7 sets=[[0,2,5,6],[1,4,5,6],[2,3,4,6],[3,4,5,6]]
GMFAIL 2,7,10,6 2,7,4,10 4,5,2,8 5,4,8,2 | 5 18 64 32 | 8 # m=7 sets=[[0,2,5,6],[1,4,5,6],[2,3,4,6],[3,4,5,6]]
GMFAIL 2,7,10,6 2,7,6,10 4,5,2,8 5,4,8,2 | 5 18 64 32 | 8 # m=7 sets=[[0,2,5,6],[1,4,5,6],[2,3,4,6],[3,4,5,6]]
GMFAIL 2,7,10,6 1,6,4,8 4,5,2,8 6,4,8,1 | 5 18 64 32 | 8 # m=7 sets=[[0,2,5,6],[1,4,5,6],[2,3,4,6],[3,4,5,6]]
GMFAIL 2,7,10,6 2,5,4,8 4,5,2,8 6,4,8,1 | 5 18 64 32 | 8 # m=7 sets=[[0,2,5,6],[1,4,5,6],[2,3,4,6],[3,4,5,6]]
GMFAIL 2,7,10,6 2,7,4,10 4,5,2,8 6,4,8,1 | 5 18 64 32 | 8 # m=7 sets=[[0,2,5,6],[1,4,5,6],[2,3,4,6],[3,4,5,6]]
GMFAIL 2,7,10,6 2,7,6,10 4,5,2,8 6,4,8,1 | 5 18 64 32 | 8 # m=7 sets=[[0,2,5,6],[1,4,5,6],[2,3,4,6],[3,4,5,6]]
GMFAIL 2,7,10,6 1,6,4,8 4,5,2,8 7,4,10,2 | 5 18 64 32 | 8 # m=7 sets=[[0,2,5,6],[1,4,5,6],[2,3,4,6],[3,4,5,6]]
GMFAIL 2,7,10,6 2,5,4,8 4,5,2,8 7,4,10,2 | 5 18 64 32 | 8 # m=7 sets=[[0,2,5,6],[1,4,5,6],[2,3,4,6],[3,4,5,6]]
GMFAIL 2,7,10,6 2,7,4,10 4,5,2,8 7,4,10,2 | 5 18 64 32 | 8 # m=7 sets=[[0,2,5,6],[1,4,5,6],[2,3,4,6],[3,4,5,6]]
GMFAIL 2,7,10,6 2,7,6,10 4,5,2,8 7,4,10,2 | 5 18 64 32 | 8 # m=7 sets=[[0,2,5,6],[1,4,5,6],[2,3,4,6],[3,4,5,6]]
GMFAIL 2,7,10,6 1,6,4,8 4,5,2,8 7,6,10,2 | 5 18 64 32 | 8 # m=7 sets=[[0,2,5,6],[1,4,5,6],[2,3,4,6],[3,4,5,6]]
GMFAIL 2,7,10,6 2,5,4,8 4,5,2,8 7,6,10,2 | 5 18 64 32 | 8 # m=7 sets=[[0,2,5,6],[1,4,5,6],[2,3,4,6],[3,4,5,6]]
GMFAIL 2,7,10,6 2,7,4,10 4,5,2,8 7,6,10,2 | 5 18 64 32 | 8 # m=7 sets=[[0,2,5,6],[1,4,5,6],[2,3,4,6],[3,4,5,6]]
GMFAIL 2,7,10,6 2,7,6,10 4,5,2,8 7,6,10,2 | 5 18 64 32 | 8 # m=7 sets=[[0,2,5,6],[1,4,5,6],[2,3,4,6],[3,4,5,6]]
TOTAL cores=192 badcores=0 runs=15925248 maxima=17060643 pool=4166694 empty=0 dump=4164006 nodump=2688 fail=2688 pfail=2688 pallfail=0 overflow=0 wall=127s
