# k4/red.c (k4/c4min_reduce.md): n = 4, every profile of the cores with one 4-good agent; 4000 random profiles per core for two, three, four
# command: python3 k4/red_run.py results/k4_certs_4_n4_1.json.gz --pots="mt,r,lamR;r,mt,lamR;mt,r,lamR,mp;r,mt,lamR,mp" -x 2
k4_certs_4_n4_1.json.gz#118 keys_distinct_g n=4 m=8 vals=[{0:2,2:3,4:8,5:4},{1:2,4:4,7:3},{3:3,6:4,7:2},{5:2,6:4,7:3}]
k4_certs_4_n4_1.json.gz#118 keys_distinct_g n=4 m=8 vals=[{0:2,2:3,4:10,5:6},{1:2,4:4,7:3},{3:3,6:4,7:2},{5:2,6:4,7:3}]
k4_certs_4_n4_1.json.gz#117 keys_distinct_g n=4 m=8 vals=[{0:1,2:6,6:4,7:8},{1:3,5:4,6:2},{3:2,5:4,7:3},{4:2,6:3,7:4}]
k4_certs_4_n4_1.json.gz#117 keys_distinct_g n=4 m=8 vals=[{0:2,2:3,6:4,7:8},{1:3,5:4,6:2},{3:2,5:4,7:3},{4:2,6:3,7:4}]
k4_certs_4_n4_1.json.gz#116 keys_distinct_g n=4 m=8 vals=[{0:1,2:6,5:4,6:8},{1:3,5:2,7:4},{3:2,6:4,7:3},{4:2,6:3,7:4}]
k4_certs_4_n4_1.json.gz#116 keys_distinct_g n=4 m=8 vals=[{0:2,2:4,5:5,6:8},{1:3,5:2,7:4},{3:2,6:4,7:3},{4:2,6:3,7:4}]
k4_certs_4_n4_1.json.gz#115 keys_distinct_g n=4 m=8 vals=[{0:1,2:6,5:8,7:4},{1:2,5:4,7:3},{3:3,6:4,7:2},{4:2,6:4,7:3}]
k4_certs_4_n4_1.json.gz#115 keys_distinct_g n=4 m=8 vals=[{0:2,2:3,5:8,7:4},{1:2,5:4,7:3},{3:3,6:4,7:2},{4:2,6:4,7:3}]
k4_certs_4_n4_1.json.gz#121 keys_distinct_g n=4 m=8 vals=[{0:2,2:3,6:4,7:8},{1:3,4:4,5:2},{3:2,4:4,7:3},{5:2,6:3,7:4}]
k4_certs_4_n4_1.json.gz#121 keys_distinct_g n=4 m=8 vals=[{0:2,2:3,6:6,7:10},{1:3,4:4,5:2},{3:2,4:4,7:3},{5:2,6:3,7:4}]
k4_certs_4_n4_1.json.gz#123 keys_distinct_g n=4 m=8 vals=[{0:2,2:3,5:4,7:8},{1:2,4:3,7:4},{3:2,6:4,7:3},{4:2,5:3,6:4}]
k4_certs_4_n4_1.json.gz#123 keys_distinct_g n=4 m=8 vals=[{0:2,2:4,5:3,7:8},{1:2,4:3,7:4},{3:2,6:4,7:3},{4:2,5:3,6:4}]
k4_certs_4_n4_1.json.gz#122 keys_distinct_g n=4 m=8 vals=[{0:2,2:3,4:4,5:8},{1:3,6:4,7:2},{3:2,6:4,7:3},{4:2,5:4,7:3}]
k4_certs_4_n4_1.json.gz#122 keys_distinct_g n=4 m=8 vals=[{0:2,2:3,4:6,5:10},{1:3,6:4,7:2},{3:2,6:4,7:3},{4:2,5:4,7:3}]
k4_certs_4_n4_1.json.gz#126 keys_distinct_g n=4 m=8 vals=[{0:2,2:3,4:4,6:8},{1:3,3:4,5:2},{3:4,4:2,7:3},{5:2,6:4,7:3}]
k4_certs_4_n4_1.json.gz#126 keys_distinct_g n=4 m=8 vals=[{0:2,2:3,4:6,6:10},{1:3,3:4,5:2},{3:4,4:2,7:3},{5:2,6:4,7:3}]
# files: results/k4_certs_4_n4_1.json.gz  rand=0 seed=1  cores=135  time=1.6s
amax                                 69622
amax_cert2                           69622
f0                                   5444704
f1                                   28478
f1_keys_distinct_g                   2256
f1_keys_share_g                      26222
f1_omega_le0                         1344598
f2plus                               429452
glob_-t,r,lamR,-p_every              28478
glob_-t,r,lamR_every                 28478
glob_r,lamU_every                    28478
key_any                              53128
key_rl_every                         53128
key_rl_some                          53128
key_rlp_every                        53128
key_t0_exists                        53128
key_t0_poolopt_exists                53128
keys                                 53128
keys_distinct_g                      0
pot[mt,r,lamR,mp]_every              28478
pot[mt,r,lamR,mp]_some               28478
pot[mt,r,lamR]_every                 28478
pot[mt,r,lamR]_some                  28478
pot[r,mt,lamR,mp]_every              28478
pot[r,mt,lamR,mp]_some               28478
pot[r,mt,lamR]_every                 28478
pot[r,mt,lamR]_some                  28478
prof_cert2_exists                    28478
prof_cert_exists                     28478
prof_completable                     28478
prof_every_key_t0                    28478
prof_some_key_every                  28478
profiles                             7247232
rl_maxima                            100704
tmax                                 100704
# failures: none
# command: python3 k4/red_run.py results/k4_certs_4_n4_2.json.gz results/k4_certs_4_n4_3.json.gz results/k4_certs_4_pure.json.gz --rand=4000 --seed=7 --pots="mt,r,lamR;r,mt,lamR;mt,r,lamR,mp;r,mt,lamR,mp" -x 2
k4_certs_4_n4_2.json.gz#189 keys_distinct_g n=4 m=8 vals=[{0:2,1:3,4:4,6:8},{2:3,3:10,4:6,5:2},{2:2,3:4,7:3},{5:3,6:4,7:2}]
k4_certs_4_n4_2.json.gz#189 keys_distinct_g n=4 m=8 vals=[{0:6,1:3,4:2,6:10},{2:2,3:10,4:7,5:6},{2:2,3:4,7:3},{5:3,6:4,7:2}]
k4_certs_4_n4_2.json.gz#188 keys_distinct_g n=4 m=8 vals=[{0:3,1:6,3:10,4:2},{2:4,3:8,4:2,5:5},{2:3,6:4,7:2},{5:2,6:4,7:3}]
k4_certs_4_n4_2.json.gz#188 keys_distinct_g n=4 m=8 vals=[{0:6,1:3,3:2,4:10},{2:4,3:2,4:8,5:5},{2:3,6:2,7:4},{5:2,6:3,7:4}]
k4_certs_4_n4_2.json.gz#192 keys_distinct_g n=4 m=8 vals=[{0:5,2:2,4:8,6:4},{1:3,3:4,5:8,7:2},{4:4,6:2,7:3},{5:4,6:2,7:3}]
k4_certs_4_n4_2.json.gz#192 keys_distinct_g n=4 m=8 vals=[{0:4,2:2,4:8,6:5},{1:6,3:2,5:10,7:3},{4:4,6:3,7:2},{5:4,6:2,7:3}]
k4_certs_4_n4_2.json.gz#192 prof_cert n=4 m=8 vals=[{0:3,2:4,4:10,6:8},{1:4,3:3,5:6,7:8},{4:4,6:2,7:3},{5:2,6:4,7:3}]
k4_certs_4_n4_2.json.gz#192 prof_cert2 n=4 m=8 vals=[{0:3,2:4,4:10,6:8},{1:4,3:3,5:6,7:8},{4:4,6:2,7:3},{5:2,6:4,7:3}]
k4_certs_4_n4_2.json.gz#192 amax_not_cert2 n=4 m=8 vals=[{0:3,2:4,4:10,6:8},{1:4,3:3,5:6,7:8},{4:4,6:2,7:3},{5:2,6:4,7:3}]
k4_certs_4_n4_2.json.gz#192 amax_not_cert2 n=4 m=8 vals=[{0:3,2:4,4:10,6:8},{1:4,3:3,5:6,7:8},{4:4,6:2,7:3},{5:2,6:4,7:3}]
k4_certs_4_n4_2.json.gz#192 prof_cert n=4 m=8 vals=[{0:3,2:4,4:8,6:10},{1:3,3:4,5:10,7:8},{4:2,6:3,7:4},{5:4,6:3,7:2}]
k4_certs_4_n4_2.json.gz#192 prof_cert2 n=4 m=8 vals=[{0:3,2:4,4:8,6:10},{1:3,3:4,5:10,7:8},{4:2,6:3,7:4},{5:4,6:3,7:2}]
k4_certs_4_n4_2.json.gz#193 keys_distinct_g n=4 m=8 vals=[{0:2,2:4,4:10,7:7},{1:2,3:4,6:10,7:7},{4:4,5:3,7:2},{5:3,6:4,7:2}]
k4_certs_4_n4_2.json.gz#193 amax_not_cert2 n=4 m=8 vals=[{0:2,2:4,4:10,7:7},{1:2,3:4,6:10,7:7},{4:4,5:3,7:2},{5:3,6:4,7:2}]
k4_certs_4_n4_2.json.gz#193 amax_not_cert2 n=4 m=8 vals=[{0:2,2:4,4:10,7:7},{1:2,3:4,6:10,7:7},{4:4,5:3,7:2},{5:3,6:4,7:2}]
k4_certs_4_n4_2.json.gz#193 keys_distinct_g n=4 m=8 vals=[{0:6,2:3,4:10,7:8},{1:2,3:7,6:10,7:4},{4:4,5:3,7:2},{5:2,6:4,7:3}]
k4_certs_4_n4_2.json.gz#193 prof_cert n=4 m=8 vals=[{0:4,2:3,4:10,7:8},{1:5,3:2,6:4,7:8},{4:4,5:3,7:2},{5:2,6:3,7:4}]
k4_certs_4_n4_2.json.gz#193 prof_cert2 n=4 m=8 vals=[{0:4,2:3,4:10,7:8},{1:5,3:2,6:4,7:8},{4:4,5:3,7:2},{5:2,6:3,7:4}]
k4_certs_4_n4_2.json.gz#191 keys_distinct_g n=4 m=8 vals=[{0:2,2:5,4:4,5:8},{1:2,3:3,6:6,7:10},{4:2,6:3,7:4},{5:4,6:3,7:2}]
k4_certs_4_n4_2.json.gz#191 prof_cert n=4 m=8 vals=[{0:2,2:4,4:8,5:7},{1:2,3:4,6:7,7:10},{4:4,6:2,7:3},{5:4,6:3,7:2}]
k4_certs_4_n4_2.json.gz#191 prof_cert2 n=4 m=8 vals=[{0:2,2:4,4:8,5:7},{1:2,3:4,6:7,7:10},{4:4,6:2,7:3},{5:4,6:3,7:2}]
k4_certs_4_n4_2.json.gz#191 amax_not_cert2 n=4 m=8 vals=[{0:2,2:4,4:8,5:7},{1:2,3:4,6:7,7:10},{4:4,6:2,7:3},{5:4,6:3,7:2}]
k4_certs_4_n4_2.json.gz#191 amax_not_cert2 n=4 m=8 vals=[{0:2,2:4,4:8,5:7},{1:2,3:4,6:7,7:10},{4:4,6:2,7:3},{5:4,6:3,7:2}]
k4_certs_4_n4_2.json.gz#191 keys_distinct_g n=4 m=8 vals=[{0:2,2:7,4:4,5:10},{1:3,3:2,6:6,7:10},{4:2,6:3,7:4},{5:4,6:3,7:2}]
k4_certs_4_n4_2.json.gz#191 prof_cert n=4 m=8 vals=[{0:2,2:4,4:7,5:8},{1:4,3:2,6:10,7:7},{4:4,6:3,7:2},{5:4,6:3,7:2}]
k4_certs_4_n4_2.json.gz#191 prof_cert2 n=4 m=8 vals=[{0:2,2:4,4:7,5:8},{1:4,3:2,6:10,7:7},{4:4,6:3,7:2},{5:4,6:3,7:2}]
k4_certs_4_n4_2.json.gz#194 keys_distinct_g n=4 m=8 vals=[{0:6,2:2,4:7,6:10},{1:2,3:4,6:8,7:5},{4:3,5:4,7:2},{5:4,6:3,7:2}]
k4_certs_4_n4_2.json.gz#194 keys_distinct_g n=4 m=8 vals=[{0:2,2:7,4:10,6:6},{1:2,3:3,6:4,7:8},{4:4,5:3,7:2},{5:3,6:2,7:4}]
k4_certs_4_n4_2.json.gz#195 keys_distinct_g n=4 m=8 vals=[{0:3,2:6,5:10,6:2},{1:2,3:4,5:10,7:7},{4:4,6:2,7:3},{4:4,6:3,7:2}]
k4_certs_4_n4_2.json.gz#195 keys_distinct_g n=4 m=8 vals=[{0:6,2:1,5:8,6:4},{1:3,3:4,5:10,7:8},{4:4,6:3,7:2},{4:4,6:3,7:2}]
k4_certs_4_n4_2.json.gz#195 prof_cert n=4 m=8 vals=[{0:4,2:2,5:8,6:7},{1:3,3:2,5:10,7:6},{4:4,6:3,7:2},{4:3,6:4,7:2}]
k4_certs_4_n4_2.json.gz#195 amax_not_cert2 n=4 m=8 vals=[{0:4,2:2,5:8,6:7},{1:3,3:2,5:10,7:6},{4:4,6:3,7:2},{4:3,6:4,7:2}]
k4_certs_4_n4_2.json.gz#195 amax_not_cert2 n=4 m=8 vals=[{0:4,2:2,5:8,6:7},{1:3,3:2,5:10,7:6},{4:4,6:3,7:2},{4:3,6:4,7:2}]
k4_certs_4_n4_2.json.gz#197 keys_distinct_g n=4 m=8 vals=[{0:6,2:2,6:7,7:10},{1:3,3:6,6:2,7:10},{4:4,5:2,6:3},{4:4,5:3,7:2}]
k4_certs_4_n4_2.json.gz#197 keys_distinct_g n=4 m=8 vals=[{0:2,2:4,6:8,7:7},{1:2,3:7,6:10,7:4},{4:3,5:4,6:2},{4:3,5:4,7:2}]
k4_certs_4_n4_2.json.gz#196 keys_distinct_g n=4 m=8 vals=[{0:6,2:1,6:8,7:4},{1:7,3:2,6:10,7:4},{4:4,5:3,7:2},{4:4,5:3,7:2}]
k4_certs_4_n4_2.json.gz#196 keys_distinct_g n=4 m=8 vals=[{0:5,2:2,6:8,7:4},{1:2,3:4,6:8,7:3},{4:4,5:2,7:3},{4:4,5:3,7:2}]
k4_certs_4_n4_2.json.gz#198 keys_distinct_g n=4 m=8 vals=[{0:1,2:6,5:8,7:4},{1:4,4:1,6:8,7:6},{3:3,6:4,7:2},{5:4,6:2,7:3}]
k4_certs_4_n4_2.json.gz#198 keys_distinct_g n=4 m=8 vals=[{0:6,2:1,5:8,7:4},{1:4,4:3,6:8,7:6},{3:3,6:4,7:2},{5:4,6:3,7:2}]
k4_certs_4_n4_2.json.gz#199 keys_distinct_g n=4 m=8 vals=[{0:2,2:4,6:10,7:7},{1:1,4:6,6:8,7:4},{3:3,5:4,7:2},{5:4,6:3,7:2}]
k4_certs_4_n4_2.json.gz#199 keys_distinct_g n=4 m=8 vals=[{0:4,2:2,6:8,7:7},{1:2,4:3,6:8,7:4},{3:3,5:4,7:2},{5:4,6:3,7:2}]
k4_certs_4_n4_2.json.gz#200 keys_distinct_g n=4 m=8 vals=[{0:6,2:1,5:8,6:4},{1:2,4:4,6:5,7:8},{3:3,5:2,7:4},{5:4,6:3,7:2}]
k4_certs_4_n4_2.json.gz#200 keys_distinct_g n=4 m=8 vals=[{0:2,2:7,5:10,6:4},{1:7,4:2,6:4,7:10},{3:2,5:4,7:3},{5:2,6:3,7:4}]
k4_certs_4_n4_2.json.gz#203 amax_ndx2 n=4 m=8 vals=[{0:6,2:3,6:10,7:2},{1:4,5:6,6:8,7:5},{3:2,5:4,7:3},{4:2,6:3,7:4}]
k4_certs_4_n4_2.json.gz#203 amax_ndx2 n=4 m=8 vals=[{0:4,2:2,6:3,7:8},{1:8,5:3,6:6,7:10},{3:2,5:3,7:4},{4:3,6:4,7:2}]
k4_certs_4_n4_2.json.gz#203 keys_distinct_g n=4 m=8 vals=[{0:6,2:2,6:3,7:10},{1:8,5:4,6:10,7:3},{3:3,5:2,7:4},{4:2,6:4,7:3}]
k4_certs_4_n4_2.json.gz#203 keys_distinct_g n=4 m=8 vals=[{0:4,2:1,6:6,7:8},{1:8,5:3,6:10,7:6},{3:3,5:2,7:4},{4:3,6:4,7:2}]
k4_certs_4_n4_2.json.gz#202 keys_distinct_g n=4 m=8 vals=[{0:6,2:2,5:7,7:10},{1:6,5:3,6:8,7:4},{3:2,6:3,7:4},{4:3,6:4,7:2}]
k4_certs_4_n4_2.json.gz#202 amax_ndx2 n=4 m=8 vals=[{0:6,2:2,5:7,7:10},{1:6,5:3,6:8,7:4},{3:2,6:3,7:4},{4:3,6:4,7:2}]
k4_certs_4_n4_2.json.gz#202 keys_distinct_g n=4 m=8 vals=[{0:3,2:6,5:8,7:10},{1:8,5:6,6:10,7:3},{3:2,6:4,7:3},{4:3,6:2,7:4}]
k4_certs_4_n4_2.json.gz#202 amax_ndx2 n=4 m=8 vals=[{0:6,2:3,5:10,7:8},{1:8,5:10,6:3,7:4},{3:2,6:3,7:4},{4:2,6:4,7:3}]
k4_certs_4_n4_2.json.gz#204 keys_distinct_g n=4 m=8 vals=[{0:4,2:3,5:8,6:6},{1:6,5:5,6:8,7:4},{3:3,5:4,7:2},{4:3,6:4,7:2}]
k4_certs_4_n4_2.json.gz#204 amax_ndx2 n=4 m=8 vals=[{0:3,2:4,5:8,6:6},{1:4,5:8,6:6,7:5},{3:3,5:4,7:2},{4:2,6:3,7:4}]
k4_certs_4_n4_2.json.gz#204 keys_distinct_g n=4 m=8 vals=[{0:5,2:2,5:8,6:4},{1:2,5:3,6:4,7:8},{3:3,5:4,7:2},{4:3,6:2,7:4}]
k4_certs_4_n4_2.json.gz#204 amax_ndx2 n=4 m=8 vals=[{0:1,2:6,5:4,6:8},{1:8,5:3,6:10,7:6},{3:2,5:4,7:3},{4:3,6:2,7:4}]
k4_certs_4_n4_2.json.gz#204 amax_not_cert2 n=4 m=8 vals=[{0:3,2:4,5:10,6:8},{1:4,5:2,6:3,7:8},{3:2,5:4,7:3},{4:2,6:3,7:4}]
k4_certs_4_n4_2.json.gz#206 keys_distinct_g n=4 m=8 vals=[{0:4,2:3,4:6,7:8},{1:5,4:4,5:2,6:8},{3:3,6:4,7:2},{5:3,6:2,7:4}]
k4_certs_4_n4_2.json.gz#206 keys_distinct_g n=4 m=8 vals=[{0:7,2:2,4:4,7:10},{1:6,4:7,5:2,6:10},{3:2,6:4,7:3},{5:3,6:2,7:4}]
k4_certs_4_n4_2.json.gz#205 keys_distinct_g n=4 m=8 vals=[{0:6,2:3,4:10,5:2},{1:7,4:10,6:4,7:2},{3:2,6:3,7:4},{5:3,6:2,7:4}]
k4_certs_4_n4_2.json.gz#205 amax_ndx2 n=4 m=8 vals=[{0:3,2:2,4:10,5:6},{1:3,4:7,6:5,7:6},{3:3,6:4,7:2},{5:2,6:3,7:4}]
k4_certs_4_n4_2.json.gz#205 amax_not_cert2 n=4 m=8 vals=[{0:3,2:2,4:10,5:6},{1:3,4:7,6:5,7:6},{3:3,6:4,7:2},{5:2,6:3,7:4}]
k4_certs_4_n4_2.json.gz#205 keys_distinct_g n=4 m=8 vals=[{0:2,2:3,4:8,5:4},{1:8,4:10,6:6,7:3},{3:2,6:4,7:3},{5:3,6:4,7:2}]
k4_certs_4_n4_2.json.gz#205 amax_ndx2 n=4 m=8 vals=[{0:6,2:3,4:10,5:2},{1:8,4:6,6:10,7:3},{3:2,6:4,7:3},{5:3,6:4,7:2}]
k4_certs_4_n4_2.json.gz#207 keys_distinct_g n=4 m=8 vals=[{0:4,2:2,4:8,7:5},{1:3,4:10,6:6,7:8},{3:3,5:4,7:2},{5:4,6:2,7:3}]
k4_certs_4_n4_2.json.gz#207 keys_distinct_g n=4 m=8 vals=[{0:4,2:1,4:8,7:6},{1:3,4:10,6:6,7:8},{3:3,5:4,7:2},{5:4,6:2,7:3}]
k4_certs_4_n4_2.json.gz#209 keys_distinct_g n=4 m=8 vals=[{0:4,2:3,4:2,6:8},{1:7,4:2,6:10,7:6},{3:3,5:4,7:2},{5:4,6:2,7:3}]
k4_certs_4_n4_2.json.gz#209 keys_distinct_g n=4 m=8 vals=[{0:2,2:4,4:3,6:8},{1:2,4:5,6:8,7:4},{3:3,5:4,7:2},{5:4,6:3,7:2}]
k4_certs_4_n4_2.json.gz#208 keys_distinct_g n=4 m=8 vals=[{0:6,2:3,4:10,7:2},{1:2,4:4,7:3},{3:4,5:2,6:8,7:5},{5:2,6:4,7:3}]
k4_certs_4_n4_2.json.gz#208 keys_distinct_g n=4 m=8 vals=[{0:6,2:1,4:8,7:4},{1:3,4:4,7:2},{3:3,5:10,6:6,7:8},{5:4,6:3,7:2}]
k4_certs_4_n4_2.json.gz#210 keys_distinct_g n=4 m=8 vals=[{0:2,2:7,4:10,6:6},{1:2,4:4,7:3},{3:2,5:8,6:3,7:4},{5:4,6:3,7:2}]
k4_certs_4_n4_2.json.gz#210 keys_distinct_g n=4 m=8 vals=[{0:2,2:4,4:8,6:3},{1:3,4:4,7:2},{3:4,5:8,6:3,7:2},{5:4,6:2,7:3}]
k4_certs_4_n4_2.json.gz#211 keys_distinct_g n=4 m=8 vals=[{0:4,2:2,6:8,7:5},{1:6,4:10,5:2,7:3},{3:2,4:4,7:3},{5:2,6:4,7:3}]
k4_certs_4_n4_2.json.gz#211 keys_distinct_g n=4 m=8 vals=[{0:3,2:4,6:2,7:8},{1:6,4:7,5:5,7:3},{3:3,4:4,7:2},{5:2,6:3,7:4}]
k4_certs_4_n4_2.json.gz#211 amax_ndx2 n=4 m=8 vals=[{0:4,2:2,6:3,7:8},{1:6,4:8,5:4,7:5},{3:3,4:4,7:2},{5:2,6:3,7:4}]
k4_certs_4_n4_2.json.gz#211 prof_cert n=4 m=8 vals=[{0:3,2:4,6:6,7:8},{1:6,4:10,5:3,7:8},{3:2,4:4,7:3},{5:3,6:2,7:4}]
k4_certs_4_n4_2.json.gz#211 prof_cert2 n=4 m=8 vals=[{0:3,2:4,6:6,7:8},{1:6,4:10,5:3,7:8},{3:2,4:4,7:3},{5:3,6:2,7:4}]
k4_certs_4_n4_2.json.gz#211 amax_not_cert2 n=4 m=8 vals=[{0:3,2:4,6:6,7:8},{1:6,4:10,5:3,7:8},{3:2,4:4,7:3},{5:3,6:2,7:4}]
k4_certs_4_n4_2.json.gz#211 amax_not_cert2 n=4 m=8 vals=[{0:3,2:4,6:6,7:8},{1:6,4:10,5:3,7:8},{3:2,4:4,7:3},{5:3,6:2,7:4}]
k4_certs_4_n4_2.json.gz#211 amax_ndx2 n=4 m=8 vals=[{0:2,2:3,6:6,7:10},{1:6,4:3,5:4,7:8},{3:2,4:3,7:4},{5:4,6:3,7:2}]
k4_certs_4_n4_2.json.gz#211 prof_cert n=4 m=8 vals=[{0:2,2:5,6:4,7:8},{1:2,4:8,5:5,7:4},{3:2,4:4,7:3},{5:3,6:2,7:4}]
k4_certs_4_n4_2.json.gz#211 prof_cert2 n=4 m=8 vals=[{0:2,2:5,6:4,7:8},{1:2,4:8,5:5,7:4},{3:2,4:4,7:3},{5:3,6:2,7:4}]
k4_certs_4_n4_2.json.gz#212 keys_distinct_g n=4 m=8 vals=[{0:3,2:4,6:2,7:8},{1:4,4:8,5:5,6:6},{3:3,4:4,7:2},{5:2,6:3,7:4}]
k4_certs_4_n4_2.json.gz#212 keys_distinct_g n=4 m=8 vals=[{0:4,2:3,6:8,7:2},{1:3,4:10,5:2,6:6},{3:3,4:4,7:2},{5:3,6:4,7:2}]
k4_certs_4_n4_2.json.gz#213 keys_distinct_g n=4 m=8 vals=[{0:2,2:6,6:3,7:10},{1:2,4:3,5:4},{3:6,4:8,6:3,7:10},{5:4,6:3,7:2}]
k4_certs_4_n4_2.json.gz#213 keys_distinct_g n=4 m=8 vals=[{0:3,2:2,6:8,7:4},{1:3,4:4,5:2},{3:2,4:10,6:3,7:6},{5:2,6:4,7:3}]
k4_certs_4_n4_2.json.gz#213 amax_not_cert2 n=4 m=8 vals=[{0:4,2:2,6:8,7:5},{1:2,4:4,5:3},{3:1,4:8,6:6,7:4},{5:4,6:3,7:2}]
k4_certs_4_n4_2.json.gz#213 amax_not_cert2 n=4 m=8 vals=[{0:4,2:2,6:8,7:5},{1:2,4:4,5:3},{3:1,4:8,6:6,7:4},{5:4,6:3,7:2}]
k4_certs_4_n4_2.json.gz#216 keys_distinct_g n=4 m=8 vals=[{0:4,2:3,5:2,7:8},{1:2,4:4,7:3},{3:2,6:3,7:4},{4:8,5:6,6:4,7:1}]
k4_certs_4_n4_2.json.gz#216 keys_distinct_g n=4 m=8 vals=[{0:2,2:6,5:3,7:10},{1:3,4:2,7:4},{3:3,6:4,7:2},{4:6,5:4,6:8,7:5}]
k4_certs_4_n4_2.json.gz#216 amax_ndx2 n=4 m=8 vals=[{0:2,2:6,5:3,7:10},{1:3,4:2,7:4},{3:3,6:4,7:2},{4:6,5:4,6:8,7:5}]
k4_certs_4_n4_2.json.gz#216 amax_ndx2 n=4 m=8 vals=[{0:4,2:3,5:8,7:2},{1:2,4:4,7:3},{3:3,6:2,7:4},{4:3,5:10,6:8,7:4}]
k4_certs_4_n4_2.json.gz#214 keys_distinct_g n=4 m=8 vals=[{0:4,2:2,4:8,6:3},{1:4,5:8,6:2,7:7},{3:3,5:4,7:2},{4:4,6:3,7:2}]
k4_certs_4_n4_2.json.gz#214 keys_distinct_g n=4 m=8 vals=[{0:2,2:3,4:6,6:10},{1:3,5:10,6:8,7:4},{3:3,5:4,7:2},{4:2,6:4,7:3}]
k4_certs_4_n4_2.json.gz#214 amax_ndx2 n=4 m=8 vals=[{0:2,2:6,4:3,6:10},{1:5,5:6,6:7,7:3},{3:2,5:4,7:3},{4:2,6:3,7:4}]
k4_certs_4_n4_2.json.gz#214 amax_ndx2 n=4 m=8 vals=[{0:3,2:6,4:2,6:10},{1:4,5:8,6:5,7:6},{3:3,5:4,7:2},{4:2,6:4,7:3}]
k4_certs_4_n4_2.json.gz#214 prof_cert n=4 m=8 vals=[{0:2,2:5,4:4,6:8},{1:6,5:10,6:2,7:7},{3:2,5:4,7:3},{4:2,6:3,7:4}]
k4_certs_4_n4_2.json.gz#214 prof_cert2 n=4 m=8 vals=[{0:2,2:5,4:4,6:8},{1:6,5:10,6:2,7:7},{3:2,5:4,7:3},{4:2,6:3,7:4}]
k4_certs_4_n4_2.json.gz#214 amax_not_cert2 n=4 m=8 vals=[{0:2,2:5,4:4,6:8},{1:6,5:10,6:2,7:7},{3:2,5:4,7:3},{4:2,6:3,7:4}]
k4_certs_4_n4_2.json.gz#214 amax_not_cert2 n=4 m=8 vals=[{0:2,2:5,4:4,6:8},{1:6,5:10,6:2,7:7},{3:2,5:4,7:3},{4:2,6:3,7:4}]
k4_certs_4_n4_2.json.gz#218 keys_distinct_g n=4 m=8 vals=[{0:3,2:4,5:2,6:8},{1:3,4:4,7:2},{3:3,6:4,7:2},{4:10,5:2,6:4,7:7}]
k4_certs_4_n4_2.json.gz#218 keys_distinct_g n=4 m=8 vals=[{0:2,2:3,5:4,6:8},{1:3,4:2,7:4},{3:3,6:2,7:4},{4:8,5:4,6:10,7:3}]
k4_certs_4_n4_2.json.gz#218 amax_ndx2 n=4 m=8 vals=[{0:4,2:3,5:2,6:8},{1:3,4:4,7:2},{3:3,6:2,7:4},{4:6,5:4,6:8,7:5}]
k4_certs_4_n4_2.json.gz#218 amax_ndx2 n=4 m=8 vals=[{0:6,2:3,5:2,6:10},{1:3,4:2,7:4},{3:3,6:2,7:4},{4:3,5:5,6:6,7:7}]
k4_certs_4_n4_2.json.gz#217 amax_ndx2 n=4 m=8 vals=[{0:3,2:4,5:2,6:8},{1:6,4:3,6:7,7:5},{3:2,6:3,7:4},{4:3,5:2,7:4}]
k4_certs_4_n4_2.json.gz#217 keys_distinct_g n=4 m=8 vals=[{0:3,2:2,5:4,6:8},{1:3,4:10,6:8,7:6},{3:2,6:4,7:3},{4:4,5:3,7:2}]
k4_certs_4_n4_2.json.gz#217 keys_distinct_g n=4 m=8 vals=[{0:1,2:6,5:4,6:8},{1:7,4:2,6:4,7:10},{3:2,6:4,7:3},{4:3,5:2,7:4}]
k4_certs_4_n4_2.json.gz#217 amax_ndx2 n=4 m=8 vals=[{0:2,2:3,5:6,6:10},{1:6,4:5,6:3,7:7},{3:3,6:2,7:4},{4:4,5:2,7:3}]
k4_certs_4_n4_2.json.gz#215 amax_ndx2 n=4 m=8 vals=[{0:4,2:3,4:2,5:8},{1:2,6:3,7:4},{3:2,6:4,7:3},{4:6,5:7,6:5,7:3}]
k4_certs_4_n4_2.json.gz#215 amax_not_cert2 n=4 m=8 vals=[{0:2,2:4,4:7,5:10},{1:2,6:3,7:4},{3:2,6:4,7:3},{4:4,5:6,6:5,7:8}]
k4_certs_4_n4_2.json.gz#215 keys_distinct_g n=4 m=8 vals=[{0:3,2:2,4:4,5:8},{1:3,6:2,7:4},{3:2,6:3,7:4},{4:4,5:8,6:6,7:3}]
k4_certs_4_n4_2.json.gz#215 keys_distinct_g n=4 m=8 vals=[{0:4,2:3,4:2,5:8},{1:3,6:2,7:4},{3:2,6:3,7:4},{4:7,5:8,6:2,7:4}]
k4_certs_4_n4_2.json.gz#215 amax_ndx2 n=4 m=8 vals=[{0:2,2:5,4:8,5:4},{1:3,6:4,7:2},{3:3,6:2,7:4},{4:4,5:5,6:8,7:6}]
k4_certs_4_n4_2.json.gz#215 amax_not_cert2 n=4 m=8 vals=[{0:4,2:2,4:7,5:10},{1:2,6:3,7:4},{3:3,6:4,7:2},{4:6,5:7,6:2,7:10}]
k4_certs_4_n4_2.json.gz#219 keys_distinct_g n=4 m=8 vals=[{0:6,2:3,6:8,7:10},{1:6,4:1,5:4,6:8},{3:3,6:4,7:2},{4:3,5:2,7:4}]
k4_certs_4_n4_2.json.gz#219 keys_distinct_g n=4 m=8 vals=[{0:3,2:2,6:4,7:8},{1:8,4:3,5:6,6:10},{3:2,6:4,7:3},{4:2,5:3,7:4}]
k4_certs_4_n4_2.json.gz#222 amax_ndx2 n=4 m=8 vals=[{0:2,2:4,6:3,7:8},{1:3,4:2,6:4},{3:3,5:4,7:2},{4:5,5:7,6:6,7:3}]
k4_certs_4_n4_2.json.gz#222 amax_ndx2 n=4 m=8 vals=[{0:3,2:6,6:2,7:10},{1:3,4:2,6:4},{3:2,5:3,7:4},{4:5,5:3,6:6,7:7}]
k4_certs_4_n4_2.json.gz#221 keys_distinct_g n=4 m=8 vals=[{0:4,2:1,6:6,7:8},{1:3,4:6,6:10,7:8},{3:3,5:2,6:4},{4:3,5:2,7:4}]
k4_certs_4_n4_2.json.gz#221 keys_distinct_g n=4 m=8 vals=[{0:4,2:3,6:6,7:8},{1:5,4:2,6:4,7:8},{3:3,5:4,6:2},{4:2,5:4,7:3}]
k4_certs_4_n4_2.json.gz#221 amax_ndx2 n=4 m=8 vals=[{0:3,2:6,6:2,7:10},{1:5,4:4,6:6,7:8},{3:3,5:2,6:4},{4:2,5:3,7:4}]
k4_certs_4_n4_2.json.gz#221 amax_ndx2 n=4 m=8 vals=[{0:2,2:6,6:3,7:10},{1:8,4:3,6:10,7:6},{3:3,5:2,6:4},{4:2,5:3,7:4}]
k4_certs_4_n4_2.json.gz#220 amax_ndx2 n=4 m=8 vals=[{0:7,2:2,6:6,7:10},{1:3,4:2,5:4},{3:2,6:4,7:3},{4:6,5:3,6:4,7:8}]
k4_certs_4_n4_2.json.gz#220 amax_ndx2 n=4 m=8 vals=[{0:7,2:2,6:10,7:4},{1:3,4:4,5:2},{3:2,6:3,7:4},{4:4,5:6,6:8,7:3}]
k4_certs_4_n4_2.json.gz#223 keys_distinct_g n=4 m=8 vals=[{0:2,2:3,3:6,4:10},{1:4,3:2,4:10,7:7},{5:3,6:4,7:2},{5:2,6:4,7:3}]
k4_certs_4_n4_2.json.gz#223 keys_distinct_g n=4 m=8 vals=[{0:6,2:3,3:2,4:10},{1:6,3:3,4:10,7:8},{5:4,6:2,7:3},{5:4,6:3,7:2}]
k4_certs_4_n4_2.json.gz#225 keys_distinct_g n=4 m=8 vals=[{0:3,2:4,3:2,4:8},{1:3,6:4,7:2},{3:1,4:8,5:4,7:6},{5:2,6:4,7:3}]
k4_certs_4_n4_2.json.gz#225 keys_distinct_g n=4 m=8 vals=[{0:4,2:3,3:2,4:8},{1:2,6:4,7:3},{3:4,4:8,5:2,7:7},{5:3,6:4,7:2}]
k4_certs_4_n4_2.json.gz#226 keys_distinct_g n=4 m=8 vals=[{0:4,2:2,3:3,6:8},{1:3,6:4,7:2},{3:6,4:2,5:10,7:7},{4:2,5:4,7:3}]
k4_certs_4_n4_2.json.gz#226 keys_distinct_g n=4 m=8 vals=[{0:2,2:4,3:3,6:8},{1:2,6:4,7:3},{3:6,4:8,5:1,7:4},{4:4,5:2,7:3}]
k4_certs_4_n4_2.json.gz#230 keys_distinct_g n=4 m=8 vals=[{0:2,2:6,4:3,6:10},{1:3,3:4,7:2},{3:10,4:4,5:8,7:3},{5:3,6:4,7:2}]
k4_certs_4_n4_2.json.gz#230 amax_ndx2 n=4 m=8 vals=[{0:4,2:2,4:8,6:3},{1:3,3:2,7:4},{3:4,4:8,5:5,7:6},{5:4,6:2,7:3}]
k4_certs_4_n4_2.json.gz#230 keys_distinct_g n=4 m=8 vals=[{0:3,2:2,4:8,6:4},{1:2,3:3,7:4},{3:5,4:7,5:3,7:6},{5:2,6:3,7:4}]
k4_certs_4_n4_2.json.gz#227 keys_distinct_g n=4 m=8 vals=[{0:6,2:2,4:3,5:10},{1:3,3:10,4:6,7:2},{3:4,6:2,7:3},{5:4,6:3,7:2}]
k4_certs_4_n4_2.json.gz#227 keys_distinct_g n=4 m=8 vals=[{0:2,2:6,4:3,5:10},{1:6,3:8,4:1,7:4},{3:4,6:2,7:3},{5:4,6:3,7:2}]
k4_certs_4_n4_2.json.gz#229 keys_distinct_g n=4 m=8 vals=[{0:4,2:3,4:8,6:6},{1:2,3:6,5:10,7:3},{3:2,4:4,7:3},{5:4,6:3,7:2}]
k4_certs_4_n4_2.json.gz#229 keys_distinct_g n=4 m=8 vals=[{0:4,2:3,4:8,6:2},{1:8,3:3,5:10,7:6},{3:2,4:4,7:3},{5:4,6:3,7:2}]
k4_certs_4_n4_2.json.gz#228 keys_distinct_g n=4 m=8 vals=[{0:3,2:2,4:4,7:8},{1:7,3:10,4:2,5:4},{3:4,6:3,7:2},{5:3,6:2,7:4}]
k4_certs_4_n4_2.json.gz#228 keys_distinct_g n=4 m=8 vals=[{0:6,2:1,4:8,7:4},{1:2,3:6,4:10,5:7},{3:2,6:4,7:3},{5:3,6:4,7:2}]
k4_certs_4_n4_2.json.gz#231 keys_distinct_g n=4 m=8 vals=[{0:2,2:6,4:10,7:3},{1:2,3:6,6:3,7:10},{3:2,4:4,5:3},{5:2,6:3,7:4}]
k4_certs_4_n4_2.json.gz#231 keys_distinct_g n=4 m=8 vals=[{0:3,2:6,4:8,7:10},{1:3,3:4,6:2,7:8},{3:3,4:2,5:4},{5:4,6:3,7:2}]
k4_certs_4_n4_2.json.gz#231 amax_ndx2 n=4 m=8 vals=[{0:2,2:4,4:3,7:8},{1:3,3:7,6:5,7:6},{3:4,4:3,5:2},{5:2,6:3,7:4}]
k4_certs_4_n4_2.json.gz#231 amax_ndx2 n=4 m=8 vals=[{0:3,2:2,4:6,7:10},{1:3,3:7,6:6,7:5},{3:4,4:3,5:2},{5:2,6:3,7:4}]
k4_certs_4_n4_2.json.gz#232 keys_distinct_g n=4 m=8 vals=[{0:4,2:3,4:2,7:8},{1:3,3:4,6:2},{3:10,4:2,5:4,7:7},{5:2,6:3,7:4}]
k4_certs_4_n4_2.json.gz#232 keys_distinct_g n=4 m=8 vals=[{0:2,2:3,4:4,7:8},{1:3,3:4,6:2},{3:10,4:4,5:7,7:2},{5:3,6:2,7:4}]
k4_certs_4_n4_2.json.gz#233 keys_distinct_g n=4 m=8 vals=[{0:4,2:3,4:2,7:8},{1:3,3:4,7:2},{3:10,4:4,5:2,6:7},{5:3,6:2,7:4}]
k4_certs_4_n4_2.json.gz#233 keys_distinct_g n=4 m=8 vals=[{0:3,2:2,4:6,7:10},{1:3,3:4,7:2},{3:7,4:5,5:6,6:3},{5:3,6:2,7:4}]
k4_certs_4_n4_2.json.gz#234 keys_distinct_g n=4 m=8 vals=[{0:6,2:3,5:2,6:10},{1:4,3:2,4:8,7:7},{3:3,4:4,7:2},{5:2,6:4,7:3}]
k4_certs_4_n4_2.json.gz#234 keys_distinct_g n=4 m=8 vals=[{0:4,2:2,5:8,6:3},{1:6,3:2,4:10,7:7},{3:3,4:4,7:2},{5:4,6:2,7:3}]
k4_certs_4_n4_2.json.gz#235 keys_distinct_g n=4 m=8 vals=[{0:6,2:2,6:10,7:7},{1:4,3:2,4:8,5:3},{3:3,4:4,7:2},{5:3,6:4,7:2}]
k4_certs_4_n4_2.json.gz#235 keys_distinct_g n=4 m=8 vals=[{0:3,2:6,6:10,7:2},{1:6,3:3,4:10,5:8},{3:2,4:4,7:3},{5:3,6:4,7:2}]
k4_certs_4_n4_2.json.gz#237 amax_ndx2 n=4 m=8 vals=[{0:3,2:4,6:2,7:8},{1:3,3:4,4:2},{3:5,4:4,5:6,7:8},{5:4,6:2,7:3}]
k4_certs_4_n4_2.json.gz#237 amax_ndx2 n=4 m=8 vals=[{0:2,2:4,6:3,7:8},{1:3,3:4,4:2},{3:3,4:8,5:10,7:4},{5:4,6:3,7:2}]
k4_certs_4_n4_2.json.gz#238 amax_ndx2 n=4 m=8 vals=[{0:6,2:3,4:2,7:10},{1:2,3:3,7:4},{3:3,5:6,6:5,7:7},{4:3,5:4,6:2}]
k4_certs_4_n4_2.json.gz#236 keys_distinct_g n=4 m=8 vals=[{0:3,2:4,6:8,7:2},{1:7,3:2,4:10,7:4},{3:3,4:4,5:2},{5:2,6:4,7:3}]
k4_certs_4_n4_2.json.gz#236 keys_distinct_g n=4 m=8 vals=[{0:3,2:4,6:8,7:2},{1:1,3:6,4:8,7:4},{3:2,4:4,5:3},{5:3,6:4,7:2}]
k4_certs_4_n4_2.json.gz#239 keys_distinct_g n=4 m=8 vals=[{0:2,2:6,4:3,7:10},{1:3,3:2,7:4},{3:2,5:3,6:4},{4:3,5:2,6:8,7:4}]
k4_certs_4_n4_2.json.gz#239 keys_distinct_g n=4 m=8 vals=[{0:2,2:6,4:3,7:10},{1:3,3:2,7:4},{3:3,5:2,6:4},{4:6,5:3,6:10,7:2}]
k4_certs_4_n4_2.json.gz#240 keys_distinct_g n=4 m=8 vals=[{0:4,2:3,6:2,7:8},{1:2,3:10,6:7,7:6},{3:4,4:3,5:2},{4:2,5:3,7:4}]
k4_certs_4_n4_2.json.gz#240 keys_distinct_g n=4 m=8 vals=[{0:3,2:6,6:2,7:10},{1:4,3:6,6:3,7:8},{3:2,4:4,5:3},{4:4,5:3,7:2}]
k4_certs_4_n4_2.json.gz#242 keys_distinct_g n=4 m=8 vals=[{0:7,4:10,5:2,6:4},{1:2,4:8,5:4,7:7},{2:2,6:3,7:4},{3:3,6:2,7:4}]
k4_certs_4_n4_2.json.gz#242 keys_distinct_g n=4 m=8 vals=[{0:4,4:2,5:7,6:8},{1:4,4:3,5:6,7:8},{2:2,6:3,7:4},{3:3,6:4,7:2}]
k4_certs_4_n4_2.json.gz#243 keys_distinct_g n=4 m=8 vals=[{0:7,4:2,5:10,6:6},{1:2,4:6,6:7,7:10},{2:3,5:4,7:2},{3:2,6:3,7:4}]
k4_certs_4_n4_2.json.gz#243 keys_distinct_g n=4 m=8 vals=[{0:3,4:6,5:8,6:10},{1:6,4:1,6:4,7:8},{2:3,5:2,7:4},{3:3,6:4,7:2}]
k4_certs_4_n4_2.json.gz#247 keys_distinct_g n=4 m=8 vals=[{0:3,4:8,6:4,7:2},{1:2,4:8,6:5,7:4},{2:3,5:4,6:2},{3:2,5:4,7:3}]
k4_certs_4_n4_2.json.gz#247 keys_distinct_g n=4 m=8 vals=[{0:3,4:4,6:10,7:8},{1:4,4:2,6:8,7:3},{2:2,5:4,6:3},{3:3,5:4,7:2}]
k4_certs_4_n4_2.json.gz#246 keys_distinct_g n=4 m=8 vals=[{0:2,4:8,6:5,7:4},{1:2,4:4,7:3},{2:3,5:10,6:6,7:8},{3:2,5:4,7:3}]
k4_certs_4_n4_2.json.gz#246 keys_distinct_g n=4 m=8 vals=[{0:7,4:10,6:2,7:4},{1:2,4:4,7:3},{2:4,5:8,6:3,7:6},{3:3,5:4,7:2}]
k4_certs_4_n4_2.json.gz#249 keys_distinct_g n=4 m=8 vals=[{0:2,3:10,4:6,5:3},{1:2,3:4,7:3},{2:3,6:4,7:2},{4:2,5:6,6:10,7:7}]
k4_certs_4_n4_2.json.gz#249 keys_distinct_g n=4 m=8 vals=[{0:2,3:10,4:3,5:6},{1:3,3:4,7:2},{2:3,6:4,7:2},{4:4,5:3,6:8,7:6}]
k4_certs_4_n4_2.json.gz#250 keys_distinct_g n=4 m=8 vals=[{0:2,3:3,4:8,7:4},{1:4,3:3,6:8,7:6},{2:2,5:3,6:4},{4:4,5:3,7:2}]
k4_certs_4_n4_2.json.gz#250 keys_distinct_g n=4 m=8 vals=[{0:4,3:2,4:3,7:8},{1:4,3:2,6:5,7:8},{2:2,5:4,6:3},{4:3,5:4,7:2}]
k4_certs_4_n4_2.json.gz#253 keys_distinct_g n=4 m=8 vals=[{0:2,3:3,5:4,7:8},{1:1,4:4,5:6,6:8},{2:2,4:3,7:4},{3:2,6:4,7:3}]
k4_certs_4_n4_2.json.gz#253 keys_distinct_g n=4 m=8 vals=[{0:6,3:2,5:3,7:10},{1:6,4:8,5:3,6:10},{2:2,4:3,7:4},{3:3,6:4,7:2}]
k4_certs_4_n4_2.json.gz#245 keys_distinct_g n=4 m=8 vals=[{0:3,4:10,6:4,7:8},{1:2,4:8,6:5,7:4},{2:2,5:4,7:3},{3:3,5:4,7:2}]
k4_certs_4_n4_2.json.gz#245 keys_distinct_g n=4 m=8 vals=[{0:3,4:8,6:2,7:4},{1:3,4:10,6:4,7:8},{2:3,5:4,7:2},{3:2,5:4,7:3}]
k4_certs_4_n4_2.json.gz#252 keys_distinct_g n=4 m=8 vals=[{0:4,3:2,5:3,6:8},{1:3,4:10,5:4,7:8},{2:3,4:4,7:2},{3:3,6:4,7:2}]
k4_certs_4_n4_2.json.gz#252 keys_distinct_g n=4 m=8 vals=[{0:4,3:8,5:3,6:2},{1:2,4:10,5:7,7:4},{2:2,4:4,7:3},{3:4,6:3,7:2}]
k4_certs_4_n4_2.json.gz#258 keys_distinct_g n=4 m=8 vals=[{0:6,3:3,4:10,7:2},{1:2,5:4,6:3},{2:3,5:4,7:2},{3:2,4:8,6:4,7:5}]
k4_certs_4_n4_2.json.gz#258 keys_distinct_g n=4 m=8 vals=[{0:3,3:2,4:4,7:8},{1:3,5:2,6:4},{2:2,5:3,7:4},{3:6,4:2,6:10,7:7}]
k4_certs_4_n4_2.json.gz#261 keys_distinct_g n=4 m=8 vals=[{0:3,3:6,5:2,7:10},{1:2,4:3,7:4},{2:3,6:4,7:2},{3:1,4:6,5:4,6:8}]
k4_certs_4_n4_2.json.gz#261 keys_distinct_g n=4 m=8 vals=[{0:3,3:6,5:2,7:10},{1:2,4:4,7:3},{2:3,6:2,7:4},{3:6,4:10,5:3,6:8}]
k4_certs_4_n4_2.json.gz#260 keys_distinct_g n=4 m=8 vals=[{0:3,3:4,4:2,5:8},{1:2,6:4,7:3},{2:3,6:4,7:2},{3:2,4:4,5:10,7:7}]
k4_certs_4_n4_2.json.gz#262 keys_distinct_g n=4 m=8 vals=[{0:3,3:2,6:4,7:8},{1:3,4:8,6:4,7:10},{2:3,5:4,7:2},{3:2,4:3,5:4}]
k4_certs_4_n4_2.json.gz#262 keys_distinct_g n=4 m=8 vals=[{0:3,3:8,6:2,7:4},{1:4,4:5,6:2,7:8},{2:2,5:3,7:4},{3:4,4:3,5:2}]
k4_certs_4_n4_2.json.gz#267 keys_distinct_g n=4 m=8 vals=[{0:2,2:8,3:4,6:3},{1:2,4:8,5:3,6:4},{2:4,3:3,7:2},{4:4,5:3,7:2}]
k4_certs_4_n4_2.json.gz#267 keys_distinct_g n=4 m=8 vals=[{0:2,2:3,3:10,6:6},{1:4,4:8,5:3,6:2},{2:3,3:4,7:2},{4:4,5:3,7:2}]
k4_certs_4_n4_2.json.gz#268 keys_distinct_g n=4 m=8 vals=[{0:2,2:4,3:3,6:8},{1:3,6:4,7:2},{2:3,3:2,4:8,5:4},{4:4,5:3,7:2}]
k4_certs_4_n4_2.json.gz#268 keys_distinct_g n=4 m=8 vals=[{0:3,2:4,3:2,6:8},{1:3,6:4,7:2},{2:2,3:4,4:8,5:3},{4:4,5:3,7:2}]
k4_certs_4_n4_2.json.gz#271 keys_distinct_g n=4 m=8 vals=[{0:3,2:2,4:6,6:10},{1:2,3:4,7:3},{2:4,3:8,4:2,5:5},{5:3,6:4,7:2}]
k4_certs_4_n4_2.json.gz#271 keys_distinct_g n=4 m=8 vals=[{0:6,2:2,4:3,6:10},{1:2,3:4,7:3},{2:2,3:8,4:4,5:5},{5:3,6:4,7:2}]
k4_certs_4_n4_2.json.gz#272 keys_distinct_g n=4 m=8 vals=[{0:3,2:8,4:10,6:4},{1:6,3:10,5:3,6:2},{2:2,3:4,7:3},{4:4,5:3,7:2}]
k4_certs_4_n4_2.json.gz#272 keys_distinct_g n=4 m=8 vals=[{0:2,2:7,4:10,6:6},{1:2,3:10,5:7,6:6},{2:2,3:4,7:3},{4:4,5:3,7:2}]
k4_certs_4_n4_2.json.gz#278 keys_distinct_g n=4 m=9 vals=[{0:3,2:2,4:8,6:4},{1:3,3:6,5:8,7:10},{4:4,5:3,8:2},{6:2,7:4,8:3}]
k4_certs_4_n4_2.json.gz#278 keys_distinct_g n=4 m=9 vals=[{0:1,2:6,4:8,6:4},{1:2,3:4,5:3,7:8},{4:4,5:2,8:3},{6:2,7:4,8:3}]
k4_certs_4_n4_2.json.gz#277 keys_distinct_g n=4 m=9 vals=[{0:2,2:3,4:6,5:10},{1:3,3:2,6:8,7:4},{4:3,5:4,8:2},{6:4,7:2,8:3}]
k4_certs_4_n4_2.json.gz#277 keys_distinct_g n=4 m=9 vals=[{0:4,2:2,4:8,5:3},{1:6,3:3,6:2,7:10},{4:4,5:2,8:3},{6:2,7:4,8:3}]
k4_certs_4_n4_2.json.gz#280 keys_distinct_g n=4 m=9 vals=[{0:4,2:1,5:8,7:6},{1:4,4:2,6:3,8:8},{3:3,5:4,8:2},{6:3,7:2,8:4}]
k4_certs_4_n4_2.json.gz#280 keys_distinct_g n=4 m=9 vals=[{0:6,2:1,5:8,7:4},{1:4,4:3,6:2,8:8},{3:2,5:4,8:3},{6:2,7:3,8:4}]
k4_certs_4_n4_2.json.gz#279 keys_distinct_g n=4 m=9 vals=[{0:3,2:2,4:8,7:4},{1:3,3:4,6:8,7:2},{4:4,5:2,8:3},{5:3,6:4,8:2}]
k4_certs_4_n4_2.json.gz#279 keys_distinct_g n=4 m=9 vals=[{0:6,2:2,4:10,7:3},{1:2,3:6,6:10,7:3},{4:4,5:2,8:3},{5:3,6:4,8:2}]
k4_certs_4_n4_2.json.gz#282 keys_distinct_g n=4 m=9 vals=[{0:6,2:1,5:4,8:8},{1:3,4:6,7:2,8:10},{3:3,5:2,6:4},{6:4,7:2,8:3}]
k4_certs_4_n4_2.json.gz#282 FAIL_glob_r,lamU n=4 m=9 vals=[{0:7,2:2,5:6,8:10},{1:3,4:6,7:2,8:10},{3:3,5:4,6:2},{6:2,7:3,8:4}]
k4_certs_4_n4_2.json.gz#282 keys_distinct_g n=4 m=9 vals=[{0:6,2:3,5:10,8:8},{1:3,4:6,7:2,8:10},{3:2,5:4,6:3},{6:3,7:2,8:4}]
k4_certs_4_n4_2.json.gz#282 prof_cert n=4 m=9 vals=[{0:3,2:2,5:10,8:6},{1:3,4:4,7:6,8:8},{3:2,5:4,6:3},{6:4,7:3,8:2}]
k4_certs_4_n4_2.json.gz#282 amax_not_cert2 n=4 m=9 vals=[{0:3,2:2,5:10,8:6},{1:3,4:4,7:6,8:8},{3:2,5:4,6:3},{6:4,7:3,8:2}]
k4_certs_4_n4_2.json.gz#282 amax_not_cert2 n=4 m=9 vals=[{0:3,2:2,5:10,8:6},{1:3,4:4,7:6,8:8},{3:2,5:4,6:3},{6:4,7:3,8:2}]
k4_certs_4_n4_2.json.gz#284 keys_distinct_g n=4 m=9 vals=[{0:3,2:4,6:2,8:8},{1:3,4:4,7:8,8:6},{3:2,5:3,8:4},{5:3,6:2,7:4}]
k4_certs_4_n4_2.json.gz#284 keys_distinct_g n=4 m=9 vals=[{0:3,2:2,6:6,8:10},{1:2,4:7,7:4,8:10},{3:3,5:4,8:2},{5:4,6:2,7:3}]
k4_certs_4_n4_2.json.gz#284 FAIL_glob_r,lamU n=4 m=9 vals=[{0:2,2:6,6:3,8:10},{1:4,4:3,7:2,8:8},{3:2,5:3,8:4},{5:2,6:3,7:4}]
k4_certs_4_n4_2.json.gz#284 FAIL_glob_r,lamU n=4 m=9 vals=[{0:3,2:6,6:2,8:10},{1:3,4:4,7:2,8:8},{3:2,5:3,8:4},{5:2,6:4,7:3}]
k4_certs_4_n4_2.json.gz#281 keys_distinct_g n=4 m=9 vals=[{0:4,2:2,5:8,8:3},{1:2,4:3,6:6,7:10},{3:3,5:4,8:2},{6:3,7:4,8:2}]
k4_certs_4_n4_2.json.gz#281 keys_distinct_g n=4 m=9 vals=[{0:6,2:2,5:10,8:3},{1:3,4:2,6:8,7:4},{3:3,5:4,8:2},{6:4,7:3,8:2}]
k4_certs_4_n4_2.json.gz#283 keys_distinct_g n=4 m=9 vals=[{0:4,2:3,6:8,7:2},{1:2,4:4,6:8,8:5},{3:2,5:4,8:3},{5:4,7:3,8:2}]
k4_certs_4_n4_2.json.gz#283 keys_distinct_g n=4 m=9 vals=[{0:4,2:2,6:8,7:3},{1:3,4:4,6:8,8:6},{3:3,5:4,8:2},{5:4,7:2,8:3}]
k4_certs_4_n4_2.json.gz#287 FAIL_glob_r,lamU n=4 m=9 vals=[{0:2,2:4,6:5,8:8},{1:4,5:3,7:2,8:8},{3:2,6:4,8:3},{4:3,7:2,8:4}]
k4_certs_4_n4_2.json.gz#287 keys_distinct_g n=4 m=9 vals=[{0:4,2:2,6:8,8:3},{1:2,5:4,7:8,8:5},{3:2,6:4,8:3},{4:2,7:4,8:3}]
k4_certs_4_n4_2.json.gz#287 FAIL_glob_r,lamU n=4 m=9 vals=[{0:3,2:6,6:2,8:10},{1:2,5:5,7:4,8:8},{3:3,6:2,8:4},{4:3,7:4,8:2}]
k4_certs_4_n4_2.json.gz#287 keys_distinct_g n=4 m=9 vals=[{0:4,2:3,6:8,8:6},{1:6,5:3,7:10,8:8},{3:3,6:4,8:2},{4:2,7:4,8:3}]
k4_certs_4_n4_2.json.gz#286 keys_distinct_g n=4 m=9 vals=[{0:2,2:7,6:10,7:6},{1:4,5:2,6:8,8:5},{3:3,7:4,8:2},{4:2,7:4,8:3}]
k4_certs_4_n4_2.json.gz#286 keys_distinct_g n=4 m=9 vals=[{0:3,2:4,6:10,7:8},{1:2,5:5,6:8,8:4},{3:3,7:2,8:4},{4:2,7:3,8:4}]
k4_certs_4_n4_2.json.gz#288 keys_distinct_g n=4 m=9 vals=[{0:2,2:7,6:6,7:10},{1:4,5:3,7:10,8:8},{3:3,6:2,8:4},{4:3,7:2,8:4}]
k4_certs_4_n4_2.json.gz#288 keys_distinct_g n=4 m=9 vals=[{0:6,2:3,6:10,7:2},{1:2,5:4,7:8,8:3},{3:3,6:4,8:2},{4:2,7:4,8:3}]
k4_certs_4_n4_2.json.gz#288 FAIL_glob_r,lamU n=4 m=9 vals=[{0:3,2:4,6:2,7:8},{1:3,5:4,7:8,8:2},{3:3,6:4,8:2},{4:2,7:4,8:3}]
k4_certs_4_n4_2.json.gz#288 FAIL_glob_r,lamU n=4 m=9 vals=[{0:1,2:6,6:4,7:8},{1:4,5:3,7:8,8:2},{3:3,6:4,8:2},{4:2,7:4,8:3}]
k4_certs_4_n4_2.json.gz#292 keys_distinct_g n=4 m=9 vals=[{0:3,2:2,5:6,8:10},{1:6,5:1,7:8,8:4},{3:3,6:2,7:4},{4:3,6:2,8:4}]
k4_certs_4_n4_2.json.gz#292 keys_distinct_g n=4 m=9 vals=[{0:3,2:2,5:4,8:8},{1:2,5:4,7:8,8:3},{3:3,6:2,7:4},{4:2,6:3,8:4}]
k4_certs_4_n4_2.json.gz#292 FAIL_glob_r,lamU n=4 m=9 vals=[{0:3,2:4,5:2,8:8},{1:6,5:3,7:8,8:10},{3:3,6:2,7:4},{4:2,6:3,8:4}]
k4_certs_4_n4_2.json.gz#291 keys_distinct_g n=4 m=9 vals=[{0:4,2:3,5:2,6:8},{1:2,5:5,6:8,8:4},{3:3,7:4,8:2},{4:3,7:4,8:2}]
k4_certs_4_n4_2.json.gz#291 keys_distinct_g n=4 m=9 vals=[{0:6,2:2,5:3,6:10},{1:6,5:1,6:8,8:4},{3:2,7:4,8:3},{4:3,7:4,8:2}]
k4_certs_4_n4_2.json.gz#289 keys_distinct_g n=4 m=9 vals=[{0:5,2:2,7:8,8:4},{1:1,5:6,7:8,8:4},{3:3,6:4,8:2},{4:2,6:4,8:3}]
k4_certs_4_n4_2.json.gz#289 keys_distinct_g n=4 m=9 vals=[{0:6,2:2,7:10,8:7},{1:2,5:4,7:8,8:7},{3:3,6:4,8:2},{4:2,6:4,8:3}]
k4_certs_4_n4_2.json.gz#290 keys_distinct_g n=4 m=9 vals=[{0:4,2:1,7:8,8:6},{1:6,5:1,7:4,8:8},{3:3,6:2,7:4},{4:2,6:3,8:4}]
k4_certs_4_n4_2.json.gz#290 keys_distinct_g n=4 m=9 vals=[{0:2,2:4,7:10,8:7},{1:2,5:7,7:10,8:6},{3:2,6:4,7:3},{4:3,6:4,8:2}]
k4_certs_4_n4_2.json.gz#290 FAIL_glob_r,lamU n=4 m=9 vals=[{0:4,2:2,7:5,8:8},{1:5,5:2,7:4,8:8},{3:3,6:2,7:4},{4:3,6:2,8:4}]
k4_certs_4_n4_2.json.gz#290 FAIL_glob_r,lamU n=4 m=9 vals=[{0:2,2:7,7:10,8:4},{1:4,5:3,7:8,8:2},{3:2,6:3,7:4},{4:3,6:2,8:4}]
k4_certs_4_n4_2.json.gz#293 FAIL_glob_r,lamU n=4 m=9 vals=[{0:2,2:6,5:3,8:10},{1:3,5:4,7:2},{3:3,6:2,7:6,8:10},{4:2,6:3,8:4}]
k4_certs_4_n4_2.json.gz#295 keys_distinct_g n=4 m=9 vals=[{0:3,2:2,6:4,7:8},{1:2,5:10,6:6,8:3},{3:2,5:4,8:3},{4:2,7:4,8:3}]
k4_certs_4_n4_2.json.gz#295 keys_distinct_g n=4 m=9 vals=[{0:4,2:3,6:2,7:8},{1:2,5:10,6:7,8:6},{3:2,5:4,8:3},{4:3,7:4,8:2}]
k4_certs_4_n4_2.json.gz#294 FAIL_glob_r,lamU n=4 m=9 vals=[{0:4,2:3,5:2,8:8},{1:3,5:2,8:4},{3:3,6:4,7:2,8:8},{4:3,6:4,7:2}]
k4_certs_4_n4_2.json.gz#294 FAIL_glob_r,lamU n=4 m=9 vals=[{0:3,2:6,5:2,8:10},{1:2,5:3,8:4},{3:6,6:3,7:2,8:10},{4:3,6:4,7:2}]
k4_certs_4_n4_2.json.gz#296 keys_distinct_g n=4 m=9 vals=[{0:2,2:6,6:3,8:10},{1:3,5:8,6:6,7:10},{3:3,5:2,8:4},{4:3,7:4,8:2}]
k4_certs_4_n4_2.json.gz#296 keys_distinct_g n=4 m=9 vals=[{0:2,2:6,6:3,8:10},{1:2,5:4,6:7,7:10},{3:3,5:2,8:4},{4:3,7:4,8:2}]
k4_certs_4_n4_2.json.gz#297 keys_distinct_g n=4 m=9 vals=[{0:4,2:2,4:3,5:8},{1:2,4:3,6:10,7:6},{3:3,5:4,8:2},{6:4,7:2,8:3}]
k4_certs_4_n4_2.json.gz#297 keys_distinct_g n=4 m=9 vals=[{0:2,2:4,4:3,5:8},{1:6,4:2,6:3,7:10},{3:2,5:4,8:3},{6:3,7:4,8:2}]
k4_certs_4_n4_2.json.gz#301 keys_distinct_g n=4 m=9 vals=[{0:2,2:3,5:6,7:10},{1:3,4:8,5:2,6:4},{3:2,4:4,8:3},{6:2,7:4,8:3}]
k4_certs_4_n4_2.json.gz#301 keys_distinct_g n=4 m=9 vals=[{0:4,2:3,5:8,7:2},{1:2,4:4,5:8,6:5},{3:2,4:3,8:4},{6:2,7:3,8:4}]
k4_certs_4_n4_2.json.gz#303 keys_distinct_g n=4 m=9 vals=[{0:3,2:2,5:6,6:10},{1:3,4:2,8:4},{3:3,7:2,8:4},{4:6,5:2,6:10,7:7}]
k4_certs_4_n4_2.json.gz#303 keys_distinct_g n=4 m=9 vals=[{0:2,2:3,5:10,6:6},{1:2,4:3,8:4},{3:3,7:2,8:4},{4:5,5:8,6:2,7:4}]
k4_certs_4_n4_2.json.gz#306 keys_distinct_g n=4 m=9 vals=[{0:3,4:10,6:2,7:6},{1:3,4:4,8:2},{2:3,5:10,6:6,7:2},{3:3,5:4,8:2}]
k4_certs_4_n4_2.json.gz#308 keys_distinct_g n=4 m=10 vals=[{0:3,2:2,6:10,8:6},{1:3,5:2,7:10,8:6},{3:2,6:4,9:3},{4:3,7:4,9:2}]
k4_certs_4_n4_2.json.gz#308 FAIL_glob_r,lamU n=4 m=10 vals=[{0:6,2:3,6:2,8:10},{1:3,5:6,7:2,8:10},{3:3,6:4,9:2},{4:3,7:2,9:4}]
k4_certs_4_n4_2.json.gz#308 swap_some_terminal n=4 m=10 vals=[{0:3,2:4,6:2,8:8},{1:4,5:3,7:2,8:8},{3:4,6:2,9:3},{4:4,7:2,9:3}]
k4_certs_4_n4_2.json.gz#308 swap_some_terminal n=4 m=10 vals=[{0:3,2:4,6:2,8:8},{1:4,5:3,7:2,8:8},{3:4,6:2,9:3},{4:4,7:2,9:3}]
k4_certs_4_n4_2.json.gz#308 prof_some_key_every n=4 m=10 vals=[{0:3,2:4,6:2,8:8},{1:4,5:3,7:2,8:8},{3:4,6:2,9:3},{4:4,7:2,9:3}]
k4_certs_4_n4_2.json.gz#308 FAIL_glob_r,lamU n=4 m=10 vals=[{0:3,2:4,6:2,8:8},{1:4,5:3,7:2,8:8},{3:4,6:2,9:3},{4:4,7:2,9:3}]
k4_certs_4_n4_2.json.gz#308 keys_distinct_g n=4 m=10 vals=[{0:6,2:2,6:10,8:3},{1:3,5:2,7:8,8:4},{3:3,6:4,9:2},{4:3,7:4,9:2}]
k4_certs_4_n4_3.json.gz#137 keys_distinct_g n=4 m=8 vals=[{0:4,1:2,2:8,3:3},{2:10,3:6,6:3,7:8},{4:8,5:4,6:1,7:6},{4:4,5:3,7:2}]
k4_certs_4_n4_3.json.gz#137 keys_distinct_g n=4 m=8 vals=[{0:3,1:2,2:10,3:6},{2:10,3:4,6:2,7:7},{4:4,5:8,6:3,7:2},{4:3,5:4,7:2}]
k4_certs_4_n4_3.json.gz#138 keys_distinct_g n=4 m=8 vals=[{0:4,1:3,2:2,3:8},{2:3,3:4,7:2},{4:8,5:1,6:6,7:4},{4:10,5:3,6:6,7:2}]
k4_certs_4_n4_3.json.gz#138 keys_distinct_g n=4 m=8 vals=[{0:2,1:3,2:10,3:6},{2:4,3:3,7:2},{4:4,5:1,6:8,7:6},{4:6,5:1,6:8,7:4}]
k4_certs_4_n4_3.json.gz#139 amax_ndx2 n=4 m=8 vals=[{0:3,1:4,2:2,7:8},{2:4,4:3,5:8,6:2},{3:8,4:5,5:4,7:6},{3:4,6:3,7:2}]
k4_certs_4_n4_3.json.gz#139 keys_distinct_g n=4 m=8 vals=[{0:4,1:1,2:8,7:6},{2:10,4:2,5:6,6:3},{3:8,4:2,5:3,7:4},{3:4,6:2,7:3}]
k4_certs_4_n4_3.json.gz#139 keys_distinct_g n=4 m=8 vals=[{0:4,1:3,2:2,7:8},{2:6,4:10,5:2,6:7},{3:6,4:10,5:3,7:2},{3:2,6:3,7:4}]
k4_certs_4_n4_3.json.gz#139 amax_ndx2 n=4 m=8 vals=[{0:3,1:2,2:4,7:8},{2:7,4:4,5:10,6:2},{3:3,4:8,5:6,7:10},{3:3,6:2,7:4}]
k4_certs_4_n4_3.json.gz#142 keys_distinct_g n=4 m=8 vals=[{0:2,1:3,3:4,4:8},{2:10,3:2,6:4,7:7},{2:4,5:2,7:3},{4:10,5:7,6:4,7:2}]
k4_certs_4_n4_3.json.gz#142 amax_ndx2 n=4 m=8 vals=[{0:6,1:3,3:2,4:10},{2:3,3:4,6:8,7:6},{2:3,5:2,7:4},{4:10,5:8,6:6,7:3}]
k4_certs_4_n4_3.json.gz#142 keys_distinct_g n=4 m=8 vals=[{0:2,1:3,3:6,4:10},{2:4,3:2,6:5,7:8},{2:3,5:2,7:4},{4:10,5:8,6:4,7:3}]
k4_certs_4_n4_3.json.gz#141 keys_distinct_g n=4 m=8 vals=[{0:6,1:2,3:10,4:7},{2:1,3:8,6:4,7:6},{2:2,5:10,6:3,7:6},{4:2,5:4,7:3}]
k4_certs_4_n4_3.json.gz#141 keys_distinct_g n=4 m=8 vals=[{0:2,1:4,3:3,4:8},{2:8,3:1,6:6,7:4},{2:10,5:6,6:7,7:2},{4:4,5:3,7:2}]
k4_certs_4_n4_3.json.gz#140 keys_distinct_g n=4 m=8 vals=[{0:6,1:3,2:2,7:10},{2:2,4:3,5:8,7:4},{3:6,4:4,5:8,6:3},{3:2,6:3,7:4}]
k4_certs_4_n4_3.json.gz#140 keys_distinct_g n=4 m=8 vals=[{0:4,1:3,2:8,7:2},{2:10,4:3,5:6,7:8},{3:8,4:4,5:3,6:2},{3:4,6:2,7:3}]
k4_certs_4_n4_3.json.gz#143 keys_distinct_g n=4 m=8 vals=[{0:2,1:6,3:3,7:10},{2:2,3:7,4:4,7:10},{2:4,5:2,6:8,7:3},{4:3,5:2,6:4}]
k4_certs_4_n4_3.json.gz#143 keys_distinct_g n=4 m=8 vals=[{0:2,1:6,3:3,7:10},{2:7,3:2,4:4,7:10},{2:2,5:10,6:7,7:4},{4:2,5:4,6:3}]
k4_certs_4_n4_3.json.gz#144 keys_distinct_g n=4 m=8 vals=[{0:3,1:4,3:8,7:2},{2:2,3:4,4:3},{2:2,5:3,6:10,7:6},{4:6,5:1,6:8,7:4}]
k4_certs_4_n4_3.json.gz#144 keys_distinct_g n=4 m=8 vals=[{0:3,1:2,3:8,7:4},{2:3,3:4,4:2},{2:7,5:2,6:4,7:8},{4:4,5:2,6:3,7:8}]
k4_certs_4_n4_3.json.gz#144 amax_ndx2 n=4 m=8 vals=[{0:3,1:4,3:2,7:8},{2:3,3:2,4:4},{2:8,5:3,6:6,7:10},{4:5,5:6,6:4,7:8}]
k4_certs_4_n4_3.json.gz#145 keys_distinct_g n=4 m=8 vals=[{0:4,1:2,6:8,7:5},{2:8,3:2,4:4,5:3},{2:10,3:2,4:7,7:4},{5:2,6:4,7:3}]
k4_certs_4_n4_3.json.gz#145 keys_distinct_g n=4 m=8 vals=[{0:3,1:2,6:8,7:4},{2:8,3:2,4:5,5:4},{2:10,3:6,4:2,7:7},{5:2,6:4,7:3}]
k4_certs_4_n4_3.json.gz#147 amax_ndx2 n=4 m=8 vals=[{0:4,2:3,4:2,5:8},{1:3,3:2,6:10,7:6},{4:6,5:7,6:3,7:5},{5:3,6:2,7:4}]
k4_certs_4_n4_3.json.gz#147 keys_distinct_g n=4 m=8 vals=[{0:7,2:2,4:10,5:6},{1:2,3:4,6:3,7:8},{4:7,5:3,6:6,7:5},{5:2,6:3,7:4}]
k4_certs_4_n4_3.json.gz#147 amax_not_cert2 n=4 m=8 vals=[{0:4,2:1,4:8,5:6},{1:1,3:6,6:8,7:4},{4:7,5:5,6:3,7:6},{5:4,6:2,7:3}]
k4_certs_4_n4_3.json.gz#147 amax_not_cert2 n=4 m=8 vals=[{0:4,2:1,4:8,5:6},{1:1,3:6,6:8,7:4},{4:7,5:5,6:3,7:6},{5:4,6:2,7:3}]
k4_certs_4_n4_3.json.gz#147 keys_distinct_g n=4 m=8 vals=[{0:4,2:3,4:8,5:6},{1:2,3:4,6:3,7:8},{4:8,5:4,6:5,7:6},{5:2,6:3,7:4}]
k4_certs_4_n4_3.json.gz#147 prof_cert n=4 m=8 vals=[{0:2,2:7,4:4,5:10},{1:2,3:4,6:8,7:7},{4:5,5:6,6:4,7:8},{5:3,6:4,7:2}]
k4_certs_4_n4_3.json.gz#147 prof_cert2 n=4 m=8 vals=[{0:2,2:7,4:4,5:10},{1:2,3:4,6:8,7:7},{4:5,5:6,6:4,7:8},{5:3,6:4,7:2}]
k4_certs_4_n4_3.json.gz#147 amax_ndx2 n=4 m=8 vals=[{0:3,2:4,4:2,5:8},{1:4,3:3,6:8,7:6},{4:5,5:3,6:7,7:6},{5:3,6:2,7:4}]
k4_certs_4_n4_3.json.gz#147 prof_cert n=4 m=8 vals=[{0:5,2:2,4:4,5:8},{1:4,3:3,6:8,7:10},{4:3,5:6,6:5,7:7},{5:3,6:4,7:2}]
k4_certs_4_n4_3.json.gz#147 prof_cert2 n=4 m=8 vals=[{0:5,2:2,4:4,5:8},{1:4,3:3,6:8,7:10},{4:3,5:6,6:5,7:7},{5:3,6:4,7:2}]
k4_certs_4_n4_3.json.gz#146 keys_distinct_g n=4 m=8 vals=[{0:2,2:7,4:10,7:4},{1:2,3:4,6:8,7:3},{4:7,5:3,6:5,7:6},{5:2,6:4,7:3}]
k4_certs_4_n4_3.json.gz#146 amax_not_cert2 n=4 m=8 vals=[{0:2,2:4,4:10,7:7},{1:2,3:6,6:3,7:10},{4:10,5:7,6:2,7:6},{5:3,6:4,7:2}]
k4_certs_4_n4_3.json.gz#146 amax_not_cert2 n=4 m=8 vals=[{0:2,2:4,4:10,7:7},{1:2,3:6,6:3,7:10},{4:10,5:7,6:2,7:6},{5:3,6:4,7:2}]
k4_certs_4_n4_3.json.gz#146 keys_distinct_g n=4 m=8 vals=[{0:4,2:3,4:8,7:6},{1:6,3:3,6:8,7:10},{4:10,5:8,6:6,7:3},{5:3,6:2,7:4}]
k4_certs_4_n4_3.json.gz#146 amax_ndx2 n=4 m=8 vals=[{0:2,2:6,4:3,7:10},{1:2,3:7,6:10,7:4},{4:6,5:5,6:7,7:3},{5:4,6:3,7:2}]
k4_certs_4_n4_3.json.gz#146 amax_ndx2 n=4 m=8 vals=[{0:4,2:3,4:2,7:8},{1:2,3:4,6:7,7:10},{4:5,5:6,6:3,7:7},{5:4,6:2,7:3}]
k4_certs_4_n4_3.json.gz#148 keys_distinct_g n=4 m=8 vals=[{0:6,2:2,6:7,7:10},{1:2,3:3,6:4,7:8},{4:10,5:8,6:4,7:3},{4:4,5:3,7:2}]
k4_certs_4_n4_3.json.gz#148 keys_distinct_g n=4 m=8 vals=[{0:6,2:2,6:10,7:7},{1:2,3:3,6:10,7:6},{4:8,5:4,6:5,7:6},{4:4,5:3,7:2}]
k4_certs_4_n4_3.json.gz#148 amax_not_cert2 n=4 m=8 vals=[{0:3,2:2,6:4,7:8},{1:2,3:4,6:8,7:7},{4:8,5:6,6:10,7:3},{4:3,5:4,7:2}]
k4_certs_4_n4_3.json.gz#148 amax_not_cert2 n=4 m=8 vals=[{0:3,2:2,6:4,7:8},{1:2,3:4,6:8,7:7},{4:8,5:6,6:10,7:3},{4:3,5:4,7:2}]
k4_certs_4_n4_3.json.gz#149 keys_distinct_g n=4 m=8 vals=[{0:6,2:2,5:7,6:10},{1:2,3:4,5:8,7:5},{4:3,5:10,6:8,7:6},{4:3,6:4,7:2}]
k4_certs_4_n4_3.json.gz#149 keys_distinct_g n=4 m=8 vals=[{0:7,2:2,5:4,6:10},{1:2,3:7,5:4,7:10},{4:4,5:8,6:10,7:3},{4:2,6:3,7:4}]
k4_certs_4_n4_3.json.gz#149 prof_cert n=4 m=8 vals=[{0:4,2:3,5:10,6:8},{1:6,3:3,5:2,7:10},{4:8,5:10,6:3,7:6},{4:2,6:4,7:3}]
k4_certs_4_n4_3.json.gz#149 amax_not_cert2 n=4 m=8 vals=[{0:4,2:3,5:10,6:8},{1:6,3:3,5:2,7:10},{4:8,5:10,6:3,7:6},{4:2,6:4,7:3}]
k4_certs_4_n4_3.json.gz#149 amax_not_cert2 n=4 m=8 vals=[{0:4,2:3,5:10,6:8},{1:6,3:3,5:2,7:10},{4:8,5:10,6:3,7:6},{4:2,6:4,7:3}]
k4_certs_4_n4_3.json.gz#149 amax_ndx2 n=4 m=8 vals=[{0:3,2:6,5:2,6:10},{1:3,3:4,5:2,7:8},{4:3,5:6,6:4,7:8},{4:4,6:3,7:2}]
k4_certs_4_n4_3.json.gz#149 amax_ndx2 n=4 m=8 vals=[{0:6,2:2,5:3,6:10},{1:3,3:6,5:2,7:10},{4:6,5:8,6:3,7:10},{4:4,6:2,7:3}]
k4_certs_4_n4_3.json.gz#152 amax_ndx2 n=4 m=8 vals=[{0:1,2:4,6:8,7:6},{1:8,5:10,6:3,7:6},{3:5,5:6,6:7,7:3},{4:3,6:4,7:2}]
k4_certs_4_n4_3.json.gz#152 amax_ndx2 n=4 m=8 vals=[{0:2,2:4,6:5,7:8},{1:5,5:6,6:4,7:8},{3:4,5:10,6:3,7:8},{4:2,6:3,7:4}]
k4_certs_4_n4_3.json.gz#152 keys_distinct_g n=4 m=8 vals=[{0:3,2:6,6:8,7:10},{1:8,5:6,6:3,7:10},{3:5,5:4,6:8,7:2},{4:2,6:4,7:3}]
k4_certs_4_n4_3.json.gz#152 keys_distinct_g n=4 m=8 vals=[{0:4,2:3,6:2,7:8},{1:6,5:4,6:8,7:3},{3:8,5:3,6:4,7:10},{4:3,6:4,7:2}]
k4_certs_4_n4_3.json.gz#152 amax_not_cert2 n=4 m=8 vals=[{0:4,2:3,6:8,7:10},{1:4,5:8,6:3,7:2},{3:3,5:7,6:6,7:5},{4:3,6:4,7:2}]
k4_certs_4_n4_3.json.gz#153 amax_ndx2 n=4 m=8 vals=[{0:2,2:3,5:4,7:8},{1:3,5:6,6:4,7:8},{3:5,5:4,6:6,7:8},{4:2,6:4,7:3}]
k4_certs_4_n4_3.json.gz#153 keys_distinct_g n=4 m=8 vals=[{0:2,2:7,5:4,7:10},{1:2,5:3,6:10,7:6},{3:6,5:4,6:8,7:1},{4:3,6:2,7:4}]
k4_certs_4_n4_3.json.gz#153 amax_ndx2 n=4 m=8 vals=[{0:6,2:3,5:10,7:8},{1:8,5:6,6:10,7:3},{3:6,5:3,6:10,7:2},{4:3,6:2,7:4}]
k4_certs_4_n4_3.json.gz#153 keys_distinct_g n=4 m=8 vals=[{0:1,2:6,5:4,7:8},{1:3,5:6,6:5,7:7},{3:4,5:7,6:8,7:2},{4:3,6:4,7:2}]
k4_certs_4_n4_3.json.gz#153 amax_not_cert2 n=4 m=8 vals=[{0:4,2:3,5:10,7:8},{1:5,5:6,6:8,7:4},{3:3,5:10,6:2,7:6},{4:3,6:4,7:2}]
k4_certs_4_n4_3.json.gz#153 amax_not_cert2 n=4 m=8 vals=[{0:4,2:2,5:7,7:8},{1:8,5:6,6:10,7:3},{3:6,5:3,6:7,7:5},{4:2,6:3,7:4}]
k4_certs_4_n4_3.json.gz#150 amax_ndx2 n=4 m=8 vals=[{0:3,2:2,6:4,7:8},{1:2,4:3,6:8,7:4},{3:6,5:5,6:3,7:7},{5:4,6:3,7:2}]
k4_certs_4_n4_3.json.gz#150 amax_ndx2 n=4 m=8 vals=[{0:6,2:2,6:10,7:7},{1:2,4:4,6:5,7:8},{3:5,5:6,6:7,7:3},{5:4,6:3,7:2}]
k4_certs_4_n4_3.json.gz#150 keys_distinct_g n=4 m=8 vals=[{0:7,2:2,6:10,7:6},{1:2,4:5,6:8,7:4},{3:7,5:8,6:4,7:2},{5:4,6:2,7:3}]
k4_certs_4_n4_3.json.gz#150 keys_distinct_g n=4 m=8 vals=[{0:3,2:6,6:2,7:10},{1:6,4:1,6:4,7:8},{3:6,5:7,6:5,7:3},{5:4,6:3,7:2}]
k4_certs_4_n4_3.json.gz#151 amax_ndx2 n=4 m=8 vals=[{0:2,2:4,5:7,7:10},{1:5,4:2,6:8,7:4},{3:8,5:6,6:10,7:3},{5:4,6:3,7:2}]
k4_certs_4_n4_3.json.gz#151 amax_ndx2 n=4 m=8 vals=[{0:2,2:6,5:7,7:10},{1:4,4:2,6:5,7:8},{3:6,5:4,6:5,7:8},{5:3,6:4,7:2}]
k4_certs_4_n4_3.json.gz#151 keys_distinct_g n=4 m=8 vals=[{0:5,2:2,5:4,7:8},{1:7,4:2,6:10,7:6},{3:5,5:4,6:8,7:6},{5:2,6:3,7:4}]
k4_certs_4_n4_3.json.gz#151 keys_distinct_g n=4 m=8 vals=[{0:1,2:6,5:8,7:4},{1:2,4:6,6:10,7:3},{3:4,5:3,6:8,7:6},{5:4,6:2,7:3}]
k4_certs_4_n4_3.json.gz#154 amax_ndx2 n=4 m=8 vals=[{0:1,2:4,4:6,7:8},{1:5,4:4,6:8,7:6},{3:1,5:6,6:8,7:4},{5:2,6:3,7:4}]
k4_certs_4_n4_3.json.gz#154 keys_distinct_g n=4 m=8 vals=[{0:2,2:6,4:10,7:7},{1:6,4:10,6:2,7:3},{3:2,5:8,6:5,7:4},{5:4,6:2,7:3}]
k4_certs_4_n4_3.json.gz#154 keys_distinct_g n=4 m=8 vals=[{0:4,2:3,4:6,7:8},{1:8,4:6,6:10,7:3},{3:6,5:3,6:2,7:10},{5:2,6:4,7:3}]
k4_certs_4_n4_3.json.gz#154 amax_ndx2 n=4 m=8 vals=[{0:3,2:4,4:2,7:8},{1:2,4:7,6:10,7:4},{3:8,5:3,6:6,7:10},{5:4,6:2,7:3}]
k4_certs_4_n4_3.json.gz#154 amax_not_cert2 n=4 m=8 vals=[{0:3,2:2,4:10,7:6},{1:4,4:8,6:6,7:3},{3:2,5:7,6:8,7:4},{5:4,6:2,7:3}]
k4_certs_4_n4_3.json.gz#154 prof_cert n=4 m=8 vals=[{0:2,2:4,4:10,7:7},{1:3,4:10,6:6,7:8},{3:5,5:3,6:7,7:6},{5:2,6:3,7:4}]
k4_certs_4_n4_3.json.gz#154 prof_cert2 n=4 m=8 vals=[{0:2,2:4,4:10,7:7},{1:3,4:10,6:6,7:8},{3:5,5:3,6:7,7:6},{5:2,6:3,7:4}]
k4_certs_4_n4_3.json.gz#154 amax_not_cert2 n=4 m=8 vals=[{0:2,2:4,4:10,7:7},{1:3,4:10,6:6,7:8},{3:5,5:3,6:7,7:6},{5:2,6:3,7:4}]
k4_certs_4_n4_3.json.gz#155 keys_distinct_g n=4 m=8 vals=[{0:5,2:2,4:8,7:4},{1:6,4:10,5:2,6:7},{3:4,5:3,6:8,7:10},{5:3,6:2,7:4}]
k4_certs_4_n4_3.json.gz#155 amax_ndx2 n=4 m=8 vals=[{0:2,2:6,4:3,7:10},{1:4,4:3,5:8,6:6},{3:6,5:8,6:4,7:3},{5:2,6:4,7:3}]
k4_certs_4_n4_3.json.gz#155 amax_ndx2 n=4 m=8 vals=[{0:6,2:2,4:10,7:3},{1:5,4:8,5:6,6:4},{3:7,5:10,6:6,7:2},{5:2,6:4,7:3}]
k4_certs_4_n4_3.json.gz#155 keys_distinct_g n=4 m=8 vals=[{0:2,2:7,4:10,7:6},{1:6,4:10,5:2,6:7},{3:3,5:4,6:6,7:8},{5:3,6:2,7:4}]
k4_certs_4_n4_3.json.gz#155 amax_not_cert2 n=4 m=8 vals=[{0:1,2:4,4:8,7:6},{1:1,4:8,5:6,6:4},{3:4,5:10,6:8,7:3},{5:3,6:2,7:4}]
k4_certs_4_n4_3.json.gz#155 amax_not_cert2 n=4 m=8 vals=[{0:1,2:4,4:8,7:6},{1:1,4:8,5:6,6:4},{3:4,5:10,6:8,7:3},{5:3,6:2,7:4}]
k4_certs_4_n4_3.json.gz#155 prof_cert n=4 m=8 vals=[{0:4,2:2,4:10,7:7},{1:2,4:8,5:4,6:5},{3:5,5:6,6:4,7:8},{5:2,6:3,7:4}]
k4_certs_4_n4_3.json.gz#155 prof_cert2 n=4 m=8 vals=[{0:4,2:2,4:10,7:7},{1:2,4:8,5:4,6:5},{3:5,5:6,6:4,7:8},{5:2,6:3,7:4}]
k4_certs_4_n4_3.json.gz#157 keys_distinct_g n=4 m=8 vals=[{0:2,2:7,5:10,6:6},{1:4,4:2,5:7,7:8},{3:7,4:2,6:6,7:10},{5:4,6:3,7:2}]
k4_certs_4_n4_3.json.gz#157 keys_distinct_g n=4 m=8 vals=[{0:2,2:5,5:4,6:8},{1:2,4:4,5:7,7:8},{3:5,4:2,6:4,7:8},{5:3,6:4,7:2}]
k4_certs_4_n4_3.json.gz#157 amax_ndx2 n=4 m=8 vals=[{0:6,2:3,5:10,6:2},{1:3,4:6,5:7,7:5},{3:4,4:8,6:2,7:3},{5:2,6:3,7:4}]
k4_certs_4_n4_3.json.gz#157 amax_ndx2 n=4 m=8 vals=[{0:3,2:2,5:8,6:4},{1:5,4:6,5:8,7:4},{3:2,4:10,6:6,7:3},{5:2,6:3,7:4}]
k4_certs_4_n4_3.json.gz#157 amax_not_cert2 n=4 m=8 vals=[{0:2,2:7,5:10,6:4},{1:4,4:8,5:5,7:2},{3:3,4:10,6:2,7:6},{5:4,6:3,7:2}]
k4_certs_4_n4_3.json.gz#157 amax_not_cert2 n=4 m=8 vals=[{0:2,2:7,5:10,6:4},{1:4,4:8,5:5,7:2},{3:3,4:10,6:2,7:6},{5:4,6:3,7:2}]
k4_certs_4_n4_3.json.gz#156 keys_distinct_g n=4 m=8 vals=[{0:4,2:3,6:8,7:10},{1:3,4:6,5:4,7:8},{3:6,4:8,6:10,7:3},{5:3,6:4,7:2}]
k4_certs_4_n4_3.json.gz#156 amax_ndx2 n=4 m=8 vals=[{0:3,2:6,6:10,7:2},{1:5,4:8,5:2,7:4},{3:5,4:7,6:6,7:3},{5:2,6:3,7:4}]
k4_certs_4_n4_3.json.gz#156 amax_not_cert2 n=4 m=8 vals=[{0:3,2:6,6:10,7:2},{1:5,4:8,5:2,7:4},{3:5,4:7,6:6,7:3},{5:2,6:3,7:4}]
k4_certs_4_n4_3.json.gz#156 amax_ndx2 n=4 m=8 vals=[{0:3,2:6,6:10,7:2},{1:5,4:8,5:2,7:4},{3:5,4:7,6:6,7:3},{5:2,6:3,7:4}]
k4_certs_4_n4_3.json.gz#156 amax_not_cert2 n=4 m=8 vals=[{0:3,2:6,6:10,7:2},{1:5,4:8,5:2,7:4},{3:5,4:7,6:6,7:3},{5:2,6:3,7:4}]
k4_certs_4_n4_3.json.gz#156 keys_distinct_g n=4 m=8 vals=[{0:1,2:6,6:8,7:4},{1:2,4:10,5:7,7:6},{3:3,4:7,6:6,7:5},{5:3,6:4,7:2}]
k4_certs_4_n4_3.json.gz#158 keys_distinct_g n=4 m=8 vals=[{0:2,2:6,4:3,7:10},{1:7,5:4,6:10,7:2},{3:3,5:8,6:4,7:10},{4:3,6:4,7:2}]
k4_certs_4_n4_3.json.gz#158 keys_distinct_g n=4 m=8 vals=[{0:6,2:2,4:10,7:3},{1:6,5:10,6:2,7:3},{3:5,5:7,6:3,7:6},{4:4,6:2,7:3}]
k4_certs_4_n4_3.json.gz#158 amax_ndx2 n=4 m=8 vals=[{0:3,2:2,4:6,7:10},{1:8,5:3,6:6,7:10},{3:2,5:10,6:6,7:3},{4:3,6:4,7:2}]
k4_certs_4_n4_3.json.gz#158 amax_ndx2 n=4 m=8 vals=[{0:6,2:3,4:2,7:10},{1:8,5:6,6:10,7:3},{3:5,5:8,6:4,7:2},{4:3,6:4,7:2}]
k4_certs_4_n4_3.json.gz#159 keys_distinct_g n=4 m=8 vals=[{0:6,2:3,4:8,5:10},{1:3,5:10,6:6,7:2},{3:2,5:6,6:7,7:10},{4:3,6:2,7:4}]
k4_certs_4_n4_3.json.gz#159 amax_ndx2 n=4 m=8 vals=[{0:3,2:4,4:2,5:8},{1:6,5:8,6:4,7:5},{3:3,5:6,6:10,7:8},{4:2,6:4,7:3}]
k4_certs_4_n4_3.json.gz#159 amax_ndx2 n=4 m=8 vals=[{0:3,2:4,4:2,5:8},{1:6,5:8,6:4,7:5},{3:3,5:6,6:10,7:8},{4:2,6:4,7:3}]
k4_certs_4_n4_3.json.gz#159 keys_distinct_g n=4 m=8 vals=[{0:2,2:5,4:4,5:8},{1:3,5:7,6:5,7:6},{3:4,5:3,6:8,7:2},{4:2,6:4,7:3}]
k4_certs_4_n4_3.json.gz#159 amax_not_cert2 n=4 m=8 vals=[{0:6,2:3,4:2,5:10},{1:4,5:3,6:8,7:2},{3:3,5:6,6:7,7:5},{4:2,6:3,7:4}]
k4_certs_4_n4_3.json.gz#160 keys_distinct_g n=4 m=8 vals=[{0:6,2:2,4:10,6:3},{1:6,5:8,6:4,7:5},{3:3,5:4,7:2},{4:8,5:4,6:5,7:6}]
k4_certs_4_n4_3.json.gz#160 keys_distinct_g n=4 m=8 vals=[{0:2,2:6,4:3,6:10},{1:5,5:7,6:3,7:6},{3:3,5:4,7:2},{4:6,5:2,6:10,7:7}]
k4_certs_4_n4_3.json.gz#160 amax_ndx2 n=4 m=8 vals=[{0:2,2:6,4:3,6:10},{1:5,5:7,6:3,7:6},{3:3,5:4,7:2},{4:6,5:2,6:10,7:7}]
k4_certs_4_n4_3.json.gz#160 amax_ndx2 n=4 m=8 vals=[{0:2,2:4,4:3,6:8},{1:8,5:10,6:3,7:6},{3:2,5:3,7:4},{4:8,5:10,6:3,7:6}]
k4_certs_4_n4_3.json.gz#160 amax_not_cert2 n=4 m=8 vals=[{0:2,2:4,4:3,6:8},{1:8,5:10,6:3,7:6},{3:2,5:3,7:4},{4:8,5:10,6:3,7:6}]
k4_certs_4_n4_3.json.gz#160 amax_not_cert2 n=4 m=8 vals=[{0:2,2:4,4:3,6:8},{1:8,5:10,6:3,7:6},{3:2,5:3,7:4},{4:8,5:10,6:3,7:6}]
k4_certs_4_n4_3.json.gz#161 keys_distinct_g n=4 m=8 vals=[{0:4,2:3,5:8,7:2},{1:6,4:3,6:4,7:8},{3:2,6:3,7:4},{4:8,5:10,6:6,7:3}]
k4_certs_4_n4_3.json.gz#161 amax_ndx2 n=4 m=8 vals=[{0:4,2:3,5:8,7:2},{1:6,4:3,6:4,7:8},{3:2,6:3,7:4},{4:8,5:10,6:6,7:3}]
k4_certs_4_n4_3.json.gz#161 keys_distinct_g n=4 m=8 vals=[{0:2,2:7,5:4,7:10},{1:4,4:3,6:8,7:6},{3:2,6:3,7:4},{4:3,5:6,6:8,7:4}]
k4_certs_4_n4_3.json.gz#161 amax_ndx2 n=4 m=8 vals=[{0:2,2:4,5:3,7:8},{1:8,4:6,6:10,7:3},{3:3,6:4,7:2},{4:6,5:4,6:5,7:8}]
k4_certs_4_n4_3.json.gz#163 amax_ndx2 n=4 m=8 vals=[{0:7,2:2,6:10,7:6},{1:4,4:2,6:3,7:8},{3:6,5:5,6:7,7:3},{4:2,5:4,7:3}]
k4_certs_4_n4_3.json.gz#163 keys_distinct_g n=4 m=8 vals=[{0:4,2:3,6:2,7:8},{1:6,4:3,6:8,7:4},{3:2,5:4,6:10,7:7},{4:2,5:3,7:4}]
k4_certs_4_n4_3.json.gz#163 keys_distinct_g n=4 m=8 vals=[{0:4,2:3,6:2,7:8},{1:6,4:3,6:10,7:2},{3:4,5:5,6:8,7:6},{4:3,5:2,7:4}]
k4_certs_4_n4_3.json.gz#163 amax_ndx2 n=4 m=8 vals=[{0:3,2:2,6:8,7:4},{1:3,4:5,6:7,7:6},{3:6,5:1,6:4,7:8},{4:3,5:2,7:4}]
k4_certs_4_n4_3.json.gz#162 amax_ndx2 n=4 m=8 vals=[{0:4,2:1,6:6,7:8},{1:6,4:4,5:8,7:1},{3:3,6:4,7:2},{4:6,5:4,6:8,7:3}]
k4_certs_4_n4_3.json.gz#162 amax_ndx2 n=4 m=8 vals=[{0:2,2:4,6:5,7:8},{1:6,4:1,5:4,7:8},{3:3,6:4,7:2},{4:5,5:4,6:6,7:8}]
k4_certs_4_n4_3.json.gz#162 keys_distinct_g n=4 m=8 vals=[{0:4,2:2,6:3,7:8},{1:3,4:6,5:10,7:8},{3:3,6:2,7:4},{4:4,5:8,6:5,7:2}]
k4_certs_4_n4_3.json.gz#162 keys_distinct_g n=4 m=8 vals=[{0:4,2:2,6:8,7:3},{1:3,4:6,5:10,7:2},{3:3,6:4,7:2},{4:6,5:8,6:5,7:4}]
k4_certs_4_n4_3.json.gz#162 amax_not_cert2 n=4 m=8 vals=[{0:3,2:4,6:8,7:10},{1:1,4:8,5:6,7:4},{3:2,6:4,7:3},{4:4,5:5,6:8,7:2}]
k4_certs_4_n4_3.json.gz#162 amax_not_cert2 n=4 m=8 vals=[{0:2,2:4,6:8,7:5},{1:4,4:2,5:7,7:10},{3:2,6:3,7:4},{4:6,5:4,6:8,7:3}]
k4_certs_4_n4_3.json.gz#164 keys_distinct_g n=4 m=8 vals=[{0:3,2:4,6:2,7:8},{1:6,4:3,6:4,7:8},{3:2,5:4,7:3},{4:5,5:8,6:6,7:4}]
k4_certs_4_n4_3.json.gz#164 keys_distinct_g n=4 m=8 vals=[{0:7,2:2,6:10,7:4},{1:2,4:3,6:10,7:6},{3:2,5:4,7:3},{4:8,5:10,6:4,7:3}]
k4_certs_4_n4_3.json.gz#164 amax_ndx2 n=4 m=8 vals=[{0:4,2:2,6:8,7:3},{1:3,4:2,6:6,7:10},{3:3,5:4,7:2},{4:5,5:3,6:7,7:6}]
k4_certs_4_n4_3.json.gz#164 amax_ndx2 n=4 m=8 vals=[{0:2,2:6,6:3,7:10},{1:7,4:4,6:8,7:2},{3:3,5:4,7:2},{4:5,5:7,6:3,7:6}]
k4_certs_4_n4_3.json.gz#165 keys_distinct_g n=4 m=8 vals=[{0:1,2:4,5:8,7:6},{1:6,4:2,5:3,6:10},{3:6,5:7,6:5,7:3},{4:3,6:4,7:2}]
k4_certs_4_n4_3.json.gz#165 amax_ndx2 n=4 m=8 vals=[{0:2,2:7,5:10,7:6},{1:3,4:6,5:2,6:10},{3:8,5:6,6:10,7:3},{4:2,6:3,7:4}]
k4_certs_4_n4_3.json.gz#165 keys_distinct_g n=4 m=8 vals=[{0:1,2:6,5:4,7:8},{1:4,4:2,5:7,6:10},{3:2,5:4,6:7,7:8},{4:3,6:4,7:2}]
k4_certs_4_n4_3.json.gz#165 amax_ndx2 n=4 m=8 vals=[{0:4,2:3,5:8,7:2},{1:8,4:4,5:10,6:3},{3:4,5:8,6:7,7:2},{4:4,6:3,7:2}]
k4_certs_4_n4_3.json.gz#165 amax_not_cert2 n=4 m=8 vals=[{0:3,2:4,5:8,7:2},{1:1,4:4,5:6,6:8},{3:4,5:5,6:6,7:8},{4:3,6:2,7:4}]
k4_certs_4_n4_3.json.gz#165 amax_not_cert2 n=4 m=8 vals=[{0:3,2:6,5:10,7:2},{1:2,4:4,5:7,6:8},{3:5,5:6,6:4,7:8},{4:3,6:2,7:4}]
k4_certs_4_n4_3.json.gz#167 keys_distinct_g n=4 m=8 vals=[{0:7,2:2,6:6,7:10},{1:3,4:4,5:8,6:6},{3:2,5:4,7:3},{4:6,5:4,6:5,7:8}]
k4_certs_4_n4_3.json.gz#167 keys_distinct_g n=4 m=8 vals=[{0:2,2:7,6:6,7:10},{1:4,4:3,5:10,6:8},{3:3,5:4,7:2},{4:6,5:2,6:3,7:10}]
k4_certs_4_n4_3.json.gz#167 amax_ndx2 n=4 m=8 vals=[{0:2,2:4,6:8,7:3},{1:3,4:8,5:2,6:4},{3:3,5:2,7:4},{4:4,5:5,6:8,7:6}]
k4_certs_4_n4_3.json.gz#167 prof_cert n=4 m=8 vals=[{0:3,2:2,6:6,7:10},{1:3,4:5,5:7,6:6},{3:2,5:3,7:4},{4:4,5:8,6:6,7:5}]
k4_certs_4_n4_3.json.gz#167 amax_not_cert2 n=4 m=8 vals=[{0:3,2:2,6:6,7:10},{1:3,4:5,5:7,6:6},{3:2,5:3,7:4},{4:4,5:8,6:6,7:5}]
k4_certs_4_n4_3.json.gz#167 amax_not_cert2 n=4 m=8 vals=[{0:3,2:2,6:6,7:10},{1:3,4:5,5:7,6:6},{3:2,5:3,7:4},{4:4,5:8,6:6,7:5}]
k4_certs_4_n4_3.json.gz#167 amax_ndx2 n=4 m=8 vals=[{0:2,2:3,6:4,7:8},{1:8,4:6,5:3,6:10},{3:2,5:4,7:3},{4:6,5:5,6:4,7:8}]
k4_certs_4_n4_3.json.gz#168 keys_distinct_g n=4 m=8 vals=[{0:7,2:2,3:10,7:6},{1:3,3:4,7:2},{4:3,5:4,6:10,7:8},{4:6,5:2,6:10,7:3}]
k4_certs_4_n4_3.json.gz#168 keys_distinct_g n=4 m=8 vals=[{0:7,2:2,3:10,7:4},{1:2,3:4,7:3},{4:2,5:6,6:10,7:3},{4:1,5:6,6:8,7:4}]
k4_certs_4_n4_3.json.gz#169 keys_distinct_g n=4 m=8 vals=[{0:4,2:2,3:8,6:3},{1:2,3:10,6:6,7:7},{4:4,5:8,6:5,7:6},{4:3,5:4,7:2}]
k4_certs_4_n4_3.json.gz#169 keys_distinct_g n=4 m=8 vals=[{0:3,2:6,3:2,6:10},{1:2,3:5,6:8,7:4},{4:8,5:5,6:2,7:4},{4:4,5:3,7:2}]
k4_certs_4_n4_3.json.gz#166 amax_ndx2 n=4 m=8 vals=[{0:4,2:3,5:6,6:8},{1:3,4:2,7:4},{3:7,5:10,6:4,7:2},{4:8,5:3,6:10,7:6}]
k4_certs_4_n4_3.json.gz#166 keys_distinct_g n=4 m=8 vals=[{0:4,2:2,5:8,6:3},{1:2,4:4,7:3},{3:4,5:10,6:3,7:8},{4:10,5:6,6:8,7:3}]
k4_certs_4_n4_3.json.gz#166 amax_ndx2 n=4 m=8 vals=[{0:3,2:4,5:8,6:2},{1:2,4:4,7:3},{3:6,5:5,6:3,7:7},{4:4,5:8,6:7,7:2}]
k4_certs_4_n4_3.json.gz#166 keys_distinct_g n=4 m=8 vals=[{0:3,2:6,5:2,6:10},{1:3,4:2,7:4},{3:8,5:3,6:6,7:10},{4:4,5:8,6:10,7:3}]
k4_certs_4_n4_3.json.gz#166 amax_not_cert2 n=4 m=8 vals=[{0:3,2:6,5:10,6:8},{1:2,4:4,7:3},{3:1,5:4,6:6,7:8},{4:8,5:5,6:4,7:2}]
k4_certs_4_n4_3.json.gz#166 amax_not_cert2 n=4 m=8 vals=[{0:4,2:3,5:8,6:10},{1:2,4:4,7:3},{3:4,5:2,6:3,7:8},{4:8,5:3,6:6,7:4}]
k4_certs_4_n4_3.json.gz#170 keys_distinct_g n=4 m=8 vals=[{0:7,2:2,3:4,6:10},{1:3,3:2,7:4},{4:3,5:6,6:10,7:2},{4:3,5:6,6:2,7:10}]
k4_certs_4_n4_3.json.gz#170 keys_distinct_g n=4 m=8 vals=[{0:1,2:6,3:8,6:4},{1:2,3:4,7:3},{4:4,5:3,6:8,7:2},{4:2,5:7,6:10,7:4}]
k4_certs_4_n4_3.json.gz#171 amax_not_cert2 n=4 m=8 vals=[{0:4,2:3,3:10,4:8},{1:4,5:3,6:10,7:8},{3:6,4:5,6:4,7:8},{5:2,6:3,7:4}]
k4_certs_4_n4_3.json.gz#171 keys_distinct_g n=4 m=8 vals=[{0:2,2:3,3:10,4:6},{1:3,5:8,6:2,7:4},{3:8,4:3,6:6,7:4},{5:4,6:2,7:3}]
k4_certs_4_n4_3.json.gz#171 amax_ndx2 n=4 m=8 vals=[{0:3,2:6,3:2,4:10},{1:2,5:3,6:8,7:4},{3:6,4:7,6:3,7:5},{5:2,6:3,7:4}]
k4_certs_4_n4_3.json.gz#171 keys_distinct_g n=4 m=8 vals=[{0:3,2:2,3:10,4:6},{1:2,5:10,6:7,7:6},{3:10,4:3,6:8,7:6},{5:4,6:2,7:3}]
k4_certs_4_n4_3.json.gz#171 amax_ndx2 n=4 m=8 vals=[{0:1,2:6,3:4,4:8},{1:6,5:1,6:4,7:8},{3:5,4:6,6:7,7:3},{5:3,6:4,7:2}]
k4_certs_4_n4_3.json.gz#171 amax_not_cert2 n=4 m=8 vals=[{0:2,2:4,3:5,4:8},{1:2,5:7,6:10,7:4},{3:3,4:6,6:4,7:8},{5:2,6:3,7:4}]
k4_certs_4_n4_3.json.gz#174 keys_distinct_g n=4 m=8 vals=[{0:3,2:4,3:10,7:8},{1:2,6:4,7:3},{3:10,4:2,5:7,6:6},{4:3,5:2,6:8,7:4}]
k4_certs_4_n4_3.json.gz#174 keys_distinct_g n=4 m=8 vals=[{0:6,2:2,3:10,7:7},{1:3,6:4,7:2},{3:10,4:4,5:2,6:7},{4:3,5:6,6:10,7:8}]
k4_certs_4_n4_3.json.gz#174 amax_ndx2 n=4 m=8 vals=[{0:4,2:2,3:3,7:8},{1:3,6:4,7:2},{3:6,4:8,5:3,6:10},{4:3,5:8,6:10,7:4}]
k4_certs_4_n4_3.json.gz#174 amax_ndx2 n=4 m=8 vals=[{0:2,2:4,3:3,7:8},{1:3,6:4,7:2},{3:8,4:3,5:10,6:6},{4:4,5:6,6:8,7:5}]
k4_certs_4_n4_3.json.gz#172 keys_distinct_g n=4 m=8 vals=[{0:2,2:3,3:8,4:4},{1:2,6:4,7:3},{3:8,5:6,6:1,7:4},{4:5,5:2,6:8,7:4}]
k4_certs_4_n4_3.json.gz#172 keys_distinct_g n=4 m=8 vals=[{0:3,2:2,3:4,4:8},{1:3,6:2,7:4},{3:4,5:5,6:2,7:8},{4:8,5:7,6:4,7:2}]
k4_certs_4_n4_3.json.gz#172 amax_ndx2 n=4 m=8 vals=[{0:2,2:4,3:8,4:3},{1:3,6:4,7:2},{3:7,5:3,6:6,7:5},{4:8,5:3,6:10,7:4}]
k4_certs_4_n4_3.json.gz#172 amax_ndx2 n=4 m=8 vals=[{0:6,2:3,3:10,4:2},{1:2,6:4,7:3},{3:8,5:4,6:6,7:5},{4:5,5:4,6:6,7:8}]
k4_certs_4_n4_3.json.gz#173 keys_distinct_g n=4 m=8 vals=[{0:2,2:6,3:3,5:10},{1:6,5:10,6:2,7:7},{3:4,4:3,6:8,7:6},{4:3,6:4,7:2}]
k4_certs_4_n4_3.json.gz#173 keys_distinct_g n=4 m=8 vals=[{0:4,2:3,3:2,5:8},{1:8,5:10,6:3,7:6},{3:6,4:1,6:4,7:8},{4:3,6:2,7:4}]
k4_certs_4_n4_3.json.gz#173 amax_ndx2 n=4 m=8 vals=[{0:4,2:3,3:2,5:8},{1:8,5:10,6:3,7:6},{3:6,4:1,6:4,7:8},{4:3,6:2,7:4}]
k4_certs_4_n4_3.json.gz#173 amax_ndx2 n=4 m=8 vals=[{0:3,2:4,3:2,5:8},{1:3,5:7,6:5,7:6},{3:3,4:4,6:8,7:6},{4:2,6:3,7:4}]
k4_certs_4_n4_3.json.gz#176 keys_distinct_g n=4 m=8 vals=[{0:6,2:3,4:2,7:10},{1:4,3:3,5:8,6:6},{3:2,4:6,6:7,7:10},{5:4,6:2,7:3}]
k4_certs_4_n4_3.json.gz#176 keys_distinct_g n=4 m=8 vals=[{0:3,2:4,4:2,7:8},{1:2,3:4,5:5,6:8},{3:4,4:7,6:2,7:8},{5:2,6:4,7:3}]
k4_certs_4_n4_3.json.gz#176 amax_ndx2 n=4 m=8 vals=[{0:4,2:3,4:8,7:6},{1:3,3:2,5:6,6:10},{3:8,4:10,6:3,7:4},{5:2,6:3,7:4}]
k4_certs_4_n4_3.json.gz#176 amax_ndx2 n=4 m=8 vals=[{0:3,2:2,4:8,7:4},{1:6,3:3,5:2,6:10},{3:7,4:4,6:2,7:8},{5:3,6:2,7:4}]
k4_certs_4_n4_3.json.gz#175 keys_distinct_g n=4 m=8 vals=[{0:7,2:2,4:4,5:10},{1:3,3:4,6:2,7:8},{3:2,4:5,6:4,7:8},{5:4,6:2,7:3}]
k4_certs_4_n4_3.json.gz#175 keys_distinct_g n=4 m=8 vals=[{0:3,2:2,4:4,5:8},{1:4,3:8,6:5,7:6},{3:10,4:7,6:2,7:6},{5:4,6:2,7:3}]
k4_certs_4_n4_3.json.gz#175 amax_ndx2 n=4 m=8 vals=[{0:2,2:6,4:10,5:3},{1:8,3:3,6:4,7:10},{3:5,4:7,6:6,7:3},{5:2,6:4,7:3}]
k4_certs_4_n4_3.json.gz#175 amax_ndx2 n=4 m=8 vals=[{0:6,2:2,4:10,5:3},{1:3,3:2,6:6,7:10},{3:6,4:8,6:3,7:4},{5:2,6:3,7:4}]
k4_certs_4_n4_3.json.gz#177 amax_ndx2 n=4 m=8 vals=[{0:2,2:3,4:8,7:4},{1:6,3:10,6:2,7:3},{3:3,4:7,5:5,7:6},{5:2,6:3,7:4}]
k4_certs_4_n4_3.json.gz#177 keys_distinct_g n=4 m=8 vals=[{0:3,2:2,4:10,7:6},{1:2,3:4,6:8,7:5},{3:6,4:8,5:4,7:3},{5:3,6:4,7:2}]
k4_certs_4_n4_3.json.gz#177 keys_distinct_g n=4 m=8 vals=[{0:3,2:6,4:2,7:10},{1:6,3:7,6:5,7:3},{3:10,4:8,5:6,7:3},{5:3,6:2,7:4}]
k4_certs_4_n4_3.json.gz#177 amax_ndx2 n=4 m=8 vals=[{0:3,2:2,4:4,7:8},{1:6,3:3,6:7,7:5},{3:8,4:4,5:2,7:7},{5:3,6:4,7:2}]
k4_certs_4_n4_3.json.gz#178 keys_distinct_g n=4 m=8 vals=[{0:4,2:2,4:7,7:10},{1:3,3:2,6:8,7:4},{3:4,4:7,5:2,6:8},{5:3,6:2,7:4}]
k4_certs_4_n4_3.json.gz#178 keys_distinct_g n=4 m=8 vals=[{0:3,2:4,4:8,7:6},{1:2,3:7,6:10,7:4},{3:4,4:8,5:6,6:3},{5:3,6:4,7:2}]
k4_certs_4_n4_3.json.gz#178 amax_ndx2 n=4 m=8 vals=[{0:3,2:2,4:6,7:10},{1:5,3:3,6:6,7:7},{3:10,4:4,5:2,6:7},{5:3,6:4,7:2}]
k4_certs_4_n4_3.json.gz#178 amax_ndx2 n=4 m=8 vals=[{0:2,2:4,4:3,7:8},{1:4,3:6,6:8,7:5},{3:10,4:3,5:2,6:6},{5:3,6:4,7:2}]
k4_certs_4_n4_3.json.gz#179 amax_ndx2 n=4 m=8 vals=[{0:3,2:2,5:6,7:10},{1:8,3:4,4:10,6:3},{3:4,4:6,6:8,7:5},{5:3,6:4,7:2}]
k4_certs_4_n4_3.json.gz#179 keys_distinct_g n=4 m=8 vals=[{0:4,2:3,5:2,7:8},{1:3,3:8,4:2,6:4},{3:10,4:7,6:6,7:2},{5:2,6:3,7:4}]
k4_certs_4_n4_3.json.gz#179 keys_distinct_g n=4 m=8 vals=[{0:2,2:6,5:10,7:7},{1:6,3:3,4:10,6:2},{3:1,4:8,6:4,7:6},{5:4,6:2,7:3}]
k4_certs_4_n4_3.json.gz#179 amax_ndx2 n=4 m=8 vals=[{0:6,2:3,5:2,7:10},{1:4,3:10,4:2,6:7},{3:3,4:8,6:10,7:4},{5:3,6:4,7:2}]
k4_certs_4_n4_3.json.gz#181 amax_ndx2 n=4 m=8 vals=[{0:2,2:3,6:6,7:10},{1:6,3:8,4:4,7:1},{3:4,4:5,5:6,7:8},{5:4,6:3,7:2}]
k4_certs_4_n4_3.json.gz#181 keys_distinct_g n=4 m=8 vals=[{0:5,2:2,6:8,7:4},{1:2,3:4,4:8,7:3},{3:4,4:8,5:2,7:7},{5:2,6:4,7:3}]
k4_certs_4_n4_3.json.gz#181 amax_ndx2 n=4 m=8 vals=[{0:2,2:6,6:3,7:10},{1:7,3:4,4:8,7:2},{3:6,4:3,5:5,7:7},{5:4,6:2,7:3}]
k4_certs_4_n4_3.json.gz#181 keys_distinct_g n=4 m=8 vals=[{0:2,2:7,6:10,7:6},{1:2,3:6,4:10,7:7},{3:2,4:10,5:6,7:3},{5:3,6:4,7:2}]
k4_certs_4_n4_3.json.gz#181 amax_not_cert2 n=4 m=8 vals=[{0:6,2:2,6:3,7:10},{1:1,3:4,4:8,7:6},{3:6,4:3,5:7,7:5},{5:4,6:2,7:3}]
k4_certs_4_n4_3.json.gz#180 keys_distinct_g n=4 m=8 vals=[{0:4,2:2,6:8,7:3},{1:2,3:10,4:4,5:7},{3:10,4:7,6:2,7:4},{5:2,6:4,7:3}]
k4_certs_4_n4_3.json.gz#180 keys_distinct_g n=4 m=8 vals=[{0:4,2:3,6:8,7:6},{1:4,3:8,4:3,5:2},{3:10,4:7,6:2,7:4},{5:3,6:4,7:2}]
k4_certs_4_n4_3.json.gz#180 amax_ndx2 n=4 m=8 vals=[{0:3,2:6,6:8,7:10},{1:7,3:10,4:4,5:2},{3:4,4:7,6:2,7:8},{5:2,6:4,7:3}]
k4_certs_4_n4_3.json.gz#180 amax_ndx2 n=4 m=8 vals=[{0:2,2:4,6:8,7:3},{1:7,3:6,4:10,5:2},{3:5,4:4,6:8,7:6},{5:2,6:3,7:4}]
k4_certs_4_n4_3.json.gz#180 prof_cert n=4 m=8 vals=[{0:4,2:2,6:8,7:7},{1:3,3:8,4:6,5:4},{3:6,4:4,6:8,7:3},{5:2,6:3,7:4}]
k4_certs_4_n4_3.json.gz#180 prof_cert2 n=4 m=8 vals=[{0:4,2:2,6:8,7:7},{1:3,3:8,4:6,5:4},{3:6,4:4,6:8,7:3},{5:2,6:3,7:4}]
k4_certs_4_n4_3.json.gz#180 amax_not_cert2 n=4 m=8 vals=[{0:4,2:2,6:8,7:7},{1:3,3:8,4:6,5:4},{3:6,4:4,6:8,7:3},{5:2,6:3,7:4}]
k4_certs_4_n4_3.json.gz#180 amax_not_cert2 n=4 m=8 vals=[{0:4,2:2,6:8,7:7},{1:3,3:8,4:6,5:4},{3:6,4:4,6:8,7:3},{5:2,6:3,7:4}]
k4_certs_4_n4_3.json.gz#180 prof_cert n=4 m=8 vals=[{0:3,2:4,6:8,7:6},{1:3,3:10,4:4,5:8},{3:8,4:1,6:6,7:4},{5:4,6:3,7:2}]
k4_certs_4_n4_3.json.gz#180 prof_cert2 n=4 m=8 vals=[{0:3,2:4,6:8,7:6},{1:3,3:10,4:4,5:8},{3:8,4:1,6:6,7:4},{5:4,6:3,7:2}]
k4_certs_4_n4_3.json.gz#183 keys_distinct_g n=4 m=8 vals=[{0:6,2:2,4:3,7:10},{1:3,3:4,7:2},{3:8,5:4,6:6,7:3},{4:7,5:2,6:4,7:8}]
k4_certs_4_n4_3.json.gz#183 keys_distinct_g n=4 m=8 vals=[{0:5,2:2,4:8,7:4},{1:3,3:4,7:2},{3:8,5:5,6:2,7:4},{4:8,5:2,6:5,7:4}]
k4_certs_4_n4_3.json.gz#182 keys_distinct_g n=4 m=8 vals=[{0:2,2:4,6:7,7:10},{1:3,3:10,4:6,7:8},{3:10,4:6,5:3,6:8},{5:3,6:2,7:4}]
k4_certs_4_n4_3.json.gz#182 keys_distinct_g n=4 m=8 vals=[{0:3,2:2,6:10,7:6},{1:2,3:5,4:4,7:8},{3:6,4:3,5:8,6:10},{5:2,6:3,7:4}]
k4_certs_4_n4_3.json.gz#182 amax_ndx2 n=4 m=8 vals=[{0:4,2:3,6:8,7:2},{1:3,3:10,4:2,7:6},{3:5,4:4,5:6,6:8},{5:4,6:3,7:2}]
k4_certs_4_n4_3.json.gz#182 amax_ndx2 n=4 m=8 vals=[{0:4,2:3,6:8,7:2},{1:3,3:10,4:2,7:6},{3:5,4:4,5:6,6:8},{5:4,6:3,7:2}]
k4_certs_4_n4_3.json.gz#182 prof_cert n=4 m=8 vals=[{0:4,2:2,6:7,7:10},{1:4,3:10,4:3,7:8},{3:10,4:3,5:6,6:2},{5:2,6:3,7:4}]
k4_certs_4_n4_3.json.gz#182 prof_cert2 n=4 m=8 vals=[{0:4,2:2,6:7,7:10},{1:4,3:10,4:3,7:8},{3:10,4:3,5:6,6:2},{5:2,6:3,7:4}]
k4_certs_4_n4_3.json.gz#182 amax_not_cert2 n=4 m=8 vals=[{0:4,2:2,6:7,7:10},{1:4,3:10,4:3,7:8},{3:10,4:3,5:6,6:2},{5:2,6:3,7:4}]
k4_certs_4_n4_3.json.gz#182 amax_not_cert2 n=4 m=8 vals=[{0:4,2:2,6:7,7:10},{1:4,3:10,4:3,7:8},{3:10,4:3,5:6,6:2},{5:2,6:3,7:4}]
k4_certs_4_n4_3.json.gz#184 keys_distinct_g n=4 m=8 vals=[{0:7,2:2,4:10,6:6},{1:2,3:10,6:6,7:3},{3:10,5:7,6:4,7:2},{4:4,5:3,7:2}]
k4_certs_4_n4_3.json.gz#184 amax_ndx2 n=4 m=8 vals=[{0:4,2:2,4:3,6:8},{1:6,3:3,6:7,7:5},{3:5,5:6,6:8,7:4},{4:2,5:4,7:3}]
k4_certs_4_n4_3.json.gz#184 keys_distinct_g n=4 m=8 vals=[{0:2,2:4,4:8,6:3},{1:3,3:4,6:8,7:6},{3:6,5:3,6:7,7:5},{4:4,5:3,7:2}]
k4_certs_4_n4_3.json.gz#184 amax_ndx2 n=4 m=8 vals=[{0:6,2:3,4:2,6:10},{1:4,3:2,6:3,7:8},{3:6,5:8,6:4,7:5},{4:3,5:4,7:2}]
k4_certs_4_n4_3.json.gz#186 keys_distinct_g n=4 m=8 vals=[{0:3,2:2,4:4,6:8},{1:3,3:2,7:4},{3:7,5:2,6:8,7:4},{4:4,5:6,6:3,7:8}]
k4_certs_4_n4_3.json.gz#186 amax_ndx2 n=4 m=8 vals=[{0:3,2:2,4:4,6:8},{1:3,3:4,7:2},{3:3,5:4,6:8,7:6},{4:8,5:10,6:3,7:4}]
k4_certs_4_n4_3.json.gz#186 keys_distinct_g n=4 m=8 vals=[{0:2,2:6,4:3,6:10},{1:3,3:4,7:2},{3:8,5:4,6:2,7:7},{4:7,5:2,6:10,7:6}]
k4_certs_4_n4_3.json.gz#186 amax_ndx2 n=4 m=8 vals=[{0:3,2:6,4:2,6:10},{1:3,3:4,7:2},{3:6,5:8,6:10,7:3},{4:6,5:4,6:1,7:8}]
k4_certs_4_n4_3.json.gz#185 amax_ndx2 n=4 m=8 vals=[{0:6,2:2,4:3,6:10},{1:3,3:5,6:7,7:6},{3:4,5:2,7:3},{4:6,5:3,6:10,7:8}]
k4_certs_4_n4_3.json.gz#185 keys_distinct_g n=4 m=8 vals=[{0:6,2:2,4:3,6:10},{1:5,3:3,6:7,7:6},{3:2,5:3,7:4},{4:4,5:1,6:6,7:8}]
k4_certs_4_n4_3.json.gz#185 keys_distinct_g n=4 m=8 vals=[{0:3,2:4,4:8,6:2},{1:2,3:10,6:7,7:6},{3:4,5:3,7:2},{4:10,5:6,6:3,7:8}]
k4_certs_4_n4_3.json.gz#185 amax_ndx2 n=4 m=8 vals=[{0:6,2:3,4:2,6:10},{1:6,3:3,6:8,7:4},{3:4,5:2,7:3},{4:4,5:3,6:8,7:10}]
k4_certs_4_n4_3.json.gz#185 amax_not_cert2 n=4 m=8 vals=[{0:4,2:2,4:8,6:7},{1:2,3:6,6:10,7:7},{3:3,5:2,7:4},{4:8,5:4,6:2,7:3}]
k4_certs_4_n4_3.json.gz#185 amax_not_cert2 n=4 m=8 vals=[{0:4,2:2,4:8,6:7},{1:2,3:6,6:10,7:7},{3:3,5:2,7:4},{4:8,5:4,6:2,7:3}]
k4_certs_4_n4_3.json.gz#187 keys_distinct_g n=4 m=8 vals=[{0:7,2:2,6:10,7:6},{1:6,3:2,4:10,6:3},{3:6,5:8,6:10,7:3},{4:4,5:3,7:2}]
k4_certs_4_n4_3.json.gz#187 keys_distinct_g n=4 m=8 vals=[{0:4,2:1,6:8,7:6},{1:1,3:4,4:8,6:6},{3:4,5:2,6:8,7:3},{4:4,5:3,7:2}]
k4_certs_4_n4_3.json.gz#187 amax_ndx2 n=4 m=8 vals=[{0:6,2:3,6:10,7:2},{1:6,3:10,4:2,6:3},{3:8,5:6,6:4,7:3},{4:3,5:2,7:4}]
k4_certs_4_n4_3.json.gz#187 amax_ndx2 n=4 m=8 vals=[{0:2,2:3,6:10,7:6},{1:7,3:4,4:8,6:2},{3:8,5:3,6:10,7:6},{4:4,5:3,7:2}]
k4_certs_4_n4_3.json.gz#188 keys_distinct_g n=4 m=8 vals=[{0:2,2:3,6:4,7:8},{1:2,3:3,4:4},{3:8,5:6,6:3,7:10},{4:8,5:6,6:4,7:3}]
k4_certs_4_n4_3.json.gz#188 keys_distinct_g n=4 m=8 vals=[{0:4,2:3,6:8,7:2},{1:2,3:3,4:4},{3:4,5:6,6:8,7:1},{4:8,5:3,6:2,7:4}]
k4_certs_4_n4_3.json.gz#189 keys_distinct_g n=4 m=8 vals=[{0:4,2:3,5:8,7:6},{1:4,3:2,5:8,6:7},{3:7,4:2,6:10,7:6},{4:2,6:4,7:3}]
k4_certs_4_n4_3.json.gz#189 keys_distinct_g n=4 m=8 vals=[{0:3,2:4,5:6,7:8},{1:4,3:3,5:8,6:10},{3:3,4:6,6:8,7:10},{4:3,6:4,7:2}]
k4_certs_4_n4_3.json.gz#190 keys_distinct_g n=4 m=8 vals=[{0:2,2:6,6:10,7:7},{1:2,3:7,6:10,7:4},{3:2,4:6,5:10,7:7},{4:3,5:4,7:2}]
k4_certs_4_n4_3.json.gz#190 keys_distinct_g n=4 m=8 vals=[{0:2,2:6,6:10,7:7},{1:2,3:4,6:8,7:7},{3:3,4:4,5:8,7:6},{4:2,5:4,7:3}]
k4_certs_4_n4_3.json.gz#191 keys_distinct_g n=4 m=8 vals=[{0:2,2:6,6:10,7:3},{1:3,3:4,6:2,7:8},{3:2,4:5,5:4,6:8},{4:3,5:2,7:4}]
k4_certs_4_n4_3.json.gz#191 keys_distinct_g n=4 m=8 vals=[{0:3,2:4,6:8,7:6},{1:3,3:2,6:10,7:6},{3:2,4:10,5:6,6:7},{4:4,5:3,7:2}]
k4_certs_4_n4_3.json.gz#192 amax_ndx2 n=4 m=8 vals=[{0:4,2:3,6:6,7:8},{1:6,3:1,6:8,7:4},{3:3,4:4,5:2},{4:3,5:6,6:4,7:8}]
k4_certs_4_n4_3.json.gz#192 keys_distinct_g n=4 m=8 vals=[{0:3,2:2,6:6,7:10},{1:2,3:10,6:7,7:6},{3:4,4:3,5:2},{4:2,5:7,6:4,7:8}]
k4_certs_4_n4_3.json.gz#192 keys_distinct_g n=4 m=8 vals=[{0:6,2:3,6:10,7:2},{1:4,3:8,6:2,7:7},{3:4,4:3,5:2},{4:2,5:4,6:10,7:7}]
k4_certs_4_n4_3.json.gz#192 amax_ndx2 n=4 m=8 vals=[{0:4,2:3,6:2,7:8},{1:3,3:4,6:8,7:10},{3:3,4:4,5:2},{4:4,5:6,6:3,7:8}]
k4_certs_4_n4_3.json.gz#193 keys_distinct_g n=4 m=8 vals=[{0:3,2:2,6:8,7:4},{1:3,3:4,7:2},{3:8,4:4,5:6,6:5},{4:7,5:2,6:10,7:6}]
k4_certs_4_n4_3.json.gz#193 amax_ndx2 n=4 m=8 vals=[{0:3,2:2,6:8,7:4},{1:3,3:4,7:2},{3:8,4:4,5:6,6:5},{4:7,5:2,6:10,7:6}]
k4_certs_4_n4_3.json.gz#193 keys_distinct_g n=4 m=8 vals=[{0:4,2:2,6:8,7:7},{1:3,3:4,7:2},{3:10,4:3,5:6,6:8},{4:2,5:3,6:8,7:4}]
k4_certs_4_n4_3.json.gz#193 amax_ndx2 n=4 m=8 vals=[{0:3,2:6,6:10,7:2},{1:3,3:4,7:2},{3:5,4:4,5:6,6:8},{4:7,5:2,6:10,7:6}]
k4_certs_4_n4_3.json.gz#195 keys_distinct_g n=4 m=8 vals=[{0:2,4:10,5:7,7:6},{1:4,4:8,6:7,7:2},{2:1,5:4,6:8,7:6},{3:3,6:4,7:2}]
k4_certs_4_n4_3.json.gz#195 keys_distinct_g n=4 m=8 vals=[{0:4,4:8,5:2,7:5},{1:4,4:8,6:5,7:2},{2:3,5:4,6:8,7:6},{3:3,6:4,7:2}]
k4_certs_4_n4_3.json.gz#195 amax_ndx2 n=4 m=8 vals=[{0:4,4:3,5:8,7:2},{1:4,4:1,6:6,7:8},{2:6,5:4,6:8,7:5},{3:3,6:4,7:2}]
k4_certs_4_n4_3.json.gz#195 amax_ndx2 n=4 m=8 vals=[{0:3,4:2,5:8,7:4},{1:1,4:6,6:4,7:8},{2:7,5:2,6:8,7:4},{3:3,6:4,7:2}]
k4_certs_4_n4_3.json.gz#196 amax_ndx2 n=4 m=8 vals=[{0:3,4:2,6:8,7:4},{1:2,4:6,6:3,7:10},{2:8,5:6,6:3,7:10},{3:3,5:4,7:2}]
k4_certs_4_n4_3.json.gz#196 keys_distinct_g n=4 m=8 vals=[{0:2,4:6,6:10,7:7},{1:1,4:4,6:6,7:8},{2:6,5:3,6:8,7:4},{3:3,5:2,7:4}]
k4_certs_4_n4_3.json.gz#196 amax_ndx2 n=4 m=8 vals=[{0:2,4:4,6:10,7:7},{1:2,4:4,6:5,7:8},{2:6,5:4,6:5,7:8},{3:3,5:4,7:2}]
k4_certs_4_n4_3.json.gz#196 keys_distinct_g n=4 m=8 vals=[{0:2,4:6,6:10,7:3},{1:4,4:2,6:10,7:7},{2:2,5:8,6:4,7:5},{3:3,5:4,7:2}]
k4_certs_4_n4_3.json.gz#196 amax_not_cert2 n=4 m=8 vals=[{0:2,4:7,6:6,7:10},{1:3,4:5,6:7,7:6},{2:4,5:8,6:2,7:3},{3:2,5:4,7:3}]
k4_certs_4_n4_3.json.gz#196 amax_not_cert2 n=4 m=8 vals=[{0:6,4:2,6:3,7:10},{1:2,4:5,6:4,7:8},{2:4,5:8,6:3,7:2},{3:2,5:4,7:3}]
k4_certs_4_n4_3.json.gz#197 keys_distinct_g n=4 m=8 vals=[{0:3,4:6,5:8,6:4},{1:3,4:6,6:4,7:8},{2:3,5:10,6:2,7:6},{3:3,5:2,7:4}]
k4_certs_4_n4_3.json.gz#197 keys_distinct_g n=4 m=8 vals=[{0:4,4:3,5:10,6:8},{1:2,4:5,6:8,7:4},{2:3,5:5,6:7,7:6},{3:3,5:4,7:2}]
k4_certs_4_n4_3.json.gz#197 amax_ndx2 n=4 m=8 vals=[{0:3,4:4,5:2,6:8},{1:6,4:2,6:7,7:10},{2:5,5:3,6:7,7:6},{3:2,5:4,7:3}]
k4_certs_4_n4_3.json.gz#197 amax_ndx2 n=4 m=8 vals=[{0:3,4:6,5:8,6:10},{1:2,4:7,6:4,7:10},{2:8,5:6,6:10,7:3},{3:3,5:4,7:2}]
k4_certs_4_n4_3.json.gz#194 keys_distinct_g n=4 m=8 vals=[{0:4,2:2,6:8,7:3},{1:3,6:4,7:2},{3:10,4:2,5:7,6:4},{3:10,4:6,5:2,7:7}]
k4_certs_4_n4_3.json.gz#194 keys_distinct_g n=4 m=8 vals=[{0:4,2:2,6:3,7:8},{1:3,6:4,7:2},{3:2,4:4,5:7,6:8},{3:5,4:6,5:4,7:8}]
k4_certs_4_n4_3.json.gz#194 amax_not_cert2 n=4 m=8 vals=[{0:3,2:4,6:8,7:10},{1:2,6:3,7:4},{3:5,4:4,5:6,6:8},{3:4,4:5,5:2,7:8}]
k4_certs_4_n4_3.json.gz#194 amax_not_cert2 n=4 m=8 vals=[{0:3,2:4,6:8,7:2},{1:2,6:3,7:4},{3:4,4:5,5:6,6:8},{3:2,4:4,5:3,7:8}]
k4_certs_4_n4_3.json.gz#198 keys_distinct_g n=4 m=8 vals=[{0:4,4:8,5:6,6:3},{1:3,4:4,7:2},{2:4,5:6,6:3,7:8},{3:2,5:7,6:4,7:10}]
k4_certs_4_n4_3.json.gz#198 keys_distinct_g n=4 m=8 vals=[{0:4,4:8,5:6,6:5},{1:3,4:4,7:2},{2:2,5:4,6:3,7:8},{3:1,5:6,6:4,7:8}]
k4_certs_4_n4_3.json.gz#198 prof_cert n=4 m=8 vals=[{0:2,4:10,5:6,6:3},{1:2,4:4,7:3},{2:1,5:4,6:6,7:8},{3:8,5:3,6:4,7:10}]
k4_certs_4_n4_3.json.gz#198 amax_not_cert2 n=4 m=8 vals=[{0:2,4:10,5:6,6:3},{1:2,4:4,7:3},{2:1,5:4,6:6,7:8},{3:8,5:3,6:4,7:10}]
k4_certs_4_n4_3.json.gz#199 keys_distinct_g n=4 m=8 vals=[{0:3,3:6,4:2,5:10},{1:2,3:6,6:10,7:3},{2:8,5:10,6:3,7:4},{4:3,6:4,7:2}]
k4_certs_4_n4_3.json.gz#199 keys_distinct_g n=4 m=8 vals=[{0:2,3:4,4:10,5:7},{1:1,3:6,6:8,7:4},{2:2,5:4,6:8,7:5},{4:4,6:3,7:2}]
k4_certs_4_n4_3.json.gz#200 keys_distinct_g n=4 m=8 vals=[{0:2,3:10,4:6,5:3},{1:3,3:7,6:5,7:6},{2:3,6:4,7:2},{4:3,5:4,6:10,7:8}]
k4_certs_4_n4_3.json.gz#200 amax_ndx2 n=4 m=8 vals=[{0:4,3:2,4:3,5:8},{1:3,3:2,6:4,7:8},{2:3,6:4,7:2},{4:8,5:4,6:10,7:3}]
k4_certs_4_n4_3.json.gz#200 amax_ndx2 n=4 m=8 vals=[{0:4,3:8,4:3,5:2},{1:3,3:6,6:5,7:7},{2:3,6:4,7:2},{4:5,5:2,6:4,7:8}]
k4_certs_4_n4_3.json.gz#201 keys_distinct_g n=4 m=8 vals=[{0:6,3:3,4:10,7:2},{1:3,3:6,6:10,7:8},{2:7,5:2,6:10,7:6},{4:4,5:2,7:3}]
k4_certs_4_n4_3.json.gz#201 keys_distinct_g n=4 m=8 vals=[{0:3,3:2,4:4,7:8},{1:3,3:6,6:8,7:10},{2:3,5:10,6:8,7:6},{4:3,5:4,7:2}]
k4_certs_4_n4_3.json.gz#202 keys_distinct_g n=4 m=8 vals=[{0:3,3:6,4:8,6:10},{1:2,3:7,6:10,7:4},{2:6,5:10,6:2,7:3},{4:2,5:4,7:3}]
k4_certs_4_n4_3.json.gz#202 keys_distinct_g n=4 m=8 vals=[{0:1,3:4,4:8,6:6},{1:4,3:3,6:8,7:2},{2:6,5:4,6:8,7:5},{4:4,5:2,7:3}]
k4_certs_4_n4_3.json.gz#204 keys_distinct_g n=4 m=8 vals=[{0:2,3:4,4:7,6:10},{1:3,3:2,7:4},{2:7,5:2,6:6,7:10},{4:6,5:2,6:10,7:3}]
k4_certs_4_n4_3.json.gz#204 keys_distinct_g n=4 m=8 vals=[{0:4,3:8,4:3,6:6},{1:3,3:4,7:2},{2:2,5:4,6:10,7:7},{4:2,5:3,6:8,7:4}]
k4_certs_4_n4_3.json.gz#203 keys_distinct_g n=4 m=8 vals=[{0:3,3:2,4:6,6:10},{1:1,3:4,6:6,7:8},{2:3,5:2,7:4},{4:4,5:6,6:8,7:1}]
k4_certs_4_n4_3.json.gz#203 keys_distinct_g n=4 m=8 vals=[{0:6,3:3,4:2,6:10},{1:4,3:2,6:8,7:7},{2:3,5:4,7:2},{4:8,5:10,6:3,7:6}]
k4_certs_4_n4_3.json.gz#203 amax_ndx2 n=4 m=8 vals=[{0:6,3:3,4:2,6:10},{1:4,3:2,6:8,7:7},{2:3,5:4,7:2},{4:8,5:10,6:3,7:6}]
k4_certs_4_n4_3.json.gz#203 amax_ndx2 n=4 m=8 vals=[{0:3,3:4,4:8,6:6},{1:6,3:3,6:10,7:2},{2:3,5:4,7:2},{4:8,5:4,6:5,7:6}]
k4_certs_4_n4_3.json.gz#205 keys_distinct_g n=4 m=8 vals=[{0:3,3:2,4:4},{1:6,3:8,6:3,7:10},{2:3,5:4,6:2,7:8},{4:10,5:3,6:6,7:2}]
k4_certs_4_n4_3.json.gz#205 keys_distinct_g n=4 m=8 vals=[{0:3,3:2,4:4},{1:4,3:6,6:3,7:8},{2:3,5:2,6:6,7:10},{4:10,5:2,6:7,7:6}]
k4_certs_4_n4_3.json.gz#209 keys_distinct_g n=4 m=8 vals=[{0:2,3:8,4:3,7:4},{1:4,5:8,6:2,7:7},{2:3,5:4,7:2},{3:8,4:1,6:6,7:4}]
k4_certs_4_n4_3.json.gz#209 keys_distinct_g n=4 m=8 vals=[{0:7,3:2,4:10,7:6},{1:3,5:10,6:6,7:2},{2:2,5:4,7:3},{3:3,4:10,6:2,7:6}]
k4_certs_4_n4_3.json.gz#209 amax_ndx2 n=4 m=8 vals=[{0:2,3:3,4:6,7:10},{1:8,5:3,6:10,7:6},{2:3,5:4,7:2},{3:2,4:3,6:8,7:4}]
k4_certs_4_n4_3.json.gz#209 amax_ndx2 n=4 m=8 vals=[{0:3,3:2,4:4,7:8},{1:7,5:4,6:2,7:8},{2:3,5:4,7:2},{3:4,4:2,6:8,7:7}]
k4_certs_4_n4_3.json.gz#206 keys_distinct_g n=4 m=8 vals=[{0:6,3:2,5:10,7:3},{1:4,4:2,5:8,6:7},{2:5,4:2,6:4,7:8},{3:3,6:2,7:4}]
k4_certs_4_n4_3.json.gz#206 keys_distinct_g n=4 m=8 vals=[{0:3,3:2,5:4,7:8},{1:2,4:5,5:4,6:8},{2:6,4:3,6:4,7:8},{3:3,6:4,7:2}]
k4_certs_4_n4_3.json.gz#206 amax_ndx2 n=4 m=8 vals=[{0:6,3:2,5:3,7:10},{1:2,4:10,5:7,6:4},{2:4,4:6,6:5,7:8},{3:2,6:4,7:3}]
k4_certs_4_n4_3.json.gz#206 amax_ndx2 n=4 m=8 vals=[{0:6,3:5,5:8,7:4},{1:2,4:4,5:8,6:3},{2:3,4:2,6:6,7:10},{3:4,6:2,7:3}]
k4_certs_4_n4_3.json.gz#207 keys_distinct_g n=4 m=8 vals=[{0:5,3:2,6:4,7:8},{1:2,4:8,5:5,6:4},{2:3,4:10,5:2,7:6},{3:2,6:3,7:4}]
k4_certs_4_n4_3.json.gz#207 keys_distinct_g n=4 m=8 vals=[{0:4,3:2,6:8,7:3},{1:6,4:2,5:10,6:7},{2:2,4:4,5:10,7:7},{3:3,6:4,7:2}]
k4_certs_4_n4_3.json.gz#207 amax_ndx2 n=4 m=8 vals=[{0:4,3:6,6:5,7:8},{1:2,4:6,5:3,6:10},{2:4,4:3,5:2,7:8},{3:4,6:3,7:2}]
k4_certs_4_n4_3.json.gz#207 amax_ndx2 n=4 m=8 vals=[{0:5,3:6,6:7,7:3},{1:3,4:6,5:2,6:10},{2:6,4:2,5:3,7:10},{3:4,6:3,7:2}]
k4_certs_4_n4_3.json.gz#208 keys_distinct_g n=4 m=8 vals=[{0:3,3:6,4:10,7:8},{1:4,5:8,6:3,7:2},{2:3,5:10,6:4,7:8},{3:3,4:4,7:2}]
k4_certs_4_n4_3.json.gz#208 keys_distinct_g n=4 m=8 vals=[{0:3,3:8,4:4,7:6},{1:4,5:8,6:3,7:2},{2:1,5:8,6:6,7:4},{3:4,4:2,7:3}]
k4_certs_4_n4_3.json.gz#211 keys_distinct_g n=4 m=8 vals=[{0:6,3:3,4:2,6:10},{1:4,5:6,6:8,7:1},{2:3,5:2,7:4},{3:6,4:1,6:4,7:8}]
k4_certs_4_n4_3.json.gz#211 keys_distinct_g n=4 m=8 vals=[{0:2,3:8,4:3,6:4},{1:3,5:8,6:2,7:4},{2:2,5:4,7:3},{3:10,4:6,6:3,7:8}]
k4_certs_4_n4_3.json.gz#211 amax_ndx2 n=4 m=8 vals=[{0:4,3:2,4:3,6:8},{1:8,5:3,6:10,7:6},{2:3,5:2,7:4},{3:7,4:2,6:4,7:10}]
k4_certs_4_n4_3.json.gz#211 amax_ndx2 n=4 m=8 vals=[{0:6,3:3,4:2,6:10},{1:4,5:6,6:8,7:5},{2:2,5:4,7:3},{3:4,4:2,6:3,7:8}]
k4_certs_4_n4_3.json.gz#212 amax_ndx2 n=4 m=8 vals=[{0:3,3:2,4:4},{1:5,5:2,6:8,7:4},{2:2,5:4,6:7,7:10},{3:4,4:6,6:8,7:5}]
k4_certs_4_n4_3.json.gz#210 keys_distinct_g n=4 m=8 vals=[{0:7,3:2,4:4,6:10},{1:7,5:2,6:10,7:4},{2:4,5:1,6:6,7:8},{3:3,4:2,7:4}]
k4_certs_4_n4_3.json.gz#210 keys_distinct_g n=4 m=8 vals=[{0:4,3:3,4:8,6:6},{1:6,5:1,6:4,7:8},{2:3,5:2,6:6,7:10},{3:2,4:4,7:3}]
k4_certs_4_n4_3.json.gz#213 keys_distinct_g n=4 m=8 vals=[{0:3,3:4,5:8,6:2},{1:5,4:2,5:8,7:4},{2:3,6:4,7:2},{3:4,4:1,6:8,7:6}]
k4_certs_4_n4_3.json.gz#213 keys_distinct_g n=4 m=8 vals=[{0:6,3:3,5:10,6:8},{1:6,4:3,5:10,7:8},{2:3,6:2,7:4},{3:3,4:6,6:2,7:10}]
k4_certs_4_n4_3.json.gz#214 keys_distinct_g n=4 m=8 vals=[{0:3,3:8,5:6,6:10},{1:6,4:3,6:8,7:10},{2:2,6:4,7:3},{3:4,4:7,5:2,7:10}]
k4_certs_4_n4_3.json.gz#214 keys_distinct_g n=4 m=8 vals=[{0:7,3:10,5:2,6:4},{1:4,4:2,6:8,7:3},{2:2,6:4,7:3},{3:10,4:4,5:2,7:7}]
k4_certs_4_n4_3.json.gz#214 amax_ndx2 n=4 m=8 vals=[{0:3,3:2,5:4,6:8},{1:3,4:5,6:6,7:7},{2:3,6:2,7:4},{3:2,4:10,5:3,7:6}]
k4_certs_4_n4_3.json.gz#214 amax_ndx2 n=4 m=8 vals=[{0:3,3:2,5:4,6:8},{1:3,4:5,6:6,7:7},{2:3,6:2,7:4},{3:2,4:10,5:3,7:6}]
k4_certs_4_n4_3.json.gz#215 keys_distinct_g n=4 m=8 vals=[{0:6,3:10,6:3,7:2},{1:2,4:3,6:6,7:10},{2:2,5:3,7:4},{3:8,4:4,5:6,7:5}]
k4_certs_4_n4_3.json.gz#215 keys_distinct_g n=4 m=8 vals=[{0:2,3:7,6:10,7:6},{1:1,4:6,6:8,7:4},{2:3,5:4,7:2},{3:3,4:6,5:10,7:2}]
k4_certs_4_n4_3.json.gz#216 keys_distinct_g n=4 m=8 vals=[{0:2,3:8,6:4,7:3},{1:4,4:6,6:8,7:3},{2:3,5:2,6:10,7:6},{3:4,4:3,5:2}]
k4_certs_4_n4_3.json.gz#216 keys_distinct_g n=4 m=8 vals=[{0:2,3:3,6:6,7:10},{1:4,4:8,6:3,7:2},{2:3,5:8,6:4,7:10},{3:2,4:4,5:3}]
k4_certs_4_n4_3.json.gz#216 prof_cert n=4 m=8 vals=[{0:2,3:10,6:6,7:7},{1:2,4:10,6:4,7:7},{2:5,5:2,6:4,7:8},{3:3,4:4,5:2}]
k4_certs_4_n4_3.json.gz#216 amax_not_cert2 n=4 m=8 vals=[{0:2,3:10,6:6,7:7},{1:2,4:10,6:4,7:7},{2:5,5:2,6:4,7:8},{3:3,4:4,5:2}]
k4_certs_4_n4_3.json.gz#217 keys_distinct_g n=4 m=8 vals=[{0:2,3:5,6:4,7:8},{1:6,4:2,6:7,7:10},{2:3,5:4,7:2},{3:4,4:3,5:10,6:8}]
k4_certs_4_n4_3.json.gz#217 keys_distinct_g n=4 m=8 vals=[{0:1,3:6,6:8,7:4},{1:7,4:2,6:6,7:10},{2:3,5:2,7:4},{3:1,4:6,5:4,6:8}]
k4_certs_4_n4_3.json.gz#218 keys_distinct_g n=4 m=8 vals=[{0:2,2:4,3:8,4:3},{1:2,3:4,7:3},{2:4,5:8,6:3,7:2},{4:4,5:8,6:3,7:6}]
k4_certs_4_n4_3.json.gz#218 keys_distinct_g n=4 m=8 vals=[{0:2,2:7,3:8,4:4},{1:3,3:4,7:2},{2:5,5:8,6:2,7:4},{4:4,5:8,6:3,7:2}]
k4_certs_4_n4_3.json.gz#219 keys_distinct_g n=4 m=8 vals=[{0:3,2:2,3:4,4:8},{1:3,5:10,6:4,7:8},{2:2,3:4,4:8,7:5},{5:4,6:3,7:2}]
k4_certs_4_n4_3.json.gz#219 keys_distinct_g n=4 m=8 vals=[{0:2,2:4,3:8,4:3},{1:5,5:8,6:2,7:4},{2:2,3:8,4:4,7:5},{5:4,6:3,7:2}]
k4_certs_4_n4_3.json.gz#220 amax_ndx2 n=4 m=8 vals=[{0:6,2:2,3:3,5:10},{1:3,4:2,7:4},{2:2,3:6,6:10,7:3},{4:3,5:5,6:7,7:6}]
k4_certs_4_n4_3.json.gz#221 keys_distinct_g n=4 m=8 vals=[{0:2,2:6,3:3,5:10},{1:6,5:8,6:1,7:4},{2:3,3:4,4:8,7:6},{4:4,6:3,7:2}]
k4_certs_4_n4_3.json.gz#221 amax_not_cert2 n=4 m=8 vals=[{0:4,2:8,3:5,5:2},{1:3,5:2,6:6,7:10},{2:6,3:5,4:8,7:4},{4:4,6:2,7:3}]
k4_certs_4_n4_3.json.gz#221 amax_not_cert2 n=4 m=8 vals=[{0:4,2:8,3:5,5:2},{1:3,5:2,6:6,7:10},{2:6,3:5,4:8,7:4},{4:4,6:2,7:3}]
k4_certs_4_n4_3.json.gz#222 keys_distinct_g n=4 m=8 vals=[{0:2,2:6,3:3,7:10},{1:5,5:2,6:4,7:8},{2:2,3:3,4:8,7:4},{4:4,5:2,6:3}]
k4_certs_4_n4_3.json.gz#222 keys_distinct_g n=4 m=8 vals=[{0:2,2:3,3:4,7:8},{1:6,5:3,6:4,7:8},{2:3,3:4,4:8,7:6},{4:4,5:2,6:3}]
k4_certs_4_n4_3.json.gz#223 amax_ndx2 n=4 m=8 vals=[{0:4,2:2,3:3,7:8},{1:3,5:4,6:2},{2:4,3:3,4:8,7:6},{4:6,5:4,6:5,7:8}]
k4_certs_4_n4_3.json.gz#224 keys_distinct_g n=4 m=8 vals=[{0:2,2:6,3:10,7:7},{1:3,6:4,7:2},{2:3,3:10,4:2,5:6},{4:4,5:2,6:8,7:3}]
k4_certs_4_n4_3.json.gz#225 keys_distinct_g n=4 m=8 vals=[{0:4,2:8,4:1,6:6},{1:4,3:2,5:3,7:8},{2:10,3:7,4:2,7:6},{5:3,6:2,7:4}]
k4_certs_4_n4_3.json.gz#225 keys_distinct_g n=4 m=8 vals=[{0:4,2:10,4:2,6:7},{1:3,3:4,5:2,7:8},{2:10,3:3,4:6,7:8},{5:2,6:3,7:4}]
k4_certs_4_n4_3.json.gz#226 keys_distinct_g n=4 m=8 vals=[{0:2,2:6,4:10,7:3},{1:2,3:3,5:10,6:6},{2:2,3:4,4:8,7:7},{5:4,6:3,7:2}]
k4_certs_4_n4_3.json.gz#226 keys_distinct_g n=4 m=8 vals=[{0:2,2:5,4:8,7:4},{1:6,3:3,5:10,6:2},{2:4,3:3,4:8,7:2},{5:4,6:3,7:2}]
k4_certs_4_n4_3.json.gz#227 keys_distinct_g n=4 m=8 vals=[{0:2,2:4,4:8,7:7},{1:3,3:2,6:4,7:8},{2:3,3:4,4:8,5:6},{5:3,6:2,7:4}]
k4_certs_4_n4_3.json.gz#227 keys_distinct_g n=4 m=8 vals=[{0:2,2:3,4:6,7:10},{1:6,3:7,6:3,7:5},{2:2,3:8,4:4,5:7},{5:3,6:2,7:4}]
k4_certs_4_n4_3.json.gz#228 keys_distinct_g n=4 m=8 vals=[{0:4,2:8,5:2,6:7},{1:2,4:3,5:4,7:8},{2:10,3:2,4:7,7:4},{3:3,6:2,7:4}]
k4_certs_4_n4_3.json.gz#228 keys_distinct_g n=4 m=8 vals=[{0:3,2:2,5:10,6:6},{1:6,4:3,5:10,7:8},{2:6,3:8,4:1,7:4},{3:4,6:3,7:2}]
k4_certs_4_n4_3.json.gz#229 keys_distinct_g n=4 m=8 vals=[{0:1,2:6,5:4,7:8},{1:2,4:5,6:4,7:8},{2:6,3:8,4:4,7:1},{3:4,5:2,6:3}]
k4_certs_4_n4_3.json.gz#229 keys_distinct_g n=4 m=8 vals=[{0:2,2:3,5:4,7:8},{1:6,4:2,6:10,7:7},{2:4,3:6,4:1,7:8},{3:2,5:3,6:4}]
k4_certs_4_n4_3.json.gz#230 keys_distinct_g n=4 m=8 vals=[{0:2,2:10,5:3,7:6},{1:3,4:2,6:4},{2:10,3:7,4:4,7:2},{3:4,5:7,6:10,7:2}]
k4_certs_4_n4_3.json.gz#232 keys_distinct_g n=4 m=8 vals=[{0:1,2:4,6:8,7:6},{1:6,5:2,6:10,7:3},{2:4,3:7,4:10,5:2},{3:2,4:4,7:3}]
k4_certs_4_n4_3.json.gz#232 keys_distinct_g n=4 m=8 vals=[{0:5,2:4,6:2,7:8},{1:4,5:8,6:2,7:3},{2:8,3:4,4:3,5:10},{3:2,4:3,7:4}]
k4_certs_4_n4_3.json.gz#231 keys_distinct_g n=4 m=8 vals=[{0:2,2:8,5:4,6:3},{1:2,5:3,6:4,7:8},{2:8,3:7,4:4,7:2},{3:3,4:2,7:4}]
k4_certs_4_n4_3.json.gz#233 keys_distinct_g n=4 m=8 vals=[{0:4,2:8,6:2,7:3},{1:2,5:3,7:4},{2:8,3:3,4:4,5:6},{3:3,4:2,6:6,7:10}]
k4_certs_4_n4_3.json.gz#233 keys_distinct_g n=4 m=8 vals=[{0:2,2:10,6:3,7:6},{1:2,5:3,7:4},{2:8,3:1,4:4,5:6},{3:1,4:4,6:6,7:8}]
k4_certs_4_n4_3.json.gz#236 keys_distinct_g n=4 m=8 vals=[{0:6,2:2,6:10,7:7},{1:3,6:4,7:2},{2:3,3:2,4:10,5:6},{3:7,4:10,5:2,7:4}]
k4_certs_4_n4_3.json.gz#236 keys_distinct_g n=4 m=8 vals=[{0:2,2:3,6:10,7:6},{1:3,6:4,7:2},{2:2,3:8,4:3,5:4},{3:10,4:4,5:2,7:7}]
k4_certs_4_n4_3.json.gz#235 keys_distinct_g n=4 m=8 vals=[{0:6,2:3,6:10,7:8},{1:2,5:3,6:4},{2:3,3:2,4:6,7:10},{3:6,4:3,5:8,7:10}]
k4_certs_4_n4_3.json.gz#235 keys_distinct_g n=4 m=8 vals=[{0:3,2:4,6:8,7:6},{1:2,5:3,6:4},{2:6,3:2,4:3,7:10},{3:2,4:7,5:6,7:10}]
k4_certs_4_n4_3.json.gz#240 keys_distinct_g n=4 m=8 vals=[{0:2,1:6,2:3,6:10},{1:3,2:4,5:6,7:8},{3:6,4:1,5:4,6:8},{3:2,4:3,7:4}]
k4_certs_4_n4_3.json.gz#240 keys_distinct_g n=4 m=8 vals=[{0:2,1:4,2:3,6:8},{1:6,2:3,5:8,7:10},{3:1,4:6,5:4,6:8},{3:2,4:3,7:4}]
k4_certs_4_n4_3.json.gz#241 keys_distinct_g n=4 m=8 vals=[{0:3,1:2,2:6,7:10},{1:2,2:6,5:3,6:10},{3:6,4:4,5:5,6:8},{3:2,4:3,7:4}]
k4_certs_4_n4_3.json.gz#242 keys_distinct_g n=4 m=8 vals=[{0:2,2:4,3:8,6:5},{1:6,2:3,5:10,7:2},{1:2,4:4,5:10,6:7},{3:4,4:3,7:2}]
k4_certs_4_n4_3.json.gz#242 keys_distinct_g n=4 m=8 vals=[{0:2,2:4,3:3,6:8},{1:7,2:2,5:6,7:10},{1:6,4:4,5:1,6:8},{3:3,4:2,7:4}]
k4_certs_4_n4_3.json.gz#243 keys_distinct_g n=4 m=8 vals=[{0:3,2:10,3:8,7:6},{1:3,2:10,5:2,6:6},{1:3,4:10,5:2,6:6},{3:2,4:4,7:3}]
k4_certs_4_n4_3.json.gz#243 keys_distinct_g n=4 m=8 vals=[{0:2,2:4,3:8,7:3},{1:8,2:2,5:3,6:4},{1:10,4:8,5:3,6:4},{3:4,4:2,7:3}]
k4_certs_4_n4_3.json.gz#247 keys_distinct_g n=4 m=9 vals=[{0:2,2:6,4:3,7:10},{1:3,3:6,6:10,8:8},{4:6,5:3,6:10,8:2},{5:3,7:4,8:2}]
k4_certs_4_n4_3.json.gz#247 keys_distinct_g n=4 m=9 vals=[{0:4,2:3,4:8,7:2},{1:2,3:7,6:4,8:10},{4:7,5:3,6:6,8:5},{5:3,7:2,8:4}]
k4_certs_4_n4_3.json.gz#247 amax_ndx2 n=4 m=9 vals=[{0:4,2:3,4:8,7:2},{1:2,3:7,6:4,8:10},{4:7,5:3,6:6,8:5},{5:3,7:2,8:4}]
k4_certs_4_n4_3.json.gz#247 amax_not_cert2 n=4 m=9 vals=[{0:2,2:3,4:6,7:10},{1:4,3:2,6:7,8:10},{4:8,5:3,6:6,8:10},{5:2,7:4,8:3}]
k4_certs_4_n4_3.json.gz#247 amax_ndx2 n=4 m=9 vals=[{0:2,2:4,4:8,7:3},{1:6,3:2,6:10,8:7},{4:7,5:3,6:5,8:6},{5:2,7:3,8:4}]
k4_certs_4_n4_3.json.gz#248 keys_distinct_g n=4 m=9 vals=[{0:6,2:2,4:10,7:3},{1:2,3:6,7:3,8:10},{4:8,5:4,6:5,8:6},{5:2,6:3,8:4}]
k4_certs_4_n4_3.json.gz#248 keys_distinct_g n=4 m=9 vals=[{0:3,2:2,4:6,7:10},{1:4,3:3,7:8,8:6},{4:4,5:8,6:3,8:6},{5:4,6:3,8:2}]
k4_certs_4_n4_3.json.gz#246 amax_ndx2 n=4 m=9 vals=[{0:3,2:4,4:8,5:2},{1:2,3:6,7:3,8:10},{4:6,5:5,6:8,8:4},{6:4,7:3,8:2}]
k4_certs_4_n4_3.json.gz#246 amax_ndx2 n=4 m=9 vals=[{0:3,2:4,4:8,5:2},{1:2,3:6,7:3,8:10},{4:6,5:5,6:8,8:4},{6:4,7:3,8:2}]
k4_certs_4_n4_3.json.gz#246 keys_distinct_g n=4 m=9 vals=[{0:3,2:6,4:2,5:10},{1:3,3:2,7:8,8:4},{4:5,5:7,6:3,8:6},{6:2,7:4,8:3}]
k4_certs_4_n4_3.json.gz#246 keys_distinct_g n=4 m=9 vals=[{0:3,2:2,4:8,5:4},{1:4,3:3,7:8,8:2},{4:8,5:4,6:6,8:5},{6:2,7:4,8:3}]
k4_certs_4_n4_3.json.gz#249 keys_distinct_g n=4 m=9 vals=[{0:3,2:6,4:2,8:10},{1:2,3:6,7:10,8:7},{4:4,5:2,6:7,7:8},{5:2,6:3,8:4}]
k4_certs_4_n4_3.json.gz#249 keys_distinct_g n=4 m=9 vals=[{0:3,2:2,4:6,8:10},{1:2,3:5,7:8,8:4},{4:4,5:6,6:1,7:8},{5:2,6:3,8:4}]
k4_certs_4_n4_3.json.gz#249 FAIL_glob_r,lamU n=4 m=9 vals=[{0:2,2:7,4:6,8:10},{1:6,3:3,7:2,8:10},{4:8,5:3,6:2,7:4},{5:3,6:2,8:4}]
k4_certs_4_n4_3.json.gz#249 FAIL_glob_r,lamU n=4 m=9 vals=[{0:6,2:3,4:8,8:10},{1:6,3:2,7:3,8:10},{4:8,5:3,6:4,7:6},{5:3,6:2,8:4}]
k4_certs_4_n4_3.json.gz#251 key_noncompletable n=4 m=9 vals=[{0:2,2:3,7:4,8:8},{1:6,3:4,7:5,8:8},{4:2,5:3,6:4,8:8},{4:2,5:3,6:4}]
k4_certs_4_n4_3.json.gz#251 key_noncompletable n=4 m=9 vals=[{0:3,2:5,7:6,8:7},{1:3,3:6,7:2,8:10},{4:3,5:4,6:6,8:8},{4:2,5:3,6:4}]
k4_certs_4_n4_3.json.gz#250 keys_distinct_g n=4 m=9 vals=[{0:6,2:2,4:10,8:3},{1:2,3:6,7:10,8:3},{4:8,5:4,6:5,8:6},{5:2,6:3,7:4}]
k4_certs_4_n4_3.json.gz#250 keys_distinct_g n=4 m=9 vals=[{0:6,2:2,4:3,8:10},{1:4,3:2,7:8,8:5},{4:2,5:7,6:6,8:10},{5:2,6:3,7:4}]
k4_certs_4_n4_3.json.gz#250 amax_ndx2 n=4 m=9 vals=[{0:2,2:7,4:10,8:6},{1:4,3:2,7:3,8:8},{4:4,5:5,6:6,8:8},{5:4,6:2,7:3}]
k4_certs_4_n4_3.json.gz#250 FAIL_glob_r,lamU n=4 m=9 vals=[{0:3,2:4,4:2,8:8},{1:4,3:6,7:5,8:8},{4:6,5:3,6:2,8:10},{5:2,6:3,7:4}]
k4_certs_4_n4_3.json.gz#255 keys_distinct_g n=4 m=9 vals=[{0:4,2:2,5:8,7:3},{1:2,4:3,6:10,8:6},{3:6,5:8,7:4,8:1},{6:4,7:3,8:2}]
k4_certs_4_n4_3.json.gz#255 keys_distinct_g n=4 m=9 vals=[{0:2,2:7,5:10,7:4},{1:3,4:6,6:10,8:2},{3:2,5:10,7:7,8:4},{6:4,7:2,8:3}]
k4_certs_4_n4_3.json.gz#255 amax_ndx2 n=4 m=9 vals=[{0:5,2:2,5:8,7:4},{1:2,4:3,6:6,8:10},{3:8,5:10,7:3,8:4},{6:3,7:4,8:2}]
k4_certs_4_n4_3.json.gz#255 amax_ndx2 n=4 m=9 vals=[{0:3,2:4,5:8,7:6},{1:3,4:2,6:6,8:10},{3:5,5:6,7:8,8:4},{6:3,7:4,8:2}]
k4_certs_4_n4_3.json.gz#253 keys_distinct_g n=4 m=9 vals=[{0:2,2:5,6:8,7:4},{1:2,4:4,6:8,8:3},{3:6,5:3,7:8,8:10},{6:2,7:3,8:4}]
k4_certs_4_n4_3.json.gz#253 keys_distinct_g n=4 m=9 vals=[{0:2,2:7,6:10,7:4},{1:1,4:6,6:8,8:4},{3:3,5:6,7:8,8:10},{6:3,7:2,8:4}]
k4_certs_4_n4_3.json.gz#254 keys_distinct_g n=4 m=9 vals=[{0:2,2:3,5:10,6:6},{1:6,4:3,7:10,8:2},{3:8,5:10,7:4,8:3},{6:2,7:4,8:3}]
k4_certs_4_n4_3.json.gz#254 keys_distinct_g n=4 m=9 vals=[{0:2,2:6,5:10,6:3},{1:6,4:2,7:3,8:10},{3:8,5:10,7:3,8:6},{6:2,7:3,8:4}]
k4_certs_4_n4_3.json.gz#254 amax_ndx2 n=4 m=9 vals=[{0:2,2:6,5:10,6:3},{1:6,4:2,7:3,8:10},{3:8,5:10,7:3,8:6},{6:2,7:3,8:4}]
k4_certs_4_n4_3.json.gz#254 amax_ndx2 n=4 m=9 vals=[{0:2,2:3,5:8,6:4},{1:2,4:6,7:7,8:10},{3:6,5:4,7:8,8:5},{6:3,7:4,8:2}]
k4_certs_4_n4_3.json.gz#252 FAIL_glob_r,lamU n=4 m=9 vals=[{0:3,2:4,6:2,8:8},{1:5,4:4,7:6,8:8},{3:6,5:1,7:4,8:8},{6:2,7:4,8:3}]
k4_certs_4_n4_3.json.gz#252 FAIL_glob_r,lamU n=4 m=9 vals=[{0:6,2:3,6:2,8:10},{1:8,4:3,7:4,8:10},{3:2,5:4,7:3,8:8},{6:2,7:4,8:3}]
k4_certs_4_n4_3.json.gz#252 keys_distinct_g n=4 m=9 vals=[{0:6,2:2,6:10,8:7},{1:2,4:5,7:8,8:4},{3:4,5:1,7:8,8:6},{6:4,7:3,8:2}]
k4_certs_4_n4_3.json.gz#252 keys_distinct_g n=4 m=9 vals=[{0:2,2:6,6:10,8:7},{1:2,4:7,7:10,8:4},{3:4,5:2,7:8,8:3},{6:4,7:2,8:3}]
k4_certs_4_n4_3.json.gz#259 keys_distinct_g n=4 m=9 vals=[{0:2,2:7,5:10,7:4},{1:3,4:4,6:2,8:8},{3:3,7:2,8:4},{5:10,6:8,7:3,8:4}]
k4_certs_4_n4_3.json.gz#259 keys_distinct_g n=4 m=9 vals=[{0:2,2:6,5:7,7:10},{1:2,4:3,6:4,8:8},{3:2,7:4,8:3},{5:6,6:4,7:1,8:8}]
k4_certs_4_n4_3.json.gz#259 amax_ndx2 n=4 m=9 vals=[{0:4,2:2,5:8,7:7},{1:6,4:3,6:2,8:10},{3:3,7:4,8:2},{5:4,6:6,7:8,8:5}]
k4_certs_4_n4_3.json.gz#259 amax_ndx2 n=4 m=9 vals=[{0:4,2:2,5:8,7:7},{1:6,4:3,6:2,8:10},{3:3,7:4,8:2},{5:4,6:6,7:8,8:5}]
k4_certs_4_n4_3.json.gz#256 keys_distinct_g n=4 m=9 vals=[{0:2,2:4,5:8,8:7},{1:4,4:3,7:8,8:6},{3:2,5:10,6:6,8:7},{6:3,7:4,8:2}]
k4_certs_4_n4_3.json.gz#256 amax_ndx2 n=4 m=9 vals=[{0:6,2:3,5:10,8:2},{1:3,4:6,7:2,8:10},{3:8,5:10,6:4,8:3},{6:4,7:3,8:2}]
k4_certs_4_n4_3.json.gz#256 keys_distinct_g n=4 m=9 vals=[{0:5,2:2,5:8,8:4},{1:3,4:2,7:8,8:4},{3:7,5:10,6:2,8:6},{6:2,7:4,8:3}]
k4_certs_4_n4_3.json.gz#256 amax_ndx2 n=4 m=9 vals=[{0:3,2:4,5:8,8:2},{1:2,4:3,7:4,8:8},{3:7,5:8,6:4,8:2},{6:4,7:3,8:2}]
k4_certs_4_n4_3.json.gz#256 FAIL_glob_r,lamU n=4 m=9 vals=[{0:6,2:3,5:2,8:10},{1:3,4:6,7:2,8:10},{3:5,5:6,6:3,8:7},{6:4,7:3,8:2}]
k4_certs_4_n4_3.json.gz#256 key_noncompletable n=4 m=9 vals=[{0:4,2:2,5:3,8:8},{1:6,4:5,7:4,8:8},{3:2,5:4,6:5,8:8},{6:3,7:2,8:4}]
k4_certs_4_n4_3.json.gz#256 FAIL_glob_r,lamU n=4 m=9 vals=[{0:4,2:2,5:3,8:8},{1:3,4:6,7:2,8:10},{3:8,5:6,6:4,8:1},{6:2,7:3,8:4}]
k4_certs_4_n4_3.json.gz#257 keys_distinct_g n=4 m=9 vals=[{0:2,2:6,5:7,8:10},{1:4,4:2,7:7,8:8},{3:7,5:6,6:2,7:10},{6:2,7:4,8:3}]
k4_certs_4_n4_3.json.gz#257 keys_distinct_g n=4 m=9 vals=[{0:4,2:2,5:7,8:8},{1:7,4:2,7:10,8:4},{3:3,5:8,6:6,7:10},{6:3,7:2,8:4}]
k4_certs_4_n4_3.json.gz#257 FAIL_glob_r,lamU n=4 m=9 vals=[{0:6,2:2,5:3,8:10},{1:6,4:3,7:2,8:10},{3:5,5:8,6:2,7:4},{6:3,7:2,8:4}]
k4_certs_4_n4_3.json.gz#258 amax_ndx2 n=4 m=9 vals=[{0:7,2:2,5:6,6:10},{1:1,4:6,7:8,8:4},{3:3,7:2,8:4},{5:6,6:4,7:3,8:8}]
k4_certs_4_n4_3.json.gz#258 amax_ndx2 n=4 m=9 vals=[{0:7,2:2,5:6,6:10},{1:1,4:6,7:8,8:4},{3:3,7:2,8:4},{5:6,6:4,7:3,8:8}]
k4_certs_4_n4_3.json.gz#258 amax_not_cert2 n=4 m=9 vals=[{0:2,2:5,5:4,6:8},{1:4,4:3,7:10,8:8},{3:2,7:4,8:3},{5:3,6:6,7:7,8:5}]
k4_certs_4_n4_3.json.gz#258 amax_not_cert2 n=4 m=9 vals=[{0:2,2:5,5:4,6:8},{1:4,4:3,7:10,8:8},{3:2,7:4,8:3},{5:3,6:6,7:7,8:5}]
k4_certs_4_n4_3.json.gz#258 keys_distinct_g n=4 m=9 vals=[{0:3,2:2,5:4,6:8},{1:2,4:7,7:6,8:10},{3:3,7:2,8:4},{5:4,6:8,7:5,8:6}]
k4_certs_4_n4_3.json.gz#258 keys_distinct_g n=4 m=9 vals=[{0:3,2:6,5:2,6:10},{1:6,4:2,7:10,8:7},{3:2,7:4,8:3},{5:3,6:8,7:4,8:6}]
k4_certs_4_n4_3.json.gz#262 keys_distinct_g n=4 m=9 vals=[{0:6,2:1,6:8,7:4},{1:6,4:2,7:7,8:10},{3:7,5:2,7:4,8:10},{5:3,6:4,8:2}]
k4_certs_4_n4_3.json.gz#262 keys_distinct_g n=4 m=9 vals=[{0:2,2:4,6:7,7:8},{1:2,4:7,7:10,8:6},{3:3,5:4,7:8,8:10},{5:3,6:2,8:4}]
k4_certs_4_n4_3.json.gz#262 amax_ndx2 n=4 m=9 vals=[{0:6,2:3,6:2,7:10},{1:4,4:2,7:8,8:7},{3:7,5:8,7:2,8:4},{5:4,6:3,8:2}]
k4_certs_4_n4_3.json.gz#262 amax_ndx2 n=4 m=9 vals=[{0:6,2:3,6:2,7:10},{1:4,4:2,7:8,8:7},{3:7,5:8,7:2,8:4},{5:4,6:3,8:2}]
k4_certs_4_n4_3.json.gz#262 FAIL_glob_r,lamU n=4 m=9 vals=[{0:2,2:4,6:3,7:8},{1:4,4:6,7:8,8:5},{3:6,5:2,7:10,8:3},{5:2,6:3,8:4}]
k4_certs_4_n4_3.json.gz#262 FAIL_glob_r,lamU n=4 m=9 vals=[{0:6,2:2,6:3,7:10},{1:4,4:5,7:8,8:6},{3:4,5:2,7:8,8:3},{5:2,6:4,8:3}]
k4_certs_4_n4_3.json.gz#261 keys_distinct_g n=4 m=9 vals=[{0:4,2:1,6:6,8:8},{1:2,4:3,7:8,8:4},{3:3,5:2,8:4},{5:4,6:6,7:8,8:3}]
k4_certs_4_n4_3.json.gz#261 keys_distinct_g n=4 m=9 vals=[{0:2,2:3,6:4,8:8},{1:2,4:3,7:8,8:4},{3:3,5:2,8:4},{5:4,6:6,7:8,8:3}]
k4_certs_4_n4_3.json.gz#261 amax_ndx2 n=4 m=9 vals=[{0:3,2:2,6:8,8:4},{1:1,4:6,7:4,8:8},{3:2,5:4,8:3},{5:3,6:8,7:6,8:4}]
k4_certs_4_n4_3.json.gz#261 FAIL_glob_r,lamU n=4 m=9 vals=[{0:2,2:6,6:3,8:10},{1:7,4:2,7:6,8:10},{3:3,5:2,8:4},{5:4,6:6,7:8,8:1}]
k4_certs_4_n4_3.json.gz#261 amax_ndx2 n=4 m=9 vals=[{0:4,2:3,6:6,8:8},{1:3,4:4,7:2,8:8},{3:2,5:4,8:3},{5:4,6:3,7:8,8:10}]
k4_certs_4_n4_3.json.gz#261 amax_not_cert2 n=4 m=9 vals=[{0:3,2:2,6:6,8:10},{1:2,4:7,7:4,8:10},{3:2,5:4,8:3},{5:8,6:4,7:3,8:2}]
k4_certs_4_n4_3.json.gz#261 amax_not_cert2 n=4 m=9 vals=[{0:3,2:2,6:6,8:10},{1:2,4:7,7:4,8:10},{3:2,5:4,8:3},{5:8,6:4,7:3,8:2}]
k4_certs_4_n4_3.json.gz#261 FAIL_glob_r,lamU n=4 m=9 vals=[{0:4,2:2,6:3,8:8},{1:3,4:4,7:2,8:8},{3:2,5:3,8:4},{5:4,6:8,7:6,8:1}]
k4_certs_4_n4_3.json.gz#260 keys_distinct_g n=4 m=9 vals=[{0:1,2:6,6:4,7:8},{1:2,4:7,6:6,8:10},{3:4,5:1,7:6,8:8},{5:2,7:4,8:3}]
k4_certs_4_n4_3.json.gz#260 keys_distinct_g n=4 m=9 vals=[{0:4,2:1,6:8,7:6},{1:2,4:5,6:8,8:4},{3:3,5:4,7:8,8:2},{5:2,7:4,8:3}]
k4_certs_4_n4_3.json.gz#263 keys_distinct_g n=4 m=9 vals=[{0:2,2:6,6:3,7:10},{1:2,4:6,7:7,8:10},{3:3,5:2,8:4},{5:6,6:7,7:10,8:2}]
k4_certs_4_n4_3.json.gz#263 amax_ndx2 n=4 m=9 vals=[{0:6,2:2,6:10,7:7},{1:6,4:3,7:10,8:2},{3:3,5:4,8:2},{5:4,6:5,7:8,8:6}]
k4_certs_4_n4_3.json.gz#263 keys_distinct_g n=4 m=9 vals=[{0:6,2:2,6:3,7:10},{1:6,4:1,7:8,8:4},{3:3,5:4,8:2},{5:8,6:4,7:5,8:6}]
k4_certs_4_n4_3.json.gz#263 amax_ndx2 n=4 m=9 vals=[{0:6,2:2,6:3,7:10},{1:6,4:1,7:8,8:4},{3:3,5:4,8:2},{5:8,6:4,7:5,8:6}]
k4_certs_4_n4_3.json.gz#263 FAIL_glob_r,lamU n=4 m=9 vals=[{0:3,2:6,6:2,7:10},{1:6,4:3,7:10,8:2},{3:3,5:2,8:4},{5:6,6:4,7:8,8:1}]
k4_certs_4_n4_3.json.gz#263 FAIL_glob_r,lamU n=4 m=9 vals=[{0:3,2:6,6:2,7:10},{1:3,4:8,7:10,8:4},{3:4,5:2,8:3},{5:2,6:3,7:8,8:4}]
k4_certs_4_n4_3.json.gz#265 keys_distinct_g n=4 m=9 vals=[{0:6,2:1,7:8,8:4},{1:2,4:5,7:8,8:4},{3:7,5:10,6:2,7:4},{5:4,6:3,8:2}]
k4_certs_4_n4_3.json.gz#265 keys_distinct_g n=4 m=9 vals=[{0:6,2:3,7:10,8:8},{1:6,4:2,7:10,8:3},{3:4,5:1,6:8,7:6},{5:3,6:4,8:2}]
k4_certs_4_n4_3.json.gz#265 FAIL_glob_r,lamU n=4 m=9 vals=[{0:2,2:7,7:10,8:4},{1:4,4:3,7:8,8:2},{3:2,5:7,6:4,7:8},{5:2,6:3,8:4}]
k4_certs_4_n4_3.json.gz#265 FAIL_glob_r,lamU n=4 m=9 vals=[{0:3,2:4,7:8,8:2},{1:4,4:6,7:8,8:3},{3:4,5:3,6:2,7:8},{5:2,6:3,8:4}]
k4_certs_4_n4_3.json.gz#266 amax_ndx2 n=4 m=9 vals=[{0:2,2:6,7:10,8:3},{1:6,4:2,7:10,8:7},{3:3,5:4,6:2},{5:4,6:6,7:8,8:3}]
k4_certs_4_n4_3.json.gz#266 amax_ndx2 n=4 m=9 vals=[{0:4,2:2,7:8,8:7},{1:1,4:6,7:8,8:4},{3:3,5:2,6:4},{5:4,6:6,7:8,8:5}]
k4_certs_4_n4_3.json.gz#266 FAIL_glob_r,lamU n=4 m=9 vals=[{0:6,2:3,7:10,8:2},{1:3,4:4,7:8,8:2},{3:3,5:2,6:4},{5:6,6:3,7:10,8:8}]
k4_certs_4_n4_3.json.gz#266 FAIL_glob_r,lamU n=4 m=9 vals=[{0:4,2:3,7:8,8:2},{1:3,4:4,7:8,8:2},{3:4,5:3,6:2},{5:4,6:2,7:8,8:7}]
k4_certs_4_n4_3.json.gz#264 keys_distinct_g n=4 m=9 vals=[{0:2,2:6,7:10,8:7},{1:6,4:3,7:10,8:2},{3:2,5:10,6:7,8:6},{5:4,6:2,8:3}]
k4_certs_4_n4_3.json.gz#264 keys_distinct_g n=4 m=9 vals=[{0:6,2:3,7:10,8:8},{1:7,4:2,7:10,8:6},{3:1,5:8,6:6,8:4},{5:4,6:2,8:3}]
k4_certs_4_n4_3.json.gz#264 amax_not_cert2 n=4 m=9 vals=[{0:2,2:3,7:10,8:6},{1:3,4:2,7:10,8:6},{3:4,5:2,6:5,8:8},{5:4,6:3,8:2}]
k4_certs_4_n4_3.json.gz#264 amax_not_cert2 n=4 m=9 vals=[{0:2,2:3,7:10,8:6},{1:3,4:2,7:10,8:6},{3:4,5:2,6:5,8:8},{5:4,6:3,8:2}]
k4_certs_4_n4_3.json.gz#264 FAIL_glob_r,lamU n=4 m=9 vals=[{0:3,2:2,7:6,8:10},{1:6,4:3,7:4,8:8},{3:6,5:2,6:3,8:10},{5:4,6:3,8:2}]
k4_certs_4_n4_3.json.gz#267 FAIL_glob_r,lamU n=4 m=9 vals=[{0:4,2:3,7:2,8:8},{1:3,5:6,7:5,8:7},{3:5,6:2,7:4,8:8},{4:2,7:4,8:3}]
k4_certs_4_n4_3.json.gz#267 FAIL_glob_r,lamU n=4 m=9 vals=[{0:3,2:6,7:4,8:8},{1:3,5:4,7:2,8:8},{3:4,6:3,7:2,8:8},{4:2,7:4,8:3}]
k4_certs_4_n4_3.json.gz#270 keys_distinct_g n=4 m=9 vals=[{0:6,2:2,6:3,7:10},{1:7,5:2,6:10,8:6},{3:4,6:8,7:6,8:5},{4:3,7:4,8:2}]
k4_certs_4_n4_3.json.gz#270 amax_ndx2 n=4 m=9 vals=[{0:6,2:2,6:3,7:10},{1:7,5:2,6:10,8:6},{3:4,6:8,7:6,8:5},{4:3,7:4,8:2}]
k4_certs_4_n4_3.json.gz#270 keys_distinct_g n=4 m=9 vals=[{0:6,2:2,6:7,7:10},{1:2,5:7,6:6,8:10},{3:6,6:3,7:10,8:8},{4:2,7:3,8:4}]
k4_certs_4_n4_3.json.gz#270 amax_ndx2 n=4 m=9 vals=[{0:2,2:7,6:10,7:4},{1:4,5:3,6:6,8:8},{3:8,6:10,7:3,8:4},{4:2,7:4,8:3}]
k4_certs_4_n4_3.json.gz#270 amax_not_cert2 n=4 m=9 vals=[{0:4,2:2,6:10,7:7},{1:2,5:4,6:10,8:7},{3:6,6:5,7:7,8:3},{4:3,7:4,8:2}]
k4_certs_4_n4_3.json.gz#270 amax_not_cert2 n=4 m=9 vals=[{0:4,2:2,6:10,7:7},{1:2,5:4,6:10,8:7},{3:6,6:5,7:7,8:3},{4:3,7:4,8:2}]
k4_certs_4_n4_3.json.gz#270 prof_cert n=4 m=9 vals=[{0:2,2:7,6:4,7:10},{1:4,5:2,6:7,8:10},{3:3,6:5,7:7,8:6},{4:2,7:3,8:4}]
k4_certs_4_n4_3.json.gz#270 prof_cert n=4 m=9 vals=[{0:6,2:2,6:7,7:10},{1:4,5:3,6:8,8:10},{3:5,6:3,7:7,8:6},{4:2,7:3,8:4}]
k4_certs_4_n4_3.json.gz#271 keys_distinct_g n=4 m=9 vals=[{0:3,2:2,5:8,6:4},{1:6,5:10,7:8,8:3},{3:2,6:7,7:4,8:10},{4:3,7:2,8:4}]
k4_certs_4_n4_3.json.gz#271 amax_ndx2 n=4 m=9 vals=[{0:3,2:6,5:10,6:2},{1:8,5:3,7:10,8:6},{3:3,6:6,7:10,8:8},{4:3,7:2,8:4}]
k4_certs_4_n4_3.json.gz#271 amax_ndx2 n=4 m=9 vals=[{0:3,2:6,5:2,6:10},{1:2,5:4,7:5,8:8},{3:5,6:6,7:8,8:4},{4:3,7:4,8:2}]
k4_certs_4_n4_3.json.gz#271 keys_distinct_g n=4 m=9 vals=[{0:2,2:3,5:10,6:6},{1:6,5:8,7:5,8:4},{3:6,6:2,7:3,8:10},{4:3,7:2,8:4}]
k4_certs_4_n4_3.json.gz#269 keys_distinct_g n=4 m=9 vals=[{0:2,2:3,7:6,8:10},{1:4,5:1,7:8,8:6},{3:6,6:4,7:8,8:3},{4:3,6:2,8:4}]
k4_certs_4_n4_3.json.gz#269 amax_ndx2 n=4 m=9 vals=[{0:3,2:2,7:4,8:8},{1:6,5:2,7:10,8:7},{3:3,6:5,7:6,8:7},{4:3,6:4,8:2}]
k4_certs_4_n4_3.json.gz#269 keys_distinct_g n=4 m=9 vals=[{0:6,2:2,7:7,8:10},{1:2,5:4,7:10,8:7},{3:7,6:4,7:10,8:2},{4:2,6:3,8:4}]
k4_certs_4_n4_3.json.gz#269 amax_ndx2 n=4 m=9 vals=[{0:2,2:7,7:4,8:10},{1:2,5:4,7:8,8:7},{3:8,6:3,7:6,8:10},{4:3,6:2,8:4}]
k4_certs_4_n4_3.json.gz#269 FAIL_glob_r,lamU n=4 m=9 vals=[{0:2,2:7,7:4,8:8},{1:3,5:2,7:4,8:8},{3:3,6:4,7:2,8:8},{4:4,6:3,8:2}]
k4_certs_4_n4_3.json.gz#269 FAIL_glob_r,lamU n=4 m=9 vals=[{0:6,2:1,7:4,8:8},{1:2,5:3,7:4,8:8},{3:4,6:1,7:8,8:6},{4:3,6:2,8:4}]
k4_certs_4_n4_3.json.gz#268 keys_distinct_g n=4 m=9 vals=[{0:7,2:2,6:10,8:4},{1:2,5:4,7:10,8:7},{3:6,6:10,7:3,8:8},{4:3,7:4,8:2}]
k4_certs_4_n4_3.json.gz#268 amax_ndx2 n=4 m=9 vals=[{0:4,2:3,6:8,8:6},{1:3,5:4,7:10,8:8},{3:6,6:5,7:3,8:7},{4:3,7:2,8:4}]
k4_certs_4_n4_3.json.gz#268 amax_ndx2 n=4 m=9 vals=[{0:4,2:3,6:8,8:6},{1:3,5:4,7:10,8:8},{3:6,6:5,7:3,8:7},{4:3,7:2,8:4}]
k4_certs_4_n4_3.json.gz#268 keys_distinct_g n=4 m=9 vals=[{0:2,2:4,6:7,8:8},{1:1,5:6,7:8,8:4},{3:5,6:4,7:8,8:6},{4:3,7:2,8:4}]
k4_certs_4_n4_3.json.gz#268 FAIL_glob_r,lamU n=4 m=9 vals=[{0:2,2:7,6:6,8:10},{1:6,5:3,7:2,8:10},{3:7,6:4,7:2,8:8},{4:2,7:3,8:4}]
k4_certs_4_n4_3.json.gz#268 FAIL_glob_r,lamU n=4 m=9 vals=[{0:6,2:3,6:2,8:10},{1:6,5:3,7:2,8:10},{3:5,6:7,7:3,8:6},{4:2,7:3,8:4}]
k4_certs_4_n4_3.json.gz#272 FAIL_glob_r,lamU n=4 m=9 vals=[{0:3,2:4,5:2,8:8},{1:3,5:4,7:6,8:8},{3:6,6:3,7:10,8:2},{4:3,6:2,8:4}]
k4_certs_4_n4_3.json.gz#272 keys_distinct_g n=4 m=9 vals=[{0:2,2:4,5:8,8:7},{1:3,5:8,7:4,8:6},{3:6,6:10,7:3,8:8},{4:3,6:4,8:2}]
k4_certs_4_n4_3.json.gz#272 FAIL_glob_r,lamU n=4 m=9 vals=[{0:2,2:8,5:7,8:4},{1:3,5:6,7:2,8:10},{3:6,6:2,7:3,8:10},{4:3,6:2,8:4}]
k4_certs_4_n4_3.json.gz#272 keys_distinct_g n=4 m=9 vals=[{0:4,2:2,5:3,8:8},{1:3,5:6,7:10,8:2},{3:7,6:4,7:8,8:2},{4:3,6:2,8:4}]
k4_certs_4_n4_3.json.gz#272 amax_ndx2 n=4 m=9 vals=[{0:6,2:2,5:3,8:10},{1:4,5:2,7:10,8:7},{3:5,6:7,7:6,8:3},{4:3,6:4,8:2}]
k4_certs_4_n4_3.json.gz#272 amax_ndx2 n=4 m=9 vals=[{0:6,2:2,5:3,8:10},{1:4,5:2,7:10,8:7},{3:5,6:7,7:6,8:3},{4:3,6:4,8:2}]
k4_certs_4_n4_3.json.gz#274 keys_distinct_g n=4 m=9 vals=[{0:3,2:2,5:10,7:6},{1:2,5:8,7:4,8:7},{3:1,6:8,7:6,8:4},{4:3,6:4,8:2}]
k4_certs_4_n4_3.json.gz#274 keys_distinct_g n=4 m=9 vals=[{0:2,2:3,5:4,7:8},{1:6,5:3,7:2,8:10},{3:6,6:3,7:8,8:4},{4:2,6:3,8:4}]
k4_certs_4_n4_3.json.gz#274 amax_ndx2 n=4 m=9 vals=[{0:2,2:3,5:4,7:8},{1:6,5:3,7:2,8:10},{3:6,6:3,7:8,8:4},{4:2,6:3,8:4}]
k4_certs_4_n4_3.json.gz#274 amax_ndx2 n=4 m=9 vals=[{0:4,2:2,5:3,7:8},{1:2,5:4,7:7,8:8},{3:5,6:4,7:8,8:6},{4:2,6:3,8:4}]
k4_certs_4_n4_3.json.gz#273 FAIL_glob_r,lamU n=4 m=9 vals=[{0:6,2:3,5:2,8:10},{1:3,5:2,8:4},{3:3,6:6,7:10,8:8},{4:3,6:4,7:6,8:8}]
k4_certs_4_n4_3.json.gz#273 keys_distinct_g n=4 m=9 vals=[{0:7,2:2,5:10,8:6},{1:2,5:4,8:3},{3:1,6:8,7:6,8:4},{4:6,6:10,7:2,8:3}]
k4_certs_4_n4_3.json.gz#273 FAIL_glob_r,lamU n=4 m=9 vals=[{0:3,2:6,5:2,8:10},{1:2,5:3,8:4},{3:3,6:4,7:2,8:8},{4:8,6:5,7:6,8:4}]
k4_certs_4_n4_3.json.gz#273 keys_distinct_g n=4 m=9 vals=[{0:4,2:2,5:8,8:5},{1:3,5:4,8:2},{3:6,6:10,7:3,8:2},{4:4,6:8,7:3,8:6}]
k4_certs_4_n4_3.json.gz#275 keys_distinct_g n=4 m=9 vals=[{0:4,2:2,5:8,7:5},{1:2,5:4,8:3},{3:3,6:4,7:10,8:8},{4:3,6:2,7:8,8:4}]
k4_certs_4_n4_3.json.gz#275 keys_distinct_g n=4 m=9 vals=[{0:2,2:4,5:7,7:8},{1:3,5:2,8:4},{3:2,6:3,7:4,8:8},{4:3,6:4,7:8,8:6}]
k4_certs_4_n4_3.json.gz#275 FAIL_glob_r,lamU n=4 m=9 vals=[{0:3,2:6,5:5,7:7},{1:3,5:2,8:4},{3:6,6:2,7:3,8:10},{4:4,6:3,7:2,8:8}]
k4_certs_4_n4_3.json.gz#276 amax_ndx2 n=4 m=9 vals=[{0:3,2:4,6:2,8:8},{1:6,5:10,6:2,7:3},{3:5,5:3,7:6,8:7},{4:3,7:4,8:2}]
k4_certs_4_n4_3.json.gz#276 keys_distinct_g n=4 m=9 vals=[{0:3,2:6,6:8,8:10},{1:6,5:2,6:7,7:10},{3:6,5:2,7:7,8:10},{4:2,7:4,8:3}]
k4_certs_4_n4_3.json.gz#276 keys_distinct_g n=4 m=9 vals=[{0:2,2:4,6:3,8:8},{1:7,5:10,6:2,7:6},{3:2,5:8,7:3,8:4},{4:2,7:3,8:4}]
k4_certs_4_n4_3.json.gz#276 FAIL_glob_r,lamU n=4 m=9 vals=[{0:3,2:2,6:4,8:8},{1:10,5:4,6:8,7:3},{3:3,5:6,7:2,8:10},{4:2,7:3,8:4}]
k4_certs_4_n4_3.json.gz#278 keys_distinct_g n=4 m=9 vals=[{0:4,2:2,7:5,8:8},{1:4,5:2,6:7,7:8},{3:2,5:4,7:8,8:3},{4:3,6:2,8:4}]
k4_certs_4_n4_3.json.gz#278 keys_distinct_g n=4 m=9 vals=[{0:3,2:2,7:4,8:8},{1:2,5:6,6:10,7:7},{3:2,5:7,7:4,8:8},{4:3,6:4,8:2}]
k4_certs_4_n4_3.json.gz#278 FAIL_glob_r,lamU n=4 m=9 vals=[{0:6,2:3,7:2,8:10},{1:7,5:2,6:6,7:10},{3:1,5:6,7:4,8:8},{4:3,6:2,8:4}]
k4_certs_4_n4_3.json.gz#278 FAIL_glob_r,lamU n=4 m=9 vals=[{0:3,2:6,7:2,8:10},{1:4,5:6,6:3,7:8},{3:4,5:2,7:3,8:8},{4:2,6:3,8:4}]
k4_certs_4_n4_3.json.gz#277 keys_distinct_g n=4 m=9 vals=[{0:3,2:6,7:10,8:2},{1:6,5:2,6:10,7:7},{3:2,5:4,6:8,8:5},{4:3,7:4,8:2}]
k4_certs_4_n4_3.json.gz#277 keys_distinct_g n=4 m=9 vals=[{0:3,2:2,7:4,8:8},{1:4,5:8,6:1,7:6},{3:3,5:10,6:6,8:8},{4:2,7:3,8:4}]
k4_certs_4_n4_3.json.gz#279 keys_distinct_g n=4 m=9 vals=[{0:2,2:6,7:10,8:3},{1:3,5:2,6:4},{3:2,5:4,7:10,8:7},{4:2,6:8,7:4,8:5}]
k4_certs_4_n4_3.json.gz#279 keys_distinct_g n=4 m=9 vals=[{0:2,2:3,7:6,8:10},{1:3,5:2,6:4},{3:3,5:6,7:4,8:8},{4:3,6:10,7:4,8:8}]
k4_certs_4_n4_3.json.gz#279 amax_ndx2 n=4 m=9 vals=[{0:3,2:2,7:6,8:10},{1:3,5:2,6:4},{3:2,5:6,7:7,8:10},{4:4,6:8,7:5,8:6}]
k4_certs_4_n4_3.json.gz#279 amax_ndx2 n=4 m=9 vals=[{0:3,2:2,7:6,8:10},{1:3,5:2,6:4},{3:2,5:6,7:7,8:10},{4:4,6:8,7:5,8:6}]
k4_certs_4_n4_3.json.gz#280 keys_distinct_g n=4 m=9 vals=[{0:3,2:6,4:2,5:10},{1:3,4:4,6:8,8:2},{3:7,5:8,7:4,8:2},{6:4,7:2,8:3}]
k4_certs_4_n4_3.json.gz#280 amax_ndx2 n=4 m=9 vals=[{0:2,2:3,4:4,5:8},{1:2,4:3,6:6,8:10},{3:4,5:8,7:6,8:5},{6:3,7:4,8:2}]
k4_certs_4_n4_3.json.gz#280 keys_distinct_g n=4 m=9 vals=[{0:2,2:3,4:8,5:4},{1:7,4:8,6:2,8:4},{3:3,5:2,7:8,8:4},{6:3,7:4,8:2}]
k4_certs_4_n4_3.json.gz#280 amax_ndx2 n=4 m=9 vals=[{0:3,2:2,4:4,5:8},{1:6,4:3,6:2,8:10},{3:8,5:4,7:10,8:3},{6:3,7:4,8:2}]
k4_certs_4_n4_3.json.gz#282 keys_distinct_g n=4 m=9 vals=[{0:6,2:2,4:10,6:3},{1:6,4:10,6:2,8:7},{3:4,5:3,7:10,8:8},{5:3,7:4,8:2}]
k4_certs_4_n4_3.json.gz#282 keys_distinct_g n=4 m=9 vals=[{0:3,2:2,4:8,6:4},{1:4,4:8,6:2,8:5},{3:6,5:8,7:1,8:4},{5:4,7:3,8:2}]
k4_certs_4_n4_3.json.gz#281 keys_distinct_g n=4 m=9 vals=[{0:4,2:3,4:8,5:2},{1:3,4:8,7:4,8:6},{3:3,6:10,7:4,8:8},{5:3,6:4,8:2}]
k4_certs_4_n4_3.json.gz#281 keys_distinct_g n=4 m=9 vals=[{0:3,2:6,4:10,5:2},{1:3,4:10,7:4,8:8},{3:1,6:8,7:6,8:4},{5:3,6:4,8:2}]
k4_certs_4_n4_3.json.gz#281 FAIL_glob_r,lamU n=4 m=9 vals=[{0:2,2:4,4:8,5:3},{1:6,4:3,7:2,8:10},{3:4,6:2,7:3,8:8},{5:3,6:2,8:4}]
k4_certs_4_n4_3.json.gz#281 FAIL_glob_r,lamU n=4 m=9 vals=[{0:2,2:7,4:8,5:4},{1:6,4:2,7:3,8:10},{3:3,6:2,7:6,8:10},{5:2,6:3,8:4}]
k4_certs_4_n4_3.json.gz#283 FAIL_glob_r,lamU n=4 m=9 vals=[{0:4,2:2,4:3,8:8},{1:8,4:4,6:3,7:2},{3:4,5:2,6:3,8:8},{5:3,7:2,8:4}]
k4_certs_4_n4_3.json.gz#283 keys_distinct_g n=4 m=9 vals=[{0:4,2:2,4:10,8:7},{1:2,4:8,6:4,7:5},{3:2,5:10,6:6,8:7},{5:4,7:2,8:3}]
k4_certs_4_n4_3.json.gz#283 keys_distinct_g n=4 m=9 vals=[{0:6,2:2,4:10,8:7},{1:6,4:10,6:3,7:2},{3:4,5:8,6:2,8:7},{5:4,7:3,8:2}]
k4_certs_4_n4_3.json.gz#284 keys_distinct_g n=4 m=9 vals=[{0:6,2:2,4:3,8:10},{1:6,4:3,6:10,8:2},{3:2,5:7,6:8,7:4},{5:3,7:2,8:4}]
k4_certs_4_n4_3.json.gz#284 keys_distinct_g n=4 m=9 vals=[{0:2,2:6,4:3,8:10},{1:6,4:3,6:10,8:8},{3:2,5:4,6:8,7:5},{5:3,7:2,8:4}]
k4_certs_4_n4_3.json.gz#287 keys_distinct_g n=4 m=9 vals=[{0:2,2:3,4:8,7:4},{1:2,4:4,8:3},{3:3,5:10,6:6,8:8},{5:10,6:2,7:3,8:6}]
k4_certs_4_n4_3.json.gz#287 keys_distinct_g n=4 m=9 vals=[{0:1,2:6,4:8,7:4},{1:3,4:4,8:2},{3:2,5:10,6:3,8:6},{5:10,6:2,7:7,8:6}]
k4_certs_4_n4_3.json.gz#285 amax_ndx2 n=4 m=9 vals=[{0:2,2:6,4:3,7:10},{1:6,4:2,6:10,8:3},{3:3,5:4,8:2},{5:2,6:4,7:8,8:7}]
k4_certs_4_n4_3.json.gz#285 keys_distinct_g n=4 m=9 vals=[{0:6,2:2,4:3,7:10},{1:4,4:3,6:8,8:10},{3:3,5:2,8:4},{5:4,6:6,7:8,8:1}]
k4_certs_4_n4_3.json.gz#285 keys_distinct_g n=4 m=9 vals=[{0:4,2:3,4:8,7:2},{1:7,4:10,6:2,8:4},{3:2,5:4,8:3},{5:8,6:5,7:2,8:4}]
k4_certs_4_n4_3.json.gz#286 amax_not_cert2 n=4 m=9 vals=[{0:2,2:3,4:4,8:8},{1:2,4:7,6:4,7:10},{3:2,5:4,8:3},{5:8,6:2,7:5,8:4}]
k4_certs_4_n4_3.json.gz#286 amax_not_cert2 n=4 m=9 vals=[{0:2,2:3,4:4,8:8},{1:2,4:7,6:4,7:10},{3:2,5:4,8:3},{5:8,6:2,7:5,8:4}]
k4_certs_4_n4_3.json.gz#286 amax_ndx2 n=4 m=9 vals=[{0:6,2:3,4:2,8:10},{1:7,4:2,6:4,7:10},{3:2,5:3,8:4},{5:5,6:4,7:6,8:8}]
k4_certs_4_n4_3.json.gz#286 keys_distinct_g n=4 m=9 vals=[{0:4,2:1,4:8,8:6},{1:3,4:10,6:6,7:2},{3:3,5:4,8:2},{5:10,6:6,7:2,8:3}]
k4_certs_4_n4_3.json.gz#286 keys_distinct_g n=4 m=9 vals=[{0:6,2:3,4:10,8:8},{1:2,4:8,6:4,7:3},{3:3,5:4,8:2},{5:8,6:2,7:5,8:4}]
k4_certs_4_n4_3.json.gz#288 keys_distinct_g n=4 m=9 vals=[{0:4,2:3,4:2,8:8},{1:6,4:2,7:10,8:7},{3:6,5:8,6:3,8:10},{5:3,6:2,7:4}]
k4_certs_4_n4_3.json.gz#288 keys_distinct_g n=4 m=9 vals=[{0:4,2:2,4:3,8:8},{1:2,4:4,7:8,8:5},{3:7,5:2,6:6,8:10},{5:3,6:2,7:4}]
k4_certs_4_n4_3.json.gz#288 FAIL_glob_r,lamU n=4 m=9 vals=[{0:4,2:3,4:2,8:8},{1:2,4:7,7:4,8:8},{3:4,5:3,6:2,8:8},{5:2,6:3,7:4}]
k4_certs_4_n4_3.json.gz#289 FAIL_glob_r,lamU n=4 m=9 vals=[{0:2,2:7,4:4,8:8},{1:3,4:4,7:2,8:8},{3:3,5:2,6:4},{5:7,6:6,7:2,8:10}]
k4_certs_4_n4_3.json.gz#289 amax_ndx2 n=4 m=9 vals=[{0:3,2:4,4:2,8:8},{1:2,4:4,7:8,8:5},{3:3,5:2,6:4},{5:6,6:5,7:7,8:3}]
k4_certs_4_n4_3.json.gz#289 amax_ndx2 n=4 m=9 vals=[{0:4,2:2,4:3,8:8},{1:6,4:2,7:10,8:7},{3:3,5:2,6:4},{5:4,6:5,7:6,8:8}]
k4_certs_4_n4_3.json.gz#289 FAIL_glob_r,lamU n=4 m=9 vals=[{0:4,2:3,4:2,8:8},{1:3,4:8,7:4,8:10},{3:3,5:2,6:4},{5:6,6:2,7:3,8:10}]
k4_certs_4_n4_3.json.gz#290 FAIL_glob_r,lamU n=4 m=9 vals=[{0:3,2:4,4:2,8:8},{1:4,4:3,7:2},{3:6,5:4,6:5,8:8},{5:2,6:3,7:6,8:10}]
k4_certs_4_n4_3.json.gz#290 keys_distinct_g n=4 m=9 vals=[{0:2,2:4,4:8,8:3},{1:3,4:4,7:2},{3:2,5:6,6:10,8:3},{5:3,6:10,7:8,8:6}]
k4_certs_4_n4_3.json.gz#290 keys_distinct_g n=4 m=9 vals=[{0:4,2:2,4:8,8:7},{1:3,4:4,7:2},{3:3,5:8,6:2,8:4},{5:8,6:1,7:6,8:4}]
k4_certs_4_n4_3.json.gz#290 FAIL_glob_r,lamU n=4 m=9 vals=[{0:6,2:4,4:5,8:8},{1:4,4:3,7:2},{3:6,5:2,6:3,8:10},{5:2,6:6,7:3,8:10}]
k4_certs_4_n4_3.json.gz#291 keys_distinct_g n=4 m=9 vals=[{0:2,2:4,4:8,8:7},{1:3,4:4,8:2},{3:3,5:2,6:8,7:4},{5:1,6:8,7:6,8:4}]
k4_certs_4_n4_3.json.gz#291 keys_distinct_g n=4 m=9 vals=[{0:4,2:2,4:10,8:7},{1:3,4:4,8:2},{3:2,5:8,6:3,7:4},{5:10,6:4,7:2,8:7}]
k4_certs_4_n4_3.json.gz#292 FAIL_glob_r,lamU n=4 m=9 vals=[{0:6,2:3,7:2,8:10},{1:7,4:10,5:2,6:6},{3:3,4:2,5:6,8:10},{6:2,7:3,8:4}]
k4_certs_4_n4_3.json.gz#292 keys_distinct_g n=4 m=9 vals=[{0:4,2:3,7:8,8:6},{1:2,4:8,5:4,6:3},{3:4,4:8,5:3,8:6},{6:3,7:4,8:2}]
k4_certs_4_n4_3.json.gz#292 keys_distinct_g n=4 m=9 vals=[{0:4,2:3,7:8,8:2},{1:4,4:3,5:8,6:6},{3:2,4:5,5:8,8:4},{6:2,7:4,8:3}]
k4_certs_4_n4_3.json.gz#292 FAIL_glob_r,lamU n=4 m=9 vals=[{0:6,2:3,7:2,8:10},{1:8,4:3,5:10,6:4},{3:2,4:7,5:4,8:10},{6:2,7:3,8:4}]
k4_certs_4_n4_3.json.gz#293 keys_distinct_g n=4 m=9 vals=[{0:6,2:3,6:2,7:10},{1:7,4:8,5:2,8:4},{3:3,4:4,8:2},{5:7,6:2,7:10,8:6}]
k4_certs_4_n4_3.json.gz#293 keys_distinct_g n=4 m=9 vals=[{0:2,2:6,6:10,7:3},{1:3,4:8,5:4,8:2},{3:3,4:4,8:2},{5:1,6:8,7:6,8:4}]
k4_certs_4_n4_3.json.gz#294 FAIL_glob_r,lamU n=4 m=9 vals=[{0:6,2:3,7:2,8:10},{1:6,4:3,5:5,6:7},{3:2,4:3,8:4},{5:3,6:2,7:6,8:10}]
k4_certs_4_n4_3.json.gz#294 FAIL_glob_r,lamU n=4 m=9 vals=[{0:4,2:2,7:3,8:8},{1:1,4:4,5:8,6:6},{3:3,4:2,8:4},{5:2,6:3,7:6,8:10}]
k4_certs_4_n4_3.json.gz#294 keys_distinct_g n=4 m=9 vals=[{0:4,2:2,7:3,8:8},{1:3,4:8,5:4,6:10},{3:3,4:2,8:4},{5:6,6:8,7:1,8:4}]
k4_certs_4_n4_3.json.gz#296 keys_distinct_g n=4 m=9 vals=[{0:2,2:6,5:10,8:3},{1:3,4:8,7:4,8:10},{3:2,6:3,7:6,8:10},{4:2,5:4,6:3}]
k4_certs_4_n4_3.json.gz#296 keys_distinct_g n=4 m=9 vals=[{0:3,2:2,5:6,8:10},{1:6,4:8,7:1,8:4},{3:2,6:5,7:4,8:8},{4:4,5:3,6:2}]
k4_certs_4_n4_3.json.gz#296 FAIL_glob_r,lamU n=4 m=9 vals=[{0:8,2:4,5:3,8:10},{1:3,4:6,7:2,8:10},{3:3,6:2,7:4,8:8},{4:2,5:4,6:3}]
k4_certs_4_n4_3.json.gz#297 keys_distinct_g n=4 m=9 vals=[{0:6,2:2,5:3,8:10},{1:3,4:8,7:10,8:4},{3:3,6:2,7:4},{4:4,5:1,6:6,8:8}]
k4_certs_4_n4_3.json.gz#297 keys_distinct_g n=4 m=9 vals=[{0:2,2:6,5:10,8:3},{1:6,4:3,7:10,8:8},{3:2,6:3,7:4},{4:2,5:8,6:4,8:5}]
k4_certs_4_n4_3.json.gz#295 keys_distinct_g n=4 m=9 vals=[{0:2,2:3,4:8,5:4},{1:2,6:7,7:10,8:4},{3:4,6:3,7:8,8:6},{4:4,5:3,8:2}]
k4_certs_4_n4_3.json.gz#295 keys_distinct_g n=4 m=9 vals=[{0:2,2:6,4:3,5:10},{1:2,6:3,7:8,8:4},{3:6,6:2,7:10,8:7},{4:3,5:4,8:2}]
k4_certs_4_n4_3.json.gz#298 keys_distinct_g n=4 m=9 vals=[{0:3,2:6,7:10,8:8},{1:6,4:3,6:2,8:10},{3:3,5:2,8:4},{4:4,5:7,6:2,7:8}]
k4_certs_4_n4_3.json.gz#298 keys_distinct_g n=4 m=9 vals=[{0:2,2:4,7:8,8:3},{1:4,4:3,6:6,8:8},{3:2,5:3,8:4},{4:1,5:6,6:4,7:8}]
k4_certs_4_n4_3.json.gz#298 FAIL_glob_r,lamU n=4 m=9 vals=[{0:4,2:2,7:3,8:8},{1:3,4:4,6:2,8:8},{3:3,5:2,8:4},{4:3,5:2,6:10,7:6}]
k4_certs_4_n4_3.json.gz#300 keys_distinct_g n=4 m=9 vals=[{0:2,2:7,3:10,7:6},{1:2,7:3,8:4},{3:8,4:2,5:4,6:3},{4:3,5:2,6:6,8:10}]
k4_certs_4_n4_3.json.gz#300 keys_distinct_g n=4 m=9 vals=[{0:4,2:2,3:8,7:7},{1:3,7:2,8:4},{3:8,4:3,5:2,6:4},{4:6,5:2,6:3,8:10}]
k4_certs_4_n4_3.json.gz#302 keys_distinct_g n=4 m=9 vals=[{0:3,2:4,4:8,7:2},{1:3,3:6,7:4,8:8},{3:7,4:8,5:4,6:2},{5:2,6:3,8:4}]
k4_certs_4_n4_3.json.gz#302 keys_distinct_g n=4 m=9 vals=[{0:3,2:2,4:4,7:8},{1:6,3:3,7:10,8:8},{3:6,4:2,5:3,6:10},{5:3,6:4,8:2}]
k4_certs_4_n4_3.json.gz#304 keys_distinct_g n=4 m=9 vals=[{0:3,2:6,5:2,8:10},{1:4,3:8,4:2,7:7},{3:10,4:2,5:7,6:4},{6:2,7:3,8:4}]
k4_certs_4_n4_3.json.gz#304 keys_distinct_g n=4 m=9 vals=[{0:2,2:3,5:6,8:10},{1:7,3:2,4:10,7:6},{3:6,4:10,5:3,6:8},{6:3,7:2,8:4}]
k4_certs_4_n4_3.json.gz#303 keys_distinct_g n=4 m=9 vals=[{0:4,2:3,4:8,7:2},{1:2,3:3,8:4},{3:8,4:10,5:3,6:4},{5:3,6:2,7:6,8:10}]
k4_certs_4_n4_3.json.gz#303 keys_distinct_g n=4 m=9 vals=[{0:6,2:3,4:10,7:2},{1:3,3:2,8:4},{3:6,4:10,5:7,6:2},{5:5,6:2,7:4,8:8}]
k4_certs_4_n4_3.json.gz#305 keys_distinct_g n=4 m=9 vals=[{0:2,2:3,7:8,8:4},{1:2,3:3,4:4,5:8},{3:4,4:2,5:10,6:7},{6:2,7:4,8:3}]
k4_certs_4_n4_3.json.gz#306 keys_distinct_g n=4 m=9 vals=[{0:3,2:4,7:2,8:8},{1:6,3:10,4:3,7:2},{3:7,4:6,5:5,6:3},{5:3,6:2,8:4}]
k4_certs_4_n4_3.json.gz#306 keys_distinct_g n=4 m=9 vals=[{0:2,2:6,7:3,8:10},{1:3,3:2,4:10,7:6},{3:2,4:8,5:7,6:4},{5:3,6:2,8:4}]
k4_certs_4_n4_3.json.gz#309 keys_distinct_g n=4 m=9 vals=[{0:7,4:6,5:2,6:10},{1:6,4:4,7:1,8:8},{2:2,5:6,7:3,8:10},{3:3,6:4,8:2}]
k4_certs_4_n4_3.json.gz#309 FAIL_glob_r,lamU n=4 m=9 vals=[{0:8,4:4,5:10,6:3},{1:3,4:4,7:2,8:8},{2:6,5:2,7:3,8:10},{3:3,6:2,8:4}]
k4_certs_4_n4_3.json.gz#309 keys_distinct_g n=4 m=9 vals=[{0:2,4:4,5:8,6:7},{1:2,4:6,7:3,8:10},{2:6,5:8,7:1,8:4},{3:3,6:2,8:4}]
k4_certs_4_n4_3.json.gz#310 FAIL_glob_r,lamU n=4 m=9 vals=[{0:6,4:2,6:3,8:10},{1:6,4:8,6:3,8:10},{2:3,5:2,7:4,8:8},{3:4,5:3,7:2}]
k4_certs_4_n4_3.json.gz#312 keys_distinct_g n=4 m=9 vals=[{0:2,3:7,4:4,7:10},{1:2,3:5,6:4,8:8},{2:1,5:4,6:6,7:8},{4:3,5:2,8:4}]
k4_certs_4_n4_3.json.gz#311 keys_distinct_g n=4 m=9 vals=[{0:2,4:4,6:8,8:3},{1:3,4:6,7:10,8:2},{2:1,5:6,6:8,8:4},{3:2,5:3,7:4}]
k4_certs_4_n4_3.json.gz#316 keys_distinct_g n=4 m=9 vals=[{0:2,3:8,4:4,8:5},{1:6,5:10,6:3,7:2},{2:2,5:4,8:3},{3:8,4:4,6:3,7:2}]
k4_certs_4_n4_3.json.gz#321 keys_distinct_g n=4 m=10 vals=[{0:6,2:3,5:2,6:10},{1:4,4:3,8:8,9:2},{3:2,5:4,6:8,7:7},{7:3,8:4,9:2}]
k4_certs_4_n4_3.json.gz#321 keys_distinct_g n=4 m=10 vals=[{0:2,2:3,5:8,6:4},{1:2,4:4,8:3,9:8},{3:6,5:10,6:3,7:8},{7:2,8:3,9:4}]
k4_certs_4_n4_3.json.gz#322 keys_distinct_g n=4 m=10 vals=[{0:2,2:5,5:8,8:4},{1:2,4:3,6:8,7:4},{3:3,5:4,9:2},{6:8,7:2,8:5,9:4}]
k4_certs_4_n4_3.json.gz#322 keys_distinct_g n=4 m=10 vals=[{0:2,2:7,5:10,8:6},{1:2,4:4,6:3,7:8},{3:3,5:4,9:2},{6:2,7:10,8:7,9:4}]
k4_certs_4_n4_3.json.gz#320 keys_distinct_g n=4 m=10 vals=[{0:4,2:2,6:5,9:8},{1:2,4:3,7:6,9:10},{3:4,5:2,8:8,9:7},{6:2,7:3,8:4}]
k4_certs_4_n4_3.json.gz#320 keys_distinct_g n=4 m=10 vals=[{0:2,2:4,6:5,9:8},{1:6,4:1,7:8,9:4},{3:3,5:4,8:2,9:8},{6:2,7:4,8:3}]
k4_certs_4_n4_3.json.gz#320 FAIL_glob_r,lamU n=4 m=10 vals=[{0:3,2:6,6:2,9:10},{1:4,4:3,7:2,9:8},{3:6,5:3,8:7,9:5},{6:2,7:3,8:4}]
k4_certs_4_n4_3.json.gz#320 FAIL_glob_r,lamU n=4 m=10 vals=[{0:3,2:4,6:2,9:8},{1:3,4:4,7:2,9:8},{3:4,5:8,8:10,9:3},{6:2,7:3,8:4}]
k4_certs_4_n4_3.json.gz#320 key_noncompletable n=4 m=10 vals=[{0:3,2:2,6:4,9:8},{1:6,4:5,7:4,9:8},{3:2,5:3,8:4,9:8},{6:3,7:2,8:4}]
k4_certs_4_n4_3.json.gz#319 keys_distinct_g n=4 m=10 vals=[{0:2,2:3,6:8,7:4},{1:2,4:4,8:10,9:7},{3:3,5:4,8:8,9:6},{6:4,7:3,9:2}]
k4_certs_4_n4_3.json.gz#319 keys_distinct_g n=4 m=10 vals=[{0:2,2:3,6:8,7:4},{1:2,4:4,8:8,9:7},{3:3,5:6,8:10,9:2},{6:4,7:2,9:3}]
k4_certs_4_n4_3.json.gz#319 prof_cert n=4 m=10 vals=[{0:7,2:4,6:2,7:10},{1:4,4:3,8:2,9:8},{3:3,5:4,8:2,9:8},{6:2,7:4,9:3}]
k4_certs_4_n4_3.json.gz#318 keys_distinct_g n=4 m=10 vals=[{0:6,2:2,6:10,7:7},{1:4,4:3,6:10,9:8},{3:2,5:3,8:8,9:4},{7:3,8:4,9:2}]
k4_certs_4_n4_3.json.gz#318 keys_distinct_g n=4 m=10 vals=[{0:4,2:2,6:10,7:7},{1:3,4:6,6:10,9:8},{3:2,5:6,8:10,9:3},{7:2,8:4,9:3}]
k4_certs_4_n4_3.json.gz#318 FAIL_glob_r,lamU n=4 m=10 vals=[{0:5,2:2,6:4,7:8},{1:4,4:2,6:3,9:8},{3:3,5:6,8:2,9:10},{7:2,8:4,9:3}]
k4_certs_4_n4_3.json.gz#318 FAIL_glob_r,lamU n=4 m=10 vals=[{0:2,2:5,6:8,7:4},{1:1,4:6,6:4,9:8},{3:4,5:3,8:2,9:8},{7:2,8:3,9:4}]
k4_certs_4_n4_3.json.gz#323 keys_distinct_g n=4 m=10 vals=[{0:3,2:2,5:6,8:10},{1:6,4:2,7:10,9:3},{3:5,5:2,6:4,7:8},{6:3,8:4,9:2}]
k4_certs_4_n4_3.json.gz#323 keys_distinct_g n=4 m=10 vals=[{0:2,2:6,5:3,8:10},{1:3,4:6,7:10,9:2},{3:3,5:4,6:6,7:8},{6:3,8:4,9:2}]
k4_certs_4_n4_3.json.gz#324 keys_distinct_g n=4 m=10 vals=[{0:6,2:3,5:2,8:10},{1:3,4:4,8:8,9:6},{3:6,5:2,6:3,7:10},{6:3,7:4,9:2}]
k4_certs_4_n4_3.json.gz#324 FAIL_glob_r,lamU n=4 m=10 vals=[{0:2,2:3,5:6,8:10},{1:3,4:6,8:10,9:2},{3:8,5:4,6:2,7:7},{6:3,7:4,9:2}]
k4_certs_4_n4_3.json.gz#324 FAIL_glob_r,lamU n=4 m=10 vals=[{0:3,2:4,5:2,8:8},{1:3,4:4,8:8,9:2},{3:4,5:2,6:7,7:10},{6:4,7:2,9:3}]
k4_certs_4_n4_3.json.gz#324 keys_distinct_g n=4 m=10 vals=[{0:2,2:3,5:10,8:6},{1:2,4:3,8:6,9:10},{3:7,5:10,6:4,7:2},{6:2,7:3,9:4}]
k4_certs_4_n4_3.json.gz#325 FAIL_glob_r,lamU n=4 m=10 vals=[{0:3,2:2,6:4,8:8},{1:6,4:3,7:2,8:10},{3:2,5:4,9:3},{5:3,6:4,7:6,9:8}]
k4_certs_4_n4_3.json.gz#325 amax_ndx2 n=4 m=10 vals=[{0:3,2:6,6:10,8:2},{1:2,4:4,7:8,8:3},{3:3,5:4,9:2},{5:2,6:4,7:8,9:7}]
k4_certs_4_n4_3.json.gz#325 FAIL_glob_r,lamU n=4 m=10 vals=[{0:4,2:3,6:2,8:8},{1:6,4:3,7:2,8:10},{3:4,5:2,9:3},{5:6,6:8,7:1,9:4}]
k4_certs_4_n4_3.json.gz#325 amax_ndx2 n=4 m=10 vals=[{0:3,2:6,6:10,8:2},{1:2,4:3,7:10,8:6},{3:3,5:2,9:4},{5:5,6:7,7:6,9:3}]
k4_certs_4_n4_3.json.gz#329 keys_distinct_g n=4 m=10 vals=[{0:3,2:6,6:10,7:2},{1:5,5:2,8:8,9:4},{3:1,6:8,7:4,9:6},{4:2,8:4,9:3}]
k4_certs_4_n4_3.json.gz#329 keys_distinct_g n=4 m=10 vals=[{0:3,2:2,6:6,7:10},{1:4,5:2,8:10,9:7},{3:3,6:6,7:10,9:8},{4:3,8:4,9:2}]
k4_certs_4_n4_3.json.gz#329 FAIL_glob_r,lamU n=4 m=10 vals=[{0:7,2:4,6:10,7:2},{1:6,5:3,8:2,9:10},{3:6,6:2,7:3,9:10},{4:3,8:2,9:4}]
k4_certs_4_n4_3.json.gz#329 FAIL_glob_r,lamU n=4 m=10 vals=[{0:4,2:7,6:2,7:10},{1:4,5:3,8:2,9:8},{3:2,6:3,7:4,9:8},{4:3,8:2,9:4}]
k4_certs_4_n4_3.json.gz#330 keys_distinct_g n=4 m=10 vals=[{0:6,2:2,6:7,8:10},{1:3,5:2,7:6,9:10},{3:2,6:6,7:7,9:10},{4:2,8:4,9:3}]
k4_certs_4_n4_3.json.gz#330 keys_distinct_g n=4 m=10 vals=[{0:6,2:2,6:3,8:10},{1:3,5:4,7:8,9:6},{3:2,6:6,7:10,9:3},{4:2,8:4,9:3}]
k4_certs_4_n4_3.json.gz#330 FAIL_glob_r,lamU n=4 m=10 vals=[{0:8,2:1,6:6,8:4},{1:6,5:2,7:3,9:10},{3:4,6:2,7:3,9:8},{4:2,8:3,9:4}]
k4_certs_4_n4_3.json.gz#328 keys_distinct_g n=4 m=10 vals=[{0:1,2:6,7:8,8:4},{1:7,5:2,8:10,9:4},{3:4,6:3,8:8,9:2},{4:2,7:4,9:3}]
k4_certs_4_n4_3.json.gz#328 keys_distinct_g n=4 m=10 vals=[{0:6,2:1,7:8,8:4},{1:6,5:2,8:10,9:7},{3:6,6:2,8:10,9:7},{4:2,7:4,9:3}]
k4_certs_4_n4_3.json.gz#328 FAIL_glob_r,lamU n=4 m=10 vals=[{0:3,2:5,7:6,8:7},{1:2,5:4,8:8,9:3},{3:3,6:4,8:8,9:2},{4:3,7:4,9:2}]
k4_certs_4_n4_3.json.gz#328 FAIL_glob_r,lamU n=4 m=10 vals=[{0:4,2:2,7:3,8:8},{1:7,5:2,8:4,9:10},{3:7,6:2,8:6,9:10},{4:2,7:3,9:4}]
k4_certs_4_n4_3.json.gz#327 keys_distinct_g n=4 m=10 vals=[{0:6,2:2,7:10,9:7},{1:6,5:3,8:10,9:8},{3:4,6:2,8:8,9:3},{4:3,7:4,9:2}]
k4_certs_4_n4_3.json.gz#327 keys_distinct_g n=4 m=10 vals=[{0:2,2:6,7:10,9:3},{1:1,5:6,8:8,9:4},{3:4,6:2,8:8,9:7},{4:2,7:4,9:3}]
k4_certs_4_n4_3.json.gz#327 FAIL_glob_r,lamU n=4 m=10 vals=[{0:6,2:3,7:2,9:10},{1:6,5:3,8:5,9:7},{3:4,6:2,8:3,9:8},{4:3,7:4,9:2}]
k4_certs_4_n4_3.json.gz#327 prof_cert n=4 m=10 vals=[{0:7,2:4,7:2,9:10},{1:4,5:3,8:2,9:8},{3:6,6:3,8:2,9:10},{4:4,7:3,9:2}]
k4_certs_4_n4_3.json.gz#327 FAIL_glob_r,lamU n=4 m=10 vals=[{0:7,2:4,7:2,9:10},{1:4,5:3,8:2,9:8},{3:6,6:3,8:2,9:10},{4:4,7:3,9:2}]
k4_certs_4_n4_3.json.gz#327 prof_cert n=4 m=10 vals=[{0:3,2:8,7:10,9:4},{1:3,5:4,8:2,9:8},{3:3,6:6,8:2,9:10},{4:3,7:4,9:2}]
k4_certs_4_n4_3.json.gz#326 keys_distinct_g n=4 m=10 vals=[{0:2,2:5,7:8,8:4},{1:4,5:2,7:10,9:7},{3:4,6:2,8:5,9:8},{4:3,8:2,9:4}]
k4_certs_4_n4_3.json.gz#326 keys_distinct_g n=4 m=10 vals=[{0:4,2:2,7:7,8:10},{1:6,5:2,7:7,9:10},{3:2,6:4,8:8,9:3},{4:3,8:2,9:4}]
k4_certs_4_n4_3.json.gz#326 FAIL_glob_r,lamU n=4 m=10 vals=[{0:5,2:2,7:4,8:8},{1:7,5:2,7:10,9:6},{3:3,6:6,8:10,9:2},{4:2,8:4,9:3}]
k4_certs_4_n4_3.json.gz#326 FAIL_glob_r,lamU n=4 m=10 vals=[{0:6,2:2,7:3,8:10},{1:6,5:5,7:8,9:4},{3:4,6:3,8:8,9:2},{4:2,8:4,9:3}]
k4_certs_4_n4_3.json.gz#332 FAIL_glob_r,lamU n=4 m=10 vals=[{0:2,2:6,6:3,9:10},{1:2,5:3,8:4,9:8},{3:10,6:7,7:6,8:2},{4:2,7:3,9:4}]
k4_certs_4_n4_3.json.gz#332 keys_distinct_g n=4 m=10 vals=[{0:2,2:4,6:3,9:8},{1:3,5:4,8:8,9:6},{3:6,6:3,7:8,8:10},{4:2,7:3,9:4}]
k4_certs_4_n4_3.json.gz#332 swap_some_terminal n=4 m=10 vals=[{0:4,2:2,6:3,9:8},{1:2,5:6,8:3,9:10},{3:4,6:2,7:8,8:3},{4:4,7:3,9:2}]
k4_certs_4_n4_3.json.gz#332 swap_some_terminal n=4 m=10 vals=[{0:4,2:2,6:3,9:8},{1:2,5:6,8:3,9:10},{3:4,6:2,7:8,8:3},{4:4,7:3,9:2}]
k4_certs_4_n4_3.json.gz#332 prof_some_key_every n=4 m=10 vals=[{0:4,2:2,6:3,9:8},{1:2,5:6,8:3,9:10},{3:4,6:2,7:8,8:3},{4:4,7:3,9:2}]
k4_certs_4_n4_3.json.gz#332 FAIL_glob_r,lamU n=4 m=10 vals=[{0:4,2:2,6:3,9:8},{1:2,5:6,8:3,9:10},{3:4,6:2,7:8,8:3},{4:4,7:3,9:2}]
k4_certs_4_n4_3.json.gz#332 keys_distinct_g n=4 m=10 vals=[{0:3,2:2,6:6,9:10},{1:6,5:2,8:7,9:10},{3:2,6:7,7:10,8:4},{4:2,7:4,9:3}]
k4_certs_4_n4_3.json.gz#332 prof_some_key_every n=4 m=10 vals=[{0:3,2:2,6:4,9:8},{1:4,5:3,8:2,9:8},{3:8,6:4,7:6,8:5},{4:4,7:2,9:3}]
k4_certs_4_n4_3.json.gz#331 keys_distinct_g n=4 m=10 vals=[{0:3,2:6,6:2,8:10},{1:3,5:4,8:10,9:8},{3:3,6:4,7:8,9:2},{4:2,7:4,9:3}]
k4_certs_4_n4_3.json.gz#331 FAIL_glob_r,lamU n=4 m=10 vals=[{0:3,2:6,6:2,8:10},{1:4,5:3,8:8,9:2},{3:10,6:2,7:6,9:7},{4:2,7:3,9:4}]
k4_certs_4_n4_3.json.gz#331 FAIL_glob_r,lamU n=4 m=10 vals=[{0:2,2:4,6:3,8:8},{1:3,5:4,8:8,9:2},{3:4,6:2,7:7,9:8},{4:3,7:2,9:4}]
k4_certs_4_n4_3.json.gz#331 amax_ndx2 n=4 m=10 vals=[{0:2,2:6,6:10,8:3},{1:6,5:3,8:2,9:10},{3:7,6:4,7:2,9:8},{4:3,7:2,9:4}]
k4_certs_4_n4_3.json.gz#331 keys_distinct_g n=4 m=10 vals=[{0:3,2:2,6:10,8:6},{1:2,5:3,8:6,9:10},{3:7,6:8,7:4,9:2},{4:3,7:2,9:4}]
k4_certs_4_n4_3.json.gz#331 amax_ndx2 n=4 m=10 vals=[{0:3,2:2,6:8,8:4},{1:6,5:3,8:2,9:10},{3:5,6:7,7:6,9:3},{4:2,7:4,9:3}]
k4_certs_4_n4_3.json.gz#333 keys_distinct_g n=4 m=10 vals=[{0:2,2:3,6:4,9:8},{1:4,5:3,8:8,9:2},{3:4,6:2,7:7,9:8},{4:2,7:3,8:4}]
k4_certs_4_n4_3.json.gz#333 key_noncompletable n=4 m=10 vals=[{0:3,2:2,6:4,9:8},{1:3,5:6,8:5,9:7},{3:2,6:3,7:4,9:8},{4:4,7:3,8:2}]
k4_certs_4_n4_3.json.gz#333 key_noncompletable n=4 m=10 vals=[{0:4,2:5,6:6,9:8},{1:4,5:2,8:3,9:8},{3:4,6:2,7:3,9:8},{4:2,7:4,8:3}]
k4_certs_4_n4_3.json.gz#333 keys_distinct_g n=4 m=10 vals=[{0:4,2:2,6:3,9:8},{1:2,5:7,8:10,9:4},{3:6,6:2,7:7,9:10},{4:3,7:2,8:4}]
k4_certs_4_n4_3.json.gz#333 FAIL_glob_r,lamU n=4 m=10 vals=[{0:6,2:3,6:2,9:10},{1:6,5:3,8:2,9:10},{3:8,6:6,7:4,9:3},{4:4,7:3,8:2}]
k4_certs_4_n4_3.json.gz#333 FAIL_glob_r,lamU n=4 m=10 vals=[{0:6,2:2,6:3,9:10},{1:3,5:6,8:4,9:8},{3:4,6:3,7:2,9:8},{4:4,7:2,8:3}]
k4_certs_4_n4_3.json.gz#335 keys_distinct_g n=4 m=10 vals=[{0:2,2:3,5:10,6:6},{1:4,5:8,7:2,8:7},{3:6,6:3,7:2,9:10},{4:3,8:2,9:4}]
k4_certs_4_n4_3.json.gz#335 FAIL_glob_r,lamU n=4 m=10 vals=[{0:6,2:3,5:10,6:2},{1:2,5:10,7:3,8:6},{3:10,6:6,7:3,9:2},{4:4,8:2,9:3}]
k4_certs_4_n4_3.json.gz#335 keys_distinct_g n=4 m=10 vals=[{0:3,2:2,5:8,6:4},{1:6,5:10,7:3,8:8},{3:4,6:3,7:2,9:8},{4:3,8:2,9:4}]
k4_certs_4_n4_3.json.gz#335 FAIL_glob_r,lamU n=4 m=10 vals=[{0:3,2:2,5:8,6:4},{1:4,5:8,7:2,8:3},{3:8,6:5,7:6,9:4},{4:4,8:2,9:3}]
k4_certs_4_n4_3.json.gz#336 prof_cert n=4 m=10 vals=[{0:4,2:3,5:8,8:2},{1:4,5:8,7:3,8:2},{3:10,6:2,7:6,9:7},{4:4,6:3,9:2}]
k4_certs_4_n4_3.json.gz#336 prof_cert n=4 m=10 vals=[{0:3,2:4,5:8,8:2},{1:4,5:8,7:3,8:2},{3:8,6:7,7:2,9:4},{4:4,6:3,9:2}]
k4_certs_4_n4_3.json.gz#337 keys_distinct_g n=4 m=10 vals=[{0:4,2:3,5:2,9:8},{1:2,5:3,7:4,8:8},{3:2,6:6,7:7,8:10},{4:2,6:3,9:4}]
k4_certs_4_n4_3.json.gz#337 keys_distinct_g n=4 m=10 vals=[{0:2,2:6,5:3,9:10},{1:3,5:2,7:10,8:6},{3:1,6:4,7:8,8:6},{4:2,6:3,9:4}]
k4_certs_4_n4_3.json.gz#337 FAIL_glob_r,lamU n=4 m=10 vals=[{0:6,2:3,5:10,9:2},{1:4,5:8,7:3,8:2},{3:8,6:6,7:4,8:3},{4:3,6:2,9:4}]
k4_certs_4_n4_3.json.gz#334 FAIL_glob_r,lamU n=4 m=10 vals=[{0:6,2:2,8:3,9:10},{1:4,5:3,8:2,9:8},{3:4,6:2,7:7,9:8},{4:4,6:3,7:2}]
k4_certs_4_n4_3.json.gz#334 FAIL_glob_r,lamU n=4 m=10 vals=[{0:2,2:6,8:3,9:10},{1:3,5:6,8:2,9:10},{3:8,6:6,7:3,9:10},{4:3,6:4,7:2}]
k4_certs_4_n4_3.json.gz#334 prof_cert n=4 m=10 vals=[{0:3,2:4,8:2,9:8},{1:3,5:6,8:2,9:10},{3:7,6:5,7:6,9:3},{4:4,6:3,7:2}]
k4_certs_4_n4_3.json.gz#334 prof_cert n=4 m=10 vals=[{0:6,2:3,8:10,9:2},{1:3,5:6,8:10,9:2},{3:10,6:6,7:8,9:3},{4:3,6:2,7:4}]
k4_certs_4_n4_3.json.gz#338 FAIL_glob_r,lamU n=4 m=11 vals=[{0:3,2:4,7:2,9:8},{1:3,5:2,8:6,9:10},{3:3,6:6,8:2,10:10},{4:4,7:2,10:3}]
k4_certs_4_n4_3.json.gz#338 FAIL_glob_r,lamU n=4 m=11 vals=[{0:10,2:3,7:8,9:6},{1:2,5:3,8:8,9:4},{3:3,6:6,8:10,10:2},{4:4,7:2,10:3}]
k4_certs_4_n4_3.json.gz#338 keys_distinct_g n=4 m=11 vals=[{0:7,2:2,7:4,9:10},{1:2,5:3,8:6,9:10},{3:2,6:3,8:6,10:10},{4:3,7:2,10:4}]
k4_certs_4_n4_3.json.gz#338 keys_distinct_g n=4 m=11 vals=[{0:2,2:7,7:4,9:10},{1:2,5:3,8:4,9:8},{3:3,6:6,8:2,10:10},{4:2,7:3,10:4}]
k4_certs_4_pure.json.gz#61 keys_distinct_g n=4 m=8 vals=[{0:4,1:3,2:8,3:2},{2:8,3:2,6:7,7:4},{4:8,5:3,6:6,7:4},{4:8,5:2,6:3,7:4}]
k4_certs_4_pure.json.gz#61 amax_ndx2 n=4 m=8 vals=[{0:3,1:4,2:8,3:2},{2:3,3:8,6:10,7:6},{4:2,5:6,6:10,7:3},{4:7,5:2,6:4,7:10}]
k4_certs_4_pure.json.gz#61 keys_distinct_g n=4 m=8 vals=[{0:2,1:3,2:6,3:10},{2:4,3:8,6:6,7:3},{4:8,5:6,6:4,7:1},{4:8,5:6,6:4,7:1}]
k4_certs_4_pure.json.gz#61 amax_ndx2 n=4 m=8 vals=[{0:2,1:4,2:3,3:8},{2:6,3:3,6:4,7:8},{4:4,5:2,6:8,7:5},{4:4,5:2,6:5,7:8}]
k4_certs_4_pure.json.gz#63 keys_distinct_g n=4 m=8 vals=[{0:7,1:2,3:10,7:6},{2:2,3:8,4:5,7:4},{2:2,5:10,6:4,7:7},{4:6,5:8,6:1,7:4}]
k4_certs_4_pure.json.gz#63 keys_distinct_g n=4 m=8 vals=[{0:2,1:7,3:10,7:6},{2:4,3:8,4:1,7:6},{2:5,5:2,6:8,7:4},{4:3,5:4,6:8,7:6}]
k4_certs_4_pure.json.gz#63 amax_ndx2 n=4 m=8 vals=[{0:6,1:3,3:2,7:10},{2:6,3:4,4:5,7:8},{2:4,5:7,6:2,7:8},{4:7,5:2,6:6,7:10}]
k4_certs_4_pure.json.gz#62 keys_distinct_g n=4 m=8 vals=[{0:6,1:3,3:2,4:10},{2:7,3:2,6:10,7:4},{2:6,5:4,6:8,7:3},{4:8,5:6,6:3,7:4}]
k4_certs_4_pure.json.gz#62 keys_distinct_g n=4 m=8 vals=[{0:4,1:3,3:8,4:2},{2:2,3:10,6:6,7:7},{2:6,5:8,6:4,7:3},{4:3,5:10,6:4,7:8}]
k4_certs_4_pure.json.gz#62 amax_ndx2 n=4 m=8 vals=[{0:2,1:6,3:10,4:3},{2:4,3:8,6:5,7:6},{2:3,5:4,6:6,7:8},{4:6,5:2,6:10,7:3}]
k4_certs_4_pure.json.gz#62 amax_ndx2 n=4 m=8 vals=[{0:2,1:4,3:8,4:5},{2:6,3:8,6:4,7:3},{2:2,5:6,6:10,7:3},{4:7,5:2,6:10,7:6}]
k4_certs_4_pure.json.gz#64 keys_distinct_g n=4 m=8 vals=[{0:2,1:3,3:4,7:8},{2:7,3:2,4:10,6:4},{2:4,5:7,6:2,7:10},{4:8,5:4,6:5,7:2}]
k4_certs_4_pure.json.gz#64 amax_ndx2 n=4 m=8 vals=[{0:3,1:4,3:8,7:2},{2:7,3:6,4:3,6:5},{2:10,5:6,6:3,7:2},{4:2,5:3,6:10,7:6}]
k4_certs_4_pure.json.gz#64 keys_distinct_g n=4 m=8 vals=[{0:3,1:4,3:8,7:10},{2:10,3:4,4:2,6:7},{2:8,5:2,6:4,7:5},{4:6,5:1,6:4,7:8}]
k4_certs_4_pure.json.gz#64 amax_ndx2 n=4 m=8 vals=[{0:2,1:4,3:8,7:3},{2:6,3:8,4:4,6:5},{2:2,5:3,6:8,7:4},{4:8,5:4,6:6,7:1}]
k4_certs_4_pure.json.gz#65 keys_distinct_g n=4 m=8 vals=[{0:3,1:6,5:10,7:2},{2:3,3:7,4:5,6:6},{2:2,3:10,6:6,7:7},{4:6,5:8,6:4,7:1}]
k4_certs_4_pure.json.gz#65 keys_distinct_g n=4 m=8 vals=[{0:4,1:3,5:2,7:8},{2:2,3:4,4:8,6:7},{2:6,3:4,6:1,7:8},{4:8,5:3,6:4,7:6}]
k4_certs_4_pure.json.gz#65 amax_ndx2 n=4 m=8 vals=[{0:2,1:3,5:8,7:4},{2:7,3:2,4:4,6:10},{2:2,3:6,6:10,7:7},{4:6,5:8,6:3,7:4}]
k4_certs_4_pure.json.gz#67 keys_distinct_g n=4 m=8 vals=[{0:3,1:6,6:10,7:2},{2:2,3:4,5:7,6:10},{2:3,4:10,5:2,7:6},{3:6,4:8,6:4,7:3}]
k4_certs_4_pure.json.gz#67 keys_distinct_g n=4 m=8 vals=[{0:3,1:4,6:6,7:8},{2:7,3:2,5:4,6:8},{2:4,4:2,5:7,7:10},{3:4,4:2,6:8,7:5}]
k4_certs_4_pure.json.gz#66 keys_distinct_g n=4 m=8 vals=[{0:3,1:4,6:8,7:2},{2:6,3:4,4:8,5:1},{2:6,3:4,6:8,7:1},{4:8,5:4,6:2,7:3}]
k4_certs_4_pure.json.gz#66 amax_ndx2 n=4 m=8 vals=[{0:2,1:7,6:4,7:10},{2:5,3:2,4:8,5:4},{2:3,3:2,6:8,7:4},{4:6,5:3,6:5,7:7}]
k4_certs_4_pure.json.gz#66 keys_distinct_g n=4 m=8 vals=[{0:6,1:3,6:10,7:2},{2:8,3:2,4:3,5:4},{2:8,3:7,6:4,7:2},{4:2,5:4,6:10,7:7}]
k4_certs_4_pure.json.gz#66 amax_ndx2 n=4 m=8 vals=[{0:7,1:2,6:6,7:10},{2:6,3:2,4:10,5:3},{2:3,3:6,6:10,7:8},{4:4,5:7,6:2,7:8}]
k4_certs_4_pure.json.gz#68 keys_distinct_g n=4 m=8 vals=[{0:7,2:2,6:10,7:4},{1:3,3:4,6:2,7:8},{4:3,5:8,6:6,7:10},{4:7,5:2,6:8,7:4}]
k4_certs_4_pure.json.gz#68 keys_distinct_g n=4 m=8 vals=[{0:2,2:4,6:8,7:3},{1:5,3:2,6:4,7:8},{4:5,5:3,6:6,7:7},{4:7,5:4,6:10,7:2}]
k4_certs_4_pure.json.gz#68 amax_not_cert2 n=4 m=8 vals=[{0:4,2:2,6:10,7:7},{1:2,3:4,6:3,7:8},{4:8,5:6,6:10,7:3},{4:2,5:8,6:4,7:7}]
k4_certs_4_pure.json.gz#68 amax_not_cert2 n=4 m=8 vals=[{0:4,2:2,6:10,7:7},{1:2,3:4,6:3,7:8},{4:8,5:6,6:10,7:3},{4:2,5:8,6:4,7:7}]
k4_certs_4_pure.json.gz#69 keys_distinct_g n=4 m=8 vals=[{0:2,2:6,5:10,7:7},{1:2,3:7,6:10,7:4},{4:6,5:10,6:7,7:2},{4:4,5:5,6:8,7:6}]
k4_certs_4_pure.json.gz#69 keys_distinct_g n=4 m=8 vals=[{0:3,2:6,5:10,7:8},{1:2,3:7,6:4,7:10},{4:5,5:8,6:4,7:6},{4:6,5:4,6:3,7:8}]
k4_certs_4_pure.json.gz#69 amax_not_cert2 n=4 m=8 vals=[{0:2,2:4,5:10,7:7},{1:4,3:2,6:8,7:3},{4:6,5:5,6:4,7:8},{4:6,5:8,6:4,7:5}]
k4_certs_4_pure.json.gz#69 amax_not_cert2 n=4 m=8 vals=[{0:2,2:4,5:10,7:7},{1:4,3:2,6:8,7:3},{4:6,5:5,6:4,7:8},{4:6,5:8,6:4,7:5}]
k4_certs_4_pure.json.gz#69 prof_cert n=4 m=8 vals=[{0:4,2:2,5:8,7:7},{1:6,3:1,6:4,7:8},{4:7,5:4,6:2,7:8},{4:5,5:8,6:2,7:4}]
k4_certs_4_pure.json.gz#69 prof_cert2 n=4 m=8 vals=[{0:4,2:2,5:8,7:7},{1:6,3:1,6:4,7:8},{4:7,5:4,6:2,7:8},{4:5,5:8,6:2,7:4}]
k4_certs_4_pure.json.gz#70 keys_distinct_g n=4 m=8 vals=[{0:4,2:2,4:8,6:3},{1:2,3:5,5:8,7:4},{4:3,5:10,6:8,7:6},{4:7,5:5,6:6,7:3}]
k4_certs_4_pure.json.gz#70 keys_distinct_g n=4 m=8 vals=[{0:3,2:2,4:8,6:4},{1:2,3:7,5:6,7:10},{4:10,5:6,6:8,7:3},{4:3,5:6,6:8,7:10}]
k4_certs_4_pure.json.gz#70 amax_not_cert2 n=4 m=8 vals=[{0:1,2:4,4:6,6:8},{1:2,3:6,5:10,7:7},{4:8,5:7,6:4,7:2},{4:3,5:6,6:8,7:4}]
k4_certs_4_pure.json.gz#70 amax_not_cert2 n=4 m=8 vals=[{0:1,2:4,4:6,6:8},{1:2,3:6,5:10,7:7},{4:8,5:7,6:4,7:2},{4:3,5:6,6:8,7:4}]
k4_certs_4_pure.json.gz#70 prof_cert n=4 m=8 vals=[{0:2,2:6,4:7,6:10},{1:4,3:3,5:10,7:8},{4:3,5:7,6:6,7:5},{4:3,5:4,6:6,7:8}]
k4_certs_4_pure.json.gz#70 prof_cert2 n=4 m=8 vals=[{0:2,2:6,4:7,6:10},{1:4,3:3,5:10,7:8},{4:3,5:7,6:6,7:5},{4:3,5:4,6:6,7:8}]
k4_certs_4_pure.json.gz#70 prof_cert n=4 m=8 vals=[{0:4,2:3,4:10,6:8},{1:4,3:2,5:8,7:7},{4:6,5:7,6:3,7:5},{4:2,5:6,6:3,7:10}]
k4_certs_4_pure.json.gz#70 prof_cert2 n=4 m=8 vals=[{0:4,2:3,4:10,6:8},{1:4,3:2,5:8,7:7},{4:6,5:7,6:3,7:5},{4:2,5:6,6:3,7:10}]
k4_certs_4_pure.json.gz#70 amax_r0 n=4 m=8 vals=[{0:2,2:4,4:8,6:7},{1:4,3:2,5:8,7:5},{4:5,5:6,6:8,7:4},{4:8,5:6,6:4,7:5}]
k4_certs_4_pure.json.gz#70 amax_r0 n=4 m=8 vals=[{0:2,2:4,4:8,6:7},{1:4,3:2,5:8,7:5},{4:5,5:6,6:8,7:4},{4:8,5:6,6:4,7:5}]
k4_certs_4_pure.json.gz#71 keys_distinct_g n=4 m=8 vals=[{0:2,2:6,6:3,7:10},{1:7,5:10,6:4,7:2},{3:4,5:3,6:6,7:8},{4:4,5:10,6:7,7:2}]
k4_certs_4_pure.json.gz#71 keys_distinct_g n=4 m=8 vals=[{0:4,2:3,6:6,7:8},{1:3,5:6,6:8,7:10},{3:7,5:10,6:4,7:2},{4:5,5:8,6:4,7:6}]
k4_certs_4_pure.json.gz#71 amax_ndx2 n=4 m=8 vals=[{0:3,2:4,6:2,7:8},{1:2,5:4,6:10,7:7},{3:6,5:3,6:5,7:7},{4:8,5:3,6:6,7:10}]
k4_certs_4_pure.json.gz#71 amax_ndx2 n=4 m=8 vals=[{0:4,2:2,6:8,7:3},{1:2,5:8,6:5,7:4},{3:3,5:5,6:7,7:6},{4:6,5:3,6:4,7:8}]
k4_certs_4_pure.json.gz#71 amax_not_cert2 n=4 m=8 vals=[{0:2,2:7,6:10,7:4},{1:2,5:8,6:4,7:7},{3:5,5:4,6:2,7:8},{4:5,5:4,6:6,7:8}]
k4_certs_4_pure.json.gz#71 amax_not_cert2 n=4 m=8 vals=[{0:1,2:6,6:4,7:8},{1:6,5:8,6:3,7:4},{3:5,5:7,6:3,7:6},{4:8,5:6,6:10,7:3}]
k4_certs_4_pure.json.gz#72 amax_ndx2 n=4 m=8 vals=[{0:3,2:2,4:4,7:8},{1:8,5:6,6:3,7:10},{3:3,5:6,6:8,7:4},{4:6,5:10,6:2,7:3}]
k4_certs_4_pure.json.gz#72 keys_distinct_g n=4 m=8 vals=[{0:6,2:3,4:10,7:2},{1:7,5:6,6:10,7:2},{3:4,5:7,6:10,7:2},{4:10,5:3,6:6,7:8}]
k4_certs_4_pure.json.gz#72 amax_ndx2 n=4 m=8 vals=[{0:6,2:3,4:10,7:2},{1:7,5:6,6:10,7:2},{3:4,5:7,6:10,7:2},{4:10,5:3,6:6,7:8}]
k4_certs_4_pure.json.gz#72 amax_not_cert2 n=4 m=8 vals=[{0:6,2:3,4:2,7:10},{1:6,5:8,6:5,7:4},{3:6,5:5,6:8,7:4},{4:5,5:7,6:3,7:6}]
k4_certs_4_pure.json.gz#72 keys_distinct_g n=4 m=8 vals=[{0:2,2:4,4:5,7:8},{1:5,5:6,6:3,7:7},{3:3,5:2,6:10,7:6},{4:4,5:6,6:8,7:3}]
k4_certs_4_pure.json.gz#72 prof_cert n=4 m=8 vals=[{0:3,2:4,4:10,7:8},{1:2,5:4,6:7,7:8},{3:2,5:4,6:7,7:10},{4:8,5:5,6:4,7:2}]
k4_certs_4_pure.json.gz#72 prof_cert2 n=4 m=8 vals=[{0:3,2:4,4:10,7:8},{1:2,5:4,6:7,7:8},{3:2,5:4,6:7,7:10},{4:8,5:5,6:4,7:2}]
k4_certs_4_pure.json.gz#72 amax_not_cert2 n=4 m=8 vals=[{0:3,2:4,4:10,7:8},{1:2,5:4,6:7,7:8},{3:2,5:4,6:7,7:10},{4:8,5:5,6:4,7:2}]
k4_certs_4_pure.json.gz#72 prof_cert n=4 m=8 vals=[{0:2,2:5,4:4,7:8},{1:4,5:3,6:8,7:6},{3:4,5:1,6:8,7:6},{4:4,5:7,6:2,7:10}]
k4_certs_4_pure.json.gz#72 prof_cert2 n=4 m=8 vals=[{0:2,2:5,4:4,7:8},{1:4,5:3,6:8,7:6},{3:4,5:1,6:8,7:6},{4:4,5:7,6:2,7:10}]
k4_certs_4_pure.json.gz#75 keys_distinct_g n=4 m=8 vals=[{0:2,2:7,4:10,5:6},{1:4,4:8,6:5,7:2},{3:3,5:10,6:8,7:6},{4:3,5:8,6:6,7:4}]
k4_certs_4_pure.json.gz#75 keys_distinct_g n=4 m=8 vals=[{0:5,2:2,4:8,5:4},{1:5,4:8,6:4,7:6},{3:2,5:4,6:5,7:8},{4:4,5:8,6:3,7:10}]
k4_certs_4_pure.json.gz#75 prof_cert n=4 m=8 vals=[{0:3,2:4,4:8,5:10},{1:2,4:10,6:7,7:6},{3:3,5:6,6:8,7:4},{4:3,5:10,6:6,7:8}]
k4_certs_4_pure.json.gz#75 amax_not_cert2 n=4 m=8 vals=[{0:3,2:4,4:8,5:10},{1:2,4:10,6:7,7:6},{3:3,5:6,6:8,7:4},{4:3,5:10,6:6,7:8}]
k4_certs_4_pure.json.gz#75 amax_not_cert2 n=4 m=8 vals=[{0:3,2:4,4:8,5:10},{1:2,4:10,6:7,7:6},{3:3,5:6,6:8,7:4},{4:3,5:10,6:6,7:8}]
k4_certs_4_pure.json.gz#75 amax_ndx2 n=4 m=8 vals=[{0:3,2:4,4:2,5:8},{1:6,4:8,6:4,7:1},{3:7,5:2,6:10,7:4},{4:6,5:8,6:4,7:5}]
k4_certs_4_pure.json.gz#75 amax_ndx2 n=4 m=8 vals=[{0:6,2:3,4:10,5:2},{1:4,4:8,6:10,7:3},{3:7,5:10,6:2,7:4},{4:7,5:5,6:6,7:3}]
k4_certs_4_pure.json.gz#75 prof_cert n=4 m=8 vals=[{0:3,2:4,4:8,5:10},{1:3,4:10,6:8,7:6},{3:4,5:8,6:10,7:3},{4:5,5:8,6:4,7:6}]
k4_certs_4_pure.json.gz#76 keys_distinct_g n=4 m=8 vals=[{0:3,2:2,3:10,7:6},{1:4,3:8,6:5,7:2},{4:2,5:8,6:4,7:3},{4:3,5:10,6:8,7:4}]
k4_certs_4_pure.json.gz#76 keys_distinct_g n=4 m=8 vals=[{0:2,2:3,3:6,7:10},{1:4,3:2,6:5,7:8},{4:7,5:8,6:4,7:2},{4:7,5:10,6:2,7:4}]
k4_certs_4_pure.json.gz#76 amax_ndx2 n=4 m=8 vals=[{0:2,2:4,3:8,7:3},{1:6,3:5,6:3,7:7},{4:4,5:3,6:2,7:8},{4:3,5:6,6:10,7:2}]
k4_certs_4_pure.json.gz#76 amax_ndx2 n=4 m=8 vals=[{0:3,2:4,3:10,7:8},{1:6,3:4,6:8,7:5},{4:6,5:3,6:10,7:2},{4:2,5:6,6:7,7:10}]
k4_certs_4_pure.json.gz#74 keys_distinct_g n=4 m=8 vals=[{0:2,2:4,6:10,7:7},{1:4,4:2,5:5,7:8},{3:8,5:3,6:10,7:6},{4:4,5:6,6:3,7:8}]
k4_certs_4_pure.json.gz#74 keys_distinct_g n=4 m=8 vals=[{0:4,2:3,6:8,7:6},{1:6,4:3,5:10,7:8},{3:6,5:10,6:7,7:2},{4:4,5:2,6:10,7:7}]
k4_certs_4_pure.json.gz#74 amax_ndx2 n=4 m=8 vals=[{0:2,2:7,6:10,7:6},{1:2,4:5,5:4,7:8},{3:4,5:5,6:8,7:6},{4:2,5:8,6:7,7:4}]
k4_certs_4_pure.json.gz#74 amax_ndx2 n=4 m=8 vals=[{0:4,2:3,6:2,7:8},{1:3,4:6,5:5,7:7},{3:8,5:4,6:3,7:10},{4:6,5:4,6:5,7:8}]
k4_certs_4_pure.json.gz#74 amax_not_cert2 n=4 m=8 vals=[{0:3,2:2,6:4,7:8},{1:4,4:8,5:2,7:7},{3:4,5:8,6:10,7:3},{4:8,5:4,6:6,7:3}]
k4_certs_4_pure.json.gz#74 amax_not_cert2 n=4 m=8 vals=[{0:2,2:4,6:8,7:3},{1:2,4:4,5:8,7:7},{3:3,5:6,6:7,7:5},{4:7,5:4,6:2,7:8}]
k4_certs_4_pure.json.gz#77 keys_distinct_g n=4 m=8 vals=[{0:3,2:4,3:8,7:2},{1:5,3:8,5:4,6:2},{4:3,5:8,6:10,7:6},{4:2,5:5,6:8,7:4}]
k4_certs_4_pure.json.gz#77 keys_distinct_g n=4 m=8 vals=[{0:6,2:1,3:8,7:4},{1:1,3:8,5:6,6:4},{4:4,5:2,6:5,7:8},{4:4,5:2,6:3,7:8}]
k4_certs_4_pure.json.gz#77 amax_ndx2 n=4 m=8 vals=[{0:4,2:3,3:8,7:2},{1:3,3:5,5:6,6:7},{4:2,5:8,6:3,7:4},{4:3,5:2,6:8,7:4}]
k4_certs_4_pure.json.gz#77 amax_ndx2 n=4 m=8 vals=[{0:3,2:4,3:8,7:2},{1:5,3:8,5:6,6:4},{4:2,5:10,6:6,7:7},{4:3,5:4,6:8,7:2}]
k4_certs_4_pure.json.gz#73 keys_distinct_g n=4 m=8 vals=[{0:5,2:2,6:8,7:4},{1:3,4:6,6:10,7:2},{3:6,5:7,6:5,7:3},{4:2,5:8,6:4,7:5}]
k4_certs_4_pure.json.gz#73 amax_ndx2 n=4 m=8 vals=[{0:2,2:4,6:8,7:7},{1:6,4:3,6:8,7:4},{3:6,5:3,6:10,7:2},{4:10,5:4,6:8,7:3}]
k4_certs_4_pure.json.gz#73 amax_ndx2 n=4 m=8 vals=[{0:3,2:4,6:6,7:8},{1:3,4:2,6:8,7:4},{3:4,5:8,6:3,7:6},{4:5,5:6,6:3,7:7}]
k4_certs_4_pure.json.gz#73 keys_distinct_g n=4 m=8 vals=[{0:3,2:6,6:10,7:8},{1:4,4:2,6:8,7:5},{3:3,5:8,6:6,7:4},{4:7,5:8,6:2,7:4}]
k4_certs_4_pure.json.gz#73 amax_not_cert2 n=4 m=8 vals=[{0:3,2:4,6:10,7:8},{1:4,4:3,6:6,7:8},{3:3,5:7,6:5,7:6},{4:5,5:8,6:4,7:2}]
k4_certs_4_pure.json.gz#73 amax_not_cert2 n=4 m=8 vals=[{0:3,2:4,6:8,7:10},{1:2,4:7,6:10,7:6},{3:3,5:10,6:4,7:8},{4:5,5:8,6:4,7:2}]
k4_certs_4_pure.json.gz#78 keys_distinct_g n=4 m=8 vals=[{0:6,2:2,3:3,4:10},{1:2,5:4,6:7,7:8},{3:7,5:2,6:4,7:8},{4:7,5:5,6:6,7:3}]
k4_certs_4_pure.json.gz#78 keys_distinct_g n=4 m=8 vals=[{0:7,2:2,3:4,4:10},{1:6,5:10,6:2,7:3},{3:6,5:8,6:3,7:4},{4:8,5:5,6:4,7:2}]
k4_certs_4_pure.json.gz#78 amax_ndx2 n=4 m=8 vals=[{0:2,2:3,3:8,4:4},{1:5,5:4,6:8,7:6},{3:8,5:5,6:6,7:4},{4:4,5:2,6:5,7:8}]
k4_certs_4_pure.json.gz#78 amax_ndx2 n=4 m=8 vals=[{0:3,2:4,3:6,4:8},{1:4,5:2,6:3,7:8},{3:7,5:2,6:6,7:10},{4:8,5:6,6:4,7:3}]
k4_certs_4_pure.json.gz#79 keys_distinct_g n=4 m=8 vals=[{0:6,2:1,3:8,7:4},{1:2,5:4,6:7,7:10},{3:8,4:4,5:6,6:5},{4:6,5:3,6:2,7:10}]
k4_certs_4_pure.json.gz#79 keys_distinct_g n=4 m=8 vals=[{0:2,2:4,3:5,7:8},{1:4,5:7,6:2,7:10},{3:4,4:2,5:5,6:8},{4:2,5:4,6:8,7:5}]
k4_certs_4_pure.json.gz#79 prof_cert n=4 m=8 vals=[{0:4,2:3,3:10,7:8},{1:2,5:3,6:4,7:8},{3:8,4:3,5:4,6:2},{4:3,5:5,6:6,7:7}]
k4_certs_4_pure.json.gz#79 prof_cert2 n=4 m=8 vals=[{0:4,2:3,3:10,7:8},{1:2,5:3,6:4,7:8},{3:8,4:3,5:4,6:2},{4:3,5:5,6:6,7:7}]
k4_certs_4_pure.json.gz#79 amax_not_cert2 n=4 m=8 vals=[{0:4,2:3,3:10,7:8},{1:2,5:3,6:4,7:8},{3:8,4:3,5:4,6:2},{4:3,5:5,6:6,7:7}]
k4_certs_4_pure.json.gz#79 amax_not_cert2 n=4 m=8 vals=[{0:4,2:3,3:10,7:8},{1:2,5:3,6:4,7:8},{3:8,4:3,5:4,6:2},{4:3,5:5,6:6,7:7}]
k4_certs_4_pure.json.gz#79 amax_ndx2 n=4 m=8 vals=[{0:6,2:3,3:2,7:10},{1:8,5:10,6:6,7:3},{3:2,4:7,5:4,6:10},{4:7,5:8,6:2,7:4}]
k4_certs_4_pure.json.gz#79 amax_ndx2 n=4 m=8 vals=[{0:2,2:3,3:4,7:8},{1:8,5:4,6:10,7:3},{3:7,4:2,5:4,6:10},{4:6,5:3,6:5,7:7}]
k4_certs_4_pure.json.gz#81 keys_distinct_g n=4 m=8 vals=[{0:6,2:2,4:3,7:10},{1:6,3:1,5:8,6:4},{3:4,5:8,6:3,7:2},{4:2,5:4,6:7,7:8}]
k4_certs_4_pure.json.gz#81 keys_distinct_g n=4 m=8 vals=[{0:2,2:3,4:6,7:10},{1:6,3:3,5:10,6:8},{3:1,5:8,6:6,7:4},{4:7,5:2,6:4,7:10}]
k4_certs_4_pure.json.gz#81 amax_ndx2 n=4 m=8 vals=[{0:3,2:2,4:6,7:10},{1:4,3:3,5:6,6:8},{3:8,5:6,6:3,7:10},{4:4,5:10,6:2,7:7}]
k4_certs_4_pure.json.gz#81 amax_ndx2 n=4 m=8 vals=[{0:2,2:6,4:3,7:10},{1:8,3:3,5:6,6:10},{3:5,5:3,6:6,7:7},{4:3,5:10,6:8,7:4}]
k4_certs_4_pure.json.gz#81 amax_not_cert2 n=4 m=8 vals=[{0:3,2:4,4:10,7:8},{1:6,3:2,5:7,6:10},{3:4,5:8,6:7,7:2},{4:5,5:8,6:2,7:4}]
k4_certs_4_pure.json.gz#80 amax_ndx2 n=4 m=8 vals=[{0:6,2:3,4:2,7:10},{1:4,3:8,6:5,7:6},{3:5,5:6,6:3,7:7},{4:7,5:2,6:10,7:4}]
k4_certs_4_pure.json.gz#80 keys_distinct_g n=4 m=8 vals=[{0:2,2:4,4:8,7:3},{1:4,3:1,6:8,7:6},{3:6,5:5,6:7,7:3},{4:8,5:2,6:4,7:7}]
k4_certs_4_pure.json.gz#80 amax_ndx2 n=4 m=8 vals=[{0:2,2:6,4:3,7:10},{1:6,3:1,6:8,7:4},{3:6,5:5,6:4,7:8},{4:4,5:8,6:1,7:6}]
k4_certs_4_pure.json.gz#80 keys_distinct_g n=4 m=8 vals=[{0:6,2:3,4:2,7:10},{1:4,3:2,6:7,7:10},{3:5,5:8,6:4,7:2},{4:8,5:10,6:3,7:4}]
k4_certs_4_pure.json.gz#80 amax_not_cert2 n=4 m=8 vals=[{0:3,2:2,4:4,7:8},{1:4,3:8,6:6,7:3},{3:6,5:8,6:4,7:5},{4:4,5:8,6:1,7:6}]
k4_certs_4_pure.json.gz#80 amax_not_cert2 n=4 m=8 vals=[{0:3,2:2,4:4,7:8},{1:4,3:8,6:6,7:3},{3:6,5:8,6:4,7:5},{4:4,5:8,6:1,7:6}]
k4_certs_4_pure.json.gz#80 prof_cert n=4 m=8 vals=[{0:4,2:2,4:8,7:7},{1:3,3:4,6:2,7:8},{3:3,5:6,6:7,7:5},{4:8,5:2,6:4,7:3}]
k4_certs_4_pure.json.gz#80 prof_cert2 n=4 m=8 vals=[{0:4,2:2,4:8,7:7},{1:3,3:4,6:2,7:8},{3:3,5:6,6:7,7:5},{4:8,5:2,6:4,7:3}]
k4_certs_4_pure.json.gz#83 keys_distinct_g n=4 m=8 vals=[{0:6,2:2,6:10,7:3},{1:4,3:2,4:3,5:8},{3:3,5:7,6:6,7:5},{4:2,5:4,6:8,7:7}]
k4_certs_4_pure.json.gz#83 keys_distinct_g n=4 m=8 vals=[{0:2,2:4,6:7,7:10},{1:2,3:3,4:4,5:8},{3:8,5:3,6:6,7:10},{4:3,5:10,6:8,7:4}]
k4_certs_4_pure.json.gz#83 amax_ndx2 n=4 m=8 vals=[{0:7,2:2,6:10,7:6},{1:4,3:3,4:2,5:8},{3:2,5:3,6:6,7:10},{4:8,5:6,6:10,7:3}]
k4_certs_4_pure.json.gz#83 prof_cert n=4 m=8 vals=[{0:7,2:2,6:10,7:4},{1:2,3:4,4:10,5:7},{3:2,5:10,6:7,7:4},{4:8,5:4,6:6,7:5}]
k4_certs_4_pure.json.gz#83 prof_cert2 n=4 m=8 vals=[{0:7,2:2,6:10,7:4},{1:2,3:4,4:10,5:7},{3:2,5:10,6:7,7:4},{4:8,5:4,6:6,7:5}]
k4_certs_4_pure.json.gz#83 amax_not_cert2 n=4 m=8 vals=[{0:7,2:2,6:10,7:4},{1:2,3:4,4:10,5:7},{3:2,5:10,6:7,7:4},{4:8,5:4,6:6,7:5}]
k4_certs_4_pure.json.gz#83 amax_not_cert2 n=4 m=8 vals=[{0:7,2:2,6:10,7:4},{1:2,3:4,4:10,5:7},{3:2,5:10,6:7,7:4},{4:8,5:4,6:6,7:5}]
k4_certs_4_pure.json.gz#83 amax_ndx2 n=4 m=8 vals=[{0:2,2:7,6:10,7:4},{1:4,3:3,4:2,5:8},{3:6,5:3,6:8,7:4},{4:2,5:4,6:5,7:8}]
k4_certs_4_pure.json.gz#83 prof_cert n=4 m=8 vals=[{0:2,2:5,6:4,7:8},{1:4,3:3,4:10,5:8},{3:1,5:8,6:6,7:4},{4:8,5:4,6:5,7:2}]
k4_certs_4_pure.json.gz#83 prof_cert2 n=4 m=8 vals=[{0:2,2:5,6:4,7:8},{1:4,3:3,4:10,5:8},{3:1,5:8,6:6,7:4},{4:8,5:4,6:5,7:2}]
k4_certs_4_pure.json.gz#82 keys_distinct_g n=4 m=8 vals=[{0:3,2:2,6:4,7:8},{1:7,3:8,4:4,7:2},{3:7,5:6,6:3,7:5},{4:7,5:4,6:2,7:10}]
k4_certs_4_pure.json.gz#82 amax_ndx2 n=4 m=8 vals=[{0:7,2:2,6:4,7:10},{1:6,3:10,4:3,7:8},{3:6,5:5,6:4,7:8},{4:4,5:2,6:10,7:7}]
k4_certs_4_pure.json.gz#82 keys_distinct_g n=4 m=8 vals=[{0:6,2:2,6:10,7:3},{1:3,3:4,4:6,7:8},{3:2,5:7,6:4,7:8},{4:4,5:5,6:8,7:2}]
k4_certs_4_pure.json.gz#82 amax_ndx2 n=4 m=8 vals=[{0:2,2:6,6:10,7:7},{1:6,3:10,4:2,7:3},{3:4,5:6,6:8,7:5},{4:4,5:3,6:6,7:8}]
k4_certs_4_pure.json.gz#82 prof_cert n=4 m=8 vals=[{0:3,2:4,6:10,7:8},{1:2,3:4,4:8,7:7},{3:6,5:2,6:10,7:7},{4:10,5:4,6:2,7:7}]
k4_certs_4_pure.json.gz#82 prof_cert2 n=4 m=8 vals=[{0:3,2:4,6:10,7:8},{1:2,3:4,4:8,7:7},{3:6,5:2,6:10,7:7},{4:10,5:4,6:2,7:7}]
k4_certs_4_pure.json.gz#82 amax_not_cert2 n=4 m=8 vals=[{0:3,2:4,6:10,7:8},{1:2,3:4,4:8,7:7},{3:6,5:2,6:10,7:7},{4:10,5:4,6:2,7:7}]
k4_certs_4_pure.json.gz#82 amax_not_cert2 n=4 m=8 vals=[{0:3,2:4,6:10,7:8},{1:2,3:4,4:8,7:7},{3:6,5:2,6:10,7:7},{4:10,5:4,6:2,7:7}]
k4_certs_4_pure.json.gz#84 keys_distinct_g n=4 m=8 vals=[{0:3,2:2,6:8,7:4},{1:1,3:6,6:8,7:4},{3:3,4:10,5:8,7:4},{4:8,5:4,6:5,7:2}]
k4_certs_4_pure.json.gz#84 keys_distinct_g n=4 m=8 vals=[{0:2,2:3,6:6,7:10},{1:8,3:6,6:10,7:3},{3:4,4:5,5:2,7:8},{4:4,5:6,6:8,7:1}]
k4_certs_4_pure.json.gz#84 amax_ndx2 n=4 m=8 vals=[{0:3,2:6,6:10,7:2},{1:4,3:3,6:6,7:8},{3:4,4:10,5:2,7:7},{4:4,5:6,6:8,7:3}]
k4_certs_4_pure.json.gz#84 amax_ndx2 n=4 m=8 vals=[{0:3,2:4,6:8,7:2},{1:6,3:1,6:8,7:4},{3:7,4:10,5:6,7:2},{4:5,5:6,6:7,7:3}]
k4_certs_4_pure.json.gz#84 amax_not_cert2 n=4 m=8 vals=[{0:3,2:6,6:10,7:8},{1:3,3:7,6:5,7:6},{3:10,4:3,5:6,7:8},{4:3,5:6,6:8,7:10}]
k4_certs_4_pure.json.gz#84 amax_not_cert2 n=4 m=8 vals=[{0:2,2:4,6:5,7:8},{1:4,3:2,6:10,7:7},{3:2,4:10,5:7,7:6},{4:2,5:7,6:10,7:6}]
k4_certs_4_pure.json.gz#86 keys_distinct_g n=4 m=8 vals=[{0:3,2:2,5:8,6:4},{1:2,5:4,6:8,7:5},{3:8,4:3,5:10,7:6},{3:4,4:8,6:10,7:3}]
k4_certs_4_pure.json.gz#86 keys_distinct_g n=4 m=8 vals=[{0:3,2:4,5:8,6:10},{1:2,5:10,6:6,7:7},{3:6,4:4,5:8,7:1},{3:2,4:4,6:10,7:7}]
k4_certs_4_pure.json.gz#86 amax_ndx2 n=4 m=8 vals=[{0:4,2:2,5:3,6:8},{1:4,5:8,6:5,7:6},{3:4,4:3,5:8,7:6},{3:4,4:2,6:7,7:10}]
k4_certs_4_pure.json.gz#86 amax_not_cert2 n=4 m=8 vals=[{0:4,2:2,5:3,6:8},{1:4,5:8,6:5,7:6},{3:4,4:3,5:8,7:6},{3:4,4:2,6:7,7:10}]
k4_certs_4_pure.json.gz#86 amax_ndx2 n=4 m=8 vals=[{0:4,2:3,5:8,6:2},{1:5,5:7,6:6,7:3},{3:7,4:2,5:10,7:6},{3:7,4:6,6:10,7:2}]
k4_certs_4_pure.json.gz#86 amax_not_cert2 n=4 m=8 vals=[{0:6,2:3,5:10,6:2},{1:5,5:6,6:8,7:4},{3:3,4:6,5:8,7:10},{3:2,4:7,6:10,7:6}]
k4_certs_4_pure.json.gz#86 prof_cert n=4 m=8 vals=[{0:4,2:3,5:10,6:8},{1:4,5:7,6:10,7:2},{3:4,4:3,5:8,7:2},{3:4,4:5,6:8,7:6}]
k4_certs_4_pure.json.gz#86 prof_cert2 n=4 m=8 vals=[{0:4,2:3,5:10,6:8},{1:4,5:7,6:10,7:2},{3:4,4:3,5:8,7:2},{3:4,4:5,6:8,7:6}]
k4_certs_4_pure.json.gz#87 keys_distinct_g n=4 m=8 vals=[{0:6,4:10,6:2,7:7},{1:5,4:8,6:4,7:2},{2:1,5:4,6:8,7:6},{3:6,5:3,6:10,7:8}]
k4_certs_4_pure.json.gz#87 keys_distinct_g n=4 m=8 vals=[{0:6,4:3,6:2,7:10},{1:2,4:4,6:5,7:8},{2:7,5:10,6:2,7:4},{3:7,5:10,6:6,7:2}]
k4_certs_4_pure.json.gz#87 amax_ndx2 n=4 m=8 vals=[{0:4,4:3,6:8,7:6},{1:4,4:2,6:7,7:8},{2:5,5:7,6:6,7:3},{3:7,5:10,6:2,7:4}]
k4_certs_4_pure.json.gz#87 amax_ndx2 n=4 m=8 vals=[{0:2,4:7,6:6,7:10},{1:3,4:2,6:10,7:6},{2:5,5:6,6:3,7:7},{3:8,5:3,6:4,7:10}]
k4_certs_4_pure.json.gz#87 prof_cert n=4 m=8 vals=[{0:4,4:8,6:1,7:6},{1:3,4:10,6:6,7:2},{2:3,5:8,6:6,7:10},{3:3,5:10,6:6,7:8}]
k4_certs_4_pure.json.gz#87 amax_not_cert2 n=4 m=8 vals=[{0:4,4:8,6:1,7:6},{1:3,4:10,6:6,7:2},{2:3,5:8,6:6,7:10},{3:3,5:10,6:6,7:8}]
k4_certs_4_pure.json.gz#85 keys_distinct_g n=4 m=8 vals=[{0:3,2:4,6:8,7:2},{1:4,3:2,5:8,7:5},{3:4,4:3,5:10,6:8},{4:5,5:6,6:7,7:3}]
k4_certs_4_pure.json.gz#85 amax_ndx2 n=4 m=8 vals=[{0:2,2:4,6:8,7:5},{1:4,3:1,5:8,7:6},{3:4,4:2,5:7,6:8},{4:6,5:4,6:8,7:3}]
k4_certs_4_pure.json.gz#85 amax_ndx2 n=4 m=8 vals=[{0:4,2:2,6:3,7:8},{1:4,3:2,5:5,7:8},{3:4,4:2,5:7,6:10},{4:8,5:3,6:6,7:10}]
k4_certs_4_pure.json.gz#85 keys_distinct_g n=4 m=8 vals=[{0:6,2:1,6:4,7:8},{1:4,3:5,5:2,7:8},{3:7,4:6,5:2,6:10},{4:2,5:4,6:8,7:3}]
k4_certs_4_pure.json.gz#88 keys_distinct_g n=4 m=8 vals=[{0:6,4:1,5:8,7:4},{1:3,4:6,6:10,7:8},{2:6,5:3,6:10,7:8},{3:4,5:8,6:2,7:5}]
k4_certs_4_pure.json.gz#88 keys_distinct_g n=4 m=8 vals=[{0:2,4:10,5:4,7:7},{1:6,4:8,6:5,7:4},{2:1,5:8,6:6,7:4},{3:1,5:8,6:4,7:6}]
k4_certs_4_pure.json.gz#88 amax_ndx2 n=4 m=8 vals=[{0:4,4:2,5:3,7:8},{1:2,4:4,6:8,7:5},{2:3,5:8,6:4,7:6},{3:5,5:6,6:3,7:7}]
k4_certs_4_pure.json.gz#88 amax_ndx2 n=4 m=8 vals=[{0:5,4:2,5:8,7:4},{1:4,4:2,6:8,7:7},{2:5,5:8,6:6,7:4},{3:8,5:10,6:4,7:3}]
k4_certs_4_pure.json.gz#88 amax_not_cert2 n=4 m=8 vals=[{0:6,4:2,5:3,7:10},{1:1,4:6,6:8,7:4},{2:8,5:10,6:6,7:3},{3:5,5:7,6:3,7:6}]
k4_certs_4_pure.json.gz#88 amax_not_cert2 n=4 m=8 vals=[{0:4,4:2,5:10,7:7},{1:3,4:4,6:8,7:10},{2:4,5:8,6:3,7:2},{3:3,5:4,6:2,7:8}]
k4_certs_4_pure.json.gz#89 amax_ndx2 n=4 m=8 vals=[{0:4,4:6,5:8,6:5},{1:4,4:10,5:7,7:2},{2:3,4:4,6:8,7:2},{3:7,5:10,6:4,7:2}]
k4_certs_4_pure.json.gz#89 amax_ndx2 n=4 m=8 vals=[{0:6,4:4,5:3,6:8},{1:6,4:10,5:7,7:2},{2:2,4:7,6:10,7:6},{3:4,5:8,6:5,7:2}]
k4_certs_4_pure.json.gz#89 keys_distinct_g n=4 m=8 vals=[{0:1,4:6,5:8,6:4},{1:3,4:4,5:8,7:2},{2:4,4:3,6:2,7:8},{3:3,5:6,6:5,7:7}]
k4_certs_4_pure.json.gz#89 keys_distinct_g n=4 m=8 vals=[{0:3,4:6,5:4,6:8},{1:4,4:6,5:8,7:1},{2:6,4:2,6:10,7:3},{3:3,5:10,6:2,7:6}]
k4_certs_4_pure.json.gz#89 amax_not_cert2 n=4 m=8 vals=[{0:6,4:2,5:7,6:10},{1:3,4:4,5:8,7:10},{2:4,4:1,6:6,7:8},{3:8,5:6,6:10,7:3}]
k4_certs_4_pure.json.gz#90 amax_ndx2 n=4 m=8 vals=[{0:6,3:2,4:3,7:10},{1:6,3:3,6:10,7:8},{2:4,5:6,6:8,7:5},{4:4,5:10,6:2,7:7}]
k4_certs_4_pure.json.gz#90 amax_ndx2 n=4 m=8 vals=[{0:2,3:8,4:4,7:5},{1:4,3:5,6:8,7:6},{2:2,5:3,6:8,7:4},{4:4,5:2,6:5,7:8}]
k4_certs_4_pure.json.gz#90 keys_distinct_g n=4 m=8 vals=[{0:2,3:8,4:5,7:4},{1:4,3:8,6:2,7:3},{2:6,5:3,6:10,7:2},{4:5,5:3,6:7,7:6}]
k4_certs_4_pure.json.gz#90 keys_distinct_g n=4 m=8 vals=[{0:3,3:10,4:6,7:2},{1:2,3:10,6:7,7:4},{2:8,5:10,6:6,7:3},{4:4,5:8,6:1,7:6}]
k4_certs_4_pure.json.gz#92 keys_distinct_g n=4 m=8 vals=[{0:4,3:2,5:5,6:8},{1:3,4:4,5:6,7:8},{2:2,4:5,6:4,7:8},{3:4,5:8,6:10,7:3}]
k4_certs_4_pure.json.gz#92 keys_distinct_g n=4 m=8 vals=[{0:4,3:3,5:8,6:10},{1:4,4:2,5:5,7:8},{2:4,4:2,6:8,7:5},{3:4,5:3,6:8,7:10}]
k4_certs_4_pure.json.gz#92 amax_ndx2 n=4 m=8 vals=[{0:3,3:2,5:8,6:4},{1:2,4:4,5:10,7:7},{2:7,4:2,6:10,7:4},{3:4,5:5,6:8,7:6}]
k4_certs_4_pure.json.gz#92 amax_not_cert2 n=4 m=8 vals=[{0:3,3:2,5:8,6:4},{1:2,4:4,5:10,7:7},{2:7,4:2,6:10,7:4},{3:4,5:5,6:8,7:6}]
k4_certs_4_pure.json.gz#92 amax_ndx2 n=4 m=8 vals=[{0:2,3:4,5:3,6:8},{1:2,4:10,5:6,7:7},{2:4,4:6,6:5,7:8},{3:4,5:3,6:6,7:8}]
k4_certs_4_pure.json.gz#91 keys_distinct_g n=4 m=8 vals=[{0:2,3:4,4:8,7:3},{1:2,3:5,5:8,6:4},{2:4,5:10,6:8,7:3},{4:8,5:3,6:4,7:6}]
k4_certs_4_pure.json.gz#91 keys_distinct_g n=4 m=8 vals=[{0:3,3:10,4:6,7:2},{1:2,3:10,5:6,6:7},{2:5,5:4,6:2,7:8},{4:6,5:3,6:8,7:10}]
k4_certs_4_pure.json.gz#91 amax_ndx2 n=4 m=8 vals=[{0:1,3:6,4:4,7:8},{1:6,3:1,5:8,6:4},{2:7,5:4,6:10,7:2},{4:5,5:6,6:7,7:3}]
k4_certs_4_pure.json.gz#91 amax_ndx2 n=4 m=8 vals=[{0:4,3:3,4:2,7:8},{1:6,3:2,5:7,6:10},{2:6,5:3,6:8,7:4},{4:6,5:4,6:8,7:5}]
k4_certs_4_pure.json.gz#91 amax_not_cert2 n=4 m=8 vals=[{0:2,3:4,4:7,7:10},{1:2,3:4,5:7,6:8},{2:2,5:10,6:7,7:6},{4:6,5:3,6:10,7:8}]
k4_certs_4_pure.json.gz#93 keys_distinct_g n=4 m=8 vals=[{0:4,3:8,4:3,7:2},{1:2,5:7,6:10,7:6},{2:3,5:6,6:10,7:8},{3:8,4:6,6:4,7:5}]
k4_certs_4_pure.json.gz#93 amax_ndx2 n=4 m=8 vals=[{0:8,3:3,4:10,7:4},{1:2,5:3,6:4,7:8},{2:6,5:3,6:10,7:8},{3:5,4:6,6:7,7:3}]
k4_certs_4_pure.json.gz#93 keys_distinct_g n=4 m=8 vals=[{0:2,3:10,4:4,7:7},{1:2,5:5,6:8,7:4},{2:1,5:4,6:8,7:6},{3:8,4:7,6:2,7:4}]
k4_certs_4_pure.json.gz#93 amax_ndx2 n=4 m=8 vals=[{0:4,3:7,4:2,7:8},{1:6,5:3,6:10,7:8},{2:6,5:3,6:2,7:10},{3:4,4:6,6:5,7:8}]
k4_certs_4_pure.json.gz#94 amax_ndx2 n=4 m=8 vals=[{0:6,3:2,4:3,5:10},{1:2,5:6,6:3,7:10},{2:4,5:8,6:6,7:5},{3:6,4:1,6:8,7:4}]
k4_certs_4_pure.json.gz#94 amax_ndx2 n=4 m=8 vals=[{0:3,3:6,4:2,5:10},{1:6,5:1,6:8,7:4},{2:8,5:3,6:10,7:6},{3:3,4:4,6:2,7:8}]
k4_certs_4_pure.json.gz#94 keys_distinct_g n=4 m=8 vals=[{0:2,3:8,4:3,5:4},{1:6,5:2,6:7,7:10},{2:2,5:4,6:3,7:8},{3:8,4:5,6:4,7:6}]
k4_certs_4_pure.json.gz#94 keys_distinct_g n=4 m=8 vals=[{0:3,3:10,4:6,5:2},{1:6,5:3,6:10,7:2},{2:2,5:4,6:8,7:5},{3:8,4:7,6:4,7:2}]
k4_certs_4_pure.json.gz#94 amax_not_cert2 n=4 m=8 vals=[{0:2,3:6,4:3,5:10},{1:5,5:7,6:3,7:6},{2:6,5:10,6:8,7:3},{3:6,4:3,6:8,7:10}]
k4_certs_4_pure.json.gz#95 amax_ndx2 n=4 m=8 vals=[{0:3,3:4,6:2,7:8},{1:6,4:1,6:4,7:8},{2:6,5:4,6:3,7:8},{3:2,4:6,5:10,7:7}]
k4_certs_4_pure.json.gz#95 amax_ndx2 n=4 m=8 vals=[{0:6,3:4,6:5,7:8},{1:6,4:1,6:4,7:8},{2:4,5:2,6:7,7:8},{3:8,4:3,5:4,7:10}]
k4_certs_4_pure.json.gz#95 keys_distinct_g n=4 m=8 vals=[{0:2,3:4,6:10,7:7},{1:8,4:6,6:10,7:3},{2:4,5:3,6:2,7:8},{3:6,4:7,5:2,7:10}]
k4_certs_4_pure.json.gz#95 keys_distinct_g n=4 m=8 vals=[{0:6,3:8,6:10,7:3},{1:4,4:8,6:3,7:2},{2:2,5:4,6:8,7:3},{3:7,4:8,5:2,7:4}]
k4_certs_4_pure.json.gz#95 amax_not_cert2 n=4 m=8 vals=[{0:4,3:1,6:8,7:6},{1:2,4:7,6:6,7:10},{2:4,5:8,6:5,7:6},{3:5,4:2,5:8,7:4}]
k4_certs_4_pure.json.gz#96 keys_distinct_g n=4 m=8 vals=[{0:7,3:2,5:10,7:4},{1:6,4:3,6:10,7:8},{2:7,5:10,6:2,7:6},{3:6,4:3,5:8,6:10}]
k4_certs_4_pure.json.gz#96 keys_distinct_g n=4 m=8 vals=[{0:2,3:6,5:10,7:7},{1:5,4:4,6:2,7:8},{2:4,5:5,6:2,7:8},{3:1,4:4,5:8,6:6}]
k4_certs_4_pure.json.gz#96 amax_ndx2 n=4 m=8 vals=[{0:7,3:2,5:10,7:4},{1:6,4:2,6:7,7:10},{2:5,5:4,6:8,7:6},{3:3,4:6,5:2,6:10}]
k4_certs_4_pure.json.gz#96 amax_ndx2 n=4 m=8 vals=[{0:3,3:6,5:10,7:8},{1:2,4:4,6:5,7:8},{2:5,5:7,6:6,7:3},{3:3,4:4,5:2,6:8}]
k4_certs_4_pure.json.gz#98 keys_distinct_g n=4 m=8 vals=[{0:3,2:4,3:2,5:8},{1:6,4:8,6:10,7:3},{2:6,3:2,6:10,7:7},{4:6,5:10,6:2,7:7}]
k4_certs_4_pure.json.gz#98 amax_ndx2 n=4 m=8 vals=[{0:6,2:3,3:2,5:10},{1:6,4:8,6:4,7:5},{2:3,3:4,6:2,7:8},{4:6,5:8,6:4,7:5}]
k4_certs_4_pure.json.gz#98 amax_ndx2 n=4 m=8 vals=[{0:3,2:2,3:8,5:4},{1:3,4:4,6:8,7:2},{2:6,3:3,6:5,7:7},{4:6,5:3,6:2,7:10}]
k4_certs_4_pure.json.gz#98 keys_distinct_g n=4 m=8 vals=[{0:4,2:8,3:3,5:2},{1:2,4:3,6:8,7:4},{2:8,3:5,6:6,7:4},{4:4,5:1,6:8,7:6}]
k4_certs_4_pure.json.gz#99 keys_distinct_g n=4 m=8 vals=[{0:3,2:4,3:2,6:8},{1:2,4:8,5:5,7:4},{2:4,3:2,6:8,7:5},{4:10,5:2,6:3,7:6}]
k4_certs_4_pure.json.gz#99 keys_distinct_g n=4 m=8 vals=[{0:6,2:1,3:8,6:4},{1:2,4:8,5:3,7:4},{2:2,3:8,6:4,7:5},{4:8,5:6,6:4,7:1}]
k4_certs_4_pure.json.gz#100 keys_distinct_g n=4 m=8 vals=[{0:1,2:4,3:6,7:8},{1:3,5:2,6:6,7:10},{2:2,3:7,4:8,7:4},{4:10,5:6,6:3,7:8}]
k4_certs_4_pure.json.gz#100 amax_ndx2 n=4 m=8 vals=[{0:4,2:2,3:3,7:8},{1:7,5:2,6:4,7:8},{2:3,3:6,4:10,7:8},{4:4,5:6,6:3,7:8}]
k4_certs_4_pure.json.gz#100 keys_distinct_g n=4 m=8 vals=[{0:4,2:8,3:3,7:6},{1:1,5:6,6:8,7:4},{2:10,3:7,4:2,7:6},{4:2,5:7,6:10,7:6}]
k4_certs_4_pure.json.gz#101 keys_distinct_g n=4 m=8 vals=[{0:2,2:8,3:4,7:7},{1:2,5:4,6:10,7:7},{2:8,3:4,4:2,6:5},{4:6,5:3,6:10,7:2}]
k4_certs_4_pure.json.gz#101 keys_distinct_g n=4 m=8 vals=[{0:4,2:2,3:8,7:3},{1:3,5:2,6:8,7:4},{2:4,3:8,4:5,6:2},{4:4,5:7,6:10,7:2}]
k4_certs_4_pure.json.gz#101 amax_ndx2 n=4 m=8 vals=[{0:6,2:10,3:2,7:3},{1:6,5:2,6:10,7:3},{2:3,3:8,4:6,6:10},{4:8,5:6,6:4,7:1}]
k4_certs_4_pure.json.gz#102 keys_distinct_g n=4 m=8 vals=[{0:6,2:3,4:2,6:10},{1:7,3:2,5:6,7:10},{2:7,3:2,6:4,7:10},{4:8,5:4,6:10,7:3}]
k4_certs_4_pure.json.gz#102 keys_distinct_g n=4 m=8 vals=[{0:3,2:8,4:4,6:6},{1:6,3:3,5:10,7:2},{2:8,3:6,6:4,7:1},{4:3,5:8,6:6,7:4}]
k4_certs_4_pure.json.gz#102 amax_ndx2 n=4 m=8 vals=[{0:3,2:8,4:2,6:4},{1:7,3:4,5:2,7:10},{2:7,3:3,6:6,7:5},{4:2,5:6,6:7,7:10}]
k4_certs_4_pure.json.gz#102 amax_ndx2 n=4 m=8 vals=[{0:6,2:10,4:3,6:2},{1:4,3:8,5:3,7:2},{2:7,3:3,6:6,7:5},{4:2,5:5,6:8,7:4}]
k4_certs_4_pure.json.gz#97 keys_distinct_g n=4 m=8 vals=[{0:3,2:6,3:2,4:10},{1:7,3:2,6:10,7:6},{2:6,5:5,6:7,7:3},{4:8,5:7,6:4,7:2}]
k4_certs_4_pure.json.gz#97 keys_distinct_g n=4 m=8 vals=[{0:6,2:10,3:3,4:2},{1:7,3:2,6:10,7:4},{2:8,5:7,6:4,7:2},{4:1,5:4,6:8,7:6}]
k4_certs_4_pure.json.gz#97 amax_ndx2 n=4 m=8 vals=[{0:2,2:8,3:3,4:4},{1:6,3:1,6:4,7:8},{2:7,5:5,6:6,7:3},{4:6,5:4,6:8,7:1}]
k4_certs_4_pure.json.gz#97 amax_ndx2 n=4 m=8 vals=[{0:4,2:2,3:8,4:3},{1:8,3:3,6:6,7:10},{2:2,5:7,6:10,7:6},{4:6,5:3,6:2,7:10}]
k4_certs_4_pure.json.gz#103 keys_distinct_g n=4 m=8 vals=[{0:7,2:10,5:4,7:2},{1:2,4:6,6:10,7:3},{2:8,3:3,4:4,7:6},{3:2,5:4,6:8,7:5}]
k4_certs_4_pure.json.gz#103 keys_distinct_g n=4 m=8 vals=[{0:3,2:6,5:8,7:10},{1:2,4:3,6:6,7:10},{2:3,3:8,4:2,7:4},{3:8,5:3,6:6,7:4}]
k4_certs_4_pure.json.gz#106 keys_distinct_g n=4 m=8 vals=[{0:1,2:8,5:4,7:6},{1:7,5:4,6:8,7:2},{2:8,3:4,4:2,6:3},{3:2,4:6,6:10,7:7}]
k4_certs_4_pure.json.gz#106 keys_distinct_g n=4 m=8 vals=[{0:2,2:6,5:7,7:10},{1:2,5:7,6:10,7:6},{2:5,3:2,4:4,6:8},{3:3,4:2,6:6,7:10}]
k4_certs_4_pure.json.gz#106 amax_ndx2 n=4 m=8 vals=[{0:4,2:2,5:8,7:3},{1:5,5:6,6:7,7:3},{2:6,3:3,4:2,6:10},{3:1,4:4,6:6,7:8}]
k4_certs_4_pure.json.gz#104 keys_distinct_g n=4 m=8 vals=[{0:2,2:8,5:4,7:3},{1:3,4:2,6:10,7:6},{2:7,3:6,4:5,6:3},{3:7,5:4,6:8,7:2}]
k4_certs_4_pure.json.gz#104 amax_ndx2 n=4 m=8 vals=[{0:3,2:2,5:4,7:8},{1:8,4:6,6:10,7:3},{2:4,3:3,4:10,6:8},{3:6,5:1,6:8,7:4}]
k4_certs_4_pure.json.gz#104 amax_ndx2 n=4 m=8 vals=[{0:3,2:2,5:4,7:8},{1:8,4:6,6:10,7:3},{2:4,3:3,4:10,6:8},{3:6,5:1,6:8,7:4}]
k4_certs_4_pure.json.gz#104 keys_distinct_g n=4 m=8 vals=[{0:3,2:6,5:2,7:10},{1:5,4:8,6:4,7:6},{2:2,3:3,4:8,6:4},{3:3,5:4,6:8,7:10}]
k4_certs_4_pure.json.gz#105 keys_distinct_g n=4 m=8 vals=[{0:2,2:3,5:8,6:4},{1:4,4:3,5:10,7:8},{2:2,3:7,6:10,7:4},{3:1,4:4,6:8,7:6}]
k4_certs_4_pure.json.gz#105 keys_distinct_g n=4 m=8 vals=[{0:6,2:2,5:10,6:3},{1:4,4:1,5:8,7:6},{2:2,3:8,6:5,7:4},{3:8,4:2,6:4,7:7}]
k4_certs_4_pure.json.gz#105 amax_ndx2 n=4 m=8 vals=[{0:6,2:2,5:3,6:10},{1:2,4:6,5:3,7:10},{2:8,3:6,6:10,7:3},{3:8,4:6,6:4,7:5}]
k4_certs_4_pure.json.gz#105 amax_ndx2 n=4 m=8 vals=[{0:2,2:4,5:8,6:3},{1:6,4:8,5:4,7:3},{2:2,3:3,6:4,7:8},{3:1,4:8,6:6,7:4}]
k4_certs_4_pure.json.gz#107 keys_distinct_g n=4 m=8 vals=[{0:7,2:6,6:2,7:10},{1:3,5:4,6:2,7:8},{2:8,3:3,4:10,5:4},{3:1,4:8,6:6,7:4}]
k4_certs_4_pure.json.gz#107 keys_distinct_g n=4 m=8 vals=[{0:6,2:2,6:10,7:7},{1:3,5:6,6:10,7:8},{2:4,3:8,4:2,5:3},{3:8,4:2,6:4,7:7}]
k4_certs_4_pure.json.gz#107 amax_ndx2 n=4 m=8 vals=[{0:6,2:7,6:3,7:5},{1:6,5:1,6:8,7:4},{2:8,3:3,4:4,5:2},{3:6,4:1,6:4,7:8}]
k4_certs_4_pure.json.gz#107 amax_ndx2 n=4 m=8 vals=[{0:4,2:2,6:7,7:8},{1:7,5:2,6:10,7:4},{2:2,3:3,4:8,5:4},{3:5,4:6,6:7,7:3}]
k4_certs_4_pure.json.gz#109 keys_distinct_g n=4 m=8 vals=[{0:2,2:4,6:8,7:3},{1:4,5:3,6:2,7:8},{2:3,3:6,4:8,6:10},{3:7,4:6,5:2,7:10}]
k4_certs_4_pure.json.gz#109 keys_distinct_g n=4 m=8 vals=[{0:6,2:2,6:10,7:3},{1:6,5:1,6:4,7:8},{2:5,3:2,4:4,6:8},{3:1,4:6,5:4,7:8}]
k4_certs_4_pure.json.gz#109 amax_ndx2 n=4 m=8 vals=[{0:2,2:3,6:4,7:8},{1:2,5:8,6:4,7:7},{2:3,3:2,4:8,6:4},{3:6,4:5,5:3,7:7}]
k4_certs_4_pure.json.gz#109 amax_ndx2 n=4 m=8 vals=[{0:2,2:3,6:4,7:8},{1:2,5:8,6:4,7:7},{2:3,3:2,4:8,6:4},{3:6,4:5,5:3,7:7}]
k4_certs_4_pure.json.gz#108 amax_ndx2 n=4 m=8 vals=[{0:7,2:2,6:10,7:4},{1:4,5:6,6:8,7:5},{2:6,3:3,4:2,7:10},{3:2,4:4,5:8,7:3}]
k4_certs_4_pure.json.gz#108 keys_distinct_g n=4 m=8 vals=[{0:4,2:8,6:6,7:5},{1:7,5:2,6:4,7:10},{2:10,3:6,4:3,7:8},{3:2,4:4,5:3,7:8}]
k4_certs_4_pure.json.gz#108 keys_distinct_g n=4 m=8 vals=[{0:2,2:7,6:10,7:6},{1:3,5:2,6:10,7:6},{2:7,3:2,4:10,7:6},{3:3,4:10,5:6,7:8}]
k4_certs_4_pure.json.gz#108 amax_ndx2 n=4 m=8 vals=[{0:4,2:2,6:7,7:8},{1:8,5:10,6:3,7:6},{2:4,3:2,4:3,7:8},{3:4,4:3,5:8,7:2}]
k4_certs_4_pure.json.gz#110 keys_distinct_g n=4 m=8 vals=[{0:2,4:4,5:7,6:10},{1:6,4:8,5:3,7:10},{2:1,3:4,6:8,7:6},{2:7,3:2,6:4,7:10}]
k4_certs_4_pure.json.gz#110 keys_distinct_g n=4 m=8 vals=[{0:4,4:2,5:7,6:10},{1:2,4:5,5:4,7:8},{2:4,3:3,6:8,7:2},{2:2,3:4,6:3,7:8}]
k4_certs_4_pure.json.gz#111 keys_distinct_g n=4 m=8 vals=[{0:6,5:3,6:10,7:8},{1:7,5:2,6:10,7:6},{2:3,3:4,4:10,7:8},{2:3,3:4,4:8,7:6}]
k4_certs_4_pure.json.gz#111 keys_distinct_g n=4 m=8 vals=[{0:2,5:4,6:8,7:7},{1:7,5:2,6:10,7:6},{2:1,3:4,4:8,7:6},{2:1,3:6,4:8,7:4}]
k4_certs_4_pure.json.gz#112 keys_distinct_g n=4 m=8 vals=[{0:4,5:3,6:8,7:10},{1:2,5:4,6:8,7:5},{2:4,3:5,4:2,6:8},{2:3,3:5,4:6,7:7}]
k4_certs_4_pure.json.gz#112 keys_distinct_g n=4 m=8 vals=[{0:7,5:10,6:6,7:2},{1:2,5:10,6:6,7:3},{2:10,3:2,4:6,6:7},{2:8,3:3,4:2,7:4}]
k4_certs_4_pure.json.gz#114 keys_distinct_g n=4 m=8 vals=[{0:1,1:6,4:8,5:4},{1:4,3:2,6:5,7:8},{2:2,3:5,4:8,7:4},{2:3,5:4,6:2,7:8}]
k4_certs_4_pure.json.gz#114 keys_distinct_g n=4 m=8 vals=[{0:1,1:6,4:4,5:8},{1:8,3:4,6:3,7:10},{2:2,3:3,4:4,7:8},{2:6,5:10,6:3,7:8}]
k4_certs_4_pure.json.gz#115 amax_ndx2 n=4 m=8 vals=[{0:3,1:2,4:6,5:10},{1:5,5:7,6:3,7:6},{2:3,3:6,4:2,7:10},{2:3,3:6,6:10,7:2}]
k4_certs_4_pure.json.gz#115 amax_ndx2 n=4 m=8 vals=[{0:3,1:2,4:6,5:10},{1:5,5:7,6:3,7:6},{2:3,3:6,4:2,7:10},{2:3,3:6,6:10,7:2}]
k4_certs_4_pure.json.gz#115 keys_distinct_g n=4 m=8 vals=[{0:3,1:6,4:10,5:2},{1:3,5:6,6:2,7:10},{2:4,3:5,4:8,7:2},{2:4,3:1,6:6,7:8}]
k4_certs_4_pure.json.gz#115 keys_distinct_g n=4 m=8 vals=[{0:2,1:8,4:5,5:4},{1:8,5:4,6:2,7:3},{2:4,3:2,4:7,7:10},{2:2,3:6,6:3,7:10}]
k4_certs_4_pure.json.gz#116 keys_distinct_g n=4 m=8 vals=[{0:5,2:2,3:8,7:4},{1:6,2:3,3:10,4:2},{1:1,5:6,6:8,7:4},{4:2,5:3,6:8,7:4}]
k4_certs_4_pure.json.gz#116 keys_distinct_g n=4 m=8 vals=[{0:6,2:3,3:8,7:10},{1:8,2:1,3:4,4:6},{1:8,5:4,6:2,7:3},{4:4,5:1,6:6,7:8}]
k4_certs_4_pure.json.gz#118 keys_distinct_g n=4 m=8 vals=[{0:2,4:8,6:4,7:7},{1:8,2:2,3:4,5:3},{1:10,3:4,5:3,7:8},{2:2,4:10,6:6,7:3}]
k4_certs_4_pure.json.gz#117 keys_distinct_g n=4 m=8 vals=[{0:4,4:10,5:2,7:7},{1:4,2:6,3:3,4:8},{1:6,3:2,6:3,7:10},{2:4,5:2,6:5,7:8}]
k4_certs_4_pure.json.gz#117 keys_distinct_g n=4 m=8 vals=[{0:2,4:7,5:6,7:10},{1:1,2:4,3:8,4:6},{1:4,3:8,6:2,7:5},{2:4,5:6,6:1,7:8}]
k4_certs_4_pure.json.gz#120 keys_distinct_g n=4 m=8 vals=[{0:4,2:2,4:5,6:8},{0:3,2:2,5:6,6:10},{1:2,3:10,4:7,7:4},{1:3,3:8,5:2,7:4}]
k4_certs_4_pure.json.gz#120 keys_distinct_g n=4 m=8 vals=[{0:3,2:4,4:8,6:6},{0:6,2:5,5:7,6:3},{1:3,3:6,4:10,7:2},{1:3,3:6,5:10,7:2}]
k4_certs_4_pure.json.gz#122 keys_distinct_g n=4 m=8 vals=[{0:1,2:6,5:8,6:4},{0:6,3:1,4:8,6:4},{1:4,2:7,4:10,7:2},{1:3,3:2,5:10,7:6}]
k4_certs_4_pure.json.gz#122 keys_distinct_g n=4 m=8 vals=[{0:3,2:10,5:2,6:6},{0:1,3:8,4:6,6:4},{1:4,2:8,4:5,7:2},{1:8,3:10,5:3,7:6}]
k4_certs_4_pure.json.gz#121 keys_distinct_g n=4 m=8 vals=[{0:6,2:4,4:8,6:1},{0:6,2:5,5:7,7:3},{1:4,3:3,4:8,6:2},{1:2,3:4,5:8,7:3}]
k4_certs_4_pure.json.gz#121 keys_distinct_g n=4 m=8 vals=[{0:8,2:5,4:4,6:2},{0:8,2:3,5:4,7:2},{1:8,3:4,4:5,6:2},{1:8,3:2,5:3,7:4}]
k4_certs_4_pure.json.gz#119 keys_distinct_g n=4 m=8 vals=[{0:4,5:3,6:2,7:8},{1:6,2:10,3:7,4:2},{1:5,3:3,5:6,7:7},{2:10,4:3,6:6,7:2}]
k4_certs_4_pure.json.gz#119 keys_distinct_g n=4 m=8 vals=[{0:3,5:2,6:6,7:10},{1:6,2:3,3:10,4:8},{1:2,3:8,5:3,7:4},{2:5,4:4,6:2,7:8}]
k4_certs_4_pure.json.gz#123 keys_distinct_g n=4 m=9 vals=[{0:2,1:4,2:3,7:8},{2:4,4:10,5:2,8:7},{3:7,4:10,5:2,6:6},{3:7,6:2,7:10,8:4}]
k4_certs_4_pure.json.gz#124 keys_distinct_g n=4 m=9 vals=[{0:2,1:3,3:8,4:4},{2:6,3:8,4:1,5:4},{2:4,6:8,7:2,8:3},{5:6,6:8,7:1,8:4}]
k4_certs_4_pure.json.gz#124 keys_distinct_g n=4 m=9 vals=[{0:4,1:3,3:2,4:8},{2:6,3:1,4:8,5:4},{2:6,6:10,7:2,8:7},{5:7,6:10,7:2,8:4}]
k4_certs_4_pure.json.gz#126 keys_distinct_g n=4 m=9 vals=[{0:2,2:6,4:10,7:3},{1:4,3:3,6:8,8:2},{4:10,5:7,7:2,8:6},{5:6,6:10,7:7,8:2}]
k4_certs_4_pure.json.gz#126 keys_distinct_g n=4 m=9 vals=[{0:3,2:2,4:10,7:6},{1:3,3:4,6:8,8:2},{4:8,5:6,7:4,8:3},{5:7,6:8,7:2,8:4}]
k4_certs_4_pure.json.gz#126 amax_ndx2 n=4 m=9 vals=[{0:6,2:2,4:3,7:10},{1:2,3:7,6:10,8:4},{4:4,5:2,7:3,8:8},{5:8,6:10,7:3,8:4}]
k4_certs_4_pure.json.gz#126 amax_not_cert2 n=4 m=9 vals=[{0:2,2:6,4:3,7:10},{1:2,3:5,6:8,8:4},{4:3,5:10,7:8,8:4},{5:7,6:6,7:5,8:3}]
k4_certs_4_pure.json.gz#126 amax_not_cert2 n=4 m=9 vals=[{0:2,2:6,4:3,7:10},{1:2,3:5,6:8,8:4},{4:3,5:10,7:8,8:4},{5:7,6:6,7:5,8:3}]
k4_certs_4_pure.json.gz#126 amax_ndx2 n=4 m=9 vals=[{0:3,2:4,4:8,7:2},{1:3,3:6,6:2,8:10},{4:3,5:8,7:4,8:10},{5:3,6:8,7:4,8:10}]
k4_certs_4_pure.json.gz#125 keys_distinct_g n=4 m=9 vals=[{0:2,2:6,4:3,5:10},{1:3,3:6,7:10,8:8},{4:6,6:1,7:8,8:4},{5:8,6:7,7:4,8:2}]
k4_certs_4_pure.json.gz#125 amax_ndx2 n=4 m=9 vals=[{0:4,2:3,4:8,5:2},{1:3,3:4,7:8,8:10},{4:8,6:6,7:3,8:4},{5:4,6:1,7:6,8:8}]
k4_certs_4_pure.json.gz#125 keys_distinct_g n=4 m=9 vals=[{0:3,2:6,4:2,5:10},{1:4,3:2,7:5,8:8},{4:7,6:4,7:2,8:10},{5:7,6:6,7:3,8:5}]
k4_certs_4_pure.json.gz#125 amax_ndx2 n=4 m=9 vals=[{0:2,2:3,4:8,5:4},{1:7,3:2,7:10,8:4},{4:8,6:4,7:6,8:5},{5:6,6:7,7:5,8:3}]
k4_certs_4_pure.json.gz#128 amax_ndx2 n=4 m=9 vals=[{0:4,2:3,4:8,8:2},{1:4,3:3,7:8,8:2},{4:3,5:4,6:8,7:10},{5:8,6:4,7:3,8:6}]
k4_certs_4_pure.json.gz#128 keys_distinct_g n=4 m=9 vals=[{0:4,2:2,4:7,8:8},{1:2,3:3,7:4,8:8},{4:7,5:8,6:2,7:4},{5:10,6:2,7:6,8:7}]
k4_certs_4_pure.json.gz#128 keys_distinct_g n=4 m=9 vals=[{0:2,2:4,4:5,8:8},{1:2,3:6,7:3,8:10},{4:7,5:6,6:10,7:2},{5:4,6:10,7:3,8:8}]
k4_certs_4_pure.json.gz#128 amax_ndx2 n=4 m=9 vals=[{0:3,2:6,4:2,8:10},{1:3,3:2,7:10,8:6},{4:4,5:3,6:10,7:8},{5:8,6:4,7:3,8:10}]
k4_certs_4_pure.json.gz#128 FAIL_glob_r,lamU n=4 m=9 vals=[{0:4,2:2,4:3,8:8},{1:3,3:6,7:4,8:8},{4:7,5:10,6:4,7:2},{5:2,6:3,7:6,8:10}]
k4_certs_4_pure.json.gz#128 amax_not_cert2 n=4 m=9 vals=[{0:2,2:3,4:10,8:6},{1:2,3:4,7:5,8:8},{4:8,5:2,6:4,7:3},{5:3,6:4,7:8,8:10}]
k4_certs_4_pure.json.gz#128 key_noncompletable n=4 m=9 vals=[{0:5,2:4,4:6,8:8},{1:2,3:6,7:3,8:10},{4:2,5:10,6:7,7:6},{5:6,6:3,7:4,8:8}]
k4_certs_4_pure.json.gz#127 keys_distinct_g n=4 m=9 vals=[{0:3,2:6,4:10,8:8},{1:3,3:4,7:2,8:8},{4:10,5:3,6:8,8:6},{5:7,6:4,7:2,8:10}]
k4_certs_4_pure.json.gz#127 amax_ndx2 n=4 m=9 vals=[{0:6,2:3,4:8,8:10},{1:6,3:3,7:2,8:10},{4:5,5:4,6:6,8:8},{5:7,6:2,7:4,8:8}]
k4_certs_4_pure.json.gz#127 amax_ndx2 n=4 m=9 vals=[{0:2,2:4,4:8,8:3},{1:4,3:2,7:3,8:8},{4:5,5:3,6:6,8:7},{5:8,6:2,7:4,8:7}]
k4_certs_4_pure.json.gz#127 keys_distinct_g n=4 m=9 vals=[{0:3,2:4,4:8,8:10},{1:3,3:2,7:4,8:8},{4:5,5:8,6:6,8:4},{5:10,6:2,7:3,8:6}]
k4_certs_4_pure.json.gz#127 FAIL_glob_r,lamU n=4 m=9 vals=[{0:3,2:4,4:2,8:8},{1:3,3:6,7:2,8:10},{4:5,5:6,6:3,8:7},{5:5,6:4,7:8,8:2}]
k4_certs_4_pure.json.gz#127 FAIL_glob_r,lamU n=4 m=9 vals=[{0:5,2:4,4:6,8:8},{1:2,3:6,7:7,8:10},{4:6,5:3,6:2,8:10},{5:2,6:3,7:4,8:8}]
k4_certs_4_pure.json.gz#129 keys_distinct_g n=4 m=9 vals=[{0:3,2:6,6:2,7:10},{1:4,3:2,6:3,8:8},{4:4,5:7,7:10,8:2},{4:3,5:6,7:4,8:8}]
k4_certs_4_pure.json.gz#129 keys_distinct_g n=4 m=9 vals=[{0:5,2:2,6:8,7:4},{1:4,3:1,6:8,8:6},{4:4,5:3,7:8,8:6},{4:3,5:2,7:10,8:6}]
k4_certs_4_pure.json.gz#130 keys_distinct_g n=4 m=9 vals=[{0:7,2:2,7:10,8:6},{1:6,3:3,7:10,8:8},{4:8,5:2,6:4,8:5},{4:10,5:3,6:4,8:8}]
k4_certs_4_pure.json.gz#130 keys_distinct_g n=4 m=9 vals=[{0:2,2:5,7:8,8:4},{1:4,3:2,7:8,8:7},{4:2,5:6,6:10,8:7},{4:3,5:4,6:8,8:2}]
k4_certs_4_pure.json.gz#131 keys_distinct_g n=4 m=9 vals=[{0:2,2:7,7:4,8:10},{1:4,3:1,7:6,8:8},{4:6,5:10,6:3,7:8},{4:6,5:8,6:1,8:4}]
k4_certs_4_pure.json.gz#131 keys_distinct_g n=4 m=9 vals=[{0:7,2:2,7:6,8:10},{1:3,3:6,7:8,8:10},{4:2,5:10,6:7,7:6},{4:4,5:10,6:3,8:8}]
k4_certs_4_pure.json.gz#131 prof_cert n=4 m=9 vals=[{0:2,2:4,7:8,8:7},{1:4,3:3,7:2,8:8},{4:2,5:3,6:4,7:8},{4:4,5:5,6:6,8:8}]
k4_certs_4_pure.json.gz#131 prof_cert2 n=4 m=9 vals=[{0:2,2:4,7:8,8:7},{1:4,3:3,7:2,8:8},{4:2,5:3,6:4,7:8},{4:4,5:5,6:6,8:8}]
k4_certs_4_pure.json.gz#131 amax_not_cert2 n=4 m=9 vals=[{0:2,2:4,7:8,8:7},{1:4,3:3,7:2,8:8},{4:2,5:3,6:4,7:8},{4:4,5:5,6:6,8:8}]
k4_certs_4_pure.json.gz#131 amax_not_cert2 n=4 m=9 vals=[{0:2,2:4,7:8,8:7},{1:4,3:3,7:2,8:8},{4:2,5:3,6:4,7:8},{4:4,5:5,6:6,8:8}]
k4_certs_4_pure.json.gz#131 prof_cert n=4 m=9 vals=[{0:4,2:2,7:8,8:7},{1:2,3:6,7:7,8:10},{4:2,5:4,6:3,7:8},{4:8,5:3,6:4,8:10}]
k4_certs_4_pure.json.gz#131 prof_cert2 n=4 m=9 vals=[{0:4,2:2,7:8,8:7},{1:2,3:6,7:7,8:10},{4:2,5:4,6:3,7:8},{4:8,5:3,6:4,8:10}]
k4_certs_4_pure.json.gz#131 FAIL_glob_r,lamU n=4 m=9 vals=[{0:6,2:2,7:10,8:3},{1:2,3:7,7:8,8:4},{4:3,5:6,6:2,7:10},{4:8,5:4,6:3,8:10}]
k4_certs_4_pure.json.gz#131 key_noncompletable n=4 m=9 vals=[{0:3,2:2,7:4,8:8},{1:5,3:4,7:6,8:8},{4:7,5:6,6:10,7:2},{4:6,5:3,6:8,8:10}]
k4_certs_4_pure.json.gz#131 FAIL_glob_r,lamU n=4 m=9 vals=[{0:4,2:5,7:6,8:8},{1:6,3:3,7:2,8:10},{4:6,5:3,6:5,7:7},{4:3,5:4,6:2,8:8}]
k4_certs_4_pure.json.gz#132 keys_distinct_g n=4 m=9 vals=[{0:3,2:2,5:8,6:4},{1:2,4:6,7:3,8:10},{3:3,6:8,7:6,8:10},{5:8,6:4,7:6,8:5}]
k4_certs_4_pure.json.gz#132 keys_distinct_g n=4 m=9 vals=[{0:6,2:2,5:3,6:10},{1:7,4:2,7:6,8:10},{3:4,6:5,7:2,8:8},{5:4,6:8,7:6,8:5}]
k4_certs_4_pure.json.gz#132 prof_cert n=4 m=9 vals=[{0:6,2:3,5:2,6:10},{1:4,4:2,7:7,8:10},{3:4,6:5,7:2,8:8},{5:4,6:8,7:5,8:6}]
k4_certs_4_pure.json.gz#132 amax_ndx2 n=4 m=9 vals=[{0:6,2:3,5:2,6:10},{1:4,4:2,7:7,8:10},{3:4,6:5,7:2,8:8},{5:4,6:8,7:5,8:6}]
k4_certs_4_pure.json.gz#132 amax_not_cert2 n=4 m=9 vals=[{0:6,2:3,5:2,6:10},{1:4,4:2,7:7,8:10},{3:4,6:5,7:2,8:8},{5:4,6:8,7:5,8:6}]
k4_certs_4_pure.json.gz#132 amax_ndx2 n=4 m=9 vals=[{0:3,2:6,5:2,6:10},{1:3,4:6,7:10,8:8},{3:3,6:7,7:5,8:6},{5:6,6:7,7:10,8:2}]
k4_certs_4_pure.json.gz#133 amax_ndx2 n=4 m=9 vals=[{0:3,2:4,6:6,8:8},{1:4,4:3,7:2,8:8},{3:8,5:10,7:3,8:4},{5:6,6:3,7:8,8:10}]
k4_certs_4_pure.json.gz#133 amax_ndx2 n=4 m=9 vals=[{0:6,2:2,6:10,8:3},{1:2,4:5,7:4,8:8},{3:5,5:3,7:7,8:6},{5:3,6:7,7:5,8:6}]
k4_certs_4_pure.json.gz#133 keys_distinct_g n=4 m=9 vals=[{0:3,2:2,6:4,8:8},{1:2,4:7,7:10,8:6},{3:6,5:7,7:10,8:2},{5:8,6:4,7:3,8:10}]
k4_certs_4_pure.json.gz#133 FAIL_glob_r,lamU n=4 m=9 vals=[{0:2,2:7,6:4,8:8},{1:3,4:6,7:2,8:10},{3:8,5:2,7:7,8:4},{5:4,6:3,7:2,8:8}]
k4_certs_4_pure.json.gz#133 keys_distinct_g n=4 m=9 vals=[{0:1,2:6,6:4,8:8},{1:3,4:4,7:8,8:10},{3:2,5:7,7:10,8:4},{5:6,6:3,7:8,8:4}]
k4_certs_4_pure.json.gz#133 amax_not_cert2 n=4 m=9 vals=[{0:2,2:4,6:3,8:8},{1:2,4:3,7:10,8:6},{3:5,5:8,7:6,8:4},{5:8,6:6,7:3,8:4}]
k4_certs_4_pure.json.gz#133 amax_not_cert2 n=4 m=9 vals=[{0:2,2:4,6:3,8:8},{1:2,4:3,7:10,8:6},{3:5,5:8,7:6,8:4},{5:8,6:6,7:3,8:4}]
k4_certs_4_pure.json.gz#133 key_noncompletable n=4 m=9 vals=[{0:6,2:3,6:5,8:7},{1:2,4:4,7:5,8:8},{3:4,5:3,7:6,8:8},{5:2,6:4,7:8,8:3}]
k4_certs_4_pure.json.gz#133 key_no_t0 n=4 m=9 vals=[{0:6,2:3,6:5,8:7},{1:2,4:4,7:5,8:8},{3:4,5:3,7:6,8:8},{5:2,6:4,7:8,8:3}]
k4_certs_4_pure.json.gz#133 FAIL_glob_r,lamU n=4 m=9 vals=[{0:8,2:3,6:6,8:10},{1:2,4:7,7:6,8:10},{3:7,5:2,7:6,8:10},{5:3,6:6,7:10,8:2}]
k4_certs_4_pure.json.gz#135 keys_distinct_g n=4 m=9 vals=[{0:6,2:3,6:10,8:2},{1:3,4:2,7:8,8:4},{3:6,5:5,6:3,7:7},{5:3,6:10,7:6,8:8}]
k4_certs_4_pure.json.gz#135 amax_ndx2 n=4 m=9 vals=[{0:4,2:2,6:8,8:5},{1:3,4:2,7:4,8:8},{3:5,5:4,6:6,7:8},{5:4,6:5,7:6,8:8}]
k4_certs_4_pure.json.gz#135 keys_distinct_g n=4 m=9 vals=[{0:4,2:2,6:8,8:7},{1:5,4:2,7:8,8:4},{3:6,5:3,6:10,7:2},{5:6,6:7,7:10,8:2}]
k4_certs_4_pure.json.gz#135 amax_ndx2 n=4 m=9 vals=[{0:2,2:7,6:6,8:10},{1:3,4:6,7:10,8:2},{3:4,5:2,6:7,7:8},{5:6,6:4,7:3,8:8}]
k4_certs_4_pure.json.gz#135 prof_cert n=4 m=9 vals=[{0:4,2:2,6:7,8:8},{1:2,4:3,7:6,8:10},{3:7,5:4,6:2,7:10},{5:2,6:8,7:7,8:4}]
k4_certs_4_pure.json.gz#135 prof_cert2 n=4 m=9 vals=[{0:4,2:2,6:7,8:8},{1:2,4:3,7:6,8:10},{3:7,5:4,6:2,7:10},{5:2,6:8,7:7,8:4}]
k4_certs_4_pure.json.gz#135 amax_not_cert2 n=4 m=9 vals=[{0:4,2:2,6:7,8:8},{1:2,4:3,7:6,8:10},{3:7,5:4,6:2,7:10},{5:2,6:8,7:7,8:4}]
k4_certs_4_pure.json.gz#135 amax_not_cert2 n=4 m=9 vals=[{0:4,2:2,6:7,8:8},{1:2,4:3,7:6,8:10},{3:7,5:4,6:2,7:10},{5:2,6:8,7:7,8:4}]
k4_certs_4_pure.json.gz#134 amax_ndx2 n=4 m=9 vals=[{0:2,2:4,7:8,8:7},{1:3,4:2,7:8,8:4},{3:7,5:2,6:10,8:6},{5:5,6:6,7:7,8:3}]
k4_certs_4_pure.json.gz#134 amax_ndx2 n=4 m=9 vals=[{0:7,2:2,7:6,8:10},{1:1,4:4,7:8,8:6},{3:4,5:8,6:3,8:10},{5:3,6:6,7:5,8:7}]
k4_certs_4_pure.json.gz#134 FAIL_glob_r,lamU n=4 m=9 vals=[{0:4,2:3,7:2,8:8},{1:3,4:6,7:5,8:7},{3:4,5:3,6:2,8:8},{5:4,6:5,7:6,8:8}]
k4_certs_4_pure.json.gz#134 keys_distinct_g n=4 m=9 vals=[{0:3,2:4,7:8,8:2},{1:4,4:3,7:8,8:6},{3:6,5:8,6:1,8:4},{5:8,6:3,7:6,8:4}]
k4_certs_4_pure.json.gz#134 keys_distinct_g n=4 m=9 vals=[{0:3,2:4,7:8,8:2},{1:2,4:6,7:10,8:7},{3:3,5:4,6:8,8:6},{5:7,6:10,7:4,8:2}]
k4_certs_4_pure.json.gz#134 FAIL_glob_r,lamU n=4 m=9 vals=[{0:2,2:6,7:3,8:10},{1:3,4:8,7:6,8:10},{3:2,5:3,6:6,8:10},{5:8,6:3,7:10,8:4}]
k4_certs_4_pure.json.gz#134 prof_cert n=4 m=9 vals=[{0:2,2:4,7:8,8:7},{1:2,4:4,7:7,8:8},{3:4,5:2,6:7,8:10},{5:7,6:2,7:10,8:6}]
k4_certs_4_pure.json.gz#134 prof_cert2 n=4 m=9 vals=[{0:2,2:4,7:8,8:7},{1:2,4:4,7:7,8:8},{3:4,5:2,6:7,8:10},{5:7,6:2,7:10,8:6}]
k4_certs_4_pure.json.gz#134 amax_not_cert2 n=4 m=9 vals=[{0:2,2:4,7:8,8:7},{1:2,4:4,7:7,8:8},{3:4,5:2,6:7,8:10},{5:7,6:2,7:10,8:6}]
k4_certs_4_pure.json.gz#134 amax_not_cert2 n=4 m=9 vals=[{0:2,2:4,7:8,8:7},{1:2,4:4,7:7,8:8},{3:4,5:2,6:7,8:10},{5:7,6:2,7:10,8:6}]
k4_certs_4_pure.json.gz#138 amax_ndx2 n=4 m=9 vals=[{0:3,2:4,5:8,8:6},{1:6,5:5,7:3,8:7},{3:6,6:1,7:4,8:8},{4:2,6:3,7:10,8:6}]
k4_certs_4_pure.json.gz#138 amax_ndx2 n=4 m=9 vals=[{0:3,2:4,5:8,8:6},{1:6,5:5,7:3,8:7},{3:6,6:1,7:4,8:8},{4:2,6:3,7:10,8:6}]
k4_certs_4_pure.json.gz#138 keys_distinct_g n=4 m=9 vals=[{0:2,2:4,5:7,8:8},{1:5,5:4,7:8,8:2},{3:3,6:2,7:4,8:8},{4:4,6:2,7:8,8:5}]
k4_certs_4_pure.json.gz#138 keys_distinct_g n=4 m=9 vals=[{0:2,2:4,5:8,8:7},{1:6,5:7,7:3,8:5},{3:2,6:5,7:4,8:8},{4:5,6:2,7:4,8:8}]
k4_certs_4_pure.json.gz#138 FAIL_glob_r,lamU n=4 m=9 vals=[{0:6,2:3,5:2,8:10},{1:4,5:3,7:2,8:8},{3:4,6:8,7:3,8:2},{4:7,6:2,7:4,8:8}]
k4_certs_4_pure.json.gz#136 amax_ndx2 n=4 m=9 vals=[{0:4,2:2,7:8,8:5},{1:6,5:3,7:8,8:10},{3:5,6:6,7:8,8:4},{4:3,6:10,7:2,8:6}]
k4_certs_4_pure.json.gz#136 amax_ndx2 n=4 m=9 vals=[{0:3,2:2,7:8,8:4},{1:1,5:4,7:6,8:8},{3:6,6:10,7:2,8:7},{4:5,6:6,7:7,8:3}]
k4_certs_4_pure.json.gz#136 amax_not_cert2 n=4 m=9 vals=[{0:3,2:6,7:2,8:10},{1:4,5:1,7:8,8:6},{3:4,6:8,7:3,8:2},{4:3,6:7,7:6,8:5}]
k4_certs_4_pure.json.gz#136 amax_not_cert2 n=4 m=9 vals=[{0:3,2:6,7:2,8:10},{1:4,5:1,7:8,8:6},{3:4,6:8,7:3,8:2},{4:3,6:7,7:6,8:5}]
k4_certs_4_pure.json.gz#136 keys_distinct_g n=4 m=9 vals=[{0:2,2:3,7:6,8:10},{1:3,5:4,7:8,8:2},{3:7,6:4,7:2,8:10},{4:7,6:4,7:8,8:2}]
k4_certs_4_pure.json.gz#136 FAIL_glob_r,lamU n=4 m=9 vals=[{0:6,2:3,7:10,8:2},{1:5,5:4,7:8,8:2},{3:3,6:2,7:8,8:4},{4:8,6:10,7:3,8:6}]
k4_certs_4_pure.json.gz#136 keys_distinct_g n=4 m=9 vals=[{0:1,2:6,7:4,8:8},{1:6,5:3,7:2,8:10},{3:4,6:8,7:1,8:6},{4:5,6:8,7:4,8:2}]
k4_certs_4_pure.json.gz#136 FAIL_glob_r,lamU n=4 m=9 vals=[{0:3,2:8,7:10,8:4},{1:1,5:6,7:8,8:4},{3:2,6:7,7:10,8:4},{4:6,6:3,7:8,8:10}]
k4_certs_4_pure.json.gz#137 keys_distinct_g n=4 m=9 vals=[{0:5,2:2,6:4,8:8},{1:2,5:4,7:8,8:3},{3:6,6:3,7:2,8:10},{4:7,6:4,7:10,8:2}]
k4_certs_4_pure.json.gz#137 amax_ndx2 n=4 m=9 vals=[{0:1,2:6,6:8,8:4},{1:3,5:6,7:8,8:10},{3:5,6:7,7:6,8:3},{4:3,6:8,7:10,8:6}]
k4_certs_4_pure.json.gz#137 amax_ndx2 n=4 m=9 vals=[{0:4,2:2,6:5,8:8},{1:2,5:7,7:10,8:4},{3:6,6:10,7:3,8:8},{4:4,6:5,7:6,8:8}]
k4_certs_4_pure.json.gz#137 keys_distinct_g n=4 m=9 vals=[{0:3,2:4,6:6,8:8},{1:2,5:3,7:10,8:6},{3:2,6:6,7:3,8:10},{4:6,6:4,7:8,8:3}]
k4_certs_4_pure.json.gz#137 amax_not_cert2 n=4 m=9 vals=[{0:4,2:2,6:7,8:8},{1:2,5:3,7:8,8:4},{3:6,6:7,7:3,8:5},{4:5,6:7,7:6,8:3}]
k4_certs_4_pure.json.gz#137 amax_not_cert2 n=4 m=9 vals=[{0:4,2:2,6:7,8:8},{1:2,5:3,7:8,8:4},{3:6,6:7,7:3,8:5},{4:5,6:7,7:6,8:3}]
k4_certs_4_pure.json.gz#137 FAIL_glob_r,lamU n=4 m=9 vals=[{0:4,2:6,6:5,8:8},{1:6,5:3,7:2,8:10},{3:7,6:6,7:2,8:10},{4:3,6:10,7:2,8:6}]
k4_certs_4_pure.json.gz#137 FAIL_glob_r,lamU n=4 m=9 vals=[{0:3,2:6,6:5,8:7},{1:3,5:4,7:2,8:8},{3:6,6:8,7:5,8:4},{4:6,6:2,7:3,8:10}]
k4_certs_4_pure.json.gz#137 prof_cert n=4 m=9 vals=[{0:2,2:4,6:8,8:3},{1:3,5:4,7:10,8:8},{3:3,6:7,7:6,8:5},{4:6,6:8,7:10,8:3}]
k4_certs_4_pure.json.gz#139 keys_distinct_g n=4 m=9 vals=[{0:3,2:4,5:8,6:6},{1:6,5:8,7:4,8:1},{3:6,6:2,7:10,8:3},{4:6,6:8,7:10,8:3}]
k4_certs_4_pure.json.gz#139 amax_ndx2 n=4 m=9 vals=[{0:6,2:2,5:3,6:10},{1:1,5:4,7:6,8:8},{3:4,6:6,7:5,8:8},{4:5,6:7,7:3,8:6}]
k4_certs_4_pure.json.gz#139 amax_ndx2 n=4 m=9 vals=[{0:2,2:3,5:6,6:10},{1:6,5:2,7:7,8:10},{3:5,6:8,7:4,8:6},{4:4,6:7,7:10,8:2}]
k4_certs_4_pure.json.gz#139 keys_distinct_g n=4 m=9 vals=[{0:5,2:2,5:4,6:8},{1:2,5:4,7:10,8:7},{3:2,6:5,7:8,8:4},{4:4,6:10,7:8,8:3}]
k4_certs_4_pure.json.gz#139 FAIL_glob_r,lamU n=4 m=9 vals=[{0:4,2:2,5:3,6:8},{1:4,5:8,7:3,8:2},{3:6,6:10,7:2,8:3},{4:3,6:10,7:8,8:6}]
k4_certs_4_pure.json.gz#142 keys_distinct_g n=4 m=9 vals=[{0:3,2:6,4:10,5:2},{1:3,4:8,7:6,8:4},{3:4,6:8,7:7,8:2},{5:2,6:10,7:3,8:6}]
k4_certs_4_pure.json.gz#142 amax_ndx2 n=4 m=9 vals=[{0:2,2:6,4:3,5:10},{1:3,4:6,7:10,8:2},{3:4,6:3,7:2,8:8},{5:6,6:4,7:8,8:5}]
k4_certs_4_pure.json.gz#142 keys_distinct_g n=4 m=9 vals=[{0:3,2:4,4:2,5:8},{1:6,4:3,7:10,8:2},{3:4,6:2,7:8,8:5},{5:10,6:3,7:6,8:8}]
k4_certs_4_pure.json.gz#141 amax_ndx2 n=4 m=9 vals=[{0:3,2:4,6:2,7:8},{1:3,5:8,6:4,8:2},{3:8,5:10,7:3,8:6},{4:3,6:2,7:4,8:8}]
k4_certs_4_pure.json.gz#141 keys_distinct_g n=4 m=9 vals=[{0:4,2:2,6:7,7:10},{1:7,5:6,6:10,8:2},{3:5,5:4,7:8,8:2},{4:6,6:8,7:4,8:1}]
k4_certs_4_pure.json.gz#141 keys_distinct_g n=4 m=9 vals=[{0:3,2:4,6:2,7:8},{1:1,5:8,6:4,8:6},{3:2,5:10,7:7,8:6},{4:6,6:4,7:8,8:5}]
k4_certs_4_pure.json.gz#141 amax_ndx2 n=4 m=9 vals=[{0:3,2:6,6:10,7:8},{1:5,5:2,6:8,8:4},{3:2,5:4,7:3,8:8},{4:6,6:3,7:4,8:8}]
k4_certs_4_pure.json.gz#141 prof_cert n=4 m=9 vals=[{0:2,2:6,6:10,7:3},{1:4,5:5,6:8,8:6},{3:4,5:7,7:2,8:10},{4:1,6:6,7:4,8:8}]
k4_certs_4_pure.json.gz#141 amax_not_cert2 n=4 m=9 vals=[{0:2,2:6,6:10,7:3},{1:4,5:5,6:8,8:6},{3:4,5:7,7:2,8:10},{4:1,6:6,7:4,8:8}]
k4_certs_4_pure.json.gz#140 prof_cert n=4 m=9 vals=[{0:4,2:3,7:10,8:8},{1:3,5:6,6:10,8:2},{3:2,5:7,7:6,8:10},{4:4,6:8,7:5,8:6}]
k4_certs_4_pure.json.gz#140 amax_ndx2 n=4 m=9 vals=[{0:4,2:3,7:10,8:8},{1:3,5:6,6:10,8:2},{3:2,5:7,7:6,8:10},{4:4,6:8,7:5,8:6}]
k4_certs_4_pure.json.gz#140 amax_not_cert2 n=4 m=9 vals=[{0:4,2:3,7:10,8:8},{1:3,5:6,6:10,8:2},{3:2,5:7,7:6,8:10},{4:4,6:8,7:5,8:6}]
k4_certs_4_pure.json.gz#140 keys_distinct_g n=4 m=9 vals=[{0:6,2:2,7:10,8:7},{1:2,5:6,6:10,8:7},{3:2,5:6,7:10,8:3},{4:5,6:7,7:6,8:3}]
k4_certs_4_pure.json.gz#140 keys_distinct_g n=4 m=9 vals=[{0:6,2:2,7:10,8:7},{1:6,5:7,6:2,8:10},{3:6,5:8,7:10,8:3},{4:2,6:3,7:6,8:10}]
k4_certs_4_pure.json.gz#140 amax_not_cert2 n=4 m=9 vals=[{0:5,2:4,7:2,8:8},{1:3,5:10,6:2,8:6},{3:1,5:8,7:4,8:6},{4:5,6:2,7:4,8:8}]
k4_certs_4_pure.json.gz#140 amax_ndx2 n=4 m=9 vals=[{0:2,2:7,7:10,8:6},{1:3,5:10,6:6,8:2},{3:4,5:8,7:6,8:5},{4:3,6:4,7:6,8:8}]
k4_certs_4_pure.json.gz#140 FAIL_glob_r,lamU n=4 m=9 vals=[{0:4,2:2,7:8,8:3},{1:5,5:8,6:4,8:6},{3:3,5:2,7:8,8:4},{4:3,6:5,7:7,8:6}]
k4_certs_4_pure.json.gz#143 keys_distinct_g n=4 m=9 vals=[{0:2,2:6,4:3,8:10},{1:2,4:7,6:4,7:10},{3:4,5:2,7:8,8:3},{5:6,6:3,7:5,8:7}]
k4_certs_4_pure.json.gz#143 keys_distinct_g n=4 m=9 vals=[{0:6,2:1,4:8,8:4},{1:2,4:8,6:5,7:4},{3:1,5:6,7:4,8:8},{5:8,6:3,7:6,8:10}]
k4_certs_4_pure.json.gz#143 amax_ndx2 n=4 m=9 vals=[{0:2,2:3,4:8,8:4},{1:8,4:6,6:3,7:10},{3:2,5:4,7:8,8:3},{5:6,6:8,7:4,8:1}]
k4_certs_4_pure.json.gz#146 keys_distinct_g n=4 m=9 vals=[{0:6,2:3,6:2,8:10},{1:3,4:8,5:6,7:4},{3:2,4:8,7:4,8:5},{5:6,6:7,7:2,8:10}]
k4_certs_4_pure.json.gz#146 keys_distinct_g n=4 m=9 vals=[{0:4,2:3,6:8,8:2},{1:3,4:8,5:4,7:2},{3:1,4:8,7:4,8:6},{5:2,6:10,7:7,8:4}]
k4_certs_4_pure.json.gz#146 amax_ndx2 n=4 m=9 vals=[{0:7,2:2,6:6,8:10},{1:6,4:2,5:10,7:7},{3:2,4:3,7:8,8:4},{5:5,6:3,7:7,8:6}]
k4_certs_4_pure.json.gz#146 amax_ndx2 n=4 m=9 vals=[{0:4,2:2,6:3,8:8},{1:2,4:7,5:10,7:6},{3:7,4:2,7:10,8:6},{5:10,6:8,7:4,8:3}]
k4_certs_4_pure.json.gz#144 keys_distinct_g n=4 m=9 vals=[{0:3,2:4,4:2,8:8},{1:6,4:2,7:7,8:10},{3:6,5:10,6:2,8:3},{5:8,6:6,7:4,8:3}]
k4_certs_4_pure.json.gz#144 keys_distinct_g n=4 m=9 vals=[{0:5,2:2,4:8,8:4},{1:2,4:10,7:7,8:4},{3:2,5:8,6:5,8:4},{5:10,6:6,7:3,8:2}]
k4_certs_4_pure.json.gz#144 FAIL_glob_r,lamU n=4 m=9 vals=[{0:8,2:1,4:4,8:6},{1:6,4:3,7:2,8:10},{3:6,5:4,6:3,8:8},{5:3,6:2,7:4,8:8}]
k4_certs_4_pure.json.gz#144 amax_ndx2 n=4 m=9 vals=[{0:7,2:2,4:10,8:6},{1:8,4:3,7:6,8:10},{3:4,5:2,6:3,8:8},{5:1,6:4,7:8,8:6}]
k4_certs_4_pure.json.gz#144 amax_ndx2 n=4 m=9 vals=[{0:4,2:3,4:8,8:6},{1:6,4:5,7:4,8:8},{3:3,5:2,6:4,8:8},{5:3,6:4,7:10,8:8}]
k4_certs_4_pure.json.gz#144 FAIL_glob_r,lamU n=4 m=9 vals=[{0:5,2:3,4:6,8:7},{1:4,4:3,7:2,8:8},{3:3,5:2,6:6,8:10},{5:4,6:3,7:8,8:2}]
k4_certs_4_pure.json.gz#145 keys_distinct_g n=4 m=9 vals=[{0:6,2:2,4:3,8:10},{1:5,4:2,7:4,8:8},{3:3,5:6,6:10,7:2},{5:4,6:8,7:5,8:2}]
k4_certs_4_pure.json.gz#145 FAIL_glob_r,lamU n=4 m=9 vals=[{0:4,2:3,4:2,8:8},{1:2,4:7,7:6,8:10},{3:7,5:4,6:2,7:10},{5:4,6:6,7:5,8:8}]
k4_certs_4_pure.json.gz#145 amax_ndx2 n=4 m=9 vals=[{0:4,2:2,4:10,8:7},{1:6,4:5,7:8,8:4},{3:3,5:4,6:2,7:8},{5:2,6:3,7:4,8:8}]
k4_certs_4_pure.json.gz#145 keys_distinct_g n=4 m=9 vals=[{0:6,2:2,4:3,8:10},{1:4,4:3,7:8,8:2},{3:6,5:3,6:4,7:8},{5:4,6:8,7:3,8:10}]
k4_certs_4_pure.json.gz#145 amax_ndx2 n=4 m=9 vals=[{0:4,2:3,4:2,8:8},{1:2,4:6,7:10,8:7},{3:5,5:2,6:4,7:8},{5:6,6:3,7:8,8:4}]
k4_certs_4_pure.json.gz#147 keys_distinct_g n=4 m=9 vals=[{0:2,2:6,7:3,8:10},{1:5,4:8,5:6,6:4},{3:4,4:8,7:2,8:5},{5:4,6:6,7:1,8:8}]
k4_certs_4_pure.json.gz#147 keys_distinct_g n=4 m=9 vals=[{0:4,2:2,7:3,8:8},{1:2,4:8,5:4,6:3},{3:6,4:8,7:5,8:4},{5:4,6:3,7:6,8:8}]
k4_certs_4_pure.json.gz#147 amax_ndx2 n=4 m=9 vals=[{0:6,2:2,7:3,8:10},{1:4,4:8,5:3,6:2},{3:8,4:10,7:4,8:3},{5:2,6:3,7:10,8:6}]
k4_certs_4_pure.json.gz#147 FAIL_glob_r,lamU n=4 m=9 vals=[{0:3,2:6,7:7,8:5},{1:10,4:2,5:4,6:7},{3:3,4:4,7:8,8:2},{5:3,6:2,7:8,8:4}]
k4_certs_4_pure.json.gz#147 FAIL_glob_r,lamU n=4 m=9 vals=[{0:3,2:4,7:8,8:2},{1:7,4:2,5:8,6:4},{3:5,4:6,7:7,8:3},{5:2,6:3,7:8,8:4}]
k4_certs_4_pure.json.gz#147 amax_ndx2 n=4 m=9 vals=[{0:2,2:4,7:8,8:5},{1:1,4:6,5:8,6:4},{3:7,4:2,7:10,8:4},{5:4,6:6,7:8,8:3}]
k4_certs_4_pure.json.gz#147 amax_not_cert2 n=4 m=9 vals=[{0:3,2:2,7:10,8:6},{1:4,4:2,5:8,6:5},{3:4,4:1,7:8,8:6},{5:6,6:4,7:8,8:3}]
k4_certs_4_pure.json.gz#148 amax_ndx2 n=4 m=9 vals=[{0:2,2:6,4:10,5:3},{1:5,6:2,7:8,8:4},{3:6,6:3,7:2,8:10},{4:6,5:3,7:5,8:7}]
k4_certs_4_pure.json.gz#148 amax_ndx2 n=4 m=9 vals=[{0:7,2:2,4:4,5:10},{1:2,6:3,7:4,8:8},{3:2,6:7,7:10,8:4},{4:8,5:6,7:10,8:3}]
k4_certs_4_pure.json.gz#148 keys_distinct_g n=4 m=9 vals=[{0:2,2:6,4:10,5:3},{1:4,6:10,7:7,8:2},{3:2,6:8,7:3,8:4},{4:10,5:3,7:8,8:6}]
k4_certs_4_pure.json.gz#148 keys_distinct_g n=4 m=9 vals=[{0:3,2:2,4:10,5:6},{1:2,6:10,7:4,8:7},{3:6,6:10,7:7,8:2},{4:8,5:4,7:5,8:2}]
k4_certs_4_pure.json.gz#148 amax_not_cert2 n=4 m=9 vals=[{0:3,2:4,4:8,5:2},{1:4,6:3,7:10,8:8},{3:2,6:4,7:10,8:7},{4:10,5:8,7:4,8:3}]
k4_certs_4_pure.json.gz#150 keys_distinct_g n=4 m=9 vals=[{0:4,2:3,5:8,7:6},{1:2,4:7,7:4,8:10},{3:4,6:3,7:6,8:8},{4:4,5:10,6:2,8:7}]
k4_certs_4_pure.json.gz#150 keys_distinct_g n=4 m=9 vals=[{0:7,2:2,5:10,7:4},{1:2,4:4,7:10,8:7},{3:7,6:2,7:10,8:6},{4:4,5:10,6:2,8:7}]
k4_certs_4_pure.json.gz#150 amax_ndx2 n=4 m=9 vals=[{0:4,2:2,5:3,7:8},{1:5,4:6,7:8,8:4},{3:2,6:5,7:4,8:8},{4:8,5:4,6:1,8:6}]
k4_certs_4_pure.json.gz#150 amax_ndx2 n=4 m=9 vals=[{0:4,2:3,5:2,7:8},{1:6,4:1,7:8,8:4},{3:3,6:6,7:7,8:5},{4:6,5:3,6:10,8:2}]
k4_certs_4_pure.json.gz#149 amax_ndx2 n=4 m=9 vals=[{0:4,2:3,5:2,8:8},{1:4,4:3,7:6,8:8},{3:3,6:6,7:5,8:7},{4:3,5:6,6:8,8:10}]
k4_certs_4_pure.json.gz#149 FAIL_glob_r,lamU n=4 m=9 vals=[{0:4,2:3,5:2,8:8},{1:7,4:2,7:6,8:10},{3:5,6:3,7:6,8:7},{4:6,5:3,6:2,8:10}]
k4_certs_4_pure.json.gz#149 keys_distinct_g n=4 m=9 vals=[{0:3,2:4,5:2,8:8},{1:6,4:1,7:4,8:8},{3:4,6:8,7:6,8:5},{4:2,5:7,6:10,8:4}]
k4_certs_4_pure.json.gz#149 keys_distinct_g n=4 m=9 vals=[{0:3,2:2,5:6,8:10},{1:5,4:6,7:8,8:4},{3:8,6:3,7:10,8:6},{4:6,5:2,6:7,8:10}]
k4_certs_4_pure.json.gz#149 amax_ndx2 n=4 m=9 vals=[{0:4,2:3,5:2,8:8},{1:3,4:6,7:5,8:7},{3:6,6:1,7:4,8:8},{4:6,5:1,6:4,8:8}]
k4_certs_4_pure.json.gz#151 keys_distinct_g n=4 m=9 vals=[{0:2,2:4,7:7,8:8},{1:1,4:8,6:4,7:6},{3:3,5:6,6:2,8:10},{4:8,5:5,7:4,8:2}]
k4_certs_4_pure.json.gz#151 keys_distinct_g n=4 m=9 vals=[{0:3,2:2,7:8,8:4},{1:5,4:4,6:2,7:8},{3:2,5:6,6:3,8:10},{4:4,5:5,7:6,8:8}]
k4_certs_4_pure.json.gz#151 amax_ndx2 n=4 m=9 vals=[{0:2,2:4,7:5,8:8},{1:3,4:2,6:4,7:8},{3:4,5:6,6:3,8:8},{4:8,5:3,7:6,8:10}]
k4_certs_4_pure.json.gz#151 prof_cert n=4 m=9 vals=[{0:3,2:4,7:8,8:10},{1:2,4:5,6:8,7:4},{3:3,5:4,6:10,8:8},{4:6,5:2,7:7,8:10}]
k4_certs_4_pure.json.gz#151 prof_cert2 n=4 m=9 vals=[{0:3,2:4,7:8,8:10},{1:2,4:5,6:8,7:4},{3:3,5:4,6:10,8:8},{4:6,5:2,7:7,8:10}]
k4_certs_4_pure.json.gz#151 amax_not_cert2 n=4 m=9 vals=[{0:3,2:4,7:8,8:10},{1:2,4:5,6:8,7:4},{3:3,5:4,6:10,8:8},{4:6,5:2,7:7,8:10}]
k4_certs_4_pure.json.gz#153 keys_distinct_g n=4 m=9 vals=[{0:2,2:3,3:10,4:6},{1:2,3:8,4:4,8:7},{5:4,6:2,7:10,8:7},{5:3,6:6,7:10,8:8}]
k4_certs_4_pure.json.gz#152 FAIL_glob_r,lamU n=4 m=9 vals=[{0:4,2:2,7:5,8:8},{1:4,4:3,6:2,7:8},{3:3,5:5,7:6,8:7},{4:3,5:2,6:4,8:8}]
k4_certs_4_pure.json.gz#152 keys_distinct_g n=4 m=9 vals=[{0:4,2:3,7:8,8:6},{1:4,4:2,6:3,7:8},{3:2,5:8,7:5,8:4},{4:6,5:10,6:3,8:8}]
k4_certs_4_pure.json.gz#152 FAIL_glob_r,lamU n=4 m=9 vals=[{0:3,2:4,7:2,8:8},{1:10,4:3,6:2,7:6},{3:3,5:8,7:6,8:10},{4:3,5:2,6:6,8:10}]
k4_certs_4_pure.json.gz#152 keys_distinct_g n=4 m=9 vals=[{0:2,2:4,7:5,8:8},{1:6,4:7,6:2,7:10},{3:4,5:1,7:8,8:6},{4:5,5:4,6:2,8:8}]
k4_certs_4_pure.json.gz#152 amax_ndx2 n=4 m=9 vals=[{0:4,2:3,7:6,8:8},{1:3,4:4,6:2,7:8},{3:5,5:8,7:4,8:6},{4:2,5:8,6:4,8:3}]
k4_certs_4_pure.json.gz#154 keys_distinct_g n=4 m=9 vals=[{0:6,2:3,4:10,5:2},{1:2,3:6,4:10,8:7},{3:2,6:10,7:3,8:6},{5:6,6:8,7:1,8:4}]
k4_certs_4_pure.json.gz#154 keys_distinct_g n=4 m=9 vals=[{0:6,2:1,4:4,5:8},{1:2,3:6,4:7,8:10},{3:6,6:2,7:3,8:10},{5:10,6:6,7:3,8:2}]
k4_certs_4_pure.json.gz#155 FAIL_glob_r,lamU n=4 m=9 vals=[{0:5,2:4,4:6,8:8},{1:2,3:3,4:6,5:10},{3:4,6:3,7:2,8:8},{5:4,6:2,7:7,8:10}]
k4_certs_4_pure.json.gz#155 keys_distinct_g n=4 m=9 vals=[{0:5,2:2,4:8,8:4},{1:4,3:8,4:10,5:3},{3:4,6:2,7:8,8:5},{5:2,6:4,7:8,8:3}]
k4_certs_4_pure.json.gz#155 keys_distinct_g n=4 m=9 vals=[{0:6,2:2,4:10,8:7},{1:3,3:4,4:8,5:6},{3:4,6:3,7:2,8:8},{5:8,6:3,7:4,8:10}]
k4_certs_4_pure.json.gz#155 amax_ndx2 n=4 m=9 vals=[{0:6,2:3,4:2,8:10},{1:2,3:8,4:3,5:4},{3:4,6:6,7:5,8:8},{5:3,6:10,7:2,8:6}]
k4_certs_4_pure.json.gz#156 keys_distinct_g n=4 m=9 vals=[{0:4,2:2,4:8,6:3},{1:2,3:7,5:4,8:8},{3:6,4:10,7:8,8:3},{5:6,6:2,7:7,8:10}]
k4_certs_4_pure.json.gz#156 keys_distinct_g n=4 m=9 vals=[{0:2,2:3,4:10,6:6},{1:2,3:4,5:8,8:3},{3:7,4:10,7:4,8:2},{5:8,6:5,7:4,8:2}]
k4_certs_4_pure.json.gz#156 amax_ndx2 n=4 m=9 vals=[{0:6,2:3,4:2,6:10},{1:3,3:4,5:2,8:8},{3:2,4:7,7:10,8:6},{5:3,6:6,7:7,8:5}]
k4_certs_4_pure.json.gz#157 keys_distinct_g n=4 m=9 vals=[{0:4,2:2,4:7,8:8},{1:2,3:4,7:5,8:8},{3:4,4:6,5:8,6:1},{5:8,6:2,7:3,8:4}]
k4_certs_4_pure.json.gz#157 keys_distinct_g n=4 m=9 vals=[{0:2,2:3,4:4,8:8},{1:2,3:4,7:7,8:8},{3:3,4:6,5:10,6:2},{5:7,6:5,7:3,8:6}]
k4_certs_4_pure.json.gz#157 FAIL_glob_r,lamU n=4 m=9 vals=[{0:6,2:4,4:5,8:8},{1:4,3:2,7:3,8:8},{3:8,4:6,5:5,6:4},{5:4,6:3,7:2,8:8}]
k4_certs_4_pure.json.gz#157 amax_ndx2 n=4 m=9 vals=[{0:3,2:6,4:2,8:10},{1:7,3:2,7:6,8:10},{3:4,4:3,5:2,6:8},{5:5,6:6,7:3,8:7}]
k4_certs_4_pure.json.gz#158 amax_ndx2 n=4 m=9 vals=[{0:5,2:2,5:4,6:8},{1:2,3:6,4:3,8:10},{3:4,4:2,7:8,8:7},{5:5,6:3,7:6,8:7}]
k4_certs_4_pure.json.gz#159 keys_distinct_g n=4 m=9 vals=[{0:2,2:3,6:4,8:8},{1:5,3:4,4:2,5:8},{3:8,4:3,7:6,8:10},{5:8,6:4,7:3,8:2}]
k4_certs_4_pure.json.gz#159 keys_distinct_g n=4 m=9 vals=[{0:4,2:2,6:7,8:8},{1:3,3:4,4:2,5:8},{3:4,4:3,7:6,8:8},{5:8,6:4,7:5,8:2}]
k4_certs_4_pure.json.gz#159 amax_ndx2 n=4 m=9 vals=[{0:2,2:3,6:4,8:8},{1:6,3:4,4:8,5:1},{3:3,4:6,7:7,8:5},{5:2,6:6,7:10,8:7}]
k4_certs_4_pure.json.gz#159 FAIL_glob_r,lamU n=4 m=9 vals=[{0:6,2:4,6:5,8:8},{1:8,3:2,4:3,5:4},{3:4,4:3,7:2,8:8},{5:2,6:6,7:3,8:10}]
k4_certs_4_pure.json.gz#160 amax_ndx2 n=4 m=9 vals=[{0:7,2:2,7:6,8:10},{1:4,3:2,4:3,8:8},{3:7,4:2,5:10,6:6},{5:6,6:5,7:3,8:7}]
k4_certs_4_pure.json.gz#160 keys_distinct_g n=4 m=9 vals=[{0:3,2:2,7:4,8:8},{1:4,3:2,4:7,8:8},{3:3,4:6,5:4,6:8},{5:4,6:10,7:2,8:7}]
k4_certs_4_pure.json.gz#160 keys_distinct_g n=4 m=9 vals=[{0:4,2:2,7:3,8:8},{1:6,3:2,4:10,8:3},{3:3,4:7,5:6,6:5},{5:6,6:4,7:1,8:8}]
k4_certs_4_pure.json.gz#162 keys_distinct_g n=4 m=9 vals=[{0:2,4:4,5:8,6:5},{1:2,4:3,7:4,8:8},{2:6,5:10,7:8,8:3},{3:2,6:4,7:7,8:10}]
k4_certs_4_pure.json.gz#162 keys_distinct_g n=4 m=9 vals=[{0:4,4:8,5:2,6:7},{1:6,4:8,7:3,8:4},{2:3,5:6,7:2,8:10},{3:2,6:4,7:5,8:8}]
k4_certs_4_pure.json.gz#161 keys_distinct_g n=4 m=9 vals=[{0:3,2:6,7:10,8:8},{1:2,3:6,7:10,8:3},{3:6,4:3,5:2,6:10},{4:6,5:1,6:8,8:4}]
k4_certs_4_pure.json.gz#161 key_noncompletable n=4 m=9 vals=[{0:3,2:5,7:6,8:7},{1:6,3:2,7:3,8:10},{3:8,4:1,5:6,6:4},{4:2,5:4,6:3,8:8}]
k4_certs_4_pure.json.gz#161 FAIL_glob_r,lamU n=4 m=9 vals=[{0:3,2:5,7:6,8:7},{1:6,3:2,7:3,8:10},{3:8,4:1,5:6,6:4},{4:2,5:4,6:3,8:8}]
k4_certs_4_pure.json.gz#161 FAIL_glob_r,lamU n=4 m=9 vals=[{0:3,2:6,7:2,8:10},{1:4,3:5,7:6,8:8},{3:7,4:4,5:10,6:2},{4:5,5:4,6:2,8:8}]
k4_certs_4_pure.json.gz#161 keys_distinct_g n=4 m=9 vals=[{0:2,2:3,7:4,8:8},{1:2,3:8,7:5,8:4},{3:10,4:6,5:2,6:7},{4:2,5:4,6:7,8:8}]
k4_certs_4_pure.json.gz#163 keys_distinct_g n=4 m=9 vals=[{0:2,4:10,6:4,8:7},{1:2,4:8,6:4,8:5},{2:3,5:10,7:2,8:6},{3:4,5:8,7:2,8:5}]
k4_certs_4_pure.json.gz#163 FAIL_glob_r,lamU n=4 m=9 vals=[{0:6,4:2,6:3,8:10},{1:3,4:4,6:2,8:8},{2:6,5:3,7:4,8:8},{3:8,5:1,7:4,8:6}]
k4_certs_4_pure.json.gz#163 keys_distinct_g n=4 m=9 vals=[{0:3,4:6,6:10,8:8},{1:3,4:6,6:10,8:8},{2:4,5:10,7:2,8:7},{3:2,5:8,7:4,8:3}]
k4_certs_4_pure.json.gz#163 FAIL_glob_r,lamU n=4 m=9 vals=[{0:3,4:4,6:6,8:8},{1:8,4:4,6:3,8:10},{2:3,5:6,7:2,8:10},{3:6,5:2,7:3,8:10}]
k4_certs_4_pure.json.gz#164 keys_distinct_g n=4 m=9 vals=[{0:3,4:8,6:4,7:10},{1:4,4:8,6:3,8:10},{2:4,5:2,7:5,8:8},{3:2,5:3,7:8,8:4}]
k4_certs_4_pure.json.gz#164 amax_ndx2 n=4 m=9 vals=[{0:4,4:2,6:3,7:8},{1:4,4:2,6:3,8:8},{2:5,5:6,7:4,8:8},{3:7,5:10,7:2,8:6}]
k4_certs_4_pure.json.gz#164 keys_distinct_g n=4 m=9 vals=[{0:2,4:7,6:4,7:10},{1:4,4:3,6:8,8:10},{2:6,5:2,7:10,8:3},{3:7,5:2,7:4,8:10}]
k4_certs_4_pure.json.gz#165 amax_ndx2 n=4 m=9 vals=[{0:6,4:1,6:8,8:4},{1:6,4:2,7:3,8:10},{2:6,5:7,6:5,8:3},{3:3,5:10,7:6,8:8}]
k4_certs_4_pure.json.gz#165 keys_distinct_g n=4 m=9 vals=[{0:6,4:10,6:3,8:2},{1:2,4:10,7:7,8:4},{2:6,5:8,6:1,8:4},{3:2,5:8,7:4,8:5}]
k4_certs_4_pure.json.gz#165 keys_distinct_g n=4 m=9 vals=[{0:8,4:10,6:3,8:4},{1:2,4:8,7:4,8:3},{2:2,5:10,6:7,8:4},{3:6,5:10,7:3,8:2}]
k4_certs_4_pure.json.gz#165 amax_ndx2 n=4 m=9 vals=[{0:4,4:2,6:8,8:7},{1:3,4:6,7:2,8:10},{2:7,5:8,6:2,8:4},{3:5,5:8,7:2,8:4}]
k4_certs_4_pure.json.gz#167 keys_distinct_g n=4 m=9 vals=[{0:2,3:6,4:3,5:10},{1:4,3:2,7:8,8:3},{2:4,6:8,7:10,8:3},{4:3,5:10,6:8,8:6}]
k4_certs_4_pure.json.gz#167 amax_ndx2 n=4 m=9 vals=[{0:3,3:4,4:8,5:2},{1:6,3:2,7:3,8:10},{2:4,6:8,7:2,8:3},{4:6,5:3,6:7,8:5}]
k4_certs_4_pure.json.gz#166 keys_distinct_g n=4 m=9 vals=[{0:2,4:4,6:10,7:7},{1:6,4:3,7:5,8:7},{2:2,5:4,6:8,8:7},{3:2,5:3,7:4,8:8}]
k4_certs_4_pure.json.gz#166 FAIL_glob_r,lamU n=4 m=9 vals=[{0:4,4:2,6:3,7:8},{1:4,4:7,7:10,8:2},{2:10,5:2,6:4,8:7},{3:4,5:3,7:8,8:2}]
k4_certs_4_pure.json.gz#166 keys_distinct_g n=4 m=9 vals=[{0:1,4:4,6:6,7:8},{1:2,4:3,7:4,8:8},{2:4,5:3,6:6,8:8},{3:4,5:3,7:8,8:2}]
k4_certs_4_pure.json.gz#166 FAIL_glob_r,lamU n=4 m=9 vals=[{0:2,4:6,6:3,7:10},{1:6,4:2,7:10,8:3},{2:3,5:4,6:8,8:6},{3:4,5:5,7:8,8:6}]
k4_certs_4_pure.json.gz#166 amax_ndx2 n=4 m=9 vals=[{0:4,4:8,6:2,7:5},{1:4,4:8,7:5,8:6},{2:3,5:6,6:2,8:10},{3:6,5:3,7:10,8:2}]
k4_certs_4_pure.json.gz#169 FAIL_glob_r,lamU n=4 m=9 vals=[{0:2,3:4,7:3,8:8},{1:6,4:8,5:5,6:4},{2:4,4:5,5:6,8:8},{3:2,6:4,7:3,8:8}]
k4_certs_4_pure.json.gz#168 keys_distinct_g n=4 m=9 vals=[{0:2,3:4,5:5,8:8},{1:6,4:10,5:7,6:2},{2:2,4:10,7:6,8:3},{3:4,6:2,7:3,8:8}]
k4_certs_4_pure.json.gz#168 FAIL_glob_r,lamU n=4 m=9 vals=[{0:4,3:3,5:6,8:8},{1:7,4:10,5:6,6:2},{2:4,4:2,7:3,8:8},{3:6,6:3,7:2,8:10}]
k4_certs_4_pure.json.gz#171 keys_distinct_g n=4 m=9 vals=[{0:3,3:6,5:10,8:2},{1:3,4:4,7:8,8:2},{2:4,6:6,7:8,8:3},{3:5,4:2,5:8,6:4}]
k4_certs_4_pure.json.gz#171 keys_distinct_g n=4 m=9 vals=[{0:2,3:10,5:4,8:7},{1:2,4:6,7:7,8:10},{2:4,6:2,7:3,8:8},{3:10,4:6,5:7,6:2}]
k4_certs_4_pure.json.gz#171 amax_ndx2 n=4 m=9 vals=[{0:2,3:6,5:3,8:10},{1:4,4:3,7:8,8:6},{2:8,6:6,7:3,8:10},{3:3,4:2,5:4,6:8}]
k4_certs_4_pure.json.gz#172 keys_distinct_g n=4 m=9 vals=[{0:2,2:4,3:3,4:8},{1:2,6:10,7:6,8:3},{2:6,3:2,4:10,5:7},{5:6,6:8,7:4,8:1}]
k4_certs_4_pure.json.gz#173 keys_distinct_g n=4 m=9 vals=[{0:3,2:2,3:8,8:4},{1:3,6:8,7:2,8:4},{2:2,3:8,4:5,5:4},{4:2,5:4,6:8,7:5}]
k4_certs_4_pure.json.gz#174 keys_distinct_g n=4 m=9 vals=[{0:2,2:10,4:3,8:6},{1:2,3:3,6:6,7:10},{2:10,3:7,4:2,5:6},{5:6,6:4,7:8,8:3}]
k4_certs_4_pure.json.gz#175 keys_distinct_g n=4 m=9 vals=[{0:4,2:2,6:8,8:5},{1:6,5:10,7:3,8:8},{2:3,3:2,4:6,5:10},{3:3,4:6,6:10,7:2}]
k4_certs_4_pure.json.gz#175 amax_ndx2 n=4 m=9 vals=[{0:6,2:2,6:10,8:3},{1:6,5:2,7:10,8:3},{2:1,3:8,4:4,5:6},{3:4,4:6,6:8,7:5}]
k4_certs_4_pure.json.gz#175 keys_distinct_g n=4 m=9 vals=[{0:3,2:10,6:8,8:6},{1:2,5:3,7:10,8:6},{2:10,3:3,4:6,5:2},{3:1,4:6,6:4,7:8}]
k4_certs_4_pure.json.gz#176 keys_distinct_g n=4 m=9 vals=[{0:6,2:10,7:3,8:2},{1:4,6:8,7:3,8:2},{2:10,3:2,4:7,5:6},{3:7,4:6,5:2,6:10}]
k4_certs_4_pure.json.gz#177 keys_distinct_g n=4 m=10 vals=[{0:6,2:2,4:3,5:10},{1:3,3:6,8:10,9:2},{4:7,5:10,6:2,7:4},{6:3,7:8,8:10,9:6}]
k4_certs_4_pure.json.gz#179 FAIL_glob_r,lamU n=4 m=10 vals=[{0:3,2:2,4:6,9:10},{1:3,3:6,8:2,9:10},{4:4,5:5,6:2,7:8},{5:2,6:5,7:8,8:4}]
k4_certs_4_pure.json.gz#179 FAIL_glob_r,lamU n=4 m=10 vals=[{0:3,2:4,4:2,9:8},{1:2,3:6,8:3,9:10},{4:2,5:5,6:4,7:8},{5:7,6:6,7:10,8:2}]
k4_certs_4_pure.json.gz#179 keys_distinct_g n=4 m=10 vals=[{0:2,2:3,4:10,9:6},{1:4,3:2,8:8,9:3},{4:8,5:2,6:4,7:5},{5:4,6:7,7:2,8:8}]
k4_certs_4_pure.json.gz#179 keys_distinct_g n=4 m=10 vals=[{0:2,2:5,4:4,9:8},{1:4,3:3,8:2,9:8},{4:4,5:2,6:5,7:8},{5:3,6:2,7:8,8:4}]
k4_certs_4_pure.json.gz#178 keys_distinct_g n=4 m=10 vals=[{0:2,2:4,4:3,8:8},{1:6,3:3,7:10,9:8},{4:4,5:2,6:3,7:8},{5:2,6:6,8:10,9:7}]
k4_certs_4_pure.json.gz#183 keys_distinct_g n=4 m=10 vals=[{0:6,2:3,5:2,8:10},{1:1,4:4,7:6,9:8},{3:2,5:5,6:4,9:8},{6:5,7:4,8:8,9:6}]
k4_certs_4_pure.json.gz#183 amax_ndx2 n=4 m=10 vals=[{0:6,2:3,5:2,8:10},{1:1,4:4,7:6,9:8},{3:2,5:5,6:4,9:8},{6:5,7:4,8:8,9:6}]
k4_certs_4_pure.json.gz#183 keys_distinct_g n=4 m=10 vals=[{0:7,2:2,5:4,8:10},{1:3,4:2,7:6,9:10},{3:2,5:5,6:4,9:8},{6:6,7:2,8:10,9:7}]
k4_certs_4_pure.json.gz#183 amax_ndx2 n=4 m=10 vals=[{0:3,2:2,5:8,8:4},{1:2,4:3,7:6,9:10},{3:6,5:4,6:3,9:8},{6:8,7:4,8:2,9:3}]
k4_certs_4_pure.json.gz#180 keys_distinct_g n=4 m=10 vals=[{0:3,2:4,6:2,7:8},{1:7,4:2,8:10,9:6},{3:2,5:6,8:10,9:7},{6:4,7:8,8:3,9:6}]
k4_certs_4_pure.json.gz#180 keys_distinct_g n=4 m=10 vals=[{0:4,2:2,6:3,7:8},{1:3,4:6,8:8,9:10},{3:4,5:2,8:7,9:10},{6:3,7:7,8:6,9:5}]
k4_certs_4_pure.json.gz#180 amax_ndx2 n=4 m=10 vals=[{0:3,2:6,6:10,7:2},{1:3,4:6,8:8,9:10},{3:4,5:3,8:8,9:10},{6:7,7:3,8:5,9:6}]
k4_certs_4_pure.json.gz#180 amax_ndx2 n=4 m=10 vals=[{0:5,2:2,6:8,7:4},{1:7,4:2,8:4,9:10},{3:7,5:2,8:6,9:10},{6:4,7:8,8:3,9:10}]
k4_certs_4_pure.json.gz#180 amax_not_cert2 n=4 m=10 vals=[{0:2,2:5,6:8,7:4},{1:4,4:1,8:6,9:8},{3:3,5:2,8:8,9:4},{6:8,7:6,8:3,9:10}]
k4_certs_4_pure.json.gz#180 amax_not_cert2 n=4 m=10 vals=[{0:2,2:5,6:8,7:4},{1:4,4:1,8:6,9:8},{3:3,5:2,8:8,9:4},{6:8,7:6,8:3,9:10}]
k4_certs_4_pure.json.gz#180 FAIL_glob_r,lamU n=4 m=10 vals=[{0:1,2:6,6:8,7:4},{1:3,4:6,8:10,9:2},{3:6,5:4,8:8,9:5},{6:2,7:4,8:8,9:3}]
k4_certs_4_pure.json.gz#180 FAIL_glob_r,lamU n=4 m=10 vals=[{0:8,2:3,6:10,7:6},{1:2,4:3,8:8,9:4},{3:5,5:3,8:7,9:6},{6:2,7:4,8:8,9:3}]
k4_certs_4_pure.json.gz#181 FAIL_glob_r,lamU n=4 m=10 vals=[{0:3,2:6,6:2,9:10},{1:3,4:5,7:7,9:6},{3:3,5:6,8:2,9:10},{6:1,7:8,8:6,9:4}]
k4_certs_4_pure.json.gz#181 amax_ndx2 n=4 m=10 vals=[{0:6,2:3,6:2,9:10},{1:6,4:1,7:4,9:8},{3:3,5:2,8:8,9:4},{6:6,7:3,8:5,9:7}]
k4_certs_4_pure.json.gz#181 keys_distinct_g n=4 m=10 vals=[{0:4,2:2,6:5,9:8},{1:4,4:2,7:8,9:3},{3:2,5:5,8:4,9:8},{6:4,7:8,8:7,9:2}]
k4_certs_4_pure.json.gz#181 amax_ndx2 n=4 m=10 vals=[{0:2,2:7,6:10,9:6},{1:6,4:1,7:4,9:8},{3:3,5:6,8:10,9:2},{6:3,7:8,8:10,9:6}]
k4_certs_4_pure.json.gz#181 FAIL_glob_r,lamU n=4 m=10 vals=[{0:3,2:10,6:8,9:6},{1:6,4:2,7:3,9:10},{3:3,5:6,8:2,9:10},{6:6,7:2,8:10,9:7}]
k4_certs_4_pure.json.gz#181 keys_distinct_g n=4 m=10 vals=[{0:2,2:4,6:3,9:8},{1:2,4:4,7:7,9:10},{3:7,5:2,8:10,9:6},{6:8,7:3,8:10,9:6}]
k4_certs_4_pure.json.gz#184 amax_ndx2 n=4 m=10 vals=[{0:3,2:2,5:4,9:8},{1:4,4:3,7:8,8:2},{3:6,5:2,6:10,9:7},{6:5,7:4,8:6,9:8}]
k4_certs_4_pure.json.gz#184 keys_distinct_g n=4 m=10 vals=[{0:4,2:1,5:8,9:6},{1:2,4:3,7:10,8:6},{3:7,5:10,6:2,9:6},{6:2,7:8,8:4,9:5}]
k4_certs_4_pure.json.gz#184 keys_distinct_g n=4 m=10 vals=[{0:4,2:2,5:8,9:5},{1:2,4:3,7:6,8:10},{3:3,5:8,6:4,9:2},{6:3,7:4,8:10,9:8}]
k4_certs_4_pure.json.gz#184 amax_ndx2 n=4 m=10 vals=[{0:2,2:4,5:3,9:8},{1:7,4:2,7:10,8:6},{3:4,5:2,6:10,9:7},{6:5,7:3,8:6,9:7}]
k4_certs_4_pure.json.gz#182 amax_ndx2 n=4 m=10 vals=[{0:6,2:2,6:10,8:3},{1:4,4:3,7:2,9:8},{3:3,5:4,8:8,9:2},{6:7,7:6,8:5,9:3}]
k4_certs_4_pure.json.gz#182 amax_ndx2 n=4 m=10 vals=[{0:3,2:6,6:10,8:8},{1:2,4:5,7:8,9:4},{3:4,5:2,8:8,9:3},{6:8,7:3,8:4,9:6}]
k4_certs_4_pure.json.gz#182 FAIL_glob_r,lamU n=4 m=10 vals=[{0:6,2:3,6:2,8:10},{1:3,4:4,7:2,9:8},{3:2,5:7,8:4,9:10},{6:5,7:4,8:6,9:8}]
k4_certs_4_pure.json.gz#182 keys_distinct_g n=4 m=10 vals=[{0:2,2:7,6:6,8:10},{1:2,4:3,7:10,9:6},{3:2,5:4,8:10,9:7},{6:4,7:8,8:2,9:5}]
k4_certs_4_pure.json.gz#182 FAIL_glob_r,lamU n=4 m=10 vals=[{0:3,2:4,6:2,8:8},{1:10,4:2,7:7,9:6},{3:4,5:6,8:8,9:5},{6:3,7:2,8:8,9:4}]
k4_certs_4_pure.json.gz#182 keys_distinct_g n=4 m=10 vals=[{0:2,2:4,6:3,8:8},{1:7,4:2,7:10,9:4},{3:6,5:3,8:10,9:8},{6:4,7:10,8:7,9:2}]
k4_certs_4_pure.json.gz#186 keys_distinct_g n=4 m=10 vals=[{0:2,2:3,7:8,8:4},{1:4,4:2,7:10,9:7},{3:5,5:8,6:2,9:4},{5:8,6:3,8:4,9:2}]
k4_certs_4_pure.json.gz#186 FAIL_glob_r,lamU n=4 m=10 vals=[{0:3,2:4,7:8,8:2},{1:4,4:3,7:8,9:2},{3:3,5:4,6:2,9:8},{5:4,6:8,8:2,9:7}]
k4_certs_4_pure.json.gz#186 FAIL_glob_r,lamU n=4 m=10 vals=[{0:5,2:4,7:8,8:2},{1:3,4:6,7:2,9:10},{3:3,5:6,6:5,9:7},{5:3,6:2,8:6,9:10}]
k4_certs_4_pure.json.gz#186 keys_distinct_g n=4 m=10 vals=[{0:4,2:1,7:6,8:8},{1:4,4:3,7:8,9:10},{3:6,5:2,6:3,9:10},{5:4,6:2,8:8,9:5}]
k4_certs_4_pure.json.gz#187 keys_distinct_g n=4 m=10 vals=[{0:3,2:6,7:2,9:10},{1:2,4:7,8:4,9:10},{3:4,5:2,6:8,9:5},{5:7,6:10,7:2,8:4}]
k4_certs_4_pure.json.gz#187 FAIL_glob_r,lamU n=4 m=10 vals=[{0:3,2:6,7:2,9:10},{1:6,4:3,8:2,9:10},{3:3,5:5,6:6,9:7},{5:3,6:8,7:6,8:10}]
k4_certs_4_pure.json.gz#187 FAIL_glob_r,lamU n=4 m=10 vals=[{0:3,2:2,7:6,9:10},{1:7,4:2,8:4,9:10},{3:8,5:6,6:3,9:10},{5:6,6:3,7:2,8:10}]
k4_certs_4_pure.json.gz#187 keys_distinct_g n=4 m=10 vals=[{0:4,2:1,7:6,9:8},{1:2,4:4,8:8,9:3},{3:2,5:5,6:4,9:8},{5:4,6:3,7:6,8:8}]
k4_certs_4_pure.json.gz#185 keys_distinct_g n=4 m=10 vals=[{0:2,2:6,5:10,9:7},{1:3,4:2,8:10,9:6},{3:3,5:8,6:6,7:4},{6:4,7:1,8:8,9:6}]
k4_certs_4_pure.json.gz#185 keys_distinct_g n=4 m=10 vals=[{0:2,2:7,5:6,9:10},{1:6,4:2,8:3,9:10},{3:3,5:6,6:4,7:8},{6:2,7:10,8:6,9:7}]
k4_certs_4_pure.json.gz#185 FAIL_glob_r,lamU n=4 m=10 vals=[{0:4,2:2,5:3,9:8},{1:3,4:4,8:2,9:8},{3:8,5:4,6:5,7:6},{6:8,7:6,8:10,9:3}]
k4_certs_4_pure.json.gz#185 amax_ndx2 n=4 m=10 vals=[{0:6,2:3,5:2,9:10},{1:4,4:2,8:8,9:5},{3:3,5:6,6:2,7:10},{6:8,7:10,8:3,9:6}]
k4_certs_4_pure.json.gz#185 amax_ndx2 n=4 m=10 vals=[{0:3,2:6,5:2,9:10},{1:2,4:4,8:8,9:5},{3:4,5:3,6:8,7:2},{6:7,7:5,8:6,9:3}]
k4_certs_4_pure.json.gz#185 FAIL_glob_r,lamU n=4 m=10 vals=[{0:2,2:4,5:3,9:8},{1:2,4:4,8:3,9:8},{3:8,5:4,6:3,7:2},{6:3,7:6,8:4,9:8}]
k4_certs_4_pure.json.gz#185 key_noncompletable n=4 m=10 vals=[{0:2,2:4,5:3,9:8},{1:5,4:6,8:4,9:8},{3:8,5:6,6:3,7:4},{6:3,7:6,8:2,9:10}]
k4_certs_4_pure.json.gz#188 keys_distinct_g n=4 m=10 vals=[{0:2,2:6,8:10,9:7},{1:3,4:2,8:8,9:4},{3:2,5:10,6:3,7:6},{5:10,6:2,7:6,9:7}]
k4_certs_4_pure.json.gz#188 keys_distinct_g n=4 m=10 vals=[{0:3,2:6,8:10,9:2},{1:6,4:3,8:10,9:8},{3:4,5:3,6:8,7:2},{5:5,6:8,7:2,9:4}]
k4_certs_4_pure.json.gz#188 FAIL_glob_r,lamU n=4 m=10 vals=[{0:3,2:6,8:4,9:8},{1:2,4:6,8:3,9:10},{3:3,5:2,6:8,7:4},{5:3,6:2,7:4,9:8}]
k4_certs_4_pure.json.gz#188 prof_cert n=4 m=10 vals=[{0:6,2:3,8:10,9:2},{1:3,4:6,8:10,9:2},{3:7,5:2,6:4,7:8},{5:4,6:7,7:10,9:2}]
k4_certs_4_pure.json.gz#188 FAIL_glob_r,lamU n=4 m=10 vals=[{0:6,2:4,8:5,9:8},{1:4,4:2,8:3,9:8},{3:8,5:2,6:4,7:7},{5:6,6:3,7:2,9:10}]
k4_certs_4_pure.json.gz#188 prof_cert n=4 m=10 vals=[{0:3,2:6,8:10,9:2},{1:4,4:3,8:8,9:2},{3:4,5:3,6:8,7:2},{5:10,6:8,7:6,9:3}]
k4_certs_4_pure.json.gz#188 key_noncompletable n=4 m=10 vals=[{0:4,2:3,8:2,9:8},{1:2,4:3,8:4,9:8},{3:8,5:4,6:5,7:6},{5:4,6:5,7:6,9:8}]
k4_certs_4_pure.json.gz#192 amax_ndx2 n=4 m=10 vals=[{0:3,2:4,6:8,7:2},{1:7,5:2,8:6,9:10},{3:6,6:4,8:5,9:8},{4:2,7:4,8:10,9:7}]
k4_certs_4_pure.json.gz#192 keys_distinct_g n=4 m=10 vals=[{0:3,2:6,6:10,7:2},{1:6,5:2,8:3,9:10},{3:7,6:8,8:4,9:2},{4:2,7:4,8:5,9:8}]
k4_certs_4_pure.json.gz#192 keys_distinct_g n=4 m=10 vals=[{0:6,2:3,6:2,7:10},{1:4,5:3,8:8,9:10},{3:2,6:7,8:6,9:10},{4:6,7:10,8:7,9:2}]
k4_certs_4_pure.json.gz#192 amax_ndx2 n=4 m=10 vals=[{0:4,2:2,6:3,7:8},{1:3,5:6,8:2,9:10},{3:6,6:1,8:8,9:4},{4:5,7:8,8:6,9:4}]
k4_certs_4_pure.json.gz#192 FAIL_glob_r,lamU n=4 m=10 vals=[{0:7,2:2,6:4,7:8},{1:6,5:3,8:2,9:10},{3:3,6:8,8:4,9:10},{4:3,7:2,8:4,9:8}]
k4_certs_4_pure.json.gz#192 FAIL_glob_r,lamU n=4 m=10 vals=[{0:4,2:6,6:5,7:8},{1:4,5:5,8:6,9:8},{3:2,6:3,8:4,9:8},{4:4,7:2,8:3,9:8}]
k4_certs_4_pure.json.gz#190 amax_ndx2 n=4 m=10 vals=[{0:2,2:4,7:8,9:5},{1:6,5:2,8:10,9:3},{3:2,6:4,8:3,9:8},{4:3,7:6,8:7,9:5}]
k4_certs_4_pure.json.gz#190 keys_distinct_g n=4 m=10 vals=[{0:2,2:3,7:10,9:6},{1:4,5:3,8:8,9:2},{3:2,6:6,8:10,9:7},{4:7,7:10,8:2,9:4}]
k4_certs_4_pure.json.gz#190 FAIL_glob_r,lamU n=4 m=10 vals=[{0:8,2:3,7:6,9:10},{1:3,5:4,8:8,9:2},{3:2,6:4,8:8,9:3},{4:4,7:6,8:8,9:5}]
k4_certs_4_pure.json.gz#190 keys_distinct_g n=4 m=10 vals=[{0:2,2:6,7:10,9:3},{1:5,5:2,8:8,9:4},{3:3,6:2,8:8,9:4},{4:8,7:10,8:4,9:3}]
k4_certs_4_pure.json.gz#190 FAIL_glob_r,lamU n=4 m=10 vals=[{0:6,2:3,7:5,9:7},{1:4,5:2,8:3,9:8},{3:3,6:2,8:4,9:8},{4:3,7:7,8:6,9:5}]
k4_certs_4_pure.json.gz#190 amax_ndx2 n=4 m=10 vals=[{0:5,2:2,7:4,9:8},{1:7,5:2,8:10,9:6},{3:5,6:2,8:4,9:8},{4:7,7:2,8:4,9:8}]
k4_certs_4_pure.json.gz#191 FAIL_glob_r,lamU n=4 m=10 vals=[{0:5,2:3,7:7,8:6},{1:1,5:6,7:8,9:4},{3:2,6:3,8:4,9:8},{4:6,7:10,8:3,9:2}]
k4_certs_4_pure.json.gz#191 amax_ndx2 n=4 m=10 vals=[{0:7,2:2,7:10,8:4},{1:2,5:3,7:6,9:10},{3:2,6:7,8:10,9:4},{4:7,7:4,8:8,9:2}]
k4_certs_4_pure.json.gz#191 FAIL_glob_r,lamU n=4 m=10 vals=[{0:3,2:6,7:2,8:10},{1:3,5:6,7:4,9:8},{3:3,6:6,8:10,9:2},{4:4,7:5,8:8,9:6}]
k4_certs_4_pure.json.gz#191 keys_distinct_g n=4 m=10 vals=[{0:6,2:1,7:8,8:4},{1:3,5:2,7:10,9:6},{3:2,6:6,8:7,9:10},{4:8,7:4,8:3,9:10}]
k4_certs_4_pure.json.gz#191 keys_distinct_g n=4 m=10 vals=[{0:2,2:7,7:10,8:6},{1:4,5:2,7:8,9:3},{3:1,6:4,8:6,9:8},{4:7,7:4,8:2,9:10}]
k4_certs_4_pure.json.gz#191 amax_ndx2 n=4 m=10 vals=[{0:2,2:4,7:3,8:8},{1:3,5:4,7:10,9:8},{3:4,6:1,8:6,9:8},{4:5,7:3,8:7,9:6}]
k4_certs_4_pure.json.gz#191 amax_not_cert2 n=4 m=10 vals=[{0:3,2:2,7:10,8:6},{1:1,5:6,7:4,9:8},{3:4,6:3,8:6,9:8},{4:7,7:10,8:2,9:6}]
k4_certs_4_pure.json.gz#191 amax_not_cert2 n=4 m=10 vals=[{0:3,2:2,7:10,8:6},{1:1,5:6,7:4,9:8},{3:4,6:3,8:6,9:8},{4:7,7:10,8:2,9:6}]
k4_certs_4_pure.json.gz#193 amax_ndx2 n=4 m=10 vals=[{0:4,2:3,6:2,8:8},{1:4,5:2,7:8,9:3},{3:4,6:2,8:7,9:10},{4:6,7:3,8:8,9:4}]
k4_certs_4_pure.json.gz#193 keys_distinct_g n=4 m=10 vals=[{0:4,2:2,6:8,8:5},{1:2,5:3,7:4,9:8},{3:8,6:10,8:4,9:3},{4:4,7:2,8:7,9:8}]
k4_certs_4_pure.json.gz#193 keys_distinct_g n=4 m=10 vals=[{0:2,2:7,6:10,8:4},{1:2,5:4,7:3,9:8},{3:4,6:8,8:2,9:7},{4:2,7:4,8:7,9:10}]
k4_certs_4_pure.json.gz#193 amax_ndx2 n=4 m=10 vals=[{0:2,2:4,6:7,8:8},{1:4,5:3,7:2,9:8},{3:3,6:5,8:6,9:7},{4:5,7:2,8:8,9:4}]
k4_certs_4_pure.json.gz#189 key_noncompletable n=4 m=10 vals=[{0:3,2:8,8:10,9:6},{1:6,5:3,8:10,9:8},{3:6,6:2,8:10,9:7},{4:2,7:4,8:8,9:5}]
k4_certs_4_pure.json.gz#189 FAIL_glob_r,lamU n=4 m=10 vals=[{0:6,2:2,8:7,9:10},{1:3,5:6,8:8,9:10},{3:4,6:1,8:8,9:6},{4:5,7:4,8:6,9:8}]
k4_certs_4_pure.json.gz#189 FAIL_glob_r,lamU n=4 m=10 vals=[{0:7,2:4,8:10,9:2},{1:3,5:2,8:4,9:8},{3:4,6:5,8:6,9:8},{4:4,7:3,8:2,9:8}]
k4_certs_4_pure.json.gz#189 key_noncompletable n=4 m=10 vals=[{0:2,2:6,8:10,9:7},{1:6,5:5,8:8,9:4},{3:3,6:4,8:8,9:6},{4:2,7:3,8:8,9:4}]
k4_certs_4_pure.json.gz#195 FAIL_glob_r,lamU n=4 m=10 vals=[{0:4,2:3,6:2,9:8},{1:3,5:6,8:2,9:10},{3:3,6:10,7:8,8:6},{4:6,7:1,8:4,9:8}]
k4_certs_4_pure.json.gz#195 keys_distinct_g n=4 m=10 vals=[{0:6,2:2,6:7,9:10},{1:2,5:4,8:3,9:8},{3:1,6:4,7:8,8:6},{4:1,7:8,8:6,9:4}]
k4_certs_4_pure.json.gz#195 keys_distinct_g n=4 m=10 vals=[{0:2,2:6,6:10,9:7},{1:3,5:6,8:2,9:10},{3:2,6:8,7:4,8:5},{4:6,7:3,8:8,9:10}]
k4_certs_4_pure.json.gz#195 amax_ndx2 n=4 m=10 vals=[{0:2,2:3,6:4,9:8},{1:3,5:6,8:10,9:2},{3:2,6:6,7:7,8:10},{4:3,7:5,8:6,9:7}]
k4_certs_4_pure.json.gz#195 amax_ndx2 n=4 m=10 vals=[{0:2,2:6,6:10,9:3},{1:6,5:2,8:10,9:3},{3:8,6:4,7:10,8:3},{4:3,7:8,8:2,9:4}]
k4_certs_4_pure.json.gz#195 FAIL_glob_r,lamU n=4 m=10 vals=[{0:2,2:6,6:3,9:10},{1:2,5:4,8:3,9:8},{3:4,6:8,7:3,8:6},{4:5,7:3,8:6,9:7}]
k4_certs_4_pure.json.gz#194 keys_distinct_g n=4 m=10 vals=[{0:3,2:4,6:8,9:6},{1:2,5:4,8:8,9:3},{3:6,6:8,7:5,9:4},{4:2,7:6,8:10,9:7}]
k4_certs_4_pure.json.gz#194 FAIL_glob_r,lamU n=4 m=10 vals=[{0:6,2:2,6:3,9:10},{1:4,5:3,8:2,9:8},{3:8,6:3,7:4,9:6},{4:8,7:4,8:3,9:10}]
k4_certs_4_pure.json.gz#194 FAIL_glob_r,lamU n=4 m=10 vals=[{0:1,2:6,6:4,9:8},{1:6,5:3,8:4,9:8},{3:7,6:10,7:2,9:6},{4:3,7:2,8:4,9:8}]
k4_certs_4_pure.json.gz#194 key_noncompletable n=4 m=10 vals=[{0:6,2:3,6:5,9:7},{1:3,5:2,8:4,9:8},{3:3,6:2,7:8,9:4},{4:4,7:5,8:2,9:8}]
k4_certs_4_pure.json.gz#194 key_no_t0 n=4 m=10 vals=[{0:6,2:3,6:5,9:7},{1:3,5:2,8:4,9:8},{3:3,6:2,7:8,9:4},{4:4,7:5,8:2,9:8}]
k4_certs_4_pure.json.gz#194 keys_distinct_g n=4 m=10 vals=[{0:6,2:2,6:10,9:7},{1:2,5:3,8:8,9:4},{3:4,6:8,7:2,9:3},{4:3,7:6,8:10,9:8}]
k4_certs_4_pure.json.gz#194 amax_ndx2 n=4 m=10 vals=[{0:4,2:2,6:8,9:7},{1:2,5:6,8:3,9:10},{3:8,6:3,7:6,9:10},{4:2,7:8,8:3,9:4}]
k4_certs_4_pure.json.gz#194 amax_ndx2 n=4 m=10 vals=[{0:4,2:2,6:8,9:7},{1:2,5:6,8:3,9:10},{3:8,6:3,7:6,9:10},{4:2,7:8,8:3,9:4}]
k4_certs_4_pure.json.gz#194 swap_some_terminal n=4 m=10 vals=[{0:3,2:4,6:2,9:8},{1:3,5:4,8:2,9:8},{3:8,6:4,7:6,9:1},{4:10,7:8,8:6,9:3}]
k4_certs_4_pure.json.gz#194 swap_some_terminal n=4 m=10 vals=[{0:3,2:4,6:2,9:8},{1:3,5:4,8:2,9:8},{3:8,6:4,7:6,9:1},{4:10,7:8,8:6,9:3}]
k4_certs_4_pure.json.gz#194 prof_some_key_every n=4 m=10 vals=[{0:3,2:4,6:2,9:8},{1:3,5:4,8:2,9:8},{3:8,6:4,7:6,9:1},{4:10,7:8,8:6,9:3}]
k4_certs_4_pure.json.gz#194 prof_cert n=4 m=10 vals=[{0:3,2:6,6:2,9:10},{1:4,5:8,8:3,9:10},{3:3,6:2,7:6,9:10},{4:4,7:3,8:8,9:10}]
k4_certs_4_pure.json.gz#196 FAIL_glob_r,lamU n=4 m=10 vals=[{0:4,2:3,7:8,8:2},{1:5,5:4,7:6,9:8},{3:4,6:2,8:3,9:8},{4:2,6:4,8:3,9:8}]
k4_certs_4_pure.json.gz#196 amax_ndx2 n=4 m=10 vals=[{0:6,2:3,7:2,8:10},{1:4,5:3,7:2,9:8},{3:6,6:10,8:3,9:8},{4:5,6:6,8:3,9:7}]
k4_certs_4_pure.json.gz#196 keys_distinct_g n=4 m=10 vals=[{0:5,2:2,7:8,8:4},{1:2,5:3,7:10,9:6},{3:4,6:8,8:5,9:2},{4:6,6:10,8:7,9:2}]
k4_certs_4_pure.json.gz#196 keys_distinct_g n=4 m=10 vals=[{0:2,2:6,7:7,8:10},{1:2,5:4,7:5,9:8},{3:4,6:2,8:5,9:8},{4:4,6:1,8:8,9:6}]
k4_certs_4_pure.json.gz#196 amax_ndx2 n=4 m=10 vals=[{0:3,2:4,7:2,8:8},{1:2,5:3,7:4,9:8},{3:4,6:10,8:3,9:8},{4:5,6:3,8:7,9:6}]
k4_certs_4_pure.json.gz#196 FAIL_glob_r,lamU n=4 m=10 vals=[{0:2,2:3,7:6,8:10},{1:4,5:5,7:6,9:8},{3:4,6:2,8:3,9:8},{4:6,6:2,8:3,9:10}]
k4_certs_4_pure.json.gz#196 key_noncompletable n=4 m=10 vals=[{0:4,2:5,7:6,8:8},{1:8,5:3,7:10,9:6},{3:2,6:4,8:8,9:3},{4:2,6:4,8:8,9:3}]
k4_certs_4_pure.json.gz#199 keys_distinct_g n=4 m=10 vals=[{0:2,2:3,5:6,6:10},{1:2,5:4,6:8,9:7},{3:2,7:4,8:10,9:7},{4:6,7:2,8:10,9:3}]
k4_certs_4_pure.json.gz#197 FAIL_glob_r,lamU n=4 m=10 vals=[{0:3,2:2,8:6,9:10},{1:6,5:3,8:4,9:8},{3:4,6:2,7:3,9:8},{4:2,6:8,7:5,9:4}]
k4_certs_4_pure.json.gz#197 prof_cert n=4 m=10 vals=[{0:3,2:4,8:2,9:8},{1:4,5:3,8:2,9:8},{3:3,6:8,7:2,9:4},{4:6,6:7,7:3,9:5}]
k4_certs_4_pure.json.gz#197 FAIL_glob_r,lamU n=4 m=10 vals=[{0:2,2:3,8:4,9:8},{1:8,5:4,8:3,9:10},{3:6,6:3,7:2,9:10},{4:3,6:6,7:5,9:7}]
k4_certs_4_pure.json.gz#197 keys_distinct_g n=4 m=10 vals=[{0:2,2:3,8:10,9:6},{1:7,5:2,8:10,9:6},{3:2,6:3,7:8,9:4},{4:6,6:3,7:10,9:8}]
k4_certs_4_pure.json.gz#197 keys_distinct_g n=4 m=10 vals=[{0:3,2:2,8:10,9:6},{1:2,5:5,8:8,9:4},{3:7,6:10,7:2,9:4},{4:3,6:8,7:2,9:4}]
k4_certs_4_pure.json.gz#197 prof_cert n=4 m=10 vals=[{0:3,2:6,8:2,9:10},{1:3,5:6,8:2,9:10},{3:5,6:8,7:4,9:2},{4:8,6:4,7:2,9:7}]
k4_certs_4_pure.json.gz#197 key_noncompletable n=4 m=10 vals=[{0:4,2:3,8:2,9:8},{1:4,5:3,8:2,9:8},{3:6,6:5,7:4,9:8},{4:7,6:2,7:4,9:8}]
k4_certs_4_pure.json.gz#198 FAIL_glob_r,lamU n=4 m=10 vals=[{0:3,2:4,8:2,9:8},{1:10,5:3,8:6,9:8},{3:8,6:2,7:4,8:7},{4:4,6:2,7:3,9:8}]
k4_certs_4_pure.json.gz#198 prof_cert n=4 m=10 vals=[{0:4,2:3,8:8,9:2},{1:4,5:3,8:8,9:2},{3:7,6:10,7:2,8:6},{4:6,6:8,7:10,9:3}]
k4_certs_4_pure.json.gz#198 FAIL_glob_r,lamU n=4 m=10 vals=[{0:4,2:1,8:8,9:6},{1:6,5:3,8:10,9:2},{3:3,6:2,7:4,8:8},{4:8,6:7,7:2,9:4}]
k4_certs_4_pure.json.gz#198 keys_distinct_g n=4 m=10 vals=[{0:6,2:2,8:10,9:3},{1:2,5:5,8:8,9:4},{3:4,6:8,7:1,8:6},{4:3,6:10,7:6,9:8}]
k4_certs_4_pure.json.gz#198 prof_cert n=4 m=10 vals=[{0:4,2:3,8:8,9:2},{1:4,5:3,8:8,9:2},{3:4,6:7,7:8,8:2},{4:3,6:4,7:8,9:2}]
k4_certs_4_pure.json.gz#198 keys_distinct_g n=4 m=10 vals=[{0:2,2:4,8:3,9:8},{1:2,5:4,8:8,9:3},{3:3,6:6,7:5,8:7},{4:2,6:7,7:6,9:10}]
k4_certs_4_pure.json.gz#200 FAIL_glob_r,lamU n=4 m=10 vals=[{0:2,2:3,6:10,7:6},{1:3,5:6,6:10,9:2},{3:8,5:2,8:5,9:4},{4:8,7:2,8:4,9:5}]
k4_certs_4_pure.json.gz#200 FAIL_glob_r,lamU n=4 m=10 vals=[{0:3,2:6,6:2,7:10},{1:5,5:2,6:8,9:4},{3:8,5:6,8:5,9:4},{4:3,7:10,8:6,9:2}]
k4_certs_4_pure.json.gz#200 keys_distinct_g n=4 m=10 vals=[{0:2,2:3,6:10,7:6},{1:4,5:3,6:8,9:6},{3:3,5:6,8:10,9:2},{4:2,7:7,8:10,9:4}]
k4_certs_4_pure.json.gz#200 keys_distinct_g n=4 m=10 vals=[{0:2,2:5,6:4,7:8},{1:3,5:4,6:6,9:8},{3:2,5:4,8:3,9:8},{4:6,7:10,8:3,9:2}]
k4_certs_4_pure.json.gz#201 amax_ndx2 n=4 m=10 vals=[{0:3,2:4,6:2,9:8},{1:3,5:2,6:4,7:8},{3:2,5:7,8:10,9:6},{4:3,7:7,8:5,9:6}]
k4_certs_4_pure.json.gz#201 keys_distinct_g n=4 m=10 vals=[{0:2,2:4,6:8,9:3},{1:6,5:2,6:10,7:7},{3:2,5:4,8:8,9:3},{4:2,7:4,8:10,9:7}]
k4_certs_4_pure.json.gz#201 keys_distinct_g n=4 m=10 vals=[{0:2,2:7,6:10,9:4},{1:4,5:3,6:8,7:6},{3:2,5:3,8:4,9:8},{4:3,7:8,8:6,9:10}]
k4_certs_4_pure.json.gz#201 FAIL_glob_r,lamU n=4 m=10 vals=[{0:3,2:6,6:2,9:10},{1:5,5:6,6:8,7:4},{3:7,5:8,8:4,9:2},{4:3,7:6,8:2,9:10}]
k4_certs_4_pure.json.gz#201 FAIL_glob_r,lamU n=4 m=10 vals=[{0:5,2:3,6:6,9:7},{1:8,5:6,6:5,7:4},{3:4,5:2,8:3,9:8},{4:6,7:3,8:2,9:10}]
k4_certs_4_pure.json.gz#202 FAIL_glob_r,lamU n=4 m=10 vals=[{0:2,2:3,8:6,9:10},{1:10,5:2,6:7,7:4},{3:2,5:6,6:3,9:10},{4:3,7:5,8:6,9:7}]
k4_certs_4_pure.json.gz#202 prof_cert n=4 m=10 vals=[{0:3,2:4,8:2,9:8},{1:10,5:2,6:7,7:4},{3:6,5:10,6:3,9:8},{4:3,7:6,8:2,9:10}]
k4_certs_4_pure.json.gz#202 FAIL_glob_r,lamU n=4 m=10 vals=[{0:2,2:3,8:4,9:8},{1:5,5:8,6:2,7:4},{3:3,5:2,6:4,9:8},{4:7,7:10,8:2,9:4}]
k4_certs_4_pure.json.gz#202 key_noncompletable n=4 m=10 vals=[{0:6,2:4,8:5,9:8},{1:4,5:8,6:3,7:6},{3:2,5:3,6:4,9:8},{4:6,7:3,8:2,9:10}]
k4_certs_4_pure.json.gz#202 prof_cert n=4 m=10 vals=[{0:3,2:6,8:2,9:10},{1:10,5:6,6:7,7:2},{3:4,5:2,6:8,9:3},{4:6,7:3,8:2,9:10}]
k4_certs_4_pure.json.gz#202 keys_distinct_g n=4 m=10 vals=[{0:3,2:4,8:8,9:2},{1:2,5:8,6:4,7:5},{3:4,5:8,6:2,9:3},{4:3,7:8,8:10,9:6}]
k4_certs_4_pure.json.gz#203 FAIL_glob_r,lamU n=4 m=10 vals=[{0:2,2:6,4:10,5:3},{1:3,4:8,6:2,8:4},{3:8,5:4,7:6,9:1},{6:3,7:6,8:2,9:10}]
k4_certs_4_pure.json.gz#203 FAIL_glob_r,lamU n=4 m=10 vals=[{0:3,2:6,4:10,5:2},{1:3,4:8,6:2,8:4},{3:8,5:2,7:4,9:3},{6:1,7:6,8:4,9:8}]
k4_certs_4_pure.json.gz#203 keys_distinct_g n=4 m=10 vals=[{0:3,2:4,4:8,5:2},{1:7,4:8,6:4,8:2},{3:2,5:3,7:10,9:6},{6:6,7:10,8:7,9:2}]
k4_certs_4_pure.json.gz#204 prof_cert n=4 m=10 vals=[{0:3,2:4,4:2,6:8},{1:6,4:2,6:10,9:3},{3:8,5:6,7:3,8:10},{5:7,7:8,8:2,9:4}]
k4_certs_4_pure.json.gz#204 prof_cert n=4 m=10 vals=[{0:3,2:6,4:10,6:2},{1:6,4:10,6:2,9:3},{3:10,5:2,7:6,8:3},{5:8,7:4,8:10,9:3}]
k4_certs_4_pure.json.gz#205 FAIL_glob_r,lamU n=4 m=10 vals=[{0:2,2:6,4:10,7:3},{1:3,4:8,8:4,9:2},{3:10,5:4,6:3,9:8},{5:6,6:8,7:4,8:3}]
k4_certs_4_pure.json.gz#205 keys_distinct_g n=4 m=10 vals=[{0:2,2:6,4:3,7:10},{1:2,4:4,8:5,9:8},{3:3,5:4,6:2,9:8},{5:4,6:2,7:10,8:7}]
k4_certs_4_pure.json.gz#205 FAIL_glob_r,lamU n=4 m=10 vals=[{0:2,2:6,4:3,7:10},{1:4,4:1,8:8,9:6},{3:8,5:4,6:2,9:7},{5:3,6:4,7:8,8:2}]
k4_certs_4_pure.json.gz#207 prof_cert n=4 m=10 vals=[{0:3,4:8,6:2,8:4},{1:3,4:10,6:2,9:6},{2:10,5:6,7:3,8:2},{3:8,5:4,7:10,9:3}]
k4_certs_4_pure.json.gz#206 keys_distinct_g n=4 m=10 vals=[{0:3,2:4,5:2,6:8},{1:6,4:3,8:10,9:2},{3:2,7:5,8:8,9:4},{4:2,5:4,6:8,7:5}]
k4_certs_4_pure.json.gz#206 keys_distinct_g n=4 m=10 vals=[{0:4,2:2,5:3,6:8},{1:5,4:4,8:2,9:8},{3:2,7:3,8:4,9:8},{4:6,5:3,6:8,7:4}]
k4_certs_4_pure.json.gz#209 FAIL_glob_r,lamU n=4 m=11 vals=[{0:7,2:2,6:10,8:4},{1:2,4:3,7:6,10:10},{3:3,5:4,9:2,10:8},{6:2,7:4,8:10,9:7}]
k4_certs_4_pure.json.gz#209 FAIL_glob_r,lamU n=4 m=11 vals=[{0:4,2:2,6:7,8:10},{1:3,4:2,7:4,10:8},{3:3,5:4,9:2,10:8},{6:8,7:1,8:6,9:4}]
k4_certs_4_pure.json.gz#209 amax_ndx2 n=4 m=11 vals=[{0:2,2:7,6:10,8:6},{1:3,4:2,7:8,10:4},{3:4,5:3,9:8,10:2},{6:3,7:4,8:6,9:8}]
k4_certs_4_pure.json.gz#209 amax_ndx2 n=4 m=11 vals=[{0:5,2:2,6:4,8:8},{1:2,4:3,7:10,10:6},{3:2,5:4,9:8,10:3},{6:5,7:4,8:6,9:8}]
k4_certs_4_pure.json.gz#209 keys_distinct_g n=4 m=11 vals=[{0:2,2:6,6:10,8:3},{1:4,4:2,7:5,10:8},{3:2,5:3,9:4,10:8},{6:10,7:7,8:4,9:2}]
k4_certs_4_pure.json.gz#209 keys_distinct_g n=4 m=11 vals=[{0:3,2:2,6:8,8:4},{1:2,4:6,7:7,10:10},{3:3,5:2,9:6,10:10},{6:10,7:8,8:3,9:6}]
k4_certs_4_pure.json.gz#212 keys_distinct_g n=4 m=11 vals=[{0:6,2:2,7:10,8:3},{1:5,5:2,7:8,10:4},{3:4,6:1,9:8,10:6},{4:2,8:6,9:10,10:7}]
k4_certs_4_pure.json.gz#212 FAIL_glob_r,lamU n=4 m=11 vals=[{0:4,2:8,7:10,8:3},{1:4,5:6,7:5,10:8},{3:2,6:6,9:3,10:10},{4:3,8:2,9:6,10:10}]
k4_certs_4_pure.json.gz#212 FAIL_glob_r,lamU n=4 m=11 vals=[{0:3,2:6,7:10,8:2},{1:2,5:3,7:10,10:6},{3:8,6:1,9:6,10:4},{4:8,8:5,9:2,10:4}]
k4_certs_4_pure.json.gz#212 keys_distinct_g n=4 m=11 vals=[{0:2,2:4,7:8,8:7},{1:5,5:2,7:8,10:4},{3:2,6:4,9:3,10:8},{4:2,8:5,9:4,10:8}]
k4_certs_4_pure.json.gz#212 amax_nonrobust_not_poolopt n=4 m=11 vals=[{0:6,2:3,7:10,8:2},{1:2,5:6,7:10,10:3},{3:6,6:4,9:8,10:3},{4:8,8:3,9:10,10:4}]
k4_certs_4_pure.json.gz#213 prof_cert n=4 m=11 vals=[{0:4,2:8,7:3,8:10},{1:3,5:4,9:2,10:8},{3:6,6:3,9:2,10:10},{4:2,7:8,8:4,10:5}]
k4_certs_4_pure.json.gz#213 prof_cert n=4 m=11 vals=[{0:3,2:4,7:6,8:8},{1:6,5:3,9:10,10:2},{3:4,6:3,9:8,10:2},{4:4,7:8,8:6,10:3}]
k4_certs_4_pure.json.gz#213 FAIL_glob_r,lamU n=4 m=11 vals=[{0:3,2:6,7:2,8:10},{1:4,5:3,9:6,10:8},{3:4,6:3,9:2,10:8},{4:4,7:3,8:2,10:8}]
k4_certs_4_pure.json.gz#213 FAIL_glob_r,lamU n=4 m=11 vals=[{0:7,2:2,7:4,8:10},{1:6,5:2,9:3,10:10},{3:4,6:3,9:2,10:8},{4:4,7:6,8:3,10:8}]
k4_certs_4_pure.json.gz#213 keys_distinct_g n=4 m=11 vals=[{0:4,2:3,7:2,8:8},{1:2,5:5,9:8,10:4},{3:4,6:1,9:8,10:6},{4:3,7:4,8:10,10:8}]
k4_certs_4_pure.json.gz#213 keys_distinct_g n=4 m=11 vals=[{0:2,2:3,7:6,8:10},{1:6,5:3,9:10,10:2},{3:6,6:2,9:10,10:7},{4:5,7:2,8:8,10:4}]
k4_certs_4_pure.json.gz#211 keys_distinct_g n=4 m=11 vals=[{0:4,2:2,8:7,9:8},{1:2,5:4,8:7,10:8},{3:3,6:4,9:8,10:2},{4:2,7:6,9:7,10:10}]
k4_certs_4_pure.json.gz#211 FAIL_glob_r,lamU n=4 m=11 vals=[{0:3,2:6,8:2,9:10},{1:3,5:7,8:6,10:5},{3:6,6:3,9:10,10:2},{4:3,7:6,9:8,10:4}]
k4_certs_4_pure.json.gz#211 keys_distinct_g n=4 m=11 vals=[{0:3,2:2,8:8,9:4},{1:4,5:2,8:8,10:7},{3:2,6:3,9:10,10:6},{4:2,7:4,9:8,10:5}]
k4_certs_4_pure.json.gz#211 FAIL_glob_r,lamU n=4 m=11 vals=[{0:4,2:3,8:2,9:8},{1:2,5:3,8:6,10:10},{3:4,6:3,9:8,10:6},{4:5,7:3,9:7,10:6}]
k4_certs_4_pure.json.gz#211 prof_cert n=4 m=11 vals=[{0:2,2:8,8:7,9:4},{1:7,5:4,8:10,10:2},{3:3,6:4,9:8,10:2},{4:3,7:4,9:8,10:2}]
k4_certs_4_pure.json.gz#214 FAIL_glob_r,lamU n=4 m=11 vals=[{0:6,2:3,7:2,10:10},{1:6,5:3,8:2,10:10},{3:4,6:7,9:2,10:10},{4:2,7:10,8:7,9:4}]
k4_certs_4_pure.json.gz#214 FAIL_glob_r,lamU n=4 m=11 vals=[{0:4,2:2,7:3,10:8},{1:5,5:4,8:6,10:8},{3:6,6:3,9:2,10:10},{4:6,7:1,8:4,9:8}]
k4_certs_4_pure.json.gz#214 prof_cert n=4 m=11 vals=[{0:6,2:5,7:4,10:8},{1:2,5:3,8:4,10:8},{3:2,6:3,9:4,10:8},{4:6,7:8,8:4,9:1}]
k4_certs_4_pure.json.gz#214 keys_distinct_g n=4 m=11 vals=[{0:5,2:2,7:8,10:4},{1:1,5:4,8:6,10:8},{3:3,6:2,9:4,10:8},{4:2,7:10,8:7,9:6}]
k4_certs_4_pure.json.gz#215 prof_cert n=4 m=11 vals=[{0:6,2:3,6:2,7:10},{1:3,5:5,9:6,10:7},{3:3,6:2,7:10,8:6},{4:7,8:2,9:10,10:6}]
k4_certs_4_pure.json.gz#216 keys_distinct_g n=4 m=11 vals=[{0:6,2:3,6:10,9:8},{1:2,5:3,8:6,10:10},{3:1,6:8,7:6,8:4},{4:2,7:7,9:4,10:10}]
k4_certs_4_pure.json.gz#216 keys_distinct_g n=4 m=11 vals=[{0:3,2:4,6:6,9:8},{1:2,5:6,8:10,10:3},{3:2,6:4,7:7,8:10},{4:1,7:4,9:8,10:6}]
k4_certs_4_pure.json.gz#216 FAIL_glob_r,lamU n=4 m=11 vals=[{0:3,2:2,6:4,9:8},{1:8,5:4,8:3,10:10},{3:6,6:1,7:4,8:8},{4:4,7:3,9:8,10:2}]
k4_certs_4_pure.json.gz#216 FAIL_glob_r,lamU n=4 m=11 vals=[{0:3,2:4,6:2,9:8},{1:6,5:4,8:8,10:3},{3:8,6:7,7:2,8:4},{4:6,7:3,9:10,10:2}]
k4_certs_4_pure.json.gz#210 FAIL_glob_r,lamU n=4 m=11 vals=[{0:8,2:4,8:3,10:10},{1:6,5:3,8:2,10:10},{3:3,6:4,9:2,10:8},{4:6,7:3,9:10,10:2}]
k4_certs_4_pure.json.gz#210 FAIL_glob_r,lamU n=4 m=11 vals=[{0:2,2:3,8:8,10:4},{1:2,5:7,8:6,10:10},{3:3,6:8,9:4,10:10},{4:2,7:4,9:3,10:8}]
k4_certs_4_pure.json.gz#210 keys_distinct_g n=4 m=11 vals=[{0:2,2:4,8:8,10:3},{1:2,5:4,8:8,10:7},{3:1,6:4,9:8,10:6},{4:2,7:7,9:10,10:6}]
k4_certs_4_pure.json.gz#210 keys_distinct_g n=4 m=11 vals=[{0:1,2:6,8:8,10:4},{1:6,5:1,8:8,10:4},{3:2,6:7,9:10,10:6},{4:2,7:4,9:8,10:5}]
k4_certs_4_pure.json.gz#210 prof_cert n=4 m=11 vals=[{0:6,2:3,8:2,10:10},{1:4,5:3,8:2,10:8},{3:3,6:8,9:4,10:10},{4:4,7:8,9:10,10:3}]
k4_certs_4_pure.json.gz#210 key_noncompletable n=4 m=11 vals=[{0:2,2:7,8:6,10:10},{1:2,5:7,8:6,10:10},{3:6,6:4,9:5,10:8},{4:2,7:3,9:4,10:8}]
k4_certs_4_pure.json.gz#210 key_noncompletable n=4 m=11 vals=[{0:2,2:4,8:3,10:8},{1:8,5:3,8:4,10:10},{3:2,6:3,9:4,10:8},{4:6,7:4,9:8,10:5}]
k4_certs_4_pure.json.gz#217 FAIL_glob_r,lamU n=4 m=11 vals=[{0:3,2:6,6:10,10:2},{1:6,5:4,9:8,10:3},{3:3,6:10,7:2,8:6},{4:8,7:6,8:3,9:4}]
k4_certs_4_pure.json.gz#217 FAIL_glob_r,lamU n=4 m=11 vals=[{0:3,2:2,6:4,10:8},{1:3,5:6,9:2,10:10},{3:10,6:6,7:2,8:7},{4:10,7:6,8:2,9:7}]
k4_certs_4_pure.json.gz#217 prof_cert n=4 m=11 vals=[{0:6,2:2,6:3,10:10},{1:2,5:4,9:3,10:8},{3:6,6:4,7:8,8:3},{4:8,7:3,8:4,9:2}]
k4_certs_4_pure.json.gz#217 keys_distinct_g n=4 m=11 vals=[{0:3,2:4,6:6,10:8},{1:3,5:4,9:2,10:8},{3:2,6:4,7:5,8:8},{4:2,7:4,8:8,9:3}]
k4_certs_4_pure.json.gz#217 keys_distinct_g n=4 m=11 vals=[{0:2,2:5,6:4,10:8},{1:6,5:2,9:3,10:10},{3:1,6:4,7:6,8:8},{4:6,7:2,8:10,9:3}]
k4_certs_4_pure.json.gz#217 prof_cert n=4 m=11 vals=[{0:2,2:3,6:4,10:8},{1:3,5:4,9:2,10:8},{3:4,6:2,7:8,8:7},{4:4,7:8,8:7,9:2}]
k4_certs_4_pure.json.gz#217 amax_nonrobust_not_poolopt n=4 m=11 vals=[{0:2,2:3,6:4,10:8},{1:3,5:4,9:2,10:8},{3:4,6:2,7:8,8:7},{4:4,7:8,8:7,9:2}]
k4_certs_4_pure.json.gz#217 amax_nonrobust_not_poolopt n=4 m=11 vals=[{0:2,2:3,6:4,10:8},{1:3,5:4,9:2,10:8},{3:4,6:2,7:8,8:7},{4:4,7:8,8:7,9:2}]
k4_certs_4_pure.json.gz#218 FAIL_glob_r,lamU n=4 m=12 vals=[{0:3,2:2,8:8,10:4},{1:3,5:4,8:8,11:2},{3:4,6:5,9:8,10:2},{4:3,7:5,9:6,11:7}]
k4_certs_4_pure.json.gz#218 FAIL_glob_r,lamU n=4 m=12 vals=[{0:2,2:3,8:8,10:4},{1:3,5:4,8:8,11:2},{3:4,6:8,9:10,10:3},{4:4,7:5,9:2,11:8}]
k4_certs_4_pure.json.gz#218 swap_some_terminal n=4 m=12 vals=[{0:3,2:6,8:7,10:5},{1:8,5:1,8:6,11:4},{3:4,6:3,9:8,10:2},{4:6,7:3,9:10,11:2}]
k4_certs_4_pure.json.gz#218 swap_some_terminal n=4 m=12 vals=[{0:3,2:6,8:7,10:5},{1:8,5:1,8:6,11:4},{3:4,6:3,9:8,10:2},{4:6,7:3,9:10,11:2}]
k4_certs_4_pure.json.gz#218 prof_some_key_every n=4 m=12 vals=[{0:3,2:6,8:7,10:5},{1:8,5:1,8:6,11:4},{3:4,6:3,9:8,10:2},{4:6,7:3,9:10,11:2}]
k4_certs_4_pure.json.gz#218 amax_nonrobust_not_poolopt n=4 m=12 vals=[{0:4,2:6,8:3,10:8},{1:3,5:2,8:4,11:8},{3:3,6:8,9:4,10:10},{4:3,7:2,9:6,11:10}]
k4_certs_4_pure.json.gz#218 keys_distinct_g n=4 m=12 vals=[{0:7,2:2,8:10,10:4},{1:3,5:2,8:10,11:6},{3:3,6:6,9:10,10:8},{4:2,7:3,9:10,11:6}]
k4_certs_4_pure.json.gz#218 prof_cert n=4 m=12 vals=[{0:6,2:4,8:8,10:3},{1:4,5:2,8:8,11:3},{3:2,6:4,9:8,10:3},{4:6,7:2,9:10,11:3}]
k4_certs_4_pure.json.gz#218 amax_nonrobust_not_poolopt n=4 m=12 vals=[{0:6,2:4,8:8,10:3},{1:4,5:2,8:8,11:3},{3:2,6:4,9:8,10:3},{4:6,7:2,9:10,11:3}]
# files: results/k4_certs_4_n4_2.json.gz results/k4_certs_4_n4_3.json.gz results/k4_certs_4_pure.json.gz  rand=4000 seed=7  cores=867  time=3.8s
FAIL_glob_r,lamU                     721
FAIL_prof_cert                       89
FAIL_prof_cert2                      41
FAIL_prof_some_key_every             5
FAIL_swap_some_terminal              11
amax                                 236545
amax_cert2                           236076
amax_ndx2                            1888
amax_nonrobust_not_poolopt           7
amax_not_cert2                       469
amax_not_poolopt                     127
amax_r0                              6
amax_r1                              881
f0                                   2985216
f1                                   130889
f1_keys_distinct_g                   5443
f1_keys_share_g                      125446
f1_omega_le0                         281991
f2plus                               69904
glob_-t,r,lamR,-p_every              130889
glob_-t,r,lamR_every                 130889
glob_r,lamU_every                    130168
key_any                              249010
key_no_t0                            2
key_noncompletable                   23
key_rl_every                         245608
key_rl_some                          246917
key_rlp_every                        246762
key_t0_exists                        249031
key_t0_poolopt_exists                247205
keys                                 249033
keys_distinct_g                      0
noncomp_t0_fv1                       25
noncomp_t0_fv2                       58
noncomp_t1                           3943
pot[mt,r,lamR,mp]_every              130889
pot[mt,r,lamR,mp]_some               130889
pot[mt,r,lamR]_every                 130889
pot[mt,r,lamR]_some                  130889
pot[r,mt,lamR,mp]_every              130889
pot[r,mt,lamR,mp]_some               130889
pot[r,mt,lamR]_every                 130889
pot[r,mt,lamR]_some                  130889
prof_cert                            0
prof_cert2                           0
prof_cert2_exists                    130848
prof_cert_exists                     130800
prof_completable                     130889
prof_every_key_t0                    130887
prof_some_key_every                  130884
profiles                             3468000
rl_max_noncomp                       4026
rl_maxima                            451655
swap_all_terminals_good              3804
swap_some_terminal                   0
swap_some_terminal_good              4015
tmax                                 453034
tmax_noncomp                         322
tmax_nonrobust_npo                   747
tmax_not_inj                         125
tmax_t1                              2
# failures: {'FAIL_prof_cert': 89, 'FAIL_prof_cert2': 41, 'FAIL_glob_r,lamU': 721, 'FAIL_swap_some_terminal': 11, 'FAIL_prof_some_key_every': 5}
# command: python3 k4/red_run.py results/k4_certs_4_n4_1.json.gz results/k4_certs_4_n4_2.json.gz results/k4_certs_4_n4_3.json.gz results/k4_certs_4_pure.json.gz --rand=4000 --seed=9 --pots="mt,r,lamR;r,mt,lamR;mt,r,lamR,mp;r,mt,lamR,mp" -x 2
k4_certs_4_n4_1.json.gz#118 keys_distinct_g n=4 m=8 vals=[{0:3,2:2,4:8,5:4},{1:3,4:4,7:2},{3:2,6:4,7:3},{5:3,6:4,7:2}]
k4_certs_4_n4_1.json.gz#118 keys_distinct_g n=4 m=8 vals=[{0:3,2:2,4:8,5:4},{1:3,4:4,7:2},{3:3,6:4,7:2},{5:2,6:4,7:3}]
k4_certs_4_n4_1.json.gz#116 keys_distinct_g n=4 m=8 vals=[{0:7,2:2,5:6,6:10},{1:3,5:2,7:4},{3:2,6:4,7:3},{4:2,6:3,7:4}]
k4_certs_4_n4_1.json.gz#116 keys_distinct_g n=4 m=8 vals=[{0:2,2:5,5:4,6:8},{1:3,5:2,7:4},{3:3,6:4,7:2},{4:2,6:3,7:4}]
k4_certs_4_n4_1.json.gz#117 keys_distinct_g n=4 m=8 vals=[{0:2,2:4,6:8,7:5},{1:2,5:3,6:4},{3:2,5:3,7:4},{4:3,6:2,7:4}]
k4_certs_4_n4_1.json.gz#117 keys_distinct_g n=4 m=8 vals=[{0:4,2:3,6:8,7:2},{1:3,5:4,6:2},{3:3,5:4,7:2},{4:2,6:4,7:3}]
k4_certs_4_n4_1.json.gz#115 keys_distinct_g n=4 m=8 vals=[{0:4,2:2,5:8,7:5},{1:3,5:4,7:2},{3:2,6:4,7:3},{4:3,6:4,7:2}]
k4_certs_4_n4_1.json.gz#115 keys_distinct_g n=4 m=8 vals=[{0:2,2:7,5:10,7:4},{1:3,5:4,7:2},{3:2,6:4,7:3},{4:3,6:4,7:2}]
k4_certs_4_n4_1.json.gz#121 keys_distinct_g n=4 m=8 vals=[{0:6,2:2,6:10,7:3},{1:3,4:4,5:2},{3:3,4:4,7:2},{5:3,6:4,7:2}]
k4_certs_4_n4_1.json.gz#121 keys_distinct_g n=4 m=8 vals=[{0:2,2:6,6:3,7:10},{1:2,4:3,5:4},{3:3,4:2,7:4},{5:4,6:3,7:2}]
k4_certs_4_n4_1.json.gz#123 keys_distinct_g n=4 m=8 vals=[{0:2,2:3,5:10,7:6},{1:3,4:2,7:4},{3:2,6:3,7:4},{4:2,5:4,6:3}]
k4_certs_4_n4_1.json.gz#123 keys_distinct_g n=4 m=8 vals=[{0:2,2:3,5:6,7:10},{1:3,4:4,7:2},{3:3,6:2,7:4},{4:4,5:3,6:2}]
k4_certs_4_n4_1.json.gz#122 keys_distinct_g n=4 m=8 vals=[{0:6,2:2,4:3,5:10},{1:3,6:4,7:2},{3:3,6:4,7:2},{4:2,5:4,7:3}]
k4_certs_4_n4_1.json.gz#122 keys_distinct_g n=4 m=8 vals=[{0:2,2:6,4:10,5:3},{1:3,6:4,7:2},{3:3,6:4,7:2},{4:4,5:2,7:3}]
k4_certs_4_n4_1.json.gz#126 keys_distinct_g n=4 m=8 vals=[{0:6,2:3,4:10,6:2},{1:2,3:3,5:4},{3:2,4:4,7:3},{5:4,6:3,7:2}]
k4_certs_4_n4_1.json.gz#126 keys_distinct_g n=4 m=8 vals=[{0:3,2:2,4:10,6:6},{1:2,3:3,5:4},{3:3,4:4,7:2},{5:4,6:3,7:2}]
k4_certs_4_n4_2.json.gz#188 keys_distinct_g n=4 m=8 vals=[{0:3,1:2,3:6,4:10},{2:7,3:2,4:10,5:6},{2:3,6:2,7:4},{5:2,6:3,7:4}]
k4_certs_4_n4_2.json.gz#188 keys_distinct_g n=4 m=8 vals=[{0:2,1:3,3:8,4:4},{2:6,3:8,4:1,5:4},{2:2,6:3,7:4},{5:2,6:3,7:4}]
k4_certs_4_n4_2.json.gz#189 keys_distinct_g n=4 m=8 vals=[{0:2,1:3,4:6,6:10},{2:10,3:2,4:6,5:3},{2:4,3:2,7:3},{5:3,6:4,7:2}]
k4_certs_4_n4_2.json.gz#189 keys_distinct_g n=4 m=8 vals=[{0:3,1:2,4:8,6:4},{2:2,3:4,4:8,5:5},{2:3,3:2,7:4},{5:2,6:3,7:4}]
k4_certs_4_n4_2.json.gz#193 keys_distinct_g n=4 m=8 vals=[{0:4,2:3,4:8,7:2},{1:2,3:6,6:10,7:3},{4:4,5:3,7:2},{5:2,6:4,7:3}]
k4_certs_4_n4_2.json.gz#193 keys_distinct_g n=4 m=8 vals=[{0:4,2:2,4:8,7:3},{1:1,3:6,6:8,7:4},{4:4,5:2,7:3},{5:3,6:4,7:2}]
k4_certs_4_n4_2.json.gz#193 amax_not_cert2 n=4 m=8 vals=[{0:7,2:2,4:4,7:10},{1:2,3:4,6:10,7:7},{4:2,5:3,7:4},{5:3,6:4,7:2}]
k4_certs_4_n4_2.json.gz#193 amax_not_cert2 n=4 m=8 vals=[{0:7,2:2,4:4,7:10},{1:2,3:4,6:10,7:7},{4:2,5:3,7:4},{5:3,6:4,7:2}]
k4_certs_4_n4_2.json.gz#192 keys_distinct_g n=4 m=8 vals=[{0:3,2:2,4:4,6:8},{1:2,3:5,5:8,7:4},{4:2,6:4,7:3},{5:4,6:3,7:2}]
k4_certs_4_n4_2.json.gz#192 keys_distinct_g n=4 m=8 vals=[{0:2,2:7,4:10,6:6},{1:2,3:3,5:4,7:8},{4:4,6:3,7:2},{5:3,6:2,7:4}]
k4_certs_4_n4_2.json.gz#192 amax_not_cert2 n=4 m=8 vals=[{0:3,2:4,4:8,6:10},{1:4,3:1,5:8,7:6},{4:2,6:3,7:4},{5:4,6:3,7:2}]
k4_certs_4_n4_2.json.gz#192 amax_not_cert2 n=4 m=8 vals=[{0:3,2:4,4:8,6:10},{1:4,3:1,5:8,7:6},{4:2,6:3,7:4},{5:4,6:3,7:2}]
k4_certs_4_n4_2.json.gz#194 keys_distinct_g n=4 m=8 vals=[{0:2,2:3,4:8,6:4},{1:6,3:2,6:10,7:3},{4:4,5:3,7:2},{5:2,6:4,7:3}]
k4_certs_4_n4_2.json.gz#194 keys_distinct_g n=4 m=8 vals=[{0:4,2:3,4:6,6:8},{1:6,3:2,6:3,7:10},{4:3,5:2,7:4},{5:3,6:4,7:2}]
k4_certs_4_n4_2.json.gz#191 keys_distinct_g n=4 m=8 vals=[{0:2,2:5,4:4,5:8},{1:6,3:2,6:3,7:10},{4:2,6:3,7:4},{5:4,6:2,7:3}]
k4_certs_4_n4_2.json.gz#191 prof_cert n=4 m=8 vals=[{0:4,2:2,4:8,5:7},{1:4,3:3,6:8,7:10},{4:4,6:2,7:3},{5:4,6:3,7:2}]
k4_certs_4_n4_2.json.gz#191 prof_cert2 n=4 m=8 vals=[{0:4,2:2,4:8,5:7},{1:4,3:3,6:8,7:10},{4:4,6:2,7:3},{5:4,6:3,7:2}]
k4_certs_4_n4_2.json.gz#191 amax_not_cert2 n=4 m=8 vals=[{0:4,2:2,4:8,5:7},{1:4,3:3,6:8,7:10},{4:4,6:2,7:3},{5:4,6:3,7:2}]
k4_certs_4_n4_2.json.gz#191 amax_not_cert2 n=4 m=8 vals=[{0:4,2:2,4:8,5:7},{1:4,3:3,6:8,7:10},{4:4,6:2,7:3},{5:4,6:3,7:2}]
k4_certs_4_n4_2.json.gz#191 keys_distinct_g n=4 m=8 vals=[{0:7,2:2,4:10,5:6},{1:2,3:4,6:3,7:8},{4:4,6:2,7:3},{5:3,6:2,7:4}]
k4_certs_4_n4_2.json.gz#191 prof_cert n=4 m=8 vals=[{0:3,2:4,4:8,5:10},{1:2,3:7,6:10,7:4},{4:4,6:3,7:2},{5:4,6:3,7:2}]
k4_certs_4_n4_2.json.gz#191 prof_cert2 n=4 m=8 vals=[{0:3,2:4,4:8,5:10},{1:2,3:7,6:10,7:4},{4:4,6:3,7:2},{5:4,6:3,7:2}]
k4_certs_4_n4_2.json.gz#197 keys_distinct_g n=4 m=8 vals=[{0:6,2:3,6:10,7:2},{1:2,3:7,6:6,7:10},{4:2,5:3,6:4},{4:3,5:2,7:4}]
k4_certs_4_n4_2.json.gz#197 keys_distinct_g n=4 m=8 vals=[{0:5,2:2,6:8,7:4},{1:7,3:2,6:10,7:4},{4:3,5:4,6:2},{4:3,5:4,7:2}]
k4_certs_4_n4_2.json.gz#196 keys_distinct_g n=4 m=8 vals=[{0:6,2:3,6:10,7:2},{1:3,3:4,6:10,7:8},{4:4,5:3,7:2},{4:4,5:2,7:3}]
k4_certs_4_n4_2.json.gz#196 keys_distinct_g n=4 m=8 vals=[{0:6,2:1,6:8,7:4},{1:2,3:3,6:10,7:6},{4:3,5:4,7:2},{4:3,5:4,7:2}]
k4_certs_4_n4_2.json.gz#198 keys_distinct_g n=4 m=8 vals=[{0:4,2:2,5:8,7:5},{1:2,4:3,6:10,7:6},{3:3,6:4,7:2},{5:4,6:3,7:2}]
k4_certs_4_n4_2.json.gz#198 keys_distinct_g n=4 m=8 vals=[{0:7,2:2,5:10,7:4},{1:7,4:2,6:10,7:6},{3:3,6:4,7:2},{5:4,6:3,7:2}]
k4_certs_4_n4_2.json.gz#195 keys_distinct_g n=4 m=8 vals=[{0:2,2:4,5:8,6:7},{1:2,3:7,5:10,7:4},{4:3,6:4,7:2},{4:3,6:4,7:2}]
k4_certs_4_n4_2.json.gz#195 keys_distinct_g n=4 m=8 vals=[{0:4,2:3,5:8,6:6},{1:4,3:3,5:8,7:6},{4:3,6:4,7:2},{4:3,6:4,7:2}]
k4_certs_4_n4_2.json.gz#195 amax_not_cert2 n=4 m=8 vals=[{0:3,2:2,5:10,6:6},{1:2,3:4,5:10,7:7},{4:3,6:2,7:4},{4:4,6:3,7:2}]
k4_certs_4_n4_2.json.gz#195 amax_not_cert2 n=4 m=8 vals=[{0:3,2:2,5:10,6:6},{1:2,3:4,5:10,7:7},{4:3,6:2,7:4},{4:4,6:3,7:2}]
k4_certs_4_n4_2.json.gz#195 prof_cert n=4 m=8 vals=[{0:2,2:4,5:8,6:7},{1:2,3:3,5:10,7:6},{4:2,6:4,7:3},{4:4,6:2,7:3}]
k4_certs_4_n4_2.json.gz#200 keys_distinct_g n=4 m=8 vals=[{0:6,2:2,5:7,6:10},{1:2,4:4,6:3,7:8},{3:2,5:3,7:4},{5:3,6:4,7:2}]
k4_certs_4_n4_2.json.gz#200 keys_distinct_g n=4 m=8 vals=[{0:6,2:2,5:10,6:7},{1:2,4:5,6:4,7:8},{3:2,5:3,7:4},{5:4,6:2,7:3}]
k4_certs_4_n4_2.json.gz#199 keys_distinct_g n=4 m=8 vals=[{0:2,2:4,6:8,7:7},{1:2,4:5,6:8,7:4},{3:3,5:4,7:2},{5:4,6:2,7:3}]
k4_certs_4_n4_2.json.gz#199 keys_distinct_g n=4 m=8 vals=[{0:1,2:6,6:8,7:4},{1:4,4:3,6:8,7:6},{3:3,5:4,7:2},{5:4,6:2,7:3}]
k4_certs_4_n4_2.json.gz#202 amax_ndx2 n=4 m=8 vals=[{0:3,2:4,5:8,7:2},{1:6,5:3,6:8,7:4},{3:3,6:4,7:2},{4:3,6:2,7:4}]
k4_certs_4_n4_2.json.gz#202 amax_ndx2 n=4 m=8 vals=[{0:3,2:4,5:8,7:6},{1:4,5:8,6:6,7:5},{3:3,6:4,7:2},{4:2,6:3,7:4}]
k4_certs_4_n4_2.json.gz#202 keys_distinct_g n=4 m=8 vals=[{0:1,2:6,5:4,7:8},{1:8,5:3,6:10,7:6},{3:2,6:4,7:3},{4:3,6:2,7:4}]
k4_certs_4_n4_2.json.gz#202 keys_distinct_g n=4 m=8 vals=[{0:4,2:2,5:5,7:8},{1:7,5:4,6:8,7:2},{3:3,6:2,7:4},{4:2,6:4,7:3}]
k4_certs_4_n4_2.json.gz#202 amax_not_cert2 n=4 m=8 vals=[{0:4,2:2,5:7,7:10},{1:5,5:2,6:8,7:4},{3:3,6:2,7:4},{4:2,6:4,7:3}]
k4_certs_4_n4_2.json.gz#202 amax_not_cert2 n=4 m=8 vals=[{0:7,2:2,5:4,7:10},{1:6,5:3,6:8,7:4},{3:2,6:4,7:3},{4:2,6:4,7:3}]
k4_certs_4_n4_2.json.gz#203 keys_distinct_g n=4 m=8 vals=[{0:7,2:2,6:10,7:4},{1:6,5:8,6:4,7:1},{3:3,5:4,7:2},{4:3,6:4,7:2}]
k4_certs_4_n4_2.json.gz#203 keys_distinct_g n=4 m=8 vals=[{0:2,2:4,6:10,7:7},{1:6,5:8,6:5,7:4},{3:2,5:4,7:3},{4:3,6:4,7:2}]
k4_certs_4_n4_2.json.gz#203 amax_ndx2 n=4 m=8 vals=[{0:6,2:2,6:7,7:10},{1:4,5:5,6:6,7:8},{3:3,5:4,7:2},{4:3,6:2,7:4}]
k4_certs_4_n4_2.json.gz#203 amax_ndx2 n=4 m=8 vals=[{0:2,2:6,6:7,7:10},{1:3,5:5,6:7,7:6},{3:2,5:3,7:4},{4:3,6:4,7:2}]
k4_certs_4_n4_2.json.gz#204 amax_ndx2 n=4 m=8 vals=[{0:6,2:1,5:4,6:8},{1:6,5:7,6:5,7:3},{3:3,5:4,7:2},{4:3,6:2,7:4}]
k4_certs_4_n4_2.json.gz#204 keys_distinct_g n=4 m=8 vals=[{0:1,2:6,5:8,6:4},{1:1,5:8,6:4,7:6},{3:2,5:3,7:4},{4:3,6:2,7:4}]
k4_certs_4_n4_2.json.gz#204 keys_distinct_g n=4 m=8 vals=[{0:2,2:7,5:6,6:10},{1:4,5:5,6:8,7:2},{3:3,5:2,7:4},{4:3,6:2,7:4}]
k4_certs_4_n4_2.json.gz#204 amax_ndx2 n=4 m=8 vals=[{0:2,2:4,5:8,6:7},{1:3,5:5,6:7,7:6},{3:3,5:2,7:4},{4:3,6:4,7:2}]
k4_certs_4_n4_2.json.gz#204 amax_not_cert2 n=4 m=8 vals=[{0:4,2:3,5:8,6:10},{1:7,5:2,6:4,7:8},{3:3,5:2,7:4},{4:2,6:4,7:3}]
k4_certs_4_n4_2.json.gz#205 keys_distinct_g n=4 m=8 vals=[{0:4,2:2,4:8,5:3},{1:6,4:8,6:3,7:4},{3:2,6:4,7:3},{5:3,6:4,7:2}]
k4_certs_4_n4_2.json.gz#205 amax_ndx2 n=4 m=8 vals=[{0:2,2:6,4:10,5:3},{1:6,4:8,6:4,7:3},{3:3,6:4,7:2},{5:2,6:3,7:4}]
k4_certs_4_n4_2.json.gz#205 amax_ndx2 n=4 m=8 vals=[{0:6,2:3,4:10,5:2},{1:5,4:4,6:8,7:6},{3:3,6:2,7:4},{5:3,6:4,7:2}]
k4_certs_4_n4_2.json.gz#205 amax_not_cert2 n=4 m=8 vals=[{0:2,2:3,4:10,5:6},{1:3,4:7,6:5,7:6},{3:2,6:3,7:4},{5:2,6:3,7:4}]
k4_certs_4_n4_2.json.gz#205 keys_distinct_g n=4 m=8 vals=[{0:4,2:3,4:8,5:2},{1:7,4:10,6:2,7:4},{3:2,6:4,7:3},{5:3,6:4,7:2}]
k4_certs_4_n4_2.json.gz#207 keys_distinct_g n=4 m=8 vals=[{0:5,2:2,4:8,7:4},{1:1,4:8,6:4,7:6},{3:2,5:4,7:3},{5:4,6:3,7:2}]
k4_certs_4_n4_2.json.gz#207 keys_distinct_g n=4 m=8 vals=[{0:6,2:1,4:8,7:4},{1:4,4:8,6:1,7:6},{3:2,5:4,7:3},{5:4,6:3,7:2}]
k4_certs_4_n4_2.json.gz#206 keys_distinct_g n=4 m=8 vals=[{0:1,2:4,4:8,7:6},{1:1,4:8,5:6,6:4},{3:3,6:2,7:4},{5:3,6:2,7:4}]
k4_certs_4_n4_2.json.gz#206 keys_distinct_g n=4 m=8 vals=[{0:6,2:1,4:8,7:4},{1:4,4:8,5:2,6:5},{3:3,6:2,7:4},{5:3,6:2,7:4}]
k4_certs_4_n4_2.json.gz#208 keys_distinct_g n=4 m=8 vals=[{0:2,2:7,4:10,7:6},{1:2,4:4,7:3},{3:2,5:8,6:3,7:4},{5:4,6:3,7:2}]
k4_certs_4_n4_2.json.gz#208 keys_distinct_g n=4 m=8 vals=[{0:2,2:4,4:8,7:3},{1:3,4:4,7:2},{3:4,5:8,6:3,7:2},{5:4,6:2,7:3}]
k4_certs_4_n4_2.json.gz#209 keys_distinct_g n=4 m=8 vals=[{0:3,2:2,4:4,6:8},{1:7,4:2,6:10,7:6},{3:3,5:4,7:2},{5:4,6:3,7:2}]
k4_certs_4_n4_2.json.gz#209 keys_distinct_g n=4 m=8 vals=[{0:6,2:3,4:2,6:10},{1:2,4:5,6:8,7:4},{3:3,5:4,7:2},{5:4,6:3,7:2}]
k4_certs_4_n4_2.json.gz#211 keys_distinct_g n=4 m=8 vals=[{0:6,2:3,6:2,7:10},{1:6,4:5,5:7,7:3},{3:2,4:3,7:4},{5:4,6:3,7:2}]
k4_certs_4_n4_2.json.gz#211 keys_distinct_g n=4 m=8 vals=[{0:2,2:6,6:3,7:10},{1:5,4:4,5:8,7:2},{3:2,4:3,7:4},{5:4,6:3,7:2}]
k4_certs_4_n4_2.json.gz#211 prof_cert n=4 m=8 vals=[{0:4,2:2,6:5,7:8},{1:3,4:8,5:2,7:4},{3:2,4:4,7:3},{5:2,6:3,7:4}]
k4_certs_4_n4_2.json.gz#211 prof_cert2 n=4 m=8 vals=[{0:4,2:2,6:5,7:8},{1:3,4:8,5:2,7:4},{3:2,4:4,7:3},{5:2,6:3,7:4}]
k4_certs_4_n4_2.json.gz#211 amax_not_cert2 n=4 m=8 vals=[{0:4,2:2,6:5,7:8},{1:3,4:8,5:2,7:4},{3:2,4:4,7:3},{5:2,6:3,7:4}]
k4_certs_4_n4_2.json.gz#211 amax_not_cert2 n=4 m=8 vals=[{0:4,2:2,6:5,7:8},{1:3,4:8,5:2,7:4},{3:2,4:4,7:3},{5:2,6:3,7:4}]
k4_certs_4_n4_2.json.gz#211 amax_ndx2 n=4 m=8 vals=[{0:2,2:4,6:3,7:8},{1:8,4:6,5:10,7:3},{3:2,4:3,7:4},{5:4,6:3,7:2}]
k4_certs_4_n4_2.json.gz#211 amax_ndx2 n=4 m=8 vals=[{0:2,2:6,6:3,7:10},{1:4,4:8,5:5,7:6},{3:3,4:4,7:2},{5:4,6:2,7:3}]
k4_certs_4_n4_2.json.gz#210 keys_distinct_g n=4 m=8 vals=[{0:2,2:6,4:10,6:3},{1:2,4:4,7:3},{3:4,5:2,6:8,7:3},{5:3,6:4,7:2}]
k4_certs_4_n4_2.json.gz#210 keys_distinct_g n=4 m=8 vals=[{0:3,2:6,4:8,6:10},{1:2,4:3,7:4},{3:4,5:3,6:6,7:8},{5:2,6:4,7:3}]
k4_certs_4_n4_2.json.gz#212 keys_distinct_g n=4 m=8 vals=[{0:4,2:2,6:8,7:7},{1:4,4:8,5:2,6:5},{3:2,4:4,7:3},{5:3,6:4,7:2}]
k4_certs_4_n4_2.json.gz#212 keys_distinct_g n=4 m=8 vals=[{0:6,2:2,6:7,7:10},{1:7,4:10,5:2,6:6},{3:2,4:4,7:3},{5:2,6:3,7:4}]
k4_certs_4_n4_2.json.gz#212 amax_ndx2 n=4 m=8 vals=[{0:6,2:2,6:10,7:3},{1:6,4:7,5:3,6:5},{3:3,4:4,7:2},{5:2,6:4,7:3}]
k4_certs_4_n4_2.json.gz#216 keys_distinct_g n=4 m=8 vals=[{0:2,2:4,5:3,7:8},{1:3,4:4,7:2},{3:3,6:2,7:4},{4:8,5:4,6:5,7:2}]
k4_certs_4_n4_2.json.gz#216 amax_ndx2 n=4 m=8 vals=[{0:3,2:2,5:8,7:4},{1:2,4:4,7:3},{3:3,6:2,7:4},{4:5,5:7,6:3,7:6}]
k4_certs_4_n4_2.json.gz#216 keys_distinct_g n=4 m=8 vals=[{0:3,2:2,5:6,7:10},{1:3,4:2,7:4},{3:3,6:4,7:2},{4:6,5:3,6:7,7:5}]
k4_certs_4_n4_2.json.gz#216 amax_ndx2 n=4 m=8 vals=[{0:3,2:4,5:2,7:8},{1:2,4:3,7:4},{3:3,6:4,7:2},{4:4,5:6,6:8,7:3}]
k4_certs_4_n4_2.json.gz#214 keys_distinct_g n=4 m=8 vals=[{0:2,2:4,4:3,6:8},{1:6,5:8,6:4,7:5},{3:3,5:4,7:2},{4:2,6:4,7:3}]
k4_certs_4_n4_2.json.gz#214 keys_distinct_g n=4 m=8 vals=[{0:4,2:2,4:3,6:8},{1:8,5:4,6:10,7:3},{3:2,5:3,7:4},{4:3,6:2,7:4}]
k4_certs_4_n4_2.json.gz#214 amax_ndx2 n=4 m=8 vals=[{0:2,2:6,4:3,6:10},{1:6,5:4,6:8,7:3},{3:2,5:4,7:3},{4:3,6:2,7:4}]
k4_certs_4_n4_2.json.gz#214 amax_ndx2 n=4 m=8 vals=[{0:3,2:2,4:4,6:8},{1:6,5:5,6:7,7:3},{3:3,5:4,7:2},{4:3,6:2,7:4}]
k4_certs_4_n4_2.json.gz#213 keys_distinct_g n=4 m=8 vals=[{0:3,2:2,6:4,7:8},{1:3,4:4,5:2},{3:3,4:8,6:6,7:4},{5:2,6:3,7:4}]
k4_certs_4_n4_2.json.gz#213 keys_distinct_g n=4 m=8 vals=[{0:4,2:3,6:8,7:2},{1:3,4:4,5:2},{3:3,4:8,6:2,7:4},{5:3,6:4,7:2}]
k4_certs_4_n4_2.json.gz#213 amax_not_cert2 n=4 m=8 vals=[{0:2,2:4,6:8,7:5},{1:2,4:4,5:3},{3:3,4:10,6:6,7:2},{5:4,6:3,7:2}]
k4_certs_4_n4_2.json.gz#213 amax_not_cert2 n=4 m=8 vals=[{0:2,2:4,6:8,7:5},{1:2,4:4,5:3},{3:3,4:10,6:6,7:2},{5:4,6:3,7:2}]
k4_certs_4_n4_2.json.gz#218 keys_distinct_g n=4 m=8 vals=[{0:2,2:6,5:3,6:10},{1:3,4:4,7:2},{3:3,6:4,7:2},{4:7,5:6,6:5,7:3}]
k4_certs_4_n4_2.json.gz#218 keys_distinct_g n=4 m=8 vals=[{0:6,2:2,5:3,6:10},{1:3,4:4,7:2},{3:2,6:4,7:3},{4:10,5:2,6:6,7:7}]
k4_certs_4_n4_2.json.gz#218 amax_ndx2 n=4 m=8 vals=[{0:4,2:3,5:2,6:8},{1:3,4:4,7:2},{3:3,6:2,7:4},{4:6,5:4,6:5,7:8}]
k4_certs_4_n4_2.json.gz#218 amax_ndx2 n=4 m=8 vals=[{0:3,2:4,5:2,6:8},{1:2,4:3,7:4},{3:3,6:2,7:4},{4:2,5:7,6:4,7:8}]
k4_certs_4_n4_2.json.gz#217 keys_distinct_g n=4 m=8 vals=[{0:4,2:3,5:6,6:8},{1:4,4:3,6:8,7:2},{3:3,6:2,7:4},{4:2,5:3,7:4}]
k4_certs_4_n4_2.json.gz#217 keys_distinct_g n=4 m=8 vals=[{0:6,2:3,5:8,6:10},{1:6,4:1,6:4,7:8},{3:3,6:4,7:2},{4:3,5:2,7:4}]
k4_certs_4_n4_2.json.gz#217 amax_ndx2 n=4 m=8 vals=[{0:2,2:3,5:4,6:8},{1:8,4:3,6:6,7:10},{3:3,6:2,7:4},{4:4,5:3,7:2}]
k4_certs_4_n4_2.json.gz#217 amax_ndx2 n=4 m=8 vals=[{0:6,2:2,5:3,6:10},{1:6,4:4,6:8,7:3},{3:3,6:2,7:4},{4:4,5:3,7:2}]
k4_certs_4_n4_2.json.gz#217 amax_not_cert2 n=4 m=8 vals=[{0:2,2:3,5:6,6:10},{1:5,4:6,6:7,7:3},{3:2,6:3,7:4},{4:4,5:3,7:2}]
k4_certs_4_n4_2.json.gz#215 amax_ndx2 n=4 m=8 vals=[{0:7,2:2,4:10,5:6},{1:3,6:4,7:2},{3:3,6:2,7:4},{4:5,5:3,6:7,7:6}]
k4_certs_4_n4_2.json.gz#215 amax_not_cert2 n=4 m=8 vals=[{0:4,2:3,4:8,5:6},{1:2,6:3,7:4},{3:2,6:3,7:4},{4:6,5:4,6:5,7:8}]
k4_certs_4_n4_2.json.gz#215 amax_not_cert2 n=4 m=8 vals=[{0:4,2:3,4:8,5:6},{1:2,6:3,7:4},{3:2,6:3,7:4},{4:6,5:4,6:5,7:8}]
k4_certs_4_n4_2.json.gz#215 keys_distinct_g n=4 m=8 vals=[{0:3,2:6,4:10,5:2},{1:3,6:2,7:4},{3:2,6:3,7:4},{4:8,5:6,6:3,7:4}]
k4_certs_4_n4_2.json.gz#215 amax_ndx2 n=4 m=8 vals=[{0:3,2:4,4:2,5:8},{1:3,6:4,7:2},{3:2,6:3,7:4},{4:8,5:3,6:10,7:4}]
k4_certs_4_n4_2.json.gz#215 keys_distinct_g n=4 m=8 vals=[{0:2,2:6,4:10,5:3},{1:3,6:2,7:4},{3:3,6:2,7:4},{4:10,5:3,6:8,7:6}]
k4_certs_4_n4_2.json.gz#222 amax_ndx2 n=4 m=8 vals=[{0:2,2:4,6:8,7:3},{1:3,4:4,6:2},{3:3,5:4,7:2},{4:8,5:5,6:6,7:4}]
k4_certs_4_n4_2.json.gz#222 amax_ndx2 n=4 m=8 vals=[{0:3,2:4,6:8,7:2},{1:3,4:4,6:2},{3:3,5:4,7:2},{4:10,5:6,6:3,7:8}]
k4_certs_4_n4_2.json.gz#219 keys_distinct_g n=4 m=8 vals=[{0:3,2:4,6:8,7:2},{1:4,4:6,5:3,6:8},{3:3,6:2,7:4},{4:3,5:2,7:4}]
k4_certs_4_n4_2.json.gz#219 keys_distinct_g n=4 m=8 vals=[{0:6,2:3,6:2,7:10},{1:6,4:8,5:1,6:4},{3:3,6:2,7:4},{4:4,5:3,7:2}]
k4_certs_4_n4_2.json.gz#221 keys_distinct_g n=4 m=8 vals=[{0:1,2:4,6:8,7:6},{1:2,4:6,6:7,7:10},{3:3,5:2,6:4},{4:2,5:3,7:4}]
k4_certs_4_n4_2.json.gz#221 keys_distinct_g n=4 m=8 vals=[{0:7,2:2,6:6,7:10},{1:4,4:2,6:5,7:8},{3:3,5:4,6:2},{4:3,5:4,7:2}]
k4_certs_4_n4_2.json.gz#220 amax_ndx2 n=4 m=8 vals=[{0:2,2:4,6:5,7:8},{1:3,4:2,5:4},{3:3,6:2,7:4},{4:8,5:6,6:3,7:10}]
k4_certs_4_n4_2.json.gz#220 amax_ndx2 n=4 m=8 vals=[{0:4,2:2,6:8,7:5},{1:3,4:4,5:2},{3:3,6:2,7:4},{4:4,5:6,6:5,7:8}]
k4_certs_4_n4_2.json.gz#226 keys_distinct_g n=4 m=8 vals=[{0:4,2:2,3:3,6:8},{1:2,6:4,7:3},{3:3,4:10,5:6,7:8},{4:4,5:2,7:3}]
k4_certs_4_n4_2.json.gz#226 keys_distinct_g n=4 m=8 vals=[{0:3,2:2,3:4,6:8},{1:2,6:4,7:3},{3:3,4:4,5:8,7:2},{4:3,5:4,7:2}]
k4_certs_4_n4_2.json.gz#225 keys_distinct_g n=4 m=8 vals=[{0:3,2:2,3:6,4:10},{1:2,6:4,7:3},{3:4,4:8,5:1,7:6},{5:3,6:4,7:2}]
k4_certs_4_n4_2.json.gz#225 keys_distinct_g n=4 m=8 vals=[{0:4,2:2,3:3,4:8},{1:3,6:4,7:2},{3:2,4:8,5:4,7:7},{5:3,6:4,7:2}]
k4_certs_4_n4_2.json.gz#223 keys_distinct_g n=4 m=8 vals=[{0:6,2:3,3:10,4:2},{1:6,3:8,4:1,7:4},{5:3,6:4,7:2},{5:3,6:4,7:2}]
k4_certs_4_n4_2.json.gz#223 keys_distinct_g n=4 m=8 vals=[{0:4,2:3,3:2,4:8},{1:4,3:1,4:8,7:6},{5:3,6:4,7:2},{5:2,6:4,7:3}]
k4_certs_4_n4_2.json.gz#230 keys_distinct_g n=4 m=8 vals=[{0:3,2:4,4:2,6:8},{1:3,3:4,7:2},{3:8,4:2,5:5,7:4},{5:2,6:4,7:3}]
k4_certs_4_n4_2.json.gz#230 keys_distinct_g n=4 m=8 vals=[{0:3,2:6,4:10,6:2},{1:3,3:2,7:4},{3:6,4:7,5:3,7:5},{5:2,6:3,7:4}]
k4_certs_4_n4_2.json.gz#230 amax_ndx2 n=4 m=8 vals=[{0:6,2:3,4:10,6:2},{1:3,3:4,7:2},{3:5,4:7,5:6,7:3},{5:2,6:3,7:4}]
k4_certs_4_n4_2.json.gz#230 amax_ndx2 n=4 m=8 vals=[{0:3,2:4,4:8,6:2},{1:3,3:2,7:4},{3:8,4:10,5:3,7:4},{5:4,6:2,7:3}]
k4_certs_4_n4_2.json.gz#228 keys_distinct_g n=4 m=8 vals=[{0:2,2:3,4:6,7:10},{1:4,3:5,4:2,5:8},{3:2,6:3,7:4},{5:4,6:3,7:2}]
k4_certs_4_n4_2.json.gz#228 keys_distinct_g n=4 m=8 vals=[{0:6,2:2,4:3,7:10},{1:2,3:10,4:7,5:6},{3:4,6:2,7:3},{5:2,6:3,7:4}]
k4_certs_4_n4_2.json.gz#227 keys_distinct_g n=4 m=8 vals=[{0:4,2:2,4:8,5:3},{1:2,3:4,4:8,7:7},{3:2,6:4,7:3},{5:3,6:4,7:2}]
k4_certs_4_n4_2.json.gz#227 keys_distinct_g n=4 m=8 vals=[{0:6,2:3,4:10,5:2},{1:3,3:4,4:8,7:6},{3:3,6:4,7:2},{5:3,6:4,7:2}]
k4_certs_4_n4_2.json.gz#229 keys_distinct_g n=4 m=8 vals=[{0:4,2:3,4:2,6:8},{1:4,3:10,5:7,7:2},{3:4,4:3,7:2},{5:3,6:4,7:2}]
k4_certs_4_n4_2.json.gz#229 keys_distinct_g n=4 m=8 vals=[{0:4,2:3,4:8,6:6},{1:4,3:2,5:8,7:3},{3:2,4:4,7:3},{5:4,6:2,7:3}]
k4_certs_4_n4_2.json.gz#233 keys_distinct_g n=4 m=8 vals=[{0:2,2:4,4:3,7:8},{1:3,3:4,7:2},{3:8,4:4,5:2,6:7},{5:2,6:3,7:4}]
k4_certs_4_n4_2.json.gz#233 keys_distinct_g n=4 m=8 vals=[{0:2,2:4,4:3,7:8},{1:3,3:4,7:2},{3:10,4:3,5:8,6:4},{5:3,6:2,7:4}]
k4_certs_4_n4_2.json.gz#232 keys_distinct_g n=4 m=8 vals=[{0:6,2:2,4:3,7:10},{1:3,3:4,6:2},{3:7,4:3,5:6,7:5},{5:3,6:2,7:4}]
k4_certs_4_n4_2.json.gz#232 keys_distinct_g n=4 m=8 vals=[{0:3,2:2,4:4,7:8},{1:3,3:2,6:4},{3:8,4:3,5:6,7:10},{5:3,6:4,7:2}]
k4_certs_4_n4_2.json.gz#231 keys_distinct_g n=4 m=8 vals=[{0:3,2:4,4:6,7:8},{1:2,3:7,6:6,7:10},{3:2,4:3,5:4},{5:4,6:3,7:2}]
k4_certs_4_n4_2.json.gz#231 keys_distinct_g n=4 m=8 vals=[{0:2,2:6,4:3,7:10},{1:3,3:8,6:4,7:6},{3:4,4:3,5:2},{5:2,6:3,7:4}]
k4_certs_4_n4_2.json.gz#235 keys_distinct_g n=4 m=8 vals=[{0:2,2:3,6:4,7:8},{1:4,3:5,4:6,5:8},{3:3,4:2,7:4},{5:4,6:3,7:2}]
k4_certs_4_n4_2.json.gz#235 keys_distinct_g n=4 m=8 vals=[{0:2,2:4,6:3,7:8},{1:4,3:3,4:8,5:6},{3:2,4:4,7:3},{5:3,6:2,7:4}]
k4_certs_4_n4_2.json.gz#236 keys_distinct_g n=4 m=8 vals=[{0:3,2:6,6:2,7:10},{1:3,3:6,4:10,7:8},{3:2,4:4,5:3},{5:2,6:3,7:4}]
k4_certs_4_n4_2.json.gz#236 keys_distinct_g n=4 m=8 vals=[{0:6,2:3,6:2,7:10},{1:2,3:4,4:8,7:7},{3:3,4:4,5:2},{5:3,6:2,7:4}]
k4_certs_4_n4_2.json.gz#234 keys_distinct_g n=4 m=8 vals=[{0:2,2:3,5:4,6:8},{1:4,3:8,4:3,7:2},{3:4,4:3,7:2},{5:3,6:4,7:2}]
k4_certs_4_n4_2.json.gz#234 keys_distinct_g n=4 m=8 vals=[{0:3,2:4,5:2,6:8},{1:6,3:3,4:10,7:8},{3:2,4:4,7:3},{5:3,6:4,7:2}]
k4_certs_4_n4_2.json.gz#237 amax_ndx2 n=4 m=8 vals=[{0:6,2:3,6:2,7:10},{1:3,3:4,4:2},{3:3,4:8,5:10,7:6},{5:4,6:3,7:2}]
k4_certs_4_n4_2.json.gz#237 amax_ndx2 n=4 m=8 vals=[{0:6,2:2,6:3,7:10},{1:3,3:4,4:2},{3:4,4:7,5:8,7:2},{5:4,6:3,7:2}]
k4_certs_4_n4_2.json.gz#238 amax_ndx2 n=4 m=8 vals=[{0:3,2:6,4:2,7:10},{1:3,3:4,7:2},{3:4,5:6,6:3,7:8},{4:3,5:2,6:4}]
k4_certs_4_n4_2.json.gz#238 amax_ndx2 n=4 m=8 vals=[{0:3,2:4,4:2,7:8},{1:3,3:4,7:2},{3:8,5:6,6:3,7:4},{4:3,5:2,6:4}]
k4_certs_4_n4_2.json.gz#239 keys_distinct_g n=4 m=8 vals=[{0:2,2:3,4:4,7:8},{1:3,3:4,7:2},{3:4,5:3,6:2},{4:6,5:4,6:1,7:8}]
k4_certs_4_n4_2.json.gz#239 keys_distinct_g n=4 m=8 vals=[{0:3,2:4,4:2,7:8},{1:2,3:3,7:4},{3:3,5:2,6:4},{4:3,5:4,6:8,7:2}]
k4_certs_4_n4_2.json.gz#242 keys_distinct_g n=4 m=8 vals=[{0:4,4:2,5:8,6:7},{1:6,4:3,5:10,7:2},{2:3,6:2,7:4},{3:3,6:2,7:4}]
k4_certs_4_n4_2.json.gz#242 keys_distinct_g n=4 m=8 vals=[{0:4,4:8,5:2,6:3},{1:4,4:8,5:1,7:6},{2:3,6:4,7:2},{3:2,6:4,7:3}]
k4_certs_4_n4_2.json.gz#242 amax_not_cert2 n=4 m=8 vals=[{0:7,4:2,5:6,6:10},{1:2,4:4,5:7,7:10},{2:2,6:4,7:3},{3:2,6:3,7:4}]
k4_certs_4_n4_2.json.gz#243 keys_distinct_g n=4 m=8 vals=[{0:3,4:4,5:10,6:8},{1:3,4:4,6:8,7:2},{2:3,5:4,7:2},{3:2,6:4,7:3}]
k4_certs_4_n4_2.json.gz#243 keys_distinct_g n=4 m=8 vals=[{0:2,4:7,5:6,6:10},{1:6,4:2,6:10,7:7},{2:3,5:2,7:4},{3:2,6:3,7:4}]
k4_certs_4_n4_2.json.gz#240 keys_distinct_g n=4 m=8 vals=[{0:4,2:3,6:2,7:8},{1:2,3:7,6:4,7:8},{3:2,4:3,5:4},{4:2,5:4,7:3}]
k4_certs_4_n4_2.json.gz#240 keys_distinct_g n=4 m=8 vals=[{0:2,2:3,6:10,7:6},{1:2,3:5,6:8,7:4},{3:2,4:4,5:3},{4:4,5:3,7:2}]
k4_certs_4_n4_2.json.gz#247 keys_distinct_g n=4 m=8 vals=[{0:2,4:6,6:10,7:3},{1:3,4:2,6:6,7:10},{2:2,5:3,6:4},{3:3,5:2,7:4}]
k4_certs_4_n4_2.json.gz#247 keys_distinct_g n=4 m=8 vals=[{0:2,4:4,6:7,7:10},{1:4,4:3,6:8,7:2},{2:3,5:2,6:4},{3:3,5:2,7:4}]
k4_certs_4_n4_2.json.gz#245 keys_distinct_g n=4 m=8 vals=[{0:3,4:8,6:4,7:2},{1:2,4:8,6:5,7:4},{2:3,5:4,7:2},{3:2,5:4,7:3}]
k4_certs_4_n4_2.json.gz#245 keys_distinct_g n=4 m=8 vals=[{0:3,4:4,6:10,7:8},{1:4,4:2,6:8,7:3},{2:2,5:4,7:3},{3:3,5:4,7:2}]
k4_certs_4_n4_2.json.gz#246 keys_distinct_g n=4 m=8 vals=[{0:6,4:10,6:2,7:3},{1:3,4:4,7:2},{2:4,5:8,6:3,7:6},{3:3,5:4,7:2}]
k4_certs_4_n4_2.json.gz#246 keys_distinct_g n=4 m=8 vals=[{0:3,4:8,6:4,7:2},{1:2,4:4,7:3},{2:2,5:10,6:4,7:7},{3:3,5:4,7:2}]
k4_certs_4_n4_2.json.gz#250 keys_distinct_g n=4 m=8 vals=[{0:3,3:6,4:10,7:2},{1:2,3:4,6:8,7:5},{2:2,5:3,6:4},{4:4,5:2,7:3}]
k4_certs_4_n4_2.json.gz#250 keys_distinct_g n=4 m=8 vals=[{0:6,3:2,4:10,7:3},{1:7,3:2,6:10,7:6},{2:2,5:3,6:4},{4:4,5:2,7:3}]
k4_certs_4_n4_2.json.gz#252 keys_distinct_g n=4 m=8 vals=[{0:4,3:8,5:2,6:3},{1:4,4:10,5:3,7:8},{2:3,4:4,7:2},{3:4,6:3,7:2}]
k4_certs_4_n4_2.json.gz#252 keys_distinct_g n=4 m=8 vals=[{0:2,3:6,5:3,6:10},{1:6,4:10,5:3,7:2},{2:2,4:4,7:3},{3:3,6:4,7:2}]
k4_certs_4_n4_2.json.gz#253 keys_distinct_g n=4 m=8 vals=[{0:2,3:5,5:4,7:8},{1:2,4:10,5:7,6:6},{2:3,4:4,7:2},{3:2,6:3,7:4}]
k4_certs_4_n4_2.json.gz#253 keys_distinct_g n=4 m=8 vals=[{0:2,3:8,5:5,7:4},{1:2,4:8,5:4,6:5},{2:3,4:4,7:2},{3:4,6:3,7:2}]
k4_certs_4_n4_2.json.gz#254 keys_distinct_g n=4 m=8 vals=[{0:3,3:4,7:2},{1:3,4:8,5:4,6:2},{2:3,4:8,5:4,7:6},{3:4,6:3,7:2}]
k4_certs_4_n4_2.json.gz#254 keys_distinct_g n=4 m=8 vals=[{0:3,3:4,7:2},{1:6,4:10,5:3,6:2},{2:4,4:8,5:3,7:6},{3:4,6:2,7:3}]
k4_certs_4_n4_2.json.gz#258 keys_distinct_g n=4 m=8 vals=[{0:3,3:2,4:6,7:10},{1:2,5:4,6:3},{2:3,5:4,7:2},{3:2,4:4,6:7,7:10}]
k4_certs_4_n4_2.json.gz#258 keys_distinct_g n=4 m=8 vals=[{0:2,3:3,4:4,7:8},{1:2,5:3,6:4},{2:2,5:3,7:4},{3:2,4:6,6:10,7:3}]
k4_certs_4_n4_2.json.gz#261 keys_distinct_g n=4 m=8 vals=[{0:3,3:2,5:8,7:4},{1:2,4:3,7:4},{2:3,6:2,7:4},{3:2,4:4,5:8,6:5}]
k4_certs_4_n4_2.json.gz#261 keys_distinct_g n=4 m=8 vals=[{0:3,3:4,5:2,7:8},{1:3,4:2,7:4},{2:3,6:4,7:2},{3:4,4:8,5:3,6:10}]
k4_certs_4_n4_2.json.gz#262 keys_distinct_g n=4 m=8 vals=[{0:2,3:3,6:6,7:10},{1:1,4:4,6:6,7:8},{2:3,5:4,7:2},{3:3,4:2,5:4}]
k4_certs_4_n4_2.json.gz#262 keys_distinct_g n=4 m=8 vals=[{0:2,3:4,6:5,7:8},{1:2,4:10,6:3,7:6},{2:2,5:3,7:4},{3:3,4:4,5:2}]
k4_certs_4_n4_2.json.gz#260 keys_distinct_g n=4 m=8 vals=[{0:6,3:10,4:2,5:3},{1:2,6:4,7:3},{2:3,6:4,7:2},{3:8,4:3,5:4,7:6}]
k4_certs_4_n4_2.json.gz#260 keys_distinct_g n=4 m=8 vals=[{0:2,3:6,4:10,5:3},{1:2,6:4,7:3},{2:3,6:4,7:2},{3:4,4:10,5:2,7:7}]
k4_certs_4_n4_2.json.gz#268 keys_distinct_g n=4 m=8 vals=[{0:3,2:2,3:4,6:8},{1:2,6:4,7:3},{2:3,3:6,4:2,5:10},{4:2,5:4,7:3}]
k4_certs_4_n4_2.json.gz#268 keys_distinct_g n=4 m=8 vals=[{0:3,2:6,3:2,6:10},{1:3,6:4,7:2},{2:3,3:2,4:10,5:6},{4:4,5:2,7:3}]
k4_certs_4_n4_2.json.gz#267 keys_distinct_g n=4 m=8 vals=[{0:6,2:2,3:10,6:3},{1:2,4:10,5:3,6:6},{2:2,3:4,7:3},{4:4,5:2,7:3}]
k4_certs_4_n4_2.json.gz#267 keys_distinct_g n=4 m=8 vals=[{0:3,2:8,3:4,6:2},{1:2,4:3,5:10,6:6},{2:4,3:2,7:3},{4:2,5:4,7:3}]
k4_certs_4_n4_2.json.gz#271 keys_distinct_g n=4 m=8 vals=[{0:2,2:3,4:4,6:8},{1:2,3:4,7:3},{2:6,3:10,4:3,5:2},{5:3,6:4,7:2}]
k4_certs_4_n4_2.json.gz#271 keys_distinct_g n=4 m=8 vals=[{0:4,2:8,4:2,6:3},{1:2,3:3,7:4},{2:10,3:7,4:2,5:4},{5:2,6:3,7:4}]
k4_certs_4_n4_2.json.gz#272 keys_distinct_g n=4 m=8 vals=[{0:6,2:8,4:10,6:3},{1:6,3:10,5:3,6:2},{2:2,3:4,7:3},{4:4,5:2,7:3}]
k4_certs_4_n4_2.json.gz#272 keys_distinct_g n=4 m=8 vals=[{0:4,2:8,4:2,6:3},{1:3,3:8,5:10,6:6},{2:4,3:3,7:2},{4:3,5:4,7:2}]
k4_certs_4_n4_2.json.gz#273 keys_distinct_g n=4 m=8 vals=[{0:2,2:8,5:3,6:4},{1:2,4:10,5:6,6:3},{2:4,3:2,7:3},{3:2,4:4,7:3}]
k4_certs_4_n4_2.json.gz#277 keys_distinct_g n=4 m=9 vals=[{0:6,2:2,4:3,5:10},{1:2,3:4,6:8,7:3},{4:2,5:4,8:3},{6:4,7:3,8:2}]
k4_certs_4_n4_2.json.gz#277 keys_distinct_g n=4 m=9 vals=[{0:2,2:6,4:10,5:3},{1:4,3:3,6:2,7:8},{4:4,5:3,8:2},{6:2,7:4,8:3}]
k4_certs_4_n4_2.json.gz#278 keys_distinct_g n=4 m=9 vals=[{0:4,2:2,4:5,6:8},{1:6,3:3,5:10,7:2},{4:3,5:4,8:2},{6:4,7:3,8:2}]
k4_certs_4_n4_2.json.gz#278 keys_distinct_g n=4 m=9 vals=[{0:2,2:4,4:7,6:8},{1:2,3:4,5:8,7:3},{4:2,5:4,8:3},{6:4,7:3,8:2}]
k4_certs_4_n4_2.json.gz#279 keys_distinct_g n=4 m=9 vals=[{0:4,2:3,4:8,7:2},{1:2,3:4,6:8,7:3},{4:4,5:3,8:2},{5:2,6:4,8:3}]
k4_certs_4_n4_2.json.gz#279 keys_distinct_g n=4 m=9 vals=[{0:6,2:3,4:10,7:2},{1:3,3:6,6:10,7:2},{4:4,5:3,8:2},{5:3,6:4,8:2}]
k4_certs_4_n4_2.json.gz#280 keys_distinct_g n=4 m=9 vals=[{0:1,2:4,5:8,7:6},{1:4,4:3,6:8,8:2},{3:3,5:4,8:2},{6:4,7:2,8:3}]
k4_certs_4_n4_2.json.gz#280 keys_distinct_g n=4 m=9 vals=[{0:2,2:7,5:6,7:10},{1:4,4:2,6:3,8:8},{3:2,5:3,8:4},{6:3,7:4,8:2}]
k4_certs_4_n4_2.json.gz#282 keys_distinct_g n=4 m=9 vals=[{0:7,2:2,5:10,8:4},{1:2,4:3,7:4,8:8},{3:2,5:4,6:3},{6:3,7:2,8:4}]
k4_certs_4_n4_2.json.gz#282 keys_distinct_g n=4 m=9 vals=[{0:1,2:4,5:8,8:6},{1:3,4:6,7:2,8:10},{3:3,5:4,6:2},{6:2,7:3,8:4}]
k4_certs_4_n4_2.json.gz#282 FAIL_glob_r,lamU n=4 m=9 vals=[{0:2,2:7,5:6,8:10},{1:3,4:4,7:2,8:8},{3:3,5:4,6:2},{6:2,7:3,8:4}]
k4_certs_4_n4_2.json.gz#282 FAIL_glob_r,lamU n=4 m=9 vals=[{0:4,2:3,5:2,8:8},{1:6,4:3,7:2,8:10},{3:3,5:4,6:2},{6:3,7:2,8:4}]
k4_certs_4_n4_2.json.gz#281 keys_distinct_g n=4 m=9 vals=[{0:5,2:2,5:8,8:4},{1:6,4:3,6:10,7:2},{3:3,5:4,8:2},{6:4,7:3,8:2}]
k4_certs_4_n4_2.json.gz#281 keys_distinct_g n=4 m=9 vals=[{0:1,2:6,5:8,8:4},{1:3,4:6,6:10,7:2},{3:2,5:4,8:3},{6:4,7:3,8:2}]
k4_certs_4_n4_2.json.gz#284 FAIL_glob_r,lamU n=4 m=9 vals=[{0:2,2:4,6:5,8:8},{1:2,4:4,7:3,8:8},{3:2,5:3,8:4},{5:2,6:4,7:3}]
k4_certs_4_n4_2.json.gz#284 FAIL_glob_r,lamU n=4 m=9 vals=[{0:3,2:6,6:2,8:10},{1:6,4:3,7:2,8:10},{3:2,5:3,8:4},{5:2,6:3,7:4}]
k4_certs_4_n4_2.json.gz#284 keys_distinct_g n=4 m=9 vals=[{0:4,2:3,6:8,8:2},{1:4,4:2,7:5,8:8},{3:3,5:2,8:4},{5:2,6:4,7:3}]
k4_certs_4_n4_2.json.gz#284 keys_distinct_g n=4 m=9 vals=[{0:3,2:6,6:10,8:2},{1:2,4:4,7:5,8:8},{3:3,5:2,8:4},{5:3,6:4,7:2}]
k4_certs_4_n4_2.json.gz#283 keys_distinct_g n=4 m=9 vals=[{0:6,2:3,6:10,7:2},{1:2,4:4,6:8,8:5},{3:3,5:4,8:2},{5:4,7:2,8:3}]
k4_certs_4_n4_2.json.gz#283 keys_distinct_g n=4 m=9 vals=[{0:2,2:4,6:8,7:3},{1:4,4:2,6:10,8:7},{3:3,5:4,8:2},{5:4,7:2,8:3}]
k4_certs_4_n4_2.json.gz#287 keys_distinct_g n=4 m=9 vals=[{0:5,2:2,6:8,8:4},{1:1,5:6,7:8,8:4},{3:3,6:4,8:2},{4:2,7:4,8:3}]
k4_certs_4_n4_2.json.gz#287 FAIL_glob_r,lamU n=4 m=9 vals=[{0:3,2:4,6:2,8:8},{1:3,5:6,7:8,8:10},{3:2,6:3,8:4},{4:2,7:4,8:3}]
k4_certs_4_n4_2.json.gz#287 keys_distinct_g n=4 m=9 vals=[{0:2,2:6,6:10,8:7},{1:7,5:2,7:10,8:4},{3:3,6:4,8:2},{4:3,7:4,8:2}]
k4_certs_4_n4_2.json.gz#287 FAIL_glob_r,lamU n=4 m=9 vals=[{0:2,2:4,6:5,8:8},{1:4,5:3,7:2,8:8},{3:3,6:4,8:2},{4:3,7:2,8:4}]
k4_certs_4_n4_2.json.gz#288 keys_distinct_g n=4 m=9 vals=[{0:1,2:6,6:8,7:4},{1:7,5:2,7:10,8:6},{3:3,6:4,8:2},{4:3,7:4,8:2}]
k4_certs_4_n4_2.json.gz#288 keys_distinct_g n=4 m=9 vals=[{0:5,2:2,6:8,7:4},{1:6,5:3,7:10,8:8},{3:3,6:4,8:2},{4:2,7:4,8:3}]
k4_certs_4_n4_2.json.gz#288 FAIL_glob_r,lamU n=4 m=9 vals=[{0:3,2:4,6:2,7:8},{1:3,5:6,7:10,8:2},{3:4,6:3,8:2},{4:2,7:4,8:3}]
k4_certs_4_n4_2.json.gz#286 keys_distinct_g n=4 m=9 vals=[{0:4,2:2,6:8,7:5},{1:6,5:2,6:10,8:3},{3:3,7:2,8:4},{4:3,7:2,8:4}]
k4_certs_4_n4_2.json.gz#286 keys_distinct_g n=4 m=9 vals=[{0:4,2:2,6:8,7:5},{1:2,5:5,6:8,8:4},{3:3,7:2,8:4},{4:2,7:3,8:4}]
k4_certs_4_n4_2.json.gz#292 keys_distinct_g n=4 m=9 vals=[{0:3,2:2,5:4,8:8},{1:7,5:2,7:4,8:10},{3:2,6:4,7:3},{4:3,6:4,8:2}]
k4_certs_4_n4_2.json.gz#292 keys_distinct_g n=4 m=9 vals=[{0:4,2:2,5:3,8:8},{1:2,5:7,7:6,8:10},{3:3,6:4,7:2},{4:3,6:4,8:2}]
k4_certs_4_n4_2.json.gz#292 FAIL_glob_r,lamU n=4 m=9 vals=[{0:3,2:6,5:2,8:10},{1:3,5:4,7:2,8:8},{3:3,6:2,7:4},{4:2,6:3,8:4}]
k4_certs_4_n4_2.json.gz#290 keys_distinct_g n=4 m=9 vals=[{0:3,2:6,7:8,8:10},{1:6,5:2,7:10,8:7},{3:3,6:2,7:4},{4:3,6:2,8:4}]
k4_certs_4_n4_2.json.gz#290 keys_distinct_g n=4 m=9 vals=[{0:3,2:2,7:4,8:8},{1:5,5:2,7:8,8:4},{3:2,6:3,7:4},{4:2,6:3,8:4}]
k4_certs_4_n4_2.json.gz#290 FAIL_glob_r,lamU n=4 m=9 vals=[{0:5,2:2,7:4,8:8},{1:7,5:2,7:6,8:10},{3:3,6:2,7:4},{4:2,6:3,8:4}]
k4_certs_4_n4_2.json.gz#290 FAIL_glob_r,lamU n=4 m=9 vals=[{0:2,2:3,7:4,8:8},{1:4,5:2,7:3,8:8},{3:3,6:2,7:4},{4:3,6:2,8:4}]
k4_certs_4_n4_2.json.gz#291 keys_distinct_g n=4 m=9 vals=[{0:2,2:6,5:10,6:3},{1:3,5:10,6:6,8:8},{3:3,7:4,8:2},{4:3,7:4,8:2}]
k4_certs_4_n4_2.json.gz#291 keys_distinct_g n=4 m=9 vals=[{0:3,2:2,5:8,6:4},{1:2,5:10,6:6,8:7},{3:3,7:4,8:2},{4:2,7:4,8:3}]
k4_certs_4_n4_2.json.gz#294 FAIL_glob_r,lamU n=4 m=9 vals=[{0:3,2:6,5:2,8:10},{1:2,5:3,8:4},{3:4,6:2,7:3,8:8},{4:4,6:2,7:3}]
k4_certs_4_n4_2.json.gz#293 FAIL_glob_r,lamU n=4 m=9 vals=[{0:3,2:2,5:4,8:8},{1:3,5:4,7:2},{3:4,6:2,7:3,8:8},{4:3,6:2,8:4}]
k4_certs_4_n4_2.json.gz#289 keys_distinct_g n=4 m=9 vals=[{0:2,2:4,7:10,8:7},{1:6,5:3,7:10,8:8},{3:3,6:4,8:2},{4:2,6:4,8:3}]
k4_certs_4_n4_2.json.gz#289 keys_distinct_g n=4 m=9 vals=[{0:2,2:3,7:8,8:4},{1:4,5:3,7:10,8:8},{3:2,6:4,8:3},{4:3,6:4,8:2}]
k4_certs_4_n4_2.json.gz#296 keys_distinct_g n=4 m=9 vals=[{0:3,2:2,6:4,8:8},{1:4,5:10,6:2,7:7},{3:3,5:4,8:2},{4:2,7:3,8:4}]
k4_certs_4_n4_2.json.gz#296 keys_distinct_g n=4 m=9 vals=[{0:3,2:6,6:2,8:10},{1:2,5:8,6:4,7:7},{3:3,5:4,8:2},{4:3,7:2,8:4}]
k4_certs_4_n4_2.json.gz#295 keys_distinct_g n=4 m=9 vals=[{0:3,2:6,6:2,7:10},{1:3,5:10,6:6,8:2},{3:3,5:4,8:2},{4:2,7:4,8:3}]
k4_certs_4_n4_2.json.gz#295 keys_distinct_g n=4 m=9 vals=[{0:3,2:2,6:4,7:8},{1:2,5:8,6:4,8:5},{3:3,5:4,8:2},{4:3,7:4,8:2}]
k4_certs_4_n4_2.json.gz#297 keys_distinct_g n=4 m=9 vals=[{0:3,2:2,4:6,5:10},{1:3,4:6,6:2,7:10},{3:3,5:4,8:2},{6:3,7:4,8:2}]
k4_certs_4_n4_2.json.gz#301 keys_distinct_g n=4 m=9 vals=[{0:6,2:2,5:10,7:3},{1:1,4:6,5:8,6:4},{3:2,4:3,8:4},{6:2,7:3,8:4}]
k4_certs_4_n4_2.json.gz#301 keys_distinct_g n=4 m=9 vals=[{0:2,2:3,5:8,7:4},{1:2,4:4,5:10,6:7},{3:3,4:2,8:4},{6:2,7:3,8:4}]
k4_certs_4_n4_2.json.gz#303 keys_distinct_g n=4 m=9 vals=[{0:2,2:3,5:6,6:10},{1:3,4:2,8:4},{3:2,7:3,8:4},{4:4,5:1,6:8,7:6}]
k4_certs_4_n4_2.json.gz#303 keys_distinct_g n=4 m=9 vals=[{0:2,2:3,5:8,6:4},{1:3,4:2,8:4},{3:2,7:3,8:4},{4:6,5:10,6:2,7:7}]
k4_certs_4_n4_2.json.gz#306 keys_distinct_g n=4 m=9 vals=[{0:2,4:10,6:6,7:3},{1:2,4:4,8:3},{2:2,5:10,6:3,7:6},{3:2,5:4,8:3}]
k4_certs_4_n4_2.json.gz#306 keys_distinct_g n=4 m=9 vals=[{0:2,4:10,6:3,7:6},{1:2,4:4,8:3},{2:2,5:10,6:3,7:6},{3:2,5:4,8:3}]
k4_certs_4_n4_2.json.gz#308 FAIL_glob_r,lamU n=4 m=10 vals=[{0:3,2:4,6:2,8:8},{1:6,5:3,7:2,8:10},{3:4,6:2,9:3},{4:3,7:2,9:4}]
k4_certs_4_n4_2.json.gz#308 keys_distinct_g n=4 m=10 vals=[{0:6,2:3,6:10,8:2},{1:3,5:2,7:10,8:6},{3:2,6:4,9:3},{4:3,7:4,9:2}]
k4_certs_4_n4_2.json.gz#308 keys_distinct_g n=4 m=10 vals=[{0:3,2:2,6:10,8:6},{1:6,5:2,7:10,8:3},{3:3,6:4,9:2},{4:3,7:4,9:2}]
k4_certs_4_n4_2.json.gz#308 FAIL_glob_r,lamU n=4 m=10 vals=[{0:3,2:6,6:2,8:10},{1:3,5:4,7:2,8:8},{3:3,6:4,9:2},{4:3,7:2,9:4}]
k4_certs_4_n4_3.json.gz#137 keys_distinct_g n=4 m=8 vals=[{0:2,1:4,2:3,3:8},{2:2,3:10,6:6,7:7},{4:7,5:10,6:4,7:2},{4:2,5:4,7:3}]
k4_certs_4_n4_3.json.gz#137 keys_distinct_g n=4 m=8 vals=[{0:2,1:3,2:10,3:6},{2:8,3:2,6:4,7:5},{4:6,5:8,6:1,7:4},{4:3,5:4,7:2}]
k4_certs_4_n4_3.json.gz#139 keys_distinct_g n=4 m=8 vals=[{0:5,1:2,2:8,7:4},{2:8,4:4,5:2,6:3},{3:10,4:4,5:2,7:7},{3:4,6:3,7:2}]
k4_certs_4_n4_3.json.gz#139 keys_distinct_g n=4 m=8 vals=[{0:3,1:4,2:2,7:8},{2:3,4:8,5:4,6:2},{3:8,4:10,5:3,7:6},{3:2,6:3,7:4}]
k4_certs_4_n4_3.json.gz#139 amax_ndx2 n=4 m=8 vals=[{0:6,1:2,2:3,7:10},{2:4,4:2,5:8,6:3},{3:7,4:3,5:6,7:5},{3:4,6:3,7:2}]
k4_certs_4_n4_3.json.gz#138 keys_distinct_g n=4 m=8 vals=[{0:3,1:2,2:4,3:8},{2:2,3:4,7:3},{4:3,5:8,6:2,7:4},{4:2,5:10,6:7,7:6}]
k4_certs_4_n4_3.json.gz#138 keys_distinct_g n=4 m=8 vals=[{0:4,1:3,2:2,3:8},{2:2,3:4,7:3},{4:2,5:10,6:7,7:6},{4:4,5:10,6:3,7:8}]
k4_certs_4_n4_3.json.gz#140 keys_distinct_g n=4 m=8 vals=[{0:2,1:4,2:8,7:7},{2:8,4:4,5:2,7:3},{3:10,4:3,5:6,6:2},{3:4,6:2,7:3}]
k4_certs_4_n4_3.json.gz#140 keys_distinct_g n=4 m=8 vals=[{0:2,1:4,2:3,7:8},{2:7,4:10,5:2,7:4},{3:8,4:10,5:3,6:6},{3:3,6:2,7:4}]
k4_certs_4_n4_3.json.gz#141 keys_distinct_g n=4 m=8 vals=[{0:2,1:7,3:10,4:6},{2:1,3:8,6:6,7:4},{2:2,5:3,6:6,7:10},{4:3,5:2,7:4}]
k4_certs_4_n4_3.json.gz#141 keys_distinct_g n=4 m=8 vals=[{0:3,1:6,3:10,4:2},{2:3,3:10,6:6,7:8},{2:4,5:10,6:7,7:2},{4:2,5:4,7:3}]
k4_certs_4_n4_3.json.gz#142 keys_distinct_g n=4 m=8 vals=[{0:3,1:6,3:2,4:10},{2:7,3:6,6:5,7:3},{2:4,5:2,7:3},{4:8,5:1,6:6,7:4}]
k4_certs_4_n4_3.json.gz#142 keys_distinct_g n=4 m=8 vals=[{0:3,1:4,3:2,4:8},{2:6,3:2,6:7,7:10},{2:2,5:3,7:4},{4:8,5:6,6:4,7:3}]
k4_certs_4_n4_3.json.gz#142 amax_ndx2 n=4 m=8 vals=[{0:2,1:6,3:3,4:10},{2:6,3:3,6:2,7:10},{2:2,5:4,7:3},{4:7,5:5,6:3,7:6}]
k4_certs_4_n4_3.json.gz#142 amax_ndx2 n=4 m=8 vals=[{0:4,1:2,3:8,4:3},{2:5,3:8,6:4,7:6},{2:4,5:3,7:2},{4:6,5:2,6:3,7:10}]
k4_certs_4_n4_3.json.gz#143 amax_ndx2 n=4 m=8 vals=[{0:4,1:3,3:2,7:8},{2:8,3:3,4:2,7:4},{2:5,5:3,6:6,7:7},{4:3,5:2,6:4}]
k4_certs_4_n4_3.json.gz#143 keys_distinct_g n=4 m=8 vals=[{0:3,1:6,3:2,7:10},{2:7,3:2,4:8,7:4},{2:7,5:2,6:6,7:10},{4:4,5:3,6:2}]
k4_certs_4_n4_3.json.gz#143 keys_distinct_g n=4 m=8 vals=[{0:3,1:2,3:6,7:10},{2:6,3:1,4:4,7:8},{2:6,5:2,6:10,7:7},{4:2,5:3,6:4}]
k4_certs_4_n4_3.json.gz#144 keys_distinct_g n=4 m=8 vals=[{0:2,1:5,3:8,7:4},{2:2,3:4,4:3},{2:2,5:4,6:3,7:8},{4:6,5:4,6:1,7:8}]
k4_certs_4_n4_3.json.gz#144 keys_distinct_g n=4 m=8 vals=[{0:2,1:4,3:5,7:8},{2:4,3:2,4:3},{2:10,5:6,6:2,7:7},{4:4,5:6,6:1,7:8}]
k4_certs_4_n4_3.json.gz#144 amax_ndx2 n=4 m=8 vals=[{0:2,1:4,3:3,7:8},{2:4,3:3,4:2},{2:6,5:5,6:4,7:8},{4:4,5:6,6:3,7:8}]
k4_certs_4_n4_3.json.gz#145 keys_distinct_g n=4 m=8 vals=[{0:2,1:4,6:3,7:8},{2:4,3:2,4:8,5:7},{2:1,3:6,4:8,7:4},{5:2,6:3,7:4}]
k4_certs_4_n4_3.json.gz#145 keys_distinct_g n=4 m=8 vals=[{0:3,1:6,6:10,7:8},{2:3,3:10,4:2,5:6},{2:1,3:8,4:4,7:6},{5:3,6:4,7:2}]
k4_certs_4_n4_3.json.gz#146 keys_distinct_g n=4 m=8 vals=[{0:2,2:6,4:10,7:3},{1:3,3:4,6:8,7:6},{4:8,5:4,6:1,7:6},{5:2,6:4,7:3}]
k4_certs_4_n4_3.json.gz#146 keys_distinct_g n=4 m=8 vals=[{0:6,2:1,4:8,7:4},{1:5,3:2,6:8,7:4},{4:10,5:4,6:2,7:7},{5:2,6:4,7:3}]
k4_certs_4_n4_3.json.gz#146 amax_not_cert2 n=4 m=8 vals=[{0:4,2:2,4:10,7:7},{1:3,3:4,6:8,7:10},{4:10,5:7,6:2,7:6},{5:2,6:4,7:3}]
k4_certs_4_n4_3.json.gz#146 amax_not_cert2 n=4 m=8 vals=[{0:4,2:2,4:10,7:7},{1:3,3:4,6:8,7:10},{4:10,5:7,6:2,7:6},{5:2,6:4,7:3}]
k4_certs_4_n4_3.json.gz#146 prof_cert n=4 m=8 vals=[{0:4,2:3,4:10,7:8},{1:1,3:4,6:6,7:8},{4:8,5:6,6:4,7:3},{5:2,6:3,7:4}]
k4_certs_4_n4_3.json.gz#146 prof_cert2 n=4 m=8 vals=[{0:4,2:3,4:10,7:8},{1:1,3:4,6:6,7:8},{4:8,5:6,6:4,7:3},{5:2,6:3,7:4}]
k4_certs_4_n4_3.json.gz#146 prof_cert n=4 m=8 vals=[{0:2,2:4,4:8,7:7},{1:2,3:3,6:10,7:6},{4:8,5:5,6:2,7:4},{5:3,6:2,7:4}]
k4_certs_4_n4_3.json.gz#146 prof_cert2 n=4 m=8 vals=[{0:2,2:4,4:8,7:7},{1:2,3:3,6:10,7:6},{4:8,5:5,6:2,7:4},{5:3,6:2,7:4}]
k4_certs_4_n4_3.json.gz#147 keys_distinct_g n=4 m=8 vals=[{0:4,2:3,4:8,5:6},{1:4,3:3,6:2,7:8},{4:10,5:6,6:3,7:2},{5:3,6:2,7:4}]
k4_certs_4_n4_3.json.gz#147 prof_cert n=4 m=8 vals=[{0:2,2:4,4:8,5:7},{1:4,3:2,6:8,7:7},{4:10,5:6,6:3,7:8},{5:4,6:3,7:2}]
k4_certs_4_n4_3.json.gz#147 prof_cert2 n=4 m=8 vals=[{0:2,2:4,4:8,5:7},{1:4,3:2,6:8,7:7},{4:10,5:6,6:3,7:8},{5:4,6:3,7:2}]
k4_certs_4_n4_3.json.gz#147 amax_not_cert2 n=4 m=8 vals=[{0:2,2:4,4:8,5:7},{1:4,3:2,6:8,7:7},{4:10,5:6,6:3,7:8},{5:4,6:3,7:2}]
k4_certs_4_n4_3.json.gz#147 amax_not_cert2 n=4 m=8 vals=[{0:2,2:4,4:8,5:7},{1:4,3:2,6:8,7:7},{4:10,5:6,6:3,7:8},{5:4,6:3,7:2}]
k4_certs_4_n4_3.json.gz#147 keys_distinct_g n=4 m=8 vals=[{0:3,2:2,4:4,5:8},{1:3,3:6,6:8,7:10},{4:6,5:7,6:3,7:5},{5:3,6:2,7:4}]
k4_certs_4_n4_3.json.gz#147 amax_ndx2 n=4 m=8 vals=[{0:3,2:6,4:2,5:10},{1:7,3:2,6:10,7:4},{4:6,5:4,6:8,7:5},{5:2,6:3,7:4}]
k4_certs_4_n4_3.json.gz#147 amax_ndx2 n=4 m=8 vals=[{0:6,2:3,4:2,5:10},{1:3,3:4,6:8,7:2},{4:5,5:7,6:6,7:3},{5:3,6:2,7:4}]
k4_certs_4_n4_3.json.gz#147 prof_cert n=4 m=8 vals=[{0:4,2:2,4:5,5:8},{1:3,3:4,6:8,7:10},{4:6,5:7,6:2,7:10},{5:3,6:4,7:2}]
k4_certs_4_n4_3.json.gz#147 prof_cert2 n=4 m=8 vals=[{0:4,2:2,4:5,5:8},{1:3,3:4,6:8,7:10},{4:6,5:7,6:2,7:10},{5:3,6:4,7:2}]
k4_certs_4_n4_3.json.gz#148 keys_distinct_g n=4 m=8 vals=[{0:2,2:4,6:8,7:7},{1:3,3:6,6:10,7:8},{4:6,5:10,6:3,7:8},{4:3,5:4,7:2}]
k4_certs_4_n4_3.json.gz#148 keys_distinct_g n=4 m=8 vals=[{0:2,2:7,6:10,7:6},{1:2,3:6,6:10,7:7},{4:6,5:10,6:3,7:8},{4:3,5:4,7:2}]
k4_certs_4_n4_3.json.gz#148 amax_not_cert2 n=4 m=8 vals=[{0:1,2:4,6:8,7:6},{1:6,3:2,6:3,7:10},{4:2,5:7,6:10,7:6},{4:4,5:2,7:3}]
k4_certs_4_n4_3.json.gz#148 amax_not_cert2 n=4 m=8 vals=[{0:1,2:4,6:8,7:6},{1:6,3:2,6:3,7:10},{4:2,5:7,6:10,7:6},{4:4,5:2,7:3}]
k4_certs_4_n4_3.json.gz#149 keys_distinct_g n=4 m=8 vals=[{0:4,2:2,5:8,6:5},{1:4,3:2,5:8,7:5},{4:6,5:3,6:4,7:8},{4:2,6:3,7:4}]
k4_certs_4_n4_3.json.gz#149 keys_distinct_g n=4 m=8 vals=[{0:2,2:6,5:7,6:10},{1:4,3:2,5:5,7:8},{4:6,5:4,6:5,7:8},{4:3,6:4,7:2}]
k4_certs_4_n4_3.json.gz#149 prof_cert n=4 m=8 vals=[{0:4,2:2,5:3,6:8},{1:4,3:2,5:8,7:7},{4:7,5:10,6:6,7:2},{4:2,6:3,7:4}]
k4_certs_4_n4_3.json.gz#149 amax_not_cert2 n=4 m=8 vals=[{0:4,2:2,5:3,6:8},{1:4,3:2,5:8,7:7},{4:7,5:10,6:6,7:2},{4:2,6:3,7:4}]
k4_certs_4_n4_3.json.gz#149 amax_not_cert2 n=4 m=8 vals=[{0:4,2:2,5:3,6:8},{1:4,3:2,5:8,7:7},{4:7,5:10,6:6,7:2},{4:2,6:3,7:4}]
k4_certs_4_n4_3.json.gz#149 prof_cert n=4 m=8 vals=[{0:3,2:4,5:10,6:8},{1:3,3:4,5:6,7:8},{4:8,5:10,6:3,7:6},{4:2,6:4,7:3}]
k4_certs_4_n4_3.json.gz#149 prof_cert2 n=4 m=8 vals=[{0:4,2:3,5:8,6:10},{1:4,3:3,5:10,7:8},{4:7,5:8,6:2,7:4},{4:3,6:4,7:2}]
k4_certs_4_n4_3.json.gz#152 amax_ndx2 n=4 m=8 vals=[{0:3,2:6,6:8,7:10},{1:4,5:8,6:6,7:1},{3:6,5:4,6:3,7:8},{4:3,6:4,7:2}]
k4_certs_4_n4_3.json.gz#152 keys_distinct_g n=4 m=8 vals=[{0:2,2:6,6:10,7:3},{1:2,5:8,6:3,7:4},{3:6,5:7,6:5,7:3},{4:2,6:4,7:3}]
k4_certs_4_n4_3.json.gz#152 keys_distinct_g n=4 m=8 vals=[{0:3,2:6,6:8,7:10},{1:6,5:8,6:3,7:4},{3:8,5:10,6:3,7:4},{4:2,6:3,7:4}]
k4_certs_4_n4_3.json.gz#152 amax_ndx2 n=4 m=8 vals=[{0:7,2:2,6:10,7:4},{1:5,5:7,6:6,7:3},{3:6,5:10,6:2,7:3},{4:3,6:2,7:4}]
k4_certs_4_n4_3.json.gz#152 amax_not_cert2 n=4 m=8 vals=[{0:3,2:6,6:8,7:10},{1:6,5:8,6:4,7:3},{3:3,5:7,6:6,7:5},{4:2,6:4,7:3}]
k4_certs_4_n4_3.json.gz#152 amax_not_cert2 n=4 m=8 vals=[{0:1,2:4,6:8,7:6},{1:6,5:7,6:5,7:3},{3:4,5:8,6:5,7:6},{4:2,6:4,7:3}]
k4_certs_4_n4_3.json.gz#150 amax_ndx2 n=4 m=8 vals=[{0:2,2:5,6:4,7:8},{1:5,4:2,6:8,7:4},{3:6,5:4,6:3,7:8},{5:4,6:2,7:3}]
k4_certs_4_n4_3.json.gz#150 keys_distinct_g n=4 m=8 vals=[{0:6,2:3,6:2,7:10},{1:3,4:4,6:8,7:10},{3:6,5:8,6:5,7:4},{5:4,6:2,7:3}]
k4_certs_4_n4_3.json.gz#150 amax_ndx2 n=4 m=8 vals=[{0:1,2:6,6:4,7:8},{1:4,4:2,6:7,7:10},{3:6,5:4,6:3,7:8},{5:4,6:3,7:2}]
k4_certs_4_n4_3.json.gz#150 keys_distinct_g n=4 m=8 vals=[{0:2,2:4,6:8,7:3},{1:6,4:1,6:8,7:4},{3:6,5:8,6:4,7:5},{5:4,6:2,7:3}]
k4_certs_4_n4_3.json.gz#151 keys_distinct_g n=4 m=8 vals=[{0:2,2:7,5:4,7:10},{1:2,4:3,6:10,7:6},{3:6,5:4,6:8,7:1},{5:3,6:2,7:4}]
k4_certs_4_n4_3.json.gz#151 amax_ndx2 n=4 m=8 vals=[{0:6,2:3,5:10,7:2},{1:4,4:3,6:6,7:8},{3:7,5:4,6:2,7:8},{5:3,6:4,7:2}]
k4_certs_4_n4_3.json.gz#151 keys_distinct_g n=4 m=8 vals=[{0:2,2:6,5:10,7:7},{1:3,4:4,6:8,7:6},{3:3,5:4,6:10,7:8},{5:4,6:3,7:2}]
k4_certs_4_n4_3.json.gz#151 amax_ndx2 n=4 m=8 vals=[{0:2,2:7,5:10,7:4},{1:3,4:4,6:8,7:6},{3:7,5:4,6:8,7:2},{5:3,6:2,7:4}]
k4_certs_4_n4_3.json.gz#151 amax_not_cert2 n=4 m=8 vals=[{0:2,2:4,5:10,7:7},{1:2,4:6,6:10,7:3},{3:3,5:6,6:7,7:5},{5:4,6:2,7:3}]
k4_certs_4_n4_3.json.gz#151 amax_not_cert2 n=4 m=8 vals=[{0:2,2:6,5:10,7:3},{1:2,4:4,6:10,7:7},{3:5,5:7,6:3,7:6},{5:2,6:4,7:3}]
k4_certs_4_n4_3.json.gz#153 keys_distinct_g n=4 m=8 vals=[{0:2,2:5,5:4,7:8},{1:7,5:10,6:6,7:2},{3:7,5:10,6:6,7:2},{4:3,6:2,7:4}]
k4_certs_4_n4_3.json.gz#153 amax_ndx2 n=4 m=8 vals=[{0:6,2:2,5:7,7:10},{1:5,5:7,6:3,7:6},{3:6,5:4,6:3,7:8},{4:2,6:3,7:4}]
k4_certs_4_n4_3.json.gz#153 keys_distinct_g n=4 m=8 vals=[{0:4,2:3,5:8,7:2},{1:6,5:8,6:4,7:5},{3:8,5:3,6:10,7:4},{4:2,6:4,7:3}]
k4_certs_4_n4_3.json.gz#153 amax_ndx2 n=4 m=8 vals=[{0:4,2:3,5:8,7:2},{1:6,5:8,6:4,7:5},{3:8,5:3,6:10,7:4},{4:2,6:4,7:3}]
k4_certs_4_n4_3.json.gz#153 amax_not_cert2 n=4 m=8 vals=[{0:3,2:4,5:10,7:8},{1:6,5:5,6:7,7:3},{3:3,5:10,6:8,7:6},{4:3,6:4,7:2}]
k4_certs_4_n4_3.json.gz#153 amax_not_cert2 n=4 m=8 vals=[{0:2,2:4,5:8,7:7},{1:3,5:5,6:7,7:6},{3:6,5:5,6:7,7:3},{4:2,6:3,7:4}]
k4_certs_4_n4_3.json.gz#155 amax_not_cert2 n=4 m=8 vals=[{0:4,2:1,4:8,7:6},{1:2,4:8,5:3,6:4},{3:3,5:6,6:8,7:10},{5:3,6:4,7:2}]
k4_certs_4_n4_3.json.gz#155 amax_ndx2 n=4 m=8 vals=[{0:2,2:6,4:10,7:3},{1:6,4:7,5:3,6:5},{3:4,5:7,6:10,7:2},{5:3,6:4,7:2}]
k4_certs_4_n4_3.json.gz#155 keys_distinct_g n=4 m=8 vals=[{0:7,2:2,4:10,7:4},{1:6,4:10,5:2,6:7},{3:3,5:4,6:2,7:8},{5:3,6:2,7:4}]
k4_certs_4_n4_3.json.gz#155 keys_distinct_g n=4 m=8 vals=[{0:6,2:2,4:10,7:7},{1:4,4:10,5:2,6:7},{3:1,5:8,6:6,7:4},{5:4,6:3,7:2}]
k4_certs_4_n4_3.json.gz#155 amax_ndx2 n=4 m=8 vals=[{0:4,2:3,4:8,7:2},{1:5,4:8,5:6,6:4},{3:2,5:8,6:5,7:4},{5:2,6:4,7:3}]
k4_certs_4_n4_3.json.gz#155 amax_not_cert2 n=4 m=8 vals=[{0:2,2:3,4:10,7:6},{1:4,4:8,5:6,6:5},{3:3,5:10,6:2,7:6},{5:3,6:4,7:2}]
k4_certs_4_n4_3.json.gz#154 amax_not_cert2 n=4 m=8 vals=[{0:3,2:2,4:10,7:6},{1:4,4:8,6:6,7:3},{3:6,5:4,6:8,7:3},{5:3,6:4,7:2}]
k4_certs_4_n4_3.json.gz#154 amax_not_cert2 n=4 m=8 vals=[{0:3,2:2,4:10,7:6},{1:4,4:8,6:6,7:3},{3:6,5:4,6:8,7:3},{5:3,6:4,7:2}]
k4_certs_4_n4_3.json.gz#154 amax_ndx2 n=4 m=8 vals=[{0:4,2:3,4:8,7:2},{1:6,4:5,6:7,7:3},{3:6,5:3,6:10,7:8},{5:3,6:2,7:4}]
k4_certs_4_n4_3.json.gz#154 amax_ndx2 n=4 m=8 vals=[{0:4,2:3,4:8,7:6},{1:3,4:6,6:5,7:7},{3:6,5:2,6:10,7:3},{5:3,6:2,7:4}]
k4_certs_4_n4_3.json.gz#154 keys_distinct_g n=4 m=8 vals=[{0:3,2:4,4:8,7:2},{1:6,4:8,6:4,7:5},{3:1,5:8,6:6,7:4},{5:4,6:2,7:3}]
k4_certs_4_n4_3.json.gz#154 keys_distinct_g n=4 m=8 vals=[{0:2,2:7,4:10,7:6},{1:7,4:8,6:4,7:2},{3:2,5:3,6:4,7:8},{5:2,6:3,7:4}]
k4_certs_4_n4_3.json.gz#157 keys_distinct_g n=4 m=8 vals=[{0:6,2:2,5:3,6:10},{1:4,4:8,5:1,7:6},{3:7,4:10,6:4,7:2},{5:2,6:4,7:3}]
k4_certs_4_n4_3.json.gz#157 keys_distinct_g n=4 m=8 vals=[{0:2,2:4,5:3,6:8},{1:6,4:8,5:3,7:4},{3:6,4:8,6:1,7:4},{5:3,6:4,7:2}]
k4_certs_4_n4_3.json.gz#157 amax_ndx2 n=4 m=8 vals=[{0:2,2:3,5:4,6:8},{1:5,4:4,5:2,7:8},{3:8,4:3,6:6,7:10},{5:3,6:2,7:4}]
k4_certs_4_n4_3.json.gz#157 amax_ndx2 n=4 m=8 vals=[{0:4,2:2,5:3,6:8},{1:2,4:8,5:4,7:3},{3:3,4:6,6:7,7:5},{5:3,6:2,7:4}]
k4_certs_4_n4_3.json.gz#157 amax_not_cert2 n=4 m=8 vals=[{0:2,2:3,5:8,6:4},{1:8,4:3,5:10,7:6},{3:3,4:8,6:4,7:10},{5:3,6:2,7:4}]
k4_certs_4_n4_3.json.gz#157 amax_not_cert2 n=4 m=8 vals=[{0:2,2:3,5:8,6:4},{1:8,4:3,5:10,7:6},{3:3,4:8,6:4,7:10},{5:3,6:2,7:4}]
k4_certs_4_n4_3.json.gz#156 keys_distinct_g n=4 m=8 vals=[{0:6,2:2,6:10,7:3},{1:7,4:10,5:4,7:2},{3:2,4:8,6:7,7:4},{5:2,6:4,7:3}]
k4_certs_4_n4_3.json.gz#156 keys_distinct_g n=4 m=8 vals=[{0:2,2:5,6:8,7:4},{1:4,4:7,5:2,7:10},{3:3,4:8,6:10,7:6},{5:3,6:2,7:4}]
k4_certs_4_n4_3.json.gz#156 amax_ndx2 n=4 m=8 vals=[{0:2,2:4,6:8,7:5},{1:4,4:8,5:2,7:3},{3:5,4:4,6:8,7:6},{5:2,6:3,7:4}]
k4_certs_4_n4_3.json.gz#156 amax_ndx2 n=4 m=8 vals=[{0:3,2:4,6:2,7:8},{1:6,4:4,5:3,7:8},{3:2,4:10,6:3,7:6},{5:4,6:3,7:2}]
k4_certs_4_n4_3.json.gz#156 amax_not_cert2 n=4 m=8 vals=[{0:4,2:2,6:5,7:8},{1:6,4:10,5:2,7:7},{3:5,4:8,6:4,7:6},{5:3,6:4,7:2}]
k4_certs_4_n4_3.json.gz#156 amax_not_cert2 n=4 m=8 vals=[{0:1,2:4,6:6,7:8},{1:4,4:8,5:2,7:3},{3:5,4:7,6:3,7:6},{5:2,6:4,7:3}]
k4_certs_4_n4_3.json.gz#158 amax_ndx2 n=4 m=8 vals=[{0:4,2:2,4:3,7:8},{1:4,5:10,6:7,7:2},{3:8,5:6,6:10,7:3},{4:3,6:4,7:2}]
k4_certs_4_n4_3.json.gz#158 amax_ndx2 n=4 m=8 vals=[{0:2,2:3,4:4,7:8},{1:6,5:5,6:3,7:7},{3:3,5:8,6:10,7:6},{4:2,6:4,7:3}]
k4_certs_4_n4_3.json.gz#158 keys_distinct_g n=4 m=8 vals=[{0:2,2:3,4:10,7:6},{1:2,5:8,6:4,7:7},{3:8,5:10,6:3,7:6},{4:4,6:2,7:3}]
k4_certs_4_n4_3.json.gz#158 keys_distinct_g n=4 m=8 vals=[{0:4,2:3,4:2,7:8},{1:6,5:4,6:8,7:1},{3:5,5:3,6:6,7:7},{4:2,6:4,7:3}]
k4_certs_4_n4_3.json.gz#158 amax_not_cert2 n=4 m=8 vals=[{0:3,2:4,4:2,7:8},{1:6,5:8,6:3,7:4},{3:6,5:8,6:3,7:4},{4:3,6:4,7:2}]
k4_certs_4_n4_3.json.gz#158 amax_not_cert2 n=4 m=8 vals=[{0:3,2:4,4:2,7:8},{1:6,5:8,6:3,7:4},{3:6,5:8,6:3,7:4},{4:3,6:4,7:2}]
k4_certs_4_n4_3.json.gz#158 prof_cert n=4 m=8 vals=[{0:2,2:4,4:8,7:7},{1:2,5:7,6:4,7:8},{3:1,5:4,6:6,7:8},{4:4,6:3,7:2}]
k4_certs_4_n4_3.json.gz#158 prof_cert2 n=4 m=8 vals=[{0:2,2:4,4:8,7:7},{1:2,5:7,6:4,7:8},{3:1,5:4,6:6,7:8},{4:4,6:3,7:2}]
k4_certs_4_n4_3.json.gz#158 prof_cert n=4 m=8 vals=[{0:4,2:2,4:5,7:8},{1:4,5:8,6:6,7:1},{3:3,5:8,6:4,7:2},{4:2,6:4,7:3}]
k4_certs_4_n4_3.json.gz#158 prof_cert2 n=4 m=8 vals=[{0:4,2:2,4:5,7:8},{1:4,5:8,6:6,7:1},{3:3,5:8,6:4,7:2},{4:2,6:4,7:3}]
k4_certs_4_n4_3.json.gz#159 amax_ndx2 n=4 m=8 vals=[{0:4,2:3,4:2,5:8},{1:6,5:3,6:8,7:10},{3:6,5:7,6:5,7:3},{4:3,6:4,7:2}]
k4_certs_4_n4_3.json.gz#159 amax_ndx2 n=4 m=8 vals=[{0:6,2:2,4:3,5:10},{1:8,5:3,6:10,7:6},{3:7,5:2,6:8,7:4},{4:3,6:2,7:4}]
k4_certs_4_n4_3.json.gz#159 keys_distinct_g n=4 m=8 vals=[{0:4,2:2,4:8,5:5},{1:6,5:8,6:4,7:5},{3:2,5:10,6:6,7:7},{4:4,6:2,7:3}]
k4_certs_4_n4_3.json.gz#159 keys_distinct_g n=4 m=8 vals=[{0:2,2:4,4:3,5:8},{1:7,5:8,6:4,7:2},{3:2,5:7,6:10,7:6},{4:3,6:4,7:2}]
k4_certs_4_n4_3.json.gz#159 amax_not_cert2 n=4 m=8 vals=[{0:6,2:3,4:2,5:10},{1:4,5:5,6:8,7:6},{3:6,5:3,6:8,7:4},{4:3,6:2,7:4}]
k4_certs_4_n4_3.json.gz#159 amax_not_cert2 n=4 m=8 vals=[{0:6,2:2,4:3,5:10},{1:6,5:5,6:7,7:3},{3:8,5:3,6:10,7:6},{4:2,6:3,7:4}]
k4_certs_4_n4_3.json.gz#160 keys_distinct_g n=4 m=8 vals=[{0:2,2:3,4:4,6:8},{1:4,5:2,6:8,7:5},{3:3,5:4,7:2},{4:2,5:8,6:5,7:4}]
k4_certs_4_n4_3.json.gz#160 keys_distinct_g n=4 m=8 vals=[{0:2,2:3,4:6,6:10},{1:2,5:7,6:4,7:8},{3:3,5:2,7:4},{4:4,5:6,6:8,7:5}]
k4_certs_4_n4_3.json.gz#160 amax_not_cert2 n=4 m=8 vals=[{0:5,2:2,4:4,6:8},{1:4,5:8,6:1,7:6},{3:2,5:4,7:3},{4:2,5:10,6:7,7:6}]
k4_certs_4_n4_3.json.gz#160 amax_ndx2 n=4 m=8 vals=[{0:3,2:4,4:2,6:8},{1:8,5:4,6:10,7:3},{3:2,5:4,7:3},{4:3,5:10,6:8,7:6}]
k4_certs_4_n4_3.json.gz#160 amax_ndx2 n=4 m=8 vals=[{0:3,2:6,4:2,6:10},{1:8,5:3,6:4,7:10},{3:2,5:4,7:3},{4:8,5:3,6:10,7:6}]
k4_certs_4_n4_3.json.gz#160 amax_not_cert2 n=4 m=8 vals=[{0:4,2:2,4:10,6:7},{1:4,5:8,6:3,7:6},{3:2,5:3,7:4},{4:6,5:5,6:3,7:7}]
k4_certs_4_n4_3.json.gz#160 prof_cert n=4 m=8 vals=[{0:4,2:3,4:6,6:8},{1:2,5:7,6:6,7:10},{3:2,5:3,7:4},{4:4,5:8,6:6,7:5}]
k4_certs_4_n4_3.json.gz#160 prof_cert2 n=4 m=8 vals=[{0:4,2:3,4:6,6:8},{1:2,5:7,6:6,7:10},{3:2,5:3,7:4},{4:4,5:8,6:6,7:5}]
k4_certs_4_n4_3.json.gz#161 keys_distinct_g n=4 m=8 vals=[{0:4,2:2,5:8,7:7},{1:2,4:4,6:8,7:7},{3:3,6:4,7:2},{4:4,5:8,6:3,7:2}]
k4_certs_4_n4_3.json.gz#161 keys_distinct_g n=4 m=8 vals=[{0:4,2:1,5:6,7:8},{1:6,4:3,6:10,7:8},{3:3,6:2,7:4},{4:4,5:6,6:8,7:1}]
k4_certs_4_n4_3.json.gz#161 amax_ndx2 n=4 m=8 vals=[{0:6,2:1,5:8,7:4},{1:4,4:2,6:7,7:8},{3:3,6:4,7:2},{4:6,5:7,6:5,7:3}]
k4_certs_4_n4_3.json.gz#161 amax_ndx2 n=4 m=8 vals=[{0:3,2:6,5:10,7:2},{1:5,4:8,6:4,7:2},{3:3,6:2,7:4},{4:5,5:8,6:6,7:4}]
k4_certs_4_n4_3.json.gz#161 amax_not_cert2 n=4 m=8 vals=[{0:3,2:4,5:8,7:10},{1:4,4:3,6:6,7:8},{3:3,6:4,7:2},{4:7,5:2,6:8,7:4}]
k4_certs_4_n4_3.json.gz#164 amax_not_cert2 n=4 m=8 vals=[{0:4,2:2,6:3,7:8},{1:5,4:8,6:4,7:2},{3:2,5:4,7:3},{4:6,5:8,6:4,7:5}]
k4_certs_4_n4_3.json.gz#164 keys_distinct_g n=4 m=8 vals=[{0:4,2:1,6:6,7:8},{1:6,4:2,6:10,7:7},{3:3,5:2,7:4},{4:4,5:8,6:10,7:3}]
k4_certs_4_n4_3.json.gz#164 keys_distinct_g n=4 m=8 vals=[{0:6,2:2,6:3,7:10},{1:2,4:10,6:7,7:6},{3:2,5:3,7:4},{4:10,5:6,6:8,7:3}]
k4_certs_4_n4_3.json.gz#164 amax_ndx2 n=4 m=8 vals=[{0:4,2:2,6:7,7:8},{1:4,4:3,6:10,7:8},{3:3,5:4,7:2},{4:4,5:8,6:6,7:5}]
k4_certs_4_n4_3.json.gz#164 amax_ndx2 n=4 m=8 vals=[{0:6,2:3,6:10,7:2},{1:4,4:2,6:5,7:8},{3:3,5:4,7:2},{4:5,5:7,6:3,7:6}]
k4_certs_4_n4_3.json.gz#163 amax_ndx2 n=4 m=8 vals=[{0:1,2:4,6:8,7:6},{1:6,4:2,6:3,7:10},{3:6,5:7,6:5,7:3},{4:3,5:4,7:2}]
k4_certs_4_n4_3.json.gz#163 keys_distinct_g n=4 m=8 vals=[{0:2,2:5,6:4,7:8},{1:3,4:10,6:8,7:6},{3:4,5:2,6:7,7:10},{4:4,5:3,7:2}]
k4_certs_4_n4_3.json.gz#163 keys_distinct_g n=4 m=8 vals=[{0:2,2:7,6:10,7:6},{1:3,4:6,6:2,7:10},{3:8,5:6,6:10,7:3},{4:2,5:3,7:4}]
k4_certs_4_n4_3.json.gz#163 amax_not_cert2 n=4 m=8 vals=[{0:2,2:7,6:4,7:10},{1:1,4:6,6:4,7:8},{3:3,5:10,6:4,7:8},{4:3,5:4,7:2}]
k4_certs_4_n4_3.json.gz#163 amax_ndx2 n=4 m=8 vals=[{0:3,2:4,6:8,7:2},{1:2,4:7,6:4,7:10},{3:6,5:5,6:3,7:7},{4:2,5:4,7:3}]
k4_certs_4_n4_3.json.gz#162 keys_distinct_g n=4 m=8 vals=[{0:2,2:4,6:3,7:8},{1:6,4:3,5:10,7:8},{3:2,6:3,7:4},{4:4,5:8,6:6,7:3}]
k4_certs_4_n4_3.json.gz#162 keys_distinct_g n=4 m=8 vals=[{0:3,2:2,6:10,7:6},{1:3,4:2,5:8,7:4},{3:3,6:4,7:2},{4:6,5:10,6:3,7:8}]
k4_certs_4_n4_3.json.gz#162 amax_not_cert2 n=4 m=8 vals=[{0:4,2:3,6:2,7:8},{1:8,4:4,5:10,7:3},{3:2,6:4,7:3},{4:5,5:6,6:7,7:3}]
k4_certs_4_n4_3.json.gz#162 amax_ndx2 n=4 m=8 vals=[{0:4,2:3,6:6,7:8},{1:6,4:4,5:8,7:1},{3:3,6:4,7:2},{4:6,5:5,6:8,7:4}]
k4_certs_4_n4_3.json.gz#162 amax_not_cert2 n=4 m=8 vals=[{0:1,2:6,6:4,7:8},{1:3,4:6,5:7,7:5},{3:2,6:4,7:3},{4:3,5:6,6:7,7:5}]
k4_certs_4_n4_3.json.gz#162 amax_ndx2 n=4 m=8 vals=[{0:4,2:3,6:8,7:10},{1:4,4:8,5:2,7:5},{3:3,6:4,7:2},{4:3,5:6,6:8,7:4}]
k4_certs_4_n4_3.json.gz#162 prof_cert n=4 m=8 vals=[{0:3,2:4,6:10,7:8},{1:3,4:6,5:5,7:7},{3:2,6:3,7:4},{4:5,5:6,6:8,7:4}]
k4_certs_4_n4_3.json.gz#162 prof_cert2 n=4 m=8 vals=[{0:3,2:4,6:10,7:8},{1:3,4:6,5:5,7:7},{3:2,6:3,7:4},{4:5,5:6,6:8,7:4}]
k4_certs_4_n4_3.json.gz#165 amax_ndx2 n=4 m=8 vals=[{0:2,2:4,5:7,7:8},{1:7,4:2,5:6,6:10},{3:8,5:4,6:3,7:10},{4:3,6:2,7:4}]
k4_certs_4_n4_3.json.gz#165 keys_distinct_g n=4 m=8 vals=[{0:3,2:2,5:10,7:6},{1:2,4:4,5:8,6:5},{3:7,5:2,6:4,7:8},{4:2,6:3,7:4}]
k4_certs_4_n4_3.json.gz#165 keys_distinct_g n=4 m=8 vals=[{0:5,2:2,5:8,7:4},{1:1,4:6,5:4,6:8},{3:8,5:10,6:6,7:3},{4:3,6:4,7:2}]
k4_certs_4_n4_3.json.gz#165 amax_ndx2 n=4 m=8 vals=[{0:3,2:6,5:2,7:10},{1:6,4:3,5:10,6:8},{3:5,5:4,6:6,7:8},{4:3,6:4,7:2}]
k4_certs_4_n4_3.json.gz#165 amax_not_cert2 n=4 m=8 vals=[{0:4,2:3,5:10,7:8},{1:4,4:2,5:8,6:5},{3:6,5:5,6:8,7:4},{4:3,6:4,7:2}]
k4_certs_4_n4_3.json.gz#166 amax_ndx2 n=4 m=8 vals=[{0:6,2:3,5:2,6:10},{1:3,4:2,7:4},{3:6,5:8,6:4,7:3},{4:5,5:6,6:7,7:3}]
k4_certs_4_n4_3.json.gz#166 amax_ndx2 n=4 m=8 vals=[{0:6,2:3,5:2,6:10},{1:3,4:4,7:2},{3:7,5:4,6:8,7:2},{4:6,5:4,6:8,7:5}]
k4_certs_4_n4_3.json.gz#166 keys_distinct_g n=4 m=8 vals=[{0:2,2:6,5:10,6:3},{1:3,4:2,7:4},{3:4,5:5,6:2,7:8},{4:3,5:7,6:5,7:6}]
k4_certs_4_n4_3.json.gz#166 keys_distinct_g n=4 m=8 vals=[{0:2,2:6,5:10,6:3},{1:3,4:2,7:4},{3:4,5:6,6:5,7:8},{4:6,5:8,6:3,7:4}]
k4_certs_4_n4_3.json.gz#167 amax_ndx2 n=4 m=8 vals=[{0:3,2:6,6:8,7:10},{1:6,4:2,5:10,6:3},{3:3,5:2,7:4},{4:6,5:4,6:3,7:8}]
k4_certs_4_n4_3.json.gz#167 keys_distinct_g n=4 m=8 vals=[{0:4,2:3,6:8,7:6},{1:2,4:4,5:7,6:8},{3:3,5:4,7:2},{4:3,5:8,6:6,7:4}]
k4_certs_4_n4_3.json.gz#167 keys_distinct_g n=4 m=8 vals=[{0:4,2:2,6:8,7:5},{1:3,4:2,5:4,6:8},{3:3,5:4,7:2},{4:1,5:8,6:4,7:6}]
k4_certs_4_n4_3.json.gz#167 amax_ndx2 n=4 m=8 vals=[{0:4,2:3,6:2,7:8},{1:4,4:8,5:5,6:2},{3:3,5:4,7:2},{4:3,5:10,6:8,7:6}]
k4_certs_4_n4_3.json.gz#167 amax_not_cert2 n=4 m=8 vals=[{0:2,2:3,6:6,7:10},{1:2,4:8,5:7,6:4},{3:2,5:3,7:4},{4:8,5:7,6:2,7:4}]
k4_certs_4_n4_3.json.gz#167 prof_cert n=4 m=8 vals=[{0:4,2:2,6:7,7:10},{1:6,4:3,5:10,6:8},{3:2,5:4,7:3},{4:5,5:4,6:6,7:8}]
k4_certs_4_n4_3.json.gz#167 prof_cert2 n=4 m=8 vals=[{0:4,2:2,6:7,7:10},{1:6,4:3,5:10,6:8},{3:2,5:4,7:3},{4:5,5:4,6:6,7:8}]
k4_certs_4_n4_3.json.gz#167 amax_not_cert2 n=4 m=8 vals=[{0:4,2:2,6:7,7:10},{1:6,4:3,5:10,6:8},{3:2,5:4,7:3},{4:5,5:4,6:6,7:8}]
k4_certs_4_n4_3.json.gz#168 keys_distinct_g n=4 m=8 vals=[{0:2,2:5,3:8,7:4},{1:3,3:4,7:2},{4:8,5:5,6:2,7:4},{4:10,5:4,6:2,7:7}]
k4_certs_4_n4_3.json.gz#168 keys_distinct_g n=4 m=8 vals=[{0:1,2:6,3:8,7:4},{1:2,3:4,7:3},{4:4,5:3,6:8,7:2},{4:2,5:7,6:10,7:4}]
k4_certs_4_n4_3.json.gz#169 keys_distinct_g n=4 m=8 vals=[{0:2,2:3,3:4,6:8},{1:3,3:4,6:8,7:6},{4:10,5:3,6:6,7:8},{4:4,5:3,7:2}]
k4_certs_4_n4_3.json.gz#169 keys_distinct_g n=4 m=8 vals=[{0:6,2:2,3:3,6:10},{1:2,3:3,6:4,7:8},{4:4,5:6,6:8,7:5},{4:3,5:2,7:4}]
k4_certs_4_n4_3.json.gz#170 keys_distinct_g n=4 m=8 vals=[{0:3,2:4,3:8,6:10},{1:3,3:2,7:4},{4:4,5:2,6:8,7:5},{4:7,5:2,6:6,7:10}]
k4_certs_4_n4_3.json.gz#170 keys_distinct_g n=4 m=8 vals=[{0:3,2:4,3:6,6:8},{1:2,3:3,7:4},{4:6,5:3,6:10,7:8},{4:1,5:6,6:4,7:8}]
k4_certs_4_n4_3.json.gz#170 prof_cert n=4 m=8 vals=[{0:3,2:2,3:10,6:6},{1:2,3:4,7:3},{4:3,5:4,6:6,7:8},{4:6,5:3,6:4,7:8}]
k4_certs_4_n4_3.json.gz#170 amax_not_cert2 n=4 m=8 vals=[{0:3,2:2,3:10,6:6},{1:2,3:4,7:3},{4:3,5:4,6:6,7:8},{4:6,5:3,6:4,7:8}]
k4_certs_4_n4_3.json.gz#170 amax_not_cert2 n=4 m=8 vals=[{0:3,2:2,3:10,6:6},{1:2,3:4,7:3},{4:3,5:4,6:6,7:8},{4:6,5:3,6:4,7:8}]
k4_certs_4_n4_3.json.gz#170 prof_cert n=4 m=8 vals=[{0:3,2:2,3:10,6:6},{1:2,3:4,7:3},{4:2,5:7,6:6,7:10},{4:5,5:6,6:8,7:4}]
k4_certs_4_n4_3.json.gz#172 keys_distinct_g n=4 m=8 vals=[{0:2,2:3,3:10,4:6},{1:2,6:3,7:4},{3:8,5:3,6:6,7:4},{4:6,5:4,6:3,7:8}]
k4_certs_4_n4_3.json.gz#172 keys_distinct_g n=4 m=8 vals=[{0:3,2:6,3:2,4:10},{1:3,6:2,7:4},{3:6,5:2,6:7,7:10},{4:8,5:4,6:6,7:1}]
k4_certs_4_n4_3.json.gz#172 amax_ndx2 n=4 m=8 vals=[{0:6,2:3,3:2,4:10},{1:2,6:3,7:4},{3:4,5:2,6:7,7:10},{4:7,5:3,6:5,7:6}]
k4_certs_4_n4_3.json.gz#172 amax_ndx2 n=4 m=8 vals=[{0:4,2:3,3:8,4:2},{1:3,6:4,7:2},{3:8,5:4,6:5,7:6},{4:8,5:10,6:3,7:4}]
k4_certs_4_n4_3.json.gz#171 amax_not_cert2 n=4 m=8 vals=[{0:5,2:2,3:8,4:4},{1:4,5:1,6:6,7:8},{3:6,4:4,6:5,7:8},{5:3,6:4,7:2}]
k4_certs_4_n4_3.json.gz#171 amax_ndx2 n=4 m=8 vals=[{0:2,2:5,3:4,4:8},{1:3,5:6,6:10,7:8},{3:6,4:4,6:8,7:3},{5:3,6:4,7:2}]
k4_certs_4_n4_3.json.gz#171 amax_ndx2 n=4 m=8 vals=[{0:7,2:2,3:6,4:10},{1:2,5:5,6:8,7:4},{3:4,4:6,6:8,7:5},{5:2,6:3,7:4}]
k4_certs_4_n4_3.json.gz#171 keys_distinct_g n=4 m=8 vals=[{0:2,2:6,3:10,4:3},{1:2,5:4,6:8,7:3},{3:8,4:6,6:1,7:4},{5:2,6:4,7:3}]
k4_certs_4_n4_3.json.gz#171 keys_distinct_g n=4 m=8 vals=[{0:3,2:4,3:2,4:8},{1:4,5:3,6:6,7:8},{3:5,4:7,6:6,7:3},{5:3,6:2,7:4}]
k4_certs_4_n4_3.json.gz#171 amax_not_cert2 n=4 m=8 vals=[{0:5,2:2,3:8,4:4},{1:2,5:4,6:8,7:5},{3:7,4:2,6:6,7:10},{5:2,6:3,7:4}]
k4_certs_4_n4_3.json.gz#174 amax_ndx2 n=4 m=8 vals=[{0:3,2:2,3:4,7:8},{1:2,6:4,7:3},{3:6,4:10,5:3,6:8},{4:6,5:8,6:3,7:10}]
k4_certs_4_n4_3.json.gz#174 keys_distinct_g n=4 m=8 vals=[{0:2,2:4,3:7,7:10},{1:3,6:2,7:4},{3:4,4:1,5:6,6:8},{4:3,5:4,6:10,7:8}]
k4_certs_4_n4_3.json.gz#174 keys_distinct_g n=4 m=8 vals=[{0:3,2:2,3:6,7:10},{1:2,6:3,7:4},{3:2,4:4,5:10,6:7},{4:8,5:10,6:4,7:3}]
k4_certs_4_n4_3.json.gz#174 amax_ndx2 n=4 m=8 vals=[{0:6,2:3,3:2,7:10},{1:3,6:2,7:4},{3:6,4:3,5:10,6:8},{4:3,5:6,6:5,7:7}]
k4_certs_4_n4_3.json.gz#173 keys_distinct_g n=4 m=8 vals=[{0:4,2:3,3:2,5:8},{1:3,5:10,6:8,7:4},{3:4,4:3,6:2,7:8},{4:3,6:2,7:4}]
k4_certs_4_n4_3.json.gz#173 keys_distinct_g n=4 m=8 vals=[{0:3,2:2,3:6,5:10},{1:4,5:8,6:1,7:6},{3:2,4:10,6:4,7:7},{4:4,6:3,7:2}]
k4_certs_4_n4_3.json.gz#173 amax_ndx2 n=4 m=8 vals=[{0:3,2:4,3:2,5:8},{1:6,5:4,6:3,7:8},{3:4,4:3,6:8,7:6},{4:3,6:2,7:4}]
k4_certs_4_n4_3.json.gz#173 amax_ndx2 n=4 m=8 vals=[{0:3,2:4,3:2,5:8},{1:6,5:7,6:3,7:5},{3:4,4:2,6:7,7:8},{4:2,6:4,7:3}]
k4_certs_4_n4_3.json.gz#175 keys_distinct_g n=4 m=8 vals=[{0:3,2:2,4:10,5:6},{1:2,3:4,6:8,7:5},{3:6,4:8,6:4,7:3},{5:3,6:4,7:2}]
k4_certs_4_n4_3.json.gz#175 keys_distinct_g n=4 m=8 vals=[{0:4,2:2,4:8,5:5},{1:3,3:2,6:4,7:8},{3:2,4:8,6:5,7:4},{5:3,6:2,7:4}]
k4_certs_4_n4_3.json.gz#175 amax_ndx2 n=4 m=8 vals=[{0:4,2:2,4:8,5:3},{1:6,3:3,6:10,7:8},{3:4,4:8,6:6,7:5},{5:3,6:4,7:2}]
k4_certs_4_n4_3.json.gz#175 amax_ndx2 n=4 m=8 vals=[{0:4,2:3,4:8,5:2},{1:6,3:10,6:2,7:3},{3:3,4:8,6:6,7:4},{5:3,6:2,7:4}]
k4_certs_4_n4_3.json.gz#176 amax_ndx2 n=4 m=8 vals=[{0:6,2:3,4:10,7:8},{1:3,3:2,5:4,6:8},{3:4,4:8,6:6,7:5},{5:3,6:2,7:4}]
k4_certs_4_n4_3.json.gz#176 keys_distinct_g n=4 m=8 vals=[{0:7,2:2,4:10,7:4},{1:3,3:6,5:2,6:10},{3:2,4:8,6:5,7:4},{5:3,6:4,7:2}]
k4_certs_4_n4_3.json.gz#176 keys_distinct_g n=4 m=8 vals=[{0:4,2:3,4:8,7:2},{1:2,3:4,5:3,6:8},{3:6,4:10,6:2,7:7},{5:2,6:4,7:3}]
k4_certs_4_n4_3.json.gz#176 amax_ndx2 n=4 m=8 vals=[{0:3,2:6,4:10,7:8},{1:4,3:2,5:3,6:8},{3:5,4:7,6:3,7:6},{5:2,6:3,7:4}]
k4_certs_4_n4_3.json.gz#176 amax_not_cert2 n=4 m=8 vals=[{0:3,2:6,4:2,7:10},{1:3,3:8,5:2,6:4},{3:8,4:4,6:5,7:6},{5:2,6:4,7:3}]
k4_certs_4_n4_3.json.gz#177 keys_distinct_g n=4 m=8 vals=[{0:3,2:6,4:2,7:10},{1:4,3:5,6:8,7:6},{3:4,4:7,5:2,7:10},{5:3,6:4,7:2}]
k4_certs_4_n4_3.json.gz#177 keys_distinct_g n=4 m=8 vals=[{0:3,2:6,4:10,7:8},{1:6,3:2,6:10,7:3},{3:7,4:8,5:4,7:2},{5:3,6:4,7:2}]
k4_certs_4_n4_3.json.gz#177 amax_ndx2 n=4 m=8 vals=[{0:3,2:6,4:2,7:10},{1:7,3:6,6:2,7:10},{3:4,4:6,5:3,7:8},{5:4,6:3,7:2}]
k4_certs_4_n4_3.json.gz#177 amax_ndx2 n=4 m=8 vals=[{0:4,2:2,4:8,7:3},{1:4,3:3,6:2,7:8},{3:5,4:7,5:3,7:6},{5:3,6:2,7:4}]
k4_certs_4_n4_3.json.gz#178 keys_distinct_g n=4 m=8 vals=[{0:6,2:1,4:4,7:8},{1:4,3:1,6:6,7:8},{3:1,4:4,5:6,6:8},{5:2,6:4,7:3}]
k4_certs_4_n4_3.json.gz#178 keys_distinct_g n=4 m=8 vals=[{0:7,2:2,4:4,7:10},{1:4,3:3,6:8,7:6},{3:7,4:4,5:2,6:10},{5:2,6:3,7:4}]
k4_certs_4_n4_3.json.gz#178 amax_not_cert2 n=4 m=8 vals=[{0:2,2:4,4:10,7:7},{1:2,3:6,6:10,7:7},{3:3,4:8,5:2,6:4},{5:3,6:2,7:4}]
k4_certs_4_n4_3.json.gz#178 amax_not_cert2 n=4 m=8 vals=[{0:2,2:4,4:10,7:7},{1:2,3:6,6:10,7:7},{3:3,4:8,5:2,6:4},{5:3,6:2,7:4}]
k4_certs_4_n4_3.json.gz#178 amax_ndx2 n=4 m=8 vals=[{0:3,2:4,4:2,7:8},{1:4,3:6,6:5,7:8},{3:7,4:6,5:5,6:3},{5:3,6:2,7:4}]
k4_certs_4_n4_3.json.gz#178 amax_ndx2 n=4 m=8 vals=[{0:6,2:3,4:2,7:10},{1:4,3:6,6:5,7:8},{3:8,4:1,5:6,6:4},{5:2,6:4,7:3}]
k4_certs_4_n4_3.json.gz#179 keys_distinct_g n=4 m=8 vals=[{0:3,2:6,5:2,7:10},{1:6,3:3,4:4,6:8},{3:7,4:2,6:4,7:8},{5:2,6:4,7:3}]
k4_certs_4_n4_3.json.gz#179 amax_ndx2 n=4 m=8 vals=[{0:2,2:3,5:6,7:10},{1:6,3:3,4:8,6:4},{3:5,4:6,6:4,7:8},{5:3,6:4,7:2}]
k4_certs_4_n4_3.json.gz#179 keys_distinct_g n=4 m=8 vals=[{0:4,2:3,5:8,7:2},{1:3,3:10,4:6,6:2},{3:10,4:6,6:7,7:2},{5:4,6:3,7:2}]
k4_certs_4_n4_3.json.gz#179 amax_not_cert2 n=4 m=8 vals=[{0:2,2:4,5:7,7:10},{1:3,3:10,4:2,6:6},{3:8,4:4,6:3,7:6},{5:2,6:3,7:4}]
k4_certs_4_n4_3.json.gz#179 amax_not_cert2 n=4 m=8 vals=[{0:2,2:4,5:7,7:10},{1:3,3:10,4:2,6:6},{3:8,4:4,6:3,7:6},{5:2,6:3,7:4}]
k4_certs_4_n4_3.json.gz#179 amax_ndx2 n=4 m=8 vals=[{0:6,2:3,5:2,7:10},{1:6,3:10,4:3,6:8},{3:3,4:8,6:6,7:10},{5:3,6:4,7:2}]
k4_certs_4_n4_3.json.gz#180 keys_distinct_g n=4 m=8 vals=[{0:3,2:6,6:10,7:2},{1:6,3:10,4:2,5:7},{3:8,4:4,6:6,7:3},{5:2,6:4,7:3}]
k4_certs_4_n4_3.json.gz#180 keys_distinct_g n=4 m=8 vals=[{0:3,2:2,6:10,7:6},{1:1,3:8,4:6,5:4},{3:10,4:2,6:6,7:7},{5:2,6:4,7:3}]
k4_certs_4_n4_3.json.gz#180 amax_ndx2 n=4 m=8 vals=[{0:3,2:4,6:8,7:6},{1:7,3:6,4:10,5:2},{3:3,4:6,6:7,7:5},{5:2,6:4,7:3}]
k4_certs_4_n4_3.json.gz#180 amax_ndx2 n=4 m=8 vals=[{0:4,2:2,6:8,7:3},{1:2,3:10,4:3,5:6},{3:3,4:6,6:8,7:4},{5:2,6:3,7:4}]
k4_certs_4_n4_3.json.gz#180 amax_not_cert2 n=4 m=8 vals=[{0:5,2:2,6:4,7:8},{1:3,3:2,4:10,5:6},{3:3,4:7,6:6,7:5},{5:2,6:4,7:3}]
k4_certs_4_n4_3.json.gz#182 prof_cert n=4 m=8 vals=[{0:3,2:4,6:8,7:10},{1:4,3:2,4:10,7:7},{3:3,4:8,5:4,6:6},{5:2,6:3,7:4}]
k4_certs_4_n4_3.json.gz#182 prof_cert2 n=4 m=8 vals=[{0:3,2:4,6:8,7:10},{1:4,3:2,4:10,7:7},{3:3,4:8,5:4,6:6},{5:2,6:3,7:4}]
k4_certs_4_n4_3.json.gz#182 amax_not_cert2 n=4 m=8 vals=[{0:3,2:4,6:8,7:10},{1:4,3:2,4:10,7:7},{3:3,4:8,5:4,6:6},{5:2,6:3,7:4}]
k4_certs_4_n4_3.json.gz#182 amax_not_cert2 n=4 m=8 vals=[{0:3,2:4,6:8,7:10},{1:4,3:2,4:10,7:7},{3:3,4:8,5:4,6:6},{5:2,6:3,7:4}]
k4_certs_4_n4_3.json.gz#182 keys_distinct_g n=4 m=8 vals=[{0:2,2:3,6:4,7:8},{1:7,3:2,4:10,7:4},{3:6,4:10,5:7,6:2},{5:3,6:2,7:4}]
k4_certs_4_n4_3.json.gz#182 keys_distinct_g n=4 m=8 vals=[{0:2,2:4,6:7,7:10},{1:2,3:6,4:10,7:3},{3:6,4:10,5:2,6:7},{5:3,6:2,7:4}]
k4_certs_4_n4_3.json.gz#182 amax_ndx2 n=4 m=8 vals=[{0:4,2:3,6:8,7:2},{1:8,3:3,4:10,7:6},{3:8,4:6,5:3,6:10},{5:3,6:4,7:2}]
k4_certs_4_n4_3.json.gz#183 amax_ndx2 n=4 m=8 vals=[{0:3,2:6,4:2,7:10},{1:3,3:4,7:2},{3:8,5:7,6:4,7:2},{4:6,5:2,6:10,7:7}]
k4_certs_4_n4_3.json.gz#183 keys_distinct_g n=4 m=8 vals=[{0:7,2:2,4:10,7:6},{1:3,3:4,7:2},{3:10,5:6,6:2,7:7},{4:10,5:2,6:3,7:6}]
k4_certs_4_n4_3.json.gz#183 keys_distinct_g n=4 m=8 vals=[{0:2,2:6,4:3,7:10},{1:3,3:4,7:2},{3:7,5:5,6:6,7:3},{4:5,5:6,6:3,7:7}]
k4_certs_4_n4_3.json.gz#183 amax_ndx2 n=4 m=8 vals=[{0:2,2:6,4:3,7:10},{1:3,3:4,7:2},{3:7,5:5,6:6,7:3},{4:5,5:6,6:3,7:7}]
k4_certs_4_n4_3.json.gz#183 prof_cert n=4 m=8 vals=[{0:4,2:3,4:6,7:8},{1:2,3:4,7:3},{3:10,5:2,6:6,7:7},{4:6,5:4,6:1,7:8}]
k4_certs_4_n4_3.json.gz#183 prof_cert2 n=4 m=8 vals=[{0:4,2:3,4:6,7:8},{1:2,3:4,7:3},{3:10,5:2,6:6,7:7},{4:6,5:4,6:1,7:8}]
k4_certs_4_n4_3.json.gz#183 amax_not_cert2 n=4 m=8 vals=[{0:4,2:3,4:6,7:8},{1:2,3:4,7:3},{3:10,5:2,6:6,7:7},{4:6,5:4,6:1,7:8}]
k4_certs_4_n4_3.json.gz#183 amax_not_cert2 n=4 m=8 vals=[{0:4,2:3,4:6,7:8},{1:2,3:4,7:3},{3:10,5:2,6:6,7:7},{4:6,5:4,6:1,7:8}]
k4_certs_4_n4_3.json.gz#181 amax_ndx2 n=4 m=8 vals=[{0:2,2:3,6:4,7:8},{1:6,3:3,4:7,7:5},{3:5,4:6,5:3,7:7},{5:4,6:2,7:3}]
k4_certs_4_n4_3.json.gz#181 amax_ndx2 n=4 m=8 vals=[{0:2,2:3,6:4,7:8},{1:6,3:3,4:7,7:5},{3:5,4:6,5:3,7:7},{5:4,6:2,7:3}]
k4_certs_4_n4_3.json.gz#181 keys_distinct_g n=4 m=8 vals=[{0:5,2:2,6:8,7:4},{1:3,3:4,4:8,7:6},{3:6,4:10,5:2,7:7},{5:3,6:4,7:2}]
k4_certs_4_n4_3.json.gz#181 keys_distinct_g n=4 m=8 vals=[{0:3,2:6,6:10,7:2},{1:7,3:10,4:2,7:4},{3:7,4:6,5:3,7:5},{5:2,6:4,7:3}]
k4_certs_4_n4_3.json.gz#181 prof_cert n=4 m=8 vals=[{0:2,2:7,6:4,7:10},{1:4,3:2,4:8,7:7},{3:2,4:10,5:6,7:3},{5:2,6:3,7:4}]
k4_certs_4_n4_3.json.gz#181 prof_cert2 n=4 m=8 vals=[{0:2,2:7,6:4,7:10},{1:4,3:2,4:8,7:7},{3:2,4:10,5:6,7:3},{5:2,6:3,7:4}]
k4_certs_4_n4_3.json.gz#181 amax_not_cert2 n=4 m=8 vals=[{0:2,2:7,6:4,7:10},{1:4,3:2,4:8,7:7},{3:2,4:10,5:6,7:3},{5:2,6:3,7:4}]
k4_certs_4_n4_3.json.gz#181 amax_not_cert2 n=4 m=8 vals=[{0:2,2:7,6:4,7:10},{1:4,3:2,4:8,7:7},{3:2,4:10,5:6,7:3},{5:2,6:3,7:4}]
k4_certs_4_n4_3.json.gz#184 keys_distinct_g n=4 m=8 vals=[{0:7,2:2,4:10,6:6},{1:6,3:2,6:10,7:3},{3:8,5:6,6:10,7:3},{4:4,5:3,7:2}]
k4_certs_4_n4_3.json.gz#184 keys_distinct_g n=4 m=8 vals=[{0:7,2:2,4:4,6:10},{1:2,3:6,6:7,7:10},{3:3,5:6,6:10,7:2},{4:2,5:3,7:4}]
k4_certs_4_n4_3.json.gz#184 amax_ndx2 n=4 m=8 vals=[{0:3,2:6,4:2,6:10},{1:6,3:3,6:7,7:5},{3:6,5:8,6:10,7:3},{4:3,5:2,7:4}]
k4_certs_4_n4_3.json.gz#185 keys_distinct_g n=4 m=8 vals=[{0:3,2:2,4:4,6:8},{1:4,3:2,6:8,7:7},{3:3,5:4,7:2},{4:4,5:10,6:3,7:8}]
k4_certs_4_n4_3.json.gz#185 keys_distinct_g n=4 m=8 vals=[{0:4,2:3,4:2,6:8},{1:6,3:1,6:8,7:4},{3:2,5:4,7:3},{4:6,5:8,6:1,7:4}]
k4_certs_4_n4_3.json.gz#185 amax_ndx2 n=4 m=8 vals=[{0:3,2:6,4:2,6:10},{1:5,3:2,6:4,7:8},{3:2,5:4,7:3},{4:6,5:5,6:7,7:3}]
k4_certs_4_n4_3.json.gz#185 amax_ndx2 n=4 m=8 vals=[{0:7,2:2,4:4,6:10},{1:3,3:2,6:4,7:8},{3:3,5:4,7:2},{4:6,5:3,6:5,7:7}]
k4_certs_4_n4_3.json.gz#186 keys_distinct_g n=4 m=8 vals=[{0:4,2:2,4:8,6:3},{1:3,3:4,7:2},{3:8,5:2,6:4,7:3},{4:10,5:6,6:2,7:7}]
k4_certs_4_n4_3.json.gz#186 keys_distinct_g n=4 m=8 vals=[{0:2,2:3,4:10,6:6},{1:2,3:4,7:3},{3:10,5:4,6:7,7:2},{4:10,5:6,6:2,7:7}]
k4_certs_4_n4_3.json.gz#186 amax_ndx2 n=4 m=8 vals=[{0:2,2:4,4:3,6:8},{1:3,3:2,7:4},{3:8,5:4,6:10,7:3},{4:3,5:5,6:6,7:7}]
k4_certs_4_n4_3.json.gz#186 amax_ndx2 n=4 m=8 vals=[{0:3,2:6,4:2,6:10},{1:2,3:4,7:3},{3:2,5:7,6:8,7:4},{4:4,5:2,6:7,7:10}]
k4_certs_4_n4_3.json.gz#187 keys_distinct_g n=4 m=8 vals=[{0:2,2:4,6:8,7:3},{1:2,3:7,4:6,6:10},{3:8,5:10,6:3,7:6},{4:2,5:4,7:3}]
k4_certs_4_n4_3.json.gz#187 keys_distinct_g n=4 m=8 vals=[{0:6,2:1,6:8,7:4},{1:4,3:2,4:8,6:3},{3:7,5:2,6:10,7:4},{4:4,5:3,7:2}]
k4_certs_4_n4_3.json.gz#187 amax_ndx2 n=4 m=8 vals=[{0:5,2:2,6:4,7:8},{1:4,3:2,4:3,6:8},{3:8,5:10,6:6,7:3},{4:3,5:4,7:2}]
k4_certs_4_n4_3.json.gz#187 amax_ndx2 n=4 m=8 vals=[{0:6,2:3,6:10,7:2},{1:7,3:10,4:2,6:6},{3:4,5:5,6:8,7:6},{4:3,5:4,7:2}]
k4_certs_4_n4_3.json.gz#188 keys_distinct_g n=4 m=8 vals=[{0:3,2:6,6:10,7:2},{1:2,3:3,4:4},{3:8,5:4,6:10,7:3},{4:8,5:6,6:3,7:4}]
k4_certs_4_n4_3.json.gz#188 keys_distinct_g n=4 m=8 vals=[{0:3,2:2,6:8,7:4},{1:3,3:2,4:4},{3:6,5:1,6:8,7:4},{4:8,5:6,6:1,7:4}]
k4_certs_4_n4_3.json.gz#188 amax_not_cert2 n=4 m=8 vals=[{0:2,2:4,6:8,7:5},{1:2,3:3,4:4},{3:8,5:1,6:6,7:4},{4:10,5:2,6:7,7:4}]
k4_certs_4_n4_3.json.gz#188 amax_not_cert2 n=4 m=8 vals=[{0:2,2:4,6:8,7:5},{1:2,3:3,4:4},{3:8,5:1,6:6,7:4},{4:10,5:2,6:7,7:4}]
k4_certs_4_n4_3.json.gz#189 keys_distinct_g n=4 m=8 vals=[{0:3,2:4,5:8,7:6},{1:3,3:2,5:10,6:6},{3:2,4:10,6:6,7:7},{4:4,6:3,7:2}]
k4_certs_4_n4_3.json.gz#189 keys_distinct_g n=4 m=8 vals=[{0:3,2:6,5:2,7:10},{1:3,3:8,5:2,6:4},{3:7,4:6,6:3,7:5},{4:3,6:2,7:4}]
k4_certs_4_n4_3.json.gz#189 prof_cert n=4 m=8 vals=[{0:3,2:2,5:10,7:6},{1:4,3:1,5:8,6:6},{3:6,4:3,6:5,7:7},{4:2,6:4,7:3}]
k4_certs_4_n4_3.json.gz#189 amax_not_cert2 n=4 m=8 vals=[{0:3,2:2,5:10,7:6},{1:4,3:1,5:8,6:6},{3:6,4:3,6:5,7:7},{4:2,6:4,7:3}]
k4_certs_4_n4_3.json.gz#189 amax_not_cert2 n=4 m=8 vals=[{0:3,2:2,5:10,7:6},{1:4,3:1,5:8,6:6},{3:6,4:3,6:5,7:7},{4:2,6:4,7:3}]
k4_certs_4_n4_3.json.gz#190 keys_distinct_g n=4 m=8 vals=[{0:2,2:4,6:3,7:8},{1:2,3:10,6:7,7:4},{3:10,4:4,5:7,7:2},{4:2,5:3,7:4}]
k4_certs_4_n4_3.json.gz#190 keys_distinct_g n=4 m=8 vals=[{0:3,2:2,6:6,7:10},{1:5,3:8,6:2,7:4},{3:8,4:5,5:4,7:6},{4:3,5:2,7:4}]
k4_certs_4_n4_3.json.gz#192 keys_distinct_g n=4 m=8 vals=[{0:2,2:3,6:4,7:8},{1:2,3:8,6:5,7:4},{3:4,4:2,5:3},{4:6,5:1,6:4,7:8}]
k4_certs_4_n4_3.json.gz#192 keys_distinct_g n=4 m=8 vals=[{0:4,2:2,6:3,7:8},{1:4,3:8,6:3,7:10},{3:3,4:4,5:2},{4:10,5:6,6:2,7:7}]
k4_certs_4_n4_3.json.gz#192 amax_ndx2 n=4 m=8 vals=[{0:4,2:3,6:8,7:6},{1:7,3:2,6:4,7:10},{3:3,4:4,5:2},{4:3,5:8,6:6,7:10}]
k4_certs_4_n4_3.json.gz#192 amax_ndx2 n=4 m=8 vals=[{0:2,2:6,6:3,7:10},{1:4,3:2,6:8,7:7},{3:3,4:4,5:2},{4:3,5:8,6:6,7:10}]
k4_certs_4_n4_3.json.gz#191 keys_distinct_g n=4 m=8 vals=[{0:2,2:3,6:4,7:8},{1:2,3:10,6:7,7:6},{3:8,4:4,5:2,6:7},{4:3,5:2,7:4}]
k4_certs_4_n4_3.json.gz#191 keys_distinct_g n=4 m=8 vals=[{0:6,2:3,6:10,7:8},{1:2,3:7,6:10,7:4},{3:7,4:2,5:10,6:6},{4:2,5:4,7:3}]
k4_certs_4_n4_3.json.gz#193 keys_distinct_g n=4 m=8 vals=[{0:2,2:3,6:8,7:4},{1:2,3:4,7:3},{3:10,4:6,5:8,6:3},{4:2,5:4,6:8,7:7}]
k4_certs_4_n4_3.json.gz#193 keys_distinct_g n=4 m=8 vals=[{0:3,2:2,6:6,7:10},{1:3,3:2,7:4},{3:4,4:6,5:1,6:8},{4:3,5:4,6:8,7:2}]
k4_certs_4_n4_3.json.gz#193 amax_not_cert2 n=4 m=8 vals=[{0:2,2:3,6:6,7:10},{1:2,3:4,7:3},{3:8,4:3,5:2,6:4},{4:5,5:6,6:4,7:8}]
k4_certs_4_n4_3.json.gz#194 keys_distinct_g n=4 m=8 vals=[{0:2,2:7,6:4,7:10},{1:2,6:4,7:3},{3:4,4:7,5:2,6:8},{3:6,4:3,5:5,7:7}]
k4_certs_4_n4_3.json.gz#194 keys_distinct_g n=4 m=8 vals=[{0:4,2:1,6:6,7:8},{1:3,6:2,7:4},{3:8,4:1,5:6,6:4},{3:8,4:4,5:2,7:3}]
k4_certs_4_n4_3.json.gz#194 amax_not_cert2 n=4 m=8 vals=[{0:4,2:3,6:10,7:8},{1:2,6:4,7:3},{3:6,4:4,5:3,6:8},{3:4,4:7,5:2,7:8}]
k4_certs_4_n4_3.json.gz#197 amax_ndx2 n=4 m=8 vals=[{0:2,4:7,5:6,6:10},{1:6,4:3,6:2,7:10},{2:5,5:4,6:6,7:8},{3:2,5:4,7:3}]
k4_certs_4_n4_3.json.gz#197 keys_distinct_g n=4 m=8 vals=[{0:7,4:4,5:10,6:2},{1:4,4:6,6:3,7:8},{2:6,5:10,6:2,7:7},{3:3,5:2,7:4}]
k4_certs_4_n4_3.json.gz#197 keys_distinct_g n=4 m=8 vals=[{0:3,4:4,5:10,6:8},{1:6,4:3,6:8,7:10},{2:7,5:10,6:6,7:2},{3:3,5:2,7:4}]
k4_certs_4_n4_3.json.gz#197 amax_ndx2 n=4 m=8 vals=[{0:4,4:2,5:5,6:8},{1:4,4:3,6:6,7:8},{2:6,5:5,6:8,7:4},{3:2,5:4,7:3}]
k4_certs_4_n4_3.json.gz#195 keys_distinct_g n=4 m=8 vals=[{0:2,4:8,5:5,7:4},{1:4,4:8,6:3,7:2},{2:6,5:4,6:8,7:3},{3:3,6:4,7:2}]
k4_certs_4_n4_3.json.gz#195 keys_distinct_g n=4 m=8 vals=[{0:2,4:6,5:10,7:7},{1:6,4:1,6:4,7:8},{2:7,5:8,6:2,7:4},{3:3,6:2,7:4}]
k4_certs_4_n4_3.json.gz#195 amax_ndx2 n=4 m=8 vals=[{0:4,4:7,5:2,7:8},{1:3,4:5,6:6,7:7},{2:2,5:6,6:10,7:3},{3:3,6:2,7:4}]
k4_certs_4_n4_3.json.gz#195 amax_ndx2 n=4 m=8 vals=[{0:7,4:2,5:10,7:6},{1:6,4:1,6:4,7:8},{2:7,5:2,6:4,7:8},{3:3,6:4,7:2}]
k4_certs_4_n4_3.json.gz#196 amax_ndx2 n=4 m=8 vals=[{0:2,4:4,6:5,7:8},{1:7,4:2,6:10,7:4},{2:8,5:3,6:10,7:6},{3:2,5:4,7:3}]
k4_certs_4_n4_3.json.gz#196 amax_ndx2 n=4 m=8 vals=[{0:2,4:7,6:6,7:10},{1:4,4:2,6:8,7:3},{2:5,5:3,6:6,7:7},{3:2,5:4,7:3}]
k4_certs_4_n4_3.json.gz#196 keys_distinct_g n=4 m=8 vals=[{0:2,4:6,6:10,7:3},{1:6,4:3,6:10,7:8},{2:7,5:8,6:4,7:2},{3:2,5:4,7:3}]
k4_certs_4_n4_3.json.gz#196 keys_distinct_g n=4 m=8 vals=[{0:3,4:8,6:2,7:4},{1:2,4:10,6:7,7:4},{2:4,5:8,6:5,7:2},{3:3,5:4,7:2}]
k4_certs_4_n4_3.json.gz#198 keys_distinct_g n=4 m=8 vals=[{0:4,4:5,5:2,6:8},{1:2,4:3,7:4},{2:6,5:1,6:8,7:4},{3:1,5:6,6:4,7:8}]
k4_certs_4_n4_3.json.gz#198 keys_distinct_g n=4 m=8 vals=[{0:2,4:8,5:5,6:4},{1:3,4:4,7:2},{2:2,5:10,6:7,7:6},{3:4,5:10,6:3,7:8}]
k4_certs_4_n4_3.json.gz#200 keys_distinct_g n=4 m=8 vals=[{0:3,3:2,4:4,5:8},{1:6,3:3,6:10,7:2},{2:2,6:4,7:3},{4:6,5:10,6:2,7:7}]
k4_certs_4_n4_3.json.gz#200 amax_ndx2 n=4 m=8 vals=[{0:2,3:7,4:4,5:10},{1:7,3:2,6:10,7:4},{2:2,6:4,7:3},{4:8,5:6,6:10,7:3}]
k4_certs_4_n4_3.json.gz#200 amax_ndx2 n=4 m=8 vals=[{0:6,3:10,4:2,5:3},{1:6,3:8,6:4,7:3},{2:3,6:4,7:2},{4:2,5:7,6:6,7:10}]
k4_certs_4_n4_3.json.gz#200 prof_cert n=4 m=8 vals=[{0:7,3:2,4:10,5:4},{1:4,3:2,6:8,7:7},{2:3,6:2,7:4},{4:6,5:5,6:7,7:3}]
k4_certs_4_n4_3.json.gz#200 prof_cert2 n=4 m=8 vals=[{0:7,3:2,4:10,5:4},{1:4,3:2,6:8,7:7},{2:3,6:2,7:4},{4:6,5:5,6:7,7:3}]
k4_certs_4_n4_3.json.gz#200 amax_not_cert2 n=4 m=8 vals=[{0:7,3:2,4:10,5:4},{1:4,3:2,6:8,7:7},{2:3,6:2,7:4},{4:6,5:5,6:7,7:3}]
k4_certs_4_n4_3.json.gz#200 amax_not_cert2 n=4 m=8 vals=[{0:7,3:2,4:10,5:4},{1:4,3:2,6:8,7:7},{2:3,6:2,7:4},{4:6,5:5,6:7,7:3}]
k4_certs_4_n4_3.json.gz#200 keys_distinct_g n=4 m=8 vals=[{0:2,3:3,4:10,5:6},{1:4,3:2,6:7,7:10},{2:3,6:2,7:4},{4:10,5:8,6:3,7:6}]
k4_certs_4_n4_3.json.gz#199 keys_distinct_g n=4 m=8 vals=[{0:2,3:8,4:3,5:4},{1:7,3:10,6:2,7:4},{2:6,5:2,6:10,7:7},{4:2,6:4,7:3}]
k4_certs_4_n4_3.json.gz#199 amax_ndx2 n=4 m=8 vals=[{0:3,3:2,4:4,5:8},{1:6,3:3,6:2,7:10},{2:4,5:8,6:6,7:5},{4:3,6:4,7:2}]
k4_certs_4_n4_3.json.gz#199 keys_distinct_g n=4 m=8 vals=[{0:2,3:7,4:4,5:10},{1:1,3:4,6:6,7:8},{2:5,5:7,6:3,7:6},{4:2,6:3,7:4}]
k4_certs_4_n4_3.json.gz#199 amax_ndx2 n=4 m=8 vals=[{0:2,3:3,4:4,5:8},{1:3,3:4,6:6,7:8},{2:5,5:6,6:7,7:3},{4:3,6:4,7:2}]
k4_certs_4_n4_3.json.gz#201 keys_distinct_g n=4 m=8 vals=[{0:4,3:8,4:3,7:6},{1:4,3:10,6:3,7:8},{2:4,5:8,6:2,7:5},{4:3,5:4,7:2}]
k4_certs_4_n4_3.json.gz#201 amax_ndx2 n=4 m=8 vals=[{0:8,3:3,4:6,7:10},{1:3,3:10,6:6,7:2},{2:4,5:3,6:2,7:8},{4:4,5:3,7:2}]
k4_certs_4_n4_3.json.gz#201 amax_ndx2 n=4 m=8 vals=[{0:8,3:3,4:6,7:10},{1:3,3:10,6:6,7:2},{2:4,5:3,6:2,7:8},{4:4,5:3,7:2}]
k4_certs_4_n4_3.json.gz#201 keys_distinct_g n=4 m=8 vals=[{0:2,3:4,4:8,7:3},{1:3,3:2,6:8,7:4},{2:6,5:4,6:8,7:3},{4:4,5:3,7:2}]
k4_certs_4_n4_3.json.gz#203 keys_distinct_g n=4 m=8 vals=[{0:4,3:2,4:3,6:8},{1:2,3:5,6:4,7:8},{2:3,5:2,7:4},{4:6,5:4,6:8,7:1}]
k4_certs_4_n4_3.json.gz#203 amax_ndx2 n=4 m=8 vals=[{0:4,3:2,4:8,6:7},{1:3,3:4,6:8,7:2},{2:3,5:4,7:2},{4:3,5:6,6:10,7:8}]
k4_certs_4_n4_3.json.gz#203 keys_distinct_g n=4 m=8 vals=[{0:2,3:3,4:8,6:4},{1:4,3:2,6:5,7:8},{2:2,5:3,7:4},{4:8,5:7,6:4,7:2}]
k4_certs_4_n4_3.json.gz#203 amax_ndx2 n=4 m=8 vals=[{0:7,3:2,4:4,6:10},{1:3,3:4,6:2,7:8},{2:3,5:4,7:2},{4:3,5:7,6:5,7:6}]
k4_certs_4_n4_3.json.gz#202 keys_distinct_g n=4 m=8 vals=[{0:4,3:8,4:7,6:2},{1:7,3:10,6:2,7:6},{2:3,5:8,6:4,7:2},{4:3,5:4,7:2}]
k4_certs_4_n4_3.json.gz#202 keys_distinct_g n=4 m=8 vals=[{0:1,3:8,4:4,6:6},{1:2,3:10,6:4,7:7},{2:4,5:10,6:7,7:2},{4:3,5:4,7:2}]
k4_certs_4_n4_3.json.gz#204 keys_distinct_g n=4 m=8 vals=[{0:6,3:10,4:2,6:7},{1:2,3:4,7:3},{2:3,5:4,6:6,7:8},{4:4,5:3,6:2,7:8}]
k4_certs_4_n4_3.json.gz#204 keys_distinct_g n=4 m=8 vals=[{0:3,3:8,4:4,6:6},{1:2,3:4,7:3},{2:2,5:6,6:7,7:10},{4:3,5:2,6:6,7:10}]
k4_certs_4_n4_3.json.gz#205 keys_distinct_g n=4 m=8 vals=[{0:3,3:4,4:2},{1:3,3:10,6:4,7:8},{2:2,5:3,6:4,7:8},{4:8,5:6,6:3,7:10}]
k4_certs_4_n4_3.json.gz#205 keys_distinct_g n=4 m=8 vals=[{0:2,3:3,4:4},{1:4,3:7,6:2,7:8},{2:2,5:6,6:3,7:10},{4:8,5:3,6:4,7:2}]
k4_certs_4_n4_3.json.gz#207 keys_distinct_g n=4 m=8 vals=[{0:6,3:3,6:10,7:8},{1:2,4:4,5:5,6:8},{2:8,4:6,5:3,7:10},{3:3,6:2,7:4}]
k4_certs_4_n4_3.json.gz#207 keys_distinct_g n=4 m=8 vals=[{0:3,3:6,6:10,7:2},{1:7,4:4,5:2,6:8},{2:2,4:4,5:7,7:10},{3:2,6:3,7:4}]
k4_certs_4_n4_3.json.gz#208 keys_distinct_g n=4 m=8 vals=[{0:1,3:4,4:8,7:6},{1:2,5:10,6:7,7:4},{2:5,5:8,6:2,7:4},{3:3,4:4,7:2}]
k4_certs_4_n4_3.json.gz#208 keys_distinct_g n=4 m=8 vals=[{0:2,3:8,4:4,7:3},{1:1,5:8,6:6,7:4},{2:3,5:10,6:4,7:8},{3:4,4:3,7:2}]
k4_certs_4_n4_3.json.gz#206 keys_distinct_g n=4 m=8 vals=[{0:2,3:4,5:7,7:8},{1:7,4:2,5:6,6:10},{2:4,4:2,6:8,7:7},{3:3,6:2,7:4}]
k4_certs_4_n4_3.json.gz#206 keys_distinct_g n=4 m=8 vals=[{0:2,3:4,5:10,7:7},{1:6,4:1,5:8,6:4},{2:4,4:3,6:2,7:8},{3:3,6:2,7:4}]
k4_certs_4_n4_3.json.gz#206 amax_ndx2 n=4 m=8 vals=[{0:6,3:2,5:3,7:10},{1:3,4:8,5:4,6:6},{2:6,4:8,6:4,7:3},{3:2,6:3,7:4}]
k4_certs_4_n4_3.json.gz#206 amax_ndx2 n=4 m=8 vals=[{0:6,3:4,5:3,7:8},{1:3,4:2,5:8,6:4},{2:2,4:3,6:4,7:8},{3:4,6:2,7:3}]
k4_certs_4_n4_3.json.gz#209 keys_distinct_g n=4 m=8 vals=[{0:4,3:1,4:8,7:6},{1:4,5:10,6:2,7:7},{2:3,5:4,7:2},{3:4,4:8,6:2,7:3}]
k4_certs_4_n4_3.json.gz#209 keys_distinct_g n=4 m=8 vals=[{0:2,3:8,4:3,7:4},{1:3,5:8,6:2,7:4},{2:2,5:4,7:3},{3:10,4:6,6:3,7:8}]
k4_certs_4_n4_3.json.gz#209 amax_ndx2 n=4 m=8 vals=[{0:2,3:3,4:6,7:10},{1:6,5:3,6:4,7:8},{2:2,5:3,7:4},{3:6,4:2,6:10,7:7}]
k4_certs_4_n4_3.json.gz#210 keys_distinct_g n=4 m=8 vals=[{0:7,3:2,4:10,6:4},{1:1,5:6,6:8,7:4},{2:2,5:5,6:8,7:4},{3:3,4:4,7:2}]
k4_certs_4_n4_3.json.gz#210 keys_distinct_g n=4 m=8 vals=[{0:4,3:2,4:8,6:5},{1:1,5:8,6:4,7:6},{2:2,5:10,6:7,7:6},{3:2,4:4,7:3}]
k4_certs_4_n4_3.json.gz#211 keys_distinct_g n=4 m=8 vals=[{0:6,3:3,4:2,6:10},{1:3,5:8,6:4,7:2},{2:3,5:4,7:2},{3:1,4:6,6:8,7:4}]
k4_certs_4_n4_3.json.gz#211 keys_distinct_g n=4 m=8 vals=[{0:3,3:10,4:6,6:2},{1:2,5:10,6:6,7:7},{2:3,5:4,7:2},{3:10,4:7,6:2,7:4}]
k4_certs_4_n4_3.json.gz#211 amax_ndx2 n=4 m=8 vals=[{0:4,3:3,4:2,6:8},{1:6,5:4,6:8,7:3},{2:3,5:4,7:2},{3:4,4:3,6:10,7:8}]
k4_certs_4_n4_3.json.gz#211 amax_ndx2 n=4 m=8 vals=[{0:4,3:3,4:2,6:8},{1:6,5:4,6:8,7:3},{2:3,5:4,7:2},{3:4,4:3,6:10,7:8}]
k4_certs_4_n4_3.json.gz#213 keys_distinct_g n=4 m=8 vals=[{0:2,3:10,5:7,6:4},{1:2,4:6,5:3,7:10},{2:2,6:3,7:4},{3:8,4:6,6:1,7:4}]
k4_certs_4_n4_3.json.gz#213 keys_distinct_g n=4 m=8 vals=[{0:4,3:3,5:2,6:8},{1:5,4:8,5:2,7:4},{2:3,6:4,7:2},{3:5,4:8,6:4,7:2}]
k4_certs_4_n4_3.json.gz#213 amax_ndx2 n=4 m=8 vals=[{0:2,3:8,5:3,6:4},{1:4,4:8,5:3,7:2},{2:3,6:4,7:2},{3:8,4:4,6:5,7:6}]
k4_certs_4_n4_3.json.gz#213 amax_not_cert2 n=4 m=8 vals=[{0:4,3:10,5:3,6:8},{1:3,4:6,5:2,7:10},{2:2,6:3,7:4},{3:10,4:3,6:8,7:4}]
k4_certs_4_n4_3.json.gz#212 amax_ndx2 n=4 m=8 vals=[{0:3,3:2,4:4},{1:2,5:7,6:4,7:10},{2:2,5:7,6:10,7:6},{3:3,4:5,6:6,7:7}]
k4_certs_4_n4_3.json.gz#212 amax_ndx2 n=4 m=8 vals=[{0:3,3:4,4:2},{1:1,5:4,6:8,7:6},{2:3,5:6,6:8,7:10},{3:5,4:6,6:4,7:8}]
k4_certs_4_n4_3.json.gz#214 keys_distinct_g n=4 m=8 vals=[{0:2,3:4,5:7,6:10},{1:4,4:3,6:6,7:8},{2:3,6:4,7:2},{3:3,4:5,5:6,7:7}]
k4_certs_4_n4_3.json.gz#214 keys_distinct_g n=4 m=8 vals=[{0:4,3:8,5:1,6:6},{1:3,4:4,6:6,7:8},{2:3,6:2,7:4},{3:8,4:1,5:6,7:4}]
k4_certs_4_n4_3.json.gz#215 amax_ndx2 n=4 m=8 vals=[{0:3,3:2,6:4,7:8},{1:3,4:6,6:4,7:8},{2:3,5:4,7:2},{3:3,4:5,5:6,7:7}]
k4_certs_4_n4_3.json.gz#215 keys_distinct_g n=4 m=8 vals=[{0:4,3:7,6:2,7:10},{1:4,4:3,6:2,7:8},{2:3,5:4,7:2},{3:7,4:4,5:8,7:2}]
k4_certs_4_n4_3.json.gz#215 keys_distinct_g n=4 m=8 vals=[{0:4,3:8,6:3,7:2},{1:2,4:3,6:4,7:8},{2:3,5:2,7:4},{3:7,4:5,5:6,7:3}]
k4_certs_4_n4_3.json.gz#215 amax_ndx2 n=4 m=8 vals=[{0:7,3:10,6:2,7:4},{1:2,4:3,6:6,7:10},{2:3,5:4,7:2},{3:6,4:3,5:7,7:5}]
k4_certs_4_n4_3.json.gz#216 keys_distinct_g n=4 m=8 vals=[{0:7,3:8,6:4,7:2},{1:2,4:4,6:8,7:5},{2:4,5:3,6:8,7:2},{3:4,4:3,5:2}]
k4_certs_4_n4_3.json.gz#216 keys_distinct_g n=4 m=8 vals=[{0:2,3:10,6:6,7:3},{1:3,4:2,6:4,7:8},{2:2,5:4,6:5,7:8},{3:4,4:3,5:2}]
k4_certs_4_n4_3.json.gz#217 keys_distinct_g n=4 m=8 vals=[{0:4,3:5,6:2,7:8},{1:2,4:6,6:3,7:10},{2:3,5:4,7:2},{3:7,4:4,5:8,6:2}]
k4_certs_4_n4_3.json.gz#217 keys_distinct_g n=4 m=8 vals=[{0:4,3:8,6:3,7:2},{1:6,4:2,6:3,7:10},{2:3,5:2,7:4},{3:10,4:4,5:7,6:2}]
k4_certs_4_n4_3.json.gz#218 keys_distinct_g n=4 m=8 vals=[{0:2,2:3,3:10,4:6},{1:3,3:4,7:2},{2:2,5:6,6:10,7:3},{4:2,5:7,6:10,7:6}]
k4_certs_4_n4_3.json.gz#218 keys_distinct_g n=4 m=8 vals=[{0:1,2:6,3:8,4:4},{1:2,3:4,7:3},{2:2,5:8,6:4,7:3},{4:7,5:10,6:2,7:6}]
k4_certs_4_n4_3.json.gz#219 keys_distinct_g n=4 m=8 vals=[{0:2,2:6,3:3,4:10},{1:6,5:8,6:1,7:4},{2:3,3:4,4:8,7:6},{5:4,6:3,7:2}]
k4_certs_4_n4_3.json.gz#220 keys_distinct_g n=4 m=8 vals=[{0:4,2:3,3:2,5:8},{1:3,4:2,7:4},{2:3,3:4,6:6,7:8},{4:6,5:10,6:8,7:3}]
k4_certs_4_n4_3.json.gz#220 amax_ndx2 n=4 m=8 vals=[{0:2,2:3,3:6,5:10},{1:3,4:4,7:2},{2:4,3:2,6:3,7:8},{4:8,5:5,6:4,7:6}]
k4_certs_4_n4_3.json.gz#220 keys_distinct_g n=4 m=8 vals=[{0:2,2:6,3:10,5:3},{1:3,4:4,7:2},{2:2,3:8,6:4,7:5},{4:8,5:1,6:6,7:4}]
k4_certs_4_n4_3.json.gz#221 keys_distinct_g n=4 m=8 vals=[{0:2,2:3,3:6,5:10},{1:2,5:8,6:7,7:4},{2:3,3:4,4:8,7:2},{4:4,6:2,7:3}]
k4_certs_4_n4_3.json.gz#221 keys_distinct_g n=4 m=8 vals=[{0:6,2:10,3:3,5:2},{1:2,5:3,6:6,7:10},{2:8,3:6,4:4,7:3},{4:2,6:3,7:4}]
k4_certs_4_n4_3.json.gz#221 amax_ndx2 n=4 m=8 vals=[{0:3,2:2,3:6,5:10},{1:5,5:6,6:4,7:8},{2:6,3:3,4:2,7:10},{4:3,6:4,7:2}]
k4_certs_4_n4_3.json.gz#221 amax_ndx2 n=4 m=8 vals=[{0:3,2:2,3:6,5:10},{1:5,5:6,6:4,7:8},{2:6,3:3,4:2,7:10},{4:3,6:4,7:2}]
k4_certs_4_n4_3.json.gz#222 keys_distinct_g n=4 m=8 vals=[{0:6,2:10,3:3,7:2},{1:3,5:4,6:8,7:2},{2:8,3:4,4:6,7:3},{4:2,5:3,6:4}]
k4_certs_4_n4_3.json.gz#222 keys_distinct_g n=4 m=8 vals=[{0:4,2:3,3:2,7:8},{1:3,5:4,6:6,7:8},{2:2,3:7,4:10,7:6},{4:4,5:3,6:2}]
k4_certs_4_n4_3.json.gz#223 amax_ndx2 n=4 m=8 vals=[{0:6,2:2,3:3,7:10},{1:3,5:4,6:2},{2:2,3:4,4:8,7:3},{4:5,5:6,6:3,7:7}]
k4_certs_4_n4_3.json.gz#224 keys_distinct_g n=4 m=8 vals=[{0:3,2:4,3:2,7:8},{1:2,6:3,7:4},{2:2,3:3,4:6,5:10},{4:4,5:8,6:6,7:3}]
k4_certs_4_n4_3.json.gz#225 keys_distinct_g n=4 m=8 vals=[{0:2,2:5,4:4,6:8},{1:2,3:3,5:4,7:8},{2:3,3:4,4:8,7:10},{5:3,6:4,7:2}]
k4_certs_4_n4_3.json.gz#225 keys_distinct_g n=4 m=8 vals=[{0:2,2:4,4:8,6:7},{1:3,3:2,5:4,7:8},{2:3,3:4,4:8,7:6},{5:3,6:2,7:4}]
k4_certs_4_n4_3.json.gz#226 keys_distinct_g n=4 m=8 vals=[{0:6,2:3,4:10,7:8},{1:3,3:4,5:2,6:8},{2:1,3:4,4:8,7:6},{5:2,6:4,7:3}]
k4_certs_4_n4_3.json.gz#226 keys_distinct_g n=4 m=8 vals=[{0:2,2:3,4:6,7:10},{1:1,3:6,5:8,6:4},{2:6,3:4,4:1,7:8},{5:4,6:3,7:2}]
k4_certs_4_n4_3.json.gz#227 keys_distinct_g n=4 m=8 vals=[{0:3,2:2,4:6,7:10},{1:1,3:6,6:4,7:8},{2:7,3:6,4:2,5:10},{5:4,6:3,7:2}]
k4_certs_4_n4_3.json.gz#227 keys_distinct_g n=4 m=8 vals=[{0:3,2:10,4:4,7:8},{1:1,3:4,6:6,7:8},{2:8,3:4,4:1,5:6},{5:2,6:3,7:4}]
k4_certs_4_n4_3.json.gz#228 keys_distinct_g n=4 m=8 vals=[{0:6,2:10,5:3,6:2},{1:3,4:2,5:6,7:10},{2:10,3:4,4:8,7:3},{3:2,6:3,7:4}]
k4_certs_4_n4_3.json.gz#228 keys_distinct_g n=4 m=8 vals=[{0:2,2:4,5:7,6:10},{1:2,4:8,5:4,7:5},{2:7,3:4,4:8,7:2},{3:3,6:4,7:2}]
k4_certs_4_n4_3.json.gz#228 amax_ndx2 n=4 m=8 vals=[{0:2,2:10,5:3,6:6},{1:6,4:2,5:3,7:10},{2:8,3:5,4:4,7:6},{3:4,6:2,7:3}]
k4_certs_4_n4_3.json.gz#228 amax_not_cert2 n=4 m=8 vals=[{0:2,2:10,5:3,6:6},{1:6,4:2,5:3,7:10},{2:8,3:5,4:4,7:6},{3:4,6:2,7:3}]
k4_certs_4_n4_3.json.gz#228 amax_ndx2 n=4 m=8 vals=[{0:4,2:8,5:2,6:3},{1:4,4:8,5:3,7:2},{2:4,3:3,4:8,7:6},{3:4,6:3,7:2}]
k4_certs_4_n4_3.json.gz#229 keys_distinct_g n=4 m=8 vals=[{0:5,2:2,5:4,7:8},{1:2,4:4,6:8,7:3},{2:3,3:2,4:6,7:10},{3:2,5:3,6:4}]
k4_certs_4_n4_3.json.gz#229 keys_distinct_g n=4 m=8 vals=[{0:2,2:5,5:8,7:4},{1:4,4:2,6:5,7:8},{2:4,3:5,4:2,7:8},{3:2,5:4,6:3}]
k4_certs_4_n4_3.json.gz#230 keys_distinct_g n=4 m=8 vals=[{0:3,2:6,5:2,7:10},{1:3,4:2,6:4},{2:6,3:3,4:8,7:10},{3:5,5:2,6:8,7:4}]
k4_certs_4_n4_3.json.gz#230 keys_distinct_g n=4 m=8 vals=[{0:4,2:2,5:3,7:8},{1:3,4:4,6:2},{2:7,3:2,4:10,7:6},{3:1,5:4,6:6,7:8}]
k4_certs_4_n4_3.json.gz#231 keys_distinct_g n=4 m=8 vals=[{0:3,2:10,5:6,6:2},{1:2,5:3,6:6,7:10},{2:10,3:6,4:7,7:2},{3:3,4:2,7:4}]
k4_certs_4_n4_3.json.gz#231 keys_distinct_g n=4 m=8 vals=[{0:2,2:3,5:10,6:6},{1:3,5:8,6:4,7:6},{2:3,3:10,4:6,7:8},{3:4,4:3,7:2}]
k4_certs_4_n4_3.json.gz#233 keys_distinct_g n=4 m=8 vals=[{0:4,2:6,6:1,7:8},{1:3,5:2,7:4},{2:7,3:10,4:2,5:4},{3:10,4:3,6:6,7:2}]
k4_certs_4_n4_3.json.gz#233 keys_distinct_g n=4 m=8 vals=[{0:2,2:4,6:3,7:8},{1:3,5:2,7:4},{2:2,3:4,4:8,5:7},{3:2,4:8,6:4,7:5}]
k4_certs_4_n4_3.json.gz#232 keys_distinct_g n=4 m=8 vals=[{0:3,2:6,6:10,7:8},{1:4,5:3,6:8,7:6},{2:6,3:3,4:10,5:2},{3:2,4:4,7:3}]
k4_certs_4_n4_3.json.gz#232 keys_distinct_g n=4 m=8 vals=[{0:3,2:8,6:4,7:6},{1:3,5:4,6:2,7:8},{2:10,3:4,4:7,5:2},{3:3,4:2,7:4}]
k4_certs_4_n4_3.json.gz#232 amax_ndx2 n=4 m=8 vals=[{0:3,2:8,6:4,7:2},{1:2,5:10,6:6,7:3},{2:8,3:5,4:4,5:6},{3:2,4:4,7:3}]
k4_certs_4_n4_3.json.gz#234 keys_distinct_g n=4 m=8 vals=[{0:4,2:3,6:2,7:8},{1:2,5:10,6:6,7:3},{2:6,3:4,4:1,7:8},{3:3,4:2,5:4}]
k4_certs_4_n4_3.json.gz#234 amax_ndx2 n=4 m=8 vals=[{0:6,2:8,6:1,7:4},{1:6,5:3,6:2,7:10},{2:4,3:5,4:6,7:8},{3:4,4:2,5:3}]
k4_certs_4_n4_3.json.gz#234 amax_ndx2 n=4 m=8 vals=[{0:3,2:10,6:6,7:2},{1:6,5:2,6:3,7:10},{2:3,3:6,4:5,7:7},{3:2,4:4,5:3}]
k4_certs_4_n4_3.json.gz#234 keys_distinct_g n=4 m=8 vals=[{0:2,2:3,6:6,7:10},{1:4,5:8,6:3,7:2},{2:7,3:4,4:2,7:10},{3:3,4:2,5:4}]
k4_certs_4_n4_3.json.gz#236 keys_distinct_g n=4 m=8 vals=[{0:2,2:4,6:8,7:7},{1:3,6:4,7:2},{2:2,3:10,4:3,5:6},{3:10,4:3,5:4,7:8}]
k4_certs_4_n4_3.json.gz#236 keys_distinct_g n=4 m=8 vals=[{0:2,2:4,6:8,7:3},{1:2,6:4,7:3},{2:3,3:4,4:8,5:2},{3:3,4:8,5:4,7:6}]
k4_certs_4_n4_3.json.gz#240 keys_distinct_g n=4 m=8 vals=[{0:3,1:4,2:8,6:2},{1:6,2:8,5:1,7:4},{3:2,4:10,5:6,6:3},{3:2,4:4,7:3}]
k4_certs_4_n4_3.json.gz#242 keys_distinct_g n=4 m=8 vals=[{0:1,2:4,3:8,6:6},{1:10,2:4,5:2,7:7},{1:8,4:4,5:2,6:3},{3:4,4:3,7:2}]
k4_certs_4_n4_3.json.gz#242 keys_distinct_g n=4 m=8 vals=[{0:1,2:4,3:6,6:8},{1:2,2:4,5:7,7:10},{1:2,4:6,5:3,6:10},{3:2,4:3,7:4}]
k4_certs_4_n4_3.json.gz#241 keys_distinct_g n=4 m=8 vals=[{0:4,1:2,2:8,7:5},{1:3,2:10,5:6,6:2},{3:8,4:2,5:4,6:3},{3:4,4:3,7:2}]
k4_certs_4_n4_3.json.gz#241 keys_distinct_g n=4 m=8 vals=[{0:3,1:4,2:10,7:8},{1:4,2:8,5:3,6:2},{3:6,4:10,5:2,6:3},{3:3,4:4,7:2}]
k4_certs_4_n4_3.json.gz#244 keys_distinct_g n=4 m=8 vals=[{0:2,2:3,7:4},{1:10,2:6,3:2,6:7},{1:8,4:3,5:2,6:4},{3:4,4:2,5:3,7:8}]
k4_certs_4_n4_3.json.gz#243 keys_distinct_g n=4 m=8 vals=[{0:2,2:3,3:4,7:8},{1:8,2:4,5:3,6:2},{1:10,4:7,5:2,6:6},{3:3,4:2,7:4}]
k4_certs_4_n4_3.json.gz#247 keys_distinct_g n=4 m=9 vals=[{0:2,2:6,4:10,7:3},{1:7,3:2,6:4,8:10},{4:8,5:4,6:5,8:2},{5:3,7:2,8:4}]
k4_certs_4_n4_3.json.gz#247 keys_distinct_g n=4 m=9 vals=[{0:2,2:6,4:3,7:10},{1:2,3:4,6:8,8:3},{4:6,5:7,6:10,8:2},{5:2,7:4,8:3}]
k4_certs_4_n4_3.json.gz#247 amax_ndx2 n=4 m=9 vals=[{0:2,2:3,4:8,7:4},{1:6,3:2,6:3,8:10},{4:6,5:7,6:5,8:3},{5:4,7:3,8:2}]
k4_certs_4_n4_3.json.gz#247 amax_ndx2 n=4 m=9 vals=[{0:2,2:3,4:8,7:4},{1:6,3:2,6:3,8:10},{4:6,5:7,6:5,8:3},{5:4,7:3,8:2}]
k4_certs_4_n4_3.json.gz#246 keys_distinct_g n=4 m=9 vals=[{0:3,2:4,4:8,5:2},{1:3,3:6,7:10,8:8},{4:10,5:2,6:4,8:7},{6:3,7:4,8:2}]
k4_certs_4_n4_3.json.gz#246 keys_distinct_g n=4 m=9 vals=[{0:6,2:2,4:10,5:3},{1:2,3:6,7:3,8:10},{4:8,5:4,6:5,8:6},{6:2,7:3,8:4}]
k4_certs_4_n4_3.json.gz#246 amax_ndx2 n=4 m=9 vals=[{0:4,2:3,4:8,5:2},{1:4,3:3,7:2,8:8},{4:2,5:7,6:4,8:8},{6:4,7:3,8:2}]
k4_certs_4_n4_3.json.gz#246 amax_not_cert2 n=4 m=9 vals=[{0:7,2:2,4:4,5:10},{1:3,3:4,7:2,8:8},{4:2,5:5,6:8,8:4},{6:4,7:2,8:3}]
k4_certs_4_n4_3.json.gz#246 amax_not_cert2 n=4 m=9 vals=[{0:7,2:2,4:4,5:10},{1:3,3:4,7:2,8:8},{4:2,5:5,6:8,8:4},{6:4,7:2,8:3}]
k4_certs_4_n4_3.json.gz#246 amax_ndx2 n=4 m=9 vals=[{0:3,2:4,4:2,5:8},{1:2,3:4,7:3,8:8},{4:6,5:3,6:4,8:8},{6:4,7:3,8:2}]
k4_certs_4_n4_3.json.gz#248 keys_distinct_g n=4 m=9 vals=[{0:2,2:3,4:6,7:10},{1:6,3:3,7:10,8:8},{4:2,5:3,6:8,8:4},{5:2,6:4,8:3}]
k4_certs_4_n4_3.json.gz#248 keys_distinct_g n=4 m=9 vals=[{0:6,2:3,4:10,7:2},{1:3,3:6,7:2,8:10},{4:8,5:4,6:5,8:6},{5:3,6:2,8:4}]
k4_certs_4_n4_3.json.gz#249 keys_distinct_g n=4 m=9 vals=[{0:3,2:4,4:8,8:10},{1:2,3:4,7:3,8:8},{4:6,5:8,6:3,7:4},{5:4,6:3,8:2}]
k4_certs_4_n4_3.json.gz#249 FAIL_glob_r,lamU n=4 m=9 vals=[{0:3,2:4,4:2,8:8},{1:2,3:5,7:4,8:8},{4:8,5:3,6:4,7:10},{5:3,6:2,8:4}]
k4_certs_4_n4_3.json.gz#249 keys_distinct_g n=4 m=9 vals=[{0:2,2:4,4:7,8:8},{1:3,3:4,7:8,8:2},{4:6,5:7,6:2,7:10},{5:2,6:3,8:4}]
k4_certs_4_n4_3.json.gz#249 FAIL_glob_r,lamU n=4 m=9 vals=[{0:6,2:1,4:4,8:8},{1:6,3:2,7:3,8:10},{4:10,5:3,6:2,7:6},{5:3,6:2,8:4}]
k4_certs_4_n4_3.json.gz#249 amax_ndx2 n=4 m=9 vals=[{0:3,2:4,4:8,8:2},{1:6,3:3,7:10,8:2},{4:8,5:7,6:4,7:2},{5:2,6:4,8:3}]
k4_certs_4_n4_3.json.gz#251 key_noncompletable n=4 m=9 vals=[{0:3,2:4,7:2,8:8},{1:6,3:5,7:4,8:8},{4:2,5:7,6:6,8:10},{4:2,5:4,6:3}]
k4_certs_4_n4_3.json.gz#251 key_noncompletable n=4 m=9 vals=[{0:6,2:2,7:3,8:10},{1:5,3:4,7:6,8:8},{4:3,5:6,6:8,8:10},{4:3,5:2,6:4}]
k4_certs_4_n4_3.json.gz#250 keys_distinct_g n=4 m=9 vals=[{0:4,2:3,4:8,8:2},{1:3,3:2,7:10,8:6},{4:10,5:4,6:3,8:8},{5:3,6:2,7:4}]
k4_certs_4_n4_3.json.gz#250 amax_ndx2 n=4 m=9 vals=[{0:1,2:4,4:8,8:6},{1:3,3:4,7:2,8:8},{4:5,5:6,6:3,8:7},{5:2,6:4,7:3}]
k4_certs_4_n4_3.json.gz#250 keys_distinct_g n=4 m=9 vals=[{0:3,2:2,4:6,8:10},{1:3,3:4,7:6,8:8},{4:3,5:10,6:6,8:8},{5:4,6:3,7:2}]
k4_certs_4_n4_3.json.gz#250 FAIL_glob_r,lamU n=4 m=9 vals=[{0:2,2:6,4:3,8:10},{1:3,3:6,7:5,8:7},{4:6,5:2,6:3,8:10},{5:3,6:2,7:4}]
k4_certs_4_n4_3.json.gz#250 amax_ndx2 n=4 m=9 vals=[{0:5,2:2,4:4,8:8},{1:6,3:3,7:2,8:10},{4:3,5:8,6:4,8:10},{5:2,6:4,7:3}]
k4_certs_4_n4_3.json.gz#250 FAIL_glob_r,lamU n=4 m=9 vals=[{0:3,2:6,4:2,8:10},{1:3,3:6,7:4,8:8},{4:2,5:6,6:7,8:10},{5:4,6:2,7:3}]
k4_certs_4_n4_3.json.gz#254 keys_distinct_g n=4 m=9 vals=[{0:2,2:6,5:10,6:7},{1:3,4:2,7:10,8:6},{3:4,5:8,7:1,8:6},{6:2,7:4,8:3}]
k4_certs_4_n4_3.json.gz#254 keys_distinct_g n=4 m=9 vals=[{0:5,2:2,5:8,6:4},{1:3,4:2,7:8,8:4},{3:7,5:10,7:2,8:6},{6:2,7:4,8:3}]
k4_certs_4_n4_3.json.gz#254 amax_ndx2 n=4 m=9 vals=[{0:4,2:2,5:8,6:3},{1:6,4:3,7:8,8:10},{3:6,5:8,7:5,8:4},{6:2,7:4,8:3}]
k4_certs_4_n4_3.json.gz#254 amax_ndx2 n=4 m=9 vals=[{0:3,2:6,5:10,6:2},{1:2,4:7,7:4,8:10},{3:6,5:8,7:3,8:4},{6:3,7:4,8:2}]
k4_certs_4_n4_3.json.gz#253 keys_distinct_g n=4 m=9 vals=[{0:4,2:2,6:8,7:5},{1:1,4:6,6:4,8:8},{3:1,5:6,7:4,8:8},{6:4,7:3,8:2}]
k4_certs_4_n4_3.json.gz#253 keys_distinct_g n=4 m=9 vals=[{0:4,2:2,6:7,7:8},{1:6,4:1,6:8,8:4},{3:5,5:2,7:8,8:4},{6:4,7:3,8:2}]
k4_certs_4_n4_3.json.gz#255 amax_ndx2 n=4 m=9 vals=[{0:3,2:2,5:8,7:4},{1:3,4:2,6:6,8:10},{3:6,5:3,7:4,8:8},{6:2,7:4,8:3}]
k4_certs_4_n4_3.json.gz#255 amax_ndx2 n=4 m=9 vals=[{0:3,2:2,5:8,7:4},{1:3,4:2,6:6,8:10},{3:6,5:3,7:4,8:8},{6:2,7:4,8:3}]
k4_certs_4_n4_3.json.gz#255 keys_distinct_g n=4 m=9 vals=[{0:6,2:2,5:10,7:7},{1:3,4:2,6:10,8:6},{3:5,5:8,7:4,8:6},{6:4,7:2,8:3}]
k4_certs_4_n4_3.json.gz#255 keys_distinct_g n=4 m=9 vals=[{0:4,2:2,5:8,7:5},{1:4,4:2,6:8,8:3},{3:3,5:10,7:8,8:6},{6:4,7:2,8:3}]
k4_certs_4_n4_3.json.gz#255 prof_cert n=4 m=9 vals=[{0:3,2:2,5:10,7:6},{1:4,4:2,6:5,8:8},{3:4,5:10,7:2,8:7},{6:2,7:3,8:4}]
k4_certs_4_n4_3.json.gz#255 amax_not_cert2 n=4 m=9 vals=[{0:3,2:2,5:10,7:6},{1:4,4:2,6:5,8:8},{3:4,5:10,7:2,8:7},{6:2,7:3,8:4}]
k4_certs_4_n4_3.json.gz#255 amax_not_cert2 n=4 m=9 vals=[{0:3,2:2,5:10,7:6},{1:4,4:2,6:5,8:8},{3:4,5:10,7:2,8:7},{6:2,7:3,8:4}]
k4_certs_4_n4_3.json.gz#252 keys_distinct_g n=4 m=9 vals=[{0:2,2:7,6:10,8:4},{1:6,4:2,7:10,8:7},{3:3,5:4,7:8,8:6},{6:4,7:3,8:2}]
k4_certs_4_n4_3.json.gz#252 keys_distinct_g n=4 m=9 vals=[{0:6,2:3,6:10,8:8},{1:6,4:1,7:8,8:4},{3:2,5:7,7:10,8:6},{6:4,7:3,8:2}]
k4_certs_4_n4_3.json.gz#252 FAIL_glob_r,lamU n=4 m=9 vals=[{0:7,2:4,6:2,8:10},{1:3,4:4,7:2,8:8},{3:3,5:6,7:2,8:10},{6:4,7:3,8:2}]
k4_certs_4_n4_3.json.gz#252 FAIL_glob_r,lamU n=4 m=9 vals=[{0:4,2:8,6:3,8:10},{1:6,4:3,7:2,8:10},{3:4,5:3,7:2,8:8},{6:4,7:2,8:3}]
k4_certs_4_n4_3.json.gz#252 amax_not_cert2 n=4 m=9 vals=[{0:3,2:2,6:10,8:6},{1:8,4:1,7:6,8:4},{3:4,5:2,7:5,8:8},{6:4,7:2,8:3}]
k4_certs_4_n4_3.json.gz#252 amax_not_cert2 n=4 m=9 vals=[{0:3,2:2,6:10,8:6},{1:8,4:1,7:6,8:4},{3:4,5:2,7:5,8:8},{6:4,7:2,8:3}]
k4_certs_4_n4_3.json.gz#252 key_noncompletable n=4 m=9 vals=[{0:3,2:6,6:5,8:7},{1:6,4:2,7:7,8:10},{3:4,5:3,7:6,8:8},{6:2,7:3,8:4}]
k4_certs_4_n4_3.json.gz#252 key_no_t0 n=4 m=9 vals=[{0:3,2:6,6:5,8:7},{1:6,4:2,7:7,8:10},{3:4,5:3,7:6,8:8},{6:2,7:3,8:4}]
k4_certs_4_n4_3.json.gz#256 amax_ndx2 n=4 m=9 vals=[{0:2,2:3,5:8,8:4},{1:3,4:2,7:6,8:10},{3:6,5:3,6:8,8:4},{6:4,7:3,8:2}]
k4_certs_4_n4_3.json.gz#256 amax_ndx2 n=4 m=9 vals=[{0:2,2:3,5:8,8:4},{1:3,4:2,7:6,8:10},{3:6,5:3,6:8,8:4},{6:4,7:3,8:2}]
k4_certs_4_n4_3.json.gz#256 FAIL_glob_r,lamU n=4 m=9 vals=[{0:7,2:2,5:6,8:10},{1:3,4:4,7:2,8:8},{3:8,5:6,6:3,8:10},{6:2,7:3,8:4}]
k4_certs_4_n4_3.json.gz#256 keys_distinct_g n=4 m=9 vals=[{0:1,2:4,5:8,8:6},{1:3,4:6,7:10,8:8},{3:2,5:8,6:4,8:3},{6:3,7:4,8:2}]
k4_certs_4_n4_3.json.gz#256 FAIL_glob_r,lamU n=4 m=9 vals=[{0:6,2:3,5:2,8:10},{1:6,4:1,7:4,8:8},{3:4,5:6,6:5,8:8},{6:2,7:4,8:3}]
k4_certs_4_n4_3.json.gz#256 keys_distinct_g n=4 m=9 vals=[{0:2,2:4,5:8,8:3},{1:7,4:2,7:10,8:4},{3:5,5:8,6:2,8:4},{6:3,7:4,8:2}]
k4_certs_4_n4_3.json.gz#256 amax_not_cert2 n=4 m=9 vals=[{0:3,2:4,5:6,8:8},{1:2,4:3,7:10,8:6},{3:3,5:4,6:6,8:8},{6:2,7:4,8:3}]
k4_certs_4_n4_3.json.gz#256 amax_not_cert2 n=4 m=9 vals=[{0:3,2:4,5:6,8:8},{1:2,4:3,7:10,8:6},{3:3,5:4,6:6,8:8},{6:2,7:4,8:3}]
k4_certs_4_n4_3.json.gz#256 prof_cert n=4 m=9 vals=[{0:3,2:4,5:10,8:8},{1:2,4:5,7:4,8:8},{3:2,5:10,6:6,8:7},{6:3,7:2,8:4}]
k4_certs_4_n4_3.json.gz#256 prof_cert2 n=4 m=9 vals=[{0:3,2:4,5:10,8:8},{1:2,4:5,7:4,8:8},{3:2,5:10,6:6,8:7},{6:3,7:2,8:4}]
k4_certs_4_n4_3.json.gz#257 keys_distinct_g n=4 m=9 vals=[{0:4,2:3,5:8,8:6},{1:2,4:3,7:8,8:4},{3:2,5:10,6:7,7:4},{6:2,7:4,8:3}]
k4_certs_4_n4_3.json.gz#257 keys_distinct_g n=4 m=9 vals=[{0:3,2:4,5:6,8:8},{1:2,4:6,7:3,8:10},{3:2,5:6,6:10,7:7},{6:4,7:2,8:3}]
k4_certs_4_n4_3.json.gz#257 amax_not_cert2 n=4 m=9 vals=[{0:3,2:2,5:10,8:6},{1:2,4:4,7:10,8:7},{3:2,5:10,6:7,7:4},{6:3,7:4,8:2}]
k4_certs_4_n4_3.json.gz#259 keys_distinct_g n=4 m=9 vals=[{0:2,2:4,5:5,7:8},{1:3,4:2,6:4,8:8},{3:2,7:4,8:3},{5:5,6:3,7:6,8:7}]
k4_certs_4_n4_3.json.gz#259 amax_ndx2 n=4 m=9 vals=[{0:3,2:6,5:2,7:10},{1:2,4:4,6:8,8:3},{3:2,7:3,8:4},{5:8,6:4,7:10,8:3}]
k4_certs_4_n4_3.json.gz#259 amax_ndx2 n=4 m=9 vals=[{0:2,2:6,5:10,7:7},{1:3,4:6,6:2,8:10},{3:3,7:4,8:2},{5:3,6:8,7:10,8:6}]
k4_certs_4_n4_3.json.gz#259 keys_distinct_g n=4 m=9 vals=[{0:7,2:2,5:6,7:10},{1:6,4:3,6:2,8:10},{3:2,7:4,8:3},{5:6,6:3,7:4,8:8}]
k4_certs_4_n4_3.json.gz#258 keys_distinct_g n=4 m=9 vals=[{0:3,2:2,5:4,6:8},{1:4,4:3,7:8,8:6},{3:3,7:4,8:2},{5:4,6:8,7:2,8:5}]
k4_certs_4_n4_3.json.gz#258 amax_ndx2 n=4 m=9 vals=[{0:2,2:5,5:8,6:4},{1:4,4:2,7:8,8:5},{3:3,7:2,8:4},{5:3,6:8,7:4,8:10}]
k4_certs_4_n4_3.json.gz#258 amax_ndx2 n=4 m=9 vals=[{0:2,2:5,5:8,6:4},{1:4,4:2,7:8,8:5},{3:3,7:2,8:4},{5:3,6:8,7:4,8:10}]
k4_certs_4_n4_3.json.gz#258 amax_not_cert2 n=4 m=9 vals=[{0:2,2:5,5:8,6:4},{1:4,4:2,7:8,8:3},{3:2,7:3,8:4},{5:4,6:2,7:3,8:8}]
k4_certs_4_n4_3.json.gz#258 amax_not_cert2 n=4 m=9 vals=[{0:2,2:5,5:8,6:4},{1:4,4:2,7:8,8:3},{3:2,7:3,8:4},{5:4,6:2,7:3,8:8}]
k4_certs_4_n4_3.json.gz#258 keys_distinct_g n=4 m=9 vals=[{0:4,2:2,5:3,6:8},{1:1,4:6,7:8,8:4},{3:2,7:4,8:3},{5:3,6:7,7:5,8:6}]
k4_certs_4_n4_3.json.gz#258 prof_cert n=4 m=9 vals=[{0:3,2:4,5:6,6:8},{1:4,4:2,7:8,8:7},{3:2,7:3,8:4},{5:5,6:6,7:7,8:3}]
k4_certs_4_n4_3.json.gz#258 prof_cert2 n=4 m=9 vals=[{0:3,2:4,5:6,6:8},{1:4,4:2,7:8,8:7},{3:2,7:3,8:4},{5:5,6:6,7:7,8:3}]
k4_certs_4_n4_3.json.gz#263 amax_ndx2 n=4 m=9 vals=[{0:1,2:6,6:8,7:4},{1:6,4:3,7:10,8:2},{3:3,5:2,8:4},{5:5,6:8,7:4,8:6}]
k4_certs_4_n4_3.json.gz#263 amax_ndx2 n=4 m=9 vals=[{0:4,2:3,6:2,7:8},{1:3,4:6,7:8,8:10},{3:2,5:4,8:3},{5:3,6:5,7:7,8:6}]
k4_certs_4_n4_3.json.gz#263 keys_distinct_g n=4 m=9 vals=[{0:3,2:2,6:4,7:8},{1:2,4:7,7:10,8:4},{3:3,5:4,8:2},{5:8,6:4,7:2,8:3}]
k4_certs_4_n4_3.json.gz#263 keys_distinct_g n=4 m=9 vals=[{0:2,2:3,6:6,7:10},{1:2,4:7,7:10,8:6},{3:3,5:4,8:2},{5:8,6:2,7:4,8:5}]
k4_certs_4_n4_3.json.gz#263 amax_not_cert2 n=4 m=9 vals=[{0:2,2:7,6:4,7:10},{1:3,4:4,7:2,8:8},{3:2,5:4,8:3},{5:8,6:4,7:5,8:2}]
k4_certs_4_n4_3.json.gz#263 amax_not_cert2 n=4 m=9 vals=[{0:2,2:7,6:4,7:10},{1:3,4:4,7:2,8:8},{3:2,5:4,8:3},{5:8,6:4,7:5,8:2}]
k4_certs_4_n4_3.json.gz#263 FAIL_glob_r,lamU n=4 m=9 vals=[{0:3,2:6,6:5,7:7},{1:4,4:2,7:8,8:3},{3:3,5:2,8:4},{5:6,6:3,7:10,8:2}]
k4_certs_4_n4_3.json.gz#262 keys_distinct_g n=4 m=9 vals=[{0:2,2:6,6:7,7:10},{1:6,4:3,7:10,8:8},{3:1,5:6,7:4,8:8},{5:3,6:2,8:4}]
k4_certs_4_n4_3.json.gz#262 keys_distinct_g n=4 m=9 vals=[{0:2,2:3,6:4,7:8},{1:3,4:4,7:2,8:8},{3:4,5:5,7:8,8:2},{5:2,6:3,8:4}]
k4_certs_4_n4_3.json.gz#262 FAIL_glob_r,lamU n=4 m=9 vals=[{0:2,2:7,6:4,7:8},{1:3,4:4,7:8,8:2},{3:3,5:6,7:10,8:2},{5:3,6:4,8:2}]
k4_certs_4_n4_3.json.gz#262 FAIL_glob_r,lamU n=4 m=9 vals=[{0:3,2:6,6:2,7:10},{1:4,4:6,7:8,8:5},{3:3,5:6,7:10,8:2},{5:2,6:4,8:3}]
k4_certs_4_n4_3.json.gz#262 amax_ndx2 n=4 m=9 vals=[{0:2,2:4,6:3,7:8},{1:2,4:6,7:10,8:7},{3:5,5:6,7:7,8:3},{5:4,6:3,8:2}]
k4_certs_4_n4_3.json.gz#262 amax_ndx2 n=4 m=9 vals=[{0:7,2:2,6:4,7:10},{1:3,4:6,7:2,8:10},{3:4,5:5,7:6,8:8},{5:2,6:3,8:4}]
k4_certs_4_n4_3.json.gz#260 keys_distinct_g n=4 m=9 vals=[{0:4,2:3,6:8,7:2},{1:4,4:2,6:8,8:7},{3:4,5:8,7:2,8:3},{5:4,7:2,8:3}]
k4_certs_4_n4_3.json.gz#260 keys_distinct_g n=4 m=9 vals=[{0:2,2:7,6:6,7:10},{1:6,4:3,6:8,8:10},{3:4,5:1,7:8,8:6},{5:3,7:2,8:4}]
k4_certs_4_n4_3.json.gz#260 prof_cert n=4 m=9 vals=[{0:2,2:3,6:10,7:6},{1:2,4:4,6:8,8:7},{3:5,5:4,7:8,8:2},{5:2,7:3,8:4}]
k4_certs_4_n4_3.json.gz#260 prof_cert2 n=4 m=9 vals=[{0:2,2:3,6:10,7:6},{1:2,4:4,6:8,8:7},{3:5,5:4,7:8,8:2},{5:2,7:3,8:4}]
k4_certs_4_n4_3.json.gz#260 amax_not_cert2 n=4 m=9 vals=[{0:2,2:3,6:10,7:6},{1:2,4:4,6:8,8:7},{3:5,5:4,7:8,8:2},{5:2,7:3,8:4}]
k4_certs_4_n4_3.json.gz#260 amax_not_cert2 n=4 m=9 vals=[{0:2,2:3,6:10,7:6},{1:2,4:4,6:8,8:7},{3:5,5:4,7:8,8:2},{5:2,7:3,8:4}]
k4_certs_4_n4_3.json.gz#260 prof_cert n=4 m=9 vals=[{0:3,2:2,6:10,7:6},{1:4,4:3,6:10,8:8},{3:5,5:6,7:4,8:8},{5:2,7:3,8:4}]
k4_certs_4_n4_3.json.gz#260 prof_cert2 n=4 m=9 vals=[{0:3,2:2,6:10,7:6},{1:4,4:3,6:10,8:8},{3:5,5:6,7:4,8:8},{5:2,7:3,8:4}]
k4_certs_4_n4_3.json.gz#261 keys_distinct_g n=4 m=9 vals=[{0:1,2:4,6:6,8:8},{1:6,4:3,7:10,8:2},{3:3,5:2,8:4},{5:4,6:8,7:10,8:3}]
k4_certs_4_n4_3.json.gz#261 FAIL_glob_r,lamU n=4 m=9 vals=[{0:2,2:6,6:3,8:10},{1:2,4:6,7:7,8:10},{3:3,5:2,8:4},{5:6,6:7,7:10,8:2}]
k4_certs_4_n4_3.json.gz#261 amax_ndx2 n=4 m=9 vals=[{0:6,2:1,6:4,8:8},{1:3,4:6,7:10,8:2},{3:3,5:4,8:2},{5:4,6:6,7:8,8:3}]
k4_certs_4_n4_3.json.gz#261 amax_ndx2 n=4 m=9 vals=[{0:6,2:2,6:3,8:10},{1:6,4:1,7:8,8:4},{3:3,5:4,8:2},{5:8,6:4,7:5,8:6}]
k4_certs_4_n4_3.json.gz#261 FAIL_glob_r,lamU n=4 m=9 vals=[{0:3,2:4,6:6,8:8},{1:3,4:6,7:2,8:10},{3:2,5:3,8:4},{5:3,6:8,7:6,8:10}]
k4_certs_4_n4_3.json.gz#261 keys_distinct_g n=4 m=9 vals=[{0:3,2:6,6:8,8:10},{1:4,4:2,7:3,8:8},{3:2,5:4,8:3},{5:10,6:6,7:8,8:3}]
k4_certs_4_n4_3.json.gz#265 keys_distinct_g n=4 m=9 vals=[{0:2,2:4,7:7,8:10},{1:3,4:2,7:10,8:6},{3:6,5:4,6:3,7:8},{5:3,6:2,8:4}]
k4_certs_4_n4_3.json.gz#265 keys_distinct_g n=4 m=9 vals=[{0:1,2:6,7:8,8:4},{1:2,4:7,7:10,8:6},{3:2,5:8,6:5,7:4},{5:4,6:2,8:3}]
k4_certs_4_n4_3.json.gz#265 FAIL_glob_r,lamU n=4 m=9 vals=[{0:3,2:6,7:10,8:2},{1:6,4:4,7:8,8:5},{3:2,5:3,6:4,7:8},{5:3,6:2,8:4}]
k4_certs_4_n4_3.json.gz#265 FAIL_glob_r,lamU n=4 m=9 vals=[{0:7,2:4,7:10,8:2},{1:4,4:3,7:8,8:2},{3:4,5:3,6:2,7:8},{5:2,6:3,8:4}]
k4_certs_4_n4_3.json.gz#266 amax_ndx2 n=4 m=9 vals=[{0:2,2:6,7:10,8:7},{1:3,4:2,7:6,8:10},{3:3,5:4,6:2},{5:3,6:8,7:10,8:6}]
k4_certs_4_n4_3.json.gz#266 amax_ndx2 n=4 m=9 vals=[{0:4,2:3,7:6,8:8},{1:3,4:6,7:10,8:8},{3:3,5:4,6:2},{5:3,6:6,7:8,8:4}]
k4_certs_4_n4_3.json.gz#266 FAIL_glob_r,lamU n=4 m=9 vals=[{0:3,2:6,7:2,8:10},{1:3,4:6,7:2,8:10},{3:3,5:2,6:4},{5:4,6:2,7:7,8:8}]
k4_certs_4_n4_3.json.gz#264 keys_distinct_g n=4 m=9 vals=[{0:7,2:2,7:10,8:4},{1:3,4:4,7:8,8:2},{3:4,5:3,6:10,8:8},{5:3,6:4,8:2}]
k4_certs_4_n4_3.json.gz#264 keys_distinct_g n=4 m=9 vals=[{0:6,2:2,7:10,8:7},{1:4,4:2,7:8,8:3},{3:4,5:8,6:2,8:7},{5:4,6:3,8:2}]
k4_certs_4_n4_3.json.gz#264 FAIL_glob_r,lamU n=4 m=9 vals=[{0:3,2:6,7:5,8:7},{1:2,4:3,7:6,8:10},{3:3,5:6,6:2,8:10},{5:3,6:4,8:2}]
k4_certs_4_n4_3.json.gz#268 amax_ndx2 n=4 m=9 vals=[{0:6,2:2,6:10,8:7},{1:2,5:6,7:10,8:7},{3:8,6:6,7:10,8:3},{4:3,7:2,8:4}]
k4_certs_4_n4_3.json.gz#268 keys_distinct_g n=4 m=9 vals=[{0:2,2:4,6:8,8:5},{1:3,5:4,7:6,8:8},{3:5,6:7,7:6,8:3},{4:3,7:2,8:4}]
k4_certs_4_n4_3.json.gz#268 keys_distinct_g n=4 m=9 vals=[{0:2,2:4,6:8,8:3},{1:4,5:3,7:2,8:8},{3:7,6:8,7:4,8:2},{4:2,7:3,8:4}]
k4_certs_4_n4_3.json.gz#268 amax_ndx2 n=4 m=9 vals=[{0:2,2:7,6:10,8:4},{1:4,5:3,7:6,8:8},{3:8,6:10,7:3,8:4},{4:2,7:4,8:3}]
k4_certs_4_n4_3.json.gz#268 prof_cert n=4 m=9 vals=[{0:4,2:2,6:7,8:10},{1:4,5:2,7:8,8:7},{3:7,6:2,7:10,8:6},{4:3,7:2,8:4}]
k4_certs_4_n4_3.json.gz#268 prof_cert2 n=4 m=9 vals=[{0:4,2:2,6:7,8:10},{1:4,5:2,7:8,8:7},{3:7,6:2,7:10,8:6},{4:3,7:2,8:4}]
k4_certs_4_n4_3.json.gz#268 amax_not_cert2 n=4 m=9 vals=[{0:4,2:2,6:7,8:10},{1:4,5:2,7:8,8:7},{3:7,6:2,7:10,8:6},{4:3,7:2,8:4}]
k4_certs_4_n4_3.json.gz#268 amax_not_cert2 n=4 m=9 vals=[{0:4,2:2,6:7,8:10},{1:4,5:2,7:8,8:7},{3:7,6:2,7:10,8:6},{4:3,7:2,8:4}]
k4_certs_4_n4_3.json.gz#268 FAIL_glob_r,lamU n=4 m=9 vals=[{0:4,2:7,6:2,8:10},{1:3,5:6,7:2,8:10},{3:3,6:4,7:2,8:8},{4:4,7:3,8:2}]
k4_certs_4_n4_3.json.gz#268 FAIL_glob_r,lamU n=4 m=9 vals=[{0:3,2:4,6:2,8:8},{1:2,5:7,7:4,8:8},{3:4,6:2,7:3,8:8},{4:3,7:4,8:2}]
k4_certs_4_n4_3.json.gz#267 FAIL_glob_r,lamU n=4 m=9 vals=[{0:6,2:2,7:10,8:3},{1:7,5:2,7:10,8:6},{3:6,6:4,7:8,8:5},{4:3,7:2,8:4}]
k4_certs_4_n4_3.json.gz#267 FAIL_glob_r,lamU n=4 m=9 vals=[{0:2,2:3,7:6,8:10},{1:6,5:3,7:4,8:8},{3:4,6:3,7:2,8:8},{4:4,7:2,8:3}]
k4_certs_4_n4_3.json.gz#269 amax_ndx2 n=4 m=9 vals=[{0:4,2:2,7:3,8:8},{1:7,5:2,7:10,8:6},{3:4,6:8,7:6,8:5},{4:3,6:4,8:2}]
k4_certs_4_n4_3.json.gz#269 amax_ndx2 n=4 m=9 vals=[{0:4,2:2,7:3,8:8},{1:7,5:2,7:10,8:6},{3:4,6:8,7:6,8:5},{4:3,6:4,8:2}]
k4_certs_4_n4_3.json.gz#269 FAIL_glob_r,lamU n=4 m=9 vals=[{0:3,2:6,7:8,8:10},{1:6,5:3,7:8,8:10},{3:8,6:4,7:10,8:3},{4:2,6:3,8:4}]
k4_certs_4_n4_3.json.gz#269 FAIL_glob_r,lamU n=4 m=9 vals=[{0:3,2:2,7:4,8:8},{1:1,5:6,7:4,8:8},{3:5,6:4,7:8,8:2},{4:3,6:2,8:4}]
k4_certs_4_n4_3.json.gz#269 keys_distinct_g n=4 m=9 vals=[{0:2,2:7,7:10,8:4},{1:2,5:4,7:8,8:7},{3:2,6:10,7:3,8:6},{4:3,6:4,8:2}]
k4_certs_4_n4_3.json.gz#269 keys_distinct_g n=4 m=9 vals=[{0:5,2:2,7:4,8:8},{1:6,5:2,7:10,8:3},{3:4,6:8,7:10,8:3},{4:2,6:3,8:4}]
k4_certs_4_n4_3.json.gz#270 keys_distinct_g n=4 m=9 vals=[{0:3,2:4,6:8,7:6},{1:2,5:4,6:8,8:5},{3:6,6:8,7:10,8:3},{4:3,7:4,8:2}]
k4_certs_4_n4_3.json.gz#270 keys_distinct_g n=4 m=9 vals=[{0:2,2:7,6:6,7:10},{1:6,5:2,6:10,8:3},{3:6,6:8,7:4,8:3},{4:2,7:4,8:3}]
k4_certs_4_n4_3.json.gz#270 amax_ndx2 n=4 m=9 vals=[{0:6,2:2,6:10,7:3},{1:7,5:2,6:6,8:10},{3:3,6:7,7:6,8:5},{4:3,7:4,8:2}]
k4_certs_4_n4_3.json.gz#270 amax_ndx2 n=4 m=9 vals=[{0:6,2:3,6:10,7:8},{1:2,5:4,6:8,8:7},{3:6,6:5,7:8,8:4},{4:3,7:4,8:2}]
k4_certs_4_n4_3.json.gz#271 amax_ndx2 n=4 m=9 vals=[{0:6,2:2,5:10,6:3},{1:6,5:3,7:7,8:5},{3:4,6:2,7:8,8:5},{4:3,7:2,8:4}]
k4_certs_4_n4_3.json.gz#271 amax_ndx2 n=4 m=9 vals=[{0:2,2:3,5:10,6:6},{1:5,5:6,7:3,8:7},{3:3,6:4,7:6,8:8},{4:3,7:2,8:4}]
k4_certs_4_n4_3.json.gz#271 keys_distinct_g n=4 m=9 vals=[{0:4,2:2,5:8,6:3},{1:8,5:10,7:6,8:3},{3:2,6:3,7:6,8:10},{4:3,7:2,8:4}]
k4_certs_4_n4_3.json.gz#271 keys_distinct_g n=4 m=9 vals=[{0:2,2:6,5:3,6:10},{1:6,5:2,7:10,8:7},{3:8,6:10,7:4,8:3},{4:2,7:4,8:3}]
k4_certs_4_n4_3.json.gz#272 keys_distinct_g n=4 m=9 vals=[{0:3,2:4,5:10,8:8},{1:6,5:10,7:2,8:7},{3:4,6:10,7:3,8:8},{4:3,6:4,8:2}]
k4_certs_4_n4_3.json.gz#272 FAIL_glob_r,lamU n=4 m=9 vals=[{0:2,2:3,5:4,8:8},{1:6,5:3,7:2,8:10},{3:6,6:3,7:8,8:4},{4:2,6:3,8:4}]
k4_certs_4_n4_3.json.gz#272 keys_distinct_g n=4 m=9 vals=[{0:3,2:4,5:8,8:2},{1:3,5:10,7:4,8:8},{3:3,6:10,7:6,8:2},{4:3,6:4,8:2}]
k4_certs_4_n4_3.json.gz#272 FAIL_glob_r,lamU n=4 m=9 vals=[{0:3,2:8,5:4,8:10},{1:3,5:6,7:2,8:10},{3:2,6:3,7:4,8:8},{4:3,6:4,8:2}]
k4_certs_4_n4_3.json.gz#272 amax_ndx2 n=4 m=9 vals=[{0:2,2:3,5:4,8:8},{1:2,5:4,7:10,8:7},{3:6,6:8,7:5,8:4},{4:3,6:4,8:2}]
k4_certs_4_n4_3.json.gz#272 amax_ndx2 n=4 m=9 vals=[{0:2,2:3,5:4,8:8},{1:2,5:4,7:10,8:7},{3:6,6:8,7:5,8:4},{4:3,6:4,8:2}]
k4_certs_4_n4_3.json.gz#274 keys_distinct_g n=4 m=9 vals=[{0:4,2:2,5:3,7:8},{1:4,5:1,7:8,8:6},{3:3,6:8,7:4,8:2},{4:3,6:4,8:2}]
k4_certs_4_n4_3.json.gz#274 amax_ndx2 n=4 m=9 vals=[{0:2,2:6,5:3,7:10},{1:2,5:7,7:4,8:10},{3:4,6:8,7:5,8:6},{4:3,6:4,8:2}]
k4_certs_4_n4_3.json.gz#274 amax_ndx2 n=4 m=9 vals=[{0:2,2:6,5:3,7:10},{1:2,5:7,7:4,8:10},{3:4,6:8,7:5,8:6},{4:3,6:4,8:2}]
k4_certs_4_n4_3.json.gz#274 keys_distinct_g n=4 m=9 vals=[{0:6,2:3,5:10,7:2},{1:4,5:8,7:2,8:5},{3:1,6:8,7:4,8:6},{4:3,6:4,8:2}]
k4_certs_4_n4_3.json.gz#273 keys_distinct_g n=4 m=9 vals=[{0:4,2:2,5:8,8:5},{1:2,5:4,8:3},{3:3,6:4,7:10,8:8},{4:3,6:2,7:8,8:4}]
k4_certs_4_n4_3.json.gz#273 FAIL_glob_r,lamU n=4 m=9 vals=[{0:4,2:2,5:3,8:8},{1:4,5:2,8:3},{3:3,6:6,7:2,8:10},{4:5,6:6,7:3,8:7}]
k4_certs_4_n4_3.json.gz#273 FAIL_glob_r,lamU n=4 m=9 vals=[{0:6,2:3,5:2,8:10},{1:2,5:3,8:4},{3:2,6:5,7:4,8:8},{4:8,6:10,7:4,8:3}]
k4_certs_4_n4_3.json.gz#273 keys_distinct_g n=4 m=9 vals=[{0:4,2:3,5:8,8:2},{1:2,5:4,8:3},{3:4,6:8,7:2,8:3},{4:2,6:10,7:7,8:4}]
k4_certs_4_n4_3.json.gz#275 keys_distinct_g n=4 m=9 vals=[{0:6,2:2,5:10,7:3},{1:2,5:4,8:3},{3:3,6:8,7:4,8:6},{4:3,6:10,7:4,8:8}]
k4_certs_4_n4_3.json.gz#275 FAIL_glob_r,lamU n=4 m=9 vals=[{0:4,2:2,5:3,7:8},{1:3,5:4,8:2},{3:5,6:6,7:8,8:4},{4:3,6:6,7:10,8:2}]
k4_certs_4_n4_3.json.gz#275 keys_distinct_g n=4 m=9 vals=[{0:6,2:1,5:4,7:8},{1:3,5:2,8:4},{3:3,6:6,7:10,8:8},{4:1,6:6,7:4,8:8}]
k4_certs_4_n4_3.json.gz#275 FAIL_glob_r,lamU n=4 m=9 vals=[{0:6,2:3,5:2,7:10},{1:4,5:3,8:2},{3:3,6:2,7:8,8:4},{4:8,6:3,7:10,8:6}]
k4_certs_4_n4_3.json.gz#276 keys_distinct_g n=4 m=9 vals=[{0:4,2:2,6:5,8:8},{1:4,5:2,6:7,7:8},{3:2,5:4,7:8,8:3},{4:3,7:2,8:4}]
k4_certs_4_n4_3.json.gz#276 keys_distinct_g n=4 m=9 vals=[{0:3,2:6,6:10,8:8},{1:3,5:6,6:10,7:8},{3:1,5:6,7:8,8:4},{4:3,7:4,8:2}]
k4_certs_4_n4_3.json.gz#276 amax_ndx2 n=4 m=9 vals=[{0:3,2:2,6:6,8:10},{1:2,5:8,6:4,7:7},{3:3,5:6,7:5,8:7},{4:2,7:3,8:4}]
k4_certs_4_n4_3.json.gz#276 amax_not_cert2 n=4 m=9 vals=[{0:3,2:2,6:6,8:10},{1:2,5:8,6:4,7:7},{3:3,5:6,7:5,8:7},{4:2,7:3,8:4}]
k4_certs_4_n4_3.json.gz#277 keys_distinct_g n=4 m=9 vals=[{0:2,2:4,7:8,8:5},{1:3,5:4,6:6,7:8},{3:2,5:7,6:4,8:10},{4:3,7:2,8:4}]
k4_certs_4_n4_3.json.gz#277 keys_distinct_g n=4 m=9 vals=[{0:3,2:4,7:6,8:8},{1:3,5:8,6:4,7:6},{3:6,5:10,6:3,8:8},{4:2,7:3,8:4}]
k4_certs_4_n4_3.json.gz#277 FAIL_glob_r,lamU n=4 m=9 vals=[{0:3,2:6,7:2,8:10},{1:7,5:6,6:5,7:3},{3:3,5:4,6:2,8:8},{4:3,7:2,8:4}]
k4_certs_4_n4_3.json.gz#277 FAIL_glob_r,lamU n=4 m=9 vals=[{0:3,2:4,7:8,8:2},{1:2,5:4,6:7,7:10},{3:6,5:7,6:5,8:3},{4:2,7:4,8:3}]
k4_certs_4_n4_3.json.gz#278 keys_distinct_g n=4 m=9 vals=[{0:4,2:2,7:5,8:8},{1:4,5:1,6:6,7:8},{3:4,5:3,7:8,8:2},{4:3,6:2,8:4}]
k4_certs_4_n4_3.json.gz#278 keys_distinct_g n=4 m=9 vals=[{0:2,2:4,7:3,8:8},{1:3,5:8,6:10,7:6},{3:6,5:4,7:1,8:8},{4:3,6:4,8:2}]
k4_certs_4_n4_3.json.gz#278 FAIL_glob_r,lamU n=4 m=9 vals=[{0:6,2:3,7:2,8:10},{1:6,5:10,6:2,7:3},{3:6,5:3,7:2,8:10},{4:3,6:2,8:4}]
k4_certs_4_n4_3.json.gz#280 amax_ndx2 n=4 m=9 vals=[{0:3,2:4,4:2,5:8},{1:3,4:2,6:6,8:10},{3:3,5:6,7:5,8:7},{6:3,7:4,8:2}]
k4_certs_4_n4_3.json.gz#280 amax_ndx2 n=4 m=9 vals=[{0:3,2:4,4:2,5:8},{1:3,4:2,6:6,8:10},{3:3,5:6,7:5,8:7},{6:3,7:4,8:2}]
k4_certs_4_n4_3.json.gz#280 keys_distinct_g n=4 m=9 vals=[{0:6,2:2,4:10,5:3},{1:6,4:10,6:2,8:7},{3:4,5:3,7:10,8:8},{6:3,7:4,8:2}]
k4_certs_4_n4_3.json.gz#280 keys_distinct_g n=4 m=9 vals=[{0:2,2:4,4:8,5:3},{1:5,4:8,6:6,8:4},{3:2,5:3,7:8,8:4},{6:2,7:4,8:3}]
k4_certs_4_n4_3.json.gz#279 amax_ndx2 n=4 m=9 vals=[{0:3,2:4,7:2,8:8},{1:3,5:4,6:2},{3:8,5:6,7:3,8:10},{4:2,6:4,7:7,8:10}]
k4_certs_4_n4_3.json.gz#279 keys_distinct_g n=4 m=9 vals=[{0:3,2:4,7:2,8:8},{1:3,5:2,6:4},{3:4,5:5,7:2,8:8},{4:1,6:8,7:4,8:6}]
k4_certs_4_n4_3.json.gz#279 keys_distinct_g n=4 m=9 vals=[{0:4,2:3,7:8,8:2},{1:3,5:2,6:4},{3:3,5:6,7:8,8:4},{4:4,6:8,7:3,8:2}]
k4_certs_4_n4_3.json.gz#279 FAIL_glob_r,lamU n=4 m=9 vals=[{0:3,2:6,7:10,8:2},{1:3,5:2,6:4},{3:2,5:7,7:8,8:4},{4:3,6:2,7:10,8:6}]
k4_certs_4_n4_3.json.gz#279 FAIL_glob_r,lamU n=4 m=9 vals=[{0:6,2:3,7:2,8:10},{1:4,5:3,6:2},{3:8,5:4,7:3,8:10},{4:3,6:4,7:2,8:8}]
k4_certs_4_n4_3.json.gz#281 keys_distinct_g n=4 m=9 vals=[{0:3,2:6,4:2,5:10},{1:3,4:4,7:8,8:6},{3:7,6:2,7:10,8:4},{5:4,6:3,8:2}]
k4_certs_4_n4_3.json.gz#281 keys_distinct_g n=4 m=9 vals=[{0:4,2:2,4:3,5:8},{1:6,4:3,7:10,8:8},{3:2,6:3,7:8,8:4},{5:4,6:2,8:3}]
k4_certs_4_n4_3.json.gz#282 keys_distinct_g n=4 m=9 vals=[{0:6,2:3,4:10,6:2},{1:4,4:10,6:2,8:7},{3:2,5:10,7:7,8:6},{5:4,7:2,8:3}]
k4_certs_4_n4_3.json.gz#282 keys_distinct_g n=4 m=9 vals=[{0:2,2:3,4:6,6:10},{1:2,4:4,6:8,8:5},{3:2,5:8,7:3,8:4},{5:4,7:3,8:2}]
k4_certs_4_n4_3.json.gz#284 keys_distinct_g n=4 m=9 vals=[{0:4,2:3,4:8,8:2},{1:5,4:8,6:2,8:4},{3:3,5:10,6:2,7:6},{5:4,7:3,8:2}]
k4_certs_4_n4_3.json.gz#284 FAIL_glob_r,lamU n=4 m=9 vals=[{0:4,2:3,4:2,8:8},{1:6,4:3,6:2,8:10},{3:10,5:4,6:8,7:3},{5:2,7:3,8:4}]
k4_certs_4_n4_3.json.gz#284 keys_distinct_g n=4 m=9 vals=[{0:2,2:6,4:3,8:10},{1:3,4:2,6:8,8:4},{3:6,5:4,6:8,7:1},{5:2,7:3,8:4}]
k4_certs_4_n4_3.json.gz#283 keys_distinct_g n=4 m=9 vals=[{0:6,2:3,4:2,8:10},{1:7,4:2,6:10,7:6},{3:5,5:3,6:7,8:6},{5:2,7:3,8:4}]
k4_certs_4_n4_3.json.gz#283 keys_distinct_g n=4 m=9 vals=[{0:7,2:2,4:10,8:6},{1:5,4:8,6:2,7:4},{3:3,5:8,6:4,8:2},{5:4,7:3,8:2}]
k4_certs_4_n4_3.json.gz#283 amax_ndx2 n=4 m=9 vals=[{0:3,2:2,4:4,8:8},{1:4,4:3,6:8,7:2},{3:3,5:5,6:6,8:7},{5:3,7:2,8:4}]
k4_certs_4_n4_3.json.gz#285 keys_distinct_g n=4 m=9 vals=[{0:2,2:6,4:3,7:10},{1:3,4:4,6:6,8:8},{3:2,5:3,8:4},{5:4,6:5,7:8,8:2}]
k4_certs_4_n4_3.json.gz#286 keys_distinct_g n=4 m=9 vals=[{0:3,2:2,4:4,8:8},{1:2,4:4,6:3,7:8},{3:2,5:3,8:4},{5:8,6:3,7:10,8:4}]
k4_certs_4_n4_3.json.gz#286 amax_ndx2 n=4 m=9 vals=[{0:3,2:2,4:4,8:8},{1:2,4:6,6:3,7:10},{3:2,5:4,8:3},{5:3,6:6,7:4,8:8}]
k4_certs_4_n4_3.json.gz#286 FAIL_glob_r,lamU n=4 m=9 vals=[{0:2,2:6,4:7,8:10},{1:3,4:8,6:2,7:4},{3:3,5:2,8:4},{5:2,6:3,7:6,8:10}]
k4_certs_4_n4_3.json.gz#287 keys_distinct_g n=4 m=9 vals=[{0:3,2:2,4:8,7:4},{1:2,4:4,8:3},{3:4,5:8,6:1,8:6},{5:10,6:2,7:7,8:6}]
k4_certs_4_n4_3.json.gz#287 keys_distinct_g n=4 m=9 vals=[{0:6,2:3,4:10,7:2},{1:3,4:4,8:2},{3:2,5:10,6:6,8:7},{5:10,6:2,7:4,8:7}]
k4_certs_4_n4_3.json.gz#288 keys_distinct_g n=4 m=9 vals=[{0:3,2:2,4:6,8:10},{1:2,4:4,7:8,8:5},{3:6,5:5,6:4,8:8},{5:2,6:3,7:4}]
k4_certs_4_n4_3.json.gz#288 FAIL_glob_r,lamU n=4 m=9 vals=[{0:3,2:8,4:4,8:10},{1:3,4:4,7:2,8:8},{3:3,5:2,6:4,8:8},{5:4,6:3,7:2}]
k4_certs_4_n4_3.json.gz#288 keys_distinct_g n=4 m=9 vals=[{0:4,2:2,4:3,8:8},{1:4,4:2,7:8,8:3},{3:6,5:5,6:4,8:8},{5:3,6:2,7:4}]
k4_certs_4_n4_3.json.gz#289 amax_ndx2 n=4 m=9 vals=[{0:4,2:2,4:3,8:8},{1:7,4:2,7:10,8:4},{3:3,5:4,6:2},{5:6,6:5,7:7,8:3}]
k4_certs_4_n4_3.json.gz#290 keys_distinct_g n=4 m=9 vals=[{0:4,2:2,4:8,8:7},{1:3,4:4,7:2},{3:3,5:2,6:6,8:10},{5:1,6:6,7:4,8:8}]
k4_certs_4_n4_3.json.gz#290 keys_distinct_g n=4 m=9 vals=[{0:5,2:2,4:4,8:8},{1:3,4:2,7:4},{3:3,5:2,6:6,8:10},{5:2,6:4,7:10,8:7}]
k4_certs_4_n4_3.json.gz#291 FAIL_glob_r,lamU n=4 m=9 vals=[{0:3,2:6,4:2,8:10},{1:3,4:2,8:4},{3:3,5:4,6:8,7:2},{5:6,6:4,7:1,8:8}]
k4_certs_4_n4_3.json.gz#291 keys_distinct_g n=4 m=9 vals=[{0:2,2:3,4:10,8:6},{1:3,4:4,8:2},{3:2,5:6,6:3,7:10},{5:4,6:1,7:8,8:6}]
k4_certs_4_n4_3.json.gz#291 keys_distinct_g n=4 m=9 vals=[{0:6,2:3,4:10,8:2},{1:2,4:4,8:3},{3:6,5:2,6:3,7:10},{5:4,6:2,7:8,8:5}]
k4_certs_4_n4_3.json.gz#292 keys_distinct_g n=4 m=9 vals=[{0:4,2:3,7:8,8:2},{1:3,4:4,5:8,6:6},{3:4,4:2,5:10,8:7},{6:3,7:4,8:2}]
k4_certs_4_n4_3.json.gz#292 keys_distinct_g n=4 m=9 vals=[{0:3,2:2,7:6,8:10},{1:7,4:10,5:2,6:4},{3:2,4:8,5:4,8:3},{6:3,7:2,8:4}]
k4_certs_4_n4_3.json.gz#294 keys_distinct_g n=4 m=9 vals=[{0:3,2:4,7:2,8:8},{1:2,4:8,5:4,6:7},{3:3,4:4,8:2},{5:4,6:6,7:3,8:8}]
k4_certs_4_n4_3.json.gz#294 keys_distinct_g n=4 m=9 vals=[{0:3,2:4,7:8,8:6},{1:4,4:8,5:2,6:3},{3:2,4:4,8:3},{5:7,6:2,7:10,8:4}]
k4_certs_4_n4_3.json.gz#294 FAIL_glob_r,lamU n=4 m=9 vals=[{0:4,2:2,7:3,8:8},{1:2,4:3,5:4,6:8},{3:3,4:2,8:4},{5:2,6:3,7:6,8:10}]
k4_certs_4_n4_3.json.gz#294 FAIL_glob_r,lamU n=4 m=9 vals=[{0:2,2:4,7:3,8:8},{1:8,4:6,5:3,6:10},{3:2,4:3,8:4},{5:7,6:4,7:2,8:10}]
k4_certs_4_n4_3.json.gz#295 keys_distinct_g n=4 m=9 vals=[{0:4,2:3,4:2,5:8},{1:2,6:10,7:6,8:7},{3:6,6:10,7:3,8:2},{4:3,5:4,8:2}]
k4_certs_4_n4_3.json.gz#295 keys_distinct_g n=4 m=9 vals=[{0:2,2:4,4:8,5:3},{1:2,6:10,7:3,8:6},{3:2,6:10,7:7,8:4},{4:4,5:3,8:2}]
k4_certs_4_n4_3.json.gz#296 keys_distinct_g n=4 m=9 vals=[{0:3,2:6,5:10,8:2},{1:2,4:5,7:8,8:4},{3:6,6:8,7:10,8:3},{4:3,5:4,6:2}]
k4_certs_4_n4_3.json.gz#296 FAIL_glob_r,lamU n=4 m=9 vals=[{0:8,2:3,5:4,8:10},{1:4,4:3,7:2,8:8},{3:3,6:4,7:2,8:8},{4:4,5:3,6:2}]
k4_certs_4_n4_3.json.gz#296 keys_distinct_g n=4 m=9 vals=[{0:5,2:2,5:8,8:4},{1:3,4:6,7:10,8:2},{3:2,6:7,7:10,8:6},{4:3,5:4,6:2}]
k4_certs_4_n4_3.json.gz#297 keys_distinct_g n=4 m=9 vals=[{0:2,2:3,5:6,8:10},{1:4,4:2,7:8,8:5},{3:3,6:2,7:4},{4:3,5:6,6:8,8:10}]
k4_certs_4_n4_3.json.gz#297 keys_distinct_g n=4 m=9 vals=[{0:3,2:2,5:6,8:10},{1:6,4:2,7:10,8:7},{3:3,6:2,7:4},{4:2,5:4,6:7,8:8}]
k4_certs_4_n4_3.json.gz#298 keys_distinct_g n=4 m=9 vals=[{0:3,2:6,7:2,8:10},{1:3,4:10,6:6,8:2},{3:3,5:2,8:4},{4:8,5:4,6:6,7:1}]
k4_certs_4_n4_3.json.gz#298 keys_distinct_g n=4 m=9 vals=[{0:6,2:3,7:2,8:10},{1:5,4:4,6:2,8:8},{3:2,5:4,8:3},{4:6,5:8,6:4,7:3}]
k4_certs_4_n4_3.json.gz#298 FAIL_glob_r,lamU n=4 m=9 vals=[{0:3,2:4,7:2,8:8},{1:3,4:6,6:2,8:10},{3:2,5:3,8:4},{4:5,5:3,6:6,7:7}]
k4_certs_4_n4_3.json.gz#298 FAIL_glob_r,lamU n=4 m=9 vals=[{0:4,2:3,7:2,8:8},{1:2,4:6,6:3,8:10},{3:3,5:2,8:4},{4:2,5:3,6:6,7:10}]
k4_certs_4_n4_3.json.gz#300 keys_distinct_g n=4 m=9 vals=[{0:2,2:6,3:3,7:10},{1:3,7:4,8:2},{3:3,4:8,5:4,6:2},{4:10,5:4,6:3,8:8}]
k4_certs_4_n4_3.json.gz#300 keys_distinct_g n=4 m=9 vals=[{0:3,2:2,3:6,7:10},{1:3,7:4,8:2},{3:3,4:6,5:2,6:10},{4:2,5:7,6:10,8:4}]
k4_certs_4_n4_3.json.gz#301 keys_distinct_g n=4 m=9 vals=[{0:4,2:3,4:8,5:2},{1:4,3:2,7:3,8:8},{3:2,4:8,5:4,6:7},{6:3,7:2,8:4}]
k4_certs_4_n4_3.json.gz#301 keys_distinct_g n=4 m=9 vals=[{0:6,2:2,4:3,5:10},{1:7,3:4,7:2,8:10},{3:4,4:2,5:8,6:5},{6:3,7:2,8:4}]
k4_certs_4_n4_3.json.gz#302 keys_distinct_g n=4 m=9 vals=[{0:3,2:2,4:4,7:8},{1:5,3:2,7:8,8:4},{3:3,4:2,5:4,6:8},{5:3,6:4,8:2}]
k4_certs_4_n4_3.json.gz#302 keys_distinct_g n=4 m=9 vals=[{0:4,2:2,4:8,7:3},{1:2,3:7,7:4,8:10},{3:4,4:8,5:2,6:5},{5:3,6:2,8:4}]
k4_certs_4_n4_3.json.gz#304 keys_distinct_g n=4 m=9 vals=[{0:3,2:2,5:6,8:10},{1:3,3:6,4:10,7:8},{3:3,4:8,5:4,6:2},{6:3,7:2,8:4}]
k4_certs_4_n4_3.json.gz#304 keys_distinct_g n=4 m=9 vals=[{0:3,2:4,5:10,8:8},{1:2,3:3,4:4,7:8},{3:2,4:4,5:8,6:5},{6:3,7:4,8:2}]
k4_certs_4_n4_3.json.gz#306 keys_distinct_g n=4 m=9 vals=[{0:3,2:4,7:2,8:8},{1:2,3:10,4:3,7:6},{3:8,4:4,5:6,6:5},{5:2,6:3,8:4}]
k4_certs_4_n4_3.json.gz#306 keys_distinct_g n=4 m=9 vals=[{0:4,2:1,7:8,8:6},{1:3,3:2,4:4,7:8},{3:4,4:2,5:3,6:8},{5:3,6:4,8:2}]
k4_certs_4_n4_3.json.gz#305 keys_distinct_g n=4 m=9 vals=[{0:4,2:2,7:8,8:3},{1:3,3:4,4:8,5:2},{3:6,4:10,5:2,6:7},{6:2,7:4,8:3}]
k4_certs_4_n4_3.json.gz#305 keys_distinct_g n=4 m=9 vals=[{0:4,2:2,7:8,8:3},{1:3,3:4,4:8,5:2},{3:6,4:8,5:1,6:4},{6:3,7:4,8:2}]
k4_certs_4_n4_3.json.gz#309 keys_distinct_g n=4 m=9 vals=[{0:3,4:2,5:6,6:10},{1:7,4:2,7:10,8:6},{2:6,5:1,7:8,8:4},{3:3,6:4,8:2}]
k4_certs_4_n4_3.json.gz#309 keys_distinct_g n=4 m=9 vals=[{0:2,4:3,5:6,6:10},{1:2,4:4,7:8,8:3},{2:1,5:4,7:8,8:6},{3:3,6:4,8:2}]
k4_certs_4_n4_3.json.gz#310 FAIL_glob_r,lamU n=4 m=9 vals=[{0:6,4:2,6:3,8:10},{1:3,4:6,6:5,8:7},{2:6,5:2,7:3,8:10},{3:4,5:2,7:3}]
k4_certs_4_n4_3.json.gz#310 FAIL_glob_r,lamU n=4 m=9 vals=[{0:3,4:2,6:4,8:8},{1:3,4:4,6:2,8:8},{2:6,5:1,7:4,8:8},{3:4,5:3,7:2}]
k4_certs_4_n4_3.json.gz#308 keys_distinct_g n=4 m=9 vals=[{0:2,4:4,5:3,6:8},{1:2,4:4,6:8,8:5},{2:4,5:2,7:8,8:3},{3:2,7:4,8:3}]
k4_certs_4_n4_3.json.gz#311 FAIL_glob_r,lamU n=4 m=9 vals=[{0:4,4:5,6:6,8:8},{1:3,4:6,7:2,8:10},{2:4,5:3,6:2,8:8},{3:4,5:2,7:3}]
k4_certs_4_n4_3.json.gz#312 keys_distinct_g n=4 m=9 vals=[{0:2,3:3,4:4,7:8},{1:4,3:2,6:3,8:8},{2:2,5:6,6:7,7:10},{4:2,5:3,8:4}]
k4_certs_4_n4_3.json.gz#312 keys_distinct_g n=4 m=9 vals=[{0:2,3:3,4:10,7:6},{1:1,3:6,6:8,8:4},{2:4,5:2,6:8,7:3},{4:4,5:2,8:3}]
k4_certs_4_n4_3.json.gz#313 keys_distinct_g n=4 m=9 vals=[{0:3,3:5,4:6,7:7},{1:2,5:3,6:6,7:10},{2:6,5:3,6:2,8:10},{3:2,4:3,8:4}]
k4_certs_4_n4_3.json.gz#316 keys_distinct_g n=4 m=9 vals=[{0:6,3:2,4:10,8:7},{1:2,5:8,6:4,7:3},{2:2,5:4,8:3},{3:2,4:8,6:4,7:3}]
k4_certs_4_n4_3.json.gz#321 keys_distinct_g n=4 m=10 vals=[{0:3,2:2,5:8,6:4},{1:3,4:4,8:2,9:8},{3:3,5:8,6:4,7:6},{7:2,8:3,9:4}]
k4_certs_4_n4_3.json.gz#321 keys_distinct_g n=4 m=10 vals=[{0:2,2:4,5:3,6:8},{1:4,4:3,8:2,9:8},{3:4,5:2,6:10,7:7},{7:3,8:2,9:4}]
k4_certs_4_n4_3.json.gz#322 keys_distinct_g n=4 m=10 vals=[{0:4,2:3,5:10,8:8},{1:2,4:4,6:3,7:8},{3:3,5:4,9:2},{6:2,7:10,8:4,9:7}]
k4_certs_4_n4_3.json.gz#322 keys_distinct_g n=4 m=10 vals=[{0:3,2:2,5:10,8:6},{1:2,4:3,6:8,7:4},{3:3,5:4,9:2},{6:10,7:2,8:7,9:4}]
k4_certs_4_n4_3.json.gz#320 FAIL_glob_r,lamU n=4 m=10 vals=[{0:5,2:4,6:8,9:2},{1:3,4:6,7:2,9:10},{3:2,5:3,8:6,9:10},{6:4,7:3,8:2}]
k4_certs_4_n4_3.json.gz#320 FAIL_glob_r,lamU n=4 m=10 vals=[{0:3,2:4,6:2,9:8},{1:4,4:5,7:6,9:8},{3:3,5:6,8:2,9:10},{6:3,7:4,8:2}]
k4_certs_4_n4_3.json.gz#320 keys_distinct_g n=4 m=10 vals=[{0:3,2:2,6:4,9:8},{1:3,4:6,7:8,9:10},{3:2,5:6,8:10,9:7},{6:2,7:3,8:4}]
k4_certs_4_n4_3.json.gz#320 keys_distinct_g n=4 m=10 vals=[{0:4,2:2,6:3,9:8},{1:2,4:3,7:8,9:4},{3:7,5:2,8:4,9:10},{6:2,7:4,8:3}]
k4_certs_4_n4_3.json.gz#319 keys_distinct_g n=4 m=10 vals=[{0:6,2:3,6:2,7:10},{1:4,4:3,8:8,9:2},{3:2,5:4,8:8,9:7},{6:3,7:4,9:2}]
k4_certs_4_n4_3.json.gz#319 keys_distinct_g n=4 m=10 vals=[{0:2,2:4,6:3,7:8},{1:3,4:4,8:10,9:8},{3:2,5:7,8:10,9:4},{6:2,7:4,9:3}]
k4_certs_4_n4_3.json.gz#318 keys_distinct_g n=4 m=10 vals=[{0:6,2:2,6:10,7:3},{1:2,4:4,6:10,9:7},{3:3,5:2,8:8,9:4},{7:2,8:4,9:3}]
k4_certs_4_n4_3.json.gz#318 keys_distinct_g n=4 m=10 vals=[{0:6,2:2,6:10,7:3},{1:6,4:2,6:10,9:7},{3:3,5:2,8:10,9:6},{7:3,8:4,9:2}]
k4_certs_4_n4_3.json.gz#318 FAIL_glob_r,lamU n=4 m=10 vals=[{0:7,2:2,6:10,7:4},{1:4,4:3,6:6,9:8},{3:6,5:3,8:2,9:10},{7:3,8:2,9:4}]
k4_certs_4_n4_3.json.gz#323 keys_distinct_g n=4 m=10 vals=[{0:2,2:4,5:8,8:5},{1:2,4:3,7:6,9:10},{3:4,5:8,6:3,7:2},{6:2,8:3,9:4}]
k4_certs_4_n4_3.json.gz#323 keys_distinct_g n=4 m=10 vals=[{0:4,2:1,5:8,8:6},{1:3,4:2,7:6,9:10},{3:4,5:8,6:2,7:3},{6:2,8:3,9:4}]
k4_certs_4_n4_3.json.gz#324 FAIL_glob_r,lamU n=4 m=10 vals=[{0:4,2:3,5:2,8:8},{1:3,4:4,8:8,9:2},{3:8,5:4,6:6,7:1},{6:4,7:2,9:3}]
k4_certs_4_n4_3.json.gz#324 FAIL_glob_r,lamU n=4 m=10 vals=[{0:3,2:6,5:2,8:10},{1:3,4:2,8:8,9:4},{3:7,5:8,6:2,7:4},{6:4,7:3,9:2}]
k4_certs_4_n4_3.json.gz#324 keys_distinct_g n=4 m=10 vals=[{0:6,2:3,5:10,8:2},{1:3,4:4,8:2,9:8},{3:4,5:8,6:3,7:6},{6:3,7:2,9:4}]
k4_certs_4_n4_3.json.gz#324 keys_distinct_g n=4 m=10 vals=[{0:4,2:2,5:3,8:8},{1:3,4:4,8:10,9:8},{3:2,5:4,6:8,7:3},{6:4,7:2,9:3}]
k4_certs_4_n4_3.json.gz#325 FAIL_glob_r,lamU n=4 m=10 vals=[{0:2,2:3,6:6,8:10},{1:6,4:3,7:2,8:10},{3:4,5:3,9:2},{5:2,6:4,7:5,9:8}]
k4_certs_4_n4_3.json.gz#325 FAIL_glob_r,lamU n=4 m=10 vals=[{0:4,2:3,6:2,8:8},{1:3,4:4,7:2,8:8},{3:3,5:4,9:2},{5:8,6:4,7:2,9:7}]
k4_certs_4_n4_3.json.gz#325 amax_ndx2 n=4 m=10 vals=[{0:4,2:3,6:8,8:2},{1:3,4:2,7:10,8:6},{3:3,5:2,9:4},{5:3,6:7,7:6,9:5}]
k4_certs_4_n4_3.json.gz#329 keys_distinct_g n=4 m=10 vals=[{0:3,2:2,6:8,7:4},{1:2,5:7,8:10,9:4},{3:2,6:8,7:5,9:4},{4:3,8:4,9:2}]
k4_certs_4_n4_3.json.gz#329 FAIL_glob_r,lamU n=4 m=10 vals=[{0:6,2:3,6:5,7:7},{1:4,5:3,8:2,9:8},{3:2,6:3,7:6,9:10},{4:2,8:3,9:4}]
k4_certs_4_n4_3.json.gz#329 FAIL_glob_r,lamU n=4 m=10 vals=[{0:2,2:4,6:8,7:3},{1:6,5:3,8:2,9:10},{3:2,6:4,7:3,9:8},{4:3,8:2,9:4}]
k4_certs_4_n4_3.json.gz#329 keys_distinct_g n=4 m=10 vals=[{0:2,2:4,6:8,7:3},{1:5,5:2,8:8,9:4},{3:2,6:8,7:4,9:5},{4:3,8:4,9:2}]
k4_certs_4_n4_3.json.gz#326 keys_distinct_g n=4 m=10 vals=[{0:4,2:2,7:10,8:7},{1:3,5:4,7:8,9:2},{3:2,6:4,8:5,9:8},{4:2,8:3,9:4}]
k4_certs_4_n4_3.json.gz#326 keys_distinct_g n=4 m=10 vals=[{0:7,2:2,7:10,8:4},{1:4,5:2,7:10,9:7},{3:2,6:3,8:4,9:8},{4:2,8:3,9:4}]
k4_certs_4_n4_3.json.gz#326 FAIL_glob_r,lamU n=4 m=10 vals=[{0:3,2:2,7:4,8:8},{1:2,5:7,7:6,9:10},{3:4,6:3,8:8,9:2},{4:4,8:2,9:3}]
k4_certs_4_n4_3.json.gz#326 FAIL_glob_r,lamU n=4 m=10 vals=[{0:4,2:2,7:8,8:3},{1:7,5:2,7:6,9:10},{3:4,6:3,8:2,9:8},{4:3,8:2,9:4}]
k4_certs_4_n4_3.json.gz#330 keys_distinct_g n=4 m=10 vals=[{0:2,2:5,6:8,8:4},{1:2,5:3,7:4,9:8},{3:6,6:8,7:1,9:4},{4:2,8:3,9:4}]
k4_certs_4_n4_3.json.gz#330 keys_distinct_g n=4 m=10 vals=[{0:6,2:3,6:2,8:10},{1:2,5:7,7:10,9:6},{3:4,6:3,7:10,9:8},{4:2,8:4,9:3}]
k4_certs_4_n4_3.json.gz#328 keys_distinct_g n=4 m=10 vals=[{0:7,2:2,7:6,8:10},{1:2,5:6,8:3,9:10},{3:3,6:4,8:8,9:6},{4:2,7:3,9:4}]
k4_certs_4_n4_3.json.gz#328 keys_distinct_g n=4 m=10 vals=[{0:2,2:7,7:6,8:10},{1:1,5:6,8:4,9:8},{3:4,6:2,8:8,9:3},{4:2,7:3,9:4}]
k4_certs_4_n4_3.json.gz#328 FAIL_glob_r,lamU n=4 m=10 vals=[{0:3,2:6,7:2,8:10},{1:2,5:3,8:10,9:6},{3:6,6:4,8:8,9:5},{4:3,7:4,9:2}]
k4_certs_4_n4_3.json.gz#328 FAIL_glob_r,lamU n=4 m=10 vals=[{0:2,2:7,7:6,8:10},{1:4,5:3,8:2,9:8},{3:2,6:3,8:4,9:8},{4:3,7:2,9:4}]
k4_certs_4_n4_3.json.gz#327 FAIL_glob_r,lamU n=4 m=10 vals=[{0:6,2:3,7:2,9:10},{1:2,5:6,8:3,9:10},{3:3,6:6,8:8,9:4},{4:3,7:2,9:4}]
k4_certs_4_n4_3.json.gz#327 keys_distinct_g n=4 m=10 vals=[{0:2,2:6,7:10,9:7},{1:6,5:1,8:8,9:4},{3:6,6:3,8:10,9:2},{4:3,7:4,9:2}]
k4_certs_4_n4_3.json.gz#327 keys_distinct_g n=4 m=10 vals=[{0:3,2:4,7:10,9:8},{1:4,5:2,8:8,9:5},{3:6,6:2,8:10,9:7},{4:3,7:4,9:2}]
k4_certs_4_n4_3.json.gz#327 FAIL_glob_r,lamU n=4 m=10 vals=[{0:4,2:7,7:2,9:10},{1:4,5:3,8:2,9:8},{3:2,6:3,8:4,9:8},{4:3,7:2,9:4}]
k4_certs_4_n4_3.json.gz#331 FAIL_glob_r,lamU n=4 m=10 vals=[{0:2,2:3,6:4,8:8},{1:4,5:3,8:8,9:2},{3:4,6:2,7:7,9:8},{4:2,7:3,9:4}]
k4_certs_4_n4_3.json.gz#331 amax_ndx2 n=4 m=10 vals=[{0:6,2:2,6:10,8:3},{1:6,5:3,8:2,9:10},{3:7,6:4,7:8,9:2},{4:3,7:4,9:2}]
k4_certs_4_n4_3.json.gz#331 amax_ndx2 n=4 m=10 vals=[{0:6,2:2,6:10,8:3},{1:6,5:3,8:2,9:10},{3:7,6:4,7:8,9:2},{4:3,7:4,9:2}]
k4_certs_4_n4_3.json.gz#331 keys_distinct_g n=4 m=10 vals=[{0:3,2:2,6:6,8:10},{1:6,5:1,8:8,9:4},{3:4,6:3,7:8,9:2},{4:2,7:4,9:3}]
k4_certs_4_n4_3.json.gz#331 FAIL_glob_r,lamU n=4 m=10 vals=[{0:6,2:2,6:3,8:10},{1:3,5:6,8:10,9:2},{3:8,6:2,7:4,9:5},{4:4,7:2,9:3}]
k4_certs_4_n4_3.json.gz#331 keys_distinct_g n=4 m=10 vals=[{0:2,2:6,6:10,8:3},{1:6,5:2,8:3,9:10},{3:8,6:10,7:4,9:3},{4:3,7:2,9:4}]
k4_certs_4_n4_3.json.gz#332 keys_distinct_g n=4 m=10 vals=[{0:3,2:4,6:2,9:8},{1:3,5:4,8:8,9:2},{3:5,6:2,7:4,8:8},{4:3,7:2,9:4}]
k4_certs_4_n4_3.json.gz#332 FAIL_glob_r,lamU n=4 m=10 vals=[{0:6,2:2,6:3,9:10},{1:4,5:3,8:2,9:8},{3:4,6:2,7:7,8:8},{4:4,7:3,9:2}]
k4_certs_4_n4_3.json.gz#332 FAIL_glob_r,lamU n=4 m=10 vals=[{0:3,2:6,6:2,9:10},{1:6,5:2,8:3,9:10},{3:2,6:8,7:7,8:4},{4:4,7:3,9:2}]
k4_certs_4_n4_3.json.gz#332 keys_distinct_g n=4 m=10 vals=[{0:3,2:4,6:2,9:8},{1:2,5:4,8:7,9:8},{3:2,6:4,7:8,8:5},{4:3,7:4,9:2}]
k4_certs_4_n4_3.json.gz#332 swap_some_terminal n=4 m=10 vals=[{0:3,2:4,6:2,9:8},{1:3,5:6,8:2,9:10},{3:7,6:5,7:6,8:3},{4:4,7:3,9:2}]
k4_certs_4_n4_3.json.gz#332 swap_some_terminal n=4 m=10 vals=[{0:3,2:4,6:2,9:8},{1:3,5:6,8:2,9:10},{3:7,6:5,7:6,8:3},{4:4,7:3,9:2}]
k4_certs_4_n4_3.json.gz#332 prof_some_key_every n=4 m=10 vals=[{0:3,2:4,6:2,9:8},{1:3,5:6,8:2,9:10},{3:7,6:5,7:6,8:3},{4:4,7:3,9:2}]
k4_certs_4_n4_3.json.gz#333 FAIL_glob_r,lamU n=4 m=10 vals=[{0:3,2:6,6:2,9:10},{1:4,5:3,8:2,9:8},{3:8,6:6,7:4,9:5},{4:4,7:3,8:2}]
k4_certs_4_n4_3.json.gz#333 keys_distinct_g n=4 m=10 vals=[{0:3,2:2,6:6,9:10},{1:1,5:6,8:4,9:8},{3:1,6:6,7:8,9:4},{4:2,7:4,8:3}]
k4_certs_4_n4_3.json.gz#333 FAIL_glob_r,lamU n=4 m=10 vals=[{0:3,2:8,6:4,9:10},{1:3,5:4,8:2,9:8},{3:3,6:4,7:2,9:8},{4:4,7:3,8:2}]
k4_certs_4_n4_3.json.gz#333 keys_distinct_g n=4 m=10 vals=[{0:6,2:3,6:2,9:10},{1:1,5:6,8:4,9:8},{3:4,6:2,7:8,9:5},{4:3,7:4,8:2}]
k4_certs_4_n4_3.json.gz#335 keys_distinct_g n=4 m=10 vals=[{0:3,2:6,5:2,6:10},{1:2,5:3,7:4,8:8},{3:1,6:8,7:4,9:6},{4:2,8:4,9:3}]
k4_certs_4_n4_3.json.gz#335 FAIL_glob_r,lamU n=4 m=10 vals=[{0:6,2:3,5:10,6:2},{1:4,5:8,7:3,8:2},{3:8,6:6,7:4,9:3},{4:3,8:2,9:4}]
k4_certs_4_n4_3.json.gz#335 FAIL_glob_r,lamU n=4 m=10 vals=[{0:2,2:3,5:4,6:8},{1:8,5:4,7:5,8:6},{3:4,6:8,7:2,9:3},{4:4,8:3,9:2}]
k4_certs_4_n4_3.json.gz#334 prof_cert n=4 m=10 vals=[{0:3,2:6,8:10,9:2},{1:6,5:3,8:10,9:2},{3:8,6:6,7:4,9:1},{4:3,6:4,7:2}]
k4_certs_4_n4_3.json.gz#334 prof_cert n=4 m=10 vals=[{0:3,2:6,8:2,9:10},{1:6,5:3,8:2,9:10},{3:7,6:2,7:10,9:4},{4:2,6:3,7:4}]
k4_certs_4_n4_3.json.gz#334 FAIL_glob_r,lamU n=4 m=10 vals=[{0:6,2:3,8:5,9:7},{1:6,5:2,8:3,9:10},{3:6,6:2,7:3,9:10},{4:3,6:2,7:4}]
k4_certs_4_n4_3.json.gz#334 FAIL_glob_r,lamU n=4 m=10 vals=[{0:6,2:3,8:2,9:10},{1:3,5:2,8:4,9:8},{3:3,6:8,7:4,9:10},{4:4,6:2,7:3}]
k4_certs_4_n4_3.json.gz#334 key_noncompletable n=4 m=10 vals=[{0:3,2:6,8:5,9:7},{1:3,5:6,8:2,9:10},{3:2,6:5,7:4,9:8},{4:3,6:4,7:2}]
k4_certs_4_n4_3.json.gz#334 key_noncompletable n=4 m=10 vals=[{0:6,2:4,8:5,9:8},{1:3,5:2,8:4,9:8},{3:2,6:3,7:4,9:8},{4:3,6:2,7:4}]
k4_certs_4_n4_3.json.gz#336 prof_cert n=4 m=10 vals=[{0:4,2:3,5:2,8:8},{1:3,5:2,7:6,8:10},{3:7,6:4,7:2,9:10},{4:2,6:4,9:3}]
k4_certs_4_n4_3.json.gz#337 keys_distinct_g n=4 m=10 vals=[{0:1,2:6,5:8,9:4},{1:2,5:8,7:4,8:3},{3:3,6:10,7:6,8:2},{4:3,6:4,9:2}]
k4_certs_4_n4_3.json.gz#337 keys_distinct_g n=4 m=10 vals=[{0:7,2:2,5:10,9:4},{1:4,5:8,7:3,8:2},{3:3,6:10,7:6,8:2},{4:3,6:4,9:2}]
k4_certs_4_n4_3.json.gz#338 FAIL_glob_r,lamU n=4 m=11 vals=[{0:3,2:6,7:2,9:10},{1:6,5:3,8:2,9:10},{3:2,6:7,8:6,10:10},{4:4,7:3,10:2}]
k4_certs_4_n4_3.json.gz#338 FAIL_glob_r,lamU n=4 m=11 vals=[{0:4,2:6,7:8,9:5},{1:4,5:3,8:8,9:2},{3:3,6:6,8:10,10:2},{4:4,7:3,10:2}]
k4_certs_4_n4_3.json.gz#338 keys_distinct_g n=4 m=11 vals=[{0:6,2:3,7:10,9:2},{1:2,5:6,8:10,9:3},{3:2,6:6,8:10,10:7},{4:3,7:4,10:2}]
k4_certs_4_n4_3.json.gz#338 keys_distinct_g n=4 m=11 vals=[{0:6,2:2,7:10,9:3},{1:3,5:4,8:8,9:2},{3:4,6:2,8:10,10:7},{4:2,7:4,10:3}]
k4_certs_4_pure.json.gz#62 keys_distinct_g n=4 m=8 vals=[{0:4,1:3,3:8,4:2},{2:8,3:10,6:3,7:4},{2:6,5:10,6:3,7:8},{4:2,5:10,6:3,7:6}]
k4_certs_4_pure.json.gz#62 keys_distinct_g n=4 m=8 vals=[{0:2,1:7,3:6,4:10},{2:2,3:6,6:10,7:7},{2:6,5:2,6:10,7:3},{4:8,5:2,6:4,7:5}]
k4_certs_4_pure.json.gz#62 amax_ndx2 n=4 m=8 vals=[{0:3,1:6,3:2,4:10},{2:4,3:1,6:6,7:8},{2:4,5:1,6:6,7:8},{4:8,5:6,6:4,7:5}]
k4_certs_4_pure.json.gz#62 amax_not_cert2 n=4 m=8 vals=[{0:3,1:6,3:2,4:10},{2:4,3:1,6:6,7:8},{2:4,5:1,6:6,7:8},{4:8,5:6,6:4,7:5}]
k4_certs_4_pure.json.gz#63 keys_distinct_g n=4 m=8 vals=[{0:3,1:4,3:2,7:8},{2:7,3:2,4:4,7:8},{2:5,5:4,6:8,7:2},{4:6,5:1,6:8,7:4}]
k4_certs_4_pure.json.gz#63 keys_distinct_g n=4 m=8 vals=[{0:2,1:6,3:3,7:10},{2:6,3:7,4:10,7:2},{2:6,5:4,6:3,7:8},{4:10,5:7,6:4,7:2}]
k4_certs_4_pure.json.gz#63 amax_ndx2 n=4 m=8 vals=[{0:2,1:4,3:10,7:7},{2:8,3:4,4:5,7:6},{2:10,5:2,6:6,7:3},{4:3,5:6,6:2,7:10}]
k4_certs_4_pure.json.gz#64 keys_distinct_g n=4 m=8 vals=[{0:4,1:3,3:2,7:8},{2:8,3:3,4:10,6:4},{2:8,5:6,6:3,7:10},{4:7,5:6,6:5,7:3}]
k4_certs_4_pure.json.gz#64 keys_distinct_g n=4 m=8 vals=[{0:3,1:2,3:6,7:10},{2:8,3:3,4:4,6:2},{2:7,5:3,6:6,7:5},{4:4,5:8,6:3,7:10}]
k4_certs_4_pure.json.gz#64 amax_ndx2 n=4 m=8 vals=[{0:3,1:6,3:2,7:10},{2:4,3:7,4:2,6:10},{2:6,5:4,6:3,7:8},{4:8,5:4,6:10,7:3}]
k4_certs_4_pure.json.gz#65 keys_distinct_g n=4 m=8 vals=[{0:3,1:2,5:4,7:8},{2:6,3:5,4:7,6:3},{2:2,3:4,6:7,7:10},{4:10,5:3,6:2,7:6}]
k4_certs_4_pure.json.gz#65 keys_distinct_g n=4 m=8 vals=[{0:2,1:3,5:8,7:4},{2:6,3:8,4:1,6:4},{2:4,3:8,6:6,7:3},{4:6,5:8,6:4,7:1}]
k4_certs_4_pure.json.gz#65 amax_ndx2 n=4 m=8 vals=[{0:6,1:2,5:10,7:3},{2:4,3:2,4:3,6:8},{2:2,3:3,6:6,7:10},{4:5,5:7,6:3,7:6}]
k4_certs_4_pure.json.gz#65 amax_ndx2 n=4 m=8 vals=[{0:2,1:5,5:4,7:8},{2:6,3:3,4:10,6:2},{2:3,3:6,6:10,7:2},{4:4,5:5,6:8,7:6}]
k4_certs_4_pure.json.gz#67 amax_ndx2 n=4 m=8 vals=[{0:3,1:6,6:2,7:10},{2:6,3:3,5:8,6:10},{2:4,4:6,5:3,7:8},{3:7,4:2,6:4,7:8}]
k4_certs_4_pure.json.gz#67 keys_distinct_g n=4 m=8 vals=[{0:6,1:3,6:8,7:10},{2:4,3:5,5:2,6:8},{2:7,4:4,5:2,7:8},{3:7,4:2,6:10,7:6}]
k4_certs_4_pure.json.gz#67 keys_distinct_g n=4 m=8 vals=[{0:6,1:2,6:7,7:10},{2:4,3:2,5:3,6:8},{2:1,4:4,5:6,7:8},{3:6,4:5,6:7,7:3}]
k4_certs_4_pure.json.gz#61 keys_distinct_g n=4 m=8 vals=[{0:3,1:6,2:10,3:2},{2:8,3:5,6:2,7:4},{4:4,5:2,6:8,7:5},{4:4,5:1,6:8,7:6}]
k4_certs_4_pure.json.gz#61 amax_ndx2 n=4 m=8 vals=[{0:1,1:6,2:4,3:8},{2:4,3:6,6:5,7:8},{4:3,5:6,6:10,7:2},{4:3,5:2,6:4,7:8}]
k4_certs_4_pure.json.gz#61 prof_cert n=4 m=8 vals=[{0:5,1:2,2:4,3:8},{2:4,3:6,6:3,7:8},{4:3,5:4,6:8,7:10},{4:4,5:2,6:8,7:5}]
k4_certs_4_pure.json.gz#61 prof_cert2 n=4 m=8 vals=[{0:5,1:2,2:4,3:8},{2:4,3:6,6:3,7:8},{4:3,5:4,6:8,7:10},{4:4,5:2,6:8,7:5}]
k4_certs_4_pure.json.gz#61 amax_not_cert2 n=4 m=8 vals=[{0:5,1:2,2:4,3:8},{2:4,3:6,6:3,7:8},{4:3,5:4,6:8,7:10},{4:4,5:2,6:8,7:5}]
k4_certs_4_pure.json.gz#61 amax_not_cert2 n=4 m=8 vals=[{0:5,1:2,2:4,3:8},{2:4,3:6,6:3,7:8},{4:3,5:4,6:8,7:10},{4:4,5:2,6:8,7:5}]
k4_certs_4_pure.json.gz#61 keys_distinct_g n=4 m=8 vals=[{0:2,1:4,2:3,3:8},{2:5,3:7,6:3,7:6},{4:2,5:6,6:10,7:7},{4:2,5:6,6:10,7:7}]
k4_certs_4_pure.json.gz#68 keys_distinct_g n=4 m=8 vals=[{0:4,2:2,6:7,7:10},{1:2,3:4,6:5,7:8},{4:3,5:7,6:5,7:6},{4:7,5:10,6:2,7:4}]
k4_certs_4_pure.json.gz#68 keys_distinct_g n=4 m=8 vals=[{0:4,2:1,6:6,7:8},{1:3,3:4,6:6,7:8},{4:10,5:8,6:3,7:4},{4:7,5:3,6:6,7:5}]
k4_certs_4_pure.json.gz#68 amax_not_cert2 n=4 m=8 vals=[{0:1,2:4,6:8,7:6},{1:1,3:4,6:6,7:8},{4:4,5:8,6:2,7:5},{4:4,5:2,6:8,7:3}]
k4_certs_4_pure.json.gz#68 amax_not_cert2 n=4 m=8 vals=[{0:1,2:4,6:8,7:6},{1:1,3:4,6:6,7:8},{4:4,5:8,6:2,7:5},{4:4,5:2,6:8,7:3}]
k4_certs_4_pure.json.gz#66 keys_distinct_g n=4 m=8 vals=[{0:2,1:6,6:3,7:10},{2:7,3:2,4:10,5:6},{2:8,3:4,6:3,7:10},{4:10,5:6,6:3,7:8}]
k4_certs_4_pure.json.gz#66 keys_distinct_g n=4 m=8 vals=[{0:3,1:6,6:2,7:10},{2:7,3:6,4:10,5:2},{2:6,3:1,6:4,7:8},{4:8,5:2,6:4,7:3}]
k4_certs_4_pure.json.gz#66 amax_ndx2 n=4 m=8 vals=[{0:3,1:2,6:4,7:8},{2:8,3:3,4:2,5:4},{2:6,3:5,6:4,7:8},{4:7,5:2,6:10,7:6}]
k4_certs_4_pure.json.gz#66 amax_ndx2 n=4 m=8 vals=[{0:4,1:2,6:8,7:3},{2:6,3:10,4:7,5:2},{2:5,3:6,6:8,7:4},{4:2,5:4,6:7,7:10}]
k4_certs_4_pure.json.gz#69 amax_not_cert2 n=4 m=8 vals=[{0:2,2:6,5:7,7:10},{1:4,3:2,6:10,7:7},{4:4,5:3,6:8,7:2},{4:6,5:3,6:4,7:8}]
k4_certs_4_pure.json.gz#69 amax_not_cert2 n=4 m=8 vals=[{0:2,2:6,5:7,7:10},{1:4,3:2,6:10,7:7},{4:4,5:3,6:8,7:2},{4:6,5:3,6:4,7:8}]
k4_certs_4_pure.json.gz#69 keys_distinct_g n=4 m=8 vals=[{0:3,2:4,5:8,7:10},{1:4,3:2,6:3,7:8},{4:4,5:2,6:10,7:7},{4:6,5:5,6:8,7:4}]
k4_certs_4_pure.json.gz#69 keys_distinct_g n=4 m=8 vals=[{0:1,2:4,5:8,7:6},{1:7,3:2,6:6,7:10},{4:5,5:6,6:3,7:7},{4:6,5:8,6:4,7:1}]
k4_certs_4_pure.json.gz#70 prof_cert n=4 m=8 vals=[{0:4,2:2,4:7,6:8},{1:2,3:4,5:10,7:7},{4:8,5:4,6:2,7:7},{4:4,5:5,6:8,7:2}]
k4_certs_4_pure.json.gz#70 prof_cert2 n=4 m=8 vals=[{0:4,2:2,4:7,6:8},{1:2,3:4,5:10,7:7},{4:8,5:4,6:2,7:7},{4:4,5:5,6:8,7:2}]
k4_certs_4_pure.json.gz#70 amax_r0 n=4 m=8 vals=[{0:4,2:2,4:7,6:8},{1:2,3:4,5:10,7:7},{4:8,5:4,6:2,7:7},{4:4,5:5,6:8,7:2}]
k4_certs_4_pure.json.gz#70 amax_not_cert2 n=4 m=8 vals=[{0:4,2:2,4:7,6:8},{1:2,3:4,5:10,7:7},{4:8,5:4,6:2,7:7},{4:4,5:5,6:8,7:2}]
k4_certs_4_pure.json.gz#70 amax_r0 n=4 m=8 vals=[{0:4,2:2,4:7,6:8},{1:2,3:4,5:10,7:7},{4:8,5:4,6:2,7:7},{4:4,5:5,6:8,7:2}]
k4_certs_4_pure.json.gz#70 amax_not_cert2 n=4 m=8 vals=[{0:4,2:2,4:7,6:8},{1:2,3:4,5:10,7:7},{4:8,5:4,6:2,7:7},{4:4,5:5,6:8,7:2}]
k4_certs_4_pure.json.gz#70 keys_distinct_g n=4 m=8 vals=[{0:3,2:6,4:10,6:8},{1:4,3:2,5:3,7:8},{4:5,5:3,6:6,7:7},{4:10,5:4,6:7,7:2}]
k4_certs_4_pure.json.gz#70 keys_distinct_g n=4 m=8 vals=[{0:7,2:2,4:10,6:4},{1:6,3:2,5:3,7:10},{4:10,5:4,6:3,7:8},{4:2,5:7,6:4,7:10}]
k4_certs_4_pure.json.gz#70 prof_cert n=4 m=8 vals=[{0:4,2:3,4:8,6:2},{1:3,3:4,5:10,7:8},{4:4,5:1,6:6,7:8},{4:5,5:7,6:6,7:3}]
k4_certs_4_pure.json.gz#70 prof_cert2 n=4 m=8 vals=[{0:4,2:3,4:8,6:2},{1:3,3:4,5:10,7:8},{4:4,5:1,6:6,7:8},{4:5,5:7,6:6,7:3}]
k4_certs_4_pure.json.gz#72 amax_ndx2 n=4 m=8 vals=[{0:3,2:2,4:4,7:8},{1:6,5:5,6:4,7:8},{3:4,5:1,6:8,7:6},{4:2,5:10,6:6,7:7}]
k4_certs_4_pure.json.gz#72 amax_ndx2 n=4 m=8 vals=[{0:4,2:3,4:2,7:8},{1:3,5:6,6:5,7:7},{3:8,5:4,6:3,7:10},{4:6,5:4,6:5,7:8}]
k4_certs_4_pure.json.gz#72 keys_distinct_g n=4 m=8 vals=[{0:3,2:4,4:6,7:8},{1:5,5:2,6:8,7:4},{3:2,5:7,6:4,7:10},{4:8,5:3,6:10,7:6}]
k4_certs_4_pure.json.gz#72 keys_distinct_g n=4 m=8 vals=[{0:6,2:2,4:10,7:7},{1:1,5:4,6:6,7:8},{3:6,5:5,6:3,7:7},{4:8,5:7,6:2,7:4}]
k4_certs_4_pure.json.gz#72 amax_not_cert2 n=4 m=8 vals=[{0:4,2:2,4:3,7:8},{1:5,5:8,6:4,7:6},{3:6,5:3,6:8,7:4},{4:8,5:6,6:10,7:3}]
k4_certs_4_pure.json.gz#72 amax_not_cert2 n=4 m=8 vals=[{0:4,2:2,4:3,7:8},{1:5,5:8,6:4,7:6},{3:6,5:3,6:8,7:4},{4:8,5:6,6:10,7:3}]
k4_certs_4_pure.json.gz#72 prof_cert n=4 m=8 vals=[{0:2,2:5,4:4,7:8},{1:2,5:4,6:8,7:7},{3:2,5:6,6:10,7:7},{4:6,5:4,6:3,7:8}]
k4_certs_4_pure.json.gz#72 prof_cert2 n=4 m=8 vals=[{0:2,2:5,4:4,7:8},{1:2,5:4,6:8,7:7},{3:2,5:6,6:10,7:7},{4:6,5:4,6:3,7:8}]
k4_certs_4_pure.json.gz#71 amax_ndx2 n=4 m=8 vals=[{0:4,2:1,6:8,7:6},{1:6,5:8,6:4,7:5},{3:5,5:8,6:6,7:4},{4:2,5:3,6:8,7:4}]
k4_certs_4_pure.json.gz#71 amax_not_cert2 n=4 m=8 vals=[{0:4,2:1,6:8,7:6},{1:6,5:8,6:4,7:5},{3:5,5:8,6:6,7:4},{4:2,5:3,6:8,7:4}]
k4_certs_4_pure.json.gz#71 amax_ndx2 n=4 m=8 vals=[{0:4,2:1,6:8,7:6},{1:6,5:10,6:7,7:2},{3:8,5:6,6:10,7:3},{4:6,5:2,6:10,7:3}]
k4_certs_4_pure.json.gz#71 amax_not_cert2 n=4 m=8 vals=[{0:3,2:2,6:6,7:10},{1:5,5:6,6:8,7:4},{3:6,5:8,6:5,7:4},{4:8,5:10,6:3,7:6}]
k4_certs_4_pure.json.gz#71 keys_distinct_g n=4 m=8 vals=[{0:2,2:7,6:4,7:10},{1:4,5:10,6:7,7:2},{3:7,5:10,6:2,7:4},{4:4,5:2,6:5,7:8}]
k4_certs_4_pure.json.gz#71 keys_distinct_g n=4 m=8 vals=[{0:5,2:2,6:8,7:4},{1:3,5:6,6:10,7:2},{3:6,5:7,6:5,7:3},{4:2,5:8,6:4,7:5}]
k4_certs_4_pure.json.gz#73 keys_distinct_g n=4 m=8 vals=[{0:4,2:3,6:8,7:6},{1:4,4:5,6:8,7:2},{3:2,5:10,6:4,7:7},{4:4,5:8,6:3,7:6}]
k4_certs_4_pure.json.gz#73 amax_ndx2 n=4 m=8 vals=[{0:4,2:2,6:5,7:8},{1:7,4:2,6:10,7:6},{3:5,5:4,6:8,7:6},{4:4,5:8,6:6,7:3}]
k4_certs_4_pure.json.gz#73 keys_distinct_g n=4 m=8 vals=[{0:6,2:2,6:3,7:10},{1:6,4:5,6:8,7:4},{3:3,5:4,6:10,7:8},{4:8,5:6,6:3,7:10}]
k4_certs_4_pure.json.gz#73 amax_ndx2 n=4 m=8 vals=[{0:6,2:1,6:4,7:8},{1:6,4:1,6:8,7:4},{3:3,5:8,6:6,7:4},{4:3,5:6,6:5,7:7}]
k4_certs_4_pure.json.gz#73 amax_not_cert2 n=4 m=8 vals=[{0:2,2:6,6:3,7:10},{1:4,4:2,6:8,7:5},{3:4,5:6,6:8,7:5},{4:5,5:8,6:6,7:4}]
k4_certs_4_pure.json.gz#73 amax_not_cert2 n=4 m=8 vals=[{0:4,2:2,6:7,7:10},{1:2,4:4,6:5,7:8},{3:6,5:10,6:3,7:8},{4:5,5:8,6:2,7:4}]
k4_certs_4_pure.json.gz#74 keys_distinct_g n=4 m=8 vals=[{0:2,2:4,6:8,7:5},{1:8,4:3,5:4,7:10},{3:2,5:4,6:3,7:8},{4:6,5:5,6:8,7:4}]
k4_certs_4_pure.json.gz#74 keys_distinct_g n=4 m=8 vals=[{0:3,2:4,6:8,7:6},{1:2,4:3,5:4,7:8},{3:4,5:6,6:8,7:1},{4:8,5:3,6:6,7:10}]
k4_certs_4_pure.json.gz#74 amax_ndx2 n=4 m=8 vals=[{0:3,2:2,6:8,7:4},{1:2,4:6,5:3,7:10},{3:8,5:3,6:6,7:10},{4:2,5:10,6:3,7:6}]
k4_certs_4_pure.json.gz#74 amax_ndx2 n=4 m=8 vals=[{0:4,2:3,6:8,7:2},{1:3,4:2,5:10,7:6},{3:4,5:8,6:5,7:6},{4:4,5:5,6:8,7:6}]
k4_certs_4_pure.json.gz#74 amax_not_cert2 n=4 m=8 vals=[{0:2,2:7,6:6,7:10},{1:3,4:8,5:6,7:4},{3:4,5:1,6:8,7:6},{4:8,5:3,6:10,7:6}]
k4_certs_4_pure.json.gz#74 amax_not_cert2 n=4 m=8 vals=[{0:1,2:4,6:8,7:6},{1:2,4:7,5:4,7:8},{3:6,5:3,6:10,7:8},{4:7,5:5,6:3,7:6}]
k4_certs_4_pure.json.gz#74 prof_cert n=4 m=8 vals=[{0:3,2:4,6:8,7:10},{1:3,4:4,5:10,7:8},{3:6,5:8,6:5,7:4},{4:3,5:8,6:6,7:10}]
k4_certs_4_pure.json.gz#74 prof_cert2 n=4 m=8 vals=[{0:3,2:4,6:8,7:10},{1:3,4:4,5:10,7:8},{3:6,5:8,6:5,7:4},{4:3,5:8,6:6,7:10}]
k4_certs_4_pure.json.gz#74 prof_cert n=4 m=8 vals=[{0:4,2:3,6:10,7:8},{1:5,4:8,5:4,7:2},{3:2,5:7,6:6,7:10},{4:4,5:2,6:8,7:3}]
k4_certs_4_pure.json.gz#74 prof_cert2 n=4 m=8 vals=[{0:4,2:3,6:10,7:8},{1:5,4:8,5:4,7:2},{3:2,5:7,6:6,7:10},{4:4,5:2,6:8,7:3}]
k4_certs_4_pure.json.gz#76 amax_ndx2 n=4 m=8 vals=[{0:3,2:4,3:8,7:2},{1:5,3:7,6:6,7:3},{4:3,5:2,6:4,7:8},{4:1,5:4,6:8,7:6}]
k4_certs_4_pure.json.gz#76 amax_ndx2 n=4 m=8 vals=[{0:2,2:4,3:8,7:7},{1:6,3:5,6:4,7:8},{4:4,5:3,6:10,7:8},{4:4,5:2,6:3,7:8}]
k4_certs_4_pure.json.gz#76 keys_distinct_g n=4 m=8 vals=[{0:2,2:7,3:10,7:4},{1:3,3:8,6:4,7:2},{4:7,5:10,6:2,7:4},{4:4,5:8,6:3,7:6}]
k4_certs_4_pure.json.gz#76 keys_distinct_g n=4 m=8 vals=[{0:3,2:4,3:8,7:2},{1:3,3:8,6:4,7:6},{4:3,5:10,6:6,7:8},{4:3,5:10,6:6,7:8}]
k4_certs_4_pure.json.gz#76 prof_cert n=4 m=8 vals=[{0:3,2:4,3:10,7:8},{1:2,3:10,6:7,7:4},{4:7,5:2,6:4,7:10},{4:4,5:8,6:3,7:10}]
k4_certs_4_pure.json.gz#76 prof_cert2 n=4 m=8 vals=[{0:3,2:4,3:10,7:8},{1:2,3:10,6:7,7:4},{4:7,5:2,6:4,7:10},{4:4,5:8,6:3,7:10}]
k4_certs_4_pure.json.gz#76 amax_not_cert2 n=4 m=8 vals=[{0:3,2:4,3:10,7:8},{1:2,3:10,6:7,7:4},{4:7,5:2,6:4,7:10},{4:4,5:8,6:3,7:10}]
k4_certs_4_pure.json.gz#76 amax_not_cert2 n=4 m=8 vals=[{0:3,2:4,3:10,7:8},{1:2,3:10,6:7,7:4},{4:7,5:2,6:4,7:10},{4:4,5:8,6:3,7:10}]
k4_certs_4_pure.json.gz#76 prof_cert n=4 m=8 vals=[{0:2,2:4,3:10,7:7},{1:3,3:8,6:4,7:6},{4:4,5:2,6:7,7:10},{4:3,5:6,6:7,7:5}]
k4_certs_4_pure.json.gz#76 prof_cert2 n=4 m=8 vals=[{0:2,2:4,3:10,7:7},{1:3,3:8,6:4,7:6},{4:4,5:2,6:7,7:10},{4:3,5:6,6:7,7:5}]
k4_certs_4_pure.json.gz#75 keys_distinct_g n=4 m=8 vals=[{0:7,2:2,4:6,5:10},{1:3,4:6,6:8,7:4},{3:2,5:7,6:10,7:4},{4:3,5:7,6:6,7:5}]
k4_certs_4_pure.json.gz#75 keys_distinct_g n=4 m=8 vals=[{0:3,2:2,4:4,5:8},{1:1,4:6,6:4,7:8},{3:8,5:10,6:3,7:4},{4:6,5:7,6:2,7:10}]
k4_certs_4_pure.json.gz#75 amax_ndx2 n=4 m=8 vals=[{0:6,2:3,4:10,5:2},{1:4,4:8,6:6,7:5},{3:6,5:2,6:3,7:10},{4:3,5:6,6:8,7:4}]
k4_certs_4_pure.json.gz#75 amax_ndx2 n=4 m=8 vals=[{0:2,2:6,4:3,5:10},{1:7,4:2,6:4,7:10},{3:5,5:4,6:6,7:8},{4:2,5:4,6:8,7:7}]
k4_certs_4_pure.json.gz#75 amax_not_cert2 n=4 m=8 vals=[{0:7,2:2,4:10,5:4},{1:3,4:6,6:10,7:2},{3:4,5:7,6:10,7:2},{4:8,5:3,6:4,7:6}]
k4_certs_4_pure.json.gz#75 prof_cert n=4 m=8 vals=[{0:6,2:3,4:2,5:10},{1:4,4:8,6:3,7:10},{3:3,5:6,6:2,7:10},{4:5,5:8,6:4,7:6}]
k4_certs_4_pure.json.gz#75 amax_not_cert2 n=4 m=8 vals=[{0:6,2:3,4:2,5:10},{1:4,4:8,6:3,7:10},{3:3,5:6,6:2,7:10},{4:5,5:8,6:4,7:6}]
k4_certs_4_pure.json.gz#75 prof_cert n=4 m=8 vals=[{0:4,2:2,4:7,5:10},{1:4,4:10,6:7,7:2},{3:3,5:10,6:8,7:6},{4:7,5:6,6:3,7:5}]
k4_certs_4_pure.json.gz#75 prof_cert2 n=4 m=8 vals=[{0:4,2:2,4:7,5:10},{1:4,4:10,6:7,7:2},{3:3,5:10,6:8,7:6},{4:7,5:6,6:3,7:5}]
k4_certs_4_pure.json.gz#77 keys_distinct_g n=4 m=8 vals=[{0:2,2:3,3:4,7:8},{1:2,3:4,5:5,6:8},{4:4,5:3,6:8,7:2},{4:8,5:4,6:3,7:10}]
k4_certs_4_pure.json.gz#77 amax_ndx2 n=4 m=8 vals=[{0:3,2:4,3:8,7:2},{1:8,3:10,5:3,6:4},{4:3,5:8,6:2,7:4},{4:3,5:4,6:8,7:2}]
k4_certs_4_pure.json.gz#77 keys_distinct_g n=4 m=8 vals=[{0:2,2:4,3:5,7:8},{1:4,3:7,5:2,6:10},{4:4,5:2,6:5,7:8},{4:2,5:4,6:8,7:5}]
k4_certs_4_pure.json.gz#77 amax_ndx2 n=4 m=8 vals=[{0:6,2:2,3:10,7:3},{1:6,3:7,5:5,6:3},{4:2,5:3,6:8,7:4},{4:6,5:10,6:8,7:3}]
k4_certs_4_pure.json.gz#77 amax_not_cert2 n=4 m=8 vals=[{0:3,2:2,3:10,7:6},{1:5,3:7,5:3,6:6},{4:4,5:10,6:7,7:2},{4:4,5:8,6:10,7:3}]
k4_certs_4_pure.json.gz#77 amax_not_cert2 n=4 m=8 vals=[{0:3,2:2,3:10,7:6},{1:5,3:7,5:3,6:6},{4:4,5:10,6:7,7:2},{4:4,5:8,6:10,7:3}]
k4_certs_4_pure.json.gz#77 prof_cert n=4 m=8 vals=[{0:2,2:3,3:10,7:6},{1:4,3:10,5:8,6:3},{4:4,5:10,6:2,7:7},{4:4,5:5,6:6,7:8}]
k4_certs_4_pure.json.gz#78 keys_distinct_g n=4 m=8 vals=[{0:2,2:6,3:10,4:3},{1:2,5:7,6:4,7:10},{3:10,5:8,6:3,7:4},{4:5,5:2,6:4,7:8}]
k4_certs_4_pure.json.gz#78 keys_distinct_g n=4 m=8 vals=[{0:4,2:2,3:3,4:8},{1:8,5:3,6:4,7:10},{3:6,5:1,6:4,7:8},{4:8,5:7,6:2,7:4}]
k4_certs_4_pure.json.gz#78 amax_ndx2 n=4 m=8 vals=[{0:3,2:4,3:8,4:2},{1:3,5:2,6:10,7:6},{3:8,5:4,6:6,7:5},{4:7,5:2,6:4,7:8}]
k4_certs_4_pure.json.gz#78 amax_ndx2 n=4 m=8 vals=[{0:2,2:3,3:4,4:8},{1:4,5:7,6:8,7:2},{3:6,5:10,6:8,7:3},{4:7,5:6,6:3,7:5}]
k4_certs_4_pure.json.gz#78 amax_not_cert2 n=4 m=8 vals=[{0:4,2:1,3:6,4:8},{1:1,5:8,6:6,7:4},{3:10,5:3,6:2,7:6},{4:8,5:6,6:3,7:4}]
k4_certs_4_pure.json.gz#78 amax_not_cert2 n=4 m=8 vals=[{0:4,2:1,3:6,4:8},{1:1,5:8,6:6,7:4},{3:10,5:3,6:2,7:6},{4:8,5:6,6:3,7:4}]
k4_certs_4_pure.json.gz#79 keys_distinct_g n=4 m=8 vals=[{0:2,2:6,3:10,7:7},{1:2,5:7,6:10,7:4},{3:8,4:4,5:3,6:2},{4:3,5:4,6:10,7:8}]
k4_certs_4_pure.json.gz#79 amax_ndx2 n=4 m=8 vals=[{0:2,2:6,3:3,7:10},{1:4,5:5,6:6,7:8},{3:6,4:2,5:3,6:10},{4:3,5:8,6:2,7:4}]
k4_certs_4_pure.json.gz#79 keys_distinct_g n=4 m=8 vals=[{0:4,2:2,3:8,7:5},{1:2,5:10,6:7,7:4},{3:10,4:6,5:7,6:2},{4:4,5:8,6:2,7:5}]
k4_certs_4_pure.json.gz#79 amax_not_cert2 n=4 m=8 vals=[{0:4,2:2,3:10,7:7},{1:5,5:2,6:4,7:8},{3:8,4:2,5:5,6:4},{4:2,5:4,6:7,7:8}]
k4_certs_4_pure.json.gz#79 amax_ndx2 n=4 m=8 vals=[{0:3,2:4,3:2,7:8},{1:7,5:10,6:2,7:6},{3:4,4:2,5:8,6:5},{4:4,5:5,6:6,7:8}]
k4_certs_4_pure.json.gz#79 amax_not_cert2 n=4 m=8 vals=[{0:3,2:4,3:2,7:8},{1:7,5:10,6:2,7:6},{3:4,4:2,5:8,6:5},{4:4,5:5,6:6,7:8}]
k4_certs_4_pure.json.gz#80 keys_distinct_g n=4 m=8 vals=[{0:1,2:4,4:8,7:6},{1:3,3:6,6:2,7:10},{3:6,5:2,6:7,7:10},{4:8,5:5,6:4,7:2}]
k4_certs_4_pure.json.gz#80 keys_distinct_g n=4 m=8 vals=[{0:3,2:6,4:10,7:2},{1:2,3:4,6:3,7:8},{3:4,5:8,6:3,7:10},{4:8,5:3,6:6,7:4}]
k4_certs_4_pure.json.gz#80 amax_ndx2 n=4 m=8 vals=[{0:2,2:7,4:10,7:4},{1:2,3:6,6:3,7:10},{3:8,5:3,6:10,7:6},{4:10,5:8,6:4,7:3}]
k4_certs_4_pure.json.gz#80 amax_ndx2 n=4 m=8 vals=[{0:4,2:3,4:2,7:8},{1:6,3:4,6:3,7:8},{3:6,5:3,6:8,7:4},{4:2,5:3,6:10,7:6}]
k4_certs_4_pure.json.gz#80 amax_not_cert2 n=4 m=8 vals=[{0:3,2:4,4:10,7:8},{1:2,3:4,6:8,7:7},{3:6,5:2,6:10,7:7},{4:10,5:4,6:2,7:7}]
k4_certs_4_pure.json.gz#81 amax_ndx2 n=4 m=8 vals=[{0:2,2:4,4:3,7:8},{1:5,3:6,5:4,6:8},{3:3,5:6,6:4,7:8},{4:4,5:2,6:8,7:5}]
k4_certs_4_pure.json.gz#81 amax_not_cert2 n=4 m=8 vals=[{0:2,2:4,4:3,7:8},{1:5,3:6,5:4,6:8},{3:3,5:6,6:4,7:8},{4:4,5:2,6:8,7:5}]
k4_certs_4_pure.json.gz#81 keys_distinct_g n=4 m=8 vals=[{0:6,2:3,4:8,7:10},{1:3,3:6,5:10,6:2},{3:6,5:3,6:5,7:7},{4:6,5:8,6:4,7:5}]
k4_certs_4_pure.json.gz#81 keys_distinct_g n=4 m=8 vals=[{0:6,2:3,4:2,7:10},{1:4,3:2,5:8,6:3},{3:6,5:8,6:4,7:5},{4:4,5:2,6:5,7:8}]
k4_certs_4_pure.json.gz#81 amax_ndx2 n=4 m=8 vals=[{0:2,2:7,4:6,7:10},{1:6,3:3,5:10,6:2},{3:5,5:6,6:3,7:7},{4:6,5:7,6:3,7:5}]
k4_certs_4_pure.json.gz#81 amax_not_cert2 n=4 m=8 vals=[{0:1,2:4,4:8,7:6},{1:3,3:2,5:10,6:6},{3:2,5:6,6:7,7:10},{4:8,5:3,6:6,7:4}]
k4_certs_4_pure.json.gz#82 amax_ndx2 n=4 m=8 vals=[{0:2,2:5,6:8,7:4},{1:6,3:3,4:2,7:10},{3:2,5:10,6:7,7:6},{4:5,5:6,6:4,7:8}]
k4_certs_4_pure.json.gz#82 keys_distinct_g n=4 m=8 vals=[{0:3,2:4,6:6,7:8},{1:2,3:6,4:10,7:3},{3:1,5:6,6:4,7:8},{4:10,5:8,6:4,7:3}]
k4_certs_4_pure.json.gz#82 amax_ndx2 n=4 m=8 vals=[{0:3,2:4,6:8,7:2},{1:6,3:1,4:8,7:4},{3:7,5:10,6:6,7:2},{4:5,5:6,6:7,7:3}]
k4_certs_4_pure.json.gz#82 keys_distinct_g n=4 m=8 vals=[{0:2,2:5,6:8,7:4},{1:6,3:2,4:7,7:10},{3:4,5:3,6:8,7:10},{4:4,5:6,6:8,7:1}]
k4_certs_4_pure.json.gz#82 prof_cert n=4 m=8 vals=[{0:3,2:4,6:8,7:10},{1:1,3:4,4:6,7:8},{3:7,5:10,6:2,7:6},{4:6,5:8,6:4,7:3}]
k4_certs_4_pure.json.gz#82 prof_cert2 n=4 m=8 vals=[{0:3,2:4,6:8,7:10},{1:1,3:4,4:6,7:8},{3:7,5:10,6:2,7:6},{4:6,5:8,6:4,7:3}]
k4_certs_4_pure.json.gz#82 amax_not_cert2 n=4 m=8 vals=[{0:3,2:4,6:8,7:10},{1:1,3:4,4:6,7:8},{3:7,5:10,6:2,7:6},{4:6,5:8,6:4,7:3}]
k4_certs_4_pure.json.gz#82 amax_not_cert2 n=4 m=8 vals=[{0:3,2:4,6:8,7:10},{1:1,3:4,4:6,7:8},{3:7,5:10,6:2,7:6},{4:6,5:8,6:4,7:3}]
k4_certs_4_pure.json.gz#83 amax_ndx2 n=4 m=8 vals=[{0:3,2:4,6:2,7:8},{1:6,3:4,4:8,5:1},{3:4,5:1,6:6,7:8},{4:4,5:6,6:3,7:8}]
k4_certs_4_pure.json.gz#83 keys_distinct_g n=4 m=8 vals=[{0:5,2:2,6:4,7:8},{1:2,3:3,4:10,5:6},{3:4,5:2,6:7,7:10},{4:8,5:4,6:6,7:3}]
k4_certs_4_pure.json.gz#83 amax_ndx2 n=4 m=8 vals=[{0:3,2:4,6:8,7:6},{1:6,3:1,4:4,5:8},{3:3,5:2,6:6,7:10},{4:6,5:4,6:8,7:5}]
k4_certs_4_pure.json.gz#83 keys_distinct_g n=4 m=8 vals=[{0:3,2:2,6:6,7:10},{1:5,3:2,4:8,5:4},{3:2,5:6,6:7,7:10},{4:10,5:8,6:4,7:3}]
k4_certs_4_pure.json.gz#83 prof_cert n=4 m=8 vals=[{0:4,2:3,6:10,7:8},{1:2,3:7,4:6,5:10},{3:6,5:4,6:8,7:3},{4:5,5:6,6:4,7:8}]
k4_certs_4_pure.json.gz#83 amax_not_cert2 n=4 m=8 vals=[{0:4,2:3,6:10,7:8},{1:2,3:7,4:6,5:10},{3:6,5:4,6:8,7:3},{4:5,5:6,6:4,7:8}]
k4_certs_4_pure.json.gz#83 amax_not_cert2 n=4 m=8 vals=[{0:4,2:3,6:10,7:8},{1:2,3:7,4:6,5:10},{3:6,5:4,6:8,7:3},{4:5,5:6,6:4,7:8}]
k4_certs_4_pure.json.gz#83 prof_cert n=4 m=8 vals=[{0:7,2:2,6:10,7:4},{1:4,3:2,4:7,5:8},{3:1,5:8,6:6,7:4},{4:8,5:4,6:2,7:7}]
k4_certs_4_pure.json.gz#83 prof_cert2 n=4 m=8 vals=[{0:7,2:2,6:10,7:4},{1:4,3:2,4:7,5:8},{3:1,5:8,6:6,7:4},{4:8,5:4,6:2,7:7}]
k4_certs_4_pure.json.gz#84 amax_not_cert2 n=4 m=8 vals=[{0:4,2:2,6:10,7:7},{1:3,3:6,6:2,7:10},{3:2,4:10,5:7,7:6},{4:2,5:5,6:8,7:4}]
k4_certs_4_pure.json.gz#84 amax_not_cert2 n=4 m=8 vals=[{0:4,2:2,6:10,7:7},{1:3,3:6,6:2,7:10},{3:2,4:10,5:7,7:6},{4:2,5:5,6:8,7:4}]
k4_certs_4_pure.json.gz#84 amax_ndx2 n=4 m=8 vals=[{0:6,2:3,6:2,7:10},{1:3,3:4,6:8,7:6},{3:7,4:2,5:8,7:4},{4:7,5:2,6:4,7:8}]
k4_certs_4_pure.json.gz#84 amax_ndx2 n=4 m=8 vals=[{0:6,2:1,6:4,7:8},{1:6,3:2,6:10,7:3},{3:4,4:3,5:10,7:8},{4:5,5:6,6:7,7:3}]
k4_certs_4_pure.json.gz#84 keys_distinct_g n=4 m=8 vals=[{0:1,2:6,6:8,7:4},{1:2,3:4,6:8,7:7},{3:2,4:6,5:10,7:7},{4:2,5:10,6:4,7:7}]
k4_certs_4_pure.json.gz#84 keys_distinct_g n=4 m=8 vals=[{0:6,2:3,6:10,7:2},{1:1,3:8,6:4,7:6},{3:10,4:4,5:8,7:3},{4:4,5:5,6:8,7:6}]
k4_certs_4_pure.json.gz#85 keys_distinct_g n=4 m=8 vals=[{0:3,2:4,6:8,7:2},{1:4,3:8,5:6,7:3},{3:10,4:8,5:4,6:3},{4:1,5:6,6:8,7:4}]
k4_certs_4_pure.json.gz#85 keys_distinct_g n=4 m=8 vals=[{0:3,2:2,6:6,7:10},{1:2,3:10,5:4,7:7},{3:8,4:4,5:6,6:5},{4:2,5:4,6:7,7:8}]
k4_certs_4_pure.json.gz#85 prof_cert n=4 m=8 vals=[{0:2,2:3,6:6,7:10},{1:4,3:1,5:6,7:8},{3:4,4:5,5:6,6:8},{4:8,5:10,6:3,7:4}]
k4_certs_4_pure.json.gz#85 amax_not_cert2 n=4 m=8 vals=[{0:2,2:3,6:6,7:10},{1:4,3:1,5:6,7:8},{3:4,4:5,5:6,6:8},{4:8,5:10,6:3,7:4}]
k4_certs_4_pure.json.gz#85 amax_not_cert2 n=4 m=8 vals=[{0:2,2:3,6:6,7:10},{1:4,3:1,5:6,7:8},{3:4,4:5,5:6,6:8},{4:8,5:10,6:3,7:4}]
k4_certs_4_pure.json.gz#85 amax_ndx2 n=4 m=8 vals=[{0:2,2:6,6:10,7:3},{1:7,3:10,5:4,7:2},{3:5,4:4,5:6,6:8},{4:10,5:2,6:6,7:7}]
k4_certs_4_pure.json.gz#85 amax_ndx2 n=4 m=8 vals=[{0:3,2:4,6:8,7:2},{1:4,3:6,5:8,7:1},{3:2,4:7,5:4,6:8},{4:3,5:10,6:8,7:4}]
k4_certs_4_pure.json.gz#85 prof_cert n=4 m=8 vals=[{0:4,2:3,6:8,7:10},{1:4,3:2,5:10,7:7},{3:3,4:4,5:8,6:2},{4:4,5:3,6:6,7:8}]
k4_certs_4_pure.json.gz#85 prof_cert2 n=4 m=8 vals=[{0:4,2:3,6:8,7:10},{1:4,3:2,5:10,7:7},{3:3,4:4,5:8,6:2},{4:4,5:3,6:6,7:8}]
k4_certs_4_pure.json.gz#86 keys_distinct_g n=4 m=8 vals=[{0:3,2:2,5:10,6:6},{1:6,5:8,6:5,7:4},{3:1,4:8,5:6,7:4},{3:1,4:8,6:4,7:6}]
k4_certs_4_pure.json.gz#86 keys_distinct_g n=4 m=8 vals=[{0:4,2:1,5:6,6:8},{1:2,5:7,6:6,7:10},{3:4,4:1,5:6,7:8},{3:3,4:6,6:8,7:4}]
k4_certs_4_pure.json.gz#86 amax_ndx2 n=4 m=8 vals=[{0:2,2:3,5:8,6:4},{1:4,5:6,6:5,7:8},{3:2,4:3,5:4,7:8},{3:2,4:4,6:8,7:5}]
k4_certs_4_pure.json.gz#86 amax_ndx2 n=4 m=8 vals=[{0:2,2:4,5:8,6:5},{1:5,5:4,6:8,7:6},{3:7,4:2,5:6,7:10},{3:2,4:4,6:8,7:3}]
k4_certs_4_pure.json.gz#86 amax_not_cert2 n=4 m=8 vals=[{0:2,2:4,5:8,6:5},{1:5,5:4,6:8,7:6},{3:7,4:2,5:6,7:10},{3:2,4:4,6:8,7:3}]
k4_certs_4_pure.json.gz#87 amax_ndx2 n=4 m=8 vals=[{0:4,4:2,6:8,7:3},{1:5,4:2,6:4,7:8},{2:4,5:10,6:7,7:2},{3:6,5:5,6:3,7:7}]
k4_certs_4_pure.json.gz#87 keys_distinct_g n=4 m=8 vals=[{0:6,4:10,6:3,7:8},{1:8,4:10,6:4,7:3},{2:4,5:1,6:8,7:6},{3:3,5:4,6:8,7:2}]
k4_certs_4_pure.json.gz#87 keys_distinct_g n=4 m=8 vals=[{0:4,4:5,6:8,7:2},{1:6,4:5,6:3,7:7},{2:1,5:6,6:4,7:8},{3:7,5:2,6:10,7:4}]
k4_certs_4_pure.json.gz#87 amax_ndx2 n=4 m=8 vals=[{0:2,4:5,6:8,7:4},{1:3,4:4,6:2,7:8},{2:5,5:8,6:4,7:6},{3:8,5:10,6:3,7:4}]
k4_certs_4_pure.json.gz#87 amax_not_cert2 n=4 m=8 vals=[{0:3,4:4,6:6,7:8},{1:6,4:2,6:3,7:10},{2:4,5:8,6:2,7:3},{3:6,5:10,6:3,7:8}]
k4_certs_4_pure.json.gz#88 amax_ndx2 n=4 m=8 vals=[{0:2,4:3,5:8,7:4},{1:3,4:4,6:10,7:8},{2:3,5:4,6:8,7:6},{3:6,5:8,6:5,7:4}]
k4_certs_4_pure.json.gz#88 amax_ndx2 n=4 m=8 vals=[{0:6,4:2,5:3,7:10},{1:6,4:3,6:10,7:8},{2:4,5:6,6:8,7:5},{3:4,5:10,6:2,7:7}]
k4_certs_4_pure.json.gz#88 keys_distinct_g n=4 m=8 vals=[{0:2,4:4,5:8,7:3},{1:2,4:7,6:10,7:4},{2:6,5:5,6:7,7:3},{3:6,5:8,6:4,7:5}]
k4_certs_4_pure.json.gz#88 keys_distinct_g n=4 m=8 vals=[{0:2,4:7,5:10,7:4},{1:6,4:2,6:10,7:3},{2:7,5:8,6:4,7:2},{3:6,5:4,6:8,7:5}]
k4_certs_4_pure.json.gz#88 prof_cert n=4 m=8 vals=[{0:2,4:7,5:10,7:6},{1:2,4:6,6:10,7:3},{2:7,5:6,6:2,7:10},{3:5,5:6,6:7,7:3}]
k4_certs_4_pure.json.gz#88 amax_not_cert2 n=4 m=8 vals=[{0:2,4:7,5:10,7:6},{1:2,4:6,6:10,7:3},{2:7,5:6,6:2,7:10},{3:5,5:6,6:7,7:3}]
k4_certs_4_pure.json.gz#88 prof_cert n=4 m=8 vals=[{0:2,4:5,5:8,7:4},{1:1,4:6,6:8,7:4},{2:6,5:4,6:1,7:8},{3:5,5:8,6:4,7:6}]
k4_certs_4_pure.json.gz#88 amax_not_cert2 n=4 m=8 vals=[{0:2,4:5,5:8,7:4},{1:1,4:6,6:8,7:4},{2:6,5:4,6:1,7:8},{3:5,5:8,6:4,7:6}]
k4_certs_4_pure.json.gz#89 keys_distinct_g n=4 m=8 vals=[{0:3,4:4,5:6,6:8},{1:4,4:3,5:6,7:8},{2:6,4:3,6:10,7:2},{3:4,5:2,6:7,7:8}]
k4_certs_4_pure.json.gz#89 keys_distinct_g n=4 m=8 vals=[{0:1,4:6,5:4,6:8},{1:7,4:2,5:4,7:8},{2:2,4:5,6:8,7:4},{3:3,5:4,6:6,7:8}]
k4_certs_4_pure.json.gz#89 amax_ndx2 n=4 m=8 vals=[{0:4,4:10,5:8,6:3},{1:3,4:7,5:5,7:6},{2:3,4:8,6:4,7:2},{3:3,5:6,6:4,7:8}]
k4_certs_4_pure.json.gz#89 amax_ndx2 n=4 m=8 vals=[{0:2,4:5,5:8,6:4},{1:7,4:2,5:4,7:10},{2:3,4:2,6:10,7:6},{3:6,5:5,6:4,7:8}]
k4_certs_4_pure.json.gz#92 keys_distinct_g n=4 m=8 vals=[{0:8,3:3,5:6,6:10},{1:4,4:3,5:2,7:8},{2:7,4:2,6:10,7:6},{3:7,5:4,6:2,7:10}]
k4_certs_4_pure.json.gz#92 keys_distinct_g n=4 m=8 vals=[{0:7,3:10,5:6,6:2},{1:5,4:8,5:4,7:2},{2:4,4:8,6:2,7:3},{3:8,5:5,6:4,7:2}]
k4_certs_4_pure.json.gz#92 amax_ndx2 n=4 m=8 vals=[{0:8,3:3,5:4,6:10},{1:5,4:2,5:8,7:4},{2:4,4:3,6:8,7:2},{3:6,5:3,6:7,7:5}]
k4_certs_4_pure.json.gz#92 amax_ndx2 n=4 m=8 vals=[{0:4,3:3,5:8,6:10},{1:4,4:2,5:8,7:7},{2:6,4:3,6:8,7:10},{3:3,5:5,6:6,7:7}]
k4_certs_4_pure.json.gz#91 amax_ndx2 n=4 m=8 vals=[{0:3,3:4,4:2,7:8},{1:2,3:4,5:7,6:10},{2:7,5:8,6:2,7:4},{4:3,5:6,6:5,7:7}]
k4_certs_4_pure.json.gz#91 keys_distinct_g n=4 m=8 vals=[{0:3,3:6,4:8,7:10},{1:6,3:2,5:3,6:10},{2:2,5:5,6:4,7:8},{4:6,5:7,6:10,7:2}]
k4_certs_4_pure.json.gz#91 keys_distinct_g n=4 m=8 vals=[{0:2,3:7,4:10,7:4},{1:3,3:6,5:8,6:4},{2:4,5:8,6:1,7:6},{4:10,5:2,6:3,7:6}]
k4_certs_4_pure.json.gz#91 amax_ndx2 n=4 m=8 vals=[{0:2,3:4,4:3,7:8},{1:3,3:6,5:10,6:8},{2:5,5:6,6:4,7:8},{4:7,5:4,6:8,7:2}]
k4_certs_4_pure.json.gz#91 amax_not_cert2 n=4 m=8 vals=[{0:2,3:4,4:3,7:8},{1:3,3:6,5:10,6:8},{2:5,5:6,6:4,7:8},{4:7,5:4,6:8,7:2}]
k4_certs_4_pure.json.gz#90 keys_distinct_g n=4 m=8 vals=[{0:2,3:10,4:7,7:4},{1:6,3:8,6:4,7:1},{2:5,5:2,6:4,7:8},{4:2,5:6,6:7,7:10}]
k4_certs_4_pure.json.gz#90 keys_distinct_g n=4 m=8 vals=[{0:2,3:6,4:7,7:10},{1:7,3:4,6:10,7:2},{2:6,5:2,6:10,7:7},{4:3,5:4,6:2,7:8}]
k4_certs_4_pure.json.gz#90 amax_ndx2 n=4 m=8 vals=[{0:4,3:8,4:3,7:2},{1:5,3:6,6:3,7:7},{2:2,5:6,6:10,7:3},{4:4,5:2,6:3,7:8}]
k4_certs_4_pure.json.gz#90 amax_ndx2 n=4 m=8 vals=[{0:6,3:10,4:2,7:3},{1:5,3:6,6:4,7:8},{2:3,5:6,6:2,7:10},{4:3,5:4,6:8,7:10}]
k4_certs_4_pure.json.gz#90 amax_not_cert2 n=4 m=8 vals=[{0:2,3:4,4:7,7:10},{1:2,3:3,6:10,7:6},{2:2,5:7,6:8,7:4},{4:6,5:8,6:3,7:4}]
k4_certs_4_pure.json.gz#90 amax_not_cert2 n=4 m=8 vals=[{0:2,3:4,4:7,7:10},{1:2,3:3,6:10,7:6},{2:2,5:7,6:8,7:4},{4:6,5:8,6:3,7:4}]
k4_certs_4_pure.json.gz#93 keys_distinct_g n=4 m=8 vals=[{0:4,3:6,4:5,7:8},{1:4,5:2,6:8,7:5},{2:6,5:3,6:2,7:10},{3:6,4:4,6:8,7:5}]
k4_certs_4_pure.json.gz#93 keys_distinct_g n=4 m=8 vals=[{0:3,3:10,4:6,7:2},{1:6,5:1,6:4,7:8},{2:6,5:3,6:2,7:10},{3:8,4:4,6:5,7:6}]
k4_certs_4_pure.json.gz#93 amax_ndx2 n=4 m=8 vals=[{0:2,3:6,4:3,7:10},{1:5,5:6,6:8,7:4},{2:5,5:6,6:8,7:4},{3:3,4:4,6:8,7:2}]
k4_certs_4_pure.json.gz#93 amax_ndx2 n=4 m=8 vals=[{0:2,3:6,4:3,7:10},{1:5,5:6,6:8,7:4},{2:5,5:6,6:8,7:4},{3:3,4:4,6:8,7:2}]
k4_certs_4_pure.json.gz#93 prof_cert n=4 m=8 vals=[{0:7,3:8,4:2,7:4},{1:1,5:4,6:6,7:8},{2:2,5:4,6:8,7:7},{3:6,4:4,6:8,7:3}]
k4_certs_4_pure.json.gz#93 prof_cert2 n=4 m=8 vals=[{0:7,3:8,4:2,7:4},{1:1,5:4,6:6,7:8},{2:2,5:4,6:8,7:7},{3:6,4:4,6:8,7:3}]
k4_certs_4_pure.json.gz#93 amax_not_cert2 n=4 m=8 vals=[{0:7,3:8,4:2,7:4},{1:1,5:4,6:6,7:8},{2:2,5:4,6:8,7:7},{3:6,4:4,6:8,7:3}]
k4_certs_4_pure.json.gz#93 amax_not_cert2 n=4 m=8 vals=[{0:7,3:8,4:2,7:4},{1:1,5:4,6:6,7:8},{2:2,5:4,6:8,7:7},{3:6,4:4,6:8,7:3}]
k4_certs_4_pure.json.gz#94 keys_distinct_g n=4 m=8 vals=[{0:6,3:3,4:2,5:10},{1:4,5:7,6:2,7:10},{2:6,5:8,6:5,7:4},{3:2,4:7,6:4,7:10}]
k4_certs_4_pure.json.gz#94 amax_ndx2 n=4 m=8 vals=[{0:4,3:2,4:3,5:8},{1:4,5:5,6:6,7:8},{2:5,5:6,6:8,7:4},{3:2,4:6,6:7,7:10}]
k4_certs_4_pure.json.gz#94 keys_distinct_g n=4 m=8 vals=[{0:6,3:8,4:1,5:4},{1:2,5:4,6:8,7:5},{2:3,5:8,6:10,7:6},{3:10,4:2,6:3,7:6}]
k4_certs_4_pure.json.gz#94 prof_cert n=4 m=8 vals=[{0:3,3:2,4:10,5:6},{1:1,5:6,6:8,7:4},{2:4,5:10,6:3,7:8},{3:2,4:8,6:7,7:4}]
k4_certs_4_pure.json.gz#94 amax_not_cert2 n=4 m=8 vals=[{0:3,3:2,4:10,5:6},{1:1,5:6,6:8,7:4},{2:4,5:10,6:3,7:8},{3:2,4:8,6:7,7:4}]
k4_certs_4_pure.json.gz#94 amax_not_cert2 n=4 m=8 vals=[{0:4,3:5,4:8,5:2},{1:7,5:2,6:6,7:10},{2:4,5:2,6:10,7:7},{3:5,4:6,6:7,7:3}]
k4_certs_4_pure.json.gz#94 amax_ndx2 n=4 m=8 vals=[{0:3,3:2,4:4,5:8},{1:6,5:4,6:3,7:8},{2:4,5:6,6:8,7:1},{3:7,4:2,6:6,7:10}]
k4_certs_4_pure.json.gz#95 keys_distinct_g n=4 m=8 vals=[{0:2,3:7,6:4,7:10},{1:4,4:8,6:6,7:1},{2:4,5:1,6:6,7:8},{3:2,4:10,5:7,7:4}]
k4_certs_4_pure.json.gz#95 keys_distinct_g n=4 m=8 vals=[{0:6,3:10,6:3,7:2},{1:2,4:7,6:10,7:4},{2:7,5:2,6:10,7:6},{3:8,4:3,5:4,7:6}]
k4_certs_4_pure.json.gz#95 amax_ndx2 n=4 m=8 vals=[{0:4,3:1,6:6,7:8},{1:8,4:10,6:4,7:3},{2:6,5:1,6:4,7:8},{3:3,4:8,5:4,7:2}]
k4_certs_4_pure.json.gz#95 amax_ndx2 n=4 m=8 vals=[{0:4,3:6,6:8,7:5},{1:6,4:3,6:10,7:8},{2:2,5:4,6:7,7:8},{3:8,4:2,5:5,7:4}]
k4_certs_4_pure.json.gz#95 amax_not_cert2 n=4 m=8 vals=[{0:2,3:4,6:7,7:10},{1:2,4:8,6:4,7:7},{2:2,5:4,6:5,7:8},{3:5,4:8,5:2,7:4}]
k4_certs_4_pure.json.gz#96 keys_distinct_g n=4 m=8 vals=[{0:2,3:4,5:8,7:5},{1:4,4:3,6:10,7:8},{2:5,5:8,6:4,7:6},{3:5,4:2,5:4,6:8}]
k4_certs_4_pure.json.gz#96 keys_distinct_g n=4 m=8 vals=[{0:4,3:1,5:8,7:6},{1:2,4:4,6:8,7:3},{2:6,5:5,6:7,7:3},{3:2,4:6,5:10,6:3}]
k4_certs_4_pure.json.gz#96 amax_ndx2 n=4 m=8 vals=[{0:4,3:1,5:8,7:6},{1:2,4:4,6:8,7:3},{2:6,5:5,6:7,7:3},{3:2,4:6,5:10,6:3}]
k4_certs_4_pure.json.gz#96 amax_not_cert2 n=4 m=8 vals=[{0:4,3:7,5:8,7:2},{1:3,4:8,6:10,7:4},{2:2,5:10,6:6,7:3},{3:8,4:2,5:4,6:7}]
k4_certs_4_pure.json.gz#96 amax_not_cert2 n=4 m=8 vals=[{0:4,3:7,5:8,7:2},{1:3,4:8,6:10,7:4},{2:2,5:10,6:6,7:3},{3:8,4:2,5:4,6:7}]
k4_certs_4_pure.json.gz#96 amax_ndx2 n=4 m=8 vals=[{0:6,3:1,5:8,7:4},{1:5,4:2,6:4,7:8},{2:5,5:6,6:7,7:3},{3:3,4:6,5:8,6:10}]
k4_certs_4_pure.json.gz#97 amax_ndx2 n=4 m=8 vals=[{0:3,2:2,3:8,4:4},{1:8,3:3,6:10,7:6},{2:5,5:2,6:4,7:8},{4:6,5:2,6:10,7:7}]
k4_certs_4_pure.json.gz#97 amax_ndx2 n=4 m=8 vals=[{0:4,2:2,3:8,4:3},{1:4,3:8,6:5,7:6},{2:4,5:2,6:8,7:5},{4:2,5:6,6:3,7:10}]
k4_certs_4_pure.json.gz#97 keys_distinct_g n=4 m=8 vals=[{0:6,2:2,3:10,4:7},{1:6,3:8,6:4,7:1},{2:2,5:10,6:3,7:6},{4:5,5:8,6:4,7:2}]
k4_certs_4_pure.json.gz#97 keys_distinct_g n=4 m=8 vals=[{0:4,2:3,3:2,4:8},{1:6,3:1,6:8,7:4},{2:3,5:6,6:10,7:8},{4:8,5:3,6:4,7:6}]
k4_certs_4_pure.json.gz#99 keys_distinct_g n=4 m=8 vals=[{0:2,2:10,3:7,6:6},{1:2,4:4,5:3,7:8},{2:7,3:5,6:6,7:3},{4:2,5:7,6:6,7:10}]
k4_certs_4_pure.json.gz#99 keys_distinct_g n=4 m=8 vals=[{0:3,2:10,3:6,6:8},{1:4,4:3,5:2,7:8},{2:7,3:3,6:5,7:6},{4:6,5:2,6:7,7:10}]
k4_certs_4_pure.json.gz#98 amax_ndx2 n=4 m=8 vals=[{0:7,2:4,3:10,5:2},{1:4,4:2,6:8,7:7},{2:6,3:5,6:4,7:8},{4:2,5:4,6:3,7:8}]
k4_certs_4_pure.json.gz#98 keys_distinct_g n=4 m=8 vals=[{0:2,2:3,3:6,5:10},{1:5,4:6,6:7,7:3},{2:6,3:2,6:10,7:3},{4:4,5:8,6:2,7:5}]
k4_certs_4_pure.json.gz#101 keys_distinct_g n=4 m=8 vals=[{0:6,2:3,3:8,7:10},{1:3,5:2,6:6,7:10},{2:1,3:4,4:8,6:6},{4:10,5:2,6:7,7:4}]
k4_certs_4_pure.json.gz#101 keys_distinct_g n=4 m=8 vals=[{0:3,2:2,3:6,7:10},{1:1,5:6,6:8,7:4},{2:6,3:3,4:8,6:10},{4:7,5:4,6:2,7:8}]
k4_certs_4_pure.json.gz#101 amax_ndx2 n=4 m=8 vals=[{0:2,2:3,3:4,7:8},{1:8,5:3,6:10,7:6},{2:3,3:2,4:6,6:10},{4:3,5:8,6:6,7:4}]
k4_certs_4_pure.json.gz#100 amax_ndx2 n=4 m=8 vals=[{0:8,2:10,3:3,7:6},{1:3,5:4,6:2,7:8},{2:3,3:6,4:7,7:5},{4:10,5:2,6:7,7:4}]
k4_certs_4_pure.json.gz#100 amax_ndx2 n=4 m=8 vals=[{0:8,2:10,3:3,7:6},{1:3,5:4,6:2,7:8},{2:3,3:6,4:7,7:5},{4:10,5:2,6:7,7:4}]
k4_certs_4_pure.json.gz#100 keys_distinct_g n=4 m=8 vals=[{0:3,2:8,3:4,7:6},{1:3,5:6,6:10,7:2},{2:10,3:2,4:3,7:6},{4:4,5:2,6:10,7:7}]
k4_certs_4_pure.json.gz#102 amax_ndx2 n=4 m=8 vals=[{0:5,2:2,4:4,6:8},{1:6,3:2,5:10,7:3},{2:3,3:2,6:4,7:8},{4:6,5:4,6:5,7:8}]
k4_certs_4_pure.json.gz#102 keys_distinct_g n=4 m=8 vals=[{0:3,2:8,4:4,6:6},{1:6,3:2,5:3,7:10},{2:8,3:7,6:2,7:4},{4:6,5:1,6:4,7:8}]
k4_certs_4_pure.json.gz#102 keys_distinct_g n=4 m=8 vals=[{0:6,2:10,4:2,6:3},{1:6,3:2,5:3,7:10},{2:10,3:3,6:8,7:4},{4:2,5:6,6:7,7:10}]
k4_certs_4_pure.json.gz#102 amax_ndx2 n=4 m=8 vals=[{0:3,2:6,4:2,6:10},{1:2,3:4,5:8,7:7},{2:6,3:3,6:8,7:10},{4:4,5:5,6:8,7:6}]
k4_certs_4_pure.json.gz#103 keys_distinct_g n=4 m=8 vals=[{0:6,2:7,5:2,7:10},{1:2,4:4,6:7,7:10},{2:4,3:8,4:6,7:1},{3:8,5:2,6:4,7:5}]
k4_certs_4_pure.json.gz#103 amax_ndx2 n=4 m=8 vals=[{0:3,2:2,5:6,7:10},{1:4,4:5,6:8,7:6},{2:2,3:4,4:8,7:3},{3:4,5:2,6:8,7:3}]
k4_certs_4_pure.json.gz#103 amax_ndx2 n=4 m=8 vals=[{0:2,2:4,5:3,7:8},{1:4,4:8,6:6,7:5},{2:5,3:2,4:8,7:4},{3:3,5:2,6:8,7:4}]
k4_certs_4_pure.json.gz#103 keys_distinct_g n=4 m=8 vals=[{0:4,2:8,5:2,7:5},{1:6,4:3,6:10,7:8},{2:10,3:7,4:2,7:6},{3:2,5:4,6:10,7:7}]
k4_certs_4_pure.json.gz#105 amax_ndx2 n=4 m=8 vals=[{0:3,2:2,5:6,6:10},{1:3,4:4,5:2,7:8},{2:4,3:6,6:8,7:5},{3:8,4:4,6:2,7:3}]
k4_certs_4_pure.json.gz#105 keys_distinct_g n=4 m=8 vals=[{0:2,2:5,5:4,6:8},{1:2,4:5,5:4,7:8},{2:6,3:3,6:10,7:8},{3:3,4:2,6:4,7:8}]
k4_certs_4_pure.json.gz#105 keys_distinct_g n=4 m=8 vals=[{0:6,2:5,5:8,6:4},{1:2,4:3,5:10,7:6},{2:7,3:4,6:10,7:2},{3:2,4:6,6:10,7:3}]
k4_certs_4_pure.json.gz#105 amax_ndx2 n=4 m=8 vals=[{0:2,2:8,5:4,6:3},{1:2,4:3,5:6,7:10},{2:8,3:6,6:3,7:4},{3:2,4:5,6:8,7:4}]
k4_certs_4_pure.json.gz#106 keys_distinct_g n=4 m=8 vals=[{0:2,2:4,5:3,7:8},{1:4,5:2,6:7,7:8},{2:6,3:10,4:2,6:7},{3:8,4:4,6:6,7:1}]
k4_certs_4_pure.json.gz#106 keys_distinct_g n=4 m=8 vals=[{0:2,2:6,5:3,7:10},{1:2,5:6,6:10,7:7},{2:3,3:4,4:8,6:10},{3:5,4:6,6:4,7:8}]
k4_certs_4_pure.json.gz#106 amax_ndx2 n=4 m=8 vals=[{0:6,2:2,5:3,7:10},{1:3,5:6,6:10,7:2},{2:4,3:8,4:3,6:2},{3:4,4:5,6:8,7:6}]
k4_certs_4_pure.json.gz#106 amax_ndx2 n=4 m=8 vals=[{0:4,2:2,5:3,7:8},{1:7,5:2,6:10,7:4},{2:6,3:4,4:8,6:3},{3:6,4:3,6:4,7:8}]
k4_certs_4_pure.json.gz#104 keys_distinct_g n=4 m=8 vals=[{0:3,2:8,5:2,7:4},{1:4,4:7,6:2,7:8},{2:8,3:1,4:6,6:4},{3:1,5:6,6:4,7:8}]
k4_certs_4_pure.json.gz#104 keys_distinct_g n=4 m=8 vals=[{0:2,2:6,5:7,7:10},{1:2,4:7,6:10,7:6},{2:5,3:2,4:4,6:8},{3:3,5:2,6:6,7:10}]
k4_certs_4_pure.json.gz#107 keys_distinct_g n=4 m=8 vals=[{0:1,2:6,6:4,7:8},{1:8,5:10,6:3,7:6},{2:2,3:6,4:3,5:10},{3:4,4:3,6:6,7:8}]
k4_certs_4_pure.json.gz#107 keys_distinct_g n=4 m=8 vals=[{0:1,2:8,6:4,7:6},{1:2,5:4,6:8,7:3},{2:10,3:2,4:4,5:7},{3:2,4:4,6:8,7:5}]
k4_certs_4_pure.json.gz#107 amax_ndx2 n=4 m=8 vals=[{0:8,2:10,6:3,7:4},{1:6,5:1,6:4,7:8},{2:8,3:4,4:2,5:3},{3:1,4:6,6:4,7:8}]
k4_certs_4_pure.json.gz#107 amax_ndx2 n=4 m=8 vals=[{0:8,2:10,6:3,7:4},{1:6,5:1,6:4,7:8},{2:8,3:4,4:2,5:3},{3:1,4:6,6:4,7:8}]
k4_certs_4_pure.json.gz#107 amax_not_cert2 n=4 m=8 vals=[{0:6,2:3,6:10,7:8},{1:1,5:4,6:6,7:8},{2:5,3:4,4:8,5:2},{3:4,4:6,6:5,7:8}]
k4_certs_4_pure.json.gz#109 keys_distinct_g n=4 m=8 vals=[{0:2,2:7,6:10,7:6},{1:4,5:3,6:8,7:2},{2:8,3:10,4:6,6:3},{3:8,4:4,5:2,7:3}]
k4_certs_4_pure.json.gz#109 keys_distinct_g n=4 m=8 vals=[{0:4,2:3,6:8,7:6},{1:4,5:3,6:8,7:10},{2:5,3:2,4:4,6:8},{3:7,4:6,5:2,7:10}]
k4_certs_4_pure.json.gz#109 amax_ndx2 n=4 m=8 vals=[{0:3,2:6,6:5,7:7},{1:4,5:2,6:7,7:10},{2:10,3:6,4:3,6:2},{3:2,4:3,5:6,7:10}]
k4_certs_4_pure.json.gz#109 amax_ndx2 n=4 m=8 vals=[{0:6,2:2,6:3,7:10},{1:6,5:10,6:2,7:7},{2:6,3:3,4:10,6:2},{3:5,4:6,5:8,7:4}]
k4_certs_4_pure.json.gz#108 keys_distinct_g n=4 m=8 vals=[{0:4,2:8,6:1,7:6},{1:2,5:10,6:7,7:6},{2:8,3:4,4:3,7:6},{3:2,4:7,5:10,7:6}]
k4_certs_4_pure.json.gz#108 keys_distinct_g n=4 m=8 vals=[{0:2,2:10,6:3,7:6},{1:3,5:10,6:4,7:8},{2:8,3:4,4:2,7:5},{3:3,4:6,5:10,7:2}]
k4_certs_4_pure.json.gz#108 amax_ndx2 n=4 m=8 vals=[{0:3,2:10,6:6,7:8},{1:2,5:3,6:4,7:8},{2:6,3:3,4:8,7:10},{3:8,4:3,5:4,7:10}]
k4_certs_4_pure.json.gz#108 amax_ndx2 n=4 m=8 vals=[{0:6,2:2,6:10,7:3},{1:4,5:6,6:5,7:8},{2:3,3:2,4:6,7:10},{3:2,4:4,5:10,7:7}]
k4_certs_4_pure.json.gz#110 keys_distinct_g n=4 m=8 vals=[{0:3,4:4,5:8,6:10},{1:4,4:3,5:8,7:10},{2:2,3:7,6:6,7:10},{2:1,3:6,6:8,7:4}]
k4_certs_4_pure.json.gz#110 prof_cert n=4 m=8 vals=[{0:2,4:8,5:4,6:7},{1:3,4:10,5:2,7:6},{2:5,3:4,6:2,7:8},{2:4,3:2,6:8,7:5}]
k4_certs_4_pure.json.gz#110 prof_cert2 n=4 m=8 vals=[{0:2,4:8,5:4,6:7},{1:3,4:10,5:2,7:6},{2:5,3:4,6:2,7:8},{2:4,3:2,6:8,7:5}]
k4_certs_4_pure.json.gz#110 amax_not_cert2 n=4 m=8 vals=[{0:2,4:8,5:4,6:7},{1:3,4:10,5:2,7:6},{2:5,3:4,6:2,7:8},{2:4,3:2,6:8,7:5}]
k4_certs_4_pure.json.gz#110 amax_not_cert2 n=4 m=8 vals=[{0:2,4:8,5:4,6:7},{1:3,4:10,5:2,7:6},{2:5,3:4,6:2,7:8},{2:4,3:2,6:8,7:5}]
k4_certs_4_pure.json.gz#110 keys_distinct_g n=4 m=8 vals=[{0:2,4:4,5:7,6:10},{1:6,4:8,5:3,7:10},{2:3,3:4,6:10,7:8},{2:3,3:4,6:6,7:8}]
k4_certs_4_pure.json.gz#111 keys_distinct_g n=4 m=8 vals=[{0:1,5:6,6:8,7:4},{1:1,5:4,6:8,7:6},{2:10,3:7,4:2,7:6},{2:10,3:4,4:3,7:8}]
k4_certs_4_pure.json.gz#111 keys_distinct_g n=4 m=8 vals=[{0:6,5:2,6:10,7:7},{1:7,5:2,6:10,7:6},{2:4,3:2,4:8,7:5},{2:7,3:2,4:10,7:6}]
k4_certs_4_pure.json.gz#112 keys_distinct_g n=4 m=8 vals=[{0:3,5:4,6:2,7:8},{1:3,5:6,6:8,7:10},{2:4,3:3,4:8,6:6},{2:2,3:4,4:10,7:7}]
k4_certs_4_pure.json.gz#112 keys_distinct_g n=4 m=8 vals=[{0:4,5:1,6:6,7:8},{1:6,5:2,6:7,7:10},{2:2,3:7,4:10,6:6},{2:2,3:6,4:10,7:3}]
k4_certs_4_pure.json.gz#113 keys_distinct_g n=4 m=8 vals=[{0:2,1:6,2:10,3:3},{1:2,2:10,3:7,7:6},{4:8,5:4,6:2,7:5},{4:8,5:2,6:4,7:5}]
k4_certs_4_pure.json.gz#113 keys_distinct_g n=4 m=8 vals=[{0:2,1:3,2:8,3:4},{1:5,2:8,3:2,7:4},{4:2,5:8,6:5,7:4},{4:7,5:10,6:2,7:6}]
k4_certs_4_pure.json.gz#114 keys_distinct_g n=4 m=8 vals=[{0:3,1:2,4:6,5:10},{1:6,3:2,6:7,7:10},{2:6,3:2,4:7,7:10},{2:6,5:8,6:5,7:4}]
k4_certs_4_pure.json.gz#115 keys_distinct_g n=4 m=8 vals=[{0:4,1:3,4:2,5:8},{1:7,5:10,6:2,7:6},{2:8,3:2,4:4,7:5},{2:10,3:6,6:2,7:3}]
k4_certs_4_pure.json.gz#115 keys_distinct_g n=4 m=8 vals=[{0:3,1:4,4:8,5:6},{1:3,5:8,6:6,7:10},{2:3,3:6,4:10,7:2},{2:6,3:3,6:2,7:10}]
k4_certs_4_pure.json.gz#116 keys_distinct_g n=4 m=8 vals=[{0:3,2:4,3:8,7:6},{1:6,2:4,3:8,4:3},{1:7,5:4,6:2,7:10},{4:3,5:4,6:2,7:8}]
k4_certs_4_pure.json.gz#116 keys_distinct_g n=4 m=8 vals=[{0:7,2:2,3:10,7:6},{1:2,2:3,3:10,4:6},{1:2,5:7,6:10,7:6},{4:3,5:4,6:8,7:6}]
k4_certs_4_pure.json.gz#118 keys_distinct_g n=4 m=8 vals=[{0:2,4:8,6:3,7:4},{1:8,2:5,3:4,5:2},{1:8,3:4,5:3,7:6},{2:5,4:8,6:2,7:4}]
k4_certs_4_pure.json.gz#118 amax_ndx2 n=4 m=8 vals=[{0:6,4:8,6:5,7:4},{1:2,2:8,3:3,5:4},{1:6,3:2,5:3,7:10},{2:8,4:4,6:5,7:6}]
k4_certs_4_pure.json.gz#118 keys_distinct_g n=4 m=8 vals=[{0:4,4:8,6:2,7:3},{1:8,2:2,3:4,5:3},{1:8,3:4,5:3,7:6},{2:6,4:10,6:2,7:7}]
k4_certs_4_pure.json.gz#117 keys_distinct_g n=4 m=8 vals=[{0:4,4:10,5:2,7:7},{1:3,2:6,3:2,4:10},{1:2,3:6,6:10,7:7},{2:2,5:5,6:8,7:4}]
k4_certs_4_pure.json.gz#117 keys_distinct_g n=4 m=8 vals=[{0:4,4:3,5:2,7:8},{1:6,2:10,3:7,4:2},{1:5,3:3,6:6,7:7},{2:10,5:3,6:6,7:2}]
k4_certs_4_pure.json.gz#117 amax_ndx2 n=4 m=8 vals=[{0:4,4:3,5:8,7:2},{1:2,2:10,3:3,4:6},{1:3,3:4,6:8,7:2},{2:4,5:6,6:8,7:5}]
k4_certs_4_pure.json.gz#119 keys_distinct_g n=4 m=8 vals=[{0:2,5:6,6:7,7:10},{1:6,2:3,3:10,4:2},{1:6,3:8,5:3,7:4},{2:3,4:4,6:2,7:8}]
k4_certs_4_pure.json.gz#119 keys_distinct_g n=4 m=8 vals=[{0:2,5:6,6:3,7:10},{1:2,2:4,3:10,4:7},{1:2,3:10,5:3,7:6},{2:5,4:6,6:3,7:7}]
k4_certs_4_pure.json.gz#120 keys_distinct_g n=4 m=8 vals=[{0:8,2:2,4:4,6:5},{0:10,2:3,5:6,6:2},{1:8,3:2,4:7,7:4},{1:8,3:3,5:2,7:4}]
k4_certs_4_pure.json.gz#122 keys_distinct_g n=4 m=8 vals=[{0:4,2:3,5:2,6:8},{0:2,3:7,4:4,6:10},{1:7,2:2,4:4,7:10},{1:2,3:6,5:3,7:10}]
k4_certs_4_pure.json.gz#122 amax_ndx2 n=4 m=8 vals=[{0:3,2:10,5:2,6:6},{0:3,3:2,4:10,6:6},{1:3,2:4,4:8,7:6},{1:8,3:1,5:6,7:4}]
k4_certs_4_pure.json.gz#122 keys_distinct_g n=4 m=8 vals=[{0:2,2:8,5:4,6:5},{0:4,3:8,4:2,6:3},{1:7,2:10,4:2,7:4},{1:2,3:10,5:6,7:7}]
k4_certs_4_pure.json.gz#121 keys_distinct_g n=4 m=8 vals=[{0:4,2:7,4:2,6:10},{0:6,2:7,5:10,7:2},{1:3,3:4,4:2,6:8},{1:3,3:6,5:10,7:2}]
k4_certs_4_pure.json.gz#121 keys_distinct_g n=4 m=8 vals=[{0:3,2:6,4:4,6:8},{0:4,2:6,5:1,7:8},{1:4,3:2,4:3,6:8},{1:2,3:3,5:4,7:8}]
k4_certs_4_pure.json.gz#123 keys_distinct_g n=4 m=9 vals=[{0:3,1:6,2:2,7:10},{2:3,4:10,5:6,8:8},{3:2,4:8,5:3,6:4},{3:6,6:3,7:10,8:8}]
k4_certs_4_pure.json.gz#123 keys_distinct_g n=4 m=9 vals=[{0:3,1:4,2:2,7:8},{2:4,4:3,5:8,8:2},{3:2,4:7,5:10,6:4},{3:4,6:5,7:8,8:2}]
k4_certs_4_pure.json.gz#124 keys_distinct_g n=4 m=9 vals=[{0:6,1:3,3:10,4:2},{2:4,3:8,4:2,5:5},{2:4,6:8,7:3,8:2},{5:6,6:8,7:4,8:3}]
k4_certs_4_pure.json.gz#124 amax_ndx2 n=4 m=9 vals=[{0:3,1:4,3:2,4:8},{2:6,3:4,4:5,5:8},{2:8,6:4,7:2,8:3},{5:8,6:3,7:2,8:4}]
k4_certs_4_pure.json.gz#124 keys_distinct_g n=4 m=9 vals=[{0:3,1:2,3:8,4:4},{2:6,3:8,4:3,5:4},{2:8,6:4,7:10,8:3},{5:3,6:6,7:10,8:2}]
k4_certs_4_pure.json.gz#125 keys_distinct_g n=4 m=9 vals=[{0:4,2:3,4:6,5:8},{1:2,3:4,7:3,8:8},{4:8,6:3,7:4,8:10},{5:7,6:6,7:5,8:3}]
k4_certs_4_pure.json.gz#125 keys_distinct_g n=4 m=9 vals=[{0:3,2:6,4:10,5:8},{1:3,3:4,7:2,8:8},{4:10,6:3,7:8,8:6},{5:7,6:4,7:2,8:10}]
k4_certs_4_pure.json.gz#125 amax_ndx2 n=4 m=9 vals=[{0:3,2:6,4:10,5:2},{1:2,3:5,7:8,8:4},{4:8,6:3,7:4,8:6},{5:6,6:10,7:2,8:3}]
k4_certs_4_pure.json.gz#125 amax_ndx2 n=4 m=9 vals=[{0:3,2:4,4:8,5:2},{1:6,3:1,7:4,8:8},{4:8,6:5,7:4,8:6},{5:5,6:8,7:2,8:4}]
k4_certs_4_pure.json.gz#126 keys_distinct_g n=4 m=9 vals=[{0:2,2:4,4:3,7:8},{1:6,3:3,6:2,8:10},{4:5,5:4,7:2,8:8},{5:6,6:5,7:7,8:3}]
k4_certs_4_pure.json.gz#126 amax_ndx2 n=4 m=9 vals=[{0:6,2:2,4:3,7:10},{1:2,3:7,6:6,8:10},{4:3,5:10,7:2,8:6},{5:6,6:3,7:7,8:5}]
k4_certs_4_pure.json.gz#126 keys_distinct_g n=4 m=9 vals=[{0:2,2:4,4:8,7:3},{1:2,3:5,6:8,8:4},{4:10,5:2,7:7,8:6},{5:7,6:10,7:2,8:4}]
k4_certs_4_pure.json.gz#126 amax_ndx2 n=4 m=9 vals=[{0:3,2:2,4:8,7:4},{1:3,3:2,6:4,8:8},{4:8,5:5,7:4,8:6},{5:3,6:8,7:10,8:6}]
k4_certs_4_pure.json.gz#127 keys_distinct_g n=4 m=9 vals=[{0:2,2:6,4:3,8:10},{1:4,3:2,7:8,8:5},{4:3,5:8,6:6,8:10},{5:5,6:4,7:8,8:6}]
k4_certs_4_pure.json.gz#127 keys_distinct_g n=4 m=9 vals=[{0:6,2:2,4:10,8:7},{1:2,3:4,7:8,8:3},{4:7,5:5,6:6,8:3},{5:6,6:3,7:10,8:8}]
k4_certs_4_pure.json.gz#127 FAIL_glob_r,lamU n=4 m=9 vals=[{0:7,2:2,4:4,8:8},{1:2,3:6,7:3,8:10},{4:8,5:3,6:6,8:4},{5:6,6:2,7:3,8:10}]
k4_certs_4_pure.json.gz#127 amax_ndx2 n=4 m=9 vals=[{0:6,2:1,4:8,8:4},{1:2,3:4,7:3,8:8},{4:8,5:5,6:6,8:4},{5:10,6:2,7:7,8:6}]
k4_certs_4_pure.json.gz#127 amax_ndx2 n=4 m=9 vals=[{0:1,2:4,4:8,8:6},{1:6,3:3,7:2,8:10},{4:6,5:3,6:5,8:7},{5:7,6:2,7:4,8:10}]
k4_certs_4_pure.json.gz#127 prof_cert n=4 m=9 vals=[{0:2,2:4,4:5,8:8},{1:4,3:2,7:10,8:7},{4:2,5:4,6:3,8:8},{5:2,6:3,7:8,8:4}]
k4_certs_4_pure.json.gz#127 prof_cert2 n=4 m=9 vals=[{0:2,2:4,4:5,8:8},{1:4,3:2,7:10,8:7},{4:2,5:4,6:3,8:8},{5:2,6:3,7:8,8:4}]
k4_certs_4_pure.json.gz#127 amax_not_cert2 n=4 m=9 vals=[{0:2,2:4,4:5,8:8},{1:4,3:2,7:10,8:7},{4:2,5:4,6:3,8:8},{5:2,6:3,7:8,8:4}]
k4_certs_4_pure.json.gz#127 amax_not_cert2 n=4 m=9 vals=[{0:2,2:4,4:5,8:8},{1:4,3:2,7:10,8:7},{4:2,5:4,6:3,8:8},{5:2,6:3,7:8,8:4}]
k4_certs_4_pure.json.gz#127 FAIL_glob_r,lamU n=4 m=9 vals=[{0:3,2:6,4:2,8:10},{1:3,3:6,7:2,8:10},{4:6,5:4,6:1,8:8},{5:4,6:8,7:3,8:10}]
k4_certs_4_pure.json.gz#128 keys_distinct_g n=4 m=9 vals=[{0:2,2:7,4:10,8:6},{1:3,3:4,7:6,8:8},{4:10,5:7,6:2,7:4},{5:4,6:1,7:6,8:8}]
k4_certs_4_pure.json.gz#128 keys_distinct_g n=4 m=9 vals=[{0:3,2:6,4:8,8:10},{1:6,3:3,7:2,8:10},{4:6,5:7,6:10,7:2},{5:2,6:8,7:3,8:4}]
k4_certs_4_pure.json.gz#128 amax_ndx2 n=4 m=9 vals=[{0:3,2:4,4:8,8:2},{1:4,3:3,7:8,8:2},{4:8,5:4,6:6,7:5},{5:7,6:2,7:10,8:6}]
k4_certs_4_pure.json.gz#128 amax_ndx2 n=4 m=9 vals=[{0:3,2:4,4:2,8:8},{1:3,3:6,7:10,8:2},{4:4,5:3,6:10,7:8},{5:5,6:4,7:6,8:8}]
k4_certs_4_pure.json.gz#129 keys_distinct_g n=4 m=9 vals=[{0:4,2:3,6:10,7:8},{1:2,3:4,6:8,8:3},{4:5,5:8,7:4,8:2},{4:7,5:10,7:6,8:2}]
k4_certs_4_pure.json.gz#129 keys_distinct_g n=4 m=9 vals=[{0:4,2:3,6:10,7:8},{1:4,3:2,6:8,8:3},{4:10,5:3,7:8,8:4},{4:10,5:2,7:7,8:6}]
k4_certs_4_pure.json.gz#131 keys_distinct_g n=4 m=9 vals=[{0:2,2:7,7:10,8:6},{1:6,3:3,7:10,8:8},{4:2,5:8,6:3,7:4},{4:2,5:8,6:4,8:5}]
k4_certs_4_pure.json.gz#131 keys_distinct_g n=4 m=9 vals=[{0:2,2:7,7:4,8:10},{1:2,3:4,7:10,8:7},{4:8,5:4,6:3,7:10},{4:4,5:5,6:6,8:8}]
k4_certs_4_pure.json.gz#131 FAIL_glob_r,lamU n=4 m=9 vals=[{0:7,2:2,7:4,8:8},{1:4,3:2,7:3,8:8},{4:4,5:10,6:2,7:7},{4:3,5:2,6:4,8:8}]
k4_certs_4_pure.json.gz#131 FAIL_glob_r,lamU n=4 m=9 vals=[{0:3,2:4,7:2,8:8},{1:5,3:2,7:4,8:8},{4:8,5:4,6:3,7:10},{4:6,5:3,6:8,8:10}]
k4_certs_4_pure.json.gz#130 keys_distinct_g n=4 m=9 vals=[{0:3,2:6,7:10,8:8},{1:2,3:4,7:8,8:3},{4:2,5:4,6:8,8:7},{4:7,5:2,6:10,8:6}]
k4_certs_4_pure.json.gz#130 keys_distinct_g n=4 m=9 vals=[{0:2,2:4,7:8,8:5},{1:6,3:1,7:8,8:4},{4:6,5:10,6:3,8:8},{4:3,5:8,6:2,8:4}]
k4_certs_4_pure.json.gz#130 key_noncompletable n=4 m=9 vals=[{0:3,2:6,7:5,8:7},{1:2,3:4,7:3,8:8},{4:2,5:5,6:4,8:8},{4:6,5:7,6:2,8:10}]
k4_certs_4_pure.json.gz#130 key_noncompletable n=4 m=9 vals=[{0:4,2:3,7:2,8:8},{1:5,3:6,7:4,8:8},{4:4,5:2,6:3,8:8},{4:10,5:7,6:4,8:2}]
k4_certs_4_pure.json.gz#132 amax_ndx2 n=4 m=9 vals=[{0:3,2:4,5:2,6:8},{1:2,4:7,7:10,8:4},{3:8,6:6,7:3,8:10},{5:7,6:2,7:4,8:10}]
k4_certs_4_pure.json.gz#132 amax_ndx2 n=4 m=9 vals=[{0:3,2:4,5:2,6:8},{1:2,4:7,7:10,8:4},{3:8,6:6,7:3,8:10},{5:7,6:2,7:4,8:10}]
k4_certs_4_pure.json.gz#132 amax_not_cert2 n=4 m=9 vals=[{0:7,2:2,5:10,6:4},{1:3,4:2,7:10,8:6},{3:3,6:4,7:8,8:10},{5:6,6:3,7:4,8:8}]
k4_certs_4_pure.json.gz#132 amax_not_cert2 n=4 m=9 vals=[{0:7,2:2,5:10,6:4},{1:3,4:2,7:10,8:6},{3:3,6:4,7:8,8:10},{5:6,6:3,7:4,8:8}]
k4_certs_4_pure.json.gz#132 keys_distinct_g n=4 m=9 vals=[{0:4,2:2,5:8,6:3},{1:4,4:3,7:10,8:8},{3:6,6:5,7:7,8:3},{5:8,6:7,7:4,8:2}]
k4_certs_4_pure.json.gz#132 keys_distinct_g n=4 m=9 vals=[{0:4,2:2,5:3,6:8},{1:2,4:4,7:5,8:8},{3:6,6:2,7:3,8:10},{5:7,6:10,7:6,8:2}]
k4_certs_4_pure.json.gz#132 prof_cert n=4 m=9 vals=[{0:4,2:3,5:10,6:8},{1:4,4:2,7:10,8:7},{3:2,6:10,7:6,8:7},{5:8,6:3,7:6,8:4}]
k4_certs_4_pure.json.gz#132 prof_cert2 n=4 m=9 vals=[{0:4,2:3,5:10,6:8},{1:4,4:2,7:10,8:7},{3:2,6:10,7:6,8:7},{5:8,6:3,7:6,8:4}]
k4_certs_4_pure.json.gz#132 amax_r0 n=4 m=9 vals=[{0:4,2:3,5:10,6:8},{1:4,4:2,7:10,8:7},{3:2,6:10,7:6,8:7},{5:8,6:3,7:6,8:4}]
k4_certs_4_pure.json.gz#132 amax_r0 n=4 m=9 vals=[{0:4,2:3,5:10,6:8},{1:4,4:2,7:10,8:7},{3:2,6:10,7:6,8:7},{5:8,6:3,7:6,8:4}]
k4_certs_4_pure.json.gz#133 amax_ndx2 n=4 m=9 vals=[{0:3,2:4,6:2,8:8},{1:3,4:6,7:8,8:10},{3:4,5:8,7:6,8:1},{5:3,6:8,7:6,8:10}]
k4_certs_4_pure.json.gz#133 amax_ndx2 n=4 m=9 vals=[{0:2,2:6,6:3,8:10},{1:6,4:1,7:8,8:4},{3:6,5:3,7:7,8:5},{5:3,6:6,7:8,8:4}]
k4_certs_4_pure.json.gz#133 FAIL_glob_r,lamU n=4 m=9 vals=[{0:4,2:2,6:3,8:8},{1:7,4:2,7:4,8:10},{3:8,5:3,7:6,8:10},{5:5,6:6,7:7,8:3}]
k4_certs_4_pure.json.gz#133 keys_distinct_g n=4 m=9 vals=[{0:4,2:3,6:8,8:2},{1:6,4:3,7:8,8:10},{3:2,5:7,7:4,8:8},{5:6,6:8,7:5,8:4}]
k4_certs_4_pure.json.gz#133 keys_distinct_g n=4 m=9 vals=[{0:2,2:6,6:3,8:10},{1:6,4:3,7:8,8:10},{3:6,5:10,7:3,8:2},{5:10,6:4,7:7,8:2}]
k4_certs_4_pure.json.gz#133 FAIL_glob_r,lamU n=4 m=9 vals=[{0:5,2:3,6:6,8:7},{1:6,4:3,7:2,8:10},{3:3,5:4,7:2,8:8},{5:4,6:8,7:6,8:3}]
k4_certs_4_pure.json.gz#135 keys_distinct_g n=4 m=9 vals=[{0:4,2:2,6:5,8:8},{1:5,4:2,7:4,8:8},{3:5,5:2,6:4,7:8},{5:7,6:2,7:10,8:6}]
k4_certs_4_pure.json.gz#135 amax_ndx2 n=4 m=9 vals=[{0:3,2:6,6:8,8:10},{1:3,4:4,7:8,8:6},{3:4,5:3,6:8,7:2},{5:8,6:6,7:10,8:3}]
k4_certs_4_pure.json.gz#135 keys_distinct_g n=4 m=9 vals=[{0:2,2:4,6:5,8:8},{1:1,4:4,7:6,8:8},{3:2,5:7,6:6,7:10},{5:4,6:2,7:8,8:7}]
k4_certs_4_pure.json.gz#135 amax_ndx2 n=4 m=9 vals=[{0:4,2:2,6:7,8:10},{1:4,4:2,7:8,8:3},{3:8,5:3,6:10,7:6},{5:6,6:4,7:8,8:5}]
k4_certs_4_pure.json.gz#135 amax_not_cert2 n=4 m=9 vals=[{0:2,2:3,6:10,8:6},{1:6,4:3,7:10,8:2},{3:3,5:6,6:7,7:5},{5:8,6:4,7:6,8:3}]
k4_certs_4_pure.json.gz#135 amax_not_cert2 n=4 m=9 vals=[{0:2,2:3,6:10,8:6},{1:6,4:3,7:10,8:2},{3:3,5:6,6:7,7:5},{5:8,6:4,7:6,8:3}]
k4_certs_4_pure.json.gz#135 prof_cert n=4 m=9 vals=[{0:2,2:4,6:7,8:10},{1:3,4:4,7:10,8:8},{3:2,5:6,6:3,7:10},{5:5,6:6,7:4,8:8}]
k4_certs_4_pure.json.gz#135 prof_cert2 n=4 m=9 vals=[{0:2,2:4,6:7,8:10},{1:3,4:4,7:10,8:8},{3:2,5:6,6:3,7:10},{5:5,6:6,7:4,8:8}]
k4_certs_4_pure.json.gz#134 keys_distinct_g n=4 m=9 vals=[{0:2,2:6,7:7,8:10},{1:2,4:4,7:7,8:8},{3:6,5:10,6:2,8:7},{5:8,6:5,7:6,8:4}]
k4_certs_4_pure.json.gz#134 amax_ndx2 n=4 m=9 vals=[{0:3,2:2,7:8,8:4},{1:1,4:4,7:6,8:8},{3:6,5:10,6:2,8:7},{5:5,6:6,7:7,8:3}]
k4_certs_4_pure.json.gz#134 amax_ndx2 n=4 m=9 vals=[{0:2,2:3,7:4,8:8},{1:3,4:4,7:10,8:8},{3:6,5:3,6:5,8:7},{5:3,6:6,7:5,8:7}]
k4_certs_4_pure.json.gz#134 keys_distinct_g n=4 m=9 vals=[{0:2,2:4,7:8,8:3},{1:2,4:5,7:8,8:4},{3:3,5:8,6:4,8:6},{5:8,6:2,7:4,8:3}]
k4_certs_4_pure.json.gz#134 prof_cert n=4 m=9 vals=[{0:3,2:2,7:4,8:8},{1:4,4:2,7:8,8:7},{3:3,5:7,6:5,8:6},{5:3,6:8,7:10,8:6}]
k4_certs_4_pure.json.gz#134 amax_not_cert2 n=4 m=9 vals=[{0:3,2:2,7:4,8:8},{1:4,4:2,7:8,8:7},{3:3,5:7,6:5,8:6},{5:3,6:8,7:10,8:6}]
k4_certs_4_pure.json.gz#134 amax_not_cert2 n=4 m=9 vals=[{0:3,2:2,7:4,8:8},{1:4,4:2,7:8,8:7},{3:3,5:7,6:5,8:6},{5:3,6:8,7:10,8:6}]
k4_certs_4_pure.json.gz#134 FAIL_glob_r,lamU n=4 m=9 vals=[{0:3,2:4,7:2,8:8},{1:6,4:3,7:4,8:8},{3:6,5:8,6:3,8:4},{5:2,6:6,7:3,8:10}]
k4_certs_4_pure.json.gz#134 prof_cert n=4 m=9 vals=[{0:4,2:2,7:8,8:7},{1:6,4:2,7:3,8:10},{3:4,5:8,6:6,8:3},{5:5,6:2,7:8,8:4}]
k4_certs_4_pure.json.gz#134 prof_cert2 n=4 m=9 vals=[{0:4,2:2,7:8,8:7},{1:6,4:2,7:3,8:10},{3:4,5:8,6:6,8:3},{5:5,6:2,7:8,8:4}]
k4_certs_4_pure.json.gz#134 FAIL_glob_r,lamU n=4 m=9 vals=[{0:3,2:5,7:6,8:7},{1:4,4:2,7:3,8:8},{3:3,5:2,6:6,8:10},{5:8,6:1,7:4,8:6}]
k4_certs_4_pure.json.gz#138 amax_ndx2 n=4 m=9 vals=[{0:6,2:3,5:2,8:10},{1:2,5:3,7:8,8:4},{3:6,6:4,7:8,8:3},{4:4,6:6,7:8,8:3}]
k4_certs_4_pure.json.gz#138 key_noncompletable n=4 m=9 vals=[{0:6,2:3,5:5,8:7},{1:2,5:3,7:4,8:8},{3:2,6:4,7:5,8:8},{4:7,6:4,7:10,8:2}]
k4_certs_4_pure.json.gz#138 keys_distinct_g n=4 m=9 vals=[{0:3,2:6,5:10,8:8},{1:3,5:10,7:4,8:8},{3:3,6:2,7:10,8:6},{4:7,6:2,7:10,8:4}]
k4_certs_4_pure.json.gz#138 amax_ndx2 n=4 m=9 vals=[{0:3,2:4,5:8,8:2},{1:6,5:3,7:8,8:4},{3:2,6:4,7:5,8:8},{4:6,6:3,7:10,8:8}]
k4_certs_4_pure.json.gz#138 keys_distinct_g n=4 m=9 vals=[{0:2,2:7,5:10,8:4},{1:3,5:8,7:6,8:4},{3:4,6:3,7:6,8:8},{4:4,6:2,7:7,8:10}]
k4_certs_4_pure.json.gz#138 FAIL_glob_r,lamU n=4 m=9 vals=[{0:3,2:4,5:2,8:8},{1:3,5:6,7:2,8:10},{3:4,6:8,7:2,8:7},{4:6,6:3,7:4,8:8}]
k4_certs_4_pure.json.gz#139 amax_ndx2 n=4 m=9 vals=[{0:3,2:2,5:8,6:4},{1:8,5:10,7:6,8:3},{3:3,6:4,7:2,8:8},{4:4,6:3,7:8,8:6}]
k4_certs_4_pure.json.gz#139 keys_distinct_g n=4 m=9 vals=[{0:4,2:2,5:7,6:10},{1:7,5:6,7:10,8:2},{3:5,6:4,7:8,8:2},{4:6,6:8,7:4,8:1}]
k4_certs_4_pure.json.gz#139 amax_ndx2 n=4 m=9 vals=[{0:6,2:2,5:3,6:10},{1:2,5:6,7:7,8:10},{3:8,6:6,7:3,8:10},{4:4,6:2,7:8,8:5}]
k4_certs_4_pure.json.gz#139 keys_distinct_g n=4 m=9 vals=[{0:4,2:1,5:6,6:8},{1:6,5:7,7:10,8:2},{3:2,6:10,7:3,8:6},{4:2,6:7,7:10,8:6}]
k4_certs_4_pure.json.gz#139 prof_cert n=4 m=9 vals=[{0:6,2:2,5:10,6:3},{1:5,5:8,7:4,8:6},{3:2,6:4,7:7,8:8},{4:1,6:6,7:8,8:4}]
k4_certs_4_pure.json.gz#139 amax_not_cert2 n=4 m=9 vals=[{0:6,2:2,5:10,6:3},{1:5,5:8,7:4,8:6},{3:2,6:4,7:7,8:8},{4:1,6:6,7:8,8:4}]
k4_certs_4_pure.json.gz#136 amax_ndx2 n=4 m=9 vals=[{0:4,2:3,7:6,8:8},{1:7,5:2,7:10,8:6},{3:2,6:7,7:8,8:4},{4:6,6:3,7:8,8:4}]
k4_certs_4_pure.json.gz#136 keys_distinct_g n=4 m=9 vals=[{0:2,2:7,7:6,8:10},{1:4,5:3,7:8,8:2},{3:8,6:6,7:3,8:10},{4:7,6:2,7:8,8:4}]
k4_certs_4_pure.json.gz#136 amax_ndx2 n=4 m=9 vals=[{0:2,2:7,7:6,8:10},{1:4,5:3,7:8,8:2},{3:8,6:6,7:3,8:10},{4:7,6:2,7:8,8:4}]
k4_certs_4_pure.json.gz#136 keys_distinct_g n=4 m=9 vals=[{0:2,2:3,7:8,8:4},{1:4,5:2,7:3,8:8},{3:6,6:5,7:3,8:7},{4:6,6:3,7:7,8:5}]
k4_certs_4_pure.json.gz#136 FAIL_glob_r,lamU n=4 m=9 vals=[{0:2,2:4,7:8,8:3},{1:2,5:7,7:8,8:4},{3:2,6:4,7:7,8:10},{4:4,6:3,7:8,8:2}]
k4_certs_4_pure.json.gz#136 FAIL_glob_r,lamU n=4 m=9 vals=[{0:3,2:5,7:7,8:6},{1:3,5:4,7:8,8:2},{3:8,6:1,7:6,8:4},{4:3,6:2,7:8,8:4}]
k4_certs_4_pure.json.gz#136 amax_not_cert2 n=4 m=9 vals=[{0:2,2:4,7:5,8:8},{1:2,5:4,7:10,8:7},{3:8,6:10,7:6,8:3},{4:6,6:8,7:4,8:3}]
k4_certs_4_pure.json.gz#136 amax_not_cert2 n=4 m=9 vals=[{0:2,2:4,7:5,8:8},{1:2,5:4,7:10,8:7},{3:8,6:10,7:6,8:3},{4:6,6:8,7:4,8:3}]
k4_certs_4_pure.json.gz#137 amax_ndx2 n=4 m=9 vals=[{0:3,2:6,6:10,8:8},{1:3,5:4,7:10,8:8},{3:6,6:8,7:1,8:4},{4:5,6:8,7:6,8:4}]
k4_certs_4_pure.json.gz#137 amax_ndx2 n=4 m=9 vals=[{0:3,2:6,6:10,8:8},{1:3,5:4,7:10,8:8},{3:6,6:8,7:1,8:4},{4:5,6:8,7:6,8:4}]
k4_certs_4_pure.json.gz#137 keys_distinct_g n=4 m=9 vals=[{0:3,2:2,6:4,8:8},{1:7,5:2,7:4,8:10},{3:4,6:8,7:5,8:2},{4:7,6:10,7:4,8:2}]
k4_certs_4_pure.json.gz#137 keys_distinct_g n=4 m=9 vals=[{0:2,2:6,6:10,8:3},{1:6,5:3,7:10,8:8},{3:6,6:2,7:10,8:3},{4:7,6:10,7:2,8:6}]
k4_certs_4_pure.json.gz#137 amax_not_cert2 n=4 m=9 vals=[{0:2,2:4,6:7,8:8},{1:4,5:2,7:7,8:10},{3:6,6:5,7:4,8:8},{4:5,6:6,7:4,8:8}]
k4_certs_4_pure.json.gz#137 amax_not_cert2 n=4 m=9 vals=[{0:2,2:4,6:7,8:8},{1:4,5:2,7:7,8:10},{3:6,6:5,7:4,8:8},{4:5,6:6,7:4,8:8}]
k4_certs_4_pure.json.gz#140 keys_distinct_g n=4 m=9 vals=[{0:4,2:2,7:8,8:7},{1:2,5:4,6:10,8:7},{3:4,5:3,7:8,8:2},{4:6,6:10,7:2,8:3}]
k4_certs_4_pure.json.gz#140 keys_distinct_g n=4 m=9 vals=[{0:6,2:3,7:8,8:10},{1:1,5:8,6:4,8:6},{3:7,5:8,7:4,8:2},{4:3,6:2,7:6,8:10}]
k4_certs_4_pure.json.gz#140 amax_ndx2 n=4 m=9 vals=[{0:2,2:4,7:8,8:7},{1:4,5:2,6:7,8:8},{3:3,5:2,7:8,8:4},{4:3,6:6,7:7,8:5}]
k4_certs_4_pure.json.gz#140 amax_ndx2 n=4 m=9 vals=[{0:6,2:3,7:2,8:10},{1:5,5:2,6:8,8:4},{3:2,5:4,7:10,8:7},{4:6,6:5,7:4,8:8}]
k4_certs_4_pure.json.gz#140 FAIL_glob_r,lamU n=4 m=9 vals=[{0:5,2:3,7:7,8:6},{1:10,5:4,6:3,8:8},{3:2,5:4,7:8,8:3},{4:6,6:3,7:10,8:2}]
k4_certs_4_pure.json.gz#140 FAIL_glob_r,lamU n=4 m=9 vals=[{0:4,2:3,7:2,8:8},{1:4,5:2,6:5,8:8},{3:7,5:5,7:3,8:6},{4:3,6:2,7:6,8:10}]
k4_certs_4_pure.json.gz#140 prof_cert n=4 m=9 vals=[{0:2,2:3,7:6,8:10},{1:3,5:5,6:7,8:6},{3:1,5:8,7:4,8:6},{4:2,6:10,7:6,8:3}]
k4_certs_4_pure.json.gz#140 amax_not_cert2 n=4 m=9 vals=[{0:2,2:3,7:6,8:10},{1:3,5:5,6:7,8:6},{3:1,5:8,7:4,8:6},{4:2,6:10,7:6,8:3}]
k4_certs_4_pure.json.gz#141 keys_distinct_g n=4 m=9 vals=[{0:6,2:3,6:8,7:10},{1:7,5:10,6:6,8:2},{3:4,5:8,7:2,8:3},{4:6,6:2,7:10,8:3}]
k4_certs_4_pure.json.gz#141 keys_distinct_g n=4 m=9 vals=[{0:4,2:3,6:8,7:2},{1:3,5:8,6:10,8:6},{3:4,5:6,7:8,8:3},{4:2,6:7,7:8,8:4}]
k4_certs_4_pure.json.gz#141 FAIL_glob_r,lamU n=4 m=9 vals=[{0:3,2:4,6:8,7:2},{1:5,5:4,6:8,8:6},{3:8,5:3,7:4,8:6},{4:3,6:8,7:2,8:4}]
k4_certs_4_pure.json.gz#141 amax_ndx2 n=4 m=9 vals=[{0:4,2:1,6:6,7:8},{1:2,5:7,6:10,8:6},{3:4,5:1,7:6,8:8},{4:5,6:7,7:3,8:6}]
k4_certs_4_pure.json.gz#141 amax_ndx2 n=4 m=9 vals=[{0:4,2:2,6:3,7:8},{1:3,5:8,6:4,8:2},{3:6,5:4,7:8,8:3},{4:4,6:2,7:7,8:10}]
k4_certs_4_pure.json.gz#141 prof_cert n=4 m=9 vals=[{0:3,2:2,6:10,7:6},{1:4,5:6,6:8,8:5},{3:3,5:8,7:4,8:10},{4:2,6:6,7:3,8:10}]
k4_certs_4_pure.json.gz#141 amax_not_cert2 n=4 m=9 vals=[{0:3,2:2,6:10,7:6},{1:4,5:6,6:8,8:5},{3:3,5:8,7:4,8:10},{4:2,6:6,7:3,8:10}]
k4_certs_4_pure.json.gz#142 amax_ndx2 n=4 m=9 vals=[{0:4,2:3,4:8,5:2},{1:8,4:10,7:3,8:4},{3:4,6:2,7:5,8:8},{5:1,6:6,7:8,8:4}]
k4_certs_4_pure.json.gz#142 keys_distinct_g n=4 m=9 vals=[{0:4,2:3,4:8,5:6},{1:2,4:10,7:6,8:7},{3:4,6:2,7:8,8:3},{5:6,6:2,7:10,8:7}]
k4_certs_4_pure.json.gz#142 keys_distinct_g n=4 m=9 vals=[{0:3,2:2,4:6,5:10},{1:4,4:3,7:6,8:8},{3:4,6:2,7:7,8:8},{5:10,6:6,7:7,8:2}]
k4_certs_4_pure.json.gz#142 amax_ndx2 n=4 m=9 vals=[{0:2,2:3,4:4,5:8},{1:3,4:4,7:8,8:2},{3:6,6:3,7:2,8:10},{5:3,6:6,7:8,8:4}]
k4_certs_4_pure.json.gz#143 keys_distinct_g n=4 m=9 vals=[{0:4,2:2,4:8,8:3},{1:4,4:8,6:1,7:6},{3:6,5:3,7:8,8:10},{5:2,6:6,7:7,8:10}]
k4_certs_4_pure.json.gz#143 FAIL_glob_r,lamU n=4 m=9 vals=[{0:2,2:4,4:3,8:8},{1:7,4:6,6:3,7:5},{3:6,5:3,7:2,8:10},{5:6,6:5,7:4,8:8}]
k4_certs_4_pure.json.gz#143 keys_distinct_g n=4 m=9 vals=[{0:2,2:3,4:10,8:6},{1:4,4:8,6:3,7:6},{3:1,5:8,7:4,8:6},{5:8,6:5,7:4,8:2}]
k4_certs_4_pure.json.gz#143 amax_ndx2 n=4 m=9 vals=[{0:4,2:3,4:2,8:8},{1:6,4:3,6:8,7:10},{3:7,5:2,7:4,8:8},{5:7,6:4,7:2,8:8}]
k4_certs_4_pure.json.gz#143 amax_ndx2 n=4 m=9 vals=[{0:3,2:6,4:2,8:10},{1:3,4:2,6:6,7:10},{3:8,5:6,7:3,8:10},{5:8,6:4,7:5,8:2}]
k4_certs_4_pure.json.gz#145 keys_distinct_g n=4 m=9 vals=[{0:2,2:4,4:8,8:3},{1:4,4:8,7:6,8:1},{3:3,5:10,6:6,7:2},{5:8,6:1,7:4,8:6}]
k4_certs_4_pure.json.gz#145 keys_distinct_g n=4 m=9 vals=[{0:4,2:2,4:5,8:8},{1:6,4:5,7:7,8:3},{3:2,5:4,6:3,7:8},{5:5,6:2,7:4,8:8}]
k4_certs_4_pure.json.gz#145 amax_ndx2 n=4 m=9 vals=[{0:3,2:6,4:2,8:10},{1:4,4:2,7:10,8:7},{3:6,5:1,6:8,7:4},{5:7,6:4,7:2,8:8}]
k4_certs_4_pure.json.gz#144 keys_distinct_g n=4 m=9 vals=[{0:4,2:3,4:2,8:8},{1:2,4:3,7:10,8:6},{3:4,5:3,6:8,8:10},{5:6,6:3,7:7,8:5}]
k4_certs_4_pure.json.gz#144 keys_distinct_g n=4 m=9 vals=[{0:2,2:4,4:8,8:5},{1:6,4:10,7:2,8:7},{3:1,5:6,6:8,8:4},{5:2,6:8,7:4,8:7}]
k4_certs_4_pure.json.gz#144 amax_ndx2 n=4 m=9 vals=[{0:3,2:2,4:4,8:8},{1:4,4:2,7:10,8:7},{3:3,5:10,6:2,8:6},{5:4,6:6,7:5,8:8}]
k4_certs_4_pure.json.gz#144 FAIL_glob_r,lamU n=4 m=9 vals=[{0:6,2:3,4:2,8:10},{1:7,4:2,7:6,8:10},{3:7,5:2,6:4,8:8},{5:6,6:8,7:10,8:3}]
k4_certs_4_pure.json.gz#144 amax_ndx2 n=4 m=9 vals=[{0:6,2:3,4:2,8:10},{1:2,4:4,7:8,8:5},{3:7,5:4,6:10,8:2},{5:6,6:4,7:3,8:8}]
k4_certs_4_pure.json.gz#146 keys_distinct_g n=4 m=9 vals=[{0:2,2:4,6:3,8:8},{1:3,4:8,5:4,7:6},{3:6,4:8,7:4,8:3},{5:2,6:4,7:5,8:8}]
k4_certs_4_pure.json.gz#146 amax_ndx2 n=4 m=9 vals=[{0:2,2:6,6:10,8:3},{1:5,4:2,5:8,7:4},{3:6,4:3,7:2,8:10},{5:6,6:3,7:5,8:7}]
k4_certs_4_pure.json.gz#146 amax_ndx2 n=4 m=9 vals=[{0:6,2:3,6:2,8:10},{1:2,4:8,5:3,7:4},{3:3,4:7,7:5,8:6},{5:4,6:3,7:10,8:8}]
k4_certs_4_pure.json.gz#146 keys_distinct_g n=4 m=9 vals=[{0:4,2:3,6:2,8:8},{1:3,4:8,5:4,7:10},{3:4,4:5,7:2,8:8},{5:3,6:4,7:8,8:6}]
k4_certs_4_pure.json.gz#150 keys_distinct_g n=4 m=9 vals=[{0:3,2:2,5:6,7:10},{1:2,4:4,7:8,8:5},{3:7,6:8,7:2,8:4},{4:2,5:3,6:8,8:4}]
k4_certs_4_pure.json.gz#150 amax_ndx2 n=4 m=9 vals=[{0:6,2:2,5:3,7:10},{1:3,4:5,7:7,8:6},{3:3,6:2,7:4,8:8},{4:10,5:6,6:3,8:8}]
k4_certs_4_pure.json.gz#150 keys_distinct_g n=4 m=9 vals=[{0:2,2:6,5:3,7:10},{1:2,4:7,7:10,8:4},{3:3,6:7,7:5,8:6},{4:3,5:8,6:10,8:4}]
k4_certs_4_pure.json.gz#150 FAIL_glob_r,lamU n=4 m=9 vals=[{0:4,2:2,5:3,7:8},{1:2,4:4,7:8,8:3},{3:5,6:3,7:7,8:6},{4:2,5:8,6:3,8:4}]
k4_certs_4_pure.json.gz#150 amax_ndx2 n=4 m=9 vals=[{0:2,2:3,5:6,7:10},{1:8,4:6,7:3,8:10},{3:6,6:3,7:8,8:10},{4:10,5:3,6:6,8:2}]
k4_certs_4_pure.json.gz#147 amax_ndx2 n=4 m=9 vals=[{0:2,2:5,7:4,8:8},{1:4,4:2,5:3,6:8},{3:2,4:6,7:10,8:7},{5:5,6:6,7:3,8:7}]
k4_certs_4_pure.json.gz#147 amax_ndx2 n=4 m=9 vals=[{0:1,2:6,7:8,8:4},{1:5,4:2,5:8,6:4},{3:4,4:1,7:6,8:8},{5:3,6:6,7:8,8:4}]
k4_certs_4_pure.json.gz#147 keys_distinct_g n=4 m=9 vals=[{0:3,2:4,7:8,8:2},{1:3,4:2,5:10,6:6},{3:7,4:2,7:10,8:6},{5:7,6:3,7:5,8:6}]
k4_certs_4_pure.json.gz#147 keys_distinct_g n=4 m=9 vals=[{0:2,2:4,7:3,8:8},{1:2,4:8,5:5,6:4},{3:2,4:8,7:4,8:5},{5:2,6:7,7:4,8:10}]
k4_certs_4_pure.json.gz#148 amax_ndx2 n=4 m=9 vals=[{0:7,2:2,4:4,5:10},{1:6,6:2,7:10,8:7},{3:2,6:7,7:4,8:10},{4:7,5:2,7:4,8:8}]
k4_certs_4_pure.json.gz#148 amax_ndx2 n=4 m=9 vals=[{0:2,2:5,4:8,5:4},{1:2,6:3,7:8,8:4},{3:1,6:4,7:6,8:8},{4:6,5:5,7:8,8:4}]
k4_certs_4_pure.json.gz#149 amax_ndx2 n=4 m=9 vals=[{0:4,2:2,5:3,8:8},{1:5,4:8,7:4,8:6},{3:2,6:7,7:10,8:4},{4:8,5:4,6:2,8:5}]
k4_certs_4_pure.json.gz#149 FAIL_glob_r,lamU n=4 m=9 vals=[{0:7,2:4,5:2,8:10},{1:3,4:2,7:4,8:8},{3:7,6:10,7:2,8:4},{4:4,5:3,6:2,8:8}]
k4_certs_4_pure.json.gz#149 keys_distinct_g n=4 m=9 vals=[{0:3,2:6,5:10,8:2},{1:3,4:4,7:8,8:2},{3:4,6:6,7:8,8:5},{4:2,5:10,6:6,8:7}]
k4_certs_4_pure.json.gz#149 amax_ndx2 n=4 m=9 vals=[{0:4,2:2,5:8,8:7},{1:6,4:10,7:2,8:7},{3:6,6:3,7:2,8:10},{4:10,5:6,6:8,8:3}]
k4_certs_4_pure.json.gz#149 keys_distinct_g n=4 m=9 vals=[{0:4,2:2,5:8,8:3},{1:3,4:6,7:2,8:10},{3:2,6:6,7:7,8:10},{4:4,5:8,6:5,8:6}]
k4_certs_4_pure.json.gz#149 FAIL_glob_r,lamU n=4 m=9 vals=[{0:3,2:5,5:6,8:7},{1:4,4:3,7:2,8:8},{3:3,6:2,7:6,8:10},{4:3,5:10,6:8,8:6}]
k4_certs_4_pure.json.gz#154 keys_distinct_g n=4 m=9 vals=[{0:3,2:4,4:2,5:8},{1:3,3:8,4:2,8:4},{3:8,6:6,7:4,8:1},{5:10,6:2,7:4,8:7}]
k4_certs_4_pure.json.gz#154 keys_distinct_g n=4 m=9 vals=[{0:4,2:2,4:8,5:5},{1:4,3:3,4:8,8:6},{3:4,6:3,7:2,8:8},{5:4,6:6,7:1,8:8}]
k4_certs_4_pure.json.gz#154 amax_ndx2 n=4 m=9 vals=[{0:2,2:4,4:8,5:3},{1:5,3:6,4:7,8:3},{3:8,6:2,7:4,8:3},{5:6,6:2,7:3,8:10}]
k4_certs_4_pure.json.gz#151 keys_distinct_g n=4 m=9 vals=[{0:4,2:2,7:8,8:5},{1:3,4:2,6:6,7:10},{3:3,5:10,6:6,8:8},{4:4,5:8,7:6,8:1}]
k4_certs_4_pure.json.gz#151 keys_distinct_g n=4 m=9 vals=[{0:3,2:4,7:8,8:2},{1:7,4:6,6:10,7:2},{3:6,5:3,6:10,8:2},{4:8,5:3,7:10,8:4}]
k4_certs_4_pure.json.gz#151 FAIL_glob_r,lamU n=4 m=9 vals=[{0:3,2:6,7:10,8:2},{1:3,4:4,6:2,7:8},{3:7,5:2,6:10,8:6},{4:3,5:4,7:8,8:6}]
k4_certs_4_pure.json.gz#152 keys_distinct_g n=4 m=9 vals=[{0:6,2:3,7:2,8:10},{1:6,4:10,6:2,7:3},{3:4,5:6,7:3,8:8},{4:10,5:4,6:7,8:2}]
k4_certs_4_pure.json.gz#152 keys_distinct_g n=4 m=9 vals=[{0:4,2:3,7:10,8:8},{1:2,4:5,6:4,7:8},{3:6,5:10,7:3,8:2},{4:4,5:10,6:2,8:7}]
k4_certs_4_pure.json.gz#152 FAIL_glob_r,lamU n=4 m=9 vals=[{0:4,2:2,7:8,8:3},{1:4,4:3,6:2,7:8},{3:3,5:5,7:7,8:6},{4:2,5:3,6:10,8:6}]
k4_certs_4_pure.json.gz#152 FAIL_glob_r,lamU n=4 m=9 vals=[{0:5,2:4,7:2,8:8},{1:8,4:3,6:6,7:10},{3:4,5:3,7:2,8:8},{4:4,5:2,6:3,8:8}]
k4_certs_4_pure.json.gz#155 keys_distinct_g n=4 m=9 vals=[{0:2,2:7,4:10,8:6},{1:6,3:8,4:10,5:3},{3:4,6:1,7:8,8:6},{5:2,6:6,7:10,8:3}]
k4_certs_4_pure.json.gz#155 keys_distinct_g n=4 m=9 vals=[{0:6,2:2,4:3,8:10},{1:7,3:10,4:2,5:6},{3:10,6:2,7:6,8:3},{5:7,6:2,7:4,8:8}]
k4_certs_4_pure.json.gz#155 amax_ndx2 n=4 m=9 vals=[{0:4,2:2,4:3,8:8},{1:4,3:3,4:2,5:8},{3:7,6:2,7:4,8:8},{5:8,6:4,7:6,8:5}]
k4_certs_4_pure.json.gz#156 keys_distinct_g n=4 m=9 vals=[{0:3,2:6,4:10,6:2},{1:1,3:4,5:8,8:6},{3:6,4:10,7:8,8:3},{5:8,6:2,7:4,8:3}]
k4_certs_4_pure.json.gz#156 keys_distinct_g n=4 m=9 vals=[{0:4,2:2,4:5,6:8},{1:2,3:6,5:3,8:10},{3:1,4:6,7:4,8:8},{5:3,6:10,7:2,8:6}]
k4_certs_4_pure.json.gz#157 keys_distinct_g n=4 m=9 vals=[{0:2,2:3,4:10,8:6},{1:3,3:2,7:8,8:4},{3:2,4:10,5:7,6:4},{5:5,6:6,7:7,8:3}]
k4_certs_4_pure.json.gz#157 FAIL_glob_r,lamU n=4 m=9 vals=[{0:3,2:4,4:2,8:8},{1:4,3:3,7:2,8:8},{3:3,4:7,5:6,6:5},{5:6,6:3,7:5,8:7}]
k4_certs_4_pure.json.gz#157 amax_ndx2 n=4 m=9 vals=[{0:3,2:2,4:8,8:4},{1:4,3:8,7:2,8:3},{3:8,4:5,5:4,6:6},{5:2,6:8,7:4,8:3}]
k4_certs_4_pure.json.gz#159 keys_distinct_g n=4 m=9 vals=[{0:3,2:2,6:6,8:10},{1:4,3:1,4:6,5:8},{3:4,4:6,7:3,8:8},{5:8,6:2,7:3,8:4}]
k4_certs_4_pure.json.gz#159 keys_distinct_g n=4 m=9 vals=[{0:2,2:3,6:4,8:8},{1:6,3:8,4:1,5:4},{3:10,4:2,7:6,8:3},{5:7,6:6,7:2,8:10}]
k4_certs_4_pure.json.gz#159 amax_ndx2 n=4 m=9 vals=[{0:3,2:2,6:4,8:8},{1:2,3:4,4:8,5:5},{3:3,4:6,7:5,8:7},{5:2,6:3,7:10,8:6}]
k4_certs_4_pure.json.gz#160 keys_distinct_g n=4 m=9 vals=[{0:2,2:4,7:3,8:8},{1:4,3:3,4:6,8:8},{3:6,4:8,5:3,6:10},{5:4,6:8,7:2,8:7}]
k4_certs_4_pure.json.gz#160 keys_distinct_g n=4 m=9 vals=[{0:2,2:4,7:3,8:8},{1:3,3:8,4:6,8:10},{3:8,4:4,5:3,6:10},{5:2,6:10,7:7,8:4}]
k4_certs_4_pure.json.gz#158 amax_ndx2 n=4 m=9 vals=[{0:7,2:2,5:6,6:10},{1:4,3:2,4:3,8:8},{3:7,4:2,7:10,8:6},{5:6,6:5,7:3,8:7}]
k4_certs_4_pure.json.gz#158 amax_ndx2 n=4 m=9 vals=[{0:4,2:3,5:2,6:8},{1:2,3:6,4:3,8:10},{3:2,4:6,7:10,8:7},{5:5,6:7,7:6,8:3}]
k4_certs_4_pure.json.gz#158 keys_distinct_g n=4 m=9 vals=[{0:6,2:3,5:2,6:10},{1:2,3:8,4:4,8:3},{3:10,4:2,7:4,8:7},{5:3,6:10,7:8,8:4}]
k4_certs_4_pure.json.gz#158 keys_distinct_g n=4 m=9 vals=[{0:6,2:2,5:3,6:10},{1:3,3:10,4:4,8:8},{3:8,4:2,7:4,8:3},{5:2,6:8,7:4,8:7}]
k4_certs_4_pure.json.gz#161 keys_distinct_g n=4 m=9 vals=[{0:2,2:4,7:8,8:3},{1:1,3:4,7:8,8:6},{3:8,4:10,5:6,6:3},{4:8,5:2,6:4,8:3}]
k4_certs_4_pure.json.gz#161 keys_distinct_g n=4 m=9 vals=[{0:3,2:2,7:6,8:10},{1:7,3:4,7:2,8:10},{3:8,4:3,5:10,6:6},{4:6,5:10,6:3,8:8}]
k4_certs_4_pure.json.gz#162 keys_distinct_g n=4 m=9 vals=[{0:2,4:10,5:6,6:3},{1:5,4:8,7:4,8:6},{2:3,5:4,7:8,8:6},{3:3,6:2,7:10,8:6}]
k4_certs_4_pure.json.gz#162 keys_distinct_g n=4 m=9 vals=[{0:7,4:2,5:10,6:6},{1:2,4:6,7:10,8:3},{2:4,5:8,7:1,8:6},{3:2,6:7,7:10,8:4}]
k4_certs_4_pure.json.gz#162 amax_ndx2 n=4 m=9 vals=[{0:3,4:2,5:6,6:10},{1:2,4:4,7:8,8:3},{2:6,5:1,7:4,8:8},{3:8,6:10,7:6,8:3}]
k4_certs_4_pure.json.gz#162 amax_ndx2 n=4 m=9 vals=[{0:2,4:8,5:5,6:4},{1:6,4:8,7:4,8:3},{2:2,5:6,7:10,8:7},{3:6,6:2,7:10,8:3}]
k4_certs_4_pure.json.gz#164 FAIL_glob_r,lamU n=4 m=9 vals=[{0:6,4:5,6:4,7:8},{1:8,4:4,6:2,8:3},{2:3,5:2,7:8,8:4},{3:2,5:6,7:10,8:3}]
k4_certs_4_pure.json.gz#164 keys_distinct_g n=4 m=9 vals=[{0:2,4:5,6:4,7:8},{1:8,4:6,6:3,8:10},{2:2,5:5,7:4,8:8},{3:2,5:4,7:8,8:7}]
k4_certs_4_pure.json.gz#164 keys_distinct_g n=4 m=9 vals=[{0:3,4:2,6:10,7:6},{1:4,4:2,6:8,8:5},{2:1,5:8,7:6,8:4},{3:1,5:8,7:6,8:4}]
k4_certs_4_pure.json.gz#164 FAIL_glob_r,lamU n=4 m=9 vals=[{0:4,4:2,6:3,7:8},{1:7,4:10,6:6,8:2},{2:3,5:4,7:8,8:2},{3:4,5:5,7:8,8:6}]
k4_certs_4_pure.json.gz#163 keys_distinct_g n=4 m=9 vals=[{0:6,4:10,6:3,8:2},{1:2,4:10,6:7,8:4},{2:6,5:8,7:1,8:4},{3:2,5:8,7:4,8:5}]
k4_certs_4_pure.json.gz#163 keys_distinct_g n=4 m=9 vals=[{0:7,4:10,6:2,8:4},{1:1,4:8,6:4,8:6},{2:3,5:6,7:10,8:8},{3:2,5:7,7:10,8:6}]
k4_certs_4_pure.json.gz#163 FAIL_glob_r,lamU n=4 m=9 vals=[{0:3,4:2,6:6,8:10},{1:6,4:3,6:5,8:7},{2:5,5:6,7:4,8:8},{3:2,5:4,7:5,8:8}]
k4_certs_4_pure.json.gz#165 keys_distinct_g n=4 m=9 vals=[{0:6,4:10,6:2,8:3},{1:4,4:10,7:3,8:8},{2:2,5:8,6:4,8:3},{3:7,5:10,7:2,8:4}]
k4_certs_4_pure.json.gz#165 amax_ndx2 n=4 m=9 vals=[{0:6,4:10,6:2,8:7},{1:6,4:5,7:3,8:7},{2:6,5:3,6:2,8:10},{3:2,5:6,7:10,8:3}]
k4_certs_4_pure.json.gz#165 FAIL_glob_r,lamU n=4 m=9 vals=[{0:7,4:2,6:4,8:10},{1:4,4:2,7:3,8:8},{2:3,5:2,6:8,8:4},{3:6,5:3,7:4,8:8}]
k4_certs_4_pure.json.gz#165 FAIL_glob_r,lamU n=4 m=9 vals=[{0:3,4:2,6:6,8:10},{1:8,4:4,7:2,8:3},{2:3,5:6,6:2,8:10},{3:6,5:5,7:3,8:7}]
k4_certs_4_pure.json.gz#165 amax_ndx2 n=4 m=9 vals=[{0:2,4:10,6:7,8:4},{1:6,4:3,7:5,8:7},{2:3,5:6,6:2,8:10},{3:5,5:2,7:8,8:4}]
k4_certs_4_pure.json.gz#166 keys_distinct_g n=4 m=9 vals=[{0:6,4:10,6:2,7:7},{1:2,4:8,7:4,8:7},{2:4,5:3,6:2,8:8},{3:5,5:2,7:4,8:8}]
k4_certs_4_pure.json.gz#166 FAIL_glob_r,lamU n=4 m=9 vals=[{0:3,4:5,6:6,7:7},{1:3,4:6,7:10,8:2},{2:8,5:3,6:4,8:6},{3:3,5:4,7:8,8:2}]
k4_certs_4_pure.json.gz#166 keys_distinct_g n=4 m=9 vals=[{0:1,4:6,6:4,7:8},{1:3,4:2,7:8,8:4},{2:7,5:2,6:6,8:10},{3:7,5:2,7:4,8:10}]
k4_certs_4_pure.json.gz#166 FAIL_glob_r,lamU n=4 m=9 vals=[{0:8,4:1,6:4,7:6},{1:4,4:3,7:2,8:8},{2:5,5:6,6:4,8:8},{3:6,5:3,7:2,8:10}]
k4_certs_4_pure.json.gz#167 keys_distinct_g n=4 m=9 vals=[{0:2,3:8,4:4,5:5},{1:2,3:10,7:4,8:7},{2:3,6:2,7:4,8:8},{4:5,5:2,6:4,8:8}]
k4_certs_4_pure.json.gz#167 keys_distinct_g n=4 m=9 vals=[{0:4,3:8,4:2,5:3},{1:4,3:10,7:7,8:2},{2:3,6:4,7:6,8:8},{4:2,5:3,6:4,8:8}]
k4_certs_4_pure.json.gz#168 keys_distinct_g n=4 m=9 vals=[{0:1,3:6,5:8,8:4},{1:3,4:2,5:10,6:6},{2:3,4:4,7:10,8:8},{3:3,6:6,7:10,8:2}]
k4_certs_4_pure.json.gz#168 keys_distinct_g n=4 m=9 vals=[{0:2,3:8,5:3,8:4},{1:3,4:10,5:4,6:8},{2:3,4:10,7:8,8:6},{3:8,6:4,7:5,8:2}]
k4_certs_4_pure.json.gz#169 keys_distinct_g n=4 m=9 vals=[{0:2,3:6,7:3,8:10},{1:4,4:2,5:7,6:10},{2:6,4:3,5:8,8:10},{3:2,6:8,7:4,8:3}]
k4_certs_4_pure.json.gz#169 keys_distinct_g n=4 m=9 vals=[{0:6,3:3,7:4,8:8},{1:2,4:6,5:3,6:10},{2:2,4:3,5:4,8:8},{3:4,6:10,7:8,8:3}]
k4_certs_4_pure.json.gz#169 FAIL_glob_r,lamU n=4 m=9 vals=[{0:3,3:6,7:2,8:10},{1:4,4:3,5:8,6:2},{2:7,4:2,5:4,8:10},{3:6,6:5,7:3,8:7}]
k4_certs_4_pure.json.gz#169 amax_ndx2 n=4 m=9 vals=[{0:4,3:8,7:2,8:5},{1:2,4:3,5:6,6:10},{2:2,4:6,5:3,8:10},{3:5,6:4,7:6,8:8}]
k4_certs_4_pure.json.gz#171 amax_ndx2 n=4 m=9 vals=[{0:3,3:2,5:6,8:10},{1:5,4:6,7:7,8:3},{2:3,6:2,7:8,8:4},{3:2,4:8,5:3,6:4}]
k4_certs_4_pure.json.gz#171 amax_ndx2 n=4 m=9 vals=[{0:2,3:4,5:3,8:8},{1:4,4:2,7:8,8:3},{2:5,6:7,7:6,8:3},{3:3,4:6,5:2,6:10}]
k4_certs_4_pure.json.gz#173 keys_distinct_g n=4 m=9 vals=[{0:3,2:2,3:10,8:6},{1:4,6:8,7:3,8:2},{2:1,3:8,4:6,5:4},{4:7,5:2,6:8,7:4}]
k4_certs_4_pure.json.gz#173 keys_distinct_g n=4 m=9 vals=[{0:6,2:10,3:3,8:2},{1:2,6:3,7:8,8:4},{2:10,3:2,4:4,5:7},{4:6,5:2,6:7,7:10}]
k4_certs_4_pure.json.gz#174 keys_distinct_g n=4 m=9 vals=[{0:3,2:4,4:8,8:2},{1:1,3:6,6:4,7:8},{2:5,3:4,4:8,5:2},{5:2,6:6,7:10,8:3}]
k4_certs_4_pure.json.gz#174 keys_distinct_g n=4 m=9 vals=[{0:6,2:1,4:4,8:8},{1:4,3:8,6:2,7:3},{2:6,3:10,4:8,5:3},{5:2,6:4,7:3,8:8}]
k4_certs_4_pure.json.gz#175 amax_ndx2 n=4 m=9 vals=[{0:3,2:8,6:4,8:2},{1:3,5:8,7:4,8:2},{2:6,3:4,4:5,5:8},{3:10,4:3,6:6,7:2}]
k4_certs_4_pure.json.gz#177 keys_distinct_g n=4 m=10 vals=[{0:6,2:3,4:2,5:10},{1:4,3:3,8:2,9:8},{4:6,5:8,6:4,7:5},{6:4,7:5,8:2,9:8}]
k4_certs_4_pure.json.gz#177 keys_distinct_g n=4 m=10 vals=[{0:3,2:6,4:2,5:10},{1:4,3:3,8:8,9:2},{4:2,5:8,6:5,7:4},{6:5,7:6,8:8,9:4}]
k4_certs_4_pure.json.gz#178 keys_distinct_g n=4 m=10 vals=[{0:5,2:2,4:4,8:8},{1:3,3:2,7:10,9:6},{4:4,5:2,6:7,7:10},{5:2,6:4,8:8,9:5}]
k4_certs_4_pure.json.gz#178 amax_ndx2 n=4 m=10 vals=[{0:3,2:2,4:4,8:8},{1:6,3:2,7:3,9:10},{4:2,5:8,6:3,7:4},{5:5,6:3,8:6,9:7}]
k4_certs_4_pure.json.gz#178 keys_distinct_g n=4 m=10 vals=[{0:2,2:4,4:10,8:7},{1:6,3:3,7:2,9:10},{4:8,5:2,6:4,7:3},{5:3,6:6,8:8,9:10}]
k4_certs_4_pure.json.gz#179 FAIL_glob_r,lamU n=4 m=10 vals=[{0:3,2:6,4:2,9:10},{1:2,3:3,8:6,9:10},{4:7,5:2,6:4,7:8},{5:4,6:8,7:5,8:2}]
k4_certs_4_pure.json.gz#179 FAIL_glob_r,lamU n=4 m=10 vals=[{0:6,2:3,4:2,9:10},{1:4,3:3,8:2,9:8},{4:3,5:2,6:6,7:10},{5:6,6:8,7:10,8:3}]
k4_certs_4_pure.json.gz#179 keys_distinct_g n=4 m=10 vals=[{0:6,2:2,4:10,9:3},{1:3,3:6,8:10,9:2},{4:10,5:4,6:2,7:7},{5:2,6:4,7:5,8:8}]
k4_certs_4_pure.json.gz#179 keys_distinct_g n=4 m=10 vals=[{0:3,2:2,4:8,9:4},{1:2,3:3,8:8,9:4},{4:10,5:6,6:2,7:7},{5:2,6:4,7:5,8:8}]
k4_certs_4_pure.json.gz#183 keys_distinct_g n=4 m=10 vals=[{0:4,2:3,5:8,8:6},{1:4,4:2,7:3,9:8},{3:7,5:10,6:2,9:6},{6:5,7:2,8:4,9:8}]
k4_certs_4_pure.json.gz#183 amax_ndx2 n=4 m=10 vals=[{0:2,2:6,5:3,8:10},{1:3,4:6,7:2,9:10},{3:3,5:6,6:10,9:2},{6:6,7:5,8:7,9:3}]
k4_certs_4_pure.json.gz#183 FAIL_glob_r,lamU n=4 m=10 vals=[{0:8,2:4,5:10,8:3},{1:2,4:4,7:3,9:8},{3:3,5:6,6:8,9:10},{6:2,7:3,8:6,9:10}]
k4_certs_4_pure.json.gz#183 keys_distinct_g n=4 m=10 vals=[{0:3,2:4,5:2,8:8},{1:2,4:4,7:5,9:8},{3:7,5:2,6:6,9:10},{6:4,7:8,8:10,9:3}]
k4_certs_4_pure.json.gz#183 FAIL_glob_r,lamU n=4 m=10 vals=[{0:2,2:7,5:10,8:6},{1:5,4:4,7:6,9:8},{3:3,5:4,6:2,9:8},{6:2,7:4,8:3,9:8}]
k4_certs_4_pure.json.gz#183 amax_ndx2 n=4 m=10 vals=[{0:6,2:3,5:2,8:10},{1:4,4:2,7:8,9:5},{3:3,5:6,6:2,9:10},{6:8,7:10,8:3,9:6}]
k4_certs_4_pure.json.gz#182 keys_distinct_g n=4 m=10 vals=[{0:4,2:2,6:8,8:7},{1:3,4:2,7:4,9:8},{3:3,5:4,8:6,9:8},{6:10,7:8,8:3,9:4}]
k4_certs_4_pure.json.gz#182 keys_distinct_g n=4 m=10 vals=[{0:1,2:6,6:4,8:8},{1:2,4:3,7:4,9:8},{3:1,5:4,8:8,9:6},{6:3,7:8,8:4,9:10}]
k4_certs_4_pure.json.gz#182 FAIL_glob_r,lamU n=4 m=10 vals=[{0:6,2:3,6:2,8:10},{1:6,4:1,7:8,9:4},{3:6,5:3,8:10,9:2},{6:6,7:2,8:10,9:7}]
k4_certs_4_pure.json.gz#182 amax_ndx2 n=4 m=10 vals=[{0:3,2:6,6:8,8:10},{1:2,4:7,7:6,9:10},{3:6,5:3,8:10,9:2},{6:6,7:4,8:8,9:5}]
k4_certs_4_pure.json.gz#182 amax_ndx2 n=4 m=10 vals=[{0:3,2:6,6:10,8:2},{1:2,4:4,7:8,9:3},{3:7,5:2,8:4,9:10},{6:6,7:10,8:8,9:3}]
k4_certs_4_pure.json.gz#181 FAIL_glob_r,lamU n=4 m=10 vals=[{0:4,2:6,6:8,9:5},{1:3,4:6,7:2,9:10},{3:2,5:7,8:4,9:8},{6:2,7:3,8:4,9:8}]
k4_certs_4_pure.json.gz#181 FAIL_glob_r,lamU n=4 m=10 vals=[{0:3,2:4,6:2,9:8},{1:4,4:3,7:2,9:8},{3:4,5:3,8:2,9:8},{6:10,7:3,8:6,9:2}]
k4_certs_4_pure.json.gz#181 keys_distinct_g n=4 m=10 vals=[{0:2,2:4,6:3,9:8},{1:4,4:1,7:6,9:8},{3:4,5:2,8:8,9:7},{6:8,7:4,8:10,9:3}]
k4_certs_4_pure.json.gz#181 keys_distinct_g n=4 m=10 vals=[{0:3,2:6,6:10,9:2},{1:4,4:2,7:7,9:8},{3:5,5:2,8:4,9:8},{6:8,7:7,8:2,9:4}]
k4_certs_4_pure.json.gz#181 amax_ndx2 n=4 m=10 vals=[{0:4,2:3,6:2,9:8},{1:6,4:1,7:8,9:4},{3:6,5:3,8:10,9:8},{6:8,7:3,8:10,9:6}]
k4_certs_4_pure.json.gz#181 key_noncompletable n=4 m=10 vals=[{0:3,2:2,6:4,9:8},{1:6,4:3,7:8,9:10},{3:5,5:4,8:6,9:8},{6:2,7:8,8:5,9:4}]
k4_certs_4_pure.json.gz#181 amax_ndx2 n=4 m=10 vals=[{0:2,2:6,6:10,9:3},{1:3,4:6,7:2,9:10},{3:2,5:6,8:10,9:3},{6:4,7:5,8:8,9:6}]
k4_certs_4_pure.json.gz#181 prof_cert n=4 m=10 vals=[{0:4,2:2,6:8,9:7},{1:3,4:4,7:2,9:8},{3:4,5:3,8:6,9:8},{6:10,7:7,8:2,9:6}]
k4_certs_4_pure.json.gz#181 prof_cert2 n=4 m=10 vals=[{0:4,2:2,6:8,9:7},{1:3,4:4,7:2,9:8},{3:4,5:3,8:6,9:8},{6:10,7:7,8:2,9:6}]
k4_certs_4_pure.json.gz#181 amax_not_cert2 n=4 m=10 vals=[{0:4,2:2,6:8,9:7},{1:3,4:4,7:2,9:8},{3:4,5:3,8:6,9:8},{6:10,7:7,8:2,9:6}]
k4_certs_4_pure.json.gz#181 amax_not_cert2 n=4 m=10 vals=[{0:4,2:2,6:8,9:7},{1:3,4:4,7:2,9:8},{3:4,5:3,8:6,9:8},{6:10,7:7,8:2,9:6}]
k4_certs_4_pure.json.gz#180 amax_ndx2 n=4 m=10 vals=[{0:1,2:6,6:8,7:4},{1:4,4:1,8:8,9:6},{3:2,5:4,8:8,9:3},{6:5,7:4,8:8,9:6}]
k4_certs_4_pure.json.gz#180 amax_ndx2 n=4 m=10 vals=[{0:6,2:1,6:4,7:8},{1:6,4:3,8:2,9:10},{3:2,5:6,8:7,9:10},{6:8,7:3,8:4,9:10}]
k4_certs_4_pure.json.gz#180 keys_distinct_g n=4 m=10 vals=[{0:6,2:3,6:2,7:10},{1:6,4:1,8:4,9:8},{3:3,5:2,8:4,9:8},{6:6,7:7,8:5,9:3}]
k4_certs_4_pure.json.gz#180 FAIL_glob_r,lamU n=4 m=10 vals=[{0:8,2:3,6:6,7:10},{1:6,4:3,8:10,9:2},{3:6,5:3,8:10,9:2},{6:6,7:4,8:8,9:3}]
k4_certs_4_pure.json.gz#180 keys_distinct_g n=4 m=10 vals=[{0:2,2:6,6:10,7:3},{1:3,4:4,8:8,9:2},{3:2,5:7,8:10,9:6},{6:8,7:6,8:1,9:4}]
k4_certs_4_pure.json.gz#180 prof_cert n=4 m=10 vals=[{0:4,2:2,6:7,7:10},{1:3,4:4,8:8,9:10},{3:2,5:4,8:8,9:7},{6:3,7:8,8:6,9:10}]
k4_certs_4_pure.json.gz#180 prof_cert2 n=4 m=10 vals=[{0:4,2:2,6:7,7:10},{1:3,4:4,8:8,9:10},{3:2,5:4,8:8,9:7},{6:3,7:8,8:6,9:10}]
k4_certs_4_pure.json.gz#180 amax_not_cert2 n=4 m=10 vals=[{0:4,2:2,6:7,7:10},{1:3,4:4,8:8,9:10},{3:2,5:4,8:8,9:7},{6:3,7:8,8:6,9:10}]
k4_certs_4_pure.json.gz#180 amax_not_cert2 n=4 m=10 vals=[{0:4,2:2,6:7,7:10},{1:3,4:4,8:8,9:10},{3:2,5:4,8:8,9:7},{6:3,7:8,8:6,9:10}]
k4_certs_4_pure.json.gz#180 prof_cert n=4 m=10 vals=[{0:4,2:3,6:6,7:8},{1:2,4:7,8:10,9:4},{3:4,5:2,8:7,9:8},{6:6,7:8,8:3,9:10}]
k4_certs_4_pure.json.gz#180 prof_cert2 n=4 m=10 vals=[{0:4,2:3,6:6,7:8},{1:2,4:7,8:10,9:4},{3:4,5:2,8:7,9:8},{6:6,7:8,8:3,9:10}]
k4_certs_4_pure.json.gz#184 amax_ndx2 n=4 m=10 vals=[{0:3,2:6,5:2,9:10},{1:6,4:2,7:10,8:3},{3:6,5:2,6:7,9:10},{6:4,7:3,8:6,9:8}]
k4_certs_4_pure.json.gz#184 amax_ndx2 n=4 m=10 vals=[{0:4,2:3,5:2,9:8},{1:6,4:1,7:8,8:4},{3:1,5:4,6:6,9:8},{6:3,7:6,8:8,9:10}]
k4_certs_4_pure.json.gz#187 FAIL_glob_r,lamU n=4 m=10 vals=[{0:4,2:2,7:3,9:8},{1:3,4:6,8:2,9:10},{3:8,5:10,6:3,9:6},{5:8,6:4,7:2,8:3}]
k4_certs_4_pure.json.gz#187 FAIL_glob_r,lamU n=4 m=10 vals=[{0:6,2:2,7:3,9:10},{1:1,4:8,8:4,9:6},{3:3,5:6,6:2,9:10},{5:5,6:7,7:3,8:6}]
k4_certs_4_pure.json.gz#187 amax_ndx2 n=4 m=10 vals=[{0:2,2:4,7:8,9:3},{1:3,4:2,8:10,9:6},{3:6,5:4,6:8,9:1},{5:8,6:6,7:3,8:10}]
k4_certs_4_pure.json.gz#187 amax_ndx2 n=4 m=10 vals=[{0:2,2:4,7:8,9:3},{1:4,4:3,8:8,9:2},{3:6,5:4,6:8,9:1},{5:8,6:6,7:3,8:10}]
k4_certs_4_pure.json.gz#187 swap_some_terminal n=4 m=10 vals=[{0:2,2:6,7:3,9:10},{1:3,4:4,8:2,9:8},{3:10,5:4,6:3,9:8},{5:7,6:6,7:3,8:5}]
k4_certs_4_pure.json.gz#187 swap_some_terminal n=4 m=10 vals=[{0:2,2:6,7:3,9:10},{1:3,4:4,8:2,9:8},{3:10,5:4,6:3,9:8},{5:7,6:6,7:3,8:5}]
k4_certs_4_pure.json.gz#187 prof_some_key_every n=4 m=10 vals=[{0:2,2:6,7:3,9:10},{1:3,4:4,8:2,9:8},{3:10,5:4,6:3,9:8},{5:7,6:6,7:3,8:5}]
k4_certs_4_pure.json.gz#187 keys_distinct_g n=4 m=10 vals=[{0:3,2:4,7:2,9:8},{1:2,4:6,8:10,9:3},{3:5,5:2,6:4,9:8},{5:3,6:8,7:6,8:10}]
k4_certs_4_pure.json.gz#187 keys_distinct_g n=4 m=10 vals=[{0:3,2:6,7:10,9:8},{1:3,4:4,8:8,9:10},{3:2,5:3,6:4,9:8},{5:4,6:1,7:8,8:6}]
k4_certs_4_pure.json.gz#185 FAIL_glob_r,lamU n=4 m=10 vals=[{0:2,2:4,5:3,9:8},{1:6,4:4,8:3,9:8},{3:7,5:5,6:6,7:3},{6:2,7:6,8:3,9:10}]
k4_certs_4_pure.json.gz#185 keys_distinct_g n=4 m=10 vals=[{0:4,2:2,5:7,9:8},{1:2,4:4,8:3,9:8},{3:7,5:6,6:10,7:2},{6:8,7:6,8:1,9:4}]
k4_certs_4_pure.json.gz#185 amax_ndx2 n=4 m=10 vals=[{0:6,2:3,5:2,9:10},{1:3,4:6,8:10,9:8},{3:2,5:7,6:10,7:6},{6:5,7:6,8:8,9:4}]
k4_certs_4_pure.json.gz#185 amax_not_cert2 n=4 m=10 vals=[{0:3,2:2,5:6,9:10},{1:4,4:1,8:8,9:6},{3:3,5:4,6:10,7:8},{6:4,7:2,8:8,9:3}]
k4_certs_4_pure.json.gz#185 amax_not_cert2 n=4 m=10 vals=[{0:3,2:2,5:6,9:10},{1:4,4:1,8:8,9:6},{3:3,5:4,6:10,7:8},{6:4,7:2,8:8,9:3}]
k4_certs_4_pure.json.gz#185 FAIL_glob_r,lamU n=4 m=10 vals=[{0:3,2:4,5:2,9:8},{1:3,4:4,8:2,9:8},{3:4,5:3,6:2,7:8},{6:4,7:8,8:5,9:2}]
k4_certs_4_pure.json.gz#185 key_noncompletable n=4 m=10 vals=[{0:3,2:4,5:2,9:8},{1:6,4:3,8:5,9:7},{3:6,5:3,6:5,7:7},{6:3,7:6,8:2,9:10}]
k4_certs_4_pure.json.gz#185 amax_ndx2 n=4 m=10 vals=[{0:2,2:4,5:3,9:8},{1:4,4:3,8:8,9:6},{3:6,5:3,6:10,7:2},{6:8,7:5,8:4,9:6}]
k4_certs_4_pure.json.gz#185 keys_distinct_g n=4 m=10 vals=[{0:4,2:2,5:10,9:7},{1:6,4:2,8:10,9:3},{3:3,5:8,6:4,7:2},{6:4,7:3,8:8,9:6}]
k4_certs_4_pure.json.gz#186 keys_distinct_g n=4 m=10 vals=[{0:6,2:2,7:3,8:10},{1:6,4:2,7:3,9:10},{3:2,5:7,6:4,9:10},{5:6,6:3,8:7,9:5}]
k4_certs_4_pure.json.gz#186 keys_distinct_g n=4 m=10 vals=[{0:2,2:6,7:3,8:10},{1:4,4:2,7:3,9:8},{3:7,5:4,6:2,9:8},{5:2,6:7,8:8,9:4}]
k4_certs_4_pure.json.gz#186 amax_ndx2 n=4 m=10 vals=[{0:2,2:6,7:3,8:10},{1:4,4:2,7:3,9:8},{3:7,5:4,6:2,9:8},{5:2,6:7,8:8,9:4}]
k4_certs_4_pure.json.gz#186 FAIL_glob_r,lamU n=4 m=10 vals=[{0:2,2:3,7:8,8:4},{1:3,4:4,7:8,9:2},{3:2,5:8,6:3,9:4},{5:5,6:8,8:4,9:6}]
k4_certs_4_pure.json.gz#186 FAIL_glob_r,lamU n=4 m=10 vals=[{0:6,2:3,7:10,8:2},{1:2,4:5,7:4,9:8},{3:3,5:6,6:2,9:10},{5:4,6:6,8:3,9:8}]
k4_certs_4_pure.json.gz#188 FAIL_glob_r,lamU n=4 m=10 vals=[{0:4,2:2,8:3,9:8},{1:3,4:2,8:6,9:10},{3:10,5:8,6:3,7:6},{5:6,6:5,7:4,9:8}]
k4_certs_4_pure.json.gz#188 prof_cert n=4 m=10 vals=[{0:3,2:4,8:2,9:8},{1:6,4:3,8:2,9:10},{3:10,5:3,6:2,7:6},{5:3,6:5,7:6,9:7}]
k4_certs_4_pure.json.gz#188 FAIL_glob_r,lamU n=4 m=10 vals=[{0:3,2:4,8:2,9:8},{1:6,4:3,8:2,9:10},{3:10,5:3,6:2,7:6},{5:3,6:5,7:6,9:7}]
k4_certs_4_pure.json.gz#188 prof_cert n=4 m=10 vals=[{0:3,2:6,8:2,9:10},{1:6,4:3,8:2,9:10},{3:6,5:4,6:8,7:5},{5:5,6:8,7:4,9:2}]
k4_certs_4_pure.json.gz#188 keys_distinct_g n=4 m=10 vals=[{0:1,2:6,8:8,9:4},{1:1,4:4,8:8,9:6},{3:2,5:4,6:3,7:8},{5:4,6:1,7:8,9:6}]
k4_certs_4_pure.json.gz#191 keys_distinct_g n=4 m=10 vals=[{0:4,2:3,7:8,8:2},{1:4,5:3,7:6,9:8},{3:6,6:2,8:7,9:10},{4:4,7:8,8:5,9:6}]
k4_certs_4_pure.json.gz#191 amax_ndx2 n=4 m=10 vals=[{0:4,2:3,7:8,8:2},{1:4,5:3,7:6,9:8},{3:6,6:2,8:7,9:10},{4:4,7:8,8:5,9:6}]
k4_certs_4_pure.json.gz#191 keys_distinct_g n=4 m=10 vals=[{0:4,2:2,7:8,8:7},{1:2,5:4,7:8,9:5},{3:2,6:5,8:8,9:4},{4:4,7:2,8:8,9:5}]
k4_certs_4_pure.json.gz#191 amax_ndx2 n=4 m=10 vals=[{0:2,2:7,7:10,8:4},{1:2,5:7,7:4,9:10},{3:2,6:5,8:8,9:4},{4:8,7:10,8:6,9:3}]
k4_certs_4_pure.json.gz#191 amax_not_cert2 n=4 m=10 vals=[{0:2,2:4,7:10,8:7},{1:4,5:2,7:8,9:7},{3:2,6:3,8:6,9:10},{4:5,7:4,8:2,9:8}]
k4_certs_4_pure.json.gz#191 amax_not_cert2 n=4 m=10 vals=[{0:2,2:4,7:10,8:7},{1:4,5:2,7:8,9:7},{3:2,6:3,8:6,9:10},{4:5,7:4,8:2,9:8}]
k4_certs_4_pure.json.gz#191 prof_cert n=4 m=10 vals=[{0:3,2:4,7:6,8:8},{1:4,5:2,7:7,9:10},{3:4,6:2,8:7,9:8},{4:8,7:6,8:10,9:3}]
k4_certs_4_pure.json.gz#191 FAIL_glob_r,lamU n=4 m=10 vals=[{0:3,2:6,7:10,8:2},{1:7,5:4,7:10,9:2},{3:4,6:7,8:10,9:2},{4:3,7:10,8:2,9:6}]
k4_certs_4_pure.json.gz#191 FAIL_glob_r,lamU n=4 m=10 vals=[{0:3,2:6,7:8,8:4},{1:3,5:5,7:6,9:7},{3:4,6:2,8:3,9:8},{4:2,7:3,8:4,9:8}]
k4_certs_4_pure.json.gz#192 keys_distinct_g n=4 m=10 vals=[{0:3,2:4,6:8,7:6},{1:2,5:4,8:8,9:3},{3:6,6:8,8:5,9:4},{4:2,7:6,8:10,9:7}]
k4_certs_4_pure.json.gz#192 keys_distinct_g n=4 m=10 vals=[{0:3,2:2,6:6,7:10},{1:4,5:1,8:8,9:6},{3:2,6:7,8:10,9:6},{4:8,7:10,8:4,9:3}]
k4_certs_4_pure.json.gz#192 amax_ndx2 n=4 m=10 vals=[{0:3,2:2,6:10,7:6},{1:7,5:2,8:6,9:10},{3:5,6:6,8:4,9:8},{4:2,7:6,8:10,9:3}]
k4_certs_4_pure.json.gz#192 amax_ndx2 n=4 m=10 vals=[{0:3,2:2,6:4,7:8},{1:4,5:3,8:8,9:2},{3:7,6:2,8:6,9:10},{4:7,7:8,8:2,9:4}]
k4_certs_4_pure.json.gz#192 prof_cert n=4 m=10 vals=[{0:4,2:8,6:3,7:10},{1:3,5:6,8:2,9:10},{3:3,6:4,8:2,9:8},{4:3,7:10,8:2,9:6}]
k4_certs_4_pure.json.gz#192 amax_nonrobust_not_poolopt n=4 m=10 vals=[{0:4,2:8,6:3,7:10},{1:3,5:6,8:2,9:10},{3:3,6:4,8:2,9:8},{4:3,7:10,8:2,9:6}]
k4_certs_4_pure.json.gz#192 FAIL_glob_r,lamU n=4 m=10 vals=[{0:2,2:3,6:8,7:4},{1:3,5:5,8:7,9:6},{3:3,6:2,8:8,9:4},{4:3,7:6,8:10,9:2}]
k4_certs_4_pure.json.gz#190 amax_ndx2 n=4 m=10 vals=[{0:3,2:6,7:10,9:2},{1:4,5:2,8:3,9:8},{3:2,6:7,8:10,9:6},{4:7,7:8,8:4,9:2}]
k4_certs_4_pure.json.gz#190 keys_distinct_g n=4 m=10 vals=[{0:1,2:6,7:8,9:4},{1:5,5:2,8:8,9:4},{3:2,6:4,8:8,9:3},{4:4,7:10,8:8,9:3}]
k4_certs_4_pure.json.gz#190 keys_distinct_g n=4 m=10 vals=[{0:7,2:2,7:6,9:10},{1:4,5:2,8:10,9:7},{3:6,6:3,8:8,9:10},{4:7,7:4,8:10,9:2}]
k4_certs_4_pure.json.gz#190 FAIL_glob_r,lamU n=4 m=10 vals=[{0:2,2:3,7:6,9:10},{1:4,5:6,8:5,9:8},{3:3,6:6,8:2,9:10},{4:8,7:6,8:10,9:3}]
k4_certs_4_pure.json.gz#190 amax_ndx2 n=4 m=10 vals=[{0:3,2:4,7:8,9:2},{1:7,5:2,8:6,9:10},{3:6,6:3,8:10,9:8},{4:6,7:4,8:3,9:8}]
k4_certs_4_pure.json.gz#190 FAIL_glob_r,lamU n=4 m=10 vals=[{0:5,2:4,7:6,9:8},{1:4,5:3,8:2,9:8},{3:3,6:4,8:8,9:2},{4:3,7:6,8:2,9:10}]
k4_certs_4_pure.json.gz#190 key_noncompletable n=4 m=10 vals=[{0:6,2:5,7:4,9:8},{1:7,5:2,8:6,9:10},{3:3,6:6,8:8,9:10},{4:6,7:1,8:4,9:8}]
k4_certs_4_pure.json.gz#190 key_noncompletable n=4 m=10 vals=[{0:5,2:3,7:6,9:7},{1:6,5:3,8:8,9:10},{3:3,6:2,8:4,9:8},{4:4,7:2,8:8,9:5}]
k4_certs_4_pure.json.gz#190 key_no_t0 n=4 m=10 vals=[{0:5,2:3,7:6,9:7},{1:6,5:3,8:8,9:10},{3:3,6:2,8:4,9:8},{4:4,7:2,8:8,9:5}]
k4_certs_4_pure.json.gz#193 keys_distinct_g n=4 m=10 vals=[{0:2,2:6,6:10,8:7},{1:3,5:6,7:2,9:10},{3:2,6:8,8:4,9:5},{4:6,7:3,8:8,9:10}]
k4_certs_4_pure.json.gz#193 amax_ndx2 n=4 m=10 vals=[{0:2,2:7,6:10,8:4},{1:6,5:2,7:3,9:10},{3:5,6:7,8:3,9:6},{4:4,7:2,8:8,9:3}]
k4_certs_4_pure.json.gz#193 amax_ndx2 n=4 m=10 vals=[{0:2,2:3,6:4,8:8},{1:3,5:6,7:10,9:2},{3:2,6:6,8:7,9:10},{4:3,7:5,8:6,9:7}]
k4_certs_4_pure.json.gz#193 keys_distinct_g n=4 m=10 vals=[{0:1,2:6,6:8,8:4},{1:2,5:3,7:6,9:10},{3:7,6:10,8:2,9:6},{4:3,7:6,8:8,9:10}]
k4_certs_4_pure.json.gz#193 FAIL_glob_r,lamU n=4 m=10 vals=[{0:6,2:3,6:2,8:10},{1:4,5:2,7:5,9:8},{3:6,6:3,8:7,9:5},{4:3,7:6,8:10,9:2}]
k4_certs_4_pure.json.gz#189 FAIL_glob_r,lamU n=4 m=10 vals=[{0:8,2:3,8:4,9:10},{1:2,5:7,8:6,9:10},{3:2,6:4,8:8,9:3},{4:4,7:2,8:3,9:8}]
k4_certs_4_pure.json.gz#189 FAIL_glob_r,lamU n=4 m=10 vals=[{0:2,2:6,8:3,9:10},{1:8,5:3,8:6,9:10},{3:4,6:2,8:8,9:5},{4:6,7:2,8:3,9:10}]
k4_certs_4_pure.json.gz#189 key_noncompletable n=4 m=10 vals=[{0:2,2:3,8:8,9:4},{1:2,5:3,8:8,9:4},{3:6,6:3,8:5,9:7},{4:4,7:6,8:8,9:5}]
k4_certs_4_pure.json.gz#189 key_noncompletable n=4 m=10 vals=[{0:8,2:4,8:10,9:3},{1:3,5:4,8:8,9:6},{3:6,6:3,8:10,9:8},{4:6,7:2,8:10,9:7}]
k4_certs_4_pure.json.gz#189 prof_cert n=4 m=10 vals=[{0:5,2:4,8:2,9:8},{1:6,5:3,8:2,9:10},{3:4,6:6,8:3,9:8},{4:4,7:3,8:2,9:8}]
k4_certs_4_pure.json.gz#194 FAIL_glob_r,lamU n=4 m=10 vals=[{0:4,2:3,6:2,9:8},{1:6,5:2,8:3,9:10},{3:4,6:8,7:2,9:5},{4:4,7:5,8:2,9:8}]
k4_certs_4_pure.json.gz#194 amax_ndx2 n=4 m=10 vals=[{0:2,2:6,6:10,9:3},{1:4,5:3,8:2,9:8},{3:4,6:6,7:5,9:8},{4:4,7:8,8:2,9:5}]
k4_certs_4_pure.json.gz#194 FAIL_glob_r,lamU n=4 m=10 vals=[{0:6,2:3,6:2,9:10},{1:4,5:3,8:2,9:8},{3:6,6:10,7:3,9:8},{4:5,7:6,8:3,9:7}]
k4_certs_4_pure.json.gz#194 amax_ndx2 n=4 m=10 vals=[{0:2,2:4,6:3,9:8},{1:2,5:4,8:8,9:5},{3:6,6:2,7:10,9:3},{4:6,7:7,8:3,9:5}]
k4_certs_4_pure.json.gz#195 keys_distinct_g n=4 m=10 vals=[{0:4,2:3,6:6,9:8},{1:6,5:3,8:10,9:2},{3:2,6:7,7:4,8:8},{4:1,7:4,8:6,9:8}]
k4_certs_4_pure.json.gz#195 FAIL_glob_r,lamU n=4 m=10 vals=[{0:3,2:4,6:2,9:8},{1:2,5:3,8:4,9:8},{3:6,6:8,7:3,8:4},{4:4,7:8,8:2,9:7}]
k4_certs_4_pure.json.gz#195 keys_distinct_g n=4 m=10 vals=[{0:1,2:4,6:6,9:8},{1:7,5:2,8:6,9:10},{3:2,6:6,7:7,8:10},{4:4,7:3,8:8,9:6}]
k4_certs_4_pure.json.gz#195 amax_ndx2 n=4 m=10 vals=[{0:2,2:6,6:3,9:10},{1:3,5:4,8:8,9:2},{3:7,6:2,7:6,8:10},{4:3,7:6,8:7,9:5}]
k4_certs_4_pure.json.gz#195 amax_ndx2 n=4 m=10 vals=[{0:4,2:3,6:8,9:2},{1:3,5:6,8:10,9:2},{3:5,6:6,7:7,8:3},{4:3,7:8,8:4,9:2}]
k4_certs_4_pure.json.gz#195 FAIL_glob_r,lamU n=4 m=10 vals=[{0:3,2:6,6:2,9:10},{1:3,5:6,8:2,9:10},{3:5,6:8,7:4,8:2},{4:8,7:4,8:2,9:7}]
k4_certs_4_pure.json.gz#196 FAIL_glob_r,lamU n=4 m=10 vals=[{0:2,2:4,7:8,8:3},{1:3,5:6,7:10,9:2},{3:8,6:7,8:4,9:2},{4:5,6:6,8:3,9:7}]
k4_certs_4_pure.json.gz#196 FAIL_glob_r,lamU n=4 m=10 vals=[{0:3,2:6,7:10,8:2},{1:6,5:2,7:10,9:3},{3:5,6:6,8:7,9:3},{4:4,6:7,8:8,9:2}]
k4_certs_4_pure.json.gz#196 amax_ndx2 n=4 m=10 vals=[{0:3,2:2,7:4,8:8},{1:3,5:4,7:2,9:8},{3:3,6:6,8:5,9:7},{4:5,6:7,8:6,9:3}]
k4_certs_4_pure.json.gz#196 keys_distinct_g n=4 m=10 vals=[{0:6,2:2,7:10,8:3},{1:2,5:5,7:8,9:4},{3:4,6:8,8:1,9:6},{4:3,6:10,8:6,9:8}]
k4_certs_4_pure.json.gz#196 keys_distinct_g n=4 m=10 vals=[{0:3,2:4,7:2,8:8},{1:2,5:3,7:4,9:8},{3:5,6:4,8:6,9:8},{4:6,6:5,8:8,9:4}]
k4_certs_4_pure.json.gz#196 amax_ndx2 n=4 m=10 vals=[{0:3,2:4,7:2,8:8},{1:2,5:3,7:4,9:8},{3:5,6:4,8:6,9:8},{4:6,6:5,8:8,9:4}]
k4_certs_4_pure.json.gz#199 keys_distinct_g n=4 m=10 vals=[{0:3,2:6,5:2,6:10},{1:2,5:4,6:10,9:7},{3:3,7:8,8:4,9:2},{4:5,7:8,8:2,9:4}]
k4_certs_4_pure.json.gz#199 prof_cert n=4 m=10 vals=[{0:6,2:3,5:10,6:2},{1:3,5:10,6:2,9:6},{3:8,7:6,8:3,9:4},{4:8,7:4,8:5,9:2}]
k4_certs_4_pure.json.gz#199 prof_cert n=4 m=10 vals=[{0:3,2:4,5:2,6:8},{1:3,5:2,6:8,9:4},{3:6,7:8,8:10,9:3},{4:6,7:3,8:10,9:2}]
k4_certs_4_pure.json.gz#197 keys_distinct_g n=4 m=10 vals=[{0:4,2:1,8:8,9:6},{1:2,5:5,8:8,9:4},{3:4,6:8,7:2,9:5},{4:3,6:8,7:4,9:6}]
k4_certs_4_pure.json.gz#197 FAIL_glob_r,lamU n=4 m=10 vals=[{0:4,2:2,8:3,9:8},{1:3,5:5,8:6,9:7},{3:2,6:6,7:3,9:10},{4:4,6:2,7:5,9:8}]
k4_certs_4_pure.json.gz#197 FAIL_glob_r,lamU n=4 m=10 vals=[{0:4,2:3,8:2,9:8},{1:3,5:2,8:4,9:8},{3:6,6:7,7:2,9:10},{4:6,6:2,7:10,9:3}]
k4_certs_4_pure.json.gz#197 keys_distinct_g n=4 m=10 vals=[{0:6,2:2,8:10,9:7},{1:2,5:4,8:8,9:3},{3:2,6:8,7:5,9:4},{4:4,6:10,7:3,9:8}]
k4_certs_4_pure.json.gz#197 prof_cert n=4 m=10 vals=[{0:3,2:6,8:2,9:10},{1:3,5:4,8:2,9:8},{3:5,6:8,7:2,9:4},{4:5,6:6,7:4,9:8}]
k4_certs_4_pure.json.gz#197 key_noncompletable n=4 m=10 vals=[{0:6,2:5,8:4,9:8},{1:3,5:4,8:2,9:8},{3:2,6:6,7:7,9:10},{4:6,6:4,7:5,9:8}]
k4_certs_4_pure.json.gz#198 keys_distinct_g n=4 m=10 vals=[{0:5,2:2,8:4,9:8},{1:5,5:2,8:4,9:8},{3:1,6:8,7:6,8:4},{4:6,6:10,7:2,9:7}]
k4_certs_4_pure.json.gz#198 FAIL_glob_r,lamU n=4 m=10 vals=[{0:6,2:3,8:2,9:10},{1:3,5:2,8:4,9:8},{3:6,6:4,7:8,8:5},{4:4,6:6,7:5,9:8}]
k4_certs_4_pure.json.gz#198 FAIL_glob_r,lamU n=4 m=10 vals=[{0:2,2:6,8:10,9:3},{1:2,5:3,8:8,9:4},{3:3,6:5,7:6,8:7},{4:7,6:6,7:3,9:5}]
k4_certs_4_pure.json.gz#198 keys_distinct_g n=4 m=10 vals=[{0:4,2:2,8:8,9:3},{1:1,5:4,8:8,9:6},{3:2,6:10,7:4,8:7},{4:6,6:10,7:2,9:7}]
k4_certs_4_pure.json.gz#198 key_noncompletable n=4 m=10 vals=[{0:4,2:6,8:8,9:5},{1:2,5:3,8:8,9:4},{3:4,6:3,7:2,8:8},{4:4,6:8,7:6,9:1}]
k4_certs_4_pure.json.gz#201 amax_ndx2 n=4 m=10 vals=[{0:3,2:2,6:4,9:8},{1:2,5:10,6:3,7:6},{3:5,5:6,8:4,9:8},{4:3,7:4,8:8,9:6}]
k4_certs_4_pure.json.gz#201 keys_distinct_g n=4 m=10 vals=[{0:2,2:4,6:7,9:10},{1:2,5:10,6:7,7:4},{3:3,5:10,8:6,9:2},{4:2,7:7,8:6,9:10}]
k4_certs_4_pure.json.gz#201 keys_distinct_g n=4 m=10 vals=[{0:3,2:2,6:4,9:8},{1:7,5:6,6:2,7:10},{3:6,5:4,8:1,9:8},{4:4,7:8,8:3,9:6}]
k4_certs_4_pure.json.gz#201 FAIL_glob_r,lamU n=4 m=10 vals=[{0:2,2:3,6:6,9:10},{1:10,5:4,6:2,7:7},{3:6,5:3,8:2,9:10},{4:3,7:2,8:6,9:10}]
k4_certs_4_pure.json.gz#201 amax_ndx2 n=4 m=10 vals=[{0:3,2:2,6:4,9:8},{1:2,5:3,6:4,7:8},{3:2,5:4,8:8,9:7},{4:6,7:4,8:5,9:8}]
k4_certs_4_pure.json.gz#201 key_noncompletable n=4 m=10 vals=[{0:5,2:6,6:4,9:8},{1:8,5:4,6:3,7:10},{3:3,5:2,8:6,9:10},{4:2,7:3,8:4,9:8}]
k4_certs_4_pure.json.gz#201 FAIL_glob_r,lamU n=4 m=10 vals=[{0:4,2:3,6:2,9:8},{1:4,5:7,6:8,7:2},{3:5,5:6,8:4,9:8},{4:4,7:3,8:2,9:8}]
k4_certs_4_pure.json.gz#200 FAIL_glob_r,lamU n=4 m=10 vals=[{0:3,2:2,6:6,7:10},{1:10,5:8,6:4,9:3},{3:8,5:2,8:3,9:4},{4:3,7:8,8:4,9:2}]
k4_certs_4_pure.json.gz#200 FAIL_glob_r,lamU n=4 m=10 vals=[{0:8,2:2,6:7,7:4},{1:2,5:7,6:4,9:8},{3:4,5:2,8:3,9:8},{4:6,7:3,8:2,9:10}]
k4_certs_4_pure.json.gz#200 keys_distinct_g n=4 m=10 vals=[{0:3,2:4,6:8,7:2},{1:8,5:6,6:10,9:3},{3:2,5:4,8:8,9:5},{4:3,7:2,8:8,9:4}]
k4_certs_4_pure.json.gz#200 amax_ndx2 n=4 m=10 vals=[{0:6,2:2,6:10,7:3},{1:8,5:4,6:3,9:10},{3:6,5:4,8:1,9:8},{4:6,7:2,8:3,9:10}]
k4_certs_4_pure.json.gz#200 keys_distinct_g n=4 m=10 vals=[{0:4,2:3,6:8,7:2},{1:7,5:6,6:10,9:2},{3:2,5:5,8:4,9:8},{4:2,7:3,8:6,9:10}]
k4_certs_4_pure.json.gz#202 FAIL_glob_r,lamU n=4 m=10 vals=[{0:7,2:2,8:4,9:8},{1:8,5:10,6:4,7:3},{3:4,5:3,6:2,9:8},{4:2,7:3,8:4,9:8}]
k4_certs_4_pure.json.gz#202 FAIL_glob_r,lamU n=4 m=10 vals=[{0:3,2:6,8:2,9:10},{1:6,5:10,6:3,7:8},{3:4,5:2,6:3,9:8},{4:6,7:5,8:3,9:7}]
k4_certs_4_pure.json.gz#202 prof_cert n=4 m=10 vals=[{0:4,2:3,8:2,9:8},{1:8,5:4,6:7,7:2},{3:7,5:4,6:2,9:8},{4:3,7:6,8:2,9:10}]
k4_certs_4_pure.json.gz#202 keys_distinct_g n=4 m=10 vals=[{0:3,2:4,8:2,9:8},{1:4,5:8,6:2,7:7},{3:2,5:8,6:4,9:3},{4:4,7:6,8:1,9:8}]
k4_certs_4_pure.json.gz#203 FAIL_glob_r,lamU n=4 m=10 vals=[{0:3,2:6,4:10,5:2},{1:6,4:10,6:2,8:3},{3:4,5:2,7:3,9:8},{6:6,7:8,8:4,9:3}]
k4_certs_4_pure.json.gz#203 FAIL_glob_r,lamU n=4 m=10 vals=[{0:6,2:2,4:3,5:10},{1:5,4:4,6:2,8:8},{3:6,5:10,7:3,9:2},{6:10,7:3,8:2,9:6}]
k4_certs_4_pure.json.gz#204 keys_distinct_g n=4 m=10 vals=[{0:2,2:6,4:10,6:3},{1:3,4:10,6:4,9:8},{3:3,5:2,7:6,8:10},{5:4,7:2,8:10,9:7}]
k4_certs_4_pure.json.gz#205 FAIL_glob_r,lamU n=4 m=10 vals=[{0:3,2:4,4:8,7:2},{1:2,4:10,8:3,9:6},{3:6,5:5,6:7,9:3},{5:7,6:6,7:5,8:3}]
k4_certs_4_pure.json.gz#205 FAIL_glob_r,lamU n=4 m=10 vals=[{0:2,2:3,4:10,7:6},{1:3,4:10,8:2,9:6},{3:7,5:2,6:10,9:4},{5:4,6:8,7:3,8:6}]
k4_certs_4_pure.json.gz#205 keys_distinct_g n=4 m=10 vals=[{0:2,2:6,4:10,7:7},{1:2,4:10,8:6,9:3},{3:4,5:3,6:8,9:2},{5:1,6:8,7:6,8:4}]
k4_certs_4_pure.json.gz#205 keys_distinct_g n=4 m=10 vals=[{0:2,2:5,4:8,7:4},{1:2,4:10,8:6,9:3},{3:2,5:6,6:10,9:3},{5:4,6:8,7:6,8:3}]
k4_certs_4_pure.json.gz#208 FAIL_glob_r,lamU n=4 m=10 vals=[{0:4,4:8,6:3,9:2},{1:3,4:8,7:2,8:4},{2:8,5:10,6:3,8:4},{3:5,5:6,7:7,9:3}]
k4_certs_4_pure.json.gz#208 FAIL_glob_r,lamU n=4 m=10 vals=[{0:3,4:10,6:6,9:2},{1:3,4:8,7:4,8:2},{2:8,5:10,6:4,8:3},{3:6,5:7,7:2,9:10}]
k4_certs_4_pure.json.gz#208 keys_distinct_g n=4 m=10 vals=[{0:3,4:4,6:2,9:8},{1:5,4:2,7:4,8:8},{2:3,5:4,6:2,8:8},{3:2,5:5,7:4,9:8}]
k4_certs_4_pure.json.gz#206 keys_distinct_g n=4 m=10 vals=[{0:4,2:3,5:2,6:8},{1:3,4:6,8:10,9:2},{3:6,7:8,8:10,9:3},{4:7,5:2,6:10,7:6}]
k4_certs_4_pure.json.gz#206 amax_ndx2 n=4 m=10 vals=[{0:3,2:4,5:2,6:8},{1:4,4:8,8:3,9:2},{3:3,7:10,8:2,9:6},{4:5,5:6,6:3,7:7}]
k4_certs_4_pure.json.gz#206 amax_ndx2 n=4 m=10 vals=[{0:2,2:7,5:6,6:10},{1:4,4:8,8:3,9:2},{3:3,7:8,8:4,9:2},{4:3,5:8,6:6,7:10}]
k4_certs_4_pure.json.gz#209 FAIL_glob_r,lamU n=4 m=11 vals=[{0:4,2:3,6:8,8:10},{1:4,4:3,7:2,10:8},{3:3,5:2,9:4,10:8},{6:8,7:4,8:2,9:3}]
k4_certs_4_pure.json.gz#209 FAIL_glob_r,lamU n=4 m=11 vals=[{0:4,2:8,6:3,8:10},{1:4,4:2,7:3,10:8},{3:4,5:3,9:2,10:8},{6:8,7:4,8:5,9:6}]
k4_certs_4_pure.json.gz#209 keys_distinct_g n=4 m=11 vals=[{0:2,2:3,6:6,8:10},{1:2,4:3,7:6,10:10},{3:2,5:4,9:7,10:8},{6:6,7:2,8:10,9:7}]
k4_certs_4_pure.json.gz#209 amax_ndx2 n=4 m=11 vals=[{0:7,2:2,6:10,8:6},{1:3,4:2,7:8,10:4},{3:6,5:2,9:10,10:3},{6:5,7:8,8:4,9:6}]
k4_certs_4_pure.json.gz#209 keys_distinct_g n=4 m=11 vals=[{0:2,2:3,6:10,8:6},{1:2,4:4,7:5,10:8},{3:6,5:2,9:3,10:10},{6:8,7:4,8:6,9:1}]
k4_certs_4_pure.json.gz#212 keys_distinct_g n=4 m=11 vals=[{0:6,2:3,7:10,8:2},{1:3,5:4,7:10,10:8},{3:1,6:6,9:8,10:4},{4:5,8:2,9:8,10:4}]
k4_certs_4_pure.json.gz#212 keys_distinct_g n=4 m=11 vals=[{0:4,2:1,7:8,8:6},{1:4,5:3,7:8,10:6},{3:6,6:2,9:3,10:10},{4:2,8:7,9:6,10:10}]
k4_certs_4_pure.json.gz#212 amax_ndx2 n=4 m=11 vals=[{0:2,2:6,7:3,8:10},{1:6,5:2,7:3,10:10},{3:4,6:3,9:8,10:10},{4:8,8:3,9:4,10:10}]
k4_certs_4_pure.json.gz#212 FAIL_glob_r,lamU n=4 m=11 vals=[{0:3,2:6,7:4,8:8},{1:3,5:4,7:2,10:8},{3:4,6:2,9:3,10:8},{4:7,8:10,9:2,10:4}]
k4_certs_4_pure.json.gz#212 FAIL_glob_r,lamU n=4 m=11 vals=[{0:3,2:4,7:8,8:2},{1:2,5:3,7:8,10:4},{3:4,6:6,9:8,10:3},{4:5,8:7,9:6,10:3}]
k4_certs_4_pure.json.gz#212 amax_ndx2 n=4 m=11 vals=[{0:6,2:3,7:2,8:10},{1:3,5:6,7:2,10:10},{3:4,6:1,9:8,10:6},{4:6,8:3,9:4,10:8}]
k4_certs_4_pure.json.gz#213 keys_distinct_g n=4 m=11 vals=[{0:6,2:3,7:2,8:10},{1:7,5:2,9:10,10:4},{3:2,6:6,9:10,10:3},{4:6,7:2,8:10,10:7}]
k4_certs_4_pure.json.gz#213 prof_cert n=4 m=11 vals=[{0:3,2:7,7:5,8:6},{1:3,5:6,9:10,10:2},{3:3,6:6,9:10,10:2},{4:6,7:8,8:4,10:5}]
k4_certs_4_pure.json.gz#213 FAIL_glob_r,lamU n=4 m=11 vals=[{0:4,2:6,7:8,8:3},{1:2,5:3,9:4,10:8},{3:6,6:2,9:3,10:10},{4:3,7:5,8:6,10:7}]
k4_certs_4_pure.json.gz#213 keys_distinct_g n=4 m=11 vals=[{0:2,2:3,7:4,8:8},{1:7,5:2,9:10,10:6},{3:2,6:7,9:10,10:6},{4:4,7:3,8:8,10:6}]
k4_certs_4_pure.json.gz#213 FAIL_glob_r,lamU n=4 m=11 vals=[{0:7,2:3,7:6,8:5},{1:3,5:8,9:6,10:10},{3:3,6:2,9:6,10:10},{4:6,7:2,8:3,10:10}]
k4_certs_4_pure.json.gz#213 prof_cert n=4 m=11 vals=[{0:4,2:6,7:3,8:8},{1:4,5:3,9:2,10:8},{3:3,6:4,9:2,10:8},{4:6,7:8,8:3,10:4}]
k4_certs_4_pure.json.gz#213 key_noncompletable n=4 m=11 vals=[{0:5,2:6,7:4,8:8},{1:5,5:6,9:4,10:8},{3:3,6:4,9:2,10:8},{4:3,7:4,8:2,10:8}]
k4_certs_4_pure.json.gz#211 FAIL_glob_r,lamU n=4 m=11 vals=[{0:2,2:7,8:4,9:8},{1:4,5:2,8:7,10:8},{3:2,6:4,9:8,10:3},{4:3,7:6,9:10,10:2}]
k4_certs_4_pure.json.gz#211 keys_distinct_g n=4 m=11 vals=[{0:4,2:2,8:8,9:5},{1:3,5:4,8:8,10:6},{3:1,6:6,9:8,10:4},{4:4,7:3,9:8,10:2}]
k4_certs_4_pure.json.gz#211 keys_distinct_g n=4 m=11 vals=[{0:4,2:3,8:8,9:6},{1:2,5:7,8:10,10:6},{3:2,6:4,9:8,10:5},{4:5,7:2,9:8,10:4}]
k4_certs_4_pure.json.gz#211 FAIL_glob_r,lamU n=4 m=11 vals=[{0:3,2:4,8:8,9:10},{1:6,5:2,8:3,10:10},{3:8,6:3,9:4,10:10},{4:3,7:4,9:2,10:8}]
k4_certs_4_pure.json.gz#215 prof_cert n=4 m=11 vals=[{0:10,2:2,6:7,7:6},{1:3,5:4,9:8,10:2},{3:4,6:10,7:7,8:2},{4:3,8:6,9:10,10:2}]
k4_certs_4_pure.json.gz#215 keys_distinct_g n=4 m=11 vals=[{0:3,2:4,6:8,7:2},{1:2,5:3,9:4,10:8},{3:4,6:8,7:1,8:6},{4:4,8:6,9:3,10:8}]
k4_certs_4_pure.json.gz#215 keys_distinct_g n=4 m=11 vals=[{0:6,2:2,6:10,7:3},{1:3,5:2,9:10,10:6},{3:4,6:8,7:2,8:7},{4:4,8:8,9:10,10:3}]
k4_certs_4_pure.json.gz#215 prof_cert n=4 m=11 vals=[{0:4,2:3,6:8,7:2},{1:6,5:2,9:10,10:3},{3:4,6:8,7:2,8:3},{4:10,8:6,9:3,10:8}]
k4_certs_4_pure.json.gz#210 FAIL_glob_r,lamU n=4 m=11 vals=[{0:2,2:3,8:6,10:10},{1:2,5:4,8:3,10:8},{3:6,6:3,9:4,10:8},{4:1,7:6,9:8,10:4}]
k4_certs_4_pure.json.gz#210 keys_distinct_g n=4 m=11 vals=[{0:6,2:3,8:10,10:2},{1:4,5:2,8:8,10:7},{3:1,6:6,9:8,10:4},{4:6,7:2,9:10,10:3}]
k4_certs_4_pure.json.gz#210 keys_distinct_g n=4 m=11 vals=[{0:6,2:2,8:10,10:3},{1:5,5:2,8:8,10:4},{3:4,6:1,9:8,10:6},{4:2,7:6,9:10,10:7}]
k4_certs_4_pure.json.gz#210 FAIL_glob_r,lamU n=4 m=11 vals=[{0:6,2:2,8:3,10:10},{1:3,5:4,8:2,10:8},{3:6,6:1,9:8,10:4},{4:6,7:3,9:4,10:8}]
k4_certs_4_pure.json.gz#210 prof_cert n=4 m=11 vals=[{0:6,2:3,8:2,10:10},{1:3,5:6,8:2,10:10},{3:3,6:2,9:10,10:6},{4:10,7:2,9:6,10:7}]
k4_certs_4_pure.json.gz#210 prof_cert n=4 m=11 vals=[{0:4,2:3,8:2,10:8},{1:4,5:3,8:2,10:8},{3:4,6:6,9:5,10:8},{4:2,7:4,9:8,10:3}]
k4_certs_4_pure.json.gz#216 keys_distinct_g n=4 m=11 vals=[{0:4,2:2,6:8,9:7},{1:2,5:6,8:3,10:10},{3:3,6:10,7:8,8:6},{4:2,7:5,9:4,10:8}]
k4_certs_4_pure.json.gz#216 FAIL_glob_r,lamU n=4 m=11 vals=[{0:3,2:8,6:10,9:6},{1:2,5:4,8:3,10:8},{3:10,6:8,7:4,8:3},{4:4,7:2,9:3,10:8}]
k4_certs_4_pure.json.gz#216 amax_ndx2 n=4 m=11 vals=[{0:2,2:6,6:10,9:3},{1:3,5:2,8:10,10:6},{3:5,6:3,7:7,8:6},{4:3,7:10,9:2,10:6}]
k4_certs_4_pure.json.gz#216 FAIL_glob_r,lamU n=4 m=11 vals=[{0:2,2:4,6:8,9:3},{1:2,5:7,8:4,10:10},{3:4,6:8,7:2,8:3},{4:10,7:7,9:6,10:2}]
k4_certs_4_pure.json.gz#216 keys_distinct_g n=4 m=11 vals=[{0:3,2:4,6:8,9:2},{1:3,5:2,8:4,10:8},{3:4,6:10,7:7,8:2},{4:2,7:7,9:6,10:10}]
k4_certs_4_pure.json.gz#214 FAIL_glob_r,lamU n=4 m=11 vals=[{0:4,2:3,7:2,10:8},{1:2,5:3,8:6,10:10},{3:4,6:3,9:2,10:8},{4:8,7:6,8:4,9:1}]
k4_certs_4_pure.json.gz#214 FAIL_glob_r,lamU n=4 m=11 vals=[{0:3,2:6,7:8,10:10},{1:2,5:3,8:6,10:10},{3:4,6:3,9:2,10:8},{4:8,7:4,8:2,9:5}]
k4_certs_4_pure.json.gz#214 keys_distinct_g n=4 m=11 vals=[{0:2,2:3,7:6,10:10},{1:3,5:4,8:6,10:8},{3:2,6:7,9:10,10:4},{4:3,7:6,8:8,9:10}]
k4_certs_4_pure.json.gz#214 keys_distinct_g n=4 m=11 vals=[{0:3,2:4,7:6,10:8},{1:2,5:6,8:10,10:3},{3:2,6:4,9:7,10:10},{4:1,7:4,8:8,9:6}]
k4_certs_4_pure.json.gz#214 key_noncompletable n=4 m=11 vals=[{0:4,2:3,7:2,10:8},{1:4,5:5,8:6,10:8},{3:3,6:2,9:4,10:8},{4:4,7:8,8:1,9:6}]
k4_certs_4_pure.json.gz#214 tmax_no_freevalid n=4 m=11 vals=[{0:4,2:3,7:2,10:8},{1:4,5:5,8:6,10:8},{3:3,6:2,9:4,10:8},{4:4,7:8,8:1,9:6}]
k4_certs_4_pure.json.gz#214 tmax_no_freevalid n=4 m=11 vals=[{0:4,2:3,7:2,10:8},{1:4,5:5,8:6,10:8},{3:3,6:2,9:4,10:8},{4:4,7:8,8:1,9:6}]
k4_certs_4_pure.json.gz#214 prof_cert n=4 m=11 vals=[{0:3,2:8,7:10,10:4},{1:3,5:6,8:2,10:10},{3:4,6:3,9:2,10:8},{4:4,7:8,8:2,9:3}]
k4_certs_4_pure.json.gz#214 key_noncompletable n=4 m=11 vals=[{0:2,2:3,7:4,10:8},{1:2,5:3,8:4,10:8},{3:6,6:3,9:4,10:8},{4:5,7:2,8:8,9:4}]
k4_certs_4_pure.json.gz#214 prof_cert n=4 m=11 vals=[{0:6,2:3,7:2,10:10},{1:2,5:4,8:3,10:8},{3:4,6:5,9:8,10:6},{4:4,7:3,8:2,9:8}]
k4_certs_4_pure.json.gz#217 FAIL_glob_r,lamU n=4 m=11 vals=[{0:3,2:6,6:2,10:10},{1:2,5:3,9:4,10:8},{3:2,6:7,7:8,8:4},{4:4,7:5,8:8,9:2}]
k4_certs_4_pure.json.gz#217 keys_distinct_g n=4 m=11 vals=[{0:2,2:3,6:8,10:4},{1:3,5:4,9:8,10:2},{3:4,6:8,7:1,8:6},{4:2,7:7,8:4,9:10}]
k4_certs_4_pure.json.gz#217 FAIL_glob_r,lamU n=4 m=11 vals=[{0:4,2:3,6:2,10:8},{1:2,5:4,9:3,10:8},{3:6,6:8,7:1,8:4},{4:2,7:4,8:8,9:3}]
k4_certs_4_pure.json.gz#217 prof_cert n=4 m=11 vals=[{0:4,2:2,6:3,10:8},{1:4,5:3,9:2,10:8},{3:10,6:3,7:6,8:2},{4:8,7:3,8:4,9:2}]
k4_certs_4_pure.json.gz#217 prof_cert n=4 m=11 vals=[{0:2,2:6,6:3,10:10},{1:2,5:4,9:3,10:8},{3:10,6:2,7:7,8:6},{4:8,7:4,8:6,9:3}]
k4_certs_4_pure.json.gz#218 FAIL_glob_r,lamU n=4 m=12 vals=[{0:8,2:4,8:10,10:3},{1:4,5:3,8:2,11:8},{3:6,6:3,9:4,10:8},{4:2,7:3,9:6,11:10}]
k4_certs_4_pure.json.gz#218 FAIL_glob_r,lamU n=4 m=12 vals=[{0:6,2:2,8:3,10:10},{1:5,5:2,8:4,11:8},{3:6,6:3,9:2,10:10},{4:6,7:4,9:5,11:8}]
k4_certs_4_pure.json.gz#218 prof_cert n=4 m=12 vals=[{0:2,2:4,8:8,10:3},{1:6,5:3,8:10,11:2},{3:6,6:4,9:8,10:3},{4:6,7:3,9:10,11:2}]
k4_certs_4_pure.json.gz#218 amax_nonrobust_not_poolopt n=4 m=12 vals=[{0:2,2:4,8:8,10:3},{1:6,5:3,8:10,11:2},{3:6,6:4,9:8,10:3},{4:6,7:3,9:10,11:2}]
k4_certs_4_pure.json.gz#218 keys_distinct_g n=4 m=12 vals=[{0:1,2:4,8:8,10:6},{1:4,5:2,8:8,11:3},{3:2,6:4,9:8,10:5},{4:2,7:6,9:10,11:3}]
k4_certs_4_pure.json.gz#218 prof_cert n=4 m=12 vals=[{0:3,2:2,8:10,10:6},{1:4,5:3,8:8,11:2},{3:4,6:5,9:8,10:2},{4:6,7:5,9:8,11:4}]
k4_certs_4_pure.json.gz#218 amax_nonrobust_not_poolopt n=4 m=12 vals=[{0:3,2:2,8:10,10:6},{1:4,5:3,8:8,11:2},{3:4,6:5,9:8,10:2},{4:6,7:5,9:8,11:4}]
# files: results/k4_certs_4_n4_1.json.gz results/k4_certs_4_n4_2.json.gz results/k4_certs_4_n4_3.json.gz results/k4_certs_4_pure.json.gz  rand=4000 seed=9  cores=1002  time=4.1s
FAIL_glob_r,lamU                     688
FAIL_prof_cert                       102
FAIL_prof_cert2                      49
FAIL_prof_some_key_every             2
FAIL_swap_some_terminal              7
amax                                 246307
amax_cert2                           245741
amax_ndx2                            1917
amax_nonrobust_not_poolopt           5
amax_not_cert2                       566
amax_not_poolopt                     107
amax_r0                              15
amax_r1                              915
f0                                   3389383
f1                                   134975
f1_keys_distinct_g                   5796
f1_keys_share_g                      129179
f1_omega_le0                         381870
f2plus                               101772
glob_-t,r,lamR,-p_every              134975
glob_-t,r,lamR_every                 134975
glob_r,lamU_every                    134287
key_any                              256318
key_no_t0                            2
key_noncompletable                   22
key_rl_every                         253059
key_rl_some                          254367
key_rlp_every                        254179
key_t0_exists                        256338
key_t0_poolopt_exists                254637
keys                                 256340
keys_distinct_g                      0
noncomp_t0_fv1                       23
noncomp_t0_fv2                       81
noncomp_t1                           3817
pot[mt,r,lamR,mp]_every              134975
pot[mt,r,lamR,mp]_some               134975
pot[mt,r,lamR]_every                 134975
pot[mt,r,lamR]_some                  134975
pot[r,mt,lamR,mp]_every              134975
pot[r,mt,lamR,mp]_some               134975
pot[r,mt,lamR]_every                 134975
pot[r,mt,lamR]_some                  134975
prof_cert                            0
prof_cert2                           0
prof_cert2_exists                    134926
prof_cert_exists                     134873
prof_completable                     134975
prof_every_key_t0                    134973
prof_some_key_every                  134973
profiles                             4008000
rl_max_noncomp                       3921
rl_maxima                            466050
swap_all_terminals_good              3742
swap_some_terminal                   0
swap_some_terminal_good              3914
tmax                                 467096
tmax_no_freevalid                    2
tmax_no_freevalid_nonrobust_npo      2
tmax_no_freevalid_notinj             2
tmax_noncomp                         272
tmax_nonrobust_npo                   608
tmax_not_inj                         99
tmax_t1                              2
# failures: {'FAIL_prof_cert': 102, 'FAIL_prof_cert2': 49, 'FAIL_glob_r,lamU': 688, 'FAIL_swap_some_terminal': 7, 'FAIL_prof_some_key_every': 2}
